{
    "Kp": 0.02536997885835095,
    "Ki": 0.012684989429175475,
    "Kd": 8.456659619450318e-05,
    "maxS": 5.0,
    "minS": 3.0,
    "hMax": 0.32346723044397463,
    "preview": 1
}