<?xml version="1.0" encoding="UTF-8"?>
<osm version="0.6" generator="openstreetmap-cgimap 2.1.0 (4001024 spike-06.openstreetmap.org)" copyright="OpenStreetMap and contributors" attribution="http://www.openstreetmap.org/copyright" license="http://opendatacommons.org/licenses/odbl/1-0/">
 <bounds minlat="50.1757850" minlon="8.6550700" maxlat="50.1790420" maxlon="8.6625910"/>
 <node id="25554529" visible="true" version="4" changeset="44474285" timestamp="2016-12-17T16:55:03Z" user="mihof" uid="139202" lat="50.1672063" lon="8.6499670"/>
 <node id="25554530" visible="true" version="3" changeset="14349531" timestamp="2012-12-20T23:18:54Z" user="mueschel" uid="616774" lat="50.1676539" lon="8.6500777"/>
 <node id="25554531" visible="true" version="4" changeset="44474285" timestamp="2016-12-17T16:55:03Z" user="mihof" uid="139202" lat="50.1682994" lon="8.6508368"/>
 <node id="25554532" visible="true" version="4" changeset="44474285" timestamp="2016-12-17T16:55:03Z" user="mihof" uid="139202" lat="50.1687860" lon="8.6511785"/>
 <node id="25554535" visible="true" version="3" changeset="14349531" timestamp="2012-12-20T23:18:54Z" user="mueschel" uid="616774" lat="50.1717908" lon="8.6527921"/>
 <node id="25554548" visible="true" version="4" changeset="14349531" timestamp="2012-12-20T23:18:54Z" user="mueschel" uid="616774" lat="50.1735908" lon="8.6546814"/>
 <node id="25554550" visible="true" version="5" changeset="44478873" timestamp="2016-12-17T21:03:40Z" user="mihof" uid="139202" lat="50.1742273" lon="8.6552711"/>
 <node id="25554551" visible="true" version="4" changeset="44478873" timestamp="2016-12-17T21:03:40Z" user="mihof" uid="139202" lat="50.1747506" lon="8.6557914"/>
 <node id="25554553" visible="true" version="4" changeset="44478873" timestamp="2016-12-17T21:03:40Z" user="mihof" uid="139202" lat="50.1749841" lon="8.6563945"/>
 <node id="25554554" visible="true" version="5" changeset="44478873" timestamp="2016-12-17T21:03:40Z" user="mihof" uid="139202" lat="50.1753144" lon="8.6582288"/>
 <node id="25554556" visible="true" version="4" changeset="14349531" timestamp="2012-12-20T23:18:55Z" user="mueschel" uid="616774" lat="50.1758665" lon="8.6596545"/>
 <node id="25554558" visible="true" version="3" changeset="14349531" timestamp="2012-12-20T23:18:55Z" user="mueschel" uid="616774" lat="50.1764518" lon="8.6608846"/>
 <node id="25554559" visible="true" version="4" changeset="14349531" timestamp="2012-12-20T23:18:55Z" user="mueschel" uid="616774" lat="50.1767582" lon="8.6620023"/>
 <node id="25554560" visible="true" version="4" changeset="73566539" timestamp="2019-08-21T07:25:49Z" user="HoloDuke" uid="75317" lat="50.1766264" lon="8.6645541"/>
 <node id="25554561" visible="true" version="5" changeset="73566539" timestamp="2019-08-21T07:25:49Z" user="HoloDuke" uid="75317" lat="50.1769131" lon="8.6662138"/>
 <node id="25554562" visible="true" version="3" changeset="14349531" timestamp="2012-12-20T23:18:55Z" user="mueschel" uid="616774" lat="50.1775627" lon="8.6677159"/>
 <node id="25554563" visible="true" version="4" changeset="14349531" timestamp="2012-12-20T23:18:55Z" user="mueschel" uid="616774" lat="50.1779243" lon="8.6689915"/>
 <node id="25554564" visible="true" version="4" changeset="73566539" timestamp="2019-08-21T07:25:49Z" user="HoloDuke" uid="75317" lat="50.1778857" lon="8.6709279"/>
 <node id="27405932" visible="true" version="20" changeset="165710279" timestamp="2025-05-02T09:34:11Z" user="VOY4GER" uid="3798823" lat="50.1777878" lon="8.6599435">
  <tag k="addr:city" v="Frankfurt am Main"/>
  <tag k="addr:housenumber" v="55"/>
  <tag k="addr:postcode" v="60437"/>
  <tag k="addr:street" v="Am Burghof"/>
  <tag k="amenity" v="cafe"/>
  <tag k="name" v="Tower Café"/>
  <tag k="opening_hours" v="We-Sa 00:00-20:00; Su,PH 11:00-20:00"/>
 </node>
 <node id="27471026" visible="true" version="7" changeset="37845340" timestamp="2016-03-15T15:03:57Z" user="scg1176" uid="244422" lat="50.1796893" lon="8.6583334"/>
 <node id="27471027" visible="true" version="8" changeset="37845340" timestamp="2016-03-15T15:03:58Z" user="scg1176" uid="244422" lat="50.1787709" lon="8.6593420"/>
 <node id="28929791" visible="true" version="6" changeset="41807626" timestamp="2016-08-30T17:27:20Z" user="Eljot8472" uid="1749482" lat="50.1770556" lon="8.6670060"/>
 <node id="28929792" visible="true" version="5" changeset="1851548" timestamp="2009-07-17T08:42:16Z" user="MichaH" uid="8464" lat="50.1766486" lon="8.6659236"/>
 <node id="28929793" visible="true" version="5" changeset="1851548" timestamp="2009-07-17T08:42:17Z" user="MichaH" uid="8464" lat="50.1764686" lon="8.6645749"/>
 <node id="28929795" visible="true" version="6" changeset="6907733" timestamp="2011-01-08T20:10:32Z" user="baeuchle" uid="221387" lat="50.1765663" lon="8.6621518"/>
 <node id="28929796" visible="true" version="6" changeset="8378890" timestamp="2011-06-08T12:04:31Z" user="Lothar Schiborr_1" uid="64197" lat="50.1763935" lon="8.6612086"/>
 <node id="28929798" visible="true" version="5" changeset="115068570" timestamp="2021-12-17T18:56:55Z" user="mueschel" uid="616774" lat="50.1769748" lon="8.6606699"/>
 <node id="28929800" visible="true" version="7" changeset="4057640" timestamp="2010-03-07T06:48:09Z" user="mikafinja" uid="39636" lat="50.1761767" lon="8.6505582"/>
 <node id="28929803" visible="true" version="7" changeset="4057640" timestamp="2010-03-07T06:48:10Z" user="mikafinja" uid="39636" lat="50.1766249" lon="8.6516954"/>
 <node id="28929805" visible="true" version="7" changeset="4057640" timestamp="2010-03-07T06:48:11Z" user="mikafinja" uid="39636" lat="50.1783400" lon="8.6642160"/>
 <node id="28929806" visible="true" version="7" changeset="4057640" timestamp="2010-03-07T06:48:11Z" user="mikafinja" uid="39636" lat="50.1779611" lon="8.6643762"/>
 <node id="29003909" visible="true" version="5" changeset="14349531" timestamp="2012-12-20T23:18:57Z" user="mueschel" uid="616774" lat="50.1766781" lon="8.6614200"/>
 <node id="29003910" visible="true" version="7" changeset="44478873" timestamp="2016-12-17T21:03:40Z" user="mihof" uid="139202" lat="50.1766679" lon="8.6636368"/>
 <node id="29274893" visible="true" version="4" changeset="15877059" timestamp="2013-04-26T20:58:20Z" user="HoloDuke" uid="75317" lat="50.1775764" lon="8.6632702"/>
 <node id="29683547" visible="true" version="3" changeset="6782338" timestamp="2010-12-27T22:08:41Z" user="baeuchle" uid="221387" lat="50.1787184" lon="8.6559495"/>
 <node id="29952554" visible="true" version="4" changeset="8417327" timestamp="2011-06-12T16:56:55Z" user="Lothar Schiborr_1" uid="64197" lat="50.1751521" lon="8.6585565"/>
 <node id="29952555" visible="true" version="3" changeset="8417327" timestamp="2011-06-12T16:56:55Z" user="Lothar Schiborr_1" uid="64197" lat="50.1752462" lon="8.6589245"/>
 <node id="29952556" visible="true" version="3" changeset="1808479" timestamp="2009-07-12T16:46:07Z" user="MichaH" uid="8464" lat="50.1755567" lon="8.6595158"/>
 <node id="29952557" visible="true" version="3" changeset="1808479" timestamp="2009-07-12T16:46:07Z" user="MichaH" uid="8464" lat="50.1758536" lon="8.6601037"/>
 <node id="29952558" visible="true" version="4" changeset="6907733" timestamp="2011-01-08T20:10:31Z" user="baeuchle" uid="221387" lat="50.1761307" lon="8.6606608"/>
 <node id="30014621" visible="true" version="8" changeset="43184522" timestamp="2016-10-26T07:53:08Z" user="Nordpfeil" uid="1337142" lat="50.1781147" lon="8.6579761"/>
 <node id="30014622" visible="true" version="7" changeset="4057640" timestamp="2010-03-07T06:48:11Z" user="mikafinja" uid="39636" lat="50.1783436" lon="8.6589116"/>
 <node id="30014623" visible="true" version="7" changeset="4057640" timestamp="2010-03-07T06:48:11Z" user="mikafinja" uid="39636" lat="50.1786360" lon="8.6610480"/>
 <node id="30014624" visible="true" version="7" changeset="4057640" timestamp="2010-03-07T06:48:11Z" user="mikafinja" uid="39636" lat="50.1788784" lon="8.6623509"/>
 <node id="30014625" visible="true" version="7" changeset="4057640" timestamp="2010-03-07T06:48:10Z" user="mikafinja" uid="39636" lat="50.1780291" lon="8.6566454"/>
 <node id="32234926" visible="true" version="3" changeset="6782338" timestamp="2010-12-27T22:08:45Z" user="baeuchle" uid="221387" lat="50.1720958" lon="8.6527146"/>
 <node id="32234928" visible="true" version="3" changeset="6782338" timestamp="2010-12-27T22:08:26Z" user="baeuchle" uid="221387" lat="50.1727627" lon="8.6534784"/>
 <node id="32234929" visible="true" version="3" changeset="6782338" timestamp="2010-12-27T22:08:23Z" user="baeuchle" uid="221387" lat="50.1736817" lon="8.6544600"/>
 <node id="32234931" visible="true" version="3" changeset="6782338" timestamp="2010-12-27T22:08:31Z" user="baeuchle" uid="221387" lat="50.1742643" lon="8.6550357"/>
 <node id="32234933" visible="true" version="3" changeset="6782338" timestamp="2010-12-27T22:08:34Z" user="baeuchle" uid="221387" lat="50.1746894" lon="8.6553790"/>
 <node id="32234934" visible="true" version="4" changeset="12837009" timestamp="2012-08-23T19:41:31Z" user="HoloDuke" uid="75317" lat="50.1749876" lon="8.6557550"/>
 <node id="32234936" visible="true" version="4" changeset="15877059" timestamp="2013-04-26T20:58:20Z" user="HoloDuke" uid="75317" lat="50.1752327" lon="8.6560990"/>
 <node id="32234938" visible="true" version="4" changeset="117730661" timestamp="2022-02-22T14:44:04Z" user="B0rax" uid="14562691" lat="50.1753336" lon="8.6568801"/>
 <node id="32234939" visible="true" version="3" changeset="117730661" timestamp="2022-02-22T14:44:04Z" user="B0rax" uid="14562691" lat="50.1756255" lon="8.6583413"/>
 <node id="32234941" visible="true" version="4" changeset="117730661" timestamp="2022-02-22T14:44:04Z" user="B0rax" uid="14562691" lat="50.1758301" lon="8.6589460"/>
 <node id="32234943" visible="true" version="3" changeset="115068570" timestamp="2021-12-17T18:56:55Z" user="mueschel" uid="616774" lat="50.1761313" lon="8.6594043"/>
 <node id="32234944" visible="true" version="4" changeset="12837009" timestamp="2012-08-23T19:41:31Z" user="HoloDuke" uid="75317" lat="50.1765735" lon="8.6604065"/>
 <node id="32234946" visible="true" version="8" changeset="115068570" timestamp="2021-12-17T18:56:55Z" user="mueschel" uid="616774" lat="50.1767201" lon="8.6608833"/>
 <node id="32241737" visible="true" version="8" changeset="37845340" timestamp="2016-03-15T15:03:57Z" user="scg1176" uid="244422" lat="50.1798559" lon="8.6586448"/>
 <node id="32622268" visible="true" version="1" changeset="161840" timestamp="2007-07-23T11:46:15Z" user="MichaH" uid="8464" lat="50.1849197" lon="8.6466290"/>
 <node id="32622269" visible="true" version="2" changeset="7919196" timestamp="2011-04-20T19:08:58Z" user="MichaH" uid="8464" lat="50.1844584" lon="8.6476251"/>
 <node id="32622270" visible="true" version="2" changeset="7919196" timestamp="2011-04-20T19:08:56Z" user="MichaH" uid="8464" lat="50.1841301" lon="8.6487295"/>
 <node id="32622271" visible="true" version="2" changeset="7919196" timestamp="2011-04-20T19:09:17Z" user="MichaH" uid="8464" lat="50.1838251" lon="8.6500145"/>
 <node id="32622272" visible="true" version="2" changeset="7919196" timestamp="2011-04-20T19:09:00Z" user="MichaH" uid="8464" lat="50.1836177" lon="8.6507480"/>
 <node id="32622273" visible="true" version="3" changeset="7919196" timestamp="2011-04-20T19:08:50Z" user="MichaH" uid="8464" lat="50.1831100" lon="8.6518667"/>
 <node id="32622274" visible="true" version="1" changeset="161840" timestamp="2007-07-23T11:47:18Z" user="MichaH" uid="8464" lat="50.1825400" lon="8.6530921"/>
 <node id="32622275" visible="true" version="2" changeset="15009203" timestamp="2013-02-12T17:53:15Z" user="HoloDuke" uid="75317" lat="50.1820704" lon="8.6539888"/>
 <node id="32622276" visible="true" version="2" changeset="15009203" timestamp="2013-02-12T17:53:15Z" user="HoloDuke" uid="75317" lat="50.1814601" lon="8.6559232"/>
 <node id="32622277" visible="true" version="3" changeset="4059028" timestamp="2010-03-07T10:15:25Z" user="mikafinja" uid="39636" lat="50.1801570" lon="8.6590804"/>
 <node id="32622278" visible="true" version="2" changeset="37850806" timestamp="2016-03-15T18:06:16Z" user="scg1176" uid="244422" lat="50.1787644" lon="8.6615076"/>
 <node id="32622279" visible="true" version="2" changeset="37850806" timestamp="2016-03-15T18:06:16Z" user="scg1176" uid="244422" lat="50.1789468" lon="8.6623237"/>
 <node id="32622280" visible="true" version="3" changeset="37850806" timestamp="2016-03-15T18:06:16Z" user="scg1176" uid="244422" lat="50.1784429" lon="8.6626576"/>
 <node id="32622281" visible="true" version="5" changeset="37850806" timestamp="2016-03-15T18:06:16Z" user="scg1176" uid="244422" lat="50.1786956" lon="8.6639266"/>
 <node id="32622282" visible="true" version="3" changeset="153469220" timestamp="2024-07-02T17:46:52Z" user="PHerison" uid="28378" lat="50.1784136" lon="8.6644363"/>
 <node id="32622384" visible="true" version="3" changeset="20714441" timestamp="2014-02-22T14:28:09Z" user="mueschel" uid="616774" lat="50.1812468" lon="8.6574660"/>
 <node id="32686946" visible="true" version="4" changeset="14956735" timestamp="2013-02-08T14:38:45Z" user="baeuchle" uid="221387" lat="50.1785872" lon="8.6522598"/>
 <node id="33832876" visible="true" version="9" changeset="43184522" timestamp="2016-10-26T07:53:08Z" user="Nordpfeil" uid="1337142" lat="50.1783789" lon="8.6578235"/>
 <node id="34962666" visible="true" version="3" changeset="4057640" timestamp="2010-03-07T06:48:10Z" user="mikafinja" uid="39636" lat="50.1779443" lon="8.6564552"/>
 <node id="34962667" visible="true" version="3" changeset="4057640" timestamp="2010-03-07T06:48:10Z" user="mikafinja" uid="39636" lat="50.1773012" lon="8.6543011"/>
 <node id="34962668" visible="true" version="3" changeset="4057640" timestamp="2010-03-07T06:48:10Z" user="mikafinja" uid="39636" lat="50.1769132" lon="8.6541037"/>
 <node id="34962669" visible="true" version="3" changeset="4057640" timestamp="2010-03-07T06:48:10Z" user="mikafinja" uid="39636" lat="50.1767337" lon="8.6540429"/>
 <node id="34962670" visible="true" version="3" changeset="4057640" timestamp="2010-03-07T06:48:10Z" user="mikafinja" uid="39636" lat="50.1762640" lon="8.6542368"/>
 <node id="34962671" visible="true" version="3" changeset="4057640" timestamp="2010-03-07T06:48:10Z" user="mikafinja" uid="39636" lat="50.1758332" lon="8.6551676"/>
 <node id="34962672" visible="true" version="3" changeset="4057640" timestamp="2010-03-07T06:48:10Z" user="mikafinja" uid="39636" lat="50.1758498" lon="8.6553274"/>
 <node id="34962673" visible="true" version="3" changeset="4057640" timestamp="2010-03-07T06:48:10Z" user="mikafinja" uid="39636" lat="50.1759380" lon="8.6555542"/>
 <node id="34962674" visible="true" version="3" changeset="4057640" timestamp="2010-03-07T06:48:10Z" user="mikafinja" uid="39636" lat="50.1760638" lon="8.6556683"/>
 <node id="34962675" visible="true" version="3" changeset="4057640" timestamp="2010-03-07T06:48:10Z" user="mikafinja" uid="39636" lat="50.1763834" lon="8.6555015"/>
 <node id="34962676" visible="true" version="3" changeset="4057640" timestamp="2010-03-07T06:48:10Z" user="mikafinja" uid="39636" lat="50.1764876" lon="8.6559988"/>
 <node id="34962677" visible="true" version="3" changeset="4057640" timestamp="2010-03-07T06:48:10Z" user="mikafinja" uid="39636" lat="50.1766065" lon="8.6565500"/>
 <node id="34962678" visible="true" version="3" changeset="4057640" timestamp="2010-03-07T06:48:10Z" user="mikafinja" uid="39636" lat="50.1768909" lon="8.6571268"/>
 <node id="34962679" visible="true" version="3" changeset="4057640" timestamp="2010-03-07T06:48:10Z" user="mikafinja" uid="39636" lat="50.1771666" lon="8.6573053"/>
 <node id="34962680" visible="true" version="3" changeset="4057640" timestamp="2010-03-07T06:48:10Z" user="mikafinja" uid="39636" lat="50.1777649" lon="8.6570469"/>
 <node id="248162324" visible="true" version="3" changeset="6907733" timestamp="2011-01-08T20:10:20Z" user="baeuchle" uid="221387" lat="50.1765103" lon="8.6627233"/>
 <node id="248162325" visible="true" version="3" changeset="6907733" timestamp="2011-01-08T20:10:27Z" user="baeuchle" uid="221387" lat="50.1760722" lon="8.6622342"/>
 <node id="248162326" visible="true" version="4" changeset="6907733" timestamp="2011-01-08T20:10:29Z" user="baeuchle" uid="221387" lat="50.1759616" lon="8.6637976"/>
 <node id="248162327" visible="true" version="4" changeset="6907733" timestamp="2011-01-08T20:10:30Z" user="baeuchle" uid="221387" lat="50.1764343" lon="8.6641874"/>
 <node id="248162328" visible="true" version="4" changeset="14349531" timestamp="2012-12-20T23:18:52Z" user="mueschel" uid="616774" lat="50.1772051" lon="8.6669182"/>
 <node id="248162337" visible="true" version="5" changeset="73566539" timestamp="2019-08-21T07:25:49Z" user="HoloDuke" uid="75317" lat="50.1767928" lon="8.6657537"/>
 <node id="267521465" visible="true" version="2" changeset="161779430" timestamp="2025-01-26T13:07:02Z" user="GudeNDude" uid="22426146" lat="50.1773827" lon="8.6572120"/>
 <node id="267521466" visible="true" version="2" changeset="161779430" timestamp="2025-01-26T13:07:02Z" user="GudeNDude" uid="22426146" lat="50.1768285" lon="8.6556127"/>
 <node id="267521467" visible="true" version="2" changeset="4034617" timestamp="2010-03-04T17:40:03Z" user="mikafinja" uid="39636" lat="50.1767306" lon="8.6557219"/>
 <node id="267521468" visible="true" version="1" changeset="553321" timestamp="2008-05-30T16:09:45Z" user="Computerteddy" uid="7336" lat="50.1766075" lon="8.6557683"/>
 <node id="267521470" visible="true" version="1" changeset="553321" timestamp="2008-05-30T16:09:45Z" user="Computerteddy" uid="7336" lat="50.1765799" lon="8.6560036"/>
 <node id="267521471" visible="true" version="1" changeset="553321" timestamp="2008-05-30T16:09:45Z" user="Computerteddy" uid="7336" lat="50.1765990" lon="8.6562587"/>
 <node id="267521472" visible="true" version="1" changeset="553321" timestamp="2008-05-30T16:09:45Z" user="Computerteddy" uid="7336" lat="50.1766436" lon="8.6565205"/>
 <node id="267521474" visible="true" version="1" changeset="553321" timestamp="2008-05-30T16:09:45Z" user="Computerteddy" uid="7336" lat="50.1767624" lon="8.6565934"/>
 <node id="267521475" visible="true" version="1" changeset="553321" timestamp="2008-05-30T16:09:46Z" user="Computerteddy" uid="7336" lat="50.1768791" lon="8.6566232"/>
 <node id="267521476" visible="true" version="2" changeset="161779430" timestamp="2025-01-26T13:07:02Z" user="GudeNDude" uid="22426146" lat="50.1770136" lon="8.6566712"/>
 <node id="267521477" visible="true" version="2" changeset="161779430" timestamp="2025-01-26T13:07:02Z" user="GudeNDude" uid="22426146" lat="50.1772074" lon="8.6569004"/>
 <node id="267521490" visible="true" version="1" changeset="553321" timestamp="2008-05-30T16:09:47Z" user="Computerteddy" uid="7336" lat="50.1764292" lon="8.6546184"/>
 <node id="267521491" visible="true" version="1" changeset="553321" timestamp="2008-05-30T16:09:47Z" user="Computerteddy" uid="7336" lat="50.1765587" lon="8.6546682"/>
 <node id="267521492" visible="true" version="1" changeset="553321" timestamp="2008-05-30T16:09:47Z" user="Computerteddy" uid="7336" lat="50.1766266" lon="8.6548007"/>
 <node id="267521493" visible="true" version="1" changeset="553321" timestamp="2008-05-30T16:09:47Z" user="Computerteddy" uid="7336" lat="50.1766563" lon="8.6549366"/>
 <node id="267521494" visible="true" version="1" changeset="553321" timestamp="2008-05-30T16:09:48Z" user="Computerteddy" uid="7336" lat="50.1766436" lon="8.6550757"/>
 <node id="267521495" visible="true" version="1" changeset="553321" timestamp="2008-05-30T16:09:48Z" user="Computerteddy" uid="7336" lat="50.1766011" lon="8.6551321"/>
 <node id="267521496" visible="true" version="1" changeset="553321" timestamp="2008-05-30T16:09:48Z" user="Computerteddy" uid="7336" lat="50.1765375" lon="8.6551287"/>
 <node id="267521497" visible="true" version="1" changeset="553321" timestamp="2008-05-30T16:09:48Z" user="Computerteddy" uid="7336" lat="50.1763465" lon="8.6550558"/>
 <node id="267521498" visible="true" version="2" changeset="624903" timestamp="2008-09-13T17:00:53Z" user="schoenauc" uid="41680" lat="50.1761632" lon="8.6548922"/>
 <node id="267521499" visible="true" version="2" changeset="624903" timestamp="2008-09-13T17:00:53Z" user="schoenauc" uid="41680" lat="50.1761607" lon="8.6548323"/>
 <node id="267521500" visible="true" version="2" changeset="624903" timestamp="2008-09-13T17:00:52Z" user="schoenauc" uid="41680" lat="50.1761436" lon="8.6547115"/>
 <node id="267521501" visible="true" version="2" changeset="624903" timestamp="2008-09-13T17:00:52Z" user="schoenauc" uid="41680" lat="50.1761467" lon="8.6546218"/>
 <node id="267521502" visible="true" version="2" changeset="624903" timestamp="2008-09-13T17:00:52Z" user="schoenauc" uid="41680" lat="50.1761220" lon="8.6545495"/>
 <node id="267521503" visible="true" version="1" changeset="553321" timestamp="2008-05-30T16:09:49Z" user="Computerteddy" uid="7336" lat="50.1761576" lon="8.6545555"/>
 <node id="267521504" visible="true" version="1" changeset="553321" timestamp="2008-05-30T16:09:49Z" user="Computerteddy" uid="7336" lat="50.1762213" lon="8.6545555"/>
 <node id="267521505" visible="true" version="1" changeset="553321" timestamp="2008-05-30T16:09:49Z" user="Computerteddy" uid="7336" lat="50.1763592" lon="8.6545919"/>
 <node id="270548231" visible="true" version="4" changeset="6907733" timestamp="2011-01-08T20:10:31Z" user="baeuchle" uid="221387" lat="50.1765078" lon="8.6615727"/>
 <node id="271395560" visible="true" version="3" changeset="8378890" timestamp="2011-06-08T12:04:31Z" user="Lothar Schiborr_1" uid="64197" lat="50.1764096" lon="8.6611910"/>
 <node id="271395561" visible="true" version="5" changeset="115068570" timestamp="2021-12-17T18:56:55Z" user="mueschel" uid="616774" lat="50.1766982" lon="8.6609050"/>
 <node id="283227597" visible="true" version="4" changeset="1851548" timestamp="2009-07-17T08:42:13Z" user="MichaH" uid="8464" lat="50.1764715" lon="8.6642880"/>
 <node id="283227602" visible="true" version="4" changeset="6907733" timestamp="2011-01-08T19:22:16Z" user="baeuchle" uid="221387" lat="50.1759262" lon="8.6637972"/>
 <node id="289004717" visible="true" version="5" changeset="6782338" timestamp="2010-12-27T22:08:22Z" user="baeuchle" uid="221387" lat="50.1792604" lon="8.6615612"/>
 <node id="295710517" visible="true" version="5" changeset="163685790" timestamp="2025-03-16T12:12:43Z" user="VOY4GER" uid="3798823" lat="50.1787505" lon="8.6594173">
  <tag k="barrier" v="bollard"/>
  <tag k="bollard" v="removable"/>
  <tag k="maxwidth:physical" v="2.3"/>
  <tag k="source:maxwidth:physical" v="ARCore"/>
 </node>
 <node id="295710527" visible="true" version="7" changeset="37845340" timestamp="2016-03-15T15:03:58Z" user="scg1176" uid="244422" lat="50.1782348" lon="8.6596411"/>
 <node id="295710528" visible="true" version="7" changeset="32384454" timestamp="2015-07-03T10:45:34Z" user="furban" uid="29819" lat="50.1783370" lon="8.6600434"/>
 <node id="295711193" visible="true" version="7" changeset="15877059" timestamp="2013-04-26T20:58:20Z" user="HoloDuke" uid="75317" lat="50.1780434" lon="8.6603496"/>
 <node id="295711195" visible="true" version="7" changeset="15877059" timestamp="2013-04-26T20:58:20Z" user="HoloDuke" uid="75317" lat="50.1780668" lon="8.6606466"/>
 <node id="295711196" visible="true" version="7" changeset="15877059" timestamp="2013-04-26T20:58:20Z" user="HoloDuke" uid="75317" lat="50.1780899" lon="8.6606330"/>
 <node id="295711197" visible="true" version="7" changeset="15877059" timestamp="2013-04-26T20:58:20Z" user="HoloDuke" uid="75317" lat="50.1781693" lon="8.6608794"/>
 <node id="295711198" visible="true" version="7" changeset="15877059" timestamp="2013-04-26T20:58:20Z" user="HoloDuke" uid="75317" lat="50.1781253" lon="8.6609050"/>
 <node id="295711199" visible="true" version="7" changeset="15877059" timestamp="2013-04-26T20:58:20Z" user="HoloDuke" uid="75317" lat="50.1781919" lon="8.6611814"/>
 <node id="295711200" visible="true" version="7" changeset="15877059" timestamp="2013-04-26T20:58:20Z" user="HoloDuke" uid="75317" lat="50.1780751" lon="8.6612500"/>
 <node id="295711201" visible="true" version="7" changeset="15877059" timestamp="2013-04-26T20:58:20Z" user="HoloDuke" uid="75317" lat="50.1778813" lon="8.6604447"/>
 <node id="295711202" visible="true" version="8" changeset="107179050" timestamp="2021-06-30T04:01:30Z" user="kaltuna" uid="1386271" lat="50.1777398" lon="8.6592035"/>
 <node id="295711218" visible="true" version="7" changeset="107179050" timestamp="2021-06-30T04:01:30Z" user="kaltuna" uid="1386271" lat="50.1779265" lon="8.6600120"/>
 <node id="295711233" visible="true" version="7" changeset="107179050" timestamp="2021-06-30T04:01:30Z" user="kaltuna" uid="1386271" lat="50.1778145" lon="8.6600738"/>
 <node id="295711240" visible="true" version="7" changeset="107179050" timestamp="2021-06-30T04:01:30Z" user="kaltuna" uid="1386271" lat="50.1776311" lon="8.6592635"/>
 <node id="295711241" visible="true" version="4" changeset="43184522" timestamp="2016-10-26T07:53:08Z" user="Nordpfeil" uid="1337142" lat="50.1785065" lon="8.6582803"/>
 <node id="295711257" visible="true" version="4" changeset="43184522" timestamp="2016-10-26T07:53:08Z" user="Nordpfeil" uid="1337142" lat="50.1786378" lon="8.6588719"/>
 <node id="295711271" visible="true" version="4" changeset="43184522" timestamp="2016-10-26T07:53:08Z" user="Nordpfeil" uid="1337142" lat="50.1784236" lon="8.6589972"/>
 <node id="295711272" visible="true" version="4" changeset="43184522" timestamp="2016-10-26T07:53:08Z" user="Nordpfeil" uid="1337142" lat="50.1782921" lon="8.6583908"/>
 <node id="296394106" visible="true" version="3" changeset="15877059" timestamp="2013-04-26T20:58:20Z" user="HoloDuke" uid="75317" lat="50.1751728" lon="8.6559136"/>
 <node id="303255448" visible="true" version="2" changeset="18084161" timestamp="2013-09-28T22:01:45Z" user="user_212553" uid="212553" lat="50.1718819" lon="8.6527040"/>
 <node id="303255449" visible="true" version="3" changeset="18084161" timestamp="2013-09-28T22:01:45Z" user="user_212553" uid="212553" lat="50.1725608" lon="8.6533988"/>
 <node id="303255450" visible="true" version="2" changeset="6907733" timestamp="2011-01-08T20:10:29Z" user="baeuchle" uid="221387" lat="50.1733592" lon="8.6542457"/>
 <node id="303255451" visible="true" version="2" changeset="6907733" timestamp="2011-01-08T20:10:31Z" user="baeuchle" uid="221387" lat="50.1739357" lon="8.6548614"/>
 <node id="303255452" visible="true" version="2" changeset="6907733" timestamp="2011-01-08T20:10:27Z" user="baeuchle" uid="221387" lat="50.1742116" lon="8.6550935"/>
 <node id="303255453" visible="true" version="2" changeset="6907733" timestamp="2011-01-08T20:10:30Z" user="baeuchle" uid="221387" lat="50.1745983" lon="8.6554295"/>
 <node id="303255454" visible="true" version="2" changeset="6907733" timestamp="2011-01-08T20:10:30Z" user="baeuchle" uid="221387" lat="50.1748053" lon="8.6556714"/>
 <node id="303255455" visible="true" version="2" changeset="6907733" timestamp="2011-01-08T20:10:33Z" user="baeuchle" uid="221387" lat="50.1749051" lon="8.6558642"/>
 <node id="303255456" visible="true" version="2" changeset="6907733" timestamp="2011-01-08T20:10:29Z" user="baeuchle" uid="221387" lat="50.1750268" lon="8.6561538"/>
 <node id="303255457" visible="true" version="2" changeset="6907733" timestamp="2011-01-08T20:10:31Z" user="baeuchle" uid="221387" lat="50.1751333" lon="8.6565659"/>
 <node id="303255458" visible="true" version="2" changeset="6907733" timestamp="2011-01-08T20:10:31Z" user="baeuchle" uid="221387" lat="50.1752635" lon="8.6573976"/>
 <node id="303255460" visible="true" version="2" changeset="6907733" timestamp="2011-01-08T20:10:30Z" user="baeuchle" uid="221387" lat="50.1753842" lon="8.6580704"/>
 <node id="303255461" visible="true" version="2" changeset="6907733" timestamp="2011-01-08T20:10:33Z" user="baeuchle" uid="221387" lat="50.1754954" lon="8.6585160"/>
 <node id="303255462" visible="true" version="2" changeset="6907733" timestamp="2011-01-08T20:10:20Z" user="baeuchle" uid="221387" lat="50.1756718" lon="8.6590673"/>
 <node id="303255463" visible="true" version="2" changeset="6907733" timestamp="2011-01-08T20:10:28Z" user="baeuchle" uid="221387" lat="50.1759322" lon="8.6595861"/>
 <node id="303255464" visible="true" version="2" changeset="6907733" timestamp="2011-01-08T20:10:33Z" user="baeuchle" uid="221387" lat="50.1762696" lon="8.6602491"/>
 <node id="303255465" visible="true" version="2" changeset="6907733" timestamp="2011-01-08T20:10:27Z" user="baeuchle" uid="221387" lat="50.1765416" lon="8.6608108"/>
 <node id="303255466" visible="true" version="2" changeset="6907733" timestamp="2011-01-08T20:10:28Z" user="baeuchle" uid="221387" lat="50.1766718" lon="8.6611186"/>
 <node id="303255467" visible="true" version="2" changeset="6907733" timestamp="2011-01-08T20:10:30Z" user="baeuchle" uid="221387" lat="50.1767810" lon="8.6614822"/>
 <node id="303255468" visible="true" version="2" changeset="6907733" timestamp="2011-01-08T20:10:22Z" user="baeuchle" uid="221387" lat="50.1768471" lon="8.6620169"/>
 <node id="303255469" visible="true" version="2" changeset="6907733" timestamp="2011-01-08T20:10:29Z" user="baeuchle" uid="221387" lat="50.1768116" lon="8.6626304"/>
 <node id="303255470" visible="true" version="3" changeset="6907733" timestamp="2011-01-08T20:10:30Z" user="baeuchle" uid="221387" lat="50.1767581" lon="8.6632980"/>
 <node id="303255471" visible="true" version="5" changeset="44478873" timestamp="2016-12-17T21:03:41Z" user="mihof" uid="139202" lat="50.1767569" lon="8.6635981"/>
 <node id="303255472" visible="true" version="4" changeset="44478873" timestamp="2016-12-17T21:03:41Z" user="mihof" uid="139202" lat="50.1765729" lon="8.6634952"/>
 <node id="303255473" visible="true" version="2" changeset="6907733" timestamp="2011-01-08T20:10:30Z" user="baeuchle" uid="221387" lat="50.1766123" lon="8.6629589"/>
 <node id="303255474" visible="true" version="2" changeset="6907733" timestamp="2011-01-08T20:10:30Z" user="baeuchle" uid="221387" lat="50.1766407" lon="8.6624953"/>
 <node id="303255476" visible="true" version="2" changeset="6907733" timestamp="2011-01-08T20:10:30Z" user="baeuchle" uid="221387" lat="50.1766606" lon="8.6620739"/>
 <node id="303255477" visible="true" version="2" changeset="6907733" timestamp="2011-01-08T20:10:31Z" user="baeuchle" uid="221387" lat="50.1766397" lon="8.6616477"/>
 <node id="303255478" visible="true" version="2" changeset="6907733" timestamp="2011-01-08T20:10:33Z" user="baeuchle" uid="221387" lat="50.1764800" lon="8.6611608"/>
 <node id="303255479" visible="true" version="2" changeset="6907733" timestamp="2011-01-08T20:10:25Z" user="baeuchle" uid="221387" lat="50.1763098" lon="8.6607887"/>
 <node id="303255480" visible="true" version="2" changeset="6907733" timestamp="2011-01-08T20:10:31Z" user="baeuchle" uid="221387" lat="50.1761202" lon="8.6604115"/>
 <node id="303255481" visible="true" version="2" changeset="6907733" timestamp="2011-01-08T20:10:21Z" user="baeuchle" uid="221387" lat="50.1759347" lon="8.6600342"/>
 <node id="303255482" visible="true" version="2" changeset="6907733" timestamp="2011-01-08T20:10:27Z" user="baeuchle" uid="221387" lat="50.1757795" lon="8.6597046"/>
 <node id="303255483" visible="true" version="2" changeset="6907733" timestamp="2011-01-08T20:10:30Z" user="baeuchle" uid="221387" lat="50.1755431" lon="8.6592251"/>
 <node id="303255484" visible="true" version="2" changeset="6907733" timestamp="2011-01-08T20:10:21Z" user="baeuchle" uid="221387" lat="50.1753870" lon="8.6588143"/>
 <node id="303255485" visible="true" version="2" changeset="6907733" timestamp="2011-01-08T20:10:29Z" user="baeuchle" uid="221387" lat="50.1752855" lon="8.6584919"/>
 <node id="303255486" visible="true" version="2" changeset="6907733" timestamp="2011-01-08T20:10:29Z" user="baeuchle" uid="221387" lat="50.1751740" lon="8.6579944"/>
 <node id="303255487" visible="true" version="2" changeset="6907733" timestamp="2011-01-08T20:10:31Z" user="baeuchle" uid="221387" lat="50.1750833" lon="8.6575751"/>
 <node id="303255488" visible="true" version="2" changeset="6907733" timestamp="2011-01-08T20:10:25Z" user="baeuchle" uid="221387" lat="50.1750254" lon="8.6571984"/>
 <node id="303255489" visible="true" version="2" changeset="6907733" timestamp="2011-01-08T20:10:30Z" user="baeuchle" uid="221387" lat="50.1749461" lon="8.6567470"/>
 <node id="303255490" visible="true" version="2" changeset="6907733" timestamp="2011-01-08T20:10:30Z" user="baeuchle" uid="221387" lat="50.1748624" lon="8.6564052"/>
 <node id="303255491" visible="true" version="2" changeset="6907733" timestamp="2011-01-08T20:10:33Z" user="baeuchle" uid="221387" lat="50.1747413" lon="8.6560562"/>
 <node id="303255492" visible="true" version="2" changeset="6907733" timestamp="2011-01-08T20:10:29Z" user="baeuchle" uid="221387" lat="50.1746152" lon="8.6558146"/>
 <node id="303255493" visible="true" version="2" changeset="6907733" timestamp="2011-01-08T20:10:31Z" user="baeuchle" uid="221387" lat="50.1744329" lon="8.6556227"/>
 <node id="303255494" visible="true" version="2" changeset="6907733" timestamp="2011-01-08T20:10:31Z" user="baeuchle" uid="221387" lat="50.1741493" lon="8.6554519"/>
 <node id="303255495" visible="true" version="2" changeset="6907733" timestamp="2011-01-08T20:10:21Z" user="baeuchle" uid="221387" lat="50.1739414" lon="8.6552278"/>
 <node id="303255496" visible="true" version="2" changeset="6907733" timestamp="2011-01-08T20:10:31Z" user="baeuchle" uid="221387" lat="50.1736581" lon="8.6549334"/>
 <node id="303255497" visible="true" version="2" changeset="6907733" timestamp="2011-01-08T20:10:21Z" user="baeuchle" uid="221387" lat="50.1733623" lon="8.6546532"/>
 <node id="303255498" visible="true" version="2" changeset="6907733" timestamp="2011-01-08T20:10:21Z" user="baeuchle" uid="221387" lat="50.1730269" lon="8.6542936"/>
 <node id="303255499" visible="true" version="2" changeset="6907733" timestamp="2011-01-08T20:10:29Z" user="baeuchle" uid="221387" lat="50.1726403" lon="8.6539103"/>
 <node id="303255500" visible="true" version="2" changeset="6907733" timestamp="2011-01-08T20:10:20Z" user="baeuchle" uid="221387" lat="50.1721640" lon="8.6533867"/>
 <node id="305465956" visible="true" version="3" changeset="6907733" timestamp="2011-01-08T20:10:29Z" user="baeuchle" uid="221387" lat="50.1765438" lon="8.6627212"/>
 <node id="305465958" visible="true" version="3" changeset="6907733" timestamp="2011-01-08T20:10:31Z" user="baeuchle" uid="221387" lat="50.1760723" lon="8.6621778"/>
 <node id="305465959" visible="true" version="3" changeset="6907733" timestamp="2011-01-08T20:10:22Z" user="baeuchle" uid="221387" lat="50.1765021" lon="8.6635202"/>
 <node id="305465960" visible="true" version="2" changeset="6907733" timestamp="2011-01-08T20:10:31Z" user="baeuchle" uid="221387" lat="50.1759563" lon="8.6631061"/>
 <node id="307985219" visible="true" version="4" changeset="37845340" timestamp="2016-03-15T15:03:57Z" user="scg1176" uid="244422" lat="50.1797443" lon="8.6583873"/>
 <node id="307985220" visible="true" version="3" changeset="4057640" timestamp="2010-03-07T06:48:11Z" user="mikafinja" uid="39636" lat="50.1785475" lon="8.6608760">
  <tag k="noexit" v="yes"/>
 </node>
 <node id="307985222" visible="true" version="5" changeset="88655212" timestamp="2020-07-29T06:06:45Z" user="HoloDuke" uid="75317" lat="50.1782576" lon="8.6611107"/>
 <node id="307985225" visible="true" version="2" changeset="32384454" timestamp="2015-07-03T10:45:34Z" user="furban" uid="29819" lat="50.1785165" lon="8.6610757"/>
 <node id="307985235" visible="true" version="1" changeset="595073" timestamp="2008-10-27T13:30:57Z" user="PHerison" uid="28378" lat="50.1765328" lon="8.6652595"/>
 <node id="307985236" visible="true" version="1" changeset="595073" timestamp="2008-10-27T13:30:57Z" user="PHerison" uid="28378" lat="50.1751264" lon="8.6582302"/>
 <node id="309197575" visible="true" version="4" changeset="108424678" timestamp="2021-07-22T11:27:17Z" user="Rob-Dog" uid="12923747" lat="50.1763302" lon="8.6611228">
  <tag k="amenity" v="bench"/>
  <tag k="backrest" v="yes"/>
 </node>
 <node id="310411157" visible="true" version="5" changeset="59157488" timestamp="2018-05-21T17:18:40Z" user="lfemak" uid="6128266" lat="50.1771375" lon="8.6672183"/>
 <node id="313187638" visible="true" version="2" changeset="8417327" timestamp="2011-06-12T16:56:55Z" user="Lothar Schiborr_1" uid="64197" lat="50.1753630" lon="8.6591666"/>
 <node id="364334743" visible="true" version="6" changeset="37845340" timestamp="2016-03-15T15:03:57Z" user="scg1176" uid="244422" lat="50.1795556" lon="8.6583431"/>
 <node id="414502804" visible="true" version="3" changeset="115068570" timestamp="2021-12-17T18:56:55Z" user="mueschel" uid="616774" lat="50.1769129" lon="8.6606901"/>
 <node id="448874432" visible="true" version="2" changeset="6782338" timestamp="2010-12-27T22:08:33Z" user="baeuchle" uid="221387" lat="50.1793051" lon="8.6630148"/>
 <node id="448874434" visible="true" version="1" changeset="1952728" timestamp="2009-07-27T08:56:10Z" user="MichaH" uid="8464" lat="50.1784120" lon="8.6642059"/>
 <node id="448874435" visible="true" version="1" changeset="1952728" timestamp="2009-07-27T08:56:10Z" user="MichaH" uid="8464" lat="50.1779523" lon="8.6644329"/>
 <node id="448874436" visible="true" version="1" changeset="1952728" timestamp="2009-07-27T08:56:10Z" user="MichaH" uid="8464" lat="50.1772956" lon="8.6641106"/>
 <node id="448874437" visible="true" version="1" changeset="1952728" timestamp="2009-07-27T08:56:10Z" user="MichaH" uid="8464" lat="50.1768876" lon="8.6636346"/>
 <node id="448874438" visible="true" version="2" changeset="4057640" timestamp="2010-03-07T06:48:11Z" user="mikafinja" uid="39636" lat="50.1767678" lon="8.6634061"/>
 <node id="472280868" visible="true" version="3" changeset="115068570" timestamp="2021-12-17T18:56:55Z" user="mueschel" uid="616774" lat="50.1777374" lon="8.6604757"/>
 <node id="472280870" visible="true" version="4" changeset="153212322" timestamp="2024-06-26T16:47:22Z" user="Necessarycoot72" uid="10882995" lat="50.1766235" lon="8.6609843">
  <tag k="name" v="Grüngürteltier"/>
  <tag k="name:de" v="Grüngürteltier"/>
  <tag k="source" v="local knowledge"/>
  <tag k="tourism" v="attraction"/>
  <tag k="website" v="https://de.m.wikipedia.org/wiki/Frankfurter_Gr%C3%BCng%C3%BCrteltier"/>
  <tag k="wheelchair" v="yes"/>
  <tag k="wikimedia_commons" v="File:Frankfurter_Gruenguerteltier_DSC_4173.jpg"/>
 </node>
 <node id="476283782" visible="true" version="2" changeset="12837009" timestamp="2012-08-23T19:41:31Z" user="HoloDuke" uid="75317" lat="50.1749368" lon="8.6556866"/>
 <node id="529805826" visible="true" version="3" changeset="14956735" timestamp="2013-02-08T14:38:47Z" user="baeuchle" uid="221387" lat="50.1773066" lon="8.6540675"/>
 <node id="529805827" visible="true" version="3" changeset="14956735" timestamp="2013-02-08T14:38:47Z" user="baeuchle" uid="221387" lat="50.1772762" lon="8.6537523"/>
 <node id="529805835" visible="true" version="2" changeset="6782338" timestamp="2010-12-27T22:08:34Z" user="baeuchle" uid="221387" lat="50.1784392" lon="8.6577388"/>
 <node id="529805837" visible="true" version="3" changeset="37845340" timestamp="2016-03-15T15:03:58Z" user="scg1176" uid="244422" lat="50.1787040" lon="8.6587439"/>
 <node id="529805839" visible="true" version="6" changeset="37845340" timestamp="2016-03-15T15:03:57Z" user="scg1176" uid="244422" lat="50.1794304" lon="8.6584705"/>
 <node id="529805841" visible="true" version="7" changeset="37845340" timestamp="2016-03-15T15:03:58Z" user="scg1176" uid="244422" lat="50.1789425" lon="8.6591784"/>
 <node id="659549995" visible="true" version="3" changeset="17255013" timestamp="2013-08-07T14:57:24Z" user="PHerison" uid="28378" lat="50.1723020" lon="8.6531366"/>
 <node id="661987338" visible="true" version="2" changeset="98110754" timestamp="2021-01-25T10:16:11Z" user="Max--" uid="34555" lat="50.1742284" lon="8.6529308"/>
 <node id="661987342" visible="true" version="1" changeset="4057640" timestamp="2010-03-07T06:48:06Z" user="mikafinja" uid="39636" lat="50.1757693" lon="8.6510993"/>
 <node id="661987346" visible="true" version="1" changeset="4057640" timestamp="2010-03-07T06:48:06Z" user="mikafinja" uid="39636" lat="50.1747471" lon="8.6520565"/>
 <node id="661987347" visible="true" version="1" changeset="4057640" timestamp="2010-03-07T06:48:06Z" user="mikafinja" uid="39636" lat="50.1747853" lon="8.6517876"/>
 <node id="661987348" visible="true" version="2" changeset="98110754" timestamp="2021-01-25T10:16:11Z" user="Max--" uid="34555" lat="50.1752890" lon="8.6544647"/>
 <node id="661987349" visible="true" version="1" changeset="4057640" timestamp="2010-03-07T06:48:06Z" user="mikafinja" uid="39636" lat="50.1760683" lon="8.6543170"/>
 <node id="661987352" visible="true" version="2" changeset="98110754" timestamp="2021-01-25T10:16:11Z" user="Max--" uid="34555" lat="50.1772595" lon="8.6537189"/>
 <node id="661987353" visible="true" version="1" changeset="4057640" timestamp="2010-03-07T06:48:06Z" user="mikafinja" uid="39636" lat="50.1772482" lon="8.6534377"/>
 <node id="661987354" visible="true" version="1" changeset="4057640" timestamp="2010-03-07T06:48:06Z" user="mikafinja" uid="39636" lat="50.1770956" lon="8.6541012"/>
 <node id="661987357" visible="true" version="2" changeset="98110754" timestamp="2021-01-25T10:16:11Z" user="Max--" uid="34555" lat="50.1772876" lon="8.6540966"/>
 <node id="661987358" visible="true" version="2" changeset="98110754" timestamp="2021-01-25T10:16:11Z" user="Max--" uid="34555" lat="50.1772572" lon="8.6538142"/>
 <node id="661987359" visible="true" version="1" changeset="4057640" timestamp="2010-03-07T06:48:06Z" user="mikafinja" uid="39636" lat="50.1750380" lon="8.6556888"/>
 <node id="661987360" visible="true" version="2" changeset="98110754" timestamp="2021-01-25T10:16:11Z" user="Max--" uid="34555" lat="50.1749533" lon="8.6556237"/>
 <node id="661987361" visible="true" version="1" changeset="4057640" timestamp="2010-03-07T06:48:06Z" user="mikafinja" uid="39636" lat="50.1758978" lon="8.6546102"/>
 <node id="661987362" visible="true" version="1" changeset="4057640" timestamp="2010-03-07T06:48:06Z" user="mikafinja" uid="39636" lat="50.1758278" lon="8.6549570"/>
 <node id="661987363" visible="true" version="1" changeset="4057640" timestamp="2010-03-07T06:48:06Z" user="mikafinja" uid="39636" lat="50.1758548" lon="8.6547721"/>
 <node id="661987365" visible="true" version="1" changeset="4057640" timestamp="2010-03-07T06:48:06Z" user="mikafinja" uid="39636" lat="50.1758286" lon="8.6549865"/>
 <node id="661987366" visible="true" version="1" changeset="4057640" timestamp="2010-03-07T06:48:06Z" user="mikafinja" uid="39636" lat="50.1758244" lon="8.6551604"/>
 <node id="661987367" visible="true" version="1" changeset="4057640" timestamp="2010-03-07T06:48:06Z" user="mikafinja" uid="39636" lat="50.1758224" lon="8.6550330"/>
 <node id="661987368" visible="true" version="1" changeset="4057640" timestamp="2010-03-07T06:48:06Z" user="mikafinja" uid="39636" lat="50.1757899" lon="8.6550443"/>
 <node id="661987370" visible="true" version="1" changeset="4057640" timestamp="2010-03-07T06:48:06Z" user="mikafinja" uid="39636" lat="50.1754175" lon="8.6553083"/>
 <node id="661987371" visible="true" version="1" changeset="4057640" timestamp="2010-03-07T06:48:06Z" user="mikafinja" uid="39636" lat="50.1753974" lon="8.6553485"/>
 <node id="661987373" visible="true" version="1" changeset="4057640" timestamp="2010-03-07T06:48:06Z" user="mikafinja" uid="39636" lat="50.1759314" lon="8.6555638"/>
 <node id="661987374" visible="true" version="1" changeset="4057640" timestamp="2010-03-07T06:48:06Z" user="mikafinja" uid="39636" lat="50.1758426" lon="8.6553327"/>
 <node id="661987375" visible="true" version="1" changeset="4057640" timestamp="2010-03-07T06:48:06Z" user="mikafinja" uid="39636" lat="50.1756410" lon="8.6553304"/>
 <node id="661987376" visible="true" version="1" changeset="4057640" timestamp="2010-03-07T06:48:06Z" user="mikafinja" uid="39636" lat="50.1751700" lon="8.6558790"/>
 <node id="661987377" visible="true" version="1" changeset="4057640" timestamp="2010-03-07T06:48:06Z" user="mikafinja" uid="39636" lat="50.1751614" lon="8.6558970"/>
 <node id="661987378" visible="true" version="1" changeset="4057640" timestamp="2010-03-07T06:48:06Z" user="mikafinja" uid="39636" lat="50.1751720" lon="8.6567550"/>
 <node id="661987379" visible="true" version="1" changeset="4057640" timestamp="2010-03-07T06:48:06Z" user="mikafinja" uid="39636" lat="50.1751739" lon="8.6567423"/>
 <node id="661987380" visible="true" version="1" changeset="4057640" timestamp="2010-03-07T06:48:06Z" user="mikafinja" uid="39636" lat="50.1751851" lon="8.6567554"/>
 <node id="661987381" visible="true" version="1" changeset="4057640" timestamp="2010-03-07T06:48:06Z" user="mikafinja" uid="39636" lat="50.1752861" lon="8.6560727"/>
 <node id="661987382" visible="true" version="1" changeset="4057640" timestamp="2010-03-07T06:48:07Z" user="mikafinja" uid="39636" lat="50.1752716" lon="8.6560775"/>
 <node id="661987383" visible="true" version="3" changeset="88655212" timestamp="2020-07-29T06:06:45Z" user="HoloDuke" uid="75317" lat="50.1762272" lon="8.6556241"/>
 <node id="661987385" visible="true" version="2" changeset="4068875" timestamp="2010-03-08T05:40:35Z" user="mikafinja" uid="39636" lat="50.1761574" lon="8.6557429"/>
 <node id="661987386" visible="true" version="2" changeset="4068875" timestamp="2010-03-08T05:40:35Z" user="mikafinja" uid="39636" lat="50.1761370" lon="8.6556473"/>
 <node id="661987387" visible="true" version="1" changeset="4057640" timestamp="2010-03-07T06:48:07Z" user="mikafinja" uid="39636" lat="50.1760646" lon="8.6556811"/>
 <node id="661987389" visible="true" version="2" changeset="4068875" timestamp="2010-03-08T05:40:36Z" user="mikafinja" uid="39636" lat="50.1761900" lon="8.6558829"/>
 <node id="661987390" visible="true" version="1" changeset="4057640" timestamp="2010-03-07T06:48:07Z" user="mikafinja" uid="39636" lat="50.1753809" lon="8.6579537"/>
 <node id="661987391" visible="true" version="1" changeset="4057640" timestamp="2010-03-07T06:48:07Z" user="mikafinja" uid="39636" lat="50.1753941" lon="8.6579499"/>
 <node id="661987392" visible="true" version="1" changeset="4057640" timestamp="2010-03-07T06:48:07Z" user="mikafinja" uid="39636" lat="50.1755365" lon="8.6586228"/>
 <node id="661987393" visible="true" version="1" changeset="4057640" timestamp="2010-03-07T06:48:07Z" user="mikafinja" uid="39636" lat="50.1755479" lon="8.6586204"/>
 <node id="661987394" visible="true" version="1" changeset="4057640" timestamp="2010-03-07T06:48:07Z" user="mikafinja" uid="39636" lat="50.1756856" lon="8.6590688"/>
 <node id="661987395" visible="true" version="1" changeset="4057640" timestamp="2010-03-07T06:48:07Z" user="mikafinja" uid="39636" lat="50.1756934" lon="8.6590677"/>
 <node id="661987396" visible="true" version="1" changeset="4057640" timestamp="2010-03-07T06:48:07Z" user="mikafinja" uid="39636" lat="50.1759018" lon="8.6595078"/>
 <node id="661987397" visible="true" version="1" changeset="4057640" timestamp="2010-03-07T06:48:07Z" user="mikafinja" uid="39636" lat="50.1759092" lon="8.6595070"/>
 <node id="661987400" visible="true" version="1" changeset="4057640" timestamp="2010-03-07T06:48:07Z" user="mikafinja" uid="39636" lat="50.1765562" lon="8.6608192"/>
 <node id="661987401" visible="true" version="1" changeset="4057640" timestamp="2010-03-07T06:48:07Z" user="mikafinja" uid="39636" lat="50.1765620" lon="8.6608150"/>
 <node id="661987402" visible="true" version="2" changeset="115068570" timestamp="2021-12-17T18:56:55Z" user="mueschel" uid="616774" lat="50.1769753" lon="8.6606356"/>
 <node id="661987403" visible="true" version="2" changeset="115068570" timestamp="2021-12-17T18:56:55Z" user="mueschel" uid="616774" lat="50.1772427" lon="8.6605894"/>
 <node id="661987404" visible="true" version="1" changeset="4057640" timestamp="2010-03-07T06:48:07Z" user="mikafinja" uid="39636" lat="50.1772724" lon="8.6606321"/>
 <node id="661987405" visible="true" version="1" changeset="4057640" timestamp="2010-03-07T06:48:07Z" user="mikafinja" uid="39636" lat="50.1767485" lon="8.6613062"/>
 <node id="661987406" visible="true" version="2" changeset="115068570" timestamp="2021-12-17T18:56:55Z" user="mueschel" uid="616774" lat="50.1766102" lon="8.6609470"/>
 <node id="661987407" visible="true" version="2" changeset="115068570" timestamp="2021-12-17T18:56:55Z" user="mueschel" uid="616774" lat="50.1766948" lon="8.6608618"/>
 <node id="661987409" visible="true" version="2" changeset="115068570" timestamp="2021-12-17T18:56:55Z" user="mueschel" uid="616774" lat="50.1769228" lon="8.6606167"/>
 <node id="661987411" visible="true" version="2" changeset="115068570" timestamp="2021-12-17T18:56:55Z" user="mueschel" uid="616774" lat="50.1767595" lon="8.6608767"/>
 <node id="661987412" visible="true" version="1" changeset="4057640" timestamp="2010-03-07T06:48:07Z" user="mikafinja" uid="39636" lat="50.1766520" lon="8.6609921"/>
 <node id="661987414" visible="true" version="1" changeset="4057640" timestamp="2010-03-07T06:48:07Z" user="mikafinja" uid="39636" lat="50.1766351" lon="8.6610066"/>
 <node id="661987415" visible="true" version="1" changeset="4057640" timestamp="2010-03-07T06:48:07Z" user="mikafinja" uid="39636" lat="50.1767521" lon="8.6613035"/>
 <node id="661987417" visible="true" version="2" changeset="115068570" timestamp="2021-12-17T18:56:55Z" user="mueschel" uid="616774" lat="50.1769735" lon="8.6606935"/>
 <node id="661987418" visible="true" version="1" changeset="4057640" timestamp="2010-03-07T06:48:08Z" user="mikafinja" uid="39636" lat="50.1768252" lon="8.6624919"/>
 <node id="661987419" visible="true" version="2" changeset="151782695" timestamp="2024-05-24T17:54:26Z" user="Senihtu" uid="18511019" lat="50.1768490" lon="8.6620155"/>
 <node id="661987420" visible="true" version="1" changeset="4057640" timestamp="2010-03-07T06:48:08Z" user="mikafinja" uid="39636" lat="50.1768394" lon="8.6617505"/>
 <node id="661987421" visible="true" version="1" changeset="4057640" timestamp="2010-03-07T06:48:08Z" user="mikafinja" uid="39636" lat="50.1768455" lon="8.6617492"/>
 <node id="661987422" visible="true" version="1" changeset="4057640" timestamp="2010-03-07T06:48:08Z" user="mikafinja" uid="39636" lat="50.1768525" lon="8.6620986"/>
 <node id="661987423" visible="true" version="1" changeset="4057640" timestamp="2010-03-07T06:48:08Z" user="mikafinja" uid="39636" lat="50.1768315" lon="8.6624943"/>
 <node id="661987424" visible="true" version="5" changeset="88655212" timestamp="2020-07-29T06:06:45Z" user="HoloDuke" uid="75317" lat="50.1779654" lon="8.6598010"/>
 <node id="661987425" visible="true" version="2" changeset="32384454" timestamp="2015-07-03T10:45:34Z" user="furban" uid="29819" lat="50.1781338" lon="8.6596486"/>
 <node id="661987426" visible="true" version="2" changeset="32384454" timestamp="2015-07-03T10:45:34Z" user="furban" uid="29819" lat="50.1781829" lon="8.6597577"/>
 <node id="661987427" visible="true" version="1" changeset="4057640" timestamp="2010-03-07T06:48:08Z" user="mikafinja" uid="39636" lat="50.1784683" lon="8.6594681"/>
 <node id="661987428" visible="true" version="3" changeset="37850864" timestamp="2016-03-15T18:08:36Z" user="scg1176" uid="244422" lat="50.1783158" lon="8.6596769"/>
 <node id="661987429" visible="true" version="3" changeset="115068570" timestamp="2021-12-17T18:56:55Z" user="mueschel" uid="616774" lat="50.1773093" lon="8.6605544"/>
 <node id="661987430" visible="true" version="3" changeset="88655212" timestamp="2020-07-29T06:06:45Z" user="HoloDuke" uid="75317" lat="50.1773290" lon="8.6606062"/>
 <node id="661987433" visible="true" version="4" changeset="88655212" timestamp="2020-07-29T06:06:45Z" user="HoloDuke" uid="75317" lat="50.1780678" lon="8.6602850"/>
 <node id="661987434" visible="true" version="2" changeset="96666717" timestamp="2020-12-30T12:19:59Z" user="rakulle" uid="12258683" lat="50.1784532" lon="8.6599937">
  <tag k="amenity" v="waste_basket"/>
  <tag k="check_date" v="2020-12-30"/>
 </node>
 <node id="661987435" visible="true" version="3" changeset="88655212" timestamp="2020-07-29T06:06:45Z" user="HoloDuke" uid="75317" lat="50.1782982" lon="8.6612976"/>
 <node id="661987436" visible="true" version="1" changeset="4057640" timestamp="2010-03-07T06:48:08Z" user="mikafinja" uid="39636" lat="50.1785105" lon="8.6611202"/>
 <node id="661987437" visible="true" version="3" changeset="37850864" timestamp="2016-03-15T18:08:36Z" user="scg1176" uid="244422" lat="50.1786224" lon="8.6610137"/>
 <node id="661987439" visible="true" version="2" changeset="4068875" timestamp="2010-03-08T05:40:36Z" user="mikafinja" uid="39636" lat="50.1776014" lon="8.6619505"/>
 <node id="661987440" visible="true" version="2" changeset="4068875" timestamp="2010-03-08T05:40:36Z" user="mikafinja" uid="39636" lat="50.1778117" lon="8.6618352"/>
 <node id="661987442" visible="true" version="5" changeset="161780434" timestamp="2025-01-26T13:34:14Z" user="GudeNDude" uid="22426146" lat="50.1777815" lon="8.6616312"/>
 <node id="661987443" visible="true" version="5" changeset="161780434" timestamp="2025-01-26T13:34:14Z" user="GudeNDude" uid="22426146" lat="50.1779665" lon="8.6614300"/>
 <node id="661987444" visible="true" version="2" changeset="6782338" timestamp="2010-12-27T22:08:35Z" user="baeuchle" uid="221387" lat="50.1784013" lon="8.6626315"/>
 <node id="661987445" visible="true" version="1" changeset="4057640" timestamp="2010-03-07T06:48:09Z" user="mikafinja" uid="39636" lat="50.1787083" lon="8.6614152"/>
 <node id="661987446" visible="true" version="1" changeset="4057640" timestamp="2010-03-07T06:48:09Z" user="mikafinja" uid="39636" lat="50.1767729" lon="8.6633542"/>
 <node id="661987447" visible="true" version="1" changeset="4057640" timestamp="2010-03-07T06:48:09Z" user="mikafinja" uid="39636" lat="50.1769091" lon="8.6636102"/>
 <node id="661987448" visible="true" version="1" changeset="4057640" timestamp="2010-03-07T06:48:09Z" user="mikafinja" uid="39636" lat="50.1767931" lon="8.6629029"/>
 <node id="661987449" visible="true" version="1" changeset="4057640" timestamp="2010-03-07T06:48:09Z" user="mikafinja" uid="39636" lat="50.1767983" lon="8.6629065"/>
 <node id="661987450" visible="true" version="1" changeset="4057640" timestamp="2010-03-07T06:48:09Z" user="mikafinja" uid="39636" lat="50.1767785" lon="8.6633505"/>
 <node id="661987451" visible="true" version="1" changeset="4057640" timestamp="2010-03-07T06:48:09Z" user="mikafinja" uid="39636" lat="50.1769119" lon="8.6636026"/>
 <node id="661987452" visible="true" version="1" changeset="4057640" timestamp="2010-03-07T06:48:09Z" user="mikafinja" uid="39636" lat="50.1773092" lon="8.6640614"/>
 <node id="661987453" visible="true" version="1" changeset="4057640" timestamp="2010-03-07T06:48:09Z" user="mikafinja" uid="39636" lat="50.1773117" lon="8.6640539"/>
 <node id="661987454" visible="true" version="2" changeset="6782338" timestamp="2010-12-27T22:08:22Z" user="baeuchle" uid="221387" lat="50.1786690" lon="8.6639092"/>
 <node id="661987455" visible="true" version="1" changeset="4057640" timestamp="2010-03-07T06:48:09Z" user="mikafinja" uid="39636" lat="50.1776231" lon="8.6642350"/>
 <node id="661987456" visible="true" version="1" changeset="4057640" timestamp="2010-03-07T06:48:09Z" user="mikafinja" uid="39636" lat="50.1776236" lon="8.6642126"/>
 <node id="661987457" visible="true" version="1" changeset="4057640" timestamp="2010-03-07T06:48:09Z" user="mikafinja" uid="39636" lat="50.1779637" lon="8.6643549"/>
 <node id="661987458" visible="true" version="1" changeset="4057640" timestamp="2010-03-07T06:48:09Z" user="mikafinja" uid="39636" lat="50.1784150" lon="8.6641786"/>
 <node id="661987459" visible="true" version="1" changeset="4057640" timestamp="2010-03-07T06:48:09Z" user="mikafinja" uid="39636" lat="50.1785119" lon="8.6641517"/>
 <node id="661987460" visible="true" version="1" changeset="4057640" timestamp="2010-03-07T06:48:09Z" user="mikafinja" uid="39636" lat="50.1783393" lon="8.6641952"/>
 <node id="661993183" visible="true" version="6" changeset="37845340" timestamp="2016-03-15T15:03:57Z" user="scg1176" uid="244422" lat="50.1796219" lon="8.6583174"/>
 <node id="661993197" visible="true" version="3" changeset="17316337" timestamp="2013-08-12T12:05:39Z" user="furban" uid="29819" lat="50.1800951" lon="8.6591719"/>
 <node id="661993202" visible="true" version="4" changeset="37850806" timestamp="2016-03-15T18:06:16Z" user="scg1176" uid="244422" lat="50.1801692" lon="8.6593559"/>
 <node id="662306008" visible="true" version="4" changeset="88655212" timestamp="2020-07-29T06:06:45Z" user="HoloDuke" uid="75317" lat="50.1776409" lon="8.6619223"/>
 <node id="662306010" visible="true" version="4" changeset="88655212" timestamp="2020-07-29T06:06:45Z" user="HoloDuke" uid="75317" lat="50.1778131" lon="8.6618252"/>
 <node id="662739862" visible="true" version="2" changeset="6907733" timestamp="2011-01-08T20:10:32Z" user="baeuchle" uid="221387" lat="50.1748321" lon="8.6557550"/>
 <node id="662739863" visible="true" version="3" changeset="88655212" timestamp="2020-07-29T06:06:45Z" user="HoloDuke" uid="75317" lat="50.1761896" lon="8.6556453"/>
 <node id="662739864" visible="true" version="3" changeset="88655212" timestamp="2020-07-29T06:06:45Z" user="HoloDuke" uid="75317" lat="50.1763617" lon="8.6555483"/>
 <node id="662739865" visible="true" version="4" changeset="88655212" timestamp="2020-07-29T06:06:45Z" user="HoloDuke" uid="75317" lat="50.1763709" lon="8.6555882"/>
 <node id="662739867" visible="true" version="2" changeset="88655212" timestamp="2020-07-29T06:06:45Z" user="HoloDuke" uid="75317" lat="50.1776527" lon="8.6619157"/>
 <node id="662739889" visible="true" version="3" changeset="88655212" timestamp="2020-07-29T06:06:45Z" user="HoloDuke" uid="75317" lat="50.1762366" lon="8.6558486"/>
 <node id="662739890" visible="true" version="3" changeset="88655212" timestamp="2020-07-29T06:06:45Z" user="HoloDuke" uid="75317" lat="50.1773311" lon="8.6605823"/>
 <node id="662739891" visible="true" version="3" changeset="115068570" timestamp="2021-12-17T18:56:55Z" user="mueschel" uid="616774" lat="50.1775281" lon="8.6605946"/>
 <node id="662937506" visible="true" version="3" changeset="88655212" timestamp="2020-07-29T06:06:45Z" user="HoloDuke" uid="75317" lat="50.1770328" lon="8.6584505"/>
 <node id="662937653" visible="true" version="4" changeset="161780434" timestamp="2025-01-26T13:34:14Z" user="GudeNDude" uid="22426146" lat="50.1770654" lon="8.6585187"/>
 <node id="662937655" visible="true" version="4" changeset="161780434" timestamp="2025-01-26T13:34:14Z" user="GudeNDude" uid="22426146" lat="50.1772984" lon="8.6583926"/>
 <node id="663828437" visible="true" version="3" changeset="15877059" timestamp="2013-04-26T20:58:24Z" user="HoloDuke" uid="75317" lat="50.1777766" lon="8.6604521"/>
 <node id="663828438" visible="true" version="2" changeset="15935522" timestamp="2013-05-01T16:16:55Z" user="schoenauc" uid="41680" lat="50.1780075" lon="8.6614775"/>
 <node id="685789850" visible="true" version="4" changeset="163685790" timestamp="2025-03-16T12:14:29Z" user="VOY4GER" uid="3798823" lat="50.1780780" lon="8.6601918">
  <tag k="barrier" v="bollard"/>
  <tag k="bollard" v="foldable"/>
  <tag k="maxwidth:physical" v="2.7"/>
  <tag k="source:maxwidth:physical" v="ARCore"/>
 </node>
 <node id="850721847" visible="true" version="2" changeset="20714441" timestamp="2014-02-22T14:28:11Z" user="mueschel" uid="616774" lat="50.1812498" lon="8.6569158"/>
 <node id="922848722" visible="true" version="1" changeset="5855406" timestamp="2010-09-23T16:35:08Z" user="mikes" uid="6270" lat="50.1747450" lon="8.6805064"/>
 <node id="922848793" visible="true" version="1" changeset="5855406" timestamp="2010-09-23T16:35:13Z" user="mikes" uid="6270" lat="50.1709988" lon="8.6873367"/>
 <node id="922848820" visible="true" version="1" changeset="5855406" timestamp="2010-09-23T16:35:14Z" user="mikes" uid="6270" lat="50.1770261" lon="8.6614674"/>
 <node id="922848909" visible="true" version="1" changeset="5855406" timestamp="2010-09-23T16:35:22Z" user="mikes" uid="6270" lat="50.1768964" lon="8.6618908"/>
 <node id="922848966" visible="true" version="2" changeset="134865453" timestamp="2023-04-13T14:30:14Z" user="wambacher" uid="201359" lat="50.1710691" lon="8.6519223"/>
 <node id="922848967" visible="true" version="1" changeset="5855406" timestamp="2010-09-23T16:35:26Z" user="mikes" uid="6270" lat="50.1750272" lon="8.6558482"/>
 <node id="922849097" visible="true" version="1" changeset="5855406" timestamp="2010-09-23T16:35:35Z" user="mikes" uid="6270" lat="50.1748517" lon="8.6818341"/>
 <node id="922849164" visible="true" version="1" changeset="5855406" timestamp="2010-09-23T16:35:40Z" user="mikes" uid="6270" lat="50.1718305" lon="8.6853513"/>
 <node id="922849174" visible="true" version="2" changeset="44478999" timestamp="2016-12-17T21:11:54Z" user="mihof" uid="139202" lat="50.1767760" lon="8.6743124"/>
 <node id="922849179" visible="true" version="1" changeset="5855406" timestamp="2010-09-23T16:35:41Z" user="mikes" uid="6270" lat="50.1760381" lon="8.6756342"/>
 <node id="922849181" visible="true" version="1" changeset="5855406" timestamp="2010-09-23T16:35:41Z" user="mikes" uid="6270" lat="50.1766142" lon="8.6609181"/>
 <node id="922849197" visible="true" version="2" changeset="6782338" timestamp="2010-12-27T22:08:33Z" user="baeuchle" uid="221387" lat="50.1721463" lon="8.6529516"/>
 <node id="922849212" visible="true" version="1" changeset="5855406" timestamp="2010-09-23T16:35:44Z" user="mikes" uid="6270" lat="50.1768240" lon="8.6634348"/>
 <node id="922849216" visible="true" version="1" changeset="5855406" timestamp="2010-09-23T16:35:44Z" user="mikes" uid="6270" lat="50.1769651" lon="8.6661345"/>
 <node id="922849240" visible="true" version="2" changeset="26619548" timestamp="2014-11-07T17:12:03Z" user="MichaH" uid="8464" lat="50.1740321" lon="8.6550041"/>
 <node id="922849265" visible="true" version="1" changeset="5855406" timestamp="2010-09-23T16:35:49Z" user="mikes" uid="6270" lat="50.1752637" lon="8.6570326"/>
 <node id="922849267" visible="true" version="1" changeset="5855406" timestamp="2010-09-23T16:35:49Z" user="mikes" uid="6270" lat="50.1750730" lon="8.6776930"/>
 <node id="922849277" visible="true" version="1" changeset="5855406" timestamp="2010-09-23T16:35:50Z" user="mikes" uid="6270" lat="50.1777929" lon="8.6715906"/>
 <node id="922849278" visible="true" version="1" changeset="5855406" timestamp="2010-09-23T16:35:50Z" user="mikes" uid="6270" lat="50.1732076" lon="8.6541479"/>
 <node id="922849290" visible="true" version="1" changeset="5855406" timestamp="2010-09-23T16:35:51Z" user="mikes" uid="6270" lat="50.1774915" lon="8.6727912"/>
 <node id="922849296" visible="true" version="1" changeset="5855406" timestamp="2010-09-23T16:35:51Z" user="mikes" uid="6270" lat="50.1737455" lon="8.6835470"/>
 <node id="922849325" visible="true" version="1" changeset="5855406" timestamp="2010-09-23T16:35:52Z" user="mikes" uid="6270" lat="50.1759733" lon="8.6598842"/>
 <node id="922849378" visible="true" version="2" changeset="6921674" timestamp="2011-01-09T22:31:13Z" user="baeuchle" uid="221387" lat="50.1779485" lon="8.6689267"/>
 <node id="922849390" visible="true" version="1" changeset="5855406" timestamp="2010-09-23T16:35:56Z" user="mikes" uid="6270" lat="50.1748670" lon="8.6793803"/>
 <node id="922849547" visible="true" version="1" changeset="5855406" timestamp="2010-09-23T16:36:00Z" user="mikes" uid="6270" lat="50.1744093" lon="8.6825472"/>
 <node id="922849624" visible="true" version="1" changeset="5855406" timestamp="2010-09-23T16:36:03Z" user="mikes" uid="6270" lat="50.1729940" lon="8.6845492"/>
 <node id="922849911" visible="true" version="1" changeset="5855406" timestamp="2010-09-23T16:36:11Z" user="mikes" uid="6270" lat="50.1767553" lon="8.6651171"/>
 <node id="922850009" visible="true" version="1" changeset="5855406" timestamp="2010-09-23T16:36:13Z" user="mikes" uid="6270" lat="50.1777013" lon="8.6677264"/>
 <node id="922850189" visible="true" version="1" changeset="5855406" timestamp="2010-09-23T16:36:18Z" user="mikes" uid="6270" lat="50.1756414" lon="8.6584938"/>
 <node id="922850238" visible="true" version="1" changeset="5855406" timestamp="2010-09-23T16:36:20Z" user="mikes" uid="6270" lat="50.1711667" lon="8.6861408"/>
 <node id="922850260" visible="true" version="1" changeset="5855406" timestamp="2010-09-23T16:36:20Z" user="mikes" uid="6270" lat="50.1779531" lon="8.6699750"/>
 <node id="927949486" visible="true" version="3" changeset="32384454" timestamp="2015-07-03T10:45:34Z" user="furban" uid="29819" lat="50.1782651" lon="8.6600825"/>
 <node id="927949488" visible="true" version="5" changeset="37850864" timestamp="2016-03-15T18:08:36Z" user="scg1176" uid="244422" lat="50.1783928" lon="8.6599840"/>
 <node id="945205660" visible="true" version="2" changeset="6782338" timestamp="2010-12-27T22:08:23Z" user="baeuchle" uid="221387" lat="50.1792498" lon="8.6571609"/>
 <node id="1068449464" visible="true" version="1" changeset="6782338" timestamp="2010-12-27T22:07:56Z" user="baeuchle" uid="221387" lat="50.1748468" lon="8.6555747"/>
 <node id="1068449466" visible="true" version="1" changeset="6782338" timestamp="2010-12-27T22:07:56Z" user="baeuchle" uid="221387" lat="50.1787242" lon="8.6639025"/>
 <node id="1068449469" visible="true" version="1" changeset="6782338" timestamp="2010-12-27T22:07:57Z" user="baeuchle" uid="221387" lat="50.1784780" lon="8.6578060"/>
 <node id="1068449470" visible="true" version="1" changeset="6782338" timestamp="2010-12-27T22:07:57Z" user="baeuchle" uid="221387" lat="50.1775385" lon="8.6547797"/>
 <node id="1068449473" visible="true" version="2" changeset="14956735" timestamp="2013-02-08T14:38:40Z" user="baeuchle" uid="221387" lat="50.1773880" lon="8.6535666"/>
 <node id="1068449474" visible="true" version="1" changeset="6782338" timestamp="2010-12-27T22:07:57Z" user="baeuchle" uid="221387" lat="50.1786003" lon="8.6641438"/>
 <node id="1068449488" visible="true" version="1" changeset="6782338" timestamp="2010-12-27T22:07:58Z" user="baeuchle" uid="221387" lat="50.1792540" lon="8.6570898"/>
 <node id="1068449489" visible="true" version="1" changeset="6782338" timestamp="2010-12-27T22:07:58Z" user="baeuchle" uid="221387" lat="50.1789980" lon="8.6554228"/>
 <node id="1068449491" visible="true" version="2" changeset="14956735" timestamp="2013-02-08T14:38:41Z" user="baeuchle" uid="221387" lat="50.1786352" lon="8.6524349"/>
 <node id="1068449493" visible="true" version="3" changeset="18084161" timestamp="2013-09-28T22:01:26Z" user="user_212553" uid="212553" lat="50.1724776" lon="8.6533116"/>
 <node id="1068449498" visible="true" version="1" changeset="6782338" timestamp="2010-12-27T22:07:59Z" user="baeuchle" uid="221387" lat="50.1795641" lon="8.6564545"/>
 <node id="1068449512" visible="true" version="1" changeset="6782338" timestamp="2010-12-27T22:07:59Z" user="baeuchle" uid="221387" lat="50.1781826" lon="8.6568092"/>
 <node id="1068449514" visible="true" version="1" changeset="6782338" timestamp="2010-12-27T22:07:59Z" user="baeuchle" uid="221387" lat="50.1786109" lon="8.6523629"/>
 <node id="1068449526" visible="true" version="1" changeset="6782338" timestamp="2010-12-27T22:08:00Z" user="baeuchle" uid="221387" lat="50.1790944" lon="8.6612114"/>
 <node id="1068449536" visible="true" version="1" changeset="6782338" timestamp="2010-12-27T22:08:01Z" user="baeuchle" uid="221387" lat="50.1782570" lon="8.6571839"/>
 <node id="1068449538" visible="true" version="1" changeset="6782338" timestamp="2010-12-27T22:08:01Z" user="baeuchle" uid="221387" lat="50.1780525" lon="8.6563335"/>
 <node id="1068449539" visible="true" version="1" changeset="6782338" timestamp="2010-12-27T22:08:01Z" user="baeuchle" uid="221387" lat="50.1787065" lon="8.6560412"/>
 <node id="1068449541" visible="true" version="2" changeset="14956735" timestamp="2013-02-08T14:38:41Z" user="baeuchle" uid="221387" lat="50.1786637" lon="8.6530225"/>
 <node id="1068449552" visible="true" version="1" changeset="6782338" timestamp="2010-12-27T22:08:02Z" user="baeuchle" uid="221387" lat="50.1732693" lon="8.6540404"/>
 <node id="1068449555" visible="true" version="1" changeset="6782338" timestamp="2010-12-27T22:08:02Z" user="baeuchle" uid="221387" lat="50.1784599" lon="8.6626812"/>
 <node id="1068449559" visible="true" version="1" changeset="6782338" timestamp="2010-12-27T22:08:02Z" user="baeuchle" uid="221387" lat="50.1787538" lon="8.6587376"/>
 <node id="1068449560" visible="true" version="1" changeset="6782338" timestamp="2010-12-27T22:08:03Z" user="baeuchle" uid="221387" lat="50.1786752" lon="8.6555994"/>
 <node id="1068449563" visible="true" version="2" changeset="14956735" timestamp="2013-02-08T14:38:41Z" user="baeuchle" uid="221387" lat="50.1773052" lon="8.6537840"/>
 <node id="1068449564" visible="true" version="1" changeset="6782338" timestamp="2010-12-27T22:08:03Z" user="baeuchle" uid="221387" lat="50.1789854" lon="8.6548234"/>
 <node id="1068449576" visible="true" version="1" changeset="6782338" timestamp="2010-12-27T22:08:04Z" user="baeuchle" uid="221387" lat="50.1724235" lon="8.6530744"/>
 <node id="1068449579" visible="true" version="1" changeset="6782338" timestamp="2010-12-27T22:08:04Z" user="baeuchle" uid="221387" lat="50.1789751" lon="8.6623928"/>
 <node id="1068449582" visible="true" version="1" changeset="6782338" timestamp="2010-12-27T22:08:04Z" user="baeuchle" uid="221387" lat="50.1753988" lon="8.6547942"/>
 <node id="1068449583" visible="true" version="1" changeset="6782338" timestamp="2010-12-27T22:08:04Z" user="baeuchle" uid="221387" lat="50.1787488" lon="8.6559161"/>
 <node id="1068449586" visible="true" version="1" changeset="6782338" timestamp="2010-12-27T22:08:04Z" user="baeuchle" uid="221387" lat="50.1788248" lon="8.6554317"/>
 <node id="1068449588" visible="true" version="2" changeset="14956735" timestamp="2013-02-08T14:38:41Z" user="baeuchle" uid="221387" lat="50.1773251" lon="8.6540540"/>
 <node id="1068449589" visible="true" version="1" changeset="6782338" timestamp="2010-12-27T22:08:04Z" user="baeuchle" uid="221387" lat="50.1792361" lon="8.6609616"/>
 <node id="1068449611" visible="true" version="1" changeset="6782338" timestamp="2010-12-27T22:08:05Z" user="baeuchle" uid="221387" lat="50.1786509" lon="8.6641271"/>
 <node id="1068449612" visible="true" version="2" changeset="135029995" timestamp="2023-04-17T19:36:54Z" user="sarawaremono" uid="14438700" lat="50.1793995" lon="8.6584111"/>
 <node id="1068449615" visible="true" version="1" changeset="6782338" timestamp="2010-12-27T22:08:05Z" user="baeuchle" uid="221387" lat="50.1785589" lon="8.6554818"/>
 <node id="1068449617" visible="true" version="1" changeset="6782338" timestamp="2010-12-27T22:08:05Z" user="baeuchle" uid="221387" lat="50.1784883" lon="8.6630640"/>
 <node id="1068449618" visible="true" version="1" changeset="6782338" timestamp="2010-12-27T22:08:06Z" user="baeuchle" uid="221387" lat="50.1788122" lon="8.6548323"/>
 <node id="1068449620" visible="true" version="2" changeset="14956735" timestamp="2013-02-08T14:38:41Z" user="baeuchle" uid="221387" lat="50.1785559" lon="8.6523020"/>
 <node id="1068449622" visible="true" version="2" changeset="14956735" timestamp="2013-02-08T14:38:41Z" user="baeuchle" uid="221387" lat="50.1798803" lon="8.6558353"/>
 <node id="1068449632" visible="true" version="1" changeset="6782338" timestamp="2010-12-27T22:08:06Z" user="baeuchle" uid="221387" lat="50.1792213" lon="8.6572383"/>
 <node id="1068449634" visible="true" version="2" changeset="98110754" timestamp="2021-01-25T10:16:11Z" user="Max--" uid="34555" lat="50.1752087" lon="8.6555172"/>
 <node id="1068449641" visible="true" version="2" changeset="14956735" timestamp="2013-02-08T14:38:41Z" user="baeuchle" uid="221387" lat="50.1786754" lon="8.6543681"/>
 <node id="1068449650" visible="true" version="1" changeset="6782338" timestamp="2010-12-27T22:08:07Z" user="baeuchle" uid="221387" lat="50.1751098" lon="8.6542334"/>
 <node id="1068449651" visible="true" version="1" changeset="6782338" timestamp="2010-12-27T22:08:07Z" user="baeuchle" uid="221387" lat="50.1790365" lon="8.6568082"/>
 <node id="1068449653" visible="true" version="2" changeset="20353202" timestamp="2014-02-03T14:20:57Z" user="furban" uid="29819" lat="50.1789366" lon="8.6591099"/>
 <node id="1068449655" visible="true" version="1" changeset="6782338" timestamp="2010-12-27T22:08:08Z" user="baeuchle" uid="221387" lat="50.1785969" lon="8.6557882"/>
 <node id="1068449657" visible="true" version="2" changeset="14956735" timestamp="2013-02-08T14:38:41Z" user="baeuchle" uid="221387" lat="50.1786602" lon="8.6525265"/>
 <node id="1068449682" visible="true" version="1" changeset="6782338" timestamp="2010-12-27T22:08:09Z" user="baeuchle" uid="221387" lat="50.1787842" lon="8.6615146"/>
 <node id="1068449693" visible="true" version="1" changeset="6782338" timestamp="2010-12-27T22:08:09Z" user="baeuchle" uid="221387" lat="50.1794039" lon="8.6584905"/>
 <node id="1068449699" visible="true" version="1" changeset="6782338" timestamp="2010-12-27T22:08:09Z" user="baeuchle" uid="221387" lat="50.1775530" lon="8.6547606"/>
 <node id="1068449707" visible="true" version="1" changeset="6782338" timestamp="2010-12-27T22:08:09Z" user="baeuchle" uid="221387" lat="50.1787462" lon="8.6554319"/>
 <node id="1068449742" visible="true" version="1" changeset="6782338" timestamp="2010-12-27T22:08:10Z" user="baeuchle" uid="221387" lat="50.1791976" lon="8.6613783"/>
 <node id="1068449744" visible="true" version="2" changeset="14956735" timestamp="2013-02-08T14:38:41Z" user="baeuchle" uid="221387" lat="50.1786506" lon="8.6525253"/>
 <node id="1068449757" visible="true" version="2" changeset="98110754" timestamp="2021-01-25T10:16:11Z" user="Max--" uid="34555" lat="50.1757933" lon="8.6509831"/>
 <node id="1068449774" visible="true" version="2" changeset="98110754" timestamp="2021-01-25T10:16:11Z" user="Max--" uid="34555" lat="50.1748655" lon="8.6539316"/>
 <node id="1068449786" visible="true" version="1" changeset="6782338" timestamp="2010-12-27T22:08:12Z" user="baeuchle" uid="221387" lat="50.1782750" lon="8.6571778"/>
 <node id="1068449788" visible="true" version="2" changeset="14956735" timestamp="2013-02-08T14:38:41Z" user="baeuchle" uid="221387" lat="50.1786919" lon="8.6543653"/>
 <node id="1068449816" visible="true" version="2" changeset="135029995" timestamp="2023-04-17T19:36:54Z" user="sarawaremono" uid="14438700" lat="50.1796197" lon="8.6581554"/>
 <node id="1068449824" visible="true" version="1" changeset="6782338" timestamp="2010-12-27T22:08:13Z" user="baeuchle" uid="221387" lat="50.1784634" lon="8.6576764"/>
 <node id="1068449828" visible="true" version="1" changeset="6782338" timestamp="2010-12-27T22:08:13Z" user="baeuchle" uid="221387" lat="50.1780380" lon="8.6563558"/>
 <node id="1068449834" visible="true" version="1" changeset="6782338" timestamp="2010-12-27T22:08:13Z" user="baeuchle" uid="221387" lat="50.1784806" lon="8.6556705"/>
 <node id="1068449844" visible="true" version="2" changeset="14956735" timestamp="2013-02-08T14:38:41Z" user="baeuchle" uid="221387" lat="50.1786642" lon="8.6535134"/>
 <node id="1068449846" visible="true" version="1" changeset="6782338" timestamp="2010-12-27T22:08:13Z" user="baeuchle" uid="221387" lat="50.1759341" lon="8.6508804"/>
 <node id="1068449858" visible="true" version="1" changeset="6782338" timestamp="2010-12-27T22:08:14Z" user="baeuchle" uid="221387" lat="50.1776093" lon="8.6622784"/>
 <node id="1068449859" visible="true" version="2" changeset="14956735" timestamp="2013-02-08T14:38:41Z" user="baeuchle" uid="221387" lat="50.1787053" lon="8.6542967"/>
 <node id="1092112878" visible="true" version="1" changeset="6907733" timestamp="2011-01-08T19:21:35Z" user="baeuchle" uid="221387" lat="50.1768479" lon="8.6665340"/>
 <node id="1092198504" visible="true" version="1" changeset="6907733" timestamp="2011-01-08T20:09:53Z" user="baeuchle" uid="221387" lat="50.1762330" lon="8.6609462"/>
 <node id="1092198526" visible="true" version="1" changeset="6907733" timestamp="2011-01-08T20:09:54Z" user="baeuchle" uid="221387" lat="50.1759835" lon="8.6621966"/>
 <node id="1092198551" visible="true" version="3" changeset="14349531" timestamp="2012-12-20T23:18:52Z" user="mueschel" uid="616774" lat="50.1755761" lon="8.6590945"/>
 <node id="1092198553" visible="true" version="1" changeset="6907733" timestamp="2011-01-08T20:09:54Z" user="baeuchle" uid="221387" lat="50.1765231" lon="8.6626660"/>
 <node id="1092198627" visible="true" version="2" changeset="9453115" timestamp="2011-10-02T17:42:07Z" user="JeLuF" uid="18675" lat="50.1763626" lon="8.6613076"/>
 <node id="1092198651" visible="true" version="1" changeset="6907733" timestamp="2011-01-08T20:09:56Z" user="baeuchle" uid="221387" lat="50.1760026" lon="8.6622246"/>
 <node id="1092198659" visible="true" version="1" changeset="6907733" timestamp="2011-01-08T20:09:56Z" user="baeuchle" uid="221387" lat="50.1761123" lon="8.6607034"/>
 <node id="1092198691" visible="true" version="1" changeset="6907733" timestamp="2011-01-08T20:09:57Z" user="baeuchle" uid="221387" lat="50.1755696" lon="8.6613616"/>
 <node id="1092198747" visible="true" version="1" changeset="6907733" timestamp="2011-01-08T20:09:58Z" user="baeuchle" uid="221387" lat="50.1759092" lon="8.6637515"/>
 <node id="1092198781" visible="true" version="1" changeset="6907733" timestamp="2011-01-08T20:09:59Z" user="baeuchle" uid="221387" lat="50.1719275" lon="8.6531415"/>
 <node id="1092198797" visible="true" version="1" changeset="6907733" timestamp="2011-01-08T20:09:59Z" user="baeuchle" uid="221387" lat="50.1760218" lon="8.6621477"/>
 <node id="1092198832" visible="true" version="1" changeset="6907733" timestamp="2011-01-08T20:09:59Z" user="baeuchle" uid="221387" lat="50.1760116" lon="8.6622742"/>
 <node id="1092198884" visible="true" version="2" changeset="9453115" timestamp="2011-10-02T17:42:07Z" user="JeLuF" uid="18675" lat="50.1764620" lon="8.6615860"/>
 <node id="1092198915" visible="true" version="2" changeset="9453115" timestamp="2011-10-02T17:42:07Z" user="JeLuF" uid="18675" lat="50.1763149" lon="8.6611533"/>
 <node id="1092198934" visible="true" version="1" changeset="6907733" timestamp="2011-01-08T20:10:01Z" user="baeuchle" uid="221387" lat="50.1759428" lon="8.6630973"/>
 <node id="1092198940" visible="true" version="1" changeset="6907733" timestamp="2011-01-08T20:10:01Z" user="baeuchle" uid="221387" lat="50.1750019" lon="8.6570649"/>
 <node id="1092198955" visible="true" version="1" changeset="6907733" timestamp="2011-01-08T20:10:01Z" user="baeuchle" uid="221387" lat="50.1765512" lon="8.6617859"/>
 <node id="1092199061" visible="true" version="2" changeset="9453115" timestamp="2011-10-02T17:42:07Z" user="JeLuF" uid="18675" lat="50.1764141" lon="8.6614851"/>
 <node id="1092199092" visible="true" version="1" changeset="6907733" timestamp="2011-01-08T20:10:03Z" user="baeuchle" uid="221387" lat="50.1764741" lon="8.6635201"/>
 <node id="1092199144" visible="true" version="1" changeset="6907733" timestamp="2011-01-08T20:10:04Z" user="baeuchle" uid="221387" lat="50.1755261" lon="8.6633295"/>
 <node id="1092199149" visible="true" version="1" changeset="6907733" timestamp="2011-01-08T20:10:04Z" user="baeuchle" uid="221387" lat="50.1753676" lon="8.6602046"/>
 <node id="1092199221" visible="true" version="1" changeset="6907733" timestamp="2011-01-08T20:10:05Z" user="baeuchle" uid="221387" lat="50.1755242" lon="8.6634144"/>
 <node id="1092199223" visible="true" version="1" changeset="6907733" timestamp="2011-01-08T20:10:05Z" user="baeuchle" uid="221387" lat="50.1750498" lon="8.6573572"/>
 <node id="1092199264" visible="true" version="1" changeset="6907733" timestamp="2011-01-08T20:10:06Z" user="baeuchle" uid="221387" lat="50.1765440" lon="8.6621314"/>
 <node id="1092199345" visible="true" version="1" changeset="6907733" timestamp="2011-01-08T20:10:07Z" user="baeuchle" uid="221387" lat="50.1762875" lon="8.6609848"/>
 <node id="1092199347" visible="true" version="1" changeset="6907733" timestamp="2011-01-08T20:10:07Z" user="baeuchle" uid="221387" lat="50.1765324" lon="8.6617998"/>
 <node id="1092199375" visible="true" version="1" changeset="6907733" timestamp="2011-01-08T20:10:07Z" user="baeuchle" uid="221387" lat="50.1758280" lon="8.6601181"/>
 <node id="1092199403" visible="true" version="1" changeset="6907733" timestamp="2011-01-08T20:10:08Z" user="baeuchle" uid="221387" lat="50.1755877" lon="8.6617551"/>
 <node id="1092199419" visible="true" version="1" changeset="6907733" timestamp="2011-01-08T20:10:08Z" user="baeuchle" uid="221387" lat="50.1756425" lon="8.6599834"/>
 <node id="1092199454" visible="true" version="1" changeset="6907733" timestamp="2011-01-08T20:10:08Z" user="baeuchle" uid="221387" lat="50.1757015" lon="8.6598634"/>
 <node id="1092199500" visible="true" version="1" changeset="6907733" timestamp="2011-01-08T20:10:09Z" user="baeuchle" uid="221387" lat="50.1768261" lon="8.6617369"/>
 <node id="1092199522" visible="true" version="1" changeset="6907733" timestamp="2011-01-08T20:10:10Z" user="baeuchle" uid="221387" lat="50.1760798" lon="8.6621459"/>
 <node id="1092199558" visible="true" version="1" changeset="6907733" timestamp="2011-01-08T20:10:10Z" user="baeuchle" uid="221387" lat="50.1750747" lon="8.6579184"/>
 <node id="1092199592" visible="true" version="1" changeset="6907733" timestamp="2011-01-08T20:10:11Z" user="baeuchle" uid="221387" lat="50.1752552" lon="8.6599858"/>
 <node id="1092199614" visible="true" version="1" changeset="6907733" timestamp="2011-01-08T20:10:11Z" user="baeuchle" uid="221387" lat="50.1755805" lon="8.6622591"/>
 <node id="1092199619" visible="true" version="1" changeset="6907733" timestamp="2011-01-08T20:10:11Z" user="baeuchle" uid="221387" lat="50.1754867" lon="8.6600807"/>
 <node id="1255671930" visible="true" version="4" changeset="107179050" timestamp="2021-06-30T04:01:30Z" user="kaltuna" uid="1386271" lat="50.1778423" lon="8.6602991"/>
 <node id="1255671955" visible="true" version="2" changeset="43184522" timestamp="2016-10-26T07:53:08Z" user="Nordpfeil" uid="1337142" lat="50.1790394" lon="8.6574932"/>
 <node id="1255671981" visible="true" version="2" changeset="15877059" timestamp="2013-04-26T20:58:16Z" user="HoloDuke" uid="75317" lat="50.1781075" lon="8.6606227"/>
 <node id="1255672003" visible="true" version="4" changeset="107179050" timestamp="2021-06-30T04:01:30Z" user="kaltuna" uid="1386271" lat="50.1779091" lon="8.6601275"/>
 <node id="1255672005" visible="true" version="3" changeset="37850806" timestamp="2016-03-15T18:06:16Z" user="scg1176" uid="244422" lat="50.1784609" lon="8.6599560"/>
 <node id="1255672033" visible="true" version="4" changeset="107179050" timestamp="2021-06-30T04:01:30Z" user="kaltuna" uid="1386271" lat="50.1779362" lon="8.6602473"/>
 <node id="1255672085" visible="true" version="4" changeset="107179050" timestamp="2021-06-30T04:01:30Z" user="kaltuna" uid="1386271" lat="50.1778452" lon="8.6594639"/>
 <node id="1255672087" visible="true" version="2" changeset="43184522" timestamp="2016-10-26T07:53:08Z" user="Nordpfeil" uid="1337142" lat="50.1789669" lon="8.6573929"/>
 <node id="1255672385" visible="true" version="2" changeset="15877059" timestamp="2013-04-26T20:58:16Z" user="HoloDuke" uid="75317" lat="50.1780703" lon="8.6604616"/>
 <node id="1255672544" visible="true" version="2" changeset="43184522" timestamp="2016-10-26T07:53:08Z" user="Nordpfeil" uid="1337142" lat="50.1790553" lon="8.6572372"/>
 <node id="1255672638" visible="true" version="4" changeset="107179050" timestamp="2021-06-30T04:01:30Z" user="kaltuna" uid="1386271" lat="50.1779029" lon="8.6597192"/>
 <node id="1255672647" visible="true" version="2" changeset="37850806" timestamp="2016-03-15T18:06:16Z" user="scg1176" uid="244422" lat="50.1787659" lon="8.6614165"/>
 <node id="1255673157" visible="true" version="4" changeset="107179050" timestamp="2021-06-30T04:01:30Z" user="kaltuna" uid="1386271" lat="50.1778039" lon="8.6594867"/>
 <node id="1255673205" visible="true" version="3" changeset="107179050" timestamp="2021-06-30T04:01:30Z" user="kaltuna" uid="1386271" lat="50.1778152" lon="8.6601793"/>
 <node id="1255673282" visible="true" version="2" changeset="43184522" timestamp="2016-10-26T07:53:08Z" user="Nordpfeil" uid="1337142" lat="50.1791277" lon="8.6573376"/>
 <node id="1255673349" visible="true" version="3" changeset="37850806" timestamp="2016-03-15T18:06:16Z" user="scg1176" uid="244422" lat="50.1790301" lon="8.6591323"/>
 <node id="1255673560" visible="true" version="4" changeset="107179050" timestamp="2021-06-30T04:01:30Z" user="kaltuna" uid="1386271" lat="50.1778649" lon="8.6597401"/>
 <node id="1255673780" visible="true" version="2" changeset="15877059" timestamp="2013-04-26T20:58:16Z" user="HoloDuke" uid="75317" lat="50.1780282" lon="8.6604863"/>
 <node id="1416074298" visible="true" version="3" changeset="151782525" timestamp="2024-05-24T17:50:34Z" user="Senihtu" uid="18511019" lat="50.1717158" lon="8.6529562"/>
 <node id="2146569644" visible="true" version="2" changeset="16702929" timestamp="2013-06-25T17:53:24Z" user="MichaH" uid="8464" lat="50.1773306" lon="8.6535839"/>
 <node id="2146569647" visible="true" version="1" changeset="14956735" timestamp="2013-02-08T14:37:55Z" user="baeuchle" uid="221387" lat="50.1773246" lon="8.6536707"/>
 <node id="2146569869" visible="true" version="1" changeset="14956735" timestamp="2013-02-08T14:38:00Z" user="baeuchle" uid="221387" lat="50.1784988" lon="8.6523492"/>
 <node id="2146569894" visible="true" version="1" changeset="14956735" timestamp="2013-02-08T14:38:01Z" user="baeuchle" uid="221387" lat="50.1785798" lon="8.6523275"/>
 <node id="2146569904" visible="true" version="1" changeset="14956735" timestamp="2013-02-08T14:38:01Z" user="baeuchle" uid="221387" lat="50.1786269" lon="8.6523218"/>
 <node id="2146569910" visible="true" version="1" changeset="14956735" timestamp="2013-02-08T14:38:01Z" user="baeuchle" uid="221387" lat="50.1786452" lon="8.6523985"/>
 <node id="2146569917" visible="true" version="1" changeset="14956735" timestamp="2013-02-08T14:38:01Z" user="baeuchle" uid="221387" lat="50.1786792" lon="8.6530073"/>
 <node id="2146569918" visible="true" version="1" changeset="14956735" timestamp="2013-02-08T14:38:01Z" user="baeuchle" uid="221387" lat="50.1786792" lon="8.6535245"/>
 <node id="2152136733" visible="true" version="1" changeset="15009203" timestamp="2013-02-12T17:53:11Z" user="HoloDuke" uid="75317" lat="50.1817548" lon="8.6547601"/>
 <node id="2282500061" visible="true" version="1" changeset="15877059" timestamp="2013-04-26T20:58:12Z" user="HoloDuke" uid="75317" lat="50.1750647" lon="8.6558705"/>
 <node id="2282500062" visible="true" version="1" changeset="15877059" timestamp="2013-04-26T20:58:12Z" user="HoloDuke" uid="75317" lat="50.1753882" lon="8.6559478"/>
 <node id="2282500063" visible="true" version="1" changeset="15877059" timestamp="2013-04-26T20:58:12Z" user="HoloDuke" uid="75317" lat="50.1758640" lon="8.6559079"/>
 <node id="2282500064" visible="true" version="1" changeset="15877059" timestamp="2013-04-26T20:58:12Z" user="HoloDuke" uid="75317" lat="50.1761257" lon="8.6558977"/>
 <node id="2282500065" visible="true" version="1" changeset="15877059" timestamp="2013-04-26T20:58:12Z" user="HoloDuke" uid="75317" lat="50.1775744" lon="8.6640423"/>
 <node id="2288186828" visible="true" version="2" changeset="88655212" timestamp="2020-07-29T06:06:45Z" user="HoloDuke" uid="75317" lat="50.1777864" lon="8.6617100"/>
 <node id="2288186832" visible="true" version="2" changeset="88655212" timestamp="2020-07-29T06:06:45Z" user="HoloDuke" uid="75317" lat="50.1777758" lon="8.6618462"/>
 <node id="2288186834" visible="true" version="1" changeset="15935522" timestamp="2013-05-01T16:16:54Z" user="schoenauc" uid="41680" lat="50.1780215" lon="8.6628733"/>
 <node id="2288186836" visible="true" version="1" changeset="15935522" timestamp="2013-05-01T16:16:54Z" user="schoenauc" uid="41680" lat="50.1783024" lon="8.6636898"/>
 <node id="2288186838" visible="true" version="1" changeset="15935522" timestamp="2013-05-01T16:16:54Z" user="schoenauc" uid="41680" lat="50.1783398" lon="8.6615211"/>
 <node id="2288186839" visible="true" version="2" changeset="15943020" timestamp="2013-05-02T08:00:04Z" user="HoloDuke" uid="75317" lat="50.1784978" lon="8.6622285">
  <tag k="noexit" v="yes"/>
 </node>
 <node id="2288186841" visible="true" version="1" changeset="15935522" timestamp="2013-05-01T16:16:54Z" user="schoenauc" uid="41680" lat="50.1785080" lon="8.6640537"/>
 <node id="2288276740" visible="true" version="1" changeset="15936562" timestamp="2013-05-01T17:35:55Z" user="schoenauc" uid="41680" lat="50.1768940" lon="8.6612628"/>
 <node id="2288276743" visible="true" version="1" changeset="15936562" timestamp="2013-05-01T17:35:55Z" user="schoenauc" uid="41680" lat="50.1769413" lon="8.6615696"/>
 <node id="2288276746" visible="true" version="1" changeset="15936562" timestamp="2013-05-01T17:35:55Z" user="schoenauc" uid="41680" lat="50.1769694" lon="8.6618306"/>
 <node id="2288276748" visible="true" version="1" changeset="15936562" timestamp="2013-05-01T17:35:55Z" user="schoenauc" uid="41680" lat="50.1770300" lon="8.6624697"/>
 <node id="2288276750" visible="true" version="2" changeset="117730661" timestamp="2022-02-22T14:44:04Z" user="B0rax" uid="14562691" lat="50.1771632" lon="8.6629636"/>
 <node id="2288276752" visible="true" version="2" changeset="117730661" timestamp="2022-02-22T14:44:04Z" user="B0rax" uid="14562691" lat="50.1773833" lon="8.6637387"/>
 <node id="2288281543" visible="true" version="2" changeset="162813010" timestamp="2025-02-22T11:50:30Z" user="brodekb" uid="10764475" lat="50.1780580" lon="8.6620610"/>
 <node id="2288281544" visible="true" version="2" changeset="162813010" timestamp="2025-02-22T11:50:30Z" user="brodekb" uid="10764475" lat="50.1780719" lon="8.6619314"/>
 <node id="2288281546" visible="true" version="2" changeset="162813010" timestamp="2025-02-22T11:50:30Z" user="brodekb" uid="10764475" lat="50.1780898" lon="8.6621638"/>
 <node id="2288281547" visible="true" version="2" changeset="162813010" timestamp="2025-02-22T11:50:30Z" user="brodekb" uid="10764475" lat="50.1781153" lon="8.6618599"/>
 <node id="2288281549" visible="true" version="2" changeset="162813010" timestamp="2025-02-22T11:50:30Z" user="brodekb" uid="10764475" lat="50.1781468" lon="8.6622341"/>
 <node id="2288281551" visible="true" version="2" changeset="162813010" timestamp="2025-02-22T11:50:30Z" user="brodekb" uid="10764475" lat="50.1781803" lon="8.6618141"/>
 <node id="2288281553" visible="true" version="2" changeset="162813010" timestamp="2025-02-22T11:50:30Z" user="brodekb" uid="10764475" lat="50.1782220" lon="8.6622506"/>
 <node id="2288281555" visible="true" version="4" changeset="165420348" timestamp="2025-04-25T11:51:49Z" user="VOY4GER" uid="3798823" lat="50.1782512" lon="8.6618252">
  <tag k="barrier" v="entrance"/>
  <tag k="maxwidth:physical" v="1.6"/>
  <tag k="source:maxwidth:physical" v="ARCore"/>
 </node>
 <node id="2288281556" visible="true" version="2" changeset="162813010" timestamp="2025-02-22T11:50:30Z" user="brodekb" uid="10764475" lat="50.1783090" lon="8.6618902"/>
 <node id="2288281557" visible="true" version="2" changeset="162813010" timestamp="2025-02-22T11:50:30Z" user="brodekb" uid="10764475" lat="50.1782913" lon="8.6622048"/>
 <node id="2288281559" visible="true" version="2" changeset="162813010" timestamp="2025-02-22T11:50:30Z" user="brodekb" uid="10764475" lat="50.1783383" lon="8.6619917"/>
 <node id="2288281561" visible="true" version="2" changeset="162813010" timestamp="2025-02-22T11:50:30Z" user="brodekb" uid="10764475" lat="50.1783312" lon="8.6621024"/>
 <node id="2360717542" visible="true" version="3" changeset="44474285" timestamp="2016-12-17T16:55:04Z" user="mihof" uid="139202" lat="50.1693808" lon="8.6515314"/>
 <node id="2360717552" visible="true" version="2" changeset="17255013" timestamp="2013-08-07T14:57:21Z" user="PHerison" uid="28378" lat="50.1722087" lon="8.6532095"/>
 <node id="2360717559" visible="true" version="1" changeset="16702929" timestamp="2013-06-25T17:53:18Z" user="MichaH" uid="8464" lat="50.1730323" lon="8.6537775"/>
 <node id="2380482111" visible="true" version="1" changeset="16903923" timestamp="2013-07-10T19:11:49Z" user="HoloDuke" uid="75317" lat="50.1717214" lon="8.6523179"/>
 <node id="2548373460" visible="true" version="1" changeset="19088393" timestamp="2013-11-24T10:49:47Z" user="Prince Kassad" uid="192278" lat="50.1784433" lon="8.6598642"/>
 <node id="2548373461" visible="true" version="1" changeset="19088393" timestamp="2013-11-24T10:49:47Z" user="Prince Kassad" uid="192278" lat="50.1788593" lon="8.6592390"/>
 <node id="2548373462" visible="true" version="2" changeset="37845340" timestamp="2016-03-15T15:03:57Z" user="scg1176" uid="244422" lat="50.1796032" lon="8.6582590"/>
 <node id="2548373463" visible="true" version="1" changeset="19088393" timestamp="2013-11-24T10:49:48Z" user="Prince Kassad" uid="192278" lat="50.1797047" lon="8.6582081"/>
 <node id="2548373464" visible="true" version="1" changeset="19088393" timestamp="2013-11-24T10:49:48Z" user="Prince Kassad" uid="192278" lat="50.1814964" lon="8.6556572"/>
 <node id="2548373465" visible="true" version="1" changeset="19088393" timestamp="2013-11-24T10:49:48Z" user="Prince Kassad" uid="192278" lat="50.1816586" lon="8.6550011"/>
 <node id="2548373466" visible="true" version="1" changeset="19088393" timestamp="2013-11-24T10:49:48Z" user="Prince Kassad" uid="192278" lat="50.1817737" lon="8.6545729"/>
 <node id="2548373467" visible="true" version="1" changeset="19088393" timestamp="2013-11-24T10:49:48Z" user="Prince Kassad" uid="192278" lat="50.1818341" lon="8.6543686"/>
 <node id="2548373468" visible="true" version="1" changeset="19088393" timestamp="2013-11-24T10:49:48Z" user="Prince Kassad" uid="192278" lat="50.1821058" lon="8.6538422"/>
 <node id="2548373469" visible="true" version="1" changeset="19088393" timestamp="2013-11-24T10:49:48Z" user="Prince Kassad" uid="192278" lat="50.1821744" lon="8.6539365"/>
 <node id="2548373470" visible="true" version="1" changeset="19088393" timestamp="2013-11-24T10:49:48Z" user="Prince Kassad" uid="192278" lat="50.1825337" lon="8.6546539"/>
 <node id="2548373471" visible="true" version="1" changeset="19088393" timestamp="2013-11-24T10:49:48Z" user="Prince Kassad" uid="192278" lat="50.1838463" lon="8.6565501"/>
 <node id="2548373472" visible="true" version="1" changeset="19088393" timestamp="2013-11-24T10:49:48Z" user="Prince Kassad" uid="192278" lat="50.1843757" lon="8.6571210"/>
 <node id="2548373473" visible="true" version="2" changeset="37592670" timestamp="2016-03-03T17:32:10Z" user="scg1176" uid="244422" lat="50.1852083" lon="8.6576382"/>
 <node id="2548373475" visible="true" version="2" changeset="37592670" timestamp="2016-03-03T17:32:10Z" user="scg1176" uid="244422" lat="50.1860665" lon="8.6579832"/>
 <node id="2548373476" visible="true" version="2" changeset="37592670" timestamp="2016-03-03T17:32:10Z" user="scg1176" uid="244422" lat="50.1868892" lon="8.6581219"/>
 <node id="2548373480" visible="true" version="3" changeset="37592670" timestamp="2016-03-03T17:32:10Z" user="scg1176" uid="244422" lat="50.1874040" lon="8.6581126"/>
 <node id="2685072903" visible="true" version="1" changeset="20714441" timestamp="2014-02-22T14:28:04Z" user="mueschel" uid="616774" lat="50.1813298" lon="8.6562774"/>
 <node id="4038733922" visible="true" version="1" changeset="37592670" timestamp="2016-03-03T17:32:09Z" user="scg1176" uid="244422" lat="50.1864591" lon="8.6580787"/>
 <node id="4038733923" visible="true" version="1" changeset="37592670" timestamp="2016-03-03T17:32:09Z" user="scg1176" uid="244422" lat="50.1856463" lon="8.6578477"/>
 <node id="4061816613" visible="true" version="1" changeset="37845340" timestamp="2016-03-15T15:03:56Z" user="scg1176" uid="244422" lat="50.1796576" lon="8.6581546"/>
 <node id="4061816614" visible="true" version="1" changeset="37845340" timestamp="2016-03-15T15:03:56Z" user="scg1176" uid="244422" lat="50.1798021" lon="8.6585033"/>
 <node id="4061816615" visible="true" version="1" changeset="37845340" timestamp="2016-03-15T15:03:56Z" user="scg1176" uid="244422" lat="50.1794310" lon="8.6584378"/>
 <node id="4061816616" visible="true" version="1" changeset="37845340" timestamp="2016-03-15T15:03:56Z" user="scg1176" uid="244422" lat="50.1794995" lon="8.6583891"/>
 <node id="4061816617" visible="true" version="1" changeset="37845340" timestamp="2016-03-15T15:03:56Z" user="scg1176" uid="244422" lat="50.1788796" lon="8.6592571"/>
 <node id="4061816618" visible="true" version="1" changeset="37845340" timestamp="2016-03-15T15:03:56Z" user="scg1176" uid="244422" lat="50.1788281" lon="8.6593049"/>
 <node id="4062049567" visible="true" version="1" changeset="37850806" timestamp="2016-03-15T18:06:16Z" user="scg1176" uid="244422" lat="50.1798724" lon="8.6597342"/>
 <node id="4062049568" visible="true" version="1" changeset="37850806" timestamp="2016-03-15T18:06:16Z" user="scg1176" uid="244422" lat="50.1791046" lon="8.6609332"/>
 <node id="4062053098" visible="true" version="1" changeset="37850864" timestamp="2016-03-15T18:08:36Z" user="scg1176" uid="244422" lat="50.1783367" lon="8.6596641"/>
 <node id="4062053099" visible="true" version="1" changeset="37850864" timestamp="2016-03-15T18:08:36Z" user="scg1176" uid="244422" lat="50.1785528" lon="8.6605631"/>
 <node id="4062055610" visible="true" version="1" changeset="37850910" timestamp="2016-03-15T18:10:34Z" user="scg1176" uid="244422" lat="50.1797334" lon="8.6599700"/>
 <node id="4062055612" visible="true" version="1" changeset="37850910" timestamp="2016-03-15T18:10:34Z" user="scg1176" uid="244422" lat="50.1788718" lon="8.6593614">
  <tag k="barrier" v="gate"/>
 </node>
 <node id="4062055613" visible="true" version="2" changeset="150772214" timestamp="2024-05-01T22:59:52Z" user="VOY4GER" uid="3798823" lat="50.1797252" lon="8.6599641">
  <tag k="barrier" v="gate"/>
  <tag k="source" v="local knowledge"/>
  <tag k="wheelchair" v="limited"/>
 </node>
 <node id="4062059137" visible="true" version="1" changeset="37850970" timestamp="2016-03-15T18:13:01Z" user="scg1176" uid="244422" lat="50.1798890" lon="8.6597285"/>
 <node id="4062059138" visible="true" version="2" changeset="38138990" timestamp="2016-03-29T08:45:45Z" user="HoloDuke" uid="75317" lat="50.1790035" lon="8.6590932"/>
 <node id="4062060888" visible="true" version="1" changeset="37851007" timestamp="2016-03-15T18:14:26Z" user="scg1176" uid="244422" lat="50.1792582" lon="8.6596343"/>
 <node id="4062061690" visible="true" version="1" changeset="37851007" timestamp="2016-03-15T18:14:26Z" user="scg1176" uid="244422" lat="50.1789054" lon="8.6593851"/>
 <node id="4062061691" visible="true" version="3" changeset="67509208" timestamp="2019-02-24T06:47:30Z" user="kaltuna" uid="1386271" lat="50.1787360" lon="8.6599550">
  <tag k="noexit" v="yes"/>
 </node>
 <node id="4172841616" visible="true" version="2" changeset="43184489" timestamp="2016-10-26T07:51:13Z" user="Nordpfeil" uid="1337142" lat="50.1786528" lon="8.6591390">
  <tag k="emergency" v="water_tank"/>
  <tag k="water_tank:volume" v="17.000"/>
 </node>
 <node id="4464493226" visible="true" version="1" changeset="43184489" timestamp="2016-10-26T07:51:13Z" user="Nordpfeil" uid="1337142" lat="50.1785437" lon="8.6591315"/>
 <node id="4464493227" visible="true" version="1" changeset="43184489" timestamp="2016-10-26T07:51:13Z" user="Nordpfeil" uid="1337142" lat="50.1785641" lon="8.6592288"/>
 <node id="4464493228" visible="true" version="1" changeset="43184489" timestamp="2016-10-26T07:51:13Z" user="Nordpfeil" uid="1337142" lat="50.1785977" lon="8.6591038"/>
 <node id="4464493229" visible="true" version="1" changeset="43184489" timestamp="2016-10-26T07:51:13Z" user="Nordpfeil" uid="1337142" lat="50.1786182" lon="8.6592011"/>
 <node id="4464493230" visible="true" version="5" changeset="126513726" timestamp="2022-09-22T16:56:03Z" user="Bananaking" uid="16963294" lat="50.1785487" lon="8.6591553">
  <tag k="emergency" v="fire_hydrant"/>
  <tag k="fire_hydrant:diameter" v="130"/>
  <tag k="fire_hydrant:position" v="green"/>
  <tag k="fire_hydrant:type" v="pillar"/>
  <tag k="name" v="Wasserentnahmestelle"/>
 </node>
 <node id="4464495339" visible="true" version="1" changeset="43184522" timestamp="2016-10-26T07:53:08Z" user="Nordpfeil" uid="1337142" lat="50.1782176" lon="8.6580066"/>
 <node id="4464495340" visible="true" version="1" changeset="43184522" timestamp="2016-10-26T07:53:08Z" user="Nordpfeil" uid="1337142" lat="50.1782700" lon="8.6583150"/>
 <node id="4464495341" visible="true" version="1" changeset="43184522" timestamp="2016-10-26T07:53:08Z" user="Nordpfeil" uid="1337142" lat="50.1782786" lon="8.6582654"/>
 <node id="4464495342" visible="true" version="1" changeset="43184522" timestamp="2016-10-26T07:53:08Z" user="Nordpfeil" uid="1337142" lat="50.1782872" lon="8.6583056"/>
 <node id="4464495343" visible="true" version="1" changeset="43184522" timestamp="2016-10-26T07:53:08Z" user="Nordpfeil" uid="1337142" lat="50.1783791" lon="8.6579167"/>
 <node id="4464495344" visible="true" version="1" changeset="43184522" timestamp="2016-10-26T07:53:08Z" user="Nordpfeil" uid="1337142" lat="50.1784331" lon="8.6581820"/>
 <node id="4464495345" visible="true" version="1" changeset="43184522" timestamp="2016-10-26T07:53:08Z" user="Nordpfeil" uid="1337142" lat="50.1784650" lon="8.6581648"/>
 <node id="4464495346" visible="true" version="1" changeset="43184522" timestamp="2016-10-26T07:53:08Z" user="Nordpfeil" uid="1337142" lat="50.1784910" lon="8.6582882"/>
 <node id="4464495834" visible="true" version="2" changeset="43345727" timestamp="2016-11-02T08:51:45Z" user="HoloDuke" uid="75317" lat="50.1781644" lon="8.6579891">
  <tag k="noexit" v="yes"/>
 </node>
 <node id="4464495835" visible="true" version="1" changeset="43184543" timestamp="2016-10-26T07:54:14Z" user="Nordpfeil" uid="1337142" lat="50.1785151" lon="8.6594847"/>
 <node id="4558780736" visible="true" version="1" changeset="44474285" timestamp="2016-12-17T16:55:01Z" user="mihof" uid="139202" lat="50.1678096" lon="8.6501740"/>
 <node id="4558780737" visible="true" version="1" changeset="44474285" timestamp="2016-12-17T16:55:01Z" user="mihof" uid="139202" lat="50.1664044" lon="8.6501074"/>
 <node id="4727805872" visible="true" version="2" changeset="88655212" timestamp="2020-07-29T06:06:45Z" user="HoloDuke" uid="75317" lat="50.1780984" lon="8.6597221">
  <tag k="barrier" v="lift_gate"/>
 </node>
 <node id="4727805877" visible="true" version="1" changeset="46739850" timestamp="2017-03-10T14:14:18Z" user="furban" uid="29819" lat="50.1787215" lon="8.6593716">
  <tag k="barrier" v="gate"/>
 </node>
 <node id="6071168297" visible="true" version="1" changeset="64626099" timestamp="2018-11-18T17:15:34Z" user="aseerel4c26" uid="694726" lat="50.1776063" lon="8.6642909"/>
 <node id="6690558031" visible="true" version="1" changeset="73101124" timestamp="2019-08-07T09:29:55Z" user="Nmxosm" uid="6060703" lat="50.1700317" lon="8.6518158"/>
 <node id="6690612315" visible="true" version="1" changeset="73101124" timestamp="2019-08-07T09:29:55Z" user="Nmxosm" uid="6060703" lat="50.1712689" lon="8.6523494"/>
 <node id="6691266295" visible="true" version="2" changeset="73566539" timestamp="2019-08-21T07:25:49Z" user="HoloDuke" uid="75317" lat="50.1798845" lon="8.6586282"/>
 <node id="6691266296" visible="true" version="2" changeset="73566539" timestamp="2019-08-21T07:25:49Z" user="HoloDuke" uid="75317" lat="50.1810798" lon="8.6566889"/>
 <node id="6691266297" visible="true" version="2" changeset="73566539" timestamp="2019-08-21T07:25:49Z" user="HoloDuke" uid="75317" lat="50.1811620" lon="8.6565589"/>
 <node id="6691266298" visible="true" version="1" changeset="73116054" timestamp="2019-08-07T14:48:58Z" user="Nmxosm" uid="6060703" lat="50.1812704" lon="8.6563589"/>
 <node id="6691308444" visible="true" version="1" changeset="73116054" timestamp="2019-08-07T15:07:01Z" user="Nmxosm" uid="6060703" lat="50.1803989" lon="8.6577797"/>
 <node id="6691308445" visible="true" version="1" changeset="73116054" timestamp="2019-08-07T15:07:01Z" user="Nmxosm" uid="6060703" lat="50.1805669" lon="8.6574709"/>
 <node id="6728957255" visible="true" version="1" changeset="73566539" timestamp="2019-08-21T07:25:49Z" user="HoloDuke" uid="75317" lat="50.1779675" lon="8.6698290"/>
 <node id="6728957256" visible="true" version="1" changeset="73566539" timestamp="2019-08-21T07:25:49Z" user="HoloDuke" uid="75317" lat="50.1777902" lon="8.6683023"/>
 <node id="6728957257" visible="true" version="1" changeset="73566539" timestamp="2019-08-21T07:25:49Z" user="HoloDuke" uid="75317" lat="50.1766848" lon="8.6651370"/>
 <node id="6899904293" visible="true" version="1" changeset="75949267" timestamp="2019-10-20T10:13:13Z" user="sokolgeo" uid="226626" lat="50.1836999" lon="8.6505452"/>
 <node id="7746493227" visible="true" version="3" changeset="161779430" timestamp="2025-01-26T13:07:02Z" user="GudeNDude" uid="22426146" lat="50.1774880" lon="8.6591356"/>
 <node id="7746493228" visible="true" version="2" changeset="107179050" timestamp="2021-06-30T04:01:30Z" user="kaltuna" uid="1386271" lat="50.1778728" lon="8.6600416"/>
 <node id="7746493229" visible="true" version="2" changeset="107179050" timestamp="2021-06-30T04:01:30Z" user="kaltuna" uid="1386271" lat="50.1778941" lon="8.6601358"/>
 <node id="7746493230" visible="true" version="2" changeset="107179050" timestamp="2021-06-30T04:01:30Z" user="kaltuna" uid="1386271" lat="50.1778195" lon="8.6601770"/>
 <node id="7746493231" visible="true" version="2" changeset="107179050" timestamp="2021-06-30T04:01:30Z" user="kaltuna" uid="1386271" lat="50.1777982" lon="8.6600828"/>
 <node id="7764299048" visible="true" version="1" changeset="88655212" timestamp="2020-07-29T06:06:45Z" user="HoloDuke" uid="75317" lat="50.1772704" lon="8.6606125"/>
 <node id="7799503639" visible="true" version="1" changeset="89167717" timestamp="2020-08-09T23:11:26Z" user="MyIgel" uid="2140625" lat="50.1785388" lon="8.6592364"/>
 <node id="7799503640" visible="true" version="1" changeset="89167717" timestamp="2020-08-09T23:11:26Z" user="MyIgel" uid="2140625" lat="50.1785555" lon="8.6593105"/>
 <node id="7799503641" visible="true" version="1" changeset="89167717" timestamp="2020-08-09T23:11:26Z" user="MyIgel" uid="2140625" lat="50.1785056" lon="8.6593380"/>
 <node id="7799503642" visible="true" version="1" changeset="89167717" timestamp="2020-08-09T23:11:26Z" user="MyIgel" uid="2140625" lat="50.1784889" lon="8.6592639"/>
 <node id="8360322977" visible="true" version="1" changeset="98110754" timestamp="2021-01-25T10:16:11Z" user="Max--" uid="34555" lat="50.1753829" lon="8.6553429"/>
 <node id="8360322978" visible="true" version="1" changeset="98110754" timestamp="2021-01-25T10:16:11Z" user="Max--" uid="34555" lat="50.1754037" lon="8.6554000"/>
 <node id="8360322979" visible="true" version="1" changeset="98110754" timestamp="2021-01-25T10:16:11Z" user="Max--" uid="34555" lat="50.1754913" lon="8.6554697"/>
 <node id="8360322980" visible="true" version="1" changeset="98110754" timestamp="2021-01-25T10:16:11Z" user="Max--" uid="34555" lat="50.1755875" lon="8.6556280"/>
 <node id="8360322981" visible="true" version="1" changeset="98110754" timestamp="2021-01-25T10:16:11Z" user="Max--" uid="34555" lat="50.1756682" lon="8.6556843"/>
 <node id="8360322982" visible="true" version="1" changeset="98110754" timestamp="2021-01-25T10:16:11Z" user="Max--" uid="34555" lat="50.1757215" lon="8.6555716"/>
 <node id="8360322983" visible="true" version="2" changeset="153854634" timestamp="2024-07-12T12:51:13Z" user="Senihtu" uid="18511019" lat="50.1776420" lon="8.6619246"/>
 <node id="8360322984" visible="true" version="2" changeset="153854634" timestamp="2024-07-12T12:51:13Z" user="Senihtu" uid="18511019" lat="50.1778838" lon="8.6617901"/>
 <node id="8360322985" visible="true" version="1" changeset="98110754" timestamp="2021-01-25T10:16:11Z" user="Max--" uid="34555" lat="50.1781452" lon="8.6631489"/>
 <node id="8360322986" visible="true" version="2" changeset="117730661" timestamp="2022-02-22T14:44:04Z" user="B0rax" uid="14562691" lat="50.1785018" lon="8.6630049"/>
 <node id="8360322987" visible="true" version="1" changeset="98110754" timestamp="2021-01-25T10:16:11Z" user="Max--" uid="34555" lat="50.1751622" lon="8.6567507"/>
 <node id="8360342969" visible="true" version="1" changeset="98110754" timestamp="2021-01-25T10:16:11Z" user="Max--" uid="34555" lat="50.1756871" lon="8.6553973"/>
 <node id="8360342970" visible="true" version="1" changeset="98110754" timestamp="2021-01-25T10:16:11Z" user="Max--" uid="34555" lat="50.1759345" lon="8.6552229"/>
 <node id="8360342971" visible="true" version="1" changeset="98110754" timestamp="2021-01-25T10:16:11Z" user="Max--" uid="34555" lat="50.1760962" lon="8.6551880"/>
 <node id="8360342972" visible="true" version="1" changeset="98110754" timestamp="2021-01-25T10:16:11Z" user="Max--" uid="34555" lat="50.1759014" lon="8.6545434"/>
 <node id="8360342973" visible="true" version="1" changeset="98110754" timestamp="2021-01-25T10:16:11Z" user="Max--" uid="34555" lat="50.1758587" lon="8.6544006"/>
 <node id="8360342974" visible="true" version="1" changeset="98110754" timestamp="2021-01-25T10:16:11Z" user="Max--" uid="34555" lat="50.1779040" lon="8.6562154"/>
 <node id="8360342975" visible="true" version="1" changeset="98110754" timestamp="2021-01-25T10:16:11Z" user="Max--" uid="34555" lat="50.1776058" lon="8.6563629"/>
 <node id="8360342976" visible="true" version="1" changeset="98110754" timestamp="2021-01-25T10:16:11Z" user="Max--" uid="34555" lat="50.1772142" lon="8.6562234"/>
 <node id="8360342977" visible="true" version="1" changeset="98110754" timestamp="2021-01-25T10:16:11Z" user="Max--" uid="34555" lat="50.1771558" lon="8.6558533"/>
 <node id="8360342978" visible="true" version="1" changeset="98110754" timestamp="2021-01-25T10:16:11Z" user="Max--" uid="34555" lat="50.1773344" lon="8.6558372"/>
 <node id="8360342979" visible="true" version="1" changeset="98110754" timestamp="2021-01-25T10:16:11Z" user="Max--" uid="34555" lat="50.1773997" lon="8.6552310"/>
 <node id="8360342980" visible="true" version="1" changeset="98110754" timestamp="2021-01-25T10:16:11Z" user="Max--" uid="34555" lat="50.1769995" lon="8.6551613"/>
 <node id="8360342981" visible="true" version="1" changeset="98110754" timestamp="2021-01-25T10:16:11Z" user="Max--" uid="34555" lat="50.1764567" lon="8.6554670"/>
 <node id="8360342982" visible="true" version="1" changeset="98110754" timestamp="2021-01-25T10:16:11Z" user="Max--" uid="34555" lat="50.1761767" lon="8.6555609"/>
 <node id="8360342983" visible="true" version="1" changeset="98110754" timestamp="2021-01-25T10:16:11Z" user="Max--" uid="34555" lat="50.1760736" lon="8.6550835"/>
 <node id="8360342984" visible="true" version="1" changeset="98110754" timestamp="2021-01-25T10:16:11Z" user="Max--" uid="34555" lat="50.1758640" lon="8.6544263"/>
 <node id="8360342985" visible="true" version="1" changeset="98110754" timestamp="2021-01-25T10:16:11Z" user="Max--" uid="34555" lat="50.1757438" lon="8.6538497"/>
 <node id="8360342986" visible="true" version="1" changeset="98110754" timestamp="2021-01-25T10:16:11Z" user="Max--" uid="34555" lat="50.1761303" lon="8.6524978"/>
 <node id="8360342987" visible="true" version="1" changeset="98110754" timestamp="2021-01-25T10:16:11Z" user="Max--" uid="34555" lat="50.1762316" lon="8.6526588"/>
 <node id="8360342988" visible="true" version="1" changeset="98110754" timestamp="2021-01-25T10:16:11Z" user="Max--" uid="34555" lat="50.1763450" lon="8.6529297"/>
 <node id="8360342989" visible="true" version="1" changeset="98110754" timestamp="2021-01-25T10:16:11Z" user="Max--" uid="34555" lat="50.1764799" lon="8.6531322"/>
 <node id="8360342990" visible="true" version="1" changeset="98110754" timestamp="2021-01-25T10:16:11Z" user="Max--" uid="34555" lat="50.1766473" lon="8.6529377"/>
 <node id="8360342991" visible="true" version="1" changeset="98110754" timestamp="2021-01-25T10:16:11Z" user="Max--" uid="34555" lat="50.1767856" lon="8.6529900"/>
 <node id="8360342992" visible="true" version="1" changeset="98110754" timestamp="2021-01-25T10:16:11Z" user="Max--" uid="34555" lat="50.1768835" lon="8.6530678"/>
 <node id="8360342993" visible="true" version="1" changeset="98110754" timestamp="2021-01-25T10:16:11Z" user="Max--" uid="34555" lat="50.1770235" lon="8.6532032"/>
 <node id="8360342994" visible="true" version="1" changeset="98110754" timestamp="2021-01-25T10:16:11Z" user="Max--" uid="34555" lat="50.1771644" lon="8.6532035"/>
 <node id="8360342995" visible="true" version="1" changeset="98110754" timestamp="2021-01-25T10:16:11Z" user="Max--" uid="34555" lat="50.1747101" lon="8.6521189"/>
 <node id="8360342996" visible="true" version="1" changeset="98110754" timestamp="2021-01-25T10:16:11Z" user="Max--" uid="34555" lat="50.1747200" lon="8.6523879"/>
 <node id="8360342997" visible="true" version="1" changeset="98110754" timestamp="2021-01-25T10:16:11Z" user="Max--" uid="34555" lat="50.1749330" lon="8.6526722"/>
 <node id="8360342998" visible="true" version="1" changeset="98110754" timestamp="2021-01-25T10:16:11Z" user="Max--" uid="34555" lat="50.1750945" lon="8.6531228"/>
 <node id="8360342999" visible="true" version="1" changeset="98110754" timestamp="2021-01-25T10:16:11Z" user="Max--" uid="34555" lat="50.1754105" lon="8.6533105"/>
 <node id="8360343000" visible="true" version="1" changeset="98110754" timestamp="2021-01-25T10:16:11Z" user="Max--" uid="34555" lat="50.1755033" lon="8.6527848"/>
 <node id="8360343001" visible="true" version="1" changeset="98110754" timestamp="2021-01-25T10:16:11Z" user="Max--" uid="34555" lat="50.1756888" lon="8.6522269"/>
 <node id="8360343002" visible="true" version="1" changeset="98110754" timestamp="2021-01-25T10:16:11Z" user="Max--" uid="34555" lat="50.1758159" lon="8.6523932"/>
 <node id="8360343003" visible="true" version="1" changeset="98110754" timestamp="2021-01-25T10:16:11Z" user="Max--" uid="34555" lat="50.1761423" lon="8.6524308"/>
 <node id="8360343007" visible="true" version="1" changeset="98110754" timestamp="2021-01-25T10:16:11Z" user="Max--" uid="34555" lat="50.1764532" lon="8.6511702"/>
 <node id="8360343008" visible="true" version="1" changeset="98110754" timestamp="2021-01-25T10:16:11Z" user="Max--" uid="34555" lat="50.1773026" lon="8.6535922"/>
 <node id="8360343009" visible="true" version="1" changeset="98110754" timestamp="2021-01-25T10:16:11Z" user="Max--" uid="34555" lat="50.1763321" lon="8.6508000"/>
 <node id="8360343010" visible="true" version="1" changeset="98110754" timestamp="2021-01-25T10:16:11Z" user="Max--" uid="34555" lat="50.1743086" lon="8.6530919"/>
 <node id="8360343011" visible="true" version="1" changeset="98110754" timestamp="2021-01-25T10:16:11Z" user="Max--" uid="34555" lat="50.1745594" lon="8.6535238"/>
 <node id="8664633387" visible="true" version="4" changeset="151071092" timestamp="2024-05-08T18:49:52Z" user="VOY4GER" uid="3798823" lat="50.1777372" lon="8.6604181">
  <tag k="access" v="private"/>
  <tag k="amenity" v="public_bookcase"/>
  <tag k="covered" v="no"/>
  <tag k="indoor" v="no"/>
  <tag k="lit" v="no"/>
  <tag k="location" v="outdoor"/>
  <tag k="name" v="Offener Bücherschrank"/>
  <tag k="name:de" v="Offener Bücherschrank"/>
  <tag k="opening_hours" v="24/7"/>
  <tag k="public_bookcase:type" v="metal_cabinet"/>
  <tag k="source" v="survey"/>
  <tag k="support" v="ground"/>
  <tag k="wheelchair" v="yes"/>
 </node>
 <node id="8941295572" visible="true" version="1" changeset="108424678" timestamp="2021-07-22T11:27:17Z" user="Rob-Dog" uid="12923747" lat="50.1763566" lon="8.6612013">
  <tag k="description" v="Im Gedenken an den Dichter Friedrich Hölderlin"/>
  <tag k="historic" v="memorial"/>
  <tag k="memorial" v="plaque"/>
 </node>
 <node id="8941295573" visible="true" version="2" changeset="163685938" timestamp="2025-03-16T12:20:14Z" user="VOY4GER" uid="3798823" lat="50.1763659" lon="8.6612329">
  <tag k="board_type" v="history"/>
  <tag k="description" v="In naher Ferne - Der Hölderlin-Pfad"/>
  <tag k="information" v="board"/>
  <tag k="name" v="In &quot;Naher Ferne&quot; - Der Hölderlinpfad"/>
  <tag k="tourism" v="information"/>
 </node>
 <node id="8941295574" visible="true" version="1" changeset="108424678" timestamp="2021-07-22T11:27:17Z" user="Rob-Dog" uid="12923747" lat="50.1780416" lon="8.6599900">
  <tag k="amenity" v="bicycle_parking"/>
  <tag k="bicycle_parking" v="stands"/>
  <tag k="capacity" v="14"/>
  <tag k="covered" v="no"/>
  <tag k="fee" v="no"/>
  <tag k="lit" v="no"/>
  <tag k="supervised" v="no"/>
  <tag k="surface" v="grass"/>
 </node>
 <node id="8941295575" visible="true" version="3" changeset="151545399" timestamp="2024-05-19T17:53:34Z" user="VOY4GER" uid="3798823" lat="50.1780961" lon="8.6602821">
  <tag k="access" v="yes"/>
  <tag k="amenity" v="bicycle_parking"/>
  <tag k="bicycle_parking" v="stands"/>
  <tag k="bike_ride" v="no"/>
  <tag k="capacity" v="6"/>
  <tag k="covered" v="no"/>
  <tag k="fee" v="no"/>
  <tag k="indoor" v="no"/>
  <tag k="lit" v="no"/>
  <tag k="operator:type" v="public"/>
  <tag k="source" v="local knowledge;survey"/>
  <tag k="supervised" v="no"/>
  <tag k="surface" v="grass"/>
 </node>
 <node id="8941295576" visible="true" version="2" changeset="108430472" timestamp="2021-07-22T12:59:35Z" user="Rob-Dog" uid="12923747" lat="50.1763493" lon="8.6611749">
  <tag k="guidepost" v="bicycle"/>
  <tag k="information" v="guidepost"/>
  <tag k="tourism" v="information"/>
 </node>
 <node id="8941295577" visible="true" version="1" changeset="108424678" timestamp="2021-07-22T11:27:17Z" user="Rob-Dog" uid="12923747" lat="50.1769605" lon="8.6607133">
  <tag k="description" v="Lageplan Alter Flugplatz"/>
  <tag k="information" v="map"/>
  <tag k="map_size" v="site"/>
  <tag k="map_type" v="scheme"/>
  <tag k="tourism" v="information"/>
 </node>
 <node id="8941295578" visible="true" version="1" changeset="108424678" timestamp="2021-07-22T11:27:17Z" user="Rob-Dog" uid="12923747" lat="50.1763204" lon="8.6610981">
  <tag k="amenity" v="waste_basket"/>
  <tag k="colour" v="gray"/>
  <tag k="material" v="steel"/>
  <tag k="waste" v="trash"/>
 </node>
 <node id="8941295579" visible="true" version="2" changeset="163685938" timestamp="2025-03-16T12:17:09Z" user="VOY4GER" uid="3798823" lat="50.1779627" lon="8.6603864">
  <tag k="board_type" v="sight"/>
  <tag k="description" v="Alter Flugplatz und die Natur des Grüngürtel"/>
  <tag k="information" v="board"/>
  <tag k="noname" v="yes"/>
  <tag k="tourism" v="information"/>
 </node>
 <node id="9347143715" visible="true" version="1" changeset="115068570" timestamp="2021-12-17T18:56:55Z" user="mueschel" uid="616774" lat="50.1764492" lon="8.6601999"/>
 <node id="9347143716" visible="true" version="1" changeset="115068570" timestamp="2021-12-17T18:56:55Z" user="mueschel" uid="616774" lat="50.1762467" lon="8.6597091"/>
 <node id="9347207617" visible="true" version="1" changeset="115068570" timestamp="2021-12-17T18:56:55Z" user="mueschel" uid="616774" lat="50.1769627" lon="8.6607486"/>
 <node id="9347207618" visible="true" version="1" changeset="115068570" timestamp="2021-12-17T18:56:55Z" user="mueschel" uid="616774" lat="50.1769064" lon="8.6607365"/>
 <node id="9527379095" visible="true" version="1" changeset="117730661" timestamp="2022-02-22T14:44:04Z" user="B0rax" uid="14562691" lat="50.1777630" lon="8.6641558"/>
 <node id="9527379096" visible="true" version="1" changeset="117730661" timestamp="2022-02-22T14:44:04Z" user="B0rax" uid="14562691" lat="50.1780566" lon="8.6641787"/>
 <node id="9527379097" visible="true" version="1" changeset="117730661" timestamp="2022-02-22T14:44:04Z" user="B0rax" uid="14562691" lat="50.1786764" lon="8.6639015"/>
 <node id="9817514101" visible="true" version="1" changeset="122378040" timestamp="2022-06-14T15:40:08Z" user="n4ch" uid="15648468" lat="50.1780819" lon="8.6603465"/>
 <node id="9817514102" visible="true" version="1" changeset="122378040" timestamp="2022-06-14T15:40:08Z" user="n4ch" uid="15648468" lat="50.1780364" lon="8.6601366"/>
 <node id="10143404354" visible="true" version="1" changeset="128310188" timestamp="2022-10-31T17:38:15Z" user="trailschneck" uid="199270" lat="50.1776235" lon="8.6626802"/>
 <node id="11304119956" visible="true" version="1" changeset="143466042" timestamp="2023-11-01T10:13:17Z" user="mueschel" uid="616774" lat="50.1780735" lon="8.6601361">
  <tag k="amenity" v="waste_basket"/>
  <tag k="check_date" v="2020-12-30"/>
 </node>
 <node id="11587535500" visible="true" version="1" changeset="147100279" timestamp="2024-02-05T16:17:15Z" user="sarawaremono" uid="14438700" lat="50.1791153" lon="8.6609699"/>
 <node id="12029665594" visible="true" version="1" changeset="153469220" timestamp="2024-07-02T17:46:52Z" user="PHerison" uid="28378" lat="50.1783738" lon="8.6645280"/>
 <node id="12049235571" visible="true" version="1" changeset="153851947" timestamp="2024-07-12T11:47:56Z" user="Senihtu" uid="18511019" lat="50.1776497" lon="8.6617398"/>
 <node id="12533890267" visible="true" version="1" changeset="161779430" timestamp="2025-01-26T13:07:02Z" user="GudeNDude" uid="22426146" lat="50.1783244" lon="8.6586713"/>
 <node id="12533890268" visible="true" version="1" changeset="161779430" timestamp="2025-01-26T13:07:02Z" user="GudeNDude" uid="22426146" lat="50.1777743" lon="8.6589729"/>
 <node id="12533890269" visible="true" version="1" changeset="161779430" timestamp="2025-01-26T13:07:02Z" user="GudeNDude" uid="22426146" lat="50.1781939" lon="8.6581147"/>
 <node id="12533890270" visible="true" version="1" changeset="161779430" timestamp="2025-01-26T13:07:02Z" user="GudeNDude" uid="22426146" lat="50.1776404" lon="8.6584086"/>
 <node id="12533890271" visible="true" version="1" changeset="161779430" timestamp="2025-01-26T13:07:02Z" user="GudeNDude" uid="22426146" lat="50.1776694" lon="8.6590851"/>
 <node id="12533890272" visible="true" version="1" changeset="161779430" timestamp="2025-01-26T13:07:02Z" user="GudeNDude" uid="22426146" lat="50.1776875" lon="8.6591621"/>
 <node id="12533890273" visible="true" version="1" changeset="161779430" timestamp="2025-01-26T13:07:02Z" user="GudeNDude" uid="22426146" lat="50.1777404" lon="8.6591318"/>
 <node id="12533890274" visible="true" version="1" changeset="161779430" timestamp="2025-01-26T13:07:02Z" user="GudeNDude" uid="22426146" lat="50.1777223" lon="8.6590548"/>
 <node id="12533890275" visible="true" version="1" changeset="161779430" timestamp="2025-01-26T13:07:02Z" user="GudeNDude" uid="22426146" lat="50.1773639" lon="8.6585612"/>
 <node id="12533890276" visible="true" version="1" changeset="161779430" timestamp="2025-01-26T13:07:02Z" user="GudeNDude" uid="22426146" lat="50.1774129" lon="8.6585341"/>
 <node id="12533890277" visible="true" version="1" changeset="161779430" timestamp="2025-01-26T13:07:02Z" user="GudeNDude" uid="22426146" lat="50.1773568" lon="8.6582648"/>
 <node id="12533890278" visible="true" version="1" changeset="161779430" timestamp="2025-01-26T13:07:02Z" user="GudeNDude" uid="22426146" lat="50.1779885" lon="8.6578421"/>
 <node id="12533890279" visible="true" version="1" changeset="161779430" timestamp="2025-01-26T13:07:02Z" user="GudeNDude" uid="22426146" lat="50.1780582" lon="8.6581868"/>
 <node id="12533890280" visible="true" version="1" changeset="161779430" timestamp="2025-01-26T13:07:02Z" user="GudeNDude" uid="22426146" lat="50.1775853" lon="8.6572453"/>
 <node id="12533890281" visible="true" version="1" changeset="161779430" timestamp="2025-01-26T13:07:02Z" user="GudeNDude" uid="22426146" lat="50.1770501" lon="8.6556738"/>
 <node id="12533890282" visible="true" version="1" changeset="161779430" timestamp="2025-01-26T13:07:02Z" user="GudeNDude" uid="22426146" lat="50.1777372" lon="8.6570027"/>
 <node id="12533890283" visible="true" version="1" changeset="161779430" timestamp="2025-01-26T13:07:02Z" user="GudeNDude" uid="22426146" lat="50.1776535" lon="8.6564965"/>
 <node id="12533890284" visible="true" version="1" changeset="161779430" timestamp="2025-01-26T13:07:02Z" user="GudeNDude" uid="22426146" lat="50.1774997" lon="8.6561489"/>
 <node id="12533890285" visible="true" version="1" changeset="161779430" timestamp="2025-01-26T13:07:02Z" user="GudeNDude" uid="22426146" lat="50.1773423" lon="8.6558902"/>
 <node id="12533953498" visible="true" version="1" changeset="161780434" timestamp="2025-01-26T13:34:14Z" user="GudeNDude" uid="22426146" lat="50.1784042" lon="8.6599450"/>
 <node id="12533953499" visible="true" version="1" changeset="161780434" timestamp="2025-01-26T13:34:14Z" user="GudeNDude" uid="22426146" lat="50.1784112" lon="8.6599793"/>
 <node id="12579668092" visible="true" version="1" changeset="162405128" timestamp="2025-02-11T19:54:48Z" user="GudeNDude" uid="22426146" lat="50.1769417" lon="8.6552850"/>
 <node id="12579668093" visible="true" version="1" changeset="162405128" timestamp="2025-02-11T19:54:48Z" user="GudeNDude" uid="22426146" lat="50.1770200" lon="8.6556337">
  <tag k="access" v="no"/>
  <tag k="barrier" v="chain"/>
 </node>
 <node id="12579668094" visible="true" version="1" changeset="162405128" timestamp="2025-02-11T19:54:48Z" user="GudeNDude" uid="22426146" lat="50.1773783" lon="8.6583680">
  <tag k="barrier" v="bollard"/>
 </node>
 <node id="12579668095" visible="true" version="1" changeset="162405128" timestamp="2025-02-11T19:54:48Z" user="GudeNDude" uid="22426146" lat="50.1775735" lon="8.6580934"/>
 <node id="12579668096" visible="true" version="1" changeset="162405128" timestamp="2025-02-11T19:54:48Z" user="GudeNDude" uid="22426146" lat="50.1776039" lon="8.6582367">
  <tag k="barrier" v="bollard"/>
 </node>
 <node id="12579668097" visible="true" version="1" changeset="162405128" timestamp="2025-02-11T19:54:48Z" user="GudeNDude" uid="22426146" lat="50.1773840" lon="8.6572513">
  <tag k="access" v="no"/>
  <tag k="barrier" v="chain"/>
 </node>
 <node id="12579668098" visible="true" version="1" changeset="162405128" timestamp="2025-02-11T19:54:48Z" user="GudeNDude" uid="22426146" lat="50.1762771" lon="8.6555960"/>
 <node id="12579668099" visible="true" version="1" changeset="162405128" timestamp="2025-02-11T19:54:48Z" user="GudeNDude" uid="22426146" lat="50.1761434" lon="8.6550219"/>
 <node id="12580075274" visible="true" version="1" changeset="162405402" timestamp="2025-02-11T20:02:41Z" user="GudeNDude" uid="22426146" lat="50.1769729" lon="8.6554241">
  <tag k="board_type" v="nature"/>
  <tag k="information" v="board"/>
  <tag k="name" v="Die Libellen - schöner als jeder Hubschrauber"/>
  <tag k="operator" v="GrünGürtel Frankfurt"/>
  <tag k="tourism" v="information"/>
 </node>
 <node id="12707441147" visible="true" version="2" changeset="165420055" timestamp="2025-04-25T11:45:08Z" user="VOY4GER" uid="3798823" lat="50.1783648" lon="8.6599627">
  <tag k="information" v="map"/>
  <tag k="tourism" v="information"/>
 </node>
 <node id="12785717971" visible="true" version="4" changeset="165420198" timestamp="2025-04-25T11:48:10Z" user="VOY4GER" uid="3798823" lat="50.1781681" lon="8.6608367">
  <tag k="amenity" v="bicycle_parking"/>
  <tag k="bicycle_parking" v="wall_loops"/>
  <tag k="capacity" v="6"/>
  <tag k="covered" v="no"/>
 </node>
 <node id="12785724591" visible="true" version="4" changeset="165420157" timestamp="2025-04-25T11:47:24Z" user="VOY4GER" uid="3798823" lat="50.1782282" lon="8.6607144">
  <tag k="emergency" v="fire_hydrant"/>
  <tag k="fire_hydrant:diameter" v="100"/>
  <tag k="fire_hydrant:position" v="green"/>
  <tag k="fire_hydrant:type" v="pillar"/>
 </node>
 <node id="12785731565" visible="true" version="1" changeset="165420113" timestamp="2025-04-25T11:49:36Z" user="VOY4GER" uid="3798823" lat="50.1783133" lon="8.6610931">
  <tag k="man_made" v="insect_hotel"/>
 </node>
 <node id="12785734559" visible="true" version="3" changeset="165420242" timestamp="2025-04-25T11:49:08Z" user="VOY4GER" uid="3798823" lat="50.1782277" lon="8.6609387">
  <tag k="board_type" v="wildlife"/>
  <tag k="information" v="board"/>
  <tag k="name" v="Wildbienen und Artenvielfalt"/>
  <tag k="tourism" v="information"/>
 </node>
 <node id="12785753488" visible="true" version="3" changeset="165420242" timestamp="2025-04-25T11:51:09Z" user="VOY4GER" uid="3798823" lat="50.1783432" lon="8.6614117">
  <tag k="board_type" v="nature"/>
  <tag k="information" v="board"/>
  <tag k="name" v="Auf dem Weg ins Innere"/>
  <tag k="tourism" v="information"/>
 </node>
 <node id="12785757041" visible="true" version="1" changeset="165420113" timestamp="2025-04-25T11:46:29Z" user="VOY4GER" uid="3798823" lat="50.1781722" lon="8.6606298">
  <tag k="amenity" v="waste_basket"/>
 </node>
 <node id="12785764744" visible="true" version="4" changeset="165420198" timestamp="2025-04-25T11:54:03Z" user="VOY4GER" uid="3798823" lat="50.1778522" lon="8.6607308">
  <tag k="amenity" v="bicycle_parking"/>
  <tag k="bicycle_parking" v="wall_loops"/>
  <tag k="capacity" v="6"/>
  <tag k="covered" v="no"/>
 </node>
 <node id="12785776776" visible="true" version="1" changeset="165420113" timestamp="2025-04-25T11:52:08Z" user="VOY4GER" uid="3798823" lat="50.1782288" lon="8.6618821">
  <tag k="attraction" v="maze"/>
 </node>
 <node id="12785782955" visible="true" version="1" changeset="165420113" timestamp="2025-04-25T11:55:58Z" user="VOY4GER" uid="3798823" lat="50.1766996" lon="8.6608732">
  <tag k="artwork_type" v="sculpture"/>
  <tag k="tourism" v="artwork"/>
 </node>
 <way id="4579355" visible="true" version="10" changeset="115834343" timestamp="2022-01-06T12:08:47Z" user="theraser" uid="694515">
  <nd ref="28929796"/>
  <nd ref="271395560"/>
  <tag k="bicycle" v="designated"/>
  <tag k="foot" v="designated"/>
  <tag k="highway" v="path"/>
  <tag k="lcn" v="yes"/>
  <tag k="lit" v="no"/>
  <tag k="segregated" v="no"/>
  <tag k="surface" v="paving_stones"/>
 </way>
 <way id="4616493" visible="true" version="13" changeset="165420824" timestamp="2025-04-25T12:01:59Z" user="VOY4GER" uid="3798823">
  <nd ref="6071168297"/>
  <nd ref="2282500065"/>
  <nd ref="29274893"/>
  <nd ref="10143404354"/>
  <nd ref="1068449858"/>
  <nd ref="662739867"/>
  <tag k="bicycle" v="yes"/>
  <tag k="highway" v="path"/>
  <tag k="lit" v="no"/>
  <tag k="mtb:scale" v="0"/>
  <tag k="surface" v="grass"/>
 </way>
 <way id="4673933" visible="true" version="11" changeset="135023474" timestamp="2023-04-17T16:44:20Z" user="sarawaremono" uid="14438700">
  <nd ref="27471026"/>
  <nd ref="4061816613"/>
  <nd ref="945205660"/>
  <nd ref="29683547"/>
  <nd ref="1068449788"/>
  <nd ref="2146569918"/>
  <nd ref="2146569917"/>
  <nd ref="1068449657"/>
  <nd ref="2146569910"/>
  <nd ref="2146569904"/>
  <nd ref="32686946"/>
  <tag k="bicycle" v="yes"/>
  <tag k="highway" v="track"/>
  <tag k="lcn" v="yes"/>
  <tag k="motor_vehicle:forward" v="no"/>
  <tag k="surface" v="compacted"/>
  <tag k="tracktype" v="grade3"/>
 </way>
 <way id="4858327" visible="true" version="15" changeset="139800100" timestamp="2023-08-12T19:26:19Z" user="tg4567" uid="12500589">
  <nd ref="28929800"/>
  <nd ref="8360343009"/>
  <nd ref="8360343007"/>
  <nd ref="28929803"/>
  <nd ref="8360342994"/>
  <nd ref="661987353"/>
  <nd ref="8360343008"/>
  <nd ref="661987352"/>
  <nd ref="661987358"/>
  <nd ref="661987357"/>
  <nd ref="8360342974"/>
  <nd ref="30014625"/>
  <nd ref="33832876"/>
  <nd ref="30014621"/>
  <nd ref="30014622"/>
  <nd ref="661987427"/>
  <nd ref="661987425"/>
  <nd ref="661987436"/>
  <nd ref="30014623"/>
  <nd ref="661987445"/>
  <nd ref="30014624"/>
  <nd ref="661987444"/>
  <nd ref="1068449617"/>
  <nd ref="661987454"/>
  <nd ref="661987459"/>
  <nd ref="661987458"/>
  <nd ref="28929805"/>
  <nd ref="28929806"/>
  <nd ref="661987455"/>
  <nd ref="661987452"/>
  <nd ref="661987447"/>
  <nd ref="661987446"/>
  <nd ref="661987448"/>
  <nd ref="661987418"/>
  <nd ref="661987419"/>
  <nd ref="661987420"/>
  <nd ref="661987405"/>
  <nd ref="661987400"/>
  <nd ref="661987396"/>
  <nd ref="661987394"/>
  <nd ref="661987392"/>
  <nd ref="661987390"/>
  <nd ref="661987378"/>
  <nd ref="661987379"/>
  <nd ref="661987382"/>
  <nd ref="661987377"/>
  <nd ref="661987360"/>
  <nd ref="1068449634"/>
  <nd ref="8360322977"/>
  <nd ref="661987370"/>
  <nd ref="1068449582"/>
  <nd ref="661987348"/>
  <nd ref="1068449650"/>
  <nd ref="1068449774"/>
  <nd ref="8360343011"/>
  <nd ref="8360343010"/>
  <nd ref="661987338"/>
  <nd ref="8360342995"/>
  <nd ref="661987346"/>
  <nd ref="661987347"/>
  <nd ref="661987342"/>
  <nd ref="1068449757"/>
  <nd ref="1068449846"/>
  <nd ref="28929800"/>
  <tag k="landuse" v="recreation_ground"/>
  <tag k="leisure" v="park"/>
  <tag k="loc_name" v="Maurice-Rose-Airfield"/>
  <tag k="name" v="Alter Flugplatz"/>
  <tag k="note:de" v="Wird im Volksmund auch &quot;Maurice-Rose-Airfield&quot; genannt. So hieß der Flugplatz bei der USAF."/>
  <tag k="old_name" v="Maurice Rose Airfield"/>
  <tag k="wikidata" v="Q437856"/>
  <tag k="wikimedia_commons" v="Category:Alter Flugplatz (Frankfurter Grüngürtel)"/>
  <tag k="wikipedia" v="de:Alter Flugplatz (Frankfurter Grüngürtel)"/>
 </way>
 <way id="5048575" visible="true" version="13" changeset="162405128" timestamp="2025-02-11T19:54:48Z" user="GudeNDude" uid="22426146">
  <nd ref="661987424"/>
  <nd ref="12533890268"/>
  <nd ref="12533890270"/>
  <tag k="highway" v="service"/>
  <tag k="lit" v="no"/>
  <tag k="surface" v="asphalt"/>
 </way>
 <way id="5107537" visible="true" version="8" changeset="161779430" timestamp="2025-01-26T13:07:02Z" user="GudeNDude" uid="22426146">
  <nd ref="34962678"/>
  <nd ref="34962677"/>
  <nd ref="34962676"/>
  <nd ref="34962675"/>
  <nd ref="34962674"/>
  <nd ref="34962673"/>
  <nd ref="34962672"/>
  <nd ref="34962671"/>
  <nd ref="661987365"/>
  <nd ref="661987362"/>
  <nd ref="661987363"/>
  <nd ref="661987361"/>
  <nd ref="661987349"/>
  <nd ref="34962670"/>
  <nd ref="34962669"/>
  <nd ref="34962668"/>
  <nd ref="661987354"/>
  <nd ref="34962667"/>
  <nd ref="34962666"/>
  <nd ref="34962680"/>
  <nd ref="267521465"/>
  <nd ref="34962679"/>
  <nd ref="34962678"/>
  <tag k="boundary" v="protected_area"/>
  <tag k="natural" v="wetland"/>
  <tag k="note:de" v="Lanschaftsschutzgebiet - Aufbruchflächen dienen der Wiederbeschiedelung durch die Natur. Das Betreten ist nicht erlaubt. Benutzung auf eigene Gefahr!"/>
  <tag k="protect_class" v="5"/>
 </way>
 <way id="23016672" visible="true" version="5" changeset="6907733" timestamp="2011-01-08T20:10:29Z" user="baeuchle" uid="221387">
  <nd ref="248162324"/>
  <nd ref="248162325"/>
  <nd ref="1092198832"/>
  <nd ref="248162326"/>
  <nd ref="248162327"/>
  <nd ref="1092199092"/>
  <nd ref="248162324"/>
  <tag k="landuse" v="allotments"/>
 </way>
 <way id="24609273" visible="true" version="3" changeset="161779430" timestamp="2025-01-26T13:07:02Z" user="GudeNDude" uid="22426146">
  <nd ref="267521465"/>
  <nd ref="267521477"/>
  <nd ref="267521476"/>
  <nd ref="267521475"/>
  <nd ref="267521474"/>
  <nd ref="267521472"/>
  <nd ref="267521471"/>
  <nd ref="267521470"/>
  <nd ref="267521468"/>
  <nd ref="267521467"/>
  <nd ref="267521466"/>
  <nd ref="12533890281"/>
  <nd ref="12533890285"/>
  <nd ref="12533890284"/>
  <nd ref="12533890283"/>
  <nd ref="12533890282"/>
  <nd ref="12533890280"/>
  <nd ref="267521465"/>
  <tag k="natural" v="water"/>
 </way>
 <way id="24609275" visible="true" version="2" changeset="10889588" timestamp="2012-03-06T12:41:09Z" user="ajoessen" uid="153031">
  <nd ref="267521490"/>
  <nd ref="267521491"/>
  <nd ref="267521492"/>
  <nd ref="267521493"/>
  <nd ref="267521494"/>
  <nd ref="267521495"/>
  <nd ref="267521496"/>
  <nd ref="267521497"/>
  <nd ref="267521498"/>
  <nd ref="267521499"/>
  <nd ref="267521500"/>
  <nd ref="267521501"/>
  <nd ref="267521502"/>
  <nd ref="267521503"/>
  <nd ref="267521504"/>
  <nd ref="267521505"/>
  <nd ref="267521490"/>
  <tag k="natural" v="water"/>
 </way>
 <way id="24976468" visible="true" version="12" changeset="133328637" timestamp="2023-03-05T15:02:16Z" user="BerenikeRe" uid="11196776">
  <nd ref="271395560"/>
  <nd ref="271395561"/>
  <tag k="bicycle" v="designated"/>
  <tag k="bridge" v="yes"/>
  <tag k="foot" v="designated"/>
  <tag k="highway" v="path"/>
  <tag k="layer" v="1"/>
  <tag k="lcn" v="yes"/>
  <tag k="lit" v="no"/>
  <tag k="name" v="Robert-Gernhardt-Brücke"/>
  <tag k="name:etymology:wikidata" v="Q70300"/>
  <tag k="name:etymology:wikipedia" v="de:Robert Gernhardt"/>
  <tag k="segregated" v="no"/>
  <tag k="surface" v="asphalt"/>
 </way>
 <way id="24976469" visible="true" version="22" changeset="115068570" timestamp="2021-12-17T18:56:55Z" user="mueschel" uid="616774">
  <nd ref="271395561"/>
  <nd ref="32234946"/>
  <nd ref="414502804"/>
  <nd ref="28929798"/>
  <nd ref="7764299048"/>
  <nd ref="662739890"/>
  <tag k="bicycle" v="designated"/>
  <tag k="bridge" v="yes"/>
  <tag k="foot" v="designated"/>
  <tag k="highway" v="path"/>
  <tag k="layer" v="1"/>
  <tag k="lcn" v="yes"/>
  <tag k="lit" v="no"/>
  <tag k="segregated" v="no"/>
  <tag k="surface" v="metal"/>
 </way>
 <way id="24976476" visible="true" version="13" changeset="168303437" timestamp="2025-06-30T10:43:25Z" user="pandabear" uid="72661">
  <nd ref="32622268"/>
  <nd ref="32622269"/>
  <nd ref="32622270"/>
  <nd ref="32622271"/>
  <nd ref="6899904293"/>
  <nd ref="32622272"/>
  <nd ref="32622273"/>
  <nd ref="32622274"/>
  <nd ref="32622275"/>
  <nd ref="2152136733"/>
  <nd ref="32622276"/>
  <nd ref="2685072903"/>
  <nd ref="850721847"/>
  <nd ref="32622384"/>
  <nd ref="32622277"/>
  <nd ref="661993197"/>
  <nd ref="661993202"/>
  <nd ref="11587535500"/>
  <nd ref="32622278"/>
  <nd ref="32622279"/>
  <nd ref="32622280"/>
  <nd ref="32622281"/>
  <nd ref="32622282"/>
  <nd ref="12029665594"/>
  <tag k="name" v="Kalbach"/>
  <tag k="waterway" v="stream"/>
  <tag k="wikidata" v="Q829146"/>
 </way>
 <way id="26979792" visible="true" version="7" changeset="124150329" timestamp="2022-07-27T17:13:08Z" user="Elch12" uid="20736">
  <nd ref="295710527"/>
  <nd ref="295710528"/>
  <nd ref="307985220"/>
  <tag k="highway" v="service"/>
  <tag k="service" v="parking_aisle"/>
  <tag k="source" v="GPS"/>
  <tag k="surface" v="pebblestone"/>
 </way>
 <way id="26979864" visible="true" version="12" changeset="163685904" timestamp="2025-03-16T12:16:08Z" user="VOY4GER" uid="3798823">
  <nd ref="295711193"/>
  <nd ref="1255672385"/>
  <nd ref="1255673780"/>
  <nd ref="295711195"/>
  <nd ref="295711196"/>
  <nd ref="1255671981"/>
  <nd ref="295711197"/>
  <nd ref="295711198"/>
  <nd ref="295711199"/>
  <nd ref="295711200"/>
  <nd ref="295711201"/>
  <nd ref="295711193"/>
  <tag k="building" v="service"/>
  <tag k="check_date:opening_hours" v="2025-03-16"/>
  <tag k="email" v="fuehrung@feuerwehrmuseum-frankfurt.de"/>
  <tag k="fee" v="yes"/>
  <tag k="museum" v="technology"/>
  <tag k="name" v="Feuerwehrmuseum"/>
  <tag k="opening_hours" v="&quot;from 9:30, no until, per appointment via email info@feuerwehrmuseum-frankfurt.de&quot;"/>
  <tag k="operator" v="Feuerwehr Museumverein Rhein-Main e.V."/>
  <tag k="phone" v="+49 69 503001"/>
  <tag k="tourism" v="museum"/>
  <tag k="website" v="http://feuerwehrmuseum-frankfurt.de/"/>
 </way>
 <way id="26979865" visible="true" version="7" changeset="107179050" timestamp="2021-06-30T04:01:30Z" user="kaltuna" uid="1386271">
  <nd ref="295711202"/>
  <nd ref="1255673157"/>
  <nd ref="1255672085"/>
  <nd ref="1255672638"/>
  <nd ref="1255673560"/>
  <nd ref="295711218"/>
  <nd ref="7746493228"/>
  <nd ref="295711233"/>
  <nd ref="295711240"/>
  <nd ref="295711202"/>
  <tag k="addr:city" v="Frankfurt am Main"/>
  <tag k="addr:housenumber" v="55"/>
  <tag k="addr:postcode" v="60437"/>
  <tag k="addr:street" v="Am Burghof"/>
  <tag k="building" v="service"/>
 </way>
 <way id="26979866" visible="true" version="3" changeset="43184522" timestamp="2016-10-26T07:53:08Z" user="Nordpfeil" uid="1337142">
  <nd ref="295711241"/>
  <nd ref="295711257"/>
  <nd ref="295711271"/>
  <nd ref="295711272"/>
  <nd ref="4464495346"/>
  <nd ref="295711241"/>
  <tag k="building" v="yes"/>
  <tag k="name" v="Hangar"/>
 </way>
 <way id="27039922" visible="true" version="10" changeset="94511877" timestamp="2020-11-20T16:17:55Z" user="reing0ld" uid="12190879">
  <nd ref="296394106"/>
  <nd ref="2282500062"/>
  <nd ref="2282500063"/>
  <nd ref="2282500064"/>
  <nd ref="662739889"/>
  <tag k="access:conditional" v="no @ Apr 1 - Jun 30"/>
  <tag k="bicycle" v="yes"/>
  <tag k="check_date:tracktype" v="2020-11-20"/>
  <tag k="highway" v="track"/>
  <tag k="surface" v="grass"/>
  <tag k="tracktype" v="grade5"/>
 </way>
 <way id="27616901" visible="true" version="16" changeset="151782525" timestamp="2024-05-24T17:50:34Z" user="Senihtu" uid="18511019">
  <nd ref="303255448"/>
  <nd ref="659549995"/>
  <nd ref="1068449493"/>
  <nd ref="303255449"/>
  <nd ref="303255450"/>
  <nd ref="303255451"/>
  <nd ref="303255452"/>
  <nd ref="303255453"/>
  <nd ref="303255454"/>
  <nd ref="662739862"/>
  <nd ref="303255455"/>
  <nd ref="303255456"/>
  <nd ref="303255457"/>
  <nd ref="8360322987"/>
  <nd ref="303255458"/>
  <nd ref="303255460"/>
  <nd ref="303255461"/>
  <nd ref="303255462"/>
  <nd ref="303255463"/>
  <nd ref="303255464"/>
  <nd ref="303255465"/>
  <nd ref="303255466"/>
  <nd ref="303255467"/>
  <nd ref="1092199500"/>
  <nd ref="303255468"/>
  <nd ref="303255469"/>
  <nd ref="303255470"/>
  <nd ref="303255471"/>
  <nd ref="303255472"/>
  <nd ref="303255473"/>
  <nd ref="303255474"/>
  <nd ref="303255476"/>
  <nd ref="303255477"/>
  <nd ref="303255478"/>
  <nd ref="303255479"/>
  <nd ref="303255480"/>
  <nd ref="303255481"/>
  <nd ref="303255482"/>
  <nd ref="303255483"/>
  <nd ref="303255484"/>
  <nd ref="303255485"/>
  <nd ref="303255486"/>
  <nd ref="303255487"/>
  <nd ref="1092199223"/>
  <nd ref="303255488"/>
  <nd ref="1092198940"/>
  <nd ref="303255489"/>
  <nd ref="303255490"/>
  <nd ref="303255491"/>
  <nd ref="303255492"/>
  <nd ref="303255493"/>
  <nd ref="303255494"/>
  <nd ref="303255495"/>
  <nd ref="303255496"/>
  <nd ref="303255497"/>
  <nd ref="303255498"/>
  <nd ref="303255499"/>
  <nd ref="303255500"/>
  <nd ref="1092198781"/>
  <nd ref="1416074298"/>
 </way>
 <way id="27820200" visible="true" version="6" changeset="165420824" timestamp="2025-04-25T12:01:34Z" user="VOY4GER" uid="3798823">
  <nd ref="305465956"/>
  <nd ref="305465958"/>
  <nd ref="1092198651"/>
  <nd ref="305465960"/>
  <nd ref="283227602"/>
  <tag k="bicycle" v="yes"/>
  <tag k="highway" v="track"/>
  <tag k="lit" v="no"/>
  <tag k="surface" v="grass"/>
  <tag k="tracktype" v="grade5"/>
  <tag k="width" v="2"/>
 </way>
 <way id="28047758" visible="true" version="11" changeset="117454045" timestamp="2022-02-15T22:46:48Z" user="editor0110" uid="12690182">
  <nd ref="661987433"/>
  <nd ref="685789850"/>
  <nd ref="927949486"/>
  <nd ref="295710528"/>
  <nd ref="927949488"/>
  <nd ref="295710517"/>
  <nd ref="27471027"/>
  <tag k="bicycle" v="designated"/>
  <tag k="foot" v="designated"/>
  <tag k="highway" v="path"/>
  <tag k="lcn" v="yes"/>
  <tag k="lit" v="no"/>
  <tag k="segregated" v="no"/>
  <tag k="surface" v="paving_stones"/>
 </way>
 <way id="28047759" visible="true" version="8" changeset="114060917" timestamp="2021-11-21T14:52:49Z" user="rakulle" uid="12258683">
  <nd ref="307985225"/>
  <nd ref="661987437"/>
  <nd ref="927949488"/>
  <nd ref="661987428"/>
  <nd ref="661987426"/>
  <nd ref="927949486"/>
  <nd ref="307985225"/>
  <tag k="access" v="yes"/>
  <tag k="amenity" v="parking"/>
  <tag k="fee" v="no"/>
  <tag k="parking" v="surface"/>
  <tag k="source" v="extrapolation"/>
  <tag k="wheelchair" v="yes"/>
 </way>
 <way id="39424630" visible="true" version="13" changeset="118698666" timestamp="2022-03-20T15:05:56Z" user="jodd" uid="160894">
  <nd ref="472280868"/>
  <nd ref="663828437"/>
  <nd ref="661987433"/>
  <tag k="bicycle" v="designated"/>
  <tag k="foot" v="designated"/>
  <tag k="highway" v="path"/>
  <tag k="lcn" v="yes"/>
  <tag k="lit" v="no"/>
  <tag k="segregated" v="no"/>
  <tag k="surface" v="paving_stones"/>
 </way>
 <way id="42436221" visible="true" version="6" changeset="113649869" timestamp="2021-11-11T12:16:32Z" user="editor0110" uid="12690182">
  <nd ref="529805835"/>
  <nd ref="1068449536"/>
  <nd ref="1068449828"/>
  <nd ref="1068449470"/>
  <nd ref="529805826"/>
  <nd ref="529805827"/>
  <nd ref="2146569644"/>
  <tag k="highway" v="path"/>
  <tag k="mtb:scale" v="0"/>
  <tag k="surface" v="ground"/>
  <tag k="width" v="0.5"/>
 </way>
 <way id="42436222" visible="true" version="6" changeset="165419955" timestamp="2025-04-25T11:42:33Z" user="VOY4GER" uid="3798823">
  <nd ref="529805841"/>
  <nd ref="529805837"/>
  <nd ref="529805835"/>
  <nd ref="529805839"/>
  <tag k="bicycle" v="yes"/>
  <tag k="highway" v="track"/>
  <tag k="surface" v="compacted"/>
  <tag k="tracktype" v="grade3"/>
 </way>
 <way id="42761358" visible="true" version="15" changeset="94368784" timestamp="2020-11-18T13:58:34Z" user="FischkoppFfm" uid="11481874">
  <nd ref="310411157"/>
  <nd ref="28929791"/>
  <nd ref="1092112878"/>
  <nd ref="28929792"/>
  <nd ref="307985235"/>
  <nd ref="28929793"/>
  <nd ref="283227597"/>
  <nd ref="305465959"/>
  <nd ref="305465956"/>
  <nd ref="28929795"/>
  <nd ref="1092198955"/>
  <nd ref="270548231"/>
  <nd ref="28929796"/>
  <tag k="bicycle" v="designated"/>
  <tag k="class:bicycle" v="2"/>
  <tag k="class:bicycle:commute" v="1"/>
  <tag k="foot" v="designated"/>
  <tag k="highway" v="path"/>
  <tag k="lcn" v="yes"/>
  <tag k="lit" v="no"/>
  <tag k="segregated" v="no"/>
  <tag k="surface" v="asphalt"/>
  <tag k="width" v="3"/>
 </way>
 <way id="42761359" visible="true" version="13" changeset="126513688" timestamp="2022-09-22T17:01:40Z" user="Bananaking" uid="16963294">
  <nd ref="32241737"/>
  <nd ref="4061816614"/>
  <nd ref="307985219"/>
  <nd ref="27471026"/>
  <nd ref="661993183"/>
  <nd ref="364334743"/>
  <nd ref="4061816616"/>
  <nd ref="529805839"/>
  <nd ref="4062059138"/>
  <nd ref="529805841"/>
  <nd ref="4061816617"/>
  <nd ref="4061816618"/>
  <nd ref="27471027"/>
  <tag k="bicycle" v="designated"/>
  <tag k="highway" v="residential"/>
  <tag k="lcn" v="yes"/>
  <tag k="lit" v="yes"/>
  <tag k="maxspeed" v="30"/>
  <tag k="name" v="Am Burghof"/>
  <tag k="name:etymology:wikidata" v="Q1011117"/>
  <tag k="sidewalk" v="no"/>
  <tag k="source:width" v="ARCore"/>
  <tag k="surface" v="asphalt"/>
  <tag k="width" v="5"/>
 </way>
 <way id="42761361" visible="true" version="12" changeset="127933014" timestamp="2022-10-22T18:00:57Z" user="sarawaremono" uid="14438700">
  <nd ref="27471027"/>
  <nd ref="4727805877"/>
  <nd ref="4464495835"/>
  <nd ref="295710527"/>
  <nd ref="4727805872"/>
  <nd ref="661987424"/>
  <tag k="bicycle" v="designated"/>
  <tag k="highway" v="residential"/>
  <tag k="lit" v="yes"/>
  <tag k="maxspeed" v="10"/>
  <tag k="name" v="Am Burghof"/>
  <tag k="name:etymology:wikidata" v="Q1011117"/>
  <tag k="sidewalk" v="no"/>
  <tag k="source:width" v="ARCore"/>
  <tag k="surface" v="asphalt"/>
  <tag k="width" v="6.1"/>
 </way>
 <way id="51869454" visible="true" version="6" changeset="115068570" timestamp="2021-12-17T18:56:55Z" user="mueschel" uid="616774">
  <nd ref="661987368"/>
  <nd ref="661987375"/>
  <nd ref="661987371"/>
  <nd ref="661987359"/>
  <nd ref="661987376"/>
  <nd ref="661987381"/>
  <nd ref="661987380"/>
  <nd ref="661987391"/>
  <nd ref="661987393"/>
  <nd ref="661987395"/>
  <nd ref="661987397"/>
  <nd ref="661987401"/>
  <nd ref="661987406"/>
  <nd ref="661987407"/>
  <nd ref="661987409"/>
  <nd ref="661987402"/>
  <nd ref="661987403"/>
  <nd ref="661987429"/>
  <nd ref="661987389"/>
  <nd ref="661987385"/>
  <nd ref="661987386"/>
  <nd ref="661987387"/>
  <nd ref="661987373"/>
  <nd ref="661987374"/>
  <nd ref="661987366"/>
  <nd ref="661987367"/>
  <nd ref="661987368"/>
  <tag k="access:conditional" v="no @ Apr 1 - Jun 15"/>
  <tag k="boundary" v="protected_area"/>
  <tag k="name" v="Schmetterlingswiese"/>
  <tag k="note:de" v="Lanschaftsschutzgebiet - Aufbruchflächen dienen der Wiederbeschiedelung durch die Natur. Das Betreten ist nicht erlaubt. Benutzung auf eigene Gefahr!"/>
  <tag k="protect_class" v="5"/>
 </way>
 <way id="51869456" visible="true" version="2" changeset="115068570" timestamp="2021-12-17T18:56:55Z" user="mueschel" uid="616774">
  <nd ref="661987430"/>
  <nd ref="661987404"/>
  <nd ref="661987417"/>
  <nd ref="9347207617"/>
  <nd ref="9347207618"/>
  <nd ref="661987411"/>
  <nd ref="661987412"/>
  <nd ref="661987414"/>
  <nd ref="661987415"/>
  <nd ref="661987421"/>
  <nd ref="661987422"/>
  <nd ref="661987423"/>
  <nd ref="661987449"/>
  <nd ref="661987450"/>
  <nd ref="661987451"/>
  <nd ref="661987453"/>
  <nd ref="661987456"/>
  <nd ref="661987457"/>
  <nd ref="661987460"/>
  <nd ref="661987440"/>
  <nd ref="661987439"/>
  <nd ref="661987430"/>
  <tag k="landuse" v="meadow"/>
  <tag k="name" v="Hundewiese"/>
 </way>
 <way id="51869457" visible="true" version="3" changeset="4073477" timestamp="2010-03-08T16:56:28Z" user="mikafinja" uid="39636">
  <nd ref="661987442"/>
  <nd ref="661987443"/>
  <nd ref="662937655"/>
  <nd ref="662937653"/>
  <nd ref="661987442"/>
  <tag k="landuse" v="meadow"/>
  <tag k="note:de" v="Locker mit Bäumen bepflanzt."/>
 </way>
 <way id="51869458" visible="true" version="4" changeset="122378040" timestamp="2022-06-14T15:40:16Z" user="n4ch" uid="15648468">
  <nd ref="661987435"/>
  <nd ref="307985222"/>
  <nd ref="9817514101"/>
  <tag k="bicycle" v="designated"/>
  <tag k="highway" v="service"/>
  <tag k="source" v="survey"/>
  <tag k="surface" v="asphalt"/>
 </way>
 <way id="51910656" visible="true" version="13" changeset="162405128" timestamp="2025-02-11T19:54:48Z" user="GudeNDude" uid="22426146">
  <nd ref="662739863"/>
  <nd ref="661987383"/>
  <nd ref="12579668098"/>
  <nd ref="662739864"/>
  <nd ref="662739865"/>
  <nd ref="662937506"/>
  <nd ref="662739891"/>
  <nd ref="2288186828"/>
  <nd ref="662306010"/>
  <nd ref="2288186832"/>
  <nd ref="662739867"/>
  <nd ref="662306008"/>
  <nd ref="662739890"/>
  <nd ref="662739889"/>
  <nd ref="662739863"/>
  <tag k="area" v="yes"/>
  <tag k="bicycle" v="yes"/>
  <tag k="foot" v="yes"/>
  <tag k="highway" v="pedestrian"/>
  <tag k="lit" v="no"/>
  <tag k="motor_vehicle" v="no"/>
  <tag k="name" v="Alter Flugplatz Bonames"/>
  <tag k="old_name" v="Maurice Rose Airfield"/>
  <tag k="surface" v="asphalt"/>
  <tag k="tracktype" v="grade1"/>
  <tag k="wikidata" v="Q437856"/>
  <tag k="wikipedia" v="de:Alter Flugplatz (Frankfurter Grüngürtel)"/>
 </way>
 <way id="51969188" visible="true" version="11" changeset="117454045" timestamp="2022-02-15T22:46:48Z" user="editor0110" uid="12690182">
  <nd ref="662739890"/>
  <nd ref="662739891"/>
  <tag k="bicycle" v="designated"/>
  <tag k="foot" v="designated"/>
  <tag k="highway" v="path"/>
  <tag k="lcn" v="yes"/>
  <tag k="lit" v="no"/>
  <tag k="segregated" v="no"/>
  <tag k="surface" v="asphalt"/>
 </way>
 <way id="52086127" visible="true" version="5" changeset="128310188" timestamp="2022-10-31T17:38:15Z" user="trailschneck" uid="199270">
  <nd ref="663828438"/>
  <nd ref="663828437"/>
  <nd ref="7746493227"/>
  <tag k="highway" v="path"/>
  <tag k="lit" v="no"/>
  <tag k="surface" v="asphalt"/>
 </way>
 <way id="78721572" visible="true" version="1" changeset="5855406" timestamp="2010-09-23T16:36:38Z" user="mikes" uid="6270">
  <nd ref="922848966"/>
  <nd ref="922849197"/>
  <nd ref="922849278"/>
  <nd ref="922849240"/>
  <nd ref="922848967"/>
  <nd ref="922849265"/>
  <nd ref="922850189"/>
  <nd ref="922849325"/>
  <nd ref="922849181"/>
  <nd ref="922848820"/>
  <nd ref="922848909"/>
  <nd ref="922849212"/>
  <nd ref="922849911"/>
  <nd ref="922849216"/>
  <nd ref="922850009"/>
  <nd ref="922849378"/>
  <nd ref="922850260"/>
  <nd ref="922849277"/>
  <nd ref="922849290"/>
  <nd ref="922849174"/>
  <nd ref="922849179"/>
  <nd ref="922849267"/>
  <nd ref="922849390"/>
  <nd ref="922848722"/>
  <nd ref="922849097"/>
  <nd ref="922849547"/>
  <nd ref="922849296"/>
  <nd ref="922849624"/>
  <nd ref="922849164"/>
  <nd ref="922850238"/>
  <nd ref="922848793"/>
  <tag k="boundary" v="postal_code"/>
  <tag k="source" v="http://wiki.openstreetmap.org/wiki/Import/Catalogue/Postleitzahlen_Deutschland_2010"/>
 </way>
 <way id="91964428" visible="true" version="3" changeset="164214086" timestamp="2025-03-28T15:49:50Z" user="309_308_307" uid="21534372">
  <nd ref="1068449512"/>
  <nd ref="1068449538"/>
  <nd ref="1068449699"/>
  <nd ref="1068449588"/>
  <nd ref="1068449563"/>
  <nd ref="2146569647"/>
  <nd ref="1068449473"/>
  <nd ref="2146569869"/>
  <nd ref="1068449620"/>
  <nd ref="2146569894"/>
  <nd ref="1068449514"/>
  <nd ref="1068449491"/>
  <nd ref="1068449744"/>
  <nd ref="1068449541"/>
  <nd ref="1068449844"/>
  <nd ref="1068449641"/>
  <nd ref="1068449539"/>
  <nd ref="1068449512"/>
  <tag k="natural" v="scrub"/>
 </way>
 <way id="91964429" visible="true" version="2" changeset="163685707" timestamp="2025-03-16T12:11:04Z" user="VOY4GER" uid="3798823">
  <nd ref="1068449816"/>
  <nd ref="1068449612"/>
  <nd ref="1068449824"/>
  <nd ref="1068449651"/>
  <nd ref="1068449632"/>
  <nd ref="1068449816"/>
  <tag k="landuse" v="allotments"/>
  <tag k="name" v="Schrebergarten"/>
 </way>
 <way id="91964430" visible="true" version="2" changeset="47249780" timestamp="2017-03-29T06:40:38Z" user="fx99" uid="130472">
  <nd ref="1068449651"/>
  <nd ref="1068449539"/>
  <nd ref="1068449512"/>
  <nd ref="1068449786"/>
  <nd ref="1068449824"/>
  <nd ref="1068449651"/>
  <tag k="landuse" v="farmland"/>
 </way>
 <way id="91964432" visible="true" version="1" changeset="6782338" timestamp="2010-12-27T22:08:15Z" user="baeuchle" uid="221387">
  <nd ref="1068449560"/>
  <nd ref="1068449615"/>
  <nd ref="1068449834"/>
  <nd ref="1068449655"/>
  <nd ref="1068449560"/>
  <tag k="building" v="yes"/>
 </way>
 <way id="91964436" visible="true" version="1" changeset="6782338" timestamp="2010-12-27T22:08:16Z" user="baeuchle" uid="221387">
  <nd ref="1068449564"/>
  <nd ref="1068449618"/>
  <nd ref="1068449586"/>
  <nd ref="1068449489"/>
  <nd ref="1068449564"/>
  <tag k="building" v="yes"/>
 </way>
 <way id="91964439" visible="true" version="2" changeset="47249780" timestamp="2017-03-29T06:40:39Z" user="fx99" uid="130472">
  <nd ref="448874432"/>
  <nd ref="289004717"/>
  <nd ref="1068449742"/>
  <nd ref="1068449589"/>
  <nd ref="1068449526"/>
  <nd ref="1068449682"/>
  <nd ref="1068449579"/>
  <nd ref="1068449555"/>
  <nd ref="1068449466"/>
  <nd ref="448874432"/>
  <tag k="landuse" v="farmland"/>
 </way>
 <way id="91964442" visible="true" version="2" changeset="163685707" timestamp="2025-03-16T12:10:04Z" user="VOY4GER" uid="3798823">
  <nd ref="1068449693"/>
  <nd ref="1068449653"/>
  <nd ref="1068449559"/>
  <nd ref="1068449469"/>
  <nd ref="1068449693"/>
  <tag k="landuse" v="allotments"/>
  <tag k="name" v="Schrebergarten"/>
 </way>
 <way id="91964444" visible="true" version="2" changeset="164470363" timestamp="2025-04-03T15:22:50Z" user="VOY4GER" uid="3798823">
  <nd ref="1068449498"/>
  <nd ref="1068449707"/>
  <nd ref="1068449583"/>
  <nd ref="1068449488"/>
  <nd ref="1068449498"/>
  <tag k="landuse" v="allotments"/>
  <tag k="name" v="Schrebergarten"/>
 </way>
 <way id="91964447" visible="true" version="1" changeset="6782338" timestamp="2010-12-27T22:08:18Z" user="baeuchle" uid="221387">
  <nd ref="1068449622"/>
  <nd ref="1068449498"/>
  <nd ref="1068449707"/>
  <nd ref="1068449859"/>
  <nd ref="1068449622"/>
  <tag k="landuse" v="orchard"/>
 </way>
 <way id="93950297" visible="true" version="2" changeset="47249780" timestamp="2017-03-29T06:40:41Z" user="fx99" uid="130472">
  <nd ref="1092199592"/>
  <nd ref="1092198691"/>
  <nd ref="1092199403"/>
  <nd ref="1092199614"/>
  <nd ref="1092199144"/>
  <nd ref="1092199221"/>
  <nd ref="1092198747"/>
  <nd ref="1092198934"/>
  <nd ref="1092198526"/>
  <nd ref="1092198797"/>
  <nd ref="1092199522"/>
  <nd ref="1092198553"/>
  <nd ref="1092199264"/>
  <nd ref="1092199347"/>
  <nd ref="1092198884"/>
  <nd ref="1092199061"/>
  <nd ref="1092198627"/>
  <nd ref="1092198915"/>
  <nd ref="1092198504"/>
  <nd ref="1092198659"/>
  <nd ref="1092199375"/>
  <nd ref="1092199454"/>
  <nd ref="1092199419"/>
  <nd ref="1092199619"/>
  <nd ref="1092199149"/>
  <nd ref="1092199592"/>
  <tag k="landuse" v="farmland"/>
 </way>
 <way id="109767790" visible="true" version="6" changeset="135029995" timestamp="2023-04-17T19:36:54Z" user="sarawaremono" uid="14438700">
  <nd ref="4062049567"/>
  <nd ref="1255673349"/>
  <nd ref="4062055612"/>
  <nd ref="1255672005"/>
  <nd ref="1255672647"/>
  <nd ref="4062049568"/>
  <nd ref="4062055613"/>
  <nd ref="4062049567"/>
 </way>
 <way id="109767851" visible="true" version="2" changeset="135029801" timestamp="2023-04-17T19:32:12Z" user="sarawaremono" uid="14438700">
  <nd ref="1255673282"/>
  <nd ref="1255671955"/>
  <nd ref="1255672087"/>
  <nd ref="1255672544"/>
  <nd ref="1255673282"/>
  <tag k="building" v="farm_auxiliary"/>
 </way>
 <way id="109767865" visible="true" version="4" changeset="128310188" timestamp="2022-10-31T17:38:15Z" user="trailschneck" uid="199270">
  <nd ref="1255672003"/>
  <nd ref="1255672033"/>
  <nd ref="1255671930"/>
  <nd ref="1255673205"/>
  <nd ref="7746493230"/>
  <nd ref="7746493229"/>
  <nd ref="1255672003"/>
  <tag k="building" v="service"/>
  <tag k="description" v="Leeres Gebäude. War früher mal der Tower."/>
  <tag k="name" v="Klaus-Hoppe-Tower"/>
 </way>
 <way id="219679457" visible="true" version="4" changeset="122610651" timestamp="2022-06-20T08:57:17Z" user="HoloDuke" uid="75317">
  <nd ref="661987435"/>
  <nd ref="2288186838"/>
  <nd ref="2288186839"/>
  <tag k="highway" v="path"/>
  <tag k="surface" v="grass"/>
 </way>
 <way id="219679458" visible="true" version="5" changeset="128310188" timestamp="2022-10-31T17:38:15Z" user="trailschneck" uid="199270">
  <nd ref="2288186828"/>
  <nd ref="663828438"/>
  <tag k="bicycle" v="yes"/>
  <tag k="highway" v="path"/>
  <tag k="lit" v="no"/>
  <tag k="surface" v="grass"/>
 </way>
 <way id="219679459" visible="true" version="6" changeset="169029154" timestamp="2025-07-16T19:35:52Z" user="VOY4GER" uid="3798823">
  <nd ref="2282500065"/>
  <nd ref="9527379095"/>
  <nd ref="9527379096"/>
  <nd ref="2288186841"/>
  <nd ref="2288186836"/>
  <nd ref="2288186834"/>
  <nd ref="2288186832"/>
  <tag k="highway" v="path"/>
  <tag k="lit" v="no"/>
  <tag k="surface" v="dirt"/>
 </way>
 <way id="219688036" visible="true" version="4" changeset="165420824" timestamp="2025-04-25T12:01:53Z" user="VOY4GER" uid="3798823">
  <nd ref="2282500065"/>
  <nd ref="2288276752"/>
  <nd ref="2288276750"/>
  <nd ref="2288276748"/>
  <nd ref="2288276746"/>
  <nd ref="2288276743"/>
  <nd ref="2288276740"/>
  <nd ref="32234946"/>
  <tag k="check_date:surface" v="2021-11-20"/>
  <tag k="highway" v="path"/>
  <tag k="lit" v="no"/>
  <tag k="mtb:scale" v="0"/>
  <tag k="surface" v="grass"/>
 </way>
 <way id="219688617" visible="true" version="4" changeset="122610651" timestamp="2022-06-20T08:57:17Z" user="HoloDuke" uid="75317">
  <nd ref="2288186838"/>
  <nd ref="2288281555"/>
  <tag k="highway" v="path"/>
  <tag k="surface" v="grass"/>
 </way>
 <way id="219688618" visible="true" version="3" changeset="162813010" timestamp="2025-02-22T11:50:30Z" user="brodekb" uid="10764475">
  <nd ref="2288281556"/>
  <nd ref="2288281559"/>
  <nd ref="2288281561"/>
  <nd ref="2288281557"/>
  <nd ref="2288281553"/>
  <nd ref="2288281549"/>
  <nd ref="2288281546"/>
  <nd ref="2288281543"/>
  <nd ref="2288281544"/>
  <nd ref="2288281547"/>
  <nd ref="2288281551"/>
  <nd ref="2288281555"/>
  <nd ref="2288281556"/>
  <tag k="name" v="Weidenlabyrinth Naturschule Hessen"/>
  <tag k="name:de" v="Weidenlabyrinth Naturschule Hessen"/>
  <tag k="source" v="local knowledge"/>
  <tag k="tourism" v="attraction"/>
 </way>
 <way id="229451450" visible="true" version="4" changeset="165420824" timestamp="2025-04-25T12:01:49Z" user="VOY4GER" uid="3798823">
  <nd ref="2380482111"/>
  <nd ref="32234926"/>
  <nd ref="1068449576"/>
  <nd ref="32234928"/>
  <nd ref="2360717559"/>
  <nd ref="1068449552"/>
  <nd ref="32234929"/>
  <nd ref="32234931"/>
  <nd ref="32234933"/>
  <nd ref="1068449464"/>
  <nd ref="476283782"/>
  <nd ref="32234934"/>
  <nd ref="2282500061"/>
  <nd ref="296394106"/>
  <nd ref="32234936"/>
  <nd ref="32234938"/>
  <nd ref="32234939"/>
  <nd ref="32234941"/>
  <nd ref="32234943"/>
  <nd ref="9347143716"/>
  <nd ref="9347143715"/>
  <nd ref="32234944"/>
  <nd ref="32234946"/>
  <tag k="access:conditional" v="no @ Apr 1 - Jun 30"/>
  <tag k="bicycle" v="yes"/>
  <tag k="check_date:surface" v="2021-11-20"/>
  <tag k="foot" v="yes"/>
  <tag k="highway" v="path"/>
  <tag k="lit" v="no"/>
  <tag k="mtb:scale" v="0"/>
  <tag k="surface" v="grass"/>
  <tag k="tracktype" v="grade4"/>
 </way>
 <way id="246105432" visible="true" version="6" changeset="94510777" timestamp="2020-11-20T16:12:01Z" user="reing0ld" uid="12190879">
  <nd ref="1092199558"/>
  <nd ref="307985236"/>
  <nd ref="29952554"/>
  <nd ref="29952555"/>
  <nd ref="313187638"/>
  <nd ref="29952556"/>
  <nd ref="29952557"/>
  <nd ref="29952558"/>
  <nd ref="1092199345"/>
  <nd ref="28929796"/>
  <tag k="bicycle" v="designated"/>
  <tag k="class:bicycle" v="2"/>
  <tag k="class:bicycle:commute" v="1"/>
  <tag k="foot" v="designated"/>
  <tag k="highway" v="path"/>
  <tag k="lit" v="no"/>
  <tag k="segregated" v="no"/>
  <tag k="surface" v="asphalt"/>
  <tag k="width" v="3"/>
 </way>
 <way id="247993394" visible="true" version="8" changeset="73116054" timestamp="2019-08-07T15:07:01Z" user="Nmxosm" uid="6060703">
  <nd ref="2548373480"/>
  <nd ref="2548373476"/>
  <nd ref="4038733922"/>
  <nd ref="2548373475"/>
  <nd ref="4038733923"/>
  <nd ref="2548373473"/>
  <nd ref="2548373472"/>
  <nd ref="2548373471"/>
  <nd ref="2548373470"/>
  <nd ref="2548373469"/>
  <nd ref="2548373468"/>
  <nd ref="2548373467"/>
  <nd ref="2548373466"/>
  <nd ref="2548373465"/>
  <nd ref="2548373464"/>
  <nd ref="6691266298"/>
  <nd ref="6691266297"/>
  <nd ref="6691266296"/>
  <nd ref="6691308445"/>
  <nd ref="6691308444"/>
  <nd ref="6691266295"/>
  <nd ref="2548373463"/>
  <nd ref="2548373462"/>
  <nd ref="4061816615"/>
  <nd ref="2548373461"/>
  <nd ref="2548373460"/>
  <nd ref="25554559"/>
  <tag k="admin_level" v="9"/>
  <tag k="boundary" v="administrative"/>
 </way>
 <way id="313453791" visible="true" version="3" changeset="73566539" timestamp="2019-08-21T07:25:49Z" user="HoloDuke" uid="75317">
  <nd ref="25554559"/>
  <nd ref="29003909"/>
  <nd ref="25554558"/>
  <nd ref="25554556"/>
  <nd ref="1092198551"/>
  <nd ref="25554554"/>
  <nd ref="25554553"/>
  <nd ref="25554551"/>
  <nd ref="25554550"/>
  <nd ref="25554548"/>
  <tag k="admin_level" v="9"/>
  <tag k="boundary" v="administrative"/>
 </way>
 <way id="313453836" visible="true" version="6" changeset="128489618" timestamp="2022-11-04T15:28:32Z" user="jonnyx93" uid="6701264">
  <nd ref="25554564"/>
  <nd ref="6728957255"/>
  <nd ref="25554563"/>
  <nd ref="6728957256"/>
  <nd ref="25554562"/>
  <nd ref="248162328"/>
  <nd ref="25554561"/>
  <nd ref="248162337"/>
  <nd ref="6728957257"/>
  <nd ref="25554560"/>
  <nd ref="29003910"/>
  <nd ref="25554559"/>
  <tag k="admin_level" v="10"/>
  <tag k="boundary" v="administrative"/>
 </way>
 <way id="403905546" visible="true" version="2" changeset="161780434" timestamp="2025-01-26T13:34:14Z" user="GudeNDude" uid="22426146">
  <nd ref="12533953499"/>
  <nd ref="4062053099"/>
  <nd ref="32622278"/>
  <tag k="waterway" v="ditch"/>
 </way>
 <way id="403905943" visible="true" version="5" changeset="165419955" timestamp="2025-04-25T11:43:53Z" user="VOY4GER" uid="3798823">
  <nd ref="4062055610"/>
  <nd ref="4062055613"/>
  <nd ref="4062060888"/>
  <nd ref="4062061690"/>
  <nd ref="4062055612"/>
  <nd ref="4061816618"/>
  <tag k="access" v="private"/>
  <tag k="highway" v="footway"/>
  <tag k="surface" v="compacted"/>
 </way>
 <way id="403906422" visible="true" version="4" changeset="135023474" timestamp="2023-04-17T16:44:42Z" user="sarawaremono" uid="14438700">
  <nd ref="4062059137"/>
  <nd ref="4062059138"/>
  <tag k="highway" v="footway"/>
  <tag k="lit" v="no"/>
  <tag k="surface" v="grass"/>
 </way>
 <way id="403906654" visible="true" version="2" changeset="163685801" timestamp="2025-03-16T12:13:03Z" user="VOY4GER" uid="3798823">
  <nd ref="4062061690"/>
  <nd ref="4062061691"/>
  <tag k="highway" v="footway"/>
  <tag k="surface" v="asphalt"/>
 </way>
 <way id="449498450" visible="true" version="2" changeset="126513800" timestamp="2022-09-22T16:56:54Z" user="Bananaking" uid="16963294">
  <nd ref="4464493228"/>
  <nd ref="4464493229"/>
  <nd ref="4464493227"/>
  <nd ref="4464493230"/>
  <nd ref="4464493226"/>
  <nd ref="4464493228"/>
  <tag k="building" v="shed"/>
 </way>
 <way id="449498970" visible="true" version="1" changeset="43184522" timestamp="2016-10-26T07:53:08Z" user="Nordpfeil" uid="1337142">
  <nd ref="4464495344"/>
  <nd ref="4464495343"/>
  <nd ref="4464495339"/>
  <nd ref="4464495341"/>
  <nd ref="4464495344"/>
  <tag k="building" v="yes"/>
 </way>
 <way id="449498971" visible="true" version="1" changeset="43184522" timestamp="2016-10-26T07:53:08Z" user="Nordpfeil" uid="1337142">
  <nd ref="295711272"/>
  <nd ref="4464495340"/>
  <nd ref="4464495342"/>
  <nd ref="4464495341"/>
  <nd ref="4464495344"/>
  <nd ref="4464495345"/>
  <nd ref="4464495346"/>
  <nd ref="295711272"/>
  <tag k="building" v="yes"/>
 </way>
 <way id="449499009" visible="true" version="2" changeset="161779430" timestamp="2025-01-26T13:07:02Z" user="GudeNDude" uid="22426146">
  <nd ref="4464495835"/>
  <nd ref="12533890267"/>
  <nd ref="12533890269"/>
  <nd ref="4464495834"/>
  <tag k="highway" v="service"/>
  <tag k="service" v="driveway"/>
 </way>
 <way id="829985389" visible="true" version="2" changeset="107179050" timestamp="2021-06-30T04:01:30Z" user="kaltuna" uid="1386271">
  <nd ref="7746493228"/>
  <nd ref="7746493229"/>
  <nd ref="7746493230"/>
  <nd ref="7746493231"/>
  <nd ref="295711233"/>
  <nd ref="7746493228"/>
  <tag k="building" v="service"/>
 </way>
 <way id="835605007" visible="true" version="2" changeset="126513800" timestamp="2022-09-22T16:57:11Z" user="Bananaking" uid="16963294">
  <nd ref="7799503639"/>
  <nd ref="7799503640"/>
  <nd ref="7799503641"/>
  <nd ref="7799503642"/>
  <nd ref="7799503639"/>
  <tag k="building" v="hut"/>
 </way>
 <way id="899811491" visible="true" version="2" changeset="117730661" timestamp="2022-02-22T14:44:04Z" user="B0rax" uid="14562691">
  <nd ref="661987360"/>
  <nd ref="661987377"/>
  <nd ref="661987382"/>
  <nd ref="661987379"/>
  <nd ref="8360322987"/>
  <nd ref="303255458"/>
  <nd ref="303255460"/>
  <nd ref="303255461"/>
  <nd ref="303255462"/>
  <nd ref="303255463"/>
  <nd ref="303255464"/>
  <nd ref="303255465"/>
  <nd ref="303255466"/>
  <nd ref="303255467"/>
  <nd ref="1092199500"/>
  <nd ref="303255468"/>
  <nd ref="303255469"/>
  <nd ref="303255470"/>
  <nd ref="303255471"/>
  <nd ref="448874438"/>
  <nd ref="448874437"/>
  <nd ref="448874436"/>
  <nd ref="448874435"/>
  <nd ref="448874434"/>
  <nd ref="1068449474"/>
  <nd ref="1068449611"/>
  <nd ref="9527379097"/>
  <nd ref="8360322986"/>
  <nd ref="8360322985"/>
  <nd ref="8360322984"/>
  <nd ref="8360322983"/>
  <nd ref="662306008"/>
  <nd ref="662739890"/>
  <nd ref="662739889"/>
  <nd ref="662739863"/>
  <nd ref="8360342982"/>
  <nd ref="8360342971"/>
  <nd ref="8360342970"/>
  <nd ref="8360342969"/>
  <nd ref="8360322982"/>
  <nd ref="8360322981"/>
  <nd ref="8360322980"/>
  <nd ref="8360322979"/>
  <nd ref="8360322978"/>
  <nd ref="8360322977"/>
  <nd ref="1068449634"/>
  <nd ref="661987360"/>
  <tag k="landuse" v="meadow"/>
 </way>
 <way id="899811502" visible="true" version="1" changeset="98110754" timestamp="2021-01-25T10:16:11Z" user="Max--" uid="34555">
  <nd ref="8360343000"/>
  <nd ref="8360342985"/>
  <nd ref="8360342973"/>
  <nd ref="8360342984"/>
  <nd ref="8360342972"/>
  <nd ref="8360342983"/>
  <nd ref="8360342971"/>
  <nd ref="8360342970"/>
  <nd ref="8360342969"/>
  <nd ref="661987370"/>
  <nd ref="1068449582"/>
  <nd ref="661987348"/>
  <nd ref="1068449650"/>
  <nd ref="1068449774"/>
  <nd ref="8360343011"/>
  <nd ref="8360343010"/>
  <nd ref="661987338"/>
  <nd ref="8360342995"/>
  <nd ref="8360342996"/>
  <nd ref="8360342997"/>
  <nd ref="8360342998"/>
  <nd ref="8360342999"/>
  <nd ref="8360343000"/>
  <tag k="landuse" v="meadow"/>
 </way>
 <way id="899811504" visible="true" version="1" changeset="98110754" timestamp="2021-01-25T10:16:11Z" user="Max--" uid="34555">
  <nd ref="8360342994"/>
  <nd ref="8360342993"/>
  <nd ref="8360342992"/>
  <nd ref="8360342991"/>
  <nd ref="8360342990"/>
  <nd ref="8360342989"/>
  <nd ref="8360342988"/>
  <nd ref="8360342987"/>
  <nd ref="8360342986"/>
  <nd ref="8360343003"/>
  <nd ref="8360343002"/>
  <nd ref="8360343001"/>
  <nd ref="8360343000"/>
  <nd ref="8360342985"/>
  <nd ref="8360342973"/>
  <nd ref="8360342984"/>
  <nd ref="8360342972"/>
  <nd ref="8360342983"/>
  <nd ref="8360342971"/>
  <nd ref="8360342982"/>
  <nd ref="8360342981"/>
  <nd ref="8360342980"/>
  <nd ref="8360342979"/>
  <nd ref="8360342978"/>
  <nd ref="8360342977"/>
  <nd ref="8360342976"/>
  <nd ref="8360342975"/>
  <nd ref="8360342974"/>
  <nd ref="661987357"/>
  <nd ref="661987358"/>
  <nd ref="661987352"/>
  <nd ref="8360343008"/>
  <nd ref="661987353"/>
  <nd ref="8360342994"/>
  <tag k="natural" v="scrub"/>
 </way>
 <way id="1004975303" visible="true" version="4" changeset="128310188" timestamp="2022-10-31T17:38:15Z" user="trailschneck" uid="199270">
  <nd ref="663828438"/>
  <nd ref="661987435"/>
  <tag k="bicycle" v="yes"/>
  <tag k="highway" v="path"/>
  <tag k="lit" v="no"/>
  <tag k="surface" v="asphalt"/>
 </way>
 <way id="1013155684" visible="true" version="3" changeset="117454045" timestamp="2022-02-15T22:46:48Z" user="editor0110" uid="12690182">
  <nd ref="662739891"/>
  <nd ref="472280868"/>
  <tag k="bicycle" v="designated"/>
  <tag k="foot" v="designated"/>
  <tag k="highway" v="path"/>
  <tag k="lcn" v="yes"/>
  <tag k="lit" v="no"/>
  <tag k="segregated" v="no"/>
  <tag k="surface" v="asphalt"/>
 </way>
 <way id="1069627949" visible="true" version="2" changeset="122378040" timestamp="2022-06-14T15:40:26Z" user="n4ch" uid="15648468">
  <nd ref="9817514101"/>
  <nd ref="661987433"/>
  <nd ref="9817514102"/>
  <tag k="bicycle" v="designated"/>
  <tag k="highway" v="service"/>
  <tag k="source" v="survey"/>
  <tag k="surface" v="paving_stones"/>
 </way>
 <way id="1069627950" visible="true" version="2" changeset="122378040" timestamp="2022-06-14T15:40:31Z" user="n4ch" uid="15648468">
  <nd ref="9817514102"/>
  <nd ref="661987424"/>
  <tag k="bicycle" v="designated"/>
  <tag k="highway" v="service"/>
  <tag k="source" v="survey"/>
  <tag k="surface" v="asphalt"/>
 </way>
 <way id="1110313622" visible="true" version="1" changeset="128489618" timestamp="2022-11-04T15:28:32Z" user="jonnyx93" uid="6701264">
  <nd ref="25554564"/>
  <nd ref="6728957255"/>
  <nd ref="25554563"/>
  <nd ref="6728957256"/>
  <nd ref="25554562"/>
  <nd ref="248162328"/>
  <nd ref="25554561"/>
  <nd ref="248162337"/>
  <nd ref="6728957257"/>
  <nd ref="25554560"/>
  <nd ref="29003910"/>
  <nd ref="25554559"/>
  <nd ref="29003909"/>
  <nd ref="25554558"/>
  <nd ref="25554556"/>
  <nd ref="1092198551"/>
  <nd ref="25554554"/>
  <nd ref="25554553"/>
  <nd ref="25554551"/>
  <nd ref="25554550"/>
  <nd ref="25554548"/>
  <nd ref="2360717552"/>
  <nd ref="25554535"/>
  <nd ref="6690612315"/>
  <nd ref="6690558031"/>
  <nd ref="2360717542"/>
  <nd ref="25554532"/>
  <nd ref="25554531"/>
  <nd ref="4558780736"/>
  <nd ref="25554530"/>
  <nd ref="25554529"/>
  <nd ref="4558780737"/>
  <tag k="name" v="Nidda"/>
  <tag k="waterway" v="river"/>
  <tag k="whitewater:section_grade" v="0"/>
  <tag k="wikidata" v="Q706133"/>
  <tag k="wikipedia" v="de:Nidda (Fluss)"/>
 </way>
 <way id="1300901792" visible="true" version="1" changeset="153851947" timestamp="2024-07-12T11:47:56Z" user="Senihtu" uid="18511019">
  <nd ref="662739890"/>
  <nd ref="12049235571"/>
  <nd ref="662739867"/>
  <tag k="bicycle" v="designated"/>
  <tag k="foot" v="designated"/>
  <tag k="highway" v="path"/>
  <tag k="lcn" v="yes"/>
  <tag k="lit" v="no"/>
  <tag k="segregated" v="no"/>
  <tag k="surface" v="asphalt"/>
 </way>
 <way id="1354393552" visible="true" version="1" changeset="161779430" timestamp="2025-01-26T13:07:02Z" user="GudeNDude" uid="22426146">
  <nd ref="12533890267"/>
  <nd ref="12533890268"/>
  <tag k="highway" v="service"/>
  <tag k="surface" v="concrete:plates"/>
 </way>
 <way id="1354393553" visible="true" version="1" changeset="161779430" timestamp="2025-01-26T13:07:02Z" user="GudeNDude" uid="22426146">
  <nd ref="12533890269"/>
  <nd ref="12533890279"/>
  <nd ref="12533890270"/>
  <tag k="highway" v="service"/>
  <tag k="surface" v="concrete:plates"/>
 </way>
 <way id="1354393554" visible="true" version="1" changeset="161779430" timestamp="2025-01-26T13:07:02Z" user="GudeNDude" uid="22426146">
  <nd ref="12533890271"/>
  <nd ref="12533890272"/>
  <nd ref="12533890273"/>
  <nd ref="12533890274"/>
  <nd ref="12533890271"/>
  <tag k="building" v="shed"/>
 </way>
 <way id="1354393555" visible="true" version="1" changeset="161779430" timestamp="2025-01-26T13:07:02Z" user="GudeNDude" uid="22426146">
  <nd ref="12533890268"/>
  <nd ref="7746493227"/>
  <nd ref="12533890275"/>
  <nd ref="12533890276"/>
  <nd ref="12533890270"/>
  <tag k="highway" v="service"/>
  <tag k="lit" v="no"/>
  <tag k="surface" v="asphalt"/>
 </way>
 <way id="1354393556" visible="true" version="2" changeset="162405128" timestamp="2025-02-11T19:54:48Z" user="GudeNDude" uid="22426146">
  <nd ref="12533890276"/>
  <nd ref="12579668094"/>
  <nd ref="12533890277"/>
  <nd ref="662937506"/>
  <tag k="highway" v="path"/>
  <tag k="surface" v="asphalt"/>
 </way>
 <way id="1354393558" visible="true" version="2" changeset="162405128" timestamp="2025-02-11T19:54:48Z" user="GudeNDude" uid="22426146">
  <nd ref="12579668095"/>
  <nd ref="12533890278"/>
  <nd ref="12533890279"/>
  <tag k="highway" v="path"/>
  <tag k="smoothness" v="horrible"/>
  <tag k="surface" v="gravel"/>
  <tag k="trail_visibility" v="bad"/>
 </way>
 <way id="1354398108" visible="true" version="1" changeset="161780434" timestamp="2025-01-26T13:34:14Z" user="GudeNDude" uid="22426146">
  <nd ref="4062053098"/>
  <nd ref="12533953498"/>
  <tag k="waterway" v="ditch"/>
 </way>
 <way id="1354398109" visible="true" version="1" changeset="161780434" timestamp="2025-01-26T13:34:14Z" user="GudeNDude" uid="22426146">
  <nd ref="12533953498"/>
  <nd ref="12533953499"/>
  <tag k="layer" v="-1"/>
  <tag k="tunnel" v="culvert"/>
  <tag k="waterway" v="ditch"/>
 </way>
 <way id="1359138579" visible="true" version="2" changeset="162405402" timestamp="2025-02-11T20:02:41Z" user="GudeNDude" uid="22426146">
  <nd ref="12579668095"/>
  <nd ref="12579668097"/>
  <nd ref="12579668093"/>
  <nd ref="12580075274"/>
  <nd ref="12579668092"/>
  <nd ref="662739865"/>
  <tag k="highway" v="service"/>
  <tag k="surface" v="concrete:plates"/>
 </way>
 <way id="1359138580" visible="true" version="1" changeset="162405128" timestamp="2025-02-11T19:54:48Z" user="GudeNDude" uid="22426146">
  <nd ref="12533890270"/>
  <nd ref="12579668096"/>
  <nd ref="12579668095"/>
  <tag k="highway" v="path"/>
  <tag k="surface" v="ground"/>
 </way>
 <way id="1359138581" visible="true" version="1" changeset="162405128" timestamp="2025-02-11T19:54:48Z" user="GudeNDude" uid="22426146">
  <nd ref="12579668095"/>
  <nd ref="12533890277"/>
  <tag k="highway" v="path"/>
  <tag k="surface" v="asphalt"/>
 </way>
 <way id="1359138582" visible="true" version="1" changeset="162405128" timestamp="2025-02-11T19:54:48Z" user="GudeNDude" uid="22426146">
  <nd ref="12579668098"/>
  <nd ref="12579668099"/>
  <tag k="highway" v="footway"/>
  <tag k="surface" v="asphalt"/>
  <tag k="width" v="1.5"/>
 </way>
 <relation id="6141" visible="true" version="379" changeset="169918681" timestamp="2025-08-03T17:59:00Z" user="ironspock" uid="10728241">
  <member type="node" ref="9505981603" role=""/>
  <member type="node" ref="9505981602" role=""/>
  <member type="node" ref="10203947720" role=""/>
  <member type="node" ref="10203947721" role=""/>
  <member type="node" ref="10203951146" role=""/>
  <member type="node" ref="10203951148" role=""/>
  <member type="node" ref="10834005351" role="guidepost"/>
  <member type="node" ref="11497117088" role="guidepost"/>
  <member type="node" ref="9125657241" role="guidepost"/>
  <member type="node" ref="6548157187" role="guidepost"/>
  <member type="node" ref="12995346933" role="guidepost"/>
  <member type="way" ref="5122700" role="forward"/>
  <member type="way" ref="28692832" role="backward"/>
  <member type="way" ref="96255265" role="forward"/>
  <member type="way" ref="96255266" role="forward"/>
  <member type="way" ref="10497413" role=""/>
  <member type="way" ref="10497415" role=""/>
  <member type="way" ref="10497419" role=""/>
  <member type="way" ref="10497418" role=""/>
  <member type="way" ref="10497416" role=""/>
  <member type="way" ref="139125924" role=""/>
  <member type="way" ref="5105234" role=""/>
  <member type="way" ref="1080172263" role=""/>
  <member type="way" ref="27792355" role=""/>
  <member type="way" ref="504597523" role=""/>
  <member type="way" ref="504597524" role=""/>
  <member type="way" ref="5104963" role=""/>
  <member type="way" ref="1080151920" role=""/>
  <member type="way" ref="293116911" role=""/>
  <member type="way" ref="293116912" role=""/>
  <member type="way" ref="1413622669" role=""/>
  <member type="way" ref="4516326" role=""/>
  <member type="way" ref="151463307" role=""/>
  <member type="way" ref="527683121" role=""/>
  <member type="way" ref="513223126" role=""/>
  <member type="way" ref="4526445" role=""/>
  <member type="way" ref="1411973200" role=""/>
  <member type="way" ref="467146129" role=""/>
  <member type="way" ref="1411973198" role=""/>
  <member type="way" ref="1304013821" role=""/>
  <member type="way" ref="467146128" role=""/>
  <member type="way" ref="1411973199" role=""/>
  <member type="way" ref="1411973207" role=""/>
  <member type="way" ref="1304013820" role=""/>
  <member type="way" ref="1304013819" role=""/>
  <member type="way" ref="467146127" role=""/>
  <member type="way" ref="1304013818" role=""/>
  <member type="way" ref="467146126" role=""/>
  <member type="way" ref="863893509" role=""/>
  <member type="way" ref="863893508" role=""/>
  <member type="way" ref="561747093" role=""/>
  <member type="way" ref="1304122506" role=""/>
  <member type="way" ref="292117863" role=""/>
  <member type="way" ref="1304013817" role="forward"/>
  <member type="way" ref="1304013814" role="forward"/>
  <member type="way" ref="1304122507" role="forward"/>
  <member type="way" ref="1110778036" role=""/>
  <member type="way" ref="1304013815" role=""/>
  <member type="way" ref="1110778037" role=""/>
  <member type="way" ref="1304013813" role=""/>
  <member type="way" ref="1304072792" role=""/>
  <member type="way" ref="177978724" role=""/>
  <member type="way" ref="827522555" role=""/>
  <member type="way" ref="4526446" role=""/>
  <member type="way" ref="171197463" role=""/>
  <member type="way" ref="171197464" role=""/>
  <member type="way" ref="770631598" role=""/>
  <member type="way" ref="196919424" role=""/>
  <member type="way" ref="4815009" role=""/>
  <member type="way" ref="4815008" role=""/>
  <member type="way" ref="4815010" role=""/>
  <member type="way" ref="4815011" role=""/>
  <member type="way" ref="1036252800" role=""/>
  <member type="way" ref="1111188618" role=""/>
  <member type="way" ref="4815012" role=""/>
  <member type="way" ref="5088840" role=""/>
  <member type="way" ref="791436364" role=""/>
  <member type="way" ref="1111188617" role=""/>
  <member type="way" ref="791436363" role=""/>
  <member type="way" ref="234248901" role=""/>
  <member type="way" ref="234248900" role=""/>
  <member type="way" ref="13018597" role=""/>
  <member type="way" ref="28692865" role=""/>
  <member type="way" ref="596020229" role=""/>
  <member type="way" ref="59851748" role=""/>
  <member type="way" ref="1043083079" role=""/>
  <member type="way" ref="233011300" role=""/>
  <member type="way" ref="1080668832" role=""/>
  <member type="way" ref="1067215546" role=""/>
  <member type="way" ref="233011304" role=""/>
  <member type="way" ref="24752411" role=""/>
  <member type="way" ref="1067215547" role=""/>
  <member type="way" ref="596020231" role=""/>
  <member type="way" ref="1199943673" role=""/>
  <member type="way" ref="171797341" role=""/>
  <member type="way" ref="783080499" role=""/>
  <member type="way" ref="4903421" role=""/>
  <member type="way" ref="28692919" role=""/>
  <member type="way" ref="787990490" role=""/>
  <member type="way" ref="15217816" role=""/>
  <member type="way" ref="1013530797" role=""/>
  <member type="way" ref="1013530798" role=""/>
  <member type="way" ref="1339211262" role=""/>
  <member type="way" ref="15217815" role=""/>
  <member type="way" ref="4903432" role=""/>
  <member type="way" ref="15217808" role=""/>
  <member type="way" ref="264085717" role=""/>
  <member type="way" ref="139459670" role=""/>
  <member type="way" ref="15217809" role=""/>
  <member type="way" ref="4815181" role=""/>
  <member type="way" ref="139459674" role=""/>
  <member type="way" ref="43561765" role=""/>
  <member type="way" ref="96765148" role=""/>
  <member type="way" ref="4815182" role=""/>
  <member type="way" ref="4815177" role=""/>
  <member type="way" ref="366575770" role=""/>
  <member type="way" ref="149904586" role=""/>
  <member type="way" ref="5244129" role=""/>
  <member type="way" ref="5244130" role=""/>
  <member type="way" ref="15217804" role=""/>
  <member type="way" ref="4815183" role=""/>
  <member type="way" ref="27196866" role=""/>
  <member type="way" ref="504550390" role=""/>
  <member type="way" ref="4970695" role=""/>
  <member type="way" ref="33050666" role=""/>
  <member type="way" ref="4815180" role=""/>
  <member type="way" ref="174807692" role=""/>
  <member type="way" ref="45499166" role=""/>
  <member type="way" ref="190635063" role=""/>
  <member type="way" ref="4815179" role=""/>
  <member type="way" ref="28692936" role=""/>
  <member type="way" ref="140266302" role=""/>
  <member type="way" ref="4815178" role=""/>
  <member type="way" ref="1419655176" role=""/>
  <member type="way" ref="5061602" role=""/>
  <member type="way" ref="135754256" role=""/>
  <member type="way" ref="1229739912" role=""/>
  <member type="way" ref="806877861" role=""/>
  <member type="way" ref="1093047931" role=""/>
  <member type="way" ref="28692962" role=""/>
  <member type="way" ref="1137895436" role=""/>
  <member type="way" ref="1359840507" role=""/>
  <member type="way" ref="54933039" role=""/>
  <member type="way" ref="4815234" role=""/>
  <member type="way" ref="371132476" role=""/>
  <member type="way" ref="1359840508" role=""/>
  <member type="way" ref="1359840508" role=""/>
  <member type="way" ref="1359840508" role=""/>
  <member type="way" ref="4815238" role=""/>
  <member type="way" ref="4815236" role=""/>
  <member type="way" ref="310661045" role=""/>
  <member type="way" ref="361165269" role=""/>
  <member type="way" ref="4815123" role=""/>
  <member type="way" ref="885501279" role=""/>
  <member type="way" ref="885501280" role=""/>
  <member type="way" ref="4815122" role=""/>
  <member type="way" ref="891312546" role=""/>
  <member type="way" ref="4815121" role=""/>
  <member type="way" ref="1115691449" role=""/>
  <member type="way" ref="4747056" role=""/>
  <member type="way" ref="4747055" role=""/>
  <member type="way" ref="4747054" role=""/>
  <member type="way" ref="4747053" role=""/>
  <member type="way" ref="23125985" role=""/>
  <member type="way" ref="38715350" role=""/>
  <member type="way" ref="4962694" role=""/>
  <member type="way" ref="4722844" role=""/>
  <member type="way" ref="821630854" role=""/>
  <member type="way" ref="876061247" role=""/>
  <member type="way" ref="876061246" role=""/>
  <member type="way" ref="4822982" role=""/>
  <member type="way" ref="28692991" role=""/>
  <member type="way" ref="111646499" role=""/>
  <member type="way" ref="111646500" role=""/>
  <member type="way" ref="4815249" role=""/>
  <member type="way" ref="4815250" role=""/>
  <member type="way" ref="4722878" role=""/>
  <member type="way" ref="28693011" role=""/>
  <member type="way" ref="1030118924" role=""/>
  <member type="way" ref="28693007" role=""/>
  <member type="way" ref="4722876" role=""/>
  <member type="way" ref="5066474" role=""/>
  <member type="way" ref="792564388" role=""/>
  <member type="way" ref="1013148391" role=""/>
  <member type="way" ref="1338722830" role=""/>
  <member type="way" ref="792564389" role=""/>
  <member type="way" ref="22947118" role=""/>
  <member type="way" ref="50344416" role=""/>
  <member type="way" ref="50344417" role=""/>
  <member type="way" ref="50344418" role=""/>
  <member type="way" ref="50344414" role=""/>
  <member type="way" ref="926295441" role=""/>
  <member type="way" ref="926295440" role=""/>
  <member type="way" ref="135916173" role=""/>
  <member type="way" ref="173017435" role=""/>
  <member type="way" ref="891306357" role=""/>
  <member type="way" ref="439910727" role=""/>
  <member type="way" ref="42761358" role=""/>
  <member type="way" ref="246105432" role=""/>
  <member type="way" ref="246105434" role=""/>
  <member type="way" ref="27616896" role=""/>
  <member type="way" ref="1382945440" role=""/>
  <member type="way" ref="27616897" role=""/>
  <member type="way" ref="1382945439" role=""/>
  <member type="way" ref="246105437" role=""/>
  <member type="way" ref="246105436" role=""/>
  <member type="way" ref="675673464" role=""/>
  <member type="way" ref="25151639" role=""/>
  <member type="way" ref="60661753" role=""/>
  <member type="way" ref="60661752" role=""/>
  <member type="way" ref="23925244" role=""/>
  <member type="way" ref="75719255" role=""/>
  <member type="way" ref="1195313904" role=""/>
  <member type="way" ref="1292295032" role=""/>
  <member type="way" ref="1195313903" role=""/>
  <member type="way" ref="239986222" role=""/>
  <member type="way" ref="1082369780" role=""/>
  <member type="way" ref="1082369779" role=""/>
  <member type="way" ref="1083003498" role=""/>
  <member type="way" ref="1083003497" role=""/>
  <member type="way" ref="1083003495" role=""/>
  <member type="way" ref="1083003496" role=""/>
  <member type="way" ref="135918668" role=""/>
  <member type="way" ref="135918667" role=""/>
  <member type="way" ref="4707444" role=""/>
  <member type="way" ref="4714503" role=""/>
  <member type="way" ref="4714504" role=""/>
  <member type="way" ref="165890376" role=""/>
  <member type="way" ref="592602972" role=""/>
  <member type="way" ref="177565245" role=""/>
  <member type="way" ref="215026880" role=""/>
  <member type="way" ref="30695387" role=""/>
  <member type="way" ref="23205992" role=""/>
  <member type="way" ref="961603376" role=""/>
  <member type="way" ref="376071276" role=""/>
  <member type="way" ref="1013260836" role=""/>
  <member type="way" ref="4727425" role=""/>
  <member type="way" ref="28144489" role=""/>
  <member type="way" ref="845116789" role=""/>
  <member type="way" ref="382356734" role=""/>
  <member type="way" ref="1292299782" role=""/>
  <member type="way" ref="1292299783" role=""/>
  <member type="way" ref="376071273" role=""/>
  <member type="way" ref="4702820" role=""/>
  <member type="way" ref="4702814" role=""/>
  <member type="way" ref="1087102226" role=""/>
  <member type="way" ref="4823552" role=""/>
  <member type="way" ref="238663769" role=""/>
  <member type="way" ref="853522648" role="forward"/>
  <member type="way" ref="382360441" role="forward"/>
  <member type="way" ref="382360443" role="forward"/>
  <member type="way" ref="853522642" role="forward"/>
  <member type="way" ref="853522645" role="forward"/>
  <member type="way" ref="4823551" role="forward"/>
  <member type="way" ref="853522646" role="forward"/>
  <member type="way" ref="238663756" role=""/>
  <member type="way" ref="382360446" role=""/>
  <member type="way" ref="323858704" role=""/>
  <member type="way" ref="382360449" role=""/>
  <member type="way" ref="4890737" role=""/>
  <member type="way" ref="741167567" role=""/>
  <member type="way" ref="853505794" role=""/>
  <member type="way" ref="853505792" role=""/>
  <member type="way" ref="582281506" role=""/>
  <member type="way" ref="23205987" role=""/>
  <member type="way" ref="238663767" role=""/>
  <member type="way" ref="5173729" role=""/>
  <member type="way" ref="382551981" role=""/>
  <member type="way" ref="4934156" role=""/>
  <member type="way" ref="23205986" role=""/>
  <member type="way" ref="5173732" role=""/>
  <member type="way" ref="904506677" role=""/>
  <member type="way" ref="904506678" role=""/>
  <member type="way" ref="1037286570" role=""/>
  <member type="way" ref="1037286571" role=""/>
  <member type="way" ref="1219744478" role=""/>
  <member type="way" ref="1219744479" role=""/>
  <member type="way" ref="382574758" role=""/>
  <member type="way" ref="4702799" role=""/>
  <member type="way" ref="1275552545" role=""/>
  <member type="way" ref="1275552544" role=""/>
  <member type="way" ref="1193139060" role=""/>
  <member type="way" ref="1189099669" role=""/>
  <member type="way" ref="1066950447" role=""/>
  <member type="way" ref="28528172" role=""/>
  <member type="way" ref="28528174" role=""/>
  <member type="way" ref="190635062" role=""/>
  <member type="way" ref="199391218" role=""/>
  <member type="way" ref="432778581" role=""/>
  <member type="way" ref="199250368" role=""/>
  <member type="way" ref="156264660" role=""/>
  <member type="way" ref="328562537" role=""/>
  <member type="way" ref="1066945697" role=""/>
  <member type="way" ref="142589051" role=""/>
  <member type="way" ref="898598574" role=""/>
  <member type="way" ref="4702800" role=""/>
  <member type="way" ref="54533591" role=""/>
  <member type="way" ref="5112946" role=""/>
  <member type="way" ref="4812686" role=""/>
  <member type="way" ref="15217801" role=""/>
  <member type="way" ref="66611528" role=""/>
  <member type="way" ref="23125738" role=""/>
  <member type="way" ref="557109909" role=""/>
  <member type="way" ref="4812685" role=""/>
  <member type="way" ref="4812828" role=""/>
  <member type="way" ref="4812827" role=""/>
  <member type="way" ref="23125739" role=""/>
  <member type="way" ref="193059841" role=""/>
  <member type="way" ref="15217800" role=""/>
  <member type="way" ref="209613413" role=""/>
  <member type="way" ref="241125643" role=""/>
  <member type="way" ref="172890774" role=""/>
  <member type="way" ref="1414203769" role=""/>
  <member type="way" ref="172890772" role=""/>
  <member type="way" ref="924567453" role=""/>
  <member type="way" ref="12449630" role=""/>
  <member type="way" ref="4812721" role=""/>
  <member type="way" ref="133616452" role=""/>
  <member type="way" ref="4812722" role=""/>
  <member type="way" ref="4812699" role=""/>
  <member type="way" ref="575718165" role=""/>
  <member type="way" ref="135310299" role=""/>
  <member type="way" ref="4812700" role=""/>
  <member type="way" ref="22982114" role=""/>
  <member type="way" ref="15217797" role=""/>
  <member type="way" ref="575718141" role=""/>
  <member type="way" ref="575718140" role=""/>
  <member type="way" ref="575718159" role=""/>
  <member type="way" ref="4814846" role=""/>
  <member type="way" ref="577602963" role=""/>
  <member type="way" ref="4814845" role=""/>
  <member type="way" ref="5113109" role=""/>
  <member type="way" ref="910569282" role=""/>
  <member type="way" ref="390890680" role=""/>
  <member type="way" ref="297063716" role=""/>
  <member type="way" ref="891075889" role=""/>
  <member type="way" ref="60738540" role=""/>
  <member type="way" ref="297063712" role=""/>
  <member type="way" ref="248688544" role=""/>
  <member type="way" ref="891288096" role=""/>
  <member type="way" ref="26634634" role=""/>
  <member type="way" ref="111244970" role=""/>
  <member type="way" ref="592626788" role=""/>
  <member type="way" ref="1273162349" role=""/>
  <member type="way" ref="1273162350" role=""/>
  <member type="way" ref="1273162351" role=""/>
  <member type="way" ref="1147924808" role=""/>
  <member type="way" ref="27248363" role=""/>
  <member type="way" ref="592626791" role=""/>
  <member type="way" ref="250101814" role=""/>
  <member type="way" ref="28097447" role=""/>
  <member type="way" ref="28097448" role=""/>
  <member type="way" ref="28106600" role=""/>
  <member type="way" ref="117977125" role=""/>
  <member type="way" ref="117977122" role=""/>
  <member type="way" ref="1087908660" role=""/>
  <member type="way" ref="52290814" role=""/>
  <member type="way" ref="43323825" role=""/>
  <member type="way" ref="891075882" role=""/>
  <member type="way" ref="150937349" role=""/>
  <member type="way" ref="22673938" role=""/>
  <member type="way" ref="572738192" role=""/>
  <member type="way" ref="28505539" role=""/>
  <member type="way" ref="28505541" role=""/>
  <member type="way" ref="6875355" role=""/>
  <member type="way" ref="890652369" role=""/>
  <member type="way" ref="28505597" role=""/>
  <member type="way" ref="891073629" role=""/>
  <member type="way" ref="28222848" role=""/>
  <member type="way" ref="891073628" role=""/>
  <member type="way" ref="1005870648" role=""/>
  <member type="way" ref="1210380847" role=""/>
  <member type="way" ref="185458406" role=""/>
  <member type="way" ref="185458408" role=""/>
  <member type="way" ref="1210380851" role=""/>
  <member type="way" ref="1210380849" role=""/>
  <member type="way" ref="150937350" role=""/>
  <member type="way" ref="23125763" role=""/>
  <member type="way" ref="28692825" role=""/>
  <member type="way" ref="150937336" role=""/>
  <member type="way" ref="55693307" role=""/>
  <member type="way" ref="55693308" role=""/>
  <member type="way" ref="302778798" role=""/>
  <member type="way" ref="1080155523" role=""/>
  <member type="way" ref="1080155524" role=""/>
  <member type="way" ref="150937331" role=""/>
  <member type="way" ref="1153291684" role=""/>
  <member type="way" ref="25000212" role=""/>
  <member type="way" ref="52290208" role=""/>
  <member type="way" ref="150937333" role=""/>
  <member type="way" ref="45757878" role=""/>
  <member type="way" ref="45757877" role=""/>
  <member type="way" ref="45757879" role=""/>
  <member type="way" ref="52290210" role=""/>
  <member type="way" ref="23463598" role=""/>
  <member type="way" ref="28021360" role=""/>
  <member type="way" ref="25910962" role=""/>
  <member type="way" ref="23463599" role=""/>
  <member type="way" ref="180866269" role=""/>
  <member type="way" ref="4814915" role=""/>
  <member type="way" ref="4814914" role=""/>
  <member type="way" ref="180866271" role=""/>
  <member type="way" ref="721739694" role=""/>
  <member type="way" ref="1189196392" role=""/>
  <member type="way" ref="4814916" role=""/>
  <member type="way" ref="5196919" role=""/>
  <member type="way" ref="51450609" role=""/>
  <member type="way" ref="137560885" role=""/>
  <member type="way" ref="1378770316" role=""/>
  <member type="way" ref="5196918" role=""/>
  <member type="way" ref="1378169293" role=""/>
  <member type="way" ref="94342471" role=""/>
  <member type="way" ref="172890762" role=""/>
  <member type="way" ref="196919425" role=""/>
  <member type="way" ref="30694297" role=""/>
  <member type="way" ref="1304109766" role="backward"/>
  <member type="way" ref="60738543" role=""/>
  <member type="way" ref="126676158" role=""/>
  <member type="way" ref="481204613" role=""/>
  <member type="node" ref="13046010491" role="guidepost"/>
  <tag k="name" v="GrünGürtel-Radrundweg Frankfurt"/>
  <tag k="network" v="lcn"/>
  <tag k="ref" v="GG"/>
  <tag k="roundtrip" v="yes"/>
  <tag k="route" v="bicycle"/>
  <tag k="symbol:de" v="Fahrrad auf gelbem Kreis vor grünem Hintergrund, darunter Text &quot;GrünGürtel&quot;"/>
  <tag k="type" v="route"/>
  <tag k="website" v="https://radroutenplaner.hessen.de/themenrouten/gruenguertel-radrundweg/"/>
 </relation>
 <relation id="296181" visible="true" version="109" changeset="168709825" timestamp="2025-07-09T18:38:50Z" user="luisaew" uid="22710059">
  <member type="way" ref="23853884" role=""/>
  <member type="way" ref="1249156143" role=""/>
  <member type="way" ref="1249406513" role=""/>
  <member type="way" ref="1249156137" role=""/>
  <member type="way" ref="1249156140" role=""/>
  <member type="way" ref="23164402" role=""/>
  <member type="way" ref="338156853" role=""/>
  <member type="way" ref="533762191" role=""/>
  <member type="way" ref="338156854" role=""/>
  <member type="way" ref="36837449" role=""/>
  <member type="way" ref="93106865" role=""/>
  <member type="way" ref="93094689" role=""/>
  <member type="way" ref="93094680" role=""/>
  <member type="way" ref="27085496" role=""/>
  <member type="way" ref="51264499" role=""/>
  <member type="way" ref="93094676" role=""/>
  <member type="way" ref="995822122" role=""/>
  <member type="way" ref="1300936980" role=""/>
  <member type="way" ref="1292473554" role=""/>
  <member type="way" ref="1292473558" role=""/>
  <member type="way" ref="1292473555" role=""/>
  <member type="way" ref="1300936979" role=""/>
  <member type="way" ref="1300935602" role=""/>
  <member type="way" ref="1249161220" role=""/>
  <member type="way" ref="1249161221" role=""/>
  <member type="way" ref="580241089" role=""/>
  <member type="way" ref="23133583" role=""/>
  <member type="way" ref="426853114" role=""/>
  <member type="way" ref="489077487" role=""/>
  <member type="way" ref="46175740" role=""/>
  <member type="way" ref="32928499" role=""/>
  <member type="way" ref="23133577" role=""/>
  <member type="way" ref="23495269" role=""/>
  <member type="way" ref="257372801" role=""/>
  <member type="way" ref="786892824" role=""/>
  <member type="way" ref="1301273492" role=""/>
  <member type="way" ref="30351813" role=""/>
  <member type="way" ref="34744252" role=""/>
  <member type="way" ref="37178367" role=""/>
  <member type="way" ref="51235430" role=""/>
  <member type="way" ref="218974462" role=""/>
  <member type="way" ref="25424011" role=""/>
  <member type="way" ref="25424029" role=""/>
  <member type="way" ref="173469854" role=""/>
  <member type="way" ref="107957788" role=""/>
  <member type="way" ref="30694908" role=""/>
  <member type="way" ref="23936894" role=""/>
  <member type="way" ref="23936895" role=""/>
  <member type="way" ref="23936883" role=""/>
  <member type="way" ref="25693908" role=""/>
  <member type="way" ref="25693912" role=""/>
  <member type="way" ref="8102557" role=""/>
  <member type="way" ref="5197303" role=""/>
  <member type="way" ref="25693882" role=""/>
  <member type="way" ref="1136280691" role=""/>
  <member type="way" ref="5731923" role=""/>
  <member type="way" ref="1136280690" role=""/>
  <member type="way" ref="5731920" role=""/>
  <member type="way" ref="44735214" role=""/>
  <member type="way" ref="51233233" role=""/>
  <member type="way" ref="51233224" role=""/>
  <member type="way" ref="143242800" role=""/>
  <member type="way" ref="4913308" role=""/>
  <member type="way" ref="37870966" role=""/>
  <member type="way" ref="51233231" role=""/>
  <member type="way" ref="23417490" role=""/>
  <member type="way" ref="51233229" role=""/>
  <member type="way" ref="109282484" role=""/>
  <member type="way" ref="103899816" role=""/>
  <member type="way" ref="4913753" role=""/>
  <member type="way" ref="51231558" role=""/>
  <member type="way" ref="305898910" role=""/>
  <member type="way" ref="51572090" role=""/>
  <member type="way" ref="626240131" role=""/>
  <member type="way" ref="626240419" role=""/>
  <member type="way" ref="935000791" role=""/>
  <member type="way" ref="4899667" role=""/>
  <member type="way" ref="42761359" role=""/>
  <member type="way" ref="28047758" role=""/>
  <member type="way" ref="39424630" role=""/>
  <member type="way" ref="1013155684" role=""/>
  <member type="way" ref="51969188" role=""/>
  <member type="way" ref="24976469" role=""/>
  <member type="way" ref="24976468" role=""/>
  <member type="way" ref="4579355" role=""/>
  <member type="way" ref="42761358" role=""/>
  <member type="way" ref="439910727" role=""/>
  <member type="way" ref="439910728" role=""/>
  <member type="way" ref="1390990513" role=""/>
  <member type="way" ref="1390990512" role=""/>
  <member type="way" ref="4992697" role=""/>
  <member type="way" ref="1390990509" role=""/>
  <member type="way" ref="1390990510" role=""/>
  <member type="way" ref="1390990528" role=""/>
  <member type="way" ref="1390990526" role=""/>
  <member type="way" ref="1390990525" role=""/>
  <member type="way" ref="1115576471" role=""/>
  <member type="way" ref="42761233" role=""/>
  <member type="way" ref="1391137443" role=""/>
  <member type="way" ref="137313151" role=""/>
  <member type="way" ref="1033586363" role=""/>
  <member type="way" ref="137313152" role=""/>
  <member type="way" ref="1033586364" role=""/>
  <member type="way" ref="4470772" role=""/>
  <member type="way" ref="4616498" role=""/>
  <member type="way" ref="1046257944" role=""/>
  <member type="way" ref="42761232" role=""/>
  <member type="way" ref="1391137444" role=""/>
  <member type="way" ref="1241332565" role=""/>
  <member type="way" ref="259399536" role=""/>
  <member type="way" ref="373546489" role=""/>
  <member type="way" ref="259399540" role=""/>
  <member type="way" ref="259399537" role=""/>
  <member type="way" ref="33634628" role=""/>
  <member type="way" ref="925243654" role=""/>
  <member type="way" ref="1080709228" role=""/>
  <member type="way" ref="1224971942" role=""/>
  <member type="way" ref="224145201" role=""/>
  <member type="way" ref="1391137467" role=""/>
  <member type="way" ref="1391137468" role=""/>
  <member type="way" ref="1391137470" role=""/>
  <member type="way" ref="1391137469" role=""/>
  <member type="way" ref="224145202" role=""/>
  <member type="way" ref="1391137416" role=""/>
  <member type="way" ref="1391137417" role=""/>
  <member type="way" ref="1391137471" role=""/>
  <member type="way" ref="153529348" role=""/>
  <member type="way" ref="4585312" role=""/>
  <member type="way" ref="4585313" role=""/>
  <member type="way" ref="4585314" role=""/>
  <member type="way" ref="1126727666" role=""/>
  <member type="way" ref="4585315" role=""/>
  <member type="way" ref="1126727667" role=""/>
  <member type="way" ref="37588610" role=""/>
  <member type="way" ref="4585318" role=""/>
  <member type="way" ref="42760946" role=""/>
  <member type="way" ref="26634198" role=""/>
  <member type="way" ref="4742033" role=""/>
  <member type="way" ref="42760942" role=""/>
  <member type="way" ref="11949151" role=""/>
  <member type="way" ref="11949150" role=""/>
  <member type="way" ref="67007949" role=""/>
  <member type="way" ref="1290623928" role=""/>
  <member type="way" ref="1290623927" role=""/>
  <member type="way" ref="1290623926" role=""/>
  <member type="way" ref="431519017" role=""/>
  <member type="way" ref="1290623925" role=""/>
  <member type="way" ref="1290623924" role=""/>
  <member type="way" ref="1290623929" role=""/>
  <member type="way" ref="1290623930" role=""/>
  <member type="way" ref="1290623931" role=""/>
  <member type="way" ref="42760935" role=""/>
  <member type="way" ref="1290623932" role=""/>
  <member type="way" ref="1290623933" role=""/>
  <member type="way" ref="1290623934" role=""/>
  <member type="way" ref="59851387" role=""/>
  <member type="way" ref="33153334" role=""/>
  <member type="way" ref="4711477" role=""/>
  <member type="way" ref="122505445" role=""/>
  <member type="way" ref="4711478" role=""/>
  <member type="way" ref="67016605" role=""/>
  <member type="way" ref="42760931" role=""/>
  <member type="way" ref="4751819" role=""/>
  <member type="way" ref="925243655" role=""/>
  <member type="way" ref="4751818" role=""/>
  <member type="way" ref="490316230" role=""/>
  <member type="way" ref="1352947136" role=""/>
  <member type="way" ref="1352947137" role=""/>
  <member type="way" ref="369548426" role=""/>
  <member type="way" ref="59851210" role=""/>
  <member type="way" ref="167630945" role=""/>
  <member type="way" ref="4713996" role=""/>
  <member type="way" ref="987726155" role=""/>
  <member type="way" ref="62788556" role=""/>
  <member type="way" ref="13215129" role=""/>
  <member type="way" ref="13215128" role=""/>
  <member type="way" ref="431520088" role=""/>
  <member type="way" ref="4693854" role=""/>
  <member type="way" ref="26838508" role=""/>
  <member type="way" ref="439910729" role=""/>
  <member type="way" ref="23289077" role=""/>
  <member type="way" ref="4710903" role=""/>
  <member type="way" ref="4693851" role=""/>
  <member type="way" ref="46111334" role=""/>
  <member type="way" ref="167630942" role=""/>
  <member type="way" ref="42759522" role=""/>
  <member type="way" ref="4221362" role=""/>
  <member type="way" ref="36998420" role=""/>
  <member type="way" ref="984693347" role=""/>
  <member type="way" ref="4824481" role=""/>
  <member type="way" ref="4824483" role=""/>
  <member type="way" ref="167630944" role=""/>
  <member type="way" ref="167630941" role=""/>
  <member type="way" ref="505100529" role=""/>
  <member type="way" ref="42759520" role=""/>
  <member type="way" ref="505100536" role=""/>
  <member type="way" ref="505100535" role=""/>
  <member type="way" ref="49834718" role=""/>
  <member type="way" ref="314922406" role=""/>
  <member type="way" ref="301592611" role=""/>
  <member type="way" ref="1092461471" role=""/>
  <member type="way" ref="1092461470" role=""/>
  <member type="way" ref="1413551370" role=""/>
  <member type="way" ref="1363141589" role=""/>
  <member type="way" ref="1363141590" role=""/>
  <member type="way" ref="103888711" role=""/>
  <member type="way" ref="1411088258" role=""/>
  <member type="way" ref="1411088257" role=""/>
  <member type="way" ref="31263304" role=""/>
  <member type="way" ref="371155799" role=""/>
  <member type="way" ref="371170927" role=""/>
  <member type="way" ref="1333319452" role=""/>
  <member type="way" ref="1333293588" role=""/>
  <member type="way" ref="1332704670" role=""/>
  <member type="way" ref="1333319454" role=""/>
  <member type="way" ref="1333293592" role=""/>
  <member type="way" ref="1333319462" role=""/>
  <tag k="name" v="Hölderlinpfad"/>
  <tag k="name:etymology:wikidata" v="Q75889"/>
  <tag k="network" v="lwn"/>
  <tag k="operator" v="Regionalpark RheinMain Taunushang GmbH"/>
  <tag k="osmc:name" v="Hölderlinpfad"/>
  <tag k="osmc:symbol" v="blue:blue: :HP:white"/>
  <tag k="roundtrip" v="no"/>
  <tag k="route" v="hiking"/>
  <tag k="symbol" v="Hölderlin-Büste auf blauem Grund"/>
  <tag k="type" v="route"/>
  <tag k="website" v="https://www.regionalpark-rheinmain.de/portfolio-item/hoelderlin-pfad/"/>
 </relation>
 <relation id="308810" visible="true" version="179" changeset="168113417" timestamp="2025-06-25T21:31:27Z" user="Max--" uid="34555">
  <member type="way" ref="142984214" role=""/>
  <member type="way" ref="1385333970" role=""/>
  <member type="way" ref="69468605" role=""/>
  <member type="way" ref="142984238" role=""/>
  <member type="way" ref="38666918" role=""/>
  <member type="way" ref="69555372" role=""/>
  <member type="way" ref="274995128" role=""/>
  <member type="way" ref="78139925" role=""/>
  <member type="way" ref="78139924" role=""/>
  <member type="way" ref="71737028" role=""/>
  <member type="way" ref="71737027" role=""/>
  <member type="way" ref="405691243" role=""/>
  <member type="way" ref="182787336" role=""/>
  <member type="way" ref="182675864" role=""/>
  <member type="way" ref="71448849" role=""/>
  <member type="way" ref="71448674" role=""/>
  <member type="way" ref="71448708" role=""/>
  <member type="way" ref="577213427" role=""/>
  <member type="way" ref="71454078" role=""/>
  <member type="way" ref="577213428" role=""/>
  <member type="way" ref="71448737" role=""/>
  <member type="way" ref="1202551677" role=""/>
  <member type="way" ref="120493356" role=""/>
  <member type="way" ref="120493354" role=""/>
  <member type="way" ref="46248351" role=""/>
  <member type="way" ref="274995235" role=""/>
  <member type="way" ref="71454075" role=""/>
  <member type="way" ref="1236232458" role=""/>
  <member type="way" ref="71454050" role=""/>
  <member type="way" ref="46248356" role=""/>
  <member type="way" ref="46248354" role=""/>
  <member type="way" ref="71454074" role=""/>
  <member type="way" ref="33993872" role=""/>
  <member type="way" ref="24827859" role=""/>
  <member type="way" ref="182590998" role=""/>
  <member type="way" ref="115394133" role=""/>
  <member type="way" ref="141446104" role=""/>
  <member type="way" ref="219139427" role=""/>
  <member type="way" ref="4677187" role=""/>
  <member type="way" ref="142973219" role=""/>
  <member type="way" ref="143280472" role=""/>
  <member type="way" ref="218523948" role=""/>
  <member type="way" ref="24827525" role=""/>
  <member type="way" ref="166147503" role=""/>
  <member type="way" ref="4675540" role=""/>
  <member type="way" ref="140616478" role=""/>
  <member type="way" ref="141874003" role=""/>
  <member type="way" ref="141874025" role=""/>
  <member type="way" ref="4675228" role=""/>
  <member type="way" ref="8440938" role=""/>
  <member type="way" ref="140422279" role=""/>
  <member type="way" ref="140422282" role=""/>
  <member type="way" ref="120704085" role=""/>
  <member type="way" ref="37865001" role=""/>
  <member type="way" ref="33516083" role=""/>
  <member type="way" ref="122068752" role=""/>
  <member type="way" ref="412452743" role=""/>
  <member type="way" ref="122068751" role=""/>
  <member type="way" ref="725030135" role=""/>
  <member type="way" ref="286425233" role=""/>
  <member type="way" ref="30447455" role=""/>
  <member type="way" ref="412452749" role=""/>
  <member type="way" ref="183655393" role=""/>
  <member type="way" ref="412452750" role=""/>
  <member type="way" ref="242735221" role=""/>
  <member type="way" ref="25524031" role=""/>
  <member type="way" ref="25523676" role=""/>
  <member type="way" ref="242735219" role=""/>
  <member type="way" ref="31107254" role=""/>
  <member type="way" ref="25523758" role=""/>
  <member type="way" ref="240522298" role=""/>
  <member type="way" ref="274995104" role=""/>
  <member type="way" ref="25523770" role=""/>
  <member type="way" ref="25455263" role=""/>
  <member type="way" ref="25454948" role=""/>
  <member type="way" ref="698806223" role=""/>
  <member type="way" ref="31107156" role=""/>
  <member type="way" ref="141953914" role=""/>
  <member type="way" ref="40491432" role=""/>
  <member type="way" ref="117426754" role=""/>
  <member type="way" ref="117426748" role=""/>
  <member type="way" ref="25455744" role=""/>
  <member type="way" ref="171721660" role=""/>
  <member type="way" ref="25744334" role=""/>
  <member type="way" ref="117873505" role=""/>
  <member type="way" ref="117873506" role=""/>
  <member type="way" ref="25744336" role=""/>
  <member type="way" ref="43663065" role=""/>
  <member type="way" ref="373734771" role=""/>
  <member type="way" ref="373734787" role=""/>
  <member type="way" ref="171719478" role=""/>
  <member type="way" ref="171719477" role=""/>
  <member type="way" ref="25744340" role=""/>
  <member type="way" ref="274995093" role=""/>
  <member type="way" ref="25744349" role=""/>
  <member type="way" ref="734767875" role=""/>
  <member type="way" ref="34181744" role=""/>
  <member type="way" ref="141953880" role=""/>
  <member type="way" ref="274995067" role=""/>
  <member type="way" ref="329298590" role=""/>
  <member type="way" ref="220393943" role=""/>
  <member type="way" ref="141953897" role=""/>
  <member type="way" ref="141953887" role=""/>
  <member type="way" ref="729746011" role=""/>
  <member type="way" ref="31107941" role=""/>
  <member type="way" ref="38666923" role=""/>
  <member type="way" ref="117879144" role=""/>
  <member type="way" ref="274995082" role=""/>
  <member type="way" ref="32145761" role=""/>
  <member type="way" ref="32145760" role=""/>
  <member type="way" ref="182391105" role=""/>
  <member type="way" ref="1231582064" role=""/>
  <member type="way" ref="207929714" role=""/>
  <member type="way" ref="207929718" role=""/>
  <member type="way" ref="134268022" role=""/>
  <member type="way" ref="117879143" role=""/>
  <member type="way" ref="32143291" role=""/>
  <member type="way" ref="39021931" role=""/>
  <member type="way" ref="39021930" role=""/>
  <member type="way" ref="368521210" role=""/>
  <member type="way" ref="249041506" role=""/>
  <member type="way" ref="123130938" role=""/>
  <member type="way" ref="142572276" role=""/>
  <member type="way" ref="142572256" role=""/>
  <member type="way" ref="37829128" role=""/>
  <member type="way" ref="1377596548" role=""/>
  <member type="way" ref="1168904465" role=""/>
  <member type="way" ref="1168904466" role=""/>
  <member type="way" ref="302138815" role=""/>
  <member type="way" ref="302138826" role=""/>
  <member type="way" ref="1393701846" role=""/>
  <member type="way" ref="32242589" role=""/>
  <member type="way" ref="962557124" role=""/>
  <member type="way" ref="207933460" role=""/>
  <member type="way" ref="237002379" role=""/>
  <member type="way" ref="237003714" role=""/>
  <member type="way" ref="237852489" role=""/>
  <member type="way" ref="33888418" role=""/>
  <member type="way" ref="33888419" role=""/>
  <member type="way" ref="37829431" role=""/>
  <member type="way" ref="33888416" role=""/>
  <member type="way" ref="33889317" role=""/>
  <member type="way" ref="1097857093" role=""/>
  <member type="way" ref="39021927" role=""/>
  <member type="way" ref="386062401" role=""/>
  <member type="way" ref="39021926" role=""/>
  <member type="way" ref="33888421" role=""/>
  <member type="way" ref="33888375" role=""/>
  <member type="way" ref="386062400" role=""/>
  <member type="way" ref="122072970" role=""/>
  <member type="way" ref="32242613" role=""/>
  <member type="way" ref="144330288" role=""/>
  <member type="way" ref="144330292" role=""/>
  <member type="way" ref="32242683" role=""/>
  <member type="way" ref="37106482" role=""/>
  <member type="way" ref="37106481" role=""/>
  <member type="way" ref="782644336" role=""/>
  <member type="way" ref="284308969" role=""/>
  <member type="way" ref="32814155" role=""/>
  <member type="way" ref="284308971" role=""/>
  <member type="way" ref="33884908" role=""/>
  <member type="way" ref="35955125" role=""/>
  <member type="way" ref="32814158" role=""/>
  <member type="way" ref="32814154" role=""/>
  <member type="way" ref="32814151" role=""/>
  <member type="way" ref="32814149" role=""/>
  <member type="way" ref="1185654741" role=""/>
  <member type="way" ref="32242742" role=""/>
  <member type="way" ref="25835037" role=""/>
  <member type="way" ref="194606972" role=""/>
  <member type="way" ref="112390278" role=""/>
  <member type="way" ref="916171870" role=""/>
  <member type="way" ref="32093817" role=""/>
  <member type="way" ref="32101584" role=""/>
  <member type="way" ref="782644348" role=""/>
  <member type="way" ref="697943810" role=""/>
  <member type="way" ref="32093815" role=""/>
  <member type="way" ref="32093812" role=""/>
  <member type="way" ref="32093811" role=""/>
  <member type="way" ref="24915685" role=""/>
  <member type="way" ref="115480917" role=""/>
  <member type="way" ref="220858876" role=""/>
  <member type="way" ref="112390275" role=""/>
  <member type="way" ref="26521464" role=""/>
  <member type="way" ref="1160650385" role=""/>
  <member type="way" ref="1160650386" role=""/>
  <member type="way" ref="1377223103" role=""/>
  <member type="way" ref="26521465" role=""/>
  <member type="way" ref="32092497" role=""/>
  <member type="way" ref="1213541478" role=""/>
  <member type="way" ref="32092494" role=""/>
  <member type="way" ref="867995167" role=""/>
  <member type="way" ref="25936756" role=""/>
  <member type="way" ref="24915686" role=""/>
  <member type="way" ref="361606164" role=""/>
  <member type="way" ref="986168861" role=""/>
  <member type="way" ref="26165888" role=""/>
  <member type="way" ref="37279292" role=""/>
  <member type="way" ref="1106287450" role=""/>
  <member type="way" ref="26165597" role=""/>
  <member type="way" ref="26521796" role=""/>
  <member type="way" ref="361606168" role=""/>
  <member type="way" ref="1377223104" role=""/>
  <member type="way" ref="1377223105" role=""/>
  <member type="way" ref="925229126" role=""/>
  <member type="way" ref="33702228" role=""/>
  <member type="way" ref="410206627" role=""/>
  <member type="way" ref="410206626" role=""/>
  <member type="way" ref="26165413" role=""/>
  <member type="way" ref="5200140" role=""/>
  <member type="way" ref="25335032" role=""/>
  <member type="way" ref="53329832" role=""/>
  <member type="way" ref="53329834" role=""/>
  <member type="way" ref="242719711" role=""/>
  <member type="way" ref="1037361809" role=""/>
  <member type="way" ref="10807865" role=""/>
  <member type="way" ref="1377223106" role=""/>
  <member type="way" ref="53329833" role=""/>
  <member type="way" ref="10807864" role=""/>
  <member type="way" ref="52698868" role=""/>
  <member type="way" ref="332700959" role=""/>
  <member type="way" ref="10806961" role=""/>
  <member type="way" ref="1377223107" role=""/>
  <member type="way" ref="10806962" role=""/>
  <member type="way" ref="1377223108" role=""/>
  <member type="way" ref="135324335" role=""/>
  <member type="way" ref="668566272" role=""/>
  <member type="way" ref="356548086" role=""/>
  <member type="way" ref="316392946" role=""/>
  <member type="way" ref="1022362505" role=""/>
  <member type="way" ref="1022362504" role=""/>
  <member type="way" ref="51940784" role=""/>
  <member type="way" ref="4865866" role=""/>
  <member type="way" ref="4865865" role=""/>
  <member type="way" ref="160490174" role=""/>
  <member type="way" ref="167004923" role=""/>
  <member type="way" ref="167004925" role=""/>
  <member type="way" ref="51729181" role=""/>
  <member type="way" ref="543330714" role=""/>
  <member type="way" ref="106868468" role=""/>
  <member type="way" ref="4865867" role=""/>
  <member type="way" ref="900783562" role=""/>
  <member type="way" ref="26083762" role=""/>
  <member type="way" ref="49677148" role=""/>
  <member type="way" ref="49677144" role=""/>
  <member type="way" ref="332702083" role=""/>
  <member type="way" ref="709659613" role=""/>
  <member type="way" ref="419782226" role=""/>
  <member type="way" ref="553547095" role=""/>
  <member type="way" ref="419782225" role=""/>
  <member type="way" ref="538556061" role=""/>
  <member type="way" ref="538556056" role=""/>
  <member type="way" ref="25693187" role=""/>
  <member type="way" ref="538556052" role=""/>
  <member type="way" ref="1125742288" role=""/>
  <member type="way" ref="52073745" role=""/>
  <member type="way" ref="239633882" role=""/>
  <member type="way" ref="198204954" role=""/>
  <member type="way" ref="288988199" role=""/>
  <member type="way" ref="637451731" role=""/>
  <member type="way" ref="1008068268" role=""/>
  <member type="way" ref="952768852" role=""/>
  <member type="way" ref="4865862" role=""/>
  <member type="way" ref="160490173" role=""/>
  <member type="way" ref="213899397" role=""/>
  <member type="way" ref="28152074" role=""/>
  <member type="way" ref="362635652" role=""/>
  <member type="way" ref="23757901" role=""/>
  <member type="way" ref="191476118" role=""/>
  <member type="way" ref="52073936" role=""/>
  <member type="way" ref="4865859" role=""/>
  <member type="way" ref="35806893" role=""/>
  <member type="way" ref="4861001" role=""/>
  <member type="way" ref="135916170" role=""/>
  <member type="way" ref="4861000" role=""/>
  <member type="way" ref="135755659" role=""/>
  <member type="way" ref="23757875" role=""/>
  <member type="way" ref="135916175" role=""/>
  <member type="way" ref="135916174" role=""/>
  <member type="way" ref="135916172" role=""/>
  <member type="way" ref="22947118" role=""/>
  <member type="way" ref="50344416" role=""/>
  <member type="way" ref="50344417" role=""/>
  <member type="way" ref="50344418" role=""/>
  <member type="way" ref="50344414" role=""/>
  <member type="way" ref="926295441" role=""/>
  <member type="way" ref="926295440" role=""/>
  <member type="way" ref="135916173" role=""/>
  <member type="way" ref="173017435" role=""/>
  <member type="way" ref="891306357" role=""/>
  <member type="way" ref="439910727" role=""/>
  <member type="way" ref="42761358" role=""/>
  <member type="way" ref="246105432" role=""/>
  <member type="way" ref="246105434" role=""/>
  <member type="way" ref="27616896" role=""/>
  <member type="way" ref="1382945440" role=""/>
  <member type="way" ref="27616897" role=""/>
  <member type="way" ref="1382945439" role=""/>
  <member type="way" ref="246105437" role=""/>
  <member type="way" ref="246105436" role=""/>
  <member type="way" ref="675673464" role=""/>
  <member type="way" ref="25151639" role=""/>
  <member type="way" ref="60661753" role=""/>
  <member type="way" ref="60661752" role=""/>
  <member type="way" ref="23925244" role=""/>
  <member type="way" ref="75719255" role=""/>
  <member type="way" ref="1195313904" role=""/>
  <member type="way" ref="1292295032" role=""/>
  <member type="way" ref="1195313903" role=""/>
  <member type="way" ref="239986222" role=""/>
  <member type="way" ref="1082369780" role=""/>
  <member type="way" ref="1082369779" role=""/>
  <member type="way" ref="1083003498" role=""/>
  <member type="way" ref="1083003497" role=""/>
  <member type="way" ref="1083003495" role=""/>
  <member type="way" ref="1083003496" role=""/>
  <member type="way" ref="135918668" role=""/>
  <member type="way" ref="135918667" role=""/>
  <member type="way" ref="132045919" role=""/>
  <member type="way" ref="709367606" role=""/>
  <member type="way" ref="4702809" role=""/>
  <member type="way" ref="28301594" role=""/>
  <member type="way" ref="1218788144" role=""/>
  <member type="way" ref="1346612386" role=""/>
  <member type="way" ref="28301591" role=""/>
  <member type="way" ref="51579768" role=""/>
  <member type="way" ref="1346612387" role=""/>
  <member type="way" ref="1102345447" role=""/>
  <member type="way" ref="739491106" role=""/>
  <member type="way" ref="4702808" role=""/>
  <member type="way" ref="739491096" role=""/>
  <member type="way" ref="51579743" role=""/>
  <member type="way" ref="849910861" role=""/>
  <member type="way" ref="51579758" role=""/>
  <member type="way" ref="78007213" role=""/>
  <member type="way" ref="1012191987" role=""/>
  <member type="way" ref="4702807" role=""/>
  <member type="way" ref="508143186" role=""/>
  <member type="way" ref="1409603299" role=""/>
  <member type="way" ref="51579754" role=""/>
  <member type="way" ref="1409603298" role=""/>
  <member type="way" ref="336772614" role=""/>
  <member type="way" ref="4712789" role=""/>
  <member type="way" ref="4712787" role=""/>
  <member type="way" ref="4712788" role=""/>
  <member type="way" ref="381426280" role=""/>
  <member type="way" ref="1242612951" role=""/>
  <member type="way" ref="4702803" role=""/>
  <member type="way" ref="336772613" role=""/>
  <member type="way" ref="4712791" role=""/>
  <member type="way" ref="4702802" role=""/>
  <member type="way" ref="1409603300" role=""/>
  <member type="way" ref="371860561" role=""/>
  <member type="way" ref="165893128" role=""/>
  <member type="way" ref="336772612" role=""/>
  <member type="way" ref="165893123" role=""/>
  <member type="way" ref="4712792" role=""/>
  <member type="way" ref="4702801" role=""/>
  <member type="way" ref="454224358" role=""/>
  <member type="way" ref="1046399948" role=""/>
  <member type="way" ref="165893125" role=""/>
  <member type="way" ref="454224357" role=""/>
  <member type="way" ref="904506677" role=""/>
  <member type="way" ref="904506678" role=""/>
  <member type="way" ref="1037286570" role=""/>
  <member type="way" ref="1037286571" role=""/>
  <member type="way" ref="1219744478" role=""/>
  <member type="way" ref="1219744479" role=""/>
  <member type="way" ref="382574758" role=""/>
  <member type="way" ref="4702799" role=""/>
  <member type="way" ref="1275552545" role=""/>
  <member type="way" ref="1275552544" role=""/>
  <member type="way" ref="1193139060" role=""/>
  <member type="way" ref="1189099669" role=""/>
  <member type="way" ref="1066950447" role=""/>
  <member type="way" ref="28528172" role=""/>
  <member type="way" ref="28528174" role=""/>
  <member type="way" ref="190635062" role=""/>
  <member type="way" ref="199391218" role=""/>
  <member type="way" ref="432778581" role=""/>
  <member type="way" ref="199250368" role=""/>
  <member type="way" ref="156264660" role=""/>
  <member type="way" ref="328562537" role=""/>
  <member type="way" ref="1066945697" role=""/>
  <member type="way" ref="142589051" role=""/>
  <member type="way" ref="898598574" role=""/>
  <member type="way" ref="4702800" role=""/>
  <member type="way" ref="54533591" role=""/>
  <member type="way" ref="5112946" role=""/>
  <member type="way" ref="4812686" role=""/>
  <member type="way" ref="15217801" role=""/>
  <member type="way" ref="66611528" role=""/>
  <member type="way" ref="23125738" role=""/>
  <member type="way" ref="557109909" role=""/>
  <member type="way" ref="4812685" role=""/>
  <member type="way" ref="1097857094" role=""/>
  <member type="way" ref="1195431123" role=""/>
  <tag k="description" v="Von der Niddaquelle bis zur Mündung in den Main"/>
  <tag k="distance" v="94"/>
  <tag k="from" v="Niddaquelle"/>
  <tag k="name" v="Niddaradweg"/>
  <tag k="network" v="rcn"/>
  <tag k="operator" v="Zweckverband Regionalpark Niddaroute"/>
  <tag k="ref" v="NR"/>
  <tag k="route" v="bicycle"/>
  <tag k="type" v="route"/>
  <tag k="website" v="http://www.niddaroute.de/niddaroute/"/>
  <tag k="wikidata" v="Q1757195"/>
  <tag k="wikipedia" v="de:Niddaradweg"/>
 </relation>
 <relation id="410451" visible="true" version="41" changeset="161287239" timestamp="2025-01-12T20:49:11Z" user="Max--" uid="34555">
  <member type="way" ref="23428460" role="main_stream"/>
  <member type="way" ref="140422388" role="main_stream"/>
  <member type="way" ref="140422387" role="main_stream"/>
  <member type="way" ref="148368162" role="main_stream"/>
  <member type="way" ref="148368165" role="main_stream"/>
  <member type="way" ref="141193467" role="main_stream"/>
  <member type="way" ref="184777721" role="main_stream"/>
  <member type="way" ref="141193468" role="main_stream"/>
  <member type="way" ref="23428462" role="main_stream"/>
  <member type="way" ref="140422389" role="main_stream"/>
  <member type="way" ref="90625080" role="main_stream"/>
  <member type="way" ref="140422386" role="main_stream"/>
  <member type="way" ref="344881216" role="main_stream"/>
  <member type="way" ref="344881217" role="main_stream"/>
  <member type="way" ref="847024776" role="main_stream"/>
  <member type="way" ref="847024775" role="main_stream"/>
  <member type="way" ref="847024774" role="main_stream"/>
  <member type="way" ref="847024773" role="main_stream"/>
  <member type="way" ref="71794195" role="main_stream"/>
  <member type="way" ref="847024787" role="main_stream"/>
  <member type="way" ref="847024786" role="main_stream"/>
  <member type="way" ref="71794201" role="main_stream"/>
  <member type="way" ref="255974404" role="main_stream"/>
  <member type="way" ref="255974407" role="main_stream"/>
  <member type="way" ref="71794203" role="main_stream"/>
  <member type="way" ref="46711003" role="main_stream"/>
  <member type="way" ref="134198558" role="main_stream"/>
  <member type="way" ref="1097375515" role="main_stream"/>
  <member type="way" ref="1097375516" role="main_stream"/>
  <member type="way" ref="120858848" role="main_stream"/>
  <member type="way" ref="856605646" role="main_stream"/>
  <member type="way" ref="856605645" role="main_stream"/>
  <member type="way" ref="120858849" role="main_stream"/>
  <member type="way" ref="293872055" role="main_stream"/>
  <member type="way" ref="293872054" role="main_stream"/>
  <member type="way" ref="5200264" role="main_stream"/>
  <member type="way" ref="140912111" role="main_stream"/>
  <member type="way" ref="140912110" role="main_stream"/>
  <member type="way" ref="1336838299" role="main_stream"/>
  <member type="way" ref="1336838300" role="main_stream"/>
  <member type="way" ref="140912081" role="main_stream"/>
  <member type="way" ref="25163545" role="main_stream"/>
  <member type="way" ref="49520895" role="main_stream"/>
  <member type="way" ref="25163536" role="main_stream"/>
  <member type="way" ref="25163532" role="main_stream"/>
  <member type="way" ref="672186175" role="main_stream"/>
  <member type="way" ref="344700854" role="main_stream"/>
  <member type="way" ref="344700856" role="main_stream"/>
  <member type="way" ref="172250574" role="main_stream"/>
  <member type="way" ref="1240605406" role="main_stream"/>
  <member type="way" ref="1240605407" role="main_stream"/>
  <member type="way" ref="4261445" role="main_stream"/>
  <member type="way" ref="1110313628" role="main_stream"/>
  <member type="way" ref="1110313626" role="main_stream"/>
  <member type="way" ref="1110313624" role="main_stream"/>
  <member type="way" ref="1110313622" role="main_stream"/>
  <member type="way" ref="1110313620" role="main_stream"/>
  <member type="way" ref="1110313621" role="main_stream"/>
  <member type="way" ref="251248199" role="main_stream"/>
  <member type="way" ref="369580408" role="main_stream"/>
  <member type="way" ref="369580409" role="main_stream"/>
  <member type="way" ref="4262779" role="main_stream"/>
  <member type="way" ref="1350757491" role="main_stream"/>
  <member type="way" ref="231316448" role="main_stream"/>
  <tag k="destination" v="Main"/>
  <tag k="name" v="Nidda"/>
  <tag k="ref:fgkz" v="248"/>
  <tag k="type" v="waterway"/>
  <tag k="waterway" v="river"/>
  <tag k="wikidata" v="Q706133"/>
  <tag k="wikipedia" v="de:Nidda (Fluss)"/>
 </relation>
 <relation id="1188802" visible="true" version="13" changeset="120890472" timestamp="2022-05-12T13:43:06Z" user="Ropino" uid="42123">
  <member type="way" ref="78721515" role="outer"/>
  <member type="way" ref="78721572" role="outer"/>
  <member type="way" ref="78721657" role="outer"/>
  <member type="way" ref="244037755" role="outer"/>
  <member type="way" ref="243934819" role="outer"/>
  <member type="way" ref="243934817" role="outer"/>
  <member type="way" ref="52294123" role="outer"/>
  <member type="way" ref="243928397" role="outer"/>
  <member type="way" ref="29412471" role="outer"/>
  <member type="way" ref="244037754" role="outer"/>
  <member type="way" ref="247811768" role="outer"/>
  <member type="way" ref="247993388" role="outer"/>
  <member type="way" ref="48865011" role="outer"/>
  <member type="way" ref="81082970" role="outer"/>
  <member type="way" ref="81082968" role="outer"/>
  <tag k="boundary" v="postal_code"/>
  <tag k="note" v="60437 Frankfurt am Main"/>
  <tag k="postal_code" v="60437"/>
  <tag k="postal_code_level" v="8"/>
  <tag k="type" v="boundary"/>
 </relation>
 <relation id="1188820" visible="true" version="3" changeset="19992822" timestamp="2014-01-14T15:20:42Z" user="Gehrke" uid="14002">
  <member type="way" ref="78721651" role="outer"/>
  <member type="way" ref="78721518" role="outer"/>
  <member type="way" ref="78721554" role="outer"/>
  <member type="way" ref="78721572" role="outer"/>
  <member type="way" ref="78721578" role="outer"/>
  <tag k="boundary" v="postal_code"/>
  <tag k="note" v="60433 Frankfurt am Main"/>
  <tag k="postal_code" v="60433"/>
  <tag k="postal_code_level" v="8"/>
  <tag k="source" v="http://wiki.openstreetmap.org/wiki/Import/Catalogue/Postleitzahlen_Deutschland_2010"/>
  <tag k="type" v="boundary"/>
 </relation>
 <relation id="1795678" visible="true" version="254" changeset="169918681" timestamp="2025-08-03T17:59:00Z" user="ironspock" uid="10728241">
  <member type="node" ref="11983098832" role="map"/>
  <member type="node" ref="12064857038" role="checkpoint"/>
  <member type="node" ref="12064857008" role="checkpoint"/>
  <member type="node" ref="12064857002" role="checkpoint"/>
  <member type="node" ref="12064857040" role="checkpoint"/>
  <member type="node" ref="12064857049" role="checkpoint"/>
  <member type="node" ref="11497117085" role="checkpoint"/>
  <member type="node" ref="12064856986" role="checkpoint"/>
  <member type="node" ref="12064856990" role="checkpoint"/>
  <member type="node" ref="12064857009" role="checkpoint"/>
  <member type="node" ref="11497117084" role="information"/>
  <member type="node" ref="10203951148" role=""/>
  <member type="node" ref="10203947720" role=""/>
  <member type="node" ref="10203947721" role=""/>
  <member type="node" ref="9505981602" role=""/>
  <member type="node" ref="9505981603" role=""/>
  <member type="way" ref="1254360309" role=""/>
  <member type="way" ref="462434118" role=""/>
  <member type="way" ref="9377981" role=""/>
  <member type="way" ref="4833178" role=""/>
  <member type="way" ref="4903424" role=""/>
  <member type="way" ref="15217816" role=""/>
  <member type="way" ref="891511039" role=""/>
  <member type="way" ref="1339211262" role=""/>
  <member type="way" ref="15217815" role=""/>
  <member type="way" ref="4903432" role=""/>
  <member type="way" ref="15217808" role=""/>
  <member type="way" ref="136796635" role=""/>
  <member type="way" ref="136796637" role=""/>
  <member type="way" ref="1080670038" role=""/>
  <member type="way" ref="176813452" role=""/>
  <member type="way" ref="176813453" role=""/>
  <member type="way" ref="133548118" role=""/>
  <member type="way" ref="6185210" role=""/>
  <member type="way" ref="577223291" role=""/>
  <member type="way" ref="6185205" role=""/>
  <member type="way" ref="5244127" role=""/>
  <member type="way" ref="5244128" role=""/>
  <member type="way" ref="72569828" role=""/>
  <member type="way" ref="72569789" role=""/>
  <member type="way" ref="4968251" role=""/>
  <member type="way" ref="4968250" role=""/>
  <member type="way" ref="131599460" role=""/>
  <member type="way" ref="72569732" role=""/>
  <member type="way" ref="28692933" role=""/>
  <member type="way" ref="174807692" role=""/>
  <member type="way" ref="45499166" role=""/>
  <member type="way" ref="4943306" role=""/>
  <member type="way" ref="130644816" role=""/>
  <member type="way" ref="192056808" role=""/>
  <member type="way" ref="174807722" role=""/>
  <member type="way" ref="192056811" role=""/>
  <member type="way" ref="174807690" role=""/>
  <member type="way" ref="4815178" role=""/>
  <member type="way" ref="1419655176" role=""/>
  <member type="way" ref="5061602" role=""/>
  <member type="way" ref="885530517" role=""/>
  <member type="way" ref="72569846" role=""/>
  <member type="way" ref="133548169" role=""/>
  <member type="way" ref="1372705925" role=""/>
  <member type="way" ref="371135764" role=""/>
  <member type="way" ref="8076009" role=""/>
  <member type="way" ref="8076075" role=""/>
  <member type="way" ref="135754264" role=""/>
  <member type="way" ref="806877860" role=""/>
  <member type="way" ref="135754259" role=""/>
  <member type="way" ref="1229739912" role=""/>
  <member type="way" ref="806877861" role=""/>
  <member type="way" ref="1093047931" role=""/>
  <member type="way" ref="28692962" role=""/>
  <member type="way" ref="1137895436" role=""/>
  <member type="way" ref="1359840507" role=""/>
  <member type="way" ref="54933039" role=""/>
  <member type="way" ref="4815234" role=""/>
  <member type="way" ref="371132476" role=""/>
  <member type="way" ref="1359840508" role=""/>
  <member type="way" ref="1359840508" role=""/>
  <member type="way" ref="1359840508" role=""/>
  <member type="way" ref="4815238" role=""/>
  <member type="way" ref="4815236" role=""/>
  <member type="way" ref="310661045" role=""/>
  <member type="way" ref="361165269" role=""/>
  <member type="way" ref="4815123" role=""/>
  <member type="way" ref="885501279" role=""/>
  <member type="way" ref="885501280" role=""/>
  <member type="way" ref="4815122" role=""/>
  <member type="way" ref="5106484" role=""/>
  <member type="way" ref="5132810" role=""/>
  <member type="way" ref="135754275" role=""/>
  <member type="way" ref="4967933" role=""/>
  <member type="way" ref="135754260" role=""/>
  <member type="way" ref="4967935" role=""/>
  <member type="way" ref="135754266" role=""/>
  <member type="way" ref="1080416570" role=""/>
  <member type="way" ref="1063641264" role=""/>
  <member type="way" ref="135754273" role=""/>
  <member type="way" ref="6133541" role=""/>
  <member type="way" ref="1222266685" role=""/>
  <member type="way" ref="1222266686" role=""/>
  <member type="way" ref="1222266684" role=""/>
  <member type="way" ref="1222189011" role=""/>
  <member type="way" ref="135755658" role=""/>
  <member type="way" ref="135755657" role=""/>
  <member type="way" ref="4722897" role=""/>
  <member type="way" ref="871579572" role=""/>
  <member type="way" ref="1051920062" role=""/>
  <member type="way" ref="1030118921" role=""/>
  <member type="way" ref="1252102442" role=""/>
  <member type="way" ref="1042035545" role=""/>
  <member type="way" ref="1074342469" role=""/>
  <member type="way" ref="1031408489" role=""/>
  <member type="way" ref="1042035550" role=""/>
  <member type="way" ref="1031408490" role=""/>
  <member type="way" ref="1042035549" role=""/>
  <member type="way" ref="1074342474" role=""/>
  <member type="way" ref="1074342471" role=""/>
  <member type="way" ref="37804871" role=""/>
  <member type="way" ref="1042392101" role=""/>
  <member type="way" ref="1051920059" role=""/>
  <member type="way" ref="1042392102" role=""/>
  <member type="way" ref="50344615" role=""/>
  <member type="way" ref="135755659" role=""/>
  <member type="way" ref="4861000" role=""/>
  <member type="way" ref="135916170" role=""/>
  <member type="way" ref="4860998" role=""/>
  <member type="way" ref="38777063" role=""/>
  <member type="way" ref="363646413" role=""/>
  <member type="way" ref="4916941" role=""/>
  <member type="way" ref="4916940" role=""/>
  <member type="way" ref="4916939" role=""/>
  <member type="way" ref="363646411" role=""/>
  <member type="way" ref="363646414" role=""/>
  <member type="way" ref="4873665" role=""/>
  <member type="way" ref="4873661" role=""/>
  <member type="way" ref="5107347" role=""/>
  <member type="way" ref="28403516" role=""/>
  <member type="way" ref="219840772" role=""/>
  <member type="way" ref="1103158693" role=""/>
  <member type="way" ref="4815270" role=""/>
  <member type="way" ref="46157251" role=""/>
  <member type="way" ref="363646415" role=""/>
  <member type="way" ref="120783159" role=""/>
  <member type="way" ref="204161540" role=""/>
  <member type="way" ref="4616486" role=""/>
  <member type="way" ref="204450650" role=""/>
  <member type="way" ref="204450640" role=""/>
  <member type="way" ref="204161550" role=""/>
  <member type="way" ref="173017435" role=""/>
  <member type="way" ref="891306357" role=""/>
  <member type="way" ref="589932286" role=""/>
  <member type="way" ref="4616491" role=""/>
  <member type="way" ref="891306356" role=""/>
  <member type="way" ref="76911755" role=""/>
  <member type="way" ref="4616492" role=""/>
  <member type="way" ref="646029703" role=""/>
  <member type="way" ref="646029705" role=""/>
  <member type="way" ref="4616493" role=""/>
  <member type="way" ref="1300901792" role=""/>
  <member type="way" ref="24976469" role=""/>
  <member type="way" ref="24976468" role=""/>
  <member type="way" ref="4579355" role=""/>
  <member type="way" ref="246105432" role=""/>
  <member type="way" ref="246105434" role=""/>
  <member type="way" ref="27616896" role=""/>
  <member type="way" ref="1382945440" role=""/>
  <member type="way" ref="27616897" role=""/>
  <member type="way" ref="1382945439" role=""/>
  <member type="way" ref="246105437" role=""/>
  <member type="way" ref="246105436" role=""/>
  <member type="way" ref="675673464" role=""/>
  <member type="way" ref="25151639" role=""/>
  <member type="way" ref="60661753" role=""/>
  <member type="way" ref="60661752" role=""/>
  <member type="way" ref="53039196" role=""/>
  <member type="way" ref="1292295033" role=""/>
  <member type="way" ref="1292295034" role=""/>
  <member type="way" ref="239986222" role=""/>
  <member type="way" ref="1082369780" role=""/>
  <member type="way" ref="1082369779" role=""/>
  <member type="way" ref="1083003498" role=""/>
  <member type="way" ref="1083003497" role=""/>
  <member type="way" ref="1083003495" role=""/>
  <member type="way" ref="1083003496" role=""/>
  <member type="way" ref="135918668" role=""/>
  <member type="way" ref="135918667" role=""/>
  <member type="way" ref="4707444" role=""/>
  <member type="way" ref="4714503" role=""/>
  <member type="way" ref="4714504" role=""/>
  <member type="way" ref="4707443" role=""/>
  <member type="way" ref="709367603" role=""/>
  <member type="way" ref="876652052" role=""/>
  <member type="way" ref="709367602" role=""/>
  <member type="way" ref="165890375" role=""/>
  <member type="way" ref="1051957949" role=""/>
  <member type="way" ref="376072785" role=""/>
  <member type="way" ref="1013069830" role=""/>
  <member type="way" ref="1013069832" role=""/>
  <member type="way" ref="739491094" role=""/>
  <member type="way" ref="739491108" role=""/>
  <member type="way" ref="985479281" role=""/>
  <member type="way" ref="849937883" role=""/>
  <member type="way" ref="849937882" role=""/>
  <member type="way" ref="849920997" role=""/>
  <member type="way" ref="1204650924" role=""/>
  <member type="way" ref="1308419565" role=""/>
  <member type="way" ref="24645328" role=""/>
  <member type="way" ref="742453761" role=""/>
  <member type="way" ref="78007213" role=""/>
  <member type="way" ref="4702807" role=""/>
  <member type="way" ref="508143186" role=""/>
  <member type="way" ref="1409603299" role=""/>
  <member type="way" ref="51579754" role=""/>
  <member type="way" ref="1409603298" role=""/>
  <member type="way" ref="336772614" role=""/>
  <member type="way" ref="4712789" role=""/>
  <member type="way" ref="4712787" role=""/>
  <member type="way" ref="4712788" role=""/>
  <member type="way" ref="381426280" role=""/>
  <member type="way" ref="1242612951" role=""/>
  <member type="way" ref="4702803" role=""/>
  <member type="way" ref="336772613" role=""/>
  <member type="way" ref="4712791" role=""/>
  <member type="way" ref="4702802" role=""/>
  <member type="way" ref="1409603300" role=""/>
  <member type="way" ref="371860561" role=""/>
  <member type="way" ref="88563542" role=""/>
  <member type="way" ref="165893124" role=""/>
  <member type="way" ref="88563544" role=""/>
  <member type="way" ref="8098707" role=""/>
  <member type="way" ref="165893123" role=""/>
  <member type="way" ref="4712792" role=""/>
  <member type="way" ref="4702801" role=""/>
  <member type="way" ref="4934290" role=""/>
  <member type="way" ref="810513382" role=""/>
  <member type="way" ref="165893130" role=""/>
  <member type="way" ref="970356131" role=""/>
  <member type="way" ref="1079850544" role=""/>
  <member type="way" ref="853494101" role=""/>
  <member type="way" ref="28052866" role=""/>
  <member type="way" ref="1231706781" role=""/>
  <member type="way" ref="904506679" role=""/>
  <member type="way" ref="1231715678" role=""/>
  <member type="way" ref="904506680" role=""/>
  <member type="way" ref="1046399947" role=""/>
  <member type="way" ref="1189564403" role=""/>
  <member type="way" ref="28052867" role=""/>
  <member type="way" ref="265287467" role=""/>
  <member type="way" ref="4702805" role=""/>
  <member type="way" ref="54934937" role=""/>
  <member type="way" ref="82758415" role=""/>
  <member type="way" ref="82758383" role=""/>
  <member type="way" ref="46345702" role=""/>
  <member type="way" ref="54934599" role=""/>
  <member type="way" ref="33477527" role=""/>
  <member type="way" ref="33477511" role=""/>
  <member type="way" ref="4304082" role=""/>
  <member type="way" ref="36730146" role=""/>
  <member type="way" ref="155201147" role=""/>
  <member type="way" ref="199391218" role=""/>
  <member type="way" ref="432778581" role=""/>
  <member type="way" ref="432778580" role=""/>
  <member type="way" ref="432778579" role=""/>
  <member type="way" ref="328562537" role=""/>
  <member type="way" ref="1066945697" role=""/>
  <member type="way" ref="142589051" role=""/>
  <member type="way" ref="898598574" role=""/>
  <member type="way" ref="4702800" role=""/>
  <member type="way" ref="54533591" role=""/>
  <member type="way" ref="80436911" role=""/>
  <member type="way" ref="10484749" role=""/>
  <member type="way" ref="4812686" role=""/>
  <member type="way" ref="15217801" role=""/>
  <member type="way" ref="66611528" role=""/>
  <member type="way" ref="23125738" role=""/>
  <member type="way" ref="557109909" role=""/>
  <member type="way" ref="4812685" role=""/>
  <member type="way" ref="4812828" role=""/>
  <member type="way" ref="4812827" role=""/>
  <member type="way" ref="23125739" role=""/>
  <member type="way" ref="193059828" role=""/>
  <member type="way" ref="24002583" role=""/>
  <member type="way" ref="1017417116" role=""/>
  <member type="way" ref="15352213" role=""/>
  <member type="way" ref="193059833" role=""/>
  <member type="way" ref="291427535" role=""/>
  <member type="way" ref="38765934" role=""/>
  <member type="way" ref="993819291" role=""/>
  <member type="way" ref="15259209" role=""/>
  <member type="way" ref="25000078" role=""/>
  <member type="way" ref="4812721" role=""/>
  <member type="way" ref="133616452" role=""/>
  <member type="way" ref="4812722" role=""/>
  <member type="way" ref="4812699" role=""/>
  <member type="way" ref="575718165" role=""/>
  <member type="way" ref="135310299" role=""/>
  <member type="way" ref="15217798" role=""/>
  <member type="way" ref="180605531" role=""/>
  <member type="way" ref="180605522" role=""/>
  <member type="way" ref="24278209" role=""/>
  <member type="way" ref="24278344" role=""/>
  <member type="way" ref="575718156" role=""/>
  <member type="way" ref="310982569" role=""/>
  <member type="way" ref="218192377" role=""/>
  <member type="way" ref="312977394" role=""/>
  <member type="way" ref="133616156" role=""/>
  <member type="way" ref="22982147" role=""/>
  <member type="way" ref="891075890" role=""/>
  <member type="way" ref="577602924" role=""/>
  <member type="way" ref="891288098" role=""/>
  <member type="way" ref="60738540" role=""/>
  <member type="way" ref="297063712" role=""/>
  <member type="way" ref="248688544" role=""/>
  <member type="way" ref="247541564" role=""/>
  <member type="way" ref="891288095" role=""/>
  <member type="way" ref="111244970" role=""/>
  <member type="way" ref="1080812410" role=""/>
  <member type="way" ref="8658131" role=""/>
  <member type="way" ref="113202530" role=""/>
  <member type="way" ref="891075887" role=""/>
  <member type="way" ref="579055017" role=""/>
  <member type="way" ref="579055053" role=""/>
  <member type="way" ref="579055016" role=""/>
  <member type="way" ref="579055018" role=""/>
  <member type="way" ref="248470709" role=""/>
  <member type="way" ref="27894883" role=""/>
  <member type="way" ref="247583570" role=""/>
  <member type="way" ref="27894884" role=""/>
  <member type="way" ref="37116650" role=""/>
  <member type="way" ref="891075884" role=""/>
  <member type="way" ref="37116655" role=""/>
  <member type="way" ref="43323825" role=""/>
  <member type="way" ref="572738169" role=""/>
  <member type="way" ref="25275134" role=""/>
  <member type="way" ref="22673938" role=""/>
  <member type="way" ref="572738192" role=""/>
  <member type="way" ref="28505539" role=""/>
  <member type="way" ref="28505541" role=""/>
  <member type="way" ref="6875355" role=""/>
  <member type="way" ref="890652369" role=""/>
  <member type="way" ref="28505597" role=""/>
  <member type="way" ref="891073629" role=""/>
  <member type="way" ref="891073630" role=""/>
  <member type="way" ref="302297702" role=""/>
  <member type="way" ref="44008399" role=""/>
  <member type="way" ref="25726432" role=""/>
  <member type="way" ref="891073628" role=""/>
  <member type="way" ref="1005870648" role=""/>
  <member type="way" ref="1210380847" role=""/>
  <member type="way" ref="185458406" role=""/>
  <member type="way" ref="185458408" role=""/>
  <member type="way" ref="1210380851" role=""/>
  <member type="way" ref="1210380849" role=""/>
  <member type="way" ref="150937350" role=""/>
  <member type="way" ref="150937363" role=""/>
  <member type="way" ref="1005870651" role=""/>
  <member type="way" ref="1005870655" role=""/>
  <member type="way" ref="1005870653" role=""/>
  <member type="way" ref="109743143" role=""/>
  <member type="way" ref="159827278" role=""/>
  <member type="way" ref="159827275" role=""/>
  <member type="way" ref="150937356" role=""/>
  <member type="way" ref="150937323" role=""/>
  <member type="way" ref="16307270" role=""/>
  <member type="way" ref="305986579" role=""/>
  <member type="way" ref="16307269" role=""/>
  <member type="way" ref="1005870657" role=""/>
  <member type="way" ref="1005870656" role=""/>
  <member type="way" ref="45757878" role=""/>
  <member type="way" ref="45757877" role=""/>
  <member type="way" ref="45757879" role=""/>
  <member type="way" ref="52290210" role=""/>
  <member type="way" ref="192889718" role=""/>
  <member type="way" ref="150937345" role=""/>
  <member type="way" ref="150937348" role=""/>
  <member type="way" ref="23584177" role=""/>
  <member type="way" ref="67841219" role=""/>
  <member type="way" ref="330909140" role=""/>
  <member type="way" ref="330909139" role=""/>
  <member type="way" ref="8585837" role=""/>
  <member type="way" ref="24782120" role=""/>
  <member type="way" ref="330909143" role=""/>
  <member type="way" ref="233975691" role=""/>
  <member type="way" ref="5133967" role=""/>
  <member type="way" ref="5133968" role=""/>
  <member type="way" ref="5133359" role=""/>
  <member type="way" ref="40026456" role=""/>
  <member type="way" ref="5196884" role=""/>
  <member type="way" ref="67840656" role=""/>
  <member type="way" ref="256893406" role=""/>
  <member type="way" ref="136804505" role=""/>
  <member type="way" ref="136804511" role=""/>
  <member type="way" ref="24276143" role=""/>
  <member type="way" ref="640825136" role=""/>
  <member type="way" ref="217363771" role=""/>
  <member type="way" ref="136804507" role=""/>
  <member type="way" ref="136804503" role=""/>
  <member type="way" ref="10495118" role=""/>
  <member type="way" ref="10495117" role=""/>
  <member type="way" ref="1378169295" role=""/>
  <member type="way" ref="87053639" role=""/>
  <member type="way" ref="87053641" role=""/>
  <member type="way" ref="1147140713" role=""/>
  <member type="way" ref="193059826" role=""/>
  <member type="way" ref="10425900" role=""/>
  <member type="way" ref="10425905" role=""/>
  <member type="way" ref="203413247" role=""/>
  <member type="way" ref="919839184" role=""/>
  <member type="way" ref="919838721" role=""/>
  <member type="way" ref="919838845" role=""/>
  <member type="way" ref="203413246" role=""/>
  <member type="way" ref="203413231" role=""/>
  <member type="way" ref="1199303702" role=""/>
  <member type="way" ref="203413244" role=""/>
  <member type="way" ref="504597527" role=""/>
  <member type="way" ref="203413242" role=""/>
  <member type="way" ref="5105214" role=""/>
  <member type="way" ref="504597525" role=""/>
  <member type="way" ref="136802227" role=""/>
  <member type="way" ref="1028426344" role=""/>
  <member type="way" ref="1028426343" role=""/>
  <member type="way" ref="5104965" role=""/>
  <member type="way" ref="104529660" role=""/>
  <member type="way" ref="5088641" role=""/>
  <member type="way" ref="104529664" role=""/>
  <member type="way" ref="104529663" role=""/>
  <member type="way" ref="104529662" role=""/>
  <member type="way" ref="104529661" role=""/>
  <member type="way" ref="5088640" role=""/>
  <member type="way" ref="5088639" role=""/>
  <member type="way" ref="5088637" role=""/>
  <member type="way" ref="980852508" role=""/>
  <member type="way" ref="813938393" role=""/>
  <member type="way" ref="980852507" role=""/>
  <member type="way" ref="553211144" role=""/>
  <member type="way" ref="980852505" role=""/>
  <member type="way" ref="980852506" role=""/>
  <member type="way" ref="878972420" role=""/>
  <member type="way" ref="553211145" role=""/>
  <member type="way" ref="810737627" role=""/>
  <member type="way" ref="830259992" role=""/>
  <member type="way" ref="830259991" role=""/>
  <member type="way" ref="193059838" role=""/>
  <member type="way" ref="832624517" role=""/>
  <member type="way" ref="832624516" role=""/>
  <member type="way" ref="832624519" role=""/>
  <member type="way" ref="832624518" role=""/>
  <member type="way" ref="832624521" role=""/>
  <member type="way" ref="934352712" role=""/>
  <member type="way" ref="832624523" role=""/>
  <member type="way" ref="137991028" role=""/>
  <member type="way" ref="314791735" role=""/>
  <member type="way" ref="895899153" role=""/>
  <member type="way" ref="51744971" role=""/>
  <member type="way" ref="895899152" role=""/>
  <member type="way" ref="1300896031" role=""/>
  <member type="way" ref="193059842" role=""/>
  <member type="way" ref="835000044" role=""/>
  <member type="way" ref="827422402" role=""/>
  <member type="way" ref="300470203" role=""/>
  <member type="way" ref="262989542" role=""/>
  <member type="way" ref="444740032" role=""/>
  <member type="way" ref="136802211" role=""/>
  <member type="way" ref="973104080" role=""/>
  <member type="way" ref="973104081" role=""/>
  <member type="way" ref="1113719232" role=""/>
  <member type="way" ref="835457279" role=""/>
  <member type="way" ref="835457280" role=""/>
  <member type="way" ref="1002693799" role=""/>
  <member type="way" ref="1002693800" role=""/>
  <member type="way" ref="1002693802" role=""/>
  <member type="way" ref="1002693801" role=""/>
  <member type="way" ref="625984302" role=""/>
  <member type="way" ref="1133249585" role=""/>
  <member type="way" ref="625984303" role=""/>
  <member type="way" ref="823535511" role=""/>
  <member type="way" ref="968564658" role=""/>
  <member type="way" ref="806447628" role=""/>
  <member type="way" ref="813933013" role=""/>
  <member type="way" ref="9862596" role=""/>
  <member type="way" ref="917336389" role=""/>
  <member type="way" ref="136802218" role=""/>
  <member type="way" ref="800291722" role=""/>
  <member type="way" ref="800300417" role=""/>
  <member type="way" ref="1027452876" role=""/>
  <member type="way" ref="800300416" role=""/>
  <member type="way" ref="800291721" role=""/>
  <member type="way" ref="136802226" role=""/>
  <member type="way" ref="1169371103" role=""/>
  <member type="way" ref="91909638" role=""/>
  <member type="way" ref="1169371104" role=""/>
  <member type="way" ref="1169371105" role=""/>
  <member type="way" ref="136802228" role=""/>
  <member type="way" ref="60551563" role=""/>
  <member type="way" ref="136802207" role=""/>
  <member type="way" ref="816604658" role=""/>
  <member type="way" ref="815680896" role=""/>
  <member type="way" ref="60464371" role=""/>
  <member type="way" ref="4968364" role=""/>
  <member type="way" ref="1081344359" role=""/>
  <member type="way" ref="136796920" role=""/>
  <member type="way" ref="47848214" role=""/>
  <member type="way" ref="4968366" role=""/>
  <member type="way" ref="24963616" role=""/>
  <member type="way" ref="1013709712" role=""/>
  <member type="way" ref="1013709713" role=""/>
  <member type="way" ref="1013709714" role=""/>
  <member type="way" ref="1013709715" role=""/>
  <member type="way" ref="891656142" role=""/>
  <member type="way" ref="4968346" role=""/>
  <member type="way" ref="136796922" role=""/>
  <member type="way" ref="925580786" role=""/>
  <member type="way" ref="925580785" role=""/>
  <member type="way" ref="925580784" role=""/>
  <member type="way" ref="925580783" role=""/>
  <member type="way" ref="366714119" role=""/>
  <member type="way" ref="891489473" role=""/>
  <member type="way" ref="891489472" role=""/>
  <member type="way" ref="136796917" role=""/>
  <member type="way" ref="25726437" role=""/>
  <member type="way" ref="44008398" role=""/>
  <member type="node" ref="12710077121" role="information"/>
  <member type="node" ref="12873441336" role="checkpoint"/>
  <member type="node" ref="13046010491" role="guidepost"/>
  <tag k="name" v="Grüngürtelwanderweg"/>
  <tag k="network" v="lwn"/>
  <tag k="note" v="largely follows the same route as the cycle route so verify relation 6141 when mapping Official GPX data at https://offenedaten.frankfurt.de/dataset/grun-gurtel-rundwanderweg"/>
  <tag k="operator" v="Stadt Frankfurt am Main"/>
  <tag k="osmc:symbol" v="green:green::G:white"/>
  <tag k="ref" v="GG"/>
  <tag k="roundtrip" v="yes"/>
  <tag k="route" v="hiking"/>
  <tag k="type" v="route"/>
  <tag k="website" v="https://frankfurt.de/themen/umwelt-und-gruen/orte/gruenguertel/wege/gruenguertel_rundwanderweg"/>
 </relation>
 <relation id="3342010" visible="true" version="9" changeset="120889759" timestamp="2022-05-12T13:26:56Z" user="Ropino" uid="42123">
  <member type="way" ref="247993394" role="outer"/>
  <member type="way" ref="313453791" role="outer"/>
  <member type="way" ref="311569909" role="outer"/>
  <member type="way" ref="248003281" role="outer"/>
  <member type="way" ref="247993393" role="outer"/>
  <member type="way" ref="81082970" role="outer"/>
  <member type="way" ref="48865011" role="outer"/>
  <member type="way" ref="247993385" role="outer"/>
  <tag k="admin_level" v="9"/>
  <tag k="boundary" v="administrative"/>
  <tag k="name" v="Kalbach-Riedberg"/>
  <tag k="type" v="boundary"/>
  <tag k="wikidata" v="Q315209"/>
  <tag k="wikipedia" v="de:Frankfurt-Kalbach-Riedberg"/>
 </relation>
 <relation id="4203667" visible="true" version="6" changeset="128489618" timestamp="2022-11-04T15:28:32Z" user="jonnyx93" uid="6701264">
  <member type="way" ref="313453818" role="outer"/>
  <member type="way" ref="313453819" role="outer"/>
  <member type="way" ref="313453824" role="outer"/>
  <member type="way" ref="248028793" role="outer"/>
  <member type="way" ref="1110313623" role="outer"/>
  <member type="way" ref="1110313625" role="outer"/>
  <member type="way" ref="313453836" role="outer"/>
  <member type="way" ref="313453791" role="outer"/>
  <member type="way" ref="313277185" role="outer"/>
  <tag k="admin_level" v="10"/>
  <tag k="boundary" v="administrative"/>
  <tag k="name" v="Frankfurter Berg"/>
  <tag k="type" v="boundary"/>
  <tag k="wikidata" v="Q314811"/>
  <tag k="wikipedia" v="de:Frankfurter Berg"/>
 </relation>
 <relation id="4206766" visible="true" version="5" changeset="128489618" timestamp="2022-11-04T15:28:32Z" user="jonnyx93" uid="6701264">
  <member type="way" ref="247993394" role="outer"/>
  <member type="way" ref="313453836" role="outer"/>
  <member type="way" ref="1110313625" role="outer"/>
  <member type="way" ref="1110313623" role="outer"/>
  <member type="way" ref="313453814" role="outer"/>
  <member type="way" ref="247993387" role="outer"/>
  <tag k="admin_level" v="10"/>
  <tag k="boundary" v="administrative"/>
  <tag k="name" v="Bonames"/>
  <tag k="type" v="boundary"/>
  <tag k="wikidata" v="Q315793"/>
  <tag k="wikipedia" v="de:Frankfurt-Bonames"/>
 </relation>
 <relation id="6093690" visible="true" version="22" changeset="159705534" timestamp="2024-11-28T14:33:36Z" user="Senihtu" uid="18511019">
  <member type="relation" ref="7387092" role=""/>
  <member type="relation" ref="7615457" role=""/>
  <member type="relation" ref="8399209" role=""/>
  <member type="relation" ref="7434582" role=""/>
  <member type="relation" ref="7255868" role=""/>
  <member type="relation" ref="18344011" role=""/>
  <member type="relation" ref="6435932" role=""/>
  <member type="relation" ref="3997710" role=""/>
  <member type="relation" ref="3845771" role=""/>
  <member type="relation" ref="18345116" role=""/>
  <member type="relation" ref="3969543" role=""/>
  <member type="relation" ref="6993053" role=""/>
  <tag k="description" v="Hauptweg des Hugenotten- und Waldenserpfad"/>
  <tag k="distance" v="972"/>
  <tag k="name" v="Hugenotten- und Waldenserpfad (Hauptweg)"/>
  <tag k="network" v="nwn"/>
  <tag k="operator" v="Hugenotten- und Waldenserpfad e.V."/>
  <tag k="osmc:status" v="incomplete"/>
  <tag k="osmc:symbol" v="blue:white:blue_dot::green"/>
  <tag k="pilgrimage" v="yes"/>
  <tag k="ref" v="HuWa"/>
  <tag k="route" v="hiking"/>
  <tag k="symbol" v="light blue circle above a green wave"/>
  <tag k="symbol:de" v="blauer Punkt über grüner Welle auf weißem Spiegel"/>
  <tag k="type" v="superroute"/>
  <tag k="website" v="https://www.hugenotten-waldenserpfad.eu/"/>
  <tag k="wiki:symbol" v="Hugenottenweg.svg"/>
 </relation>
 <relation id="11042424" visible="true" version="5" changeset="135498131" timestamp="2023-04-29T10:14:05Z" user="surveyor54" uid="282922">
  <member type="way" ref="248028792" role="outer"/>
  <member type="way" ref="1050816794" role="outer"/>
  <member type="way" ref="243934820" role="outer"/>
  <member type="way" ref="1167327876" role="outer"/>
  <member type="way" ref="78711833" role="outer"/>
  <member type="way" ref="1110313627" role="outer"/>
  <member type="way" ref="1110313629" role="outer"/>
  <member type="way" ref="247806609" role="outer"/>
  <member type="way" ref="248028793" role="outer"/>
  <member type="way" ref="313453814" role="outer"/>
  <member type="way" ref="247993387" role="outer"/>
  <member type="way" ref="247993394" role="outer"/>
  <member type="way" ref="313453791" role="outer"/>
  <member type="way" ref="313277185" role="outer"/>
  <member type="way" ref="313277190" role="outer"/>
  <member type="way" ref="311569911" role="outer"/>
  <member type="way" ref="313277188" role="outer"/>
  <member type="way" ref="313453805" role="outer"/>
  <member type="way" ref="313453815" role="outer"/>
  <member type="way" ref="313453797" role="outer"/>
  <tag k="admin_level" v="9"/>
  <tag k="boundary" v="administrative"/>
  <tag k="name" v="Nord-Ost"/>
  <tag k="type" v="boundary"/>
  <tag k="wikidata" v="Q1444848"/>
 </relation>
 <relation id="12517483" visible="true" version="71" changeset="159500968" timestamp="2024-11-23T13:57:06Z" user="Senihtu" uid="18511019">
  <member type="relation" ref="18320556" role=""/>
  <member type="relation" ref="18320555" role=""/>
  <member type="relation" ref="18320554" role=""/>
  <member type="relation" ref="18320557" role=""/>
  <tag k="from" v="Marburg"/>
  <tag k="name" v="Jakobspilgerweg Marburg - Frankfurt"/>
  <tag k="network" v="nwn"/>
  <tag k="osmc:symbol" v="blue:blue:shell_modern"/>
  <tag k="roundtrip" v="no"/>
  <tag k="route" v="hiking"/>
  <tag k="to" v="Frankfurt am Main"/>
  <tag k="type" v="superroute"/>
 </relation>
 <relation id="15737663" visible="true" version="1" changeset="135029995" timestamp="2023-04-17T19:36:54Z" user="sarawaremono" uid="14438700">
  <member type="way" ref="109767790" role="outer"/>
  <member type="way" ref="403906423" role="outer"/>
  <tag k="barrier" v="fence"/>
  <tag k="landuse" v="allotments"/>
  <tag k="name" v="Kleingärtnerverein Ffm.-Bonames e.V. Anlage II"/>
  <tag k="type" v="multipolygon"/>
 </relation>
 <relation id="17633574" visible="true" version="1" changeset="151782525" timestamp="2024-05-24T17:50:34Z" user="Senihtu" uid="18511019">
  <member type="way" ref="27616901" role="outer"/>
  <member type="way" ref="1286352648" role="outer"/>
  <tag k="natural" v="water"/>
  <tag k="type" v="multipolygon"/>
  <tag k="water" v="river"/>
 </relation>
 <relation id="18320557" visible="true" version="13" changeset="168709825" timestamp="2025-07-09T18:38:50Z" user="luisaew" uid="22710059">
  <member type="way" ref="23261554" role=""/>
  <member type="way" ref="4873460" role=""/>
  <member type="way" ref="362632917" role=""/>
  <member type="way" ref="362632919" role=""/>
  <member type="way" ref="4962057" role=""/>
  <member type="way" ref="49677074" role=""/>
  <member type="way" ref="136192013" role=""/>
  <member type="way" ref="49677076" role=""/>
  <member type="way" ref="788262950" role=""/>
  <member type="way" ref="420475006" role=""/>
  <member type="way" ref="4962053" role=""/>
  <member type="way" ref="136192052" role=""/>
  <member type="way" ref="5056693" role=""/>
  <member type="way" ref="1046259904" role=""/>
  <member type="way" ref="5056691" role=""/>
  <member type="way" ref="268045631" role=""/>
  <member type="way" ref="5056697" role=""/>
  <member type="way" ref="49677060" role=""/>
  <member type="way" ref="5056696" role=""/>
  <member type="way" ref="111412840" role=""/>
  <member type="way" ref="137728753" role=""/>
  <member type="way" ref="122008760" role=""/>
  <member type="way" ref="1149513991" role=""/>
  <member type="way" ref="144814805" role=""/>
  <member type="way" ref="1365795325" role=""/>
  <member type="way" ref="239769502" role=""/>
  <member type="way" ref="1365795326" role=""/>
  <member type="way" ref="1365795318" role=""/>
  <member type="way" ref="1190883063" role=""/>
  <member type="way" ref="4916899" role=""/>
  <member type="way" ref="1190883062" role=""/>
  <member type="way" ref="255786326" role=""/>
  <member type="way" ref="332873640" role=""/>
  <member type="way" ref="4913862" role=""/>
  <member type="way" ref="4873876" role=""/>
  <member type="way" ref="38328896" role=""/>
  <member type="way" ref="4873628" role=""/>
  <member type="way" ref="4873615" role=""/>
  <member type="way" ref="925243645" role=""/>
  <member type="way" ref="4815273" role=""/>
  <member type="way" ref="385581645" role=""/>
  <member type="way" ref="326056554" role=""/>
  <member type="way" ref="338856055" role=""/>
  <member type="way" ref="925243647" role=""/>
  <member type="way" ref="338856049" role=""/>
  <member type="way" ref="338856047" role=""/>
  <member type="way" ref="38358958" role=""/>
  <member type="way" ref="588034226" role=""/>
  <member type="way" ref="175930969" role=""/>
  <member type="way" ref="49676555" role=""/>
  <member type="way" ref="925243649" role=""/>
  <member type="way" ref="925243650" role=""/>
  <member type="way" ref="25349886" role=""/>
  <member type="way" ref="4919587" role=""/>
  <member type="way" ref="363646409" role=""/>
  <member type="way" ref="132532873" role=""/>
  <member type="way" ref="4481657" role=""/>
  <member type="way" ref="4481660" role=""/>
  <member type="way" ref="1106135162" role=""/>
  <member type="way" ref="24976481" role=""/>
  <member type="way" ref="24976482" role=""/>
  <member type="way" ref="42761359" role=""/>
  <member type="way" ref="28047758" role=""/>
  <member type="way" ref="39424630" role=""/>
  <member type="way" ref="1013155684" role=""/>
  <member type="way" ref="51969188" role=""/>
  <member type="way" ref="24976469" role=""/>
  <member type="way" ref="24976468" role=""/>
  <member type="way" ref="4579355" role=""/>
  <member type="way" ref="42761358" role=""/>
  <member type="way" ref="439910727" role=""/>
  <member type="way" ref="891306357" role=""/>
  <member type="way" ref="173017435" role=""/>
  <member type="way" ref="1390990515" role=""/>
  <member type="way" ref="4992805" role=""/>
  <member type="way" ref="1390990514" role=""/>
  <member type="way" ref="1390990516" role=""/>
  <member type="way" ref="1390990507" role=""/>
  <member type="way" ref="1390990517" role=""/>
  <member type="way" ref="1390990508" role=""/>
  <member type="way" ref="1115576469" role=""/>
  <member type="way" ref="42761234" role=""/>
  <member type="way" ref="42761233" role=""/>
  <member type="way" ref="1391137443" role=""/>
  <member type="way" ref="137313151" role=""/>
  <member type="way" ref="1033586363" role=""/>
  <member type="way" ref="137313152" role=""/>
  <member type="way" ref="1033586364" role=""/>
  <member type="way" ref="4470772" role=""/>
  <member type="way" ref="4616498" role=""/>
  <member type="way" ref="1046257944" role=""/>
  <member type="way" ref="42761232" role=""/>
  <member type="way" ref="1391137444" role=""/>
  <member type="way" ref="1241332565" role=""/>
  <member type="way" ref="259399536" role=""/>
  <member type="way" ref="373546489" role=""/>
  <member type="way" ref="259399540" role=""/>
  <member type="way" ref="259399537" role=""/>
  <member type="way" ref="33634628" role=""/>
  <member type="way" ref="925243654" role=""/>
  <member type="way" ref="1080709228" role=""/>
  <member type="way" ref="1224971942" role=""/>
  <member type="way" ref="224145201" role=""/>
  <member type="way" ref="1391137467" role=""/>
  <member type="way" ref="1391137468" role=""/>
  <member type="way" ref="1391137470" role=""/>
  <member type="way" ref="1391137469" role=""/>
  <member type="way" ref="224145202" role=""/>
  <member type="way" ref="1391137416" role=""/>
  <member type="way" ref="1391137417" role=""/>
  <member type="way" ref="1391137471" role=""/>
  <member type="way" ref="153529348" role=""/>
  <member type="way" ref="4585312" role=""/>
  <member type="way" ref="4585313" role=""/>
  <member type="way" ref="4585314" role=""/>
  <member type="way" ref="1126727666" role=""/>
  <member type="way" ref="4585315" role=""/>
  <member type="way" ref="1126727667" role=""/>
  <member type="way" ref="37588610" role=""/>
  <member type="way" ref="4585318" role=""/>
  <member type="way" ref="42760946" role=""/>
  <member type="way" ref="26634198" role=""/>
  <member type="way" ref="4742033" role=""/>
  <member type="way" ref="42760942" role=""/>
  <member type="way" ref="11949151" role=""/>
  <member type="way" ref="11949150" role=""/>
  <member type="way" ref="67007949" role=""/>
  <member type="way" ref="1290623928" role=""/>
  <member type="way" ref="1290623918" role=""/>
  <member type="way" ref="1290623919" role=""/>
  <member type="way" ref="44784871" role=""/>
  <member type="way" ref="1290623920" role=""/>
  <member type="way" ref="1290623921" role=""/>
  <member type="way" ref="1290623939" role=""/>
  <member type="way" ref="431519016" role=""/>
  <member type="way" ref="1290623938" role=""/>
  <member type="way" ref="6183706" role=""/>
  <member type="way" ref="431519013" role=""/>
  <member type="way" ref="4796843" role=""/>
  <member type="way" ref="46421580" role=""/>
  <member type="way" ref="33153334" role=""/>
  <member type="way" ref="4711477" role=""/>
  <member type="way" ref="122505445" role=""/>
  <member type="way" ref="4711478" role=""/>
  <member type="way" ref="67016605" role=""/>
  <member type="way" ref="42760931" role=""/>
  <member type="way" ref="4751819" role=""/>
  <member type="way" ref="195565159" role=""/>
  <member type="way" ref="925243657" role=""/>
  <member type="way" ref="438781339" role=""/>
  <member type="way" ref="490316230" role=""/>
  <member type="way" ref="1352947136" role=""/>
  <member type="way" ref="1352947137" role=""/>
  <member type="way" ref="369548426" role=""/>
  <member type="way" ref="59851210" role=""/>
  <member type="way" ref="167630945" role=""/>
  <member type="way" ref="4713996" role=""/>
  <member type="way" ref="987726155" role=""/>
  <member type="way" ref="62788556" role=""/>
  <member type="way" ref="13215129" role=""/>
  <member type="way" ref="13215128" role=""/>
  <member type="way" ref="36877720" role=""/>
  <member type="way" ref="23289080" role=""/>
  <member type="way" ref="439910729" role=""/>
  <member type="way" ref="23289077" role=""/>
  <member type="way" ref="4218487" role=""/>
  <member type="way" ref="431520090" role=""/>
  <member type="way" ref="154239912" role=""/>
  <member type="way" ref="42759523" role=""/>
  <member type="way" ref="167630942" role=""/>
  <member type="way" ref="42759522" role=""/>
  <member type="way" ref="4221362" role=""/>
  <member type="way" ref="36998420" role=""/>
  <member type="way" ref="984693347" role=""/>
  <member type="way" ref="4824481" role=""/>
  <member type="way" ref="4824483" role=""/>
  <member type="way" ref="167630944" role=""/>
  <member type="way" ref="167630941" role=""/>
  <member type="way" ref="505100529" role=""/>
  <member type="way" ref="42759520" role=""/>
  <member type="way" ref="505100536" role=""/>
  <member type="way" ref="505100535" role=""/>
  <member type="way" ref="49834718" role=""/>
  <member type="way" ref="314922406" role=""/>
  <member type="way" ref="301592611" role=""/>
  <member type="way" ref="1092461471" role=""/>
  <member type="way" ref="1092461470" role=""/>
  <member type="way" ref="1413551370" role=""/>
  <member type="way" ref="1363141589" role=""/>
  <member type="way" ref="1363141590" role=""/>
  <member type="way" ref="103888711" role=""/>
  <member type="way" ref="1411088258" role=""/>
  <member type="way" ref="1411088257" role=""/>
  <member type="way" ref="492689910" role=""/>
  <member type="way" ref="925243658" role=""/>
  <member type="way" ref="321728944" role=""/>
  <member type="way" ref="297907054" role=""/>
  <member type="way" ref="410053563" role=""/>
  <member type="way" ref="440792276" role=""/>
  <member type="way" ref="384153108" role=""/>
  <member type="way" ref="440792361" role=""/>
  <member type="way" ref="925243662" role=""/>
  <member type="way" ref="32318882" role=""/>
  <member type="way" ref="529961249" role=""/>
  <member type="way" ref="174643977" role=""/>
  <member type="way" ref="1149380273" role=""/>
  <member type="way" ref="1149380274" role=""/>
  <member type="way" ref="174643976" role=""/>
  <member type="way" ref="1291106029" role=""/>
  <member type="way" ref="529962266" role=""/>
  <member type="way" ref="589942540" role=""/>
  <member type="way" ref="1080441262" role=""/>
  <member type="way" ref="184076537" role=""/>
  <member type="way" ref="669598074" role=""/>
  <member type="way" ref="5073137" role=""/>
  <member type="way" ref="1393532625" role=""/>
  <member type="way" ref="5073136" role=""/>
  <member type="way" ref="1393529378" role=""/>
  <member type="way" ref="1393527585" role=""/>
  <member type="way" ref="1393526705" role=""/>
  <member type="way" ref="125863228" role=""/>
  <member type="way" ref="5072820" role=""/>
  <member type="way" ref="165631872" role=""/>
  <member type="way" ref="925243663" role=""/>
  <tag k="from" v="Marburg"/>
  <tag k="name" v="Jakobspilgerweg Marburg - Frankfurt (Teilstück Stadtgebiet Ffm)"/>
  <tag k="network" v="nwn"/>
  <tag k="osmc:symbol" v="blue:blue:shell_modern"/>
  <tag k="roundtrip" v="no"/>
  <tag k="route" v="hiking"/>
  <tag k="to" v="Frankfurt am Main"/>
  <tag k="type" v="route"/>
 </relation>
 <relation id="18344011" visible="true" version="15" changeset="169776224" timestamp="2025-07-31T15:22:11Z" user="Senihtu" uid="18511019">
  <member type="way" ref="371170927" role=""/>
  <member type="way" ref="371155799" role=""/>
  <member type="way" ref="31263304" role=""/>
  <member type="way" ref="1411088257" role=""/>
  <member type="way" ref="1411088258" role=""/>
  <member type="way" ref="103888711" role=""/>
  <member type="way" ref="1363141590" role=""/>
  <member type="way" ref="1363141589" role=""/>
  <member type="way" ref="1413551370" role=""/>
  <member type="way" ref="1092461470" role=""/>
  <member type="way" ref="1092461471" role=""/>
  <member type="way" ref="301592611" role=""/>
  <member type="way" ref="314922406" role=""/>
  <member type="way" ref="49834718" role=""/>
  <member type="way" ref="505100535" role=""/>
  <member type="way" ref="505100536" role=""/>
  <member type="way" ref="42759520" role=""/>
  <member type="way" ref="505100529" role=""/>
  <member type="way" ref="167630941" role=""/>
  <member type="way" ref="167630944" role=""/>
  <member type="way" ref="4824483" role=""/>
  <member type="way" ref="4824481" role=""/>
  <member type="way" ref="984693347" role=""/>
  <member type="way" ref="36998420" role=""/>
  <member type="way" ref="4221362" role=""/>
  <member type="way" ref="42759522" role=""/>
  <member type="way" ref="167630942" role=""/>
  <member type="way" ref="42759523" role=""/>
  <member type="way" ref="154239912" role=""/>
  <member type="way" ref="431520090" role=""/>
  <member type="way" ref="4218487" role=""/>
  <member type="way" ref="23289077" role=""/>
  <member type="way" ref="439910729" role=""/>
  <member type="way" ref="23289080" role=""/>
  <member type="way" ref="36877720" role=""/>
  <member type="way" ref="13215128" role=""/>
  <member type="way" ref="13215129" role=""/>
  <member type="way" ref="62788556" role=""/>
  <member type="way" ref="987726155" role=""/>
  <member type="way" ref="4713996" role=""/>
  <member type="way" ref="167630945" role=""/>
  <member type="way" ref="59851210" role=""/>
  <member type="way" ref="369548426" role=""/>
  <member type="way" ref="1352947137" role=""/>
  <member type="way" ref="1352947136" role=""/>
  <member type="way" ref="490316230" role=""/>
  <member type="way" ref="4751818" role=""/>
  <member type="way" ref="925243655" role=""/>
  <member type="way" ref="4751819" role=""/>
  <member type="way" ref="42760931" role=""/>
  <member type="way" ref="67016605" role=""/>
  <member type="way" ref="4711478" role=""/>
  <member type="way" ref="122505445" role=""/>
  <member type="way" ref="4711477" role=""/>
  <member type="way" ref="33153334" role=""/>
  <member type="way" ref="46421580" role=""/>
  <member type="way" ref="4796843" role=""/>
  <member type="way" ref="431519013" role=""/>
  <member type="way" ref="6183706" role=""/>
  <member type="way" ref="1290623938" role=""/>
  <member type="way" ref="431519016" role=""/>
  <member type="way" ref="1290623939" role=""/>
  <member type="way" ref="1290623921" role=""/>
  <member type="way" ref="1290623920" role=""/>
  <member type="way" ref="44784871" role=""/>
  <member type="way" ref="1290623919" role=""/>
  <member type="way" ref="1290623918" role=""/>
  <member type="way" ref="1290623928" role=""/>
  <member type="way" ref="67007949" role=""/>
  <member type="way" ref="11949150" role=""/>
  <member type="way" ref="11949151" role=""/>
  <member type="way" ref="42760942" role=""/>
  <member type="way" ref="4742033" role=""/>
  <member type="way" ref="26634198" role=""/>
  <member type="way" ref="42760946" role=""/>
  <member type="way" ref="4585318" role=""/>
  <member type="way" ref="37588610" role=""/>
  <member type="way" ref="1126727667" role=""/>
  <member type="way" ref="4585315" role=""/>
  <member type="way" ref="1126727666" role=""/>
  <member type="way" ref="4585314" role=""/>
  <member type="way" ref="4585313" role=""/>
  <member type="way" ref="4585312" role=""/>
  <member type="way" ref="153529348" role=""/>
  <member type="way" ref="1391137471" role=""/>
  <member type="way" ref="1391137417" role=""/>
  <member type="way" ref="1391137416" role=""/>
  <member type="way" ref="224145202" role=""/>
  <member type="way" ref="1391137469" role=""/>
  <member type="way" ref="1391137470" role=""/>
  <member type="way" ref="1391137468" role=""/>
  <member type="way" ref="1391137467" role=""/>
  <member type="way" ref="224145201" role=""/>
  <member type="way" ref="1224971942" role=""/>
  <member type="way" ref="1080709228" role=""/>
  <member type="way" ref="925243654" role=""/>
  <member type="way" ref="33634628" role=""/>
  <member type="way" ref="259399537" role=""/>
  <member type="way" ref="259399540" role=""/>
  <member type="way" ref="373546489" role=""/>
  <member type="way" ref="259399536" role=""/>
  <member type="way" ref="1241332565" role=""/>
  <member type="way" ref="1391137444" role=""/>
  <member type="way" ref="42761232" role=""/>
  <member type="way" ref="1046257944" role=""/>
  <member type="way" ref="4616498" role=""/>
  <member type="way" ref="4470772" role=""/>
  <member type="way" ref="1033586364" role=""/>
  <member type="way" ref="137313152" role=""/>
  <member type="way" ref="1033586363" role=""/>
  <member type="way" ref="137313151" role=""/>
  <member type="way" ref="1391137443" role=""/>
  <member type="way" ref="42761233" role=""/>
  <member type="way" ref="42761234" role=""/>
  <member type="way" ref="1115576469" role=""/>
  <member type="way" ref="1390990508" role=""/>
  <member type="way" ref="1390990517" role=""/>
  <member type="way" ref="1390990507" role=""/>
  <member type="way" ref="1390990516" role=""/>
  <member type="way" ref="1390990514" role=""/>
  <member type="way" ref="4992805" role=""/>
  <member type="way" ref="1390990515" role=""/>
  <member type="way" ref="173017435" role=""/>
  <member type="way" ref="891306357" role=""/>
  <member type="way" ref="439910727" role=""/>
  <member type="way" ref="42761358" role=""/>
  <member type="way" ref="4579355" role=""/>
  <member type="way" ref="24976468" role=""/>
  <member type="way" ref="24976469" role=""/>
  <member type="way" ref="51969188" role=""/>
  <member type="way" ref="1013155684" role=""/>
  <member type="way" ref="39424630" role=""/>
  <member type="way" ref="28047758" role=""/>
  <member type="way" ref="42761359" role=""/>
  <member type="way" ref="4899667" role=""/>
  <member type="way" ref="935000791" role=""/>
  <member type="way" ref="626240419" role=""/>
  <member type="way" ref="626240131" role=""/>
  <member type="way" ref="51572090" role=""/>
  <member type="way" ref="305898910" role=""/>
  <member type="way" ref="51231558" role=""/>
  <member type="way" ref="4913753" role=""/>
  <member type="way" ref="103899816" role=""/>
  <member type="way" ref="109282484" role=""/>
  <member type="way" ref="51233229" role=""/>
  <member type="way" ref="23417490" role=""/>
  <member type="way" ref="51233231" role=""/>
  <member type="way" ref="37870966" role=""/>
  <member type="way" ref="4913308" role=""/>
  <member type="way" ref="143242800" role=""/>
  <member type="way" ref="51233224" role=""/>
  <member type="way" ref="51233233" role=""/>
  <member type="way" ref="44735214" role=""/>
  <member type="way" ref="5731920" role=""/>
  <member type="way" ref="1136280690" role=""/>
  <member type="way" ref="5731923" role=""/>
  <member type="way" ref="1136280691" role=""/>
  <member type="way" ref="25693882" role=""/>
  <member type="way" ref="5197303" role=""/>
  <member type="way" ref="8102557" role=""/>
  <member type="way" ref="25693912" role=""/>
  <member type="way" ref="25693908" role=""/>
  <member type="way" ref="23936883" role=""/>
  <member type="way" ref="23936895" role=""/>
  <member type="way" ref="23936894" role=""/>
  <member type="way" ref="30694908" role=""/>
  <member type="way" ref="107957788" role=""/>
  <member type="way" ref="173469854" role=""/>
  <member type="way" ref="95957363" role=""/>
  <member type="way" ref="23495335" role=""/>
  <member type="way" ref="51235428" role=""/>
  <member type="way" ref="218974462" role=""/>
  <member type="way" ref="51235430" role=""/>
  <member type="way" ref="37178367" role=""/>
  <member type="way" ref="34744252" role=""/>
  <member type="way" ref="30351813" role=""/>
  <member type="way" ref="1291782421" role=""/>
  <member type="way" ref="749214271" role=""/>
  <member type="way" ref="749214270" role=""/>
  <member type="way" ref="749214269" role=""/>
  <member type="way" ref="749214273" role=""/>
  <member type="way" ref="1301273493" role=""/>
  <member type="way" ref="257372805" role=""/>
  <member type="way" ref="8020305" role=""/>
  <member type="way" ref="8020306" role=""/>
  <member type="way" ref="25840214" role=""/>
  <member type="way" ref="26975190" role=""/>
  <member type="way" ref="1301067522" role=""/>
  <member type="way" ref="8020304" role=""/>
  <member type="way" ref="160894905" role=""/>
  <member type="way" ref="160894907" role=""/>
  <member type="way" ref="160894906" role=""/>
  <member type="way" ref="160894908" role=""/>
  <member type="way" ref="160726946" role=""/>
  <member type="way" ref="160726944" role=""/>
  <member type="way" ref="160726947" role=""/>
  <member type="way" ref="8020307" role=""/>
  <member type="way" ref="38456824" role=""/>
  <member type="way" ref="8020308" role=""/>
  <member type="way" ref="1068539111" role=""/>
  <member type="way" ref="30193917" role=""/>
  <member type="way" ref="86199524" role=""/>
  <member type="way" ref="30193899" role=""/>
  <member type="way" ref="8020312" role=""/>
  <member type="way" ref="8020313" role=""/>
  <member type="way" ref="8020315" role=""/>
  <member type="way" ref="8020314" role=""/>
  <member type="way" ref="31673430" role=""/>
  <member type="way" ref="152635149" role=""/>
  <member type="way" ref="1080783250" role=""/>
  <member type="way" ref="25650712" role=""/>
  <member type="way" ref="1080782273" role=""/>
  <member type="way" ref="30102298" role=""/>
  <member type="way" ref="1418953049" role=""/>
  <member type="way" ref="30353232" role=""/>
  <member type="way" ref="173469847" role=""/>
  <member type="way" ref="23157958" role=""/>
  <member type="way" ref="24524216" role=""/>
  <member type="way" ref="173469851" role=""/>
  <member type="way" ref="1185216628" role=""/>
  <member type="way" ref="33713195" role=""/>
  <member type="way" ref="33713196" role=""/>
  <member type="way" ref="28053457" role=""/>
  <member type="way" ref="478382666" role=""/>
  <member type="way" ref="67842999" role=""/>
  <member type="way" ref="27341122" role=""/>
  <member type="way" ref="27341118" role=""/>
  <member type="way" ref="34744263" role=""/>
  <member type="way" ref="64313505" role=""/>
  <member type="way" ref="31796131" role=""/>
  <member type="way" ref="31796134" role=""/>
  <member type="way" ref="30179772" role=""/>
  <member type="way" ref="389605216" role=""/>
  <member type="way" ref="432331586" role=""/>
  <member type="way" ref="30179773" role=""/>
  <member type="way" ref="1362313457" role=""/>
  <member type="way" ref="24638741" role=""/>
  <member type="way" ref="432331587" role=""/>
  <member type="way" ref="366366529" role=""/>
  <member type="way" ref="1418915473" role=""/>
  <member type="way" ref="24563896" role=""/>
  <member type="way" ref="30179618" role=""/>
  <member type="way" ref="23847084" role=""/>
  <member type="way" ref="173469850" role=""/>
  <member type="way" ref="32887455" role=""/>
  <member type="way" ref="173469855" role=""/>
  <member type="way" ref="314108013" role=""/>
  <member type="way" ref="781587492" role=""/>
  <member type="way" ref="1150401925" role=""/>
  <member type="way" ref="224137587" role=""/>
  <member type="way" ref="430192104" role=""/>
  <member type="way" ref="24153888" role=""/>
  <member type="way" ref="48197322" role=""/>
  <member type="way" ref="1143902859" role=""/>
  <member type="way" ref="10606980" role=""/>
  <member type="way" ref="168540556" role=""/>
  <member type="way" ref="48197323" role=""/>
  <member type="way" ref="24156385" role=""/>
  <member type="way" ref="193002390" role=""/>
  <member type="way" ref="24156384" role=""/>
  <member type="way" ref="781587491" role=""/>
  <member type="way" ref="35564761" role=""/>
  <member type="way" ref="1250335567" role=""/>
  <member type="way" ref="1250335566" role=""/>
  <member type="way" ref="504811544" role=""/>
  <member type="way" ref="237302248" role=""/>
  <member type="way" ref="24154872" role=""/>
  <member type="way" ref="35564870" role=""/>
  <member type="way" ref="29312992" role=""/>
  <member type="way" ref="79419282" role=""/>
  <member type="way" ref="24154858" role=""/>
  <member type="way" ref="29215493" role=""/>
  <member type="way" ref="46003285" role=""/>
  <member type="way" ref="79419280" role=""/>
  <member type="way" ref="24324518" role=""/>
  <member type="way" ref="37667418" role=""/>
  <member type="way" ref="28677585" role=""/>
  <member type="way" ref="134137462" role=""/>
  <member type="way" ref="79419285" role=""/>
  <member type="way" ref="24324374" role=""/>
  <member type="way" ref="28768821" role=""/>
  <member type="way" ref="28836419" role=""/>
  <member type="way" ref="24324372" role=""/>
  <member type="way" ref="533580049" role=""/>
  <member type="way" ref="24324169" role=""/>
  <member type="way" ref="533580048" role=""/>
  <member type="way" ref="270280552" role=""/>
  <member type="way" ref="23572682" role=""/>
  <member type="way" ref="23572681" role=""/>
  <member type="way" ref="531466716" role=""/>
  <member type="way" ref="457400509" role=""/>
  <member type="way" ref="38732098" role=""/>
  <member type="way" ref="38693967" role=""/>
  <member type="way" ref="79193488" role=""/>
  <member type="way" ref="227944900" role=""/>
  <member type="way" ref="431489757" role=""/>
  <member type="way" ref="79193487" role=""/>
  <member type="way" ref="25960024" role=""/>
  <member type="way" ref="26708828" role=""/>
  <member type="way" ref="39896477" role=""/>
  <member type="way" ref="28929206" role=""/>
  <member type="way" ref="29174164" role=""/>
  <member type="way" ref="219384185" role=""/>
  <member type="way" ref="46109758" role=""/>
  <member type="way" ref="50538577" role=""/>
  <member type="way" ref="50538563" role=""/>
  <member type="way" ref="29174179" role=""/>
  <member type="way" ref="233496357" role=""/>
  <member type="way" ref="997922468" role=""/>
  <member type="way" ref="63018400" role=""/>
  <member type="way" ref="66337037" role=""/>
  <member type="way" ref="432327988" role=""/>
  <member type="way" ref="158512973" role=""/>
  <member type="way" ref="161050016" role=""/>
  <member type="way" ref="66337022" role=""/>
  <member type="way" ref="66337026" role=""/>
  <member type="way" ref="27548086" role=""/>
  <member type="way" ref="27919918" role=""/>
  <member type="way" ref="31257676" role=""/>
  <member type="way" ref="27916409" role=""/>
  <member type="way" ref="1228277980" role=""/>
  <member type="way" ref="172434550" role=""/>
  <member type="way" ref="37188126" role=""/>
  <member type="way" ref="23527866" role=""/>
  <member type="way" ref="16890284" role=""/>
  <member type="way" ref="67499002" role=""/>
  <member type="way" ref="331896798" role=""/>
  <member type="way" ref="10431713" role=""/>
  <member type="way" ref="5089669" role=""/>
  <member type="way" ref="432044959" role=""/>
  <member type="way" ref="286934051" role=""/>
  <member type="way" ref="432044958" role=""/>
  <member type="way" ref="5089670" role=""/>
  <member type="way" ref="59290987" role=""/>
  <member type="way" ref="23627669" role=""/>
  <member type="way" ref="465617912" role=""/>
  <member type="way" ref="67498997" role=""/>
  <member type="way" ref="266864112" role=""/>
  <member type="way" ref="431490632" role=""/>
  <member type="way" ref="25785973" role=""/>
  <member type="way" ref="39024143" role=""/>
  <member type="way" ref="39024144" role=""/>
  <member type="way" ref="31749007" role=""/>
  <member type="way" ref="1046255543" role=""/>
  <member type="way" ref="25791164" role=""/>
  <member type="way" ref="24955497" role=""/>
  <member type="way" ref="1228267081" role=""/>
  <member type="way" ref="431490646" role=""/>
  <member type="way" ref="31749005" role=""/>
  <member type="way" ref="287016113" role=""/>
  <member type="way" ref="26967272" role=""/>
  <member type="way" ref="431490643" role=""/>
  <member type="way" ref="173214105" role=""/>
  <member type="way" ref="431490638" role=""/>
  <member type="way" ref="486209809" role=""/>
  <member type="way" ref="31257685" role=""/>
  <member type="way" ref="31257686" role=""/>
  <member type="way" ref="173572325" role=""/>
  <member type="way" ref="431491978" role=""/>
  <member type="way" ref="67842998" role=""/>
  <member type="way" ref="909038930" role=""/>
  <member type="way" ref="27206906" role=""/>
  <member type="way" ref="51700953" role=""/>
  <member type="way" ref="51700952" role=""/>
  <member type="way" ref="431491981" role=""/>
  <member type="way" ref="41780410" role=""/>
  <member type="way" ref="28000408" role=""/>
  <member type="way" ref="127288100" role=""/>
  <member type="way" ref="28054678" role=""/>
  <member type="way" ref="1182965627" role=""/>
  <member type="way" ref="174038351" role=""/>
  <member type="way" ref="31649893" role=""/>
  <member type="way" ref="431491970" role=""/>
  <member type="way" ref="690413952" role=""/>
  <member type="way" ref="139828692" role=""/>
  <member type="way" ref="139828690" role=""/>
  <member type="way" ref="431491977" role=""/>
  <member type="way" ref="28942862" role=""/>
  <member type="way" ref="513972306" role=""/>
  <member type="way" ref="520044573" role=""/>
  <member type="way" ref="513972309" role=""/>
  <member type="way" ref="431491971" role=""/>
  <member type="way" ref="431491987" role=""/>
  <member type="way" ref="28974452" role=""/>
  <member type="way" ref="23820581" role=""/>
  <member type="way" ref="1368200638" role=""/>
  <member type="way" ref="28976417" role=""/>
  <member type="way" ref="28941461" role=""/>
  <member type="way" ref="28144395" role=""/>
  <member type="way" ref="31242179" role=""/>
  <member type="way" ref="497956169" role=""/>
  <member type="way" ref="28144394" role=""/>
  <member type="way" ref="28611748" role=""/>
  <member type="way" ref="28611700" role=""/>
  <member type="way" ref="431491984" role=""/>
  <member type="way" ref="36739359" role=""/>
  <member type="way" ref="31394663" role=""/>
  <member type="way" ref="62199644" role=""/>
  <member type="way" ref="30074678" role=""/>
  <member type="way" ref="431491975" role=""/>
  <member type="way" ref="827680128" role=""/>
  <member type="way" ref="28611143" role=""/>
  <member type="way" ref="431491986" role=""/>
  <member type="way" ref="36739361" role=""/>
  <member type="way" ref="36739332" role=""/>
  <member type="way" ref="82650921" role=""/>
  <member type="way" ref="431491983" role=""/>
  <member type="way" ref="426276171" role=""/>
  <member type="way" ref="431491973" role=""/>
  <member type="way" ref="431493448" role=""/>
  <member type="way" ref="36914609" role=""/>
  <member type="way" ref="61920641" role=""/>
  <member type="way" ref="36914617" role=""/>
  <member type="way" ref="431493449" role=""/>
  <member type="way" ref="60218372" role=""/>
  <member type="way" ref="492735945" role=""/>
  <member type="way" ref="1367994282" role=""/>
  <member type="way" ref="38876583" role=""/>
  <member type="way" ref="28613115" role=""/>
  <member type="way" ref="29466373" role=""/>
  <member type="way" ref="431493450" role=""/>
  <member type="way" ref="126002926" role=""/>
  <member type="way" ref="59291007" role=""/>
  <member type="way" ref="934260560" role=""/>
  <member type="way" ref="43138120" role=""/>
  <member type="way" ref="33393121" role=""/>
  <member type="way" ref="59290962" role=""/>
  <member type="way" ref="37006873" role=""/>
  <member type="way" ref="77492554" role=""/>
  <member type="way" ref="41496888" role=""/>
  <member type="way" ref="41496887" role=""/>
  <member type="way" ref="423488885" role=""/>
  <member type="way" ref="431493997" role=""/>
  <member type="way" ref="47089506" role=""/>
  <member type="way" ref="47089507" role=""/>
  <member type="way" ref="47089508" role=""/>
  <member type="way" ref="59291002" role=""/>
  <member type="way" ref="105128331" role=""/>
  <member type="way" ref="432320781" role=""/>
  <member type="way" ref="71376598" role=""/>
  <member type="way" ref="454822352" role=""/>
  <member type="way" ref="59291016" role=""/>
  <member type="way" ref="431495619" role=""/>
  <member type="way" ref="137088312" role=""/>
  <member type="way" ref="179090821" role=""/>
  <member type="way" ref="137088320" role=""/>
  <member type="way" ref="179090759" role=""/>
  <member type="way" ref="48552776" role=""/>
  <member type="way" ref="48552590" role=""/>
  <member type="way" ref="37419271" role=""/>
  <member type="way" ref="77946302" role=""/>
  <member type="way" ref="431495622" role=""/>
  <member type="way" ref="122553580" role=""/>
  <member type="way" ref="122553582" role=""/>
  <member type="way" ref="37419235" role=""/>
  <member type="way" ref="37419258" role=""/>
  <member type="way" ref="37419264" role=""/>
  <member type="way" ref="431495612" role=""/>
  <member type="way" ref="431495615" role=""/>
  <member type="way" ref="48648455" role=""/>
  <member type="way" ref="848016977" role=""/>
  <member type="way" ref="848016976" role=""/>
  <member type="way" ref="122553579" role=""/>
  <member type="way" ref="632842563" role=""/>
  <member type="way" ref="1307029092" role=""/>
  <member type="way" ref="1307029091" role=""/>
  <member type="way" ref="1307029094" role=""/>
  <member type="way" ref="1307029093" role=""/>
  <member type="way" ref="181972099" role=""/>
  <member type="way" ref="85709082" role=""/>
  <member type="way" ref="85709085" role=""/>
  <member type="way" ref="859639739" role=""/>
  <member type="way" ref="859639740" role=""/>
  <member type="way" ref="181972098" role=""/>
  <member type="way" ref="161907305" role=""/>
  <member type="way" ref="77532310" role=""/>
  <member type="way" ref="431495614" role=""/>
  <member type="way" ref="431495618" role=""/>
  <tag k="description" v="Teilstrecke des Hugenotten- und Waldenserpfad von Frankfurt nach Braunfels"/>
  <tag k="from" v="Frankfurt am Main"/>
  <tag k="name" v="Hugenotten- und Waldenserpfad (Hauptweg - Teilstrecke Frankfurt - Braunfels)"/>
  <tag k="network" v="nwn"/>
  <tag k="operator" v="Hugenotten- und Waldenserpfad e.V."/>
  <tag k="osmc:status" v="incomplete"/>
  <tag k="osmc:symbol" v="blue:white:blue_dot::green"/>
  <tag k="pilgrimage" v="yes"/>
  <tag k="ref" v="HuWa"/>
  <tag k="roundtrip" v="no"/>
  <tag k="route" v="hiking"/>
  <tag k="symbol" v="light blue circle above a green wave"/>
  <tag k="symbol:de" v="blauer Punkt über grüner Welle auf Weiss"/>
  <tag k="to" v="Braunfels"/>
  <tag k="type" v="route"/>
  <tag k="website" v="https://www.hugenotten-waldenserpfad.eu/"/>
  <tag k="wiki:symbol" v="Hugenottenweg.svg"/>
 </relation>
</osm>
