<?xml version="1.0" encoding="UTF-8"?>
<osm version="0.6" generator="openstreetmap-cgimap 2.1.0 (3829490 spike-06.openstreetmap.org)" copyright="OpenStreetMap and contributors" attribution="http://www.openstreetmap.org/copyright" license="http://opendatacommons.org/licenses/odbl/1-0/">
 <bounds minlat="50.1234050" minlon="8.6643080" maxlat="50.1265690" maxlon="8.6662920"/>
 <node id="162568" visible="true" version="6" changeset="113567300" timestamp="2021-11-09T14:07:26Z" user="bridgeburner" uid="54265" lat="50.1262581" lon="8.6706363"/>
 <node id="520404" visible="true" version="6" changeset="149300453" timestamp="2024-03-29T08:33:19Z" user="skotek" uid="20075511" lat="50.1235447" lon="8.6646726"/>
 <node id="520411" visible="true" version="6" changeset="149300774" timestamp="2024-03-29T08:42:55Z" user="skotek" uid="20075511" lat="50.1233137" lon="8.6632048"/>
 <node id="520415" visible="true" version="6" changeset="164255859" timestamp="2025-03-29T16:12:39Z" user="mueschel" uid="616774" lat="50.1237710" lon="8.6652874"/>
 <node id="15514308" visible="true" version="6" changeset="113567300" timestamp="2021-11-09T14:07:26Z" user="bridgeburner" uid="54265" lat="50.1244036" lon="8.6696881"/>
 <node id="30078741" visible="true" version="7" changeset="149300453" timestamp="2024-03-29T08:33:19Z" user="skotek" uid="20075511" lat="50.1235308" lon="8.6648947"/>
 <node id="30078742" visible="true" version="12" changeset="149300453" timestamp="2024-03-29T08:33:19Z" user="skotek" uid="20075511" lat="50.1234295" lon="8.6648947"/>
 <node id="30078743" visible="true" version="11" changeset="149300453" timestamp="2024-03-29T08:33:19Z" user="skotek" uid="20075511" lat="50.1233983" lon="8.6647209"/>
 <node id="30256740" visible="true" version="8" changeset="123134560" timestamp="2022-07-02T21:58:11Z" user="joe2812" uid="7549553" lat="50.1259404" lon="8.6645101"/>
 <node id="30313090" visible="true" version="6" changeset="123134560" timestamp="2022-07-02T21:58:11Z" user="joe2812" uid="7549553" lat="50.1232190" lon="8.6585849"/>
 <node id="30313091" visible="true" version="5" changeset="123134560" timestamp="2022-07-02T21:58:11Z" user="joe2812" uid="7549553" lat="50.1231969" lon="8.6600787"/>
 <node id="30313093" visible="true" version="5" changeset="1877707" timestamp="2009-07-19T20:22:51Z" user="MichaH" uid="8464" lat="50.1243948" lon="8.6588327"/>
 <node id="30313094" visible="true" version="5" changeset="1882020" timestamp="2009-07-20T09:13:00Z" user="MichaH" uid="8464" lat="50.1251461" lon="8.6592336"/>
 <node id="30313095" visible="true" version="6" changeset="167598535" timestamp="2025-06-14T04:29:23Z" user="unni-geo" uid="16354439" lat="50.1260046" lon="8.6598274"/>
 <node id="30313096" visible="true" version="7" changeset="1882020" timestamp="2009-07-20T09:13:00Z" user="MichaH" uid="8464" lat="50.1266551" lon="8.6600774"/>
 <node id="30313097" visible="true" version="8" changeset="139041678" timestamp="2023-07-26T14:45:35Z" user="mihof" uid="139202" lat="50.1275285" lon="8.6597032"/>
 <node id="30313098" visible="true" version="6" changeset="47769555" timestamp="2017-04-14T07:38:36Z" user="kaltuna" uid="1386271" lat="50.1284831" lon="8.6583287"/>
 <node id="30313099" visible="true" version="6" changeset="47769555" timestamp="2017-04-14T07:38:36Z" user="kaltuna" uid="1386271" lat="50.1293341" lon="8.6572440"/>
 <node id="30313100" visible="true" version="8" changeset="11261110" timestamp="2012-04-11T06:53:58Z" user="Romanese" uid="60780" lat="50.1298440" lon="8.6574361"/>
 <node id="30313101" visible="true" version="7" changeset="11261110" timestamp="2012-04-11T06:53:58Z" user="Romanese" uid="60780" lat="50.1305918" lon="8.6584541"/>
 <node id="30313102" visible="true" version="7" changeset="11261110" timestamp="2012-04-11T06:53:58Z" user="Romanese" uid="60780" lat="50.1310171" lon="8.6594939"/>
 <node id="30313103" visible="true" version="7" changeset="11261110" timestamp="2012-04-11T06:53:58Z" user="Romanese" uid="60780" lat="50.1311701" lon="8.6601907"/>
 <node id="30313104" visible="true" version="8" changeset="11261110" timestamp="2012-04-11T06:53:58Z" user="Romanese" uid="60780" lat="50.1312188" lon="8.6617513"/>
 <node id="30313105" visible="true" version="7" changeset="13911333" timestamp="2012-11-17T21:25:19Z" user="mihof" uid="139202" lat="50.1290392" lon="8.6617196"/>
 <node id="30313108" visible="true" version="5" changeset="123134560" timestamp="2022-07-02T21:58:11Z" user="joe2812" uid="7549553" lat="50.1257982" lon="8.6631042"/>
 <node id="30313109" visible="true" version="6" changeset="123134560" timestamp="2022-07-02T21:58:11Z" user="joe2812" uid="7549553" lat="50.1238168" lon="8.6639202"/>
 <node id="30313110" visible="true" version="6" changeset="123134560" timestamp="2022-07-02T21:58:11Z" user="joe2812" uid="7549553" lat="50.1235124" lon="8.6600890"/>
 <node id="30313112" visible="true" version="6" changeset="123134560" timestamp="2022-07-02T21:58:11Z" user="joe2812" uid="7549553" lat="50.1234891" lon="8.6617022"/>
 <node id="30753294" visible="true" version="9" changeset="167598535" timestamp="2025-06-14T04:29:23Z" user="unni-geo" uid="16354439" lat="50.1210328" lon="8.6590871"/>
 <node id="30753297" visible="true" version="6" changeset="19145662" timestamp="2013-11-27T14:52:57Z" user="Gehrke" uid="14002" lat="50.1231937" lon="8.6582417"/>
 <node id="30802407" visible="true" version="3" changeset="3280097" timestamp="2009-12-03T12:19:17Z" user="patrick1204" uid="202746" lat="50.1160698" lon="8.6714991"/>
 <node id="30802408" visible="true" version="5" changeset="34842876" timestamp="2015-10-24T15:33:55Z" user="MichaH" uid="8464" lat="50.1161573" lon="8.6711176"/>
 <node id="30802410" visible="true" version="4" changeset="23909770" timestamp="2014-07-03T22:29:34Z" user="Eljot8472" uid="1749482" lat="50.1166766" lon="8.6730004"/>
 <node id="30802411" visible="true" version="3" changeset="23909770" timestamp="2014-07-03T22:29:34Z" user="Eljot8472" uid="1749482" lat="50.1167485" lon="8.6739133"/>
 <node id="30802413" visible="true" version="2" changeset="1731242" timestamp="2009-07-04T17:40:58Z" user="MichaH" uid="8464" lat="50.1169576" lon="8.6748004"/>
 <node id="30802414" visible="true" version="3" changeset="23273993" timestamp="2014-06-29T17:02:59Z" user="Eljot8472" uid="1749482" lat="50.1180526" lon="8.6764101"/>
 <node id="30802415" visible="true" version="4" changeset="23281898" timestamp="2014-06-29T19:38:57Z" user="Eljot8472" uid="1749482" lat="50.1177032" lon="8.6776446"/>
 <node id="30802417" visible="true" version="4" changeset="23384043" timestamp="2014-06-30T19:15:06Z" user="Eljot8472" uid="1749482" lat="50.1176606" lon="8.6783735"/>
 <node id="30802418" visible="true" version="6" changeset="15319374" timestamp="2013-03-10T18:33:25Z" user="mueschel" uid="616774" lat="50.1176461" lon="8.6789693"/>
 <node id="30802429" visible="true" version="6" changeset="113614928" timestamp="2021-11-10T16:01:35Z" user="bridgeburner" uid="54265" lat="50.1166345" lon="8.6718405"/>
 <node id="31029498" visible="true" version="9" changeset="34842876" timestamp="2015-10-24T15:33:55Z" user="MichaH" uid="8464" lat="50.1153053" lon="8.6710576"/>
 <node id="31029499" visible="true" version="2" changeset="15265447" timestamp="2013-03-06T01:34:20Z" user="JochenB" uid="71555" lat="50.1144480" lon="8.6704904"/>
 <node id="31029500" visible="true" version="4" changeset="15265447" timestamp="2013-03-06T01:34:20Z" user="JochenB" uid="71555" lat="50.1135589" lon="8.6692350"/>
 <node id="31029524" visible="true" version="4" changeset="111382556" timestamp="2021-09-18T16:34:45Z" user="Wetterauer" uid="298733" lat="50.1131991" lon="8.6686016"/>
 <node id="31143041" visible="true" version="4" changeset="153215987" timestamp="2024-06-26T18:29:05Z" user="Mah" uid="138433" lat="50.1113596" lon="8.6575299"/>
 <node id="31143042" visible="true" version="4" changeset="153215987" timestamp="2024-06-26T18:29:05Z" user="Mah" uid="138433" lat="50.1125294" lon="8.6553706"/>
 <node id="31143046" visible="true" version="4" changeset="153215987" timestamp="2024-06-26T18:29:05Z" user="Mah" uid="138433" lat="50.1129353" lon="8.6546696"/>
 <node id="31143047" visible="true" version="4" changeset="153215987" timestamp="2024-06-26T18:29:05Z" user="Mah" uid="138433" lat="50.1132064" lon="8.6541801"/>
 <node id="31143056" visible="true" version="4" changeset="153215987" timestamp="2024-06-26T18:29:05Z" user="Mah" uid="138433" lat="50.1112765" lon="8.6575706"/>
 <node id="31269322" visible="true" version="11" changeset="153215987" timestamp="2024-06-26T18:29:05Z" user="Mah" uid="138433" lat="50.1125303" lon="8.6672361"/>
 <node id="32021058" visible="true" version="7" changeset="150597937" timestamp="2024-04-27T22:00:57Z" user="frankfurtmapper" uid="21338930" lat="50.1269612" lon="8.6705318"/>
 <node id="32910429" visible="true" version="3" changeset="19200995" timestamp="2013-11-30T20:54:52Z" user="MichaH" uid="8464" lat="50.1250605" lon="8.6640203"/>
 <node id="32910431" visible="true" version="4" changeset="15996495" timestamp="2013-05-06T11:44:54Z" user="Romanese" uid="60780" lat="50.1253659" lon="8.6627260"/>
 <node id="60119099" visible="true" version="6" changeset="125819408" timestamp="2022-09-05T15:04:48Z" user="Grauer Elefant" uid="3301825" lat="50.1293834" lon="8.6680036"/>
 <node id="90258754" visible="true" version="5" changeset="88742200" timestamp="2020-07-30T15:52:35Z" user="hackthemap" uid="8722959" lat="50.1259357" lon="8.6626395"/>
 <node id="90258759" visible="true" version="3" changeset="88742200" timestamp="2020-07-30T15:52:35Z" user="hackthemap" uid="8722959" lat="50.1259742" lon="8.6628283"/>
 <node id="90260453" visible="true" version="5" changeset="149300453" timestamp="2024-03-29T08:33:19Z" user="skotek" uid="20075511" lat="50.1235638" lon="8.6648260"/>
 <node id="252118068" visible="true" version="4" changeset="24766326" timestamp="2014-08-15T12:38:13Z" user="zeflo" uid="467643" lat="50.1235614" lon="8.6652998"/>
 <node id="252118069" visible="true" version="5" changeset="24766326" timestamp="2014-08-15T12:38:13Z" user="zeflo" uid="467643" lat="50.1232319" lon="8.6655177"/>
 <node id="252118070" visible="true" version="4" changeset="19182853" timestamp="2013-11-29T18:12:28Z" user="MichaH" uid="8464" lat="50.1234521" lon="8.6650068"/>
 <node id="252118071" visible="true" version="3" changeset="19182853" timestamp="2013-11-29T18:12:28Z" user="MichaH" uid="8464" lat="50.1235211" lon="8.6650036"/>
 <node id="252141738" visible="true" version="5" changeset="150838343" timestamp="2024-05-03T13:36:42Z" user="frankfurtmapper" uid="21338930" lat="50.1249526" lon="8.6672205"/>
 <node id="259157880" visible="true" version="5" changeset="113565378" timestamp="2021-11-09T13:12:20Z" user="bridgeburner" uid="54265" lat="50.1251073" lon="8.6664272"/>
 <node id="259157881" visible="true" version="6" changeset="113565378" timestamp="2021-11-09T13:12:20Z" user="bridgeburner" uid="54265" lat="50.1254821" lon="8.6664159"/>
 <node id="259157882" visible="true" version="5" changeset="113565378" timestamp="2021-11-09T13:12:20Z" user="bridgeburner" uid="54265" lat="50.1251099" lon="8.6666365"/>
 <node id="259157884" visible="true" version="7" changeset="113565378" timestamp="2021-11-09T13:12:20Z" user="bridgeburner" uid="54265" lat="50.1254847" lon="8.6666253"/>
 <node id="259157886" visible="true" version="6" changeset="151109297" timestamp="2024-05-09T16:33:19Z" user="frankfurtmapper" uid="21338930" lat="50.1251416" lon="8.6656942"/>
 <node id="259157887" visible="true" version="8" changeset="151109297" timestamp="2024-05-09T16:33:19Z" user="frankfurtmapper" uid="21338930" lat="50.1255938" lon="8.6657695"/>
 <node id="259157888" visible="true" version="7" changeset="150838343" timestamp="2024-05-03T13:36:42Z" user="frankfurtmapper" uid="21338930" lat="50.1255809" lon="8.6660228"/>
 <node id="259157889" visible="true" version="6" changeset="151109297" timestamp="2024-05-09T16:33:19Z" user="frankfurtmapper" uid="21338930" lat="50.1251226" lon="8.6659416"/>
 <node id="259157890" visible="true" version="6" changeset="113565378" timestamp="2021-11-09T13:12:20Z" user="bridgeburner" uid="54265" lat="50.1251394" lon="8.6671336"/>
 <node id="259157891" visible="true" version="7" changeset="113565378" timestamp="2021-11-09T13:12:20Z" user="bridgeburner" uid="54265" lat="50.1255082" lon="8.6670449"/>
 <node id="259157892" visible="true" version="6" changeset="113565378" timestamp="2021-11-09T13:12:20Z" user="bridgeburner" uid="54265" lat="50.1251590" lon="8.6673323"/>
 <node id="259157894" visible="true" version="6" changeset="113565378" timestamp="2021-11-09T13:12:20Z" user="bridgeburner" uid="54265" lat="50.1252644" lon="8.6680095"/>
 <node id="259157895" visible="true" version="6" changeset="113565378" timestamp="2021-11-09T13:12:20Z" user="bridgeburner" uid="54265" lat="50.1256219" lon="8.6678439"/>
 <node id="259157897" visible="true" version="6" changeset="150767900" timestamp="2024-05-01T20:27:23Z" user="frankfurtmapper" uid="21338930" lat="50.1252254" lon="8.6678041"/>
 <node id="259157898" visible="true" version="5" changeset="113565378" timestamp="2021-11-09T13:12:20Z" user="bridgeburner" uid="54265" lat="50.1253775" lon="8.6684765"/>
 <node id="259157899" visible="true" version="6" changeset="113565378" timestamp="2021-11-09T13:12:20Z" user="bridgeburner" uid="54265" lat="50.1257159" lon="8.6682451"/>
 <node id="259157900" visible="true" version="7" changeset="113565378" timestamp="2021-11-09T13:12:20Z" user="bridgeburner" uid="54265" lat="50.1257676" lon="8.6684294"/>
 <node id="259157901" visible="true" version="5" changeset="113565378" timestamp="2021-11-09T13:12:20Z" user="bridgeburner" uid="54265" lat="50.1254293" lon="8.6686608"/>
 <node id="259157902" visible="true" version="5" changeset="113565378" timestamp="2021-11-09T13:12:20Z" user="bridgeburner" uid="54265" lat="50.1255865" lon="8.6691054"/>
 <node id="259157903" visible="true" version="5" changeset="113565378" timestamp="2021-11-09T13:12:20Z" user="bridgeburner" uid="54265" lat="50.1259651" lon="8.6687331"/>
 <node id="259157904" visible="true" version="5" changeset="113565378" timestamp="2021-11-09T13:12:20Z" user="bridgeburner" uid="54265" lat="50.1260420" lon="8.6689233"/>
 <node id="259157905" visible="true" version="5" changeset="113565378" timestamp="2021-11-09T13:12:20Z" user="bridgeburner" uid="54265" lat="50.1256634" lon="8.6692956"/>
 <node id="259157906" visible="true" version="5" changeset="113565378" timestamp="2021-11-09T13:12:20Z" user="bridgeburner" uid="54265" lat="50.1253069" lon="8.6659740"/>
 <node id="259157907" visible="true" version="5" changeset="113565378" timestamp="2021-11-09T13:12:20Z" user="bridgeburner" uid="54265" lat="50.1252948" lon="8.6664215"/>
 <node id="259157908" visible="true" version="5" changeset="113565378" timestamp="2021-11-09T13:12:20Z" user="bridgeburner" uid="54265" lat="50.1252974" lon="8.6666309"/>
 <node id="259157909" visible="true" version="6" changeset="113565378" timestamp="2021-11-09T13:12:20Z" user="bridgeburner" uid="54265" lat="50.1253223" lon="8.6670896"/>
 <node id="259157910" visible="true" version="6" changeset="113565378" timestamp="2021-11-09T13:12:20Z" user="bridgeburner" uid="54265" lat="50.1251711" lon="8.6673294"/>
 <node id="259157911" visible="true" version="7" changeset="150767900" timestamp="2024-05-01T20:27:23Z" user="frankfurtmapper" uid="21338930" lat="50.1252403" lon="8.6677982"/>
 <node id="259157912" visible="true" version="7" changeset="113565378" timestamp="2021-11-09T13:12:20Z" user="bridgeburner" uid="54265" lat="50.1255464" lon="8.6683592"/>
 <node id="259157913" visible="true" version="6" changeset="113565378" timestamp="2021-11-09T13:12:20Z" user="bridgeburner" uid="54265" lat="50.1254438" lon="8.6679295"/>
 <node id="259157914" visible="true" version="5" changeset="113565378" timestamp="2021-11-09T13:12:20Z" user="bridgeburner" uid="54265" lat="50.1257390" lon="8.6689555"/>
 <node id="259157915" visible="true" version="7" changeset="113565378" timestamp="2021-11-09T13:12:20Z" user="bridgeburner" uid="54265" lat="50.1255986" lon="8.6685437"/>
 <node id="259157916" visible="true" version="5" changeset="113565378" timestamp="2021-11-09T13:12:20Z" user="bridgeburner" uid="54265" lat="50.1258243" lon="8.6688715"/>
 <node id="259157917" visible="true" version="6" changeset="113565378" timestamp="2021-11-09T13:12:20Z" user="bridgeburner" uid="54265" lat="50.1256913" lon="8.6684816"/>
 <node id="259157918" visible="true" version="6" changeset="113565378" timestamp="2021-11-09T13:12:20Z" user="bridgeburner" uid="54265" lat="50.1256427" lon="8.6682952"/>
 <node id="259157919" visible="true" version="6" changeset="113565378" timestamp="2021-11-09T13:12:20Z" user="bridgeburner" uid="54265" lat="50.1255405" lon="8.6678816"/>
 <node id="259157920" visible="true" version="8" changeset="150767900" timestamp="2024-05-01T20:27:23Z" user="frankfurtmapper" uid="21338930" lat="50.1255510" lon="8.6676559"/>
 <node id="259157921" visible="true" version="7" changeset="113565378" timestamp="2021-11-09T13:12:20Z" user="bridgeburner" uid="54265" lat="50.1254917" lon="8.6672523"/>
 <node id="259157922" visible="true" version="6" changeset="113565378" timestamp="2021-11-09T13:12:20Z" user="bridgeburner" uid="54265" lat="50.1254262" lon="8.6670646"/>
 <node id="259157923" visible="true" version="5" changeset="113565378" timestamp="2021-11-09T13:12:20Z" user="bridgeburner" uid="54265" lat="50.1254004" lon="8.6666303"/>
 <node id="259157924" visible="true" version="5" changeset="113565378" timestamp="2021-11-09T13:12:20Z" user="bridgeburner" uid="54265" lat="50.1254027" lon="8.6664183"/>
 <node id="259157925" visible="true" version="5" changeset="113565378" timestamp="2021-11-09T13:12:20Z" user="bridgeburner" uid="54265" lat="50.1254138" lon="8.6659929"/>
 <node id="259157931" visible="true" version="9" changeset="150838343" timestamp="2024-05-03T13:36:42Z" user="frankfurtmapper" uid="21338930" lat="50.1252042" lon="8.6675744">
  <tag k="entrance" v="main"/>
 </node>
 <node id="271228609" visible="true" version="5" changeset="123038605" timestamp="2022-06-30T10:27:16Z" user="joe2812" uid="7549553" lat="50.1232564" lon="8.6656371"/>
 <node id="271228612" visible="true" version="5" changeset="123038605" timestamp="2022-06-30T10:27:16Z" user="joe2812" uid="7549553" lat="50.1234768" lon="8.6655622"/>
 <node id="271228613" visible="true" version="8" changeset="157330303" timestamp="2024-10-01T09:40:13Z" user="ManuelB701" uid="16813270" lat="50.1230520" lon="8.6657726"/>
 <node id="271228619" visible="true" version="6" changeset="19200995" timestamp="2013-11-30T20:54:49Z" user="MichaH" uid="8464" lat="50.1231470" lon="8.6655610"/>
 <node id="315814400" visible="true" version="8" changeset="51862661" timestamp="2017-09-08T20:54:35Z" user="#Reaper" uid="582183" lat="50.1287540" lon="8.6669026"/>
 <node id="315814401" visible="true" version="6" changeset="150638279" timestamp="2024-04-28T22:04:33Z" user="frankfurtmapper" uid="21338930" lat="50.1272450" lon="8.6674257">
  <tag k="barrier" v="bollard"/>
 </node>
 <node id="315814407" visible="true" version="8" changeset="21204907" timestamp="2014-03-20T06:52:25Z" user="zeflo" uid="467643" lat="50.1270829" lon="8.6674818"/>
 <node id="315814408" visible="true" version="7" changeset="113564564" timestamp="2021-11-09T12:51:19Z" user="bridgeburner" uid="54265" lat="50.1269370" lon="8.6664112"/>
 <node id="315814409" visible="true" version="3" changeset="151122955" timestamp="2024-05-09T23:52:17Z" user="frankfurtmapper" uid="21338930" lat="50.1265161" lon="8.6676698"/>
 <node id="315814410" visible="true" version="5" changeset="151122955" timestamp="2024-05-09T23:52:17Z" user="frankfurtmapper" uid="21338930" lat="50.1267281" lon="8.6664343"/>
 <node id="315814411" visible="true" version="2" changeset="19439447" timestamp="2013-12-13T20:39:45Z" user="mihof" uid="139202" lat="50.1266254" lon="8.6681874"/>
 <node id="315814414" visible="true" version="3" changeset="113567300" timestamp="2021-11-09T14:07:26Z" user="bridgeburner" uid="54265" lat="50.1270206" lon="8.6691912"/>
 <node id="315814422" visible="true" version="3" changeset="113567300" timestamp="2021-11-09T14:07:26Z" user="bridgeburner" uid="54265" lat="50.1270686" lon="8.6693564"/>
 <node id="315814426" visible="true" version="3" changeset="113567300" timestamp="2021-11-09T14:07:26Z" user="bridgeburner" uid="54265" lat="50.1271314" lon="8.6698771"/>
 <node id="315814433" visible="true" version="4" changeset="150639764" timestamp="2024-04-28T23:28:49Z" user="frankfurtmapper" uid="21338930" lat="50.1270457" lon="8.6703396"/>
 <node id="315814437" visible="true" version="6" changeset="150639764" timestamp="2024-04-28T23:28:49Z" user="frankfurtmapper" uid="21338930" lat="50.1269752" lon="8.6705415">
  <tag k="barrier" v="gate"/>
 </node>
 <node id="315814464" visible="true" version="4" changeset="20152648" timestamp="2014-01-23T01:29:38Z" user="Bicycle Tourer" uid="1830274" lat="50.1267543" lon="8.6704079"/>
 <node id="315814465" visible="true" version="5" changeset="150597937" timestamp="2024-04-27T22:00:57Z" user="frankfurtmapper" uid="21338930" lat="50.1263894" lon="8.6704336">
  <tag k="barrier" v="gate"/>
  <tag k="bicycle" v="yes"/>
  <tag k="foot" v="yes"/>
  <tag k="motor_vehicle" v="no"/>
  <tag k="wheelchair" v="yes"/>
 </node>
 <node id="315814467" visible="true" version="3" changeset="150597937" timestamp="2024-04-27T22:00:57Z" user="frankfurtmapper" uid="21338930" lat="50.1263764" lon="8.6704015"/>
 <node id="315815659" visible="true" version="7" changeset="150597937" timestamp="2024-04-27T22:00:57Z" user="frankfurtmapper" uid="21338930" lat="50.1258612" lon="8.6639870">
  <tag k="barrier" v="swing_gate"/>
  <tag k="bicycle" v="yes"/>
  <tag k="foot" v="yes"/>
  <tag k="locked" v="yes"/>
  <tag k="wheelchair" v="yes"/>
 </node>
 <node id="315815662" visible="true" version="4" changeset="113567300" timestamp="2021-11-09T14:07:26Z" user="bridgeburner" uid="54265" lat="50.1282348" lon="8.6639385"/>
 <node id="315815664" visible="true" version="3" changeset="14003051" timestamp="2012-11-23T18:52:27Z" user="MichaH" uid="8464" lat="50.1273135" lon="8.6643965"/>
 <node id="315815667" visible="true" version="1" changeset="812746" timestamp="2008-11-30T15:10:27Z" user="MichaH" uid="8464" lat="50.1268658" lon="8.6643997"/>
 <node id="315815671" visible="true" version="1" changeset="812746" timestamp="2008-11-30T15:10:28Z" user="MichaH" uid="8464" lat="50.1263575" lon="8.6644492"/>
 <node id="315815674" visible="true" version="1" changeset="812746" timestamp="2008-11-30T15:10:28Z" user="MichaH" uid="8464" lat="50.1260499" lon="8.6644076"/>
 <node id="315815677" visible="true" version="1" changeset="812746" timestamp="2008-11-30T15:10:29Z" user="MichaH" uid="8464" lat="50.1259360" lon="8.6642227"/>
 <node id="315815710" visible="true" version="3" changeset="99764776" timestamp="2021-02-22T18:16:38Z" user="corrector_91" uid="3418742" lat="50.1283213" lon="8.6632730"/>
 <node id="315880752" visible="true" version="3" changeset="123134560" timestamp="2022-07-02T21:58:11Z" user="joe2812" uid="7549553" lat="50.1238119" lon="8.6647464"/>
 <node id="315880754" visible="true" version="3" changeset="123134560" timestamp="2022-07-02T21:58:11Z" user="joe2812" uid="7549553" lat="50.1238805" lon="8.6651441"/>
 <node id="315880755" visible="true" version="3" changeset="123134560" timestamp="2022-07-02T21:58:11Z" user="joe2812" uid="7549553" lat="50.1239155" lon="8.6647025"/>
 <node id="315880757" visible="true" version="3" changeset="123134560" timestamp="2022-07-02T21:58:11Z" user="joe2812" uid="7549553" lat="50.1239823" lon="8.6651014"/>
 <node id="315880759" visible="true" version="5" changeset="123134560" timestamp="2022-07-02T21:58:11Z" user="joe2812" uid="7549553" lat="50.1238422" lon="8.6649220"/>
 <node id="315880760" visible="true" version="5" changeset="123134560" timestamp="2022-07-02T21:58:11Z" user="joe2812" uid="7549553" lat="50.1239423" lon="8.6648801"/>
 <node id="315882617" visible="true" version="4" changeset="123134560" timestamp="2022-07-02T21:58:11Z" user="joe2812" uid="7549553" lat="50.1246489" lon="8.6644607"/>
 <node id="315882618" visible="true" version="4" changeset="123134560" timestamp="2022-07-02T21:58:11Z" user="joe2812" uid="7549553" lat="50.1248851" lon="8.6643623"/>
 <node id="315882619" visible="true" version="4" changeset="123134560" timestamp="2022-07-02T21:58:11Z" user="joe2812" uid="7549553" lat="50.1246765" lon="8.6646231"/>
 <node id="315882620" visible="true" version="4" changeset="123134560" timestamp="2022-07-02T21:58:11Z" user="joe2812" uid="7549553" lat="50.1249131" lon="8.6645248"/>
 <node id="315882621" visible="true" version="4" changeset="123134560" timestamp="2022-07-02T21:58:11Z" user="joe2812" uid="7549553" lat="50.1249563" lon="8.6643327"/>
 <node id="315882622" visible="true" version="4" changeset="123134560" timestamp="2022-07-02T21:58:11Z" user="joe2812" uid="7549553" lat="50.1252315" lon="8.6642188"/>
 <node id="315882623" visible="true" version="4" changeset="123134560" timestamp="2022-07-02T21:58:11Z" user="joe2812" uid="7549553" lat="50.1249881" lon="8.6645184"/>
 <node id="315882625" visible="true" version="4" changeset="123134560" timestamp="2022-07-02T21:58:11Z" user="joe2812" uid="7549553" lat="50.1252632" lon="8.6644051"/>
 <node id="315882626" visible="true" version="4" changeset="123134560" timestamp="2022-07-02T21:58:11Z" user="joe2812" uid="7549553" lat="50.1252997" lon="8.6641900"/>
 <node id="315882627" visible="true" version="4" changeset="123134560" timestamp="2022-07-02T21:58:11Z" user="joe2812" uid="7549553" lat="50.1254133" lon="8.6641434"/>
 <node id="315882628" visible="true" version="4" changeset="123134560" timestamp="2022-07-02T21:58:11Z" user="joe2812" uid="7549553" lat="50.1253247" lon="8.6643393"/>
 <node id="315882629" visible="true" version="4" changeset="123134560" timestamp="2022-07-02T21:58:11Z" user="joe2812" uid="7549553" lat="50.1254445" lon="8.6643281"/>
 <node id="315882642" visible="true" version="3" changeset="123134560" timestamp="2022-07-02T21:58:11Z" user="joe2812" uid="7549553" lat="50.1245716" lon="8.6644628"/>
 <node id="315882647" visible="true" version="3" changeset="123134560" timestamp="2022-07-02T21:58:11Z" user="joe2812" uid="7549553" lat="50.1245958" lon="8.6646307"/>
 <node id="315882649" visible="true" version="3" changeset="123134560" timestamp="2022-07-02T21:58:11Z" user="joe2812" uid="7549553" lat="50.1240127" lon="8.6646611"/>
 <node id="315882651" visible="true" version="3" changeset="123134560" timestamp="2022-07-02T21:58:11Z" user="joe2812" uid="7549553" lat="50.1241792" lon="8.6645917"/>
 <node id="315882652" visible="true" version="3" changeset="123134560" timestamp="2022-07-02T21:58:11Z" user="joe2812" uid="7549553" lat="50.1240441" lon="8.6648448"/>
 <node id="315882653" visible="true" version="3" changeset="123134560" timestamp="2022-07-02T21:58:11Z" user="joe2812" uid="7549553" lat="50.1242078" lon="8.6647586"/>
 <node id="315882669" visible="true" version="6" changeset="123134560" timestamp="2022-07-02T21:58:11Z" user="joe2812" uid="7549553" lat="50.1243046" lon="8.6647314"/>
 <node id="315882670" visible="true" version="6" changeset="123134560" timestamp="2022-07-02T21:58:11Z" user="joe2812" uid="7549553" lat="50.1244350" lon="8.6646751"/>
 <node id="315882671" visible="true" version="5" changeset="123134560" timestamp="2022-07-02T21:58:11Z" user="joe2812" uid="7549553" lat="50.1244104" lon="8.6645296"/>
 <node id="315882672" visible="true" version="6" changeset="123134560" timestamp="2022-07-02T21:58:11Z" user="joe2812" uid="7549553" lat="50.1247948" lon="8.6645743"/>
 <node id="315882673" visible="true" version="6" changeset="123134560" timestamp="2022-07-02T21:58:11Z" user="joe2812" uid="7549553" lat="50.1247669" lon="8.6644117"/>
 <node id="315882674" visible="true" version="6" changeset="123134560" timestamp="2022-07-02T21:58:11Z" user="joe2812" uid="7549553" lat="50.1251218" lon="8.6644438"/>
 <node id="315882675" visible="true" version="6" changeset="123134560" timestamp="2022-07-02T21:58:11Z" user="joe2812" uid="7549553" lat="50.1250932" lon="8.6642762"/>
 <node id="315882680" visible="true" version="4" changeset="463042" timestamp="2008-12-18T13:57:23Z" user="mrettig" uid="38842" lat="50.1260827" lon="8.6645047"/>
 <node id="315882792" visible="true" version="6" changeset="14003051" timestamp="2012-11-23T18:52:27Z" user="MichaH" uid="8464" lat="50.1273242" lon="8.6644283">
  <tag k="barrier" v="gate"/>
 </node>
 <node id="315882864" visible="true" version="5" changeset="151101264" timestamp="2024-05-09T13:45:45Z" user="frankfurtmapper" uid="21338930" lat="50.1262468" lon="8.6642171"/>
 <node id="315882865" visible="true" version="3" changeset="463042" timestamp="2008-12-18T13:57:23Z" user="mrettig" uid="38842" lat="50.1261730" lon="8.6635568"/>
 <node id="315882866" visible="true" version="3" changeset="463042" timestamp="2008-12-18T13:57:23Z" user="mrettig" uid="38842" lat="50.1259008" lon="8.6636231"/>
 <node id="315884585" visible="true" version="6" changeset="113576478" timestamp="2021-11-09T17:50:26Z" user="bridgeburner" uid="54265" lat="50.1297115" lon="8.6664613"/>
 <node id="315885443" visible="true" version="6" changeset="14418352" timestamp="2012-12-26T21:28:22Z" user="zeflo" uid="467643" lat="50.1270792" lon="8.6658120"/>
 <node id="315885444" visible="true" version="3" changeset="1099045" timestamp="2009-05-06T17:53:11Z" user="MichaH" uid="8464" lat="50.1267306" lon="8.6651129"/>
 <node id="315885445" visible="true" version="3" changeset="113565378" timestamp="2021-11-09T13:12:20Z" user="bridgeburner" uid="54265" lat="50.1262891" lon="8.6647898"/>
 <node id="315885446" visible="true" version="2" changeset="1099045" timestamp="2009-05-06T17:53:11Z" user="MichaH" uid="8464" lat="50.1258080" lon="8.6648136"/>
 <node id="315885447" visible="true" version="4" changeset="164255859" timestamp="2025-03-29T16:12:39Z" user="mueschel" uid="616774" lat="50.1252043" lon="8.6650162"/>
 <node id="315885448" visible="true" version="4" changeset="123134560" timestamp="2022-07-02T21:58:11Z" user="joe2812" uid="7549553" lat="50.1236723" lon="8.6655089"/>
 <node id="315885450" visible="true" version="6" changeset="150638279" timestamp="2024-04-28T22:04:33Z" user="frankfurtmapper" uid="21338930" lat="50.1241196" lon="8.6673900">
  <tag k="barrier" v="gate"/>
  <tag k="gate:type" v="double"/>
  <tag k="locked" v="no"/>
 </node>
 <node id="315885451" visible="true" version="5" changeset="150638279" timestamp="2024-04-28T22:04:33Z" user="frankfurtmapper" uid="21338930" lat="50.1242763" lon="8.6684653">
  <tag k="barrier" v="gate"/>
  <tag k="gate:type" v="double"/>
  <tag k="locked" v="no"/>
 </node>
 <node id="315885452" visible="true" version="3" changeset="21204907" timestamp="2014-03-20T06:52:25Z" user="zeflo" uid="467643" lat="50.1263229" lon="8.6662670"/>
 <node id="315885453" visible="true" version="3" changeset="113565378" timestamp="2021-11-09T13:12:20Z" user="bridgeburner" uid="54265" lat="50.1263930" lon="8.6652416"/>
 <node id="315885454" visible="true" version="4" changeset="113565378" timestamp="2021-11-09T13:12:20Z" user="bridgeburner" uid="54265" lat="50.1264701" lon="8.6648870"/>
 <node id="315885455" visible="true" version="3" changeset="19439447" timestamp="2013-12-13T20:39:45Z" user="mihof" uid="139202" lat="50.1267458" lon="8.6685480"/>
 <node id="315885462" visible="true" version="4" changeset="150838343" timestamp="2024-05-03T13:36:42Z" user="frankfurtmapper" uid="21338930" lat="50.1249355" lon="8.6670367"/>
 <node id="315885463" visible="true" version="5" changeset="164255859" timestamp="2025-03-29T16:12:39Z" user="mueschel" uid="616774" lat="50.1249758" lon="8.6656882"/>
 <node id="315885465" visible="true" version="3" changeset="164255859" timestamp="2025-03-29T16:12:39Z" user="mueschel" uid="616774" lat="50.1250115" lon="8.6650838"/>
 <node id="315885880" visible="true" version="4" changeset="150838343" timestamp="2024-05-03T13:36:42Z" user="frankfurtmapper" uid="21338930" lat="50.1268505" lon="8.6704516"/>
 <node id="315885881" visible="true" version="3" changeset="150597937" timestamp="2024-04-27T22:00:57Z" user="frankfurtmapper" uid="21338930" lat="50.1267051" lon="8.6704005"/>
 <node id="315885882" visible="true" version="3" changeset="113567300" timestamp="2021-11-09T14:07:26Z" user="bridgeburner" uid="54265" lat="50.1263686" lon="8.6704617"/>
 <node id="315885883" visible="true" version="3" changeset="150597937" timestamp="2024-04-27T22:00:57Z" user="frankfurtmapper" uid="21338930" lat="50.1265615" lon="8.6704131"/>
 <node id="315885885" visible="true" version="3" changeset="20152648" timestamp="2014-01-23T01:29:38Z" user="Bicycle Tourer" uid="1830274" lat="50.1269176" lon="8.6704958"/>
 <node id="318652572" visible="true" version="3" changeset="21204907" timestamp="2014-03-20T06:52:25Z" user="zeflo" uid="467643" lat="50.1269252" lon="8.6654626"/>
 <node id="318652575" visible="true" version="6" changeset="151101264" timestamp="2024-05-09T13:45:45Z" user="frankfurtmapper" uid="21338930" lat="50.1269022" lon="8.6647496"/>
 <node id="318652594" visible="true" version="6" changeset="150638279" timestamp="2024-04-28T22:04:33Z" user="frankfurtmapper" uid="21338930" lat="50.1285950" lon="8.6658244"/>
 <node id="318652651" visible="true" version="3" changeset="113576478" timestamp="2021-11-09T17:50:26Z" user="bridgeburner" uid="54265" lat="50.1288723" lon="8.6660961"/>
 <node id="318652655" visible="true" version="3" changeset="113576478" timestamp="2021-11-09T17:50:26Z" user="bridgeburner" uid="54265" lat="50.1288285" lon="8.6657855"/>
 <node id="318652660" visible="true" version="3" changeset="113576478" timestamp="2021-11-09T17:50:26Z" user="bridgeburner" uid="54265" lat="50.1289626" lon="8.6667363"/>
 <node id="318652664" visible="true" version="3" changeset="113576478" timestamp="2021-11-09T17:50:26Z" user="bridgeburner" uid="54265" lat="50.1289189" lon="8.6664262"/>
 <node id="318653407" visible="true" version="6" changeset="113576478" timestamp="2021-11-09T17:50:26Z" user="bridgeburner" uid="54265" lat="50.1291396" lon="8.6667033"/>
 <node id="318654445" visible="true" version="2" changeset="14003051" timestamp="2012-11-23T18:52:27Z" user="MichaH" uid="8464" lat="50.1262205" lon="8.6690289"/>
 <node id="318654448" visible="true" version="1" changeset="369833" timestamp="2008-12-14T16:18:43Z" user="MichaH" uid="8464" lat="50.1266629" lon="8.6656907"/>
 <node id="318654449" visible="true" version="3" changeset="16024160" timestamp="2013-05-08T06:57:45Z" user="zeflo" uid="467643" lat="50.1259722" lon="8.6655878"/>
 <node id="318654452" visible="true" version="2" changeset="19439447" timestamp="2013-12-13T20:39:45Z" user="mihof" uid="139202" lat="50.1263331" lon="8.6656678"/>
 <node id="318654455" visible="true" version="2" changeset="14003051" timestamp="2012-11-23T18:52:28Z" user="MichaH" uid="8464" lat="50.1257372" lon="8.6655334"/>
 <node id="318654459" visible="true" version="2" changeset="14003051" timestamp="2012-11-23T18:52:28Z" user="MichaH" uid="8464" lat="50.1249954" lon="8.6654124"/>
 <node id="318654460" visible="true" version="1" changeset="369833" timestamp="2008-12-14T16:18:44Z" user="MichaH" uid="8464" lat="50.1257571" lon="8.6651664"/>
 <node id="318654462" visible="true" version="2" changeset="14003051" timestamp="2012-11-23T18:52:28Z" user="MichaH" uid="8464" lat="50.1256946" lon="8.6666448"/>
 <node id="318654463" visible="true" version="7" changeset="151101264" timestamp="2024-05-09T13:45:45Z" user="frankfurtmapper" uid="21338930" lat="50.1257639" lon="8.6673688"/>
 <node id="318654464" visible="true" version="2" changeset="14003051" timestamp="2012-11-23T18:52:28Z" user="MichaH" uid="8464" lat="50.1259075" lon="8.6681140"/>
 <node id="318654466" visible="true" version="2" changeset="14003051" timestamp="2012-11-23T18:52:28Z" user="MichaH" uid="8464" lat="50.1261001" lon="8.6687294"/>
 <node id="318654467" visible="true" version="2" changeset="14003051" timestamp="2012-11-23T18:52:28Z" user="MichaH" uid="8464" lat="50.1257062" lon="8.6660968"/>
 <node id="318654468" visible="true" version="6" changeset="150767900" timestamp="2024-05-01T20:27:23Z" user="frankfurtmapper" uid="21338930" lat="50.1254985" lon="8.6673035"/>
 <node id="318654469" visible="true" version="7" changeset="150767900" timestamp="2024-05-01T20:27:23Z" user="frankfurtmapper" uid="21338930" lat="50.1256835" lon="8.6673947">
  <tag k="entrance" v="yes"/>
  <tag k="wheelchair" v="no"/>
 </node>
 <node id="318654471" visible="true" version="6" changeset="113565378" timestamp="2021-11-09T13:12:20Z" user="bridgeburner" uid="54265" lat="50.1255428" lon="8.6676086"/>
 <node id="318654472" visible="true" version="5" changeset="113565378" timestamp="2021-11-09T13:12:20Z" user="bridgeburner" uid="54265" lat="50.1256636" lon="8.6675277"/>
 <node id="318654473" visible="true" version="4" changeset="113565378" timestamp="2021-11-09T13:12:20Z" user="bridgeburner" uid="54265" lat="50.1255957" lon="8.6675885"/>
 <node id="318654475" visible="true" version="6" changeset="150767900" timestamp="2024-05-01T20:27:23Z" user="frankfurtmapper" uid="21338930" lat="50.1256482" lon="8.6673121"/>
 <node id="318654477" visible="true" version="5" changeset="150767900" timestamp="2024-05-01T20:27:23Z" user="frankfurtmapper" uid="21338930" lat="50.1255611" lon="8.6672842"/>
 <node id="323977598" visible="true" version="7" changeset="123089070" timestamp="2022-07-01T14:27:12Z" user="joe2812" uid="7549553" lat="50.1208591" lon="8.6575659"/>
 <node id="323984671" visible="true" version="3" changeset="20203673" timestamp="2014-01-26T01:53:45Z" user="sladen" uid="12671" lat="50.1242856" lon="8.6581228"/>
 <node id="323984673" visible="true" version="2" changeset="123134560" timestamp="2022-07-02T21:58:11Z" user="joe2812" uid="7549553" lat="50.1235682" lon="8.6583570"/>
 <node id="323984676" visible="true" version="1" changeset="688521" timestamp="2008-12-31T16:39:46Z" user="MichaH" uid="8464" lat="50.1236899" lon="8.6589001"/>
 <node id="324742735" visible="true" version="3" changeset="123134560" timestamp="2022-07-02T21:58:11Z" user="joe2812" uid="7549553" lat="50.1235760" lon="8.6641065"/>
 <node id="324742738" visible="true" version="3" changeset="123134560" timestamp="2022-07-02T21:58:11Z" user="joe2812" uid="7549553" lat="50.1236727" lon="8.6640714"/>
 <node id="324745650" visible="true" version="3" changeset="123052210" timestamp="2022-06-30T16:14:21Z" user="joe2812" uid="7549553" lat="50.1232809" lon="8.6645279"/>
 <node id="324745651" visible="true" version="3" changeset="123052210" timestamp="2022-06-30T16:14:21Z" user="joe2812" uid="7549553" lat="50.1234087" lon="8.6644770"/>
 <node id="324745652" visible="true" version="3" changeset="123052210" timestamp="2022-06-30T16:14:21Z" user="joe2812" uid="7549553" lat="50.1232374" lon="8.6643669"/>
 <node id="324745653" visible="true" version="3" changeset="123052210" timestamp="2022-06-30T16:14:21Z" user="joe2812" uid="7549553" lat="50.1233841" lon="8.6642816"/>
 <node id="335205562" visible="true" version="4" changeset="20152648" timestamp="2014-01-23T01:29:39Z" user="Bicycle Tourer" uid="1830274" lat="50.1264837" lon="8.6713457"/>
 <node id="335205564" visible="true" version="4" changeset="19145662" timestamp="2013-11-27T14:52:57Z" user="Gehrke" uid="14002" lat="50.1242427" lon="8.6578623"/>
 <node id="335205570" visible="true" version="4" changeset="153215987" timestamp="2024-06-26T18:29:05Z" user="Mah" uid="138433" lat="50.1144587" lon="8.6516215"/>
 <node id="335205577" visible="true" version="3" changeset="153215987" timestamp="2024-06-26T18:29:05Z" user="Mah" uid="138433" lat="50.1119471" lon="8.6663933"/>
 <node id="335356858" visible="true" version="3" changeset="167598535" timestamp="2025-06-14T04:29:23Z" user="unni-geo" uid="16354439" lat="50.1262194" lon="8.6600834"/>
 <node id="335356862" visible="true" version="3" changeset="5043225" timestamp="2010-06-21T14:32:39Z" user="MichaH" uid="8464" lat="50.1281260" lon="8.6592301"/>
 <node id="335381011" visible="true" version="2" changeset="1882020" timestamp="2009-07-20T09:13:01Z" user="MichaH" uid="8464" lat="50.1270842" lon="8.6600582"/>
 <node id="335569151" visible="true" version="12" changeset="167598535" timestamp="2025-06-14T04:29:23Z" user="unni-geo" uid="16354439" lat="50.1215678" lon="8.6588814">
  <tag k="barrier" v="full-height_turnstile"/>
  <tag k="bicycle" v="no"/>
  <tag k="entrance" v="no"/>
  <tag k="exit" v="yes"/>
  <tag k="fee" v="yes"/>
  <tag k="foot" v="customers"/>
  <tag k="motor_vehicle" v="no"/>
 </node>
 <node id="335589429" visible="true" version="3" changeset="11251800" timestamp="2012-04-10T12:38:14Z" user="Romanese" uid="60780" lat="50.1306914" lon="8.6616456"/>
 <node id="390464755" visible="true" version="4" changeset="123038605" timestamp="2022-06-30T10:27:16Z" user="joe2812" uid="7549553" lat="50.1235815" lon="8.6659265"/>
 <node id="390464756" visible="true" version="4" changeset="123038605" timestamp="2022-06-30T10:27:16Z" user="joe2812" uid="7549553" lat="50.1236782" lon="8.6662530"/>
 <node id="390464757" visible="true" version="4" changeset="123038605" timestamp="2022-06-30T10:27:16Z" user="joe2812" uid="7549553" lat="50.1236292" lon="8.6659099"/>
 <node id="390464758" visible="true" version="4" changeset="123038605" timestamp="2022-06-30T10:27:16Z" user="joe2812" uid="7549553" lat="50.1233582" lon="8.6660325"/>
 <node id="390464760" visible="true" version="4" changeset="123038605" timestamp="2022-06-30T10:27:16Z" user="joe2812" uid="7549553" lat="50.1234216" lon="8.6660409"/>
 <node id="390464761" visible="true" version="4" changeset="123038605" timestamp="2022-06-30T10:27:16Z" user="joe2812" uid="7549553" lat="50.1234626" lon="8.6663279"/>
 <node id="401243636" visible="true" version="4" changeset="123089070" timestamp="2022-07-01T14:27:12Z" user="joe2812" uid="7549553" lat="50.1208144" lon="8.6571525"/>
 <node id="443917020" visible="true" version="3" changeset="123134560" timestamp="2022-07-02T21:58:11Z" user="joe2812" uid="7549553" lat="50.1244876" lon="8.6644975"/>
 <node id="443917030" visible="true" version="3" changeset="123134560" timestamp="2022-07-02T21:58:11Z" user="joe2812" uid="7549553" lat="50.1245123" lon="8.6646432"/>
 <node id="443917043" visible="true" version="3" changeset="123134560" timestamp="2022-07-02T21:58:11Z" user="joe2812" uid="7549553" lat="50.1236159" lon="8.6643752"/>
 <node id="443917045" visible="true" version="3" changeset="123134560" timestamp="2022-07-02T21:58:11Z" user="joe2812" uid="7549553" lat="50.1237125" lon="8.6643403"/>
 <node id="443917255" visible="true" version="4" changeset="123095847" timestamp="2022-07-01T17:54:26Z" user="joe2812" uid="7549553" lat="50.1192406" lon="8.6550832"/>
 <node id="466542998" visible="true" version="3" changeset="151122955" timestamp="2024-05-09T23:52:17Z" user="frankfurtmapper" uid="21338930" lat="50.1264216" lon="8.6670198"/>
 <node id="466543005" visible="true" version="3" changeset="151101264" timestamp="2024-05-09T13:45:45Z" user="frankfurtmapper" uid="21338930" lat="50.1257299" lon="8.6670920"/>
 <node id="466543006" visible="true" version="4" changeset="151101264" timestamp="2024-05-09T13:45:45Z" user="frankfurtmapper" uid="21338930" lat="50.1258151" lon="8.6676502"/>
 <node id="483417656" visible="true" version="6" changeset="113576478" timestamp="2021-11-09T17:50:26Z" user="bridgeburner" uid="54265" lat="50.1293288" lon="8.6680231"/>
 <node id="534002631" visible="true" version="2" changeset="4774512" timestamp="2010-05-22T13:41:46Z" user="Oberförster" uid="263596" lat="50.1141593" lon="8.6701577"/>
 <node id="534002632" visible="true" version="3" changeset="15265447" timestamp="2013-03-06T01:34:21Z" user="JochenB" uid="71555" lat="50.1147670" lon="8.6707393"/>
 <node id="564726217" visible="true" version="4" changeset="164255859" timestamp="2025-03-29T16:12:39Z" user="mueschel" uid="616774" lat="50.1240409" lon="8.6652756"/>
 <node id="564726219" visible="true" version="2" changeset="123134560" timestamp="2022-07-02T21:58:11Z" user="joe2812" uid="7549553" lat="50.1250640" lon="8.6650052"/>
 <node id="564726220" visible="true" version="2" changeset="123134560" timestamp="2022-07-02T21:58:11Z" user="joe2812" uid="7549553" lat="50.1250214" lon="8.6650201"/>
 <node id="564726221" visible="true" version="2" changeset="123134560" timestamp="2022-07-02T21:58:11Z" user="joe2812" uid="7549553" lat="50.1250510" lon="8.6649146"/>
 <node id="564726222" visible="true" version="2" changeset="123134560" timestamp="2022-07-02T21:58:11Z" user="joe2812" uid="7549553" lat="50.1250083" lon="8.6649296"/>
 <node id="564726224" visible="true" version="3" changeset="88742200" timestamp="2020-07-30T15:52:35Z" user="hackthemap" uid="8722959" lat="50.1250966" lon="8.6651655"/>
 <node id="564726225" visible="true" version="4" changeset="164255859" timestamp="2025-03-29T16:12:39Z" user="mueschel" uid="616774" lat="50.1240742" lon="8.6655235"/>
 <node id="564726226" visible="true" version="3" changeset="88742200" timestamp="2020-07-30T15:52:35Z" user="hackthemap" uid="8722959" lat="50.1250879" lon="8.6653806"/>
 <node id="564726227" visible="true" version="2" changeset="88742200" timestamp="2020-07-30T15:52:35Z" user="hackthemap" uid="8722959" lat="50.1258036" lon="8.6646698"/>
 <node id="564726228" visible="true" version="2" changeset="9724401" timestamp="2011-11-02T18:25:28Z" user="mihof" uid="139202" lat="50.1251826" lon="8.6648941"/>
 <node id="564726230" visible="true" version="2" changeset="88742200" timestamp="2020-07-30T15:52:35Z" user="hackthemap" uid="8722959" lat="50.1257204" lon="8.6649768"/>
 <node id="564726232" visible="true" version="4" changeset="150639764" timestamp="2024-04-28T23:28:49Z" user="frankfurtmapper" uid="21338930" lat="50.1260309" lon="8.6646545"/>
 <node id="564726233" visible="true" version="4" changeset="113565378" timestamp="2021-11-09T13:12:20Z" user="bridgeburner" uid="54265" lat="50.1262027" lon="8.6649044"/>
 <node id="564726235" visible="true" version="2" changeset="88742200" timestamp="2020-07-30T15:52:35Z" user="hackthemap" uid="8722959" lat="50.1256751" lon="8.6654901"/>
 <node id="564726236" visible="true" version="6" changeset="150626171" timestamp="2024-04-28T16:16:23Z" user="frankfurtmapper" uid="21338930" lat="50.1295666" lon="8.6655278"/>
 <node id="564726237" visible="true" version="6" changeset="150626171" timestamp="2024-04-28T16:16:23Z" user="frankfurtmapper" uid="21338930" lat="50.1292393" lon="8.6655459"/>
 <node id="568583196" visible="true" version="3" changeset="113614928" timestamp="2021-11-10T16:01:35Z" user="bridgeburner" uid="54265" lat="50.1166355" lon="8.6712987"/>
 <node id="614849542" visible="true" version="5" changeset="150767900" timestamp="2024-05-01T20:27:23Z" user="frankfurtmapper" uid="21338930" lat="50.1256665" lon="8.6673382"/>
 <node id="614849543" visible="true" version="5" changeset="150767900" timestamp="2024-05-01T20:27:23Z" user="frankfurtmapper" uid="21338930" lat="50.1256102" lon="8.6672859"/>
 <node id="614849545" visible="true" version="4" changeset="113565378" timestamp="2021-11-09T13:12:20Z" user="bridgeburner" uid="54265" lat="50.1256795" lon="8.6674817"/>
 <node id="614849546" visible="true" version="4" changeset="113565378" timestamp="2021-11-09T13:12:20Z" user="bridgeburner" uid="54265" lat="50.1256309" lon="8.6675660"/>
 <node id="614878348" visible="true" version="5" changeset="64752570" timestamp="2018-11-21T19:12:53Z" user="sladen" uid="12671" lat="50.1222578" lon="8.6535474">
  <tag k="railway" v="buffer_stop"/>
 </node>
 <node id="616813861" visible="true" version="13" changeset="145463748" timestamp="2023-12-24T10:36:19Z" user="Atten007" uid="13004341" lat="50.1236201" lon="8.6649364">
  <tag k="bench" v="no"/>
  <tag k="bin" v="yes"/>
  <tag k="bus" v="yes"/>
  <tag k="highway" v="bus_stop"/>
  <tag k="lit" v="no"/>
  <tag k="name" v="Mitscherlichplatz"/>
  <tag k="network" v="Rhein-Main-Verkehrsverbund"/>
  <tag k="network:short" v="RMV"/>
  <tag k="network:wikidata" v="Q314042"/>
  <tag k="network:wikipedia" v="de:Rhein-Main-Verkehrsverbund"/>
  <tag k="operator" v="VGF"/>
  <tag k="public_transport" v="platform"/>
  <tag k="shelter" v="yes"/>
  <tag k="tactile_paving" v="yes"/>
  <tag k="wheelchair" v="yes"/>
 </node>
 <node id="619783494" visible="true" version="3" changeset="153215987" timestamp="2024-06-26T18:29:05Z" user="Mah" uid="138433" lat="50.1145102" lon="8.6515066"/>
 <node id="651850508" visible="true" version="3" changeset="113565378" timestamp="2021-11-09T13:12:20Z" user="bridgeburner" uid="54265" lat="50.1258693" lon="8.6690964"/>
 <node id="651850512" visible="true" version="3" changeset="113565378" timestamp="2021-11-09T13:12:20Z" user="bridgeburner" uid="54265" lat="50.1259056" lon="8.6690615"/>
 <node id="651850517" visible="true" version="5" changeset="113565378" timestamp="2021-11-09T13:12:20Z" user="bridgeburner" uid="54265" lat="50.1260805" lon="8.6695042"/>
 <node id="659027727" visible="true" version="5" changeset="150767900" timestamp="2024-05-01T20:27:23Z" user="frankfurtmapper" uid="21338930" lat="50.1259460" lon="8.6692985"/>
 <node id="659027728" visible="true" version="4" changeset="113565378" timestamp="2021-11-09T13:12:20Z" user="bridgeburner" uid="54265" lat="50.1259826" lon="8.6692565"/>
 <node id="659546188" visible="true" version="2" changeset="123134560" timestamp="2022-07-02T21:58:11Z" user="joe2812" uid="7549553" lat="50.1256284" lon="8.6646700"/>
 <node id="659546190" visible="true" version="2" changeset="9724382" timestamp="2011-11-02T18:24:00Z" user="mihof" uid="139202" lat="50.1256486" lon="8.6648592"/>
 <node id="659546192" visible="true" version="3" changeset="123134560" timestamp="2022-07-02T21:58:11Z" user="joe2812" uid="7549553" lat="50.1260156" lon="8.6643585"/>
 <node id="659546194" visible="true" version="4" changeset="123134560" timestamp="2022-07-02T21:58:11Z" user="joe2812" uid="7549553" lat="50.1259824" lon="8.6645074">
  <tag k="barrier" v="gate"/>
  <tag k="bicycle" v="yes"/>
  <tag k="foot" v="yes"/>
 </node>
 <node id="693147174" visible="true" version="3" changeset="123095847" timestamp="2022-07-01T17:54:26Z" user="joe2812" uid="7549553" lat="50.1192554" lon="8.6548865"/>
 <node id="693147176" visible="true" version="3" changeset="136494652" timestamp="2023-05-24T11:01:59Z" user="RGraefen" uid="3731755" lat="50.1192896" lon="8.6550920">
  <tag k="addr:city" v="Frankfurt am Main"/>
  <tag k="addr:country" v="DE"/>
  <tag k="addr:housenumber" v="69"/>
  <tag k="addr:postcode" v="60325"/>
  <tag k="addr:street" v="Schumannstraße"/>
  <tag k="entrance" v="yes"/>
 </node>
 <node id="742738626" visible="true" version="8" changeset="153931612" timestamp="2024-07-14T14:03:33Z" user="AllesMeins" uid="9459566" lat="50.1236100" lon="8.6650945">
  <tag k="crossing" v="uncontrolled"/>
  <tag k="crossing:island" v="yes"/>
  <tag k="highway" v="crossing"/>
  <tag k="kerb" v="lowered"/>
  <tag k="tactile_paving" v="no"/>
 </node>
 <node id="760309212" visible="true" version="4" changeset="64752570" timestamp="2018-11-21T19:12:56Z" user="sladen" uid="12671" lat="50.1222036" lon="8.6535100">
  <tag k="railway" v="buffer_stop"/>
 </node>
 <node id="766693009" visible="true" version="3" changeset="123134560" timestamp="2022-07-02T21:58:11Z" user="joe2812" uid="7549553" lat="50.1237308" lon="8.6654898"/>
 <node id="927980501" visible="true" version="4" changeset="150639764" timestamp="2024-04-28T23:28:49Z" user="frankfurtmapper" uid="21338930" lat="50.1263571" lon="8.6647321"/>
 <node id="1033446677" visible="true" version="10" changeset="144065683" timestamp="2023-11-15T19:23:12Z" user="ScharadaCompletesTheMap" uid="14057166" lat="50.1152330" lon="8.6710105">
  <tag k="button_operated" v="yes"/>
  <tag k="crossing" v="traffic_signals"/>
  <tag k="highway" v="crossing"/>
  <tag k="tactile_paving" v="yes"/>
  <tag k="traffic_signals:sound" v="yes"/>
  <tag k="traffic_signals:vibration" v="yes"/>
 </node>
 <node id="1112907276" visible="true" version="2" changeset="15677749" timestamp="2013-04-10T13:19:31Z" user="Romanese" uid="60780" lat="50.1265951" lon="8.6629613"/>
 <node id="1112907277" visible="true" version="2" changeset="15677749" timestamp="2013-04-10T13:19:31Z" user="Romanese" uid="60780" lat="50.1266062" lon="8.6630132"/>
 <node id="1112907278" visible="true" version="2" changeset="15677749" timestamp="2013-04-10T13:19:31Z" user="Romanese" uid="60780" lat="50.1266394" lon="8.6630428"/>
 <node id="1278334961" visible="true" version="9" changeset="141040883" timestamp="2023-09-09T21:35:28Z" user="skotek" uid="20075511" lat="50.1225016" lon="8.6584992">
  <tag k="barrier" v="full-height_turnstile"/>
  <tag k="bicycle" v="no"/>
  <tag k="entrance" v="no"/>
  <tag k="exit" v="yes"/>
  <tag k="fee" v="yes"/>
  <tag k="foot" v="customers"/>
  <tag k="motor_vehicle" v="no"/>
 </node>
 <node id="1480413769" visible="true" version="2" changeset="164255859" timestamp="2025-03-29T16:12:39Z" user="mueschel" uid="616774" lat="50.1240320" lon="8.6670951"/>
 <node id="1480413770" visible="true" version="1" changeset="9655204" timestamp="2011-10-25T19:27:34Z" user="MichaH" uid="8464" lat="50.1240706" lon="8.6671816"/>
 <node id="1480413773" visible="true" version="3" changeset="150597937" timestamp="2024-04-27T22:00:57Z" user="frankfurtmapper" uid="21338930" lat="50.1264188" lon="8.6704044"/>
 <node id="1480413775" visible="true" version="3" changeset="150597937" timestamp="2024-04-27T22:00:57Z" user="frankfurtmapper" uid="21338930" lat="50.1264451" lon="8.6704725"/>
 <node id="1480413779" visible="true" version="3" changeset="150597937" timestamp="2024-04-27T22:00:57Z" user="frankfurtmapper" uid="21338930" lat="50.1264976" lon="8.6704457"/>
 <node id="1480413787" visible="true" version="2" changeset="150639764" timestamp="2024-04-28T23:28:49Z" user="frankfurtmapper" uid="21338930" lat="50.1271695" lon="8.6707445"/>
 <node id="1480413791" visible="true" version="2" changeset="150639764" timestamp="2024-04-28T23:28:49Z" user="frankfurtmapper" uid="21338930" lat="50.1272651" lon="8.6708769"/>
 <node id="1480413795" visible="true" version="4" changeset="150767900" timestamp="2024-05-01T20:27:23Z" user="frankfurtmapper" uid="21338930" lat="50.1277238" lon="8.6707674"/>
 <node id="1480413808" visible="true" version="1" changeset="9655204" timestamp="2011-10-25T19:27:36Z" user="MichaH" uid="8464" lat="50.1282501" lon="8.6640133"/>
 <node id="1480413874" visible="true" version="1" changeset="9655204" timestamp="2011-10-25T19:27:40Z" user="MichaH" uid="8464" lat="50.1291741" lon="8.6629873"/>
 <node id="1480413880" visible="true" version="1" changeset="9655204" timestamp="2011-10-25T19:27:40Z" user="MichaH" uid="8464" lat="50.1292102" lon="8.6635177"/>
 <node id="1480414114" visible="true" version="2" changeset="160823245" timestamp="2024-12-31T08:42:59Z" user="ManuelB701" uid="16813270" lat="50.1312268" lon="8.6628409"/>
 <node id="1489869839" visible="true" version="4" changeset="51862661" timestamp="2017-09-08T20:54:35Z" user="#Reaper" uid="582183" lat="50.1275614" lon="8.6673163"/>
 <node id="1520176172" visible="true" version="2" changeset="11261110" timestamp="2012-04-11T06:53:46Z" user="Romanese" uid="60780" lat="50.1308400" lon="8.6589540"/>
 <node id="1520176175" visible="true" version="1" changeset="9971469" timestamp="2011-11-27T20:16:09Z" user="user_65364" uid="65364" lat="50.1312320" lon="8.6608240"/>
 <node id="1523930543" visible="true" version="3" changeset="153215987" timestamp="2024-06-26T18:29:05Z" user="Mah" uid="138433" lat="50.1112288" lon="8.6576355"/>
 <node id="1523930573" visible="true" version="2" changeset="153215987" timestamp="2024-06-26T18:29:05Z" user="Mah" uid="138433" lat="50.1116064" lon="8.6569745"/>
 <node id="1523930801" visible="true" version="2" changeset="153215987" timestamp="2024-06-26T18:29:05Z" user="Mah" uid="138433" lat="50.1127793" lon="8.6549211"/>
 <node id="1523930852" visible="true" version="2" changeset="153215987" timestamp="2024-06-26T18:29:05Z" user="Mah" uid="138433" lat="50.1133964" lon="8.6538692"/>
 <node id="1529247393" visible="true" version="4" changeset="143075613" timestamp="2023-10-24T17:13:21Z" user="jodd" uid="160894" lat="50.1126816" lon="8.6678025">
  <tag k="bus" v="yes"/>
  <tag k="name" v="Taunusanlage"/>
  <tag k="public_transport" v="stop_position"/>
 </node>
 <node id="1642163725" visible="true" version="3" changeset="111382556" timestamp="2021-09-18T16:34:50Z" user="Wetterauer" uid="298733" lat="50.1130380" lon="8.6683255"/>
 <node id="1709830602" visible="true" version="1" changeset="11250589" timestamp="2012-04-10T10:45:53Z" user="Romanese" uid="60780" lat="50.1294301" lon="8.6571516"/>
 <node id="1709830675" visible="true" version="2" changeset="11261110" timestamp="2012-04-11T06:53:50Z" user="Romanese" uid="60780" lat="50.1302691" lon="8.6579303"/>
 <node id="1709968920" visible="true" version="1" changeset="11251800" timestamp="2012-04-10T12:37:42Z" user="Romanese" uid="60780" lat="50.1240467" lon="8.6588041"/>
 <node id="1709968939" visible="true" version="2" changeset="102876853" timestamp="2021-04-13T16:12:01Z" user="Victor Yarema" uid="3514705" lat="50.1255559" lon="8.6618005"/>
 <node id="1709968951" visible="true" version="1" changeset="11251800" timestamp="2012-04-10T12:37:43Z" user="Romanese" uid="60780" lat="50.1258274" lon="8.6617560"/>
 <node id="1709968959" visible="true" version="1" changeset="11251800" timestamp="2012-04-10T12:37:44Z" user="Romanese" uid="60780" lat="50.1259564" lon="8.6619871"/>
 <node id="1709969125" visible="true" version="1" changeset="11251800" timestamp="2012-04-10T12:37:49Z" user="Romanese" uid="60780" lat="50.1279288" lon="8.6616964"/>
 <node id="1709969148" visible="true" version="1" changeset="11251800" timestamp="2012-04-10T12:37:50Z" user="Romanese" uid="60780" lat="50.1280786" lon="8.6618927"/>
 <node id="1712546455" visible="true" version="1" changeset="11274892" timestamp="2012-04-12T10:46:20Z" user="Romanese" uid="60780" lat="50.1253554" lon="8.6623446"/>
 <node id="1712546456" visible="true" version="1" changeset="11274892" timestamp="2012-04-12T10:46:20Z" user="Romanese" uid="60780" lat="50.1260335" lon="8.6622436"/>
 <node id="1712546458" visible="true" version="1" changeset="11274892" timestamp="2012-04-12T10:46:20Z" user="Romanese" uid="60780" lat="50.1260522" lon="8.6628970"/>
 <node id="1712546459" visible="true" version="1" changeset="11274892" timestamp="2012-04-12T10:46:20Z" user="Romanese" uid="60780" lat="50.1261300" lon="8.6625310"/>
 <node id="1712546460" visible="true" version="1" changeset="11274892" timestamp="2012-04-12T10:46:20Z" user="Romanese" uid="60780" lat="50.1261372" lon="8.6623558"/>
 <node id="1712546462" visible="true" version="1" changeset="11274892" timestamp="2012-04-12T10:46:20Z" user="Romanese" uid="60780" lat="50.1261703" lon="8.6628903"/>
 <node id="1712546463" visible="true" version="1" changeset="11274892" timestamp="2012-04-12T10:46:20Z" user="Romanese" uid="60780" lat="50.1261746" lon="8.6625737"/>
 <node id="1712546464" visible="true" version="2" changeset="17552243" timestamp="2013-08-28T10:45:21Z" user="Carsten_FfM" uid="1413853" lat="50.1262033" lon="8.6637989"/>
 <node id="1712546469" visible="true" version="1" changeset="11274892" timestamp="2012-04-12T10:46:21Z" user="Romanese" uid="60780" lat="50.1262581" lon="8.6629823"/>
 <node id="1712546470" visible="true" version="1" changeset="11274892" timestamp="2012-04-12T10:46:21Z" user="Romanese" uid="60780" lat="50.1262811" lon="8.6625759"/>
 <node id="1712546471" visible="true" version="1" changeset="11274892" timestamp="2012-04-12T10:46:21Z" user="Romanese" uid="60780" lat="50.1263027" lon="8.6622548"/>
 <node id="1712546473" visible="true" version="1" changeset="11274892" timestamp="2012-04-12T10:46:21Z" user="Romanese" uid="60780" lat="50.1263229" lon="8.6630542"/>
 <node id="1712546474" visible="true" version="1" changeset="11274892" timestamp="2012-04-12T10:46:21Z" user="Romanese" uid="60780" lat="50.1263905" lon="8.6625692"/>
 <node id="1712546476" visible="true" version="1" changeset="11274892" timestamp="2012-04-12T10:46:21Z" user="Romanese" uid="60780" lat="50.1263934" lon="8.6631014"/>
 <node id="1712546477" visible="true" version="1" changeset="11274892" timestamp="2012-04-12T10:46:21Z" user="Romanese" uid="60780" lat="50.1264496" lon="8.6620729"/>
 <node id="1712546478" visible="true" version="1" changeset="11274892" timestamp="2012-04-12T10:46:21Z" user="Romanese" uid="60780" lat="50.1265028" lon="8.6624771"/>
 <node id="1712546479" visible="true" version="3" changeset="17552243" timestamp="2013-08-28T10:45:21Z" user="Carsten_FfM" uid="1413853" lat="50.1262519" lon="8.6636453"/>
 <node id="1712546480" visible="true" version="1" changeset="11274892" timestamp="2012-04-12T10:46:21Z" user="Romanese" uid="60780" lat="50.1265287" lon="8.6629352"/>
 <node id="1712546482" visible="true" version="1" changeset="11274892" timestamp="2012-04-12T10:46:21Z" user="Romanese" uid="60780" lat="50.1265547" lon="8.6620459"/>
 <node id="1712546483" visible="true" version="1" changeset="11274892" timestamp="2012-04-12T10:46:21Z" user="Romanese" uid="60780" lat="50.1265849" lon="8.6623558"/>
 <node id="1712546484" visible="true" version="1" changeset="11274892" timestamp="2012-04-12T10:46:22Z" user="Romanese" uid="60780" lat="50.1266122" lon="8.6621941"/>
 <node id="1712546485" visible="true" version="1" changeset="11274892" timestamp="2012-04-12T10:46:22Z" user="Romanese" uid="60780" lat="50.1266338" lon="8.6630767"/>
 <node id="1712546486" visible="true" version="2" changeset="16936789" timestamp="2013-07-13T13:03:37Z" user="Carsten_FfM" uid="1413853" lat="50.1266469" lon="8.6635429"/>
 <node id="1712546487" visible="true" version="1" changeset="11274892" timestamp="2012-04-12T10:46:22Z" user="Romanese" uid="60780" lat="50.1267490" lon="8.6630340"/>
 <node id="1712546488" visible="true" version="1" changeset="11274892" timestamp="2012-04-12T10:46:22Z" user="Romanese" uid="60780" lat="50.1267908" lon="8.6629015"/>
 <node id="1712546491" visible="true" version="1" changeset="11274892" timestamp="2012-04-12T10:46:22Z" user="Romanese" uid="60780" lat="50.1268123" lon="8.6635123"/>
 <node id="1712546492" visible="true" version="1" changeset="11274892" timestamp="2012-04-12T10:46:22Z" user="Romanese" uid="60780" lat="50.1269088" lon="8.6628476"/>
 <node id="1712546494" visible="true" version="1" changeset="11274892" timestamp="2012-04-12T10:46:22Z" user="Romanese" uid="60780" lat="50.1269390" lon="8.6629195"/>
 <node id="1712546496" visible="true" version="1" changeset="11274892" timestamp="2012-04-12T10:46:22Z" user="Romanese" uid="60780" lat="50.1269765" lon="8.6629329"/>
 <node id="1712546497" visible="true" version="1" changeset="11274892" timestamp="2012-04-12T10:46:22Z" user="Romanese" uid="60780" lat="50.1269779" lon="8.6626028"/>
 <node id="1712546498" visible="true" version="3" changeset="88742200" timestamp="2020-07-30T15:52:35Z" user="hackthemap" uid="8722959" lat="50.1270022" lon="8.6624268"/>
 <node id="1712546499" visible="true" version="1" changeset="11274892" timestamp="2012-04-12T10:46:22Z" user="Romanese" uid="60780" lat="50.1270024" lon="8.6634225"/>
 <node id="1712546500" visible="true" version="1" changeset="11274892" timestamp="2012-04-12T10:46:22Z" user="Romanese" uid="60780" lat="50.1270096" lon="8.6628027"/>
 <node id="1712546502" visible="true" version="1" changeset="11274892" timestamp="2012-04-12T10:46:22Z" user="Romanese" uid="60780" lat="50.1270412" lon="8.6622862"/>
 <node id="1712546505" visible="true" version="1" changeset="11274892" timestamp="2012-04-12T10:46:23Z" user="Romanese" uid="60780" lat="50.1271175" lon="8.6622009"/>
 <node id="1712546506" visible="true" version="2" changeset="16945005" timestamp="2013-07-14T06:50:39Z" user="Carsten_FfM" uid="1413853" lat="50.1271557" lon="8.6621856"/>
 <node id="1712546512" visible="true" version="1" changeset="11274892" timestamp="2012-04-12T10:46:23Z" user="Romanese" uid="60780" lat="50.1272241" lon="8.6626478"/>
 <node id="1712546514" visible="true" version="1" changeset="11274892" timestamp="2012-04-12T10:46:23Z" user="Romanese" uid="60780" lat="50.1272442" lon="8.6626837"/>
 <node id="1712546515" visible="true" version="1" changeset="11274892" timestamp="2012-04-12T10:46:23Z" user="Romanese" uid="60780" lat="50.1272500" lon="8.6634045"/>
 <node id="1712546517" visible="true" version="2" changeset="16945005" timestamp="2013-07-14T06:50:39Z" user="Carsten_FfM" uid="1413853" lat="50.1272142" lon="8.6625360"/>
 <node id="1712546518" visible="true" version="2" changeset="16945005" timestamp="2013-07-14T06:50:39Z" user="Carsten_FfM" uid="1413853" lat="50.1271754" lon="8.6622456"/>
 <node id="1712546520" visible="true" version="2" changeset="17552440" timestamp="2013-08-28T11:00:44Z" user="Carsten_FfM" uid="1413853" lat="50.1272994" lon="8.6642309"/>
 <node id="1712546521" visible="true" version="1" changeset="11274892" timestamp="2012-04-12T10:46:23Z" user="Romanese" uid="60780" lat="50.1273133" lon="8.6634225"/>
 <node id="1712546522" visible="true" version="1" changeset="11274892" timestamp="2012-04-12T10:46:23Z" user="Romanese" uid="60780" lat="50.1273335" lon="8.6626522"/>
 <node id="1712546523" visible="true" version="2" changeset="16945005" timestamp="2013-07-14T06:50:39Z" user="Carsten_FfM" uid="1413853" lat="50.1272034" lon="8.6624130"/>
 <node id="1712546525" visible="true" version="2" changeset="16945005" timestamp="2013-07-14T06:50:39Z" user="Carsten_FfM" uid="1413853" lat="50.1272389" lon="8.6622499"/>
 <node id="1712546528" visible="true" version="2" changeset="17552440" timestamp="2013-08-28T11:00:44Z" user="Carsten_FfM" uid="1413853" lat="50.1273633" lon="8.6640740"/>
 <node id="1712546529" visible="true" version="2" changeset="16945005" timestamp="2013-07-14T06:50:39Z" user="Carsten_FfM" uid="1413853" lat="50.1271942" lon="8.6623714"/>
 <node id="1712546530" visible="true" version="1" changeset="11274892" timestamp="2012-04-12T10:46:24Z" user="Romanese" uid="60780" lat="50.1273738" lon="8.6626859"/>
 <node id="1712546531" visible="true" version="1" changeset="11274892" timestamp="2012-04-12T10:46:24Z" user="Romanese" uid="60780" lat="50.1273882" lon="8.6635482"/>
 <node id="1712546532" visible="true" version="1" changeset="11274892" timestamp="2012-04-12T10:46:24Z" user="Romanese" uid="60780" lat="50.1273940" lon="8.6638716"/>
 <node id="1712546533" visible="true" version="1" changeset="11274892" timestamp="2012-04-12T10:46:24Z" user="Romanese" uid="60780" lat="50.1273997" lon="8.6625085"/>
 <node id="1712546534" visible="true" version="1" changeset="11274892" timestamp="2012-04-12T10:46:24Z" user="Romanese" uid="60780" lat="50.1274055" lon="8.6626298"/>
 <node id="1712546535" visible="true" version="1" changeset="11274892" timestamp="2012-04-12T10:46:24Z" user="Romanese" uid="60780" lat="50.1274227" lon="8.6637189"/>
 <node id="1712546536" visible="true" version="1" changeset="11274892" timestamp="2012-04-12T10:46:24Z" user="Romanese" uid="60780" lat="50.1274357" lon="8.6622525"/>
 <node id="1712546537" visible="true" version="1" changeset="11274892" timestamp="2012-04-12T10:46:24Z" user="Romanese" uid="60780" lat="50.1274688" lon="8.6621425"/>
 <node id="1712546538" visible="true" version="1" changeset="11274892" timestamp="2012-04-12T10:46:24Z" user="Romanese" uid="60780" lat="50.1274774" lon="8.6623087"/>
 <node id="1712546539" visible="true" version="1" changeset="11274892" timestamp="2012-04-12T10:46:24Z" user="Romanese" uid="60780" lat="50.1274818" lon="8.6620302"/>
 <node id="1712546540" visible="true" version="1" changeset="11274892" timestamp="2012-04-12T10:46:24Z" user="Romanese" uid="60780" lat="50.1274918" lon="8.6624434"/>
 <node id="1712546541" visible="true" version="1" changeset="11274892" timestamp="2012-04-12T10:46:24Z" user="Romanese" uid="60780" lat="50.1275192" lon="8.6619157"/>
 <node id="1712546542" visible="true" version="1" changeset="11274892" timestamp="2012-04-12T10:46:24Z" user="Romanese" uid="60780" lat="50.1275192" lon="8.6623805"/>
 <node id="1712546547" visible="true" version="1" changeset="11274892" timestamp="2012-04-12T10:46:25Z" user="Romanese" uid="60780" lat="50.1275984" lon="8.6618888"/>
 <node id="1712546550" visible="true" version="2" changeset="99764776" timestamp="2021-02-22T18:16:38Z" user="corrector_91" uid="3418742" lat="50.1276663" lon="8.6619248"/>
 <node id="1712546551" visible="true" version="2" changeset="99764776" timestamp="2021-02-22T18:16:38Z" user="corrector_91" uid="3418742" lat="50.1277290" lon="8.6618380"/>
 <node id="1712546553" visible="true" version="2" changeset="99764776" timestamp="2021-02-22T18:16:38Z" user="corrector_91" uid="3418742" lat="50.1278195" lon="8.6617056"/>
 <node id="1712546557" visible="true" version="1" changeset="11274892" timestamp="2012-04-12T10:46:25Z" user="Romanese" uid="60780" lat="50.1278532" lon="8.6616372"/>
 <node id="1712546558" visible="true" version="1" changeset="11274892" timestamp="2012-04-12T10:46:25Z" user="Romanese" uid="60780" lat="50.1279102" lon="8.6631609"/>
 <node id="1712546559" visible="true" version="1" changeset="11274892" timestamp="2012-04-12T10:46:25Z" user="Romanese" uid="60780" lat="50.1279265" lon="8.6624178"/>
 <node id="1712546560" visible="true" version="1" changeset="11274892" timestamp="2012-04-12T10:46:25Z" user="Romanese" uid="60780" lat="50.1279387" lon="8.6623162"/>
 <node id="1712546562" visible="true" version="1" changeset="11274892" timestamp="2012-04-12T10:46:25Z" user="Romanese" uid="60780" lat="50.1279591" lon="8.6629894"/>
 <node id="1712546563" visible="true" version="1" changeset="11274892" timestamp="2012-04-12T10:46:25Z" user="Romanese" uid="60780" lat="50.1279713" lon="8.6625257"/>
 <node id="1712546564" visible="true" version="1" changeset="11274892" timestamp="2012-04-12T10:46:25Z" user="Romanese" uid="60780" lat="50.1279754" lon="8.6631799"/>
 <node id="1712546565" visible="true" version="1" changeset="11274892" timestamp="2012-04-12T10:46:25Z" user="Romanese" uid="60780" lat="50.1279917" lon="8.6626401"/>
 <node id="1712546567" visible="true" version="1" changeset="11274892" timestamp="2012-04-12T10:46:25Z" user="Romanese" uid="60780" lat="50.1279957" lon="8.6622209"/>
 <node id="1712546568" visible="true" version="1" changeset="11274892" timestamp="2012-04-12T10:46:25Z" user="Romanese" uid="60780" lat="50.1280161" lon="8.6627417"/>
 <node id="1712546569" visible="true" version="1" changeset="11274892" timestamp="2012-04-12T10:46:25Z" user="Romanese" uid="60780" lat="50.1280202" lon="8.6628941"/>
 <node id="1712546572" visible="true" version="1" changeset="11274892" timestamp="2012-04-12T10:46:25Z" user="Romanese" uid="60780" lat="50.1280650" lon="8.6621256"/>
 <node id="1712546574" visible="true" version="1" changeset="11274892" timestamp="2012-04-12T10:46:26Z" user="Romanese" uid="60780" lat="50.1281179" lon="8.6631799"/>
 <node id="1712546575" visible="true" version="1" changeset="11274892" timestamp="2012-04-12T10:46:26Z" user="Romanese" uid="60780" lat="50.1282441" lon="8.6632435"/>
 <node id="1712546576" visible="true" version="2" changeset="99764776" timestamp="2021-02-22T18:16:38Z" user="corrector_91" uid="3418742" lat="50.1284289" lon="8.6636452"/>
 <node id="1754404857" visible="true" version="1" changeset="11610063" timestamp="2012-05-15T23:44:14Z" user="oha" uid="8204" lat="50.1251107" lon="8.6662287">
  <tag k="natural" v="tree"/>
 </node>
 <node id="1852774960" visible="true" version="9" changeset="153929353" timestamp="2024-07-14T12:51:53Z" user="Kartibu" uid="2350365" lat="50.1141164" lon="8.6701000">
  <tag k="button_operated" v="yes"/>
  <tag k="check_date:tactile_paving" v="2023-09-05"/>
  <tag k="crossing" v="traffic_signals"/>
  <tag k="highway" v="crossing"/>
  <tag k="tactile_paving" v="no"/>
  <tag k="traffic_signals:sound" v="no"/>
  <tag k="traffic_signals:vibration" v="no"/>
 </node>
 <node id="2018746344" visible="true" version="5" changeset="113564564" timestamp="2021-11-09T12:51:19Z" user="bridgeburner" uid="54265" lat="50.1279530" lon="8.6660530"/>
 <node id="2018759832" visible="true" version="1" changeset="13911333" timestamp="2012-11-17T21:25:16Z" user="mihof" uid="139202" lat="50.1290802" lon="8.6627210"/>
 <node id="2018759842" visible="true" version="1" changeset="13911333" timestamp="2012-11-17T21:25:16Z" user="mihof" uid="139202" lat="50.1291727" lon="8.6629871"/>
 <node id="2028619455" visible="true" version="3" changeset="150838343" timestamp="2024-05-03T13:36:42Z" user="frankfurtmapper" uid="21338930" lat="50.1251796" lon="8.6674064"/>
 <node id="2028619459" visible="true" version="3" changeset="113565378" timestamp="2021-11-09T13:12:20Z" user="bridgeburner" uid="54265" lat="50.1255278" lon="8.6672436"/>
 <node id="2028619460" visible="true" version="4" changeset="150767900" timestamp="2024-05-01T20:27:23Z" user="frankfurtmapper" uid="21338930" lat="50.1255828" lon="8.6676404"/>
 <node id="2028619492" visible="true" version="3" changeset="151101264" timestamp="2024-05-09T13:45:45Z" user="frankfurtmapper" uid="21338930" lat="50.1272621" lon="8.6646313"/>
 <node id="2187906515" visible="true" version="8" changeset="153929353" timestamp="2024-07-14T12:51:53Z" user="Kartibu" uid="2350365" lat="50.1131272" lon="8.6684606">
  <tag k="button_operated" v="yes"/>
  <tag k="crossing" v="traffic_signals"/>
  <tag k="highway" v="traffic_signals"/>
  <tag k="tactile_paving" v="no"/>
  <tag k="traffic_signals:sound" v="no"/>
  <tag k="traffic_signals:vibration" v="yes"/>
 </node>
 <node id="2194701534" visible="true" version="1" changeset="15319374" timestamp="2013-03-10T18:33:00Z" user="mueschel" uid="616774" lat="50.1177488" lon="8.6787725"/>
 <node id="2200383902" visible="true" version="1" changeset="15356839" timestamp="2013-03-13T21:45:08Z" user="mueschel" uid="616774" lat="50.1166397" lon="8.6720126"/>
 <node id="2261555820" visible="true" version="3" changeset="151101264" timestamp="2024-05-09T13:45:45Z" user="frankfurtmapper" uid="21338930" lat="50.1259754" lon="8.6642687"/>
 <node id="2261555823" visible="true" version="1" changeset="15677749" timestamp="2013-04-10T13:19:13Z" user="Romanese" uid="60780" lat="50.1265444" lon="8.6638196"/>
 <node id="2261555824" visible="true" version="1" changeset="15677749" timestamp="2013-04-10T13:19:13Z" user="Romanese" uid="60780" lat="50.1265630" lon="8.6629113"/>
 <node id="2261555825" visible="true" version="2" changeset="17552379" timestamp="2013-08-28T10:55:50Z" user="Carsten_FfM" uid="1413853" lat="50.1265922" lon="8.6640087"/>
 <node id="2261555826" visible="true" version="1" changeset="15677749" timestamp="2013-04-10T13:19:13Z" user="Romanese" uid="60780" lat="50.1267743" lon="8.6641554"/>
 <node id="2261555827" visible="true" version="1" changeset="15677749" timestamp="2013-04-10T13:19:13Z" user="Romanese" uid="60780" lat="50.1269797" lon="8.6641477"/>
 <node id="2261555828" visible="true" version="2" changeset="150639764" timestamp="2024-04-28T23:28:49Z" user="frankfurtmapper" uid="21338930" lat="50.1272394" lon="8.6643630"/>
 <node id="2276931075" visible="true" version="1" changeset="15823884" timestamp="2013-04-22T12:29:25Z" user="AndreWallat" uid="1317598" lat="50.1271775" lon="8.6643975"/>
 <node id="2276931079" visible="true" version="1" changeset="15823884" timestamp="2013-04-22T12:29:25Z" user="AndreWallat" uid="1317598" lat="50.1268886" lon="8.6643995"/>
 <node id="2349334436" visible="true" version="4" changeset="67384214" timestamp="2019-02-20T09:35:32Z" user="LWillms" uid="2454063" lat="50.1253586" lon="8.6658124">
  <tag k="amenity" v="library"/>
  <tag k="contact:email" v="bzg-info@ub.uni-frankfurt.de"/>
  <tag k="contact:website" v="https://www.ub.uni-frankfurt.de/bzg/"/>
  <tag k="level" v="Q1_(Querbau_1)"/>
  <tag k="name" v="Bibliothekszentrum Geisteswissenschaften (BzG)"/>
  <tag k="source" v="https://www.ub.uni-frankfurt.de/bzg/"/>
  <tag k="wheelchair" v="yes"/>
 </node>
 <node id="2383519408" visible="true" version="2" changeset="34842876" timestamp="2015-10-24T15:33:54Z" user="MichaH" uid="8464" lat="50.1137305" lon="8.6695066"/>
 <node id="2383544624" visible="true" version="2" changeset="111382556" timestamp="2021-09-18T16:34:50Z" user="Wetterauer" uid="298733" lat="50.1126464" lon="8.6677519"/>
 <node id="2383544626" visible="true" version="1" changeset="16940096" timestamp="2013-07-13T18:31:26Z" user="rab" uid="36894" lat="50.1150002" lon="8.6709033"/>
 <node id="2383544629" visible="true" version="1" changeset="16940096" timestamp="2013-07-13T18:31:27Z" user="rab" uid="36894" lat="50.1151262" lon="8.6709716"/>
 <node id="2383922101" visible="true" version="1" changeset="16945005" timestamp="2013-07-14T06:50:38Z" user="Carsten_FfM" uid="1413853" lat="50.1272653" lon="8.6623349"/>
 <node id="2435079368" visible="true" version="1" changeset="17552243" timestamp="2013-08-28T10:45:20Z" user="Carsten_FfM" uid="1413853" lat="50.1262792" lon="8.6636671"/>
 <node id="2435079369" visible="true" version="1" changeset="17552243" timestamp="2013-08-28T10:45:20Z" user="Carsten_FfM" uid="1413853" lat="50.1263017" lon="8.6637282"/>
 <node id="2435079370" visible="true" version="1" changeset="17552243" timestamp="2013-08-28T10:45:20Z" user="Carsten_FfM" uid="1413853" lat="50.1263325" lon="8.6637682"/>
 <node id="2435079371" visible="true" version="1" changeset="17552243" timestamp="2013-08-28T10:45:20Z" user="Carsten_FfM" uid="1413853" lat="50.1264352" lon="8.6637322"/>
 <node id="2435079372" visible="true" version="1" changeset="17552243" timestamp="2013-08-28T10:45:20Z" user="Carsten_FfM" uid="1413853" lat="50.1264801" lon="8.6636341"/>
 <node id="2435095113" visible="true" version="1" changeset="17552440" timestamp="2013-08-28T11:00:43Z" user="Carsten_FfM" uid="1413853" lat="50.1273416" lon="8.6642027"/>
 <node id="2486803125" visible="true" version="2" changeset="150639764" timestamp="2024-04-28T23:28:49Z" user="frankfurtmapper" uid="21338930" lat="50.1270966" lon="8.6701470"/>
 <node id="2557535756" visible="true" version="2" changeset="149300453" timestamp="2024-03-29T08:33:19Z" user="skotek" uid="20075511" lat="50.1233900" lon="8.6647873"/>
 <node id="2557535758" visible="true" version="2" changeset="149300453" timestamp="2024-03-29T08:33:19Z" user="skotek" uid="20075511" lat="50.1234025" lon="8.6648429"/>
 <node id="2557535759" visible="true" version="5" changeset="153931612" timestamp="2024-07-14T14:03:44Z" user="AllesMeins" uid="9459566" lat="50.1233968" lon="8.6649645">
  <tag k="crossing" v="uncontrolled"/>
  <tag k="highway" v="crossing"/>
  <tag k="kerb" v="lowered"/>
  <tag k="tactile_paving" v="no"/>
 </node>
 <node id="2557535761" visible="true" version="3" changeset="149300453" timestamp="2024-03-29T08:33:19Z" user="skotek" uid="20075511" lat="50.1234310" lon="8.6646526"/>
 <node id="2557535763" visible="true" version="2" changeset="149300453" timestamp="2024-03-29T08:33:19Z" user="skotek" uid="20075511" lat="50.1234641" lon="8.6646368"/>
 <node id="2557535765" visible="true" version="2" changeset="149300453" timestamp="2024-03-29T08:33:19Z" user="skotek" uid="20075511" lat="50.1234633" lon="8.6649196"/>
 <node id="2557535768" visible="true" version="2" changeset="149300453" timestamp="2024-03-29T08:33:19Z" user="skotek" uid="20075511" lat="50.1235001" lon="8.6649195"/>
 <node id="2557535770" visible="true" version="8" changeset="153931612" timestamp="2024-07-14T14:05:01Z" user="AllesMeins" uid="9459566" lat="50.1234979" lon="8.6645057">
  <tag k="crossing" v="uncontrolled"/>
  <tag k="crossing:island" v="no"/>
  <tag k="highway" v="crossing"/>
  <tag k="kerb" v="lowered"/>
  <tag k="tactile_paving" v="no"/>
 </node>
 <node id="2557535772" visible="true" version="2" changeset="149300453" timestamp="2024-03-29T08:33:19Z" user="skotek" uid="20075511" lat="50.1235462" lon="8.6648669"/>
 <node id="2557535774" visible="true" version="2" changeset="149300453" timestamp="2024-03-29T08:33:19Z" user="skotek" uid="20075511" lat="50.1235615" lon="8.6647100"/>
 <node id="2557535776" visible="true" version="1" changeset="19182853" timestamp="2013-11-29T18:12:08Z" user="MichaH" uid="8464" lat="50.1235794" lon="8.6649796"/>
 <node id="2557535778" visible="true" version="2" changeset="149300453" timestamp="2024-03-29T08:33:19Z" user="skotek" uid="20075511" lat="50.1235732" lon="8.6647655"/>
 <node id="2557535779" visible="true" version="6" changeset="153931612" timestamp="2024-07-14T14:05:07Z" user="AllesMeins" uid="9459566" lat="50.1235994" lon="8.6646450">
  <tag k="crossing" v="uncontrolled"/>
  <tag k="crossing:island" v="no"/>
  <tag k="highway" v="crossing"/>
  <tag k="kerb" v="lowered"/>
  <tag k="tactile_paving" v="no"/>
 </node>
 <node id="2558987528" visible="true" version="3" changeset="123038605" timestamp="2022-06-30T10:27:16Z" user="joe2812" uid="7549553" lat="50.1233510" lon="8.6659814"/>
 <node id="2558987530" visible="true" version="2" changeset="123038605" timestamp="2022-06-30T10:27:16Z" user="joe2812" uid="7549553" lat="50.1233140" lon="8.6660484"/>
 <node id="2558987534" visible="true" version="2" changeset="123038605" timestamp="2022-06-30T10:27:16Z" user="joe2812" uid="7549553" lat="50.1233607" lon="8.6663651"/>
 <node id="2558987536" visible="true" version="2" changeset="123038605" timestamp="2022-06-30T10:27:16Z" user="joe2812" uid="7549553" lat="50.1234783" lon="8.6651506"/>
 <node id="2558987538" visible="true" version="2" changeset="123038605" timestamp="2022-06-30T10:27:16Z" user="joe2812" uid="7549553" lat="50.1234961" lon="8.6652721"/>
 <node id="2558987543" visible="true" version="3" changeset="123038605" timestamp="2022-06-30T10:27:16Z" user="joe2812" uid="7549553" lat="50.1235172" lon="8.6658517"/>
 <node id="2558987545" visible="true" version="2" changeset="123038605" timestamp="2022-06-30T10:27:16Z" user="joe2812" uid="7549553" lat="50.1235261" lon="8.6651557"/>
 <node id="2558987547" visible="true" version="2" changeset="123038605" timestamp="2022-06-30T10:27:16Z" user="joe2812" uid="7549553" lat="50.1235407" lon="8.6652567"/>
 <node id="2558987549" visible="true" version="3" changeset="123038605" timestamp="2022-06-30T10:27:16Z" user="joe2812" uid="7549553" lat="50.1235754" lon="8.6658314"/>
 <node id="2558987564" visible="true" version="2" changeset="123134560" timestamp="2022-07-02T21:58:11Z" user="joe2812" uid="7549553" lat="50.1242793" lon="8.6645846"/>
 <node id="2558987567" visible="true" version="2" changeset="123134560" timestamp="2022-07-02T21:58:11Z" user="joe2812" uid="7549553" lat="50.1250588" lon="8.6644702"/>
 <node id="2558987569" visible="true" version="2" changeset="123134560" timestamp="2022-07-02T21:58:11Z" user="joe2812" uid="7549553" lat="50.1250618" lon="8.6644877"/>
 <node id="2558987571" visible="true" version="2" changeset="123134560" timestamp="2022-07-02T21:58:11Z" user="joe2812" uid="7549553" lat="50.1251872" lon="8.6644166"/>
 <node id="2558987573" visible="true" version="2" changeset="123134560" timestamp="2022-07-02T21:58:11Z" user="joe2812" uid="7549553" lat="50.1251904" lon="8.6644353"/>
 <node id="2558987575" visible="true" version="2" changeset="123134560" timestamp="2022-07-02T21:58:11Z" user="joe2812" uid="7549553" lat="50.1253982" lon="8.6643093"/>
 <node id="2558987577" visible="true" version="2" changeset="123134560" timestamp="2022-07-02T21:58:11Z" user="joe2812" uid="7549553" lat="50.1254042" lon="8.6643449"/>
 <node id="2564313600" visible="true" version="3" changeset="113567300" timestamp="2021-11-09T14:07:26Z" user="bridgeburner" uid="54265" lat="50.1274689" lon="8.6687826"/>
 <node id="2564313602" visible="true" version="2" changeset="113567300" timestamp="2021-11-09T14:07:26Z" user="bridgeburner" uid="54265" lat="50.1274562" lon="8.6688632"/>
 <node id="2564313606" visible="true" version="4" changeset="151101264" timestamp="2024-05-09T13:45:45Z" user="frankfurtmapper" uid="21338930" lat="50.1271022" lon="8.6695438"/>
 <node id="2564313608" visible="true" version="3" changeset="113567300" timestamp="2021-11-09T14:07:26Z" user="bridgeburner" uid="54265" lat="50.1281382" lon="8.6685107"/>
 <node id="2564313609" visible="true" version="3" changeset="113567300" timestamp="2021-11-09T14:07:26Z" user="bridgeburner" uid="54265" lat="50.1277000" lon="8.6686561"/>
 <node id="2588222774" visible="true" version="1" changeset="19554914" timestamp="2013-12-20T19:02:08Z" user="MichaH" uid="8464" lat="50.1239273" lon="8.6672053"/>
 <node id="2633091481" visible="true" version="2" changeset="113567300" timestamp="2021-11-09T14:07:26Z" user="bridgeburner" uid="54265" lat="50.1244714" lon="8.6703365"/>
 <node id="2633091484" visible="true" version="2" changeset="123023239" timestamp="2022-06-30T00:20:41Z" user="joe2812" uid="7549553" lat="50.1262063" lon="8.6711156"/>
 <node id="2633091488" visible="true" version="2" changeset="150597937" timestamp="2024-04-27T22:00:57Z" user="frankfurtmapper" uid="21338930" lat="50.1263484" lon="8.6705612"/>
 <node id="2633091510" visible="true" version="1" changeset="20152648" timestamp="2014-01-23T01:29:09Z" user="Bicycle Tourer" uid="1830274" lat="50.1267929" lon="8.6715601"/>
 <node id="2633091567" visible="true" version="2" changeset="150639764" timestamp="2024-04-28T23:28:49Z" user="frankfurtmapper" uid="21338930" lat="50.1273601" lon="8.6710261"/>
 <node id="2633091583" visible="true" version="1" changeset="20152648" timestamp="2014-01-23T01:29:10Z" user="Bicycle Tourer" uid="1830274" lat="50.1278330" lon="8.6727830"/>
 <node id="2637722031" visible="true" version="2" changeset="125692053" timestamp="2022-09-02T10:27:42Z" user="coolmad" uid="479755" lat="50.1293464" lon="8.6646536"/>
 <node id="2637722051" visible="true" version="2" changeset="125692053" timestamp="2022-09-02T10:27:42Z" user="coolmad" uid="479755" lat="50.1291739" lon="8.6630036"/>
 <node id="2683126672" visible="true" version="4" changeset="113564564" timestamp="2021-11-09T12:51:19Z" user="bridgeburner" uid="54265" lat="50.1273069" lon="8.6662762"/>
 <node id="2728284172" visible="true" version="5" changeset="150638279" timestamp="2024-04-28T22:04:33Z" user="frankfurtmapper" uid="21338930" lat="50.1270933" lon="8.6663507">
  <tag k="barrier" v="bollard"/>
 </node>
 <node id="2728284173" visible="true" version="2" changeset="113564564" timestamp="2021-11-09T12:51:19Z" user="bridgeburner" uid="54265" lat="50.1269735" lon="8.6663962"/>
 <node id="2728284175" visible="true" version="1" changeset="21204907" timestamp="2014-03-20T06:52:24Z" user="zeflo" uid="467643" lat="50.1263145" lon="8.6658941"/>
 <node id="2728284176" visible="true" version="1" changeset="21204907" timestamp="2014-03-20T06:52:24Z" user="zeflo" uid="467643" lat="50.1266037" lon="8.6649643"/>
 <node id="2728284177" visible="true" version="2" changeset="168038287" timestamp="2025-06-24T09:09:52Z" user="saitam" uid="90020" lat="50.1240745" lon="8.6661510">
  <tag k="leaf_type" v="broadleaved"/>
  <tag k="natural" v="tree"/>
 </node>
 <node id="2753989495" visible="true" version="2" changeset="123095847" timestamp="2022-07-01T17:54:26Z" user="joe2812" uid="7549553" lat="50.1192566" lon="8.6548654"/>
 <node id="2753989560" visible="true" version="2" changeset="123095847" timestamp="2022-07-01T17:54:26Z" user="joe2812" uid="7549553" lat="50.1196871" lon="8.6551636"/>
 <node id="2939333088" visible="true" version="1" changeset="23273993" timestamp="2014-06-29T17:02:58Z" user="Eljot8472" uid="1749482" lat="50.1176436" lon="8.6779939"/>
 <node id="2939333089" visible="true" version="1" changeset="23273993" timestamp="2014-06-29T17:02:58Z" user="Eljot8472" uid="1749482" lat="50.1180526" lon="8.6765390"/>
 <node id="2939573426" visible="true" version="2" changeset="23381329" timestamp="2014-06-30T19:01:43Z" user="Eljot8472" uid="1749482" lat="50.1172373" lon="8.6752646"/>
 <node id="2939573427" visible="true" version="1" changeset="23281898" timestamp="2014-06-29T19:38:56Z" user="Eljot8472" uid="1749482" lat="50.1180138" lon="8.6762897"/>
 <node id="2940917199" visible="true" version="1" changeset="23381329" timestamp="2014-06-30T19:01:43Z" user="Eljot8472" uid="1749482" lat="50.1175052" lon="8.6756400"/>
 <node id="2946695325" visible="true" version="1" changeset="23909770" timestamp="2014-07-03T22:29:33Z" user="Eljot8472" uid="1749482" lat="50.1168218" lon="8.6744074"/>
 <node id="2955137591" visible="true" version="3" changeset="113567300" timestamp="2021-11-09T14:07:26Z" user="bridgeburner" uid="54265" lat="50.1280239" lon="8.6685517"/>
 <node id="2955137593" visible="true" version="2" changeset="113567300" timestamp="2021-11-09T14:07:26Z" user="bridgeburner" uid="54265" lat="50.1276054" lon="8.6697694"/>
 <node id="2955137595" visible="true" version="2" changeset="113567300" timestamp="2021-11-09T14:07:26Z" user="bridgeburner" uid="54265" lat="50.1276406" lon="8.6700111"/>
 <node id="2973644711" visible="true" version="1" changeset="24281612" timestamp="2014-07-21T20:28:35Z" user="HoloDuke" uid="75317" lat="50.1283095" lon="8.6703596"/>
 <node id="3017916141" visible="true" version="1" changeset="24766326" timestamp="2014-08-15T12:38:13Z" user="zeflo" uid="467643" lat="50.1233281" lon="8.6654857"/>
 <node id="3017916142" visible="true" version="1" changeset="24766326" timestamp="2014-08-15T12:38:13Z" user="zeflo" uid="467643" lat="50.1233178" lon="8.6653897"/>
 <node id="3017916143" visible="true" version="2" changeset="123134560" timestamp="2022-07-02T21:58:11Z" user="joe2812" uid="7549553" lat="50.1236558" lon="8.6654019"/>
 <node id="3131338268" visible="true" version="3" changeset="150639764" timestamp="2024-04-28T23:28:49Z" user="frankfurtmapper" uid="21338930" lat="50.1250515" lon="8.6648428"/>
 <node id="3131338269" visible="true" version="3" changeset="150767900" timestamp="2024-05-01T20:27:23Z" user="frankfurtmapper" uid="21338930" lat="50.1249372" lon="8.6656764"/>
 <node id="3131338285" visible="true" version="2" changeset="113567300" timestamp="2021-11-09T14:07:26Z" user="bridgeburner" uid="54265" lat="50.1293633" lon="8.6654527"/>
 <node id="3194334736" visible="true" version="1" changeset="26871433" timestamp="2014-11-18T19:16:58Z" user="MichaH" uid="8464" lat="50.1208450" lon="8.6755294"/>
 <node id="3194334737" visible="true" version="1" changeset="26871433" timestamp="2014-11-18T19:16:58Z" user="MichaH" uid="8464" lat="50.1208785" lon="8.6757748"/>
 <node id="3194334738" visible="true" version="1" changeset="26871433" timestamp="2014-11-18T19:16:58Z" user="MichaH" uid="8464" lat="50.1208799" lon="8.6747922"/>
 <node id="3194334740" visible="true" version="1" changeset="26871433" timestamp="2014-11-18T19:16:58Z" user="MichaH" uid="8464" lat="50.1209919" lon="8.6725245"/>
 <node id="3194334741" visible="true" version="1" changeset="26871433" timestamp="2014-11-18T19:16:58Z" user="MichaH" uid="8464" lat="50.1211094" lon="8.6719192"/>
 <node id="3194334749" visible="true" version="1" changeset="26871433" timestamp="2014-11-18T19:16:58Z" user="MichaH" uid="8464" lat="50.1218528" lon="8.6694532"/>
 <node id="3194334757" visible="true" version="1" changeset="26871433" timestamp="2014-11-18T19:16:58Z" user="MichaH" uid="8464" lat="50.1225607" lon="8.6669383"/>
 <node id="3194334764" visible="true" version="1" changeset="26871433" timestamp="2014-11-18T19:16:58Z" user="MichaH" uid="8464" lat="50.1231100" lon="8.6617336"/>
 <node id="3194334765" visible="true" version="1" changeset="26871433" timestamp="2014-11-18T19:16:58Z" user="MichaH" uid="8464" lat="50.1231319" lon="8.6583278"/>
 <node id="3194334769" visible="true" version="1" changeset="26871433" timestamp="2014-11-18T19:16:58Z" user="MichaH" uid="8464" lat="50.1234844" lon="8.6647345"/>
 <node id="3194334784" visible="true" version="1" changeset="26871433" timestamp="2014-11-18T19:16:59Z" user="MichaH" uid="8464" lat="50.1259713" lon="8.6564224"/>
 <node id="3194334785" visible="true" version="1" changeset="26871433" timestamp="2014-11-18T19:16:59Z" user="MichaH" uid="8464" lat="50.1259740" lon="8.6572280"/>
 <node id="3194334790" visible="true" version="1" changeset="26871433" timestamp="2014-11-18T19:16:59Z" user="MichaH" uid="8464" lat="50.1266272" lon="8.6558043"/>
 <node id="3404674657" visible="true" version="2" changeset="128202096" timestamp="2022-10-29T08:58:29Z" user="user_10241830" uid="10241830" lat="50.1231224" lon="8.6656133">
  <tag k="bus" v="yes"/>
  <tag k="name" v="Mitscherlichplatz"/>
  <tag k="public_transport" v="stop_position"/>
 </node>
 <node id="3404674658" visible="true" version="2" changeset="123134560" timestamp="2022-07-02T21:58:11Z" user="joe2812" uid="7549553" lat="50.1236244" lon="8.6651889">
  <tag k="bus" v="yes"/>
  <tag k="name" v="Mitscherlichplatz"/>
  <tag k="public_transport" v="stop_position"/>
 </node>
 <node id="3407078217" visible="true" version="2" changeset="112945580" timestamp="2021-10-25T12:32:14Z" user="Grauer Elefant" uid="3301825" lat="50.1295808" lon="8.6693947"/>
 <node id="3692590032" visible="true" version="3" changeset="123089070" timestamp="2022-07-01T14:27:12Z" user="joe2812" uid="7549553" lat="50.1208442" lon="8.6574128"/>
 <node id="3755941777" visible="true" version="3" changeset="164255859" timestamp="2025-03-29T16:12:39Z" user="mueschel" uid="616774" lat="50.1240709" lon="8.6674035"/>
 <node id="3800893296" visible="true" version="1" changeset="34842876" timestamp="2015-10-24T15:33:05Z" user="MichaH" uid="8464" lat="50.1139276" lon="8.6697961"/>
 <node id="4054920358" visible="true" version="1" changeset="37764269" timestamp="2016-03-11T16:11:45Z" user="NikFehl" uid="3603573" lat="50.1259894" lon="8.6621171"/>
 <node id="4228702786" visible="true" version="3" changeset="129528995" timestamp="2022-11-29T16:41:46Z" user="Max--" uid="34555" lat="50.1297896" lon="8.6648824"/>
 <node id="4228702787" visible="true" version="3" changeset="129528995" timestamp="2022-11-29T16:41:46Z" user="Max--" uid="34555" lat="50.1292792" lon="8.6651966"/>
 <node id="4228702788" visible="true" version="3" changeset="129528995" timestamp="2022-11-29T16:41:46Z" user="Max--" uid="34555" lat="50.1247823" lon="8.6639643"/>
 <node id="4228703989" visible="true" version="2" changeset="129528995" timestamp="2022-11-29T16:41:46Z" user="Max--" uid="34555" lat="50.1245920" lon="8.6613496"/>
 <node id="4228703990" visible="true" version="3" changeset="129528995" timestamp="2022-11-29T16:41:46Z" user="Max--" uid="34555" lat="50.1243254" lon="8.6586601"/>
 <node id="4228703995" visible="true" version="5" changeset="129528995" timestamp="2022-11-29T16:41:46Z" user="Max--" uid="34555" lat="50.1228628" lon="8.6534578"/>
 <node id="4674887883" visible="true" version="2" changeset="123038605" timestamp="2022-06-30T10:27:16Z" user="joe2812" uid="7549553" lat="50.1233591" lon="8.6659783"/>
 <node id="4674887884" visible="true" version="2" changeset="123038605" timestamp="2022-06-30T10:27:16Z" user="joe2812" uid="7549553" lat="50.1234323" lon="8.6659535"/>
 <node id="4674887885" visible="true" version="2" changeset="123038605" timestamp="2022-06-30T10:27:16Z" user="joe2812" uid="7549553" lat="50.1234354" lon="8.6659761"/>
 <node id="4674887886" visible="true" version="2" changeset="123038605" timestamp="2022-06-30T10:27:16Z" user="joe2812" uid="7549553" lat="50.1234925" lon="8.6658601"/>
 <node id="4674887887" visible="true" version="2" changeset="123038605" timestamp="2022-06-30T10:27:16Z" user="joe2812" uid="7549553" lat="50.1235054" lon="8.6659524"/>
 <node id="4784067855" visible="true" version="2" changeset="129528995" timestamp="2022-11-29T16:41:46Z" user="Max--" uid="34555" lat="50.1335604" lon="8.6575847"/>
 <node id="4784067856" visible="true" version="2" changeset="129528995" timestamp="2022-11-29T16:41:46Z" user="Max--" uid="34555" lat="50.1326812" lon="8.6587018"/>
 <node id="4784067857" visible="true" version="2" changeset="129528995" timestamp="2022-11-29T16:41:46Z" user="Max--" uid="34555" lat="50.1320936" lon="8.6605081"/>
 <node id="4784067858" visible="true" version="2" changeset="129528995" timestamp="2022-11-29T16:41:46Z" user="Max--" uid="34555" lat="50.1314644" lon="8.6629763"/>
 <node id="4784067859" visible="true" version="2" changeset="129528995" timestamp="2022-11-29T16:41:46Z" user="Max--" uid="34555" lat="50.1298104" lon="8.6650715"/>
 <node id="4784067860" visible="true" version="2" changeset="129528995" timestamp="2022-11-29T16:41:46Z" user="Max--" uid="34555" lat="50.1282168" lon="8.6658193"/>
 <node id="4784067861" visible="true" version="3" changeset="129528995" timestamp="2022-11-29T16:41:46Z" user="Max--" uid="34555" lat="50.1263637" lon="8.6658574"/>
 <node id="4784067862" visible="true" version="3" changeset="129528995" timestamp="2022-11-29T16:41:46Z" user="Max--" uid="34555" lat="50.1252409" lon="8.6653072"/>
 <node id="4784067863" visible="true" version="3" changeset="129528995" timestamp="2022-11-29T16:41:46Z" user="Max--" uid="34555" lat="50.1247641" lon="8.6643153"/>
 <node id="4784067864" visible="true" version="3" changeset="129528995" timestamp="2022-11-29T16:41:46Z" user="Max--" uid="34555" lat="50.1244352" lon="8.6605898"/>
 <node id="4784067865" visible="true" version="3" changeset="129528995" timestamp="2022-11-29T16:41:46Z" user="Max--" uid="34555" lat="50.1238634" lon="8.6548326"/>
 <node id="4784067867" visible="true" version="3" changeset="129528995" timestamp="2022-11-29T16:41:46Z" user="Max--" uid="34555" lat="50.1228507" lon="8.6535096"/>
 <node id="4784067869" visible="true" version="2" changeset="129528995" timestamp="2022-11-29T16:41:46Z" user="Max--" uid="34555" lat="50.1249194" lon="8.6645345"/>
 <node id="4784067870" visible="true" version="2" changeset="129528995" timestamp="2022-11-29T16:41:46Z" user="Max--" uid="34555" lat="50.1271375" lon="8.6658955"/>
 <node id="4784067871" visible="true" version="2" changeset="129528995" timestamp="2022-11-29T16:41:46Z" user="Max--" uid="34555" lat="50.1283344" lon="8.6655885"/>
 <node id="4784067872" visible="true" version="2" changeset="129528995" timestamp="2022-11-29T16:41:46Z" user="Max--" uid="34555" lat="50.1237561" lon="8.6542878"/>
 <node id="4784067874" visible="true" version="3" changeset="129528995" timestamp="2022-11-29T16:41:46Z" user="Max--" uid="34555" lat="50.1230753" lon="8.6535242"/>
 <node id="4785630002" visible="true" version="2" changeset="129528995" timestamp="2022-11-29T16:41:46Z" user="Max--" uid="34555" lat="50.1242416" lon="8.6586629"/>
 <node id="4792888656" visible="true" version="1" changeset="47769555" timestamp="2017-04-14T07:38:36Z" user="kaltuna" uid="1386271" lat="50.1286095" lon="8.6583440"/>
 <node id="4853519648" visible="true" version="3" changeset="153215987" timestamp="2024-06-26T18:29:05Z" user="Mah" uid="138433" lat="50.1104689" lon="8.6590452"/>
 <node id="5090055041" visible="true" version="2" changeset="150626171" timestamp="2024-04-28T16:16:23Z" user="frankfurtmapper" uid="21338930" lat="50.1280759" lon="8.6671383"/>
 <node id="6518804228" visible="true" version="1" changeset="70896771" timestamp="2019-06-03T18:38:24Z" user="Victor Yarema" uid="3514705" lat="50.1212572" lon="8.6754666"/>
 <node id="6518804229" visible="true" version="1" changeset="70896771" timestamp="2019-06-03T18:38:24Z" user="Victor Yarema" uid="3514705" lat="50.1229648" lon="8.6755719"/>
 <node id="6518804230" visible="true" version="1" changeset="70896771" timestamp="2019-06-03T18:38:24Z" user="Victor Yarema" uid="3514705" lat="50.1232236" lon="8.6753968"/>
 <node id="6518804231" visible="true" version="1" changeset="70896771" timestamp="2019-06-03T18:38:24Z" user="Victor Yarema" uid="3514705" lat="50.1229230" lon="8.6755779"/>
 <node id="6518828092" visible="true" version="1" changeset="70896883" timestamp="2019-06-03T18:41:50Z" user="Victor Yarema" uid="3514705" lat="50.1209429" lon="8.6754401"/>
 <node id="6518828093" visible="true" version="2" changeset="122519433" timestamp="2022-06-17T18:08:51Z" user="joe2812" uid="7549553" lat="50.1202246" lon="8.6763602"/>
 <node id="6518828095" visible="true" version="1" changeset="70896883" timestamp="2019-06-03T18:41:50Z" user="Victor Yarema" uid="3514705" lat="50.1207575" lon="8.6755178"/>
 <node id="6518828096" visible="true" version="1" changeset="70896883" timestamp="2019-06-03T18:41:50Z" user="Victor Yarema" uid="3514705" lat="50.1206401" lon="8.6757986"/>
 <node id="6518828097" visible="true" version="1" changeset="70896883" timestamp="2019-06-03T18:41:50Z" user="Victor Yarema" uid="3514705" lat="50.1204819" lon="8.6760630"/>
 <node id="6518828098" visible="true" version="1" changeset="70896883" timestamp="2019-06-03T18:41:50Z" user="Victor Yarema" uid="3514705" lat="50.1200182" lon="8.6767954"/>
 <node id="6518828099" visible="true" version="2" changeset="122594644" timestamp="2022-06-19T21:28:09Z" user="joe2812" uid="7549553" lat="50.1196674" lon="8.6775977"/>
 <node id="6518828100" visible="true" version="1" changeset="70896883" timestamp="2019-06-03T18:41:50Z" user="Victor Yarema" uid="3514705" lat="50.1195127" lon="8.6777553"/>
 <node id="6518828101" visible="true" version="1" changeset="70896883" timestamp="2019-06-03T18:41:50Z" user="Victor Yarema" uid="3514705" lat="50.1196435" lon="8.6775533"/>
 <node id="6518828102" visible="true" version="2" changeset="122519433" timestamp="2022-06-17T18:08:51Z" user="joe2812" uid="7549553" lat="50.1203065" lon="8.6762515"/>
 <node id="6665242273" visible="true" version="2" changeset="96441618" timestamp="2020-12-26T07:36:06Z" user="Zoroo" uid="10229276" lat="50.1256253" lon="8.6654235">
  <tag k="emergency" v="fire_hydrant"/>
  <tag k="fire_hydrant:type" v="pillar"/>
 </node>
 <node id="6665249597" visible="true" version="2" changeset="96441618" timestamp="2020-12-26T07:36:06Z" user="Zoroo" uid="10229276" lat="50.1250980" lon="8.6653237">
  <tag k="emergency" v="fire_hydrant"/>
  <tag k="fire_hydrant:type" v="pillar"/>
 </node>
 <node id="6960222485" visible="true" version="1" changeset="76847604" timestamp="2019-11-09T15:54:08Z" user="sokolgeo" uid="226626" lat="50.1209995" lon="8.6724854"/>
 <node id="7168863147" visible="true" version="1" changeset="80246931" timestamp="2020-01-29T09:46:41Z" user="elumbella" uid="298209" lat="50.1273545" lon="8.6673878"/>
 <node id="7608736501" visible="true" version="1" changeset="86461208" timestamp="2020-06-10T11:31:42Z" user="Grauer Elefant" uid="3301825" lat="50.1307242" lon="8.6685440"/>
 <node id="7639975010" visible="true" version="2" changeset="109356558" timestamp="2021-08-08T17:38:51Z" user="theraser" uid="694515" lat="50.1237417" lon="8.6654471">
  <tag k="historic" v="memorial"/>
  <tag k="inscription" v="Radfahrer, 78 Jahre&#10;24. August 2018"/>
  <tag k="memorial" v="ghost_bike"/>
  <tag k="source" v="https://www.fr.de/rhein-main/polizei-org27586/vierter-toter-radfahrer-einem-monat-10969865.html"/>
  <tag k="website" v="https://www.ghostbike-ffm.de"/>
 </node>
 <node id="7939578962" visible="true" version="2" changeset="164047851" timestamp="2025-03-24T19:05:48Z" user="saitam" uid="90020" lat="50.1235306" lon="8.6644283">
  <tag k="access" v="yes"/>
  <tag k="amenity" v="bicycle_parking"/>
  <tag k="bicycle_parking" v="stands"/>
  <tag k="capacity" v="6"/>
  <tag k="check_date:capacity" v="2025-03-24"/>
  <tag k="covered" v="no"/>
  <tag k="fee" v="no"/>
  <tag k="operator" v="Stadt Frankfurt"/>
 </node>
 <node id="8446626990" visible="true" version="1" changeset="99764776" timestamp="2021-02-22T18:16:38Z" user="corrector_91" uid="3418742" lat="50.1284259" lon="8.6638701"/>
 <node id="8446627010" visible="true" version="1" changeset="99764776" timestamp="2021-02-22T18:16:38Z" user="corrector_91" uid="3418742" lat="50.1277069" lon="8.6619224"/>
 <node id="8446627011" visible="true" version="1" changeset="99764776" timestamp="2021-02-22T18:16:38Z" user="corrector_91" uid="3418742" lat="50.1277812" lon="8.6617862"/>
 <node id="8577241669" visible="true" version="2" changeset="150597937" timestamp="2024-04-27T22:00:57Z" user="frankfurtmapper" uid="21338930" lat="50.1265139" lon="8.6650136">
  <tag k="description" v="Lageplan Campus Westend"/>
  <tag k="information" v="map"/>
  <tag k="map_size" v="campus"/>
  <tag k="map_type" v="street"/>
  <tag k="tourism" v="information"/>
 </node>
 <node id="9158605610" visible="true" version="1" changeset="112270744" timestamp="2021-10-08T15:56:50Z" user="gui ku" uid="14258978" lat="50.1267999" lon="8.6734771"/>
 <node id="9160651078" visible="true" version="1" changeset="112305351" timestamp="2021-10-09T15:20:23Z" user="elumbella" uid="298209" lat="50.1151604" lon="8.6709841">
  <tag k="highway" v="traffic_signals"/>
 </node>
 <node id="9238059849" visible="true" version="2" changeset="150639764" timestamp="2024-04-28T23:28:49Z" user="frankfurtmapper" uid="21338930" lat="50.1262031" lon="8.6647335"/>
 <node id="9238059850" visible="true" version="2" changeset="150639764" timestamp="2024-04-28T23:28:49Z" user="frankfurtmapper" uid="21338930" lat="50.1263494" lon="8.6647713"/>
 <node id="9238059869" visible="true" version="2" changeset="151122955" timestamp="2024-05-09T23:52:17Z" user="frankfurtmapper" uid="21338930" lat="50.1264396" lon="8.6671350"/>
 <node id="9238186773" visible="true" version="2" changeset="150640493" timestamp="2024-04-29T00:26:28Z" user="frankfurtmapper" uid="21338930" lat="50.1284256" lon="8.6642104"/>
 <node id="9238186774" visible="true" version="1" changeset="113567300" timestamp="2021-11-09T14:07:26Z" user="bridgeburner" uid="54265" lat="50.1273948" lon="8.6643518"/>
 <node id="9238186775" visible="true" version="2" changeset="150640493" timestamp="2024-04-29T00:26:28Z" user="frankfurtmapper" uid="21338930" lat="50.1275080" lon="8.6645284"/>
 <node id="9238186776" visible="true" version="1" changeset="113567300" timestamp="2021-11-09T14:07:26Z" user="bridgeburner" uid="54265" lat="50.1273324" lon="8.6643679"/>
 <node id="9238186779" visible="true" version="2" changeset="150639764" timestamp="2024-04-28T23:28:49Z" user="frankfurtmapper" uid="21338930" lat="50.1273687" lon="8.6710411"/>
 <node id="9238186780" visible="true" version="1" changeset="113567300" timestamp="2021-11-09T14:07:26Z" user="bridgeburner" uid="54265" lat="50.1277387" lon="8.6707717"/>
 <node id="9238186789" visible="true" version="1" changeset="113567300" timestamp="2021-11-09T14:07:26Z" user="bridgeburner" uid="54265" lat="50.1271248" lon="8.6697069"/>
 <node id="9238186791" visible="true" version="1" changeset="113567300" timestamp="2021-11-09T14:07:26Z" user="bridgeburner" uid="54265" lat="50.1275128" lon="8.6687255"/>
 <node id="9238186799" visible="true" version="1" changeset="113567300" timestamp="2021-11-09T14:07:26Z" user="bridgeburner" uid="54265" lat="50.1289346" lon="8.6681351"/>
 <node id="9238186811" visible="true" version="1" changeset="113567300" timestamp="2021-11-09T14:07:26Z" user="bridgeburner" uid="54265" lat="50.1293355" lon="8.6655086"/>
 <node id="9238657758" visible="true" version="1" changeset="113576478" timestamp="2021-11-09T17:50:26Z" user="bridgeburner" uid="54265" lat="50.1305861" lon="8.6676201"/>
 <node id="9241028885" visible="true" version="1" changeset="113614928" timestamp="2021-11-10T16:01:35Z" user="bridgeburner" uid="54265" lat="50.1165640" lon="8.6711647"/>
 <node id="9442306998" visible="true" version="2" changeset="123089070" timestamp="2022-07-01T14:27:12Z" user="joe2812" uid="7549553" lat="50.1207783" lon="8.6565520"/>
 <node id="9442306999" visible="true" version="2" changeset="167598535" timestamp="2025-06-14T04:29:23Z" user="unni-geo" uid="16354439" lat="50.1204586" lon="8.6565329"/>
 <node id="9442307000" visible="true" version="2" changeset="167598535" timestamp="2025-06-14T04:29:23Z" user="unni-geo" uid="16354439" lat="50.1204252" lon="8.6566904"/>
 <node id="9442307001" visible="true" version="2" changeset="167598535" timestamp="2025-06-14T04:29:23Z" user="unni-geo" uid="16354439" lat="50.1199710" lon="8.6566648"/>
 <node id="9442307002" visible="true" version="1" changeset="116502596" timestamp="2022-01-23T14:54:34Z" user="user_10241830" uid="10241830" lat="50.1199779" lon="8.6552417"/>
 <node id="9442307003" visible="true" version="2" changeset="123095847" timestamp="2022-07-01T17:54:26Z" user="joe2812" uid="7549553" lat="50.1192674" lon="8.6546016"/>
 <node id="9442307004" visible="true" version="2" changeset="123095847" timestamp="2022-07-01T17:54:26Z" user="joe2812" uid="7549553" lat="50.1191085" lon="8.6545725"/>
 <node id="9442307005" visible="true" version="3" changeset="153215987" timestamp="2024-06-26T18:29:05Z" user="Mah" uid="138433" lat="50.1186992" lon="8.6537621"/>
 <node id="9442307011" visible="true" version="2" changeset="123095847" timestamp="2022-07-01T17:54:26Z" user="joe2812" uid="7549553" lat="50.1186339" lon="8.6544028"/>
 <node id="9831784615" visible="true" version="1" changeset="122594644" timestamp="2022-06-19T21:28:09Z" user="joe2812" uid="7549553" lat="50.1198953" lon="8.6771648"/>
 <node id="9856965931" visible="true" version="1" changeset="123023239" timestamp="2022-06-30T00:20:41Z" user="joe2812" uid="7549553" lat="50.1261868" lon="8.6712022"/>
 <node id="9857803213" visible="true" version="1" changeset="123038605" timestamp="2022-06-30T10:27:16Z" user="joe2812" uid="7549553" lat="50.1234828" lon="8.6651409"/>
 <node id="9857803214" visible="true" version="1" changeset="123038605" timestamp="2022-06-30T10:27:16Z" user="joe2812" uid="7549553" lat="50.1234874" lon="8.6651351"/>
 <node id="9857803215" visible="true" version="1" changeset="123038605" timestamp="2022-06-30T10:27:16Z" user="joe2812" uid="7549553" lat="50.1234934" lon="8.6651300"/>
 <node id="9857803216" visible="true" version="1" changeset="123038605" timestamp="2022-06-30T10:27:16Z" user="joe2812" uid="7549553" lat="50.1235007" lon="8.6651284"/>
 <node id="9857805517" visible="true" version="1" changeset="123038605" timestamp="2022-06-30T10:27:16Z" user="joe2812" uid="7549553" lat="50.1235074" lon="8.6651292"/>
 <node id="9857805518" visible="true" version="1" changeset="123038605" timestamp="2022-06-30T10:27:16Z" user="joe2812" uid="7549553" lat="50.1235136" lon="8.6651319"/>
 <node id="9857805519" visible="true" version="1" changeset="123038605" timestamp="2022-06-30T10:27:16Z" user="joe2812" uid="7549553" lat="50.1235193" lon="8.6651382"/>
 <node id="9857805520" visible="true" version="1" changeset="123038605" timestamp="2022-06-30T10:27:16Z" user="joe2812" uid="7549553" lat="50.1235242" lon="8.6651461"/>
 <node id="9857805521" visible="true" version="1" changeset="123038605" timestamp="2022-06-30T10:27:16Z" user="joe2812" uid="7549553" lat="50.1234760" lon="8.6651612"/>
 <node id="9857805522" visible="true" version="1" changeset="123038605" timestamp="2022-06-30T10:27:16Z" user="joe2812" uid="7549553" lat="50.1234757" lon="8.6651719"/>
 <node id="9857805523" visible="true" version="1" changeset="123038605" timestamp="2022-06-30T10:27:16Z" user="joe2812" uid="7549553" lat="50.1234770" lon="8.6651817"/>
 <node id="9857805524" visible="true" version="1" changeset="123038605" timestamp="2022-06-30T10:27:16Z" user="joe2812" uid="7549553" lat="50.1234809" lon="8.6651934"/>
 <node id="9857805525" visible="true" version="1" changeset="123038605" timestamp="2022-06-30T10:27:16Z" user="joe2812" uid="7549553" lat="50.1234862" lon="8.6652016"/>
 <node id="9857805554" visible="true" version="1" changeset="123038605" timestamp="2022-06-30T10:27:16Z" user="joe2812" uid="7549553" lat="50.1235749" lon="8.6655277"/>
 <node id="9857805555" visible="true" version="1" changeset="123038605" timestamp="2022-06-30T10:27:16Z" user="joe2812" uid="7549553" lat="50.1236196" lon="8.6658428"/>
 <node id="9857805556" visible="true" version="1" changeset="123038605" timestamp="2022-06-30T10:27:16Z" user="joe2812" uid="7549553" lat="50.1235791" lon="8.6658575"/>
 <node id="9857805557" visible="true" version="1" changeset="123038605" timestamp="2022-06-30T10:27:16Z" user="joe2812" uid="7549553" lat="50.1233568" lon="8.6659620"/>
 <node id="9857805558" visible="true" version="1" changeset="123038605" timestamp="2022-06-30T10:27:16Z" user="joe2812" uid="7549553" lat="50.1233042" lon="8.6659799"/>
 <node id="9857805559" visible="true" version="1" changeset="123038605" timestamp="2022-06-30T10:27:16Z" user="joe2812" uid="7549553" lat="50.1233624" lon="8.6660614"/>
 <node id="9857805560" visible="true" version="1" changeset="123038605" timestamp="2022-06-30T10:27:16Z" user="joe2812" uid="7549553" lat="50.1235856" lon="8.6659031"/>
 <node id="9857805561" visible="true" version="1" changeset="123038605" timestamp="2022-06-30T10:27:16Z" user="joe2812" uid="7549553" lat="50.1235785" lon="8.6659056"/>
 <node id="9858536197" visible="true" version="1" changeset="123052210" timestamp="2022-06-30T16:14:21Z" user="joe2812" uid="7549553" lat="50.1232603" lon="8.6644734"/>
 <node id="9858536278" visible="true" version="1" changeset="123052210" timestamp="2022-06-30T16:14:21Z" user="joe2812" uid="7549553" lat="50.1233364" lon="8.6642983"/>
 <node id="9858536279" visible="true" version="1" changeset="123052210" timestamp="2022-06-30T16:14:21Z" user="joe2812" uid="7549553" lat="50.1233408" lon="8.6643290"/>
 <node id="9858536280" visible="true" version="1" changeset="123052210" timestamp="2022-06-30T16:14:21Z" user="joe2812" uid="7549553" lat="50.1232791" lon="8.6643527"/>
 <node id="9858536281" visible="true" version="1" changeset="123052210" timestamp="2022-06-30T16:14:21Z" user="joe2812" uid="7549553" lat="50.1232788" lon="8.6643507"/>
 <node id="9858536282" visible="true" version="1" changeset="123052210" timestamp="2022-06-30T16:14:21Z" user="joe2812" uid="7549553" lat="50.1232425" lon="8.6644020"/>
 <node id="9858536283" visible="true" version="1" changeset="123052210" timestamp="2022-06-30T16:14:21Z" user="joe2812" uid="7549553" lat="50.1232402" lon="8.6644028"/>
 <node id="9858536284" visible="true" version="1" changeset="123052210" timestamp="2022-06-30T16:14:21Z" user="joe2812" uid="7549553" lat="50.1232614" lon="8.6644808"/>
 <node id="9858536285" visible="true" version="1" changeset="123052210" timestamp="2022-06-30T16:14:21Z" user="joe2812" uid="7549553" lat="50.1232590" lon="8.6644642"/>
 <node id="9858536286" visible="true" version="1" changeset="123052210" timestamp="2022-06-30T16:14:21Z" user="joe2812" uid="7549553" lat="50.1232495" lon="8.6644675"/>
 <node id="9858536287" visible="true" version="1" changeset="123052210" timestamp="2022-06-30T16:14:21Z" user="joe2812" uid="7549553" lat="50.1232735" lon="8.6644766"/>
 <node id="9858536288" visible="true" version="1" changeset="123052210" timestamp="2022-06-30T16:14:21Z" user="joe2812" uid="7549553" lat="50.1233004" lon="8.6645434"/>
 <node id="9858536289" visible="true" version="1" changeset="123052210" timestamp="2022-06-30T16:14:21Z" user="joe2812" uid="7549553" lat="50.1233229" lon="8.6645355"/>
 <node id="9858536290" visible="true" version="1" changeset="123052210" timestamp="2022-06-30T16:14:21Z" user="joe2812" uid="7549553" lat="50.1233199" lon="8.6645146"/>
 <node id="9858536291" visible="true" version="1" changeset="123052210" timestamp="2022-06-30T16:14:21Z" user="joe2812" uid="7549553" lat="50.1232973" lon="8.6645222"/>
 <node id="9858536292" visible="true" version="1" changeset="123052210" timestamp="2022-06-30T16:14:21Z" user="joe2812" uid="7549553" lat="50.1233316" lon="8.6645105"/>
 <node id="9858536293" visible="true" version="1" changeset="123052210" timestamp="2022-06-30T16:14:21Z" user="joe2812" uid="7549553" lat="50.1233307" lon="8.6645043"/>
 <node id="9858536294" visible="true" version="1" changeset="123052210" timestamp="2022-06-30T16:14:21Z" user="joe2812" uid="7549553" lat="50.1233960" lon="8.6643884"/>
 <node id="9858536295" visible="true" version="1" changeset="123052210" timestamp="2022-06-30T16:14:21Z" user="joe2812" uid="7549553" lat="50.1233993" lon="8.6643873"/>
 <node id="9860196056" visible="true" version="2" changeset="149300774" timestamp="2024-03-29T08:42:55Z" user="skotek" uid="20075511" lat="50.1231168" lon="8.6606799"/>
 <node id="9860497364" visible="true" version="1" changeset="123089070" timestamp="2022-07-01T14:27:12Z" user="joe2812" uid="7549553" lat="50.1207634" lon="8.6571488"/>
 <node id="9860497373" visible="true" version="1" changeset="123089070" timestamp="2022-07-01T14:27:12Z" user="joe2812" uid="7549553" lat="50.1209412" lon="8.6584768"/>
 <node id="9860497374" visible="true" version="1" changeset="123089070" timestamp="2022-07-01T14:27:12Z" user="joe2812" uid="7549553" lat="50.1209373" lon="8.6584781"/>
 <node id="9860518419" visible="true" version="1" changeset="123089070" timestamp="2022-07-01T14:27:12Z" user="joe2812" uid="7549553" lat="50.1208485" lon="8.6574523"/>
 <node id="9860946889" visible="true" version="1" changeset="123095847" timestamp="2022-07-01T17:54:26Z" user="joe2812" uid="7549553" lat="50.1188364" lon="8.6546606"/>
 <node id="9860946969" visible="true" version="1" changeset="123095847" timestamp="2022-07-01T17:54:26Z" user="joe2812" uid="7549553" lat="50.1192489" lon="8.6548639"/>
 <node id="9860946970" visible="true" version="1" changeset="123095847" timestamp="2022-07-01T17:54:26Z" user="joe2812" uid="7549553" lat="50.1189387" lon="8.6546798"/>
 <node id="9860946971" visible="true" version="1" changeset="123095847" timestamp="2022-07-01T17:54:26Z" user="joe2812" uid="7549553" lat="50.1187779" lon="8.6546496"/>
 <node id="9860946972" visible="true" version="1" changeset="123095847" timestamp="2022-07-01T17:54:26Z" user="joe2812" uid="7549553" lat="50.1189460" lon="8.6545705"/>
 <node id="9860946973" visible="true" version="1" changeset="123095847" timestamp="2022-07-01T17:54:26Z" user="joe2812" uid="7549553" lat="50.1191055" lon="8.6546188"/>
 <node id="9860946974" visible="true" version="1" changeset="123095847" timestamp="2022-07-01T17:54:26Z" user="joe2812" uid="7549553" lat="50.1187938" lon="8.6544498"/>
 <node id="9860946975" visible="true" version="1" changeset="123095847" timestamp="2022-07-01T17:54:26Z" user="joe2812" uid="7549553" lat="50.1186244" lon="8.6541581"/>
 <node id="9862948812" visible="true" version="1" changeset="123134560" timestamp="2022-07-02T21:58:11Z" user="joe2812" uid="7549553" lat="50.1238619" lon="8.6652739"/>
 <node id="9862948813" visible="true" version="1" changeset="123134560" timestamp="2022-07-02T21:58:11Z" user="joe2812" uid="7549553" lat="50.1241981" lon="8.6651699"/>
 <node id="9862948814" visible="true" version="1" changeset="123134560" timestamp="2022-07-02T21:58:11Z" user="joe2812" uid="7549553" lat="50.1258343" lon="8.6645249"/>
 <node id="9862996760" visible="true" version="1" changeset="123134560" timestamp="2022-07-02T21:58:11Z" user="joe2812" uid="7549553" lat="50.1236993" lon="8.6643451"/>
 <node id="9862996761" visible="true" version="1" changeset="123134560" timestamp="2022-07-02T21:58:11Z" user="joe2812" uid="7549553" lat="50.1237016" lon="8.6643608"/>
 <node id="9862996762" visible="true" version="1" changeset="123134560" timestamp="2022-07-02T21:58:11Z" user="joe2812" uid="7549553" lat="50.1236754" lon="8.6643703"/>
 <node id="9862996763" visible="true" version="1" changeset="123134560" timestamp="2022-07-02T21:58:11Z" user="joe2812" uid="7549553" lat="50.1236731" lon="8.6643546"/>
 <node id="9862996764" visible="true" version="1" changeset="123134560" timestamp="2022-07-02T21:58:11Z" user="joe2812" uid="7549553" lat="50.1236847" lon="8.6641522"/>
 <node id="9862996780" visible="true" version="1" changeset="123134560" timestamp="2022-07-02T21:58:11Z" user="joe2812" uid="7549553" lat="50.1240063" lon="8.6647797"/>
 <node id="9862996781" visible="true" version="1" changeset="123134560" timestamp="2022-07-02T21:58:11Z" user="joe2812" uid="7549553" lat="50.1239596" lon="8.6647986"/>
 <node id="9862996782" visible="true" version="1" changeset="123134560" timestamp="2022-07-02T21:58:11Z" user="joe2812" uid="7549553" lat="50.1239470" lon="8.6647210"/>
 <node id="9862996783" visible="true" version="1" changeset="123134560" timestamp="2022-07-02T21:58:11Z" user="joe2812" uid="7549553" lat="50.1240413" lon="8.6648282"/>
 <node id="9862996784" visible="true" version="1" changeset="123134560" timestamp="2022-07-02T21:58:11Z" user="joe2812" uid="7549553" lat="50.1240161" lon="8.6648383"/>
 <node id="9862996785" visible="true" version="1" changeset="123134560" timestamp="2022-07-02T21:58:11Z" user="joe2812" uid="7549553" lat="50.1239934" lon="8.6647025"/>
 <node id="9862996786" visible="true" version="1" changeset="123134560" timestamp="2022-07-02T21:58:11Z" user="joe2812" uid="7549553" lat="50.1240179" lon="8.6646917"/>
 <node id="9862996787" visible="true" version="1" changeset="123134560" timestamp="2022-07-02T21:58:11Z" user="joe2812" uid="7549553" lat="50.1240876" lon="8.6648087"/>
 <node id="9862996795" visible="true" version="1" changeset="123134560" timestamp="2022-07-02T21:58:11Z" user="joe2812" uid="7549553" lat="50.1242067" lon="8.6647522"/>
 <node id="9862996798" visible="true" version="1" changeset="123134560" timestamp="2022-07-02T21:58:11Z" user="joe2812" uid="7549553" lat="50.1242048" lon="8.6647413"/>
 <node id="9862996802" visible="true" version="1" changeset="123134560" timestamp="2022-07-02T21:58:11Z" user="joe2812" uid="7549553" lat="50.1241849" lon="8.6646249"/>
 <node id="9862996805" visible="true" version="1" changeset="123134560" timestamp="2022-07-02T21:58:11Z" user="joe2812" uid="7549553" lat="50.1242005" lon="8.6647157"/>
 <node id="9862996806" visible="true" version="1" changeset="123134560" timestamp="2022-07-02T21:58:11Z" user="joe2812" uid="7549553" lat="50.1246260" lon="8.6647252"/>
 <node id="9862996807" visible="true" version="1" changeset="123134560" timestamp="2022-07-02T21:58:11Z" user="joe2812" uid="7549553" lat="50.1246398" lon="8.6648049"/>
 <node id="9862996808" visible="true" version="1" changeset="123134560" timestamp="2022-07-02T21:58:11Z" user="joe2812" uid="7549553" lat="50.1247159" lon="8.6647728"/>
 <node id="9862996809" visible="true" version="1" changeset="123134560" timestamp="2022-07-02T21:58:11Z" user="joe2812" uid="7549553" lat="50.1247021" lon="8.6646932"/>
 <node id="9862996810" visible="true" version="1" changeset="123134560" timestamp="2022-07-02T21:58:11Z" user="joe2812" uid="7549553" lat="50.1247489" lon="8.6645932"/>
 <node id="9862996813" visible="true" version="1" changeset="123134560" timestamp="2022-07-02T21:58:11Z" user="joe2812" uid="7549553" lat="50.1247969" lon="8.6645734"/>
 <node id="9862996818" visible="true" version="1" changeset="123134560" timestamp="2022-07-02T21:58:11Z" user="joe2812" uid="7549553" lat="50.1248714" lon="8.6645423"/>
 <node id="9862996821" visible="true" version="1" changeset="123134560" timestamp="2022-07-02T21:58:11Z" user="joe2812" uid="7549553" lat="50.1249166" lon="8.6645446"/>
 <node id="9862996822" visible="true" version="1" changeset="123134560" timestamp="2022-07-02T21:58:11Z" user="joe2812" uid="7549553" lat="50.1249017" lon="8.6644604"/>
 <node id="9862996823" visible="true" version="1" changeset="123134560" timestamp="2022-07-02T21:58:11Z" user="joe2812" uid="7549553" lat="50.1249761" lon="8.6644482"/>
 <node id="9862996824" visible="true" version="1" changeset="123134560" timestamp="2022-07-02T21:58:11Z" user="joe2812" uid="7549553" lat="50.1249506" lon="8.6644590"/>
 <node id="9862996825" visible="true" version="1" changeset="123134560" timestamp="2022-07-02T21:58:11Z" user="joe2812" uid="7549553" lat="50.1249474" lon="8.6644403"/>
 <node id="9862996826" visible="true" version="1" changeset="123134560" timestamp="2022-07-02T21:58:11Z" user="joe2812" uid="7549553" lat="50.1249357" lon="8.6644458"/>
 <node id="9862996827" visible="true" version="1" changeset="123134560" timestamp="2022-07-02T21:58:11Z" user="joe2812" uid="7549553" lat="50.1249509" lon="8.6645319"/>
 <node id="9862996834" visible="true" version="1" changeset="123134560" timestamp="2022-07-02T21:58:11Z" user="joe2812" uid="7549553" lat="50.1250300" lon="8.6645010"/>
 <node id="9862996839" visible="true" version="1" changeset="123134560" timestamp="2022-07-02T21:58:11Z" user="joe2812" uid="7549553" lat="50.1253008" lon="8.6641964"/>
 <node id="9862996842" visible="true" version="1" changeset="123134560" timestamp="2022-07-02T21:58:11Z" user="joe2812" uid="7549553" lat="50.1253157" lon="8.6642853"/>
 <node id="9862996864" visible="true" version="1" changeset="123134560" timestamp="2022-07-02T21:58:11Z" user="joe2812" uid="7549553" lat="50.1245922" lon="8.6646096"/>
 <node id="9862996865" visible="true" version="1" changeset="123134560" timestamp="2022-07-02T21:58:11Z" user="joe2812" uid="7549553" lat="50.1245962" lon="8.6646079"/>
 <node id="9862996866" visible="true" version="1" changeset="123134560" timestamp="2022-07-02T21:58:11Z" user="joe2812" uid="7549553" lat="50.1245158" lon="8.6646637"/>
 <node id="9862996867" visible="true" version="1" changeset="123134560" timestamp="2022-07-02T21:58:11Z" user="joe2812" uid="7549553" lat="50.1243649" lon="8.6647181"/>
 <node id="9862996868" visible="true" version="1" changeset="123134560" timestamp="2022-07-02T21:58:11Z" user="joe2812" uid="7549553" lat="50.1243118" lon="8.6647403"/>
 <node id="9862996869" visible="true" version="1" changeset="123134560" timestamp="2022-07-02T21:58:11Z" user="joe2812" uid="7549553" lat="50.1243099" lon="8.6647291"/>
 <node id="9862996870" visible="true" version="1" changeset="123134560" timestamp="2022-07-02T21:58:11Z" user="joe2812" uid="7549553" lat="50.1243626" lon="8.6647051"/>
 <node id="9862996871" visible="true" version="1" changeset="123134560" timestamp="2022-07-02T21:58:11Z" user="joe2812" uid="7549553" lat="50.1240817" lon="8.6648292"/>
 <node id="9862996872" visible="true" version="1" changeset="123134560" timestamp="2022-07-02T21:58:11Z" user="joe2812" uid="7549553" lat="50.1240788" lon="8.6648123"/>
 <node id="9862996873" visible="true" version="1" changeset="123134560" timestamp="2022-07-02T21:58:11Z" user="joe2812" uid="7549553" lat="50.1239747" lon="8.6650480"/>
 <node id="9862996874" visible="true" version="1" changeset="123134560" timestamp="2022-07-02T21:58:11Z" user="joe2812" uid="7549553" lat="50.1239685" lon="8.6650121"/>
 <node id="9862996875" visible="true" version="1" changeset="123134560" timestamp="2022-07-02T21:58:11Z" user="joe2812" uid="7549553" lat="50.1239732" lon="8.6650487"/>
 <node id="9862996876" visible="true" version="1" changeset="123134560" timestamp="2022-07-02T21:58:11Z" user="joe2812" uid="7549553" lat="50.1239653" lon="8.6650135"/>
 <node id="9862996877" visible="true" version="1" changeset="123134560" timestamp="2022-07-02T21:58:11Z" user="joe2812" uid="7549553" lat="50.1239371" lon="8.6648190"/>
 <node id="9862996878" visible="true" version="1" changeset="123134560" timestamp="2022-07-02T21:58:11Z" user="joe2812" uid="7549553" lat="50.1239302" lon="8.6647796"/>
 <node id="9862996879" visible="true" version="1" changeset="123134560" timestamp="2022-07-02T21:58:11Z" user="joe2812" uid="7549553" lat="50.1239317" lon="8.6648213"/>
 <node id="9862996880" visible="true" version="1" changeset="123134560" timestamp="2022-07-02T21:58:11Z" user="joe2812" uid="7549553" lat="50.1239291" lon="8.6647801"/>
 <node id="9862996920" visible="true" version="1" changeset="123134560" timestamp="2022-07-02T21:58:11Z" user="joe2812" uid="7549553" lat="50.1243199" lon="8.6637130"/>
 <node id="9862996923" visible="true" version="1" changeset="123134560" timestamp="2022-07-02T21:58:11Z" user="joe2812" uid="7549553" lat="50.1242666" lon="8.6637350"/>
 <node id="9862996924" visible="true" version="1" changeset="123134560" timestamp="2022-07-02T21:58:11Z" user="joe2812" uid="7549553" lat="50.1232224" lon="8.6585579"/>
 <node id="9862996925" visible="true" version="1" changeset="123134560" timestamp="2022-07-02T21:58:11Z" user="joe2812" uid="7549553" lat="50.1232271" lon="8.6585382"/>
 <node id="9862996926" visible="true" version="1" changeset="123134560" timestamp="2022-07-02T21:58:11Z" user="joe2812" uid="7549553" lat="50.1232346" lon="8.6585194"/>
 <node id="9862996927" visible="true" version="1" changeset="123134560" timestamp="2022-07-02T21:58:11Z" user="joe2812" uid="7549553" lat="50.1232428" lon="8.6584999"/>
 <node id="9862996928" visible="true" version="1" changeset="123134560" timestamp="2022-07-02T21:58:11Z" user="joe2812" uid="7549553" lat="50.1232587" lon="8.6584838"/>
 <node id="9862996929" visible="true" version="1" changeset="123134560" timestamp="2022-07-02T21:58:11Z" user="joe2812" uid="7549553" lat="50.1232776" lon="8.6584704"/>
 <node id="9906855662" visible="true" version="1" changeset="123994995" timestamp="2022-07-24T03:04:20Z" user="celsius11" uid="116463" lat="50.1136529" lon="8.6693837"/>
 <node id="9957076843" visible="true" version="1" changeset="124974452" timestamp="2022-08-16T14:04:04Z" user="Elch12" uid="20736" lat="50.1259348" lon="8.6742952"/>
 <node id="9957076845" visible="true" version="1" changeset="124974452" timestamp="2022-08-16T14:04:04Z" user="Elch12" uid="20736" lat="50.1258614" lon="8.6743600"/>
 <node id="9970174215" visible="true" version="2" changeset="153215987" timestamp="2024-06-26T18:29:05Z" user="Mah" uid="138433" lat="50.1115072" lon="8.6628941"/>
 <node id="9970174216" visible="true" version="2" changeset="153215987" timestamp="2024-06-26T18:29:05Z" user="Mah" uid="138433" lat="50.1107484" lon="8.6634759"/>
 <node id="9990024825" visible="true" version="2" changeset="131194840" timestamp="2023-01-12T15:45:54Z" user="xxzzyy" uid="18190917" lat="50.1235476" lon="8.6649911">
  <tag k="amenity" v="bicycle_parking"/>
  <tag k="bicycle_parking" v="stands"/>
  <tag k="capacity" v="8"/>
  <tag k="covered" v="no"/>
 </node>
 <node id="10002316731" visible="true" version="1" changeset="125819408" timestamp="2022-09-05T15:04:48Z" user="Grauer Elefant" uid="3301825" lat="50.1305682" lon="8.6675465"/>
 <node id="10072796964" visible="true" version="5" changeset="168199806" timestamp="2025-06-27T18:37:56Z" user="saitam" uid="90020" lat="50.1236824" lon="8.6646618">
  <tag k="amenity" v="bench"/>
  <tag k="armrest" v="yes"/>
  <tag k="backrest" v="yes"/>
  <tag k="material" v="wood"/>
  <tag k="seats" v="3"/>
 </node>
 <node id="10184373864" visible="true" version="1" changeset="128910210" timestamp="2022-11-14T21:26:25Z" user="F164" uid="14475408" lat="50.1224925" lon="8.6585026"/>
 <node id="10226047086" visible="true" version="1" changeset="129528995" timestamp="2022-11-29T16:41:46Z" user="Max--" uid="34555" lat="50.1323588" lon="8.6595185"/>
 <node id="10226047087" visible="true" version="1" changeset="129528995" timestamp="2022-11-29T16:41:46Z" user="Max--" uid="34555" lat="50.1328597" lon="8.6583689"/>
 <node id="10226047088" visible="true" version="1" changeset="129528995" timestamp="2022-11-29T16:41:46Z" user="Max--" uid="34555" lat="50.1330871" lon="8.6580808"/>
 <node id="10226047106" visible="true" version="1" changeset="129528995" timestamp="2022-11-29T16:41:46Z" user="Max--" uid="34555" lat="50.1337044" lon="8.6574087"/>
 <node id="10226047110" visible="true" version="1" changeset="129528995" timestamp="2022-11-29T16:41:46Z" user="Max--" uid="34555" lat="50.1337027" lon="8.6573020"/>
 <node id="10226072334" visible="true" version="1" changeset="129528995" timestamp="2022-11-29T16:41:46Z" user="Max--" uid="34555" lat="50.1335385" lon="8.6574674"/>
 <node id="10226072335" visible="true" version="1" changeset="129528995" timestamp="2022-11-29T16:41:46Z" user="Max--" uid="34555" lat="50.1332906" lon="8.6576727"/>
 <node id="10226072336" visible="true" version="1" changeset="129528995" timestamp="2022-11-29T16:41:46Z" user="Max--" uid="34555" lat="50.1327349" lon="8.6584089"/>
 <node id="10226072337" visible="true" version="1" changeset="129528995" timestamp="2022-11-29T16:41:46Z" user="Max--" uid="34555" lat="50.1323383" lon="8.6594092"/>
 <node id="10226072338" visible="true" version="1" changeset="129528995" timestamp="2022-11-29T16:41:46Z" user="Max--" uid="34555" lat="50.1319433" lon="8.6608416"/>
 <node id="10226072339" visible="true" version="1" changeset="129528995" timestamp="2022-11-29T16:41:46Z" user="Max--" uid="34555" lat="50.1314577" lon="8.6627487"/>
 <node id="10226072340" visible="true" version="1" changeset="129528995" timestamp="2022-11-29T16:41:46Z" user="Max--" uid="34555" lat="50.1309960" lon="8.6633835"/>
 <node id="10226072341" visible="true" version="1" changeset="129528995" timestamp="2022-11-29T16:41:46Z" user="Max--" uid="34555" lat="50.1263587" lon="8.6657628"/>
 <node id="10226072342" visible="true" version="1" changeset="129528995" timestamp="2022-11-29T16:41:46Z" user="Max--" uid="34555" lat="50.1254216" lon="8.6652880"/>
 <node id="10226072343" visible="true" version="1" changeset="129528995" timestamp="2022-11-29T16:41:46Z" user="Max--" uid="34555" lat="50.1237097" lon="8.6542852"/>
 <node id="10226072344" visible="true" version="1" changeset="129528995" timestamp="2022-11-29T16:41:46Z" user="Max--" uid="34555" lat="50.1230907" lon="8.6535890"/>
 <node id="10226072345" visible="true" version="1" changeset="129528995" timestamp="2022-11-29T16:41:46Z" user="Max--" uid="34555" lat="50.1239304" lon="8.6549494"/>
 <node id="10226072346" visible="true" version="1" changeset="129528995" timestamp="2022-11-29T16:41:46Z" user="Max--" uid="34555" lat="50.1271384" lon="8.6659469"/>
 <node id="10226072347" visible="true" version="1" changeset="129528995" timestamp="2022-11-29T16:41:46Z" user="Max--" uid="34555" lat="50.1259380" lon="8.6657068"/>
 <node id="10226072348" visible="true" version="1" changeset="129528995" timestamp="2022-11-29T16:41:46Z" user="Max--" uid="34555" lat="50.1235285" lon="8.6539891"/>
 <node id="10226072349" visible="true" version="1" changeset="129528995" timestamp="2022-11-29T16:41:46Z" user="Max--" uid="34555" lat="50.1235926" lon="8.6539585"/>
 <node id="10226072350" visible="true" version="1" changeset="129528995" timestamp="2022-11-29T16:41:46Z" user="Max--" uid="34555" lat="50.1233181" lon="8.6537011"/>
 <node id="10308797915" visible="true" version="1" changeset="130908390" timestamp="2023-01-05T14:02:29Z" user="oha" uid="8204" lat="50.1314217" lon="8.6630304"/>
 <node id="10313879526" visible="true" version="2" changeset="164255859" timestamp="2025-03-29T16:12:39Z" user="mueschel" uid="616774" lat="50.1239837" lon="8.6671760"/>
 <node id="10313879529" visible="true" version="1" changeset="131000277" timestamp="2023-01-08T00:44:01Z" user="oha" uid="8204" lat="50.1236454" lon="8.6647331"/>
 <node id="10313879530" visible="true" version="1" changeset="131000277" timestamp="2023-01-08T00:44:01Z" user="oha" uid="8204" lat="50.1234119" lon="8.6646037"/>
 <node id="10313879531" visible="true" version="1" changeset="131000277" timestamp="2023-01-08T00:44:01Z" user="oha" uid="8204" lat="50.1229252" lon="8.6647646"/>
 <node id="10313879534" visible="true" version="1" changeset="131000277" timestamp="2023-01-08T00:44:01Z" user="oha" uid="8204" lat="50.1234488" lon="8.6650516"/>
 <node id="10313879535" visible="true" version="1" changeset="131000277" timestamp="2023-01-08T00:44:01Z" user="oha" uid="8204" lat="50.1232631" lon="8.6654869"/>
 <node id="10315194882" visible="true" version="1" changeset="131024332" timestamp="2023-01-08T17:38:11Z" user="oha" uid="8204" lat="50.1181278" lon="8.6530174"/>
 <node id="10621547984" visible="true" version="4" changeset="167750432" timestamp="2025-06-17T18:06:47Z" user="Osmwithspace" uid="8770388" lat="50.1253725" lon="8.6658585">
  <tag k="access" v="yes"/>
  <tag k="description" v="Can be accessed during business hours of the library via the 3rd floor only"/>
  <tag k="elevator:type" v="paternoster"/>
  <tag k="highway" v="elevator"/>
  <tag k="opening_hours" v="Mo-Fr 08:00-18:00"/>
 </node>
 <node id="10769464060" visible="true" version="1" changeset="134235077" timestamp="2023-03-28T20:14:44Z" user="Ikuta" uid="2217888" lat="50.1260151" lon="8.6660148">
  <tag k="natural" v="tree"/>
 </node>
 <node id="10769464062" visible="true" version="1" changeset="134235077" timestamp="2023-03-28T20:14:44Z" user="Ikuta" uid="2217888" lat="50.1255652" lon="8.6662495">
  <tag k="natural" v="tree"/>
 </node>
 <node id="10769464063" visible="true" version="1" changeset="134235077" timestamp="2023-03-28T20:14:44Z" user="Ikuta" uid="2217888" lat="50.1256274" lon="8.6656677">
  <tag k="natural" v="tree"/>
 </node>
 <node id="10914756675" visible="true" version="1" changeset="136351990" timestamp="2023-05-20T20:15:09Z" user="elumbella" uid="298209" lat="50.1223030" lon="8.6755365"/>
 <node id="10923772297" visible="true" version="2" changeset="150886454" timestamp="2024-05-04T15:47:28Z" user="ScharadaCompletesTheMap" uid="14057166" lat="50.1193700" lon="8.6551065">
  <tag k="access" v="private"/>
  <tag k="amenity" v="parking"/>
  <tag k="layer" v="-1"/>
  <tag k="parking" v="underground"/>
 </node>
 <node id="11125275737" visible="true" version="1" changeset="140058760" timestamp="2023-08-18T13:37:22Z" user="Stadtvermessung_Frankfurt" uid="20007941" lat="50.1243777" lon="8.6697472"/>
 <node id="11136108289" visible="true" version="1" changeset="140226177" timestamp="2023-08-22T12:11:38Z" user="skotek" uid="20075511" lat="50.1259578" lon="8.6572354"/>
 <node id="11233742802" visible="true" version="1" changeset="142042910" timestamp="2023-10-02T14:39:07Z" user="ManuelB701" uid="16813270" lat="50.1235117" lon="8.6647984"/>
 <node id="11233742803" visible="true" version="1" changeset="142042910" timestamp="2023-10-02T14:39:07Z" user="ManuelB701" uid="16813270" lat="50.1234788" lon="8.6647253"/>
 <node id="11233742804" visible="true" version="1" changeset="142042910" timestamp="2023-10-02T14:39:07Z" user="ManuelB701" uid="16813270" lat="50.1234678" lon="8.6647288"/>
 <node id="11233742805" visible="true" version="1" changeset="142042910" timestamp="2023-10-02T14:39:07Z" user="ManuelB701" uid="16813270" lat="50.1235142" lon="8.6647813"/>
 <node id="11233742806" visible="true" version="1" changeset="142042910" timestamp="2023-10-02T14:39:07Z" user="ManuelB701" uid="16813270" lat="50.1235129" lon="8.6647638"/>
 <node id="11233742807" visible="true" version="1" changeset="142042910" timestamp="2023-10-02T14:39:07Z" user="ManuelB701" uid="16813270" lat="50.1235080" lon="8.6647479"/>
 <node id="11233742808" visible="true" version="1" changeset="142042910" timestamp="2023-10-02T14:39:07Z" user="ManuelB701" uid="16813270" lat="50.1235001" lon="8.6647354"/>
 <node id="11233742809" visible="true" version="1" changeset="142042910" timestamp="2023-10-02T14:39:07Z" user="ManuelB701" uid="16813270" lat="50.1234900" lon="8.6647275"/>
 <node id="11233742810" visible="true" version="1" changeset="142042910" timestamp="2023-10-02T14:39:07Z" user="ManuelB701" uid="16813270" lat="50.1234582" lon="8.6647377"/>
 <node id="11233742811" visible="true" version="1" changeset="142042910" timestamp="2023-10-02T14:39:07Z" user="ManuelB701" uid="16813270" lat="50.1234509" lon="8.6647510"/>
 <node id="11233742812" visible="true" version="1" changeset="142042910" timestamp="2023-10-02T14:39:07Z" user="ManuelB701" uid="16813270" lat="50.1234467" lon="8.6647672"/>
 <node id="11233742813" visible="true" version="1" changeset="142042910" timestamp="2023-10-02T14:39:07Z" user="ManuelB701" uid="16813270" lat="50.1234462" lon="8.6647847"/>
 <node id="11233742814" visible="true" version="1" changeset="142042910" timestamp="2023-10-02T14:39:07Z" user="ManuelB701" uid="16813270" lat="50.1234493" lon="8.6648015"/>
 <node id="11233742815" visible="true" version="1" changeset="142042910" timestamp="2023-10-02T14:39:07Z" user="ManuelB701" uid="16813270" lat="50.1234558" lon="8.6648158"/>
 <node id="11233742816" visible="true" version="1" changeset="142042910" timestamp="2023-10-02T14:39:07Z" user="ManuelB701" uid="16813270" lat="50.1234648" lon="8.6648261"/>
 <node id="11233742817" visible="true" version="1" changeset="142042910" timestamp="2023-10-02T14:39:07Z" user="ManuelB701" uid="16813270" lat="50.1234755" lon="8.6648313"/>
 <node id="11233742818" visible="true" version="1" changeset="142042910" timestamp="2023-10-02T14:39:07Z" user="ManuelB701" uid="16813270" lat="50.1234868" lon="8.6648307"/>
 <node id="11233742819" visible="true" version="1" changeset="142042910" timestamp="2023-10-02T14:39:07Z" user="ManuelB701" uid="16813270" lat="50.1234972" lon="8.6648245"/>
 <node id="11233742820" visible="true" version="1" changeset="142042910" timestamp="2023-10-02T14:39:07Z" user="ManuelB701" uid="16813270" lat="50.1235059" lon="8.6648134"/>
 <node id="11286640940" visible="true" version="1" changeset="143075613" timestamp="2023-10-24T17:13:21Z" user="jodd" uid="160894" lat="50.1129872" lon="8.6682417"/>
 <node id="11659251179" visible="true" version="4" changeset="164529348" timestamp="2025-04-04T21:32:31Z" user="kjon" uid="44217" lat="50.1231292" lon="8.6587526">
  <tag k="amenity" v="charging_station"/>
  <tag k="capacity" v="2"/>
  <tag k="operator" v="EZE"/>
  <tag k="operator:wikidata" v="Q127690117"/>
 </node>
 <node id="11770818399" visible="true" version="2" changeset="165153618" timestamp="2025-04-19T13:19:18Z" user="Senihtu" uid="18511019" lat="50.1235130" lon="8.6645616">
  <tag k="barrier" v="sump_buster"/>
  <tag k="bus" v="yes"/>
  <tag k="emergency" v="yes"/>
 </node>
 <node id="11770818400" visible="true" version="1" changeset="149300453" timestamp="2024-03-29T08:33:19Z" user="skotek" uid="20075511" lat="50.1234996" lon="8.6645196"/>
 <node id="11770818401" visible="true" version="1" changeset="149300453" timestamp="2024-03-29T08:33:19Z" user="skotek" uid="20075511" lat="50.1235028" lon="8.6646408"/>
 <node id="11770818402" visible="true" version="1" changeset="149300453" timestamp="2024-03-29T08:33:19Z" user="skotek" uid="20075511" lat="50.1235257" lon="8.6646063">
  <tag k="traffic_sign" v="DE:267;1022-10;1026-32"/>
  <tag k="traffic_sign:direction" v="forward"/>
 </node>
 <node id="11829757639" visible="true" version="1" changeset="150204589" timestamp="2024-04-19T06:09:03Z" user="Anton Kasheuski" uid="20440591" lat="50.1235525" lon="8.6646900"/>
 <node id="11851982550" visible="true" version="1" changeset="150561140" timestamp="2024-04-27T00:28:17Z" user="frankfurtmapper" uid="21338930" lat="50.1260624" lon="8.6695217">
  <tag k="entrance" v="yes"/>
 </node>
 <node id="11851982562" visible="true" version="2" changeset="150597937" timestamp="2024-04-27T22:00:57Z" user="frankfurtmapper" uid="21338930" lat="50.1238240" lon="8.6656046"/>
 <node id="11851982563" visible="true" version="2" changeset="150597937" timestamp="2024-04-27T22:00:57Z" user="frankfurtmapper" uid="21338930" lat="50.1238986" lon="8.6655802"/>
 <node id="11851982564" visible="true" version="2" changeset="164255859" timestamp="2025-03-29T16:12:39Z" user="mueschel" uid="616774" lat="50.1240540" lon="8.6653834"/>
 <node id="11851982566" visible="true" version="3" changeset="164255859" timestamp="2025-03-29T16:12:39Z" user="mueschel" uid="616774" lat="50.1238115" lon="8.6654629">
  <tag k="access" v="private"/>
  <tag k="barrier" v="gate"/>
  <tag k="bicycle" v="yes"/>
  <tag k="foot" v="yes"/>
  <tag k="locked" v="no"/>
  <tag k="mofa" v="yes"/>
  <tag k="moped" v="yes"/>
  <tag k="motorcycle" v="yes"/>
 </node>
 <node id="11851982568" visible="true" version="3" changeset="164255859" timestamp="2025-03-29T16:12:39Z" user="mueschel" uid="616774" lat="50.1238210" lon="8.6656276"/>
 <node id="11852410073" visible="true" version="1" changeset="150561140" timestamp="2024-04-27T00:28:17Z" user="frankfurtmapper" uid="21338930" lat="50.1307067" lon="8.6685570">
  <tag k="access" v="yes"/>
  <tag k="barrier" v="block"/>
  <tag k="motor_vehicle" v="no"/>
 </node>
 <node id="11852410083" visible="true" version="1" changeset="150561140" timestamp="2024-04-27T00:28:17Z" user="frankfurtmapper" uid="21338930" lat="50.1267026" lon="8.6662327"/>
 <node id="11852410084" visible="true" version="1" changeset="150561140" timestamp="2024-04-27T00:28:17Z" user="frankfurtmapper" uid="21338930" lat="50.1266707" lon="8.6659848"/>
 <node id="11852410085" visible="true" version="1" changeset="150561140" timestamp="2024-04-27T00:28:17Z" user="frankfurtmapper" uid="21338930" lat="50.1266355" lon="8.6659958"/>
 <node id="11852410086" visible="true" version="2" changeset="151122955" timestamp="2024-05-09T23:52:17Z" user="frankfurtmapper" uid="21338930" lat="50.1266122" lon="8.6660026"/>
 <node id="11852410087" visible="true" version="2" changeset="151122955" timestamp="2024-05-09T23:52:17Z" user="frankfurtmapper" uid="21338930" lat="50.1266029" lon="8.6659307"/>
 <node id="11852410090" visible="true" version="2" changeset="151122955" timestamp="2024-05-09T23:52:17Z" user="frankfurtmapper" uid="21338930" lat="50.1264347" lon="8.6665175"/>
 <node id="11852410091" visible="true" version="2" changeset="151122955" timestamp="2024-05-09T23:52:17Z" user="frankfurtmapper" uid="21338930" lat="50.1266571" lon="8.6664515"/>
 <node id="11852410096" visible="true" version="1" changeset="150561140" timestamp="2024-04-27T00:28:17Z" user="frankfurtmapper" uid="21338930" lat="50.1265026" lon="8.6660130"/>
 <node id="11852410097" visible="true" version="1" changeset="150561140" timestamp="2024-04-27T00:28:17Z" user="frankfurtmapper" uid="21338930" lat="50.1265439" lon="8.6660059"/>
 <node id="11852410098" visible="true" version="1" changeset="150561140" timestamp="2024-04-27T00:28:17Z" user="frankfurtmapper" uid="21338930" lat="50.1249175" lon="8.6663738"/>
 <node id="11852410099" visible="true" version="1" changeset="150561140" timestamp="2024-04-27T00:28:17Z" user="frankfurtmapper" uid="21338930" lat="50.1249257" lon="8.6668133"/>
 <node id="11852410100" visible="true" version="1" changeset="150561140" timestamp="2024-04-27T00:28:17Z" user="frankfurtmapper" uid="21338930" lat="50.1249245" lon="8.6661071"/>
 <node id="11852410101" visible="true" version="2" changeset="150838343" timestamp="2024-05-03T13:36:42Z" user="frankfurtmapper" uid="21338930" lat="50.1249510" lon="8.6657221"/>
 <node id="11852410110" visible="true" version="3" changeset="168363319" timestamp="2025-07-01T17:01:27Z" user="r22r" uid="21853903" lat="50.1249906" lon="8.6657610">
  <tag k="barrier" v="bollard"/>
  <tag k="bollard" v="removable"/>
  <tag k="motor_vehicle" v="no"/>
 </node>
 <node id="11852410111" visible="true" version="1" changeset="150561140" timestamp="2024-04-27T00:28:17Z" user="frankfurtmapper" uid="21338930" lat="50.1249656" lon="8.6661930"/>
 <node id="11852410113" visible="true" version="3" changeset="168363319" timestamp="2025-07-01T17:01:38Z" user="r22r" uid="21853903" lat="50.1249687" lon="8.6666051">
  <tag k="barrier" v="bollard"/>
  <tag k="bollard" v="removable"/>
  <tag k="motor_vehicle" v="no"/>
 </node>
 <node id="11852410123" visible="true" version="2" changeset="150838343" timestamp="2024-05-03T13:36:42Z" user="frankfurtmapper" uid="21338930" lat="50.1251307" lon="8.6682029"/>
 <node id="11852410137" visible="true" version="1" changeset="150561140" timestamp="2024-04-27T00:28:17Z" user="frankfurtmapper" uid="21338930" lat="50.1241796" lon="8.6673778"/>
 <node id="11852410138" visible="true" version="1" changeset="150561140" timestamp="2024-04-27T00:28:17Z" user="frankfurtmapper" uid="21338930" lat="50.1242323" lon="8.6672625"/>
 <node id="11852410139" visible="true" version="1" changeset="150561140" timestamp="2024-04-27T00:28:17Z" user="frankfurtmapper" uid="21338930" lat="50.1243922" lon="8.6669796"/>
 <node id="11852410140" visible="true" version="1" changeset="150561140" timestamp="2024-04-27T00:28:17Z" user="frankfurtmapper" uid="21338930" lat="50.1244936" lon="8.6668215"/>
 <node id="11852410141" visible="true" version="1" changeset="150561140" timestamp="2024-04-27T00:28:17Z" user="frankfurtmapper" uid="21338930" lat="50.1246793" lon="8.6664539"/>
 <node id="11852410142" visible="true" version="1" changeset="150561140" timestamp="2024-04-27T00:28:17Z" user="frankfurtmapper" uid="21338930" lat="50.1248635" lon="8.6660775"/>
 <node id="11852410143" visible="true" version="1" changeset="150561140" timestamp="2024-04-27T00:28:17Z" user="frankfurtmapper" uid="21338930" lat="50.1249351" lon="8.6659311"/>
 <node id="11860872408" visible="true" version="2" changeset="164529348" timestamp="2025-04-04T21:32:31Z" user="kjon" uid="44217" lat="50.1254535" lon="8.6652495">
  <tag k="amenity" v="bicycle_rental"/>
  <tag k="brand" v="Call a Bike"/>
  <tag k="brand:wikidata" v="Q1060525"/>
  <tag k="network" v="Call a Bike"/>
  <tag k="network:wikidata" v="Q1060525"/>
  <tag k="operator" v="Deutsche Bahn Connect"/>
  <tag k="operator:type" v="private"/>
  <tag k="operator:wikidata" v="Q1152100"/>
 </node>
 <node id="11860872415" visible="true" version="2" changeset="164255859" timestamp="2025-03-29T16:12:39Z" user="mueschel" uid="616774" lat="50.1239307" lon="8.6655687"/>
 <node id="11860872420" visible="true" version="2" changeset="164255859" timestamp="2025-03-29T16:12:39Z" user="mueschel" uid="616774" lat="50.1238127" lon="8.6655202"/>
 <node id="11860872421" visible="true" version="2" changeset="164255859" timestamp="2025-03-29T16:12:39Z" user="mueschel" uid="616774" lat="50.1238873" lon="8.6654958"/>
 <node id="11860872423" visible="true" version="2" changeset="164255859" timestamp="2025-03-29T16:12:39Z" user="mueschel" uid="616774" lat="50.1239388" lon="8.6654201">
  <tag k="access" v="yes"/>
  <tag k="barrier" v="lift_gate"/>
  <tag k="motorcar" v="private"/>
 </node>
 <node id="11860872425" visible="true" version="2" changeset="164255859" timestamp="2025-03-29T16:12:39Z" user="mueschel" uid="616774" lat="50.1239879" lon="8.6655494"/>
 <node id="11860872432" visible="true" version="1" changeset="150597937" timestamp="2024-04-27T22:00:57Z" user="frankfurtmapper" uid="21338930" lat="50.1275289" lon="8.6661995"/>
 <node id="11860872439" visible="true" version="1" changeset="150597937" timestamp="2024-04-27T22:00:57Z" user="frankfurtmapper" uid="21338930" lat="50.1257418" lon="8.6683373">
  <tag k="entrance" v="staircase"/>
 </node>
 <node id="11860872440" visible="true" version="1" changeset="150597937" timestamp="2024-04-27T22:00:57Z" user="frankfurtmapper" uid="21338930" lat="50.1256040" lon="8.6677494">
  <tag k="entrance" v="staircase"/>
 </node>
 <node id="11860872441" visible="true" version="1" changeset="150597937" timestamp="2024-04-27T22:00:57Z" user="frankfurtmapper" uid="21338930" lat="50.1255180" lon="8.6671443">
  <tag k="entrance" v="staircase"/>
 </node>
 <node id="11860872442" visible="true" version="1" changeset="150597937" timestamp="2024-04-27T22:00:57Z" user="frankfurtmapper" uid="21338930" lat="50.1254834" lon="8.6665206">
  <tag k="entrance" v="staircase"/>
 </node>
 <node id="11860872447" visible="true" version="1" changeset="150597937" timestamp="2024-04-27T22:00:57Z" user="frankfurtmapper" uid="21338930" lat="50.1266495" lon="8.6703943"/>
 <node id="11860872459" visible="true" version="1" changeset="150597937" timestamp="2024-04-27T22:00:57Z" user="frankfurtmapper" uid="21338930" lat="50.1263686" lon="8.6704617"/>
 <node id="11860872461" visible="true" version="1" changeset="150597937" timestamp="2024-04-27T22:00:57Z" user="frankfurtmapper" uid="21338930" lat="50.1264530" lon="8.6703371"/>
 <node id="11860872462" visible="true" version="1" changeset="150597937" timestamp="2024-04-27T22:00:57Z" user="frankfurtmapper" uid="21338930" lat="50.1265843" lon="8.6703110"/>
 <node id="11860872463" visible="true" version="1" changeset="150597937" timestamp="2024-04-27T22:00:57Z" user="frankfurtmapper" uid="21338930" lat="50.1267505" lon="8.6703232"/>
 <node id="11860872464" visible="true" version="2" changeset="150639764" timestamp="2024-04-28T23:28:49Z" user="frankfurtmapper" uid="21338930" lat="50.1269090" lon="8.6703967"/>
 <node id="11862527054" visible="true" version="2" changeset="150638279" timestamp="2024-04-28T22:04:33Z" user="frankfurtmapper" uid="21338930" lat="50.1284130" lon="8.6658892">
  <tag k="barrier" v="bollard"/>
  <tag k="bollard" v="removable"/>
 </node>
 <node id="11862527055" visible="true" version="1" changeset="150626171" timestamp="2024-04-28T16:16:23Z" user="frankfurtmapper" uid="21338930" lat="50.1282208" lon="8.6670879">
  <tag k="barrier" v="bollard"/>
 </node>
 <node id="11862574474" visible="true" version="1" changeset="150626171" timestamp="2024-04-28T16:16:23Z" user="frankfurtmapper" uid="21338930" lat="50.1292474" lon="8.6656260"/>
 <node id="11862574475" visible="true" version="1" changeset="150626171" timestamp="2024-04-28T16:16:23Z" user="frankfurtmapper" uid="21338930" lat="50.1293778" lon="8.6653853"/>
 <node id="11863202094" visible="true" version="1" changeset="150638279" timestamp="2024-04-28T22:04:33Z" user="frankfurtmapper" uid="21338930" lat="50.1271276" lon="8.6697791">
  <tag k="barrier" v="swing_gate"/>
  <tag k="locked" v="no"/>
  <tag k="swing_gate:type" v="double"/>
 </node>
 <node id="11863202121" visible="true" version="1" changeset="150638279" timestamp="2024-04-28T22:04:33Z" user="frankfurtmapper" uid="21338930" lat="50.1288359" lon="8.6682706"/>
 <node id="11863202124" visible="true" version="1" changeset="150638279" timestamp="2024-04-28T22:04:33Z" user="frankfurtmapper" uid="21338930" lat="50.1264571" lon="8.6649469">
  <tag k="barrier" v="bollard"/>
  <tag k="bollard" v="removable"/>
  <tag k="motor_vehicle" v="no"/>
 </node>
 <node id="11863202156" visible="true" version="1" changeset="150638279" timestamp="2024-04-28T22:04:33Z" user="frankfurtmapper" uid="21338930" lat="50.1286902" lon="8.6664698"/>
 <node id="11863202159" visible="true" version="1" changeset="150638279" timestamp="2024-04-28T22:04:33Z" user="frankfurtmapper" uid="21338930" lat="50.1292587" lon="8.6639225"/>
 <node id="11863292802" visible="true" version="1" changeset="150639764" timestamp="2024-04-28T23:28:49Z" user="frankfurtmapper" uid="21338930" lat="50.1277394" lon="8.6707316"/>
 <node id="11863292812" visible="true" version="1" changeset="150639764" timestamp="2024-04-28T23:28:49Z" user="frankfurtmapper" uid="21338930" lat="50.1267075" lon="8.6683165"/>
 <node id="11863292813" visible="true" version="1" changeset="150639764" timestamp="2024-04-28T23:28:49Z" user="frankfurtmapper" uid="21338930" lat="50.1269727" lon="8.6680644"/>
 <node id="11863292814" visible="true" version="1" changeset="150639764" timestamp="2024-04-28T23:28:49Z" user="frankfurtmapper" uid="21338930" lat="50.1269051" lon="8.6675764"/>
 <node id="11863292821" visible="true" version="2" changeset="151101264" timestamp="2024-05-09T13:45:45Z" user="frankfurtmapper" uid="21338930" lat="50.1268846" lon="8.6688730"/>
 <node id="11863292826" visible="true" version="2" changeset="151101264" timestamp="2024-05-09T13:45:45Z" user="frankfurtmapper" uid="21338930" lat="50.1271107" lon="8.6695910"/>
 <node id="11863292830" visible="true" version="1" changeset="150639764" timestamp="2024-04-28T23:28:49Z" user="frankfurtmapper" uid="21338930" lat="50.1270093" lon="8.6704615"/>
 <node id="11863292843" visible="true" version="1" changeset="150639764" timestamp="2024-04-28T23:28:49Z" user="frankfurtmapper" uid="21338930" lat="50.1269938" lon="8.6705545"/>
 <node id="11863292853" visible="true" version="2" changeset="151122955" timestamp="2024-05-09T23:52:17Z" user="frankfurtmapper" uid="21338930" lat="50.1263831" lon="8.6659895"/>
 <node id="11863292858" visible="true" version="1" changeset="150639764" timestamp="2024-04-28T23:28:49Z" user="frankfurtmapper" uid="21338930" lat="50.1258454" lon="8.6649580"/>
 <node id="11863292862" visible="true" version="2" changeset="151101264" timestamp="2024-05-09T13:45:45Z" user="frankfurtmapper" uid="21338930" lat="50.1266752" lon="8.6650479"/>
 <node id="11863292868" visible="true" version="2" changeset="151101264" timestamp="2024-05-09T13:45:45Z" user="frankfurtmapper" uid="21338930" lat="50.1238619" lon="8.6652739"/>
 <node id="11863320069" visible="true" version="2" changeset="151101264" timestamp="2024-05-09T13:45:45Z" user="frankfurtmapper" uid="21338930" lat="50.1241981" lon="8.6651699"/>
 <node id="11863320072" visible="true" version="1" changeset="150639764" timestamp="2024-04-28T23:28:49Z" user="frankfurtmapper" uid="21338930" lat="50.1260536" lon="8.6647633"/>
 <node id="11863320073" visible="true" version="1" changeset="150639764" timestamp="2024-04-28T23:28:49Z" user="frankfurtmapper" uid="21338930" lat="50.1262214" lon="8.6646857"/>
 <node id="11863320074" visible="true" version="1" changeset="150639764" timestamp="2024-04-28T23:28:49Z" user="frankfurtmapper" uid="21338930" lat="50.1262040" lon="8.6648072"/>
 <node id="11863320076" visible="true" version="1" changeset="150639764" timestamp="2024-04-28T23:28:49Z" user="frankfurtmapper" uid="21338930" lat="50.1249681" lon="8.6652101"/>
 <node id="11863320080" visible="true" version="1" changeset="150639764" timestamp="2024-04-28T23:28:49Z" user="frankfurtmapper" uid="21338930" lat="50.1263484" lon="8.6705612"/>
 <node id="11863320083" visible="true" version="2" changeset="150767900" timestamp="2024-05-01T20:27:23Z" user="frankfurtmapper" uid="21338930" lat="50.1259623" lon="8.6693415"/>
 <node id="11863320084" visible="true" version="1" changeset="150639764" timestamp="2024-04-28T23:28:49Z" user="frankfurtmapper" uid="21338930" lat="50.1263106" lon="8.6705926"/>
 <node id="11863320086" visible="true" version="1" changeset="150639764" timestamp="2024-04-28T23:28:49Z" user="frankfurtmapper" uid="21338930" lat="50.1241981" lon="8.6651699"/>
 <node id="11863320088" visible="true" version="1" changeset="150639764" timestamp="2024-04-28T23:28:49Z" user="frankfurtmapper" uid="21338930" lat="50.1238619" lon="8.6652739"/>
 <node id="11863320154" visible="true" version="1" changeset="150639764" timestamp="2024-04-28T23:28:49Z" user="frankfurtmapper" uid="21338930" lat="50.1266199" lon="8.6649832"/>
 <node id="11863320156" visible="true" version="1" changeset="150639764" timestamp="2024-04-28T23:28:49Z" user="frankfurtmapper" uid="21338930" lat="50.1270418" lon="8.6657272"/>
 <node id="11863320169" visible="true" version="1" changeset="150639764" timestamp="2024-04-28T23:28:49Z" user="frankfurtmapper" uid="21338930" lat="50.1260394" lon="8.6695437"/>
 <node id="11863320181" visible="true" version="1" changeset="150639764" timestamp="2024-04-28T23:28:49Z" user="frankfurtmapper" uid="21338930" lat="50.1255465" lon="8.6702725"/>
 <node id="11863320183" visible="true" version="1" changeset="150639764" timestamp="2024-04-28T23:28:49Z" user="frankfurtmapper" uid="21338930" lat="50.1243802" lon="8.6694637"/>
 <node id="11863320189" visible="true" version="1" changeset="150639764" timestamp="2024-04-28T23:28:49Z" user="frankfurtmapper" uid="21338930" lat="50.1246748" lon="8.6660853"/>
 <node id="11863320190" visible="true" version="1" changeset="150639764" timestamp="2024-04-28T23:28:49Z" user="frankfurtmapper" uid="21338930" lat="50.1246182" lon="8.6657226"/>
 <node id="11863320191" visible="true" version="1" changeset="150639764" timestamp="2024-04-28T23:28:49Z" user="frankfurtmapper" uid="21338930" lat="50.1244655" lon="8.6656909"/>
 <node id="11863320192" visible="true" version="2" changeset="164255859" timestamp="2025-03-29T16:12:39Z" user="mueschel" uid="616774" lat="50.1238587" lon="8.6658799"/>
 <node id="11863320193" visible="true" version="1" changeset="150639764" timestamp="2024-04-28T23:28:49Z" user="frankfurtmapper" uid="21338930" lat="50.1244018" lon="8.6658272"/>
 <node id="11863320194" visible="true" version="1" changeset="150639764" timestamp="2024-04-28T23:28:49Z" user="frankfurtmapper" uid="21338930" lat="50.1241079" lon="8.6657633"/>
 <node id="11863320195" visible="true" version="1" changeset="150639764" timestamp="2024-04-28T23:28:49Z" user="frankfurtmapper" uid="21338930" lat="50.1242641" lon="8.6657413"/>
 <node id="11863320205" visible="true" version="1" changeset="150639764" timestamp="2024-04-28T23:28:49Z" user="frankfurtmapper" uid="21338930" lat="50.1262901" lon="8.6661750">
  <tag k="highway" v="street_lamp"/>
  <tag k="lamp_mount" v="straight_mast"/>
  <tag k="support" v="pole"/>
 </node>
 <node id="11863320206" visible="true" version="1" changeset="150639764" timestamp="2024-04-28T23:28:49Z" user="frankfurtmapper" uid="21338930" lat="50.1262868" lon="8.6658984">
  <tag k="highway" v="street_lamp"/>
  <tag k="lamp_mount" v="straight_mast"/>
  <tag k="support" v="pole"/>
 </node>
 <node id="11863320207" visible="true" version="1" changeset="150639764" timestamp="2024-04-28T23:28:49Z" user="frankfurtmapper" uid="21338930" lat="50.1263048" lon="8.6656034">
  <tag k="highway" v="street_lamp"/>
  <tag k="lamp_mount" v="straight_mast"/>
  <tag k="support" v="pole"/>
 </node>
 <node id="11863320208" visible="true" version="1" changeset="150639764" timestamp="2024-04-28T23:28:49Z" user="frankfurtmapper" uid="21338930" lat="50.1257753" lon="8.6654925">
  <tag k="highway" v="street_lamp"/>
  <tag k="lamp_mount" v="straight_mast"/>
  <tag k="support" v="pole"/>
 </node>
 <node id="11863320209" visible="true" version="1" changeset="150639764" timestamp="2024-04-28T23:28:49Z" user="frankfurtmapper" uid="21338930" lat="50.1257580" lon="8.6657827">
  <tag k="highway" v="street_lamp"/>
  <tag k="lamp_mount" v="straight_mast"/>
  <tag k="support" v="pole"/>
 </node>
 <node id="11863320210" visible="true" version="1" changeset="150639764" timestamp="2024-04-28T23:28:49Z" user="frankfurtmapper" uid="21338930" lat="50.1257394" lon="8.6660752">
  <tag k="highway" v="street_lamp"/>
  <tag k="lamp_mount" v="straight_mast"/>
  <tag k="support" v="pole"/>
 </node>
 <node id="11863320227" visible="true" version="1" changeset="150639764" timestamp="2024-04-28T23:28:49Z" user="frankfurtmapper" uid="21338930" lat="50.1248987" lon="8.6662357">
  <tag k="highway" v="street_lamp"/>
  <tag k="lamp_mount" v="straight_mast"/>
  <tag k="support" v="pole"/>
 </node>
 <node id="11863320228" visible="true" version="1" changeset="150639764" timestamp="2024-04-28T23:28:49Z" user="frankfurtmapper" uid="21338930" lat="50.1249094" lon="8.6659448">
  <tag k="highway" v="street_lamp"/>
  <tag k="lamp_mount" v="straight_mast"/>
  <tag k="support" v="pole"/>
 </node>
 <node id="11863354281" visible="true" version="1" changeset="150640493" timestamp="2024-04-29T00:26:28Z" user="frankfurtmapper" uid="21338930" lat="50.1292858" lon="8.6641484"/>
 <node id="11863354282" visible="true" version="1" changeset="150640493" timestamp="2024-04-29T00:26:28Z" user="frankfurtmapper" uid="21338930" lat="50.1285604" lon="8.6638531"/>
 <node id="11863354283" visible="true" version="1" changeset="150640493" timestamp="2024-04-29T00:26:28Z" user="frankfurtmapper" uid="21338930" lat="50.1284256" lon="8.6639227"/>
 <node id="11863354285" visible="true" version="1" changeset="150640493" timestamp="2024-04-29T00:26:28Z" user="frankfurtmapper" uid="21338930" lat="50.1283900" lon="8.6658974"/>
 <node id="11863354300" visible="true" version="1" changeset="150640493" timestamp="2024-04-29T00:26:28Z" user="frankfurtmapper" uid="21338930" lat="50.1263625" lon="8.6662095">
  <tag k="backrest" v="yes"/>
  <tag k="bench" v="yes"/>
  <tag k="covered" v="yes"/>
  <tag k="leisure" v="picnic_table"/>
  <tag k="lit" v="no"/>
  <tag k="material" v="wood"/>
  <tag k="seats" v="6"/>
 </node>
 <node id="11863354301" visible="true" version="1" changeset="150640493" timestamp="2024-04-29T00:26:28Z" user="frankfurtmapper" uid="21338930" lat="50.1263670" lon="8.6662661">
  <tag k="backrest" v="yes"/>
  <tag k="bench" v="yes"/>
  <tag k="covered" v="yes"/>
  <tag k="leisure" v="picnic_table"/>
  <tag k="lit" v="no"/>
  <tag k="material" v="wood"/>
  <tag k="seats" v="6"/>
 </node>
 <node id="11872599123" visible="true" version="1" changeset="150767900" timestamp="2024-05-01T20:27:23Z" user="frankfurtmapper" uid="21338930" lat="50.1277920" lon="8.6672365"/>
 <node id="11872599139" visible="true" version="1" changeset="150767900" timestamp="2024-05-01T20:27:23Z" user="frankfurtmapper" uid="21338930" lat="50.1255823" lon="8.6672806"/>
 <node id="11872599140" visible="true" version="1" changeset="150767900" timestamp="2024-05-01T20:27:23Z" user="frankfurtmapper" uid="21338930" lat="50.1256347" lon="8.6673002"/>
 <node id="11872599141" visible="true" version="1" changeset="150767900" timestamp="2024-05-01T20:27:23Z" user="frankfurtmapper" uid="21338930" lat="50.1256778" lon="8.6673645"/>
 <node id="11872599142" visible="true" version="1" changeset="150767900" timestamp="2024-05-01T20:27:23Z" user="frankfurtmapper" uid="21338930" lat="50.1256863" lon="8.6674452"/>
 <node id="11872599149" visible="true" version="1" changeset="150767900" timestamp="2024-05-01T20:27:23Z" user="frankfurtmapper" uid="21338930" lat="50.1269957" lon="8.6704933"/>
 <node id="11872599160" visible="true" version="1" changeset="150767900" timestamp="2024-05-01T20:27:23Z" user="frankfurtmapper" uid="21338930" lat="50.1271121" lon="8.6700266"/>
 <node id="11872599161" visible="true" version="1" changeset="150767900" timestamp="2024-05-01T20:27:23Z" user="frankfurtmapper" uid="21338930" lat="50.1249131" lon="8.6660236"/>
 <node id="11872599162" visible="true" version="1" changeset="150767900" timestamp="2024-05-01T20:27:23Z" user="frankfurtmapper" uid="21338930" lat="50.1255416" lon="8.6683392"/>
 <node id="11876544639" visible="true" version="1" changeset="150838343" timestamp="2024-05-03T13:36:42Z" user="frankfurtmapper" uid="21338930" lat="50.1249659" lon="8.6670331"/>
 <node id="11876544640" visible="true" version="1" changeset="150838343" timestamp="2024-05-03T13:36:42Z" user="frankfurtmapper" uid="21338930" lat="50.1249888" lon="8.6670319"/>
 <node id="11876544641" visible="true" version="1" changeset="150838343" timestamp="2024-05-03T13:36:42Z" user="frankfurtmapper" uid="21338930" lat="50.1249917" lon="8.6657269"/>
 <node id="11876544656" visible="true" version="1" changeset="150838343" timestamp="2024-05-03T13:36:42Z" user="frankfurtmapper" uid="21338930" lat="50.1249809" lon="8.6656284"/>
 <node id="11876544658" visible="true" version="1" changeset="150838343" timestamp="2024-05-03T13:36:42Z" user="frankfurtmapper" uid="21338930" lat="50.1254739" lon="8.6663872"/>
 <node id="11876544659" visible="true" version="1" changeset="150838343" timestamp="2024-05-03T13:36:42Z" user="frankfurtmapper" uid="21338930" lat="50.1254197" lon="8.6663829"/>
 <node id="11876544660" visible="true" version="1" changeset="150838343" timestamp="2024-05-03T13:36:42Z" user="frankfurtmapper" uid="21338930" lat="50.1254278" lon="8.6661262"/>
 <node id="11876544661" visible="true" version="1" changeset="150838343" timestamp="2024-05-03T13:36:42Z" user="frankfurtmapper" uid="21338930" lat="50.1254820" lon="8.6661304"/>
 <node id="11876544664" visible="true" version="1" changeset="150838343" timestamp="2024-05-03T13:36:42Z" user="frankfurtmapper" uid="21338930" lat="50.1251393" lon="8.6655242">
  <tag k="natural" v="tree"/>
 </node>
 <node id="11876544665" visible="true" version="1" changeset="150838343" timestamp="2024-05-03T13:36:42Z" user="frankfurtmapper" uid="21338930" lat="50.1250567" lon="8.6655162">
  <tag k="natural" v="tree"/>
 </node>
 <node id="11876576475" visible="true" version="1" changeset="150838343" timestamp="2024-05-03T13:36:42Z" user="frankfurtmapper" uid="21338930" lat="50.1254838" lon="8.6665513"/>
 <node id="11876576487" visible="true" version="2" changeset="151101264" timestamp="2024-05-09T13:45:45Z" user="frankfurtmapper" uid="21338930" lat="50.1259202" lon="8.6690971"/>
 <node id="11876576488" visible="true" version="1" changeset="150838343" timestamp="2024-05-03T13:36:42Z" user="frankfurtmapper" uid="21338930" lat="50.1259768" lon="8.6692418"/>
 <node id="11876576491" visible="true" version="1" changeset="150838343" timestamp="2024-05-03T13:36:42Z" user="frankfurtmapper" uid="21338930" lat="50.1260202" lon="8.6688695"/>
 <node id="11876576492" visible="true" version="1" changeset="150838343" timestamp="2024-05-03T13:36:42Z" user="frankfurtmapper" uid="21338930" lat="50.1260207" lon="8.6689463"/>
 <node id="11876576493" visible="true" version="1" changeset="150838343" timestamp="2024-05-03T13:36:42Z" user="frankfurtmapper" uid="21338930" lat="50.1259337" lon="8.6682073"/>
 <node id="11876576494" visible="true" version="2" changeset="151101264" timestamp="2024-05-09T13:45:45Z" user="frankfurtmapper" uid="21338930" lat="50.1256927" lon="8.6665206"/>
 <node id="11876576500" visible="true" version="1" changeset="150838343" timestamp="2024-05-03T13:36:42Z" user="frankfurtmapper" uid="21338930" lat="50.1254269" lon="8.6659952"/>
 <node id="11876576502" visible="true" version="2" changeset="151109297" timestamp="2024-05-09T16:33:19Z" user="frankfurtmapper" uid="21338930" lat="50.1251463" lon="8.6656228"/>
 <node id="11876576503" visible="true" version="2" changeset="151109297" timestamp="2024-05-09T16:33:19Z" user="frankfurtmapper" uid="21338930" lat="50.1251545" lon="8.6655003"/>
 <node id="11876576530" visible="true" version="1" changeset="150838343" timestamp="2024-05-03T13:36:42Z" user="frankfurtmapper" uid="21338930" lat="50.1252245" lon="8.6677111"/>
 <node id="11876576531" visible="true" version="1" changeset="150838343" timestamp="2024-05-03T13:36:42Z" user="frankfurtmapper" uid="21338930" lat="50.1251796" lon="8.6674064"/>
 <node id="11891470498" visible="true" version="2" changeset="151109297" timestamp="2024-05-09T16:33:19Z" user="frankfurtmapper" uid="21338930" lat="50.1254074" lon="8.6657387">
  <tag k="entrance" v="emergency"/>
 </node>
 <node id="11891470499" visible="true" version="2" changeset="151109297" timestamp="2024-05-09T16:33:19Z" user="frankfurtmapper" uid="21338930" lat="50.1253748" lon="8.6657318"/>
 <node id="11891470504" visible="true" version="2" changeset="151109297" timestamp="2024-05-09T16:33:19Z" user="frankfurtmapper" uid="21338930" lat="50.1253876" lon="8.6655378"/>
 <node id="11891470506" visible="true" version="1" changeset="151101264" timestamp="2024-05-09T13:45:45Z" user="frankfurtmapper" uid="21338930" lat="50.1265558" lon="8.6662722">
  <tag k="leaf_cycle" v="deciduous"/>
  <tag k="leaf_type" v="broadleaved"/>
  <tag k="natural" v="tree"/>
 </node>
 <node id="11891470509" visible="true" version="1" changeset="151101264" timestamp="2024-05-09T13:45:45Z" user="frankfurtmapper" uid="21338930" lat="50.1264490" lon="8.6662576">
  <tag k="leaf_cycle" v="deciduous"/>
  <tag k="leaf_type" v="broadleaved"/>
  <tag k="natural" v="tree"/>
 </node>
 <node id="11891470510" visible="true" version="1" changeset="151101264" timestamp="2024-05-09T13:45:45Z" user="frankfurtmapper" uid="21338930" lat="50.1264457" lon="8.6661879">
  <tag k="leaf_cycle" v="deciduous"/>
  <tag k="leaf_type" v="broadleaved"/>
  <tag k="natural" v="tree"/>
 </node>
 <node id="11891470511" visible="true" version="1" changeset="151101264" timestamp="2024-05-09T13:45:45Z" user="frankfurtmapper" uid="21338930" lat="50.1264614" lon="8.6661226">
  <tag k="leaf_cycle" v="deciduous"/>
  <tag k="leaf_type" v="broadleaved"/>
  <tag k="natural" v="tree"/>
 </node>
 <node id="11891470512" visible="true" version="1" changeset="151101264" timestamp="2024-05-09T13:45:45Z" user="frankfurtmapper" uid="21338930" lat="50.1264980" lon="8.6660978">
  <tag k="leaf_cycle" v="deciduous"/>
  <tag k="leaf_type" v="broadleaved"/>
  <tag k="natural" v="tree"/>
 </node>
 <node id="11891470513" visible="true" version="1" changeset="151101264" timestamp="2024-05-09T13:45:45Z" user="frankfurtmapper" uid="21338930" lat="50.1265329" lon="8.6661056">
  <tag k="leaf_cycle" v="deciduous"/>
  <tag k="leaf_type" v="broadleaved"/>
  <tag k="natural" v="tree"/>
 </node>
 <node id="11891470514" visible="true" version="1" changeset="151101264" timestamp="2024-05-09T13:45:45Z" user="frankfurtmapper" uid="21338930" lat="50.1265632" lon="8.6661396">
  <tag k="leaf_cycle" v="deciduous"/>
  <tag k="leaf_type" v="broadleaved"/>
  <tag k="natural" v="tree"/>
 </node>
 <node id="11891470518" visible="true" version="1" changeset="151101264" timestamp="2024-05-09T13:45:45Z" user="frankfurtmapper" uid="21338930" lat="50.1259223" lon="8.6692361"/>
 <node id="11891477897" visible="true" version="1" changeset="151101264" timestamp="2024-05-09T13:45:45Z" user="frankfurtmapper" uid="21338930" lat="50.1282625" lon="8.6684666"/>
 <node id="11891477912" visible="true" version="1" changeset="151101264" timestamp="2024-05-09T13:45:45Z" user="frankfurtmapper" uid="21338930" lat="50.1268977" lon="8.6663861"/>
 <node id="11891477913" visible="true" version="1" changeset="151101264" timestamp="2024-05-09T13:45:45Z" user="frankfurtmapper" uid="21338930" lat="50.1269838" lon="8.6657201"/>
 <node id="11891477914" visible="true" version="1" changeset="151101264" timestamp="2024-05-09T13:45:45Z" user="frankfurtmapper" uid="21338930" lat="50.1269857" lon="8.6658535"/>
 <node id="11891477916" visible="true" version="2" changeset="151122955" timestamp="2024-05-09T23:52:17Z" user="frankfurtmapper" uid="21338930" lat="50.1263141" lon="8.6659958"/>
 <node id="11891477919" visible="true" version="1" changeset="151101264" timestamp="2024-05-09T13:45:45Z" user="frankfurtmapper" uid="21338930" lat="50.1263642" lon="8.6656700"/>
 <node id="11891477920" visible="true" version="2" changeset="164255859" timestamp="2025-03-29T16:12:39Z" user="mueschel" uid="616774" lat="50.1256443" lon="8.6644172"/>
 <node id="11891477921" visible="true" version="1" changeset="151101264" timestamp="2024-05-09T13:45:45Z" user="frankfurtmapper" uid="21338930" lat="50.1258216" lon="8.6643399"/>
 <node id="11891477922" visible="true" version="1" changeset="151101264" timestamp="2024-05-09T13:45:45Z" user="frankfurtmapper" uid="21338930" lat="50.1249551" lon="8.6654064"/>
 <node id="11891477923" visible="true" version="2" changeset="164255859" timestamp="2025-03-29T16:12:39Z" user="mueschel" uid="616774" lat="50.1253548" lon="8.6645757"/>
 <node id="11891477924" visible="true" version="1" changeset="151101264" timestamp="2024-05-09T13:45:45Z" user="frankfurtmapper" uid="21338930" lat="50.1250515" lon="8.6648428"/>
 <node id="11891477925" visible="true" version="1" changeset="151101264" timestamp="2024-05-09T13:45:45Z" user="frankfurtmapper" uid="21338930" lat="50.1250515" lon="8.6648428"/>
 <node id="11891477926" visible="true" version="2" changeset="164255859" timestamp="2025-03-29T16:12:39Z" user="mueschel" uid="616774" lat="50.1241014" lon="8.6651051"/>
 <node id="11891477938" visible="true" version="1" changeset="151101264" timestamp="2024-05-09T13:45:45Z" user="frankfurtmapper" uid="21338930" lat="50.1288255" lon="8.6656922"/>
 <node id="11891477939" visible="true" version="1" changeset="151101264" timestamp="2024-05-09T13:45:45Z" user="frankfurtmapper" uid="21338930" lat="50.1290212" lon="8.6671851"/>
 <node id="11891477940" visible="true" version="1" changeset="151101264" timestamp="2024-05-09T13:45:45Z" user="frankfurtmapper" uid="21338930" lat="50.1288062" lon="8.6672590"/>
 <node id="11891477941" visible="true" version="1" changeset="151101264" timestamp="2024-05-09T13:45:45Z" user="frankfurtmapper" uid="21338930" lat="50.1289491" lon="8.6682354"/>
 <node id="11891477942" visible="true" version="1" changeset="151101264" timestamp="2024-05-09T13:45:45Z" user="frankfurtmapper" uid="21338930" lat="50.1277433" lon="8.6707598"/>
 <node id="11891807660" visible="true" version="1" changeset="151109297" timestamp="2024-05-09T16:33:19Z" user="frankfurtmapper" uid="21338930" lat="50.1251443" lon="8.6656535"/>
 <node id="11892494739" visible="true" version="1" changeset="151123093" timestamp="2024-05-10T00:02:58Z" user="frankfurtmapper" uid="21338930" lat="50.1276234" lon="8.6661669"/>
 <node id="11892504304" visible="true" version="1" changeset="151122955" timestamp="2024-05-09T23:52:17Z" user="frankfurtmapper" uid="21338930" lat="50.1263571" lon="8.6666070"/>
 <node id="11892504306" visible="true" version="1" changeset="151122955" timestamp="2024-05-09T23:52:17Z" user="frankfurtmapper" uid="21338930" lat="50.1262980" lon="8.6670640"/>
 <node id="11892504307" visible="true" version="1" changeset="151122955" timestamp="2024-05-09T23:52:17Z" user="frankfurtmapper" uid="21338930" lat="50.1262721" lon="8.6669052"/>
 <node id="11892504308" visible="true" version="1" changeset="151122955" timestamp="2024-05-09T23:52:17Z" user="frankfurtmapper" uid="21338930" lat="50.1257640" lon="8.6670316"/>
 <node id="11892504309" visible="true" version="1" changeset="151122955" timestamp="2024-05-09T23:52:17Z" user="frankfurtmapper" uid="21338930" lat="50.1263452" lon="8.6674409"/>
 <node id="11892504310" visible="true" version="1" changeset="151122955" timestamp="2024-05-09T23:52:17Z" user="frankfurtmapper" uid="21338930" lat="50.1256868" lon="8.6669733"/>
 <node id="11892504311" visible="true" version="1" changeset="151122955" timestamp="2024-05-09T23:52:17Z" user="frankfurtmapper" uid="21338930" lat="50.1254233" lon="8.6670161"/>
 <node id="11892504312" visible="true" version="1" changeset="151122955" timestamp="2024-05-09T23:52:17Z" user="frankfurtmapper" uid="21338930" lat="50.1251319" lon="8.6674221"/>
 <node id="11892504313" visible="true" version="1" changeset="151122955" timestamp="2024-05-09T23:52:17Z" user="frankfurtmapper" uid="21338930" lat="50.1249716" lon="8.6679833"/>
 <node id="11892504314" visible="true" version="1" changeset="151122955" timestamp="2024-05-09T23:52:17Z" user="frankfurtmapper" uid="21338930" lat="50.1250612" lon="8.6670243"/>
 <node id="11892504315" visible="true" version="1" changeset="151122955" timestamp="2024-05-09T23:52:17Z" user="frankfurtmapper" uid="21338930" lat="50.1249171" lon="8.6670383"/>
 <node id="11892504316" visible="true" version="1" changeset="151122955" timestamp="2024-05-09T23:52:17Z" user="frankfurtmapper" uid="21338930" lat="50.1248754" lon="8.6673118"/>
 <node id="11892504317" visible="true" version="1" changeset="151122955" timestamp="2024-05-09T23:52:17Z" user="frankfurtmapper" uid="21338930" lat="50.1250808" lon="8.6682322"/>
 <node id="11892504318" visible="true" version="1" changeset="151122955" timestamp="2024-05-09T23:52:17Z" user="frankfurtmapper" uid="21338930" lat="50.1252179" lon="8.6681518"/>
 <node id="11892504319" visible="true" version="1" changeset="151122955" timestamp="2024-05-09T23:52:17Z" user="frankfurtmapper" uid="21338930" lat="50.1251788" lon="8.6677314"/>
 <node id="11892504320" visible="true" version="1" changeset="151122955" timestamp="2024-05-09T23:52:17Z" user="frankfurtmapper" uid="21338930" lat="50.1258092" lon="8.6677729"/>
 <node id="11892504321" visible="true" version="1" changeset="151122955" timestamp="2024-05-09T23:52:17Z" user="frankfurtmapper" uid="21338930" lat="50.1255441" lon="8.6678963"/>
 <node id="11892504322" visible="true" version="1" changeset="151122955" timestamp="2024-05-09T23:52:17Z" user="frankfurtmapper" uid="21338930" lat="50.1258559" lon="8.6676784"/>
 <node id="11892504323" visible="true" version="1" changeset="151122955" timestamp="2024-05-09T23:52:17Z" user="frankfurtmapper" uid="21338930" lat="50.1263263" lon="8.6672859"/>
 <node id="11892504324" visible="true" version="1" changeset="151122955" timestamp="2024-05-09T23:52:17Z" user="frankfurtmapper" uid="21338930" lat="50.1264549" lon="8.6672489"/>
 <node id="11892504325" visible="true" version="1" changeset="151122955" timestamp="2024-05-09T23:52:17Z" user="frankfurtmapper" uid="21338930" lat="50.1266779" lon="8.6683447"/>
 <node id="11892504326" visible="true" version="1" changeset="151122955" timestamp="2024-05-09T23:52:17Z" user="frankfurtmapper" uid="21338930" lat="50.1269019" lon="8.6675428"/>
 <node id="11892504330" visible="true" version="1" changeset="151122955" timestamp="2024-05-09T23:52:17Z" user="frankfurtmapper" uid="21338930" lat="50.1265989" lon="8.6659393"/>
 <node id="11892504331" visible="true" version="1" changeset="151122955" timestamp="2024-05-09T23:52:17Z" user="frankfurtmapper" uid="21338930" lat="50.1264989" lon="8.6659632"/>
 <node id="11892504332" visible="true" version="1" changeset="151122955" timestamp="2024-05-09T23:52:17Z" user="frankfurtmapper" uid="21338930" lat="50.1265402" lon="8.6659529"/>
 <node id="11892504336" visible="true" version="1" changeset="151122955" timestamp="2024-05-09T23:52:17Z" user="frankfurtmapper" uid="21338930" lat="50.1254189" lon="8.6654815"/>
 <node id="11892504337" visible="true" version="1" changeset="151122955" timestamp="2024-05-09T23:52:17Z" user="frankfurtmapper" uid="21338930" lat="50.1256803" lon="8.6660858"/>
 <node id="11892504338" visible="true" version="1" changeset="151122955" timestamp="2024-05-09T23:52:17Z" user="frankfurtmapper" uid="21338930" lat="50.1256686" lon="8.6664761"/>
 <node id="11892504339" visible="true" version="1" changeset="151122955" timestamp="2024-05-09T23:52:17Z" user="frankfurtmapper" uid="21338930" lat="50.1254828" lon="8.6664751"/>
 <node id="11892504340" visible="true" version="1" changeset="151122955" timestamp="2024-05-09T23:52:17Z" user="frankfurtmapper" uid="21338930" lat="50.1254109" lon="8.6661030"/>
 <node id="11892504341" visible="true" version="1" changeset="151122955" timestamp="2024-05-09T23:52:17Z" user="frankfurtmapper" uid="21338930" lat="50.1255591" lon="8.6661224"/>
 <node id="11892504342" visible="true" version="1" changeset="151122955" timestamp="2024-05-09T23:52:17Z" user="frankfurtmapper" uid="21338930" lat="50.1256497" lon="8.6661366"/>
 <node id="11892504343" visible="true" version="1" changeset="151122955" timestamp="2024-05-09T23:52:17Z" user="frankfurtmapper" uid="21338930" lat="50.1256637" lon="8.6661177"/>
 <node id="11892504344" visible="true" version="1" changeset="151122955" timestamp="2024-05-09T23:52:17Z" user="frankfurtmapper" uid="21338930" lat="50.1256680" lon="8.6665494"/>
 <node id="11892504346" visible="true" version="1" changeset="151122955" timestamp="2024-05-09T23:52:17Z" user="frankfurtmapper" uid="21338930" lat="50.1257316" lon="8.6683010"/>
 <node id="11892504347" visible="true" version="1" changeset="151122955" timestamp="2024-05-09T23:52:17Z" user="frankfurtmapper" uid="21338930" lat="50.1257824" lon="8.6687473"/>
 <node id="12012982289" visible="true" version="1" changeset="153215987" timestamp="2024-06-26T18:29:05Z" user="Mah" uid="138433" lat="50.1147240" lon="8.6515980"/>
 <node id="12012982297" visible="true" version="1" changeset="153215987" timestamp="2024-06-26T18:29:05Z" user="Mah" uid="138433" lat="50.1144563" lon="8.6517801"/>
 <node id="12012982298" visible="true" version="1" changeset="153215987" timestamp="2024-06-26T18:29:05Z" user="Mah" uid="138433" lat="50.1144417" lon="8.6520297"/>
 <node id="12012982299" visible="true" version="1" changeset="153215987" timestamp="2024-06-26T18:29:05Z" user="Mah" uid="138433" lat="50.1144018" lon="8.6522904"/>
 <node id="12012982301" visible="true" version="1" changeset="153215987" timestamp="2024-06-26T18:29:05Z" user="Mah" uid="138433" lat="50.1143298" lon="8.6525570"/>
 <node id="12012982302" visible="true" version="1" changeset="153215987" timestamp="2024-06-26T18:29:05Z" user="Mah" uid="138433" lat="50.1142715" lon="8.6527283"/>
 <node id="12012982303" visible="true" version="1" changeset="153215987" timestamp="2024-06-26T18:29:05Z" user="Mah" uid="138433" lat="50.1139972" lon="8.6531930"/>
 <node id="12012982304" visible="true" version="1" changeset="153215987" timestamp="2024-06-26T18:29:05Z" user="Mah" uid="138433" lat="50.1143096" lon="8.6529513"/>
 <node id="12012982305" visible="true" version="1" changeset="153215987" timestamp="2024-06-26T18:29:05Z" user="Mah" uid="138433" lat="50.1136378" lon="8.6535364"/>
 <node id="12012982311" visible="true" version="1" changeset="153215987" timestamp="2024-06-26T18:29:05Z" user="Mah" uid="138433" lat="50.1125783" lon="8.6552971"/>
 <node id="12012989742" visible="true" version="1" changeset="153215987" timestamp="2024-06-26T18:29:05Z" user="Mah" uid="138433" lat="50.1114600" lon="8.6573440"/>
 <node id="12012989743" visible="true" version="1" changeset="153215987" timestamp="2024-06-26T18:29:05Z" user="Mah" uid="138433" lat="50.1114449" lon="8.6572720"/>
 <node id="12012989744" visible="true" version="1" changeset="153215987" timestamp="2024-06-26T18:29:05Z" user="Mah" uid="138433" lat="50.1114542" lon="8.6572346"/>
 <node id="12012989748" visible="true" version="1" changeset="153215987" timestamp="2024-06-26T18:29:05Z" user="Mah" uid="138433" lat="50.1104803" lon="8.6589025"/>
 <node id="12012989777" visible="true" version="1" changeset="153215987" timestamp="2024-06-26T18:29:05Z" user="Mah" uid="138433" lat="50.1107511" lon="8.6634386"/>
 <node id="12012989778" visible="true" version="1" changeset="153215987" timestamp="2024-06-26T18:29:05Z" user="Mah" uid="138433" lat="50.1107786" lon="8.6633802"/>
 <node id="12012989781" visible="true" version="1" changeset="153215987" timestamp="2024-06-26T18:29:05Z" user="Mah" uid="138433" lat="50.1118326" lon="8.6661549"/>
 <node id="12012989787" visible="true" version="1" changeset="153215987" timestamp="2024-06-26T18:29:05Z" user="Mah" uid="138433" lat="50.1127649" lon="8.6676029"/>
 <node id="12012989801" visible="true" version="1" changeset="153215987" timestamp="2024-06-26T18:29:05Z" user="Mah" uid="138433" lat="50.1104641" lon="8.6590076"/>
 <node id="12012989802" visible="true" version="1" changeset="153215987" timestamp="2024-06-26T18:29:05Z" user="Mah" uid="138433" lat="50.1104658" lon="8.6589823"/>
 <node id="12012989803" visible="true" version="1" changeset="153215987" timestamp="2024-06-26T18:29:05Z" user="Mah" uid="138433" lat="50.1104683" lon="8.6589424"/>
 <node id="12012989804" visible="true" version="1" changeset="153215987" timestamp="2024-06-26T18:29:05Z" user="Mah" uid="138433" lat="50.1111015" lon="8.6615012"/>
 <node id="12012989805" visible="true" version="1" changeset="153215987" timestamp="2024-06-26T18:29:05Z" user="Mah" uid="138433" lat="50.1111771" lon="8.6616902"/>
 <node id="12012989827" visible="true" version="1" changeset="153215987" timestamp="2024-06-26T18:29:05Z" user="Mah" uid="138433" lat="50.1113890" lon="8.6574933"/>
 <node id="12012989840" visible="true" version="1" changeset="153215987" timestamp="2024-06-26T18:29:05Z" user="Mah" uid="138433" lat="50.1156769" lon="8.6518932"/>
 <node id="12012989842" visible="true" version="1" changeset="153215987" timestamp="2024-06-26T18:29:05Z" user="Mah" uid="138433" lat="50.1155264" lon="8.6518362"/>
 <node id="12012989843" visible="true" version="1" changeset="153215987" timestamp="2024-06-26T18:29:05Z" user="Mah" uid="138433" lat="50.1166479" lon="8.6522796"/>
 <node id="12012989852" visible="true" version="1" changeset="153215987" timestamp="2024-06-26T18:29:05Z" user="Mah" uid="138433" lat="50.1168194" lon="8.6523675"/>
 <node id="12012989853" visible="true" version="1" changeset="153215987" timestamp="2024-06-26T18:29:05Z" user="Mah" uid="138433" lat="50.1179038" lon="8.6528692"/>
 <node id="12012989855" visible="true" version="1" changeset="153215987" timestamp="2024-06-26T18:29:05Z" user="Mah" uid="138433" lat="50.1180831" lon="8.6529572"/>
 <node id="12012989859" visible="true" version="1" changeset="153215987" timestamp="2024-06-26T18:29:05Z" user="Mah" uid="138433" lat="50.1181564" lon="8.6531647"/>
 <node id="12012989860" visible="true" version="1" changeset="153215987" timestamp="2024-06-26T18:29:05Z" user="Mah" uid="138433" lat="50.1184565" lon="8.6536425"/>
 <node id="12012989897" visible="true" version="1" changeset="153215987" timestamp="2024-06-26T18:29:05Z" user="Mah" uid="138433" lat="50.1181542" lon="8.6530678"/>
 <node id="12012989898" visible="true" version="1" changeset="153215987" timestamp="2024-06-26T18:29:05Z" user="Mah" uid="138433" lat="50.1181589" lon="8.6531156"/>
 <node id="12012989899" visible="true" version="1" changeset="153215987" timestamp="2024-06-26T18:29:05Z" user="Mah" uid="138433" lat="50.1181071" lon="8.6529793"/>
 <node id="12012989900" visible="true" version="1" changeset="153215987" timestamp="2024-06-26T18:29:05Z" user="Mah" uid="138433" lat="50.1181453" lon="8.6532221"/>
 <node id="12012989901" visible="true" version="1" changeset="153215987" timestamp="2024-06-26T18:29:05Z" user="Mah" uid="138433" lat="50.1181190" lon="8.6532763"/>
 <node id="12012989902" visible="true" version="1" changeset="153215987" timestamp="2024-06-26T18:29:05Z" user="Mah" uid="138433" lat="50.1180839" lon="8.6533110"/>
 <node id="12012989903" visible="true" version="1" changeset="153215987" timestamp="2024-06-26T18:29:05Z" user="Mah" uid="138433" lat="50.1180283" lon="8.6533354"/>
 <node id="12012989904" visible="true" version="1" changeset="153215987" timestamp="2024-06-26T18:29:05Z" user="Mah" uid="138433" lat="50.1180114" lon="8.6535099"/>
 <node id="12013113333" visible="true" version="1" changeset="153218491" timestamp="2024-06-26T19:41:32Z" user="HektorSchlegel" uid="17939644" lat="50.1234175" lon="8.6650568">
  <tag k="bicycle" v="yes"/>
  <tag k="information" v="guidepost"/>
  <tag k="tourism" v="information"/>
 </node>
 <node id="12013144258" visible="true" version="1" changeset="153219448" timestamp="2024-06-26T20:08:11Z" user="HektorSchlegel" uid="17939644" lat="50.1234571" lon="8.6644177">
  <tag k="bicycle" v="yes"/>
  <tag k="information" v="guidepost"/>
  <tag k="tourism" v="information"/>
 </node>
 <node id="12013164788" visible="true" version="1" changeset="153219504" timestamp="2024-06-26T20:10:03Z" user="HektorSchlegel" uid="17939644" lat="50.1237357" lon="8.6653535">
  <tag k="advertising" v="column"/>
 </node>
 <node id="12013166917" visible="true" version="1" changeset="153219471" timestamp="2024-06-26T20:08:47Z" user="HektorSchlegel" uid="17939644" lat="50.1236350" lon="8.6647283">
  <tag k="bicycle" v="yes"/>
  <tag k="information" v="guidepost"/>
  <tag k="tourism" v="information"/>
 </node>
 <node id="12709990786" visible="true" version="1" changeset="164255859" timestamp="2025-03-29T16:12:39Z" user="mueschel" uid="616774" lat="50.1244414" lon="8.6647778"/>
 <node id="12709990787" visible="true" version="1" changeset="164255859" timestamp="2025-03-29T16:12:39Z" user="mueschel" uid="616774" lat="50.1240827" lon="8.6649428"/>
 <node id="12709990788" visible="true" version="1" changeset="164255859" timestamp="2025-03-29T16:12:39Z" user="mueschel" uid="616774" lat="50.1245399" lon="8.6649295"/>
 <node id="12709990789" visible="true" version="1" changeset="164255859" timestamp="2025-03-29T16:12:39Z" user="mueschel" uid="616774" lat="50.1241177" lon="8.6652155"/>
 <node id="12709990790" visible="true" version="1" changeset="164255859" timestamp="2025-03-29T16:12:39Z" user="mueschel" uid="616774" lat="50.1249336" lon="8.6649773"/>
 <node id="12709990791" visible="true" version="1" changeset="164255859" timestamp="2025-03-29T16:12:39Z" user="mueschel" uid="616774" lat="50.1242224" lon="8.6684832"/>
 <node id="12709990792" visible="true" version="1" changeset="164255859" timestamp="2025-03-29T16:12:39Z" user="mueschel" uid="616774" lat="50.1236099" lon="8.6647046"/>
 <node id="12709990793" visible="true" version="1" changeset="164255859" timestamp="2025-03-29T16:12:39Z" user="mueschel" uid="616774" lat="50.1236607" lon="8.6646898"/>
 <node id="12709990794" visible="true" version="1" changeset="164255859" timestamp="2025-03-29T16:12:39Z" user="mueschel" uid="616774" lat="50.1236959" lon="8.6649902"/>
 <node id="12709990795" visible="true" version="1" changeset="164255859" timestamp="2025-03-29T16:12:39Z" user="mueschel" uid="616774" lat="50.1237898" lon="8.6654176"/>
 <node id="12709990796" visible="true" version="1" changeset="164255859" timestamp="2025-03-29T16:12:39Z" user="mueschel" uid="616774" lat="50.1238058" lon="8.6655222"/>
 <node id="12709990797" visible="true" version="1" changeset="164255859" timestamp="2025-03-29T16:12:39Z" user="mueschel" uid="616774" lat="50.1239194" lon="8.6654872"/>
 <node id="12709990798" visible="true" version="1" changeset="164255859" timestamp="2025-03-29T16:12:39Z" user="mueschel" uid="616774" lat="50.1239766" lon="8.6654678"/>
 <node id="12709990799" visible="true" version="1" changeset="164255859" timestamp="2025-03-29T16:12:39Z" user="mueschel" uid="616774" lat="50.1237735" lon="8.6654756"/>
 <node id="12709990800" visible="true" version="3" changeset="168146019" timestamp="2025-06-26T15:42:02Z" user="saitam" uid="90020" lat="50.1236951" lon="8.6654562">
  <tag k="amenity" v="waste_basket"/>
  <tag k="colour" v="navy"/>
  <tag k="material" v="plastic"/>
  <tag k="operator" v="Frankfurter Entsorgungs- und Service GmbH"/>
  <tag k="operator:short" v="FES"/>
  <tag k="operator:wikidata" v="Q1444944"/>
  <tag k="operator:wikipedia" v="de:Frankfurter_Entsorgungs-_und_Service_GmbH"/>
  <tag k="waste" v="trash"/>
 </node>
 <node id="12913879018" visible="true" version="1" changeset="167598535" timestamp="2025-06-14T04:29:23Z" user="unni-geo" uid="16354439" lat="50.1204560" lon="8.6566467"/>
 <node id="12913879019" visible="true" version="1" changeset="167598535" timestamp="2025-06-14T04:29:23Z" user="unni-geo" uid="16354439" lat="50.1204473" lon="8.6566789"/>
 <node id="12913879020" visible="true" version="1" changeset="167598535" timestamp="2025-06-14T04:29:23Z" user="unni-geo" uid="16354439" lat="50.1199314" lon="8.6565692"/>
 <node id="12913879021" visible="true" version="1" changeset="167598535" timestamp="2025-06-14T04:29:23Z" user="unni-geo" uid="16354439" lat="50.1199393" lon="8.6566303"/>
 <node id="12913879022" visible="true" version="1" changeset="167598535" timestamp="2025-06-14T04:29:23Z" user="unni-geo" uid="16354439" lat="50.1199667" lon="8.6564236"/>
 <node id="12913879023" visible="true" version="1" changeset="167598535" timestamp="2025-06-14T04:29:23Z" user="unni-geo" uid="16354439" lat="50.1199967" lon="8.6553344"/>
 <node id="12949039619" visible="true" version="2" changeset="168146283" timestamp="2025-06-26T15:47:32Z" user="saitam" uid="90020" lat="50.1235600" lon="8.6650269">
  <tag k="amenity" v="waste_basket"/>
  <tag k="colour" v="navy"/>
  <tag k="material" v="plastic"/>
  <tag k="operator" v="Frankfurter Entsorgungs- und Service GmbH"/>
  <tag k="operator:short" v="FES"/>
  <tag k="operator:wikidata" v="Q1444944"/>
  <tag k="operator:wikipedia" v="de:Frankfurter_Entsorgungs-_und_Service_GmbH"/>
  <tag k="waste" v="trash"/>
 </node>
 <node id="12949045086" visible="true" version="2" changeset="168156017" timestamp="2025-06-26T20:02:05Z" user="saitam" uid="90020" lat="50.1235668" lon="8.6645926">
  <tag k="amenity" v="waste_basket"/>
  <tag k="colour" v="navy"/>
  <tag k="material" v="plastic"/>
  <tag k="operator" v="Frankfurter Entsorgungs- und Service GmbH"/>
  <tag k="operator:short" v="FES"/>
  <tag k="operator:wikidata" v="Q1444944"/>
  <tag k="operator:wikipedia" v="de:Frankfurter_Entsorgungs-_und_Service_GmbH"/>
  <tag k="waste" v="trash"/>
 </node>
 <way id="4223098" visible="true" version="16" changeset="168038278" timestamp="2025-06-24T09:09:48Z" user="saitam" uid="90020">
  <nd ref="11829757639"/>
  <nd ref="2557535779"/>
  <tag k="bicycle" v="yes"/>
  <tag k="highway" v="residential"/>
  <tag k="lit" v="yes"/>
  <tag k="maxspeed" v="30"/>
  <tag k="maxspeed:type" v="DE:zone30"/>
  <tag k="name" v="August-Siebert-Straße"/>
  <tag k="parking:both" v="no"/>
  <tag k="sidewalk" v="both"/>
  <tag k="sidewalk:both:surface" v="paving_stones"/>
  <tag k="smoothness" v="good"/>
  <tag k="surface" v="asphalt"/>
 </way>
 <way id="4223175" visible="true" version="28" changeset="166603838" timestamp="2025-05-22T09:44:19Z" user="ManuelB701" uid="16813270">
  <nd ref="2557535770"/>
  <nd ref="520411"/>
  <tag k="bicycle" v="designated"/>
  <tag k="bicycle_road" v="yes"/>
  <tag k="bus" v="yes"/>
  <tag k="check_date:parking" v="2024-03-28"/>
  <tag k="highway" v="residential"/>
  <tag k="lane_markings" v="no"/>
  <tag k="lit" v="yes"/>
  <tag k="maxspeed" v="30"/>
  <tag k="motor_vehicle" v="destination"/>
  <tag k="name" v="Grüneburgweg"/>
  <tag k="name:etymology" v="nach einem im 14. Jahrhundert entstandenen burgartigen Gutshof. Zeitweilig im Besitz der Familie Goethe, später der Familie Bethmann-Metzler. Seit 1789 hieß das Anwesen „Zur grünen Burg“ und war Treffpunkt der großen Frankfurter Gesellschaft."/>
  <tag k="parking:both:fee" v="no"/>
  <tag k="parking:both:restriction" v="none"/>
  <tag k="parking:left" v="half_on_kerb"/>
  <tag k="parking:left:access:conditional" v="private @ (Mo-Fr 07:00-10:00,16:00-22:00)"/>
  <tag k="parking:left:private" v="residents"/>
  <tag k="parking:left:zone" v="16"/>
  <tag k="parking:right" v="lane"/>
  <tag k="parking:right:orientation" v="parallel"/>
  <tag k="sidewalk" v="both"/>
  <tag k="sidewalk:both:surface" v="paving_stones"/>
  <tag k="small_electric_vehicle" v="yes"/>
  <tag k="smoothness" v="excellent"/>
  <tag k="source:maxspeed" v="DE:bicycle_road"/>
  <tag k="surface" v="asphalt"/>
  <tag k="traffic_sign" v="DE:244.1"/>
  <tag k="width" v="7"/>
 </way>
 <way id="4751997" visible="true" version="31" changeset="159537047" timestamp="2024-11-24T14:57:14Z" user="philipp" uid="11633">
  <nd ref="30313093"/>
  <nd ref="1709968920"/>
  <nd ref="323984676"/>
  <nd ref="323984673"/>
  <nd ref="9862996929"/>
  <nd ref="9862996928"/>
  <nd ref="9862996927"/>
  <nd ref="9862996926"/>
  <nd ref="9862996925"/>
  <nd ref="9862996924"/>
  <nd ref="30313090"/>
  <nd ref="30313091"/>
  <nd ref="30313110"/>
  <nd ref="30313112"/>
  <nd ref="30313109"/>
  <nd ref="9862996923"/>
  <nd ref="9862996920"/>
  <nd ref="30313108"/>
  <nd ref="315882866"/>
  <nd ref="315882865"/>
  <nd ref="1712546464"/>
  <nd ref="315882864"/>
  <nd ref="2261555820"/>
  <nd ref="30256740"/>
  <nd ref="659546194"/>
  <nd ref="315882680"/>
  <nd ref="315882792"/>
  <nd ref="1480413808"/>
  <nd ref="11863354283"/>
  <nd ref="11863354282"/>
  <nd ref="1480413880"/>
  <nd ref="2637722051"/>
  <nd ref="2018759842"/>
  <nd ref="2018759832"/>
  <nd ref="30313105"/>
  <nd ref="335589429"/>
  <nd ref="30313104"/>
  <nd ref="1520176175"/>
  <nd ref="30313103"/>
  <nd ref="30313102"/>
  <nd ref="1520176172"/>
  <nd ref="30313101"/>
  <nd ref="1709830675"/>
  <nd ref="30313100"/>
  <nd ref="1709830602"/>
  <nd ref="30313099"/>
  <nd ref="4792888656"/>
  <nd ref="30313098"/>
  <nd ref="335356862"/>
  <nd ref="30313097"/>
  <nd ref="335381011"/>
  <nd ref="30313096"/>
  <nd ref="335356858"/>
  <nd ref="30313095"/>
  <nd ref="30313094"/>
  <nd ref="30313093"/>
  <tag k="communication:amateur_radio:pota" v="DE-0154"/>
  <tag k="leisure" v="park"/>
  <tag k="name" v="Grüneburgpark"/>
  <tag k="wikidata" v="Q880754"/>
  <tag k="wikimedia_commons" v="Category:Grüneburgpark"/>
  <tag k="wikipedia" v="de:Grüneburgpark"/>
 </way>
 <way id="4794787" visible="true" version="46" changeset="151101264" timestamp="2024-05-09T13:45:45Z" user="frankfurtmapper" uid="21338930">
  <nd ref="3407078217"/>
  <nd ref="11852410073"/>
  <nd ref="7608736501"/>
  <nd ref="9238657758"/>
  <nd ref="10002316731"/>
  <nd ref="60119099"/>
  <nd ref="483417656"/>
  <nd ref="318653407"/>
  <nd ref="315884585"/>
  <nd ref="564726236"/>
  <nd ref="11862574474"/>
  <nd ref="564726237"/>
  <nd ref="9238186811"/>
  <nd ref="3131338285"/>
  <nd ref="11862574475"/>
  <nd ref="2637722031"/>
  <nd ref="11863354281"/>
  <nd ref="11863202159"/>
  <nd ref="1480413880"/>
  <nd ref="11863354282"/>
  <nd ref="11863354283"/>
  <nd ref="1480413808"/>
  <nd ref="315882792"/>
  <nd ref="315882680"/>
  <nd ref="30256740"/>
  <nd ref="9862948814"/>
  <nd ref="11891477924"/>
  <nd ref="9862948813"/>
  <nd ref="9862948812"/>
  <nd ref="520415"/>
  <nd ref="1480413769"/>
  <nd ref="1480413770"/>
  <nd ref="315885450"/>
  <nd ref="315885451"/>
  <nd ref="11863320183"/>
  <nd ref="15514308"/>
  <nd ref="11863320181"/>
  <nd ref="162568"/>
  <nd ref="2633091488"/>
  <nd ref="315885882"/>
  <nd ref="315814465"/>
  <nd ref="1480413773"/>
  <nd ref="1480413775"/>
  <nd ref="1480413779"/>
  <nd ref="315885883"/>
  <nd ref="11860872447"/>
  <nd ref="315885881"/>
  <nd ref="315814464"/>
  <nd ref="315885880"/>
  <nd ref="315885885"/>
  <nd ref="32021058"/>
  <nd ref="315814437"/>
  <nd ref="11863292843"/>
  <nd ref="1480413787"/>
  <nd ref="1480413791"/>
  <nd ref="2633091567"/>
  <nd ref="9238186779"/>
  <nd ref="9238186780"/>
  <nd ref="2973644711"/>
  <nd ref="3407078217"/>
  <tag k="alt_name" v="Johann-Wolfgang-Goethe-Universität Campus Westend; Johann-Wolfgang-Goethe-Universität Campus I.G.-Farben; Johann-Wolfgang-Goethe-Universität Campus IG-Farben;Johann-Wolfgang-Goethe-Universität Campus IG Farben"/>
  <tag k="amenity" v="university"/>
  <tag k="name" v="Johann-Wolfgang-Goethe-Universität Campus Westend"/>
  <tag k="operator" v="Goethe-Universität"/>
  <tag k="wheelchair" v="yes"/>
 </way>
 <way id="23291297" visible="true" version="9" changeset="162962505" timestamp="2025-02-26T08:53:59Z" user="pragonette" uid="14892138">
  <nd ref="252118068"/>
  <nd ref="3017916142"/>
  <nd ref="3017916141"/>
  <nd ref="252118069"/>
  <nd ref="252118070"/>
  <nd ref="252118071"/>
  <nd ref="252118068"/>
  <tag k="alt_name" v="ehem. Mitscherlichplatz"/>
  <tag k="leisure" v="park"/>
  <tag k="name" v="Platz der Unwirtlichkeit unserer Städte"/>
  <tag k="old_name" v="Mitscherlichplatz"/>
  <tag k="old_name:etymology:wikidata" v="Q67449;Q77809"/>
  <tag k="old_name:etymology:wikipedia" v="de:Alexander Mitscherlich;de:Margarete Mitscherlich"/>
 </way>
 <way id="23909727" visible="true" version="16" changeset="151122955" timestamp="2024-05-09T23:52:17Z" user="frankfurtmapper" uid="21338930">
  <nd ref="259157924"/>
  <nd ref="11892504340"/>
  <nd ref="259157925"/>
  <nd ref="259157906"/>
  <nd ref="259157907"/>
  <nd ref="259157924"/>
  <tag k="building:levels" v="7"/>
  <tag k="building:part" v="university"/>
  <tag k="height" v="35"/>
  <tag k="name" v="V1"/>
  <tag k="roof:shape" v="flat"/>
 </way>
 <way id="24960119" visible="true" version="15" changeset="168226042" timestamp="2025-06-28T12:47:46Z" user="r22r" uid="21853903">
  <nd ref="390464756"/>
  <nd ref="390464757"/>
  <nd ref="390464755"/>
  <nd ref="9857805561"/>
  <nd ref="9857805560"/>
  <nd ref="9857805556"/>
  <nd ref="2558987549"/>
  <nd ref="2558987543"/>
  <nd ref="271228612"/>
  <nd ref="271228609"/>
  <nd ref="9857805558"/>
  <nd ref="9857805557"/>
  <nd ref="4674887883"/>
  <nd ref="2558987528"/>
  <nd ref="390464758"/>
  <nd ref="9857805559"/>
  <nd ref="390464760"/>
  <nd ref="390464761"/>
  <nd ref="390464756"/>
  <tag k="addr:city" v="Frankfurt am Main"/>
  <tag k="addr:housenumber" v="102"/>
  <tag k="addr:postcode" v="60323"/>
  <tag k="addr:street" v="Grüneburgweg"/>
  <tag k="building" v="construction"/>
  <tag k="check_date" v="2025-06-28"/>
  <tag k="name" v="Hochhaus am Park"/>
 </way>
 <way id="28145010" visible="true" version="22" changeset="165705647" timestamp="2025-05-02T07:35:10Z" user="saitam" uid="90020">
  <nd ref="2588222774"/>
  <nd ref="315885448"/>
  <nd ref="3017916143"/>
  <nd ref="3404674658"/>
  <nd ref="742738626"/>
  <nd ref="2557535776"/>
  <nd ref="30078741"/>
  <tag k="check_date:parking" v="2024-08-08"/>
  <tag k="cycleway:left" v="no"/>
  <tag k="cycleway:right" v="shared_lane"/>
  <tag k="cycleway:right:lane" v="pictogram"/>
  <tag k="highway" v="residential"/>
  <tag k="lit" v="yes"/>
  <tag k="maxspeed" v="30"/>
  <tag k="name" v="Fürstenbergerstraße"/>
  <tag k="parking:left" v="lane"/>
  <tag k="parking:left:orientation" v="parallel"/>
  <tag k="parking:left:restriction" v="none"/>
  <tag k="parking:right" v="no"/>
  <tag k="parking:right:restriction" v="no_stopping"/>
  <tag k="psv" v="yes"/>
  <tag k="sidewalk" v="both"/>
  <tag k="sidewalk:right:surface" v="paving_stones"/>
  <tag k="smoothness" v="good"/>
  <tag k="surface" v="asphalt"/>
  <tag k="width" v="10"/>
 </way>
 <way id="28724294" visible="true" version="21" changeset="151122955" timestamp="2024-05-09T23:52:17Z" user="frankfurtmapper" uid="21338930">
  <nd ref="315885454"/>
  <nd ref="11863202124"/>
  <nd ref="315885453"/>
  <nd ref="318654452"/>
  <nd ref="2728284175"/>
  <nd ref="11891477916"/>
  <nd ref="315885452"/>
  <nd ref="11892504304"/>
  <nd ref="466542998"/>
  <nd ref="9238059869"/>
  <nd ref="11892504324"/>
  <nd ref="315814409"/>
  <nd ref="315814411"/>
  <nd ref="11892504325"/>
  <nd ref="315885455"/>
  <nd ref="11863292821"/>
  <nd ref="315814414"/>
  <nd ref="315814422"/>
  <nd ref="2564313606"/>
  <nd ref="11863292826"/>
  <nd ref="9238186789"/>
  <nd ref="11863202094"/>
  <nd ref="315814426"/>
  <nd ref="11872599160"/>
  <nd ref="2486803125"/>
  <nd ref="315814433"/>
  <nd ref="11863292830"/>
  <nd ref="11872599149"/>
  <nd ref="315814437"/>
  <tag k="bicycle" v="yes"/>
  <tag k="highway" v="service"/>
  <tag k="lit" v="yes"/>
  <tag k="maxspeed" v="10"/>
  <tag k="name" v="Nina-Rubinstein-Weg"/>
  <tag k="name:etymology:wikidata" v="Q26401725"/>
  <tag k="name:etymology:wikipedia" v="de:Nina Rubinstein"/>
  <tag k="surface" v="asphalt"/>
 </way>
 <way id="28724407" visible="true" version="10" changeset="135710199" timestamp="2023-05-04T17:07:57Z" user="xxzzyy" uid="18190917">
  <nd ref="315815662"/>
  <nd ref="315815664"/>
  <nd ref="2276931075"/>
  <nd ref="2276931079"/>
  <nd ref="315815667"/>
  <nd ref="315815671"/>
  <nd ref="315815674"/>
  <nd ref="659546192"/>
  <nd ref="315815677"/>
  <nd ref="315815659"/>
  <tag k="bicycle" v="designated"/>
  <tag k="foot" v="designated"/>
  <tag k="highway" v="service"/>
  <tag k="lit" v="no"/>
  <tag k="motor_vehicle" v="permissive"/>
  <tag k="oneway:bicycle" v="no"/>
  <tag k="segregated" v="no"/>
  <tag k="surface" v="asphalt"/>
 </way>
 <way id="28730067" visible="true" version="7" changeset="123134560" timestamp="2022-07-02T21:58:11Z" user="joe2812" uid="7549553">
  <nd ref="315882626"/>
  <nd ref="9862996839"/>
  <nd ref="9862996842"/>
  <nd ref="315882628"/>
  <nd ref="2558987575"/>
  <nd ref="2558987577"/>
  <nd ref="315882629"/>
  <nd ref="315882627"/>
  <nd ref="315882626"/>
  <tag k="addr:housenumber" v="16a"/>
  <tag k="addr:postcode" v="60323"/>
  <tag k="addr:street" v="August-Siebert-Straße"/>
  <tag k="building" v="detached"/>
  <tag k="building:levels" v="2"/>
  <tag k="roof:levels" v="1"/>
  <tag k="roof:shape" v="gabled"/>
 </way>
 <way id="28730071" visible="true" version="7" changeset="123134560" timestamp="2022-07-02T21:58:11Z" user="joe2812" uid="7549553">
  <nd ref="315882649"/>
  <nd ref="9862996786"/>
  <nd ref="9862996783"/>
  <nd ref="315882652"/>
  <nd ref="9862996871"/>
  <nd ref="9862996872"/>
  <nd ref="9862996787"/>
  <nd ref="315882653"/>
  <nd ref="9862996795"/>
  <nd ref="9862996798"/>
  <nd ref="9862996805"/>
  <nd ref="9862996802"/>
  <nd ref="315882651"/>
  <nd ref="315882649"/>
  <tag k="addr:city" v="Frankfurt am Main"/>
  <tag k="addr:housenumber" v="4"/>
  <tag k="addr:postcode" v="60323"/>
  <tag k="addr:street" v="August-Siebert-Straße"/>
  <tag k="building" v="apartments"/>
  <tag k="building:levels" v="3"/>
  <tag k="roof:levels" v="1"/>
  <tag k="roof:shape" v="hipped"/>
 </way>
 <way id="28730072" visible="true" version="7" changeset="123134560" timestamp="2022-07-02T21:58:11Z" user="joe2812" uid="7549553">
  <nd ref="315882647"/>
  <nd ref="9862996864"/>
  <nd ref="9862996865"/>
  <nd ref="315882642"/>
  <nd ref="443917020"/>
  <nd ref="443917030"/>
  <nd ref="9862996866"/>
  <nd ref="315882647"/>
  <tag k="addr:city" v="Frankfurt am Main"/>
  <tag k="addr:housenumber" v="8a"/>
  <tag k="addr:postcode" v="60323"/>
  <tag k="addr:street" v="August-Siebert-Straße"/>
  <tag k="building" v="apartments"/>
  <tag k="building:levels" v="2"/>
  <tag k="roof:levels" v="1"/>
 </way>
 <way id="28730260" visible="true" version="9" changeset="151101264" timestamp="2024-05-09T13:45:45Z" user="frankfurtmapper" uid="21338930">
  <nd ref="252141738"/>
  <nd ref="11876544639"/>
  <nd ref="315885462"/>
  <nd ref="11852410099"/>
  <nd ref="11852410098"/>
  <nd ref="11852410100"/>
  <nd ref="11852410143"/>
  <nd ref="11852410101"/>
  <nd ref="315885463"/>
  <nd ref="11876544656"/>
  <nd ref="318654459"/>
  <nd ref="315885465"/>
  <tag k="bicycle" v="yes"/>
  <tag k="highway" v="service"/>
  <tag k="lit" v="yes"/>
  <tag k="motorcar" v="private"/>
  <tag k="surface" v="asphalt"/>
 </way>
 <way id="28979452" visible="true" version="9" changeset="168225900" timestamp="2025-06-28T12:42:34Z" user="r22r" uid="21853903">
  <nd ref="318654455"/>
  <nd ref="318654449"/>
  <nd ref="318654452"/>
  <nd ref="11891477919"/>
  <nd ref="318654448"/>
  <tag k="handrail" v="yes"/>
  <tag k="highway" v="steps"/>
  <tag k="incline" v="up"/>
  <tag k="lit" v="yes"/>
  <tag k="ramp" v="no"/>
  <tag k="step_count" v="10"/>
  <tag k="surface" v="paving_stones"/>
  <tag k="tactile_paving" v="no"/>
 </way>
 <way id="28979453" visible="true" version="5" changeset="151122955" timestamp="2024-05-09T23:52:17Z" user="frankfurtmapper" uid="21338930">
  <nd ref="318654459"/>
  <nd ref="11892504336"/>
  <nd ref="318654455"/>
  <tag k="bicycle" v="yes"/>
  <tag k="highway" v="footway"/>
  <tag k="lit" v="yes"/>
  <tag k="surface" v="asphalt"/>
 </way>
 <way id="28979454" visible="true" version="9" changeset="151101264" timestamp="2024-05-09T13:45:45Z" user="frankfurtmapper" uid="21338930">
  <nd ref="315885446"/>
  <nd ref="318654460"/>
  <nd ref="318654455"/>
  <nd ref="318654467"/>
  <nd ref="11876576494"/>
  <nd ref="318654462"/>
  <nd ref="466543005"/>
  <nd ref="318654463"/>
  <nd ref="466543006"/>
  <nd ref="318654464"/>
  <nd ref="11876576493"/>
  <nd ref="318654466"/>
  <nd ref="318654445"/>
  <tag k="bicycle" v="yes"/>
  <tag k="highway" v="service"/>
  <tag k="maxspeed" v="10"/>
  <tag k="motorcar" v="private"/>
  <tag k="surface" v="asphalt"/>
 </way>
 <way id="29065631" visible="true" version="29" changeset="168038276" timestamp="2025-06-24T09:09:45Z" user="saitam" uid="90020">
  <nd ref="30078741"/>
  <nd ref="2557535772"/>
  <nd ref="90260453"/>
  <nd ref="2557535778"/>
  <nd ref="2557535774"/>
  <nd ref="11829757639"/>
  <nd ref="520404"/>
  <nd ref="11770818401"/>
  <nd ref="2557535763"/>
  <nd ref="2557535761"/>
  <nd ref="30078743"/>
  <nd ref="2557535756"/>
  <nd ref="2557535758"/>
  <nd ref="30078742"/>
  <nd ref="2557535765"/>
  <nd ref="2557535768"/>
  <nd ref="30078741"/>
  <tag k="check_date:parking" v="2022-08-28"/>
  <tag k="cycleway:both" v="no"/>
  <tag k="highway" v="residential"/>
  <tag k="junction" v="roundabout"/>
  <tag k="lane_markings" v="no"/>
  <tag k="lit" v="yes"/>
  <tag k="maxspeed:type" v="DE:urban"/>
  <tag k="parking:both" v="no"/>
  <tag k="sidewalk:left" v="no"/>
  <tag k="sidewalk:right" v="yes"/>
  <tag k="sidewalk:right:surface" v="paving_stones"/>
  <tag k="smoothness" v="good"/>
  <tag k="surface" v="asphalt"/>
  <tag k="width" v="5"/>
 </way>
 <way id="29466285" visible="true" version="7" changeset="123052210" timestamp="2022-06-30T16:14:21Z" user="joe2812" uid="7549553">
  <nd ref="324745650"/>
  <nd ref="9858536287"/>
  <nd ref="9858536284"/>
  <nd ref="9858536197"/>
  <nd ref="9858536285"/>
  <nd ref="9858536286"/>
  <nd ref="9858536283"/>
  <nd ref="9858536282"/>
  <nd ref="324745652"/>
  <nd ref="9858536280"/>
  <nd ref="9858536281"/>
  <nd ref="9858536279"/>
  <nd ref="9858536278"/>
  <nd ref="324745653"/>
  <nd ref="9858536295"/>
  <nd ref="9858536294"/>
  <nd ref="324745651"/>
  <nd ref="9858536293"/>
  <nd ref="9858536292"/>
  <nd ref="9858536290"/>
  <nd ref="9858536289"/>
  <nd ref="9858536288"/>
  <nd ref="9858536291"/>
  <nd ref="324745650"/>
  <tag k="addr:city" v="Frankfurt am Main"/>
  <tag k="addr:housenumber" v="55"/>
  <tag k="addr:postcode" v="60323"/>
  <tag k="addr:street" v="Liebigstraße"/>
  <tag k="building" v="apartments"/>
  <tag k="building:levels" v="4"/>
  <tag k="roof:levels" v="1"/>
  <tag k="roof:shape" v="gabled"/>
 </way>
 <way id="30376173" visible="true" version="72" changeset="167598535" timestamp="2025-06-14T04:29:23Z" user="unni-geo" uid="16354439">
  <nd ref="9442307005"/>
  <nd ref="12012989860"/>
  <nd ref="12012989904"/>
  <nd ref="12012989903"/>
  <nd ref="12012989902"/>
  <nd ref="12012989901"/>
  <nd ref="12012989900"/>
  <nd ref="12012989859"/>
  <nd ref="12012989898"/>
  <nd ref="12012989897"/>
  <nd ref="10315194882"/>
  <nd ref="12012989899"/>
  <nd ref="12012989855"/>
  <nd ref="12012989853"/>
  <nd ref="12012989852"/>
  <nd ref="12012989843"/>
  <nd ref="12012989840"/>
  <nd ref="12012989842"/>
  <nd ref="12012982289"/>
  <nd ref="619783494"/>
  <nd ref="335205570"/>
  <nd ref="12012982297"/>
  <nd ref="12012982298"/>
  <nd ref="12012982299"/>
  <nd ref="12012982301"/>
  <nd ref="12012982302"/>
  <nd ref="12012982304"/>
  <nd ref="12012982303"/>
  <nd ref="12012982305"/>
  <nd ref="1523930852"/>
  <nd ref="31143047"/>
  <nd ref="31143046"/>
  <nd ref="1523930801"/>
  <nd ref="12012982311"/>
  <nd ref="31143042"/>
  <nd ref="1523930573"/>
  <nd ref="12012989744"/>
  <nd ref="12012989743"/>
  <nd ref="12012989742"/>
  <nd ref="12012989827"/>
  <nd ref="31143041"/>
  <nd ref="31143056"/>
  <nd ref="1523930543"/>
  <nd ref="12012989748"/>
  <nd ref="12012989803"/>
  <nd ref="12012989802"/>
  <nd ref="12012989801"/>
  <nd ref="4853519648"/>
  <nd ref="12012989804"/>
  <nd ref="12012989805"/>
  <nd ref="9970174215"/>
  <nd ref="12012989778"/>
  <nd ref="12012989777"/>
  <nd ref="9970174216"/>
  <nd ref="12012989781"/>
  <nd ref="335205577"/>
  <nd ref="31269322"/>
  <nd ref="12012989787"/>
  <nd ref="2383544624"/>
  <nd ref="1529247393"/>
  <nd ref="11286640940"/>
  <nd ref="1642163725"/>
  <nd ref="2187906515"/>
  <nd ref="31029524"/>
  <nd ref="31029500"/>
  <nd ref="9906855662"/>
  <nd ref="2383519408"/>
  <nd ref="3800893296"/>
  <nd ref="1852774960"/>
  <nd ref="534002631"/>
  <nd ref="31029499"/>
  <nd ref="534002632"/>
  <nd ref="2383544626"/>
  <nd ref="2383544629"/>
  <nd ref="9160651078"/>
  <nd ref="1033446677"/>
  <nd ref="31029498"/>
  <nd ref="30802407"/>
  <nd ref="30802408"/>
  <nd ref="9241028885"/>
  <nd ref="568583196"/>
  <nd ref="30802429"/>
  <nd ref="2200383902"/>
  <nd ref="30802410"/>
  <nd ref="30802411"/>
  <nd ref="2946695325"/>
  <nd ref="30802413"/>
  <nd ref="2939573426"/>
  <nd ref="2940917199"/>
  <nd ref="2939573427"/>
  <nd ref="30802414"/>
  <nd ref="2939333089"/>
  <nd ref="30802415"/>
  <nd ref="2939333088"/>
  <nd ref="30802417"/>
  <nd ref="2194701534"/>
  <nd ref="30802418"/>
  <nd ref="6518828100"/>
  <nd ref="6518828101"/>
  <nd ref="6518828099"/>
  <nd ref="9831784615"/>
  <nd ref="6518828098"/>
  <nd ref="6518828093"/>
  <nd ref="6518828102"/>
  <nd ref="6518828097"/>
  <nd ref="6518828096"/>
  <nd ref="6518828095"/>
  <nd ref="6518828092"/>
  <nd ref="6518804228"/>
  <nd ref="10914756675"/>
  <nd ref="6518804231"/>
  <nd ref="6518804229"/>
  <nd ref="6518804230"/>
  <nd ref="9957076845"/>
  <nd ref="9957076843"/>
  <nd ref="9158605610"/>
  <nd ref="2633091583"/>
  <nd ref="2633091510"/>
  <nd ref="335205562"/>
  <nd ref="9856965931"/>
  <nd ref="2633091484"/>
  <nd ref="2633091481"/>
  <nd ref="15514308"/>
  <nd ref="11863320183"/>
  <nd ref="315885451"/>
  <nd ref="315885450"/>
  <nd ref="1480413770"/>
  <nd ref="1480413769"/>
  <nd ref="12709990795"/>
  <nd ref="520415"/>
  <nd ref="11863320088"/>
  <nd ref="11863320086"/>
  <nd ref="3131338268"/>
  <nd ref="9862948814"/>
  <nd ref="30256740"/>
  <nd ref="2261555820"/>
  <nd ref="315882864"/>
  <nd ref="1712546464"/>
  <nd ref="315882865"/>
  <nd ref="315882866"/>
  <nd ref="30313108"/>
  <nd ref="9862996920"/>
  <nd ref="9862996923"/>
  <nd ref="30313109"/>
  <nd ref="30313112"/>
  <nd ref="30313110"/>
  <nd ref="30313091"/>
  <nd ref="30313090"/>
  <nd ref="9862996924"/>
  <nd ref="9862996925"/>
  <nd ref="9862996926"/>
  <nd ref="9862996927"/>
  <nd ref="9862996928"/>
  <nd ref="9862996929"/>
  <nd ref="323984673"/>
  <nd ref="323984676"/>
  <nd ref="1709968920"/>
  <nd ref="30313093"/>
  <nd ref="323984671"/>
  <nd ref="335205564"/>
  <nd ref="30753297"/>
  <nd ref="1278334961"/>
  <nd ref="10184373864"/>
  <nd ref="335569151"/>
  <nd ref="30753294"/>
  <nd ref="9860497374"/>
  <nd ref="9860497373"/>
  <nd ref="323977598"/>
  <nd ref="9860518419"/>
  <nd ref="3692590032"/>
  <nd ref="401243636"/>
  <nd ref="9860497364"/>
  <nd ref="9442306998"/>
  <nd ref="9442306999"/>
  <nd ref="12913879018"/>
  <nd ref="12913879019"/>
  <nd ref="9442307000"/>
  <nd ref="9442307001"/>
  <nd ref="12913879021"/>
  <nd ref="12913879020"/>
  <nd ref="12913879022"/>
  <nd ref="12913879023"/>
  <nd ref="9442307002"/>
  <nd ref="2753989560"/>
  <nd ref="10923772297"/>
  <nd ref="693147176"/>
  <nd ref="443917255"/>
  <nd ref="693147174"/>
  <nd ref="2753989495"/>
  <nd ref="9860946969"/>
  <nd ref="9442307003"/>
  <nd ref="9442307004"/>
  <nd ref="9860946973"/>
  <nd ref="9860946972"/>
  <nd ref="9860946970"/>
  <nd ref="9860946889"/>
  <nd ref="9860946971"/>
  <nd ref="9860946974"/>
  <nd ref="9442307011"/>
  <nd ref="9860946975"/>
  <nd ref="9442307005"/>
  <tag k="landuse" v="residential"/>
 </way>
 <way id="44426605" visible="true" version="27" changeset="157792336" timestamp="2024-10-12T11:58:18Z" user="Kartibu" uid="2350365">
  <nd ref="564726219"/>
  <nd ref="564726221"/>
  <nd ref="564726222"/>
  <nd ref="564726220"/>
  <nd ref="564726219"/>
  <tag k="access" v="yes"/>
  <tag k="alt_name" v="Norbert Wollheim Pavillon"/>
  <tag k="artist_name" v="Heiner Blum"/>
  <tag k="artist:wikidata" v="Q1596090"/>
  <tag k="artist:wikipedia" v="de:Heiner Blum"/>
  <tag k="building" v="gatehouse"/>
  <tag k="building:use" v="museum"/>
  <tag k="construction_date" v="~1931"/>
  <tag k="description" v="Holocaustgedenkstätte. Sie besteht aus einem kleinen Pavillon und 13 Bildtafeln mit Porträts von früheren Gefangenen in Buna-Monowitz."/>
  <tag k="description:en" v="Holocaust memorial. It consists of a small pavilion and 13 plates showing portraits of former prisoners in Buna-Monowitz."/>
  <tag k="historic" v="memorial"/>
  <tag k="inscription" v="107984;&quot;Wir sind gerettet, aber wir sind nicht befreit.&quot;"/>
  <tag k="long_name" v="Norbert Wollheim Memorial"/>
  <tag k="memorial" v="monument"/>
  <tag k="monument:genesis" v="reminding"/>
  <tag k="name" v="Wollheim-Memorial"/>
  <tag k="name:de" v="Wollheim-Memorial"/>
  <tag k="name:en" v="Wollheim Memorial"/>
  <tag k="name:etymology" v="Norbert Wollheim"/>
  <tag k="name:etymology:wikidata" v="Q118244"/>
  <tag k="name:etymology:wikipedia" v="de:Norbert Wollheim"/>
  <tag k="start_date" v="2008-11-02"/>
  <tag k="subject" v="Holocaust"/>
  <tag k="subject:wikidata" v="Q2763"/>
  <tag k="subject:wikipedia" v="de:Holocaust"/>
  <tag k="url" v="https://www.kunst-im-oeffentlichen-raum-frankfurt.de/de/page166.html?id=446"/>
  <tag k="website" v="http://www.wollheim-memorial.de/"/>
  <tag k="wikidata" v="Q1748073"/>
  <tag k="wikimedia_commons" v="Category:Wollheim-Memorial"/>
  <tag k="wikipedia" v="de:Wollheim-Memorial"/>
 </way>
 <way id="44426606" visible="true" version="8" changeset="164255859" timestamp="2025-03-29T16:12:39Z" user="mueschel" uid="616774">
  <nd ref="564726225"/>
  <nd ref="11851982564"/>
  <nd ref="564726217"/>
  <nd ref="12709990790"/>
  <nd ref="564726228"/>
  <nd ref="564726227"/>
  <nd ref="564726232"/>
  <nd ref="11863320073"/>
  <nd ref="927980501"/>
  <nd ref="9238059850"/>
  <nd ref="9238059849"/>
  <nd ref="11863320074"/>
  <nd ref="564726233"/>
  <nd ref="11863292858"/>
  <nd ref="564726230"/>
  <nd ref="564726224"/>
  <nd ref="11863320076"/>
  <nd ref="564726225"/>
  <tag k="access" v="private"/>
  <tag k="amenity" v="parking"/>
  <tag k="parking" v="surface"/>
 </way>
 <way id="44426607" visible="true" version="6" changeset="150639764" timestamp="2024-04-28T23:28:49Z" user="frankfurtmapper" uid="21338930">
  <nd ref="564726224"/>
  <nd ref="564726226"/>
  <nd ref="564726235"/>
  <nd ref="564726230"/>
  <nd ref="564726224"/>
  <tag k="amenity" v="bicycle_parking"/>
  <tag k="bicycle_parking" v="lean_and_stick"/>
  <tag k="capacity" v="332"/>
  <tag k="covered" v="no"/>
  <tag k="surface" v="fine_gravel"/>
 </way>
 <way id="51571643" visible="true" version="6" changeset="90875040" timestamp="2020-09-14T16:00:11Z" user="Heinz93" uid="11117333">
  <nd ref="659546192"/>
  <nd ref="659546194"/>
  <nd ref="659546188"/>
  <nd ref="659546190"/>
  <tag k="bicycle" v="yes"/>
  <tag k="highway" v="footway"/>
  <tag k="lit" v="no"/>
  <tag k="surface" v="asphalt"/>
 </way>
 <way id="134682593" visible="true" version="13" changeset="164255859" timestamp="2025-03-29T16:12:39Z" user="mueschel" uid="616774">
  <nd ref="1480414114"/>
  <nd ref="1480413874"/>
  <nd ref="1480413880"/>
  <nd ref="11863354282"/>
  <nd ref="11863354283"/>
  <nd ref="1480413808"/>
  <nd ref="315882792"/>
  <nd ref="315882680"/>
  <nd ref="659546194"/>
  <nd ref="30256740"/>
  <nd ref="9862948814"/>
  <nd ref="11891477925"/>
  <nd ref="11863320069"/>
  <nd ref="11863292868"/>
  <nd ref="520415"/>
  <nd ref="12709990795"/>
  <tag k="barrier" v="fence"/>
 </way>
 <way id="159153823" visible="true" version="14" changeset="164255859" timestamp="2025-03-29T16:12:39Z" user="mueschel" uid="616774">
  <nd ref="11891477926"/>
  <nd ref="12709990787"/>
  <nd ref="12709990786"/>
  <nd ref="12709990788"/>
  <nd ref="11891477923"/>
  <nd ref="11891477920"/>
  <nd ref="11891477921"/>
  <nd ref="2261555820"/>
  <nd ref="315882864"/>
  <nd ref="1712546464"/>
  <nd ref="315882865"/>
  <nd ref="315882866"/>
  <nd ref="30313108"/>
  <nd ref="32910431"/>
  <nd ref="1712546455"/>
  <nd ref="1709968939"/>
  <nd ref="1709968951"/>
  <nd ref="1709968959"/>
  <nd ref="4054920358"/>
  <nd ref="1712546456"/>
  <nd ref="1712546460"/>
  <nd ref="1712546471"/>
  <nd ref="1712546477"/>
  <nd ref="1712546482"/>
  <nd ref="1712546484"/>
  <nd ref="1712546483"/>
  <nd ref="1712546478"/>
  <nd ref="1712546474"/>
  <nd ref="1712546470"/>
  <nd ref="1712546463"/>
  <nd ref="1712546459"/>
  <nd ref="90258754"/>
  <nd ref="90258759"/>
  <nd ref="1712546458"/>
  <nd ref="1712546462"/>
  <nd ref="1712546469"/>
  <nd ref="1712546473"/>
  <nd ref="1712546476"/>
  <nd ref="1712546480"/>
  <nd ref="2261555824"/>
  <nd ref="1112907276"/>
  <nd ref="1112907277"/>
  <nd ref="1112907278"/>
  <nd ref="1712546485"/>
  <nd ref="1712546487"/>
  <nd ref="1712546488"/>
  <nd ref="1712546492"/>
  <nd ref="1712546494"/>
  <nd ref="1712546496"/>
  <nd ref="1712546500"/>
  <nd ref="1712546497"/>
  <nd ref="1712546498"/>
  <nd ref="1712546502"/>
  <nd ref="1712546505"/>
  <nd ref="1712546506"/>
  <nd ref="1712546518"/>
  <nd ref="1712546525"/>
  <nd ref="2383922101"/>
  <nd ref="1712546529"/>
  <nd ref="1712546523"/>
  <nd ref="1712546517"/>
  <nd ref="1712546512"/>
  <nd ref="1712546514"/>
  <nd ref="1712546522"/>
  <nd ref="1712546530"/>
  <nd ref="1712546534"/>
  <nd ref="1712546533"/>
  <nd ref="1712546540"/>
  <nd ref="1712546542"/>
  <nd ref="1712546538"/>
  <nd ref="1712546536"/>
  <nd ref="1712546537"/>
  <nd ref="1712546539"/>
  <nd ref="1712546541"/>
  <nd ref="1712546547"/>
  <nd ref="1712546550"/>
  <nd ref="8446627010"/>
  <nd ref="1712546551"/>
  <nd ref="8446627011"/>
  <nd ref="1712546553"/>
  <nd ref="1712546557"/>
  <nd ref="1709969125"/>
  <nd ref="1709969148"/>
  <nd ref="1712546572"/>
  <nd ref="1712546567"/>
  <nd ref="1712546560"/>
  <nd ref="1712546559"/>
  <nd ref="1712546563"/>
  <nd ref="1712546565"/>
  <nd ref="1712546568"/>
  <nd ref="1712546569"/>
  <nd ref="1712546562"/>
  <nd ref="1712546558"/>
  <nd ref="1712546564"/>
  <nd ref="1712546574"/>
  <nd ref="1712546575"/>
  <nd ref="315815710"/>
  <nd ref="1712546576"/>
  <nd ref="8446626990"/>
  <nd ref="11863354283"/>
  <nd ref="9238186773"/>
  <nd ref="9238186775"/>
  <nd ref="9238186774"/>
  <nd ref="9238186776"/>
  <nd ref="1712546520"/>
  <nd ref="2435095113"/>
  <nd ref="1712546528"/>
  <nd ref="1712546532"/>
  <nd ref="1712546535"/>
  <nd ref="1712546531"/>
  <nd ref="1712546521"/>
  <nd ref="1712546515"/>
  <nd ref="1712546499"/>
  <nd ref="1712546491"/>
  <nd ref="1712546486"/>
  <nd ref="1712546479"/>
  <nd ref="2435079368"/>
  <nd ref="2435079369"/>
  <nd ref="2435079370"/>
  <nd ref="2435079371"/>
  <nd ref="2435079372"/>
  <nd ref="2261555823"/>
  <nd ref="2261555825"/>
  <nd ref="2261555826"/>
  <nd ref="2261555827"/>
  <nd ref="2261555828"/>
  <nd ref="2028619492"/>
  <nd ref="318652575"/>
  <nd ref="11863292862"/>
  <nd ref="315885444"/>
  <nd ref="318652572"/>
  <nd ref="11891477913"/>
  <nd ref="11891477914"/>
  <nd ref="11891477912"/>
  <nd ref="315814410"/>
  <nd ref="11852410083"/>
  <nd ref="11852410084"/>
  <nd ref="11852410085"/>
  <nd ref="11852410086"/>
  <nd ref="11852410087"/>
  <nd ref="11891477916"/>
  <nd ref="2728284175"/>
  <nd ref="318654452"/>
  <nd ref="318654449"/>
  <nd ref="318654455"/>
  <nd ref="11892504336"/>
  <nd ref="318654459"/>
  <nd ref="11891477922"/>
  <nd ref="11863320076"/>
  <nd ref="12709990790"/>
  <nd ref="12709990789"/>
  <nd ref="11891477926"/>
  <tag k="leaf_type" v="broadleaved"/>
  <tag k="natural" v="wood"/>
 </way>
 <way id="192302479" visible="true" version="8" changeset="151109297" timestamp="2024-05-09T16:33:19Z" user="frankfurtmapper" uid="21338930">
  <nd ref="259157906"/>
  <nd ref="259157925"/>
  <nd ref="11876576500"/>
  <nd ref="259157888"/>
  <nd ref="259157887"/>
  <nd ref="11891470498"/>
  <nd ref="11891470499"/>
  <nd ref="259157886"/>
  <nd ref="259157889"/>
  <nd ref="259157906"/>
  <tag k="building:levels" v="7"/>
  <tag k="building:part" v="university"/>
  <tag k="height" v="35"/>
  <tag k="name" v="Q1"/>
  <tag k="roof:shape" v="flat"/>
 </way>
 <way id="245223350" visible="true" version="7" changeset="142042910" timestamp="2023-10-02T14:39:07Z" user="ManuelB701" uid="16813270">
  <nd ref="324742738"/>
  <nd ref="9862996764"/>
  <nd ref="443917045"/>
  <nd ref="9862996760"/>
  <nd ref="9862996761"/>
  <nd ref="9862996762"/>
  <nd ref="9862996763"/>
  <nd ref="443917043"/>
  <nd ref="324742735"/>
  <nd ref="324742738"/>
  <tag k="addr:city" v="Frankfurt am Main"/>
  <tag k="addr:housenumber" v="106"/>
  <tag k="addr:postcode" v="60323"/>
  <tag k="addr:street" v="Grüneburgweg"/>
  <tag k="building" v="apartments"/>
  <tag k="building:levels" v="3"/>
  <tag k="roof:levels" v="1"/>
  <tag k="roof:shape" v="side_hipped"/>
 </way>
 <way id="249265775" visible="true" version="5" changeset="123134560" timestamp="2022-07-02T21:58:11Z" user="joe2812" uid="7549553">
  <nd ref="315882673"/>
  <nd ref="315882617"/>
  <nd ref="315882619"/>
  <nd ref="9862996810"/>
  <nd ref="315882672"/>
  <nd ref="315882673"/>
  <tag k="addr:city" v="Frankfurt am Main"/>
  <tag k="addr:housenumber" v="10"/>
  <tag k="addr:postcode" v="60323"/>
  <tag k="addr:street" v="August-Siebert-Straße"/>
  <tag k="building" v="house"/>
  <tag k="building:levels" v="2"/>
  <tag k="roof:levels" v="1"/>
 </way>
 <way id="249265777" visible="true" version="5" changeset="123134560" timestamp="2022-07-02T21:58:11Z" user="joe2812" uid="7549553">
  <nd ref="315882618"/>
  <nd ref="315882673"/>
  <nd ref="315882672"/>
  <nd ref="9862996813"/>
  <nd ref="9862996818"/>
  <nd ref="315882620"/>
  <nd ref="9862996822"/>
  <nd ref="315882618"/>
  <tag k="addr:city" v="Frankfurt am Main"/>
  <tag k="addr:housenumber" v="12"/>
  <tag k="addr:postcode" v="60323"/>
  <tag k="addr:street" v="August-Siebert-Straße"/>
  <tag k="building" v="apartments"/>
  <tag k="building:levels" v="2"/>
  <tag k="roof:levels" v="1"/>
 </way>
 <way id="249265779" visible="true" version="7" changeset="123134560" timestamp="2022-07-02T21:58:11Z" user="joe2812" uid="7549553">
  <nd ref="315882675"/>
  <nd ref="315882621"/>
  <nd ref="9862996823"/>
  <nd ref="315882623"/>
  <nd ref="9862996834"/>
  <nd ref="2558987569"/>
  <nd ref="2558987567"/>
  <nd ref="315882674"/>
  <nd ref="315882675"/>
  <tag k="addr:city" v="Frankfurt am Main"/>
  <tag k="addr:housenumber" v="14"/>
  <tag k="addr:postcode" v="60323"/>
  <tag k="addr:street" v="August-Siebert-Straße"/>
  <tag k="building" v="apartments"/>
  <tag k="building:levels" v="3"/>
  <tag k="roof:levels" v="1"/>
 </way>
 <way id="249265782" visible="true" version="4" changeset="107655146" timestamp="2021-07-08T18:42:29Z" user="Rob-Dog" uid="12923747">
  <nd ref="315882622"/>
  <nd ref="315882675"/>
  <nd ref="315882674"/>
  <nd ref="2558987571"/>
  <nd ref="2558987573"/>
  <nd ref="315882625"/>
  <nd ref="315882622"/>
  <tag k="addr:city" v="Frankfurt am Main"/>
  <tag k="addr:housenumber" v="16"/>
  <tag k="addr:postcode" v="60323"/>
  <tag k="addr:street" v="August-Siebert-Straße"/>
  <tag k="building" v="apartments"/>
  <tag k="building:levels" v="2"/>
  <tag k="roof:levels" v="1"/>
 </way>
 <way id="249265784" visible="true" version="6" changeset="123134560" timestamp="2022-07-02T21:58:11Z" user="joe2812" uid="7549553">
  <nd ref="315880759"/>
  <nd ref="315880752"/>
  <nd ref="315880755"/>
  <nd ref="9862996880"/>
  <nd ref="9862996878"/>
  <nd ref="9862996877"/>
  <nd ref="9862996879"/>
  <nd ref="315880760"/>
  <nd ref="315880759"/>
  <tag k="addr:city" v="Frankfurt am Main"/>
  <tag k="addr:housenumber" v="2"/>
  <tag k="addr:postcode" v="60323"/>
  <tag k="addr:street" v="August-Siebert-Straße"/>
  <tag k="building" v="apartments"/>
  <tag k="building:levels" v="3"/>
  <tag k="roof:levels" v="1"/>
  <tag k="roof:shape" v="side_hipped"/>
 </way>
 <way id="249265785" visible="true" version="6" changeset="123134560" timestamp="2022-07-02T21:58:11Z" user="joe2812" uid="7549553">
  <nd ref="315880754"/>
  <nd ref="315880759"/>
  <nd ref="315880760"/>
  <nd ref="9862996876"/>
  <nd ref="9862996874"/>
  <nd ref="9862996873"/>
  <nd ref="9862996875"/>
  <nd ref="315880757"/>
  <nd ref="315880754"/>
  <tag k="addr:city" v="Frankfurt am Main"/>
  <tag k="addr:housenumber" v="200"/>
  <tag k="addr:postcode" v="60323"/>
  <tag k="addr:street" v="Fürstenbergerstraße"/>
  <tag k="building" v="apartments"/>
  <tag k="building:levels" v="3"/>
  <tag k="roof:levels" v="1"/>
  <tag k="roof:shape" v="side_hipped"/>
 </way>
 <way id="249265793" visible="true" version="5" changeset="123134560" timestamp="2022-07-02T21:58:11Z" user="joe2812" uid="7549553">
  <nd ref="315882670"/>
  <nd ref="9862996870"/>
  <nd ref="9862996867"/>
  <nd ref="9862996868"/>
  <nd ref="9862996869"/>
  <nd ref="315882669"/>
  <nd ref="2558987564"/>
  <nd ref="315882671"/>
  <nd ref="315882670"/>
  <tag k="addr:city" v="Frankfurt am Main"/>
  <tag k="addr:housenumber" v="6"/>
  <tag k="addr:postcode" v="60323"/>
  <tag k="addr:street" v="August-Siebert-Straße"/>
  <tag k="building" v="apartments"/>
  <tag k="building:levels" v="2"/>
  <tag k="roof:levels" v="1"/>
 </way>
 <way id="249265798" visible="true" version="5" changeset="107655150" timestamp="2021-07-08T18:40:06Z" user="Rob-Dog" uid="12923747">
  <nd ref="443917030"/>
  <nd ref="315882670"/>
  <nd ref="315882671"/>
  <nd ref="443917020"/>
  <nd ref="443917030"/>
  <tag k="addr:city" v="Frankfurt am Main"/>
  <tag k="addr:housenumber" v="8"/>
  <tag k="addr:postcode" v="60323"/>
  <tag k="addr:street" v="August-Siebert-Straße"/>
  <tag k="building" v="apartments"/>
  <tag k="building:levels" v="2"/>
  <tag k="roof:levels" v="1"/>
  <tag k="roof:shape" v="gabled"/>
 </way>
 <way id="249265806" visible="true" version="2" changeset="123038605" timestamp="2022-06-30T10:27:16Z" user="joe2812" uid="7549553">
  <nd ref="2558987545"/>
  <nd ref="2558987547"/>
  <nd ref="2558987538"/>
  <nd ref="9857805525"/>
  <nd ref="9857805524"/>
  <nd ref="9857805523"/>
  <nd ref="9857805522"/>
  <nd ref="9857805521"/>
  <nd ref="2558987536"/>
  <nd ref="9857803213"/>
  <nd ref="9857803214"/>
  <nd ref="9857803215"/>
  <nd ref="9857803216"/>
  <nd ref="9857805517"/>
  <nd ref="9857805518"/>
  <nd ref="9857805519"/>
  <nd ref="9857805520"/>
  <nd ref="2558987545"/>
  <tag k="building" v="yes"/>
 </way>
 <way id="249265810" visible="true" version="2" changeset="123038605" timestamp="2022-06-30T10:27:16Z" user="joe2812" uid="7549553">
  <nd ref="390464761"/>
  <nd ref="2558987534"/>
  <nd ref="2558987530"/>
  <nd ref="390464758"/>
  <nd ref="9857805559"/>
  <nd ref="390464760"/>
  <nd ref="390464761"/>
  <tag k="building" v="yes"/>
 </way>
 <way id="257722159" visible="true" version="8" changeset="162662758" timestamp="2025-02-18T14:03:28Z" user="Thorsten De Souza_ReLUT" uid="21598667">
  <nd ref="2557535779"/>
  <nd ref="32910429"/>
  <tag k="bicycle" v="yes"/>
  <tag k="check_date:parking" v="2022-03-15"/>
  <tag k="highway" v="residential"/>
  <tag k="lit" v="yes"/>
  <tag k="maxspeed" v="30"/>
  <tag k="maxspeed:type" v="DE:zone30"/>
  <tag k="name" v="August-Siebert-Straße"/>
  <tag k="parking:both" v="on_kerb"/>
  <tag k="parking:both:access" v="yes @ (Mo-Fr 00:00-07:00,10:00-16:00,22:00-24:00,Sa-Su 00:00-24:00)"/>
  <tag k="parking:both:fee" v="no"/>
  <tag k="parking:both:orientation" v="perpendicular"/>
  <tag k="parking:both:private" v="residents @ (Mo-Fr 07:00-10:00,16:00-22:00)"/>
  <tag k="parking:both:zone" v="30"/>
  <tag k="parking:left:restriction" v="none"/>
  <tag k="parking:right:restriction" v="no_stopping"/>
  <tag k="sidewalk" v="both"/>
  <tag k="surface" v="asphalt"/>
 </way>
 <way id="313453795" visible="true" version="6" changeset="149300774" timestamp="2024-03-29T08:42:55Z" user="skotek" uid="20075511">
  <nd ref="3194334790"/>
  <nd ref="3194334784"/>
  <nd ref="3194334785"/>
  <nd ref="11136108289"/>
  <nd ref="3194334765"/>
  <nd ref="11659251179"/>
  <nd ref="9860196056"/>
  <nd ref="3194334764"/>
  <nd ref="3194334769"/>
  <nd ref="3194334757"/>
  <nd ref="3194334749"/>
  <nd ref="3194334741"/>
  <nd ref="6960222485"/>
  <nd ref="3194334740"/>
  <nd ref="3194334738"/>
  <nd ref="3194334736"/>
  <nd ref="3194334737"/>
  <tag k="admin_level" v="10"/>
  <tag k="boundary" v="administrative"/>
 </way>
 <way id="321136070" visible="true" version="19" changeset="151122955" timestamp="2024-05-09T23:52:17Z" user="frankfurtmapper" uid="21338930">
  <nd ref="651850508"/>
  <nd ref="259157905"/>
  <nd ref="259157902"/>
  <nd ref="259157914"/>
  <nd ref="259157915"/>
  <nd ref="259157901"/>
  <nd ref="259157898"/>
  <nd ref="259157912"/>
  <nd ref="11872599162"/>
  <nd ref="259157913"/>
  <nd ref="259157894"/>
  <nd ref="259157897"/>
  <nd ref="259157911"/>
  <nd ref="11876576530"/>
  <nd ref="259157931"/>
  <nd ref="2028619455"/>
  <nd ref="259157910"/>
  <nd ref="259157892"/>
  <nd ref="259157890"/>
  <nd ref="259157909"/>
  <nd ref="259157908"/>
  <nd ref="259157882"/>
  <nd ref="259157880"/>
  <nd ref="259157907"/>
  <nd ref="259157906"/>
  <nd ref="259157889"/>
  <nd ref="259157886"/>
  <nd ref="11891470499"/>
  <nd ref="11891470498"/>
  <nd ref="259157887"/>
  <nd ref="259157888"/>
  <nd ref="11876576500"/>
  <nd ref="259157925"/>
  <nd ref="11892504340"/>
  <nd ref="259157924"/>
  <nd ref="259157881"/>
  <nd ref="11892504339"/>
  <nd ref="11860872442"/>
  <nd ref="11876576475"/>
  <nd ref="259157884"/>
  <nd ref="259157923"/>
  <nd ref="11892504311"/>
  <nd ref="259157922"/>
  <nd ref="259157891"/>
  <nd ref="11860872441"/>
  <nd ref="2028619459"/>
  <nd ref="259157921"/>
  <nd ref="318654468"/>
  <nd ref="318654477"/>
  <nd ref="11872599139"/>
  <nd ref="614849543"/>
  <nd ref="11872599140"/>
  <nd ref="318654475"/>
  <nd ref="614849542"/>
  <nd ref="11872599141"/>
  <nd ref="318654469"/>
  <nd ref="11872599142"/>
  <nd ref="614849545"/>
  <nd ref="318654472"/>
  <nd ref="614849546"/>
  <nd ref="318654473"/>
  <nd ref="318654471"/>
  <nd ref="259157920"/>
  <nd ref="2028619460"/>
  <nd ref="11860872440"/>
  <nd ref="259157895"/>
  <nd ref="259157919"/>
  <nd ref="11892504321"/>
  <nd ref="259157918"/>
  <nd ref="259157899"/>
  <nd ref="11892504346"/>
  <nd ref="11860872439"/>
  <nd ref="259157900"/>
  <nd ref="259157917"/>
  <nd ref="11892504347"/>
  <nd ref="259157916"/>
  <nd ref="259157903"/>
  <nd ref="11876576491"/>
  <nd ref="259157904"/>
  <nd ref="11876576492"/>
  <nd ref="651850512"/>
  <nd ref="11876576487"/>
  <nd ref="11876576488"/>
  <nd ref="659027728"/>
  <nd ref="651850517"/>
  <nd ref="11851982550"/>
  <nd ref="11863320169"/>
  <nd ref="11863320083"/>
  <nd ref="659027727"/>
  <nd ref="11891470518"/>
  <nd ref="651850508"/>
  <tag k="addr:city" v="Frankfurt am Main"/>
  <tag k="addr:country" v="DE"/>
  <tag k="addr:housenumber" v="1"/>
  <tag k="addr:postcode" v="60323"/>
  <tag k="addr:street" v="Norbert-Wollheim-Platz"/>
  <tag k="alt_name" v="Poelzig-Bau"/>
  <tag k="building" v="university"/>
  <tag k="building:levels" v="7"/>
  <tag k="historic" v="building"/>
  <tag k="image" v="File:Poelzig-Bau, Frankfurt, South partial view 20140827 1.jpg"/>
  <tag k="name" v="I.G.-Farben-Haus"/>
  <tag k="name:de" v="I.G.-Farben-Haus"/>
  <tag k="name:en" v="IG Farben Building"/>
  <tag k="old_name" v="IG-Farben-Gebäude"/>
  <tag k="roof:levels" v="0"/>
  <tag k="short_name" v="IG"/>
  <tag k="wikidata" v="Q663140"/>
  <tag k="wikimedia_commons" v="Category:IG Farben Building"/>
  <tag k="wikipedia" v="de:I.G.-Farben-Haus"/>
 </way>
 <way id="339703195" visible="true" version="12" changeset="164255859" timestamp="2025-03-29T16:12:39Z" user="mueschel" uid="616774">
  <nd ref="315885443"/>
  <nd ref="11863320156"/>
  <nd ref="318652572"/>
  <nd ref="315885444"/>
  <nd ref="11863292862"/>
  <nd ref="11863320154"/>
  <nd ref="2728284176"/>
  <nd ref="315885454"/>
  <nd ref="315885445"/>
  <nd ref="11863320072"/>
  <nd ref="315885446"/>
  <nd ref="659546190"/>
  <nd ref="315885447"/>
  <nd ref="315885465"/>
  <nd ref="11851982564"/>
  <nd ref="11860872423"/>
  <nd ref="11851982566"/>
  <nd ref="12709990799"/>
  <nd ref="766693009"/>
  <nd ref="315885448"/>
  <tag k="bicycle" v="yes"/>
  <tag k="highway" v="service"/>
  <tag k="lit" v="yes"/>
  <tag k="maxspeed" v="10"/>
  <tag k="motorcar" v="private"/>
  <tag k="name" v="Fritz-Neumark-Weg"/>
  <tag k="name:etymology:wikidata" v="Q125727"/>
  <tag k="surface" v="asphalt"/>
 </way>
 <way id="473361907" visible="true" version="2" changeset="123038605" timestamp="2022-06-30T10:27:16Z" user="joe2812" uid="7549553">
  <nd ref="4674887883"/>
  <nd ref="4674887884"/>
  <nd ref="4674887885"/>
  <nd ref="4674887887"/>
  <nd ref="4674887886"/>
  <nd ref="2558987543"/>
  <nd ref="2558987549"/>
  <nd ref="9857805556"/>
  <nd ref="9857805560"/>
  <nd ref="9857805561"/>
  <nd ref="390464755"/>
  <nd ref="390464757"/>
  <nd ref="390464756"/>
  <nd ref="390464761"/>
  <nd ref="390464760"/>
  <nd ref="9857805559"/>
  <nd ref="390464758"/>
  <nd ref="2558987528"/>
  <nd ref="4674887883"/>
  <tag k="building:part" v="yes"/>
  <tag k="height" v="96"/>
 </way>
 <way id="473361908" visible="true" version="2" changeset="123038605" timestamp="2022-06-30T10:27:16Z" user="joe2812" uid="7549553">
  <nd ref="271228609"/>
  <nd ref="271228612"/>
  <nd ref="2558987543"/>
  <nd ref="4674887886"/>
  <nd ref="4674887887"/>
  <nd ref="4674887885"/>
  <nd ref="4674887884"/>
  <nd ref="4674887883"/>
  <nd ref="9857805557"/>
  <nd ref="9857805558"/>
  <nd ref="271228609"/>
  <tag k="building:part" v="yes"/>
  <tag k="height" v="74"/>
 </way>
 <way id="485797191" visible="true" version="7" changeset="130908390" timestamp="2023-01-05T14:02:29Z" user="oha" uid="8204">
  <nd ref="614878348"/>
  <nd ref="4784067867"/>
  <nd ref="10226072344"/>
  <nd ref="10226072348"/>
  <nd ref="10226072343"/>
  <nd ref="4784067865"/>
  <nd ref="4785630002"/>
  <nd ref="4784067864"/>
  <nd ref="4784067863"/>
  <nd ref="4784067862"/>
  <nd ref="10226072347"/>
  <nd ref="4784067861"/>
  <nd ref="10226072346"/>
  <nd ref="4784067860"/>
  <nd ref="4784067859"/>
  <nd ref="10308797915"/>
  <nd ref="4784067858"/>
  <nd ref="4784067857"/>
  <nd ref="10226047086"/>
  <nd ref="4784067856"/>
  <nd ref="10226047087"/>
  <nd ref="10226047088"/>
  <nd ref="4784067855"/>
  <nd ref="10226047106"/>
  <tag k="electrified" v="contact_line"/>
  <tag k="frequency" v="0"/>
  <tag k="gauge" v="1435"/>
  <tag k="layer" v="-3"/>
  <tag k="name" v="D Strecke (Ginnheimer Kurve)"/>
  <tag k="operator" v="VGF"/>
  <tag k="proposed:railway" v="subway"/>
  <tag k="railway" v="proposed"/>
  <tag k="source" v="http://www.ginnheimer-kurve.de/Projekte/GK/Streckenverlauf"/>
  <tag k="tunnel" v="yes"/>
  <tag k="voltage" v="800"/>
  <tag k="wikipedia" v="de:U-Bahn-Strecke D (Frankfurt am Main)"/>
  <tag k="workrules" v="DE:BOStrab"/>
 </way>
 <way id="485797192" visible="true" version="8" changeset="129833402" timestamp="2022-12-07T19:26:31Z" user="SandGetriebe" uid="10617383">
  <nd ref="10226047110"/>
  <nd ref="10226072334"/>
  <nd ref="10226072335"/>
  <nd ref="10226072336"/>
  <nd ref="10226072337"/>
  <nd ref="10226072338"/>
  <nd ref="10226072339"/>
  <nd ref="10226072340"/>
  <nd ref="4228702786"/>
  <nd ref="4228702787"/>
  <nd ref="4784067871"/>
  <nd ref="4784067870"/>
  <nd ref="10226072341"/>
  <nd ref="10226072342"/>
  <nd ref="4784067869"/>
  <nd ref="4228702788"/>
  <nd ref="4228703989"/>
  <nd ref="4228703990"/>
  <nd ref="10226072345"/>
  <nd ref="4784067872"/>
  <nd ref="10226072349"/>
  <nd ref="10226072350"/>
  <nd ref="4784067874"/>
  <nd ref="4228703995"/>
  <nd ref="760309212"/>
  <tag k="electrified" v="contact_line"/>
  <tag k="frequency" v="0"/>
  <tag k="gauge" v="1435"/>
  <tag k="layer" v="-3"/>
  <tag k="name" v="D Strecke (Ginnheimer Kurve)"/>
  <tag k="operator" v="VGF"/>
  <tag k="proposed:railway" v="subway"/>
  <tag k="railway" v="proposed"/>
  <tag k="source" v="http://www.ginnheimer-kurve.de/Projekte/GK/Streckenverlauf"/>
  <tag k="tunnel" v="yes"/>
  <tag k="voltage" v="800"/>
  <tag k="wikipedia" v="de:U-Bahn-Strecke D (Frankfurt am Main)"/>
  <tag k="workrules" v="DE:BOStrab"/>
 </way>
 <way id="1074765463" visible="true" version="5" changeset="168226042" timestamp="2025-06-28T12:51:21Z" user="r22r" uid="21853903">
  <nd ref="9857805556"/>
  <nd ref="9857805555"/>
  <nd ref="9857805554"/>
  <nd ref="271228612"/>
  <nd ref="2558987543"/>
  <nd ref="2558987549"/>
  <nd ref="9857805556"/>
  <tag k="building" v="construction"/>
  <tag k="check_date" v="2024-07-14"/>
 </way>
 <way id="1075422630" visible="true" version="2" changeset="142021417" timestamp="2023-10-02T06:43:51Z" user="ManuelB701" uid="16813270">
  <nd ref="9862996785"/>
  <nd ref="9862996782"/>
  <nd ref="9862996781"/>
  <nd ref="9862996780"/>
  <nd ref="9862996785"/>
  <tag k="building" v="garages"/>
 </way>
 <way id="1075422631" visible="true" version="2" changeset="142021417" timestamp="2023-10-02T06:43:57Z" user="ManuelB701" uid="16813270">
  <nd ref="9862996786"/>
  <nd ref="9862996785"/>
  <nd ref="9862996780"/>
  <nd ref="9862996784"/>
  <nd ref="9862996783"/>
  <nd ref="9862996786"/>
  <tag k="building" v="garage"/>
 </way>
 <way id="1075422636" visible="true" version="2" changeset="142021417" timestamp="2023-10-02T06:45:34Z" user="ManuelB701" uid="16813270">
  <nd ref="9862996809"/>
  <nd ref="9862996808"/>
  <nd ref="9862996807"/>
  <nd ref="9862996806"/>
  <nd ref="9862996809"/>
  <tag k="building" v="garage"/>
 </way>
 <way id="1075422640" visible="true" version="2" changeset="142021417" timestamp="2023-10-02T06:46:13Z" user="ManuelB701" uid="16813270">
  <nd ref="9862996827"/>
  <nd ref="9862996826"/>
  <nd ref="9862996822"/>
  <nd ref="315882620"/>
  <nd ref="9862996821"/>
  <nd ref="9862996827"/>
  <tag k="building" v="garages"/>
 </way>
 <way id="1075422641" visible="true" version="2" changeset="156694520" timestamp="2024-09-16T15:45:56Z" user="kaltuna" uid="1386271">
  <nd ref="9862996827"/>
  <nd ref="9862996826"/>
  <nd ref="9862996825"/>
  <nd ref="9862996824"/>
  <nd ref="9862996823"/>
  <nd ref="315882623"/>
  <nd ref="9862996827"/>
  <tag k="building" v="yes"/>
  <tag k="fixme" v="building=yes anstatt building:part von user joe2812"/>
 </way>
 <way id="1091760767" visible="true" version="16" changeset="168240766" timestamp="2025-06-28T19:47:28Z" user="r22r" uid="21853903">
  <nd ref="271228613"/>
  <nd ref="3404674657"/>
  <nd ref="271228619"/>
  <nd ref="2557535759"/>
  <nd ref="30078742"/>
  <tag k="bicycle" v="designated"/>
  <tag k="bus" v="yes"/>
  <tag k="check_date:parking" v="2023-06-27"/>
  <tag k="class:bicycle" v="3"/>
  <tag k="foot" v="yes"/>
  <tag k="highway" v="residential"/>
  <tag k="lane_markings" v="no"/>
  <tag k="lit" v="yes"/>
  <tag k="maxspeed" v="30"/>
  <tag k="motor_vehicle" v="destination"/>
  <tag k="name" v="Grüneburgweg"/>
  <tag k="name:etymology" v="nach einem im 14. Jahrhundert entstandenen burgartigen Gutshof. Zeitweilig im Besitz der Familie Goethe, später der Familie Bethmann-Metzler. Seit 1789 hieß das Anwesen „Zur grünen Burg“ und war Treffpunkt der großen Frankfurter Gesellschaft."/>
  <tag k="oneway" v="yes"/>
  <tag k="oneway:bicycle" v="no"/>
  <tag k="parking:both:orientation" v="parallel"/>
  <tag k="parking:left" v="lane"/>
  <tag k="parking:right" v="street_side"/>
  <tag k="psv" v="yes"/>
  <tag k="sidewalk" v="both"/>
  <tag k="source:maxspeed" v="DE:bicycle_road"/>
  <tag k="surface" v="asphalt"/>
 </way>
 <way id="1128102238" visible="true" version="3" changeset="164255859" timestamp="2025-03-29T16:12:39Z" user="mueschel" uid="616774">
  <nd ref="10313879526"/>
  <nd ref="10313879529"/>
  <tag k="leaf_type" v="broadleaved"/>
  <tag k="natural" v="tree_row"/>
 </way>
 <way id="1128102240" visible="true" version="2" changeset="133796341" timestamp="2023-03-17T16:46:01Z" user="xxzzyy" uid="18190917">
  <nd ref="10313879530"/>
  <nd ref="10313879531"/>
  <tag k="leaf_type" v="broadleaved"/>
  <tag k="natural" v="tree_row"/>
 </way>
 <way id="1128102242" visible="true" version="2" changeset="131194844" timestamp="2023-01-12T15:45:54Z" user="xxzzyy" uid="18190917">
  <nd ref="10313879534"/>
  <nd ref="10313879535"/>
  <tag k="leaf_type" v="broadleaved"/>
  <tag k="natural" v="tree_row"/>
 </way>
 <way id="1212525426" visible="true" version="1" changeset="142042910" timestamp="2023-10-02T14:39:07Z" user="ManuelB701" uid="16813270">
  <nd ref="11233742810"/>
  <nd ref="11233742811"/>
  <nd ref="11233742812"/>
  <nd ref="11233742813"/>
  <nd ref="11233742814"/>
  <nd ref="11233742815"/>
  <nd ref="11233742816"/>
  <nd ref="11233742817"/>
  <nd ref="11233742818"/>
  <nd ref="11233742819"/>
  <nd ref="11233742820"/>
  <nd ref="11233742802"/>
  <nd ref="11233742805"/>
  <nd ref="11233742806"/>
  <nd ref="11233742807"/>
  <nd ref="11233742808"/>
  <nd ref="11233742809"/>
  <nd ref="11233742803"/>
  <nd ref="11233742804"/>
  <nd ref="11233742810"/>
  <tag k="landuse" v="grass"/>
 </way>
 <way id="1267335225" visible="true" version="7" changeset="168038278" timestamp="2025-06-24T09:09:47Z" user="saitam" uid="90020">
  <nd ref="520404"/>
  <nd ref="11770818402"/>
  <nd ref="11770818399"/>
  <nd ref="11770818400"/>
  <tag k="bicycle" v="designated"/>
  <tag k="bus" v="yes"/>
  <tag k="cycleway:left" v="no"/>
  <tag k="highway" v="residential"/>
  <tag k="lit" v="yes"/>
  <tag k="maxspeed" v="30"/>
  <tag k="maxspeed:type" v="sign"/>
  <tag k="motor_vehicle" v="no"/>
  <tag k="name" v="Grüneburgweg"/>
  <tag k="name:etymology" v="nach einem im 14. Jahrhundert entstandenen burgartigen Gutshof. Zeitweilig im Besitz der Familie Goethe, später der Familie Bethmann-Metzler. Seit 1789 hieß das Anwesen „Zur grünen Burg“ und war Treffpunkt der großen Frankfurter Gesellschaft."/>
  <tag k="oneway" v="yes"/>
  <tag k="oneway:bicycle" v="yes"/>
  <tag k="parking" v="no"/>
  <tag k="sidewalk" v="both"/>
  <tag k="sidewalk:both:surface" v="paving_stones"/>
  <tag k="small_electric_vehicle" v="yes"/>
  <tag k="smoothness" v="good"/>
  <tag k="surface" v="asphalt"/>
 </way>
 <way id="1267335226" visible="true" version="5" changeset="168038278" timestamp="2025-06-24T09:09:44Z" user="saitam" uid="90020">
  <nd ref="11770818400"/>
  <nd ref="2557535770"/>
  <tag k="bus" v="yes"/>
  <tag k="check_date:parking" v="2024-05-01"/>
  <tag k="highway" v="residential"/>
  <tag k="lit" v="yes"/>
  <tag k="maxspeed" v="30"/>
  <tag k="maxspeed:type" v="sign"/>
  <tag k="name" v="Grüneburgweg"/>
  <tag k="name:etymology" v="nach einem im 14. Jahrhundert entstandenen burgartigen Gutshof. Zeitweilig im Besitz der Familie Goethe, später der Familie Bethmann-Metzler. Seit 1789 hieß das Anwesen „Zur grünen Burg“ und war Treffpunkt der großen Frankfurter Gesellschaft."/>
  <tag k="parking" v="no"/>
  <tag k="parking:both" v="no"/>
  <tag k="sidewalk" v="both"/>
  <tag k="sidewalk:both:surface" v="paving_stones"/>
  <tag k="smoothness" v="excellent"/>
  <tag k="surface" v="asphalt"/>
 </way>
 <way id="1267335227" visible="true" version="10" changeset="168038278" timestamp="2025-06-24T09:09:46Z" user="saitam" uid="90020">
  <nd ref="11770818400"/>
  <nd ref="2557535763"/>
  <tag k="cycleway:left" v="no"/>
  <tag k="highway" v="residential"/>
  <tag k="maxspeed" v="30"/>
  <tag k="name" v="Grüneburgweg"/>
  <tag k="name:etymology" v="nach einem im 14. Jahrhundert entstandenen burgartigen Gutshof. Zeitweilig im Besitz der Familie Goethe, später der Familie Bethmann-Metzler. Seit 1789 hieß das Anwesen „Zur grünen Burg“ und war Treffpunkt der großen Frankfurter Gesellschaft."/>
  <tag k="oneway" v="yes"/>
  <tag k="oneway:bicycle" v="yes"/>
  <tag k="parking:both" v="no"/>
  <tag k="sidewalk" v="right"/>
  <tag k="sidewalk:right:surface" v="paving_stones"/>
  <tag k="smoothness" v="good"/>
  <tag k="surface" v="asphalt"/>
 </way>
 <way id="1276634254" visible="true" version="4" changeset="164529348" timestamp="2025-04-04T21:32:31Z" user="kjon" uid="44217">
  <nd ref="11851982563"/>
  <nd ref="11851982562"/>
  <nd ref="11860872420"/>
  <nd ref="11860872421"/>
  <nd ref="11851982563"/>
  <tag k="amenity" v="car_sharing"/>
  <tag k="capacity" v="4"/>
  <tag k="operator" v="Share Now"/>
  <tag k="operator:type" v="private"/>
  <tag k="operator:wikidata" v="Q62021602"/>
 </way>
 <way id="1276634255" visible="true" version="3" changeset="164255859" timestamp="2025-03-29T16:12:39Z" user="mueschel" uid="616774">
  <nd ref="12709990798"/>
  <nd ref="12709990797"/>
  <nd ref="11860872415"/>
  <nd ref="11860872425"/>
  <nd ref="12709990798"/>
  <tag k="building" v="university"/>
  <tag k="building:levels" v="1"/>
  <tag k="name" v="Pforte"/>
 </way>
 <way id="1276634261" visible="true" version="4" changeset="151122955" timestamp="2024-05-09T23:52:17Z" user="frankfurtmapper" uid="21338930">
  <nd ref="11892504330"/>
  <nd ref="11863292853"/>
  <nd ref="11852410090"/>
  <nd ref="11852410091"/>
  <nd ref="11892504330"/>
  <tag k="biergarten" v="yes"/>
  <tag k="heating" v="no"/>
  <tag k="leisure" v="outdoor_seating"/>
  <tag k="lit" v="yes"/>
  <tag k="operator" v="Studierendenwerk Frankfurt am Main"/>
  <tag k="operator:wikidata" v="Q2358344"/>
  <tag k="self_service" v="yes"/>
 </way>
 <way id="1276634262" visible="true" version="2" changeset="151122955" timestamp="2024-05-09T23:52:17Z" user="frankfurtmapper" uid="21338930">
  <nd ref="11892504332"/>
  <nd ref="11892504331"/>
  <nd ref="11852410096"/>
  <nd ref="11852410097"/>
  <nd ref="11892504332"/>
  <tag k="playground" v="sandpit"/>
 </way>
 <way id="1276634264" visible="true" version="3" changeset="167530731" timestamp="2025-06-12T12:01:42Z" user="Norbert Dichter" uid="2916048">
  <nd ref="315885463"/>
  <nd ref="11876544641"/>
  <nd ref="11852410110"/>
  <nd ref="11852410111"/>
  <nd ref="11852410113"/>
  <nd ref="11876544640"/>
  <nd ref="11876544639"/>
  <tag k="highway" v="path"/>
  <tag k="surface" v="asphalt"/>
 </way>
 <way id="1276634268" visible="true" version="2" changeset="150597937" timestamp="2024-04-27T22:00:57Z" user="frankfurtmapper" uid="21338930">
  <nd ref="11852410137"/>
  <nd ref="11852410138"/>
  <nd ref="11852410139"/>
  <nd ref="11852410140"/>
  <nd ref="11852410141"/>
  <nd ref="11852410142"/>
  <nd ref="11852410143"/>
  <tag k="highway" v="footway"/>
  <tag k="informal" v="yes"/>
  <tag k="surface" v="ground"/>
 </way>
 <way id="1279349512" visible="true" version="3" changeset="151109297" timestamp="2024-05-09T16:33:19Z" user="frankfurtmapper" uid="21338930">
  <nd ref="11876544656"/>
  <nd ref="11891807660"/>
  <tag k="highway" v="service"/>
  <tag k="incline" v="down"/>
  <tag k="service" v="driveway"/>
 </way>
 <way id="1279349513" visible="true" version="2" changeset="163018927" timestamp="2025-02-27T16:00:43Z" user="i_ngli" uid="4280785">
  <nd ref="11876544658"/>
  <nd ref="11876544659"/>
  <nd ref="11876544660"/>
  <nd ref="11876544661"/>
  <nd ref="11876544658"/>
  <tag k="amenity" v="bicycle_parking"/>
  <tag k="bicycle_parking" v="lean_and_stick"/>
  <tag k="capacity" v="24"/>
  <tag k="covered" v="no"/>
  <tag k="fee" v="no"/>
  <tag k="surface" v="fine_gravel"/>
 </way>
 <way id="1281173945" visible="true" version="2" changeset="151109297" timestamp="2024-05-09T16:33:19Z" user="frankfurtmapper" uid="21338930">
  <nd ref="11891470499"/>
  <nd ref="11891470504"/>
  <nd ref="11876576503"/>
  <tag k="barrier" v="fence"/>
  <tag k="fence_type" v="railing"/>
 </way>
 <way id="1281173969" visible="true" version="3" changeset="164255859" timestamp="2025-03-29T16:12:39Z" user="mueschel" uid="616774">
  <nd ref="1480413880"/>
  <nd ref="11863202159"/>
  <nd ref="2637722031"/>
  <nd ref="11862574475"/>
  <nd ref="3131338285"/>
  <nd ref="9238186811"/>
  <nd ref="564726237"/>
  <nd ref="11891477938"/>
  <nd ref="318652655"/>
  <nd ref="318652651"/>
  <nd ref="318652664"/>
  <nd ref="318652660"/>
  <nd ref="11891477939"/>
  <nd ref="11891477940"/>
  <nd ref="9238186799"/>
  <nd ref="11891477941"/>
  <nd ref="11863202121"/>
  <nd ref="11891477897"/>
  <nd ref="2564313608"/>
  <nd ref="2955137591"/>
  <nd ref="2564313609"/>
  <nd ref="9238186791"/>
  <nd ref="2564313600"/>
  <nd ref="2564313602"/>
  <nd ref="2955137593"/>
  <nd ref="2955137595"/>
  <nd ref="11863292802"/>
  <nd ref="11891477942"/>
  <nd ref="1480413795"/>
  <nd ref="2633091567"/>
  <nd ref="1480413791"/>
  <nd ref="1480413787"/>
  <nd ref="11863292843"/>
  <nd ref="315814437"/>
  <nd ref="11872599149"/>
  <nd ref="11863292830"/>
  <nd ref="11860872464"/>
  <nd ref="11860872463"/>
  <nd ref="11860872462"/>
  <nd ref="11860872461"/>
  <nd ref="315814467"/>
  <nd ref="315814465"/>
  <nd ref="11860872459"/>
  <nd ref="11863320080"/>
  <nd ref="11863320084"/>
  <nd ref="162568"/>
  <nd ref="11863320181"/>
  <nd ref="15514308"/>
  <nd ref="11863320183"/>
  <nd ref="315885451"/>
  <nd ref="315885450"/>
  <nd ref="1480413770"/>
  <nd ref="1480413769"/>
  <nd ref="11863320192"/>
  <nd ref="11851982568"/>
  <nd ref="12709990796"/>
  <nd ref="12709990795"/>
  <nd ref="520415"/>
  <nd ref="11863292868"/>
  <nd ref="11863320069"/>
  <nd ref="9862948814"/>
  <nd ref="30256740"/>
  <nd ref="315882680"/>
  <nd ref="315882792"/>
  <nd ref="1480413808"/>
  <nd ref="11863354283"/>
  <nd ref="1480413880"/>
 </way>
 <way id="1281223305" visible="true" version="3" changeset="151123093" timestamp="2024-05-10T00:02:58Z" user="frankfurtmapper" uid="21338930">
  <nd ref="318652594"/>
  <nd ref="11862527054"/>
  <nd ref="11863354285"/>
  <nd ref="2018746344"/>
  <nd ref="11892494739"/>
  <nd ref="11860872432"/>
  <nd ref="2683126672"/>
  <nd ref="2728284172"/>
  <nd ref="2728284173"/>
  <nd ref="315814408"/>
  <nd ref="11891477912"/>
  <nd ref="315814410"/>
  <nd ref="11852410083"/>
  <nd ref="11852410084"/>
  <nd ref="11852410085"/>
  <nd ref="11852410086"/>
  <nd ref="11852410087"/>
  <nd ref="11891477916"/>
  <nd ref="315885452"/>
  <nd ref="11892504304"/>
  <nd ref="466542998"/>
  <nd ref="11892504306"/>
  <nd ref="11892504307"/>
  <nd ref="11892504308"/>
  <nd ref="11892504310"/>
  <nd ref="11892504311"/>
  <nd ref="259157922"/>
  <nd ref="259157909"/>
  <nd ref="259157890"/>
  <nd ref="259157892"/>
  <nd ref="259157910"/>
  <nd ref="11876576531"/>
  <nd ref="11892504312"/>
  <nd ref="11892504314"/>
  <nd ref="11876544639"/>
  <nd ref="11892504315"/>
  <nd ref="11892504316"/>
  <nd ref="11892504313"/>
  <nd ref="11892504317"/>
  <nd ref="11852410123"/>
  <nd ref="11892504318"/>
  <nd ref="11892504319"/>
  <nd ref="11876576530"/>
  <nd ref="259157911"/>
  <nd ref="259157897"/>
  <nd ref="259157894"/>
  <nd ref="259157913"/>
  <nd ref="259157919"/>
  <nd ref="11892504321"/>
  <nd ref="11892504320"/>
  <nd ref="11892504322"/>
  <nd ref="11892504309"/>
  <nd ref="11892504323"/>
  <nd ref="11892504324"/>
  <nd ref="315814409"/>
  <nd ref="315814411"/>
  <nd ref="11892504325"/>
  <nd ref="11863292812"/>
  <nd ref="11863292813"/>
  <nd ref="11863292814"/>
  <nd ref="11892504326"/>
  <nd ref="315814407"/>
  <nd ref="315814401"/>
  <nd ref="7168863147"/>
  <nd ref="1489869839"/>
  <nd ref="11872599123"/>
  <nd ref="5090055041"/>
  <nd ref="11862527055"/>
  <nd ref="315814400"/>
  <nd ref="11863202156"/>
  <nd ref="318652594"/>
 </way>
 <way id="1281223313" visible="true" version="1" changeset="151109297" timestamp="2024-05-09T16:33:19Z" user="frankfurtmapper" uid="21338930">
  <nd ref="11876576503"/>
  <nd ref="11891470504"/>
  <nd ref="11891470499"/>
  <nd ref="259157886"/>
  <nd ref="11891807660"/>
  <nd ref="11876576502"/>
  <nd ref="11876576503"/>
  <tag k="access" v="private"/>
  <tag k="amenity" v="parking"/>
  <tag k="parking" v="surface"/>
  <tag k="surface" v="asphalt"/>
 </way>
 <way id="1281319394" visible="true" version="1" changeset="151122955" timestamp="2024-05-09T23:52:17Z" user="frankfurtmapper" uid="21338930">
  <nd ref="11891470498"/>
  <nd ref="11892504336"/>
  <tag k="highway" v="footway"/>
 </way>
 <way id="1281319395" visible="true" version="1" changeset="151122955" timestamp="2024-05-09T23:52:17Z" user="frankfurtmapper" uid="21338930">
  <nd ref="11892504337"/>
  <nd ref="11892504338"/>
  <nd ref="11892504344"/>
  <nd ref="11876576475"/>
  <nd ref="11892504339"/>
  <nd ref="259157881"/>
  <nd ref="259157924"/>
  <nd ref="11892504340"/>
  <nd ref="11892504341"/>
  <nd ref="11892504342"/>
  <nd ref="11892504343"/>
  <nd ref="11892504337"/>
 </way>
 <way id="1372689304" visible="true" version="1" changeset="164255859" timestamp="2025-03-29T16:12:39Z" user="mueschel" uid="616774">
  <nd ref="12709990796"/>
  <nd ref="11851982568"/>
  <nd ref="11863320192"/>
  <nd ref="1480413769"/>
  <nd ref="1480413770"/>
  <nd ref="315885450"/>
  <nd ref="315885451"/>
  <nd ref="11863320183"/>
  <nd ref="15514308"/>
  <nd ref="11863320181"/>
  <nd ref="162568"/>
  <nd ref="11863320084"/>
  <nd ref="11863320080"/>
  <nd ref="11860872459"/>
  <nd ref="315814465"/>
  <nd ref="1480413773"/>
  <tag k="barrier" v="fence"/>
 </way>
 <way id="1372689305" visible="true" version="1" changeset="164255859" timestamp="2025-03-29T16:12:39Z" user="mueschel" uid="616774">
  <nd ref="11891477922"/>
  <nd ref="3131338269"/>
  <nd ref="11872599161"/>
  <nd ref="11863320189"/>
  <nd ref="11863320190"/>
  <nd ref="11863320191"/>
  <nd ref="11863320193"/>
  <nd ref="11863320195"/>
  <nd ref="11863320194"/>
  <nd ref="11863320192"/>
  <nd ref="11851982568"/>
  <nd ref="11851982562"/>
  <nd ref="11851982563"/>
  <nd ref="11860872415"/>
  <nd ref="11860872425"/>
  <nd ref="564726225"/>
  <nd ref="11863320076"/>
  <nd ref="11891477922"/>
  <tag k="leaf_type" v="broadleaved"/>
  <tag k="natural" v="wood"/>
 </way>
 <way id="1372689306" visible="true" version="3" changeset="168038292" timestamp="2025-06-24T09:09:56Z" user="saitam" uid="90020">
  <nd ref="11125275737"/>
  <nd ref="12709990791"/>
  <nd ref="3755941777"/>
  <nd ref="12709990799"/>
  <nd ref="12709990794"/>
  <nd ref="12709990793"/>
  <nd ref="12709990792"/>
  <nd ref="2557535779"/>
  <tag k="footway" v="sidewalk"/>
  <tag k="highway" v="footway"/>
  <tag k="smoothness" v="good"/>
  <tag k="surface" v="paving_stones"/>
 </way>
 <relation id="36367" visible="true" version="350" changeset="167579303" timestamp="2025-06-13T14:55:39Z" user="Scout Jens" uid="12466125">
  <member type="way" ref="1393289123" role=""/>
  <member type="way" ref="1002644531" role=""/>
  <member type="way" ref="1394983554" role=""/>
  <member type="way" ref="1394983556" role=""/>
  <member type="way" ref="1394994981" role=""/>
  <member type="way" ref="1395008472" role=""/>
  <member type="relation" ref="373060" role=""/>
  <member type="relation" ref="106696" role="alternative"/>
  <member type="relation" ref="85381" role="alternative"/>
  <member type="relation" ref="69471" role=""/>
  <member type="relation" ref="156560" role="alternative"/>
  <member type="relation" ref="373059" role=""/>
  <member type="relation" ref="2096476" role=""/>
  <member type="relation" ref="2096477" role=""/>
  <member type="relation" ref="2096494" role=""/>
  <member type="relation" ref="2096508" role=""/>
  <member type="relation" ref="2096522" role=""/>
  <member type="relation" ref="4800671" role=""/>
  <member type="relation" ref="2096521" role=""/>
  <member type="relation" ref="2096486" role=""/>
  <member type="relation" ref="2096487" role=""/>
  <member type="relation" ref="2096527" role=""/>
  <member type="relation" ref="12883378" role="alternative"/>
  <member type="relation" ref="2096526" role=""/>
  <member type="relation" ref="12883413" role="alternative"/>
  <member type="relation" ref="2096530" role=""/>
  <tag k="communication:amateur_radio:pota" v="DE-0558"/>
  <tag k="distance" v="1829.5"/>
  <tag k="from" v="Flensburg"/>
  <tag k="name" v="European long distance path E1 - part Germany"/>
  <tag k="name:de" v="Europäischer Fernwanderweg E1 - Deutscher Abschnitt"/>
  <tag k="name:en" v="European long distance path E1 - part Germany"/>
  <tag k="name:fr" v="Chemin de randonnée Européen E1, partie allemande"/>
  <tag k="network" v="iwn"/>
  <tag k="note:de" v="Sammelrelation für die deutschen Teilstücke des E1"/>
  <tag k="operator" v="European Ramblers Association"/>
  <tag k="operator:de" v="Deutscher Wanderverband"/>
  <tag k="osmc:symbol" v="black:black:white_x"/>
  <tag k="ref" v="E1"/>
  <tag k="route" v="hiking"/>
  <tag k="symbol" v="E1"/>
  <tag k="to" v="Bodensee"/>
  <tag k="type" v="superroute"/>
  <tag k="website" v="https://www.era-ewv-ferp.org/e-paths/e1/e1-in-germany/"/>
  <tag k="wikidata" v="Q151653"/>
  <tag k="wikipedia" v="en:E1 European long distance path"/>
  <tag k="wiki:symbol" v="European_long-distance_path_E1.svg"/>
 </relation>
 <relation id="70908" visible="true" version="110" changeset="162188088" timestamp="2025-02-06T00:42:32Z" user="adjuva" uid="92274">
  <member type="node" ref="332790003" role="stop_entry_only"/>
  <member type="node" ref="3405528609" role="platform_entry_only"/>
  <member type="node" ref="431230162" role="stop"/>
  <member type="node" ref="3405528610" role="platform"/>
  <member type="node" ref="332790062" role="stop"/>
  <member type="node" ref="1570933004" role="platform"/>
  <member type="node" ref="1456559556" role="stop"/>
  <member type="node" ref="622706091" role="platform"/>
  <member type="node" ref="6380824938" role="stop"/>
  <member type="node" ref="12435650243" role="platform"/>
  <member type="node" ref="299117822" role="stop"/>
  <member type="node" ref="11097724982" role="platform"/>
  <member type="node" ref="3412616437" role="stop"/>
  <member type="node" ref="803546921" role="platform"/>
  <member type="node" ref="4734868798" role="stop"/>
  <member type="node" ref="4734868799" role="platform"/>
  <member type="node" ref="1529247393" role="stop"/>
  <member type="node" ref="1154351436" role="platform"/>
  <member type="node" ref="3800893227" role="stop"/>
  <member type="node" ref="2619090819" role="platform"/>
  <member type="node" ref="3412616439" role="stop"/>
  <member type="node" ref="3412616440" role="platform"/>
  <member type="node" ref="3412616429" role="stop"/>
  <member type="node" ref="618684892" role="platform"/>
  <member type="node" ref="30013453" role="stop"/>
  <member type="node" ref="618684894" role="platform"/>
  <member type="node" ref="316011115" role="stop"/>
  <member type="node" ref="1518737007" role="platform"/>
  <member type="node" ref="3412616444" role="stop"/>
  <member type="node" ref="316011279" role="platform"/>
  <member type="node" ref="3412616443" role="stop"/>
  <member type="node" ref="316010574" role="platform"/>
  <member type="node" ref="3412616433" role="stop"/>
  <member type="node" ref="316010050" role="platform"/>
  <member type="node" ref="3412616441" role="stop"/>
  <member type="node" ref="316010051" role="platform"/>
  <member type="node" ref="316010469" role="platform"/>
  <member type="node" ref="29815847" role="stop"/>
  <member type="node" ref="316011286" role="platform"/>
  <member type="node" ref="4734579123" role="stop"/>
  <member type="node" ref="4734579124" role="platform"/>
  <member type="node" ref="9442803810" role="stop_exit_only"/>
  <member type="node" ref="9442803811" role="platform_exit_only"/>
  <member type="way" ref="1052999836" role=""/>
  <member type="way" ref="1052999837" role=""/>
  <member type="way" ref="1052999838" role=""/>
  <member type="way" ref="1052999839" role=""/>
  <member type="way" ref="1052999840" role=""/>
  <member type="way" ref="1052999841" role=""/>
  <member type="way" ref="1052999842" role=""/>
  <member type="way" ref="1052999843" role=""/>
  <member type="way" ref="132402929" role=""/>
  <member type="way" ref="1072106439" role=""/>
  <member type="way" ref="1052999844" role=""/>
  <member type="way" ref="970371362" role=""/>
  <member type="way" ref="8106382" role=""/>
  <member type="way" ref="86016712" role=""/>
  <member type="way" ref="4957985" role=""/>
  <member type="way" ref="48440126" role=""/>
  <member type="way" ref="575199282" role=""/>
  <member type="way" ref="1054355931" role=""/>
  <member type="way" ref="1054355930" role=""/>
  <member type="way" ref="96218707" role=""/>
  <member type="way" ref="1044686842" role=""/>
  <member type="way" ref="1044686841" role=""/>
  <member type="way" ref="667196606" role=""/>
  <member type="way" ref="86143767" role=""/>
  <member type="way" ref="669616988" role=""/>
  <member type="way" ref="100657407" role=""/>
  <member type="way" ref="132630618" role=""/>
  <member type="way" ref="139120740" role=""/>
  <member type="way" ref="8106396" role=""/>
  <member type="way" ref="545708778" role=""/>
  <member type="way" ref="8008651" role=""/>
  <member type="way" ref="669616990" role=""/>
  <member type="way" ref="669616989" role=""/>
  <member type="way" ref="139106361" role=""/>
  <member type="way" ref="139133567" role=""/>
  <member type="way" ref="1195765745" role=""/>
  <member type="way" ref="1195765744" role=""/>
  <member type="way" ref="139120748" role=""/>
  <member type="way" ref="139113367" role=""/>
  <member type="way" ref="139161395" role=""/>
  <member type="way" ref="4514395" role=""/>
  <member type="way" ref="315645342" role=""/>
  <member type="way" ref="1072426285" role=""/>
  <member type="way" ref="466931799" role=""/>
  <member type="way" ref="1019958846" role=""/>
  <member type="way" ref="1019957665" role=""/>
  <member type="way" ref="1019957666" role=""/>
  <member type="way" ref="4850920" role=""/>
  <member type="way" ref="139188142" role=""/>
  <member type="way" ref="5073183" role=""/>
  <member type="way" ref="1198022891" role=""/>
  <member type="way" ref="45578479" role=""/>
  <member type="way" ref="569210044" role=""/>
  <member type="way" ref="139187359" role=""/>
  <member type="way" ref="229811478" role=""/>
  <member type="way" ref="229811479" role=""/>
  <member type="way" ref="301592618" role=""/>
  <member type="way" ref="4850967" role=""/>
  <member type="way" ref="229808016" role=""/>
  <member type="way" ref="229808014" role=""/>
  <member type="way" ref="143559280" role=""/>
  <member type="way" ref="376693859" role=""/>
  <member type="way" ref="926324819" role=""/>
  <member type="way" ref="266449030" role=""/>
  <member type="way" ref="266364733" role=""/>
  <member type="way" ref="238656650" role=""/>
  <member type="way" ref="991504197" role=""/>
  <member type="way" ref="4863009" role=""/>
  <member type="way" ref="755967404" role=""/>
  <member type="way" ref="44850270" role=""/>
  <member type="way" ref="47996539" role=""/>
  <member type="way" ref="27617248" role=""/>
  <member type="way" ref="28368841" role=""/>
  <member type="way" ref="87286682" role=""/>
  <member type="way" ref="314910674" role=""/>
  <member type="way" ref="25899262" role=""/>
  <member type="way" ref="314910676" role=""/>
  <member type="way" ref="87285705" role=""/>
  <member type="way" ref="4215181" role=""/>
  <member type="way" ref="4722407" role=""/>
  <member type="way" ref="4714385" role=""/>
  <member type="way" ref="314910652" role=""/>
  <member type="way" ref="26330927" role=""/>
  <member type="way" ref="852157518" role=""/>
  <member type="way" ref="266364720" role=""/>
  <member type="way" ref="28493971" role=""/>
  <member type="way" ref="25991150" role=""/>
  <member type="way" ref="265229649" role=""/>
  <member type="way" ref="315030208" role=""/>
  <member type="way" ref="62788557" role=""/>
  <member type="way" ref="61897133" role=""/>
  <member type="way" ref="4652502" role=""/>
  <member type="way" ref="62788579" role=""/>
  <member type="way" ref="138497116" role=""/>
  <member type="way" ref="138601696" role=""/>
  <member type="way" ref="44833850" role=""/>
  <member type="way" ref="4215179" role=""/>
  <member type="way" ref="23902461" role=""/>
  <member type="way" ref="4688277" role=""/>
  <member type="way" ref="23902459" role=""/>
  <member type="way" ref="1081322462" role=""/>
  <member type="way" ref="4693802" role=""/>
  <member type="way" ref="1086098064" role=""/>
  <member type="way" ref="62409872" role=""/>
  <member type="way" ref="1088142172" role=""/>
  <member type="way" ref="315044184" role=""/>
  <member type="way" ref="4688298" role=""/>
  <member type="way" ref="306703536" role=""/>
  <member type="way" ref="30528329" role=""/>
  <member type="way" ref="315044170" role=""/>
  <member type="way" ref="239214341" role=""/>
  <member type="way" ref="315044175" role=""/>
  <member type="way" ref="30528331" role=""/>
  <member type="way" ref="315044177" role=""/>
  <member type="way" ref="4688303" role=""/>
  <member type="way" ref="305822914" role=""/>
  <member type="way" ref="852039115" role=""/>
  <member type="way" ref="4688287" role=""/>
  <member type="way" ref="1288918520" role=""/>
  <member type="way" ref="312617570" role=""/>
  <member type="way" ref="902238385" role=""/>
  <member type="way" ref="9637785" role=""/>
  <tag k="from" v="Main-Neckar-Brücke"/>
  <tag k="name" v="Bus 64: Main-Neckar-Brücke =&gt; Ginnheim Mitte"/>
  <tag k="network" v="Rhein-Main-Verkehrsverbund"/>
  <tag k="network:short" v="RMV"/>
  <tag k="network:wikidata" v="Q314042"/>
  <tag k="network:wikipedia" v="de:Rhein-Main-Verkehrsverbund"/>
  <tag k="operator" v="In-der-City-Bus"/>
  <tag k="public_transport:version" v="2"/>
  <tag k="ref" v="64"/>
  <tag k="route" v="bus"/>
  <tag k="to" v="Ginnheim Mitte"/>
  <tag k="type" v="route"/>
  <tag k="website" v="https://wiki.openstreetmap.org/wiki/Rhein-Main-Verkehrsverbund/Bus_Frankfurt"/>
 </relation>
 <relation id="72674" visible="true" version="303" changeset="157301550" timestamp="2024-09-30T14:48:09Z" user="cyton" uid="11146797">
  <member type="node" ref="34065236" role="stop_entry_only"/>
  <member type="node" ref="1284623469" role="platform_entry_only"/>
  <member type="node" ref="633449" role="stop"/>
  <member type="node" ref="778708663" role="platform"/>
  <member type="node" ref="1351861387" role="stop"/>
  <member type="node" ref="252412307" role="platform"/>
  <member type="node" ref="1351861260" role="stop"/>
  <member type="node" ref="743323572" role="platform"/>
  <member type="node" ref="1351861261" role="stop"/>
  <member type="node" ref="1347287834" role="platform"/>
  <member type="node" ref="302099799" role="stop"/>
  <member type="node" ref="310454012" role="platform"/>
  <member type="node" ref="619809685" role="stop"/>
  <member type="way" ref="542038231" role="platform"/>
  <member type="node" ref="778299867" role="stop"/>
  <member type="node" ref="778299784" role="platform"/>
  <member type="node" ref="9490817063" role="stop"/>
  <member type="node" ref="778708613" role="platform"/>
  <member type="node" ref="266893646" role="stop"/>
  <member type="node" ref="640549327" role="platform"/>
  <member type="node" ref="778708610" role="stop"/>
  <member type="way" ref="209078972" role="platform"/>
  <member type="node" ref="3238633766" role="stop"/>
  <member type="way" ref="60963616" role="platform"/>
  <member type="node" ref="264144794" role="stop"/>
  <member type="node" ref="640549380" role="platform"/>
  <member type="node" ref="1754664170" role="stop"/>
  <member type="node" ref="3404674665" role="platform"/>
  <member type="node" ref="3404674648" role="stop"/>
  <member type="node" ref="442891828" role="platform"/>
  <member type="node" ref="15513962" role="stop"/>
  <member type="node" ref="3404674644" role="platform"/>
  <member type="node" ref="3404674639" role="stop"/>
  <member type="node" ref="3404674638" role="platform"/>
  <member type="node" ref="599571" role="stop"/>
  <member type="node" ref="329377986" role="platform"/>
  <member type="node" ref="3404674650" role="stop"/>
  <member type="node" ref="587939715" role="platform"/>
  <member type="node" ref="3404674652" role="stop"/>
  <member type="node" ref="1580431100" role="platform"/>
  <member type="node" ref="3404674656" role="stop"/>
  <member type="node" ref="3404674655" role="platform"/>
  <member type="node" ref="3404674645" role="stop"/>
  <member type="node" ref="772800489" role="platform"/>
  <member type="node" ref="3404674663" role="stop"/>
  <member type="node" ref="616813862" role="platform"/>
  <member type="node" ref="3404674658" role="stop"/>
  <member type="node" ref="616813861" role="platform"/>
  <member type="node" ref="3404674641" role="stop"/>
  <member type="node" ref="1781001228" role="platform"/>
  <member type="node" ref="30213567" role="stop"/>
  <member type="node" ref="1781001259" role="platform"/>
  <member type="node" ref="3404674667" role="stop"/>
  <member type="node" ref="1781001256" role="platform"/>
  <member type="node" ref="3404239121" role="stop"/>
  <member type="node" ref="433990856" role="platform"/>
  <member type="node" ref="262196072" role="stop"/>
  <member type="node" ref="11238545585" role="platform"/>
  <member type="node" ref="3404674636" role="stop"/>
  <member type="way" ref="539198971" role="platform"/>
  <member type="node" ref="3404674666" role="stop_exit_only"/>
  <member type="node" ref="610312623" role="platform_exit_only"/>
  <member type="way" ref="333045308" role=""/>
  <member type="way" ref="340319413" role=""/>
  <member type="way" ref="74000229" role=""/>
  <member type="way" ref="340319392" role=""/>
  <member type="way" ref="340319397" role=""/>
  <member type="way" ref="62333271" role=""/>
  <member type="way" ref="340319396" role=""/>
  <member type="way" ref="5108386" role=""/>
  <member type="way" ref="340319409" role=""/>
  <member type="way" ref="120555842" role=""/>
  <member type="way" ref="120596921" role=""/>
  <member type="way" ref="120596930" role=""/>
  <member type="way" ref="1319022268" role=""/>
  <member type="way" ref="1319022303" role=""/>
  <member type="way" ref="1319022302" role=""/>
  <member type="way" ref="1319022292" role=""/>
  <member type="way" ref="1318997271" role=""/>
  <member type="way" ref="120596928" role=""/>
  <member type="way" ref="120596929" role=""/>
  <member type="way" ref="120596938" role=""/>
  <member type="way" ref="120596926" role=""/>
  <member type="way" ref="1319022285" role=""/>
  <member type="way" ref="1319639184" role=""/>
  <member type="way" ref="1319022282" role=""/>
  <member type="way" ref="120665705" role=""/>
  <member type="way" ref="1319022284" role=""/>
  <member type="way" ref="1319022283" role=""/>
  <member type="way" ref="120596939" role=""/>
  <member type="way" ref="121078266" role=""/>
  <member type="way" ref="1319022319" role=""/>
  <member type="way" ref="1319022318" role=""/>
  <member type="way" ref="120665704" role=""/>
  <member type="way" ref="120596933" role=""/>
  <member type="way" ref="26221862" role=""/>
  <member type="way" ref="181063863" role=""/>
  <member type="way" ref="181063862" role=""/>
  <member type="way" ref="181063865" role=""/>
  <member type="way" ref="39630215" role=""/>
  <member type="way" ref="28021564" role=""/>
  <member type="way" ref="39576976" role=""/>
  <member type="way" ref="266324431" role=""/>
  <member type="way" ref="38332055" role=""/>
  <member type="way" ref="26221823" role=""/>
  <member type="way" ref="51753421" role=""/>
  <member type="way" ref="174963141" role=""/>
  <member type="way" ref="27557843" role=""/>
  <member type="way" ref="26221807" role=""/>
  <member type="way" ref="1029415681" role=""/>
  <member type="way" ref="62333276" role=""/>
  <member type="way" ref="156298613" role=""/>
  <member type="way" ref="88197989" role=""/>
  <member type="way" ref="1029415679" role=""/>
  <member type="way" ref="1029415680" role=""/>
  <member type="way" ref="5736036" role=""/>
  <member type="way" ref="317582195" role=""/>
  <member type="way" ref="30706050" role=""/>
  <member type="way" ref="991268118" role=""/>
  <member type="way" ref="266312306" role=""/>
  <member type="way" ref="504597517" role=""/>
  <member type="way" ref="5736030" role=""/>
  <member type="way" ref="975406000" role=""/>
  <member type="way" ref="1004017416" role=""/>
  <member type="way" ref="1319028992" role=""/>
  <member type="way" ref="4856361" role=""/>
  <member type="way" ref="975406001" role=""/>
  <member type="way" ref="4793116" role=""/>
  <member type="way" ref="1056385000" role=""/>
  <member type="way" ref="1319028994" role=""/>
  <member type="way" ref="266312298" role=""/>
  <member type="way" ref="1319028996" role=""/>
  <member type="way" ref="50413034" role=""/>
  <member type="way" ref="315645352" role=""/>
  <member type="way" ref="50413032" role=""/>
  <member type="way" ref="315645355" role=""/>
  <member type="way" ref="1318997487" role=""/>
  <member type="way" ref="51706791" role=""/>
  <member type="way" ref="1318997488" role=""/>
  <member type="way" ref="335764758" role=""/>
  <member type="way" ref="166703479" role=""/>
  <member type="way" ref="50414555" role=""/>
  <member type="way" ref="50414553" role=""/>
  <member type="way" ref="152445638" role=""/>
  <member type="way" ref="4706943" role=""/>
  <member type="way" ref="92419178" role=""/>
  <member type="way" ref="266334235" role=""/>
  <member type="way" ref="314922396" role=""/>
  <member type="way" ref="314922397" role=""/>
  <member type="way" ref="913957243" role=""/>
  <member type="way" ref="1286600096" role=""/>
  <member type="way" ref="314922395" role=""/>
  <member type="way" ref="1290607955" role=""/>
  <member type="way" ref="1000912013" role=""/>
  <member type="way" ref="505100514" role=""/>
  <member type="way" ref="30710740" role=""/>
  <member type="way" ref="984693347" role=""/>
  <member type="way" ref="36998420" role=""/>
  <member type="way" ref="4221362" role=""/>
  <member type="way" ref="42759522" role=""/>
  <member type="way" ref="976108083" role=""/>
  <member type="way" ref="30710884" role=""/>
  <member type="way" ref="30710886" role=""/>
  <member type="way" ref="98643050" role=""/>
  <member type="way" ref="36877720" role=""/>
  <member type="way" ref="431520088" role=""/>
  <member type="way" ref="36877721" role=""/>
  <member type="way" ref="49513600" role=""/>
  <member type="way" ref="30710944" role=""/>
  <member type="way" ref="4708721" role=""/>
  <member type="way" ref="1287374897" role=""/>
  <member type="way" ref="30711129" role=""/>
  <member type="way" ref="30711169" role=""/>
  <member type="way" ref="1210430416" role=""/>
  <member type="way" ref="30711170" role=""/>
  <member type="way" ref="252795594" role=""/>
  <member type="way" ref="388667247" role=""/>
  <member type="way" ref="28145010" role=""/>
  <member type="way" ref="29065631" role=""/>
  <member type="way" ref="4741726" role=""/>
  <member type="way" ref="30750471" role=""/>
  <member type="way" ref="1296068423" role=""/>
  <member type="way" ref="1296069401" role=""/>
  <member type="way" ref="243103245" role=""/>
  <member type="way" ref="1296070627" role=""/>
  <member type="way" ref="852060631" role=""/>
  <member type="way" ref="1278833976" role=""/>
  <member type="way" ref="4786893" role=""/>
  <member type="way" ref="30711442" role=""/>
  <member type="way" ref="854710072" role=""/>
  <member type="way" ref="854710073" role=""/>
  <member type="way" ref="854710022" role=""/>
  <member type="way" ref="87289386" role=""/>
  <member type="way" ref="1087706712" role=""/>
  <member type="way" ref="854710023" role=""/>
  <member type="way" ref="854709915" role=""/>
  <member type="way" ref="1087706713" role=""/>
  <member type="way" ref="27617251" role=""/>
  <member type="way" ref="854709916" role=""/>
  <member type="way" ref="87288274" role=""/>
  <member type="way" ref="854709978" role=""/>
  <member type="way" ref="854709907" role=""/>
  <member type="way" ref="1051962690" role=""/>
  <member type="way" ref="854709908" role=""/>
  <member type="way" ref="854709909" role=""/>
  <member type="way" ref="854709857" role=""/>
  <member type="way" ref="1087706717" role=""/>
  <member type="way" ref="92749179" role=""/>
  <member type="way" ref="854709858" role=""/>
  <member type="way" ref="854709797" role=""/>
  <member type="way" ref="34249959" role=""/>
  <member type="way" ref="854709798" role=""/>
  <member type="way" ref="1199436880" role=""/>
  <member type="way" ref="854709799" role=""/>
  <member type="way" ref="854709800" role=""/>
  <member type="way" ref="1087706720" role=""/>
  <member type="way" ref="39174449" role=""/>
  <member type="way" ref="315036813" role=""/>
  <member type="way" ref="266364713" role=""/>
  <member type="way" ref="1213576647" role=""/>
  <member type="way" ref="245100394" role=""/>
  <member type="way" ref="245100397" role=""/>
  <member type="way" ref="245100396" role=""/>
  <member type="way" ref="245100402" role=""/>
  <member type="way" ref="266364718" role=""/>
  <member type="way" ref="1215518937" role=""/>
  <member type="way" ref="1200593488" role=""/>
  <member type="way" ref="1228916950" role=""/>
  <member type="way" ref="315036814" role=""/>
  <member type="way" ref="13984342" role=""/>
  <member type="way" ref="1228916951" role=""/>
  <member type="way" ref="30712631" role=""/>
  <member type="way" ref="1210751864" role=""/>
  <member type="way" ref="34249962" role=""/>
  <member type="way" ref="245100403" role=""/>
  <member type="way" ref="1209996379" role=""/>
  <member type="way" ref="1209996380" role=""/>
  <member type="way" ref="1209996381" role=""/>
  <member type="way" ref="1209996382" role=""/>
  <member type="way" ref="35101261" role=""/>
  <member type="way" ref="1209996383" role=""/>
  <member type="way" ref="1209459055" role=""/>
  <member type="way" ref="1198074137" role=""/>
  <member type="way" ref="744559638" role=""/>
  <member type="way" ref="52289437" role=""/>
  <member type="way" ref="244325499" role=""/>
  <member type="way" ref="48421487" role=""/>
  <member type="way" ref="1209878265" role=""/>
  <member type="way" ref="254910211" role=""/>
  <member type="way" ref="4850797" role=""/>
  <member type="way" ref="334320965" role=""/>
  <member type="way" ref="48524132" role=""/>
  <member type="way" ref="1082052762" role=""/>
  <member type="way" ref="12856600" role=""/>
  <member type="way" ref="48524130" role=""/>
  <tag k="from" v="Hainer Weg"/>
  <tag k="name" v="Bus M36: Hainer Weg =&gt; Westbahnhof"/>
  <tag k="network" v="Rhein-Main-Verkehrsverbund"/>
  <tag k="network:short" v="RMV"/>
  <tag k="network:wikidata" v="Q314042"/>
  <tag k="network:wikipedia" v="de:Rhein-Main-Verkehrsverbund"/>
  <tag k="operator" v="In-der-City-Bus"/>
  <tag k="public_transport:version" v="2"/>
  <tag k="ref" v="M36"/>
  <tag k="route" v="bus"/>
  <tag k="to" v="Westbahnhof"/>
  <tag k="type" v="route"/>
  <tag k="website" v="https://wiki.openstreetmap.org/wiki/Rhein-Main-Verkehrsverbund/Bus_Frankfurt"/>
  <tag k="wheelchair" v="yes"/>
 </relation>
 <relation id="389436" visible="true" version="75" changeset="160823281" timestamp="2024-12-31T08:44:26Z" user="ManuelB701" uid="16813270">
  <member type="node" ref="616022076" role="stop_entry_only"/>
  <member type="node" ref="11189913663" role="platform_entry_only"/>
  <member type="node" ref="616813857" role="stop"/>
  <member type="node" ref="1524429568" role="platform"/>
  <member type="node" ref="1523020490" role="stop"/>
  <member type="node" ref="4385231123" role="platform"/>
  <member type="node" ref="1520175623" role="stop"/>
  <member type="node" ref="3405272993" role="platform"/>
  <member type="node" ref="430928765" role="stop"/>
  <member type="node" ref="3405272995" role="platform"/>
  <member type="node" ref="3414474993" role="stop"/>
  <member type="node" ref="616813864" role="platform"/>
  <member type="node" ref="3412616431" role="stop"/>
  <member type="node" ref="616813863" role="platform"/>
  <member type="node" ref="3404674663" role="stop"/>
  <member type="node" ref="616813862" role="platform"/>
  <member type="node" ref="3404674658" role="stop"/>
  <member type="node" ref="616813861" role="platform"/>
  <member type="node" ref="3404674660" role="stop"/>
  <member type="node" ref="616775405" role="platform"/>
  <member type="node" ref="3404239121" role="stop"/>
  <member type="node" ref="433990856" role="platform"/>
  <member type="node" ref="558759" role="stop_exit_only"/>
  <member type="node" ref="614877778" role="platform_exit_only"/>
  <member type="way" ref="1228916950" role=""/>
  <member type="way" ref="1200593488" role=""/>
  <member type="way" ref="245100400" role=""/>
  <member type="way" ref="266364716" role=""/>
  <member type="way" ref="1213576648" role=""/>
  <member type="way" ref="4424310" role=""/>
  <member type="way" ref="266364726" role=""/>
  <member type="way" ref="334335369" role=""/>
  <member type="way" ref="26845979" role=""/>
  <member type="way" ref="1210506418" role=""/>
  <member type="way" ref="1210506419" role=""/>
  <member type="way" ref="48555167" role=""/>
  <member type="way" ref="315036817" role=""/>
  <member type="way" ref="266364730" role=""/>
  <member type="way" ref="1080862901" role=""/>
  <member type="way" ref="4218420" role=""/>
  <member type="way" ref="245100429" role=""/>
  <member type="way" ref="266364739" role=""/>
  <member type="way" ref="1279030319" role=""/>
  <member type="way" ref="315036822" role=""/>
  <member type="way" ref="34249960" role=""/>
  <member type="way" ref="283373665" role=""/>
  <member type="way" ref="775219932" role=""/>
  <member type="way" ref="266646707" role=""/>
  <member type="way" ref="315036824" role=""/>
  <member type="way" ref="4424312" role=""/>
  <member type="way" ref="377441830" role=""/>
  <member type="way" ref="1199453183" role=""/>
  <member type="way" ref="377441831" role=""/>
  <member type="way" ref="258398601" role=""/>
  <member type="way" ref="4424615" role=""/>
  <member type="way" ref="264421444" role=""/>
  <member type="way" ref="929241513" role=""/>
  <member type="way" ref="229207412" role=""/>
  <member type="way" ref="20443962" role=""/>
  <member type="way" ref="1347528937" role=""/>
  <member type="way" ref="138601683" role=""/>
  <member type="way" ref="953778132" role=""/>
  <member type="way" ref="138601674" role=""/>
  <member type="way" ref="260805885" role=""/>
  <member type="way" ref="62409871" role=""/>
  <member type="way" ref="1338909488" role=""/>
  <member type="way" ref="314910663" role=""/>
  <member type="way" ref="62409876" role=""/>
  <member type="way" ref="1029856272" role=""/>
  <member type="way" ref="26330926" role=""/>
  <member type="way" ref="372160746" role=""/>
  <member type="way" ref="1210430416" role=""/>
  <member type="way" ref="30711170" role=""/>
  <member type="way" ref="252795594" role=""/>
  <member type="way" ref="388667247" role=""/>
  <member type="way" ref="28145010" role=""/>
  <member type="way" ref="29065631" role=""/>
  <member type="way" ref="1267335225" role=""/>
  <member type="way" ref="1267335226" role=""/>
  <member type="way" ref="4223175" role=""/>
  <member type="way" ref="851233230" role=""/>
  <member type="way" ref="1267925307" role=""/>
  <member type="way" ref="1267337196" role=""/>
  <member type="way" ref="30736422" role=""/>
  <member type="way" ref="30711331" role=""/>
  <member type="way" ref="243103201" role=""/>
  <member type="way" ref="1087700872" role=""/>
  <member type="way" ref="1087700873" role=""/>
  <member type="way" ref="854709797" role=""/>
  <member type="way" ref="34249959" role=""/>
  <member type="way" ref="854709798" role=""/>
  <member type="way" ref="1199436880" role=""/>
  <member type="way" ref="854709799" role=""/>
  <member type="way" ref="854709800" role=""/>
  <member type="way" ref="1087706720" role=""/>
  <member type="way" ref="39174449" role=""/>
  <member type="way" ref="315036813" role=""/>
  <member type="way" ref="266364713" role=""/>
  <member type="way" ref="1213576647" role=""/>
  <member type="way" ref="245100394" role=""/>
  <member type="way" ref="245100429" role=""/>
  <member type="way" ref="266364739" role=""/>
  <member type="way" ref="1279030319" role=""/>
  <tag k="from" v="Bockenheimer Warte"/>
  <tag k="name" v="Bus 75: Bockenheimer Warte =&gt; Uni Campus Westend =&gt; Bockenheimer Warte"/>
  <tag k="network" v="Rhein-Main-Verkehrsverbund"/>
  <tag k="network:short" v="RMV"/>
  <tag k="network:wikidata" v="Q314042"/>
  <tag k="network:wikipedia" v="de:Rhein-Main-Verkehrsverbund"/>
  <tag k="operator" v="In-der-City-Bus"/>
  <tag k="public_transport:version" v="2"/>
  <tag k="ref" v="75"/>
  <tag k="route" v="bus"/>
  <tag k="to" v="Bockenheimer Warte"/>
  <tag k="type" v="route"/>
  <tag k="via" v="Uni Campus Westend"/>
  <tag k="website" v="https://wiki.openstreetmap.org/wiki/Rhein-Main-Verkehrsverbund/Bus_Frankfurt"/>
 </relation>
 <relation id="402002" visible="true" version="6" changeset="43774928" timestamp="2016-11-18T18:16:16Z" user="greecemapper" uid="23785">
  <member type="node" ref="31029524" role="via"/>
  <member type="way" ref="49582141" role="to"/>
  <member type="way" ref="301592631" role="from"/>
  <tag k="restriction" v="only_left_turn"/>
  <tag k="type" v="restriction"/>
 </relation>
 <relation id="402003" visible="true" version="7" changeset="25194196" timestamp="2014-09-02T23:10:33Z" user="JochenB" uid="71555">
  <member type="node" ref="31029524" role="via"/>
  <member type="way" ref="4850967" role="to"/>
  <member type="way" ref="301592618" role="from"/>
  <tag k="restriction" v="only_straight_on"/>
  <tag k="type" v="restriction"/>
 </relation>
 <relation id="1877513" visible="true" version="4" changeset="144674056" timestamp="2023-12-01T20:22:52Z" user="ManuelB701" uid="16813270">
  <member type="node" ref="1529247393" role="stop"/>
  <member type="node" ref="1154351436" role="platform"/>
  <member type="node" ref="1529247392" role="stop"/>
  <member type="node" ref="618684881" role="platform"/>
  <member type="node" ref="1852774863" role="stop"/>
  <member type="node" ref="3428756222" role="platform"/>
  <tag k="bus" v="yes"/>
  <tag k="name" v="Taunusanlage"/>
  <tag k="network" v="Rhein-Main-Verkehrsverbund"/>
  <tag k="network:short" v="RMV"/>
  <tag k="network:wikidata" v="Q314042"/>
  <tag k="network:wikipedia" v="de:Rhein-Main-Verkehrsverbund"/>
  <tag k="operator" v="VGF"/>
  <tag k="public_transport" v="stop_area"/>
  <tag k="type" v="public_transport"/>
 </relation>
 <relation id="2096521" visible="true" version="114" changeset="164745319" timestamp="2025-04-09T22:54:37Z" user="geisthugo123" uid="3301036">
  <member type="way" ref="684757658" role=""/>
  <member type="way" ref="39634066" role=""/>
  <member type="way" ref="26180279" role=""/>
  <member type="way" ref="26180278" role=""/>
  <member type="way" ref="23467001" role=""/>
  <member type="way" ref="23861152" role=""/>
  <member type="way" ref="49800797" role=""/>
  <member type="way" ref="340707204" role=""/>
  <member type="way" ref="33849015" role=""/>
  <member type="way" ref="33849014" role=""/>
  <member type="way" ref="23861406" role=""/>
  <member type="way" ref="33849012" role=""/>
  <member type="way" ref="23861411" role=""/>
  <member type="way" ref="26209952" role=""/>
  <member type="way" ref="26035071" role=""/>
  <member type="way" ref="38761326" role=""/>
  <member type="way" ref="26211992" role=""/>
  <member type="way" ref="847138362" role=""/>
  <member type="way" ref="850559794" role=""/>
  <member type="way" ref="844251807" role=""/>
  <member type="way" ref="31051984" role=""/>
  <member type="way" ref="30958857" role=""/>
  <member type="way" ref="23866886" role=""/>
  <member type="way" ref="55509352" role=""/>
  <member type="way" ref="73029189" role=""/>
  <member type="way" ref="55509353" role=""/>
  <member type="way" ref="25727081" role=""/>
  <member type="way" ref="856788526" role=""/>
  <member type="way" ref="25802790" role=""/>
  <member type="way" ref="38436617" role=""/>
  <member type="way" ref="25072071" role=""/>
  <member type="way" ref="55112485" role=""/>
  <member type="way" ref="30888912" role=""/>
  <member type="way" ref="24665223" role=""/>
  <member type="way" ref="410767270" role=""/>
  <member type="way" ref="410767269" role=""/>
  <member type="way" ref="24665207" role=""/>
  <member type="way" ref="404276146" role=""/>
  <member type="way" ref="1037174706" role=""/>
  <member type="way" ref="24209978" role=""/>
  <member type="way" ref="404276145" role=""/>
  <member type="way" ref="31051251" role=""/>
  <member type="way" ref="24210102" role=""/>
  <member type="way" ref="1037174704" role=""/>
  <member type="way" ref="27004264" role=""/>
  <member type="way" ref="27004265" role=""/>
  <member type="way" ref="55579416" role=""/>
  <member type="way" ref="435921140" role=""/>
  <member type="way" ref="39728207" role=""/>
  <member type="way" ref="108980795" role=""/>
  <member type="way" ref="194168420" role=""/>
  <member type="way" ref="553145904" role=""/>
  <member type="way" ref="38717661" role=""/>
  <member type="way" ref="38717660" role=""/>
  <member type="way" ref="219446033" role=""/>
  <member type="way" ref="5477250" role=""/>
  <member type="way" ref="236091211" role=""/>
  <member type="way" ref="38717656" role=""/>
  <member type="way" ref="434851202" role=""/>
  <member type="way" ref="38717654" role=""/>
  <member type="way" ref="23429914" role=""/>
  <member type="way" ref="55590575" role=""/>
  <member type="way" ref="1037174701" role=""/>
  <member type="way" ref="38717653" role=""/>
  <member type="way" ref="38717652" role=""/>
  <member type="way" ref="22932969" role=""/>
  <member type="way" ref="38717651" role=""/>
  <member type="way" ref="796603141" role=""/>
  <member type="way" ref="39753886" role=""/>
  <member type="way" ref="796603142" role=""/>
  <member type="way" ref="26729943" role=""/>
  <member type="way" ref="708646256" role=""/>
  <member type="way" ref="708646258" role=""/>
  <member type="way" ref="708646257" role=""/>
  <member type="way" ref="26729970" role=""/>
  <member type="way" ref="25818314" role=""/>
  <member type="way" ref="731992457" role=""/>
  <member type="way" ref="25694860" role=""/>
  <member type="way" ref="30478881" role=""/>
  <member type="way" ref="28358258" role=""/>
  <member type="way" ref="28617952" role=""/>
  <member type="way" ref="30478880" role=""/>
  <member type="way" ref="30478879" role=""/>
  <member type="way" ref="30478877" role=""/>
  <member type="way" ref="25600005" role=""/>
  <member type="way" ref="30478873" role=""/>
  <member type="way" ref="22932961" role=""/>
  <member type="way" ref="35070269" role=""/>
  <member type="way" ref="25599910" role=""/>
  <member type="way" ref="192053893" role=""/>
  <member type="way" ref="22807707" role=""/>
  <member type="way" ref="22813875" role=""/>
  <member type="way" ref="22813874" role=""/>
  <member type="way" ref="22994188" role=""/>
  <member type="way" ref="22807704" role=""/>
  <member type="way" ref="25599854" role=""/>
  <member type="way" ref="35145335" role=""/>
  <member type="way" ref="55790312" role=""/>
  <member type="way" ref="1202546044" role=""/>
  <member type="way" ref="35145336" role=""/>
  <member type="way" ref="319361449" role=""/>
  <member type="way" ref="5197242" role=""/>
  <member type="way" ref="5197240" role=""/>
  <member type="way" ref="5197239" role=""/>
  <member type="way" ref="5028940" role=""/>
  <member type="way" ref="5197237" role=""/>
  <member type="way" ref="5197236" role=""/>
  <member type="way" ref="28302216" role=""/>
  <member type="way" ref="25984178" role=""/>
  <member type="way" ref="1066517447" role=""/>
  <member type="way" ref="28302215" role=""/>
  <member type="way" ref="28302214" role=""/>
  <member type="way" ref="34993365" role=""/>
  <member type="way" ref="27243127" role=""/>
  <member type="way" ref="5197152" role=""/>
  <member type="way" ref="5197231" role=""/>
  <member type="way" ref="28302211" role=""/>
  <member type="way" ref="28302210" role=""/>
  <member type="way" ref="73055933" role=""/>
  <member type="way" ref="73055936" role=""/>
  <member type="way" ref="28302208" role=""/>
  <member type="way" ref="28302206" role=""/>
  <member type="way" ref="5070685" role=""/>
  <member type="way" ref="28302205" role=""/>
  <member type="way" ref="26792999" role=""/>
  <member type="way" ref="26792998" role=""/>
  <member type="way" ref="26792997" role=""/>
  <member type="way" ref="519661319" role=""/>
  <member type="way" ref="519661321" role=""/>
  <member type="way" ref="520073426" role=""/>
  <member type="way" ref="520073424" role=""/>
  <member type="way" ref="425042087" role=""/>
  <member type="way" ref="5197125" role=""/>
  <member type="way" ref="1376334003" role=""/>
  <member type="way" ref="28302199" role=""/>
  <member type="way" ref="1376331019" role=""/>
  <member type="way" ref="49652769" role=""/>
  <member type="way" ref="268047564" role=""/>
  <member type="way" ref="4817342" role=""/>
  <member type="way" ref="28301737" role=""/>
  <member type="way" ref="4769405" role=""/>
  <member type="way" ref="1195368666" role=""/>
  <member type="way" ref="1195368667" role=""/>
  <member type="way" ref="28301616" role=""/>
  <member type="way" ref="28301615" role=""/>
  <member type="way" ref="1183502943" role=""/>
  <member type="way" ref="1112310870" role=""/>
  <member type="way" ref="28301613" role=""/>
  <member type="way" ref="1112310869" role=""/>
  <member type="way" ref="1112310868" role=""/>
  <member type="way" ref="28301621" role=""/>
  <member type="way" ref="141409537" role=""/>
  <member type="way" ref="141409538" role=""/>
  <member type="way" ref="4804397" role=""/>
  <member type="way" ref="4778781" role=""/>
  <member type="way" ref="1361973233" role=""/>
  <member type="way" ref="1295487721" role=""/>
  <member type="way" ref="1346629000" role=""/>
  <member type="way" ref="32604023" role=""/>
  <member type="way" ref="1346629002" role=""/>
  <member type="way" ref="32604021" role=""/>
  <member type="way" ref="520073419" role=""/>
  <member type="way" ref="23944452" role=""/>
  <member type="way" ref="35145524" role=""/>
  <member type="way" ref="520073415" role=""/>
  <member type="way" ref="28301608" role=""/>
  <member type="way" ref="4719955" role=""/>
  <member type="way" ref="23578321" role=""/>
  <member type="way" ref="59877260" role=""/>
  <member type="way" ref="28301607" role=""/>
  <member type="way" ref="4719953" role=""/>
  <member type="way" ref="520073413" role=""/>
  <member type="way" ref="520073410" role=""/>
  <member type="way" ref="73390227" role=""/>
  <member type="way" ref="520073406" role=""/>
  <member type="way" ref="1302092475" role=""/>
  <member type="way" ref="28301606" role=""/>
  <member type="way" ref="28301605" role=""/>
  <member type="way" ref="1285591501" role=""/>
  <member type="way" ref="1285591500" role=""/>
  <member type="way" ref="1285591499" role=""/>
  <member type="way" ref="1285592167" role=""/>
  <member type="way" ref="28301604" role=""/>
  <member type="way" ref="28301602" role=""/>
  <member type="way" ref="1285239034" role=""/>
  <member type="way" ref="1285239035" role=""/>
  <member type="way" ref="28301601" role=""/>
  <member type="way" ref="743270499" role=""/>
  <member type="way" ref="743270500" role=""/>
  <member type="way" ref="28301599" role=""/>
  <member type="way" ref="4720149" role=""/>
  <member type="way" ref="743133918" role=""/>
  <member type="way" ref="4723614" role=""/>
  <member type="way" ref="4723613" role=""/>
  <member type="way" ref="4723612" role=""/>
  <member type="way" ref="4701988" role=""/>
  <member type="way" ref="4719959" role=""/>
  <member type="way" ref="709367606" role=""/>
  <member type="way" ref="4702809" role=""/>
  <member type="way" ref="28301594" role=""/>
  <member type="way" ref="1218788144" role=""/>
  <member type="way" ref="1346612386" role=""/>
  <member type="way" ref="28301591" role=""/>
  <member type="way" ref="1308426032" role=""/>
  <member type="way" ref="4712785" role=""/>
  <member type="way" ref="1308426031" role=""/>
  <member type="way" ref="4747130" role=""/>
  <member type="way" ref="849920263" role=""/>
  <member type="way" ref="122009054" role=""/>
  <member type="way" ref="849920262" role=""/>
  <member type="way" ref="28301191" role=""/>
  <member type="way" ref="28301192" role=""/>
  <member type="way" ref="1051957648" role=""/>
  <member type="way" ref="1051957647" role=""/>
  <member type="way" ref="25963102" role=""/>
  <member type="way" ref="4805302" role=""/>
  <member type="way" ref="520073399" role=""/>
  <member type="way" ref="520073391" role=""/>
  <member type="way" ref="520073387" role=""/>
  <member type="way" ref="376071275" role=""/>
  <member type="way" ref="520073383" role=""/>
  <member type="way" ref="215524570" role=""/>
  <member type="way" ref="24379780" role=""/>
  <member type="way" ref="743798939" role=""/>
  <member type="way" ref="24379781" role=""/>
  <member type="way" ref="28144489" role=""/>
  <member type="way" ref="845116789" role=""/>
  <member type="way" ref="28144488" role=""/>
  <member type="way" ref="25511505" role=""/>
  <member type="way" ref="25511509" role=""/>
  <member type="way" ref="25511508" role=""/>
  <member type="way" ref="4706492" role=""/>
  <member type="way" ref="369461307" role=""/>
  <member type="way" ref="24154555" role=""/>
  <member type="way" ref="28145144" role=""/>
  <member type="way" ref="4711039" role=""/>
  <member type="way" ref="369461309" role=""/>
  <member type="way" ref="369461305" role=""/>
  <member type="way" ref="1292300202" role=""/>
  <member type="way" ref="118193099" role=""/>
  <member type="way" ref="4711026" role=""/>
  <member type="way" ref="28145138" role=""/>
  <member type="way" ref="4826399" role=""/>
  <member type="way" ref="1066535158" role=""/>
  <member type="way" ref="4826400" role=""/>
  <member type="way" ref="1307996640" role=""/>
  <member type="way" ref="4711018" role=""/>
  <member type="way" ref="8044115" role=""/>
  <member type="way" ref="39923829" role=""/>
  <member type="way" ref="39923828" role=""/>
  <member type="way" ref="23909786" role=""/>
  <member type="way" ref="39640129" role=""/>
  <member type="way" ref="39640131" role=""/>
  <member type="way" ref="729375897" role=""/>
  <member type="way" ref="23909787" role=""/>
  <member type="way" ref="4744717" role=""/>
  <member type="way" ref="4744716" role=""/>
  <member type="way" ref="28145015" role=""/>
  <member type="way" ref="28145014" role=""/>
  <member type="way" ref="382347465" role=""/>
  <member type="way" ref="257722159" role=""/>
  <member type="way" ref="4223098" role=""/>
  <member type="way" ref="29065631" role=""/>
  <member type="way" ref="28145010" role=""/>
  <member type="way" ref="388667247" role=""/>
  <member type="way" ref="388667250" role=""/>
  <member type="way" ref="1080867769" role=""/>
  <member type="way" ref="1296086130" role=""/>
  <member type="way" ref="287375746" role=""/>
  <member type="way" ref="1296086936" role=""/>
  <member type="way" ref="26497719" role=""/>
  <member type="way" ref="61723117" role=""/>
  <member type="way" ref="755967410" role=""/>
  <member type="way" ref="59851640" role=""/>
  <member type="way" ref="755967406" role=""/>
  <member type="way" ref="755967403" role=""/>
  <member type="way" ref="61723115" role=""/>
  <member type="way" ref="1001143041" role=""/>
  <member type="way" ref="28145005" role=""/>
  <member type="way" ref="168858489" role=""/>
  <member type="way" ref="1080862091" role=""/>
  <member type="way" ref="192056812" role=""/>
  <member type="way" ref="5734609" role=""/>
  <member type="way" ref="5734607" role=""/>
  <member type="way" ref="49588370" role=""/>
  <member type="way" ref="1056610257" role=""/>
  <member type="way" ref="490542491" role=""/>
  <member type="way" ref="22662482" role=""/>
  <member type="way" ref="1333172000" role=""/>
  <member type="way" ref="1055962140" role=""/>
  <member type="way" ref="24561272" role=""/>
  <member type="way" ref="1080510591" role=""/>
  <member type="way" ref="1053010390" role=""/>
  <member type="way" ref="192053896" role=""/>
  <member type="way" ref="1080510589" role=""/>
  <member type="way" ref="1053008660" role=""/>
  <member type="way" ref="1053008658" role=""/>
  <member type="way" ref="1053008661" role=""/>
  <member type="way" ref="1053008657" role=""/>
  <member type="way" ref="1053008663" role=""/>
  <member type="way" ref="28144497" role=""/>
  <member type="way" ref="28144495" role=""/>
  <member type="way" ref="28144493" role=""/>
  <member type="way" ref="1052941246" role=""/>
  <member type="way" ref="1052945000" role=""/>
  <member type="way" ref="1052945004" role=""/>
  <member type="way" ref="4826511" role=""/>
  <member type="way" ref="24860243" role=""/>
  <member type="way" ref="243212173" role=""/>
  <member type="way" ref="1151527954" role=""/>
  <member type="way" ref="1151527953" role=""/>
  <member type="way" ref="218922013" role=""/>
  <member type="way" ref="709795693" role=""/>
  <member type="way" ref="34080942" role=""/>
  <member type="way" ref="34080941" role=""/>
  <member type="way" ref="34080940" role=""/>
  <member type="way" ref="34080937" role=""/>
  <member type="way" ref="709795694" role=""/>
  <member type="way" ref="34080920" role=""/>
  <member type="way" ref="709795695" role=""/>
  <member type="way" ref="177142918" role=""/>
  <member type="way" ref="177142916" role=""/>
  <member type="way" ref="83115615" role=""/>
  <member type="way" ref="27942841" role=""/>
  <member type="way" ref="155787044" role=""/>
  <member type="way" ref="155784632" role=""/>
  <member type="way" ref="83115620" role=""/>
  <member type="way" ref="142431417" role=""/>
  <member type="way" ref="155784634" role=""/>
  <member type="way" ref="4554225" role=""/>
  <member type="way" ref="5109236" role=""/>
  <member type="way" ref="1305212354" role=""/>
  <member type="way" ref="1305212304" role=""/>
  <member type="way" ref="1305212353" role=""/>
  <member type="way" ref="1305212352" role=""/>
  <member type="way" ref="1305212351" role=""/>
  <member type="way" ref="1305212314" role=""/>
  <member type="way" ref="1305212315" role=""/>
  <member type="way" ref="262234436" role=""/>
  <member type="way" ref="1305212316" role=""/>
  <member type="way" ref="1016659991" role=""/>
  <member type="way" ref="1016659992" role=""/>
  <member type="way" ref="38555591" role=""/>
  <member type="way" ref="1305212312" role=""/>
  <member type="way" ref="1305212313" role=""/>
  <member type="way" ref="542038232" role=""/>
  <member type="way" ref="1305212336" role=""/>
  <member type="way" ref="1305212337" role=""/>
  <member type="way" ref="120596955" role=""/>
  <member type="way" ref="1305212332" role=""/>
  <member type="way" ref="1305212324" role=""/>
  <member type="way" ref="1305212325" role=""/>
  <member type="way" ref="1302848710" role=""/>
  <tag k="description" v="(Nassau - Kloster Arnstein - Obernhof - Falkenhorst - Steinsberg - Schönborn - Domäne Hohlenfels - Kettenbach - Hennethal - Oberauroff - Idstein) Schinderhannes-Eiche - Schloßborn - Glashütten - Rotes Kreuz - Gr. Feldberg - Altkönig - Hohemark - Frankfurt"/>
  <tag k="distance" v="49.9"/>
  <tag k="length" v="119.1"/>
  <tag k="name" v="Europäischer Fernwanderweg E1 - Teil Deutschland, Hessen (Gebiet Taunus Ost)"/>
  <tag k="name:de" v="Europäischer Fernwanderweg E1 - Teil Deutschland, Hessen (Gebiet Taunus Ost)"/>
  <tag k="name:en" v="European Long distance path E1 - part Germany, Hessen (region Taunus east)"/>
  <tag k="network" v="iwn"/>
  <tag k="note" v="Distance = Länge des hier dargestellten Teils (+ Strecke bis Wendelsplatz in Sachsenhausen), length = Summe der drei Taunus-Abschnitte."/>
  <tag k="operator" v="European Ramblers Association"/>
  <tag k="operator:de" v="Deutscher Wanderverband"/>
  <tag k="operator:local" v="Taunusklub"/>
  <tag k="osmc:symbol" v="black:black::×:white"/>
  <tag k="ref" v="E1"/>
  <tag k="roundtrip" v="no"/>
  <tag k="route" v="hiking"/>
  <tag k="symbol" v="https://commons.wikimedia.org/wiki/File:Wegsymbol-E1.jpg"/>
  <tag k="type" v="route"/>
  <tag k="website" v="http://www.era-ewv-ferp.com/"/>
  <tag k="wiki:symbol" v="Symbol_E1.png"/>
 </relation>
 <relation id="2221551" visible="true" version="148" changeset="170116699" timestamp="2025-08-07T16:33:23Z" user="Senihtu" uid="18511019">
  <member type="node" ref="3404674666" role="stop_entry_only"/>
  <member type="node" ref="610312623" role="platform_entry_only"/>
  <member type="node" ref="3404674654" role="stop"/>
  <member type="node" ref="1586670762" role="platform"/>
  <member type="node" ref="3404674635" role="stop"/>
  <member type="way" ref="539198969" role="platform"/>
  <member type="node" ref="616022076" role="stop"/>
  <member type="node" ref="11189913663" role="platform"/>
  <member type="node" ref="3404239121" role="stop"/>
  <member type="node" ref="443917162" role="platform"/>
  <member type="node" ref="3404674668" role="stop"/>
  <member type="node" ref="1781544610" role="platform"/>
  <member type="node" ref="3404674659" role="stop"/>
  <member type="node" ref="1781544606" role="platform"/>
  <member type="node" ref="528799256" role="stop"/>
  <member type="node" ref="3404674646" role="platform"/>
  <member type="node" ref="3404674657" role="stop"/>
  <member type="node" ref="1781544609" role="platform"/>
  <member type="node" ref="3404674664" role="stop"/>
  <member type="node" ref="772800503" role="platform"/>
  <member type="node" ref="3404674645" role="stop"/>
  <member type="node" ref="772800497" role="platform"/>
  <member type="node" ref="3404674653" role="stop"/>
  <member type="node" ref="1580431101" role="platform"/>
  <member type="node" ref="3404674651" role="stop"/>
  <member type="node" ref="587939736" role="platform"/>
  <member type="node" ref="15514012" role="stop"/>
  <member type="node" ref="329377980" role="platform"/>
  <member type="node" ref="266793097" role="stop"/>
  <member type="node" ref="3404674637" role="platform"/>
  <member type="node" ref="3404674642" role="stop"/>
  <member type="node" ref="3404674643" role="platform"/>
  <member type="node" ref="265892974" role="stop"/>
  <member type="node" ref="3404674647" role="platform"/>
  <member type="node" ref="3404674661" role="stop"/>
  <member type="node" ref="1781544607" role="platform"/>
  <member type="node" ref="3404674640" role="stop"/>
  <member type="node" ref="640549347" role="platform"/>
  <member type="node" ref="3238633766" role="stop"/>
  <member type="way" ref="60963622" role="platform"/>
  <member type="node" ref="778708649" role="stop"/>
  <member type="way" ref="209078973" role="platform"/>
  <member type="node" ref="266893647" role="stop"/>
  <member type="node" ref="640549316" role="platform"/>
  <member type="node" ref="778708624" role="stop"/>
  <member type="node" ref="778708654" role="platform"/>
  <member type="node" ref="778299828" role="stop"/>
  <member type="node" ref="778708638" role="platform"/>
  <member type="node" ref="619809682" role="stop"/>
  <member type="node" ref="34024401" role="stop"/>
  <member type="node" ref="310454223" role="platform"/>
  <member type="node" ref="474365020" role="stop"/>
  <member type="node" ref="1347287836" role="platform"/>
  <member type="node" ref="474365021" role="stop"/>
  <member type="node" ref="743365428" role="platform"/>
  <member type="node" ref="474365022" role="stop"/>
  <member type="node" ref="778708678" role="platform"/>
  <member type="node" ref="1351491889" role="stop"/>
  <member type="node" ref="778708626" role="platform"/>
  <member type="node" ref="34065213" role="stop"/>
  <member type="node" ref="1212556130" role="platform"/>
  <member type="node" ref="34065236" role="stop_exit_only"/>
  <member type="node" ref="1284623469" role="platform"/>
  <member type="way" ref="333355766" role=""/>
  <member type="way" ref="96243410" role=""/>
  <member type="way" ref="1221063010" role=""/>
  <member type="way" ref="4850799" role=""/>
  <member type="way" ref="1219287614" role=""/>
  <member type="way" ref="937747235" role=""/>
  <member type="way" ref="243664919" role=""/>
  <member type="way" ref="1084648781" role=""/>
  <member type="way" ref="30713149" role=""/>
  <member type="way" ref="1199161825" role=""/>
  <member type="way" ref="96243409" role=""/>
  <member type="way" ref="266632178" role=""/>
  <member type="way" ref="1210347421" role=""/>
  <member type="way" ref="48421486" role=""/>
  <member type="way" ref="13984350" role=""/>
  <member type="way" ref="244325498" role=""/>
  <member type="way" ref="1209878268" role=""/>
  <member type="way" ref="244325500" role=""/>
  <member type="way" ref="1200767714" role=""/>
  <member type="way" ref="266632160" role=""/>
  <member type="way" ref="266632159" role=""/>
  <member type="way" ref="266632158" role=""/>
  <member type="way" ref="45060066" role=""/>
  <member type="way" ref="266632157" role=""/>
  <member type="way" ref="1198074138" role=""/>
  <member type="way" ref="1209459053" role=""/>
  <member type="way" ref="1209996375" role=""/>
  <member type="way" ref="1209996376" role=""/>
  <member type="way" ref="1209996377" role=""/>
  <member type="way" ref="1209459054" role=""/>
  <member type="way" ref="1209996378" role=""/>
  <member type="way" ref="266632161" role=""/>
  <member type="way" ref="1210751865" role=""/>
  <member type="way" ref="13984353" role=""/>
  <member type="way" ref="1228916951" role=""/>
  <member type="way" ref="13984342" role=""/>
  <member type="way" ref="315036814" role=""/>
  <member type="way" ref="1228916950" role=""/>
  <member type="way" ref="1200593488" role=""/>
  <member type="way" ref="245100400" role=""/>
  <member type="way" ref="266364716" role=""/>
  <member type="way" ref="1213576648" role=""/>
  <member type="way" ref="47467204" role=""/>
  <member type="way" ref="1080862903" role=""/>
  <member type="way" ref="245100401" role=""/>
  <member type="way" ref="854709608" role=""/>
  <member type="way" ref="266364710" role=""/>
  <member type="way" ref="39174449" role=""/>
  <member type="way" ref="1087706720" role=""/>
  <member type="way" ref="854709800" role=""/>
  <member type="way" ref="854709799" role=""/>
  <member type="way" ref="1199436880" role=""/>
  <member type="way" ref="854709798" role=""/>
  <member type="way" ref="34249959" role=""/>
  <member type="way" ref="854709797" role=""/>
  <member type="way" ref="854709858" role=""/>
  <member type="way" ref="92749179" role=""/>
  <member type="way" ref="1087706717" role=""/>
  <member type="way" ref="854709857" role=""/>
  <member type="way" ref="854709909" role=""/>
  <member type="way" ref="854709908" role=""/>
  <member type="way" ref="1051962690" role=""/>
  <member type="way" ref="1087706716" role=""/>
  <member type="way" ref="87288398" role=""/>
  <member type="way" ref="87288274" role=""/>
  <member type="way" ref="854709916" role=""/>
  <member type="way" ref="27617251" role=""/>
  <member type="way" ref="1087706713" role=""/>
  <member type="way" ref="854709915" role=""/>
  <member type="way" ref="854710023" role=""/>
  <member type="way" ref="1087706712" role=""/>
  <member type="way" ref="87289386" role=""/>
  <member type="way" ref="854710022" role=""/>
  <member type="way" ref="854710073" role=""/>
  <member type="way" ref="854710072" role=""/>
  <member type="way" ref="30711442" role=""/>
  <member type="way" ref="854710130" role=""/>
  <member type="way" ref="991504190" role=""/>
  <member type="way" ref="854710129" role=""/>
  <member type="way" ref="30711441" role=""/>
  <member type="way" ref="4749509" role=""/>
  <member type="way" ref="1410935654" role=""/>
  <member type="way" ref="1410935655" role=""/>
  <member type="way" ref="1410935656" role=""/>
  <member type="way" ref="1410935657" role=""/>
  <member type="way" ref="1410935658" role=""/>
  <member type="way" ref="87289642" role=""/>
  <member type="way" ref="240890022" role=""/>
  <member type="way" ref="238448804" role=""/>
  <member type="way" ref="1308993765" role=""/>
  <member type="way" ref="852060633" role=""/>
  <member type="way" ref="34606479" role=""/>
  <member type="way" ref="1091760766" role=""/>
  <member type="way" ref="1319833510" role=""/>
  <member type="way" ref="34606478" role=""/>
  <member type="way" ref="1091760767" role=""/>
  <member type="way" ref="29065631" role=""/>
  <member type="way" ref="28145010" role=""/>
  <member type="way" ref="388667247" role=""/>
  <member type="way" ref="252795595" role=""/>
  <member type="way" ref="30711170" role=""/>
  <member type="way" ref="1210430416" role=""/>
  <member type="way" ref="30711169" role=""/>
  <member type="way" ref="30711129" role=""/>
  <member type="way" ref="1287374897" role=""/>
  <member type="way" ref="4706913" role=""/>
  <member type="way" ref="30711124" role=""/>
  <member type="way" ref="1086017331" role=""/>
  <member type="way" ref="154878090" role=""/>
  <member type="way" ref="30710944" role=""/>
  <member type="way" ref="49513600" role=""/>
  <member type="way" ref="36877721" role=""/>
  <member type="way" ref="431520088" role=""/>
  <member type="way" ref="36877720" role=""/>
  <member type="way" ref="98643050" role=""/>
  <member type="way" ref="30710886" role=""/>
  <member type="way" ref="30710884" role=""/>
  <member type="way" ref="976108083" role=""/>
  <member type="way" ref="42759522" role=""/>
  <member type="way" ref="4221362" role=""/>
  <member type="way" ref="36998420" role=""/>
  <member type="way" ref="984693347" role=""/>
  <member type="way" ref="4724265" role=""/>
  <member type="way" ref="976108082" role=""/>
  <member type="way" ref="30710768" role=""/>
  <member type="way" ref="466675123" role=""/>
  <member type="way" ref="302980590" role=""/>
  <member type="way" ref="302980591" role=""/>
  <member type="way" ref="302980589" role=""/>
  <member type="way" ref="505100517" role=""/>
  <member type="way" ref="1093554789" role=""/>
  <member type="way" ref="1093554790" role=""/>
  <member type="way" ref="30710719" role=""/>
  <member type="way" ref="135811277" role=""/>
  <member type="way" ref="965319933" role=""/>
  <member type="way" ref="4722374" role=""/>
  <member type="way" ref="52287160" role=""/>
  <member type="way" ref="1396178220" role=""/>
  <member type="way" ref="1396178489" role=""/>
  <member type="way" ref="1396179564" role=""/>
  <member type="way" ref="1396180620" role=""/>
  <member type="way" ref="1000915149" role=""/>
  <member type="way" ref="1268333166" role=""/>
  <member type="way" ref="266364690" role=""/>
  <member type="way" ref="1000915150" role=""/>
  <member type="way" ref="913957242" role=""/>
  <member type="way" ref="1211145578" role=""/>
  <member type="way" ref="1396804523" role=""/>
  <member type="way" ref="1396805212" role=""/>
  <member type="way" ref="265229646" role=""/>
  <member type="way" ref="314922393" role=""/>
  <member type="way" ref="147531069" role=""/>
  <member type="way" ref="166703480" role=""/>
  <member type="way" ref="335764758" role=""/>
  <member type="way" ref="1318997488" role=""/>
  <member type="way" ref="51706791" role=""/>
  <member type="way" ref="1318997487" role=""/>
  <member type="way" ref="315645355" role=""/>
  <member type="way" ref="50413032" role=""/>
  <member type="way" ref="315645352" role=""/>
  <member type="way" ref="1319028997" role=""/>
  <member type="way" ref="1318997313" role=""/>
  <member type="way" ref="266312298" role=""/>
  <member type="way" ref="1319028994" role=""/>
  <member type="way" ref="1056385000" role=""/>
  <member type="way" ref="4793116" role=""/>
  <member type="way" ref="975406001" role=""/>
  <member type="way" ref="4856361" role=""/>
  <member type="way" ref="1319028992" role=""/>
  <member type="way" ref="1004017416" role=""/>
  <member type="way" ref="975406000" role=""/>
  <member type="way" ref="5736030" role=""/>
  <member type="way" ref="504597517" role=""/>
  <member type="way" ref="262759995" role=""/>
  <member type="way" ref="266312307" role=""/>
  <member type="way" ref="262759994" role=""/>
  <member type="way" ref="1021598690" role=""/>
  <member type="way" ref="5736032" role=""/>
  <member type="way" ref="4554219" role=""/>
  <member type="way" ref="1029415678" role=""/>
  <member type="way" ref="156298614" role=""/>
  <member type="way" ref="284213281" role=""/>
  <member type="way" ref="88197989" role=""/>
  <member type="way" ref="156298613" role=""/>
  <member type="way" ref="62333276" role=""/>
  <member type="way" ref="1029415681" role=""/>
  <member type="way" ref="1029415682" role=""/>
  <member type="way" ref="167637435" role=""/>
  <member type="way" ref="26221595" role=""/>
  <member type="way" ref="36834832" role=""/>
  <member type="way" ref="671739499" role=""/>
  <member type="way" ref="1029415683" role=""/>
  <member type="way" ref="671739497" role=""/>
  <member type="way" ref="914841440" role=""/>
  <member type="way" ref="36834833" role=""/>
  <member type="way" ref="1056282510" role=""/>
  <member type="way" ref="1056282509" role=""/>
  <member type="way" ref="39576973" role=""/>
  <member type="way" ref="38332053" role=""/>
  <member type="way" ref="38332054" role=""/>
  <member type="way" ref="926315033" role=""/>
  <member type="way" ref="266324434" role=""/>
  <member type="way" ref="39576974" role=""/>
  <member type="way" ref="39576975" role=""/>
  <member type="way" ref="32863436" role=""/>
  <member type="way" ref="39576977" role=""/>
  <member type="way" ref="26221862" role=""/>
  <member type="way" ref="120596933" role=""/>
  <member type="way" ref="45869906" role=""/>
  <member type="way" ref="120596937" role=""/>
  <member type="way" ref="1319022274" role=""/>
  <member type="way" ref="120665703" role=""/>
  <member type="way" ref="120596924" role=""/>
  <member type="way" ref="1319022281" role=""/>
  <member type="way" ref="1319639184" role=""/>
  <member type="way" ref="1319022285" role=""/>
  <member type="way" ref="120596926" role=""/>
  <member type="way" ref="120665706" role=""/>
  <member type="way" ref="103963645" role=""/>
  <member type="way" ref="1319022291" role=""/>
  <member type="way" ref="1318997271" role=""/>
  <member type="way" ref="1319022269" role=""/>
  <member type="way" ref="113194006" role=""/>
  <member type="way" ref="1319022267" role=""/>
  <member type="way" ref="120596922" role=""/>
  <member type="way" ref="110763444" role=""/>
  <member type="way" ref="120599016" role=""/>
  <member type="way" ref="39576982" role=""/>
  <member type="way" ref="266449018" role=""/>
  <member type="way" ref="66227411" role=""/>
  <member type="way" ref="5108385" role=""/>
  <member type="way" ref="120555839" role=""/>
  <member type="way" ref="5065318" role=""/>
  <member type="way" ref="62333278" role=""/>
  <member type="way" ref="5108872" role=""/>
  <member type="way" ref="1017396625" role=""/>
  <member type="way" ref="28021362" role=""/>
  <member type="way" ref="40610522" role=""/>
  <member type="way" ref="28021363" role=""/>
  <member type="way" ref="128329494" role=""/>
  <member type="way" ref="1319022301" role=""/>
  <tag k="from" v="Westbahnhof"/>
  <tag k="name" v="Bus M36: Westbahnhof =&gt; Hainer Weg"/>
  <tag k="network" v="Rhein-Main-Verkehrsverbund"/>
  <tag k="network:short" v="RMV"/>
  <tag k="network:wikidata" v="Q314042"/>
  <tag k="network:wikipedia" v="de:Rhein-Main-Verkehrsverbund"/>
  <tag k="operator" v="In-der-City-Bus"/>
  <tag k="public_transport:version" v="2"/>
  <tag k="ref" v="M36"/>
  <tag k="route" v="bus"/>
  <tag k="to" v="Hainer Weg"/>
  <tag k="type" v="route"/>
  <tag k="website" v="https://wiki.openstreetmap.org/wiki/Rhein-Main-Verkehrsverbund/Bus_Frankfurt"/>
  <tag k="wheelchair" v="yes"/>
 </relation>
 <relation id="2221552" visible="true" version="12" changeset="157217412" timestamp="2024-09-28T15:52:24Z" user="ManuelB701" uid="16813270">
  <member type="relation" ref="2221551" role=""/>
  <member type="relation" ref="72674" role=""/>
  <tag k="name" v="Bus M36"/>
  <tag k="network" v="Rhein-Main-Verkehrsverbund"/>
  <tag k="network:short" v="RMV"/>
  <tag k="network:wikidata" v="Q314042"/>
  <tag k="network:wikipedia" v="de:Rhein-Main-Verkehrsverbund"/>
  <tag k="operator" v="In-der-City-Bus"/>
  <tag k="ref" v="M36"/>
  <tag k="route_master" v="bus"/>
  <tag k="type" v="route_master"/>
  <tag k="website" v="https://wiki.openstreetmap.org/wiki/Rhein-Main-Verkehrsverbund/Bus_Frankfurt"/>
  <tag k="wheelchair" v="yes"/>
 </relation>
 <relation id="3009860" visible="true" version="360" changeset="156624939" timestamp="2024-09-14T19:16:51Z" user="Senihtu" uid="18511019">
  <member type="relation" ref="17991867" role=""/>
  <member type="relation" ref="17991866" role=""/>
  <member type="relation" ref="17991865" role=""/>
  <member type="relation" ref="17991864" role=""/>
  <member type="relation" ref="17991863" role=""/>
  <member type="relation" ref="17991862" role=""/>
  <member type="relation" ref="17991861" role=""/>
  <member type="relation" ref="17991860" role=""/>
  <member type="relation" ref="17991859" role=""/>
  <member type="relation" ref="17991868" role=""/>
  <tag k="description" v="Marsberg - Edersee - Kellerwald - Marburg - Grünberg - Bad Nauheim - Frankfurt - Darmstadt - Neckarsteinach"/>
  <tag k="distance" v="395"/>
  <tag k="from" v="Marsberg"/>
  <tag k="name" v="Hessenweg 4"/>
  <tag k="network" v="nwn"/>
  <tag k="operator" v="Wanderverband Hessen"/>
  <tag k="osmc:status" v="complete"/>
  <tag k="osmc:symbol" v="red:red_frame: :H4:red"/>
  <tag k="ref" v="H4"/>
  <tag k="roundtrip" v="no"/>
  <tag k="route" v="hiking"/>
  <tag k="symbol" v="schwarzer Text &quot;Hessenweg&quot; mit roter 4 und rotem Hessenlöwen auf weißem Grund"/>
  <tag k="to" v="Neckarsteinach"/>
  <tag k="type" v="superroute"/>
  <tag k="website" v="https://www.wanderverband-hessen.de/hessenwege.htm"/>
  <tag k="wiki:symbol" v="https://upload.wikimedia.org/wikipedia/commons/e/e7/Hessenweg4.svg"/>
 </relation>
 <relation id="3578443" visible="true" version="3" changeset="112305351" timestamp="2021-10-09T15:20:23Z" user="elumbella" uid="298209">
  <member type="way" ref="991504197" role="positive"/>
  <member type="way" ref="238656650" role="positive"/>
  <member type="way" ref="266364733" role="positive"/>
  <member type="node" ref="1033446677" role="positive"/>
  <member type="node" ref="3800893403" role="positive"/>
  <member type="node" ref="1033448097" role="negative"/>
  <member type="way" ref="4850964" role="negative"/>
  <member type="way" ref="266364703" role="negative"/>
  <member type="node" ref="1033447250" role="negative"/>
  <tag k="area_lcd" v="37205"/>
  <tag k="class" v="P1.10"/>
  <tag k="intersects" v="Opernplatz"/>
  <tag k="lcd" v="36932"/>
  <tag k="name" v="Anlagenring"/>
  <tag k="neg_offset" v="44433"/>
  <tag k="pos_offset" v="36933"/>
  <tag k="road_lcd" v="36541"/>
  <tag k="road_name" v="Reuterweg"/>
  <tag k="road_ref" v="GF 10"/>
  <tag k="table" v="58:1"/>
  <tag k="type" v="tmc:point"/>
  <tag k="version" v="13.0"/>
 </relation>
 <relation id="3579259" visible="true" version="3" changeset="102354174" timestamp="2021-04-05T19:22:31Z" user="elumbella" uid="298209">
  <member type="node" ref="1852774960" role="positive"/>
  <member type="node" ref="2719997130" role="negative"/>
  <member type="node" ref="2719997131" role="negative"/>
  <member type="way" ref="266449028" role="negative"/>
  <member type="way" ref="143559280" role="positive"/>
  <member type="way" ref="376693859" role="positive"/>
  <member type="way" ref="926324819" role="positive"/>
  <tag k="area_lcd" v="37205"/>
  <tag k="class" v="P1.10"/>
  <tag k="lcd" v="44433"/>
  <tag k="name" v="Guiollettstraße"/>
  <tag k="pos_offset" v="36932"/>
  <tag k="road_lcd" v="36541"/>
  <tag k="road_name" v="Taunusanlage"/>
  <tag k="road_ref" v="GF 10"/>
  <tag k="table" v="58:1"/>
  <tag k="type" v="tmc:point"/>
  <tag k="version" v="13.0"/>
 </relation>
 <relation id="3579269" visible="true" version="3" changeset="102354174" timestamp="2021-04-05T19:22:31Z" user="elumbella" uid="298209">
  <member type="node" ref="1852774960" role="positive"/>
  <member type="node" ref="2719997130" role="negative"/>
  <member type="node" ref="2719997131" role="negative"/>
  <member type="node" ref="16420974" role="negative"/>
  <member type="node" ref="2383519408" role="positive"/>
  <member type="way" ref="266449028" role="negative"/>
  <member type="way" ref="229808014" role="positive"/>
  <member type="way" ref="143559280" role="positive"/>
  <member type="way" ref="376693859" role="positive"/>
  <member type="way" ref="926324819" role="positive"/>
  <tag k="area_lcd" v="37205"/>
  <tag k="class" v="P1.10"/>
  <tag k="lcd" v="44436"/>
  <tag k="name" v="Taunusanlage"/>
  <tag k="neg_offset" v="36920"/>
  <tag k="pos_offset" v="36918"/>
  <tag k="road_lcd" v="36530"/>
  <tag k="road_name" v="Anlagenring"/>
  <tag k="road_ref" v="GF 1"/>
  <tag k="table" v="58:1"/>
  <tag k="type" v="tmc:point"/>
  <tag k="version" v="13.0"/>
 </relation>
 <relation id="4206777" visible="true" version="3" changeset="84222381" timestamp="2020-04-27T21:46:19Z" user="ma-rt-in" uid="1431737">
  <member type="way" ref="313453800" role="outer"/>
  <member type="way" ref="313453792" role="outer"/>
  <member type="way" ref="313453802" role="outer"/>
  <member type="way" ref="313453795" role="outer"/>
  <member type="node" ref="2274148308" role="admin_centre"/>
  <tag k="admin_level" v="10"/>
  <tag k="boundary" v="administrative"/>
  <tag k="name" v="Westend Nord"/>
  <tag k="type" v="boundary"/>
  <tag k="wikidata" v="Q17481593"/>
  <tag k="wikipedia" v="pl:Westend-Nord"/>
 </relation>
 <relation id="4206778" visible="true" version="5" changeset="141365363" timestamp="2023-09-17T04:28:48Z" user="user_177389" uid="177389">
  <member type="node" ref="2274148309" role="admin_centre"/>
  <member type="way" ref="313453804" role="outer"/>
  <member type="way" ref="313453795" role="outer"/>
  <member type="way" ref="313453829" role="outer"/>
  <member type="way" ref="313453811" role="outer"/>
  <member type="way" ref="313453822" role="outer"/>
  <member type="way" ref="313453827" role="outer"/>
  <tag k="admin_level" v="10"/>
  <tag k="boundary" v="administrative"/>
  <tag k="name" v="Westend Süd"/>
  <tag k="type" v="boundary"/>
  <tag k="wikidata" v="Q17481645"/>
  <tag k="wikipedia" v="pl:Westend-Süd"/>
 </relation>
 <relation id="4471918" visible="true" version="2" changeset="150838343" timestamp="2024-05-03T13:36:42Z" user="frankfurtmapper" uid="21338930">
  <member type="way" ref="321136070" role="outline"/>
  <member type="way" ref="192302479" role="part"/>
  <member type="way" ref="23909727" role="part"/>
  <member type="way" ref="192302468" role="part"/>
  <member type="way" ref="192302466" role="part"/>
  <member type="way" ref="229650593" role="part"/>
  <member type="way" ref="192302461" role="part"/>
  <member type="way" ref="321136071" role="part"/>
  <member type="way" ref="321136069" role="part"/>
  <member type="way" ref="229650592" role="part"/>
  <member type="way" ref="192302473" role="part"/>
  <member type="way" ref="192302482" role="part"/>
  <member type="way" ref="192302471" role="part"/>
  <member type="way" ref="192302485" role="part"/>
  <member type="way" ref="51570549" role="part"/>
  <member type="way" ref="1279349525" role="part"/>
  <tag k="name" v="I.G.-Farben-Haus"/>
  <tag k="type" v="building"/>
 </relation>
 <relation id="4716090" visible="true" version="8" changeset="144674056" timestamp="2023-12-01T20:22:52Z" user="ManuelB701" uid="16813270">
  <member type="relation" ref="1861549" role=""/>
  <member type="relation" ref="70908" role=""/>
  <tag k="name" v="Bus 64"/>
  <tag k="network" v="Rhein-Main-Verkehrsverbund"/>
  <tag k="network:short" v="RMV"/>
  <tag k="network:wikidata" v="Q314042"/>
  <tag k="network:wikipedia" v="de:Rhein-Main-Verkehrsverbund"/>
  <tag k="operator" v="In-der-City-Bus"/>
  <tag k="ref" v="64"/>
  <tag k="route_master" v="bus"/>
  <tag k="type" v="route_master"/>
  <tag k="website" v="https://wiki.openstreetmap.org/wiki/Rhein-Main-Verkehrsverbund/Bus_Frankfurt"/>
 </relation>
 <relation id="5687515" visible="true" version="91" changeset="168634260" timestamp="2025-07-08T07:03:53Z" user="Taunusklub | Stubenkaterin" uid="9366685">
  <member type="node" ref="3861688757" role=""/>
  <member type="node" ref="12734119829" role="guidepost"/>
  <member type="node" ref="12734119830" role="guidepost"/>
  <member type="node" ref="12734146233" role="guidepost"/>
  <member type="way" ref="1219285961" role=""/>
  <member type="way" ref="4829030" role=""/>
  <member type="way" ref="1261410090" role=""/>
  <member type="way" ref="1221483035" role="forward"/>
  <member type="way" ref="1221871494" role="forward"/>
  <member type="way" ref="1221483036" role="forward"/>
  <member type="way" ref="314924568" role=""/>
  <member type="way" ref="288596093" role=""/>
  <member type="way" ref="4828982" role=""/>
  <member type="way" ref="1104200782" role=""/>
  <member type="way" ref="128648311" role=""/>
  <member type="way" ref="33999596" role=""/>
  <member type="way" ref="1096686808" role=""/>
  <member type="way" ref="382339884" role=""/>
  <member type="way" ref="1097557950" role=""/>
  <member type="way" ref="1080450101" role=""/>
  <member type="way" ref="1104200781" role=""/>
  <member type="way" ref="1104200784" role=""/>
  <member type="way" ref="371155803" role=""/>
  <member type="way" ref="371155804" role=""/>
  <member type="way" ref="1303623026" role=""/>
  <member type="way" ref="1303623027" role=""/>
  <member type="way" ref="505084208" role=""/>
  <member type="way" ref="1303623028" role=""/>
  <member type="way" ref="505084205" role=""/>
  <member type="way" ref="1104200788" role=""/>
  <member type="way" ref="205834077" role=""/>
  <member type="way" ref="205834080" role=""/>
  <member type="way" ref="382340586" role=""/>
  <member type="way" ref="382340587" role=""/>
  <member type="way" ref="464074060" role=""/>
  <member type="way" ref="464074059" role=""/>
  <member type="way" ref="167630941" role=""/>
  <member type="way" ref="167630940" role=""/>
  <member type="way" ref="4800200" role=""/>
  <member type="way" ref="382343065" role=""/>
  <member type="way" ref="4800199" role=""/>
  <member type="way" ref="849288286" role=""/>
  <member type="way" ref="1318361673" role=""/>
  <member type="way" ref="1148307899" role=""/>
  <member type="way" ref="314910667" role=""/>
  <member type="way" ref="1392540022" role=""/>
  <member type="way" ref="314910662" role=""/>
  <member type="way" ref="1392538696" role=""/>
  <member type="way" ref="1392537789" role=""/>
  <member type="way" ref="1392537053" role=""/>
  <member type="way" ref="25899261" role=""/>
  <member type="way" ref="991231536" role=""/>
  <member type="way" ref="30711286" role=""/>
  <member type="way" ref="252681769" role=""/>
  <member type="way" ref="34606479" role=""/>
  <member type="way" ref="1091760766" role="forward"/>
  <member type="way" ref="1319833510" role="forward"/>
  <member type="way" ref="1319833502" role="forward"/>
  <member type="way" ref="34606478" role=""/>
  <member type="way" ref="1091760767" role=""/>
  <member type="way" ref="29065631" role=""/>
  <member type="way" ref="4223098" role=""/>
  <member type="way" ref="257722159" role=""/>
  <member type="way" ref="4968421" role=""/>
  <member type="way" ref="930349762" role=""/>
  <member type="way" ref="930349761" role=""/>
  <member type="way" ref="1075793823" role=""/>
  <member type="way" ref="448095420" role=""/>
  <member type="way" ref="929735138" role=""/>
  <member type="way" ref="23909789" role=""/>
  <member type="way" ref="23909788" role=""/>
  <member type="way" ref="382347467" role=""/>
  <member type="way" ref="59968887" role=""/>
  <member type="way" ref="59851045" role=""/>
  <member type="way" ref="483171223" role=""/>
  <member type="way" ref="4852507" role=""/>
  <member type="way" ref="382356732" role=""/>
  <member type="way" ref="45731208" role=""/>
  <member type="way" ref="45731207" role=""/>
  <member type="way" ref="23205990" role=""/>
  <member type="way" ref="376071273" role=""/>
  <member type="way" ref="4702820" role=""/>
  <member type="way" ref="4702814" role=""/>
  <member type="way" ref="1087102226" role=""/>
  <member type="way" ref="4823552" role=""/>
  <member type="way" ref="238663769" role=""/>
  <member type="way" ref="853522648" role="forward"/>
  <member type="way" ref="382360441" role="forward"/>
  <member type="way" ref="382360443" role="forward"/>
  <member type="way" ref="853522642" role="forward"/>
  <member type="way" ref="853522645" role="forward"/>
  <member type="way" ref="4823551" role="forward"/>
  <member type="way" ref="853522646" role="forward"/>
  <member type="way" ref="238663756" role=""/>
  <member type="way" ref="382360446" role=""/>
  <member type="way" ref="323858704" role=""/>
  <member type="way" ref="382360449" role=""/>
  <member type="way" ref="4890737" role=""/>
  <member type="way" ref="741167567" role=""/>
  <member type="way" ref="853505794" role=""/>
  <member type="way" ref="853505792" role=""/>
  <member type="way" ref="582281506" role=""/>
  <member type="way" ref="23205987" role=""/>
  <member type="way" ref="238663767" role=""/>
  <member type="way" ref="5173729" role=""/>
  <member type="way" ref="382551981" role=""/>
  <member type="way" ref="4934156" role=""/>
  <member type="way" ref="23205986" role=""/>
  <member type="way" ref="5173732" role=""/>
  <member type="way" ref="904506677" role=""/>
  <member type="way" ref="904506678" role=""/>
  <member type="way" ref="1037286570" role=""/>
  <member type="way" ref="1037286571" role=""/>
  <member type="way" ref="1219744478" role=""/>
  <member type="way" ref="1219744479" role=""/>
  <member type="way" ref="382574758" role=""/>
  <member type="way" ref="4702799" role=""/>
  <member type="way" ref="1275552545" role=""/>
  <member type="way" ref="1275552544" role=""/>
  <member type="way" ref="1193139060" role=""/>
  <member type="way" ref="1189099669" role=""/>
  <member type="way" ref="1066950447" role=""/>
  <member type="way" ref="28528172" role=""/>
  <member type="way" ref="28528174" role=""/>
  <member type="way" ref="1363519743" role=""/>
  <member type="way" ref="8045611" role=""/>
  <member type="way" ref="1363519742" role=""/>
  <member type="way" ref="33477527" role=""/>
  <member type="way" ref="8098862" role=""/>
  <member type="way" ref="58782923" role=""/>
  <member type="way" ref="4274767" role=""/>
  <member type="way" ref="82758387" role=""/>
  <member type="way" ref="82758402" role=""/>
  <member type="way" ref="33477321" role=""/>
  <member type="way" ref="4303999" role=""/>
  <member type="way" ref="801902560" role=""/>
  <member type="way" ref="33477278" role=""/>
  <member type="way" ref="5889767" role=""/>
  <member type="way" ref="33477234" role=""/>
  <member type="way" ref="209190693" role=""/>
  <member type="way" ref="48374799" role=""/>
  <member type="way" ref="209190694" role=""/>
  <member type="way" ref="48374800" role=""/>
  <member type="way" ref="26201445" role=""/>
  <member type="way" ref="5889761" role=""/>
  <member type="way" ref="5889758" role=""/>
  <member type="way" ref="5889756" role=""/>
  <member type="way" ref="33477121" role=""/>
  <member type="way" ref="709277156" role=""/>
  <member type="way" ref="1020779432" role=""/>
  <member type="way" ref="5889754" role=""/>
  <member type="way" ref="33477031" role=""/>
  <member type="way" ref="23124339" role=""/>
  <member type="way" ref="5889752" role=""/>
  <member type="way" ref="33477000" role=""/>
  <member type="way" ref="5888042" role=""/>
  <member type="way" ref="5888041" role=""/>
  <member type="way" ref="5888040" role=""/>
  <member type="way" ref="957122909" role=""/>
  <member type="way" ref="33469400" role=""/>
  <member type="way" ref="22920764" role=""/>
  <member type="way" ref="1278725338" role=""/>
  <member type="way" ref="23307793" role=""/>
  <member type="way" ref="917133401" role=""/>
  <member type="way" ref="23307825" role=""/>
  <member type="way" ref="917133405" role=""/>
  <member type="way" ref="23307828" role=""/>
  <member type="way" ref="24851148" role=""/>
  <member type="way" ref="1264814559" role=""/>
  <member type="way" ref="52072545" role=""/>
  <member type="way" ref="26071837" role=""/>
  <member type="way" ref="33462333" role=""/>
  <member type="way" ref="52072804" role=""/>
  <member type="way" ref="18670496" role=""/>
  <member type="way" ref="16246794" role=""/>
  <member type="way" ref="16246722" role=""/>
  <member type="way" ref="33462425" role=""/>
  <member type="way" ref="58777785" role=""/>
  <member type="way" ref="1062655748" role=""/>
  <member type="way" ref="16244894" role=""/>
  <member type="way" ref="23395567" role=""/>
  <member type="way" ref="1413196062" role=""/>
  <member type="way" ref="33462478" role=""/>
  <member type="way" ref="33462562" role=""/>
  <member type="way" ref="146818296" role=""/>
  <member type="way" ref="146818294" role=""/>
  <member type="way" ref="33471251" role=""/>
  <member type="way" ref="33471386" role=""/>
  <member type="way" ref="156466154" role=""/>
  <member type="way" ref="924428386" role=""/>
  <member type="way" ref="924428387" role=""/>
  <member type="way" ref="531466708" role=""/>
  <member type="way" ref="36731517" role=""/>
  <member type="way" ref="67198497" role=""/>
  <member type="way" ref="36192657" role=""/>
  <member type="way" ref="23086449" role=""/>
  <member type="way" ref="23063680" role=""/>
  <member type="way" ref="382767332" role=""/>
  <member type="way" ref="23063655" role=""/>
  <member type="way" ref="136440431" role=""/>
  <member type="way" ref="97406551" role=""/>
  <member type="way" ref="23086314" role=""/>
  <member type="way" ref="23205471" role=""/>
  <member type="way" ref="33475287" role=""/>
  <member type="way" ref="24212270" role=""/>
  <member type="way" ref="266008439" role=""/>
  <member type="way" ref="159630477" role=""/>
  <member type="way" ref="1097461741" role=""/>
  <member type="way" ref="1046448217" role=""/>
  <member type="way" ref="33476155" role=""/>
  <member type="way" ref="33476203" role=""/>
  <member type="way" ref="33476252" role=""/>
  <tag k="ascent" v="302"/>
  <tag k="check_date" v="2024_27-04"/>
  <tag k="distance" v="24.8"/>
  <tag k="fixme" v="eventuell auch Hinweis, ob die Ausschilderung unabhängig von der regulären Radwegweisung ist. Ich habe keine Routeneinschübe auf einem Teilstück gesehen."/>
  <tag k="name" v="Safari von Zoo zu Zoo"/>
  <tag k="network" v="lcn"/>
  <tag k="operator" v="Regionalpark RheinMain"/>
  <tag k="ref" v="Safari"/>
  <tag k="roundtrip" v="no"/>
  <tag k="route" v="bicycle"/>
  <tag k="symbol" v="Oberer Teil Zebramuster darunter Safari mit dreiteiligem roten Dreieck."/>
  <tag k="type" v="route"/>
 </relation>
 <relation id="7525391" visible="true" version="114" changeset="159453959" timestamp="2024-11-22T11:09:19Z" user="Senihtu" uid="18511019">
  <member type="relation" ref="18316908" role=""/>
  <member type="relation" ref="18316906" role=""/>
  <member type="relation" ref="18316907" role=""/>
  <tag k="alt_name" v="Frankfurter Elisabethpfad"/>
  <tag k="description" v="Elisabethpfad Frankfurt - Marburg"/>
  <tag k="name" v="Elisabethpfad 1"/>
  <tag k="network" v="rwn"/>
  <tag k="note" v="Der ursprünglich erstellte Elisabethpfad Kloster Altenberg - Marburg (weißes E auf schwarzem Grund) ist zum Teil in diesen später enstandenen Elisabethpfad Frankfurt - Marburg integriert. Teilweise ist der Verlauf jedoch unterschiedlich."/>
  <tag k="osmc:symbol" v="red:red:red_rectangle:E:white"/>
  <tag k="ref" v="E"/>
  <tag k="route" v="hiking"/>
  <tag k="symbol" v="weißes E auf rotem Grund und einer stilisierten Elisabeth-Darstellung"/>
  <tag k="type" v="superroute"/>
  <tag k="website" v="https://www.elisabethpfad.de/home/"/>
  <tag k="wikidata" v="Q1330574"/>
  <tag k="wikipedia" v="de:Elisabethpfad"/>
 </relation>
 <relation id="17577467" visible="true" version="2" changeset="151122955" timestamp="2024-05-09T23:52:17Z" user="frankfurtmapper" uid="21338930">
  <member type="way" ref="1281223305" role="inner"/>
  <member type="way" ref="1281173969" role="outer"/>
  <member type="way" ref="1281223308" role="inner"/>
  <member type="way" ref="1281319393" role="inner"/>
  <member type="way" ref="1281319395" role="inner"/>
  <member type="way" ref="1281319396" role="inner"/>
  <tag k="dog" v="leashed"/>
  <tag k="leisure" v="park"/>
  <tag k="name" v="Campus Westend"/>
  <tag k="opening_hours" v="24/7"/>
  <tag k="operator" v="Johann-Wolfgang-Goethe-Universität Frankfurt am Main"/>
  <tag k="operator:type" v="university"/>
  <tag k="type" v="multipolygon"/>
 </relation>
 <relation id="17991861" visible="true" version="8" changeset="164745319" timestamp="2025-04-09T22:54:37Z" user="geisthugo123" uid="3301036">
  <member type="way" ref="26792998" role=""/>
  <member type="way" ref="26792997" role=""/>
  <member type="way" ref="519661319" role=""/>
  <member type="way" ref="519661321" role=""/>
  <member type="way" ref="520073426" role=""/>
  <member type="way" ref="520073424" role=""/>
  <member type="way" ref="425042087" role=""/>
  <member type="way" ref="5197125" role=""/>
  <member type="way" ref="1376334003" role=""/>
  <member type="way" ref="28302199" role=""/>
  <member type="way" ref="1376331019" role=""/>
  <member type="way" ref="49652769" role=""/>
  <member type="way" ref="268047564" role=""/>
  <member type="way" ref="4817342" role=""/>
  <member type="way" ref="28301737" role=""/>
  <member type="way" ref="4769405" role=""/>
  <member type="way" ref="1195368666" role=""/>
  <member type="way" ref="1195368667" role=""/>
  <member type="way" ref="28301616" role=""/>
  <member type="way" ref="28301615" role=""/>
  <member type="way" ref="1183502943" role=""/>
  <member type="way" ref="1112310870" role=""/>
  <member type="way" ref="28301613" role=""/>
  <member type="way" ref="1112310869" role=""/>
  <member type="way" ref="1112310868" role=""/>
  <member type="way" ref="28301621" role=""/>
  <member type="way" ref="141409537" role=""/>
  <member type="way" ref="141409538" role=""/>
  <member type="way" ref="4804397" role=""/>
  <member type="way" ref="4778781" role=""/>
  <member type="way" ref="1361973233" role=""/>
  <member type="way" ref="1295487721" role=""/>
  <member type="way" ref="1346629000" role=""/>
  <member type="way" ref="32604023" role=""/>
  <member type="way" ref="1346629002" role=""/>
  <member type="way" ref="32604021" role=""/>
  <member type="way" ref="520073419" role=""/>
  <member type="way" ref="23944452" role=""/>
  <member type="way" ref="35145524" role=""/>
  <member type="way" ref="520073415" role=""/>
  <member type="way" ref="28301608" role=""/>
  <member type="way" ref="4719955" role=""/>
  <member type="way" ref="23578321" role=""/>
  <member type="way" ref="59877260" role=""/>
  <member type="way" ref="28301607" role=""/>
  <member type="way" ref="4719953" role=""/>
  <member type="way" ref="520073413" role=""/>
  <member type="way" ref="520073410" role=""/>
  <member type="way" ref="73390227" role=""/>
  <member type="way" ref="520073406" role=""/>
  <member type="way" ref="1302092475" role=""/>
  <member type="way" ref="28301606" role=""/>
  <member type="way" ref="28301605" role=""/>
  <member type="way" ref="1285591501" role=""/>
  <member type="way" ref="1285591500" role=""/>
  <member type="way" ref="1285591499" role=""/>
  <member type="way" ref="1285592167" role=""/>
  <member type="way" ref="28301604" role=""/>
  <member type="way" ref="28301602" role=""/>
  <member type="way" ref="1285239034" role=""/>
  <member type="way" ref="1285239035" role=""/>
  <member type="way" ref="28301601" role=""/>
  <member type="way" ref="743270499" role=""/>
  <member type="way" ref="743270500" role=""/>
  <member type="way" ref="28301599" role=""/>
  <member type="way" ref="4720149" role=""/>
  <member type="way" ref="743133918" role=""/>
  <member type="way" ref="4723614" role=""/>
  <member type="way" ref="4723613" role=""/>
  <member type="way" ref="4723612" role=""/>
  <member type="way" ref="4723611" role=""/>
  <member type="way" ref="28301595" role=""/>
  <member type="way" ref="28301593" role=""/>
  <member type="way" ref="43555111" role=""/>
  <member type="way" ref="28301594" role=""/>
  <member type="way" ref="1218788144" role=""/>
  <member type="way" ref="1346612386" role=""/>
  <member type="way" ref="28301590" role=""/>
  <member type="way" ref="4816684" role=""/>
  <member type="way" ref="1308426032" role=""/>
  <member type="way" ref="4712785" role=""/>
  <member type="way" ref="1308426031" role=""/>
  <member type="way" ref="4747130" role=""/>
  <member type="way" ref="849920263" role=""/>
  <member type="way" ref="849920261" role=""/>
  <member type="way" ref="376071773" role=""/>
  <member type="way" ref="849920262" role=""/>
  <member type="way" ref="28301191" role=""/>
  <member type="way" ref="28301192" role=""/>
  <member type="way" ref="1051957648" role=""/>
  <member type="way" ref="1051957647" role=""/>
  <member type="way" ref="25963101" role=""/>
  <member type="way" ref="1308294156" role=""/>
  <member type="way" ref="4747126" role=""/>
  <member type="way" ref="520073391" role=""/>
  <member type="way" ref="520073387" role=""/>
  <member type="way" ref="376071275" role=""/>
  <member type="way" ref="520073383" role=""/>
  <member type="way" ref="215524570" role=""/>
  <member type="way" ref="24379780" role=""/>
  <member type="way" ref="743798939" role=""/>
  <member type="way" ref="24379781" role=""/>
  <member type="way" ref="28144489" role=""/>
  <member type="way" ref="845116789" role=""/>
  <member type="way" ref="28144488" role=""/>
  <member type="way" ref="25511505" role=""/>
  <member type="way" ref="25511509" role=""/>
  <member type="way" ref="25511508" role=""/>
  <member type="way" ref="4706492" role=""/>
  <member type="way" ref="369461307" role=""/>
  <member type="way" ref="24154555" role=""/>
  <member type="way" ref="28145144" role=""/>
  <member type="way" ref="4711039" role=""/>
  <member type="way" ref="369461309" role=""/>
  <member type="way" ref="369461305" role=""/>
  <member type="way" ref="1292300202" role=""/>
  <member type="way" ref="118193099" role=""/>
  <member type="way" ref="4711026" role=""/>
  <member type="way" ref="28145138" role=""/>
  <member type="way" ref="4826399" role=""/>
  <member type="way" ref="1066535158" role=""/>
  <member type="way" ref="4826400" role=""/>
  <member type="way" ref="1307996640" role=""/>
  <member type="way" ref="4711018" role=""/>
  <member type="way" ref="8044115" role=""/>
  <member type="way" ref="39923829" role=""/>
  <member type="way" ref="39923828" role=""/>
  <member type="way" ref="23909786" role=""/>
  <member type="way" ref="39640129" role=""/>
  <member type="way" ref="39640131" role=""/>
  <member type="way" ref="729375897" role=""/>
  <member type="way" ref="23909787" role=""/>
  <member type="way" ref="4744717" role=""/>
  <member type="way" ref="4744716" role=""/>
  <member type="way" ref="28145015" role=""/>
  <member type="way" ref="28145014" role=""/>
  <member type="way" ref="382347465" role=""/>
  <member type="way" ref="257722159" role=""/>
  <member type="way" ref="4223098" role=""/>
  <member type="way" ref="29065631" role=""/>
  <member type="way" ref="28145010" role=""/>
  <member type="way" ref="388667247" role=""/>
  <member type="way" ref="388667250" role=""/>
  <member type="way" ref="1080867769" role=""/>
  <member type="way" ref="1296086130" role=""/>
  <member type="way" ref="287375746" role=""/>
  <member type="way" ref="1296086936" role=""/>
  <member type="way" ref="26497719" role=""/>
  <member type="way" ref="61723117" role=""/>
  <member type="way" ref="755967410" role=""/>
  <member type="way" ref="59851640" role=""/>
  <member type="way" ref="755967406" role=""/>
  <member type="way" ref="755967403" role=""/>
  <member type="way" ref="61723115" role=""/>
  <member type="way" ref="1001143041" role=""/>
  <member type="way" ref="28145005" role=""/>
  <member type="way" ref="168858489" role=""/>
  <member type="way" ref="1080862091" role=""/>
  <member type="way" ref="192056812" role=""/>
  <member type="way" ref="5734609" role=""/>
  <member type="way" ref="5734607" role=""/>
  <member type="way" ref="49588370" role=""/>
  <member type="way" ref="1056610257" role=""/>
  <member type="way" ref="490542491" role=""/>
  <member type="way" ref="22662482" role=""/>
  <member type="way" ref="1333172000" role=""/>
  <member type="way" ref="1055962140" role=""/>
  <member type="way" ref="24561272" role=""/>
  <member type="way" ref="1080510591" role=""/>
  <member type="way" ref="1053010390" role=""/>
  <member type="way" ref="192053896" role=""/>
  <member type="way" ref="1080510589" role=""/>
  <member type="way" ref="1053008660" role=""/>
  <member type="way" ref="1053008658" role=""/>
  <member type="way" ref="1053008661" role=""/>
  <member type="way" ref="1053008657" role=""/>
  <member type="way" ref="1053008663" role=""/>
  <member type="way" ref="28144497" role=""/>
  <member type="way" ref="28144495" role=""/>
  <member type="way" ref="28144493" role=""/>
  <member type="way" ref="1052941246" role=""/>
  <member type="way" ref="1052945000" role=""/>
  <member type="way" ref="1052945004" role=""/>
  <member type="way" ref="4826511" role=""/>
  <member type="way" ref="24860243" role=""/>
  <member type="way" ref="243212173" role=""/>
  <member type="way" ref="1151527954" role=""/>
  <member type="way" ref="1151527953" role=""/>
  <member type="way" ref="218922013" role=""/>
  <member type="way" ref="83115619" role=""/>
  <member type="way" ref="34080919" role=""/>
  <member type="way" ref="189374028" role=""/>
  <member type="way" ref="27942934" role=""/>
  <member type="way" ref="709795696" role=""/>
  <member type="way" ref="177142918" role=""/>
  <member type="way" ref="177142916" role=""/>
  <member type="way" ref="83115615" role=""/>
  <member type="way" ref="27942841" role=""/>
  <member type="way" ref="155787044" role=""/>
  <member type="way" ref="155784632" role=""/>
  <member type="way" ref="83115620" role=""/>
  <member type="way" ref="142431417" role=""/>
  <member type="way" ref="155784634" role=""/>
  <member type="way" ref="4554225" role=""/>
  <member type="way" ref="5109236" role=""/>
  <member type="way" ref="1305212354" role=""/>
  <member type="way" ref="1310060379" role=""/>
  <member type="way" ref="430057764" role=""/>
  <member type="way" ref="430057763" role=""/>
  <member type="way" ref="1305212341" role=""/>
  <member type="way" ref="430057765" role=""/>
  <member type="way" ref="1305212342" role=""/>
  <member type="way" ref="1305212343" role=""/>
  <member type="way" ref="371202380" role=""/>
  <member type="way" ref="1305212311" role=""/>
  <member type="way" ref="1305212310" role=""/>
  <member type="way" ref="371199988" role=""/>
  <member type="way" ref="1305212335" role=""/>
  <member type="way" ref="1305212326" role=""/>
  <member type="way" ref="120596956" role=""/>
  <member type="way" ref="1305212327" role=""/>
  <member type="way" ref="1305212305" role=""/>
  <member type="way" ref="1305212323" role=""/>
  <member type="way" ref="954358861" role=""/>
  <member type="way" ref="461665297" role=""/>
  <member type="way" ref="1041438648" role=""/>
  <member type="way" ref="1041438649" role=""/>
  <member type="way" ref="62905948" role=""/>
  <member type="way" ref="1041438640" role=""/>
  <member type="way" ref="1041438646" role=""/>
  <member type="way" ref="1041438645" role=""/>
  <member type="way" ref="1041438641" role=""/>
  <tag k="description" v="Marsberg - Edersee - Kellerwald - Marburg - Grünberg - Bad Nauheim - Frankfurt - Darmstadt - Neckarsteinach"/>
  <tag k="from" v="Oberursel-Weißkirchen"/>
  <tag k="name" v="Hessenweg 4 (Teilstrecke Oberursel-Weißkirchen - Frankfurt-Süd)"/>
  <tag k="network" v="nwn"/>
  <tag k="operator" v="Wanderverband Hessen"/>
  <tag k="osmc:status" v="incomplete"/>
  <tag k="osmc:symbol" v="red:red_frame: :H4:red"/>
  <tag k="ref" v="H4"/>
  <tag k="roundtrip" v="no"/>
  <tag k="route" v="hiking"/>
  <tag k="symbol" v="schwarzer Text &quot;Hessenweg&quot; mit roter 4 und rotem Hessenlöwen auf weißem Grund"/>
  <tag k="to" v="Frankfurt-Süd"/>
  <tag k="type" v="route"/>
  <tag k="website" v="https://www.wanderverband-hessen.de/hessenwege.htm"/>
  <tag k="wiki:symbol" v="https://upload.wikimedia.org/wikipedia/commons/e/e7/Hessenweg4.svg"/>
 </relation>
 <relation id="18316908" visible="true" version="6" changeset="164745319" timestamp="2025-04-09T22:54:37Z" user="geisthugo123" uid="3301036">
  <member type="way" ref="520073370" role=""/>
  <member type="way" ref="1332883017" role=""/>
  <member type="way" ref="975396454" role=""/>
  <member type="way" ref="975395205" role=""/>
  <member type="way" ref="262234426" role=""/>
  <member type="way" ref="156298630" role=""/>
  <member type="way" ref="504597520" role=""/>
  <member type="way" ref="51664681" role=""/>
  <member type="way" ref="709795693" role=""/>
  <member type="way" ref="218922013" role=""/>
  <member type="way" ref="1151527953" role=""/>
  <member type="way" ref="1151527954" role=""/>
  <member type="way" ref="243212173" role=""/>
  <member type="way" ref="24860243" role=""/>
  <member type="way" ref="4826511" role=""/>
  <member type="way" ref="1052945004" role=""/>
  <member type="way" ref="1052945000" role=""/>
  <member type="way" ref="1052941246" role=""/>
  <member type="way" ref="28144493" role=""/>
  <member type="way" ref="28144495" role=""/>
  <member type="way" ref="28144497" role=""/>
  <member type="way" ref="1053008663" role=""/>
  <member type="way" ref="1053008657" role=""/>
  <member type="way" ref="1053008661" role=""/>
  <member type="way" ref="1053008658" role=""/>
  <member type="way" ref="1053008660" role=""/>
  <member type="way" ref="1080510589" role=""/>
  <member type="way" ref="192053896" role=""/>
  <member type="way" ref="1053010390" role=""/>
  <member type="way" ref="1080510591" role=""/>
  <member type="way" ref="24561272" role=""/>
  <member type="way" ref="1055962140" role=""/>
  <member type="way" ref="1333172000" role=""/>
  <member type="way" ref="22662482" role=""/>
  <member type="way" ref="490542491" role=""/>
  <member type="way" ref="1056610257" role=""/>
  <member type="way" ref="5734606" role=""/>
  <member type="way" ref="5734609" role=""/>
  <member type="way" ref="192056812" role=""/>
  <member type="way" ref="1080862091" role=""/>
  <member type="way" ref="168858489" role=""/>
  <member type="way" ref="28145005" role=""/>
  <member type="way" ref="1001143041" role=""/>
  <member type="way" ref="61723115" role=""/>
  <member type="way" ref="755967403" role=""/>
  <member type="way" ref="755967406" role=""/>
  <member type="way" ref="59851640" role=""/>
  <member type="way" ref="755967410" role=""/>
  <member type="way" ref="61723117" role=""/>
  <member type="way" ref="26497719" role=""/>
  <member type="way" ref="1296086936" role=""/>
  <member type="way" ref="287375746" role=""/>
  <member type="way" ref="1296086130" role=""/>
  <member type="way" ref="1080867769" role=""/>
  <member type="way" ref="388667250" role=""/>
  <member type="way" ref="388667247" role=""/>
  <member type="way" ref="28145010" role=""/>
  <member type="way" ref="29065631" role=""/>
  <member type="way" ref="4223098" role=""/>
  <member type="way" ref="257722159" role=""/>
  <member type="way" ref="382347465" role=""/>
  <member type="way" ref="28145014" role=""/>
  <member type="way" ref="28145015" role=""/>
  <member type="way" ref="4744716" role=""/>
  <member type="way" ref="4744717" role=""/>
  <member type="way" ref="23909787" role=""/>
  <member type="way" ref="729375897" role=""/>
  <member type="way" ref="39640131" role=""/>
  <member type="way" ref="39640129" role=""/>
  <member type="way" ref="23909786" role=""/>
  <member type="way" ref="39923828" role=""/>
  <member type="way" ref="39923829" role=""/>
  <member type="way" ref="8044115" role=""/>
  <member type="way" ref="4711018" role=""/>
  <member type="way" ref="1307996640" role=""/>
  <member type="way" ref="4826400" role=""/>
  <member type="way" ref="1066535158" role=""/>
  <member type="way" ref="4826399" role=""/>
  <member type="way" ref="28145138" role=""/>
  <member type="way" ref="4711026" role=""/>
  <member type="way" ref="118193099" role=""/>
  <member type="way" ref="1292300202" role=""/>
  <member type="way" ref="369461305" role=""/>
  <member type="way" ref="369461309" role=""/>
  <member type="way" ref="4711039" role=""/>
  <member type="way" ref="28145144" role=""/>
  <member type="way" ref="24154555" role=""/>
  <member type="way" ref="369461307" role=""/>
  <member type="way" ref="4706492" role=""/>
  <member type="way" ref="25511508" role=""/>
  <member type="way" ref="25511509" role=""/>
  <member type="way" ref="25511505" role=""/>
  <member type="way" ref="28144488" role=""/>
  <member type="way" ref="845116789" role=""/>
  <member type="way" ref="28144489" role=""/>
  <member type="way" ref="24379781" role=""/>
  <member type="way" ref="743798939" role=""/>
  <member type="way" ref="24379780" role=""/>
  <member type="way" ref="215524570" role=""/>
  <member type="way" ref="520073383" role=""/>
  <member type="way" ref="376071275" role=""/>
  <member type="way" ref="520073387" role=""/>
  <member type="way" ref="520073391" role=""/>
  <member type="way" ref="520073399" role=""/>
  <member type="way" ref="4805302" role=""/>
  <member type="way" ref="25963102" role=""/>
  <member type="way" ref="1051957647" role=""/>
  <member type="way" ref="1051957648" role=""/>
  <member type="way" ref="28301192" role=""/>
  <member type="way" ref="28301191" role=""/>
  <member type="way" ref="849920262" role=""/>
  <member type="way" ref="376071773" role=""/>
  <member type="way" ref="849920261" role=""/>
  <member type="way" ref="849920263" role=""/>
  <member type="way" ref="4747130" role=""/>
  <member type="way" ref="1308426031" role=""/>
  <member type="way" ref="4712785" role=""/>
  <member type="way" ref="1308426032" role=""/>
  <member type="way" ref="28301591" role=""/>
  <member type="way" ref="1346612386" role=""/>
  <member type="way" ref="1218788144" role=""/>
  <member type="way" ref="28301594" role=""/>
  <member type="way" ref="43555111" role=""/>
  <member type="way" ref="28301593" role=""/>
  <member type="way" ref="28301595" role=""/>
  <member type="way" ref="4723611" role=""/>
  <member type="way" ref="4723612" role=""/>
  <member type="way" ref="4723613" role=""/>
  <member type="way" ref="4723614" role=""/>
  <member type="way" ref="743133918" role=""/>
  <member type="way" ref="4720149" role=""/>
  <member type="way" ref="28301599" role=""/>
  <member type="way" ref="743270500" role=""/>
  <member type="way" ref="743270499" role=""/>
  <member type="way" ref="28301601" role=""/>
  <member type="way" ref="1285239035" role=""/>
  <member type="way" ref="1285239034" role=""/>
  <member type="way" ref="28301602" role=""/>
  <member type="way" ref="28301604" role=""/>
  <member type="way" ref="1285592167" role=""/>
  <member type="way" ref="1285591499" role=""/>
  <member type="way" ref="1285591500" role=""/>
  <member type="way" ref="1285591501" role=""/>
  <member type="way" ref="28301605" role=""/>
  <member type="way" ref="28301606" role=""/>
  <member type="way" ref="1302092475" role=""/>
  <member type="way" ref="520073406" role=""/>
  <member type="way" ref="73390227" role=""/>
  <member type="way" ref="520073410" role=""/>
  <member type="way" ref="520073413" role=""/>
  <member type="way" ref="4719953" role=""/>
  <member type="way" ref="28301607" role=""/>
  <member type="way" ref="59877260" role=""/>
  <member type="way" ref="23578321" role=""/>
  <member type="way" ref="4719955" role=""/>
  <member type="way" ref="28301608" role=""/>
  <member type="way" ref="520073415" role=""/>
  <member type="way" ref="520073417" role=""/>
  <member type="way" ref="32603857" role=""/>
  <member type="way" ref="134273978" role=""/>
  <member type="way" ref="32604021" role=""/>
  <member type="way" ref="1346629002" role=""/>
  <member type="way" ref="32604023" role=""/>
  <member type="way" ref="1346629000" role=""/>
  <member type="way" ref="1295487721" role=""/>
  <member type="way" ref="1361973233" role=""/>
  <member type="way" ref="4778781" role=""/>
  <member type="way" ref="4804397" role=""/>
  <member type="way" ref="141409538" role=""/>
  <member type="way" ref="141409537" role=""/>
  <member type="way" ref="28301621" role=""/>
  <member type="way" ref="1112310868" role=""/>
  <member type="way" ref="1112310869" role=""/>
  <member type="way" ref="28301613" role=""/>
  <member type="way" ref="1112310870" role=""/>
  <member type="way" ref="1183502943" role=""/>
  <member type="way" ref="28301615" role=""/>
  <member type="way" ref="28301616" role=""/>
  <member type="way" ref="1195368667" role=""/>
  <member type="way" ref="1195368666" role=""/>
  <member type="way" ref="4769405" role=""/>
  <member type="way" ref="28301737" role=""/>
  <member type="way" ref="4817342" role=""/>
  <member type="way" ref="268047564" role=""/>
  <member type="way" ref="49652769" role=""/>
  <member type="way" ref="1376331019" role=""/>
  <member type="way" ref="28302199" role=""/>
  <member type="way" ref="1376334003" role=""/>
  <member type="way" ref="5197125" role=""/>
  <member type="way" ref="425042087" role=""/>
  <member type="way" ref="520073424" role=""/>
  <member type="way" ref="520073426" role=""/>
  <member type="way" ref="519661321" role=""/>
  <member type="way" ref="519661319" role=""/>
  <member type="way" ref="26792997" role=""/>
  <member type="way" ref="26792998" role=""/>
  <member type="way" ref="26792999" role=""/>
  <member type="way" ref="28302205" role=""/>
  <member type="way" ref="5070685" role=""/>
  <member type="way" ref="28302206" role=""/>
  <member type="way" ref="28302208" role=""/>
  <member type="way" ref="73055936" role=""/>
  <member type="way" ref="73055933" role=""/>
  <member type="way" ref="28302210" role=""/>
  <member type="way" ref="28302211" role=""/>
  <member type="way" ref="5197231" role=""/>
  <member type="way" ref="5197152" role=""/>
  <member type="way" ref="27243127" role=""/>
  <member type="way" ref="34993365" role=""/>
  <member type="way" ref="28302214" role=""/>
  <member type="way" ref="28302215" role=""/>
  <member type="way" ref="1066517447" role=""/>
  <member type="way" ref="25984178" role=""/>
  <member type="way" ref="28302216" role=""/>
  <member type="way" ref="5197236" role=""/>
  <member type="way" ref="5197237" role=""/>
  <member type="way" ref="5028940" role=""/>
  <member type="way" ref="5197239" role=""/>
  <member type="way" ref="5197240" role=""/>
  <member type="way" ref="5197242" role=""/>
  <member type="way" ref="319361449" role=""/>
  <member type="way" ref="35145336" role=""/>
  <member type="way" ref="1202546044" role=""/>
  <member type="way" ref="55790312" role=""/>
  <member type="way" ref="34993368" role=""/>
  <member type="way" ref="10986607" role=""/>
  <member type="way" ref="5133843" role=""/>
  <member type="way" ref="10986612" role=""/>
  <member type="way" ref="10986614" role=""/>
  <member type="way" ref="10986610" role=""/>
  <member type="way" ref="30479320" role=""/>
  <member type="way" ref="34993369" role=""/>
  <member type="way" ref="38694332" role=""/>
  <member type="way" ref="10991224" role=""/>
  <member type="way" ref="35219049" role=""/>
  <member type="way" ref="28770596" role=""/>
  <member type="way" ref="242645206" role=""/>
  <member type="way" ref="24324112" role=""/>
  <member type="way" ref="29460976" role=""/>
  <member type="way" ref="28771478" role=""/>
  <member type="way" ref="28771481" role=""/>
  <member type="way" ref="223709463" role=""/>
  <member type="way" ref="137339867" role=""/>
  <member type="way" ref="5668503" role=""/>
  <member type="way" ref="38733545" role=""/>
  <member type="way" ref="38733546" role=""/>
  <member type="way" ref="25731977" role=""/>
  <member type="way" ref="748664953" role=""/>
  <member type="way" ref="57941982" role=""/>
  <member type="way" ref="25817300" role=""/>
  <member type="way" ref="1167710976" role=""/>
  <member type="way" ref="5656397" role=""/>
  <member type="way" ref="25817284" role=""/>
  <member type="way" ref="25732514" role=""/>
  <member type="way" ref="25958393" role=""/>
  <member type="way" ref="59093657" role=""/>
  <member type="way" ref="25960337" role=""/>
  <member type="way" ref="31257670" role=""/>
  <member type="way" ref="31257673" role=""/>
  <member type="way" ref="25074410" role=""/>
  <member type="way" ref="219384185" role=""/>
  <member type="way" ref="46109758" role=""/>
  <member type="way" ref="50538577" role=""/>
  <member type="way" ref="50538563" role=""/>
  <member type="way" ref="29174179" role=""/>
  <tag k="alt_name" v="Frankfurter Elisabethpfad"/>
  <tag k="description" v="Elisabethpfad Frankfurt - Marburg"/>
  <tag k="name" v="Elisabethpfad 1 (Teilstrecke Ffm-Sachsenhausen - Hessenpark)"/>
  <tag k="network" v="rwn"/>
  <tag k="note" v="Der ursprünglich erstellte Elisabethpfad Kloster Altenberg - Marburg (weißes E auf schwarzem Grund) ist zum Teil in diesen später enstandenen Elisabethpfad Frankfurt - Marburg integriert. Teilweise ist der Verlauf jedoch unterschiedlich."/>
  <tag k="osmc:symbol" v="red:red:red_rectangle:E:white"/>
  <tag k="ref" v="E"/>
  <tag k="route" v="hiking"/>
  <tag k="symbol" v="weißes E auf rotem Grund und einer stilisierten Elisabeth-Darstellung"/>
  <tag k="type" v="route"/>
  <tag k="website" v="https://www.elisabethpfad.de/home/"/>
  <tag k="wikidata" v="Q1330574"/>
  <tag k="wikipedia" v="de:Elisabethpfad"/>
 </relation>
</osm>
