timestamp,roll_angle,steering_output,final_steer,target_speed,actual_speed_kmh,actual_handlebar_angle,p_term,i_term,d_term,error,stability_factor,pos_x,pos_y,pos_z,yaw,pitch,roll_world,vision_error,vision_steer_command,vision_speed_command,vision_p_term,vision_i_term,vision_d_term,vision_active,vision_mask_coverage
0.010000,0.003,0.032401,0.032401,4.321,0.00,-0.000003,-0.014731,-0.000008,-0.017662,0.000,0.022,-2.008,-31.170,0.389,3.140126,-0.002953,-0.004667,0.000000,0.000000,0.000000,0.000000,0.000000,0.000000,0,0.00
0.020000,0.003,0.026448,0.026448,4.321,1.40,0.003239,-0.012911,-0.000011,-0.013525,0.000,0.018,-2.008,-31.170,0.387,3.140337,-0.002590,-0.006488,0.000000,0.000000,0.000000,0.000000,0.000000,0.000000,0,0.00
0.030000,0.002,0.016709,0.016709,4.321,2.52,0.005560,-0.010394,-0.000014,-0.006301,0.000,0.011,-2.008,-31.170,0.384,3.140331,-0.002089,-0.008309,0.000000,0.000000,0.000000,0.000000,0.000000,0.000000,0,0.00
0.040000,0.001,-0.002356,-0.002356,4.321,3.42,0.006675,-0.006995,-0.000015,0.009366,0.000,0.002,-2.008,-31.169,0.380,3.140043,-0.001415,-0.010122,0.000000,0.000000,0.000000,0.000000,0.000000,0.000000,0,0.00
0.050000,0.000,-0.019282,-0.019282,4.321,4.13,0.005773,-0.002188,-0.000015,0.021485,-0.003,0.013,-2.008,-31.169,0.375,3.139279,-0.000465,-0.011926,0.000000,0.000000,0.000000,0.000000,0.000000,0.000000,0,0.00
0.060000,-0.001,-0.060096,-0.060096,4.321,4.71,0.003268,0.003780,-0.000015,0.056331,-0.003,0.040,-2.008,-31.169,0.369,3.138135,0.000709,-0.013721,0.000000,0.000000,0.000000,0.000000,0.000000,0.000000,0,0.00
0.070000,-0.002,-0.140273,-0.140273,4.321,5.16,-0.003068,0.012365,-0.000014,0.127921,-0.002,0.094,-2.008,-31.168,0.361,3.136074,0.002388,-0.015507,0.000000,0.000000,0.000000,0.000000,0.000000,0.000000,0,0.00
0.080000,-0.005,-0.182643,-0.182643,4.321,5.53,-0.016786,0.025932,-0.000007,0.156719,-0.001,0.122,-2.007,-31.168,0.353,3.132236,0.005026,-0.017285,0.000000,0.000000,0.000000,0.000000,0.000000,0.000000,0,0.00
0.090000,-0.009,-0.262154,-0.262154,4.321,4.39,-0.033371,0.044325,-0.000001,0.217830,-0.000,0.175,-2.007,-31.166,0.349,3.127847,0.008691,-0.012763,0.000000,0.000000,0.000000,0.000000,0.000000,0.000000,0,0.00
0.100000,-0.014,-0.300000,-0.300000,4.321,4.79,-0.056247,0.069339,0.000015,0.277746,0.001,0.200,-2.006,-31.164,0.346,3.122183,0.013737,-0.006915,0.000000,0.000000,0.000000,0.000000,0.000000,0.000000,0,0.00
0.110000,-0.019,-0.300000,-0.300000,4.321,5.23,-0.080621,0.096467,0.000038,0.331404,0.002,0.200,-2.004,-31.162,0.343,3.116281,0.019302,0.000060,0.000000,0.000000,0.000000,0.000000,0.000000,0.000000,0,0.00
0.120000,-0.023,-0.300000,-0.300000,4.321,5.58,-0.102559,0.113339,0.000050,0.357934,0.005,0.200,-2.004,-31.157,0.343,3.112813,0.022698,0.000667,0.000000,0.000000,0.000000,0.000000,0.000000,0.000000,0,0.00
0.130000,-0.026,-0.300000,-0.300000,4.321,5.87,-0.122303,0.128261,0.000064,0.410138,0.009,0.200,-2.003,-31.151,0.344,3.109924,0.025673,0.000170,0.000000,0.000000,0.000000,0.000000,0.000000,0.000000,0,0.00
0.140000,-0.028,-0.300000,-0.300000,4.321,6.09,-0.140072,0.141450,0.000110,0.359289,0.014,0.200,-2.002,-31.145,0.344,3.107553,0.028298,-0.000366,0.000000,0.000000,0.000000,0.000000,0.000000,0.000000,0,0.00
0.150000,-0.031,-0.300000,-0.300000,4.321,6.27,-0.156065,0.153063,0.000147,0.318118,0.019,0.200,-2.001,-31.139,0.345,3.105647,0.030608,-0.000801,0.000000,0.000000,0.000000,0.000000,0.000000,0.000000,0,0.00
0.160000,-0.033,-0.300000,-0.300000,4.321,6.42,-0.170459,0.163206,0.000162,0.321044,0.023,0.200,-2.001,-31.132,0.346,3.104163,0.032627,-0.001154,0.000000,0.000000,0.000000,0.000000,0.000000,0.000000,0,0.00
0.170000,-0.034,-0.300000,-0.300000,4.321,6.53,-0.183413,0.171962,0.000220,0.235356,0.026,0.200,-2.000,-31.125,0.347,3.103065,0.034369,-0.001449,0.000000,0.000000,0.000000,0.000000,0.000000,0.000000,0,0.00
0.180000,-0.036,-0.300000,-0.300000,4.321,6.63,-0.195072,0.179402,0.000243,0.183222,0.028,0.200,-2.000,-31.118,0.347,3.102323,0.035849,-0.001702,0.000000,0.000000,0.000000,0.000000,0.000000,0.000000,0,0.00
0.190000,-0.037,-0.300000,-0.300000,4.321,6.70,-0.205565,0.185586,0.000281,0.176704,0.031,0.200,-1.999,-31.110,0.347,3.101908,0.037079,-0.001921,0.000000,0.000000,0.000000,0.000000,0.000000,0.000000,0,0.00
0.200000,-0.038,-0.300000,-0.300000,4.321,6.76,-0.215008,0.190570,0.000300,0.178256,0.033,0.200,-1.999,-31.102,0.348,3.101796,0.038070,-0.002110,0.000000,0.000000,0.000000,0.000000,0.000000,0.000000,0,0.00
0.210000,-0.039,-0.300000,-0.300000,4.321,6.81,-0.223508,0.194403,0.000359,0.112560,0.034,0.200,-1.999,-31.094,0.348,3.101963,0.038831,-0.002270,0.000000,0.000000,0.000000,0.000000,0.000000,0.000000,0,0.00
0.220000,-0.039,-0.300000,-0.300000,4.321,6.85,-0.231157,0.197127,0.000391,0.106864,0.036,0.200,-1.998,-31.085,0.348,3.102391,0.039372,-0.002405,0.000000,0.000000,0.000000,0.000000,0.000000,0.000000,0,0.00
0.230000,-0.040,-0.281039,-0.281039,4.321,6.88,-0.238041,0.198782,0.000410,0.081847,0.037,0.187,-1.998,-31.076,0.348,3.103060,0.039700,-0.002517,0.000000,0.000000,0.000000,0.000000,0.000000,0.000000,0,0.00
0.240000,-0.040,-0.259523,-0.259523,4.321,6.90,-0.242342,0.198035,0.000476,0.061012,0.038,0.173,-1.998,-31.067,0.348,3.104312,0.039549,-0.002580,0.000000,0.000000,0.000000,0.000000,0.000000,0.000000,0,0.00
0.250000,-0.039,-0.210737,-0.210737,4.321,6.92,-0.244060,0.194901,0.000506,0.015331,0.039,0.140,-1.998,-31.057,0.348,3.106125,0.038923,-0.002597,0.000000,0.000000,0.000000,0.000000,0.000000,0.000000,0,0.00
0.260000,-0.038,-0.180374,-0.180374,4.321,6.94,-0.240729,0.187615,0.000564,-0.007805,0.039,0.120,-1.998,-31.047,0.348,3.108945,0.037469,-0.002535,0.000000,0.000000,0.000000,0.000000,0.000000,0.000000,0,0.00
0.270000,-0.036,-0.130799,-0.130799,4.321,6.95,-0.234695,0.177988,0.000601,-0.047790,0.040,0.087,-1.998,-31.037,0.348,3.112273,0.035549,-0.002431,0.000000,0.000000,0.000000,0.000000,0.000000,0.000000,0,0.00
0.280000,-0.033,0.000976,0.000976,4.321,6.96,-0.224306,0.164905,0.000614,-0.166495,0.040,0.001,-1.999,-31.027,0.348,3.116391,0.032940,-0.002272,0.000000,0.000000,0.000000,0.000000,0.000000,0.000000,0,0.00
0.290000,-0.029,0.063014,0.063014,4.321,6.97,-0.204422,0.144803,0.000657,-0.208474,0.039,0.042,-2.000,-31.016,0.348,3.122213,0.028931,-0.002014,0.000000,0.000000,0.000000,0.000000,0.000000,0.000000,0,0.00
0.300000,-0.024,0.186799,0.186799,4.321,6.97,-0.177681,0.119925,0.000674,-0.307398,0.038,0.125,-2.001,-31.004,0.348,3.129116,0.023968,-0.001717,0.000000,0.000000,0.000000,0.000000,0.000000,0.000000,0,0.00
0.310000,-0.018,0.300000,0.300000,4.321,6.98,-0.141883,0.089004,0.000681,-0.549205,0.036,0.200,-2.002,-30.993,0.348,3.137416,0.017796,-0.001400,0.000000,0.000000,0.000000,0.000000,0.000000,0.000000,0,0.00
0.320000,-0.011,0.300000,0.300000,4.321,6.98,-0.097702,0.052939,0.000698,-0.590644,0.033,0.200,-2.004,-30.981,0.348,-3.136324,0.010594,-0.001122,0.000000,0.000000,0.000000,0.000000,0.000000,0.000000,0,0.00
0.330000,-0.004,0.300000,0.300000,4.321,6.99,-0.057934,0.021195,0.000701,-0.628175,0.029,0.200,-2.005,-30.968,0.348,-3.128210,0.004252,-0.000977,0.000000,0.000000,0.000000,0.000000,0.000000,0.000000,0,0.00
0.340000,0.001,0.300000,0.300000,4.321,6.99,-0.022145,-0.006649,0.000701,-0.778463,0.024,0.200,-2.007,-30.956,0.348,-3.121271,-0.001311,-0.000929,0.000000,0.000000,0.000000,0.000000,0.000000,0.000000,0,0.00
0.350000,0.006,0.300000,0.300000,4.321,6.99,0.010081,-0.030941,0.000693,-0.726385,0.018,0.200,-2.008,-30.943,0.348,-3.115384,-0.006165,-0.000948,0.000000,0.000000,0.000000,0.000000,0.000000,0.000000,0,0.00
0.360000,0.010,0.300000,0.300000,4.321,6.99,0.039066,-0.051973,0.000682,-0.532997,0.011,0.200,-2.010,-30.929,0.348,-3.110446,-0.010368,-0.001012,0.000000,0.000000,0.000000,0.000000,0.000000,0.000000,0,0.00
0.370000,0.014,0.300000,0.300000,4.321,6.99,0.065158,-0.070014,0.000665,-0.512213,0.004,0.200,-2.011,-30.915,0.348,-3.106361,-0.013973,-0.001105,0.000000,0.000000,0.000000,0.000000,0.000000,0.000000,0,0.00
0.380000,0.017,0.300000,0.300000,4.321,6.99,0.088642,-0.085264,0.000652,-0.431280,-0.001,0.200,-2.012,-30.901,0.348,-3.103053,-0.017019,-0.001214,0.000000,0.000000,0.000000,0.000000,0.000000,0.000000,0,0.00
0.390000,0.020,0.300000,0.300000,4.321,6.99,0.109778,-0.097910,0.000641,-0.308684,-0.006,0.200,-2.013,-30.886,0.348,-3.100452,-0.019545,-0.001329,0.000000,0.000000,0.000000,0.000000,0.000000,0.000000,0,0.00
0.400000,0.022,0.300000,0.300000,4.321,7.00,0.128800,-0.108118,0.000616,-0.276436,-0.010,0.200,-2.014,-30.871,0.348,-3.098496,-0.021583,-0.001443,0.000000,0.000000,0.000000,0.000000,0.000000,0.000000,0,0.00
0.410000,0.023,0.300000,0.300000,4.321,7.00,0.145920,-0.116033,0.000593,-0.238237,-0.014,0.200,-2.015,-30.856,0.348,-3.097131,-0.023163,-0.001550,0.000000,0.000000,0.000000,0.000000,0.000000,0.000000,0,0.00
0.420000,0.024,0.300000,0.300000,4.321,7.00,0.161328,-0.121787,0.000581,-0.225875,-0.017,0.200,-2.016,-30.840,0.348,-3.096305,-0.024310,-0.001647,0.000000,0.000000,0.000000,0.000000,0.000000,0.000000,0,0.00
0.430000,0.025,0.300000,0.300000,4.321,7.00,0.175195,-0.125494,0.000571,-0.192879,-0.020,0.200,-2.016,-30.824,0.348,-3.095975,-0.025049,-0.001730,0.000000,0.000000,0.000000,0.000000,0.000000,0.000000,0,0.00
0.440000,0.025,0.252253,0.252253,4.321,7.00,0.187676,-0.127257,0.000533,-0.125529,-0.022,0.168,-2.017,-30.808,0.348,-3.096101,-0.025399,-0.001797,0.000000,0.000000,0.000000,0.000000,0.000000,0.000000,0,0.00
0.450000,0.025,0.207799,0.207799,4.321,7.00,0.194135,-0.123673,0.000511,-0.084637,-0.023,0.139,-2.017,-30.791,0.348,-3.097537,-0.024682,-0.001799,0.000000,0.000000,0.000000,0.000000,0.000000,0.000000,0,0.00
0.460000,0.023,0.151140,0.151140,4.321,7.00,0.195503,-0.115608,0.000486,-0.036018,-0.024,0.101,-2.018,-30.774,0.348,-3.100027,-0.023071,-0.001745,0.000000,0.000000,0.000000,0.000000,0.000000,0.000000,0,0.00
0.470000,0.021,0.071377,0.071377,4.321,7.00,0.191068,-0.102716,0.000457,0.030882,-0.025,0.048,-2.018,-30.757,0.348,-3.103636,-0.020498,-0.001633,0.000000,0.000000,0.000000,0.000000,0.000000,0.000000,0,0.00
0.480000,0.017,-0.043925,-0.043925,4.321,7.00,0.179101,-0.083988,0.000441,0.127471,-0.025,0.029,-2.018,-30.739,0.348,-3.108596,-0.016759,-0.001461,0.000000,0.000000,0.000000,0.000000,0.000000,0.000000,0,0.00
0.490000,0.012,-0.202627,-0.202627,4.321,7.00,0.157997,-0.058619,0.000434,0.260812,-0.025,0.135,-2.017,-30.721,0.348,-3.115082,-0.011695,-0.001243,0.000000,0.000000,0.000000,0.000000,0.000000,0.000000,0,0.00
0.500000,0.005,-0.292660,-0.292660,4.321,7.00,0.127818,-0.027175,0.000426,0.319409,-0.023,0.195,-2.016,-30.703,0.348,-3.122924,-0.005417,-0.001022,0.000000,0.000000,0.000000,0.000000,0.000000,0.000000,0,0.00
0.510000,-0.002,-0.300000,-0.300000,4.321,7.00,0.088596,0.009764,0.000430,0.369004,-0.021,0.200,-2.015,-30.685,0.348,-3.131956,0.001961,-0.000851,0.000000,0.000000,0.000000,0.000000,0.000000,0.000000,0,0.00
0.520000,-0.009,-0.300000,-0.300000,4.321,7.00,0.049740,0.044748,0.000438,0.455014,-0.017,0.200,-2.014,-30.666,0.348,-3.140290,0.008951,-0.000792,0.000000,0.000000,0.000000,0.000000,0.000000,0.000000,0,0.00
0.530000,-0.015,-0.300000,-0.300000,4.321,7.00,0.014772,0.075156,0.000455,0.477211,-0.012,0.200,-2.013,-30.646,0.348,3.135884,0.015027,-0.000828,0.000000,0.000000,0.000000,0.000000,0.000000,0.000000,0,0.00
0.540000,-0.020,-0.300000,-0.300000,4.321,7.00,-0.016715,0.101385,0.000463,0.559887,-0.005,0.200,-2.012,-30.627,0.348,3.130063,0.020270,-0.000833,0.000000,0.000000,0.000000,0.000000,0.000000,0.000000,0,0.00
0.550000,-0.025,-0.300000,-0.300000,4.321,7.00,-0.045040,0.123851,0.000495,0.544680,0.002,0.200,-2.011,-30.608,0.348,3.125297,0.024763,-0.000812,0.000000,0.000000,0.000000,0.000000,0.000000,0.000000,0,0.00
0.560000,-0.029,-0.300000,-0.300000,4.321,7.00,-0.070535,0.142901,0.000522,0.536191,0.009,0.200,-2.011,-30.588,0.348,3.121473,0.028574,-0.000814,0.000000,0.000000,0.000000,0.000000,0.000000,0.000000,0,0.00
0.570000,-0.032,-0.300000,-0.300000,4.321,7.00,-0.093481,0.158839,0.000538,0.519604,0.015,0.200,-2.010,-30.569,0.348,3.118490,0.031762,-0.000849,0.000000,0.000000,0.000000,0.000000,0.000000,0.000000,0,0.00
0.580000,-0.034,-0.300000,-0.300000,4.321,7.00,-0.114133,0.171928,0.000576,0.469714,0.020,0.200,-2.009,-30.549,0.348,3.116261,0.034380,-0.000914,0.000000,0.000000,0.000000,0.000000,0.000000,0.000000,0,0.00
0.590000,-0.036,-0.300000,-0.300000,4.321,7.00,-0.132719,0.182396,0.000623,0.283635,0.025,0.200,-2.009,-30.530,0.348,3.114708,0.036474,-0.000999,0.000000,0.000000,0.000000,0.000000,0.000000,0.000000,0,0.00
0.600000,-0.038,-0.300000,-0.300000,4.321,7.00,-0.149447,0.190446,0.000657,0.255547,0.029,0.200,-2.009,-30.510,0.348,3.113764,0.038083,-0.001095,0.000000,0.000000,0.000000,0.000000,0.000000,0.000000,0,0.00
0.610000,-0.039,-0.300000,-0.300000,4.321,7.00,-0.164503,0.196256,0.000680,0.224140,0.032,0.200,-2.008,-30.491,0.348,3.113368,0.039243,-0.001192,0.000000,0.000000,0.000000,0.000000,0.000000,0.000000,0,0.00
0.620000,-0.040,-0.300000,-0.300000,4.321,7.00,-0.178052,0.199985,0.000753,0.131711,0.034,0.200,-2.008,-30.472,0.348,3.113465,0.039987,-0.001283,0.000000,0.000000,0.000000,0.000000,0.000000,0.000000,0,0.00
0.630000,-0.040,-0.300000,-0.300000,4.321,7.00,-0.190247,0.201775,0.000788,0.100609,0.036,0.200,-2.008,-30.452,0.349,3.114007,0.040344,-0.001364,0.000000,0.000000,0.000000,0.000000,0.000000,0.000000,0,0.00
0.640000,-0.040,-0.276948,-0.276948,4.321,7.00,-0.201222,0.201748,0.000844,0.074356,0.038,0.185,-2.008,-30.433,0.349,3.114950,0.040337,-0.001432,0.000000,0.000000,0.000000,0.000000,0.000000,0.000000,0,0.00
0.650000,-0.040,-0.236046,-0.236046,4.321,7.00,-0.208796,0.198265,0.000892,0.036890,0.039,0.157,-2.008,-30.413,0.349,3.116692,0.039639,-0.001461,0.000000,0.000000,0.000000,0.000000,0.000000,0.000000,0,0.00
0.660000,-0.038,-0.145107,-0.145107,4.321,7.00,-0.211522,0.190375,0.000911,-0.046179,0.040,0.097,-2.009,-30.394,0.349,3.119448,0.038062,-0.001416,0.000000,0.000000,0.000000,0.000000,0.000000,0.000000,0,0.00
0.670000,-0.035,-0.090566,-0.090566,4.321,7.00,-0.204882,0.174858,0.000965,-0.085257,0.040,0.060,-2.009,-30.375,0.349,3.123997,0.034962,-0.001265,0.000000,0.000000,0.000000,0.000000,0.000000,0.000000,0,0.00
0.680000,-0.031,0.001647,0.001647,4.321,7.00,-0.193452,0.155697,0.000993,-0.158337,0.040,0.001,-2.010,-30.355,0.349,3.129312,0.031134,-0.001065,0.000000,0.000000,0.000000,0.000000,0.000000,0.000000,0,0.00
0.690000,-0.026,0.098334,0.098334,4.321,7.00,-0.173944,0.130713,0.001022,-0.230069,0.040,0.066,-2.011,-30.336,0.348,3.135929,0.026141,-0.000801,0.000000,0.000000,0.000000,0.000000,0.000000,0.000000,0,0.00
0.700000,-0.020,0.180178,0.180178,4.321,7.00,-0.146719,0.100704,0.001054,-0.281936,0.038,0.120,-2.012,-30.316,0.348,-3.139553,0.020143,-0.000506,0.000000,0.000000,0.000000,0.000000,0.000000,0.000000,0,0.00
0.710000,-0.014,0.279660,0.279660,4.321,7.00,-0.114032,0.067875,0.001066,-0.348602,0.035,0.186,-2.014,-30.297,0.348,-3.131323,0.013578,-0.000228,0.000000,0.000000,0.000000,0.000000,0.000000,0.000000,0,0.00
0.720000,-0.006,0.300000,0.300000,4.321,7.00,-0.074668,0.031701,0.001074,-0.409215,0.031,0.200,-2.015,-30.278,0.348,-3.122427,0.006341,0.000004,0.000000,0.000000,0.000000,0.000000,0.000000,0.000000,0,0.00
0.730000,0.000,0.300000,0.300000,4.321,7.00,-0.037204,-0.001117,0.001074,-0.427662,0.026,0.200,-2.017,-30.258,0.348,-3.114551,-0.000227,0.000137,0.000000,0.000000,0.000000,0.000000,0.000000,0.000000,0,0.00
0.740000,0.006,0.300000,0.300000,4.321,7.00,-0.003507,-0.029364,0.001065,-0.417942,0.020,0.200,-2.019,-30.239,0.348,-3.107971,-0.005882,0.000176,0.000000,0.000000,0.000000,0.000000,0.000000,0.000000,0,0.00
0.750000,0.011,0.300000,0.300000,4.321,7.00,0.026870,-0.053524,0.001056,-0.446007,0.014,0.200,-2.020,-30.219,0.348,-3.102534,-0.010719,0.000142,0.000000,0.000000,0.000000,0.000000,0.000000,0.000000,0,0.00
0.760000,0.015,0.300000,0.300000,4.321,7.00,0.054181,-0.073995,0.001037,-0.380556,0.006,0.200,-2.021,-30.200,0.348,-3.098114,-0.014816,0.000058,0.000000,0.000000,0.000000,0.000000,0.000000,0.000000,0,0.00
0.770000,0.018,0.300000,0.300000,4.321,7.00,0.078762,-0.091139,0.001009,-0.322855,-0.000,0.200,-2.023,-30.181,0.348,-3.094596,-0.018246,-0.000058,0.000000,0.000000,0.000000,0.000000,0.000000,0.000000,0,0.00
0.780000,0.021,0.300000,0.300000,4.321,7.00,0.100885,-0.105234,0.000976,-0.266979,-0.006,0.200,-2.024,-30.161,0.348,-3.091889,-0.021065,-0.000190,0.000000,0.000000,0.000000,0.000000,0.000000,0.000000,0,0.00
0.790000,0.023,0.300000,0.300000,4.321,7.00,0.120796,-0.116534,0.000955,-0.245378,-0.011,0.200,-2.025,-30.142,0.348,-3.089908,-0.023323,-0.000328,0.000000,0.000000,0.000000,0.000000,0.000000,0.000000,0,0.00
0.800000,0.025,0.300000,0.300000,4.321,7.00,0.138716,-0.125260,0.000942,-0.206480,-0.015,0.200,-2.026,-30.123,0.348,-3.088580,-0.025065,-0.000462,0.000000,0.000000,0.000000,0.000000,0.000000,0.000000,0,0.00
0.810000,0.026,0.298085,0.298085,4.321,7.00,0.154845,-0.131607,0.000898,-0.167376,-0.018,0.199,-2.027,-30.103,0.348,-3.087839,-0.026331,-0.000586,0.000000,0.000000,0.000000,0.000000,0.000000,0.000000,0,0.00
0.820000,0.027,0.286445,0.286445,4.321,7.00,0.169169,-0.135608,0.000880,-0.151717,-0.021,0.191,-2.027,-30.084,0.348,-3.087663,-0.027127,-0.000695,0.000000,0.000000,0.000000,0.000000,0.000000,0.000000,0,0.00
0.830000,0.027,0.261244,0.261244,4.321,7.00,0.180896,-0.136733,0.000844,-0.125355,-0.023,0.174,-2.028,-30.065,0.348,-3.088174,-0.027348,-0.000775,0.000000,0.000000,0.000000,0.000000,0.000000,0.000000,0,0.00
0.840000,0.027,0.212790,0.212790,4.321,7.00,0.188932,-0.134272,0.000806,-0.079324,-0.025,0.142,-2.029,-30.045,0.348,-3.089539,-0.026852,-0.000815,0.000000,0.000000,0.000000,0.000000,0.000000,0.000000,0,0.00
0.850000,0.025,0.131623,0.131623,4.321,7.00,0.191318,-0.126955,0.000781,-0.005449,-0.026,0.088,-2.029,-30.026,0.348,-3.092069,-0.025385,-0.000798,0.000000,0.000000,0.000000,0.000000,0.000000,0.000000,0,0.00
0.860000,0.023,0.071025,0.071025,4.321,7.00,0.185351,-0.113095,0.000752,0.041319,-0.027,0.047,-2.029,-30.006,0.348,-3.096181,-0.022612,-0.000707,0.000000,0.000000,0.000000,0.000000,0.000000,0.000000,0,0.00
0.870000,0.019,-0.056791,-0.056791,4.321,7.00,0.173919,-0.095257,0.000740,0.151309,-0.027,0.038,-2.029,-29.987,0.348,-3.101191,-0.019045,-0.000567,0.000000,0.000000,0.000000,0.000000,0.000000,0.000000,0,0.00
0.880000,0.014,-0.153866,-0.153866,4.321,7.00,0.150851,-0.069347,0.000723,0.222490,-0.027,0.103,-2.028,-29.967,0.348,-3.108158,-0.013865,-0.000364,0.000000,0.000000,0.000000,0.000000,0.000000,0.000000,0,0.00
0.890000,0.008,-0.268969,-0.268969,4.321,7.00,0.120382,-0.039156,0.000715,0.307410,-0.025,0.179,-2.027,-29.948,0.348,-3.116081,-0.007830,-0.000151,0.000000,0.000000,0.000000,0.000000,0.000000,0.000000,0,0.00
0.900000,0.001,-0.300000,-0.300000,4.321,7.00,0.081452,-0.004441,0.000714,0.595399,-0.023,0.200,-2.026,-29.929,0.348,-3.125029,-0.000889,0.000036,0.000000,0.000000,0.000000,0.000000,0.000000,0.000000,0,0.00
0.910000,-0.006,-0.300000,-0.300000,4.321,7.00,0.043311,0.027743,0.000722,0.635721,-0.019,0.200,-2.025,-29.909,0.348,-3.133163,0.005548,0.000146,0.000000,0.000000,0.000000,0.000000,0.000000,0.000000,0,0.00
0.920000,-0.011,-0.300000,-0.300000,4.321,7.00,0.008987,0.055343,0.000729,0.687842,-0.014,0.200,-2.024,-29.890,0.348,-3.139969,0.011069,0.000172,0.000000,0.000000,0.000000,0.000000,0.000000,0.000000,0,0.00
0.930000,-0.016,-0.300000,-0.300000,4.321,7.00,-0.021922,0.078852,0.000746,0.687124,-0.008,0.200,-2.023,-29.870,0.348,3.137579,0.015772,0.000128,0.000000,0.000000,0.000000,0.000000,0.000000,0.000000,0,0.00
0.940000,-0.020,-0.300000,-0.300000,4.321,7.00,-0.049727,0.098691,0.000766,0.659776,-0.001,0.200,-2.022,-29.851,0.348,3.132977,0.019740,0.000033,0.000000,0.000000,0.000000,0.000000,0.000000,0.000000,0,0.00
0.950000,-0.023,-0.300000,-0.300000,4.321,7.00,-0.074753,0.115191,0.000774,0.506358,0.006,0.200,-2.022,-29.832,0.348,3.129300,0.023041,-0.000096,0.000000,0.000000,0.000000,0.000000,0.000000,0.000000,0,0.00
0.960000,-0.026,-0.300000,-0.300000,4.321,7.00,-0.097277,0.128651,0.000806,0.466005,0.011,0.200,-2.021,-29.812,0.348,3.126451,0.025732,-0.000242,0.000000,0.000000,0.000000,0.000000,0.000000,0.000000,0,0.00
0.970000,-0.028,-0.300000,-0.300000,4.321,7.00,-0.117549,0.139328,0.000826,0.370005,0.016,0.200,-2.021,-29.793,0.348,3.124343,0.027867,-0.000393,0.000000,0.000000,0.000000,0.000000,0.000000,0.000000,0,0.00
0.980000,-0.029,-0.300000,-0.300000,4.321,7.00,-0.135794,0.147446,0.000838,0.366283,0.020,0.200,-2.020,-29.773,0.348,3.122901,0.029489,-0.000541,0.000000,0.000000,0.000000,0.000000,0.000000,0.000000,0,0.00
0.990000,-0.031,-0.300000,-0.300000,4.321,7.00,-0.152215,0.153202,0.000869,0.321763,0.023,0.200,-2.020,-29.754,0.348,3.122058,0.030638,-0.000677,0.000000,0.000000,0.000000,0.000000,0.000000,0.000000,0,0.00
1.000000,-0.031,-0.300000,-0.300000,4.321,7.00,-0.166993,0.156770,0.000899,0.175149,0.026,0.200,-2.020,-29.735,0.348,3.121754,0.031349,-0.000798,0.000000,0.000000,0.000000,0.000000,0.000000,0.000000,0,0.00
1.010000,-0.032,-0.300000,-0.300000,4.321,7.00,-0.180294,0.158305,0.000914,0.151356,0.028,0.200,-2.019,-29.715,0.348,3.121936,0.031655,-0.000899,0.000000,0.000000,0.000000,0.000000,0.000000,0.000000,0,0.00
1.020000,-0.032,-0.260876,-0.260876,4.321,7.00,-0.192264,0.157943,0.000926,0.102008,0.029,0.174,-2.019,-29.696,0.349,3.122555,0.031581,-0.000980,0.000000,0.000000,0.000000,0.000000,0.000000,0.000000,0,0.00
1.030000,-0.031,-0.178508,-0.178508,4.321,7.00,-0.199127,0.153005,0.000962,0.024541,0.031,0.119,-2.019,-29.677,0.349,3.124304,0.030593,-0.001002,0.000000,0.000000,0.000000,0.000000,0.000000,0.000000,0,0.00
1.040000,-0.028,-0.089188,-0.089188,4.321,7.00,-0.197067,0.140960,0.000980,-0.052753,0.031,0.059,-2.020,-29.657,0.349,3.127817,0.028186,-0.000937,0.000000,0.000000,0.000000,0.000000,0.000000,0.000000,0,0.00
1.050000,-0.024,0.074141,0.074141,4.321,7.00,-0.186281,0.122407,0.000991,-0.197538,0.032,0.049,-2.021,-29.638,0.348,3.132910,0.024478,-0.000788,0.000000,0.000000,0.000000,0.000000,0.000000,0.000000,0,0.00
1.060000,-0.019,0.189034,0.189034,4.321,7.00,-0.165970,0.097282,0.001011,-0.287327,0.032,0.126,-2.022,-29.618,0.348,3.139577,0.019457,-0.000569,0.000000,0.000000,0.000000,0.000000,0.000000,0.000000,0,0.00
1.070000,-0.013,0.300000,0.300000,4.321,7.00,-0.136499,0.066453,0.001016,-0.523813,0.031,0.200,-2.023,-29.599,0.348,-3.135607,0.013293,-0.000315,0.000000,0.000000,0.000000,0.000000,0.000000,0.000000,0,0.00
1.080000,-0.006,0.300000,0.300000,4.321,7.00,-0.098202,0.030759,0.001026,-0.584216,0.028,0.200,-2.025,-29.579,0.348,-3.126499,0.006154,-0.000072,0.000000,0.000000,0.000000,0.000000,0.000000,0.000000,0,0.00
1.090000,0.001,0.300000,0.300000,4.321,7.00,-0.058386,-0.004079,0.001025,-0.683034,0.024,0.200,-2.027,-29.560,0.348,-3.117782,-0.000818,0.000096,0.000000,0.000000,0.000000,0.000000,0.000000,0.000000,0,0.00
1.100000,0.007,0.300000,0.300000,4.321,7.00,-0.022551,-0.034123,0.001018,-0.636981,0.019,0.200,-2.029,-29.541,0.348,-3.110464,-0.006833,0.000170,0.000000,0.000000,0.000000,0.000000,0.000000,0.000000,0,0.00
1.110000,0.012,0.300000,0.300000,4.321,7.00,0.009715,-0.059895,0.000999,-0.611535,0.013,0.200,-2.030,-29.521,0.348,-3.104375,-0.011994,0.000161,0.000000,0.000000,0.000000,0.000000,0.000000,0.000000,0,0.00
1.120000,0.016,0.300000,0.300000,4.321,7.00,0.038737,-0.081829,0.000975,-0.420077,0.006,0.200,-2.032,-29.502,0.348,-3.099375,-0.016385,0.000089,0.000000,0.000000,0.000000,0.000000,0.000000,0.000000,0,0.00
1.130000,0.020,0.300000,0.300000,4.321,7.00,0.064862,-0.100297,0.000959,-0.418293,-0.001,0.200,-2.033,-29.483,0.348,-3.095341,-0.020081,-0.000024,0.000000,0.000000,0.000000,0.000000,0.000000,0.000000,0,0.00
1.140000,0.023,0.300000,0.300000,4.321,7.00,0.088375,-0.115610,0.000950,-0.383485,-0.007,0.200,-2.034,-29.463,0.348,-3.092170,-0.023144,-0.000163,0.000000,0.000000,0.000000,0.000000,0.000000,0.000000,0,0.00
1.150000,0.026,0.300000,0.300000,4.321,7.00,0.109537,-0.128026,0.000919,-0.329332,-0.012,0.200,-2.035,-29.444,0.348,-3.089773,-0.025626,-0.000311,0.000000,0.000000,0.000000,0.000000,0.000000,0.000000,0,0.00
1.160000,0.028,0.300000,0.300000,4.321,7.00,0.128583,-0.137775,0.000876,-0.295766,-0.016,0.200,-2.036,-29.425,0.348,-3.088071,-0.027573,-0.000460,0.000000,0.000000,0.000000,0.000000,0.000000,0.000000,0,0.00
1.170000,0.029,0.300000,0.300000,4.321,7.00,0.145725,-0.145060,0.000836,-0.264541,-0.020,0.200,-2.037,-29.405,0.348,-3.086994,-0.029027,-0.000601,0.000000,0.000000,0.000000,0.000000,0.000000,0.000000,0,0.00
1.180000,0.030,0.300000,0.300000,4.321,7.00,0.161152,-0.150061,0.000808,-0.209988,-0.023,0.200,-2.038,-29.386,0.348,-3.086479,-0.030022,-0.000728,0.000000,0.000000,0.000000,0.000000,0.000000,0.000000,0,0.00
1.190000,0.031,0.258645,0.258645,4.321,7.00,0.175037,-0.152936,0.000794,-0.106502,-0.026,0.172,-2.039,-29.367,0.348,-3.086470,-0.030592,-0.000838,0.000000,0.000000,0.000000,0.000000,0.000000,0.000000,0,0.00
1.200000,0.030,0.219817,0.219817,4.321,7.00,0.183399,-0.150782,0.000739,-0.069774,-0.028,0.147,-2.040,-29.347,0.348,-3.087692,-0.030157,-0.000892,0.000000,0.000000,0.000000,0.000000,0.000000,0.000000,0,0.00
1.210000,0.029,0.166642,0.166642,4.321,7.00,0.187042,-0.144404,0.000717,-0.022954,-0.029,0.111,-2.040,-29.328,0.348,-3.089908,-0.028878,-0.000889,0.000000,0.000000,0.000000,0.000000,0.000000,0.000000,0,0.00
1.220000,0.027,0.112827,0.112827,4.321,7.00,0.185003,-0.133282,0.000681,0.019774,-0.030,0.075,-2.040,-29.308,0.348,-3.093225,-0.026651,-0.000825,0.000000,0.000000,0.000000,0.000000,0.000000,0.000000,0,0.00
1.230000,0.024,0.033902,0.033902,4.321,7.00,0.177787,-0.118068,0.000656,0.083510,-0.031,0.023,-2.040,-29.289,0.348,-3.097455,-0.023607,-0.000709,0.000000,0.000000,0.000000,0.000000,0.000000,0.000000,0,0.00
1.240000,0.020,-0.061089,-0.061089,4.321,7.00,0.163401,-0.097549,0.000632,0.158006,-0.030,0.041,-2.040,-29.269,0.348,-3.102884,-0.019505,-0.000538,0.000000,0.000000,0.000000,0.000000,0.000000,0.000000,0,0.00
1.250000,0.014,-0.204799,-0.204799,4.321,7.00,0.140954,-0.071474,0.000623,0.275650,-0.029,0.137,-2.040,-29.250,0.348,-3.109550,-0.014292,-0.000330,0.000000,0.000000,0.000000,0.000000,0.000000,0.000000,0,0.00
1.260000,0.008,-0.300000,-0.300000,4.321,7.00,0.109077,-0.039314,0.000619,0.459347,-0.027,0.200,-2.039,-29.231,0.348,-3.117565,-0.007863,-0.000109,0.000000,0.000000,0.000000,0.000000,0.000000,0.000000,0,0.00
1.270000,0.000,-0.300000,-0.300000,4.321,7.00,0.068176,-0.001946,0.000618,0.546995,-0.024,0.200,-2.038,-29.211,0.348,-3.126687,-0.000390,0.000075,0.000000,0.000000,0.000000,0.000000,0.000000,0.000000,0,0.00
1.280000,-0.006,-0.300000,-0.300000,4.321,7.00,0.031361,0.030466,0.000625,0.603164,-0.020,0.200,-2.037,-29.192,0.348,-3.134356,0.006092,0.000161,0.000000,0.000000,0.000000,0.000000,0.000000,0.000000,0,0.00
1.290000,-0.012,-0.300000,-0.300000,4.321,7.00,-0.001819,0.058466,0.000629,0.783045,-0.014,0.200,-2.036,-29.172,0.348,-3.140754,0.011693,0.000159,0.000000,0.000000,0.000000,0.000000,0.000000,0.000000,0,0.00
1.300000,-0.017,-0.300000,-0.300000,4.321,7.00,-0.031596,0.082520,0.000649,0.726755,-0.008,0.200,-2.036,-29.153,0.348,3.137155,0.016505,0.000091,0.000000,0.000000,0.000000,0.000000,0.000000,0.000000,0,0.00
1.310000,-0.021,-0.300000,-0.300000,4.321,7.00,-0.058435,0.103016,0.000661,0.620454,-0.000,0.200,-2.035,-29.134,0.348,3.132876,0.020605,-0.000024,0.000000,0.000000,0.000000,0.000000,0.000000,0.000000,0,0.00
1.320000,-0.024,-0.300000,-0.300000,4.321,7.00,-0.082591,0.120273,0.000673,0.620213,0.006,0.200,-2.035,-29.114,0.348,3.129487,0.024057,-0.000168,0.000000,0.000000,0.000000,0.000000,0.000000,0.000000,0,0.00
1.330000,-0.027,-0.300000,-0.300000,4.321,7.00,-0.104332,0.134576,0.000682,0.651107,0.012,0.200,-2.034,-29.095,0.348,3.126895,0.026917,-0.000326,0.000000,0.000000,0.000000,0.000000,0.000000,0.000000,0,0.00
1.340000,-0.029,-0.300000,-0.300000,4.321,7.00,-0.123898,0.146172,0.000709,0.457410,0.017,0.200,-2.034,-29.075,0.348,3.125019,0.029235,-0.000486,0.000000,0.000000,0.000000,0.000000,0.000000,0.000000,0,0.00
1.350000,-0.031,-0.300000,-0.300000,4.321,7.00,-0.141508,0.155280,0.000744,0.418048,0.021,0.200,-2.034,-29.056,0.348,3.123785,0.031054,-0.000641,0.000000,0.000000,0.000000,0.000000,0.000000,0.000000,0,0.00
1.360000,-0.032,-0.300000,-0.300000,4.321,7.00,-0.157357,0.162089,0.000769,0.341620,0.024,0.200,-2.034,-29.037,0.348,3.123128,0.032415,-0.000785,0.000000,0.000000,0.000000,0.000000,0.000000,0.000000,0,0.00
1.370000,-0.033,-0.300000,-0.300000,4.321,7.00,-0.171622,0.166770,0.000809,0.240771,0.027,0.200,-2.034,-29.017,0.348,3.122992,0.033349,-0.000912,0.000000,0.000000,0.000000,0.000000,0.000000,0.000000,0,0.00
1.380000,-0.034,-0.286311,-0.286311,4.321,7.00,-0.184460,0.169475,0.000844,0.115992,0.029,0.191,-2.034,-28.998,0.348,3.123325,0.033889,-0.001020,0.000000,0.000000,0.000000,0.000000,0.000000,0.000000,0,0.00
1.390000,-0.034,-0.243022,-0.243022,4.321,7.00,-0.194645,0.169301,0.000855,0.072866,0.031,0.162,-2.034,-28.979,0.349,3.124337,0.033853,-0.001098,0.000000,0.000000,0.000000,0.000000,0.000000,0.000000,0,0.00
1.400000,-0.033,-0.198766,-0.198766,4.321,7.00,-0.199484,0.164311,0.000894,0.033561,0.032,0.133,-2.034,-28.959,0.349,3.126494,0.032855,-0.001108,0.000000,0.000000,0.000000,0.000000,0.000000,0.000000,0,0.00
1.410000,-0.031,-0.124427,-0.124427,4.321,7.00,-0.199413,0.155065,0.000919,-0.031557,0.033,0.083,-2.035,-28.940,0.349,3.129631,0.031008,-0.001060,0.000000,0.000000,0.000000,0.000000,0.000000,0.000000,0,0.00
1.420000,-0.028,0.023840,0.023840,4.321,7.00,-0.191916,0.139908,0.000930,-0.164678,0.034,0.016,-2.036,-28.920,0.348,3.134140,0.027979,-0.000935,0.000000,0.000000,0.000000,0.000000,0.000000,0.000000,0,0.00
1.430000,-0.023,0.137336,0.137336,4.321,7.00,-0.172721,0.116056,0.000952,-0.254344,0.034,0.092,-2.037,-28.901,0.348,3.140695,0.023213,-0.000713,0.000000,0.000000,0.000000,0.000000,0.000000,0.000000,0,0.00
1.440000,-0.017,0.271282,0.271282,4.321,7.00,-0.141800,0.084241,0.000968,-0.356491,0.033,0.181,-2.038,-28.881,0.348,-3.134101,0.016853,-0.000429,0.000000,0.000000,0.000000,0.000000,0.000000,0.000000,0,0.00
1.450000,-0.009,0.300000,0.300000,4.321,7.00,-0.100498,0.046268,0.000972,-0.689380,0.031,0.200,-2.040,-28.862,0.348,-3.124346,0.009258,-0.000144,0.000000,0.000000,0.000000,0.000000,0.000000,0.000000,0,0.00
1.460000,-0.002,0.300000,0.300000,4.321,7.00,-0.060451,0.011376,0.000972,-0.952537,0.028,0.200,-2.042,-28.843,0.348,-3.115552,0.002275,0.000053,0.000000,0.000000,0.000000,0.000000,0.000000,0.000000,0,0.00
1.470000,0.004,0.300000,0.300000,4.321,7.00,-0.024410,-0.018545,0.000971,-1.110324,0.023,0.200,-2.044,-28.823,0.348,-3.108165,-0.003716,0.000149,0.000000,0.000000,0.000000,0.000000,0.000000,0.000000,0,0.00
1.480000,0.009,0.300000,0.300000,4.321,7.00,0.008044,-0.044038,0.000959,-1.088386,0.017,0.200,-2.046,-28.804,0.348,-3.102016,-0.008821,0.000160,0.000000,0.000000,0.000000,0.000000,0.000000,0.000000,0,0.00
1.490000,0.013,0.300000,0.300000,4.321,7.00,0.037230,-0.065552,0.000952,-1.122439,0.009,0.200,-2.047,-28.785,0.348,-3.096962,-0.013129,0.000108,0.000000,0.000000,0.000000,0.000000,0.000000,0.000000,0,0.00
1.500000,0.017,0.300000,0.300000,4.321,7.00,0.063506,-0.083473,0.000934,-0.828468,0.002,0.200,-2.049,-28.765,0.348,-3.092882,-0.016716,0.000013,0.000000,0.000000,0.000000,0.000000,0.000000,0.000000,0,0.00
1.510000,0.020,0.300000,0.300000,4.321,7.00,0.087155,-0.098131,0.000927,-0.649900,-0.004,0.200,-2.050,-28.746,0.348,-3.089669,-0.019648,-0.000107,0.000000,0.000000,0.000000,0.000000,0.000000,0.000000,0,0.00
1.520000,0.022,0.300000,0.300000,4.321,7.00,0.108439,-0.109791,0.000900,-0.402229,-0.009,0.200,-2.051,-28.727,0.348,-3.087235,-0.021980,-0.000238,0.000000,0.000000,0.000000,0.000000,0.000000,0.000000,0,0.00
1.530000,0.024,0.300000,0.300000,4.321,7.00,0.127595,-0.118695,0.000874,-0.368662,-0.013,0.200,-2.053,-28.707,0.348,-3.085500,-0.023758,-0.000369,0.000000,0.000000,0.000000,0.000000,0.000000,0.000000,0,0.00
1.540000,0.025,0.300000,0.300000,4.321,7.00,0.144835,-0.125055,0.000801,-0.237782,-0.017,0.200,-2.054,-28.688,0.348,-3.084394,-0.025026,-0.000492,0.000000,0.000000,0.000000,0.000000,0.000000,0.000000,0,0.00
1.550000,0.026,0.300000,0.300000,4.321,7.00,0.160351,-0.129056,0.000787,-0.209181,-0.020,0.200,-2.055,-28.669,0.348,-3.083853,-0.025822,-0.000601,0.000000,0.000000,0.000000,0.000000,0.000000,0.000000,0,0.00
1.560000,0.026,0.221172,0.221172,4.321,7.00,0.174316,-0.130863,0.000747,-0.091056,-0.022,0.147,-2.056,-28.649,0.348,-3.083822,-0.026179,-0.000693,0.000000,0.000000,0.000000,0.000000,0.000000,0.000000,0,0.00
1.570000,0.025,0.146625,0.146625,4.321,7.00,0.179003,-0.124899,0.000734,-0.022460,-0.024,0.098,-2.056,-28.630,0.348,-3.085722,-0.024982,-0.000704,0.000000,0.000000,0.000000,0.000000,0.000000,0.000000,0,0.00
1.580000,0.023,0.070463,0.070463,4.321,7.00,0.175767,-0.112580,0.000711,0.041406,-0.025,0.047,-2.057,-28.610,0.348,-3.089155,-0.022515,-0.000640,0.000000,0.000000,0.000000,0.000000,0.000000,0.000000,0,0.00
1.590000,0.019,-0.002546,-0.002546,4.321,7.00,0.165238,-0.094817,0.000689,0.096674,-0.026,0.002,-2.057,-28.591,0.348,-3.093869,-0.018962,-0.000514,0.000000,0.000000,0.000000,0.000000,0.000000,0.000000,0,0.00
1.600000,0.015,-0.106374,-0.106374,4.321,7.00,0.148461,-0.072795,0.000671,0.178499,-0.026,0.071,-2.057,-28.572,0.348,-3.099544,-0.014558,-0.000349,0.000000,0.000000,0.000000,0.000000,0.000000,0.000000,0,0.00
1.610000,0.009,-0.263115,-0.263115,4.321,7.00,0.122980,-0.045165,0.000665,0.307616,-0.025,0.175,-2.056,-28.552,0.348,-3.106530,-0.009033,-0.000160,0.000000,0.000000,0.000000,0.000000,0.000000,0.000000,0,0.00
1.620000,0.002,-0.300000,-0.300000,4.321,7.00,0.086102,-0.010592,0.000663,0.428623,-0.023,0.200,-2.056,-28.533,0.348,-3.115172,-0.002120,0.000026,0.000000,0.000000,0.000000,0.000000,0.000000,0.000000,0,0.00
1.630000,-0.005,-0.300000,-0.300000,4.321,7.00,0.047496,0.023351,0.000665,0.614928,-0.019,0.200,-2.055,-28.513,0.348,-3.123491,0.004668,0.000142,0.000000,0.000000,0.000000,0.000000,0.000000,0.000000,0,0.00
1.640000,-0.011,-0.300000,-0.300000,4.321,7.00,0.012752,0.052642,0.000682,0.625793,-0.015,0.200,-2.054,-28.494,0.348,-3.130458,0.010527,0.000173,0.000000,0.000000,0.000000,0.000000,0.000000,0.000000,0,0.00
1.650000,-0.016,-0.300000,-0.300000,4.321,7.00,-0.018531,0.077787,0.000692,0.697192,-0.009,0.200,-2.053,-28.474,0.348,-3.136236,0.015558,0.000130,0.000000,0.000000,0.000000,0.000000,0.000000,0.000000,0,0.00
1.660000,-0.020,-0.300000,-0.300000,4.321,7.00,-0.046675,0.099207,0.000720,0.619915,-0.002,0.200,-2.053,-28.455,0.348,-3.140962,0.019843,0.000033,0.000000,0.000000,0.000000,0.000000,0.000000,0.000000,0,0.00
1.670000,-0.023,-0.300000,-0.300000,4.321,7.00,-0.072006,0.117246,0.000732,0.574955,0.005,0.200,-2.052,-28.436,0.348,3.138438,0.023451,-0.000100,0.000000,0.000000,0.000000,0.000000,0.000000,0.000000,0,0.00
1.680000,-0.026,-0.300000,-0.300000,4.321,7.00,-0.094805,0.132208,0.000762,0.391905,0.011,0.200,-2.052,-28.416,0.348,3.135491,0.026444,-0.000252,0.000000,0.000000,0.000000,0.000000,0.000000,0.000000,0,0.00
1.690000,-0.029,-0.300000,-0.300000,4.321,7.00,-0.115324,0.144355,0.000794,0.368412,0.016,0.200,-2.052,-28.397,0.348,3.133296,0.028873,-0.000412,0.000000,0.000000,0.000000,0.000000,0.000000,0.000000,0,0.00
1.700000,-0.031,-0.300000,-0.300000,4.321,7.00,-0.133792,0.153914,0.000818,0.277580,0.020,0.200,-2.052,-28.377,0.348,3.131777,0.030784,-0.000570,0.000000,0.000000,0.000000,0.000000,0.000000,0.000000,0,0.00
1.710000,-0.032,-0.300000,-0.300000,4.321,7.00,-0.150412,0.161086,0.000832,0.282686,0.023,0.200,-2.052,-28.358,0.348,3.130864,0.032217,-0.000717,0.000000,0.000000,0.000000,0.000000,0.000000,0.000000,0,0.00
1.720000,-0.033,-0.300000,-0.300000,4.321,7.00,-0.165371,0.166045,0.000866,0.184525,0.026,0.200,-2.052,-28.339,0.348,3.130498,0.033208,-0.000850,0.000000,0.000000,0.000000,0.000000,0.000000,0.000000,0,0.00
1.730000,-0.034,-0.300000,-0.300000,4.321,7.00,-0.178834,0.168948,0.000899,0.152413,0.029,0.200,-2.052,-28.319,0.348,3.130623,0.033788,-0.000965,0.000000,0.000000,0.000000,0.000000,0.000000,0.000000,0,0.00
1.740000,-0.034,-0.295560,-0.295560,4.321,7.00,-0.190950,0.169932,0.000913,0.124714,0.031,0.197,-2.052,-28.300,0.349,3.131192,0.033984,-0.001059,0.000000,0.000000,0.000000,0.000000,0.000000,0.000000,0,0.00
1.750000,-0.034,-0.252979,-0.252979,4.321,7.00,-0.201411,0.168798,0.000955,0.083226,0.032,0.169,-2.052,-28.281,0.349,3.132244,0.033757,-0.001130,0.000000,0.000000,0.000000,0.000000,0.000000,0.000000,0,0.00
1.760000,-0.033,-0.163097,-0.163097,4.321,7.00,-0.206569,0.162977,0.000975,-0.000855,0.033,0.109,-2.053,-28.261,0.349,3.134441,0.032594,-0.001134,0.000000,0.000000,0.000000,0.000000,0.000000,0.000000,0,0.00
1.770000,-0.030,-0.033440,-0.033440,4.321,7.00,-0.202224,0.149660,0.000987,-0.117207,0.034,0.022,-2.053,-28.242,0.349,3.138491,0.029933,-0.001045,0.000000,0.000000,0.000000,0.000000,0.000000,0.000000,0,0.00
1.780000,-0.026,0.133938,0.133938,4.321,7.00,-0.187951,0.129060,0.001000,-0.263998,0.034,0.089,-2.055,-28.222,0.348,-3.138876,0.025817,-0.000860,0.000000,0.000000,0.000000,0.000000,0.000000,0.000000,0,0.00
1.790000,-0.020,0.225527,0.225527,4.321,7.00,-0.164147,0.102064,0.001031,-0.328622,0.034,0.150,-2.056,-28.203,0.348,-3.131542,0.020421,-0.000606,0.000000,0.000000,0.000000,0.000000,0.000000,0.000000,0,0.00
1.800000,-0.014,0.300000,0.300000,4.321,7.00,-0.131177,0.069556,0.001037,-0.548463,0.033,0.200,-2.058,-28.184,0.348,-3.122936,0.013920,-0.000325,0.000000,0.000000,0.000000,0.000000,0.000000,0.000000,0,0.00
1.810000,-0.006,0.300000,0.300000,4.321,7.00,-0.089379,0.032382,0.001041,-0.742088,0.030,0.200,-2.060,-28.164,0.348,-3.113285,0.006481,-0.000065,0.000000,0.000000,0.000000,0.000000,0.000000,0.000000,0,0.00
1.820000,0.000,0.300000,0.300000,4.321,7.00,-0.050444,-0.000660,0.001041,-0.899400,0.026,0.200,-2.062,-28.145,0.348,-3.104891,-0.000136,0.000101,0.000000,0.000000,0.000000,0.000000,0.000000,0.000000,0,0.00
1.830000,0.006,0.300000,0.300000,4.321,7.00,-0.015405,-0.029062,0.001032,-0.823961,0.020,0.200,-2.064,-28.125,0.348,-3.097855,-0.005825,0.000170,0.000000,0.000000,0.000000,0.000000,0.000000,0.000000,0,0.00
1.840000,0.011,0.300000,0.300000,4.321,7.00,0.016145,-0.053330,0.001015,-0.815486,0.014,0.200,-2.066,-28.106,0.348,-3.092014,-0.010687,0.000159,0.000000,0.000000,0.000000,0.000000,0.000000,0.000000,0,0.00
1.850000,0.015,0.300000,0.300000,4.321,7.00,0.044527,-0.073883,0.001009,-0.745329,0.006,0.200,-2.068,-28.087,0.348,-3.087234,-0.014804,0.000090,0.000000,0.000000,0.000000,0.000000,0.000000,0.000000,0,0.00
1.860000,0.018,0.300000,0.300000,4.321,7.00,0.070073,-0.091077,0.000982,-0.559163,-0.000,0.200,-2.069,-28.067,0.348,-3.083398,-0.018246,-0.000018,0.000000,0.000000,0.000000,0.000000,0.000000,0.000000,0,0.00
1.870000,0.021,0.300000,0.300000,4.321,7.00,0.093065,-0.105225,0.000970,-0.375417,-0.006,0.200,-2.071,-28.048,0.348,-3.080403,-0.021077,-0.000147,0.000000,0.000000,0.000000,0.000000,0.000000,0.000000,0,0.00
1.880000,0.023,0.300000,0.300000,4.321,7.00,0.113759,-0.116570,0.000946,-0.349210,-0.011,0.200,-2.072,-28.029,0.348,-3.078164,-0.023345,-0.000285,0.000000,0.000000,0.000000,0.000000,0.000000,0.000000,0,0.00
1.890000,0.025,0.300000,0.300000,4.321,7.00,0.132383,-0.125339,0.000920,-0.328150,-0.015,0.200,-2.074,-28.010,0.348,-3.076604,-0.025096,-0.000421,0.000000,0.000000,0.000000,0.000000,0.000000,0.000000,0,0.00
1.900000,0.026,0.300000,0.300000,4.321,7.00,0.149144,-0.131729,0.000893,-0.195800,-0.018,0.200,-2.075,-27.990,0.348,-3.075655,-0.026370,-0.000549,0.000000,0.000000,0.000000,0.000000,0.000000,0.000000,0,0.00
1.910000,0.027,0.300000,0.300000,4.321,7.00,0.164230,-0.135917,0.000873,-0.175463,-0.021,0.200,-2.076,-27.971,0.348,-3.075255,-0.027203,-0.000662,0.000000,0.000000,0.000000,0.000000,0.000000,0.000000,0,0.00
1.920000,0.028,0.250925,0.250925,4.321,7.00,0.177807,-0.138058,0.000858,-0.113726,-0.023,0.167,-2.077,-27.951,0.348,-3.075350,-0.027625,-0.000758,0.000000,0.000000,0.000000,0.000000,0.000000,0.000000,0,0.00
1.930000,0.027,0.190383,0.190383,4.321,7.00,0.185120,-0.134683,0.000844,-0.056544,-0.025,0.127,-2.078,-27.932,0.348,-3.076811,-0.026945,-0.000795,0.000000,0.000000,0.000000,0.000000,0.000000,0.000000,0,0.00
1.940000,0.025,0.136111,0.136111,4.321,7.00,0.185648,-0.125655,0.000805,-0.011261,-0.026,0.091,-2.078,-27.913,0.348,-3.079635,-0.025135,-0.000763,0.000000,0.000000,0.000000,0.000000,0.000000,0.000000,0,0.00
1.950000,0.022,0.021708,0.021708,4.321,7.00,0.180696,-0.112244,0.000793,0.089744,-0.027,0.014,-2.079,-27.893,0.348,-3.083469,-0.022450,-0.000674,0.000000,0.000000,0.000000,0.000000,0.000000,0.000000,0,0.00
1.960000,0.018,-0.109711,-0.109711,4.321,7.00,0.166412,-0.091886,0.000780,0.200817,-0.028,0.073,-2.079,-27.874,0.348,-3.088944,-0.018377,-0.000514,0.000000,0.000000,0.000000,0.000000,0.000000,0.000000,0,0.00
1.970000,0.013,-0.211021,-0.211021,4.321,7.00,0.142866,-0.065149,0.000762,0.275408,-0.027,0.141,-2.079,-27.854,0.348,-3.095878,-0.013030,-0.000307,0.000000,0.000000,0.000000,0.000000,0.000000,0.000000,0,0.00
1.980000,0.007,-0.300000,-0.300000,4.321,7.00,0.110098,-0.032623,0.000755,0.352980,-0.025,0.200,-2.078,-27.835,0.348,-3.104098,-0.006526,-0.000090,0.000000,0.000000,0.000000,0.000000,0.000000,0.000000,0,0.00
1.990000,-0.001,-0.300000,-0.300000,4.321,7.00,0.069094,0.004403,0.000755,0.652298,-0.022,0.200,-2.077,-27.815,0.348,-3.113261,0.000879,0.000086,0.000000,0.000000,0.000000,0.000000,0.000000,0.000000,0,0.00
2.000000,-0.007,-0.300000,-0.300000,4.321,7.00,0.032188,0.036415,0.000766,0.642422,-0.018,0.200,-2.076,-27.796,0.348,-3.120966,0.007281,0.000170,0.000000,0.000000,0.000000,0.000000,0.000000,0.000000,0,0.00
2.010000,-0.013,-0.300000,-0.300000,4.321,7.00,-0.001106,0.063950,0.000776,0.661111,-0.013,0.200,-2.076,-27.777,0.348,-3.127396,0.012789,0.000169,0.000000,0.000000,0.000000,0.000000,0.000000,0.000000,0,0.00
2.020000,-0.017,-0.300000,-0.300000,4.321,7.00,-0.030924,0.087476,0.000784,0.761512,-0.007,0.200,-2.075,-27.757,0.348,-3.132700,0.017496,0.000101,0.000000,0.000000,0.000000,0.000000,0.000000,0.000000,0,0.00
2.030000,-0.021,-0.300000,-0.300000,4.321,7.00,-0.057830,0.107373,0.000816,0.705326,0.001,0.200,-2.075,-27.738,0.348,-3.137005,0.021477,-0.000013,0.000000,0.000000,0.000000,0.000000,0.000000,0.000000,0,0.00
2.040000,-0.025,-0.300000,-0.300000,4.321,7.00,-0.082046,0.123963,0.000829,0.488390,0.007,0.200,-2.075,-27.718,0.348,-3.140416,0.024795,-0.000156,0.000000,0.000000,0.000000,0.000000,0.000000,0.000000,0,0.00
2.050000,-0.028,-0.300000,-0.300000,4.321,7.00,-0.103841,0.137529,0.000843,0.501318,0.013,0.200,-2.075,-27.699,0.348,3.140158,0.027509,-0.000313,0.000000,0.000000,0.000000,0.000000,0.000000,0.000000,0,0.00
2.060000,-0.030,-0.300000,-0.300000,4.321,7.00,-0.123457,0.148320,0.000887,0.413154,0.017,0.200,-2.074,-27.680,0.348,3.138264,0.029667,-0.000471,0.000000,0.000000,0.000000,0.000000,0.000000,0.000000,0,0.00
2.070000,-0.031,-0.300000,-0.300000,4.321,7.00,-0.141111,0.156551,0.000943,0.265331,0.021,0.200,-2.074,-27.660,0.348,3.137014,0.031313,-0.000623,0.000000,0.000000,0.000000,0.000000,0.000000,0.000000,0,0.00
2.080000,-0.032,-0.300000,-0.300000,4.321,7.00,-0.157000,0.162415,0.000988,0.236254,0.025,0.200,-2.074,-27.641,0.348,3.136344,0.032485,-0.000762,0.000000,0.000000,0.000000,0.000000,0.000000,0.000000,0,0.00
2.090000,-0.033,-0.300000,-0.300000,4.321,7.00,-0.171300,0.166078,0.001018,0.148491,0.028,0.200,-2.075,-27.622,0.348,3.136196,0.033218,-0.000884,0.000000,0.000000,0.000000,0.000000,0.000000,0.000000,0,0.00
2.100000,-0.034,-0.237915,-0.237915,4.321,7.00,-0.184170,0.167695,0.001057,0.069163,0.030,0.159,-2.075,-27.602,0.348,3.136518,0.033541,-0.000986,0.000000,0.000000,0.000000,0.000000,0.000000,0.000000,0,0.00
2.110000,-0.033,-0.194575,-0.194575,4.321,7.00,-0.189546,0.162716,0.001092,0.030766,0.031,0.130,-2.075,-27.583,0.349,3.138428,0.032546,-0.001005,0.000000,0.000000,0.000000,0.000000,0.000000,0.000000,0,0.00
2.120000,-0.031,-0.090634,-0.090634,4.321,7.00,-0.190050,0.153451,0.001103,-0.063920,0.032,0.060,-2.076,-27.563,0.349,3.141313,0.030695,-0.000965,0.000000,0.000000,0.000000,0.000000,0.000000,0.000000,0,0.00
2.130000,-0.027,-0.024136,-0.024136,4.321,7.00,-0.180111,0.135934,0.001146,-0.112945,0.033,0.016,-2.077,-27.544,0.348,-3.137041,0.027194,-0.000820,0.000000,0.000000,0.000000,0.000000,0.000000,0.000000,0,0.00
2.140000,-0.023,0.095583,0.095583,4.321,7.00,-0.164515,0.114363,0.001165,-0.211111,0.034,0.064,-2.078,-27.525,0.348,-3.131347,0.022882,-0.000627,0.000000,0.000000,0.000000,0.000000,0.000000,0.000000,0,0.00
2.150000,-0.017,0.231840,0.231840,4.321,7.00,-0.138508,0.085544,0.001180,-0.318564,0.033,0.155,-2.080,-27.505,0.348,-3.123998,0.017119,-0.000378,0.000000,0.000000,0.000000,0.000000,0.000000,0.000000,0,0.00
2.160000,-0.010,0.300000,0.300000,4.321,7.00,-0.101478,0.049709,0.001203,-0.354016,0.031,0.200,-2.081,-27.486,0.348,-3.115073,0.009949,-0.000115,0.000000,0.000000,0.000000,0.000000,0.000000,0.000000,0,0.00
2.170000,-0.003,0.300000,0.300000,4.321,7.00,-0.061335,0.013418,0.001205,-0.434858,0.027,0.200,-2.083,-27.466,0.348,-3.106226,0.002683,0.000077,0.000000,0.000000,0.000000,0.000000,0.000000,0.000000,0,0.00
2.180000,0.004,0.300000,0.300000,4.321,7.00,-0.025205,-0.017932,0.001199,-0.462552,0.023,0.200,-2.085,-27.447,0.348,-3.098795,-0.003597,0.000167,0.000000,0.000000,0.000000,0.000000,0.000000,0.000000,0,0.00
2.190000,0.009,0.300000,0.300000,4.321,7.00,0.007329,-0.044885,0.001194,-0.538445,0.017,0.200,-2.087,-27.428,0.348,-3.092607,-0.008996,0.000171,0.000000,0.000000,0.000000,0.000000,0.000000,0.000000,0,0.00
2.200000,0.014,0.300000,0.300000,4.321,7.00,0.036586,-0.067897,0.001188,-0.592817,0.010,0.200,-2.089,-27.408,0.348,-3.087521,-0.013606,0.000111,0.000000,0.000000,0.000000,0.000000,0.000000,0.000000,0,0.00
2.210000,0.017,0.300000,0.300000,4.321,7.00,0.062926,-0.087351,0.001165,-0.589984,0.003,0.200,-2.090,-27.389,0.348,-3.083414,-0.017501,0.000007,0.000000,0.000000,0.000000,0.000000,0.000000,0.000000,0,0.00
2.220000,0.021,0.300000,0.300000,4.321,7.00,0.086633,-0.103585,0.001144,-0.479886,-0.004,0.200,-2.092,-27.370,0.348,-3.080177,-0.020750,-0.000124,0.000000,0.000000,0.000000,0.000000,0.000000,0.000000,0,0.00
2.230000,0.023,0.300000,0.300000,4.321,7.00,0.107969,-0.116870,0.001133,-0.514233,-0.009,0.200,-2.093,-27.350,0.348,-3.077722,-0.023407,-0.000266,0.000000,0.000000,0.000000,0.000000,0.000000,0.000000,0,0.00
2.240000,0.025,0.300000,0.300000,4.321,7.00,0.127172,-0.127444,0.001096,-0.376261,-0.014,0.200,-2.094,-27.331,0.348,-3.075967,-0.025520,-0.000409,0.000000,0.000000,0.000000,0.000000,0.000000,0.000000,0,0.00
2.250000,0.027,0.300000,0.300000,4.321,7.00,0.144455,-0.135519,0.001077,-0.255109,-0.017,0.200,-2.095,-27.312,0.348,-3.074844,-0.027131,-0.000546,0.000000,0.000000,0.000000,0.000000,0.000000,0.000000,0,0.00
2.260000,0.028,0.300000,0.300000,4.321,7.00,0.160009,-0.141283,0.001047,-0.224873,-0.021,0.200,-2.096,-27.292,0.348,-3.074287,-0.028279,-0.000672,0.000000,0.000000,0.000000,0.000000,0.000000,0.000000,0,0.00
2.270000,0.029,0.300000,0.300000,4.321,7.00,0.174008,-0.144901,0.001008,-0.182787,-0.023,0.200,-2.098,-27.273,0.348,-3.074241,-0.028997,-0.000781,0.000000,0.000000,0.000000,0.000000,0.000000,0.000000,0,0.00
2.280000,0.029,0.246150,0.246150,4.321,7.00,0.186607,-0.146519,0.000998,-0.100629,-0.025,0.164,-2.098,-27.254,0.348,-3.074656,-0.029315,-0.000870,0.000000,0.000000,0.000000,0.000000,0.000000,0.000000,0,0.00
2.290000,0.028,0.208674,0.208674,4.321,7.00,0.192563,-0.142336,0.000960,-0.067298,-0.027,0.139,-2.099,-27.234,0.348,-3.076494,-0.028473,-0.000895,0.000000,0.000000,0.000000,0.000000,0.000000,0.000000,0,0.00
2.300000,0.027,0.129139,0.129139,4.321,7.00,0.194175,-0.134332,0.000941,0.004253,-0.028,0.086,-2.100,-27.215,0.348,-3.079218,-0.026868,-0.000868,0.000000,0.000000,0.000000,0.000000,0.000000,0.000000,0,0.00
2.310000,0.024,0.051765,0.051765,4.321,7.00,0.187673,-0.119976,0.000917,0.067294,-0.029,0.035,-2.100,-27.195,0.348,-3.083471,-0.023994,-0.000767,0.000000,0.000000,0.000000,0.000000,0.000000,0.000000,0,0.00
2.320000,0.020,-0.037906,-0.037906,4.321,7.00,0.174083,-0.100477,0.000896,0.137487,-0.029,0.025,-2.100,-27.176,0.348,-3.088918,-0.020093,-0.000606,0.000000,0.000000,0.000000,0.000000,0.000000,0.000000,0,0.00
2.330000,0.015,-0.295599,-0.295599,4.321,7.00,0.152886,-0.075907,0.000891,0.370614,-0.028,0.197,-2.100,-27.157,0.348,-3.095533,-0.015180,-0.000403,0.000000,0.000000,0.000000,0.000000,0.000000,0.000000,0,0.00
2.340000,0.009,-0.300000,-0.300000,4.321,7.00,0.119938,-0.043810,0.000878,0.431288,-0.027,0.200,-2.099,-27.137,0.348,-3.103950,-0.008762,-0.000172,0.000000,0.000000,0.000000,0.000000,0.000000,0.000000,0,0.00
2.350000,0.001,-0.300000,-0.300000,4.321,7.00,0.077950,-0.006915,0.000877,0.561377,-0.024,0.200,-2.098,-27.118,0.348,-3.113454,-0.001384,0.000030,0.000000,0.000000,0.000000,0.000000,0.000000,0.000000,0,0.00
2.360000,-0.005,-0.300000,-0.300000,4.321,7.00,0.040158,0.024855,0.000879,0.757611,-0.020,0.200,-2.097,-27.098,0.348,-3.121459,0.004969,0.000144,0.000000,0.000000,0.000000,0.000000,0.000000,0.000000,0,0.00
2.370000,-0.010,-0.300000,-0.300000,4.321,7.00,0.006154,0.052070,0.000896,0.750607,-0.015,0.200,-2.096,-27.079,0.348,-3.128154,0.010413,0.000172,0.000000,0.000000,0.000000,0.000000,0.000000,0.000000,0,0.00
2.380000,-0.015,-0.300000,-0.300000,4.321,7.00,-0.024476,0.075229,0.000903,0.681445,-0.009,0.200,-2.096,-27.059,0.348,-3.133695,0.015046,0.000129,0.000000,0.000000,0.000000,0.000000,0.000000,0.000000,0,0.00
2.390000,-0.019,-0.300000,-0.300000,4.321,7.00,-0.052026,0.094721,0.000912,0.753675,-0.001,0.200,-2.095,-27.040,0.348,-3.138209,0.018945,0.000035,0.000000,0.000000,0.000000,0.000000,0.000000,0.000000,0,0.00
2.400000,-0.022,-0.300000,-0.300000,4.321,7.00,-0.076822,0.110887,0.000920,0.733381,0.005,0.200,-2.095,-27.021,0.348,3.141378,0.022179,-0.000091,0.000000,0.000000,0.000000,0.000000,0.000000,0.000000,0,0.00
2.410000,-0.025,-0.300000,-0.300000,4.321,7.00,-0.099140,0.124023,0.000948,0.527868,0.010,0.200,-2.094,-27.001,0.348,3.138599,0.024807,-0.000234,0.000000,0.000000,0.000000,0.000000,0.000000,0.000000,0,0.00
2.420000,-0.027,-0.300000,-0.300000,4.321,7.00,-0.119225,0.134382,0.000977,0.503797,0.015,0.200,-2.094,-26.982,0.348,3.136554,0.026878,-0.000381,0.000000,0.000000,0.000000,0.000000,0.000000,0.000000,0,0.00
2.430000,-0.028,-0.300000,-0.300000,4.321,7.00,-0.137303,0.142188,0.000987,0.427575,0.019,0.200,-2.094,-26.962,0.348,3.135169,0.028439,-0.000524,0.000000,0.000000,0.000000,0.000000,0.000000,0.000000,0,0.00
2.440000,-0.030,-0.300000,-0.300000,4.321,7.00,-0.153572,0.147637,0.001022,0.299656,0.022,0.200,-2.094,-26.943,0.348,3.134377,0.029528,-0.000655,0.000000,0.000000,0.000000,0.000000,0.000000,0.000000,0,0.00
2.450000,-0.030,-0.300000,-0.300000,4.321,7.00,-0.168215,0.150900,0.001040,0.171959,0.025,0.200,-2.094,-26.924,0.348,3.134119,0.030180,-0.000771,0.000000,0.000000,0.000000,0.000000,0.000000,0.000000,0,0.00
2.460000,-0.030,-0.297809,-0.297809,4.321,7.00,-0.181393,0.152132,0.001053,0.144625,0.027,0.199,-2.094,-26.904,0.348,3.134342,0.030426,-0.000866,0.000000,0.000000,0.000000,0.000000,0.000000,0.000000,0,0.00
2.470000,-0.030,-0.260895,-0.260895,4.321,7.00,-0.193035,0.151311,0.001067,0.108517,0.028,0.174,-2.094,-26.885,0.348,3.135041,0.030261,-0.000940,0.000000,0.000000,0.000000,0.000000,0.000000,0.000000,0,0.00
2.480000,-0.029,-0.172024,-0.172024,4.321,7.00,-0.199822,0.146102,0.001110,0.024812,0.030,0.115,-2.094,-26.865,0.349,3.136814,0.029220,-0.000958,0.000000,0.000000,0.000000,0.000000,0.000000,0.000000,0,0.00
2.490000,-0.027,-0.062092,-0.062092,4.321,7.00,-0.197044,0.133322,0.001123,-0.072353,0.030,0.041,-2.095,-26.846,0.348,3.140472,0.026667,-0.000886,0.000000,0.000000,0.000000,0.000000,0.000000,0.000000,0,0.00
2.500000,-0.023,0.085602,0.085602,4.321,7.00,-0.184260,0.113161,0.001137,-0.199900,0.030,0.057,-2.096,-26.827,0.348,-3.137249,0.022638,-0.000723,0.000000,0.000000,0.000000,0.000000,0.000000,0.000000,0,0.00
2.510000,-0.017,0.180155,0.180155,4.321,7.00,-0.161887,0.086520,0.001162,-0.267837,0.030,0.120,-2.098,-26.807,0.348,-3.130235,0.017312,-0.000496,0.000000,0.000000,0.000000,0.000000,0.000000,0.000000,0,0.00
2.520000,-0.011,0.298655,0.298655,4.321,7.00,-0.130310,0.054297,0.001174,-0.354126,0.029,0.199,-2.099,-26.788,0.348,-3.121919,0.010867,-0.000243,0.000000,0.000000,0.000000,0.000000,0.000000,0.000000,0,0.00
2.530000,-0.003,0.300000,0.300000,4.321,7.00,-0.089888,0.017353,0.001175,-0.650661,0.027,0.200,-2.101,-26.768,0.348,-3.112530,0.003472,-0.000013,0.000000,0.000000,0.000000,0.000000,0.000000,0.000000,0,0.00
2.540000,0.003,0.300000,0.300000,4.321,7.00,-0.050903,-0.016522,0.001171,-0.651609,0.023,0.200,-2.103,-26.749,0.348,-3.104111,-0.003312,0.000130,0.000000,0.000000,0.000000,0.000000,0.000000,0.000000,0,0.00
2.550000,0.009,0.300000,0.300000,4.321,7.00,-0.015818,-0.045727,0.001165,-0.683720,0.017,0.200,-2.105,-26.730,0.348,-3.097052,-0.009163,0.000179,0.000000,0.000000,0.000000,0.000000,0.000000,0.000000,0,0.00
2.560000,0.014,0.300000,0.300000,4.321,7.00,0.015774,-0.070769,0.001158,-0.781630,0.011,0.200,-2.107,-26.710,0.348,-3.091192,-0.014180,0.000149,0.000000,0.000000,0.000000,0.000000,0.000000,0.000000,0,0.00
2.570000,0.018,0.300000,0.300000,4.321,7.00,0.044192,-0.092065,0.001126,-0.729285,0.003,0.200,-2.109,-26.691,0.348,-3.086394,-0.018445,0.000061,0.000000,0.000000,0.000000,0.000000,0.000000,0.000000,0,0.00
2.580000,0.022,0.300000,0.300000,4.321,7.00,0.069772,-0.109971,0.001112,-0.513434,-0.003,0.200,-2.110,-26.672,0.348,-3.082542,-0.022031,-0.000065,0.000000,0.000000,0.000000,0.000000,0.000000,0.000000,0,0.00
2.590000,0.025,0.300000,0.300000,4.321,7.00,0.092794,-0.124801,0.001099,-0.516021,-0.009,0.200,-2.112,-26.652,0.348,-3.079532,-0.024998,-0.000212,0.000000,0.000000,0.000000,0.000000,0.000000,0.000000,0,0.00
2.600000,0.027,0.300000,0.300000,4.321,7.00,0.113514,-0.136797,0.001066,-0.405761,-0.014,0.200,-2.113,-26.633,0.348,-3.077280,-0.027396,-0.000367,0.000000,0.000000,0.000000,0.000000,0.000000,0.000000,0,0.00
2.610000,0.029,0.300000,0.300000,4.321,7.00,0.132163,-0.146185,0.001030,-0.273981,-0.018,0.200,-2.114,-26.614,0.348,-3.075707,-0.029270,-0.000520,0.000000,0.000000,0.000000,0.000000,0.000000,0.000000,0,0.00
2.620000,0.031,0.300000,0.300000,4.321,7.00,0.148946,-0.153160,0.000993,-0.252713,-0.022,0.200,-2.116,-26.594,0.348,-3.074747,-0.030661,-0.000664,0.000000,0.000000,0.000000,0.000000,0.000000,0.000000,0,0.00
2.630000,0.032,0.300000,0.300000,4.321,7.00,0.164052,-0.157898,0.000971,-0.183022,-0.025,0.200,-2.117,-26.575,0.348,-3.074337,-0.031603,-0.000793,0.000000,0.000000,0.000000,0.000000,0.000000,0.000000,0,0.00
2.640000,0.032,0.269209,0.269209,4.321,7.00,0.177647,-0.160554,0.000949,-0.109604,-0.027,0.179,-2.118,-26.556,0.348,-3.074422,-0.032128,-0.000904,0.000000,0.000000,0.000000,0.000000,0.000000,0.000000,0,0.00
2.650000,0.032,0.226519,0.226519,4.321,7.00,0.186804,-0.159007,0.000932,-0.068445,-0.029,0.151,-2.119,-26.536,0.348,-3.075532,-0.031812,-0.000966,0.000000,0.000000,0.000000,0.000000,0.000000,0.000000,0,0.00
2.660000,0.031,0.175487,0.175487,4.321,7.00,0.190777,-0.152866,0.000902,-0.023523,-0.031,0.117,-2.119,-26.517,0.348,-3.077737,-0.030579,-0.000967,0.000000,0.000000,0.000000,0.000000,0.000000,0.000000,0,0.00
2.670000,0.028,0.118449,0.118449,4.321,7.00,0.189249,-0.142112,0.000867,0.022795,-0.032,0.079,-2.120,-26.498,0.348,-3.081017,-0.028423,-0.000907,0.000000,0.000000,0.000000,0.000000,0.000000,0.000000,0,0.00
2.680000,0.025,0.012381,0.012381,4.321,7.00,0.182170,-0.126968,0.000849,0.113738,-0.032,0.008,-2.120,-26.478,0.348,-3.085289,-0.025392,-0.000788,0.000000,0.000000,0.000000,0.000000,0.000000,0.000000,0,0.00
2.690000,0.021,-0.078754,-0.078754,4.321,7.00,0.165716,-0.104890,0.000823,0.182821,-0.032,0.053,-2.120,-26.459,0.348,-3.091179,-0.020976,-0.000596,0.000000,0.000000,0.000000,0.000000,0.000000,0.000000,0,0.00
2.700000,0.015,-0.160568,-0.160568,4.321,7.00,0.141272,-0.077441,0.000802,0.237208,-0.031,0.107,-2.120,-26.439,0.348,-3.098254,-0.015488,-0.000366,0.000000,0.000000,0.000000,0.000000,0.000000,0.000000,0,0.00
2.710000,0.009,-0.244776,-0.244776,4.321,7.00,0.111091,-0.046769,0.000789,0.290756,-0.028,0.163,-2.119,-26.420,0.348,-3.105955,-0.009355,-0.000143,0.000000,0.000000,0.000000,0.000000,0.000000,0.000000,0,0.00
2.720000,0.003,-0.300000,-0.300000,4.321,7.00,0.075508,-0.013471,0.000788,0.432644,-0.025,0.200,-2.118,-26.400,0.348,-3.114127,-0.002696,0.000040,0.000000,0.000000,0.000000,0.000000,0.000000,0.000000,0,0.00
2.730000,-0.004,-0.300000,-0.300000,4.321,7.00,0.037961,0.019619,0.000789,0.616108,-0.021,0.200,-2.118,-26.381,0.348,-3.122056,0.003922,0.000145,0.000000,0.000000,0.000000,0.000000,0.000000,0.000000,0,0.00
2.740000,-0.010,-0.300000,-0.300000,4.321,7.00,0.004182,0.048211,0.000800,0.643238,-0.015,0.200,-2.117,-26.361,0.348,-3.128680,0.009641,0.000163,0.000000,0.000000,0.000000,0.000000,0.000000,0.000000,0,0.00
2.750000,-0.015,-0.300000,-0.300000,4.321,7.00,-0.026256,0.072791,0.000815,0.654629,-0.009,0.200,-2.117,-26.342,0.348,-3.134159,0.014558,0.000111,0.000000,0.000000,0.000000,0.000000,0.000000,0.000000,0,0.00
2.760000,-0.019,-0.300000,-0.300000,4.321,7.00,-0.053628,0.093735,0.000834,0.647777,-0.003,0.200,-2.116,-26.323,0.348,-3.138616,0.018748,0.000009,0.000000,0.000000,0.000000,0.000000,0.000000,0.000000,0,0.00
2.770000,-0.022,-0.300000,-0.300000,4.321,7.00,-0.078265,0.111383,0.000848,0.566627,0.004,0.200,-2.116,-26.303,0.348,3.141022,0.022278,-0.000125,0.000000,0.000000,0.000000,0.000000,0.000000,0.000000,0,0.00
2.780000,-0.025,-0.300000,-0.300000,4.321,7.00,-0.100438,0.126026,0.000857,0.443756,0.010,0.200,-2.116,-26.284,0.348,3.138289,0.025207,-0.000275,0.000000,0.000000,0.000000,0.000000,0.000000,0.000000,0,0.00
2.790000,-0.028,-0.300000,-0.300000,4.321,7.00,-0.120394,0.137917,0.000868,0.462162,0.015,0.200,-2.116,-26.265,0.348,3.136285,0.027585,-0.000431,0.000000,0.000000,0.000000,0.000000,0.000000,0.000000,0,0.00
2.800000,-0.029,-0.300000,-0.300000,4.321,7.00,-0.138355,0.147279,0.000881,0.453735,0.019,0.200,-2.116,-26.245,0.348,3.134937,0.029457,-0.000582,0.000000,0.000000,0.000000,0.000000,0.000000,0.000000,0,0.00
2.810000,-0.031,-0.300000,-0.300000,4.321,7.00,-0.154519,0.154305,0.000910,0.410709,0.022,0.200,-2.116,-26.226,0.348,3.134178,0.030861,-0.000723,0.000000,0.000000,0.000000,0.000000,0.000000,0.000000,0,0.00
2.820000,-0.032,-0.300000,-0.300000,4.321,7.00,-0.169067,0.159169,0.000942,0.337621,0.025,0.200,-2.116,-26.206,0.348,3.133950,0.031834,-0.000849,0.000000,0.000000,0.000000,0.000000,0.000000,0.000000,0,0.00
2.830000,-0.032,-0.300000,-0.300000,4.321,7.00,-0.182160,0.162025,0.000965,0.220991,0.028,0.200,-2.116,-26.187,0.348,3.134199,0.032405,-0.000956,0.000000,0.000000,0.000000,0.000000,0.000000,0.000000,0,0.00
2.840000,-0.033,-0.284749,-0.284749,4.321,7.00,-0.193944,0.163007,0.001014,0.120727,0.029,0.190,-2.116,-26.168,0.349,3.134880,0.032601,-0.001044,0.000000,0.000000,0.000000,0.000000,0.000000,0.000000,0,0.00
2.850000,-0.032,-0.212827,-0.212827,4.321,7.00,-0.203025,0.161089,0.001071,0.050667,0.031,0.142,-2.117,-26.148,0.349,3.136235,0.032218,-0.001095,0.000000,0.000000,0.000000,0.000000,0.000000,0.000000,0,0.00
2.860000,-0.030,-0.156051,-0.156051,4.321,7.00,-0.204007,0.152281,0.001106,0.002664,0.032,0.104,-2.117,-26.129,0.349,3.139237,0.030458,-0.001060,0.000000,0.000000,0.000000,0.000000,0.000000,0.000000,0,0.00
2.870000,-0.028,-0.062514,-0.062514,4.321,7.00,-0.199213,0.138724,0.001125,-0.077335,0.032,0.042,-2.118,-26.109,0.349,-3.139865,0.027750,-0.000958,0.000000,0.000000,0.000000,0.000000,0.000000,0.000000,0,0.00
2.880000,-0.024,0.131755,0.131755,4.321,7.00,-0.185545,0.118410,0.001135,-0.251299,0.033,0.088,-2.120,-26.090,0.348,-3.134219,0.023691,-0.000776,0.000000,0.000000,0.000000,0.000000,0.000000,0.000000,0,0.00
2.890000,-0.018,0.255761,0.255761,4.321,7.00,-0.160267,0.089829,0.001152,-0.346742,0.032,0.171,-2.121,-26.071,0.348,-3.126657,0.017977,-0.000518,0.000000,0.000000,0.000000,0.000000,0.000000,0.000000,0,0.00
2.900000,-0.011,0.300000,0.300000,4.321,7.00,-0.123343,0.053735,0.001163,-0.461469,0.030,0.200,-2.123,-26.051,0.348,-3.117390,0.010756,-0.000231,0.000000,0.000000,0.000000,0.000000,0.000000,0.000000,0,0.00
2.910000,-0.003,0.300000,0.300000,4.321,7.00,-0.081014,0.015535,0.001164,-0.738296,0.028,0.200,-2.125,-26.032,0.348,-3.107785,0.003109,0.000003,0.000000,0.000000,0.000000,0.000000,0.000000,0.000000,0,0.00
2.920000,0.003,0.300000,0.300000,4.321,7.00,-0.042916,-0.017386,0.001160,-0.762079,0.024,0.200,-2.127,-26.013,0.348,-3.099687,-0.003486,0.000135,0.000000,0.000000,0.000000,0.000000,0.000000,0.000000,0,0.00
2.930000,0.009,0.300000,0.300000,4.321,7.00,-0.008634,-0.045627,0.001155,-0.759903,0.018,0.200,-2.129,-25.993,0.348,-3.092910,-0.009145,0.000171,0.000000,0.000000,0.000000,0.000000,0.000000,0.000000,0,0.00
2.940000,0.014,0.300000,0.300000,4.321,7.00,0.022243,-0.069686,0.001150,-0.886132,0.011,0.200,-2.131,-25.974,0.348,-3.087298,-0.013965,0.000133,0.000000,0.000000,0.000000,0.000000,0.000000,0.000000,0,0.00
2.950000,0.018,0.300000,0.300000,4.321,7.00,0.050016,-0.089976,0.001142,-0.911238,0.003,0.200,-2.133,-25.955,0.348,-3.082721,-0.018030,0.000042,0.000000,0.000000,0.000000,0.000000,0.000000,0.000000,0,0.00
2.960000,0.021,0.300000,0.300000,4.321,7.00,0.075013,-0.106852,0.001121,-0.667406,-0.003,0.200,-2.134,-25.935,0.348,-3.079065,-0.021409,-0.000083,0.000000,0.000000,0.000000,0.000000,0.000000,0.000000,0,0.00
2.970000,0.024,0.300000,0.300000,4.321,7.00,0.097511,-0.120624,0.001113,-0.707331,-0.009,0.200,-2.136,-25.916,0.348,-3.076231,-0.024164,-0.000225,0.000000,0.000000,0.000000,0.000000,0.000000,0.000000,0,0.00
2.980000,0.026,0.300000,0.300000,4.321,7.00,0.117760,-0.131538,0.001085,-0.581445,-0.014,0.200,-2.137,-25.897,0.348,-3.074137,-0.026345,-0.000371,0.000000,0.000000,0.000000,0.000000,0.000000,0.000000,0,0.00
2.990000,0.028,0.300000,0.300000,4.321,7.00,0.135984,-0.139820,0.001065,-0.397688,-0.018,0.200,-2.139,-25.877,0.348,-3.072707,-0.027999,-0.000514,0.000000,0.000000,0.000000,0.000000,0.000000,0.000000,0,0.00
3.000000,0.029,0.300000,0.300000,4.321,7.00,0.152385,-0.145670,0.001033,-0.271561,-0.021,0.200,-2.140,-25.858,0.348,-3.071874,-0.029164,-0.000645,0.000000,0.000000,0.000000,0.000000,0.000000,0.000000,0,0.00
3.010000,0.030,0.300000,0.300000,4.321,7.00,0.167147,-0.149263,0.001002,-0.225395,-0.024,0.200,-2.141,-25.839,0.348,-3.071579,-0.029877,-0.000761,0.000000,0.000000,0.000000,0.000000,0.000000,0.000000,0,0.00
3.020000,0.030,0.259154,0.259154,4.321,7.00,0.180432,-0.150755,0.000990,-0.109389,-0.026,0.173,-2.142,-25.819,0.348,-3.071769,-0.030169,-0.000857,0.000000,0.000000,0.000000,0.000000,0.000000,0.000000,0,0.00
3.030000,0.029,0.213302,0.213302,4.321,7.00,0.188305,-0.147311,0.000955,-0.066945,-0.028,0.142,-2.143,-25.800,0.348,-3.073159,-0.029474,-0.000896,0.000000,0.000000,0.000000,0.000000,0.000000,0.000000,0,0.00
3.040000,0.028,0.130587,0.130587,4.321,7.00,0.190806,-0.139194,0.000937,0.007671,-0.029,0.087,-2.144,-25.780,0.348,-3.075660,-0.027845,-0.000875,0.000000,0.000000,0.000000,0.000000,0.000000,0.000000,0,0.00
3.050000,0.025,-0.001352,-0.001352,4.321,7.00,0.184785,-0.124379,0.000925,0.124805,-0.030,0.001,-2.145,-25.761,0.348,-3.079778,-0.024878,-0.000773,0.000000,0.000000,0.000000,0.000000,0.000000,0.000000,0,0.00
3.060000,0.020,-0.262414,-0.262414,4.321,7.00,0.166530,-0.100663,0.000918,0.362160,-0.030,0.175,-2.145,-25.742,0.348,-3.086061,-0.020133,-0.000575,0.000000,0.000000,0.000000,0.000000,0.000000,0.000000,0,0.00
3.070000,0.014,-0.300000,-0.300000,4.321,7.00,0.136496,-0.069166,0.000898,0.442551,-0.029,0.200,-2.144,-25.722,0.348,-3.094202,-0.013834,-0.000320,0.000000,0.000000,0.000000,0.000000,0.000000,0.000000,0,0.00
3.080000,0.006,-0.300000,-0.300000,4.321,7.00,0.095161,-0.031051,0.000895,0.698537,-0.028,0.200,-2.143,-25.703,0.348,-3.103893,-0.006212,-0.000065,0.000000,0.000000,0.000000,0.000000,0.000000,0.000000,0,0.00
3.090000,-0.001,-0.300000,-0.300000,4.321,7.00,0.055648,0.003634,0.000895,0.903902,-0.025,0.200,-2.143,-25.683,0.348,-3.112517,0.000724,0.000102,0.000000,0.000000,0.000000,0.000000,0.000000,0.000000,0,0.00
3.100000,-0.007,-0.300000,-0.300000,4.321,7.00,0.020088,0.033525,0.000898,1.055026,-0.020,0.200,-2.142,-25.664,0.348,-3.119753,0.006703,0.000171,0.000000,0.000000,0.000000,0.000000,0.000000,0.000000,0,0.00
3.110000,-0.012,-0.300000,-0.300000,4.321,7.00,-0.011931,0.059154,0.000911,0.900051,-0.014,0.200,-2.141,-25.644,0.348,-3.125770,0.011830,0.000158,0.000000,0.000000,0.000000,0.000000,0.000000,0.000000,0,0.00
3.120000,-0.016,-0.300000,-0.300000,4.321,7.00,-0.040732,0.080951,0.000929,0.895851,-0.006,0.200,-2.141,-25.625,0.348,-3.130708,0.016191,0.000085,0.000000,0.000000,0.000000,0.000000,0.000000,0.000000,0,0.00
3.130000,-0.020,-0.300000,-0.300000,4.321,7.00,-0.066658,0.099277,0.000937,0.781564,0.001,0.200,-2.141,-25.606,0.348,-3.134683,0.019857,-0.000030,0.000000,0.000000,0.000000,0.000000,0.000000,0.000000,0,0.00
3.140000,-0.023,-0.300000,-0.300000,4.321,7.00,-0.089991,0.114444,0.000966,0.574977,0.007,0.200,-2.140,-25.586,0.348,-3.137800,0.022892,-0.000167,0.000000,0.000000,0.000000,0.000000,0.000000,0.000000,0,0.00
3.150000,-0.025,-0.300000,-0.300000,4.321,7.00,-0.110992,0.126722,0.000982,0.385579,0.012,0.200,-2.140,-25.567,0.348,-3.140147,0.025348,-0.000314,0.000000,0.000000,0.000000,0.000000,0.000000,0.000000,0,0.00
3.160000,-0.027,-0.300000,-0.300000,4.321,7.00,-0.129892,0.136346,0.000997,0.371215,0.016,0.200,-2.140,-25.547,0.348,3.141382,0.027272,-0.000461,0.000000,0.000000,0.000000,0.000000,0.000000,0.000000,0,0.00
3.170000,-0.029,-0.300000,-0.300000,4.321,7.00,-0.146903,0.143521,0.001044,0.321104,0.020,0.200,-2.140,-25.528,0.348,3.140346,0.028707,-0.000600,0.000000,0.000000,0.000000,0.000000,0.000000,0.000000,0,0.00
3.180000,-0.030,-0.300000,-0.300000,4.321,7.00,-0.162212,0.148427,0.001058,0.202939,0.023,0.200,-2.141,-25.509,0.348,3.139869,0.029689,-0.000725,0.000000,0.000000,0.000000,0.000000,0.000000,0.000000,0,0.00
3.190000,-0.030,-0.300000,-0.300000,4.321,7.00,-0.175991,0.151224,0.001074,0.182173,0.025,0.200,-2.141,-25.489,0.348,3.139895,0.030248,-0.000832,0.000000,0.000000,0.000000,0.000000,0.000000,0.000000,0,0.00
3.200000,-0.030,-0.275727,-0.275727,4.321,7.00,-0.188392,0.152054,0.001114,0.122559,0.027,0.184,-2.141,-25.470,0.348,3.140373,0.030414,-0.000919,0.000000,0.000000,0.000000,0.000000,0.000000,0.000000,0,0.00
3.210000,-0.030,-0.208166,-0.208166,4.321,7.00,-0.197126,0.149308,0.001147,0.057712,0.029,0.139,-2.141,-25.451,0.349,-3.141470,0.029866,-0.000963,0.000000,0.000000,0.000000,0.000000,0.000000,0.000000,0,0.00
3.220000,-0.028,-0.110324,-0.110324,4.321,7.00,-0.198232,0.140283,0.001158,-0.031117,0.030,0.074,-2.142,-25.431,0.349,-3.138577,0.028063,-0.000933,0.000000,0.000000,0.000000,0.000000,0.000000,0.000000,0,0.00
3.230000,-0.025,-0.016786,-0.016786,4.321,7.00,-0.189443,0.123725,0.001188,-0.108126,0.030,0.011,-2.143,-25.412,0.348,-3.133832,0.024755,-0.000810,0.000000,0.000000,0.000000,0.000000,0.000000,0.000000,0,0.00
3.240000,-0.020,0.126166,0.126166,4.321,7.00,-0.172180,0.101217,0.001202,-0.228584,0.030,0.084,-2.145,-25.392,0.348,-3.127674,0.020255,-0.000617,0.000000,0.000000,0.000000,0.000000,0.000000,0.000000,0,0.00
3.250000,-0.015,0.300000,0.300000,4.321,7.00,-0.145445,0.072579,0.001211,-0.379400,0.030,0.200,-2.146,-25.373,0.348,-3.120069,0.014528,-0.000377,0.000000,0.000000,0.000000,0.000000,0.000000,0.000000,0,0.00
3.260000,-0.008,0.300000,0.300000,4.321,7.00,-0.109608,0.038693,0.001218,-0.482716,0.028,0.200,-2.149,-25.354,0.348,-3.111257,0.007746,-0.000132,0.000000,0.000000,0.000000,0.000000,0.000000,0.000000,0,0.00
3.270000,-0.001,0.300000,0.300000,4.321,7.00,-0.068652,0.002957,0.001219,-0.508000,0.025,0.200,-2.151,-25.334,0.348,-3.102132,0.000589,0.000059,0.000000,0.000000,0.000000,0.000000,0.000000,0.000000,0,0.00
3.280000,0.006,0.300000,0.300000,4.321,7.00,-0.031790,-0.027875,0.001214,-0.590753,0.020,0.200,-2.153,-25.315,0.348,-3.094456,-0.005589,0.000157,0.000000,0.000000,0.000000,0.000000,0.000000,0.000000,0,0.00
3.290000,0.011,0.300000,0.300000,4.321,7.00,0.001447,-0.054358,0.001200,-0.551133,0.015,0.200,-2.155,-25.296,0.348,-3.088052,-0.010896,0.000169,0.000000,0.000000,0.000000,0.000000,0.000000,0.000000,0,0.00
3.300000,0.015,0.300000,0.300000,4.321,7.00,0.031247,-0.076947,0.001184,-0.469984,0.008,0.200,-2.157,-25.276,0.348,-3.082772,-0.015423,0.000113,0.000000,0.000000,0.000000,0.000000,0.000000,0.000000,0,0.00
3.310000,0.019,0.300000,0.300000,4.321,7.00,0.058121,-0.096035,0.001176,-0.516255,0.001,0.200,-2.158,-25.257,0.348,-3.078490,-0.019247,0.000009,0.000000,0.000000,0.000000,0.000000,0.000000,0.000000,0,0.00
3.320000,0.022,0.300000,0.300000,4.321,7.00,0.082308,-0.111948,0.001144,-0.451877,-0.006,0.200,-2.160,-25.238,0.348,-3.075099,-0.022433,-0.000123,0.000000,0.000000,0.000000,0.000000,0.000000,0.000000,0,0.00
3.330000,0.025,0.300000,0.300000,4.321,7.00,0.104077,-0.124970,0.001126,-0.381380,-0.011,0.200,-2.162,-25.218,0.348,-3.072502,-0.025038,-0.000269,0.000000,0.000000,0.000000,0.000000,0.000000,0.000000,0,0.00
3.340000,0.027,0.300000,0.300000,4.321,7.00,0.123669,-0.135330,0.001115,-0.399639,-0.015,0.200,-2.163,-25.199,0.348,-3.070621,-0.027108,-0.000418,0.000000,0.000000,0.000000,0.000000,0.000000,0.000000,0,0.00
3.350000,0.029,0.300000,0.300000,4.321,7.00,0.141302,-0.143239,0.001066,-0.346716,-0.019,0.200,-2.164,-25.180,0.348,-3.069382,-0.028686,-0.000561,0.000000,0.000000,0.000000,0.000000,0.000000,0.000000,0,0.00
3.360000,0.030,0.300000,0.300000,4.321,7.00,0.157172,-0.148884,0.001050,-0.223586,-0.022,0.200,-2.166,-25.160,0.348,-3.068722,-0.029810,-0.000692,0.000000,0.000000,0.000000,0.000000,0.000000,0.000000,0,0.00
3.370000,0.030,0.300000,0.300000,4.321,7.00,0.171455,-0.152428,0.001038,-0.216877,-0.025,0.200,-2.167,-25.141,0.348,-3.068583,-0.030513,-0.000808,0.000000,0.000000,0.000000,0.000000,0.000000,0.000000,0,0.00
3.380000,0.031,0.300000,0.300000,4.321,7.00,0.184309,-0.154021,0.000998,-0.164322,-0.027,0.200,-2.168,-25.122,0.348,-3.068912,-0.030825,-0.000903,0.000000,0.000000,0.000000,0.000000,0.000000,0.000000,0,0.00
3.390000,0.031,0.234104,0.234104,4.321,7.00,0.195878,-0.153788,0.000967,-0.081282,-0.029,0.156,-2.169,-25.102,0.349,-3.069665,-0.030772,-0.000979,0.000000,0.000000,0.000000,0.000000,0.000000,0.000000,0,0.00
3.400000,0.029,0.156211,0.156211,4.321,7.00,0.199703,-0.146985,0.000955,-0.010182,-0.030,0.104,-2.170,-25.083,0.349,-3.072037,-0.029405,-0.000974,0.000000,0.000000,0.000000,0.000000,0.000000,0.000000,0,0.00
3.410000,0.027,0.070668,0.070668,4.321,7.00,0.195356,-0.133610,0.000925,0.062017,-0.030,0.047,-2.170,-25.063,0.348,-3.075987,-0.026725,-0.000885,0.000000,0.000000,0.000000,0.000000,0.000000,0.000000,0,0.00
3.420000,0.023,-0.069939,-0.069939,4.321,7.00,0.182889,-0.114123,0.000910,0.183153,-0.031,0.047,-2.170,-25.044,0.348,-3.081362,-0.022825,-0.000720,0.000000,0.000000,0.000000,0.000000,0.000000,0.000000,0,0.00
3.430000,0.018,-0.264214,-0.264214,4.321,7.00,0.161166,-0.088128,0.000901,0.351441,-0.031,0.176,-2.170,-25.025,0.348,-3.088233,-0.017625,-0.000493,0.000000,0.000000,0.000000,0.000000,0.000000,0.000000,0,0.00
3.440000,0.011,-0.300000,-0.300000,4.321,7.00,0.130230,-0.056219,0.000897,0.638015,-0.029,0.200,-2.170,-25.005,0.348,-3.096422,-0.011245,-0.000239,0.000000,0.000000,0.000000,0.000000,0.000000,0.000000,0,0.00
3.450000,0.004,-0.300000,-0.300000,4.321,7.00,0.090106,-0.018988,0.000893,0.709167,-0.027,0.200,-2.169,-24.986,0.348,-3.105761,-0.003800,-0.000008,0.000000,0.000000,0.000000,0.000000,0.000000,0.000000,0,0.00
3.460000,-0.003,-0.300000,-0.300000,4.321,7.00,0.051099,0.015455,0.000897,0.771473,-0.023,0.200,-2.168,-24.966,0.348,-3.114191,0.003089,0.000135,0.000000,0.000000,0.000000,0.000000,0.000000,0.000000,0,0.00
3.470000,-0.009,-0.300000,-0.300000,4.321,7.00,0.015994,0.045151,0.000904,0.800011,-0.018,0.200,-2.168,-24.947,0.348,-3.121259,0.009028,0.000183,0.000000,0.000000,0.000000,0.000000,0.000000,0.000000,0,0.00
3.480000,-0.014,-0.300000,-0.300000,4.321,7.00,-0.015615,0.070613,0.000920,0.704279,-0.011,0.200,-2.167,-24.927,0.348,-3.127130,0.014122,0.000152,0.000000,0.000000,0.000000,0.000000,0.000000,0.000000,0,0.00
3.490000,-0.018,-0.300000,-0.300000,4.321,7.00,-0.044050,0.092248,0.000939,0.486231,-0.004,0.200,-2.167,-24.908,0.348,-3.131938,0.018451,0.000063,0.000000,0.000000,0.000000,0.000000,0.000000,0.000000,0,0.00
3.500000,-0.022,-0.300000,-0.300000,4.321,7.00,-0.069644,0.110410,0.000946,0.532578,0.003,0.200,-2.167,-24.889,0.348,-3.135799,0.022085,-0.000063,0.000000,0.000000,0.000000,0.000000,0.000000,0.000000,0,0.00
3.510000,-0.025,-0.300000,-0.300000,4.321,7.00,-0.092679,0.125403,0.000975,0.473620,0.009,0.200,-2.166,-24.869,0.348,-3.138815,0.025084,-0.000210,0.000000,0.000000,0.000000,0.000000,0.000000,0.000000,0,0.00
3.520000,-0.027,-0.300000,-0.300000,4.321,7.00,-0.113411,0.137493,0.000998,0.401151,0.014,0.200,-2.166,-24.850,0.348,-3.141072,0.027502,-0.000364,0.000000,0.000000,0.000000,0.000000,0.000000,0.000000,0,0.00
3.530000,-0.029,-0.300000,-0.300000,4.321,7.00,-0.132070,0.146910,0.001011,0.400632,0.018,0.200,-2.166,-24.830,0.348,3.140538,0.029386,-0.000517,0.000000,0.000000,0.000000,0.000000,0.000000,0.000000,0,0.00
3.540000,-0.031,-0.300000,-0.300000,4.321,7.00,-0.148863,0.153857,0.001041,0.353978,0.022,0.200,-2.166,-24.811,0.348,3.139574,0.030775,-0.000659,0.000000,0.000000,0.000000,0.000000,0.000000,0.000000,0,0.00
3.550000,-0.032,-0.300000,-0.300000,4.321,7.00,-0.163976,0.158515,0.001072,0.195068,0.025,0.200,-2.167,-24.792,0.348,3.139161,0.031707,-0.000787,0.000000,0.000000,0.000000,0.000000,0.000000,0.000000,0,0.00
3.560000,-0.032,-0.300000,-0.300000,4.321,7.00,-0.177579,0.161044,0.001112,0.160432,0.027,0.200,-2.167,-24.772,0.348,3.139244,0.032212,-0.000896,0.000000,0.000000,0.000000,0.000000,0.000000,0.000000,0,0.00
3.570000,-0.032,-0.276338,-0.276338,4.321,7.00,-0.189821,0.161585,0.001155,0.113599,0.029,0.184,-2.167,-24.753,0.349,3.139775,0.032321,-0.000985,0.000000,0.000000,0.000000,0.000000,0.000000,0.000000,0,0.00
3.580000,-0.032,-0.189171,-0.189171,4.321,7.00,-0.198473,0.158481,0.001174,0.029516,0.031,0.126,-2.167,-24.733,0.349,3.141152,0.031701,-0.001026,0.000000,0.000000,0.000000,0.000000,0.000000,0.000000,0,0.00
3.590000,-0.029,-0.120299,-0.120299,4.321,7.00,-0.197545,0.147336,0.001204,-0.028242,0.032,0.080,-2.168,-24.714,0.349,-3.138739,0.029474,-0.000966,0.000000,0.000000,0.000000,0.000000,0.000000,0.000000,0,0.00
3.600000,-0.026,0.069992,0.069992,4.321,7.00,-0.189822,0.130732,0.001213,-0.201936,0.032,0.047,-2.169,-24.695,0.348,-3.134208,0.026156,-0.000833,0.000000,0.000000,0.000000,0.000000,0.000000,0.000000,0,0.00
3.610000,-0.021,0.176917,0.176917,4.321,7.00,-0.170567,0.105499,0.001236,-0.283652,0.032,0.118,-2.170,-24.675,0.348,-3.127671,0.021112,-0.000606,0.000000,0.000000,0.000000,0.000000,0.000000,0.000000,0,0.00
3.620000,-0.014,0.300000,0.300000,4.321,7.00,-0.139734,0.072340,0.001247,-0.425809,0.032,0.200,-2.172,-24.656,0.348,-3.119332,0.014479,-0.000325,0.000000,0.000000,0.000000,0.000000,0.000000,0.000000,0,0.00
3.630000,-0.006,0.300000,0.300000,4.321,7.00,-0.097295,0.032029,0.001254,-0.521172,0.029,0.200,-2.174,-24.636,0.348,-3.109400,0.006411,-0.000047,0.000000,0.000000,0.000000,0.000000,0.000000,0.000000,0,0.00
3.640000,0.001,0.300000,0.300000,4.321,7.00,-0.057569,-0.004133,0.001253,-0.601970,0.026,0.200,-2.176,-24.617,0.348,-3.100718,-0.000832,0.000124,0.000000,0.000000,0.000000,0.000000,0.000000,0.000000,0,0.00
3.650000,0.007,0.300000,0.300000,4.321,7.00,-0.021817,-0.035433,0.001251,-0.736655,0.021,0.200,-2.178,-24.598,0.348,-3.093428,-0.007104,0.000189,0.000000,0.000000,0.000000,0.000000,0.000000,0.000000,0,0.00
3.660000,0.012,0.300000,0.300000,4.321,7.00,0.010378,-0.062411,0.001236,-0.733522,0.014,0.200,-2.180,-24.578,0.348,-3.087363,-0.012510,0.000169,0.000000,0.000000,0.000000,0.000000,0.000000,0.000000,0,0.00
3.670000,0.017,0.300000,0.300000,4.321,7.00,0.039332,-0.085511,0.001223,-0.691585,0.006,0.200,-2.182,-24.559,0.348,-3.082385,-0.017138,0.000087,0.000000,0.000000,0.000000,0.000000,0.000000,0.000000,0,0.00
3.680000,0.021,0.300000,0.300000,4.321,7.00,0.065397,-0.105109,0.001212,-0.703689,-0.001,0.200,-2.183,-24.540,0.348,-3.078372,-0.021063,-0.000037,0.000000,0.000000,0.000000,0.000000,0.000000,0.000000,0,0.00
3.690000,0.024,0.300000,0.300000,4.321,7.00,0.088857,-0.121537,0.001204,-0.738800,-0.007,0.200,-2.185,-24.521,0.348,-3.075219,-0.024351,-0.000185,0.000000,0.000000,0.000000,0.000000,0.000000,0.000000,0,0.00
3.700000,0.027,0.300000,0.300000,4.321,7.00,0.109971,-0.135063,0.001163,-0.473838,-0.012,0.200,-2.186,-24.501,0.348,-3.072838,-0.027056,-0.000344,0.000000,0.000000,0.000000,0.000000,0.000000,0.000000,0,0.00
3.710000,0.029,0.300000,0.300000,4.321,7.00,0.128973,-0.145921,0.001147,-0.464918,-0.017,0.200,-2.187,-24.482,0.348,-3.071150,-0.029226,-0.000502,0.000000,0.000000,0.000000,0.000000,0.000000,0.000000,0,0.00
3.720000,0.031,0.300000,0.300000,4.321,7.00,0.146076,-0.154321,0.001129,-0.411949,-0.021,0.200,-2.189,-24.463,0.348,-3.070084,-0.030901,-0.000652,0.000000,0.000000,0.000000,0.000000,0.000000,0.000000,0,0.00
3.730000,0.032,0.300000,0.300000,4.321,7.00,0.161468,-0.160446,0.001082,-0.302094,-0.024,0.200,-2.190,-24.443,0.348,-3.069580,-0.032121,-0.000790,0.000000,0.000000,0.000000,0.000000,0.000000,0.000000,0,0.00
3.740000,0.033,0.300000,0.300000,4.321,7.00,0.175321,-0.164461,0.001047,-0.163011,-0.027,0.200,-2.191,-24.424,0.348,-3.069581,-0.032918,-0.000911,0.000000,0.000000,0.000000,0.000000,0.000000,0.000000,0,0.00
3.750000,0.033,0.300000,0.300000,4.321,7.00,0.187789,-0.166511,0.001031,-0.148235,-0.029,0.200,-2.192,-24.404,0.348,-3.070036,-0.033321,-0.001012,0.000000,0.000000,0.000000,0.000000,0.000000,0.000000,0,0.00
3.760000,0.033,0.251350,0.251350,4.321,7.00,0.199010,-0.166721,0.000987,-0.085616,-0.031,0.168,-2.193,-24.385,0.349,-3.070902,-0.033356,-0.001093,0.000000,0.000000,0.000000,0.000000,0.000000,0.000000,0,0.00
3.770000,0.032,0.177888,0.177888,4.321,7.00,0.204245,-0.161656,0.000964,-0.017196,-0.032,0.119,-2.193,-24.366,0.349,-3.073052,-0.032337,-0.001105,0.000000,0.000000,0.000000,0.000000,0.000000,0.000000,0,0.00
3.780000,0.030,0.071150,0.071150,4.321,7.00,0.201611,-0.150206,0.000950,0.078106,-0.033,0.047,-2.194,-24.346,0.349,-3.076748,-0.030042,-0.001036,0.000000,0.000000,0.000000,0.000000,0.000000,0.000000,0,0.00
3.790000,0.026,-0.021657,-0.021657,4.321,7.00,0.188567,-0.130954,0.000924,0.151687,-0.033,0.014,-2.194,-24.327,0.348,-3.082335,-0.026188,-0.000868,0.000000,0.000000,0.000000,0.000000,0.000000,0.000000,0,0.00
3.800000,0.021,-0.131347,-0.131347,4.321,7.00,0.167547,-0.106306,0.000901,0.236753,-0.033,0.088,-2.194,-24.307,0.348,-3.089169,-0.021259,-0.000637,0.000000,0.000000,0.000000,0.000000,0.000000,0.000000,0,0.00
3.810000,0.015,-0.300000,-0.300000,4.321,7.00,0.137660,-0.076167,0.000890,0.376875,-0.032,0.200,-2.193,-24.288,0.348,-3.097271,-0.015233,-0.000373,0.000000,0.000000,0.000000,0.000000,0.000000,0.000000,0,0.00
3.820000,0.008,-0.300000,-0.300000,4.321,7.00,0.096506,-0.039447,0.000880,0.444072,-0.030,0.200,-2.192,-24.268,0.348,-3.106929,-0.007890,-0.000109,0.000000,0.000000,0.000000,0.000000,0.000000,0.000000,0,0.00
3.830000,0.001,-0.300000,-0.300000,4.321,7.00,0.056859,-0.005936,0.000878,0.431908,-0.026,0.200,-2.191,-24.249,0.348,-3.115583,-0.001190,0.000073,0.000000,0.000000,0.000000,0.000000,0.000000,0.000000,0,0.00
3.840000,-0.005,-0.300000,-0.300000,4.321,7.00,0.021177,0.022756,0.000880,0.600877,-0.021,0.200,-2.190,-24.230,0.348,-3.122847,0.004549,0.000160,0.000000,0.000000,0.000000,0.000000,0.000000,0.000000,0,0.00
3.850000,-0.009,-0.300000,-0.300000,4.321,7.00,-0.010951,0.047158,0.000894,0.581337,-0.015,0.200,-2.189,-24.210,0.348,-3.128889,0.009430,0.000166,0.000000,0.000000,0.000000,0.000000,0.000000,0.000000,0,0.00
3.860000,-0.014,-0.300000,-0.300000,4.321,7.00,-0.039850,0.067711,0.000903,0.536961,-0.008,0.200,-2.189,-24.191,0.348,-3.133851,0.013542,0.000111,0.000000,0.000000,0.000000,0.000000,0.000000,0.000000,0,0.00
3.870000,-0.017,-0.300000,-0.300000,4.321,7.00,-0.065863,0.084773,0.000922,0.497074,-0.001,0.200,-2.188,-24.171,0.348,-3.137848,0.016955,0.000015,0.000000,0.000000,0.000000,0.000000,0.000000,0.000000,0,0.00
3.880000,-0.020,-0.300000,-0.300000,4.321,7.00,-0.089276,0.098658,0.000954,0.455126,0.005,0.200,-2.188,-24.152,0.348,-3.140984,0.019733,-0.000105,0.000000,0.000000,0.000000,0.000000,0.000000,0.000000,0,0.00
3.890000,-0.022,-0.300000,-0.300000,4.321,7.00,-0.110348,0.109638,0.000979,0.255486,0.009,0.200,-2.188,-24.133,0.348,3.139837,0.021929,-0.000235,0.000000,0.000000,0.000000,0.000000,0.000000,0.000000,0,0.00
3.900000,-0.024,-0.300000,-0.300000,4.321,7.00,-0.129313,0.117949,0.000997,0.237002,0.014,0.200,-2.188,-24.113,0.348,3.138165,0.023591,-0.000364,0.000000,0.000000,0.000000,0.000000,0.000000,0.000000,0,0.00
3.910000,-0.025,-0.300000,-0.300000,4.321,7.00,-0.146382,0.123797,0.001010,0.178062,0.017,0.200,-2.187,-24.094,0.348,3.137115,0.024760,-0.000485,0.000000,0.000000,0.000000,0.000000,0.000000,0.000000,0,0.00
3.920000,-0.025,-0.266237,-0.266237,4.321,7.00,-0.161743,0.127365,0.001040,0.137832,0.020,0.177,-2.187,-24.074,0.348,3.136625,0.025473,-0.000593,0.000000,0.000000,0.000000,0.000000,0.000000,0.000000,0,0.00
3.930000,-0.025,-0.234794,-0.234794,4.321,7.00,-0.172194,0.126415,0.001067,0.107312,0.022,0.157,-2.187,-24.055,0.348,3.137270,0.025283,-0.000660,0.000000,0.000000,0.000000,0.000000,0.000000,0.000000,0,0.00
3.940000,-0.024,-0.156037,-0.156037,4.321,7.00,-0.178454,0.121663,0.001076,0.033299,0.024,0.104,-2.188,-24.036,0.348,3.138838,0.024333,-0.000680,0.000000,0.000000,0.000000,0.000000,0.000000,0.000000,0,0.00
3.950000,-0.022,-0.076022,-0.076022,4.321,7.00,-0.176215,0.110211,0.001099,-0.035288,0.025,0.051,-2.188,-24.016,0.348,-3.141113,0.022044,-0.000628,0.000000,0.000000,0.000000,0.000000,0.000000,0.000000,0,0.00
3.960000,-0.019,0.046539,0.046539,4.321,7.00,-0.166197,0.093025,0.001114,-0.140677,0.025,0.031,-2.189,-23.997,0.348,-3.136490,0.018609,-0.000510,0.000000,0.000000,0.000000,0.000000,0.000000,0.000000,0,0.00
3.970000,-0.014,0.247891,0.247891,4.321,7.00,-0.146471,0.069177,0.001120,-0.318188,0.025,0.165,-2.191,-23.977,0.348,-3.130252,0.013840,-0.000336,0.000000,0.000000,0.000000,0.000000,0.000000,0.000000,0,0.00
3.980000,-0.008,0.300000,0.300000,4.321,7.00,-0.117435,0.039556,0.001128,-0.403367,0.024,0.200,-2.192,-23.958,0.348,-3.122646,0.007915,-0.000137,0.000000,0.000000,0.000000,0.000000,0.000000,0.000000,0,0.00
3.990000,-0.001,0.300000,0.300000,4.321,7.00,-0.079458,0.005017,0.001129,-0.470547,0.022,0.200,-2.194,-23.939,0.348,-3.113904,0.001003,0.000041,0.000000,0.000000,0.000000,0.000000,0.000000,0.000000,0,0.00
4.000000,0.006,0.300000,0.300000,4.321,7.00,-0.041516,-0.027587,0.001127,-0.698691,0.019,0.200,-2.196,-23.919,0.348,-3.105824,-0.005526,0.000146,0.000000,0.000000,0.000000,0.000000,0.000000,0.000000,0,0.00
4.010000,0.011,0.300000,0.300000,4.321,7.00,-0.007374,-0.055654,0.001123,-0.881745,0.014,0.200,-2.198,-23.900,0.348,-3.099067,-0.011148,0.000167,0.000000,0.000000,0.000000,0.000000,0.000000,0.000000,0,0.00
4.020000,0.016,0.300000,0.300000,4.321,7.00,0.023375,-0.079667,0.001104,-0.778812,0.008,0.200,-2.200,-23.881,0.348,-3.093475,-0.015958,0.000119,0.000000,0.000000,0.000000,0.000000,0.000000,0.000000,0,0.00
4.030000,0.020,0.300000,0.300000,4.321,7.00,0.051035,-0.100028,0.001092,-0.799557,0.001,0.200,-2.201,-23.861,0.348,-3.088918,-0.020036,0.000018,0.000000,0.000000,0.000000,0.000000,0.000000,0.000000,0,0.00
4.040000,0.023,0.300000,0.300000,4.321,7.00,0.075931,-0.117085,0.001082,-0.807958,-0.006,0.200,-2.203,-23.842,0.348,-3.085281,-0.023450,-0.000115,0.000000,0.000000,0.000000,0.000000,0.000000,0.000000,0,0.00
4.050000,0.026,0.300000,0.300000,4.321,7.00,0.098337,-0.131128,0.001058,-0.594462,-0.011,0.200,-2.204,-23.823,0.348,-3.082465,-0.026259,-0.000266,0.000000,0.000000,0.000000,0.000000,0.000000,0.000000,0,0.00
4.060000,0.028,0.300000,0.300000,4.321,7.00,0.118503,-0.142398,0.001048,-0.443965,-0.016,0.200,-2.205,-23.803,0.348,-3.080388,-0.028511,-0.000422,0.000000,0.000000,0.000000,0.000000,0.000000,0.000000,0,0.00
4.070000,0.030,0.300000,0.300000,4.321,7.00,0.136653,-0.151114,0.001016,-0.405742,-0.020,0.200,-2.206,-23.784,0.348,-3.078974,-0.030251,-0.000574,0.000000,0.000000,0.000000,0.000000,0.000000,0.000000,0,0.00
4.080000,0.031,0.300000,0.300000,4.321,7.00,0.152988,-0.157467,0.000991,-0.322178,-0.023,0.200,-2.208,-23.765,0.348,-3.078157,-0.031517,-0.000716,0.000000,0.000000,0.000000,0.000000,0.000000,0.000000,0,0.00
4.090000,0.032,0.300000,0.300000,4.321,7.00,0.167689,-0.161626,0.000952,-0.214562,-0.026,0.200,-2.209,-23.745,0.348,-3.077876,-0.032343,-0.000842,0.000000,0.000000,0.000000,0.000000,0.000000,0.000000,0,0.00
4.100000,0.033,0.300000,0.300000,4.321,7.00,0.180920,-0.163743,0.000919,-0.171464,-0.028,0.200,-2.209,-23.726,0.348,-3.078079,-0.032760,-0.000948,0.000000,0.000000,0.000000,0.000000,0.000000,0.000000,0,0.00
4.110000,0.033,0.234643,0.234643,4.321,7.00,0.192828,-0.163949,0.000907,-0.071601,-0.030,0.156,-2.210,-23.706,0.349,-3.078717,-0.032796,-0.001034,0.000000,0.000000,0.000000,0.000000,0.000000,0.000000,0,0.00
4.120000,0.032,0.185279,0.185279,4.321,7.00,0.197011,-0.157551,0.000867,-0.028595,-0.031,0.124,-2.211,-23.687,0.349,-3.080976,-0.031511,-0.001035,0.000000,0.000000,0.000000,0.000000,0.000000,0.000000,0,0.00
4.130000,0.029,0.098758,0.098758,4.321,7.00,0.195839,-0.146624,0.000847,0.047019,-0.032,0.066,-2.211,-23.668,0.349,-3.084285,-0.029321,-0.000973,0.000000,0.000000,0.000000,0.000000,0.000000,0.000000,0,0.00
4.140000,0.026,-0.040502,-0.040502,4.321,7.00,0.186134,-0.129062,0.000834,0.168730,-0.033,0.027,-2.211,-23.648,0.348,-3.089157,-0.025807,-0.000828,0.000000,0.000000,0.000000,0.000000,0.000000,0.000000,0,0.00
4.150000,0.021,-0.158363,-0.158363,4.321,7.00,0.167117,-0.104751,0.000815,0.262299,-0.033,0.106,-2.211,-23.629,0.348,-3.095585,-0.020946,-0.000609,0.000000,0.000000,0.000000,0.000000,0.000000,0.000000,0,0.00
4.160000,0.015,-0.289900,-0.289900,4.321,7.00,0.138860,-0.074294,0.000800,0.363394,-0.032,0.193,-2.211,-23.609,0.348,-3.103387,-0.014857,-0.000349,0.000000,0.000000,0.000000,0.000000,0.000000,0.000000,0,0.00
4.170000,0.008,-0.300000,-0.300000,4.321,7.00,0.101408,-0.038302,0.000797,0.576337,-0.029,0.200,-2.210,-23.590,0.348,-3.112387,-0.007661,-0.000095,0.000000,0.000000,0.000000,0.000000,0.000000,0.000000,0,0.00
4.180000,0.000,-0.300000,-0.300000,4.321,7.00,0.061271,-0.002107,0.000796,0.749990,-0.026,0.200,-2.209,-23.570,0.348,-3.121222,-0.000423,0.000086,0.000000,0.000000,0.000000,0.000000,0.000000,0.000000,0,0.00
4.190000,-0.006,-0.300000,-0.300000,4.321,7.00,0.025148,0.029252,0.000804,0.717746,-0.021,0.200,-2.208,-23.551,0.348,-3.128643,0.005849,0.000164,0.000000,0.000000,0.000000,0.000000,0.000000,0.000000,0,0.00
4.200000,-0.011,-0.300000,-0.300000,4.321,7.00,-0.007381,0.056302,0.000816,0.713389,-0.015,0.200,-2.208,-23.532,0.348,-3.134822,0.011260,0.000157,0.000000,0.000000,0.000000,0.000000,0.000000,0.000000,0,0.00
4.210000,-0.016,-0.300000,-0.300000,4.321,7.00,-0.036633,0.079498,0.000822,0.813512,-0.008,0.200,-2.207,-23.512,0.348,-3.139906,0.015900,0.000085,0.000000,0.000000,0.000000,0.000000,0.000000,0.000000,0,0.00
4.220000,-0.020,-0.300000,-0.300000,4.321,7.00,-0.062968,0.099198,0.000829,0.754818,-0.000,0.200,-2.207,-23.493,0.348,3.139172,0.019841,-0.000030,0.000000,0.000000,0.000000,0.000000,0.000000,0.000000,0,0.00
4.230000,-0.023,-0.300000,-0.300000,4.321,7.00,-0.086671,0.115719,0.000854,0.579525,0.006,0.200,-2.206,-23.473,0.348,3.135937,0.023145,-0.000171,0.000000,0.000000,0.000000,0.000000,0.000000,0.000000,0,0.00
4.240000,-0.026,-0.300000,-0.300000,4.321,7.00,-0.108004,0.129336,0.000872,0.564919,0.011,0.200,-2.206,-23.454,0.348,3.133483,0.025868,-0.000325,0.000000,0.000000,0.000000,0.000000,0.000000,0.000000,0,0.00
4.250000,-0.028,-0.300000,-0.300000,4.321,7.00,-0.127203,0.140289,0.000884,0.563178,0.016,0.200,-2.206,-23.435,0.348,3.131730,0.028058,-0.000479,0.000000,0.000000,0.000000,0.000000,0.000000,0.000000,0,0.00
4.260000,-0.030,-0.300000,-0.300000,4.321,7.00,-0.144483,0.148790,0.000933,0.380242,0.020,0.200,-2.206,-23.415,0.348,3.130607,0.029757,-0.000627,0.000000,0.000000,0.000000,0.000000,0.000000,0.000000,0,0.00
4.270000,-0.031,-0.300000,-0.300000,4.321,7.00,-0.160034,0.155024,0.000958,0.234036,0.023,0.200,-2.206,-23.396,0.348,3.130051,0.031003,-0.000762,0.000000,0.000000,0.000000,0.000000,0.000000,0.000000,0,0.00
4.280000,-0.032,-0.300000,-0.300000,4.321,7.00,-0.174031,0.159155,0.001020,0.192140,0.026,0.200,-2.206,-23.377,0.348,3.130005,0.031828,-0.000882,0.000000,0.000000,0.000000,0.000000,0.000000,0.000000,0,0.00
4.290000,-0.032,-0.295294,-0.295294,4.321,7.00,-0.186628,0.161332,0.001069,0.132892,0.028,0.197,-2.206,-23.357,0.348,3.130419,0.032263,-0.000982,0.000000,0.000000,0.000000,0.000000,0.000000,0.000000,0,0.00
4.300000,-0.032,-0.214515,-0.214515,4.321,7.00,-0.197495,0.161325,0.001082,0.052108,0.030,0.143,-2.206,-23.338,0.349,3.131336,0.032261,-0.001059,0.000000,0.000000,0.000000,0.000000,0.000000,0.000000,0,0.00
4.310000,-0.031,-0.170881,-0.170881,4.321,7.00,-0.199199,0.153567,0.001121,0.016192,0.031,0.114,-2.207,-23.318,0.349,3.134127,0.030711,-0.001037,0.000000,0.000000,0.000000,0.000000,0.000000,0.000000,0,0.00
4.320000,-0.028,-0.087116,-0.087116,4.321,7.00,-0.196368,0.141979,0.001143,-0.056006,0.032,0.058,-2.208,-23.299,0.349,3.137773,0.028396,-0.000959,0.000000,0.000000,0.000000,0.000000,0.000000,0.000000,0,0.00
4.330000,-0.025,-0.009771,-0.009771,4.321,7.00,-0.185444,0.124121,0.001170,-0.115520,0.032,0.007,-2.209,-23.280,0.348,-3.140317,0.024828,-0.000804,0.000000,0.000000,0.000000,0.000000,0.000000,0.000000,0,0.00
4.340000,-0.020,0.084233,0.084233,4.321,7.00,-0.167879,0.101557,0.001192,-0.186983,0.032,0.056,-2.210,-23.260,0.348,-3.134186,0.020318,-0.000600,0.000000,0.000000,0.000000,0.000000,0.000000,0.000000,0,0.00
4.350000,-0.015,0.300000,0.300000,4.321,7.00,-0.142670,0.073963,0.001198,-0.431122,0.031,0.200,-2.212,-23.241,0.348,-3.126951,0.014800,-0.000365,0.000000,0.000000,0.000000,0.000000,0.000000,0.000000,0,0.00
4.360000,-0.008,0.300000,0.300000,4.321,7.00,-0.105835,0.038890,0.001201,-0.682012,0.028,0.200,-2.214,-23.221,0.348,-3.118009,0.007783,-0.000119,0.000000,0.000000,0.000000,0.000000,0.000000,0.000000,0,0.00
4.370000,-0.001,0.300000,0.300000,4.321,7.00,-0.065256,0.002919,0.001201,-0.728489,0.025,0.200,-2.216,-23.202,0.348,-3.109024,0.000582,0.000065,0.000000,0.000000,0.000000,0.000000,0.000000,0.000000,0,0.00
4.380000,0.006,0.300000,0.300000,4.321,7.00,-0.028734,-0.028023,0.001198,-0.816219,0.020,0.200,-2.217,-23.183,0.348,-3.101469,-0.005615,0.000154,0.000000,0.000000,0.000000,0.000000,0.000000,0.000000,0,0.00
4.390000,0.011,0.300000,0.300000,4.321,7.00,0.004161,-0.054489,0.001192,-0.932561,0.015,0.200,-2.219,-23.163,0.348,-3.095171,-0.010917,0.000158,0.000000,0.000000,0.000000,0.000000,0.000000,0.000000,0,0.00
4.400000,0.015,0.300000,0.300000,4.321,7.00,0.033727,-0.076939,0.001177,-0.761030,0.008,0.200,-2.221,-23.144,0.348,-3.089985,-0.015414,0.000098,0.000000,0.000000,0.000000,0.000000,0.000000,0.000000,0,0.00
4.410000,0.019,0.300000,0.300000,4.321,7.00,0.060353,-0.095762,0.001154,-0.540462,0.001,0.200,-2.223,-23.125,0.348,-3.085787,-0.019183,-0.000007,0.000000,0.000000,0.000000,0.000000,0.000000,0.000000,0,0.00
4.420000,0.022,0.300000,0.300000,4.321,7.00,0.084317,-0.111301,0.001137,-0.512260,-0.006,0.200,-2.224,-23.105,0.348,-3.082469,-0.022293,-0.000137,0.000000,0.000000,0.000000,0.000000,0.000000,0.000000,0,0.00
4.430000,0.025,0.300000,0.300000,4.321,7.00,0.105884,-0.123829,0.001100,-0.398448,-0.011,0.200,-2.225,-23.086,0.348,-3.079939,-0.024798,-0.000280,0.000000,0.000000,0.000000,0.000000,0.000000,0.000000,0,0.00
4.440000,0.027,0.300000,0.300000,4.321,7.00,0.125296,-0.133587,0.001069,-0.242174,-0.015,0.200,-2.227,-23.067,0.348,-3.078118,-0.026748,-0.000424,0.000000,0.000000,0.000000,0.000000,0.000000,0.000000,0,0.00
4.450000,0.028,0.300000,0.300000,4.321,7.00,0.142766,-0.140791,0.001055,-0.216227,-0.019,0.200,-2.228,-23.047,0.348,-3.076934,-0.028185,-0.000561,0.000000,0.000000,0.000000,0.000000,0.000000,0.000000,0,0.00
4.460000,0.029,0.300000,0.300000,4.321,7.00,0.158489,-0.145630,0.001012,-0.176952,-0.022,0.200,-2.229,-23.028,0.348,-3.076322,-0.029147,-0.000685,0.000000,0.000000,0.000000,0.000000,0.000000,0.000000,0,0.00
4.470000,0.030,0.269553,0.269553,4.321,7.00,0.172640,-0.148271,0.000990,-0.122273,-0.025,0.180,-2.230,-23.009,0.348,-3.076227,-0.029670,-0.000792,0.000000,0.000000,0.000000,0.000000,0.000000,0.000000,0,0.00
4.480000,0.029,0.238415,0.238415,4.321,7.00,0.182332,-0.146642,0.000939,-0.092712,-0.027,0.159,-2.231,-22.989,0.348,-3.077166,-0.029339,-0.000852,0.000000,0.000000,0.000000,0.000000,0.000000,0.000000,0,0.00
4.490000,0.028,0.174516,0.174516,4.321,7.00,0.187941,-0.141200,0.000923,-0.034239,-0.028,0.116,-2.232,-22.970,0.348,-3.079000,-0.028245,-0.000863,0.000000,0.000000,0.000000,0.000000,0.000000,0.000000,0,0.00
4.500000,0.026,0.048328,0.048328,4.321,7.00,0.186600,-0.130034,0.000910,0.080797,-0.029,0.032,-2.233,-22.950,0.348,-3.082206,-0.026008,-0.000804,0.000000,0.000000,0.000000,0.000000,0.000000,0.000000,0,0.00
4.510000,0.022,-0.030956,-0.030956,4.321,7.00,0.172775,-0.109495,0.000880,0.139571,-0.030,0.021,-2.233,-22.931,0.348,-3.087706,-0.021898,-0.000641,0.000000,0.000000,0.000000,0.000000,0.000000,0.000000,0,0.00
4.520000,0.017,-0.137462,-0.137462,4.321,7.00,0.152404,-0.084642,0.000861,0.221244,-0.029,0.092,-2.232,-22.912,0.348,-3.094164,-0.016928,-0.000436,0.000000,0.000000,0.000000,0.000000,0.000000,0.000000,0,0.00
4.530000,0.011,-0.248855,-0.248855,4.321,7.00,0.123420,-0.054441,0.000848,0.302448,-0.028,0.166,-2.232,-22.892,0.348,-3.101854,-0.010889,-0.000209,0.000000,0.000000,0.000000,0.000000,0.000000,0.000000,0,0.00
4.540000,0.004,-0.300000,-0.300000,4.321,7.00,0.086197,-0.019747,0.000845,0.432731,-0.026,0.200,-2.231,-22.873,0.348,-3.110553,-0.003951,-0.000002,0.000000,0.000000,0.000000,0.000000,0.000000,0.000000,0,0.00
4.550000,-0.003,-0.300000,-0.300000,4.321,7.00,0.047582,0.014052,0.000847,0.615003,-0.022,0.200,-2.230,-22.853,0.348,-3.118864,0.002808,0.000130,0.000000,0.000000,0.000000,0.000000,0.000000,0.000000,0,0.00
4.560000,-0.009,-0.300000,-0.300000,4.321,7.00,0.012829,0.043176,0.000857,0.640886,-0.017,0.200,-2.230,-22.834,0.348,-3.125824,0.008634,0.000172,0.000000,0.000000,0.000000,0.000000,0.000000,0.000000,0,0.00
4.570000,-0.014,-0.300000,-0.300000,4.321,7.00,-0.018462,0.068137,0.000872,0.646397,-0.011,0.200,-2.229,-22.814,0.348,-3.131598,0.013627,0.000140,0.000000,0.000000,0.000000,0.000000,0.000000,0.000000,0,0.00
4.580000,-0.018,-0.300000,-0.300000,4.321,7.00,-0.046613,0.089347,0.000890,0.630020,-0.004,0.200,-2.229,-22.795,0.348,-3.136319,0.017870,0.000052,0.000000,0.000000,0.000000,0.000000,0.000000,0.000000,0,0.00
4.590000,-0.021,-0.300000,-0.300000,4.321,7.00,-0.071951,0.107158,0.000901,0.580019,0.003,0.200,-2.228,-22.776,0.348,-3.140102,0.021433,-0.000072,0.000000,0.000000,0.000000,0.000000,0.000000,0.000000,0,0.00
4.600000,-0.024,-0.300000,-0.300000,4.321,7.00,-0.094755,0.121871,0.000910,0.446964,0.009,0.200,-2.228,-22.756,0.348,3.140140,0.024376,-0.000216,0.000000,0.000000,0.000000,0.000000,0.000000,0.000000,0,0.00
4.610000,-0.027,-0.300000,-0.300000,4.321,7.00,-0.115279,0.133751,0.000920,0.478547,0.014,0.200,-2.228,-22.737,0.348,3.137948,0.026752,-0.000368,0.000000,0.000000,0.000000,0.000000,0.000000,0.000000,0,0.00
4.620000,-0.029,-0.300000,-0.300000,4.321,7.00,-0.133751,0.143025,0.000933,0.466578,0.018,0.200,-2.228,-22.717,0.348,3.136431,0.028607,-0.000517,0.000000,0.000000,0.000000,0.000000,0.000000,0.000000,0,0.00
4.630000,-0.030,-0.300000,-0.300000,4.321,7.00,-0.150376,0.149894,0.000965,0.419454,0.021,0.200,-2.228,-22.698,0.348,3.135520,0.029980,-0.000656,0.000000,0.000000,0.000000,0.000000,0.000000,0.000000,0,0.00
4.640000,-0.031,-0.300000,-0.300000,4.321,7.00,-0.165338,0.154532,0.000996,0.322433,0.024,0.200,-2.228,-22.679,0.348,3.135155,0.030907,-0.000781,0.000000,0.000000,0.000000,0.000000,0.000000,0.000000,0,0.00
4.650000,-0.031,-0.300000,-0.300000,4.321,7.00,-0.178804,0.157098,0.001010,0.224003,0.027,0.200,-2.228,-22.659,0.348,3.135283,0.031420,-0.000888,0.000000,0.000000,0.000000,0.000000,0.000000,0.000000,0,0.00
4.660000,-0.032,-0.278492,-0.278492,4.321,7.00,-0.190924,0.157728,0.001053,0.119711,0.029,0.186,-2.228,-22.640,0.348,3.135853,0.031546,-0.000975,0.000000,0.000000,0.000000,0.000000,0.000000,0.000000,0,0.00
4.670000,-0.031,-0.198455,-0.198455,4.321,7.00,-0.199681,0.155009,0.001073,0.042373,0.030,0.132,-2.229,-22.621,0.349,3.137225,0.031003,-0.001019,0.000000,0.000000,0.000000,0.000000,0.000000,0.000000,0,0.00
4.680000,-0.029,-0.087058,-0.087058,4.321,7.00,-0.199560,0.145107,0.001084,-0.059133,0.031,0.058,-2.229,-22.601,0.349,3.140386,0.029024,-0.000978,0.000000,0.000000,0.000000,0.000000,0.000000,0.000000,0,0.00
4.690000,-0.025,0.094769,0.094769,4.321,7.00,-0.189196,0.127482,0.001094,-0.223344,0.031,0.063,-2.231,-22.582,0.348,-3.137740,0.025503,-0.000840,0.000000,0.000000,0.000000,0.000000,0.000000,0.000000,0,0.00
4.700000,-0.021,0.187452,0.187452,4.321,7.00,-0.169022,0.103049,0.001126,-0.291628,0.032,0.125,-2.232,-22.562,0.348,-3.131046,0.020619,-0.000623,0.000000,0.000000,0.000000,0.000000,0.000000,0.000000,0,0.00
4.710000,-0.015,0.300000,0.300000,4.321,7.00,-0.139437,0.072723,0.001133,-0.491809,0.031,0.200,-2.234,-22.543,0.348,-3.122969,0.014554,-0.000363,0.000000,0.000000,0.000000,0.000000,0.000000,0.000000,0,0.00
4.720000,-0.007,0.300000,0.300000,4.321,7.00,-0.100815,0.037390,0.001136,-0.776165,0.029,0.200,-2.236,-22.524,0.348,-3.113749,0.007484,-0.000109,0.000000,0.000000,0.000000,0.000000,0.000000,0.000000,0,0.00
4.730000,-0.001,0.300000,0.300000,4.321,7.00,-0.060738,0.002967,0.001136,-0.995143,0.025,0.200,-2.238,-22.504,0.348,-3.104940,0.000591,0.000073,0.000000,0.000000,0.000000,0.000000,0.000000,0.000000,0,0.00
4.740000,0.005,0.300000,0.300000,4.321,7.00,-0.024667,-0.026664,0.001130,-0.925279,0.021,0.200,-2.240,-22.485,0.348,-3.097541,-0.005345,0.000161,0.000000,0.000000,0.000000,0.000000,0.000000,0.000000,0,0.00
4.750000,0.010,0.300000,0.300000,4.321,7.00,0.007812,-0.052039,0.001119,-0.951733,0.015,0.200,-2.242,-22.466,0.348,-3.091380,-0.010430,0.000165,0.000000,0.000000,0.000000,0.000000,0.000000,0.000000,0,0.00
4.760000,0.015,0.300000,0.300000,4.321,7.00,0.037022,-0.073600,0.001114,-0.961597,0.007,0.200,-2.244,-22.446,0.348,-3.086316,-0.014749,0.000105,0.000000,0.000000,0.000000,0.000000,0.000000,0.000000,0,0.00
4.770000,0.018,0.300000,0.300000,4.321,7.00,0.063318,-0.091717,0.001095,-0.719419,0.001,0.200,-2.245,-22.427,0.348,-3.082227,-0.018377,0.000002,0.000000,0.000000,0.000000,0.000000,0.000000,0.000000,0,0.00
4.780000,0.021,0.300000,0.300000,4.321,7.00,0.086986,-0.106718,0.001081,-0.495080,-0.005,0.200,-2.247,-22.408,0.348,-3.079007,-0.021379,-0.000127,0.000000,0.000000,0.000000,0.000000,0.000000,0.000000,0,0.00
4.790000,0.024,0.300000,0.300000,4.321,7.00,0.108287,-0.118865,0.001073,-0.520051,-0.010,0.200,-2.248,-22.388,0.348,-3.076566,-0.023808,-0.000267,0.000000,0.000000,0.000000,0.000000,0.000000,0.000000,0,0.00
4.800000,0.026,0.300000,0.300000,4.321,7.00,0.127458,-0.128387,0.001060,-0.505972,-0.015,0.200,-2.250,-22.369,0.348,-3.074824,-0.025710,-0.000408,0.000000,0.000000,0.000000,0.000000,0.000000,0.000000,0,0.00
4.810000,0.027,0.300000,0.300000,4.321,7.00,0.144712,-0.135489,0.001018,-0.312193,-0.018,0.200,-2.251,-22.350,0.348,-3.073711,-0.027127,-0.000542,0.000000,0.000000,0.000000,0.000000,0.000000,0.000000,0,0.00
4.820000,0.028,0.300000,0.300000,4.321,7.00,0.160241,-0.140353,0.001004,-0.286668,-0.021,0.200,-2.252,-22.330,0.348,-3.073164,-0.028095,-0.000663,0.000000,0.000000,0.000000,0.000000,0.000000,0.000000,0,0.00
4.830000,0.029,0.300000,0.300000,4.321,7.00,0.174217,-0.143140,0.000992,-0.232435,-0.024,0.200,-2.253,-22.311,0.348,-3.073127,-0.028647,-0.000768,0.000000,0.000000,0.000000,0.000000,0.000000,0.000000,0,0.00
4.840000,0.029,0.277833,0.277833,4.321,7.00,0.186795,-0.143993,0.000980,-0.134820,-0.026,0.185,-2.254,-22.291,0.348,-3.073549,-0.028811,-0.000852,0.000000,0.000000,0.000000,0.000000,0.000000,0.000000,0,0.00
4.850000,0.028,0.207252,0.207252,4.321,7.00,0.195900,-0.141414,0.000944,-0.066782,-0.027,0.138,-2.255,-22.272,0.348,-3.074800,-0.028290,-0.000896,0.000000,0.000000,0.000000,0.000000,0.000000,0.000000,0,0.00
4.860000,0.026,0.155265,0.155265,4.321,7.00,0.197037,-0.132206,0.000917,-0.023976,-0.028,0.104,-2.256,-22.253,0.348,-3.077673,-0.026443,-0.000863,0.000000,0.000000,0.000000,0.000000,0.000000,0.000000,0,0.00
4.870000,0.024,-0.019108,-0.019108,4.321,7.00,0.192861,-0.118678,0.000909,0.136877,-0.029,0.013,-2.256,-22.233,0.348,-3.081538,-0.023734,-0.000772,0.000000,0.000000,0.000000,0.000000,0.000000,0.000000,0,0.00
4.880000,0.020,-0.116156,-0.116156,4.321,7.00,0.179386,-0.098163,0.000885,0.213434,-0.029,0.077,-2.256,-22.214,0.348,-3.087055,-0.019630,-0.000604,0.000000,0.000000,0.000000,0.000000,0.000000,0.000000,0,0.00
4.890000,0.014,-0.274979,-0.274979,4.321,7.00,0.156689,-0.071232,0.000876,0.345336,-0.028,0.183,-2.256,-22.194,0.348,-3.094041,-0.014245,-0.000383,0.000000,0.000000,0.000000,0.000000,0.000000,0.000000,0,0.00
4.900000,0.008,-0.300000,-0.300000,4.321,7.00,0.124818,-0.038479,0.000872,0.567195,-0.026,0.200,-2.256,-22.175,0.348,-3.102321,-0.007696,-0.000146,0.000000,0.000000,0.000000,0.000000,0.000000,0.000000,0,0.00
4.910000,0.000,-0.300000,-0.300000,4.321,7.00,0.083801,-0.000494,0.000872,0.885676,-0.024,0.200,-2.255,-22.155,0.348,-3.111725,-0.000101,0.000058,0.000000,0.000000,0.000000,0.000000,0.000000,0.000000,0,0.00
4.920000,-0.007,-0.300000,-0.300000,4.321,7.00,0.045424,0.033559,0.000882,0.828828,-0.020,0.200,-2.254,-22.136,0.348,-3.119931,0.006710,0.000169,0.000000,0.000000,0.000000,0.000000,0.000000,0.000000,0,0.00
4.930000,-0.013,-0.300000,-0.300000,4.321,7.00,0.010889,0.062973,0.000889,0.938586,-0.014,0.200,-2.253,-22.117,0.348,-3.126802,0.012594,0.000188,0.000000,0.000000,0.000000,0.000000,0.000000,0.000000,0,0.00
4.940000,-0.018,-0.300000,-0.300000,4.321,7.00,-0.020212,0.088247,0.000897,0.991755,-0.008,0.200,-2.253,-22.097,0.348,-3.132501,0.017650,0.000132,0.000000,0.000000,0.000000,0.000000,0.000000,0.000000,0,0.00
4.950000,-0.022,-0.300000,-0.300000,4.321,7.00,-0.048187,0.109776,0.000932,0.806852,-0.000,0.200,-2.252,-22.078,0.348,-3.137156,0.021957,0.000022,0.000000,0.000000,0.000000,0.000000,0.000000,0.000000,0,0.00
4.960000,-0.026,-0.300000,-0.300000,4.321,7.00,-0.073368,0.127905,0.000961,0.512100,0.007,0.200,-2.252,-22.058,0.348,-3.140881,0.025584,-0.000122,0.000000,0.000000,0.000000,0.000000,0.000000,0.000000,0,0.00
4.970000,-0.029,-0.300000,-0.300000,4.321,7.00,-0.096030,0.142930,0.000990,0.484956,0.013,0.200,-2.252,-22.039,0.348,3.139410,0.028589,-0.000285,0.000000,0.000000,0.000000,0.000000,0.000000,0.000000,0,0.00
4.980000,-0.031,-0.300000,-0.300000,4.321,7.00,-0.116427,0.155111,0.001017,0.365570,0.018,0.200,-2.252,-22.020,0.348,3.137261,0.031026,-0.000453,0.000000,0.000000,0.000000,0.000000,0.000000,0.000000,0,0.00
4.990000,-0.033,-0.300000,-0.300000,4.321,7.00,-0.134784,0.164674,0.001083,0.202738,0.022,0.200,-2.252,-22.000,0.348,3.135782,0.032938,-0.000618,0.000000,0.000000,0.000000,0.000000,0.000000,0.000000,0,0.00
5.000000,-0.034,-0.300000,-0.300000,4.321,7.00,-0.151306,0.171819,0.001096,0.218071,0.026,0.200,-2.252,-21.981,0.348,3.134905,0.034366,-0.000772,0.000000,0.000000,0.000000,0.000000,0.000000,0.000000,0,0.00
5.010000,-0.035,-0.300000,-0.300000,4.321,7.00,-0.166175,0.176721,0.001138,0.179352,0.029,0.200,-2.252,-21.962,0.348,3.134570,0.035346,-0.000910,0.000000,0.000000,0.000000,0.000000,0.000000,0.000000,0,0.00
5.020000,-0.036,-0.300000,-0.300000,4.321,7.00,-0.179558,0.179538,0.001170,0.142970,0.031,0.200,-2.252,-21.942,0.348,3.134723,0.035909,-0.001028,0.000000,0.000000,0.000000,0.000000,0.000000,0.000000,0,0.00
5.030000,-0.036,-0.283652,-0.283652,4.321,7.00,-0.191602,0.180408,0.001191,0.102053,0.033,0.189,-2.252,-21.923,0.349,3.135316,0.036083,-0.001126,0.000000,0.000000,0.000000,0.000000,0.000000,0.000000,0,0.00
5.040000,-0.036,-0.259561,-0.259561,4.321,7.00,-0.200807,0.178219,0.001229,0.080114,0.034,0.173,-2.253,-21.903,0.349,3.136614,0.035646,-0.001186,0.000000,0.000000,0.000000,0.000000,0.000000,0.000000,0,0.00
5.050000,-0.035,-0.178916,-0.178916,4.321,7.00,-0.206683,0.172704,0.001266,0.004946,0.035,0.119,-2.253,-21.884,0.349,3.138663,0.034544,-0.001193,0.000000,0.000000,0.000000,0.000000,0.000000,0.000000,0,0.00
5.060000,-0.032,-0.093882,-0.093882,4.321,7.00,-0.203909,0.159955,0.001288,-0.067362,0.036,0.063,-2.254,-21.865,0.349,-3.140767,0.031997,-0.001104,0.000000,0.000000,0.000000,0.000000,0.000000,0.000000,0,0.00
5.070000,-0.028,0.017879,0.017879,4.321,7.00,-0.192908,0.140750,0.001309,-0.159939,0.036,0.012,-2.255,-21.845,0.349,-3.135534,0.028160,-0.000929,0.000000,0.000000,0.000000,0.000000,0.000000,0.000000,0,0.00
5.080000,-0.023,0.194985,0.194985,4.321,7.00,-0.171832,0.114189,0.001322,-0.310497,0.036,0.130,-2.256,-21.826,0.348,-3.128622,0.022850,-0.000672,0.000000,0.000000,0.000000,0.000000,0.000000,0.000000,0,0.00
5.090000,-0.016,0.284501,0.284501,4.321,7.00,-0.139107,0.079761,0.001351,-0.365613,0.035,0.190,-2.258,-21.806,0.348,-3.119924,0.015965,-0.000363,0.000000,0.000000,0.000000,0.000000,0.000000,0.000000,0,0.00
5.100000,-0.008,0.300000,0.300000,4.321,7.00,-0.096752,0.039772,0.001356,-0.559274,0.032,0.200,-2.260,-21.787,0.348,-3.110031,0.007961,-0.000072,0.000000,0.000000,0.000000,0.000000,0.000000,0.000000,0,0.00
5.110000,-0.001,0.300000,0.300000,4.321,7.00,-0.057080,0.003914,0.001357,-0.588988,0.028,0.200,-2.262,-21.768,0.348,-3.101378,0.000779,0.000110,0.000000,0.000000,0.000000,0.000000,0.000000,0.000000,0,0.00
5.120000,0.005,0.300000,0.300000,4.321,7.00,-0.021377,-0.027083,0.001353,-0.648647,0.023,0.200,-2.264,-21.748,0.348,-3.094114,-0.005431,0.000184,0.000000,0.000000,0.000000,0.000000,0.000000,0.000000,0,0.00
5.130000,0.011,0.300000,0.300000,4.321,7.00,0.010773,-0.053752,0.001341,-0.578422,0.016,0.200,-2.266,-21.729,0.348,-3.088072,-0.010775,0.000173,0.000000,0.000000,0.000000,0.000000,0.000000,0.000000,0,0.00
5.140000,0.015,0.300000,0.300000,4.321,7.00,0.039689,-0.076538,0.001325,-0.586880,0.008,0.200,-2.268,-21.710,0.348,-3.083113,-0.015340,0.000099,0.000000,0.000000,0.000000,0.000000,0.000000,0.000000,0,0.00
5.150000,0.019,0.300000,0.300000,4.321,7.00,0.065718,-0.095815,0.001315,-0.494502,0.001,0.200,-2.269,-21.690,0.348,-3.079118,-0.019201,-0.000017,0.000000,0.000000,0.000000,0.000000,0.000000,0.000000,0,0.00
5.160000,0.022,0.300000,0.300000,4.321,7.00,0.089146,-0.111914,0.001304,-0.506800,-0.005,0.200,-2.271,-21.671,0.348,-3.075980,-0.022423,-0.000156,0.000000,0.000000,0.000000,0.000000,0.000000,0.000000,0,0.00
5.170000,0.025,0.300000,0.300000,4.321,7.00,0.110231,-0.125101,0.001268,-0.394029,-0.011,0.200,-2.272,-21.652,0.348,-3.073612,-0.025060,-0.000306,0.000000,0.000000,0.000000,0.000000,0.000000,0.000000,0,0.00
5.180000,0.027,0.300000,0.300000,4.321,7.00,0.129207,-0.135610,0.001239,-0.350352,-0.015,0.200,-2.273,-21.632,0.348,-3.071935,-0.027159,-0.000456,0.000000,0.000000,0.000000,0.000000,0.000000,0.000000,0,0.00
5.190000,0.029,0.300000,0.300000,4.321,7.00,0.146287,-0.143649,0.001229,-0.352982,-0.019,0.200,-2.275,-21.613,0.348,-3.070881,-0.028763,-0.000598,0.000000,0.000000,0.000000,0.000000,0.000000,0.000000,0,0.00
5.200000,0.030,0.300000,0.300000,4.321,7.00,0.161658,-0.149402,0.001197,-0.252827,-0.022,0.200,-2.276,-21.594,0.348,-3.070386,-0.029909,-0.000728,0.000000,0.000000,0.000000,0.000000,0.000000,0.000000,0,0.00
5.210000,0.031,0.300000,0.300000,4.321,7.00,0.175492,-0.153032,0.001174,-0.166649,-0.025,0.200,-2.277,-21.574,0.348,-3.070396,-0.030629,-0.000840,0.000000,0.000000,0.000000,0.000000,0.000000,0.000000,0,0.00
5.220000,0.031,0.300000,0.300000,4.321,7.00,0.187943,-0.154683,0.001158,-0.147917,-0.027,0.200,-2.278,-21.555,0.348,-3.070859,-0.030953,-0.000933,0.000000,0.000000,0.000000,0.000000,0.000000,0.000000,0,0.00
5.230000,0.031,0.267629,0.267629,4.321,7.00,0.199148,-0.154479,0.001147,-0.114297,-0.029,0.178,-2.279,-21.536,0.349,-3.071733,-0.030906,-0.001007,0.000000,0.000000,0.000000,0.000000,0.000000,0.000000,0,0.00
5.240000,0.030,0.181327,0.181327,4.321,7.00,0.205997,-0.150180,0.001102,-0.032249,-0.030,0.121,-2.280,-21.516,0.349,-3.073583,-0.030040,-0.001027,0.000000,0.000000,0.000000,0.000000,0.000000,0.000000,0,0.00
5.250000,0.028,0.072409,0.072409,4.321,7.00,0.203532,-0.138343,0.001089,0.064846,-0.031,0.048,-2.280,-21.497,0.349,-3.077277,-0.027668,-0.000959,0.000000,0.000000,0.000000,0.000000,0.000000,0.000000,0,0.00
5.260000,0.024,-0.119251,-0.119251,4.321,7.00,0.190422,-0.118508,0.001079,0.236680,-0.031,0.080,-2.280,-21.477,0.348,-3.082907,-0.023698,-0.000793,0.000000,0.000000,0.000000,0.000000,0.000000,0.000000,0,0.00
5.270000,0.018,-0.224865,-0.224865,4.321,7.00,0.165368,-0.090399,0.001055,0.314208,-0.031,0.150,-2.280,-21.458,0.348,-3.090526,-0.018076,-0.000544,0.000000,0.000000,0.000000,0.000000,0.000000,0.000000,0,0.00
5.280000,0.011,-0.300000,-0.300000,4.321,7.00,0.128851,-0.055184,0.001049,0.528597,-0.030,0.200,-2.279,-21.438,0.348,-3.099819,-0.011036,-0.000260,0.000000,0.000000,0.000000,0.000000,0.000000,0.000000,0,0.00
5.290000,0.003,-0.300000,-0.300000,4.321,7.00,0.085972,-0.017304,0.001044,0.601620,-0.028,0.200,-2.278,-21.419,0.348,-3.109632,-0.003462,-0.000017,0.000000,0.000000,0.000000,0.000000,0.000000,0.000000,0,0.00
5.300000,-0.003,-0.300000,-0.300000,4.321,7.00,0.047378,0.015325,0.001048,0.606716,-0.024,0.200,-2.277,-21.399,0.348,-3.117908,0.003063,0.000129,0.000000,0.000000,0.000000,0.000000,0.000000,0.000000,0,0.00
5.310000,-0.009,-0.300000,-0.300000,4.321,7.00,0.012647,0.043294,0.001054,0.574233,-0.018,0.200,-2.276,-21.380,0.348,-3.124841,0.008657,0.000179,0.000000,0.000000,0.000000,0.000000,0.000000,0.000000,0,0.00
5.320000,-0.013,-0.300000,-0.300000,4.321,7.00,-0.018629,0.067119,0.001059,0.699111,-0.011,0.200,-2.276,-21.361,0.348,-3.130594,0.013423,0.000152,0.000000,0.000000,0.000000,0.000000,0.000000,0.000000,0,0.00
5.330000,-0.017,-0.300000,-0.300000,4.321,7.00,-0.046762,0.087208,0.001080,0.536803,-0.003,0.200,-2.275,-21.341,0.348,-3.135298,0.017442,0.000069,0.000000,0.000000,0.000000,0.000000,0.000000,0.000000,0,0.00
5.340000,-0.021,-0.300000,-0.300000,4.321,7.00,-0.072085,0.103912,0.001101,0.507573,0.003,0.200,-2.275,-21.322,0.348,-3.139066,0.020784,-0.000050,0.000000,0.000000,0.000000,0.000000,0.000000,0.000000,0,0.00
5.350000,-0.024,-0.300000,-0.300000,4.321,7.00,-0.094876,0.117533,0.001110,0.536059,0.009,0.200,-2.274,-21.302,0.348,3.141188,0.023509,-0.000189,0.000000,0.000000,0.000000,0.000000,0.000000,0.000000,0,0.00
5.360000,-0.026,-0.300000,-0.300000,4.321,7.00,-0.115388,0.128333,0.001135,0.447458,0.013,0.200,-2.274,-21.283,0.348,3.139006,0.025669,-0.000334,0.000000,0.000000,0.000000,0.000000,0.000000,0.000000,0,0.00
5.370000,-0.027,-0.300000,-0.300000,4.321,7.00,-0.133849,0.136542,0.001154,0.293670,0.017,0.200,-2.274,-21.264,0.348,3.137498,0.027310,-0.000475,0.000000,0.000000,0.000000,0.000000,0.000000,0.000000,0,0.00
5.380000,-0.028,-0.300000,-0.300000,4.321,7.00,-0.150464,0.142359,0.001169,0.275960,0.021,0.200,-2.274,-21.244,0.348,3.136595,0.028473,-0.000607,0.000000,0.000000,0.000000,0.000000,0.000000,0.000000,0,0.00
5.390000,-0.029,-0.300000,-0.300000,4.321,7.00,-0.165417,0.145962,0.001180,0.251323,0.024,0.200,-2.274,-21.225,0.348,3.136237,0.029193,-0.000724,0.000000,0.000000,0.000000,0.000000,0.000000,0.000000,0,0.00
5.400000,-0.030,-0.290089,-0.290089,4.321,7.00,-0.178876,0.147508,0.001226,0.141354,0.026,0.193,-2.274,-21.206,0.348,3.136370,0.029502,-0.000821,0.000000,0.000000,0.000000,0.000000,0.000000,0.000000,0,0.00
5.410000,-0.029,-0.246851,-0.246851,4.321,7.00,-0.189997,0.146431,0.001242,0.099178,0.027,0.165,-2.274,-21.186,0.348,3.137131,0.029287,-0.000889,0.000000,0.000000,0.000000,0.000000,0.000000,0.000000,0,0.00
5.420000,-0.028,-0.160338,-0.160338,4.321,7.00,-0.195684,0.140587,0.001254,0.018498,0.028,0.107,-2.275,-21.167,0.348,3.139066,0.028119,-0.000900,0.000000,0.000000,0.000000,0.000000,0.000000,0.000000,0,0.00
5.430000,-0.025,-0.085349,-0.085349,4.321,7.00,-0.192151,0.127491,0.001295,-0.043437,0.029,0.057,-2.275,-21.147,0.348,-3.140383,0.025502,-0.000825,0.000000,0.000000,0.000000,0.000000,0.000000,0.000000,0,0.00
5.440000,-0.022,0.013900,0.013900,4.321,7.00,-0.181473,0.109133,0.001320,-0.124353,0.030,0.009,-2.276,-21.128,0.348,-3.135394,0.021833,-0.000682,0.000000,0.000000,0.000000,0.000000,0.000000,0.000000,0,0.00
5.450000,-0.017,0.213766,0.213766,4.321,7.00,-0.161938,0.084704,0.001328,-0.299797,0.029,0.143,-2.278,-21.109,0.348,-3.128954,0.016949,-0.000479,0.000000,0.000000,0.000000,0.000000,0.000000,0.000000,0,0.00
5.460000,-0.011,0.300000,0.300000,4.321,7.00,-0.133233,0.054540,0.001341,-0.373376,0.028,0.200,-2.279,-21.089,0.348,-3.121165,0.010915,-0.000247,0.000000,0.000000,0.000000,0.000000,0.000000,0.000000,0,0.00
5.470000,-0.004,0.300000,0.300000,4.321,7.00,-0.095692,0.019473,0.001344,-0.476711,0.025,0.200,-2.281,-21.070,0.348,-3.112252,0.003897,-0.000029,0.000000,0.000000,0.000000,0.000000,0.000000,0.000000,0,0.00
5.480000,0.003,0.300000,0.300000,4.321,7.00,-0.056128,-0.015138,0.001342,-0.669678,0.022,0.200,-2.283,-21.050,0.348,-3.103622,-0.003034,0.000118,0.000000,0.000000,0.000000,0.000000,0.000000,0.000000,0,0.00
5.490000,0.009,0.300000,0.300000,4.321,7.00,-0.020519,-0.045001,0.001333,-0.711433,0.017,0.200,-2.285,-21.031,0.348,-3.096379,-0.009018,0.000175,0.000000,0.000000,0.000000,0.000000,0.000000,0.000000,0,0.00
5.500000,0.014,0.300000,0.300000,4.321,7.00,0.011543,-0.070637,0.001317,-0.612404,0.011,0.200,-2.287,-21.012,0.348,-3.090356,-0.014154,0.000151,0.000000,0.000000,0.000000,0.000000,0.000000,0.000000,0,0.00
5.510000,0.018,0.300000,0.300000,4.321,7.00,0.040383,-0.092475,0.001307,-0.658107,0.004,0.200,-2.289,-20.992,0.348,-3.085414,-0.018529,0.000068,0.000000,0.000000,0.000000,0.000000,0.000000,0.000000,0,0.00
5.520000,0.022,0.300000,0.300000,4.321,7.00,0.066343,-0.110877,0.001274,-0.551209,-0.003,0.200,-2.291,-20.973,0.348,-3.081434,-0.022214,-0.000056,0.000000,0.000000,0.000000,0.000000,0.000000,0.000000,0,0.00
5.530000,0.025,0.300000,0.300000,4.321,7.00,0.089709,-0.126164,0.001237,-0.366262,-0.009,0.200,-2.292,-20.954,0.348,-3.078309,-0.025273,-0.000203,0.000000,0.000000,0.000000,0.000000,0.000000,0.000000,0,0.00
5.540000,0.028,0.300000,0.300000,4.321,7.00,0.110737,-0.138589,0.001222,-0.347723,-0.014,0.200,-2.293,-20.934,0.348,-3.075954,-0.027758,-0.000360,0.000000,0.000000,0.000000,0.000000,0.000000,0.000000,0,0.00
5.550000,0.030,0.300000,0.300000,4.321,7.00,0.129663,-0.148378,0.001176,-0.294387,-0.018,0.200,-2.295,-20.915,0.348,-3.074290,-0.029712,-0.000516,0.000000,0.000000,0.000000,0.000000,0.000000,0.000000,0,0.00
5.560000,0.031,0.300000,0.300000,4.321,7.00,0.146697,-0.155731,0.001155,-0.204458,-0.022,0.200,-2.296,-20.896,0.348,-3.073246,-0.031179,-0.000664,0.000000,0.000000,0.000000,0.000000,0.000000,0.000000,0,0.00
5.570000,0.032,0.300000,0.300000,4.321,7.00,0.162027,-0.160826,0.001121,-0.180885,-0.025,0.200,-2.297,-20.876,0.348,-3.072761,-0.032192,-0.000797,0.000000,0.000000,0.000000,0.000000,0.000000,0.000000,0,0.00
5.580000,0.033,0.300000,0.300000,4.321,7.00,0.175825,-0.163821,0.001065,-0.152577,-0.028,0.200,-2.298,-20.857,0.348,-3.072779,-0.032785,-0.000913,0.000000,0.000000,0.000000,0.000000,0.000000,0.000000,0,0.00
5.590000,0.033,0.243934,0.243934,4.321,7.00,0.188242,-0.164855,0.001032,-0.080111,-0.030,0.163,-2.299,-20.838,0.348,-3.073251,-0.032985,-0.001007,0.000000,0.000000,0.000000,0.000000,0.000000,0.000000,0,0.00
5.600000,0.032,0.198643,0.198643,4.321,7.00,0.193813,-0.159916,0.001007,-0.039733,-0.031,0.132,-2.300,-20.818,0.349,-3.075184,-0.031991,-0.001027,0.000000,0.000000,0.000000,0.000000,0.000000,0.000000,0,0.00
5.610000,0.030,0.082169,0.082169,4.321,7.00,0.194297,-0.150585,0.000994,0.067422,-0.032,0.055,-2.301,-20.799,0.349,-3.078139,-0.030120,-0.000985,0.000000,0.000000,0.000000,0.000000,0.000000,0.000000,0,0.00
5.620000,0.027,0.003894,0.003894,4.321,7.00,0.185293,-0.133821,0.000963,0.128964,-0.033,0.003,-2.301,-20.780,0.348,-3.082864,-0.026764,-0.000850,0.000000,0.000000,0.000000,0.000000,0.000000,0.000000,0,0.00
5.630000,0.022,-0.098498,-0.098498,4.321,7.00,0.167156,-0.110389,0.000941,0.207946,-0.033,0.066,-2.301,-20.760,0.348,-3.089122,-0.022077,-0.000638,0.000000,0.000000,0.000000,0.000000,0.000000,0.000000,0,0.00
5.640000,0.016,-0.279500,-0.279500,4.321,7.00,0.140593,-0.081350,0.000931,0.359920,-0.032,0.186,-2.300,-20.741,0.348,-3.096617,-0.016270,-0.000386,0.000000,0.000000,0.000000,0.000000,0.000000,0.000000,0,0.00
5.650000,0.009,-0.300000,-0.300000,4.321,7.00,0.104663,-0.046531,0.000908,0.386266,-0.030,0.200,-2.300,-20.721,0.348,-3.105374,-0.009308,-0.000130,0.000000,0.000000,0.000000,0.000000,0.000000,0.000000,0,0.00
5.660000,0.002,-0.300000,-0.300000,4.321,7.00,0.064201,-0.010062,0.000906,0.435635,-0.027,0.200,-2.299,-20.702,0.348,-3.114333,-0.002015,0.000064,0.000000,0.000000,0.000000,0.000000,0.000000,0.000000,0,0.00
5.670000,-0.004,-0.300000,-0.300000,4.321,7.00,0.027784,0.021518,0.000911,0.489379,-0.022,0.200,-2.298,-20.682,0.348,-3.121860,0.004301,0.000156,0.000000,0.000000,0.000000,0.000000,0.000000,0.000000,0,0.00
5.680000,-0.010,-0.300000,-0.300000,4.321,7.00,-0.005013,0.048738,0.000917,0.551069,-0.016,0.200,-2.298,-20.663,0.348,-3.128133,0.009747,0.000160,0.000000,0.000000,0.000000,0.000000,0.000000,0.000000,0,0.00
5.690000,-0.014,-0.300000,-0.300000,4.321,7.00,-0.034496,0.072059,0.000935,0.463211,-0.009,0.200,-2.297,-20.643,0.348,-3.133300,0.014412,0.000098,0.000000,0.000000,0.000000,0.000000,0.000000,0.000000,0,0.00
5.700000,-0.018,-0.300000,-0.300000,4.321,7.00,-0.061045,0.091843,0.000956,0.472320,-0.002,0.200,-2.297,-20.624,0.348,-3.137479,0.018370,-0.000009,0.000000,0.000000,0.000000,0.000000,0.000000,0.000000,0,0.00
5.710000,-0.022,-0.300000,-0.300000,4.321,7.00,-0.084940,0.108412,0.000964,0.492849,0.004,0.200,-2.297,-20.605,0.348,-3.140779,0.021684,-0.000143,0.000000,0.000000,0.000000,0.000000,0.000000,0.000000,0,0.00
5.720000,-0.024,-0.300000,-0.300000,4.321,7.00,-0.106446,0.122045,0.000973,0.513425,0.010,0.200,-2.296,-20.585,0.348,3.139895,0.024411,-0.000291,0.000000,0.000000,0.000000,0.000000,0.000000,0.000000,0,0.00
5.730000,-0.027,-0.300000,-0.300000,4.321,7.00,-0.125801,0.132983,0.001002,0.409749,0.014,0.200,-2.296,-20.566,0.348,3.138091,0.026598,-0.000440,0.000000,0.000000,0.000000,0.000000,0.000000,0.000000,0,0.00
5.740000,-0.028,-0.300000,-0.300000,4.321,7.00,-0.143221,0.141441,0.001021,0.388707,0.018,0.200,-2.296,-20.547,0.348,3.136922,0.028290,-0.000583,0.000000,0.000000,0.000000,0.000000,0.000000,0.000000,0,0.00
5.750000,-0.030,-0.300000,-0.300000,4.321,7.00,-0.158899,0.147605,0.001034,0.379097,0.022,0.200,-2.297,-20.527,0.348,3.136325,0.029522,-0.000714,0.000000,0.000000,0.000000,0.000000,0.000000,0.000000,0,0.00
5.760000,-0.030,-0.300000,-0.300000,4.321,7.00,-0.173009,0.151642,0.001087,0.245252,0.024,0.200,-2.297,-20.508,0.348,3.136242,0.030329,-0.000829,0.000000,0.000000,0.000000,0.000000,0.000000,0.000000,0,0.00
5.770000,-0.031,-0.292725,-0.292725,4.321,7.00,-0.185708,0.153701,0.001103,0.137921,0.027,0.195,-2.297,-20.488,0.348,3.136623,0.030741,-0.000925,0.000000,0.000000,0.000000,0.000000,0.000000,0.000000,0,0.00
5.780000,-0.031,-0.257790,-0.257790,4.321,7.00,-0.196410,0.153363,0.001114,0.103314,0.028,0.172,-2.297,-20.469,0.349,3.137558,0.030674,-0.000994,0.000000,0.000000,0.000000,0.000000,0.000000,0.000000,0,0.00
5.790000,-0.030,-0.202019,-0.202019,4.321,7.00,-0.202549,0.148749,0.001152,0.052117,0.030,0.135,-2.298,-20.450,0.349,3.139499,0.029752,-0.001010,0.000000,0.000000,0.000000,0.000000,0.000000,0.000000,0,0.00
5.800000,-0.028,-0.118336,-0.118336,4.321,7.00,-0.202497,0.138820,0.001184,-0.021668,0.030,0.079,-2.299,-20.430,0.349,-3.140504,0.027769,-0.000959,0.000000,0.000000,0.000000,0.000000,0.000000,0.000000,0,0.00
5.810000,-0.024,0.041651,0.041651,4.321,7.00,-0.194083,0.122241,0.001194,-0.165086,0.031,0.028,-2.300,-20.411,0.348,-3.135773,0.024456,-0.000827,0.000000,0.000000,0.000000,0.000000,0.000000,0.000000,0,0.00
5.820000,-0.019,0.153939,0.153939,4.321,7.00,-0.173952,0.096978,0.001215,-0.252133,0.031,0.103,-2.301,-20.391,0.348,-3.129012,0.019406,-0.000604,0.000000,0.000000,0.000000,0.000000,0.000000,0.000000,0,0.00
5.830000,-0.013,0.300000,0.300000,4.321,7.00,-0.142073,0.063768,0.001224,-0.405862,0.030,0.200,-2.303,-20.372,0.348,-3.120432,0.012764,-0.000329,0.000000,0.000000,0.000000,0.000000,0.000000,0.000000,0,0.00
5.840000,-0.005,0.300000,0.300000,4.321,7.00,-0.098440,0.023419,0.001226,-0.652161,0.028,0.200,-2.305,-20.353,0.348,-3.110250,0.004688,-0.000061,0.000000,0.000000,0.000000,0.000000,0.000000,0.000000,0,0.00
5.850000,0.002,0.300000,0.300000,4.321,7.00,-0.058599,-0.011871,0.001223,-0.718515,0.024,0.200,-2.307,-20.333,0.348,-3.101538,-0.002380,0.000107,0.000000,0.000000,0.000000,0.000000,0.000000,0.000000,0,0.00
5.860000,0.008,0.300000,0.300000,4.321,7.00,-0.022743,-0.042252,0.001214,-0.672950,0.019,0.200,-2.309,-20.314,0.348,-3.094220,-0.008468,0.000173,0.000000,0.000000,0.000000,0.000000,0.000000,0.000000,0,0.00
5.870000,0.014,0.300000,0.300000,4.321,7.00,0.009544,-0.068262,0.001206,-0.739688,0.013,0.200,-2.311,-20.295,0.348,-3.088130,-0.013681,0.000156,0.000000,0.000000,0.000000,0.000000,0.000000,0.000000,0,0.00
5.880000,0.018,0.300000,0.300000,4.321,7.00,0.038581,-0.090349,0.001198,-0.756712,0.005,0.200,-2.313,-20.275,0.348,-3.083128,-0.018106,0.000076,0.000000,0.000000,0.000000,0.000000,0.000000,0.000000,0,0.00
5.890000,0.022,0.300000,0.300000,4.321,7.00,0.064722,-0.108887,0.001172,-0.547092,-0.002,0.200,-2.315,-20.256,0.348,-3.079093,-0.021819,-0.000045,0.000000,0.000000,0.000000,0.000000,0.000000,0.000000,0,0.00
5.900000,0.025,0.300000,0.300000,4.321,7.00,0.088249,-0.124210,0.001154,-0.520876,-0.008,0.200,-2.316,-20.237,0.348,-3.075920,-0.024886,-0.000190,0.000000,0.000000,0.000000,0.000000,0.000000,0.000000,0,0.00
5.910000,0.027,0.300000,0.300000,4.321,7.00,0.109423,-0.136587,0.001124,-0.467223,-0.014,0.200,-2.318,-20.217,0.348,-3.073521,-0.027361,-0.000344,0.000000,0.000000,0.000000,0.000000,0.000000,0.000000,0,0.00
5.920000,0.029,0.300000,0.300000,4.321,7.00,0.128481,-0.146252,0.001089,-0.352149,-0.018,0.200,-2.319,-20.198,0.348,-3.071816,-0.029291,-0.000497,0.000000,0.000000,0.000000,0.000000,0.000000,0.000000,0,0.00
5.930000,0.031,0.300000,0.300000,4.321,7.00,0.145633,-0.153415,0.001069,-0.214217,-0.022,0.200,-2.320,-20.179,0.348,-3.070735,-0.030720,-0.000642,0.000000,0.000000,0.000000,0.000000,0.000000,0.000000,0,0.00
5.940000,0.032,0.300000,0.300000,4.321,7.00,0.161069,-0.158262,0.001026,-0.177439,-0.025,0.200,-2.322,-20.159,0.348,-3.070217,-0.031683,-0.000772,0.000000,0.000000,0.000000,0.000000,0.000000,0.000000,0,0.00
5.950000,0.032,0.276741,0.276741,4.321,7.00,0.174962,-0.160958,0.000986,-0.116768,-0.027,0.184,-2.323,-20.140,0.348,-3.070206,-0.032216,-0.000885,0.000000,0.000000,0.000000,0.000000,0.000000,0.000000,0,0.00
5.960000,0.032,0.230902,0.230902,4.321,7.00,0.185140,-0.159956,0.000973,-0.071919,-0.029,0.154,-2.324,-20.121,0.348,-3.071086,-0.032009,-0.000955,0.000000,0.000000,0.000000,0.000000,0.000000,0.000000,0,0.00
5.970000,0.031,0.185002,0.185002,4.321,7.00,0.189718,-0.154025,0.000932,-0.031910,-0.031,0.123,-2.325,-20.101,0.348,-3.073155,-0.030816,-0.000962,0.000000,0.000000,0.000000,0.000000,0.000000,0.000000,0,0.00
5.980000,0.029,0.099466,0.099466,4.321,7.00,0.189247,-0.143832,0.000909,0.043457,-0.032,0.066,-2.325,-20.082,0.348,-3.076223,-0.028772,-0.000911,0.000000,0.000000,0.000000,0.000000,0.000000,0.000000,0,0.00
5.990000,0.025,-0.020122,-0.020122,4.321,7.00,0.180271,-0.127130,0.000894,0.146358,-0.032,0.013,-2.326,-20.062,0.348,-3.080856,-0.025428,-0.000780,0.000000,0.000000,0.000000,0.000000,0.000000,0.000000,0,0.00
6.000000,0.021,-0.096044,-0.096044,4.321,7.00,0.160234,-0.102580,0.000857,0.197766,-0.032,0.064,-2.325,-20.043,0.348,-3.087385,-0.020517,-0.000566,0.000000,0.000000,0.000000,0.000000,0.000000,0.000000,0,0.00
6.010000,0.015,-0.266126,-0.266126,4.321,7.00,0.134608,-0.074838,0.000849,0.340115,-0.031,0.177,-2.325,-20.024,0.348,-3.094586,-0.014969,-0.000335,0.000000,0.000000,0.000000,0.000000,0.000000,0.000000,0,0.00
6.020000,0.008,-0.300000,-0.300000,4.321,7.00,0.097730,-0.040263,0.000844,0.536434,-0.029,0.200,-2.325,-20.004,0.348,-3.103418,-0.008055,-0.000096,0.000000,0.000000,0.000000,0.000000,0.000000,0.000000,0,0.00
6.030000,0.001,-0.300000,-0.300000,4.321,7.00,0.057961,-0.005525,0.000843,0.571197,-0.025,0.200,-2.324,-19.985,0.348,-3.112135,-0.001108,0.000079,0.000000,0.000000,0.000000,0.000000,0.000000,0.000000,0,0.00
6.040000,-0.005,-0.300000,-0.300000,4.321,7.00,0.022169,0.024374,0.000848,0.561254,-0.021,0.200,-2.323,-19.965,0.348,-3.119451,0.004873,0.000160,0.000000,0.000000,0.000000,0.000000,0.000000,0.000000,0,0.00
6.050000,-0.010,-0.300000,-0.300000,4.321,7.00,-0.010057,0.049965,0.000860,0.590878,-0.015,0.200,-2.322,-19.946,0.348,-3.125539,0.009992,0.000160,0.000000,0.000000,0.000000,0.000000,0.000000,0.000000,0,0.00
6.060000,-0.014,-0.300000,-0.300000,4.321,7.00,-0.039045,0.071686,0.000867,0.577173,-0.008,0.200,-2.322,-19.926,0.348,-3.130539,0.014337,0.000099,0.000000,0.000000,0.000000,0.000000,0.000000,0.000000,0,0.00
6.070000,-0.018,-0.300000,-0.300000,4.321,7.00,-0.065139,0.089900,0.000876,0.480842,-0.001,0.200,-2.322,-19.907,0.348,-3.134570,0.017981,-0.000004,0.000000,0.000000,0.000000,0.000000,0.000000,0.000000,0,0.00
6.080000,-0.021,-0.300000,-0.300000,4.321,7.00,-0.088625,0.104924,0.000904,0.442822,0.005,0.200,-2.321,-19.888,0.348,-3.137736,0.020987,-0.000132,0.000000,0.000000,0.000000,0.000000,0.000000,0.000000,0,0.00
6.090000,-0.023,-0.300000,-0.300000,4.321,7.00,-0.109762,0.117029,0.000929,0.396972,0.010,0.200,-2.321,-19.868,0.348,-3.140127,0.023408,-0.000270,0.000000,0.000000,0.000000,0.000000,0.000000,0.000000,0,0.00
6.100000,-0.025,-0.300000,-0.300000,4.321,7.00,-0.128785,0.126452,0.000939,0.402682,0.014,0.200,-2.321,-19.849,0.348,3.141362,0.025293,-0.000409,0.000000,0.000000,0.000000,0.000000,0.000000,0.000000,0,0.00
6.110000,-0.027,-0.300000,-0.300000,4.321,7.00,-0.145907,0.133401,0.000967,0.287301,0.018,0.200,-2.321,-19.829,0.348,3.140291,0.026683,-0.000540,0.000000,0.000000,0.000000,0.000000,0.000000,0.000000,0,0.00
6.120000,-0.028,-0.300000,-0.300000,4.321,7.00,-0.161316,0.138056,0.000984,0.196828,0.021,0.200,-2.321,-19.810,0.348,3.139783,0.027614,-0.000658,0.000000,0.000000,0.000000,0.000000,0.000000,0.000000,0,0.00
6.130000,-0.028,-0.300000,-0.300000,4.321,7.00,-0.175184,0.140579,0.000994,0.182796,0.023,0.200,-2.322,-19.791,0.348,3.139781,0.028118,-0.000759,0.000000,0.000000,0.000000,0.000000,0.000000,0.000000,0,0.00
6.140000,-0.028,-0.292803,-0.292803,4.321,7.00,-0.187666,0.141111,0.001007,0.150685,0.025,0.195,-2.322,-19.771,0.348,3.140234,0.028225,-0.000840,0.000000,0.000000,0.000000,0.000000,0.000000,0.000000,0,0.00
6.150000,-0.028,-0.207355,-0.207355,4.321,7.00,-0.198180,0.139268,0.001050,0.067037,0.027,0.138,-2.322,-19.752,0.348,3.141233,0.027857,-0.000891,0.000000,0.000000,0.000000,0.000000,0.000000,0.000000,0,0.00
6.160000,-0.026,-0.117389,-0.117389,4.321,7.00,-0.199099,0.129633,0.001064,-0.013307,0.028,0.078,-2.323,-19.733,0.348,-3.139004,0.025932,-0.000859,0.000000,0.000000,0.000000,0.000000,0.000000,0.000000,0,0.00
6.170000,-0.023,0.056323,0.056323,4.321,7.00,-0.190931,0.113033,0.001073,-0.170428,0.028,0.038,-2.324,-19.713,0.348,-3.134361,0.022614,-0.000740,0.000000,0.000000,0.000000,0.000000,0.000000,0.000000,0,0.00
6.180000,-0.018,0.151568,0.151568,4.321,7.00,-0.173056,0.089546,0.001100,-0.242214,0.028,0.101,-2.325,-19.694,0.348,-3.128063,0.017919,-0.000547,0.000000,0.000000,0.000000,0.000000,0.000000,0.000000,0,0.00
6.190000,-0.012,0.267098,0.267098,4.321,7.00,-0.145849,0.060044,0.001114,-0.328255,0.028,0.178,-2.327,-19.674,0.348,-3.120358,0.012018,-0.000311,0.000000,0.000000,0.000000,0.000000,0.000000,0.000000,0,0.00
6.200000,-0.005,0.300000,0.300000,4.321,7.00,-0.109652,0.025378,0.001115,-0.638680,0.026,0.200,-2.329,-19.655,0.348,-3.111476,0.005080,-0.000078,0.000000,0.000000,0.000000,0.000000,0.000000,0.000000,0,0.00
6.210000,0.002,0.300000,0.300000,4.321,7.00,-0.068692,-0.010894,0.001113,-0.686837,0.023,0.200,-2.331,-19.636,0.348,-3.102352,-0.002184,0.000097,0.000000,0.000000,0.000000,0.000000,0.000000,0.000000,0,0.00
6.220000,0.008,0.300000,0.300000,4.321,7.00,-0.031826,-0.042287,0.001108,-0.711228,0.018,0.200,-2.333,-19.616,0.348,-3.094678,-0.008475,0.000177,0.000000,0.000000,0.000000,0.000000,0.000000,0.000000,0,0.00
6.230000,0.014,0.300000,0.300000,4.321,7.00,0.001419,-0.069357,0.001103,-0.903243,0.012,0.200,-2.335,-19.597,0.348,-3.088273,-0.013901,0.000171,0.000000,0.000000,0.000000,0.000000,0.000000,0.000000,0,0.00
6.240000,0.019,0.300000,0.300000,4.321,7.00,0.031218,-0.092559,0.001094,-0.980758,0.005,0.200,-2.337,-19.578,0.348,-3.082992,-0.018550,0.000098,0.000000,0.000000,0.000000,0.000000,0.000000,0.000000,0,0.00
6.250000,0.022,0.300000,0.300000,4.321,7.00,0.058095,-0.112287,0.001060,-0.708122,-0.002,0.200,-2.339,-19.558,0.348,-3.078708,-0.022502,-0.000022,0.000000,0.000000,0.000000,0.000000,0.000000,0.000000,0,0.00
6.260000,0.026,0.300000,0.300000,4.321,7.00,0.082285,-0.128867,0.001047,-0.702101,-0.008,0.200,-2.340,-19.539,0.348,-3.075314,-0.025822,-0.000171,0.000000,0.000000,0.000000,0.000000,0.000000,0.000000,0,0.00
6.270000,0.029,0.300000,0.300000,4.321,7.00,0.104056,-0.142580,0.001035,-0.657255,-0.014,0.200,-2.342,-19.520,0.348,-3.072715,-0.028565,-0.000333,0.000000,0.000000,0.000000,0.000000,0.000000,0.000000,0,0.00
6.280000,0.031,0.300000,0.300000,4.321,7.00,0.123650,-0.153658,0.000999,-0.445235,-0.019,0.200,-2.343,-19.500,0.348,-3.070831,-0.030778,-0.000498,0.000000,0.000000,0.000000,0.000000,0.000000,0.000000,0,0.00
6.290000,0.032,0.300000,0.300000,4.321,7.00,0.141285,-0.162312,0.000979,-0.329919,-0.022,0.200,-2.344,-19.481,0.348,-3.069589,-0.032505,-0.000657,0.000000,0.000000,0.000000,0.000000,0.000000,0.000000,0,0.00
6.300000,0.034,0.300000,0.300000,4.321,7.00,0.157156,-0.168728,0.000947,-0.310076,-0.026,0.200,-2.346,-19.462,0.348,-3.068926,-0.033783,-0.000803,0.000000,0.000000,0.000000,0.000000,0.000000,0.000000,0,0.00
6.310000,0.035,0.300000,0.300000,4.321,7.00,0.171441,-0.173071,0.000910,-0.221770,-0.029,0.200,-2.347,-19.442,0.348,-3.068784,-0.034645,-0.000934,0.000000,0.000000,0.000000,0.000000,0.000000,0.000000,0,0.00
6.320000,0.035,0.299544,0.299544,4.321,7.00,0.184297,-0.175490,0.000893,-0.124947,-0.031,0.200,-2.348,-19.423,0.348,-3.069110,-0.035122,-0.001045,0.000000,0.000000,0.000000,0.000000,0.000000,0.000000,0,0.00
6.330000,0.035,0.273281,0.273281,4.321,7.00,0.195822,-0.176078,0.000869,-0.098072,-0.032,0.182,-2.349,-19.404,0.349,-3.069868,-0.035232,-0.001136,0.000000,0.000000,0.000000,0.000000,0.000000,0.000000,0,0.00
6.340000,0.035,0.220572,0.220572,4.321,7.00,0.203568,-0.173050,0.000804,-0.048326,-0.034,0.147,-2.349,-19.384,0.349,-3.071500,-0.034620,-0.001177,0.000000,0.000000,0.000000,0.000000,0.000000,0.000000,0,0.00
6.350000,0.033,0.116383,0.116383,4.321,7.00,0.205270,-0.164857,0.000793,0.047681,-0.035,0.078,-2.350,-19.365,0.349,-3.074374,-0.032975,-0.001147,0.000000,0.000000,0.000000,0.000000,0.000000,0.000000,0,0.00
6.360000,0.030,0.039646,0.039646,4.321,7.00,0.197515,-0.149216,0.000762,0.108809,-0.035,0.026,-2.350,-19.345,0.349,-3.079038,-0.029842,-0.001018,0.000000,0.000000,0.000000,0.000000,0.000000,0.000000,0,0.00
6.370000,0.026,-0.099064,-0.099064,4.321,7.00,0.181731,-0.127683,0.000744,0.226004,-0.035,0.066,-2.350,-19.326,0.348,-3.085056,-0.025534,-0.000813,0.000000,0.000000,0.000000,0.000000,0.000000,0.000000,0,0.00
6.380000,0.020,-0.300000,-0.300000,4.321,7.00,0.156555,-0.099717,0.000735,0.416974,-0.035,0.200,-2.350,-19.306,0.348,-3.092538,-0.019942,-0.000547,0.000000,0.000000,0.000000,0.000000,0.000000,0.000000,0,0.00
6.390000,0.013,-0.300000,-0.300000,4.321,7.00,0.121991,-0.065905,0.000719,0.500771,-0.033,0.200,-2.349,-19.287,0.348,-3.101310,-0.013181,-0.000262,0.000000,0.000000,0.000000,0.000000,0.000000,0.000000,0,0.00
6.400000,0.006,-0.300000,-0.300000,4.321,7.00,0.079798,-0.028137,0.000713,0.545377,-0.030,0.200,-2.348,-19.268,0.348,-3.110879,-0.005630,-0.000015,0.000000,0.000000,0.000000,0.000000,0.000000,0.000000,0,0.00
6.410000,-0.001,-0.300000,-0.300000,4.321,7.00,0.041821,0.004432,0.000714,0.600097,-0.026,0.200,-2.347,-19.248,0.348,-3.118939,0.000884,0.000129,0.000000,0.000000,0.000000,0.000000,0.000000,0.000000,0,0.00
6.420000,-0.006,-0.300000,-0.300000,4.321,7.00,0.007649,0.032362,0.000717,0.660277,-0.020,0.200,-2.347,-19.229,0.348,-3.125682,0.006470,0.000178,0.000000,0.000000,0.000000,0.000000,0.000000,0.000000,0,0.00
6.430000,-0.011,-0.300000,-0.300000,4.321,7.00,-0.023130,0.056150,0.000723,0.618494,-0.013,0.200,-2.346,-19.209,0.348,-3.131267,0.011229,0.000152,0.000000,0.000000,0.000000,0.000000,0.000000,0.000000,0,0.00
6.440000,-0.015,-0.300000,-0.300000,4.321,7.00,-0.050814,0.076179,0.000744,0.575499,-0.006,0.200,-2.346,-19.190,0.348,-3.135819,0.015236,0.000072,0.000000,0.000000,0.000000,0.000000,0.000000,0.000000,0,0.00
6.450000,-0.019,-0.300000,-0.300000,4.321,7.00,-0.075732,0.092790,0.000766,0.501671,0.001,0.200,-2.345,-19.170,0.348,-3.139451,0.018559,-0.000040,0.000000,0.000000,0.000000,0.000000,0.000000,0.000000,0,0.00
6.460000,-0.021,-0.300000,-0.300000,4.321,7.00,-0.098158,0.106276,0.000788,0.441632,0.006,0.200,-2.345,-19.151,0.348,3.140924,0.021257,-0.000171,0.000000,0.000000,0.000000,0.000000,0.000000,0.000000,0,0.00
6.470000,-0.023,-0.300000,-0.300000,4.321,7.00,-0.118342,0.116893,0.000799,0.348463,0.011,0.200,-2.345,-19.132,0.348,3.138852,0.023380,-0.000306,0.000000,0.000000,0.000000,0.000000,0.000000,0.000000,0,0.00
6.480000,-0.025,-0.300000,-0.300000,4.321,7.00,-0.136508,0.124863,0.000811,0.256045,0.015,0.200,-2.345,-19.112,0.348,3.137443,0.024974,-0.000437,0.000000,0.000000,0.000000,0.000000,0.000000,0.000000,0,0.00
6.490000,-0.026,-0.300000,-0.300000,4.321,7.00,-0.152857,0.130384,0.000826,0.241305,0.019,0.200,-2.345,-19.093,0.348,3.136629,0.026077,-0.000558,0.000000,0.000000,0.000000,0.000000,0.000000,0.000000,0,0.00
6.500000,-0.027,-0.300000,-0.300000,4.321,7.00,-0.167571,0.133628,0.000858,0.204975,0.021,0.200,-2.345,-19.074,0.348,3.136352,0.026726,-0.000663,0.000000,0.000000,0.000000,0.000000,0.000000,0.000000,0,0.00
6.510000,-0.027,-0.300000,-0.300000,4.321,7.00,-0.180814,0.134750,0.000885,0.165744,0.023,0.200,-2.345,-19.054,0.348,3.136557,0.026950,-0.000748,0.000000,0.000000,0.000000,0.000000,0.000000,0.000000,0,0.00
6.520000,-0.027,-0.226074,-0.226074,4.321,7.00,-0.192733,0.133889,0.000896,0.091289,0.025,0.151,-2.345,-19.035,0.348,3.137198,0.026778,-0.000811,0.000000,0.000000,0.000000,0.000000,0.000000,0.000000,0,0.00
6.530000,-0.025,-0.142013,-0.142013,4.321,7.00,-0.196069,0.125595,0.000927,0.015491,0.026,0.095,-2.345,-19.015,0.348,3.139616,0.025120,-0.000791,0.000000,0.000000,0.000000,0.000000,0.000000,0.000000,0,0.00
6.540000,-0.022,-0.031967,-0.031967,4.321,7.00,-0.190665,0.110148,0.000944,-0.079126,0.027,0.021,-2.346,-18.996,0.348,-3.139482,0.022033,-0.000687,0.000000,0.000000,0.000000,0.000000,0.000000,0.000000,0,0.00
6.550000,-0.017,0.121648,0.121648,4.321,7.00,-0.174798,0.086737,0.000955,-0.209340,0.027,0.081,-2.347,-18.977,0.348,-3.133552,0.017353,-0.000499,0.000000,0.000000,0.000000,0.000000,0.000000,0.000000,0,0.00
6.560000,-0.011,0.247609,0.247609,4.321,7.00,-0.147139,0.055024,0.000967,-0.303600,0.027,0.165,-2.349,-18.957,0.348,-3.125722,0.011010,-0.000253,0.000000,0.000000,0.000000,0.000000,0.000000,0.000000,0,0.00
6.570000,-0.003,0.300000,0.300000,4.321,7.00,-0.107688,0.015801,0.000971,-0.403228,0.025,0.200,-2.351,-18.938,0.348,-3.116209,0.003161,-0.000005,0.000000,0.000000,0.000000,0.000000,0.000000,0.000000,0,0.00
6.580000,0.004,0.300000,0.300000,4.321,7.00,-0.066923,-0.022430,0.000968,-0.572615,0.022,0.200,-2.353,-18.918,0.348,-3.107154,-0.004494,0.000156,0.000000,0.000000,0.000000,0.000000,0.000000,0.000000,0,0.00
6.590000,0.011,0.300000,0.300000,4.321,7.00,-0.030235,-0.055683,0.000962,-0.700562,0.017,0.200,-2.354,-18.899,0.348,-3.099537,-0.011156,0.000212,0.000000,0.000000,0.000000,0.000000,0.000000,0.000000,0,0.00
6.600000,0.017,0.300000,0.300000,4.321,7.00,0.002826,-0.084520,0.000937,-0.642797,0.011,0.200,-2.356,-18.880,0.348,-3.093183,-0.016933,0.000180,0.000000,0.000000,0.000000,0.000000,0.000000,0.000000,0,0.00
6.610000,0.022,0.300000,0.300000,4.321,7.00,0.032510,-0.109404,0.000911,-0.617622,0.003,0.200,-2.357,-18.860,0.348,-3.087947,-0.021918,0.000080,0.000000,0.000000,0.000000,0.000000,0.000000,0.000000,0,0.00
6.620000,0.026,0.300000,0.300000,4.321,7.00,0.059257,-0.130732,0.000884,-0.579573,-0.004,0.200,-2.359,-18.841,0.348,-3.083703,-0.026189,-0.000065,0.000000,0.000000,0.000000,0.000000,0.000000,0.000000,0,0.00
6.630000,0.030,0.300000,0.300000,4.321,7.00,0.083331,-0.148844,0.000866,-0.480767,-0.011,0.200,-2.360,-18.822,0.348,-3.080342,-0.029815,-0.000237,0.000000,0.000000,0.000000,0.000000,0.000000,0.000000,0,0.00
6.640000,0.033,0.300000,0.300000,4.321,7.00,0.104997,-0.164020,0.000848,-0.381079,-0.017,0.200,-2.361,-18.802,0.348,-3.077773,-0.032850,-0.000421,0.000000,0.000000,0.000000,0.000000,0.000000,0.000000,0,0.00
6.650000,0.035,0.300000,0.300000,4.321,7.00,0.124497,-0.176505,0.000830,-0.393896,-0.022,0.200,-2.363,-18.783,0.348,-3.075917,-0.035345,-0.000607,0.000000,0.000000,0.000000,0.000000,0.000000,0.000000,0,0.00
6.660000,0.037,0.300000,0.300000,4.321,7.00,0.142047,-0.186513,0.000788,-0.356813,-0.026,0.200,-2.364,-18.764,0.348,-3.074699,-0.037342,-0.000787,0.000000,0.000000,0.000000,0.000000,0.000000,0.000000,0,0.00
6.670000,0.039,0.300000,0.300000,4.321,7.00,0.157842,-0.194237,0.000726,-0.304507,-0.030,0.200,-2.365,-18.744,0.348,-3.074057,-0.038881,-0.000954,0.000000,0.000000,0.000000,0.000000,0.000000,0.000000,0,0.00
6.680000,0.040,0.300000,0.300000,4.321,7.00,0.172058,-0.199846,0.000712,-0.262398,-0.033,0.200,-2.365,-18.725,0.348,-3.073934,-0.039997,-0.001105,0.000000,0.000000,0.000000,0.000000,0.000000,0.000000,0,0.00
6.690000,0.041,0.300000,0.300000,4.321,7.00,0.184852,-0.203491,0.000657,-0.179371,-0.035,0.200,-2.366,-18.706,0.348,-3.074276,-0.040719,-0.001235,0.000000,0.000000,0.000000,0.000000,0.000000,0.000000,0,0.00
6.700000,0.041,0.300000,0.300000,4.321,7.00,0.196367,-0.205303,0.000630,-0.111870,-0.037,0.200,-2.367,-18.686,0.349,-3.075040,-0.041074,-0.001346,0.000000,0.000000,0.000000,0.000000,0.000000,0.000000,0,0.00
6.710000,0.041,0.288604,0.288604,4.321,7.00,0.206730,-0.205399,0.000587,-0.083792,-0.039,0.192,-2.368,-18.667,0.349,-3.076184,-0.041085,-0.001436,0.000000,0.000000,0.000000,0.000000,0.000000,0.000000,0,0.00
6.720000,0.041,0.263571,0.263571,4.321,7.00,0.214918,-0.203045,0.000545,-0.061070,-0.040,0.176,-2.368,-18.647,0.349,-3.077886,-0.040607,-0.001495,0.000000,0.000000,0.000000,0.000000,0.000000,0.000000,0,0.00
6.730000,0.039,0.190043,0.190043,4.321,7.00,0.219784,-0.197485,0.000505,0.006937,-0.041,0.127,-2.369,-18.628,0.349,-3.080330,-0.039489,-0.001501,0.000000,0.000000,0.000000,0.000000,0.000000,0.000000,0,0.00
6.740000,0.037,0.090967,0.090967,4.321,7.00,0.216811,-0.185571,0.000487,0.094117,-0.041,0.061,-2.369,-18.609,0.349,-3.084318,-0.037103,-0.001406,0.000000,0.000000,0.000000,0.000000,0.000000,0.000000,0,0.00
6.750000,0.033,-0.109011,-0.109011,4.321,7.00,0.204229,-0.166430,0.000475,0.274966,-0.041,0.073,-2.369,-18.589,0.349,-3.090053,-0.033274,-0.001210,0.000000,0.000000,0.000000,0.000000,0.000000,0.000000,0,0.00
6.760000,0.028,-0.300000,-0.300000,4.321,7.00,0.180043,-0.139223,0.000466,0.532988,-0.041,0.200,-2.368,-18.570,0.348,-3.097734,-0.027835,-0.000915,0.000000,0.000000,0.000000,0.000000,0.000000,0.000000,0,0.00
6.770000,0.021,-0.300000,-0.300000,4.321,7.00,0.144764,-0.105132,0.000457,0.782701,-0.039,0.200,-2.367,-18.550,0.348,-3.107044,-0.021021,-0.000562,0.000000,0.000000,0.000000,0.000000,0.000000,0.000000,0,0.00
6.780000,0.013,-0.300000,-0.300000,4.321,7.00,0.100294,-0.066321,0.000440,0.866746,-0.037,0.200,-2.366,-18.531,0.348,-3.117421,-0.013263,-0.000220,0.000000,0.000000,0.000000,0.000000,0.000000,0.000000,0,0.00
6.790000,0.007,-0.300000,-0.300000,4.321,7.00,0.060268,-0.033031,0.000434,0.896100,-0.033,0.200,-2.364,-18.511,0.348,-3.126189,-0.006607,0.000015,0.000000,0.000000,0.000000,0.000000,0.000000,0.000000,0,0.00
6.800000,0.001,-0.300000,-0.300000,4.321,7.00,0.024245,-0.004625,0.000434,0.946695,-0.028,0.200,-2.363,-18.492,0.348,-3.133553,-0.000926,0.000144,0.000000,0.000000,0.000000,0.000000,0.000000,0.000000,0,0.00
6.810000,-0.004,-0.300000,-0.300000,4.321,7.00,-0.008193,0.019431,0.000438,0.752134,-0.021,0.200,-2.362,-18.473,0.348,-3.139683,0.003886,0.000185,0.000000,0.000000,0.000000,0.000000,0.000000,0.000000,0,0.00
6.820000,-0.008,-0.300000,-0.300000,4.321,7.00,-0.037364,0.039599,0.000443,0.596583,-0.013,0.200,-2.361,-18.453,0.348,3.138462,0.007920,0.000159,0.000000,0.000000,0.000000,0.000000,0.000000,0.000000,0,0.00
6.830000,-0.011,-0.300000,-0.300000,4.321,7.00,-0.063626,0.056236,0.000447,0.640057,-0.007,0.200,-2.361,-18.434,0.348,3.134393,0.011248,0.000090,0.000000,0.000000,0.000000,0.000000,0.000000,0.000000,0,0.00
6.840000,-0.014,-0.300000,-0.300000,4.321,7.00,-0.087263,0.069658,0.000454,0.621196,-0.001,0.200,-2.360,-18.414,0.348,3.131193,0.013933,-0.000006,0.000000,0.000000,0.000000,0.000000,0.000000,0.000000,0,0.00
6.850000,-0.016,-0.300000,-0.300000,4.321,7.00,-0.108536,0.080138,0.000468,0.436837,0.004,0.200,-2.359,-18.395,0.348,3.128772,0.016028,-0.000113,0.000000,0.000000,0.000000,0.000000,0.000000,0.000000,0,0.00
6.860000,-0.018,-0.300000,-0.300000,4.321,7.00,-0.127682,0.087913,0.000487,0.397363,0.008,0.200,-2.359,-18.376,0.348,3.127048,0.017582,-0.000220,0.000000,0.000000,0.000000,0.000000,0.000000,0.000000,0,0.00
6.870000,-0.019,-0.300000,-0.300000,4.321,7.00,-0.144914,0.093193,0.000496,0.331153,0.011,0.200,-2.358,-18.356,0.348,3.125952,0.018637,-0.000321,0.000000,0.000000,0.000000,0.000000,0.000000,0.000000,0,0.00
6.880000,-0.019,-0.300000,-0.300000,4.321,7.00,-0.160422,0.096158,0.000504,0.209164,0.014,0.200,-2.358,-18.337,0.348,3.125421,0.019229,-0.000408,0.000000,0.000000,0.000000,0.000000,0.000000,0.000000,0,0.00
6.890000,-0.019,-0.219416,-0.219416,4.321,7.00,-0.174380,0.096971,0.000531,0.121914,0.016,0.146,-2.358,-18.317,0.348,3.125399,0.019390,-0.000479,0.000000,0.000000,0.000000,0.000000,0.000000,0.000000,0,0.00
6.900000,-0.018,-0.154705,-0.154705,4.321,7.00,-0.178886,0.090037,0.000551,0.064117,0.018,0.103,-2.358,-18.298,0.348,3.127339,0.018003,-0.000483,0.000000,0.000000,0.000000,0.000000,0.000000,0.000000,0,0.00
6.910000,-0.016,-0.012640,-0.012640,4.321,7.00,-0.176469,0.077590,0.000557,-0.065507,0.019,0.008,-2.358,-18.279,0.348,3.130616,0.015515,-0.000427,0.000000,0.000000,0.000000,0.000000,0.000000,0.000000,0,0.00
6.920000,-0.012,0.100842,0.100842,4.321,7.00,-0.164353,0.058017,0.000570,-0.159429,0.019,0.067,-2.359,-18.259,0.348,3.135634,0.011602,-0.000306,0.000000,0.000000,0.000000,0.000000,0.000000,0.000000,0,0.00
6.930000,-0.006,0.276723,0.276723,4.321,7.00,-0.142904,0.032133,0.000574,-0.309430,0.019,0.184,-2.360,-18.240,0.348,-3.141029,0.006427,-0.000143,0.000000,0.000000,0.000000,0.000000,0.000000,0.000000,0,0.00
6.940000,-0.000,0.300000,0.300000,4.321,7.00,-0.112451,0.000748,0.000574,-0.503206,0.018,0.200,-2.361,-18.220,0.348,-3.133228,0.000149,0.000024,0.000000,0.000000,0.000000,0.000000,0.000000,0.000000,0,0.00
6.950000,0.007,0.300000,0.300000,4.321,7.00,-0.073295,-0.035364,0.000571,-0.782008,0.016,0.200,-2.363,-18.201,0.348,-3.124360,-0.007076,0.000152,0.000000,0.000000,0.000000,0.000000,0.000000,0.000000,0,0.00
6.960000,0.014,0.300000,0.300000,4.321,7.00,-0.035969,-0.068273,0.000550,-0.744022,0.012,0.200,-2.364,-18.182,0.348,-3.116501,-0.013664,0.000200,0.000000,0.000000,0.000000,0.000000,0.000000,0.000000,0,0.00
6.970000,0.019,0.300000,0.300000,4.321,7.00,-0.002403,-0.096772,0.000541,-0.878561,0.006,0.200,-2.366,-18.162,0.348,-3.109935,-0.019371,0.000168,0.000000,0.000000,0.000000,0.000000,0.000000,0.000000,0,0.00
6.980000,0.024,0.300000,0.300000,4.321,7.00,0.027871,-0.121330,0.000531,-0.954235,0.000,0.200,-2.367,-18.143,0.348,-3.104511,-0.024288,0.000070,0.000000,0.000000,0.000000,0.000000,0.000000,0.000000,0,0.00
6.990000,0.028,0.300000,0.300000,4.321,7.00,0.055082,-0.142338,0.000485,-0.803699,-0.007,0.200,-2.368,-18.123,0.348,-3.100100,-0.028493,-0.000076,0.000000,0.000000,0.000000,0.000000,0.000000,0.000000,0,0.00
7.000000,0.032,0.300000,0.300000,4.321,7.00,0.079573,-0.160138,0.000450,-0.557047,-0.014,0.200,-2.370,-18.104,0.348,-3.096590,-0.032054,-0.000251,0.000000,0.000000,0.000000,0.000000,0.000000,0.000000,0,0.00
7.010000,0.035,0.300000,0.300000,4.321,7.00,0.101615,-0.174999,0.000438,-0.621943,-0.019,0.200,-2.371,-18.085,0.348,-3.093890,-0.035026,-0.000440,0.000000,0.000000,0.000000,0.000000,0.000000,0.000000,0,0.00
7.020000,0.037,0.300000,0.300000,4.321,7.00,0.121454,-0.187168,0.000397,-0.464491,-0.024,0.200,-2.372,-18.065,0.348,-3.091915,-0.037457,-0.000632,0.000000,0.000000,0.000000,0.000000,0.000000,0.000000,0,0.00
7.030000,0.039,0.300000,0.300000,4.321,7.00,0.139308,-0.196858,0.000373,-0.313444,-0.028,0.200,-2.372,-18.046,0.348,-3.090592,-0.039391,-0.000818,0.000000,0.000000,0.000000,0.000000,0.000000,0.000000,0,0.00
7.040000,0.041,0.300000,0.300000,4.321,7.00,0.155377,-0.204261,0.000355,-0.326055,-0.032,0.200,-2.373,-18.027,0.348,-3.089856,-0.040867,-0.000991,0.000000,0.000000,0.000000,0.000000,0.000000,0.000000,0,0.00
7.050000,0.042,0.300000,0.300000,4.321,7.00,0.169840,-0.209542,0.000306,-0.288488,-0.035,0.200,-2.374,-18.007,0.348,-3.089647,-0.041918,-0.001148,0.000000,0.000000,0.000000,0.000000,0.000000,0.000000,0,0.00
7.060000,0.043,0.300000,0.300000,4.321,7.00,0.182856,-0.212852,0.000243,-0.162824,-0.037,0.200,-2.374,-17.988,0.348,-3.089913,-0.042574,-0.001283,0.000000,0.000000,0.000000,0.000000,0.000000,0.000000,0,0.00
7.070000,0.043,0.300000,0.300000,4.321,7.00,0.194570,-0.214321,0.000161,-0.129444,-0.039,0.200,-2.375,-17.969,0.349,-3.090609,-0.042862,-0.001399,0.000000,0.000000,0.000000,0.000000,0.000000,0.000000,0,0.00
7.080000,0.043,0.291040,0.291040,4.321,7.00,0.205113,-0.214065,0.000125,-0.077100,-0.041,0.194,-2.375,-17.949,0.349,-3.091691,-0.042805,-0.001492,0.000000,0.000000,0.000000,0.000000,0.000000,0.000000,0,0.00
7.090000,0.042,0.226726,0.226726,4.321,7.00,0.213706,-0.211516,0.000080,-0.015290,-0.042,0.151,-2.376,-17.930,0.349,-3.093292,-0.042290,-0.001554,0.000000,0.000000,0.000000,0.000000,0.000000,0.000000,0,0.00
7.100000,0.041,0.178852,0.178852,4.321,7.00,0.215010,-0.202740,0.000034,0.023853,-0.043,0.119,-2.376,-17.910,0.349,-3.096390,-0.040532,-0.001509,0.000000,0.000000,0.000000,0.000000,0.000000,0.000000,0,0.00
7.110000,0.038,0.091805,0.091805,4.321,7.00,0.211395,-0.189821,0.000011,0.098006,-0.043,0.061,-2.376,-17.891,0.349,-3.100420,-0.037948,-0.001401,0.000000,0.000000,0.000000,0.000000,0.000000,0.000000,0,0.00
7.120000,0.034,-0.039004,-0.039004,4.321,7.00,0.199439,-0.170442,-0.000009,0.209454,-0.043,0.026,-2.375,-17.872,0.349,-3.105946,-0.034074,-0.001199,0.000000,0.000000,0.000000,0.000000,0.000000,0.000000,0,0.00
7.130000,0.029,-0.125660,-0.125660,4.321,7.00,0.177810,-0.144071,-0.000048,0.269779,-0.042,0.084,-2.374,-17.852,0.348,-3.113065,-0.028804,-0.000909,0.000000,0.000000,0.000000,0.000000,0.000000,0.000000,0,0.00
7.140000,0.022,-0.226992,-0.226992,4.321,7.00,0.147467,-0.112027,-0.000078,0.339098,-0.041,0.151,-2.373,-17.833,0.348,-3.121418,-0.022400,-0.000577,0.000000,0.000000,0.000000,0.000000,0.000000,0.000000,0,0.00
7.150000,0.015,-0.300000,-0.300000,4.321,7.00,0.110025,-0.076085,-0.000086,0.543087,-0.038,0.200,-2.372,-17.813,0.348,-3.130543,-0.015216,-0.000257,0.000000,0.000000,0.000000,0.000000,0.000000,0.000000,0,0.00
7.160000,0.008,-0.300000,-0.300000,4.321,7.00,0.069028,-0.039315,-0.000097,0.560154,-0.034,0.200,-2.371,-17.794,0.348,-3.139665,-0.007863,-0.000008,0.000000,0.000000,0.000000,0.000000,0.000000,0.000000,0,0.00
7.170000,0.002,-0.300000,-0.300000,4.321,7.00,0.032128,-0.007560,-0.000098,0.595963,-0.029,0.200,-2.370,-17.774,0.348,3.135847,-0.001511,0.000128,0.000000,0.000000,0.000000,0.000000,0.000000,0.000000,0,0.00
7.180000,-0.004,-0.300000,-0.300000,4.321,7.00,-0.001168,0.019730,-0.000093,0.600864,-0.022,0.200,-2.368,-17.755,0.348,3.129446,0.003948,0.000169,0.000000,0.000000,0.000000,0.000000,0.000000,0.000000,0,0.00
7.190000,-0.009,-0.300000,-0.300000,4.321,7.00,-0.030972,0.043006,-0.000081,0.577585,-0.015,0.200,-2.367,-17.736,0.348,3.124169,0.008605,0.000139,0.000000,0.000000,0.000000,0.000000,0.000000,0.000000,0,0.00
7.200000,-0.013,-0.300000,-0.300000,4.321,7.00,-0.057873,0.062686,-0.000076,0.511226,-0.008,0.200,-2.367,-17.716,0.348,3.119886,0.012542,0.000061,0.000000,0.000000,0.000000,0.000000,0.000000,0.000000,0,0.00
7.210000,-0.016,-0.300000,-0.300000,4.321,7.00,-0.082085,0.079073,-0.000058,0.472331,-0.002,0.200,-2.366,-17.697,0.348,3.116494,0.015819,-0.000047,0.000000,0.000000,0.000000,0.000000,0.000000,0.000000,0,0.00
7.220000,-0.018,-0.300000,-0.300000,4.321,7.00,-0.103876,0.092451,-0.000042,0.377256,0.004,0.200,-2.365,-17.678,0.348,3.113900,0.018494,-0.000170,0.000000,0.000000,0.000000,0.000000,0.000000,0.000000,0,0.00
7.230000,-0.021,-0.300000,-0.300000,4.321,7.00,-0.123488,0.103066,-0.000015,0.337581,0.009,0.200,-2.364,-17.658,0.348,3.112020,0.020615,-0.000297,0.000000,0.000000,0.000000,0.000000,0.000000,0.000000,0,0.00
7.240000,-0.022,-0.300000,-0.300000,4.321,7.00,-0.141139,0.111134,0.000008,0.308951,0.013,0.200,-2.364,-17.639,0.348,3.110784,0.022226,-0.000419,0.000000,0.000000,0.000000,0.000000,0.000000,0.000000,0,0.00
7.250000,-0.023,-0.280910,-0.280910,4.321,7.00,-0.157025,0.116844,0.000032,0.164034,0.016,0.187,-2.363,-17.619,0.348,3.110126,0.023366,-0.000530,0.000000,0.000000,0.000000,0.000000,0.000000,0.000000,0,0.00
7.260000,-0.024,-0.251027,-0.251027,4.321,7.00,-0.169414,0.118937,0.000044,0.132046,0.018,0.167,-2.363,-17.600,0.348,3.110345,0.023782,-0.000616,0.000000,0.000000,0.000000,0.000000,0.000000,0.000000,0,0.00
7.270000,-0.023,-0.181219,-0.181219,4.321,7.00,-0.177576,0.116989,0.000052,0.064178,0.021,0.121,-2.363,-17.581,0.348,3.111523,0.023391,-0.000657,0.000000,0.000000,0.000000,0.000000,0.000000,0.000000,0,0.00
7.280000,-0.022,-0.084706,-0.084706,4.321,7.00,-0.177942,0.108498,0.000062,-0.023853,0.022,0.056,-2.363,-17.561,0.348,3.114265,0.021692,-0.000629,0.000000,0.000000,0.000000,0.000000,0.000000,0.000000,0,0.00
7.290000,-0.018,0.102105,0.102105,4.321,7.00,-0.168621,0.092431,0.000068,-0.194605,0.023,0.068,-2.363,-17.542,0.348,3.118796,0.018480,-0.000522,0.000000,0.000000,0.000000,0.000000,0.000000,0.000000,0,0.00
7.300000,-0.014,0.200296,0.200296,4.321,7.00,-0.147330,0.067645,0.000087,-0.268029,0.024,0.134,-2.364,-17.522,0.348,3.125374,0.013526,-0.000341,0.000000,0.000000,0.000000,0.000000,0.000000,0.000000,0,0.00
7.310000,-0.007,0.300000,0.300000,4.321,7.00,-0.114079,0.034908,0.000094,-0.385018,0.023,0.200,-2.366,-17.503,0.348,3.133781,0.006981,-0.000126,0.000000,0.000000,0.000000,0.000000,0.000000,0.000000,0,0.00
7.320000,0.000,0.300000,0.300000,4.321,7.00,-0.072677,-0.002183,0.000094,-0.704634,0.022,0.200,-2.367,-17.484,0.348,-3.140086,-0.000437,0.000056,0.000000,0.000000,0.000000,0.000000,0.000000,0.000000,0,0.00
7.330000,0.007,0.300000,0.300000,4.321,7.00,-0.035412,-0.034133,0.000087,-0.734210,0.018,0.200,-2.368,-17.464,0.348,-3.132244,-0.006828,0.000148,0.000000,0.000000,0.000000,0.000000,0.000000,0.000000,0,0.00
7.340000,0.012,0.300000,0.300000,4.321,7.00,-0.001912,-0.061512,0.000079,-0.731291,0.014,0.200,-2.370,-17.445,0.348,-3.125694,-0.012307,0.000156,0.000000,0.000000,0.000000,0.000000,0.000000,0.000000,0,0.00
7.350000,0.017,0.300000,0.300000,4.321,7.00,0.028323,-0.084800,0.000071,-0.829185,0.007,0.200,-2.371,-17.425,0.348,-3.120286,-0.016967,0.000097,0.000000,0.000000,0.000000,0.000000,0.000000,0.000000,0,0.00
7.360000,0.021,0.300000,0.300000,4.321,7.00,0.055489,-0.104407,0.000062,-0.877646,-0.000,0.200,-2.372,-17.406,0.348,-3.115890,-0.020890,-0.000010,0.000000,0.000000,0.000000,0.000000,0.000000,0.000000,0,0.00
7.370000,0.024,0.300000,0.300000,4.321,7.00,0.079939,-0.120663,0.000023,-0.572133,-0.007,0.200,-2.373,-17.387,0.348,-3.112397,-0.024141,-0.000146,0.000000,0.000000,0.000000,0.000000,0.000000,0.000000,0,0.00
7.380000,0.027,0.300000,0.300000,4.321,7.00,0.101944,-0.133860,0.000010,-0.563571,-0.012,0.200,-2.374,-17.367,0.348,-3.109713,-0.026779,-0.000297,0.000000,0.000000,0.000000,0.000000,0.000000,0.000000,0,0.00
7.390000,0.029,0.300000,0.300000,4.321,7.00,0.121750,-0.144253,-0.000003,-0.499433,-0.017,0.200,-2.374,-17.348,0.348,-3.107754,-0.028856,-0.000450,0.000000,0.000000,0.000000,0.000000,0.000000,0.000000,0,0.00
7.400000,0.030,0.300000,0.300000,4.321,7.00,0.139575,-0.152063,-0.000043,-0.364569,-0.021,0.200,-2.375,-17.329,0.348,-3.106446,-0.030415,-0.000597,0.000000,0.000000,0.000000,0.000000,0.000000,0.000000,0,0.00
7.410000,0.031,0.300000,0.300000,4.321,7.00,0.155617,-0.157487,-0.000066,-0.235713,-0.024,0.200,-2.376,-17.309,0.348,-3.105724,-0.031497,-0.000731,0.000000,0.000000,0.000000,0.000000,0.000000,0.000000,0,0.00
7.420000,0.032,0.300000,0.300000,4.321,7.00,0.170055,-0.160698,-0.000102,-0.212536,-0.027,0.200,-2.376,-17.290,0.348,-3.105530,-0.032135,-0.000849,0.000000,0.000000,0.000000,0.000000,0.000000,0.000000,0,0.00
7.430000,0.032,0.295139,0.295139,4.321,7.00,0.183050,-0.161851,-0.000140,-0.133148,-0.029,0.197,-2.377,-17.270,0.348,-3.105810,-0.032363,-0.000946,0.000000,0.000000,0.000000,0.000000,0.000000,0.000000,0,0.00
7.440000,0.032,0.208160,0.208160,4.321,7.00,0.194259,-0.160725,-0.000156,-0.047279,-0.030,0.139,-2.377,-17.251,0.349,-3.106610,-0.032135,-0.001019,0.000000,0.000000,0.000000,0.000000,0.000000,0.000000,0,0.00
7.450000,0.030,0.119217,0.119217,4.321,7.00,0.195651,-0.151518,-0.000171,0.032472,-0.031,0.079,-2.377,-17.232,0.349,-3.109411,-0.030292,-0.000988,0.000000,0.000000,0.000000,0.000000,0.000000,0.000000,0,0.00
7.460000,0.027,0.043397,0.043397,4.321,7.00,0.188009,-0.135295,-0.000209,0.092107,-0.032,0.029,-2.377,-17.212,0.348,-3.113907,-0.027049,-0.000867,0.000000,0.000000,0.000000,0.000000,0.000000,0.000000,0,0.00
7.470000,0.023,-0.049591,-0.049591,4.321,7.00,0.173549,-0.114199,-0.000234,0.164024,-0.032,0.033,-2.376,-17.193,0.348,-3.119526,-0.022832,-0.000684,0.000000,0.000000,0.000000,0.000000,0.000000,0.000000,0,0.00
7.480000,0.018,-0.300000,-0.300000,4.321,7.00,0.151238,-0.087931,-0.000240,0.406115,-0.032,0.200,-2.375,-17.173,0.348,-3.126342,-0.017582,-0.000457,0.000000,0.000000,0.000000,0.000000,0.000000,0.000000,0,0.00
7.490000,0.011,-0.300000,-0.300000,4.321,7.00,0.117680,-0.054602,-0.000251,0.506875,-0.030,0.200,-2.374,-17.154,0.348,-3.134845,-0.010920,-0.000202,0.000000,0.000000,0.000000,0.000000,0.000000,0.000000,0,0.00
7.500000,0.003,-0.300000,-0.300000,4.321,7.00,0.075917,-0.017150,-0.000253,0.651109,-0.027,0.200,-2.373,-17.134,0.348,3.138917,-0.003430,0.000018,0.000000,0.000000,0.000000,0.000000,0.000000,0.000000,0,0.00
7.510000,-0.003,-0.300000,-0.300000,4.321,7.00,0.038329,0.015179,-0.000252,0.856391,-0.023,0.200,-2.371,-17.115,0.348,3.130982,0.003037,0.000141,0.000000,0.000000,0.000000,0.000000,0.000000,0.000000,0,0.00
7.520000,-0.009,-0.300000,-0.300000,4.321,7.00,0.004513,0.042961,-0.000248,1.009645,-0.018,0.200,-2.370,-17.096,0.348,3.124349,0.008596,0.000173,0.000000,0.000000,0.000000,0.000000,0.000000,0.000000,0,0.00
7.530000,-0.013,-0.300000,-0.300000,4.321,7.00,-0.025958,0.066680,-0.000225,0.815375,-0.011,0.200,-2.369,-17.076,0.348,3.118867,0.013343,0.000133,0.000000,0.000000,0.000000,0.000000,0.000000,0.000000,0,0.00
7.540000,-0.017,-0.300000,-0.300000,4.321,7.00,-0.053360,0.086748,-0.000217,0.835896,-0.003,0.200,-2.368,-17.057,0.348,3.114404,0.017358,0.000042,0.000000,0.000000,0.000000,0.000000,0.000000,0.000000,0,0.00
7.550000,-0.021,-0.300000,-0.300000,4.321,7.00,-0.078023,0.103501,-0.000208,0.756026,0.003,0.200,-2.367,-17.038,0.348,3.110851,0.020709,-0.000082,0.000000,0.000000,0.000000,0.000000,0.000000,0.000000,0,0.00
7.560000,-0.023,-0.300000,-0.300000,4.321,7.00,-0.100220,0.117223,-0.000176,0.546426,0.009,0.200,-2.366,-17.018,0.348,3.108112,0.023453,-0.000222,0.000000,0.000000,0.000000,0.000000,0.000000,0.000000,0,0.00
7.570000,-0.026,-0.300000,-0.300000,4.321,7.00,-0.120198,0.128168,-0.000158,0.381621,0.013,0.200,-2.365,-16.999,0.348,3.106104,0.025639,-0.000367,0.000000,0.000000,0.000000,0.000000,0.000000,0.000000,0,0.00
7.580000,-0.027,-0.300000,-0.300000,4.321,7.00,-0.138178,0.136554,-0.000127,0.360752,0.017,0.200,-2.364,-16.979,0.348,3.104751,0.027314,-0.000508,0.000000,0.000000,0.000000,0.000000,0.000000,0.000000,0,0.00
7.590000,-0.029,-0.300000,-0.300000,4.321,7.00,-0.154360,0.142574,-0.000117,0.286590,0.021,0.200,-2.364,-16.960,0.348,3.103988,0.028515,-0.000639,0.000000,0.000000,0.000000,0.000000,0.000000,0.000000,0,0.00
7.600000,-0.029,-0.300000,-0.300000,4.321,7.00,-0.168924,0.146398,-0.000087,0.173426,0.023,0.200,-2.363,-16.941,0.348,3.103757,0.029276,-0.000753,0.000000,0.000000,0.000000,0.000000,0.000000,0.000000,0,0.00
7.610000,-0.030,-0.299274,-0.299274,4.321,7.00,-0.182031,0.148177,-0.000070,0.151167,0.026,0.200,-2.363,-16.921,0.348,3.104004,0.029629,-0.000849,0.000000,0.000000,0.000000,0.000000,0.000000,0.000000,0,0.00
7.620000,-0.030,-0.246334,-0.246334,4.321,7.00,-0.193756,0.147989,-0.000058,0.098402,0.027,0.164,-2.362,-16.902,0.348,3.104696,0.029588,-0.000924,0.000000,0.000000,0.000000,0.000000,0.000000,0.000000,0,0.00
7.630000,-0.028,-0.203451,-0.203451,4.321,7.00,-0.199015,0.142227,-0.000018,0.061242,0.029,0.136,-2.362,-16.883,0.349,3.106768,0.028434,-0.000932,0.000000,0.000000,0.000000,0.000000,0.000000,0.000000,0,0.00
7.640000,-0.026,-0.110859,-0.110859,4.321,7.00,-0.199460,0.132355,0.000011,-0.021507,0.029,0.074,-2.362,-16.863,0.349,3.109805,0.026459,-0.000885,0.000000,0.000000,0.000000,0.000000,0.000000,0.000000,0,0.00
7.650000,-0.023,0.060900,0.060900,4.321,7.00,-0.190602,0.115377,0.000020,-0.176297,0.030,0.041,-2.363,-16.844,0.348,3.114576,0.023066,-0.000756,0.000000,0.000000,0.000000,0.000000,0.000000,0.000000,0,0.00
7.660000,-0.018,0.167533,0.167533,4.321,7.00,-0.172209,0.091651,0.000039,-0.259223,0.030,0.112,-2.363,-16.824,0.348,3.120958,0.018324,-0.000555,0.000000,0.000000,0.000000,0.000000,0.000000,0.000000,0,0.00
7.670000,-0.012,0.300000,0.300000,4.321,7.00,-0.144622,0.062008,0.000048,-0.389422,0.028,0.200,-2.364,-16.805,0.348,3.128716,0.012399,-0.000314,0.000000,0.000000,0.000000,0.000000,0.000000,0.000000,0,0.00
7.680000,-0.005,0.300000,0.300000,4.321,7.00,-0.108148,0.027263,0.000051,-0.581803,0.026,0.200,-2.366,-16.785,0.348,3.137625,0.005452,-0.000078,0.000000,0.000000,0.000000,0.000000,0.000000,0.000000,0,0.00
7.690000,0.002,0.300000,0.300000,4.321,7.00,-0.067339,-0.008801,0.000049,-0.650613,0.023,0.200,-2.367,-16.766,0.348,-3.136493,-0.001761,0.000097,0.000000,0.000000,0.000000,0.000000,0.000000,0.000000,0,0.00
7.700000,0.008,0.300000,0.300000,4.321,7.00,-0.030608,-0.040012,0.000040,-0.604124,0.018,0.200,-2.369,-16.747,0.348,-3.128867,-0.008005,0.000177,0.000000,0.000000,0.000000,0.000000,0.000000,0.000000,0,0.00
7.710000,0.013,0.300000,0.300000,4.321,7.00,0.002488,-0.066913,0.000035,-0.730275,0.012,0.200,-2.370,-16.727,0.348,-3.122505,-0.013389,0.000171,0.000000,0.000000,0.000000,0.000000,0.000000,0.000000,0,0.00
7.720000,0.018,0.300000,0.300000,4.321,7.00,0.032208,-0.089955,0.000013,-0.661250,0.005,0.200,-2.371,-16.708,0.348,-3.117263,-0.018000,0.000099,0.000000,0.000000,0.000000,0.000000,0.000000,0.000000,0,0.00
7.730000,0.022,0.300000,0.300000,4.321,7.00,0.058985,-0.109538,-0.000003,-0.540580,-0.002,0.200,-2.372,-16.688,0.348,-3.113010,-0.021918,-0.000020,0.000000,0.000000,0.000000,0.000000,0.000000,0.000000,0,0.00
7.740000,0.025,0.300000,0.300000,4.321,7.00,0.083086,-0.125968,-0.000018,-0.531333,-0.008,0.200,-2.373,-16.669,0.348,-3.109644,-0.025204,-0.000166,0.000000,0.000000,0.000000,0.000000,0.000000,0.000000,0,0.00
7.750000,0.028,0.300000,0.300000,4.321,7.00,0.104777,-0.139520,-0.000057,-0.465977,-0.013,0.200,-2.374,-16.650,0.348,-3.107072,-0.027913,-0.000326,0.000000,0.000000,0.000000,0.000000,0.000000,0.000000,0,0.00
7.760000,0.030,0.300000,0.300000,4.321,7.00,0.124299,-0.150436,-0.000118,-0.283638,-0.018,0.200,-2.375,-16.630,0.348,-3.105213,-0.030094,-0.000488,0.000000,0.000000,0.000000,0.000000,0.000000,0.000000,0,0.00
7.770000,0.032,0.300000,0.300000,4.321,7.00,0.141869,-0.158926,-0.000141,-0.258644,-0.022,0.200,-2.375,-16.611,0.348,-3.103994,-0.031789,-0.000644,0.000000,0.000000,0.000000,0.000000,0.000000,0.000000,0,0.00
7.780000,0.033,0.300000,0.300000,4.321,7.00,0.157682,-0.165178,-0.000182,-0.189598,-0.025,0.200,-2.376,-16.592,0.348,-3.103350,-0.033036,-0.000787,0.000000,0.000000,0.000000,0.000000,0.000000,0.000000,0,0.00
7.790000,0.034,0.296569,0.296569,4.321,7.00,0.171914,-0.169354,-0.000200,-0.127014,-0.028,0.198,-2.376,-16.572,0.348,-3.103226,-0.033867,-0.000914,0.000000,0.000000,0.000000,0.000000,0.000000,0.000000,0,0.00
7.800000,0.034,0.273335,0.273335,4.321,7.00,0.184380,-0.171351,-0.000239,-0.101745,-0.030,0.182,-2.377,-16.553,0.348,-3.103633,-0.034263,-0.001019,0.000000,0.000000,0.000000,0.000000,0.000000,0.000000,0,0.00
7.810000,0.034,0.249854,0.249854,4.321,7.00,0.193276,-0.169873,-0.000271,-0.079710,-0.032,0.167,-2.377,-16.533,0.349,-3.104886,-0.033964,-0.001081,0.000000,0.000000,0.000000,0.000000,0.000000,0.000000,0,0.00
7.820000,0.033,0.180395,0.180395,4.321,7.00,0.198935,-0.165294,-0.000289,-0.014812,-0.033,0.120,-2.377,-16.514,0.349,-3.106867,-0.033047,-0.001097,0.000000,0.000000,0.000000,0.000000,0.000000,0.000000,0,0.00
7.830000,0.031,0.133257,0.133257,4.321,7.00,0.197082,-0.154545,-0.000341,0.021629,-0.034,0.089,-2.377,-16.495,0.349,-3.110331,-0.030897,-0.001034,0.000000,0.000000,0.000000,0.000000,0.000000,0.000000,0,0.00
7.840000,0.028,0.016989,0.016989,4.321,7.00,0.190701,-0.140211,-0.000358,0.123580,-0.034,0.011,-2.376,-16.475,0.348,-3.114592,-0.028031,-0.000917,0.000000,0.000000,0.000000,0.000000,0.000000,0.000000,0,0.00
7.850000,0.024,-0.070085,-0.070085,4.321,7.00,0.174762,-0.118777,-0.000385,0.189247,-0.034,0.047,-2.376,-16.456,0.348,-3.120520,-0.023748,-0.000719,0.000000,0.000000,0.000000,0.000000,0.000000,0.000000,0,0.00
7.860000,0.018,-0.210584,-0.210584,4.321,7.00,0.150281,-0.091552,-0.000399,0.302534,-0.033,0.140,-2.375,-16.436,0.348,-3.127748,-0.018307,-0.000473,0.000000,0.000000,0.000000,0.000000,0.000000,0.000000,0,0.00
7.870000,0.012,-0.296098,-0.296098,4.321,7.00,0.116218,-0.058297,-0.000414,0.354809,-0.031,0.197,-2.373,-16.417,0.348,-3.136316,-0.011659,-0.000209,0.000000,0.000000,0.000000,0.000000,0.000000,0.000000,0,0.00
7.880000,0.004,-0.300000,-0.300000,4.321,7.00,0.074992,-0.021403,-0.000419,0.435257,-0.028,0.200,-2.372,-16.398,0.348,3.137579,-0.004281,0.000015,0.000000,0.000000,0.000000,0.000000,0.000000,0.000000,0,0.00
7.890000,-0.002,-0.300000,-0.300000,4.321,7.00,0.037495,0.010694,-0.000418,0.577360,-0.024,0.200,-2.370,-16.378,0.348,3.129684,0.002141,0.000140,0.000000,0.000000,0.000000,0.000000,0.000000,0.000000,0,0.00
7.900000,-0.008,-0.300000,-0.300000,4.321,7.00,0.003766,0.038211,-0.000414,0.686798,-0.018,0.200,-2.369,-16.359,0.348,3.123087,0.007647,0.000175,0.000000,0.000000,0.000000,0.000000,0.000000,0.000000,0,0.00
7.910000,-0.012,-0.300000,-0.300000,4.321,7.00,-0.026634,0.061622,-0.000397,0.623016,-0.012,0.200,-2.368,-16.339,0.348,3.117635,0.012332,0.000138,0.000000,0.000000,0.000000,0.000000,0.000000,0.000000,0,0.00
7.920000,-0.016,-0.300000,-0.300000,4.321,7.00,-0.053969,0.081329,-0.000380,0.601962,-0.004,0.200,-2.367,-16.320,0.348,3.113200,0.016275,0.000052,0.000000,0.000000,0.000000,0.000000,0.000000,0.000000,0,0.00
7.930000,-0.020,-0.300000,-0.300000,4.321,7.00,-0.078571,0.097663,-0.000373,0.644000,0.002,0.200,-2.366,-16.301,0.348,3.109670,0.019542,-0.000066,0.000000,0.000000,0.000000,0.000000,0.000000,0.000000,0,0.00
7.940000,-0.022,-0.300000,-0.300000,4.321,7.00,-0.100714,0.110909,-0.000351,0.468469,0.008,0.200,-2.365,-16.281,0.348,3.106953,0.022190,-0.000200,0.000000,0.000000,0.000000,0.000000,0.000000,0.000000,0,0.00
7.950000,-0.024,-0.300000,-0.300000,4.321,7.00,-0.120642,0.121315,-0.000336,0.353764,0.012,0.200,-2.364,-16.262,0.348,3.104964,0.024269,-0.000337,0.000000,0.000000,0.000000,0.000000,0.000000,0.000000,0,0.00
7.960000,-0.026,-0.300000,-0.300000,4.321,7.00,-0.138578,0.129103,-0.000326,0.361856,0.016,0.200,-2.363,-16.243,0.348,3.103628,0.025824,-0.000470,0.000000,0.000000,0.000000,0.000000,0.000000,0.000000,0,0.00
7.970000,-0.027,-0.300000,-0.300000,4.321,7.00,-0.154720,0.134465,-0.000315,0.344895,0.020,0.200,-2.363,-16.223,0.348,3.102881,0.026893,-0.000591,0.000000,0.000000,0.000000,0.000000,0.000000,0.000000,0,0.00
7.980000,-0.028,-0.300000,-0.300000,4.321,7.00,-0.169248,0.137572,-0.000285,0.211122,0.022,0.200,-2.362,-16.204,0.348,3.102664,0.027512,-0.000696,0.000000,0.000000,0.000000,0.000000,0.000000,0.000000,0,0.00
7.990000,-0.028,-0.300000,-0.300000,4.321,7.00,-0.182323,0.138577,-0.000258,0.171172,0.024,0.200,-2.361,-16.184,0.348,3.102923,0.027709,-0.000782,0.000000,0.000000,0.000000,0.000000,0.000000,0.000000,0,0.00
8.000000,-0.028,-0.246632,-0.246632,4.321,7.00,-0.194091,0.137617,-0.000246,0.109262,0.026,0.164,-2.361,-16.165,0.348,3.103613,0.027515,-0.000844,0.000000,0.000000,0.000000,0.000000,0.000000,0.000000,0,0.00
8.010000,-0.026,-0.114534,-0.114534,4.321,7.00,-0.199346,0.130791,-0.000237,-0.016020,0.027,0.076,-2.361,-16.146,0.349,3.105690,0.026148,-0.000840,0.000000,0.000000,0.000000,0.000000,0.000000,0.000000,0,0.00
8.020000,-0.023,-0.006094,-0.006094,4.321,7.00,-0.192649,0.114291,-0.000213,-0.107984,0.028,0.004,-2.361,-16.126,0.348,3.110075,0.022849,-0.000725,0.000000,0.000000,0.000000,0.000000,0.000000,0.000000,0,0.00
8.030000,-0.018,0.158073,0.158073,4.321,7.00,-0.173996,0.088779,-0.000202,-0.246650,0.028,0.105,-2.361,-16.107,0.348,3.116560,0.017749,-0.000514,0.000000,0.000000,0.000000,0.000000,0.000000,0.000000,0,0.00
8.040000,-0.011,0.300000,0.300000,4.321,7.00,-0.143385,0.055016,-0.000198,-0.516875,0.028,0.200,-2.362,-16.087,0.348,3.124925,0.011001,-0.000248,0.000000,0.000000,0.000000,0.000000,0.000000,0.000000,0,0.00
8.050000,-0.003,0.300000,0.300000,4.321,7.00,-0.100853,0.013852,-0.000196,-0.792097,0.026,0.200,-2.364,-16.068,0.348,3.134942,0.002770,0.000009,0.000000,0.000000,0.000000,0.000000,0.000000,0.000000,0,0.00
8.060000,0.005,0.300000,0.300000,4.321,7.00,-0.060771,-0.023366,-0.000201,-0.853497,0.023,0.200,-2.365,-16.048,0.348,-3.139433,-0.004674,0.000162,0.000000,0.000000,0.000000,0.000000,0.000000,0.000000,0,0.00
8.070000,0.011,0.300000,0.300000,4.321,7.00,-0.024698,-0.055692,-0.000213,-0.897854,0.018,0.200,-2.366,-16.029,0.348,-3.132030,-0.011141,0.000210,0.000000,0.000000,0.000000,0.000000,0.000000,0.000000,0,0.00
8.080000,0.017,0.300000,0.300000,4.321,7.00,0.007787,-0.083668,-0.000222,-0.939876,0.011,0.200,-2.367,-16.010,0.348,-3.125865,-0.016739,0.000171,0.000000,0.000000,0.000000,0.000000,0.000000,0.000000,0,0.00
8.090000,0.022,0.300000,0.300000,4.321,7.00,0.036998,-0.107747,-0.000231,-0.845511,0.003,0.200,-2.368,-15.990,0.348,-3.120796,-0.021557,0.000068,0.000000,0.000000,0.000000,0.000000,0.000000,0.000000,0,0.00
8.100000,0.026,0.300000,0.300000,4.321,7.00,0.063296,-0.128320,-0.000269,-0.607899,-0.005,0.200,-2.369,-15.971,0.348,-3.116699,-0.025673,-0.000077,0.000000,0.000000,0.000000,0.000000,0.000000,0.000000,0,0.00
8.110000,0.029,0.300000,0.300000,4.321,7.00,0.086966,-0.145697,-0.000307,-0.526564,-0.011,0.200,-2.369,-15.952,0.348,-3.113472,-0.029148,-0.000246,0.000000,0.000000,0.000000,0.000000,0.000000,0.000000,0,0.00
8.120000,0.032,0.300000,0.300000,4.321,7.00,0.108269,-0.160159,-0.000318,-0.560366,-0.017,0.200,-2.370,-15.932,0.348,-3.111024,-0.032039,-0.000426,0.000000,0.000000,0.000000,0.000000,0.000000,0.000000,0,0.00
8.130000,0.034,0.300000,0.300000,4.321,7.00,0.127441,-0.171949,-0.000354,-0.424731,-0.022,0.200,-2.370,-15.913,0.348,-3.109276,-0.034395,-0.000607,0.000000,0.000000,0.000000,0.000000,0.000000,0.000000,0,0.00
8.140000,0.036,0.300000,0.300000,4.321,7.00,0.144697,-0.181280,-0.000378,-0.298280,-0.026,0.200,-2.371,-15.893,0.348,-3.108156,-0.036258,-0.000779,0.000000,0.000000,0.000000,0.000000,0.000000,0.000000,0,0.00
8.150000,0.038,0.300000,0.300000,4.321,7.00,0.160227,-0.188342,-0.000393,-0.308306,-0.029,0.200,-2.371,-15.874,0.348,-3.107602,-0.037667,-0.000939,0.000000,0.000000,0.000000,0.000000,0.000000,0.000000,0,0.00
8.160000,0.039,0.300000,0.300000,4.321,7.00,0.174204,-0.193300,-0.000437,-0.279661,-0.032,0.200,-2.371,-15.855,0.348,-3.107558,-0.038655,-0.001081,0.000000,0.000000,0.000000,0.000000,0.000000,0.000000,0,0.00
8.170000,0.039,0.300000,0.300000,4.321,7.00,0.186784,-0.196302,-0.000475,-0.160767,-0.034,0.200,-2.372,-15.835,0.349,-3.107972,-0.039252,-0.001203,0.000000,0.000000,0.000000,0.000000,0.000000,0.000000,0,0.00
8.180000,0.039,0.300000,0.300000,4.321,7.00,0.198105,-0.197478,-0.000490,-0.134732,-0.036,0.200,-2.372,-15.816,0.349,-3.108801,-0.039484,-0.001305,0.000000,0.000000,0.000000,0.000000,0.000000,0.000000,0,0.00
8.190000,0.039,0.284589,0.284589,4.321,7.00,0.208295,-0.196942,-0.000534,-0.087113,-0.038,0.190,-2.372,-15.797,0.349,-3.110004,-0.039374,-0.001386,0.000000,0.000000,0.000000,0.000000,0.000000,0.000000,0,0.00
8.200000,0.039,0.205161,0.205161,4.321,7.00,0.215925,-0.193666,-0.000554,-0.010941,-0.039,0.137,-2.372,-15.777,0.349,-3.111836,-0.038717,-0.001432,0.000000,0.000000,0.000000,0.000000,0.000000,0.000000,0,0.00
8.210000,0.037,0.097570,0.097570,4.321,7.00,0.214850,-0.183281,-0.000568,0.086280,-0.039,0.065,-2.371,-15.758,0.349,-3.115413,-0.036641,-0.001365,0.000000,0.000000,0.000000,0.000000,0.000000,0.000000,0,0.00
8.220000,0.033,-0.064261,-0.064261,4.321,7.00,0.203124,-0.164812,-0.000583,0.229655,-0.039,0.043,-2.370,-15.738,0.349,-3.120964,-0.032951,-0.001187,0.000000,0.000000,0.000000,0.000000,0.000000,0.000000,0,0.00
8.230000,0.028,-0.300000,-0.300000,4.321,7.00,0.179869,-0.138294,-0.000593,0.471404,-0.039,0.200,-2.369,-15.719,0.348,-3.128459,-0.027653,-0.000906,0.000000,0.000000,0.000000,0.000000,0.000000,0.000000,0,0.00
8.240000,0.021,-0.300000,-0.300000,4.321,7.00,0.145601,-0.104906,-0.000630,0.531010,-0.039,0.200,-2.368,-15.699,0.348,-3.137584,-0.020981,-0.000565,0.000000,0.000000,0.000000,0.000000,0.000000,0.000000,0,0.00
8.250000,0.013,-0.300000,-0.300000,4.321,7.00,0.101048,-0.065972,-0.000637,0.738708,-0.037,0.200,-2.366,-15.680,0.348,3.135190,-0.013197,-0.000224,0.000000,0.000000,0.000000,0.000000,0.000000,0.000000,0,0.00
8.260000,0.007,-0.300000,-0.300000,4.321,7.00,0.060946,-0.032591,-0.000639,0.939769,-0.033,0.200,-2.364,-15.661,0.348,3.126392,-0.006519,0.000011,0.000000,0.000000,0.000000,0.000000,0.000000,0.000000,0,0.00
8.270000,0.001,-0.300000,-0.300000,4.321,7.00,0.024855,-0.004106,-0.000640,0.864894,-0.028,0.200,-2.362,-15.641,0.348,3.119000,-0.000818,0.000141,0.000000,0.000000,0.000000,0.000000,0.000000,0.000000,0,0.00
8.280000,-0.004,-0.300000,-0.300000,4.321,7.00,-0.007645,0.020025,-0.000634,0.681255,-0.021,0.200,-2.361,-15.622,0.348,3.112847,0.004012,0.000182,0.000000,0.000000,0.000000,0.000000,0.000000,0.000000,0,0.00
8.290000,-0.008,-0.300000,-0.300000,4.321,7.00,-0.036870,0.040247,-0.000631,0.794914,-0.013,0.200,-2.359,-15.603,0.348,3.107790,0.008059,0.000157,0.000000,0.000000,0.000000,0.000000,0.000000,0.000000,0,0.00
8.300000,-0.011,-0.300000,-0.300000,4.321,7.00,-0.063181,0.056950,-0.000619,0.614551,-0.007,0.200,-2.358,-15.583,0.348,3.103704,0.011402,0.000087,0.000000,0.000000,0.000000,0.000000,0.000000,0.000000,0,0.00
8.310000,-0.014,-0.300000,-0.300000,4.321,7.00,-0.086862,0.070447,-0.000607,0.383225,-0.001,0.200,-2.356,-15.564,0.348,3.100489,0.014101,-0.000009,0.000000,0.000000,0.000000,0.000000,0.000000,0.000000,0,0.00
8.320000,-0.016,-0.300000,-0.300000,4.321,7.00,-0.108176,0.081004,-0.000591,0.359434,0.004,0.200,-2.355,-15.544,0.348,3.098053,0.016212,-0.000116,0.000000,0.000000,0.000000,0.000000,0.000000,0.000000,0,0.00
8.330000,-0.018,-0.300000,-0.300000,4.321,7.00,-0.127358,0.088859,-0.000561,0.325825,0.008,0.200,-2.354,-15.525,0.348,3.096316,0.017781,-0.000225,0.000000,0.000000,0.000000,0.000000,0.000000,0.000000,0,0.00
8.340000,-0.019,-0.272839,-0.272839,4.321,7.00,-0.144622,0.094220,-0.000549,0.179168,0.011,0.182,-2.353,-15.506,0.348,3.095209,0.018850,-0.000326,0.000000,0.000000,0.000000,0.000000,0.000000,0.000000,0,0.00
8.350000,-0.019,-0.227730,-0.227730,4.321,7.00,-0.157444,0.095348,-0.000521,0.132903,0.014,0.152,-2.352,-15.486,0.348,3.095173,0.019073,-0.000403,0.000000,0.000000,0.000000,0.000000,0.000000,0.000000,0,0.00
8.360000,-0.018,-0.162755,-0.162755,4.321,7.00,-0.164474,0.091457,-0.000493,0.071791,0.016,0.109,-2.352,-15.467,0.348,3.096392,0.018292,-0.000432,0.000000,0.000000,0.000000,0.000000,0.000000,0.000000,0,0.00
8.370000,-0.016,-0.056904,-0.056904,4.321,7.00,-0.164304,0.081800,-0.000485,-0.024411,0.018,0.038,-2.351,-15.448,0.348,3.099037,0.016358,-0.000403,0.000000,0.000000,0.000000,0.000000,0.000000,0.000000,0,0.00
8.380000,-0.013,0.013947,0.013947,4.321,7.00,-0.154340,0.064888,-0.000467,-0.078368,0.019,0.009,-2.351,-15.428,0.348,3.103478,0.012976,-0.000308,0.000000,0.000000,0.000000,0.000000,0.000000,0.000000,0,0.00
8.390000,-0.009,0.139665,0.139665,4.321,7.00,-0.137514,0.043346,-0.000459,-0.182552,0.019,0.093,-2.352,-15.409,0.348,3.108997,0.008668,-0.000176,0.000000,0.000000,0.000000,0.000000,0.000000,0.000000,0,0.00
8.400000,-0.003,0.231068,0.231068,4.321,7.00,-0.111535,0.015960,-0.000455,-0.246573,0.018,0.154,-2.352,-15.389,0.348,3.115906,0.003192,-0.000027,0.000000,0.000000,0.000000,0.000000,0.000000,0.000000,0,0.00
8.410000,0.003,0.300000,0.300000,4.321,7.00,-0.077279,-0.016095,-0.000459,-0.314545,0.016,0.200,-2.353,-15.370,0.348,3.123882,-0.003218,0.000103,0.000000,0.000000,0.000000,0.000000,0.000000,0.000000,0,0.00
8.420000,0.010,0.300000,0.300000,4.321,7.00,-0.039556,-0.048939,-0.000474,-0.324124,0.013,0.200,-2.354,-15.350,0.348,3.131906,-0.009787,0.000169,0.000000,0.000000,0.000000,0.000000,0.000000,0.000000,0,0.00
8.430000,0.015,0.300000,0.300000,4.321,7.00,-0.005611,-0.077297,-0.000526,-0.311533,0.009,0.200,-2.355,-15.331,0.348,3.138612,-0.015460,0.000161,0.000000,0.000000,0.000000,0.000000,0.000000,0.000000,0,0.00
8.440000,0.020,0.300000,0.300000,4.321,7.00,0.024963,-0.101646,-0.000552,-0.295895,0.003,0.200,-2.356,-15.312,0.348,-3.139025,-0.020331,0.000088,0.000000,0.000000,0.000000,0.000000,0.000000,0.000000,0,0.00
8.450000,0.024,0.300000,0.300000,4.321,7.00,0.052465,-0.122383,-0.000574,-0.308180,-0.003,0.200,-2.356,-15.292,0.348,-3.134506,-0.024479,-0.000034,0.000000,0.000000,0.000000,0.000000,0.000000,0.000000,0,0.00
8.460000,0.028,0.300000,0.300000,4.321,7.00,0.077218,-0.139835,-0.000588,-0.343075,-0.010,0.200,-2.357,-15.273,0.348,-3.130903,-0.027970,-0.000187,0.000000,0.000000,0.000000,0.000000,0.000000,0.000000,0,0.00
8.470000,0.031,0.300000,0.300000,4.321,7.00,0.099495,-0.154292,-0.000640,-0.300008,-0.015,0.200,-2.357,-15.253,0.348,-3.128121,-0.030861,-0.000357,0.000000,0.000000,0.000000,0.000000,0.000000,0.000000,0,0.00
8.480000,0.033,0.300000,0.300000,4.321,7.00,0.119546,-0.166004,-0.000659,-0.337157,-0.020,0.200,-2.357,-15.234,0.348,-3.126074,-0.033203,-0.000531,0.000000,0.000000,0.000000,0.000000,0.000000,0.000000,0,0.00
8.490000,0.035,0.300000,0.300000,4.321,7.00,0.137591,-0.175189,-0.000708,-0.298065,-0.024,0.200,-2.358,-15.215,0.348,-3.124688,-0.035038,-0.000700,0.000000,0.000000,0.000000,0.000000,0.000000,0.000000,0,0.00
8.500000,0.036,0.300000,0.300000,4.321,7.00,0.153832,-0.182039,-0.000738,-0.249981,-0.028,0.200,-2.358,-15.195,0.348,-3.123894,-0.036406,-0.000858,0.000000,0.000000,0.000000,0.000000,0.000000,0.000000,0,0.00
8.510000,0.037,0.300000,0.300000,4.321,7.00,0.168449,-0.186725,-0.000805,-0.147189,-0.031,0.200,-2.358,-15.176,0.348,-3.123636,-0.037342,-0.000999,0.000000,0.000000,0.000000,0.000000,0.000000,0.000000,0,0.00
8.520000,0.038,0.300000,0.300000,4.321,7.00,0.181604,-0.189398,-0.000831,-0.131709,-0.033,0.200,-2.358,-15.157,0.348,-3.123858,-0.037875,-0.001120,0.000000,0.000000,0.000000,0.000000,0.000000,0.000000,0,0.00
8.530000,0.038,0.263361,0.263361,4.321,7.00,0.193444,-0.190190,-0.000853,-0.072319,-0.035,0.176,-2.358,-15.137,0.349,-3.124514,-0.038032,-0.001221,0.000000,0.000000,0.000000,0.000000,0.000000,0.000000,0,0.00
8.540000,0.037,0.231092,0.231092,4.321,7.00,0.200436,-0.186504,-0.000913,-0.043675,-0.036,0.154,-2.358,-15.118,0.349,-3.126250,-0.037295,-0.001260,0.000000,0.000000,0.000000,0.000000,0.000000,0.000000,0,0.00
8.550000,0.036,0.179467,0.179467,4.321,7.00,0.203503,-0.179213,-0.000958,0.000704,-0.037,0.120,-2.357,-15.098,0.349,-3.128816,-0.035837,-0.001243,0.000000,0.000000,0.000000,0.000000,0.000000,0.000000,0,0.00
8.560000,0.033,0.124775,0.124775,4.321,7.00,0.201101,-0.167324,-0.000995,0.043544,-0.038,0.083,-2.357,-15.079,0.349,-3.132442,-0.033462,-0.001159,0.000000,0.000000,0.000000,0.000000,0.000000,0.000000,0,0.00
8.570000,0.030,0.036219,0.036219,4.321,7.00,0.193469,-0.151282,-0.001021,0.116084,-0.038,0.024,-2.356,-15.060,0.349,-3.136991,-0.030257,-0.001017,0.000000,0.000000,0.000000,0.000000,0.000000,0.000000,0,0.00
8.580000,0.026,-0.039192,-0.039192,4.321,7.00,0.177747,-0.129230,-0.001058,0.169480,-0.037,0.026,-2.355,-15.040,0.348,3.140274,-0.025850,-0.000803,0.000000,0.000000,0.000000,0.000000,0.000000,0.000000,0,0.00
8.590000,0.021,-0.126181,-0.126181,4.321,7.00,0.156055,-0.103225,-0.001083,0.230489,-0.036,0.084,-2.353,-15.021,0.348,3.133527,-0.020652,-0.000556,0.000000,0.000000,0.000000,0.000000,0.000000,0.000000,0,0.00
8.600000,0.015,-0.210623,-0.210623,4.321,7.00,0.127834,-0.073222,-0.001102,0.284947,-0.033,0.140,-2.352,-15.001,0.348,3.125953,-0.014651,-0.000300,0.000000,0.000000,0.000000,0.000000,0.000000,0.000000,0,0.00
8.610000,0.008,-0.300000,-0.300000,4.321,7.00,0.093992,-0.040302,-0.001110,0.367286,-0.030,0.200,-2.350,-14.982,0.348,3.117834,-0.008065,-0.000073,0.000000,0.000000,0.000000,0.000000,0.000000,0.000000,0,0.00
8.620000,0.001,-0.300000,-0.300000,4.321,7.00,0.054598,-0.004856,-0.001110,0.473898,-0.026,0.200,-2.348,-14.963,0.348,3.109271,-0.000969,0.000094,0.000000,0.000000,0.000000,0.000000,0.000000,0.000000,0,0.00
8.630000,-0.005,-0.300000,-0.300000,4.321,7.00,0.019142,0.025830,-0.001100,0.475811,-0.021,0.200,-2.347,-14.943,0.348,3.102089,0.005176,0.000162,0.000000,0.000000,0.000000,0.000000,0.000000,0.000000,0,0.00
8.640000,-0.010,-0.300000,-0.300000,4.321,7.00,-0.012782,0.052268,-0.001093,0.528950,-0.015,0.200,-2.345,-14.924,0.348,3.096120,0.010471,0.000148,0.000000,0.000000,0.000000,0.000000,0.000000,0.000000,0,0.00
8.650000,-0.015,-0.300000,-0.300000,4.321,7.00,-0.041499,0.074888,-0.001084,0.582132,-0.008,0.200,-2.344,-14.905,0.348,3.091226,0.015001,0.000075,0.000000,0.000000,0.000000,0.000000,0.000000,0.000000,0,0.00
8.660000,-0.019,-0.300000,-0.300000,4.321,7.00,-0.067348,0.094058,-0.001059,0.510151,-0.001,0.200,-2.342,-14.885,0.348,3.087288,0.018838,-0.000039,0.000000,0.000000,0.000000,0.000000,0.000000,0.000000,0,0.00
8.670000,-0.022,-0.300000,-0.300000,4.321,7.00,-0.090612,0.110098,-0.001032,0.385155,0.005,0.200,-2.341,-14.866,0.348,3.084202,0.022048,-0.000177,0.000000,0.000000,0.000000,0.000000,0.000000,0.000000,0,0.00
8.680000,-0.025,-0.300000,-0.300000,4.321,7.00,-0.111551,0.123262,-0.001006,0.374779,0.010,0.200,-2.340,-14.847,0.348,3.081881,0.024680,-0.000324,0.000000,0.000000,0.000000,0.000000,0.000000,0.000000,0,0.00
8.690000,-0.027,-0.300000,-0.300000,4.321,7.00,-0.130396,0.133784,-0.000990,0.309152,0.015,0.200,-2.339,-14.827,0.348,3.080247,0.026782,-0.000472,0.000000,0.000000,0.000000,0.000000,0.000000,0.000000,0,0.00
8.700000,-0.028,-0.300000,-0.300000,4.321,7.00,-0.147356,0.141869,-0.000975,0.233967,0.019,0.200,-2.338,-14.808,0.348,3.079231,0.028395,-0.000612,0.000000,0.000000,0.000000,0.000000,0.000000,0.000000,0,0.00
8.710000,-0.030,-0.300000,-0.300000,4.321,7.00,-0.162620,0.147697,-0.000956,0.217691,0.022,0.200,-2.337,-14.789,0.348,3.078771,0.029556,-0.000739,0.000000,0.000000,0.000000,0.000000,0.000000,0.000000,0,0.00
8.720000,-0.030,-0.300000,-0.300000,4.321,7.00,-0.176358,0.151429,-0.000899,0.182090,0.025,0.200,-2.336,-14.769,0.348,3.078811,0.030297,-0.000850,0.000000,0.000000,0.000000,0.000000,0.000000,0.000000,0,0.00
8.730000,-0.031,-0.300000,-0.300000,4.321,7.00,-0.188722,0.153207,-0.000880,0.150886,0.027,0.200,-2.335,-14.750,0.348,3.079303,0.030647,-0.000942,0.000000,0.000000,0.000000,0.000000,0.000000,0.000000,0,0.00
8.740000,-0.031,-0.247010,-0.247010,4.321,7.00,-0.199850,0.153156,-0.000864,0.094718,0.028,0.165,-2.334,-14.730,0.349,3.080202,0.030631,-0.001014,0.000000,0.000000,0.000000,0.000000,0.000000,0.000000,0,0.00
8.750000,-0.029,-0.178916,-0.178916,4.321,7.00,-0.204567,0.147406,-0.000816,0.032326,0.030,0.119,-2.334,-14.711,0.349,3.082463,0.029477,-0.001015,0.000000,0.000000,0.000000,0.000000,0.000000,0.000000,0,0.00
8.760000,-0.027,-0.105847,-0.105847,4.321,7.00,-0.202004,0.135578,-0.000785,-0.028946,0.030,0.071,-2.333,-14.692,0.349,3.086148,0.027108,-0.000940,0.000000,0.000000,0.000000,0.000000,0.000000,0.000000,0,0.00
8.770000,-0.024,-0.037238,-0.037238,4.321,7.00,-0.192390,0.118231,-0.000755,-0.080237,0.031,0.025,-2.333,-14.672,0.348,3.091093,0.023638,-0.000795,0.000000,0.000000,0.000000,0.000000,0.000000,0.000000,0,0.00
8.780000,-0.019,0.104677,0.104677,4.321,7.00,-0.176876,0.096638,-0.000743,-0.200572,0.031,0.070,-2.334,-14.653,0.348,3.096957,0.019321,-0.000604,0.000000,0.000000,0.000000,0.000000,0.000000,0.000000,0,0.00
8.790000,-0.013,0.193617,0.193617,4.321,7.00,-0.149171,0.066498,-0.000722,-0.259393,0.029,0.129,-2.334,-14.633,0.348,3.104814,0.013296,-0.000355,0.000000,0.000000,0.000000,0.000000,0.000000,0.000000,0,0.00
8.800000,-0.007,0.297509,0.297509,4.321,7.00,-0.114895,0.032780,-0.000713,-0.329576,0.027,0.198,-2.335,-14.614,0.348,3.113388,0.006555,-0.000115,0.000000,0.000000,0.000000,0.000000,0.000000,0.000000,0,0.00
8.810000,0.001,0.300000,0.300000,4.321,7.00,-0.073660,-0.004352,-0.000714,-0.397543,0.024,0.200,-2.336,-14.594,0.348,3.122647,-0.000869,0.000072,0.000000,0.000000,0.000000,0.000000,0.000000,0.000000,0,0.00
8.820000,0.007,0.300000,0.300000,4.321,7.00,-0.036297,-0.036578,-0.000721,-0.466079,0.019,0.200,-2.337,-14.575,0.348,3.130490,-0.007314,0.000165,0.000000,0.000000,0.000000,0.000000,0.000000,0.000000,0,0.00
8.830000,0.013,0.300000,0.300000,4.321,7.00,-0.002698,-0.064243,-0.000730,-0.471964,0.013,0.200,-2.338,-14.555,0.348,3.137043,-0.012848,0.000170,0.000000,0.000000,0.000000,0.000000,0.000000,0.000000,0,0.00
8.840000,0.018,0.300000,0.300000,4.321,7.00,0.027605,-0.087839,-0.000767,-0.449090,0.007,0.200,-2.339,-14.536,0.348,-3.140726,-0.017569,0.000106,0.000000,0.000000,0.000000,0.000000,0.000000,0.000000,0,0.00
8.850000,0.022,0.300000,0.300000,4.321,7.00,0.054843,-0.107755,-0.000783,-0.453250,-0.001,0.200,-2.339,-14.517,0.348,-3.136321,-0.021553,-0.000006,0.000000,0.000000,0.000000,0.000000,0.000000,0.000000,0,0.00
8.860000,0.025,0.300000,0.300000,4.321,7.00,0.079358,-0.124329,-0.000803,-0.420011,-0.007,0.200,-2.340,-14.497,0.348,-3.132819,-0.024868,-0.000147,0.000000,0.000000,0.000000,0.000000,0.000000,0.000000,0,0.00
8.870000,0.028,0.300000,0.300000,4.321,7.00,0.101421,-0.137854,-0.000851,-0.330926,-0.013,0.200,-2.340,-14.478,0.348,-3.130126,-0.027573,-0.000303,0.000000,0.000000,0.000000,0.000000,0.000000,0.000000,0,0.00
8.880000,0.030,0.300000,0.300000,4.321,7.00,0.121279,-0.148585,-0.000922,-0.228391,-0.018,0.200,-2.340,-14.459,0.348,-3.128157,-0.029718,-0.000461,0.000000,0.000000,0.000000,0.000000,0.000000,0.000000,0,0.00
8.890000,0.031,0.300000,0.300000,4.321,7.00,0.139151,-0.156747,-0.000974,-0.207891,-0.022,0.200,-2.341,-14.439,0.348,-3.126839,-0.031349,-0.000614,0.000000,0.000000,0.000000,0.000000,0.000000,0.000000,0,0.00
8.900000,0.033,0.300000,0.300000,4.321,7.00,0.155235,-0.162534,-0.001002,-0.143788,-0.025,0.200,-2.341,-14.420,0.348,-3.126107,-0.032505,-0.000754,0.000000,0.000000,0.000000,0.000000,0.000000,0.000000,0,0.00
8.910000,0.033,0.253574,0.253574,4.321,7.00,0.169712,-0.166122,-0.001039,-0.086412,-0.028,0.169,-2.341,-14.400,0.348,-3.125904,-0.033221,-0.000877,0.000000,0.000000,0.000000,0.000000,0.000000,0.000000,0,0.00
8.920000,0.033,0.224064,0.224064,4.321,7.00,0.178099,-0.164299,-0.001097,-0.058668,-0.030,0.149,-2.341,-14.381,0.348,-3.127043,-0.032856,-0.000940,0.000000,0.000000,0.000000,0.000000,0.000000,0.000000,0,0.00
8.930000,0.032,0.192475,0.192475,4.321,7.00,0.182696,-0.159005,-0.001143,-0.032327,-0.031,0.128,-2.341,-14.362,0.348,-3.129001,-0.031797,-0.000953,0.000000,0.000000,0.000000,0.000000,0.000000,0.000000,0,0.00
8.940000,0.030,0.153191,0.153191,4.321,7.00,0.183675,-0.150543,-0.001197,-0.001452,-0.033,0.102,-2.340,-14.342,0.348,-3.131688,-0.030106,-0.000920,0.000000,0.000000,0.000000,0.000000,0.000000,0.000000,0,0.00
8.950000,0.028,0.084559,0.084559,4.321,7.00,0.180627,-0.138791,-0.001226,0.055458,-0.033,0.056,-2.340,-14.323,0.348,-3.135124,-0.027757,-0.000843,0.000000,0.000000,0.000000,0.000000,0.000000,0.000000,0,0.00
8.960000,0.024,-0.026569,-0.026569,4.321,7.00,0.171022,-0.122164,-0.001242,0.149975,-0.033,0.018,-2.339,-14.303,0.348,-3.139717,-0.024434,-0.000708,0.000000,0.000000,0.000000,0.000000,0.000000,0.000000,0,0.00
8.970000,0.020,-0.107183,-0.107183,4.321,7.00,0.151265,-0.098481,-0.001266,0.206930,-0.032,0.071,-2.338,-14.284,0.348,3.137163,-0.019700,-0.000507,0.000000,0.000000,0.000000,0.000000,0.000000,0.000000,0,0.00
8.980000,0.014,-0.214616,-0.214616,4.321,7.00,0.125423,-0.071306,-0.001280,0.287202,-0.030,0.143,-2.336,-14.265,0.348,3.130083,-0.014266,-0.000288,0.000000,0.000000,0.000000,0.000000,0.000000,0.000000,0,0.00
8.990000,0.008,-0.300000,-0.300000,4.321,7.00,0.091423,-0.039594,-0.001289,0.358924,-0.028,0.200,-2.334,-14.245,0.348,3.121949,-0.007922,-0.000076,0.000000,0.000000,0.000000,0.000000,0.000000,0.000000,0,0.00
9.000000,0.001,-0.300000,-0.300000,4.321,7.00,0.052285,-0.006008,-0.001291,0.412728,-0.024,0.200,-2.333,-14.226,0.348,3.113455,-0.001200,0.000084,0.000000,0.000000,0.000000,0.000000,0.000000,0.000000,0,0.00
9.010000,-0.005,-0.300000,-0.300000,4.321,7.00,0.017061,0.022818,-0.001287,0.461089,-0.020,0.200,-2.331,-14.206,0.348,3.106334,0.004572,0.000157,0.000000,0.000000,0.000000,0.000000,0.000000,0.000000,0,0.00
9.020000,-0.009,-0.300000,-0.300000,4.321,7.00,-0.014652,0.047397,-0.001273,0.451282,-0.014,0.200,-2.329,-14.187,0.348,3.100422,0.009494,0.000154,0.000000,0.000000,0.000000,0.000000,0.000000,0.000000,0,0.00
9.030000,-0.014,-0.300000,-0.300000,4.321,7.00,-0.043183,0.068161,-0.001254,0.407271,-0.008,0.200,-2.328,-14.168,0.348,3.095580,0.013651,0.000093,0.000000,0.000000,0.000000,0.000000,0.000000,0.000000,0,0.00
9.040000,-0.017,-0.300000,-0.300000,4.321,7.00,-0.068864,0.085480,-0.001235,0.370130,-0.001,0.200,-2.326,-14.148,0.348,3.091689,0.017118,-0.000007,0.000000,0.000000,0.000000,0.000000,0.000000,0.000000,0,0.00
9.050000,-0.020,-0.300000,-0.300000,4.321,7.00,-0.091977,0.099665,-0.001216,0.328804,0.005,0.200,-2.325,-14.129,0.348,3.088647,0.019956,-0.000129,0.000000,0.000000,0.000000,0.000000,0.000000,0.000000,0,0.00
9.060000,-0.022,-0.300000,-0.300000,4.321,7.00,-0.112779,0.110970,-0.001202,0.255151,0.009,0.200,-2.323,-14.110,0.348,3.086367,0.022215,-0.000260,0.000000,0.000000,0.000000,0.000000,0.000000,0.000000,0,0.00
9.070000,-0.024,-0.300000,-0.300000,4.321,7.00,-0.131501,0.119624,-0.001174,0.228330,0.014,0.200,-2.322,-14.090,0.348,3.084771,0.023944,-0.000391,0.000000,0.000000,0.000000,0.000000,0.000000,0.000000,0,0.00
9.080000,-0.025,-0.300000,-0.300000,4.321,7.00,-0.148350,0.125828,-0.001145,0.197135,0.017,0.200,-2.321,-14.071,0.348,3.083790,0.025181,-0.000513,0.000000,0.000000,0.000000,0.000000,0.000000,0.000000,0,0.00
9.090000,-0.026,-0.297104,-0.297104,4.321,7.00,-0.163515,0.129759,-0.001129,0.168474,0.020,0.198,-2.320,-14.052,0.348,3.083362,0.025963,-0.000621,0.000000,0.000000,0.000000,0.000000,0.000000,0.000000,0,0.00
9.100000,-0.026,-0.254341,-0.254341,4.321,7.00,-0.176874,0.131368,-0.001089,0.124062,0.022,0.170,-2.319,-14.032,0.348,3.083487,0.026280,-0.000710,0.000000,0.000000,0.000000,0.000000,0.000000,0.000000,0,0.00
9.110000,-0.026,-0.182499,-0.182499,4.321,7.00,-0.184622,0.127984,-0.001059,0.055574,0.024,0.122,-2.319,-14.013,0.348,3.084850,0.025599,-0.000747,0.000000,0.000000,0.000000,0.000000,0.000000,0.000000,0,0.00
9.120000,-0.024,-0.120158,-0.120158,4.321,7.00,-0.184412,0.118159,-0.001034,0.003033,0.025,0.080,-2.318,-13.994,0.348,3.087804,0.023630,-0.000710,0.000000,0.000000,0.000000,0.000000,0.000000,0.000000,0,0.00
9.130000,-0.021,-0.016913,-0.016913,4.321,7.00,-0.177988,0.103525,-0.001020,-0.085591,0.026,0.011,-2.318,-13.974,0.348,3.091892,0.020702,-0.000613,0.000000,0.000000,0.000000,0.000000,0.000000,0.000000,0,0.00
9.140000,-0.016,0.069655,0.069655,4.321,7.00,-0.162088,0.082082,-0.000995,-0.150742,0.026,0.046,-2.318,-13.955,0.348,3.097620,0.016413,-0.000449,0.000000,0.000000,0.000000,0.000000,0.000000,0.000000,0,0.00
9.150000,-0.011,0.148494,0.148494,4.321,7.00,-0.138916,0.055958,-0.000976,-0.203476,0.026,0.099,-2.318,-13.935,0.348,3.104407,0.011190,-0.000254,0.000000,0.000000,0.000000,0.000000,0.000000,0.000000,0,0.00
9.160000,-0.005,0.246832,0.246832,4.321,7.00,-0.110178,0.026814,-0.000969,-0.272677,0.024,0.165,-2.319,-13.916,0.348,3.111809,0.005363,-0.000065,0.000000,0.000000,0.000000,0.000000,0.000000,0.000000,0,0.00
9.170000,0.001,0.300000,0.300000,4.321,7.00,-0.074482,-0.005997,-0.000970,-0.356988,0.021,0.200,-2.320,-13.896,0.348,3.119995,-0.001198,0.000089,0.000000,0.000000,0.000000,0.000000,0.000000,0.000000,0,0.00
9.180000,0.008,0.300000,0.300000,4.321,7.00,-0.037038,-0.038381,-0.000975,-0.447063,0.016,0.200,-2.321,-13.877,0.348,3.127895,-0.007675,0.000170,0.000000,0.000000,0.000000,0.000000,0.000000,0.000000,0,0.00
9.190000,0.013,0.300000,0.300000,4.321,7.00,-0.003354,-0.066367,-0.000991,-0.479216,0.011,0.200,-2.322,-13.857,0.348,3.134494,-0.013273,0.000170,0.000000,0.000000,0.000000,0.000000,0.000000,0.000000,0,0.00
9.200000,0.018,0.300000,0.300000,4.321,7.00,0.027004,-0.090432,-0.001015,-0.486927,0.005,0.200,-2.322,-13.838,0.348,3.139950,-0.018087,0.000103,0.000000,0.000000,0.000000,0.000000,0.000000,0.000000,0,0.00
9.210000,0.022,0.300000,0.300000,4.321,7.00,0.054302,-0.110957,-0.001030,-0.507112,-0.001,0.200,-2.323,-13.819,0.348,-3.138798,-0.022193,-0.000012,0.000000,0.000000,0.000000,0.000000,0.000000,0.000000,0,0.00
9.220000,0.026,0.300000,0.300000,4.321,7.00,0.078871,-0.128271,-0.001049,-0.469357,-0.008,0.200,-2.323,-13.799,0.348,-3.135268,-0.025656,-0.000159,0.000000,0.000000,0.000000,0.000000,0.000000,0.000000,0,0.00
9.230000,0.029,0.300000,0.300000,4.321,7.00,0.100983,-0.142659,-0.001090,-0.339621,-0.013,0.200,-2.323,-13.780,0.348,-3.132550,-0.028534,-0.000321,0.000000,0.000000,0.000000,0.000000,0.000000,0.000000,0,0.00
9.240000,0.031,0.300000,0.300000,4.321,7.00,0.120885,-0.154370,-0.001146,-0.283924,-0.018,0.200,-2.324,-13.761,0.348,-3.130560,-0.030875,-0.000487,0.000000,0.000000,0.000000,0.000000,0.000000,0.000000,0,0.00
9.250000,0.033,0.300000,0.300000,4.321,7.00,0.138796,-0.163622,-0.001168,-0.270715,-0.022,0.200,-2.324,-13.741,0.348,-3.129224,-0.032725,-0.000649,0.000000,0.000000,0.000000,0.000000,0.000000,0.000000,0,0.00
9.260000,0.034,0.300000,0.300000,4.321,7.00,0.154917,-0.170605,-0.001182,-0.226214,-0.026,0.200,-2.324,-13.722,0.348,-3.128476,-0.034120,-0.000799,0.000000,0.000000,0.000000,0.000000,0.000000,0.000000,0,0.00
9.270000,0.035,0.300000,0.300000,4.321,7.00,0.169425,-0.175488,-0.001199,-0.183500,-0.029,0.200,-2.324,-13.702,0.348,-3.128257,-0.035096,-0.000935,0.000000,0.000000,0.000000,0.000000,0.000000,0.000000,0,0.00
9.280000,0.036,0.300000,0.300000,4.321,7.00,0.182483,-0.178424,-0.001214,-0.173303,-0.031,0.200,-2.324,-13.683,0.348,-3.128515,-0.035682,-0.001051,0.000000,0.000000,0.000000,0.000000,0.000000,0.000000,0,0.00
9.290000,0.036,0.300000,0.300000,4.321,7.00,0.194234,-0.179542,-0.001258,-0.155653,-0.033,0.200,-2.323,-13.664,0.349,-3.129204,-0.035905,-0.001148,0.000000,0.000000,0.000000,0.000000,0.000000,0.000000,0,0.00
9.300000,0.036,0.287512,0.287512,4.321,7.00,0.204811,-0.178961,-0.001273,-0.107277,-0.034,0.192,-2.323,-13.644,0.349,-3.130280,-0.035788,-0.001225,0.000000,0.000000,0.000000,0.000000,0.000000,0.000000,0,0.00
9.310000,0.035,0.220923,0.220923,4.321,7.00,0.213082,-0.175850,-0.001311,-0.043762,-0.035,0.147,-2.323,-13.625,0.349,-3.131942,-0.035167,-0.001267,0.000000,0.000000,0.000000,0.000000,0.000000,0.000000,0,0.00
9.320000,0.033,0.137150,0.137150,4.321,7.00,0.213868,-0.166397,-0.001335,0.030582,-0.036,0.091,-2.322,-13.605,0.349,-3.135128,-0.033278,-0.001217,0.000000,0.000000,0.000000,0.000000,0.000000,0.000000,0,0.00
9.330000,0.030,0.035277,0.035277,4.321,7.00,0.206198,-0.150200,-0.001360,0.116282,-0.036,0.024,-2.321,-13.586,0.349,-3.139901,-0.030043,-0.001076,0.000000,0.000000,0.000000,0.000000,0.000000,0.000000,0,0.00
9.340000,0.025,-0.047741,-0.047741,4.321,7.00,0.189109,-0.126990,-0.001393,0.176124,-0.036,0.032,-2.320,-13.567,0.348,3.136891,-0.025405,-0.000848,0.000000,0.000000,0.000000,0.000000,0.000000,0.000000,0,0.00
9.350000,0.020,-0.205515,-0.205515,4.321,7.00,0.165426,-0.099460,-0.001406,0.306381,-0.035,0.137,-2.318,-13.547,0.348,3.129583,-0.019902,-0.000580,0.000000,0.000000,0.000000,0.000000,0.000000,0.000000,0,0.00
9.360000,0.013,-0.300000,-0.300000,4.321,7.00,0.131816,-0.065543,-0.001421,0.387290,-0.033,0.200,-2.317,-13.528,0.348,3.120853,-0.013118,-0.000288,0.000000,0.000000,0.000000,0.000000,0.000000,0.000000,0,0.00
9.370000,0.005,-0.300000,-0.300000,4.321,7.00,0.088641,-0.026151,-0.001427,0.460516,-0.030,0.200,-2.314,-13.508,0.348,3.110951,-0.005233,-0.000025,0.000000,0.000000,0.000000,0.000000,0.000000,0.000000,0,0.00
9.380000,-0.002,-0.300000,-0.300000,4.321,7.00,0.049780,0.007879,-0.001425,0.487066,-0.025,0.200,-2.312,-13.489,0.348,3.102597,0.001582,0.000130,0.000000,0.000000,0.000000,0.000000,0.000000,0.000000,0,0.00
9.390000,-0.007,-0.300000,-0.300000,4.321,7.00,0.014808,0.037156,-0.001417,0.511554,-0.020,0.200,-2.310,-13.470,0.348,3.095592,0.007448,0.000186,0.000000,0.000000,0.000000,0.000000,0.000000,0.000000,0,0.00
9.400000,-0.012,-0.300000,-0.300000,4.321,7.00,-0.016684,0.062184,-0.001407,0.484141,-0.013,0.200,-2.309,-13.450,0.348,3.089779,0.012462,0.000161,0.000000,0.000000,0.000000,0.000000,0.000000,0.000000,0,0.00
9.410000,-0.017,-0.300000,-0.300000,4.321,7.00,-0.045012,0.083384,-0.001381,0.436721,-0.005,0.200,-2.307,-13.431,0.348,3.085022,0.016709,0.000079,0.000000,0.000000,0.000000,0.000000,0.000000,0.000000,0,0.00
9.420000,-0.020,-0.300000,-0.300000,4.321,7.00,-0.070509,0.101112,-0.001350,0.358803,0.002,0.200,-2.305,-13.412,0.348,3.081206,0.020258,-0.000040,0.000000,0.000000,0.000000,0.000000,0.000000,0.000000,0,0.00
9.430000,-0.023,-0.300000,-0.300000,4.321,7.00,-0.093458,0.115685,-0.001326,0.313210,0.007,0.200,-2.304,-13.392,0.348,3.078228,0.023174,-0.000179,0.000000,0.000000,0.000000,0.000000,0.000000,0.000000,0,0.00
9.440000,-0.025,-0.300000,-0.300000,4.321,7.00,-0.114112,0.127351,-0.001306,0.280072,0.012,0.200,-2.303,-13.373,0.348,3.076003,0.025507,-0.000326,0.000000,0.000000,0.000000,0.000000,0.000000,0.000000,0,0.00
9.450000,-0.027,-0.300000,-0.300000,4.321,7.00,-0.132700,0.136339,-0.001293,0.231458,0.017,0.200,-2.301,-13.354,0.348,3.074456,0.027301,-0.000469,0.000000,0.000000,0.000000,0.000000,0.000000,0.000000,0,0.00
9.460000,-0.029,-0.300000,-0.300000,4.321,7.00,-0.149430,0.142850,-0.001257,0.205175,0.020,0.200,-2.300,-13.334,0.348,3.073517,0.028599,-0.000603,0.000000,0.000000,0.000000,0.000000,0.000000,0.000000,0,0.00
9.470000,-0.029,-0.300000,-0.300000,4.321,7.00,-0.164487,0.147062,-0.001225,0.180616,0.023,0.200,-2.299,-13.315,0.348,3.073127,0.029436,-0.000722,0.000000,0.000000,0.000000,0.000000,0.000000,0.000000,0,0.00
9.480000,-0.030,-0.300000,-0.300000,4.321,7.00,-0.178038,0.149134,-0.001212,0.152206,0.025,0.200,-2.298,-13.296,0.348,3.073230,0.029845,-0.000823,0.000000,0.000000,0.000000,0.000000,0.000000,0.000000,0,0.00
9.490000,-0.030,-0.252178,-0.252178,4.321,7.00,-0.190235,0.149206,-0.001181,0.104152,0.027,0.168,-2.297,-13.276,0.348,3.073779,0.029853,-0.000902,0.000000,0.000000,0.000000,0.000000,0.000000,0.000000,0,0.00
9.500000,-0.029,-0.167020,-0.167020,4.321,7.00,-0.196430,0.143821,-0.001157,0.024356,0.029,0.111,-2.296,-13.257,0.349,3.075625,0.028770,-0.000915,0.000000,0.000000,0.000000,0.000000,0.000000,0.000000,0,0.00
9.510000,-0.026,-0.084244,-0.084244,4.321,7.00,-0.193491,0.130882,-0.001137,-0.045501,0.029,0.056,-2.295,-13.238,0.348,3.079266,0.026178,-0.000836,0.000000,0.000000,0.000000,0.000000,0.000000,0.000000,0,0.00
9.520000,-0.022,-0.028177,-0.028177,4.321,7.00,-0.182568,0.111742,-0.001081,-0.082484,0.030,0.019,-2.295,-13.218,0.348,3.084329,0.022348,-0.000681,0.000000,0.000000,0.000000,0.000000,0.000000,0.000000,0,0.00
9.530000,-0.018,0.075817,0.075817,4.321,7.00,-0.167130,0.089457,-0.001062,-0.164212,0.030,0.051,-2.295,-13.199,0.348,3.090026,0.017891,-0.000493,0.000000,0.000000,0.000000,0.000000,0.000000,0.000000,0,0.00
9.540000,-0.012,0.264634,0.264634,4.321,7.00,-0.142838,0.061111,-0.001055,-0.324690,0.029,0.176,-2.295,-13.179,0.348,3.097091,0.012223,-0.000271,0.000000,0.000000,0.000000,0.000000,0.000000,0.000000,0,0.00
9.550000,-0.005,0.300000,0.300000,4.321,7.00,-0.106323,0.024820,-0.001053,-0.568994,0.026,0.200,-2.296,-13.160,0.348,3.105989,0.004966,-0.000037,0.000000,0.000000,0.000000,0.000000,0.000000,0.000000,0,0.00
9.560000,0.003,0.300000,0.300000,4.321,7.00,-0.065695,-0.012677,-0.001054,-0.718416,0.022,0.200,-2.297,-13.140,0.348,3.115001,-0.002533,0.000129,0.000000,0.000000,0.000000,0.000000,0.000000,0.000000,0,0.00
9.570000,0.009,0.300000,0.300000,4.321,7.00,-0.029129,-0.045202,-0.001071,-0.750555,0.018,0.200,-2.297,-13.121,0.348,3.122578,-0.009038,0.000194,0.000000,0.000000,0.000000,0.000000,0.000000,0.000000,0,0.00
9.580000,0.015,0.300000,0.300000,4.321,7.00,0.003808,-0.073301,-0.001080,-0.828737,0.012,0.200,-2.298,-13.101,0.348,3.128896,-0.014660,0.000174,0.000000,0.000000,0.000000,0.000000,0.000000,0.000000,0,0.00
9.590000,0.019,0.300000,0.300000,4.321,7.00,0.033406,-0.097448,-0.001111,-0.717934,0.005,0.200,-2.298,-13.082,0.348,3.134103,-0.019491,0.000088,0.000000,0.000000,0.000000,0.000000,0.000000,0.000000,0,0.00
9.600000,0.024,0.300000,0.300000,4.321,7.00,0.060064,-0.118018,-0.001141,-0.503032,-0.003,0.200,-2.298,-13.063,0.348,3.138321,-0.023606,-0.000043,0.000000,0.000000,0.000000,0.000000,0.000000,0.000000,0,0.00
9.610000,0.027,0.300000,0.300000,4.321,7.00,0.084057,-0.135340,-0.001155,-0.413288,-0.009,0.200,-2.299,-13.043,0.348,-3.141530,-0.027071,-0.000201,0.000000,0.000000,0.000000,0.000000,0.000000,0.000000,0,0.00
9.620000,0.030,0.300000,0.300000,4.321,7.00,0.105651,-0.149700,-0.001191,-0.394546,-0.015,0.200,-2.299,-13.024,0.348,-3.138987,-0.029944,-0.000371,0.000000,0.000000,0.000000,0.000000,0.000000,0.000000,0,0.00
9.630000,0.032,0.300000,0.300000,4.321,7.00,0.125085,-0.161346,-0.001221,-0.291015,-0.019,0.200,-2.299,-13.005,0.348,-3.137153,-0.032273,-0.000543,0.000000,0.000000,0.000000,0.000000,0.000000,0.000000,0,0.00
9.640000,0.034,0.300000,0.300000,4.321,7.00,0.142576,-0.170495,-0.001243,-0.286695,-0.024,0.200,-2.299,-12.985,0.348,-3.135957,-0.034102,-0.000709,0.000000,0.000000,0.000000,0.000000,0.000000,0.000000,0,0.00
9.650000,0.035,0.300000,0.300000,4.321,7.00,0.158319,-0.177337,-0.001308,-0.248103,-0.027,0.200,-2.298,-12.966,0.348,-3.135334,-0.035470,-0.000862,0.000000,0.000000,0.000000,0.000000,0.000000,0.000000,0,0.00
9.660000,0.036,0.300000,0.300000,4.321,7.00,0.172487,-0.182042,-0.001333,-0.157529,-0.030,0.200,-2.298,-12.946,0.348,-3.135229,-0.036411,-0.000998,0.000000,0.000000,0.000000,0.000000,0.000000,0.000000,0,0.00
9.670000,0.037,0.300000,0.300000,4.321,7.00,0.185238,-0.184761,-0.001384,-0.125702,-0.032,0.200,-2.298,-12.927,0.348,-3.135588,-0.036955,-0.001114,0.000000,0.000000,0.000000,0.000000,0.000000,0.000000,0,0.00
9.680000,0.037,0.275238,0.275238,4.321,7.00,0.196714,-0.185623,-0.001426,-0.088189,-0.034,0.183,-2.298,-12.908,0.349,-3.136368,-0.037127,-0.001211,0.000000,0.000000,0.000000,0.000000,0.000000,0.000000,0,0.00
9.690000,0.037,0.220477,0.220477,4.321,7.00,0.204567,-0.182952,-0.001471,-0.036055,-0.035,0.147,-2.297,-12.888,0.349,-3.137992,-0.036594,-0.001262,0.000000,0.000000,0.000000,0.000000,0.000000,0.000000,0,0.00
9.700000,0.035,0.183349,0.183349,4.321,7.00,0.206159,-0.174994,-0.001522,-0.006832,-0.036,0.122,-2.296,-12.869,0.349,-3.140899,-0.035005,-0.001234,0.000000,0.000000,0.000000,0.000000,0.000000,0.000000,0,0.00
9.710000,0.033,0.116289,0.116289,4.321,7.00,0.203879,-0.163786,-0.001558,0.049054,-0.037,0.078,-2.295,-12.850,0.349,3.138646,-0.032767,-0.001156,0.000000,0.000000,0.000000,0.000000,0.000000,0.000000,0,0.00
9.720000,0.030,0.035011,0.035011,4.321,7.00,0.195121,-0.147701,-0.001583,0.114274,-0.037,0.023,-2.294,-12.830,0.349,3.133852,-0.029553,-0.001012,0.000000,0.000000,0.000000,0.000000,0.000000,0.000000,0,0.00
9.730000,0.025,-0.026087,-0.026087,4.321,7.00,0.179112,-0.126493,-0.001629,0.154209,-0.037,0.017,-2.293,-12.811,0.348,3.127857,-0.025315,-0.000806,0.000000,0.000000,0.000000,0.000000,0.000000,0.000000,0,0.00
9.740000,0.021,-0.136626,-0.136626,4.321,7.00,0.158594,-0.102635,-0.001646,0.240907,-0.035,0.091,-2.291,-12.791,0.348,3.121311,-0.020544,-0.000577,0.000000,0.000000,0.000000,0.000000,0.000000,0.000000,0,0.00
9.750000,0.015,-0.300000,-0.300000,4.321,7.00,0.129075,-0.073250,-0.001653,0.418582,-0.033,0.200,-2.289,-12.772,0.348,3.113456,-0.014665,-0.000324,0.000000,0.000000,0.000000,0.000000,0.000000,0.000000,0,0.00
9.760000,0.008,-0.300000,-0.300000,4.321,7.00,0.089620,-0.038291,-0.001664,0.462190,-0.030,0.200,-2.287,-12.753,0.348,3.104280,-0.007667,-0.000081,0.000000,0.000000,0.000000,0.000000,0.000000,0.000000,0,0.00
9.770000,0.001,-0.300000,-0.300000,4.321,7.00,0.050661,-0.005717,-0.001665,0.487051,-0.025,0.200,-2.285,-12.733,0.348,3.095879,-0.001141,0.000085,0.000000,0.000000,0.000000,0.000000,0.000000,0.000000,0,0.00
9.780000,-0.004,-0.300000,-0.300000,4.321,7.00,0.015600,0.022176,-0.001660,0.527268,-0.021,0.200,-2.282,-12.714,0.348,3.088836,0.004450,0.000160,0.000000,0.000000,0.000000,0.000000,0.000000,0.000000,0,0.00
9.790000,-0.009,-0.300000,-0.300000,4.321,7.00,-0.015968,0.045902,-0.001654,0.539728,-0.015,0.200,-2.280,-12.695,0.348,3.082990,0.009206,0.000158,0.000000,0.000000,0.000000,0.000000,0.000000,0.000000,0,0.00
9.800000,-0.013,-0.300000,-0.300000,4.321,7.00,-0.044368,0.065886,-0.001644,0.433707,-0.008,0.200,-2.278,-12.675,0.348,3.078206,0.013210,0.000099,0.000000,0.000000,0.000000,0.000000,0.000000,0.000000,0,0.00
9.810000,-0.016,-0.300000,-0.300000,4.321,7.00,-0.069930,0.082487,-0.001612,0.384230,-0.001,0.200,-2.277,-12.656,0.348,3.074366,0.016536,0.000001,0.000000,0.000000,0.000000,0.000000,0.000000,0.000000,0,0.00
9.820000,-0.019,-0.300000,-0.300000,4.321,7.00,-0.092936,0.096020,-0.001600,0.368685,0.004,0.200,-2.275,-12.637,0.348,3.071369,0.019244,-0.000119,0.000000,0.000000,0.000000,0.000000,0.000000,0.000000,0,0.00
9.830000,-0.021,-0.300000,-0.300000,4.321,7.00,-0.113642,0.106743,-0.001571,0.315795,0.009,0.200,-2.273,-12.617,0.348,3.069128,0.021388,-0.000247,0.000000,0.000000,0.000000,0.000000,0.000000,0.000000,0,0.00
9.840000,-0.023,-0.300000,-0.300000,4.321,7.00,-0.132278,0.114875,-0.001554,0.246115,0.013,0.200,-2.272,-12.598,0.348,3.067566,0.023012,-0.000374,0.000000,0.000000,0.000000,0.000000,0.000000,0.000000,0,0.00
9.850000,-0.024,-0.292790,-0.292790,4.321,7.00,-0.149050,0.120616,-0.001528,0.173702,0.016,0.195,-2.270,-12.579,0.348,3.066615,0.024157,-0.000492,0.000000,0.000000,0.000000,0.000000,0.000000,0.000000,0,0.00
9.860000,-0.025,-0.275793,-0.275793,4.321,7.00,-0.163424,0.123629,-0.001496,0.153660,0.019,0.184,-2.269,-12.559,0.348,3.066349,0.024754,-0.000592,0.000000,0.000000,0.000000,0.000000,0.000000,0.000000,0,0.00
9.870000,-0.025,-0.206369,-0.206369,4.321,7.00,-0.174662,0.123457,-0.001481,0.084393,0.021,0.138,-2.268,-12.540,0.348,3.066869,0.024713,-0.000662,0.000000,0.000000,0.000000,0.000000,0.000000,0.000000,0,0.00
9.880000,-0.023,-0.127974,-0.127974,4.321,7.00,-0.177834,0.116682,-0.001470,0.012762,0.023,0.085,-2.267,-12.521,0.348,3.069053,0.023352,-0.000661,0.000000,0.000000,0.000000,0.000000,0.000000,0.000000,0,0.00
9.890000,-0.021,-0.043881,-0.043881,4.321,7.00,-0.172850,0.103596,-0.001445,-0.058270,0.024,0.029,-2.266,-12.501,0.348,3.072788,0.020729,-0.000589,0.000000,0.000000,0.000000,0.000000,0.000000,0.000000,0,0.00
9.900000,-0.017,0.046815,0.046815,4.321,7.00,-0.159956,0.084801,-0.001427,-0.130189,0.025,0.031,-2.266,-12.482,0.348,3.077890,0.016966,-0.000454,0.000000,0.000000,0.000000,0.000000,0.000000,0.000000,0,0.00
9.910000,-0.012,0.149397,0.149397,4.321,7.00,-0.139281,0.060831,-0.001414,-0.208814,0.025,0.100,-2.266,-12.462,0.348,3.084197,0.012170,-0.000280,0.000000,0.000000,0.000000,0.000000,0.000000,0.000000,0,0.00
9.920000,-0.006,0.300000,0.300000,4.321,7.00,-0.110417,0.031856,-0.001410,-0.375786,0.023,0.200,-2.266,-12.443,0.348,3.091650,0.006374,-0.000095,0.000000,0.000000,0.000000,0.000000,0.000000,0.000000,0,0.00
9.930000,0.000,0.300000,0.300000,4.321,7.00,-0.072909,-0.001955,-0.001410,-0.568433,0.021,0.200,-2.267,-12.423,0.348,3.100192,-0.000389,0.000065,0.000000,0.000000,0.000000,0.000000,0.000000,0.000000,0,0.00
9.940000,0.007,0.300000,0.300000,4.321,7.00,-0.035622,-0.033790,-0.001414,-0.719303,0.017,0.200,-2.267,-12.404,0.348,3.108047,-0.006757,0.000151,0.000000,0.000000,0.000000,0.000000,0.000000,0.000000,0,0.00
9.950000,0.012,0.300000,0.300000,4.321,7.00,-0.002091,-0.061175,-0.001429,-0.734395,0.012,0.200,-2.268,-12.385,0.348,3.114607,-0.012236,0.000157,0.000000,0.000000,0.000000,0.000000,0.000000,0.000000,0,0.00
9.960000,0.017,0.300000,0.300000,4.321,7.00,0.028152,-0.084574,-0.001447,-0.736578,0.006,0.200,-2.268,-12.365,0.348,3.120027,-0.016918,0.000097,0.000000,0.000000,0.000000,0.000000,0.000000,0.000000,0,0.00
9.970000,0.021,0.300000,0.300000,4.321,7.00,0.055335,-0.104357,-0.001458,-0.689385,-0.000,0.200,-2.268,-12.346,0.348,3.124431,-0.020876,-0.000011,0.000000,0.000000,0.000000,0.000000,0.000000,0.000000,0,0.00
9.980000,0.024,0.300000,0.300000,4.321,7.00,0.079801,-0.120855,-0.001488,-0.491543,-0.007,0.200,-2.268,-12.326,0.348,3.127930,-0.024178,-0.000148,0.000000,0.000000,0.000000,0.000000,0.000000,0.000000,0,0.00
9.990000,0.027,0.300000,0.300000,4.321,7.00,0.101821,-0.134351,-0.001508,-0.363868,-0.012,0.200,-2.268,-12.307,0.348,3.130620,-0.026878,-0.000301,0.000000,0.000000,0.000000,0.000000,0.000000,0.000000,0,0.00
10.000000,0.029,0.300000,0.300000,4.321,7.00,0.121638,-0.145091,-0.001527,-0.346933,-0.017,0.200,-2.268,-12.288,0.348,3.132584,-0.029027,-0.000457,0.000000,0.000000,0.000000,0.000000,0.000000,0.000000,0,0.00
10.010000,0.031,0.300000,0.300000,4.321,7.00,0.139474,-0.153290,-0.001582,-0.288297,-0.021,0.200,-2.268,-12.268,0.348,3.133896,-0.030668,-0.000607,0.000000,0.000000,0.000000,0.000000,0.000000,0.000000,0,0.00
10.020000,0.032,0.300000,0.300000,4.321,7.00,0.155527,-0.159137,-0.001605,-0.193531,-0.024,0.200,-2.268,-12.249,0.348,3.134621,-0.031839,-0.000745,0.000000,0.000000,0.000000,0.000000,0.000000,0.000000,0,0.00
10.030000,0.033,0.300000,0.300000,4.321,7.00,0.169974,-0.162800,-0.001620,-0.176527,-0.027,0.200,-2.267,-12.229,0.348,3.134819,-0.032572,-0.000867,0.000000,0.000000,0.000000,0.000000,0.000000,0.000000,0,0.00
10.040000,0.033,0.288420,0.288420,4.321,7.00,0.182977,-0.164428,-0.001668,-0.122324,-0.029,0.192,-2.267,-12.210,0.348,3.134542,-0.032899,-0.000969,0.000000,0.000000,0.000000,0.000000,0.000000,0.000000,0,0.00
10.050000,0.033,0.231506,0.231506,4.321,7.00,0.193522,-0.163289,-0.001720,-0.066498,-0.031,0.154,-2.266,-12.191,0.349,3.133618,-0.032673,-0.001039,0.000000,0.000000,0.000000,0.000000,0.000000,0.000000,0,0.00
10.060000,0.031,0.191216,0.191216,4.321,7.00,0.197322,-0.156245,-0.001758,-0.033213,-0.032,0.127,-2.266,-12.171,0.349,3.131282,-0.031266,-0.001030,0.000000,0.000000,0.000000,0.000000,0.000000,0.000000,0,0.00
10.070000,0.029,0.124918,0.124918,4.321,7.00,0.196712,-0.145338,-0.001792,0.022212,-0.033,0.083,-2.265,-12.152,0.349,3.128079,-0.029088,-0.000968,0.000000,0.000000,0.000000,0.000000,0.000000,0.000000,0,0.00
10.080000,0.026,0.020989,0.020989,4.321,7.00,0.189534,-0.129151,-0.001813,0.109975,-0.033,0.014,-2.263,-12.133,0.348,3.123674,-0.025852,-0.000837,0.000000,0.000000,0.000000,0.000000,0.000000,0.000000,0,0.00
10.090000,0.021,-0.040711,-0.040711,4.321,7.00,0.172682,-0.105706,-0.001859,0.148276,-0.033,0.027,-2.262,-12.113,0.348,3.117599,-0.021164,-0.000628,0.000000,0.000000,0.000000,0.000000,0.000000,0.000000,0,0.00
10.100000,0.016,-0.110940,-0.110940,4.321,7.00,0.151345,-0.079463,-0.001888,0.192290,-0.031,0.074,-2.260,-12.094,0.348,3.110999,-0.015913,-0.000403,0.000000,0.000000,0.000000,0.000000,0.000000,0.000000,0,0.00
10.110000,0.010,-0.165772,-0.165772,4.321,7.00,0.125118,-0.050402,-0.001909,0.218082,-0.029,0.111,-2.259,-12.074,0.348,3.103872,-0.010095,-0.000183,0.000000,0.000000,0.000000,0.000000,0.000000,0.000000,0,0.00
10.120000,0.004,-0.300000,-0.300000,4.321,7.00,0.096031,-0.020333,-0.001912,0.324130,-0.026,0.200,-2.257,-12.055,0.348,3.096674,-0.004071,-0.000002,0.000000,0.000000,0.000000,0.000000,0.000000,0.000000,0,0.00
10.130000,-0.003,-0.300000,-0.300000,4.321,7.00,0.056454,0.016200,-0.001910,0.456160,-0.021,0.200,-2.255,-12.036,0.348,3.088034,0.003252,0.000136,0.000000,0.000000,0.000000,0.000000,0.000000,0.000000,0,0.00
10.140000,-0.010,-0.300000,-0.300000,4.321,7.00,0.020812,0.047968,-0.001892,0.476638,-0.016,0.200,-2.252,-12.016,0.348,3.080781,0.009622,0.000178,0.000000,0.000000,0.000000,0.000000,0.000000,0.000000,0,0.00
10.150000,-0.015,-0.300000,-0.300000,4.321,7.00,-0.011278,0.075473,-0.001873,0.499166,-0.010,0.200,-2.250,-11.997,0.348,3.074748,0.015138,0.000141,0.000000,0.000000,0.000000,0.000000,0.000000,0.000000,0,0.00
10.160000,-0.020,-0.300000,-0.300000,4.321,7.00,-0.040145,0.099151,-0.001850,0.522309,-0.004,0.200,-2.249,-11.978,0.348,3.069798,0.019886,0.000044,0.000000,0.000000,0.000000,0.000000,0.000000,0.000000,0,0.00
10.170000,-0.024,-0.300000,-0.300000,4.321,7.00,-0.066129,0.119374,-0.001833,0.475243,0.003,0.200,-2.247,-11.958,0.348,3.065809,0.023939,-0.000094,0.000000,0.000000,0.000000,0.000000,0.000000,0.000000,0,0.00
10.180000,-0.027,-0.300000,-0.300000,4.321,7.00,-0.089516,0.136460,-0.001813,0.353403,0.010,0.200,-2.245,-11.939,0.348,3.062679,0.027360,-0.000255,0.000000,0.000000,0.000000,0.000000,0.000000,0.000000,0,0.00
10.190000,-0.030,-0.300000,-0.300000,4.321,7.00,-0.110564,0.150688,-0.001769,0.329376,0.015,0.200,-2.244,-11.920,0.348,3.060316,0.030207,-0.000426,0.000000,0.000000,0.000000,0.000000,0.000000,0.000000,0,0.00
10.200000,-0.032,-0.300000,-0.300000,4.321,7.00,-0.129507,0.162284,-0.001731,0.292606,0.020,0.200,-2.242,-11.901,0.348,3.058645,0.032525,-0.000597,0.000000,0.000000,0.000000,0.000000,0.000000,0.000000,0,0.00
10.210000,-0.034,-0.300000,-0.300000,4.321,7.00,-0.146556,0.171453,-0.001711,0.274248,0.024,0.200,-2.241,-11.881,0.348,3.057594,0.034355,-0.000761,0.000000,0.000000,0.000000,0.000000,0.000000,0.000000,0,0.00
10.220000,-0.036,-0.300000,-0.300000,4.321,7.00,-0.161901,0.178377,-0.001668,0.204493,0.027,0.200,-2.240,-11.862,0.348,3.057102,0.035734,-0.000911,0.000000,0.000000,0.000000,0.000000,0.000000,0.000000,0,0.00
10.230000,-0.037,-0.300000,-0.300000,4.321,7.00,-0.175711,0.183221,-0.001642,0.152280,0.030,0.200,-2.238,-11.843,0.348,3.057114,0.036695,-0.001045,0.000000,0.000000,0.000000,0.000000,0.000000,0.000000,0,0.00
10.240000,-0.037,-0.300000,-0.300000,4.321,7.00,-0.188140,0.186129,-0.001594,0.128314,0.032,0.200,-2.237,-11.823,0.348,3.057579,0.037269,-0.001160,0.000000,0.000000,0.000000,0.000000,0.000000,0.000000,0,0.00
10.250000,-0.037,-0.284720,-0.284720,4.321,7.00,-0.199326,0.187225,-0.001547,0.099042,0.034,0.190,-2.236,-11.804,0.349,3.058454,0.037479,-0.001254,0.000000,0.000000,0.000000,0.000000,0.000000,0.000000,0,0.00
10.260000,-0.037,-0.221524,-0.221524,4.321,7.00,-0.207865,0.185476,-0.001530,0.037578,0.036,0.148,-2.235,-11.784,0.349,3.059986,0.037120,-0.001316,0.000000,0.000000,0.000000,0.000000,0.000000,0.000000,0,0.00
10.270000,-0.036,-0.175070,-0.175070,4.321,7.00,-0.209233,0.177606,-0.001485,-0.001050,0.037,0.117,-2.235,-11.765,0.349,3.062987,0.035538,-0.001282,0.000000,0.000000,0.000000,0.000000,0.000000,0.000000,0,0.00
10.280000,-0.033,-0.090908,-0.090908,4.321,7.00,-0.205817,0.165729,-0.001461,-0.073360,0.037,0.061,-2.234,-11.746,0.349,3.066893,0.033156,-0.001190,0.000000,0.000000,0.000000,0.000000,0.000000,0.000000,0,0.00
10.290000,-0.030,-0.016424,-0.016424,4.321,7.00,-0.194328,0.147668,-0.001426,-0.129818,0.037,0.011,-2.234,-11.726,0.349,3.072243,0.029538,-0.001016,0.000000,0.000000,0.000000,0.000000,0.000000,0.000000,0,0.00
10.300000,-0.025,0.072724,0.072724,4.321,7.00,-0.176539,0.125225,-0.001398,-0.196551,0.037,0.048,-2.234,-11.707,0.348,3.078559,0.025048,-0.000790,0.000000,0.000000,0.000000,0.000000,0.000000,0.000000,0,0.00
10.310000,-0.020,0.164826,0.164826,4.321,7.00,-0.151615,0.098205,-0.001376,-0.261655,0.036,0.110,-2.234,-11.687,0.348,3.085884,0.019643,-0.000530,0.000000,0.000000,0.000000,0.000000,0.000000,0.000000,0,0.00
10.320000,-0.013,0.300000,0.300000,4.321,7.00,-0.119974,0.067409,-0.001368,-0.417387,0.033,0.200,-2.235,-11.668,0.348,3.094013,0.013485,-0.000269,0.000000,0.000000,0.000000,0.000000,0.000000,0.000000,0,0.00
10.330000,-0.006,0.300000,0.300000,4.321,7.00,-0.077982,0.030676,-0.001366,-0.626140,0.030,0.200,-2.235,-11.648,0.348,3.103504,0.006138,-0.000031,0.000000,0.000000,0.000000,0.000000,0.000000,0.000000,0,0.00
10.340000,0.000,0.300000,0.300000,4.321,7.00,-0.040187,-0.000858,-0.001366,-0.737141,0.025,0.200,-2.236,-11.629,0.348,3.111497,-0.000168,0.000112,0.000000,0.000000,0.000000,0.000000,0.000000,0.000000,0,0.00
10.350000,0.006,0.300000,0.300000,4.321,7.00,-0.006181,-0.027752,-0.001376,-0.721201,0.020,0.200,-2.237,-11.609,0.348,3.118181,-0.005548,0.000165,0.000000,0.000000,0.000000,0.000000,0.000000,0.000000,0,0.00
10.360000,0.010,0.300000,0.300000,4.321,7.00,0.024452,-0.050514,-0.001382,-0.763047,0.013,0.200,-2.237,-11.590,0.348,3.123714,-0.010102,0.000146,0.000000,0.000000,0.000000,0.000000,0.000000,0.000000,0,0.00
10.370000,0.014,0.300000,0.300000,4.321,7.00,0.052005,-0.069531,-0.001389,-0.704190,0.006,0.200,-2.238,-11.571,0.348,3.128220,-0.013907,0.000075,0.000000,0.000000,0.000000,0.000000,0.000000,0.000000,0,0.00
10.380000,0.017,0.300000,0.300000,4.321,7.00,0.076803,-0.085151,-0.001417,-0.475048,-0.000,0.200,-2.238,-11.551,0.348,3.131811,-0.017032,-0.000028,0.000000,0.000000,0.000000,0.000000,0.000000,0.000000,0,0.00
10.390000,0.020,0.300000,0.300000,4.321,7.00,0.099122,-0.097671,-0.001441,-0.346770,-0.006,0.200,-2.238,-11.532,0.348,3.134584,-0.019537,-0.000148,0.000000,0.000000,0.000000,0.000000,0.000000,0.000000,0,0.00
10.400000,0.021,0.300000,0.300000,4.321,7.00,0.119210,-0.107349,-0.001452,-0.362189,-0.010,0.200,-2.238,-11.513,0.348,3.136622,-0.021473,-0.000273,0.000000,0.000000,0.000000,0.000000,0.000000,0.000000,0,0.00
10.410000,0.023,0.300000,0.300000,4.321,7.00,0.137289,-0.114411,-0.001482,-0.260245,-0.014,0.200,-2.238,-11.493,0.348,3.138002,-0.022886,-0.000394,0.000000,0.000000,0.000000,0.000000,0.000000,0.000000,0,0.00
10.420000,0.024,0.279573,0.279573,4.321,7.00,0.153560,-0.119054,-0.001504,-0.159014,-0.017,0.186,-2.238,-11.474,0.348,3.138788,-0.023815,-0.000503,0.000000,0.000000,0.000000,0.000000,0.000000,0.000000,0,0.00
10.430000,0.024,0.251422,0.251422,4.321,7.00,0.166161,-0.119993,-0.001547,-0.129882,-0.020,0.168,-2.238,-11.454,0.348,3.138660,-0.024003,-0.000586,0.000000,0.000000,0.000000,0.000000,0.000000,0.000000,0,0.00
10.440000,0.023,0.202597,0.202597,4.321,7.00,0.174688,-0.117080,-0.001563,-0.083954,-0.021,0.135,-2.238,-11.435,0.348,3.137597,-0.023421,-0.000625,0.000000,0.000000,0.000000,0.000000,0.000000,0.000000,0,0.00
10.450000,0.022,0.076378,0.076378,4.321,7.00,0.177480,-0.109305,-0.001573,0.034500,-0.023,0.051,-2.237,-11.416,0.348,3.135352,-0.021867,-0.000611,0.000000,0.000000,0.000000,0.000000,0.000000,0.000000,0,0.00
10.460000,0.019,0.010770,0.010770,4.321,7.00,0.168884,-0.092909,-0.001603,0.083743,-0.024,0.007,-2.236,-11.396,0.348,3.130958,-0.018589,-0.000509,0.000000,0.000000,0.000000,0.000000,0.000000,0.000000,0,0.00
10.470000,0.014,-0.084523,-0.084523,4.321,7.00,0.153074,-0.071534,-0.001620,0.157677,-0.024,0.056,-2.235,-11.377,0.348,3.125394,-0.014315,-0.000357,0.000000,0.000000,0.000000,0.000000,0.000000,0.000000,0,0.00
10.480000,0.009,-0.281029,-0.281029,4.321,7.00,0.129317,-0.045123,-0.001625,0.327777,-0.023,0.187,-2.233,-11.357,0.348,3.118644,-0.009031,-0.000177,0.000000,0.000000,0.000000,0.000000,0.000000,0.000000,0,0.00
10.490000,0.003,-0.300000,-0.300000,4.321,7.00,0.095512,-0.012720,-0.001628,0.393578,-0.022,0.200,-2.231,-11.338,0.348,3.110461,-0.002545,0.000003,0.000000,0.000000,0.000000,0.000000,0.000000,0.000000,0,0.00
10.500000,-0.004,-0.300000,-0.300000,4.321,7.00,0.055966,0.022001,-0.001624,0.452605,-0.019,0.200,-2.229,-11.319,0.348,3.101808,0.004409,0.000131,0.000000,0.000000,0.000000,0.000000,0.000000,0.000000,0,0.00
10.510000,-0.010,-0.300000,-0.300000,4.321,7.00,0.020373,0.051955,-0.001612,0.501832,-0.014,0.200,-2.227,-11.299,0.348,3.094549,0.010411,0.000176,0.000000,0.000000,0.000000,0.000000,0.000000,0.000000,0,0.00
10.520000,-0.016,-0.300000,-0.300000,4.321,7.00,-0.011672,0.077666,-0.001604,0.619052,-0.009,0.200,-2.225,-11.280,0.348,3.088513,0.015564,0.000145,0.000000,0.000000,0.000000,0.000000,0.000000,0.000000,0,0.00
10.530000,-0.020,-0.300000,-0.300000,4.321,7.00,-0.040500,0.099575,-0.001584,0.519196,-0.003,0.200,-2.224,-11.261,0.348,3.083561,0.019953,0.000057,0.000000,0.000000,0.000000,0.000000,0.000000,0.000000,0,0.00
10.540000,-0.024,-0.300000,-0.300000,4.321,7.00,-0.066449,0.118050,-0.001566,0.517547,0.004,0.200,-2.222,-11.241,0.348,3.079573,0.023653,-0.000072,0.000000,0.000000,0.000000,0.000000,0.000000,0.000000,0,0.00
10.550000,-0.027,-0.300000,-0.300000,4.321,7.00,-0.089803,0.133415,-0.001549,0.482627,0.010,0.200,-2.221,-11.222,0.348,3.076443,0.026728,-0.000224,0.000000,0.000000,0.000000,0.000000,0.000000,0.000000,0,0.00
10.560000,-0.029,-0.300000,-0.300000,4.321,7.00,-0.110823,0.145928,-0.001495,0.423004,0.016,0.200,-2.219,-11.203,0.348,3.074083,0.029230,-0.000385,0.000000,0.000000,0.000000,0.000000,0.000000,0.000000,0,0.00
10.570000,-0.031,-0.300000,-0.300000,4.321,7.00,-0.129740,0.155819,-0.001476,0.298836,0.020,0.200,-2.218,-11.183,0.348,3.072415,0.031206,-0.000545,0.000000,0.000000,0.000000,0.000000,0.000000,0.000000,0,0.00
10.580000,-0.033,-0.300000,-0.300000,4.321,7.00,-0.146766,0.163289,-0.001459,0.276375,0.024,0.200,-2.217,-11.164,0.348,3.071369,0.032695,-0.000697,0.000000,0.000000,0.000000,0.000000,0.000000,0.000000,0,0.00
10.590000,-0.034,-0.300000,-0.300000,4.321,7.00,-0.162089,0.168518,-0.001437,0.223931,0.027,0.200,-2.215,-11.145,0.348,3.070882,0.033735,-0.000835,0.000000,0.000000,0.000000,0.000000,0.000000,0.000000,0,0.00
10.600000,-0.034,-0.300000,-0.300000,4.321,7.00,-0.175880,0.171663,-0.001394,0.152742,0.029,0.200,-2.214,-11.125,0.348,3.070899,0.034358,-0.000955,0.000000,0.000000,0.000000,0.000000,0.000000,0.000000,0,0.00
10.610000,-0.035,-0.300000,-0.300000,4.321,7.00,-0.188292,0.172866,-0.001353,0.134440,0.031,0.200,-2.213,-11.106,0.348,3.071370,0.034591,-0.001054,0.000000,0.000000,0.000000,0.000000,0.000000,0.000000,0,0.00
10.620000,-0.034,-0.250285,-0.250285,4.321,7.00,-0.199463,0.172248,-0.001334,0.079371,0.033,0.167,-2.212,-11.087,0.349,3.072250,0.034461,-0.001133,0.000000,0.000000,0.000000,0.000000,0.000000,0.000000,0,0.00
10.630000,-0.033,-0.182966,-0.182966,4.321,7.00,-0.204547,0.166331,-0.001293,0.017928,0.034,0.122,-2.212,-11.067,0.349,3.074434,0.033271,-0.001139,0.000000,0.000000,0.000000,0.000000,0.000000,0.000000,0,0.00
10.640000,-0.031,-0.096403,-0.096403,4.321,7.00,-0.202390,0.154520,-0.001269,-0.056848,0.034,0.064,-2.211,-11.048,0.349,3.078044,0.030904,-0.001065,0.000000,0.000000,0.000000,0.000000,0.000000,0.000000,0,0.00
10.650000,-0.027,-0.027098,-0.027098,4.321,7.00,-0.191794,0.136299,-0.001232,-0.107969,0.035,0.018,-2.211,-11.028,0.348,3.083184,0.027257,-0.000906,0.000000,0.000000,0.000000,0.000000,0.000000,0.000000,0,0.00
10.660000,-0.023,0.044637,0.044637,4.321,7.00,-0.175326,0.113997,-0.001197,-0.157437,0.034,0.030,-2.211,-11.009,0.348,3.089221,0.022796,-0.000696,0.000000,0.000000,0.000000,0.000000,0.000000,0.000000,0,0.00
10.670000,-0.018,0.171925,0.171925,4.321,7.00,-0.153332,0.088216,-0.001183,-0.258957,0.033,0.115,-2.211,-10.989,0.348,3.095989,0.017641,-0.000462,0.000000,0.000000,0.000000,0.000000,0.000000,0.000000,0,0.00
10.680000,-0.011,0.216265,0.216265,4.321,7.00,-0.122432,0.056852,-0.001143,-0.271973,0.031,0.144,-2.212,-10.970,0.348,3.104020,0.011371,-0.000213,0.000000,0.000000,0.000000,0.000000,0.000000,0.000000,0,0.00
10.690000,-0.005,0.300000,0.300000,4.321,7.00,-0.088565,0.024730,-0.001140,-0.411634,0.027,0.200,-2.213,-10.951,0.348,3.112054,0.004948,-0.000008,0.000000,0.000000,0.000000,0.000000,0.000000,0.000000,0,0.00
10.700000,0.002,0.300000,0.300000,4.321,7.00,-0.049714,-0.009430,-0.001141,-0.602068,0.023,0.200,-2.213,-10.931,0.348,3.120430,-0.001884,0.000131,0.000000,0.000000,0.000000,0.000000,0.000000,0.000000,0,0.00
10.710000,0.008,0.300000,0.300000,4.321,7.00,-0.014747,-0.038986,-0.001152,-0.622385,0.018,0.200,-2.214,-10.912,0.348,3.127448,-0.007795,0.000178,0.000000,0.000000,0.000000,0.000000,0.000000,0.000000,0,0.00
10.720000,0.013,0.300000,0.300000,4.321,7.00,0.016736,-0.064436,-0.001164,-0.607060,0.011,0.200,-2.215,-10.892,0.348,3.133273,-0.012887,0.000149,0.000000,0.000000,0.000000,0.000000,0.000000,0.000000,0,0.00
10.730000,0.017,0.300000,0.300000,4.321,7.00,0.045059,-0.086194,-0.001183,-0.640645,0.005,0.200,-2.215,-10.873,0.348,3.138042,-0.017240,0.000063,0.000000,0.000000,0.000000,0.000000,0.000000,0.000000,0,0.00
10.740000,0.021,0.300000,0.300000,4.321,7.00,0.070552,-0.104600,-0.001211,-0.497348,-0.002,0.200,-2.216,-10.853,0.348,-3.141317,-0.020922,-0.000060,0.000000,0.000000,0.000000,0.000000,0.000000,0.000000,0,0.00
10.750000,0.024,0.300000,0.300000,4.321,7.00,0.093497,-0.119955,-0.001231,-0.321681,-0.008,0.200,-2.216,-10.834,0.348,-3.138334,-0.023993,-0.000205,0.000000,0.000000,0.000000,0.000000,0.000000,0.000000,0,0.00
10.760000,0.027,0.300000,0.300000,4.321,7.00,0.114147,-0.132517,-0.001270,-0.282453,-0.013,0.200,-2.216,-10.815,0.348,-3.136105,-0.026505,-0.000358,0.000000,0.000000,0.000000,0.000000,0.000000,0.000000,0,0.00
10.770000,0.029,0.300000,0.300000,4.321,7.00,0.132732,-0.142515,-0.001302,-0.220635,-0.017,0.200,-2.216,-10.795,0.348,-3.134555,-0.028504,-0.000510,0.000000,0.000000,0.000000,0.000000,0.000000,0.000000,0,0.00
10.780000,0.030,0.300000,0.300000,4.321,7.00,0.149459,-0.150147,-0.001337,-0.179984,-0.021,0.200,-2.216,-10.776,0.348,-3.133613,-0.030030,-0.000653,0.000000,0.000000,0.000000,0.000000,0.000000,0.000000,0,0.00
10.790000,0.031,0.300000,0.300000,4.321,7.00,0.164513,-0.155590,-0.001364,-0.154333,-0.024,0.200,-2.216,-10.757,0.348,-3.133221,-0.031118,-0.000783,0.000000,0.000000,0.000000,0.000000,0.000000,0.000000,0,0.00
10.800000,0.032,0.264264,0.264264,4.321,7.00,0.178062,-0.159000,-0.001411,-0.103853,-0.027,0.176,-2.216,-10.737,0.348,-3.133322,-0.031799,-0.000895,0.000000,0.000000,0.000000,0.000000,0.000000,0.000000,0,0.00
10.810000,0.032,0.233748,0.233748,4.321,7.00,0.186683,-0.157842,-0.001467,-0.074439,-0.029,0.156,-2.215,-10.718,0.348,-3.134539,-0.031568,-0.000956,0.000000,0.000000,0.000000,0.000000,0.000000,0.000000,0,0.00
10.820000,0.031,0.187464,0.187464,4.321,7.00,0.191390,-0.153064,-0.001502,-0.032898,-0.030,0.125,-2.215,-10.698,0.349,-3.136602,-0.030613,-0.000968,0.000000,0.000000,0.000000,0.000000,0.000000,0.000000,0,0.00
10.830000,0.029,0.129009,0.129009,4.321,7.00,0.190999,-0.143933,-0.001532,0.016456,-0.031,0.086,-2.214,-10.679,0.348,-3.139676,-0.028789,-0.000922,0.000000,0.000000,0.000000,0.000000,0.000000,0.000000,0,0.00
10.840000,0.026,0.062661,0.062661,4.321,7.00,0.184801,-0.130155,-0.001567,0.069061,-0.032,0.042,-2.213,-10.660,0.348,3.139375,-0.026036,-0.000816,0.000000,0.000000,0.000000,0.000000,0.000000,0.000000,0,0.00
10.850000,0.022,0.001433,0.001433,4.321,7.00,0.172589,-0.111883,-0.001603,0.112053,-0.032,0.001,-2.212,-10.640,0.348,3.134240,-0.022384,-0.000657,0.000000,0.000000,0.000000,0.000000,0.000000,0.000000,0,0.00
10.860000,0.018,-0.152698,-0.152698,4.321,7.00,0.155475,-0.090297,-0.001613,0.244607,-0.031,0.102,-2.211,-10.621,0.348,3.128416,-0.018068,-0.000470,0.000000,0.000000,0.000000,0.000000,0.000000,0.000000,0,0.00
10.870000,0.012,-0.222164,-0.222164,4.321,7.00,0.127696,-0.061391,-0.001634,0.285188,-0.029,0.148,-2.209,-10.601,0.348,3.120915,-0.012286,-0.000245,0.000000,0.000000,0.000000,0.000000,0.000000,0.000000,0,0.00
10.880000,0.006,-0.300000,-0.300000,4.321,7.00,0.092714,-0.028413,-0.001638,0.401357,-0.026,0.200,-2.207,-10.582,0.348,3.112573,-0.005686,-0.000036,0.000000,0.000000,0.000000,0.000000,0.000000,0.000000,0,0.00
10.890000,-0.001,-0.300000,-0.300000,4.321,7.00,0.053447,0.006023,-0.001636,0.436020,-0.022,0.200,-2.205,-10.563,0.348,3.104044,0.001210,0.000111,0.000000,0.000000,0.000000,0.000000,0.000000,0.000000,0,0.00
10.900000,-0.007,-0.300000,-0.300000,4.321,7.00,0.018106,0.035624,-0.001632,0.575991,-0.018,0.200,-2.203,-10.543,0.348,3.096892,0.007139,0.000169,0.000000,0.000000,0.000000,0.000000,0.000000,0.000000,0,0.00
10.910000,-0.012,-0.300000,-0.300000,4.321,7.00,-0.013712,0.060905,-0.001617,0.508560,-0.012,0.200,-2.201,-10.524,0.348,3.090950,0.012205,0.000151,0.000000,0.000000,0.000000,0.000000,0.000000,0.000000,0,0.00
10.920000,-0.016,-0.300000,-0.300000,4.321,7.00,-0.042337,0.082299,-0.001603,0.533072,-0.006,0.200,-2.200,-10.505,0.348,3.086081,0.016490,0.000076,0.000000,0.000000,0.000000,0.000000,0.000000,0.000000,0,0.00
10.930000,-0.020,-0.300000,-0.300000,4.321,7.00,-0.068102,0.100171,-0.001579,0.437570,0.001,0.200,-2.198,-10.485,0.348,3.082166,0.020069,-0.000038,0.000000,0.000000,0.000000,0.000000,0.000000,0.000000,0,0.00
10.940000,-0.023,-0.300000,-0.300000,4.321,7.00,-0.091291,0.114848,-0.001569,0.473363,0.007,0.200,-2.197,-10.466,0.348,3.079100,0.023006,-0.000173,0.000000,0.000000,0.000000,0.000000,0.000000,0.000000,0,0.00
10.950000,-0.025,-0.300000,-0.300000,4.321,7.00,-0.112162,0.126583,-0.001539,0.329640,0.012,0.200,-2.195,-10.447,0.348,3.076798,0.025352,-0.000317,0.000000,0.000000,0.000000,0.000000,0.000000,0.000000,0,0.00
10.960000,-0.027,-0.300000,-0.300000,4.321,7.00,-0.130946,0.135611,-0.001519,0.301179,0.016,0.200,-2.194,-10.427,0.348,3.075181,0.027155,-0.000459,0.000000,0.000000,0.000000,0.000000,0.000000,0.000000,0,0.00
10.970000,-0.028,-0.300000,-0.300000,4.321,7.00,-0.147851,0.142136,-0.001501,0.255051,0.020,0.200,-2.193,-10.408,0.348,3.074181,0.028456,-0.000592,0.000000,0.000000,0.000000,0.000000,0.000000,0.000000,0,0.00
10.980000,-0.029,-0.300000,-0.300000,4.321,7.00,-0.163066,0.146340,-0.001467,0.217920,0.023,0.200,-2.191,-10.389,0.348,3.073736,0.029291,-0.000711,0.000000,0.000000,0.000000,0.000000,0.000000,0.000000,0,0.00
10.990000,-0.030,-0.266732,-0.266732,4.321,7.00,-0.176759,0.148385,-0.001429,0.119776,0.025,0.178,-2.190,-10.369,0.348,3.073790,0.029695,-0.000811,0.000000,0.000000,0.000000,0.000000,0.000000,0.000000,0,0.00
11.000000,-0.029,-0.223201,-0.223201,4.321,7.00,-0.185757,0.145942,-0.001404,0.078663,0.027,0.149,-2.189,-10.350,0.348,3.074917,0.029200,-0.000861,0.000000,0.000000,0.000000,0.000000,0.000000,0.000000,0,0.00
11.010000,-0.028,-0.148973,-0.148973,4.321,7.00,-0.189502,0.138789,-0.001382,0.011566,0.028,0.099,-2.189,-10.331,0.348,3.077149,0.027764,-0.000852,0.000000,0.000000,0.000000,0.000000,0.000000,0.000000,0,0.00
11.020000,-0.025,-0.082552,-0.082552,4.321,7.00,-0.185451,0.125275,-0.001329,-0.041395,0.029,0.055,-2.188,-10.311,0.348,3.080883,0.025057,-0.000765,0.000000,0.000000,0.000000,0.000000,0.000000,0.000000,0,0.00
11.030000,-0.021,0.038905,0.038905,4.321,7.00,-0.175162,0.106998,-0.001315,-0.144588,0.030,0.026,-2.188,-10.292,0.348,3.085692,0.021400,-0.000621,0.000000,0.000000,0.000000,0.000000,0.000000,0.000000,0,0.00
11.040000,-0.016,0.135275,0.135275,4.321,7.00,-0.153758,0.080741,-0.001294,-0.214722,0.029,0.090,-2.188,-10.272,0.348,3.092381,0.016148,-0.000408,0.000000,0.000000,0.000000,0.000000,0.000000,0.000000,0,0.00
11.050000,-0.010,0.218605,0.218605,4.321,7.00,-0.124858,0.049882,-0.001278,-0.267209,0.028,0.146,-2.188,-10.253,0.348,3.100072,0.009978,-0.000180,0.000000,0.000000,0.000000,0.000000,0.000000,0.000000,0,0.00
11.060000,-0.003,0.300000,0.300000,4.321,7.00,-0.090515,0.016431,-0.001275,-0.341240,0.025,0.200,-2.189,-10.233,0.348,3.108257,0.003289,0.000017,0.000000,0.000000,0.000000,0.000000,0.000000,0.000000,0,0.00
11.070000,0.004,0.300000,0.300000,4.321,7.00,-0.051468,-0.018714,-0.001277,-0.503029,0.021,0.200,-2.190,-10.214,0.348,3.116718,-0.003740,0.000146,0.000000,0.000000,0.000000,0.000000,0.000000,0.000000,0,0.00
11.080000,0.010,0.300000,0.300000,4.321,7.00,-0.016326,-0.049097,-0.001283,-0.588473,0.016,0.200,-2.190,-10.194,0.348,3.123810,-0.009818,0.000185,0.000000,0.000000,0.000000,0.000000,0.000000,0.000000,0,0.00
11.090000,0.015,0.300000,0.300000,4.321,7.00,0.015315,-0.075237,-0.001304,-0.583795,0.010,0.200,-2.191,-10.175,0.348,3.129701,-0.015047,0.000147,0.000000,0.000000,0.000000,0.000000,0.000000,0.000000,0,0.00
11.100000,0.020,0.300000,0.300000,4.321,7.00,0.043780,-0.097560,-0.001325,-0.587672,0.003,0.200,-2.191,-10.156,0.348,3.134526,-0.019513,0.000052,0.000000,0.000000,0.000000,0.000000,0.000000,0.000000,0,0.00
11.110000,0.023,0.300000,0.300000,4.321,7.00,0.069400,-0.116427,-0.001336,-0.605949,-0.004,0.200,-2.191,-10.136,0.348,3.138403,-0.023288,-0.000082,0.000000,0.000000,0.000000,0.000000,0.000000,0.000000,0,0.00
11.120000,0.026,0.300000,0.300000,4.321,7.00,0.092460,-0.132150,-0.001366,-0.468275,-0.010,0.200,-2.191,-10.117,0.348,3.141431,-0.026433,-0.000236,0.000000,0.000000,0.000000,0.000000,0.000000,0.000000,0,0.00
11.130000,0.029,0.300000,0.300000,4.321,7.00,0.113213,-0.144999,-0.001397,-0.330563,-0.015,0.200,-2.192,-10.098,0.348,-3.139486,-0.029003,-0.000399,0.000000,0.000000,0.000000,0.000000,0.000000,0.000000,0,0.00
11.140000,0.031,0.300000,0.300000,4.321,7.00,0.131892,-0.155210,-0.001417,-0.320700,-0.020,0.200,-2.192,-10.078,0.348,-3.137900,-0.031045,-0.000561,0.000000,0.000000,0.000000,0.000000,0.000000,0.000000,0,0.00
11.150000,0.033,0.300000,0.300000,4.321,7.00,0.148702,-0.162989,-0.001471,-0.270094,-0.023,0.200,-2.191,-10.059,0.348,-3.136927,-0.032601,-0.000713,0.000000,0.000000,0.000000,0.000000,0.000000,0.000000,0,0.00
11.160000,0.034,0.300000,0.300000,4.321,7.00,0.163832,-0.168518,-0.001495,-0.174112,-0.026,0.200,-2.191,-10.039,0.348,-3.136506,-0.033706,-0.000852,0.000000,0.000000,0.000000,0.000000,0.000000,0.000000,0,0.00
11.170000,0.034,0.300000,0.300000,4.321,7.00,0.177449,-0.171958,-0.001543,-0.137383,-0.029,0.200,-2.191,-10.020,0.348,-3.136582,-0.034394,-0.000972,0.000000,0.000000,0.000000,0.000000,0.000000,0.000000,0,0.00
11.180000,0.035,0.278541,0.278541,4.321,7.00,0.189704,-0.173451,-0.001573,-0.103516,-0.031,0.186,-2.191,-10.001,0.349,-3.137105,-0.034693,-0.001073,0.000000,0.000000,0.000000,0.000000,0.000000,0.000000,0,0.00
11.190000,0.034,0.220704,0.220704,4.321,7.00,0.198588,-0.171580,-0.001610,-0.047514,-0.033,0.147,-2.190,-9.981,0.349,-3.138436,-0.034319,-0.001133,0.000000,0.000000,0.000000,0.000000,0.000000,0.000000,0,0.00
11.200000,0.033,0.148421,0.148421,4.321,7.00,0.200801,-0.164107,-0.001626,0.017312,-0.034,0.099,-2.190,-9.962,0.349,-3.141141,-0.032827,-0.001116,0.000000,0.000000,0.000000,0.000000,0.000000,0.000000,0,0.00
11.210000,0.030,0.075367,0.075367,4.321,7.00,0.195565,-0.150797,-0.001663,0.077093,-0.034,0.050,-2.189,-9.942,0.349,3.137924,-0.030168,-0.001020,0.000000,0.000000,0.000000,0.000000,0.000000,0.000000,0,0.00
11.220000,0.027,0.003081,0.003081,4.321,7.00,0.183546,-0.132556,-0.001696,0.131171,-0.035,0.002,-2.187,-9.923,0.348,3.132642,-0.026523,-0.000856,0.000000,0.000000,0.000000,0.000000,0.000000,0.000000,0,0.00
11.230000,0.022,-0.056690,-0.056690,4.321,7.00,0.165502,-0.110343,-0.001745,0.168778,-0.034,0.038,-2.186,-9.904,0.348,3.126458,-0.022083,-0.000647,0.000000,0.000000,0.000000,0.000000,0.000000,0.000000,0,0.00
11.240000,0.017,-0.137094,-0.137094,4.321,7.00,0.143284,-0.085869,-0.001767,0.224731,-0.033,0.091,-2.184,-9.884,0.348,3.119823,-0.017188,-0.000427,0.000000,0.000000,0.000000,0.000000,0.000000,0.000000,0,0.00
11.250000,0.012,-0.226780,-0.226780,4.321,7.00,0.115249,-0.058249,-0.001776,0.286805,-0.030,0.151,-2.182,-9.865,0.348,3.112502,-0.011661,-0.000209,0.000000,0.000000,0.000000,0.000000,0.000000,0.000000,0,0.00
11.260000,0.006,-0.300000,-0.300000,4.321,7.00,0.081050,-0.027620,-0.001779,0.454869,-0.027,0.200,-2.180,-9.846,0.348,3.104526,-0.005529,-0.000019,0.000000,0.000000,0.000000,0.000000,0.000000,0.000000,0,0.00
11.270000,-0.001,-0.300000,-0.300000,4.321,7.00,0.042949,0.004049,-0.001778,0.496621,-0.022,0.200,-2.178,-9.826,0.348,3.096411,0.000816,0.000111,0.000000,0.000000,0.000000,0.000000,0.000000,0.000000,0,0.00
11.280000,-0.006,-0.300000,-0.300000,4.321,7.00,0.008662,0.031177,-0.001767,0.515703,-0.017,0.200,-2.176,-9.807,0.348,3.089622,0.006252,0.000160,0.000000,0.000000,0.000000,0.000000,0.000000,0.000000,0,0.00
11.290000,-0.011,-0.300000,-0.300000,4.321,7.00,-0.022214,0.054252,-0.001755,0.520732,-0.012,0.200,-2.174,-9.788,0.348,3.084002,0.010877,0.000139,0.000000,0.000000,0.000000,0.000000,0.000000,0.000000,0,0.00
11.300000,-0.015,-0.300000,-0.300000,4.321,7.00,-0.049990,0.073684,-0.001743,0.486843,-0.006,0.200,-2.172,-9.768,0.348,3.079419,0.014770,0.000066,0.000000,0.000000,0.000000,0.000000,0.000000,0.000000,0,0.00
11.310000,-0.018,-0.300000,-0.300000,4.321,7.00,-0.074990,0.089819,-0.001733,0.373931,0.001,0.200,-2.170,-9.749,0.348,3.075761,0.018001,-0.000042,0.000000,0.000000,0.000000,0.000000,0.000000,0.000000,0,0.00
11.320000,-0.021,-0.300000,-0.300000,4.321,7.00,-0.097491,0.102964,-0.001723,0.370143,0.006,0.200,-2.169,-9.730,0.348,3.072925,0.020631,-0.000167,0.000000,0.000000,0.000000,0.000000,0.000000,0.000000,0,0.00
11.330000,-0.023,-0.300000,-0.300000,4.321,7.00,-0.117742,0.113361,-0.001686,0.339594,0.011,0.200,-2.167,-9.710,0.348,3.070829,0.022710,-0.000299,0.000000,0.000000,0.000000,0.000000,0.000000,0.000000,0,0.00
11.340000,-0.024,-0.300000,-0.300000,4.321,7.00,-0.135967,0.121227,-0.001673,0.318682,0.015,0.200,-2.166,-9.691,0.348,3.069398,0.024280,-0.000428,0.000000,0.000000,0.000000,0.000000,0.000000,0.000000,0,0.00
11.350000,-0.025,-0.300000,-0.300000,4.321,7.00,-0.152370,0.126756,-0.001641,0.254860,0.018,0.200,-2.164,-9.672,0.348,3.068566,0.025382,-0.000548,0.000000,0.000000,0.000000,0.000000,0.000000,0.000000,0,0.00
11.360000,-0.026,-0.300000,-0.300000,4.321,7.00,-0.167133,0.130119,-0.001621,0.178495,0.021,0.200,-2.163,-9.652,0.348,3.068271,0.026049,-0.000652,0.000000,0.000000,0.000000,0.000000,0.000000,0.000000,0,0.00
11.370000,-0.026,-0.228527,-0.228527,4.321,7.00,-0.180420,0.131468,-0.001595,0.098653,0.023,0.152,-2.162,-9.633,0.348,3.068461,0.026313,-0.000739,0.000000,0.000000,0.000000,0.000000,0.000000,0.000000,0,0.00
11.380000,-0.025,-0.186734,-0.186734,4.321,7.00,-0.185233,0.125784,-0.001565,0.062516,0.024,0.124,-2.161,-9.614,0.348,3.070427,0.025170,-0.000752,0.000000,0.000000,0.000000,0.000000,0.000000,0.000000,0,0.00
11.390000,-0.023,-0.084266,-0.084266,4.321,7.00,-0.185384,0.116185,-0.001550,-0.030369,0.025,0.056,-2.160,-9.594,0.348,3.073317,0.023245,-0.000712,0.000000,0.000000,0.000000,0.000000,0.000000,0.000000,0,0.00
11.400000,-0.020,0.061596,0.061596,4.321,7.00,-0.176276,0.099553,-0.001541,-0.159608,0.026,0.041,-2.160,-9.575,0.348,3.077920,0.019914,-0.000596,0.000000,0.000000,0.000000,0.000000,0.000000,0.000000,0,0.00
11.410000,-0.015,0.154302,0.154302,4.321,7.00,-0.158102,0.076518,-0.001521,-0.229299,0.026,0.103,-2.160,-9.555,0.348,3.084039,0.015305,-0.000418,0.000000,0.000000,0.000000,0.000000,0.000000,0.000000,0,0.00
11.420000,-0.010,0.259176,0.259176,4.321,7.00,-0.131022,0.047722,-0.001509,-0.305390,0.025,0.173,-2.160,-9.536,0.348,3.091480,0.009546,-0.000209,0.000000,0.000000,0.000000,0.000000,0.000000,0.000000,0,0.00
11.430000,-0.003,0.300000,0.300000,4.321,7.00,-0.095167,0.013801,-0.001506,-0.395657,0.023,0.200,-2.161,-9.516,0.348,3.100061,0.002762,-0.000011,0.000000,0.000000,0.000000,0.000000,0.000000,0.000000,0,0.00
11.440000,0.004,0.300000,0.300000,4.321,7.00,-0.055655,-0.021041,-0.001508,-0.561308,0.020,0.200,-2.161,-9.497,0.348,3.108690,-0.004206,0.000123,0.000000,0.000000,0.000000,0.000000,0.000000,0.000000,0,0.00
11.450000,0.010,0.300000,0.300000,4.321,7.00,-0.020093,-0.051139,-0.001514,-0.619749,0.015,0.200,-2.162,-9.477,0.348,3.115928,-0.010227,0.000170,0.000000,0.000000,0.000000,0.000000,0.000000,0.000000,0,0.00
11.460000,0.015,0.300000,0.300000,4.321,7.00,0.011925,-0.077009,-0.001535,-0.622710,0.010,0.200,-2.162,-9.458,0.348,3.121950,-0.015403,0.000139,0.000000,0.000000,0.000000,0.000000,0.000000,0.000000,0,0.00
11.470000,0.020,0.300000,0.300000,4.321,7.00,0.040728,-0.099060,-0.001559,-0.611070,0.003,0.200,-2.163,-9.439,0.348,3.126891,-0.019815,0.000049,0.000000,0.000000,0.000000,0.000000,0.000000,0.000000,0,0.00
11.480000,0.024,0.300000,0.300000,4.321,7.00,0.066654,-0.117648,-0.001588,-0.552242,-0.004,0.200,-2.163,-9.419,0.348,3.130870,-0.023534,-0.000081,0.000000,0.000000,0.000000,0.000000,0.000000,0.000000,0,0.00
11.490000,0.027,0.300000,0.300000,4.321,7.00,0.089988,-0.133079,-0.001613,-0.392335,-0.010,0.200,-2.163,-9.400,0.348,3.133990,-0.026621,-0.000233,0.000000,0.000000,0.000000,0.000000,0.000000,0.000000,0,0.00
11.500000,0.029,0.300000,0.300000,4.321,7.00,0.110989,-0.145619,-0.001637,-0.266861,-0.015,0.200,-2.163,-9.380,0.348,3.136340,-0.029130,-0.000395,0.000000,0.000000,0.000000,0.000000,0.000000,0.000000,0,0.00
11.510000,0.031,0.300000,0.300000,4.321,7.00,0.129890,-0.155499,-0.001699,-0.223979,-0.020,0.200,-2.163,-9.361,0.348,3.138000,-0.031107,-0.000555,0.000000,0.000000,0.000000,0.000000,0.000000,0.000000,0,0.00
11.520000,0.033,0.300000,0.300000,4.321,7.00,0.146901,-0.162923,-0.001724,-0.195330,-0.024,0.200,-2.163,-9.342,0.348,3.139040,-0.032592,-0.000706,0.000000,0.000000,0.000000,0.000000,0.000000,0.000000,0,0.00
11.530000,0.034,0.300000,0.300000,4.321,7.00,0.162211,-0.168071,-0.001752,-0.168352,-0.027,0.200,-2.162,-9.322,0.348,3.139520,-0.033622,-0.000843,0.000000,0.000000,0.000000,0.000000,0.000000,0.000000,0,0.00
11.540000,0.034,0.294725,0.294725,4.321,7.00,0.175990,-0.171102,-0.001803,-0.121821,-0.029,0.196,-2.162,-9.303,0.348,3.139498,-0.034229,-0.000961,0.000000,0.000000,0.000000,0.000000,0.000000,0.000000,0,0.00
11.550000,0.034,0.249088,0.249088,4.321,7.00,0.187864,-0.171761,-0.001845,-0.075482,-0.031,0.166,-2.162,-9.284,0.348,3.138923,-0.034362,-0.001055,0.000000,0.000000,0.000000,0.000000,0.000000,0.000000,0,0.00
11.560000,0.033,0.218490,0.218490,4.321,7.00,0.193987,-0.167205,-0.001892,-0.049393,-0.033,0.146,-2.161,-9.264,0.349,3.137103,-0.033452,-0.001078,0.000000,0.000000,0.000000,0.000000,0.000000,0.000000,0,0.00
11.570000,0.032,0.155751,0.155751,4.321,7.00,0.196438,-0.159233,-0.001927,0.005409,-0.034,0.104,-2.160,-9.245,0.349,3.134517,-0.031860,-0.001052,0.000000,0.000000,0.000000,0.000000,0.000000,0.000000,0,0.00
11.580000,0.029,0.073720,0.073720,4.321,7.00,0.192371,-0.145848,-0.001953,0.074080,-0.034,0.049,-2.159,-9.225,0.348,3.130686,-0.029186,-0.000955,0.000000,0.000000,0.000000,0.000000,0.000000,0.000000,0,0.00
11.590000,0.025,0.001457,0.001457,4.321,7.00,0.180508,-0.126434,-0.001987,0.126964,-0.034,0.001,-2.158,-9.206,0.348,3.125484,-0.025305,-0.000783,0.000000,0.000000,0.000000,0.000000,0.000000,0.000000,0,0.00
11.600000,0.021,-0.144035,-0.144035,4.321,7.00,0.162604,-0.102760,-0.002000,0.248795,-0.033,0.096,-2.157,-9.187,0.348,3.119376,-0.020571,-0.000569,0.000000,0.000000,0.000000,0.000000,0.000000,0.000000,0,0.00
11.610000,0.014,-0.234579,-0.234579,4.321,7.00,0.133886,-0.071623,-0.002020,0.308222,-0.032,0.156,-2.155,-9.167,0.348,3.111578,-0.014341,-0.000309,0.000000,0.000000,0.000000,0.000000,0.000000,0.000000,0,0.00
11.620000,0.007,-0.300000,-0.300000,4.321,7.00,0.097044,-0.035731,-0.002026,0.432374,-0.029,0.200,-2.153,-9.148,0.348,3.102788,-0.007154,-0.000065,0.000000,0.000000,0.000000,0.000000,0.000000,0.000000,0,0.00
11.630000,-0.000,-0.300000,-0.300000,4.321,7.00,0.057344,0.000498,-0.002026,0.467101,-0.025,0.200,-2.151,-9.129,0.348,3.094112,0.000105,0.000103,0.000000,0.000000,0.000000,0.000000,0.000000,0.000000,0,0.00
11.640000,-0.006,-0.300000,-0.300000,4.321,7.00,0.021614,0.031883,-0.002022,0.597777,-0.021,0.200,-2.149,-9.109,0.348,3.086829,0.006395,0.000170,0.000000,0.000000,0.000000,0.000000,0.000000,0.000000,0,0.00
11.650000,-0.012,-0.300000,-0.300000,4.321,7.00,-0.010558,0.058951,-0.002006,0.540975,-0.014,0.200,-2.147,-9.090,0.348,3.080772,0.011822,0.000152,0.000000,0.000000,0.000000,0.000000,0.000000,0.000000,0,0.00
11.660000,-0.016,-0.300000,-0.300000,4.321,7.00,-0.039496,0.082143,-0.001994,0.573499,-0.007,0.200,-2.145,-9.071,0.348,3.075799,0.016470,0.000073,0.000000,0.000000,0.000000,0.000000,0.000000,0.000000,0,0.00
11.670000,-0.020,-0.300000,-0.300000,4.321,7.00,-0.065545,0.101834,-0.001956,0.460221,0.000,0.200,-2.143,-9.051,0.348,3.071792,0.020415,-0.000048,0.000000,0.000000,0.000000,0.000000,0.000000,0.000000,0,0.00
11.680000,-0.024,-0.300000,-0.300000,4.321,7.00,-0.088990,0.118346,-0.001927,0.418561,0.006,0.200,-2.142,-9.032,0.348,3.068645,0.023720,-0.000192,0.000000,0.000000,0.000000,0.000000,0.000000,0.000000,0,0.00
11.690000,-0.026,-0.300000,-0.300000,4.321,7.00,-0.110091,0.131956,-0.001906,0.297562,0.012,0.200,-2.140,-9.013,0.348,3.066268,0.026443,-0.000348,0.000000,0.000000,0.000000,0.000000,0.000000,0.000000,0,0.00
11.700000,-0.029,-0.300000,-0.300000,4.321,7.00,-0.129081,0.142891,-0.001891,0.302395,0.016,0.200,-2.139,-8.993,0.348,3.064584,0.028628,-0.000503,0.000000,0.000000,0.000000,0.000000,0.000000,0.000000,0,0.00
11.710000,-0.030,-0.300000,-0.300000,4.321,7.00,-0.146173,0.151359,-0.001856,0.223268,0.020,0.200,-2.138,-8.974,0.348,3.063523,0.030318,-0.000651,0.000000,0.000000,0.000000,0.000000,0.000000,0.000000,0,0.00
11.720000,-0.032,-0.300000,-0.300000,4.321,7.00,-0.161556,0.157545,-0.001822,0.207434,0.024,0.200,-2.136,-8.955,0.348,3.063022,0.031550,-0.000787,0.000000,0.000000,0.000000,0.000000,0.000000,0.000000,0,0.00
11.730000,-0.032,-0.300000,-0.300000,4.321,7.00,-0.175400,0.161611,-0.001807,0.193514,0.026,0.200,-2.135,-8.935,0.348,3.063026,0.032357,-0.000905,0.000000,0.000000,0.000000,0.000000,0.000000,0.000000,0,0.00
11.740000,-0.033,-0.300000,-0.300000,4.321,7.00,-0.187860,0.163703,-0.001765,0.142754,0.029,0.200,-2.134,-8.916,0.348,3.063484,0.032768,-0.001004,0.000000,0.000000,0.000000,0.000000,0.000000,0.000000,0,0.00
11.750000,-0.033,-0.237928,-0.237928,4.321,7.00,-0.199074,0.163945,-0.001742,0.075725,0.030,0.159,-2.133,-8.897,0.349,3.064353,0.032809,-0.001084,0.000000,0.000000,0.000000,0.000000,0.000000,0.000000,0,0.00
11.760000,-0.032,-0.193094,-0.193094,4.321,7.00,-0.202961,0.157848,-0.001703,0.036950,0.032,0.129,-2.132,-8.877,0.349,3.066757,0.031582,-0.001083,0.000000,0.000000,0.000000,0.000000,0.000000,0.000000,0,0.00
11.770000,-0.030,-0.142205,-0.142205,4.321,7.00,-0.201975,0.147573,-0.001660,-0.003708,0.032,0.095,-2.132,-8.858,0.349,3.070119,0.029521,-0.001023,0.000000,0.000000,0.000000,0.000000,0.000000,0.000000,0,0.00
11.780000,-0.027,0.009942,0.009942,4.321,7.00,-0.195999,0.133285,-0.001649,-0.141578,0.033,0.007,-2.131,-8.838,0.348,3.074383,0.026659,-0.000909,0.000000,0.000000,0.000000,0.000000,0.000000,0.000000,0,0.00
11.790000,-0.022,0.107273,0.107273,4.321,7.00,-0.177390,0.109641,-0.001624,-0.215289,0.033,0.072,-2.131,-8.819,0.348,3.080898,0.021928,-0.000696,0.000000,0.000000,0.000000,0.000000,0.000000,0.000000,0,0.00
11.800000,-0.016,0.222927,0.222927,4.321,7.00,-0.148927,0.079496,-0.001606,-0.300817,0.032,0.149,-2.132,-8.799,0.348,3.088910,0.015899,-0.000431,0.000000,0.000000,0.000000,0.000000,0.000000,0.000000,0,0.00
11.810000,-0.009,0.281238,0.281238,4.321,7.00,-0.111746,0.044371,-0.001581,-0.324029,0.030,0.187,-2.132,-8.780,0.348,3.098026,0.008876,-0.000165,0.000000,0.000000,0.000000,0.000000,0.000000,0.000000,0,0.00
11.820000,-0.002,0.300000,0.300000,4.321,7.00,-0.072451,0.009623,-0.001579,-0.405637,0.027,0.200,-2.133,-8.761,0.348,3.106874,0.001927,0.000036,0.000000,0.000000,0.000000,0.000000,0.000000,0.000000,0,0.00
11.830000,0.004,0.300000,0.300000,4.321,7.00,-0.035210,-0.021647,-0.001582,-0.424927,0.022,0.200,-2.134,-8.741,0.348,3.114679,-0.004327,0.000146,0.000000,0.000000,0.000000,0.000000,0.000000,0.000000,0,0.00
11.840000,0.010,0.300000,0.300000,4.321,7.00,-0.001736,-0.048388,-0.001589,-0.480536,0.016,0.200,-2.134,-8.722,0.348,3.121197,-0.009676,0.000169,0.000000,0.000000,0.000000,0.000000,0.000000,0.000000,0,0.00
11.850000,0.014,0.300000,0.300000,4.321,7.00,0.028488,-0.071092,-0.001608,-0.450063,0.009,0.200,-2.135,-8.702,0.348,3.126584,-0.014219,0.000123,0.000000,0.000000,0.000000,0.000000,0.000000,0.000000,0,0.00
11.860000,0.018,0.300000,0.300000,4.321,7.00,0.055637,-0.090132,-0.001635,-0.451733,0.002,0.200,-2.135,-8.683,0.348,3.130959,-0.018028,0.000029,0.000000,0.000000,0.000000,0.000000,0.000000,0.000000,0,0.00
11.870000,0.021,0.300000,0.300000,4.321,7.00,0.080072,-0.105853,-0.001661,-0.388534,-0.004,0.200,-2.136,-8.663,0.348,3.134434,-0.021173,-0.000095,0.000000,0.000000,0.000000,0.000000,0.000000,0.000000,0,0.00
11.880000,0.024,0.300000,0.300000,4.321,7.00,0.102064,-0.118546,-0.001683,-0.302531,-0.010,0.200,-2.136,-8.644,0.348,3.137102,-0.023713,-0.000233,0.000000,0.000000,0.000000,0.000000,0.000000,0.000000,0,0.00
11.890000,0.026,0.300000,0.300000,4.321,7.00,0.121858,-0.128467,-0.001702,-0.222913,-0.014,0.200,-2.136,-8.625,0.348,3.139048,-0.025697,-0.000375,0.000000,0.000000,0.000000,0.000000,0.000000,0.000000,0,0.00
11.900000,0.027,0.300000,0.300000,4.321,7.00,0.139672,-0.135835,-0.001751,-0.181927,-0.018,0.200,-2.136,-8.605,0.348,3.140344,-0.027171,-0.000510,0.000000,0.000000,0.000000,0.000000,0.000000,0.000000,0,0.00
11.910000,0.028,0.300000,0.300000,4.321,7.00,0.155704,-0.140847,-0.001770,-0.165186,-0.021,0.200,-2.136,-8.586,0.348,3.141056,-0.028173,-0.000634,0.000000,0.000000,0.000000,0.000000,0.000000,0.000000,0,0.00
11.920000,0.029,0.276790,0.276790,4.321,7.00,0.170134,-0.143674,-0.001808,-0.131308,-0.024,0.185,-2.136,-8.567,0.348,3.141242,-0.028739,-0.000742,0.000000,0.000000,0.000000,0.000000,0.000000,0.000000,0,0.00
11.930000,0.029,0.231018,0.231018,4.321,7.00,0.180800,-0.142813,-0.001854,-0.086351,-0.026,0.154,-2.135,-8.547,0.348,3.140519,-0.028567,-0.000812,0.000000,0.000000,0.000000,0.000000,0.000000,0.000000,0,0.00
11.940000,0.027,0.147340,0.147340,4.321,7.00,0.185823,-0.137069,-0.001869,-0.008402,-0.027,0.098,-2.135,-8.528,0.348,3.138595,-0.027420,-0.000823,0.000000,0.000000,0.000000,0.000000,0.000000,0.000000,0,0.00
11.950000,0.025,0.094110,0.094110,4.321,7.00,0.181977,-0.124392,-0.001906,0.032188,-0.028,0.063,-2.134,-8.508,0.348,3.134951,-0.024886,-0.000752,0.000000,0.000000,0.000000,0.000000,0.000000,0.000000,0,0.00
11.960000,0.022,0.004846,0.004846,4.321,7.00,0.173191,-0.108090,-0.001929,0.105172,-0.029,0.003,-2.133,-8.489,0.348,3.130475,-0.021628,-0.000630,0.000000,0.000000,0.000000,0.000000,0.000000,0.000000,0,0.00
11.970000,0.017,-0.079716,-0.079716,4.321,7.00,0.156359,-0.086242,-0.001950,0.167908,-0.029,0.053,-2.132,-8.470,0.348,3.124667,-0.017259,-0.000456,0.000000,0.000000,0.000000,0.000000,0.000000,0.000000,0,0.00
11.980000,0.012,-0.290401,-0.290401,4.321,7.00,0.132754,-0.060260,-0.001956,0.352617,-0.027,0.194,-2.130,-8.450,0.348,3.117908,-0.012062,-0.000259,0.000000,0.000000,0.000000,0.000000,0.000000,0.000000,0,0.00
11.990000,0.006,-0.300000,-0.300000,4.321,7.00,0.099594,-0.028631,-0.001962,0.407879,-0.025,0.200,-2.128,-8.431,0.348,3.109798,-0.005731,-0.000059,0.000000,0.000000,0.000000,0.000000,0.000000,0.000000,0,0.00
12.000000,-0.001,-0.300000,-0.300000,4.321,7.00,0.059640,0.006091,-0.001961,0.500167,-0.022,0.200,-2.126,-8.411,0.348,3.101012,0.001223,0.000096,0.000000,0.000000,0.000000,0.000000,0.000000,0.000000,0,0.00
12.010000,-0.007,-0.300000,-0.300000,4.321,7.00,0.023680,0.035989,-0.001956,0.599068,-0.017,0.200,-2.124,-8.392,0.348,3.093636,0.007214,0.000166,0.000000,0.000000,0.000000,0.000000,0.000000,0.000000,0,0.00
12.020000,-0.012,-0.300000,-0.300000,4.321,7.00,-0.008698,0.061596,-0.001933,0.587258,-0.012,0.200,-2.122,-8.373,0.348,3.087496,0.012346,0.000157,0.000000,0.000000,0.000000,0.000000,0.000000,0.000000,0,0.00
12.030000,-0.017,-0.300000,-0.300000,4.321,7.00,-0.037821,0.083355,-0.001923,0.510945,-0.006,0.200,-2.120,-8.353,0.348,3.082452,0.016706,0.000088,0.000000,0.000000,0.000000,0.000000,0.000000,0.000000,0,0.00
12.040000,-0.020,-0.300000,-0.300000,4.321,7.00,-0.064038,0.101639,-0.001893,0.462041,0.001,0.200,-2.118,-8.334,0.348,3.078382,0.020368,-0.000023,0.000000,0.000000,0.000000,0.000000,0.000000,0.000000,0,0.00
12.050000,-0.023,-0.300000,-0.300000,4.321,7.00,-0.087633,0.116772,-0.001858,0.374426,0.007,0.200,-2.117,-8.315,0.348,3.075179,0.023398,-0.000160,0.000000,0.000000,0.000000,0.000000,0.000000,0.000000,0,0.00
12.060000,-0.026,-0.300000,-0.300000,4.321,7.00,-0.108870,0.129020,-0.001828,0.260073,0.012,0.200,-2.115,-8.296,0.348,3.072753,0.025847,-0.000307,0.000000,0.000000,0.000000,0.000000,0.000000,0.000000,0,0.00
12.070000,-0.028,-0.300000,-0.300000,4.321,7.00,-0.127983,0.138609,-0.001807,0.255923,0.017,0.200,-2.114,-8.276,0.348,3.071025,0.027762,-0.000454,0.000000,0.000000,0.000000,0.000000,0.000000,0.000000,0,0.00
12.080000,-0.029,-0.300000,-0.300000,4.321,7.00,-0.145184,0.145742,-0.001763,0.160902,0.020,0.200,-2.112,-8.257,0.348,3.069925,0.029185,-0.000594,0.000000,0.000000,0.000000,0.000000,0.000000,0.000000,0,0.00
12.090000,-0.030,-0.282687,-0.282687,4.321,7.00,-0.160666,0.150600,-0.001726,0.133812,0.023,0.188,-2.111,-8.238,0.348,3.069391,0.030151,-0.000721,0.000000,0.000000,0.000000,0.000000,0.000000,0.000000,0,0.00
12.100000,-0.030,-0.260345,-0.260345,4.321,7.00,-0.172868,0.152099,-0.001709,0.109955,0.026,0.174,-2.110,-8.218,0.348,3.069688,0.030444,-0.000817,0.000000,0.000000,0.000000,0.000000,0.000000,0.000000,0,0.00
12.110000,-0.030,-0.220687,-0.220687,4.321,7.00,-0.181617,0.150222,-0.001665,0.072131,0.028,0.147,-2.109,-8.199,0.348,3.070801,0.030063,-0.000871,0.000000,0.000000,0.000000,0.000000,0.000000,0.000000,0,0.00
12.120000,-0.029,-0.151183,-0.151183,4.321,7.00,-0.185525,0.144088,-0.001641,0.008736,0.029,0.101,-2.108,-8.179,0.348,3.072938,0.028830,-0.000871,0.000000,0.000000,0.000000,0.000000,0.000000,0.000000,0,0.00
12.130000,-0.026,-0.089563,-0.089563,4.321,7.00,-0.182093,0.132080,-0.001612,-0.040904,0.030,0.060,-2.108,-8.160,0.348,3.076494,0.026423,-0.000798,0.000000,0.000000,0.000000,0.000000,0.000000,0.000000,0,0.00
12.140000,-0.023,-0.017835,-0.017835,4.321,7.00,-0.172841,0.115673,-0.001583,-0.096255,0.030,0.012,-2.107,-8.141,0.348,3.081058,0.023139,-0.000669,0.000000,0.000000,0.000000,0.000000,0.000000,0.000000,0,0.00
12.150000,-0.019,0.131310,0.131310,4.321,7.00,-0.157342,0.094862,-0.001573,-0.224600,0.030,0.088,-2.107,-8.121,0.348,3.086611,0.018975,-0.000495,0.000000,0.000000,0.000000,0.000000,0.000000,0.000000,0,0.00
12.160000,-0.014,0.219305,0.219305,4.321,7.00,-0.132781,0.067961,-0.001555,-0.285711,0.029,0.146,-2.108,-8.102,0.348,3.093571,0.013595,-0.000283,0.000000,0.000000,0.000000,0.000000,0.000000,0.000000,0,0.00
12.170000,-0.007,0.300000,0.300000,4.321,7.00,-0.099283,0.035600,-0.001545,-0.340400,0.026,0.200,-2.108,-8.082,0.348,3.101749,0.007123,-0.000069,0.000000,0.000000,0.000000,0.000000,0.000000,0.000000,0,0.00
12.180000,-0.000,0.300000,0.300000,4.321,7.00,-0.059360,0.000126,-0.001545,-0.414719,0.023,0.200,-2.109,-8.063,0.348,3.110528,0.000028,0.000097,0.000000,0.000000,0.000000,0.000000,0.000000,0.000000,0,0.00
12.190000,0.006,0.300000,0.300000,4.321,7.00,-0.023428,-0.030593,-0.001549,-0.561233,0.019,0.200,-2.109,-8.043,0.348,3.117895,-0.006116,0.000169,0.000000,0.000000,0.000000,0.000000,0.000000,0.000000,0,0.00
12.200000,0.011,0.300000,0.300000,4.321,7.00,0.008925,-0.057077,-0.001556,-0.579532,0.014,0.200,-2.110,-8.024,0.348,3.124028,-0.011415,0.000160,0.000000,0.000000,0.000000,0.000000,0.000000,0.000000,0,0.00
12.210000,0.016,0.300000,0.300000,4.321,7.00,0.038026,-0.079754,-0.001579,-0.563349,0.007,0.200,-2.110,-8.005,0.348,3.129069,-0.015952,0.000088,0.000000,0.000000,0.000000,0.000000,0.000000,0.000000,0,0.00
12.220000,0.020,0.300000,0.300000,4.321,7.00,0.064222,-0.098984,-0.001603,-0.536531,0.000,0.200,-2.110,-7.985,0.348,3.133136,-0.019799,-0.000025,0.000000,0.000000,0.000000,0.000000,0.000000,0.000000,0,0.00
12.230000,0.023,0.300000,0.300000,4.321,7.00,0.087800,-0.115077,-0.001614,-0.535302,-0.006,0.200,-2.111,-7.966,0.348,3.136334,-0.023019,-0.000165,0.000000,0.000000,0.000000,0.000000,0.000000,0.000000,0,0.00
12.240000,0.026,0.300000,0.300000,4.321,7.00,0.109019,-0.128305,-0.001644,-0.382577,-0.011,0.200,-2.111,-7.946,0.348,3.138755,-0.025665,-0.000315,0.000000,0.000000,0.000000,0.000000,0.000000,0.000000,0,0.00
12.250000,0.028,0.300000,0.300000,4.321,7.00,0.128117,-0.138901,-0.001671,-0.279095,-0.016,0.200,-2.110,-7.927,0.348,3.140477,-0.027784,-0.000467,0.000000,0.000000,0.000000,0.000000,0.000000,0.000000,0,0.00
12.260000,0.029,0.300000,0.300000,4.321,7.00,0.145306,-0.147073,-0.001705,-0.252351,-0.020,0.200,-2.110,-7.908,0.348,3.141573,-0.029419,-0.000612,0.000000,0.000000,0.000000,0.000000,0.000000,0.000000,0,0.00
12.270000,0.031,0.300000,0.300000,4.321,7.00,0.160775,-0.153004,-0.001743,-0.216615,-0.023,0.200,-2.110,-7.888,0.348,-3.141082,-0.030605,-0.000744,0.000000,0.000000,0.000000,0.000000,0.000000,0.000000,0,0.00
12.280000,0.031,0.286139,0.286139,4.321,7.00,0.174698,-0.156853,-0.001763,-0.127523,-0.026,0.191,-2.110,-7.869,0.348,-3.141059,-0.031375,-0.000860,0.000000,0.000000,0.000000,0.000000,0.000000,0.000000,0,0.00
12.290000,0.032,0.252612,0.252612,4.321,7.00,0.185842,-0.157725,-0.001810,-0.093076,-0.028,0.168,-2.109,-7.849,0.348,3.141431,-0.031550,-0.000946,0.000000,0.000000,0.000000,0.000000,0.000000,0.000000,0,0.00
12.300000,0.031,0.207094,0.207094,4.321,7.00,0.192520,-0.154440,-0.001853,-0.050801,-0.029,0.138,-2.109,-7.830,0.349,3.139745,-0.030895,-0.000977,0.000000,0.000000,0.000000,0.000000,0.000000,0.000000,0,0.00
12.310000,0.029,0.154461,0.154461,4.321,7.00,0.193979,-0.146604,-0.001886,-0.005971,-0.031,0.103,-2.108,-7.811,0.349,3.136993,-0.029330,-0.000950,0.000000,0.000000,0.000000,0.000000,0.000000,0.000000,0,0.00
12.320000,0.027,0.081977,0.081977,4.321,7.00,0.190028,-0.134303,-0.001910,0.054235,-0.031,0.055,-2.107,-7.791,0.348,3.133224,-0.026872,-0.000864,0.000000,0.000000,0.000000,0.000000,0.000000,0.000000,0,0.00
12.330000,0.023,-0.063674,-0.063674,4.321,7.00,0.179225,-0.116741,-0.001922,0.182337,-0.032,0.042,-2.106,-7.772,0.348,3.128260,-0.023362,-0.000715,0.000000,0.000000,0.000000,0.000000,0.000000,0.000000,0,0.00
12.340000,0.018,-0.155260,-0.155260,4.321,7.00,0.157614,-0.091332,-0.001945,0.248537,-0.031,0.104,-2.104,-7.752,0.348,3.121479,-0.018281,-0.000494,0.000000,0.000000,0.000000,0.000000,0.000000,0.000000,0,0.00
12.350000,0.012,-0.221415,-0.221415,4.321,7.00,0.126330,-0.059603,-0.001974,0.282991,-0.029,0.148,-2.102,-7.733,0.348,3.113292,-0.011932,-0.000243,0.000000,0.000000,0.000000,0.000000,0.000000,0.000000,0,0.00
12.360000,0.005,-0.300000,-0.300000,4.321,7.00,0.091558,-0.026783,-0.001977,0.461701,-0.027,0.200,-2.100,-7.714,0.348,3.105018,-0.005361,-0.000030,0.000000,0.000000,0.000000,0.000000,0.000000,0.000000,0,0.00
12.370000,-0.002,-0.300000,-0.300000,4.321,7.00,0.052407,0.007571,-0.001976,0.630782,-0.023,0.200,-2.098,-7.694,0.348,3.096533,0.001521,0.000117,0.000000,0.000000,0.000000,0.000000,0.000000,0.000000,0,0.00
12.380000,-0.007,-0.300000,-0.300000,4.321,7.00,0.017171,0.037104,-0.001971,0.671627,-0.018,0.200,-2.096,-7.675,0.348,3.089418,0.007440,0.000173,0.000000,0.000000,0.000000,0.000000,0.000000,0.000000,0,0.00
12.390000,-0.012,-0.300000,-0.300000,4.321,7.00,-0.014555,0.062330,-0.001956,0.674524,-0.012,0.200,-2.094,-7.656,0.348,3.083509,0.012496,0.000152,0.000000,0.000000,0.000000,0.000000,0.000000,0.000000,0,0.00
12.400000,-0.017,-0.300000,-0.300000,4.321,7.00,-0.043095,0.083679,-0.001936,0.690759,-0.005,0.200,-2.092,-7.636,0.348,3.078668,0.016774,0.000074,0.000000,0.000000,0.000000,0.000000,0.000000,0.000000,0,0.00
12.410000,-0.020,-0.300000,-0.300000,4.321,7.00,-0.068785,0.101517,-0.001912,0.537430,0.002,0.200,-2.091,-7.617,0.348,3.074779,0.020347,-0.000042,0.000000,0.000000,0.000000,0.000000,0.000000,0.000000,0,0.00
12.420000,-0.023,-0.300000,-0.300000,4.321,7.00,-0.091906,0.116165,-0.001897,0.395260,0.007,0.200,-2.089,-7.598,0.348,3.071738,0.023279,-0.000179,0.000000,0.000000,0.000000,0.000000,0.000000,0.000000,0,0.00
12.430000,-0.026,-0.300000,-0.300000,4.321,7.00,-0.112715,0.127885,-0.001878,0.295968,0.012,0.200,-2.087,-7.578,0.348,3.069456,0.025623,-0.000324,0.000000,0.000000,0.000000,0.000000,0.000000,0.000000,0,0.00
12.440000,-0.027,-0.300000,-0.300000,4.321,7.00,-0.131443,0.136906,-0.001838,0.248201,0.017,0.200,-2.086,-7.559,0.348,3.067858,0.027425,-0.000467,0.000000,0.000000,0.000000,0.000000,0.000000,0.000000,0,0.00
12.450000,-0.029,-0.300000,-0.300000,4.321,7.00,-0.148299,0.143433,-0.001804,0.208012,0.020,0.200,-2.085,-7.540,0.348,3.066875,0.028726,-0.000601,0.000000,0.000000,0.000000,0.000000,0.000000,0.000000,0,0.00
12.460000,-0.030,-0.300000,-0.300000,4.321,7.00,-0.163469,0.147646,-0.001770,0.171715,0.023,0.200,-2.083,-7.520,0.348,3.066444,0.029563,-0.000721,0.000000,0.000000,0.000000,0.000000,0.000000,0.000000,0,0.00
12.470000,-0.030,-0.259498,-0.259498,4.321,7.00,-0.177122,0.149708,-0.001753,0.111543,0.026,0.173,-2.082,-7.501,0.348,3.066512,0.029969,-0.000822,0.000000,0.000000,0.000000,0.000000,0.000000,0.000000,0,0.00
12.480000,-0.029,-0.192708,-0.192708,4.321,7.00,-0.185360,0.146759,-0.001731,0.047680,0.027,0.128,-2.081,-7.482,0.348,3.067786,0.029372,-0.000866,0.000000,0.000000,0.000000,0.000000,0.000000,0.000000,0,0.00
12.490000,-0.027,-0.121459,-0.121459,4.321,7.00,-0.186096,0.137484,-0.001712,-0.014313,0.029,0.081,-2.080,-7.462,0.348,3.070575,0.027511,-0.000833,0.000000,0.000000,0.000000,0.000000,0.000000,0.000000,0,0.00
12.500000,-0.024,-0.061538,-0.061538,4.321,7.00,-0.179634,0.122487,-0.001668,-0.059280,0.030,0.041,-2.080,-7.443,0.348,3.074701,0.024506,-0.000727,0.000000,0.000000,0.000000,0.000000,0.000000,0.000000,0,0.00
12.510000,-0.021,0.058874,0.058874,4.321,7.00,-0.167826,0.103547,-0.001654,-0.160767,0.030,0.039,-2.079,-7.424,0.348,3.079694,0.020715,-0.000575,0.000000,0.000000,0.000000,0.000000,0.000000,0.000000,0,0.00
12.520000,-0.015,0.269029,0.269029,4.321,7.00,-0.145158,0.076962,-0.001647,-0.344344,0.029,0.179,-2.079,-7.404,0.348,3.086492,0.015396,-0.000362,0.000000,0.000000,0.000000,0.000000,0.000000,0.000000,0,0.00
12.530000,-0.009,0.300000,0.300000,4.321,7.00,-0.110334,0.042510,-0.001631,-0.390833,0.027,0.200,-2.080,-7.385,0.348,3.095137,0.008506,-0.000121,0.000000,0.000000,0.000000,0.000000,0.000000,0.000000,0,0.00
12.540000,-0.001,0.300000,0.300000,4.321,7.00,-0.069306,0.005323,-0.001629,-0.447264,0.024,0.200,-2.080,-7.365,0.348,3.104311,0.001068,0.000071,0.000000,0.000000,0.000000,0.000000,0.000000,0.000000,0,0.00
12.550000,0.005,0.300000,0.300000,4.321,7.00,-0.032379,-0.026816,-0.001636,-0.503343,0.021,0.200,-2.081,-7.346,0.348,3.112025,-0.005361,0.000166,0.000000,0.000000,0.000000,0.000000,0.000000,0.000000,0,0.00
12.560000,0.011,0.300000,0.300000,4.321,7.00,0.000949,-0.054461,-0.001644,-0.528669,0.015,0.200,-2.081,-7.326,0.348,3.118464,-0.010891,0.000174,0.000000,0.000000,0.000000,0.000000,0.000000,0.000000,0,0.00
12.570000,0.016,0.300000,0.300000,4.321,7.00,0.030767,-0.078080,-0.001658,-0.444633,0.009,0.200,-2.082,-7.307,0.348,3.123775,-0.015617,0.000113,0.000000,0.000000,0.000000,0.000000,0.000000,0.000000,0,0.00
12.580000,0.020,0.300000,0.300000,4.321,7.00,0.057688,-0.098071,-0.001684,-0.434094,0.001,0.200,-2.082,-7.288,0.348,3.128084,-0.019617,0.000006,0.000000,0.000000,0.000000,0.000000,0.000000,0.000000,0,0.00
12.590000,0.023,0.300000,0.300000,4.321,7.00,0.081919,-0.114762,-0.001716,-0.372615,-0.005,0.200,-2.082,-7.268,0.348,3.131500,-0.022957,-0.000131,0.000000,0.000000,0.000000,0.000000,0.000000,0.000000,0,0.00
12.600000,0.026,0.300000,0.300000,4.321,7.00,0.103726,-0.128443,-0.001745,-0.329063,-0.011,0.200,-2.082,-7.249,0.348,3.134114,-0.025694,-0.000282,0.000000,0.000000,0.000000,0.000000,0.000000,0.000000,0,0.00
12.610000,0.028,0.300000,0.300000,4.321,7.00,0.123353,-0.139365,-0.001770,-0.251886,-0.016,0.200,-2.082,-7.229,0.348,3.136011,-0.027879,-0.000435,0.000000,0.000000,0.000000,0.000000,0.000000,0.000000,0,0.00
12.620000,0.030,0.300000,0.300000,4.321,7.00,0.141018,-0.147746,-0.001805,-0.186890,-0.020,0.200,-2.082,-7.210,0.348,3.137263,-0.029556,-0.000583,0.000000,0.000000,0.000000,0.000000,0.000000,0.000000,0,0.00
12.630000,0.031,0.300000,0.300000,4.321,7.00,0.156916,-0.153780,-0.001824,-0.168252,-0.023,0.200,-2.081,-7.191,0.348,3.137935,-0.030764,-0.000719,0.000000,0.000000,0.000000,0.000000,0.000000,0.000000,0,0.00
12.640000,0.032,0.300000,0.300000,4.321,7.00,0.171224,-0.157636,-0.001862,-0.141013,-0.026,0.200,-2.081,-7.171,0.348,3.138085,-0.031536,-0.000839,0.000000,0.000000,0.000000,0.000000,0.000000,0.000000,0,0.00
12.650000,0.032,0.268899,0.268899,4.321,7.00,0.184102,-0.159467,-0.001894,-0.107539,-0.028,0.179,-2.081,-7.152,0.348,3.137764,-0.031903,-0.000939,0.000000,0.000000,0.000000,0.000000,0.000000,0.000000,0,0.00
12.660000,0.031,0.223237,0.223237,4.321,7.00,0.192582,-0.157176,-0.001937,-0.064125,-0.030,0.149,-2.080,-7.132,0.349,3.136437,-0.031446,-0.000991,0.000000,0.000000,0.000000,0.000000,0.000000,0.000000,0,0.00
12.670000,0.030,0.148726,0.148726,4.321,7.00,0.195649,-0.150218,-0.001952,0.003443,-0.031,0.099,-2.079,-7.113,0.349,3.133981,-0.030056,-0.000983,0.000000,0.000000,0.000000,0.000000,0.000000,0.000000,0,0.00
12.680000,0.027,0.075017,0.075017,4.321,7.00,0.190958,-0.137169,-0.001989,0.064141,-0.032,0.050,-2.078,-7.094,0.348,3.130040,-0.027449,-0.000897,0.000000,0.000000,0.000000,0.000000,0.000000,0.000000,0,0.00
12.690000,0.024,-0.013846,-0.013846,4.321,7.00,0.179366,-0.119086,-0.002012,0.134944,-0.032,0.009,-2.077,-7.074,0.348,3.124909,-0.023835,-0.000746,0.000000,0.000000,0.000000,0.000000,0.000000,0.000000,0,0.00
12.700000,0.019,-0.105714,-0.105714,4.321,7.00,0.160047,-0.095803,-0.002035,0.203552,-0.031,0.070,-2.075,-7.055,0.348,3.118552,-0.019179,-0.000542,0.000000,0.000000,0.000000,0.000000,0.000000,0.000000,0,0.00
12.710000,0.014,-0.295168,-0.295168,4.321,7.00,0.133473,-0.068159,-0.002042,0.365368,-0.030,0.197,-2.073,-7.036,0.348,3.111196,-0.013648,-0.000314,0.000000,0.000000,0.000000,0.000000,0.000000,0.000000,0,0.00
12.720000,0.007,-0.300000,-0.300000,4.321,7.00,0.097319,-0.035001,-0.002051,0.402446,-0.027,0.200,-2.071,-7.016,0.348,3.102535,-0.007009,-0.000089,0.000000,0.000000,0.000000,0.000000,0.000000,0.000000,0,0.00
12.730000,0.000,-0.300000,-0.300000,4.321,7.00,0.057592,-0.001157,-0.002051,0.524878,-0.024,0.200,-2.069,-6.997,0.348,3.093845,-0.000228,0.000078,0.000000,0.000000,0.000000,0.000000,0.000000,0.000000,0,0.00
12.740000,-0.006,-0.300000,-0.300000,4.321,7.00,0.021836,0.027932,-0.002047,0.600492,-0.019,0.200,-2.067,-6.978,0.348,3.086550,0.005603,0.000155,0.000000,0.000000,0.000000,0.000000,0.000000,0.000000,0,0.00
12.750000,-0.011,-0.300000,-0.300000,4.321,7.00,-0.010356,0.052796,-0.002028,0.582019,-0.014,0.200,-2.064,-6.958,0.348,3.080483,0.010589,0.000154,0.000000,0.000000,0.000000,0.000000,0.000000,0.000000,0,0.00
12.760000,-0.015,-0.300000,-0.300000,4.321,7.00,-0.039315,0.073877,-0.002019,0.518863,-0.007,0.200,-2.062,-6.939,0.348,3.075502,0.014814,0.000092,0.000000,0.000000,0.000000,0.000000,0.000000,0.000000,0,0.00
12.770000,-0.018,-0.300000,-0.300000,4.321,7.00,-0.065382,0.091543,-0.002011,0.563865,-0.000,0.200,-2.061,-6.920,0.348,3.071488,0.018354,-0.000012,0.000000,0.000000,0.000000,0.000000,0.000000,0.000000,0,0.00
12.780000,-0.021,-0.300000,-0.300000,4.321,7.00,-0.088843,0.106114,-0.001979,0.441854,0.006,0.200,-2.059,-6.900,0.348,3.068336,0.021271,-0.000139,0.000000,0.000000,0.000000,0.000000,0.000000,0.000000,0,0.00
12.790000,-0.024,-0.300000,-0.300000,4.321,7.00,-0.109959,0.117862,-0.001947,0.333485,0.011,0.200,-2.057,-6.881,0.348,3.065954,0.023621,-0.000278,0.000000,0.000000,0.000000,0.000000,0.000000,0.000000,0,0.00
12.800000,-0.025,-0.300000,-0.300000,4.321,7.00,-0.128963,0.127010,-0.001919,0.316410,0.015,0.200,-2.056,-6.862,0.348,3.064267,0.025449,-0.000417,0.000000,0.000000,0.000000,0.000000,0.000000,0.000000,0,0.00
12.810000,-0.027,-0.300000,-0.300000,4.321,7.00,-0.146066,0.133760,-0.001903,0.248072,0.018,0.200,-2.054,-6.842,0.348,3.063203,0.026795,-0.000548,0.000000,0.000000,0.000000,0.000000,0.000000,0.000000,0,0.00
12.820000,-0.028,-0.283933,-0.283933,4.321,7.00,-0.161460,0.138292,-0.001888,0.147529,0.021,0.189,-2.053,-6.823,0.348,3.062701,0.027696,-0.000666,0.000000,0.000000,0.000000,0.000000,0.000000,0.000000,0,0.00
12.830000,-0.028,-0.256961,-0.256961,4.321,7.00,-0.173708,0.139614,-0.001844,0.119191,0.024,0.171,-2.051,-6.804,0.348,3.063004,0.027953,-0.000757,0.000000,0.000000,0.000000,0.000000,0.000000,0.000000,0,0.00
12.840000,-0.027,-0.222534,-0.222534,4.321,7.00,-0.182034,0.137272,-0.001797,0.087058,0.025,0.148,-2.050,-6.784,0.348,3.064210,0.027478,-0.000803,0.000000,0.000000,0.000000,0.000000,0.000000,0.000000,0,0.00
12.850000,-0.026,-0.150886,-0.150886,4.321,7.00,-0.186085,0.131158,-0.001783,0.021511,0.027,0.101,-2.049,-6.765,0.348,3.066327,0.026249,-0.000802,0.000000,0.000000,0.000000,0.000000,0.000000,0.000000,0,0.00
12.860000,-0.024,-0.080024,-0.080024,4.321,7.00,-0.182567,0.119056,-0.001743,-0.037288,0.028,0.053,-2.049,-6.746,0.348,3.069908,0.023822,-0.000731,0.000000,0.000000,0.000000,0.000000,0.000000,0.000000,0,0.00
12.870000,-0.020,0.037079,0.037079,4.321,7.00,-0.172314,0.101954,-0.001728,-0.137305,0.028,0.025,-2.048,-6.726,0.348,3.074666,0.020398,-0.000601,0.000000,0.000000,0.000000,0.000000,0.000000,0.000000,0,0.00
12.880000,-0.016,0.104682,0.104682,4.321,7.00,-0.153011,0.078533,-0.001700,-0.181515,0.027,0.070,-2.048,-6.707,0.348,3.080919,0.015711,-0.000415,0.000000,0.000000,0.000000,0.000000,0.000000,0.000000,0,0.00
12.890000,-0.010,0.265441,0.265441,4.321,7.00,-0.127244,0.051189,-0.001693,-0.314936,0.026,0.177,-2.048,-6.687,0.348,3.088021,0.010241,-0.000212,0.000000,0.000000,0.000000,0.000000,0.000000,0.000000,0,0.00
12.900000,-0.004,0.300000,0.300000,4.321,7.00,-0.092647,0.018605,-0.001687,-0.340022,0.024,0.200,-2.049,-6.668,0.348,3.096303,0.003724,-0.000020,0.000000,0.000000,0.000000,0.000000,0.000000,0.000000,0,0.00
12.910000,0.003,0.300000,0.300000,4.321,7.00,-0.053387,-0.015698,-0.001692,-0.395352,0.020,0.200,-2.049,-6.648,0.348,3.104843,-0.003138,0.000114,0.000000,0.000000,0.000000,0.000000,0.000000,0.000000,0,0.00
12.920000,0.009,0.300000,0.300000,4.321,7.00,-0.018053,-0.045287,-0.001706,-0.381134,0.016,0.200,-2.050,-6.629,0.348,3.112003,-0.009057,0.000163,0.000000,0.000000,0.000000,0.000000,0.000000,0.000000,0,0.00
12.930000,0.014,0.300000,0.300000,4.321,7.00,0.013761,-0.070669,-0.001735,-0.379356,0.010,0.200,-2.050,-6.609,0.348,3.117956,-0.014135,0.000136,0.000000,0.000000,0.000000,0.000000,0.000000,0.000000,0,0.00
12.940000,0.018,0.300000,0.300000,4.321,7.00,0.042381,-0.092245,-0.001760,-0.292264,0.004,0.200,-2.050,-6.590,0.348,3.122834,-0.018452,0.000051,0.000000,0.000000,0.000000,0.000000,0.000000,0.000000,0,0.00
12.950000,0.022,0.300000,0.300000,4.321,7.00,0.068142,-0.110368,-0.001773,-0.324741,-0.003,0.200,-2.051,-6.571,0.348,3.126758,-0.022079,-0.000072,0.000000,0.000000,0.000000,0.000000,0.000000,0.000000,0,0.00
12.960000,0.025,0.300000,0.300000,4.321,7.00,0.091327,-0.125342,-0.001815,-0.275408,-0.009,0.200,-2.051,-6.551,0.348,3.129827,-0.025075,-0.000217,0.000000,0.000000,0.000000,0.000000,0.000000,0.000000,0,0.00
12.970000,0.027,0.300000,0.300000,4.321,7.00,0.112194,-0.137430,-0.001844,-0.252012,-0.014,0.200,-2.051,-6.532,0.348,3.132133,-0.027494,-0.000371,0.000000,0.000000,0.000000,0.000000,0.000000,0.000000,0,0.00
12.980000,0.029,0.300000,0.300000,4.321,7.00,0.130975,-0.146861,-0.001880,-0.237144,-0.018,0.200,-2.050,-6.512,0.348,3.133752,-0.029381,-0.000523,0.000000,0.000000,0.000000,0.000000,0.000000,0.000000,0,0.00
12.990000,0.031,0.300000,0.300000,4.321,7.00,0.147877,-0.153836,-0.001923,-0.202239,-0.022,0.200,-2.050,-6.493,0.348,3.134755,-0.030777,-0.000666,0.000000,0.000000,0.000000,0.000000,0.000000,0.000000,0,0.00
13.000000,0.032,0.280499,0.280499,4.321,7.00,0.163089,-0.158534,-0.001958,-0.120007,-0.025,0.187,-2.050,-6.474,0.348,3.135202,-0.031718,-0.000794,0.000000,0.000000,0.000000,0.000000,0.000000,0.000000,0,0.00
13.010000,0.032,0.256387,0.256387,4.321,7.00,0.174831,-0.159656,-0.001987,-0.094744,-0.027,0.171,-2.050,-6.454,0.348,3.134784,-0.031943,-0.000888,0.000000,0.000000,0.000000,0.000000,0.000000,0.000000,0,0.00
13.020000,0.031,0.213641,0.213641,4.321,7.00,0.182987,-0.157232,-0.002050,-0.054360,-0.029,0.142,-2.049,-6.435,0.348,3.133534,-0.031460,-0.000936,0.000000,0.000000,0.000000,0.000000,0.000000,0.000000,0,0.00
13.030000,0.030,0.154825,0.154825,4.321,7.00,0.186054,-0.150263,-0.002075,-0.002488,-0.031,0.103,-2.048,-6.416,0.348,3.131222,-0.030068,-0.000924,0.000000,0.000000,0.000000,0.000000,0.000000,0.000000,0,0.00
13.040000,0.028,0.073758,0.073758,4.321,7.00,0.182932,-0.138136,-0.002095,0.066473,-0.032,0.049,-2.047,-6.396,0.348,3.127723,-0.027645,-0.000847,0.000000,0.000000,0.000000,0.000000,0.000000,0.000000,0,0.00
13.050000,0.024,0.001412,0.001412,4.321,7.00,0.172017,-0.119966,-0.002129,0.120684,-0.032,0.001,-2.046,-6.377,0.348,3.122840,-0.024013,-0.000696,0.000000,0.000000,0.000000,0.000000,0.000000,0.000000,0,0.00
13.060000,0.019,-0.065722,-0.065722,4.321,7.00,0.154958,-0.097430,-0.002164,0.165316,-0.031,0.044,-2.045,-6.357,0.348,3.117018,-0.019506,-0.000503,0.000000,0.000000,0.000000,0.000000,0.000000,0.000000,0,0.00
13.070000,0.014,-0.253498,-0.253498,4.321,7.00,0.132892,-0.071751,-0.002171,0.327419,-0.030,0.169,-2.043,-6.338,0.348,3.110574,-0.014367,-0.000298,0.000000,0.000000,0.000000,0.000000,0.000000,0.000000,0,0.00
13.080000,0.008,-0.300000,-0.300000,4.321,7.00,0.099928,-0.038858,-0.002174,0.553912,-0.028,0.200,-2.041,-6.319,0.348,3.102500,-0.007781,-0.000079,0.000000,0.000000,0.000000,0.000000,0.000000,0.000000,0,0.00
13.090000,0.000,-0.300000,-0.300000,4.321,7.00,0.059941,-0.002315,-0.002175,0.578234,-0.024,0.200,-2.039,-6.299,0.348,3.093704,-0.000459,0.000091,0.000000,0.000000,0.000000,0.000000,0.000000,0.000000,0,0.00
13.100000,-0.006,-0.300000,-0.300000,4.321,7.00,0.023950,0.029339,-0.002171,0.690312,-0.019,0.200,-2.037,-6.280,0.348,3.086319,0.005886,0.000163,0.000000,0.000000,0.000000,0.000000,0.000000,0.000000,0,0.00
13.110000,-0.011,-0.300000,-0.300000,4.321,7.00,-0.008456,0.056638,-0.002160,0.741691,-0.014,0.200,-2.035,-6.261,0.348,3.080173,0.011358,0.000151,0.000000,0.000000,0.000000,0.000000,0.000000,0.000000,0,0.00
13.120000,-0.016,-0.300000,-0.300000,4.321,7.00,-0.037603,0.080027,-0.002141,0.639970,-0.008,0.200,-2.033,-6.241,0.348,3.075122,0.016047,0.000077,0.000000,0.000000,0.000000,0.000000,0.000000,0.000000,0,0.00
13.130000,-0.020,-0.300000,-0.300000,4.321,7.00,-0.063841,0.099886,-0.002129,0.486102,-0.000,0.200,-2.031,-6.222,0.348,3.071046,0.020026,-0.000040,0.000000,0.000000,0.000000,0.000000,0.000000,0.000000,0,0.00
13.140000,-0.023,-0.300000,-0.300000,4.321,7.00,-0.087456,0.116540,-0.002099,0.450309,0.006,0.200,-2.030,-6.203,0.348,3.067838,0.023360,-0.000181,0.000000,0.000000,0.000000,0.000000,0.000000,0.000000,0,0.00
13.150000,-0.026,-0.300000,-0.300000,4.321,7.00,-0.108710,0.130271,-0.002065,0.331235,0.011,0.200,-2.028,-6.183,0.348,3.065408,0.026107,-0.000335,0.000000,0.000000,0.000000,0.000000,0.000000,0.000000,0,0.00
13.160000,-0.028,-0.300000,-0.300000,4.321,7.00,-0.127839,0.141308,-0.002050,0.308152,0.016,0.200,-2.027,-6.164,0.348,3.063675,0.028313,-0.000489,0.000000,0.000000,0.000000,0.000000,0.000000,0.000000,0,0.00
13.170000,-0.030,-0.300000,-0.300000,4.321,7.00,-0.145055,0.149861,-0.002038,0.310680,0.020,0.200,-2.025,-6.145,0.348,3.062571,0.030020,-0.000637,0.000000,0.000000,0.000000,0.000000,0.000000,0.000000,0,0.00
13.180000,-0.031,-0.300000,-0.300000,4.321,7.00,-0.160549,0.156115,-0.002000,0.227338,0.023,0.200,-2.024,-6.125,0.348,3.062032,0.031266,-0.000772,0.000000,0.000000,0.000000,0.000000,0.000000,0.000000,0,0.00
13.190000,-0.032,-0.300000,-0.300000,4.321,7.00,-0.174494,0.160234,-0.001969,0.199607,0.026,0.200,-2.023,-6.106,0.348,3.062001,0.032083,-0.000891,0.000000,0.000000,0.000000,0.000000,0.000000,0.000000,0,0.00
13.200000,-0.032,-0.300000,-0.300000,4.321,7.00,-0.187045,0.162366,-0.001911,0.169985,0.028,0.200,-2.022,-6.087,0.348,3.062429,0.032502,-0.000990,0.000000,0.000000,0.000000,0.000000,0.000000,0.000000,0,0.00
13.210000,-0.033,-0.262832,-0.262832,4.321,7.00,-0.198340,0.162636,-0.001887,0.102082,0.030,0.175,-2.021,-6.067,0.349,3.063270,0.032549,-0.001070,0.000000,0.000000,0.000000,0.000000,0.000000,0.000000,0,0.00
13.220000,-0.032,-0.183654,-0.183654,4.321,7.00,-0.204790,0.158403,-0.001835,0.027086,0.031,0.122,-2.020,-6.048,0.349,3.065181,0.031695,-0.001090,0.000000,0.000000,0.000000,0.000000,0.000000,0.000000,0,0.00
13.230000,-0.029,-0.129810,-0.129810,4.321,7.00,-0.202678,0.147104,-0.001794,-0.015501,0.032,0.087,-2.019,-6.029,0.349,3.068789,0.029429,-0.001024,0.000000,0.000000,0.000000,0.000000,0.000000,0.000000,0,0.00
13.240000,-0.026,0.001487,0.001487,4.321,7.00,-0.195393,0.131709,-0.001781,-0.131415,0.032,0.001,-2.019,-6.009,0.348,3.073311,0.026345,-0.000898,0.000000,0.000000,0.000000,0.000000,0.000000,0.000000,0,0.00
13.250000,-0.021,0.091861,0.091861,4.321,7.00,-0.175707,0.107193,-0.001754,-0.197300,0.033,0.061,-2.019,-5.990,0.348,3.080018,0.021439,-0.000676,0.000000,0.000000,0.000000,0.000000,0.000000,0.000000,0,0.00
13.260000,-0.016,0.237230,0.237230,4.321,7.00,-0.148953,0.078274,-0.001742,-0.313762,0.032,0.158,-2.019,-5.970,0.348,3.087679,0.015655,-0.000421,0.000000,0.000000,0.000000,0.000000,0.000000,0.000000,0,0.00
13.270000,-0.008,0.300000,0.300000,4.321,7.00,-0.110340,0.041976,-0.001731,-0.397084,0.029,0.200,-2.020,-5.951,0.348,3.097063,0.008397,-0.000153,0.000000,0.000000,0.000000,0.000000,0.000000,0.000000,0,0.00
13.280000,-0.001,0.300000,0.300000,4.321,7.00,-0.069310,0.005924,-0.001729,-0.438401,0.026,0.200,-2.021,-5.931,0.348,3.106208,0.001187,0.000048,0.000000,0.000000,0.000000,0.000000,0.000000,0.000000,0,0.00
13.290000,0.005,0.300000,0.300000,4.321,7.00,-0.032383,-0.025082,-0.001735,-0.419628,0.021,0.200,-2.021,-5.912,0.348,3.113901,-0.005014,0.000152,0.000000,0.000000,0.000000,0.000000,0.000000,0.000000,0,0.00
13.300000,0.010,0.300000,0.300000,4.321,7.00,0.000951,-0.051597,-0.001747,-0.431604,0.016,0.200,-2.022,-5.892,0.348,3.120323,-0.010318,0.000169,0.000000,0.000000,0.000000,0.000000,0.000000,0.000000,0,0.00
13.310000,0.015,0.300000,0.300000,4.321,7.00,0.030764,-0.074094,-0.001760,-0.397516,0.008,0.200,-2.022,-5.873,0.348,3.125621,-0.014819,0.000117,0.000000,0.000000,0.000000,0.000000,0.000000,0.000000,0,0.00
13.320000,0.019,0.300000,0.300000,4.321,7.00,0.057685,-0.092966,-0.001797,-0.336614,0.001,0.200,-2.023,-5.854,0.348,3.129920,-0.018595,0.000018,0.000000,0.000000,0.000000,0.000000,0.000000,0.000000,0,0.00
13.330000,0.022,0.300000,0.300000,4.321,7.00,0.081916,-0.108542,-0.001809,-0.353976,-0.005,0.200,-2.023,-5.834,0.348,3.133327,-0.021712,-0.000109,0.000000,0.000000,0.000000,0.000000,0.000000,0.000000,0,0.00
13.340000,0.024,0.300000,0.300000,4.321,7.00,0.103724,-0.121112,-0.001832,-0.314473,-0.010,0.200,-2.023,-5.815,0.348,3.135934,-0.024227,-0.000250,0.000000,0.000000,0.000000,0.000000,0.000000,0.000000,0,0.00
13.350000,0.026,0.300000,0.300000,4.321,7.00,0.123351,-0.130927,-0.001878,-0.258347,-0.015,0.200,-2.023,-5.795,0.348,3.137826,-0.026190,-0.000393,0.000000,0.000000,0.000000,0.000000,0.000000,0.000000,0,0.00
13.360000,0.028,0.300000,0.300000,4.321,7.00,0.141016,-0.138206,-0.001930,-0.189497,-0.019,0.200,-2.023,-5.776,0.348,3.139073,-0.027646,-0.000530,0.000000,0.000000,0.000000,0.000000,0.000000,0.000000,0,0.00
13.370000,0.029,0.300000,0.300000,4.321,7.00,0.156914,-0.143145,-0.001952,-0.178898,-0.022,0.200,-2.023,-5.757,0.348,3.139741,-0.028634,-0.000654,0.000000,0.000000,0.000000,0.000000,0.000000,0.000000,0,0.00
13.380000,0.029,0.247451,0.247451,4.321,7.00,0.171223,-0.145913,-0.001998,-0.099539,-0.024,0.165,-2.023,-5.737,0.348,3.139887,-0.029188,-0.000763,0.000000,0.000000,0.000000,0.000000,0.000000,0.000000,0,0.00
13.390000,0.029,0.193427,0.193427,4.321,7.00,0.178847,-0.142908,-0.002035,-0.048484,-0.026,0.129,-2.022,-5.718,0.348,3.138581,-0.028588,-0.000809,0.000000,0.000000,0.000000,0.000000,0.000000,0.000000,0,0.00
13.400000,0.027,0.114842,0.114842,4.321,7.00,0.180306,-0.134806,-0.002049,0.022012,-0.028,0.077,-2.022,-5.699,0.348,3.136025,-0.026969,-0.000791,0.000000,0.000000,0.000000,0.000000,0.000000,0.000000,0,0.00
13.410000,0.024,0.011144,0.011144,4.321,7.00,0.173761,-0.120606,-0.002063,0.111525,-0.029,0.007,-2.021,-5.679,0.348,3.131973,-0.024131,-0.000698,0.000000,0.000000,0.000000,0.000000,0.000000,0.000000,0,0.00
13.420000,0.020,-0.071862,-0.071862,4.321,7.00,0.157502,-0.099553,-0.002095,0.173509,-0.029,0.048,-2.019,-5.660,0.348,3.126242,-0.019922,-0.000531,0.000000,0.000000,0.000000,0.000000,0.000000,0.000000,0,0.00
13.430000,0.015,-0.161971,-0.161971,4.321,7.00,0.134568,-0.074416,-0.002115,0.238502,-0.029,0.108,-2.018,-5.640,0.348,3.119571,-0.014895,-0.000331,0.000000,0.000000,0.000000,0.000000,0.000000,0.000000,0,0.00
13.440000,0.009,-0.300000,-0.300000,4.321,7.00,0.104917,-0.045608,-0.002122,0.352190,-0.027,0.200,-2.016,-5.621,0.348,3.112066,-0.009130,-0.000130,0.000000,0.000000,0.000000,0.000000,0.000000,0.000000,0,0.00
13.450000,0.002,-0.300000,-0.300000,4.321,7.00,0.065881,-0.011699,-0.002128,0.341341,-0.024,0.200,-2.014,-5.602,0.348,3.103344,-0.002340,0.000047,0.000000,0.000000,0.000000,0.000000,0.000000,0.000000,0,0.00
13.460000,-0.004,-0.300000,-0.300000,4.321,7.00,0.029296,0.018480,-0.002122,0.324126,-0.020,0.200,-2.011,-5.582,0.348,3.095741,0.003707,0.000144,0.000000,0.000000,0.000000,0.000000,0.000000,0.000000,0,0.00
13.470000,-0.009,-0.300000,-0.300000,4.321,7.00,-0.003652,0.044262,-0.002117,0.434299,-0.015,0.200,-2.009,-5.563,0.348,3.089403,0.008873,0.000162,0.000000,0.000000,0.000000,0.000000,0.000000,0.000000,0,0.00
13.480000,-0.013,-0.300000,-0.300000,4.321,7.00,-0.033270,0.066102,-0.002101,0.432232,-0.009,0.200,-2.008,-5.544,0.348,3.084184,0.013249,0.000116,0.000000,0.000000,0.000000,0.000000,0.000000,0.000000,0,0.00
13.490000,-0.017,-0.300000,-0.300000,4.321,7.00,-0.059942,0.084388,-0.002087,0.381018,-0.002,0.200,-2.006,-5.524,0.348,3.079959,0.016912,0.000025,0.000000,0.000000,0.000000,0.000000,0.000000,0.000000,0,0.00
13.500000,-0.020,-0.300000,-0.300000,4.321,7.00,-0.083947,0.099450,-0.002065,0.382885,0.004,0.200,-2.004,-5.505,0.348,3.076619,0.019927,-0.000094,0.000000,0.000000,0.000000,0.000000,0.000000,0.000000,0,0.00
13.510000,-0.022,-0.300000,-0.300000,4.321,7.00,-0.105552,0.111566,-0.002056,0.414874,0.009,0.200,-2.003,-5.486,0.348,3.074071,0.022351,-0.000226,0.000000,0.000000,0.000000,0.000000,0.000000,0.000000,0,0.00
13.520000,-0.024,-0.300000,-0.300000,4.321,7.00,-0.124996,0.120966,-0.002031,0.292521,0.013,0.200,-2.001,-5.466,0.348,3.072235,0.024229,-0.000360,0.000000,0.000000,0.000000,0.000000,0.000000,0.000000,0,0.00
13.530000,-0.026,-0.300000,-0.300000,4.321,7.00,-0.142497,0.127858,-0.002010,0.262367,0.017,0.200,-2.000,-5.447,0.348,3.071038,0.025604,-0.000487,0.000000,0.000000,0.000000,0.000000,0.000000,0.000000,0,0.00
13.540000,-0.026,-0.300000,-0.300000,4.321,7.00,-0.158247,0.132426,-0.001976,0.203647,0.020,0.200,-1.998,-5.428,0.348,3.070415,0.026513,-0.000603,0.000000,0.000000,0.000000,0.000000,0.000000,0.000000,0,0.00
13.550000,-0.027,-0.298150,-0.298150,4.321,7.00,-0.172422,0.134832,-0.001936,0.165254,0.022,0.199,-1.997,-5.408,0.348,3.070311,0.026988,-0.000702,0.000000,0.000000,0.000000,0.000000,0.000000,0.000000,0,0.00
13.560000,-0.027,-0.208315,-0.208315,4.321,7.00,-0.184995,0.135087,-0.001924,0.075151,0.024,0.139,-1.996,-5.389,0.348,3.070708,0.027033,-0.000779,0.000000,0.000000,0.000000,0.000000,0.000000,0.000000,0,0.00
13.570000,-0.025,-0.152206,-0.152206,4.321,7.00,-0.187509,0.127129,-0.001888,0.026966,0.026,0.101,-1.995,-5.370,0.348,3.073169,0.025436,-0.000767,0.000000,0.000000,0.000000,0.000000,0.000000,0.000000,0,0.00
13.580000,-0.023,-0.054972,-0.054972,4.321,7.00,-0.183980,0.114297,-0.001872,-0.057453,0.026,0.037,-1.995,-5.350,0.348,3.076777,0.022865,-0.000691,0.000000,0.000000,0.000000,0.000000,0.000000,0.000000,0,0.00
13.590000,-0.019,0.027830,0.027830,4.321,7.00,-0.171177,0.094569,-0.001849,-0.120549,0.027,0.019,-1.994,-5.331,0.348,3.082038,0.018916,-0.000540,0.000000,0.000000,0.000000,0.000000,0.000000,0.000000,0,0.00
13.600000,-0.014,0.123649,0.123649,4.321,7.00,-0.151279,0.070023,-0.001832,-0.191839,0.027,0.082,-1.994,-5.311,0.348,3.088380,0.014006,-0.000347,0.000000,0.000000,0.000000,0.000000,0.000000,0.000000,0,0.00
13.610000,-0.008,0.235823,0.235823,4.321,7.00,-0.123789,0.040722,-0.001823,-0.274723,0.025,0.157,-1.995,-5.292,0.348,3.095771,0.008147,-0.000141,0.000000,0.000000,0.000000,0.000000,0.000000,0.000000,0,0.00
13.620000,-0.001,0.300000,0.300000,4.321,7.00,-0.087833,0.006495,-0.001822,-0.437558,0.023,0.200,-1.995,-5.272,0.348,3.104242,0.001302,0.000046,0.000000,0.000000,0.000000,0.000000,0.000000,0.000000,0,0.00
13.630000,0.006,0.300000,0.300000,4.321,7.00,-0.049054,-0.028114,-0.001826,-0.539837,0.019,0.200,-1.996,-5.253,0.348,3.112610,-0.005621,0.000160,0.000000,0.000000,0.000000,0.000000,0.000000,0.000000,0,0.00
13.640000,0.012,0.300000,0.300000,4.321,7.00,-0.014154,-0.058155,-0.001834,-0.622663,0.014,0.200,-1.996,-5.233,0.348,3.119620,-0.011630,0.000185,0.000000,0.000000,0.000000,0.000000,0.000000,0.000000,0,0.00
13.650000,0.017,0.300000,0.300000,4.321,7.00,0.017270,-0.084131,-0.001866,-0.601520,0.008,0.200,-1.997,-5.214,0.348,3.125440,-0.016827,0.000135,0.000000,0.000000,0.000000,0.000000,0.000000,0.000000,0,0.00
13.660000,0.021,0.300000,0.300000,4.321,7.00,0.045540,-0.106437,-0.001881,-0.620087,0.001,0.200,-1.997,-5.195,0.348,3.130202,-0.021290,0.000029,0.000000,0.000000,0.000000,0.000000,0.000000,0.000000,0,0.00
13.670000,0.025,0.300000,0.300000,4.321,7.00,0.070985,-0.125420,-0.001901,-0.516157,-0.006,0.200,-1.997,-5.175,0.348,3.134022,-0.025088,-0.000114,0.000000,0.000000,0.000000,0.000000,0.000000,0.000000,0,0.00
13.680000,0.028,0.300000,0.300000,4.321,7.00,0.093886,-0.141380,-0.001951,-0.385311,-0.012,0.200,-1.997,-5.156,0.348,3.136999,-0.028281,-0.000278,0.000000,0.000000,0.000000,0.000000,0.000000,0.000000,0,0.00
13.690000,0.031,0.300000,0.300000,4.321,7.00,0.114497,-0.154577,-0.001992,-0.282207,-0.017,0.200,-1.997,-5.137,0.348,3.139222,-0.030922,-0.000449,0.000000,0.000000,0.000000,0.000000,0.000000,0.000000,0,0.00
13.700000,0.033,0.300000,0.300000,4.321,7.00,0.133048,-0.165237,-0.002015,-0.286494,-0.021,0.200,-1.997,-5.117,0.348,3.140768,-0.033054,-0.000619,0.000000,0.000000,0.000000,0.000000,0.000000,0.000000,0,0.00
13.710000,0.035,0.300000,0.300000,4.321,7.00,0.149743,-0.173560,-0.002034,-0.236622,-0.025,0.200,-1.997,-5.098,0.348,-3.141480,-0.034719,-0.000780,0.000000,0.000000,0.000000,0.000000,0.000000,0.000000,0,0.00
13.720000,0.036,0.300000,0.300000,4.321,7.00,0.164769,-0.179720,-0.002087,-0.172656,-0.028,0.200,-1.996,-5.078,0.348,-3.141092,-0.035951,-0.000927,0.000000,0.000000,0.000000,0.000000,0.000000,0.000000,0,0.00
13.730000,0.037,0.300000,0.300000,4.321,7.00,0.178292,-0.183876,-0.002152,-0.151502,-0.031,0.200,-1.996,-5.059,0.348,-3.141197,-0.036783,-0.001056,0.000000,0.000000,0.000000,0.000000,0.000000,0.000000,0,0.00
13.740000,0.037,0.300000,0.300000,4.321,7.00,0.190463,-0.186165,-0.002198,-0.125807,-0.033,0.200,-1.996,-5.040,0.349,3.141439,-0.037242,-0.001166,0.000000,0.000000,0.000000,0.000000,0.000000,0.000000,0,0.00
13.750000,0.037,0.267190,0.267190,4.321,7.00,0.201416,-0.186709,-0.002236,-0.078244,-0.035,0.178,-1.995,-5.020,0.349,3.140488,-0.037352,-0.001256,0.000000,0.000000,0.000000,0.000000,0.000000,0.000000,0,0.00
13.760000,0.037,0.205809,0.205809,4.321,7.00,0.207995,-0.183143,-0.002288,-0.020379,-0.036,0.137,-1.994,-5.001,0.349,3.138557,-0.036641,-0.001289,0.000000,0.000000,0.000000,0.000000,0.000000,0.000000,0,0.00
13.770000,0.035,0.164593,0.164593,4.321,7.00,0.207778,-0.173807,-0.002344,0.011557,-0.037,0.110,-1.993,-4.982,0.349,3.135262,-0.034777,-0.001237,0.000000,0.000000,0.000000,0.000000,0.000000,0.000000,0,0.00
13.780000,0.032,0.062495,0.062495,4.321,7.00,0.203460,-0.161052,-0.002360,0.100917,-0.037,0.042,-1.992,-4.962,0.349,3.131218,-0.032230,-0.001133,0.000000,0.000000,0.000000,0.000000,0.000000,0.000000,0,0.00
13.790000,0.028,-0.005219,-0.005219,4.321,7.00,0.189366,-0.140811,-0.002404,0.148433,-0.037,0.003,-1.991,-4.943,0.349,3.125427,-0.028185,-0.000934,0.000000,0.000000,0.000000,0.000000,0.000000,0.000000,0,0.00
13.800000,0.023,-0.114367,-0.114367,4.321,7.00,0.169909,-0.116986,-0.002425,0.233778,-0.037,0.076,-1.989,-4.923,0.348,3.118895,-0.023421,-0.000696,0.000000,0.000000,0.000000,0.000000,0.000000,0.000000,0,0.00
13.810000,0.017,-0.189013,-0.189013,4.321,7.00,0.141485,-0.087216,-0.002456,0.278685,-0.035,0.126,-1.987,-4.904,0.348,3.111042,-0.017465,-0.000420,0.000000,0.000000,0.000000,0.000000,0.000000,0.000000,0,0.00
13.820000,0.011,-0.300000,-0.300000,4.321,7.00,0.108438,-0.055332,-0.002462,0.443182,-0.032,0.200,-1.985,-4.885,0.348,3.102838,-0.011081,-0.000168,0.000000,0.000000,0.000000,0.000000,0.000000,0.000000,0,0.00
13.830000,0.004,-0.300000,-0.300000,4.321,7.00,0.067600,-0.019282,-0.002468,0.435907,-0.028,0.200,-1.983,-4.865,0.348,3.093767,-0.003859,0.000040,0.000000,0.000000,0.000000,0.000000,0.000000,0.000000,0,0.00
13.840000,-0.002,-0.300000,-0.300000,4.321,7.00,0.030843,0.011699,-0.002466,0.479310,-0.023,0.200,-1.980,-4.846,0.348,3.086139,0.002352,0.000150,0.000000,0.000000,0.000000,0.000000,0.000000,0.000000,0,0.00
13.850000,-0.008,-0.300000,-0.300000,4.321,7.00,-0.002278,0.038165,-0.002458,0.475136,-0.017,0.200,-1.978,-4.827,0.348,3.079776,0.007658,0.000173,0.000000,0.000000,0.000000,0.000000,0.000000,0.000000,0,0.00
13.860000,-0.012,-0.300000,-0.300000,4.321,7.00,-0.032017,0.060578,-0.002450,0.539045,-0.011,0.200,-1.976,-4.807,0.348,3.074533,0.012152,0.000130,0.000000,0.000000,0.000000,0.000000,0.000000,0.000000,0,0.00
13.870000,-0.016,-0.300000,-0.300000,4.321,7.00,-0.058814,0.079329,-0.002442,0.472854,-0.004,0.200,-1.974,-4.788,0.348,3.070284,0.015910,0.000042,0.000000,0.000000,0.000000,0.000000,0.000000,0.000000,0,0.00
13.880000,-0.019,-0.300000,-0.300000,4.321,7.00,-0.082931,0.094747,-0.002417,0.435535,0.002,0.200,-1.972,-4.769,0.348,3.066922,0.018998,-0.000075,0.000000,0.000000,0.000000,0.000000,0.000000,0.000000,0,0.00
13.890000,-0.021,-0.300000,-0.300000,4.321,7.00,-0.104638,0.107128,-0.002386,0.378162,0.008,0.200,-1.971,-4.749,0.348,3.064352,0.021475,-0.000205,0.000000,0.000000,0.000000,0.000000,0.000000,0.000000,0,0.00
13.900000,-0.023,-0.300000,-0.300000,4.321,7.00,-0.124174,0.116706,-0.002360,0.325891,0.012,0.200,-1.969,-4.730,0.348,3.062495,0.023390,-0.000336,0.000000,0.000000,0.000000,0.000000,0.000000,0.000000,0,0.00
13.910000,-0.025,-0.300000,-0.300000,4.321,7.00,-0.141756,0.123692,-0.002340,0.237199,0.016,0.200,-1.968,-4.711,0.348,3.061278,0.024784,-0.000462,0.000000,0.000000,0.000000,0.000000,0.000000,0.000000,0,0.00
13.920000,-0.026,-0.276788,-0.276788,4.321,7.00,-0.157581,0.128278,-0.002328,0.150838,0.019,0.185,-1.966,-4.692,0.348,3.060637,0.025696,-0.000574,0.000000,0.000000,0.000000,0.000000,0.000000,0.000000,0,0.00
13.930000,-0.026,-0.241732,-0.241732,4.321,7.00,-0.169502,0.128912,-0.002293,0.115114,0.021,0.161,-1.965,-4.672,0.348,3.060948,0.025816,-0.000655,0.000000,0.000000,0.000000,0.000000,0.000000,0.000000,0,0.00
13.940000,-0.025,-0.199870,-0.199870,4.321,7.00,-0.176726,0.125154,-0.002265,0.076981,0.023,0.133,-1.963,-4.653,0.348,3.062301,0.025058,-0.000684,0.000000,0.000000,0.000000,0.000000,0.000000,0.000000,0,0.00
13.950000,-0.023,-0.109194,-0.109194,4.321,7.00,-0.179041,0.117054,-0.002254,-0.005606,0.025,0.073,-1.962,-4.633,0.348,3.064662,0.023431,-0.000662,0.000000,0.000000,0.000000,0.000000,0.000000,0.000000,0,0.00
13.960000,-0.020,-0.028364,-0.028364,4.321,7.00,-0.172058,0.101607,-0.002227,-0.071017,0.026,0.019,-1.962,-4.614,0.348,3.068778,0.020336,-0.000561,0.000000,0.000000,0.000000,0.000000,0.000000,0.000000,0,0.00
13.970000,-0.016,0.103541,0.103541,4.321,7.00,-0.157690,0.080752,-0.002213,-0.182080,0.026,0.069,-1.961,-4.595,0.348,3.074129,0.016161,-0.000406,0.000000,0.000000,0.000000,0.000000,0.000000,0.000000,0,0.00
13.980000,-0.010,0.209494,0.209494,4.321,7.00,-0.131570,0.051762,-0.002201,-0.259056,0.025,0.140,-1.961,-4.575,0.348,3.081400,0.010359,-0.000201,0.000000,0.000000,0.000000,0.000000,0.000000,0.000000,0,0.00
13.990000,-0.004,0.300000,0.300000,4.321,7.00,-0.097468,0.018160,-0.002196,-0.340752,0.023,0.200,-1.961,-4.556,0.348,3.089680,0.003637,-0.000003,0.000000,0.000000,0.000000,0.000000,0.000000,0.000000,0,0.00
14.000000,0.004,0.300000,0.300000,4.321,7.00,-0.057726,-0.017823,-0.002201,-0.368073,0.020,0.200,-1.962,-4.536,0.348,3.098403,-0.003562,0.000136,0.000000,0.000000,0.000000,0.000000,0.000000,0.000000,0,0.00
14.010000,0.010,0.300000,0.300000,4.321,7.00,-0.021957,-0.048948,-0.002209,-0.461464,0.016,0.200,-1.962,-4.517,0.348,3.105724,-0.009790,0.000185,0.000000,0.000000,0.000000,0.000000,0.000000,0.000000,0,0.00
14.020000,0.015,0.300000,0.300000,4.321,7.00,0.010248,-0.075750,-0.002231,-0.439044,0.010,0.200,-1.962,-4.497,0.348,3.111817,-0.015153,0.000154,0.000000,0.000000,0.000000,0.000000,0.000000,0.000000,0,0.00
14.030000,0.020,0.300000,0.300000,4.321,7.00,0.039217,-0.098655,-0.002256,-0.421506,0.004,0.200,-1.962,-4.478,0.348,3.116820,-0.019737,0.000063,0.000000,0.000000,0.000000,0.000000,0.000000,0.000000,0,0.00
14.040000,0.024,0.300000,0.300000,4.321,7.00,0.065294,-0.118040,-0.002275,-0.407420,-0.004,0.200,-1.962,-4.459,0.348,3.120855,-0.023617,-0.000068,0.000000,0.000000,0.000000,0.000000,0.000000,0.000000,0,0.00
14.050000,0.027,0.300000,0.300000,4.321,7.00,0.088764,-0.134229,-0.002320,-0.355494,-0.010,0.200,-1.962,-4.439,0.348,3.124023,-0.026857,-0.000224,0.000000,0.000000,0.000000,0.000000,0.000000,0.000000,0,0.00
14.060000,0.029,0.300000,0.300000,4.321,7.00,0.109887,-0.147498,-0.002353,-0.263010,-0.015,0.200,-1.962,-4.420,0.348,3.126417,-0.029513,-0.000389,0.000000,0.000000,0.000000,0.000000,0.000000,0.000000,0,0.00
14.070000,0.032,0.300000,0.300000,4.321,7.00,0.128898,-0.158090,-0.002390,-0.234162,-0.020,0.200,-1.962,-4.400,0.348,3.128116,-0.031634,-0.000554,0.000000,0.000000,0.000000,0.000000,0.000000,0.000000,0,0.00
14.080000,0.033,0.300000,0.300000,4.321,7.00,0.146008,-0.166217,-0.002431,-0.197084,-0.024,0.200,-1.961,-4.381,0.348,3.129190,-0.033261,-0.000712,0.000000,0.000000,0.000000,0.000000,0.000000,0.000000,0,0.00
14.090000,0.034,0.300000,0.300000,4.321,7.00,0.161407,-0.172064,-0.002461,-0.140252,-0.027,0.200,-1.961,-4.362,0.348,3.129702,-0.034432,-0.000855,0.000000,0.000000,0.000000,0.000000,0.000000,0.000000,0,0.00
14.100000,0.035,0.294804,0.294804,4.321,7.00,0.175266,-0.175797,-0.002521,-0.116486,-0.029,0.197,-1.960,-4.342,0.348,3.129708,-0.035181,-0.000981,0.000000,0.000000,0.000000,0.000000,0.000000,0.000000,0,0.00
14.110000,0.035,0.261237,0.261237,4.321,7.00,0.187220,-0.177190,-0.002573,-0.081475,-0.032,0.174,-1.960,-4.323,0.348,3.129159,-0.035462,-0.001083,0.000000,0.000000,0.000000,0.000000,0.000000,0.000000,0,0.00
14.120000,0.035,0.211158,0.211158,4.321,7.00,0.194623,-0.174399,-0.002590,-0.034169,-0.033,0.141,-1.959,-4.304,0.349,3.127589,-0.034906,-0.001130,0.000000,0.000000,0.000000,0.000000,0.000000,0.000000,0,0.00
14.130000,0.033,0.166351,0.166351,4.321,7.00,0.196277,-0.166762,-0.002640,0.003051,-0.034,0.111,-1.958,-4.284,0.349,3.124843,-0.033382,-0.001110,0.000000,0.000000,0.000000,0.000000,0.000000,0.000000,0,0.00
14.140000,0.031,0.099365,0.099365,4.321,7.00,0.193286,-0.155353,-0.002673,0.058661,-0.035,0.066,-1.957,-4.265,0.349,3.121218,-0.031103,-0.001034,0.000000,0.000000,0.000000,0.000000,0.000000,0.000000,0,0.00
14.150000,0.028,0.040849,0.040849,4.321,7.00,0.183895,-0.139181,-0.002713,0.101046,-0.035,0.027,-1.955,-4.245,0.348,3.116463,-0.027871,-0.000894,0.000000,0.000000,0.000000,0.000000,0.000000,0.000000,0,0.00
14.160000,0.024,-0.110540,-0.110540,4.321,7.00,0.169592,-0.119687,-0.002725,0.232953,-0.035,0.074,-1.953,-4.226,0.348,3.110968,-0.023973,-0.000713,0.000000,0.000000,0.000000,0.000000,0.000000,0.000000,0,0.00
14.170000,0.019,-0.181180,-0.181180,4.321,7.00,0.145144,-0.093471,-0.002750,0.277402,-0.033,0.121,-1.951,-4.207,0.348,3.103839,-0.018727,-0.000478,0.000000,0.000000,0.000000,0.000000,0.000000,0.000000,0,0.00
14.180000,0.013,-0.298467,-0.298467,4.321,7.00,0.112516,-0.062596,-0.002762,0.363825,-0.031,0.199,-1.949,-4.187,0.348,3.095629,-0.012543,-0.000230,0.000000,0.000000,0.000000,0.000000,0.000000,0.000000,0,0.00
14.190000,0.005,-0.300000,-0.300000,4.321,7.00,0.071423,-0.027413,-0.002767,0.446394,-0.028,0.200,-1.946,-4.168,0.348,3.086425,-0.005492,-0.000011,0.000000,0.000000,0.000000,0.000000,0.000000,0.000000,0,0.00
14.200000,-0.001,-0.300000,-0.300000,4.321,7.00,0.034284,0.002909,-0.002767,0.490198,-0.024,0.200,-1.944,-4.149,0.348,3.078653,0.000590,0.000119,0.000000,0.000000,0.000000,0.000000,0.000000,0.000000,0,0.00
14.210000,-0.006,-0.300000,-0.300000,4.321,7.00,0.000934,0.028812,-0.002763,0.506737,-0.019,0.200,-1.941,-4.130,0.348,3.072163,0.005788,0.000162,0.000000,0.000000,0.000000,0.000000,0.000000,0.000000,0,0.00
14.220000,-0.010,-0.300000,-0.300000,4.321,7.00,-0.029240,0.050773,-0.002750,0.497279,-0.013,0.200,-1.939,-4.110,0.348,3.066808,0.010193,0.000136,0.000000,0.000000,0.000000,0.000000,0.000000,0.000000,0,0.00
14.230000,-0.014,-0.300000,-0.300000,4.321,7.00,-0.056315,0.069174,-0.002730,0.436161,-0.005,0.200,-1.937,-4.091,0.348,3.062461,0.013883,0.000061,0.000000,0.000000,0.000000,0.000000,0.000000,0.000000,0,0.00
14.240000,-0.017,-0.300000,-0.300000,4.321,7.00,-0.080682,0.084351,-0.002712,0.364310,0.001,0.200,-1.935,-4.072,0.348,3.059014,0.016925,-0.000045,0.000000,0.000000,0.000000,0.000000,0.000000,0.000000,0,0.00
14.250000,-0.019,-0.300000,-0.300000,4.321,7.00,-0.102614,0.096597,-0.002699,0.344395,0.006,0.200,-1.933,-4.052,0.348,3.056370,0.019377,-0.000166,0.000000,0.000000,0.000000,0.000000,0.000000,0.000000,0,0.00
14.260000,-0.021,-0.300000,-0.300000,4.321,7.00,-0.122352,0.106156,-0.002689,0.263130,0.010,0.200,-1.931,-4.033,0.348,3.054444,0.021288,-0.000291,0.000000,0.000000,0.000000,0.000000,0.000000,0.000000,0,0.00
14.270000,-0.023,-0.300000,-0.300000,4.321,7.00,-0.140117,0.113231,-0.002659,0.226920,0.014,0.200,-1.929,-4.014,0.348,3.053167,0.022700,-0.000412,0.000000,0.000000,0.000000,0.000000,0.000000,0.000000,0,0.00
14.280000,-0.024,-0.300000,-0.300000,4.321,7.00,-0.156105,0.118009,-0.002622,0.194941,0.017,0.200,-1.928,-3.994,0.348,3.052472,0.023651,-0.000521,0.000000,0.000000,0.000000,0.000000,0.000000,0.000000,0,0.00
14.290000,-0.024,-0.287780,-0.287780,4.321,7.00,-0.170495,0.120654,-0.002611,0.169737,0.019,0.192,-1.926,-3.975,0.348,3.052302,0.024175,-0.000616,0.000000,0.000000,0.000000,0.000000,0.000000,0.000000,0,0.00
14.300000,-0.024,-0.227786,-0.227786,4.321,7.00,-0.182224,0.120440,-0.002580,0.109926,0.021,0.152,-1.925,-3.956,0.348,3.052833,0.024125,-0.000683,0.000000,0.000000,0.000000,0.000000,0.000000,0.000000,0,0.00
14.310000,-0.023,-0.129058,-0.129058,4.321,7.00,-0.186782,0.114201,-0.002564,0.017422,0.023,0.086,-1.923,-3.936,0.348,3.054870,0.022869,-0.000686,0.000000,0.000000,0.000000,0.000000,0.000000,0.000000,0,0.00
14.320000,-0.020,-0.014125,-0.014125,4.321,7.00,-0.181971,0.100648,-0.002554,-0.083969,0.024,0.009,-1.923,-3.917,0.348,3.058713,0.020150,-0.000610,0.000000,0.000000,0.000000,0.000000,0.000000,0.000000,0,0.00
14.330000,-0.016,0.052411,0.052411,4.321,7.00,-0.168010,0.080413,-0.002525,-0.130299,0.024,0.035,-1.922,-3.898,0.348,3.064159,0.016096,-0.000464,0.000000,0.000000,0.000000,0.000000,0.000000,0.000000,0,0.00
14.340000,-0.011,0.239796,0.239796,4.321,7.00,-0.145971,0.054774,-0.002519,-0.292051,0.024,0.160,-1.922,-3.878,0.348,3.070848,0.010963,-0.000275,0.000000,0.000000,0.000000,0.000000,0.000000,0.000000,0,0.00
14.350000,-0.005,0.300000,0.300000,4.321,7.00,-0.115082,0.023656,-0.002513,-0.368393,0.023,0.200,-1.922,-3.859,0.348,3.078780,0.004736,-0.000077,0.000000,0.000000,0.000000,0.000000,0.000000,0.000000,0,0.00
14.360000,0.002,0.300000,0.300000,4.321,7.00,-0.075467,-0.012322,-0.002515,-0.486206,0.020,0.200,-1.922,-3.839,0.348,3.087778,-0.002463,0.000086,0.000000,0.000000,0.000000,0.000000,0.000000,0.000000,0,0.00
14.370000,0.009,0.300000,0.300000,4.321,7.00,-0.037923,-0.044925,-0.002524,-0.508104,0.016,0.200,-1.922,-3.820,0.348,3.095709,-0.008987,0.000167,0.000000,0.000000,0.000000,0.000000,0.000000,0.000000,0,0.00
14.380000,0.015,0.300000,0.300000,4.321,7.00,-0.004149,-0.073072,-0.002530,-0.682905,0.011,0.200,-1.923,-3.800,0.348,3.102341,-0.014620,0.000164,0.000000,0.000000,0.000000,0.000000,0.000000,0.000000,0,0.00
14.390000,0.019,0.300000,0.300000,4.321,7.00,0.026287,-0.097212,-0.002552,-0.608212,0.005,0.200,-1.923,-3.781,0.348,3.107825,-0.019452,0.000093,0.000000,0.000000,0.000000,0.000000,0.000000,0.000000,0,0.00
14.400000,0.024,0.300000,0.300000,4.321,7.00,0.053656,-0.117727,-0.002571,-0.615788,-0.002,0.200,-1.923,-3.761,0.348,3.112287,-0.023559,-0.000028,0.000000,0.000000,0.000000,0.000000,0.000000,0.000000,0,0.00
14.410000,0.027,0.300000,0.300000,4.321,7.00,0.078290,-0.134951,-0.002611,-0.506529,-0.009,0.200,-1.922,-3.742,0.348,3.115839,-0.027007,-0.000179,0.000000,0.000000,0.000000,0.000000,0.000000,0.000000,0,0.00
14.420000,0.030,0.300000,0.300000,4.321,7.00,0.100460,-0.149167,-0.002651,-0.434159,-0.015,0.200,-1.922,-3.723,0.348,3.118577,-0.029854,-0.000345,0.000000,0.000000,0.000000,0.000000,0.000000,0.000000,0,0.00
14.430000,0.032,0.300000,0.300000,4.321,7.00,0.120414,-0.160625,-0.002697,-0.248049,-0.019,0.200,-1.922,-3.703,0.348,3.120584,-0.032148,-0.000515,0.000000,0.000000,0.000000,0.000000,0.000000,0.000000,0,0.00
14.440000,0.034,0.300000,0.300000,4.321,7.00,0.138373,-0.169540,-0.002734,-0.207041,-0.024,0.200,-1.921,-3.684,0.348,3.121937,-0.033934,-0.000679,0.000000,0.000000,0.000000,0.000000,0.000000,0.000000,0,0.00
14.450000,0.035,0.300000,0.300000,4.321,7.00,0.154535,-0.176104,-0.002761,-0.150023,-0.027,0.200,-1.921,-3.665,0.348,3.122699,-0.035250,-0.000832,0.000000,0.000000,0.000000,0.000000,0.000000,0.000000,0,0.00
14.460000,0.036,0.300000,0.300000,4.321,7.00,0.169082,-0.180485,-0.002801,-0.125579,-0.030,0.200,-1.920,-3.645,0.348,3.122931,-0.036129,-0.000968,0.000000,0.000000,0.000000,0.000000,0.000000,0.000000,0,0.00
14.470000,0.037,0.283020,0.283020,4.321,7.00,0.182174,-0.182836,-0.002849,-0.097335,-0.032,0.189,-1.919,-3.626,0.348,3.122684,-0.036602,-0.001084,0.000000,0.000000,0.000000,0.000000,0.000000,0.000000,0,0.00
14.480000,0.036,0.254175,0.254175,4.321,7.00,0.192259,-0.182009,-0.002884,-0.069282,-0.034,0.169,-1.919,-3.607,0.349,3.121686,-0.036440,-0.001164,0.000000,0.000000,0.000000,0.000000,0.000000,0.000000,0,0.00
14.490000,0.035,0.208334,0.208334,4.321,7.00,0.198451,-0.177447,-0.002918,-0.027969,-0.035,0.139,-1.918,-3.587,0.349,3.119820,-0.035531,-0.001185,0.000000,0.000000,0.000000,0.000000,0.000000,0.000000,0,0.00
14.500000,0.034,0.145935,0.145935,4.321,7.00,0.199441,-0.168306,-0.002956,0.025327,-0.036,0.097,-1.916,-3.568,0.349,3.116896,-0.033706,-0.001142,0.000000,0.000000,0.000000,0.000000,0.000000,0.000000,0,0.00
14.510000,0.031,0.087188,0.087188,4.321,7.00,0.194092,-0.153963,-0.003001,0.069776,-0.037,0.058,-1.915,-3.548,0.349,3.112785,-0.030840,-0.001027,0.000000,0.000000,0.000000,0.000000,0.000000,0.000000,0,0.00
14.520000,0.027,0.013003,0.013003,4.321,7.00,0.183403,-0.135513,-0.003033,0.125542,-0.036,0.009,-1.913,-3.529,0.348,3.107784,-0.027150,-0.000858,0.000000,0.000000,0.000000,0.000000,0.000000,0.000000,0,0.00
14.530000,0.023,-0.088124,-0.088124,4.321,7.00,0.166364,-0.112502,-0.003053,0.203679,-0.035,0.059,-1.912,-3.510,0.348,3.101794,-0.022546,-0.000642,0.000000,0.000000,0.000000,0.000000,0.000000,0.000000,0,0.00
14.540000,0.017,-0.146488,-0.146488,4.321,7.00,0.140918,-0.083781,-0.003088,0.233357,-0.034,0.098,-1.910,-3.490,0.348,3.094546,-0.016794,-0.000390,0.000000,0.000000,0.000000,0.000000,0.000000,0.000000,0,0.00
14.550000,0.011,-0.255631,-0.255631,4.321,7.00,0.112180,-0.053708,-0.003097,0.312435,-0.031,0.170,-1.907,-3.471,0.348,3.087140,-0.010767,-0.000163,0.000000,0.000000,0.000000,0.000000,0.000000,0.000000,0,0.00
14.560000,0.004,-0.300000,-0.300000,4.321,7.00,0.075403,-0.018979,-0.003106,0.331862,-0.027,0.200,-1.905,-3.452,0.348,3.078743,-0.003801,0.000033,0.000000,0.000000,0.000000,0.000000,0.000000,0.000000,0,0.00
14.570000,-0.003,-0.300000,-0.300000,4.321,7.00,0.037867,0.014543,-0.003102,0.369258,-0.023,0.200,-1.903,-3.432,0.348,3.070831,0.002926,0.000145,0.000000,0.000000,0.000000,0.000000,0.000000,0.000000,0,0.00
14.580000,-0.009,-0.300000,-0.300000,4.321,7.00,0.004098,0.043509,-0.003097,0.456740,-0.017,0.200,-1.900,-3.413,0.348,3.064219,0.008741,0.000166,0.000000,0.000000,0.000000,0.000000,0.000000,0.000000,0,0.00
14.590000,-0.014,-0.300000,-0.300000,4.321,7.00,-0.026332,0.068400,-0.003078,0.468422,-0.011,0.200,-1.898,-3.394,0.348,3.058755,0.013737,0.000116,0.000000,0.000000,0.000000,0.000000,0.000000,0.000000,0,0.00
14.600000,-0.018,-0.300000,-0.300000,4.321,7.00,-0.053697,0.089616,-0.003064,0.449609,-0.004,0.200,-1.896,-3.375,0.348,3.054310,0.017994,0.000017,0.000000,0.000000,0.000000,0.000000,0.000000,0.000000,0,0.00
14.610000,-0.022,-0.300000,-0.300000,4.321,7.00,-0.078327,0.107500,-0.003041,0.452244,0.003,0.200,-1.894,-3.355,0.348,3.050774,0.021580,-0.000115,0.000000,0.000000,0.000000,0.000000,0.000000,0.000000,0,0.00
14.620000,-0.024,-0.300000,-0.300000,4.321,7.00,-0.100493,0.122347,-0.003009,0.401373,0.009,0.200,-1.892,-3.336,0.348,3.048050,0.024555,-0.000263,0.000000,0.000000,0.000000,0.000000,0.000000,0.000000,0,0.00
14.630000,-0.027,-0.300000,-0.300000,4.321,7.00,-0.120444,0.134419,-0.002993,0.296254,0.014,0.200,-1.890,-3.317,0.348,3.046052,0.026970,-0.000416,0.000000,0.000000,0.000000,0.000000,0.000000,0.000000,0,0.00
14.640000,-0.029,-0.300000,-0.300000,4.321,7.00,-0.138399,0.143928,-0.002979,0.303354,0.018,0.200,-1.889,-3.297,0.348,3.044708,0.028870,-0.000566,0.000000,0.000000,0.000000,0.000000,0.000000,0.000000,0,0.00
14.650000,-0.030,-0.300000,-0.300000,4.321,7.00,-0.154559,0.151065,-0.002936,0.233448,0.022,0.200,-1.887,-3.278,0.348,3.043953,0.030293,-0.000705,0.000000,0.000000,0.000000,0.000000,0.000000,0.000000,0,0.00
14.660000,-0.031,-0.300000,-0.300000,4.321,7.00,-0.169103,0.156000,-0.002904,0.194445,0.024,0.200,-1.885,-3.259,0.348,3.043727,0.031274,-0.000829,0.000000,0.000000,0.000000,0.000000,0.000000,0.000000,0,0.00
14.670000,-0.032,-0.300000,-0.300000,4.321,7.00,-0.182193,0.158889,-0.002888,0.176898,0.027,0.200,-1.884,-3.239,0.348,3.043979,0.031844,-0.000934,0.000000,0.000000,0.000000,0.000000,0.000000,0.000000,0,0.00
14.680000,-0.032,-0.273133,-0.273133,4.321,7.00,-0.193974,0.159864,-0.002847,0.116116,0.029,0.182,-1.882,-3.220,0.349,3.044661,0.032030,-0.001021,0.000000,0.000000,0.000000,0.000000,0.000000,0.000000,0,0.00
14.690000,-0.031,-0.194295,-0.194295,4.321,7.00,-0.201890,0.157059,-0.002825,0.040061,0.030,0.130,-1.881,-3.201,0.349,3.046236,0.031459,-0.001059,0.000000,0.000000,0.000000,0.000000,0.000000,0.000000,0,0.00
14.700000,-0.029,-0.143782,-0.143782,4.321,7.00,-0.201132,0.147060,-0.002786,-0.000493,0.031,0.096,-1.880,-3.181,0.349,3.049550,0.029448,-0.001010,0.000000,0.000000,0.000000,0.000000,0.000000,0.000000,0,0.00
14.710000,-0.027,-0.072129,-0.072129,4.321,7.00,-0.195398,0.133044,-0.002758,-0.058157,0.032,0.048,-1.879,-3.162,0.348,3.053764,0.026635,-0.000902,0.000000,0.000000,0.000000,0.000000,0.000000,0.000000,0,0.00
14.720000,-0.023,0.022510,0.022510,4.321,7.00,-0.183073,0.114115,-0.002734,-0.133890,0.032,0.015,-1.879,-3.143,0.348,3.059098,0.022842,-0.000736,0.000000,0.000000,0.000000,0.000000,0.000000,0.000000,0,0.00
14.730000,-0.018,0.168904,0.168904,4.321,7.00,-0.162516,0.089481,-0.002722,-0.255662,0.031,0.113,-1.878,-3.123,0.348,3.065742,0.017909,-0.000517,0.000000,0.000000,0.000000,0.000000,0.000000,0.000000,0,0.00
14.740000,-0.011,0.259582,0.259582,4.321,7.00,-0.129780,0.056825,-0.002705,-0.313702,0.029,0.173,-1.878,-3.104,0.348,3.074284,0.011374,-0.000260,0.000000,0.000000,0.000000,0.000000,0.000000,0.000000,0,0.00
14.750000,-0.004,0.300000,0.300000,4.321,7.00,-0.090848,0.021310,-0.002700,-0.387434,0.027,0.200,-1.879,-3.084,0.348,3.083386,0.004267,-0.000033,0.000000,0.000000,0.000000,0.000000,0.000000,0.000000,0,0.00
14.760000,0.002,0.300000,0.300000,4.321,7.00,-0.051767,-0.012322,-0.002703,-0.428170,0.023,0.200,-1.879,-3.065,0.348,3.091842,-0.002462,0.000114,0.000000,0.000000,0.000000,0.000000,0.000000,0.000000,0,0.00
14.770000,0.008,0.300000,0.300000,4.321,7.00,-0.016595,-0.041203,-0.002709,-0.508030,0.018,0.200,-1.879,-3.045,0.348,3.098931,-0.008241,0.000170,0.000000,0.000000,0.000000,0.000000,0.000000,0.000000,0,0.00
14.780000,0.013,0.300000,0.300000,4.321,7.00,0.015073,-0.065838,-0.002715,-0.549648,0.011,0.200,-1.880,-3.026,0.348,3.104822,-0.013171,0.000149,0.000000,0.000000,0.000000,0.000000,0.000000,0.000000,0,0.00
14.790000,0.017,0.300000,0.300000,4.321,7.00,0.043562,-0.086647,-0.002741,-0.524613,0.004,0.200,-1.880,-3.006,0.348,3.109647,-0.017337,0.000070,0.000000,0.000000,0.000000,0.000000,0.000000,0.000000,0,0.00
14.800000,0.021,0.300000,0.300000,4.321,7.00,0.069204,-0.103996,-0.002768,-0.469256,-0.002,0.200,-1.879,-2.987,0.348,3.113523,-0.020810,-0.000047,0.000000,0.000000,0.000000,0.000000,0.000000,0.000000,0,0.00
14.810000,0.024,0.300000,0.300000,4.321,7.00,0.092283,-0.118199,-0.002797,-0.423138,-0.008,0.200,-1.879,-2.968,0.348,3.116551,-0.023654,-0.000185,0.000000,0.000000,0.000000,0.000000,0.000000,0.000000,0,0.00
14.820000,0.026,0.300000,0.300000,4.321,7.00,0.113055,-0.129528,-0.002822,-0.323821,-0.013,0.200,-1.879,-2.948,0.348,3.118819,-0.025923,-0.000331,0.000000,0.000000,0.000000,0.000000,0.000000,0.000000,0,0.00
14.830000,0.028,0.300000,0.300000,4.321,7.00,0.131749,-0.138218,-0.002845,-0.195242,-0.017,0.200,-1.879,-2.929,0.348,3.120406,-0.027663,-0.000475,0.000000,0.000000,0.000000,0.000000,0.000000,0.000000,0,0.00
14.840000,0.029,0.300000,0.300000,4.321,7.00,0.148574,-0.144478,-0.002900,-0.160384,-0.021,0.200,-1.878,-2.910,0.348,3.121379,-0.028918,-0.000609,0.000000,0.000000,0.000000,0.000000,0.000000,0.000000,0,0.00
14.850000,0.030,0.285163,0.285163,4.321,7.00,0.163716,-0.148490,-0.002923,-0.133749,-0.024,0.190,-1.878,-2.890,0.348,3.121799,-0.029723,-0.000729,0.000000,0.000000,0.000000,0.000000,0.000000,0.000000,0,0.00
14.860000,0.030,0.252308,0.252308,4.321,7.00,0.175861,-0.149359,-0.002947,-0.100002,-0.026,0.168,-1.877,-2.871,0.348,3.121446,-0.029899,-0.000820,0.000000,0.000000,0.000000,0.000000,0.000000,0.000000,0,0.00
14.870000,0.029,0.205611,0.205611,4.321,7.00,0.183507,-0.146125,-0.002996,-0.056490,-0.028,0.137,-1.876,-2.851,0.348,3.120081,-0.029254,-0.000861,0.000000,0.000000,0.000000,0.000000,0.000000,0.000000,0,0.00
14.880000,0.028,0.146100,0.146100,4.321,7.00,0.185718,-0.138317,-0.003032,-0.004752,-0.029,0.097,-1.875,-2.832,0.348,3.117601,-0.027695,-0.000844,0.000000,0.000000,0.000000,0.000000,0.000000,0.000000,0,0.00
14.890000,0.025,0.058899,0.058899,4.321,7.00,0.181758,-0.125670,-0.003048,0.069819,-0.030,0.039,-1.874,-2.813,0.348,3.113951,-0.025167,-0.000765,0.000000,0.000000,0.000000,0.000000,0.000000,0.000000,0,0.00
14.900000,0.021,-0.068817,-0.068817,4.321,7.00,0.169474,-0.107011,-0.003061,0.178889,-0.030,0.046,-1.872,-2.793,0.348,3.108835,-0.021436,-0.000618,0.000000,0.000000,0.000000,0.000000,0.000000,0.000000,0,0.00
14.910000,0.016,-0.146448,-0.146448,4.321,7.00,0.147209,-0.081667,-0.003089,0.231204,-0.029,0.098,-1.870,-2.774,0.348,3.102088,-0.016363,-0.000412,0.000000,0.000000,0.000000,0.000000,0.000000,0.000000,0,0.00
14.920000,0.010,-0.231331,-0.231331,4.321,7.00,0.117846,-0.052329,-0.003104,0.286765,-0.028,0.154,-1.868,-2.755,0.348,3.094428,-0.010487,-0.000193,0.000000,0.000000,0.000000,0.000000,0.000000,0.000000,0,0.00
14.930000,0.004,-0.300000,-0.300000,4.321,7.00,0.082932,-0.020550,-0.003106,0.507806,-0.025,0.200,-1.866,-2.735,0.348,3.086257,-0.004116,-0.000002,0.000000,0.000000,0.000000,0.000000,0.000000,0.000000,0,0.00
14.940000,-0.002,-0.300000,-0.300000,4.321,7.00,0.044644,0.011814,-0.003103,0.517069,-0.021,0.200,-1.863,-2.716,0.348,3.078063,0.002375,0.000125,0.000000,0.000000,0.000000,0.000000,0.000000,0.000000,0,0.00
14.950000,-0.008,-0.300000,-0.300000,4.321,7.00,0.010186,0.039581,-0.003098,0.559311,-0.016,0.200,-1.861,-2.697,0.348,3.071205,0.007948,0.000168,0.000000,0.000000,0.000000,0.000000,0.000000,0.000000,0,0.00
14.960000,-0.013,-0.300000,-0.300000,4.321,7.00,-0.020842,0.063248,-0.003084,0.579007,-0.010,0.200,-1.859,-2.677,0.348,3.065524,0.012697,0.000141,0.000000,0.000000,0.000000,0.000000,0.000000,0.000000,0,0.00
14.970000,-0.017,-0.300000,-0.300000,4.321,7.00,-0.048755,0.083224,-0.003065,0.574788,-0.004,0.200,-1.856,-2.658,0.348,3.060888,0.016705,0.000060,0.000000,0.000000,0.000000,0.000000,0.000000,0.000000,0,0.00
14.980000,-0.020,-0.300000,-0.300000,4.321,7.00,-0.073879,0.099857,-0.003054,0.433015,0.002,0.200,-1.854,-2.639,0.348,3.057182,0.020039,-0.000055,0.000000,0.000000,0.000000,0.000000,0.000000,0.000000,0,0.00
14.990000,-0.023,-0.300000,-0.300000,4.321,7.00,-0.096490,0.113444,-0.003045,0.465437,0.008,0.200,-1.852,-2.620,0.348,3.054307,0.022761,-0.000189,0.000000,0.000000,0.000000,0.000000,0.000000,0.000000,0,0.00
15.000000,-0.025,-0.300000,-0.300000,4.321,7.00,-0.116841,0.124248,-0.003015,0.359120,0.013,0.200,-1.850,-2.600,0.348,3.052174,0.024922,-0.000330,0.000000,0.000000,0.000000,0.000000,0.000000,0.000000,0,0.00
15.010000,-0.026,-0.300000,-0.300000,4.321,7.00,-0.135157,0.132476,-0.002994,0.323643,0.017,0.200,-1.849,-2.581,0.348,3.050709,0.026566,-0.000468,0.000000,0.000000,0.000000,0.000000,0.000000,0.000000,0,0.00
15.020000,-0.028,-0.300000,-0.300000,4.321,7.00,-0.151641,0.138320,-0.002946,0.276787,0.020,0.200,-1.847,-2.562,0.348,3.049847,0.027730,-0.000595,0.000000,0.000000,0.000000,0.000000,0.000000,0.000000,0,0.00
15.030000,-0.028,-0.300000,-0.300000,4.321,7.00,-0.166477,0.141947,-0.002929,0.197851,0.023,0.200,-1.845,-2.542,0.348,3.049525,0.028449,-0.000708,0.000000,0.000000,0.000000,0.000000,0.000000,0.000000,0,0.00
15.040000,-0.029,-0.244986,-0.244986,4.321,7.00,-0.179829,0.143511,-0.002917,0.104392,0.025,0.163,-1.844,-2.523,0.348,3.049691,0.028754,-0.000801,0.000000,0.000000,0.000000,0.000000,0.000000,0.000000,0,0.00
15.050000,-0.028,-0.203446,-0.203446,4.321,7.00,-0.186346,0.139178,-0.002871,0.067139,0.026,0.136,-1.842,-2.504,0.348,3.051328,0.027878,-0.000829,0.000000,0.000000,0.000000,0.000000,0.000000,0.000000,0,0.00
15.060000,-0.026,-0.140849,-0.140849,4.321,7.00,-0.188058,0.130690,-0.002837,0.012996,0.028,0.094,-1.841,-2.484,0.348,3.053945,0.026171,-0.000802,0.000000,0.000000,0.000000,0.000000,0.000000,0.000000,0,0.00
15.070000,-0.023,-0.009950,-0.009950,4.321,7.00,-0.183338,0.117072,-0.002827,-0.104295,0.028,0.007,-1.840,-2.465,0.348,3.057775,0.023439,-0.000711,0.000000,0.000000,0.000000,0.000000,0.000000,0.000000,0,0.00
15.080000,-0.019,0.088978,0.088978,4.321,7.00,-0.169375,0.096608,-0.002806,-0.182781,0.029,0.059,-1.840,-2.445,0.348,3.063234,0.019339,-0.000547,0.000000,0.000000,0.000000,0.000000,0.000000,0.000000,0,0.00
15.090000,-0.014,0.227551,0.227551,4.321,7.00,-0.146315,0.069909,-0.002794,-0.294666,0.028,0.152,-1.840,-2.426,0.348,3.070129,0.013994,-0.000333,0.000000,0.000000,0.000000,0.000000,0.000000,0.000000,0,0.00
15.100000,-0.008,0.300000,0.300000,4.321,7.00,-0.114273,0.037599,-0.002786,-0.378988,0.026,0.200,-1.840,-2.406,0.348,3.078275,0.007528,-0.000108,0.000000,0.000000,0.000000,0.000000,0.000000,0.000000,0,0.00
15.110000,-0.000,0.300000,0.300000,4.321,7.00,-0.073345,0.000290,-0.002786,-0.468061,0.023,0.200,-1.840,-2.387,0.348,3.087498,0.000062,0.000081,0.000000,0.000000,0.000000,0.000000,0.000000,0.000000,0,0.00
15.120000,0.007,0.300000,0.300000,4.321,7.00,-0.036014,-0.032525,-0.002789,-0.573978,0.019,0.200,-1.840,-2.368,0.348,3.095349,-0.006504,0.000174,0.000000,0.000000,0.000000,0.000000,0.000000,0.000000,0,0.00
15.130000,0.012,0.300000,0.300000,4.321,7.00,-0.002444,-0.060958,-0.002794,-0.745190,0.014,0.200,-1.840,-2.348,0.348,3.101912,-0.012195,0.000177,0.000000,0.000000,0.000000,0.000000,0.000000,0.000000,0,0.00
15.140000,0.017,0.300000,0.300000,4.321,7.00,0.027835,-0.085454,-0.002832,-0.680416,0.008,0.200,-1.840,-2.329,0.348,3.107333,-0.017098,0.000111,0.000000,0.000000,0.000000,0.000000,0.000000,0.000000,0,0.00
15.150000,0.021,0.300000,0.300000,4.321,7.00,0.055050,-0.106392,-0.002859,-0.641187,0.000,0.200,-1.840,-2.309,0.348,3.111740,-0.021290,-0.000004,0.000000,0.000000,0.000000,0.000000,0.000000,0.000000,0,0.00
15.160000,0.025,0.300000,0.300000,4.321,7.00,0.079544,-0.124106,-0.002869,-0.661518,-0.007,0.200,-1.840,-2.290,0.348,3.115242,-0.024836,-0.000151,0.000000,0.000000,0.000000,0.000000,0.000000,0.000000,0,0.00
15.170000,0.028,0.300000,0.300000,4.321,7.00,0.101589,-0.138879,-0.002902,-0.489528,-0.012,0.200,-1.839,-2.271,0.348,3.117936,-0.027795,-0.000313,0.000000,0.000000,0.000000,0.000000,0.000000,0.000000,0,0.00
15.180000,0.030,0.300000,0.300000,4.321,7.00,0.121430,-0.150958,-0.002924,-0.312437,-0.017,0.200,-1.839,-2.251,0.348,3.119904,-0.030214,-0.000479,0.000000,0.000000,0.000000,0.000000,0.000000,0.000000,0,0.00
15.190000,0.032,0.300000,0.300000,4.321,7.00,0.139287,-0.160558,-0.002940,-0.337588,-0.021,0.200,-1.838,-2.232,0.348,3.121220,-0.032137,-0.000640,0.000000,0.000000,0.000000,0.000000,0.000000,0.000000,0,0.00
15.200000,0.034,0.300000,0.300000,4.321,7.00,0.155358,-0.167870,-0.002988,-0.300644,-0.025,0.200,-1.838,-2.213,0.348,3.121950,-0.033602,-0.000791,0.000000,0.000000,0.000000,0.000000,0.000000,0.000000,0,0.00
15.210000,0.035,0.300000,0.300000,4.321,7.00,0.169823,-0.173062,-0.003029,-0.184135,-0.028,0.200,-1.837,-2.193,0.348,3.122153,-0.034644,-0.000926,0.000000,0.000000,0.000000,0.000000,0.000000,0.000000,0,0.00
15.220000,0.035,0.300000,0.300000,4.321,7.00,0.182840,-0.176285,-0.003069,-0.152511,-0.030,0.200,-1.836,-2.174,0.348,3.121880,-0.035292,-0.001042,0.000000,0.000000,0.000000,0.000000,0.000000,0.000000,0,0.00
15.230000,0.036,0.283299,0.283299,4.321,7.00,0.194556,-0.177670,-0.003124,-0.102506,-0.032,0.189,-1.835,-2.154,0.349,3.121179,-0.035572,-0.001140,0.000000,0.000000,0.000000,0.000000,0.000000,0.000000,0,0.00
15.240000,0.035,0.217587,0.217587,4.321,7.00,0.203431,-0.176072,-0.003169,-0.038347,-0.034,0.145,-1.834,-2.135,0.349,3.119777,-0.035256,-0.001201,0.000000,0.000000,0.000000,0.000000,0.000000,0.000000,0,0.00
15.250000,0.034,0.145850,0.145850,4.321,7.00,0.204848,-0.168102,-0.003187,0.025438,-0.035,0.097,-1.833,-2.116,0.349,3.116850,-0.033666,-0.001171,0.000000,0.000000,0.000000,0.000000,0.000000,0.000000,0,0.00
15.260000,0.031,0.087128,0.087128,4.321,7.00,0.198950,-0.154205,-0.003231,0.070308,-0.035,0.058,-1.832,-2.096,0.349,3.112546,-0.030890,-0.001059,0.000000,0.000000,0.000000,0.000000,0.000000,0.000000,0,0.00
15.270000,0.027,0.006616,0.006616,4.321,7.00,0.187769,-0.136314,-0.003260,0.132958,-0.036,0.004,-1.830,-2.077,0.348,3.107373,-0.027313,-0.000890,0.000000,0.000000,0.000000,0.000000,0.000000,0.000000,0,0.00
15.280000,0.023,-0.060513,-0.060513,4.321,7.00,0.169656,-0.113496,-0.003300,0.177310,-0.035,0.040,-1.828,-2.058,0.348,3.101110,-0.022747,-0.000670,0.000000,0.000000,0.000000,0.000000,0.000000,0.000000,0,0.00
15.290000,0.018,-0.227493,-0.227493,4.321,7.00,0.146641,-0.087710,-0.003310,0.318514,-0.034,0.152,-1.826,-2.038,0.348,3.094263,-0.017583,-0.000434,0.000000,0.000000,0.000000,0.000000,0.000000,0.000000,0,0.00
15.300000,0.011,-0.280030,-0.280030,4.321,7.00,0.112373,-0.054543,-0.003328,0.337900,-0.031,0.187,-1.823,-2.019,0.348,3.085733,-0.010936,-0.000179,0.000000,0.000000,0.000000,0.000000,0.000000,0.000000,0,0.00
15.310000,0.004,-0.300000,-0.300000,4.321,7.00,0.073137,-0.019391,-0.003334,0.379078,-0.027,0.200,-1.821,-2.000,0.348,3.076886,-0.003885,0.000027,0.000000,0.000000,0.000000,0.000000,0.000000,0.000000,0,0.00
15.320000,-0.002,-0.300000,-0.300000,4.321,7.00,0.035827,0.012369,-0.003332,0.534331,-0.023,0.200,-1.818,-1.980,0.348,3.069059,0.002491,0.000143,0.000000,0.000000,0.000000,0.000000,0.000000,0.000000,0,0.00
15.330000,-0.008,-0.300000,-0.300000,4.321,7.00,0.002277,0.039548,-0.003319,0.545733,-0.018,0.200,-1.816,-1.961,0.348,3.062522,0.007948,0.000173,0.000000,0.000000,0.000000,0.000000,0.000000,0.000000,0,0.00
15.340000,-0.013,-0.300000,-0.300000,4.321,7.00,-0.027986,0.062623,-0.003308,0.482668,-0.011,0.200,-1.813,-1.942,0.348,3.057123,0.012581,0.000133,0.000000,0.000000,0.000000,0.000000,0.000000,0.000000,0,0.00
15.350000,-0.016,-0.300000,-0.300000,4.321,7.00,-0.055186,0.081990,-0.003277,0.448934,-0.004,0.200,-1.811,-1.923,0.348,3.052737,0.016468,0.000045,0.000000,0.000000,0.000000,0.000000,0.000000,0.000000,0,0.00
15.360000,-0.020,-0.300000,-0.300000,4.321,7.00,-0.079666,0.097988,-0.003266,0.462423,0.002,0.200,-1.809,-1.903,0.348,3.049253,0.019676,-0.000073,0.000000,0.000000,0.000000,0.000000,0.000000,0.000000,0,0.00
15.370000,-0.022,-0.300000,-0.300000,4.321,7.00,-0.101699,0.110909,-0.003231,0.280109,0.008,0.200,-1.807,-1.884,0.348,3.046576,0.022264,-0.000206,0.000000,0.000000,0.000000,0.000000,0.000000,0.000000,0,0.00
15.380000,-0.024,-0.300000,-0.300000,4.321,7.00,-0.121529,0.121015,-0.003199,0.251248,0.013,0.200,-1.805,-1.865,0.348,3.044621,0.024286,-0.000343,0.000000,0.000000,0.000000,0.000000,0.000000,0.000000,0,0.00
15.390000,-0.026,-0.300000,-0.300000,4.321,7.00,-0.139376,0.128518,-0.003185,0.215742,0.016,0.200,-1.803,-1.845,0.348,3.043316,0.025784,-0.000474,0.000000,0.000000,0.000000,0.000000,0.000000,0.000000,0,0.00
15.400000,-0.027,-0.300000,-0.300000,4.321,7.00,-0.155438,0.133604,-0.003154,0.196477,0.020,0.200,-1.801,-1.826,0.348,3.042595,0.026797,-0.000593,0.000000,0.000000,0.000000,0.000000,0.000000,0.000000,0,0.00
15.410000,-0.027,-0.254453,-0.254453,4.321,7.00,-0.169894,0.136446,-0.003129,0.121136,0.022,0.170,-1.799,-1.807,0.348,3.042402,0.027358,-0.000696,0.000000,0.000000,0.000000,0.000000,0.000000,0.000000,0,0.00
15.420000,-0.027,-0.219535,-0.219535,4.321,7.00,-0.178351,0.133838,-0.003090,0.088787,0.024,0.146,-1.797,-1.787,0.348,3.043535,0.026827,-0.000743,0.000000,0.000000,0.000000,0.000000,0.000000,0.000000,0,0.00
15.430000,-0.025,-0.169699,-0.169699,4.321,7.00,-0.182470,0.127264,-0.003062,0.045497,0.026,0.113,-1.796,-1.768,0.348,3.045588,0.025502,-0.000740,0.000000,0.000000,0.000000,0.000000,0.000000,0.000000,0,0.00
15.440000,-0.023,-0.077713,-0.077713,4.321,7.00,-0.181194,0.116147,-0.003038,-0.035395,0.027,0.052,-1.795,-1.749,0.348,3.048697,0.023269,-0.000682,0.000000,0.000000,0.000000,0.000000,0.000000,0.000000,0,0.00
15.450000,-0.020,0.045694,0.045694,4.321,7.00,-0.170848,0.098080,-0.003026,-0.140748,0.027,0.030,-1.794,-1.729,0.348,3.053459,0.019645,-0.000549,0.000000,0.000000,0.000000,0.000000,0.000000,0.000000,0,0.00
15.460000,-0.014,0.138855,0.138855,4.321,7.00,-0.149196,0.071971,-0.003005,-0.207821,0.027,0.093,-1.793,-1.710,0.348,3.060132,0.014414,-0.000349,0.000000,0.000000,0.000000,0.000000,0.000000,0.000000,0,0.00
15.470000,-0.008,0.247888,0.247888,4.321,7.00,-0.120394,0.041579,-0.002995,-0.286472,0.025,0.165,-1.793,-1.690,0.348,3.067738,0.008328,-0.000138,0.000000,0.000000,0.000000,0.000000,0.000000,0.000000,0,0.00
15.480000,-0.001,0.300000,0.300000,4.321,7.00,-0.083570,0.006774,-0.002994,-0.368297,0.023,0.200,-1.793,-1.671,0.348,3.076318,0.001361,0.000048,0.000000,0.000000,0.000000,0.000000,0.000000,0.000000,0,0.00
15.490000,0.005,0.300000,0.300000,4.321,7.00,-0.045217,-0.027270,-0.002997,-0.523651,0.020,0.200,-1.793,-1.652,0.348,3.084543,-0.005454,0.000159,0.000000,0.000000,0.000000,0.000000,0.000000,0.000000,0,0.00
15.500000,0.011,0.300000,0.300000,4.321,7.00,-0.010702,-0.056672,-0.003002,-0.622232,0.014,0.200,-1.793,-1.632,0.348,3.091429,-0.011340,0.000181,0.000000,0.000000,0.000000,0.000000,0.000000,0.000000,0,0.00
15.510000,0.016,0.300000,0.300000,4.321,7.00,0.020377,-0.081896,-0.003013,-0.690064,0.008,0.200,-1.793,-1.613,0.348,3.097137,-0.016390,0.000130,0.000000,0.000000,0.000000,0.000000,0.000000,0.000000,0,0.00
15.520000,0.021,0.300000,0.300000,4.321,7.00,0.048337,-0.103360,-0.003050,-0.643582,0.001,0.200,-1.793,-1.593,0.348,3.101798,-0.020689,0.000026,0.000000,0.000000,0.000000,0.000000,0.000000,0.000000,0,0.00
15.530000,0.024,0.300000,0.300000,4.321,7.00,0.073502,-0.121423,-0.003065,-0.639899,-0.005,0.200,-1.792,-1.574,0.348,3.105527,-0.024307,-0.000112,0.000000,0.000000,0.000000,0.000000,0.000000,0.000000,0,0.00
15.540000,0.027,0.300000,0.300000,4.321,7.00,0.096151,-0.136389,-0.003077,-0.561422,-0.011,0.200,-1.792,-1.555,0.348,3.108423,-0.027305,-0.000270,0.000000,0.000000,0.000000,0.000000,0.000000,0.000000,0,0.00
15.550000,0.030,0.300000,0.300000,4.321,7.00,0.116536,-0.148523,-0.003124,-0.395397,-0.016,0.200,-1.791,-1.535,0.348,3.110573,-0.029737,-0.000434,0.000000,0.000000,0.000000,0.000000,0.000000,0.000000,0,0.00
15.560000,0.032,0.300000,0.300000,4.321,7.00,0.134882,-0.158056,-0.003165,-0.294499,-0.021,0.200,-1.791,-1.516,0.348,3.112051,-0.031648,-0.000594,0.000000,0.000000,0.000000,0.000000,0.000000,0.000000,0,0.00
15.570000,0.033,0.300000,0.300000,4.321,7.00,0.151393,-0.165191,-0.003179,-0.310110,-0.024,0.200,-1.790,-1.496,0.348,3.112928,-0.033079,-0.000745,0.000000,0.000000,0.000000,0.000000,0.000000,0.000000,0,0.00
15.580000,0.034,0.300000,0.300000,4.321,7.00,0.166254,-0.170105,-0.003218,-0.226308,-0.027,0.200,-1.789,-1.477,0.348,3.113261,-0.034066,-0.000880,0.000000,0.000000,0.000000,0.000000,0.000000,0.000000,0,0.00
15.590000,0.035,0.300000,0.300000,4.321,7.00,0.179629,-0.172957,-0.003252,-0.124504,-0.030,0.200,-1.788,-1.458,0.348,3.113106,-0.034641,-0.000997,0.000000,0.000000,0.000000,0.000000,0.000000,0.000000,0,0.00
15.600000,0.035,0.279967,0.279967,4.321,7.00,0.191666,-0.173887,-0.003293,-0.102786,-0.032,0.187,-1.787,-1.438,0.349,3.112511,-0.034831,-0.001093,0.000000,0.000000,0.000000,0.000000,0.000000,0.000000,0,0.00
15.610000,0.034,0.247617,0.247617,4.321,7.00,0.200496,-0.171583,-0.003334,-0.072700,-0.033,0.165,-1.786,-1.419,0.349,3.111143,-0.034374,-0.001150,0.000000,0.000000,0.000000,0.000000,0.000000,0.000000,0,0.00
15.620000,0.033,0.171627,0.171627,4.321,7.00,0.205209,-0.165523,-0.003373,-0.002731,-0.034,0.114,-1.785,-1.400,0.349,3.108881,-0.033166,-0.001150,0.000000,0.000000,0.000000,0.000000,0.000000,0.000000,0,0.00
15.630000,0.031,0.090014,0.090014,4.321,7.00,0.201853,-0.153048,-0.003395,0.066429,-0.035,0.060,-1.783,-1.380,0.349,3.105043,-0.030674,-0.001068,0.000000,0.000000,0.000000,0.000000,0.000000,0.000000,0,0.00
15.640000,0.027,-0.026170,-0.026170,4.321,7.00,0.190671,-0.134785,-0.003413,0.164368,-0.035,0.017,-1.782,-1.361,0.348,3.099814,-0.027022,-0.000908,0.000000,0.000000,0.000000,0.000000,0.000000,0.000000,0,0.00
15.650000,0.022,-0.106861,-0.106861,4.321,7.00,0.169479,-0.109656,-0.003446,0.219964,-0.034,0.071,-1.779,-1.342,0.348,3.092922,-0.021992,-0.000671,0.000000,0.000000,0.000000,0.000000,0.000000,0.000000,0,0.00
15.660000,0.016,-0.214274,-0.214274,4.321,7.00,0.141848,-0.080856,-0.003464,0.298594,-0.033,0.143,-1.777,-1.322,0.348,3.085217,-0.016221,-0.000411,0.000000,0.000000,0.000000,0.000000,0.000000,0.000000,0,0.00
15.670000,0.010,-0.300000,-0.300000,4.321,7.00,0.106240,-0.047739,-0.003468,0.525290,-0.031,0.200,-1.774,-1.303,0.348,3.076524,-0.009578,-0.000156,0.000000,0.000000,0.000000,0.000000,0.000000,0.000000,0,0.00
15.680000,0.003,-0.300000,-0.300000,4.321,7.00,0.065621,-0.012893,-0.003471,0.560733,-0.027,0.200,-1.771,-1.284,0.348,3.067528,-0.002583,0.000042,0.000000,0.000000,0.000000,0.000000,0.000000,0.000000,0,0.00
15.690000,-0.003,-0.300000,-0.300000,4.321,7.00,0.029062,0.017098,-0.003468,0.590064,-0.022,0.200,-1.768,-1.264,0.348,3.059964,0.003443,0.000146,0.000000,0.000000,0.000000,0.000000,0.000000,0.000000,0,0.00
15.700000,-0.009,-0.300000,-0.300000,4.321,7.00,-0.003866,0.042786,-0.003456,0.597278,-0.016,0.200,-1.766,-1.245,0.348,3.053659,0.008605,0.000165,0.000000,0.000000,0.000000,0.000000,0.000000,0.000000,0,0.00
15.710000,-0.013,-0.300000,-0.300000,4.321,7.00,-0.033460,0.064628,-0.003434,0.552247,-0.010,0.200,-1.763,-1.226,0.348,3.048466,0.012993,0.000117,0.000000,0.000000,0.000000,0.000000,0.000000,0.000000,0,0.00
15.720000,-0.017,-0.300000,-0.300000,4.321,7.00,-0.060113,0.083006,-0.003424,0.409022,-0.003,0.200,-1.761,-1.207,0.348,3.044263,0.016683,0.000024,0.000000,0.000000,0.000000,0.000000,0.000000,0.000000,0,0.00
15.730000,-0.020,-0.300000,-0.300000,4.321,7.00,-0.084101,0.098239,-0.003398,0.354394,0.003,0.200,-1.758,-1.188,0.348,3.040942,0.019739,-0.000097,0.000000,0.000000,0.000000,0.000000,0.000000,0.000000,0,0.00
15.740000,-0.022,-0.300000,-0.300000,4.321,7.00,-0.105691,0.110603,-0.003377,0.278490,0.009,0.200,-1.756,-1.168,0.348,3.038413,0.022217,-0.000232,0.000000,0.000000,0.000000,0.000000,0.000000,0.000000,0,0.00
15.750000,-0.024,-0.300000,-0.300000,4.321,7.00,-0.125121,0.120345,-0.003352,0.248629,0.013,0.200,-1.754,-1.149,0.348,3.036590,0.024166,-0.000369,0.000000,0.000000,0.000000,0.000000,0.000000,0.000000,0,0.00
15.760000,-0.026,-0.300000,-0.300000,4.321,7.00,-0.142609,0.127668,-0.003316,0.225475,0.017,0.200,-1.752,-1.130,0.348,3.035403,0.025628,-0.000500,0.000000,0.000000,0.000000,0.000000,0.000000,0.000000,0,0.00
15.770000,-0.027,-0.272219,-0.272219,4.321,7.00,-0.158348,0.132747,-0.003291,0.142764,0.020,0.181,-1.750,-1.110,0.348,3.034789,0.026638,-0.000619,0.000000,0.000000,0.000000,0.000000,0.000000,0.000000,0,0.00
15.780000,-0.027,-0.242199,-0.242199,4.321,7.00,-0.169736,0.133751,-0.003275,0.111723,0.022,0.161,-1.748,-1.091,0.348,3.035210,0.026830,-0.000704,0.000000,0.000000,0.000000,0.000000,0.000000,0.000000,0,0.00
15.790000,-0.026,-0.191496,-0.191496,4.321,7.00,-0.176983,0.130989,-0.003236,0.063744,0.024,0.128,-1.747,-1.072,0.348,3.036560,0.026268,-0.000743,0.000000,0.000000,0.000000,0.000000,0.000000,0.000000,0,0.00
15.800000,-0.025,-0.134803,-0.134803,4.321,7.00,-0.178436,0.123423,-0.003204,0.014584,0.026,0.090,-1.745,-1.052,0.348,3.039088,0.024743,-0.000724,0.000000,0.000000,0.000000,0.000000,0.000000,0.000000,0,0.00
15.810000,-0.022,-0.067604,-0.067604,4.321,7.00,-0.174074,0.111286,-0.003181,-0.040501,0.027,0.045,-1.744,-1.033,0.348,3.042704,0.022304,-0.000649,0.000000,0.000000,0.000000,0.000000,0.000000,0.000000,0,0.00
15.820000,-0.019,0.043660,0.043660,4.321,7.00,-0.163429,0.094534,-0.003168,-0.135026,0.027,0.029,-1.743,-1.014,0.348,3.047398,0.018943,-0.000523,0.000000,0.000000,0.000000,0.000000,0.000000,0.000000,0,0.00
15.830000,-0.014,0.108896,0.108896,4.321,7.00,-0.143675,0.071446,-0.003140,-0.177202,0.026,0.073,-1.743,-0.994,0.348,3.053590,0.014315,-0.000347,0.000000,0.000000,0.000000,0.000000,0.000000,0.000000,0,0.00
15.840000,-0.009,0.251065,0.251065,4.321,7.00,-0.118421,0.045151,-0.003133,-0.293083,0.025,0.167,-1.742,-0.975,0.348,3.060446,0.009047,-0.000162,0.000000,0.000000,0.000000,0.000000,0.000000,0.000000,0,0.00
15.850000,-0.003,0.300000,0.300000,4.321,7.00,-0.084184,0.013462,-0.003129,-0.337444,0.022,0.200,-1.742,-0.955,0.348,3.068521,0.002700,0.000010,0.000000,0.000000,0.000000,0.000000,0.000000,0.000000,0,0.00
15.860000,0.004,0.300000,0.300000,4.321,7.00,-0.045770,-0.019638,-0.003134,-0.382438,0.019,0.200,-1.742,-0.936,0.348,3.076775,-0.003928,0.000124,0.000000,0.000000,0.000000,0.000000,0.000000,0.000000,0,0.00
15.870000,0.010,0.300000,0.300000,4.321,7.00,-0.011199,-0.048166,-0.003139,-0.493920,0.014,0.200,-1.742,-0.916,0.348,3.083683,-0.009640,0.000157,0.000000,0.000000,0.000000,0.000000,0.000000,0.000000,0,0.00
15.880000,0.015,0.300000,0.300000,4.321,7.00,0.019929,-0.072554,-0.003161,-0.507509,0.009,0.200,-1.742,-0.897,0.348,3.089410,-0.014525,0.000119,0.000000,0.000000,0.000000,0.000000,0.000000,0.000000,0,0.00
15.890000,0.019,0.300000,0.300000,4.321,7.00,0.047934,-0.093205,-0.003178,-0.460320,0.003,0.200,-1.741,-0.878,0.348,3.094087,-0.018662,0.000028,0.000000,0.000000,0.000000,0.000000,0.000000,0.000000,0,0.00
15.900000,0.022,0.300000,0.300000,4.321,7.00,0.073140,-0.110461,-0.003204,-0.443135,-0.004,0.200,-1.741,-0.858,0.348,3.097830,-0.022119,-0.000096,0.000000,0.000000,0.000000,0.000000,0.000000,0.000000,0,0.00
15.910000,0.025,0.300000,0.300000,4.321,7.00,0.095825,-0.124617,-0.003216,-0.459159,-0.010,0.200,-1.740,-0.839,0.348,3.100738,-0.024957,-0.000240,0.000000,0.000000,0.000000,0.000000,0.000000,0.000000,0,0.00
15.920000,0.027,0.300000,0.300000,4.321,7.00,0.116243,-0.135928,-0.003245,-0.304280,-0.015,0.200,-1.740,-0.819,0.348,3.102898,-0.027224,-0.000390,0.000000,0.000000,0.000000,0.000000,0.000000,0.000000,0,0.00
15.930000,0.029,0.300000,0.300000,4.321,7.00,0.134618,-0.144617,-0.003269,-0.286459,-0.019,0.200,-1.739,-0.800,0.348,3.104385,-0.028968,-0.000537,0.000000,0.000000,0.000000,0.000000,0.000000,0.000000,0,0.00
15.940000,0.030,0.300000,0.300000,4.321,7.00,0.151156,-0.150883,-0.003290,-0.241791,-0.022,0.200,-1.738,-0.781,0.348,3.105269,-0.030226,-0.000673,0.000000,0.000000,0.000000,0.000000,0.000000,0.000000,0,0.00
15.950000,0.031,0.300000,0.300000,4.321,7.00,0.166041,-0.154897,-0.003341,-0.203604,-0.025,0.200,-1.737,-0.761,0.348,3.105609,-0.031033,-0.000795,0.000000,0.000000,0.000000,0.000000,0.000000,0.000000,0,0.00
15.960000,0.031,0.273042,0.273042,4.321,7.00,0.179437,-0.156815,-0.003363,-0.112864,-0.027,0.182,-1.736,-0.742,0.348,3.105459,-0.031421,-0.000897,0.000000,0.000000,0.000000,0.000000,0.000000,0.000000,0,0.00
15.970000,0.031,0.232148,0.232148,4.321,7.00,0.188798,-0.154749,-0.003405,-0.073994,-0.029,0.155,-1.735,-0.723,0.348,3.104365,-0.031012,-0.000952,0.000000,0.000000,0.000000,0.000000,0.000000,0.000000,0,0.00
15.980000,0.030,0.168103,0.168103,4.321,7.00,0.193134,-0.148101,-0.003430,-0.016572,-0.030,0.112,-1.734,-0.703,0.348,3.102201,-0.029685,-0.000948,0.000000,0.000000,0.000000,0.000000,0.000000,0.000000,0,0.00
15.990000,0.027,0.091916,0.091916,4.321,7.00,0.190632,-0.135717,-0.003462,0.047262,-0.031,0.061,-1.733,-0.684,0.348,3.098706,-0.027209,-0.000870,0.000000,0.000000,0.000000,0.000000,0.000000,0.000000,0,0.00
16.000000,0.024,0.017741,0.017741,4.321,7.00,0.180763,-0.117544,-0.003490,0.103293,-0.031,0.012,-1.731,-0.665,0.348,3.093895,-0.023572,-0.000722,0.000000,0.000000,0.000000,0.000000,0.000000,0.000000,0,0.00
16.010000,0.019,-0.088067,-0.088067,4.321,7.00,0.164462,-0.094709,-0.003509,0.186284,-0.031,0.059,-1.729,-0.645,0.348,3.088073,-0.018998,-0.000526,0.000000,0.000000,0.000000,0.000000,0.000000,0.000000,0,0.00
16.020000,0.013,-0.176565,-0.176565,4.321,7.00,0.139212,-0.065727,-0.003528,0.245819,-0.030,0.118,-1.727,-0.626,0.348,3.080881,-0.013188,-0.000293,0.000000,0.000000,0.000000,0.000000,0.000000,0.000000,0,0.00
16.030000,0.007,-0.281979,-0.281979,4.321,7.00,0.107637,-0.033128,-0.003535,0.318642,-0.027,0.188,-1.724,-0.607,0.348,3.072968,-0.006646,-0.000074,0.000000,0.000000,0.000000,0.000000,0.000000,0.000000,0,0.00
16.040000,-0.001,-0.300000,-0.300000,4.321,7.00,0.068681,0.003460,-0.003534,0.565663,-0.024,0.200,-1.721,-0.587,0.348,3.064241,0.000702,0.000098,0.000000,0.000000,0.000000,0.000000,0.000000,0.000000,0,0.00
16.050000,-0.007,-0.300000,-0.300000,4.321,7.00,0.031816,0.036622,-0.003525,0.601199,-0.019,0.200,-1.719,-0.568,0.348,3.056559,0.007366,0.000175,0.000000,0.000000,0.000000,0.000000,0.000000,0.000000,0,0.00
16.060000,-0.013,-0.300000,-0.300000,4.321,7.00,-0.001425,0.065332,-0.003515,0.650909,-0.013,0.200,-1.716,-0.549,0.348,3.050149,0.013137,0.000164,0.000000,0.000000,0.000000,0.000000,0.000000,0.000000,0,0.00
16.070000,-0.018,-0.300000,-0.300000,4.321,7.00,-0.031226,0.090052,-0.003507,0.763604,-0.007,0.200,-1.714,-0.530,0.348,3.044865,0.018104,0.000086,0.000000,0.000000,0.000000,0.000000,0.000000,0.000000,0,0.00
16.080000,-0.022,-0.300000,-0.300000,4.321,7.00,-0.058102,0.111185,-0.003471,0.706835,0.001,0.200,-1.712,-0.510,0.348,3.040578,0.022349,-0.000039,0.000000,0.000000,0.000000,0.000000,0.000000,0.000000,0,0.00
16.090000,-0.026,-0.300000,-0.300000,4.321,7.00,-0.082291,0.129058,-0.003453,0.510114,0.007,0.200,-1.709,-0.491,0.348,3.037183,0.025936,-0.000192,0.000000,0.000000,0.000000,0.000000,0.000000,0.000000,0,0.00
16.100000,-0.029,-0.300000,-0.300000,4.321,7.00,-0.104061,0.143958,-0.003417,0.464795,0.013,0.200,-1.707,-0.472,0.348,3.034586,0.028923,-0.000358,0.000000,0.000000,0.000000,0.000000,0.000000,0.000000,0,0.00
16.110000,-0.031,-0.300000,-0.300000,4.321,7.00,-0.123655,0.156140,-0.003393,0.390798,0.018,0.200,-1.705,-0.453,0.348,3.032702,0.031362,-0.000528,0.000000,0.000000,0.000000,0.000000,0.000000,0.000000,0,0.00
16.120000,-0.033,-0.300000,-0.300000,4.321,7.00,-0.141289,0.165822,-0.003350,0.237740,0.022,0.200,-1.703,-0.433,0.348,3.031460,0.033296,-0.000692,0.000000,0.000000,0.000000,0.000000,0.000000,0.000000,0,0.00
16.130000,-0.035,-0.300000,-0.300000,4.321,7.00,-0.157160,0.173182,-0.003311,0.217323,0.026,0.200,-1.702,-0.414,0.348,3.030795,0.034763,-0.000845,0.000000,0.000000,0.000000,0.000000,0.000000,0.000000,0,0.00
16.140000,-0.036,-0.300000,-0.300000,4.321,7.00,-0.171444,0.178391,-0.003288,0.160067,0.029,0.200,-1.700,-0.395,0.348,3.030651,0.035797,-0.000981,0.000000,0.000000,0.000000,0.000000,0.000000,0.000000,0,0.00
16.150000,-0.036,-0.300000,-0.300000,4.321,7.00,-0.184300,0.181601,-0.003267,0.139006,0.031,0.200,-1.698,-0.375,0.348,3.030977,0.036430,-0.001098,0.000000,0.000000,0.000000,0.000000,0.000000,0.000000,0,0.00
16.160000,-0.037,-0.271904,-0.271904,4.321,7.00,-0.195870,0.182940,-0.003218,0.092182,0.033,0.181,-1.696,-0.356,0.349,3.031724,0.036686,-0.001196,0.000000,0.000000,0.000000,0.000000,0.000000,0.000000,0,0.00
16.170000,-0.036,-0.238057,-0.238057,4.321,7.00,-0.203474,0.180453,-0.003178,0.060783,0.035,0.159,-1.695,-0.337,0.349,3.033383,0.036176,-0.001244,0.000000,0.000000,0.000000,0.000000,0.000000,0.000000,0,0.00
16.180000,-0.035,-0.165154,-0.165154,4.321,7.00,-0.206933,0.174175,-0.003163,-0.005858,0.036,0.110,-1.694,-0.317,0.349,3.035924,0.034907,-0.001234,0.000000,0.000000,0.000000,0.000000,0.000000,0.000000,0,0.00
16.190000,-0.032,-0.091107,-0.091107,4.321,7.00,-0.202756,0.161707,-0.003126,-0.067473,0.036,0.061,-1.693,-0.298,0.349,3.039944,0.032398,-0.001142,0.000000,0.000000,0.000000,0.000000,0.000000,0.000000,0,0.00
16.200000,-0.029,0.026504,0.026504,4.321,7.00,-0.191593,0.143962,-0.003106,-0.167360,0.037,0.018,-1.692,-0.279,0.348,3.045187,0.028836,-0.000976,0.000000,0.000000,0.000000,0.000000,0.000000,0.000000,0,0.00
16.210000,-0.024,0.213818,0.213818,4.321,7.00,-0.169786,0.118693,-0.003094,-0.329417,0.036,0.143,-1.691,-0.259,0.348,3.052218,0.023771,-0.000728,0.000000,0.000000,0.000000,0.000000,0.000000,0.000000,0,0.00
16.220000,-0.017,0.300000,0.300000,4.321,7.00,-0.135999,0.085651,-0.003065,-0.383654,0.035,0.200,-1.691,-0.240,0.348,3.061087,0.017153,-0.000424,0.000000,0.000000,0.000000,0.000000,0.000000,0.000000,0,0.00
16.230000,-0.009,0.300000,0.300000,4.321,7.00,-0.092406,0.047257,-0.003057,-0.499130,0.032,0.200,-1.692,-0.220,0.348,3.071166,0.009466,-0.000130,0.000000,0.000000,0.000000,0.000000,0.000000,0.000000,0,0.00
16.240000,-0.003,0.300000,0.300000,4.321,7.00,-0.053168,0.014277,-0.003056,-0.651100,0.029,0.200,-1.692,-0.201,0.348,3.079674,0.002865,0.000063,0.000000,0.000000,0.000000,0.000000,0.000000,0.000000,0,0.00
16.250000,0.003,0.300000,0.300000,4.321,7.00,-0.017856,-0.013923,-0.003060,-0.625794,0.024,0.200,-1.692,-0.181,0.348,3.086809,-0.002780,0.000156,0.000000,0.000000,0.000000,0.000000,0.000000,0.000000,0,0.00
16.260000,0.008,0.300000,0.300000,4.321,7.00,0.013939,-0.037827,-0.003069,-0.530749,0.017,0.200,-1.692,-0.162,0.348,3.092738,-0.007566,0.000168,0.000000,0.000000,0.000000,0.000000,0.000000,0.000000,0,0.00
16.270000,0.012,0.300000,0.300000,4.321,7.00,0.042540,-0.057867,-0.003082,-0.527999,0.009,0.200,-1.692,-0.142,0.348,3.097597,-0.011580,0.000119,0.000000,0.000000,0.000000,0.000000,0.000000,0.000000,0,0.00
16.280000,0.015,0.300000,0.300000,4.321,7.00,0.068285,-0.074412,-0.003097,-0.417127,0.003,0.200,-1.692,-0.123,0.348,3.101502,-0.014894,0.000030,0.000000,0.000000,0.000000,0.000000,0.000000,0.000000,0,0.00
16.290000,0.018,0.300000,0.300000,4.321,7.00,0.091456,-0.087778,-0.003134,-0.250933,-0.003,0.200,-1.691,-0.104,0.348,3.104555,-0.017572,-0.000081,0.000000,0.000000,0.000000,0.000000,0.000000,0.000000,0,0.00
16.300000,0.020,0.300000,0.300000,4.321,7.00,0.112310,-0.098236,-0.003147,-0.244035,-0.008,0.200,-1.691,-0.084,0.348,3.106846,-0.019667,-0.000201,0.000000,0.000000,0.000000,0.000000,0.000000,0.000000,0,0.00
16.310000,0.021,0.300000,0.300000,4.321,7.00,0.131079,-0.106022,-0.003174,-0.199948,-0.012,0.200,-1.690,-0.065,0.348,3.108451,-0.021228,-0.000320,0.000000,0.000000,0.000000,0.000000,0.000000,0.000000,0,0.00
16.320000,0.022,0.273076,0.273076,4.321,7.00,0.147971,-0.111346,-0.003196,-0.158534,-0.015,0.182,-1.690,-0.045,0.348,3.109441,-0.022296,-0.000431,0.000000,0.000000,0.000000,0.000000,0.000000,0.000000,0,0.00
16.330000,0.022,0.226594,0.226594,4.321,7.00,0.160482,-0.112478,-0.003221,-0.110895,-0.018,0.151,-1.689,-0.026,0.348,3.109374,-0.022526,-0.000513,0.000000,0.000000,0.000000,0.000000,0.000000,0.000000,0,0.00
16.340000,0.022,0.192100,0.192100,4.321,7.00,0.167094,-0.108525,-0.003249,-0.080327,-0.020,0.128,-1.688,-0.007,0.348,3.108037,-0.021737,-0.000543,0.000000,0.000000,0.000000,0.000000,0.000000,0.000000,0,0.00
16.350000,0.020,0.107265,0.107265,4.321,7.00,0.169595,-0.101029,-0.003267,-0.002970,-0.021,0.072,-1.687,0.013,0.348,3.105854,-0.020239,-0.000529,0.000000,0.000000,0.000000,0.000000,0.000000,0.000000,0,0.00
16.360000,0.017,0.046788,0.046788,4.321,7.00,0.163364,-0.086913,-0.003296,0.043421,-0.022,0.031,-1.686,0.032,0.348,3.102026,-0.017415,-0.000450,0.000000,0.000000,0.000000,0.000000,0.000000,0.000000,0,0.00
16.370000,0.014,-0.030124,-0.030124,4.321,7.00,0.151708,-0.069011,-0.003315,0.102449,-0.022,0.020,-1.684,0.051,0.348,3.097320,-0.013831,-0.000330,0.000000,0.000000,0.000000,0.000000,0.000000,0.000000,0,0.00
16.380000,0.009,-0.115767,-0.115767,4.321,7.00,0.133527,-0.046875,-0.003326,0.165968,-0.022,0.077,-1.682,0.071,0.348,3.091619,-0.009396,-0.000185,0.000000,0.000000,0.000000,0.000000,0.000000,0.000000,0,0.00
16.390000,0.004,-0.229741,-0.229741,4.321,7.00,0.108600,-0.020760,-0.003329,0.253831,-0.020,0.153,-1.680,0.090,0.348,3.084995,-0.004161,-0.000034,0.000000,0.000000,0.000000,0.000000,0.000000,0.000000,0,0.00
16.400000,-0.002,-0.300000,-0.300000,4.321,7.00,0.074770,0.010412,-0.003328,0.401173,-0.017,0.200,-1.677,0.109,0.348,3.077162,0.002093,0.000097,0.000000,0.000000,0.000000,0.000000,0.000000,0.000000,0,0.00
16.410000,-0.008,-0.300000,-0.300000,4.321,7.00,0.037298,0.042443,-0.003317,0.454477,-0.014,0.200,-1.675,0.129,0.348,3.069235,0.008523,0.000167,0.000000,0.000000,0.000000,0.000000,0.000000,0.000000,0,0.00
16.420000,-0.014,-0.300000,-0.300000,4.321,7.00,0.003584,0.070017,-0.003311,0.600196,-0.009,0.200,-1.672,0.148,0.348,3.062613,0.014061,0.000164,0.000000,0.000000,0.000000,0.000000,0.000000,0.000000,0,0.00
16.430000,-0.019,-0.300000,-0.300000,4.321,7.00,-0.026792,0.093615,-0.003289,0.604145,-0.004,0.200,-1.670,0.167,0.348,3.057142,0.018799,0.000097,0.000000,0.000000,0.000000,0.000000,0.000000,0.000000,0,0.00
16.440000,-0.023,-0.300000,-0.300000,4.321,7.00,-0.054111,0.113632,-0.003271,0.588912,0.002,0.200,-1.668,0.187,0.348,3.052693,0.022817,-0.000017,0.000000,0.000000,0.000000,0.000000,0.000000,0.000000,0,0.00
16.450000,-0.026,-0.300000,-0.300000,4.321,7.00,-0.078699,0.130404,-0.003258,0.521529,0.008,0.200,-1.666,0.206,0.348,3.049153,0.026181,-0.000161,0.000000,0.000000,0.000000,0.000000,0.000000,0.000000,0,0.00
16.460000,-0.029,-0.300000,-0.300000,4.321,7.00,-0.100829,0.144219,-0.003227,0.482095,0.014,0.200,-1.664,0.225,0.348,3.046428,0.028948,-0.000322,0.000000,0.000000,0.000000,0.000000,0.000000,0.000000,0,0.00
16.470000,-0.031,-0.300000,-0.300000,4.321,7.00,-0.120746,0.155335,-0.003194,0.328372,0.019,0.200,-1.662,0.244,0.348,3.044429,0.031172,-0.000486,0.000000,0.000000,0.000000,0.000000,0.000000,0.000000,0,0.00
16.480000,-0.033,-0.300000,-0.300000,4.321,7.00,-0.138671,0.163955,-0.003173,0.307509,0.023,0.200,-1.660,0.264,0.348,3.043086,0.032893,-0.000645,0.000000,0.000000,0.000000,0.000000,0.000000,0.000000,0,0.00
16.490000,-0.034,-0.300000,-0.300000,4.321,7.00,-0.154804,0.170263,-0.003155,0.263138,0.026,0.200,-1.658,0.283,0.348,3.042331,0.034149,-0.000792,0.000000,0.000000,0.000000,0.000000,0.000000,0.000000,0,0.00
16.500000,-0.035,-0.300000,-0.300000,4.321,7.00,-0.169323,0.174426,-0.003139,0.184157,0.029,0.200,-1.656,0.302,0.348,3.042107,0.034974,-0.000923,0.000000,0.000000,0.000000,0.000000,0.000000,0.000000,0,0.00
16.510000,-0.035,-0.300000,-0.300000,4.321,7.00,-0.182391,0.176591,-0.003097,0.149511,0.031,0.200,-1.655,0.322,0.348,3.042360,0.035397,-0.001034,0.000000,0.000000,0.000000,0.000000,0.000000,0.000000,0,0.00
16.520000,-0.035,-0.290250,-0.290250,4.321,7.00,-0.194152,0.176888,-0.003041,0.116403,0.033,0.193,-1.653,0.341,0.349,3.043044,0.035446,-0.001125,0.000000,0.000000,0.000000,0.000000,0.000000,0.000000,0,0.00
16.530000,-0.035,-0.238083,-0.238083,4.321,7.00,-0.203762,0.174719,-0.003004,0.066368,0.034,0.159,-1.652,0.360,0.349,3.044300,0.035001,-0.001187,0.000000,0.000000,0.000000,0.000000,0.000000,0.000000,0,0.00
16.540000,-0.033,-0.161715,-0.161715,4.321,7.00,-0.207196,0.167221,-0.002978,-0.002528,0.035,0.108,-1.651,0.380,0.349,3.046855,0.033490,-0.001167,0.000000,0.000000,0.000000,0.000000,0.000000,0.000000,0,0.00
16.550000,-0.031,-0.031186,-0.031186,4.321,7.00,-0.202650,0.153312,-0.002962,-0.119164,0.035,0.021,-1.650,0.399,0.349,3.050952,0.030697,-0.001062,0.000000,0.000000,0.000000,0.000000,0.000000,0.000000,0,0.00
16.560000,-0.026,0.048395,0.048395,4.321,7.00,-0.188835,0.132449,-0.002929,-0.177916,0.035,0.032,-1.649,0.418,0.348,3.056695,0.026515,-0.000867,0.000000,0.000000,0.000000,0.000000,0.000000,0.000000,0,0.00
16.570000,-0.021,0.156794,0.156794,4.321,7.00,-0.165865,0.105225,-0.002906,-0.259113,0.035,0.105,-1.649,0.438,0.348,3.063893,0.021063,-0.000605,0.000000,0.000000,0.000000,0.000000,0.000000,0.000000,0,0.00
16.580000,-0.014,0.300000,0.300000,4.321,7.00,-0.133825,0.072259,-0.002900,-0.499777,0.033,0.200,-1.649,0.457,0.348,3.072364,0.014465,-0.000316,0.000000,0.000000,0.000000,0.000000,0.000000,0.000000,0,0.00
16.590000,-0.007,0.300000,0.300000,4.321,7.00,-0.092777,0.034162,-0.002892,-0.577744,0.031,0.200,-1.649,0.477,0.348,3.081931,0.006842,-0.000049,0.000000,0.000000,0.000000,0.000000,0.000000,0.000000,0,0.00
16.600000,0.000,0.300000,0.300000,4.321,7.00,-0.053502,-0.000725,-0.002892,-0.645571,0.026,0.200,-1.649,0.496,0.348,3.090446,-0.000139,0.000118,0.000000,0.000000,0.000000,0.000000,0.000000,0.000000,0,0.00
16.610000,0.006,0.300000,0.300000,4.321,7.00,-0.018157,-0.030945,-0.002895,-0.809523,0.021,0.200,-1.650,0.516,0.348,3.097591,-0.006187,0.000183,0.000000,0.000000,0.000000,0.000000,0.000000,0.000000,0,0.00
16.620000,0.011,0.300000,0.300000,4.321,7.00,0.013670,-0.057001,-0.002908,-0.803887,0.014,0.200,-1.650,0.535,0.348,3.103530,-0.011402,0.000165,0.000000,0.000000,0.000000,0.000000,0.000000,0.000000,0,0.00
16.630000,0.016,0.300000,0.300000,4.321,7.00,0.042298,-0.079300,-0.002925,-0.622102,0.007,0.200,-1.649,0.555,0.348,3.108399,-0.015866,0.000086,0.000000,0.000000,0.000000,0.000000,0.000000,0.000000,0,0.00
16.640000,0.020,0.300000,0.300000,4.321,7.00,0.068067,-0.098197,-0.002934,-0.651411,-0.000,0.200,-1.649,0.574,0.348,3.112314,-0.019650,-0.000033,0.000000,0.000000,0.000000,0.000000,0.000000,0.000000,0,0.00
16.650000,0.023,0.300000,0.300000,4.321,7.00,0.091260,-0.113994,-0.002965,-0.532040,-0.006,0.200,-1.649,0.593,0.348,3.115377,-0.022813,-0.000174,0.000000,0.000000,0.000000,0.000000,0.000000,0.000000,0,0.00
16.660000,0.025,0.300000,0.300000,4.321,7.00,0.112133,-0.126956,-0.002994,-0.350847,-0.011,0.200,-1.648,0.613,0.348,3.117677,-0.025409,-0.000325,0.000000,0.000000,0.000000,0.000000,0.000000,0.000000,0,0.00
16.670000,0.027,0.300000,0.300000,4.321,7.00,0.130920,-0.137311,-0.003033,-0.299382,-0.016,0.200,-1.648,0.632,0.348,3.119292,-0.027483,-0.000475,0.000000,0.000000,0.000000,0.000000,0.000000,0.000000,0,0.00
16.680000,0.029,0.300000,0.300000,4.321,7.00,0.147828,-0.145260,-0.003049,-0.280455,-0.020,0.200,-1.647,0.651,0.348,3.120291,-0.029076,-0.000618,0.000000,0.000000,0.000000,0.000000,0.000000,0.000000,0,0.00
16.690000,0.030,0.300000,0.300000,4.321,7.00,0.163045,-0.150982,-0.003067,-0.173567,-0.023,0.200,-1.647,0.671,0.348,3.120735,-0.030223,-0.000748,0.000000,0.000000,0.000000,0.000000,0.000000,0.000000,0,0.00
16.700000,0.031,0.300000,0.300000,4.321,7.00,0.176741,-0.154635,-0.003130,-0.142304,-0.025,0.200,-1.646,0.690,0.348,3.120680,-0.030957,-0.000860,0.000000,0.000000,0.000000,0.000000,0.000000,0.000000,0,0.00
16.710000,0.031,0.269895,0.269895,4.321,7.00,0.189067,-0.156360,-0.003177,-0.110358,-0.027,0.180,-1.645,0.710,0.348,3.120175,-0.031305,-0.000954,0.000000,0.000000,0.000000,0.000000,0.000000,0.000000,0,0.00
16.720000,0.031,0.231047,0.231047,4.321,7.00,0.197150,-0.154012,-0.003195,-0.073841,-0.029,0.154,-1.644,0.729,0.349,3.118701,-0.030838,-0.000998,0.000000,0.000000,0.000000,0.000000,0.000000,0.000000,0,0.00
16.730000,0.029,0.146859,0.146859,4.321,7.00,0.200541,-0.147409,-0.003215,0.003766,-0.030,0.098,-1.643,0.748,0.349,3.116239,-0.029521,-0.000987,0.000000,0.000000,0.000000,0.000000,0.000000,0.000000,0,0.00
16.740000,0.027,0.053931,0.053931,4.321,7.00,0.195175,-0.133682,-0.003240,0.082991,-0.031,0.036,-1.642,0.768,0.349,3.112097,-0.026777,-0.000889,0.000000,0.000000,0.000000,0.000000,0.000000,0.000000,0,0.00
16.750000,0.023,-0.015548,-0.015548,4.321,7.00,0.181052,-0.113300,-0.003274,0.132122,-0.031,0.010,-1.640,0.787,0.348,3.106428,-0.022701,-0.000711,0.000000,0.000000,0.000000,0.000000,0.000000,0.000000,0,0.00
16.760000,0.018,-0.084595,-0.084595,4.321,7.00,0.161394,-0.089216,-0.003307,0.177118,-0.031,0.056,-1.638,0.806,0.348,3.099989,-0.017880,-0.000497,0.000000,0.000000,0.000000,0.000000,0.000000,0.000000,0,0.00
16.770000,0.012,-0.157456,-0.157456,4.321,7.00,0.136797,-0.062230,-0.003325,0.223011,-0.029,0.105,-1.636,0.826,0.348,3.092987,-0.012474,-0.000276,0.000000,0.000000,0.000000,0.000000,0.000000,0.000000,0,0.00
16.780000,0.007,-0.276226,-0.276226,4.321,7.00,0.107374,-0.032749,-0.003330,0.312306,-0.027,0.184,-1.633,0.845,0.348,3.085525,-0.006564,-0.000074,0.000000,0.000000,0.000000,0.000000,0.000000,0.000000,0,0.00
16.790000,-0.000,-0.300000,-0.300000,4.321,7.00,0.069019,0.001949,-0.003330,0.451624,-0.023,0.200,-1.631,0.864,0.348,3.076918,0.000396,0.000089,0.000000,0.000000,0.000000,0.000000,0.000000,0.000000,0,0.00
16.800000,-0.007,-0.300000,-0.300000,4.321,7.00,0.032120,0.033672,-0.003318,0.466067,-0.018,0.200,-1.628,0.884,0.348,3.069228,0.006764,0.000168,0.000000,0.000000,0.000000,0.000000,0.000000,0.000000,0,0.00
16.810000,-0.012,-0.300000,-0.300000,4.321,7.00,-0.001157,0.060883,-0.003310,0.558550,-0.012,0.200,-1.626,0.903,0.348,3.062812,0.012228,0.000167,0.000000,0.000000,0.000000,0.000000,0.000000,0.000000,0,0.00
16.820000,-0.017,-0.300000,-0.300000,4.321,7.00,-0.030978,0.084048,-0.003303,0.668273,-0.007,0.200,-1.624,0.922,0.348,3.057521,0.016879,0.000102,0.000000,0.000000,0.000000,0.000000,0.000000,0.000000,0,0.00
16.830000,-0.021,-0.300000,-0.300000,4.321,7.00,-0.057879,0.103571,-0.003270,0.586967,0.000,0.200,-1.621,0.941,0.348,3.053229,0.020796,-0.000009,0.000000,0.000000,0.000000,0.000000,0.000000,0.000000,0,0.00
16.840000,-0.024,-0.300000,-0.300000,4.321,7.00,-0.082090,0.119781,-0.003244,0.446792,0.007,0.200,-1.619,0.961,0.348,3.049829,0.024046,-0.000147,0.000000,0.000000,0.000000,0.000000,0.000000,0.000000,0,0.00
16.850000,-0.027,-0.300000,-0.300000,4.321,7.00,-0.103881,0.132967,-0.003211,0.423143,0.012,0.200,-1.617,0.980,0.348,3.047226,0.026687,-0.000298,0.000000,0.000000,0.000000,0.000000,0.000000,0.000000,0,0.00
16.860000,-0.029,-0.300000,-0.300000,4.321,7.00,-0.123492,0.143388,-0.003187,0.329315,0.017,0.200,-1.615,0.999,0.348,3.045338,0.028771,-0.000452,0.000000,0.000000,0.000000,0.000000,0.000000,0.000000,0,0.00
16.870000,-0.030,-0.300000,-0.300000,4.321,7.00,-0.141143,0.151248,-0.003129,0.173857,0.021,0.200,-1.614,1.019,0.348,3.044092,0.030340,-0.000598,0.000000,0.000000,0.000000,0.000000,0.000000,0.000000,0,0.00
16.880000,-0.031,-0.298023,-0.298023,4.321,7.00,-0.157029,0.156740,-0.003071,0.144354,0.024,0.199,-1.612,1.038,0.348,3.043426,0.031433,-0.000733,0.000000,0.000000,0.000000,0.000000,0.000000,0.000000,0,0.00
16.890000,-0.032,-0.261699,-0.261699,4.321,7.00,-0.171128,0.159886,-0.003031,0.104844,0.027,0.174,-1.610,1.057,0.348,3.043318,0.032054,-0.000849,0.000000,0.000000,0.000000,0.000000,0.000000,0.000000,0,0.00
16.900000,-0.032,-0.219244,-0.219244,4.321,7.00,-0.180186,0.158335,-0.003007,0.063917,0.029,0.146,-1.609,1.077,0.348,3.044352,0.031734,-0.000911,0.000000,0.000000,0.000000,0.000000,0.000000,0.000000,0,0.00
16.910000,-0.030,-0.159784,-0.159784,4.321,7.00,-0.184093,0.152221,-0.002963,0.010526,0.030,0.107,-1.607,1.096,0.348,3.046471,0.030500,-0.000914,0.000000,0.000000,0.000000,0.000000,0.000000,0.000000,0,0.00
16.920000,-0.028,-0.103753,-0.103753,4.321,7.00,-0.181663,0.140912,-0.002930,-0.034229,0.031,0.069,-1.606,1.115,0.348,3.049821,0.028227,-0.000849,0.000000,0.000000,0.000000,0.000000,0.000000,0.000000,0,0.00
16.930000,-0.025,0.029922,0.029922,4.321,7.00,-0.173873,0.125484,-0.002919,-0.152487,0.032,0.020,-1.605,1.135,0.348,3.054109,0.025132,-0.000731,0.000000,0.000000,0.000000,0.000000,0.000000,0.000000,0,0.00
16.940000,-0.020,0.120270,0.120270,4.321,7.00,-0.153705,0.101125,-0.002892,-0.218502,0.032,0.080,-1.605,1.154,0.348,3.060561,0.020250,-0.000524,0.000000,0.000000,0.000000,0.000000,0.000000,0.000000,0,0.00
16.950000,-0.014,0.262336,0.262336,4.321,7.00,-0.126310,0.072375,-0.002881,-0.331830,0.030,0.175,-1.605,1.174,0.348,3.067988,0.014493,-0.000292,0.000000,0.000000,0.000000,0.000000,0.000000,0.000000,0,0.00
16.960000,-0.007,0.300000,0.300000,4.321,7.00,-0.087451,0.036699,-0.002871,-0.408529,0.028,0.200,-1.605,1.193,0.348,3.077053,0.007351,-0.000057,0.000000,0.000000,0.000000,0.000000,0.000000,0.000000,0,0.00
16.970000,-0.001,0.300000,0.300000,4.321,7.00,-0.048709,0.003128,-0.002871,-0.466496,0.025,0.200,-1.605,1.213,0.348,3.085415,0.000632,0.000100,0.000000,0.000000,0.000000,0.000000,0.000000,0.000000,0,0.00
16.980000,0.005,0.300000,0.300000,4.321,7.00,-0.013844,-0.025711,-0.002873,-0.539781,0.020,0.200,-1.605,1.232,0.348,3.092421,-0.005140,0.000165,0.000000,0.000000,0.000000,0.000000,0.000000,0.000000,0,0.00
16.990000,0.010,0.300000,0.300000,4.321,7.00,0.017549,-0.050296,-0.002887,-0.537802,0.014,0.200,-1.605,1.251,0.348,3.098233,-0.010062,0.000154,0.000000,0.000000,0.000000,0.000000,0.000000,0.000000,0,0.00
17.000000,0.014,0.300000,0.300000,4.321,7.00,0.045791,-0.071050,-0.002902,-0.481431,0.007,0.200,-1.605,1.271,0.348,3.102986,-0.014218,0.000086,0.000000,0.000000,0.000000,0.000000,0.000000,0.000000,0,0.00
17.010000,0.018,0.300000,0.300000,4.321,7.00,0.071210,-0.088337,-0.002935,-0.420950,0.001,0.200,-1.605,1.290,0.348,3.106796,-0.017680,-0.000020,0.000000,0.000000,0.000000,0.000000,0.000000,0.000000,0,0.00
17.020000,0.020,0.300000,0.300000,4.321,7.00,0.094089,-0.102464,-0.002952,-0.387197,-0.005,0.200,-1.604,1.310,0.348,3.109764,-0.020509,-0.000147,0.000000,0.000000,0.000000,0.000000,0.000000,0.000000,0,0.00
17.030000,0.023,0.300000,0.300000,4.321,7.00,0.114679,-0.113700,-0.002992,-0.225747,-0.010,0.200,-1.604,1.329,0.348,3.111976,-0.022760,-0.000281,0.000000,0.000000,0.000000,0.000000,0.000000,0.000000,0,0.00
17.040000,0.024,0.300000,0.300000,4.321,7.00,0.133211,-0.122277,-0.003022,-0.191660,-0.014,0.200,-1.603,1.348,0.348,3.113511,-0.024479,-0.000414,0.000000,0.000000,0.000000,0.000000,0.000000,0.000000,0,0.00
17.050000,0.026,0.300000,0.300000,4.321,7.00,0.149890,-0.128400,-0.003034,-0.168889,-0.018,0.200,-1.603,1.368,0.348,3.114437,-0.025707,-0.000538,0.000000,0.000000,0.000000,0.000000,0.000000,0.000000,0,0.00
17.060000,0.026,0.282085,0.282085,4.321,7.00,0.164901,-0.132247,-0.003078,-0.146761,-0.020,0.188,-1.602,1.387,0.348,3.114815,-0.026479,-0.000648,0.000000,0.000000,0.000000,0.000000,0.000000,0.000000,0,0.00
17.070000,0.027,0.228130,0.228130,4.321,7.00,0.176620,-0.132703,-0.003106,-0.092321,-0.023,0.152,-1.601,1.406,0.348,3.114364,-0.026573,-0.000727,0.000000,0.000000,0.000000,0.000000,0.000000,0.000000,0,0.00
17.080000,0.026,0.190560,0.190560,4.321,7.00,0.181772,-0.127563,-0.003142,-0.059855,-0.024,0.127,-1.600,1.426,0.348,3.112524,-0.025548,-0.000744,0.000000,0.000000,0.000000,0.000000,0.000000,0.000000,0,0.00
17.090000,0.024,0.102622,0.102622,4.321,7.00,0.182652,-0.118770,-0.003153,0.019301,-0.026,0.068,-1.599,1.445,0.348,3.109827,-0.023791,-0.000713,0.000000,0.000000,0.000000,0.000000,0.000000,0.000000,0,0.00
17.100000,0.021,0.010033,0.010033,4.321,7.00,0.174651,-0.103258,-0.003182,0.096407,-0.026,0.007,-1.598,1.465,0.348,3.105478,-0.020689,-0.000608,0.000000,0.000000,0.000000,0.000000,0.000000,0.000000,0,0.00
17.110000,0.016,-0.086878,-0.086878,4.321,7.00,0.158191,-0.081842,-0.003198,0.171918,-0.027,0.058,-1.596,1.484,0.348,3.099709,-0.016402,-0.000445,0.000000,0.000000,0.000000,0.000000,0.000000,0.000000,0,0.00
17.120000,0.011,-0.157400,-0.157400,4.321,7.00,0.133687,-0.055346,-0.003220,0.215965,-0.026,0.105,-1.594,1.503,0.348,3.092747,-0.011095,-0.000249,0.000000,0.000000,0.000000,0.000000,0.000000,0.000000,0,0.00
17.130000,0.005,-0.284103,-0.284103,4.321,7.00,0.104581,-0.026707,-0.003224,0.314035,-0.024,0.189,-1.591,1.523,0.348,3.085371,-0.005354,-0.000065,0.000000,0.000000,0.000000,0.000000,0.000000,0.000000,0,0.00
17.140000,-0.001,-0.300000,-0.300000,4.321,7.00,0.066315,0.006964,-0.003223,0.384342,-0.021,0.200,-1.589,1.542,0.348,3.076807,0.001401,0.000085,0.000000,0.000000,0.000000,0.000000,0.000000,0.000000,0,0.00
17.150000,-0.008,-0.300000,-0.300000,4.321,7.00,0.029687,0.037619,-0.003212,0.412753,-0.016,0.200,-1.586,1.561,0.348,3.069195,0.007555,0.000158,0.000000,0.000000,0.000000,0.000000,0.000000,0.000000,0,0.00
17.160000,-0.013,-0.300000,-0.300000,4.321,7.00,-0.003302,0.063980,-0.003196,0.412944,-0.011,0.200,-1.584,1.580,0.348,3.062848,0.012848,0.000153,0.000000,0.000000,0.000000,0.000000,0.000000,0.000000,0,0.00
17.170000,-0.017,-0.300000,-0.300000,4.321,7.00,-0.032953,0.086505,-0.003186,0.497243,-0.005,0.200,-1.581,1.600,0.348,3.057620,0.017370,0.000084,0.000000,0.000000,0.000000,0.000000,0.000000,0.000000,0,0.00
17.180000,-0.021,-0.300000,-0.300000,4.321,7.00,-0.059657,0.105580,-0.003171,0.472747,0.001,0.200,-1.579,1.619,0.348,3.053385,0.021197,-0.000029,0.000000,0.000000,0.000000,0.000000,0.000000,0.000000,0,0.00
17.190000,-0.024,-0.300000,-0.300000,4.321,7.00,-0.083690,0.121527,-0.003130,0.375111,0.008,0.200,-1.577,1.638,0.348,3.050037,0.024394,-0.000169,0.000000,0.000000,0.000000,0.000000,0.000000,0.000000,0,0.00
17.200000,-0.027,-0.300000,-0.300000,4.321,7.00,-0.105321,0.134629,-0.003092,0.340529,0.013,0.200,-1.575,1.657,0.348,3.047482,0.027018,-0.000323,0.000000,0.000000,0.000000,0.000000,0.000000,0.000000,0,0.00
17.210000,-0.029,-0.300000,-0.300000,4.321,7.00,-0.124789,0.145131,-0.003078,0.339577,0.017,0.200,-1.573,1.677,0.348,3.045637,0.029118,-0.000479,0.000000,0.000000,0.000000,0.000000,0.000000,0.000000,0,0.00
17.220000,-0.031,-0.300000,-0.300000,4.321,7.00,-0.142310,0.153231,-0.003027,0.228218,0.021,0.200,-1.571,1.696,0.348,3.044430,0.030735,-0.000629,0.000000,0.000000,0.000000,0.000000,0.000000,0.000000,0,0.00
17.230000,-0.032,-0.300000,-0.300000,4.321,7.00,-0.158079,0.159111,-0.002999,0.164004,0.024,0.200,-1.570,1.715,0.348,3.043799,0.031905,-0.000767,0.000000,0.000000,0.000000,0.000000,0.000000,0.000000,0,0.00
17.240000,-0.033,-0.300000,-0.300000,4.321,7.00,-0.172271,0.162933,-0.002962,0.145041,0.027,0.200,-1.568,1.735,0.348,3.043686,0.032662,-0.000889,0.000000,0.000000,0.000000,0.000000,0.000000,0.000000,0,0.00
17.250000,-0.033,-0.288992,-0.288992,4.321,7.00,-0.185044,0.164845,-0.002945,0.127092,0.029,0.193,-1.566,1.754,0.348,3.044040,0.033036,-0.000991,0.000000,0.000000,0.000000,0.000000,0.000000,0.000000,0,0.00
17.260000,-0.033,-0.219303,-0.219303,4.321,7.00,-0.195439,0.164173,-0.002906,0.058036,0.031,0.146,-1.565,1.773,0.349,3.045021,0.032891,-0.001065,0.000000,0.000000,0.000000,0.000000,0.000000,0.000000,0,0.00
17.270000,-0.031,-0.168385,-0.168385,4.321,7.00,-0.197827,0.156901,-0.002880,0.014365,0.032,0.112,-1.564,1.793,0.349,3.047653,0.031425,-0.001051,0.000000,0.000000,0.000000,0.000000,0.000000,0.000000,0,0.00
17.280000,-0.029,-0.069207,-0.069207,4.321,7.00,-0.194885,0.145310,-0.002864,-0.073239,0.033,0.046,-1.563,1.812,0.349,3.051305,0.029097,-0.000976,0.000000,0.000000,0.000000,0.000000,0.000000,0.000000,0,0.00
17.290000,-0.025,-0.007584,-0.007584,4.321,7.00,-0.182724,0.126830,-0.002818,-0.116428,0.033,0.005,-1.562,1.832,0.348,3.056617,0.025391,-0.000815,0.000000,0.000000,0.000000,0.000000,0.000000,0.000000,0,0.00
17.300000,-0.021,0.141155,0.141155,4.321,7.00,-0.165211,0.104773,-0.002805,-0.243124,0.033,0.094,-1.562,1.851,0.348,3.062700,0.020973,-0.000612,0.000000,0.000000,0.000000,0.000000,0.000000,0.000000,0,0.00
17.310000,-0.015,0.231477,0.231477,4.321,7.00,-0.138622,0.076742,-0.002783,-0.305436,0.031,0.154,-1.562,1.870,0.348,3.070159,0.015362,-0.000371,0.000000,0.000000,0.000000,0.000000,0.000000,0.000000,0,0.00
17.320000,-0.009,0.300000,0.300000,4.321,7.00,-0.103026,0.043332,-0.002771,-0.355002,0.029,0.200,-1.562,1.890,0.348,3.078814,0.008675,-0.000130,0.000000,0.000000,0.000000,0.000000,0.000000,0.000000,0,0.00
17.330000,-0.002,0.300000,0.300000,4.321,7.00,-0.062728,0.008207,-0.002771,-0.542489,0.025,0.200,-1.562,1.909,0.348,3.087713,0.001647,0.000055,0.000000,0.000000,0.000000,0.000000,0.000000,0.000000,0,0.00
17.340000,0.004,0.300000,0.300000,4.321,7.00,-0.026458,-0.022062,-0.002775,-0.598384,0.021,0.200,-1.563,1.929,0.348,3.095185,-0.004410,0.000147,0.000000,0.000000,0.000000,0.000000,0.000000,0.000000,0,0.00
17.350000,0.010,0.300000,0.300000,4.321,7.00,0.006202,-0.047988,-0.002783,-0.582947,0.015,0.200,-1.563,1.948,0.348,3.101414,-0.009599,0.000155,0.000000,0.000000,0.000000,0.000000,0.000000,0.000000,0,0.00
17.360000,0.014,0.300000,0.300000,4.321,7.00,0.035571,-0.069986,-0.002792,-0.633021,0.009,0.200,-1.563,1.968,0.348,3.106539,-0.014003,0.000100,0.000000,0.000000,0.000000,0.000000,0.000000,0.000000,0,0.00
17.370000,0.018,0.300000,0.300000,4.321,7.00,0.062012,-0.088425,-0.002823,-0.589481,0.002,0.200,-1.563,1.987,0.348,3.110681,-0.017694,0.000001,0.000000,0.000000,0.000000,0.000000,0.000000,0.000000,0,0.00
17.380000,0.021,0.300000,0.300000,4.321,7.00,0.085811,-0.103619,-0.002839,-0.397799,-0.004,0.200,-1.563,2.006,0.348,3.113947,-0.020737,-0.000124,0.000000,0.000000,0.000000,0.000000,0.000000,0.000000,0,0.00
17.390000,0.023,0.300000,0.300000,4.321,7.00,0.107229,-0.115838,-0.002856,-0.363740,-0.010,0.200,-1.562,2.026,0.348,3.116429,-0.023184,-0.000261,0.000000,0.000000,0.000000,0.000000,0.000000,0.000000,0,0.00
17.400000,0.025,0.300000,0.300000,4.321,7.00,0.126506,-0.125320,-0.002896,-0.283503,-0.014,0.200,-1.562,2.045,0.348,3.118206,-0.025083,-0.000398,0.000000,0.000000,0.000000,0.000000,0.000000,0.000000,0,0.00
17.410000,0.026,0.300000,0.300000,4.321,7.00,0.143855,-0.132271,-0.002934,-0.184653,-0.018,0.200,-1.561,2.065,0.348,3.119350,-0.026476,-0.000529,0.000000,0.000000,0.000000,0.000000,0.000000,0.000000,0,0.00
17.420000,0.027,0.300000,0.300000,4.321,7.00,0.159470,-0.136875,-0.002967,-0.162723,-0.021,0.200,-1.561,2.084,0.348,3.119925,-0.027399,-0.000646,0.000000,0.000000,0.000000,0.000000,0.000000,0.000000,0,0.00
17.430000,0.028,0.247469,0.247469,4.321,7.00,0.173523,-0.139293,-0.003014,-0.105161,-0.023,0.165,-1.560,2.103,0.348,3.119986,-0.027885,-0.000747,0.000000,0.000000,0.000000,0.000000,0.000000,0.000000,0,0.00
17.440000,0.027,0.180269,0.180269,4.321,7.00,0.180919,-0.135727,-0.003047,-0.041496,-0.025,0.120,-1.560,2.123,0.348,3.118604,-0.027174,-0.000782,0.000000,0.000000,0.000000,0.000000,0.000000,0.000000,0,0.00
17.450000,0.025,0.089688,0.089688,4.321,7.00,0.180855,-0.125845,-0.003060,0.039217,-0.026,0.060,-1.558,2.142,0.348,3.115734,-0.025199,-0.000740,0.000000,0.000000,0.000000,0.000000,0.000000,0.000000,0,0.00
17.460000,0.022,0.014808,0.014808,4.321,7.00,0.171741,-0.108806,-0.003088,0.097086,-0.027,0.010,-1.557,2.161,0.348,3.111197,-0.021792,-0.000616,0.000000,0.000000,0.000000,0.000000,0.000000,0.000000,0,0.00
17.470000,0.017,-0.085393,-0.085393,4.321,7.00,0.156049,-0.086973,-0.003106,0.175472,-0.028,0.057,-1.555,2.181,0.348,3.105615,-0.017423,-0.000443,0.000000,0.000000,0.000000,0.000000,0.000000,0.000000,0,0.00
17.480000,0.012,-0.166614,-0.166614,4.321,7.00,0.131908,-0.059341,-0.003127,0.229082,-0.027,0.111,-1.554,2.200,0.348,3.098750,-0.011890,-0.000236,0.000000,0.000000,0.000000,0.000000,0.000000,0.000000,0,0.00
17.490000,0.006,-0.300000,-0.300000,4.321,7.00,0.102058,-0.028489,-0.003132,0.349835,-0.025,0.200,-1.552,2.220,0.348,3.091261,-0.005707,-0.000043,0.000000,0.000000,0.000000,0.000000,0.000000,0.000000,0,0.00
17.500000,-0.002,-0.300000,-0.300000,4.321,7.00,0.061858,0.008656,-0.003130,0.417678,-0.022,0.200,-1.549,2.239,0.348,3.082378,0.001741,0.000114,0.000000,0.000000,0.000000,0.000000,0.000000,0.000000,0,0.00
17.510000,-0.008,-0.300000,-0.300000,4.321,7.00,0.025676,0.040879,-0.003117,0.441660,-0.017,0.200,-1.547,2.258,0.348,3.074919,0.008206,0.000175,0.000000,0.000000,0.000000,0.000000,0.000000,0.000000,0,0.00
17.520000,-0.014,-0.300000,-0.300000,4.321,7.00,-0.006905,0.068722,-0.003101,0.449277,-0.012,0.200,-1.545,2.277,0.348,3.068707,0.013793,0.000152,0.000000,0.000000,0.000000,0.000000,0.000000,0.000000,0,0.00
17.530000,-0.019,-0.300000,-0.300000,4.321,7.00,-0.036204,0.092637,-0.003092,0.567868,-0.006,0.200,-1.543,2.297,0.348,3.063598,0.018590,0.000067,0.000000,0.000000,0.000000,0.000000,0.000000,0.000000,0,0.00
17.540000,-0.023,-0.300000,-0.300000,4.321,7.00,-0.062583,0.113008,-0.003061,0.485154,0.002,0.200,-1.541,2.316,0.348,3.059469,0.022675,-0.000062,0.000000,0.000000,0.000000,0.000000,0.000000,0.000000,0,0.00
17.550000,-0.026,-0.300000,-0.300000,4.321,7.00,-0.086324,0.130157,-0.003040,0.423205,0.008,0.200,-1.539,2.335,0.348,3.056217,0.026111,-0.000215,0.000000,0.000000,0.000000,0.000000,0.000000,0.000000,0,0.00
17.560000,-0.029,-0.300000,-0.300000,4.321,7.00,-0.107691,0.144376,-0.002985,0.380612,0.014,0.200,-1.537,2.355,0.348,3.053746,0.028958,-0.000381,0.000000,0.000000,0.000000,0.000000,0.000000,0.000000,0,0.00
17.570000,-0.031,-0.300000,-0.300000,4.321,7.00,-0.126922,0.155902,-0.002967,0.367952,0.019,0.200,-1.536,2.374,0.348,3.051976,0.031262,-0.000548,0.000000,0.000000,0.000000,0.000000,0.000000,0.000000,0,0.00
17.580000,-0.033,-0.300000,-0.300000,4.321,7.00,-0.144229,0.164941,-0.002919,0.220308,0.023,0.200,-1.534,2.393,0.348,3.050838,0.033066,-0.000707,0.000000,0.000000,0.000000,0.000000,0.000000,0.000000,0,0.00
17.590000,-0.034,-0.300000,-0.300000,4.321,7.00,-0.159806,0.171679,-0.002876,0.190129,0.026,0.200,-1.533,2.413,0.348,3.050268,0.034408,-0.000854,0.000000,0.000000,0.000000,0.000000,0.000000,0.000000,0,0.00
17.600000,-0.035,-0.300000,-0.300000,4.321,7.00,-0.173826,0.176283,-0.002835,0.135191,0.029,0.200,-1.531,2.432,0.348,3.050210,0.035321,-0.000985,0.000000,0.000000,0.000000,0.000000,0.000000,0.000000,0,0.00
17.610000,-0.036,-0.299071,-0.299071,4.321,7.00,-0.186443,0.178901,-0.002810,0.122979,0.031,0.199,-1.530,2.451,0.348,3.050612,0.035837,-0.001095,0.000000,0.000000,0.000000,0.000000,0.000000,0.000000,0,0.00
17.620000,-0.036,-0.242409,-0.242409,4.321,7.00,-0.197706,0.179593,-0.002789,0.065605,0.033,0.162,-1.529,2.471,0.349,3.051448,0.035966,-0.001185,0.000000,0.000000,0.000000,0.000000,0.000000,0.000000,0,0.00
17.630000,-0.035,-0.204406,-0.204406,4.321,7.00,-0.202177,0.174358,-0.002744,0.032792,0.034,0.136,-1.528,2.490,0.349,3.053721,0.034908,-0.001195,0.000000,0.000000,0.000000,0.000000,0.000000,0.000000,0,0.00
17.640000,-0.033,-0.153768,-0.153768,4.321,7.00,-0.202401,0.165393,-0.002705,-0.008920,0.035,0.103,-1.527,2.509,0.349,3.056844,0.033106,-0.001151,0.000000,0.000000,0.000000,0.000000,0.000000,0.000000,0,0.00
17.650000,-0.030,-0.089659,-0.089659,4.321,7.00,-0.197539,0.152289,-0.002671,-0.059959,0.036,0.060,-1.526,2.529,0.349,3.060910,0.030477,-0.001047,0.000000,0.000000,0.000000,0.000000,0.000000,0.000000,0,0.00
17.660000,-0.027,0.024420,0.024420,4.321,7.00,-0.186752,0.134727,-0.002653,-0.156494,0.036,0.016,-1.526,2.548,0.348,3.065988,0.026959,-0.000885,0.000000,0.000000,0.000000,0.000000,0.000000,0.000000,0,0.00
17.670000,-0.022,0.215279,0.215279,4.321,7.00,-0.165637,0.109846,-0.002643,-0.322483,0.035,0.144,-1.526,2.568,0.348,3.072800,0.021978,-0.000650,0.000000,0.000000,0.000000,0.000000,0.000000,0.000000,0,0.00
17.680000,-0.015,0.300000,0.300000,4.321,7.00,-0.132489,0.077104,-0.002622,-0.387219,0.033,0.200,-1.526,2.587,0.348,3.081473,0.015427,-0.000365,0.000000,0.000000,0.000000,0.000000,0.000000,0.000000,0,0.00
17.690000,-0.008,0.300000,0.300000,4.321,7.00,-0.089247,0.038752,-0.002613,-0.473903,0.030,0.200,-1.527,2.607,0.348,3.091422,0.007756,-0.000092,0.000000,0.000000,0.000000,0.000000,0.000000,0.000000,0,0.00
17.700000,-0.001,0.300000,0.300000,4.321,7.00,-0.050325,0.005773,-0.002613,-0.684880,0.027,0.200,-1.527,2.626,0.348,3.099817,0.001159,0.000083,0.000000,0.000000,0.000000,0.000000,0.000000,0.000000,0,0.00
17.710000,0.004,0.300000,0.300000,4.321,7.00,-0.015298,-0.022440,-0.002618,-0.676915,0.022,0.200,-1.528,2.646,0.348,3.106852,-0.004485,0.000162,0.000000,0.000000,0.000000,0.000000,0.000000,0.000000,0,0.00
17.720000,0.009,0.300000,0.300000,4.321,7.00,0.016241,-0.046413,-0.002625,-0.614413,0.015,0.200,-1.528,2.665,0.348,3.112695,-0.009282,0.000160,0.000000,0.000000,0.000000,0.000000,0.000000,0.000000,0,0.00
17.730000,0.013,0.300000,0.300000,4.321,7.00,0.044613,-0.066557,-0.002632,-0.664166,0.008,0.200,-1.528,2.684,0.348,3.117477,-0.013313,0.000100,0.000000,0.000000,0.000000,0.000000,0.000000,0.000000,0,0.00
17.740000,0.017,0.300000,0.300000,4.321,7.00,0.070151,-0.083237,-0.002662,-0.582755,0.001,0.200,-1.528,2.704,0.348,3.121315,-0.016651,0.000002,0.000000,0.000000,0.000000,0.000000,0.000000,0.000000,0,0.00
17.750000,0.019,0.300000,0.300000,4.321,7.00,0.093135,-0.096764,-0.002674,-0.400618,-0.004,0.200,-1.528,2.723,0.348,3.124308,-0.019359,-0.000117,0.000000,0.000000,0.000000,0.000000,0.000000,0.000000,0,0.00
17.760000,0.021,0.300000,0.300000,4.321,7.00,0.113821,-0.107409,-0.002707,-0.346234,-0.009,0.200,-1.528,2.742,0.348,3.126544,-0.021490,-0.000245,0.000000,0.000000,0.000000,0.000000,0.000000,0.000000,0,0.00
17.770000,0.023,0.300000,0.300000,4.321,7.00,0.132439,-0.115407,-0.002746,-0.261818,-0.013,0.200,-1.528,2.762,0.348,3.128101,-0.023091,-0.000371,0.000000,0.000000,0.000000,0.000000,0.000000,0.000000,0,0.00
17.780000,0.024,0.271913,0.271913,4.321,7.00,0.149195,-0.120965,-0.002777,-0.148172,-0.017,0.181,-1.528,2.781,0.348,3.129048,-0.024203,-0.000488,0.000000,0.000000,0.000000,0.000000,0.000000,0.000000,0,0.00
17.790000,0.024,0.247356,0.247356,4.321,7.00,0.161467,-0.122267,-0.002804,-0.122285,-0.019,0.165,-1.527,2.801,0.348,3.128920,-0.024465,-0.000575,0.000000,0.000000,0.000000,0.000000,0.000000,0.000000,0,0.00
17.800000,0.024,0.172817,0.172817,4.321,7.00,0.170057,-0.120071,-0.002836,-0.049910,-0.021,0.115,-1.527,2.820,0.348,3.127939,-0.024027,-0.000621,0.000000,0.000000,0.000000,0.000000,0.000000,0.000000,0,0.00
17.810000,0.022,0.117322,0.117322,4.321,7.00,0.170334,-0.111243,-0.002862,-0.003217,-0.023,0.078,-1.526,2.839,0.348,3.125293,-0.022263,-0.000597,0.000000,0.000000,0.000000,0.000000,0.000000,0.000000,0,0.00
17.820000,0.020,0.008571,0.008571,4.321,7.00,0.165035,-0.098153,-0.002873,0.092454,-0.024,0.006,-1.525,2.859,0.348,3.121630,-0.019646,-0.000521,0.000000,0.000000,0.000000,0.000000,0.000000,0.000000,0,0.00
17.830000,0.016,-0.077142,-0.077142,4.321,7.00,0.149448,-0.077783,-0.002892,0.157817,-0.024,0.051,-1.523,2.878,0.348,3.116163,-0.015572,-0.000378,0.000000,0.000000,0.000000,0.000000,0.000000,0.000000,0,0.00
17.840000,0.011,-0.179663,-0.179663,4.321,7.00,0.126791,-0.053036,-0.002904,0.235602,-0.024,0.120,-1.522,2.898,0.348,3.109672,-0.010619,-0.000206,0.000000,0.000000,0.000000,0.000000,0.000000,0.000000,0,0.00
17.850000,0.005,-0.257369,-0.257369,4.321,7.00,0.096149,-0.023726,-0.002912,0.284008,-0.022,0.172,-1.520,2.917,0.348,3.102108,-0.004750,-0.000033,0.000000,0.000000,0.000000,0.000000,0.000000,0.000000,0,0.00
17.860000,-0.001,-0.300000,-0.300000,4.321,7.00,0.060801,0.007348,-0.002911,0.393889,-0.020,0.200,-1.518,2.936,0.348,3.094209,0.001476,0.000099,0.000000,0.000000,0.000000,0.000000,0.000000,0.000000,0,0.00
17.870000,-0.007,-0.300000,-0.300000,4.321,7.00,0.024725,0.037149,-0.002906,0.475474,-0.016,0.200,-1.515,2.956,0.348,3.086771,0.007450,0.000161,0.000000,0.000000,0.000000,0.000000,0.000000,0.000000,0,0.00
17.880000,-0.013,-0.300000,-0.300000,4.321,7.00,-0.007756,0.062647,-0.002888,0.479186,-0.011,0.200,-1.513,2.975,0.348,3.080580,0.012562,0.000151,0.000000,0.000000,0.000000,0.000000,0.000000,0.000000,0,0.00
17.890000,-0.017,-0.300000,-0.300000,4.321,7.00,-0.036974,0.084288,-0.002867,0.461076,-0.005,0.200,-1.511,2.994,0.348,3.075492,0.016901,0.000083,0.000000,0.000000,0.000000,0.000000,0.000000,0.000000,0,0.00
17.900000,-0.020,-0.300000,-0.300000,4.321,7.00,-0.063275,0.102446,-0.002858,0.537052,0.001,0.200,-1.509,3.014,0.348,3.071384,0.020539,-0.000027,0.000000,0.000000,0.000000,0.000000,0.000000,0.000000,0,0.00
17.910000,-0.023,-0.300000,-0.300000,4.321,7.00,-0.086947,0.117443,-0.002824,0.435844,0.007,0.200,-1.508,3.033,0.348,3.068149,0.023542,-0.000161,0.000000,0.000000,0.000000,0.000000,0.000000,0.000000,0,0.00
17.920000,-0.026,-0.300000,-0.300000,4.321,7.00,-0.108252,0.129557,-0.002806,0.331962,0.013,0.200,-1.506,3.052,0.348,3.065695,0.025966,-0.000307,0.000000,0.000000,0.000000,0.000000,0.000000,0.000000,0,0.00
17.930000,-0.028,-0.300000,-0.300000,4.321,7.00,-0.127427,0.139010,-0.002773,0.302135,0.017,0.200,-1.504,3.071,0.348,3.063942,0.027854,-0.000454,0.000000,0.000000,0.000000,0.000000,0.000000,0.000000,0,0.00
17.940000,-0.029,-0.300000,-0.300000,4.321,7.00,-0.144684,0.146005,-0.002729,0.260820,0.020,0.200,-1.503,3.091,0.348,3.062821,0.029249,-0.000593,0.000000,0.000000,0.000000,0.000000,0.000000,0.000000,0,0.00
17.950000,-0.030,-0.300000,-0.300000,4.321,7.00,-0.160215,0.150723,-0.002714,0.162921,0.023,0.200,-1.501,3.110,0.348,3.062267,0.030187,-0.000718,0.000000,0.000000,0.000000,0.000000,0.000000,0.000000,0,0.00
17.960000,-0.031,-0.286739,-0.286739,4.321,7.00,-0.174194,0.153323,-0.002672,0.136088,0.026,0.191,-1.500,3.129,0.348,3.062223,0.030701,-0.000827,0.000000,0.000000,0.000000,0.000000,0.000000,0.000000,0,0.00
17.970000,-0.031,-0.227349,-0.227349,4.321,7.00,-0.185449,0.152993,-0.002638,0.076994,0.028,0.152,-1.499,3.149,0.348,3.062888,0.030627,-0.000903,0.000000,0.000000,0.000000,0.000000,0.000000,0.000000,0,0.00
17.980000,-0.029,-0.188079,-0.188079,4.321,7.00,-0.189641,0.146681,-0.002559,0.043957,0.029,0.125,-1.498,3.168,0.348,3.065036,0.029357,-0.000906,0.000000,0.000000,0.000000,0.000000,0.000000,0.000000,0,0.00
17.990000,-0.027,-0.103863,-0.103863,4.321,7.00,-0.189485,0.136652,-0.002545,-0.030244,0.030,0.069,-1.497,3.188,0.348,3.068043,0.027345,-0.000857,0.000000,0.000000,0.000000,0.000000,0.000000,0.000000,0,0.00
18.000000,-0.024,-0.020107,-0.020107,4.321,7.00,-0.180926,0.120153,-0.002509,-0.097537,0.031,0.013,-1.497,3.207,0.348,3.072603,0.024040,-0.000729,0.000000,0.000000,0.000000,0.000000,0.000000,0.000000,0,0.00
18.010000,-0.020,0.076272,0.076272,4.321,7.00,-0.164846,0.098265,-0.002489,-0.172048,0.031,0.051,-1.496,3.226,0.348,3.078403,0.019659,-0.000544,0.000000,0.000000,0.000000,0.000000,0.000000,0.000000,0,0.00
18.020000,-0.014,0.172653,0.172653,4.321,7.00,-0.140737,0.071046,-0.002471,-0.241229,0.029,0.115,-1.496,3.246,0.348,3.085404,0.014214,-0.000322,0.000000,0.000000,0.000000,0.000000,0.000000,0.000000,0,0.00
18.030000,-0.008,0.300000,0.300000,4.321,7.00,-0.109401,0.039559,-0.002467,-0.455291,0.027,0.200,-1.497,3.265,0.348,3.093314,0.007916,-0.000102,0.000000,0.000000,0.000000,0.000000,0.000000,0.000000,0,0.00
18.040000,-0.001,0.300000,0.300000,4.321,7.00,-0.069147,0.003013,-0.002467,-0.486671,0.024,0.200,-1.497,3.285,0.348,3.102324,0.000606,0.000082,0.000000,0.000000,0.000000,0.000000,0.000000,0.000000,0,0.00
18.050000,0.006,0.300000,0.300000,4.321,7.00,-0.032235,-0.029251,-0.002472,-0.573160,0.020,0.200,-1.498,3.304,0.348,3.110027,-0.005848,0.000171,0.000000,0.000000,0.000000,0.000000,0.000000,0.000000,0,0.00
18.060000,0.011,0.300000,0.300000,4.321,7.00,0.001064,-0.057175,-0.002479,-0.643747,0.014,0.200,-1.498,3.324,0.348,3.116457,-0.011434,0.000173,0.000000,0.000000,0.000000,0.000000,0.000000,0.000000,0,0.00
18.070000,0.016,0.300000,0.300000,4.321,7.00,0.030885,-0.081204,-0.002509,-0.614816,0.008,0.200,-1.498,3.343,0.348,3.121761,-0.016243,0.000107,0.000000,0.000000,0.000000,0.000000,0.000000,0.000000,0,0.00
18.080000,0.020,0.300000,0.300000,4.321,7.00,0.057795,-0.101719,-0.002523,-0.494079,0.001,0.200,-1.498,3.362,0.348,3.126064,-0.020348,-0.000006,0.000000,0.000000,0.000000,0.000000,0.000000,0.000000,0,0.00
18.090000,0.024,0.300000,0.300000,4.321,7.00,0.082015,-0.119037,-0.002556,-0.442226,-0.006,0.200,-1.498,3.382,0.348,3.129474,-0.023813,-0.000149,0.000000,0.000000,0.000000,0.000000,0.000000,0.000000,0,0.00
18.100000,0.027,0.300000,0.300000,4.321,7.00,0.103813,-0.133435,-0.002601,-0.347544,-0.011,0.200,-1.498,3.401,0.348,3.132084,-0.026694,-0.000306,0.000000,0.000000,0.000000,0.000000,0.000000,0.000000,0,0.00
18.110000,0.029,0.300000,0.300000,4.321,7.00,0.123432,-0.145155,-0.002638,-0.238003,-0.016,0.200,-1.498,3.421,0.348,3.133978,-0.029040,-0.000466,0.000000,0.000000,0.000000,0.000000,0.000000,0.000000,0,0.00
18.120000,0.031,0.300000,0.300000,4.321,7.00,0.141088,-0.154411,-0.002674,-0.222550,-0.020,0.200,-1.498,3.440,0.348,3.135227,-0.030892,-0.000622,0.000000,0.000000,0.000000,0.000000,0.000000,0.000000,0,0.00
18.130000,0.032,0.300000,0.300000,4.321,7.00,0.156980,-0.161388,-0.002700,-0.148954,-0.024,0.200,-1.497,3.459,0.348,3.135897,-0.032288,-0.000766,0.000000,0.000000,0.000000,0.000000,0.000000,0.000000,0,0.00
18.140000,0.033,0.292655,0.292655,4.321,7.00,0.171282,-0.166253,-0.002738,-0.123665,-0.027,0.195,-1.497,3.479,0.348,3.136045,-0.033262,-0.000895,0.000000,0.000000,0.000000,0.000000,0.000000,0.000000,0,0.00
18.150000,0.034,0.273191,0.273191,4.321,7.00,0.183419,-0.168601,-0.002784,-0.101806,-0.029,0.182,-1.496,3.498,0.348,3.135585,-0.033733,-0.000999,0.000000,0.000000,0.000000,0.000000,0.000000,0.000000,0,0.00
18.160000,0.034,0.240514,0.240514,4.321,7.00,0.192397,-0.167740,-0.002823,-0.069952,-0.031,0.160,-1.496,3.518,0.349,3.134363,-0.033563,-0.001064,0.000000,0.000000,0.000000,0.000000,0.000000,0.000000,0,0.00
18.170000,0.033,0.194759,0.194759,4.321,7.00,0.197209,-0.163022,-0.002855,-0.028881,-0.032,0.130,-1.495,3.537,0.349,3.132237,-0.032622,-0.001074,0.000000,0.000000,0.000000,0.000000,0.000000,0.000000,0,0.00
18.180000,0.031,0.144070,0.144070,4.321,7.00,0.196965,-0.153942,-0.002917,0.012789,-0.033,0.096,-1.494,3.556,0.349,3.129106,-0.030808,-0.001026,0.000000,0.000000,0.000000,0.000000,0.000000,0.000000,0,0.00
18.190000,0.028,0.058121,0.058121,4.321,7.00,0.191677,-0.140745,-0.002937,0.085561,-0.034,0.039,-1.493,3.576,0.349,3.125051,-0.028172,-0.000922,0.000000,0.000000,0.000000,0.000000,0.000000,0.000000,0,0.00
18.200000,0.024,-0.048637,-0.048637,4.321,7.00,0.178324,-0.121419,-0.002956,0.173012,-0.034,0.032,-1.491,3.595,0.348,3.119593,-0.024308,-0.000747,0.000000,0.000000,0.000000,0.000000,0.000000,0.000000,0,0.00
18.210000,0.019,-0.196991,-0.196991,4.321,7.00,0.155630,-0.095482,-0.002968,0.295442,-0.033,0.131,-1.489,3.614,0.348,3.112638,-0.019120,-0.000512,0.000000,0.000000,0.000000,0.000000,0.000000,0.000000,0,0.00
18.220000,0.012,-0.300000,-0.300000,4.321,7.00,0.121764,-0.062163,-0.002984,0.365233,-0.031,0.200,-1.487,3.634,0.348,3.104014,-0.012451,-0.000244,0.000000,0.000000,0.000000,0.000000,0.000000,0.000000,0,0.00
18.230000,0.005,-0.300000,-0.300000,4.321,7.00,0.079593,-0.024339,-0.002986,0.594218,-0.028,0.200,-1.485,3.653,0.348,3.094456,-0.004873,-0.000007,0.000000,0.000000,0.000000,0.000000,0.000000,0.000000,0,0.00
18.240000,-0.002,-0.300000,-0.300000,4.321,7.00,0.041637,0.008219,-0.002984,0.610017,-0.024,0.200,-1.482,3.672,0.348,3.086402,0.001653,0.000130,0.000000,0.000000,0.000000,0.000000,0.000000,0.000000,0,0.00
18.250000,-0.007,-0.300000,-0.300000,4.321,7.00,0.007484,0.036101,-0.002976,0.606508,-0.019,0.200,-1.480,3.692,0.348,3.079664,0.007245,0.000174,0.000000,0.000000,0.000000,0.000000,0.000000,0.000000,0,0.00
18.260000,-0.012,-0.300000,-0.300000,4.321,7.00,-0.023278,0.059801,-0.002961,0.544065,-0.012,0.200,-1.478,3.711,0.348,3.074088,0.011997,0.000144,0.000000,0.000000,0.000000,0.000000,0.000000,0.000000,0,0.00
18.270000,-0.016,-0.300000,-0.300000,4.321,7.00,-0.050948,0.079725,-0.002954,0.597625,-0.005,0.200,-1.476,3.730,0.348,3.069544,0.015992,0.000062,0.000000,0.000000,0.000000,0.000000,0.000000,0.000000,0,0.00
18.280000,-0.019,-0.300000,-0.300000,4.321,7.00,-0.075852,0.096223,-0.002926,0.390736,0.002,0.200,-1.474,3.750,0.348,3.065919,0.019297,-0.000053,0.000000,0.000000,0.000000,0.000000,0.000000,0.000000,0,0.00
18.290000,-0.022,-0.300000,-0.300000,4.321,7.00,-0.098267,0.109601,-0.002909,0.369182,0.007,0.200,-1.473,3.769,0.348,3.063115,0.021975,-0.000185,0.000000,0.000000,0.000000,0.000000,0.000000,0.000000,0,0.00
18.300000,-0.024,-0.300000,-0.300000,4.321,7.00,-0.118440,0.120115,-0.002881,0.320099,0.012,0.200,-1.471,3.788,0.348,3.061046,0.024077,-0.000322,0.000000,0.000000,0.000000,0.000000,0.000000,0.000000,0,0.00
18.310000,-0.026,-0.300000,-0.300000,4.321,7.00,-0.136595,0.127980,-0.002847,0.276558,0.016,0.200,-1.469,3.808,0.348,3.059638,0.025648,-0.000455,0.000000,0.000000,0.000000,0.000000,0.000000,0.000000,0,0.00
18.320000,-0.027,-0.288636,-0.288636,4.321,7.00,-0.152936,0.133395,-0.002824,0.158064,0.019,0.192,-1.468,3.827,0.348,3.058826,0.026726,-0.000576,0.000000,0.000000,0.000000,0.000000,0.000000,0.000000,0,0.00
18.330000,-0.027,-0.268995,-0.268995,4.321,7.00,-0.166506,0.135693,-0.002810,0.136111,0.022,0.179,-1.466,3.846,0.348,3.058763,0.027179,-0.000675,0.000000,0.000000,0.000000,0.000000,0.000000,0.000000,0,0.00
18.340000,-0.027,-0.211706,-0.211706,4.321,7.00,-0.176755,0.134560,-0.002778,0.079923,0.024,0.141,-1.465,3.866,0.348,3.059509,0.026946,-0.000736,0.000000,0.000000,0.000000,0.000000,0.000000,0.000000,0,0.00
18.350000,-0.026,-0.157382,-0.157382,4.321,7.00,-0.180251,0.127583,-0.002746,0.032545,0.026,0.105,-1.464,3.885,0.348,3.061658,0.025543,-0.000730,0.000000,0.000000,0.000000,0.000000,0.000000,0.000000,0,0.00
18.360000,-0.023,-0.092749,-0.092749,4.321,7.00,-0.177965,0.115799,-0.002720,-0.020329,0.027,0.062,-1.463,3.904,0.348,3.064922,0.023179,-0.000666,0.000000,0.000000,0.000000,0.000000,0.000000,0.000000,0,0.00
18.370000,-0.020,0.017920,0.017920,4.321,7.00,-0.169445,0.099201,-0.002706,-0.114415,0.027,0.012,-1.462,3.924,0.348,3.069289,0.019854,-0.000547,0.000000,0.000000,0.000000,0.000000,0.000000,0.000000,0,0.00
18.380000,-0.015,0.174544,0.174544,4.321,7.00,-0.150711,0.075239,-0.002696,-0.247087,0.027,0.116,-1.462,3.943,0.348,3.075397,0.015057,-0.000365,0.000000,0.000000,0.000000,0.000000,0.000000,0.000000,0,0.00
18.390000,-0.009,0.272087,0.272087,4.321,7.00,-0.119777,0.043131,-0.002683,-0.312534,0.026,0.181,-1.462,3.963,0.348,3.083431,0.008632,-0.000145,0.000000,0.000000,0.000000,0.000000,0.000000,0.000000,0,0.00
18.400000,-0.001,0.300000,0.300000,4.321,7.00,-0.080595,0.006569,-0.002681,-0.376049,0.023,0.200,-1.462,3.982,0.348,3.092436,0.001318,0.000049,0.000000,0.000000,0.000000,0.000000,0.000000,0.000000,0,0.00
18.410000,0.005,0.300000,0.300000,4.321,7.00,-0.042539,-0.027180,-0.002689,-0.423939,0.020,0.200,-1.463,4.002,0.348,3.100553,-0.005434,0.000158,0.000000,0.000000,0.000000,0.000000,0.000000,0.000000,0,0.00
18.420000,0.011,0.300000,0.300000,4.321,7.00,-0.008295,-0.056280,-0.002700,-0.446344,0.015,0.200,-1.463,4.021,0.348,3.107347,-0.011257,0.000179,0.000000,0.000000,0.000000,0.000000,0.000000,0.000000,0,0.00
18.430000,0.016,0.300000,0.300000,4.321,7.00,0.022547,-0.081230,-0.002711,-0.446550,0.009,0.200,-1.463,4.040,0.348,3.112973,-0.016250,0.000126,0.000000,0.000000,0.000000,0.000000,0.000000,0.000000,0,0.00
18.440000,0.020,0.300000,0.300000,4.321,7.00,0.050289,-0.102434,-0.002751,-0.412407,0.001,0.200,-1.463,4.060,0.348,3.117562,-0.020494,0.000022,0.000000,0.000000,0.000000,0.000000,0.000000,0.000000,0,0.00
18.450000,0.024,0.300000,0.300000,4.321,7.00,0.075259,-0.120246,-0.002767,-0.418059,-0.005,0.200,-1.463,4.079,0.348,3.121226,-0.024059,-0.000117,0.000000,0.000000,0.000000,0.000000,0.000000,0.000000,0,0.00
18.460000,0.027,0.300000,0.300000,4.321,7.00,0.097733,-0.134971,-0.002814,-0.362898,-0.011,0.200,-1.463,4.099,0.348,3.124064,-0.027006,-0.000273,0.000000,0.000000,0.000000,0.000000,0.000000,0.000000,0,0.00
18.470000,0.029,0.300000,0.300000,4.321,7.00,0.117959,-0.146871,-0.002852,-0.296339,-0.016,0.200,-1.463,4.118,0.348,3.126161,-0.029389,-0.000435,0.000000,0.000000,0.000000,0.000000,0.000000,0.000000,0,0.00
18.480000,0.031,0.300000,0.300000,4.321,7.00,0.136163,-0.156175,-0.002869,-0.231321,-0.020,0.200,-1.462,4.137,0.348,3.127593,-0.031251,-0.000593,0.000000,0.000000,0.000000,0.000000,0.000000,0.000000,0,0.00
18.490000,0.033,0.300000,0.300000,4.321,7.00,0.152546,-0.163085,-0.002890,-0.231484,-0.024,0.200,-1.462,4.157,0.348,3.128427,-0.032635,-0.000741,0.000000,0.000000,0.000000,0.000000,0.000000,0.000000,0,0.00
18.500000,0.034,0.300000,0.300000,4.321,7.00,0.167292,-0.167778,-0.002948,-0.153069,-0.027,0.200,-1.461,4.176,0.348,3.128722,-0.033576,-0.000873,0.000000,0.000000,0.000000,0.000000,0.000000,0.000000,0,0.00
18.510000,0.034,0.300000,0.300000,4.321,7.00,0.180562,-0.170412,-0.003047,-0.129151,-0.029,0.200,-1.461,4.195,0.348,3.128533,-0.034105,-0.000986,0.000000,0.000000,0.000000,0.000000,0.000000,0.000000,0,0.00
18.520000,0.034,0.275553,0.275553,4.321,7.00,0.192506,-0.171125,-0.003087,-0.101342,-0.031,0.184,-1.460,4.215,0.349,3.127907,-0.034250,-0.001079,0.000000,0.000000,0.000000,0.000000,0.000000,0.000000,0,0.00
18.530000,0.034,0.208201,0.208201,4.321,7.00,0.200811,-0.168290,-0.003114,-0.036797,-0.033,0.139,-1.459,4.234,0.349,3.126429,-0.033685,-0.001127,0.000000,0.000000,0.000000,0.000000,0.000000,0.000000,0,0.00
18.540000,0.032,0.150492,0.150492,4.321,7.00,0.201552,-0.159239,-0.003178,0.011926,-0.034,0.100,-1.458,4.254,0.349,3.123416,-0.031878,-0.001092,0.000000,0.000000,0.000000,0.000000,0.000000,0.000000,0,0.00
18.550000,0.029,0.062969,0.062969,4.321,7.00,0.196447,-0.145587,-0.003198,0.085816,-0.034,0.042,-1.457,4.273,0.349,3.119314,-0.029151,-0.000991,0.000000,0.000000,0.000000,0.000000,0.000000,0.000000,0,0.00
18.560000,0.025,0.003873,0.003873,4.321,7.00,0.183102,-0.125961,-0.003241,0.125329,-0.034,0.003,-1.455,4.292,0.348,3.113774,-0.025227,-0.000815,0.000000,0.000000,0.000000,0.000000,0.000000,0.000000,0,0.00
18.570000,0.021,-0.066575,-0.066575,4.321,7.00,0.165180,-0.103480,-0.003274,0.173328,-0.034,0.044,-1.454,4.312,0.348,3.107627,-0.020730,-0.000606,0.000000,0.000000,0.000000,0.000000,0.000000,0.000000,0,0.00
18.580000,0.016,-0.206801,-0.206801,4.321,7.00,0.142007,-0.077964,-0.003284,0.288049,-0.032,0.138,-1.452,4.331,0.348,3.100825,-0.015622,-0.000383,0.000000,0.000000,0.000000,0.000000,0.000000,0.000000,0,0.00
18.590000,0.009,-0.282543,-0.282543,4.321,7.00,0.109355,-0.046789,-0.003300,0.332631,-0.029,0.188,-1.449,4.350,0.348,3.092673,-0.009377,-0.000153,0.000000,0.000000,0.000000,0.000000,0.000000,0.000000,0,0.00
18.600000,0.003,-0.300000,-0.300000,4.321,7.00,0.070170,-0.012633,-0.003301,0.411585,-0.025,0.200,-1.447,4.370,0.348,3.083883,-0.002529,0.000036,0.000000,0.000000,0.000000,0.000000,0.000000,0.000000,0,0.00
18.610000,-0.004,-0.300000,-0.300000,4.321,7.00,0.033156,0.018063,-0.003297,0.459115,-0.021,0.200,-1.444,4.389,0.348,3.076156,0.003630,0.000141,0.000000,0.000000,0.000000,0.000000,0.000000,0.000000,0,0.00
18.620000,-0.009,-0.300000,-0.300000,4.321,7.00,-0.000410,0.044399,-0.003285,0.475070,-0.016,0.200,-1.442,4.408,0.348,3.069707,0.008915,0.000163,0.000000,0.000000,0.000000,0.000000,0.000000,0.000000,0,0.00
18.630000,-0.013,-0.300000,-0.300000,4.321,7.00,-0.030121,0.066826,-0.003272,0.419743,-0.009,0.200,-1.439,4.428,0.348,3.064392,0.013415,0.000117,0.000000,0.000000,0.000000,0.000000,0.000000,0.000000,0,0.00
18.640000,-0.017,-0.300000,-0.300000,4.321,7.00,-0.057107,0.085769,-0.003258,0.434915,-0.003,0.200,-1.437,4.447,0.348,3.060075,0.017214,0.000024,0.000000,0.000000,0.000000,0.000000,0.000000,0.000000,0,0.00
18.650000,-0.020,-0.300000,-0.300000,4.321,7.00,-0.081396,0.101536,-0.003234,0.333791,0.004,0.200,-1.435,4.466,0.348,3.056653,0.020374,-0.000099,0.000000,0.000000,0.000000,0.000000,0.000000,0.000000,0,0.00
18.660000,-0.023,-0.300000,-0.300000,4.321,7.00,-0.103256,0.114414,-0.003222,0.331418,0.009,0.200,-1.433,4.485,0.348,3.054031,0.022952,-0.000236,0.000000,0.000000,0.000000,0.000000,0.000000,0.000000,0,0.00
18.670000,-0.025,-0.300000,-0.300000,4.321,7.00,-0.122930,0.124649,-0.003188,0.293447,0.013,0.200,-1.432,4.505,0.348,3.052125,0.024999,-0.000377,0.000000,0.000000,0.000000,0.000000,0.000000,0.000000,0,0.00
18.680000,-0.026,-0.300000,-0.300000,4.321,7.00,-0.140637,0.132441,-0.003166,0.253184,0.017,0.200,-1.430,4.524,0.348,3.050864,0.026554,-0.000513,0.000000,0.000000,0.000000,0.000000,0.000000,0.000000,0,0.00
18.690000,-0.028,-0.300000,-0.300000,4.321,7.00,-0.156573,0.137975,-0.003134,0.194111,0.020,0.200,-1.428,4.543,0.348,3.050184,0.027656,-0.000638,0.000000,0.000000,0.000000,0.000000,0.000000,0.000000,0,0.00
18.700000,-0.028,-0.300000,-0.300000,4.321,7.00,-0.170916,0.141414,-0.003119,0.171896,0.023,0.200,-1.427,4.563,0.348,3.050027,0.028337,-0.000748,0.000000,0.000000,0.000000,0.000000,0.000000,0.000000,0,0.00
18.710000,-0.029,-0.233833,-0.233833,4.321,7.00,-0.183824,0.142905,-0.003084,0.094011,0.025,0.156,-1.425,4.582,0.348,3.050340,0.028628,-0.000837,0.000000,0.000000,0.000000,0.000000,0.000000,0.000000,0,0.00
18.720000,-0.028,-0.185117,-0.185117,4.321,7.00,-0.188827,0.137801,-0.003061,0.050376,0.026,0.123,-1.424,4.601,0.348,3.052320,0.027597,-0.000855,0.000000,0.000000,0.000000,0.000000,0.000000,0.000000,0,0.00
18.730000,-0.026,-0.094858,-0.094858,4.321,7.00,-0.188457,0.128262,-0.003045,-0.030359,0.028,0.063,-1.423,4.621,0.348,3.055361,0.025681,-0.000813,0.000000,0.000000,0.000000,0.000000,0.000000,0.000000,0,0.00
18.740000,-0.022,-0.011824,-0.011824,4.321,7.00,-0.179100,0.111909,-0.003022,-0.097062,0.028,0.008,-1.422,4.640,0.348,3.060060,0.022402,-0.000691,0.000000,0.000000,0.000000,0.000000,0.000000,0.000000,0,0.00
18.750000,-0.018,0.088218,0.088218,4.321,7.00,-0.162375,0.090382,-0.003001,-0.175600,0.029,0.059,-1.422,4.660,0.348,3.065953,0.018090,-0.000513,0.000000,0.000000,0.000000,0.000000,0.000000,0.000000,0,0.00
18.760000,-0.013,0.235030,0.235030,4.321,7.00,-0.137318,0.063407,-0.002992,-0.295445,0.028,0.157,-1.422,4.679,0.348,3.073092,0.012691,-0.000300,0.000000,0.000000,0.000000,0.000000,0.000000,0.000000,0,0.00
18.770000,-0.006,0.300000,0.300000,4.321,7.00,-0.103318,0.031034,-0.002987,-0.404372,0.026,0.200,-1.422,4.698,0.348,3.081440,0.006213,-0.000086,0.000000,0.000000,0.000000,0.000000,0.000000,0.000000,0,0.00
18.780000,0.001,0.300000,0.300000,4.321,7.00,-0.062991,-0.004314,-0.002987,-0.563288,0.022,0.200,-1.422,4.718,0.348,3.090361,-0.000860,0.000079,0.000000,0.000000,0.000000,0.000000,0.000000,0.000000,0,0.00
18.790000,0.007,0.300000,0.300000,4.321,7.00,-0.026695,-0.034825,-0.002999,-0.566642,0.018,0.200,-1.423,4.737,0.348,3.097851,-0.006965,0.000155,0.000000,0.000000,0.000000,0.000000,0.000000,0.000000,0,0.00
18.800000,0.012,0.300000,0.300000,4.321,7.00,0.005988,-0.061012,-0.003008,-0.629872,0.013,0.200,-1.423,4.757,0.348,3.104095,-0.012206,0.000150,0.000000,0.000000,0.000000,0.000000,0.000000,0.000000,0,0.00
18.810000,0.017,0.300000,0.300000,4.321,7.00,0.035379,-0.083293,-0.003017,-0.644590,0.006,0.200,-1.423,4.776,0.348,3.109234,-0.016666,0.000082,0.000000,0.000000,0.000000,0.000000,0.000000,0.000000,0,0.00
18.820000,0.020,0.300000,0.300000,4.321,7.00,0.061840,-0.102036,-0.003049,-0.553726,-0.001,0.200,-1.423,4.796,0.348,3.113389,-0.020418,-0.000029,0.000000,0.000000,0.000000,0.000000,0.000000,0.000000,0,0.00
18.830000,0.024,0.300000,0.300000,4.321,7.00,0.085655,-0.117553,-0.003077,-0.386973,-0.007,0.200,-1.423,4.815,0.348,3.116665,-0.023524,-0.000166,0.000000,0.000000,0.000000,0.000000,0.000000,0.000000,0,0.00
18.840000,0.026,0.300000,0.300000,4.321,7.00,0.107089,-0.130116,-0.003090,-0.411241,-0.012,0.200,-1.422,4.834,0.348,3.119156,-0.026040,-0.000314,0.000000,0.000000,0.000000,0.000000,0.000000,0.000000,0,0.00
18.850000,0.028,0.300000,0.300000,4.321,7.00,0.126380,-0.139961,-0.003125,-0.315611,-0.017,0.200,-1.422,4.854,0.348,3.120942,-0.028011,-0.000463,0.000000,0.000000,0.000000,0.000000,0.000000,0.000000,0,0.00
18.860000,0.029,0.300000,0.300000,4.321,7.00,0.143742,-0.147295,-0.003153,-0.209017,-0.020,0.200,-1.422,4.873,0.348,3.122094,-0.029481,-0.000605,0.000000,0.000000,0.000000,0.000000,0.000000,0.000000,0,0.00
18.870000,0.030,0.300000,0.300000,4.321,7.00,0.159368,-0.152301,-0.003193,-0.183548,-0.024,0.200,-1.421,4.893,0.348,3.122676,-0.030484,-0.000733,0.000000,0.000000,0.000000,0.000000,0.000000,0.000000,0,0.00
18.880000,0.031,0.300000,0.300000,4.321,7.00,0.173431,-0.155142,-0.003213,-0.155754,-0.026,0.200,-1.421,4.912,0.348,3.122745,-0.031055,-0.000844,0.000000,0.000000,0.000000,0.000000,0.000000,0.000000,0,0.00
18.890000,0.031,0.237226,0.237226,4.321,7.00,0.186088,-0.155962,-0.003263,-0.078001,-0.028,0.158,-1.420,4.931,0.348,3.122351,-0.031221,-0.000934,0.000000,0.000000,0.000000,0.000000,0.000000,0.000000,0,0.00
18.900000,0.030,0.190057,0.190057,4.321,7.00,0.191203,-0.150161,-0.003298,-0.036598,-0.029,0.127,-1.419,4.951,0.348,3.120363,-0.030064,-0.000944,0.000000,0.000000,0.000000,0.000000,0.000000,0.000000,0,0.00
18.910000,0.028,0.127826,0.127826,4.321,7.00,0.191090,-0.139807,-0.003331,0.015312,-0.030,0.085,-1.418,4.970,0.348,3.117338,-0.027995,-0.000892,0.000000,0.000000,0.000000,0.000000,0.000000,0.000000,0,0.00
18.920000,0.025,0.067518,0.067518,4.321,7.00,0.184765,-0.124405,-0.003368,0.060256,-0.031,0.045,-1.417,4.989,0.348,3.113173,-0.024916,-0.000775,0.000000,0.000000,0.000000,0.000000,0.000000,0.000000,0,0.00
18.930000,0.021,-0.023719,-0.023719,4.321,7.00,0.173042,-0.104905,-0.003391,0.132015,-0.031,0.016,-1.415,5.009,0.348,3.108128,-0.021015,-0.000612,0.000000,0.000000,0.000000,0.000000,0.000000,0.000000,0,0.00
18.940000,0.016,-0.104985,-0.104985,4.321,7.00,0.153368,-0.079705,-0.003415,0.188105,-0.030,0.070,-1.413,5.028,0.348,3.101817,-0.015970,-0.000404,0.000000,0.000000,0.000000,0.000000,0.000000,0.000000,0,0.00
18.950000,0.010,-0.191537,-0.191537,4.321,7.00,0.127535,-0.050642,-0.003428,0.245607,-0.028,0.128,-1.412,5.048,0.348,3.094717,-0.010149,-0.000188,0.000000,0.000000,0.000000,0.000000,0.000000,0.000000,0,0.00
18.960000,0.004,-0.266692,-0.266692,4.321,7.00,0.095631,-0.018183,-0.003433,0.288308,-0.025,0.178,-1.409,5.067,0.348,3.086947,-0.003642,0.000004,0.000000,0.000000,0.000000,0.000000,0.000000,0.000000,0,0.00
18.970000,-0.003,-0.300000,-0.300000,4.321,7.00,0.059402,0.015995,-0.003429,0.348183,-0.021,0.200,-1.407,5.086,0.348,3.078928,0.003214,0.000136,0.000000,0.000000,0.000000,0.000000,0.000000,0.000000,0,0.00
18.980000,-0.010,-0.300000,-0.300000,4.321,7.00,0.023466,0.048236,-0.003411,0.344229,-0.016,0.200,-1.405,5.105,0.348,3.071564,0.009684,0.000181,0.000000,0.000000,0.000000,0.000000,0.000000,0.000000,0,0.00
18.990000,-0.015,-0.300000,-0.300000,4.321,7.00,-0.008891,0.076138,-0.003380,0.334224,-0.010,0.200,-1.403,5.125,0.348,3.065437,0.015284,0.000147,0.000000,0.000000,0.000000,0.000000,0.000000,0.000000,0,0.00
19.000000,-0.020,-0.300000,-0.300000,4.321,7.00,-0.037995,0.100146,-0.003361,0.341910,-0.004,0.200,-1.401,5.144,0.348,3.060402,0.020101,0.000051,0.000000,0.000000,0.000000,0.000000,0.000000,0.000000,0,0.00
19.010000,-0.024,-0.300000,-0.300000,4.321,7.00,-0.064194,0.120639,-0.003313,0.304282,0.003,0.200,-1.399,5.163,0.348,3.056339,0.024211,-0.000086,0.000000,0.000000,0.000000,0.000000,0.000000,0.000000,0,0.00
19.020000,-0.028,-0.300000,-0.300000,4.321,7.00,-0.087774,0.137938,-0.003257,0.239195,0.010,0.200,-1.397,5.183,0.348,3.053143,0.027677,-0.000247,0.000000,0.000000,0.000000,0.000000,0.000000,0.000000,0,0.00
19.030000,-0.030,-0.300000,-0.300000,4.321,7.00,-0.108996,0.152328,-0.003198,0.209575,0.015,0.200,-1.395,5.202,0.348,3.050722,0.030558,-0.000419,0.000000,0.000000,0.000000,0.000000,0.000000,0.000000,0,0.00
19.040000,-0.033,-0.300000,-0.300000,4.321,7.00,-0.128096,0.164049,-0.003182,0.242772,0.020,0.200,-1.393,5.221,0.348,3.048997,0.032902,-0.000592,0.000000,0.000000,0.000000,0.000000,0.000000,0.000000,0,0.00
19.050000,-0.035,-0.300000,-0.300000,4.321,7.00,-0.145286,0.173302,-0.003154,0.198647,0.024,0.200,-1.392,5.241,0.348,3.047899,0.034749,-0.000758,0.000000,0.000000,0.000000,0.000000,0.000000,0.000000,0,0.00
19.060000,-0.036,-0.300000,-0.300000,4.321,7.00,-0.160758,0.180274,-0.003101,0.180861,0.028,0.200,-1.390,5.260,0.348,3.047364,0.036137,-0.000910,0.000000,0.000000,0.000000,0.000000,0.000000,0.000000,0,0.00
19.070000,-0.037,-0.300000,-0.300000,4.321,7.00,-0.174682,0.185129,-0.003052,0.165129,0.030,0.200,-1.389,5.279,0.348,3.047338,0.037101,-0.001046,0.000000,0.000000,0.000000,0.000000,0.000000,0.000000,0,0.00
19.080000,-0.038,-0.300000,-0.300000,4.321,7.00,-0.187214,0.188016,-0.003006,0.149185,0.033,0.200,-1.388,5.299,0.348,3.047768,0.037669,-0.001162,0.000000,0.000000,0.000000,0.000000,0.000000,0.000000,0,0.00
19.090000,-0.038,-0.261935,-0.261935,4.321,7.00,-0.198492,0.189062,-0.002977,0.075850,0.035,0.175,-1.386,5.318,0.349,3.048611,0.037868,-0.001258,0.000000,0.000000,0.000000,0.000000,0.000000,0.000000,0,0.00
19.100000,-0.037,-0.201924,-0.201924,4.321,7.00,-0.204837,0.185564,-0.002956,0.019316,0.036,0.135,-1.385,5.337,0.349,3.050543,0.037158,-0.001291,0.000000,0.000000,0.000000,0.000000,0.000000,0.000000,0,0.00
19.110000,-0.035,-0.154670,-0.154670,4.321,7.00,-0.204547,0.176479,-0.002911,-0.018898,0.037,0.103,-1.384,5.357,0.349,3.053807,0.035330,-0.001245,0.000000,0.000000,0.000000,0.000000,0.000000,0.000000,0,0.00
19.120000,-0.033,-0.107150,-0.107150,4.321,7.00,-0.199560,0.163572,-0.002852,-0.053570,0.038,0.071,-1.384,5.376,0.349,3.057932,0.032740,-0.001140,0.000000,0.000000,0.000000,0.000000,0.000000,0.000000,0,0.00
19.130000,-0.029,-0.040220,-0.040220,4.321,7.00,-0.190320,0.147473,-0.002817,-0.104436,0.038,0.027,-1.383,5.395,0.348,3.062748,0.029513,-0.000987,0.000000,0.000000,0.000000,0.000000,0.000000,0.000000,0,0.00
19.140000,-0.025,0.057249,0.057249,4.321,7.00,-0.175311,0.127286,-0.002794,-0.181741,0.037,0.038,-1.383,5.415,0.348,3.068477,0.025470,-0.000788,0.000000,0.000000,0.000000,0.000000,0.000000,0.000000,0,0.00
19.150000,-0.020,0.211500,0.211500,4.321,7.00,-0.152058,0.101608,-0.002783,-0.310325,0.035,0.141,-1.383,5.434,0.348,3.075476,0.020332,-0.000545,0.000000,0.000000,0.000000,0.000000,0.000000,0.000000,0,0.00
19.160000,-0.014,0.300000,0.300000,4.321,7.00,-0.117021,0.068455,-0.002768,-0.383651,0.033,0.200,-1.383,5.454,0.348,3.084253,0.013699,-0.000269,0.000000,0.000000,0.000000,0.000000,0.000000,0.000000,0,0.00
19.170000,-0.006,0.300000,0.300000,4.321,7.00,-0.075324,0.032320,-0.002759,-0.440840,0.029,0.200,-1.384,5.473,0.348,3.093642,0.006470,-0.000031,0.000000,0.000000,0.000000,0.000000,0.000000,0.000000,0,0.00
19.180000,-0.000,0.300000,0.300000,4.321,7.00,-0.037795,0.001331,-0.002759,-0.487643,0.025,0.200,-1.385,5.493,0.348,3.101547,0.000271,0.000113,0.000000,0.000000,0.000000,0.000000,0.000000,0.000000,0,0.00
19.190000,0.005,0.300000,0.300000,4.321,7.00,-0.004034,-0.025091,-0.002763,-0.514615,0.020,0.200,-1.385,5.512,0.348,3.108154,-0.005015,0.000167,0.000000,0.000000,0.000000,0.000000,0.000000,0.000000,0,0.00
19.200000,0.009,0.300000,0.300000,4.321,7.00,0.026390,-0.047423,-0.002769,-0.473544,0.014,0.200,-1.385,5.532,0.348,3.113616,-0.009484,0.000149,0.000000,0.000000,0.000000,0.000000,0.000000,0.000000,0,0.00
19.210000,0.013,0.300000,0.300000,4.321,7.00,0.053749,-0.066058,-0.002787,-0.420049,0.006,0.200,-1.385,5.551,0.348,3.118059,-0.013214,0.000081,0.000000,0.000000,0.000000,0.000000,0.000000,0.000000,0,0.00
19.220000,0.016,0.300000,0.300000,4.321,7.00,0.078373,-0.081344,-0.002811,-0.373560,0.000,0.200,-1.385,5.570,0.348,3.121593,-0.016273,-0.000020,0.000000,0.000000,0.000000,0.000000,0.000000,0.000000,0,0.00
19.230000,0.019,0.300000,0.300000,4.321,7.00,0.100535,-0.093577,-0.002820,-0.364452,-0.005,0.200,-1.385,5.590,0.348,3.124314,-0.018722,-0.000137,0.000000,0.000000,0.000000,0.000000,0.000000,0.000000,0,0.00
19.240000,0.021,0.300000,0.300000,4.321,7.00,0.120482,-0.103012,-0.002853,-0.283612,-0.009,0.200,-1.385,5.609,0.348,3.126307,-0.020610,-0.000258,0.000000,0.000000,0.000000,0.000000,0.000000,0.000000,0,0.00
19.250000,0.022,0.300000,0.300000,4.321,7.00,0.138433,-0.109876,-0.002870,-0.204547,-0.013,0.200,-1.385,5.629,0.348,3.127644,-0.021984,-0.000375,0.000000,0.000000,0.000000,0.000000,0.000000,0.000000,0,0.00
19.260000,0.023,0.286976,0.286976,4.321,7.00,0.154590,-0.114363,-0.002911,-0.169702,-0.016,0.191,-1.385,5.648,0.348,3.128393,-0.022883,-0.000481,0.000000,0.000000,0.000000,0.000000,0.000000,0.000000,0,0.00
19.270000,0.023,0.260956,0.260956,4.321,7.00,0.167829,-0.115725,-0.002927,-0.142304,-0.019,0.174,-1.385,5.667,0.348,3.128368,-0.023157,-0.000565,0.000000,0.000000,0.000000,0.000000,0.000000,0.000000,0,0.00
19.280000,0.023,0.167923,0.167923,4.321,7.00,0.177142,-0.113353,-0.002945,-0.051626,-0.021,0.112,-1.384,5.687,0.348,3.127426,-0.022683,-0.000610,0.000000,0.000000,0.000000,0.000000,0.000000,0.000000,0,0.00
19.290000,0.021,0.119053,0.119053,4.321,7.00,0.176222,-0.102928,-0.002980,-0.013144,-0.022,0.079,-1.383,5.706,0.348,3.124448,-0.020600,-0.000574,0.000000,0.000000,0.000000,0.000000,0.000000,0.000000,0,0.00
19.300000,0.018,0.041045,0.041045,4.321,7.00,0.170507,-0.088841,-0.003002,0.050798,-0.023,0.027,-1.382,5.726,0.348,3.120619,-0.017783,-0.000489,0.000000,0.000000,0.000000,0.000000,0.000000,0.000000,0,0.00
19.310000,0.014,-0.098492,-0.098492,4.321,7.00,0.157562,-0.069644,-0.003010,0.171146,-0.023,0.066,-1.381,5.745,0.348,3.115561,-0.013943,-0.000356,0.000000,0.000000,0.000000,0.000000,0.000000,0.000000,0,0.00
19.320000,0.009,-0.300000,-0.300000,4.321,7.00,0.134913,-0.044028,-0.003014,0.355206,-0.023,0.200,-1.379,5.764,0.348,3.108941,-0.008816,-0.000184,0.000000,0.000000,0.000000,0.000000,0.000000,0.000000,0,0.00
19.330000,0.003,-0.300000,-0.300000,4.321,7.00,0.102965,-0.012899,-0.003018,0.414916,-0.021,0.200,-1.377,5.784,0.348,3.101007,-0.002582,-0.000009,0.000000,0.000000,0.000000,0.000000,0.000000,0.000000,0,0.00
19.340000,-0.004,-0.300000,-0.300000,4.321,7.00,0.062675,0.022481,-0.003014,0.533458,-0.018,0.200,-1.375,5.803,0.348,3.092091,0.004508,0.000125,0.000000,0.000000,0.000000,0.000000,0.000000,0.000000,0,0.00
19.350000,-0.011,-0.300000,-0.300000,4.321,7.00,0.026410,0.053030,-0.003003,0.586737,-0.014,0.200,-1.372,5.822,0.348,3.084602,0.010634,0.000179,0.000000,0.000000,0.000000,0.000000,0.000000,0.000000,0,0.00
19.360000,-0.016,-0.300000,-0.300000,4.321,7.00,-0.006243,0.079287,-0.002982,0.538901,-0.009,0.200,-1.370,5.842,0.348,3.078362,0.015900,0.000156,0.000000,0.000000,0.000000,0.000000,0.000000,0.000000,0,0.00
19.370000,-0.020,-0.300000,-0.300000,4.321,7.00,-0.035609,0.101702,-0.002962,0.434669,-0.003,0.200,-1.368,5.861,0.348,3.073229,0.020394,0.000071,0.000000,0.000000,0.000000,0.000000,0.000000,0.000000,0,0.00
19.380000,-0.024,-0.300000,-0.300000,4.321,7.00,-0.062047,0.120652,-0.002946,0.454309,0.004,0.200,-1.366,5.880,0.348,3.069079,0.024192,-0.000056,0.000000,0.000000,0.000000,0.000000,0.000000,0.000000,0,0.00
19.390000,-0.027,-0.300000,-0.300000,4.321,7.00,-0.085841,0.136456,-0.002895,0.343682,0.011,0.200,-1.365,5.900,0.348,3.065806,0.027357,-0.000209,0.000000,0.000000,0.000000,0.000000,0.000000,0.000000,0,0.00
19.400000,-0.030,-0.300000,-0.300000,4.321,7.00,-0.107257,0.149396,-0.002879,0.331863,0.016,0.200,-1.363,5.919,0.348,3.063316,0.029946,-0.000373,0.000000,0.000000,0.000000,0.000000,0.000000,0.000000,0,0.00
19.410000,-0.032,-0.300000,-0.300000,4.321,7.00,-0.126531,0.159695,-0.002838,0.292773,0.020,0.200,-1.361,5.938,0.348,3.061531,0.032004,-0.000538,0.000000,0.000000,0.000000,0.000000,0.000000,0.000000,0,0.00
19.420000,-0.034,-0.300000,-0.300000,4.321,7.00,-0.143878,0.167556,-0.002812,0.252178,0.024,0.200,-1.360,5.957,0.348,3.060379,0.033572,-0.000695,0.000000,0.000000,0.000000,0.000000,0.000000,0.000000,0,0.00
19.430000,-0.035,-0.300000,-0.300000,4.321,7.00,-0.159490,0.173159,-0.002756,0.174313,0.027,0.200,-1.358,5.977,0.348,3.059797,0.034686,-0.000839,0.000000,0.000000,0.000000,0.000000,0.000000,0.000000,0,0.00
19.440000,-0.035,-0.300000,-0.300000,4.321,7.00,-0.173541,0.176665,-0.002734,0.164459,0.030,0.200,-1.357,5.996,0.348,3.059728,0.035380,-0.000966,0.000000,0.000000,0.000000,0.000000,0.000000,0.000000,0,0.00
19.450000,-0.036,-0.265979,-0.265979,4.321,7.00,-0.186187,0.178217,-0.002683,0.090445,0.032,0.177,-1.356,6.015,0.348,3.060121,0.035682,-0.001071,0.000000,0.000000,0.000000,0.000000,0.000000,0.000000,0,0.00
19.460000,-0.035,-0.226248,-0.226248,4.321,7.00,-0.194167,0.175473,-0.002656,0.053431,0.034,0.151,-1.355,6.035,0.349,3.061569,0.035125,-0.001120,0.000000,0.000000,0.000000,0.000000,0.000000,0.000000,0,0.00
19.470000,-0.034,-0.165330,-0.165330,4.321,7.00,-0.197376,0.168526,-0.002620,-0.000575,0.035,0.110,-1.354,6.054,0.349,3.064021,0.033727,-0.001111,0.000000,0.000000,0.000000,0.000000,0.000000,0.000000,0,0.00
19.480000,-0.031,-0.107297,-0.107297,4.321,7.00,-0.194173,0.156366,-0.002585,-0.046483,0.035,0.072,-1.353,6.074,0.349,3.067713,0.031288,-0.001028,0.000000,0.000000,0.000000,0.000000,0.000000,0.000000,0,0.00
19.490000,-0.028,0.010346,0.010346,4.321,7.00,-0.185487,0.139991,-0.002568,-0.147770,0.036,0.007,-1.353,6.093,0.348,3.072358,0.028008,-0.000886,0.000000,0.000000,0.000000,0.000000,0.000000,0.000000,0,0.00
19.500000,-0.023,0.170160,0.170160,4.321,7.00,-0.167549,0.116925,-0.002555,-0.284530,0.035,0.113,-1.353,6.112,0.348,3.078572,0.023391,-0.000669,0.000000,0.000000,0.000000,0.000000,0.000000,0.000000,0,0.00
19.510000,-0.018,0.300000,0.300000,4.321,7.00,-0.140445,0.087761,-0.002545,-0.431674,0.034,0.200,-1.353,6.132,0.348,3.086168,0.017557,-0.000407,0.000000,0.000000,0.000000,0.000000,0.000000,0.000000,0,0.00
19.520000,-0.011,0.300000,0.300000,4.321,7.00,-0.104238,0.053104,-0.002524,-0.467962,0.031,0.200,-1.353,6.151,0.348,3.094968,0.010626,-0.000142,0.000000,0.000000,0.000000,0.000000,0.000000,0.000000,0,0.00
19.530000,-0.003,0.300000,0.300000,4.321,7.00,-0.063819,0.017061,-0.002520,-0.538922,0.028,0.200,-1.354,6.171,0.348,3.103909,0.003417,0.000061,0.000000,0.000000,0.000000,0.000000,0.000000,0.000000,0,0.00
19.540000,0.003,0.300000,0.300000,4.321,7.00,-0.027440,-0.014153,-0.002522,-0.628169,0.023,0.200,-1.355,6.190,0.348,3.111418,-0.002827,0.000161,0.000000,0.000000,0.000000,0.000000,0.000000,0.000000,0,0.00
19.550000,0.008,0.300000,0.300000,4.321,7.00,0.005321,-0.041061,-0.002526,-0.667995,0.018,0.200,-1.355,6.210,0.348,3.117678,-0.008211,0.000173,0.000000,0.000000,0.000000,0.000000,0.000000,0.000000,0,0.00
19.560000,0.013,0.300000,0.300000,4.321,7.00,0.034775,-0.064097,-0.002533,-0.651037,0.011,0.200,-1.355,6.229,0.348,3.122831,-0.012820,0.000119,0.000000,0.000000,0.000000,0.000000,0.000000,0.000000,0,0.00
19.570000,0.017,0.300000,0.300000,4.321,7.00,0.061297,-0.083624,-0.002564,-0.627586,0.003,0.200,-1.355,6.248,0.348,3.126999,-0.016727,0.000020,0.000000,0.000000,0.000000,0.000000,0.000000,0.000000,0,0.00
19.580000,0.020,0.300000,0.300000,4.321,7.00,0.085166,-0.099958,-0.002575,-0.611187,-0.003,0.200,-1.355,6.268,0.348,3.130287,-0.019995,-0.000107,0.000000,0.000000,0.000000,0.000000,0.000000,0.000000,0,0.00
19.590000,0.023,0.300000,0.300000,4.321,7.00,0.106649,-0.113371,-0.002591,-0.500442,-0.008,0.200,-1.355,6.287,0.348,3.132789,-0.022679,-0.000247,0.000000,0.000000,0.000000,0.000000,0.000000,0.000000,0,0.00
19.600000,0.025,0.300000,0.300000,4.321,7.00,0.125984,-0.124100,-0.002664,-0.339011,-0.013,0.200,-1.355,6.307,0.348,3.134584,-0.024826,-0.000389,0.000000,0.000000,0.000000,0.000000,0.000000,0.000000,0,0.00
19.610000,0.026,0.300000,0.300000,4.321,7.00,0.143386,-0.132354,-0.002678,-0.248593,-0.017,0.200,-1.355,6.326,0.348,3.135745,-0.026477,-0.000525,0.000000,0.000000,0.000000,0.000000,0.000000,0.000000,0,0.00
19.620000,0.028,0.300000,0.300000,4.321,7.00,0.159047,-0.138317,-0.002713,-0.229801,-0.020,0.200,-1.355,6.345,0.348,3.136335,-0.027671,-0.000650,0.000000,0.000000,0.000000,0.000000,0.000000,0.000000,0,0.00
19.630000,0.028,0.300000,0.300000,4.321,7.00,0.173142,-0.142149,-0.002732,-0.158306,-0.023,0.200,-1.354,6.365,0.348,3.136410,-0.028438,-0.000760,0.000000,0.000000,0.000000,0.000000,0.000000,0.000000,0,0.00
19.640000,0.029,0.247912,0.247912,4.321,7.00,0.185828,-0.143999,-0.002765,-0.101148,-0.025,0.165,-1.354,6.384,0.348,3.136024,-0.028809,-0.000850,0.000000,0.000000,0.000000,0.000000,0.000000,0.000000,0,0.00
19.650000,0.028,0.221859,0.221859,4.321,7.00,0.192038,-0.140063,-0.002799,-0.078997,-0.026,0.148,-1.353,6.404,0.348,3.134243,-0.028023,-0.000875,0.000000,0.000000,0.000000,0.000000,0.000000,0.000000,0,0.00
19.660000,0.027,0.122560,0.122560,4.321,7.00,0.195021,-0.133069,-0.002813,0.013322,-0.028,0.082,-1.352,6.423,0.348,3.131783,-0.026627,-0.000858,0.000000,0.000000,0.000000,0.000000,0.000000,0.000000,0,0.00
19.670000,0.024,0.070250,0.070250,4.321,7.00,0.187777,-0.117857,-0.002865,0.050471,-0.028,0.047,-1.351,6.442,0.348,3.127377,-0.023587,-0.000749,0.000000,0.000000,0.000000,0.000000,0.000000,0.000000,0,0.00
19.680000,0.020,0.005385,0.005385,4.321,7.00,0.176025,-0.099301,-0.002906,0.096822,-0.029,0.004,-1.350,6.462,0.348,3.122275,-0.019877,-0.000595,0.000000,0.000000,0.000000,0.000000,0.000000,0.000000,0,0.00
19.690000,0.015,-0.055699,-0.055699,4.321,7.00,0.158963,-0.077064,-0.002939,0.135701,-0.028,0.037,-1.348,6.481,0.348,3.116401,-0.015429,-0.000411,0.000000,0.000000,0.000000,0.000000,0.000000,0.000000,0,0.00
19.700000,0.010,-0.107018,-0.107018,4.321,7.00,0.137498,-0.052155,-0.002962,0.162135,-0.027,0.071,-1.347,6.501,0.348,3.110017,-0.010443,-0.000221,0.000000,0.000000,0.000000,0.000000,0.000000,0.000000,0,0.00
19.710000,0.005,-0.130834,-0.130834,4.321,7.00,0.113048,-0.025914,-0.002973,0.159721,-0.024,0.087,-1.345,6.520,0.348,3.103457,-0.005189,-0.000050,0.000000,0.000000,0.000000,0.000000,0.000000,0.000000,0,0.00
19.720000,0.000,-0.171268,-0.171268,4.321,7.00,0.088660,-0.000792,-0.002973,0.175033,-0.020,0.114,-1.343,6.539,0.348,3.097328,-0.000155,0.000078,0.000000,0.000000,0.000000,0.000000,0.000000,0.000000,0,0.00
19.730000,-0.005,-0.202457,-0.202457,4.321,7.00,0.062669,0.024435,-0.002962,0.180983,-0.015,0.135,-1.341,6.559,0.348,3.091307,0.004901,0.000161,0.000000,0.000000,0.000000,0.000000,0.000000,0.000000,0,0.00
19.740000,-0.010,-0.234306,-0.234306,4.321,7.00,0.036158,0.048865,-0.002943,0.188384,-0.010,0.156,-1.339,6.578,0.348,3.085613,0.009799,0.000193,0.000000,0.000000,0.000000,0.000000,0.000000,0.000000,0,0.00
19.750000,-0.014,-0.255751,-0.255751,4.321,7.00,0.009116,0.072462,-0.002912,0.186200,-0.005,0.171,-1.338,6.597,0.348,3.080241,0.014531,0.000175,0.000000,0.000000,0.000000,0.000000,0.000000,0.000000,0,0.00
19.760000,-0.019,-0.276748,-0.276748,4.321,7.00,-0.017376,0.094377,-0.002876,0.185247,-0.000,0.184,-1.336,6.617,0.348,3.075393,0.018925,0.000110,0.000000,0.000000,0.000000,0.000000,0.000000,0.000000,0,0.00
19.770000,-0.023,-0.288432,-0.288432,4.321,7.00,-0.043311,0.114624,-0.002825,0.176633,0.005,0.192,-1.334,6.636,0.348,3.071048,0.022984,0.000002,0.000000,0.000000,0.000000,0.000000,0.000000,0.000000,0,0.00
19.780000,-0.027,-0.300000,-0.300000,4.321,7.00,-0.067822,0.132563,-0.002771,0.170571,0.010,0.200,-1.332,6.655,0.348,3.067354,0.026579,-0.000136,0.000000,0.000000,0.000000,0.000000,0.000000,0.000000,0,0.00
19.790000,-0.030,-0.296647,-0.296647,4.321,7.00,-0.091039,0.148330,-0.002702,0.151018,0.014,0.198,-1.330,6.675,0.348,3.064259,0.029736,-0.000298,0.000000,0.000000,0.000000,0.000000,0.000000,0.000000,0,0.00
19.800000,-0.032,-0.293194,-0.293194,4.321,7.00,-0.111600,0.160957,-0.002632,0.134869,0.019,0.195,-1.329,6.694,0.348,3.061992,0.032262,-0.000465,0.000000,0.000000,0.000000,0.000000,0.000000,0.000000,0,0.00
19.810000,-0.034,-0.280080,-0.280080,4.321,7.00,-0.129759,0.170705,-0.002559,0.111934,0.023,0.187,-1.327,6.713,0.348,3.060467,0.034209,-0.000628,0.000000,0.000000,0.000000,0.000000,0.000000,0.000000,0,0.00
19.820000,-0.035,-0.266964,-0.266964,4.321,7.00,-0.144792,0.177110,-0.002480,0.092334,0.027,0.178,-1.326,6.733,0.348,3.059783,0.035485,-0.000771,0.000000,0.000000,0.000000,0.000000,0.000000,0.000000,0,0.00
19.830000,-0.036,-0.247109,-0.247109,4.321,7.00,-0.157009,0.180513,-0.002403,0.068999,0.030,0.165,-1.325,6.752,0.348,3.059836,0.036159,-0.000888,0.000000,0.000000,0.000000,0.000000,0.000000,0.000000,0,0.00
19.840000,-0.036,-0.226212,-0.226212,4.321,7.00,-0.166019,0.180726,-0.002329,0.047815,0.032,0.151,-1.324,6.771,0.348,3.060658,0.036193,-0.000968,0.000000,0.000000,0.000000,0.000000,0.000000,0.000000,0,0.00
19.850000,-0.036,-0.201060,-0.201060,4.321,7.00,-0.172039,0.178044,-0.002252,0.025268,0.034,0.134,-1.323,6.791,0.348,3.062161,0.035649,-0.001007,0.000000,0.000000,0.000000,0.000000,0.000000,0.000000,0,0.00
19.860000,-0.035,-0.171382,-0.171382,4.321,7.00,-0.174942,0.172512,-0.002189,0.001059,0.035,0.114,-1.322,6.810,0.348,3.064322,0.034535,-0.001000,0.000000,0.000000,0.000000,0.000000,0.000000,0.000000,0,0.00
19.870000,-0.033,-0.137893,-0.137893,4.321,7.00,-0.174586,0.164168,-0.002134,-0.024142,0.036,0.092,-1.321,6.829,0.348,3.067121,0.032859,-0.000957,0.000000,0.000000,0.000000,0.000000,0.000000,0.000000,0,0.00
19.880000,-0.031,-0.102409,-0.102409,4.321,7.00,-0.170918,0.153137,-0.002078,-0.048650,0.036,0.068,-1.320,6.849,0.348,3.070518,0.030647,-0.000877,0.000000,0.000000,0.000000,0.000000,0.000000,0.000000,0,0.00
19.890000,-0.028,-0.068013,-0.068013,4.321,7.00,-0.164068,0.139719,-0.002020,-0.069686,0.036,0.045,-1.320,6.868,0.348,3.074431,0.027959,-0.000768,0.000000,0.000000,0.000000,0.000000,0.000000,0.000000,0,0.00
19.900000,-0.025,-0.032520,-0.032520,4.321,7.00,-0.154463,0.124417,-0.001970,-0.089927,0.035,0.022,-1.319,6.888,0.348,3.078726,0.024895,-0.000638,0.000000,0.000000,0.000000,0.000000,0.000000,0.000000,0,0.00
19.910000,-0.021,-0.000733,-0.000733,4.321,7.00,-0.142269,0.107486,-0.001922,-0.104831,0.033,0.000,-1.319,6.907,0.348,3.083335,0.021507,-0.000496,0.000000,0.000000,0.000000,0.000000,0.000000,0.000000,0,0.00
19.920000,-0.018,0.029168,0.029168,4.321,7.00,-0.128116,0.089566,-0.001885,-0.116849,0.031,0.019,-1.319,6.927,0.348,3.088095,0.017921,-0.000354,0.000000,0.000000,0.000000,0.000000,0.000000,0.000000,0,0.00
19.930000,-0.014,0.056825,0.056825,4.321,7.00,-0.112388,0.071062,-0.001856,-0.126030,0.028,0.038,-1.319,6.946,0.348,3.092905,0.014219,-0.000220,0.000000,0.000000,0.000000,0.000000,0.000000,0.000000,0,0.00
19.940000,-0.010,0.080810,0.080810,4.321,7.00,-0.095468,0.052356,-0.001832,-0.131334,0.025,0.054,-1.319,6.965,0.348,3.097672,0.010477,-0.000102,0.000000,0.000000,0.000000,0.000000,0.000000,0.000000,0,0.00
19.950000,-0.007,0.102098,0.102098,4.321,7.00,-0.077841,0.033878,-0.001817,-0.134160,0.021,0.068,-1.319,6.985,0.348,3.102290,0.006781,-0.000006,0.000000,0.000000,0.000000,0.000000,0.000000,0.000000,0,0.00
19.960000,-0.003,0.120395,0.120395,4.321,7.00,-0.059847,0.015929,-0.001810,-0.134514,0.018,0.080,-1.319,7.004,0.348,3.106689,0.003190,0.000067,0.000000,0.000000,0.000000,0.000000,0.000000,0.000000,0,0.00
19.970000,0.000,0.133573,0.133573,4.321,7.00,-0.041823,-0.001220,-0.001810,-0.130543,0.014,0.089,-1.319,7.024,0.348,3.110808,-0.000241,0.000114,0.000000,0.000000,0.000000,0.000000,0.000000,0.000000,0,0.00
19.980000,0.003,0.141201,0.141201,4.321,7.00,-0.024284,-0.017191,-0.001819,-0.122191,0.010,0.094,-1.319,7.043,0.348,3.114554,-0.003436,0.000136,0.000000,0.000000,0.000000,0.000000,0.000000,0.000000,0,0.00
19.990000,0.006,0.148647,0.148647,4.321,7.00,-0.007737,-0.031641,-0.001834,-0.115171,0.007,0.099,-1.319,7.063,0.348,3.117849,-0.006327,0.000137,0.000000,0.000000,0.000000,0.000000,0.000000,0.000000,0,0.00
20.000000,0.009,0.150716,0.150716,4.321,7.00,0.007904,-0.044660,-0.001858,-0.104198,0.003,0.100,-1.318,7.082,0.348,3.120726,-0.008932,0.000119,0.000000,0.000000,0.000000,0.000000,0.000000,0.000000,0,0.00
20.010000,0.011,0.153988,0.153988,4.321,7.00,0.022184,-0.055960,-0.001882,-0.096147,-0.000,0.103,-1.318,7.101,0.348,3.123120,-0.011193,0.000088,0.000000,0.000000,0.000000,0.000000,0.000000,0.000000,0,0.00
20.020000,0.013,0.153364,0.153364,4.321,7.00,0.035364,-0.065765,-0.001912,-0.085686,-0.003,0.102,-1.318,7.121,0.348,3.125098,-0.013154,0.000047,0.000000,0.000000,0.000000,0.000000,0.000000,0.000000,0,0.00
20.030000,0.015,0.152953,0.152953,4.321,7.00,0.047164,-0.073916,-0.001945,-0.077092,-0.006,0.102,-1.318,7.140,0.348,3.126629,-0.014785,0.000002,0.000000,0.000000,0.000000,0.000000,0.000000,0.000000,0,0.00
20.040000,0.016,0.150198,0.150198,4.321,7.00,0.057743,-0.080572,-0.001981,-0.067645,-0.009,0.100,-1.318,7.160,0.348,3.127764,-0.016117,-0.000044,0.000000,0.000000,0.000000,0.000000,0.000000,0.000000,0,0.00
20.050000,0.017,0.146920,0.146920,4.321,7.00,0.066989,-0.085695,-0.002018,-0.059207,-0.011,0.098,-1.317,7.179,0.348,3.128500,-0.017142,-0.000089,0.000000,0.000000,0.000000,0.000000,0.000000,0.000000,0,0.00
20.060000,0.018,0.139089,0.139089,4.321,7.00,0.074982,-0.089387,-0.002058,-0.047644,-0.013,0.093,-1.317,7.198,0.348,3.128875,-0.017881,-0.000130,0.000000,0.000000,0.000000,0.000000,0.000000,0.000000,0,0.00
20.070000,0.018,0.130698,0.130698,4.321,7.00,0.081393,-0.091463,-0.002098,-0.037136,-0.015,0.087,-1.317,7.218,0.348,3.128844,-0.018297,-0.000162,0.000000,0.000000,0.000000,0.000000,0.000000,0.000000,0,0.00
20.080000,0.018,0.120644,0.120644,4.321,7.00,0.086324,-0.092057,-0.002134,-0.026454,-0.016,0.080,-1.316,7.237,0.348,3.128453,-0.018416,-0.000185,0.000000,0.000000,0.000000,0.000000,0.000000,0.000000,0,0.00
20.090000,0.018,0.108896,0.108896,4.321,7.00,0.089756,-0.091214,-0.002169,-0.015513,-0.017,0.073,-1.316,7.257,0.348,3.127719,-0.018248,-0.000197,0.000000,0.000000,0.000000,0.000000,0.000000,0.000000,0,0.00
20.100000,0.018,0.093845,0.093845,4.321,7.00,0.091670,-0.088981,-0.002193,-0.002671,-0.018,0.063,-1.315,7.276,0.348,3.126664,-0.017802,-0.000199,0.000000,0.000000,0.000000,0.000000,0.000000,0.000000,0,0.00
20.110000,0.017,0.076930,0.076930,4.321,7.00,0.091888,-0.085295,-0.002219,0.010584,-0.018,0.051,-1.314,7.296,0.348,3.125275,-0.017065,-0.000190,0.000000,0.000000,0.000000,0.000000,0.000000,0.000000,0,0.00
20.120000,0.016,0.058958,0.058958,4.321,7.00,0.090393,-0.080221,-0.002245,0.023508,-0.018,0.039,-1.313,7.315,0.348,3.123576,-0.016051,-0.000171,0.000000,0.000000,0.000000,0.000000,0.000000,0.000000,0,0.00
20.130000,0.015,0.039619,0.039619,4.321,7.00,0.087250,-0.073892,-0.002270,0.036543,-0.018,0.026,-1.313,7.334,0.348,3.121607,-0.014785,-0.000144,0.000000,0.000000,0.000000,0.000000,0.000000,0.000000,0,0.00
20.140000,0.013,0.019937,0.019937,4.321,7.00,0.082487,-0.066413,-0.002293,0.048769,-0.018,0.013,-1.312,7.354,0.348,3.119399,-0.013289,-0.000109,0.000000,0.000000,0.000000,0.000000,0.000000,0.000000,0,0.00
20.150000,0.012,-0.000211,-0.000211,4.321,7.00,0.076233,-0.057950,-0.002312,0.060473,-0.017,0.000,-1.311,7.373,0.348,3.117001,-0.011596,-0.000071,0.000000,0.000000,0.000000,0.000000,0.000000,0.000000,0,0.00
20.160000,0.010,-0.017059,-0.017059,4.321,7.00,0.068589,-0.048653,-0.002330,0.068042,-0.016,0.011,-1.310,7.393,0.348,3.114453,-0.009735,-0.000031,0.000000,0.000000,0.000000,0.000000,0.000000,0.000000,0,0.00
20.170000,0.008,-0.032603,-0.032603,4.321,7.00,0.060024,-0.038927,-0.002346,0.073875,-0.015,0.022,-1.309,7.412,0.348,3.111864,-0.007789,0.000007,0.000000,0.000000,0.000000,0.000000,0.000000,0.000000,0,0.00
20.180000,0.006,-0.045612,-0.045612,4.321,7.00,0.050762,-0.028983,-0.002358,0.076953,-0.013,0.030,-1.308,7.431,0.348,3.109287,-0.005798,0.000041,0.000000,0.000000,0.000000,0.000000,0.000000,0.000000,0,0.00
20.190000,0.004,-0.056547,-0.056547,4.321,7.00,0.041125,-0.019092,-0.002366,0.078005,-0.012,0.038,-1.307,7.451,0.348,3.106790,-0.003818,0.000069,0.000000,0.000000,0.000000,0.000000,0.000000,0.000000,0,0.00
20.200000,0.002,-0.063379,-0.063379,4.321,7.00,0.031358,-0.009456,-0.002370,0.075206,-0.010,0.042,-1.305,7.470,0.348,3.104424,-0.001889,0.000089,0.000000,0.000000,0.000000,0.000000,0.000000,0.000000,0,0.00
20.210000,0.000,-0.070647,-0.070647,4.321,7.00,0.021884,-0.000394,-0.002370,0.073411,-0.008,0.047,-1.304,7.490,0.348,3.102266,-0.000075,0.000101,0.000000,0.000000,0.000000,0.000000,0.000000,0.000000,0,0.00
20.220000,-0.002,-0.076442,-0.076442,4.321,7.00,0.012631,0.008150,-0.002367,0.070659,-0.006,0.051,-1.303,7.509,0.348,3.100295,0.001636,0.000107,0.000000,0.000000,0.000000,0.000000,0.000000,0.000000,0,0.00
20.230000,-0.003,-0.080200,-0.080200,4.321,7.00,0.003724,0.016086,-0.002360,0.066474,-0.004,0.053,-1.302,7.528,0.348,3.098530,0.003225,0.000106,0.000000,0.000000,0.000000,0.000000,0.000000,0.000000,0,0.00
20.240000,-0.005,-0.082569,-0.082569,4.321,7.00,-0.004669,0.023296,-0.002349,0.061622,-0.002,0.055,-1.301,7.548,0.348,3.096996,0.004668,0.000100,0.000000,0.000000,0.000000,0.000000,0.000000,0.000000,0,0.00
20.250000,-0.006,-0.083585,-0.083585,4.321,7.00,-0.012459,0.029728,-0.002334,0.056191,-0.000,0.056,-1.300,7.567,0.348,3.095699,0.005956,0.000090,0.000000,0.000000,0.000000,0.000000,0.000000,0.000000,0,0.00
20.260000,-0.007,-0.082358,-0.082358,4.321,7.00,-0.019571,0.035346,-0.002316,0.049328,0.002,0.055,-1.299,7.587,0.348,3.094642,0.007081,0.000078,0.000000,0.000000,0.000000,0.000000,0.000000,0.000000,0,0.00
20.270000,-0.008,-0.080158,-0.080158,4.321,7.00,-0.025850,0.040056,-0.002296,0.042398,0.003,0.053,-1.298,7.606,0.348,3.093843,0.008023,0.000064,0.000000,0.000000,0.000000,0.000000,0.000000,0.000000,0,0.00
20.280000,-0.009,-0.077885,-0.077885,4.321,7.00,-0.031281,0.043872,-0.002274,0.036287,0.005,0.052,-1.298,7.625,0.348,3.093291,0.008787,0.000050,0.000000,0.000000,0.000000,0.000000,0.000000,0.000000,0,0.00
20.290000,-0.009,-0.075340,-0.075340,4.321,7.00,-0.035942,0.046880,-0.002253,0.030713,0.006,0.050,-1.297,7.645,0.348,3.092959,0.009389,0.000036,0.000000,0.000000,0.000000,0.000000,0.000000,0.000000,0,0.00
20.300000,-0.010,-0.072083,-0.072083,4.321,7.00,-0.039882,0.049141,-0.002230,0.025173,0.007,0.048,-1.296,7.664,0.348,3.092825,0.009841,0.000025,0.000000,0.000000,0.000000,0.000000,0.000000,0.000000,0,0.00
20.310000,-0.010,-0.068951,-0.068951,4.321,7.00,-0.043102,0.050678,-0.002207,0.020480,0.008,0.046,-1.295,7.684,0.348,3.092878,0.010149,0.000016,0.000000,0.000000,0.000000,0.000000,0.000000,0.000000,0,0.00
20.320000,-0.010,-0.065118,-0.065118,4.321,7.00,-0.045687,0.051579,-0.002184,0.015723,0.009,0.043,-1.294,7.703,0.348,3.093092,0.010329,0.000010,0.000000,0.000000,0.000000,0.000000,0.000000,0.000000,0,0.00
20.330000,-0.010,-0.060973,-0.060973,4.321,7.00,-0.047630,0.051861,-0.002160,0.011272,0.009,0.041,-1.294,7.723,0.348,3.093458,0.010385,0.000005,0.000000,0.000000,0.000000,0.000000,0.000000,0.000000,0,0.00
20.340000,-0.010,-0.055995,-0.055995,4.321,7.00,-0.048965,0.051571,-0.002139,0.006563,0.010,0.037,-1.293,7.742,0.348,3.093960,0.010326,0.000004,0.000000,0.000000,0.000000,0.000000,0.000000,0.000000,0,0.00
20.350000,-0.010,-0.050741,-0.050741,4.321,7.00,-0.049668,0.050714,-0.002117,0.002144,0.010,0.034,-1.292,7.761,0.348,3.094594,0.010154,0.000004,0.000000,0.000000,0.000000,0.000000,0.000000,0.000000,0,0.00
20.360000,-0.010,-0.045057,-0.045057,4.321,7.00,-0.049775,0.049342,-0.002097,-0.002189,0.010,0.030,-1.292,7.781,0.348,3.095344,0.009880,0.000007,0.000000,0.000000,0.000000,0.000000,0.000000,0.000000,0,0.00
20.370000,-0.009,-0.038869,-0.038869,4.321,7.00,-0.049303,0.047493,-0.002079,-0.006545,0.010,0.026,-1.291,7.800,0.348,3.096198,0.009509,0.000011,0.000000,0.000000,0.000000,0.000000,0.000000,0.000000,0,0.00
20.380000,-0.009,-0.031730,-0.031730,4.321,7.00,-0.048260,0.045195,-0.002064,-0.011402,0.010,0.021,-1.290,7.820,0.348,3.097145,0.009049,0.000017,0.000000,0.000000,0.000000,0.000000,0.000000,0.000000,0,0.00
20.390000,-0.008,-0.024238,-0.024238,4.321,7.00,-0.046607,0.042449,-0.002050,-0.016161,0.010,0.016,-1.290,7.839,0.348,3.098184,0.008499,0.000025,0.000000,0.000000,0.000000,0.000000,0.000000,0.000000,0,0.00
20.400000,-0.008,-0.016295,-0.016295,4.321,7.00,-0.044370,0.039302,-0.002036,-0.020970,0.010,0.011,-1.289,7.859,0.348,3.099301,0.007869,0.000033,0.000000,0.000000,0.000000,0.000000,0.000000,0.000000,0,0.00
20.410000,-0.007,-0.008589,-0.008589,4.321,7.00,-0.041563,0.035794,-0.002024,-0.025181,0.009,0.006,-1.289,7.878,0.348,3.100484,0.007167,0.000043,0.000000,0.000000,0.000000,0.000000,0.000000,0.000000,0,0.00
20.420000,-0.006,-0.001265,-0.001265,4.321,7.00,-0.038266,0.032015,-0.002012,-0.028738,0.009,0.001,-1.288,7.897,0.348,3.101711,0.006410,0.000053,0.000000,0.000000,0.000000,0.000000,0.000000,0.000000,0,0.00
20.430000,-0.006,0.005927,0.005927,4.321,7.00,-0.034566,0.028058,-0.002003,-0.031981,0.008,0.004,-1.288,7.917,0.348,3.102958,0.005618,0.000063,0.000000,0.000000,0.000000,0.000000,0.000000,0.000000,0,0.00
20.440000,-0.005,0.011468,0.011468,4.321,7.00,-0.030517,0.023985,-0.001994,-0.033459,0.008,0.008,-1.287,7.936,0.348,3.104209,0.004803,0.000072,0.000000,0.000000,0.000000,0.000000,0.000000,0.000000,0,0.00
20.450000,-0.004,0.015712,0.015712,4.321,7.00,-0.026318,0.019968,-0.001985,-0.033695,0.007,0.010,-1.287,7.956,0.348,3.105423,0.003999,0.000080,0.000000,0.000000,0.000000,0.000000,0.000000,0.000000,0,0.00
20.460000,-0.003,0.019038,0.019038,4.321,7.00,-0.022115,0.016126,-0.001979,-0.033186,0.006,0.013,-1.287,7.975,0.348,3.106571,0.003230,0.000087,0.000000,0.000000,0.000000,0.000000,0.000000,0.000000,0,0.00
20.470000,-0.003,0.021308,0.021308,4.321,7.00,-0.018000,0.012533,-0.001973,-0.031868,0.006,0.014,-1.286,7.995,0.348,3.107638,0.002511,0.000092,0.000000,0.000000,0.000000,0.000000,0.000000,0.000000,0,0.00
20.480000,-0.002,0.021541,0.021541,4.321,7.00,-0.014069,0.009261,-0.001969,-0.028833,0.005,0.014,-1.286,8.014,0.348,3.108607,0.001856,0.000096,0.000000,0.000000,0.000000,0.000000,0.000000,0.000000,0,0.00
20.490000,-0.001,0.021724,0.021724,4.321,7.00,-0.010508,0.006443,-0.001966,-0.026201,0.004,0.014,-1.285,8.033,0.348,3.109447,0.001292,0.000099,0.000000,0.000000,0.000000,0.000000,0.000000,0.000000,0,0.00
20.500000,-0.001,0.021233,0.021233,4.321,7.00,-0.007285,0.004041,-0.001964,-0.023309,0.003,0.014,-1.285,8.053,0.348,3.110172,0.000812,0.000100,0.000000,0.000000,0.000000,0.000000,0.000000,0.000000,0,0.00
20.510000,-0.000,0.020013,0.020013,4.321,7.00,-0.004433,0.002066,-0.001963,-0.020115,0.003,0.013,-1.284,8.072,0.348,3.110780,0.000416,0.000101,0.000000,0.000000,0.000000,0.000000,0.000000,0.000000,0,0.00
20.520000,-0.000,0.018365,0.018365,4.321,7.00,-0.001989,0.000530,-0.001963,-0.016932,0.002,0.012,-1.284,8.092,0.348,3.111272,0.000109,0.000101,0.000000,0.000000,0.000000,0.000000,0.000000,0.000000,0,0.00
20.530000,0.000,0.016226,0.016226,4.321,7.00,0.000047,-0.000584,-0.001963,-0.013678,0.001,0.011,-1.283,8.111,0.348,3.111653,-0.000114,0.000101,0.000000,0.000000,0.000000,0.000000,0.000000,0.000000,0,0.00
20.540000,0.000,0.013808,0.013808,4.321,7.00,0.001665,-0.001288,-0.001964,-0.010555,0.001,0.009,-1.283,8.131,0.348,3.111928,-0.000255,0.000101,0.000000,0.000000,0.000000,0.000000,0.000000,0.000000,0,0.00
20.550000,0.000,0.011121,0.011121,4.321,7.00,0.002879,-0.001613,-0.001965,-0.007543,0.000,0.007,-1.282,8.150,0.348,3.112107,-0.000320,0.000101,0.000000,0.000000,0.000000,0.000000,0.000000,0.000000,0,0.00
20.560000,0.000,0.008404,0.008404,4.321,7.00,0.003703,-0.001587,-0.001966,-0.004851,0.000,0.006,-1.282,8.170,0.348,3.112198,-0.000315,0.000102,0.000000,0.000000,0.000000,0.000000,0.000000,0.000000,0,0.00
20.570000,0.000,0.005495,0.005495,4.321,7.00,0.004173,-0.001257,-0.001966,-0.002272,-0.000,0.004,-1.281,8.189,0.348,3.112214,-0.000248,0.000102,0.000000,0.000000,0.000000,0.000000,0.000000,0.000000,0,0.00
20.580000,0.000,0.002650,0.002650,4.321,7.00,0.004306,-0.000652,-0.001966,-0.000032,-0.000,0.002,-1.281,8.208,0.348,3.112164,-0.000127,0.000103,0.000000,0.000000,0.000000,0.000000,0.000000,0.000000,0,0.00
20.590000,-0.000,-0.000288,-0.000288,4.321,7.00,0.004140,0.000180,-0.001966,0.002074,-0.000,0.000,-1.280,8.228,0.348,3.112059,0.000039,0.000103,0.000000,0.000000,0.000000,0.000000,0.000000,0.000000,0,0.00
20.600000,-0.000,-0.003261,-0.003261,4.321,7.00,0.003697,0.001208,-0.001966,0.004019,-0.000,0.002,-1.280,8.247,0.348,3.111908,0.000245,0.000104,0.000000,0.000000,0.000000,0.000000,0.000000,0.000000,0,0.00
20.610000,-0.000,-0.006230,-0.006230,4.321,7.00,0.003002,0.002397,-0.001965,0.005798,-0.000,0.004,-1.279,8.267,0.348,3.111719,0.000483,0.000104,0.000000,0.000000,0.000000,0.000000,0.000000,0.000000,0,0.00
20.620000,-0.001,-0.009087,-0.009087,4.321,7.00,0.002079,0.003714,-0.001963,0.007336,-0.000,0.006,-1.279,8.286,0.348,3.111502,0.000746,0.000105,0.000000,0.000000,0.000000,0.000000,0.000000,0.000000,0,0.00
20.630000,-0.001,-0.012468,-0.012468,4.321,7.00,0.000962,0.005121,-0.001962,0.009308,0.000,0.008,-1.278,8.306,0.348,3.111265,0.001028,0.000105,0.000000,0.000000,0.000000,0.000000,0.000000,0.000000,0,0.00
20.640000,-0.001,-0.015423,-0.015423,4.321,7.00,-0.000381,0.006628,-0.001959,0.010755,0.000,0.010,-1.277,8.325,0.348,3.111006,0.001329,0.000105,0.000000,0.000000,0.000000,0.000000,0.000000,0.000000,0,0.00
20.650000,-0.002,-0.018066,-0.018066,4.321,7.00,-0.001885,0.008173,-0.001956,0.011849,0.000,0.012,-1.277,8.344,0.348,3.110739,0.001639,0.000105,0.000000,0.000000,0.000000,0.000000,0.000000,0.000000,0,0.00
20.660000,-0.002,-0.020188,-0.020188,4.321,7.00,-0.003503,0.009711,-0.001952,0.012428,0.001,0.013,-1.276,8.364,0.348,3.110475,0.001946,0.000105,0.000000,0.000000,0.000000,0.000000,0.000000,0.000000,0,0.00
20.670000,-0.002,-0.022660,-0.022660,4.321,7.00,-0.005171,0.011188,-0.001949,0.013420,0.001,0.015,-1.276,8.383,0.348,3.110228,0.002242,0.000104,0.000000,0.000000,0.000000,0.000000,0.000000,0.000000,0,0.00
20.680000,-0.003,-0.024121,-0.024121,4.321,7.00,-0.006920,0.012618,-0.001944,0.013448,0.001,0.016,-1.275,8.403,0.348,3.109993,0.002528,0.000103,0.000000,0.000000,0.000000,0.000000,0.000000,0.000000,0,0.00
20.690000,-0.003,-0.025268,-0.025268,4.321,7.00,-0.008640,0.013917,-0.001940,0.013291,0.002,0.017,-1.274,8.422,0.348,3.109791,0.002788,0.000102,0.000000,0.000000,0.000000,0.000000,0.000000,0.000000,0,0.00
20.700000,-0.003,-0.025841,-0.025841,4.321,7.00,-0.010303,0.015061,-0.001934,0.012715,0.002,0.017,-1.274,8.442,0.348,3.109626,0.003017,0.000101,0.000000,0.000000,0.000000,0.000000,0.000000,0.000000,0,0.00
20.710000,-0.003,-0.026093,-0.026093,4.321,7.00,-0.011857,0.016014,-0.001929,0.012008,0.002,0.017,-1.273,8.461,0.348,3.109506,0.003208,0.000100,0.000000,0.000000,0.000000,0.000000,0.000000,0.000000,0,0.00
20.720000,-0.003,-0.025052,-0.025052,4.321,7.00,-0.013280,0.016762,-0.001922,0.010212,0.003,0.017,-1.273,8.480,0.348,3.109434,0.003357,0.000099,0.000000,0.000000,0.000000,0.000000,0.000000,0.000000,0,0.00
20.730000,-0.003,-0.023499,-0.023499,4.321,7.00,-0.014457,0.017229,-0.001915,0.008186,0.003,0.016,-1.272,8.500,0.348,3.109428,0.003451,0.000099,0.000000,0.000000,0.000000,0.000000,0.000000,0.000000,0,0.00
20.740000,-0.003,-0.021507,-0.021507,4.321,7.00,-0.015362,0.017404,-0.001909,0.006012,0.003,0.014,-1.271,8.519,0.348,3.109490,0.003486,0.000098,0.000000,0.000000,0.000000,0.000000,0.000000,0.000000,0,0.00
20.750000,-0.003,-0.019189,-0.019189,4.321,7.00,-0.015976,0.017288,-0.001901,0.003801,0.003,0.013,-1.271,8.539,0.348,3.109618,0.003463,0.000098,0.000000,0.000000,0.000000,0.000000,0.000000,0.000000,0,0.00
20.760000,-0.003,-0.016499,-0.016499,4.321,7.00,-0.016297,0.016890,-0.001894,0.001502,0.003,0.011,-1.270,8.558,0.348,3.109807,0.003383,0.000098,0.000000,0.000000,0.000000,0.000000,0.000000,0.000000,0,0.00
20.770000,-0.003,-0.013709,-0.013709,4.321,7.00,-0.016318,0.016218,-0.001886,-0.000623,0.003,0.009,-1.270,8.578,0.348,3.110056,0.003248,0.000098,0.000000,0.000000,0.000000,0.000000,0.000000,0.000000,0,0.00
20.780000,-0.003,-0.010720,-0.010720,4.321,7.00,-0.016057,0.015299,-0.001879,-0.002699,0.003,0.007,-1.269,8.597,0.348,3.110355,0.003064,0.000099,0.000000,0.000000,0.000000,0.000000,0.000000,0.000000,0,0.00
20.790000,-0.003,-0.007697,-0.007697,4.321,7.00,-0.015523,0.014151,-0.001873,-0.004581,0.003,0.005,-1.269,8.617,0.348,3.110699,0.002835,0.000101,0.000000,0.000000,0.000000,0.000000,0.000000,0.000000,0,0.00
20.800000,-0.003,-0.004786,-0.004786,4.321,7.00,-0.014741,0.012804,-0.001866,-0.006151,0.003,0.003,-1.268,8.636,0.348,3.111079,0.002565,0.000102,0.000000,0.000000,0.000000,0.000000,0.000000,0.000000,0,0.00
20.810000,-0.002,-0.001930,-0.001930,4.321,7.00,-0.013745,0.011294,-0.001861,-0.007503,0.003,0.001,-1.268,8.655,0.348,3.111485,0.002263,0.000104,0.000000,0.000000,0.000000,0.000000,0.000000,0.000000,0,0.00
20.820000,-0.002,0.000962,0.000962,4.321,7.00,-0.012564,0.009652,-0.001856,-0.008758,0.003,0.001,-1.267,8.675,0.348,3.111907,0.001934,0.000105,0.000000,0.000000,0.000000,0.000000,0.000000,0.000000,0,0.00
20.830000,-0.002,0.003717,0.003717,4.321,7.00,-0.011211,0.007895,-0.001852,-0.009760,0.003,0.002,-1.267,8.694,0.348,3.112342,0.001583,0.000107,0.000000,0.000000,0.000000,0.000000,0.000000,0.000000,0,0.00
20.840000,-0.001,0.006530,0.006530,4.321,7.00,-0.009719,0.006056,-0.001849,-0.010736,0.003,0.004,-1.266,8.714,0.348,3.112781,0.001215,0.000108,0.000000,0.000000,0.000000,0.000000,0.000000,0.000000,0,0.00
20.850000,-0.001,0.009522,0.009522,4.321,7.00,-0.008094,0.004146,-0.001847,-0.011821,0.002,0.006,-1.266,8.733,0.348,3.113220,0.000833,0.000109,0.000000,0.000000,0.000000,0.000000,0.000000,0.000000,0,0.00
20.860000,-0.000,0.012482,0.012482,4.321,7.00,-0.006332,0.002171,-0.001847,-0.012807,0.002,0.008,-1.265,8.753,0.348,3.113658,0.000437,0.000110,0.000000,0.000000,0.000000,0.000000,0.000000,0.000000,0,0.00
20.870000,-0.000,0.015384,0.015384,4.321,7.00,-0.004451,0.000149,-0.001846,-0.013686,0.002,0.010,-1.265,8.772,0.348,3.114090,0.000033,0.000111,0.000000,0.000000,0.000000,0.000000,0.000000,0.000000,0,0.00
20.880000,0.000,0.018170,0.018170,4.321,7.00,-0.002468,-0.001899,-0.001847,-0.014424,0.001,0.012,-1.264,8.791,0.348,3.114512,-0.000377,0.000111,0.000000,0.000000,0.000000,0.000000,0.000000,0.000000,0,0.00
20.890000,0.001,0.020897,0.020897,4.321,7.00,-0.000404,-0.003950,-0.001849,-0.015098,0.001,0.014,-1.264,8.811,0.348,3.114918,-0.000787,0.000111,0.000000,0.000000,0.000000,0.000000,0.000000,0.000000,0,0.00
20.900000,0.001,0.023321,0.023321,4.321,7.00,0.001726,-0.005990,-0.001851,-0.015480,0.000,0.016,-1.263,8.830,0.348,3.115304,-0.001195,0.000111,0.000000,0.000000,0.000000,0.000000,0.000000,0.000000,0,0.00
20.910000,0.002,0.026021,0.026021,4.321,7.00,0.003886,-0.007985,-0.001854,-0.016182,0.000,0.017,-1.263,8.850,0.348,3.115662,-0.001595,0.000110,0.000000,0.000000,0.000000,0.000000,0.000000,0.000000,0,0.00
20.920000,0.002,0.028269,0.028269,4.321,7.00,0.006099,-0.009950,-0.001858,-0.016461,-0.000,0.019,-1.262,8.869,0.348,3.115996,-0.001988,0.000109,0.000000,0.000000,0.000000,0.000000,0.000000,0.000000,0,0.00
20.930000,0.002,0.030501,0.030501,4.321,7.00,0.008316,-0.011842,-0.001862,-0.016797,-0.001,0.020,-1.262,8.889,0.348,3.116298,-0.002366,0.000108,0.000000,0.000000,0.000000,0.000000,0.000000,0.000000,0,0.00
20.940000,0.003,0.032865,0.032865,4.321,7.00,0.010534,-0.013657,-0.001866,-0.017342,-0.001,0.022,-1.261,8.908,0.348,3.116566,-0.002730,0.000106,0.000000,0.000000,0.000000,0.000000,0.000000,0.000000,0,0.00
20.950000,0.003,0.034437,0.034437,4.321,7.00,0.012767,-0.015400,-0.001872,-0.017165,-0.002,0.023,-1.261,8.928,0.348,3.116803,-0.003078,0.000104,0.000000,0.000000,0.000000,0.000000,0.000000,0.000000,0,0.00
20.960000,0.003,0.035126,0.035126,4.321,7.00,0.014934,-0.017008,-0.001878,-0.016239,-0.002,0.023,-1.260,8.947,0.348,3.116994,-0.003400,0.000102,0.000000,0.000000,0.000000,0.000000,0.000000,0.000000,0,0.00
20.970000,0.004,0.035903,0.035903,4.321,7.00,0.016953,-0.018423,-0.001885,-0.015595,-0.002,0.024,-1.260,8.966,0.348,3.117125,-0.003683,0.000100,0.000000,0.000000,0.000000,0.000000,0.000000,0.000000,0,0.00
20.980000,0.004,0.035935,0.035935,4.321,7.00,0.018848,-0.019664,-0.001892,-0.014379,-0.003,0.024,-1.259,8.986,0.348,3.117203,-0.003932,0.000098,0.000000,0.000000,0.000000,0.000000,0.000000,0.000000,0,0.00
20.990000,0.004,0.034774,0.034774,4.321,7.00,0.020557,-0.020688,-0.001900,-0.012186,-0.003,0.023,-1.258,9.005,0.348,3.117218,-0.004136,0.000096,0.000000,0.000000,0.000000,0.000000,0.000000,0.000000,0,0.00
21.000000,0.004,0.033583,0.033583,4.321,7.00,0.021979,-0.021426,-0.001910,-0.010248,-0.003,0.022,-1.258,9.025,0.348,3.117155,-0.004284,0.000094,0.000000,0.000000,0.000000,0.000000,0.000000,0.000000,0,0.00
21.010000,0.004,0.032082,0.032082,4.321,7.00,0.023139,-0.021908,-0.001919,-0.008255,-0.004,0.021,-1.257,9.044,0.348,3.117024,-0.004381,0.000093,0.000000,0.000000,0.000000,0.000000,0.000000,0.000000,0,0.00
21.020000,0.004,0.029966,0.029966,4.321,7.00,0.024034,-0.022139,-0.001929,-0.005898,-0.004,0.020,-1.257,9.064,0.348,3.116828,-0.004427,0.000092,0.000000,0.000000,0.000000,0.000000,0.000000,0.000000,0,0.00
21.030000,0.004,0.027739,0.027739,4.321,7.00,0.024627,-0.022102,-0.001939,-0.003698,-0.004,0.018,-1.256,9.083,0.348,3.116564,-0.004420,0.000091,0.000000,0.000000,0.000000,0.000000,0.000000,0.000000,0,0.00
21.040000,0.004,0.025496,0.025496,4.321,7.00,0.024938,-0.021823,-0.001949,-0.001724,-0.004,0.017,-1.255,9.102,0.348,3.116241,-0.004364,0.000091,0.000000,0.000000,0.000000,0.000000,0.000000,0.000000,0,0.00
21.050000,0.004,0.023310,0.023310,4.321,7.00,0.024994,-0.021334,-0.001960,-0.000016,-0.004,0.016,-1.255,9.122,0.348,3.115868,-0.004266,0.000092,0.000000,0.000000,0.000000,0.000000,0.000000,0.000000,0,0.00
21.060000,0.004,0.021008,0.021008,4.321,7.00,0.024826,-0.020666,-0.001970,0.001627,-0.004,0.014,-1.254,9.141,0.348,3.115454,-0.004132,0.000093,0.000000,0.000000,0.000000,0.000000,0.000000,0.000000,0,0.00
21.070000,0.004,0.018812,0.018812,4.321,7.00,0.024444,-0.019838,-0.001980,0.003005,-0.004,0.013,-1.253,9.161,0.348,3.115006,-0.003966,0.000094,0.000000,0.000000,0.000000,0.000000,0.000000,0.000000,0,0.00
21.080000,0.004,0.016431,0.016431,4.321,7.00,0.023881,-0.018882,-0.001988,0.004439,-0.004,0.011,-1.253,9.180,0.348,3.114531,-0.003775,0.000095,0.000000,0.000000,0.000000,0.000000,0.000000,0.000000,0,0.00
21.090000,0.004,0.014050,0.014050,4.321,7.00,0.023136,-0.017805,-0.001995,0.005750,-0.004,0.009,-1.252,9.200,0.348,3.114033,-0.003560,0.000096,0.000000,0.000000,0.000000,0.000000,0.000000,0.000000,0,0.00
21.100000,0.003,0.011853,0.011853,4.321,7.00,0.022227,-0.016631,-0.002002,0.006780,-0.004,0.008,-1.251,9.219,0.348,3.113518,-0.003325,0.000098,0.000000,0.000000,0.000000,0.000000,0.000000,0.000000,0,0.00
21.110000,0.003,0.009723,0.009723,4.321,7.00,0.021190,-0.015392,-0.002009,0.007678,-0.004,0.006,-1.251,9.238,0.348,3.112994,-0.003077,0.000099,0.000000,0.000000,0.000000,0.000000,0.000000,0.000000,0,0.00
21.120000,0.003,0.007541,0.007541,4.321,7.00,0.020043,-0.014109,-0.002015,0.008583,-0.004,0.005,-1.250,9.258,0.348,3.112468,-0.002820,0.000101,0.000000,0.000000,0.000000,0.000000,0.000000,0.000000,0,0.00
21.130000,0.003,0.005669,0.005669,4.321,7.00,0.018793,-0.012793,-0.002020,0.009144,-0.004,0.004,-1.249,9.277,0.348,3.111941,-0.002557,0.000102,0.000000,0.000000,0.000000,0.000000,0.000000,0.000000,0,0.00
21.140000,0.002,0.004008,0.004008,4.321,7.00,0.017481,-0.011479,-0.002025,0.009496,-0.003,0.003,-1.248,9.297,0.348,3.111422,-0.002294,0.000104,0.000000,0.000000,0.000000,0.000000,0.000000,0.000000,0,0.00
21.150000,0.002,0.002305,0.002305,4.321,7.00,0.016134,-0.010192,-0.002029,0.009916,-0.003,0.002,-1.248,9.316,0.348,3.110918,-0.002036,0.000105,0.000000,0.000000,0.000000,0.000000,0.000000,0.000000,0,0.00
21.160000,0.002,0.000538,0.000538,4.321,7.00,0.014751,-0.008934,-0.002032,0.010429,-0.003,0.000,-1.247,9.336,0.348,3.110428,-0.001784,0.000106,0.000000,0.000000,0.000000,0.000000,0.000000,0.000000,0,0.00
21.170000,0.002,-0.000866,-0.000866,4.321,7.00,0.013330,-0.007706,-0.002035,0.010607,-0.003,0.001,-1.246,9.355,0.348,3.109953,-0.001539,0.000107,0.000000,0.000000,0.000000,0.000000,0.000000,0.000000,0,0.00
21.180000,0.001,-0.002348,-0.002348,4.321,7.00,0.011910,-0.006541,-0.002037,0.010926,-0.002,0.002,-1.245,9.374,0.348,3.109501,-0.001305,0.000107,0.000000,0.000000,0.000000,0.000000,0.000000,0.000000,0,0.00
21.190000,0.001,-0.003492,-0.003492,4.321,7.00,0.010484,-0.005434,-0.002039,0.010964,-0.002,0.002,-1.245,9.394,0.348,3.109069,-0.001084,0.000108,0.000000,0.000000,0.000000,0.000000,0.000000,0.000000,0,0.00
21.200000,0.001,-0.004291,-0.004291,4.321,7.00,0.009087,-0.004412,-0.002041,0.010743,-0.002,0.003,-1.244,9.413,0.348,3.108664,-0.000879,0.000108,0.000000,0.000000,0.000000,0.000000,0.000000,0.000000,0,0.00
21.210000,0.001,-0.004414,-0.004414,4.321,7.00,0.007749,-0.003498,-0.002042,0.009954,-0.002,0.003,-1.243,9.433,0.348,3.108291,-0.000696,0.000109,0.000000,0.000000,0.000000,0.000000,0.000000,0.000000,0,0.00
21.220000,0.001,-0.004186,-0.004186,4.321,7.00,0.006533,-0.002736,-0.002043,0.008966,-0.001,0.003,-1.242,9.452,0.348,3.107961,-0.000544,0.000109,0.000000,0.000000,0.000000,0.000000,0.000000,0.000000,0,0.00
21.230000,0.000,-0.003432,-0.003432,4.321,7.00,0.005461,-0.002138,-0.002044,0.007614,-0.001,0.002,-1.242,9.472,0.348,3.107675,-0.000424,0.000109,0.000000,0.000000,0.000000,0.000000,0.000000,0.000000,0,0.00
21.240000,0.000,-0.002464,-0.002464,4.321,7.00,0.004572,-0.001724,-0.002045,0.006233,-0.001,0.002,-1.241,9.491,0.348,3.107439,-0.000341,0.000108,0.000000,0.000000,0.000000,0.000000,0.000000,0.000000,0,0.00
21.250000,0.000,-0.001180,-0.001180,4.321,7.00,0.003868,-0.001489,-0.002045,0.004714,-0.001,0.001,-1.240,9.510,0.348,3.107249,-0.000294,0.000108,0.000000,0.000000,0.000000,0.000000,0.000000,0.000000,0,0.00
21.260000,0.000,0.000210,0.000210,4.321,7.00,0.003363,-0.001431,-0.002046,0.003266,-0.001,0.000,-1.239,9.530,0.348,3.107106,-0.000283,0.000108,0.000000,0.000000,0.000000,0.000000,0.000000,0.000000,0,0.00
21.270000,0.000,0.001592,0.001592,4.321,7.00,0.003048,-0.001533,-0.002047,0.001988,-0.000,0.001,-1.239,9.549,0.348,3.107005,-0.000303,0.000108,0.000000,0.000000,0.000000,0.000000,0.000000,0.000000,0,0.00
21.280000,0.000,0.003177,0.003177,4.321,7.00,0.002902,-0.001772,-0.002047,0.000642,-0.000,0.002,-1.238,9.569,0.348,3.106938,-0.000351,0.000108,0.000000,0.000000,0.000000,0.000000,0.000000,0.000000,0,0.00
21.290000,0.000,0.004693,0.004693,4.321,7.00,0.002930,-0.002138,-0.002048,-0.000507,-0.000,0.003,-1.237,9.588,0.348,3.106904,-0.000424,0.000108,0.000000,0.000000,0.000000,0.000000,0.000000,0.000000,0,0.00
21.300000,0.001,0.006089,0.006089,4.321,7.00,0.003106,-0.002605,-0.002050,-0.001434,-0.000,0.004,-1.237,9.608,0.348,3.106896,-0.000518,0.000107,0.000000,0.000000,0.000000,0.000000,0.000000,0.000000,0,0.00
21.310000,0.001,0.007428,0.007428,4.321,7.00,0.003404,-0.003144,-0.002051,-0.002232,-0.000,0.005,-1.236,9.627,0.348,3.106907,-0.000626,0.000107,0.000000,0.000000,0.000000,0.000000,0.000000,0.000000,0,0.00
21.320000,0.001,0.008703,0.008703,4.321,7.00,0.003807,-0.003734,-0.002053,-0.002916,-0.000,0.006,-1.235,9.646,0.348,3.106931,-0.000744,0.000107,0.000000,0.000000,0.000000,0.000000,0.000000,0.000000,0,0.00
21.330000,0.001,0.009891,0.009891,4.321,7.00,0.004296,-0.004355,-0.002055,-0.003480,-0.000,0.007,-1.234,9.666,0.348,3.106965,-0.000868,0.000106,0.000000,0.000000,0.000000,0.000000,0.000000,0.000000,0,0.00
21.340000,0.001,0.011005,0.011005,4.321,7.00,0.004856,-0.004989,-0.002057,-0.003959,-0.001,0.007,-1.234,9.685,0.348,3.107002,-0.000995,0.000106,0.000000,0.000000,0.000000,0.000000,0.000000,0.000000,0,0.00
21.350000,0.001,0.011939,0.011939,4.321,7.00,0.005470,-0.005618,-0.002060,-0.004261,-0.001,0.008,-1.233,9.705,0.348,3.107041,-0.001121,0.000105,0.000000,0.000000,0.000000,0.000000,0.000000,0.000000,0,0.00
21.360000,0.001,0.012806,0.012806,4.321,7.00,0.006117,-0.006222,-0.002062,-0.004522,-0.001,0.009,-1.232,9.724,0.348,3.107076,-0.001242,0.000105,0.000000,0.000000,0.000000,0.000000,0.000000,0.000000,0,0.00
21.370000,0.001,0.013344,0.013344,4.321,7.00,0.006786,-0.006789,-0.002065,-0.004490,-0.001,0.009,-1.232,9.744,0.348,3.107104,-0.001355,0.000104,0.000000,0.000000,0.000000,0.000000,0.000000,0.000000,0,0.00
21.380000,0.001,0.013714,0.013714,4.321,7.00,0.007442,-0.007290,-0.002068,-0.004356,-0.001,0.009,-1.231,9.763,0.348,3.107119,-0.001455,0.000103,0.000000,0.000000,0.000000,0.000000,0.000000,0.000000,0,0.00
21.390000,0.002,0.013949,0.013949,4.321,7.00,0.008069,-0.007712,-0.002071,-0.004166,-0.001,0.009,-1.230,9.782,0.348,3.107119,-0.001540,0.000103,0.000000,0.000000,0.000000,0.000000,0.000000,0.000000,0,0.00
21.400000,0.002,0.013978,0.013978,4.321,7.00,0.008657,-0.008048,-0.002074,-0.003857,-0.001,0.009,-1.229,9.802,0.348,3.107102,-0.001607,0.000102,0.000000,0.000000,0.000000,0.000000,0.000000,0.000000,0,0.00
21.410000,0.002,0.013673,0.013673,4.321,7.00,0.009189,-0.008285,-0.002077,-0.003311,-0.001,0.009,-1.229,9.821,0.348,3.107066,-0.001654,0.000102,0.000000,0.000000,0.000000,0.000000,0.000000,0.000000,0,0.00
21.420000,0.002,0.013244,0.013244,4.321,7.00,0.009637,-0.008404,-0.002080,-0.002761,-0.001,0.009,-1.228,9.841,0.348,3.107006,-0.001678,0.000101,0.000000,0.000000,0.000000,0.000000,0.000000,0.000000,0,0.00
21.430000,0.002,0.012485,0.012485,4.321,7.00,0.009998,-0.008404,-0.002083,-0.001998,-0.002,0.008,-1.227,9.860,0.348,3.106923,-0.001678,0.000101,0.000000,0.000000,0.000000,0.000000,0.000000,0.000000,0,0.00
21.440000,0.002,0.011367,0.011367,4.321,7.00,0.010247,-0.008272,-0.002085,-0.001010,-0.002,0.008,-1.227,9.880,0.348,3.106815,-0.001652,0.000100,0.000000,0.000000,0.000000,0.000000,0.000000,0.000000,0,0.00
21.450000,0.002,0.010010,0.010010,4.321,7.00,0.010359,-0.007993,-0.002088,0.000072,-0.002,0.007,-1.226,9.899,0.348,3.106678,-0.001596,0.000100,0.000000,0.000000,0.000000,0.000000,0.000000,0.000000,0,0.00
21.460000,0.002,0.008519,0.008519,4.321,7.00,0.010324,-0.007567,-0.002091,0.001139,-0.002,0.006,-1.225,9.918,0.348,3.106513,-0.001511,0.000100,0.000000,0.000000,0.000000,0.000000,0.000000,0.000000,0,0.00
21.470000,0.001,0.006781,0.006781,4.321,7.00,0.010143,-0.006999,-0.002094,0.002312,-0.002,0.005,-1.224,9.938,0.348,3.106323,-0.001397,0.000100,0.000000,0.000000,0.000000,0.000000,0.000000,0.000000,0,0.00
21.480000,0.001,0.004960,0.004960,4.321,7.00,0.009807,-0.006290,-0.002097,0.003426,-0.002,0.003,-1.224,9.957,0.348,3.106107,-0.001255,0.000100,0.000000,0.000000,0.000000,0.000000,0.000000,0.000000,0,0.00
21.490000,0.001,0.003099,0.003099,4.321,7.00,0.009323,-0.005451,-0.002099,0.004451,-0.002,0.002,-1.223,9.977,0.348,3.105869,-0.001087,0.000100,0.000000,0.000000,0.000000,0.000000,0.000000,0.000000,0,0.00
21.500000,0.001,0.001326,0.001326,4.321,7.00,0.008700,-0.004496,-0.002101,0.005272,-0.002,0.001,-1.222,9.996,0.348,3.105615,-0.000896,0.000100,0.000000,0.000000,0.000000,0.000000,0.000000,0.000000,0,0.00
21.510000,0.001,-0.000511,-0.000511,4.321,7.00,0.007963,-0.003449,-0.002103,0.006063,-0.001,0.000,-1.221,10.016,0.348,3.105350,-0.000687,0.000101,0.000000,0.000000,0.000000,0.000000,0.000000,0.000000,0,0.00
21.520000,0.000,-0.002258,-0.002258,4.321,7.00,0.007116,-0.002318,-0.002104,0.006679,-0.001,0.002,-1.221,10.035,0.348,3.105077,-0.000460,0.000101,0.000000,0.000000,0.000000,0.000000,0.000000,0.000000,0,0.00
21.530000,0.000,-0.004016,-0.004016,4.321,7.00,0.006178,-0.001122,-0.002104,0.007242,-0.001,0.003,-1.220,10.054,0.348,3.104801,-0.000221,0.000101,0.000000,0.000000,0.000000,0.000000,0.000000,0.000000,0,0.00
21.540000,-0.000,-0.005589,-0.005589,4.321,7.00,0.005159,0.000130,-0.002104,0.007563,-0.001,0.004,-1.219,10.074,0.348,3.104525,0.000030,0.000101,0.000000,0.000000,0.000000,0.000000,0.000000,0.000000,0,0.00
21.550000,-0.000,-0.007251,-0.007251,4.321,7.00,0.004084,0.001413,-0.002104,0.007942,-0.001,0.005,-1.218,10.093,0.348,3.104254,0.000287,0.000101,0.000000,0.000000,0.000000,0.000000,0.000000,0.000000,0,0.00
21.560000,-0.001,-0.008858,-0.008858,4.321,7.00,0.002951,0.002728,-0.002102,0.008232,-0.000,0.006,-1.218,10.113,0.348,3.103991,0.000550,0.000101,0.000000,0.000000,0.000000,0.000000,0.000000,0.000000,0,0.00
21.570000,-0.001,-0.010530,-0.010530,4.321,7.00,0.001770,0.004063,-0.002100,0.008567,-0.000,0.007,-1.217,10.132,0.348,3.103736,0.000817,0.000101,0.000000,0.000000,0.000000,0.000000,0.000000,0.000000,0,0.00
21.580000,-0.001,-0.012196,-0.012196,4.321,7.00,0.000540,0.005417,-0.002098,0.008877,0.000,0.008,-1.216,10.152,0.348,3.103490,0.001088,0.000100,0.000000,0.000000,0.000000,0.000000,0.000000,0.000000,0,0.00
21.590000,-0.001,-0.013887,-0.013887,4.321,7.00,-0.000734,0.006782,-0.002095,0.009200,0.000,0.009,-1.215,10.171,0.348,3.103256,0.001361,0.000100,0.000000,0.000000,0.000000,0.000000,0.000000,0.000000,0,0.00
21.600000,-0.002,-0.015562,-0.015562,4.321,7.00,-0.002049,0.008154,-0.002091,0.009499,0.001,0.010,-1.215,10.190,0.348,3.103033,0.001636,0.000099,0.000000,0.000000,0.000000,0.000000,0.000000,0.000000,0,0.00
21.610000,-0.002,-0.017178,-0.017178,4.321,7.00,-0.003400,0.009526,-0.002087,0.009739,0.001,0.011,-1.214,10.210,0.348,3.102824,0.001910,0.000099,0.000000,0.000000,0.000000,0.000000,0.000000,0.000000,0,0.00
21.620000,-0.002,-0.018904,-0.018904,4.321,7.00,-0.004778,0.010887,-0.002083,0.010099,0.001,0.013,-1.213,10.229,0.348,3.102631,0.002183,0.000098,0.000000,0.000000,0.000000,0.000000,0.000000,0.000000,0,0.00
21.630000,-0.002,-0.020281,-0.020281,4.321,7.00,-0.006190,0.012242,-0.002078,0.010117,0.001,0.014,-1.212,10.249,0.348,3.102453,0.002454,0.000097,0.000000,0.000000,0.000000,0.000000,0.000000,0.000000,0,0.00
21.640000,-0.003,-0.021751,-0.021751,4.321,7.00,-0.007599,0.013559,-0.002072,0.010264,0.002,0.015,-1.212,10.268,0.348,3.102297,0.002718,0.000096,0.000000,0.000000,0.000000,0.000000,0.000000,0.000000,0,0.00
21.650000,-0.003,-0.023425,-0.023425,4.321,7.00,-0.009014,0.014843,-0.002067,0.010648,0.002,0.016,-1.211,10.288,0.348,3.102161,0.002975,0.000095,0.000000,0.000000,0.000000,0.000000,0.000000,0.000000,0,0.00
21.660000,-0.003,-0.024344,-0.024344,4.321,7.00,-0.010455,0.016107,-0.002059,0.010295,0.002,0.016,-1.210,10.307,0.348,3.102042,0.003228,0.000093,0.000000,0.000000,0.000000,0.000000,0.000000,0.000000,0,0.00
21.670000,-0.003,-0.025320,-0.025320,4.321,7.00,-0.011844,0.017291,-0.002052,0.010081,0.002,0.017,-1.210,10.326,0.348,3.101955,0.003465,0.000092,0.000000,0.000000,0.000000,0.000000,0.000000,0.000000,0,0.00
21.680000,-0.004,-0.026635,-0.026635,4.321,7.00,-0.013192,0.018404,-0.002046,0.010277,0.003,0.018,-1.209,10.346,0.348,3.101896,0.003687,0.000090,0.000000,0.000000,0.000000,0.000000,0.000000,0.000000,0,0.00
21.690000,-0.004,-0.027621,-0.027621,4.321,7.00,-0.014536,0.019471,-0.002040,0.010190,0.003,0.018,-1.208,10.365,0.348,3.101858,0.003901,0.000089,0.000000,0.000000,0.000000,0.000000,0.000000,0.000000,0,0.00
21.700000,-0.004,-0.028153,-0.028153,4.321,7.00,-0.015845,0.020468,-0.002033,0.009718,0.003,0.019,-1.207,10.385,0.348,3.101847,0.004100,0.000087,0.000000,0.000000,0.000000,0.000000,0.000000,0.000000,0,0.00
21.710000,-0.004,-0.029034,-0.029034,4.321,7.00,-0.017075,0.021362,-0.002025,0.009697,0.003,0.019,-1.207,10.404,0.348,3.101869,0.004279,0.000086,0.000000,0.000000,0.000000,0.000000,0.000000,0.000000,0,0.00
21.720000,-0.004,-0.029094,-0.029094,4.321,7.00,-0.018271,0.022186,-0.002016,0.008923,0.004,0.019,-1.206,10.424,0.348,3.101917,0.004444,0.000084,0.000000,0.000000,0.000000,0.000000,0.000000,0.000000,0,0.00
21.730000,-0.005,-0.028751,-0.028751,4.321,7.00,-0.019353,0.022883,-0.002007,0.007876,0.004,0.019,-1.205,10.443,0.348,3.102003,0.004583,0.000083,0.000000,0.000000,0.000000,0.000000,0.000000,0.000000,0,0.00
21.740000,-0.005,-0.028155,-0.028155,4.321,7.00,-0.020293,0.023433,-0.001997,0.006719,0.004,0.019,-1.205,10.463,0.348,3.102131,0.004693,0.000081,0.000000,0.000000,0.000000,0.000000,0.000000,0.000000,0,0.00
21.750000,-0.005,-0.027197,-0.027197,4.321,7.00,-0.021079,0.023832,-0.001986,0.005351,0.004,0.018,-1.204,10.482,0.348,3.102301,0.004773,0.000080,0.000000,0.000000,0.000000,0.000000,0.000000,0.000000,0,0.00
21.760000,-0.005,-0.026194,-0.026194,4.321,7.00,-0.021691,0.024070,-0.001975,0.004098,0.004,0.017,-1.204,10.501,0.348,3.102514,0.004821,0.000079,0.000000,0.000000,0.000000,0.000000,0.000000,0.000000,0,0.00
21.770000,-0.005,-0.025179,-0.025179,4.321,7.00,-0.022141,0.024163,-0.001964,0.002980,0.005,0.017,-1.203,10.521,0.348,3.102765,0.004839,0.000079,0.000000,0.000000,0.000000,0.000000,0.000000,0.000000,0,0.00
21.780000,-0.005,-0.023951,-0.023951,4.321,7.00,-0.022445,0.024128,-0.001953,0.001777,0.005,0.016,-1.202,10.540,0.348,3.103049,0.004832,0.000079,0.000000,0.000000,0.000000,0.000000,0.000000,0.000000,0,0.00
21.790000,-0.005,-0.022760,-0.022760,4.321,7.00,-0.022596,0.023963,-0.001942,0.000738,0.005,0.015,-1.202,10.560,0.348,3.103364,0.004799,0.000079,0.000000,0.000000,0.000000,0.000000,0.000000,0.000000,0,0.00
21.800000,-0.005,-0.021611,-0.021611,4.321,7.00,-0.022612,0.023690,-0.001930,-0.000149,0.005,0.014,-1.201,10.579,0.348,3.103706,0.004744,0.000079,0.000000,0.000000,0.000000,0.000000,0.000000,0.000000,0,0.00
21.810000,-0.005,-0.020455,-0.020455,4.321,7.00,-0.022512,0.023325,-0.001918,-0.000952,0.005,0.014,-1.201,10.599,0.348,3.104069,0.004671,0.000080,0.000000,0.000000,0.000000,0.000000,0.000000,0.000000,0,0.00
21.820000,-0.005,-0.019270,-0.019270,4.321,7.00,-0.022306,0.022882,-0.001908,-0.001704,0.005,0.013,-1.200,10.618,0.348,3.104448,0.004582,0.000080,0.000000,0.000000,0.000000,0.000000,0.000000,0.000000,0,0.00
21.830000,-0.004,-0.018114,-0.018114,4.321,7.00,-0.022003,0.022369,-0.001897,-0.002358,0.005,0.012,-1.199,10.637,0.348,3.104841,0.004480,0.000081,0.000000,0.000000,0.000000,0.000000,0.000000,0.000000,0,0.00
21.840000,-0.004,-0.016930,-0.016930,4.321,7.00,-0.021614,0.021800,-0.001888,-0.002982,0.005,0.011,-1.199,10.657,0.348,3.105245,0.004366,0.000082,0.000000,0.000000,0.000000,0.000000,0.000000,0.000000,0,0.00
21.850000,-0.004,-0.015801,-0.015801,4.321,7.00,-0.021146,0.021183,-0.001878,-0.003504,0.005,0.011,-1.198,10.676,0.348,3.105657,0.004242,0.000083,0.000000,0.000000,0.000000,0.000000,0.000000,0.000000,0,0.00
21.860000,-0.004,-0.014606,-0.014606,4.321,7.00,-0.020611,0.020530,-0.001870,-0.004055,0.005,0.010,-1.198,10.696,0.348,3.106073,0.004112,0.000084,0.000000,0.000000,0.000000,0.000000,0.000000,0.000000,0,0.00
21.870000,-0.004,-0.013429,-0.013429,4.321,7.00,-0.020011,0.019845,-0.001862,-0.004555,0.004,0.009,-1.197,10.715,0.348,3.106492,0.003975,0.000085,0.000000,0.000000,0.000000,0.000000,0.000000,0.000000,0,0.00
21.880000,-0.004,-0.012233,-0.012233,4.321,7.00,-0.019353,0.019137,-0.001855,-0.005049,0.004,0.008,-1.197,10.735,0.348,3.106912,0.003833,0.000086,0.000000,0.000000,0.000000,0.000000,0.000000,0.000000,0,0.00
21.890000,-0.004,-0.011229,-0.011229,4.321,7.00,-0.018641,0.018410,-0.001847,-0.005334,0.004,0.007,-1.196,10.754,0.348,3.107332,0.003687,0.000087,0.000000,0.000000,0.000000,0.000000,0.000000,0.000000,0,0.00
21.900000,-0.004,-0.010044,-0.010044,4.321,7.00,-0.017900,0.017686,-0.001841,-0.005801,0.004,0.007,-1.196,10.773,0.348,3.107745,0.003542,0.000089,0.000000,0.000000,0.000000,0.000000,0.000000,0.000000,0,0.00
21.910000,-0.003,-0.009183,-0.009183,4.321,7.00,-0.017114,0.016956,-0.001834,-0.005939,0.004,0.006,-1.195,10.793,0.348,3.108155,0.003396,0.000090,0.000000,0.000000,0.000000,0.000000,0.000000,0.000000,0,0.00
21.920000,-0.003,-0.008400,-0.008400,4.321,7.00,-0.016321,0.016247,-0.001828,-0.006019,0.004,0.006,-1.195,10.812,0.348,3.108555,0.003254,0.000091,0.000000,0.000000,0.000000,0.000000,0.000000,0.000000,0,0.00
21.930000,-0.003,-0.007576,-0.007576,4.321,7.00,-0.015529,0.015568,-0.001823,-0.006169,0.004,0.005,-1.194,10.832,0.348,3.108941,0.003118,0.000092,0.000000,0.000000,0.000000,0.000000,0.000000,0.000000,0,0.00
21.940000,-0.003,-0.007353,-0.007353,4.321,7.00,-0.014734,0.014915,-0.001814,-0.005748,0.004,0.005,-1.194,10.851,0.348,3.109316,0.002987,0.000093,0.000000,0.000000,0.000000,0.000000,0.000000,0.000000,0,0.00
21.950000,-0.003,-0.007601,-0.007601,4.321,7.00,-0.013996,0.014332,-0.001804,-0.004927,0.003,0.005,-1.193,10.871,0.348,3.109669,0.002871,0.000094,0.000000,0.000000,0.000000,0.000000,0.000000,0.000000,0,0.00
21.960000,-0.003,-0.007292,-0.007292,4.321,7.00,-0.013356,0.013848,-0.001800,-0.004757,0.003,0.005,-1.193,10.890,0.348,3.109992,0.002774,0.000094,0.000000,0.000000,0.000000,0.000000,0.000000,0.000000,0,0.00
21.970000,-0.003,-0.007356,-0.007356,4.321,7.00,-0.012750,0.013408,-0.001794,-0.004258,0.003,0.005,-1.192,10.910,0.348,3.110299,0.002686,0.000095,0.000000,0.000000,0.000000,0.000000,0.000000,0.000000,0,0.00
21.980000,-0.003,-0.007731,-0.007731,4.321,7.00,-0.012210,0.013036,-0.001789,-0.003516,0.003,0.005,-1.192,10.929,0.348,3.110585,0.002611,0.000096,0.000000,0.000000,0.000000,0.000000,0.000000,0.000000,0,0.00
21.990000,-0.003,-0.007682,-0.007682,4.321,7.00,-0.011763,0.012745,-0.001784,-0.003279,0.003,0.005,-1.191,10.948,0.348,3.110847,0.002553,0.000096,0.000000,0.000000,0.000000,0.000000,0.000000,0.000000,0,0.00
22.000000,-0.002,-0.007585,-0.007585,4.321,7.00,-0.011355,0.012492,-0.001778,-0.003129,0.003,0.005,-1.191,10.968,0.348,3.111094,0.002503,0.000097,0.000000,0.000000,0.000000,0.000000,0.000000,0.000000,0,0.00
22.010000,-0.002,-0.007975,-0.007975,4.321,7.00,-0.010978,0.012270,-0.001774,-0.002521,0.003,0.005,-1.190,10.987,0.348,3.111330,0.002458,0.000097,0.000000,0.000000,0.000000,0.000000,0.000000,0.000000,0,0.00
22.020000,-0.002,-0.008265,-0.008265,4.321,7.00,-0.010677,0.012107,-0.001769,-0.002073,0.003,0.006,-1.190,11.007,0.348,3.111547,0.002425,0.000098,0.000000,0.000000,0.000000,0.000000,0.000000,0.000000,0,0.00
22.030000,-0.002,-0.008536,-0.008536,4.321,7.00,-0.010436,0.011987,-0.001765,-0.001686,0.003,0.006,-1.189,11.026,0.348,3.111748,0.002401,0.000098,0.000000,0.000000,0.000000,0.000000,0.000000,0.000000,0,0.00
22.040000,-0.002,-0.008771,-0.008771,4.321,7.00,-0.010246,0.011899,-0.001760,-0.001368,0.002,0.006,-1.189,11.046,0.348,3.111937,0.002384,0.000099,0.000000,0.000000,0.000000,0.000000,0.000000,0.000000,0,0.00
22.050000,-0.002,-0.008978,-0.008978,4.321,7.00,-0.010099,0.011834,-0.001755,-0.001101,0.002,0.006,-1.188,11.065,0.348,3.112116,0.002371,0.000099,0.000000,0.000000,0.000000,0.000000,0.000000,0.000000,0,0.00
22.060000,-0.002,-0.009208,-0.009208,4.321,7.00,-0.009987,0.011784,-0.001752,-0.000825,0.002,0.006,-1.188,11.084,0.348,3.112286,0.002361,0.000100,0.000000,0.000000,0.000000,0.000000,0.000000,0.000000,0,0.00
22.070000,-0.002,-0.009348,-0.009348,4.321,7.00,-0.009909,0.011744,-0.001747,-0.000648,0.002,0.006,-1.187,11.104,0.348,3.112448,0.002353,0.000100,0.000000,0.000000,0.000000,0.000000,0.000000,0.000000,0,0.00
22.080000,-0.002,-0.009462,-0.009462,4.321,7.00,-0.009853,0.011702,-0.001743,-0.000497,0.002,0.006,-1.187,11.123,0.348,3.112606,0.002344,0.000100,0.000000,0.000000,0.000000,0.000000,0.000000,0.000000,0,0.00
22.090000,-0.002,-0.009486,-0.009486,4.321,7.00,-0.009814,0.011653,-0.001739,-0.000428,0.002,0.006,-1.186,11.143,0.348,3.112760,0.002335,0.000101,0.000000,0.000000,0.000000,0.000000,0.000000,0.000000,0,0.00
22.100000,-0.002,-0.009424,-0.009424,4.321,7.00,-0.009781,0.011587,-0.001734,-0.000429,0.002,0.006,-1.186,11.162,0.348,3.112913,0.002321,0.000101,0.000000,0.000000,0.000000,0.000000,0.000000,0.000000,0,0.00
22.110000,-0.002,-0.009286,-0.009286,4.321,7.00,-0.009745,0.011495,-0.001729,-0.000480,0.002,0.006,-1.186,11.182,0.348,3.113065,0.002303,0.000101,0.000000,0.000000,0.000000,0.000000,0.000000,0.000000,0,0.00
22.120000,-0.002,-0.009035,-0.009035,4.321,7.00,-0.009699,0.011371,-0.001725,-0.000612,0.002,0.006,-1.185,11.201,0.348,3.113220,0.002278,0.000102,0.000000,0.000000,0.000000,0.000000,0.000000,0.000000,0,0.00
22.130000,-0.002,-0.008708,-0.008708,4.321,7.00,-0.009633,0.011207,-0.001720,-0.000779,0.002,0.006,-1.185,11.221,0.348,3.113377,0.002245,0.000102,0.000000,0.000000,0.000000,0.000000,0.000000,0.000000,0,0.00
22.140000,-0.002,-0.008373,-0.008373,4.321,7.00,-0.009540,0.011000,-0.001713,-0.000914,0.002,0.006,-1.184,11.240,0.348,3.113539,0.002204,0.000102,0.000000,0.000000,0.000000,0.000000,0.000000,0.000000,0,0.00
22.150000,-0.002,-0.007835,-0.007835,4.321,7.00,-0.009423,0.010749,-0.001709,-0.001205,0.002,0.005,-1.184,11.259,0.348,3.113703,0.002154,0.000103,0.000000,0.000000,0.000000,0.000000,0.000000,0.000000,0,0.00
22.160000,-0.002,-0.007265,-0.007265,4.321,7.00,-0.009265,0.010443,-0.001704,-0.001475,0.002,0.005,-1.183,11.279,0.348,3.113873,0.002092,0.000103,0.000000,0.000000,0.000000,0.000000,0.000000,0.000000,0,0.00
22.170000,-0.002,-0.006660,-0.006660,4.321,7.00,-0.009065,0.010084,-0.001699,-0.001726,0.002,0.004,-1.183,11.298,0.348,3.114049,0.002021,0.000104,0.000000,0.000000,0.000000,0.000000,0.000000,0.000000,0,0.00
22.180000,-0.002,-0.005841,-0.005841,4.321,7.00,-0.008824,0.009673,-0.001695,-0.002138,0.002,0.004,-1.182,11.318,0.348,3.114229,0.001938,0.000104,0.000000,0.000000,0.000000,0.000000,0.000000,0.000000,0,0.00
22.190000,-0.002,-0.004911,-0.004911,4.321,7.00,-0.008526,0.009199,-0.001691,-0.002598,0.002,0.003,-1.182,11.337,0.348,3.114415,0.001843,0.000105,0.000000,0.000000,0.000000,0.000000,0.000000,0.000000,0,0.00
22.200000,-0.002,-0.003943,-0.003943,4.321,7.00,-0.008164,0.008661,-0.001687,-0.003030,0.002,0.003,-1.181,11.357,0.348,3.114609,0.001736,0.000105,0.000000,0.000000,0.000000,0.000000,0.000000,0.000000,0,0.00
22.210000,-0.002,-0.002938,-0.002938,4.321,7.00,-0.007742,0.008062,-0.001684,-0.003440,0.002,0.002,-1.181,11.376,0.348,3.114808,0.001616,0.000106,0.000000,0.000000,0.000000,0.000000,0.000000,0.000000,0,0.00
22.220000,-0.001,-0.001645,-0.001645,4.321,7.00,-0.007262,0.007406,-0.001681,-0.004081,0.002,0.001,-1.180,11.395,0.348,3.115010,0.001485,0.000106,0.000000,0.000000,0.000000,0.000000,0.000000,0.000000,0,0.00
22.230000,-0.001,-0.000374,-0.000374,4.321,7.00,-0.006700,0.006681,-0.001678,-0.004629,0.002,0.000,-1.180,11.415,0.348,3.115221,0.001340,0.000107,0.000000,0.000000,0.000000,0.000000,0.000000,0.000000,0,0.00
22.240000,-0.001,0.001051,0.001051,4.321,7.00,-0.006068,0.005897,-0.001676,-0.005273,0.002,0.001,-1.179,11.434,0.348,3.115435,0.001183,0.000107,0.000000,0.000000,0.000000,0.000000,0.000000,0.000000,0,0.00
22.250000,-0.001,0.002579,0.002579,4.321,7.00,-0.005356,0.005051,-0.001674,-0.005957,0.002,0.002,-1.179,11.454,0.348,3.115654,0.001013,0.000108,0.000000,0.000000,0.000000,0.000000,0.000000,0.000000,0,0.00
22.260000,-0.001,0.004226,0.004226,4.321,7.00,-0.004562,0.004147,-0.001673,-0.006700,0.001,0.003,-1.178,11.473,0.348,3.115877,0.000832,0.000109,0.000000,0.000000,0.000000,0.000000,0.000000,0.000000,0,0.00
22.270000,-0.001,0.005876,0.005876,4.321,7.00,-0.003684,0.003184,-0.001671,-0.007388,0.001,0.004,-1.178,11.493,0.348,3.116103,0.000640,0.000109,0.000000,0.000000,0.000000,0.000000,0.000000,0.000000,0,0.00
22.280000,-0.000,0.007598,0.007598,4.321,7.00,-0.002728,0.002174,-0.001671,-0.008102,0.001,0.005,-1.177,11.512,0.348,3.116329,0.000438,0.000110,0.000000,0.000000,0.000000,0.000000,0.000000,0.000000,0,0.00
22.290000,-0.000,0.009131,0.009131,4.321,7.00,-0.001695,0.001122,-0.001670,-0.008582,0.001,0.006,-1.177,11.532,0.348,3.116555,0.000227,0.000110,0.000000,0.000000,0.000000,0.000000,0.000000,0.000000,0,0.00
22.300000,-0.000,0.010378,0.010378,4.321,7.00,-0.000613,0.000049,-0.001670,-0.008756,0.001,0.007,-1.177,11.551,0.348,3.116774,0.000013,0.000110,0.000000,0.000000,0.000000,0.000000,0.000000,0.000000,0,0.00
22.310000,0.000,0.011618,0.011618,4.321,7.00,0.000486,-0.001017,-0.001671,-0.008931,0.001,0.008,-1.176,11.570,0.348,3.116979,-0.000201,0.000110,0.000000,0.000000,0.000000,0.000000,0.000000,0.000000,0,0.00
22.320000,0.000,0.012587,0.012587,4.321,7.00,0.001599,-0.002072,-0.001671,-0.008843,0.000,0.008,-1.176,11.590,0.348,3.117169,-0.000412,0.000110,0.000000,0.000000,0.000000,0.000000,0.000000,0.000000,0,0.00
22.330000,0.001,0.013324,0.013324,4.321,7.00,0.002698,-0.003096,-0.001673,-0.008555,0.000,0.009,-1.175,11.609,0.348,3.117340,-0.000617,0.000110,0.000000,0.000000,0.000000,0.000000,0.000000,0.000000,0,0.00
22.340000,0.001,0.013925,0.013925,4.321,7.00,0.003761,-0.004072,-0.001675,-0.008179,0.000,0.009,-1.175,11.629,0.348,3.117487,-0.000812,0.000110,0.000000,0.000000,0.000000,0.000000,0.000000,0.000000,0,0.00
22.350000,0.001,0.014517,0.014517,4.321,7.00,0.004777,-0.004994,-0.001677,-0.007846,-0.000,0.010,-1.174,11.648,0.348,3.117610,-0.000997,0.000110,0.000000,0.000000,0.000000,0.000000,0.000000,0.000000,0,0.00
22.360000,0.001,0.014888,0.014888,4.321,7.00,0.005751,-0.005866,-0.001679,-0.007343,-0.000,0.010,-1.174,11.668,0.348,3.117710,-0.001171,0.000110,0.000000,0.000000,0.000000,0.000000,0.000000,0.000000,0,0.00
22.370000,0.001,0.015020,0.015020,4.321,7.00,0.006665,-0.006676,-0.001683,-0.006661,-0.001,0.010,-1.173,11.687,0.348,3.117784,-0.001333,0.000110,0.000000,0.000000,0.000000,0.000000,0.000000,0.000000,0,0.00
22.380000,0.001,0.015127,0.015127,4.321,7.00,0.007500,-0.007412,-0.001686,-0.006029,-0.001,0.010,-1.173,11.706,0.348,3.117830,-0.001480,0.000109,0.000000,0.000000,0.000000,0.000000,0.000000,0.000000,0,0.00
22.390000,0.002,0.015258,0.015258,4.321,7.00,0.008263,-0.008081,-0.001690,-0.005487,-0.001,0.010,-1.172,11.726,0.348,3.117850,-0.001614,0.000109,0.000000,0.000000,0.000000,0.000000,0.000000,0.000000,0,0.00
22.400000,0.002,0.015337,0.015337,4.321,7.00,0.008962,-0.008692,-0.001694,-0.004950,-0.001,0.010,-1.172,11.745,0.348,3.117848,-0.001736,0.000109,0.000000,0.000000,0.000000,0.000000,0.000000,0.000000,0,0.00
22.410000,0.002,0.015359,0.015359,4.321,7.00,0.009600,-0.009248,-0.001699,-0.004413,-0.001,0.010,-1.171,11.765,0.348,3.117823,-0.001847,0.000108,0.000000,0.000000,0.000000,0.000000,0.000000,0.000000,0,0.00
22.420000,0.002,0.015601,0.015601,4.321,7.00,0.010176,-0.009750,-0.001703,-0.004148,-0.001,0.010,-1.171,11.784,0.348,3.117779,-0.001948,0.000108,0.000000,0.000000,0.000000,0.000000,0.000000,0.000000,0,0.00
22.430000,0.002,0.015757,0.015757,4.321,7.00,0.010718,-0.010220,-0.001708,-0.003829,-0.002,0.011,-1.170,11.804,0.348,3.117720,-0.002042,0.000108,0.000000,0.000000,0.000000,0.000000,0.000000,0.000000,0,0.00
22.440000,0.002,0.015928,0.015928,4.321,7.00,0.011222,-0.010656,-0.001713,-0.003560,-0.002,0.011,-1.170,11.823,0.348,3.117646,-0.002129,0.000107,0.000000,0.000000,0.000000,0.000000,0.000000,0.000000,0,0.00
22.450000,0.002,0.016081,0.016081,4.321,7.00,0.011693,-0.011060,-0.001718,-0.003303,-0.002,0.011,-1.169,11.843,0.348,3.117558,-0.002210,0.000107,0.000000,0.000000,0.000000,0.000000,0.000000,0.000000,0,0.00
22.460000,0.002,0.016335,0.016335,4.321,7.00,0.012131,-0.011436,-0.001722,-0.003177,-0.002,0.011,-1.168,11.862,0.348,3.117458,-0.002285,0.000107,0.000000,0.000000,0.000000,0.000000,0.000000,0.000000,0,0.00
22.470000,0.002,0.016515,0.016515,4.321,7.00,0.012552,-0.011791,-0.001727,-0.002996,-0.002,0.011,-1.168,11.881,0.348,3.117349,-0.002356,0.000106,0.000000,0.000000,0.000000,0.000000,0.000000,0.000000,0,0.00
22.480000,0.002,0.016697,0.016697,4.321,7.00,0.012948,-0.012123,-0.001732,-0.002842,-0.002,0.011,-1.167,11.901,0.348,3.117229,-0.002423,0.000106,0.000000,0.000000,0.000000,0.000000,0.000000,0.000000,0,0.00
22.490000,0.002,0.016900,0.016900,4.321,7.00,0.013323,-0.012432,-0.001737,-0.002731,-0.002,0.011,-1.167,11.920,0.348,3.117099,-0.002485,0.000106,0.000000,0.000000,0.000000,0.000000,0.000000,0.000000,0,0.00
22.500000,0.003,0.017146,0.017146,4.321,7.00,0.013681,-0.012721,-0.001742,-0.002684,-0.002,0.011,-1.166,11.940,0.348,3.116960,-0.002542,0.000105,0.000000,0.000000,0.000000,0.000000,0.000000,0.000000,0,0.00
22.510000,0.003,0.017350,0.017350,4.321,7.00,0.014027,-0.012994,-0.001746,-0.002610,-0.002,0.012,-1.166,11.959,0.348,3.116815,-0.002597,0.000105,0.000000,0.000000,0.000000,0.000000,0.000000,0.000000,0,0.00
22.520000,0.003,0.017617,0.017617,4.321,7.00,0.014359,-0.013247,-0.001750,-0.002620,-0.002,0.012,-1.165,11.979,0.348,3.116662,-0.002648,0.000105,0.000000,0.000000,0.000000,0.000000,0.000000,0.000000,0,0.00
22.530000,0.003,0.017796,0.017796,4.321,7.00,0.014685,-0.013486,-0.001754,-0.002555,-0.002,0.012,-1.164,11.998,0.348,3.116502,-0.002695,0.000104,0.000000,0.000000,0.000000,0.000000,0.000000,0.000000,0,0.00
22.540000,0.003,0.017779,0.017779,4.321,7.00,0.014996,-0.013703,-0.001762,-0.002315,-0.003,0.012,-1.164,12.017,0.348,3.116335,-0.002739,0.000104,0.000000,0.000000,0.000000,0.000000,0.000000,0.000000,0,0.00
22.550000,0.003,0.017783,0.017783,4.321,7.00,0.015274,-0.013884,-0.001766,-0.002133,-0.003,0.012,-1.163,12.037,0.348,3.116158,-0.002775,0.000104,0.000000,0.000000,0.000000,0.000000,0.000000,0.000000,0,0.00
22.560000,0.003,0.017658,0.017658,4.321,7.00,0.015525,-0.014032,-0.001772,-0.001853,-0.003,0.012,-1.163,12.056,0.348,3.115972,-0.002805,0.000103,0.000000,0.000000,0.000000,0.000000,0.000000,0.000000,0,0.00
22.570000,0.003,0.017361,0.017361,4.321,7.00,0.015738,-0.014140,-0.001778,-0.001443,-0.003,0.012,-1.162,12.076,0.348,3.115775,-0.002826,0.000103,0.000000,0.000000,0.000000,0.000000,0.000000,0.000000,0,0.00
22.580000,0.003,0.017066,0.017066,4.321,7.00,0.015901,-0.014198,-0.001784,-0.001083,-0.003,0.011,-1.161,12.095,0.348,3.115565,-0.002838,0.000103,0.000000,0.000000,0.000000,0.000000,0.000000,0.000000,0,0.00
22.590000,0.003,0.016842,0.016842,4.321,7.00,0.016017,-0.014212,-0.001790,-0.000841,-0.003,0.011,-1.161,12.115,0.348,3.115345,-0.002841,0.000103,0.000000,0.000000,0.000000,0.000000,0.000000,0.000000,0,0.00
22.600000,0.003,0.016462,0.016462,4.321,7.00,0.016100,-0.014189,-0.001796,-0.000478,-0.003,0.011,-1.160,12.134,0.348,3.115118,-0.002836,0.000102,0.000000,0.000000,0.000000,0.000000,0.000000,0.000000,0,0.00
22.610000,0.003,0.016075,0.016075,4.321,7.00,0.016136,-0.014122,-0.001802,-0.000151,-0.003,0.011,-1.159,12.153,0.348,3.114881,-0.002823,0.000102,0.000000,0.000000,0.000000,0.000000,0.000000,0.000000,0,0.00
22.620000,0.003,0.015648,0.015648,4.321,7.00,0.016130,-0.014015,-0.001808,0.000175,-0.003,0.010,-1.159,12.173,0.348,3.114635,-0.002801,0.000102,0.000000,0.000000,0.000000,0.000000,0.000000,0.000000,0,0.00
22.630000,0.003,0.015216,0.015216,4.321,7.00,0.016082,-0.013867,-0.001815,0.000466,-0.003,0.010,-1.158,12.192,0.348,3.114383,-0.002772,0.000102,0.000000,0.000000,0.000000,0.000000,0.000000,0.000000,0,0.00
22.640000,0.003,0.014792,0.014792,4.321,7.00,0.015995,-0.013683,-0.001822,0.000713,-0.003,0.010,-1.158,12.212,0.348,3.114124,-0.002735,0.000102,0.000000,0.000000,0.000000,0.000000,0.000000,0.000000,0,0.00
22.650000,0.003,0.014345,0.014345,4.321,7.00,0.015875,-0.013467,-0.001829,0.000951,-0.003,0.010,-1.157,12.231,0.348,3.113861,-0.002692,0.000102,0.000000,0.000000,0.000000,0.000000,0.000000,0.000000,0,0.00
22.660000,0.003,0.013853,0.013853,4.321,7.00,0.015722,-0.013220,-0.001835,0.001201,-0.003,0.009,-1.156,12.251,0.348,3.113593,-0.002642,0.000102,0.000000,0.000000,0.000000,0.000000,0.000000,0.000000,0,0.00
22.670000,0.003,0.013356,0.013356,4.321,7.00,0.015535,-0.012941,-0.001841,0.001426,-0.003,0.009,-1.156,12.270,0.348,3.113322,-0.002586,0.000102,0.000000,0.000000,0.000000,0.000000,0.000000,0.000000,0,0.00
22.680000,0.003,0.012798,0.012798,4.321,7.00,0.015317,-0.012633,-0.001846,0.001681,-0.003,0.009,-1.155,12.290,0.348,3.113049,-0.002525,0.000102,0.000000,0.000000,0.000000,0.000000,0.000000,0.000000,0,0.00
22.690000,0.002,0.012197,0.012197,4.321,7.00,0.015065,-0.012295,-0.001852,0.001949,-0.003,0.008,-1.154,12.309,0.348,3.112773,-0.002457,0.000102,0.000000,0.000000,0.000000,0.000000,0.000000,0.000000,0,0.00
22.700000,0.002,0.011516,0.011516,4.321,7.00,0.014778,-0.011925,-0.001857,0.002266,-0.003,0.008,-1.153,12.328,0.348,3.112494,-0.002383,0.000102,0.000000,0.000000,0.000000,0.000000,0.000000,0.000000,0,0.00
22.710000,0.002,0.010815,0.010815,4.321,7.00,0.014452,-0.011523,-0.001861,0.002569,-0.003,0.007,-1.153,12.348,0.348,3.112213,-0.002303,0.000103,0.000000,0.000000,0.000000,0.000000,0.000000,0.000000,0,0.00
22.720000,0.002,0.010142,0.010142,4.321,7.00,0.014088,-0.011090,-0.001866,0.002814,-0.003,0.007,-1.152,12.367,0.348,3.111930,-0.002216,0.000103,0.000000,0.000000,0.000000,0.000000,0.000000,0.000000,0,0.00
22.730000,0.002,0.009269,0.009269,4.321,7.00,0.013694,-0.010632,-0.001870,0.003232,-0.002,0.006,-1.151,12.387,0.348,3.111647,-0.002124,0.000103,0.000000,0.000000,0.000000,0.000000,0.000000,0.000000,0,0.00
22.740000,0.002,0.008407,0.008407,4.321,7.00,0.013251,-0.010138,-0.001873,0.003604,-0.002,0.006,-1.151,12.406,0.348,3.111361,-0.002025,0.000103,0.000000,0.000000,0.000000,0.000000,0.000000,0.000000,0,0.00
22.750000,0.002,0.007585,0.007585,4.321,7.00,0.012767,-0.009613,-0.001877,0.003905,-0.002,0.005,-1.150,12.426,0.348,3.111075,-0.001920,0.000103,0.000000,0.000000,0.000000,0.000000,0.000000,0.000000,0,0.00
22.760000,0.002,0.006585,0.006585,4.321,7.00,0.012249,-0.009066,-0.001880,0.004360,-0.002,0.004,-1.149,12.445,0.348,3.110790,-0.001811,0.000103,0.000000,0.000000,0.000000,0.000000,0.000000,0.000000,0,0.00
22.770000,0.002,0.005688,0.005688,4.321,7.00,0.011682,-0.008486,-0.001883,0.004681,-0.002,0.004,-1.149,12.464,0.348,3.110504,-0.001695,0.000103,0.000000,0.000000,0.000000,0.000000,0.000000,0.000000,0,0.00
22.780000,0.002,0.004836,0.004836,4.321,7.00,0.011083,-0.007887,-0.001886,0.004936,-0.002,0.003,-1.148,12.484,0.348,3.110222,-0.001575,0.000104,0.000000,0.000000,0.000000,0.000000,0.000000,0.000000,0,0.00
22.790000,0.001,0.004023,0.004023,4.321,7.00,0.010458,-0.007276,-0.001888,0.005141,-0.002,0.003,-1.147,12.503,0.348,3.109943,-0.001453,0.000104,0.000000,0.000000,0.000000,0.000000,0.000000,0.000000,0,0.00
22.800000,0.001,0.003306,0.003306,4.321,7.00,0.009815,-0.006658,-0.001891,0.005243,-0.002,0.002,-1.147,12.523,0.348,3.109671,-0.001329,0.000104,0.000000,0.000000,0.000000,0.000000,0.000000,0.000000,0,0.00
22.810000,0.001,0.002722,0.002722,4.321,7.00,0.009164,-0.006042,-0.001893,0.005213,-0.002,0.002,-1.146,12.542,0.348,3.109408,-0.001206,0.000104,0.000000,0.000000,0.000000,0.000000,0.000000,0.000000,0,0.00
22.820000,0.001,0.002127,0.002127,4.321,7.00,0.008520,-0.005438,-0.001896,0.005206,-0.002,0.001,-1.145,12.562,0.348,3.109156,-0.001085,0.000104,0.000000,0.000000,0.000000,0.000000,0.000000,0.000000,0,0.00
22.830000,0.001,0.001784,0.001784,4.321,7.00,0.007881,-0.004843,-0.001898,0.004956,-0.001,0.001,-1.144,12.581,0.348,3.108915,-0.000966,0.000104,0.000000,0.000000,0.000000,0.000000,0.000000,0.000000,0,0.00
22.840000,0.001,0.001497,0.001497,4.321,7.00,0.007271,-0.004275,-0.001900,0.004677,-0.001,0.001,-1.144,12.600,0.348,3.108688,-0.000852,0.000104,0.000000,0.000000,0.000000,0.000000,0.000000,0.000000,0,0.00
22.850000,0.001,0.001171,0.001171,4.321,7.00,0.006694,-0.003733,-0.001901,0.004463,-0.001,0.001,-1.143,12.620,0.348,3.108477,-0.000744,0.000104,0.000000,0.000000,0.000000,0.000000,0.000000,0.000000,0,0.00
22.860000,0.001,0.000947,0.000947,4.321,7.00,0.006141,-0.003210,-0.001903,0.004165,-0.001,0.001,-1.142,12.639,0.348,3.108279,-0.000639,0.000104,0.000000,0.000000,0.000000,0.000000,0.000000,0.000000,0,0.00
22.870000,0.001,0.000739,0.000739,4.321,7.00,0.005622,-0.002709,-0.001904,0.003873,-0.001,0.000,-1.142,12.659,0.348,3.108096,-0.000539,0.000104,0.000000,0.000000,0.000000,0.000000,0.000000,0.000000,0,0.00
22.880000,0.000,0.000505,0.000505,4.321,7.00,0.005134,-0.002227,-0.001905,0.003627,-0.001,0.000,-1.141,12.678,0.348,3.107926,-0.000442,0.000103,0.000000,0.000000,0.000000,0.000000,0.000000,0.000000,0,0.00
22.890000,0.000,0.000205,0.000205,4.321,7.00,0.004671,-0.001758,-0.001906,0.003459,-0.001,0.000,-1.140,12.698,0.348,3.107767,-0.000348,0.000103,0.000000,0.000000,0.000000,0.000000,0.000000,0.000000,0,0.00
22.900000,0.000,-0.000114,-0.000114,4.321,7.00,0.004224,-0.001293,-0.001907,0.003313,-0.001,0.000,-1.140,12.717,0.348,3.107619,-0.000255,0.000103,0.000000,0.000000,0.000000,0.000000,0.000000,0.000000,0,0.00
22.910000,0.000,-0.000495,-0.000495,4.321,7.00,0.003791,-0.000828,-0.001907,0.003230,-0.001,0.000,-1.139,12.736,0.348,3.107479,-0.000162,0.000103,0.000000,0.000000,0.000000,0.000000,0.000000,0.000000,0,0.00
22.920000,0.000,-0.000987,-0.000987,4.321,7.00,0.003362,-0.000357,-0.001907,0.003251,-0.000,0.001,-1.138,12.756,0.348,3.107347,-0.000068,0.000103,0.000000,0.000000,0.000000,0.000000,0.000000,0.000000,0,0.00
22.930000,-0.000,-0.001572,-0.001572,4.321,7.00,0.002927,0.000129,-0.001907,0.003350,-0.000,0.001,-1.137,12.775,0.348,3.107220,0.000029,0.000103,0.000000,0.000000,0.000000,0.000000,0.000000,0.000000,0,0.00
22.940000,-0.000,-0.002241,-0.002241,4.321,7.00,0.002477,0.000636,-0.001907,0.003511,-0.000,0.001,-1.137,12.795,0.348,3.107097,0.000131,0.000102,0.000000,0.000000,0.000000,0.000000,0.000000,0.000000,0,0.00
22.950000,-0.000,-0.002957,-0.002957,4.321,7.00,0.002005,0.001169,-0.001906,0.003694,-0.000,0.002,-1.136,12.814,0.348,3.106977,0.000238,0.000102,0.000000,0.000000,0.000000,0.000000,0.000000,0.000000,0,0.00
22.960000,-0.000,-0.003762,-0.003762,4.321,7.00,0.001509,0.001729,-0.001906,0.003938,-0.000,0.003,-1.135,12.834,0.348,3.106859,0.000350,0.000102,0.000000,0.000000,0.000000,0.000000,0.000000,0.000000,0,0.00
22.970000,-0.000,-0.004599,-0.004599,4.321,7.00,0.000982,0.002320,-0.001905,0.004184,0.000,0.003,-1.135,12.853,0.348,3.106743,0.000468,0.000102,0.000000,0.000000,0.000000,0.000000,0.000000,0.000000,0,0.00
22.980000,-0.001,-0.005601,-0.005601,4.321,7.00,0.000424,0.002939,-0.001904,0.004565,0.000,0.004,-1.134,12.872,0.348,3.106629,0.000592,0.000101,0.000000,0.000000,0.000000,0.000000,0.000000,0.000000,0,0.00
22.990000,-0.001,-0.006543,-0.006543,4.321,7.00,-0.000178,0.003596,-0.001902,0.004849,0.000,0.004,-1.133,12.892,0.348,3.106516,0.000723,0.000101,0.000000,0.000000,0.000000,0.000000,0.000000,0.000000,0,0.00
23.000000,-0.001,-0.007616,-0.007616,4.321,7.00,-0.000815,0.004280,-0.001901,0.005237,0.000,0.005,-1.133,12.911,0.348,3.106405,0.000860,0.000101,0.000000,0.000000,0.000000,0.000000,0.000000,0.000000,0,0.00
23.010000,-0.001,-0.008702,-0.008702,4.321,7.00,-0.001495,0.004997,-0.001899,0.005604,0.000,0.006,-1.132,12.931,0.348,3.106297,0.001004,0.000100,0.000000,0.000000,0.000000,0.000000,0.000000,0.000000,0,0.00
23.020000,-0.001,-0.009930,-0.009930,4.321,7.00,-0.002216,0.005743,-0.001897,0.006085,0.001,0.007,-1.131,12.950,0.348,3.106192,0.001153,0.000100,0.000000,0.000000,0.000000,0.000000,0.000000,0.000000,0,0.00
23.030000,-0.001,-0.010784,-0.010784,4.321,7.00,-0.002987,0.006521,-0.001894,0.006157,0.001,0.007,-1.131,12.970,0.348,3.106088,0.001309,0.000100,0.000000,0.000000,0.000000,0.000000,0.000000,0.000000,0,0.00
23.040000,-0.001,-0.011735,-0.011735,4.321,7.00,-0.003767,0.007300,-0.001891,0.006326,0.001,0.008,-1.130,12.989,0.348,3.105994,0.001464,0.000099,0.000000,0.000000,0.000000,0.000000,0.000000,0.000000,0,0.00
23.050000,-0.002,-0.012482,-0.012482,4.321,7.00,-0.004563,0.008085,-0.001888,0.006285,0.001,0.008,-1.129,13.008,0.348,3.105910,0.001622,0.000099,0.000000,0.000000,0.000000,0.000000,0.000000,0.000000,0,0.00
23.060000,-0.002,-0.013140,-0.013140,4.321,7.00,-0.005355,0.008859,-0.001884,0.006166,0.001,0.009,-1.129,13.028,0.348,3.105839,0.001776,0.000098,0.000000,0.000000,0.000000,0.000000,0.000000,0.000000,0,0.00
23.070000,-0.002,-0.013616,-0.013616,4.321,7.00,-0.006134,0.009615,-0.001880,0.005881,0.001,0.009,-1.128,13.047,0.348,3.105782,0.001928,0.000098,0.000000,0.000000,0.000000,0.000000,0.000000,0.000000,0,0.00
23.080000,-0.002,-0.014147,-0.014147,4.321,7.00,-0.006882,0.010342,-0.001875,0.005680,0.001,0.009,-1.127,13.067,0.348,3.105742,0.002073,0.000097,0.000000,0.000000,0.000000,0.000000,0.000000,0.000000,0,0.00
23.090000,-0.002,-0.014692,-0.014692,4.321,7.00,-0.007608,0.011047,-0.001870,0.005516,0.002,0.010,-1.127,13.086,0.348,3.105718,0.002214,0.000096,0.000000,0.000000,0.000000,0.000000,0.000000,0.000000,0,0.00
23.100000,-0.002,-0.015130,-0.015130,4.321,7.00,-0.008317,0.011731,-0.001865,0.005263,0.002,0.010,-1.126,13.106,0.348,3.105708,0.002351,0.000096,0.000000,0.000000,0.000000,0.000000,0.000000,0.000000,0,0.00
23.110000,-0.002,-0.015462,-0.015462,4.321,7.00,-0.008998,0.012389,-0.001858,0.004931,0.002,0.010,-1.125,13.125,0.348,3.105713,0.002483,0.000095,0.000000,0.000000,0.000000,0.000000,0.000000,0.000000,0,0.00
23.120000,-0.003,-0.015845,-0.015845,4.321,7.00,-0.009644,0.013016,-0.001852,0.004681,0.002,0.011,-1.125,13.145,0.348,3.105736,0.002608,0.000095,0.000000,0.000000,0.000000,0.000000,0.000000,0.000000,0,0.00
23.130000,-0.003,-0.016255,-0.016255,4.321,7.00,-0.010264,0.013618,-0.001846,0.004483,0.002,0.011,-1.124,13.164,0.348,3.105772,0.002729,0.000094,0.000000,0.000000,0.000000,0.000000,0.000000,0.000000,0,0.00
23.140000,-0.003,-0.016664,-0.016664,4.321,7.00,-0.010863,0.014199,-0.001840,0.004305,0.002,0.011,-1.124,13.183,0.348,3.105822,0.002845,0.000093,0.000000,0.000000,0.000000,0.000000,0.000000,0.000000,0,0.00
23.150000,-0.003,-0.017100,-0.017100,4.321,7.00,-0.011443,0.014760,-0.001833,0.004172,0.002,0.011,-1.123,13.203,0.348,3.105884,0.002957,0.000093,0.000000,0.000000,0.000000,0.000000,0.000000,0.000000,0,0.00
23.160000,-0.003,-0.017190,-0.017190,4.321,7.00,-0.012009,0.015305,-0.001449,0.003334,0.003,0.011,-1.122,13.222,0.348,3.105957,0.003066,0.000092,0.000000,0.000000,0.000000,0.000000,0.000000,0.000000,0,0.00
23.170000,-0.003,-0.017399,-0.017399,4.321,7.00,-0.012527,0.015809,-0.001440,0.003030,0.003,0.012,-1.122,13.242,0.348,3.106047,0.003167,0.000092,0.000000,0.000000,0.000000,0.000000,0.000000,0.000000,0,0.00
23.180000,-0.003,-0.017867,-0.017867,4.321,7.00,-0.013014,0.016285,-0.001434,0.003016,0.003,0.012,-1.121,13.261,0.348,3.106151,0.003262,0.000091,0.000000,0.000000,0.000000,0.000000,0.000000,0.000000,0,0.00
23.190000,-0.003,-0.018164,-0.018164,4.321,7.00,-0.013500,0.016755,-0.001427,0.002837,0.003,0.012,-1.121,13.281,0.348,3.106262,0.003356,0.000090,0.000000,0.000000,0.000000,0.000000,0.000000,0.000000,0,0.00
23.200000,-0.003,-0.018619,-0.018619,4.321,7.00,-0.013966,0.017203,-0.001420,0.002836,0.003,0.012,-1.120,13.300,0.348,3.106384,0.003446,0.000090,0.000000,0.000000,0.000000,0.000000,0.000000,0.000000,0,0.00
23.210000,-0.004,-0.019808,-0.019808,4.321,7.00,-0.014431,0.017644,-0.001414,0.003577,0.003,0.013,-1.119,13.319,0.348,3.106513,0.003534,0.000089,0.000000,0.000000,0.000000,0.000000,0.000000,0.000000,0,0.00
23.220000,-0.004,-0.020496,-0.020496,4.321,7.00,-0.014969,0.018130,-0.001406,0.003773,0.003,0.014,-1.119,13.339,0.348,3.106635,0.003631,0.000089,0.000000,0.000000,0.000000,0.000000,0.000000,0.000000,0,0.00
23.230000,-0.004,-0.021102,-0.021102,4.321,7.00,-0.015522,0.018612,-0.001400,0.003889,0.003,0.014,-1.118,13.358,0.348,3.106763,0.003728,0.000088,0.000000,0.000000,0.000000,0.000000,0.000000,0.000000,0,0.00
23.240000,-0.004,-0.021805,-0.021805,4.321,7.00,-0.016080,0.019082,-0.001394,0.004116,0.003,0.015,-1.118,13.378,0.348,3.106898,0.003822,0.000088,0.000000,0.000000,0.000000,0.000000,0.000000,0.000000,0,0.00
23.250000,-0.004,-0.022558,-0.022558,4.321,7.00,-0.016652,0.019544,-0.001388,0.004403,0.004,0.015,-1.117,13.397,0.348,3.107039,0.003914,0.000087,0.000000,0.000000,0.000000,0.000000,0.000000,0.000000,0,0.00
23.260000,-0.004,-0.023026,-0.023026,4.321,7.00,-0.017243,0.019998,-0.001381,0.004408,0.004,0.015,-1.117,13.417,0.348,3.107185,0.004005,0.000086,0.000000,0.000000,0.000000,0.000000,0.000000,0.000000,0,0.00
23.270000,-0.004,-0.023390,-0.023390,4.321,7.00,-0.017821,0.020419,-0.001373,0.004344,0.004,0.016,-1.116,13.436,0.348,3.107343,0.004089,0.000086,0.000000,0.000000,0.000000,0.000000,0.000000,0.000000,0,0.00
23.280000,-0.004,-0.023564,-0.023564,4.321,7.00,-0.018378,0.020799,-0.001365,0.004130,0.004,0.016,-1.115,13.455,0.348,3.107513,0.004165,0.000085,0.000000,0.000000,0.000000,0.000000,0.000000,0.000000,0,0.00
23.290000,-0.004,-0.023467,-0.023467,4.321,7.00,-0.018896,0.021123,-0.001357,0.003702,0.004,0.016,-1.115,13.475,0.348,3.107699,0.004230,0.000085,0.000000,0.000000,0.000000,0.000000,0.000000,0.000000,0,0.00
23.300000,-0.004,-0.023110,-0.023110,4.321,7.00,-0.019353,0.021374,-0.001349,0.003085,0.004,0.015,-1.114,13.494,0.348,3.107903,0.004280,0.000084,0.000000,0.000000,0.000000,0.000000,0.000000,0.000000,0,0.00
23.310000,-0.004,-0.022776,-0.022776,4.321,7.00,-0.019729,0.021540,-0.001340,0.002576,0.004,0.015,-1.114,13.514,0.348,3.108130,0.004313,0.000084,0.000000,0.000000,0.000000,0.000000,0.000000,0.000000,0,0.00
23.320000,-0.004,-0.022310,-0.022310,4.321,7.00,-0.020034,0.021628,-0.001330,0.002012,0.004,0.015,-1.113,13.533,0.348,3.108375,0.004331,0.000084,0.000000,0.000000,0.000000,0.000000,0.000000,0.000000,0,0.00
23.330000,-0.004,-0.021668,-0.021668,4.321,7.00,-0.020261,0.021637,-0.001321,0.001353,0.004,0.014,-1.113,13.553,0.348,3.108638,0.004332,0.000084,0.000000,0.000000,0.000000,0.000000,0.000000,0.000000,0,0.00
23.340000,-0.004,-0.020973,-0.020973,4.321,7.00,-0.020402,0.021560,-0.001312,0.000724,0.004,0.014,-1.112,13.572,0.348,3.108920,0.004317,0.000084,0.000000,0.000000,0.000000,0.000000,0.000000,0.000000,0,0.00
23.350000,-0.004,-0.020145,-0.020145,4.321,7.00,-0.020459,0.021404,-0.001302,0.000044,0.004,0.013,-1.112,13.592,0.348,3.109219,0.004286,0.000084,0.000000,0.000000,0.000000,0.000000,0.000000,0.000000,0,0.00
23.360000,-0.004,-0.019357,-0.019357,4.321,7.00,-0.020428,0.021166,-0.001292,-0.000517,0.004,0.013,-1.111,13.611,0.348,3.109535,0.004238,0.000084,0.000000,0.000000,0.000000,0.000000,0.000000,0.000000,0,0.00
23.370000,-0.004,-0.018548,-0.018548,4.321,7.00,-0.020321,0.020860,-0.001282,-0.001031,0.004,0.012,-1.111,13.630,0.348,3.109864,0.004177,0.000085,0.000000,0.000000,0.000000,0.000000,0.000000,0.000000,0,0.00
23.380000,-0.004,-0.017690,-0.017690,4.321,7.00,-0.020143,0.020491,-0.001272,-0.001529,0.004,0.012,-1.110,13.650,0.348,3.110203,0.004103,0.000086,0.000000,0.000000,0.000000,0.000000,0.000000,0.000000,0,0.00
23.390000,-0.004,-0.016831,-0.016831,4.321,7.00,-0.019898,0.020064,-0.001262,-0.001972,0.004,0.011,-1.110,13.669,0.348,3.110552,0.004017,0.000086,0.000000,0.000000,0.000000,0.000000,0.000000,0.000000,0,0.00
23.400000,-0.004,-0.015896,-0.015896,4.321,7.00,-0.019591,0.019585,-0.001253,-0.002436,0.004,0.011,-1.110,13.689,0.348,3.110908,0.003922,0.000087,0.000000,0.000000,0.000000,0.000000,0.000000,0.000000,0,0.00
23.410000,-0.004,-0.014899,-0.014899,4.321,7.00,-0.019222,0.019056,-0.001245,-0.002912,0.004,0.010,-1.109,13.708,0.348,3.111271,0.003816,0.000088,0.000000,0.000000,0.000000,0.000000,0.000000,0.000000,0,0.00
23.420000,-0.004,-0.013887,-0.013887,4.321,7.00,-0.018790,0.018479,-0.001237,-0.003356,0.004,0.009,-1.109,13.728,0.348,3.111639,0.003700,0.000089,0.000000,0.000000,0.000000,0.000000,0.000000,0.000000,0,0.00
23.430000,-0.004,-0.012822,-0.012822,4.321,7.00,-0.018299,0.017860,-0.001229,-0.003809,0.004,0.009,-1.108,13.747,0.348,3.112010,0.003576,0.000090,0.000000,0.000000,0.000000,0.000000,0.000000,0.000000,0,0.00
23.440000,-0.003,-0.011665,-0.011665,4.321,7.00,-0.017752,0.017202,-0.001222,-0.004314,0.004,0.008,-1.108,13.766,0.348,3.112385,0.003445,0.000091,0.000000,0.000000,0.000000,0.000000,0.000000,0.000000,0,0.00
23.450000,-0.003,-0.010503,-0.010503,4.321,7.00,-0.017143,0.016504,-0.001216,-0.004785,0.004,0.007,-1.107,13.786,0.348,3.112761,0.003305,0.000092,0.000000,0.000000,0.000000,0.000000,0.000000,0.000000,0,0.00
23.460000,-0.003,-0.009922,-0.009922,4.321,7.00,-0.016479,0.015773,-0.001205,-0.004646,0.004,0.007,-1.107,13.805,0.348,3.113139,0.003158,0.000093,0.000000,0.000000,0.000000,0.000000,0.000000,0.000000,0,0.00
23.470000,-0.003,-0.008365,-0.008365,4.321,7.00,-0.015823,0.015057,-0.001200,-0.005492,0.004,0.006,-1.107,13.825,0.348,3.113504,0.003015,0.000094,0.000000,0.000000,0.000000,0.000000,0.000000,0.000000,0,0.00
23.480000,-0.003,-0.006809,-0.006809,4.321,7.00,-0.015078,0.014285,-0.001196,-0.006279,0.003,0.005,-1.106,13.844,0.348,3.113876,0.002861,0.000095,0.000000,0.000000,0.000000,0.000000,0.000000,0.000000,0,0.00
23.490000,-0.003,-0.005154,-0.005154,4.321,7.00,-0.014251,0.013468,-0.001193,-0.007121,0.003,0.003,-1.106,13.864,0.348,3.114251,0.002697,0.000096,0.000000,0.000000,0.000000,0.000000,0.000000,0.000000,0,0.00
23.500000,-0.003,-0.003315,-0.003315,4.321,7.00,-0.013341,0.012609,-0.001189,-0.008105,0.003,0.002,-1.105,13.883,0.348,3.114628,0.002525,0.000097,0.000000,0.000000,0.000000,0.000000,0.000000,0.000000,0,0.00
23.510000,-0.002,0.000773,0.000773,4.321,7.00,-0.012339,0.011705,-0.001188,-0.011291,0.003,0.001,-1.105,13.903,0.348,3.115008,0.002345,0.000099,0.000000,0.000000,0.000000,0.000000,0.000000,0.000000,0,0.00
23.520000,-0.002,0.007982,0.007982,4.321,7.00,-0.011028,0.010608,-0.001187,-0.017404,0.003,0.005,-1.104,13.922,0.348,3.115429,0.002125,0.000100,0.000000,0.000000,0.000000,0.000000,0.000000,0.000000,0,0.00
23.530000,-0.002,0.011953,0.011953,4.321,7.00,-0.009127,0.009136,-0.001185,-0.019905,0.003,0.008,-1.104,13.941,0.348,3.115938,0.001830,0.000102,0.000000,0.000000,0.000000,0.000000,0.000000,0.000000,0,0.00
23.540000,-0.002,0.015875,0.015875,4.321,7.00,-0.007019,0.007594,-0.001183,-0.022286,0.003,0.011,-1.104,13.961,0.348,3.116455,0.001522,0.000103,0.000000,0.000000,0.000000,0.000000,0.000000,0.000000,0,0.00
23.550000,-0.001,0.019986,0.019986,4.321,7.00,-0.004730,0.006015,-0.001182,-0.024819,0.002,0.013,-1.103,13.980,0.348,3.116971,0.001206,0.000105,0.000000,0.000000,0.000000,0.000000,0.000000,0.000000,0,0.00
23.560000,-0.001,0.025371,0.025371,4.321,7.00,-0.002258,0.004411,-0.001181,-0.028601,0.002,0.017,-1.103,14.000,0.348,3.117485,0.000885,0.000106,0.000000,0.000000,0.000000,0.000000,0.000000,0.000000,0,0.00
23.570000,-0.001,0.030823,0.030823,4.321,7.00,0.000505,0.002719,-0.001181,-0.032361,0.002,0.021,-1.103,14.019,0.348,3.118014,0.000547,0.000106,0.000000,0.000000,0.000000,0.000000,0.000000,0.000000,0,0.00
23.580000,-0.000,0.037308,0.037308,4.321,7.00,0.003536,0.000974,-0.001181,-0.037102,0.002,0.025,-1.102,14.039,0.348,3.118549,0.000197,0.000107,0.000000,0.000000,0.000000,0.000000,0.000000,0.000000,0,0.00
23.590000,0.000,0.041200,0.041200,4.321,7.00,0.006913,-0.000859,-0.001181,-0.039160,0.001,0.027,-1.102,14.058,0.348,3.119100,-0.000169,0.000107,0.000000,0.000000,0.000000,0.000000,0.000000,0.000000,0,0.00
23.600000,0.001,0.042572,0.042572,4.321,7.00,0.010342,-0.002549,-0.001181,-0.038842,0.001,0.028,-1.102,14.077,0.348,3.119608,-0.000508,0.000107,0.000000,0.000000,0.000000,0.000000,0.000000,0.000000,0,0.00
23.610000,0.001,0.042197,0.042197,4.321,7.00,0.013565,-0.003908,-0.001182,-0.037106,0.001,0.028,-1.101,14.097,0.348,3.120025,-0.000780,0.000106,0.000000,0.000000,0.000000,0.000000,0.000000,0.000000,0,0.00
23.620000,0.001,0.033921,0.033921,4.321,7.00,0.016428,-0.004835,-0.001183,-0.027902,0.000,0.023,-1.101,14.116,0.348,3.120327,-0.000965,0.000105,0.000000,0.000000,0.000000,0.000000,0.000000,0.000000,0,0.00
23.630000,0.001,0.024907,0.024907,4.321,7.00,0.018178,-0.004819,-0.001185,-0.018903,-0.000,0.017,-1.101,14.136,0.348,3.120380,-0.000962,0.000104,0.000000,0.000000,0.000000,0.000000,0.000000,0.000000,0,0.00
23.640000,0.001,0.015712,0.015712,4.321,7.00,0.018851,-0.003941,-0.001186,-0.010585,-0.001,0.010,-1.100,14.155,0.348,3.120212,-0.000786,0.000104,0.000000,0.000000,0.000000,0.000000,0.000000,0.000000,0,0.00
23.650000,0.000,0.003579,0.003579,4.321,7.00,0.018537,-0.002320,-0.001186,-0.000072,-0.001,0.002,-1.100,14.175,0.348,3.119854,-0.000462,0.000105,0.000000,0.000000,0.000000,0.000000,0.000000,0.000000,0,0.00
23.660000,-0.000,-0.019910,-0.019910,4.321,7.00,0.017042,0.000124,-0.001186,0.020972,-0.001,0.013,-1.099,14.194,0.348,3.119289,0.000027,0.000108,0.000000,0.000000,0.000000,0.000000,0.000000,0.000000,0,0.00
23.670000,-0.001,-0.033071,-0.033071,4.321,7.00,0.013347,0.004032,-0.001185,0.030224,-0.001,0.022,-1.099,14.214,0.348,3.118348,0.000809,0.000111,0.000000,0.000000,0.000000,0.000000,0.000000,0.000000,0,0.00
23.680000,-0.002,-0.061104,-0.061104,4.321,7.00,0.008706,0.008416,-0.001184,0.053872,-0.001,0.041,-1.098,14.233,0.348,3.117296,0.001686,0.000113,0.000000,0.000000,0.000000,0.000000,0.000000,0.000000,0,0.00
23.690000,-0.003,-0.078328,-0.078328,4.321,7.00,0.001725,0.014183,-0.001180,0.065325,-0.000,0.052,-1.097,14.252,0.348,3.115893,0.002840,0.000114,0.000000,0.000000,0.000000,0.000000,0.000000,0.000000,0,0.00
23.700000,-0.004,-0.099367,-0.099367,4.321,7.00,-0.006280,0.020292,-0.001176,0.080251,0.000,0.066,-1.097,14.272,0.348,3.114416,0.004063,0.000111,0.000000,0.000000,0.000000,0.000000,0.000000,0.000000,0,0.00
23.710000,-0.005,-0.109369,-0.109369,4.321,7.00,-0.015588,0.026872,-0.001170,0.083667,0.001,0.073,-1.096,14.291,0.348,3.112829,0.005380,0.000103,0.000000,0.000000,0.000000,0.000000,0.000000,0.000000,0,0.00
23.720000,-0.007,-0.122462,-0.122462,4.321,7.00,-0.024966,0.032988,-0.001161,0.090635,0.002,0.082,-1.095,14.311,0.348,3.111378,0.006603,0.000090,0.000000,0.000000,0.000000,0.000000,0.000000,0.000000,0,0.00
23.730000,-0.008,-0.122866,-0.122866,4.321,7.00,-0.034715,0.038831,-0.001153,0.085189,0.003,0.082,-1.094,14.330,0.348,3.110007,0.007772,0.000073,0.000000,0.000000,0.000000,0.000000,0.000000,0.000000,0,0.00
23.740000,-0.009,-0.132160,-0.132160,4.321,7.00,-0.043530,0.043457,-0.001146,0.089849,0.004,0.088,-1.094,14.349,0.348,3.108958,0.008698,0.000052,0.000000,0.000000,0.000000,0.000000,0.000000,0.000000,0,0.00
23.750000,-0.010,-0.123341,-0.123341,4.321,7.00,-0.052393,0.047582,-0.001130,0.076889,0.005,0.082,-1.093,14.369,0.348,3.108037,0.009523,0.000030,0.000000,0.000000,0.000000,0.000000,0.000000,0.000000,0,0.00
23.760000,-0.010,-0.111351,-0.111351,4.321,7.00,-0.059488,0.049916,-0.001113,0.062548,0.007,0.074,-1.092,14.388,0.348,3.107575,0.009990,0.000010,0.000000,0.000000,0.000000,0.000000,0.000000,0.000000,0,0.00
23.770000,-0.010,-0.099629,-0.099629,4.321,7.00,-0.064675,0.050431,-0.001102,0.050300,0.008,0.066,-1.091,14.408,0.348,3.107571,0.010092,-0.000005,0.000000,0.000000,0.000000,0.000000,0.000000,0.000000,0,0.00
23.780000,-0.010,-0.078526,-0.078526,4.321,7.00,-0.068171,0.049357,-0.001084,0.030253,0.009,0.052,-1.091,14.427,0.348,3.107952,0.009877,-0.000012,0.000000,0.000000,0.000000,0.000000,0.000000,0.000000,0,0.00
23.790000,-0.009,-0.043362,-0.043362,4.321,7.00,-0.069207,0.046224,-0.001077,-0.001784,0.010,0.029,-1.090,14.447,0.348,3.108834,0.009250,-0.000008,0.000000,0.000000,0.000000,0.000000,0.000000,0.000000,0,0.00
23.800000,-0.008,-0.019548,-0.019548,4.321,7.00,-0.066623,0.040325,-0.001062,-0.019715,0.010,0.013,-1.090,14.466,0.348,3.110390,0.008069,0.000009,0.000000,0.000000,0.000000,0.000000,0.000000,0.000000,0,0.00
23.810000,-0.007,0.011859,0.011859,4.321,7.00,-0.061916,0.032897,-0.001054,-0.043702,0.010,0.008,-1.090,14.485,0.348,3.112285,0.006583,0.000032,0.000000,0.000000,0.000000,0.000000,0.000000,0.000000,0,0.00
23.820000,-0.005,0.048548,0.048548,4.321,7.00,-0.054540,0.023658,-0.001048,-0.071157,0.010,0.032,-1.090,14.505,0.348,3.114586,0.004735,0.000060,0.000000,0.000000,0.000000,0.000000,0.000000,0.000000,0,0.00
23.830000,-0.003,0.109160,0.109160,4.321,7.00,-0.044232,0.012558,-0.001047,-0.120671,0.009,0.073,-1.090,14.524,0.348,3.117299,0.002515,0.000089,0.000000,0.000000,0.000000,0.000000,0.000000,0.000000,0,0.00
23.840000,0.000,0.193695,0.193695,4.321,7.00,-0.028894,-0.001742,-0.001047,-0.190906,0.008,0.129,-1.090,14.544,0.348,3.120763,-0.000346,0.000117,0.000000,0.000000,0.000000,0.000000,0.000000,0.000000,0,0.00
23.850000,0.004,0.248294,0.248294,4.321,7.00,-0.006638,-0.020332,-0.001052,-0.226910,0.007,0.166,-1.090,14.563,0.348,3.125247,-0.004065,0.000133,0.000000,0.000000,0.000000,0.000000,0.000000,0.000000,0,0.00
23.860000,0.008,0.300000,0.300000,4.321,7.00,0.018854,-0.040231,-0.001061,-0.266730,0.005,0.200,-1.090,14.583,0.348,3.129963,-0.008046,0.000118,0.000000,0.000000,0.000000,0.000000,0.000000,0.000000,0,0.00
23.870000,0.012,0.300000,0.300000,4.321,7.00,0.046966,-0.060846,-0.001075,-0.296589,0.003,0.200,-1.091,14.602,0.348,3.134761,-0.012169,0.000063,0.000000,0.000000,0.000000,0.000000,0.000000,0.000000,0,0.00
23.880000,0.016,0.300000,0.300000,4.321,7.00,0.072269,-0.078060,-0.001087,-0.318726,-0.000,0.200,-1.091,14.621,0.348,3.138595,-0.015613,-0.000028,0.000000,0.000000,0.000000,0.000000,0.000000,0.000000,0,0.00
23.890000,0.018,0.300000,0.300000,4.321,7.00,0.095042,-0.092197,-0.001096,-0.323737,-0.004,0.200,-1.092,14.641,0.348,3.141577,-0.018441,-0.000140,0.000000,0.000000,0.000000,0.000000,0.000000,0.000000,0,0.00
23.900000,0.021,0.300000,0.300000,4.321,7.00,0.115538,-0.103517,-0.001122,-0.306431,-0.008,0.200,-1.092,14.660,0.348,-3.139389,-0.020704,-0.000262,0.000000,0.000000,0.000000,0.000000,0.000000,0.000000,0,0.00
23.910000,0.022,0.300000,0.300000,4.321,7.00,0.133984,-0.112244,-0.001161,-0.262964,-0.012,0.200,-1.092,14.680,0.348,-3.137852,-0.022449,-0.000383,0.000000,0.000000,0.000000,0.000000,0.000000,0.000000,0,0.00
23.920000,0.024,0.300000,0.300000,4.321,7.00,0.150586,-0.118576,-0.001190,-0.224307,-0.016,0.200,-1.092,14.699,0.348,-3.136928,-0.023715,-0.000497,0.000000,0.000000,0.000000,0.000000,0.000000,0.000000,0,0.00
23.930000,0.025,0.289546,0.289546,4.321,7.00,0.165527,-0.122687,-0.001211,-0.165648,-0.018,0.193,-1.092,14.718,0.348,-3.136555,-0.024537,-0.000600,0.000000,0.000000,0.000000,0.000000,0.000000,0.000000,0,0.00
23.940000,0.025,0.209418,0.209418,4.321,7.00,0.177930,-0.123956,-0.001224,-0.084237,-0.021,0.140,-1.092,14.738,0.348,-3.136872,-0.024791,-0.000678,0.000000,0.000000,0.000000,0.000000,0.000000,0.000000,0,0.00
23.950000,0.023,0.156727,0.156727,4.321,7.00,0.181081,-0.117449,-0.001252,-0.038026,-0.022,0.104,-1.091,14.757,0.348,-3.139097,-0.023490,-0.000677,0.000000,0.000000,0.000000,0.000000,0.000000,0.000000,0,0.00
23.960000,0.021,0.105138,0.105138,4.321,7.00,0.178647,-0.106307,-0.001283,0.002452,-0.024,0.070,-1.090,14.777,0.348,3.140793,-0.021263,-0.000618,0.000000,0.000000,0.000000,0.000000,0.000000,0.000000,0,0.00
23.970000,0.018,-0.037322,-0.037322,4.321,7.00,0.171297,-0.091308,-0.001291,0.129921,-0.025,0.025,-1.090,14.796,0.348,3.136643,-0.018265,-0.000513,0.000000,0.000000,0.000000,0.000000,0.000000,0.000000,0,0.00
23.980000,0.014,-0.126615,-0.126615,4.321,7.00,0.153685,-0.068711,-0.001310,0.196636,-0.025,0.084,-1.088,14.815,0.348,3.130723,-0.013747,-0.000345,0.000000,0.000000,0.000000,0.000000,0.000000,0.000000,0,0.00
23.990000,0.008,-0.222942,-0.222942,4.321,7.00,0.125755,-0.039072,-0.001323,0.263337,-0.023,0.149,-1.087,14.835,0.348,3.123207,-0.007818,-0.000144,0.000000,0.000000,0.000000,0.000000,0.000000,0.000000,0,0.00
24.000000,0.001,-0.300000,-0.300000,4.321,7.00,0.090889,-0.005542,-0.001324,0.341960,-0.021,0.200,-1.085,14.854,0.348,3.114907,-0.001108,0.000037,0.000000,0.000000,0.000000,0.000000,0.000000,0.000000,0,0.00
24.010000,-0.006,-0.300000,-0.300000,4.321,7.00,0.051805,0.029449,-0.001321,0.537997,-0.018,0.200,-1.083,14.873,0.348,3.106433,0.005899,0.000152,0.000000,0.000000,0.000000,0.000000,0.000000,0.000000,0,0.00
24.020000,-0.012,-0.300000,-0.300000,4.321,7.00,0.016629,0.059675,-0.001306,0.505737,-0.014,0.200,-1.081,14.893,0.348,3.099328,0.011954,0.000181,0.000000,0.000000,0.000000,0.000000,0.000000,0.000000,0,0.00
24.030000,-0.017,-0.300000,-0.300000,4.321,7.00,-0.015042,0.085643,-0.001292,0.557236,-0.008,0.200,-1.080,14.912,0.348,3.093428,0.017156,0.000135,0.000000,0.000000,0.000000,0.000000,0.000000,0.000000,0,0.00
24.040000,-0.022,-0.300000,-0.300000,4.321,7.00,-0.043534,0.107779,-0.001281,0.637318,-0.001,0.200,-1.078,14.932,0.348,3.088595,0.021589,0.000033,0.000000,0.000000,0.000000,0.000000,0.000000,0.000000,0,0.00
24.050000,-0.025,-0.300000,-0.300000,4.321,7.00,-0.069180,0.126446,-0.001239,0.576507,0.006,0.200,-1.077,14.951,0.348,3.084711,0.025327,-0.000106,0.000000,0.000000,0.000000,0.000000,0.000000,0.000000,0,0.00
24.060000,-0.028,-0.300000,-0.300000,4.321,7.00,-0.092261,0.141962,-0.001221,0.435505,0.012,0.200,-1.075,14.970,0.348,3.081674,0.028431,-0.000266,0.000000,0.000000,0.000000,0.000000,0.000000,0.000000,0,0.00
24.070000,-0.031,-0.300000,-0.300000,4.321,7.00,-0.113035,0.154579,-0.001200,0.415385,0.017,0.200,-1.074,14.990,0.348,3.079397,0.030954,-0.000434,0.000000,0.000000,0.000000,0.000000,0.000000,0.000000,0,0.00
24.080000,-0.033,-0.300000,-0.300000,4.321,7.00,-0.131731,0.164529,-0.001154,0.334882,0.022,0.200,-1.073,15.009,0.348,3.077803,0.032941,-0.000599,0.000000,0.000000,0.000000,0.000000,0.000000,0.000000,0,0.00
24.090000,-0.034,-0.300000,-0.300000,4.321,7.00,-0.148558,0.172018,-0.001110,0.214826,0.025,0.200,-1.072,15.028,0.348,3.076823,0.034434,-0.000755,0.000000,0.000000,0.000000,0.000000,0.000000,0.000000,0,0.00
24.100000,-0.035,-0.300000,-0.300000,4.321,7.00,-0.163702,0.177226,-0.001092,0.211871,0.028,0.200,-1.071,15.048,0.348,3.076395,0.035470,-0.000896,0.000000,0.000000,0.000000,0.000000,0.000000,0.000000,0,0.00
24.110000,-0.036,-0.300000,-0.300000,4.321,7.00,-0.177332,0.180315,-0.001038,0.139074,0.031,0.200,-1.070,15.067,0.348,3.076464,0.036081,-0.001018,0.000000,0.000000,0.000000,0.000000,0.000000,0.000000,0,0.00
24.120000,-0.036,-0.264979,-0.264979,4.321,7.00,-0.189599,0.181428,-0.001002,0.084553,0.033,0.177,-1.069,15.086,0.349,3.076982,0.036297,-0.001119,0.000000,0.000000,0.000000,0.000000,0.000000,0.000000,0,0.00
24.130000,-0.036,-0.233120,-0.233120,4.321,7.00,-0.197138,0.178062,-0.000934,0.055993,0.034,0.155,-1.068,15.106,0.349,3.078562,0.035618,-0.001160,0.000000,0.000000,0.000000,0.000000,0.000000,0.000000,0,0.00
24.140000,-0.034,-0.175754,-0.175754,4.321,7.00,-0.200736,0.171003,-0.000909,0.005660,0.035,0.117,-1.068,15.125,0.349,3.080983,0.034200,-0.001149,0.000000,0.000000,0.000000,0.000000,0.000000,0.000000,0,0.00
24.150000,-0.032,-0.109542,-0.109542,4.321,7.00,-0.198239,0.158807,-0.000852,-0.048414,0.036,0.073,-1.067,15.144,0.349,3.084589,0.031758,-0.001067,0.000000,0.000000,0.000000,0.000000,0.000000,0.000000,0,0.00
24.160000,-0.028,-0.039893,-0.039893,4.321,7.00,-0.189371,0.141603,-0.000818,-0.100893,0.036,0.027,-1.067,15.164,0.348,3.089331,0.028315,-0.000917,0.000000,0.000000,0.000000,0.000000,0.000000,0.000000,0,0.00
24.170000,-0.024,0.041219,0.041219,4.321,7.00,-0.174424,0.119991,-0.000788,-0.160422,0.036,0.027,-1.067,15.183,0.348,3.095042,0.023993,-0.000717,0.000000,0.000000,0.000000,0.000000,0.000000,0.000000,0,0.00
24.180000,-0.019,0.140351,0.140351,4.321,7.00,-0.152862,0.093967,-0.000768,-0.233550,0.034,0.094,-1.067,15.203,0.348,3.101715,0.018790,-0.000483,0.000000,0.000000,0.000000,0.000000,0.000000,0.000000,0,0.00
24.190000,-0.013,0.300000,0.300000,4.321,7.00,-0.123543,0.063148,-0.000761,-0.365929,0.032,0.200,-1.068,15.222,0.348,3.109445,0.012629,-0.000237,0.000000,0.000000,0.000000,0.000000,0.000000,0.000000,0,0.00
24.200000,-0.005,0.300000,0.300000,4.321,7.00,-0.082159,0.024928,-0.000755,-0.460553,0.028,0.200,-1.069,15.242,0.348,3.118893,0.004987,-0.000002,0.000000,0.000000,0.000000,0.000000,0.000000,0.000000,0,0.00
24.210000,0.002,0.300000,0.300000,4.321,7.00,-0.043946,-0.008836,-0.000758,-0.493556,0.024,0.200,-1.070,15.261,0.348,3.127040,-0.001765,0.000135,0.000000,0.000000,0.000000,0.000000,0.000000,0.000000,0,0.00
24.220000,0.008,0.300000,0.300000,4.321,7.00,-0.009560,-0.037890,-0.000764,-0.555822,0.019,0.200,-1.071,15.281,0.348,3.133859,-0.007577,0.000178,0.000000,0.000000,0.000000,0.000000,0.000000,0.000000,0,0.00
24.230000,0.013,0.300000,0.300000,4.321,7.00,0.021407,-0.062744,-0.000771,-0.621536,0.013,0.200,-1.071,15.300,0.348,3.139508,-0.012549,0.000145,0.000000,0.000000,0.000000,0.000000,0.000000,0.000000,0,0.00
24.240000,0.017,0.300000,0.300000,4.321,7.00,0.049264,-0.083818,-0.000791,-0.514523,0.005,0.200,-1.072,15.319,0.348,-3.139066,-0.016765,0.000058,0.000000,0.000000,0.000000,0.000000,0.000000,0.000000,0,0.00
24.250000,0.020,0.300000,0.300000,4.321,7.00,0.074336,-0.101458,-0.000814,-0.446402,-0.002,0.200,-1.072,15.339,0.348,-3.135380,-0.020293,-0.000064,0.000000,0.000000,0.000000,0.000000,0.000000,0.000000,0,0.00
24.260000,0.023,0.300000,0.300000,4.321,7.00,0.096902,-0.115970,-0.000824,-0.477530,-0.008,0.200,-1.073,15.358,0.348,-3.132522,-0.023195,-0.000204,0.000000,0.000000,0.000000,0.000000,0.000000,0.000000,0,0.00
24.270000,0.026,0.300000,0.300000,4.321,7.00,0.117211,-0.127618,-0.000855,-0.389775,-0.013,0.200,-1.073,15.377,0.348,-3.130406,-0.025524,-0.000352,0.000000,0.000000,0.000000,0.000000,0.000000,0.000000,0,0.00
24.280000,0.027,0.300000,0.300000,4.321,7.00,0.135490,-0.136633,-0.000876,-0.283453,-0.017,0.200,-1.073,15.397,0.348,-3.128957,-0.027326,-0.000495,0.000000,0.000000,0.000000,0.000000,0.000000,0.000000,0,0.00
24.290000,0.029,0.300000,0.300000,4.321,7.00,0.151941,-0.143216,-0.000892,-0.264075,-0.020,0.200,-1.073,15.416,0.348,-3.128108,-0.028641,-0.000630,0.000000,0.000000,0.000000,0.000000,0.000000,0.000000,0,0.00
24.300000,0.030,0.300000,0.300000,4.321,7.00,0.166747,-0.147545,-0.000920,-0.230629,-0.023,0.200,-1.073,15.436,0.348,-3.127798,-0.029506,-0.000749,0.000000,0.000000,0.000000,0.000000,0.000000,0.000000,0,0.00
24.310000,0.030,0.278210,0.278210,4.321,7.00,0.180072,-0.149780,-0.000952,-0.127479,-0.026,0.185,-1.073,15.455,0.348,-3.127974,-0.029952,-0.000849,0.000000,0.000000,0.000000,0.000000,0.000000,0.000000,0,0.00
24.320000,0.030,0.241570,0.241570,4.321,7.00,0.189886,-0.148494,-0.000977,-0.092099,-0.027,0.161,-1.073,15.474,0.348,-3.128996,-0.029694,-0.000911,0.000000,0.000000,0.000000,0.000000,0.000000,0.000000,0,0.00
24.330000,0.029,0.160323,0.160323,4.321,7.00,0.195055,-0.143011,-0.000990,-0.016322,-0.029,0.107,-1.073,15.494,0.348,-3.131023,-0.028598,-0.000921,0.000000,0.000000,0.000000,0.000000,0.000000,0.000000,0,0.00
24.340000,0.026,0.079639,0.079639,4.321,7.00,0.191584,-0.130667,-0.001023,0.052051,-0.030,0.053,-1.072,15.513,0.348,-3.134734,-0.026131,-0.000849,0.000000,0.000000,0.000000,0.000000,0.000000,0.000000,0,0.00
24.350000,0.023,0.009449,0.009449,4.321,7.00,0.180391,-0.112617,-0.001058,0.104226,-0.030,0.006,-1.071,15.533,0.348,-3.139809,-0.022524,-0.000706,0.000000,0.000000,0.000000,0.000000,0.000000,0.000000,0,0.00
24.360000,0.018,-0.187202,-0.187202,4.321,7.00,0.163299,-0.090631,-0.001065,0.278898,-0.030,0.125,-1.070,15.552,0.348,3.137413,-0.018130,-0.000519,0.000000,0.000000,0.000000,0.000000,0.000000,0.000000,0,0.00
24.370000,0.012,-0.269478,-0.269478,4.321,7.00,0.135888,-0.061966,-0.001085,0.332529,-0.029,0.180,-1.069,15.571,0.348,3.129839,-0.012398,-0.000293,0.000000,0.000000,0.000000,0.000000,0.000000,0.000000,0,0.00
24.380000,0.006,-0.300000,-0.300000,4.321,7.00,0.098645,-0.027660,-0.001089,0.454305,-0.026,0.200,-1.067,15.591,0.348,3.120934,-0.005535,-0.000069,0.000000,0.000000,0.000000,0.000000,0.000000,0.000000,0,0.00
24.390000,-0.001,-0.300000,-0.300000,4.321,7.00,0.058785,0.006594,-0.001087,0.520986,-0.023,0.200,-1.065,15.610,0.348,3.112197,0.001322,0.000091,0.000000,0.000000,0.000000,0.000000,0.000000,0.000000,0,0.00
24.400000,-0.007,-0.300000,-0.300000,4.321,7.00,0.022910,0.036077,-0.001077,0.552834,-0.018,0.200,-1.063,15.630,0.348,3.104861,0.007226,0.000162,0.000000,0.000000,0.000000,0.000000,0.000000,0.000000,0,0.00
24.410000,-0.012,-0.300000,-0.300000,4.321,7.00,-0.009391,0.061324,-0.001072,0.574834,-0.012,0.200,-1.061,15.649,0.348,3.098757,0.012283,0.000153,0.000000,0.000000,0.000000,0.000000,0.000000,0.000000,0,0.00
24.420000,-0.017,-0.300000,-0.300000,4.321,7.00,-0.038445,0.082781,-0.001046,0.559707,-0.006,0.200,-1.060,15.668,0.348,3.093742,0.016580,0.000083,0.000000,0.000000,0.000000,0.000000,0.000000,0.000000,0,0.00
24.430000,-0.020,-0.300000,-0.300000,4.321,7.00,-0.064600,0.100825,-0.001027,0.460853,0.001,0.200,-1.058,15.688,0.348,3.089698,0.020192,-0.000029,0.000000,0.000000,0.000000,0.000000,0.000000,0.000000,0,0.00
24.440000,-0.023,-0.300000,-0.300000,4.321,7.00,-0.088139,0.115783,-0.000987,0.391195,0.007,0.200,-1.057,15.707,0.348,3.086516,0.023185,-0.000166,0.000000,0.000000,0.000000,0.000000,0.000000,0.000000,0,0.00
24.450000,-0.026,-0.300000,-0.300000,4.321,7.00,-0.109325,0.127912,-0.000969,0.375839,0.012,0.200,-1.055,15.726,0.348,3.084110,0.025609,-0.000313,0.000000,0.000000,0.000000,0.000000,0.000000,0.000000,0,0.00
24.460000,-0.027,-0.300000,-0.300000,4.321,7.00,-0.128392,0.137447,-0.000951,0.233791,0.017,0.200,-1.054,15.746,0.348,3.082400,0.027514,-0.000461,0.000000,0.000000,0.000000,0.000000,0.000000,0.000000,0,0.00
24.470000,-0.029,-0.300000,-0.300000,4.321,7.00,-0.145553,0.144596,-0.000907,0.205244,0.020,0.200,-1.053,15.765,0.348,3.081316,0.028940,-0.000601,0.000000,0.000000,0.000000,0.000000,0.000000,0.000000,0,0.00
24.480000,-0.030,-0.300000,-0.300000,4.321,7.00,-0.160997,0.149538,-0.000870,0.157565,0.023,0.200,-1.052,15.784,0.348,3.080795,0.029923,-0.000728,0.000000,0.000000,0.000000,0.000000,0.000000,0.000000,0,0.00
24.490000,-0.030,-0.298464,-0.298464,4.321,7.00,-0.174898,0.152435,-0.000854,0.146882,0.026,0.199,-1.051,15.804,0.348,3.080781,0.030497,-0.000838,0.000000,0.000000,0.000000,0.000000,0.000000,0.000000,0,0.00
24.500000,-0.031,-0.250753,-0.250753,4.321,7.00,-0.187254,0.153320,-0.000838,0.098270,0.027,0.167,-1.050,15.823,0.348,3.081252,0.030669,-0.000927,0.000000,0.000000,0.000000,0.000000,0.000000,0.000000,0,0.00
24.510000,-0.030,-0.190464,-0.190464,4.321,7.00,-0.193606,0.149026,-0.000788,0.042226,0.029,0.127,-1.050,15.842,0.348,3.083025,0.029805,-0.000954,0.000000,0.000000,0.000000,0.000000,0.000000,0.000000,0,0.00
24.520000,-0.028,-0.140113,-0.140113,4.321,7.00,-0.193293,0.139322,-0.000755,0.001546,0.030,0.093,-1.049,15.862,0.348,3.086128,0.027860,-0.000911,0.000000,0.000000,0.000000,0.000000,0.000000,0.000000,0,0.00
24.530000,-0.025,-0.020728,-0.020728,4.321,7.00,-0.187977,0.125712,-0.000743,-0.104240,0.030,0.014,-1.049,15.881,0.348,3.090142,0.025136,-0.000813,0.000000,0.000000,0.000000,0.000000,0.000000,0.000000,0,0.00
24.540000,-0.021,0.063118,0.063118,4.321,7.00,-0.173517,0.105472,-0.000713,-0.167877,0.031,0.042,-1.049,15.901,0.348,3.095758,0.021089,-0.000643,0.000000,0.000000,0.000000,0.000000,0.000000,0.000000,0,0.00
24.550000,-0.016,0.178844,0.178844,4.321,7.00,-0.150105,0.079255,-0.000698,-0.257401,0.030,0.119,-1.050,15.920,0.348,3.102777,0.015847,-0.000422,0.000000,0.000000,0.000000,0.000000,0.000000,0.000000,0,0.00
24.560000,-0.010,0.263651,0.263651,4.321,7.00,-0.117900,0.047714,-0.000682,-0.310683,0.028,0.176,-1.050,15.940,0.348,3.111007,0.009542,-0.000186,0.000000,0.000000,0.000000,0.000000,0.000000,0.000000,0,0.00
24.570000,-0.003,0.300000,0.300000,4.321,7.00,-0.079750,0.013427,-0.000679,-0.391172,0.025,0.200,-1.051,15.959,0.348,3.119766,0.002686,0.000012,0.000000,0.000000,0.000000,0.000000,0.000000,0.000000,0,0.00
24.580000,0.004,0.300000,0.300000,4.321,7.00,-0.041778,-0.018889,-0.000692,-0.328930,0.021,0.200,-1.052,15.978,0.348,3.127837,-0.003776,0.000131,0.000000,0.000000,0.000000,0.000000,0.000000,0.000000,0,0.00
24.590000,0.009,0.300000,0.300000,4.321,7.00,-0.007610,-0.046673,-0.000696,-0.486270,0.016,0.200,-1.053,15.998,0.348,3.134587,-0.009334,0.000162,0.000000,0.000000,0.000000,0.000000,0.000000,0.000000,0,0.00
24.600000,0.014,0.300000,0.300000,4.321,7.00,0.023163,-0.070404,-0.000716,-0.455654,0.010,0.200,-1.054,16.017,0.348,3.140176,-0.014081,0.000123,0.000000,0.000000,0.000000,0.000000,0.000000,0.000000,0,0.00
24.610000,0.018,0.300000,0.300000,4.321,7.00,0.050845,-0.090472,-0.000729,-0.486458,0.003,0.200,-1.055,16.037,0.348,-3.138452,-0.018096,0.000032,0.000000,0.000000,0.000000,0.000000,0.000000,0.000000,0,0.00
24.620000,0.021,0.300000,0.300000,4.321,7.00,0.075760,-0.107203,-0.000754,-0.425913,-0.004,0.200,-1.055,16.056,0.348,-3.134815,-0.021442,-0.000092,0.000000,0.000000,0.000000,0.000000,0.000000,0.000000,0,0.00
24.630000,0.024,0.300000,0.300000,4.321,7.00,0.098183,-0.120884,-0.000787,-0.426596,-0.009,0.200,-1.056,16.075,0.348,-3.132000,-0.024178,-0.000234,0.000000,0.000000,0.000000,0.000000,0.000000,0.000000,0,0.00
24.640000,0.026,0.300000,0.300000,4.321,7.00,0.118365,-0.131763,-0.000801,-0.291537,-0.014,0.200,-1.056,16.095,0.348,-3.129924,-0.026353,-0.000380,0.000000,0.000000,0.000000,0.000000,0.000000,0.000000,0,0.00
24.650000,0.028,0.300000,0.300000,4.321,7.00,0.136528,-0.140058,-0.000846,-0.254562,-0.018,0.200,-1.056,16.114,0.348,-3.128511,-0.028011,-0.000523,0.000000,0.000000,0.000000,0.000000,0.000000,0.000000,0,0.00
24.660000,0.029,0.300000,0.300000,4.321,7.00,0.152875,-0.145958,-0.000868,-0.187276,-0.021,0.200,-1.056,16.134,0.348,-3.127694,-0.029189,-0.000655,0.000000,0.000000,0.000000,0.000000,0.000000,0.000000,0,0.00
24.670000,0.030,0.298694,0.298694,4.321,7.00,0.167588,-0.149633,-0.000921,-0.148140,-0.024,0.199,-1.057,16.153,0.348,-3.127414,-0.029923,-0.000771,0.000000,0.000000,0.000000,0.000000,0.000000,0.000000,0,0.00
24.680000,0.030,0.276352,0.276352,4.321,7.00,0.180699,-0.151137,-0.000940,-0.124275,-0.026,0.184,-1.057,16.172,0.348,-3.127641,-0.030223,-0.000866,0.000000,0.000000,0.000000,0.000000,0.000000,0.000000,0,0.00
24.690000,0.030,0.201281,0.201281,4.321,7.00,0.190265,-0.149043,-0.000985,-0.051253,-0.028,0.134,-1.057,16.192,0.348,-3.128717,-0.029804,-0.000919,0.000000,0.000000,0.000000,0.000000,0.000000,0.000000,0,0.00
24.700000,0.028,0.152625,0.152625,4.321,7.00,0.191368,-0.139776,-0.001021,-0.011828,-0.029,0.102,-1.056,16.211,0.348,-3.131512,-0.027951,-0.000885,0.000000,0.000000,0.000000,0.000000,0.000000,0.000000,0,0.00
24.710000,0.025,0.023063,0.023063,4.321,7.00,0.187495,-0.126332,-0.001033,0.104301,-0.030,0.015,-1.056,16.231,0.348,-3.135234,-0.025265,-0.000794,0.000000,0.000000,0.000000,0.000000,0.000000,0.000000,0,0.00
24.720000,0.021,-0.044753,-0.044753,4.321,7.00,0.173204,-0.104881,-0.001069,0.150703,-0.030,0.030,-1.055,16.250,0.348,-3.140818,-0.020977,-0.000614,0.000000,0.000000,0.000000,0.000000,0.000000,0.000000,0,0.00
24.730000,0.016,-0.186011,-0.186011,4.321,7.00,0.151410,-0.078206,-0.001082,0.265298,-0.030,0.124,-1.053,16.269,0.348,3.135652,-0.015644,-0.000392,0.000000,0.000000,0.000000,0.000000,0.000000,0.000000,0,0.00
24.740000,0.009,-0.273269,-0.273269,4.321,7.00,0.119042,-0.044474,-0.001098,0.318842,-0.028,0.182,-1.052,16.289,0.348,3.127366,-0.008898,-0.000146,0.000000,0.000000,0.000000,0.000000,0.000000,0.000000,0,0.00
24.750000,0.001,-0.300000,-0.300000,4.321,7.00,0.079816,-0.007126,-0.001099,0.486304,-0.025,0.200,-1.050,16.308,0.348,3.118388,-0.001424,0.000056,0.000000,0.000000,0.000000,0.000000,0.000000,0.000000,0,0.00
24.760000,-0.005,-0.300000,-0.300000,4.321,7.00,0.041838,0.027419,-0.001089,0.457256,-0.021,0.200,-1.049,16.328,0.348,3.110316,0.005492,0.000163,0.000000,0.000000,0.000000,0.000000,0.000000,0.000000,0,0.00
24.770000,-0.011,-0.300000,-0.300000,4.321,7.00,0.007664,0.057369,-0.001077,0.502807,-0.016,0.200,-1.047,16.347,0.348,3.103562,0.011489,0.000176,0.000000,0.000000,0.000000,0.000000,0.000000,0.000000,0,0.00
24.780000,-0.017,-0.300000,-0.300000,4.321,7.00,-0.023116,0.083208,-0.001054,0.457750,-0.009,0.200,-1.046,16.366,0.348,3.097972,0.016663,0.000115,0.000000,0.000000,0.000000,0.000000,0.000000,0.000000,0,0.00
24.790000,-0.021,-0.300000,-0.300000,4.321,7.00,-0.050802,0.105343,-0.001029,0.459620,-0.001,0.200,-1.044,16.386,0.348,3.093415,0.021095,0.000002,0.000000,0.000000,0.000000,0.000000,0.000000,0.000000,0,0.00
24.800000,-0.025,-0.300000,-0.300000,4.321,7.00,-0.075721,0.124131,-0.001014,0.363873,0.005,0.200,-1.043,16.405,0.348,3.089776,0.024855,-0.000145,0.000000,0.000000,0.000000,0.000000,0.000000,0.000000,0,0.00
24.810000,-0.028,-0.300000,-0.300000,4.321,7.00,-0.098148,0.139862,-0.000966,0.331150,0.011,0.200,-1.042,16.424,0.348,3.086958,0.028001,-0.000309,0.000000,0.000000,0.000000,0.000000,0.000000,0.000000,0,0.00
24.820000,-0.031,-0.300000,-0.300000,4.321,7.00,-0.118333,0.152788,-0.000948,0.316948,0.017,0.200,-1.041,16.444,0.348,3.084878,0.030584,-0.000479,0.000000,0.000000,0.000000,0.000000,0.000000,0.000000,0,0.00
24.830000,-0.033,-0.300000,-0.300000,4.321,7.00,-0.136500,0.163133,-0.000892,0.274276,0.021,0.200,-1.040,16.463,0.348,3.083461,0.032650,-0.000645,0.000000,0.000000,0.000000,0.000000,0.000000,0.000000,0,0.00
24.840000,-0.034,-0.300000,-0.300000,4.321,7.00,-0.152850,0.171096,-0.000869,0.251514,0.025,0.200,-1.039,16.482,0.348,3.082639,0.034238,-0.000800,0.000000,0.000000,0.000000,0.000000,0.000000,0.000000,0,0.00
24.850000,-0.035,-0.300000,-0.300000,4.321,7.00,-0.167564,0.176852,-0.000831,0.173991,0.028,0.200,-1.038,16.502,0.348,3.082354,0.035384,-0.000941,0.000000,0.000000,0.000000,0.000000,0.000000,0.000000,0,0.00
24.860000,-0.036,-0.300000,-0.300000,4.321,7.00,-0.180808,0.180558,-0.000810,0.165711,0.031,0.200,-1.038,16.521,0.348,3.082552,0.036120,-0.001063,0.000000,0.000000,0.000000,0.000000,0.000000,0.000000,0,0.00
24.870000,-0.036,-0.280124,-0.280124,4.321,7.00,-0.192727,0.182350,-0.000757,0.098532,0.033,0.187,-1.037,16.540,0.349,3.083185,0.036472,-0.001166,0.000000,0.000000,0.000000,0.000000,0.000000,0.000000,0,0.00
24.880000,-0.036,-0.254895,-0.254895,4.321,7.00,-0.201467,0.180854,-0.000718,0.074758,0.034,0.170,-1.036,16.560,0.349,3.084586,0.036167,-0.001229,0.000000,0.000000,0.000000,0.000000,0.000000,0.000000,0,0.00
24.890000,-0.035,-0.198349,-0.198349,4.321,7.00,-0.206811,0.176040,-0.000681,0.022990,0.035,0.132,-1.036,16.579,0.349,3.086744,0.035200,-0.001240,0.000000,0.000000,0.000000,0.000000,0.000000,0.000000,0,0.00
24.900000,-0.033,-0.147083,-0.147083,4.321,7.00,-0.205966,0.165950,-0.000636,-0.018231,0.036,0.098,-1.036,16.599,0.349,3.090135,0.033179,-0.001179,0.000000,0.000000,0.000000,0.000000,0.000000,0.000000,0,0.00
24.910000,-0.030,-0.068699,-0.068699,4.321,7.00,-0.200078,0.151765,-0.000604,-0.082462,0.036,0.046,-1.036,16.618,0.349,3.094441,0.030341,-0.001060,0.000000,0.000000,0.000000,0.000000,0.000000,0.000000,0,0.00
24.920000,-0.026,0.044839,0.044839,4.321,7.00,-0.186942,0.132132,-0.000586,-0.176385,0.036,0.030,-1.036,16.637,0.348,3.099993,0.026416,-0.000873,0.000000,0.000000,0.000000,0.000000,0.000000,0.000000,0,0.00
24.930000,-0.021,0.113196,0.113196,4.321,7.00,-0.163766,0.105449,-0.000547,-0.218099,0.035,0.075,-1.037,16.657,0.348,3.107181,0.021083,-0.000619,0.000000,0.000000,0.000000,0.000000,0.000000,0.000000,0,0.00
24.940000,-0.015,0.277228,0.277228,4.321,7.00,-0.136072,0.076466,-0.000537,-0.353157,0.033,0.185,-1.038,16.676,0.348,3.114790,0.015290,-0.000361,0.000000,0.000000,0.000000,0.000000,0.000000,0.000000,0,0.00
24.950000,-0.008,0.300000,0.300000,4.321,7.00,-0.096300,0.040003,-0.000533,-0.554964,0.030,0.200,-1.039,16.696,0.348,3.124150,0.008000,-0.000102,0.000000,0.000000,0.000000,0.000000,0.000000,0.000000,0,0.00
24.960000,-0.001,0.300000,0.300000,4.321,7.00,-0.056673,0.005722,-0.000532,-0.589287,0.026,0.200,-1.040,16.715,0.348,3.132789,0.001145,0.000076,0.000000,0.000000,0.000000,0.000000,0.000000,0.000000,0,0.00
24.970000,0.005,0.300000,0.300000,4.321,7.00,-0.021010,-0.023666,-0.000537,-0.585004,0.021,0.200,-1.041,16.735,0.348,3.140040,-0.004733,0.000160,0.000000,0.000000,0.000000,0.000000,0.000000,0.000000,0,0.00
24.980000,0.010,0.300000,0.300000,4.321,7.00,0.011101,-0.048695,-0.000541,-0.715202,0.015,0.200,-1.042,16.754,0.348,-3.137116,-0.009740,0.000162,0.000000,0.000000,0.000000,0.000000,0.000000,0.000000,0,0.00
24.990000,0.014,0.300000,0.300000,4.321,7.00,0.039985,-0.069825,-0.000563,-0.608448,0.008,0.200,-1.043,16.773,0.348,-3.132164,-0.013967,0.000103,0.000000,0.000000,0.000000,0.000000,0.000000,0.000000,0,0.00
25.000000,0.017,0.300000,0.300000,4.321,7.00,0.065985,-0.087425,-0.000578,-0.451042,0.001,0.200,-1.044,16.793,0.348,-3.128175,-0.017487,0.000003,0.000000,0.000000,0.000000,0.000000,0.000000,0.000000,0,0.00
25.010000,0.020,0.300000,0.300000,4.321,7.00,0.089386,-0.101810,-0.000607,-0.404856,-0.005,0.200,-1.044,16.812,0.348,-3.125045,-0.020364,-0.000120,0.000000,0.000000,0.000000,0.000000,0.000000,0.000000,0,0.00
25.020000,0.023,0.300000,0.300000,4.321,7.00,0.110447,-0.113261,-0.000635,-0.349357,-0.010,0.200,-1.045,16.832,0.348,-3.122685,-0.022653,-0.000254,0.000000,0.000000,0.000000,0.000000,0.000000,0.000000,0,0.00
25.030000,0.024,0.300000,0.300000,4.321,7.00,0.129402,-0.122018,-0.000656,-0.205827,-0.014,0.200,-1.045,16.851,0.348,-3.121017,-0.024403,-0.000387,0.000000,0.000000,0.000000,0.000000,0.000000,0.000000,0,0.00
25.040000,0.026,0.300000,0.300000,4.321,7.00,0.146461,-0.128294,-0.000675,-0.190306,-0.017,0.200,-1.046,16.870,0.348,-3.119971,-0.025657,-0.000511,0.000000,0.000000,0.000000,0.000000,0.000000,0.000000,0,0.00
25.050000,0.026,0.266729,0.266729,4.321,7.00,0.161815,-0.132276,-0.000703,-0.133750,-0.020,0.178,-1.046,16.890,0.348,-3.119483,-0.026451,-0.000623,0.000000,0.000000,0.000000,0.000000,0.000000,0.000000,0,0.00
25.060000,0.026,0.233667,0.233667,4.321,7.00,0.172307,-0.131752,-0.000739,-0.101176,-0.023,0.156,-1.046,16.909,0.348,-3.120121,-0.026345,-0.000694,0.000000,0.000000,0.000000,0.000000,0.000000,0.000000,0,0.00
25.070000,0.025,0.182887,0.182887,4.321,7.00,0.178444,-0.127295,-0.000761,-0.054831,-0.024,0.122,-1.046,16.929,0.348,-3.121714,-0.025452,-0.000716,0.000000,0.000000,0.000000,0.000000,0.000000,0.000000,0,0.00
25.080000,0.024,0.092416,0.092416,4.321,7.00,0.178889,-0.118149,-0.000776,0.026509,-0.026,0.062,-1.046,16.948,0.348,-3.124445,-0.023624,-0.000683,0.000000,0.000000,0.000000,0.000000,0.000000,0.000000,0,0.00
25.090000,0.020,0.010608,0.010608,4.321,7.00,0.170244,-0.102186,-0.000803,0.092382,-0.026,0.007,-1.045,16.967,0.348,-3.128859,-0.020433,-0.000576,0.000000,0.000000,0.000000,0.000000,0.000000,0.000000,0,0.00
25.100000,0.016,-0.058695,-0.058695,4.321,7.00,0.154282,-0.081204,-0.000833,0.140732,-0.026,0.039,-1.045,16.987,0.348,-3.134466,-0.016239,-0.000417,0.000000,0.000000,0.000000,0.000000,0.000000,0.000000,0,0.00
25.110000,0.011,-0.117239,-0.117239,4.321,7.00,0.132986,-0.057069,-0.000858,0.175166,-0.025,0.078,-1.044,17.006,0.348,-3.140772,-0.011414,-0.000240,0.000000,0.000000,0.000000,0.000000,0.000000,0.000000,0,0.00
25.120000,0.006,-0.187965,-0.187965,4.321,7.00,0.107966,-0.031262,-0.000866,0.220094,-0.024,0.125,-1.042,17.026,0.348,3.135796,-0.006253,-0.000073,0.000000,0.000000,0.000000,0.000000,0.000000,0.000000,0,0.00
25.130000,0.001,-0.260765,-0.260765,4.321,7.00,0.078375,-0.003433,-0.000867,0.265065,-0.020,0.174,-1.041,17.045,0.348,3.128767,-0.000686,0.000064,0.000000,0.000000,0.000000,0.000000,0.000000,0.000000,0,0.00
25.140000,-0.005,-0.300000,-0.300000,4.321,7.00,0.044465,0.025961,-0.000863,0.380698,-0.016,0.200,-1.039,17.064,0.348,3.121443,0.005196,0.000150,0.000000,0.000000,0.000000,0.000000,0.000000,0.000000,0,0.00
25.150000,-0.011,-0.300000,-0.300000,4.321,7.00,0.010025,0.054039,-0.000850,0.417688,-0.011,0.200,-1.038,17.084,0.348,3.114577,0.010817,0.000168,0.000000,0.000000,0.000000,0.000000,0.000000,0.000000,0,0.00
25.160000,-0.016,-0.300000,-0.300000,4.321,7.00,-0.020984,0.078022,-0.000843,0.549518,-0.006,0.200,-1.036,17.103,0.348,3.108892,0.015617,0.000123,0.000000,0.000000,0.000000,0.000000,0.000000,0.000000,0,0.00
25.170000,-0.020,-0.300000,-0.300000,4.321,7.00,-0.048884,0.098318,-0.000833,0.610050,-0.001,0.200,-1.035,17.123,0.348,3.104252,0.019680,0.000028,0.000000,0.000000,0.000000,0.000000,0.000000,0.000000,0,0.00
25.180000,-0.023,-0.300000,-0.300000,4.321,7.00,-0.073995,0.115292,-0.000813,0.581909,0.005,0.200,-1.034,17.142,0.348,3.100538,0.023076,-0.000100,0.000000,0.000000,0.000000,0.000000,0.000000,0.000000,0,0.00
25.190000,-0.026,-0.300000,-0.300000,4.321,7.00,-0.096595,0.129223,-0.000795,0.490546,0.011,0.200,-1.033,17.161,0.348,3.097657,0.025862,-0.000246,0.000000,0.000000,0.000000,0.000000,0.000000,0.000000,0,0.00
25.200000,-0.028,-0.300000,-0.300000,4.321,7.00,-0.116935,0.140368,-0.000777,0.472993,0.016,0.200,-1.032,17.181,0.348,3.095521,0.028089,-0.000398,0.000000,0.000000,0.000000,0.000000,0.000000,0.000000,0,0.00
25.210000,-0.030,-0.300000,-0.300000,4.321,7.00,-0.135241,0.148948,-0.000720,0.319759,0.020,0.200,-1.031,17.200,0.348,3.094054,0.029802,-0.000547,0.000000,0.000000,0.000000,0.000000,0.000000,0.000000,0,0.00
25.220000,-0.031,-0.300000,-0.300000,4.321,7.00,-0.151717,0.155158,-0.000698,0.226204,0.023,0.200,-1.030,17.219,0.348,3.093189,0.031040,-0.000685,0.000000,0.000000,0.000000,0.000000,0.000000,0.000000,0,0.00
25.230000,-0.032,-0.300000,-0.300000,4.321,7.00,-0.166545,0.159170,-0.000647,0.168940,0.026,0.200,-1.029,17.239,0.348,3.092866,0.031838,-0.000809,0.000000,0.000000,0.000000,0.000000,0.000000,0.000000,0,0.00
25.240000,-0.032,-0.272258,-0.272258,4.321,7.00,-0.179891,0.161136,-0.000610,0.111732,0.028,0.182,-1.029,17.258,0.348,3.093031,0.032226,-0.000913,0.000000,0.000000,0.000000,0.000000,0.000000,0.000000,0,0.00
25.250000,-0.032,-0.209987,-0.209987,4.321,7.00,-0.189128,0.159200,-0.000566,0.051354,0.030,0.140,-1.028,17.277,0.348,3.094155,0.031835,-0.000971,0.000000,0.000000,0.000000,0.000000,0.000000,0.000000,0,0.00
25.260000,-0.030,-0.163124,-0.163124,4.321,7.00,-0.191216,0.151316,-0.000536,0.012344,0.031,0.109,-1.028,17.297,0.349,3.096747,0.030255,-0.000953,0.000000,0.000000,0.000000,0.000000,0.000000,0.000000,0,0.00
25.270000,-0.028,-0.091858,-0.091858,4.321,7.00,-0.188408,0.139423,-0.000502,-0.047063,0.032,0.061,-1.028,17.316,0.348,3.100268,0.027876,-0.000878,0.000000,0.000000,0.000000,0.000000,0.000000,0.000000,0,0.00
25.280000,-0.024,-0.026363,-0.026363,4.321,7.00,-0.178755,0.122360,-0.000469,-0.095529,0.032,0.018,-1.028,17.336,0.348,3.105003,0.024464,-0.000738,0.000000,0.000000,0.000000,0.000000,0.000000,0.000000,0,0.00
25.290000,-0.020,0.061244,0.061244,4.321,7.00,-0.163517,0.101401,-0.000446,-0.162199,0.032,0.041,-1.028,17.355,0.348,3.110598,0.020274,-0.000556,0.000000,0.000000,0.000000,0.000000,0.000000,0.000000,0,0.00
25.300000,-0.015,0.157098,0.157098,4.321,7.00,-0.141044,0.075673,-0.000430,-0.232341,0.030,0.105,-1.029,17.375,0.348,3.117263,0.015131,-0.000343,0.000000,0.000000,0.000000,0.000000,0.000000,0.000000,0,0.00
25.310000,-0.009,0.243715,0.243715,4.321,7.00,-0.111233,0.045533,-0.000419,-0.288829,0.028,0.162,-1.030,17.394,0.348,3.124890,0.009106,-0.000127,0.000000,0.000000,0.000000,0.000000,0.000000,0.000000,0,0.00
25.320000,-0.003,0.300000,0.300000,4.321,7.00,-0.075742,0.012611,-0.000416,-0.350460,0.024,0.200,-1.031,17.413,0.348,3.133046,0.002523,0.000052,0.000000,0.000000,0.000000,0.000000,0.000000,0.000000,0,0.00
25.330000,0.004,0.300000,0.300000,4.321,7.00,-0.038172,-0.020183,-0.000421,-0.401759,0.020,0.200,-1.032,17.433,0.348,3.140982,-0.004036,0.000156,0.000000,0.000000,0.000000,0.000000,0.000000,0.000000,0,0.00
25.340000,0.010,0.300000,0.300000,4.321,7.00,-0.004370,-0.048555,-0.000429,-0.446980,0.015,0.200,-1.033,17.452,0.348,-3.135573,-0.009712,0.000175,0.000000,0.000000,0.000000,0.000000,0.000000,0.000000,0,0.00
25.350000,0.015,0.300000,0.300000,4.321,7.00,0.026085,-0.072970,-0.000438,-0.502590,0.009,0.200,-1.034,17.472,0.348,-3.130093,-0.014597,0.000123,0.000000,0.000000,0.000000,0.000000,0.000000,0.000000,0,0.00
25.360000,0.019,0.300000,0.300000,4.321,7.00,0.053474,-0.093827,-0.000460,-0.477769,0.003,0.200,-1.035,17.491,0.348,-3.125630,-0.018769,0.000022,0.000000,0.000000,0.000000,0.000000,0.000000,0.000000,0,0.00
25.370000,0.022,0.300000,0.300000,4.321,7.00,0.078126,-0.111443,-0.000486,-0.433557,-0.004,0.200,-1.035,17.510,0.348,-3.122078,-0.022292,-0.000112,0.000000,0.000000,0.000000,0.000000,0.000000,0.000000,0,0.00
25.380000,0.025,0.300000,0.300000,4.321,7.00,0.100313,-0.126100,-0.000497,-0.450111,-0.010,0.200,-1.036,17.530,0.348,-3.119341,-0.025223,-0.000262,0.000000,0.000000,0.000000,0.000000,0.000000,0.000000,0,0.00
25.390000,0.028,0.300000,0.300000,4.321,7.00,0.120282,-0.138044,-0.000529,-0.376738,-0.015,0.200,-1.036,17.549,0.348,-3.117333,-0.027610,-0.000418,0.000000,0.000000,0.000000,0.000000,0.000000,0.000000,0,0.00
25.400000,0.029,0.300000,0.300000,4.321,7.00,0.138254,-0.147491,-0.000549,-0.290285,-0.019,0.200,-1.037,17.568,0.348,-3.115981,-0.029498,-0.000569,0.000000,0.000000,0.000000,0.000000,0.000000,0.000000,0,0.00
25.410000,0.031,0.300000,0.300000,4.321,7.00,0.154428,-0.154630,-0.000567,-0.272067,-0.022,0.200,-1.037,17.588,0.348,-3.115219,-0.030923,-0.000711,0.000000,0.000000,0.000000,0.000000,0.000000,0.000000,0,0.00
25.420000,0.032,0.300000,0.300000,4.321,7.00,0.168985,-0.159628,-0.000628,-0.231654,-0.025,0.200,-1.037,17.607,0.348,-3.114988,-0.031920,-0.000838,0.000000,0.000000,0.000000,0.000000,0.000000,0.000000,0,0.00
25.430000,0.033,0.300000,0.300000,4.321,7.00,0.182087,-0.162635,-0.000643,-0.144600,-0.028,0.200,-1.037,17.627,0.348,-3.115235,-0.032519,-0.000947,0.000000,0.000000,0.000000,0.000000,0.000000,0.000000,0,0.00
25.440000,0.033,0.282836,0.282836,4.321,7.00,0.193878,-0.163780,-0.000661,-0.118395,-0.029,0.189,-1.037,17.646,0.349,-3.115913,-0.032746,-0.001037,0.000000,0.000000,0.000000,0.000000,0.000000,0.000000,0,0.00
25.450000,0.032,0.232612,0.232612,4.321,7.00,0.202775,-0.161890,-0.000703,-0.070019,-0.031,0.155,-1.037,17.665,0.349,-3.117302,-0.032367,-0.001088,0.000000,0.000000,0.000000,0.000000,0.000000,0.000000,0,0.00
25.460000,0.031,0.166085,0.166085,4.321,7.00,0.205760,-0.154776,-0.000737,-0.010572,-0.032,0.111,-1.037,17.685,0.349,-3.119925,-0.030944,-0.001071,0.000000,0.000000,0.000000,0.000000,0.000000,0.000000,0,0.00
25.470000,0.028,0.050185,0.050185,4.321,7.00,0.201794,-0.141893,-0.000749,0.092457,-0.033,0.033,-1.037,17.704,0.349,-3.123884,-0.028370,-0.000979,0.000000,0.000000,0.000000,0.000000,0.000000,0.000000,0,0.00
25.480000,0.024,-0.042000,-0.042000,4.321,7.00,0.187023,-0.120691,-0.000782,0.163473,-0.033,0.028,-1.036,17.724,0.348,-3.129785,-0.024133,-0.000787,0.000000,0.000000,0.000000,0.000000,0.000000,0.000000,0,0.00
25.490000,0.019,-0.183034,-0.183034,4.321,7.00,0.164123,-0.093822,-0.000797,0.277653,-0.032,0.122,-1.034,17.743,0.348,-3.136928,-0.018763,-0.000540,0.000000,0.000000,0.000000,0.000000,0.000000,0.000000,0,0.00
25.500000,0.012,-0.300000,-0.300000,4.321,7.00,0.130233,-0.059660,-0.000803,0.469335,-0.031,0.200,-1.033,17.763,0.348,3.137484,-0.011934,-0.000260,0.000000,0.000000,0.000000,0.000000,0.000000,0.000000,0,0.00
25.510000,0.004,-0.300000,-0.300000,4.321,7.00,0.087216,-0.020325,-0.000811,0.519795,-0.028,0.200,-1.031,17.782,0.348,3.127628,-0.004066,-0.000010,0.000000,0.000000,0.000000,0.000000,0.000000,0.000000,0,0.00
25.520000,-0.003,-0.300000,-0.300000,4.321,7.00,0.048497,0.013641,-0.000808,0.566063,-0.024,0.200,-1.029,17.801,0.348,3.119314,0.002732,0.000135,0.000000,0.000000,0.000000,0.000000,0.000000,0.000000,0,0.00
25.530000,-0.009,-0.300000,-0.300000,4.321,7.00,0.013654,0.042847,-0.000802,0.639996,-0.019,0.200,-1.028,17.821,0.348,3.112346,0.008578,0.000183,0.000000,0.000000,0.000000,0.000000,0.000000,0.000000,0,0.00
25.540000,-0.014,-0.300000,-0.300000,4.321,7.00,-0.017722,0.067794,-0.000782,0.587937,-0.012,0.200,-1.026,17.840,0.348,3.106566,0.013573,0.000152,0.000000,0.000000,0.000000,0.000000,0.000000,0.000000,0,0.00
25.550000,-0.018,-0.300000,-0.300000,4.321,7.00,-0.045946,0.088902,-0.000760,0.444203,-0.004,0.200,-1.025,17.859,0.348,3.101839,0.017798,0.000064,0.000000,0.000000,0.000000,0.000000,0.000000,0.000000,0,0.00
25.560000,-0.021,-0.300000,-0.300000,4.321,7.00,-0.071351,0.106544,-0.000748,0.472381,0.003,0.200,-1.024,17.879,0.348,3.098047,0.021328,-0.000059,0.000000,0.000000,0.000000,0.000000,0.000000,0.000000,0,0.00
25.570000,-0.024,-0.300000,-0.300000,4.321,7.00,-0.094215,0.121013,-0.000706,0.358581,0.009,0.200,-1.023,17.898,0.348,3.095092,0.024222,-0.000202,0.000000,0.000000,0.000000,0.000000,0.000000,0.000000,0,0.00
25.580000,-0.027,-0.300000,-0.300000,4.321,7.00,-0.114793,0.132571,-0.000706,0.234976,0.014,0.200,-1.022,17.917,0.348,3.092890,0.026532,-0.000352,0.000000,0.000000,0.000000,0.000000,0.000000,0.000000,0,0.00
25.590000,-0.028,-0.300000,-0.300000,4.321,7.00,-0.133314,0.141450,-0.000653,0.194717,0.018,0.200,-1.021,17.937,0.348,3.091362,0.028304,-0.000499,0.000000,0.000000,0.000000,0.000000,0.000000,0.000000,0,0.00
25.600000,-0.030,-0.298942,-0.298942,4.321,7.00,-0.149982,0.147854,-0.000589,0.151676,0.021,0.199,-1.020,17.956,0.348,3.090441,0.029581,-0.000635,0.000000,0.000000,0.000000,0.000000,0.000000,0.000000,0,0.00
25.610000,-0.030,-0.210321,-0.210321,4.321,7.00,-0.164878,0.151885,-0.000534,0.058970,0.024,0.140,-1.019,17.976,0.348,3.090087,0.030383,-0.000755,0.000000,0.000000,0.000000,0.000000,0.000000,0.000000,0,0.00
25.620000,-0.029,-0.170507,-0.170507,4.321,7.00,-0.169424,0.147192,-0.000479,0.023795,0.027,0.114,-1.018,17.995,0.348,3.091877,0.029440,-0.000782,0.000000,0.000000,0.000000,0.000000,0.000000,0.000000,0,0.00
25.630000,-0.028,-0.145645,-0.145645,4.321,7.00,-0.169533,0.138673,-0.000433,0.007405,0.028,0.097,-1.018,18.014,0.348,3.094541,0.027733,-0.000754,0.000000,0.000000,0.000000,0.000000,0.000000,0.000000,0,0.00
25.640000,-0.026,-0.103294,-0.103294,4.321,7.00,-0.167145,0.127995,-0.000380,-0.024320,0.030,0.069,-1.018,18.034,0.348,3.097647,0.025596,-0.000693,0.000000,0.000000,0.000000,0.000000,0.000000,0.000000,0,0.00
25.650000,-0.023,-0.059184,-0.059184,4.321,7.00,-0.160761,0.114199,-0.000332,-0.054682,0.030,0.039,-1.018,18.053,0.348,3.101437,0.022836,-0.000594,0.000000,0.000000,0.000000,0.000000,0.000000,0.000000,0,0.00
25.660000,-0.020,-0.009432,-0.009432,4.321,7.00,-0.150604,0.097666,-0.000292,-0.087941,0.029,0.006,-1.018,18.073,0.348,3.105805,0.019530,-0.000469,0.000000,0.000000,0.000000,0.000000,0.000000,0.000000,0,0.00
25.670000,-0.016,0.029108,0.029108,4.321,7.00,-0.136488,0.078497,-0.000257,-0.107348,0.028,0.019,-1.018,18.092,0.348,3.110723,0.015697,-0.000327,0.000000,0.000000,0.000000,0.000000,0.000000,0.000000,0,0.00
25.680000,-0.012,0.062797,0.062797,4.321,7.00,-0.119929,0.058055,-0.000232,-0.120619,0.026,0.042,-1.018,18.111,0.348,3.115844,0.011610,-0.000187,0.000000,0.000000,0.000000,0.000000,0.000000,0.000000,0,0.00
25.690000,-0.007,0.097419,0.097419,4.321,7.00,-0.101657,0.037033,-0.000215,-0.134237,0.023,0.065,-1.019,18.131,0.348,3.120996,0.007407,-0.000061,0.000000,0.000000,0.000000,0.000000,0.000000,0.000000,0,0.00
25.700000,-0.003,0.128724,0.128724,4.321,7.00,-0.081750,0.015610,-0.000208,-0.144126,0.020,0.086,-1.019,18.150,0.348,3.126142,0.003123,0.000041,0.000000,0.000000,0.000000,0.000000,0.000000,0.000000,0,0.00
25.710000,0.001,0.152619,0.152619,4.321,7.00,-0.060704,-0.005743,-0.000211,-0.146665,0.016,0.102,-1.020,18.170,0.348,3.131169,-0.001147,0.000115,0.000000,0.000000,0.000000,0.000000,0.000000,0.000000,0,0.00
25.720000,0.005,0.173595,0.173595,4.321,7.00,-0.039372,-0.026329,-0.000223,-0.147042,0.012,0.116,-1.020,18.189,0.348,3.135907,-0.005265,0.000155,0.000000,0.000000,0.000000,0.000000,0.000000,0.000000,0,0.00
25.730000,0.009,0.191206,0.191206,4.321,7.00,-0.018077,-0.045885,-0.000244,-0.145076,0.007,0.127,-1.021,18.209,0.348,3.140300,-0.009177,0.000161,0.000000,0.000000,0.000000,0.000000,0.000000,0.000000,0,0.00
25.740000,0.013,0.205230,0.205230,4.321,7.00,0.002858,-0.064156,-0.000273,-0.140802,0.003,0.137,-1.021,18.228,0.348,-3.138893,-0.012832,0.000135,0.000000,0.000000,0.000000,0.000000,0.000000,0.000000,0,0.00
25.750000,0.016,0.211129,0.211129,4.321,7.00,0.023089,-0.080919,-0.000317,-0.129893,-0.001,0.141,-1.022,18.247,0.348,-3.135346,-0.016185,0.000082,0.000000,0.000000,0.000000,0.000000,0.000000,0.000000,0,0.00
25.760000,0.019,0.218608,0.218608,4.321,7.00,0.041893,-0.095662,-0.000359,-0.122587,-0.005,0.146,-1.022,18.267,0.348,-3.132367,-0.019135,0.000008,0.000000,0.000000,0.000000,0.000000,0.000000,0.000000,0,0.00
25.770000,0.022,0.222569,0.222569,4.321,7.00,0.059564,-0.108637,-0.000407,-0.113525,-0.009,0.148,-1.022,18.286,0.348,-3.129876,-0.021730,-0.000080,0.000000,0.000000,0.000000,0.000000,0.000000,0.000000,0,0.00
25.780000,0.024,0.223917,0.223917,4.321,7.00,0.075864,-0.119705,-0.000455,-0.103758,-0.013,0.149,-1.023,18.306,0.348,-3.127900,-0.023943,-0.000178,0.000000,0.000000,0.000000,0.000000,0.000000,0.000000,0,0.00
25.790000,0.026,0.220571,0.220571,4.321,7.00,0.090669,-0.128819,-0.000511,-0.091241,-0.016,0.147,-1.023,18.325,0.348,-3.126437,-0.025765,-0.000278,0.000000,0.000000,0.000000,0.000000,0.000000,0.000000,0,0.00
25.800000,0.027,0.220083,0.220083,4.321,7.00,0.103660,-0.135801,-0.000560,-0.083722,-0.019,0.147,-1.023,18.344,0.348,-3.125525,-0.027161,-0.000373,0.000000,0.000000,0.000000,0.000000,0.000000,0.000000,0,0.00
25.810000,0.028,0.213205,0.213205,4.321,7.00,0.115302,-0.141042,-0.000611,-0.071552,-0.022,0.142,-1.023,18.364,0.348,-3.125048,-0.028208,-0.000461,0.000000,0.000000,0.000000,0.000000,0.000000,0.000000,0,0.00
25.820000,0.029,0.203299,0.203299,4.321,7.00,0.125092,-0.144227,-0.000663,-0.058408,-0.024,0.136,-1.023,18.383,0.348,-3.125082,-0.028844,-0.000535,0.000000,0.000000,0.000000,0.000000,0.000000,0.000000,0,0.00
25.830000,0.029,0.188913,0.188913,4.321,7.00,0.132913,-0.145341,-0.000710,-0.042862,-0.026,0.126,-1.023,18.403,0.348,-3.125619,-0.029066,-0.000592,0.000000,0.000000,0.000000,0.000000,0.000000,0.000000,0,0.00
25.840000,0.029,0.172751,0.172751,4.321,7.00,0.138514,-0.144284,-0.000770,-0.027697,-0.027,0.115,-1.023,18.422,0.348,-3.126676,-0.028855,-0.000625,0.000000,0.000000,0.000000,0.000000,0.000000,0.000000,0,0.00
25.850000,0.028,0.152202,0.152202,4.321,7.00,0.141938,-0.141186,-0.000824,-0.010192,-0.028,0.101,-1.023,18.441,0.348,-3.128211,-0.028235,-0.000633,0.000000,0.000000,0.000000,0.000000,0.000000,0.000000,0,0.00
25.860000,0.027,0.129444,0.129444,4.321,7.00,0.142965,-0.135983,-0.000878,0.007417,-0.029,0.086,-1.022,18.461,0.348,-3.130231,-0.027195,-0.000618,0.000000,0.000000,0.000000,0.000000,0.000000,0.000000,0,0.00
25.870000,0.026,0.103825,0.103825,4.321,7.00,0.141613,-0.128798,-0.000924,0.025897,-0.029,0.069,-1.022,18.480,0.348,-3.132697,-0.025758,-0.000581,0.000000,0.000000,0.000000,0.000000,0.000000,0.000000,0,0.00
25.880000,0.024,0.078549,0.078549,4.321,7.00,0.137835,-0.119720,-0.000973,0.042145,-0.029,0.052,-1.021,18.500,0.348,-3.135579,-0.023944,-0.000524,0.000000,0.000000,0.000000,0.000000,0.000000,0.000000,0,0.00
25.890000,0.022,0.053637,0.053637,4.321,7.00,0.131907,-0.109085,-0.001020,0.056467,-0.028,0.036,-1.021,18.519,0.348,-3.138785,-0.021818,-0.000451,0.000000,0.000000,0.000000,0.000000,0.000000,0.000000,0,0.00
25.900000,0.019,0.028071,0.028071,4.321,7.00,0.124080,-0.097167,-0.001059,0.070155,-0.027,0.019,-1.020,18.539,0.348,3.140949,-0.019435,-0.000368,0.000000,0.000000,0.000000,0.000000,0.000000,0.000000,0,0.00
25.910000,0.017,0.004551,0.004551,4.321,7.00,0.114480,-0.084166,-0.001096,0.080712,-0.026,0.003,-1.019,18.558,0.348,3.137305,-0.016835,-0.000279,0.000000,0.000000,0.000000,0.000000,0.000000,0.000000,0,0.00
25.920000,0.014,-0.016565,-0.016565,4.321,7.00,0.103488,-0.070451,-0.001127,0.088142,-0.024,0.011,-1.018,18.577,0.348,3.133566,-0.014093,-0.000191,0.000000,0.000000,0.000000,0.000000,0.000000,0.000000,0,0.00
25.930000,0.011,-0.037073,-0.037073,4.321,7.00,0.091483,-0.056369,-0.001151,0.094594,-0.022,0.025,-1.017,18.597,0.348,3.129825,-0.011276,-0.000109,0.000000,0.000000,0.000000,0.000000,0.000000,0.000000,0,0.00
25.940000,0.008,-0.056748,-0.056748,4.321,7.00,0.078628,-0.042095,-0.001169,0.100013,-0.019,0.038,-1.017,18.616,0.348,3.126124,-0.008421,-0.000036,0.000000,0.000000,0.000000,0.000000,0.000000,0.000000,0,0.00
25.950000,0.006,-0.070588,-0.070588,4.321,7.00,0.065091,-0.027803,-0.001183,0.099574,-0.017,0.047,-1.016,18.636,0.348,3.122506,-0.005561,0.000025,0.000000,0.000000,0.000000,0.000000,0.000000,0.000000,0,0.00
25.960000,0.003,-0.084122,-0.084122,4.321,7.00,0.051523,-0.013992,-0.001190,0.099304,-0.014,0.056,-1.015,18.655,0.348,3.119099,-0.002798,0.000071,0.000000,0.000000,0.000000,0.000000,0.000000,0.000000,0,0.00
25.970000,0.000,-0.093250,-0.093250,4.321,7.00,0.037959,-0.000701,-0.001190,0.095141,-0.011,0.062,-1.014,18.674,0.348,3.115908,-0.000138,0.000102,0.000000,0.000000,0.000000,0.000000,0.000000,0.000000,0,0.00
25.980000,-0.002,-0.101565,-0.101565,4.321,7.00,0.024838,0.011750,-0.001184,0.091000,-0.008,0.068,-1.013,18.694,0.348,3.113009,0.002354,0.000118,0.000000,0.000000,0.000000,0.000000,0.000000,0.000000,0,0.00
25.990000,-0.005,-0.109061,-0.109061,4.321,7.00,0.012198,0.023343,-0.001174,0.086892,-0.006,0.073,-1.012,18.713,0.348,3.110401,0.004675,0.000121,0.000000,0.000000,0.000000,0.000000,0.000000,0.000000,0,0.00
26.000000,-0.007,-0.116731,-0.116731,4.321,7.00,0.000105,0.034064,-0.001159,0.083826,-0.003,0.078,-1.011,18.733,0.348,3.108080,0.006820,0.000112,0.000000,0.000000,0.000000,0.000000,0.000000,0.000000,0,0.00
26.010000,-0.009,-0.121855,-0.121855,4.321,7.00,-0.011612,0.043972,-0.001139,0.079022,-0.000,0.081,-1.010,18.752,0.348,3.106024,0.008803,0.000095,0.000000,0.000000,0.000000,0.000000,0.000000,0.000000,0,0.00
26.020000,-0.011,-0.127852,-0.127852,4.321,7.00,-0.022636,0.052921,-0.001116,0.076047,0.002,0.085,-1.009,18.771,0.348,3.104263,0.010594,0.000070,0.000000,0.000000,0.000000,0.000000,0.000000,0.000000,0,0.00
26.030000,-0.012,-0.132028,-0.132028,4.321,7.00,-0.033158,0.061037,-0.001090,0.072081,0.005,0.088,-1.008,18.791,0.348,3.102757,0.012218,0.000039,0.000000,0.000000,0.000000,0.000000,0.000000,0.000000,0,0.00
26.040000,-0.014,-0.132181,-0.132181,4.321,7.00,-0.043045,0.068232,-0.001060,0.065008,0.007,0.088,-1.008,18.810,0.348,3.101524,0.013658,0.000005,0.000000,0.000000,0.000000,0.000000,0.000000,0.000000,0,0.00
26.050000,-0.015,-0.133046,-0.133046,4.321,7.00,-0.051958,0.074275,-0.001031,0.059802,0.009,0.089,-1.007,18.830,0.348,3.100614,0.014867,-0.000031,0.000000,0.000000,0.000000,0.000000,0.000000,0.000000,0,0.00
26.060000,-0.016,-0.133842,-0.133842,4.321,7.00,-0.060067,0.079313,-0.001005,0.055534,0.011,0.089,-1.006,18.849,0.348,3.099982,0.015874,-0.000067,0.000000,0.000000,0.000000,0.000000,0.000000,0.000000,0,0.00
26.070000,-0.017,-0.132249,-0.132249,4.321,7.00,-0.067445,0.083418,-0.000975,0.049806,0.012,0.088,-1.006,18.869,0.348,3.099602,0.016695,-0.000101,0.000000,0.000000,0.000000,0.000000,0.000000,0.000000,0,0.00
26.080000,-0.017,-0.128615,-0.128615,4.321,7.00,-0.073925,0.086487,-0.000945,0.043073,0.014,0.086,-1.005,18.888,0.348,3.099493,0.017308,-0.000132,0.000000,0.000000,0.000000,0.000000,0.000000,0.000000,0,0.00
26.090000,-0.018,-0.124426,-0.124426,4.321,7.00,-0.079395,0.088462,-0.000917,0.036880,0.015,0.083,-1.004,18.907,0.348,3.099662,0.017702,-0.000157,0.000000,0.000000,0.000000,0.000000,0.000000,0.000000,0,0.00
26.100000,-0.018,-0.116803,-0.116803,4.321,7.00,-0.083898,0.089408,-0.000882,0.028277,0.016,0.078,-1.004,18.927,0.348,3.100086,0.017891,-0.000176,0.000000,0.000000,0.000000,0.000000,0.000000,0.000000,0,0.00
26.110000,-0.018,-0.106488,-0.106488,4.321,7.00,-0.087189,0.089174,-0.000851,0.018165,0.017,0.071,-1.003,18.946,0.348,3.100796,0.017843,-0.000187,0.000000,0.000000,0.000000,0.000000,0.000000,0.000000,0,0.00
26.120000,-0.018,-0.094936,-0.094936,4.321,7.00,-0.089119,0.087698,-0.000821,0.008059,0.017,0.063,-1.003,18.966,0.348,3.101801,0.017547,-0.000190,0.000000,0.000000,0.000000,0.000000,0.000000,0.000000,0,0.00
26.130000,-0.017,-0.082781,-0.082781,4.321,7.00,-0.089701,0.085039,-0.000783,-0.001475,0.018,0.055,-1.003,18.985,0.348,3.103076,0.017014,-0.000185,0.000000,0.000000,0.000000,0.000000,0.000000,0.000000,0,0.00
26.140000,-0.016,-0.069271,-0.069271,4.321,7.00,-0.089009,0.081311,-0.000750,-0.011290,0.018,0.046,-1.002,19.005,0.348,3.104588,0.016268,-0.000172,0.000000,0.000000,0.000000,0.000000,0.000000,0.000000,0,0.00
26.150000,-0.015,-0.055575,-0.055575,4.321,7.00,-0.087036,0.076561,-0.000719,-0.020268,0.018,0.037,-1.002,19.024,0.348,3.106318,0.015317,-0.000153,0.000000,0.000000,0.000000,0.000000,0.000000,0.000000,0,0.00
26.160000,-0.014,-0.042243,-0.042243,4.321,7.00,-0.083890,0.070934,-0.000687,-0.028004,0.018,0.028,-1.002,19.043,0.348,3.108226,0.014191,-0.000127,0.000000,0.000000,0.000000,0.000000,0.000000,0.000000,0,0.00
26.170000,-0.013,-0.029751,-0.029751,4.321,7.00,-0.079725,0.064599,-0.000658,-0.034189,0.017,0.020,-1.002,19.063,0.348,3.110264,0.012923,-0.000098,0.000000,0.000000,0.000000,0.000000,0.000000,0.000000,0,0.00
26.180000,-0.012,-0.017138,-0.017138,4.321,7.00,-0.074728,0.057743,-0.000632,-0.039974,0.016,0.011,-1.002,19.082,0.348,3.112384,0.011552,-0.000067,0.000000,0.000000,0.000000,0.000000,0.000000,0.000000,0,0.00
26.190000,-0.010,-0.004534,-0.004534,4.321,7.00,-0.068969,0.050465,-0.000611,-0.045320,0.015,0.003,-1.002,19.102,0.348,3.114560,0.010096,-0.000036,0.000000,0.000000,0.000000,0.000000,0.000000,0.000000,0,0.00
26.200000,-0.009,0.005945,0.005945,4.321,7.00,-0.062526,0.042862,-0.000591,-0.048216,0.014,0.004,-1.002,19.121,0.348,3.116767,0.008575,-0.000005,0.000000,0.000000,0.000000,0.000000,0.000000,0.000000,0,0.00
26.210000,-0.007,0.015813,0.015813,4.321,7.00,-0.055679,0.035183,-0.000574,-0.050422,0.013,0.011,-1.002,19.141,0.348,3.118944,0.007039,0.000022,0.000000,0.000000,0.000000,0.000000,0.000000,0.000000,0,0.00
26.220000,-0.006,0.024770,0.024770,4.321,7.00,-0.048530,0.027532,-0.000561,-0.051741,0.012,0.017,-1.002,19.160,0.348,3.121066,0.005508,0.000047,0.000000,0.000000,0.000000,0.000000,0.000000,0.000000,0,0.00
26.230000,-0.004,0.032086,0.032086,4.321,7.00,-0.041200,0.020020,-0.000551,-0.051555,0.010,0.021,-1.002,19.179,0.348,3.123108,0.004006,0.000067,0.000000,0.000000,0.000000,0.000000,0.000000,0.000000,0,0.00
26.240000,-0.003,0.037686,0.037686,4.321,7.00,-0.033872,0.012802,-0.000544,-0.049944,0.009,0.025,-1.002,19.199,0.348,3.125035,0.002562,0.000083,0.000000,0.000000,0.000000,0.000000,0.000000,0.000000,0,0.00
26.250000,-0.001,0.044556,0.044556,4.321,7.00,-0.026716,0.006015,-0.000542,-0.050029,0.007,0.030,-1.002,19.218,0.348,3.126816,0.001204,0.000095,0.000000,0.000000,0.000000,0.000000,0.000000,0.000000,0,0.00
26.260000,0.000,0.049899,0.049899,4.321,7.00,-0.019589,-0.000447,-0.000542,-0.048910,0.006,0.033,-1.002,19.238,0.348,3.128482,-0.000088,0.000102,0.000000,0.000000,0.000000,0.000000,0.000000,0.000000,0,0.00
26.270000,0.001,0.054948,0.054948,4.321,7.00,-0.012640,-0.006464,-0.000545,-0.047939,0.004,0.037,-1.002,19.257,0.348,3.130006,-0.001292,0.000106,0.000000,0.000000,0.000000,0.000000,0.000000,0.000000,0,0.00
26.280000,0.002,0.059267,0.059267,4.321,7.00,-0.005881,-0.012024,-0.000550,-0.046693,0.003,0.040,-1.002,19.277,0.348,3.131389,-0.002404,0.000106,0.000000,0.000000,0.000000,0.000000,0.000000,0.000000,0,0.00
26.290000,0.003,0.062198,0.062198,4.321,7.00,0.000634,-0.017085,-0.000557,-0.044555,0.001,0.041,-1.002,19.296,0.348,3.132626,-0.003416,0.000104,0.000000,0.000000,0.000000,0.000000,0.000000,0.000000,0,0.00
26.300000,0.004,0.063811,0.063811,4.321,7.00,0.006790,-0.021565,-0.000566,-0.041680,-0.000,0.043,-1.002,19.315,0.348,3.133698,-0.004312,0.000099,0.000000,0.000000,0.000000,0.000000,0.000000,0.000000,0,0.00
26.310000,0.005,0.064443,0.064443,4.321,7.00,0.012492,-0.025399,-0.000576,-0.038468,-0.001,0.043,-1.002,19.335,0.348,3.134596,-0.005079,0.000093,0.000000,0.000000,0.000000,0.000000,0.000000,0.000000,0,0.00
26.320000,0.006,0.064165,0.064165,4.321,7.00,0.017687,-0.028561,-0.000586,-0.035018,-0.002,0.043,-1.002,19.354,0.348,3.135316,-0.005712,0.000086,0.000000,0.000000,0.000000,0.000000,0.000000,0.000000,0,0.00
26.330000,0.006,0.062742,0.062742,4.321,7.00,0.022335,-0.031038,-0.000597,-0.031107,-0.003,0.042,-1.002,19.374,0.348,3.135859,-0.006207,0.000079,0.000000,0.000000,0.000000,0.000000,0.000000,0.000000,0,0.00
26.340000,0.007,0.059191,0.059191,4.321,7.00,0.026375,-0.032804,-0.000615,-0.025772,-0.004,0.039,-1.002,19.393,0.348,3.136224,-0.006560,0.000072,0.000000,0.000000,0.000000,0.000000,0.000000,0.000000,0,0.00
26.350000,0.007,0.054817,0.054817,4.321,7.00,0.029657,-0.033771,-0.000625,-0.020422,-0.005,0.037,-1.002,19.413,0.348,3.136390,-0.006754,0.000066,0.000000,0.000000,0.000000,0.000000,0.000000,0.000000,0,0.00
26.360000,0.007,0.049344,0.049344,4.321,7.00,0.032173,-0.033967,-0.000636,-0.014741,-0.006,0.033,-1.002,19.432,0.348,3.136371,-0.006793,0.000062,0.000000,0.000000,0.000000,0.000000,0.000000,0.000000,0,0.00
26.370000,0.007,0.041947,0.041947,4.321,7.00,0.033890,-0.033402,-0.000648,-0.007896,-0.006,0.028,-1.001,19.452,0.348,3.136170,-0.006680,0.000061,0.000000,0.000000,0.000000,0.000000,0.000000,0.000000,0,0.00
26.380000,0.006,0.033789,0.033789,4.321,7.00,0.034696,-0.032033,-0.000659,-0.001097,-0.007,0.023,-1.001,19.471,0.348,3.135780,-0.006406,0.000062,0.000000,0.000000,0.000000,0.000000,0.000000,0.000000,0,0.00
26.390000,0.006,0.026345,0.026345,4.321,7.00,0.034606,-0.029916,-0.000672,0.004243,-0.007,0.018,-1.001,19.490,0.348,3.135218,-0.005983,0.000065,0.000000,0.000000,0.000000,0.000000,0.000000,0.000000,0,0.00
26.400000,0.005,0.016844,0.016844,4.321,7.00,0.033780,-0.027216,-0.000682,0.011054,-0.007,0.011,-1.001,19.510,0.348,3.134527,-0.005443,0.000070,0.000000,0.000000,0.000000,0.000000,0.000000,0.000000,0,0.00
26.410000,0.005,0.007971,0.007971,4.321,7.00,0.032086,-0.023878,-0.000692,0.016600,-0.007,0.005,-1.000,19.529,0.348,3.133695,-0.004775,0.000076,0.000000,0.000000,0.000000,0.000000,0.000000,0.000000,0,0.00
26.420000,0.004,-0.000371,-0.000371,4.321,7.00,0.029675,-0.020060,-0.000700,0.021132,-0.006,0.000,-1.000,19.549,0.348,3.132762,-0.004011,0.000083,0.000000,0.000000,0.000000,0.000000,0.000000,0.000000,0,0.00
26.430000,0.003,-0.008201,-0.008201,4.321,7.00,0.026671,-0.015893,-0.000707,0.024801,-0.006,0.005,-1.000,19.568,0.348,3.131763,-0.003178,0.000089,0.000000,0.000000,0.000000,0.000000,0.000000,0.000000,0,0.00
26.440000,0.002,-0.015420,-0.015420,4.321,7.00,0.023184,-0.011493,-0.000713,0.027626,-0.005,0.010,-0.999,19.588,0.348,3.130725,-0.002298,0.000096,0.000000,0.000000,0.000000,0.000000,0.000000,0.000000,0,0.00
26.450000,0.001,-0.021643,-0.021643,4.321,7.00,0.019323,-0.006970,-0.000716,0.029328,-0.005,0.014,-0.999,19.607,0.348,3.129676,-0.001393,0.000101,0.000000,0.000000,0.000000,0.000000,0.000000,0.000000,0,0.00
26.460000,0.000,-0.026859,-0.026859,4.321,7.00,0.015227,-0.002446,-0.000717,0.030022,-0.004,0.018,-0.999,19.626,0.348,3.128647,-0.000488,0.000105,0.000000,0.000000,0.000000,0.000000,0.000000,0.000000,0,0.00
26.470000,-0.000,-0.031275,-0.031275,4.321,7.00,0.011019,0.001970,-0.000716,0.030021,-0.003,0.021,-0.998,19.646,0.348,3.127662,0.000396,0.000107,0.000000,0.000000,0.000000,0.000000,0.000000,0.000000,0,0.00
26.480000,-0.001,-0.035030,-0.035030,4.321,7.00,0.006789,0.006202,-0.000713,0.029541,-0.002,0.023,-0.998,19.665,0.348,3.126741,0.001242,0.000109,0.000000,0.000000,0.000000,0.000000,0.000000,0.000000,0,0.00
26.490000,-0.002,-0.038006,-0.038006,4.321,7.00,0.002608,0.010193,-0.000708,0.028522,-0.001,0.025,-0.998,19.685,0.348,3.125894,0.002040,0.000108,0.000000,0.000000,0.000000,0.000000,0.000000,0.000000,0,0.00
26.500000,-0.003,-0.041012,-0.041012,4.321,7.00,-0.001454,0.013886,-0.000702,0.027828,-0.000,0.027,-0.997,19.704,0.348,3.125134,0.002779,0.000107,0.000000,0.000000,0.000000,0.000000,0.000000,0.000000,0,0.00
26.510000,-0.003,-0.043270,-0.043270,4.321,7.00,-0.005410,0.017293,-0.000694,0.026671,0.000,0.029,-0.997,19.724,0.348,3.124455,0.003461,0.000104,0.000000,0.000000,0.000000,0.000000,0.000000,0.000000,0,0.00
26.520000,-0.004,-0.044983,-0.044983,4.321,7.00,-0.009196,0.020365,-0.000685,0.025303,0.001,0.030,-0.996,19.743,0.348,3.123869,0.004075,0.000101,0.000000,0.000000,0.000000,0.000000,0.000000,0.000000,0,0.00
26.530000,-0.005,-0.046282,-0.046282,4.321,7.00,-0.012774,0.023078,-0.000675,0.023879,0.002,0.031,-0.996,19.762,0.348,3.123377,0.004618,0.000097,0.000000,0.000000,0.000000,0.000000,0.000000,0.000000,0,0.00
26.540000,-0.005,-0.047051,-0.047051,4.321,7.00,-0.016125,0.025422,-0.000664,0.022293,0.003,0.031,-0.996,19.782,0.348,3.122981,0.005087,0.000093,0.000000,0.000000,0.000000,0.000000,0.000000,0.000000,0,0.00
26.550000,-0.005,-0.046365,-0.046365,4.321,7.00,-0.019217,0.027380,-0.000653,0.019638,0.003,0.031,-0.995,19.801,0.348,3.122682,0.005479,0.000089,0.000000,0.000000,0.000000,0.000000,0.000000,0.000000,0,0.00
26.560000,-0.006,-0.045464,-0.045464,4.321,7.00,-0.021932,0.028876,-0.000641,0.017229,0.004,0.030,-0.995,19.821,0.348,3.122499,0.005778,0.000085,0.000000,0.000000,0.000000,0.000000,0.000000,0.000000,0,0.00
26.570000,-0.006,-0.044260,-0.044260,4.321,7.00,-0.024285,0.029934,-0.000630,0.014956,0.005,0.030,-0.995,19.840,0.348,3.122421,0.005990,0.000081,0.000000,0.000000,0.000000,0.000000,0.000000,0.000000,0,0.00
26.580000,-0.006,-0.041726,-0.041726,4.321,7.00,-0.026283,0.030572,-0.000619,0.011773,0.005,0.028,-0.994,19.860,0.348,3.122442,0.006117,0.000079,0.000000,0.000000,0.000000,0.000000,0.000000,0.000000,0,0.00
26.590000,-0.006,-0.038676,-0.038676,4.321,7.00,-0.027827,0.030734,-0.000607,0.008549,0.005,0.026,-0.994,19.879,0.348,3.122576,0.006149,0.000077,0.000000,0.000000,0.000000,0.000000,0.000000,0.000000,0,0.00
26.600000,-0.006,-0.034832,-0.034832,4.321,7.00,-0.028912,0.030435,-0.000597,0.004993,0.006,0.023,-0.994,19.899,0.348,3.122814,0.006090,0.000076,0.000000,0.000000,0.000000,0.000000,0.000000,0.000000,0,0.00
26.610000,-0.006,-0.030412,-0.030412,4.321,7.00,-0.029504,0.029670,-0.000586,0.001327,0.006,0.020,-0.994,19.918,0.348,3.123157,0.005937,0.000076,0.000000,0.000000,0.000000,0.000000,0.000000,0.000000,0,0.00
26.620000,-0.006,-0.024970,-0.024970,4.321,7.00,-0.029595,0.028456,-0.000576,-0.002910,0.006,0.017,-0.993,19.937,0.348,3.123598,0.005694,0.000078,0.000000,0.000000,0.000000,0.000000,0.000000,0.000000,0,0.00
26.630000,-0.005,-0.020575,-0.020575,4.321,7.00,-0.029133,0.026779,-0.000559,-0.005645,0.006,0.014,-0.993,19.957,0.348,3.124140,0.005358,0.000081,0.000000,0.000000,0.000000,0.000000,0.000000,0.000000,0,0.00
26.640000,-0.005,-0.011086,-0.011086,4.321,7.00,-0.028277,0.024776,-0.000555,-0.013136,0.006,0.007,-0.993,19.976,0.348,3.124744,0.004957,0.000084,0.000000,0.000000,0.000000,0.000000,0.000000,0.000000,0,0.00
26.650000,-0.004,-0.004556,-0.004556,4.321,7.00,-0.026558,0.022140,-0.000546,-0.017038,0.006,0.003,-0.993,19.996,0.348,3.125490,0.004430,0.000089,0.000000,0.000000,0.000000,0.000000,0.000000,0.000000,0,0.00
26.660000,-0.004,0.001503,0.001503,4.321,7.00,-0.024358,0.019179,-0.000538,-0.020144,0.006,0.001,-0.993,20.015,0.348,3.126295,0.003838,0.000093,0.000000,0.000000,0.000000,0.000000,0.000000,0.000000,0,0.00
26.670000,-0.003,0.007019,0.007019,4.321,7.00,-0.021772,0.015985,-0.000531,-0.022473,0.005,0.005,-0.992,20.035,0.348,3.127134,0.003199,0.000098,0.000000,0.000000,0.000000,0.000000,0.000000,0.000000,0,0.00
26.680000,-0.003,0.013522,0.013522,4.321,7.00,-0.018893,0.012643,-0.000526,-0.025639,0.005,0.009,-0.992,20.054,0.348,3.127984,0.002530,0.000102,0.000000,0.000000,0.000000,0.000000,0.000000,0.000000,0,0.00
26.690000,-0.002,0.015197,0.015197,4.321,7.00,-0.015652,0.009120,-0.000522,-0.023795,0.004,0.010,-0.992,20.074,0.348,3.128854,0.001826,0.000106,0.000000,0.000000,0.000000,0.000000,0.000000,0.000000,0,0.00
26.700000,-0.001,0.018637,0.018637,4.321,7.00,-0.012567,0.005801,-0.000519,-0.023918,0.004,0.012,-0.992,20.093,0.348,3.129643,0.001162,0.000109,0.000000,0.000000,0.000000,0.000000,0.000000,0.000000,0,0.00
26.710000,-0.001,0.021807,0.021807,4.321,7.00,-0.009447,0.002546,-0.000518,-0.023835,0.003,0.015,-0.992,20.112,0.348,3.130390,0.000510,0.000111,0.000000,0.000000,0.000000,0.000000,0.000000,0.000000,0,0.00
26.720000,0.000,0.024475,0.024475,4.321,7.00,-0.006321,-0.000619,-0.000518,-0.023337,0.003,0.016,-0.992,20.132,0.348,3.131090,-0.000123,0.000112,0.000000,0.000000,0.000000,0.000000,0.000000,0.000000,0,0.00
26.730000,0.001,0.026688,0.026688,4.321,7.00,-0.003242,-0.003655,-0.000520,-0.022513,0.002,0.018,-0.992,20.151,0.348,3.131732,-0.000730,0.000112,0.000000,0.000000,0.000000,0.000000,0.000000,0.000000,0,0.00
26.740000,0.001,0.028486,0.028486,4.321,7.00,-0.000249,-0.006531,-0.000523,-0.021433,0.001,0.019,-0.992,20.171,0.348,3.132311,-0.001305,0.000111,0.000000,0.000000,0.000000,0.000000,0.000000,0.000000,0,0.00
26.750000,0.002,0.030416,0.030416,4.321,7.00,0.002625,-0.009223,-0.000527,-0.020666,0.001,0.020,-0.991,20.190,0.348,3.132823,-0.001844,0.000110,0.000000,0.000000,0.000000,0.000000,0.000000,0.000000,0,0.00
26.760000,0.002,0.032202,0.032202,4.321,7.00,0.005404,-0.011752,-0.000532,-0.019917,-0.000,0.021,-0.991,20.210,0.348,3.133273,-0.002350,0.000109,0.000000,0.000000,0.000000,0.000000,0.000000,0.000000,0,0.00
26.770000,0.003,0.033838,0.033838,4.321,7.00,0.008084,-0.014115,-0.000538,-0.019185,-0.001,0.023,-0.991,20.229,0.348,3.133664,-0.002822,0.000107,0.000000,0.000000,0.000000,0.000000,0.000000,0.000000,0,0.00
26.780000,0.003,0.035606,0.035606,4.321,7.00,0.010659,-0.016307,-0.000545,-0.018754,-0.001,0.024,-0.991,20.248,0.348,3.133995,-0.003261,0.000105,0.000000,0.000000,0.000000,0.000000,0.000000,0.000000,0,0.00
26.790000,0.004,0.036568,0.036568,4.321,7.00,0.013154,-0.018347,-0.000552,-0.017670,-0.002,0.024,-0.991,20.268,0.348,3.134273,-0.003669,0.000102,0.000000,0.000000,0.000000,0.000000,0.000000,0.000000,0,0.00
26.800000,0.004,0.037418,0.037418,4.321,7.00,0.015495,-0.020180,-0.000561,-0.016678,-0.002,0.025,-0.991,20.287,0.348,3.134485,-0.004035,0.000100,0.000000,0.000000,0.000000,0.000000,0.000000,0.000000,0,0.00
26.810000,0.004,0.038178,0.038178,4.321,7.00,0.017688,-0.021814,-0.000569,-0.015795,-0.003,0.025,-0.990,20.307,0.348,3.134636,-0.004362,0.000097,0.000000,0.000000,0.000000,0.000000,0.000000,0.000000,0,0.00
26.820000,0.005,0.038860,0.038860,4.321,7.00,0.019737,-0.023254,-0.000577,-0.015029,-0.003,0.026,-0.990,20.326,0.348,3.134727,-0.004650,0.000095,0.000000,0.000000,0.000000,0.000000,0.000000,0.000000,0,0.00
26.830000,0.005,0.038872,0.038872,4.321,7.00,0.021649,-0.024507,-0.000585,-0.013779,-0.004,0.026,-0.990,20.346,0.348,3.134764,-0.004901,0.000092,0.000000,0.000000,0.000000,0.000000,0.000000,0.000000,0,0.00
26.840000,0.005,0.038808,0.038808,4.321,7.00,0.023371,-0.025537,-0.000593,-0.012678,-0.004,0.026,-0.990,20.365,0.348,3.134738,-0.005107,0.000090,0.000000,0.000000,0.000000,0.000000,0.000000,0.000000,0,0.00
26.850000,0.005,0.038188,0.038188,4.321,7.00,0.024915,-0.026356,-0.000603,-0.011229,-0.004,0.025,-0.989,20.385,0.348,3.134654,-0.005271,0.000087,0.000000,0.000000,0.000000,0.000000,0.000000,0.000000,0,0.00
26.860000,0.005,0.037058,0.037058,4.321,7.00,0.026242,-0.026940,-0.000613,-0.009504,-0.005,0.025,-0.989,20.404,0.348,3.134508,-0.005388,0.000086,0.000000,0.000000,0.000000,0.000000,0.000000,0.000000,0,0.00
26.870000,0.005,0.035368,0.035368,4.321,7.00,0.027324,-0.027275,-0.000623,-0.007470,-0.005,0.024,-0.989,20.423,0.348,3.134298,-0.005455,0.000084,0.000000,0.000000,0.000000,0.000000,0.000000,0.000000,0,0.00
26.880000,0.005,0.033218,0.033218,4.321,7.00,0.028128,-0.027344,-0.000635,-0.005239,-0.005,0.022,-0.989,20.443,0.348,3.134022,-0.005468,0.000083,0.000000,0.000000,0.000000,0.000000,0.000000,0.000000,0,0.00
26.890000,0.005,0.030604,0.030604,4.321,7.00,0.028637,-0.027145,-0.000646,-0.002813,-0.005,0.020,-0.988,20.462,0.348,3.133681,-0.005429,0.000083,0.000000,0.000000,0.000000,0.000000,0.000000,0.000000,0,0.00
26.900000,0.005,0.027976,0.027976,4.321,7.00,0.028834,-0.026676,-0.000656,-0.000644,-0.005,0.019,-0.988,20.482,0.348,3.133277,-0.005335,0.000083,0.000000,0.000000,0.000000,0.000000,0.000000,0.000000,0,0.00
26.910000,0.005,0.025271,0.025271,4.321,7.00,0.028748,-0.025972,-0.000668,0.001369,-0.005,0.017,-0.988,20.501,0.348,3.132819,-0.005194,0.000084,0.000000,0.000000,0.000000,0.000000,0.000000,0.000000,0,0.00
26.920000,0.005,0.022458,0.022458,4.321,7.00,0.028400,-0.025059,-0.000679,0.003280,-0.005,0.015,-0.987,20.521,0.348,3.132317,-0.005011,0.000085,0.000000,0.000000,0.000000,0.000000,0.000000,0.000000,0,0.00
26.930000,0.005,0.019880,0.019880,4.321,7.00,0.027806,-0.023959,-0.000691,0.004771,-0.005,0.013,-0.987,20.540,0.348,3.131776,-0.004791,0.000087,0.000000,0.000000,0.000000,0.000000,0.000000,0.000000,0,0.00
26.940000,0.005,0.017022,0.017022,4.321,7.00,0.027014,-0.022721,-0.000700,0.006399,-0.005,0.011,-0.987,20.560,0.348,3.131209,-0.004543,0.000088,0.000000,0.000000,0.000000,0.000000,0.000000,0.000000,0,0.00
26.950000,0.004,0.014684,0.014684,4.321,7.00,0.026015,-0.021346,-0.000711,0.007374,-0.005,0.010,-0.986,20.579,0.348,3.130618,-0.004268,0.000090,0.000000,0.000000,0.000000,0.000000,0.000000,0.000000,0,0.00
26.960000,0.004,0.012336,0.012336,4.321,7.00,0.024882,-0.019898,-0.000721,0.008284,-0.005,0.008,-0.986,20.598,0.348,3.130020,-0.003979,0.000093,0.000000,0.000000,0.000000,0.000000,0.000000,0.000000,0,0.00
26.970000,0.004,0.010209,0.010209,4.321,7.00,0.023627,-0.018394,-0.000730,0.008915,-0.005,0.007,-0.985,20.618,0.348,3.129418,-0.003678,0.000095,0.000000,0.000000,0.000000,0.000000,0.000000,0.000000,0,0.00
26.980000,0.003,0.007991,0.007991,4.321,7.00,0.022285,-0.016866,-0.000738,0.009613,-0.005,0.005,-0.985,20.637,0.348,3.128820,-0.003372,0.000097,0.000000,0.000000,0.000000,0.000000,0.000000,0.000000,0,0.00
26.990000,0.003,0.006077,0.006077,4.321,7.00,0.020856,-0.015316,-0.000745,0.009984,-0.004,0.004,-0.984,20.657,0.348,3.128227,-0.003062,0.000099,0.000000,0.000000,0.000000,0.000000,0.000000,0.000000,0,0.00
27.000000,0.003,0.004075,0.004075,4.321,7.00,0.019378,-0.013781,-0.000751,0.010457,-0.004,0.003,-0.984,20.676,0.348,3.127649,-0.002755,0.000100,0.000000,0.000000,0.000000,0.000000,0.000000,0.000000,0,0.00
27.010000,0.002,0.002344,0.002344,4.321,7.00,0.017848,-0.012260,-0.000756,0.010672,-0.004,0.002,-0.984,20.696,0.348,3.127084,-0.002451,0.000102,0.000000,0.000000,0.000000,0.000000,0.000000,0.000000,0,0.00
27.020000,0.002,0.000517,0.000517,4.321,7.00,0.016297,-0.010781,-0.000761,0.011024,-0.003,0.000,-0.983,20.715,0.348,3.126539,-0.002155,0.000103,0.000000,0.000000,0.000000,0.000000,0.000000,0.000000,0,0.00
27.030000,0.002,-0.001293,-0.001293,4.321,7.00,0.014720,-0.009341,-0.000764,0.011398,-0.003,0.001,-0.983,20.734,0.348,3.126013,-0.001867,0.000104,0.000000,0.000000,0.000000,0.000000,0.000000,0.000000,0,0.00
27.040000,0.002,-0.002576,-0.002576,4.321,7.00,0.013118,-0.007945,-0.000767,0.011289,-0.003,0.002,-0.982,20.754,0.348,3.125508,-0.001588,0.000105,0.000000,0.000000,0.000000,0.000000,0.000000,0.000000,0,0.00
27.050000,0.001,-0.003980,-0.003980,4.321,7.00,0.011549,-0.006638,-0.000770,0.011388,-0.002,0.003,-0.982,20.773,0.348,3.125032,-0.001326,0.000106,0.000000,0.000000,0.000000,0.000000,0.000000,0.000000,0,0.00
27.060000,0.001,-0.005182,-0.005182,4.321,7.00,0.009996,-0.005408,-0.000772,0.011362,-0.002,0.003,-0.981,20.793,0.348,3.124584,-0.001080,0.000107,0.000000,0.000000,0.000000,0.000000,0.000000,0.000000,0,0.00
27.070000,0.001,-0.006010,-0.006010,4.321,7.00,0.008478,-0.004269,-0.000773,0.011052,-0.002,0.004,-0.981,20.812,0.348,3.124166,-0.000852,0.000107,0.000000,0.000000,0.000000,0.000000,0.000000,0.000000,0,0.00
27.080000,0.001,-0.006674,-0.006674,4.321,7.00,0.007030,-0.003246,-0.000774,0.010694,-0.002,0.004,-0.980,20.832,0.348,3.123783,-0.000647,0.000107,0.000000,0.000000,0.000000,0.000000,0.000000,0.000000,0,0.00
27.090000,0.000,-0.007089,-0.007089,4.321,7.00,0.005659,-0.002343,-0.000775,0.010207,-0.001,0.005,-0.980,20.851,0.348,3.123436,-0.000467,0.000107,0.000000,0.000000,0.000000,0.000000,0.000000,0.000000,0,0.00
27.100000,0.000,-0.006927,-0.006927,4.321,7.00,0.004384,-0.001570,-0.000776,0.009273,-0.001,0.005,-0.980,20.871,0.348,3.123128,-0.000312,0.000107,0.000000,0.000000,0.000000,0.000000,0.000000,0.000000,0,0.00
27.110000,0.000,-0.006520,-0.006520,4.321,7.00,0.003253,-0.000958,-0.000776,0.008255,-0.001,0.004,-0.979,20.890,0.348,3.122865,-0.000190,0.000107,0.000000,0.000000,0.000000,0.000000,0.000000,0.000000,0,0.00
27.120000,0.000,-0.005677,-0.005677,4.321,7.00,0.002276,-0.000508,-0.000776,0.006962,-0.001,0.004,-0.979,20.909,0.348,3.122646,-0.000100,0.000107,0.000000,0.000000,0.000000,0.000000,0.000000,0.000000,0,0.00
27.130000,0.000,-0.004303,-0.004303,4.321,7.00,0.001481,-0.000233,-0.000776,0.005313,-0.000,0.003,-0.978,20.929,0.348,3.122475,-0.000045,0.000107,0.000000,0.000000,0.000000,0.000000,0.000000,0.000000,0,0.00
27.140000,0.000,-0.002802,-0.002802,4.321,7.00,0.000902,-0.000148,-0.000777,0.003727,-0.000,0.002,-0.978,20.948,0.348,3.122355,-0.000028,0.000107,0.000000,0.000000,0.000000,0.000000,0.000000,0.000000,0,0.00
27.150000,0.000,-0.001208,-0.001208,4.321,7.00,0.000532,-0.000236,-0.000777,0.002220,-0.000,0.001,-0.977,20.968,0.348,3.122281,-0.000045,0.000106,0.000000,0.000000,0.000000,0.000000,0.000000,0.000000,0,0.00
27.160000,0.000,0.000441,0.000441,4.321,7.00,0.000358,-0.000475,-0.000777,0.000811,-0.000,0.000,-0.977,20.987,0.348,3.122248,-0.000093,0.000106,0.000000,0.000000,0.000000,0.000000,0.000000,0.000000,0,0.00
27.170000,0.000,0.002031,0.002031,4.321,7.00,0.000366,-0.000846,-0.000777,-0.000407,-0.000,0.001,-0.977,21.007,0.348,3.122250,-0.000167,0.000106,0.000000,0.000000,0.000000,0.000000,0.000000,0.000000,0,0.00
27.180000,0.000,0.003618,0.003618,4.321,7.00,0.000532,-0.001320,-0.000778,-0.001521,-0.000,0.002,-0.976,21.026,0.348,3.122279,-0.000262,0.000106,0.000000,0.000000,0.000000,0.000000,0.000000,0.000000,0,0.00
27.190000,0.000,0.005021,0.005021,4.321,7.00,0.000841,-0.001875,-0.000779,-0.002367,-0.000,0.003,-0.976,21.045,0.348,3.122331,-0.000373,0.000105,0.000000,0.000000,0.000000,0.000000,0.000000,0.000000,0,0.00
27.200000,0.000,0.006253,0.006253,4.321,7.00,0.001259,-0.002479,-0.000780,-0.002993,-0.000,0.004,-0.975,21.065,0.348,3.122397,-0.000494,0.000105,0.000000,0.000000,0.000000,0.000000,0.000000,0.000000,0,0.00
27.210000,0.001,0.007324,0.007324,4.321,7.00,0.001758,-0.003106,-0.000782,-0.003437,-0.000,0.005,-0.975,21.084,0.348,3.122470,-0.000619,0.000105,0.000000,0.000000,0.000000,0.000000,0.000000,0.000000,0,0.00
27.220000,0.001,0.008375,0.008375,4.321,7.00,0.002315,-0.003730,-0.000783,-0.003861,-0.000,0.006,-0.975,21.104,0.348,3.122546,-0.000744,0.000104,0.000000,0.000000,0.000000,0.000000,0.000000,0.000000,0,0.00
27.230000,0.001,0.009167,0.009167,4.321,7.00,0.002921,-0.004343,-0.000785,-0.004039,-0.000,0.006,-0.974,21.123,0.348,3.122621,-0.000867,0.000104,0.000000,0.000000,0.000000,0.000000,0.000000,0.000000,0,0.00
27.240000,0.001,0.009888,0.009888,4.321,7.00,0.003545,-0.004917,-0.000787,-0.004184,-0.000,0.007,-0.974,21.143,0.348,3.122690,-0.000982,0.000103,0.000000,0.000000,0.000000,0.000000,0.000000,0.000000,0,0.00
27.250000,0.001,0.010434,0.010434,4.321,7.00,0.004179,-0.005443,-0.000790,-0.004202,-0.001,0.007,-0.973,21.162,0.348,3.122751,-0.001087,0.000103,0.000000,0.000000,0.000000,0.000000,0.000000,0.000000,0,0.00
27.260000,0.001,0.010830,0.010830,4.321,7.00,0.004805,-0.005905,-0.000792,-0.004132,-0.001,0.007,-0.973,21.182,0.348,3.122800,-0.001179,0.000102,0.000000,0.000000,0.000000,0.000000,0.000000,0.000000,0,0.00
27.270000,0.001,0.010916,0.010916,4.321,7.00,0.005407,-0.006292,-0.000795,-0.003830,-0.001,0.007,-0.973,21.201,0.348,3.122835,-0.001257,0.000102,0.000000,0.000000,0.000000,0.000000,0.000000,0.000000,0,0.00
27.280000,0.001,0.010808,0.010808,4.321,7.00,0.005958,-0.006583,-0.000797,-0.003428,-0.001,0.007,-0.972,21.220,0.348,3.122851,-0.001315,0.000101,0.000000,0.000000,0.000000,0.000000,0.000000,0.000000,0,0.00
27.290000,0.001,0.010463,0.010463,4.321,7.00,0.006443,-0.006767,-0.000800,-0.002895,-0.001,0.007,-0.972,21.240,0.348,3.122847,-0.001352,0.000101,0.000000,0.000000,0.000000,0.000000,0.000000,0.000000,0,0.00
27.300000,0.001,0.009882,0.009882,4.321,7.00,0.006845,-0.006836,-0.000802,-0.002243,-0.001,0.007,-0.971,21.259,0.348,3.122820,-0.001366,0.000101,0.000000,0.000000,0.000000,0.000000,0.000000,0.000000,0,0.00
27.310000,0.001,0.009013,0.009013,4.321,7.00,0.007149,-0.006780,-0.000805,-0.001428,-0.001,0.006,-0.971,21.279,0.348,3.122769,-0.001354,0.000100,0.000000,0.000000,0.000000,0.000000,0.000000,0.000000,0,0.00
27.320000,0.001,0.007842,0.007842,4.321,7.00,0.007335,-0.006590,-0.000807,-0.000446,-0.001,0.005,-0.971,21.298,0.348,3.122693,-0.001316,0.000100,0.000000,0.000000,0.000000,0.000000,0.000000,0.000000,0,0.00
27.330000,0.001,0.006463,0.006463,4.321,7.00,0.007386,-0.006256,-0.000809,0.000603,-0.001,0.004,-0.970,21.318,0.348,3.122589,-0.001250,0.000100,0.000000,0.000000,0.000000,0.000000,0.000000,0.000000,0,0.00
27.340000,0.001,0.004881,0.004881,4.321,7.00,0.007293,-0.005781,-0.000811,0.001711,-0.001,0.003,-0.970,21.337,0.348,3.122458,-0.001154,0.000100,0.000000,0.000000,0.000000,0.000000,0.000000,0.000000,0,0.00
27.350000,0.001,0.003168,0.003168,4.321,7.00,0.007052,-0.005164,-0.000814,0.002810,-0.001,0.002,-0.970,21.357,0.348,3.122303,-0.001031,0.000100,0.000000,0.000000,0.000000,0.000000,0.000000,0.000000,0,0.00
27.360000,0.001,0.001308,0.001308,4.321,7.00,0.006664,-0.004415,-0.000815,0.003923,-0.001,0.001,-0.969,21.376,0.348,3.122124,-0.000881,0.000100,0.000000,0.000000,0.000000,0.000000,0.000000,0.000000,0,0.00
27.370000,0.001,-0.000504,-0.000504,4.321,7.00,0.006128,-0.003541,-0.000817,0.004861,-0.001,0.000,-0.969,21.395,0.348,3.121925,-0.000706,0.000100,0.000000,0.000000,0.000000,0.000000,0.000000,0.000000,0,0.00
27.380000,0.001,-0.002220,-0.002220,4.321,7.00,0.005465,-0.002560,-0.000818,0.005598,-0.001,0.001,-0.968,21.415,0.348,3.121712,-0.000510,0.000100,0.000000,0.000000,0.000000,0.000000,0.000000,0.000000,0,0.00
27.390000,0.000,-0.003933,-0.003933,4.321,7.00,0.004697,-0.001496,-0.000819,0.006248,-0.001,0.003,-0.968,21.434,0.348,3.121490,-0.000297,0.000100,0.000000,0.000000,0.000000,0.000000,0.000000,0.000000,0,0.00
27.400000,0.000,-0.005800,-0.005800,4.321,7.00,0.003834,-0.000361,-0.000819,0.006980,-0.001,0.004,-0.967,21.454,0.348,3.121264,-0.000070,0.000100,0.000000,0.000000,0.000000,0.000000,0.000000,0.000000,0,0.00
27.410000,-0.000,-0.007389,-0.007389,4.321,7.00,0.002871,0.000845,-0.000818,0.007362,-0.001,0.005,-0.967,21.473,0.348,3.121032,0.000171,0.000100,0.000000,0.000000,0.000000,0.000000,0.000000,0.000000,0,0.00
27.420000,-0.000,-0.009070,-0.009070,4.321,7.00,0.001845,0.002090,-0.000818,0.007798,-0.001,0.006,-0.967,21.493,0.348,3.120805,0.000420,0.000100,0.000000,0.000000,0.000000,0.000000,0.000000,0.000000,0,0.00
27.430000,-0.001,-0.010726,-0.010726,4.321,7.00,0.000753,0.003372,-0.000816,0.008171,-0.000,0.007,-0.966,21.512,0.348,3.120582,0.000677,0.000100,0.000000,0.000000,0.000000,0.000000,0.000000,0.000000,0,0.00
27.440000,-0.001,-0.012350,-0.012350,4.321,7.00,-0.000395,0.004681,-0.000814,0.008483,-0.000,0.008,-0.966,21.531,0.348,3.120366,0.000938,0.000099,0.000000,0.000000,0.000000,0.000000,0.000000,0.000000,0,0.00
27.450000,-0.001,-0.013768,-0.013768,4.321,7.00,-0.001590,0.006007,-0.000811,0.008572,0.000,0.009,-0.965,21.551,0.348,3.120158,0.001204,0.000099,0.000000,0.000000,0.000000,0.000000,0.000000,0.000000,0,0.00
27.460000,-0.001,-0.015423,-0.015423,4.321,7.00,-0.002808,0.007330,-0.000808,0.008901,0.000,0.010,-0.965,21.570,0.348,3.119966,0.001468,0.000099,0.000000,0.000000,0.000000,0.000000,0.000000,0.000000,0,0.00
27.470000,-0.002,-0.016928,-0.016928,4.321,7.00,-0.004069,0.008661,-0.000804,0.009071,0.001,0.011,-0.965,21.590,0.348,3.119784,0.001735,0.000098,0.000000,0.000000,0.000000,0.000000,0.000000,0.000000,0,0.00
27.480000,-0.002,-0.018518,-0.018518,4.321,7.00,-0.005355,0.009984,-0.000799,0.009334,0.001,0.012,-0.964,21.609,0.348,3.119617,0.001999,0.000097,0.000000,0.000000,0.000000,0.000000,0.000000,0.000000,0,0.00
27.490000,-0.002,-0.019964,-0.019964,4.321,7.00,-0.006671,0.011299,-0.000794,0.009459,0.001,0.013,-0.964,21.629,0.348,3.119464,0.002263,0.000096,0.000000,0.000000,0.000000,0.000000,0.000000,0.000000,0,0.00
27.500000,-0.003,-0.021565,-0.021565,4.321,7.00,-0.008001,0.012592,-0.000789,0.009762,0.001,0.014,-0.963,21.648,0.348,3.119329,0.002521,0.000095,0.000000,0.000000,0.000000,0.000000,0.000000,0.000000,0,0.00
27.510000,-0.003,-0.022699,-0.022699,4.321,7.00,-0.009357,0.013870,-0.000783,0.009613,0.002,0.015,-0.963,21.668,0.348,3.119210,0.002777,0.000094,0.000000,0.000000,0.000000,0.000000,0.000000,0.000000,0,0.00
27.520000,-0.003,-0.023892,-0.023892,4.321,7.00,-0.010691,0.015093,-0.000777,0.009576,0.002,0.016,-0.963,21.687,0.348,3.119115,0.003021,0.000093,0.000000,0.000000,0.000000,0.000000,0.000000,0.000000,0,0.00
27.530000,-0.003,-0.025303,-0.025303,4.321,7.00,-0.012011,0.016266,-0.000771,0.009808,0.002,0.017,-0.962,21.706,0.348,3.119042,0.003256,0.000092,0.000000,0.000000,0.000000,0.000000,0.000000,0.000000,0,0.00
27.540000,-0.003,-0.026636,-0.026636,4.321,7.00,-0.013340,0.017405,-0.000765,0.009996,0.003,0.018,-0.962,21.726,0.348,3.118989,0.003484,0.000090,0.000000,0.000000,0.000000,0.000000,0.000000,0.000000,0,0.00
27.550000,-0.004,-0.027666,-0.027666,4.321,7.00,-0.014670,0.018500,-0.000759,0.009925,0.003,0.018,-0.962,21.745,0.348,3.118955,0.003703,0.000089,0.000000,0.000000,0.000000,0.000000,0.000000,0.000000,0,0.00
27.560000,-0.004,-0.028902,-0.028902,4.321,7.00,-0.015969,0.019525,-0.000752,0.010129,0.003,0.019,-0.961,21.765,0.348,3.118947,0.003908,0.000088,0.000000,0.000000,0.000000,0.000000,0.000000,0.000000,0,0.00
27.570000,-0.004,-0.029805,-0.029805,4.321,7.00,-0.017263,0.020497,-0.000745,0.010052,0.003,0.020,-0.961,21.784,0.348,3.118959,0.004102,0.000086,0.000000,0.000000,0.000000,0.000000,0.000000,0.000000,0,0.00
27.580000,-0.004,-0.029801,-0.029801,4.321,7.00,-0.018517,0.021389,-0.000736,0.009147,0.003,0.020,-0.961,21.804,0.348,3.118998,0.004281,0.000084,0.000000,0.000000,0.000000,0.000000,0.000000,0.000000,0,0.00
27.590000,-0.004,-0.029717,-0.029717,4.321,7.00,-0.019645,0.022137,-0.000727,0.008307,0.004,0.020,-0.960,21.823,0.348,3.119079,0.004430,0.000083,0.000000,0.000000,0.000000,0.000000,0.000000,0.000000,0,0.00
27.600000,-0.005,-0.029266,-0.029266,4.321,7.00,-0.020652,0.022746,-0.000718,0.007238,0.004,0.020,-0.960,21.842,0.348,3.119200,0.004552,0.000082,0.000000,0.000000,0.000000,0.000000,0.000000,0.000000,0,0.00
27.610000,-0.005,-0.028398,-0.028398,4.321,7.00,-0.021514,0.023201,-0.000707,0.005904,0.004,0.019,-0.960,21.862,0.348,3.119361,0.004643,0.000081,0.000000,0.000000,0.000000,0.000000,0.000000,0.000000,0,0.00
27.620000,-0.005,-0.027323,-0.027323,4.321,7.00,-0.022202,0.023487,-0.000696,0.004532,0.004,0.018,-0.959,21.881,0.348,3.119567,0.004700,0.000080,0.000000,0.000000,0.000000,0.000000,0.000000,0.000000,0,0.00
27.630000,-0.005,-0.026310,-0.026310,4.321,7.00,-0.022714,0.023606,-0.000686,0.003390,0.004,0.018,-0.959,21.901,0.348,3.119814,0.004724,0.000079,0.000000,0.000000,0.000000,0.000000,0.000000,0.000000,0,0.00
27.640000,-0.005,-0.025052,-0.025052,4.321,7.00,-0.023074,0.023582,-0.000675,0.002144,0.005,0.017,-0.959,21.920,0.348,3.120097,0.004719,0.000079,0.000000,0.000000,0.000000,0.000000,0.000000,0.000000,0,0.00
27.650000,-0.005,-0.023720,-0.023720,4.321,7.00,-0.023272,0.023414,-0.000663,0.000969,0.005,0.016,-0.958,21.940,0.348,3.120414,0.004686,0.000079,0.000000,0.000000,0.000000,0.000000,0.000000,0.000000,0,0.00
27.660000,-0.005,-0.022370,-0.022370,4.321,7.00,-0.023317,0.023113,-0.000652,-0.000091,0.005,0.015,-0.958,21.959,0.348,3.120761,0.004625,0.000079,0.000000,0.000000,0.000000,0.000000,0.000000,0.000000,0,0.00
27.670000,-0.005,-0.021035,-0.021035,4.321,7.00,-0.023222,0.022696,-0.000641,-0.001021,0.005,0.014,-0.958,21.979,0.348,3.121133,0.004542,0.000080,0.000000,0.000000,0.000000,0.000000,0.000000,0.000000,0,0.00
27.680000,-0.004,-0.019657,-0.019657,4.321,7.00,-0.023003,0.022179,-0.000630,-0.001891,0.005,0.013,-0.958,21.998,0.348,3.121526,0.004438,0.000081,0.000000,0.000000,0.000000,0.000000,0.000000,0.000000,0,0.00
27.690000,-0.004,-0.018330,-0.018330,4.321,7.00,-0.022669,0.021572,-0.000619,-0.002623,0.005,0.012,-0.958,22.017,0.348,3.121936,0.004317,0.000082,0.000000,0.000000,0.000000,0.000000,0.000000,0.000000,0,0.00
27.700000,-0.004,-0.016930,-0.016930,4.321,7.00,-0.022235,0.020892,-0.000610,-0.003353,0.005,0.011,-0.957,22.037,0.348,3.122358,0.004181,0.000083,0.000000,0.000000,0.000000,0.000000,0.000000,0.000000,0,0.00
27.710000,-0.004,-0.015545,-0.015545,4.321,7.00,-0.021704,0.020147,-0.000600,-0.004001,0.005,0.010,-0.957,22.056,0.348,3.122790,0.004032,0.000084,0.000000,0.000000,0.000000,0.000000,0.000000,0.000000,0,0.00
27.720000,-0.004,-0.014110,-0.014110,4.321,7.00,-0.021088,0.019347,-0.000592,-0.004644,0.004,0.009,-0.957,22.076,0.348,3.123230,0.003872,0.000085,0.000000,0.000000,0.000000,0.000000,0.000000,0.000000,0,0.00
27.730000,-0.004,-0.012719,-0.012719,4.321,7.00,-0.020391,0.018499,-0.000584,-0.005196,0.004,0.008,-0.957,22.095,0.348,3.123674,0.003702,0.000087,0.000000,0.000000,0.000000,0.000000,0.000000,0.000000,0,0.00
27.740000,-0.004,-0.011212,-0.011212,4.321,7.00,-0.019624,0.017617,-0.000577,-0.005828,0.004,0.007,-0.957,22.115,0.348,3.124119,0.003525,0.000088,0.000000,0.000000,0.000000,0.000000,0.000000,0.000000,0,0.00
27.750000,-0.003,-0.009814,-0.009814,4.321,7.00,-0.018782,0.016699,-0.000570,-0.006316,0.004,0.007,-0.956,22.134,0.348,3.124566,0.003342,0.000089,0.000000,0.000000,0.000000,0.000000,0.000000,0.000000,0,0.00
27.760000,-0.003,-0.008453,-0.008453,4.321,7.00,-0.017886,0.015764,-0.000564,-0.006747,0.004,0.006,-0.956,22.154,0.348,3.125010,0.003155,0.000091,0.000000,0.000000,0.000000,0.000000,0.000000,0.000000,0,0.00
27.770000,-0.003,-0.006895,-0.006895,4.321,7.00,-0.016942,0.014821,-0.000559,-0.007368,0.004,0.005,-0.956,22.173,0.348,3.125448,0.002966,0.000092,0.000000,0.000000,0.000000,0.000000,0.000000,0.000000,0,0.00
27.780000,-0.003,-0.005588,-0.005588,4.321,7.00,-0.015938,0.013862,-0.000553,-0.007720,0.004,0.004,-0.956,22.192,0.348,3.125883,0.002774,0.000093,0.000000,0.000000,0.000000,0.000000,0.000000,0.000000,0,0.00
27.790000,-0.003,-0.004356,-0.004356,4.321,7.00,-0.014903,0.012912,-0.000549,-0.008007,0.003,0.003,-0.956,22.212,0.348,3.126307,0.002584,0.000095,0.000000,0.000000,0.000000,0.000000,0.000000,0.000000,0,0.00
27.800000,-0.002,-0.003587,-0.003587,4.321,7.00,-0.013848,0.011983,-0.000543,-0.007853,0.003,0.002,-0.956,22.231,0.348,3.126719,0.002398,0.000096,0.000000,0.000000,0.000000,0.000000,0.000000,0.000000,0,0.00
27.810000,-0.002,-0.002550,-0.002550,4.321,7.00,-0.012822,0.011109,-0.000539,-0.008020,0.003,0.002,-0.955,22.251,0.348,3.127110,0.002224,0.000097,0.000000,0.000000,0.000000,0.000000,0.000000,0.000000,0,0.00
27.820000,-0.002,-0.001710,-0.001710,4.321,7.00,-0.011795,0.010270,-0.000536,-0.008024,0.003,0.001,-0.955,22.270,0.348,3.127485,0.002056,0.000098,0.000000,0.000000,0.000000,0.000000,0.000000,0.000000,0,0.00
27.830000,-0.002,-0.001087,-0.001087,4.321,7.00,-0.010786,0.009479,-0.000533,-0.007859,0.003,0.001,-0.955,22.290,0.348,3.127841,0.001897,0.000099,0.000000,0.000000,0.000000,0.000000,0.000000,0.000000,0,0.00
27.840000,-0.002,-0.000826,-0.000826,4.321,7.00,-0.009817,0.008751,-0.000530,-0.007395,0.002,0.001,-0.955,22.309,0.348,3.128174,0.001752,0.000100,0.000000,0.000000,0.000000,0.000000,0.000000,0.000000,0,0.00
27.850000,-0.002,-0.000274,-0.000274,4.321,7.00,-0.008918,0.008107,-0.000527,-0.007306,0.002,0.000,-0.955,22.329,0.348,3.128480,0.001623,0.000100,0.000000,0.000000,0.000000,0.000000,0.000000,0.000000,0,0.00
27.860000,-0.002,-0.000447,-0.000447,4.321,7.00,-0.008053,0.007518,-0.000524,-0.006547,0.002,0.000,-0.955,22.348,0.348,3.128766,0.001505,0.000101,0.000000,0.000000,0.000000,0.000000,0.000000,0.000000,0,0.00
27.870000,-0.001,-0.000987,-0.000987,4.321,7.00,-0.007293,0.007031,-0.000521,-0.005523,0.002,0.001,-0.954,22.367,0.348,3.129020,0.001408,0.000102,0.000000,0.000000,0.000000,0.000000,0.000000,0.000000,0,0.00
27.880000,-0.001,-0.001473,-0.001473,4.321,7.00,-0.006662,0.006661,-0.000518,-0.004670,0.002,0.001,-0.954,22.387,0.348,3.129239,0.001334,0.000102,0.000000,0.000000,0.000000,0.000000,0.000000,0.000000,0,0.00
27.890000,-0.001,-0.002025,-0.002025,4.321,7.00,-0.006143,0.006386,-0.000515,-0.003845,0.002,0.001,-0.954,22.406,0.348,3.129429,0.001278,0.000103,0.000000,0.000000,0.000000,0.000000,0.000000,0.000000,0,0.00
27.900000,-0.001,-0.002729,-0.002729,4.321,7.00,-0.005731,0.006197,-0.000513,-0.002955,0.002,0.002,-0.954,22.426,0.348,3.129591,0.001241,0.000103,0.000000,0.000000,0.000000,0.000000,0.000000,0.000000,0,0.00
27.910000,-0.001,-0.003377,-0.003377,4.321,7.00,-0.005431,0.006090,-0.000510,-0.002204,0.001,0.002,-0.954,22.445,0.348,3.129728,0.001219,0.000104,0.000000,0.000000,0.000000,0.000000,0.000000,0.000000,0,0.00
27.920000,-0.001,-0.004052,-0.004052,4.321,7.00,-0.005226,0.006048,-0.000507,-0.001489,0.001,0.003,-0.954,22.465,0.348,3.129843,0.001211,0.000104,0.000000,0.000000,0.000000,0.000000,0.000000,0.000000,0,0.00
27.930000,-0.001,-0.004669,-0.004669,4.321,7.00,-0.005108,0.006059,-0.000504,-0.000886,0.001,0.003,-0.953,22.484,0.348,3.129939,0.001213,0.000104,0.000000,0.000000,0.000000,0.000000,0.000000,0.000000,0,0.00
27.940000,-0.001,-0.005177,-0.005177,4.321,7.00,-0.005064,0.006107,-0.000501,-0.000429,0.001,0.003,-0.953,22.504,0.348,3.130021,0.001223,0.000105,0.000000,0.000000,0.000000,0.000000,0.000000,0.000000,0,0.00
27.950000,-0.001,-0.005633,-0.005633,4.321,7.00,-0.005075,0.006174,-0.000498,-0.000043,0.001,0.004,-0.953,22.523,0.348,3.130092,0.001236,0.000105,0.000000,0.000000,0.000000,0.000000,0.000000,0.000000,0,0.00
27.960000,-0.001,-0.005970,-0.005970,4.321,7.00,-0.005131,0.006248,-0.000496,0.000217,0.001,0.004,-0.953,22.542,0.348,3.130157,0.001251,0.000105,0.000000,0.000000,0.000000,0.000000,0.000000,0.000000,0,0.00
27.970000,-0.001,-0.006191,-0.006191,4.321,7.00,-0.005215,0.006315,-0.000493,0.000369,0.001,0.004,-0.953,22.562,0.348,3.130217,0.001264,0.000106,0.000000,0.000000,0.000000,0.000000,0.000000,0.000000,0,0.00
27.980000,-0.001,-0.006290,-0.006290,4.321,7.00,-0.005313,0.006361,-0.000490,0.000419,0.001,0.004,-0.953,22.581,0.348,3.130276,0.001273,0.000106,0.000000,0.000000,0.000000,0.000000,0.000000,0.000000,0,0.00
27.990000,-0.001,-0.006263,-0.006263,4.321,7.00,-0.005410,0.006374,-0.000487,0.000375,0.001,0.004,-0.952,22.601,0.348,3.130338,0.001276,0.000106,0.000000,0.000000,0.000000,0.000000,0.000000,0.000000,0,0.00
28.000000,-0.001,-0.006103,-0.006103,4.321,7.00,-0.005495,0.006345,-0.000484,0.000243,0.001,0.004,-0.952,22.620,0.348,3.130403,0.001270,0.000106,0.000000,0.000000,0.000000,0.000000,0.000000,0.000000,0,0.00
28.010000,-0.001,-0.005773,-0.005773,4.321,7.00,-0.005556,0.006264,-0.000482,-0.000008,0.001,0.004,-0.952,22.640,0.348,3.130475,0.001254,0.000106,0.000000,0.000000,0.000000,0.000000,0.000000,0.000000,0,0.00
28.020000,-0.001,-0.005320,-0.005320,4.321,7.00,-0.005578,0.006121,-0.000479,-0.000322,0.001,0.004,-0.952,22.659,0.348,3.130554,0.001225,0.000107,0.000000,0.000000,0.000000,0.000000,0.000000,0.000000,0,0.00
28.030000,-0.001,-0.004701,-0.004701,4.321,7.00,-0.005552,0.005910,-0.000477,-0.000732,0.001,0.003,-0.952,22.678,0.348,3.130643,0.001183,0.000107,0.000000,0.000000,0.000000,0.000000,0.000000,0.000000,0,0.00
28.040000,-0.001,-0.003903,-0.003903,4.321,7.00,-0.005467,0.005626,-0.000475,-0.001248,0.001,0.003,-0.951,22.698,0.348,3.130743,0.001127,0.000107,0.000000,0.000000,0.000000,0.000000,0.000000,0.000000,0,0.00
28.050000,-0.001,-0.002958,-0.002958,4.321,7.00,-0.005311,0.005262,-0.000473,-0.001832,0.001,0.002,-0.951,22.717,0.348,3.130853,0.001054,0.000108,0.000000,0.000000,0.000000,0.000000,0.000000,0.000000,0,0.00
28.060000,-0.001,-0.001774,-0.001774,4.321,7.00,-0.005075,0.004815,-0.000471,-0.002569,0.001,0.001,-0.951,22.737,0.348,3.130976,0.000964,0.000108,0.000000,0.000000,0.000000,0.000000,0.000000,0.000000,0,0.00
28.070000,-0.001,-0.000531,-0.000531,4.321,7.00,-0.004745,0.004277,-0.000470,-0.003276,0.001,0.000,-0.951,22.756,0.348,3.131113,0.000857,0.000108,0.000000,0.000000,0.000000,0.000000,0.000000,0.000000,0,0.00
28.080000,-0.001,0.000847,0.000847,4.321,7.00,-0.004324,0.003655,-0.000468,-0.004033,0.001,0.001,-0.951,22.776,0.348,3.131261,0.000732,0.000109,0.000000,0.000000,0.000000,0.000000,0.000000,0.000000,0,0.00
28.090000,-0.001,0.002316,0.002316,4.321,7.00,-0.003807,0.002949,-0.000467,-0.004798,0.001,0.002,-0.951,22.795,0.348,3.131419,0.000591,0.000109,0.000000,0.000000,0.000000,0.000000,0.000000,0.000000,0,0.00
28.100000,-0.000,0.003590,0.003590,4.321,7.00,-0.003195,0.002166,-0.000466,-0.005289,0.001,0.002,-0.950,22.815,0.348,3.131587,0.000434,0.000110,0.000000,0.000000,0.000000,0.000000,0.000000,0.000000,0,0.00
28.110000,-0.000,0.004913,0.004913,4.321,7.00,-0.002516,0.001329,-0.000466,-0.005777,0.001,0.003,-0.950,22.834,0.348,3.131757,0.000267,0.000110,0.000000,0.000000,0.000000,0.000000,0.000000,0.000000,0,0.00
28.120000,-0.000,0.006263,0.006263,4.321,7.00,-0.001773,0.000444,-0.000466,-0.006241,0.001,0.004,-0.950,22.853,0.348,3.131929,0.000090,0.000110,0.000000,0.000000,0.000000,0.000000,0.000000,0.000000,0,0.00
28.130000,0.000,0.007421,0.007421,4.321,7.00,-0.000970,-0.000485,-0.000466,-0.006469,0.001,0.005,-0.950,22.873,0.348,3.132099,-0.000096,0.000111,0.000000,0.000000,0.000000,0.000000,0.000000,0.000000,0,0.00
28.140000,0.000,0.008540,0.008540,4.321,7.00,-0.000131,-0.001436,-0.000467,-0.006638,0.000,0.006,-0.950,22.892,0.348,3.132264,-0.000286,0.000111,0.000000,0.000000,0.000000,0.000000,0.000000,0.000000,0,0.00
28.150000,0.000,0.009727,0.009727,4.321,7.00,0.000736,-0.002402,-0.000468,-0.006857,0.000,0.006,-0.949,22.912,0.348,3.132421,-0.000479,0.000111,0.000000,0.000000,0.000000,0.000000,0.000000,0.000000,0,0.00
28.160000,0.001,0.010846,0.010846,4.321,7.00,0.001635,-0.003383,-0.000469,-0.006994,0.000,0.007,-0.949,22.931,0.348,3.132570,-0.000676,0.000111,0.000000,0.000000,0.000000,0.000000,0.000000,0.000000,0,0.00
28.170000,0.001,0.011838,0.011838,4.321,7.00,0.002556,-0.004371,-0.000471,-0.006996,-0.000,0.008,-0.949,22.951,0.348,3.132709,-0.000873,0.000111,0.000000,0.000000,0.000000,0.000000,0.000000,0.000000,0,0.00
28.180000,0.001,0.012720,0.012720,4.321,7.00,0.003484,-0.005353,-0.000474,-0.006893,-0.000,0.008,-0.949,22.970,0.348,3.132835,-0.001070,0.000111,0.000000,0.000000,0.000000,0.000000,0.000000,0.000000,0,0.00
28.190000,0.001,0.013576,0.013576,4.321,7.00,0.004408,-0.006319,-0.000477,-0.006781,-0.000,0.009,-0.949,22.990,0.348,3.132946,-0.001263,0.000110,0.000000,0.000000,0.000000,0.000000,0.000000,0.000000,0,0.00
28.200000,0.001,0.014351,0.014351,4.321,7.00,0.005325,-0.007267,-0.000481,-0.006603,-0.001,0.010,-0.948,23.009,0.348,3.133042,-0.001453,0.000110,0.000000,0.000000,0.000000,0.000000,0.000000,0.000000,0,0.00
28.210000,0.002,0.015197,0.015197,4.321,7.00,0.006227,-0.008191,-0.000484,-0.006521,-0.001,0.010,-0.948,23.028,0.348,3.133121,-0.001637,0.000110,0.000000,0.000000,0.000000,0.000000,0.000000,0.000000,0,0.00
28.220000,0.002,0.016054,0.016054,4.321,7.00,0.007124,-0.009097,-0.000488,-0.006469,-0.001,0.011,-0.948,23.048,0.348,3.133186,-0.001819,0.000109,0.000000,0.000000,0.000000,0.000000,0.000000,0.000000,0,0.00
28.230000,0.002,0.017036,0.017036,4.321,7.00,0.008017,-0.009984,-0.000492,-0.006559,-0.001,0.011,-0.948,23.067,0.348,3.133237,-0.001996,0.000109,0.000000,0.000000,0.000000,0.000000,0.000000,0.000000,0,0.00
28.240000,0.002,0.017800,0.017800,4.321,7.00,0.008919,-0.010861,-0.000497,-0.006442,-0.001,0.012,-0.948,23.087,0.348,3.133275,-0.002171,0.000108,0.000000,0.000000,0.000000,0.000000,0.000000,0.000000,0,0.00
28.250000,0.002,0.018851,0.018851,4.321,7.00,0.009807,-0.011710,-0.000502,-0.006639,-0.002,0.013,-0.947,23.106,0.348,3.133297,-0.002341,0.000108,0.000000,0.000000,0.000000,0.000000,0.000000,0.000000,0,0.00
28.260000,0.003,0.019612,0.019612,4.321,7.00,0.010711,-0.012549,-0.000507,-0.006556,-0.002,0.013,-0.947,23.126,0.348,3.133309,-0.002509,0.000107,0.000000,0.000000,0.000000,0.000000,0.000000,0.000000,0,0.00
28.270000,0.003,0.020396,0.020396,4.321,7.00,0.011601,-0.013357,-0.000512,-0.006527,-0.002,0.014,-0.947,23.145,0.348,3.133305,-0.002671,0.000106,0.000000,0.000000,0.000000,0.000000,0.000000,0.000000,0,0.00
28.280000,0.003,0.021360,0.021360,4.321,7.00,0.012481,-0.014132,-0.000517,-0.006711,-0.002,0.014,-0.947,23.165,0.348,3.133286,-0.002826,0.000106,0.000000,0.000000,0.000000,0.000000,0.000000,0.000000,0,0.00
28.290000,0.003,0.022290,0.022290,4.321,7.00,0.013369,-0.014889,-0.000522,-0.006879,-0.002,0.015,-0.946,23.184,0.348,3.133254,-0.002977,0.000105,0.000000,0.000000,0.000000,0.000000,0.000000,0.000000,0,0.00
28.300000,0.003,0.022997,0.022997,4.321,7.00,0.014261,-0.015621,-0.000528,-0.006849,-0.003,0.015,-0.946,23.203,0.348,3.133210,-0.003123,0.000104,0.000000,0.000000,0.000000,0.000000,0.000000,0.000000,0,0.00
28.310000,0.003,0.023532,0.023532,4.321,7.00,0.015134,-0.016309,-0.000534,-0.006689,-0.003,0.016,-0.946,23.223,0.348,3.133150,-0.003261,0.000103,0.000000,0.000000,0.000000,0.000000,0.000000,0.000000,0,0.00
28.320000,0.003,0.023965,0.023965,4.321,7.00,0.015974,-0.016940,-0.000540,-0.006485,-0.003,0.016,-0.946,23.242,0.348,3.133070,-0.003387,0.000102,0.000000,0.000000,0.000000,0.000000,0.000000,0.000000,0,0.00
28.330000,0.004,0.023975,0.023975,4.321,7.00,0.016773,-0.017509,-0.000547,-0.005919,-0.003,0.016,-0.945,23.262,0.348,3.132969,-0.003501,0.000101,0.000000,0.000000,0.000000,0.000000,0.000000,0.000000,0,0.00
28.340000,0.004,0.023880,0.023880,4.321,7.00,0.017493,-0.017988,-0.000554,-0.005339,-0.003,0.016,-0.945,23.281,0.348,3.132843,-0.003597,0.000100,0.000000,0.000000,0.000000,0.000000,0.000000,0.000000,0,0.00
28.350000,0.004,0.023560,0.023560,4.321,7.00,0.018132,-0.018375,-0.000561,-0.004624,-0.003,0.016,-0.945,23.301,0.348,3.132691,-0.003674,0.000099,0.000000,0.000000,0.000000,0.000000,0.000000,0.000000,0,0.00
28.360000,0.004,0.023062,0.023062,4.321,7.00,0.018675,-0.018661,-0.000570,-0.003831,-0.003,0.015,-0.945,23.320,0.348,3.132512,-0.003732,0.000099,0.000000,0.000000,0.000000,0.000000,0.000000,0.000000,0,0.00
28.370000,0.004,0.022409,0.022409,4.321,7.00,0.019114,-0.018843,-0.000578,-0.002987,-0.004,0.015,-0.944,23.340,0.348,3.132306,-0.003768,0.000098,0.000000,0.000000,0.000000,0.000000,0.000000,0.000000,0,0.00
28.380000,0.004,0.021671,0.021671,4.321,7.00,0.019443,-0.018921,-0.000587,-0.002164,-0.004,0.014,-0.944,23.359,0.348,3.132074,-0.003783,0.000098,0.000000,0.000000,0.000000,0.000000,0.000000,0.000000,0,0.00
28.390000,0.004,0.020838,0.020838,4.321,7.00,0.019666,-0.018898,-0.000596,-0.001345,-0.004,0.014,-0.944,23.378,0.348,3.131818,-0.003779,0.000097,0.000000,0.000000,0.000000,0.000000,0.000000,0.000000,0,0.00
28.400000,0.004,0.019960,0.019960,4.321,7.00,0.019783,-0.018779,-0.000605,-0.000575,-0.004,0.013,-0.943,23.398,0.348,3.131540,-0.003755,0.000097,0.000000,0.000000,0.000000,0.000000,0.000000,0.000000,0,0.00
28.410000,0.004,0.019100,0.019100,4.321,7.00,0.019801,-0.018573,-0.000614,0.000087,-0.004,0.013,-0.943,23.417,0.348,3.131242,-0.003714,0.000097,0.000000,0.000000,0.000000,0.000000,0.000000,0.000000,0,0.00
28.420000,0.004,0.018207,0.018207,4.321,7.00,0.019731,-0.018290,-0.000623,0.000707,-0.004,0.012,-0.943,23.437,0.348,3.130928,-0.003657,0.000098,0.000000,0.000000,0.000000,0.000000,0.000000,0.000000,0,0.00
28.430000,0.004,0.017250,0.017250,4.321,7.00,0.019578,-0.017939,-0.000631,0.001320,-0.004,0.011,-0.942,23.456,0.348,3.130601,-0.003587,0.000098,0.000000,0.000000,0.000000,0.000000,0.000000,0.000000,0,0.00
28.440000,0.004,0.016304,0.016304,4.321,7.00,0.019345,-0.017522,-0.000640,0.001858,-0.004,0.011,-0.942,23.476,0.348,3.130263,-0.003504,0.000098,0.000000,0.000000,0.000000,0.000000,0.000000,0.000000,0,0.00
28.450000,0.003,0.015335,0.015335,4.321,7.00,0.019041,-0.017051,-0.000647,0.002363,-0.004,0.010,-0.941,23.495,0.348,3.129915,-0.003409,0.000098,0.000000,0.000000,0.000000,0.000000,0.000000,0.000000,0,0.00
28.460000,0.003,0.014379,0.014379,4.321,7.00,0.018671,-0.016530,-0.000655,0.002806,-0.004,0.010,-0.941,23.515,0.348,3.129560,-0.003305,0.000099,0.000000,0.000000,0.000000,0.000000,0.000000,0.000000,0,0.00
28.470000,0.003,0.013359,0.013359,4.321,7.00,0.018241,-0.015968,-0.000662,0.003271,-0.004,0.009,-0.941,23.534,0.348,3.129201,-0.003193,0.000099,0.000000,0.000000,0.000000,0.000000,0.000000,0.000000,0,0.00
28.480000,0.003,0.012271,0.012271,4.321,7.00,0.017753,-0.015367,-0.000668,0.003764,-0.004,0.008,-0.940,23.553,0.348,3.128838,-0.003072,0.000100,0.000000,0.000000,0.000000,0.000000,0.000000,0.000000,0,0.00
28.490000,0.003,0.011200,0.011200,4.321,7.00,0.017205,-0.014729,-0.000674,0.004203,-0.003,0.007,-0.940,23.573,0.348,3.128471,-0.002945,0.000100,0.000000,0.000000,0.000000,0.000000,0.000000,0.000000,0,0.00
28.500000,0.003,0.010127,0.010127,4.321,7.00,0.016605,-0.014061,-0.000679,0.004613,-0.003,0.007,-0.940,23.592,0.348,3.128104,-0.002811,0.000101,0.000000,0.000000,0.000000,0.000000,0.000000,0.000000,0,0.00
28.510000,0.003,0.008969,0.008969,4.321,7.00,0.015957,-0.013370,-0.000684,0.005086,-0.003,0.006,-0.939,23.612,0.348,3.127738,-0.002673,0.000101,0.000000,0.000000,0.000000,0.000000,0.000000,0.000000,0,0.00
28.520000,0.003,0.007822,0.007822,4.321,7.00,0.015258,-0.012655,-0.000689,0.005522,-0.003,0.005,-0.939,23.631,0.348,3.127372,-0.002530,0.000102,0.000000,0.000000,0.000000,0.000000,0.000000,0.000000,0,0.00
28.530000,0.002,0.006711,0.006711,4.321,7.00,0.014515,-0.011923,-0.000693,0.005905,-0.003,0.004,-0.938,23.651,0.348,3.127010,-0.002383,0.000102,0.000000,0.000000,0.000000,0.000000,0.000000,0.000000,0,0.00
28.540000,0.002,0.005480,0.005480,4.321,7.00,0.013734,-0.011181,-0.000697,0.006398,-0.003,0.004,-0.938,23.670,0.348,3.126652,-0.002235,0.000103,0.000000,0.000000,0.000000,0.000000,0.000000,0.000000,0,0.00
28.550000,0.002,0.004472,0.004472,4.321,7.00,0.012909,-0.010427,-0.000700,0.006655,-0.003,0.003,-0.938,23.689,0.348,3.126298,-0.002084,0.000103,0.000000,0.000000,0.000000,0.000000,0.000000,0.000000,0,0.00
28.560000,0.002,0.003677,0.003677,4.321,7.00,0.012065,-0.009681,-0.000704,0.006708,-0.003,0.002,-0.937,23.709,0.348,3.125953,-0.001935,0.000103,0.000000,0.000000,0.000000,0.000000,0.000000,0.000000,0,0.00
28.570000,0.002,0.002959,0.002959,4.321,7.00,0.011226,-0.008961,-0.000707,0.006709,-0.002,0.002,-0.937,23.728,0.348,3.125623,-0.001791,0.000104,0.000000,0.000000,0.000000,0.000000,0.000000,0.000000,0,0.00
28.580000,0.002,0.002637,0.002637,4.321,7.00,0.010400,-0.008273,-0.000711,0.006346,-0.002,0.002,-0.936,23.748,0.348,3.125308,-0.001653,0.000104,0.000000,0.000000,0.000000,0.000000,0.000000,0.000000,0,0.00
28.590000,0.002,0.002551,0.002551,4.321,7.00,0.009624,-0.007643,-0.000714,0.005805,-0.002,0.002,-0.936,23.767,0.348,3.125014,-0.001527,0.000104,0.000000,0.000000,0.000000,0.000000,0.000000,0.000000,0,0.00
28.600000,0.001,0.002450,0.002450,4.321,7.00,0.008916,-0.007081,-0.000717,0.005348,-0.002,0.002,-0.935,23.787,0.348,3.124745,-0.001415,0.000104,0.000000,0.000000,0.000000,0.000000,0.000000,0.000000,0,0.00
28.610000,0.001,0.002476,0.002476,4.321,7.00,0.008270,-0.006579,-0.000720,0.004823,-0.002,0.002,-0.935,23.806,0.348,3.124497,-0.001314,0.000104,0.000000,0.000000,0.000000,0.000000,0.000000,0.000000,0,0.00
28.620000,0.001,0.002670,0.002670,4.321,7.00,0.007690,-0.006137,-0.000723,0.004189,-0.002,0.002,-0.935,23.826,0.348,3.124272,-0.001226,0.000104,0.000000,0.000000,0.000000,0.000000,0.000000,0.000000,0,0.00
28.630000,0.001,0.002772,0.002772,4.321,7.00,0.007188,-0.005757,-0.000725,0.003710,-0.002,0.002,-0.934,23.845,0.348,3.124069,-0.001150,0.000104,0.000000,0.000000,0.000000,0.000000,0.000000,0.000000,0,0.00
28.640000,0.001,0.002941,0.002941,4.321,7.00,0.006747,-0.005424,-0.000728,0.003211,-0.001,0.002,-0.934,23.864,0.348,3.123884,-0.001083,0.000104,0.000000,0.000000,0.000000,0.000000,0.000000,0.000000,0,0.00
28.650000,0.001,0.003150,0.003150,4.321,7.00,0.006366,-0.005134,-0.000731,0.002714,-0.001,0.002,-0.933,23.884,0.348,3.123717,-0.001025,0.000104,0.000000,0.000000,0.000000,0.000000,0.000000,0.000000,0,0.00
28.660000,0.001,0.003275,0.003275,4.321,7.00,0.006045,-0.004881,-0.000733,0.002339,-0.001,0.002,-0.933,23.903,0.348,3.123566,-0.000975,0.000104,0.000000,0.000000,0.000000,0.000000,0.000000,0.000000,0,0.00
28.670000,0.001,0.003349,0.003349,4.321,7.00,0.005768,-0.004652,-0.000735,0.002038,-0.001,0.002,-0.933,23.923,0.348,3.123428,-0.000929,0.000104,0.000000,0.000000,0.000000,0.000000,0.000000,0.000000,0,0.00
28.680000,0.001,0.003337,0.003337,4.321,7.00,0.005526,-0.004435,-0.000737,0.001835,-0.001,0.002,-0.932,23.942,0.348,3.123300,-0.000885,0.000103,0.000000,0.000000,0.000000,0.000000,0.000000,0.000000,0,0.00
28.690000,0.001,0.003265,0.003265,4.321,7.00,0.005307,-0.004221,-0.000739,0.001694,-0.001,0.002,-0.932,23.962,0.348,3.123180,-0.000842,0.000103,0.000000,0.000000,0.000000,0.000000,0.000000,0.000000,0,0.00
28.700000,0.001,0.003093,0.003093,4.321,7.00,0.005103,-0.004001,-0.000740,0.001648,-0.001,0.002,-0.931,23.981,0.348,3.123065,-0.000798,0.000103,0.000000,0.000000,0.000000,0.000000,0.000000,0.000000,0,0.00
28.710000,0.001,0.002815,0.002815,4.321,7.00,0.004902,-0.003764,-0.000742,0.001691,-0.001,0.002,-0.931,24.000,0.348,3.122954,-0.000751,0.000103,0.000000,0.000000,0.000000,0.000000,0.000000,0.000000,0,0.00
28.720000,0.001,0.002489,0.002489,4.321,7.00,0.004693,-0.003504,-0.000743,0.001758,-0.001,0.002,-0.931,24.020,0.348,3.122844,-0.000699,0.000103,0.000000,0.000000,0.000000,0.000000,0.000000,0.000000,0,0.00
28.730000,0.001,0.002076,0.002076,4.321,7.00,0.004473,-0.003215,-0.000745,0.001883,-0.001,0.001,-0.930,24.039,0.348,3.122735,-0.000641,0.000102,0.000000,0.000000,0.000000,0.000000,0.000000,0.000000,0,0.00
28.740000,0.001,0.001486,0.001486,4.321,7.00,0.004233,-0.002892,-0.000746,0.002152,-0.001,0.001,-0.930,24.059,0.348,3.122626,-0.000577,0.000102,0.000000,0.000000,0.000000,0.000000,0.000000,0.000000,0,0.00
28.750000,0.001,0.000839,0.000839,4.321,7.00,0.003958,-0.002526,-0.000747,0.002434,-0.001,0.001,-0.929,24.078,0.348,3.122513,-0.000503,0.000102,0.000000,0.000000,0.000000,0.000000,0.000000,0.000000,0,0.00
28.760000,0.000,0.000094,0.000094,4.321,7.00,0.003646,-0.002115,-0.000747,0.002768,-0.001,0.000,-0.929,24.098,0.348,3.122398,-0.000421,0.000102,0.000000,0.000000,0.000000,0.000000,0.000000,0.000000,0,0.00
28.770000,0.000,-0.000746,-0.000746,4.321,7.00,0.003291,-0.001656,-0.000748,0.003149,-0.001,0.000,-0.929,24.117,0.348,3.122280,-0.000329,0.000102,0.000000,0.000000,0.000000,0.000000,0.000000,0.000000,0,0.00
28.780000,0.000,-0.001673,-0.001673,4.321,7.00,0.002888,-0.001147,-0.000748,0.003569,-0.001,0.001,-0.928,24.137,0.348,3.122159,-0.000227,0.000102,0.000000,0.000000,0.000000,0.000000,0.000000,0.000000,0,0.00
28.790000,0.000,-0.002587,-0.002587,4.321,7.00,0.002432,-0.000588,-0.000749,0.003924,-0.001,0.002,-0.928,24.156,0.348,3.122034,-0.000116,0.000101,0.000000,0.000000,0.000000,0.000000,0.000000,0.000000,0,0.00
28.800000,-0.000,-0.003573,-0.003573,4.321,7.00,0.001930,0.000015,-0.000749,0.004306,-0.000,0.002,-0.927,24.175,0.348,3.121907,0.000005,0.000101,0.000000,0.000000,0.000000,0.000000,0.000000,0.000000,0,0.00
28.810000,-0.000,-0.004526,-0.004526,4.321,7.00,0.001380,0.000661,-0.000748,0.004613,-0.000,0.003,-0.927,24.195,0.348,3.121780,0.000134,0.000101,0.000000,0.000000,0.000000,0.000000,0.000000,0.000000,0,0.00
28.820000,-0.000,-0.005369,-0.005369,4.321,7.00,0.000789,0.001343,-0.000748,0.004774,-0.000,0.004,-0.927,24.214,0.348,3.121654,0.000271,0.000101,0.000000,0.000000,0.000000,0.000000,0.000000,0.000000,0,0.00
28.830000,-0.000,-0.006191,-0.006191,4.321,7.00,0.000173,0.002047,-0.000747,0.004890,-0.000,0.004,-0.926,24.234,0.348,3.121532,0.000412,0.000101,0.000000,0.000000,0.000000,0.000000,0.000000,0.000000,0,0.00
28.840000,-0.001,-0.007008,-0.007008,4.321,7.00,-0.000463,0.002771,-0.000746,0.004982,0.000,0.005,-0.926,24.253,0.348,3.121417,0.000556,0.000100,0.000000,0.000000,0.000000,0.000000,0.000000,0.000000,0,0.00
28.850000,-0.001,-0.007803,-0.007803,4.321,7.00,-0.001117,0.003510,-0.000744,0.005037,0.000,0.005,-0.925,24.273,0.348,3.121307,0.000704,0.000100,0.000000,0.000000,0.000000,0.000000,0.000000,0.000000,0,0.00
28.860000,-0.001,-0.008444,-0.008444,4.321,7.00,-0.001786,0.004262,-0.000742,0.004924,0.000,0.006,-0.925,24.292,0.348,3.121206,0.000855,0.000100,0.000000,0.000000,0.000000,0.000000,0.000000,0.000000,0,0.00
28.870000,-0.001,-0.009288,-0.009288,4.321,7.00,-0.002452,0.005012,-0.000739,0.005015,0.000,0.006,-0.925,24.312,0.348,3.121114,0.001005,0.000099,0.000000,0.000000,0.000000,0.000000,0.000000,0.000000,0,0.00
28.880000,-0.001,-0.010136,-0.010136,4.321,7.00,-0.003135,0.005777,-0.000737,0.005096,0.001,0.007,-0.924,24.331,0.348,3.121030,0.001158,0.000099,0.000000,0.000000,0.000000,0.000000,0.000000,0.000000,0,0.00
28.890000,-0.001,-0.010932,-0.010932,4.321,7.00,-0.003835,0.006553,-0.000734,0.005113,0.001,0.007,-0.924,24.350,0.348,3.120954,0.001313,0.000099,0.000000,0.000000,0.000000,0.000000,0.000000,0.000000,0,0.00
28.900000,-0.001,-0.011789,-0.011789,4.321,7.00,-0.004545,0.007334,-0.000730,0.005185,0.001,0.008,-0.924,24.370,0.348,3.120886,0.001469,0.000098,0.000000,0.000000,0.000000,0.000000,0.000000,0.000000,0,0.00
28.910000,-0.002,-0.012809,-0.012809,4.321,7.00,-0.005269,0.008122,-0.000727,0.005414,0.001,0.009,-0.923,24.389,0.348,3.120826,0.001627,0.000098,0.000000,0.000000,0.000000,0.000000,0.000000,0.000000,0,0.00
28.920000,-0.002,-0.013736,-0.013736,4.321,7.00,-0.006023,0.008928,-0.000723,0.005531,0.001,0.009,-0.923,24.409,0.348,3.120772,0.001788,0.000097,0.000000,0.000000,0.000000,0.000000,0.000000,0.000000,0,0.00
28.930000,-0.002,-0.014863,-0.014863,4.321,7.00,-0.006794,0.009739,-0.000719,0.005843,0.001,0.010,-0.923,24.428,0.348,3.120726,0.001950,0.000097,0.000000,0.000000,0.000000,0.000000,0.000000,0.000000,0,0.00
28.940000,-0.002,-0.016010,-0.016010,4.321,7.00,-0.007601,0.010568,-0.000715,0.006157,0.001,0.011,-0.922,24.448,0.348,3.120685,0.002116,0.000096,0.000000,0.000000,0.000000,0.000000,0.000000,0.000000,0,0.00
28.950000,-0.002,-0.017069,-0.017069,4.321,7.00,-0.008442,0.011409,-0.000710,0.006370,0.002,0.011,-0.922,24.467,0.348,3.120651,0.002284,0.000095,0.000000,0.000000,0.000000,0.000000,0.000000,0.000000,0,0.00
28.960000,-0.002,-0.018240,-0.018240,4.321,7.00,-0.009305,0.012252,-0.000706,0.006694,0.002,0.012,-0.921,24.486,0.348,3.120625,0.002453,0.000095,0.000000,0.000000,0.000000,0.000000,0.000000,0.000000,0,0.00
28.970000,-0.003,-0.019124,-0.019124,4.321,7.00,-0.010198,0.013100,-0.000700,0.006724,0.002,0.013,-0.921,24.506,0.348,3.120607,0.002623,0.000094,0.000000,0.000000,0.000000,0.000000,0.000000,0.000000,0,0.00
28.980000,-0.003,-0.020123,-0.020123,4.321,7.00,-0.011091,0.013928,-0.000695,0.006891,0.002,0.013,-0.921,24.525,0.348,3.120603,0.002788,0.000093,0.000000,0.000000,0.000000,0.000000,0.000000,0.000000,0,0.00
28.990000,-0.003,-0.021432,-0.021432,4.321,7.00,-0.011994,0.014741,-0.000691,0.007381,0.002,0.014,-0.920,24.545,0.348,3.120610,0.002951,0.000092,0.000000,0.000000,0.000000,0.000000,0.000000,0.000000,0,0.00
29.000000,-0.003,-0.022444,-0.022444,4.321,7.00,-0.012938,0.015561,-0.000686,0.007569,0.002,0.015,-0.920,24.564,0.348,3.120623,0.003115,0.000091,0.000000,0.000000,0.000000,0.000000,0.000000,0.000000,0,0.00
29.010000,-0.003,-0.023200,-0.023200,4.321,7.00,-0.013888,0.016357,-0.000680,0.007522,0.003,0.015,-0.920,24.584,0.348,3.120650,0.003274,0.000091,0.000000,0.000000,0.000000,0.000000,0.000000,0.000000,0,0.00
29.020000,-0.003,-0.024227,-0.024227,4.321,7.00,-0.014819,0.017109,-0.000674,0.007792,0.003,0.016,-0.919,24.603,0.348,3.120695,0.003424,0.000090,0.000000,0.000000,0.000000,0.000000,0.000000,0.000000,0,0.00
29.030000,-0.004,-0.024566,-0.024566,4.321,7.00,-0.015760,0.017836,-0.000667,0.007397,0.003,0.016,-0.919,24.623,0.348,3.120752,0.003570,0.000089,0.000000,0.000000,0.000000,0.000000,0.000000,0.000000,0,0.00
29.040000,-0.004,-0.024418,-0.024418,4.321,7.00,-0.016641,0.018484,-0.000660,0.006593,0.003,0.016,-0.919,24.642,0.348,3.120834,0.003699,0.000088,0.000000,0.000000,0.000000,0.000000,0.000000,0.000000,0,0.00
29.050000,-0.004,-0.024285,-0.024285,4.321,7.00,-0.017418,0.019024,-0.000652,0.005913,0.003,0.016,-0.919,24.661,0.348,3.120948,0.003807,0.000087,0.000000,0.000000,0.000000,0.000000,0.000000,0.000000,0,0.00
29.060000,-0.004,-0.023970,-0.023970,4.321,7.00,-0.018105,0.019465,-0.000643,0.005148,0.003,0.016,-0.918,24.681,0.348,3.121091,0.003896,0.000086,0.000000,0.000000,0.000000,0.000000,0.000000,0.000000,0,0.00
29.070000,-0.004,-0.023340,-0.023340,4.321,7.00,-0.018691,0.019804,-0.000634,0.004171,0.004,0.016,-0.918,24.700,0.348,3.121262,0.003963,0.000085,0.000000,0.000000,0.000000,0.000000,0.000000,0.000000,0,0.00
29.080000,-0.004,-0.022725,-0.022725,4.321,7.00,-0.019156,0.020027,-0.000625,0.003323,0.004,0.015,-0.918,24.720,0.348,3.121464,0.004008,0.000085,0.000000,0.000000,0.000000,0.000000,0.000000,0.000000,0,0.00
29.090000,-0.004,-0.021986,-0.021986,4.321,7.00,-0.019513,0.020148,-0.000616,0.002455,0.004,0.015,-0.918,24.739,0.348,3.121692,0.004032,0.000084,0.000000,0.000000,0.000000,0.000000,0.000000,0.000000,0,0.00
29.100000,-0.004,-0.021206,-0.021206,4.321,7.00,-0.019761,0.020168,-0.000607,0.001645,0.004,0.014,-0.917,24.759,0.348,3.121945,0.004036,0.000084,0.000000,0.000000,0.000000,0.000000,0.000000,0.000000,0,0.00
29.110000,-0.004,-0.020393,-0.020393,4.321,7.00,-0.019905,0.020098,-0.000597,0.000893,0.004,0.014,-0.917,24.778,0.348,3.122220,0.004022,0.000084,0.000000,0.000000,0.000000,0.000000,0.000000,0.000000,0,0.00
29.120000,-0.004,-0.019601,-0.019601,4.321,7.00,-0.019954,0.019944,-0.000586,0.000243,0.004,0.013,-0.917,24.798,0.348,3.122514,0.003991,0.000085,0.000000,0.000000,0.000000,0.000000,0.000000,0.000000,0,0.00
29.130000,-0.004,-0.018763,-0.018763,4.321,7.00,-0.019919,0.019718,-0.000577,-0.000378,0.004,0.013,-0.917,24.817,0.348,3.122823,0.003946,0.000085,0.000000,0.000000,0.000000,0.000000,0.000000,0.000000,0,0.00
29.140000,-0.004,-0.017913,-0.017913,4.321,7.00,-0.019803,0.019427,-0.000568,-0.000946,0.004,0.012,-0.916,24.836,0.348,3.123147,0.003888,0.000085,0.000000,0.000000,0.000000,0.000000,0.000000,0.000000,0,0.00
29.150000,-0.004,-0.017045,-0.017045,4.321,7.00,-0.019614,0.019077,-0.000559,-0.001473,0.004,0.011,-0.916,24.856,0.348,3.123481,0.003818,0.000086,0.000000,0.000000,0.000000,0.000000,0.000000,0.000000,0,0.00
29.160000,-0.004,-0.016195,-0.016195,4.321,7.00,-0.019357,0.018676,-0.000550,-0.001930,0.004,0.011,-0.916,24.875,0.348,3.123824,0.003737,0.000087,0.000000,0.000000,0.000000,0.000000,0.000000,0.000000,0,0.00
29.170000,-0.004,-0.015309,-0.015309,4.321,7.00,-0.019041,0.018231,-0.000542,-0.002380,0.004,0.010,-0.916,24.895,0.348,3.124174,0.003648,0.000087,0.000000,0.000000,0.000000,0.000000,0.000000,0.000000,0,0.00
29.180000,-0.004,-0.014465,-0.014465,4.321,7.00,-0.018668,0.017747,-0.000534,-0.002748,0.004,0.010,-0.916,24.914,0.348,3.124529,0.003551,0.000088,0.000000,0.000000,0.000000,0.000000,0.000000,0.000000,0,0.00
29.190000,-0.003,-0.013513,-0.013513,4.321,7.00,-0.018248,0.017233,-0.000527,-0.003193,0.004,0.009,-0.915,24.934,0.348,3.124887,0.003449,0.000089,0.000000,0.000000,0.000000,0.000000,0.000000,0.000000,0,0.00
29.200000,-0.003,-0.012565,-0.012565,4.321,7.00,-0.017774,0.016686,-0.000521,-0.003600,0.004,0.008,-0.915,24.953,0.348,3.125247,0.003339,0.000090,0.000000,0.000000,0.000000,0.000000,0.000000,0.000000,0,0.00
29.210000,-0.003,-0.011693,-0.011693,4.321,7.00,-0.017253,0.016112,-0.000514,-0.003905,0.004,0.008,-0.915,24.973,0.348,3.125608,0.003224,0.000091,0.000000,0.000000,0.000000,0.000000,0.000000,0.000000,0,0.00
29.220000,-0.003,-0.010692,-0.010692,4.321,7.00,-0.016697,0.015522,-0.000508,-0.004322,0.004,0.007,-0.915,24.992,0.348,3.125968,0.003106,0.000092,0.000000,0.000000,0.000000,0.000000,0.000000,0.000000,0,0.00
29.230000,-0.003,-0.009651,-0.009651,4.321,7.00,-0.016097,0.014911,-0.000503,-0.004756,0.003,0.006,-0.915,25.011,0.348,3.126327,0.002984,0.000093,0.000000,0.000000,0.000000,0.000000,0.000000,0.000000,0,0.00
29.240000,-0.003,-0.008785,-0.008785,4.321,7.00,-0.015452,0.014280,-0.000498,-0.004997,0.003,0.006,-0.915,25.031,0.348,3.126685,0.002858,0.000094,0.000000,0.000000,0.000000,0.000000,0.000000,0.000000,0,0.00
29.250000,-0.003,-0.007841,-0.007841,4.321,7.00,-0.014786,0.013648,-0.000493,-0.005313,0.003,0.005,-0.914,25.050,0.348,3.127037,0.002731,0.000094,0.000000,0.000000,0.000000,0.000000,0.000000,0.000000,0,0.00
29.260000,-0.003,-0.006978,-0.006978,4.321,7.00,-0.014091,0.013012,-0.000488,-0.005545,0.003,0.005,-0.914,25.070,0.348,3.127383,0.002604,0.000095,0.000000,0.000000,0.000000,0.000000,0.000000,0.000000,0,0.00
29.270000,-0.002,-0.006290,-0.006290,4.321,7.00,-0.013380,0.012380,-0.000484,-0.005607,0.003,0.004,-0.914,25.089,0.348,3.127722,0.002478,0.000096,0.000000,0.000000,0.000000,0.000000,0.000000,0.000000,0,0.00
29.280000,-0.002,-0.005606,-0.005606,4.321,7.00,-0.012671,0.011768,-0.000480,-0.005682,0.003,0.004,-0.914,25.109,0.348,3.128049,0.002355,0.000097,0.000000,0.000000,0.000000,0.000000,0.000000,0.000000,0,0.00
29.290000,-0.002,-0.005096,-0.005096,4.321,7.00,-0.011965,0.011175,-0.000476,-0.005603,0.003,0.003,-0.914,25.128,0.348,3.128365,0.002237,0.000098,0.000000,0.000000,0.000000,0.000000,0.000000,0.000000,0,0.00
29.300000,-0.002,-0.004870,-0.004870,4.321,7.00,-0.011278,0.010614,-0.000472,-0.005273,0.003,0.003,-0.914,25.147,0.348,3.128667,0.002124,0.000099,0.000000,0.000000,0.000000,0.000000,0.000000,0.000000,0,0.00
29.310000,-0.002,-0.004606,-0.004606,4.321,7.00,-0.010637,0.010101,-0.000468,-0.005028,0.002,0.003,-0.913,25.167,0.348,3.128950,0.002022,0.000099,0.000000,0.000000,0.000000,0.000000,0.000000,0.000000,0,0.00
29.320000,-0.002,-0.004604,-0.004604,4.321,7.00,-0.010034,0.009629,-0.000463,-0.004562,0.002,0.003,-0.913,25.186,0.348,3.129216,0.001927,0.000100,0.000000,0.000000,0.000000,0.000000,0.000000,0.000000,0,0.00
29.330000,-0.002,-0.004777,-0.004777,4.321,7.00,-0.009491,0.009211,-0.000459,-0.003975,0.002,0.003,-0.913,25.206,0.348,3.129462,0.001844,0.000101,0.000000,0.000000,0.000000,0.000000,0.000000,0.000000,0,0.00
29.340000,-0.002,-0.004883,-0.004883,4.321,7.00,-0.009020,0.008851,-0.000455,-0.003513,0.002,0.003,-0.913,25.225,0.348,3.129687,0.001772,0.000101,0.000000,0.000000,0.000000,0.000000,0.000000,0.000000,0,0.00
29.350000,-0.002,-0.004997,-0.004997,4.321,7.00,-0.008606,0.008536,-0.000451,-0.003088,0.002,0.003,-0.913,25.245,0.348,3.129894,0.001708,0.000102,0.000000,0.000000,0.000000,0.000000,0.000000,0.000000,0,0.00
29.360000,-0.002,-0.005193,-0.005193,4.321,7.00,-0.008245,0.008257,-0.000447,-0.002617,0.002,0.003,-0.913,25.264,0.348,3.130086,0.001653,0.000102,0.000000,0.000000,0.000000,0.000000,0.000000,0.000000,0,0.00
29.370000,-0.002,-0.005301,-0.005301,4.321,7.00,-0.007940,0.008013,-0.000443,-0.002268,0.002,0.004,-0.913,25.284,0.348,3.130262,0.001604,0.000103,0.000000,0.000000,0.000000,0.000000,0.000000,0.000000,0,0.00
29.380000,-0.002,-0.005364,-0.005364,4.321,7.00,-0.007676,0.007790,-0.000440,-0.001987,0.002,0.004,-0.912,25.303,0.348,3.130427,0.001559,0.000103,0.000000,0.000000,0.000000,0.000000,0.000000,0.000000,0,0.00
29.390000,-0.002,-0.005406,-0.005406,4.321,7.00,-0.007445,0.007579,-0.000436,-0.001737,0.002,0.004,-0.912,25.322,0.348,3.130582,0.001517,0.000104,0.000000,0.000000,0.000000,0.000000,0.000000,0.000000,0,0.00
29.400000,-0.001,-0.005355,-0.005355,4.321,7.00,-0.007241,0.007374,-0.000433,-0.001585,0.002,0.004,-0.912,25.342,0.348,3.130729,0.001476,0.000104,0.000000,0.000000,0.000000,0.000000,0.000000,0.000000,0,0.00
29.410000,-0.001,-0.005213,-0.005213,4.321,7.00,-0.007052,0.007162,-0.000430,-0.001519,0.002,0.003,-0.912,25.361,0.348,3.130870,0.001434,0.000104,0.000000,0.000000,0.000000,0.000000,0.000000,0.000000,0,0.00
29.420000,-0.001,-0.004962,-0.004962,4.321,7.00,-0.006868,0.006936,-0.000427,-0.001547,0.002,0.003,-0.912,25.381,0.348,3.131007,0.001388,0.000105,0.000000,0.000000,0.000000,0.000000,0.000000,0.000000,0,0.00
29.430000,-0.001,-0.004659,-0.004659,4.321,7.00,-0.006678,0.006685,-0.000424,-0.001602,0.002,0.003,-0.912,25.400,0.348,3.131144,0.001338,0.000105,0.000000,0.000000,0.000000,0.000000,0.000000,0.000000,0,0.00
29.440000,-0.001,-0.004210,-0.004210,4.321,7.00,-0.006476,0.006405,-0.000421,-0.001774,0.001,0.003,-0.912,25.420,0.348,3.131279,0.001282,0.000106,0.000000,0.000000,0.000000,0.000000,0.000000,0.000000,0,0.00
29.450000,-0.001,-0.003675,-0.003675,4.321,7.00,-0.006249,0.006088,-0.000419,-0.001994,0.001,0.002,-0.911,25.439,0.348,3.131417,0.001219,0.000106,0.000000,0.000000,0.000000,0.000000,0.000000,0.000000,0,0.00
29.460000,-0.001,-0.003054,-0.003054,4.321,7.00,-0.005992,0.005729,-0.000417,-0.002258,0.001,0.002,-0.911,25.459,0.348,3.131556,0.001147,0.000106,0.000000,0.000000,0.000000,0.000000,0.000000,0.000000,0,0.00
29.470000,-0.001,-0.002253,-0.002253,4.321,7.00,-0.005698,0.005325,-0.000415,-0.002657,0.001,0.002,-0.911,25.478,0.348,3.131699,0.001066,0.000107,0.000000,0.000000,0.000000,0.000000,0.000000,0.000000,0,0.00
29.480000,-0.001,-0.001421,-0.001421,4.321,7.00,-0.005354,0.004867,-0.000413,-0.003033,0.001,0.001,-0.911,25.497,0.348,3.131846,0.000974,0.000107,0.000000,0.000000,0.000000,0.000000,0.000000,0.000000,0,0.00
29.490000,-0.001,-0.000314,-0.000314,4.321,7.00,-0.004960,0.004358,-0.000412,-0.003632,0.001,0.000,-0.911,25.517,0.348,3.131997,0.000873,0.000108,0.000000,0.000000,0.000000,0.000000,0.000000,0.000000,0,0.00
29.500000,-0.001,0.000718,0.000718,4.321,7.00,-0.004496,0.003785,-0.000410,-0.004092,0.001,0.000,-0.911,25.536,0.348,3.132155,0.000758,0.000108,0.000000,0.000000,0.000000,0.000000,0.000000,0.000000,0,0.00
29.510000,-0.001,0.001798,0.001798,4.321,7.00,-0.003974,0.003161,-0.000409,-0.004550,0.001,0.001,-0.910,25.556,0.348,3.132316,0.000633,0.000108,0.000000,0.000000,0.000000,0.000000,0.000000,0.000000,0,0.00
29.520000,-0.000,0.002890,0.002890,4.321,7.00,-0.003397,0.002489,-0.000408,-0.004970,0.001,0.002,-0.910,25.575,0.348,3.132479,0.000499,0.000109,0.000000,0.000000,0.000000,0.000000,0.000000,0.000000,0,0.00
29.530000,-0.000,0.004079,0.004079,4.321,7.00,-0.002769,0.001775,-0.000407,-0.005447,0.001,0.003,-0.910,25.595,0.348,3.132642,0.000356,0.000109,0.000000,0.000000,0.000000,0.000000,0.000000,0.000000,0,0.00
29.540000,-0.000,0.004948,0.004948,4.321,7.00,-0.002084,0.001018,-0.000407,-0.005559,0.001,0.003,-0.910,25.614,0.348,3.132806,0.000205,0.000110,0.000000,0.000000,0.000000,0.000000,0.000000,0.000000,0,0.00
29.550000,-0.000,0.005836,0.005836,4.321,7.00,-0.001381,0.000247,-0.000407,-0.005676,0.001,0.004,-0.910,25.634,0.348,3.132963,0.000050,0.000110,0.000000,0.000000,0.000000,0.000000,0.000000,0.000000,0,0.00
29.560000,0.000,0.006459,0.006459,4.321,7.00,-0.000659,-0.000537,-0.000407,-0.005515,0.000,0.004,-0.910,25.653,0.348,3.133112,-0.000106,0.000110,0.000000,0.000000,0.000000,0.000000,0.000000,0.000000,0,0.00
29.570000,0.000,0.007273,0.007273,4.321,7.00,0.000053,-0.001313,-0.000408,-0.005553,0.000,0.005,-0.909,25.672,0.348,3.133249,-0.000262,0.000110,0.000000,0.000000,0.000000,0.000000,0.000000,0.000000,0,0.00
29.580000,0.000,0.007851,0.007851,4.321,7.00,0.000775,-0.002096,-0.000409,-0.005347,0.000,0.005,-0.909,25.692,0.348,3.133376,-0.000418,0.000110,0.000000,0.000000,0.000000,0.000000,0.000000,0.000000,0,0.00
29.590000,0.001,0.008474,0.008474,4.321,7.00,0.001482,-0.002867,-0.000410,-0.005196,0.000,0.006,-0.909,25.711,0.348,3.133489,-0.000573,0.000110,0.000000,0.000000,0.000000,0.000000,0.000000,0.000000,0,0.00
29.600000,0.001,0.009206,0.009206,4.321,7.00,0.002181,-0.003632,-0.000412,-0.005163,-0.000,0.006,-0.909,25.731,0.348,3.133591,-0.000725,0.000110,0.000000,0.000000,0.000000,0.000000,0.000000,0.000000,0,0.00
29.610000,0.001,0.010096,0.010096,4.321,7.00,0.002884,-0.004397,-0.000414,-0.005284,-0.000,0.007,-0.909,25.750,0.348,3.133682,-0.000879,0.000110,0.000000,0.000000,0.000000,0.000000,0.000000,0.000000,0,0.00
29.620000,0.001,0.010796,0.010796,4.321,7.00,0.003605,-0.005175,-0.000416,-0.005205,-0.000,0.007,-0.909,25.770,0.348,3.133766,-0.001034,0.000110,0.000000,0.000000,0.000000,0.000000,0.000000,0.000000,0,0.00
29.630000,0.001,0.011669,0.011669,4.321,7.00,0.004324,-0.005947,-0.000419,-0.005302,-0.001,0.008,-0.908,25.789,0.348,3.133839,-0.001189,0.000110,0.000000,0.000000,0.000000,0.000000,0.000000,0.000000,0,0.00
29.640000,0.001,0.012554,0.012554,4.321,7.00,0.005058,-0.006727,-0.000422,-0.005405,-0.001,0.008,-0.908,25.809,0.348,3.133904,-0.001345,0.000110,0.000000,0.000000,0.000000,0.000000,0.000000,0.000000,0,0.00
29.650000,0.002,0.013356,0.013356,4.321,7.00,0.005808,-0.007512,-0.000425,-0.005418,-0.001,0.009,-0.908,25.828,0.348,3.133960,-0.001502,0.000110,0.000000,0.000000,0.000000,0.000000,0.000000,0.000000,0,0.00
29.660000,0.002,0.014421,0.014421,4.321,7.00,0.006563,-0.008294,-0.000429,-0.005698,-0.001,0.010,-0.908,25.847,0.348,3.134006,-0.001658,0.000110,0.000000,0.000000,0.000000,0.000000,0.000000,0.000000,0,0.00
29.670000,0.002,0.015372,0.015372,4.321,7.00,0.007348,-0.009089,-0.000432,-0.005850,-0.001,0.010,-0.908,25.867,0.348,3.134046,-0.001817,0.000109,0.000000,0.000000,0.000000,0.000000,0.000000,0.000000,0,0.00
29.680000,0.002,0.016322,0.016322,4.321,7.00,0.008151,-0.009886,-0.000436,-0.006000,-0.001,0.011,-0.907,25.886,0.348,3.134077,-0.001976,0.000109,0.000000,0.000000,0.000000,0.000000,0.000000,0.000000,0,0.00
29.690000,0.002,0.017364,0.017364,4.321,7.00,0.008968,-0.010679,-0.000440,-0.006244,-0.002,0.012,-0.907,25.906,0.348,3.134099,-0.002135,0.000108,0.000000,0.000000,0.000000,0.000000,0.000000,0.000000,0,0.00
29.700000,0.002,0.018470,0.018470,4.321,7.00,0.009807,-0.011474,-0.000445,-0.006552,-0.002,0.012,-0.907,25.925,0.348,3.134113,-0.002294,0.000108,0.000000,0.000000,0.000000,0.000000,0.000000,0.000000,0,0.00
29.710000,0.002,0.019591,0.019591,4.321,7.00,0.010674,-0.012270,-0.000449,-0.006873,-0.002,0.013,-0.907,25.945,0.348,3.134118,-0.002453,0.000107,0.000000,0.000000,0.000000,0.000000,0.000000,0.000000,0,0.00
29.720000,0.003,0.020315,0.020315,4.321,7.00,0.011565,-0.013063,-0.000454,-0.006798,-0.002,0.014,-0.907,25.964,0.348,3.134116,-0.002612,0.000107,0.000000,0.000000,0.000000,0.000000,0.000000,0.000000,0,0.00
29.730000,0.003,0.021393,0.021393,4.321,7.00,0.012440,-0.013819,-0.000458,-0.007116,-0.002,0.014,-0.906,25.984,0.348,3.134096,-0.002763,0.000106,0.000000,0.000000,0.000000,0.000000,0.000000,0.000000,0,0.00
29.740000,0.003,0.022265,0.022265,4.321,7.00,0.013336,-0.014566,-0.000463,-0.007236,-0.002,0.015,-0.906,26.003,0.348,3.134067,-0.002912,0.000105,0.000000,0.000000,0.000000,0.000000,0.000000,0.000000,0,0.00
29.750000,0.003,0.022806,0.022806,4.321,7.00,0.014228,-0.015282,-0.000469,-0.007056,-0.002,0.015,-0.906,26.022,0.348,3.134024,-0.003056,0.000104,0.000000,0.000000,0.000000,0.000000,0.000000,0.000000,0,0.00
29.760000,0.003,0.023010,0.023010,4.321,7.00,0.015086,-0.015942,-0.000475,-0.006593,-0.003,0.015,-0.906,26.042,0.348,3.133961,-0.003188,0.000103,0.000000,0.000000,0.000000,0.000000,0.000000,0.000000,0,0.00
29.770000,0.003,0.023430,0.023430,4.321,7.00,0.015879,-0.016523,-0.000481,-0.006426,-0.003,0.016,-0.905,26.061,0.348,3.133873,-0.003304,0.000102,0.000000,0.000000,0.000000,0.000000,0.000000,0.000000,0,0.00
29.780000,0.003,0.023191,0.023191,4.321,7.00,0.016634,-0.017047,-0.000488,-0.005657,-0.003,0.015,-0.905,26.081,0.348,3.133767,-0.003409,0.000102,0.000000,0.000000,0.000000,0.000000,0.000000,0.000000,0,0.00
29.790000,0.003,0.022789,0.022789,4.321,7.00,0.017289,-0.017467,-0.000495,-0.004826,-0.003,0.015,-0.905,26.100,0.348,3.133631,-0.003493,0.000101,0.000000,0.000000,0.000000,0.000000,0.000000,0.000000,0,0.00
29.800000,0.004,0.022344,0.022344,4.321,7.00,0.017839,-0.017782,-0.000503,-0.004059,-0.003,0.015,-0.905,26.120,0.348,3.133466,-0.003556,0.000100,0.000000,0.000000,0.000000,0.000000,0.000000,0.000000,0,0.00
29.810000,0.004,0.021758,0.021758,4.321,7.00,0.018290,-0.017998,-0.000511,-0.003249,-0.003,0.015,-0.904,26.139,0.348,3.133275,-0.003599,0.000099,0.000000,0.000000,0.000000,0.000000,0.000000,0.000000,0,0.00
29.820000,0.004,0.021033,0.021033,4.321,7.00,0.018637,-0.018116,-0.000519,-0.002397,-0.003,0.014,-0.904,26.159,0.348,3.133058,-0.003623,0.000099,0.000000,0.000000,0.000000,0.000000,0.000000,0.000000,0,0.00
29.830000,0.004,0.020271,0.020271,4.321,7.00,0.018876,-0.018136,-0.000527,-0.001607,-0.003,0.014,-0.904,26.178,0.348,3.132817,-0.003626,0.000099,0.000000,0.000000,0.000000,0.000000,0.000000,0.000000,0,0.00
29.840000,0.004,0.019472,0.019472,4.321,7.00,0.019016,-0.018066,-0.000536,-0.000870,-0.004,0.013,-0.904,26.197,0.348,3.132555,-0.003612,0.000098,0.000000,0.000000,0.000000,0.000000,0.000000,0.000000,0,0.00
29.850000,0.004,0.018662,0.018662,4.321,7.00,0.019061,-0.017914,-0.000544,-0.000203,-0.004,0.012,-0.903,26.217,0.348,3.132274,-0.003582,0.000098,0.000000,0.000000,0.000000,0.000000,0.000000,0.000000,0,0.00
29.860000,0.004,0.017828,0.017828,4.321,7.00,0.019021,-0.017690,-0.000553,0.000415,-0.004,0.012,-0.903,26.236,0.348,3.131977,-0.003537,0.000099,0.000000,0.000000,0.000000,0.000000,0.000000,0.000000,0,0.00
29.870000,0.003,0.016932,0.016932,4.321,7.00,0.018902,-0.017401,-0.000560,0.001029,-0.004,0.011,-0.903,26.256,0.348,3.131667,-0.003479,0.000099,0.000000,0.000000,0.000000,0.000000,0.000000,0.000000,0,0.00
29.880000,0.003,0.016036,0.016036,4.321,7.00,0.018705,-0.017050,-0.000567,0.001581,-0.004,0.011,-0.902,26.275,0.348,3.131345,-0.003409,0.000099,0.000000,0.000000,0.000000,0.000000,0.000000,0.000000,0,0.00
29.890000,0.003,0.015183,0.015183,4.321,7.00,0.018438,-0.016646,-0.000575,0.002038,-0.004,0.010,-0.902,26.295,0.348,3.131013,-0.003328,0.000099,0.000000,0.000000,0.000000,0.000000,0.000000,0.000000,0,0.00
29.900000,0.003,0.014326,0.014326,4.321,7.00,0.018113,-0.016200,-0.000582,0.002457,-0.004,0.010,-0.902,26.314,0.348,3.130676,-0.003239,0.000100,0.000000,0.000000,0.000000,0.000000,0.000000,0.000000,0,0.00
29.910000,0.003,0.013360,0.013360,4.321,7.00,0.017734,-0.015718,-0.000588,0.002947,-0.003,0.009,-0.901,26.333,0.348,3.130334,-0.003143,0.000100,0.000000,0.000000,0.000000,0.000000,0.000000,0.000000,0,0.00
29.920000,0.003,0.012412,0.012412,4.321,7.00,0.017296,-0.015197,-0.000594,0.003380,-0.003,0.008,-0.901,26.353,0.348,3.129987,-0.003039,0.000100,0.000000,0.000000,0.000000,0.000000,0.000000,0.000000,0,0.00
29.930000,0.003,0.011538,0.011538,4.321,7.00,0.016808,-0.014646,-0.000600,0.003708,-0.003,0.008,-0.900,26.372,0.348,3.129638,-0.002928,0.000101,0.000000,0.000000,0.000000,0.000000,0.000000,0.000000,0,0.00
29.940000,0.003,0.010536,0.010536,4.321,7.00,0.016281,-0.014076,-0.000605,0.004145,-0.003,0.007,-0.900,26.392,0.348,3.129290,-0.002814,0.000101,0.000000,0.000000,0.000000,0.000000,0.000000,0.000000,0,0.00
29.950000,0.003,0.009625,0.009625,4.321,7.00,0.015707,-0.013481,-0.000611,0.004466,-0.003,0.006,-0.900,26.411,0.348,3.128942,-0.002695,0.000102,0.000000,0.000000,0.000000,0.000000,0.000000,0.000000,0,0.00
29.960000,0.003,0.008723,0.008723,4.321,7.00,0.015098,-0.012873,-0.000615,0.004766,-0.003,0.006,-0.899,26.431,0.348,3.128597,-0.002573,0.000102,0.000000,0.000000,0.000000,0.000000,0.000000,0.000000,0,0.00
29.970000,0.002,0.007832,0.007832,4.321,7.00,0.014461,-0.012257,-0.000620,0.005045,-0.003,0.005,-0.899,26.450,0.348,3.128255,-0.002450,0.000102,0.000000,0.000000,0.000000,0.000000,0.000000,0.000000,0,0.00
29.980000,0.002,0.007042,0.007042,4.321,7.00,0.013798,-0.011638,-0.000624,0.005220,-0.003,0.005,-0.899,26.470,0.348,3.127919,-0.002326,0.000103,0.000000,0.000000,0.000000,0.000000,0.000000,0.000000,0,0.00
29.990000,0.002,0.006451,0.006451,4.321,7.00,0.013123,-0.011026,-0.000628,0.005203,-0.003,0.004,-0.898,26.489,0.348,3.127591,-0.002204,0.000103,0.000000,0.000000,0.000000,0.000000,0.000000,0.000000,0,0.00
30.000000,0.002,0.005861,0.005861,4.321,7.00,0.012455,-0.010435,-0.000633,0.005207,-0.003,0.004,-0.898,26.508,0.348,3.127275,-0.002086,0.000103,0.000000,0.000000,0.000000,0.000000,0.000000,0.000000,0,0.00
30.010000,0.002,0.005482,0.005482,4.321,7.00,0.011796,-0.009866,-0.000637,0.005021,-0.002,0.004,-0.897,26.528,0.348,3.126971,-0.001972,0.000103,0.000000,0.000000,0.000000,0.000000,0.000000,0.000000,0,0.00
30.020000,0.002,0.005403,0.005403,4.321,7.00,0.011165,-0.009332,-0.000641,0.004570,-0.002,0.004,-0.897,26.547,0.348,3.126682,-0.001865,0.000104,0.000000,0.000000,0.000000,0.000000,0.000000,0.000000,0,0.00
30.030000,0.002,0.005263,0.005263,4.321,7.00,0.010588,-0.008850,-0.000645,0.004232,-0.002,0.004,-0.897,26.567,0.348,3.126412,-0.001769,0.000104,0.000000,0.000000,0.000000,0.000000,0.000000,0.000000,0,0.00
30.040000,0.002,0.005206,0.005206,4.321,7.00,0.010056,-0.008410,-0.000649,0.003853,-0.002,0.003,-0.896,26.586,0.348,3.126159,-0.001681,0.000104,0.000000,0.000000,0.000000,0.000000,0.000000,0.000000,0,0.00
30.050000,0.002,0.005209,0.005209,4.321,7.00,0.009571,-0.008011,-0.000653,0.003454,-0.002,0.003,-0.896,26.606,0.348,3.125923,-0.001601,0.000104,0.000000,0.000000,0.000000,0.000000,0.000000,0.000000,0,0.00
30.060000,0.002,0.005279,0.005279,4.321,7.00,0.009135,-0.007650,-0.000656,0.003027,-0.002,0.004,-0.895,26.625,0.348,3.125703,-0.001529,0.000104,0.000000,0.000000,0.000000,0.000000,0.000000,0.000000,0,0.00
30.070000,0.001,0.005183,0.005183,4.321,7.00,0.008749,-0.007326,-0.000659,0.002803,-0.002,0.003,-0.895,26.645,0.348,3.125499,-0.001464,0.000104,0.000000,0.000000,0.000000,0.000000,0.000000,0.000000,0,0.00
30.080000,0.001,0.005142,0.005142,4.321,7.00,0.008393,-0.007020,-0.000663,0.002541,-0.002,0.003,-0.895,26.664,0.348,3.125305,-0.001403,0.000104,0.000000,0.000000,0.000000,0.000000,0.000000,0.000000,0,0.00
30.090000,0.001,0.005041,0.005041,4.321,7.00,0.008068,-0.006731,-0.000666,0.002356,-0.002,0.003,-0.894,26.683,0.348,3.125123,-0.001345,0.000104,0.000000,0.000000,0.000000,0.000000,0.000000,0.000000,0,0.00
30.100000,0.001,0.004903,0.004903,4.321,7.00,0.007765,-0.006450,-0.000669,0.002216,-0.002,0.003,-0.894,26.703,0.348,3.124949,-0.001288,0.000103,0.000000,0.000000,0.000000,0.000000,0.000000,0.000000,0,0.00
30.110000,0.001,0.004668,0.004668,4.321,7.00,0.007479,-0.006171,-0.000671,0.002173,-0.001,0.003,-0.893,26.722,0.348,3.124782,-0.001233,0.000103,0.000000,0.000000,0.000000,0.000000,0.000000,0.000000,0,0.00
30.120000,0.001,0.004404,0.004404,4.321,7.00,0.007198,-0.005883,-0.000673,0.002153,-0.001,0.003,-0.893,26.742,0.348,3.124621,-0.001175,0.000103,0.000000,0.000000,0.000000,0.000000,0.000000,0.000000,0,0.00
30.130000,0.001,0.004059,0.004059,4.321,7.00,0.006918,-0.005584,-0.000676,0.002201,-0.001,0.003,-0.893,26.761,0.348,3.124464,-0.001115,0.000103,0.000000,0.000000,0.000000,0.000000,0.000000,0.000000,0,0.00
30.140000,0.001,0.003589,0.003589,4.321,7.00,0.006632,-0.005267,-0.000678,0.002355,-0.001,0.002,-0.892,26.781,0.348,3.124310,-0.001052,0.000103,0.000000,0.000000,0.000000,0.000000,0.000000,0.000000,0,0.00
30.150000,0.001,0.003044,0.003044,4.321,7.00,0.006328,-0.004922,-0.000679,0.002557,-0.001,0.002,-0.892,26.800,0.348,3.124156,-0.000983,0.000103,0.000000,0.000000,0.000000,0.000000,0.000000,0.000000,0,0.00
30.160000,0.001,0.002410,0.002410,4.321,7.00,0.006000,-0.004546,-0.000681,0.002817,-0.001,0.002,-0.892,26.819,0.348,3.124003,-0.000907,0.000103,0.000000,0.000000,0.000000,0.000000,0.000000,0.000000,0,0.00
30.170000,0.001,0.001725,0.001725,4.321,7.00,0.005641,-0.004134,-0.000682,0.003091,-0.001,0.001,-0.891,26.839,0.348,3.123849,-0.000825,0.000102,0.000000,0.000000,0.000000,0.000000,0.000000,0.000000,0,0.00
30.180000,0.001,0.000944,0.000944,4.321,7.00,0.005249,-0.003687,-0.000684,0.003427,-0.001,0.001,-0.891,26.858,0.348,3.123695,-0.000736,0.000102,0.000000,0.000000,0.000000,0.000000,0.000000,0.000000,0,0.00
30.190000,0.001,0.000214,0.000214,4.321,7.00,0.004819,-0.003200,-0.000685,0.003671,-0.001,0.000,-0.890,26.878,0.348,3.123539,-0.000638,0.000102,0.000000,0.000000,0.000000,0.000000,0.000000,0.000000,0,0.00
30.200000,0.001,-0.000497,-0.000497,4.321,7.00,0.004358,-0.002682,-0.000686,0.003865,-0.001,0.000,-0.890,26.897,0.348,3.123385,-0.000535,0.000102,0.000000,0.000000,0.000000,0.000000,0.000000,0.000000,0,0.00
30.210000,0.000,-0.001145,-0.001145,4.321,7.00,0.003873,-0.002137,-0.000687,0.003969,-0.001,0.001,-0.890,26.917,0.348,3.123233,-0.000426,0.000102,0.000000,0.000000,0.000000,0.000000,0.000000,0.000000,0,0.00
30.220000,0.000,-0.001767,-0.001767,4.321,7.00,0.003371,-0.001572,-0.000688,0.004027,-0.001,0.001,-0.889,26.936,0.348,3.123085,-0.000313,0.000102,0.000000,0.000000,0.000000,0.000000,0.000000,0.000000,0,0.00
30.230000,0.000,-0.002342,-0.002342,4.321,7.00,0.002857,-0.000990,-0.000688,0.004020,-0.001,0.002,-0.889,26.956,0.348,3.122943,-0.000196,0.000102,0.000000,0.000000,0.000000,0.000000,0.000000,0.000000,0,0.00
30.240000,0.000,-0.002979,-0.002979,4.321,7.00,0.002337,-0.000395,-0.000688,0.004063,-0.001,0.002,-0.888,26.975,0.348,3.122808,-0.000077,0.000101,0.000000,0.000000,0.000000,0.000000,0.000000,0.000000,0,0.00
30.250000,-0.000,-0.003700,-0.003700,4.321,7.00,0.001806,0.000216,-0.000688,0.004172,-0.000,0.002,-0.888,26.994,0.348,3.122679,0.000045,0.000101,0.000000,0.000000,0.000000,0.000000,0.000000,0.000000,0,0.00
30.260000,-0.000,-0.004339,-0.004339,4.321,7.00,0.001255,0.000848,-0.000688,0.004179,-0.000,0.003,-0.888,27.014,0.348,3.122554,0.000172,0.000101,0.000000,0.000000,0.000000,0.000000,0.000000,0.000000,0,0.00
30.270000,-0.000,-0.005090,-0.005090,4.321,7.00,0.000696,0.001493,-0.000687,0.004284,-0.000,0.003,-0.887,27.033,0.348,3.122436,0.000301,0.000101,0.000000,0.000000,0.000000,0.000000,0.000000,0.000000,0,0.00
30.280000,-0.000,-0.005817,-0.005817,4.321,7.00,0.000117,0.002159,-0.000686,0.004343,-0.000,0.004,-0.887,27.053,0.348,3.122323,0.000434,0.000101,0.000000,0.000000,0.000000,0.000000,0.000000,0.000000,0,0.00
30.290000,-0.001,-0.006499,-0.006499,4.321,7.00,-0.000476,0.002842,-0.000685,0.004342,0.000,0.004,-0.887,27.072,0.348,3.122216,0.000570,0.000100,0.000000,0.000000,0.000000,0.000000,0.000000,0.000000,0,0.00
30.300000,-0.001,-0.007224,-0.007224,4.321,7.00,-0.001078,0.003535,-0.000683,0.004372,0.000,0.005,-0.886,27.092,0.348,3.122117,0.000709,0.000100,0.000000,0.000000,0.000000,0.000000,0.000000,0.000000,0,0.00
30.310000,-0.001,-0.008229,-0.008229,4.321,7.00,-0.001693,0.004243,-0.000681,0.004667,0.000,0.005,-0.886,27.111,0.348,3.122024,0.000851,0.000100,0.000000,0.000000,0.000000,0.000000,0.000000,0.000000,0,0.00
30.320000,-0.001,-0.009152,-0.009152,4.321,7.00,-0.002346,0.004981,-0.000679,0.004850,0.000,0.006,-0.885,27.131,0.348,3.121934,0.000998,0.000099,0.000000,0.000000,0.000000,0.000000,0.000000,0.000000,0,0.00
30.330000,-0.001,-0.010130,-0.010130,4.321,7.00,-0.003027,0.005740,-0.000676,0.005067,0.001,0.007,-0.885,27.150,0.348,3.121849,0.001150,0.000099,0.000000,0.000000,0.000000,0.000000,0.000000,0.000000,0,0.00
30.340000,-0.001,-0.011243,-0.011243,4.321,7.00,-0.003737,0.006520,-0.000674,0.005397,0.001,0.007,-0.885,27.169,0.348,3.121768,0.001306,0.000099,0.000000,0.000000,0.000000,0.000000,0.000000,0.000000,0,0.00
30.350000,-0.001,-0.012457,-0.012457,4.321,7.00,-0.004488,0.007326,-0.000671,0.005802,0.001,0.008,-0.884,27.189,0.348,3.121691,0.001467,0.000098,0.000000,0.000000,0.000000,0.000000,0.000000,0.000000,0,0.00
30.360000,-0.002,-0.013580,-0.013580,4.321,7.00,-0.005285,0.008160,-0.000668,0.006088,0.001,0.009,-0.884,27.208,0.348,3.121618,0.001634,0.000098,0.000000,0.000000,0.000000,0.000000,0.000000,0.000000,0,0.00
30.370000,-0.002,-0.014697,-0.014697,4.321,7.00,-0.006114,0.009010,-0.000664,0.006351,0.001,0.010,-0.884,27.228,0.348,3.121550,0.001804,0.000097,0.000000,0.000000,0.000000,0.000000,0.000000,0.000000,0,0.00
30.380000,-0.002,-0.016078,-0.016078,4.321,7.00,-0.006972,0.009869,-0.000661,0.006870,0.001,0.011,-0.883,27.247,0.348,3.121490,0.001976,0.000097,0.000000,0.000000,0.000000,0.000000,0.000000,0.000000,0,0.00
30.390000,-0.002,-0.017472,-0.017472,4.321,7.00,-0.007883,0.010752,-0.000657,0.007377,0.001,0.012,-0.883,27.267,0.348,3.121433,0.002153,0.000096,0.000000,0.000000,0.000000,0.000000,0.000000,0.000000,0,0.00
30.400000,-0.002,-0.018549,-0.018549,4.321,7.00,-0.008842,0.011653,-0.000653,0.007549,0.002,0.012,-0.883,27.286,0.348,3.121382,0.002333,0.000095,0.000000,0.000000,0.000000,0.000000,0.000000,0.000000,0,0.00
30.410000,-0.003,-0.019570,-0.019570,4.321,7.00,-0.009812,0.012541,-0.000648,0.007677,0.002,0.013,-0.882,27.305,0.348,3.121343,0.002511,0.000095,0.000000,0.000000,0.000000,0.000000,0.000000,0.000000,0,0.00
30.420000,-0.003,-0.020587,-0.020587,4.321,7.00,-0.010788,0.013410,-0.000643,0.007820,0.002,0.014,-0.882,27.325,0.348,3.121318,0.002685,0.000094,0.000000,0.000000,0.000000,0.000000,0.000000,0.000000,0,0.00
30.430000,-0.003,-0.021268,-0.021268,4.321,7.00,-0.011768,0.014258,-0.000638,0.007648,0.002,0.014,-0.882,27.344,0.348,3.121307,0.002854,0.000093,0.000000,0.000000,0.000000,0.000000,0.000000,0.000000,0,0.00
30.440000,-0.003,-0.021518,-0.021518,4.321,7.00,-0.012718,0.015057,-0.000631,0.007092,0.002,0.014,-0.881,27.364,0.348,3.121316,0.003014,0.000092,0.000000,0.000000,0.000000,0.000000,0.000000,0.000000,0,0.00
30.450000,-0.003,-0.021770,-0.021770,4.321,7.00,-0.013598,0.015778,-0.000624,0.006616,0.003,0.015,-0.881,27.383,0.348,3.121353,0.003158,0.000091,0.000000,0.000000,0.000000,0.000000,0.000000,0.000000,0,0.00
30.460000,-0.003,-0.021781,-0.021781,4.321,7.00,-0.014415,0.016428,-0.000616,0.005970,0.003,0.015,-0.881,27.403,0.348,3.121414,0.003288,0.000090,0.000000,0.000000,0.000000,0.000000,0.000000,0.000000,0,0.00
30.470000,-0.003,-0.021713,-0.021713,4.321,7.00,-0.015152,0.016994,-0.000609,0.005327,0.003,0.014,-0.880,27.422,0.348,3.121503,0.003401,0.000089,0.000000,0.000000,0.000000,0.000000,0.000000,0.000000,0,0.00
30.480000,-0.003,-0.021447,-0.021447,4.321,7.00,-0.015808,0.017479,-0.000601,0.004569,0.003,0.014,-0.880,27.442,0.348,3.121616,0.003498,0.000089,0.000000,0.000000,0.000000,0.000000,0.000000,0.000000,0,0.00
30.490000,-0.004,-0.021251,-0.021251,4.321,7.00,-0.016372,0.017876,-0.000592,0.003966,0.003,0.014,-0.880,27.461,0.348,3.121757,0.003578,0.000088,0.000000,0.000000,0.000000,0.000000,0.000000,0.000000,0,0.00
30.500000,-0.004,-0.020936,-0.020936,4.321,7.00,-0.016860,0.018200,-0.000583,0.003319,0.003,0.014,-0.880,27.480,0.348,3.121919,0.003642,0.000087,0.000000,0.000000,0.000000,0.000000,0.000000,0.000000,0,0.00
30.510000,-0.004,-0.020673,-0.020673,4.321,7.00,-0.017267,0.018448,-0.000574,0.002799,0.003,0.014,-0.879,27.500,0.348,3.122103,0.003692,0.000087,0.000000,0.000000,0.000000,0.000000,0.000000,0.000000,0,0.00
30.520000,-0.004,-0.020308,-0.020308,4.321,7.00,-0.017608,0.018633,-0.000567,0.002242,0.003,0.014,-0.879,27.519,0.348,3.122305,0.003729,0.000087,0.000000,0.000000,0.000000,0.000000,0.000000,0.000000,0,0.00
30.530000,-0.004,-0.019934,-0.019934,4.321,7.00,-0.017878,0.018754,-0.000558,0.001739,0.004,0.013,-0.879,27.539,0.348,3.122525,0.003753,0.000086,0.000000,0.000000,0.000000,0.000000,0.000000,0.000000,0,0.00
30.540000,-0.004,-0.019578,-0.019578,4.321,7.00,-0.018083,0.018816,-0.000550,0.001312,0.004,0.013,-0.879,27.558,0.348,3.122760,0.003765,0.000086,0.000000,0.000000,0.000000,0.000000,0.000000,0.000000,0,0.00
30.550000,-0.004,-0.019206,-0.019206,4.321,7.00,-0.018233,0.018828,-0.000542,0.000920,0.004,0.013,-0.878,27.578,0.348,3.123008,0.003768,0.000086,0.000000,0.000000,0.000000,0.000000,0.000000,0.000000,0,0.00
30.560000,-0.004,-0.018768,-0.018768,4.321,7.00,-0.018330,0.018793,-0.000535,0.000510,0.004,0.013,-0.878,27.597,0.348,3.123268,0.003761,0.000086,0.000000,0.000000,0.000000,0.000000,0.000000,0.000000,0,0.00
30.570000,-0.004,-0.018271,-0.018271,4.321,7.00,-0.018374,0.018711,-0.000527,0.000087,0.004,0.012,-0.878,27.617,0.348,3.123538,0.003744,0.000087,0.000000,0.000000,0.000000,0.000000,0.000000,0.000000,0,0.00
30.580000,-0.004,-0.017781,-0.017781,4.321,7.00,-0.018364,0.018584,-0.000520,-0.000283,0.004,0.012,-0.878,27.636,0.348,3.123818,0.003719,0.000087,0.000000,0.000000,0.000000,0.000000,0.000000,0.000000,0,0.00
30.590000,-0.004,-0.017203,-0.017203,4.321,7.00,-0.018305,0.018416,-0.000514,-0.000699,0.004,0.011,-0.878,27.655,0.348,3.124107,0.003685,0.000087,0.000000,0.000000,0.000000,0.000000,0.000000,0.000000,0,0.00
30.600000,-0.004,-0.016587,-0.016587,4.321,7.00,-0.018195,0.018207,-0.000507,-0.001112,0.004,0.011,-0.877,27.675,0.348,3.124404,0.003643,0.000088,0.000000,0.000000,0.000000,0.000000,0.000000,0.000000,0,0.00
30.610000,-0.004,-0.015916,-0.015916,4.321,7.00,-0.018034,0.017958,-0.000502,-0.001540,0.004,0.011,-0.877,27.694,0.348,3.124708,0.003594,0.000088,0.000000,0.000000,0.000000,0.000000,0.000000,0.000000,0,0.00
30.620000,-0.004,-0.015291,-0.015291,4.321,7.00,-0.017822,0.017670,-0.000495,-0.001884,0.004,0.010,-0.877,27.714,0.348,3.125019,0.003536,0.000089,0.000000,0.000000,0.000000,0.000000,0.000000,0.000000,0,0.00
30.630000,-0.003,-0.014634,-0.014634,4.321,7.00,-0.017569,0.017352,-0.000488,-0.002230,0.004,0.010,-0.877,27.733,0.348,3.125333,0.003472,0.000089,0.000000,0.000000,0.000000,0.000000,0.000000,0.000000,0,0.00
30.640000,-0.003,-0.014036,-0.014036,4.321,7.00,-0.017276,0.017007,-0.000482,-0.002489,0.004,0.009,-0.877,27.753,0.348,3.125651,0.003403,0.000090,0.000000,0.000000,0.000000,0.000000,0.000000,0.000000,0,0.00
30.650000,-0.003,-0.013464,-0.013464,4.321,7.00,-0.016952,0.016641,-0.000475,-0.002702,0.004,0.009,-0.876,27.772,0.348,3.125970,0.003330,0.000090,0.000000,0.000000,0.000000,0.000000,0.000000,0.000000,0,0.00
30.660000,-0.003,-0.012977,-0.012977,4.321,7.00,-0.016603,0.016261,-0.000469,-0.002815,0.004,0.009,-0.876,27.792,0.348,3.126288,0.003254,0.000091,0.000000,0.000000,0.000000,0.000000,0.000000,0.000000,0,0.00
30.670000,-0.003,-0.012469,-0.012469,4.321,7.00,-0.016240,0.015874,-0.000462,-0.002942,0.003,0.008,-0.876,27.811,0.348,3.126603,0.003177,0.000092,0.000000,0.000000,0.000000,0.000000,0.000000,0.000000,0,0.00
30.680000,-0.003,-0.012036,-0.012036,4.321,7.00,-0.015863,0.015480,-0.000456,-0.002988,0.003,0.008,-0.876,27.830,0.348,3.126915,0.003098,0.000092,0.000000,0.000000,0.000000,0.000000,0.000000,0.000000,0,0.00
30.690000,-0.003,-0.011640,-0.011640,4.321,7.00,-0.015481,0.015086,-0.000449,-0.002996,0.003,0.008,-0.876,27.850,0.348,3.127222,0.003019,0.000093,0.000000,0.000000,0.000000,0.000000,0.000000,0.000000,0,0.00
30.700000,-0.003,-0.011329,-0.011329,4.321,7.00,-0.015097,0.014693,-0.000442,-0.002922,0.003,0.008,-0.876,27.869,0.348,3.127524,0.002940,0.000094,0.000000,0.000000,0.000000,0.000000,0.000000,0.000000,0,0.00
30.710000,-0.003,-0.011028,-0.011028,4.321,7.00,-0.014720,0.014309,-0.000436,-0.002845,0.003,0.007,-0.875,27.889,0.348,3.127818,0.002863,0.000094,0.000000,0.000000,0.000000,0.000000,0.000000,0.000000,0,0.00
30.720000,-0.003,-0.010764,-0.010764,4.321,7.00,-0.014351,0.013930,-0.000429,-0.002738,0.003,0.007,-0.875,27.908,0.348,3.128105,0.002788,0.000095,0.000000,0.000000,0.000000,0.000000,0.000000,0.000000,0,0.00
30.730000,-0.003,-0.010676,-0.010676,4.321,7.00,-0.013992,0.013560,-0.000419,-0.002464,0.003,0.007,-0.875,27.928,0.348,3.128385,0.002713,0.000095,0.000000,0.000000,0.000000,0.000000,0.000000,0.000000,0,0.00
30.740000,-0.003,-0.010463,-0.010463,4.321,7.00,-0.013660,0.013207,-0.000412,-0.002332,0.003,0.007,-0.875,27.947,0.348,3.128654,0.002643,0.000096,0.000000,0.000000,0.000000,0.000000,0.000000,0.000000,0,0.00
30.750000,-0.003,-0.010207,-0.010207,4.321,7.00,-0.013341,0.012858,-0.000406,-0.002245,0.003,0.007,-0.875,27.967,0.348,3.128915,0.002573,0.000097,0.000000,0.000000,0.000000,0.000000,0.000000,0.000000,0,0.00
30.760000,-0.003,-0.009833,-0.009833,4.321,7.00,-0.013027,0.012508,-0.000401,-0.002275,0.003,0.007,-0.875,27.986,0.348,3.129171,0.002503,0.000097,0.000000,0.000000,0.000000,0.000000,0.000000,0.000000,0,0.00
30.770000,-0.002,-0.009462,-0.009462,4.321,7.00,-0.012708,0.012147,-0.000395,-0.002290,0.003,0.006,-0.875,28.005,0.348,3.129424,0.002431,0.000098,0.000000,0.000000,0.000000,0.000000,0.000000,0.000000,0,0.00
30.780000,-0.002,-0.008856,-0.008856,4.321,7.00,-0.012383,0.011775,-0.000390,-0.002529,0.003,0.006,-0.875,28.025,0.348,3.129672,0.002356,0.000098,0.000000,0.000000,0.000000,0.000000,0.000000,0.000000,0,0.00
30.790000,-0.002,-0.008318,-0.008318,4.321,7.00,-0.012031,0.011374,-0.000385,-0.002670,0.003,0.006,-0.874,28.044,0.348,3.129921,0.002276,0.000099,0.000000,0.000000,0.000000,0.000000,0.000000,0.000000,0,0.00
30.800000,-0.002,-0.007630,-0.007630,4.321,7.00,-0.011659,0.010951,-0.000381,-0.002940,0.003,0.005,-0.874,28.064,0.348,3.130168,0.002192,0.000100,0.000000,0.000000,0.000000,0.000000,0.000000,0.000000,0,0.00
30.810000,-0.002,-0.007026,-0.007026,4.321,7.00,-0.011256,0.010498,-0.000377,-0.003096,0.002,0.005,-0.874,28.083,0.348,3.130415,0.002101,0.000100,0.000000,0.000000,0.000000,0.000000,0.000000,0.000000,0,0.00
30.820000,-0.002,-0.006269,-0.006269,4.321,7.00,-0.010833,0.010024,-0.000373,-0.003382,0.002,0.004,-0.874,28.103,0.348,3.130660,0.002006,0.000101,0.000000,0.000000,0.000000,0.000000,0.000000,0.000000,0,0.00
30.830000,-0.002,-0.005375,-0.005375,4.321,7.00,-0.010377,0.009520,-0.000370,-0.003775,0.002,0.004,-0.874,28.122,0.348,3.130904,0.001905,0.000102,0.000000,0.000000,0.000000,0.000000,0.000000,0.000000,0,0.00
30.840000,-0.002,-0.004443,-0.004443,4.321,7.00,-0.009877,0.008978,-0.000367,-0.004169,0.002,0.003,-0.874,28.141,0.348,3.131149,0.001797,0.000102,0.000000,0.000000,0.000000,0.000000,0.000000,0.000000,0,0.00
30.850000,-0.002,-0.003538,-0.003538,4.321,7.00,-0.009333,0.008402,-0.000364,-0.004501,0.002,0.002,-0.874,28.161,0.348,3.131395,0.001682,0.000103,0.000000,0.000000,0.000000,0.000000,0.000000,0.000000,0,0.00
30.860000,-0.002,-0.002487,-0.002487,4.321,7.00,-0.008754,0.007799,-0.000361,-0.004950,0.002,0.002,-0.873,28.180,0.348,3.131638,0.001561,0.000104,0.000000,0.000000,0.000000,0.000000,0.000000,0.000000,0,0.00
30.870000,-0.001,-0.001596,-0.001596,4.321,7.00,-0.008127,0.007161,-0.000359,-0.005206,0.002,0.001,-0.873,28.200,0.348,3.131882,0.001433,0.000104,0.000000,0.000000,0.000000,0.000000,0.000000,0.000000,0,0.00
30.880000,-0.001,-0.000809,-0.000809,4.321,7.00,-0.007474,0.006506,-0.000356,-0.005341,0.002,0.001,-0.873,28.219,0.348,3.132120,0.001302,0.000105,0.000000,0.000000,0.000000,0.000000,0.000000,0.000000,0,0.00
30.890000,-0.001,-0.000045,-0.000045,4.321,7.00,-0.006808,0.005844,-0.000354,-0.005445,0.002,0.000,-0.873,28.239,0.348,3.132351,0.001170,0.000105,0.000000,0.000000,0.000000,0.000000,0.000000,0.000000,0,0.00
30.900000,-0.001,0.000600,0.000600,4.321,7.00,-0.006132,0.005177,-0.000352,-0.005426,0.002,0.000,-0.873,28.258,0.348,3.132574,0.001036,0.000106,0.000000,0.000000,0.000000,0.000000,0.000000,0.000000,0,0.00
30.910000,-0.001,0.001044,0.001044,4.321,7.00,-0.005458,0.004515,-0.000350,-0.005210,0.001,0.001,-0.873,28.278,0.348,3.132786,0.000904,0.000107,0.000000,0.000000,0.000000,0.000000,0.000000,0.000000,0,0.00
30.920000,-0.001,0.001533,0.001533,4.321,7.00,-0.004808,0.003872,-0.000348,-0.005057,0.001,0.001,-0.873,28.297,0.348,3.132983,0.000775,0.000107,0.000000,0.000000,0.000000,0.000000,0.000000,0.000000,0,0.00
30.930000,-0.001,0.001972,0.001972,4.321,7.00,-0.004174,0.003240,-0.000346,-0.004865,0.001,0.001,-0.873,28.316,0.348,3.133167,0.000649,0.000108,0.000000,0.000000,0.000000,0.000000,0.000000,0.000000,0,0.00
30.940000,-0.001,0.002382,0.002382,4.321,7.00,-0.003560,0.002622,-0.000345,-0.004659,0.001,0.002,-0.873,28.336,0.348,3.133338,0.000525,0.000108,0.000000,0.000000,0.000000,0.000000,0.000000,0.000000,0,0.00
30.950000,-0.000,0.002719,0.002719,4.321,7.00,-0.002965,0.002016,-0.000344,-0.004391,0.001,0.002,-0.872,28.355,0.348,3.133496,0.000404,0.000108,0.000000,0.000000,0.000000,0.000000,0.000000,0.000000,0,0.00
30.960000,-0.000,0.003196,0.003196,4.321,7.00,-0.002397,0.001425,-0.000344,-0.004278,0.001,0.002,-0.872,28.375,0.348,3.133641,0.000286,0.000109,0.000000,0.000000,0.000000,0.000000,0.000000,0.000000,0,0.00
30.970000,-0.000,0.003705,0.003705,4.321,7.00,-0.001838,0.000836,-0.000343,-0.004198,0.001,0.002,-0.872,28.394,0.348,3.133775,0.000168,0.000109,0.000000,0.000000,0.000000,0.000000,0.000000,0.000000,0,0.00
30.980000,-0.000,0.004287,0.004287,4.321,7.00,-0.001283,0.000245,-0.000343,-0.004189,0.001,0.003,-0.872,28.414,0.348,3.133900,0.000050,0.000109,0.000000,0.000000,0.000000,0.000000,0.000000,0.000000,0,0.00
30.990000,0.000,0.004897,0.004897,4.321,7.00,-0.000726,-0.000353,-0.000343,-0.004200,0.000,0.003,-0.872,28.433,0.348,3.134017,-0.000070,0.000110,0.000000,0.000000,0.000000,0.000000,0.000000,0.000000,0,0.00
31.000000,0.000,0.005649,0.005649,4.321,7.00,-0.000164,-0.000960,-0.000344,-0.004346,0.000,0.004,-0.872,28.453,0.348,3.134127,-0.000191,0.000110,0.000000,0.000000,0.000000,0.000000,0.000000,0.000000,0,0.00
31.010000,0.000,0.006367,0.006367,4.321,7.00,0.000417,-0.001586,-0.000344,-0.004436,0.000,0.004,-0.872,28.472,0.348,3.134233,-0.000316,0.000110,0.000000,0.000000,0.000000,0.000000,0.000000,0.000000,0,0.00
31.020000,0.000,0.007217,0.007217,4.321,7.00,0.001012,-0.002226,-0.000345,-0.004645,0.000,0.005,-0.871,28.491,0.348,3.134331,-0.000444,0.000110,0.000000,0.000000,0.000000,0.000000,0.000000,0.000000,0,0.00
31.030000,0.001,0.008013,0.008013,4.321,7.00,0.001632,-0.002887,-0.000346,-0.004779,-0.000,0.005,-0.871,28.511,0.348,3.134426,-0.000577,0.000110,0.000000,0.000000,0.000000,0.000000,0.000000,0.000000,0,0.00
31.040000,0.001,0.008815,0.008815,4.321,7.00,0.002270,-0.003563,-0.000348,-0.004904,-0.000,0.006,-0.871,28.530,0.348,3.134514,-0.000712,0.000110,0.000000,0.000000,0.000000,0.000000,0.000000,0.000000,0,0.00
31.050000,0.001,0.009900,0.009900,4.321,7.00,0.002925,-0.004250,-0.000349,-0.005300,-0.000,0.007,-0.871,28.550,0.348,3.134595,-0.000849,0.000110,0.000000,0.000000,0.000000,0.000000,0.000000,0.000000,0,0.00
31.060000,0.001,0.010968,0.010968,4.321,7.00,0.003622,-0.004968,-0.000351,-0.005649,-0.000,0.007,-0.871,28.569,0.348,3.134675,-0.000993,0.000110,0.000000,0.000000,0.000000,0.000000,0.000000,0.000000,0,0.00
31.070000,0.001,0.012045,0.012045,4.321,7.00,0.004357,-0.005708,-0.000353,-0.005984,-0.001,0.008,-0.871,28.589,0.348,3.134751,-0.001141,0.000110,0.000000,0.000000,0.000000,0.000000,0.000000,0.000000,0,0.00
31.080000,0.001,0.012976,0.012976,4.321,7.00,0.005126,-0.006467,-0.000356,-0.006153,-0.001,0.009,-0.870,28.608,0.348,3.134822,-0.001293,0.000110,0.000000,0.000000,0.000000,0.000000,0.000000,0.000000,0,0.00
31.090000,0.001,0.013999,0.013999,4.321,7.00,0.005911,-0.007229,-0.000358,-0.006412,-0.001,0.009,-0.870,28.628,0.348,3.134884,-0.001445,0.000110,0.000000,0.000000,0.000000,0.000000,0.000000,0.000000,0,0.00
31.100000,0.002,0.014750,0.014750,4.321,7.00,0.006719,-0.007998,-0.000362,-0.006390,-0.001,0.010,-0.870,28.647,0.348,3.134938,-0.001599,0.000110,0.000000,0.000000,0.000000,0.000000,0.000000,0.000000,0,0.00
31.110000,0.002,0.015314,0.015314,4.321,7.00,0.007522,-0.008751,-0.000365,-0.006197,-0.001,0.010,-0.870,28.666,0.348,3.134979,-0.001749,0.000109,0.000000,0.000000,0.000000,0.000000,0.000000,0.000000,0,0.00
31.120000,0.002,0.015736,0.015736,4.321,7.00,0.008302,-0.009474,-0.000370,-0.005892,-0.001,0.010,-0.870,28.686,0.348,3.135003,-0.001894,0.000109,0.000000,0.000000,0.000000,0.000000,0.000000,0.000000,0,0.00
31.130000,0.002,0.016170,0.016170,4.321,7.00,0.009045,-0.010159,-0.000374,-0.005637,-0.001,0.011,-0.870,28.705,0.348,3.135009,-0.002031,0.000108,0.000000,0.000000,0.000000,0.000000,0.000000,0.000000,0,0.00
31.140000,0.002,0.016544,0.016544,4.321,7.00,0.009757,-0.010809,-0.000379,-0.005356,-0.002,0.011,-0.869,28.725,0.348,3.134999,-0.002161,0.000108,0.000000,0.000000,0.000000,0.000000,0.000000,0.000000,0,0.00
31.150000,0.002,0.016683,0.016683,4.321,7.00,0.010436,-0.011423,-0.000384,-0.004876,-0.002,0.011,-0.869,28.744,0.348,3.134971,-0.002284,0.000107,0.000000,0.000000,0.000000,0.000000,0.000000,0.000000,0,0.00
31.160000,0.002,0.016912,0.016912,4.321,7.00,0.011061,-0.011986,-0.000390,-0.004535,-0.002,0.011,-0.869,28.764,0.348,3.134923,-0.002397,0.000107,0.000000,0.000000,0.000000,0.000000,0.000000,0.000000,0,0.00
# Log beendet. Einträge: 3116
