timestamp,roll_angle,steering_output,final_steer,target_speed,actual_speed_kmh,actual_handlebar_angle,p_term,i_term,d_term,error,stability_factor,pos_x,pos_y,pos_z,yaw,pitch,roll_world,vision_error,vision_steer_command,vision_speed_command,vision_p_term,vision_i_term,vision_d_term,vision_active,vision_mask_coverage
0.010000,0.003,0.036490,0.036490,18.519,0.00,-0.000003,-0.013258,-0.000006,-0.023226,0.000,0.024,-2.008,-31.170,0.349,3.140126,-0.002953,-0.004667,0.000000,0.000000,0.000000,0.000000,0.000000,0.000000,0,0.00
0.020000,0.002,0.026942,0.026942,18.519,3.24,0.003648,-0.008716,-0.000012,-0.018214,0.000,0.018,-2.009,-31.169,0.349,3.139498,-0.001950,-0.006134,0.000000,0.000000,0.000000,0.000000,0.000000,0.000000,0,0.00
0.030000,0.001,0.011302,0.011302,18.519,5.83,0.005977,-0.002794,-0.000014,-0.008494,0.000,0.008,-2.009,-31.167,0.349,3.138558,-0.000640,-0.006213,0.000000,0.000000,0.000000,0.000000,0.000000,0.000000,0,0.00
0.040000,-0.001,-0.009693,-0.009693,18.519,7.90,0.006510,0.004860,-0.000011,0.004844,0.000,0.006,-2.008,-31.165,0.349,3.137230,0.001057,-0.005399,0.000000,0.000000,0.000000,0.000000,0.000000,0.000000,0,0.00
0.050000,-0.003,-0.037879,-0.037879,18.519,9.56,0.004890,0.014532,-0.000005,0.023353,-0.003,0.025,-2.008,-31.163,0.349,3.135462,0.003206,-0.003861,0.000000,0.000000,0.000000,0.000000,0.000000,0.000000,0,0.00
0.060000,-0.006,-0.093998,-0.093998,18.519,10.88,0.000614,0.026638,0.000007,0.067353,-0.002,0.063,-2.008,-31.161,0.348,3.133169,0.005906,-0.001654,0.000000,0.000000,0.000000,0.000000,0.000000,0.000000,0,0.00
0.070000,-0.008,-0.115592,-0.115592,18.519,11.94,-0.008845,0.035228,0.000020,0.080343,-0.001,0.077,-2.008,-31.158,0.348,3.131720,0.007816,-0.001278,0.000000,0.000000,0.000000,0.000000,0.000000,0.000000,0,0.00
0.080000,-0.010,-0.135427,-0.135427,18.519,12.79,-0.019520,0.044744,0.000037,0.090646,0.001,0.090,-2.007,-31.155,0.348,3.130123,0.009930,-0.001228,0.000000,0.000000,0.000000,0.000000,0.000000,0.000000,0,0.00
0.090000,-0.012,-0.152791,-0.152791,18.519,13.47,-0.031110,0.054970,0.000059,0.097762,0.003,0.102,-2.007,-31.151,0.348,3.128440,0.012201,-0.001235,0.000000,0.000000,0.000000,0.000000,0.000000,0.000000,0,0.00
0.100000,-0.015,-0.171454,-0.171454,18.519,14.01,-0.043278,0.065653,0.000080,0.105722,0.006,0.114,-2.006,-31.146,0.348,3.126745,0.014573,-0.001257,0.000000,0.000000,0.000000,0.000000,0.000000,0.000000,0,0.00
0.110000,-0.017,-0.186755,-0.186755,18.519,14.45,-0.056095,0.076790,0.000107,0.109858,0.008,0.125,-2.006,-31.142,0.348,3.125034,0.017046,-0.001293,0.000000,0.000000,0.000000,0.000000,0.000000,0.000000,0,0.00
0.120000,-0.020,-0.201904,-0.201904,18.519,14.80,-0.069160,0.088078,0.000143,0.113683,0.010,0.135,-2.005,-31.137,0.348,3.123387,0.019553,-0.001343,0.000000,0.000000,0.000000,0.000000,0.000000,0.000000,0,0.00
0.130000,-0.022,-0.209276,-0.209276,18.519,15.07,-0.082434,0.099437,0.000199,0.109641,0.012,0.140,-2.005,-31.131,0.348,3.121818,0.022075,-0.001410,0.000000,0.000000,0.000000,0.000000,0.000000,0.000000,0,0.00
0.140000,-0.025,-0.219538,-0.219538,18.519,15.30,-0.095118,0.110304,0.000246,0.108988,0.015,0.146,-2.004,-31.125,0.348,3.120478,0.024488,-0.001488,0.000000,0.000000,0.000000,0.000000,0.000000,0.000000,0,0.00
0.150000,-0.027,-0.228796,-0.228796,18.519,15.47,-0.107560,0.120833,0.000286,0.107677,0.017,0.153,-2.004,-31.119,0.348,3.119298,0.026827,-0.001578,0.000000,0.000000,0.000000,0.000000,0.000000,0.000000,0,0.00
0.160000,-0.029,-0.237653,-0.237653,18.519,15.62,-0.119684,0.130917,0.000331,0.106405,0.020,0.158,-2.003,-31.113,0.348,3.118293,0.029066,-0.001676,0.000000,0.000000,0.000000,0.000000,0.000000,0.000000,0,0.00
0.170000,-0.031,-0.244170,-0.244170,18.519,15.73,-0.131480,0.140492,0.000387,0.103290,0.022,0.163,-2.003,-31.106,0.348,3.117464,0.031192,-0.001782,0.000000,0.000000,0.000000,0.000000,0.000000,0.000000,0,0.00
0.180000,-0.033,-0.254701,-0.254701,18.519,15.82,-0.142749,0.149375,0.000447,0.104879,0.025,0.170,-2.002,-31.098,0.348,3.116848,0.033164,-0.001891,0.000000,0.000000,0.000000,0.000000,0.000000,0.000000,0,0.00
0.190000,-0.035,-0.259728,-0.259728,18.519,15.89,-0.153944,0.157798,0.000511,0.101419,0.027,0.173,-2.002,-31.091,0.348,3.116356,0.035034,-0.002006,0.000000,0.000000,0.000000,0.000000,0.000000,0.000000,0,0.00
0.200000,-0.037,-0.255684,-0.255684,18.519,15.95,-0.164522,0.165367,0.000585,0.089732,0.029,0.170,-2.001,-31.083,0.348,3.116093,0.036714,-0.002119,0.000000,0.000000,0.000000,0.000000,0.000000,0.000000,0,0.00
0.210000,-0.038,-0.249947,-0.249947,18.519,16.00,-0.173639,0.171497,0.000656,0.077794,0.031,0.167,-2.001,-31.074,0.348,3.116213,0.038076,-0.002220,0.000000,0.000000,0.000000,0.000000,0.000000,0.000000,0,0.00
0.220000,-0.039,-0.244448,-0.244448,18.519,16.04,-0.181270,0.176128,0.000731,0.067589,0.033,0.163,-2.000,-31.065,0.348,3.116703,0.039104,-0.002304,0.000000,0.000000,0.000000,0.000000,0.000000,0.000000,0,0.00
0.230000,-0.040,-0.235321,-0.235321,18.519,16.07,-0.187588,0.179332,0.000820,0.055170,0.035,0.157,-2.000,-31.056,0.348,3.117516,0.039817,-0.002370,0.000000,0.000000,0.000000,0.000000,0.000000,0.000000,0,0.00
0.240000,-0.040,-0.223196,-0.223196,18.519,16.09,-0.192361,0.180935,0.000910,0.041350,0.037,0.149,-2.000,-31.047,0.348,3.118682,0.040174,-0.002415,0.000000,0.000000,0.000000,0.000000,0.000000,0.000000,0,0.00
0.250000,-0.040,-0.209506,-0.209506,18.519,16.11,-0.195445,0.180827,0.000991,0.027688,0.038,0.140,-2.000,-31.037,0.348,3.120210,0.040152,-0.002434,0.000000,0.000000,0.000000,0.000000,0.000000,0.000000,0,0.00
0.260000,-0.040,-0.193256,-0.193256,18.519,16.12,-0.196852,0.179004,0.001083,0.013168,0.039,0.129,-1.999,-31.027,0.348,3.122078,0.039750,-0.002427,0.000000,0.000000,0.000000,0.000000,0.000000,0.000000,0,0.00
0.270000,-0.039,-0.175937,-0.175937,18.519,16.14,-0.196492,0.175526,0.001172,-0.000760,0.040,0.117,-1.999,-31.016,0.348,3.124281,0.038980,-0.002394,0.000000,0.000000,0.000000,0.000000,0.000000,0.000000,0,0.00
0.280000,-0.038,-0.158172,-0.158172,18.519,16.15,-0.194437,0.170440,0.001262,-0.013530,0.040,0.105,-1.999,-31.005,0.348,3.126783,0.037854,-0.002337,0.000000,0.000000,0.000000,0.000000,0.000000,0.000000,0,0.00
0.290000,-0.036,-0.138859,-0.138859,18.519,16.15,-0.190811,0.163848,0.001345,-0.026334,0.040,0.093,-2.000,-30.994,0.348,3.129539,0.036394,-0.002259,0.000000,0.000000,0.000000,0.000000,0.000000,0.000000,0,0.00
0.300000,-0.035,-0.119630,-0.119630,18.519,16.16,-0.185616,0.155783,0.001431,-0.037584,0.040,0.080,-2.000,-30.983,0.348,3.132526,0.034607,-0.002161,0.000000,0.000000,0.000000,0.000000,0.000000,0.000000,0,0.00
0.310000,-0.033,-0.098995,-0.098995,18.519,16.17,-0.179018,0.146387,0.001508,-0.048901,0.039,0.066,-2.000,-30.971,0.348,3.135689,0.032525,-0.002049,0.000000,0.000000,0.000000,0.000000,0.000000,0.000000,0,0.00
0.320000,-0.030,-0.078263,-0.078263,18.519,16.17,-0.171016,0.135696,0.001582,-0.059015,0.038,0.052,-2.001,-30.959,0.348,3.139010,0.030154,-0.001925,0.000000,0.000000,0.000000,0.000000,0.000000,0.000000,0,0.00
0.330000,-0.028,-0.052939,-0.052939,18.519,16.17,-0.161742,0.123873,0.001637,-0.072571,0.036,0.035,-2.001,-30.946,0.348,-3.140747,0.027532,-0.001795,0.000000,0.000000,0.000000,0.000000,0.000000,0.000000,0,0.00
0.340000,-0.025,-0.029423,-0.029423,18.519,16.18,-0.150862,0.110745,0.001692,-0.083015,0.035,0.020,-2.002,-30.933,0.348,-3.137166,0.024620,-0.001656,0.000000,0.000000,0.000000,0.000000,0.000000,0.000000,0,0.00
0.350000,-0.021,-0.003634,-0.003634,18.519,16.18,-0.138719,0.096600,0.001739,-0.094704,0.033,0.002,-2.003,-30.920,0.348,-3.133519,0.021481,-0.001519,0.000000,0.000000,0.000000,0.000000,0.000000,0.000000,0,0.00
0.360000,-0.018,0.020797,0.020797,18.519,16.18,-0.125211,0.081447,0.001780,-0.104024,0.030,0.014,-2.004,-30.906,0.348,-3.129809,0.018118,-0.001385,0.000000,0.000000,0.000000,0.000000,0.000000,0.000000,0,0.00
0.370000,-0.015,0.050707,0.050707,18.519,16.18,-0.110611,0.065543,0.001808,-0.118058,0.028,0.034,-2.005,-30.892,0.348,-3.126107,0.014587,-0.001261,0.000000,0.000000,0.000000,0.000000,0.000000,0.000000,0,0.00
0.380000,-0.011,0.077365,0.077365,18.519,16.18,-0.094480,0.048693,0.001829,-0.127888,0.025,0.052,-2.006,-30.878,0.348,-3.122349,0.010845,-0.001149,0.000000,0.000000,0.000000,0.000000,0.000000,0.000000,0,0.00
0.390000,-0.007,0.104939,0.104939,18.519,16.18,-0.077296,0.031306,0.001843,-0.138089,0.021,0.070,-2.007,-30.864,0.348,-3.118648,0.006983,-0.001055,0.000000,0.000000,0.000000,0.000000,0.000000,0.000000,0,0.00
0.400000,-0.003,0.130302,0.130302,18.519,16.18,-0.059073,0.013491,0.001849,-0.145642,0.018,0.087,-2.008,-30.849,0.348,-3.115024,0.003025,-0.000983,0.000000,0.000000,0.000000,0.000000,0.000000,0.000000,0,0.00
0.410000,0.001,0.166111,0.166111,18.519,16.18,-0.040137,-0.004436,0.001848,-0.163523,0.015,0.111,-2.009,-30.833,0.348,-3.111553,-0.000958,-0.000937,0.000000,0.000000,0.000000,0.000000,0.000000,0.000000,0,0.00
0.420000,0.005,0.187409,0.187409,18.519,16.18,-0.019513,-0.022999,0.001837,-0.166248,0.011,0.125,-2.011,-30.818,0.348,-3.108066,-0.005083,-0.000919,0.000000,0.000000,0.000000,0.000000,0.000000,0.000000,0,0.00
0.430000,0.009,0.200567,0.200567,18.519,16.18,0.001190,-0.041015,0.001815,-0.161367,0.007,0.134,-2.012,-30.802,0.348,-3.104890,-0.009086,-0.000933,0.000000,0.000000,0.000000,0.000000,0.000000,0.000000,0,0.00
0.440000,0.013,0.224132,0.224132,18.519,16.18,0.021117,-0.057844,0.001794,-0.168082,0.003,0.149,-2.014,-30.786,0.348,-3.102175,-0.012826,-0.000975,0.000000,0.000000,0.000000,0.000000,0.000000,0.000000,0,0.00
0.450000,0.016,0.241920,0.241920,18.519,16.19,0.041417,-0.074127,0.001765,-0.169558,-0.001,0.161,-2.015,-30.769,0.348,-3.099700,-0.016444,-0.001044,0.000000,0.000000,0.000000,0.000000,0.000000,0.000000,0,0.00
0.460000,0.020,0.247607,0.247607,18.519,16.19,0.061467,-0.089360,0.001731,-0.159977,-0.005,0.165,-2.017,-30.752,0.348,-3.097584,-0.019828,-0.001137,0.000000,0.000000,0.000000,0.000000,0.000000,0.000000,0,0.00
0.470000,0.023,0.256483,0.256483,18.519,16.19,0.080080,-0.102662,0.001692,-0.155513,-0.009,0.171,-2.018,-30.735,0.348,-3.096042,-0.022783,-0.001243,0.000000,0.000000,0.000000,0.000000,0.000000,0.000000,0,0.00
0.480000,0.025,0.267423,0.267423,18.519,16.19,0.097720,-0.114261,0.001651,-0.154814,-0.013,0.178,-2.020,-30.717,0.348,-3.094964,-0.025358,-0.001358,0.000000,0.000000,0.000000,0.000000,0.000000,0.000000,0,0.00
0.490000,0.028,0.257410,0.257410,18.519,16.19,0.114690,-0.124284,0.001595,-0.134720,-0.016,0.172,-2.021,-30.699,0.348,-3.094279,-0.027583,-0.001478,0.000000,0.000000,0.000000,0.000000,0.000000,0.000000,0,0.00
0.500000,0.029,0.245864,0.245864,18.519,16.19,0.128962,-0.131307,0.001541,-0.116098,-0.020,0.164,-2.022,-30.681,0.348,-3.094354,-0.029141,-0.001582,0.000000,0.000000,0.000000,0.000000,0.000000,0.000000,0,0.00
0.510000,0.030,0.225959,0.225959,18.519,16.19,0.140653,-0.135388,0.001484,-0.092056,-0.023,0.151,-2.024,-30.662,0.348,-3.095118,-0.030046,-0.001662,0.000000,0.000000,0.000000,0.000000,0.000000,0.000000,0,0.00
0.520000,0.030,0.200142,0.200142,18.519,16.19,0.149184,-0.136137,0.001417,-0.065422,-0.025,0.133,-2.025,-30.643,0.348,-3.096635,-0.030211,-0.001707,0.000000,0.000000,0.000000,0.000000,0.000000,0.000000,0,0.00
0.530000,0.030,0.167404,0.167404,18.519,16.19,0.154280,-0.133353,0.001353,-0.035405,-0.028,0.112,-2.026,-30.624,0.348,-3.098896,-0.029592,-0.001711,0.000000,0.000000,0.000000,0.000000,0.000000,0.000000,0,0.00
0.540000,0.028,0.132176,0.132176,18.519,16.19,0.155594,-0.126499,0.001290,-0.006967,-0.029,0.088,-2.027,-30.604,0.348,-3.101902,-0.028071,-0.001665,0.000000,0.000000,0.000000,0.000000,0.000000,0.000000,0,0.00
0.550000,0.026,0.088812,0.088812,18.519,16.19,0.153253,-0.115398,0.001236,0.025350,-0.030,0.059,-2.028,-30.584,0.348,-3.105556,-0.025607,-0.001572,0.000000,0.000000,0.000000,0.000000,0.000000,0.000000,0,0.00
0.560000,0.022,0.043392,0.043392,18.519,16.19,0.146809,-0.099887,0.001181,0.055313,-0.030,0.029,-2.029,-30.564,0.348,-3.109870,-0.022164,-0.001437,0.000000,0.000000,0.000000,0.000000,0.000000,0.000000,0,0.00
0.570000,0.018,-0.007038,-0.007038,18.519,16.19,0.136469,-0.080296,0.001139,0.086195,-0.030,0.005,-2.029,-30.544,0.348,-3.114717,-0.017817,-0.001275,0.000000,0.000000,0.000000,0.000000,0.000000,0.000000,0,0.00
0.580000,0.013,-0.059865,-0.059865,18.519,16.19,0.122119,-0.056695,0.001108,0.115452,-0.028,0.040,-2.030,-30.523,0.348,-3.120049,-0.012578,-0.001099,0.000000,0.000000,0.000000,0.000000,0.000000,0.000000,0,0.00
0.590000,0.007,-0.117722,-0.117722,18.519,16.19,0.103922,-0.029434,0.001093,0.146062,-0.026,0.078,-2.031,-30.502,0.348,-3.125749,-0.006527,-0.000931,0.000000,0.000000,0.000000,0.000000,0.000000,0.000000,0,0.00
0.600000,-0.000,-0.177872,-0.177872,18.519,16.19,0.081759,0.001331,0.001094,0.175447,-0.022,0.119,-2.031,-30.481,0.348,-3.131759,0.000304,-0.000792,0.000000,0.000000,0.000000,0.000000,0.000000,0.000000,0,0.00
0.610000,-0.008,-0.247790,-0.247790,18.519,16.19,0.055798,0.035368,0.001110,0.211312,-0.018,0.165,-2.032,-30.459,0.348,-3.137969,0.007862,-0.000706,0.000000,0.000000,0.000000,0.000000,0.000000,0.000000,0,0.00
0.620000,-0.016,-0.300000,-0.300000,18.519,16.19,0.025443,0.072804,0.001144,0.244271,-0.013,0.200,-2.032,-30.437,0.348,3.138769,0.016178,-0.000700,0.000000,0.000000,0.000000,0.000000,0.000000,0.000000,0,0.00
0.630000,-0.025,-0.300000,-0.300000,18.519,16.19,-0.007112,0.112316,0.001203,0.270342,-0.007,0.200,-2.033,-30.415,0.348,3.132576,0.024956,-0.000799,0.000000,0.000000,0.000000,0.000000,0.000000,0.000000,0,0.00
0.640000,-0.033,-0.300000,-0.300000,18.519,16.19,-0.036392,0.150325,0.001273,0.293182,0.000,0.200,-2.033,-30.393,0.348,3.127666,0.033401,-0.000987,0.000000,0.000000,0.000000,0.000000,0.000000,0.000000,0,0.00
0.650000,-0.042,-0.300000,-0.300000,18.519,16.19,-0.062751,0.188238,0.001363,0.307417,0.008,0.200,-2.034,-30.370,0.348,3.123894,0.041827,-0.001244,0.000000,0.000000,0.000000,0.000000,0.000000,0.000000,0,0.00
0.660000,-0.050,-0.300000,-0.300000,18.519,16.19,-0.086475,0.226205,0.001457,0.321498,0.016,0.200,-2.036,-30.347,0.348,3.121134,0.050268,-0.001555,0.000000,0.000000,0.000000,0.000000,0.000000,0.000000,0,0.00
0.670000,-0.059,-0.300000,-0.300000,18.519,16.19,-0.107827,0.264924,0.001577,0.326625,0.025,0.200,-2.038,-30.323,0.348,3.119277,0.058878,-0.001916,0.000000,0.000000,0.000000,0.000000,0.000000,0.000000,0,0.00
0.680000,-0.068,-0.300000,-0.300000,18.519,16.19,-0.127044,0.305946,0.001708,0.342560,0.033,0.200,-2.040,-30.300,0.348,3.118224,0.068005,-0.002324,0.000000,0.000000,0.000000,0.000000,0.000000,0.000000,0,0.00
0.690000,-0.078,-0.300000,-0.300000,18.519,16.19,-0.144339,0.349748,0.001830,0.377569,0.042,0.200,-2.044,-30.276,0.348,3.117892,0.077756,-0.002783,0.000000,0.000000,0.000000,0.000000,0.000000,0.000000,0,0.00
0.700000,-0.088,-0.300000,-0.300000,18.519,16.19,-0.159905,0.396374,0.001979,0.413093,0.050,0.200,-2.047,-30.251,0.348,3.118202,0.088145,-0.003294,0.000000,0.000000,0.000000,0.000000,0.000000,0.000000,0,0.00
0.710000,-0.099,-0.300000,-0.300000,18.519,16.19,-0.173915,0.445861,0.002168,0.433224,0.059,0.200,-2.052,-30.227,0.348,3.119088,0.099182,-0.003867,0.000000,0.000000,0.000000,0.000000,0.000000,0.000000,0,0.00
0.720000,-0.111,-0.300000,-0.300000,18.519,16.19,-0.186523,0.498244,0.002344,0.482107,0.068,0.200,-2.057,-30.202,0.348,3.120490,0.110879,-0.004508,0.000000,0.000000,0.000000,0.000000,0.000000,0.000000,0,0.00
0.730000,-0.123,-0.300000,-0.300000,18.519,16.19,-0.197871,0.553544,0.002628,0.491503,0.078,0.200,-2.063,-30.177,0.347,3.122353,0.123246,-0.005222,0.000000,0.000000,0.000000,0.000000,0.000000,0.000000,0,0.00
0.740000,-0.136,-0.300000,-0.300000,18.519,16.19,-0.208084,0.611775,0.002876,0.505526,0.088,0.200,-2.069,-30.152,0.347,3.124631,0.136292,-0.006011,0.000000,0.000000,0.000000,0.000000,0.000000,0.000000,0,0.00
0.750000,-0.150,-0.300000,-0.300000,18.519,16.19,-0.217275,0.672940,0.003171,0.518078,0.099,0.200,-2.076,-30.127,0.347,3.127281,0.150025,-0.006872,0.000000,0.000000,0.000000,0.000000,0.000000,0.000000,0,0.00
0.760000,-0.164,-0.300000,-0.300000,18.519,16.19,-0.225548,0.737047,0.003534,0.528378,0.111,0.200,-2.084,-30.101,0.346,3.130268,0.164456,-0.007789,0.000000,0.000000,0.000000,0.000000,0.000000,0.000000,0,0.00
0.770000,-0.179,-0.300000,-0.300000,18.519,16.19,-0.232993,0.804097,0.003914,0.523870,0.123,0.200,-2.092,-30.075,0.346,3.133559,0.179594,-0.008746,0.000000,0.000000,0.000000,0.000000,0.000000,0.000000,0,0.00
0.780000,-0.194,-0.300000,-0.300000,18.519,16.19,-0.239694,0.874075,0.004322,0.557056,0.136,0.200,-2.101,-30.049,0.345,3.137124,0.195449,-0.009739,0.000000,0.000000,0.000000,0.000000,0.000000,0.000000,0,0.00
0.790000,-0.210,-0.300000,-0.300000,18.519,16.19,-0.245724,0.947002,0.004758,0.568885,0.150,0.200,-2.110,-30.022,0.344,3.140936,0.212035,-0.010770,0.000000,0.000000,0.000000,0.000000,0.000000,0.000000,0,0.00
0.800000,-0.227,-0.300000,-0.300000,18.519,16.19,-0.251152,1.022975,0.005288,0.574208,0.164,0.200,-2.121,-29.996,0.343,-3.138214,0.229392,-0.011850,0.000000,0.000000,0.000000,0.000000,0.000000,0.000000,0,0.00
0.810000,-0.245,-0.300000,-0.300000,18.519,16.19,-0.256037,1.101933,0.005863,0.591165,0.179,0.200,-2.131,-29.969,0.342,-3.133979,0.247520,-0.012982,0.000000,0.000000,0.000000,0.000000,0.000000,0.000000,0,0.00
0.820000,-0.263,-0.300000,-0.300000,18.519,16.19,-0.260433,1.183790,0.006496,0.600089,0.194,0.200,-2.143,-29.942,0.341,-3.129563,0.266421,-0.014168,0.000000,0.000000,0.000000,0.000000,0.000000,0.000000,0,0.00
0.830000,-0.282,-0.300000,-0.300000,18.519,16.19,-0.264390,1.268452,0.007210,0.600491,0.210,0.200,-2.155,-29.915,0.340,-3.124985,0.286093,-0.015414,0.000000,0.000000,0.000000,0.000000,0.000000,0.000000,0,0.00
0.840000,-0.301,-0.300000,-0.300000,18.519,16.19,-0.267951,1.355806,0.007903,0.610294,0.227,0.200,-2.168,-29.888,0.338,-3.120262,0.306536,-0.016727,0.000000,0.000000,0.000000,0.000000,0.000000,0.000000,0,0.00
0.850000,-0.321,-0.300000,-0.300000,18.519,16.19,-0.271155,1.445869,0.008597,0.642680,0.245,0.200,-2.181,-29.861,0.336,-3.115409,0.327780,-0.018121,0.000000,0.000000,0.000000,0.000000,0.000000,0.000000,0,0.00
0.860000,-0.342,-0.300000,-0.300000,18.519,16.19,-0.274040,1.539540,0.009396,0.665682,0.263,0.200,-2.195,-29.834,0.334,-3.110448,0.350070,-0.019625,0.000000,0.000000,0.000000,0.000000,0.000000,0.000000,0,0.00
0.870000,-0.364,-0.300000,-0.300000,18.519,16.19,-0.276636,1.636604,0.010201,0.700620,0.282,0.200,-2.210,-29.806,0.331,-3.105388,0.373396,-0.021238,0.000000,0.000000,0.000000,0.000000,0.000000,0.000000,0,0.00
0.880000,-0.386,-0.300000,-0.300000,18.519,16.19,-0.278972,1.736871,0.011057,0.742441,0.301,0.200,-2.225,-29.779,0.328,-3.100242,0.397760,-0.022965,0.000000,0.000000,0.000000,0.000000,0.000000,0.000000,0,0.00
0.890000,-0.409,-0.300000,-0.300000,18.519,16.19,-0.281075,1.840463,0.011848,0.797903,0.321,0.200,-2.241,-29.751,0.325,-3.095028,0.423242,-0.024827,0.000000,0.000000,0.000000,0.000000,0.000000,0.000000,0,0.00
0.900000,-0.433,-0.300000,-0.300000,18.519,16.19,-0.282968,1.947147,0.012654,0.853350,0.342,0.200,-2.258,-29.724,0.321,-3.089762,0.449849,-0.026831,0.000000,0.000000,0.000000,0.000000,0.000000,0.000000,0,0.00
0.910000,-0.457,-0.300000,-0.300000,18.519,16.19,-0.284671,2.057466,0.013493,0.924662,0.364,0.200,-2.276,-29.696,0.317,-3.084643,0.477773,-0.028993,0.000000,0.000000,0.000000,0.000000,0.000000,0.000000,0,0.00
0.920000,-0.483,-0.300000,-0.300000,18.519,16.19,-0.286205,2.171906,0.014354,0.996788,0.386,0.200,-2.294,-29.668,0.312,-3.079920,0.507216,-0.031430,0.000000,0.000000,0.000000,0.000000,0.000000,0.000000,0,0.00
0.930000,-0.509,-0.300000,-0.300000,18.519,16.19,-0.287584,2.289106,0.015209,1.083993,0.409,0.200,-2.313,-29.641,0.307,-3.075316,0.537959,-0.034265,0.000000,0.000000,0.000000,0.000000,0.000000,0.000000,0,0.00
0.940000,-0.535,-0.300000,-0.300000,18.519,16.19,-0.288826,2.408923,0.016103,1.148564,0.433,0.200,-2.333,-29.613,0.302,-3.070960,0.570090,-0.037731,0.000000,0.000000,0.000000,0.000000,0.000000,0.000000,0,0.00
0.950000,-0.562,-0.300000,-0.300000,18.519,16.19,-0.289944,2.530333,0.017138,1.179415,0.457,0.200,-2.353,-29.585,0.295,-3.066957,0.603484,-0.042088,0.000000,0.000000,0.000000,0.000000,0.000000,0.000000,0,0.00
0.960000,-0.589,-0.300000,-0.300000,18.519,16.19,-0.290950,2.652459,0.018152,1.218092,0.483,0.200,-2.374,-29.557,0.289,-3.063417,0.638067,-0.047604,0.000000,0.000000,0.000000,0.000000,0.000000,0.000000,0,0.00
0.970000,-0.617,-0.300000,-0.300000,18.519,16.19,-0.291856,2.774388,0.019402,1.203792,0.509,0.200,-2.396,-29.529,0.282,-3.060477,0.673758,-0.054568,0.000000,0.000000,0.000000,0.000000,0.000000,0.000000,0,0.00
0.980000,-0.643,-0.300000,-0.300000,18.519,16.19,-0.292671,2.895126,0.020629,1.180993,0.535,0.200,-2.418,-29.501,0.275,-3.058308,0.710463,-0.063290,0.000000,0.000000,0.000000,0.000000,0.000000,0.000000,0,0.00
0.990000,-0.670,-0.300000,-0.300000,18.519,16.19,-0.293404,3.013618,0.021874,1.152512,0.562,0.200,-2.442,-29.473,0.268,-3.057122,0.748072,-0.074119,0.000000,0.000000,0.000000,0.000000,0.000000,0.000000,0,0.00
1.000000,-0.695,-0.300000,-0.300000,18.519,16.19,-0.294064,3.127747,0.023425,1.099934,0.589,0.200,-2.466,-29.445,0.260,-3.057344,0.786107,-0.087444,0.000000,0.000000,0.000000,0.000000,0.000000,0.000000,0,0.00
1.010000,-0.720,-0.300000,-0.300000,18.519,16.19,-0.294658,3.238409,0.024966,1.031016,0.617,0.200,-2.492,-29.417,0.252,-3.058949,0.825108,-0.103633,0.000000,0.000000,0.000000,0.000000,0.000000,0.000000,0,0.00
1.020000,-0.743,-0.300000,-0.300000,18.519,16.19,-0.295193,3.342865,0.026872,0.961945,0.643,0.200,-2.519,-29.390,0.245,-3.062575,0.864333,-0.123095,0.000000,0.000000,0.000000,0.000000,0.000000,0.000000,0,0.00
1.030000,-0.765,-0.300000,-0.300000,18.519,16.19,-0.295674,3.440314,0.028519,0.897720,0.670,0.200,-2.547,-29.362,0.237,-3.068609,0.903648,-0.146212,0.000000,0.000000,0.000000,0.000000,0.000000,0.000000,0,0.00
1.040000,-0.784,-0.300000,-0.300000,18.519,16.19,-0.296107,3.530109,0.030370,0.806447,0.695,0.200,-2.577,-29.335,0.229,-3.077515,0.942883,-0.173236,0.000000,0.000000,0.000000,0.000000,0.000000,0.000000,0,0.00
1.050000,-0.803,-0.300000,-0.300000,18.519,16.19,-0.296497,3.611657,0.032360,0.741515,0.720,0.200,-2.608,-29.308,0.221,-3.089799,0.981851,-0.204520,0.000000,0.000000,0.000000,0.000000,0.000000,0.000000,0,0.00
1.060000,-0.819,-0.300000,-0.300000,18.519,16.19,-0.296847,3.684536,0.034306,0.666891,0.743,0.200,-2.642,-29.282,0.213,-3.106049,1.020337,-0.240423,0.000000,0.000000,0.000000,0.000000,0.000000,0.000000,0,0.00
1.070000,-0.833,-0.300000,-0.300000,18.519,16.19,-0.297163,3.748544,0.036405,0.612453,0.765,0.200,-2.677,-29.257,0.205,-3.126933,1.058106,-0.281331,0.000000,0.000000,0.000000,0.000000,0.000000,0.000000,0,0.00
1.080000,-0.845,-0.300000,-0.300000,18.519,16.19,-0.297447,3.803719,0.038336,0.537461,0.784,0.200,-2.714,-29.232,0.198,3.129968,1.094906,-0.327689,0.000000,0.000000,0.000000,0.000000,0.000000,0.000000,0,0.00
1.090000,-0.856,-0.300000,-0.300000,18.519,16.19,-0.297702,3.850348,0.040264,0.475763,0.803,0.200,-2.753,-29.209,0.190,3.097416,1.130471,-0.380035,0.000000,0.000000,0.000000,0.000000,0.000000,0.000000,0,0.00
1.100000,-0.877,-0.300000,-0.300000,18.519,16.19,-0.300537,3.945432,0.042096,0.520552,0.819,0.200,-2.789,-29.197,0.199,3.036879,1.190341,-0.450593,0.000000,0.000000,0.000000,0.000000,0.000000,0.000000,0,0.00
1.110000,-0.893,-0.300000,-0.300000,18.519,16.19,-0.300485,4.020067,0.044033,0.533911,0.833,0.200,-2.828,-29.187,0.207,2.957519,1.247105,-0.540575,0.000000,0.000000,0.000000,0.000000,0.000000,0.000000,0,0.00
1.120000,-0.906,-0.300000,-0.300000,18.519,16.19,-0.300436,4.076066,0.046039,0.533524,0.845,0.200,-2.870,-29.178,0.215,2.846956,1.299747,-0.661789,0.000000,0.000000,0.000000,0.000000,0.000000,0.000000,0,0.00
1.130000,-0.914,-0.300000,-0.300000,18.519,16.19,-0.300393,4.114614,0.047995,0.511734,0.856,0.200,-2.915,-29.170,0.223,2.689360,1.346372,-0.829741,0.000000,0.000000,0.000000,0.000000,0.000000,0.000000,0,0.00
1.140000,-0.919,-0.300000,-0.300000,18.519,16.19,-0.300354,4.136982,0.049768,0.479386,0.877,0.200,-2.963,-29.163,0.230,2.464133,1.383766,-1.064804,0.000000,0.000000,0.000000,0.000000,0.000000,0.000000,0,0.00
1.150000,-0.923,-0.300000,-0.300000,18.519,16.19,-0.353043,4.154301,0.051562,0.349316,0.893,0.200,-3.009,-29.156,0.236,2.376714,1.371642,-1.143746,0.000000,0.000000,0.000000,0.000000,0.000000,0.000000,0,0.00
1.160000,-0.927,-0.300000,-0.300000,18.519,16.19,-0.395039,4.170844,0.053088,0.262645,0.906,0.200,-3.057,-29.150,0.242,2.312372,1.360149,-1.199370,0.000000,0.000000,0.000000,0.000000,0.000000,0.000000,0,0.00
1.170000,-0.930,-0.300000,-0.300000,18.519,16.19,-0.426736,4.186528,0.054699,0.204913,0.914,0.200,-3.109,-29.145,0.246,2.266134,1.349847,-1.236736,0.000000,0.000000,0.000000,0.000000,0.000000,0.000000,0,0.00
1.180000,-0.934,-0.300000,-0.300000,18.519,16.19,-0.448473,4.201152,0.056223,0.172711,0.919,0.200,-3.163,-29.141,0.249,2.234407,1.341030,-1.259588,0.000000,0.000000,0.000000,0.000000,0.000000,0.000000,0,0.00
1.190000,-0.937,-0.300000,-0.300000,18.519,16.19,-0.460535,4.214401,0.057930,0.157319,0.923,0.200,-3.220,-29.137,0.251,2.214741,1.333847,-1.270612,0.000000,0.000000,0.000000,0.000000,0.000000,0.000000,0,0.00
1.200000,-0.939,-0.300000,-0.300000,18.519,16.18,-0.463141,4.225900,0.059705,0.147256,0.927,0.200,-3.280,-29.134,0.253,2.205582,1.328362,-1.271651,0.000000,0.000000,0.000000,0.000000,0.000000,0.000000,0,0.00
1.210000,-0.941,-0.300000,-0.300000,18.519,16.18,-0.456439,4.235246,0.061470,0.129257,0.930,0.200,-3.341,-29.131,0.253,2.206080,1.324586,-1.263872,0.000000,0.000000,0.000000,0.000000,0.000000,0.000000,0,0.00
1.220000,-0.943,-0.300000,-0.300000,18.519,16.18,-0.440799,4.242076,0.063513,0.108256,0.934,0.200,-3.405,-29.128,0.252,2.215667,1.322435,-1.248156,0.000000,0.000000,0.000000,0.000000,0.000000,0.000000,0,0.00
1.230000,-0.944,-0.300000,-0.300000,18.519,16.18,-0.426719,4.246964,0.065439,0.084914,0.937,0.200,-3.471,-29.125,0.251,2.224980,1.319907,-1.233962,0.000000,0.000000,0.000000,0.000000,0.000000,0.000000,0,0.00
1.240000,-0.944,-0.300000,-0.300000,18.519,16.18,-0.414047,4.249697,0.067540,0.063436,0.939,0.200,-3.539,-29.121,0.249,2.234009,1.317063,-1.221529,0.000000,0.000000,0.000000,0.000000,0.000000,0.000000,0,0.00
1.250000,-0.944,-0.300000,-0.300000,18.519,16.18,-0.402642,4.250123,0.069638,0.042491,0.941,0.200,-3.608,-29.118,0.247,2.242791,1.313956,-1.210996,0.000000,0.000000,0.000000,0.000000,0.000000,0.000000,0,0.00
1.260000,-0.944,-0.300000,-0.300000,18.519,16.18,-0.392378,4.248132,0.071753,0.021611,0.943,0.200,-3.679,-29.114,0.243,2.251401,1.310632,-1.202408,0.000000,0.000000,0.000000,0.000000,0.000000,0.000000,0,0.00
1.270000,-0.946,-0.300000,-0.300000,18.519,16.19,-0.383141,4.256599,0.074254,0.021789,0.944,0.200,-3.749,-29.113,0.249,2.199767,1.318917,-1.253911,0.000000,0.000000,0.000000,0.000000,0.000000,0.000000,0,0.00
1.280000,-0.947,-0.300000,-0.300000,18.519,16.19,-0.374829,4.263453,0.076365,0.024213,0.944,0.200,-3.817,-29.110,0.255,2.108539,1.327591,-1.348164,0.000000,0.000000,0.000000,0.000000,0.000000,0.000000,0,0.00
1.290000,-0.948,-0.300000,-0.300000,18.519,16.19,-0.367347,4.264812,0.078752,0.021764,0.944,0.200,-3.888,-29.108,0.260,2.012742,1.333926,-1.449004,0.000000,0.000000,0.000000,0.000000,0.000000,0.000000,0,0.00
1.300000,-0.948,-0.300000,-0.300000,18.519,16.19,-0.381697,4.266086,0.081015,0.022979,0.944,0.200,-3.956,-29.105,0.265,1.985572,1.327894,-1.476340,0.000000,0.000000,0.000000,0.000000,0.000000,0.000000,0,0.00
1.310000,-0.948,-0.300000,-0.300000,18.519,16.19,-0.385651,4.263817,0.083314,0.022811,0.946,0.200,-4.026,-29.101,0.269,1.968741,1.324399,-1.495513,0.000000,0.000000,0.000000,0.000000,0.000000,0.000000,0,0.00
1.320000,-0.946,-0.300000,-0.300000,18.519,16.19,-0.382405,4.257595,0.085343,0.001114,0.947,0.200,-4.097,-29.098,0.271,1.962174,1.323080,-1.506835,0.000000,0.000000,0.000000,0.000000,0.000000,0.000000,0,0.00
1.330000,-0.944,-0.300000,-0.300000,18.519,16.19,-0.374167,4.247601,0.087298,-0.026980,0.948,0.200,-4.169,-29.095,0.273,1.966913,1.323371,-1.508989,0.000000,0.000000,0.000000,0.000000,0.000000,0.000000,0,0.00
1.340000,-0.941,-0.300000,-0.300000,18.519,16.19,-0.366750,4.235431,0.089234,-0.049942,0.948,0.200,-4.242,-29.091,0.274,1.975283,1.323272,-1.508711,0.000000,0.000000,0.000000,0.000000,0.000000,0.000000,0,0.00
1.350000,-0.938,-0.300000,-0.300000,18.519,16.19,-0.360075,4.221069,0.091178,-0.076477,0.948,0.200,-4.315,-29.088,0.274,1.987352,1.322809,-1.505854,0.000000,0.000000,0.000000,0.000000,0.000000,0.000000,0,0.00
1.360000,-0.934,-0.300000,-0.300000,18.519,16.19,-0.354067,4.204534,0.093093,-0.101829,0.946,0.200,-4.390,-29.085,0.273,2.003138,1.321995,-1.500287,0.000000,0.000000,0.000000,0.000000,0.000000,0.000000,0,0.00
1.370000,-0.930,-0.300000,-0.300000,18.519,16.19,-0.348660,4.185894,0.094934,-0.124999,0.944,0.200,-4.466,-29.081,0.271,2.022606,1.320838,-1.491904,0.000000,0.000000,0.000000,0.000000,0.000000,0.000000,0,0.00
1.380000,-0.926,-0.300000,-0.300000,18.519,16.19,-0.343794,4.165279,0.096762,-0.144960,0.941,0.200,-4.543,-29.078,0.268,2.045660,1.319336,-1.480629,0.000000,0.000000,0.000000,0.000000,0.000000,0.000000,0,0.00
1.390000,-0.921,-0.300000,-0.300000,18.519,16.19,-0.339415,4.142876,0.098341,-0.170355,0.938,0.200,-4.621,-29.076,0.264,2.072138,1.317482,-1.466424,0.000000,0.000000,0.000000,0.000000,0.000000,0.000000,0,0.00
1.400000,-0.915,-0.300000,-0.300000,18.519,16.19,-0.335473,4.118929,0.100006,-0.192551,0.934,0.200,-4.700,-29.073,0.259,2.101821,1.315260,-1.449295,0.000000,0.000000,0.000000,0.000000,0.000000,0.000000,0,0.00
1.410000,-0.910,-0.300000,-0.300000,18.519,16.19,-0.331925,4.093726,0.101549,-0.216702,0.930,0.200,-4.780,-29.071,0.253,2.134434,1.312645,-1.429300,0.000000,0.000000,0.000000,0.000000,0.000000,0.000000,0,0.00
1.420000,-0.904,-0.300000,-0.300000,18.519,16.19,-0.328733,4.067580,0.103128,-0.236431,0.926,0.200,-4.862,-29.070,0.246,2.169655,1.309609,-1.406552,0.000000,0.000000,0.000000,0.000000,0.000000,0.000000,0,0.00
1.430000,-0.898,-0.300000,-0.300000,18.519,16.19,-0.325859,4.040805,0.105047,-0.243858,0.921,0.200,-4.944,-29.069,0.239,2.207125,1.306119,-1.381217,0.000000,0.000000,0.000000,0.000000,0.000000,0.000000,0,0.00
1.440000,-0.892,-0.300000,-0.300000,18.519,16.19,-0.323273,4.013690,0.106783,-0.246959,0.915,0.200,-5.028,-29.068,0.230,2.246466,1.302137,-1.353513,0.000000,0.000000,0.000000,0.000000,0.000000,0.000000,0,0.00
1.450000,-0.886,-0.300000,-0.300000,18.519,16.19,-0.320944,3.987070,0.108449,-0.250443,0.910,0.200,-5.113,-29.070,0.224,2.285442,1.302135,-1.325822,0.000000,0.000000,0.000000,0.000000,0.000000,0.000000,0,0.00
1.460000,-0.880,-0.300000,-0.300000,18.519,16.19,-0.318849,3.960907,0.110385,-0.239922,0.904,0.200,-5.198,-29.072,0.218,2.326588,1.303570,-1.295379,0.000000,0.000000,0.000000,0.000000,0.000000,0.000000,0,0.00
1.470000,-0.875,-0.300000,-0.300000,18.519,16.19,-0.316964,3.935261,0.112280,-0.228789,0.898,0.200,-5.284,-29.075,0.212,2.370599,1.305869,-1.261445,0.000000,0.000000,0.000000,0.000000,0.000000,0.000000,0,0.00
1.480000,-0.869,-0.300000,-0.300000,18.519,16.19,-0.315267,3.910119,0.114063,-0.227801,0.892,0.200,-5.371,-29.078,0.206,2.417917,1.308725,-1.223594,0.000000,0.000000,0.000000,0.000000,0.000000,0.000000,0,0.00
1.490000,-0.863,-0.300000,-0.300000,18.519,16.19,-0.313740,3.885365,0.115970,-0.218105,0.886,0.200,-5.459,-29.083,0.200,2.469031,1.311995,-1.181416,0.000000,0.000000,0.000000,0.000000,0.000000,0.000000,0,0.00
1.500000,-0.858,-0.300000,-0.300000,18.519,16.19,-0.312365,3.860755,0.117885,-0.207003,0.880,0.200,-5.549,-29.088,0.193,2.524648,1.315640,-1.134343,0.000000,0.000000,0.000000,0.000000,0.000000,0.000000,0,0.00
1.510000,-0.853,-0.300000,-0.300000,18.519,16.19,-0.311128,3.836278,0.119936,-0.200867,0.875,0.200,-5.639,-29.094,0.187,2.585202,1.320014,-1.082081,0.000000,0.000000,0.000000,0.000000,0.000000,0.000000,0,0.00
1.520000,-0.847,-0.300000,-0.300000,18.519,16.19,-0.310015,3.811719,0.121851,-0.197413,0.869,0.200,-5.730,-29.100,0.182,2.651290,1.324854,-1.024166,0.000000,0.000000,0.000000,0.000000,0.000000,0.000000,0,0.00
1.530000,-0.842,-0.300000,-0.300000,18.519,16.19,-0.309013,3.786838,0.124137,-0.186415,0.863,0.200,-5.821,-29.107,0.176,2.723799,1.330126,-0.959889,0.000000,0.000000,0.000000,0.000000,0.000000,0.000000,0,0.00
1.540000,-0.836,-0.300000,-0.300000,18.519,16.19,-0.308111,3.761425,0.126082,-0.185417,0.858,0.200,-5.913,-29.115,0.172,2.803911,1.335838,-0.888255,0.000000,0.000000,0.000000,0.000000,0.000000,0.000000,0,0.00
1.550000,-0.830,-0.300000,-0.300000,18.519,16.19,-0.307300,3.735356,0.127953,-0.187308,0.853,0.200,-6.004,-29.122,0.168,2.892912,1.341913,-0.808141,0.000000,0.000000,0.000000,0.000000,0.000000,0.000000,0,0.00
1.560000,-0.824,-0.300000,-0.300000,18.519,16.19,-0.306570,3.708626,0.129893,-0.191510,0.847,0.200,-6.095,-29.131,0.165,2.991754,1.348125,-0.718703,0.000000,0.000000,0.000000,0.000000,0.000000,0.000000,0,0.00
1.570000,-0.818,-0.300000,-0.300000,18.519,16.19,-0.305913,3.681329,0.131744,-0.195773,0.842,0.200,-6.186,-29.139,0.163,3.100572,1.354104,-0.619871,0.000000,0.000000,0.000000,0.000000,0.000000,0.000000,0,0.00
1.580000,-0.812,-0.300000,-0.300000,18.519,16.19,-0.305322,3.653564,0.133470,-0.209677,0.836,0.200,-6.276,-29.147,0.163,-3.064654,1.359413,-0.512516,0.000000,0.000000,0.000000,0.000000,0.000000,0.000000,0,0.00
1.590000,-0.806,-0.300000,-0.300000,18.519,16.19,-0.304790,3.625317,0.136032,-0.202413,0.830,0.200,-6.365,-29.155,0.164,-2.938068,1.363647,-0.397187,0.000000,0.000000,0.000000,0.000000,0.000000,0.000000,0,0.00
1.600000,-0.799,-0.300000,-0.300000,18.519,16.19,-0.304312,3.596524,0.137212,-0.230637,0.824,0.200,-6.454,-29.163,0.166,-2.804616,1.366413,-0.275670,0.000000,0.000000,0.000000,0.000000,0.000000,0.000000,0,0.00
1.610000,-0.793,-0.300000,-0.300000,18.519,16.19,-0.303881,3.567042,0.138671,-0.247218,0.818,0.200,-6.543,-29.171,0.170,-2.666929,1.367418,-0.150615,0.000000,0.000000,0.000000,0.000000,0.000000,0.000000,0,0.00
1.620000,-0.786,-0.300000,-0.300000,18.519,16.19,-0.303494,3.536650,0.140242,-0.258366,0.812,0.200,-6.632,-29.178,0.175,-2.527966,1.366490,-0.024990,0.000000,0.000000,0.000000,0.000000,0.000000,0.000000,0,0.00
1.630000,-0.779,-0.300000,-0.300000,18.519,16.19,-0.303146,3.505075,0.141931,-0.263683,0.806,0.200,-6.722,-29.185,0.180,-2.390575,1.363547,0.098360,0.000000,0.000000,0.000000,0.000000,0.000000,0.000000,0,0.00
1.640000,-0.773,-0.300000,-0.300000,18.519,16.19,-0.302834,3.476610,0.143610,-0.278688,0.799,0.200,-6.808,-29.193,0.189,-2.251834,1.360619,0.223421,0.000000,0.000000,0.000000,0.000000,0.000000,0.000000,0,0.00
1.650000,-0.770,-0.300000,-0.300000,18.519,16.19,-0.301685,3.465552,0.145008,-0.231011,0.793,0.200,-6.893,-29.199,0.200,-2.177765,1.365723,0.290217,0.000000,0.000000,0.000000,0.000000,0.000000,0.000000,0,0.00
1.660000,-0.768,-0.300000,-0.300000,18.519,16.19,-0.301518,3.454016,0.146410,-0.196502,0.786,0.200,-6.978,-29.205,0.209,-2.113711,1.368726,0.347674,0.000000,0.000000,0.000000,0.000000,0.000000,0.000000,0,0.00
1.670000,-0.765,-0.300000,-0.300000,18.519,16.19,-0.301366,3.440295,0.147640,-0.172793,0.779,0.200,-7.064,-29.211,0.218,-2.053557,1.370924,0.400826,0.000000,0.000000,0.000000,0.000000,0.000000,0.000000,0,0.00
1.680000,-0.761,-0.300000,-0.300000,18.519,16.19,-0.301230,3.423208,0.148951,-0.156276,0.773,0.200,-7.150,-29.217,0.227,-1.996351,1.372381,0.450167,0.000000,0.000000,0.000000,0.000000,0.000000,0.000000,0,0.00
1.690000,-0.756,-0.300000,-0.300000,18.519,16.19,-0.301107,3.402702,0.150199,-0.153871,0.770,0.200,-7.237,-29.222,0.234,-1.942523,1.373322,0.495236,0.000000,0.000000,0.000000,0.000000,0.000000,0.000000,0,0.00
1.700000,-0.751,-0.300000,-0.300000,18.519,16.19,-0.300997,3.378811,0.151581,-0.178352,0.768,0.200,-7.325,-29.228,0.241,-1.892430,1.373874,0.535700,0.000000,0.000000,0.000000,0.000000,0.000000,0.000000,0,0.00
1.710000,-0.745,-0.300000,-0.300000,18.519,16.19,-0.300898,3.351794,0.152835,-0.212965,0.765,0.200,-7.413,-29.233,0.246,-1.846389,1.374138,0.571344,0.000000,0.000000,0.000000,0.000000,0.000000,0.000000,0,0.00
1.720000,-0.738,-0.300000,-0.300000,18.519,16.19,-0.300808,3.322134,0.154254,-0.237530,0.761,0.200,-7.502,-29.239,0.251,-1.804673,1.374205,0.602069,0.000000,0.000000,0.000000,0.000000,0.000000,0.000000,0,0.00
1.730000,-0.731,-0.300000,-0.300000,18.519,16.19,-0.300727,3.290506,0.155791,-0.255764,0.756,0.200,-7.591,-29.245,0.255,-1.767517,1.374151,0.627873,0.000000,0.000000,0.000000,0.000000,0.000000,0.000000,0,0.00
1.740000,-0.724,-0.300000,-0.300000,18.519,16.19,-0.300655,3.257475,0.157100,-0.276506,0.751,0.200,-7.681,-29.250,0.259,-1.735102,1.374040,0.648761,0.000000,0.000000,0.000000,0.000000,0.000000,0.000000,0,0.00
1.750000,-0.716,-0.300000,-0.300000,18.519,16.19,-0.300590,3.223972,0.158716,-0.283177,0.745,0.200,-7.772,-29.256,0.261,-1.707595,1.373920,0.664861,0.000000,0.000000,0.000000,0.000000,0.000000,0.000000,0,0.00
1.760000,-0.709,-0.300000,-0.300000,18.519,16.19,-0.300531,3.190971,0.160289,-0.279030,0.738,0.200,-7.863,-29.261,0.263,-1.685144,1.373828,0.676323,0.000000,0.000000,0.000000,0.000000,0.000000,0.000000,0,0.00
1.770000,-0.702,-0.300000,-0.300000,18.519,16.19,-0.300479,3.159442,0.161693,-0.280207,0.731,0.200,-7.954,-29.267,0.264,-1.667877,1.373784,0.683303,0.000000,0.000000,0.000000,0.000000,0.000000,0.000000,0,0.00
1.780000,-0.696,-0.300000,-0.300000,18.519,16.19,-0.300432,3.130287,0.163312,-0.271231,0.724,0.200,-8.046,-29.273,0.264,-1.655898,1.373798,0.685952,0.000000,0.000000,0.000000,0.000000,0.000000,0.000000,0,0.00
1.790000,-0.690,-0.300000,-0.300000,18.519,16.19,-0.300389,3.104299,0.164937,-0.245552,0.716,0.200,-8.138,-29.280,0.264,-1.649291,1.373871,0.684402,0.000000,0.000000,0.000000,0.000000,0.000000,0.000000,0,0.00
1.800000,-0.685,-0.300000,-0.300000,18.519,16.19,-0.300351,3.082118,0.166564,-0.225929,0.709,0.200,-8.231,-29.286,0.263,-1.648114,1.373991,0.678764,0.000000,0.000000,0.000000,0.000000,0.000000,0.000000,0,0.00
1.810000,-0.681,-0.300000,-0.300000,18.519,16.19,-0.300317,3.064125,0.168157,-0.200370,0.702,0.200,-8.324,-29.293,0.262,-1.652391,1.374142,0.669103,0.000000,0.000000,0.000000,0.000000,0.000000,0.000000,0,0.00
1.820000,-0.678,-0.300000,-0.300000,18.519,16.19,-0.300287,3.050579,0.169798,-0.164192,0.696,0.200,-8.418,-29.301,0.259,-1.662119,1.374297,0.655482,0.000000,0.000000,0.000000,0.000000,0.000000,0.000000,0,0.00
1.830000,-0.676,-0.300000,-0.300000,18.519,16.19,-0.300259,3.041528,0.171428,-0.133019,0.690,0.200,-8.512,-29.308,0.257,-1.677265,1.374426,0.637939,0.000000,0.000000,0.000000,0.000000,0.000000,0.000000,0,0.00
1.840000,-0.675,-0.300000,-0.300000,18.519,16.19,-0.300235,3.036825,0.172826,-0.101849,0.685,0.200,-8.606,-29.316,0.253,-1.697754,1.374488,0.616496,0.000000,0.000000,0.000000,0.000000,0.000000,0.000000,0,0.00
1.850000,-0.675,-0.300000,-0.300000,18.519,16.19,-0.300212,3.036135,0.174287,-0.069797,0.681,0.200,-8.701,-29.324,0.249,-1.723475,1.374437,0.591168,0.000000,0.000000,0.000000,0.000000,0.000000,0.000000,0,0.00
1.860000,-0.675,-0.300000,-0.300000,18.519,16.19,-0.300193,3.038975,0.175731,-0.037719,0.678,0.200,-8.796,-29.331,0.244,-1.754271,1.374221,0.561973,0.000000,0.000000,0.000000,0.000000,0.000000,0.000000,0,0.00
1.870000,-0.677,-0.300000,-0.300000,18.519,16.19,-0.300175,3.044747,0.177085,-0.007577,0.676,0.200,-8.891,-29.339,0.239,-1.789939,1.373779,0.528948,0.000000,0.000000,0.000000,0.000000,0.000000,0.000000,0,0.00
1.880000,-0.678,-0.300000,-0.300000,18.519,16.19,-0.300159,3.052788,0.178365,0.020918,0.675,0.200,-8.987,-29.347,0.233,-1.830228,1.373044,0.492161,0.000000,0.000000,0.000000,0.000000,0.000000,0.000000,0,0.00
1.890000,-0.681,-0.300000,-0.300000,18.519,16.19,-0.300144,3.062419,0.180218,0.041570,0.675,0.200,-9.083,-29.354,0.226,-1.874833,1.371941,0.451728,0.000000,0.000000,0.000000,0.000000,0.000000,0.000000,0,0.00
1.900000,-0.683,-0.300000,-0.300000,18.519,16.19,-0.300131,3.072994,0.181452,0.063507,0.675,0.200,-9.180,-29.362,0.219,-1.923398,1.370393,0.407828,0.000000,0.000000,0.000000,0.000000,0.000000,0.000000,0,0.00
1.910000,-0.687,-0.300000,-0.300000,18.519,16.19,-0.308767,3.092714,0.182586,0.101278,0.677,0.200,-9.275,-29.368,0.219,-1.942984,1.375767,0.394336,0.000000,0.000000,0.000000,0.000000,0.000000,0.000000,0,0.00
1.920000,-0.692,-0.300000,-0.300000,18.519,16.19,-0.316188,3.112215,0.183795,0.130694,0.678,0.200,-9.370,-29.375,0.217,-1.967875,1.379419,0.375761,0.000000,0.000000,0.000000,0.000000,0.000000,0.000000,0,0.00
1.930000,-0.696,-0.300000,-0.300000,18.519,16.18,-0.320712,3.130365,0.184961,0.154065,0.681,0.200,-9.466,-29.380,0.216,-1.994202,1.381131,0.355560,0.000000,0.000000,0.000000,0.000000,0.000000,0.000000,0,0.00
1.940000,-0.699,-0.300000,-0.300000,18.519,16.18,-0.322285,3.145302,0.186213,0.171120,0.683,0.200,-9.562,-29.386,0.213,-2.020125,1.380901,0.334972,0.000000,0.000000,0.000000,0.000000,0.000000,0.000000,0,0.00
1.950000,-0.702,-0.300000,-0.300000,18.519,16.18,-0.320413,3.157130,0.187401,0.175151,0.687,0.200,-9.657,-29.391,0.209,-2.044337,1.378580,0.315345,0.000000,0.000000,0.000000,0.000000,0.000000,0.000000,0,0.00
1.960000,-0.704,-0.300000,-0.300000,18.519,16.18,-0.321667,3.169153,0.188877,0.153056,0.692,0.200,-9.752,-29.395,0.209,-2.048742,1.379757,0.314700,0.000000,0.000000,0.000000,0.000000,0.000000,0.000000,0,0.00
1.970000,-0.707,-0.300000,-0.300000,18.519,16.18,-0.320261,3.179655,0.190131,0.134427,0.696,0.200,-9.846,-29.398,0.209,-2.051010,1.379053,0.315892,0.000000,0.000000,0.000000,0.000000,0.000000,0.000000,0,0.00
1.980000,-0.709,-0.300000,-0.300000,18.519,16.18,-0.318237,3.188921,0.191450,0.113606,0.699,0.200,-9.940,-29.401,0.208,-2.056863,1.377448,0.313322,0.000000,0.000000,0.000000,0.000000,0.000000,0.000000,0,0.00
1.990000,-0.711,-0.300000,-0.300000,18.519,16.18,-0.316414,3.197444,0.192917,0.098658,0.702,0.200,-10.034,-29.405,0.206,-2.067010,1.375668,0.306375,0.000000,0.000000,0.000000,0.000000,0.000000,0.000000,0,0.00
2.000000,-0.712,-0.300000,-0.300000,18.519,16.18,-0.314774,3.205330,0.194429,0.087027,0.704,0.200,-10.128,-29.408,0.204,-2.081196,1.373778,0.295332,0.000000,0.000000,0.000000,0.000000,0.000000,0.000000,0,0.00
2.010000,-0.714,-0.300000,-0.300000,18.519,16.18,-0.313297,3.212632,0.196034,0.078176,0.707,0.200,-10.222,-29.412,0.201,-2.099253,1.371755,0.280379,0.000000,0.000000,0.000000,0.000000,0.000000,0.000000,0,0.00
2.020000,-0.715,-0.300000,-0.300000,18.519,16.18,-0.311968,3.219342,0.197457,0.069136,0.709,0.200,-10.316,-29.416,0.197,-2.121046,1.369557,0.261660,0.000000,0.000000,0.000000,0.000000,0.000000,0.000000,0,0.00
2.030000,-0.717,-0.300000,-0.300000,18.519,16.19,-0.310772,3.225492,0.199205,0.060402,0.711,0.200,-10.409,-29.420,0.193,-2.146429,1.367129,0.239340,0.000000,0.000000,0.000000,0.000000,0.000000,0.000000,0,0.00
2.040000,-0.718,-0.300000,-0.300000,18.519,16.19,-0.309696,3.231177,0.200941,0.054075,0.712,0.200,-10.503,-29.424,0.188,-2.175231,1.364416,0.213632,0.000000,0.000000,0.000000,0.000000,0.000000,0.000000,0,0.00
2.050000,-0.719,-0.300000,-0.300000,18.519,16.19,-0.308727,3.236535,0.202724,0.048555,0.714,0.200,-10.597,-29.428,0.183,-2.207251,1.361359,0.184793,0.000000,0.000000,0.000000,0.000000,0.000000,0.000000,0,0.00
2.060000,-0.720,-0.300000,-0.300000,18.519,16.19,-0.307855,3.241732,0.204616,0.044045,0.715,0.200,-10.690,-29.432,0.176,-2.242260,1.357900,0.153122,0.000000,0.000000,0.000000,0.000000,0.000000,0.000000,0,0.00
2.070000,-0.720,-0.300000,-0.300000,18.519,16.19,-0.312375,3.239151,0.206368,0.028278,0.717,0.200,-10.781,-29.433,0.176,-2.254979,1.361180,0.139293,0.000000,0.000000,0.000000,0.000000,0.000000,0.000000,0,0.00
2.080000,-0.718,-0.300000,-0.300000,18.519,16.19,-0.312394,3.230566,0.208088,0.006570,0.718,0.200,-10.871,-29.434,0.176,-2.250687,1.361463,0.140618,0.000000,0.000000,0.000000,0.000000,0.000000,0.000000,0,0.00
2.090000,-0.716,-0.300000,-0.300000,18.519,16.19,-0.311156,3.223951,0.209912,-0.011029,0.719,0.200,-10.960,-29.435,0.175,-2.249912,1.360337,0.139438,0.000000,0.000000,0.000000,0.000000,0.000000,0.000000,0,0.00
2.100000,-0.715,-0.300000,-0.300000,18.519,16.19,-0.310041,3.219577,0.211497,-0.025735,0.720,0.200,-11.050,-29.436,0.174,-2.253699,1.358844,0.134623,0.000000,0.000000,0.000000,0.000000,0.000000,0.000000,0,0.00
2.110000,-0.715,-0.300000,-0.300000,18.519,16.19,-0.309037,3.217298,0.213082,-0.036427,0.720,0.200,-11.140,-29.438,0.172,-2.261642,1.357118,0.126497,0.000000,0.000000,0.000000,0.000000,0.000000,0.000000,0,0.00
2.120000,-0.715,-0.300000,-0.300000,18.519,16.19,-0.308134,3.216866,0.214565,-0.033397,0.718,0.200,-11.231,-29.441,0.170,-2.273482,1.355160,0.115237,0.000000,0.000000,0.000000,0.000000,0.000000,0.000000,0,0.00
2.130000,-0.715,-0.300000,-0.300000,18.519,16.19,-0.307321,3.217851,0.216470,-0.019342,0.716,0.200,-11.322,-29.445,0.166,-2.288976,1.352943,0.100950,0.000000,0.000000,0.000000,0.000000,0.000000,0.000000,0,0.00
2.140000,-0.715,-0.300000,-0.300000,18.519,16.19,-0.306589,3.218428,0.217876,-0.009058,0.715,0.200,-11.414,-29.448,0.164,-2.298648,1.351464,0.092047,0.000000,0.000000,0.000000,0.000000,0.000000,0.000000,0,0.00
2.150000,-0.715,-0.300000,-0.300000,18.519,16.19,-0.305930,3.218969,0.219279,-0.001057,0.715,0.200,-11.506,-29.452,0.162,-2.308057,1.349976,0.083396,0.000000,0.000000,0.000000,0.000000,0.000000,0.000000,0,0.00
2.160000,-0.715,-0.300000,-0.300000,18.519,16.19,-0.305337,3.218972,0.220703,0.002605,0.715,0.200,-11.598,-29.455,0.160,-2.317272,1.348492,0.074764,0.000000,0.000000,0.000000,0.000000,0.000000,0.000000,0,0.00
2.170000,-0.715,-0.300000,-0.300000,18.519,16.19,-0.304803,3.217821,0.221894,0.000885,0.715,0.200,-11.692,-29.459,0.158,-2.326372,1.346987,0.065878,0.000000,0.000000,0.000000,0.000000,0.000000,0.000000,0,0.00
2.180000,-0.715,-0.300000,-0.300000,18.519,16.19,-0.297000,3.216084,0.223152,-0.003938,0.715,0.200,-11.783,-29.465,0.159,-2.309643,1.344000,0.082219,0.000000,0.000000,0.000000,0.000000,0.000000,0.000000,0,0.00
2.190000,-0.714,-0.300000,-0.300000,18.519,16.19,-0.286290,3.212137,0.224414,-0.012918,0.715,0.200,-11.875,-29.472,0.160,-2.282229,1.340133,0.108352,0.000000,0.000000,0.000000,0.000000,0.000000,0.000000,0,0.00
2.200000,-0.713,-0.300000,-0.300000,18.519,16.19,-0.280506,3.207962,0.225580,-0.022970,0.715,0.200,-11.967,-29.479,0.162,-2.261371,1.337911,0.127654,0.000000,0.000000,0.000000,0.000000,0.000000,0.000000,0,0.00
2.210000,-0.712,-0.300000,-0.300000,18.519,16.19,-0.280934,3.203101,0.226936,-0.032051,0.715,0.200,-12.059,-29.486,0.165,-2.249011,1.337988,0.138010,0.000000,0.000000,0.000000,0.000000,0.000000,0.000000,0,0.00
2.220000,-0.710,-0.300000,-0.300000,18.519,16.19,-0.282839,3.195387,0.228281,-0.044072,0.715,0.200,-12.153,-29.492,0.168,-2.237633,1.338600,0.146388,0.000000,0.000000,0.000000,0.000000,0.000000,0.000000,0,0.00
2.230000,-0.708,-0.300000,-0.300000,18.519,16.19,-0.284555,3.184039,0.229547,-0.063122,0.714,0.200,-12.247,-29.499,0.171,-2.224340,1.339055,0.155491,0.000000,0.000000,0.000000,0.000000,0.000000,0.000000,0,0.00
2.240000,-0.704,-0.300000,-0.300000,18.519,16.19,-0.286099,3.169050,0.230936,-0.082192,0.713,0.200,-12.342,-29.505,0.175,-2.209036,1.339390,0.165414,0.000000,0.000000,0.000000,0.000000,0.000000,0.000000,0,0.00
2.250000,-0.700,-0.300000,-0.300000,18.519,16.19,-0.287487,3.151863,0.232388,-0.102604,0.712,0.200,-12.436,-29.512,0.180,-2.182686,1.339885,0.185305,0.000000,0.000000,0.000000,0.000000,0.000000,0.000000,0,0.00
2.260000,-0.696,-0.300000,-0.300000,18.519,16.19,-0.288738,3.131724,0.233763,-0.129763,0.710,0.200,-12.531,-29.519,0.186,-2.152994,1.340176,0.207562,0.000000,0.000000,0.000000,0.000000,0.000000,0.000000,0,0.00
2.270000,-0.691,-0.300000,-0.300000,18.519,16.19,-0.289865,3.108869,0.235415,-0.149267,0.708,0.200,-12.626,-29.526,0.192,-2.120883,1.340555,0.231331,0.000000,0.000000,0.000000,0.000000,0.000000,0.000000,0,0.00
2.280000,-0.685,-0.300000,-0.300000,18.519,16.19,-0.290879,3.083753,0.236948,-0.166642,0.704,0.200,-12.721,-29.532,0.199,-2.086359,1.341484,0.256705,0.000000,0.000000,0.000000,0.000000,0.000000,0.000000,0,0.00
2.290000,-0.679,-0.300000,-0.300000,18.519,16.19,-0.291792,3.056925,0.238460,-0.182489,0.700,0.200,-12.816,-29.539,0.208,-2.049654,1.343568,0.283582,0.000000,0.000000,0.000000,0.000000,0.000000,0.000000,0,0.00
2.300000,-0.673,-0.300000,-0.300000,18.519,16.19,-0.292613,3.027373,0.239912,-0.201694,0.696,0.200,-12.912,-29.546,0.216,-2.011075,1.345605,0.311572,0.000000,0.000000,0.000000,0.000000,0.000000,0.000000,0,0.00
2.310000,-0.666,-0.300000,-0.300000,18.519,16.19,-0.293352,2.995305,0.241458,-0.214543,0.691,0.200,-13.009,-29.552,0.222,-1.970606,1.347256,0.340818,0.000000,0.000000,0.000000,0.000000,0.000000,0.000000,0,0.00
2.320000,-0.658,-0.300000,-0.300000,18.519,16.19,-0.294017,2.961553,0.243096,-0.228778,0.685,0.200,-13.106,-29.558,0.229,-1.927947,1.349117,0.371808,0.000000,0.000000,0.000000,0.000000,0.000000,0.000000,0,0.00
2.330000,-0.650,-0.300000,-0.300000,18.519,16.19,-0.294615,2.926088,0.244543,-0.245488,0.679,0.200,-13.204,-29.563,0.235,-1.883132,1.350857,0.404558,0.000000,0.000000,0.000000,0.000000,0.000000,0.000000,0,0.00
2.340000,-0.642,-0.300000,-0.300000,18.519,16.19,-0.295154,2.888494,0.246127,-0.256833,0.673,0.200,-13.302,-29.569,0.239,-1.837123,1.351862,0.438073,0.000000,0.000000,0.000000,0.000000,0.000000,0.000000,0,0.00
2.350000,-0.633,-0.300000,-0.300000,18.519,16.19,-0.295638,2.849342,0.247483,-0.273146,0.666,0.200,-13.401,-29.574,0.243,-1.789486,1.352762,0.472897,0.000000,0.000000,0.000000,0.000000,0.000000,0.000000,0,0.00
2.360000,-0.624,-0.300000,-0.300000,18.519,16.19,-0.296074,2.808814,0.248759,-0.294507,0.658,0.200,-13.500,-29.578,0.245,-1.740560,1.353278,0.508777,0.000000,0.000000,0.000000,0.000000,0.000000,0.000000,0,0.00
2.370000,-0.616,-0.300000,-0.300000,18.519,16.19,-0.296465,2.772848,0.250141,-0.303332,0.650,0.200,-13.599,-29.583,0.248,-1.696795,1.358939,0.540957,0.000000,0.000000,0.000000,0.000000,0.000000,0.000000,0,0.00
2.380000,-0.608,-0.300000,-0.300000,18.519,16.19,-0.296818,2.736567,0.251430,-0.307524,0.642,0.200,-13.698,-29.588,0.249,-1.652429,1.365778,0.573873,0.000000,0.000000,0.000000,0.000000,0.000000,0.000000,0,0.00
2.390000,-0.600,-0.300000,-0.300000,18.519,16.19,-0.297135,2.700525,0.252542,-0.322514,0.633,0.200,-13.798,-29.592,0.250,-1.606371,1.373510,0.608780,0.000000,0.000000,0.000000,0.000000,0.000000,0.000000,0,0.00
2.400000,-0.592,-0.300000,-0.300000,18.519,16.19,-0.325070,2.662560,0.253621,-0.331551,0.624,0.200,-13.896,-29.596,0.252,-1.609779,1.387465,0.594830,0.000000,0.000000,0.000000,0.000000,0.000000,0.000000,0,0.00
2.410000,-0.584,-0.300000,-0.300000,18.519,16.19,-0.344334,2.626614,0.254795,-0.324616,0.616,0.200,-13.994,-29.599,0.254,-1.614534,1.399158,0.580193,0.000000,0.000000,0.000000,0.000000,0.000000,0.000000,0,0.00
2.420000,-0.576,-0.300000,-0.300000,18.519,16.19,-0.359536,2.592953,0.255884,-0.330905,0.608,0.200,-14.092,-29.603,0.254,-1.623432,1.408618,0.562166,0.000000,0.000000,0.000000,0.000000,0.000000,0.000000,0,0.00
2.430000,-0.569,-0.300000,-0.300000,18.519,16.19,-0.371664,2.561990,0.256907,-0.331339,0.600,0.200,-14.191,-29.606,0.254,-1.637285,1.416095,0.540031,0.000000,0.000000,0.000000,0.000000,0.000000,0.000000,0,0.00
2.440000,-0.563,-0.300000,-0.300000,18.519,16.19,-0.381198,2.533998,0.257908,-0.318158,0.592,0.200,-14.289,-29.610,0.252,-1.656382,1.421791,0.513559,0.000000,0.000000,0.000000,0.000000,0.000000,0.000000,0,0.00
2.450000,-0.558,-0.300000,-0.300000,18.519,16.19,-0.388467,2.509084,0.259000,-0.289348,0.584,0.200,-14.388,-29.613,0.250,-1.680658,1.425850,0.482826,0.000000,0.000000,0.000000,0.000000,0.000000,0.000000,0,0.00
2.460000,-0.553,-0.300000,-0.300000,18.519,16.19,-0.393708,2.487180,0.259993,-0.269193,0.576,0.200,-14.486,-29.616,0.247,-1.709716,1.428369,0.448206,0.000000,0.000000,0.000000,0.000000,0.000000,0.000000,0,0.00
2.470000,-0.548,-0.300000,-0.300000,18.519,16.19,-0.397076,2.468014,0.261063,-0.240785,0.569,0.200,-14.585,-29.620,0.244,-1.742834,1.429402,0.410344,0.000000,0.000000,0.000000,0.000000,0.000000,0.000000,0,0.00
2.480000,-0.545,-0.300000,-0.300000,18.519,16.19,-0.398666,2.451183,0.262389,-0.204085,0.563,0.200,-14.685,-29.623,0.239,-1.779005,1.428979,0.370140,0.000000,0.000000,0.000000,0.000000,0.000000,0.000000,0,0.00
2.490000,-0.541,-0.300000,-0.300000,18.519,16.19,-0.398512,2.436138,0.263453,-0.175300,0.558,0.200,-14.784,-29.626,0.234,-1.817011,1.427105,0.328675,0.000000,0.000000,0.000000,0.000000,0.000000,0.000000,0,0.00
2.500000,-0.538,-0.300000,-0.300000,18.519,16.19,-0.396594,2.422214,0.264615,-0.153004,0.553,0.200,-14.884,-29.628,0.228,-1.855508,1.423771,0.287123,0.000000,0.000000,0.000000,0.000000,0.000000,0.000000,0,0.00
2.510000,-0.536,-0.300000,-0.300000,18.519,16.19,-0.407729,2.410226,0.265794,-0.129011,0.548,0.200,-14.982,-29.629,0.227,-1.885056,1.429952,0.254477,0.000000,0.000000,0.000000,0.000000,0.000000,0.000000,0,0.00
2.520000,-0.533,-0.300000,-0.300000,18.519,16.19,-0.423224,2.396909,0.266971,-0.115524,0.545,0.200,-15.080,-29.629,0.227,-1.929603,1.437354,0.206533,0.000000,0.000000,0.000000,0.000000,0.000000,0.000000,0,0.00
2.530000,-0.529,-0.300000,-0.300000,18.519,16.19,-0.439530,2.381787,0.268081,-0.116597,0.541,0.200,-15.178,-29.628,0.226,-1.986937,1.444374,0.145385,0.000000,0.000000,0.000000,0.000000,0.000000,0.000000,0,0.00
2.540000,-0.525,-0.300000,-0.300000,18.519,16.19,-0.456663,2.363849,0.269290,-0.117088,0.538,0.200,-15.276,-29.625,0.225,-2.057190,1.451047,0.070603,0.000000,0.000000,0.000000,0.000000,0.000000,0.000000,0,0.00
2.550000,-0.520,-0.300000,-0.300000,18.519,16.19,-0.475549,2.342051,0.270477,-0.128138,0.536,0.200,-15.374,-29.622,0.223,-2.143355,1.457700,-0.021116,0.000000,0.000000,0.000000,0.000000,0.000000,0.000000,0,0.00
2.560000,-0.514,-0.300000,-0.300000,18.519,16.19,-0.497056,2.314237,0.271709,-0.150029,0.533,0.200,-15.472,-29.617,0.222,-2.249247,1.464480,-0.134189,0.000000,0.000000,0.000000,0.000000,0.000000,0.000000,0,0.00
2.570000,-0.506,-0.300000,-0.300000,18.519,16.19,-0.521404,2.278233,0.272878,-0.184072,0.529,0.200,-15.569,-29.610,0.221,-2.380074,1.470924,-0.274388,0.000000,0.000000,0.000000,0.000000,0.000000,0.000000,0,0.00
2.580000,-0.497,-0.300000,-0.300000,18.519,16.19,-0.546401,2.235286,0.274087,-0.221155,0.525,0.200,-15.665,-29.603,0.222,-2.525031,1.476295,-0.430592,0.000000,0.000000,0.000000,0.000000,0.000000,0.000000,0,0.00
2.590000,-0.486,-0.300000,-0.300000,18.519,16.19,-0.570979,2.186067,0.275075,-0.279497,0.520,0.200,-15.761,-29.595,0.222,-2.680310,1.479136,-0.598687,0.000000,0.000000,0.000000,0.000000,0.000000,0.000000,0,0.00
2.600000,-0.473,-0.300000,-0.300000,18.519,16.19,-0.594371,2.130613,0.276176,-0.330318,0.514,0.200,-15.856,-29.586,0.222,-2.832423,1.479447,-0.765146,0.000000,0.000000,0.000000,0.000000,0.000000,0.000000,0,0.00
2.610000,-0.460,-0.300000,-0.300000,18.519,16.19,-0.616234,2.068664,0.277125,-0.395668,0.506,0.200,-15.951,-29.576,0.223,-2.970401,1.477610,-0.919021,0.000000,0.000000,0.000000,0.000000,0.000000,0.000000,0,0.00
2.620000,-0.444,-0.300000,-0.300000,18.519,16.19,-0.636264,2.000149,0.278091,-0.452294,0.497,0.200,-16.045,-29.566,0.223,-3.087034,1.474205,-1.053074,0.000000,0.000000,0.000000,0.000000,0.000000,0.000000,0,0.00
2.630000,-0.428,-0.300000,-0.300000,18.519,16.19,-0.654119,1.925121,0.278929,-0.525799,0.486,0.200,-16.139,-29.555,0.224,3.104088,1.469887,-1.164012,0.000000,0.000000,0.000000,0.000000,0.000000,0.000000,0,0.00
2.640000,-0.410,-0.300000,-0.300000,18.519,16.19,-0.669426,1.843733,0.279775,-0.579811,0.473,0.200,-16.233,-29.544,0.224,3.036958,1.465287,-1.251380,0.000000,0.000000,0.000000,0.000000,0.000000,0.000000,0,0.00
2.650000,-0.390,-0.300000,-0.300000,18.519,16.19,-0.681832,1.756192,0.280476,-0.668411,0.460,0.200,-16.326,-29.532,0.224,2.993607,1.460934,-1.316232,0.000000,0.000000,0.000000,0.000000,0.000000,0.000000,0,0.00
2.660000,-0.369,-0.300000,-0.300000,18.519,16.19,-0.691046,1.662710,0.281112,-0.754985,0.444,0.200,-16.419,-29.520,0.224,2.972436,1.457220,-1.360062,0.000000,0.000000,0.000000,0.000000,0.000000,0.000000,0,0.00
2.670000,-0.347,-0.300000,-0.300000,18.519,16.19,-0.696865,1.563574,0.281740,-0.837750,0.428,0.200,-16.511,-29.507,0.224,2.972022,1.454388,-1.384185,0.000000,0.000000,0.000000,0.000000,0.000000,0.000000,0,0.00
2.680000,-0.324,-0.300000,-0.300000,18.519,16.19,-0.699176,1.459249,0.282331,-0.905126,0.410,0.200,-16.604,-29.495,0.223,2.991356,1.452524,-1.389468,0.000000,0.000000,0.000000,0.000000,0.000000,0.000000,0,0.00
2.690000,-0.300,-0.300000,-0.300000,18.519,16.19,-0.697963,1.350365,0.282913,-0.964618,0.390,0.200,-16.696,-29.482,0.222,3.029843,1.451569,-1.376339,0.000000,0.000000,0.000000,0.000000,0.000000,0.000000,0,0.00
2.700000,-0.275,-0.300000,-0.300000,18.519,16.19,-0.693316,1.237598,0.283428,-1.005259,0.369,0.200,-16.788,-29.469,0.220,3.087054,1.451321,-1.345065,0.000000,0.000000,0.000000,0.000000,0.000000,0.000000,0,0.00
2.710000,-0.249,-0.300000,-0.300000,18.519,16.19,-0.685408,1.121743,0.283902,-1.028797,0.347,0.200,-16.881,-29.456,0.218,-3.120682,1.451455,-1.295959,0.000000,0.000000,0.000000,0.000000,0.000000,0.000000,0,0.00
2.720000,-0.223,-0.271218,-0.271218,18.519,16.19,-0.674440,1.003632,0.284414,-1.016829,0.324,0.181,-16.973,-29.443,0.214,-3.027787,1.451559,-1.229648,0.000000,0.000000,0.000000,0.000000,0.000000,0.000000,0,0.00
2.730000,-0.196,-0.137369,-0.137369,18.519,16.19,-0.660617,0.884101,0.284797,-1.031528,0.300,0.092,-17.065,-29.431,0.211,-2.918955,1.451164,-1.147484,0.000000,0.000000,0.000000,0.000000,0.000000,0.000000,0,0.00
2.740000,-0.169,-0.070691,-0.070691,18.519,16.19,-0.643132,0.762498,0.285301,-0.977109,0.275,0.047,-17.157,-29.418,0.206,-2.792331,1.450616,-1.047833,0.000000,0.000000,0.000000,0.000000,0.000000,0.000000,0,0.00
2.750000,-0.142,0.047801,0.047801,18.519,16.19,-0.622741,0.640403,0.285595,-0.973799,0.249,0.032,-17.249,-29.405,0.202,-2.652641,1.448821,-0.935112,0.000000,0.000000,0.000000,0.000000,0.000000,0.000000,0,0.00
2.760000,-0.115,0.142394,0.142394,18.519,16.19,-0.599465,0.518638,0.285858,-0.946889,0.223,0.095,-17.341,-29.392,0.196,-2.503982,1.445211,-0.813298,0.000000,0.000000,0.000000,0.000000,0.000000,0.000000,0,0.00
2.770000,-0.088,0.265546,0.265546,18.519,16.19,-0.573014,0.397626,0.286063,-0.949235,0.196,0.177,-17.433,-29.379,0.190,-2.350309,1.439292,-0.686321,0.000000,0.000000,0.000000,0.000000,0.000000,0.000000,0,0.00
2.780000,-0.062,0.300000,0.300000,18.519,16.19,-0.542947,0.277956,0.286206,-0.914157,0.169,0.200,-17.525,-29.366,0.184,-2.196052,1.430663,-0.558573,0.000000,0.000000,0.000000,0.000000,0.000000,0.000000,0,0.00
2.790000,-0.036,0.300000,0.300000,18.519,16.19,-0.508674,0.159953,0.286290,-0.947619,0.142,0.200,-17.617,-29.354,0.177,-2.045181,1.419002,-0.434064,0.000000,0.000000,0.000000,0.000000,0.000000,0.000000,0,0.00
2.800000,-0.010,0.300000,0.300000,18.519,16.19,-0.469414,0.043960,0.286313,-0.909228,0.115,0.200,-17.710,-29.341,0.169,-1.900548,1.404056,-0.315713,0.000000,0.000000,0.000000,0.000000,0.000000,0.000000,0,0.00
2.810000,0.013,0.300000,0.300000,18.519,16.19,-0.402546,-0.057375,0.286287,-0.895111,0.088,0.200,-17.799,-29.333,0.163,-1.694007,1.376157,-0.133661,0.000000,0.000000,0.000000,0.000000,0.000000,0.000000,0,0.00
2.820000,0.034,0.300000,0.300000,18.519,16.19,-0.332325,-0.151323,0.286212,-0.860220,0.062,0.200,-17.888,-29.325,0.158,-1.531159,1.342917,0.004979,0.000000,0.000000,0.000000,0.000000,0.000000,0.000000,0,0.00
2.830000,0.052,0.300000,0.300000,18.519,16.19,-0.265000,-0.235243,0.286095,-0.809854,0.036,0.200,-17.976,-29.318,0.154,-1.413821,1.308947,0.099364,0.000000,0.000000,0.000000,0.000000,0.000000,0.000000,0,0.00
2.840000,0.070,0.300000,0.300000,18.519,16.19,-0.201933,-0.315756,0.285954,-0.774004,0.010,0.200,-18.065,-29.311,0.152,-1.327200,1.276289,0.163094,0.000000,0.000000,0.000000,0.000000,0.000000,0.000000,0,0.00
2.850000,0.088,0.300000,0.300000,18.519,16.19,-0.145032,-0.395570,0.285774,-0.739846,-0.013,0.200,-18.154,-29.304,0.151,-1.262210,1.246708,0.205017,0.000000,0.000000,0.000000,0.000000,0.000000,0.000000,0,0.00
2.860000,0.106,0.300000,0.300000,18.519,16.19,-0.096259,-0.476663,0.285573,-0.716778,-0.034,0.200,-18.243,-29.298,0.151,-1.212907,1.221263,0.231005,0.000000,0.000000,0.000000,0.000000,0.000000,0.000000,0,0.00
2.870000,0.124,0.300000,0.300000,18.519,16.19,-0.056671,-0.559919,0.285333,-0.719276,-0.052,0.200,-18.333,-29.292,0.152,-1.175088,1.200226,0.245335,0.000000,0.000000,0.000000,0.000000,0.000000,0.000000,0,0.00
2.880000,0.141,0.300000,0.300000,18.519,16.19,-0.004621,-0.636595,0.285086,-0.743132,-0.070,0.200,-18.420,-29.288,0.153,-1.130712,1.174140,0.265823,0.000000,0.000000,0.000000,0.000000,0.000000,0.000000,0,0.00
2.890000,0.159,0.300000,0.300000,18.519,16.19,0.044189,-0.716285,0.284802,-0.759010,-0.088,0.200,-18.507,-29.283,0.155,-1.095105,1.152973,0.277328,0.000000,0.000000,0.000000,0.000000,0.000000,0.000000,0,0.00
2.900000,0.176,0.300000,0.300000,18.519,16.19,0.103556,-0.791846,0.284511,-0.783312,-0.106,0.200,-18.592,-29.281,0.157,-1.053851,1.128176,0.293536,0.000000,0.000000,0.000000,0.000000,0.000000,0.000000,0,0.00
2.910000,0.194,0.300000,0.300000,18.519,16.19,0.153158,-0.872397,0.284161,-0.789383,-0.124,0.200,-18.678,-29.277,0.160,-1.020545,1.109229,0.301582,0.000000,0.000000,0.000000,0.000000,0.000000,0.000000,0,0.00
2.920000,0.211,0.300000,0.300000,18.519,16.19,0.214530,-0.949243,0.283787,-0.790546,-0.141,0.200,-18.760,-29.276,0.163,-0.981141,1.087305,0.314650,0.000000,0.000000,0.000000,0.000000,0.000000,0.000000,0,0.00
2.930000,0.229,0.300000,0.300000,18.519,16.19,0.279524,-1.028845,0.283329,-0.775145,-0.159,0.200,-18.841,-29.275,0.167,-0.941366,1.066643,0.326837,0.000000,0.000000,0.000000,0.000000,0.000000,0.000000,0,0.00
2.940000,0.248,0.300000,0.300000,18.519,16.19,0.332114,-1.116436,0.282814,-0.766360,-0.176,0.200,-18.922,-29.274,0.171,-0.908163,1.052292,0.332109,0.000000,0.000000,0.000000,0.000000,0.000000,0.000000,0,0.00
2.950000,0.267,0.300000,0.300000,18.519,16.19,0.390409,-1.199623,0.282322,-0.764217,-0.194,0.200,-18.999,-29.275,0.176,-0.870866,1.034783,0.340502,0.000000,0.000000,0.000000,0.000000,0.000000,0.000000,0,0.00
2.960000,0.286,0.300000,0.300000,18.519,16.19,0.445484,-1.287199,0.281709,-0.750990,-0.211,0.200,-19.075,-29.277,0.182,-0.835567,1.018035,0.345395,0.000000,0.000000,0.000000,0.000000,0.000000,0.000000,0,0.00
2.970000,0.307,0.300000,0.300000,18.519,16.19,0.486849,-1.383731,0.281023,-0.750815,-0.229,0.200,-19.152,-29.279,0.187,-0.805484,1.006785,0.344516,0.000000,0.000000,0.000000,0.000000,0.000000,0.000000,0,0.00
2.980000,0.327,0.300000,0.300000,18.519,16.19,0.527514,-1.471752,0.280279,-0.747004,-0.248,0.200,-19.226,-29.284,0.193,-0.774240,0.990417,0.343998,0.000000,0.000000,0.000000,0.000000,0.000000,0.000000,0,0.00
2.990000,0.347,0.300000,0.300000,18.519,16.19,0.560091,-1.559403,0.279573,-0.750095,-0.267,0.200,-19.298,-29.290,0.200,-0.747567,0.972559,0.337671,0.000000,0.000000,0.000000,0.000000,0.000000,0.000000,0,0.00
3.000000,0.365,0.300000,0.300000,18.519,16.19,0.583336,-1.644729,0.278733,-0.721745,-0.286,0.200,-19.370,-29.298,0.207,-0.724785,0.953324,0.326528,0.000000,0.000000,0.000000,0.000000,0.000000,0.000000,0,0.00
3.010000,0.384,0.300000,0.300000,18.519,16.19,0.596350,-1.726939,0.277794,-0.695782,-0.307,0.200,-19.441,-29.307,0.214,-0.704464,0.934041,0.312621,0.000000,0.000000,0.000000,0.000000,0.000000,0.000000,0,0.00
3.020000,0.402,0.300000,0.300000,18.519,16.19,0.598185,-1.806799,0.276859,-0.663877,-0.327,0.200,-19.513,-29.316,0.220,-0.686475,0.915651,0.296352,0.000000,0.000000,0.000000,0.000000,0.000000,0.000000,0,0.00
3.030000,0.419,0.300000,0.300000,18.519,16.19,0.588050,-1.885525,0.275814,-0.638570,-0.347,0.200,-19.584,-29.326,0.227,-0.671124,0.898849,0.277587,0.000000,0.000000,0.000000,0.000000,0.000000,0.000000,0,0.00
3.040000,0.436,0.300000,0.300000,18.519,16.19,0.565552,-1.964063,0.274714,-0.596422,-0.365,0.200,-19.656,-29.335,0.233,-0.658720,0.883973,0.256134,0.000000,0.000000,0.000000,0.000000,0.000000,0.000000,0,0.00
3.050000,0.453,0.300000,0.300000,18.519,16.19,0.539012,-2.039381,0.273667,-0.580416,-0.384,0.200,-19.728,-29.345,0.239,-0.646972,0.869300,0.233911,0.000000,0.000000,0.000000,0.000000,0.000000,0.000000,0,0.00
3.060000,0.468,0.300000,0.300000,18.519,16.19,0.515122,-2.108238,0.272195,-0.538795,-0.402,0.200,-19.801,-29.355,0.244,-0.634012,0.853293,0.212408,0.000000,0.000000,0.000000,0.000000,0.000000,0.000000,0,0.00
3.070000,0.482,0.300000,0.300000,18.519,16.19,0.493618,-2.170251,0.271220,-0.525956,-0.419,0.200,-19.873,-29.366,0.249,-0.619789,0.836093,0.191700,0.000000,0.000000,0.000000,0.000000,0.000000,0.000000,0,0.00
3.080000,0.495,0.300000,0.300000,18.519,16.19,0.474263,-2.226135,0.269362,-0.466675,-0.436,0.200,-19.946,-29.378,0.253,-0.604178,0.818281,0.171931,0.000000,0.000000,0.000000,0.000000,0.000000,0.000000,0,0.00
3.090000,0.506,0.300000,0.300000,18.519,16.19,0.456842,-2.276715,0.267732,-0.411695,-0.453,0.200,-20.019,-29.389,0.256,-0.587337,0.800273,0.152892,0.000000,0.000000,0.000000,0.000000,0.000000,0.000000,0,0.00
3.100000,0.516,0.300000,0.300000,18.519,16.19,0.441161,-2.322949,0.266560,-0.368128,-0.468,0.200,-20.093,-29.401,0.259,-0.569477,0.782436,0.134290,0.000000,0.000000,0.000000,0.000000,0.000000,0.000000,0,0.00
3.110000,0.526,0.300000,0.300000,18.519,16.19,0.427047,-2.365743,0.263932,-0.320684,-0.482,0.200,-20.167,-29.414,0.261,-0.550812,0.765050,0.115794,0.000000,0.000000,0.000000,0.000000,0.000000,0.000000,0,0.00
3.120000,0.535,0.300000,0.300000,18.519,16.19,0.414344,-2.405491,0.260752,-0.235338,-0.495,0.200,-20.242,-29.427,0.262,-0.531553,0.748204,0.097095,0.000000,0.000000,0.000000,0.000000,0.000000,0.000000,0,0.00
3.130000,0.543,0.300000,0.300000,18.519,16.19,0.402911,-2.441753,0.257505,-0.203968,-0.506,0.200,-20.318,-29.440,0.262,-0.511661,0.731850,0.078245,0.000000,0.000000,0.000000,0.000000,0.000000,0.000000,0,0.00
3.140000,0.550,0.300000,0.300000,18.519,16.19,0.392620,-2.474082,0.255265,-0.176370,-0.516,0.200,-20.394,-29.454,0.261,-0.491097,0.715937,0.059291,0.000000,0.000000,0.000000,0.000000,0.000000,0.000000,0,0.00
3.150000,0.556,0.300000,0.300000,18.519,16.20,0.383358,-2.502034,0.253217,-0.130931,-0.526,0.200,-20.471,-29.468,0.260,-0.469823,0.700418,0.040272,0.000000,0.000000,0.000000,0.000000,0.000000,0.000000,0,0.00
3.160000,0.561,0.300000,0.300000,18.519,16.20,0.375022,-2.524938,0.250026,-0.114815,-0.535,0.200,-20.548,-29.483,0.257,-0.447777,0.685186,0.021257,0.000000,0.000000,0.000000,0.000000,0.000000,0.000000,0,0.00
3.170000,0.565,0.300000,0.300000,18.519,16.20,0.367520,-2.542367,0.246970,-0.102520,-0.543,0.200,-20.625,-29.499,0.254,-0.424923,0.670202,0.002268,0.000000,0.000000,0.000000,0.000000,0.000000,0.000000,0,0.00
3.180000,0.562,0.300000,0.300000,18.519,16.20,0.360767,-2.530232,0.245799,-0.060269,-0.550,0.200,-20.699,-29.515,0.255,-0.400899,0.655063,-0.003517,0.000000,0.000000,0.000000,0.000000,0.000000,0.000000,0,0.00
3.190000,0.557,0.300000,0.300000,18.519,16.19,0.354690,-2.504256,0.243354,-0.011035,-0.556,0.200,-20.771,-29.532,0.258,-0.376463,0.639602,-0.003884,0.000000,0.000000,0.000000,0.000000,0.000000,0.000000,0,0.00
3.200000,0.549,0.300000,0.300000,18.519,16.19,0.349221,-2.468387,0.241401,0.051761,-0.561,0.200,-20.843,-29.549,0.261,-0.351390,0.623354,-0.001277,0.000000,0.000000,0.000000,0.000000,0.000000,0.000000,0,0.00
3.210000,0.539,0.300000,0.300000,18.519,16.19,0.344299,-2.425066,0.237845,0.089425,-0.565,0.200,-20.914,-29.566,0.265,-0.325862,0.606314,0.002963,0.000000,0.000000,0.000000,0.000000,0.000000,0.000000,0,0.00
3.220000,0.528,0.300000,0.300000,18.519,16.19,0.339869,-2.375105,0.236857,0.195816,-0.562,0.200,-20.984,-29.584,0.267,-0.299991,0.588413,0.008237,0.000000,0.000000,0.000000,0.000000,0.000000,0.000000,0,0.00
3.230000,0.515,0.300000,0.300000,18.519,16.19,0.335882,-2.318710,0.236030,0.300014,-0.557,0.200,-21.055,-29.602,0.270,-0.273874,0.569582,0.014269,0.000000,0.000000,0.000000,0.000000,0.000000,0.000000,0,0.00
3.240000,0.501,0.300000,0.300000,18.519,16.19,0.332294,-2.255833,0.235270,0.426497,-0.549,0.200,-21.125,-29.620,0.272,-0.247609,0.549745,0.020925,0.000000,0.000000,0.000000,0.000000,0.000000,0.000000,0,0.00
3.250000,0.486,0.300000,0.300000,18.519,16.19,0.329065,-2.186327,0.234767,0.629277,-0.539,0.200,-21.195,-29.638,0.274,-0.221297,0.528827,0.028124,0.000000,0.000000,0.000000,0.000000,0.000000,0.000000,0,0.00
3.260000,0.474,0.300000,0.300000,18.519,16.19,0.326158,-2.134358,0.234258,0.778077,-0.528,0.200,-21.265,-29.656,0.277,-0.196588,0.511754,0.029515,0.000000,0.000000,0.000000,0.000000,0.000000,0.000000,0,0.00
3.270000,0.462,0.300000,0.300000,18.519,16.19,0.323543,-2.080978,0.233399,0.785393,-0.515,0.200,-21.334,-29.676,0.281,-0.171166,0.494300,0.028499,0.000000,0.000000,0.000000,0.000000,0.000000,0.000000,0,0.00
3.280000,0.449,0.300000,0.300000,18.519,16.19,0.321189,-2.022263,0.232976,0.881922,-0.501,0.200,-21.403,-29.696,0.285,-0.145256,0.476017,0.026694,0.000000,0.000000,0.000000,0.000000,0.000000,0.000000,0,0.00
3.290000,0.435,0.300000,0.300000,18.519,16.19,0.319070,-1.956593,0.232579,0.990383,-0.486,0.200,-21.472,-29.716,0.290,-0.118969,0.456690,0.024696,0.000000,0.000000,0.000000,0.000000,0.000000,0.000000,0,0.00
3.300000,0.418,0.300000,0.300000,18.519,16.19,0.317164,-1.883182,0.231815,0.894830,-0.474,0.200,-21.540,-29.737,0.294,-0.092352,0.436187,0.022700,0.000000,0.000000,0.000000,0.000000,0.000000,0.000000,0,0.00
3.310000,0.400,0.300000,0.300000,18.519,16.19,0.315448,-1.801466,0.231522,1.118956,-0.462,0.200,-21.608,-29.758,0.299,-0.065420,0.414388,0.020752,0.000000,0.000000,0.000000,0.000000,0.000000,0.000000,0,0.00
3.320000,0.380,0.025992,0.025992,18.519,16.19,0.313903,-1.710975,0.231242,1.453742,-0.449,0.017,-21.675,-29.780,0.304,-0.038175,0.391182,0.018843,0.000000,0.000000,0.000000,0.000000,0.000000,0.000000,0,0.00
3.330000,0.359,-0.035194,-0.035194,18.519,16.19,0.303038,-1.616592,0.230604,1.421183,-0.435,0.023,-21.742,-29.802,0.309,-0.012940,0.367767,0.016382,0.000000,0.000000,0.000000,0.000000,0.000000,0.000000,0,0.00
3.340000,0.337,-0.165888,-0.165888,18.519,16.19,0.283445,-1.517405,0.230191,1.453103,-0.418,0.111,-21.809,-29.823,0.314,0.010454,0.343844,0.013549,0.000000,0.000000,0.000000,0.000000,0.000000,0.000000,0,0.00
3.350000,0.314,-0.300000,-0.300000,18.519,16.19,0.255602,-1.412601,0.229642,1.523366,-0.400,0.200,-21.875,-29.846,0.319,0.032150,0.319145,0.010446,0.000000,0.000000,0.000000,0.000000,0.000000,0.000000,0,0.00
3.360000,0.289,-0.300000,-0.300000,18.519,16.19,0.220066,-1.302431,0.229316,1.475103,-0.380,0.200,-21.941,-29.868,0.324,0.052359,0.293652,0.007332,0.000000,0.000000,0.000000,0.000000,0.000000,0.000000,0,0.00
3.370000,0.264,-0.300000,-0.300000,18.519,16.19,0.177113,-1.186866,0.228999,1.379289,-0.359,0.200,-22.006,-29.890,0.329,0.071156,0.267292,0.004193,0.000000,0.000000,0.000000,0.000000,0.000000,0.000000,0,0.00
3.380000,0.237,-0.300000,-0.300000,18.519,16.19,0.129439,-1.064317,0.228474,1.386817,-0.337,0.200,-22.071,-29.913,0.333,0.089177,0.239637,0.001217,0.000000,0.000000,0.000000,0.000000,0.000000,0.000000,0,0.00
3.390000,0.207,-0.300000,-0.300000,18.519,16.19,0.086532,-0.929887,0.228060,1.337628,-0.314,0.200,-22.136,-29.936,0.338,0.108669,0.209522,-0.001139,0.000000,0.000000,0.000000,0.000000,0.000000,0.000000,0,0.00
3.400000,0.175,-0.300000,-0.300000,18.519,16.19,0.047929,-0.785533,0.227813,1.486183,-0.289,0.200,-22.200,-29.959,0.342,0.129374,0.177351,-0.002983,0.000000,0.000000,0.000000,0.000000,0.000000,0.000000,0,0.00
3.410000,0.141,-0.300000,-0.300000,18.519,16.19,0.013326,-0.632365,0.227454,1.351443,-0.264,0.200,-22.264,-29.982,0.345,0.151159,0.143327,-0.004520,0.000000,0.000000,0.000000,0.000000,0.000000,0.000000,0,0.00
3.420000,0.105,-0.300000,-0.300000,18.519,16.19,-0.018401,-0.470905,0.227201,1.247837,-0.237,0.200,-22.328,-30.005,0.348,0.173969,0.107500,-0.005928,0.000000,0.000000,0.000000,0.000000,0.000000,0.000000,0,0.00
3.430000,0.067,-0.300000,-0.300000,18.519,16.19,-0.046445,-0.301487,0.227037,1.296946,-0.207,0.200,-22.391,-30.027,0.351,0.197761,0.069865,-0.007372,0.000000,0.000000,0.000000,0.000000,0.000000,0.000000,0,0.00
3.440000,0.028,-0.300000,-0.300000,18.519,16.19,-0.071766,-0.125432,0.226933,1.226707,-0.175,0.200,-22.455,-30.050,0.353,0.222436,0.030628,-0.009036,0.000000,0.000000,0.000000,0.000000,0.000000,0.000000,0,0.00
3.450000,-0.013,-0.300000,-0.300000,18.519,16.19,-0.094570,0.057157,0.226954,1.266093,-0.141,0.200,-22.518,-30.073,0.355,0.247958,-0.010306,-0.011050,0.000000,0.000000,0.000000,0.000000,0.000000,0.000000,0,0.00
3.460000,-0.055,-0.300000,-0.300000,18.519,16.19,-0.115101,0.245642,0.227082,1.336891,-0.105,0.200,-22.580,-30.095,0.356,0.274292,-0.052923,-0.013553,0.000000,0.000000,0.000000,0.000000,0.000000,0.000000,0,0.00
3.470000,-0.098,-0.300000,-0.300000,18.519,16.19,-0.133581,0.438770,0.227336,1.363281,-0.067,0.200,-22.643,-30.117,0.357,0.301360,-0.097085,-0.016687,0.000000,0.000000,0.000000,0.000000,0.000000,0.000000,0,0.00
3.480000,-0.141,-0.300000,-0.300000,18.519,16.19,-0.150216,0.635660,0.227609,1.479410,-0.028,0.200,-22.705,-30.139,0.357,0.329234,-0.142750,-0.020607,0.000000,0.000000,0.000000,0.000000,0.000000,0.000000,0,0.00
3.490000,-0.186,-0.300000,-0.300000,18.519,16.18,-0.165189,0.835104,0.228208,1.530670,0.013,0.200,-22.767,-30.161,0.357,0.358019,-0.189816,-0.025462,0.000000,0.000000,0.000000,0.000000,0.000000,0.000000,0,0.00
3.500000,-0.230,-0.300000,-0.300000,18.519,16.18,-0.178666,1.035527,0.229091,1.315296,0.055,0.200,-22.829,-30.182,0.356,0.387853,-0.238119,-0.031389,0.000000,0.000000,0.000000,0.000000,0.000000,0.000000,0,0.00
3.510000,-0.274,-0.300000,-0.300000,18.519,16.18,-0.190796,1.234429,0.231029,1.131300,0.098,0.200,-22.891,-30.203,0.354,0.418968,-0.287279,-0.038533,0.000000,0.000000,0.000000,0.000000,0.000000,0.000000,0,0.00
3.520000,-0.318,-0.300000,-0.300000,18.519,16.18,-0.201715,1.430368,0.231915,1.117231,0.141,0.200,-22.953,-30.223,0.352,0.451401,-0.337232,-0.046902,0.000000,0.000000,0.000000,0.000000,0.000000,0.000000,0,0.00
3.530000,-0.360,-0.300000,-0.300000,18.519,16.18,-0.211542,1.621890,0.232561,1.135896,0.186,0.200,-23.016,-30.243,0.350,0.485224,-0.387948,-0.056482,0.000000,0.000000,0.000000,0.000000,0.000000,0.000000,0,0.00
3.540000,-0.402,-0.300000,-0.300000,18.519,16.18,-0.220387,1.807304,0.233071,1.434616,0.230,0.200,-23.079,-30.261,0.347,0.520507,-0.439380,-0.067236,0.000000,0.000000,0.000000,0.000000,0.000000,0.000000,0,0.00
3.550000,-0.441,-0.300000,-0.300000,18.519,16.18,-0.228348,1.984713,0.233719,1.678440,0.274,0.200,-23.143,-30.279,0.343,0.557315,-0.491462,-0.079105,0.000000,0.000000,0.000000,0.000000,0.000000,0.000000,0,0.00
3.560000,-0.478,-0.300000,-0.300000,18.519,16.18,-0.235513,2.152075,0.234447,1.969193,0.318,0.200,-23.207,-30.297,0.340,0.595714,-0.544108,-0.092028,0.000000,0.000000,0.000000,0.000000,0.000000,0.000000,0,0.00
3.570000,-0.513,-0.300000,-0.300000,18.519,16.18,-0.241962,2.307383,0.235136,2.130063,0.360,0.200,-23.272,-30.314,0.336,0.635731,-0.597238,-0.105951,0.000000,0.000000,0.000000,0.000000,0.000000,0.000000,0,0.00
3.580000,-0.544,-0.300000,-0.300000,18.519,16.18,-0.247767,2.448668,0.236216,2.002832,0.402,0.200,-23.339,-30.330,0.332,0.677448,-0.650749,-0.120877,0.000000,0.000000,0.000000,0.000000,0.000000,0.000000,0,0.00
3.590000,-0.572,-0.300000,-0.300000,18.519,16.18,-0.252991,2.574071,0.236795,1.925416,0.441,0.200,-23.406,-30.345,0.329,0.720962,-0.704518,-0.136853,0.000000,0.000000,0.000000,0.000000,0.000000,0.000000,0,0.00
3.600000,-0.596,-0.300000,-0.300000,18.519,16.18,-0.257694,2.682073,0.237632,1.769156,0.478,0.200,-23.474,-30.360,0.325,0.766363,-0.758404,-0.154015,0.000000,0.000000,0.000000,0.000000,0.000000,0.000000,0,0.00
3.610000,-0.616,-0.300000,-0.300000,18.519,16.18,-0.261926,2.771567,0.238382,1.639583,0.513,0.200,-23.544,-30.375,0.320,0.813827,-0.812254,-0.172626,0.000000,0.000000,0.000000,0.000000,0.000000,0.000000,0,0.00
3.620000,-0.632,-0.300000,-0.300000,18.519,16.18,-0.265735,2.841874,0.239011,1.479659,0.544,0.200,-23.615,-30.390,0.316,0.863615,-0.865905,-0.193072,0.000000,0.000000,0.000000,0.000000,0.000000,0.000000,0,0.00
3.630000,-0.643,-0.300000,-0.300000,18.519,16.18,-0.269164,2.892828,0.240091,1.334453,0.572,0.200,-23.687,-30.404,0.312,0.916099,-0.919180,-0.215907,0.000000,0.000000,0.000000,0.000000,0.000000,0.000000,0,0.00
3.640000,-0.650,-0.300000,-0.300000,18.519,16.18,-0.272250,2.924766,0.240886,0.986221,0.596,0.200,-23.759,-30.419,0.307,0.971822,-0.971888,-0.241889,0.000000,0.000000,0.000000,0.000000,0.000000,0.000000,0,0.00
3.650000,-0.653,-0.300000,-0.300000,18.519,16.18,-0.275027,2.938478,0.241828,0.746606,0.616,0.200,-23.833,-30.435,0.301,1.031565,-1.023816,-0.272031,0.000000,0.000000,0.000000,0.000000,0.000000,0.000000,0,0.00
3.660000,-0.652,-0.300000,-0.300000,18.519,16.18,-0.277526,2.935107,0.242497,0.473685,0.632,0.200,-23.908,-30.450,0.295,1.096449,-1.074728,-0.307677,0.000000,0.000000,0.000000,0.000000,0.000000,0.000000,0,0.00
3.670000,-0.648,-0.300000,-0.300000,18.519,16.18,-0.279776,2.916034,0.243367,0.172262,0.643,0.200,-23.983,-30.466,0.288,1.168075,-1.124354,-0.350625,0.000000,0.000000,0.000000,0.000000,0.000000,0.000000,0,0.00
3.680000,-0.641,-0.300000,-0.300000,18.519,16.18,-0.281800,2.882747,0.244551,0.000347,0.650,0.200,-24.059,-30.483,0.281,1.248740,-1.172363,-0.403316,0.000000,0.000000,0.000000,0.000000,0.000000,0.000000,0,0.00
3.690000,-0.630,-0.300000,-0.300000,18.519,16.18,-0.283622,2.836718,0.245409,-0.212589,0.653,0.200,-24.135,-30.500,0.273,1.341722,-1.218331,-0.469117,0.000000,0.000000,0.000000,0.000000,0.000000,0.000000,0,0.00
3.700000,-0.618,-0.300000,-0.300000,18.519,16.18,-0.285262,2.779305,0.246222,-0.401549,0.652,0.200,-24.212,-30.517,0.263,1.451685,-1.261674,-0.552716,0.000000,0.000000,0.000000,0.000000,0.000000,0.000000,0,0.00
3.710000,-0.603,-0.300000,-0.300000,18.519,16.17,-0.286737,2.711692,0.247057,-0.563349,0.648,0.200,-24.289,-30.535,0.253,1.585095,-1.301545,-0.660542,0.000000,0.000000,0.000000,0.000000,0.000000,0.000000,0,0.00
3.720000,-0.586,-0.300000,-0.300000,18.519,16.17,-0.288065,2.635009,0.247940,-0.693541,0.641,0.200,-24.366,-30.553,0.242,1.750259,-1.336683,-0.800855,0.000000,0.000000,0.000000,0.000000,0.000000,0.000000,0,0.00
3.730000,-0.567,-0.300000,-0.300000,18.519,16.17,-0.289260,2.550496,0.248868,-0.813029,0.630,0.200,-24.443,-30.572,0.229,1.955734,-1.365244,-0.982209,0.000000,0.000000,0.000000,0.000000,0.000000,0.000000,0,0.00
3.740000,-0.546,-0.300000,-0.300000,18.519,16.17,-0.290335,2.458280,0.249781,-0.889128,0.618,0.200,-24.521,-30.591,0.216,2.204819,-1.384832,-1.207619,0.000000,0.000000,0.000000,0.000000,0.000000,0.000000,0,0.00
3.750000,-0.510,-0.300000,-0.300000,18.519,16.17,-0.330732,2.295009,0.250707,-1.053690,0.603,0.200,-24.597,-30.605,0.199,2.203756,-1.355301,-1.161834,0.000000,0.000000,0.000000,0.000000,0.000000,0.000000,0,0.00
3.760000,-0.473,-0.300000,-0.300000,18.519,16.17,-0.358354,2.127596,0.251488,-1.240448,0.586,0.200,-24.672,-30.620,0.189,2.213835,-1.326663,-1.126857,0.000000,0.000000,0.000000,0.000000,0.000000,0.000000,0,0.00
3.770000,-0.435,-0.300000,-0.300000,18.519,16.16,-0.376143,1.955538,0.252442,-1.338499,0.567,0.200,-24.747,-30.634,0.180,2.237199,-1.298927,-1.104657,0.000000,0.000000,0.000000,0.000000,0.000000,0.000000,0,0.00
3.780000,-0.395,-0.300000,-0.300000,18.519,16.17,-0.381973,1.778608,0.253202,-1.482232,0.546,0.200,-24.821,-30.649,0.170,2.273276,-1.269694,-1.094347,0.000000,0.000000,0.000000,0.000000,0.000000,0.000000,0,0.00
3.790000,-0.370,-0.300000,-0.300000,18.519,11.57,-0.413364,1.663161,0.253928,-1.494972,0.510,0.200,-24.889,-30.659,0.170,2.286812,-1.266286,-1.079292,0.000000,0.000000,0.000000,0.000000,0.000000,0.000000,0,0.00
3.800000,-0.349,-0.300000,-0.300000,18.519,10.04,-0.442908,1.570796,0.254674,-1.328831,0.473,0.200,-24.954,-30.668,0.170,2.298922,-1.266747,-1.069079,0.000000,0.000000,0.000000,0.000000,0.000000,0.000000,0,0.00
3.810000,-0.332,-0.300000,-0.300000,18.519,11.26,-0.466014,1.493603,0.255406,-1.093004,0.435,0.200,-25.018,-30.677,0.171,2.314769,-1.268152,-1.066582,0.000000,0.000000,0.000000,0.000000,0.000000,0.000000,0,0.00
3.820000,-0.316,-0.300000,-0.300000,18.519,12.25,-0.481456,1.420105,0.256088,-0.935295,0.395,0.200,-25.082,-30.685,0.172,2.336000,-1.270003,-1.070591,0.000000,0.000000,0.000000,0.000000,0.000000,0.000000,0,0.00
3.830000,-0.300,-0.300000,-0.300000,18.519,13.03,-0.489214,1.350251,0.256746,-0.721217,0.370,0.200,-25.145,-30.692,0.172,2.362993,-1.272261,-1.081469,0.000000,0.000000,0.000000,0.000000,0.000000,0.000000,0,0.00
3.840000,-0.285,-0.300000,-0.300000,18.519,13.66,-0.489394,1.284268,0.257406,-0.613638,0.349,0.200,-25.208,-30.700,0.172,2.396031,-1.274931,-1.099563,0.000000,0.000000,0.000000,0.000000,0.000000,0.000000,0,0.00
3.850000,-0.272,-0.300000,-0.300000,18.519,14.17,-0.482119,1.222470,0.258064,-0.550782,0.332,0.200,-25.271,-30.706,0.172,2.435428,-1.277986,-1.125277,0.000000,0.000000,0.000000,0.000000,0.000000,0.000000,0,0.00
3.860000,-0.259,-0.300000,-0.300000,18.519,14.57,-0.467513,1.165225,0.258676,-0.512470,0.316,0.200,-25.333,-30.713,0.172,2.481529,-1.281352,-1.159065,0.000000,0.000000,0.000000,0.000000,0.000000,0.000000,0,0.00
3.870000,-0.247,-0.300000,-0.300000,18.519,14.89,-0.450764,1.111949,0.259252,-0.472729,0.300,0.200,-25.395,-30.719,0.171,2.530036,-1.285193,-1.196429,0.000000,0.000000,0.000000,0.000000,0.000000,0.000000,0,0.00
3.880000,-0.236,-0.300000,-0.300000,18.519,15.15,-0.435689,1.061890,0.259800,-0.436220,0.285,0.200,-25.457,-30.724,0.170,2.577820,-1.289590,-1.233970,0.000000,0.000000,0.000000,0.000000,0.000000,0.000000,0,0.00
3.890000,-0.226,-0.300000,-0.300000,18.519,15.36,-0.422121,1.014823,0.260330,-0.406041,0.272,0.200,-25.519,-30.730,0.167,2.625298,-1.294441,-1.272016,0.000000,0.000000,0.000000,0.000000,0.000000,0.000000,0,0.00
3.900000,-0.207,-0.300000,-0.300000,18.519,15.52,-0.465917,0.931096,0.260770,-0.455270,0.259,0.200,-25.579,-30.735,0.164,2.634700,-1.297996,-1.262296,0.000000,0.000000,0.000000,0.000000,0.000000,0.000000,0,0.00
3.910000,-0.190,-0.300000,-0.300000,18.519,15.65,-0.501743,0.852885,0.261294,-0.469750,0.247,0.200,-25.638,-30.740,0.161,2.650543,-1.301867,-1.260585,0.000000,0.000000,0.000000,0.000000,0.000000,0.000000,0,0.00
3.920000,-0.173,-0.300000,-0.300000,18.519,15.76,-0.529832,0.780006,0.261706,-0.497266,0.236,0.200,-25.697,-30.744,0.157,2.673319,-1.306107,-1.267314,0.000000,0.000000,0.000000,0.000000,0.000000,0.000000,0,0.00
3.930000,-0.158,-0.300000,-0.300000,18.519,15.84,-0.540617,0.712601,0.262602,-0.462934,0.226,0.200,-25.753,-30.747,0.157,2.738230,-1.307480,-1.318448,0.000000,0.000000,0.000000,0.000000,0.000000,0.000000,0,0.00
3.940000,-0.146,-0.300000,-0.300000,18.519,15.91,-0.585517,0.658971,0.263748,-0.416089,0.207,0.200,-25.806,-30.751,0.154,2.760334,-1.311174,-1.328978,0.000000,0.000000,0.000000,0.000000,0.000000,0.000000,0,0.00
3.950000,-0.135,-0.300000,-0.300000,18.519,15.96,-0.622281,0.609591,0.265095,-0.293805,0.190,0.200,-25.859,-30.755,0.152,2.790584,-1.314770,-1.348873,0.000000,0.000000,0.000000,0.000000,0.000000,0.000000,0,0.00
3.960000,-0.129,-0.300000,-0.300000,18.519,16.01,-0.657037,0.581793,0.266449,-0.202672,0.173,0.200,-25.910,-30.759,0.148,2.801406,-1.318624,-1.353789,0.000000,0.000000,0.000000,0.000000,0.000000,0.000000,0,0.00
3.970000,-0.128,-0.300000,-0.300000,18.519,16.04,-0.669922,0.576339,0.267724,-0.095771,0.158,0.200,-25.955,-30.764,0.151,2.878276,-1.315364,-1.431524,0.000000,0.000000,0.000000,0.000000,0.000000,0.000000,0,0.00
3.980000,-0.127,-0.300000,-0.300000,18.519,16.07,-0.701960,0.571258,0.269178,-0.054995,0.146,0.200,-25.997,-30.768,0.156,2.951089,-1.311099,-1.505414,0.000000,0.000000,0.000000,0.000000,0.000000,0.000000,0,0.00
3.990000,-0.127,-0.300000,-0.300000,18.519,16.10,-0.731555,0.571512,0.269734,-0.030411,0.135,0.200,-26.039,-30.772,0.161,3.023713,-1.306452,-1.580605,0.000000,0.000000,0.000000,0.000000,0.000000,0.000000,0,0.00
4.000000,-0.127,-0.300000,-0.300000,18.519,16.11,-0.761876,0.572881,0.269932,-0.009620,0.129,0.200,-26.080,-30.775,0.165,3.094264,-1.301235,-1.654149,0.000000,0.000000,0.000000,0.000000,0.000000,0.000000,0,0.00
4.010000,-0.128,-0.300000,-0.300000,18.519,16.13,-0.793186,0.575429,0.270212,0.003960,0.128,0.200,-26.120,-30.778,0.170,-3.121379,-1.295472,-1.725070,0.000000,0.000000,0.000000,0.000000,0.000000,0.000000,0,0.00
4.020000,-0.129,-0.300000,-0.300000,18.519,16.14,-0.825311,0.578914,0.270417,0.013672,0.127,0.200,-26.160,-30.780,0.174,-3.056875,-1.289188,-1.793256,0.000000,0.000000,0.000000,0.000000,0.000000,0.000000,0,0.00
4.030000,-0.131,-0.300000,-0.300000,18.519,16.15,-0.865438,0.587668,0.270597,0.037772,0.127,0.200,-26.198,-30.782,0.178,-3.044026,-1.294333,-1.808304,0.000000,0.000000,0.000000,0.000000,0.000000,0.000000,0,0.00
4.040000,-0.132,-0.300000,-0.300000,18.519,16.16,-0.894657,0.592482,0.270851,0.046453,0.127,0.200,-26.236,-30.783,0.181,-3.027196,-1.296720,-1.826714,0.000000,0.000000,0.000000,0.000000,0.000000,0.000000,0,0.00
4.050000,-0.132,-0.300000,-0.300000,18.519,16.16,-0.915253,0.595598,0.271026,0.051712,0.128,0.200,-26.274,-30.785,0.184,-3.012136,-1.298043,-1.842945,0.000000,0.000000,0.000000,0.000000,0.000000,0.000000,0,0.00
4.060000,-0.133,-0.300000,-0.300000,18.519,16.17,-0.927913,0.597513,0.271226,0.052082,0.129,0.200,-26.311,-30.786,0.186,-3.000478,-1.298824,-1.855401,0.000000,0.000000,0.000000,0.000000,0.000000,0.000000,0,0.00
4.070000,-0.133,-0.300000,-0.300000,18.519,16.17,-0.932897,0.598371,0.271387,0.046847,0.131,0.200,-26.349,-30.787,0.187,-2.992651,-1.299249,-1.863667,0.000000,0.000000,0.000000,0.000000,0.000000,0.000000,0,0.00
4.080000,-0.133,-0.300000,-0.300000,18.519,16.17,-0.926776,0.597629,0.271589,0.022592,0.132,0.200,-26.385,-30.788,0.190,-2.981432,-1.295237,-1.875437,0.000000,0.000000,0.000000,0.000000,0.000000,0.000000,0,0.00
4.090000,-0.133,-0.300000,-0.300000,18.519,16.18,-0.912606,0.596430,0.271726,0.009593,0.132,0.200,-26.419,-30.789,0.194,-2.973596,-1.289900,-1.883735,0.000000,0.000000,0.000000,0.000000,0.000000,0.000000,0,0.00
4.100000,-0.132,-0.300000,-0.300000,18.519,16.18,-0.890224,0.594272,0.271849,-0.007029,0.133,0.200,-26.452,-30.790,0.198,-2.968279,-1.283118,-1.889358,0.000000,0.000000,0.000000,0.000000,0.000000,0.000000,0,0.00
4.110000,-0.131,-0.300000,-0.300000,18.519,16.18,-0.859601,0.590919,0.272092,-0.017978,0.133,0.200,-26.484,-30.790,0.202,-2.965007,-1.274881,-1.892748,0.000000,0.000000,0.000000,0.000000,0.000000,0.000000,0,0.00
4.120000,-0.130,-0.300000,-0.300000,18.519,16.18,-0.820753,0.586299,0.272228,-0.036260,0.133,0.200,-26.516,-30.791,0.207,-2.963470,-1.265223,-1.894208,0.000000,0.000000,0.000000,0.000000,0.000000,0.000000,0,0.00
4.130000,-0.129,-0.300000,-0.300000,18.519,16.18,-0.773739,0.580422,0.272359,-0.055076,0.133,0.200,-26.546,-30.791,0.213,-2.963454,-1.254229,-1.893956,0.000000,0.000000,0.000000,0.000000,0.000000,0.000000,0,0.00
4.140000,-0.128,-0.300000,-0.300000,18.519,16.18,-0.726370,0.575050,0.272585,-0.061775,0.132,0.200,-26.575,-30.792,0.218,-2.964136,-1.243353,-1.893114,0.000000,0.000000,0.000000,0.000000,0.000000,0.000000,0,0.00
4.150000,-0.128,-0.300000,-0.300000,18.519,16.18,-0.697517,0.574145,0.272761,-0.055887,0.131,0.200,-26.602,-30.794,0.224,-2.971870,-1.233284,-1.885849,0.000000,0.000000,0.000000,0.000000,0.000000,0.000000,0,0.00
4.160000,-0.131,-0.300000,-0.300000,18.519,16.18,-0.667373,0.589261,0.272924,-0.006210,0.130,0.200,-26.628,-30.794,0.229,-2.977943,-1.226407,-1.883786,0.000000,0.000000,0.000000,0.000000,0.000000,0.000000,0,0.00
4.170000,-0.136,-0.300000,-0.300000,18.519,16.19,-0.631874,0.611444,0.273099,0.070836,0.129,0.200,-26.653,-30.795,0.234,-2.981903,-1.220111,-1.885588,0.000000,0.000000,0.000000,0.000000,0.000000,0.000000,0,0.00
4.180000,-0.138,-0.300000,-0.300000,18.519,16.19,-0.610138,0.621462,0.273325,0.113144,0.128,0.200,-26.678,-30.795,0.239,-2.986803,-1.214753,-1.883400,0.000000,0.000000,0.000000,0.000000,0.000000,0.000000,0,0.00
4.190000,-0.141,-0.300000,-0.300000,18.519,16.19,-0.588233,0.633781,0.273533,0.153561,0.128,0.200,-26.702,-30.795,0.244,-2.991825,-1.209869,-1.881582,0.000000,0.000000,0.000000,0.000000,0.000000,0.000000,0,0.00
4.200000,-0.144,-0.300000,-0.300000,18.519,16.19,-0.567456,0.647251,0.273771,0.184882,0.131,0.200,-26.726,-30.794,0.248,-2.997235,-1.205516,-1.879568,0.000000,0.000000,0.000000,0.000000,0.000000,0.000000,0,0.00
4.210000,-0.147,-0.300000,-0.300000,18.519,16.19,-0.547969,0.661696,0.274040,0.169766,0.136,0.200,-26.749,-30.794,0.252,-3.003101,-1.201699,-1.877243,0.000000,0.000000,0.000000,0.000000,0.000000,0.000000,0,0.00
4.220000,-0.151,-0.300000,-0.300000,18.519,16.19,-0.531005,0.680038,0.274299,0.146423,0.138,0.200,-26.771,-30.792,0.255,-3.008270,-1.197903,-1.876598,0.000000,0.000000,0.000000,0.000000,0.000000,0.000000,0,0.00
4.230000,-0.155,-0.300000,-0.300000,18.519,16.19,-0.515988,0.697763,0.274568,0.161034,0.141,0.200,-26.792,-30.791,0.258,-3.013037,-1.194350,-1.876212,0.000000,0.000000,0.000000,0.000000,0.000000,0.000000,0,0.00
4.240000,-0.161,-0.300000,-0.300000,18.519,16.19,-0.504948,0.723641,0.274885,0.178156,0.144,0.200,-26.811,-30.789,0.261,-3.015772,-1.190351,-1.880042,0.000000,0.000000,0.000000,0.000000,0.000000,0.000000,0,0.00
4.250000,-0.167,-0.300000,-0.300000,18.519,16.19,-0.495781,0.750921,0.275207,0.199306,0.147,0.200,-26.829,-30.786,0.264,-3.019210,-1.187195,-1.883377,0.000000,0.000000,0.000000,0.000000,0.000000,0.000000,0,0.00
4.260000,-0.173,-0.300000,-0.300000,18.519,16.19,-0.489852,0.780232,0.275549,0.224111,0.151,0.200,-26.847,-30.783,0.266,-3.022573,-1.184581,-1.887241,0.000000,0.000000,0.000000,0.000000,0.000000,0.000000,0,0.00
4.270000,-0.180,-0.300000,-0.300000,18.519,16.19,-0.485257,0.810318,0.275950,0.234205,0.155,0.200,-26.864,-30.780,0.268,-3.026718,-1.182485,-1.890406,0.000000,0.000000,0.000000,0.000000,0.000000,0.000000,0,0.00
4.280000,-0.188,-0.300000,-0.300000,18.519,16.19,-0.482997,0.845144,0.276368,0.253441,0.161,0.200,-26.880,-30.776,0.269,-3.029900,-1.179993,-1.895841,0.000000,0.000000,0.000000,0.000000,0.000000,0.000000,0,0.00
4.290000,-0.196,-0.300000,-0.300000,18.519,16.19,-0.482123,0.880877,0.276757,0.270585,0.167,0.200,-26.895,-30.772,0.271,-3.033850,-1.178055,-1.900627,0.000000,0.000000,0.000000,0.000000,0.000000,0.000000,0,0.00
4.300000,-0.204,-0.300000,-0.300000,18.519,16.19,-0.482630,0.917386,0.277213,0.278560,0.173,0.200,-26.909,-30.768,0.272,-3.038511,-1.176635,-1.904793,0.000000,0.000000,0.000000,0.000000,0.000000,0.000000,0,0.00
4.310000,-0.212,-0.300000,-0.300000,18.519,16.19,-0.484512,0.954686,0.277772,0.275947,0.180,0.200,-26.924,-30.763,0.273,-3.043841,-1.175720,-1.908386,0.000000,0.000000,0.000000,0.000000,0.000000,0.000000,0,0.00
4.320000,-0.221,-0.300000,-0.300000,18.519,16.19,-0.487764,0.992797,0.278293,0.285327,0.188,0.200,-26.937,-30.758,0.273,-3.049797,-1.175302,-1.911458,0.000000,0.000000,0.000000,0.000000,0.000000,0.000000,0,0.00
4.330000,-0.229,-0.300000,-0.300000,18.519,16.19,-0.492376,1.031746,0.278809,0.291143,0.196,0.200,-26.950,-30.753,0.272,-3.056344,-1.175371,-1.914052,0.000000,0.000000,0.000000,0.000000,0.000000,0.000000,0,0.00
4.340000,-0.238,-0.300000,-0.300000,18.519,16.19,-0.498336,1.071550,0.279458,0.279248,0.204,0.200,-26.962,-30.748,0.272,-3.063450,-1.175921,-1.916208,0.000000,0.000000,0.000000,0.000000,0.000000,0.000000,0,0.00
4.350000,-0.247,-0.300000,-0.300000,18.519,16.19,-0.505631,1.112228,0.280010,0.285871,0.212,0.200,-26.974,-30.742,0.271,-3.071089,-1.176942,-1.917963,0.000000,0.000000,0.000000,0.000000,0.000000,0.000000,0,0.00
4.360000,-0.256,-0.300000,-0.300000,18.519,16.19,-0.514243,1.153793,0.280643,0.295404,0.221,0.200,-26.986,-30.736,0.269,-3.079236,-1.178427,-1.919346,0.000000,0.000000,0.000000,0.000000,0.000000,0.000000,0,0.00
4.370000,-0.266,-0.300000,-0.300000,18.519,16.19,-0.524151,1.196250,0.281249,0.304183,0.229,0.200,-26.996,-30.729,0.268,-3.087881,-1.180371,-1.920376,0.000000,0.000000,0.000000,0.000000,0.000000,0.000000,0,0.00
4.380000,-0.275,-0.300000,-0.300000,18.519,16.19,-0.535323,1.239600,0.281860,0.312254,0.238,0.200,-27.006,-30.723,0.266,-3.097022,-1.182770,-1.921057,0.000000,0.000000,0.000000,0.000000,0.000000,0.000000,0,0.00
4.390000,-0.285,-0.300000,-0.300000,18.519,16.19,-0.547724,1.283849,0.282424,0.339932,0.247,0.200,-27.016,-30.716,0.263,-3.106666,-1.185623,-1.921387,0.000000,0.000000,0.000000,0.000000,0.000000,0.000000,0,0.00
4.400000,-0.295,-0.300000,-0.300000,18.519,16.19,-0.561310,1.329004,0.283082,0.347205,0.256,0.200,-27.025,-30.708,0.260,-3.116833,-1.188929,-1.921352,0.000000,0.000000,0.000000,0.000000,0.000000,0.000000,0,0.00
4.410000,-0.306,-0.300000,-0.300000,18.519,16.19,-0.576032,1.375075,0.283739,0.363540,0.266,0.200,-27.033,-30.701,0.257,-3.127557,-1.192690,-1.920922,0.000000,0.000000,0.000000,0.000000,0.000000,0.000000,0,0.00
4.420000,-0.316,-0.300000,-0.300000,18.519,16.19,-0.591838,1.422081,0.284354,0.383213,0.275,0.200,-27.041,-30.693,0.253,-3.138884,-1.196910,-1.920059,0.000000,0.000000,0.000000,0.000000,0.000000,0.000000,0,0.00
4.430000,-0.327,-0.300000,-0.300000,18.519,16.19,-0.608670,1.470048,0.284959,0.405848,0.285,0.200,-27.048,-30.684,0.249,3.132306,-1.201593,-1.918708,0.000000,0.000000,0.000000,0.000000,0.000000,0.000000,0,0.00
4.440000,-0.337,-0.300000,-0.300000,18.519,16.19,-0.623100,1.514759,0.285653,0.403338,0.295,0.200,-27.055,-30.676,0.245,3.116051,-1.207609,-1.911833,0.000000,0.000000,0.000000,0.000000,0.000000,0.000000,0,0.00
4.450000,-0.347,-0.300000,-0.300000,18.519,16.19,-0.637236,1.561177,0.286342,0.414382,0.306,0.200,-27.062,-30.668,0.239,3.097770,-1.214122,-1.903238,0.000000,0.000000,0.000000,0.000000,0.000000,0.000000,0,0.00
4.460000,-0.358,-0.300000,-0.300000,18.519,16.19,-0.651716,1.608988,0.286963,0.436168,0.316,0.200,-27.067,-30.660,0.234,3.077691,-1.221119,-1.893108,0.000000,0.000000,0.000000,0.000000,0.000000,0.000000,0,0.00
4.470000,-0.368,-0.300000,-0.300000,18.519,16.19,-0.666888,1.658137,0.287676,0.440594,0.327,0.200,-27.073,-30.651,0.228,3.055939,-1.228582,-1.881590,0.000000,0.000000,0.000000,0.000000,0.000000,0.000000,0,0.00
4.480000,-0.380,-0.300000,-0.300000,18.519,16.19,-0.682869,1.708665,0.288372,0.446444,0.337,0.200,-27.077,-30.642,0.221,3.032378,-1.236530,-1.868570,0.000000,0.000000,0.000000,0.000000,0.000000,0.000000,0,0.00
4.490000,-0.391,-0.300000,-0.300000,18.519,16.19,-0.699659,1.760648,0.289131,0.464573,0.347,0.200,-27.082,-30.633,0.214,3.006741,-1.244974,-1.853814,0.000000,0.000000,0.000000,0.000000,0.000000,0.000000,0,0.00
4.500000,-0.403,-0.300000,-0.300000,18.519,16.19,-0.717233,1.814183,0.289903,0.480962,0.358,0.200,-27.085,-30.624,0.207,2.978720,-1.253910,-1.837053,0.000000,0.000000,0.000000,0.000000,0.000000,0.000000,0,0.00
4.510000,-0.415,-0.300000,-0.300000,18.519,16.19,-0.735566,1.869380,0.290839,0.470048,0.368,0.200,-27.088,-30.614,0.199,2.947959,-1.263328,-1.817979,0.000000,0.000000,0.000000,0.000000,0.000000,0.000000,0,0.00
4.520000,-0.428,-0.300000,-0.300000,18.519,16.19,-0.754653,1.926354,0.291730,0.477090,0.380,0.200,-27.091,-30.604,0.191,2.914053,-1.273213,-1.796240,0.000000,0.000000,0.000000,0.000000,0.000000,0.000000,0,0.00
4.530000,-0.441,-0.300000,-0.300000,18.519,16.19,-0.774506,1.985220,0.292705,0.473810,0.391,0.200,-27.093,-30.594,0.182,2.876537,-1.283542,-1.771432,0.000000,0.000000,0.000000,0.000000,0.000000,0.000000,0,0.00
4.540000,-0.455,-0.300000,-0.300000,18.519,16.19,-0.795166,2.046091,0.293718,0.475739,0.403,0.200,-27.094,-30.584,0.173,2.834881,-1.294286,-1.743088,0.000000,0.000000,0.000000,0.000000,0.000000,0.000000,0,0.00
4.550000,-0.469,-0.300000,-0.300000,18.519,16.19,-0.816697,2.109070,0.294879,0.466693,0.415,0.200,-27.094,-30.573,0.163,2.788475,-1.305406,-1.710669,0.000000,0.000000,0.000000,0.000000,0.000000,0.000000,0,0.00
4.560000,-0.483,-0.300000,-0.300000,18.519,16.19,-0.839197,2.174245,0.296039,0.476106,0.428,0.200,-27.094,-30.563,0.153,2.736619,-1.316853,-1.673547,0.000000,0.000000,0.000000,0.000000,0.000000,0.000000,0,0.00
4.570000,-0.498,-0.300000,-0.300000,18.519,16.19,-0.862800,2.241688,0.297237,0.478511,0.441,0.200,-27.094,-30.552,0.142,2.678505,-1.328564,-1.630989,0.000000,0.000000,0.000000,0.000000,0.000000,0.000000,0,0.00
4.580000,-0.513,-0.300000,-0.300000,18.519,16.19,-0.880677,2.306365,0.298505,0.476741,0.455,0.200,-27.091,-30.545,0.143,2.703109,-1.325691,-1.673676,0.000000,0.000000,0.000000,0.000000,0.000000,0.000000,0,0.00
4.590000,-0.521,-0.300000,-0.300000,18.519,16.19,-0.892523,2.342258,0.300167,0.419501,0.469,0.200,-27.092,-30.542,0.145,2.688894,-1.325232,-1.668625,0.000000,0.000000,0.000000,0.000000,0.000000,0.000000,0,0.00
4.600000,-0.527,-0.300000,-0.300000,18.519,16.19,-0.894329,2.373204,0.301306,0.380051,0.483,0.200,-27.094,-30.541,0.146,2.679829,-1.323565,-1.667646,0.000000,0.000000,0.000000,0.000000,0.000000,0.000000,0,0.00
4.610000,-0.533,-0.300000,-0.300000,18.519,16.19,-0.887313,2.398713,0.302452,0.325781,0.498,0.200,-27.097,-30.539,0.148,2.680302,-1.321148,-1.675124,0.000000,0.000000,0.000000,0.000000,0.000000,0.000000,0,0.00
4.620000,-0.538,-0.300000,-0.300000,18.519,16.19,-0.872860,2.421737,0.303604,0.264292,0.513,0.200,-27.101,-30.538,0.151,2.686744,-1.318599,-1.688158,0.000000,0.000000,0.000000,0.000000,0.000000,0.000000,0,0.00
4.630000,-0.543,-0.300000,-0.300000,18.519,16.19,-0.851648,2.444450,0.304838,0.206906,0.521,0.200,-27.104,-30.537,0.153,2.697245,-1.316133,-1.705366,0.000000,0.000000,0.000000,0.000000,0.000000,0.000000,0,0.00
4.640000,-0.545,-0.300000,-0.300000,18.519,16.19,-0.850331,2.451260,0.305932,0.178998,0.527,0.200,-27.108,-30.537,0.155,2.695835,-1.314056,-1.705855,0.000000,0.000000,0.000000,0.000000,0.000000,0.000000,0,0.00
4.650000,-0.547,-0.300000,-0.300000,18.519,16.19,-0.845683,2.460326,0.307089,0.143291,0.533,0.200,-27.111,-30.537,0.157,2.698485,-1.311959,-1.711192,0.000000,0.000000,0.000000,0.000000,0.000000,0.000000,0,0.00
4.660000,-0.549,-0.300000,-0.300000,18.519,16.19,-0.842678,2.470944,0.308152,0.120598,0.538,0.200,-27.113,-30.537,0.158,2.702322,-1.310058,-1.718197,0.000000,0.000000,0.000000,0.000000,0.000000,0.000000,0,0.00
4.670000,-0.552,-0.300000,-0.300000,18.519,16.19,-0.840403,2.482008,0.309065,0.106082,0.543,0.200,-27.115,-30.537,0.160,2.707280,-1.308139,-1.726509,0.000000,0.000000,0.000000,0.000000,0.000000,0.000000,0,0.00
4.680000,-0.554,-0.300000,-0.300000,18.519,16.19,-0.833325,2.491443,0.310075,0.088943,0.545,0.200,-27.115,-30.539,0.163,2.716443,-1.303989,-1.738881,0.000000,0.000000,0.000000,0.000000,0.000000,0.000000,0,0.00
4.690000,-0.556,-0.300000,-0.300000,18.519,16.19,-0.825380,2.502520,0.311043,0.099511,0.547,0.200,-27.114,-30.540,0.166,2.720583,-1.300722,-1.746465,0.000000,0.000000,0.000000,0.000000,0.000000,0.000000,0,0.00
4.700000,-0.559,-0.300000,-0.300000,18.519,16.19,-0.815645,2.516843,0.311933,0.116280,0.549,0.200,-27.112,-30.541,0.171,2.729370,-1.295769,-1.759944,0.000000,0.000000,0.000000,0.000000,0.000000,0.000000,0,0.00
4.710000,-0.563,-0.300000,-0.300000,18.519,16.19,-0.805883,2.533041,0.313044,0.125953,0.552,0.200,-27.109,-30.543,0.174,2.734193,-1.291459,-1.769823,0.000000,0.000000,0.000000,0.000000,0.000000,0.000000,0,0.00
4.720000,-0.567,-0.300000,-0.300000,18.519,16.19,-0.795459,2.552530,0.314006,0.143066,0.554,0.200,-27.105,-30.545,0.179,2.742055,-1.285980,-1.783961,0.000000,0.000000,0.000000,0.000000,0.000000,0.000000,0,0.00
4.730000,-0.572,-0.300000,-0.300000,18.519,16.19,-0.784969,2.573997,0.314981,0.169456,0.556,0.200,-27.100,-30.546,0.184,2.745501,-1.281215,-1.794053,0.000000,0.000000,0.000000,0.000000,0.000000,0.000000,0,0.00
4.740000,-0.577,-0.300000,-0.300000,18.519,16.19,-0.775961,2.597851,0.316256,0.185235,0.559,0.200,-27.094,-30.547,0.187,2.746317,-1.277231,-1.802067,0.000000,0.000000,0.000000,0.000000,0.000000,0.000000,0,0.00
4.750000,-0.583,-0.300000,-0.300000,18.519,16.19,-0.769812,2.623713,0.317359,0.201822,0.563,0.200,-27.088,-30.548,0.190,2.747487,-1.273650,-1.811069,0.000000,0.000000,0.000000,0.000000,0.000000,0.000000,0,0.00
4.760000,-0.589,-0.300000,-0.300000,18.519,16.19,-0.759130,2.650540,0.318557,0.219535,0.567,0.200,-27.081,-30.550,0.195,2.751101,-1.267849,-1.823213,0.000000,0.000000,0.000000,0.000000,0.000000,0.000000,0,0.00
4.770000,-0.595,-0.300000,-0.300000,18.519,16.19,-0.747681,2.678435,0.319915,0.222147,0.572,0.200,-27.073,-30.552,0.200,2.753611,-1.262042,-1.834620,0.000000,0.000000,0.000000,0.000000,0.000000,0.000000,0,0.00
4.780000,-0.601,-0.300000,-0.300000,18.519,16.19,-0.735870,2.705961,0.321272,0.220740,0.577,0.200,-27.065,-30.554,0.205,2.755668,-1.256123,-1.845569,0.000000,0.000000,0.000000,0.000000,0.000000,0.000000,0,0.00
4.790000,-0.607,-0.300000,-0.300000,18.519,16.19,-0.725587,2.729333,0.322608,0.220054,0.583,0.200,-27.057,-30.555,0.210,2.759945,-1.250292,-1.857758,0.000000,0.000000,0.000000,0.000000,0.000000,0.000000,0,0.00
4.800000,-0.610,-0.300000,-0.300000,18.519,16.19,-0.715600,2.744766,0.323947,0.196459,0.589,0.200,-27.049,-30.556,0.215,2.766274,-1.244499,-1.869856,0.000000,0.000000,0.000000,0.000000,0.000000,0.000000,0,0.00
4.810000,-0.612,-0.300000,-0.300000,18.519,16.19,-0.703493,2.755608,0.325419,0.165607,0.595,0.200,-27.043,-30.556,0.220,2.772305,-1.238600,-1.880347,0.000000,0.000000,0.000000,0.000000,0.000000,0.000000,0,0.00
4.820000,-0.614,-0.300000,-0.300000,18.519,16.19,-0.689932,2.762738,0.326896,0.132675,0.601,0.200,-27.037,-30.555,0.225,2.778898,-1.232337,-1.890439,0.000000,0.000000,0.000000,0.000000,0.000000,0.000000,0,0.00
4.830000,-0.615,-0.300000,-0.300000,18.519,16.19,-0.675423,2.766061,0.328394,0.094136,0.607,0.200,-27.033,-30.553,0.231,2.785414,-1.225965,-1.899374,0.000000,0.000000,0.000000,0.000000,0.000000,0.000000,0,0.00
4.840000,-0.614,-0.300000,-0.300000,18.519,16.19,-0.660787,2.763496,0.329713,0.052174,0.610,0.200,-27.031,-30.550,0.235,2.788939,-1.220824,-1.903139,0.000000,0.000000,0.000000,0.000000,0.000000,0.000000,0,0.00
4.850000,-0.613,-0.300000,-0.300000,18.519,16.19,-0.645118,2.759726,0.331084,0.021186,0.612,0.200,-27.029,-30.546,0.240,2.797244,-1.214191,-1.911983,0.000000,0.000000,0.000000,0.000000,0.000000,0.000000,0,0.00
4.860000,-0.611,-0.300000,-0.300000,18.519,16.19,-0.629102,2.749576,0.332478,-0.010677,0.614,0.200,-27.029,-30.542,0.244,2.802150,-1.208881,-1.915007,0.000000,0.000000,0.000000,0.000000,0.000000,0.000000,0,0.00
4.870000,-0.608,-0.300000,-0.300000,18.519,16.19,-0.611978,2.736068,0.333814,-0.043066,0.615,0.200,-27.029,-30.537,0.249,2.809296,-1.203009,-1.919562,0.000000,0.000000,0.000000,0.000000,0.000000,0.000000,0,0.00
4.880000,-0.604,-0.300000,-0.300000,18.519,16.19,-0.594569,2.716303,0.335372,-0.075140,0.614,0.200,-27.032,-30.533,0.252,2.813072,-1.198860,-1.918253,0.000000,0.000000,0.000000,0.000000,0.000000,0.000000,0,0.00
4.890000,-0.598,-0.300000,-0.300000,18.519,16.19,-0.576501,2.690049,0.336483,-0.121123,0.613,0.200,-27.036,-30.529,0.255,2.814087,-1.196507,-1.911655,0.000000,0.000000,0.000000,0.000000,0.000000,0.000000,0,0.00
4.900000,-0.591,-0.300000,-0.300000,18.519,16.18,-0.556592,2.661580,0.337619,-0.167847,0.611,0.200,-27.041,-30.525,0.258,2.818296,-1.193175,-1.908073,0.000000,0.000000,0.000000,0.000000,0.000000,0.000000,0,0.00
4.910000,-0.584,-0.300000,-0.300000,18.519,16.18,-0.536789,2.628873,0.338660,-0.217296,0.608,0.200,-27.046,-30.521,0.260,2.819683,-1.191282,-1.899923,0.000000,0.000000,0.000000,0.000000,0.000000,0.000000,0,0.00
4.920000,-0.576,-0.300000,-0.300000,18.519,16.18,-0.516936,2.592242,0.339615,-0.274038,0.604,0.200,-27.052,-30.518,0.261,2.819025,-1.190744,-1.888203,0.000000,0.000000,0.000000,0.000000,0.000000,0.000000,0,0.00
4.930000,-0.567,-0.300000,-0.300000,18.519,16.18,-0.496850,2.552066,0.340593,-0.329613,0.598,0.200,-27.059,-30.516,0.261,2.816717,-1.191347,-1.873545,0.000000,0.000000,0.000000,0.000000,0.000000,0.000000,0,0.00
4.940000,-0.558,-0.300000,-0.300000,18.519,16.18,-0.477168,2.509383,0.341570,-0.365966,0.591,0.200,-27.066,-30.514,0.261,2.812620,-1.193108,-1.856161,0.000000,0.000000,0.000000,0.000000,0.000000,0.000000,0,0.00
4.950000,-0.548,-0.300000,-0.300000,18.519,16.18,-0.459453,2.465822,0.342601,-0.395626,0.584,0.200,-27.073,-30.512,0.260,2.806581,-1.196128,-1.836409,0.000000,0.000000,0.000000,0.000000,0.000000,0.000000,0,0.00
4.960000,-0.538,-0.300000,-0.300000,18.519,16.18,-0.443509,2.422039,0.343546,-0.418943,0.576,0.200,-27.080,-30.511,0.257,2.798551,-1.200133,-1.814513,0.000000,0.000000,0.000000,0.000000,0.000000,0.000000,0,0.00
4.970000,-0.529,-0.300000,-0.300000,18.519,16.18,-0.429160,2.378985,0.344646,-0.413954,0.567,0.200,-27.087,-30.510,0.254,2.788103,-1.204987,-1.790339,0.000000,0.000000,0.000000,0.000000,0.000000,0.000000,0,0.00
4.980000,-0.519,-0.300000,-0.300000,18.519,16.18,-0.416246,2.337464,0.345628,-0.409198,0.558,0.200,-27.094,-30.509,0.250,2.774727,-1.210604,-1.763610,0.000000,0.000000,0.000000,0.000000,0.000000,0.000000,0,0.00
4.990000,-0.511,-0.300000,-0.300000,18.519,16.18,-0.404623,2.297987,0.346602,-0.396235,0.548,0.200,-27.101,-30.508,0.246,2.757913,-1.216915,-1.733965,0.000000,0.000000,0.000000,0.000000,0.000000,0.000000,0,0.00
5.000000,-0.502,-0.300000,-0.300000,18.519,16.18,-0.394163,2.260766,0.347675,-0.375834,0.538,0.200,-27.107,-30.507,0.240,2.737168,-1.223856,-1.700979,0.000000,0.000000,0.000000,0.000000,0.000000,0.000000,0,0.00
5.010000,-0.495,-0.300000,-0.300000,18.519,16.18,-0.384748,2.226089,0.348751,-0.343921,0.529,0.200,-27.113,-30.507,0.234,2.711948,-1.231344,-1.664202,0.000000,0.000000,0.000000,0.000000,0.000000,0.000000,0,0.00
5.020000,-0.488,-0.300000,-0.300000,18.519,16.18,-0.376276,2.194427,0.349836,-0.320917,0.519,0.200,-27.118,-30.506,0.227,2.681610,-1.239284,-1.623137,0.000000,0.000000,0.000000,0.000000,0.000000,0.000000,0,0.00
5.030000,-0.481,-0.300000,-0.300000,18.519,16.18,-0.368651,2.166326,0.350882,-0.288849,0.511,0.200,-27.123,-30.505,0.220,2.645399,-1.247565,-1.577193,0.000000,0.000000,0.000000,0.000000,0.000000,0.000000,0,0.00
5.040000,-0.476,-0.300000,-0.300000,18.519,16.18,-0.361788,2.142270,0.352029,-0.250746,0.502,0.200,-27.128,-30.504,0.211,2.602445,-1.256065,-1.525656,0.000000,0.000000,0.000000,0.000000,0.000000,0.000000,0,0.00
5.050000,-0.472,-0.300000,-0.300000,18.519,16.18,-0.356050,2.122596,0.353135,-0.218585,0.495,0.200,-27.132,-30.503,0.203,2.551798,-1.264688,-1.467703,0.000000,0.000000,0.000000,0.000000,0.000000,0.000000,0,0.00
5.060000,-0.468,-0.300000,-0.300000,18.519,16.18,-0.352177,2.107430,0.354249,-0.184585,0.488,0.200,-27.136,-30.501,0.193,2.492488,-1.273324,-1.402455,0.000000,0.000000,0.000000,0.000000,0.000000,0.000000,0,0.00
5.070000,-0.466,-0.300000,-0.300000,18.519,16.18,-0.350572,2.096322,0.355379,-0.150267,0.481,0.200,-27.140,-30.498,0.183,2.424116,-1.281724,-1.329489,0.000000,0.000000,0.000000,0.000000,0.000000,0.000000,0,0.00
5.080000,-0.464,-0.300000,-0.300000,18.519,16.18,-0.352156,2.088544,0.356465,-0.116102,0.476,0.200,-27.144,-30.495,0.171,2.346016,-1.289667,-1.248048,0.000000,0.000000,0.000000,0.000000,0.000000,0.000000,0,0.00
5.090000,-0.462,-0.300000,-0.300000,18.519,16.18,-0.348449,2.079323,0.357603,-0.093903,0.472,0.200,-27.149,-30.490,0.164,2.268254,-1.295743,-1.167124,0.000000,0.000000,0.000000,0.000000,0.000000,0.000000,0,0.00
5.100000,-0.459,-0.300000,-0.300000,18.519,16.18,-0.343604,2.064721,0.358576,-0.088562,0.468,0.200,-27.156,-30.487,0.157,2.179667,-1.298781,-1.074304,0.000000,0.000000,0.000000,0.000000,0.000000,0.000000,0,0.00
5.110000,-0.454,-0.300000,-0.300000,18.519,16.18,-0.339243,2.042899,0.359616,-0.099757,0.466,0.200,-27.165,-30.484,0.152,2.078625,-1.297474,-0.967593,0.000000,0.000000,0.000000,0.000000,0.000000,0.000000,0,0.00
5.120000,-0.447,-0.300000,-0.300000,18.519,16.18,-0.335317,2.011724,0.360558,-0.136113,0.464,0.200,-27.177,-30.483,0.148,1.971805,-1.290032,-0.853269,0.000000,0.000000,0.000000,0.000000,0.000000,0.000000,0,0.00
5.130000,-0.438,-0.300000,-0.300000,18.519,16.18,-0.331785,1.969131,0.361539,-0.191866,0.462,0.200,-27.190,-30.484,0.145,1.866667,-1.275519,-0.738429,0.000000,0.000000,0.000000,0.000000,0.000000,0.000000,0,0.00
5.140000,-0.429,-0.300000,-0.300000,18.519,16.18,-0.328607,1.931981,0.362351,-0.248313,0.459,0.200,-27.203,-30.487,0.143,1.767778,-1.257594,-0.632244,0.000000,0.000000,0.000000,0.000000,0.000000,0.000000,0,0.00
5.150000,-0.422,-0.300000,-0.300000,18.519,16.18,-0.325746,1.897937,0.363193,-0.284489,0.454,0.200,-27.214,-30.490,0.143,1.679239,-1.236562,-0.538168,0.000000,0.000000,0.000000,0.000000,0.000000,0.000000,0,0.00
5.160000,-0.415,-0.300000,-0.300000,18.519,16.18,-0.323170,1.865721,0.364001,-0.309418,0.447,0.200,-27.225,-30.495,0.145,1.602926,-1.213112,-0.457635,0.000000,0.000000,0.000000,0.000000,0.000000,0.000000,0,0.00
5.170000,-0.408,-0.300000,-0.300000,18.519,16.18,-0.320852,1.834403,0.365115,-0.297513,0.438,0.200,-27.235,-30.501,0.149,1.539468,-1.188044,-0.390841,0.000000,0.000000,0.000000,0.000000,0.000000,0.000000,0,0.00
5.180000,-0.401,-0.300000,-0.300000,18.519,16.18,-0.318765,1.803354,0.365879,-0.287897,0.429,0.200,-27.245,-30.507,0.154,1.488629,-1.162143,-0.337134,0.000000,0.000000,0.000000,0.000000,0.000000,0.000000,0,0.00
5.190000,-0.394,-0.300000,-0.300000,18.519,16.18,-0.316886,1.772972,0.366581,-0.278762,0.422,0.200,-27.255,-30.514,0.160,1.449631,-1.136157,-0.295535,0.000000,0.000000,0.000000,0.000000,0.000000,0.000000,0,0.00
5.200000,-0.388,-0.300000,-0.300000,18.519,16.18,-0.315196,1.744361,0.367164,-0.285759,0.415,0.200,-27.263,-30.522,0.167,1.421184,-1.110752,-0.264735,0.000000,0.000000,0.000000,0.000000,0.000000,0.000000,0,0.00
5.210000,-0.382,-0.300000,-0.300000,18.519,16.18,-0.313674,1.718470,0.367789,-0.283199,0.408,0.200,-27.271,-30.530,0.175,1.401832,-1.086475,-0.243265,0.000000,0.000000,0.000000,0.000000,0.000000,0.000000,0,0.00
5.220000,-0.377,-0.300000,-0.300000,18.519,16.18,-0.312305,1.695663,0.368440,-0.289400,0.401,0.200,-27.279,-30.539,0.183,1.389050,-1.063133,-0.228697,0.000000,0.000000,0.000000,0.000000,0.000000,0.000000,0,0.00
5.230000,-0.372,-0.300000,-0.300000,18.519,16.18,-0.311073,1.675420,0.369066,-0.274226,0.394,0.200,-27.286,-30.548,0.192,1.379696,-1.039802,-0.218072,0.000000,0.000000,0.000000,0.000000,0.000000,0.000000,0,0.00
5.240000,-0.368,-0.300000,-0.300000,18.519,16.18,-0.309964,1.657165,0.369760,-0.248040,0.388,0.200,-27.293,-30.557,0.201,1.373935,-1.017559,-0.211153,0.000000,0.000000,0.000000,0.000000,0.000000,0.000000,0,0.00
5.250000,-0.365,-0.300000,-0.300000,18.519,16.18,-0.308966,1.640564,0.370488,-0.209965,0.382,0.200,-27.299,-30.566,0.210,1.372091,-0.998224,-0.207772,0.000000,0.000000,0.000000,0.000000,0.000000,0.000000,0,0.00
5.260000,-0.361,-0.300000,-0.300000,18.519,16.18,-0.308069,1.625329,0.371232,-0.180005,0.377,0.200,-27.306,-30.574,0.220,1.373313,-0.981677,-0.207009,0.000000,0.000000,0.000000,0.000000,0.000000,0.000000,0,0.00
5.270000,-0.358,-0.300000,-0.300000,18.519,16.18,-0.307261,1.610416,0.371986,-0.158257,0.372,0.200,-27.312,-30.583,0.228,1.375314,-0.965508,-0.206934,0.000000,0.000000,0.000000,0.000000,0.000000,0.000000,0,0.00
5.280000,-0.355,-0.300000,-0.300000,18.519,16.19,-0.306535,1.595752,0.372776,-0.138865,0.368,0.200,-27.319,-30.591,0.235,1.377913,-0.949616,-0.207372,0.000000,0.000000,0.000000,0.000000,0.000000,0.000000,0,0.00
5.290000,-0.351,-0.300000,-0.300000,18.519,16.19,-0.305881,1.581386,0.373537,-0.128016,0.365,0.200,-27.325,-30.599,0.242,1.381070,-0.934038,-0.208277,0.000000,0.000000,0.000000,0.000000,0.000000,0.000000,0,0.00
5.300000,-0.348,-0.300000,-0.300000,18.519,16.19,-0.305293,1.567360,0.374245,-0.122974,0.361,0.200,-27.332,-30.608,0.247,1.384743,-0.918802,-0.209605,0.000000,0.000000,0.000000,0.000000,0.000000,0.000000,0,0.00
5.310000,-0.347,-0.300000,-0.300000,18.519,16.19,-0.304764,1.559587,0.375032,-0.108865,0.358,0.200,-27.338,-30.616,0.253,1.387472,-0.906869,-0.211274,0.000000,0.000000,0.000000,0.000000,0.000000,0.000000,0,0.00
5.320000,-0.346,-0.300000,-0.300000,18.519,16.19,-0.304287,1.554862,0.375889,-0.090457,0.355,0.200,-27.343,-30.623,0.258,1.389875,-0.896683,-0.213195,0.000000,0.000000,0.000000,0.000000,0.000000,0.000000,0,0.00
5.330000,-0.345,-0.300000,-0.300000,18.519,16.19,-0.303858,1.552819,0.376724,-0.070074,0.351,0.200,-27.348,-30.630,0.262,1.391956,-0.888074,-0.215308,0.000000,0.000000,0.000000,0.000000,0.000000,0.000000,0,0.00
5.340000,-0.346,-0.300000,-0.300000,18.519,16.19,-0.303472,1.556118,0.377551,-0.041581,0.348,0.200,-27.353,-30.636,0.267,1.395992,-0.883379,-0.219702,0.000000,0.000000,0.000000,0.000000,0.000000,0.000000,0,0.00
5.350000,-0.347,-0.300000,-0.300000,18.519,16.19,-0.303124,1.559478,0.378428,-0.012328,0.347,0.200,-27.358,-30.642,0.271,1.400196,-0.878937,-0.224187,0.000000,0.000000,0.000000,0.000000,0.000000,0.000000,0,0.00
5.360000,-0.347,-0.300000,-0.300000,18.519,16.19,-0.302812,1.562915,0.379278,0.004840,0.346,0.200,-27.362,-30.648,0.274,1.404559,-0.874745,-0.228758,0.000000,0.000000,0.000000,0.000000,0.000000,0.000000,0,0.00
5.370000,-0.348,-0.300000,-0.300000,18.519,16.19,-0.302531,1.566427,0.380020,0.017474,0.345,0.200,-27.367,-30.653,0.276,1.409060,-0.870799,-0.233402,0.000000,0.000000,0.000000,0.000000,0.000000,0.000000,0,0.00
5.380000,-0.349,-0.300000,-0.300000,18.519,16.19,-0.302278,1.570730,0.380753,0.027762,0.346,0.200,-27.371,-30.659,0.278,1.412861,-0.868625,-0.237503,0.000000,0.000000,0.000000,0.000000,0.000000,0.000000,0,0.00
5.390000,-0.350,-0.300000,-0.300000,18.519,16.19,-0.302050,1.574773,0.381476,0.029819,0.347,0.200,-27.375,-30.665,0.279,1.416281,-0.867545,-0.241134,0.000000,0.000000,0.000000,0.000000,0.000000,0.000000,0,0.00
5.400000,-0.351,-0.300000,-0.300000,18.519,16.19,-0.301845,1.578547,0.382228,0.031351,0.347,0.200,-27.379,-30.671,0.280,1.419341,-0.867473,-0.244325,0.000000,0.000000,0.000000,0.000000,0.000000,0.000000,0,0.00
5.410000,-0.352,-0.300000,-0.300000,18.519,16.19,-0.301661,1.582040,0.382949,0.032413,0.348,0.200,-27.383,-30.677,0.280,1.422043,-0.868359,-0.247087,0.000000,0.000000,0.000000,0.000000,0.000000,0.000000,0,0.00
5.420000,-0.352,-0.300000,-0.300000,18.519,16.19,-0.301495,1.585244,0.383648,0.032299,0.349,0.200,-27.386,-30.683,0.280,1.424378,-0.870173,-0.249418,0.000000,0.000000,0.000000,0.000000,0.000000,0.000000,0,0.00
5.430000,-0.353,-0.300000,-0.300000,18.519,16.19,-0.301345,1.588154,0.384416,0.029769,0.350,0.200,-27.390,-30.689,0.280,1.426335,-0.872893,-0.251315,0.000000,0.000000,0.000000,0.000000,0.000000,0.000000,0,0.00
5.440000,-0.354,-0.300000,-0.300000,18.519,16.19,-0.301211,1.590773,0.384980,0.028644,0.351,0.200,-27.393,-30.695,0.279,1.427898,-0.876502,-0.252771,0.000000,0.000000,0.000000,0.000000,0.000000,0.000000,0,0.00
5.450000,-0.354,-0.300000,-0.300000,18.519,16.19,-0.301090,1.593110,0.385598,0.027154,0.352,0.200,-27.396,-30.701,0.277,1.429050,-0.880987,-0.253775,0.000000,0.000000,0.000000,0.000000,0.000000,0.000000,0,0.00
5.460000,-0.354,-0.300000,-0.300000,18.519,16.19,-0.300981,1.595181,0.386358,0.024527,0.352,0.200,-27.399,-30.707,0.275,1.429770,-0.886335,-0.254318,0.000000,0.000000,0.000000,0.000000,0.000000,0.000000,0,0.00
5.470000,-0.355,-0.300000,-0.300000,18.519,16.19,-0.300883,1.597006,0.387292,0.021250,0.353,0.200,-27.402,-30.713,0.272,1.430030,-0.892533,-0.254381,0.000000,0.000000,0.000000,0.000000,0.000000,0.000000,0,0.00
5.480000,-0.355,-0.300000,-0.300000,18.519,16.19,-0.300795,1.598614,0.387984,0.019430,0.354,0.200,-27.405,-30.719,0.269,1.429798,-0.899569,-0.253946,0.000000,0.000000,0.000000,0.000000,0.000000,0.000000,0,0.00
5.490000,-0.356,-0.300000,-0.300000,18.519,16.19,-0.300716,1.600039,0.388662,0.016257,0.354,0.200,-27.408,-30.725,0.265,1.429035,-0.907427,-0.252986,0.000000,0.000000,0.000000,0.000000,0.000000,0.000000,0,0.00
5.500000,-0.356,-0.300000,-0.300000,18.519,16.19,-0.300644,1.601320,0.389438,0.013580,0.354,0.200,-27.410,-30.731,0.261,1.427693,-0.916090,-0.251466,0.000000,0.000000,0.000000,0.000000,0.000000,0.000000,0,0.00
5.510000,-0.356,-0.300000,-0.300000,18.519,16.19,-0.300580,1.602499,0.390228,0.012038,0.355,0.200,-27.412,-30.737,0.256,1.425712,-0.925538,-0.249343,0.000000,0.000000,0.000000,0.000000,0.000000,0.000000,0,0.00
5.520000,-0.356,-0.300000,-0.300000,18.519,16.19,-0.300522,1.603624,0.390990,0.011445,0.355,0.200,-27.414,-30.743,0.250,1.423023,-0.935747,-0.246566,0.000000,0.000000,0.000000,0.000000,0.000000,0.000000,0,0.00
5.530000,-0.357,-0.300000,-0.300000,18.519,16.19,-0.300470,1.604749,0.391728,0.010440,0.356,0.200,-27.417,-30.749,0.244,1.419544,-0.946689,-0.243068,0.000000,0.000000,0.000000,0.000000,0.000000,0.000000,0,0.00
5.540000,-0.357,-0.300000,-0.300000,18.519,16.19,-0.300423,1.605927,0.392554,0.009588,0.356,0.200,-27.418,-30.756,0.238,1.415178,-0.958332,-0.238772,0.000000,0.000000,0.000000,0.000000,0.000000,0.000000,0,0.00
5.550000,-0.357,-0.300000,-0.300000,18.519,16.19,-0.300381,1.607219,0.393379,0.009490,0.356,0.200,-27.420,-30.762,0.230,1.409816,-0.970642,-0.233587,0.000000,0.000000,0.000000,0.000000,0.000000,0.000000,0,0.00
5.560000,-0.357,-0.300000,-0.300000,18.519,16.19,-0.300343,1.608687,0.394155,0.010008,0.356,0.200,-27.422,-30.768,0.223,1.403333,-0.983582,-0.227407,0.000000,0.000000,0.000000,0.000000,0.000000,0.000000,0,0.00
5.570000,-0.358,-0.300000,-0.300000,18.519,16.19,-0.300309,1.610400,0.394982,0.010769,0.357,0.200,-27.423,-30.775,0.214,1.395591,-0.997111,-0.220110,0.000000,0.000000,0.000000,0.000000,0.000000,0.000000,0,0.00
5.580000,-0.358,-0.300000,-0.300000,18.519,16.19,-0.300279,1.612430,0.395809,0.011968,0.357,0.200,-27.425,-30.781,0.205,1.386431,-1.011187,-0.211555,0.000000,0.000000,0.000000,0.000000,0.000000,0.000000,0,0.00
5.590000,-0.359,-0.300000,-0.300000,18.519,16.19,-0.300251,1.614853,0.396558,0.014288,0.357,0.200,-27.426,-30.788,0.196,1.375679,-1.025767,-0.201585,0.000000,0.000000,0.000000,0.000000,0.000000,0.000000,0,0.00
5.600000,-0.360,-0.300000,-0.300000,18.519,16.19,-0.300226,1.617754,0.397301,0.017285,0.357,0.200,-27.427,-30.795,0.186,1.363141,-1.040806,-0.190019,0.000000,0.000000,0.000000,0.000000,0.000000,0.000000,0,0.00
5.610000,-0.360,-0.300000,-0.300000,18.519,16.19,-0.300204,1.621222,0.398061,0.020726,0.358,0.200,-27.428,-30.801,0.175,1.348601,-1.056260,-0.176657,0.000000,0.000000,0.000000,0.000000,0.000000,0.000000,0,0.00
5.620000,-0.361,-0.300000,-0.300000,18.519,16.19,-0.300184,1.625356,0.398799,0.025282,0.358,0.200,-27.428,-30.808,0.164,1.331818,-1.072084,-0.161271,0.000000,0.000000,0.000000,0.000000,0.000000,0.000000,0,0.00
5.630000,-0.362,-0.300000,-0.300000,18.519,16.19,-0.300166,1.630267,0.399543,0.030660,0.359,0.200,-27.429,-30.815,0.152,1.312523,-1.088233,-0.143604,0.000000,0.000000,0.000000,0.000000,0.000000,0.000000,0,0.00
5.640000,-0.364,-0.300000,-0.300000,18.519,16.19,-0.300150,1.636075,0.400224,0.037555,0.360,0.200,-27.429,-30.822,0.140,1.290411,-1.104662,-0.123366,0.000000,0.000000,0.000000,0.000000,0.000000,0.000000,0,0.00
5.650000,-0.365,-0.300000,-0.300000,18.519,16.19,-0.300135,1.642921,0.400971,0.044461,0.360,0.200,-27.429,-30.830,0.127,1.265140,-1.121325,-0.100229,0.000000,0.000000,0.000000,0.000000,0.000000,0.000000,0,0.00
5.660000,-0.367,-0.300000,-0.300000,18.519,16.18,-0.300122,1.650962,0.401595,0.055413,0.361,0.200,-27.429,-30.837,0.113,1.236320,-1.138177,-0.073815,0.000000,0.000000,0.000000,0.000000,0.000000,0.000000,0,0.00
5.670000,-0.369,-0.300000,-0.300000,18.519,16.18,-0.300110,1.660380,0.402299,0.065785,0.362,0.200,-27.428,-30.845,0.099,1.203500,-1.155172,-0.043692,0.000000,0.000000,0.000000,0.000000,0.000000,0.000000,0,0.00
5.680000,-0.371,-0.300000,-0.300000,18.519,16.16,-0.300100,1.667674,0.403088,0.069458,0.364,0.200,-27.426,-30.851,0.089,1.154439,-1.169233,0.001821,0.000000,0.000000,0.000000,0.000000,0.000000,0.000000,0,0.00
5.690000,-0.369,-0.300000,-0.300000,18.519,16.20,-0.300091,1.658571,0.403816,0.042044,0.365,0.200,-27.427,-30.853,0.095,1.070415,-1.170834,0.081971,0.000000,0.000000,0.000000,0.000000,0.000000,0.000000,0,0.00
5.700000,-0.366,-0.300000,-0.300000,18.519,16.19,-0.300084,1.648849,0.404632,0.014638,0.367,0.200,-27.428,-30.854,0.101,0.975617,-1.166801,0.171759,0.000000,0.000000,0.000000,0.000000,0.000000,0.000000,0,0.00
5.710000,-0.363,-0.300000,-0.300000,18.519,16.19,-0.300076,1.633491,0.405432,-0.026941,0.369,0.200,-27.430,-30.854,0.108,0.877947,-1.155561,0.264479,0.000000,0.000000,0.000000,0.000000,0.000000,0.000000,0,0.00
5.720000,-0.363,-0.300000,-0.300000,18.519,16.19,-0.287816,1.631559,0.406183,-0.047823,0.371,0.200,-27.432,-30.853,0.120,0.796064,-1.158412,0.343731,0.000000,0.000000,0.000000,0.000000,0.000000,0.000000,0,0.00
5.730000,-0.364,-0.300000,-0.300000,18.519,16.19,-0.281228,1.635825,0.406952,-0.052840,0.369,0.200,-27.434,-30.852,0.133,0.711962,-1.161492,0.424845,0.000000,0.000000,0.000000,0.000000,0.000000,0.000000,0,0.00
5.740000,-0.365,-0.300000,-0.300000,18.519,16.19,-0.283080,1.642725,0.407859,-0.026567,0.366,0.200,-27.436,-30.851,0.146,0.624314,-1.162259,0.509346,0.000000,0.000000,0.000000,0.000000,0.000000,0.000000,0,0.00
5.750000,-0.358,-0.300000,-0.300000,18.519,16.18,-0.293900,1.609888,0.408672,-0.062396,0.363,0.200,-27.437,-30.850,0.158,0.593348,-1.148445,0.543901,0.000000,0.000000,0.000000,0.000000,0.000000,0.000000,0,0.00
5.760000,-0.352,-0.300000,-0.300000,18.519,16.18,-0.294512,1.583913,0.409502,-0.076789,0.363,0.200,-27.438,-30.849,0.170,0.567728,-1.138929,0.572891,0.000000,0.000000,0.000000,0.000000,0.000000,0.000000,0,0.00
5.770000,-0.347,-0.300000,-0.300000,18.519,16.18,-0.295060,1.560798,0.410288,-0.109761,0.364,0.200,-27.439,-30.847,0.181,0.543751,-1.130262,0.599889,0.000000,0.000000,0.000000,0.000000,0.000000,0.000000,0,0.00
5.780000,-0.342,-0.300000,-0.300000,18.519,16.18,-0.295554,1.540218,0.411119,-0.147038,0.365,0.200,-27.439,-30.846,0.191,0.521124,-1.122350,0.625242,0.000000,0.000000,0.000000,0.000000,0.000000,0.000000,0,0.00
5.790000,-0.338,-0.300000,-0.300000,18.519,16.18,-0.295998,1.522164,0.411846,-0.186780,0.358,0.200,-27.440,-30.846,0.200,0.499582,-1.115213,0.649228,0.000000,0.000000,0.000000,0.000000,0.000000,0.000000,0,0.00
5.800000,-0.335,-0.300000,-0.300000,18.519,16.18,-0.296399,1.505672,0.412543,-0.163589,0.352,0.200,-27.441,-30.845,0.209,0.479994,-1.108535,0.671088,0.000000,0.000000,0.000000,0.000000,0.000000,0.000000,0,0.00
5.810000,-0.332,-0.300000,-0.300000,18.519,16.18,-0.296759,1.492213,0.413234,-0.147391,0.347,0.200,-27.441,-30.845,0.216,0.460968,-1.102867,0.692052,0.000000,0.000000,0.000000,0.000000,0.000000,0.000000,0,0.00
5.820000,-0.329,-0.300000,-0.300000,18.519,16.18,-0.297082,1.481140,0.413964,-0.128863,0.342,0.200,-27.441,-30.845,0.223,0.444385,-1.097916,0.710235,0.000000,0.000000,0.000000,0.000000,0.000000,0.000000,0,0.00
5.830000,-0.327,-0.300000,-0.300000,18.519,16.18,-0.297373,1.473321,0.414586,-0.113369,0.338,0.200,-27.441,-30.845,0.230,0.428155,-1.094087,0.727695,0.000000,0.000000,0.000000,0.000000,0.000000,0.000000,0,0.00
5.840000,-0.324,-0.300000,-0.300000,18.519,16.18,-0.297638,1.456018,0.415218,-0.115000,0.335,0.200,-27.442,-30.848,0.238,0.418532,-1.085767,0.739175,0.000000,0.000000,0.000000,0.000000,0.000000,0.000000,0,0.00
5.850000,-0.320,-0.300000,-0.300000,18.519,16.18,-0.297874,1.438374,0.415875,-0.117382,0.332,0.200,-27.444,-30.850,0.245,0.410152,-1.078326,0.749791,0.000000,0.000000,0.000000,0.000000,0.000000,0.000000,0,0.00
5.860000,-0.316,-0.300000,-0.300000,18.519,16.18,-0.298087,1.422373,0.416444,-0.126035,0.329,0.200,-27.445,-30.853,0.252,0.402159,-1.072190,0.760081,0.000000,0.000000,0.000000,0.000000,0.000000,0.000000,0,0.00
5.870000,-0.313,-0.300000,-0.300000,18.519,16.18,-0.298278,1.407517,0.417035,-0.136209,0.327,0.200,-27.446,-30.856,0.258,0.394203,-1.067045,0.770430,0.000000,0.000000,0.000000,0.000000,0.000000,0.000000,0,0.00
5.880000,-0.310,-0.300000,-0.300000,18.519,16.18,-0.298450,1.393751,0.417545,-0.151339,0.324,0.200,-27.447,-30.859,0.263,0.386074,-1.062922,0.781093,0.000000,0.000000,0.000000,0.000000,0.000000,0.000000,0,0.00
5.890000,-0.307,-0.300000,-0.300000,18.519,16.18,-0.298605,1.381161,0.418105,-0.144352,0.320,0.200,-27.448,-30.862,0.267,0.377660,-1.059834,0.792173,0.000000,0.000000,0.000000,0.000000,0.000000,0.000000,0,0.00
5.900000,-0.304,-0.300000,-0.300000,18.519,16.18,-0.298744,1.369787,0.418689,-0.134919,0.316,0.200,-27.449,-30.865,0.270,0.368868,-1.057779,0.803763,0.000000,0.000000,0.000000,0.000000,0.000000,0.000000,0,0.00
5.910000,-0.302,-0.300000,-0.300000,18.519,16.18,-0.298870,1.359638,0.419264,-0.122233,0.313,0.200,-27.450,-30.867,0.273,0.359612,-1.056743,0.815943,0.000000,0.000000,0.000000,0.000000,0.000000,0.000000,0,0.00
5.920000,-0.300,-0.300000,-0.300000,18.519,16.18,-0.298983,1.350703,0.419875,-0.109913,0.310,0.200,-27.451,-30.870,0.275,0.349811,-1.056711,0.828795,0.000000,0.000000,0.000000,0.000000,0.000000,0.000000,0,0.00
5.930000,-0.299,-0.300000,-0.300000,18.519,16.18,-0.299084,1.343752,0.420505,-0.091872,0.307,0.200,-27.452,-30.872,0.276,0.339374,-1.057595,0.842172,0.000000,0.000000,0.000000,0.000000,0.000000,0.000000,0,0.00
5.940000,-0.298,-0.300000,-0.300000,18.519,16.18,-0.299176,1.339618,0.421135,-0.074320,0.304,0.200,-27.453,-30.875,0.276,0.328192,-1.059345,0.855944,0.000000,0.000000,0.000000,0.000000,0.000000,0.000000,0,0.00
5.950000,-0.297,-0.300000,-0.300000,18.519,16.18,-0.299259,1.338390,0.421770,-0.055264,0.302,0.200,-27.454,-30.878,0.275,0.316162,-1.061981,0.870196,0.000000,0.000000,0.000000,0.000000,0.000000,0.000000,0,0.00
5.960000,-0.296,-0.300000,-0.300000,18.519,16.18,-0.290451,1.330014,0.422398,-0.050332,0.300,0.200,-27.455,-30.879,0.274,0.323089,-1.064749,0.865938,0.000000,0.000000,0.000000,0.000000,0.000000,0.000000,0,0.00
5.970000,-0.295,-0.300000,-0.300000,18.519,16.19,-0.286246,1.325560,0.423108,-0.041285,0.299,0.200,-27.455,-30.880,0.273,0.329226,-1.067382,0.861448,0.000000,0.000000,0.000000,0.000000,0.000000,0.000000,0,0.00
5.980000,-0.294,-0.300000,-0.300000,18.519,16.19,-0.284010,1.324449,0.423807,-0.031238,0.298,0.200,-27.456,-30.881,0.271,0.335563,-1.069890,0.855825,0.000000,0.000000,0.000000,0.000000,0.000000,0.000000,0,0.00
5.990000,-0.295,-0.300000,-0.300000,18.519,16.19,-0.283117,1.326923,0.424501,-0.020548,0.297,0.200,-27.457,-30.881,0.268,0.342264,-1.072352,0.848862,0.000000,0.000000,0.000000,0.000000,0.000000,0.000000,0,0.00
6.000000,-0.296,-0.300000,-0.300000,18.519,16.19,-0.283402,1.333025,0.425262,-0.010054,0.296,0.200,-27.458,-30.881,0.265,0.349396,-1.074817,0.840503,0.000000,0.000000,0.000000,0.000000,0.000000,0.000000,0,0.00
6.010000,-0.298,-0.300000,-0.300000,18.519,16.19,-0.284811,1.342729,0.425969,0.018515,0.295,0.200,-27.458,-30.880,0.261,0.357007,-1.077312,0.830721,0.000000,0.000000,0.000000,0.000000,0.000000,0.000000,0,0.00
6.020000,-0.301,-0.300000,-0.300000,18.519,16.19,-0.286328,1.355498,0.426693,0.043957,0.294,0.200,-27.459,-30.880,0.257,0.365471,-1.080232,0.819405,0.000000,0.000000,0.000000,0.000000,0.000000,0.000000,0,0.00
6.030000,-0.305,-0.300000,-0.300000,18.519,16.19,-0.287693,1.370273,0.427377,0.069020,0.295,0.200,-27.459,-30.878,0.252,0.375232,-1.083693,0.806417,0.000000,0.000000,0.000000,0.000000,0.000000,0.000000,0,0.00
6.040000,-0.308,-0.300000,-0.300000,18.519,16.19,-0.288922,1.387000,0.428359,0.083950,0.296,0.200,-27.460,-30.876,0.246,0.386349,-1.087663,0.791715,0.000000,0.000000,0.000000,0.000000,0.000000,0.000000,0,0.00
6.050000,-0.312,-0.300000,-0.300000,18.519,16.19,-0.290028,1.405701,0.428858,0.117112,0.298,0.200,-27.460,-30.874,0.240,0.399009,-1.092117,0.775105,0.000000,0.000000,0.000000,0.000000,0.000000,0.000000,0,0.00
6.060000,-0.317,-0.300000,-0.300000,18.519,16.19,-0.291025,1.426475,0.429531,0.137327,0.301,0.200,-27.461,-30.872,0.233,0.413457,-1.097054,0.756327,0.000000,0.000000,0.000000,0.000000,0.000000,0.000000,0,0.00
6.070000,-0.322,-0.300000,-0.300000,18.519,16.19,-0.291922,1.449392,0.430120,0.163057,0.305,0.200,-27.461,-30.870,0.225,0.429742,-1.102492,0.735344,0.000000,0.000000,0.000000,0.000000,0.000000,0.000000,0,0.00
6.080000,-0.328,-0.300000,-0.300000,18.519,16.19,-0.292729,1.474455,0.430759,0.185360,0.308,0.200,-27.462,-30.867,0.217,0.447986,-1.108408,0.712048,0.000000,0.000000,0.000000,0.000000,0.000000,0.000000,0,0.00
6.090000,-0.334,-0.300000,-0.300000,18.519,16.19,-0.293455,1.501648,0.431387,0.218077,0.312,0.200,-27.462,-30.865,0.209,0.468350,-1.114765,0.686296,0.000000,0.000000,0.000000,0.000000,0.000000,0.000000,0,0.00
6.100000,-0.340,-0.300000,-0.300000,18.519,16.19,-0.294109,1.530951,0.431999,0.234355,0.317,0.200,-27.463,-30.862,0.199,0.491019,-1.121522,0.657918,0.000000,0.000000,0.000000,0.000000,0.000000,0.000000,0,0.00
6.110000,-0.347,-0.300000,-0.300000,18.519,16.19,-0.294697,1.562338,0.432642,0.259867,0.322,0.200,-27.463,-30.860,0.190,0.516204,-1.128625,0.626723,0.000000,0.000000,0.000000,0.000000,0.000000,0.000000,0,0.00
6.120000,-0.355,-0.300000,-0.300000,18.519,16.19,-0.295227,1.595774,0.433460,0.266777,0.328,0.200,-27.464,-30.857,0.179,0.544137,-1.136014,0.592498,0.000000,0.000000,0.000000,0.000000,0.000000,0.000000,0,0.00
6.130000,-0.362,-0.300000,-0.300000,18.519,16.19,-0.295703,1.631218,0.433990,0.307249,0.334,0.200,-27.464,-30.855,0.168,0.575077,-1.143615,0.555009,0.000000,0.000000,0.000000,0.000000,0.000000,0.000000,0,0.00
6.140000,-0.371,-0.300000,-0.300000,18.519,16.19,-0.296132,1.668616,0.434699,0.325409,0.340,0.200,-27.465,-30.852,0.157,0.609302,-1.151341,0.514002,0.000000,0.000000,0.000000,0.000000,0.000000,0.000000,0,0.00
6.150000,-0.379,-0.300000,-0.300000,18.519,16.19,-0.297802,1.704200,0.435325,0.344033,0.347,0.200,-27.464,-30.848,0.149,0.635046,-1.157905,0.481635,0.000000,0.000000,0.000000,0.000000,0.000000,0.000000,0,0.00
6.160000,-0.386,-0.300000,-0.300000,18.519,16.19,-0.298023,1.737796,0.435976,0.354609,0.355,0.200,-27.464,-30.845,0.140,0.664261,-1.163731,0.446237,0.000000,0.000000,0.000000,0.000000,0.000000,0.000000,0,0.00
6.170000,-0.398,-0.300000,-0.300000,18.519,16.19,-0.298223,1.791035,0.436724,0.403863,0.362,0.200,-27.461,-30.837,0.136,0.671990,-1.169819,0.426985,0.000000,0.000000,0.000000,0.000000,0.000000,0.000000,0,0.00
6.180000,-0.408,-0.300000,-0.300000,18.519,16.19,-0.300122,1.837919,0.437532,0.401947,0.371,0.200,-27.458,-30.829,0.132,0.677294,-1.172448,0.410579,0.000000,0.000000,0.000000,0.000000,0.000000,0.000000,0,0.00
6.190000,-0.418,-0.300000,-0.300000,18.519,16.19,-0.300112,1.880571,0.438358,0.409125,0.379,0.200,-27.456,-30.820,0.129,0.680013,-1.173262,0.397159,0.000000,0.000000,0.000000,0.000000,0.000000,0.000000,0,0.00
6.200000,-0.427,-0.300000,-0.300000,18.519,16.19,-0.300103,1.919276,0.439274,0.396674,0.386,0.200,-27.455,-30.810,0.125,0.679029,-1.172042,0.387659,0.000000,0.000000,0.000000,0.000000,0.000000,0.000000,0,0.00
6.210000,-0.436,-0.300000,-0.300000,18.519,16.19,-0.300307,1.962680,0.440270,0.393406,0.398,0.200,-27.454,-30.801,0.122,0.679973,-1.173061,0.375732,0.000000,0.000000,0.000000,0.000000,0.000000,0.000000,0,0.00
6.220000,-0.446,-0.300000,-0.300000,18.519,16.19,-0.300278,2.007073,0.441255,0.364096,0.408,0.200,-27.453,-30.792,0.119,0.680008,-1.174367,0.364463,0.000000,0.000000,0.000000,0.000000,0.000000,0.000000,0,0.00
6.230000,-0.455,-0.300000,-0.300000,18.519,16.19,-0.329703,2.047677,0.442273,0.344391,0.418,0.200,-27.453,-30.786,0.116,0.676792,-1.171999,0.356054,0.000000,0.000000,0.000000,0.000000,0.000000,0.000000,0,0.00
6.240000,-0.464,-0.300000,-0.300000,18.519,16.19,-0.350247,2.089356,0.443360,0.330961,0.427,0.200,-27.455,-30.779,0.114,0.671858,-1.172394,0.349880,0.000000,0.000000,0.000000,0.000000,0.000000,0.000000,0,0.00
6.250000,-0.473,-0.300000,-0.300000,18.519,16.19,-0.364960,2.130485,0.444477,0.328905,0.436,0.200,-27.456,-30.772,0.112,0.670840,-1.174007,0.340405,0.000000,0.000000,0.000000,0.000000,0.000000,0.000000,0,0.00
6.260000,-0.482,-0.300000,-0.300000,18.519,16.19,-0.374507,2.171064,0.445606,0.322935,0.446,0.200,-27.458,-30.763,0.111,0.662709,-1.174404,0.337487,0.000000,0.000000,0.000000,0.000000,0.000000,0.000000,0,0.00
6.270000,-0.491,-0.300000,-0.300000,18.519,16.19,-0.376839,2.210459,0.447071,0.298465,0.455,0.200,-27.461,-30.755,0.111,0.656921,-1.175612,0.332831,0.000000,0.000000,0.000000,0.000000,0.000000,0.000000,0,0.00
6.280000,-0.500,-0.300000,-0.300000,18.519,16.19,-0.373391,2.247776,0.448179,0.293722,0.464,0.200,-27.464,-30.746,0.109,0.654669,-1.177160,0.325371,0.000000,0.000000,0.000000,0.000000,0.000000,0.000000,0,0.00
6.290000,-0.507,-0.300000,-0.300000,18.519,16.19,-0.367441,2.282856,0.449340,0.284909,0.473,0.200,-27.469,-30.736,0.110,0.641116,-1.176394,0.328595,0.000000,0.000000,0.000000,0.000000,0.000000,0.000000,0,0.00
6.300000,-0.515,-0.300000,-0.300000,18.519,16.19,-0.360698,2.319275,0.450552,0.277954,0.482,0.200,-27.475,-30.725,0.111,0.624036,-1.175273,0.334679,0.000000,0.000000,0.000000,0.000000,0.000000,0.000000,0,0.00
6.310000,-0.523,-0.300000,-0.300000,18.519,16.18,-0.354628,2.353943,0.451616,0.276946,0.491,0.200,-27.482,-30.715,0.113,0.607386,-1.172744,0.340235,0.000000,0.000000,0.000000,0.000000,0.000000,0.000000,0,0.00
6.320000,-0.532,-0.300000,-0.300000,18.519,16.19,-0.349165,2.393323,0.452781,0.293874,0.500,0.200,-27.489,-30.706,0.115,0.590387,-1.171550,0.345222,0.000000,0.000000,0.000000,0.000000,0.000000,0.000000,0,0.00
6.330000,-0.538,-0.300000,-0.300000,18.519,16.19,-0.344249,2.419964,0.454659,0.261185,0.507,0.200,-27.498,-30.698,0.117,0.576428,-1.166327,0.349194,0.000000,0.000000,0.000000,0.000000,0.000000,0.000000,0,0.00
6.340000,-0.542,-0.300000,-0.300000,18.519,16.19,-0.339824,2.440701,0.455796,0.241894,0.515,0.200,-27.509,-30.690,0.121,0.564645,-1.160858,0.352528,0.000000,0.000000,0.000000,0.000000,0.000000,0.000000,0,0.00
6.350000,-0.546,-0.300000,-0.300000,18.519,16.19,-0.335841,2.455495,0.456877,0.213383,0.523,0.200,-27.522,-30.684,0.125,0.555439,-1.154462,0.354580,0.000000,0.000000,0.000000,0.000000,0.000000,0.000000,0,0.00
6.360000,-0.548,-0.300000,-0.300000,18.519,16.19,-0.332257,2.464646,0.457926,0.169750,0.532,0.200,-27.536,-30.678,0.129,0.549242,-1.146962,0.354764,0.000000,0.000000,0.000000,0.000000,0.000000,0.000000,0,0.00
6.370000,-0.549,-0.300000,-0.300000,18.519,16.19,-0.329031,2.468745,0.459001,0.113280,0.538,0.200,-27.551,-30.673,0.133,0.547061,-1.138422,0.351945,0.000000,0.000000,0.000000,0.000000,0.000000,0.000000,0,0.00
6.380000,-0.549,-0.300000,-0.300000,18.519,16.19,-0.326127,2.468719,0.459985,0.086106,0.542,0.200,-27.566,-30.670,0.138,0.549446,-1.128941,0.345357,0.000000,0.000000,0.000000,0.000000,0.000000,0.000000,0,0.00
6.390000,-0.548,-0.300000,-0.300000,18.519,16.19,-0.323513,2.465353,0.460889,0.043662,0.546,0.200,-27.582,-30.668,0.142,0.556626,-1.118377,0.334493,0.000000,0.000000,0.000000,0.000000,0.000000,0.000000,0,0.00
6.400000,-0.546,-0.300000,-0.300000,18.519,16.19,-0.321161,2.459114,0.461885,0.004952,0.548,0.200,-27.598,-30.668,0.147,0.568426,-1.106330,0.319220,0.000000,0.000000,0.000000,0.000000,0.000000,0.000000,0,0.00
6.410000,-0.545,-0.300000,-0.300000,18.519,16.19,-0.319044,2.451189,0.462680,-0.031341,0.549,0.200,-27.613,-30.668,0.151,0.583398,-1.092977,0.300698,0.000000,0.000000,0.000000,0.000000,0.000000,0.000000,0,0.00
6.420000,-0.543,-0.300000,-0.300000,18.519,16.19,-0.317138,2.443249,0.463673,-0.054214,0.549,0.200,-27.627,-30.670,0.156,0.600835,-1.078825,0.279391,0.000000,0.000000,0.000000,0.000000,0.000000,0.000000,0,0.00
6.430000,-0.541,-0.300000,-0.300000,18.519,16.19,-0.315423,2.436457,0.464621,-0.067962,0.548,0.200,-27.641,-30.673,0.160,0.620347,-1.064248,0.255568,0.000000,0.000000,0.000000,0.000000,0.000000,0.000000,0,0.00
6.440000,-0.540,-0.300000,-0.300000,18.519,16.19,-0.313880,2.431975,0.465511,-0.070377,0.546,0.200,-27.654,-30.677,0.165,0.641556,-1.049605,0.229494,0.000000,0.000000,0.000000,0.000000,0.000000,0.000000,0,0.00
6.450000,-0.540,-0.300000,-0.300000,18.519,16.19,-0.312490,2.430846,0.466634,-0.060138,0.545,0.200,-27.666,-30.682,0.170,0.664254,-1.035214,0.201302,0.000000,0.000000,0.000000,0.000000,0.000000,0.000000,0,0.00
6.460000,-0.541,-0.300000,-0.300000,18.519,16.19,-0.311240,2.434003,0.467703,-0.035156,0.543,0.200,-27.677,-30.688,0.176,0.688303,-1.021358,0.171083,0.000000,0.000000,0.000000,0.000000,0.000000,0.000000,0,0.00
6.470000,-0.543,-0.300000,-0.300000,18.519,16.19,-0.310114,2.442222,0.468794,-0.005183,0.541,0.200,-27.688,-30.695,0.182,0.713624,-1.008271,0.138901,0.000000,0.000000,0.000000,0.000000,0.000000,0.000000,0,0.00
6.480000,-0.545,-0.300000,-0.300000,18.519,16.19,-0.309102,2.452332,0.469989,0.025008,0.540,0.200,-27.698,-30.702,0.187,0.737884,-0.995607,0.107652,0.000000,0.000000,0.000000,0.000000,0.000000,0.000000,0,0.00
6.490000,-0.549,-0.300000,-0.300000,18.519,16.19,-0.308190,2.471856,0.471176,0.066806,0.540,0.200,-27.707,-30.710,0.193,0.765941,-0.984368,0.071438,0.000000,0.000000,0.000000,0.000000,0.000000,0.000000,0,0.00
6.500000,-0.554,-0.300000,-0.300000,18.519,16.19,-0.307370,2.493558,0.472413,0.103290,0.541,0.200,-27.715,-30.718,0.198,0.793150,-0.973566,0.036009,0.000000,0.000000,0.000000,0.000000,0.000000,0.000000,0,0.00
6.510000,-0.561,-0.300000,-0.300000,18.519,16.19,-0.306631,2.525579,0.473674,0.148318,0.543,0.200,-27.722,-30.727,0.204,0.823820,-0.964464,-0.003997,0.000000,0.000000,0.000000,0.000000,0.000000,0.000000,0,0.00
6.520000,-0.569,-0.300000,-0.300000,18.519,16.19,-0.305968,2.559659,0.475043,0.184103,0.545,0.200,-27.729,-30.736,0.209,0.853945,-0.955644,-0.043450,0.000000,0.000000,0.000000,0.000000,0.000000,0.000000,0,0.00
6.530000,-0.579,-0.300000,-0.300000,18.519,16.19,-0.305369,2.603524,0.476371,0.235653,0.549,0.200,-27.735,-30.746,0.215,0.887071,-0.948683,-0.086731,0.000000,0.000000,0.000000,0.000000,0.000000,0.000000,0,0.00
6.540000,-0.589,-0.300000,-0.300000,18.519,16.19,-0.304832,2.648963,0.478234,0.254570,0.554,0.200,-27.740,-30.755,0.220,0.919959,-0.941741,-0.129691,0.000000,0.000000,0.000000,0.000000,0.000000,0.000000,0,0.00
6.550000,-0.601,-0.300000,-0.300000,18.519,16.19,-0.304347,2.703145,0.479559,0.307385,0.561,0.200,-27.745,-30.765,0.225,0.955764,-0.936875,-0.175985,0.000000,0.000000,0.000000,0.000000,0.000000,0.000000,0,0.00
6.560000,-0.617,-0.300000,-0.300000,18.519,15.25,-0.303914,2.777522,0.481076,0.364242,0.569,0.200,-27.746,-30.776,0.234,0.986763,-0.942093,-0.219940,0.000000,0.000000,0.000000,0.000000,0.000000,0.000000,0,0.00
6.570000,-0.636,-0.300000,-0.300000,18.519,15.44,-0.303523,2.861673,0.482418,0.455693,0.579,0.200,-27.746,-30.786,0.244,1.017032,-0.950594,-0.265209,0.000000,0.000000,0.000000,0.000000,0.000000,0.000000,0,0.00
6.580000,-0.655,-0.300000,-0.300000,18.519,15.59,-0.303171,2.947705,0.483830,0.529683,0.589,0.200,-27.746,-30.797,0.253,1.047889,-0.960223,-0.311553,0.000000,0.000000,0.000000,0.000000,0.000000,0.000000,0,0.00
6.590000,-0.674,-0.300000,-0.300000,18.519,15.71,-0.302854,3.033878,0.485334,0.615984,0.601,0.200,-27.745,-30.808,0.263,1.079846,-0.970224,-0.359273,0.000000,0.000000,0.000000,0.000000,0.000000,0.000000,0,0.00
# Log beendet. Einträge: 659
