timestamp,roll_angle,steering_output,final_steer,target_speed,actual_speed_kmh,actual_handlebar_angle,p_term,i_term,d_term,error,stability_factor,pos_x,pos_y,pos_z,yaw,pitch,roll_world,vision_error,vision_steer_command,vision_speed_command,vision_p_term,vision_i_term,vision_d_term,vision_active,vision_mask_coverage
0.002000,-0.010,-0.020024,-0.020024,4.321,0.00,0.022108,0.019894,0.000000,0.000129,0.000,0.013,0.783,-46.440,0.363,2.617895,0.008486,-0.005197,0.000000,0.000000,0.000000,0.000000,0.000000,0.000000,1,0.00
0.004000,-0.010,-0.020755,-0.020755,4.321,1.40,0.021266,0.020180,0.000007,0.000568,0.000,0.014,0.783,-46.440,0.363,2.617711,0.008442,-0.005558,0.000000,0.000000,0.000000,0.000000,0.000000,0.000000,1,0.00
0.006000,-0.010,-0.022995,-0.022995,4.321,2.52,0.020425,0.020465,0.000008,0.002522,0.000,0.015,0.783,-46.440,0.363,2.617527,0.008399,-0.005917,0.000000,0.000000,0.000000,0.000000,0.000000,0.000000,1,0.00
0.008000,-0.010,-0.023884,-0.023884,4.321,3.42,0.019557,0.020760,0.000013,0.003112,0.000,0.016,0.783,-46.440,0.363,2.617335,0.008361,-0.006277,0.000000,0.000000,0.000000,0.000000,0.000000,0.000000,1,0.00
0.010000,-0.011,-0.024870,-0.024870,4.321,4.13,0.018688,0.021057,0.000018,0.003795,0.010,0.017,0.783,-46.440,0.363,2.617143,0.008323,-0.006638,0.000000,0.000000,0.000000,0.000000,0.000000,0.000000,1,0.00
0.012000,-0.011,-0.025916,-0.025916,4.321,4.71,0.017817,0.021356,0.000021,0.004538,0.010,0.017,0.783,-46.440,0.362,2.616949,0.008287,-0.007000,0.000000,0.000000,0.000000,0.000000,0.000000,0.000000,1,0.00
0.014000,-0.011,-0.027073,-0.027073,4.321,5.16,0.016942,0.021659,0.000024,0.005390,0.010,0.018,0.783,-46.440,0.362,2.616753,0.008252,-0.007362,0.000000,0.000000,0.000000,0.000000,0.000000,0.000000,1,0.00
0.016000,-0.011,-0.026251,-0.026251,4.321,5.53,0.016062,0.021966,0.000028,0.004257,0.010,0.018,0.783,-46.440,0.362,2.616555,0.008218,-0.007725,0.000000,0.000000,0.000000,0.000000,0.000000,0.000000,1,0.00
0.018000,-0.011,-0.026730,-0.026730,4.321,5.83,0.015216,0.022267,0.000033,0.004431,0.011,0.018,0.783,-46.440,0.361,2.616364,0.008181,-0.008088,0.000000,0.000000,0.000000,0.000000,0.000000,0.000000,1,0.00
0.020000,-0.011,-0.027185,-0.027185,4.321,6.06,0.014377,0.022568,0.000037,0.004580,0.011,0.018,0.783,-46.440,0.361,2.616174,0.008143,-0.008452,0.000000,0.000000,0.000000,0.000000,0.000000,0.000000,1,0.00
0.022000,-0.011,-0.027876,-0.027876,4.321,6.25,0.013546,0.022869,0.000039,0.004967,0.011,0.019,0.783,-46.440,0.360,2.615984,0.008106,-0.008816,0.000000,0.000000,0.000000,0.000000,0.000000,0.000000,1,0.00
0.024000,-0.012,-0.028681,-0.028681,4.321,6.40,0.012717,0.023173,0.000041,0.005467,0.011,0.019,0.783,-46.440,0.360,2.615794,0.008068,-0.009181,0.000000,0.000000,0.000000,0.000000,0.000000,0.000000,1,0.00
0.026000,-0.012,-0.028827,-0.028827,4.321,6.52,0.011889,0.023478,0.000047,0.005302,0.011,0.019,0.783,-46.440,0.359,2.615604,0.008032,-0.009547,0.000000,0.000000,0.000000,0.000000,0.000000,0.000000,1,0.00
0.028000,-0.012,-0.029750,-0.029750,4.321,6.62,0.011075,0.023782,0.000049,0.005919,0.011,0.020,0.783,-46.440,0.359,2.615415,0.007994,-0.009913,0.000000,0.000000,0.000000,0.000000,0.000000,0.000000,1,0.00
0.030000,-0.012,-0.031171,-0.031171,4.321,6.69,0.010258,0.024089,0.000051,0.007030,0.011,0.021,0.783,-46.439,0.358,2.615226,0.007958,-0.010280,0.000000,0.000000,0.000000,0.000000,0.000000,0.000000,1,0.00
0.032000,-0.012,-0.031107,-0.031107,4.321,6.75,0.009430,0.024402,0.000056,0.006650,0.012,0.021,0.783,-46.439,0.357,2.615032,0.007924,-0.010647,0.000000,0.000000,0.000000,0.000000,0.000000,0.000000,1,0.00
0.034000,-0.012,-0.030680,-0.030680,4.321,6.80,0.008619,0.024712,0.000059,0.005909,0.012,0.020,0.783,-46.439,0.357,2.614842,0.007889,-0.011014,0.000000,0.000000,0.000000,0.000000,0.000000,0.000000,1,0.00
0.036000,-0.013,-0.032640,-0.032640,4.321,6.84,0.007833,0.025019,0.000061,0.007560,0.012,0.022,0.784,-46.439,0.356,2.614656,0.007851,-0.011382,0.000000,0.000000,0.000000,0.000000,0.000000,0.000000,1,0.00
0.038000,-0.013,-0.032883,-0.032883,4.321,6.18,0.007024,0.025461,0.000066,0.007357,0.012,0.022,0.784,-46.439,0.355,2.614537,0.007981,-0.011596,0.000000,0.000000,0.000000,0.000000,0.000000,0.000000,1,0.00
0.040000,-0.013,-0.031238,-0.031238,4.321,5.02,0.006225,0.025517,0.000069,0.005652,0.012,0.021,0.784,-46.439,0.355,2.614405,0.008048,-0.011536,0.000000,0.000000,0.000000,0.000000,0.000000,0.000000,1,0.00
0.042000,-0.013,-0.029856,-0.029856,4.321,4.08,0.005476,0.025363,0.000074,0.004419,0.012,0.020,0.784,-46.439,0.354,2.614292,0.008098,-0.011295,0.000000,0.000000,0.000000,0.000000,0.000000,0.000000,1,0.00
0.044000,-0.013,-0.026470,-0.026470,4.321,3.33,0.004770,0.025081,0.000076,0.001313,0.013,0.018,0.784,-46.438,0.354,2.614194,0.008137,-0.010947,0.000000,0.000000,0.000000,0.000000,0.000000,0.000000,1,0.00
0.046000,-0.012,-0.022959,-0.022959,4.321,2.73,0.004145,0.024718,0.000081,-0.001840,0.013,0.015,0.784,-46.438,0.354,2.614115,0.008161,-0.010546,0.000000,0.000000,0.000000,0.000000,0.000000,0.000000,1,0.00
0.048000,-0.012,-0.019576,-0.019576,4.321,2.31,0.003603,0.024383,0.000083,-0.004891,0.013,0.013,0.785,-46.438,0.354,2.614071,0.008212,-0.010124,0.000000,0.000000,0.000000,0.000000,0.000000,0.000000,1,0.00
0.050000,-0.012,-0.018675,-0.018675,4.321,2.05,0.003139,0.024177,0.000089,-0.005591,0.013,0.012,0.785,-46.437,0.354,2.614080,0.008336,-0.009707,0.000000,0.000000,0.000000,0.000000,0.000000,0.000000,1,0.00
0.052000,-0.012,-0.018776,-0.018776,4.321,1.97,0.002703,0.024134,0.000091,-0.005449,0.013,0.013,0.785,-46.437,0.354,2.614132,0.008544,-0.009308,0.000000,0.000000,0.000000,0.000000,0.000000,0.000000,1,0.00
0.054000,-0.012,-0.021517,-0.021517,4.321,2.08,0.002273,0.024258,0.000094,-0.002835,0.012,0.014,0.786,-46.437,0.353,2.614219,0.008834,-0.008933,0.000000,0.000000,0.000000,0.000000,0.000000,0.000000,1,0.00
0.056000,-0.012,-0.023464,-0.023464,4.321,2.36,0.001797,0.024558,0.000099,-0.001192,0.012,0.016,0.786,-46.436,0.353,2.614327,0.009209,-0.008589,0.000000,0.000000,0.000000,0.000000,0.000000,0.000000,1,0.00
0.058000,-0.013,-0.027033,-0.027033,4.321,2.79,0.001292,0.025028,0.000103,0.001902,0.012,0.018,0.787,-46.435,0.353,2.614460,0.009663,-0.008275,0.000000,0.000000,0.000000,0.000000,0.000000,0.000000,1,0.00
0.060000,-0.013,-0.029807,-0.029807,4.321,3.40,0.000726,0.025659,0.000108,0.004040,0.012,0.020,0.788,-46.435,0.353,2.614607,0.010194,-0.007992,0.000000,0.000000,0.000000,0.000000,0.000000,0.000000,1,0.00
0.062000,-0.013,-0.033970,-0.033970,4.321,4.12,0.000115,0.026419,0.000111,0.007440,0.012,0.023,0.788,-46.434,0.353,2.614768,0.010789,-0.007724,0.000000,0.000000,0.000000,0.000000,0.000000,0.000000,1,0.00
0.064000,-0.014,-0.039005,-0.039005,4.321,4.69,-0.000566,0.027256,0.000114,0.011635,0.012,0.026,0.789,-46.434,0.353,2.614933,0.011444,-0.007432,0.000000,0.000000,0.000000,0.000000,0.000000,0.000000,1,0.00
0.066000,-0.014,-0.041118,-0.041118,4.321,5.15,-0.001335,0.028167,0.000120,0.012831,0.013,0.027,0.790,-46.433,0.353,2.615094,0.012151,-0.007122,0.000000,0.000000,0.000000,0.000000,0.000000,0.000000,1,0.00
0.068000,-0.015,-0.045083,-0.045083,4.321,5.52,-0.002131,0.029131,0.000124,0.015828,0.013,0.030,0.790,-46.433,0.353,2.615263,0.012897,-0.006796,0.000000,0.000000,0.000000,0.000000,0.000000,0.000000,1,0.00
0.070000,-0.015,-0.050420,-0.050420,4.321,5.82,-0.002990,0.030158,0.000126,0.020136,0.013,0.034,0.791,-46.432,0.353,2.615433,0.013685,-0.006462,0.000000,0.000000,0.000000,0.000000,0.000000,0.000000,1,0.00
0.072000,-0.016,-0.051351,-0.051351,4.321,6.05,-0.003938,0.031256,0.000132,0.019963,0.014,0.034,0.792,-46.431,0.352,2.615595,0.014519,-0.006119,0.000000,0.000000,0.000000,0.000000,0.000000,0.000000,1,0.00
0.074000,-0.016,-0.051603,-0.051603,4.321,6.24,-0.004886,0.032402,0.000137,0.019065,0.014,0.034,0.793,-46.431,0.352,2.615772,0.015385,-0.005768,0.000000,0.000000,0.000000,0.000000,0.000000,0.000000,1,0.00
0.076000,-0.017,-0.060144,-0.060144,4.321,6.39,-0.005821,0.033592,0.000139,0.026413,0.015,0.040,0.794,-46.430,0.352,2.615967,0.016281,-0.005409,0.000000,0.000000,0.000000,0.000000,0.000000,0.000000,1,0.00
0.078000,-0.017,-0.060626,-0.060626,4.321,6.52,-0.006907,0.034869,0.000145,0.025611,0.015,0.040,0.795,-46.429,0.352,2.616141,0.017231,-0.005041,0.000000,0.000000,0.000000,0.000000,0.000000,0.000000,1,0.00
0.080000,-0.018,-0.061471,-0.061471,4.321,6.61,-0.007981,0.036193,0.000150,0.025129,0.016,0.041,0.795,-46.429,0.352,2.616333,0.018214,-0.004665,0.000000,0.000000,0.000000,0.000000,0.000000,0.000000,1,0.00
0.082000,-0.019,-0.064084,-0.064084,4.321,6.69,-0.009051,0.037566,0.000156,0.026362,0.016,0.043,0.796,-46.428,0.352,2.616540,0.019229,-0.004280,0.000000,0.000000,0.000000,0.000000,0.000000,0.000000,1,0.00
0.084000,-0.019,-0.072464,-0.072464,4.321,6.75,-0.010152,0.038998,0.000158,0.033307,0.017,0.048,0.797,-46.427,0.352,2.616756,0.020284,-0.003886,0.000000,0.000000,0.000000,0.000000,0.000000,0.000000,1,0.00
0.086000,-0.020,-0.068569,-0.068569,4.321,6.80,-0.011398,0.040520,0.000166,0.027883,0.017,0.046,0.798,-46.426,0.351,2.616954,0.021394,-0.003483,0.000000,0.000000,0.000000,0.000000,0.000000,0.000000,1,0.00
0.088000,-0.021,-0.073336,-0.073336,4.321,6.84,-0.012541,0.042071,0.000171,0.031094,0.018,0.049,0.799,-46.426,0.351,2.617193,0.022527,-0.003071,0.000000,0.000000,0.000000,0.000000,0.000000,0.000000,1,0.00
0.090000,-0.022,-0.076314,-0.076314,4.321,6.87,-0.013757,0.043695,0.000176,0.032442,0.019,0.051,0.800,-46.425,0.351,2.617431,0.023707,-0.002649,0.000000,0.000000,0.000000,0.000000,0.000000,0.000000,1,0.00
0.092000,-0.023,-0.076619,-0.076619,4.321,6.90,-0.015008,0.045386,0.000190,0.031044,0.019,0.051,0.801,-46.424,0.351,2.617679,0.024930,-0.002218,0.000000,0.000000,0.000000,0.000000,0.000000,0.000000,1,0.00
0.094000,-0.024,-0.075361,-0.075361,4.321,6.92,-0.016241,0.047131,0.000195,0.028036,0.020,0.050,0.802,-46.423,0.350,2.617948,0.026189,-0.001776,0.000000,0.000000,0.000000,0.000000,0.000000,0.000000,1,0.00
0.096000,-0.024,-0.077002,-0.077002,4.321,6.93,-0.017423,0.048923,0.000207,0.027873,0.021,0.051,0.804,-46.423,0.350,2.618247,0.027481,-0.001325,0.000000,0.000000,0.000000,0.000000,0.000000,0.000000,1,0.00
0.098000,-0.025,-0.081756,-0.081756,4.321,6.95,-0.018615,0.050779,0.000212,0.030765,0.022,0.055,0.805,-46.422,0.350,2.618563,0.028814,-0.000862,0.000000,0.000000,0.000000,0.000000,0.000000,0.000000,1,0.00
0.100000,-0.026,-0.052312,-0.052312,4.321,6.96,-0.019877,0.052004,0.000000,0.000308,0.000,0.035,0.806,-46.421,0.350,2.619202,0.029675,-0.000579,0.000000,0.000000,0.000000,0.000000,0.000000,0.000000,1,0.00
0.102000,-0.027,-0.056943,-0.056943,4.321,6.97,-0.020585,0.053093,0.000008,0.003843,0.000,0.038,0.807,-46.420,0.350,2.620070,0.030377,-0.000424,0.000000,0.000000,0.000000,0.000000,0.000000,0.000000,1,0.00
0.104000,-0.027,-0.061419,-0.061419,4.321,6.97,-0.021312,0.054335,0.000019,0.007065,0.000,0.041,0.808,-46.419,0.350,2.620978,0.031106,-0.000375,0.000000,0.000000,0.000000,0.000000,0.000000,0.000000,1,0.00
0.106000,-0.028,-0.069361,-0.069361,4.321,6.98,-0.022114,0.055726,0.000025,0.013611,0.000,0.046,0.809,-46.418,0.349,2.621917,0.031873,-0.000408,0.000000,0.000000,0.000000,0.000000,0.000000,0.000000,1,0.00
0.108000,-0.029,-0.077518,-0.077518,4.321,6.98,-0.023059,0.057151,0.000031,0.020337,0.026,0.052,0.810,-46.417,0.349,2.622808,0.032637,-0.000479,0.000000,0.000000,0.000000,0.000000,0.000000,0.000000,1,0.00
0.110000,-0.029,-0.084072,-0.084072,4.321,6.99,-0.024148,0.058594,0.000038,0.025439,0.027,0.056,0.812,-46.416,0.349,2.623650,0.033399,-0.000574,0.000000,0.000000,0.000000,0.000000,0.000000,0.000000,1,0.00
0.112000,-0.030,-0.085274,-0.085274,4.321,6.99,-0.025346,0.060040,0.000052,0.025182,0.027,0.057,0.813,-46.415,0.349,2.624452,0.034157,-0.000677,0.000000,0.000000,0.000000,0.000000,0.000000,0.000000,1,0.00
0.114000,-0.031,-0.089139,-0.089139,4.321,6.99,-0.026545,0.061456,0.000059,0.027624,0.028,0.059,0.814,-46.414,0.350,2.625241,0.034900,-0.000778,0.000000,0.000000,0.000000,0.000000,0.000000,0.000000,1,0.00
0.116000,-0.031,-0.088979,-0.088979,4.321,6.99,-0.027796,0.062851,0.000068,0.026060,0.029,0.059,0.815,-46.412,0.350,2.626009,0.035636,-0.000869,0.000000,0.000000,0.000000,0.000000,0.000000,0.000000,1,0.00
0.118000,-0.032,-0.087019,-0.087019,4.321,6.99,-0.029020,0.064204,0.000081,0.022734,0.029,0.058,0.817,-46.411,0.350,2.626774,0.036356,-0.000945,0.000000,0.000000,0.000000,0.000000,0.000000,0.000000,1,0.00
0.120000,-0.033,-0.088225,-0.088225,4.321,6.99,-0.030180,0.065507,0.000089,0.022628,0.030,0.059,0.818,-46.410,0.350,2.627545,0.037058,-0.001002,0.000000,0.000000,0.000000,0.000000,0.000000,0.000000,1,0.00
0.122000,-0.033,-0.090159,-0.090159,4.321,7.00,-0.031341,0.066776,0.000100,0.023283,0.031,0.060,0.819,-46.409,0.350,2.628310,0.037750,-0.001039,0.000000,0.000000,0.000000,0.000000,0.000000,0.000000,1,0.00
0.124000,-0.034,-0.089851,-0.089851,4.321,7.00,-0.032517,0.068016,0.000110,0.021725,0.031,0.060,0.821,-46.407,0.350,2.629069,0.038435,-0.001059,0.000000,0.000000,0.000000,0.000000,0.000000,0.000000,1,0.00
0.126000,-0.035,-0.089613,-0.089613,4.321,7.00,-0.033664,0.069219,0.000122,0.020272,0.032,0.060,0.822,-46.406,0.350,2.629828,0.039108,-0.001063,0.000000,0.000000,0.000000,0.000000,0.000000,0.000000,1,0.00
0.128000,-0.035,-0.091839,-0.091839,4.321,7.00,-0.034783,0.070389,0.000131,0.021319,0.033,0.061,0.823,-46.405,0.350,2.630589,0.039769,-0.001052,0.000000,0.000000,0.000000,0.000000,0.000000,0.000000,1,0.00
0.130000,-0.036,-0.093487,-0.093487,4.321,7.00,-0.035924,0.071539,0.000138,0.021810,0.033,0.062,0.824,-46.403,0.350,2.631341,0.040425,-0.001031,0.000000,0.000000,0.000000,0.000000,0.000000,0.000000,1,0.00
0.132000,-0.036,-0.094849,-0.094849,4.321,7.00,-0.037075,0.072671,0.000148,0.022030,0.034,0.063,0.826,-46.402,0.350,2.632087,0.041072,-0.001004,0.000000,0.000000,0.000000,0.000000,0.000000,0.000000,1,0.00
0.134000,-0.037,-0.094595,-0.094595,4.321,7.00,-0.038231,0.073784,0.000163,0.020647,0.035,0.063,0.827,-46.401,0.350,2.632826,0.041712,-0.000973,0.000000,0.000000,0.000000,0.000000,0.000000,0.000000,1,0.00
0.136000,-0.037,-0.095883,-0.095883,4.321,7.00,-0.039358,0.074874,0.000174,0.020835,0.035,0.064,0.828,-46.399,0.350,2.633564,0.042337,-0.000941,0.000000,0.000000,0.000000,0.000000,0.000000,0.000000,1,0.00
0.138000,-0.038,-0.096689,-0.096689,4.321,7.00,-0.040489,0.075950,0.000184,0.020555,0.036,0.064,0.830,-46.398,0.350,2.634295,0.042954,-0.000911,0.000000,0.000000,0.000000,0.000000,0.000000,0.000000,1,0.00
0.140000,-0.039,-0.094663,-0.094663,4.321,7.00,-0.041613,0.077010,0.000199,0.017454,0.036,0.063,0.831,-46.396,0.350,2.635021,0.043558,-0.000884,0.000000,0.000000,0.000000,0.000000,0.000000,0.000000,1,0.00
0.142000,-0.039,-0.096172,-0.096172,4.321,7.00,-0.042674,0.078042,0.000208,0.017922,0.037,0.064,0.832,-46.395,0.350,2.635750,0.044144,-0.000862,0.000000,0.000000,0.000000,0.000000,0.000000,0.000000,1,0.00
0.144000,-0.040,-0.097406,-0.097406,4.321,7.00,-0.043744,0.079064,0.000222,0.018120,0.037,0.065,0.834,-46.394,0.350,2.636470,0.044720,-0.000847,0.000000,0.000000,0.000000,0.000000,0.000000,0.000000,1,0.00
0.146000,-0.040,-0.098112,-0.098112,4.321,7.00,-0.044817,0.080075,0.000234,0.017804,0.038,0.065,0.835,-46.392,0.350,2.637181,0.045285,-0.000839,0.000000,0.000000,0.000000,0.000000,0.000000,0.000000,1,0.00
0.148000,-0.041,-0.101758,-0.101758,4.321,7.00,-0.045883,0.081071,0.000239,0.020448,0.039,0.068,0.836,-46.391,0.350,2.637885,0.045838,-0.000837,0.000000,0.000000,0.000000,0.000000,0.000000,0.000000,1,0.00
0.150000,-0.041,-0.102342,-0.102342,4.321,7.00,-0.047000,0.082066,0.000258,0.020018,0.039,0.068,0.838,-46.389,0.350,2.638571,0.046387,-0.000844,0.000000,0.000000,0.000000,0.000000,0.000000,0.000000,1,0.00
0.152000,-0.042,-0.103233,-0.103233,4.321,7.00,-0.048107,0.083045,0.000266,0.019922,0.040,0.069,0.839,-46.388,0.350,2.639250,0.046922,-0.000856,0.000000,0.000000,0.000000,0.000000,0.000000,0.000000,1,0.00
0.154000,-0.042,-0.105083,-0.105083,4.321,7.00,-0.049210,0.084008,0.000277,0.020798,0.040,0.070,0.840,-46.386,0.350,2.639922,0.047446,-0.000874,0.000000,0.000000,0.000000,0.000000,0.000000,0.000000,1,0.00
0.156000,-0.042,-0.105509,-0.105509,4.321,7.00,-0.050327,0.084959,0.000291,0.020258,0.041,0.070,0.842,-46.384,0.350,2.640583,0.047960,-0.000896,0.000000,0.000000,0.000000,0.000000,0.000000,0.000000,1,0.00
0.158000,-0.043,-0.103129,-0.103129,4.321,7.00,-0.051431,0.085891,0.000303,0.016936,0.041,0.069,0.843,-46.383,0.350,2.641238,0.048460,-0.000922,0.000000,0.000000,0.000000,0.000000,0.000000,0.000000,1,0.00
0.160000,-0.043,-0.106054,-0.106054,4.321,7.00,-0.052465,0.086788,0.000312,0.018955,0.042,0.071,0.844,-46.381,0.350,2.641900,0.048941,-0.000949,0.000000,0.000000,0.000000,0.000000,0.000000,0.000000,1,0.00
0.162000,-0.044,-0.104346,-0.104346,4.321,7.00,-0.053537,0.087676,0.000332,0.016337,0.042,0.070,0.846,-46.380,0.350,2.642546,0.049415,-0.000977,0.000000,0.000000,0.000000,0.000000,0.000000,0.000000,1,0.00
0.164000,-0.044,-0.105593,-0.105593,4.321,7.00,-0.054553,0.088533,0.000341,0.016718,0.042,0.070,0.847,-46.378,0.350,2.643196,0.049871,-0.001006,0.000000,0.000000,0.000000,0.000000,0.000000,0.000000,1,0.00
0.166000,-0.045,-0.108574,-0.108574,4.321,7.00,-0.055574,0.089372,0.000349,0.018854,0.043,0.072,0.849,-46.376,0.350,2.643838,0.050316,-0.001034,0.000000,0.000000,0.000000,0.000000,0.000000,0.000000,1,0.00
0.168000,-0.045,-0.108103,-0.108103,4.321,7.00,-0.056634,0.090201,0.000366,0.017536,0.043,0.072,0.850,-46.375,0.350,2.644465,0.050756,-0.001063,0.000000,0.000000,0.000000,0.000000,0.000000,0.000000,1,0.00
0.170000,-0.046,-0.107331,-0.107331,4.321,7.00,-0.057663,0.091003,0.000380,0.015948,0.044,0.072,0.851,-46.373,0.350,2.645091,0.051182,-0.001089,0.000000,0.000000,0.000000,0.000000,0.000000,0.000000,1,0.00
0.172000,-0.046,-0.108426,-0.108426,4.321,7.00,-0.058656,0.091776,0.000396,0.016254,0.044,0.072,0.853,-46.371,0.350,2.645718,0.051592,-0.001114,0.000000,0.000000,0.000000,0.000000,0.000000,0.000000,1,0.00
0.174000,-0.046,-0.108591,-0.108591,4.321,7.00,-0.059652,0.092530,0.000405,0.015656,0.045,0.072,0.854,-46.369,0.350,2.646338,0.051992,-0.001137,0.000000,0.000000,0.000000,0.000000,0.000000,0.000000,1,0.00
0.176000,-0.047,-0.107678,-0.107678,4.321,7.00,-0.060631,0.093260,0.000416,0.014003,0.045,0.072,0.855,-46.368,0.350,2.646955,0.052380,-0.001157,0.000000,0.000000,0.000000,0.000000,0.000000,0.000000,1,0.00
0.178000,-0.047,-0.108829,-0.108829,4.321,7.00,-0.061572,0.093961,0.000428,0.014440,0.046,0.073,0.857,-46.366,0.350,2.647573,0.052752,-0.001175,0.000000,0.000000,0.000000,0.000000,0.000000,0.000000,1,0.00
0.180000,-0.047,-0.108455,-0.108455,4.321,7.00,-0.062517,0.094644,0.000448,0.013363,0.046,0.072,0.858,-46.364,0.350,2.648183,0.053115,-0.001191,0.000000,0.000000,0.000000,0.000000,0.000000,0.000000,1,0.00
0.182000,-0.048,-0.109395,-0.109395,4.321,7.00,-0.063436,0.095301,0.000461,0.013634,0.046,0.073,0.860,-46.362,0.350,2.648793,0.053464,-0.001206,0.000000,0.000000,0.000000,0.000000,0.000000,0.000000,1,0.00
0.184000,-0.048,-0.108722,-0.108722,4.321,7.00,-0.064355,0.095939,0.000474,0.012309,0.047,0.072,0.861,-46.360,0.350,2.649396,0.053803,-0.001219,0.000000,0.000000,0.000000,0.000000,0.000000,0.000000,1,0.00
0.186000,-0.048,-0.107493,-0.107493,4.321,7.00,-0.065242,0.096550,0.000494,0.010449,0.047,0.072,0.863,-46.359,0.350,2.649999,0.054128,-0.001230,0.000000,0.000000,0.000000,0.000000,0.000000,0.000000,1,0.00
0.188000,-0.049,-0.108418,-0.108418,4.321,7.00,-0.066087,0.097133,0.000504,0.010781,0.047,0.072,0.864,-46.357,0.351,2.650605,0.054437,-0.001239,0.000000,0.000000,0.000000,0.000000,0.000000,0.000000,1,0.00
0.190000,-0.049,-0.109077,-0.109077,4.321,7.00,-0.066934,0.097698,0.000520,0.010859,0.048,0.073,0.865,-46.355,0.351,2.651203,0.054736,-0.001248,0.000000,0.000000,0.000000,0.000000,0.000000,0.000000,1,0.00
0.192000,-0.049,-0.108696,-0.108696,4.321,7.00,-0.067777,0.098244,0.000538,0.009914,0.048,0.072,0.867,-46.353,0.351,2.651796,0.055024,-0.001257,0.000000,0.000000,0.000000,0.000000,0.000000,0.000000,1,0.00
0.194000,-0.049,-0.107920,-0.107920,4.321,7.00,-0.068595,0.098766,0.000565,0.008588,0.048,0.072,0.868,-46.351,0.351,2.652388,0.055300,-0.001265,0.000000,0.000000,0.000000,0.000000,0.000000,0.000000,1,0.00
0.196000,-0.050,-0.109200,-0.109200,4.321,7.00,-0.069382,0.099263,0.000576,0.009361,0.049,0.073,0.870,-46.349,0.351,2.652980,0.055561,-0.001272,0.000000,0.000000,0.000000,0.000000,0.000000,0.000000,1,0.00
0.198000,-0.050,-0.108606,-0.108606,4.321,7.00,-0.070178,0.099745,0.000589,0.008271,0.049,0.072,0.871,-46.347,0.351,2.653563,0.055814,-0.001280,0.000000,0.000000,0.000000,0.000000,0.000000,0.000000,1,0.00
0.200000,-0.050,-0.100748,-0.100748,4.321,7.00,-0.070947,0.100203,0.000000,0.000545,0.000,0.067,0.873,-46.345,0.351,2.654146,0.056053,-0.001288,0.000000,0.000000,0.000000,0.000000,0.000000,0.000000,1,0.00
0.202000,-0.050,-0.102543,-0.102543,4.321,7.00,-0.071543,0.100602,0.000015,0.001927,0.000,0.068,0.874,-46.343,0.351,2.654756,0.056259,-0.001292,0.000000,0.000000,0.000000,0.000000,0.000000,0.000000,1,0.00
0.204000,-0.050,-0.105840,-0.105840,4.321,7.00,-0.072163,0.100989,0.000021,0.004829,0.000,0.071,0.876,-46.341,0.351,2.655354,0.056459,-0.001298,0.000000,0.000000,0.000000,0.000000,0.000000,0.000000,1,0.00
0.206000,-0.051,-0.107122,-0.107122,4.321,7.00,-0.072836,0.101374,0.000043,0.005705,0.000,0.071,0.877,-46.339,0.351,2.655936,0.056656,-0.001305,0.000000,0.000000,0.000000,0.000000,0.000000,0.000000,1,0.00
0.208000,-0.051,-0.108966,-0.108966,4.321,7.00,-0.073522,0.101744,0.000056,0.007165,0.050,0.073,0.878,-46.337,0.351,2.656509,0.056845,-0.001313,0.000000,0.000000,0.000000,0.000000,0.000000,0.000000,1,0.00
0.210000,-0.051,-0.111009,-0.111009,4.321,7.00,-0.074231,0.102103,0.000065,0.008842,0.050,0.074,0.880,-46.335,0.351,2.657072,0.057027,-0.001322,0.000000,0.000000,0.000000,0.000000,0.000000,0.000000,1,0.00
0.212000,-0.051,-0.111001,-0.111001,4.321,7.00,-0.074966,0.102451,0.000082,0.008468,0.050,0.074,0.881,-46.333,0.351,2.657624,0.057203,-0.001332,0.000000,0.000000,0.000000,0.000000,0.000000,0.000000,1,0.00
0.214000,-0.051,-0.109514,-0.109514,4.321,7.00,-0.075687,0.102779,0.000098,0.006637,0.051,0.073,0.883,-46.330,0.351,2.658172,0.057368,-0.001342,0.000000,0.000000,0.000000,0.000000,0.000000,0.000000,1,0.00
0.216000,-0.052,-0.110757,-0.110757,4.321,7.00,-0.076364,0.103079,0.000107,0.007571,0.051,0.074,0.884,-46.328,0.351,2.658724,0.057517,-0.001351,0.000000,0.000000,0.000000,0.000000,0.000000,0.000000,1,0.00
0.218000,-0.052,-0.110206,-0.110206,4.321,7.00,-0.077052,0.103365,0.000131,0.006710,0.051,0.073,0.886,-46.326,0.351,2.659267,0.057657,-0.001361,0.000000,0.000000,0.000000,0.000000,0.000000,0.000000,1,0.00
0.220000,-0.052,-0.109641,-0.109641,4.321,7.00,-0.077715,0.103628,0.000141,0.005873,0.051,0.073,0.887,-46.324,0.351,2.659809,0.057785,-0.001370,0.000000,0.000000,0.000000,0.000000,0.000000,0.000000,1,0.00
0.222000,-0.052,-0.109839,-0.109839,4.321,7.00,-0.078353,0.103867,0.000154,0.005817,0.051,0.073,0.889,-46.322,0.351,2.660351,0.057900,-0.001379,0.000000,0.000000,0.000000,0.000000,0.000000,0.000000,1,0.00
0.224000,-0.052,-0.109575,-0.109575,4.321,7.00,-0.078983,0.104088,0.000174,0.005313,0.052,0.073,0.890,-46.319,0.351,2.660888,0.058005,-0.001387,0.000000,0.000000,0.000000,0.000000,0.000000,0.000000,1,0.00
0.226000,-0.052,-0.108789,-0.108789,4.321,7.00,-0.079595,0.104287,0.000187,0.004315,0.052,0.073,0.892,-46.317,0.351,2.661422,0.058098,-0.001395,0.000000,0.000000,0.000000,0.000000,0.000000,0.000000,1,0.00
0.228000,-0.052,-0.109527,-0.109527,4.321,7.00,-0.080179,0.104462,0.000195,0.004870,0.052,0.073,0.893,-46.315,0.351,2.661957,0.058177,-0.001403,0.000000,0.000000,0.000000,0.000000,0.000000,0.000000,1,0.00
0.230000,-0.052,-0.108672,-0.108672,4.321,7.00,-0.080766,0.104621,0.000219,0.003831,0.052,0.072,0.895,-46.313,0.351,2.662485,0.058248,-0.001411,0.000000,0.000000,0.000000,0.000000,0.000000,0.000000,1,0.00
0.232000,-0.052,-0.108452,-0.108452,4.321,7.00,-0.081324,0.104757,0.000231,0.003464,0.052,0.072,0.896,-46.310,0.351,2.663014,0.058305,-0.001417,0.000000,0.000000,0.000000,0.000000,0.000000,0.000000,1,0.00
0.234000,-0.052,-0.108667,-0.108667,4.321,7.00,-0.081867,0.104871,0.000240,0.003555,0.052,0.072,0.898,-46.308,0.351,2.663539,0.058352,-0.001424,0.000000,0.000000,0.000000,0.000000,0.000000,0.000000,1,0.00
0.236000,-0.052,-0.108252,-0.108252,4.321,7.00,-0.082403,0.104968,0.000258,0.003026,0.052,0.072,0.899,-46.306,0.351,2.664060,0.058388,-0.001430,0.000000,0.000000,0.000000,0.000000,0.000000,0.000000,1,0.00
0.238000,-0.053,-0.107437,-0.107437,4.321,7.00,-0.082920,0.105043,0.000274,0.002119,0.052,0.072,0.901,-46.303,0.351,2.664580,0.058412,-0.001436,0.000000,0.000000,0.000000,0.000000,0.000000,0.000000,1,0.00
0.240000,-0.053,-0.107303,-0.107303,4.321,7.00,-0.083410,0.105095,0.000294,0.001914,0.052,0.072,0.903,-46.301,0.351,2.665098,0.058424,-0.001441,0.000000,0.000000,0.000000,0.000000,0.000000,0.000000,1,0.00
0.242000,-0.053,-0.106896,-0.106896,4.321,7.00,-0.083888,0.105128,0.000307,0.001462,0.052,0.071,0.904,-46.299,0.351,2.665614,0.058425,-0.001446,0.000000,0.000000,0.000000,0.000000,0.000000,0.000000,1,0.00
0.244000,-0.053,-0.106332,-0.106332,4.321,7.00,-0.084348,0.105140,0.000315,0.000878,0.052,0.071,0.906,-46.296,0.351,2.666127,0.058415,-0.001450,0.000000,0.000000,0.000000,0.000000,0.000000,0.000000,1,0.00
0.246000,-0.053,-0.106022,-0.106022,4.321,7.00,-0.084788,0.105130,0.000330,0.000562,0.053,0.071,0.907,-46.294,0.351,2.666639,0.058393,-0.001454,0.000000,0.000000,0.000000,0.000000,0.000000,0.000000,1,0.00
0.248000,-0.053,-0.105701,-0.105701,4.321,7.00,-0.085212,0.105101,0.000354,0.000247,0.053,0.070,0.909,-46.291,0.351,2.667148,0.058360,-0.001457,0.000000,0.000000,0.000000,0.000000,0.000000,0.000000,1,0.00
0.250000,-0.053,-0.105314,-0.105314,4.321,7.00,-0.085622,0.105051,0.000366,-0.000104,0.053,0.070,0.910,-46.289,0.351,2.667655,0.058316,-0.001461,0.000000,0.000000,0.000000,0.000000,0.000000,0.000000,1,0.00
0.252000,-0.052,-0.104863,-0.104863,4.321,7.00,-0.086016,0.104982,0.000380,-0.000498,0.053,0.070,0.912,-46.286,0.351,2.668158,0.058261,-0.001463,0.000000,0.000000,0.000000,0.000000,0.000000,0.000000,1,0.00
0.254000,-0.052,-0.104489,-0.104489,4.321,7.00,-0.086393,0.104892,0.000400,-0.000803,0.053,0.070,0.913,-46.284,0.351,2.668660,0.058196,-0.001466,0.000000,0.000000,0.000000,0.000000,0.000000,0.000000,1,0.00
0.256000,-0.052,-0.104000,-0.104000,4.321,7.00,-0.086755,0.104783,0.000413,-0.001197,0.053,0.069,0.915,-46.281,0.351,2.669158,0.058119,-0.001468,0.000000,0.000000,0.000000,0.000000,0.000000,0.000000,1,0.00
0.258000,-0.052,-0.103577,-0.103577,4.321,7.00,-0.087100,0.104654,0.000431,-0.001509,0.053,0.069,0.917,-46.279,0.351,2.669655,0.058031,-0.001470,0.000000,0.000000,0.000000,0.000000,0.000000,0.000000,1,0.00
0.260000,-0.052,-0.103153,-0.103153,4.321,7.00,-0.087430,0.104505,0.000447,-0.001799,0.052,0.069,0.918,-46.276,0.351,2.670149,0.057933,-0.001471,0.000000,0.000000,0.000000,0.000000,0.000000,0.000000,1,0.00
0.262000,-0.052,-0.102123,-0.102123,4.321,7.00,-0.087744,0.104336,0.000455,-0.002668,0.052,0.068,0.920,-46.274,0.351,2.670640,0.057824,-0.001473,0.000000,0.000000,0.000000,0.000000,0.000000,0.000000,1,0.00
0.264000,-0.052,-0.101758,-0.101758,4.321,7.00,-0.088032,0.104146,0.000478,-0.002865,0.052,0.068,0.921,-46.271,0.351,2.671131,0.057702,-0.001473,0.000000,0.000000,0.000000,0.000000,0.000000,0.000000,1,0.00
0.266000,-0.052,-0.101692,-0.101692,4.321,7.00,-0.088306,0.103936,0.000512,-0.002756,0.052,0.068,0.923,-46.268,0.351,2.671618,0.057571,-0.001474,0.000000,0.000000,0.000000,0.000000,0.000000,0.000000,1,0.00
0.268000,-0.052,-0.100197,-0.100197,4.321,7.00,-0.088574,0.103709,0.000519,-0.004031,0.052,0.067,0.924,-46.266,0.351,2.672102,0.057430,-0.001474,0.000000,0.000000,0.000000,0.000000,0.000000,0.000000,1,0.00
0.270000,-0.052,-0.098824,-0.098824,4.321,7.00,-0.088806,0.103458,0.000527,-0.005161,0.052,0.066,0.926,-46.263,0.351,2.672586,0.057275,-0.001474,0.000000,0.000000,0.000000,0.000000,0.000000,0.000000,1,0.00
0.272000,-0.052,-0.098517,-0.098517,4.321,7.00,-0.089007,0.103183,0.000539,-0.005205,0.052,0.066,0.928,-46.260,0.351,2.673072,0.057109,-0.001472,0.000000,0.000000,0.000000,0.000000,0.000000,0.000000,1,0.00
0.274000,-0.051,-0.097934,-0.097934,4.321,7.00,-0.089197,0.102891,0.000560,-0.005516,0.052,0.065,0.929,-46.258,0.351,2.673553,0.056932,-0.001471,0.000000,0.000000,0.000000,0.000000,0.000000,0.000000,1,0.00
0.276000,-0.051,-0.097054,-0.097054,4.321,7.00,-0.089372,0.102579,0.000577,-0.006103,0.052,0.065,0.931,-46.255,0.351,2.674032,0.056745,-0.001470,0.000000,0.000000,0.000000,0.000000,0.000000,0.000000,1,0.00
0.278000,-0.051,-0.096364,-0.096364,4.321,7.00,-0.089525,0.102247,0.000586,-0.006469,0.052,0.064,0.932,-46.252,0.351,2.674509,0.056547,-0.001468,0.000000,0.000000,0.000000,0.000000,0.000000,0.000000,1,0.00
0.280000,-0.051,-0.096956,-0.096956,4.321,7.00,-0.089662,0.101896,0.000611,-0.005551,0.052,0.065,0.934,-46.250,0.351,2.674984,0.056338,-0.001465,0.000000,0.000000,0.000000,0.000000,0.000000,0.000000,1,0.00
0.282000,-0.051,-0.096707,-0.096707,4.321,7.00,-0.089808,0.101532,0.000628,-0.005453,0.051,0.064,0.936,-46.247,0.351,2.675451,0.056123,-0.001463,0.000000,0.000000,0.000000,0.000000,0.000000,0.000000,1,0.00
0.284000,-0.051,-0.094113,-0.094113,4.321,7.00,-0.089946,0.101151,0.000634,-0.007672,0.051,0.063,0.937,-46.244,0.351,2.675914,0.055898,-0.001461,0.000000,0.000000,0.000000,0.000000,0.000000,0.000000,1,0.00
0.286000,-0.050,-0.093641,-0.093641,4.321,7.00,-0.090030,0.100742,0.000655,-0.007756,0.051,0.062,0.939,-46.241,0.351,2.676381,0.055658,-0.001457,0.000000,0.000000,0.000000,0.000000,0.000000,0.000000,1,0.00
0.288000,-0.050,-0.093308,-0.093308,4.321,7.00,-0.090102,0.100314,0.000666,-0.007673,0.051,0.062,0.941,-46.238,0.351,2.676846,0.055408,-0.001454,0.000000,0.000000,0.000000,0.000000,0.000000,0.000000,1,0.00
0.290000,-0.050,-0.091873,-0.091873,4.321,7.00,-0.090166,0.099870,0.000679,-0.008677,0.051,0.061,0.942,-46.236,0.351,2.677305,0.055149,-0.001450,0.000000,0.000000,0.000000,0.000000,0.000000,0.000000,1,0.00
0.292000,-0.050,-0.091372,-0.091372,4.321,7.00,-0.090200,0.099404,0.000700,-0.008732,0.051,0.061,0.944,-46.233,0.351,2.677766,0.054878,-0.001446,0.000000,0.000000,0.000000,0.000000,0.000000,0.000000,1,0.00
0.294000,-0.049,-0.091952,-0.091952,4.321,7.00,-0.090224,0.098921,0.000712,-0.007681,0.050,0.061,0.945,-46.230,0.351,2.678222,0.054598,-0.001441,0.000000,0.000000,0.000000,0.000000,0.000000,0.000000,1,0.00
0.296000,-0.049,-0.091667,-0.091667,4.321,7.00,-0.090258,0.098426,0.000742,-0.007501,0.050,0.061,0.947,-46.227,0.351,2.678670,0.054311,-0.001437,0.000000,0.000000,0.000000,0.000000,0.000000,0.000000,1,0.00
0.298000,-0.049,-0.090335,-0.090335,4.321,7.00,-0.090286,0.097914,0.000752,-0.008330,0.050,0.060,0.949,-46.224,0.351,2.679114,0.054016,-0.001432,0.000000,0.000000,0.000000,0.000000,0.000000,0.000000,1,0.00
0.300000,-0.049,-0.097871,-0.097871,4.321,7.00,-0.090287,0.097381,0.000000,0.000490,0.000,0.065,0.950,-46.221,0.351,2.679557,0.053709,-0.001427,0.000000,0.000000,0.000000,0.000000,0.000000,0.000000,1,0.00
0.302000,-0.048,-0.095924,-0.095924,4.321,7.00,-0.090439,0.096870,0.000017,-0.000963,0.000,0.064,0.952,-46.218,0.351,2.679965,0.053414,-0.001425,0.000000,0.000000,0.000000,0.000000,0.000000,0.000000,1,0.00
0.304000,-0.048,-0.091944,-0.091944,4.321,7.00,-0.090549,0.096335,0.000025,-0.004415,0.000,0.061,0.954,-46.215,0.351,2.680376,0.053106,-0.001422,0.000000,0.000000,0.000000,0.000000,0.000000,0.000000,1,0.00
0.306000,-0.048,-0.089959,-0.089959,4.321,7.00,-0.090577,0.095764,0.000044,-0.005848,0.000,0.060,0.955,-46.212,0.351,2.680798,0.052779,-0.001417,0.000000,0.000000,0.000000,0.000000,0.000000,0.000000,1,0.00
0.308000,-0.048,-0.086352,-0.086352,4.321,7.00,-0.090564,0.095169,0.000053,-0.008869,0.049,0.058,0.957,-46.209,0.351,2.681221,0.052439,-0.001411,0.000000,0.000000,0.000000,0.000000,0.000000,0.000000,1,0.00
0.310000,-0.047,-0.082701,-0.082701,4.321,7.00,-0.090480,0.094541,0.000065,-0.011905,0.048,0.055,0.959,-46.206,0.351,2.681653,0.052081,-0.001403,0.000000,0.000000,0.000000,0.000000,0.000000,0.000000,1,0.00
0.312000,-0.047,-0.081695,-0.081695,4.321,7.00,-0.090325,0.093882,0.000082,-0.012269,0.048,0.054,0.960,-46.203,0.351,2.682092,0.051707,-0.001394,0.000000,0.000000,0.000000,0.000000,0.000000,0.000000,1,0.00
0.314000,-0.047,-0.081661,-0.081661,4.321,7.00,-0.090152,0.093205,0.000093,-0.011637,0.048,0.054,0.962,-46.200,0.351,2.682528,0.051323,-0.001385,0.000000,0.000000,0.000000,0.000000,0.000000,0.000000,1,0.00
0.316000,-0.046,-0.078214,-0.078214,4.321,7.00,-0.089982,0.092515,0.000100,-0.014401,0.048,0.052,0.964,-46.197,0.351,2.682958,0.050931,-0.001376,0.000000,0.000000,0.000000,0.000000,0.000000,0.000000,1,0.00
0.318000,-0.046,-0.078947,-0.078947,4.321,7.00,-0.089747,0.091795,0.000121,-0.012969,0.047,0.053,0.965,-46.194,0.351,2.683394,0.050524,-0.001366,0.000000,0.000000,0.000000,0.000000,0.000000,0.000000,1,0.00
0.320000,-0.046,-0.077336,-0.077336,4.321,7.00,-0.089531,0.091067,0.000131,-0.013861,0.047,0.052,0.967,-46.191,0.351,2.683820,0.050112,-0.001357,0.000000,0.000000,0.000000,0.000000,0.000000,0.000000,1,0.00
0.322000,-0.045,-0.074151,-0.074151,4.321,7.00,-0.089287,0.090318,0.000139,-0.016306,0.047,0.049,0.969,-46.188,0.351,2.684246,0.049690,-0.001347,0.000000,0.000000,0.000000,0.000000,0.000000,0.000000,1,0.00
0.324000,-0.045,-0.074036,-0.074036,4.321,7.00,-0.088985,0.089542,0.000155,-0.015660,0.046,0.049,0.970,-46.185,0.351,2.684676,0.049252,-0.001336,0.000000,0.000000,0.000000,0.000000,0.000000,0.000000,1,0.00
0.326000,-0.044,-0.075354,-0.075354,4.321,7.00,-0.088686,0.088753,0.000171,-0.013571,0.046,0.050,0.972,-46.181,0.351,2.685099,0.048807,-0.001326,0.000000,0.000000,0.000000,0.000000,0.000000,0.000000,1,0.00
0.328000,-0.044,-0.070801,-0.070801,4.321,7.00,-0.088419,0.087959,0.000178,-0.017336,0.046,0.047,0.974,-46.178,0.351,2.685509,0.048360,-0.001316,0.000000,0.000000,0.000000,0.000000,0.000000,0.000000,1,0.00
0.330000,-0.044,-0.071424,-0.071424,4.321,7.00,-0.088067,0.087131,0.000196,-0.015903,0.045,0.048,0.976,-46.175,0.351,2.685930,0.047895,-0.001305,0.000000,0.000000,0.000000,0.000000,0.000000,0.000000,1,0.00
0.332000,-0.043,-0.070575,-0.070575,4.321,7.00,-0.087734,0.086295,0.000204,-0.015925,0.045,0.047,0.977,-46.172,0.351,2.686340,0.047425,-0.001295,0.000000,0.000000,0.000000,0.000000,0.000000,0.000000,1,0.00
0.334000,-0.043,-0.068688,-0.068688,4.321,7.00,-0.087391,0.085444,0.000216,-0.016971,0.044,0.046,0.979,-46.169,0.351,2.686745,0.046946,-0.001284,0.000000,0.000000,0.000000,0.000000,0.000000,0.000000,1,0.00
0.336000,-0.042,-0.067665,-0.067665,4.321,7.00,-0.087017,0.084572,0.000232,-0.017138,0.044,0.045,0.981,-46.165,0.351,2.687150,0.046457,-0.001273,0.000000,0.000000,0.000000,0.000000,0.000000,0.000000,1,0.00
0.338000,-0.042,-0.068172,-0.068172,4.321,7.00,-0.086630,0.083684,0.000241,-0.015753,0.044,0.045,0.982,-46.162,0.350,2.687551,0.045959,-0.001262,0.000000,0.000000,0.000000,0.000000,0.000000,0.000000,1,0.00
0.340000,-0.041,-0.063783,-0.063783,4.321,7.00,-0.086261,0.082787,0.000248,-0.019252,0.043,0.043,0.984,-46.159,0.350,2.687942,0.045457,-0.001252,0.000000,0.000000,0.000000,0.000000,0.000000,0.000000,1,0.00
0.342000,-0.041,-0.065058,-0.065058,4.321,7.00,-0.085811,0.081859,0.000266,-0.017067,0.043,0.043,0.986,-46.156,0.350,2.688342,0.044938,-0.001240,0.000000,0.000000,0.000000,0.000000,0.000000,0.000000,1,0.00
0.344000,-0.040,-0.062872,-0.062872,4.321,7.00,-0.085396,0.080926,0.000274,-0.018328,0.042,0.042,0.988,-46.152,0.350,2.688728,0.044416,-0.001228,0.000000,0.000000,0.000000,0.000000,0.000000,0.000000,1,0.00
0.346000,-0.040,-0.059754,-0.059754,4.321,7.00,-0.084946,0.079972,0.000283,-0.020501,0.042,0.040,0.989,-46.149,0.350,2.689114,0.043883,-0.001217,0.000000,0.000000,0.000000,0.000000,0.000000,0.000000,1,0.00
0.348000,-0.039,-0.060187,-0.060187,4.321,7.00,-0.084442,0.078992,0.000298,-0.019104,0.041,0.040,0.991,-46.146,0.350,2.689504,0.043336,-0.001204,0.000000,0.000000,0.000000,0.000000,0.000000,0.000000,1,0.00
0.350000,-0.039,-0.061429,-0.061429,4.321,7.00,-0.083957,0.078005,0.000310,-0.016886,0.041,0.041,0.993,-46.142,0.350,2.689883,0.042786,-0.001192,0.000000,0.000000,0.000000,0.000000,0.000000,0.000000,1,0.00
0.352000,-0.039,-0.055848,-0.055848,4.321,7.00,-0.083506,0.077015,0.000315,-0.021482,0.040,0.037,0.995,-46.139,0.350,2.690248,0.042233,-0.001180,0.000000,0.000000,0.000000,0.000000,0.000000,0.000000,1,0.00
0.354000,-0.038,-0.056877,-0.056877,4.321,7.00,-0.082953,0.075987,0.000331,-0.019441,0.040,0.038,0.996,-46.136,0.350,2.690627,0.041661,-0.001167,0.000000,0.000000,0.000000,0.000000,0.000000,0.000000,1,0.00
0.356000,-0.037,-0.055130,-0.055130,4.321,7.00,-0.082432,0.074954,0.000339,-0.020163,0.039,0.037,0.998,-46.132,0.350,2.690992,0.041086,-0.001154,0.000000,0.000000,0.000000,0.000000,0.000000,0.000000,1,0.00
0.358000,-0.037,-0.052503,-0.052503,4.321,7.00,-0.081886,0.073904,0.000348,-0.021749,0.039,0.035,1.000,-46.129,0.350,2.691355,0.040502,-0.001141,0.000000,0.000000,0.000000,0.000000,0.000000,0.000000,1,0.00
0.360000,-0.036,-0.051950,-0.051950,4.321,7.00,-0.081298,0.072832,0.000362,-0.021245,0.039,0.035,1.002,-46.125,0.350,2.691719,0.039906,-0.001128,0.000000,0.000000,0.000000,0.000000,0.000000,0.000000,1,0.00
0.362000,-0.036,-0.052989,-0.052989,4.321,7.00,-0.080711,0.071749,0.000371,-0.019131,0.038,0.035,1.003,-46.122,0.350,2.692076,0.039304,-0.001115,0.000000,0.000000,0.000000,0.000000,0.000000,0.000000,1,0.00
0.364000,-0.035,-0.047642,-0.047642,4.321,7.00,-0.080157,0.070660,0.000377,-0.023395,0.037,0.032,1.005,-46.118,0.350,2.692422,0.038703,-0.001094,0.000000,0.000000,0.000000,0.000000,0.000000,0.000000,1,0.00
0.366000,-0.035,-0.049297,-0.049297,4.321,7.00,-0.079506,0.069535,0.000393,-0.020631,0.037,0.033,1.007,-46.115,0.350,2.692785,0.038088,-0.001060,0.000000,0.000000,0.000000,0.000000,0.000000,0.000000,1,0.00
0.368000,-0.034,-0.047241,-0.047241,4.321,7.00,-0.078902,0.068410,0.000400,-0.021569,0.036,0.031,1.009,-46.111,0.350,2.693138,0.037479,-0.001015,0.000000,0.000000,0.000000,0.000000,0.000000,0.000000,1,0.00
0.370000,-0.034,-0.045816,-0.045816,4.321,7.00,-0.078269,0.067269,0.000413,-0.021866,0.036,0.031,1.010,-46.108,0.350,2.693494,0.036865,-0.000962,0.000000,0.000000,0.000000,0.000000,0.000000,0.000000,1,0.00
0.372000,-0.033,-0.045731,-0.045731,4.321,7.00,-0.077620,0.066117,0.000424,-0.020810,0.035,0.030,1.012,-46.104,0.350,2.693852,0.036248,-0.000902,0.000000,0.000000,0.000000,0.000000,0.000000,0.000000,1,0.00
0.374000,-0.032,-0.043966,-0.043966,4.321,7.00,-0.076982,0.064963,0.000429,-0.021426,0.035,0.029,1.014,-46.101,0.350,2.694206,0.035632,-0.000839,0.000000,0.000000,0.000000,0.000000,0.000000,0.000000,1,0.00
0.376000,-0.032,-0.042885,-0.042885,4.321,7.00,-0.076322,0.063800,0.000445,-0.021359,0.034,0.029,1.016,-46.097,0.350,2.694562,0.035012,-0.000773,0.000000,0.000000,0.000000,0.000000,0.000000,0.000000,1,0.00
0.378000,-0.031,-0.043156,-0.043156,4.321,7.00,-0.075653,0.062632,0.000455,-0.019931,0.034,0.029,1.018,-46.094,0.350,2.694917,0.034390,-0.000708,0.000000,0.000000,0.000000,0.000000,0.000000,0.000000,1,0.00
0.380000,-0.031,-0.036600,-0.036600,4.321,7.00,-0.075003,0.061469,0.000459,-0.025327,0.033,0.024,1.019,-46.090,0.350,2.695267,0.033770,-0.000644,0.000000,0.000000,0.000000,0.000000,0.000000,0.000000,1,0.00
0.382000,-0.030,-0.036113,-0.036113,4.321,7.00,-0.074235,0.060276,0.000472,-0.024635,0.032,0.024,1.021,-46.087,0.350,2.695637,0.033133,-0.000582,0.000000,0.000000,0.000000,0.000000,0.000000,0.000000,1,0.00
0.384000,-0.030,-0.036825,-0.036825,4.321,7.00,-0.073473,0.059087,0.000478,-0.022740,0.032,0.025,1.023,-46.083,0.350,2.696002,0.032495,-0.000525,0.000000,0.000000,0.000000,0.000000,0.000000,0.000000,1,0.00
0.386000,-0.029,-0.033134,-0.033134,4.321,7.00,-0.072740,0.057907,0.000485,-0.025257,0.031,0.022,1.025,-46.080,0.350,2.696360,0.031861,-0.000471,0.000000,0.000000,0.000000,0.000000,0.000000,0.000000,1,0.00
0.388000,-0.028,-0.032216,-0.032216,4.321,7.00,-0.071948,0.056714,0.000495,-0.024993,0.031,0.021,1.026,-46.076,0.350,2.696726,0.031218,-0.000423,0.000000,0.000000,0.000000,0.000000,0.000000,0.000000,1,0.00
0.390000,-0.028,-0.035020,-0.035020,4.321,7.00,-0.071153,0.055524,0.000502,-0.021006,0.030,0.023,1.028,-46.073,0.350,2.697090,0.030574,-0.000380,0.000000,0.000000,0.000000,0.000000,0.000000,0.000000,1,0.00
0.392000,-0.027,-0.029868,-0.029868,4.321,7.00,-0.070430,0.054354,0.000507,-0.024993,0.030,0.020,1.030,-46.069,0.350,2.697438,0.029939,-0.000342,0.000000,0.000000,0.000000,0.000000,0.000000,0.000000,1,0.00
0.394000,-0.027,-0.031527,-0.031527,4.321,7.00,-0.069619,0.053165,0.000519,-0.022158,0.029,0.021,1.032,-46.066,0.350,2.697801,0.029291,-0.000309,0.000000,0.000000,0.000000,0.000000,0.000000,0.000000,1,0.00
0.396000,-0.026,-0.028240,-0.028240,4.321,7.00,-0.068857,0.051991,0.000524,-0.024275,0.028,0.019,1.034,-46.062,0.350,2.698151,0.028649,-0.000282,0.000000,0.000000,0.000000,0.000000,0.000000,0.000000,1,0.00
0.398000,-0.025,-0.027669,-0.027669,4.321,7.00,-0.068045,0.050807,0.000534,-0.023672,0.028,0.018,1.035,-46.059,0.350,2.698508,0.027999,-0.000260,0.000000,0.000000,0.000000,0.000000,0.000000,0.000000,1,0.00
0.400000,-0.025,-0.049858,-0.049858,4.321,7.00,-0.067237,0.049625,0.000000,0.000232,0.000,0.033,1.037,-46.055,0.350,2.698862,0.027349,-0.000242,0.000000,0.000000,0.000000,0.000000,0.000000,0.000000,1,0.00
0.402000,-0.024,-0.043463,-0.043463,4.321,7.00,-0.066810,0.048539,0.000005,-0.005082,0.000,0.029,1.039,-46.052,0.350,2.699142,0.026751,-0.000227,0.000000,0.000000,0.000000,0.000000,0.000000,0.000000,1,0.00
0.404000,-0.024,-0.039806,-0.039806,4.321,7.00,-0.066343,0.047444,0.000015,-0.007653,0.000,0.027,1.041,-46.048,0.350,2.699429,0.026147,-0.000217,0.000000,0.000000,0.000000,0.000000,0.000000,0.000000,1,0.00
0.406000,-0.023,-0.032085,-0.032085,4.321,7.00,-0.065812,0.046333,0.000019,-0.014267,0.000,0.021,1.042,-46.045,0.350,2.699726,0.025532,-0.000209,0.000000,0.000000,0.000000,0.000000,0.000000,0.000000,1,0.00
0.408000,-0.023,-0.028489,-0.028489,4.321,7.00,-0.065138,0.045186,0.000029,-0.016727,0.025,0.019,1.044,-46.042,0.350,2.700049,0.024895,-0.000205,0.000000,0.000000,0.000000,0.000000,0.000000,0.000000,1,0.00
0.410000,-0.022,-0.021590,-0.021590,4.321,7.00,-0.064405,0.044023,0.000034,-0.022468,0.024,0.014,1.046,-46.038,0.350,2.700379,0.024249,-0.000203,0.000000,0.000000,0.000000,0.000000,0.000000,0.000000,1,0.00
0.412000,-0.021,-0.019600,-0.019600,4.321,7.00,-0.063549,0.042830,0.000038,-0.023268,0.024,0.013,1.048,-46.035,0.350,2.700731,0.023585,-0.000203,0.000000,0.000000,0.000000,0.000000,0.000000,0.000000,1,0.00
0.414000,-0.021,-0.017690,-0.017690,4.321,7.00,-0.062670,0.041629,0.000046,-0.023985,0.023,0.012,1.049,-46.031,0.350,2.701083,0.022917,-0.000204,0.000000,0.000000,0.000000,0.000000,0.000000,0.000000,1,0.00
0.416000,-0.020,-0.019554,-0.019554,4.321,7.00,-0.061770,0.040422,0.000053,-0.020921,0.023,0.013,1.051,-46.028,0.350,2.701437,0.022246,-0.000205,0.000000,0.000000,0.000000,0.000000,0.000000,0.000000,1,0.00
0.418000,-0.020,-0.017507,-0.017507,4.321,7.00,-0.060926,0.039227,0.000060,-0.021781,0.022,0.012,1.053,-46.024,0.350,2.701777,0.021581,-0.000206,0.000000,0.000000,0.000000,0.000000,0.000000,0.000000,1,0.00
0.420000,-0.019,-0.016874,-0.016874,4.321,7.00,-0.060057,0.038024,0.000064,-0.021215,0.021,0.011,1.055,-46.021,0.350,2.702120,0.020913,-0.000206,0.000000,0.000000,0.000000,0.000000,0.000000,0.000000,1,0.00
0.422000,-0.018,-0.014828,-0.014828,4.321,7.00,-0.059194,0.036820,0.000068,-0.022060,0.021,0.010,1.057,-46.017,0.350,2.702459,0.020244,-0.000207,0.000000,0.000000,0.000000,0.000000,0.000000,0.000000,1,0.00
0.424000,-0.018,-0.012772,-0.012772,4.321,7.00,-0.058306,0.035608,0.000073,-0.022909,0.020,0.009,1.058,-46.014,0.350,2.702800,0.019572,-0.000206,0.000000,0.000000,0.000000,0.000000,0.000000,0.000000,1,0.00
0.426000,-0.017,-0.012386,-0.012386,4.321,7.00,-0.057396,0.034387,0.000081,-0.022082,0.020,0.008,1.060,-46.010,0.350,2.703142,0.018895,-0.000205,0.000000,0.000000,0.000000,0.000000,0.000000,0.000000,1,0.00
0.428000,-0.017,-0.009085,-0.009085,4.321,7.00,-0.056495,0.033167,0.000084,-0.024166,0.019,0.006,1.062,-46.007,0.350,2.703480,0.018219,-0.000202,0.000000,0.000000,0.000000,0.000000,0.000000,0.000000,1,0.00
0.430000,-0.016,-0.009959,-0.009959,4.321,7.00,-0.055547,0.031931,0.000091,-0.022063,0.018,0.007,1.064,-46.003,0.350,2.703824,0.017536,-0.000199,0.000000,0.000000,0.000000,0.000000,0.000000,0.000000,1,0.00
0.432000,-0.015,-0.010699,-0.010699,4.321,7.00,-0.054635,0.030703,0.000095,-0.020099,0.018,0.007,1.065,-46.000,0.350,2.704158,0.016857,-0.000194,0.000000,0.000000,0.000000,0.000000,0.000000,0.000000,1,0.00
0.434000,-0.015,-0.008040,-0.008040,4.321,7.00,-0.053757,0.029480,0.000098,-0.021537,0.017,0.005,1.067,-45.996,0.350,2.704483,0.016182,-0.000189,0.000000,0.000000,0.000000,0.000000,0.000000,0.000000,1,0.00
0.436000,-0.014,-0.006099,-0.006099,4.321,7.00,-0.052842,0.028245,0.000103,-0.022249,0.017,0.004,1.069,-45.993,0.350,2.704812,0.015501,-0.000182,0.000000,0.000000,0.000000,0.000000,0.000000,0.000000,1,0.00
0.438000,-0.014,-0.006346,-0.006346,4.321,7.00,-0.051908,0.027003,0.000108,-0.020764,0.016,0.004,1.071,-45.989,0.350,2.705142,0.014817,-0.000175,0.000000,0.000000,0.000000,0.000000,0.000000,0.000000,1,0.00
0.440000,-0.013,-0.004874,-0.004874,4.321,7.00,-0.050996,0.025764,0.000113,-0.021002,0.015,0.003,1.072,-45.986,0.350,2.705465,0.014135,-0.000167,0.000000,0.000000,0.000000,0.000000,0.000000,0.000000,1,0.00
0.442000,-0.012,-0.003503,-0.003503,4.321,7.00,-0.050074,0.024519,0.000116,-0.021132,0.015,0.002,1.074,-45.982,0.350,2.705787,0.013451,-0.000158,0.000000,0.000000,0.000000,0.000000,0.000000,0.000000,1,0.00
0.444000,-0.012,-0.004488,-0.004488,4.321,7.00,-0.049142,0.023271,0.000120,-0.018903,0.014,0.003,1.076,-45.979,0.350,2.706108,0.012764,-0.000149,0.000000,0.000000,0.000000,0.000000,0.000000,0.000000,1,0.00
0.446000,-0.011,0.001039,0.001039,4.321,7.00,-0.048249,0.022029,0.000122,-0.023191,0.014,0.001,1.078,-45.976,0.350,2.706419,0.012083,-0.000139,0.000000,0.000000,0.000000,0.000000,0.000000,0.000000,1,0.00
0.448000,-0.010,0.001004,0.001004,4.321,7.00,-0.047264,0.020759,0.000127,-0.021890,0.013,0.001,1.080,-45.972,0.350,2.706745,0.011387,-0.000123,0.000000,0.000000,0.000000,0.000000,0.000000,0.000000,1,0.00
0.450000,-0.010,0.006943,0.006943,4.321,7.00,-0.046298,0.019495,0.000129,-0.026566,0.012,0.005,1.081,-45.969,0.350,2.707063,0.010695,-0.000110,0.000000,0.000000,0.000000,0.000000,0.000000,0.000000,1,0.00
0.452000,-0.009,0.005882,0.005882,4.321,7.00,-0.045234,0.018206,0.000133,-0.024220,0.012,0.004,1.083,-45.965,0.350,2.707397,0.009989,-0.000097,0.000000,0.000000,0.000000,0.000000,0.000000,0.000000,1,0.00
0.454000,-0.008,0.010136,0.010136,4.321,7.00,-0.044211,0.016930,0.000134,-0.027200,0.011,0.007,1.085,-45.962,0.350,2.707720,0.009290,-0.000086,0.000000,0.000000,0.000000,0.000000,0.000000,0.000000,1,0.00
0.456000,-0.008,0.008952,0.008952,4.321,7.00,-0.043124,0.015638,0.000136,-0.024727,0.010,0.006,1.087,-45.958,0.350,2.708052,0.008582,-0.000075,0.000000,0.000000,0.000000,0.000000,0.000000,0.000000,1,0.00
0.458000,-0.007,0.011109,0.011109,4.321,7.00,-0.042083,0.014360,0.000139,-0.025608,0.010,0.007,1.088,-45.955,0.350,2.708371,0.007881,-0.000065,0.000000,0.000000,0.000000,0.000000,0.000000,0.000000,1,0.00
0.460000,-0.007,0.007990,0.007990,4.321,7.00,-0.041019,0.013078,0.000142,-0.021209,0.009,0.005,1.090,-45.951,0.350,2.708692,0.007177,-0.000057,0.000000,0.000000,0.000000,0.000000,0.000000,0.000000,1,0.00
0.462000,-0.006,0.015859,0.015859,4.321,7.00,-0.040039,0.011819,0.000142,-0.027821,0.008,0.011,1.092,-45.948,0.350,2.708993,0.006487,-0.000049,0.000000,0.000000,0.000000,0.000000,0.000000,0.000000,1,0.00
0.464000,-0.005,0.013736,0.013736,4.321,7.00,-0.038921,0.010528,0.000145,-0.024408,0.008,0.009,1.094,-45.944,0.350,2.709318,0.005778,-0.000042,0.000000,0.000000,0.000000,0.000000,0.000000,0.000000,1,0.00
0.466000,-0.005,0.016611,0.016611,4.321,7.00,-0.037868,0.009255,0.000146,-0.026011,0.007,0.011,1.095,-45.941,0.350,2.709627,0.005079,-0.000036,0.000000,0.000000,0.000000,0.000000,0.000000,0.000000,1,0.00
0.468000,-0.004,0.019077,0.019077,4.321,7.00,-0.036779,0.007968,0.000147,-0.027192,0.007,0.013,1.097,-45.937,0.350,2.709944,0.004373,-0.000028,0.000000,0.000000,0.000000,0.000000,0.000000,0.000000,1,0.00
0.470000,-0.003,0.020244,0.020244,4.321,7.00,-0.035661,0.006666,0.000148,-0.027057,0.006,0.013,1.099,-45.934,0.350,2.710271,0.003660,-0.000020,0.000000,0.000000,0.000000,0.000000,0.000000,0.000000,1,0.00
0.472000,-0.003,0.017778,0.017778,4.321,7.00,-0.034543,0.005372,0.000149,-0.023298,0.005,0.012,1.101,-45.930,0.350,2.710592,0.002952,-0.000009,0.000000,0.000000,0.000000,0.000000,0.000000,0.000000,1,0.00
0.474000,-0.002,0.019902,0.019902,4.321,7.00,-0.033497,0.004109,0.000149,-0.024161,0.005,0.013,1.103,-45.927,0.350,2.710890,0.002263,0.000003,0.000000,0.000000,0.000000,0.000000,0.000000,0.000000,1,0.00
0.476000,-0.001,0.018462,0.018462,4.321,7.00,-0.032429,0.002842,0.000150,-0.021454,0.004,0.012,1.104,-45.923,0.350,2.711185,0.001570,0.000014,0.000000,0.000000,0.000000,0.000000,0.000000,0.000000,1,0.00
0.478000,-0.001,0.018424,0.018424,4.321,7.00,-0.031411,0.001593,0.000150,-0.020168,0.003,0.012,1.106,-45.920,0.350,2.711468,0.000886,0.000021,0.000000,0.000000,0.000000,0.000000,0.000000,0.000000,1,0.00
0.480000,-0.000,0.020915,0.020915,4.321,7.00,-0.030414,0.000356,0.000150,-0.021421,0.003,0.014,1.108,-45.916,0.350,2.711744,0.000207,0.000025,0.000000,0.000000,0.000000,0.000000,0.000000,0.000000,1,0.00
0.482000,0.000,0.024005,0.024005,4.321,7.00,-0.029388,-0.000885,0.000150,-0.023270,0.002,0.016,1.110,-45.913,0.350,2.712023,-0.000474,0.000028,0.000000,0.000000,0.000000,0.000000,0.000000,0.000000,1,0.00
0.484000,0.001,0.025954,0.025954,4.321,7.00,-0.028320,-0.002131,0.000150,-0.023973,0.001,0.017,1.111,-45.910,0.350,2.712306,-0.001159,0.000029,0.000000,0.000000,0.000000,0.000000,0.000000,0.000000,1,0.00
0.486000,0.002,0.025868,0.025868,4.321,7.00,-0.027235,-0.003377,0.000149,-0.022640,0.001,0.017,1.113,-45.906,0.350,2.712589,-0.001844,0.000029,0.000000,0.000000,0.000000,0.000000,0.000000,0.000000,1,0.00
0.488000,0.002,0.028466,0.028466,4.321,7.00,-0.026173,-0.004612,0.000148,-0.024003,0.000,0.019,1.115,-45.903,0.350,2.712864,-0.002523,0.000028,0.000000,0.000000,0.000000,0.000000,0.000000,0.000000,1,0.00
0.490000,0.003,0.030130,0.030130,4.321,7.00,-0.025080,-0.005850,0.000148,-0.024428,-0.000,0.020,1.117,-45.899,0.350,2.713142,-0.003203,0.000026,0.000000,0.000000,0.000000,0.000000,0.000000,0.000000,1,0.00
0.492000,0.004,0.026791,0.026791,4.321,7.00,-0.023976,-0.007086,0.000146,-0.019851,-0.001,0.018,1.118,-45.896,0.350,2.713418,-0.003883,0.000025,0.000000,0.000000,0.000000,0.000000,0.000000,0.000000,1,0.00
0.494000,0.004,0.029599,0.029599,4.321,7.00,-0.022960,-0.008293,0.000145,-0.021451,-0.002,0.020,1.120,-45.892,0.350,2.713675,-0.004547,0.000023,0.000000,0.000000,0.000000,0.000000,0.000000,0.000000,1,0.00
0.496000,0.005,0.030476,0.030476,4.321,7.00,-0.021909,-0.009505,0.000143,-0.021113,-0.002,0.020,1.122,-45.889,0.350,2.713936,-0.005213,0.000021,0.000000,0.000000,0.000000,0.000000,0.000000,0.000000,1,0.00
0.498000,0.005,0.030027,0.030027,4.321,7.00,-0.020862,-0.010711,0.000141,-0.019456,-0.003,0.020,1.124,-45.885,0.350,2.714192,-0.005876,0.000020,0.000000,0.000000,0.000000,0.000000,0.000000,0.000000,1,0.00
0.500000,0.006,0.011957,0.011957,4.321,7.00,-0.019844,-0.011904,0.000000,-0.000052,0.000,0.008,1.125,-45.882,0.350,2.714440,-0.006531,0.000019,0.000000,0.000000,0.000000,0.000000,0.000000,0.000000,1,0.00
0.502000,0.006,0.015427,0.015427,4.321,7.00,-0.019207,-0.012991,-0.000003,-0.002433,0.000,0.010,1.127,-45.878,0.350,2.714614,-0.007129,0.000017,0.000000,0.000000,0.000000,0.000000,0.000000,0.000000,1,0.00
0.504000,0.007,0.017874,0.017874,4.321,7.00,-0.018515,-0.014089,-0.000009,-0.003776,0.000,0.012,1.129,-45.875,0.350,2.714797,-0.007732,0.000016,0.000000,0.000000,0.000000,0.000000,0.000000,0.000000,1,0.00
0.506000,0.008,0.023563,0.023563,4.321,7.00,-0.017787,-0.015192,-0.000011,-0.008360,0.000,0.016,1.131,-45.871,0.350,2.714985,-0.008337,0.000015,0.000000,0.000000,0.000000,0.000000,0.000000,0.000000,1,0.00
0.508000,0.008,0.027680,0.027680,4.321,7.00,-0.016960,-0.016317,-0.000014,-0.011350,-0.006,0.018,1.132,-45.868,0.350,2.715189,-0.008954,0.000015,0.000000,0.000000,0.000000,0.000000,0.000000,0.000000,1,0.00
0.510000,0.009,0.031509,0.031509,4.321,7.00,-0.016067,-0.017453,-0.000017,-0.014038,-0.006,0.021,1.134,-45.864,0.350,2.715403,-0.009577,0.000016,0.000000,0.000000,0.000000,0.000000,0.000000,0.000000,1,0.00
0.512000,0.009,0.036844,0.036844,4.321,7.00,-0.015116,-0.018600,-0.000019,-0.018225,-0.007,0.025,1.136,-45.861,0.350,2.715625,-0.010205,0.000017,0.000000,0.000000,0.000000,0.000000,0.000000,0.000000,1,0.00
0.514000,0.010,0.039238,0.039238,4.321,7.00,-0.014077,-0.019763,-0.000023,-0.019452,-0.008,0.026,1.138,-45.858,0.350,2.715860,-0.010842,0.000017,0.000000,0.000000,0.000000,0.000000,0.000000,0.000000,1,0.00
0.516000,0.010,0.042612,0.042612,4.321,7.00,-0.013011,-0.020926,-0.000025,-0.021661,-0.008,0.028,1.139,-45.854,0.350,2.716096,-0.011480,0.000017,0.000000,0.000000,0.000000,0.000000,0.000000,0.000000,1,0.00
0.518000,0.011,0.043357,0.043357,4.321,7.00,-0.011898,-0.022095,-0.000030,-0.021232,-0.009,0.029,1.141,-45.851,0.350,2.716338,-0.012120,0.000018,0.000000,0.000000,0.000000,0.000000,0.000000,0.000000,1,0.00
0.520000,0.012,0.046664,0.046664,4.321,7.00,-0.010793,-0.023255,-0.000033,-0.023375,-0.009,0.031,1.143,-45.847,0.350,2.716575,-0.012756,0.000017,0.000000,0.000000,0.000000,0.000000,0.000000,0.000000,1,0.00
0.522000,0.012,0.046504,0.046504,4.321,7.00,-0.009644,-0.024420,-0.000036,-0.022048,-0.010,0.031,1.145,-45.844,0.350,2.716816,-0.013394,0.000017,0.000000,0.000000,0.000000,0.000000,0.000000,0.000000,1,0.00
0.524000,0.013,0.048087,0.048087,4.321,7.00,-0.008521,-0.025571,-0.000041,-0.022476,-0.010,0.032,1.146,-45.840,0.350,2.717050,-0.014024,0.000016,0.000000,0.000000,0.000000,0.000000,0.000000,0.000000,1,0.00
0.526000,0.013,0.042442,0.042442,4.321,7.00,-0.007389,-0.026717,-0.000041,-0.015684,-0.011,0.028,1.148,-45.837,0.350,2.717281,-0.014652,0.000015,0.000000,0.000000,0.000000,0.000000,0.000000,0.000000,1,0.00
0.528000,0.014,0.044852,0.044852,4.321,7.00,-0.006392,-0.027820,-0.000045,-0.016988,-0.012,0.030,1.150,-45.833,0.350,2.717484,-0.015257,0.000013,0.000000,0.000000,0.000000,0.000000,0.000000,0.000000,1,0.00
0.530000,0.014,0.043264,0.043264,4.321,7.00,-0.005367,-0.028923,-0.000052,-0.014289,-0.012,0.029,1.152,-45.830,0.350,2.717690,-0.015862,0.000011,0.000000,0.000000,0.000000,0.000000,0.000000,0.000000,1,0.00
0.532000,0.015,0.041622,0.041622,4.321,7.00,-0.004395,-0.030007,-0.000058,-0.011557,-0.013,0.028,1.153,-45.826,0.350,2.717883,-0.016456,0.000008,0.000000,0.000000,0.000000,0.000000,0.000000,0.000000,1,0.00
0.534000,0.016,0.041798,0.041798,4.321,7.00,-0.003474,-0.031070,-0.000066,-0.010662,-0.013,0.028,1.155,-45.823,0.350,2.718063,-0.017039,0.000006,0.000000,0.000000,0.000000,0.000000,0.000000,0.000000,1,0.00
0.536000,0.016,0.047060,0.047060,4.321,7.00,-0.002569,-0.032123,-0.000070,-0.014867,-0.014,0.031,1.157,-45.819,0.350,2.718238,-0.017616,0.000003,0.000000,0.000000,0.000000,0.000000,0.000000,0.000000,1,0.00
0.538000,0.017,0.046270,0.046270,4.321,7.00,-0.001576,-0.033193,-0.000079,-0.012998,-0.014,0.031,1.159,-45.816,0.350,2.718426,-0.018203,-0.000000,0.000000,0.000000,0.000000,0.000000,0.000000,0.000000,1,0.00
0.540000,0.017,0.049030,0.049030,4.321,7.00,-0.000619,-0.034248,-0.000084,-0.014698,-0.015,0.033,1.160,-45.812,0.350,2.718605,-0.018782,-0.000003,0.000000,0.000000,0.000000,0.000000,0.000000,0.000000,1,0.00
0.542000,0.018,0.050119,0.050119,4.321,7.00,0.000374,-0.035306,-0.000091,-0.014722,-0.016,0.033,1.162,-45.809,0.350,2.718788,-0.019362,-0.000007,0.000000,0.000000,0.000000,0.000000,0.000000,0.000000,1,0.00
0.544000,0.018,0.052180,0.052180,4.321,7.00,0.001368,-0.036358,-0.000097,-0.015724,-0.016,0.035,1.164,-45.805,0.350,2.718968,-0.019939,-0.000011,0.000000,0.000000,0.000000,0.000000,0.000000,0.000000,1,0.00
0.546000,0.019,0.054988,0.054988,4.321,7.00,0.002385,-0.037410,-0.000101,-0.017477,-0.017,0.037,1.166,-45.802,0.350,2.719149,-0.020516,-0.000014,0.000000,0.000000,0.000000,0.000000,0.000000,0.000000,1,0.00
0.548000,0.019,0.056262,0.056262,4.321,7.00,0.003437,-0.038466,-0.000110,-0.017686,-0.017,0.038,1.167,-45.799,0.350,2.719333,-0.021095,-0.000018,0.000000,0.000000,0.000000,0.000000,0.000000,0.000000,1,0.00
0.550000,0.020,0.056267,0.056267,4.321,7.00,0.004493,-0.039516,-0.000117,-0.016634,-0.018,0.038,1.169,-45.795,0.350,2.719515,-0.021671,-0.000023,0.000000,0.000000,0.000000,0.000000,0.000000,0.000000,1,0.00
0.552000,0.020,0.056936,0.056936,4.321,7.00,0.005529,-0.040554,-0.000127,-0.016255,-0.018,0.038,1.171,-45.792,0.350,2.719690,-0.022240,-0.000027,0.000000,0.000000,0.000000,0.000000,0.000000,0.000000,1,0.00
0.554000,0.021,0.059334,0.059334,4.321,7.00,0.006557,-0.041583,-0.000132,-0.017619,-0.019,0.040,1.173,-45.788,0.350,2.719860,-0.022805,-0.000032,0.000000,0.000000,0.000000,0.000000,0.000000,0.000000,1,0.00
0.556000,0.021,0.056555,0.056555,4.321,7.00,0.007612,-0.042614,-0.000142,-0.013799,-0.019,0.038,1.174,-45.785,0.350,2.720033,-0.023370,-0.000037,0.000000,0.000000,0.000000,0.000000,0.000000,0.000000,1,0.00
0.558000,0.022,0.059974,0.059974,4.321,7.00,0.008591,-0.043618,-0.000147,-0.016210,-0.020,0.040,1.176,-45.781,0.350,2.720188,-0.023921,-0.000042,0.000000,0.000000,0.000000,0.000000,0.000000,0.000000,1,0.00
0.560000,0.022,0.060662,0.060662,4.321,7.00,0.009619,-0.044629,-0.000156,-0.015878,-0.020,0.040,1.178,-45.778,0.350,2.720349,-0.024476,-0.000047,0.000000,0.000000,0.000000,0.000000,0.000000,0.000000,1,0.00
0.562000,0.023,0.062100,0.062100,4.321,7.00,0.010640,-0.045631,-0.000165,-0.016304,-0.021,0.041,1.180,-45.774,0.350,2.720506,-0.025026,-0.000053,0.000000,0.000000,0.000000,0.000000,0.000000,0.000000,1,0.00
0.564000,0.023,0.061137,0.061137,4.321,7.00,0.011669,-0.046630,-0.000174,-0.014333,-0.021,0.041,1.181,-45.771,0.350,2.720661,-0.025574,-0.000058,0.000000,0.000000,0.000000,0.000000,0.000000,0.000000,1,0.00
0.566000,0.024,0.063263,0.063263,4.321,7.00,0.012658,-0.047612,-0.000181,-0.015471,-0.022,0.042,1.183,-45.767,0.350,2.720806,-0.026113,-0.000064,0.000000,0.000000,0.000000,0.000000,0.000000,0.000000,1,0.00
0.568000,0.024,0.062204,0.062204,4.321,7.00,0.013670,-0.048594,-0.000190,-0.013420,-0.022,0.041,1.185,-45.764,0.350,2.720953,-0.026652,-0.000070,0.000000,0.000000,0.000000,0.000000,0.000000,0.000000,1,0.00
0.570000,0.025,0.062083,0.062083,4.321,7.00,0.014641,-0.049558,-0.000207,-0.012318,-0.023,0.041,1.187,-45.760,0.350,2.721088,-0.027181,-0.000076,0.000000,0.000000,0.000000,0.000000,0.000000,0.000000,1,0.00
0.572000,0.025,0.062429,0.062429,4.321,7.00,0.015590,-0.050511,-0.000220,-0.011698,-0.023,0.042,1.188,-45.757,0.350,2.721217,-0.027704,-0.000082,0.000000,0.000000,0.000000,0.000000,0.000000,0.000000,1,0.00
0.574000,0.026,0.063995,0.063995,4.321,7.00,0.016527,-0.051454,-0.000227,-0.012314,-0.024,0.043,1.190,-45.753,0.350,2.721340,-0.028222,-0.000089,0.000000,0.000000,0.000000,0.000000,0.000000,0.000000,1,0.00
0.576000,0.026,0.063975,0.063975,4.321,7.00,0.017476,-0.052395,-0.000238,-0.011342,-0.024,0.043,1.192,-45.750,0.350,2.721463,-0.028739,-0.000095,0.000000,0.000000,0.000000,0.000000,0.000000,0.000000,1,0.00
0.578000,0.027,0.064966,0.064966,4.321,7.00,0.018406,-0.053325,-0.000248,-0.011393,-0.025,0.043,1.193,-45.746,0.350,2.721580,-0.029250,-0.000102,0.000000,0.000000,0.000000,0.000000,0.000000,0.000000,1,0.00
0.580000,0.027,0.066977,0.066977,4.321,7.00,0.019337,-0.054249,-0.000258,-0.012470,-0.025,0.045,1.195,-45.743,0.350,2.721694,-0.029758,-0.000108,0.000000,0.000000,0.000000,0.000000,0.000000,0.000000,1,0.00
0.582000,0.028,0.069141,0.069141,4.321,7.00,0.020290,-0.055173,-0.000266,-0.013702,-0.026,0.046,1.197,-45.739,0.350,2.721810,-0.030265,-0.000115,0.000000,0.000000,0.000000,0.000000,0.000000,0.000000,1,0.00
0.584000,0.028,0.070113,0.070113,4.321,7.00,0.021267,-0.056098,-0.000274,-0.013741,-0.026,0.047,1.199,-45.736,0.350,2.721927,-0.030773,-0.000121,0.000000,0.000000,0.000000,0.000000,0.000000,0.000000,1,0.00
0.586000,0.029,0.070798,0.070798,4.321,7.00,0.022244,-0.057017,-0.000287,-0.013493,-0.027,0.047,1.200,-45.732,0.350,2.722041,-0.031278,-0.000128,0.000000,0.000000,0.000000,0.000000,0.000000,0.000000,1,0.00
0.588000,0.029,0.073038,0.073038,4.321,7.00,0.023215,-0.057929,-0.000293,-0.014816,-0.027,0.049,1.202,-45.729,0.350,2.722151,-0.031779,-0.000135,0.000000,0.000000,0.000000,0.000000,0.000000,0.000000,1,0.00
0.590000,0.029,0.073467,0.073467,4.321,7.00,0.024211,-0.058841,-0.000307,-0.014319,-0.028,0.049,1.204,-45.726,0.350,2.722263,-0.032281,-0.000143,0.000000,0.000000,0.000000,0.000000,0.000000,0.000000,1,0.00
0.592000,0.030,0.074121,0.074121,4.321,7.00,0.025197,-0.059744,-0.000316,-0.014060,-0.028,0.049,1.206,-45.722,0.350,2.722369,-0.032777,-0.000150,0.000000,0.000000,0.000000,0.000000,0.000000,0.000000,1,0.00
0.594000,0.030,0.075093,0.075093,4.321,7.00,0.026175,-0.060640,-0.000325,-0.014129,-0.029,0.050,1.207,-45.719,0.350,2.722472,-0.033269,-0.000158,0.000000,0.000000,0.000000,0.000000,0.000000,0.000000,1,0.00
0.596000,0.031,0.075657,0.075657,4.321,7.00,0.027153,-0.061529,-0.000341,-0.013787,-0.029,0.050,1.209,-45.715,0.350,2.722572,-0.033758,-0.000166,0.000000,0.000000,0.000000,0.000000,0.000000,0.000000,1,0.00
0.598000,0.031,0.075900,0.075900,4.321,7.00,0.028123,-0.062410,-0.000349,-0.013141,-0.029,0.051,1.211,-45.712,0.350,2.722667,-0.034243,-0.000174,0.000000,0.000000,0.000000,0.000000,0.000000,0.000000,1,0.00
0.600000,0.032,0.063342,0.063342,4.321,7.00,0.029079,-0.063281,0.000000,-0.000061,0.000,0.042,1.213,-45.708,0.350,2.722756,-0.034722,-0.000182,0.000000,0.000000,0.000000,0.000000,0.000000,0.000000,1,0.00
0.602000,0.032,0.066496,0.066496,4.321,7.00,0.029765,-0.064072,-0.000011,-0.002413,0.000,0.044,1.214,-45.705,0.350,2.722793,-0.035158,-0.000189,0.000000,0.000000,0.000000,0.000000,0.000000,0.000000,1,0.00
0.604000,0.032,0.069345,0.069345,4.321,7.00,0.030499,-0.064872,-0.000024,-0.004449,0.000,0.046,1.216,-45.701,0.350,2.722837,-0.035599,-0.000197,0.000000,0.000000,0.000000,0.000000,0.000000,0.000000,1,0.00
0.606000,0.033,0.072971,0.072971,4.321,7.00,0.031276,-0.065678,-0.000033,-0.007260,0.000,0.049,1.218,-45.698,0.350,2.722887,-0.036043,-0.000205,0.000000,0.000000,0.000000,0.000000,0.000000,0.000000,1,0.00
0.608000,0.033,0.075414,0.075414,4.321,7.00,0.032110,-0.066495,-0.000050,-0.008869,-0.032,0.050,1.220,-45.694,0.350,2.722945,-0.036493,-0.000213,0.000000,0.000000,0.000000,0.000000,0.000000,0.000000,1,0.00
0.610000,0.034,0.079561,0.079561,4.321,7.00,0.032976,-0.067316,-0.000058,-0.012187,-0.032,0.053,1.221,-45.691,0.350,2.723006,-0.036945,-0.000221,0.000000,0.000000,0.000000,0.000000,0.000000,0.000000,1,0.00
0.612000,0.034,0.081485,0.081485,4.321,7.00,0.033908,-0.068149,-0.000066,-0.013270,-0.032,0.054,1.223,-45.687,0.350,2.723077,-0.037403,-0.000229,0.000000,0.000000,0.000000,0.000000,0.000000,0.000000,1,0.00
0.614000,0.034,0.081904,0.081904,4.321,7.00,0.034859,-0.068981,-0.000084,-0.012839,-0.033,0.055,1.225,-45.684,0.350,2.723149,-0.037862,-0.000237,0.000000,0.000000,0.000000,0.000000,0.000000,0.000000,1,0.00
0.616000,0.035,0.082704,0.082704,4.321,7.00,0.035800,-0.069805,-0.000094,-0.012805,-0.033,0.055,1.226,-45.680,0.350,2.723216,-0.038316,-0.000246,0.000000,0.000000,0.000000,0.000000,0.000000,0.000000,1,0.00
0.618000,0.035,0.083951,0.083951,4.321,7.00,0.036738,-0.070622,-0.000109,-0.013220,-0.034,0.056,1.228,-45.677,0.350,2.723279,-0.038766,-0.000255,0.000000,0.000000,0.000000,0.000000,0.000000,0.000000,1,0.00
0.620000,0.036,0.083441,0.083441,4.321,7.00,0.037682,-0.071435,-0.000123,-0.011883,-0.034,0.056,1.230,-45.673,0.350,2.723341,-0.039214,-0.000263,0.000000,0.000000,0.000000,0.000000,0.000000,0.000000,1,0.00
0.622000,0.036,0.082804,0.082804,4.321,7.00,0.038597,-0.072234,-0.000138,-0.010433,-0.034,0.055,1.232,-45.670,0.350,2.723395,-0.039654,-0.000273,0.000000,0.000000,0.000000,0.000000,0.000000,0.000000,1,0.00
0.624000,0.037,0.084798,0.084798,4.321,7.00,0.039482,-0.073018,-0.000148,-0.011631,-0.035,0.057,1.233,-45.666,0.350,2.723440,-0.040087,-0.000282,0.000000,0.000000,0.000000,0.000000,0.000000,0.000000,1,0.00
0.626000,0.037,0.085688,0.085688,4.321,7.00,0.040388,-0.073804,-0.000158,-0.011727,-0.035,0.057,1.235,-45.663,0.350,2.723486,-0.040521,-0.000291,0.000000,0.000000,0.000000,0.000000,0.000000,0.000000,1,0.00
0.628000,0.037,0.086348,0.086348,4.321,7.00,0.041294,-0.074583,-0.000173,-0.011592,-0.036,0.058,1.237,-45.659,0.350,2.723530,-0.040951,-0.000301,0.000000,0.000000,0.000000,0.000000,0.000000,0.000000,1,0.00
0.630000,0.038,0.088784,0.088784,4.321,7.00,0.042195,-0.075355,-0.000181,-0.013248,-0.036,0.059,1.239,-45.656,0.350,2.723571,-0.041377,-0.000310,0.000000,0.000000,0.000000,0.000000,0.000000,0.000000,1,0.00
0.632000,0.038,0.089601,0.089601,4.321,7.00,0.043127,-0.076130,-0.000196,-0.013276,-0.037,0.060,1.240,-45.652,0.350,2.723614,-0.041805,-0.000320,0.000000,0.000000,0.000000,0.000000,0.000000,0.000000,1,0.00
0.634000,0.038,0.090056,0.090056,4.321,7.00,0.044056,-0.076898,-0.000208,-0.012950,-0.037,0.060,1.242,-45.649,0.350,2.723654,-0.042230,-0.000330,0.000000,0.000000,0.000000,0.000000,0.000000,0.000000,1,0.00
0.636000,0.039,0.092936,0.092936,4.321,7.00,0.044976,-0.077659,-0.000214,-0.015064,-0.037,0.062,1.244,-45.645,0.350,2.723689,-0.042650,-0.000340,0.000000,0.000000,0.000000,0.000000,0.000000,0.000000,1,0.00
0.638000,0.039,0.093539,0.093539,4.321,7.00,0.045935,-0.078424,-0.000231,-0.014884,-0.038,0.062,1.245,-45.642,0.350,2.723729,-0.043072,-0.000351,0.000000,0.000000,0.000000,0.000000,0.000000,0.000000,1,0.00
0.640000,0.040,0.093849,0.093849,4.321,7.00,0.046887,-0.079181,-0.000240,-0.014428,-0.038,0.063,1.247,-45.639,0.350,2.723765,-0.043491,-0.000362,0.000000,0.000000,0.000000,0.000000,0.000000,0.000000,1,0.00
0.642000,0.040,0.095393,0.095393,4.321,7.00,0.047827,-0.079928,-0.000251,-0.015214,-0.038,0.064,1.249,-45.635,0.350,2.723795,-0.043905,-0.000372,0.000000,0.000000,0.000000,0.000000,0.000000,0.000000,1,0.00
0.644000,0.040,0.095480,0.095480,4.321,7.00,0.048778,-0.080674,-0.000268,-0.014539,-0.039,0.064,1.251,-45.632,0.350,2.723825,-0.044317,-0.000383,0.000000,0.000000,0.000000,0.000000,0.000000,0.000000,1,0.00
0.646000,0.041,0.094027,0.094027,4.321,7.00,0.049712,-0.081408,-0.000278,-0.012340,-0.039,0.063,1.252,-45.628,0.350,2.723849,-0.044724,-0.000394,0.000000,0.000000,0.000000,0.000000,0.000000,0.000000,1,0.00
0.648000,0.041,0.094603,0.094603,4.321,7.00,0.050598,-0.082124,-0.000297,-0.012182,-0.040,0.063,1.254,-45.625,0.350,2.723861,-0.045120,-0.000405,0.000000,0.000000,0.000000,0.000000,0.000000,0.000000,1,0.00
0.650000,0.041,0.094973,0.094973,4.321,7.00,0.051478,-0.082832,-0.000307,-0.011834,-0.040,0.063,1.256,-45.621,0.350,2.723870,-0.045513,-0.000416,0.000000,0.000000,0.000000,0.000000,0.000000,0.000000,1,0.00
0.652000,0.042,0.095645,0.095645,4.321,7.00,0.052348,-0.083532,-0.000318,-0.011795,-0.040,0.064,1.258,-45.618,0.350,2.723874,-0.045901,-0.000428,0.000000,0.000000,0.000000,0.000000,0.000000,0.000000,1,0.00
0.654000,0.042,0.095776,0.095776,4.321,7.00,0.053214,-0.084225,-0.000342,-0.011209,-0.041,0.064,1.259,-45.614,0.350,2.723875,-0.046285,-0.000439,0.000000,0.000000,0.000000,0.000000,0.000000,0.000000,1,0.00
0.656000,0.042,0.094798,0.094798,4.321,7.00,0.054066,-0.084908,-0.000368,-0.009522,-0.041,0.063,1.261,-45.611,0.350,2.723870,-0.046665,-0.000450,0.000000,0.000000,0.000000,0.000000,0.000000,0.000000,1,0.00
0.658000,0.043,0.095993,0.095993,4.321,7.00,0.054880,-0.085577,-0.000382,-0.010034,-0.041,0.064,1.263,-45.607,0.350,2.723856,-0.047036,-0.000461,0.000000,0.000000,0.000000,0.000000,0.000000,0.000000,1,0.00
0.660000,0.043,0.095464,0.095464,4.321,7.00,0.055702,-0.086241,-0.000399,-0.008823,-0.042,0.064,1.265,-45.604,0.350,2.723841,-0.047405,-0.000472,0.000000,0.000000,0.000000,0.000000,0.000000,0.000000,1,0.00
0.662000,0.043,0.095645,0.095645,4.321,7.00,0.056498,-0.086894,-0.000412,-0.008339,-0.042,0.064,1.266,-45.600,0.350,2.723819,-0.047767,-0.000483,0.000000,0.000000,0.000000,0.000000,0.000000,0.000000,1,0.00
0.664000,0.044,0.096990,0.096990,4.321,7.00,0.057281,-0.087537,-0.000427,-0.009026,-0.042,0.065,1.268,-45.597,0.350,2.723792,-0.048125,-0.000493,0.000000,0.000000,0.000000,0.000000,0.000000,0.000000,1,0.00
0.666000,0.044,0.097864,0.097864,4.321,7.00,0.058075,-0.088179,-0.000448,-0.009237,-0.043,0.065,1.270,-45.593,0.350,2.723765,-0.048482,-0.000504,0.000000,0.000000,0.000000,0.000000,0.000000,0.000000,1,0.00
0.668000,0.044,0.099310,0.099310,4.321,7.00,0.058871,-0.088815,-0.000458,-0.010036,-0.043,0.066,1.272,-45.590,0.350,2.723735,-0.048836,-0.000515,0.000000,0.000000,0.000000,0.000000,0.000000,0.000000,1,0.00
0.670000,0.045,0.099660,0.099660,4.321,7.00,0.059679,-0.089450,-0.000479,-0.009731,-0.043,0.066,1.273,-45.586,0.350,2.723706,-0.049189,-0.000526,0.000000,0.000000,0.000000,0.000000,0.000000,0.000000,1,0.00
0.672000,0.045,0.100120,0.100120,4.321,7.00,0.060479,-0.090078,-0.000492,-0.009550,-0.044,0.067,1.275,-45.583,0.350,2.723673,-0.049539,-0.000536,0.000000,0.000000,0.000000,0.000000,0.000000,0.000000,1,0.00
0.674000,0.045,0.101413,0.101413,4.321,7.00,0.061272,-0.090698,-0.000503,-0.010212,-0.044,0.068,1.277,-45.579,0.350,2.723636,-0.049884,-0.000547,0.000000,0.000000,0.000000,0.000000,0.000000,0.000000,1,0.00
0.676000,0.046,0.101890,0.101890,4.321,7.00,0.062075,-0.091315,-0.000528,-0.010047,-0.044,0.068,1.278,-45.576,0.350,2.723598,-0.050228,-0.000558,0.000000,0.000000,0.000000,0.000000,0.000000,0.000000,1,0.00
0.678000,0.046,0.101829,0.101829,4.321,7.00,0.062871,-0.091926,-0.000541,-0.009363,-0.045,0.068,1.280,-45.572,0.351,2.723557,-0.050568,-0.000569,0.000000,0.000000,0.000000,0.000000,0.000000,0.000000,1,0.00
0.680000,0.046,0.102509,0.102509,4.321,7.00,0.063650,-0.092526,-0.000560,-0.009423,-0.045,0.068,1.282,-45.569,0.351,2.723510,-0.050903,-0.000579,0.000000,0.000000,0.000000,0.000000,0.000000,0.000000,1,0.00
0.682000,0.047,0.102843,0.102843,4.321,7.00,0.064427,-0.093121,-0.000575,-0.009147,-0.045,0.069,1.284,-45.565,0.351,2.723461,-0.051235,-0.000590,0.000000,0.000000,0.000000,0.000000,0.000000,0.000000,1,0.00
0.684000,0.047,0.102381,0.102381,4.321,7.00,0.065196,-0.093708,-0.000594,-0.008079,-0.046,0.068,1.285,-45.562,0.351,2.723407,-0.051562,-0.000601,0.000000,0.000000,0.000000,0.000000,0.000000,0.000000,1,0.00
0.686000,0.047,0.104119,0.104119,4.321,7.00,0.065939,-0.094283,-0.000605,-0.009231,-0.046,0.069,1.287,-45.559,0.351,2.723347,-0.051883,-0.000612,0.000000,0.000000,0.000000,0.000000,0.000000,0.000000,1,0.00
0.688000,0.047,0.104045,0.104045,4.321,7.00,0.066703,-0.094858,-0.000623,-0.008563,-0.046,0.069,1.289,-45.555,0.351,2.723288,-0.052205,-0.000623,0.000000,0.000000,0.000000,0.000000,0.000000,0.000000,1,0.00
0.690000,0.048,0.104340,0.104340,4.321,7.00,0.067450,-0.095424,-0.000647,-0.008269,-0.047,0.070,1.291,-45.552,0.351,2.723224,-0.052521,-0.000633,0.000000,0.000000,0.000000,0.000000,0.000000,0.000000,1,0.00
0.692000,0.048,0.105755,0.105755,4.321,7.00,0.068188,-0.095982,-0.000657,-0.009116,-0.047,0.071,1.292,-45.548,0.351,2.723156,-0.052833,-0.000644,0.000000,0.000000,0.000000,0.000000,0.000000,0.000000,1,0.00
0.694000,0.048,0.106084,0.106084,4.321,7.00,0.068939,-0.096538,-0.000678,-0.008867,-0.047,0.071,1.294,-45.545,0.351,2.723088,-0.053145,-0.000655,0.000000,0.000000,0.000000,0.000000,0.000000,0.000000,1,0.00
0.696000,0.049,0.106565,0.106565,4.321,7.00,0.069682,-0.097087,-0.000691,-0.008787,-0.047,0.071,1.296,-45.541,0.351,2.723017,-0.053452,-0.000666,0.000000,0.000000,0.000000,0.000000,0.000000,0.000000,1,0.00
0.698000,0.049,0.107102,0.107102,4.321,7.00,0.070419,-0.097630,-0.000708,-0.008764,-0.048,0.071,1.298,-45.538,0.351,2.722942,-0.053756,-0.000677,0.000000,0.000000,0.000000,0.000000,0.000000,0.000000,1,0.00
0.700000,0.049,0.098259,0.098259,4.321,7.00,0.071153,-0.098166,0.000000,-0.000093,0.000,0.066,1.299,-45.534,0.351,2.722864,-0.054057,-0.000688,0.000000,0.000000,0.000000,0.000000,0.000000,0.000000,1,0.00
0.702000,0.049,0.101451,0.101451,4.321,7.00,0.071695,-0.098644,-0.000009,-0.002798,0.000,0.068,1.301,-45.531,0.351,2.722749,-0.054326,-0.000698,0.000000,0.000000,0.000000,0.000000,0.000000,0.000000,1,0.00
0.704000,0.050,0.102994,0.102994,4.321,7.00,0.072290,-0.099133,-0.000032,-0.003829,0.000,0.069,1.303,-45.527,0.351,2.722641,-0.054601,-0.000708,0.000000,0.000000,0.000000,0.000000,0.000000,0.000000,1,0.00
0.706000,0.050,0.104685,0.104685,4.321,7.00,0.072905,-0.099622,-0.000053,-0.005010,0.000,0.070,1.305,-45.524,0.351,2.722536,-0.054877,-0.000718,0.000000,0.000000,0.000000,0.000000,0.000000,0.000000,1,0.00
0.708000,0.050,0.106343,0.106343,4.321,7.00,0.073540,-0.100113,-0.000074,-0.006156,-0.049,0.071,1.306,-45.520,0.351,2.722433,-0.055153,-0.000728,0.000000,0.000000,0.000000,0.000000,0.000000,0.000000,1,0.00
0.710000,0.050,0.108689,0.108689,4.321,7.00,0.074196,-0.100605,-0.000087,-0.007997,-0.049,0.072,1.308,-45.517,0.351,2.722332,-0.055430,-0.000738,0.000000,0.000000,0.000000,0.000000,0.000000,0.000000,1,0.00
0.712000,0.051,0.108088,0.108088,4.321,7.00,0.074886,-0.101101,-0.000103,-0.006884,-0.050,0.072,1.310,-45.513,0.351,2.722235,-0.055709,-0.000748,0.000000,0.000000,0.000000,0.000000,0.000000,0.000000,1,0.00
0.714000,0.051,0.108522,0.108522,4.321,7.00,0.075550,-0.101586,-0.000129,-0.006808,-0.050,0.072,1.312,-45.510,0.351,2.722131,-0.055982,-0.000759,0.000000,0.000000,0.000000,0.000000,0.000000,0.000000,1,0.00
0.716000,0.051,0.109871,0.109871,4.321,7.00,0.076209,-0.102064,-0.000141,-0.007667,-0.050,0.073,1.313,-45.506,0.351,2.722024,-0.056251,-0.000769,0.000000,0.000000,0.000000,0.000000,0.000000,0.000000,1,0.00
0.718000,0.051,0.110188,0.110188,4.321,7.00,0.076883,-0.102541,-0.000166,-0.007481,-0.050,0.073,1.315,-45.503,0.351,2.721918,-0.056520,-0.000779,0.000000,0.000000,0.000000,0.000000,0.000000,0.000000,1,0.00
0.720000,0.052,0.110446,0.110446,4.321,7.00,0.077549,-0.103011,-0.000180,-0.007255,-0.051,0.074,1.317,-45.499,0.351,2.721808,-0.056785,-0.000789,0.000000,0.000000,0.000000,0.000000,0.000000,0.000000,1,0.00
0.722000,0.052,0.110516,0.110516,4.321,7.00,0.078207,-0.103474,-0.000201,-0.006841,-0.051,0.074,1.319,-45.496,0.351,2.721695,-0.057047,-0.000800,0.000000,0.000000,0.000000,0.000000,0.000000,0.000000,1,0.00
0.724000,0.052,0.111053,0.111053,4.321,7.00,0.078853,-0.103929,-0.000224,-0.006900,-0.051,0.074,1.320,-45.492,0.351,2.721578,-0.057304,-0.000810,0.000000,0.000000,0.000000,0.000000,0.000000,0.000000,1,0.00
0.726000,0.052,0.110623,0.110623,4.321,7.00,0.079497,-0.104379,-0.000245,-0.006000,-0.051,0.074,1.322,-45.489,0.351,2.721459,-0.057559,-0.000820,0.000000,0.000000,0.000000,0.000000,0.000000,0.000000,1,0.00
0.728000,0.052,0.111747,0.111747,4.321,7.00,0.080119,-0.104818,-0.000259,-0.006671,-0.052,0.074,1.324,-45.486,0.351,2.721333,-0.057807,-0.000830,0.000000,0.000000,0.000000,0.000000,0.000000,0.000000,1,0.00
0.730000,0.053,0.112073,0.112073,4.321,7.00,0.080752,-0.105254,-0.000273,-0.006545,-0.052,0.075,1.326,-45.482,0.351,2.721208,-0.058055,-0.000841,0.000000,0.000000,0.000000,0.000000,0.000000,0.000000,1,0.00
0.732000,0.053,0.112325,0.112325,4.321,7.00,0.081378,-0.105685,-0.000296,-0.006344,-0.052,0.075,1.327,-45.479,0.351,2.721079,-0.058299,-0.000851,0.000000,0.000000,0.000000,0.000000,0.000000,0.000000,1,0.00
0.734000,0.053,0.113363,0.113363,4.321,7.00,0.081997,-0.106108,-0.000310,-0.006944,-0.052,0.076,1.329,-45.475,0.351,2.720948,-0.058540,-0.000861,0.000000,0.000000,0.000000,0.000000,0.000000,0.000000,1,0.00
0.736000,0.053,0.113484,0.113484,4.321,7.00,0.082625,-0.106530,-0.000338,-0.006616,-0.052,0.076,1.331,-45.472,0.351,2.720815,-0.058779,-0.000871,0.000000,0.000000,0.000000,0.000000,0.000000,0.000000,1,0.00
0.738000,0.053,0.113541,0.113541,4.321,7.00,0.083242,-0.106943,-0.000356,-0.006242,-0.053,0.076,1.333,-45.468,0.351,2.720680,-0.059014,-0.000882,0.000000,0.000000,0.000000,0.000000,0.000000,0.000000,1,0.00
0.740000,0.054,0.113012,0.113012,4.321,7.00,0.083848,-0.107349,-0.000391,-0.005271,-0.053,0.075,1.334,-45.465,0.351,2.720540,-0.059245,-0.000892,0.000000,0.000000,0.000000,0.000000,0.000000,0.000000,1,0.00
0.742000,0.054,0.113408,0.113408,4.321,7.00,0.084431,-0.107744,-0.000413,-0.005251,-0.053,0.076,1.336,-45.461,0.351,2.720394,-0.059471,-0.000902,0.000000,0.000000,0.000000,0.000000,0.000000,0.000000,1,0.00
0.744000,0.054,0.113703,0.113703,4.321,7.00,0.085011,-0.108134,-0.000427,-0.005142,-0.053,0.076,1.338,-45.458,0.351,2.720246,-0.059693,-0.000912,0.000000,0.000000,0.000000,0.000000,0.000000,0.000000,1,0.00
0.746000,0.054,0.114313,0.114313,4.321,7.00,0.085585,-0.108517,-0.000448,-0.005349,-0.053,0.076,1.340,-45.454,0.351,2.720095,-0.059912,-0.000922,0.000000,0.000000,0.000000,0.000000,0.000000,0.000000,1,0.00
0.748000,0.054,0.114304,0.114304,4.321,7.00,0.086159,-0.108896,-0.000472,-0.004936,-0.054,0.076,1.341,-45.451,0.351,2.719942,-0.060129,-0.000932,0.000000,0.000000,0.000000,0.000000,0.000000,0.000000,1,0.00
0.750000,0.055,0.115592,0.115592,4.321,7.00,0.086722,-0.109267,-0.000486,-0.005839,-0.054,0.077,1.343,-45.447,0.351,2.719786,-0.060341,-0.000942,0.000000,0.000000,0.000000,0.000000,0.000000,0.000000,1,0.00
0.752000,0.055,0.115840,0.115840,4.321,7.00,0.087299,-0.109638,-0.000511,-0.005691,-0.054,0.077,1.345,-45.444,0.351,2.719630,-0.060554,-0.000952,0.000000,0.000000,0.000000,0.000000,0.000000,0.000000,1,0.00
0.754000,0.055,0.116348,0.116348,4.321,7.00,0.087870,-0.110002,-0.000523,-0.005822,-0.054,0.078,1.347,-45.440,0.351,2.719472,-0.060763,-0.000961,0.000000,0.000000,0.000000,0.000000,0.000000,0.000000,1,0.00
0.756000,0.055,0.117448,0.117448,4.321,7.00,0.088440,-0.110362,-0.000534,-0.006552,-0.054,0.078,1.348,-45.437,0.351,2.719312,-0.060969,-0.000971,0.000000,0.000000,0.000000,0.000000,0.000000,0.000000,1,0.00
0.758000,0.055,0.117886,0.117886,4.321,7.00,0.089020,-0.110720,-0.000556,-0.006610,-0.055,0.079,1.350,-45.433,0.351,2.719151,-0.061175,-0.000981,0.000000,0.000000,0.000000,0.000000,0.000000,0.000000,1,0.00
0.760000,0.056,0.117838,0.117838,4.321,7.00,0.089597,-0.111072,-0.000574,-0.006192,-0.055,0.079,1.352,-45.430,0.351,2.718989,-0.061377,-0.000991,0.000000,0.000000,0.000000,0.000000,0.000000,0.000000,1,0.00
0.762000,0.056,0.118304,0.118304,4.321,7.00,0.090162,-0.111417,-0.000595,-0.006292,-0.055,0.079,1.354,-45.427,0.351,2.718823,-0.061576,-0.001000,0.000000,0.000000,0.000000,0.000000,0.000000,0.000000,1,0.00
0.764000,0.056,0.118573,0.118573,4.321,7.00,0.090725,-0.111756,-0.000608,-0.006209,-0.055,0.079,1.355,-45.423,0.351,2.718654,-0.061771,-0.001010,0.000000,0.000000,0.000000,0.000000,0.000000,0.000000,1,0.00
0.766000,0.056,0.118848,0.118848,4.321,7.00,0.091282,-0.112089,-0.000619,-0.006140,-0.055,0.079,1.357,-45.420,0.351,2.718483,-0.061964,-0.001020,0.000000,0.000000,0.000000,0.000000,0.000000,0.000000,1,0.00
0.768000,0.056,0.119418,0.119418,4.321,7.00,0.091833,-0.112417,-0.000635,-0.006366,-0.056,0.080,1.359,-45.416,0.351,2.718309,-0.062153,-0.001029,0.000000,0.000000,0.000000,0.000000,0.000000,0.000000,1,0.00
0.770000,0.056,0.119490,0.119490,4.321,7.00,0.092385,-0.112739,-0.000657,-0.006094,-0.056,0.080,1.361,-45.413,0.351,2.718133,-0.062340,-0.001039,0.000000,0.000000,0.000000,0.000000,0.000000,0.000000,1,0.00
0.772000,0.057,0.120016,0.120016,4.321,7.00,0.092927,-0.113055,-0.000673,-0.006287,-0.056,0.080,1.362,-45.409,0.351,2.717954,-0.062523,-0.001048,0.000000,0.000000,0.000000,0.000000,0.000000,0.000000,1,0.00
0.774000,0.057,0.119449,0.119449,4.321,7.00,0.093469,-0.113366,-0.000700,-0.005382,-0.056,0.080,1.364,-45.406,0.351,2.717773,-0.062703,-0.001058,0.000000,0.000000,0.000000,0.000000,0.000000,0.000000,1,0.00
0.776000,0.057,0.119152,0.119152,4.321,7.00,0.093988,-0.113667,-0.000717,-0.004768,-0.056,0.079,1.366,-45.402,0.351,2.717587,-0.062878,-0.001067,0.000000,0.000000,0.000000,0.000000,0.000000,0.000000,1,0.00
0.778000,0.057,0.119495,0.119495,4.321,7.00,0.094492,-0.113959,-0.000731,-0.004806,-0.056,0.080,1.368,-45.399,0.351,2.717396,-0.063048,-0.001076,0.000000,0.000000,0.000000,0.000000,0.000000,0.000000,1,0.00
0.780000,0.057,0.119526,0.119526,4.321,7.00,0.094992,-0.114245,-0.000761,-0.004520,-0.057,0.080,1.369,-45.395,0.351,2.717202,-0.063216,-0.001085,0.000000,0.000000,0.000000,0.000000,0.000000,0.000000,1,0.00
0.782000,0.057,0.119742,0.119742,4.321,7.00,0.095482,-0.114525,-0.000777,-0.004441,-0.057,0.080,1.371,-45.392,0.351,2.717006,-0.063379,-0.001094,0.000000,0.000000,0.000000,0.000000,0.000000,0.000000,1,0.00
0.784000,0.057,0.120032,0.120032,4.321,7.00,0.095968,-0.114799,-0.000801,-0.004432,-0.057,0.080,1.373,-45.388,0.351,2.716807,-0.063540,-0.001103,0.000000,0.000000,0.000000,0.000000,0.000000,0.000000,1,0.00
0.786000,0.058,0.120044,0.120044,4.321,7.00,0.096449,-0.115068,-0.000821,-0.004155,-0.057,0.080,1.375,-45.385,0.351,2.716606,-0.063698,-0.001112,0.000000,0.000000,0.000000,0.000000,0.000000,0.000000,1,0.00
0.788000,0.058,0.119858,0.119858,4.321,7.00,0.096921,-0.115329,-0.000843,-0.003685,-0.057,0.080,1.376,-45.381,0.351,2.716402,-0.063852,-0.001120,0.000000,0.000000,0.000000,0.000000,0.000000,0.000000,1,0.00
0.790000,0.058,0.120579,0.120579,4.321,7.00,0.097379,-0.115584,-0.000858,-0.004138,-0.057,0.080,1.378,-45.378,0.351,2.716193,-0.064002,-0.001129,0.000000,0.000000,0.000000,0.000000,0.000000,0.000000,1,0.00
0.792000,0.058,0.121252,0.121252,4.321,7.00,0.097843,-0.115835,-0.000868,-0.004549,-0.057,0.081,1.380,-45.375,0.351,2.715985,-0.064150,-0.001137,0.000000,0.000000,0.000000,0.000000,0.000000,0.000000,1,0.00
0.794000,0.058,0.121382,0.121382,4.321,7.00,0.098312,-0.116084,-0.000897,-0.004402,-0.058,0.081,1.382,-45.371,0.351,2.715775,-0.064297,-0.001145,0.000000,0.000000,0.000000,0.000000,0.000000,0.000000,1,0.00
0.796000,0.058,0.121613,0.121613,4.321,7.00,0.098773,-0.116326,-0.000916,-0.004371,-0.058,0.081,1.384,-45.368,0.351,2.715564,-0.064440,-0.001153,0.000000,0.000000,0.000000,0.000000,0.000000,0.000000,1,0.00
0.798000,0.058,0.121793,0.121793,4.321,7.00,0.099230,-0.116563,-0.000938,-0.004292,-0.058,0.081,1.385,-45.364,0.351,2.715350,-0.064581,-0.001161,0.000000,0.000000,0.000000,0.000000,0.000000,0.000000,1,0.00
0.800000,0.058,0.116904,0.116904,4.321,7.00,0.099681,-0.116794,0.000000,-0.000109,0.000,0.078,1.387,-45.361,0.351,2.715133,-0.064719,-0.001169,0.000000,0.000000,0.000000,0.000000,0.000000,0.000000,1,0.00
0.802000,0.058,0.117598,0.117598,4.321,7.00,0.100026,-0.116993,-0.000025,-0.000581,0.000,0.078,1.389,-45.357,0.351,2.714895,-0.064838,-0.001177,0.000000,0.000000,0.000000,0.000000,0.000000,0.000000,1,0.00
0.804000,0.059,0.118524,0.118524,4.321,7.00,0.100377,-0.117189,-0.000041,-0.001294,0.000,0.079,1.391,-45.354,0.351,2.714658,-0.064957,-0.001184,0.000000,0.000000,0.000000,0.000000,0.000000,0.000000,1,0.00
0.806000,0.059,0.119241,0.119241,4.321,7.00,0.100740,-0.117385,-0.000064,-0.001792,0.000,0.079,1.392,-45.350,0.351,2.714421,-0.065075,-0.001191,0.000000,0.000000,0.000000,0.000000,0.000000,0.000000,1,0.00
0.808000,0.059,0.120590,0.120590,4.321,7.00,0.101110,-0.117579,-0.000074,-0.002937,-0.058,0.080,1.394,-45.347,0.351,2.714185,-0.065193,-0.001198,0.000000,0.000000,0.000000,0.000000,0.000000,0.000000,1,0.00
0.810000,0.059,0.121767,0.121767,4.321,7.00,0.101500,-0.117775,-0.000084,-0.003907,-0.058,0.081,1.396,-45.343,0.351,2.713952,-0.065311,-0.001205,0.000000,0.000000,0.000000,0.000000,0.000000,0.000000,1,0.00
0.812000,0.059,0.122503,0.122503,4.321,7.00,0.101905,-0.117971,-0.000096,-0.004435,-0.059,0.082,1.398,-45.340,0.351,2.713720,-0.065429,-0.001212,0.000000,0.000000,0.000000,0.000000,0.000000,0.000000,1,0.00
0.814000,0.059,0.122527,0.122527,4.321,7.00,0.102317,-0.118165,-0.000118,-0.004245,-0.059,0.082,1.399,-45.336,0.351,2.713488,-0.065546,-0.001218,0.000000,0.000000,0.000000,0.000000,0.000000,0.000000,1,0.00
0.816000,0.059,0.122853,0.122853,4.321,7.00,0.102721,-0.118353,-0.000136,-0.004365,-0.059,0.082,1.401,-45.333,0.351,2.713253,-0.065660,-0.001225,0.000000,0.000000,0.000000,0.000000,0.000000,0.000000,1,0.00
0.818000,0.059,0.122975,0.122975,4.321,7.00,0.103124,-0.118536,-0.000146,-0.004293,-0.059,0.082,1.403,-45.329,0.351,2.713017,-0.065772,-0.001232,0.000000,0.000000,0.000000,0.000000,0.000000,0.000000,1,0.00
0.820000,0.059,0.122505,0.122505,4.321,7.00,0.103521,-0.118714,-0.000172,-0.003619,-0.059,0.082,1.405,-45.326,0.351,2.712779,-0.065880,-0.001239,0.000000,0.000000,0.000000,0.000000,0.000000,0.000000,1,0.00
0.822000,0.059,0.122612,0.122612,4.321,7.00,0.103900,-0.118883,-0.000183,-0.003546,-0.059,0.082,1.407,-45.323,0.351,2.712536,-0.065984,-0.001245,0.000000,0.000000,0.000000,0.000000,0.000000,0.000000,1,0.00
0.824000,0.060,0.122757,0.122757,4.321,7.00,0.104275,-0.119047,-0.000203,-0.003507,-0.059,0.082,1.408,-45.319,0.351,2.712291,-0.066085,-0.001252,0.000000,0.000000,0.000000,0.000000,0.000000,0.000000,1,0.00
0.826000,0.060,0.122719,0.122719,4.321,7.00,0.104644,-0.119205,-0.000227,-0.003287,-0.059,0.082,1.410,-45.316,0.351,2.712044,-0.066183,-0.001258,0.000000,0.000000,0.000000,0.000000,0.000000,0.000000,1,0.00
0.828000,0.060,0.122294,0.122294,4.321,7.00,0.105006,-0.119358,-0.000246,-0.002690,-0.059,0.082,1.412,-45.312,0.351,2.711794,-0.066278,-0.001265,0.000000,0.000000,0.000000,0.000000,0.000000,0.000000,1,0.00
0.830000,0.060,0.122327,0.122327,4.321,7.00,0.105352,-0.119502,-0.000279,-0.002546,-0.059,0.082,1.414,-45.309,0.351,2.711541,-0.066369,-0.001271,0.000000,0.000000,0.000000,0.000000,0.000000,0.000000,1,0.00
0.832000,0.060,0.121813,0.121813,4.321,7.00,0.105691,-0.119641,-0.000314,-0.001858,-0.060,0.081,1.415,-45.305,0.351,2.711285,-0.066456,-0.001277,0.000000,0.000000,0.000000,0.000000,0.000000,0.000000,1,0.00
0.834000,0.060,0.121710,0.121710,4.321,7.00,0.106014,-0.119772,-0.000351,-0.001587,-0.060,0.081,1.417,-45.302,0.351,2.711025,-0.066539,-0.001283,0.000000,0.000000,0.000000,0.000000,0.000000,0.000000,1,0.00
0.836000,0.060,0.121792,0.121792,4.321,7.00,0.106327,-0.119896,-0.000373,-0.001523,-0.060,0.081,1.419,-45.298,0.351,2.710762,-0.066619,-0.001289,0.000000,0.000000,0.000000,0.000000,0.000000,0.000000,1,0.00
0.838000,0.060,0.121796,0.121796,4.321,7.00,0.106637,-0.120016,-0.000394,-0.001385,-0.060,0.081,1.421,-45.295,0.351,2.710498,-0.066696,-0.001295,0.000000,0.000000,0.000000,0.000000,0.000000,0.000000,1,0.00
0.840000,0.060,0.121907,0.121907,4.321,7.00,0.106940,-0.120131,-0.000424,-0.001352,-0.060,0.081,1.423,-45.291,0.351,2.710232,-0.066771,-0.001300,0.000000,0.000000,0.000000,0.000000,0.000000,0.000000,1,0.00
0.842000,0.060,0.122138,0.122138,4.321,7.00,0.107239,-0.120241,-0.000444,-0.001454,-0.060,0.081,1.424,-45.288,0.351,2.709964,-0.066842,-0.001306,0.000000,0.000000,0.000000,0.000000,0.000000,0.000000,1,0.00
0.844000,0.060,0.122324,0.122324,4.321,7.00,0.107537,-0.120347,-0.000468,-0.001509,-0.060,0.082,1.426,-45.285,0.351,2.709694,-0.066912,-0.001311,0.000000,0.000000,0.000000,0.000000,0.000000,0.000000,1,0.00
0.846000,0.060,0.122314,0.122314,4.321,7.00,0.107833,-0.120449,-0.000500,-0.001366,-0.060,0.082,1.428,-45.281,0.351,2.709424,-0.066979,-0.001316,0.000000,0.000000,0.000000,0.000000,0.000000,0.000000,1,0.00
0.848000,0.060,0.122452,0.122452,4.321,7.00,0.108123,-0.120545,-0.000516,-0.001391,-0.060,0.082,1.430,-45.278,0.351,2.709151,-0.067044,-0.001322,0.000000,0.000000,0.000000,0.000000,0.000000,0.000000,1,0.00
0.850000,0.060,0.122524,0.122524,4.321,7.00,0.108409,-0.120637,-0.000548,-0.001339,-0.060,0.082,1.432,-45.274,0.351,2.708877,-0.067106,-0.001327,0.000000,0.000000,0.000000,0.000000,0.000000,0.000000,1,0.00
0.852000,0.060,0.122560,0.122560,4.321,7.00,0.108691,-0.120725,-0.000567,-0.001268,-0.060,0.082,1.433,-45.271,0.351,2.708601,-0.067165,-0.001331,0.000000,0.000000,0.000000,0.000000,0.000000,0.000000,1,0.00
0.854000,0.060,0.122589,0.122589,4.321,7.00,0.108969,-0.120808,-0.000594,-0.001187,-0.060,0.082,1.435,-45.267,0.351,2.708324,-0.067222,-0.001336,0.000000,0.000000,0.000000,0.000000,0.000000,0.000000,1,0.00
0.856000,0.060,0.122707,0.122707,4.321,7.00,0.109241,-0.120886,-0.000617,-0.001205,-0.060,0.082,1.437,-45.264,0.351,2.708045,-0.067277,-0.001341,0.000000,0.000000,0.000000,0.000000,0.000000,0.000000,1,0.00
0.858000,0.060,0.122604,0.122604,4.321,7.00,0.109511,-0.120959,-0.000645,-0.001000,-0.060,0.082,1.439,-45.260,0.351,2.707764,-0.067328,-0.001345,0.000000,0.000000,0.000000,0.000000,0.000000,0.000000,1,0.00
0.860000,0.061,0.122763,0.122763,4.321,7.00,0.109772,-0.121027,-0.000661,-0.001075,-0.060,0.082,1.440,-45.257,0.351,2.707481,-0.067377,-0.001350,0.000000,0.000000,0.000000,0.000000,0.000000,0.000000,1,0.00
0.862000,0.061,0.122775,0.122775,4.321,7.00,0.110032,-0.121092,-0.000681,-0.001003,-0.060,0.082,1.442,-45.253,0.351,2.707197,-0.067424,-0.001354,0.000000,0.000000,0.000000,0.000000,0.000000,0.000000,1,0.00
0.864000,0.061,0.122940,0.122940,4.321,7.00,0.110287,-0.121151,-0.000693,-0.001096,-0.060,0.082,1.444,-45.250,0.351,2.706912,-0.067468,-0.001358,0.000000,0.000000,0.000000,0.000000,0.000000,0.000000,1,0.00
0.866000,0.061,0.122937,0.122937,4.321,7.00,0.110540,-0.121206,-0.000721,-0.001010,-0.060,0.082,1.446,-45.247,0.351,2.706625,-0.067510,-0.001362,0.000000,0.000000,0.000000,0.000000,0.000000,0.000000,1,0.00
0.868000,0.061,0.122991,0.122991,4.321,7.00,0.110788,-0.121257,-0.000743,-0.000991,-0.061,0.082,1.448,-45.243,0.351,2.706336,-0.067549,-0.001366,0.000000,0.000000,0.000000,0.000000,0.000000,0.000000,1,0.00
0.870000,0.061,0.123019,0.123019,4.321,7.00,0.111032,-0.121303,-0.000756,-0.000960,-0.061,0.082,1.449,-45.240,0.351,2.706046,-0.067586,-0.001370,0.000000,0.000000,0.000000,0.000000,0.000000,0.000000,1,0.00
0.872000,0.061,0.122975,0.122975,4.321,7.00,0.111272,-0.121345,-0.000787,-0.000844,-0.061,0.082,1.451,-45.236,0.351,2.705755,-0.067621,-0.001374,0.000000,0.000000,0.000000,0.000000,0.000000,0.000000,1,0.00
0.874000,0.061,0.122853,0.122853,4.321,7.00,0.111506,-0.121382,-0.000809,-0.000663,-0.061,0.082,1.453,-45.233,0.351,2.705461,-0.067652,-0.001378,0.000000,0.000000,0.000000,0.000000,0.000000,0.000000,1,0.00
0.876000,0.061,0.122862,0.122862,4.321,7.00,0.111733,-0.121413,-0.000835,-0.000614,-0.061,0.082,1.455,-45.229,0.351,2.705166,-0.067681,-0.001381,0.000000,0.000000,0.000000,0.000000,0.000000,0.000000,1,0.00
0.878000,0.061,0.122859,0.122859,4.321,7.00,0.111955,-0.121440,-0.000853,-0.000567,-0.061,0.082,1.457,-45.226,0.351,2.704869,-0.067708,-0.001385,0.000000,0.000000,0.000000,0.000000,0.000000,0.000000,1,0.00
0.880000,0.061,0.122737,0.122737,4.321,7.00,0.112174,-0.121462,-0.000884,-0.000390,-0.061,0.082,1.458,-45.222,0.351,2.704571,-0.067731,-0.001388,0.000000,0.000000,0.000000,0.000000,0.000000,0.000000,1,0.00
0.882000,0.061,0.122742,0.122742,4.321,7.00,0.112385,-0.121480,-0.000907,-0.000355,-0.061,0.082,1.460,-45.219,0.351,2.704270,-0.067752,-0.001392,0.000000,0.000000,0.000000,0.000000,0.000000,0.000000,1,0.00
0.884000,0.061,0.122711,0.122711,4.321,7.00,0.112592,-0.121493,-0.000932,-0.000287,-0.061,0.082,1.462,-45.215,0.351,2.703969,-0.067771,-0.001395,0.000000,0.000000,0.000000,0.000000,0.000000,0.000000,1,0.00
0.886000,0.061,0.122692,0.122692,4.321,7.00,0.112794,-0.121501,-0.000954,-0.000237,-0.061,0.082,1.464,-45.212,0.351,2.703665,-0.067787,-0.001398,0.000000,0.000000,0.000000,0.000000,0.000000,0.000000,1,0.00
0.888000,0.061,0.122640,0.122640,4.321,7.00,0.112992,-0.121505,-0.000982,-0.000153,-0.061,0.082,1.466,-45.209,0.351,2.703361,-0.067801,-0.001401,0.000000,0.000000,0.000000,0.000000,0.000000,0.000000,1,0.00
0.890000,0.061,0.122613,0.122613,4.321,7.00,0.113185,-0.121504,-0.001000,-0.000108,-0.061,0.082,1.467,-45.205,0.351,2.703054,-0.067812,-0.001403,0.000000,0.000000,0.000000,0.000000,0.000000,0.000000,1,0.00
0.892000,0.061,0.122584,0.122584,4.321,7.00,0.113374,-0.121500,-0.001032,-0.000052,-0.061,0.082,1.469,-45.202,0.351,2.702747,-0.067821,-0.001406,0.000000,0.000000,0.000000,0.000000,0.000000,0.000000,1,0.00
0.894000,0.061,0.122540,0.122540,4.321,7.00,0.113558,-0.121490,-0.001055,0.000005,-0.061,0.082,1.471,-45.198,0.351,2.702438,-0.067827,-0.001409,0.000000,0.000000,0.000000,0.000000,0.000000,0.000000,1,0.00
0.896000,0.061,0.122502,0.122502,4.321,7.00,0.113738,-0.121477,-0.001083,0.000057,-0.061,0.082,1.473,-45.195,0.351,2.702127,-0.067831,-0.001411,0.000000,0.000000,0.000000,0.000000,0.000000,0.000000,1,0.00
0.898000,0.061,0.122449,0.122449,4.321,7.00,0.113913,-0.121459,-0.001105,0.000115,-0.061,0.082,1.475,-45.191,0.351,2.701815,-0.067833,-0.001414,0.000000,0.000000,0.000000,0.000000,0.000000,0.000000,1,0.00
0.900000,0.061,0.121548,0.121548,4.321,7.00,0.114084,-0.121436,0.000000,-0.000112,0.000,0.081,1.476,-45.188,0.351,2.701502,-0.067832,-0.001416,0.000000,0.000000,0.000000,0.000000,0.000000,0.000000,1,0.00
0.902000,0.061,0.121427,0.121427,4.321,7.00,0.114233,-0.121405,-0.000018,-0.000005,0.000,0.081,1.478,-45.184,0.351,2.701185,-0.067826,-0.001418,0.000000,0.000000,0.000000,0.000000,0.000000,0.000000,1,0.00
0.904000,0.061,0.121360,0.121360,4.321,7.00,0.114377,-0.121370,-0.000051,0.000060,0.000,0.081,1.480,-45.181,0.351,2.700865,-0.067818,-0.001420,0.000000,0.000000,0.000000,0.000000,0.000000,0.000000,1,0.00
0.906000,0.061,0.121252,0.121252,4.321,7.00,0.114517,-0.121330,-0.000076,0.000155,0.000,0.081,1.482,-45.178,0.351,2.700545,-0.067808,-0.001421,0.000000,0.000000,0.000000,0.000000,0.000000,0.000000,1,0.00
0.908000,0.061,0.121186,0.121186,4.321,7.00,0.114651,-0.121286,-0.000118,0.000218,-0.061,0.081,1.484,-45.174,0.351,2.700223,-0.067795,-0.001423,0.000000,0.000000,0.000000,0.000000,0.000000,0.000000,1,0.00
0.910000,0.061,0.120947,0.120947,4.321,7.00,0.114782,-0.121238,-0.000146,0.000436,-0.061,0.081,1.485,-45.171,0.351,2.699900,-0.067780,-0.001424,0.000000,0.000000,0.000000,0.000000,0.000000,0.000000,1,0.00
0.912000,0.061,0.120846,0.120846,4.321,7.00,0.114905,-0.121185,-0.000164,0.000503,-0.061,0.081,1.487,-45.167,0.351,2.699576,-0.067762,-0.001426,0.000000,0.000000,0.000000,0.000000,0.000000,0.000000,1,0.00
0.914000,0.061,0.120707,0.120707,4.321,7.00,0.115024,-0.121128,-0.000185,0.000606,-0.061,0.080,1.489,-45.164,0.351,2.699250,-0.067742,-0.001427,0.000000,0.000000,0.000000,0.000000,0.000000,0.000000,1,0.00
0.916000,0.061,0.120656,0.120656,4.321,7.00,0.115138,-0.121067,-0.000217,0.000627,-0.061,0.080,1.491,-45.160,0.351,2.698923,-0.067719,-0.001428,0.000000,0.000000,0.000000,0.000000,0.000000,0.000000,1,0.00
0.918000,0.061,0.120440,0.120440,4.321,7.00,0.115248,-0.121001,-0.000234,0.000796,-0.061,0.080,1.493,-45.157,0.351,2.698595,-0.067694,-0.001429,0.000000,0.000000,0.000000,0.000000,0.000000,0.000000,1,0.00
0.920000,0.060,0.120382,0.120382,4.321,7.00,0.115352,-0.120932,-0.000267,0.000817,-0.061,0.080,1.495,-45.153,0.351,2.698265,-0.067667,-0.001430,0.000000,0.000000,0.000000,0.000000,0.000000,0.000000,1,0.00
0.922000,0.060,0.120258,0.120258,4.321,7.00,0.115452,-0.120858,-0.000285,0.000885,-0.061,0.080,1.496,-45.150,0.351,2.697934,-0.067638,-0.001430,0.000000,0.000000,0.000000,0.000000,0.000000,0.000000,1,0.00
0.924000,0.060,0.120052,0.120052,4.321,7.00,0.115549,-0.120781,-0.000300,0.001029,-0.061,0.080,1.498,-45.147,0.351,2.697603,-0.067606,-0.001431,0.000000,0.000000,0.000000,0.000000,0.000000,0.000000,1,0.00
0.926000,0.060,0.119851,0.119851,4.321,7.00,0.115639,-0.120699,-0.000320,0.001167,-0.061,0.080,1.500,-45.143,0.351,2.697269,-0.067572,-0.001431,0.000000,0.000000,0.000000,0.000000,0.000000,0.000000,1,0.00
0.928000,0.060,0.119814,0.119814,4.321,7.00,0.115723,-0.120613,-0.000345,0.001143,-0.060,0.080,1.502,-45.140,0.351,2.696935,-0.067536,-0.001431,0.000000,0.000000,0.000000,0.000000,0.000000,0.000000,1,0.00
0.930000,0.060,0.119589,0.119589,4.321,7.00,0.115805,-0.120523,-0.000364,0.001297,-0.060,0.080,1.504,-45.136,0.351,2.696599,-0.067497,-0.001431,0.000000,0.000000,0.000000,0.000000,0.000000,0.000000,1,0.00
0.932000,0.060,0.119493,0.119493,4.321,7.00,0.115880,-0.120429,-0.000385,0.001321,-0.060,0.080,1.505,-45.133,0.351,2.696263,-0.067456,-0.001431,0.000000,0.000000,0.000000,0.000000,0.000000,0.000000,1,0.00
0.934000,0.060,0.119170,0.119170,4.321,7.00,0.115953,-0.120331,-0.000396,0.001557,-0.060,0.079,1.507,-45.129,0.351,2.695925,-0.067413,-0.001431,0.000000,0.000000,0.000000,0.000000,0.000000,0.000000,1,0.00
0.936000,0.060,0.119156,0.119156,4.321,7.00,0.116017,-0.120228,-0.000427,0.001500,-0.060,0.079,1.509,-45.126,0.351,2.695586,-0.067368,-0.001431,0.000000,0.000000,0.000000,0.000000,0.000000,0.000000,1,0.00
0.938000,0.060,0.118978,0.118978,4.321,7.00,0.116080,-0.120123,-0.000448,0.001593,-0.060,0.079,1.511,-45.122,0.351,2.695246,-0.067320,-0.001431,0.000000,0.000000,0.000000,0.000000,0.000000,0.000000,1,0.00
0.940000,0.060,0.118931,0.118931,4.321,7.00,0.116138,-0.120013,-0.000475,0.001557,-0.060,0.079,1.513,-45.119,0.351,2.694906,-0.067270,-0.001430,0.000000,0.000000,0.000000,0.000000,0.000000,0.000000,1,0.00
0.942000,0.060,0.118671,0.118671,4.321,7.00,0.116194,-0.119900,-0.000491,0.001719,-0.060,0.079,1.515,-45.116,0.351,2.694564,-0.067219,-0.001430,0.000000,0.000000,0.000000,0.000000,0.000000,0.000000,1,0.00
0.944000,0.060,0.118908,0.118908,4.321,7.00,0.116243,-0.119782,-0.000522,0.001397,-0.060,0.079,1.516,-45.112,0.351,2.694221,-0.067165,-0.001429,0.000000,0.000000,0.000000,0.000000,0.000000,0.000000,1,0.00
0.946000,0.060,0.118653,0.118653,4.321,7.00,0.116296,-0.119663,-0.000542,0.001552,-0.060,0.079,1.518,-45.109,0.351,2.693879,-0.067110,-0.001428,0.000000,0.000000,0.000000,0.000000,0.000000,0.000000,1,0.00
0.948000,0.060,0.118573,0.118573,4.321,7.00,0.116344,-0.119539,-0.000569,0.001535,-0.060,0.079,1.520,-45.105,0.351,2.693536,-0.067052,-0.001428,0.000000,0.000000,0.000000,0.000000,0.000000,0.000000,1,0.00
0.950000,0.060,0.118363,0.118363,4.321,7.00,0.116388,-0.119412,-0.000590,0.001640,-0.060,0.079,1.522,-45.102,0.351,2.693192,-0.066993,-0.001427,0.000000,0.000000,0.000000,0.000000,0.000000,0.000000,1,0.00
0.952000,0.060,0.118424,0.118424,4.321,7.00,0.116428,-0.119282,-0.000620,0.001477,-0.060,0.079,1.524,-45.098,0.351,2.692847,-0.066931,-0.001426,0.000000,0.000000,0.000000,0.000000,0.000000,0.000000,1,0.00
0.954000,0.060,0.118027,0.118027,4.321,7.00,0.116468,-0.119148,-0.000635,0.001756,-0.060,0.079,1.525,-45.095,0.351,2.692502,-0.066868,-0.001425,0.000000,0.000000,0.000000,0.000000,0.000000,0.000000,1,0.00
0.956000,0.060,0.118019,0.118019,4.321,7.00,0.116499,-0.119009,-0.000668,0.001658,-0.060,0.079,1.527,-45.092,0.351,2.692155,-0.066802,-0.001423,0.000000,0.000000,0.000000,0.000000,0.000000,0.000000,1,0.00
0.958000,0.059,0.117756,0.117756,4.321,7.00,0.116529,-0.118868,-0.000687,0.001800,-0.060,0.079,1.529,-45.088,0.351,2.691808,-0.066734,-0.001422,0.000000,0.000000,0.000000,0.000000,0.000000,0.000000,1,0.00
0.960000,0.059,0.117665,0.117665,4.321,7.00,0.116554,-0.118723,-0.000714,0.001772,-0.060,0.078,1.531,-45.085,0.351,2.691459,-0.066665,-0.001421,0.000000,0.000000,0.000000,0.000000,0.000000,0.000000,1,0.00
0.962000,0.059,0.117437,0.117437,4.321,7.00,0.116576,-0.118574,-0.000738,0.001875,-0.060,0.078,1.533,-45.081,0.351,2.691110,-0.066593,-0.001420,0.000000,0.000000,0.000000,0.000000,0.000000,0.000000,1,0.00
0.964000,0.059,0.117176,0.117176,4.321,7.00,0.116593,-0.118421,-0.000753,0.001998,-0.060,0.078,1.535,-45.078,0.351,2.690760,-0.066519,-0.001418,0.000000,0.000000,0.000000,0.000000,0.000000,0.000000,1,0.00
0.966000,0.059,0.117000,0.117000,4.321,7.00,0.116605,-0.118264,-0.000783,0.002047,-0.059,0.078,1.536,-45.074,0.351,2.690409,-0.066443,-0.001416,0.000000,0.000000,0.000000,0.000000,0.000000,0.000000,1,0.00
0.968000,0.059,0.116806,0.116806,4.321,7.00,0.116613,-0.118104,-0.000803,0.002100,-0.059,0.078,1.538,-45.071,0.351,2.690058,-0.066364,-0.001415,0.000000,0.000000,0.000000,0.000000,0.000000,0.000000,1,0.00
0.970000,0.059,0.116303,0.116303,4.321,7.00,0.116617,-0.117940,-0.000817,0.002454,-0.059,0.078,1.540,-45.068,0.351,2.689705,-0.066284,-0.001413,0.000000,0.000000,0.000000,0.000000,0.000000,0.000000,1,0.00
0.972000,0.059,0.115934,0.115934,4.321,7.00,0.116610,-0.117771,-0.000834,0.002671,-0.059,0.077,1.542,-45.064,0.351,2.689351,-0.066201,-0.001411,0.000000,0.000000,0.000000,0.000000,0.000000,0.000000,1,0.00
0.974000,0.059,0.115674,0.115674,4.321,7.00,0.116597,-0.117597,-0.000848,0.002771,-0.059,0.077,1.544,-45.061,0.351,2.688995,-0.066115,-0.001409,0.000000,0.000000,0.000000,0.000000,0.000000,0.000000,1,0.00
0.976000,0.059,0.115366,0.115366,4.321,7.00,0.116578,-0.117420,-0.000871,0.002925,-0.059,0.077,1.546,-45.057,0.351,2.688638,-0.066027,-0.001407,0.000000,0.000000,0.000000,0.000000,0.000000,0.000000,1,0.00
0.978000,0.059,0.115328,0.115328,4.321,7.00,0.116554,-0.117238,-0.000900,0.002811,-0.059,0.077,1.547,-45.054,0.351,2.688281,-0.065937,-0.001405,0.000000,0.000000,0.000000,0.000000,0.000000,0.000000,1,0.00
0.980000,0.059,0.115122,0.115122,4.321,7.00,0.116530,-0.117055,-0.000915,0.002848,-0.059,0.077,1.549,-45.050,0.351,2.687923,-0.065845,-0.001402,0.000000,0.000000,0.000000,0.000000,0.000000,0.000000,1,0.00
0.982000,0.058,0.115190,0.115190,4.321,7.00,0.116501,-0.116867,-0.000946,0.002623,-0.059,0.077,1.551,-45.047,0.351,2.687565,-0.065752,-0.001400,0.000000,0.000000,0.000000,0.000000,0.000000,0.000000,1,0.00
0.984000,0.058,0.115279,0.115279,4.321,7.00,0.116475,-0.116678,-0.000969,0.002368,-0.059,0.077,1.553,-45.043,0.351,2.687207,-0.065657,-0.001398,0.000000,0.000000,0.000000,0.000000,0.000000,0.000000,1,0.00
0.986000,0.058,0.114885,0.114885,4.321,7.00,0.116451,-0.116487,-0.000986,0.002587,-0.059,0.077,1.555,-45.040,0.351,2.686850,-0.065561,-0.001395,0.000000,0.000000,0.000000,0.000000,0.000000,0.000000,1,0.00
0.988000,0.058,0.114842,0.114842,4.321,7.00,0.116420,-0.116291,-0.001030,0.002479,-0.059,0.077,1.557,-45.037,0.351,2.686492,-0.065463,-0.001392,0.000000,0.000000,0.000000,0.000000,0.000000,0.000000,1,0.00
0.990000,0.058,0.114412,0.114412,4.321,7.00,0.116388,-0.116093,-0.001042,0.002723,-0.058,0.076,1.559,-45.033,0.351,2.686133,-0.065363,-0.001390,0.000000,0.000000,0.000000,0.000000,0.000000,0.000000,1,0.00
0.992000,0.058,0.114221,0.114221,4.321,7.00,0.116349,-0.115891,-0.001073,0.002743,-0.058,0.076,1.560,-45.030,0.351,2.685773,-0.065260,-0.001387,0.000000,0.000000,0.000000,0.000000,0.000000,0.000000,1,0.00
0.994000,0.058,0.113878,0.113878,4.321,7.00,0.116306,-0.115685,-0.001092,0.002899,-0.058,0.076,1.562,-45.026,0.351,2.685413,-0.065156,-0.001384,0.000000,0.000000,0.000000,0.000000,0.000000,0.000000,1,0.00
0.996000,0.058,0.113921,0.113921,4.321,7.00,0.116258,-0.115475,-0.001119,0.002673,-0.058,0.076,1.564,-45.023,0.351,2.685052,-0.065050,-0.001381,0.000000,0.000000,0.000000,0.000000,0.000000,0.000000,1,0.00
0.998000,0.058,0.113199,0.113199,4.321,7.00,0.116211,-0.115263,-0.001134,0.003198,-0.058,0.075,1.566,-45.019,0.351,2.684691,-0.064942,-0.001378,0.000000,0.000000,0.000000,0.000000,0.000000,0.000000,1,0.00
1.000000,0.058,0.115149,0.115149,4.321,7.00,0.116151,-0.115046,0.000000,-0.000104,0.000,0.077,1.568,-45.016,0.351,2.684328,-0.064831,-0.001375,0.000000,0.000000,0.000000,0.000000,0.000000,0.000000,1,0.00
1.002000,0.057,0.114347,0.114347,4.321,7.00,0.116131,-0.114836,-0.000020,0.000508,0.000,0.076,1.570,-45.013,0.351,2.683972,-0.064724,-0.001372,0.000000,0.000000,0.000000,0.000000,0.000000,0.000000,1,0.00
1.004000,0.057,0.113651,0.113651,4.321,7.00,0.116095,-0.114619,-0.000044,0.001012,0.000,0.076,1.571,-45.009,0.351,2.683614,-0.064614,-0.001369,0.000000,0.000000,0.000000,0.000000,0.000000,0.000000,1,0.00
1.006000,0.057,0.112797,0.112797,4.321,7.00,0.116046,-0.114397,-0.000064,0.001663,0.000,0.075,1.573,-45.006,0.351,2.683253,-0.064500,-0.001365,0.000000,0.000000,0.000000,0.000000,0.000000,0.000000,1,0.00
1.008000,0.057,0.112116,0.112116,4.321,7.00,0.115981,-0.114168,-0.000091,0.002144,-0.058,0.075,1.575,-45.002,0.351,2.682890,-0.064382,-0.001362,0.000000,0.000000,0.000000,0.000000,0.000000,0.000000,1,0.00
1.010000,0.057,0.110900,0.110900,4.321,7.00,0.115904,-0.113934,-0.000106,0.003140,-0.057,0.074,1.577,-44.999,0.351,2.682524,-0.064262,-0.001359,0.000000,0.000000,0.000000,0.000000,0.000000,0.000000,1,0.00
1.012000,0.057,0.110820,0.110820,4.321,7.00,0.115804,-0.113691,-0.000135,0.003006,-0.057,0.074,1.579,-44.995,0.351,2.682154,-0.064137,-0.001355,0.000000,0.000000,0.000000,0.000000,0.000000,0.000000,1,0.00
1.014000,0.057,0.110357,0.110357,4.321,7.00,0.115704,-0.113446,-0.000154,0.003243,-0.057,0.074,1.581,-44.992,0.351,2.681785,-0.064010,-0.001351,0.000000,0.000000,0.000000,0.000000,0.000000,0.000000,1,0.00
1.016000,0.057,0.110270,0.110270,4.321,7.00,0.115597,-0.113197,-0.000181,0.003108,-0.057,0.074,1.583,-44.989,0.351,2.681415,-0.063881,-0.001347,0.000000,0.000000,0.000000,0.000000,0.000000,0.000000,1,0.00
1.018000,0.056,0.109804,0.109804,4.321,7.00,0.115491,-0.112946,-0.000201,0.003343,-0.057,0.073,1.584,-44.985,0.351,2.681045,-0.063751,-0.001344,0.000000,0.000000,0.000000,0.000000,0.000000,0.000000,1,0.00
1.020000,0.056,0.109943,0.109943,4.321,7.00,0.115377,-0.112691,-0.000228,0.002976,-0.057,0.073,1.586,-44.982,0.351,2.680674,-0.063619,-0.001339,0.000000,0.000000,0.000000,0.000000,0.000000,0.000000,1,0.00
1.022000,0.056,0.109259,0.109259,4.321,7.00,0.115268,-0.112435,-0.000244,0.003420,-0.057,0.073,1.588,-44.978,0.351,2.680304,-0.063486,-0.001335,0.000000,0.000000,0.000000,0.000000,0.000000,0.000000,1,0.00
1.024000,0.056,0.109294,0.109294,4.321,7.00,0.115148,-0.112174,-0.000274,0.003154,-0.057,0.073,1.590,-44.975,0.351,2.679933,-0.063350,-0.001331,0.000000,0.000000,0.000000,0.000000,0.000000,0.000000,1,0.00
1.026000,0.056,0.108757,0.108757,4.321,7.00,0.115031,-0.111912,-0.000293,0.003447,-0.056,0.073,1.592,-44.972,0.351,2.679563,-0.063213,-0.001327,0.000000,0.000000,0.000000,0.000000,0.000000,0.000000,1,0.00
1.028000,0.056,0.108658,0.108658,4.321,7.00,0.114905,-0.111645,-0.000319,0.003305,-0.056,0.072,1.594,-44.968,0.351,2.679191,-0.063073,-0.001322,0.000000,0.000000,0.000000,0.000000,0.000000,0.000000,1,0.00
1.030000,0.056,0.108226,0.108226,4.321,7.00,0.114781,-0.111376,-0.000340,0.003490,-0.056,0.072,1.595,-44.965,0.351,2.678820,-0.062933,-0.001318,0.000000,0.000000,0.000000,0.000000,0.000000,0.000000,1,0.00
1.032000,0.056,0.108349,0.108349,4.321,7.00,0.114649,-0.111103,-0.000367,0.003121,-0.056,0.072,1.597,-44.961,0.351,2.678448,-0.062790,-0.001313,0.000000,0.000000,0.000000,0.000000,0.000000,0.000000,1,0.00
1.034000,0.055,0.107501,0.107501,4.321,7.00,0.114523,-0.110829,-0.000381,0.003710,-0.056,0.072,1.599,-44.958,0.351,2.678077,-0.062646,-0.001308,0.000000,0.000000,0.000000,0.000000,0.000000,0.000000,1,0.00
1.036000,0.055,0.107551,0.107551,4.321,7.00,0.114383,-0.110550,-0.000412,0.003410,-0.056,0.072,1.601,-44.954,0.351,2.677704,-0.062500,-0.001303,0.000000,0.000000,0.000000,0.000000,0.000000,0.000000,1,0.00
1.038000,0.055,0.107026,0.107026,4.321,7.00,0.114246,-0.110269,-0.000430,0.003673,-0.056,0.071,1.603,-44.951,0.351,2.677332,-0.062352,-0.001299,0.000000,0.000000,0.000000,0.000000,0.000000,0.000000,1,0.00
1.040000,0.055,0.106884,0.106884,4.321,7.00,0.114102,-0.109984,-0.000457,0.003557,-0.056,0.071,1.605,-44.948,0.351,2.676960,-0.062202,-0.001294,0.000000,0.000000,0.000000,0.000000,0.000000,0.000000,1,0.00
1.042000,0.055,0.106400,0.106400,4.321,7.00,0.113958,-0.109697,-0.000477,0.003774,-0.055,0.071,1.607,-44.944,0.351,2.676587,-0.062051,-0.001289,0.000000,0.000000,0.000000,0.000000,0.000000,0.000000,1,0.00
1.044000,0.055,0.106585,0.106585,4.321,7.00,0.113806,-0.109406,-0.000503,0.003324,-0.055,0.071,1.608,-44.941,0.351,2.676214,-0.061897,-0.001284,0.000000,0.000000,0.000000,0.000000,0.000000,0.000000,1,0.00
1.046000,0.055,0.105704,0.105704,4.321,7.00,0.113662,-0.109114,-0.000517,0.003928,-0.055,0.070,1.610,-44.937,0.351,2.675843,-0.061743,-0.001278,0.000000,0.000000,0.000000,0.000000,0.000000,0.000000,1,0.00
1.048000,0.054,0.105733,0.105733,4.321,7.00,0.113503,-0.108817,-0.000547,0.003631,-0.055,0.070,1.612,-44.934,0.351,2.675469,-0.061586,-0.001273,0.000000,0.000000,0.000000,0.000000,0.000000,0.000000,1,0.00
1.050000,0.054,0.105170,0.105170,4.321,7.00,0.113347,-0.108518,-0.000566,0.003914,-0.055,0.070,1.614,-44.930,0.351,2.675096,-0.061428,-0.001268,0.000000,0.000000,0.000000,0.000000,0.000000,0.000000,1,0.00
1.052000,0.054,0.104356,0.104356,4.321,7.00,0.113184,-0.108215,-0.000578,0.004438,-0.055,0.070,1.616,-44.927,0.351,2.674723,-0.061267,-0.001263,0.000000,0.000000,0.000000,0.000000,0.000000,0.000000,1,0.00
1.054000,0.054,0.104174,0.104174,4.321,7.00,0.113007,-0.107907,-0.000610,0.004343,-0.055,0.069,1.618,-44.924,0.351,2.674347,-0.061103,-0.001257,0.000000,0.000000,0.000000,0.000000,0.000000,0.000000,1,0.00
1.056000,0.054,0.104087,0.104087,4.321,7.00,0.112831,-0.107596,-0.000629,0.004138,-0.054,0.069,1.620,-44.920,0.351,2.673972,-0.060938,-0.001252,0.000000,0.000000,0.000000,0.000000,0.000000,0.000000,1,0.00
1.058000,0.054,0.102965,0.102965,4.321,7.00,0.112656,-0.107284,-0.000641,0.004960,-0.054,0.069,1.622,-44.917,0.351,2.673598,-0.060772,-0.001246,0.000000,0.000000,0.000000,0.000000,0.000000,0.000000,1,0.00
1.060000,0.053,0.102496,0.102496,4.321,7.00,0.112462,-0.106965,-0.000657,0.005126,-0.054,0.068,1.623,-44.913,0.351,2.673221,-0.060602,-0.001241,0.000000,0.000000,0.000000,0.000000,0.000000,0.000000,1,0.00
1.062000,0.053,0.102849,0.102849,4.321,7.00,0.112263,-0.106642,-0.000684,0.004477,-0.054,0.069,1.625,-44.910,0.351,2.672843,-0.060430,-0.001235,0.000000,0.000000,0.000000,0.000000,0.000000,0.000000,1,0.00
1.064000,0.053,0.102626,0.102626,4.321,7.00,0.112074,-0.106320,-0.000721,0.004416,-0.054,0.068,1.627,-44.907,0.351,2.672469,-0.060259,-0.001229,0.000000,0.000000,0.000000,0.000000,0.000000,0.000000,1,0.00
1.066000,0.053,0.102284,0.102284,4.321,7.00,0.111885,-0.105996,-0.000740,0.004451,-0.054,0.068,1.629,-44.903,0.351,2.672094,-0.060086,-0.001224,0.000000,0.000000,0.000000,0.000000,0.000000,0.000000,1,0.00
1.068000,0.053,0.102556,0.102556,4.321,7.00,0.111693,-0.105669,-0.000762,0.003875,-0.053,0.068,1.631,-44.900,0.351,2.671720,-0.059911,-0.001218,0.000000,0.000000,0.000000,0.000000,0.000000,0.000000,1,0.00
1.070000,0.053,0.102401,0.102401,4.321,7.00,0.111511,-0.105342,-0.000781,0.003722,-0.053,0.068,1.633,-44.896,0.351,2.671348,-0.059736,-0.001212,0.000000,0.000000,0.000000,0.000000,0.000000,0.000000,1,0.00
1.072000,0.053,0.102000,0.102000,4.321,7.00,0.111328,-0.105014,-0.000804,0.003818,-0.053,0.068,1.635,-44.893,0.351,2.670976,-0.059560,-0.001206,0.000000,0.000000,0.000000,0.000000,0.000000,0.000000,1,0.00
1.074000,0.052,0.101109,0.101109,4.321,7.00,0.111142,-0.104681,-0.000821,0.004393,-0.053,0.067,1.636,-44.889,0.351,2.670605,-0.059382,-0.001200,0.000000,0.000000,0.000000,0.000000,0.000000,0.000000,1,0.00
1.076000,0.052,0.101068,0.101068,4.321,7.00,0.110941,-0.104344,-0.000847,0.004123,-0.053,0.067,1.638,-44.886,0.351,2.670231,-0.059201,-0.001195,0.000000,0.000000,0.000000,0.000000,0.000000,0.000000,1,0.00
1.078000,0.052,0.100531,0.100531,4.321,7.00,0.110744,-0.104004,-0.000865,0.004338,-0.053,0.067,1.640,-44.883,0.351,2.669858,-0.059019,-0.001189,0.000000,0.000000,0.000000,0.000000,0.000000,0.000000,1,0.00
1.080000,0.052,0.099837,0.099837,4.321,7.00,0.110539,-0.103661,-0.000879,0.004703,-0.053,0.067,1.642,-44.879,0.351,2.669485,-0.058835,-0.001183,0.000000,0.000000,0.000000,0.000000,0.000000,0.000000,1,0.00
1.082000,0.052,0.099645,0.099645,4.321,7.00,0.110325,-0.103314,-0.000908,0.004577,-0.052,0.066,1.644,-44.876,0.351,2.669111,-0.058648,-0.001177,0.000000,0.000000,0.000000,0.000000,0.000000,0.000000,1,0.00
1.084000,0.051,0.099366,0.099366,4.321,7.00,0.110112,-0.102964,-0.000927,0.004525,-0.052,0.066,1.646,-44.872,0.351,2.668737,-0.058459,-0.001171,0.000000,0.000000,0.000000,0.000000,0.000000,0.000000,1,0.00
1.086000,0.051,0.098872,0.098872,4.321,7.00,0.109897,-0.102612,-0.000948,0.004688,-0.052,0.066,1.648,-44.869,0.351,2.668364,-0.058270,-0.001164,0.000000,0.000000,0.000000,0.000000,0.000000,0.000000,1,0.00
1.088000,0.051,0.098582,0.098582,4.321,7.00,0.109676,-0.102256,-0.000967,0.004642,-0.052,0.066,1.650,-44.866,0.351,2.667990,-0.058078,-0.001158,0.000000,0.000000,0.000000,0.000000,0.000000,0.000000,1,0.00
1.090000,0.051,0.098755,0.098755,4.321,7.00,0.109455,-0.101898,-0.000992,0.004135,-0.052,0.066,1.651,-44.862,0.351,2.667617,-0.057885,-0.001152,0.000000,0.000000,0.000000,0.000000,0.000000,0.000000,1,0.00
1.092000,0.051,0.097660,0.097660,4.321,7.00,0.109241,-0.101540,-0.001005,0.004884,-0.051,0.065,1.653,-44.859,0.351,2.667246,-0.057692,-0.001146,0.000000,0.000000,0.000000,0.000000,0.000000,0.000000,1,0.00
1.094000,0.051,0.097657,0.097657,4.321,7.00,0.109009,-0.101175,-0.001033,0.004552,-0.051,0.065,1.655,-44.855,0.351,2.666873,-0.057494,-0.001140,0.000000,0.000000,0.000000,0.000000,0.000000,0.000000,1,0.00
1.096000,0.050,0.097054,0.097054,4.321,7.00,0.108782,-0.100810,-0.001050,0.004806,-0.051,0.065,1.657,-44.852,0.351,2.666501,-0.057297,-0.001133,0.000000,0.000000,0.000000,0.000000,0.000000,0.000000,1,0.00
1.098000,0.050,0.096765,0.096765,4.321,7.00,0.108547,-0.100440,-0.001071,0.004746,-0.051,0.065,1.659,-44.848,0.351,2.666128,-0.057097,-0.001127,0.000000,0.000000,0.000000,0.000000,0.000000,0.000000,1,0.00
1.100000,0.050,0.100157,0.100157,4.321,7.00,0.108312,-0.100068,0.000000,-0.000089,0.000,0.067,1.661,-44.845,0.351,2.665756,-0.056895,-0.001120,0.000000,0.000000,0.000000,0.000000,0.000000,0.000000,1,0.00
1.102000,0.050,0.099116,0.099116,4.321,7.00,0.108148,-0.099712,-0.000025,0.000621,0.000,0.066,1.663,-44.842,0.351,2.665398,-0.056702,-0.001114,0.000000,0.000000,0.000000,0.000000,0.000000,0.000000,1,0.00
1.104000,0.050,0.097552,0.097552,4.321,7.00,0.107968,-0.099350,-0.000040,0.001837,0.000,0.065,1.665,-44.838,0.351,2.665037,-0.056506,-0.001108,0.000000,0.000000,0.000000,0.000000,0.000000,0.000000,1,0.00
1.106000,0.049,0.096538,0.096538,4.321,7.00,0.107760,-0.098978,-0.000067,0.002508,0.000,0.064,1.666,-44.835,0.351,2.664672,-0.056304,-0.001102,0.000000,0.000000,0.000000,0.000000,0.000000,0.000000,1,0.00
1.108000,0.049,0.095030,0.095030,4.321,7.00,0.107535,-0.098600,-0.000084,0.003653,-0.050,0.063,1.668,-44.831,0.351,2.664304,-0.056099,-0.001096,0.000000,0.000000,0.000000,0.000000,0.000000,0.000000,1,0.00
1.110000,0.049,0.093702,0.093702,4.321,7.00,0.107285,-0.098212,-0.000105,0.004616,-0.050,0.062,1.670,-44.828,0.351,2.663932,-0.055888,-0.001089,0.000000,0.000000,0.000000,0.000000,0.000000,0.000000,1,0.00
1.112000,0.049,0.092940,0.092940,4.321,7.00,0.107013,-0.097818,-0.000123,0.005001,-0.050,0.062,1.672,-44.825,0.351,2.663557,-0.055674,-0.001083,0.000000,0.000000,0.000000,0.000000,0.000000,0.000000,1,0.00
1.114000,0.049,0.091723,0.091723,4.321,7.00,0.106732,-0.097419,-0.000132,0.005828,-0.049,0.061,1.674,-44.821,0.351,2.663181,-0.055456,-0.001076,0.000000,0.000000,0.000000,0.000000,0.000000,0.000000,1,0.00
1.116000,0.049,0.091248,0.091248,4.321,7.00,0.106432,-0.097013,-0.000158,0.005923,-0.049,0.061,1.676,-44.818,0.351,2.662802,-0.055235,-0.001069,0.000000,0.000000,0.000000,0.000000,0.000000,0.000000,1,0.00
1.118000,0.048,0.090864,0.090864,4.321,7.00,0.106128,-0.096604,-0.000176,0.005915,-0.049,0.061,1.678,-44.814,0.351,2.662424,-0.055012,-0.001062,0.000000,0.000000,0.000000,0.000000,0.000000,0.000000,1,0.00
1.120000,0.048,0.090507,0.090507,4.321,7.00,0.105823,-0.096193,-0.000199,0.005885,-0.049,0.060,1.680,-44.811,0.351,2.662046,-0.054788,-0.001055,0.000000,0.000000,0.000000,0.000000,0.000000,0.000000,1,0.00
1.122000,0.048,0.089597,0.089597,4.321,7.00,0.105517,-0.095781,-0.000211,0.006395,-0.049,0.060,1.682,-44.808,0.351,2.661669,-0.054562,-0.001048,0.000000,0.000000,0.000000,0.000000,0.000000,0.000000,1,0.00
1.124000,0.048,0.090444,0.090444,4.321,7.00,0.105198,-0.095363,-0.000236,0.005155,-0.049,0.060,1.683,-44.804,0.351,2.661291,-0.054334,-0.001041,0.000000,0.000000,0.000000,0.000000,0.000000,0.000000,1,0.00
1.126000,0.047,0.089549,0.089549,4.321,7.00,0.104903,-0.094949,-0.000252,0.005652,-0.048,0.060,1.685,-44.801,0.351,2.660918,-0.054107,-0.001034,0.000000,0.000000,0.000000,0.000000,0.000000,0.000000,1,0.00
1.128000,0.047,0.089344,0.089344,4.321,7.00,0.104596,-0.094530,-0.000273,0.005459,-0.048,0.060,1.687,-44.797,0.351,2.660543,-0.053878,-0.001026,0.000000,0.000000,0.000000,0.000000,0.000000,0.000000,1,0.00
1.130000,0.047,0.088587,0.088587,4.321,7.00,0.104291,-0.094110,-0.000289,0.005812,-0.048,0.059,1.689,-44.794,0.351,2.660171,-0.053647,-0.001019,0.000000,0.000000,0.000000,0.000000,0.000000,0.000000,1,0.00
1.132000,0.047,0.088881,0.088881,4.321,7.00,0.103977,-0.093686,-0.000311,0.005116,-0.048,0.059,1.691,-44.791,0.351,2.659797,-0.053415,-0.001011,0.000000,0.000000,0.000000,0.000000,0.000000,0.000000,1,0.00
1.134000,0.047,0.087818,0.087818,4.321,7.00,0.103675,-0.093263,-0.000324,0.005770,-0.047,0.059,1.693,-44.787,0.351,2.659426,-0.053182,-0.001004,0.000000,0.000000,0.000000,0.000000,0.000000,0.000000,1,0.00
1.136000,0.046,0.088084,0.088084,4.321,7.00,0.103358,-0.092834,-0.000358,0.005107,-0.047,0.059,1.695,-44.784,0.351,2.659054,-0.052947,-0.000996,0.000000,0.000000,0.000000,0.000000,0.000000,0.000000,1,0.00
1.138000,0.046,0.087378,0.087378,4.321,7.00,0.103052,-0.092406,-0.000374,0.005402,-0.047,0.058,1.697,-44.780,0.351,2.658685,-0.052711,-0.000988,0.000000,0.000000,0.000000,0.000000,0.000000,0.000000,1,0.00
1.140000,0.046,0.087045,0.087045,4.321,7.00,0.102739,-0.091974,-0.000391,0.005321,-0.047,0.058,1.699,-44.777,0.351,2.658315,-0.052473,-0.000981,0.000000,0.000000,0.000000,0.000000,0.000000,0.000000,1,0.00
1.142000,0.046,0.086653,0.086653,4.321,7.00,0.102425,-0.091540,-0.000414,0.005300,-0.047,0.058,1.700,-44.773,0.351,2.657946,-0.052234,-0.000973,0.000000,0.000000,0.000000,0.000000,0.000000,0.000000,1,0.00
1.144000,0.046,0.086383,0.086383,4.321,7.00,0.102109,-0.091103,-0.000429,0.005150,-0.046,0.058,1.702,-44.770,0.351,2.657578,-0.051994,-0.000965,0.000000,0.000000,0.000000,0.000000,0.000000,0.000000,1,0.00
1.146000,0.045,0.085852,0.085852,4.321,7.00,0.101795,-0.090665,-0.000457,0.005269,-0.046,0.057,1.704,-44.767,0.351,2.657211,-0.051752,-0.000958,0.000000,0.000000,0.000000,0.000000,0.000000,0.000000,1,0.00
1.148000,0.045,0.085301,0.085301,4.321,7.00,0.101476,-0.090223,-0.000471,0.005394,-0.046,0.057,1.706,-44.763,0.351,2.656844,-0.051509,-0.000950,0.000000,0.000000,0.000000,0.000000,0.000000,0.000000,1,0.00
1.150000,0.045,0.084044,0.084044,4.321,7.00,0.101153,-0.089779,-0.000482,0.006216,-0.046,0.056,1.708,-44.760,0.351,2.656477,-0.051263,-0.000942,0.000000,0.000000,0.000000,0.000000,0.000000,0.000000,1,0.00
1.152000,0.045,0.083737,0.083737,4.321,7.00,0.100810,-0.089327,-0.000508,0.006098,-0.046,0.056,1.710,-44.756,0.351,2.656108,-0.051014,-0.000935,0.000000,0.000000,0.000000,0.000000,0.000000,0.000000,1,0.00
1.154000,0.044,0.083306,0.083306,4.321,7.00,0.100469,-0.088874,-0.000523,0.006091,-0.045,0.056,1.712,-44.753,0.351,2.655740,-0.050763,-0.000927,0.000000,0.000000,0.000000,0.000000,0.000000,0.000000,1,0.00
1.156000,0.044,0.081908,0.081908,4.321,7.00,0.100126,-0.088418,-0.000535,0.007046,-0.045,0.055,1.714,-44.750,0.351,2.655372,-0.050511,-0.000919,0.000000,0.000000,0.000000,0.000000,0.000000,0.000000,1,0.00
1.158000,0.044,0.081469,0.081469,4.321,7.00,0.099761,-0.087955,-0.000550,0.007036,-0.045,0.054,1.716,-44.746,0.351,2.655002,-0.050255,-0.000911,0.000000,0.000000,0.000000,0.000000,0.000000,0.000000,1,0.00
1.160000,0.044,0.082144,0.082144,4.321,7.00,0.099395,-0.087489,-0.000575,0.005920,-0.045,0.055,1.717,-44.743,0.351,2.654633,-0.049998,-0.000904,0.000000,0.000000,0.000000,0.000000,0.000000,0.000000,1,0.00
1.162000,0.044,0.080768,0.080768,4.321,7.00,0.099050,-0.087027,-0.000587,0.006846,-0.044,0.054,1.719,-44.739,0.351,2.654268,-0.049742,-0.000896,0.000000,0.000000,0.000000,0.000000,0.000000,0.000000,1,0.00
1.164000,0.043,0.080735,0.080735,4.321,7.00,0.098685,-0.086558,-0.000610,0.006433,-0.044,0.054,1.721,-44.736,0.351,2.653901,-0.049482,-0.000888,0.000000,0.000000,0.000000,0.000000,0.000000,0.000000,1,0.00
1.166000,0.043,0.080655,0.080655,4.321,7.00,0.098326,-0.086089,-0.000625,0.006059,-0.044,0.054,1.723,-44.733,0.351,2.653536,-0.049221,-0.000880,0.000000,0.000000,0.000000,0.000000,0.000000,0.000000,1,0.00
1.168000,0.043,0.080542,0.080542,4.321,7.00,0.097972,-0.085619,-0.000645,0.005722,-0.044,0.054,1.725,-44.729,0.351,2.653173,-0.048961,-0.000872,0.000000,0.000000,0.000000,0.000000,0.000000,0.000000,1,0.00
1.170000,0.043,0.079463,0.079463,4.321,7.00,0.097624,-0.085148,-0.000659,0.006344,-0.044,0.053,1.727,-44.726,0.351,2.652813,-0.048699,-0.000864,0.000000,0.000000,0.000000,0.000000,0.000000,0.000000,1,0.00
1.172000,0.042,0.079651,0.079651,4.321,7.00,0.097261,-0.084671,-0.000678,0.005699,-0.043,0.053,1.729,-44.722,0.351,2.652451,-0.048435,-0.000856,0.000000,0.000000,0.000000,0.000000,0.000000,0.000000,1,0.00
1.174000,0.042,0.078400,0.078400,4.321,7.00,0.096908,-0.084196,-0.000690,0.006486,-0.043,0.052,1.731,-44.719,0.351,2.652091,-0.048170,-0.000849,0.000000,0.000000,0.000000,0.000000,0.000000,0.000000,1,0.00
1.176000,0.042,0.078314,0.078314,4.321,7.00,0.096538,-0.083713,-0.000712,0.006111,-0.043,0.052,1.733,-44.716,0.351,2.651730,-0.047902,-0.000841,0.000000,0.000000,0.000000,0.000000,0.000000,0.000000,1,0.00
1.178000,0.042,0.077340,0.077340,4.321,7.00,0.096174,-0.083231,-0.000725,0.006616,-0.043,0.052,1.734,-44.712,0.351,2.651371,-0.047633,-0.000833,0.000000,0.000000,0.000000,0.000000,0.000000,0.000000,1,0.00
1.180000,0.041,0.077147,0.077147,4.321,7.00,0.095797,-0.082742,-0.000743,0.006338,-0.042,0.051,1.736,-44.709,0.351,2.651010,-0.047361,-0.000825,0.000000,0.000000,0.000000,0.000000,0.000000,0.000000,1,0.00
1.182000,0.041,0.076747,0.076747,4.321,7.00,0.095424,-0.082253,-0.000763,0.006269,-0.042,0.051,1.738,-44.705,0.351,2.650652,-0.047089,-0.000817,0.000000,0.000000,0.000000,0.000000,0.000000,0.000000,1,0.00
1.184000,0.041,0.077082,0.077082,4.321,7.00,0.095050,-0.081762,-0.000786,0.005467,-0.042,0.051,1.740,-44.702,0.351,2.650294,-0.046815,-0.000809,0.000000,0.000000,0.000000,0.000000,0.000000,0.000000,1,0.00
1.186000,0.041,0.075419,0.075419,4.321,7.00,0.094691,-0.081273,-0.000796,0.006649,-0.042,0.050,1.742,-44.699,0.351,2.649940,-0.046542,-0.000801,0.000000,0.000000,0.000000,0.000000,0.000000,0.000000,1,0.00
1.188000,0.040,0.075544,0.075544,4.321,7.00,0.094306,-0.080774,-0.000817,0.006048,-0.041,0.050,1.744,-44.695,0.351,2.649583,-0.046264,-0.000793,0.000000,0.000000,0.000000,0.000000,0.000000,0.000000,1,0.00
1.190000,0.040,0.074739,0.074739,4.321,7.00,0.093930,-0.080277,-0.000831,0.006369,-0.041,0.050,1.746,-44.692,0.351,2.649229,-0.045986,-0.000786,0.000000,0.000000,0.000000,0.000000,0.000000,0.000000,1,0.00
1.192000,0.040,0.074145,0.074145,4.321,7.00,0.093547,-0.079775,-0.000849,0.006479,-0.041,0.049,1.748,-44.688,0.351,2.648874,-0.045706,-0.000778,0.000000,0.000000,0.000000,0.000000,0.000000,0.000000,1,0.00
1.194000,0.040,0.073245,0.073245,4.321,7.00,0.093158,-0.079270,-0.000865,0.006889,-0.041,0.049,1.750,-44.685,0.351,2.648520,-0.045424,-0.000770,0.000000,0.000000,0.000000,0.000000,0.000000,0.000000,1,0.00
1.196000,0.039,0.073876,0.073876,4.321,7.00,0.092760,-0.078760,-0.000885,0.005769,-0.040,0.049,1.752,-44.682,0.351,2.648164,-0.045139,-0.000762,0.000000,0.000000,0.000000,0.000000,0.000000,0.000000,1,0.00
1.198000,0.039,0.072274,0.072274,4.321,7.00,0.092383,-0.078253,-0.000895,0.006874,-0.040,0.048,1.753,-44.678,0.351,2.647814,-0.044855,-0.000754,0.000000,0.000000,0.000000,0.000000,0.000000,0.000000,1,0.00
1.200000,0.039,0.077806,0.077806,4.321,7.00,0.091980,-0.077739,0.000000,-0.000068,0.000,0.052,1.755,-44.675,0.351,2.647461,-0.044567,-0.000746,0.000000,0.000000,0.000000,0.000000,0.000000,0.000000,1,0.00
1.202000,0.039,0.075947,0.075947,4.321,7.00,0.091697,-0.077252,-0.000014,0.001319,0.000,0.051,1.757,-44.671,0.351,2.647131,-0.044295,-0.000738,0.000000,0.000000,0.000000,0.000000,0.000000,0.000000,1,0.00
1.204000,0.038,0.074434,0.074434,4.321,7.00,0.091382,-0.076756,-0.000032,0.002354,0.000,0.050,1.759,-44.668,0.351,2.646796,-0.044016,-0.000731,0.000000,0.000000,0.000000,0.000000,0.000000,0.000000,1,0.00
1.206000,0.038,0.072615,0.072615,4.321,7.00,0.091043,-0.076250,-0.000046,0.003682,0.000,0.048,1.761,-44.665,0.351,2.646457,-0.043733,-0.000723,0.000000,0.000000,0.000000,0.000000,0.000000,0.000000,1,0.00
1.208000,0.038,0.071233,0.071233,4.321,7.00,0.090674,-0.075735,-0.000068,0.004570,-0.039,0.047,1.763,-44.661,0.351,2.646113,-0.043444,-0.000715,0.000000,0.000000,0.000000,0.000000,0.000000,0.000000,1,0.00
1.210000,0.038,0.069930,0.069930,4.321,7.00,0.090286,-0.075212,-0.000095,0.005377,-0.039,0.047,1.765,-44.658,0.351,2.645768,-0.043151,-0.000708,0.000000,0.000000,0.000000,0.000000,0.000000,0.000000,1,0.00
1.212000,0.037,0.068971,0.068971,4.321,7.00,0.089878,-0.074682,-0.000106,0.005816,-0.038,0.046,1.767,-44.654,0.351,2.645420,-0.042854,-0.000700,0.000000,0.000000,0.000000,0.000000,0.000000,0.000000,1,0.00
1.214000,0.037,0.068301,0.068301,4.321,7.00,0.089460,-0.074147,-0.000123,0.005969,-0.038,0.046,1.769,-44.651,0.350,2.645071,-0.042553,-0.000693,0.000000,0.000000,0.000000,0.000000,0.000000,0.000000,1,0.00
1.216000,0.037,0.067677,0.067677,4.321,7.00,0.089037,-0.073609,-0.000136,0.006069,-0.038,0.045,1.770,-44.648,0.350,2.644722,-0.042251,-0.000685,0.000000,0.000000,0.000000,0.000000,0.000000,0.000000,1,0.00
1.218000,0.037,0.065426,0.065426,4.321,7.00,0.088610,-0.073068,-0.000144,0.007787,-0.038,0.044,1.772,-44.644,0.350,2.644375,-0.041947,-0.000677,0.000000,0.000000,0.000000,0.000000,0.000000,0.000000,1,0.00
1.220000,0.036,0.064594,0.064594,4.321,7.00,0.088146,-0.072516,-0.000163,0.008085,-0.037,0.043,1.774,-44.641,0.350,2.644021,-0.041637,-0.000669,0.000000,0.000000,0.000000,0.000000,0.000000,0.000000,1,0.00
1.222000,0.036,0.064298,0.064298,4.321,7.00,0.087675,-0.071960,-0.000176,0.007838,-0.037,0.043,1.776,-44.637,0.350,2.643668,-0.041324,-0.000661,0.000000,0.000000,0.000000,0.000000,0.000000,0.000000,1,0.00
1.224000,0.036,0.063780,0.063780,4.321,7.00,0.087208,-0.071403,-0.000193,0.007816,-0.037,0.043,1.778,-44.634,0.350,2.643317,-0.041010,-0.000653,0.000000,0.000000,0.000000,0.000000,0.000000,0.000000,1,0.00
1.226000,0.035,0.062557,0.062557,4.321,7.00,0.086739,-0.070844,-0.000202,0.008489,-0.037,0.042,1.780,-44.631,0.350,2.642967,-0.040695,-0.000645,0.000000,0.000000,0.000000,0.000000,0.000000,0.000000,1,0.00
1.228000,0.035,0.062973,0.062973,4.321,7.00,0.086255,-0.070279,-0.000215,0.007520,-0.036,0.042,1.782,-44.627,0.350,2.642616,-0.040377,-0.000637,0.000000,0.000000,0.000000,0.000000,0.000000,0.000000,1,0.00
1.230000,0.035,0.060750,0.060750,4.321,7.00,0.085790,-0.069717,-0.000222,0.009189,-0.036,0.041,1.784,-44.624,0.350,2.642270,-0.040060,-0.000628,0.000000,0.000000,0.000000,0.000000,0.000000,0.000000,1,0.00
1.232000,0.035,0.060725,0.060725,4.321,7.00,0.085289,-0.069145,-0.000241,0.008660,-0.036,0.040,1.786,-44.620,0.350,2.641918,-0.039737,-0.000620,0.000000,0.000000,0.000000,0.000000,0.000000,0.000000,1,0.00
1.234000,0.034,0.059934,0.059934,4.321,7.00,0.084798,-0.068573,-0.000255,0.008894,-0.035,0.040,1.788,-44.617,0.350,2.641570,-0.039414,-0.000611,0.000000,0.000000,0.000000,0.000000,0.000000,0.000000,1,0.00
1.236000,0.034,0.058803,0.058803,4.321,7.00,0.084300,-0.067997,-0.000262,0.009457,-0.035,0.039,1.789,-44.614,0.350,2.641222,-0.039089,-0.000603,0.000000,0.000000,0.000000,0.000000,0.000000,0.000000,1,0.00
1.238000,0.034,0.058813,0.058813,4.321,7.00,0.083791,-0.067417,-0.000280,0.008884,-0.035,0.039,1.791,-44.610,0.350,2.640874,-0.038760,-0.000594,0.000000,0.000000,0.000000,0.000000,0.000000,0.000000,1,0.00
1.240000,0.033,0.059402,0.059402,4.321,7.00,0.083291,-0.066837,-0.000293,0.007729,-0.035,0.040,1.793,-44.607,0.350,2.640529,-0.038432,-0.000585,0.000000,0.000000,0.000000,0.000000,0.000000,0.000000,1,0.00
1.242000,0.033,0.058710,0.058710,4.321,7.00,0.082813,-0.066261,-0.000309,0.007860,-0.034,0.039,1.795,-44.603,0.350,2.640189,-0.038106,-0.000576,0.000000,0.000000,0.000000,0.000000,0.000000,0.000000,1,0.00
1.244000,0.033,0.057365,0.057365,4.321,7.00,0.082331,-0.065683,-0.000318,0.008636,-0.034,0.038,1.797,-44.600,0.350,2.639850,-0.037779,-0.000568,0.000000,0.000000,0.000000,0.000000,0.000000,0.000000,1,0.00
1.246000,0.033,0.057773,0.057773,4.321,7.00,0.081832,-0.065097,-0.000329,0.007653,-0.034,0.039,1.799,-44.597,0.350,2.639510,-0.037447,-0.000559,0.000000,0.000000,0.000000,0.000000,0.000000,0.000000,1,0.00
1.248000,0.032,0.057236,0.057236,4.321,7.00,0.081351,-0.064515,-0.000347,0.007626,-0.033,0.038,1.801,-44.593,0.350,2.639174,-0.037117,-0.000550,0.000000,0.000000,0.000000,0.000000,0.000000,0.000000,1,0.00
1.250000,0.032,0.056406,0.056406,4.321,7.00,0.080868,-0.063930,-0.000358,0.007882,-0.033,0.038,1.803,-44.590,0.350,2.638839,-0.036785,-0.000542,0.000000,0.000000,0.000000,0.000000,0.000000,0.000000,1,0.00
1.252000,0.032,0.055897,0.055897,4.321,7.00,0.080379,-0.063341,-0.000374,0.007819,-0.033,0.037,1.805,-44.586,0.350,2.638505,-0.036451,-0.000533,0.000000,0.000000,0.000000,0.000000,0.000000,0.000000,1,0.00
1.254000,0.031,0.055778,0.055778,4.321,7.00,0.079889,-0.062751,-0.000385,0.007358,-0.033,0.037,1.807,-44.583,0.350,2.638173,-0.036116,-0.000524,0.000000,0.000000,0.000000,0.000000,0.000000,0.000000,1,0.00
1.256000,0.031,0.055510,0.055510,4.321,7.00,0.079407,-0.062160,-0.000398,0.007049,-0.032,0.037,1.809,-44.579,0.350,2.637843,-0.035780,-0.000516,0.000000,0.000000,0.000000,0.000000,0.000000,0.000000,1,0.00
1.258000,0.031,0.054455,0.054455,4.321,7.00,0.078929,-0.061568,-0.000411,0.007523,-0.032,0.036,1.810,-44.576,0.350,2.637515,-0.035444,-0.000508,0.000000,0.000000,0.000000,0.000000,0.000000,0.000000,1,0.00
1.260000,0.030,0.054415,0.054415,4.321,7.00,0.078440,-0.060971,-0.000425,0.006981,-0.032,0.036,1.812,-44.573,0.350,2.637187,-0.035105,-0.000499,0.000000,0.000000,0.000000,0.000000,0.000000,0.000000,1,0.00
1.262000,0.030,0.053083,0.053083,4.321,7.00,0.077959,-0.060374,-0.000435,0.007726,-0.031,0.035,1.814,-44.569,0.350,2.636861,-0.034766,-0.000491,0.000000,0.000000,0.000000,0.000000,0.000000,0.000000,1,0.00
1.264000,0.030,0.053067,0.053067,4.321,7.00,0.077462,-0.059771,-0.000450,0.007154,-0.031,0.035,1.816,-44.566,0.350,2.636534,-0.034423,-0.000483,0.000000,0.000000,0.000000,0.000000,0.000000,0.000000,1,0.00
1.266000,0.030,0.052106,0.052106,4.321,7.00,0.076974,-0.059168,-0.000461,0.007522,-0.031,0.035,1.818,-44.562,0.350,2.636211,-0.034080,-0.000475,0.000000,0.000000,0.000000,0.000000,0.000000,0.000000,1,0.00
1.268000,0.029,0.051549,0.051549,4.321,7.00,0.076476,-0.058560,-0.000473,0.007484,-0.030,0.034,1.820,-44.559,0.350,2.635887,-0.033734,-0.000467,0.000000,0.000000,0.000000,0.000000,0.000000,0.000000,1,0.00
1.270000,0.029,0.050614,0.050614,4.321,7.00,0.075978,-0.057950,-0.000484,0.007819,-0.030,0.034,1.822,-44.556,0.350,2.635565,-0.033387,-0.000459,0.000000,0.000000,0.000000,0.000000,0.000000,0.000000,1,0.00
1.272000,0.029,0.050669,0.050669,4.321,7.00,0.075471,-0.057336,-0.000498,0.007165,-0.030,0.034,1.824,-44.552,0.350,2.635242,-0.033037,-0.000451,0.000000,0.000000,0.000000,0.000000,0.000000,0.000000,1,0.00
1.274000,0.028,0.049124,0.049124,4.321,7.00,0.074975,-0.056722,-0.000507,0.008105,-0.030,0.033,1.826,-44.549,0.350,2.634923,-0.032688,-0.000443,0.000000,0.000000,0.000000,0.000000,0.000000,0.000000,1,0.00
1.276000,0.028,0.048410,0.048410,4.321,7.00,0.074458,-0.056101,-0.000516,0.008207,-0.029,0.032,1.828,-44.545,0.350,2.634602,-0.032334,-0.000435,0.000000,0.000000,0.000000,0.000000,0.000000,0.000000,1,0.00
1.278000,0.028,0.045842,0.045842,4.321,7.00,0.073937,-0.055477,-0.000521,0.010156,-0.029,0.031,1.829,-44.542,0.350,2.634281,-0.031978,-0.000427,0.000000,0.000000,0.000000,0.000000,0.000000,0.000000,1,0.00
1.280000,0.027,0.044750,0.044750,4.321,7.00,0.073375,-0.054840,-0.000530,0.010619,-0.029,0.030,1.831,-44.539,0.350,2.633955,-0.031615,-0.000419,0.000000,0.000000,0.000000,0.000000,0.000000,0.000000,1,0.00
1.282000,0.027,0.042908,0.042908,4.321,7.00,0.072802,-0.054198,-0.000537,0.011827,-0.028,0.029,1.833,-44.535,0.350,2.633628,-0.031249,-0.000412,0.000000,0.000000,0.000000,0.000000,0.000000,0.000000,1,0.00
1.284000,0.027,0.043234,0.043234,4.321,7.00,0.072204,-0.053548,-0.000552,0.010866,-0.028,0.029,1.835,-44.532,0.350,2.633299,-0.030878,-0.000404,0.000000,0.000000,0.000000,0.000000,0.000000,0.000000,1,0.00
1.286000,0.026,0.042988,0.042988,4.321,7.00,0.071625,-0.052901,-0.000564,0.010477,-0.028,0.029,1.837,-44.528,0.350,2.632974,-0.030509,-0.000396,0.000000,0.000000,0.000000,0.000000,0.000000,0.000000,1,0.00
1.288000,0.026,0.044637,0.044637,4.321,7.00,0.071052,-0.052254,-0.000579,0.008196,-0.027,0.030,1.839,-44.525,0.350,2.632653,-0.030140,-0.000388,0.000000,0.000000,0.000000,0.000000,0.000000,0.000000,1,0.00
1.290000,0.026,0.044484,0.044484,4.321,7.00,0.070524,-0.051617,-0.000589,0.007722,-0.027,0.030,1.841,-44.522,0.350,2.632342,-0.029775,-0.000380,0.000000,0.000000,0.000000,0.000000,0.000000,0.000000,1,0.00
1.292000,0.025,0.044330,0.044330,4.321,7.00,0.070003,-0.050979,-0.000598,0.007247,-0.027,0.030,1.843,-44.518,0.350,2.632034,-0.029411,-0.000372,0.000000,0.000000,0.000000,0.000000,0.000000,0.000000,1,0.00
1.294000,0.025,0.043313,0.043313,4.321,7.00,0.069490,-0.050342,-0.000608,0.007637,-0.026,0.029,1.845,-44.515,0.350,2.631728,-0.029046,-0.000364,0.000000,0.000000,0.000000,0.000000,0.000000,0.000000,1,0.00
1.296000,0.025,0.042366,0.042366,4.321,7.00,0.068966,-0.049699,-0.000617,0.007950,-0.026,0.028,1.847,-44.511,0.350,2.631422,-0.028679,-0.000356,0.000000,0.000000,0.000000,0.000000,0.000000,0.000000,1,0.00
1.298000,0.025,0.040744,0.040744,4.321,7.00,0.068434,-0.049052,-0.000625,0.008933,-0.026,0.027,1.848,-44.508,0.350,2.631117,-0.028309,-0.000348,0.000000,0.000000,0.000000,0.000000,0.000000,0.000000,1,0.00
1.300000,0.024,0.048439,0.048439,4.321,7.00,0.067880,-0.048398,0.000000,-0.000041,0.000,0.032,1.850,-44.505,0.350,2.630808,-0.027934,-0.000340,0.000000,0.000000,0.000000,0.000000,0.000000,0.000000,1,0.00
1.302000,0.024,0.045827,0.045827,4.321,7.00,0.067491,-0.047784,-0.000007,0.001964,0.000,0.031,1.852,-44.501,0.350,2.630533,-0.027582,-0.000332,0.000000,0.000000,0.000000,0.000000,0.000000,0.000000,1,0.00
1.304000,0.024,0.044071,0.044071,4.321,7.00,0.067058,-0.047156,-0.000020,0.003105,0.000,0.029,1.854,-44.498,0.350,2.630250,-0.027222,-0.000325,0.000000,0.000000,0.000000,0.000000,0.000000,0.000000,1,0.00
1.306000,0.023,0.041533,0.041533,4.321,7.00,0.066598,-0.046518,-0.000028,0.005013,0.000,0.028,1.856,-44.494,0.350,2.629963,-0.026856,-0.000317,0.000000,0.000000,0.000000,0.000000,0.000000,0.000000,1,0.00
1.308000,0.023,0.039397,0.039397,4.321,7.00,0.066097,-0.045867,-0.000038,0.006508,-0.024,0.026,1.858,-44.491,0.350,2.629670,-0.026483,-0.000310,0.000000,0.000000,0.000000,0.000000,0.000000,0.000000,1,0.00
1.310000,0.023,0.036886,0.036886,4.321,7.00,0.065563,-0.045204,-0.000046,0.008365,-0.024,0.025,1.860,-44.488,0.350,2.629373,-0.026104,-0.000303,0.000000,0.000000,0.000000,0.000000,0.000000,0.000000,1,0.00
1.312000,0.022,0.036799,0.036799,4.321,7.00,0.064990,-0.044529,-0.000057,0.007787,-0.024,0.025,1.862,-44.484,0.350,2.629070,-0.025717,-0.000296,0.000000,0.000000,0.000000,0.000000,0.000000,0.000000,1,0.00
1.314000,0.022,0.034624,0.034624,4.321,7.00,0.064426,-0.043855,-0.000062,0.009293,-0.023,0.023,1.864,-44.481,0.350,2.628770,-0.025330,-0.000289,0.000000,0.000000,0.000000,0.000000,0.000000,0.000000,1,0.00
1.316000,0.022,0.034578,0.034578,4.321,7.00,0.063830,-0.043170,-0.000074,0.008665,-0.023,0.023,1.866,-44.477,0.350,2.628466,-0.024937,-0.000283,0.000000,0.000000,0.000000,0.000000,0.000000,0.000000,1,0.00
1.318000,0.021,0.032848,0.032848,4.321,7.00,0.063245,-0.042485,-0.000080,0.009717,-0.023,0.022,1.867,-44.474,0.350,2.628167,-0.024545,-0.000276,0.000000,0.000000,0.000000,0.000000,0.000000,0.000000,1,0.00
1.320000,0.021,0.032330,0.032330,4.321,7.00,0.062637,-0.041793,-0.000088,0.009552,-0.022,0.022,1.869,-44.471,0.350,2.627864,-0.024148,-0.000269,0.000000,0.000000,0.000000,0.000000,0.000000,0.000000,1,0.00
1.322000,0.021,0.030965,0.030965,4.321,7.00,0.062031,-0.041099,-0.000095,0.010229,-0.022,0.021,1.871,-44.467,0.350,2.627564,-0.023749,-0.000262,0.000000,0.000000,0.000000,0.000000,0.000000,0.000000,1,0.00
1.324000,0.020,0.031145,0.031145,4.321,7.00,0.061409,-0.040400,-0.000103,0.009358,-0.022,0.021,1.873,-44.464,0.350,2.627264,-0.023348,-0.000255,0.000000,0.000000,0.000000,0.000000,0.000000,0.000000,1,0.00
1.326000,0.020,0.029691,0.029691,4.321,7.00,0.060804,-0.039702,-0.000110,0.010121,-0.021,0.020,1.875,-44.460,0.350,2.626967,-0.022947,-0.000248,0.000000,0.000000,0.000000,0.000000,0.000000,0.000000,1,0.00
1.328000,0.019,0.029474,0.029474,4.321,7.00,0.060182,-0.038999,-0.000117,0.009641,-0.021,0.020,1.877,-44.457,0.350,2.626670,-0.022542,-0.000241,0.000000,0.000000,0.000000,0.000000,0.000000,0.000000,1,0.00
1.330000,0.019,0.029071,0.029071,4.321,7.00,0.059568,-0.038295,-0.000127,0.009350,-0.021,0.019,1.879,-44.454,0.350,2.626376,-0.022138,-0.000233,0.000000,0.000000,0.000000,0.000000,0.000000,0.000000,1,0.00
1.332000,0.019,0.027521,0.027521,4.321,7.00,0.058958,-0.037590,-0.000131,0.010200,-0.020,0.018,1.881,-44.450,0.350,2.626085,-0.021733,-0.000226,0.000000,0.000000,0.000000,0.000000,0.000000,0.000000,1,0.00
1.334000,0.018,0.027187,0.027187,4.321,7.00,0.058329,-0.036879,-0.000140,0.009832,-0.020,0.018,1.883,-44.447,0.350,2.625792,-0.021323,-0.000219,0.000000,0.000000,0.000000,0.000000,0.000000,0.000000,1,0.00
1.336000,0.018,0.026091,0.026091,4.321,7.00,0.057706,-0.036167,-0.000146,0.010221,-0.019,0.017,1.884,-44.443,0.350,2.625502,-0.020913,-0.000212,0.000000,0.000000,0.000000,0.000000,0.000000,0.000000,1,0.00
1.338000,0.018,0.025793,0.025793,4.321,7.00,0.057074,-0.035450,-0.000153,0.009810,-0.019,0.017,1.886,-44.440,0.350,2.625212,-0.020501,-0.000205,0.000000,0.000000,0.000000,0.000000,0.000000,0.000000,1,0.00
1.340000,0.017,0.024615,0.024615,4.321,7.00,0.056448,-0.034733,-0.000160,0.010279,-0.019,0.016,1.888,-44.437,0.350,2.624926,-0.020088,-0.000198,0.000000,0.000000,0.000000,0.000000,0.000000,0.000000,1,0.00
1.342000,0.017,0.023692,0.023692,4.321,7.00,0.055811,-0.034011,-0.000164,0.010483,-0.018,0.016,1.890,-44.433,0.350,2.624639,-0.019672,-0.000191,0.000000,0.000000,0.000000,0.000000,0.000000,0.000000,1,0.00
1.344000,0.017,0.022950,0.022950,4.321,7.00,0.055169,-0.033286,-0.000172,0.010508,-0.018,0.015,1.892,-44.430,0.350,2.624353,-0.019253,-0.000184,0.000000,0.000000,0.000000,0.000000,0.000000,0.000000,1,0.00
1.346000,0.016,0.022455,0.022455,4.321,7.00,0.054525,-0.032558,-0.000178,0.010280,-0.018,0.015,1.894,-44.426,0.350,2.624069,-0.018834,-0.000177,0.000000,0.000000,0.000000,0.000000,0.000000,0.000000,1,0.00
1.348000,0.016,0.021772,0.021772,4.321,7.00,0.053883,-0.031828,-0.000185,0.010241,-0.017,0.015,1.896,-44.423,0.350,2.623787,-0.018413,-0.000170,0.000000,0.000000,0.000000,0.000000,0.000000,0.000000,1,0.00
1.350000,0.016,0.020076,0.020076,4.321,7.00,0.053241,-0.031096,-0.000189,0.011210,-0.017,0.013,1.898,-44.420,0.350,2.623507,-0.017991,-0.000164,0.000000,0.000000,0.000000,0.000000,0.000000,0.000000,1,0.00
1.352000,0.015,0.021053,0.021053,4.321,7.00,0.052578,-0.030357,-0.000197,0.009500,-0.017,0.014,1.900,-44.416,0.350,2.623226,-0.017564,-0.000157,0.000000,0.000000,0.000000,0.000000,0.000000,0.000000,1,0.00
1.354000,0.015,0.019157,0.019157,4.321,7.00,0.051947,-0.029624,-0.000201,0.010667,-0.016,0.013,1.902,-44.413,0.350,2.622952,-0.017141,-0.000150,0.000000,0.000000,0.000000,0.000000,0.000000,0.000000,1,0.00
1.356000,0.014,0.018782,0.018782,4.321,7.00,0.051291,-0.028882,-0.000207,0.010307,-0.016,0.013,1.903,-44.409,0.350,2.622675,-0.016713,-0.000144,0.000000,0.000000,0.000000,0.000000,0.000000,0.000000,1,0.00
1.358000,0.014,0.017469,0.017469,4.321,7.00,0.050641,-0.028139,-0.000212,0.010881,-0.016,0.012,1.905,-44.406,0.350,2.622402,-0.016284,-0.000138,0.000000,0.000000,0.000000,0.000000,0.000000,0.000000,1,0.00
1.360000,0.014,0.015839,0.015839,4.321,7.00,0.049978,-0.027391,-0.000214,0.011767,-0.015,0.011,1.907,-44.402,0.350,2.622128,-0.015852,-0.000131,0.000000,0.000000,0.000000,0.000000,0.000000,0.000000,1,0.00
1.362000,0.013,0.015079,0.015079,4.321,7.00,0.049295,-0.026635,-0.000221,0.011778,-0.015,0.010,1.909,-44.399,0.350,2.621853,-0.015416,-0.000125,0.000000,0.000000,0.000000,0.000000,0.000000,0.000000,1,0.00
1.364000,0.013,0.014880,0.014880,4.321,7.00,0.048611,-0.025877,-0.000226,0.011223,-0.014,0.010,1.911,-44.396,0.350,2.621579,-0.014978,-0.000119,0.000000,0.000000,0.000000,0.000000,0.000000,0.000000,1,0.00
1.366000,0.013,0.014781,0.014781,4.321,7.00,0.047936,-0.025120,-0.000234,0.010573,-0.014,0.010,1.913,-44.392,0.350,2.621309,-0.014541,-0.000113,0.000000,0.000000,0.000000,0.000000,0.000000,0.000000,1,0.00
1.368000,0.012,0.014726,0.014726,4.321,7.00,0.047273,-0.024363,-0.000240,0.009877,-0.014,0.010,1.915,-44.389,0.350,2.621044,-0.014103,-0.000107,0.000000,0.000000,0.000000,0.000000,0.000000,0.000000,1,0.00
1.370000,0.012,0.015536,0.015536,4.321,7.00,0.046622,-0.023607,-0.000244,0.008316,-0.013,0.010,1.917,-44.385,0.350,2.620782,-0.013666,-0.000102,0.000000,0.000000,0.000000,0.000000,0.000000,0.000000,1,0.00
1.372000,0.011,0.013191,0.013191,4.321,7.00,0.046000,-0.022857,-0.000247,0.009913,-0.013,0.009,1.919,-44.382,0.350,2.620528,-0.013232,-0.000096,0.000000,0.000000,0.000000,0.000000,0.000000,0.000000,1,0.00
1.374000,0.011,0.012448,0.012448,4.321,7.00,0.045344,-0.022095,-0.000251,0.009899,-0.013,0.008,1.920,-44.379,0.350,2.620270,-0.012792,-0.000090,0.000000,0.000000,0.000000,0.000000,0.000000,0.000000,1,0.00
1.376000,0.011,0.011330,0.011330,4.321,7.00,0.044686,-0.021330,-0.000257,0.010257,-0.012,0.008,1.922,-44.375,0.350,2.620013,-0.012350,-0.000085,0.000000,0.000000,0.000000,0.000000,0.000000,0.000000,1,0.00
1.378000,0.010,0.009746,0.009746,4.321,7.00,0.044019,-0.020557,-0.000260,0.011071,-0.012,0.006,1.924,-44.372,0.350,2.619756,-0.011905,-0.000083,0.000000,0.000000,0.000000,0.000000,0.000000,0.000000,1,0.00
1.380000,0.010,0.009642,0.009642,4.321,7.00,0.043334,-0.019781,-0.000265,0.010404,-0.011,0.006,1.926,-44.368,0.350,2.619498,-0.011457,-0.000080,0.000000,0.000000,0.000000,0.000000,0.000000,0.000000,1,0.00
1.382000,0.010,0.009851,0.009851,4.321,7.00,0.042660,-0.019006,-0.000269,0.009424,-0.011,0.007,1.928,-44.365,0.350,2.619245,-0.011009,-0.000076,0.000000,0.000000,0.000000,0.000000,0.000000,0.000000,1,0.00
1.384000,0.009,0.009487,0.009487,4.321,7.00,0.042004,-0.018235,-0.000273,0.009021,-0.011,0.006,1.930,-44.362,0.350,2.618997,-0.010564,-0.000072,0.000000,0.000000,0.000000,0.000000,0.000000,0.000000,1,0.00
1.386000,0.009,0.008831,0.008831,4.321,7.00,0.041353,-0.017465,-0.000278,0.008913,-0.010,0.006,1.932,-44.358,0.350,2.618751,-0.010118,-0.000067,0.000000,0.000000,0.000000,0.000000,0.000000,0.000000,1,0.00
1.388000,0.008,0.008789,0.008789,4.321,7.00,0.040703,-0.016695,-0.000282,0.008188,-0.010,0.006,1.934,-44.355,0.350,2.618508,-0.009672,-0.000063,0.000000,0.000000,0.000000,0.000000,0.000000,0.000000,1,0.00
1.390000,0.008,0.006187,0.006187,4.321,7.00,0.040065,-0.015926,-0.000284,0.010023,-0.010,0.004,1.936,-44.351,0.350,2.618269,-0.009228,-0.000058,0.000000,0.000000,0.000000,0.000000,0.000000,0.000000,1,0.00
1.392000,0.008,0.006093,0.006093,4.321,7.00,0.039387,-0.015147,-0.000288,0.009342,-0.009,0.004,1.937,-44.348,0.350,2.618024,-0.008776,-0.000054,0.000000,0.000000,0.000000,0.000000,0.000000,0.000000,1,0.00
1.394000,0.007,0.004814,0.004814,4.321,7.00,0.038721,-0.014370,-0.000291,0.009847,-0.009,0.003,1.939,-44.345,0.350,2.617784,-0.008327,-0.000050,0.000000,0.000000,0.000000,0.000000,0.000000,0.000000,1,0.00
1.396000,0.007,0.002207,0.002207,4.321,7.00,0.038043,-0.013590,-0.000292,0.011675,-0.008,0.001,1.941,-44.341,0.350,2.617544,-0.007875,-0.000045,0.000000,0.000000,0.000000,0.000000,0.000000,0.000000,1,0.00
1.398000,0.006,0.000685,0.000685,4.321,7.00,0.037326,-0.012800,-0.000294,0.012409,-0.008,0.000,1.943,-44.338,0.350,2.617298,-0.007417,-0.000041,0.000000,0.000000,0.000000,0.000000,0.000000,0.000000,1,0.00
1.400000,0.006,0.012015,0.012015,4.321,7.00,0.036594,-0.012005,0.000000,-0.000010,0.000,0.008,1.945,-44.334,0.350,2.617052,-0.006956,-0.000037,0.000000,0.000000,0.000000,0.000000,0.000000,0.000000,1,0.00
1.402000,0.006,0.008821,0.008821,4.321,7.00,0.036102,-0.011274,-0.000002,0.002454,0.000,0.006,1.947,-44.331,0.350,2.616853,-0.006532,-0.000032,0.000000,0.000000,0.000000,0.000000,0.000000,0.000000,1,0.00
1.404000,0.005,0.006037,0.006037,4.321,7.00,0.035556,-0.010527,-0.000004,0.004494,0.000,0.004,1.949,-44.327,0.350,2.616644,-0.006099,-0.000028,0.000000,0.000000,0.000000,0.000000,0.000000,0.000000,1,0.00
1.406000,0.005,0.003781,0.003781,4.321,7.00,0.034966,-0.009769,-0.000006,0.005994,0.000,0.003,1.951,-44.324,0.350,2.616429,-0.005659,-0.000024,0.000000,0.000000,0.000000,0.000000,0.000000,0.000000,1,0.00
1.408000,0.005,0.000531,0.000531,4.321,7.00,0.034342,-0.009002,-0.000007,0.008478,-0.006,0.000,1.952,-44.321,0.350,2.616210,-0.005214,-0.000020,0.000000,0.000000,0.000000,0.000000,0.000000,0.000000,1,0.00
1.410000,0.004,-0.001721,-0.001721,4.321,7.00,0.033666,-0.008221,-0.000010,0.009951,-0.006,0.001,1.954,-44.317,0.350,2.615983,-0.004762,-0.000017,0.000000,0.000000,0.000000,0.000000,0.000000,0.000000,1,0.00
1.412000,0.004,-0.002537,-0.002537,4.321,7.00,0.032959,-0.007432,-0.000011,0.009980,-0.005,0.002,1.956,-44.314,0.350,2.615752,-0.004305,-0.000014,0.000000,0.000000,0.000000,0.000000,0.000000,0.000000,1,0.00
1.414000,0.003,-0.003014,-0.003014,4.321,7.00,0.032249,-0.006645,-0.000012,0.009671,-0.005,0.002,1.958,-44.310,0.350,2.615524,-0.003848,-0.000010,0.000000,0.000000,0.000000,0.000000,0.000000,0.000000,1,0.00
1.416000,0.003,-0.004558,-0.004558,4.321,7.00,0.031544,-0.005859,-0.000013,0.010431,-0.005,0.003,1.960,-44.307,0.350,2.615299,-0.003391,-0.000005,0.000000,0.000000,0.000000,0.000000,0.000000,0.000000,1,0.00
1.418000,0.003,-0.004619,-0.004619,4.321,7.00,0.030822,-0.005070,-0.000014,0.009703,-0.004,0.003,1.962,-44.304,0.350,2.615074,-0.002931,0.000002,0.000000,0.000000,0.000000,0.000000,0.000000,0.000000,1,0.00
1.420000,0.002,-0.006762,-0.006762,4.321,7.00,0.030113,-0.004289,-0.000015,0.011066,-0.004,0.005,1.964,-44.300,0.350,2.614854,-0.002475,0.000009,0.000000,0.000000,0.000000,0.000000,0.000000,0.000000,1,0.00
1.422000,0.002,-0.005992,-0.005992,4.321,7.00,0.029375,-0.003504,-0.000017,0.009513,-0.003,0.004,1.966,-44.297,0.350,2.614630,-0.002017,0.000017,0.000000,0.000000,0.000000,0.000000,0.000000,0.000000,1,0.00
1.424000,0.001,-0.007814,-0.007814,4.321,7.00,0.028668,-0.002727,-0.000017,0.010559,-0.003,0.005,1.968,-44.293,0.350,2.614413,-0.001564,0.000023,0.000000,0.000000,0.000000,0.000000,0.000000,0.000000,1,0.00
1.426000,0.001,-0.008190,-0.008190,4.321,7.00,0.027938,-0.001944,-0.000017,0.010152,-0.003,0.005,1.969,-44.290,0.350,2.614194,-0.001109,0.000027,0.000000,0.000000,0.000000,0.000000,0.000000,0.000000,1,0.00
1.428000,0.001,-0.008884,-0.008884,4.321,7.00,0.027216,-0.001164,-0.000018,0.010065,-0.002,0.006,1.971,-44.287,0.350,2.613979,-0.000656,0.000029,0.000000,0.000000,0.000000,0.000000,0.000000,0.000000,1,0.00
1.430000,0.000,-0.009692,-0.009692,4.321,7.00,0.026494,-0.000384,-0.000018,0.010093,-0.002,0.006,1.973,-44.283,0.350,2.613766,-0.000204,0.000030,0.000000,0.000000,0.000000,0.000000,0.000000,0.000000,1,0.00
1.432000,-0.000,-0.010911,-0.010911,4.321,7.00,0.025770,0.000395,-0.000018,0.010534,-0.001,0.007,1.975,-44.280,0.350,2.613555,0.000246,0.000031,0.000000,0.000000,0.000000,0.000000,0.000000,0.000000,1,0.00
1.434000,-0.001,-0.011271,-0.011271,4.321,7.00,0.025037,0.001175,-0.000017,0.010113,-0.001,0.008,1.977,-44.276,0.350,2.613344,0.000698,0.000030,0.000000,0.000000,0.000000,0.000000,0.000000,0.000000,1,0.00
1.436000,-0.001,-0.013407,-0.013407,4.321,7.00,0.024311,0.001950,-0.000017,0.011474,-0.001,0.009,1.979,-44.273,0.350,2.613137,0.001146,0.000029,0.000000,0.000000,0.000000,0.000000,0.000000,0.000000,1,0.00
1.438000,-0.001,-0.013780,-0.013780,4.321,7.00,0.023556,0.002730,-0.000016,0.011066,-0.000,0.009,1.981,-44.270,0.350,2.612927,0.001598,0.000029,0.000000,0.000000,0.000000,0.000000,0.000000,0.000000,1,0.00
1.440000,-0.002,-0.012829,-0.012829,4.321,7.00,0.022810,0.003506,-0.000015,0.009338,0.000,0.009,1.983,-44.266,0.350,2.612720,0.002046,0.000028,0.000000,0.000000,0.000000,0.000000,0.000000,0.000000,1,0.00
1.442000,-0.002,-0.014380,-0.014380,4.321,7.00,0.022097,0.004270,-0.000014,0.010125,0.001,0.010,1.984,-44.263,0.350,2.612522,0.002489,0.000027,0.000000,0.000000,0.000000,0.000000,0.000000,0.000000,1,0.00
1.444000,-0.003,-0.014522,-0.014522,4.321,7.00,0.021367,0.005035,-0.000013,0.009500,0.001,0.010,1.986,-44.259,0.350,2.612324,0.002932,0.000026,0.000000,0.000000,0.000000,0.000000,0.000000,0.000000,1,0.00
1.446000,-0.003,-0.014922,-0.014922,4.321,7.00,0.020650,0.005793,-0.000012,0.009141,0.001,0.010,1.988,-44.256,0.350,2.612129,0.003371,0.000025,0.000000,0.000000,0.000000,0.000000,0.000000,0.000000,1,0.00
1.448000,-0.003,-0.016589,-0.016589,4.321,7.00,0.019938,0.006547,-0.000011,0.010053,0.002,0.011,1.990,-44.253,0.350,2.611938,0.003808,0.000025,0.000000,0.000000,0.000000,0.000000,0.000000,0.000000,1,0.00
1.450000,-0.004,-0.019361,-0.019361,4.321,7.00,0.019208,0.007302,-0.000010,0.012070,0.002,0.013,1.992,-44.249,0.350,2.611745,0.004246,0.000025,0.000000,0.000000,0.000000,0.000000,0.000000,0.000000,1,0.00
1.452000,-0.004,-0.021166,-0.021166,4.321,7.00,0.018436,0.008064,-0.000009,0.013112,0.003,0.014,1.994,-44.246,0.350,2.611547,0.004688,0.000025,0.000000,0.000000,0.000000,0.000000,0.000000,0.000000,1,0.00
1.454000,-0.004,-0.021916,-0.021916,4.321,7.00,0.017644,0.008827,-0.000008,0.013097,0.003,0.015,1.996,-44.242,0.350,2.611347,0.005131,0.000025,0.000000,0.000000,0.000000,0.000000,0.000000,0.000000,1,0.00
1.456000,-0.005,-0.021267,-0.021267,4.321,7.00,0.016853,0.009585,-0.000005,0.011687,0.003,0.014,1.998,-44.239,0.350,2.611151,0.005571,0.000026,0.000000,0.000000,0.000000,0.000000,0.000000,0.000000,1,0.00
1.458000,-0.005,-0.023655,-0.023655,4.321,7.00,0.016091,0.010332,-0.000004,0.013326,0.004,0.016,1.999,-44.236,0.350,2.610961,0.006005,0.000026,0.000000,0.000000,0.000000,0.000000,0.000000,0.000000,1,0.00
1.460000,-0.006,-0.022935,-0.022935,4.321,7.00,0.015296,0.011084,-0.000001,0.011853,0.004,0.015,2.001,-44.232,0.350,2.610768,0.006441,0.000026,0.000000,0.000000,0.000000,0.000000,0.000000,0.000000,1,0.00
1.462000,-0.006,-0.022633,-0.022633,4.321,7.00,0.014531,0.011823,0.000001,0.010810,0.004,0.015,2.003,-44.229,0.350,2.610583,0.006871,0.000026,0.000000,0.000000,0.000000,0.000000,0.000000,0.000000,1,0.00
1.464000,-0.006,-0.023154,-0.023154,4.321,7.00,0.013788,0.012553,0.000004,0.010597,0.005,0.015,2.005,-44.225,0.350,2.610405,0.007295,0.000026,0.000000,0.000000,0.000000,0.000000,0.000000,0.000000,1,0.00
1.466000,-0.007,-0.025298,-0.025298,4.321,7.00,0.013049,0.013277,0.000005,0.012016,0.005,0.017,2.007,-44.222,0.350,2.610229,0.007716,0.000026,0.000000,0.000000,0.000000,0.000000,0.000000,0.000000,1,0.00
1.468000,-0.007,-0.023675,-0.023675,4.321,7.00,0.012282,0.014004,0.000009,0.009663,0.006,0.016,2.009,-44.219,0.350,2.610050,0.008138,0.000026,0.000000,0.000000,0.000000,0.000000,0.000000,0.000000,1,0.00
1.470000,-0.007,-0.025574,-0.025574,4.321,7.00,0.011563,0.014714,0.000011,0.010849,0.006,0.017,2.011,-44.215,0.350,2.609883,0.008551,0.000026,0.000000,0.000000,0.000000,0.000000,0.000000,0.000000,1,0.00
1.472000,-0.008,-0.025756,-0.025756,4.321,7.00,0.010820,0.015425,0.000014,0.010317,0.006,0.017,2.013,-44.212,0.350,2.609713,0.008964,0.000026,0.000000,0.000000,0.000000,0.000000,0.000000,0.000000,1,0.00
1.474000,-0.008,-0.027094,-0.027094,4.321,7.00,0.010089,0.016129,0.000017,0.010948,0.007,0.018,2.015,-44.208,0.350,2.609547,0.009373,0.000026,0.000000,0.000000,0.000000,0.000000,0.000000,0.000000,1,0.00
1.476000,-0.008,-0.028933,-0.028933,4.321,7.00,0.009345,0.016831,0.000018,0.012084,0.007,0.019,2.016,-44.205,0.350,2.609382,0.009781,0.000025,0.000000,0.000000,0.000000,0.000000,0.000000,0.000000,1,0.00
1.478000,-0.009,-0.029589,-0.029589,4.321,7.00,0.008580,0.017534,0.000022,0.012032,0.007,0.020,2.018,-44.202,0.350,2.609214,0.010190,0.000025,0.000000,0.000000,0.000000,0.000000,0.000000,0.000000,1,0.00
1.480000,-0.009,-0.029467,-0.029467,4.321,7.00,0.007816,0.018231,0.000026,0.011211,0.008,0.020,2.020,-44.198,0.350,2.609050,0.010595,0.000024,0.000000,0.000000,0.000000,0.000000,0.000000,0.000000,1,0.00
1.482000,-0.009,-0.030094,-0.030094,4.321,7.00,0.007071,0.018918,0.000030,0.011146,0.008,0.020,2.022,-44.195,0.350,2.608891,0.010994,0.000023,0.000000,0.000000,0.000000,0.000000,0.000000,0.000000,1,0.00
1.484000,-0.010,-0.031238,-0.031238,4.321,7.00,0.006327,0.019599,0.000032,0.011606,0.008,0.021,2.024,-44.191,0.350,2.608734,0.011390,0.000023,0.000000,0.000000,0.000000,0.000000,0.000000,0.000000,1,0.00
1.486000,-0.010,-0.029239,-0.029239,4.321,7.00,0.005576,0.020277,0.000037,0.008924,0.009,0.019,2.026,-44.188,0.350,2.608578,0.011785,0.000022,0.000000,0.000000,0.000000,0.000000,0.000000,0.000000,1,0.00
1.488000,-0.010,-0.030639,-0.030639,4.321,7.00,0.004880,0.020936,0.000041,0.009662,0.009,0.020,2.028,-44.185,0.350,2.608435,0.012168,0.000021,0.000000,0.000000,0.000000,0.000000,0.000000,0.000000,1,0.00
1.490000,-0.011,-0.030827,-0.030827,4.321,7.00,0.004169,0.021593,0.000045,0.009189,0.009,0.021,2.030,-44.181,0.350,2.608291,0.012550,0.000020,0.000000,0.000000,0.000000,0.000000,0.000000,0.000000,1,0.00
1.492000,-0.011,-0.031511,-0.031511,4.321,7.00,0.003469,0.022243,0.000050,0.009218,0.010,0.021,2.032,-44.178,0.350,2.608152,0.012928,0.000019,0.000000,0.000000,0.000000,0.000000,0.000000,0.000000,1,0.00
1.494000,-0.011,-0.032888,-0.032888,4.321,7.00,0.002770,0.022888,0.000052,0.009948,0.010,0.022,2.033,-44.174,0.350,2.608014,0.013303,0.000018,0.000000,0.000000,0.000000,0.000000,0.000000,0.000000,1,0.00
1.496000,-0.012,-0.033485,-0.033485,4.321,7.00,0.002057,0.023531,0.000058,0.009896,0.010,0.022,2.035,-44.171,0.350,2.607876,0.013677,0.000017,0.000000,0.000000,0.000000,0.000000,0.000000,0.000000,1,0.00
1.498000,-0.012,-0.033997,-0.033997,4.321,7.00,0.001346,0.024168,0.000062,0.009767,0.011,0.023,2.037,-44.168,0.350,2.607740,0.014047,0.000016,0.000000,0.000000,0.000000,0.000000,0.000000,0.000000,1,0.00
1.500000,-0.012,-0.024820,-0.024820,4.321,7.00,0.000639,0.024800,0.000000,0.000021,0.000,0.017,2.039,-44.164,0.350,2.607608,0.014414,0.000014,0.000000,0.000000,0.000000,0.000000,0.000000,0.000000,1,0.00
1.502000,-0.013,-0.027495,-0.027495,4.321,7.00,0.000130,0.025378,0.000004,0.002113,0.000,0.018,2.041,-44.161,0.350,2.607514,0.014750,0.000012,0.000000,0.000000,0.000000,0.000000,0.000000,0.000000,1,0.00
1.504000,-0.013,-0.029228,-0.029228,4.321,7.00,-0.000423,0.025963,0.000010,0.003255,0.000,0.019,2.043,-44.157,0.350,2.607413,0.015089,0.000011,0.000000,0.000000,0.000000,0.000000,0.000000,0.000000,1,0.00
1.506000,-0.013,-0.031710,-0.031710,4.321,7.00,-0.000999,0.026549,0.000014,0.005147,0.000,0.021,2.045,-44.154,0.350,2.607310,0.015430,0.000009,0.000000,0.000000,0.000000,0.000000,0.000000,0.000000,1,0.00
1.508000,-0.014,-0.033612,-0.033612,4.321,7.00,-0.001613,0.027140,0.000020,0.006452,0.012,0.022,2.047,-44.151,0.350,2.607201,0.015773,0.000007,0.000000,0.000000,0.000000,0.000000,0.000000,0.000000,1,0.00
1.510000,-0.014,-0.035807,-0.035807,4.321,7.00,-0.002253,0.027732,0.000025,0.008050,0.013,0.024,2.049,-44.147,0.350,2.607089,0.016117,0.000005,0.000000,0.000000,0.000000,0.000000,0.000000,0.000000,1,0.00
1.512000,-0.014,-0.035553,-0.035553,4.321,7.00,-0.002924,0.028328,0.000032,0.007192,0.013,0.024,2.051,-44.144,0.350,2.606974,0.016463,0.000003,0.000000,0.000000,0.000000,0.000000,0.000000,0.000000,1,0.00
1.514000,-0.014,-0.037182,-0.037182,4.321,7.00,-0.003577,0.028914,0.000036,0.008231,0.013,0.025,2.052,-44.141,0.350,2.606864,0.016804,0.000001,0.000000,0.000000,0.000000,0.000000,0.000000,0.000000,1,0.00
1.516000,-0.015,-0.037726,-0.037726,4.321,7.00,-0.004249,0.029501,0.000041,0.008184,0.014,0.025,2.054,-44.137,0.350,2.606752,0.017145,-0.000001,0.000000,0.000000,0.000000,0.000000,0.000000,0.000000,1,0.00
1.518000,-0.015,-0.039420,-0.039420,4.321,7.00,-0.004918,0.030083,0.000045,0.009293,0.014,0.026,2.056,-44.134,0.350,2.606643,0.017482,-0.000004,0.000000,0.000000,0.000000,0.000000,0.000000,0.000000,1,0.00
1.520000,-0.015,-0.039198,-0.039198,4.321,7.00,-0.005608,0.030665,0.000056,0.008477,0.014,0.026,2.058,-44.130,0.350,2.606532,0.017820,-0.000006,0.000000,0.000000,0.000000,0.000000,0.000000,0.000000,1,0.00
1.522000,-0.016,-0.039887,-0.039887,4.321,7.00,-0.006280,0.031237,0.000062,0.008588,0.014,0.027,2.060,-44.127,0.350,2.606427,0.018153,-0.000009,0.000000,0.000000,0.000000,0.000000,0.000000,0.000000,1,0.00
1.524000,-0.016,-0.041257,-0.041257,4.321,7.00,-0.006952,0.031806,0.000065,0.009387,0.015,0.028,2.062,-44.124,0.350,2.606324,0.018483,-0.000012,0.000000,0.000000,0.000000,0.000000,0.000000,0.000000,1,0.00
1.526000,-0.016,-0.041186,-0.041186,4.321,7.00,-0.007638,0.032372,0.000073,0.008741,0.015,0.027,2.064,-44.120,0.350,2.606220,0.018812,-0.000015,0.000000,0.000000,0.000000,0.000000,0.000000,0.000000,1,0.00
1.528000,-0.016,-0.041013,-0.041013,4.321,7.00,-0.008309,0.032931,0.000078,0.008004,0.015,0.027,2.066,-44.117,0.350,2.606121,0.019136,-0.000018,0.000000,0.000000,0.000000,0.000000,0.000000,0.000000,1,0.00
1.530000,-0.017,-0.041913,-0.041913,4.321,7.00,-0.008963,0.033481,0.000086,0.008345,0.016,0.028,2.068,-44.113,0.350,2.606027,0.019455,-0.000022,0.000000,0.000000,0.000000,0.000000,0.000000,0.000000,1,0.00
1.532000,-0.017,-0.043043,-0.043043,4.321,7.00,-0.009622,0.034028,0.000091,0.008924,0.016,0.029,2.070,-44.110,0.350,2.605934,0.019771,-0.000025,0.000000,0.000000,0.000000,0.000000,0.000000,0.000000,1,0.00
1.534000,-0.017,-0.041654,-0.041654,4.321,7.00,-0.010291,0.034572,0.000100,0.006981,0.016,0.028,2.071,-44.107,0.350,2.605841,0.020087,-0.000029,0.000000,0.000000,0.000000,0.000000,0.000000,0.000000,1,0.00
1.536000,-0.018,-0.042643,-0.042643,4.321,7.00,-0.010918,0.035101,0.000106,0.007436,0.016,0.028,2.073,-44.103,0.350,2.605758,0.020394,-0.000032,0.000000,0.000000,0.000000,0.000000,0.000000,0.000000,1,0.00
1.538000,-0.018,-0.042667,-0.042667,4.321,7.00,-0.011552,0.035628,0.000114,0.006925,0.017,0.028,2.075,-44.100,0.350,2.605675,0.020699,-0.000036,0.000000,0.000000,0.000000,0.000000,0.000000,0.000000,1,0.00
1.540000,-0.018,-0.043604,-0.043604,4.321,7.00,-0.012175,0.036148,0.000120,0.007336,0.017,0.029,2.077,-44.096,0.350,2.605597,0.021000,-0.000040,0.000000,0.000000,0.000000,0.000000,0.000000,0.000000,1,0.00
1.542000,-0.018,-0.043427,-0.043427,4.321,7.00,-0.012803,0.036664,0.000128,0.006635,0.017,0.029,2.079,-44.093,0.350,2.605519,0.021299,-0.000043,0.000000,0.000000,0.000000,0.000000,0.000000,0.000000,1,0.00
1.544000,-0.019,-0.044693,-0.044693,4.321,7.00,-0.013416,0.037172,0.000133,0.007388,0.018,0.030,2.081,-44.090,0.350,2.605446,0.021593,-0.000047,0.000000,0.000000,0.000000,0.000000,0.000000,0.000000,1,0.00
1.546000,-0.019,-0.045085,-0.045085,4.321,7.00,-0.014041,0.037678,0.000139,0.007267,0.018,0.030,2.083,-44.086,0.350,2.605372,0.021887,-0.000051,0.000000,0.000000,0.000000,0.000000,0.000000,0.000000,1,0.00
1.548000,-0.019,-0.045447,-0.045447,4.321,7.00,-0.014662,0.038179,0.000149,0.007119,0.018,0.030,2.085,-44.083,0.350,2.605302,0.022177,-0.000054,0.000000,0.000000,0.000000,0.000000,0.000000,0.000000,1,0.00
1.550000,-0.019,-0.046286,-0.046286,4.321,7.00,-0.015278,0.038674,0.000154,0.007458,0.018,0.031,2.087,-44.080,0.350,2.605234,0.022464,-0.000058,0.000000,0.000000,0.000000,0.000000,0.000000,0.000000,1,0.00
1.552000,-0.020,-0.046485,-0.046485,4.321,7.00,-0.015898,0.039166,0.000164,0.007154,0.019,0.031,2.089,-44.076,0.350,2.605167,0.022748,-0.000062,0.000000,0.000000,0.000000,0.000000,0.000000,0.000000,1,0.00
1.554000,-0.020,-0.046757,-0.046757,4.321,7.00,-0.016510,0.039652,0.000170,0.006935,0.019,0.031,2.090,-44.073,0.350,2.605103,0.023029,-0.000066,0.000000,0.000000,0.000000,0.000000,0.000000,0.000000,1,0.00
1.556000,-0.020,-0.046778,-0.046778,4.321,7.00,-0.017115,0.040131,0.000179,0.006468,0.019,0.031,2.092,-44.069,0.350,2.605043,0.023307,-0.000069,0.000000,0.000000,0.000000,0.000000,0.000000,0.000000,1,0.00
1.558000,-0.020,-0.047646,-0.047646,4.321,7.00,-0.017708,0.040603,0.000186,0.006857,0.019,0.032,2.094,-44.066,0.350,2.604986,0.023580,-0.000073,0.000000,0.000000,0.000000,0.000000,0.000000,0.000000,1,0.00
1.560000,-0.021,-0.047148,-0.047148,4.321,7.00,-0.018307,0.041072,0.000197,0.005880,0.020,0.031,2.096,-44.063,0.350,2.604931,0.023851,-0.000077,0.000000,0.000000,0.000000,0.000000,0.000000,0.000000,1,0.00
1.562000,-0.021,-0.048451,-0.048451,4.321,7.00,-0.018884,0.041531,0.000202,0.006718,0.020,0.032,2.098,-44.059,0.350,2.604881,0.024117,-0.000081,0.000000,0.000000,0.000000,0.000000,0.000000,0.000000,1,0.00
1.564000,-0.021,-0.048210,-0.048210,4.321,7.00,-0.019475,0.041989,0.000213,0.006008,0.020,0.032,2.100,-44.056,0.350,2.604830,0.024382,-0.000085,0.000000,0.000000,0.000000,0.000000,0.000000,0.000000,1,0.00
1.566000,-0.021,-0.049179,-0.049179,4.321,7.00,-0.020050,0.042439,0.000219,0.006521,0.020,0.033,2.102,-44.052,0.350,2.604784,0.024643,-0.000088,0.000000,0.000000,0.000000,0.000000,0.000000,0.000000,1,0.00
1.568000,-0.021,-0.049183,-0.049183,4.321,7.00,-0.020632,0.042887,0.000229,0.006066,0.021,0.033,2.104,-44.049,0.350,2.604738,0.024902,-0.000092,0.000000,0.000000,0.000000,0.000000,0.000000,0.000000,1,0.00
1.570000,-0.022,-0.050052,-0.050052,4.321,7.00,-0.021203,0.043327,0.000237,0.006488,0.021,0.033,2.106,-44.046,0.350,2.604697,0.025156,-0.000096,0.000000,0.000000,0.000000,0.000000,0.000000,0.000000,1,0.00
1.572000,-0.022,-0.049714,-0.049714,4.321,7.00,-0.021780,0.043765,0.000246,0.005702,0.021,0.033,2.108,-44.042,0.350,2.604655,0.025409,-0.000100,0.000000,0.000000,0.000000,0.000000,0.000000,0.000000,1,0.00
1.574000,-0.022,-0.050709,-0.050709,4.321,7.00,-0.022339,0.044194,0.000253,0.006262,0.021,0.034,2.110,-44.039,0.350,2.604619,0.025657,-0.000104,0.000000,0.000000,0.000000,0.000000,0.000000,0.000000,1,0.00
1.576000,-0.022,-0.050758,-0.050758,4.321,7.00,-0.022906,0.044621,0.000261,0.005876,0.021,0.034,2.111,-44.035,0.350,2.604583,0.025904,-0.000108,0.000000,0.000000,0.000000,0.000000,0.000000,0.000000,1,0.00
1.578000,-0.023,-0.052362,-0.052362,4.321,7.00,-0.023463,0.045041,0.000266,0.007055,0.022,0.035,2.113,-44.032,0.350,2.604551,0.026147,-0.000112,0.000000,0.000000,0.000000,0.000000,0.000000,0.000000,1,0.00
1.580000,-0.023,-0.053291,-0.053291,4.321,7.00,-0.024041,0.045462,0.000271,0.007558,0.022,0.036,2.115,-44.029,0.350,2.604516,0.026390,-0.000116,0.000000,0.000000,0.000000,0.000000,0.000000,0.000000,1,0.00
1.582000,-0.023,-0.053749,-0.053749,4.321,7.00,-0.024626,0.045880,0.000280,0.007589,0.022,0.036,2.117,-44.025,0.350,2.604482,0.026632,-0.000120,0.000000,0.000000,0.000000,0.000000,0.000000,0.000000,1,0.00
1.584000,-0.023,-0.053888,-0.053888,4.321,7.00,-0.025209,0.046293,0.000289,0.007306,0.022,0.036,2.119,-44.022,0.350,2.604450,0.026870,-0.000124,0.000000,0.000000,0.000000,0.000000,0.000000,0.000000,1,0.00
1.586000,-0.023,-0.053899,-0.053899,4.321,7.00,-0.025782,0.046701,0.000301,0.006898,0.023,0.036,2.121,-44.019,0.350,2.604421,0.027105,-0.000128,0.000000,0.000000,0.000000,0.000000,0.000000,0.000000,1,0.00
1.588000,-0.024,-0.053671,-0.053671,4.321,7.00,-0.026345,0.047101,0.000307,0.006263,0.023,0.036,2.123,-44.015,0.350,2.604396,0.027336,-0.000132,0.000000,0.000000,0.000000,0.000000,0.000000,0.000000,1,0.00
1.590000,-0.024,-0.053323,-0.053323,4.321,7.00,-0.026891,0.047493,0.000316,0.005515,0.023,0.036,2.125,-44.012,0.350,2.604376,0.027562,-0.000136,0.000000,0.000000,0.000000,0.000000,0.000000,0.000000,1,0.00
1.592000,-0.024,-0.053452,-0.053452,4.321,7.00,-0.027420,0.047877,0.000328,0.005247,0.023,0.036,2.127,-44.008,0.350,2.604361,0.027784,-0.000140,0.000000,0.000000,0.000000,0.000000,0.000000,0.000000,1,0.00
1.594000,-0.024,-0.054261,-0.054261,4.321,7.00,-0.027940,0.048254,0.000334,0.005673,0.023,0.036,2.129,-44.005,0.350,2.604348,0.028001,-0.000144,0.000000,0.000000,0.000000,0.000000,0.000000,0.000000,1,0.00
1.596000,-0.024,-0.054622,-0.054622,4.321,7.00,-0.028467,0.048629,0.000346,0.005646,0.024,0.036,2.131,-44.002,0.350,2.604337,0.028217,-0.000149,0.000000,0.000000,0.000000,0.000000,0.000000,0.000000,1,0.00
1.598000,-0.024,-0.054743,-0.054743,4.321,7.00,-0.028990,0.048999,0.000353,0.005390,0.024,0.036,2.132,-43.998,0.350,2.604327,0.028430,-0.000153,0.000000,0.000000,0.000000,0.000000,0.000000,0.000000,1,0.00
1.600000,-0.025,-0.049404,-0.049404,4.321,7.00,-0.029505,0.049364,0.000000,0.000040,0.000,0.033,2.134,-43.995,0.350,2.604321,0.028640,-0.000157,0.000000,0.000000,0.000000,0.000000,0.000000,0.000000,1,0.00
1.602000,-0.025,-0.051138,-0.051138,4.321,7.00,-0.029903,0.049696,0.000006,0.001436,0.000,0.034,2.136,-43.991,0.350,2.604337,0.028831,-0.000161,0.000000,0.000000,0.000000,0.000000,0.000000,0.000000,1,0.00
1.604000,-0.025,-0.052205,-0.052205,4.321,7.00,-0.030328,0.050031,0.000018,0.002157,0.000,0.035,2.138,-43.988,0.350,2.604350,0.029023,-0.000165,0.000000,0.000000,0.000000,0.000000,0.000000,0.000000,1,0.00
1.606000,-0.025,-0.053588,-0.053588,4.321,7.00,-0.030765,0.050365,0.000026,0.003198,0.000,0.036,2.140,-43.985,0.350,2.604362,0.029215,-0.000169,0.000000,0.000000,0.000000,0.000000,0.000000,0.000000,1,0.00
1.608000,-0.025,-0.054665,-0.054665,4.321,7.00,-0.031222,0.050699,0.000037,0.003928,0.025,0.036,2.142,-43.981,0.350,2.604371,0.029407,-0.000173,0.000000,0.000000,0.000000,0.000000,0.000000,0.000000,1,0.00
1.610000,-0.026,-0.056240,-0.056240,4.321,7.00,-0.031691,0.051033,0.000044,0.005163,0.025,0.037,2.144,-43.978,0.350,2.604379,0.029599,-0.000177,0.000000,0.000000,0.000000,0.000000,0.000000,0.000000,1,0.00
1.612000,-0.026,-0.055878,-0.055878,4.321,7.00,-0.032181,0.051368,0.000056,0.004454,0.025,0.037,2.146,-43.975,0.350,2.604385,0.029792,-0.000181,0.000000,0.000000,0.000000,0.000000,0.000000,0.000000,1,0.00
1.614000,-0.026,-0.056869,-0.056869,4.321,7.00,-0.032655,0.051695,0.000063,0.005111,0.025,0.038,2.148,-43.971,0.350,2.604396,0.029980,-0.000184,0.000000,0.000000,0.000000,0.000000,0.000000,0.000000,1,0.00
1.616000,-0.026,-0.056924,-0.056924,4.321,7.00,-0.033140,0.052020,0.000074,0.004830,0.025,0.038,2.150,-43.968,0.350,2.604406,0.030167,-0.000188,0.000000,0.000000,0.000000,0.000000,0.000000,0.000000,1,0.00
1.618000,-0.026,-0.057303,-0.057303,4.321,7.00,-0.033615,0.052340,0.000084,0.004879,0.026,0.038,2.152,-43.964,0.350,2.604419,0.030350,-0.000192,0.000000,0.000000,0.000000,0.000000,0.000000,0.000000,1,0.00
1.620000,-0.026,-0.058123,-0.058123,4.321,7.00,-0.034089,0.052655,0.000089,0.005379,0.026,0.039,2.153,-43.961,0.350,2.604434,0.030531,-0.000195,0.000000,0.000000,0.000000,0.000000,0.000000,0.000000,1,0.00
1.622000,-0.026,-0.058400,-0.058400,4.321,7.00,-0.034570,0.052968,0.000102,0.005330,0.026,0.039,2.155,-43.958,0.350,2.604449,0.030711,-0.000199,0.000000,0.000000,0.000000,0.000000,0.000000,0.000000,1,0.00
1.624000,-0.027,-0.058279,-0.058279,4.321,7.00,-0.035046,0.053276,0.000111,0.004893,0.026,0.039,2.157,-43.954,0.350,2.604466,0.030888,-0.000203,0.000000,0.000000,0.000000,0.000000,0.000000,0.000000,1,0.00
1.626000,-0.027,-0.058527,-0.058527,4.321,7.00,-0.035511,0.053577,0.000122,0.004828,0.026,0.039,2.159,-43.951,0.350,2.604487,0.031061,-0.000207,0.000000,0.000000,0.000000,0.000000,0.000000,0.000000,1,0.00
1.628000,-0.027,-0.059185,-0.059185,4.321,7.00,-0.035971,0.053873,0.000129,0.005182,0.026,0.039,2.161,-43.947,0.350,2.604510,0.031230,-0.000211,0.000000,0.000000,0.000000,0.000000,0.000000,0.000000,1,0.00
1.630000,-0.027,-0.058268,-0.058268,4.321,7.00,-0.036436,0.054167,0.000144,0.003957,0.026,0.039,2.163,-43.944,0.350,2.604534,0.031398,-0.000214,0.000000,0.000000,0.000000,0.000000,0.000000,0.000000,1,0.00
1.632000,-0.027,-0.058730,-0.058730,4.321,7.00,-0.036872,0.054450,0.000153,0.004127,0.027,0.039,2.165,-43.941,0.350,2.604564,0.031560,-0.000218,0.000000,0.000000,0.000000,0.000000,0.000000,0.000000,1,0.00
1.634000,-0.027,-0.059366,-0.059366,4.321,7.00,-0.037309,0.054729,0.000159,0.004477,0.027,0.040,2.167,-43.937,0.350,2.604595,0.031720,-0.000222,0.000000,0.000000,0.000000,0.000000,0.000000,0.000000,1,0.00
1.636000,-0.028,-0.059452,-0.059452,4.321,7.00,-0.037751,0.055006,0.000175,0.004272,0.027,0.040,2.169,-43.934,0.350,2.604627,0.031878,-0.000226,0.000000,0.000000,0.000000,0.000000,0.000000,0.000000,1,0.00
1.638000,-0.028,-0.059447,-0.059447,4.321,7.00,-0.038185,0.055277,0.000184,0.003987,0.027,0.040,2.171,-43.931,0.350,2.604662,0.032033,-0.000230,0.000000,0.000000,0.000000,0.000000,0.000000,0.000000,1,0.00
1.640000,-0.028,-0.059753,-0.059753,4.321,7.00,-0.038610,0.055542,0.000197,0.004015,0.027,0.040,2.173,-43.927,0.350,2.604699,0.032185,-0.000234,0.000000,0.000000,0.000000,0.000000,0.000000,0.000000,1,0.00
1.642000,-0.028,-0.059972,-0.059972,4.321,7.00,-0.039033,0.055803,0.000206,0.003963,0.027,0.040,2.175,-43.924,0.350,2.604738,0.032334,-0.000237,0.000000,0.000000,0.000000,0.000000,0.000000,0.000000,1,0.00
1.644000,-0.028,-0.060272,-0.060272,4.321,7.00,-0.039451,0.056059,0.000212,0.004001,0.028,0.040,2.176,-43.920,0.350,2.604780,0.032480,-0.000241,0.000000,0.000000,0.000000,0.000000,0.000000,0.000000,1,0.00
1.646000,-0.028,-0.060941,-0.060941,4.321,7.00,-0.039868,0.056311,0.000219,0.004410,0.028,0.041,2.178,-43.917,0.350,2.604823,0.032623,-0.000245,0.000000,0.000000,0.000000,0.000000,0.000000,0.000000,1,0.00
1.648000,-0.028,-0.060835,-0.060835,4.321,7.00,-0.040289,0.056560,0.000234,0.004041,0.028,0.041,2.180,-43.914,0.350,2.604866,0.032765,-0.000248,0.000000,0.000000,0.000000,0.000000,0.000000,0.000000,1,0.00
1.650000,-0.028,-0.061098,-0.061098,4.321,7.00,-0.040700,0.056803,0.000246,0.004049,0.028,0.041,2.182,-43.910,0.350,2.604912,0.032904,-0.000252,0.000000,0.000000,0.000000,0.000000,0.000000,0.000000,1,0.00
1.652000,-0.029,-0.061776,-0.061776,4.321,7.00,-0.041108,0.057042,0.000252,0.004483,0.028,0.041,2.184,-43.907,0.350,2.604961,0.033039,-0.000256,0.000000,0.000000,0.000000,0.000000,0.000000,0.000000,1,0.00
1.654000,-0.029,-0.061165,-0.061165,4.321,7.00,-0.041522,0.057278,0.000266,0.003621,0.028,0.041,2.186,-43.903,0.350,2.605009,0.033174,-0.000259,0.000000,0.000000,0.000000,0.000000,0.000000,0.000000,1,0.00
1.656000,-0.029,-0.061135,-0.061135,4.321,7.00,-0.041914,0.057505,0.000276,0.003353,0.028,0.041,2.188,-43.900,0.350,2.605062,0.033303,-0.000263,0.000000,0.000000,0.000000,0.000000,0.000000,0.000000,1,0.00
1.658000,-0.029,-0.061361,-0.061361,4.321,7.00,-0.042299,0.057727,0.000290,0.003343,0.028,0.041,2.190,-43.897,0.350,2.605119,0.033429,-0.000266,0.000000,0.000000,0.000000,0.000000,0.000000,0.000000,1,0.00
1.660000,-0.029,-0.061790,-0.061790,4.321,7.00,-0.042680,0.057945,0.000298,0.003547,0.029,0.041,2.192,-43.893,0.350,2.605177,0.033552,-0.000270,0.000000,0.000000,0.000000,0.000000,0.000000,0.000000,1,0.00
1.662000,-0.029,-0.061242,-0.061242,4.321,7.00,-0.043062,0.058159,0.000313,0.002770,0.029,0.041,2.194,-43.890,0.350,2.605236,0.033674,-0.000273,0.000000,0.000000,0.000000,0.000000,0.000000,0.000000,1,0.00
1.664000,-0.029,-0.061533,-0.061533,4.321,7.00,-0.043426,0.058365,0.000324,0.002844,0.029,0.041,2.196,-43.887,0.350,2.605299,0.033791,-0.000277,0.000000,0.000000,0.000000,0.000000,0.000000,0.000000,1,0.00
1.666000,-0.029,-0.061545,-0.061545,4.321,7.00,-0.043788,0.058567,0.000338,0.002639,0.029,0.041,2.197,-43.883,0.350,2.605364,0.033905,-0.000280,0.000000,0.000000,0.000000,0.000000,0.000000,0.000000,1,0.00
1.668000,-0.029,-0.061897,-0.061897,4.321,7.00,-0.044143,0.058764,0.000348,0.002785,0.029,0.041,2.199,-43.880,0.350,2.605431,0.034016,-0.000283,0.000000,0.000000,0.000000,0.000000,0.000000,0.000000,1,0.00
1.670000,-0.029,-0.061787,-0.061787,4.321,7.00,-0.044498,0.058957,0.000360,0.002471,0.029,0.041,2.201,-43.876,0.350,2.605499,0.034125,-0.000286,0.000000,0.000000,0.000000,0.000000,0.000000,0.000000,1,0.00
1.672000,-0.030,-0.062203,-0.062203,4.321,7.00,-0.044844,0.059144,0.000368,0.002690,0.029,0.041,2.203,-43.873,0.350,2.605570,0.034231,-0.000289,0.000000,0.000000,0.000000,0.000000,0.000000,0.000000,1,0.00
1.674000,-0.030,-0.062235,-0.062235,4.321,7.00,-0.045191,0.059329,0.000383,0.002523,0.029,0.041,2.205,-43.870,0.350,2.605642,0.034335,-0.000292,0.000000,0.000000,0.000000,0.000000,0.000000,0.000000,1,0.00
1.676000,-0.030,-0.062709,-0.062709,4.321,7.00,-0.045532,0.059508,0.000390,0.002810,0.029,0.042,2.207,-43.866,0.350,2.605716,0.034436,-0.000295,0.000000,0.000000,0.000000,0.000000,0.000000,0.000000,1,0.00
1.678000,-0.030,-0.062655,-0.062655,4.321,7.00,-0.045876,0.059684,0.000405,0.002567,0.029,0.042,2.209,-43.863,0.350,2.605791,0.034535,-0.000298,0.000000,0.000000,0.000000,0.000000,0.000000,0.000000,1,0.00
1.680000,-0.030,-0.062718,-0.062718,4.321,7.00,-0.046211,0.059855,0.000419,0.002444,0.030,0.042,2.211,-43.859,0.350,2.605868,0.034632,-0.000301,0.000000,0.000000,0.000000,0.000000,0.000000,0.000000,1,0.00
1.682000,-0.030,-0.062625,-0.062625,4.321,7.00,-0.046541,0.060021,0.000433,0.002171,0.030,0.042,2.213,-43.856,0.350,2.605947,0.034725,-0.000304,0.000000,0.000000,0.000000,0.000000,0.000000,0.000000,1,0.00
1.684000,-0.030,-0.063005,-0.063005,4.321,7.00,-0.046863,0.060181,0.000441,0.002382,0.030,0.042,2.215,-43.853,0.350,2.606028,0.034815,-0.000307,0.000000,0.000000,0.000000,0.000000,0.000000,0.000000,1,0.00
1.686000,-0.030,-0.062758,-0.062758,4.321,7.00,-0.047186,0.060339,0.000457,0.001962,0.030,0.042,2.217,-43.849,0.350,2.606111,0.034903,-0.000309,0.000000,0.000000,0.000000,0.000000,0.000000,0.000000,1,0.00
1.688000,-0.030,-0.063023,-0.063023,4.321,7.00,-0.047497,0.060490,0.000467,0.002066,0.030,0.042,2.218,-43.846,0.350,2.606196,0.034988,-0.000312,0.000000,0.000000,0.000000,0.000000,0.000000,0.000000,1,0.00
1.690000,-0.030,-0.063179,-0.063179,4.321,7.00,-0.047808,0.060637,0.000480,0.002062,0.030,0.042,2.220,-43.843,0.350,2.606283,0.035070,-0.000315,0.000000,0.000000,0.000000,0.000000,0.000000,0.000000,1,0.00
1.692000,-0.030,-0.063324,-0.063324,4.321,7.00,-0.048115,0.060780,0.000492,0.002052,0.030,0.042,2.222,-43.839,0.350,2.606371,0.035150,-0.000317,0.000000,0.000000,0.000000,0.000000,0.000000,0.000000,1,0.00
1.694000,-0.030,-0.063507,-0.063507,4.321,7.00,-0.048419,0.060920,0.000499,0.002088,0.030,0.042,2.224,-43.836,0.350,2.606460,0.035228,-0.000320,0.000000,0.000000,0.000000,0.000000,0.000000,0.000000,1,0.00
1.696000,-0.031,-0.063627,-0.063627,4.321,7.00,-0.048721,0.061055,0.000515,0.002058,0.030,0.042,2.226,-43.832,0.350,2.606551,0.035303,-0.000322,0.000000,0.000000,0.000000,0.000000,0.000000,0.000000,1,0.00
1.698000,-0.031,-0.063679,-0.063679,4.321,7.00,-0.049019,0.061185,0.000525,0.001968,0.030,0.042,2.228,-43.829,0.350,2.606643,0.035376,-0.000325,0.000000,0.000000,0.000000,0.000000,0.000000,0.000000,1,0.00
1.700000,-0.031,-0.061361,-0.061361,4.321,7.00,-0.049312,0.061312,0.000000,0.000049,0.000,0.041,2.230,-43.826,0.350,2.606738,0.035446,-0.000327,0.000000,0.000000,0.000000,0.000000,0.000000,0.000000,1,0.00
1.702000,-0.031,-0.061952,-0.061952,4.321,7.00,-0.049553,0.061422,0.000007,0.000523,0.000,0.041,2.232,-43.822,0.350,2.606843,0.035506,-0.000330,0.000000,0.000000,0.000000,0.000000,0.000000,0.000000,1,0.00
1.704000,-0.031,-0.062333,-0.062333,4.321,7.00,-0.049801,0.061531,0.000020,0.000782,0.000,0.042,2.234,-43.819,0.350,2.606947,0.035566,-0.000332,0.000000,0.000000,0.000000,0.000000,0.000000,0.000000,1,0.00
1.706000,-0.031,-0.062755,-0.062755,4.321,7.00,-0.050052,0.061638,0.000031,0.001086,0.000,0.042,2.236,-43.815,0.350,2.607051,0.035625,-0.000334,0.000000,0.000000,0.000000,0.000000,0.000000,0.000000,1,0.00
1.708000,-0.031,-0.063088,-0.063088,4.321,7.00,-0.050306,0.061742,0.000046,0.001300,0.031,0.042,2.238,-43.812,0.350,2.607156,0.035682,-0.000336,0.000000,0.000000,0.000000,0.000000,0.000000,0.000000,1,0.00
1.710000,-0.031,-0.063455,-0.063455,4.321,7.00,-0.050562,0.061842,0.000056,0.001557,0.031,0.042,2.240,-43.809,0.350,2.607261,0.035737,-0.000338,0.000000,0.000000,0.000000,0.000000,0.000000,0.000000,1,0.00
1.712000,-0.031,-0.063387,-0.063387,4.321,7.00,-0.050820,0.061940,0.000066,0.001380,0.031,0.042,2.241,-43.805,0.350,2.607366,0.035790,-0.000340,0.000000,0.000000,0.000000,0.000000,0.000000,0.000000,1,0.00
1.714000,-0.031,-0.063430,-0.063430,4.321,7.00,-0.051071,0.062034,0.000081,0.001315,0.031,0.042,2.243,-43.802,0.350,2.607473,0.035841,-0.000342,0.000000,0.000000,0.000000,0.000000,0.000000,0.000000,1,0.00
1.716000,-0.031,-0.063562,-0.063562,4.321,7.00,-0.051318,0.062123,0.000089,0.001350,0.031,0.042,2.245,-43.798,0.350,2.607582,0.035889,-0.000344,0.000000,0.000000,0.000000,0.000000,0.000000,0.000000,1,0.00
1.718000,-0.031,-0.063618,-0.063618,4.321,7.00,-0.051563,0.062208,0.000105,0.001305,0.031,0.042,2.247,-43.795,0.350,2.607692,0.035935,-0.000346,0.000000,0.000000,0.000000,0.000000,0.000000,0.000000,1,0.00
1.720000,-0.031,-0.063683,-0.063683,4.321,7.00,-0.051804,0.062288,0.000114,0.001280,0.031,0.042,2.249,-43.792,0.350,2.607804,0.035979,-0.000348,0.000000,0.000000,0.000000,0.000000,0.000000,0.000000,1,0.00
1.722000,-0.031,-0.063651,-0.063651,4.321,7.00,-0.052042,0.062365,0.000128,0.001158,0.031,0.042,2.251,-43.788,0.350,2.607917,0.036020,-0.000350,0.000000,0.000000,0.000000,0.000000,0.000000,0.000000,1,0.00
1.724000,-0.031,-0.063747,-0.063747,4.321,7.00,-0.052274,0.062438,0.000139,0.001171,0.031,0.042,2.253,-43.785,0.350,2.608031,0.036059,-0.000352,0.000000,0.000000,0.000000,0.000000,0.000000,0.000000,1,0.00
1.726000,-0.031,-0.063796,-0.063796,4.321,7.00,-0.052503,0.062506,0.000145,0.001144,0.031,0.043,2.255,-43.782,0.350,2.608147,0.036095,-0.000354,0.000000,0.000000,0.000000,0.000000,0.000000,0.000000,1,0.00
1.728000,-0.031,-0.063928,-0.063928,4.321,7.00,-0.052729,0.062570,0.000154,0.001204,0.031,0.043,2.257,-43.778,0.350,2.608264,0.036129,-0.000355,0.000000,0.000000,0.000000,0.000000,0.000000,0.000000,1,0.00
1.730000,-0.031,-0.063975,-0.063975,4.321,7.00,-0.052953,0.062631,0.000161,0.001183,0.031,0.043,2.259,-43.775,0.350,2.608382,0.036161,-0.000357,0.000000,0.000000,0.000000,0.000000,0.000000,0.000000,1,0.00
1.732000,-0.031,-0.063982,-0.063982,4.321,7.00,-0.053174,0.062687,0.000178,0.001117,0.031,0.043,2.261,-43.771,0.350,2.608502,0.036190,-0.000359,0.000000,0.000000,0.000000,0.000000,0.000000,0.000000,1,0.00
1.734000,-0.031,-0.064017,-0.064017,4.321,7.00,-0.053390,0.062739,0.000187,0.001091,0.031,0.043,2.262,-43.768,0.350,2.608623,0.036217,-0.000360,0.000000,0.000000,0.000000,0.000000,0.000000,0.000000,1,0.00
1.736000,-0.031,-0.063951,-0.063951,4.321,7.00,-0.053602,0.062787,0.000195,0.000968,0.031,0.043,2.264,-43.765,0.350,2.608745,0.036241,-0.000362,0.000000,0.000000,0.000000,0.000000,0.000000,0.000000,1,0.00
1.738000,-0.031,-0.063866,-0.063866,4.321,7.00,-0.053809,0.062831,0.000211,0.000824,0.031,0.043,2.266,-43.761,0.350,2.608869,0.036263,-0.000363,0.000000,0.000000,0.000000,0.000000,0.000000,0.000000,1,0.00
1.740000,-0.031,-0.063797,-0.063797,4.321,7.00,-0.054010,0.062870,0.000220,0.000707,0.031,0.043,2.268,-43.758,0.350,2.608994,0.036282,-0.000365,0.000000,0.000000,0.000000,0.000000,0.000000,0.000000,1,0.00
1.742000,-0.031,-0.063821,-0.063821,4.321,7.00,-0.054206,0.062905,0.000232,0.000685,0.031,0.043,2.270,-43.754,0.350,2.609121,0.036299,-0.000366,0.000000,0.000000,0.000000,0.000000,0.000000,0.000000,1,0.00
1.744000,-0.031,-0.063769,-0.063769,4.321,7.00,-0.054398,0.062935,0.000243,0.000590,0.031,0.043,2.272,-43.751,0.350,2.609250,0.036313,-0.000368,0.000000,0.000000,0.000000,0.000000,0.000000,0.000000,1,0.00
1.746000,-0.031,-0.063762,-0.063762,4.321,7.00,-0.054586,0.062961,0.000249,0.000552,0.031,0.043,2.274,-43.748,0.350,2.609380,0.036324,-0.000369,0.000000,0.000000,0.000000,0.000000,0.000000,0.000000,1,0.00
1.748000,-0.031,-0.063759,-0.063759,4.321,7.00,-0.054769,0.062983,0.000265,0.000511,0.031,0.043,2.276,-43.744,0.350,2.609511,0.036334,-0.000370,0.000000,0.000000,0.000000,0.000000,0.000000,0.000000,1,0.00
1.750000,-0.032,-0.063699,-0.063699,4.321,7.00,-0.054949,0.063001,0.000275,0.000422,0.031,0.042,2.278,-43.741,0.350,2.609643,0.036341,-0.000372,0.000000,0.000000,0.000000,0.000000,0.000000,0.000000,1,0.00
1.752000,-0.032,-0.063671,-0.063671,4.321,7.00,-0.055124,0.063015,0.000289,0.000367,0.031,0.042,2.280,-43.737,0.350,2.609777,0.036345,-0.000373,0.000000,0.000000,0.000000,0.000000,0.000000,0.000000,1,0.00
1.754000,-0.032,-0.063638,-0.063638,4.321,7.00,-0.055295,0.063024,0.000298,0.000316,0.031,0.042,2.282,-43.734,0.350,2.609912,0.036347,-0.000374,0.000000,0.000000,0.000000,0.000000,0.000000,0.000000,1,0.00
1.756000,-0.032,-0.063519,-0.063519,4.321,7.00,-0.055462,0.063030,0.000314,0.000175,0.031,0.042,2.283,-43.731,0.350,2.610048,0.036347,-0.000375,0.000000,0.000000,0.000000,0.000000,0.000000,0.000000,1,0.00
1.758000,-0.032,-0.063488,-0.063488,4.321,7.00,-0.055623,0.063031,0.000323,0.000134,0.032,0.042,2.285,-43.727,0.350,2.610186,0.036344,-0.000376,0.000000,0.000000,0.000000,0.000000,0.000000,0.000000,1,0.00
1.760000,-0.032,-0.063440,-0.063440,4.321,7.00,-0.055780,0.063028,0.000339,0.000073,0.032,0.042,2.287,-43.724,0.350,2.610325,0.036338,-0.000377,0.000000,0.000000,0.000000,0.000000,0.000000,0.000000,1,0.00
1.762000,-0.032,-0.063405,-0.063405,4.321,7.00,-0.055933,0.063020,0.000355,0.000030,0.032,0.042,2.289,-43.721,0.350,2.610466,0.036331,-0.000378,0.000000,0.000000,0.000000,0.000000,0.000000,0.000000,1,0.00
1.764000,-0.032,-0.063347,-0.063347,4.321,7.00,-0.056083,0.063009,0.000370,-0.000032,0.032,0.042,2.291,-43.717,0.350,2.610607,0.036321,-0.000379,0.000000,0.000000,0.000000,0.000000,0.000000,0.000000,1,0.00
1.766000,-0.031,-0.063274,-0.063274,4.321,7.00,-0.056228,0.062994,0.000378,-0.000098,0.032,0.042,2.293,-43.714,0.350,2.610750,0.036308,-0.000380,0.000000,0.000000,0.000000,0.000000,0.000000,0.000000,1,0.00
1.768000,-0.031,-0.063232,-0.063232,4.321,7.00,-0.056369,0.062974,0.000395,-0.000138,0.032,0.042,2.295,-43.710,0.350,2.610894,0.036293,-0.000381,0.000000,0.000000,0.000000,0.000000,0.000000,0.000000,1,0.00
1.770000,-0.031,-0.063144,-0.063144,4.321,7.00,-0.056506,0.062950,0.000405,-0.000211,0.032,0.042,2.297,-43.707,0.350,2.611039,0.036276,-0.000381,0.000000,0.000000,0.000000,0.000000,0.000000,0.000000,1,0.00
1.772000,-0.031,-0.063085,-0.063085,4.321,7.00,-0.056639,0.062923,0.000419,-0.000257,0.032,0.042,2.299,-43.704,0.350,2.611185,0.036257,-0.000382,0.000000,0.000000,0.000000,0.000000,0.000000,0.000000,1,0.00
1.774000,-0.031,-0.062996,-0.062996,4.321,7.00,-0.056768,0.062891,0.000430,-0.000325,0.031,0.042,2.301,-43.700,0.350,2.611332,0.036235,-0.000382,0.000000,0.000000,0.000000,0.000000,0.000000,0.000000,1,0.00
1.776000,-0.031,-0.062952,-0.062952,4.321,7.00,-0.056893,0.062855,0.000444,-0.000347,0.031,0.042,2.303,-43.697,0.350,2.611481,0.036210,-0.000383,0.000000,0.000000,0.000000,0.000000,0.000000,0.000000,1,0.00
1.778000,-0.031,-0.062809,-0.062809,4.321,7.00,-0.057014,0.062815,0.000453,-0.000459,0.031,0.042,2.304,-43.693,0.350,2.611630,0.036184,-0.000383,0.000000,0.000000,0.000000,0.000000,0.000000,0.000000,1,0.00
1.780000,-0.031,-0.062708,-0.062708,4.321,7.00,-0.057130,0.062771,0.000462,-0.000525,0.031,0.042,2.306,-43.690,0.350,2.611781,0.036155,-0.000384,0.000000,0.000000,0.000000,0.000000,0.000000,0.000000,1,0.00
1.782000,-0.031,-0.062493,-0.062493,4.321,7.00,-0.057241,0.062723,0.000469,-0.000698,0.031,0.042,2.308,-43.687,0.350,2.611933,0.036124,-0.000384,0.000000,0.000000,0.000000,0.000000,0.000000,0.000000,1,0.00
1.784000,-0.031,-0.062354,-0.062354,4.321,7.00,-0.057346,0.062670,0.000478,-0.000793,0.031,0.042,2.310,-43.683,0.350,2.612087,0.036089,-0.000385,0.000000,0.000000,0.000000,0.000000,0.000000,0.000000,1,0.00
1.786000,-0.031,-0.062275,-0.062275,4.321,7.00,-0.057446,0.062612,0.000493,-0.000830,0.031,0.042,2.312,-43.680,0.350,2.612242,0.036053,-0.000385,0.000000,0.000000,0.000000,0.000000,0.000000,0.000000,1,0.00
1.788000,-0.031,-0.062242,-0.062242,4.321,7.00,-0.057543,0.062551,0.000507,-0.000817,0.031,0.041,2.314,-43.676,0.350,2.612397,0.036014,-0.000385,0.000000,0.000000,0.000000,0.000000,0.000000,0.000000,1,0.00
1.790000,-0.031,-0.061973,-0.061973,4.321,7.00,-0.057637,0.062487,0.000513,-0.001027,0.031,0.041,2.316,-43.673,0.350,2.612554,0.035973,-0.000385,0.000000,0.000000,0.000000,0.000000,0.000000,0.000000,1,0.00
1.792000,-0.031,-0.062013,-0.062013,4.321,7.00,-0.057724,0.062417,0.000529,-0.000932,0.031,0.041,2.318,-43.670,0.350,2.612712,0.035930,-0.000385,0.000000,0.000000,0.000000,0.000000,0.000000,0.000000,1,0.00
1.794000,-0.031,-0.061907,-0.061907,4.321,7.00,-0.057809,0.062344,0.000539,-0.000975,0.031,0.041,2.320,-43.666,0.350,2.612870,0.035884,-0.000386,0.000000,0.000000,0.000000,0.000000,0.000000,0.000000,1,0.00
1.796000,-0.031,-0.061786,-0.061786,4.321,7.00,-0.057891,0.062267,0.000552,-0.001034,0.031,0.041,2.322,-43.663,0.350,2.613030,0.035836,-0.000386,0.000000,0.000000,0.000000,0.000000,0.000000,0.000000,1,0.00
1.798000,-0.031,-0.061554,-0.061554,4.321,7.00,-0.057969,0.062186,0.000561,-0.001193,0.031,0.041,2.324,-43.659,0.350,2.613190,0.035786,-0.000385,0.000000,0.000000,0.000000,0.000000,0.000000,0.000000,1,0.00
1.800000,-0.031,-0.062150,-0.062150,4.321,7.00,-0.058041,0.062101,0.000000,0.000049,0.000,0.041,2.325,-43.656,0.350,2.613352,0.035734,-0.000385,0.000000,0.000000,0.000000,0.000000,0.000000,0.000000,1,0.00
1.802000,-0.031,-0.061783,-0.061783,4.321,7.00,-0.058123,0.062015,0.000009,-0.000241,0.000,0.041,2.327,-43.653,0.350,2.613512,0.035680,-0.000385,0.000000,0.000000,0.000000,0.000000,0.000000,0.000000,1,0.00
1.804000,-0.031,-0.061480,-0.061480,4.321,7.00,-0.058196,0.061924,0.000022,-0.000466,0.000,0.041,2.329,-43.649,0.350,2.613674,0.035624,-0.000385,0.000000,0.000000,0.000000,0.000000,0.000000,0.000000,1,0.00
1.806000,-0.031,-0.061108,-0.061108,4.321,7.00,-0.058262,0.061828,0.000032,-0.000752,0.000,0.041,2.331,-43.646,0.350,2.613838,0.035566,-0.000385,0.000000,0.000000,0.000000,0.000000,0.000000,0.000000,1,0.00
1.808000,-0.031,-0.060512,-0.060512,4.321,7.00,-0.058319,0.061727,0.000038,-0.001253,0.031,0.040,2.333,-43.643,0.350,2.614003,0.035504,-0.000385,0.000000,0.000000,0.000000,0.000000,0.000000,0.000000,1,0.00
1.810000,-0.031,-0.060166,-0.060166,4.321,7.00,-0.058363,0.061620,0.000054,-0.001508,0.031,0.040,2.335,-43.639,0.350,2.614171,0.035439,-0.000384,0.000000,0.000000,0.000000,0.000000,0.000000,0.000000,1,0.00
1.812000,-0.031,-0.060014,-0.060014,4.321,7.00,-0.058399,0.061508,0.000065,-0.001558,0.031,0.040,2.337,-43.636,0.350,2.614341,0.035371,-0.000384,0.000000,0.000000,0.000000,0.000000,0.000000,0.000000,1,0.00
1.814000,-0.031,-0.059886,-0.059886,4.321,7.00,-0.058431,0.061392,0.000079,-0.001584,0.031,0.040,2.339,-43.632,0.350,2.614511,0.035300,-0.000384,0.000000,0.000000,0.000000,0.000000,0.000000,0.000000,1,0.00
1.816000,-0.031,-0.059671,-0.059671,4.321,7.00,-0.058460,0.061272,0.000088,-0.001689,0.031,0.040,2.341,-43.629,0.350,2.614682,0.035228,-0.000383,0.000000,0.000000,0.000000,0.000000,0.000000,0.000000,1,0.00
1.818000,-0.031,-0.059831,-0.059831,4.321,7.00,-0.058485,0.061148,0.000104,-0.001421,0.031,0.040,2.343,-43.626,0.350,2.614854,0.035153,-0.000382,0.000000,0.000000,0.000000,0.000000,0.000000,0.000000,1,0.00
1.820000,-0.031,-0.059532,-0.059532,4.321,7.00,-0.058511,0.061022,0.000114,-0.001604,0.031,0.040,2.345,-43.622,0.350,2.615026,0.035077,-0.000382,0.000000,0.000000,0.000000,0.000000,0.000000,0.000000,1,0.00
1.822000,-0.030,-0.059487,-0.059487,4.321,7.00,-0.058532,0.060891,0.000129,-0.001533,0.031,0.040,2.346,-43.619,0.350,2.615199,0.034998,-0.000381,0.000000,0.000000,0.000000,0.000000,0.000000,0.000000,1,0.00
1.824000,-0.030,-0.059233,-0.059233,4.321,7.00,-0.058551,0.060757,0.000140,-0.001663,0.031,0.039,2.348,-43.615,0.350,2.615372,0.034917,-0.000380,0.000000,0.000000,0.000000,0.000000,0.000000,0.000000,1,0.00
1.826000,-0.030,-0.059226,-0.059226,4.321,7.00,-0.058565,0.060618,0.000155,-0.001548,0.031,0.039,2.350,-43.612,0.350,2.615546,0.034834,-0.000380,0.000000,0.000000,0.000000,0.000000,0.000000,0.000000,1,0.00
1.828000,-0.030,-0.058832,-0.058832,4.321,7.00,-0.058578,0.060477,0.000164,-0.001808,0.031,0.039,2.352,-43.609,0.350,2.615721,0.034749,-0.000379,0.000000,0.000000,0.000000,0.000000,0.000000,0.000000,1,0.00
1.830000,-0.030,-0.058819,-0.058819,4.321,7.00,-0.058583,0.060330,0.000180,-0.001691,0.030,0.039,2.354,-43.605,0.350,2.615896,0.034662,-0.000378,0.000000,0.000000,0.000000,0.000000,0.000000,0.000000,1,0.00
1.832000,-0.030,-0.058505,-0.058505,4.321,7.00,-0.058588,0.060181,0.000190,-0.001866,0.030,0.039,2.356,-43.602,0.350,2.616072,0.034572,-0.000377,0.000000,0.000000,0.000000,0.000000,0.000000,0.000000,1,0.00
1.834000,-0.030,-0.058419,-0.058419,4.321,7.00,-0.058586,0.060027,0.000204,-0.001812,0.030,0.039,2.358,-43.598,0.350,2.616249,0.034480,-0.000376,0.000000,0.000000,0.000000,0.000000,0.000000,0.000000,1,0.00
1.836000,-0.030,-0.058092,-0.058092,4.321,7.00,-0.058583,0.059869,0.000214,-0.001992,0.030,0.039,2.360,-43.595,0.350,2.616427,0.034387,-0.000375,0.000000,0.000000,0.000000,0.000000,0.000000,0.000000,1,0.00
1.838000,-0.030,-0.058127,-0.058127,4.321,7.00,-0.058573,0.059708,0.000230,-0.001811,0.030,0.039,2.362,-43.592,0.350,2.616606,0.034290,-0.000374,0.000000,0.000000,0.000000,0.000000,0.000000,0.000000,1,0.00
1.840000,-0.030,-0.058040,-0.058040,4.321,7.00,-0.058564,0.059543,0.000253,-0.001756,0.030,0.039,2.364,-43.588,0.350,2.616784,0.034192,-0.000373,0.000000,0.000000,0.000000,0.000000,0.000000,0.000000,1,0.00
1.842000,-0.030,-0.057740,-0.057740,4.321,7.00,-0.058553,0.059375,0.000261,-0.001896,0.030,0.038,2.365,-43.585,0.350,2.616962,0.034092,-0.000372,0.000000,0.000000,0.000000,0.000000,0.000000,0.000000,1,0.00
1.844000,-0.030,-0.057498,-0.057498,4.321,7.00,-0.058537,0.059202,0.000274,-0.001978,0.030,0.038,2.367,-43.581,0.350,2.617142,0.033989,-0.000370,0.000000,0.000000,0.000000,0.000000,0.000000,0.000000,1,0.00
1.846000,-0.030,-0.057312,-0.057312,4.321,7.00,-0.058516,0.059026,0.000285,-0.001999,0.030,0.038,2.369,-43.578,0.350,2.617323,0.033885,-0.000369,0.000000,0.000000,0.000000,0.000000,0.000000,0.000000,1,0.00
1.848000,-0.029,-0.056644,-0.056644,4.321,7.00,-0.058492,0.058845,0.000291,-0.002492,0.030,0.038,2.371,-43.575,0.350,2.617504,0.033778,-0.000368,0.000000,0.000000,0.000000,0.000000,0.000000,0.000000,1,0.00
1.850000,-0.029,-0.056345,-0.056345,4.321,7.00,-0.058455,0.058659,0.000307,-0.002621,0.030,0.038,2.373,-43.571,0.350,2.617687,0.033667,-0.000367,0.000000,0.000000,0.000000,0.000000,0.000000,0.000000,1,0.00
1.852000,-0.029,-0.056164,-0.056164,4.321,7.00,-0.058413,0.058468,0.000317,-0.002621,0.030,0.037,2.375,-43.568,0.350,2.617871,0.033554,-0.000365,0.000000,0.000000,0.000000,0.000000,0.000000,0.000000,1,0.00
1.854000,-0.029,-0.055963,-0.055963,4.321,7.00,-0.058368,0.058274,0.000330,-0.002641,0.030,0.037,2.377,-43.564,0.350,2.618056,0.033440,-0.000364,0.000000,0.000000,0.000000,0.000000,0.000000,0.000000,1,0.00
1.856000,-0.029,-0.055643,-0.055643,4.321,7.00,-0.058320,0.058076,0.000339,-0.002773,0.029,0.037,2.379,-43.561,0.350,2.618241,0.033323,-0.000363,0.000000,0.000000,0.000000,0.000000,0.000000,0.000000,1,0.00
1.858000,-0.029,-0.055894,-0.055894,4.321,7.00,-0.058266,0.057874,0.000355,-0.002335,0.029,0.037,2.381,-43.558,0.350,2.618427,0.033203,-0.000361,0.000000,0.000000,0.000000,0.000000,0.000000,0.000000,1,0.00
1.860000,-0.029,-0.055407,-0.055407,4.321,7.00,-0.058219,0.057670,0.000364,-0.002628,0.029,0.037,2.383,-43.554,0.350,2.618611,0.033083,-0.000359,0.000000,0.000000,0.000000,0.000000,0.000000,0.000000,1,0.00
1.862000,-0.029,-0.054840,-0.054840,4.321,7.00,-0.058163,0.057462,0.000371,-0.002993,0.029,0.037,2.385,-43.551,0.350,2.618797,0.032960,-0.000358,0.000000,0.000000,0.000000,0.000000,0.000000,0.000000,1,0.00
1.864000,-0.029,-0.054485,-0.054485,4.321,7.00,-0.058096,0.057247,0.000381,-0.003144,0.029,0.036,2.386,-43.548,0.350,2.618985,0.032834,-0.000356,0.000000,0.000000,0.000000,0.000000,0.000000,0.000000,1,0.00
1.866000,-0.029,-0.054379,-0.054379,4.321,7.00,-0.058024,0.057029,0.000393,-0.003043,0.029,0.036,2.388,-43.544,0.350,2.619174,0.032705,-0.000355,0.000000,0.000000,0.000000,0.000000,0.000000,0.000000,1,0.00
1.868000,-0.028,-0.053747,-0.053747,4.321,7.00,-0.057951,0.056807,0.000402,-0.003461,0.029,0.036,2.390,-43.541,0.350,2.619362,0.032574,-0.000353,0.000000,0.000000,0.000000,0.000000,0.000000,0.000000,1,0.00
1.870000,-0.028,-0.053415,-0.053415,4.321,7.00,-0.057867,0.056580,0.000410,-0.003575,0.029,0.036,2.392,-43.537,0.350,2.619552,0.032441,-0.000351,0.000000,0.000000,0.000000,0.000000,0.000000,0.000000,1,0.00
1.872000,-0.028,-0.053698,-0.053698,4.321,7.00,-0.057778,0.056348,0.000425,-0.003075,0.029,0.036,2.394,-43.534,0.350,2.619743,0.032305,-0.000349,0.000000,0.000000,0.000000,0.000000,0.000000,0.000000,1,0.00
1.874000,-0.028,-0.053141,-0.053141,4.321,7.00,-0.057696,0.056116,0.000432,-0.003406,0.029,0.035,2.396,-43.531,0.350,2.619933,0.032168,-0.000347,0.000000,0.000000,0.000000,0.000000,0.000000,0.000000,1,0.00
1.876000,-0.028,-0.052942,-0.052942,4.321,7.00,-0.057605,0.055878,0.000445,-0.003381,0.028,0.035,2.398,-43.527,0.350,2.620123,0.032029,-0.000345,0.000000,0.000000,0.000000,0.000000,0.000000,0.000000,1,0.00
1.878000,-0.028,-0.052549,-0.052549,4.321,7.00,-0.057512,0.055637,0.000453,-0.003540,0.028,0.035,2.400,-43.524,0.350,2.620314,0.031887,-0.000343,0.000000,0.000000,0.000000,0.000000,0.000000,0.000000,1,0.00
1.880000,-0.028,-0.052568,-0.052568,4.321,7.00,-0.057413,0.055391,0.000466,-0.003289,0.028,0.035,2.402,-43.520,0.350,2.620506,0.031743,-0.000341,0.000000,0.000000,0.000000,0.000000,0.000000,0.000000,1,0.00
1.882000,-0.028,-0.052104,-0.052104,4.321,7.00,-0.057316,0.055143,0.000476,-0.003515,0.028,0.035,2.404,-43.517,0.350,2.620697,0.031598,-0.000339,0.000000,0.000000,0.000000,0.000000,0.000000,0.000000,1,0.00
1.884000,-0.027,-0.051529,-0.051529,4.321,7.00,-0.057212,0.054890,0.000482,-0.003843,0.028,0.034,2.406,-43.514,0.350,2.620889,0.031450,-0.000337,0.000000,0.000000,0.000000,0.000000,0.000000,0.000000,1,0.00
1.886000,-0.027,-0.050909,-0.050909,4.321,7.00,-0.057098,0.054632,0.000490,-0.004213,0.028,0.034,2.407,-43.510,0.350,2.621083,0.031299,-0.000335,0.000000,0.000000,0.000000,0.000000,0.000000,0.000000,1,0.00
1.888000,-0.027,-0.050676,-0.050676,4.321,7.00,-0.056974,0.054369,0.000498,-0.004191,0.028,0.034,2.409,-43.507,0.350,2.621278,0.031145,-0.000333,0.000000,0.000000,0.000000,0.000000,0.000000,0.000000,1,0.00
1.890000,-0.027,-0.050435,-0.050435,4.321,7.00,-0.056848,0.054102,0.000513,-0.004179,0.028,0.034,2.411,-43.503,0.350,2.621473,0.030989,-0.000331,0.000000,0.000000,0.000000,0.000000,0.000000,0.000000,1,0.00
1.892000,-0.027,-0.049916,-0.049916,4.321,7.00,-0.056720,0.053832,0.000520,-0.004436,0.027,0.033,2.413,-43.500,0.350,2.621668,0.030831,-0.000328,0.000000,0.000000,0.000000,0.000000,0.000000,0.000000,1,0.00
1.894000,-0.027,-0.050256,-0.050256,4.321,7.00,-0.056584,0.053556,0.000532,-0.003833,0.027,0.034,2.415,-43.497,0.350,2.621864,0.030670,-0.000326,0.000000,0.000000,0.000000,0.000000,0.000000,0.000000,1,0.00
1.896000,-0.027,-0.050200,-0.050200,4.321,7.00,-0.056457,0.053281,0.000543,-0.003624,0.027,0.033,2.417,-43.493,0.350,2.622058,0.030509,-0.000324,0.000000,0.000000,0.000000,0.000000,0.000000,0.000000,1,0.00
1.898000,-0.027,-0.049620,-0.049620,4.321,7.00,-0.056332,0.053002,0.000549,-0.003932,0.027,0.033,2.419,-43.490,0.350,2.622251,0.030347,-0.000321,0.000000,0.000000,0.000000,0.000000,0.000000,0.000000,1,0.00
1.900000,-0.026,-0.052760,-0.052760,4.321,7.00,-0.056198,0.052719,0.000000,0.000041,0.000,0.035,2.421,-43.486,0.350,2.622445,0.030182,-0.000319,0.000000,0.000000,0.000000,0.000000,0.000000,0.000000,1,0.00
1.902000,-0.026,-0.051332,-0.051332,4.321,7.00,-0.056129,0.052448,0.000006,-0.001122,0.000,0.034,2.423,-43.483,0.350,2.622627,0.030024,-0.000316,0.000000,0.000000,0.000000,0.000000,0.000000,0.000000,1,0.00
1.904000,-0.026,-0.050563,-0.050563,4.321,7.00,-0.056033,0.052167,0.000021,-0.001625,0.000,0.034,2.425,-43.480,0.350,2.622814,0.029861,-0.000314,0.000000,0.000000,0.000000,0.000000,0.000000,0.000000,1,0.00
1.906000,-0.026,-0.049277,-0.049277,4.321,7.00,-0.055924,0.051881,0.000028,-0.002632,0.000,0.033,2.426,-43.476,0.350,2.623003,0.029694,-0.000312,0.000000,0.000000,0.000000,0.000000,0.000000,0.000000,1,0.00
1.908000,-0.026,-0.047671,-0.047671,4.321,7.00,-0.055791,0.051585,0.000034,-0.003948,0.026,0.032,2.428,-43.473,0.350,2.623197,0.029522,-0.000309,0.000000,0.000000,0.000000,0.000000,0.000000,0.000000,1,0.00
1.910000,-0.026,-0.046410,-0.046410,4.321,7.00,-0.055629,0.051280,0.000042,-0.004912,0.026,0.031,2.430,-43.469,0.350,2.623395,0.029344,-0.000307,0.000000,0.000000,0.000000,0.000000,0.000000,0.000000,1,0.00
1.912000,-0.025,-0.045846,-0.045846,4.321,7.00,-0.055444,0.050966,0.000048,-0.005168,0.026,0.031,2.432,-43.466,0.350,2.623596,0.029161,-0.000305,0.000000,0.000000,0.000000,0.000000,0.000000,0.000000,1,0.00
1.914000,-0.025,-0.045444,-0.045444,4.321,7.00,-0.055252,0.050648,0.000061,-0.005265,0.026,0.030,2.434,-43.463,0.350,2.623799,0.028976,-0.000302,0.000000,0.000000,0.000000,0.000000,0.000000,0.000000,1,0.00
1.916000,-0.025,-0.045356,-0.045356,4.321,7.00,-0.055056,0.050325,0.000072,-0.005041,0.026,0.030,2.436,-43.459,0.350,2.624002,0.028789,-0.000300,0.000000,0.000000,0.000000,0.000000,0.000000,0.000000,1,0.00
1.918000,-0.025,-0.044489,-0.044489,4.321,7.00,-0.054862,0.050000,0.000076,-0.005587,0.026,0.030,2.438,-43.456,0.350,2.624203,0.028600,-0.000297,0.000000,0.000000,0.000000,0.000000,0.000000,0.000000,1,0.00
1.920000,-0.025,-0.044510,-0.044510,4.321,7.00,-0.054655,0.049669,0.000090,-0.005250,0.025,0.030,2.440,-43.452,0.350,2.624407,0.028408,-0.000294,0.000000,0.000000,0.000000,0.000000,0.000000,0.000000,1,0.00
1.922000,-0.025,-0.045107,-0.045107,4.321,7.00,-0.054452,0.049337,0.000106,-0.004336,0.025,0.030,2.442,-43.449,0.350,2.624609,0.028215,-0.000291,0.000000,0.000000,0.000000,0.000000,0.000000,0.000000,1,0.00
1.924000,-0.025,-0.044194,-0.044194,4.321,7.00,-0.054265,0.049005,0.000113,-0.004923,0.025,0.029,2.444,-43.446,0.350,2.624807,0.028022,-0.000289,0.000000,0.000000,0.000000,0.000000,0.000000,0.000000,1,0.00
1.926000,-0.024,-0.043886,-0.043886,4.321,7.00,-0.054063,0.048666,0.000124,-0.004904,0.025,0.029,2.446,-43.442,0.350,2.625008,0.027826,-0.000286,0.000000,0.000000,0.000000,0.000000,0.000000,0.000000,1,0.00
1.928000,-0.024,-0.044463,-0.044463,4.321,7.00,-0.053860,0.048325,0.000133,-0.003994,0.025,0.030,2.447,-43.439,0.350,2.625208,0.027628,-0.000283,0.000000,0.000000,0.000000,0.000000,0.000000,0.000000,1,0.00
1.930000,-0.024,-0.042812,-0.042812,4.321,7.00,-0.053672,0.047984,0.000137,-0.005309,0.025,0.029,2.449,-43.436,0.350,2.625405,0.027431,-0.000280,0.000000,0.000000,0.000000,0.000000,0.000000,0.000000,1,0.00
1.932000,-0.024,-0.042313,-0.042313,4.321,7.00,-0.053455,0.047633,0.000150,-0.005469,0.025,0.028,2.451,-43.432,0.350,2.625607,0.027228,-0.000277,0.000000,0.000000,0.000000,0.000000,0.000000,0.000000,1,0.00
1.934000,-0.024,-0.042100,-0.042100,4.321,7.00,-0.053232,0.047278,0.000158,-0.005335,0.024,0.028,2.453,-43.429,0.350,2.625809,0.027022,-0.000274,0.000000,0.000000,0.000000,0.000000,0.000000,0.000000,1,0.00
1.936000,-0.023,-0.041705,-0.041705,4.321,7.00,-0.053009,0.046920,0.000168,-0.005383,0.024,0.028,2.455,-43.425,0.350,2.626010,0.026815,-0.000270,0.000000,0.000000,0.000000,0.000000,0.000000,0.000000,1,0.00
1.938000,-0.023,-0.040915,-0.040915,4.321,7.00,-0.052783,0.046558,0.000174,-0.005816,0.024,0.027,2.457,-43.422,0.350,2.626211,0.026606,-0.000267,0.000000,0.000000,0.000000,0.000000,0.000000,0.000000,1,0.00
1.940000,-0.023,-0.041747,-0.041747,4.321,7.00,-0.052546,0.046190,0.000186,-0.004629,0.024,0.028,2.459,-43.419,0.350,2.626414,0.026393,-0.000264,0.000000,0.000000,0.000000,0.000000,0.000000,0.000000,1,0.00
1.942000,-0.023,-0.040655,-0.040655,4.321,7.00,-0.052330,0.045825,0.000192,-0.005362,0.024,0.027,2.461,-43.415,0.350,2.626612,0.026182,-0.000261,0.000000,0.000000,0.000000,0.000000,0.000000,0.000000,1,0.00
1.944000,-0.023,-0.040468,-0.040468,4.321,7.00,-0.052096,0.045453,0.000201,-0.005186,0.023,0.027,2.463,-43.412,0.350,2.626813,0.025967,-0.000258,0.000000,0.000000,0.000000,0.000000,0.000000,0.000000,1,0.00
1.946000,-0.023,-0.039911,-0.039911,4.321,7.00,-0.051864,0.045077,0.000210,-0.005377,0.023,0.027,2.465,-43.408,0.350,2.627012,0.025751,-0.000255,0.000000,0.000000,0.000000,0.000000,0.000000,0.000000,1,0.00
1.948000,-0.022,-0.038912,-0.038912,4.321,7.00,-0.051625,0.044698,0.000214,-0.006000,0.023,0.026,2.467,-43.405,0.350,2.627213,0.025532,-0.000251,0.000000,0.000000,0.000000,0.000000,0.000000,0.000000,1,0.00
1.950000,-0.022,-0.038455,-0.038455,4.321,7.00,-0.051370,0.044312,0.000225,-0.006081,0.023,0.026,2.468,-43.402,0.350,2.627415,0.025309,-0.000248,0.000000,0.000000,0.000000,0.000000,0.000000,0.000000,1,0.00
1.952000,-0.022,-0.038296,-0.038296,4.321,7.00,-0.051112,0.043921,0.000232,-0.005858,0.023,0.026,2.470,-43.398,0.350,2.627617,0.025084,-0.000245,0.000000,0.000000,0.000000,0.000000,0.000000,0.000000,1,0.00
1.954000,-0.022,-0.037865,-0.037865,4.321,7.00,-0.050856,0.043529,0.000241,-0.005905,0.023,0.025,2.472,-43.395,0.350,2.627818,0.024857,-0.000241,0.000000,0.000000,0.000000,0.000000,0.000000,0.000000,1,0.00
1.956000,-0.022,-0.037010,-0.037010,4.321,7.00,-0.050596,0.043133,0.000247,-0.006370,0.022,0.025,2.474,-43.391,0.350,2.628019,0.024629,-0.000238,0.000000,0.000000,0.000000,0.000000,0.000000,0.000000,1,0.00
1.958000,-0.021,-0.037869,-0.037869,4.321,7.00,-0.050324,0.042730,0.000259,-0.005120,0.022,0.025,2.476,-43.388,0.350,2.628221,0.024397,-0.000235,0.000000,0.000000,0.000000,0.000000,0.000000,0.000000,1,0.00
1.960000,-0.021,-0.036927,-0.036927,4.321,7.00,-0.050075,0.042331,0.000265,-0.005669,0.022,0.025,2.478,-43.385,0.350,2.628419,0.024167,-0.000231,0.000000,0.000000,0.000000,0.000000,0.000000,0.000000,1,0.00
1.962000,-0.021,-0.036787,-0.036787,4.321,7.00,-0.049812,0.041925,0.000274,-0.005412,0.022,0.025,2.480,-43.381,0.350,2.628618,0.023933,-0.000228,0.000000,0.000000,0.000000,0.000000,0.000000,0.000000,1,0.00
1.964000,-0.021,-0.036294,-0.036294,4.321,7.00,-0.049552,0.041517,0.000282,-0.005506,0.022,0.024,2.482,-43.378,0.350,2.628816,0.023698,-0.000225,0.000000,0.000000,0.000000,0.000000,0.000000,0.000000,1,0.00
1.966000,-0.021,-0.035354,-0.035354,4.321,7.00,-0.049286,0.041105,0.000287,-0.006037,0.021,0.024,2.484,-43.374,0.350,2.629014,0.023461,-0.000221,0.000000,0.000000,0.000000,0.000000,0.000000,0.000000,1,0.00
1.968000,-0.020,-0.034330,-0.034330,4.321,7.00,-0.049008,0.040686,0.000293,-0.006650,0.021,0.023,2.486,-43.371,0.350,2.629213,0.023220,-0.000218,0.000000,0.000000,0.000000,0.000000,0.000000,0.000000,1,0.00
1.970000,-0.020,-0.033329,-0.033329,4.321,7.00,-0.048714,0.040261,0.000297,-0.007230,0.021,0.022,2.488,-43.368,0.350,2.629415,0.022976,-0.000214,0.000000,0.000000,0.000000,0.000000,0.000000,0.000000,1,0.00
1.972000,-0.020,-0.033041,-0.033041,4.321,7.00,-0.048407,0.039830,0.000308,-0.007097,0.021,0.022,2.489,-43.364,0.350,2.629618,0.022727,-0.000211,0.000000,0.000000,0.000000,0.000000,0.000000,0.000000,1,0.00
1.974000,-0.020,-0.032439,-0.032439,4.321,7.00,-0.048099,0.039395,0.000315,-0.007272,0.021,0.022,2.491,-43.361,0.350,2.629820,0.022478,-0.000208,0.000000,0.000000,0.000000,0.000000,0.000000,0.000000,1,0.00
1.976000,-0.019,-0.032284,-0.032284,4.321,7.00,-0.047786,0.038957,0.000320,-0.006994,0.020,0.022,2.493,-43.357,0.350,2.630023,0.022226,-0.000204,0.000000,0.000000,0.000000,0.000000,0.000000,0.000000,1,0.00
1.978000,-0.019,-0.031775,-0.031775,4.321,7.00,-0.047476,0.038516,0.000326,-0.007067,0.020,0.021,2.495,-43.354,0.350,2.630223,0.021972,-0.000200,0.000000,0.000000,0.000000,0.000000,0.000000,0.000000,1,0.00
1.980000,-0.019,-0.030984,-0.030984,4.321,7.00,-0.047162,0.038072,0.000330,-0.007417,0.020,0.021,2.497,-43.351,0.350,2.630424,0.021717,-0.000197,0.000000,0.000000,0.000000,0.000000,0.000000,0.000000,1,0.00
1.982000,-0.019,-0.030443,-0.030443,4.321,7.00,-0.046838,0.037622,0.000340,-0.007518,0.020,0.020,2.499,-43.347,0.350,2.630625,0.021459,-0.000193,0.000000,0.000000,0.000000,0.000000,0.000000,0.000000,1,0.00
1.984000,-0.019,-0.030263,-0.030263,4.321,7.00,-0.046511,0.037168,0.000349,-0.007254,0.019,0.020,2.501,-43.344,0.350,2.630826,0.021198,-0.000190,0.000000,0.000000,0.000000,0.000000,0.000000,0.000000,1,0.00
1.986000,-0.018,-0.029290,-0.029290,4.321,7.00,-0.046186,0.036712,0.000352,-0.007774,0.019,0.020,2.503,-43.341,0.350,2.631026,0.020936,-0.000186,0.000000,0.000000,0.000000,0.000000,0.000000,0.000000,1,0.00
1.988000,-0.018,-0.028592,-0.028592,4.321,7.00,-0.045848,0.036250,0.000357,-0.008015,0.019,0.019,2.505,-43.337,0.350,2.631227,0.020671,-0.000182,0.000000,0.000000,0.000000,0.000000,0.000000,0.000000,1,0.00
1.990000,-0.018,-0.028200,-0.028200,4.321,7.00,-0.045503,0.035783,0.000361,-0.007944,0.019,0.019,2.507,-43.334,0.350,2.631428,0.020404,-0.000179,0.000000,0.000000,0.000000,0.000000,0.000000,0.000000,1,0.00
1.992000,-0.018,-0.027813,-0.027813,4.321,7.00,-0.045157,0.035313,0.000371,-0.007872,0.019,0.019,2.509,-43.330,0.350,2.631629,0.020134,-0.000175,0.000000,0.000000,0.000000,0.000000,0.000000,0.000000,1,0.00
1.994000,-0.017,-0.026566,-0.026566,4.321,7.00,-0.044810,0.034840,0.000376,-0.008650,0.018,0.018,2.511,-43.327,0.350,2.631828,0.019863,-0.000171,0.000000,0.000000,0.000000,0.000000,0.000000,0.000000,1,0.00
1.996000,-0.017,-0.026014,-0.026014,4.321,7.00,-0.044445,0.034360,0.000380,-0.008726,0.018,0.017,2.512,-43.324,0.350,2.632030,0.019588,-0.000168,0.000000,0.000000,0.000000,0.000000,0.000000,0.000000,1,0.00
1.998000,-0.017,-0.026350,-0.026350,4.321,7.00,-0.044076,0.033876,0.000389,-0.007915,0.018,0.018,2.514,-43.320,0.350,2.632231,0.019311,-0.000164,0.000000,0.000000,0.000000,0.000000,0.000000,0.000000,1,0.00
2.000000,-0.017,-0.033418,-0.033418,4.321,7.00,-0.043722,0.033393,0.000000,0.000026,0.000,0.022,2.516,-43.317,0.350,2.632429,0.019034,-0.000160,0.000000,0.000000,0.000000,0.000000,0.000000,0.000000,1,0.00
2.002000,-0.016,-0.031376,-0.031376,4.321,7.00,-0.043515,0.032944,0.000005,-0.001572,0.000,0.021,2.518,-43.313,0.350,2.632598,0.018777,-0.000156,0.000000,0.000000,0.000000,0.000000,0.000000,0.000000,1,0.00
2.004000,-0.016,-0.030281,-0.030281,4.321,7.00,-0.043273,0.032482,0.000016,-0.002217,0.000,0.020,2.520,-43.310,0.350,2.632774,0.018513,-0.000152,0.000000,0.000000,0.000000,0.000000,0.000000,0.000000,1,0.00
2.006000,-0.016,-0.027514,-0.027514,4.321,7.00,-0.043013,0.032013,0.000020,-0.004518,0.000,0.018,2.522,-43.307,0.350,2.632951,0.018245,-0.000148,0.000000,0.000000,0.000000,0.000000,0.000000,0.000000,1,0.00
2.008000,-0.016,-0.025292,-0.025292,4.321,7.00,-0.042703,0.031528,0.000024,-0.006260,0.017,0.017,2.524,-43.303,0.350,2.633138,0.017967,-0.000145,0.000000,0.000000,0.000000,0.000000,0.000000,0.000000,1,0.00
2.010000,-0.016,-0.023654,-0.023654,4.321,7.00,-0.042355,0.031031,0.000031,-0.007408,0.016,0.016,2.526,-43.300,0.350,2.633330,0.017683,-0.000142,0.000000,0.000000,0.000000,0.000000,0.000000,0.000000,1,0.00
2.012000,-0.015,-0.023357,-0.023357,4.321,7.00,-0.041981,0.030524,0.000036,-0.007204,0.016,0.016,2.528,-43.296,0.350,2.633527,0.017393,-0.000138,0.000000,0.000000,0.000000,0.000000,0.000000,0.000000,1,0.00
2.014000,-0.015,-0.020532,-0.020532,4.321,7.00,-0.041608,0.030015,0.000039,-0.009522,0.016,0.014,2.530,-43.293,0.350,2.633721,0.017101,-0.000135,0.000000,0.000000,0.000000,0.000000,0.000000,0.000000,1,0.00
2.016000,-0.015,-0.021296,-0.021296,4.321,7.00,-0.041187,0.029491,0.000046,-0.008241,0.016,0.014,2.532,-43.290,0.350,2.633924,0.016801,-0.000132,0.000000,0.000000,0.000000,0.000000,0.000000,0.000000,1,0.00
2.018000,-0.014,-0.020873,-0.020873,4.321,7.00,-0.040789,0.028970,0.000051,-0.008148,0.016,0.014,2.534,-43.286,0.350,2.634120,0.016503,-0.000129,0.000000,0.000000,0.000000,0.000000,0.000000,0.000000,1,0.00
2.020000,-0.014,-0.020223,-0.020223,4.321,7.00,-0.040391,0.028445,0.000057,-0.008280,0.015,0.013,2.535,-43.283,0.350,2.634316,0.016203,-0.000125,0.000000,0.000000,0.000000,0.000000,0.000000,0.000000,1,0.00
2.022000,-0.014,-0.019090,-0.019090,4.321,7.00,-0.039987,0.027917,0.000061,-0.008888,0.015,0.013,2.537,-43.280,0.350,2.634511,0.015901,-0.000122,0.000000,0.000000,0.000000,0.000000,0.000000,0.000000,1,0.00
2.024000,-0.014,-0.020490,-0.020490,4.321,7.00,-0.039569,0.027382,0.000068,-0.006960,0.015,0.014,2.539,-43.276,0.350,2.634708,0.015595,-0.000118,0.000000,0.000000,0.000000,0.000000,0.000000,0.000000,1,0.00
2.026000,-0.013,-0.019073,-0.019073,4.321,7.00,-0.039188,0.026853,0.000071,-0.007852,0.014,0.013,2.541,-43.273,0.350,2.634897,0.015293,-0.000115,0.000000,0.000000,0.000000,0.000000,0.000000,0.000000,1,0.00
2.028000,-0.013,-0.017869,-0.017869,4.321,7.00,-0.038785,0.026316,0.000075,-0.008522,0.014,0.012,2.543,-43.269,0.350,2.635089,0.014986,-0.000111,0.000000,0.000000,0.000000,0.000000,0.000000,0.000000,1,0.00
2.030000,-0.013,-0.017580,-0.017580,4.321,7.00,-0.038367,0.025772,0.000081,-0.008274,0.014,0.012,2.545,-43.266,0.350,2.635282,0.014676,-0.000108,0.000000,0.000000,0.000000,0.000000,0.000000,0.000000,1,0.00
2.032000,-0.013,-0.017373,-0.017373,4.321,7.00,-0.037951,0.025226,0.000086,-0.007939,0.014,0.012,2.547,-43.263,0.350,2.635474,0.014364,-0.000104,0.000000,0.000000,0.000000,0.000000,0.000000,0.000000,1,0.00
2.034000,-0.012,-0.016677,-0.016677,4.321,7.00,-0.037540,0.024678,0.000091,-0.008093,0.013,0.011,2.549,-43.259,0.350,2.635663,0.014051,-0.000100,0.000000,0.000000,0.000000,0.000000,0.000000,0.000000,1,0.00
2.036000,-0.012,-0.016499,-0.016499,4.321,7.00,-0.037122,0.024126,0.000096,-0.007723,0.013,0.011,2.551,-43.256,0.350,2.635852,0.013736,-0.000097,0.000000,0.000000,0.000000,0.000000,0.000000,0.000000,1,0.00
2.038000,-0.012,-0.015548,-0.015548,4.321,7.00,-0.036710,0.023572,0.000098,-0.008122,0.013,0.010,2.553,-43.252,0.350,2.636039,0.013420,-0.000093,0.000000,0.000000,0.000000,0.000000,0.000000,0.000000,1,0.00
2.040000,-0.012,-0.013951,-0.013951,4.321,7.00,-0.036287,0.023012,0.000101,-0.009162,0.013,0.009,2.555,-43.249,0.350,2.636227,0.013101,-0.000090,0.000000,0.000000,0.000000,0.000000,0.000000,0.000000,1,0.00
2.042000,-0.011,-0.013676,-0.013676,4.321,7.00,-0.035840,0.022443,0.000106,-0.008874,0.012,0.009,2.557,-43.246,0.350,2.636418,0.012776,-0.000086,0.000000,0.000000,0.000000,0.000000,0.000000,0.000000,1,0.00
2.044000,-0.011,-0.012776,-0.012776,4.321,7.00,-0.035397,0.021873,0.000110,-0.009206,0.012,0.009,2.559,-43.242,0.350,2.636607,0.012451,-0.000083,0.000000,0.000000,0.000000,0.000000,0.000000,0.000000,1,0.00
2.046000,-0.011,-0.012476,-0.012476,4.321,7.00,-0.034944,0.021297,0.000115,-0.008936,0.012,0.008,2.560,-43.239,0.350,2.636796,0.012123,-0.000079,0.000000,0.000000,0.000000,0.000000,0.000000,0.000000,1,0.00
2.048000,-0.010,-0.012942,-0.012942,4.321,7.00,-0.034495,0.020720,0.000118,-0.007896,0.012,0.009,2.562,-43.235,0.350,2.636984,0.011794,-0.000075,0.000000,0.000000,0.000000,0.000000,0.000000,0.000000,1,0.00
2.050000,-0.010,-0.012845,-0.012845,4.321,7.00,-0.034064,0.020145,0.000122,-0.007422,0.011,0.009,2.564,-43.232,0.350,2.637166,0.011466,-0.000072,0.000000,0.000000,0.000000,0.000000,0.000000,0.000000,1,0.00
2.052000,-0.010,-0.012551,-0.012551,4.321,7.00,-0.033640,0.019570,0.000127,-0.007147,0.011,0.008,2.566,-43.229,0.350,2.637346,0.011139,-0.000068,0.000000,0.000000,0.000000,0.000000,0.000000,0.000000,1,0.00
2.054000,-0.009,-0.011154,-0.011154,4.321,7.00,-0.033218,0.018994,0.000129,-0.007969,0.011,0.007,2.568,-43.225,0.350,2.637524,0.010810,-0.000065,0.000000,0.000000,0.000000,0.000000,0.000000,0.000000,1,0.00
2.056000,-0.009,-0.010786,-0.010786,4.321,7.00,-0.032777,0.018411,0.000134,-0.007759,0.010,0.007,2.570,-43.222,0.350,2.637705,0.010478,-0.000062,0.000000,0.000000,0.000000,0.000000,0.000000,0.000000,1,0.00
2.058000,-0.009,-0.009930,-0.009930,4.321,7.00,-0.032337,0.017826,0.000137,-0.008034,0.010,0.007,2.572,-43.219,0.350,2.637883,0.010145,-0.000059,0.000000,0.000000,0.000000,0.000000,0.000000,0.000000,1,0.00
2.060000,-0.009,-0.009561,-0.009561,4.321,7.00,-0.031889,0.017238,0.000141,-0.007818,0.010,0.006,2.574,-43.215,0.350,2.638062,0.009810,-0.000056,0.000000,0.000000,0.000000,0.000000,0.000000,0.000000,1,0.00
2.062000,-0.008,-0.008522,-0.008522,4.321,7.00,-0.031442,0.016649,0.000144,-0.008271,0.009,0.006,2.576,-43.212,0.350,2.638240,0.009474,-0.000053,0.000000,0.000000,0.000000,0.000000,0.000000,0.000000,1,0.00
2.064000,-0.008,-0.007148,-0.007148,4.321,7.00,-0.030984,0.016055,0.000146,-0.009053,0.009,0.005,2.578,-43.208,0.350,2.638418,0.009136,-0.000050,0.000000,0.000000,0.000000,0.000000,0.000000,0.000000,1,0.00
2.066000,-0.008,-0.006458,-0.006458,4.321,7.00,-0.030507,0.015456,0.000150,-0.009147,0.009,0.004,2.580,-43.205,0.350,2.638598,0.008794,-0.000048,0.000000,0.000000,0.000000,0.000000,0.000000,0.000000,1,0.00
2.068000,-0.007,-0.005969,-0.005969,4.321,7.00,-0.030026,0.014854,0.000152,-0.009036,0.009,0.004,2.582,-43.202,0.350,2.638777,0.008451,-0.000045,0.000000,0.000000,0.000000,0.000000,0.000000,0.000000,1,0.00
2.070000,-0.007,-0.005308,-0.005308,4.321,7.00,-0.029545,0.014251,0.000155,-0.009098,0.008,0.004,2.584,-43.198,0.350,2.638956,0.008108,-0.000043,0.000000,0.000000,0.000000,0.000000,0.000000,0.000000,1,0.00
2.072000,-0.007,-0.004281,-0.004281,4.321,7.00,-0.029060,0.013646,0.000157,-0.009521,0.008,0.003,2.586,-43.195,0.350,2.639133,0.007763,-0.000040,0.000000,0.000000,0.000000,0.000000,0.000000,0.000000,1,0.00
2.074000,-0.007,-0.005656,-0.005656,4.321,7.00,-0.028565,0.013037,0.000161,-0.007542,0.008,0.004,2.587,-43.191,0.350,2.639310,0.007416,-0.000038,0.000000,0.000000,0.000000,0.000000,0.000000,0.000000,1,0.00
2.076000,-0.006,-0.004299,-0.004299,4.321,7.00,-0.028106,0.012437,0.000163,-0.008300,0.007,0.003,2.589,-43.188,0.350,2.639480,0.007075,-0.000035,0.000000,0.000000,0.000000,0.000000,0.000000,0.000000,1,0.00
2.078000,-0.006,-0.004139,-0.004139,4.321,7.00,-0.027630,0.011832,0.000165,-0.007858,0.007,0.003,2.591,-43.185,0.350,2.639651,0.006731,-0.000032,0.000000,0.000000,0.000000,0.000000,0.000000,0.000000,1,0.00
2.080000,-0.006,-0.003167,-0.003167,4.321,7.00,-0.027161,0.011228,0.000167,-0.008228,0.007,0.002,2.593,-43.181,0.350,2.639819,0.006387,-0.000030,0.000000,0.000000,0.000000,0.000000,0.000000,0.000000,1,0.00
2.082000,-0.005,-0.003124,-0.003124,4.321,7.00,-0.026681,0.010621,0.000169,-0.007666,0.007,0.002,2.595,-43.178,0.350,2.639988,0.006041,-0.000028,0.000000,0.000000,0.000000,0.000000,0.000000,0.000000,1,0.00
2.084000,-0.005,-0.001692,-0.001692,4.321,7.00,-0.026210,0.010015,0.000171,-0.008494,0.006,0.001,2.597,-43.175,0.350,2.640154,0.005697,-0.000025,0.000000,0.000000,0.000000,0.000000,0.000000,0.000000,1,0.00
2.086000,-0.005,-0.002047,-0.002047,4.321,7.00,-0.025719,0.009405,0.000174,-0.007531,0.006,0.001,2.599,-43.171,0.350,2.640322,0.005350,-0.000023,0.000000,0.000000,0.000000,0.000000,0.000000,0.000000,1,0.00
2.088000,-0.004,-0.000092,-0.000092,4.321,7.00,-0.025246,0.008799,0.000175,-0.008881,0.006,0.000,2.601,-43.168,0.350,2.640486,0.005005,-0.000021,0.000000,0.000000,0.000000,0.000000,0.000000,0.000000,1,0.00
2.090000,-0.004,0.000002,0.000002,4.321,7.00,-0.024743,0.008185,0.000177,-0.008364,0.005,0.000,2.603,-43.164,0.350,2.640653,0.004656,-0.000018,0.000000,0.000000,0.000000,0.000000,0.000000,0.000000,1,0.00
2.092000,-0.004,0.000789,0.000789,4.321,7.00,-0.024248,0.007573,0.000178,-0.008540,0.005,0.001,2.605,-43.161,0.350,2.640818,0.004308,-0.000016,0.000000,0.000000,0.000000,0.000000,0.000000,0.000000,1,0.00
2.094000,-0.003,0.002928,0.002928,4.321,7.00,-0.023747,0.006960,0.000179,-0.010067,0.005,0.002,2.607,-43.158,0.350,2.640982,0.003959,-0.000014,0.000000,0.000000,0.000000,0.000000,0.000000,0.000000,1,0.00
2.096000,-0.003,0.005131,0.005131,4.321,7.00,-0.023214,0.006339,0.000180,-0.011650,0.004,0.003,2.609,-43.154,0.350,2.641151,0.003607,-0.000010,0.000000,0.000000,0.000000,0.000000,0.000000,0.000000,1,0.00
2.098000,-0.003,0.005845,0.005845,4.321,7.00,-0.022647,0.005707,0.000180,-0.011732,0.004,0.004,2.611,-43.151,0.350,2.641328,0.003249,-0.000006,0.000000,0.000000,0.000000,0.000000,0.000000,0.000000,1,0.00
2.100000,-0.003,-0.005073,-0.005073,4.321,7.00,-0.022077,0.005069,0.000000,0.000004,0.000,0.003,2.613,-43.148,0.350,2.641507,0.002888,-0.000001,0.000000,0.000000,0.000000,0.000000,0.000000,0.000000,1,0.00
2.102000,-0.002,-0.002275,-0.002275,4.321,7.00,-0.021737,0.004499,0.000001,-0.002224,0.000,0.002,2.614,-43.144,0.350,2.641636,0.002565,0.000004,0.000000,0.000000,0.000000,0.000000,0.000000,0.000000,1,0.00
2.104000,-0.002,0.000721,0.000721,4.321,7.00,-0.021348,0.003911,0.000001,-0.004633,0.000,0.000,2.616,-43.141,0.350,2.641778,0.002232,0.000007,0.000000,0.000000,0.000000,0.000000,0.000000,0.000000,1,0.00
2.106000,-0.002,0.002491,0.002491,4.321,7.00,-0.020907,0.003308,0.000002,-0.005800,0.000,0.002,2.618,-43.137,0.350,2.641927,0.001890,0.000010,0.000000,0.000000,0.000000,0.000000,0.000000,0.000000,1,0.00
2.108000,-0.001,0.005255,0.005255,4.321,7.00,-0.020439,0.002704,0.000002,-0.007961,0.003,0.004,2.620,-43.134,0.350,2.642078,0.001547,0.000012,0.000000,0.000000,0.000000,0.000000,0.000000,0.000000,1,0.00
2.110000,-0.001,0.007249,0.007249,4.321,7.00,-0.019925,0.002092,0.000003,-0.009344,0.002,0.005,2.622,-43.131,0.350,2.642233,0.001199,0.000014,0.000000,0.000000,0.000000,0.000000,0.000000,0.000000,1,0.00
2.112000,-0.001,0.007280,0.007280,4.321,7.00,-0.019382,0.001474,0.000003,-0.008758,0.002,0.005,2.624,-43.127,0.350,2.642392,0.000848,0.000015,0.000000,0.000000,0.000000,0.000000,0.000000,0.000000,1,0.00
2.114000,-0.000,0.008649,0.008649,4.321,7.00,-0.018848,0.000861,0.000003,-0.009513,0.002,0.006,2.626,-43.124,0.350,2.642548,0.000499,0.000015,0.000000,0.000000,0.000000,0.000000,0.000000,0.000000,1,0.00
2.116000,-0.000,0.010498,0.010498,4.321,7.00,-0.018298,0.000246,0.000003,-0.010746,0.001,0.007,2.628,-43.121,0.350,2.642705,0.000148,0.000015,0.000000,0.000000,0.000000,0.000000,0.000000,0.000000,1,0.00
2.118000,0.000,0.011297,0.011297,4.321,7.00,-0.017723,-0.000375,0.000003,-0.010925,0.001,0.008,2.630,-43.117,0.350,2.642866,-0.000206,0.000015,0.000000,0.000000,0.000000,0.000000,0.000000,0.000000,1,0.00
2.120000,0.000,0.011656,0.011656,4.321,7.00,-0.017142,-0.000995,0.000003,-0.010664,0.001,0.008,2.632,-43.114,0.350,2.643025,-0.000559,0.000014,0.000000,0.000000,0.000000,0.000000,0.000000,0.000000,1,0.00
2.122000,0.001,0.012458,0.012458,4.321,7.00,-0.016566,-0.001612,0.000003,-0.010848,0.000,0.008,2.634,-43.110,0.350,2.643182,-0.000910,0.000014,0.000000,0.000000,0.000000,0.000000,0.000000,0.000000,1,0.00
2.124000,0.001,0.012249,0.012249,4.321,7.00,-0.015986,-0.002228,0.000002,-0.010024,0.000,0.008,2.636,-43.107,0.350,2.643337,-0.001261,0.000013,0.000000,0.000000,0.000000,0.000000,0.000000,0.000000,1,0.00
2.126000,0.001,0.012268,0.012268,4.321,7.00,-0.015421,-0.002837,0.000002,-0.009432,-0.000,0.008,2.638,-43.104,0.350,2.643488,-0.001608,0.000013,0.000000,0.000000,0.000000,0.000000,0.000000,0.000000,1,0.00
2.128000,0.002,0.013388,0.013388,4.321,7.00,-0.014867,-0.003442,0.000001,-0.009947,-0.000,0.009,2.639,-43.100,0.350,2.643636,-0.001952,0.000012,0.000000,0.000000,0.000000,0.000000,0.000000,0.000000,1,0.00
2.130000,0.002,0.014064,0.014064,4.321,7.00,-0.014302,-0.004048,0.000000,-0.010017,-0.001,0.009,2.641,-43.097,0.350,2.643784,-0.002297,0.000012,0.000000,0.000000,0.000000,0.000000,0.000000,0.000000,1,0.00
2.132000,0.002,0.014306,0.014306,4.321,7.00,-0.013735,-0.004652,-0.000001,-0.009653,-0.001,0.010,2.643,-43.094,0.350,2.643930,-0.002640,0.000012,0.000000,0.000000,0.000000,0.000000,0.000000,0.000000,1,0.00
2.134000,0.003,0.015866,0.015866,4.321,7.00,-0.013174,-0.005252,-0.000001,-0.010613,-0.001,0.011,2.645,-43.090,0.350,2.644074,-0.002981,0.000012,0.000000,0.000000,0.000000,0.000000,0.000000,0.000000,1,0.00
2.136000,0.003,0.016833,0.016833,4.321,7.00,-0.012594,-0.005854,-0.000002,-0.010977,-0.002,0.011,2.647,-43.087,0.350,2.644219,-0.003324,0.000013,0.000000,0.000000,0.000000,0.000000,0.000000,0.000000,1,0.00
2.138000,0.003,0.016965,0.016965,4.321,7.00,-0.012005,-0.006456,-0.000003,-0.010506,-0.002,0.011,2.649,-43.083,0.350,2.644364,-0.003666,0.000013,0.000000,0.000000,0.000000,0.000000,0.000000,0.000000,1,0.00
2.140000,0.004,0.017436,0.017436,4.321,7.00,-0.011426,-0.007053,-0.000005,-0.010378,-0.002,0.012,2.651,-43.080,0.350,2.644506,-0.004005,0.000013,0.000000,0.000000,0.000000,0.000000,0.000000,0.000000,1,0.00
2.142000,0.004,0.018829,0.018829,4.321,7.00,-0.010848,-0.007647,-0.000006,-0.011177,-0.003,0.013,2.653,-43.077,0.350,2.644646,-0.004342,0.000013,0.000000,0.000000,0.000000,0.000000,0.000000,0.000000,1,0.00
2.144000,0.004,0.018262,0.018262,4.321,7.00,-0.010255,-0.008241,-0.000007,-0.010014,-0.003,0.012,2.655,-43.073,0.350,2.644787,-0.004680,0.000014,0.000000,0.000000,0.000000,0.000000,0.000000,0.000000,1,0.00
2.146000,0.004,0.017748,0.017748,4.321,7.00,-0.009685,-0.008826,-0.000009,-0.008913,-0.003,0.012,2.657,-43.070,0.350,2.644921,-0.005012,0.000014,0.000000,0.000000,0.000000,0.000000,0.000000,0.000000,1,0.00
2.148000,0.005,0.018107,0.018107,4.321,7.00,-0.009136,-0.009403,-0.000010,-0.008694,-0.004,0.012,2.659,-43.067,0.350,2.645050,-0.005339,0.000014,0.000000,0.000000,0.000000,0.000000,0.000000,0.000000,1,0.00
2.150000,0.005,0.018876,0.018876,4.321,7.00,-0.008591,-0.009975,-0.000013,-0.008889,-0.004,0.013,2.661,-43.063,0.350,2.645177,-0.005664,0.000014,0.000000,0.000000,0.000000,0.000000,0.000000,0.000000,1,0.00
2.152000,0.005,0.018890,0.018890,4.321,7.00,-0.008042,-0.010544,-0.000015,-0.008331,-0.004,0.013,2.663,-43.060,0.350,2.645303,-0.005988,0.000015,0.000000,0.000000,0.000000,0.000000,0.000000,0.000000,1,0.00
2.154000,0.006,0.018663,0.018663,4.321,7.00,-0.007503,-0.011108,-0.000017,-0.007538,-0.004,0.012,2.664,-43.056,0.350,2.645425,-0.006308,0.000015,0.000000,0.000000,0.000000,0.000000,0.000000,0.000000,1,0.00
2.156000,0.006,0.020087,0.020087,4.321,7.00,-0.006980,-0.011664,-0.000019,-0.008404,-0.005,0.013,2.666,-43.053,0.350,2.645543,-0.006623,0.000015,0.000000,0.000000,0.000000,0.000000,0.000000,0.000000,1,0.00
2.158000,0.006,0.020304,0.020304,4.321,7.00,-0.006439,-0.012221,-0.000020,-0.008063,-0.005,0.014,2.668,-43.050,0.350,2.645663,-0.006940,0.000014,0.000000,0.000000,0.000000,0.000000,0.000000,0.000000,1,0.00
2.160000,0.006,0.022481,0.022481,4.321,7.00,-0.005904,-0.012773,-0.000022,-0.009687,-0.005,0.015,2.670,-43.046,0.350,2.645779,-0.007253,0.000014,0.000000,0.000000,0.000000,0.000000,0.000000,0.000000,1,0.00
2.162000,0.007,0.023793,0.023793,4.321,7.00,-0.005336,-0.013329,-0.000023,-0.010441,-0.006,0.016,2.672,-43.043,0.350,2.645900,-0.007569,0.000014,0.000000,0.000000,0.000000,0.000000,0.000000,0.000000,1,0.00
2.164000,0.007,0.024279,0.024279,4.321,7.00,-0.004753,-0.013886,-0.000026,-0.010367,-0.006,0.016,2.674,-43.039,0.350,2.646023,-0.007885,0.000014,0.000000,0.000000,0.000000,0.000000,0.000000,0.000000,1,0.00
2.166000,0.007,0.024466,0.024466,4.321,7.00,-0.004173,-0.014438,-0.000029,-0.009999,-0.006,0.016,2.676,-43.036,0.350,2.646143,-0.008198,0.000014,0.000000,0.000000,0.000000,0.000000,0.000000,0.000000,1,0.00
2.168000,0.007,0.025716,0.025716,4.321,7.00,-0.003600,-0.014983,-0.000030,-0.010702,-0.006,0.017,2.678,-43.033,0.350,2.646260,-0.008508,0.000013,0.000000,0.000000,0.000000,0.000000,0.000000,0.000000,1,0.00
2.170000,0.008,0.024439,0.024439,4.321,7.00,-0.003014,-0.015527,-0.000034,-0.008877,-0.007,0.016,2.680,-43.029,0.350,2.646377,-0.008817,0.000013,0.000000,0.000000,0.000000,0.000000,0.000000,0.000000,1,0.00
2.172000,0.008,0.023874,0.023874,4.321,7.00,-0.002465,-0.016057,-0.000037,-0.007779,-0.007,0.016,2.682,-43.026,0.350,2.646486,-0.009118,0.000012,0.000000,0.000000,0.000000,0.000000,0.000000,0.000000,1,0.00
2.174000,0.008,0.023908,0.023908,4.321,7.00,-0.001938,-0.016577,-0.000043,-0.007287,-0.007,0.016,2.684,-43.023,0.350,2.646589,-0.009413,0.000011,0.000000,0.000000,0.000000,0.000000,0.000000,0.000000,1,0.00
2.176000,0.009,0.024256,0.024256,4.321,7.00,-0.001421,-0.017090,-0.000046,-0.007120,-0.007,0.016,2.686,-43.019,0.350,2.646689,-0.009705,0.000010,0.000000,0.000000,0.000000,0.000000,0.000000,0.000000,1,0.00
2.178000,0.009,0.024991,0.024991,4.321,7.00,-0.000908,-0.017598,-0.000048,-0.007346,-0.008,0.017,2.687,-43.016,0.350,2.646787,-0.009993,0.000009,0.000000,0.000000,0.000000,0.000000,0.000000,0.000000,1,0.00
2.180000,0.009,0.026168,0.026168,4.321,7.00,-0.000390,-0.018102,-0.000050,-0.008016,-0.008,0.017,2.689,-43.012,0.350,2.646884,-0.010279,0.000008,0.000000,0.000000,0.000000,0.000000,0.000000,0.000000,1,0.00
2.182000,0.009,0.026390,0.026390,4.321,7.00,0.000142,-0.018605,-0.000055,-0.007730,-0.008,0.018,2.691,-43.009,0.350,2.646981,-0.010565,0.000007,0.000000,0.000000,0.000000,0.000000,0.000000,0.000000,1,0.00
2.184000,0.010,0.027199,0.027199,4.321,7.00,0.000667,-0.019101,-0.000059,-0.008039,-0.009,0.018,2.693,-43.006,0.350,2.647077,-0.010847,0.000006,0.000000,0.000000,0.000000,0.000000,0.000000,0.000000,1,0.00
2.186000,0.010,0.029126,0.029126,4.321,7.00,0.001197,-0.019595,-0.000061,-0.009470,-0.009,0.019,2.695,-43.002,0.350,2.647171,-0.011128,0.000006,0.000000,0.000000,0.000000,0.000000,0.000000,0.000000,1,0.00
2.188000,0.010,0.028952,0.028952,4.321,7.00,0.001756,-0.020091,-0.000063,-0.008798,-0.009,0.019,2.697,-42.999,0.350,2.647269,-0.011409,0.000005,0.000000,0.000000,0.000000,0.000000,0.000000,0.000000,1,0.00
2.190000,0.010,0.029636,0.029636,4.321,7.00,0.002300,-0.020578,-0.000066,-0.008992,-0.009,0.020,2.699,-42.995,0.350,2.647363,-0.011686,0.000004,0.000000,0.000000,0.000000,0.000000,0.000000,0.000000,1,0.00
2.192000,0.011,0.029898,0.029898,4.321,7.00,0.002846,-0.021061,-0.000072,-0.008765,-0.010,0.020,2.701,-42.992,0.350,2.647455,-0.011960,0.000003,0.000000,0.000000,0.000000,0.000000,0.000000,0.000000,1,0.00
2.194000,0.011,0.030790,0.030790,4.321,7.00,0.003387,-0.021538,-0.000075,-0.009177,-0.010,0.021,2.703,-42.989,0.350,2.647545,-0.012230,0.000003,0.000000,0.000000,0.000000,0.000000,0.000000,0.000000,1,0.00
2.196000,0.011,0.030535,0.030535,4.321,7.00,0.003935,-0.022012,-0.000078,-0.008445,-0.010,0.020,2.705,-42.985,0.350,2.647635,-0.012499,0.000002,0.000000,0.000000,0.000000,0.000000,0.000000,0.000000,1,0.00
2.198000,0.011,0.030326,0.030326,4.321,7.00,0.004467,-0.022476,-0.000081,-0.007768,-0.010,0.020,2.707,-42.982,0.350,2.647720,-0.012763,0.000001,0.000000,0.000000,0.000000,0.000000,0.000000,0.000000,1,0.00
2.200000,0.011,0.022949,0.022949,4.321,7.00,0.004985,-0.022932,0.000000,-0.000017,0.000,0.015,2.708,-42.979,0.350,2.647800,-0.013021,0.000001,0.000000,0.000000,0.000000,0.000000,0.000000,0.000000,1,0.00
2.202000,0.012,0.024169,0.024169,4.321,7.00,0.005344,-0.023341,-0.000006,-0.000822,0.000,0.016,2.710,-42.975,0.350,2.647850,-0.013254,-0.000001,0.000000,0.000000,0.000000,0.000000,0.000000,0.000000,1,0.00
2.204000,0.012,0.025494,0.025494,4.321,7.00,0.005721,-0.023751,-0.000011,-0.001732,0.000,0.017,2.712,-42.972,0.350,2.647902,-0.013487,-0.000002,0.000000,0.000000,0.000000,0.000000,0.000000,0.000000,1,0.00
2.206000,0.012,0.028303,0.028303,4.321,7.00,0.006116,-0.024161,-0.000013,-0.004129,0.000,0.019,2.714,-42.968,0.350,2.647957,-0.013720,-0.000003,0.000000,0.000000,0.000000,0.000000,0.000000,0.000000,1,0.00
2.208000,0.012,0.030201,0.030201,4.321,7.00,0.006560,-0.024580,-0.000017,-0.005605,-0.011,0.020,2.716,-42.965,0.350,2.648019,-0.013958,-0.000004,0.000000,0.000000,0.000000,0.000000,0.000000,0.000000,1,0.00
2.210000,0.013,0.032389,0.032389,4.321,7.00,0.007032,-0.025002,-0.000020,-0.007367,-0.012,0.022,2.718,-42.962,0.350,2.648086,-0.014198,-0.000005,0.000000,0.000000,0.000000,0.000000,0.000000,0.000000,1,0.00
2.212000,0.013,0.032850,0.032850,4.321,7.00,0.007540,-0.025428,-0.000026,-0.007396,-0.012,0.022,2.720,-42.958,0.350,2.648157,-0.014440,-0.000006,0.000000,0.000000,0.000000,0.000000,0.000000,0.000000,1,0.00
2.214000,0.013,0.034128,0.034128,4.321,7.00,0.008046,-0.025849,-0.000029,-0.008249,-0.012,0.023,2.722,-42.955,0.350,2.648226,-0.014679,-0.000007,0.000000,0.000000,0.000000,0.000000,0.000000,0.000000,1,0.00
2.216000,0.013,0.033845,0.033845,4.321,7.00,0.008567,-0.026270,-0.000033,-0.007542,-0.012,0.023,2.724,-42.951,0.350,2.648297,-0.014918,-0.000008,0.000000,0.000000,0.000000,0.000000,0.000000,0.000000,1,0.00
2.218000,0.013,0.033561,0.033561,4.321,7.00,0.009073,-0.026681,-0.000040,-0.006840,-0.013,0.022,2.726,-42.948,0.350,2.648363,-0.015151,-0.000009,0.000000,0.000000,0.000000,0.000000,0.000000,0.000000,1,0.00
2.220000,0.014,0.033800,0.033800,4.321,7.00,0.009563,-0.027084,-0.000043,-0.006673,-0.013,0.023,2.728,-42.945,0.350,2.648425,-0.015380,-0.000011,0.000000,0.000000,0.000000,0.000000,0.000000,0.000000,1,0.00
2.222000,0.014,0.034297,0.034297,4.321,7.00,0.010047,-0.027480,-0.000049,-0.006768,-0.013,0.023,2.729,-42.941,0.350,2.648484,-0.015606,-0.000013,0.000000,0.000000,0.000000,0.000000,0.000000,0.000000,1,0.00
2.224000,0.014,0.033857,0.033857,4.321,7.00,0.010532,-0.027871,-0.000055,-0.005931,-0.013,0.023,2.731,-42.938,0.350,2.648543,-0.015828,-0.000015,0.000000,0.000000,0.000000,0.000000,0.000000,0.000000,1,0.00
2.226000,0.014,0.034612,0.034612,4.321,7.00,0.010999,-0.028254,-0.000058,-0.006301,-0.013,0.023,2.733,-42.935,0.350,2.648596,-0.016046,-0.000017,0.000000,0.000000,0.000000,0.000000,0.000000,0.000000,1,0.00
2.228000,0.014,0.035667,0.035667,4.321,7.00,0.011471,-0.028633,-0.000061,-0.006974,-0.014,0.024,2.735,-42.931,0.350,2.648649,-0.016262,-0.000019,0.000000,0.000000,0.000000,0.000000,0.000000,0.000000,1,0.00
2.230000,0.015,0.035965,0.035965,4.321,7.00,0.011955,-0.029010,-0.000065,-0.006890,-0.014,0.024,2.737,-42.928,0.350,2.648702,-0.016477,-0.000021,0.000000,0.000000,0.000000,0.000000,0.000000,0.000000,1,0.00
2.232000,0.015,0.036085,0.036085,4.321,7.00,0.012435,-0.029382,-0.000073,-0.006630,-0.014,0.024,2.739,-42.924,0.350,2.648753,-0.016689,-0.000023,0.000000,0.000000,0.000000,0.000000,0.000000,0.000000,1,0.00
2.234000,0.015,0.036776,0.036776,4.321,7.00,0.012908,-0.029747,-0.000077,-0.006952,-0.014,0.025,2.741,-42.921,0.350,2.648802,-0.016897,-0.000025,0.000000,0.000000,0.000000,0.000000,0.000000,0.000000,1,0.00
2.236000,0.015,0.036699,0.036699,4.321,7.00,0.013386,-0.030109,-0.000081,-0.006509,-0.014,0.024,2.743,-42.918,0.350,2.648850,-0.017103,-0.000028,0.000000,0.000000,0.000000,0.000000,0.000000,0.000000,1,0.00
2.238000,0.015,0.036749,0.036749,4.321,7.00,0.013852,-0.030463,-0.000085,-0.006200,-0.015,0.024,2.745,-42.914,0.350,2.648895,-0.017305,-0.000030,0.000000,0.000000,0.000000,0.000000,0.000000,0.000000,1,0.00
2.240000,0.015,0.036248,0.036248,4.321,7.00,0.014310,-0.030811,-0.000093,-0.005344,-0.015,0.024,2.747,-42.911,0.350,2.648936,-0.017503,-0.000032,0.000000,0.000000,0.000000,0.000000,0.000000,0.000000,1,0.00
2.242000,0.016,0.037144,0.037144,4.321,7.00,0.014749,-0.031149,-0.000098,-0.005897,-0.015,0.025,2.748,-42.907,0.350,2.648973,-0.017696,-0.000035,0.000000,0.000000,0.000000,0.000000,0.000000,0.000000,1,0.00
2.244000,0.016,0.037120,0.037120,4.321,7.00,0.015197,-0.031486,-0.000104,-0.005531,-0.015,0.025,2.750,-42.904,0.350,2.649010,-0.017888,-0.000037,0.000000,0.000000,0.000000,0.000000,0.000000,0.000000,1,0.00
2.246000,0.016,0.037447,0.037447,4.321,7.00,0.015635,-0.031815,-0.000107,-0.005525,-0.015,0.025,2.752,-42.901,0.350,2.649044,-0.018076,-0.000040,0.000000,0.000000,0.000000,0.000000,0.000000,0.000000,1,0.00
2.248000,0.016,0.037246,0.037246,4.321,7.00,0.016071,-0.032139,-0.000116,-0.004991,-0.015,0.025,2.754,-42.897,0.350,2.649076,-0.018261,-0.000042,0.000000,0.000000,0.000000,0.000000,0.000000,0.000000,1,0.00
2.250000,0.016,0.037878,0.037878,4.321,7.00,0.016495,-0.032456,-0.000121,-0.005301,-0.016,0.025,2.756,-42.894,0.350,2.649105,-0.018441,-0.000044,0.000000,0.000000,0.000000,0.000000,0.000000,0.000000,1,0.00
2.252000,0.016,0.037704,0.037704,4.321,7.00,0.016922,-0.032769,-0.000128,-0.004807,-0.016,0.025,2.758,-42.890,0.350,2.649133,-0.018620,-0.000047,0.000000,0.000000,0.000000,0.000000,0.000000,0.000000,1,0.00
2.254000,0.017,0.038153,0.038153,4.321,7.00,0.017338,-0.033075,-0.000133,-0.004945,-0.016,0.025,2.760,-42.887,0.350,2.649158,-0.018795,-0.000049,0.000000,0.000000,0.000000,0.000000,0.000000,0.000000,1,0.00
2.256000,0.017,0.037392,0.037392,4.321,7.00,0.017754,-0.033377,-0.000142,-0.003873,-0.016,0.025,2.762,-42.884,0.350,2.649182,-0.018967,-0.000051,0.000000,0.000000,0.000000,0.000000,0.000000,0.000000,1,0.00
2.258000,0.017,0.037929,0.037929,4.321,7.00,0.018147,-0.033668,-0.000148,-0.004113,-0.016,0.025,2.764,-42.880,0.350,2.649200,-0.019134,-0.000054,0.000000,0.000000,0.000000,0.000000,0.000000,0.000000,1,0.00
2.260000,0.017,0.037633,0.037633,4.321,7.00,0.018543,-0.033956,-0.000161,-0.003516,-0.016,0.025,2.765,-42.877,0.350,2.649217,-0.019298,-0.000056,0.000000,0.000000,0.000000,0.000000,0.000000,0.000000,1,0.00
2.262000,0.017,0.038427,0.038427,4.321,7.00,0.018925,-0.034236,-0.000165,-0.004026,-0.017,0.026,2.767,-42.873,0.350,2.649231,-0.019458,-0.000058,0.000000,0.000000,0.000000,0.000000,0.000000,0.000000,1,0.00
2.264000,0.017,0.038647,0.038647,4.321,7.00,0.019315,-0.034515,-0.000170,-0.003963,-0.017,0.026,2.769,-42.870,0.350,2.649245,-0.019617,-0.000060,0.000000,0.000000,0.000000,0.000000,0.000000,0.000000,1,0.00
2.266000,0.017,0.039595,0.039595,4.321,7.00,0.019701,-0.034788,-0.000173,-0.004634,-0.017,0.026,2.771,-42.867,0.350,2.649257,-0.019773,-0.000062,0.000000,0.000000,0.000000,0.000000,0.000000,0.000000,1,0.00
2.268000,0.018,0.039564,0.039564,4.321,7.00,0.020099,-0.035059,-0.000182,-0.004322,-0.017,0.026,2.773,-42.863,0.350,2.649270,-0.019928,-0.000064,0.000000,0.000000,0.000000,0.000000,0.000000,0.000000,1,0.00
2.270000,0.018,0.040295,0.040295,4.321,7.00,0.020488,-0.035325,-0.000188,-0.004783,-0.017,0.027,2.775,-42.860,0.350,2.649280,-0.020080,-0.000066,0.000000,0.000000,0.000000,0.000000,0.000000,0.000000,1,0.00
2.272000,0.018,0.040382,0.040382,4.321,7.00,0.020885,-0.035587,-0.000192,-0.004602,-0.017,0.027,2.777,-42.856,0.350,2.649291,-0.020230,-0.000069,0.000000,0.000000,0.000000,0.000000,0.000000,0.000000,1,0.00
2.274000,0.018,0.040184,0.040184,4.321,7.00,0.021274,-0.035844,-0.000202,-0.004138,-0.017,0.027,2.779,-42.853,0.350,2.649299,-0.020376,-0.000071,0.000000,0.000000,0.000000,0.000000,0.000000,0.000000,1,0.00
2.276000,0.018,0.040252,0.040252,4.321,7.00,0.021653,-0.036094,-0.000206,-0.003952,-0.018,0.027,2.781,-42.850,0.350,2.649304,-0.020519,-0.000073,0.000000,0.000000,0.000000,0.000000,0.000000,0.000000,1,0.00
2.278000,0.018,0.040534,0.040534,4.321,7.00,0.022025,-0.036338,-0.000214,-0.003982,-0.018,0.027,2.783,-42.846,0.350,2.649306,-0.020659,-0.000075,0.000000,0.000000,0.000000,0.000000,0.000000,0.000000,1,0.00
2.280000,0.018,0.040658,0.040658,4.321,7.00,0.022395,-0.036577,-0.000220,-0.003861,-0.018,0.027,2.784,-42.843,0.350,2.649307,-0.020795,-0.000077,0.000000,0.000000,0.000000,0.000000,0.000000,0.000000,1,0.00
2.282000,0.018,0.040391,0.040391,4.321,7.00,0.022760,-0.036811,-0.000228,-0.003352,-0.018,0.027,2.786,-42.839,0.350,2.649306,-0.020929,-0.000079,0.000000,0.000000,0.000000,0.000000,0.000000,0.000000,1,0.00
2.284000,0.019,0.040867,0.040867,4.321,7.00,0.023113,-0.037037,-0.000234,-0.003596,-0.018,0.027,2.788,-42.836,0.350,2.649302,-0.021059,-0.000081,0.000000,0.000000,0.000000,0.000000,0.000000,0.000000,1,0.00
2.286000,0.019,0.040721,0.040721,4.321,7.00,0.023468,-0.037260,-0.000240,-0.003221,-0.018,0.027,2.790,-42.833,0.350,2.649297,-0.021186,-0.000083,0.000000,0.000000,0.000000,0.000000,0.000000,0.000000,1,0.00
2.288000,0.019,0.041377,0.041377,4.321,7.00,0.023813,-0.037476,-0.000244,-0.003657,-0.018,0.028,2.792,-42.829,0.350,2.649289,-0.021310,-0.000085,0.000000,0.000000,0.000000,0.000000,0.000000,0.000000,1,0.00
2.290000,0.019,0.041631,0.041631,4.321,7.00,0.024164,-0.037690,-0.000249,-0.003692,-0.018,0.028,2.794,-42.826,0.350,2.649281,-0.021433,-0.000087,0.000000,0.000000,0.000000,0.000000,0.000000,0.000000,1,0.00
2.292000,0.019,0.041782,0.041782,4.321,7.00,0.024513,-0.037899,-0.000258,-0.003625,-0.019,0.028,2.796,-42.822,0.350,2.649272,-0.021553,-0.000089,0.000000,0.000000,0.000000,0.000000,0.000000,0.000000,1,0.00
2.294000,0.019,0.041826,0.041826,4.321,7.00,0.024859,-0.038103,-0.000264,-0.003459,-0.019,0.028,2.798,-42.819,0.350,2.649261,-0.021670,-0.000091,0.000000,0.000000,0.000000,0.000000,0.000000,0.000000,1,0.00
2.296000,0.019,0.042363,0.042363,4.321,7.00,0.025198,-0.038301,-0.000268,-0.003793,-0.019,0.028,2.800,-42.816,0.350,2.649248,-0.021783,-0.000093,0.000000,0.000000,0.000000,0.000000,0.000000,0.000000,1,0.00
2.298000,0.019,0.041967,0.041967,4.321,7.00,0.025541,-0.038496,-0.000278,-0.003193,-0.019,0.028,2.801,-42.812,0.350,2.649235,-0.021895,-0.000095,0.000000,0.000000,0.000000,0.000000,0.000000,0.000000,1,0.00
2.300000,0.019,0.038712,0.038712,4.321,7.00,0.025870,-0.038684,0.000000,-0.000029,0.000,0.026,2.803,-42.809,0.350,2.649218,-0.022003,-0.000097,0.000000,0.000000,0.000000,0.000000,0.000000,0.000000,1,0.00
2.302000,0.019,0.039215,0.039215,4.321,7.00,0.026127,-0.038849,-0.000010,-0.000356,0.000,0.026,2.805,-42.805,0.350,2.649186,-0.022098,-0.000099,0.000000,0.000000,0.000000,0.000000,0.000000,0.000000,1,0.00
2.304000,0.020,0.039949,0.039949,4.321,7.00,0.026389,-0.039011,-0.000015,-0.000923,0.000,0.027,2.807,-42.802,0.350,2.649155,-0.022192,-0.000102,0.000000,0.000000,0.000000,0.000000,0.000000,0.000000,1,0.00
2.306000,0.020,0.040435,0.040435,4.321,7.00,0.026660,-0.039172,-0.000025,-0.001237,0.000,0.027,2.809,-42.799,0.350,2.649125,-0.022285,-0.000103,0.000000,0.000000,0.000000,0.000000,0.000000,0.000000,1,0.00
2.308000,0.020,0.041250,0.041250,4.321,7.00,0.026935,-0.039331,-0.000030,-0.001888,-0.019,0.027,2.811,-42.795,0.350,2.649095,-0.022376,-0.000105,0.000000,0.000000,0.000000,0.000000,0.000000,0.000000,1,0.00
2.310000,0.020,0.041723,0.041723,4.321,7.00,0.027222,-0.039489,-0.000039,-0.002195,-0.019,0.028,2.813,-42.792,0.350,2.649066,-0.022467,-0.000107,0.000000,0.000000,0.000000,0.000000,0.000000,0.000000,1,0.00
2.312000,0.020,0.041958,0.041958,4.321,7.00,0.027512,-0.039643,-0.000047,-0.002268,-0.020,0.028,2.815,-42.789,0.350,2.649037,-0.022556,-0.000109,0.000000,0.000000,0.000000,0.000000,0.000000,0.000000,1,0.00
2.314000,0.020,0.042263,0.042263,4.321,7.00,0.027801,-0.039794,-0.000051,-0.002418,-0.020,0.028,2.817,-42.785,0.350,2.649007,-0.022643,-0.000111,0.000000,0.000000,0.000000,0.000000,0.000000,0.000000,1,0.00
2.316000,0.020,0.042653,0.042653,4.321,7.00,0.028090,-0.039941,-0.000057,-0.002655,-0.020,0.028,2.818,-42.782,0.350,2.648976,-0.022727,-0.000112,0.000000,0.000000,0.000000,0.000000,0.000000,0.000000,1,0.00
2.318000,0.020,0.042709,0.042709,4.321,7.00,0.028381,-0.040084,-0.000062,-0.002563,-0.020,0.028,2.820,-42.778,0.350,2.648944,-0.022810,-0.000114,0.000000,0.000000,0.000000,0.000000,0.000000,0.000000,1,0.00
2.320000,0.020,0.042774,0.042774,4.321,7.00,0.028668,-0.040222,-0.000073,-0.002479,-0.020,0.029,2.822,-42.775,0.350,2.648911,-0.022890,-0.000116,0.000000,0.000000,0.000000,0.000000,0.000000,0.000000,1,0.00
2.322000,0.020,0.043075,0.043075,4.321,7.00,0.028950,-0.040356,-0.000078,-0.002642,-0.020,0.029,2.824,-42.771,0.350,2.648876,-0.022967,-0.000117,0.000000,0.000000,0.000000,0.000000,0.000000,0.000000,1,0.00
2.324000,0.020,0.043111,0.043111,4.321,7.00,0.029232,-0.040485,-0.000082,-0.002544,-0.020,0.029,2.826,-42.768,0.350,2.648840,-0.023042,-0.000119,0.000000,0.000000,0.000000,0.000000,0.000000,0.000000,1,0.00
2.326000,0.020,0.042922,0.042922,4.321,7.00,0.029510,-0.040609,-0.000093,-0.002220,-0.020,0.029,2.828,-42.765,0.350,2.648803,-0.023114,-0.000120,0.000000,0.000000,0.000000,0.000000,0.000000,0.000000,1,0.00
2.328000,0.020,0.042942,0.042942,4.321,7.00,0.029778,-0.040728,-0.000098,-0.002116,-0.020,0.029,2.830,-42.761,0.350,2.648762,-0.023182,-0.000122,0.000000,0.000000,0.000000,0.000000,0.000000,0.000000,1,0.00
2.330000,0.020,0.043081,0.043081,4.321,7.00,0.030041,-0.040841,-0.000107,-0.002134,-0.020,0.029,2.832,-42.758,0.350,2.648721,-0.023248,-0.000124,0.000000,0.000000,0.000000,0.000000,0.000000,0.000000,1,0.00
2.332000,0.020,0.042944,0.042944,4.321,7.00,0.030302,-0.040949,-0.000114,-0.001881,-0.020,0.029,2.833,-42.754,0.350,2.648678,-0.023311,-0.000125,0.000000,0.000000,0.000000,0.000000,0.000000,0.000000,1,0.00
2.334000,0.021,0.042994,0.042994,4.321,7.00,0.030555,-0.041052,-0.000118,-0.001824,-0.020,0.029,2.835,-42.751,0.350,2.648632,-0.023371,-0.000127,0.000000,0.000000,0.000000,0.000000,0.000000,0.000000,1,0.00
2.336000,0.021,0.043062,0.043062,4.321,7.00,0.030804,-0.041150,-0.000128,-0.001783,-0.020,0.029,2.837,-42.748,0.350,2.648586,-0.023428,-0.000128,0.000000,0.000000,0.000000,0.000000,0.000000,0.000000,1,0.00
2.338000,0.021,0.042994,0.042994,4.321,7.00,0.031049,-0.041243,-0.000135,-0.001615,-0.020,0.029,2.839,-42.744,0.350,2.648537,-0.023482,-0.000130,0.000000,0.000000,0.000000,0.000000,0.000000,0.000000,1,0.00
2.340000,0.021,0.043022,0.043022,4.321,7.00,0.031288,-0.041331,-0.000144,-0.001546,-0.020,0.029,2.841,-42.741,0.350,2.648487,-0.023533,-0.000131,0.000000,0.000000,0.000000,0.000000,0.000000,0.000000,1,0.00
2.342000,0.021,0.043050,0.043050,4.321,7.00,0.031522,-0.041415,-0.000151,-0.001484,-0.021,0.029,2.843,-42.737,0.350,2.648436,-0.023582,-0.000133,0.000000,0.000000,0.000000,0.000000,0.000000,0.000000,1,0.00
2.344000,0.021,0.042685,0.042685,4.321,7.00,0.031753,-0.041493,-0.000167,-0.001025,-0.021,0.028,2.845,-42.734,0.350,2.648383,-0.023628,-0.000134,0.000000,0.000000,0.000000,0.000000,0.000000,0.000000,1,0.00
2.346000,0.021,0.042887,0.042887,4.321,7.00,0.031972,-0.041565,-0.000172,-0.001150,-0.021,0.029,2.847,-42.731,0.350,2.648327,-0.023670,-0.000136,0.000000,0.000000,0.000000,0.000000,0.000000,0.000000,1,0.00
2.348000,0.021,0.042897,0.042897,4.321,7.00,0.032190,-0.041633,-0.000178,-0.001086,-0.021,0.029,2.849,-42.727,0.350,2.648270,-0.023711,-0.000137,0.000000,0.000000,0.000000,0.000000,0.000000,0.000000,1,0.00
2.350000,0.021,0.043029,0.043029,4.321,7.00,0.032404,-0.041696,-0.000183,-0.001149,-0.021,0.029,2.850,-42.724,0.350,2.648212,-0.023748,-0.000139,0.000000,0.000000,0.000000,0.000000,0.000000,0.000000,1,0.00
2.352000,0.021,0.042957,0.042957,4.321,7.00,0.032617,-0.041756,-0.000195,-0.001006,-0.021,0.029,2.852,-42.720,0.350,2.648154,-0.023783,-0.000140,0.000000,0.000000,0.000000,0.000000,0.000000,0.000000,1,0.00
2.354000,0.021,0.043090,0.043090,4.321,7.00,0.032823,-0.041810,-0.000202,-0.001078,-0.021,0.029,2.854,-42.717,0.350,2.648093,-0.023816,-0.000141,0.000000,0.000000,0.000000,0.000000,0.000000,0.000000,1,0.00
2.356000,0.021,0.042944,0.042944,4.321,7.00,0.033029,-0.041861,-0.000211,-0.000872,-0.021,0.029,2.856,-42.714,0.350,2.648031,-0.023846,-0.000142,0.000000,0.000000,0.000000,0.000000,0.000000,0.000000,1,0.00
2.358000,0.021,0.042894,0.042894,4.321,7.00,0.033227,-0.041906,-0.000219,-0.000769,-0.021,0.029,2.858,-42.710,0.350,2.647968,-0.023873,-0.000143,0.000000,0.000000,0.000000,0.000000,0.000000,0.000000,1,0.00
2.360000,0.021,0.042834,0.042834,4.321,7.00,0.033420,-0.041946,-0.000225,-0.000664,-0.021,0.029,2.860,-42.707,0.350,2.647903,-0.023897,-0.000144,0.000000,0.000000,0.000000,0.000000,0.000000,0.000000,1,0.00
2.362000,0.021,0.042865,0.042865,4.321,7.00,0.033609,-0.041981,-0.000233,-0.000651,-0.021,0.029,2.862,-42.703,0.350,2.647837,-0.023918,-0.000145,0.000000,0.000000,0.000000,0.000000,0.000000,0.000000,1,0.00
2.364000,0.021,0.042808,0.042808,4.321,7.00,0.033794,-0.042012,-0.000241,-0.000555,-0.021,0.029,2.864,-42.700,0.350,2.647769,-0.023937,-0.000146,0.000000,0.000000,0.000000,0.000000,0.000000,0.000000,1,0.00
2.366000,0.021,0.042791,0.042791,4.321,7.00,0.033974,-0.042039,-0.000251,-0.000501,-0.021,0.029,2.866,-42.697,0.350,2.647700,-0.023954,-0.000147,0.000000,0.000000,0.000000,0.000000,0.000000,0.000000,1,0.00
2.368000,0.021,0.042768,0.042768,4.321,7.00,0.034150,-0.042060,-0.000258,-0.000450,-0.021,0.029,2.867,-42.693,0.350,2.647630,-0.023968,-0.000148,0.000000,0.000000,0.000000,0.000000,0.000000,0.000000,1,0.00
2.370000,0.021,0.042670,0.042670,4.321,7.00,0.034323,-0.042078,-0.000271,-0.000322,-0.021,0.028,2.869,-42.690,0.350,2.647558,-0.023979,-0.000149,0.000000,0.000000,0.000000,0.000000,0.000000,0.000000,1,0.00
2.372000,0.021,0.042627,0.042627,4.321,7.00,0.034490,-0.042090,-0.000280,-0.000258,-0.021,0.028,2.871,-42.686,0.350,2.647485,-0.023987,-0.000150,0.000000,0.000000,0.000000,0.000000,0.000000,0.000000,1,0.00
2.374000,0.021,0.042583,0.042583,4.321,7.00,0.034652,-0.042098,-0.000289,-0.000196,-0.021,0.028,2.873,-42.683,0.350,2.647411,-0.023993,-0.000151,0.000000,0.000000,0.000000,0.000000,0.000000,0.000000,1,0.00
2.376000,0.021,0.042554,0.042554,4.321,7.00,0.034811,-0.042101,-0.000293,-0.000159,-0.021,0.028,2.875,-42.680,0.350,2.647335,-0.023996,-0.000151,0.000000,0.000000,0.000000,0.000000,0.000000,0.000000,1,0.00
2.378000,0.021,0.042495,0.042495,4.321,7.00,0.034966,-0.042100,-0.000305,-0.000090,-0.021,0.028,2.877,-42.676,0.350,2.647259,-0.023997,-0.000152,0.000000,0.000000,0.000000,0.000000,0.000000,0.000000,1,0.00
2.380000,0.021,0.042452,0.042452,4.321,7.00,0.035117,-0.042095,-0.000312,-0.000045,-0.021,0.028,2.879,-42.673,0.350,2.647181,-0.023995,-0.000153,0.000000,0.000000,0.000000,0.000000,0.000000,0.000000,1,0.00
2.382000,0.021,0.042374,0.042374,4.321,7.00,0.035263,-0.042085,-0.000317,0.000027,-0.021,0.028,2.881,-42.669,0.350,2.647102,-0.023991,-0.000153,0.000000,0.000000,0.000000,0.000000,0.000000,0.000000,1,0.00
2.384000,0.021,0.042301,0.042301,4.321,7.00,0.035405,-0.042070,-0.000323,0.000093,-0.021,0.028,2.882,-42.666,0.350,2.647021,-0.023984,-0.000154,0.000000,0.000000,0.000000,0.000000,0.000000,0.000000,1,0.00
2.386000,0.021,0.042235,0.042235,4.321,7.00,0.035543,-0.042052,-0.000333,0.000149,-0.021,0.028,2.884,-42.663,0.350,2.646940,-0.023975,-0.000154,0.000000,0.000000,0.000000,0.000000,0.000000,0.000000,1,0.00
2.388000,0.021,0.042166,0.042166,4.321,7.00,0.035677,-0.042028,-0.000342,0.000204,-0.021,0.028,2.886,-42.659,0.350,2.646857,-0.023963,-0.000155,0.000000,0.000000,0.000000,0.000000,0.000000,0.000000,1,0.00
2.390000,0.021,0.042006,0.042006,4.321,7.00,0.035807,-0.042000,-0.000346,0.000340,-0.021,0.028,2.888,-42.656,0.350,2.646773,-0.023948,-0.000155,0.000000,0.000000,0.000000,0.000000,0.000000,0.000000,1,0.00
2.392000,0.021,0.041972,0.041972,4.321,7.00,0.035931,-0.041968,-0.000358,0.000353,-0.021,0.028,2.890,-42.652,0.350,2.646688,-0.023931,-0.000156,0.000000,0.000000,0.000000,0.000000,0.000000,0.000000,1,0.00
2.394000,0.021,0.041888,0.041888,4.321,7.00,0.036052,-0.041931,-0.000365,0.000408,-0.021,0.028,2.892,-42.649,0.350,2.646601,-0.023912,-0.000156,0.000000,0.000000,0.000000,0.000000,0.000000,0.000000,1,0.00
2.396000,0.021,0.041702,0.041702,4.321,7.00,0.036169,-0.041890,-0.000370,0.000558,-0.021,0.028,2.894,-42.646,0.350,2.646514,-0.023890,-0.000156,0.000000,0.000000,0.000000,0.000000,0.000000,0.000000,1,0.00
2.398000,0.021,0.041538,0.041538,4.321,7.00,0.036279,-0.041844,-0.000375,0.000681,-0.021,0.028,2.896,-42.642,0.350,2.646425,-0.023865,-0.000157,0.000000,0.000000,0.000000,0.000000,0.000000,0.000000,1,0.00
2.400000,0.021,0.041824,0.041824,4.321,7.00,0.036384,-0.041793,0.000000,-0.000030,0.000,0.028,2.897,-42.639,0.350,2.646335,-0.023837,-0.000157,0.000000,0.000000,0.000000,0.000000,0.000000,0.000000,1,0.00
2.402000,0.021,0.041661,0.041661,4.321,7.00,0.036493,-0.041740,-0.000009,0.000088,0.000,0.028,2.899,-42.635,0.350,2.646245,-0.023808,-0.000157,0.000000,0.000000,0.000000,0.000000,0.000000,0.000000,1,0.00
2.404000,0.021,0.041307,0.041307,4.321,7.00,0.036597,-0.041683,-0.000013,0.000389,0.000,0.028,2.901,-42.632,0.350,2.646154,-0.023777,-0.000157,0.000000,0.000000,0.000000,0.000000,0.000000,0.000000,1,0.00
2.406000,0.021,0.041016,0.041016,4.321,7.00,0.036691,-0.041619,-0.000019,0.000622,0.000,0.027,2.903,-42.629,0.350,2.646060,-0.023742,-0.000157,0.000000,0.000000,0.000000,0.000000,0.000000,0.000000,1,0.00
2.408000,0.021,0.040694,0.040694,4.321,7.00,0.036777,-0.041551,-0.000024,0.000882,-0.021,0.027,2.905,-42.625,0.350,2.645966,-0.023704,-0.000157,0.000000,0.000000,0.000000,0.000000,0.000000,0.000000,1,0.00
2.410000,0.021,0.040464,0.040464,4.321,7.00,0.036856,-0.041477,-0.000036,0.001049,-0.021,0.027,2.907,-42.622,0.350,2.645869,-0.023664,-0.000157,0.000000,0.000000,0.000000,0.000000,0.000000,0.000000,1,0.00
2.412000,0.021,0.040251,0.040251,4.321,7.00,0.036928,-0.041398,-0.000042,0.001190,-0.021,0.027,2.909,-42.618,0.350,2.645771,-0.023620,-0.000157,0.000000,0.000000,0.000000,0.000000,0.000000,0.000000,1,0.00
2.414000,0.021,0.040175,0.040175,4.321,7.00,0.036994,-0.041315,-0.000048,0.001188,-0.021,0.027,2.911,-42.615,0.350,2.645672,-0.023574,-0.000157,0.000000,0.000000,0.000000,0.000000,0.000000,0.000000,1,0.00
2.416000,0.021,0.040188,0.040188,4.321,7.00,0.037058,-0.041228,-0.000060,0.001100,-0.021,0.027,2.913,-42.612,0.350,2.645572,-0.023526,-0.000157,0.000000,0.000000,0.000000,0.000000,0.000000,0.000000,1,0.00
2.418000,0.021,0.040152,0.040152,4.321,7.00,0.037120,-0.041138,-0.000069,0.001054,-0.021,0.027,2.914,-42.608,0.350,2.645471,-0.023476,-0.000157,0.000000,0.000000,0.000000,0.000000,0.000000,0.000000,1,0.00
2.420000,0.021,0.039996,0.039996,4.321,7.00,0.037181,-0.041044,-0.000078,0.001125,-0.021,0.027,2.916,-42.605,0.350,2.645370,-0.023423,-0.000156,0.000000,0.000000,0.000000,0.000000,0.000000,0.000000,1,0.00
2.422000,0.020,0.039803,0.039803,4.321,7.00,0.037237,-0.040945,-0.000084,0.001226,-0.021,0.027,2.918,-42.601,0.350,2.645269,-0.023368,-0.000156,0.000000,0.000000,0.000000,0.000000,0.000000,0.000000,1,0.00
2.424000,0.020,0.039815,0.039815,4.321,7.00,0.037289,-0.040842,-0.000094,0.001122,-0.021,0.027,2.920,-42.598,0.350,2.645166,-0.023311,-0.000156,0.000000,0.000000,0.000000,0.000000,0.000000,0.000000,1,0.00
2.426000,0.020,0.039678,0.039678,4.321,7.00,0.037339,-0.040736,-0.000106,0.001164,-0.021,0.026,2.922,-42.594,0.350,2.645062,-0.023252,-0.000155,0.000000,0.000000,0.000000,0.000000,0.000000,0.000000,1,0.00
2.428000,0.020,0.039477,0.039477,4.321,7.00,0.037386,-0.040626,-0.000113,0.001262,-0.021,0.026,2.924,-42.591,0.350,2.644958,-0.023190,-0.000155,0.000000,0.000000,0.000000,0.000000,0.000000,0.000000,1,0.00
2.430000,0.020,0.039371,0.039371,4.321,7.00,0.037428,-0.040511,-0.000124,0.001264,-0.020,0.026,2.926,-42.588,0.350,2.644853,-0.023126,-0.000155,0.000000,0.000000,0.000000,0.000000,0.000000,0.000000,1,0.00
2.432000,0.020,0.039308,0.039308,4.321,7.00,0.037467,-0.040392,-0.000132,0.001216,-0.020,0.026,2.928,-42.584,0.350,2.644747,-0.023060,-0.000154,0.000000,0.000000,0.000000,0.000000,0.000000,0.000000,1,0.00
2.434000,0.020,0.039142,0.039142,4.321,7.00,0.037503,-0.040270,-0.000142,0.001270,-0.020,0.026,2.929,-42.581,0.350,2.644641,-0.022991,-0.000154,0.000000,0.000000,0.000000,0.000000,0.000000,0.000000,1,0.00
2.436000,0.020,0.038785,0.038785,4.321,7.00,0.037536,-0.040144,-0.000148,0.001506,-0.020,0.026,2.931,-42.577,0.350,2.644534,-0.022920,-0.000153,0.000000,0.000000,0.000000,0.000000,0.000000,0.000000,1,0.00
2.438000,0.020,0.038753,0.038753,4.321,7.00,0.037561,-0.040012,-0.000159,0.001419,-0.020,0.026,2.933,-42.574,0.350,2.644425,-0.022846,-0.000153,0.000000,0.000000,0.000000,0.000000,0.000000,0.000000,1,0.00
2.440000,0.020,0.038548,0.038548,4.321,7.00,0.037585,-0.039877,-0.000169,0.001498,-0.020,0.026,2.935,-42.571,0.350,2.644317,-0.022771,-0.000152,0.000000,0.000000,0.000000,0.000000,0.000000,0.000000,1,0.00
2.442000,0.020,0.038363,0.038363,4.321,7.00,0.037604,-0.039738,-0.000176,0.001551,-0.020,0.026,2.937,-42.567,0.350,2.644207,-0.022693,-0.000151,0.000000,0.000000,0.000000,0.000000,0.000000,0.000000,1,0.00
2.444000,0.020,0.037775,0.037775,4.321,7.00,0.037619,-0.039595,-0.000180,0.002000,-0.020,0.025,2.939,-42.564,0.350,2.644096,-0.022612,-0.000151,0.000000,0.000000,0.000000,0.000000,0.000000,0.000000,1,0.00
2.446000,0.020,0.037580,0.037580,4.321,7.00,0.037623,-0.039445,-0.000187,0.002052,-0.020,0.025,2.941,-42.560,0.350,2.643983,-0.022528,-0.000150,0.000000,0.000000,0.000000,0.000000,0.000000,0.000000,1,0.00
2.448000,0.020,0.037374,0.037374,4.321,7.00,0.037622,-0.039292,-0.000197,0.002115,-0.020,0.025,2.943,-42.557,0.350,2.643870,-0.022442,-0.000149,0.000000,0.000000,0.000000,0.000000,0.000000,0.000000,1,0.00
2.450000,0.020,0.037084,0.037084,4.321,7.00,0.037617,-0.039134,-0.000204,0.002255,-0.020,0.025,2.944,-42.554,0.350,2.643755,-0.022353,-0.000149,0.000000,0.000000,0.000000,0.000000,0.000000,0.000000,1,0.00
2.452000,0.019,0.036541,0.036541,4.321,7.00,0.037606,-0.038972,-0.000209,0.002640,-0.020,0.024,2.946,-42.550,0.350,2.643640,-0.022262,-0.000148,0.000000,0.000000,0.000000,0.000000,0.000000,0.000000,1,0.00
2.454000,0.019,0.036731,0.036731,4.321,7.00,0.037585,-0.038805,-0.000218,0.002292,-0.020,0.024,2.948,-42.547,0.350,2.643523,-0.022168,-0.000147,0.000000,0.000000,0.000000,0.000000,0.000000,0.000000,1,0.00
2.456000,0.019,0.036598,0.036598,4.321,7.00,0.037568,-0.038635,-0.000225,0.002262,-0.020,0.024,2.950,-42.543,0.350,2.643406,-0.022072,-0.000146,0.000000,0.000000,0.000000,0.000000,0.000000,0.000000,1,0.00
2.458000,0.019,0.035802,0.035802,4.321,7.00,0.037548,-0.038462,-0.000229,0.002889,-0.020,0.024,2.952,-42.540,0.350,2.643289,-0.021974,-0.000145,0.000000,0.000000,0.000000,0.000000,0.000000,0.000000,1,0.00
2.460000,0.019,0.035721,0.035721,4.321,7.00,0.037513,-0.038282,-0.000239,0.002800,-0.019,0.024,2.954,-42.537,0.350,2.643170,-0.021873,-0.000145,0.000000,0.000000,0.000000,0.000000,0.000000,0.000000,1,0.00
2.462000,0.019,0.035768,0.035768,4.321,7.00,0.037478,-0.038099,-0.000246,0.002577,-0.019,0.024,2.956,-42.533,0.350,2.643050,-0.021769,-0.000144,0.000000,0.000000,0.000000,0.000000,0.000000,0.000000,1,0.00
2.464000,0.019,0.035549,0.035549,4.321,7.00,0.037443,-0.037913,-0.000255,0.002619,-0.019,0.024,2.958,-42.530,0.350,2.642931,-0.021665,-0.000143,0.000000,0.000000,0.000000,0.000000,0.000000,0.000000,1,0.00
2.466000,0.019,0.035192,0.035192,4.321,7.00,0.037406,-0.037724,-0.000260,0.002792,-0.019,0.023,2.959,-42.526,0.350,2.642811,-0.021557,-0.000142,0.000000,0.000000,0.000000,0.000000,0.000000,0.000000,1,0.00
2.468000,0.019,0.035366,0.035366,4.321,7.00,0.037361,-0.037529,-0.000267,0.002430,-0.019,0.024,2.961,-42.523,0.350,2.642690,-0.021448,-0.000141,0.000000,0.000000,0.000000,0.000000,0.000000,0.000000,1,0.00
2.470000,0.019,0.034706,0.034706,4.321,7.00,0.037321,-0.037333,-0.000271,0.002899,-0.019,0.023,2.963,-42.519,0.350,2.642570,-0.021337,-0.000139,0.000000,0.000000,0.000000,0.000000,0.000000,0.000000,1,0.00
2.472000,0.019,0.034691,0.034691,4.321,7.00,0.037269,-0.037131,-0.000282,0.002722,-0.019,0.023,2.965,-42.516,0.350,2.642448,-0.021223,-0.000138,0.000000,0.000000,0.000000,0.000000,0.000000,0.000000,1,0.00
2.474000,0.018,0.034439,0.034439,4.321,7.00,0.037217,-0.036926,-0.000291,0.002778,-0.019,0.023,2.967,-42.513,0.350,2.642326,-0.021107,-0.000137,0.000000,0.000000,0.000000,0.000000,0.000000,0.000000,1,0.00
2.476000,0.018,0.034025,0.034025,4.321,7.00,0.037162,-0.036717,-0.000295,0.002987,-0.019,0.023,2.969,-42.509,0.350,2.642204,-0.020988,-0.000136,0.000000,0.000000,0.000000,0.000000,0.000000,0.000000,1,0.00
2.478000,0.018,0.033713,0.033713,4.321,7.00,0.037099,-0.036504,-0.000301,0.003092,-0.019,0.022,2.971,-42.506,0.350,2.642080,-0.020867,-0.000135,0.000000,0.000000,0.000000,0.000000,0.000000,0.000000,1,0.00
2.480000,0.018,0.033394,0.033394,4.321,7.00,0.037031,-0.036286,-0.000306,0.003197,-0.019,0.022,2.973,-42.502,0.350,2.641956,-0.020744,-0.000134,0.000000,0.000000,0.000000,0.000000,0.000000,0.000000,1,0.00
2.482000,0.018,0.033131,0.033131,4.321,7.00,0.036959,-0.036064,-0.000315,0.003249,-0.018,0.022,2.974,-42.499,0.350,2.641831,-0.020618,-0.000132,0.000000,0.000000,0.000000,0.000000,0.000000,0.000000,1,0.00
2.484000,0.018,0.032773,0.032773,4.321,7.00,0.036882,-0.035838,-0.000322,0.003387,-0.018,0.022,2.976,-42.496,0.350,2.641706,-0.020490,-0.000131,0.000000,0.000000,0.000000,0.000000,0.000000,0.000000,1,0.00
2.486000,0.018,0.032939,0.032939,4.321,7.00,0.036800,-0.035608,-0.000332,0.003001,-0.018,0.022,2.978,-42.492,0.350,2.641579,-0.020360,-0.000130,0.000000,0.000000,0.000000,0.000000,0.000000,0.000000,1,0.00
2.488000,0.018,0.032767,0.032767,4.321,7.00,0.036723,-0.035376,-0.000338,0.002948,-0.018,0.022,2.980,-42.489,0.350,2.641454,-0.020229,-0.000129,0.000000,0.000000,0.000000,0.000000,0.000000,0.000000,1,0.00
2.490000,0.018,0.033023,0.033023,4.321,7.00,0.036644,-0.035141,-0.000348,0.002466,-0.018,0.022,2.982,-42.485,0.350,2.641329,-0.020095,-0.000127,0.000000,0.000000,0.000000,0.000000,0.000000,0.000000,1,0.00
2.492000,0.017,0.032439,0.032439,4.321,7.00,0.036571,-0.034904,-0.000353,0.002818,-0.018,0.022,2.984,-42.482,0.350,2.641205,-0.019961,-0.000126,0.000000,0.000000,0.000000,0.000000,0.000000,0.000000,1,0.00
2.494000,0.017,0.032177,0.032177,4.321,7.00,0.036489,-0.034662,-0.000360,0.002846,-0.018,0.021,2.986,-42.479,0.350,2.641080,-0.019824,-0.000125,0.000000,0.000000,0.000000,0.000000,0.000000,0.000000,1,0.00
2.496000,0.017,0.031278,0.031278,4.321,7.00,0.036402,-0.034416,-0.000364,0.003502,-0.018,0.021,2.988,-42.475,0.350,2.640954,-0.019684,-0.000123,0.000000,0.000000,0.000000,0.000000,0.000000,0.000000,1,0.00
2.498000,0.017,0.031170,0.031170,4.321,7.00,0.036300,-0.034163,-0.000373,0.003367,-0.018,0.021,2.989,-42.472,0.350,2.640826,-0.019540,-0.000122,0.000000,0.000000,0.000000,0.000000,0.000000,0.000000,1,0.00
2.500000,0.017,0.033932,0.033932,4.321,7.00,0.036197,-0.033907,0.000000,-0.000024,0.000,0.023,2.991,-42.468,0.350,2.640697,-0.019395,-0.000120,0.000000,0.000000,0.000000,0.000000,0.000000,0.000000,1,0.00
2.502000,0.017,0.033108,0.033108,4.321,7.00,0.036152,-0.033663,-0.000007,0.000561,0.000,0.022,2.993,-42.465,0.350,2.640580,-0.019256,-0.000119,0.000000,0.000000,0.000000,0.000000,0.000000,0.000000,1,0.00
2.504000,0.017,0.032041,0.032041,4.321,7.00,0.036091,-0.033411,-0.000012,0.001382,0.000,0.021,2.995,-42.461,0.350,2.640460,-0.019113,-0.000117,0.000000,0.000000,0.000000,0.000000,0.000000,0.000000,1,0.00
2.506000,0.017,0.031313,0.031313,4.321,7.00,0.036010,-0.033151,-0.000021,0.001859,0.000,0.021,2.997,-42.458,0.350,2.640337,-0.018966,-0.000116,0.000000,0.000000,0.000000,0.000000,0.000000,0.000000,1,0.00
2.508000,0.016,0.030184,0.030184,4.321,7.00,0.035916,-0.032885,-0.000026,0.002727,-0.017,0.020,2.999,-42.455,0.350,2.640211,-0.018814,-0.000115,0.000000,0.000000,0.000000,0.000000,0.000000,0.000000,1,0.00
2.510000,0.016,0.029284,0.029284,4.321,7.00,0.035801,-0.032611,-0.000034,0.003360,-0.017,0.020,3.001,-42.451,0.350,2.640082,-0.018659,-0.000113,0.000000,0.000000,0.000000,0.000000,0.000000,0.000000,1,0.00
2.512000,0.016,0.028859,0.028859,4.321,7.00,0.035671,-0.032330,-0.000040,0.003511,-0.017,0.019,3.003,-42.448,0.350,2.639950,-0.018499,-0.000112,0.000000,0.000000,0.000000,0.000000,0.000000,0.000000,1,0.00
2.514000,0.016,0.027978,0.027978,4.321,7.00,0.035535,-0.032045,-0.000043,0.004110,-0.017,0.019,3.004,-42.444,0.350,2.639817,-0.018337,-0.000111,0.000000,0.000000,0.000000,0.000000,0.000000,0.000000,1,0.00
2.516000,0.016,0.027032,0.027032,4.321,7.00,0.035384,-0.031753,-0.000047,0.004768,-0.016,0.018,3.006,-42.441,0.350,2.639683,-0.018171,-0.000109,0.000000,0.000000,0.000000,0.000000,0.000000,0.000000,1,0.00
2.518000,0.016,0.026492,0.026492,4.321,7.00,0.035217,-0.031455,-0.000051,0.005014,-0.016,0.018,3.008,-42.438,0.350,2.639545,-0.018002,-0.000108,0.000000,0.000000,0.000000,0.000000,0.000000,0.000000,1,0.00
2.520000,0.016,0.026260,0.026260,4.321,7.00,0.035042,-0.031152,-0.000060,0.004952,-0.016,0.018,3.010,-42.434,0.350,2.639407,-0.017830,-0.000107,0.000000,0.000000,0.000000,0.000000,0.000000,0.000000,1,0.00
2.522000,0.015,0.025725,0.025725,4.321,7.00,0.034867,-0.030846,-0.000065,0.005186,-0.016,0.017,3.012,-42.431,0.350,2.639270,-0.017656,-0.000105,0.000000,0.000000,0.000000,0.000000,0.000000,0.000000,1,0.00
2.524000,0.015,0.025701,0.025701,4.321,7.00,0.034684,-0.030536,-0.000069,0.004904,-0.016,0.017,3.014,-42.427,0.350,2.639131,-0.017479,-0.000104,0.000000,0.000000,0.000000,0.000000,0.000000,0.000000,1,0.00
2.526000,0.015,0.025675,0.025675,4.321,7.00,0.034504,-0.030224,-0.000074,0.004623,-0.016,0.017,3.016,-42.424,0.350,2.638994,-0.017301,-0.000102,0.000000,0.000000,0.000000,0.000000,0.000000,0.000000,1,0.00
2.528000,0.015,0.025144,0.025144,4.321,7.00,0.034328,-0.029909,-0.000078,0.004843,-0.016,0.017,3.017,-42.421,0.350,2.638857,-0.017122,-0.000100,0.000000,0.000000,0.000000,0.000000,0.000000,0.000000,1,0.00
2.530000,0.015,0.024817,0.024817,4.321,7.00,0.034144,-0.029591,-0.000086,0.004860,-0.015,0.017,3.019,-42.417,0.350,2.638721,-0.016941,-0.000098,0.000000,0.000000,0.000000,0.000000,0.000000,0.000000,1,0.00
2.532000,0.015,0.024599,0.024599,4.321,7.00,0.033957,-0.029268,-0.000092,0.004762,-0.015,0.016,3.021,-42.414,0.350,2.638583,-0.016757,-0.000097,0.000000,0.000000,0.000000,0.000000,0.000000,0.000000,1,0.00
2.534000,0.014,0.024822,0.024822,4.321,7.00,0.033770,-0.028943,-0.000100,0.004221,-0.015,0.017,3.023,-42.410,0.350,2.638447,-0.016572,-0.000095,0.000000,0.000000,0.000000,0.000000,0.000000,0.000000,1,0.00
2.536000,0.014,0.024424,0.024424,4.321,7.00,0.033591,-0.028618,-0.000105,0.004298,-0.015,0.016,3.025,-42.407,0.350,2.638313,-0.016386,-0.000093,0.000000,0.000000,0.000000,0.000000,0.000000,0.000000,1,0.00
2.538000,0.014,0.024668,0.024668,4.321,7.00,0.033408,-0.028288,-0.000111,0.003730,-0.015,0.016,3.027,-42.403,0.350,2.638178,-0.016198,-0.000091,0.000000,0.000000,0.000000,0.000000,0.000000,0.000000,1,0.00
2.540000,0.014,0.023697,0.023697,4.321,7.00,0.033233,-0.027957,-0.000115,0.004375,-0.015,0.016,3.029,-42.400,0.350,2.638045,-0.016009,-0.000089,0.000000,0.000000,0.000000,0.000000,0.000000,0.000000,1,0.00
2.542000,0.014,0.023611,0.023611,4.321,7.00,0.033042,-0.027620,-0.000122,0.004131,-0.014,0.016,3.031,-42.397,0.350,2.637910,-0.015817,-0.000087,0.000000,0.000000,0.000000,0.000000,0.000000,0.000000,1,0.00
2.544000,0.014,0.023024,0.023024,4.321,7.00,0.032854,-0.027281,-0.000127,0.004384,-0.014,0.015,3.032,-42.393,0.350,2.637776,-0.015623,-0.000085,0.000000,0.000000,0.000000,0.000000,0.000000,0.000000,1,0.00
2.546000,0.013,0.022966,0.022966,4.321,7.00,0.032657,-0.026936,-0.000135,0.004104,-0.014,0.015,3.034,-42.390,0.350,2.637641,-0.015427,-0.000083,0.000000,0.000000,0.000000,0.000000,0.000000,0.000000,1,0.00
2.548000,0.013,0.022367,0.022367,4.321,7.00,0.032463,-0.026590,-0.000139,0.004361,-0.014,0.015,3.036,-42.386,0.350,2.637508,-0.015229,-0.000081,0.000000,0.000000,0.000000,0.000000,0.000000,0.000000,1,0.00
2.550000,0.013,0.022635,0.022635,4.321,7.00,0.032261,-0.026238,-0.000147,0.003750,-0.014,0.015,3.038,-42.383,0.350,2.637373,-0.015028,-0.000080,0.000000,0.000000,0.000000,0.000000,0.000000,0.000000,1,0.00
2.552000,0.013,0.022048,0.022048,4.321,7.00,0.032069,-0.025886,-0.000152,0.003990,-0.014,0.015,3.040,-42.380,0.350,2.637241,-0.014827,-0.000078,0.000000,0.000000,0.000000,0.000000,0.000000,0.000000,1,0.00
2.554000,0.013,0.021598,0.021598,4.321,7.00,0.031868,-0.025529,-0.000157,0.004088,-0.013,0.014,3.042,-42.376,0.350,2.637107,-0.014624,-0.000076,0.000000,0.000000,0.000000,0.000000,0.000000,0.000000,1,0.00
2.556000,0.013,0.020274,0.020274,4.321,7.00,0.031663,-0.025168,-0.000160,0.005054,-0.013,0.014,3.044,-42.373,0.350,2.636974,-0.014417,-0.000074,0.000000,0.000000,0.000000,0.000000,0.000000,0.000000,1,0.00
2.558000,0.012,0.020276,0.020276,4.321,7.00,0.031435,-0.024799,-0.000167,0.004690,-0.013,0.014,3.045,-42.369,0.350,2.636837,-0.014207,-0.000072,0.000000,0.000000,0.000000,0.000000,0.000000,0.000000,1,0.00
2.560000,0.012,0.019555,0.019555,4.321,7.00,0.031212,-0.024428,-0.000171,0.005044,-0.013,0.013,3.047,-42.366,0.350,2.636701,-0.013995,-0.000071,0.000000,0.000000,0.000000,0.000000,0.000000,0.000000,1,0.00
2.562000,0.012,0.019294,0.019294,4.321,7.00,0.030979,-0.024052,-0.000177,0.004935,-0.013,0.013,3.049,-42.362,0.350,2.636565,-0.013780,-0.000069,0.000000,0.000000,0.000000,0.000000,0.000000,0.000000,1,0.00
2.564000,0.012,0.018664,0.018664,4.321,7.00,0.030745,-0.023672,-0.000181,0.005190,-0.013,0.012,3.051,-42.359,0.350,2.636429,-0.013563,-0.000067,0.000000,0.000000,0.000000,0.000000,0.000000,0.000000,1,0.00
2.566000,0.012,0.019239,0.019239,4.321,7.00,0.030504,-0.023288,-0.000188,0.004238,-0.012,0.013,3.053,-42.356,0.350,2.636292,-0.013344,-0.000066,0.000000,0.000000,0.000000,0.000000,0.000000,0.000000,1,0.00
2.568000,0.011,0.018498,0.018498,4.321,7.00,0.030278,-0.022906,-0.000192,0.004599,-0.012,0.012,3.055,-42.352,0.350,2.636159,-0.013125,-0.000064,0.000000,0.000000,0.000000,0.000000,0.000000,0.000000,1,0.00
2.570000,0.011,0.018174,0.018174,4.321,7.00,0.030043,-0.022518,-0.000197,0.004540,-0.012,0.012,3.057,-42.349,0.350,2.636025,-0.012903,-0.000062,0.000000,0.000000,0.000000,0.000000,0.000000,0.000000,1,0.00
2.572000,0.011,0.016625,0.016625,4.321,7.00,0.029805,-0.022126,-0.000199,0.005700,-0.012,0.011,3.058,-42.345,0.350,2.635891,-0.012680,-0.000060,0.000000,0.000000,0.000000,0.000000,0.000000,0.000000,1,0.00
2.574000,0.011,0.016711,0.016711,4.321,7.00,0.029542,-0.021725,-0.000205,0.005220,-0.012,0.011,3.060,-42.342,0.350,2.635753,-0.012451,-0.000059,0.000000,0.000000,0.000000,0.000000,0.000000,0.000000,1,0.00
2.576000,0.011,0.016055,0.016055,4.321,7.00,0.029285,-0.021324,-0.000210,0.005478,-0.011,0.011,3.062,-42.338,0.350,2.635617,-0.012221,-0.000057,0.000000,0.000000,0.000000,0.000000,0.000000,0.000000,1,0.00
2.578000,0.010,0.016066,0.016066,4.321,7.00,0.029020,-0.020918,-0.000217,0.005069,-0.011,0.011,3.064,-42.335,0.350,2.635480,-0.011989,-0.000055,0.000000,0.000000,0.000000,0.000000,0.000000,0.000000,1,0.00
2.580000,0.010,0.015378,0.015378,4.321,7.00,0.028761,-0.020511,-0.000220,0.005354,-0.011,0.010,3.066,-42.332,0.350,2.635346,-0.011756,-0.000053,0.000000,0.000000,0.000000,0.000000,0.000000,0.000000,1,0.00
2.582000,0.010,0.015136,0.015136,4.321,7.00,0.028494,-0.020100,-0.000223,0.005187,-0.011,0.010,3.068,-42.328,0.350,2.635210,-0.011521,-0.000051,0.000000,0.000000,0.000000,0.000000,0.000000,0.000000,1,0.00
2.584000,0.010,0.014186,0.014186,4.321,7.00,0.028227,-0.019687,-0.000226,0.005727,-0.011,0.009,3.070,-42.325,0.350,2.635076,-0.011285,-0.000049,0.000000,0.000000,0.000000,0.000000,0.000000,0.000000,1,0.00
2.586000,0.010,0.013779,0.013779,4.321,7.00,0.027946,-0.019269,-0.000230,0.005720,-0.010,0.009,3.071,-42.321,0.350,2.634939,-0.011045,-0.000047,0.000000,0.000000,0.000000,0.000000,0.000000,0.000000,1,0.00
2.588000,0.009,0.012748,0.012748,4.321,7.00,0.027662,-0.018848,-0.000234,0.006333,-0.010,0.008,3.073,-42.318,0.350,2.634803,-0.010804,-0.000045,0.000000,0.000000,0.000000,0.000000,0.000000,0.000000,1,0.00
2.590000,0.009,0.012650,0.012650,4.321,7.00,0.027364,-0.018421,-0.000238,0.006009,-0.010,0.008,3.075,-42.315,0.350,2.634665,-0.010560,-0.000043,0.000000,0.000000,0.000000,0.000000,0.000000,0.000000,1,0.00
2.592000,0.009,0.012653,0.012653,4.321,7.00,0.027070,-0.017994,-0.000241,0.005581,-0.010,0.008,3.077,-42.311,0.350,2.634529,-0.010315,-0.000042,0.000000,0.000000,0.000000,0.000000,0.000000,0.000000,1,0.00
2.594000,0.009,0.012709,0.012709,4.321,7.00,0.026782,-0.017566,-0.000246,0.005102,-0.010,0.008,3.079,-42.308,0.350,2.634395,-0.010070,-0.000040,0.000000,0.000000,0.000000,0.000000,0.000000,0.000000,1,0.00
2.596000,0.009,0.012023,0.012023,4.321,7.00,0.026500,-0.017138,-0.000249,0.005364,-0.009,0.008,3.081,-42.304,0.350,2.634263,-0.009825,-0.000038,0.000000,0.000000,0.000000,0.000000,0.000000,0.000000,1,0.00
2.598000,0.008,0.011968,0.011968,4.321,7.00,0.026211,-0.016707,-0.000253,0.004992,-0.009,0.008,3.083,-42.301,0.350,2.634130,-0.009578,-0.000036,0.000000,0.000000,0.000000,0.000000,0.000000,0.000000,1,0.00
2.600000,0.008,0.016286,0.016286,4.321,7.00,0.025926,-0.016275,0.000000,-0.000012,0.000,0.011,3.084,-42.297,0.350,2.633999,-0.009331,-0.000035,0.000000,0.000000,0.000000,0.000000,0.000000,0.000000,1,0.00
2.602000,0.008,0.014383,0.014383,4.321,7.00,0.025733,-0.015864,-0.000002,0.001483,0.000,0.010,3.086,-42.294,0.350,2.633886,-0.009096,-0.000033,0.000000,0.000000,0.000000,0.000000,0.000000,0.000000,1,0.00
2.604000,0.008,0.012503,0.012503,4.321,7.00,0.025506,-0.015444,-0.000004,0.002945,0.000,0.008,3.088,-42.291,0.350,2.633767,-0.008854,-0.000031,0.000000,0.000000,0.000000,0.000000,0.000000,0.000000,1,0.00
2.606000,0.008,0.010991,0.010991,4.321,7.00,0.025246,-0.015013,-0.000007,0.004029,0.000,0.007,3.090,-42.287,0.350,2.633643,-0.008608,-0.000030,0.000000,0.000000,0.000000,0.000000,0.000000,0.000000,1,0.00
2.608000,0.007,0.009742,0.009742,4.321,7.00,0.024961,-0.014575,-0.000011,0.004844,-0.008,0.006,3.092,-42.284,0.350,2.633515,-0.008357,-0.000028,0.000000,0.000000,0.000000,0.000000,0.000000,0.000000,1,0.00
2.610000,0.007,0.008041,0.008041,4.321,7.00,0.024657,-0.014130,-0.000014,0.006103,-0.008,0.005,3.094,-42.280,0.350,2.633384,-0.008102,-0.000027,0.000000,0.000000,0.000000,0.000000,0.000000,0.000000,1,0.00
2.612000,0.007,0.008048,0.008048,4.321,7.00,0.024324,-0.013678,-0.000017,0.005647,-0.008,0.005,3.096,-42.277,0.350,2.633249,-0.007844,-0.000026,0.000000,0.000000,0.000000,0.000000,0.000000,0.000000,1,0.00
2.614000,0.007,0.006926,0.006926,4.321,7.00,0.023999,-0.013227,-0.000018,0.006319,-0.008,0.005,3.097,-42.273,0.350,2.633116,-0.007585,-0.000025,0.000000,0.000000,0.000000,0.000000,0.000000,0.000000,1,0.00
2.616000,0.006,0.006123,0.006123,4.321,7.00,0.023657,-0.012770,-0.000020,0.006668,-0.007,0.004,3.099,-42.270,0.350,2.632981,-0.007324,-0.000023,0.000000,0.000000,0.000000,0.000000,0.000000,0.000000,1,0.00
2.618000,0.006,0.004547,0.004547,4.321,7.00,0.023307,-0.012311,-0.000022,0.007787,-0.007,0.003,3.101,-42.267,0.350,2.632846,-0.007061,-0.000022,0.000000,0.000000,0.000000,0.000000,0.000000,0.000000,1,0.00
2.620000,0.006,0.004458,0.004458,4.321,7.00,0.022932,-0.011846,-0.000025,0.007413,-0.007,0.003,3.103,-42.263,0.350,2.632707,-0.006794,-0.000021,0.000000,0.000000,0.000000,0.000000,0.000000,0.000000,1,0.00
2.622000,0.006,0.003684,0.003684,4.321,7.00,0.022562,-0.011381,-0.000027,0.007724,-0.007,0.002,3.105,-42.260,0.350,2.632570,-0.006528,-0.000019,0.000000,0.000000,0.000000,0.000000,0.000000,0.000000,1,0.00
2.624000,0.005,0.003846,0.003846,4.321,7.00,0.022185,-0.010914,-0.000028,0.007097,-0.006,0.003,3.107,-42.256,0.350,2.632433,-0.006260,-0.000018,0.000000,0.000000,0.000000,0.000000,0.000000,0.000000,1,0.00
2.626000,0.005,0.003500,0.003500,4.321,7.00,0.021818,-0.010450,-0.000030,0.006980,-0.006,0.002,3.109,-42.253,0.350,2.632299,-0.005994,-0.000016,0.000000,0.000000,0.000000,0.000000,0.000000,0.000000,1,0.00
2.628000,0.005,0.002655,0.002655,4.321,7.00,0.021452,-0.009985,-0.000031,0.007361,-0.006,0.002,3.110,-42.250,0.350,2.632167,-0.005727,-0.000015,0.000000,0.000000,0.000000,0.000000,0.000000,0.000000,1,0.00
2.630000,0.005,0.002164,0.002164,4.321,7.00,0.021076,-0.009518,-0.000034,0.007388,-0.006,0.001,3.112,-42.246,0.350,2.632034,-0.005459,-0.000013,0.000000,0.000000,0.000000,0.000000,0.000000,0.000000,1,0.00
2.632000,0.005,0.001800,0.001800,4.321,7.00,0.020697,-0.009051,-0.000036,0.007286,-0.005,0.001,3.114,-42.243,0.350,2.631901,-0.005191,-0.000012,0.000000,0.000000,0.000000,0.000000,0.000000,0.000000,1,0.00
2.634000,0.004,0.001922,0.001922,4.321,7.00,0.020320,-0.008583,-0.000038,0.006698,-0.005,0.001,3.116,-42.239,0.350,2.631769,-0.004923,-0.000010,0.000000,0.000000,0.000000,0.000000,0.000000,0.000000,1,0.00
2.636000,0.004,0.001290,0.001290,4.321,7.00,0.019952,-0.008118,-0.000039,0.006867,-0.005,0.001,3.118,-42.236,0.350,2.631641,-0.004656,-0.000009,0.000000,0.000000,0.000000,0.000000,0.000000,0.000000,1,0.00
2.638000,0.004,0.001814,0.001814,4.321,7.00,0.019578,-0.007652,-0.000040,0.005879,-0.005,0.001,3.120,-42.232,0.350,2.631513,-0.004388,-0.000007,0.000000,0.000000,0.000000,0.000000,0.000000,0.000000,1,0.00
2.640000,0.004,0.000240,0.000240,4.321,7.00,0.019223,-0.007191,-0.000041,0.006992,-0.005,0.000,3.122,-42.229,0.350,2.631389,-0.004123,-0.000006,0.000000,0.000000,0.000000,0.000000,0.000000,0.000000,1,0.00
2.642000,0.003,0.000089,0.000089,4.321,7.00,0.018844,-0.006723,-0.000043,0.006677,-0.004,0.000,3.123,-42.226,0.350,2.631262,-0.003855,-0.000005,0.000000,0.000000,0.000000,0.000000,0.000000,0.000000,1,0.00
2.644000,0.003,-0.000656,-0.000656,4.321,7.00,0.018469,-0.006258,-0.000044,0.006957,-0.004,0.000,3.125,-42.222,0.350,2.631136,-0.003588,-0.000004,0.000000,0.000000,0.000000,0.000000,0.000000,0.000000,1,0.00
2.646000,0.003,-0.002044,-0.002044,4.321,7.00,0.018086,-0.005790,-0.000045,0.007879,-0.004,0.001,3.127,-42.219,0.350,2.631011,-0.003320,-0.000002,0.000000,0.000000,0.000000,0.000000,0.000000,0.000000,1,0.00
2.648000,0.003,-0.002082,-0.002082,4.321,7.00,0.017684,-0.005319,-0.000046,0.007447,-0.004,0.001,3.129,-42.215,0.350,2.630883,-0.003049,-0.000001,0.000000,0.000000,0.000000,0.000000,0.000000,0.000000,1,0.00
2.650000,0.002,-0.001925,-0.001925,4.321,7.00,0.017288,-0.004850,-0.000047,0.006822,-0.003,0.001,3.131,-42.212,0.350,2.630759,-0.002779,0.000002,0.000000,0.000000,0.000000,0.000000,0.000000,0.000000,1,0.00
2.652000,0.002,-0.002463,-0.002463,4.321,7.00,0.016904,-0.004387,-0.000048,0.006898,-0.003,0.002,3.133,-42.208,0.350,2.630640,-0.002512,0.000005,0.000000,0.000000,0.000000,0.000000,0.000000,0.000000,1,0.00
2.654000,0.002,-0.003042,-0.003042,4.321,7.00,0.016517,-0.003926,-0.000049,0.007017,-0.003,0.002,3.135,-42.205,0.350,2.630522,-0.002246,0.000008,0.000000,0.000000,0.000000,0.000000,0.000000,0.000000,1,0.00
2.656000,0.002,-0.002339,-0.002339,4.321,7.00,0.016126,-0.003463,-0.000049,0.005852,-0.003,0.002,3.136,-42.202,0.350,2.630403,-0.001979,0.000011,0.000000,0.000000,0.000000,0.000000,0.000000,0.000000,1,0.00
2.658000,0.002,-0.002535,-0.002535,4.321,7.00,0.015756,-0.003006,-0.000050,0.005590,-0.002,0.002,3.138,-42.198,0.350,2.630288,-0.001716,0.000013,0.000000,0.000000,0.000000,0.000000,0.000000,0.000000,1,0.00
2.660000,0.001,-0.002913,-0.002913,4.321,7.00,0.015391,-0.002549,-0.000051,0.005512,-0.002,0.002,3.140,-42.195,0.350,2.630174,-0.001453,0.000014,0.000000,0.000000,0.000000,0.000000,0.000000,0.000000,1,0.00
2.662000,0.001,-0.004452,-0.004452,4.321,7.00,0.015025,-0.002092,-0.000051,0.006595,-0.002,0.003,3.142,-42.191,0.350,2.630062,-0.001191,0.000015,0.000000,0.000000,0.000000,0.000000,0.000000,0.000000,1,0.00
2.664000,0.001,-0.004441,-0.004441,4.321,7.00,0.014635,-0.001631,-0.000051,0.006123,-0.002,0.003,3.144,-42.188,0.350,2.629946,-0.000927,0.000015,0.000000,0.000000,0.000000,0.000000,0.000000,0.000000,1,0.00
2.666000,0.001,-0.004971,-0.004971,4.321,7.00,0.014254,-0.001172,-0.000052,0.006194,-0.002,0.003,3.146,-42.185,0.350,2.629833,-0.000664,0.000014,0.000000,0.000000,0.000000,0.000000,0.000000,0.000000,1,0.00
2.668000,0.000,-0.005654,-0.005654,4.321,7.00,0.013869,-0.000714,-0.000052,0.006419,-0.001,0.004,3.147,-42.181,0.350,2.629720,-0.000402,0.000014,0.000000,0.000000,0.000000,0.000000,0.000000,0.000000,1,0.00
2.670000,0.000,-0.006236,-0.006236,4.321,7.00,0.013479,-0.000255,-0.000052,0.006544,-0.001,0.004,3.149,-42.178,0.350,2.629608,-0.000139,0.000013,0.000000,0.000000,0.000000,0.000000,0.000000,0.000000,1,0.00
2.672000,-0.000,-0.005360,-0.005360,4.321,7.00,0.013085,0.000202,-0.000052,0.005209,-0.001,0.004,3.151,-42.174,0.350,2.629496,0.000123,0.000013,0.000000,0.000000,0.000000,0.000000,0.000000,0.000000,1,0.00
2.674000,-0.000,-0.006129,-0.006129,4.321,7.00,0.012716,0.000652,-0.000052,0.005529,-0.001,0.004,3.153,-42.171,0.350,2.629390,0.000381,0.000012,0.000000,0.000000,0.000000,0.000000,0.000000,0.000000,1,0.00
2.676000,-0.001,-0.006390,-0.006390,4.321,7.00,0.012339,0.001103,-0.000051,0.005339,-0.000,0.004,3.155,-42.167,0.350,2.629283,0.000639,0.000011,0.000000,0.000000,0.000000,0.000000,0.000000,0.000000,1,0.00
2.678000,-0.001,-0.008216,-0.008216,4.321,7.00,0.011964,0.001551,-0.000051,0.006716,-0.000,0.005,3.157,-42.164,0.350,2.629178,0.000896,0.000011,0.000000,0.000000,0.000000,0.000000,0.000000,0.000000,1,0.00
2.680000,-0.001,-0.008678,-0.008678,4.321,7.00,0.011561,0.002004,-0.000051,0.006725,0.000,0.006,3.159,-42.161,0.350,2.629069,0.001155,0.000010,0.000000,0.000000,0.000000,0.000000,0.000000,0.000000,1,0.00
2.682000,-0.001,-0.009209,-0.009209,4.321,7.00,0.011156,0.002455,-0.000050,0.006804,0.000,0.006,3.160,-42.157,0.350,2.628961,0.001414,0.000010,0.000000,0.000000,0.000000,0.000000,0.000000,0.000000,1,0.00
2.684000,-0.001,-0.009296,-0.009296,4.321,7.00,0.010749,0.002905,-0.000049,0.006441,0.001,0.006,3.162,-42.154,0.350,2.628854,0.001673,0.000010,0.000000,0.000000,0.000000,0.000000,0.000000,0.000000,1,0.00
2.686000,-0.002,-0.009994,-0.009994,4.321,7.00,0.010348,0.003351,-0.000049,0.006691,0.001,0.007,3.164,-42.150,0.350,2.628748,0.001929,0.000010,0.000000,0.000000,0.000000,0.000000,0.000000,0.000000,1,0.00
2.688000,-0.002,-0.009088,-0.009088,4.321,7.00,0.009941,0.003797,-0.000048,0.005339,0.001,0.006,3.166,-42.147,0.350,2.628644,0.002184,0.000010,0.000000,0.000000,0.000000,0.000000,0.000000,0.000000,1,0.00
2.690000,-0.002,-0.009162,-0.009162,4.321,7.00,0.009561,0.004233,-0.000047,0.004976,0.001,0.006,3.168,-42.144,0.350,2.628545,0.002435,0.000010,0.000000,0.000000,0.000000,0.000000,0.000000,0.000000,1,0.00
2.692000,-0.002,-0.010433,-0.010433,4.321,7.00,0.009186,0.004666,-0.000046,0.005813,0.001,0.007,3.170,-42.140,0.350,2.628448,0.002684,0.000010,0.000000,0.000000,0.000000,0.000000,0.000000,0.000000,1,0.00
2.694000,-0.003,-0.011447,-0.011447,4.321,7.00,0.008794,0.005101,-0.000046,0.006391,0.002,0.008,3.172,-42.137,0.350,2.628349,0.002934,0.000010,0.000000,0.000000,0.000000,0.000000,0.000000,0.000000,1,0.00
2.696000,-0.003,-0.011257,-0.011257,4.321,7.00,0.008389,0.005537,-0.000044,0.005764,0.002,0.008,3.173,-42.133,0.350,2.628249,0.003184,0.000011,0.000000,0.000000,0.000000,0.000000,0.000000,0.000000,1,0.00
2.698000,-0.003,-0.012347,-0.012347,4.321,7.00,0.007996,0.005967,-0.000043,0.006424,0.002,0.008,3.175,-42.130,0.350,2.628153,0.003431,0.000011,0.000000,0.000000,0.000000,0.000000,0.000000,0.000000,1,0.00
2.700000,-0.003,-0.006402,-0.006402,4.321,7.00,0.007589,0.006398,0.000000,0.000004,0.000,0.004,3.177,-42.126,0.350,2.628055,0.003679,0.000011,0.000000,0.000000,0.000000,0.000000,0.000000,0.000000,1,0.00
2.702000,-0.003,-0.007809,-0.007809,4.321,7.00,0.007309,0.006795,0.000001,0.001013,0.000,0.005,3.179,-42.123,0.350,2.627982,0.003907,0.000011,0.000000,0.000000,0.000000,0.000000,0.000000,0.000000,1,0.00
2.704000,-0.004,-0.009775,-0.009775,4.321,7.00,0.007007,0.007195,0.000002,0.002578,0.000,0.007,3.181,-42.120,0.350,2.627905,0.004137,0.000011,0.000000,0.000000,0.000000,0.000000,0.000000,0.000000,1,0.00
2.706000,-0.004,-0.011482,-0.011482,4.321,7.00,0.006671,0.007601,0.000003,0.003878,0.000,0.008,3.183,-42.116,0.350,2.627823,0.004370,0.000011,0.000000,0.000000,0.000000,0.000000,0.000000,0.000000,1,0.00
2.708000,-0.004,-0.013759,-0.013759,4.321,7.00,0.006308,0.008011,0.000004,0.005743,0.003,0.009,3.185,-42.113,0.350,2.627737,0.004606,0.000011,0.000000,0.000000,0.000000,0.000000,0.000000,0.000000,1,0.00
2.710000,-0.004,-0.014906,-0.014906,4.321,7.00,0.005907,0.008428,0.000007,0.006471,0.003,0.010,3.186,-42.109,0.350,2.627645,0.004846,0.000012,0.000000,0.000000,0.000000,0.000000,0.000000,0.000000,1,0.00
2.712000,-0.004,-0.015662,-0.015662,4.321,7.00,0.005491,0.008846,0.000008,0.006808,0.004,0.010,3.188,-42.106,0.350,2.627552,0.005086,0.000012,0.000000,0.000000,0.000000,0.000000,0.000000,0.000000,1,0.00
2.714000,-0.005,-0.015385,-0.015385,4.321,7.00,0.005068,0.009263,0.000010,0.006111,0.004,0.010,3.190,-42.103,0.350,2.627458,0.005326,0.000012,0.000000,0.000000,0.000000,0.000000,0.000000,0.000000,1,0.00
2.716000,-0.005,-0.015630,-0.015630,4.321,7.00,0.004659,0.009673,0.000012,0.005945,0.004,0.010,3.192,-42.099,0.350,2.627369,0.005562,0.000012,0.000000,0.000000,0.000000,0.000000,0.000000,0.000000,1,0.00
2.718000,-0.005,-0.014996,-0.014996,4.321,7.00,0.004253,0.010079,0.000015,0.004902,0.004,0.010,3.194,-42.096,0.350,2.627281,0.005795,0.000012,0.000000,0.000000,0.000000,0.000000,0.000000,0.000000,1,0.00
2.720000,-0.005,-0.015916,-0.015916,4.321,7.00,0.003868,0.010477,0.000016,0.005422,0.004,0.011,3.196,-42.092,0.350,2.627199,0.006024,0.000012,0.000000,0.000000,0.000000,0.000000,0.000000,0.000000,1,0.00
2.722000,-0.005,-0.015737,-0.015737,4.321,7.00,0.003472,0.010875,0.000019,0.004844,0.005,0.010,3.198,-42.089,0.350,2.627115,0.006252,0.000011,0.000000,0.000000,0.000000,0.000000,0.000000,0.000000,1,0.00
2.724000,-0.006,-0.016757,-0.016757,4.321,7.00,0.003088,0.011266,0.000021,0.005471,0.005,0.011,3.199,-42.085,0.350,2.627035,0.006477,0.000011,0.000000,0.000000,0.000000,0.000000,0.000000,0.000000,1,0.00
2.726000,-0.006,-0.016817,-0.016817,4.321,7.00,0.002691,0.011657,0.000023,0.005137,0.005,0.011,3.201,-42.082,0.350,2.626954,0.006702,0.000011,0.000000,0.000000,0.000000,0.000000,0.000000,0.000000,1,0.00
2.728000,-0.006,-0.017412,-0.017412,4.321,7.00,0.002301,0.012043,0.000026,0.005343,0.005,0.012,3.203,-42.079,0.350,2.626875,0.006924,0.000010,0.000000,0.000000,0.000000,0.000000,0.000000,0.000000,1,0.00
2.730000,-0.006,-0.018407,-0.018407,4.321,7.00,0.001907,0.012427,0.000027,0.005953,0.005,0.012,3.205,-42.075,0.350,2.626796,0.007144,0.000010,0.000000,0.000000,0.000000,0.000000,0.000000,0.000000,1,0.00
2.732000,-0.006,-0.019150,-0.019150,4.321,7.00,0.001501,0.012810,0.000029,0.006311,0.006,0.013,3.207,-42.072,0.350,2.626717,0.007364,0.000010,0.000000,0.000000,0.000000,0.000000,0.000000,0.000000,1,0.00
2.734000,-0.007,-0.018556,-0.018556,4.321,7.00,0.001088,0.013191,0.000034,0.005331,0.006,0.012,3.209,-42.068,0.350,2.626637,0.007583,0.000009,0.000000,0.000000,0.000000,0.000000,0.000000,0.000000,1,0.00
2.736000,-0.007,-0.019123,-0.019123,4.321,7.00,0.000695,0.013563,0.000037,0.005523,0.006,0.013,3.211,-42.065,0.350,2.626562,0.007797,0.000009,0.000000,0.000000,0.000000,0.000000,0.000000,0.000000,1,0.00
2.738000,-0.007,-0.019746,-0.019746,4.321,7.00,0.000299,0.013933,0.000039,0.005775,0.006,0.013,3.213,-42.062,0.350,2.626488,0.008010,0.000008,0.000000,0.000000,0.000000,0.000000,0.000000,0.000000,1,0.00
2.740000,-0.007,-0.019253,-0.019253,4.321,7.00,-0.000102,0.014300,0.000041,0.004912,0.006,0.013,3.214,-42.058,0.350,2.626415,0.008221,0.000007,0.000000,0.000000,0.000000,0.000000,0.000000,0.000000,1,0.00
2.742000,-0.007,-0.020200,-0.020200,4.321,7.00,-0.000485,0.014658,0.000043,0.005499,0.007,0.013,3.216,-42.055,0.350,2.626345,0.008427,0.000007,0.000000,0.000000,0.000000,0.000000,0.000000,0.000000,1,0.00
2.744000,-0.008,-0.020653,-0.020653,4.321,7.00,-0.000880,0.015016,0.000047,0.005590,0.007,0.014,3.218,-42.051,0.350,2.626275,0.008632,0.000006,0.000000,0.000000,0.000000,0.000000,0.000000,0.000000,1,0.00
2.746000,-0.008,-0.021032,-0.021032,4.321,7.00,-0.001275,0.015370,0.000050,0.005612,0.007,0.014,3.220,-42.048,0.350,2.626206,0.008836,0.000006,0.000000,0.000000,0.000000,0.000000,0.000000,0.000000,1,0.00
2.748000,-0.008,-0.020741,-0.020741,4.321,7.00,-0.001670,0.015720,0.000054,0.004967,0.007,0.014,3.222,-42.045,0.350,2.626138,0.009037,0.000005,0.000000,0.000000,0.000000,0.000000,0.000000,0.000000,1,0.00
2.750000,-0.008,-0.021041,-0.021041,4.321,7.00,-0.002052,0.016062,0.000057,0.004922,0.007,0.014,3.224,-42.041,0.350,2.626074,0.009233,0.000004,0.000000,0.000000,0.000000,0.000000,0.000000,0.000000,1,0.00
2.752000,-0.008,-0.020545,-0.020545,4.321,7.00,-0.002431,0.016400,0.000060,0.004084,0.008,0.014,3.226,-42.038,0.350,2.626011,0.009427,0.000004,0.000000,0.000000,0.000000,0.000000,0.000000,0.000000,1,0.00
2.754000,-0.008,-0.021878,-0.021878,4.321,7.00,-0.002794,0.016729,0.000062,0.005086,0.008,0.015,3.227,-42.034,0.350,2.625952,0.009617,0.000003,0.000000,0.000000,0.000000,0.000000,0.000000,0.000000,1,0.00
2.756000,-0.009,-0.021852,-0.021852,4.321,7.00,-0.003175,0.017059,0.000066,0.004726,0.008,0.015,3.229,-42.031,0.350,2.625891,0.009806,0.000002,0.000000,0.000000,0.000000,0.000000,0.000000,0.000000,1,0.00
2.758000,-0.009,-0.022403,-0.022403,4.321,7.00,-0.003549,0.017383,0.000069,0.004950,0.008,0.015,3.231,-42.028,0.350,2.625833,0.009992,0.000001,0.000000,0.000000,0.000000,0.000000,0.000000,0.000000,1,0.00
2.760000,-0.009,-0.023098,-0.023098,4.321,7.00,-0.003926,0.017704,0.000072,0.005323,0.008,0.015,3.233,-42.024,0.350,2.625775,0.010176,0.000001,0.000000,0.000000,0.000000,0.000000,0.000000,0.000000,1,0.00
2.762000,-0.009,-0.023572,-0.023572,4.321,7.00,-0.004309,0.018021,0.000074,0.005476,0.008,0.016,3.235,-42.021,0.350,2.625717,0.010359,0.000000,0.000000,0.000000,0.000000,0.000000,0.000000,0.000000,1,0.00
2.764000,-0.009,-0.023395,-0.023395,4.321,7.00,-0.004695,0.018335,0.000077,0.004982,0.009,0.016,3.237,-42.017,0.350,2.625660,0.010539,-0.000001,0.000000,0.000000,0.000000,0.000000,0.000000,0.000000,1,0.00
2.766000,-0.009,-0.023918,-0.023918,4.321,7.00,-0.005069,0.018642,0.000080,0.005196,0.009,0.016,3.239,-42.014,0.350,2.625606,0.010715,-0.000002,0.000000,0.000000,0.000000,0.000000,0.000000,0.000000,1,0.00
2.768000,-0.009,-0.023948,-0.023948,4.321,7.00,-0.005446,0.018945,0.000085,0.004918,0.009,0.016,3.241,-42.010,0.350,2.625553,0.010889,-0.000002,0.000000,0.000000,0.000000,0.000000,0.000000,0.000000,1,0.00
2.770000,-0.010,-0.023806,-0.023806,4.321,7.00,-0.005816,0.019241,0.000088,0.004476,0.009,0.016,3.242,-42.007,0.350,2.625502,0.011060,-0.000003,0.000000,0.000000,0.000000,0.000000,0.000000,0.000000,1,0.00
2.772000,-0.010,-0.023771,-0.023771,4.321,7.00,-0.006175,0.019531,0.000092,0.004148,0.009,0.016,3.244,-42.004,0.350,2.625454,0.011226,-0.000004,0.000000,0.000000,0.000000,0.000000,0.000000,0.000000,1,0.00
2.774000,-0.010,-0.024419,-0.024419,4.321,7.00,-0.006527,0.019814,0.000094,0.004511,0.009,0.016,3.246,-42.000,0.350,2.625409,0.011389,-0.000005,0.000000,0.000000,0.000000,0.000000,0.000000,0.000000,1,0.00
2.776000,-0.010,-0.024340,-0.024340,4.321,7.00,-0.006885,0.020094,0.000100,0.004146,0.009,0.016,3.248,-41.997,0.350,2.625363,0.011549,-0.000006,0.000000,0.000000,0.000000,0.000000,0.000000,0.000000,1,0.00
2.778000,-0.010,-0.024811,-0.024811,4.321,7.00,-0.007234,0.020367,0.000104,0.004341,0.010,0.017,3.250,-41.993,0.350,2.625321,0.011706,-0.000007,0.000000,0.000000,0.000000,0.000000,0.000000,0.000000,1,0.00
2.780000,-0.010,-0.025636,-0.025636,4.321,7.00,-0.007586,0.020636,0.000105,0.004895,0.010,0.017,3.252,-41.990,0.350,2.625278,0.011861,-0.000007,0.000000,0.000000,0.000000,0.000000,0.000000,0.000000,1,0.00
2.782000,-0.010,-0.026361,-0.026361,4.321,7.00,-0.007947,0.020903,0.000108,0.005350,0.010,0.018,3.254,-41.987,0.350,2.625236,0.012014,-0.000008,0.000000,0.000000,0.000000,0.000000,0.000000,0.000000,1,0.00
2.784000,-0.011,-0.025710,-0.025710,4.321,7.00,-0.008315,0.021167,0.000113,0.004430,0.010,0.017,3.256,-41.983,0.350,2.625192,0.012166,-0.000009,0.000000,0.000000,0.000000,0.000000,0.000000,0.000000,1,0.00
2.786000,-0.011,-0.026201,-0.026201,4.321,7.00,-0.008663,0.021421,0.000117,0.004664,0.010,0.017,3.257,-41.980,0.350,2.625154,0.012312,-0.000009,0.000000,0.000000,0.000000,0.000000,0.000000,0.000000,1,0.00
2.788000,-0.011,-0.026962,-0.026962,4.321,7.00,-0.009014,0.021671,0.000119,0.005173,0.010,0.018,3.259,-41.976,0.350,2.625117,0.012455,-0.000010,0.000000,0.000000,0.000000,0.000000,0.000000,0.000000,1,0.00
2.790000,-0.011,-0.026210,-0.026210,4.321,7.00,-0.009373,0.021919,0.000125,0.004167,0.010,0.017,3.261,-41.973,0.350,2.625078,0.012598,-0.000011,0.000000,0.000000,0.000000,0.000000,0.000000,0.000000,1,0.00
2.792000,-0.011,-0.025927,-0.025927,4.321,7.00,-0.009709,0.022156,0.000129,0.003642,0.011,0.017,3.263,-41.970,0.350,2.625046,0.012734,-0.000011,0.000000,0.000000,0.000000,0.000000,0.000000,0.000000,1,0.00
2.794000,-0.011,-0.026064,-0.026064,4.321,7.00,-0.010034,0.022386,0.000135,0.003543,0.011,0.017,3.265,-41.966,0.350,2.625016,0.012866,-0.000012,0.000000,0.000000,0.000000,0.000000,0.000000,0.000000,1,0.00
2.796000,-0.011,-0.026285,-0.026285,4.321,7.00,-0.010354,0.022610,0.000138,0.003537,0.011,0.018,3.267,-41.963,0.350,2.624988,0.012995,-0.000013,0.000000,0.000000,0.000000,0.000000,0.000000,0.000000,1,0.00
2.798000,-0.011,-0.025616,-0.025616,4.321,7.00,-0.010673,0.022829,0.000145,0.002642,0.011,0.017,3.269,-41.959,0.350,2.624961,0.013121,-0.000013,0.000000,0.000000,0.000000,0.000000,0.000000,0.000000,1,0.00
2.800000,-0.012,-0.023055,-0.023055,4.321,7.00,-0.010972,0.023039,0.000000,0.000016,0.000,0.015,3.271,-41.956,0.350,2.624939,0.013241,-0.000014,0.000000,0.000000,0.000000,0.000000,0.000000,0.000000,1,0.00
2.802000,-0.012,-0.023907,-0.023907,4.321,7.00,-0.011214,0.023230,0.000003,0.000674,0.000,0.016,3.273,-41.953,0.350,2.624928,0.013351,-0.000015,0.000000,0.000000,0.000000,0.000000,0.000000,0.000000,1,0.00
2.804000,-0.012,-0.024615,-0.024615,4.321,7.00,-0.011467,0.023420,0.000008,0.001187,0.000,0.016,3.274,-41.949,0.350,2.624916,0.013459,-0.000016,0.000000,0.000000,0.000000,0.000000,0.000000,0.000000,1,0.00
2.806000,-0.012,-0.025144,-0.025144,4.321,7.00,-0.011730,0.023608,0.000014,0.001522,0.000,0.017,3.276,-41.946,0.350,2.624902,0.013567,-0.000016,0.000000,0.000000,0.000000,0.000000,0.000000,0.000000,1,0.00
2.808000,-0.012,-0.025908,-0.025908,4.321,7.00,-0.011999,0.023793,0.000018,0.002097,0.012,0.017,3.278,-41.942,0.350,2.624889,0.013673,-0.000017,0.000000,0.000000,0.000000,0.000000,0.000000,0.000000,1,0.00
2.810000,-0.012,-0.026421,-0.026421,4.321,7.00,-0.012277,0.023976,0.000025,0.002420,0.012,0.018,3.280,-41.939,0.350,2.624874,0.013778,-0.000018,0.000000,0.000000,0.000000,0.000000,0.000000,0.000000,1,0.00
2.812000,-0.012,-0.026415,-0.026415,4.321,7.00,-0.012560,0.024156,0.000029,0.002230,0.012,0.018,3.282,-41.936,0.350,2.624860,0.013882,-0.000018,0.000000,0.000000,0.000000,0.000000,0.000000,0.000000,1,0.00
2.814000,-0.012,-0.026314,-0.026314,4.321,7.00,-0.012837,0.024330,0.000039,0.001946,0.012,0.018,3.284,-41.932,0.350,2.624847,0.013982,-0.000019,0.000000,0.000000,0.000000,0.000000,0.000000,0.000000,1,0.00
2.816000,-0.012,-0.026782,-0.026782,4.321,7.00,-0.013106,0.024498,0.000042,0.002242,0.012,0.018,3.286,-41.929,0.350,2.624837,0.014078,-0.000020,0.000000,0.000000,0.000000,0.000000,0.000000,0.000000,1,0.00
2.818000,-0.012,-0.026812,-0.026812,4.321,7.00,-0.013380,0.024663,0.000046,0.002102,0.012,0.018,3.288,-41.925,0.350,2.624826,0.014173,-0.000020,0.000000,0.000000,0.000000,0.000000,0.000000,0.000000,1,0.00
2.820000,-0.012,-0.026905,-0.026905,4.321,7.00,-0.013648,0.024823,0.000054,0.002028,0.012,0.018,3.290,-41.922,0.350,2.624818,0.014264,-0.000021,0.000000,0.000000,0.000000,0.000000,0.000000,0.000000,1,0.00
2.822000,-0.012,-0.027127,-0.027127,4.321,7.00,-0.013914,0.024977,0.000058,0.002092,0.012,0.018,3.291,-41.919,0.350,2.624811,0.014353,-0.000022,0.000000,0.000000,0.000000,0.000000,0.000000,0.000000,1,0.00
2.824000,-0.013,-0.027574,-0.027574,4.321,7.00,-0.014178,0.025127,0.000061,0.002386,0.012,0.018,3.293,-41.915,0.350,2.624805,0.014438,-0.000022,0.000000,0.000000,0.000000,0.000000,0.000000,0.000000,1,0.00
2.826000,-0.013,-0.027553,-0.027553,4.321,7.00,-0.014446,0.025273,0.000065,0.002214,0.012,0.018,3.295,-41.912,0.350,2.624799,0.014522,-0.000023,0.000000,0.000000,0.000000,0.000000,0.000000,0.000000,1,0.00
2.828000,-0.013,-0.027964,-0.027964,4.321,7.00,-0.014708,0.025414,0.000068,0.002482,0.012,0.019,3.297,-41.908,0.350,2.624794,0.014603,-0.000024,0.000000,0.000000,0.000000,0.000000,0.000000,0.000000,1,0.00
2.830000,-0.013,-0.028113,-0.028113,4.321,7.00,-0.014973,0.025552,0.000074,0.002487,0.012,0.019,3.299,-41.905,0.350,2.624790,0.014682,-0.000024,0.000000,0.000000,0.000000,0.000000,0.000000,0.000000,1,0.00
2.832000,-0.013,-0.028014,-0.028014,4.321,7.00,-0.015236,0.025684,0.000080,0.002250,0.013,0.019,3.301,-41.902,0.350,2.624788,0.014757,-0.000025,0.000000,0.000000,0.000000,0.000000,0.000000,0.000000,1,0.00
2.834000,-0.013,-0.028000,-0.028000,4.321,7.00,-0.015491,0.025811,0.000084,0.002105,0.013,0.019,3.303,-41.898,0.350,2.624787,0.014830,-0.000026,0.000000,0.000000,0.000000,0.000000,0.000000,0.000000,1,0.00
2.836000,-0.013,-0.027941,-0.027941,4.321,7.00,-0.015742,0.025932,0.000090,0.001919,0.013,0.019,3.305,-41.895,0.350,2.624788,0.014899,-0.000027,0.000000,0.000000,0.000000,0.000000,0.000000,0.000000,1,0.00
2.838000,-0.013,-0.027634,-0.027634,4.321,7.00,-0.015986,0.026047,0.000096,0.001492,0.013,0.018,3.307,-41.891,0.350,2.624791,0.014965,-0.000027,0.000000,0.000000,0.000000,0.000000,0.000000,0.000000,1,0.00
2.840000,-0.013,-0.027871,-0.027871,4.321,7.00,-0.016219,0.026155,0.000099,0.001616,0.013,0.019,3.308,-41.888,0.350,2.624797,0.015026,-0.000028,0.000000,0.000000,0.000000,0.000000,0.000000,0.000000,1,0.00
2.842000,-0.013,-0.027966,-0.027966,4.321,7.00,-0.016452,0.026259,0.000104,0.001603,0.013,0.019,3.310,-41.885,0.350,2.624804,0.015086,-0.000029,0.000000,0.000000,0.000000,0.000000,0.000000,0.000000,1,0.00
2.844000,-0.013,-0.027927,-0.027927,4.321,7.00,-0.016682,0.026359,0.000110,0.001459,0.013,0.019,3.312,-41.881,0.350,2.624811,0.015142,-0.000030,0.000000,0.000000,0.000000,0.000000,0.000000,0.000000,1,0.00
2.846000,-0.013,-0.028137,-0.028137,4.321,7.00,-0.016907,0.026452,0.000113,0.001572,0.013,0.019,3.314,-41.878,0.350,2.624820,0.015196,-0.000030,0.000000,0.000000,0.000000,0.000000,0.000000,0.000000,1,0.00
2.848000,-0.013,-0.028186,-0.028186,4.321,7.00,-0.017131,0.026542,0.000118,0.001526,0.013,0.019,3.316,-41.875,0.350,2.624830,0.015247,-0.000031,0.000000,0.000000,0.000000,0.000000,0.000000,0.000000,1,0.00
2.850000,-0.013,-0.028002,-0.028002,4.321,7.00,-0.017352,0.026626,0.000128,0.001248,0.013,0.019,3.318,-41.871,0.350,2.624842,0.015295,-0.000032,0.000000,0.000000,0.000000,0.000000,0.000000,0.000000,1,0.00
2.852000,-0.013,-0.027977,-0.027977,4.321,7.00,-0.017565,0.026705,0.000134,0.001139,0.013,0.019,3.320,-41.868,0.350,2.624855,0.015340,-0.000033,0.000000,0.000000,0.000000,0.000000,0.000000,0.000000,1,0.00
2.854000,-0.013,-0.027990,-0.027990,4.321,7.00,-0.017774,0.026778,0.000139,0.001073,0.013,0.019,3.322,-41.864,0.350,2.624870,0.015381,-0.000033,0.000000,0.000000,0.000000,0.000000,0.000000,0.000000,1,0.00
2.856000,-0.013,-0.027939,-0.027939,4.321,7.00,-0.017978,0.026846,0.000143,0.000950,0.013,0.019,3.324,-41.861,0.350,2.624887,0.015420,-0.000034,0.000000,0.000000,0.000000,0.000000,0.000000,0.000000,1,0.00
2.858000,-0.013,-0.027959,-0.027959,4.321,7.00,-0.018177,0.026909,0.000148,0.000903,0.013,0.019,3.326,-41.858,0.350,2.624905,0.015455,-0.000035,0.000000,0.000000,0.000000,0.000000,0.000000,0.000000,1,0.00
2.860000,-0.013,-0.028003,-0.028003,4.321,7.00,-0.018373,0.026966,0.000156,0.000881,0.013,0.019,3.327,-41.854,0.350,2.624924,0.015488,-0.000035,0.000000,0.000000,0.000000,0.000000,0.000000,0.000000,1,0.00
2.862000,-0.014,-0.028088,-0.028088,4.321,7.00,-0.018565,0.027019,0.000159,0.000910,0.013,0.019,3.329,-41.851,0.350,2.624944,0.015518,-0.000036,0.000000,0.000000,0.000000,0.000000,0.000000,0.000000,1,0.00
2.864000,-0.014,-0.028113,-0.028113,4.321,7.00,-0.018756,0.027067,0.000164,0.000882,0.013,0.019,3.331,-41.847,0.350,2.624965,0.015545,-0.000036,0.000000,0.000000,0.000000,0.000000,0.000000,0.000000,1,0.00
2.866000,-0.014,-0.027977,-0.027977,4.321,7.00,-0.018943,0.027111,0.000172,0.000695,0.013,0.019,3.333,-41.844,0.350,2.624988,0.015570,-0.000037,0.000000,0.000000,0.000000,0.000000,0.000000,0.000000,1,0.00
2.868000,-0.014,-0.027936,-0.027936,4.321,7.00,-0.019124,0.027149,0.000177,0.000611,0.013,0.019,3.335,-41.841,0.350,2.625012,0.015591,-0.000037,0.000000,0.000000,0.000000,0.000000,0.000000,0.000000,1,0.00
2.870000,-0.014,-0.027964,-0.027964,4.321,7.00,-0.019300,0.027181,0.000182,0.000600,0.014,0.019,3.337,-41.837,0.350,2.625038,0.015609,-0.000038,0.000000,0.000000,0.000000,0.000000,0.000000,0.000000,1,0.00
2.872000,-0.014,-0.027917,-0.027917,4.321,7.00,-0.019473,0.027209,0.000185,0.000522,0.014,0.019,3.339,-41.834,0.350,2.625064,0.015625,-0.000038,0.000000,0.000000,0.000000,0.000000,0.000000,0.000000,1,0.00
2.874000,-0.014,-0.027894,-0.027894,4.321,7.00,-0.019642,0.027232,0.000189,0.000473,0.014,0.019,3.341,-41.830,0.350,2.625092,0.015637,-0.000039,0.000000,0.000000,0.000000,0.000000,0.000000,0.000000,1,0.00
2.876000,-0.014,-0.027880,-0.027880,4.321,7.00,-0.019807,0.027250,0.000195,0.000435,0.014,0.019,3.343,-41.827,0.350,2.625121,0.015647,-0.000039,0.000000,0.000000,0.000000,0.000000,0.000000,0.000000,1,0.00
2.878000,-0.014,-0.027836,-0.027836,4.321,7.00,-0.019969,0.027263,0.000200,0.000373,0.014,0.019,3.345,-41.824,0.350,2.625152,0.015654,-0.000040,0.000000,0.000000,0.000000,0.000000,0.000000,0.000000,1,0.00
2.880000,-0.014,-0.027799,-0.027799,4.321,7.00,-0.020126,0.027271,0.000203,0.000324,0.014,0.019,3.346,-41.820,0.350,2.625183,0.015658,-0.000040,0.000000,0.000000,0.000000,0.000000,0.000000,0.000000,1,0.00
2.882000,-0.014,-0.027693,-0.027693,4.321,7.00,-0.020279,0.027275,0.000210,0.000208,0.014,0.018,3.348,-41.817,0.350,2.625216,0.015660,-0.000041,0.000000,0.000000,0.000000,0.000000,0.000000,0.000000,1,0.00
2.884000,-0.014,-0.027599,-0.027599,4.321,7.00,-0.020428,0.027273,0.000216,0.000111,0.014,0.018,3.350,-41.813,0.350,2.625250,0.015658,-0.000041,0.000000,0.000000,0.000000,0.000000,0.000000,0.000000,1,0.00
2.886000,-0.014,-0.027546,-0.027546,4.321,7.00,-0.020571,0.027266,0.000222,0.000058,0.014,0.018,3.352,-41.810,0.350,2.625285,0.015653,-0.000041,0.000000,0.000000,0.000000,0.000000,0.000000,0.000000,1,0.00
2.888000,-0.014,-0.027471,-0.027471,4.321,7.00,-0.020711,0.027254,0.000227,-0.000010,0.014,0.018,3.354,-41.807,0.350,2.625322,0.015646,-0.000042,0.000000,0.000000,0.000000,0.000000,0.000000,0.000000,1,0.00
2.890000,-0.014,-0.027402,-0.027402,4.321,7.00,-0.020846,0.027237,0.000236,-0.000071,0.014,0.018,3.356,-41.803,0.350,2.625360,0.015636,-0.000042,0.000000,0.000000,0.000000,0.000000,0.000000,0.000000,1,0.00
2.892000,-0.014,-0.027331,-0.027331,4.321,7.00,-0.020977,0.027215,0.000243,-0.000126,0.014,0.018,3.358,-41.800,0.350,2.625399,0.015622,-0.000043,0.000000,0.000000,0.000000,0.000000,0.000000,0.000000,1,0.00
2.894000,-0.014,-0.027231,-0.027231,4.321,7.00,-0.021104,0.027188,0.000247,-0.000204,0.014,0.018,3.360,-41.796,0.350,2.625439,0.015607,-0.000043,0.000000,0.000000,0.000000,0.000000,0.000000,0.000000,1,0.00
2.896000,-0.014,-0.027125,-0.027125,4.321,7.00,-0.021227,0.027156,0.000252,-0.000283,0.014,0.018,3.362,-41.793,0.350,2.625480,0.015588,-0.000043,0.000000,0.000000,0.000000,0.000000,0.000000,0.000000,1,0.00
2.898000,-0.014,-0.026931,-0.026931,4.321,7.00,-0.021345,0.027120,0.000254,-0.000443,0.014,0.018,3.364,-41.790,0.350,2.625523,0.015566,-0.000044,0.000000,0.000000,0.000000,0.000000,0.000000,0.000000,1,0.00
2.900000,-0.014,-0.027096,-0.027096,4.321,7.00,-0.021456,0.027078,0.000000,0.000018,0.000,0.018,3.365,-41.786,0.350,2.625567,0.015541,-0.000044,0.000000,0.000000,0.000000,0.000000,0.000000,0.000000,1,0.00
2.902000,-0.014,-0.026959,-0.026959,4.321,7.00,-0.021569,0.027032,0.000006,-0.000079,0.000,0.018,3.367,-41.783,0.350,2.625611,0.015515,-0.000044,0.000000,0.000000,0.000000,0.000000,0.000000,0.000000,1,0.00
2.904000,-0.013,-0.026777,-0.026777,4.321,7.00,-0.021677,0.026981,0.000011,-0.000215,0.000,0.018,3.369,-41.780,0.350,2.625656,0.015485,-0.000044,0.000000,0.000000,0.000000,0.000000,0.000000,0.000000,1,0.00
2.906000,-0.013,-0.026438,-0.026438,4.321,7.00,-0.021779,0.026925,0.000014,-0.000501,0.000,0.018,3.371,-41.776,0.350,2.625703,0.015452,-0.000045,0.000000,0.000000,0.000000,0.000000,0.000000,0.000000,1,0.00
2.908000,-0.013,-0.026254,-0.026254,4.321,7.00,-0.021872,0.026863,0.000020,-0.000630,0.014,0.018,3.373,-41.773,0.350,2.625751,0.015416,-0.000045,0.000000,0.000000,0.000000,0.000000,0.000000,0.000000,1,0.00
2.910000,-0.013,-0.025989,-0.025989,4.321,7.00,-0.021960,0.026796,0.000025,-0.000833,0.014,0.017,3.375,-41.769,0.350,2.625802,0.015377,-0.000045,0.000000,0.000000,0.000000,0.000000,0.000000,0.000000,1,0.00
2.912000,-0.013,-0.025877,-0.025877,4.321,7.00,-0.022040,0.026724,0.000032,-0.000878,0.013,0.017,3.377,-41.766,0.350,2.625853,0.015335,-0.000045,0.000000,0.000000,0.000000,0.000000,0.000000,0.000000,1,0.00
2.914000,-0.013,-0.025713,-0.025713,4.321,7.00,-0.022117,0.026646,0.000037,-0.000970,0.013,0.017,3.379,-41.763,0.350,2.625906,0.015290,-0.000045,0.000000,0.000000,0.000000,0.000000,0.000000,0.000000,1,0.00
2.916000,-0.013,-0.025686,-0.025686,4.321,7.00,-0.022189,0.026564,0.000041,-0.000919,0.013,0.017,3.381,-41.759,0.350,2.625959,0.015242,-0.000046,0.000000,0.000000,0.000000,0.000000,0.000000,0.000000,1,0.00
2.918000,-0.013,-0.025345,-0.025345,4.321,7.00,-0.022259,0.026478,0.000044,-0.001177,0.013,0.017,3.383,-41.756,0.350,2.626013,0.015192,-0.000046,0.000000,0.000000,0.000000,0.000000,0.000000,0.000000,1,0.00
2.920000,-0.013,-0.025271,-0.025271,4.321,7.00,-0.022321,0.026385,0.000051,-0.001166,0.013,0.017,3.385,-41.752,0.350,2.626069,0.015138,-0.000046,0.000000,0.000000,0.000000,0.000000,0.000000,0.000000,1,0.00
2.922000,-0.013,-0.025118,-0.025118,4.321,7.00,-0.022380,0.026289,0.000057,-0.001228,0.013,0.017,3.387,-41.749,0.350,2.626126,0.015082,-0.000046,0.000000,0.000000,0.000000,0.000000,0.000000,0.000000,1,0.00
2.924000,-0.013,-0.024789,-0.024789,4.321,7.00,-0.022434,0.026188,0.000060,-0.001459,0.013,0.017,3.388,-41.746,0.350,2.626183,0.015023,-0.000046,0.000000,0.000000,0.000000,0.000000,0.000000,0.000000,1,0.00
2.926000,-0.013,-0.024559,-0.024559,4.321,7.00,-0.022481,0.026081,0.000064,-0.001586,0.013,0.016,3.390,-41.742,0.350,2.626242,0.014961,-0.000046,0.000000,0.000000,0.000000,0.000000,0.000000,0.000000,1,0.00
2.928000,-0.013,-0.024411,-0.024411,4.321,7.00,-0.022523,0.025969,0.000068,-0.001625,0.013,0.016,3.392,-41.739,0.350,2.626302,0.014896,-0.000046,0.000000,0.000000,0.000000,0.000000,0.000000,0.000000,1,0.00
2.930000,-0.013,-0.024160,-0.024160,4.321,7.00,-0.022561,0.025852,0.000072,-0.001765,0.013,0.016,3.394,-41.736,0.350,2.626363,0.014829,-0.000046,0.000000,0.000000,0.000000,0.000000,0.000000,0.000000,1,0.00
2.932000,-0.013,-0.023993,-0.023993,4.321,7.00,-0.022593,0.025731,0.000078,-0.001817,0.013,0.016,3.396,-41.732,0.350,2.626426,0.014759,-0.000046,0.000000,0.000000,0.000000,0.000000,0.000000,0.000000,1,0.00
2.934000,-0.013,-0.023880,-0.023880,4.321,7.00,-0.022621,0.025605,0.000082,-0.001807,0.013,0.016,3.398,-41.729,0.350,2.626488,0.014686,-0.000046,0.000000,0.000000,0.000000,0.000000,0.000000,0.000000,1,0.00
2.936000,-0.013,-0.023727,-0.023727,4.321,7.00,-0.022646,0.025474,0.000086,-0.001834,0.013,0.016,3.400,-41.725,0.350,2.626552,0.014610,-0.000046,0.000000,0.000000,0.000000,0.000000,0.000000,0.000000,1,0.00
2.938000,-0.013,-0.023261,-0.023261,4.321,7.00,-0.022668,0.025339,0.000089,-0.002167,0.013,0.016,3.402,-41.722,0.350,2.626616,0.014532,-0.000046,0.000000,0.000000,0.000000,0.000000,0.000000,0.000000,1,0.00
2.940000,-0.013,-0.023192,-0.023192,4.321,7.00,-0.022679,0.025199,0.000096,-0.002102,0.013,0.015,3.404,-41.719,0.350,2.626683,0.014451,-0.000046,0.000000,0.000000,0.000000,0.000000,0.000000,0.000000,1,0.00
2.942000,-0.013,-0.022942,-0.022942,4.321,7.00,-0.022690,0.025054,0.000101,-0.002212,0.013,0.015,3.406,-41.715,0.350,2.626749,0.014367,-0.000046,0.000000,0.000000,0.000000,0.000000,0.000000,0.000000,1,0.00
2.944000,-0.012,-0.022557,-0.022557,4.321,7.00,-0.022695,0.024904,0.000103,-0.002450,0.013,0.015,3.408,-41.712,0.350,2.626817,0.014281,-0.000046,0.000000,0.000000,0.000000,0.000000,0.000000,0.000000,1,0.00
2.946000,-0.012,-0.022097,-0.022097,4.321,7.00,-0.022692,0.024749,0.000106,-0.002758,0.013,0.015,3.410,-41.708,0.350,2.626885,0.014191,-0.000045,0.000000,0.000000,0.000000,0.000000,0.000000,0.000000,1,0.00
2.948000,-0.012,-0.022107,-0.022107,4.321,7.00,-0.022680,0.024588,0.000110,-0.002591,0.013,0.015,3.411,-41.705,0.350,2.626956,0.014098,-0.000045,0.000000,0.000000,0.000000,0.000000,0.000000,0.000000,1,0.00
2.950000,-0.012,-0.021888,-0.021888,4.321,7.00,-0.022669,0.024424,0.000116,-0.002652,0.013,0.015,3.413,-41.702,0.350,2.627027,0.014003,-0.000045,0.000000,0.000000,0.000000,0.000000,0.000000,0.000000,1,0.00
2.952000,-0.012,-0.021493,-0.021493,4.321,7.00,-0.022653,0.024255,0.000119,-0.002881,0.012,0.014,3.415,-41.698,0.350,2.627098,0.013906,-0.000045,0.000000,0.000000,0.000000,0.000000,0.000000,0.000000,1,0.00
2.954000,-0.012,-0.021208,-0.021208,4.321,7.00,-0.022630,0.024081,0.000122,-0.002994,0.012,0.014,3.417,-41.695,0.350,2.627170,0.013805,-0.000045,0.000000,0.000000,0.000000,0.000000,0.000000,0.000000,1,0.00
2.956000,-0.012,-0.021209,-0.021209,4.321,7.00,-0.022601,0.023902,0.000126,-0.002819,0.012,0.014,3.419,-41.692,0.350,2.627244,0.013702,-0.000044,0.000000,0.000000,0.000000,0.000000,0.000000,0.000000,1,0.00
2.958000,-0.012,-0.020762,-0.020762,4.321,7.00,-0.022574,0.023719,0.000129,-0.003086,0.012,0.014,3.421,-41.688,0.350,2.627317,0.013597,-0.000044,0.000000,0.000000,0.000000,0.000000,0.000000,0.000000,1,0.00
2.960000,-0.012,-0.020563,-0.020563,4.321,7.00,-0.022537,0.023532,0.000135,-0.003104,0.012,0.014,3.423,-41.685,0.350,2.627391,0.013489,-0.000044,0.000000,0.000000,0.000000,0.000000,0.000000,0.000000,1,0.00
2.962000,-0.012,-0.020459,-0.020459,4.321,7.00,-0.022498,0.023340,0.000140,-0.003020,0.012,0.014,3.425,-41.681,0.350,2.627466,0.013378,-0.000044,0.000000,0.000000,0.000000,0.000000,0.000000,0.000000,1,0.00
2.964000,-0.012,-0.019933,-0.019933,4.321,7.00,-0.022457,0.023144,0.000142,-0.003353,0.012,0.013,3.427,-41.678,0.350,2.627542,0.013265,-0.000043,0.000000,0.000000,0.000000,0.000000,0.000000,0.000000,1,0.00
2.966000,-0.011,-0.019249,-0.019249,4.321,7.00,-0.022407,0.022942,0.000144,-0.003837,0.012,0.013,3.429,-41.675,0.350,2.627619,0.013149,-0.000043,0.000000,0.000000,0.000000,0.000000,0.000000,0.000000,1,0.00
2.968000,-0.011,-0.019458,-0.019458,4.321,7.00,-0.022343,0.022734,0.000149,-0.003425,0.012,0.013,3.431,-41.671,0.350,2.627698,0.013029,-0.000043,0.000000,0.000000,0.000000,0.000000,0.000000,0.000000,1,0.00
2.970000,-0.011,-0.018921,-0.018921,4.321,7.00,-0.022286,0.022524,0.000153,-0.003756,0.012,0.013,3.433,-41.668,0.350,2.627775,0.012908,-0.000042,0.000000,0.000000,0.000000,0.000000,0.000000,0.000000,1,0.00
2.972000,-0.011,-0.018042,-0.018042,4.321,7.00,-0.022218,0.022308,0.000155,-0.004421,0.012,0.012,3.434,-41.664,0.350,2.627855,0.012784,-0.000042,0.000000,0.000000,0.000000,0.000000,0.000000,0.000000,1,0.00
2.974000,-0.011,-0.017681,-0.017681,4.321,7.00,-0.022135,0.022085,0.000157,-0.004561,0.011,0.012,3.436,-41.661,0.350,2.627937,0.012656,-0.000042,0.000000,0.000000,0.000000,0.000000,0.000000,0.000000,1,0.00
2.976000,-0.011,-0.018033,-0.018033,4.321,7.00,-0.022046,0.021857,0.000163,-0.003987,0.011,0.012,3.438,-41.658,0.350,2.628020,0.012524,-0.000041,0.000000,0.000000,0.000000,0.000000,0.000000,0.000000,1,0.00
2.978000,-0.011,-0.017760,-0.017760,4.321,7.00,-0.021966,0.021628,0.000168,-0.004036,0.011,0.012,3.440,-41.654,0.350,2.628101,0.012393,-0.000041,0.000000,0.000000,0.000000,0.000000,0.000000,0.000000,1,0.00
2.980000,-0.011,-0.017614,-0.017614,4.321,7.00,-0.021882,0.021395,0.000172,-0.003953,0.011,0.012,3.442,-41.651,0.350,2.628183,0.012258,-0.000040,0.000000,0.000000,0.000000,0.000000,0.000000,0.000000,1,0.00
2.982000,-0.011,-0.017696,-0.017696,4.321,7.00,-0.021796,0.021159,0.000175,-0.003639,0.011,0.012,3.444,-41.648,0.350,2.628264,0.012122,-0.000041,0.000000,0.000000,0.000000,0.000000,0.000000,0.000000,1,0.00
2.984000,-0.010,-0.017983,-0.017983,4.321,7.00,-0.021714,0.020921,0.000178,-0.003116,0.011,0.012,3.446,-41.644,0.350,2.628345,0.011985,-0.000041,0.000000,0.000000,0.000000,0.000000,0.000000,0.000000,1,0.00
2.986000,-0.010,-0.017590,-0.017590,4.321,7.00,-0.021639,0.020681,0.000183,-0.003274,0.011,0.012,3.448,-41.641,0.350,2.628424,0.011847,-0.000041,0.000000,0.000000,0.000000,0.000000,0.000000,0.000000,1,0.00
2.988000,-0.010,-0.016935,-0.016935,4.321,7.00,-0.021559,0.020437,0.000185,-0.003687,0.011,0.011,3.450,-41.637,0.350,2.628504,0.011706,-0.000041,0.000000,0.000000,0.000000,0.000000,0.000000,0.000000,1,0.00
2.990000,-0.010,-0.016812,-0.016812,4.321,7.00,-0.021466,0.020187,0.000191,-0.003566,0.011,0.011,3.452,-41.634,0.350,2.628586,0.011562,-0.000040,0.000000,0.000000,0.000000,0.000000,0.000000,0.000000,1,0.00
2.992000,-0.010,-0.016478,-0.016478,4.321,7.00,-0.021373,0.019934,0.000193,-0.003650,0.010,0.011,3.454,-41.631,0.350,2.628667,0.011417,-0.000040,0.000000,0.000000,0.000000,0.000000,0.000000,0.000000,1,0.00
2.994000,-0.010,-0.016419,-0.016419,4.321,7.00,-0.021275,0.019677,0.000198,-0.003456,0.010,0.011,3.456,-41.627,0.350,2.628749,0.011269,-0.000040,0.000000,0.000000,0.000000,0.000000,0.000000,0.000000,1,0.00
2.996000,-0.010,-0.016098,-0.016098,4.321,7.00,-0.021178,0.019417,0.000202,-0.003521,0.010,0.011,3.458,-41.624,0.350,2.628831,0.011120,-0.000039,0.000000,0.000000,0.000000,0.000000,0.000000,0.000000,1,0.00
2.998000,-0.010,-0.015393,-0.015393,4.321,7.00,-0.021076,0.019154,0.000204,-0.003965,0.010,0.010,3.460,-41.621,0.350,2.628913,0.010968,-0.000039,0.000000,0.000000,0.000000,0.000000,0.000000,0.000000,1,0.00
3.000000,-0.009,-0.018898,-0.018898,4.321,7.00,-0.020963,0.018885,0.000000,0.000013,0.000,0.013,3.461,-41.617,0.350,2.628998,0.010814,-0.000039,0.000000,0.000000,0.000000,0.000000,0.000000,0.000000,1,0.00
3.002000,-0.009,-0.017827,-0.017827,4.321,7.00,-0.020921,0.018631,0.000003,-0.000807,0.000,0.012,3.463,-41.614,0.350,2.629068,0.010668,-0.000038,0.000000,0.000000,0.000000,0.000000,0.000000,0.000000,1,0.00
3.004000,-0.009,-0.017098,-0.017098,4.321,7.00,-0.020859,0.018369,0.000008,-0.001279,0.000,0.011,3.465,-41.610,0.350,2.629142,0.010518,-0.000037,0.000000,0.000000,0.000000,0.000000,0.000000,0.000000,1,0.00
3.006000,-0.009,-0.015783,-0.015783,4.321,7.00,-0.020784,0.018102,0.000010,-0.002329,0.000,0.011,3.467,-41.607,0.350,2.629219,0.010364,-0.000037,0.000000,0.000000,0.000000,0.000000,0.000000,0.000000,1,0.00
3.008000,-0.009,-0.014562,-0.014562,4.321,7.00,-0.020684,0.017825,0.000013,-0.003276,0.009,0.010,3.469,-41.604,0.350,2.629299,0.010205,-0.000036,0.000000,0.000000,0.000000,0.000000,0.000000,0.000000,1,0.00
3.010000,-0.009,-0.013449,-0.013449,4.321,7.00,-0.020562,0.017541,0.000016,-0.004109,0.009,0.009,3.471,-41.600,0.350,2.629384,0.010042,-0.000036,0.000000,0.000000,0.000000,0.000000,0.000000,0.000000,1,0.00
3.012000,-0.009,-0.012592,-0.012592,4.321,7.00,-0.020420,0.017250,0.000018,-0.004676,0.009,0.008,3.473,-41.597,0.350,2.629472,0.009875,-0.000035,0.000000,0.000000,0.000000,0.000000,0.000000,0.000000,1,0.00
3.014000,-0.008,-0.012189,-0.012189,4.321,7.00,-0.020263,0.016953,0.000022,-0.004787,0.009,0.008,3.475,-41.593,0.350,2.629562,0.009704,-0.000035,0.000000,0.000000,0.000000,0.000000,0.000000,0.000000,1,0.00
3.016000,-0.008,-0.012243,-0.012243,4.321,7.00,-0.020102,0.016653,0.000026,-0.004435,0.009,0.008,3.477,-41.590,0.350,2.629653,0.009532,-0.000034,0.000000,0.000000,0.000000,0.000000,0.000000,0.000000,1,0.00
3.018000,-0.008,-0.011279,-0.011279,4.321,7.00,-0.019944,0.016352,0.000027,-0.005100,0.009,0.008,3.479,-41.587,0.350,2.629741,0.009359,-0.000033,0.000000,0.000000,0.000000,0.000000,0.000000,0.000000,1,0.00
3.020000,-0.008,-0.010393,-0.010393,4.321,7.00,-0.019771,0.016045,0.000029,-0.005680,0.009,0.007,3.481,-41.583,0.350,2.629833,0.009183,-0.000033,0.000000,0.000000,0.000000,0.000000,0.000000,0.000000,1,0.00
3.022000,-0.008,-0.010356,-0.010356,4.321,7.00,-0.019584,0.015732,0.000031,-0.005408,0.008,0.007,3.483,-41.580,0.350,2.629927,0.009004,-0.000032,0.000000,0.000000,0.000000,0.000000,0.000000,0.000000,1,0.00
3.024000,-0.008,-0.010107,-0.010107,4.321,7.00,-0.019399,0.015419,0.000036,-0.005348,0.008,0.007,3.485,-41.577,0.350,2.630019,0.008824,-0.000031,0.000000,0.000000,0.000000,0.000000,0.000000,0.000000,1,0.00
3.026000,-0.008,-0.009444,-0.009444,4.321,7.00,-0.019213,0.015103,0.000038,-0.005697,0.008,0.006,3.487,-41.573,0.350,2.630111,0.008643,-0.000030,0.000000,0.000000,0.000000,0.000000,0.000000,0.000000,1,0.00
3.028000,-0.007,-0.009263,-0.009263,4.321,7.00,-0.019018,0.014784,0.000040,-0.005561,0.008,0.006,3.489,-41.570,0.350,2.630205,0.008460,-0.000029,0.000000,0.000000,0.000000,0.000000,0.000000,0.000000,1,0.00
3.030000,-0.007,-0.009299,-0.009299,4.321,7.00,-0.018823,0.014463,0.000042,-0.005206,0.008,0.006,3.490,-41.566,0.350,2.630297,0.008276,-0.000029,0.000000,0.000000,0.000000,0.000000,0.000000,0.000000,1,0.00
3.032000,-0.007,-0.008724,-0.008724,4.321,7.00,-0.018632,0.014142,0.000043,-0.005462,0.008,0.006,3.492,-41.563,0.350,2.630389,0.008092,-0.000028,0.000000,0.000000,0.000000,0.000000,0.000000,0.000000,1,0.00
3.034000,-0.007,-0.008264,-0.008264,4.321,7.00,-0.018434,0.013818,0.000047,-0.005601,0.008,0.006,3.494,-41.560,0.350,2.630481,0.007906,-0.000027,0.000000,0.000000,0.000000,0.000000,0.000000,0.000000,1,0.00
3.036000,-0.007,-0.008296,-0.008296,4.321,7.00,-0.018231,0.013491,0.000050,-0.005245,0.007,0.006,3.496,-41.556,0.350,2.630573,0.007719,-0.000026,0.000000,0.000000,0.000000,0.000000,0.000000,0.000000,1,0.00
3.038000,-0.007,-0.007818,-0.007818,4.321,7.00,-0.018032,0.013164,0.000051,-0.005397,0.007,0.005,3.498,-41.553,0.350,2.630664,0.007531,-0.000025,0.000000,0.000000,0.000000,0.000000,0.000000,0.000000,1,0.00
3.040000,-0.006,-0.007278,-0.007278,4.321,7.00,-0.017828,0.012834,0.000053,-0.005609,0.007,0.005,3.500,-41.550,0.350,2.630755,0.007343,-0.000024,0.000000,0.000000,0.000000,0.000000,0.000000,0.000000,1,0.00
3.042000,-0.006,-0.007202,-0.007202,4.321,7.00,-0.017617,0.012502,0.000055,-0.005355,0.007,0.005,3.502,-41.546,0.350,2.630847,0.007152,-0.000024,0.000000,0.000000,0.000000,0.000000,0.000000,0.000000,1,0.00
3.044000,-0.006,-0.006925,-0.006925,4.321,7.00,-0.017409,0.012169,0.000058,-0.005302,0.007,0.005,3.504,-41.543,0.350,2.630938,0.006962,-0.000023,0.000000,0.000000,0.000000,0.000000,0.000000,0.000000,1,0.00
3.046000,-0.006,-0.005865,-0.005865,4.321,7.00,-0.017199,0.011835,0.000060,-0.006030,0.007,0.004,3.506,-41.539,0.350,2.631029,0.006770,-0.000022,0.000000,0.000000,0.000000,0.000000,0.000000,0.000000,1,0.00
3.048000,-0.006,-0.005887,-0.005887,4.321,7.00,-0.016972,0.011496,0.000061,-0.005670,0.006,0.004,3.508,-41.536,0.350,2.631122,0.006576,-0.000021,0.000000,0.000000,0.000000,0.000000,0.000000,0.000000,1,0.00
3.050000,-0.006,-0.006162,-0.006162,4.321,7.00,-0.016751,0.011157,0.000064,-0.005059,0.006,0.004,3.510,-41.533,0.350,2.631213,0.006382,-0.000021,0.000000,0.000000,0.000000,0.000000,0.000000,0.000000,1,0.00
3.052000,-0.005,-0.005310,-0.005310,4.321,7.00,-0.016539,0.010820,0.000065,-0.005575,0.006,0.004,3.512,-41.529,0.350,2.631302,0.006189,-0.000020,0.000000,0.000000,0.000000,0.000000,0.000000,0.000000,1,0.00
3.054000,-0.005,-0.004800,-0.004800,4.321,7.00,-0.016314,0.010479,0.000068,-0.005747,0.006,0.003,3.514,-41.526,0.350,2.631392,0.005994,-0.000019,0.000000,0.000000,0.000000,0.000000,0.000000,0.000000,1,0.00
3.056000,-0.005,-0.004921,-0.004921,4.321,7.00,-0.016084,0.010137,0.000069,-0.005285,0.006,0.003,3.516,-41.523,0.350,2.631483,0.005797,-0.000019,0.000000,0.000000,0.000000,0.000000,0.000000,0.000000,1,0.00
3.058000,-0.005,-0.004012,-0.004012,4.321,7.00,-0.015861,0.009795,0.000070,-0.005853,0.006,0.003,3.518,-41.519,0.350,2.631572,0.005602,-0.000018,0.000000,0.000000,0.000000,0.000000,0.000000,0.000000,1,0.00
3.060000,-0.005,-0.002264,-0.002264,4.321,7.00,-0.015624,0.009449,0.000071,-0.007256,0.005,0.002,3.519,-41.516,0.350,2.631663,0.005404,-0.000017,0.000000,0.000000,0.000000,0.000000,0.000000,0.000000,1,0.00
3.062000,-0.005,-0.002765,-0.002765,4.321,7.00,-0.015357,0.009096,0.000073,-0.006405,0.005,0.002,3.521,-41.512,0.350,2.631758,0.005201,-0.000017,0.000000,0.000000,0.000000,0.000000,0.000000,0.000000,1,0.00
3.064000,-0.004,-0.002296,-0.002296,4.321,7.00,-0.015105,0.008746,0.000075,-0.006525,0.005,0.002,3.523,-41.509,0.350,2.631850,0.005001,-0.000016,0.000000,0.000000,0.000000,0.000000,0.000000,0.000000,1,0.00
3.066000,-0.004,-0.001745,-0.001745,4.321,7.00,-0.014849,0.008395,0.000076,-0.006727,0.005,0.001,3.525,-41.506,0.350,2.631942,0.004800,-0.000016,0.000000,0.000000,0.000000,0.000000,0.000000,0.000000,1,0.00
3.068000,-0.004,-0.002436,-0.002436,4.321,7.00,-0.014587,0.008043,0.000078,-0.005684,0.005,0.002,3.527,-41.502,0.350,2.632034,0.004598,-0.000015,0.000000,0.000000,0.000000,0.000000,0.000000,0.000000,1,0.00
3.070000,-0.004,-0.003156,-0.003156,4.321,7.00,-0.014344,0.007694,0.000079,-0.004618,0.005,0.002,3.529,-41.499,0.350,2.632122,0.004399,-0.000014,0.000000,0.000000,0.000000,0.000000,0.000000,0.000000,1,0.00
3.072000,-0.004,-0.001983,-0.001983,4.321,7.00,-0.014120,0.007351,0.000080,-0.005448,0.004,0.001,3.531,-41.496,0.350,2.632205,0.004202,-0.000014,0.000000,0.000000,0.000000,0.000000,0.000000,0.000000,1,0.00
3.074000,-0.004,-0.001830,-0.001830,4.321,7.00,-0.013878,0.007003,0.000082,-0.005255,0.004,0.001,3.533,-41.492,0.350,2.632292,0.004003,-0.000013,0.000000,0.000000,0.000000,0.000000,0.000000,0.000000,1,0.00
3.076000,-0.003,-0.001710,-0.001710,4.321,7.00,-0.013637,0.006655,0.000083,-0.005028,0.004,0.001,3.535,-41.489,0.350,2.632377,0.003804,-0.000012,0.000000,0.000000,0.000000,0.000000,0.000000,0.000000,1,0.00
3.078000,-0.003,-0.000362,-0.000362,4.321,7.00,-0.013398,0.006308,0.000084,-0.006030,0.004,0.000,3.537,-41.485,0.350,2.632461,0.003606,-0.000012,0.000000,0.000000,0.000000,0.000000,0.000000,0.000000,1,0.00
3.080000,-0.003,0.000639,0.000639,4.321,7.00,-0.013137,0.005956,0.000084,-0.006680,0.004,0.000,3.539,-41.482,0.350,2.632549,0.003404,-0.000011,0.000000,0.000000,0.000000,0.000000,0.000000,0.000000,1,0.00
3.082000,-0.003,0.000640,0.000640,4.321,7.00,-0.012862,0.005600,0.000085,-0.006326,0.004,0.000,3.541,-41.479,0.350,2.632639,0.003201,-0.000010,0.000000,0.000000,0.000000,0.000000,0.000000,0.000000,1,0.00
3.084000,-0.003,0.000904,0.000904,4.321,7.00,-0.012592,0.005247,0.000087,-0.006237,0.003,0.001,3.543,-41.475,0.350,2.632727,0.002999,-0.000009,0.000000,0.000000,0.000000,0.000000,0.000000,0.000000,1,0.00
3.086000,-0.002,0.001569,0.001569,4.321,7.00,-0.012322,0.004893,0.000087,-0.006550,0.003,0.001,3.545,-41.472,0.350,2.632815,0.002798,-0.000007,0.000000,0.000000,0.000000,0.000000,0.000000,0.000000,1,0.00
3.088000,-0.002,0.001403,0.001403,4.321,7.00,-0.012044,0.004539,0.000088,-0.006030,0.003,0.001,3.547,-41.469,0.350,2.632903,0.002596,-0.000005,0.000000,0.000000,0.000000,0.000000,0.000000,0.000000,1,0.00
3.090000,-0.002,0.001202,0.001202,4.321,7.00,-0.011775,0.004186,0.000089,-0.005477,0.003,0.001,3.548,-41.465,0.350,2.632991,0.002394,-0.000004,0.000000,0.000000,0.000000,0.000000,0.000000,0.000000,1,0.00
3.092000,-0.002,0.001838,0.001838,4.321,7.00,-0.011516,0.003833,0.000089,-0.005760,0.003,0.001,3.550,-41.462,0.350,2.633077,0.002192,-0.000003,0.000000,0.000000,0.000000,0.000000,0.000000,0.000000,1,0.00
3.094000,-0.002,0.002278,0.002278,4.321,7.00,-0.011249,0.003480,0.000090,-0.005847,0.002,0.002,3.552,-41.458,0.350,2.633165,0.001990,-0.000003,0.000000,0.000000,0.000000,0.000000,0.000000,0.000000,1,0.00
3.096000,-0.002,0.002197,0.002197,4.321,7.00,-0.010978,0.003125,0.000091,-0.005412,0.002,0.001,3.554,-41.455,0.350,2.633251,0.001787,-0.000002,0.000000,0.000000,0.000000,0.000000,0.000000,0.000000,1,0.00
3.098000,-0.001,0.003077,0.003077,4.321,7.00,-0.010715,0.002775,0.000091,-0.005943,0.002,0.002,3.556,-41.452,0.350,2.633334,0.001587,-0.000002,0.000000,0.000000,0.000000,0.000000,0.000000,0.000000,1,0.00
3.100000,-0.001,-0.002426,-0.002426,4.321,7.00,-0.010439,0.002425,0.000000,0.000002,0.000,0.002,3.558,-41.448,0.350,2.633416,0.001387,-0.000002,0.000000,0.000000,0.000000,0.000000,0.000000,0.000000,1,0.00
3.102000,-0.001,-0.001055,-0.001055,4.321,7.00,-0.010279,0.002105,0.000000,-0.001049,0.000,0.001,3.560,-41.445,0.350,2.633477,0.001203,-0.000002,0.000000,0.000000,0.000000,0.000000,0.000000,0.000000,1,0.00
3.104000,-0.001,-0.000157,-0.000157,4.321,7.00,-0.010094,0.001779,0.000001,-0.001623,0.000,0.000,3.562,-41.442,0.350,2.633542,0.001017,-0.000003,0.000000,0.000000,0.000000,0.000000,0.000000,0.000000,1,0.00
3.106000,-0.001,0.001391,0.001391,4.321,7.00,-0.009896,0.001451,0.000001,-0.002843,0.000,0.001,3.564,-41.438,0.350,2.633609,0.000828,-0.000003,0.000000,0.000000,0.000000,0.000000,0.000000,0.000000,1,0.00
3.108000,-0.001,0.003318,0.003318,4.321,7.00,-0.009670,0.001117,0.000001,-0.004436,0.001,0.002,3.566,-41.435,0.350,2.633680,0.000637,-0.000004,0.000000,0.000000,0.000000,0.000000,0.000000,0.000000,1,0.00
3.110000,-0.000,0.004246,0.004246,4.321,7.00,-0.009410,0.000775,0.000001,-0.005022,0.001,0.003,3.568,-41.431,0.350,2.633757,0.000441,-0.000004,0.000000,0.000000,0.000000,0.000000,0.000000,0.000000,1,0.00
3.112000,-0.000,0.004803,0.004803,4.321,7.00,-0.009137,0.000431,0.000001,-0.005236,0.001,0.003,3.570,-41.428,0.350,2.633835,0.000245,-0.000004,0.000000,0.000000,0.000000,0.000000,0.000000,0.000000,1,0.00
3.114000,-0.000,0.005974,0.005974,4.321,7.00,-0.008859,0.000087,0.000001,-0.006062,0.001,0.004,3.572,-41.425,0.350,2.633914,0.000048,-0.000004,0.000000,0.000000,0.000000,0.000000,0.000000,0.000000,1,0.00
3.116000,0.000,0.006221,0.006221,4.321,7.00,-0.008562,-0.000259,0.000001,-0.005963,0.001,0.004,3.574,-41.421,0.350,2.633995,-0.000151,-0.000004,0.000000,0.000000,0.000000,0.000000,0.000000,0.000000,1,0.00
3.118000,0.000,0.005870,0.005870,4.321,7.00,-0.008266,-0.000605,0.000001,-0.005267,0.000,0.004,3.576,-41.418,0.350,2.634075,-0.000348,-0.000004,0.000000,0.000000,0.000000,0.000000,0.000000,0.000000,1,0.00
3.120000,0.000,0.006698,0.006698,4.321,7.00,-0.007984,-0.000945,0.000001,-0.005754,0.000,0.004,3.577,-41.415,0.350,2.634151,-0.000543,-0.000004,0.000000,0.000000,0.000000,0.000000,0.000000,0.000000,1,0.00
3.122000,0.001,0.006884,0.006884,4.321,7.00,-0.007690,-0.001287,0.000001,-0.005599,0.000,0.005,3.579,-41.411,0.350,2.634229,-0.000738,-0.000004,0.000000,0.000000,0.000000,0.000000,0.000000,0.000000,1,0.00
3.124000,0.001,0.006717,0.006717,4.321,7.00,-0.007399,-0.001626,0.000001,-0.005092,-0.000,0.004,3.581,-41.408,0.350,2.634305,-0.000932,-0.000004,0.000000,0.000000,0.000000,0.000000,0.000000,0.000000,1,0.00
3.126000,0.001,0.007103,0.007103,4.321,7.00,-0.007116,-0.001961,0.000000,-0.005142,-0.000,0.005,3.583,-41.404,0.350,2.634379,-0.001124,-0.000004,0.000000,0.000000,0.000000,0.000000,0.000000,0.000000,1,0.00
3.128000,0.001,0.007463,0.007463,4.321,7.00,-0.006832,-0.002295,-0.000000,-0.005167,-0.000,0.005,3.585,-41.401,0.350,2.634453,-0.001315,-0.000004,0.000000,0.000000,0.000000,0.000000,0.000000,0.000000,1,0.00
3.130000,0.001,0.008632,0.008632,4.321,7.00,-0.006546,-0.002628,-0.000000,-0.006004,-0.001,0.006,3.587,-41.398,0.350,2.634526,-0.001505,-0.000004,0.000000,0.000000,0.000000,0.000000,0.000000,0.000000,1,0.00
3.132000,0.001,0.008619,0.008619,4.321,7.00,-0.006243,-0.002963,-0.000001,-0.005655,-0.001,0.006,3.589,-41.394,0.350,2.634601,-0.001697,-0.000004,0.000000,0.000000,0.000000,0.000000,0.000000,0.000000,1,0.00
3.134000,0.002,0.009184,0.009184,4.321,7.00,-0.005945,-0.003295,-0.000001,-0.005887,-0.001,0.006,3.591,-41.391,0.350,2.634674,-0.001886,-0.000004,0.000000,0.000000,0.000000,0.000000,0.000000,0.000000,1,0.00
3.136000,0.002,0.009299,0.009299,4.321,7.00,-0.005643,-0.003626,-0.000002,-0.005671,-0.001,0.006,3.593,-41.388,0.350,2.634747,-0.002076,-0.000003,0.000000,0.000000,0.000000,0.000000,0.000000,0.000000,1,0.00
3.138000,0.002,0.010440,0.010440,4.321,7.00,-0.005344,-0.003954,-0.000002,-0.006484,-0.001,0.007,3.595,-41.384,0.350,2.634819,-0.002263,-0.000003,0.000000,0.000000,0.000000,0.000000,0.000000,0.000000,1,0.00
3.140000,0.002,0.009593,0.009593,4.321,7.00,-0.005029,-0.004284,-0.000003,-0.005306,-0.001,0.006,3.597,-41.381,0.350,2.634893,-0.002451,-0.000003,0.000000,0.000000,0.000000,0.000000,0.000000,0.000000,1,0.00
3.142000,0.002,0.009946,0.009946,4.321,7.00,-0.004736,-0.004606,-0.000004,-0.005336,-0.002,0.007,3.599,-41.377,0.350,2.634961,-0.002635,-0.000003,0.000000,0.000000,0.000000,0.000000,0.000000,0.000000,1,0.00
3.144000,0.002,0.010672,0.010672,4.321,7.00,-0.004443,-0.004926,-0.000005,-0.005742,-0.002,0.007,3.601,-41.374,0.350,2.635029,-0.002818,-0.000003,0.000000,0.000000,0.000000,0.000000,0.000000,0.000000,1,0.00
3.146000,0.003,0.011727,0.011727,4.321,7.00,-0.004140,-0.005245,-0.000005,-0.006476,-0.002,0.008,3.603,-41.371,0.350,2.635098,-0.003001,-0.000003,0.000000,0.000000,0.000000,0.000000,0.000000,0.000000,1,0.00
3.148000,0.003,0.011449,0.011449,4.321,7.00,-0.003823,-0.005566,-0.000006,-0.005877,-0.002,0.008,3.604,-41.367,0.350,2.635168,-0.003184,-0.000003,0.000000,0.000000,0.000000,0.000000,0.000000,0.000000,1,0.00
3.150000,0.003,0.011605,0.011605,4.321,7.00,-0.003518,-0.005882,-0.000008,-0.005716,-0.002,0.008,3.606,-41.364,0.350,2.635236,-0.003365,-0.000003,0.000000,0.000000,0.000000,0.000000,0.000000,0.000000,1,0.00
3.152000,0.003,0.012357,0.012357,4.321,7.00,-0.003215,-0.006194,-0.000009,-0.006154,-0.002,0.008,3.608,-41.361,0.350,2.635301,-0.003543,-0.000003,0.000000,0.000000,0.000000,0.000000,0.000000,0.000000,1,0.00
3.154000,0.003,0.012317,0.012317,4.321,7.00,-0.002904,-0.006506,-0.000009,-0.005801,-0.003,0.008,3.610,-41.357,0.350,2.635368,-0.003721,-0.000003,0.000000,0.000000,0.000000,0.000000,0.000000,0.000000,1,0.00
3.156000,0.003,0.011607,0.011607,4.321,7.00,-0.002599,-0.006813,-0.000011,-0.004783,-0.003,0.008,3.612,-41.354,0.350,2.635432,-0.003897,-0.000003,0.000000,0.000000,0.000000,0.000000,0.000000,0.000000,1,0.00
3.158000,0.004,0.011296,0.011296,4.321,7.00,-0.002315,-0.007113,-0.000013,-0.004170,-0.003,0.008,3.614,-41.350,0.350,2.635492,-0.004068,-0.000004,0.000000,0.000000,0.000000,0.000000,0.000000,0.000000,1,0.00
3.160000,0.004,0.011788,0.011788,4.321,7.00,-0.002043,-0.007408,-0.000014,-0.004366,-0.003,0.008,3.616,-41.347,0.350,2.635549,-0.004237,-0.000004,0.000000,0.000000,0.000000,0.000000,0.000000,0.000000,1,0.00
3.162000,0.004,0.012367,0.012367,4.321,7.00,-0.001766,-0.007700,-0.000015,-0.004652,-0.003,0.008,3.618,-41.344,0.350,2.635605,-0.004404,-0.000004,0.000000,0.000000,0.000000,0.000000,0.000000,0.000000,1,0.00
3.164000,0.004,0.012049,0.012049,4.321,7.00,-0.001484,-0.007992,-0.000017,-0.004040,-0.003,0.008,3.620,-41.340,0.350,2.635662,-0.004571,-0.000004,0.000000,0.000000,0.000000,0.000000,0.000000,0.000000,1,0.00
3.166000,0.004,0.012424,0.012424,4.321,7.00,-0.001213,-0.008278,-0.000019,-0.004127,-0.004,0.008,3.622,-41.337,0.350,2.635716,-0.004734,-0.000005,0.000000,0.000000,0.000000,0.000000,0.000000,0.000000,1,0.00
3.168000,0.004,0.012796,0.012796,4.321,7.00,-0.000940,-0.008561,-0.000021,-0.004214,-0.004,0.009,3.624,-41.334,0.350,2.635769,-0.004896,-0.000005,0.000000,0.000000,0.000000,0.000000,0.000000,0.000000,1,0.00
3.170000,0.004,0.013308,0.013308,4.321,7.00,-0.000666,-0.008843,-0.000022,-0.004444,-0.004,0.009,3.626,-41.330,0.350,2.635822,-0.005057,-0.000005,0.000000,0.000000,0.000000,0.000000,0.000000,0.000000,1,0.00
3.172000,0.005,0.012540,0.012540,4.321,7.00,-0.000386,-0.009122,-0.000025,-0.003393,-0.004,0.008,3.628,-41.327,0.350,2.635875,-0.005217,-0.000005,0.000000,0.000000,0.000000,0.000000,0.000000,0.000000,1,0.00
3.174000,0.005,0.013350,0.013350,4.321,7.00,-0.000128,-0.009394,-0.000026,-0.003931,-0.004,0.009,3.629,-41.323,0.350,2.635924,-0.005372,-0.000005,0.000000,0.000000,0.000000,0.000000,0.000000,0.000000,1,0.00
3.176000,0.005,0.013923,0.013923,4.321,7.00,0.000142,-0.009665,-0.000027,-0.004231,-0.004,0.009,3.631,-41.320,0.350,2.635973,-0.005527,-0.000006,0.000000,0.000000,0.000000,0.000000,0.000000,0.000000,1,0.00
3.178000,0.005,0.014431,0.014431,4.321,7.00,0.000417,-0.009934,-0.000029,-0.004468,-0.004,0.010,3.633,-41.317,0.350,2.636023,-0.005681,-0.000006,0.000000,0.000000,0.000000,0.000000,0.000000,0.000000,1,0.00
3.180000,0.005,0.014404,0.014404,4.321,7.00,0.000698,-0.010202,-0.000031,-0.004172,-0.005,0.010,3.635,-41.313,0.350,2.636073,-0.005834,-0.000006,0.000000,0.000000,0.000000,0.000000,0.000000,0.000000,1,0.00
3.182000,0.005,0.015190,0.015190,4.321,7.00,0.000972,-0.010465,-0.000032,-0.004693,-0.005,0.010,3.637,-41.310,0.350,2.636121,-0.005984,-0.000006,0.000000,0.000000,0.000000,0.000000,0.000000,0.000000,1,0.00
3.184000,0.005,0.015010,0.015010,4.321,7.00,0.001256,-0.010727,-0.000034,-0.004249,-0.005,0.010,3.639,-41.307,0.350,2.636170,-0.006134,-0.000007,0.000000,0.000000,0.000000,0.000000,0.000000,0.000000,1,0.00
3.186000,0.005,0.014880,0.014880,4.321,7.00,0.001531,-0.010984,-0.000036,-0.003860,-0.005,0.010,3.641,-41.303,0.350,2.636216,-0.006280,-0.000007,0.000000,0.000000,0.000000,0.000000,0.000000,0.000000,1,0.00
3.188000,0.006,0.015139,0.015139,4.321,7.00,0.001798,-0.011235,-0.000038,-0.003865,-0.005,0.010,3.643,-41.300,0.350,2.636260,-0.006424,-0.000007,0.000000,0.000000,0.000000,0.000000,0.000000,0.000000,1,0.00
3.190000,0.006,0.015432,0.015432,4.321,7.00,0.002065,-0.011483,-0.000040,-0.003909,-0.005,0.010,3.645,-41.296,0.350,2.636304,-0.006566,-0.000008,0.000000,0.000000,0.000000,0.000000,0.000000,0.000000,1,0.00
3.192000,0.006,0.016000,0.016000,4.321,7.00,0.002332,-0.011728,-0.000041,-0.004231,-0.005,0.011,3.647,-41.293,0.350,2.636346,-0.006706,-0.000008,0.000000,0.000000,0.000000,0.000000,0.000000,0.000000,1,0.00
3.194000,0.006,0.016108,0.016108,4.321,7.00,0.002605,-0.011971,-0.000044,-0.004093,-0.005,0.011,3.649,-41.290,0.350,2.636389,-0.006845,-0.000008,0.000000,0.000000,0.000000,0.000000,0.000000,0.000000,1,0.00
3.196000,0.006,0.016253,0.016253,4.321,7.00,0.002876,-0.012210,-0.000046,-0.003997,-0.006,0.011,3.651,-41.286,0.350,2.636430,-0.006981,-0.000009,0.000000,0.000000,0.000000,0.000000,0.000000,0.000000,1,0.00
3.198000,0.006,0.016760,0.016760,4.321,7.00,0.003143,-0.012444,-0.000048,-0.004268,-0.006,0.011,3.652,-41.283,0.350,2.636471,-0.007115,-0.000009,0.000000,0.000000,0.000000,0.000000,0.000000,0.000000,1,0.00
3.200000,0.006,0.012685,0.012685,4.321,7.00,0.003415,-0.012677,0.000000,-0.000008,0.000,0.008,3.654,-41.279,0.350,2.636511,-0.007248,-0.000010,0.000000,0.000000,0.000000,0.000000,0.000000,0.000000,1,0.00
3.202000,0.006,0.013319,0.013319,4.321,7.00,0.003601,-0.012884,-0.000003,-0.000432,0.000,0.009,3.656,-41.276,0.350,2.636534,-0.007367,-0.000010,0.000000,0.000000,0.000000,0.000000,0.000000,0.000000,1,0.00
3.204000,0.007,0.014095,0.014095,4.321,7.00,0.003795,-0.013091,-0.000006,-0.000998,0.000,0.009,3.658,-41.273,0.350,2.636559,-0.007485,-0.000011,0.000000,0.000000,0.000000,0.000000,0.000000,0.000000,1,0.00
3.206000,0.007,0.015368,0.015368,4.321,7.00,0.004001,-0.013297,-0.000007,-0.002064,0.000,0.010,3.660,-41.269,0.350,2.636585,-0.007603,-0.000011,0.000000,0.000000,0.000000,0.000000,0.000000,0.000000,1,0.00
3.208000,0.007,0.016557,0.016557,4.321,7.00,0.004228,-0.013505,-0.000008,-0.003044,-0.006,0.011,3.662,-41.266,0.350,2.636614,-0.007722,-0.000012,0.000000,0.000000,0.000000,0.000000,0.000000,0.000000,1,0.00
3.210000,0.007,0.017490,0.017490,4.321,7.00,0.004475,-0.013714,-0.000010,-0.003765,-0.006,0.012,3.664,-41.263,0.350,2.636647,-0.007842,-0.000012,0.000000,0.000000,0.000000,0.000000,0.000000,0.000000,1,0.00
3.212000,0.007,0.017656,0.017656,4.321,7.00,0.004735,-0.013923,-0.000014,-0.003719,-0.007,0.012,3.666,-41.259,0.350,2.636680,-0.007961,-0.000012,0.000000,0.000000,0.000000,0.000000,0.000000,0.000000,1,0.00
3.214000,0.007,0.018037,0.018037,4.321,7.00,0.004994,-0.014128,-0.000016,-0.003893,-0.007,0.012,3.668,-41.256,0.350,2.636713,-0.008078,-0.000012,0.000000,0.000000,0.000000,0.000000,0.000000,0.000000,1,0.00
3.216000,0.007,0.017805,0.017805,4.321,7.00,0.005254,-0.014329,-0.000018,-0.003457,-0.007,0.012,3.670,-41.252,0.350,2.636746,-0.008193,-0.000013,0.000000,0.000000,0.000000,0.000000,0.000000,0.000000,1,0.00
3.218000,0.007,0.017606,0.017606,4.321,7.00,0.005505,-0.014525,-0.000021,-0.003061,-0.007,0.012,3.672,-41.249,0.350,2.636776,-0.008305,-0.000013,0.000000,0.000000,0.000000,0.000000,0.000000,0.000000,1,0.00
3.220000,0.007,0.018071,0.018071,4.321,7.00,0.005747,-0.014714,-0.000022,-0.003335,-0.007,0.012,3.674,-41.246,0.350,2.636803,-0.008413,-0.000014,0.000000,0.000000,0.000000,0.000000,0.000000,0.000000,1,0.00
3.222000,0.007,0.018283,0.018283,4.321,7.00,0.005994,-0.014900,-0.000026,-0.003357,-0.007,0.012,3.675,-41.242,0.350,2.636831,-0.008520,-0.000014,0.000000,0.000000,0.000000,0.000000,0.000000,0.000000,1,0.00
3.224000,0.008,0.018205,0.018205,4.321,7.00,0.006240,-0.015083,-0.000029,-0.003093,-0.007,0.012,3.677,-41.239,0.350,2.636858,-0.008624,-0.000015,0.000000,0.000000,0.000000,0.000000,0.000000,0.000000,1,0.00
3.226000,0.008,0.018679,0.018679,4.321,7.00,0.006479,-0.015260,-0.000030,-0.003389,-0.007,0.012,3.679,-41.235,0.350,2.636883,-0.008725,-0.000015,0.000000,0.000000,0.000000,0.000000,0.000000,0.000000,1,0.00
3.228000,0.008,0.018612,0.018612,4.321,7.00,0.006723,-0.015434,-0.000034,-0.003144,-0.007,0.012,3.681,-41.232,0.350,2.636907,-0.008825,-0.000016,0.000000,0.000000,0.000000,0.000000,0.000000,0.000000,1,0.00
3.230000,0.008,0.018212,0.018212,4.321,7.00,0.006961,-0.015603,-0.000037,-0.002571,-0.007,0.012,3.683,-41.229,0.350,2.636930,-0.008922,-0.000016,0.000000,0.000000,0.000000,0.000000,0.000000,0.000000,1,0.00
3.232000,0.008,0.018786,0.018786,4.321,7.00,0.007186,-0.015765,-0.000039,-0.002982,-0.008,0.013,3.685,-41.225,0.350,2.636950,-0.009015,-0.000017,0.000000,0.000000,0.000000,0.000000,0.000000,0.000000,1,0.00
3.234000,0.008,0.018816,0.018816,4.321,7.00,0.007418,-0.015925,-0.000042,-0.002849,-0.008,0.013,3.687,-41.222,0.350,2.636971,-0.009106,-0.000017,0.000000,0.000000,0.000000,0.000000,0.000000,0.000000,1,0.00
3.236000,0.008,0.018372,0.018372,4.321,7.00,0.007646,-0.016080,-0.000046,-0.002247,-0.008,0.012,3.689,-41.219,0.350,2.636990,-0.009195,-0.000018,0.000000,0.000000,0.000000,0.000000,0.000000,0.000000,1,0.00
3.238000,0.008,0.018918,0.018918,4.321,7.00,0.007860,-0.016227,-0.000048,-0.002643,-0.008,0.013,3.691,-41.215,0.350,2.637006,-0.009279,-0.000018,0.000000,0.000000,0.000000,0.000000,0.000000,0.000000,1,0.00
3.240000,0.008,0.019390,0.019390,4.321,7.00,0.008081,-0.016373,-0.000049,-0.002968,-0.008,0.013,3.693,-41.212,0.350,2.637023,-0.009362,-0.000019,0.000000,0.000000,0.000000,0.000000,0.000000,0.000000,1,0.00
3.242000,0.008,0.019033,0.019033,4.321,7.00,0.008307,-0.016515,-0.000053,-0.002465,-0.008,0.013,3.695,-41.208,0.350,2.637040,-0.009444,-0.000019,0.000000,0.000000,0.000000,0.000000,0.000000,0.000000,1,0.00
3.244000,0.008,0.019151,0.019151,4.321,7.00,0.008522,-0.016651,-0.000057,-0.002443,-0.008,0.013,3.696,-41.205,0.350,2.637054,-0.009522,-0.000020,0.000000,0.000000,0.000000,0.000000,0.000000,0.000000,1,0.00
3.246000,0.008,0.019147,0.019147,4.321,7.00,0.008735,-0.016782,-0.000063,-0.002303,-0.008,0.013,3.698,-41.202,0.350,2.637067,-0.009597,-0.000021,0.000000,0.000000,0.000000,0.000000,0.000000,0.000000,1,0.00
3.248000,0.008,0.018898,0.018898,4.321,7.00,0.008943,-0.016908,-0.000066,-0.001925,-0.008,0.013,3.700,-41.198,0.350,2.637079,-0.009669,-0.000021,0.000000,0.000000,0.000000,0.000000,0.000000,0.000000,1,0.00
3.250000,0.009,0.018837,0.018837,4.321,7.00,0.009142,-0.017028,-0.000067,-0.001741,-0.008,0.013,3.702,-41.195,0.350,2.637088,-0.009738,-0.000022,0.000000,0.000000,0.000000,0.000000,0.000000,0.000000,1,0.00
3.252000,0.009,0.019185,0.019185,4.321,7.00,0.009336,-0.017143,-0.000069,-0.001973,-0.008,0.013,3.704,-41.191,0.350,2.637096,-0.009803,-0.000022,0.000000,0.000000,0.000000,0.000000,0.000000,0.000000,1,0.00
3.254000,0.009,0.019237,0.019237,4.321,7.00,0.009533,-0.017254,-0.000073,-0.001910,-0.008,0.013,3.706,-41.188,0.350,2.637104,-0.009867,-0.000023,0.000000,0.000000,0.000000,0.000000,0.000000,0.000000,1,0.00
3.256000,0.009,0.019447,0.019447,4.321,7.00,0.009727,-0.017361,-0.000076,-0.002010,-0.008,0.013,3.708,-41.185,0.350,2.637110,-0.009928,-0.000023,0.000000,0.000000,0.000000,0.000000,0.000000,0.000000,1,0.00
3.258000,0.009,0.019736,0.019736,4.321,7.00,0.009921,-0.017463,-0.000078,-0.002195,-0.009,0.013,3.710,-41.181,0.350,2.637116,-0.009987,-0.000023,0.000000,0.000000,0.000000,0.000000,0.000000,0.000000,1,0.00
3.260000,0.009,0.019478,0.019478,4.321,7.00,0.010117,-0.017563,-0.000082,-0.001834,-0.009,0.013,3.712,-41.178,0.350,2.637122,-0.010044,-0.000024,0.000000,0.000000,0.000000,0.000000,0.000000,0.000000,1,0.00
3.262000,0.009,0.019294,0.019294,4.321,7.00,0.010305,-0.017655,-0.000085,-0.001553,-0.009,0.013,3.714,-41.174,0.350,2.637126,-0.010097,-0.000024,0.000000,0.000000,0.000000,0.000000,0.000000,0.000000,1,0.00
3.264000,0.009,0.019334,0.019334,4.321,7.00,0.010484,-0.017742,-0.000089,-0.001503,-0.009,0.013,3.715,-41.171,0.350,2.637127,-0.010147,-0.000025,0.000000,0.000000,0.000000,0.000000,0.000000,0.000000,1,0.00
3.266000,0.009,0.019404,0.019404,4.321,7.00,0.010661,-0.017825,-0.000092,-0.001488,-0.009,0.013,3.717,-41.168,0.350,2.637128,-0.010195,-0.000025,0.000000,0.000000,0.000000,0.000000,0.000000,0.000000,1,0.00
3.268000,0.009,0.019164,0.019164,4.321,7.00,0.010836,-0.017902,-0.000095,-0.001166,-0.009,0.013,3.719,-41.164,0.350,2.637128,-0.010239,-0.000026,0.000000,0.000000,0.000000,0.000000,0.000000,0.000000,1,0.00
3.270000,0.009,0.019206,0.019206,4.321,7.00,0.011003,-0.017974,-0.000098,-0.001134,-0.009,0.013,3.721,-41.161,0.350,2.637125,-0.010280,-0.000026,0.000000,0.000000,0.000000,0.000000,0.000000,0.000000,1,0.00
3.272000,0.009,0.019202,0.019202,4.321,7.00,0.011167,-0.018041,-0.000102,-0.001059,-0.009,0.013,3.723,-41.157,0.350,2.637122,-0.010319,-0.000026,0.000000,0.000000,0.000000,0.000000,0.000000,0.000000,1,0.00
3.274000,0.009,0.019224,0.019224,4.321,7.00,0.011328,-0.018103,-0.000105,-0.001016,-0.009,0.013,3.725,-41.154,0.350,2.637118,-0.010355,-0.000027,0.000000,0.000000,0.000000,0.000000,0.000000,0.000000,1,0.00
3.276000,0.009,0.019328,0.019328,4.321,7.00,0.011486,-0.018161,-0.000107,-0.001060,-0.009,0.013,3.727,-41.151,0.350,2.637112,-0.010388,-0.000027,0.000000,0.000000,0.000000,0.000000,0.000000,0.000000,1,0.00
3.278000,0.009,0.019285,0.019285,4.321,7.00,0.011642,-0.018214,-0.000111,-0.000960,-0.009,0.013,3.729,-41.147,0.350,2.637106,-0.010418,-0.000027,0.000000,0.000000,0.000000,0.000000,0.000000,0.000000,1,0.00
3.280000,0.009,0.019259,0.019259,4.321,7.00,0.011795,-0.018262,-0.000115,-0.000882,-0.009,0.013,3.731,-41.144,0.350,2.637099,-0.010446,-0.000028,0.000000,0.000000,0.000000,0.000000,0.000000,0.000000,1,0.00
3.282000,0.009,0.019333,0.019333,4.321,7.00,0.011944,-0.018305,-0.000117,-0.000911,-0.009,0.013,3.732,-41.140,0.350,2.637091,-0.010471,-0.000028,0.000000,0.000000,0.000000,0.000000,0.000000,0.000000,1,0.00
3.284000,0.009,0.019381,0.019381,4.321,7.00,0.012092,-0.018344,-0.000119,-0.000918,-0.009,0.013,3.734,-41.137,0.350,2.637082,-0.010493,-0.000028,0.000000,0.000000,0.000000,0.000000,0.000000,0.000000,1,0.00
3.286000,0.009,0.019218,0.019218,4.321,7.00,0.012238,-0.018378,-0.000122,-0.000718,-0.009,0.013,3.736,-41.134,0.350,2.637072,-0.010513,-0.000029,0.000000,0.000000,0.000000,0.000000,0.000000,0.000000,1,0.00
3.288000,0.009,0.019180,0.019180,4.321,7.00,0.012378,-0.018407,-0.000128,-0.000645,-0.009,0.013,3.738,-41.130,0.350,2.637060,-0.010530,-0.000029,0.000000,0.000000,0.000000,0.000000,0.000000,0.000000,1,0.00
3.290000,0.009,0.019201,0.019201,4.321,7.00,0.012514,-0.018431,-0.000130,-0.000640,-0.009,0.013,3.740,-41.127,0.350,2.637048,-0.010544,-0.000029,0.000000,0.000000,0.000000,0.000000,0.000000,0.000000,1,0.00
3.292000,0.009,0.019054,0.019054,4.321,7.00,0.012647,-0.018450,-0.000134,-0.000470,-0.009,0.013,3.742,-41.124,0.350,2.637034,-0.010555,-0.000030,0.000000,0.000000,0.000000,0.000000,0.000000,0.000000,1,0.00
3.294000,0.009,0.018935,0.018935,4.321,7.00,0.012775,-0.018464,-0.000138,-0.000333,-0.009,0.013,3.744,-41.120,0.350,2.637020,-0.010563,-0.000030,0.000000,0.000000,0.000000,0.000000,0.000000,0.000000,1,0.00
3.296000,0.009,0.018873,0.018873,4.321,7.00,0.012899,-0.018473,-0.000140,-0.000260,-0.009,0.013,3.746,-41.117,0.350,2.637004,-0.010568,-0.000030,0.000000,0.000000,0.000000,0.000000,0.000000,0.000000,1,0.00
3.298000,0.009,0.018850,0.018850,4.321,7.00,0.013018,-0.018477,-0.000142,-0.000232,-0.009,0.013,3.748,-41.113,0.350,2.636986,-0.010571,-0.000031,0.000000,0.000000,0.000000,0.000000,0.000000,0.000000,1,0.00
3.300000,0.009,0.018488,0.018488,4.321,7.00,0.013135,-0.018476,0.000000,-0.000012,0.000,0.012,3.749,-41.110,0.350,2.636969,-0.010571,-0.000031,0.000000,0.000000,0.000000,0.000000,0.000000,0.000000,1,0.00
3.302000,0.009,0.018474,0.018474,4.321,7.00,0.013242,-0.018469,-0.000005,0.000000,0.000,0.012,3.751,-41.107,0.350,2.636948,-0.010567,-0.000031,0.000000,0.000000,0.000000,0.000000,0.000000,0.000000,1,0.00
3.304000,0.009,0.018423,0.018423,4.321,7.00,0.013346,-0.018458,-0.000008,0.000042,0.000,0.012,3.753,-41.103,0.350,2.636928,-0.010561,-0.000032,0.000000,0.000000,0.000000,0.000000,0.000000,0.000000,1,0.00
3.306000,0.009,0.018374,0.018374,4.321,7.00,0.013448,-0.018442,-0.000012,0.000079,0.000,0.012,3.755,-41.100,0.350,2.636906,-0.010552,-0.000032,0.000000,0.000000,0.000000,0.000000,0.000000,0.000000,1,0.00
3.308000,0.009,0.018293,0.018293,4.321,7.00,0.013547,-0.018421,-0.000015,0.000143,-0.009,0.012,3.757,-41.096,0.350,2.636883,-0.010540,-0.000032,0.000000,0.000000,0.000000,0.000000,0.000000,0.000000,1,0.00
3.310000,0.009,0.018130,0.018130,4.321,7.00,0.013641,-0.018396,-0.000017,0.000282,-0.009,0.012,3.759,-41.093,0.350,2.636860,-0.010526,-0.000032,0.000000,0.000000,0.000000,0.000000,0.000000,0.000000,1,0.00
3.312000,0.009,0.018051,0.018051,4.321,7.00,0.013731,-0.018365,-0.000021,0.000335,-0.009,0.012,3.761,-41.090,0.350,2.636835,-0.010509,-0.000032,0.000000,0.000000,0.000000,0.000000,0.000000,0.000000,1,0.00
3.314000,0.009,0.017974,0.017974,4.321,7.00,0.013818,-0.018330,-0.000025,0.000381,-0.009,0.012,3.763,-41.086,0.350,2.636809,-0.010489,-0.000033,0.000000,0.000000,0.000000,0.000000,0.000000,0.000000,1,0.00
3.316000,0.009,0.017760,0.017760,4.321,7.00,0.013901,-0.018290,-0.000026,0.000556,-0.009,0.012,3.765,-41.083,0.350,2.636783,-0.010467,-0.000033,0.000000,0.000000,0.000000,0.000000,0.000000,0.000000,1,0.00
3.318000,0.009,0.017508,0.017508,4.321,7.00,0.013978,-0.018246,-0.000028,0.000765,-0.009,0.012,3.766,-41.079,0.350,2.636755,-0.010441,-0.000033,0.000000,0.000000,0.000000,0.000000,0.000000,0.000000,1,0.00
3.320000,0.009,0.017490,0.017490,4.321,7.00,0.014049,-0.018195,-0.000032,0.000738,-0.009,0.012,3.768,-41.076,0.350,2.636726,-0.010413,-0.000033,0.000000,0.000000,0.000000,0.000000,0.000000,0.000000,1,0.00
3.322000,0.009,0.017334,0.017334,4.321,7.00,0.014117,-0.018141,-0.000035,0.000842,-0.009,0.012,3.770,-41.072,0.350,2.636696,-0.010382,-0.000033,0.000000,0.000000,0.000000,0.000000,0.000000,0.000000,1,0.00
3.324000,0.009,0.017071,0.017071,4.321,7.00,0.014182,-0.018082,-0.000037,0.001048,-0.009,0.011,3.772,-41.069,0.350,2.636665,-0.010348,-0.000033,0.000000,0.000000,0.000000,0.000000,0.000000,0.000000,1,0.00
3.326000,0.009,0.016853,0.016853,4.321,7.00,0.014239,-0.018017,-0.000039,0.001204,-0.009,0.011,3.774,-41.066,0.350,2.636633,-0.010312,-0.000033,0.000000,0.000000,0.000000,0.000000,0.000000,0.000000,1,0.00
3.328000,0.009,0.016906,0.016906,4.321,7.00,0.014292,-0.017948,-0.000043,0.001084,-0.009,0.011,3.776,-41.062,0.350,2.636600,-0.010272,-0.000033,0.000000,0.000000,0.000000,0.000000,0.000000,0.000000,1,0.00
3.330000,0.009,0.016714,0.016714,4.321,7.00,0.014344,-0.017875,-0.000046,0.001207,-0.009,0.011,3.778,-41.059,0.350,2.636566,-0.010231,-0.000033,0.000000,0.000000,0.000000,0.000000,0.000000,0.000000,1,0.00
3.332000,0.009,0.016432,0.016432,4.321,7.00,0.014391,-0.017797,-0.000047,0.001413,-0.009,0.011,3.780,-41.055,0.350,2.636532,-0.010187,-0.000033,0.000000,0.000000,0.000000,0.000000,0.000000,0.000000,1,0.00
3.334000,0.009,0.016528,0.016528,4.321,7.00,0.014432,-0.017715,-0.000054,0.001240,-0.009,0.011,3.782,-41.052,0.350,2.636496,-0.010140,-0.000033,0.000000,0.000000,0.000000,0.000000,0.000000,0.000000,1,0.00
3.336000,0.009,0.016556,0.016556,4.321,7.00,0.014474,-0.017629,-0.000056,0.001129,-0.009,0.011,3.783,-41.049,0.350,2.636460,-0.010091,-0.000033,0.000000,0.000000,0.000000,0.000000,0.000000,0.000000,1,0.00
3.338000,0.009,0.016145,0.016145,4.321,7.00,0.014516,-0.017539,-0.000058,0.001453,-0.009,0.011,3.785,-41.045,0.350,2.636424,-0.010040,-0.000033,0.000000,0.000000,0.000000,0.000000,0.000000,0.000000,1,0.00
3.340000,0.009,0.015905,0.015905,4.321,7.00,0.014548,-0.017444,-0.000060,0.001599,-0.009,0.011,3.787,-41.042,0.350,2.636386,-0.009985,-0.000033,0.000000,0.000000,0.000000,0.000000,0.000000,0.000000,1,0.00
3.342000,0.009,0.015968,0.015968,4.321,7.00,0.014575,-0.017344,-0.000064,0.001440,-0.009,0.011,3.789,-41.038,0.350,2.636347,-0.009928,-0.000033,0.000000,0.000000,0.000000,0.000000,0.000000,0.000000,1,0.00
3.344000,0.009,0.015717,0.015717,4.321,7.00,0.014603,-0.017240,-0.000068,0.001591,-0.009,0.010,3.791,-41.035,0.350,2.636308,-0.009869,-0.000033,0.000000,0.000000,0.000000,0.000000,0.000000,0.000000,1,0.00
3.346000,0.009,0.015291,0.015291,4.321,7.00,0.014626,-0.017132,-0.000069,0.001910,-0.009,0.010,3.793,-41.032,0.350,2.636268,-0.009808,-0.000033,0.000000,0.000000,0.000000,0.000000,0.000000,0.000000,1,0.00
3.348000,0.009,0.015433,0.015433,4.321,7.00,0.014639,-0.017019,-0.000074,0.001659,-0.009,0.010,3.795,-41.028,0.350,2.636227,-0.009743,-0.000033,0.000000,0.000000,0.000000,0.000000,0.000000,0.000000,1,0.00
3.350000,0.008,0.015373,0.015373,4.321,7.00,0.014655,-0.016902,-0.000077,0.001606,-0.009,0.010,3.797,-41.025,0.350,2.636186,-0.009677,-0.000032,0.000000,0.000000,0.000000,0.000000,0.000000,0.000000,1,0.00
3.352000,0.008,0.014962,0.014962,4.321,7.00,0.014669,-0.016783,-0.000079,0.001899,-0.009,0.010,3.798,-41.021,0.350,2.636144,-0.009609,-0.000032,0.000000,0.000000,0.000000,0.000000,0.000000,0.000000,1,0.00
3.354000,0.008,0.014887,0.014887,4.321,7.00,0.014675,-0.016657,-0.000083,0.001854,-0.009,0.010,3.800,-41.018,0.350,2.636101,-0.009537,-0.000032,0.000000,0.000000,0.000000,0.000000,0.000000,0.000000,1,0.00
3.356000,0.008,0.014967,0.014967,4.321,7.00,0.014679,-0.016529,-0.000086,0.001648,-0.009,0.010,3.802,-41.015,0.350,2.636058,-0.009464,-0.000032,0.000000,0.000000,0.000000,0.000000,0.000000,0.000000,1,0.00
3.358000,0.008,0.014442,0.014442,4.321,7.00,0.014685,-0.016397,-0.000088,0.002043,-0.008,0.010,3.804,-41.011,0.350,2.636014,-0.009389,-0.000032,0.000000,0.000000,0.000000,0.000000,0.000000,0.000000,1,0.00
3.360000,0.008,0.013978,0.013978,4.321,7.00,0.014680,-0.016260,-0.000090,0.002371,-0.008,0.009,3.806,-41.008,0.350,2.635969,-0.009310,-0.000032,0.000000,0.000000,0.000000,0.000000,0.000000,0.000000,1,0.00
3.362000,0.008,0.014023,0.014023,4.321,7.00,0.014666,-0.016117,-0.000093,0.002188,-0.008,0.009,3.808,-41.004,0.350,2.635923,-0.009229,-0.000031,0.000000,0.000000,0.000000,0.000000,0.000000,0.000000,1,0.00
3.364000,0.008,0.013762,0.013762,4.321,7.00,0.014653,-0.015972,-0.000096,0.002307,-0.008,0.009,3.810,-41.001,0.350,2.635876,-0.009146,-0.000031,0.000000,0.000000,0.000000,0.000000,0.000000,0.000000,1,0.00
3.366000,0.008,0.013654,0.013654,4.321,7.00,0.014635,-0.015823,-0.000100,0.002269,-0.008,0.009,3.812,-40.998,0.350,2.635829,-0.009061,-0.000031,0.000000,0.000000,0.000000,0.000000,0.000000,0.000000,1,0.00
3.368000,0.008,0.013672,0.013672,4.321,7.00,0.014616,-0.015670,-0.000103,0.002100,-0.008,0.009,3.813,-40.994,0.350,2.635781,-0.008973,-0.000031,0.000000,0.000000,0.000000,0.000000,0.000000,0.000000,1,0.00
3.370000,0.008,0.013860,0.013860,4.321,7.00,0.014597,-0.015514,-0.000107,0.001760,-0.008,0.009,3.815,-40.991,0.350,2.635734,-0.008885,-0.000030,0.000000,0.000000,0.000000,0.000000,0.000000,0.000000,1,0.00
3.372000,0.008,0.013468,0.013468,4.321,7.00,0.014582,-0.015357,-0.000109,0.001998,-0.008,0.009,3.817,-40.987,0.350,2.635687,-0.008795,-0.000030,0.000000,0.000000,0.000000,0.000000,0.000000,0.000000,1,0.00
3.374000,0.008,0.013303,0.013303,4.321,7.00,0.014560,-0.015194,-0.000112,0.002004,-0.008,0.009,3.819,-40.984,0.350,2.635639,-0.008702,-0.000030,0.000000,0.000000,0.000000,0.000000,0.000000,0.000000,1,0.00
3.376000,0.008,0.013102,0.013102,4.321,7.00,0.014535,-0.015029,-0.000116,0.002042,-0.008,0.009,3.821,-40.981,0.350,2.635591,-0.008607,-0.000030,0.000000,0.000000,0.000000,0.000000,0.000000,0.000000,1,0.00
3.378000,0.007,0.012550,0.012550,4.321,7.00,0.014506,-0.014859,-0.000117,0.002426,-0.008,0.008,3.823,-40.977,0.350,2.635542,-0.008511,-0.000029,0.000000,0.000000,0.000000,0.000000,0.000000,0.000000,1,0.00
3.380000,0.007,0.011943,0.011943,4.321,7.00,0.014467,-0.014685,-0.000119,0.002860,-0.008,0.008,3.825,-40.974,0.350,2.635491,-0.008411,-0.000029,0.000000,0.000000,0.000000,0.000000,0.000000,0.000000,1,0.00
3.382000,0.007,0.011731,0.011731,4.321,7.00,0.014416,-0.014504,-0.000121,0.002894,-0.008,0.008,3.827,-40.970,0.350,2.635438,-0.008308,-0.000029,0.000000,0.000000,0.000000,0.000000,0.000000,0.000000,1,0.00
3.384000,0.007,0.011550,0.011550,4.321,7.00,0.014363,-0.014320,-0.000125,0.002895,-0.008,0.008,3.828,-40.967,0.350,2.635385,-0.008203,-0.000028,0.000000,0.000000,0.000000,0.000000,0.000000,0.000000,1,0.00
3.386000,0.007,0.010873,0.010873,4.321,7.00,0.014306,-0.014133,-0.000126,0.003387,-0.007,0.007,3.830,-40.963,0.350,2.635331,-0.008096,-0.000028,0.000000,0.000000,0.000000,0.000000,0.000000,0.000000,1,0.00
3.388000,0.007,0.011102,0.011102,4.321,7.00,0.014238,-0.013941,-0.000130,0.002968,-0.007,0.007,3.832,-40.960,0.350,2.635275,-0.007986,-0.000028,0.000000,0.000000,0.000000,0.000000,0.000000,0.000000,1,0.00
3.390000,0.007,0.011088,0.011088,4.321,7.00,0.014175,-0.013748,-0.000132,0.002792,-0.007,0.007,3.834,-40.957,0.350,2.635221,-0.007875,-0.000027,0.000000,0.000000,0.000000,0.000000,0.000000,0.000000,1,0.00
3.392000,0.007,0.010457,0.010457,4.321,7.00,0.014113,-0.013552,-0.000133,0.003228,-0.007,0.007,3.836,-40.953,0.350,2.635167,-0.007764,-0.000027,0.000000,0.000000,0.000000,0.000000,0.000000,0.000000,1,0.00
3.394000,0.007,0.010151,0.010151,4.321,7.00,0.014040,-0.013351,-0.000136,0.003336,-0.007,0.007,3.838,-40.950,0.350,2.635111,-0.007649,-0.000027,0.000000,0.000000,0.000000,0.000000,0.000000,0.000000,1,0.00
3.396000,0.007,0.010337,0.010337,4.321,7.00,0.013962,-0.013147,-0.000139,0.002949,-0.007,0.007,3.840,-40.946,0.350,2.635054,-0.007532,-0.000026,0.000000,0.000000,0.000000,0.000000,0.000000,0.000000,1,0.00
3.398000,0.006,0.009401,0.009401,4.321,7.00,0.013890,-0.012942,-0.000140,0.003680,-0.007,0.006,3.841,-40.943,0.350,2.634999,-0.007415,-0.000026,0.000000,0.000000,0.000000,0.000000,0.000000,0.000000,1,0.00
3.400000,0.006,0.012738,0.012738,4.321,7.00,0.013800,-0.012730,0.000000,-0.000008,0.000,0.008,3.843,-40.940,0.350,2.634941,-0.007294,-0.000025,0.000000,0.000000,0.000000,0.000000,0.000000,0.000000,1,0.00
3.402000,0.006,0.011798,0.011798,4.321,7.00,0.013779,-0.012534,-0.000002,0.000737,0.000,0.008,3.845,-40.936,0.350,2.634896,-0.007181,-0.000025,0.000000,0.000000,0.000000,0.000000,0.000000,0.000000,1,0.00
3.404000,0.006,0.011223,0.011223,4.321,7.00,0.013739,-0.012330,-0.000005,0.001112,0.000,0.007,3.847,-40.933,0.350,2.634847,-0.007065,-0.000024,0.000000,0.000000,0.000000,0.000000,0.000000,0.000000,1,0.00
3.406000,0.006,0.010197,0.010197,4.321,7.00,0.013689,-0.012122,-0.000007,0.001932,0.000,0.007,3.849,-40.929,0.350,2.634796,-0.006946,-0.000024,0.000000,0.000000,0.000000,0.000000,0.000000,0.000000,1,0.00
3.408000,0.006,0.009083,0.009083,4.321,7.00,0.013619,-0.011906,-0.000008,0.002831,-0.006,0.006,3.851,-40.926,0.350,2.634742,-0.006822,-0.000023,0.000000,0.000000,0.000000,0.000000,0.000000,0.000000,1,0.00
3.410000,0.006,0.008450,0.008450,4.321,7.00,0.013528,-0.011683,-0.000011,0.003244,-0.006,0.006,3.853,-40.923,0.350,2.634684,-0.006695,-0.000023,0.000000,0.000000,0.000000,0.000000,0.000000,0.000000,1,0.00
3.412000,0.006,0.007893,0.007893,4.321,7.00,0.013427,-0.011455,-0.000012,0.003575,-0.006,0.005,3.855,-40.919,0.350,2.634625,-0.006564,-0.000023,0.000000,0.000000,0.000000,0.000000,0.000000,0.000000,1,0.00
3.414000,0.006,0.007583,0.007583,4.321,7.00,0.013316,-0.011223,-0.000015,0.003655,-0.006,0.005,3.856,-40.916,0.350,2.634564,-0.006432,-0.000022,0.000000,0.000000,0.000000,0.000000,0.000000,0.000000,1,0.00
3.416000,0.005,0.007580,0.007580,4.321,7.00,0.013202,-0.010989,-0.000017,0.003426,-0.006,0.005,3.858,-40.912,0.350,2.634503,-0.006297,-0.000022,0.000000,0.000000,0.000000,0.000000,0.000000,0.000000,1,0.00
3.418000,0.005,0.007308,0.007308,4.321,7.00,0.013089,-0.010753,-0.000019,0.003463,-0.006,0.005,3.860,-40.909,0.350,2.634442,-0.006163,-0.000022,0.000000,0.000000,0.000000,0.000000,0.000000,0.000000,1,0.00
3.420000,0.005,0.007065,0.007065,4.321,7.00,0.012974,-0.010515,-0.000022,0.003472,-0.006,0.005,3.862,-40.905,0.350,2.634382,-0.006026,-0.000021,0.000000,0.000000,0.000000,0.000000,0.000000,0.000000,1,0.00
3.422000,0.005,0.007230,0.007230,4.321,7.00,0.012856,-0.010274,-0.000024,0.003068,-0.006,0.005,3.864,-40.902,0.350,2.634321,-0.005889,-0.000021,0.000000,0.000000,0.000000,0.000000,0.000000,0.000000,1,0.00
3.424000,0.005,0.006402,0.006402,4.321,7.00,0.012743,-0.010033,-0.000025,0.003656,-0.005,0.004,3.866,-40.899,0.350,2.634261,-0.005751,-0.000020,0.000000,0.000000,0.000000,0.000000,0.000000,0.000000,1,0.00
3.426000,0.005,0.005738,0.005738,4.321,7.00,0.012616,-0.009788,-0.000026,0.004076,-0.005,0.004,3.868,-40.895,0.350,2.634200,-0.005610,-0.000020,0.000000,0.000000,0.000000,0.000000,0.000000,0.000000,1,0.00
3.428000,0.005,0.005882,0.005882,4.321,7.00,0.012479,-0.009538,-0.000028,0.003684,-0.005,0.004,3.869,-40.892,0.350,2.634136,-0.005467,-0.000019,0.000000,0.000000,0.000000,0.000000,0.000000,0.000000,1,0.00
3.430000,0.005,0.005431,0.005431,4.321,7.00,0.012347,-0.009288,-0.000030,0.003887,-0.005,0.004,3.871,-40.888,0.350,2.634075,-0.005324,-0.000018,0.000000,0.000000,0.000000,0.000000,0.000000,0.000000,1,0.00
3.432000,0.005,0.004728,0.004728,4.321,7.00,0.012209,-0.009035,-0.000031,0.004338,-0.005,0.003,3.873,-40.885,0.350,2.634012,-0.005179,-0.000018,0.000000,0.000000,0.000000,0.000000,0.000000,0.000000,1,0.00
3.434000,0.004,0.004987,0.004987,4.321,7.00,0.012059,-0.008778,-0.000033,0.003824,-0.005,0.003,3.875,-40.882,0.350,2.633948,-0.005032,-0.000017,0.000000,0.000000,0.000000,0.000000,0.000000,0.000000,1,0.00
3.436000,0.004,0.005019,0.005019,4.321,7.00,0.011918,-0.008521,-0.000035,0.003537,-0.005,0.003,3.877,-40.878,0.350,2.633886,-0.004885,-0.000017,0.000000,0.000000,0.000000,0.000000,0.000000,0.000000,1,0.00
3.438000,0.004,0.003947,0.003947,4.321,7.00,0.011780,-0.008265,-0.000036,0.004354,-0.005,0.003,3.879,-40.875,0.350,2.633824,-0.004738,-0.000016,0.000000,0.000000,0.000000,0.000000,0.000000,0.000000,1,0.00
3.440000,0.004,0.003125,0.003125,4.321,7.00,0.011623,-0.008003,-0.000036,0.004914,-0.005,0.002,3.881,-40.871,0.350,2.633760,-0.004588,-0.000016,0.000000,0.000000,0.000000,0.000000,0.000000,0.000000,1,0.00
3.442000,0.004,0.003440,0.003440,4.321,7.00,0.011453,-0.007736,-0.000038,0.004334,-0.004,0.002,3.882,-40.868,0.350,2.633694,-0.004435,-0.000015,0.000000,0.000000,0.000000,0.000000,0.000000,0.000000,1,0.00
3.444000,0.004,0.002965,0.002965,4.321,7.00,0.011293,-0.007470,-0.000040,0.004545,-0.004,0.002,3.884,-40.864,0.350,2.633630,-0.004283,-0.000015,0.000000,0.000000,0.000000,0.000000,0.000000,0.000000,1,0.00
3.446000,0.004,0.002071,0.002071,4.321,7.00,0.011126,-0.007203,-0.000040,0.005172,-0.004,0.001,3.886,-40.861,0.350,2.633565,-0.004130,-0.000014,0.000000,0.000000,0.000000,0.000000,0.000000,0.000000,1,0.00
3.448000,0.003,0.002624,0.002624,4.321,7.00,0.010945,-0.006930,-0.000042,0.004348,-0.004,0.002,3.888,-40.858,0.350,2.633499,-0.003974,-0.000013,0.000000,0.000000,0.000000,0.000000,0.000000,0.000000,1,0.00
3.450000,0.003,0.002784,0.002784,4.321,7.00,0.010779,-0.006661,-0.000043,0.003920,-0.004,0.002,3.890,-40.854,0.350,2.633435,-0.003819,-0.000013,0.000000,0.000000,0.000000,0.000000,0.000000,0.000000,1,0.00
3.452000,0.003,0.001734,0.001734,4.321,7.00,0.010619,-0.006392,-0.000044,0.004702,-0.004,0.001,3.892,-40.851,0.350,2.633373,-0.003665,-0.000012,0.000000,0.000000,0.000000,0.000000,0.000000,0.000000,1,0.00
3.454000,0.003,0.001577,0.001577,4.321,7.00,0.010441,-0.006119,-0.000045,0.004587,-0.004,0.001,3.894,-40.847,0.350,2.633309,-0.003509,-0.000012,0.000000,0.000000,0.000000,0.000000,0.000000,0.000000,1,0.00
3.456000,0.003,0.001973,0.001973,4.321,7.00,0.010264,-0.005844,-0.000046,0.003918,-0.003,0.001,3.895,-40.844,0.350,2.633245,-0.003351,-0.000011,0.000000,0.000000,0.000000,0.000000,0.000000,0.000000,1,0.00
3.458000,0.003,0.000800,0.000800,4.321,7.00,0.010098,-0.005573,-0.000047,0.004819,-0.003,0.001,3.897,-40.841,0.350,2.633183,-0.003195,-0.000010,0.000000,0.000000,0.000000,0.000000,0.000000,0.000000,1,0.00
3.460000,0.003,-0.000256,-0.000256,4.321,7.00,0.009913,-0.005295,-0.000047,0.005598,-0.003,0.000,3.899,-40.837,0.350,2.633119,-0.003036,-0.000009,0.000000,0.000000,0.000000,0.000000,0.000000,0.000000,1,0.00
3.462000,0.003,0.000155,0.000155,4.321,7.00,0.009709,-0.005012,-0.000049,0.004906,-0.003,0.000,3.901,-40.834,0.350,2.633053,-0.002874,-0.000008,0.000000,0.000000,0.000000,0.000000,0.000000,0.000000,1,0.00
3.464000,0.002,-0.000258,-0.000258,4.321,7.00,0.009518,-0.004733,-0.000049,0.005040,-0.003,0.000,3.903,-40.830,0.350,2.632989,-0.002713,-0.000006,0.000000,0.000000,0.000000,0.000000,0.000000,0.000000,1,0.00
3.466000,0.002,-0.001397,-0.001397,4.321,7.00,0.009323,-0.004451,-0.000050,0.005898,-0.003,0.001,3.905,-40.827,0.350,2.632926,-0.002551,-0.000005,0.000000,0.000000,0.000000,0.000000,0.000000,0.000000,1,0.00
3.468000,0.002,-0.000843,-0.000843,4.321,7.00,0.009108,-0.004164,-0.000051,0.005058,-0.003,0.001,3.907,-40.823,0.350,2.632859,-0.002386,-0.000004,0.000000,0.000000,0.000000,0.000000,0.000000,0.000000,1,0.00
3.470000,0.002,-0.000328,-0.000328,4.321,7.00,0.008909,-0.003883,-0.000052,0.004262,-0.003,0.000,3.908,-40.820,0.350,2.632798,-0.002225,-0.000004,0.000000,0.000000,0.000000,0.000000,0.000000,0.000000,1,0.00
3.472000,0.002,-0.000677,-0.000677,4.321,7.00,0.008725,-0.003606,-0.000052,0.004335,-0.002,0.000,3.910,-40.817,0.350,2.632740,-0.002067,-0.000004,0.000000,0.000000,0.000000,0.000000,0.000000,0.000000,1,0.00
3.474000,0.002,-0.001025,-0.001025,4.321,7.00,0.008537,-0.003329,-0.000053,0.004407,-0.002,0.001,3.912,-40.813,0.350,2.632681,-0.001908,-0.000003,0.000000,0.000000,0.000000,0.000000,0.000000,0.000000,1,0.00
3.476000,0.002,-0.000206,-0.000206,4.321,7.00,0.008345,-0.003051,-0.000054,0.003311,-0.002,0.000,3.914,-40.810,0.350,2.632623,-0.001749,-0.000003,0.000000,0.000000,0.000000,0.000000,0.000000,0.000000,1,0.00
3.478000,0.001,-0.000966,-0.000966,4.321,7.00,0.008174,-0.002778,-0.000054,0.003798,-0.002,0.001,3.916,-40.806,0.350,2.632569,-0.001592,-0.000003,0.000000,0.000000,0.000000,0.000000,0.000000,0.000000,1,0.00
3.480000,0.001,-0.001110,-0.001110,4.321,7.00,0.007992,-0.002499,-0.000055,0.003663,-0.002,0.001,3.918,-40.803,0.350,2.632511,-0.001432,-0.000003,0.000000,0.000000,0.000000,0.000000,0.000000,0.000000,1,0.00
3.482000,0.001,-0.001365,-0.001365,4.321,7.00,0.007810,-0.002220,-0.000055,0.003641,-0.002,0.001,3.920,-40.800,0.350,2.632455,-0.001273,-0.000003,0.000000,0.000000,0.000000,0.000000,0.000000,0.000000,1,0.00
3.484000,0.001,-0.002149,-0.002149,4.321,7.00,0.007626,-0.001941,-0.000055,0.004146,-0.002,0.001,3.922,-40.796,0.350,2.632398,-0.001113,-0.000003,0.000000,0.000000,0.000000,0.000000,0.000000,0.000000,1,0.00
3.486000,0.001,-0.002559,-0.002559,4.321,7.00,0.007431,-0.001659,-0.000056,0.004274,-0.001,0.002,3.923,-40.793,0.350,2.632340,-0.000952,-0.000003,0.000000,0.000000,0.000000,0.000000,0.000000,0.000000,1,0.00
3.488000,0.001,-0.002475,-0.002475,4.321,7.00,0.007231,-0.001377,-0.000056,0.003908,-0.001,0.002,3.925,-40.789,0.350,2.632282,-0.000790,-0.000002,0.000000,0.000000,0.000000,0.000000,0.000000,0.000000,1,0.00
3.490000,0.001,-0.003471,-0.003471,4.321,7.00,0.007037,-0.001096,-0.000056,0.004623,-0.001,0.002,3.927,-40.786,0.350,2.632225,-0.000629,-0.000002,0.000000,0.000000,0.000000,0.000000,0.000000,0.000000,1,0.00
3.492000,0.000,-0.004126,-0.004126,4.321,7.00,0.006827,-0.000811,-0.000056,0.004994,-0.001,0.003,3.929,-40.782,0.350,2.632166,-0.000466,-0.000002,0.000000,0.000000,0.000000,0.000000,0.000000,0.000000,1,0.00
3.494000,0.000,-0.003727,-0.003727,4.321,7.00,0.006608,-0.000525,-0.000056,0.004309,-0.001,0.002,3.931,-40.779,0.350,2.632106,-0.000302,-0.000002,0.000000,0.000000,0.000000,0.000000,0.000000,0.000000,1,0.00
3.496000,0.000,-0.004232,-0.004232,4.321,7.00,0.006401,-0.000242,-0.000056,0.004530,-0.001,0.003,3.933,-40.776,0.350,2.632049,-0.000140,-0.000002,0.000000,0.000000,0.000000,0.000000,0.000000,0.000000,1,0.00
3.498000,-0.000,-0.005367,-0.005367,4.321,7.00,0.006189,0.000041,-0.000056,0.005382,-0.001,0.004,3.935,-40.772,0.350,2.631991,0.000023,-0.000001,0.000000,0.000000,0.000000,0.000000,0.000000,0.000000,1,0.00
3.500000,-0.000,-0.000329,-0.000329,4.321,7.00,0.005958,0.000329,0.000000,0.000000,0.000,0.000,3.936,-40.769,0.350,2.631931,0.000188,-0.000001,0.000000,0.000000,0.000000,0.000000,0.000000,0.000000,1,0.00
3.502000,-0.000,-0.001252,-0.001252,4.321,7.00,0.005832,0.000589,0.000000,0.000662,0.000,0.001,3.938,-40.765,0.350,2.631891,0.000337,-0.000001,0.000000,0.000000,0.000000,0.000000,0.000000,0.000000,1,0.00
3.504000,-0.000,-0.002558,-0.002558,4.321,7.00,0.005690,0.000853,0.000000,0.001704,0.000,0.002,3.940,-40.762,0.350,2.631847,0.000488,-0.000001,0.000000,0.000000,0.000000,0.000000,0.000000,0.000000,1,0.00
3.506000,-0.001,-0.003167,-0.003167,4.321,7.00,0.005525,0.001122,0.000001,0.002044,0.000,0.002,3.942,-40.759,0.350,2.631801,0.000642,-0.000001,0.000000,0.000000,0.000000,0.000000,0.000000,0.000000,1,0.00
3.508000,-0.001,-0.004862,-0.004862,4.321,7.00,0.005352,0.001393,0.000001,0.003468,0.000,0.003,3.944,-40.755,0.350,2.631753,0.000798,-0.000001,0.000000,0.000000,0.000000,0.000000,0.000000,0.000000,1,0.00
3.510000,-0.001,-0.006597,-0.006597,4.321,7.00,0.005147,0.001671,0.000001,0.004926,0.000,0.004,3.946,-40.752,0.350,2.631700,0.000957,-0.000000,0.000000,0.000000,0.000000,0.000000,0.000000,0.000000,1,0.00
3.512000,-0.001,-0.006799,-0.006799,4.321,7.00,0.004912,0.001955,0.000001,0.004843,0.000,0.005,3.948,-40.748,0.350,2.631642,0.001120,0.000000,0.000000,0.000000,0.000000,0.000000,0.000000,0.000000,1,0.00
3.514000,-0.001,-0.006905,-0.006905,4.321,7.00,0.004678,0.002238,0.000002,0.004665,0.001,0.005,3.949,-40.745,0.350,2.631584,0.001283,0.000001,0.000000,0.000000,0.000000,0.000000,0.000000,0.000000,1,0.00
3.516000,-0.001,-0.008513,-0.008513,4.321,7.00,0.004447,0.002520,0.000002,0.005991,0.001,0.006,3.951,-40.742,0.350,2.631529,0.001445,0.000001,0.000000,0.000000,0.000000,0.000000,0.000000,0.000000,1,0.00
3.518000,-0.001,-0.008040,-0.008040,4.321,7.00,0.004188,0.002808,0.000003,0.005230,0.001,0.005,3.953,-40.738,0.350,2.631468,0.001610,0.000002,0.000000,0.000000,0.000000,0.000000,0.000000,0.000000,1,0.00
3.520000,-0.002,-0.007843,-0.007843,4.321,7.00,0.003943,0.003090,0.000003,0.004749,0.001,0.005,3.955,-40.735,0.350,2.631411,0.001772,0.000002,0.000000,0.000000,0.000000,0.000000,0.000000,0.000000,1,0.00
3.522000,-0.002,-0.008118,-0.008118,4.321,7.00,0.003707,0.003369,0.000004,0.004745,0.001,0.005,3.957,-40.731,0.350,2.631357,0.001932,0.000002,0.000000,0.000000,0.000000,0.000000,0.000000,0.000000,1,0.00
3.524000,-0.002,-0.008759,-0.008759,4.321,7.00,0.003471,0.003647,0.000004,0.005108,0.001,0.006,3.959,-40.728,0.350,2.631303,0.002091,0.000002,0.000000,0.000000,0.000000,0.000000,0.000000,0.000000,1,0.00
3.526000,-0.002,-0.008010,-0.008010,4.321,7.00,0.003226,0.003926,0.000005,0.004078,0.001,0.005,3.961,-40.724,0.350,2.631248,0.002251,0.000003,0.000000,0.000000,0.000000,0.000000,0.000000,0.000000,1,0.00
3.528000,-0.002,-0.008398,-0.008398,4.321,7.00,0.003002,0.004199,0.000006,0.004193,0.002,0.006,3.962,-40.721,0.350,2.631198,0.002407,0.000003,0.000000,0.000000,0.000000,0.000000,0.000000,0.000000,1,0.00
3.530000,-0.002,-0.009283,-0.009283,4.321,7.00,0.002774,0.004470,0.000006,0.004806,0.002,0.006,3.964,-40.718,0.350,2.631148,0.002563,0.000003,0.000000,0.000000,0.000000,0.000000,0.000000,0.000000,1,0.00
3.532000,-0.002,-0.009600,-0.009600,4.321,7.00,0.002533,0.004744,0.000007,0.004849,0.002,0.006,3.966,-40.714,0.350,2.631096,0.002720,0.000003,0.000000,0.000000,0.000000,0.000000,0.000000,0.000000,1,0.00
3.534000,-0.003,-0.009249,-0.009249,4.321,7.00,0.002290,0.005016,0.000008,0.004224,0.002,0.006,3.968,-40.711,0.350,2.631044,0.002877,0.000003,0.000000,0.000000,0.000000,0.000000,0.000000,0.000000,1,0.00
3.536000,-0.003,-0.010216,-0.010216,4.321,7.00,0.002059,0.005284,0.000009,0.004922,0.002,0.007,3.970,-40.707,0.350,2.630996,0.003030,0.000003,0.000000,0.000000,0.000000,0.000000,0.000000,0.000000,1,0.00
3.538000,-0.003,-0.011199,-0.011199,4.321,7.00,0.001814,0.005554,0.000010,0.005635,0.002,0.007,3.972,-40.704,0.350,2.630945,0.003185,0.000003,0.000000,0.000000,0.000000,0.000000,0.000000,0.000000,1,0.00
3.540000,-0.003,-0.010478,-0.010478,4.321,7.00,0.001554,0.005826,0.000011,0.004641,0.002,0.007,3.974,-40.701,0.350,2.630893,0.003341,0.000003,0.000000,0.000000,0.000000,0.000000,0.000000,0.000000,1,0.00
3.542000,-0.003,-0.010924,-0.010924,4.321,7.00,0.001313,0.006091,0.000012,0.004821,0.003,0.007,3.975,-40.697,0.350,2.630844,0.003493,0.000003,0.000000,0.000000,0.000000,0.000000,0.000000,0.000000,1,0.00
3.544000,-0.003,-0.011945,-0.011945,4.321,7.00,0.001068,0.006356,0.000012,0.005577,0.003,0.008,3.977,-40.694,0.350,2.630796,0.003645,0.000003,0.000000,0.000000,0.000000,0.000000,0.000000,0.000000,1,0.00
3.546000,-0.003,-0.012443,-0.012443,4.321,7.00,0.000808,0.006622,0.000013,0.005808,0.003,0.008,3.979,-40.690,0.350,2.630746,0.003798,0.000003,0.000000,0.000000,0.000000,0.000000,0.000000,0.000000,1,0.00
3.548000,-0.003,-0.011815,-0.011815,4.321,7.00,0.000543,0.006888,0.000015,0.004913,0.003,0.008,3.981,-40.687,0.350,2.630695,0.003950,0.000003,0.000000,0.000000,0.000000,0.000000,0.000000,0.000000,1,0.00
3.550000,-0.004,-0.012249,-0.012249,4.321,7.00,0.000296,0.007147,0.000016,0.005086,0.003,0.008,3.983,-40.683,0.350,2.630649,0.004099,0.000003,0.000000,0.000000,0.000000,0.000000,0.000000,0.000000,1,0.00
3.552000,-0.004,-0.012967,-0.012967,4.321,7.00,0.000045,0.007405,0.000017,0.005545,0.003,0.009,3.985,-40.680,0.350,2.630603,0.004246,0.000003,0.000000,0.000000,0.000000,0.000000,0.000000,0.000000,1,0.00
3.554000,-0.004,-0.013001,-0.013001,4.321,7.00,-0.000215,0.007663,0.000017,0.005320,0.003,0.009,3.987,-40.677,0.350,2.630555,0.004395,0.000003,0.000000,0.000000,0.000000,0.000000,0.000000,0.000000,1,0.00
3.556000,-0.004,-0.012237,-0.012237,4.321,7.00,-0.000471,0.007918,0.000019,0.004300,0.003,0.008,3.989,-40.673,0.350,2.630510,0.004541,0.000003,0.000000,0.000000,0.000000,0.000000,0.000000,0.000000,1,0.00
3.558000,-0.004,-0.012599,-0.012599,4.321,7.00,-0.000706,0.008166,0.000021,0.004412,0.004,0.008,3.990,-40.670,0.350,2.630469,0.004683,0.000003,0.000000,0.000000,0.000000,0.000000,0.000000,0.000000,1,0.00
3.560000,-0.004,-0.013377,-0.013377,4.321,7.00,-0.000944,0.008412,0.000021,0.004944,0.004,0.009,3.992,-40.666,0.350,2.630428,0.004824,0.000003,0.000000,0.000000,0.000000,0.000000,0.000000,0.000000,1,0.00
3.562000,-0.004,-0.013579,-0.013579,4.321,7.00,-0.001193,0.008658,0.000022,0.004898,0.004,0.009,3.994,-40.663,0.350,2.630386,0.004965,0.000003,0.000000,0.000000,0.000000,0.000000,0.000000,0.000000,1,0.00
3.564000,-0.004,-0.013204,-0.013204,4.321,7.00,-0.001440,0.008902,0.000024,0.004278,0.004,0.009,3.996,-40.660,0.350,2.630344,0.005105,0.000003,0.000000,0.000000,0.000000,0.000000,0.000000,0.000000,1,0.00
3.566000,-0.005,-0.013571,-0.013571,4.321,7.00,-0.001676,0.009141,0.000026,0.004404,0.004,0.009,3.998,-40.656,0.350,2.630306,0.005242,0.000003,0.000000,0.000000,0.000000,0.000000,0.000000,0.000000,1,0.00
3.568000,-0.005,-0.014299,-0.014299,4.321,7.00,-0.001913,0.009377,0.000027,0.004894,0.004,0.010,4.000,-40.653,0.350,2.630268,0.005378,0.000002,0.000000,0.000000,0.000000,0.000000,0.000000,0.000000,1,0.00
3.570000,-0.005,-0.013766,-0.013766,4.321,7.00,-0.002161,0.009614,0.000029,0.004123,0.004,0.009,4.002,-40.649,0.350,2.630229,0.005513,0.000002,0.000000,0.000000,0.000000,0.000000,0.000000,0.000000,1,0.00
3.572000,-0.005,-0.013295,-0.013295,4.321,7.00,-0.002393,0.009844,0.000031,0.003419,0.004,0.009,4.003,-40.646,0.350,2.630193,0.005646,0.000002,0.000000,0.000000,0.000000,0.000000,0.000000,0.000000,1,0.00
3.574000,-0.005,-0.014131,-0.014131,4.321,7.00,-0.002611,0.010069,0.000032,0.004030,0.005,0.009,4.005,-40.643,0.350,2.630161,0.005774,0.000002,0.000000,0.000000,0.000000,0.000000,0.000000,0.000000,1,0.00
3.576000,-0.005,-0.014830,-0.014830,4.321,7.00,-0.002842,0.010293,0.000033,0.004503,0.005,0.010,4.007,-40.639,0.350,2.630127,0.005903,0.000002,0.000000,0.000000,0.000000,0.000000,0.000000,0.000000,1,0.00
3.578000,-0.005,-0.014713,-0.014713,4.321,7.00,-0.003081,0.010518,0.000035,0.004160,0.005,0.010,4.009,-40.636,0.350,2.630093,0.006032,0.000002,0.000000,0.000000,0.000000,0.000000,0.000000,0.000000,1,0.00
3.580000,-0.005,-0.014823,-0.014823,4.321,7.00,-0.003314,0.010738,0.000038,0.004047,0.005,0.010,4.011,-40.632,0.350,2.630060,0.006158,0.000001,0.000000,0.000000,0.000000,0.000000,0.000000,0.000000,1,0.00
3.582000,-0.005,-0.015455,-0.015455,4.321,7.00,-0.003544,0.010955,0.000039,0.004461,0.005,0.010,4.013,-40.629,0.350,2.630028,0.006283,0.000001,0.000000,0.000000,0.000000,0.000000,0.000000,0.000000,1,0.00
3.584000,-0.006,-0.015222,-0.015222,4.321,7.00,-0.003782,0.011172,0.000041,0.004009,0.005,0.010,4.015,-40.626,0.350,2.629995,0.006407,0.000001,0.000000,0.000000,0.000000,0.000000,0.000000,0.000000,1,0.00
3.586000,-0.006,-0.014889,-0.014889,4.321,7.00,-0.004011,0.011383,0.000043,0.003463,0.005,0.010,4.017,-40.622,0.350,2.629965,0.006528,0.000001,0.000000,0.000000,0.000000,0.000000,0.000000,0.000000,1,0.00
3.588000,-0.006,-0.015209,-0.015209,4.321,7.00,-0.004229,0.011588,0.000044,0.003577,0.005,0.010,4.018,-40.619,0.350,2.629938,0.006646,0.000001,0.000000,0.000000,0.000000,0.000000,0.000000,0.000000,1,0.00
3.590000,-0.006,-0.015415,-0.015415,4.321,7.00,-0.004448,0.011792,0.000047,0.003577,0.005,0.010,4.020,-40.615,0.350,2.629911,0.006762,0.000000,0.000000,0.000000,0.000000,0.000000,0.000000,0.000000,1,0.00
3.592000,-0.006,-0.015180,-0.015180,4.321,7.00,-0.004667,0.011992,0.000049,0.003138,0.006,0.010,4.022,-40.612,0.350,2.629885,0.006877,0.000000,0.000000,0.000000,0.000000,0.000000,0.000000,0.000000,1,0.00
3.594000,-0.006,-0.015617,-0.015617,4.321,7.00,-0.004878,0.012187,0.000051,0.003379,0.006,0.010,4.024,-40.608,0.350,2.629861,0.006989,-0.000000,0.000000,0.000000,0.000000,0.000000,0.000000,0.000000,1,0.00
3.596000,-0.006,-0.015822,-0.015822,4.321,7.00,-0.005092,0.012381,0.000053,0.003388,0.006,0.011,4.026,-40.605,0.350,2.629837,0.007100,-0.000000,0.000000,0.000000,0.000000,0.000000,0.000000,0.000000,1,0.00
3.598000,-0.006,-0.015419,-0.015419,4.321,7.00,-0.005307,0.012572,0.000056,0.002792,0.006,0.010,4.028,-40.602,0.350,2.629813,0.007209,-0.000001,0.000000,0.000000,0.000000,0.000000,0.000000,0.000000,1,0.00
3.600000,-0.006,-0.012764,-0.012764,4.321,7.00,-0.005509,0.012756,0.000000,0.000008,0.000,0.009,4.030,-40.598,0.350,2.629792,0.007315,-0.000001,0.000000,0.000000,0.000000,0.000000,0.000000,0.000000,1,0.00
3.602000,-0.006,-0.013614,-0.013614,4.321,7.00,-0.005654,0.012923,0.000002,0.000689,0.000,0.009,4.031,-40.595,0.350,2.629783,0.007411,-0.000001,0.000000,0.000000,0.000000,0.000000,0.000000,0.000000,1,0.00
3.604000,-0.007,-0.014122,-0.014122,4.321,7.00,-0.005814,0.013091,0.000005,0.001026,0.000,0.009,4.033,-40.591,0.350,2.629771,0.007507,-0.000002,0.000000,0.000000,0.000000,0.000000,0.000000,0.000000,1,0.00
3.606000,-0.007,-0.014685,-0.014685,4.321,7.00,-0.005980,0.013258,0.000008,0.001420,0.000,0.010,4.035,-40.588,0.350,2.629759,0.007602,-0.000002,0.000000,0.000000,0.000000,0.000000,0.000000,0.000000,1,0.00
3.608000,-0.007,-0.015599,-0.015599,4.321,7.00,-0.006154,0.013424,0.000009,0.002166,0.006,0.010,4.037,-40.585,0.350,2.629745,0.007697,-0.000002,0.000000,0.000000,0.000000,0.000000,0.000000,0.000000,1,0.00
3.610000,-0.007,-0.016461,-0.016461,4.321,7.00,-0.006343,0.013590,0.000011,0.002860,0.006,0.011,4.039,-40.581,0.350,2.629729,0.007793,-0.000002,0.000000,0.000000,0.000000,0.000000,0.000000,0.000000,1,0.00
3.612000,-0.007,-0.016516,-0.016516,4.321,7.00,-0.006545,0.013757,0.000013,0.002746,0.007,0.011,4.041,-40.578,0.350,2.629712,0.007889,-0.000003,0.000000,0.000000,0.000000,0.000000,0.000000,0.000000,1,0.00
3.614000,-0.007,-0.016646,-0.016646,4.321,7.00,-0.006744,0.013920,0.000017,0.002709,0.007,0.011,4.043,-40.574,0.350,2.629695,0.007982,-0.000003,0.000000,0.000000,0.000000,0.000000,0.000000,0.000000,1,0.00
3.616000,-0.007,-0.016887,-0.016887,4.321,7.00,-0.006942,0.014080,0.000019,0.002788,0.007,0.011,4.045,-40.571,0.350,2.629680,0.008074,-0.000003,0.000000,0.000000,0.000000,0.000000,0.000000,0.000000,1,0.00
3.618000,-0.007,-0.016800,-0.016800,4.321,7.00,-0.007141,0.014237,0.000021,0.002542,0.007,0.011,4.046,-40.568,0.350,2.629664,0.008163,-0.000003,0.000000,0.000000,0.000000,0.000000,0.000000,0.000000,1,0.00
3.620000,-0.007,-0.016683,-0.016683,4.321,7.00,-0.007334,0.014389,0.000024,0.002271,0.007,0.011,4.048,-40.564,0.350,2.629651,0.008251,-0.000003,0.000000,0.000000,0.000000,0.000000,0.000000,0.000000,1,0.00
3.622000,-0.007,-0.016595,-0.016595,4.321,7.00,-0.007521,0.014536,0.000027,0.002031,0.007,0.011,4.050,-40.561,0.350,2.629639,0.008335,-0.000004,0.000000,0.000000,0.000000,0.000000,0.000000,0.000000,1,0.00
3.624000,-0.007,-0.016823,-0.016823,4.321,7.00,-0.007703,0.014679,0.000030,0.002114,0.007,0.011,4.052,-40.557,0.350,2.629629,0.008417,-0.000004,0.000000,0.000000,0.000000,0.000000,0.000000,0.000000,1,0.00
3.626000,-0.007,-0.016896,-0.016896,4.321,7.00,-0.007885,0.014819,0.000032,0.002045,0.007,0.011,4.054,-40.554,0.350,2.629619,0.008497,-0.000004,0.000000,0.000000,0.000000,0.000000,0.000000,0.000000,1,0.00
3.628000,-0.007,-0.017193,-0.017193,4.321,7.00,-0.008065,0.014955,0.000034,0.002204,0.007,0.011,4.056,-40.551,0.350,2.629610,0.008575,-0.000005,0.000000,0.000000,0.000000,0.000000,0.000000,0.000000,1,0.00
3.630000,-0.008,-0.017167,-0.017167,4.321,7.00,-0.008248,0.015088,0.000038,0.002042,0.007,0.011,4.058,-40.547,0.350,2.629601,0.008651,-0.000005,0.000000,0.000000,0.000000,0.000000,0.000000,0.000000,1,0.00
3.632000,-0.008,-0.017267,-0.017267,4.321,7.00,-0.008426,0.015217,0.000041,0.002009,0.007,0.012,4.060,-40.544,0.350,2.629594,0.008725,-0.000006,0.000000,0.000000,0.000000,0.000000,0.000000,0.000000,1,0.00
3.634000,-0.008,-0.017451,-0.017451,4.321,7.00,-0.008603,0.015342,0.000043,0.002066,0.007,0.012,4.062,-40.540,0.350,2.629587,0.008796,-0.000006,0.000000,0.000000,0.000000,0.000000,0.000000,0.000000,1,0.00
3.636000,-0.008,-0.017594,-0.017594,4.321,7.00,-0.008780,0.015464,0.000045,0.002085,0.007,0.012,4.063,-40.537,0.350,2.629581,0.008866,-0.000006,0.000000,0.000000,0.000000,0.000000,0.000000,0.000000,1,0.00
3.638000,-0.008,-0.017384,-0.017384,4.321,7.00,-0.008956,0.015582,0.000048,0.001754,0.008,0.012,4.065,-40.534,0.350,2.629575,0.008934,-0.000007,0.000000,0.000000,0.000000,0.000000,0.000000,0.000000,1,0.00
3.640000,-0.008,-0.017750,-0.017750,4.321,7.00,-0.009125,0.015695,0.000050,0.002005,0.008,0.012,4.067,-40.530,0.350,2.629572,0.008998,-0.000007,0.000000,0.000000,0.000000,0.000000,0.000000,0.000000,1,0.00
3.642000,-0.008,-0.017793,-0.017793,4.321,7.00,-0.009297,0.015806,0.000054,0.001934,0.008,0.012,4.069,-40.527,0.350,2.629568,0.009061,-0.000007,0.000000,0.000000,0.000000,0.000000,0.000000,0.000000,1,0.00
3.644000,-0.008,-0.017689,-0.017689,4.321,7.00,-0.009467,0.015912,0.000057,0.001720,0.008,0.012,4.071,-40.523,0.350,2.629565,0.009122,-0.000008,0.000000,0.000000,0.000000,0.000000,0.000000,0.000000,1,0.00
3.646000,-0.008,-0.017816,-0.017816,4.321,7.00,-0.009632,0.016014,0.000059,0.001743,0.008,0.012,4.073,-40.520,0.350,2.629564,0.009180,-0.000008,0.000000,0.000000,0.000000,0.000000,0.000000,0.000000,1,0.00
3.648000,-0.008,-0.017913,-0.017913,4.321,7.00,-0.009795,0.016112,0.000062,0.001740,0.008,0.012,4.075,-40.517,0.350,2.629563,0.009236,-0.000008,0.000000,0.000000,0.000000,0.000000,0.000000,0.000000,1,0.00
3.650000,-0.008,-0.017807,-0.017807,4.321,7.00,-0.009958,0.016206,0.000064,0.001537,0.008,0.012,4.077,-40.513,0.350,2.629563,0.009290,-0.000009,0.000000,0.000000,0.000000,0.000000,0.000000,0.000000,1,0.00
3.652000,-0.008,-0.017938,-0.017938,4.321,7.00,-0.010115,0.016295,0.000067,0.001576,0.008,0.012,4.078,-40.510,0.350,2.629565,0.009341,-0.000009,0.000000,0.000000,0.000000,0.000000,0.000000,0.000000,1,0.00
3.654000,-0.008,-0.018181,-0.018181,4.321,7.00,-0.010271,0.016381,0.000069,0.001731,0.008,0.012,4.080,-40.506,0.350,2.629567,0.009390,-0.000010,0.000000,0.000000,0.000000,0.000000,0.000000,0.000000,1,0.00
3.656000,-0.008,-0.017960,-0.017960,4.321,7.00,-0.010429,0.016464,0.000074,0.001423,0.008,0.012,4.082,-40.503,0.350,2.629569,0.009437,-0.000010,0.000000,0.000000,0.000000,0.000000,0.000000,0.000000,1,0.00
3.658000,-0.008,-0.017924,-0.017924,4.321,7.00,-0.010580,0.016541,0.000077,0.001307,0.008,0.012,4.084,-40.500,0.350,2.629573,0.009481,-0.000010,0.000000,0.000000,0.000000,0.000000,0.000000,0.000000,1,0.00
3.660000,-0.008,-0.018017,-0.018017,4.321,7.00,-0.010727,0.016613,0.000079,0.001325,0.008,0.012,4.086,-40.496,0.350,2.629579,0.009523,-0.000010,0.000000,0.000000,0.000000,0.000000,0.000000,0.000000,1,0.00
3.662000,-0.008,-0.018097,-0.018097,4.321,7.00,-0.010872,0.016682,0.000081,0.001334,0.008,0.012,4.088,-40.493,0.350,2.629584,0.009562,-0.000011,0.000000,0.000000,0.000000,0.000000,0.000000,0.000000,1,0.00
3.664000,-0.008,-0.017921,-0.017921,4.321,7.00,-0.011017,0.016747,0.000085,0.001088,0.008,0.012,4.090,-40.489,0.350,2.629591,0.009599,-0.000011,0.000000,0.000000,0.000000,0.000000,0.000000,0.000000,1,0.00
3.666000,-0.008,-0.018005,-0.018005,4.321,7.00,-0.011155,0.016807,0.000088,0.001110,0.008,0.012,4.092,-40.486,0.350,2.629599,0.009634,-0.000011,0.000000,0.000000,0.000000,0.000000,0.000000,0.000000,1,0.00
3.668000,-0.008,-0.018140,-0.018140,4.321,7.00,-0.011292,0.016863,0.000090,0.001187,0.008,0.012,4.094,-40.483,0.350,2.629608,0.009666,-0.000012,0.000000,0.000000,0.000000,0.000000,0.000000,0.000000,1,0.00
3.670000,-0.008,-0.017975,-0.017975,4.321,7.00,-0.011429,0.016916,0.000093,0.000965,0.008,0.012,4.095,-40.479,0.350,2.629617,0.009696,-0.000012,0.000000,0.000000,0.000000,0.000000,0.000000,0.000000,1,0.00
3.672000,-0.008,-0.017869,-0.017869,4.321,7.00,-0.011560,0.016964,0.000097,0.000809,0.008,0.012,4.097,-40.476,0.350,2.629627,0.009723,-0.000012,0.000000,0.000000,0.000000,0.000000,0.000000,0.000000,1,0.00
3.674000,-0.009,-0.017999,-0.017999,4.321,7.00,-0.011686,0.017006,0.000099,0.000894,0.008,0.012,4.099,-40.472,0.350,2.629639,0.009747,-0.000013,0.000000,0.000000,0.000000,0.000000,0.000000,0.000000,1,0.00
3.676000,-0.009,-0.017955,-0.017955,4.321,7.00,-0.011812,0.017046,0.000103,0.000806,0.008,0.012,4.101,-40.469,0.350,2.629652,0.009769,-0.000013,0.000000,0.000000,0.000000,0.000000,0.000000,0.000000,1,0.00
3.678000,-0.009,-0.017802,-0.017802,4.321,7.00,-0.011935,0.017080,0.000106,0.000615,0.008,0.012,4.103,-40.466,0.350,2.629665,0.009789,-0.000013,0.000000,0.000000,0.000000,0.000000,0.000000,0.000000,1,0.00
3.680000,-0.009,-0.017863,-0.017863,4.321,7.00,-0.012052,0.017110,0.000108,0.000645,0.008,0.012,4.105,-40.462,0.350,2.629680,0.009806,-0.000014,0.000000,0.000000,0.000000,0.000000,0.000000,0.000000,1,0.00
3.682000,-0.009,-0.017824,-0.017824,4.321,7.00,-0.012169,0.017136,0.000113,0.000575,0.009,0.012,4.107,-40.459,0.350,2.629695,0.009820,-0.000014,0.000000,0.000000,0.000000,0.000000,0.000000,0.000000,1,0.00
3.684000,-0.009,-0.017677,-0.017677,4.321,7.00,-0.012282,0.017158,0.000117,0.000402,0.009,0.012,4.109,-40.455,0.350,2.629711,0.009833,-0.000014,0.000000,0.000000,0.000000,0.000000,0.000000,0.000000,1,0.00
3.686000,-0.009,-0.017697,-0.017697,4.321,7.00,-0.012390,0.017175,0.000119,0.000403,0.009,0.012,4.111,-40.452,0.350,2.629728,0.009842,-0.000014,0.000000,0.000000,0.000000,0.000000,0.000000,0.000000,1,0.00
3.688000,-0.009,-0.017644,-0.017644,4.321,7.00,-0.012496,0.017188,0.000123,0.000333,0.009,0.012,4.112,-40.449,0.350,2.629746,0.009849,-0.000015,0.000000,0.000000,0.000000,0.000000,0.000000,0.000000,1,0.00
3.690000,-0.009,-0.017533,-0.017533,4.321,7.00,-0.012599,0.017196,0.000127,0.000209,0.009,0.012,4.114,-40.445,0.350,2.629765,0.009854,-0.000015,0.000000,0.000000,0.000000,0.000000,0.000000,0.000000,1,0.00
3.692000,-0.009,-0.017509,-0.017509,4.321,7.00,-0.012697,0.017200,0.000129,0.000180,0.009,0.012,4.116,-40.442,0.350,2.629785,0.009856,-0.000015,0.000000,0.000000,0.000000,0.000000,0.000000,0.000000,1,0.00
3.694000,-0.009,-0.017466,-0.017466,4.321,7.00,-0.012794,0.017200,0.000132,0.000133,0.009,0.012,4.118,-40.438,0.350,2.629806,0.009855,-0.000015,0.000000,0.000000,0.000000,0.000000,0.000000,0.000000,1,0.00
3.696000,-0.009,-0.017375,-0.017375,4.321,7.00,-0.012887,0.017196,0.000135,0.000045,0.009,0.012,4.120,-40.435,0.350,2.629827,0.009853,-0.000016,0.000000,0.000000,0.000000,0.000000,0.000000,0.000000,1,0.00
3.698000,-0.009,-0.017331,-0.017331,4.321,7.00,-0.012977,0.017187,0.000140,0.000005,0.009,0.012,4.122,-40.432,0.350,2.629850,0.009847,-0.000016,0.000000,0.000000,0.000000,0.000000,0.000000,0.000000,1,0.00
3.700000,-0.009,-0.017185,-0.017185,4.321,7.00,-0.013064,0.017174,0.000000,0.000011,0.000,0.011,4.124,-40.428,0.350,2.629873,0.009840,-0.000016,0.000000,0.000000,0.000000,0.000000,0.000000,0.000000,1,0.00
3.702000,-0.009,-0.017110,-0.017110,4.321,7.00,-0.013146,0.017156,0.000003,-0.000049,0.000,0.011,4.126,-40.425,0.350,2.629898,0.009829,-0.000016,0.000000,0.000000,0.000000,0.000000,0.000000,0.000000,1,0.00
3.704000,-0.009,-0.017030,-0.017030,4.321,7.00,-0.013226,0.017135,0.000006,-0.000110,0.000,0.011,4.128,-40.421,0.350,2.629923,0.009817,-0.000016,0.000000,0.000000,0.000000,0.000000,0.000000,0.000000,1,0.00
3.706000,-0.009,-0.016950,-0.016950,4.321,7.00,-0.013302,0.017108,0.000009,-0.000168,0.000,0.011,4.130,-40.418,0.350,2.629949,0.009801,-0.000017,0.000000,0.000000,0.000000,0.000000,0.000000,0.000000,1,0.00
3.708000,-0.009,-0.016845,-0.016845,4.321,7.00,-0.013375,0.017078,0.000013,-0.000246,0.009,0.011,4.131,-40.415,0.350,2.629976,0.009784,-0.000017,0.000000,0.000000,0.000000,0.000000,0.000000,0.000000,1,0.00
3.710000,-0.009,-0.016713,-0.016713,4.321,7.00,-0.013444,0.017043,0.000016,-0.000347,0.009,0.011,4.133,-40.411,0.350,2.630003,0.009764,-0.000017,0.000000,0.000000,0.000000,0.000000,0.000000,0.000000,1,0.00
3.712000,-0.009,-0.016569,-0.016569,4.321,7.00,-0.013509,0.017004,0.000018,-0.000453,0.009,0.011,4.135,-40.408,0.350,2.630032,0.009741,-0.000017,0.000000,0.000000,0.000000,0.000000,0.000000,0.000000,1,0.00
3.714000,-0.008,-0.016430,-0.016430,4.321,7.00,-0.013571,0.016961,0.000020,-0.000551,0.009,0.011,4.137,-40.404,0.350,2.630062,0.009716,-0.000017,0.000000,0.000000,0.000000,0.000000,0.000000,0.000000,1,0.00
3.716000,-0.008,-0.016344,-0.016344,4.321,7.00,-0.013628,0.016913,0.000024,-0.000593,0.009,0.011,4.139,-40.401,0.350,2.630092,0.009688,-0.000017,0.000000,0.000000,0.000000,0.000000,0.000000,0.000000,1,0.00
3.718000,-0.008,-0.016248,-0.016248,4.321,7.00,-0.013682,0.016861,0.000028,-0.000640,0.009,0.011,4.141,-40.398,0.350,2.630123,0.009658,-0.000017,0.000000,0.000000,0.000000,0.000000,0.000000,0.000000,1,0.00
3.720000,-0.008,-0.016180,-0.016180,4.321,7.00,-0.013733,0.016804,0.000032,-0.000656,0.009,0.011,4.143,-40.394,0.350,2.630155,0.009625,-0.000017,0.000000,0.000000,0.000000,0.000000,0.000000,0.000000,1,0.00
3.722000,-0.008,-0.016119,-0.016119,4.321,7.00,-0.013782,0.016744,0.000035,-0.000660,0.008,0.011,4.145,-40.391,0.350,2.630188,0.009591,-0.000017,0.000000,0.000000,0.000000,0.000000,0.000000,0.000000,1,0.00
3.724000,-0.008,-0.016020,-0.016020,4.321,7.00,-0.013829,0.016680,0.000038,-0.000698,0.008,0.011,4.147,-40.387,0.350,2.630221,0.009554,-0.000017,0.000000,0.000000,0.000000,0.000000,0.000000,0.000000,1,0.00
3.726000,-0.008,-0.015743,-0.015743,4.321,7.00,-0.013873,0.016612,0.000040,-0.000909,0.008,0.010,4.149,-40.384,0.350,2.630255,0.009515,-0.000017,0.000000,0.000000,0.000000,0.000000,0.000000,0.000000,1,0.00
3.728000,-0.008,-0.015652,-0.015652,4.321,7.00,-0.013910,0.016539,0.000044,-0.000931,0.008,0.010,4.150,-40.381,0.350,2.630290,0.009473,-0.000018,0.000000,0.000000,0.000000,0.000000,0.000000,0.000000,1,0.00
3.730000,-0.008,-0.015478,-0.015478,4.321,7.00,-0.013945,0.016463,0.000047,-0.001031,0.008,0.010,4.152,-40.377,0.350,2.630325,0.009429,-0.000018,0.000000,0.000000,0.000000,0.000000,0.000000,0.000000,1,0.00
3.732000,-0.008,-0.015145,-0.015145,4.321,7.00,-0.013976,0.016382,0.000049,-0.001285,0.008,0.010,4.154,-40.374,0.350,2.630362,0.009382,-0.000018,0.000000,0.000000,0.000000,0.000000,0.000000,0.000000,1,0.00
3.734000,-0.008,-0.015067,-0.015067,4.321,7.00,-0.013999,0.016296,0.000052,-0.001281,0.008,0.010,4.156,-40.371,0.350,2.630399,0.009332,-0.000018,0.000000,0.000000,0.000000,0.000000,0.000000,0.000000,1,0.00
3.736000,-0.008,-0.015093,-0.015093,4.321,7.00,-0.014020,0.016206,0.000056,-0.001169,0.008,0.010,4.158,-40.367,0.350,2.630438,0.009281,-0.000018,0.000000,0.000000,0.000000,0.000000,0.000000,0.000000,1,0.00
3.738000,-0.008,-0.014697,-0.014697,4.321,7.00,-0.014042,0.016113,0.000058,-0.001473,0.008,0.010,4.160,-40.364,0.350,2.630476,0.009227,-0.000017,0.000000,0.000000,0.000000,0.000000,0.000000,0.000000,1,0.00
3.740000,-0.008,-0.014599,-0.014599,4.321,7.00,-0.014055,0.016015,0.000061,-0.001477,0.008,0.010,4.162,-40.360,0.350,2.630516,0.009171,-0.000017,0.000000,0.000000,0.000000,0.000000,0.000000,0.000000,1,0.00
3.742000,-0.008,-0.014663,-0.014663,4.321,7.00,-0.014066,0.015913,0.000064,-0.001315,0.008,0.010,4.164,-40.357,0.350,2.630556,0.009112,-0.000017,0.000000,0.000000,0.000000,0.000000,0.000000,0.000000,1,0.00
3.744000,-0.008,-0.014297,-0.014297,4.321,7.00,-0.014078,0.015808,0.000066,-0.001577,0.008,0.010,4.166,-40.354,0.350,2.630596,0.009052,-0.000017,0.000000,0.000000,0.000000,0.000000,0.000000,0.000000,1,0.00
3.746000,-0.008,-0.013869,-0.013869,4.321,7.00,-0.014082,0.015699,0.000068,-0.001898,0.008,0.009,4.168,-40.350,0.350,2.630638,0.008989,-0.000017,0.000000,0.000000,0.000000,0.000000,0.000000,0.000000,1,0.00
3.748000,-0.008,-0.013971,-0.013971,4.321,7.00,-0.014078,0.015584,0.000072,-0.001685,0.008,0.009,4.169,-40.347,0.350,2.630681,0.008923,-0.000017,0.000000,0.000000,0.000000,0.000000,0.000000,0.000000,1,0.00
3.750000,-0.008,-0.013818,-0.013818,4.321,7.00,-0.014076,0.015467,0.000075,-0.001724,0.008,0.009,4.171,-40.343,0.350,2.630724,0.008856,-0.000017,0.000000,0.000000,0.000000,0.000000,0.000000,0.000000,1,0.00
3.752000,-0.008,-0.013729,-0.013729,4.321,7.00,-0.014071,0.015346,0.000079,-0.001696,0.008,0.009,4.173,-40.340,0.350,2.630768,0.008787,-0.000017,0.000000,0.000000,0.000000,0.000000,0.000000,0.000000,1,0.00
3.754000,-0.008,-0.013662,-0.013662,4.321,7.00,-0.014064,0.015222,0.000082,-0.001641,0.008,0.009,4.175,-40.337,0.350,2.630811,0.008715,-0.000017,0.000000,0.000000,0.000000,0.000000,0.000000,0.000000,1,0.00
3.756000,-0.008,-0.013827,-0.013827,4.321,7.00,-0.014056,0.015094,0.000086,-0.001353,0.008,0.009,4.177,-40.333,0.350,2.630855,0.008642,-0.000017,0.000000,0.000000,0.000000,0.000000,0.000000,0.000000,1,0.00
3.758000,-0.007,-0.013416,-0.013416,4.321,7.00,-0.014051,0.014965,0.000088,-0.001636,0.008,0.009,4.179,-40.330,0.350,2.630898,0.008568,-0.000016,0.000000,0.000000,0.000000,0.000000,0.000000,0.000000,1,0.00
3.760000,-0.007,-0.013284,-0.013284,4.321,7.00,-0.014038,0.014830,0.000092,-0.001638,0.008,0.009,4.181,-40.326,0.350,2.630943,0.008490,-0.000016,0.000000,0.000000,0.000000,0.000000,0.000000,0.000000,1,0.00
3.762000,-0.007,-0.013050,-0.013050,4.321,7.00,-0.014023,0.014692,0.000095,-0.001737,0.008,0.009,4.183,-40.323,0.350,2.630988,0.008411,-0.000016,0.000000,0.000000,0.000000,0.000000,0.000000,0.000000,1,0.00
3.764000,-0.007,-0.013091,-0.013091,4.321,7.00,-0.014004,0.014551,0.000099,-0.001558,0.008,0.009,4.185,-40.320,0.350,2.631033,0.008330,-0.000016,0.000000,0.000000,0.000000,0.000000,0.000000,0.000000,1,0.00
3.766000,-0.007,-0.012827,-0.012827,4.321,7.00,-0.013986,0.014406,0.000102,-0.001682,0.007,0.009,4.187,-40.316,0.350,2.631079,0.008247,-0.000016,0.000000,0.000000,0.000000,0.000000,0.000000,0.000000,1,0.00
3.768000,-0.007,-0.012570,-0.012570,4.321,7.00,-0.013962,0.014258,0.000104,-0.001792,0.007,0.008,4.189,-40.313,0.350,2.631125,0.008162,-0.000016,0.000000,0.000000,0.000000,0.000000,0.000000,0.000000,1,0.00
3.770000,-0.007,-0.012102,-0.012102,4.321,7.00,-0.013934,0.014106,0.000106,-0.002110,0.007,0.008,4.191,-40.310,0.350,2.631172,0.008075,-0.000015,0.000000,0.000000,0.000000,0.000000,0.000000,0.000000,1,0.00
3.772000,-0.007,-0.011955,-0.011955,4.321,7.00,-0.013898,0.013949,0.000109,-0.002104,0.007,0.008,4.192,-40.306,0.350,2.631221,0.007985,-0.000015,0.000000,0.000000,0.000000,0.000000,0.000000,0.000000,1,0.00
3.774000,-0.007,-0.011651,-0.011651,4.321,7.00,-0.013859,0.013789,0.000112,-0.002250,0.007,0.008,4.194,-40.303,0.350,2.631270,0.007893,-0.000015,0.000000,0.000000,0.000000,0.000000,0.000000,0.000000,1,0.00
3.776000,-0.007,-0.011162,-0.011162,4.321,7.00,-0.013815,0.013625,0.000114,-0.002577,0.007,0.007,4.196,-40.299,0.350,2.631320,0.007799,-0.000015,0.000000,0.000000,0.000000,0.000000,0.000000,0.000000,1,0.00
3.778000,-0.007,-0.011327,-0.011327,4.321,7.00,-0.013762,0.013456,0.000118,-0.002247,0.007,0.008,4.198,-40.296,0.350,2.631371,0.007702,-0.000014,0.000000,0.000000,0.000000,0.000000,0.000000,0.000000,1,0.00
3.780000,-0.007,-0.011272,-0.011272,4.321,7.00,-0.013713,0.013286,0.000120,-0.002134,0.007,0.008,4.200,-40.293,0.350,2.631421,0.007605,-0.000014,0.000000,0.000000,0.000000,0.000000,0.000000,0.000000,1,0.00
3.782000,-0.007,-0.010751,-0.010751,4.321,7.00,-0.013664,0.013114,0.000122,-0.002484,0.007,0.007,4.202,-40.289,0.350,2.631471,0.007506,-0.000014,0.000000,0.000000,0.000000,0.000000,0.000000,0.000000,1,0.00
3.784000,-0.006,-0.010376,-0.010376,4.321,7.00,-0.013606,0.012936,0.000124,-0.002684,0.007,0.007,4.204,-40.286,0.350,2.631523,0.007404,-0.000014,0.000000,0.000000,0.000000,0.000000,0.000000,0.000000,1,0.00
3.786000,-0.006,-0.010209,-0.010209,4.321,7.00,-0.013541,0.012755,0.000125,-0.002671,0.007,0.007,4.206,-40.282,0.350,2.631576,0.007300,-0.000013,0.000000,0.000000,0.000000,0.000000,0.000000,0.000000,1,0.00
3.788000,-0.006,-0.009867,-0.009867,4.321,7.00,-0.013475,0.012570,0.000128,-0.002831,0.007,0.007,4.208,-40.279,0.350,2.631629,0.007194,-0.000013,0.000000,0.000000,0.000000,0.000000,0.000000,0.000000,1,0.00
3.790000,-0.006,-0.009194,-0.009194,4.321,7.00,-0.013403,0.012383,0.000129,-0.003318,0.007,0.006,4.210,-40.276,0.350,2.631683,0.007087,-0.000013,0.000000,0.000000,0.000000,0.000000,0.000000,0.000000,1,0.00
3.792000,-0.006,-0.009285,-0.009285,4.321,7.00,-0.013318,0.012190,0.000132,-0.003037,0.006,0.006,4.212,-40.272,0.350,2.631738,0.006976,-0.000012,0.000000,0.000000,0.000000,0.000000,0.000000,0.000000,1,0.00
3.794000,-0.006,-0.009160,-0.009160,4.321,7.00,-0.013238,0.011995,0.000134,-0.002970,0.006,0.006,4.213,-40.269,0.350,2.631793,0.006865,-0.000012,0.000000,0.000000,0.000000,0.000000,0.000000,0.000000,1,0.00
3.796000,-0.006,-0.008643,-0.008643,4.321,7.00,-0.013156,0.011799,0.000136,-0.003291,0.006,0.006,4.215,-40.265,0.350,2.631848,0.006752,-0.000012,0.000000,0.000000,0.000000,0.000000,0.000000,0.000000,1,0.00
3.798000,-0.006,-0.008060,-0.008060,4.321,7.00,-0.013066,0.011598,0.000137,-0.003674,0.006,0.005,4.217,-40.262,0.350,2.631903,0.006637,-0.000011,0.000000,0.000000,0.000000,0.000000,0.000000,0.000000,1,0.00
3.800000,-0.006,-0.011399,-0.011399,4.321,7.00,-0.012966,0.011392,0.000000,0.000007,0.000,0.008,4.219,-40.259,0.350,2.631961,0.006519,-0.000011,0.000000,0.000000,0.000000,0.000000,0.000000,0.000000,1,0.00
3.802000,-0.006,-0.010693,-0.010693,4.321,7.00,-0.012935,0.011201,0.000002,-0.000510,0.000,0.007,4.221,-40.255,0.350,2.632005,0.006410,-0.000010,0.000000,0.000000,0.000000,0.000000,0.000000,0.000000,1,0.00
3.804000,-0.006,-0.009523,-0.009523,4.321,7.00,-0.012890,0.011005,0.000003,-0.001485,0.000,0.006,4.223,-40.252,0.350,2.632052,0.006297,-0.000010,0.000000,0.000000,0.000000,0.000000,0.000000,0.000000,1,0.00
3.806000,-0.005,-0.008527,-0.008527,4.321,7.00,-0.012822,0.010801,0.000005,-0.002278,0.000,0.006,4.225,-40.249,0.350,2.632103,0.006181,-0.000010,0.000000,0.000000,0.000000,0.000000,0.000000,0.000000,1,0.00
3.808000,-0.005,-0.007921,-0.007921,4.321,7.00,-0.012737,0.010590,0.000007,-0.002677,0.006,0.005,4.227,-40.245,0.350,2.632158,0.006060,-0.000009,0.000000,0.000000,0.000000,0.000000,0.000000,0.000000,1,0.00
3.810000,-0.005,-0.007128,-0.007128,4.321,7.00,-0.012640,0.010375,0.000009,-0.003257,0.006,0.005,4.229,-40.242,0.350,2.632213,0.005937,-0.000009,0.000000,0.000000,0.000000,0.000000,0.000000,0.000000,1,0.00
3.812000,-0.005,-0.006485,-0.006485,4.321,7.00,-0.012530,0.010155,0.000010,-0.003681,0.006,0.004,4.231,-40.238,0.350,2.632271,0.005811,-0.000009,0.000000,0.000000,0.000000,0.000000,0.000000,0.000000,1,0.00
3.814000,-0.005,-0.006305,-0.006305,4.321,7.00,-0.012409,0.009931,0.000012,-0.003638,0.005,0.004,4.233,-40.235,0.350,2.632331,0.005682,-0.000008,0.000000,0.000000,0.000000,0.000000,0.000000,0.000000,1,0.00
3.816000,-0.005,-0.006443,-0.006443,4.321,7.00,-0.012287,0.009704,0.000014,-0.003276,0.005,0.004,4.235,-40.232,0.350,2.632390,0.005553,-0.000008,0.000000,0.000000,0.000000,0.000000,0.000000,0.000000,1,0.00
3.818000,-0.005,-0.006022,-0.006022,4.321,7.00,-0.012170,0.009477,0.000016,-0.003471,0.005,0.004,4.237,-40.228,0.350,2.632448,0.005423,-0.000008,0.000000,0.000000,0.000000,0.000000,0.000000,0.000000,1,0.00
3.820000,-0.005,-0.005302,-0.005302,4.321,7.00,-0.012047,0.009247,0.000017,-0.003963,0.005,0.004,4.238,-40.225,0.350,2.632507,0.005291,-0.000007,0.000000,0.000000,0.000000,0.000000,0.000000,0.000000,1,0.00
3.822000,-0.005,-0.005566,-0.005566,4.321,7.00,-0.011912,0.009013,0.000019,-0.003466,0.005,0.004,4.240,-40.222,0.350,2.632568,0.005157,-0.000007,0.000000,0.000000,0.000000,0.000000,0.000000,0.000000,1,0.00
3.824000,-0.004,-0.005723,-0.005723,4.321,7.00,-0.011786,0.008779,0.000021,-0.003077,0.005,0.004,4.242,-40.218,0.350,2.632627,0.005023,-0.000006,0.000000,0.000000,0.000000,0.000000,0.000000,0.000000,1,0.00
3.826000,-0.004,-0.004970,-0.004970,4.321,7.00,-0.011664,0.008544,0.000022,-0.003597,0.005,0.003,4.244,-40.215,0.350,2.632684,0.004889,-0.000006,0.000000,0.000000,0.000000,0.000000,0.000000,0.000000,1,0.00
3.828000,-0.004,-0.004454,-0.004454,4.321,7.00,-0.011531,0.008306,0.000024,-0.003875,0.005,0.003,4.246,-40.211,0.350,2.632743,0.004752,-0.000005,0.000000,0.000000,0.000000,0.000000,0.000000,0.000000,1,0.00
3.830000,-0.004,-0.004360,-0.004360,4.321,7.00,-0.011389,0.008064,0.000025,-0.003728,0.005,0.003,4.248,-40.208,0.350,2.632804,0.004614,-0.000005,0.000000,0.000000,0.000000,0.000000,0.000000,0.000000,1,0.00
3.832000,-0.004,-0.003875,-0.003875,4.321,7.00,-0.011248,0.007820,0.000026,-0.003972,0.004,0.003,4.250,-40.205,0.350,2.632863,0.004475,-0.000005,0.000000,0.000000,0.000000,0.000000,0.000000,0.000000,1,0.00
3.834000,-0.004,-0.003618,-0.003618,4.321,7.00,-0.011101,0.007574,0.000028,-0.003984,0.004,0.002,4.252,-40.201,0.350,2.632924,0.004334,-0.000004,0.000000,0.000000,0.000000,0.000000,0.000000,0.000000,1,0.00
3.836000,-0.004,-0.003646,-0.003646,4.321,7.00,-0.010951,0.007326,0.000029,-0.003709,0.004,0.002,4.254,-40.198,0.350,2.632984,0.004192,-0.000004,0.000000,0.000000,0.000000,0.000000,0.000000,0.000000,1,0.00
3.838000,-0.004,-0.003568,-0.003568,4.321,7.00,-0.010805,0.007078,0.000030,-0.003541,0.004,0.002,4.256,-40.194,0.350,2.633044,0.004050,-0.000003,0.000000,0.000000,0.000000,0.000000,0.000000,0.000000,1,0.00
3.840000,-0.003,-0.003139,-0.003139,4.321,7.00,-0.010661,0.006829,0.000031,-0.003721,0.004,0.002,4.258,-40.191,0.350,2.633102,0.003908,-0.000003,0.000000,0.000000,0.000000,0.000000,0.000000,0.000000,1,0.00
3.842000,-0.003,-0.002598,-0.002598,4.321,7.00,-0.010510,0.006577,0.000032,-0.004011,0.004,0.002,4.260,-40.188,0.350,2.633162,0.003764,-0.000002,0.000000,0.000000,0.000000,0.000000,0.000000,0.000000,1,0.00
3.844000,-0.003,-0.002374,-0.002374,4.321,7.00,-0.010352,0.006323,0.000033,-0.003982,0.004,0.002,4.261,-40.184,0.350,2.633222,0.003618,-0.000002,0.000000,0.000000,0.000000,0.000000,0.000000,0.000000,1,0.00
3.846000,-0.003,-0.002085,-0.002085,4.321,7.00,-0.010193,0.006067,0.000034,-0.004016,0.004,0.001,4.263,-40.181,0.350,2.633282,0.003472,-0.000001,0.000000,0.000000,0.000000,0.000000,0.000000,0.000000,1,0.00
3.848000,-0.003,-0.001564,-0.001564,4.321,7.00,-0.010030,0.005810,0.000035,-0.004281,0.003,0.001,4.265,-40.178,0.350,2.633342,0.003325,-0.000001,0.000000,0.000000,0.000000,0.000000,0.000000,0.000000,1,0.00
3.850000,-0.003,-0.001973,-0.001973,4.321,7.00,-0.009861,0.005550,0.000037,-0.003614,0.003,0.001,4.267,-40.174,0.350,2.633402,0.003176,-0.000001,0.000000,0.000000,0.000000,0.000000,0.000000,0.000000,1,0.00
3.852000,-0.003,-0.001968,-0.001968,4.321,7.00,-0.009703,0.005292,0.000038,-0.003362,0.003,0.001,4.269,-40.171,0.350,2.633461,0.003028,-0.000000,0.000000,0.000000,0.000000,0.000000,0.000000,0.000000,1,0.00
3.854000,-0.003,-0.000873,-0.000873,4.321,7.00,-0.009549,0.005033,0.000038,-0.004199,0.003,0.001,4.271,-40.167,0.350,2.633518,0.002881,0.000001,0.000000,0.000000,0.000000,0.000000,0.000000,0.000000,1,0.00
3.856000,-0.002,-0.000408,-0.000408,4.321,7.00,-0.009375,0.004770,0.000039,-0.004401,0.003,0.000,4.273,-40.164,0.350,2.633578,0.002731,0.000002,0.000000,0.000000,0.000000,0.000000,0.000000,0.000000,1,0.00
3.858000,-0.002,-0.000532,-0.000532,4.321,7.00,-0.009196,0.004504,0.000040,-0.004013,0.003,0.000,4.275,-40.161,0.350,2.633640,0.002579,0.000003,0.000000,0.000000,0.000000,0.000000,0.000000,0.000000,1,0.00
3.860000,-0.002,0.000034,0.000034,4.321,7.00,-0.009023,0.004239,0.000041,-0.004315,0.003,0.000,4.277,-40.157,0.350,2.633700,0.002428,0.000004,0.000000,0.000000,0.000000,0.000000,0.000000,0.000000,1,0.00
3.862000,-0.002,0.000251,0.000251,4.321,7.00,-0.008842,0.003970,0.000042,-0.004262,0.003,0.000,4.279,-40.154,0.350,2.633762,0.002274,0.000005,0.000000,0.000000,0.000000,0.000000,0.000000,0.000000,1,0.00
3.864000,-0.002,-0.000123,-0.000123,4.321,7.00,-0.008660,0.003700,0.000042,-0.003619,0.002,0.000,4.281,-40.150,0.350,2.633824,0.002120,0.000006,0.000000,0.000000,0.000000,0.000000,0.000000,0.000000,1,0.00
3.866000,-0.002,0.000047,0.000047,4.321,7.00,-0.008489,0.003432,0.000043,-0.003522,0.002,0.000,4.283,-40.147,0.350,2.633884,0.001967,0.000006,0.000000,0.000000,0.000000,0.000000,0.000000,0.000000,1,0.00
3.868000,-0.002,0.001157,0.001157,4.321,7.00,-0.008318,0.003163,0.000043,-0.004364,0.002,0.001,4.285,-40.144,0.350,2.633942,0.001814,0.000007,0.000000,0.000000,0.000000,0.000000,0.000000,0.000000,1,0.00
3.870000,-0.001,0.001280,0.001280,4.321,7.00,-0.008129,0.002889,0.000044,-0.004213,0.002,0.001,4.286,-40.140,0.350,2.634004,0.001657,0.000007,0.000000,0.000000,0.000000,0.000000,0.000000,0.000000,1,0.00
3.872000,-0.001,0.001577,0.001577,4.321,7.00,-0.007941,0.002615,0.000044,-0.004236,0.002,0.001,4.288,-40.137,0.350,2.634064,0.001500,0.000007,0.000000,0.000000,0.000000,0.000000,0.000000,0.000000,1,0.00
3.874000,-0.001,0.002368,0.002368,4.321,7.00,-0.007751,0.002342,0.000045,-0.004754,0.002,0.002,4.290,-40.134,0.350,2.634124,0.001344,0.000007,0.000000,0.000000,0.000000,0.000000,0.000000,0.000000,1,0.00
3.876000,-0.001,0.003197,0.003197,4.321,7.00,-0.007548,0.002067,0.000045,-0.005308,0.002,0.002,4.292,-40.130,0.350,2.634185,0.001186,0.000007,0.000000,0.000000,0.000000,0.000000,0.000000,0.000000,1,0.00
3.878000,-0.001,0.002633,0.002633,4.321,7.00,-0.007333,0.001788,0.000045,-0.004467,0.001,0.002,4.294,-40.127,0.350,2.634247,0.001027,0.000007,0.000000,0.000000,0.000000,0.000000,0.000000,0.000000,1,0.00
3.880000,-0.001,0.003014,0.003014,4.321,7.00,-0.007134,0.001514,0.000046,-0.004573,0.001,0.002,4.296,-40.123,0.350,2.634306,0.000870,0.000007,0.000000,0.000000,0.000000,0.000000,0.000000,0.000000,1,0.00
3.882000,-0.001,0.003946,0.003946,4.321,7.00,-0.006931,0.001239,0.000046,-0.005230,0.001,0.003,4.298,-40.120,0.350,2.634365,0.000712,0.000007,0.000000,0.000000,0.000000,0.000000,0.000000,0.000000,1,0.00
3.884000,-0.000,0.003555,0.003555,4.321,7.00,-0.006714,0.000960,0.000046,-0.004560,0.001,0.002,4.300,-40.117,0.350,2.634425,0.000553,0.000007,0.000000,0.000000,0.000000,0.000000,0.000000,0.000000,1,0.00
3.886000,-0.000,0.003154,0.003154,4.321,7.00,-0.006508,0.000684,0.000046,-0.003884,0.001,0.002,4.302,-40.113,0.350,2.634483,0.000395,0.000007,0.000000,0.000000,0.000000,0.000000,0.000000,0.000000,1,0.00
3.888000,-0.000,0.003939,0.003939,4.321,7.00,-0.006315,0.000411,0.000046,-0.004396,0.001,0.003,4.304,-40.110,0.350,2.634538,0.000239,0.000007,0.000000,0.000000,0.000000,0.000000,0.000000,0.000000,1,0.00
3.890000,-0.000,0.004598,0.004598,4.321,7.00,-0.006110,0.000135,0.000046,-0.004779,0.001,0.003,4.306,-40.107,0.350,2.634595,0.000081,0.000007,0.000000,0.000000,0.000000,0.000000,0.000000,0.000000,1,0.00
3.892000,0.000,0.004104,0.004104,4.321,7.00,-0.005896,-0.000142,0.000046,-0.004008,0.000,0.003,4.308,-40.103,0.350,2.634653,-0.000078,0.000007,0.000000,0.000000,0.000000,0.000000,0.000000,0.000000,1,0.00
3.894000,0.000,0.004440,0.004440,4.321,7.00,-0.005696,-0.000416,0.000046,-0.004070,0.000,0.003,4.310,-40.100,0.350,2.634707,-0.000234,0.000007,0.000000,0.000000,0.000000,0.000000,0.000000,0.000000,1,0.00
3.896000,0.000,0.005154,0.005154,4.321,7.00,-0.005493,-0.000691,0.000046,-0.004509,0.000,0.003,4.312,-40.096,0.350,2.634762,-0.000391,0.000007,0.000000,0.000000,0.000000,0.000000,0.000000,0.000000,1,0.00
3.898000,0.000,0.004840,0.004840,4.321,7.00,-0.005280,-0.000968,0.000046,-0.003918,0.000,0.003,4.313,-40.093,0.350,2.634817,-0.000549,0.000007,0.000000,0.000000,0.000000,0.000000,0.000000,0.000000,1,0.00
3.900000,0.001,0.001242,0.001242,4.321,7.00,-0.005078,-0.001241,0.000000,-0.000001,0.000,0.001,4.315,-40.090,0.350,2.634870,-0.000706,0.000007,0.000000,0.000000,0.000000,0.000000,0.000000,0.000000,1,0.00
3.902000,0.001,0.002647,0.002647,4.321,7.00,-0.004952,-0.001496,-0.000000,-0.001151,0.000,0.002,4.317,-40.086,0.350,2.634908,-0.000852,0.000007,0.000000,0.000000,0.000000,0.000000,0.000000,0.000000,1,0.00
3.904000,0.001,0.003679,0.003679,4.321,7.00,-0.004800,-0.001757,-0.000000,-0.001921,0.000,0.002,4.319,-40.083,0.350,2.634951,-0.001001,0.000007,0.000000,0.000000,0.000000,0.000000,0.000000,0.000000,1,0.00
3.906000,0.001,0.004829,0.004829,4.321,7.00,-0.004630,-0.002022,-0.000001,-0.002806,0.000,0.003,4.321,-40.080,0.350,2.634997,-0.001152,0.000008,0.000000,0.000000,0.000000,0.000000,0.000000,0.000000,1,0.00
3.908000,0.001,0.005730,0.005730,4.321,7.00,-0.004441,-0.002292,-0.000001,-0.003437,-0.001,0.004,4.323,-40.076,0.350,2.635046,-0.001306,0.000008,0.000000,0.000000,0.000000,0.000000,0.000000,0.000000,1,0.00
3.910000,0.001,0.006611,0.006611,4.321,7.00,-0.004238,-0.002564,-0.000002,-0.004045,-0.001,0.004,4.325,-40.073,0.350,2.635097,-0.001462,0.000008,0.000000,0.000000,0.000000,0.000000,0.000000,0.000000,1,0.00
3.912000,0.001,0.006513,0.006513,4.321,7.00,-0.004021,-0.002839,-0.000002,-0.003671,-0.001,0.004,4.327,-40.069,0.350,2.635149,-0.001619,0.000009,0.000000,0.000000,0.000000,0.000000,0.000000,0.000000,1,0.00
3.914000,0.002,0.006524,0.006524,4.321,7.00,-0.003810,-0.003112,-0.000003,-0.003409,-0.001,0.004,4.329,-40.066,0.350,2.635200,-0.001774,0.000009,0.000000,0.000000,0.000000,0.000000,0.000000,0.000000,1,0.00
3.916000,0.002,0.006828,0.006828,4.321,7.00,-0.003604,-0.003383,-0.000004,-0.003442,-0.001,0.005,4.331,-40.063,0.350,2.635249,-0.001929,0.000009,0.000000,0.000000,0.000000,0.000000,0.000000,0.000000,1,0.00
3.918000,0.002,0.007259,0.007259,4.321,7.00,-0.003395,-0.003653,-0.000004,-0.003602,-0.001,0.005,4.333,-40.059,0.350,2.635298,-0.002084,0.000009,0.000000,0.000000,0.000000,0.000000,0.000000,0.000000,1,0.00
3.920000,0.002,0.007684,0.007684,4.321,7.00,-0.003182,-0.003924,-0.000005,-0.003755,-0.001,0.005,4.335,-40.056,0.350,2.635347,-0.002238,0.000009,0.000000,0.000000,0.000000,0.000000,0.000000,0.000000,1,0.00
3.922000,0.002,0.007840,0.007840,4.321,7.00,-0.002965,-0.004195,-0.000006,-0.003638,-0.002,0.005,4.337,-40.053,0.350,2.635397,-0.002393,0.000010,0.000000,0.000000,0.000000,0.000000,0.000000,0.000000,1,0.00
3.924000,0.002,0.008387,0.008387,4.321,7.00,-0.002749,-0.004465,-0.000007,-0.003915,-0.002,0.006,4.338,-40.049,0.350,2.635445,-0.002547,0.000010,0.000000,0.000000,0.000000,0.000000,0.000000,0.000000,1,0.00
3.926000,0.002,0.008497,0.008497,4.321,7.00,-0.002526,-0.004735,-0.000007,-0.003754,-0.002,0.006,4.340,-40.046,0.350,2.635494,-0.002702,0.000010,0.000000,0.000000,0.000000,0.000000,0.000000,0.000000,1,0.00
3.928000,0.003,0.009201,0.009201,4.321,7.00,-0.002305,-0.005004,-0.000008,-0.004189,-0.002,0.006,4.342,-40.042,0.350,2.635542,-0.002855,0.000010,0.000000,0.000000,0.000000,0.000000,0.000000,0.000000,1,0.00
3.930000,0.003,0.009272,0.009272,4.321,7.00,-0.002075,-0.005274,-0.000009,-0.003989,-0.002,0.006,4.344,-40.039,0.350,2.635592,-0.003009,0.000010,0.000000,0.000000,0.000000,0.000000,0.000000,0.000000,1,0.00
3.932000,0.003,0.009513,0.009513,4.321,7.00,-0.001848,-0.005542,-0.000010,-0.003961,-0.002,0.006,4.346,-40.036,0.350,2.635639,-0.003162,0.000010,0.000000,0.000000,0.000000,0.000000,0.000000,0.000000,1,0.00
3.934000,0.003,0.009767,0.009767,4.321,7.00,-0.001621,-0.005808,-0.000011,-0.003947,-0.002,0.007,4.348,-40.032,0.350,2.635686,-0.003315,0.000010,0.000000,0.000000,0.000000,0.000000,0.000000,0.000000,1,0.00
3.936000,0.003,0.009806,0.009806,4.321,7.00,-0.001394,-0.006074,-0.000013,-0.003719,-0.003,0.007,4.350,-40.029,0.350,2.635733,-0.003466,0.000010,0.000000,0.000000,0.000000,0.000000,0.000000,0.000000,1,0.00
3.938000,0.003,0.009457,0.009457,4.321,7.00,-0.001170,-0.006337,-0.000014,-0.003105,-0.003,0.006,4.352,-40.025,0.350,2.635778,-0.003617,0.000010,0.000000,0.000000,0.000000,0.000000,0.000000,0.000000,1,0.00
3.940000,0.003,0.009744,0.009744,4.321,7.00,-0.000957,-0.006596,-0.000016,-0.003132,-0.003,0.006,4.354,-40.022,0.350,2.635820,-0.003765,0.000009,0.000000,0.000000,0.000000,0.000000,0.000000,0.000000,1,0.00
3.942000,0.003,0.010130,0.010130,4.321,7.00,-0.000743,-0.006854,-0.000017,-0.003258,-0.003,0.007,4.356,-40.019,0.350,2.635862,-0.003912,0.000009,0.000000,0.000000,0.000000,0.000000,0.000000,0.000000,1,0.00
3.944000,0.004,0.010096,0.010096,4.321,7.00,-0.000526,-0.007112,-0.000019,-0.002965,-0.003,0.007,4.358,-40.015,0.350,2.635904,-0.004060,0.000009,0.000000,0.000000,0.000000,0.000000,0.000000,0.000000,1,0.00
3.946000,0.004,0.010752,0.010752,4.321,7.00,-0.000313,-0.007367,-0.000020,-0.003365,-0.003,0.007,4.360,-40.012,0.350,2.635945,-0.004205,0.000009,0.000000,0.000000,0.000000,0.000000,0.000000,0.000000,1,0.00
3.948000,0.004,0.011475,0.011475,4.321,7.00,-0.000092,-0.007623,-0.000021,-0.003831,-0.003,0.008,4.362,-40.009,0.350,2.635986,-0.004352,0.000009,0.000000,0.000000,0.000000,0.000000,0.000000,0.000000,1,0.00
3.950000,0.004,0.011627,0.011627,4.321,7.00,0.000139,-0.007879,-0.000023,-0.003725,-0.003,0.008,4.363,-40.005,0.350,2.636029,-0.004498,0.000009,0.000000,0.000000,0.000000,0.000000,0.000000,0.000000,1,0.00
3.952000,0.004,0.012191,0.012191,4.321,7.00,0.000369,-0.008134,-0.000024,-0.004033,-0.004,0.008,4.365,-40.002,0.350,2.636070,-0.004644,0.000009,0.000000,0.000000,0.000000,0.000000,0.000000,0.000000,1,0.00
3.954000,0.004,0.013162,0.013162,4.321,7.00,0.000605,-0.008389,-0.000025,-0.004749,-0.004,0.009,4.367,-39.998,0.350,2.636112,-0.004789,0.000009,0.000000,0.000000,0.000000,0.000000,0.000000,0.000000,1,0.00
3.956000,0.004,0.012981,0.012981,4.321,7.00,0.000857,-0.008645,-0.000027,-0.004309,-0.004,0.009,4.369,-39.995,0.350,2.636157,-0.004935,0.000008,0.000000,0.000000,0.000000,0.000000,0.000000,0.000000,1,0.00
3.958000,0.004,0.013219,0.013219,4.321,7.00,0.001099,-0.008897,-0.000028,-0.004293,-0.004,0.009,4.371,-39.992,0.350,2.636198,-0.005080,0.000008,0.000000,0.000000,0.000000,0.000000,0.000000,0.000000,1,0.00
3.960000,0.005,0.013470,0.013470,4.321,7.00,0.001341,-0.009148,-0.000030,-0.004291,-0.004,0.009,4.373,-39.988,0.350,2.636239,-0.005223,0.000008,0.000000,0.000000,0.000000,0.000000,0.000000,0.000000,1,0.00
3.962000,0.005,0.013362,0.013362,4.321,7.00,0.001584,-0.009396,-0.000032,-0.003933,-0.004,0.009,4.375,-39.985,0.350,2.636280,-0.005365,0.000008,0.000000,0.000000,0.000000,0.000000,0.000000,0.000000,1,0.00
3.964000,0.005,0.013758,0.013758,4.321,7.00,0.001819,-0.009641,-0.000033,-0.004083,-0.004,0.009,4.377,-39.982,0.350,2.636318,-0.005505,0.000008,0.000000,0.000000,0.000000,0.000000,0.000000,0.000000,1,0.00
3.966000,0.005,0.014748,0.014748,4.321,7.00,0.002058,-0.009885,-0.000034,-0.004829,-0.004,0.010,4.379,-39.978,0.350,2.636356,-0.005644,0.000007,0.000000,0.000000,0.000000,0.000000,0.000000,0.000000,1,0.00
3.968000,0.005,0.014435,0.014435,4.321,7.00,0.002312,-0.010131,-0.000036,-0.004267,-0.005,0.010,4.381,-39.975,0.350,2.636396,-0.005785,0.000007,0.000000,0.000000,0.000000,0.000000,0.000000,0.000000,1,0.00
3.970000,0.005,0.014894,0.014894,4.321,7.00,0.002554,-0.010371,-0.000038,-0.004484,-0.005,0.010,4.383,-39.971,0.350,2.636433,-0.005922,0.000007,0.000000,0.000000,0.000000,0.000000,0.000000,0.000000,1,0.00
3.972000,0.005,0.015684,0.015684,4.321,7.00,0.002801,-0.010611,-0.000039,-0.005034,-0.005,0.010,4.385,-39.968,0.350,2.636471,-0.006059,0.000006,0.000000,0.000000,0.000000,0.000000,0.000000,0.000000,1,0.00
3.974000,0.005,0.015769,0.015769,4.321,7.00,0.003059,-0.010851,-0.000040,-0.004877,-0.005,0.011,4.386,-39.965,0.350,2.636509,-0.006196,0.000006,0.000000,0.000000,0.000000,0.000000,0.000000,0.000000,1,0.00
3.976000,0.006,0.015265,0.015265,4.321,7.00,0.003313,-0.011088,-0.000043,-0.004134,-0.005,0.010,4.388,-39.961,0.350,2.636547,-0.006332,0.000006,0.000000,0.000000,0.000000,0.000000,0.000000,0.000000,1,0.00
3.978000,0.006,0.015638,0.015638,4.321,7.00,0.003552,-0.011319,-0.000045,-0.004274,-0.005,0.010,4.390,-39.958,0.350,2.636580,-0.006464,0.000005,0.000000,0.000000,0.000000,0.000000,0.000000,0.000000,1,0.00
3.980000,0.006,0.016263,0.016263,4.321,7.00,0.003794,-0.011548,-0.000046,-0.004669,-0.005,0.011,4.392,-39.954,0.350,2.636614,-0.006595,0.000005,0.000000,0.000000,0.000000,0.000000,0.000000,0.000000,1,0.00
3.982000,0.006,0.016174,0.016174,4.321,7.00,0.004043,-0.011777,-0.000048,-0.004349,-0.005,0.011,4.394,-39.951,0.350,2.636648,-0.006726,0.000005,0.000000,0.000000,0.000000,0.000000,0.000000,0.000000,1,0.00
3.984000,0.006,0.015697,0.015697,4.321,7.00,0.004286,-0.012002,-0.000051,-0.003645,-0.006,0.010,4.396,-39.948,0.350,2.636680,-0.006854,0.000004,0.000000,0.000000,0.000000,0.000000,0.000000,0.000000,1,0.00
3.986000,0.006,0.016070,0.016070,4.321,7.00,0.004514,-0.012221,-0.000053,-0.003796,-0.006,0.011,4.398,-39.944,0.350,2.636708,-0.006980,0.000004,0.000000,0.000000,0.000000,0.000000,0.000000,0.000000,1,0.00
3.988000,0.006,0.016892,0.016892,4.321,7.00,0.004745,-0.012438,-0.000054,-0.004400,-0.006,0.011,4.400,-39.941,0.350,2.636737,-0.007104,0.000003,0.000000,0.000000,0.000000,0.000000,0.000000,0.000000,1,0.00
3.990000,0.006,0.016421,0.016421,4.321,7.00,0.004988,-0.012656,-0.000057,-0.003708,-0.006,0.011,4.402,-39.938,0.350,2.636767,-0.007228,0.000003,0.000000,0.000000,0.000000,0.000000,0.000000,0.000000,1,0.00
3.992000,0.006,0.016212,0.016212,4.321,7.00,0.005217,-0.012868,-0.000060,-0.003284,-0.006,0.011,4.404,-39.934,0.350,2.636794,-0.007350,0.000002,0.000000,0.000000,0.000000,0.000000,0.000000,0.000000,1,0.00
3.994000,0.007,0.016982,0.016982,4.321,7.00,0.005436,-0.013075,-0.000061,-0.003846,-0.006,0.011,4.406,-39.931,0.350,2.636818,-0.007468,0.000002,0.000000,0.000000,0.000000,0.000000,0.000000,0.000000,1,0.00
3.996000,0.007,0.016973,0.016973,4.321,7.00,0.005667,-0.013283,-0.000064,-0.003626,-0.006,0.011,4.408,-39.927,0.350,2.636844,-0.007587,0.000002,0.000000,0.000000,0.000000,0.000000,0.000000,0.000000,1,0.00
3.998000,0.007,0.016461,0.016461,4.321,7.00,0.005893,-0.013487,-0.000067,-0.002907,-0.006,0.011,4.409,-39.924,0.350,2.636868,-0.007703,0.000001,0.000000,0.000000,0.000000,0.000000,0.000000,0.000000,1,0.00
4.000000,0.007,0.013692,0.013692,4.321,7.00,0.006105,-0.013684,0.000000,-0.000008,0.000,0.009,4.411,-39.921,0.350,2.636889,-0.007816,0.000001,0.000000,0.000000,0.000000,0.000000,0.000000,0.000000,1,0.00
4.002000,0.007,0.014773,0.014773,4.321,7.00,0.006257,-0.013865,-0.000001,-0.000907,0.000,0.010,4.413,-39.917,0.350,2.636898,-0.007920,-0.000000,0.000000,0.000000,0.000000,0.000000,0.000000,0.000000,1,0.00
4.004000,0.007,0.015684,0.015684,4.321,7.00,0.006427,-0.014047,-0.000003,-0.001633,0.000,0.010,4.415,-39.914,0.350,2.636910,-0.008024,-0.000001,0.000000,0.000000,0.000000,0.000000,0.000000,0.000000,1,0.00
4.006000,0.007,0.016199,0.016199,4.321,7.00,0.006612,-0.014231,-0.000007,-0.001961,0.000,0.011,4.417,-39.910,0.350,2.636925,-0.008130,-0.000001,0.000000,0.000000,0.000000,0.000000,0.000000,0.000000,1,0.00
4.008000,0.007,0.017150,0.017150,4.321,7.00,0.006804,-0.014414,-0.000009,-0.002727,-0.007,0.011,4.419,-39.907,0.350,2.636940,-0.008234,-0.000001,0.000000,0.000000,0.000000,0.000000,0.000000,0.000000,1,0.00
4.010000,0.007,0.018131,0.018131,4.321,7.00,0.007011,-0.014598,-0.000011,-0.003522,-0.007,0.012,4.421,-39.904,0.350,2.636957,-0.008339,-0.000001,0.000000,0.000000,0.000000,0.000000,0.000000,0.000000,1,0.00
4.012000,0.007,0.017716,0.017716,4.321,7.00,0.007233,-0.014784,-0.000015,-0.002917,-0.007,0.012,4.423,-39.900,0.350,2.636976,-0.008445,-0.000002,0.000000,0.000000,0.000000,0.000000,0.000000,0.000000,1,0.00
4.014000,0.007,0.018023,0.018023,4.321,7.00,0.007443,-0.014963,-0.000017,-0.003043,-0.007,0.012,4.425,-39.897,0.350,2.636993,-0.008548,-0.000002,0.000000,0.000000,0.000000,0.000000,0.000000,0.000000,1,0.00
4.016000,0.008,0.018548,0.018548,4.321,7.00,0.007654,-0.015140,-0.000019,-0.003390,-0.007,0.012,4.427,-39.894,0.350,2.637009,-0.008649,-0.000002,0.000000,0.000000,0.000000,0.000000,0.000000,0.000000,1,0.00
4.018000,0.008,0.018274,0.018274,4.321,7.00,0.007872,-0.015315,-0.000023,-0.002936,-0.007,0.012,4.429,-39.890,0.350,2.637026,-0.008749,-0.000003,0.000000,0.000000,0.000000,0.000000,0.000000,0.000000,1,0.00
4.020000,0.008,0.018274,0.018274,4.321,7.00,0.008080,-0.015486,-0.000025,-0.002763,-0.007,0.012,4.431,-39.887,0.350,2.637040,-0.008847,-0.000003,0.000000,0.000000,0.000000,0.000000,0.000000,0.000000,1,0.00
4.022000,0.008,0.018353,0.018353,4.321,7.00,0.008284,-0.015652,-0.000032,-0.002669,-0.007,0.012,4.432,-39.883,0.350,2.637053,-0.008942,-0.000004,0.000000,0.000000,0.000000,0.000000,0.000000,0.000000,1,0.00
4.024000,0.008,0.018375,0.018375,4.321,7.00,0.008485,-0.015815,-0.000033,-0.002526,-0.008,0.012,4.434,-39.880,0.350,2.637065,-0.009035,-0.000004,0.000000,0.000000,0.000000,0.000000,0.000000,0.000000,1,0.00
4.026000,0.008,0.018708,0.018708,4.321,7.00,0.008683,-0.015974,-0.000035,-0.002699,-0.008,0.012,4.436,-39.877,0.350,2.637075,-0.009126,-0.000005,0.000000,0.000000,0.000000,0.000000,0.000000,0.000000,1,0.00
4.028000,0.008,0.018885,0.018885,4.321,7.00,0.008884,-0.016130,-0.000039,-0.002715,-0.008,0.013,4.438,-39.873,0.350,2.637085,-0.009216,-0.000005,0.000000,0.000000,0.000000,0.000000,0.000000,0.000000,1,0.00
4.030000,0.008,0.018853,0.018853,4.321,7.00,0.009084,-0.016284,-0.000042,-0.002527,-0.008,0.013,4.440,-39.870,0.350,2.637095,-0.009304,-0.000006,0.000000,0.000000,0.000000,0.000000,0.000000,0.000000,1,0.00
4.032000,0.008,0.019514,0.019514,4.321,7.00,0.009279,-0.016434,-0.000043,-0.003037,-0.008,0.013,4.442,-39.866,0.350,2.637103,-0.009390,-0.000006,0.000000,0.000000,0.000000,0.000000,0.000000,0.000000,1,0.00
4.034000,0.008,0.019571,0.019571,4.321,7.00,0.009484,-0.016583,-0.000045,-0.002943,-0.008,0.013,4.444,-39.863,0.350,2.637113,-0.009475,-0.000007,0.000000,0.000000,0.000000,0.000000,0.000000,0.000000,1,0.00
4.036000,0.008,0.019188,0.019188,4.321,7.00,0.009685,-0.016728,-0.000049,-0.002411,-0.008,0.013,4.446,-39.860,0.350,2.637121,-0.009558,-0.000007,0.000000,0.000000,0.000000,0.000000,0.000000,0.000000,1,0.00
4.038000,0.008,0.019387,0.019387,4.321,7.00,0.009875,-0.016867,-0.000052,-0.002468,-0.008,0.013,4.448,-39.856,0.350,2.637126,-0.009638,-0.000008,0.000000,0.000000,0.000000,0.000000,0.000000,0.000000,1,0.00
4.040000,0.009,0.019661,0.019661,4.321,7.00,0.010066,-0.017003,-0.000054,-0.002604,-0.008,0.013,4.450,-39.853,0.350,2.637131,-0.009716,-0.000009,0.000000,0.000000,0.000000,0.000000,0.000000,0.000000,1,0.00
4.042000,0.009,0.019702,0.019702,4.321,7.00,0.010258,-0.017136,-0.000056,-0.002509,-0.008,0.013,4.452,-39.850,0.350,2.637136,-0.009792,-0.000009,0.000000,0.000000,0.000000,0.000000,0.000000,0.000000,1,0.00
4.044000,0.009,0.019497,0.019497,4.321,7.00,0.010446,-0.017266,-0.000060,-0.002171,-0.008,0.013,4.453,-39.846,0.350,2.637140,-0.009867,-0.000010,0.000000,0.000000,0.000000,0.000000,0.000000,0.000000,1,0.00
4.046000,0.009,0.019691,0.019691,4.321,7.00,0.010627,-0.017390,-0.000063,-0.002238,-0.008,0.013,4.455,-39.843,0.350,2.637141,-0.009938,-0.000010,0.000000,0.000000,0.000000,0.000000,0.000000,0.000000,1,0.00
4.048000,0.009,0.020019,0.020019,4.321,7.00,0.010809,-0.017512,-0.000065,-0.002443,-0.009,0.013,4.457,-39.839,0.350,2.637142,-0.010008,-0.000011,0.000000,0.000000,0.000000,0.000000,0.000000,0.000000,1,0.00
4.050000,0.009,0.020084,0.020084,4.321,7.00,0.010993,-0.017631,-0.000067,-0.002386,-0.009,0.013,4.459,-39.836,0.350,2.637143,-0.010076,-0.000011,0.000000,0.000000,0.000000,0.000000,0.000000,0.000000,1,0.00
4.052000,0.009,0.019833,0.019833,4.321,7.00,0.011175,-0.017746,-0.000071,-0.002015,-0.009,0.013,4.461,-39.833,0.350,2.637143,-0.010142,-0.000012,0.000000,0.000000,0.000000,0.000000,0.000000,0.000000,1,0.00
4.054000,0.009,0.019988,0.019988,4.321,7.00,0.011348,-0.017856,-0.000074,-0.002057,-0.009,0.013,4.463,-39.829,0.350,2.637141,-0.010205,-0.000012,0.000000,0.000000,0.000000,0.000000,0.000000,0.000000,1,0.00
4.056000,0.009,0.020195,0.020195,4.321,7.00,0.011521,-0.017963,-0.000076,-0.002155,-0.009,0.013,4.465,-39.826,0.350,2.637138,-0.010267,-0.000013,0.000000,0.000000,0.000000,0.000000,0.000000,0.000000,1,0.00
4.058000,0.009,0.020289,0.020289,4.321,7.00,0.011694,-0.018067,-0.000078,-0.002144,-0.009,0.014,4.467,-39.822,0.350,2.637135,-0.010326,-0.000013,0.000000,0.000000,0.000000,0.000000,0.000000,0.000000,1,0.00
4.060000,0.009,0.020090,0.020090,4.321,7.00,0.011866,-0.018167,-0.000082,-0.001841,-0.009,0.013,4.469,-39.819,0.350,2.637131,-0.010384,-0.000014,0.000000,0.000000,0.000000,0.000000,0.000000,0.000000,1,0.00
4.062000,0.009,0.020232,0.020232,4.321,7.00,0.012030,-0.018262,-0.000085,-0.001885,-0.009,0.013,4.471,-39.816,0.350,2.637125,-0.010438,-0.000014,0.000000,0.000000,0.000000,0.000000,0.000000,0.000000,1,0.00
4.064000,0.009,0.020457,0.020457,4.321,7.00,0.012194,-0.018354,-0.000087,-0.002016,-0.009,0.014,4.472,-39.812,0.350,2.637119,-0.010491,-0.000015,0.000000,0.000000,0.000000,0.000000,0.000000,0.000000,1,0.00
4.066000,0.009,0.020278,0.020278,4.321,7.00,0.012360,-0.018443,-0.000091,-0.001744,-0.009,0.014,4.474,-39.809,0.350,2.637112,-0.010542,-0.000015,0.000000,0.000000,0.000000,0.000000,0.000000,0.000000,1,0.00
4.068000,0.009,0.020009,0.020009,4.321,7.00,0.012518,-0.018527,-0.000094,-0.001389,-0.009,0.013,4.476,-39.805,0.350,2.637104,-0.010590,-0.000015,0.000000,0.000000,0.000000,0.000000,0.000000,0.000000,1,0.00
4.070000,0.009,0.020077,0.020077,4.321,7.00,0.012668,-0.018605,-0.000098,-0.001374,-0.009,0.013,4.478,-39.802,0.350,2.637093,-0.010635,-0.000016,0.000000,0.000000,0.000000,0.000000,0.000000,0.000000,1,0.00
4.072000,0.009,0.020129,0.020129,4.321,7.00,0.012816,-0.018680,-0.000100,-0.001349,-0.009,0.013,4.480,-39.799,0.350,2.637082,-0.010678,-0.000016,0.000000,0.000000,0.000000,0.000000,0.000000,0.000000,1,0.00
4.074000,0.009,0.019967,0.019967,4.321,7.00,0.012962,-0.018751,-0.000104,-0.001113,-0.009,0.013,4.482,-39.795,0.350,2.637070,-0.010719,-0.000017,0.000000,0.000000,0.000000,0.000000,0.000000,0.000000,1,0.00
4.076000,0.009,0.020001,0.020001,4.321,7.00,0.013102,-0.018817,-0.000107,-0.001077,-0.009,0.013,4.484,-39.792,0.350,2.637057,-0.010757,-0.000017,0.000000,0.000000,0.000000,0.000000,0.000000,0.000000,1,0.00
4.078000,0.009,0.020154,0.020154,4.321,7.00,0.013240,-0.018879,-0.000109,-0.001165,-0.009,0.013,4.486,-39.788,0.350,2.637042,-0.010793,-0.000018,0.000000,0.000000,0.000000,0.000000,0.000000,0.000000,1,0.00
4.080000,0.009,0.020135,0.020135,4.321,7.00,0.013379,-0.018938,-0.000114,-0.001083,-0.009,0.013,4.488,-39.785,0.350,2.637028,-0.010828,-0.000018,0.000000,0.000000,0.000000,0.000000,0.000000,0.000000,1,0.00
4.082000,0.009,0.020101,0.020101,4.321,7.00,0.013514,-0.018994,-0.000117,-0.000991,-0.009,0.013,4.490,-39.782,0.350,2.637012,-0.010859,-0.000019,0.000000,0.000000,0.000000,0.000000,0.000000,0.000000,1,0.00
4.084000,0.010,0.020235,0.020235,4.321,7.00,0.013645,-0.019045,-0.000118,-0.001072,-0.009,0.013,4.491,-39.778,0.350,2.636995,-0.010889,-0.000019,0.000000,0.000000,0.000000,0.000000,0.000000,0.000000,1,0.00
4.086000,0.010,0.020358,0.020358,4.321,7.00,0.013777,-0.019092,-0.000120,-0.001145,-0.009,0.014,4.493,-39.775,0.350,2.636978,-0.010916,-0.000020,0.000000,0.000000,0.000000,0.000000,0.000000,0.000000,1,0.00
4.088000,0.010,0.020166,0.020166,4.321,7.00,0.013909,-0.019137,-0.000126,-0.000903,-0.009,0.013,4.495,-39.772,0.350,2.636960,-0.010942,-0.000020,0.000000,0.000000,0.000000,0.000000,0.000000,0.000000,1,0.00
4.090000,0.010,0.020181,0.020181,4.321,7.00,0.014034,-0.019177,-0.000130,-0.000874,-0.009,0.013,4.497,-39.768,0.350,2.636941,-0.010965,-0.000020,0.000000,0.000000,0.000000,0.000000,0.000000,0.000000,1,0.00
4.092000,0.010,0.020258,0.020258,4.321,7.00,0.014157,-0.019212,-0.000132,-0.000914,-0.010,0.014,4.499,-39.765,0.350,2.636921,-0.010986,-0.000021,0.000000,0.000000,0.000000,0.000000,0.000000,0.000000,1,0.00
4.094000,0.010,0.020067,0.020067,4.321,7.00,0.014279,-0.019245,-0.000137,-0.000686,-0.010,0.013,4.501,-39.761,0.350,2.636901,-0.011005,-0.000021,0.000000,0.000000,0.000000,0.000000,0.000000,0.000000,1,0.00
4.096000,0.010,0.019924,0.019924,4.321,7.00,0.014395,-0.019272,-0.000140,-0.000512,-0.010,0.013,4.503,-39.758,0.350,2.636879,-0.011021,-0.000021,0.000000,0.000000,0.000000,0.000000,0.000000,0.000000,1,0.00
4.098000,0.010,0.020008,0.020008,4.321,7.00,0.014505,-0.019295,-0.000142,-0.000571,-0.010,0.013,4.505,-39.755,0.350,2.636856,-0.011034,-0.000022,0.000000,0.000000,0.000000,0.000000,0.000000,0.000000,1,0.00
4.100000,0.010,0.019326,0.019326,4.321,7.00,0.014615,-0.019314,0.000000,-0.000011,0.000,0.013,4.507,-39.751,0.350,2.636832,-0.011045,-0.000022,0.000000,0.000000,0.000000,0.000000,0.000000,0.000000,1,0.00
4.102000,0.010,0.019373,0.019373,4.321,7.00,0.014710,-0.019326,-0.000004,-0.000043,0.000,0.013,4.509,-39.748,0.350,2.636805,-0.011053,-0.000022,0.000000,0.000000,0.000000,0.000000,0.000000,0.000000,1,0.00
4.104000,0.010,0.019422,0.019422,4.321,7.00,0.014803,-0.019335,-0.000006,-0.000081,0.000,0.013,4.510,-39.744,0.350,2.636778,-0.011058,-0.000023,0.000000,0.000000,0.000000,0.000000,0.000000,0.000000,1,0.00
4.106000,0.010,0.019443,0.019443,4.321,7.00,0.014895,-0.019340,-0.000010,-0.000092,0.000,0.013,4.512,-39.741,0.350,2.636750,-0.011061,-0.000023,0.000000,0.000000,0.000000,0.000000,0.000000,0.000000,1,0.00
4.108000,0.010,0.019453,0.019453,4.321,7.00,0.014986,-0.019342,-0.000014,-0.000097,-0.010,0.013,4.514,-39.738,0.350,2.636721,-0.011063,-0.000023,0.000000,0.000000,0.000000,0.000000,0.000000,0.000000,1,0.00
4.110000,0.010,0.019435,0.019435,4.321,7.00,0.015075,-0.019340,-0.000017,-0.000078,-0.010,0.013,4.516,-39.734,0.350,2.636693,-0.011062,-0.000023,0.000000,0.000000,0.000000,0.000000,0.000000,0.000000,1,0.00
4.112000,0.010,0.019394,0.019394,4.321,7.00,0.015163,-0.019335,-0.000023,-0.000037,-0.010,0.013,4.518,-39.731,0.350,2.636663,-0.011059,-0.000024,0.000000,0.000000,0.000000,0.000000,0.000000,0.000000,1,0.00
4.114000,0.010,0.019325,0.019325,4.321,7.00,0.015247,-0.019325,-0.000026,0.000026,-0.010,0.013,4.520,-39.727,0.350,2.636633,-0.011054,-0.000024,0.000000,0.000000,0.000000,0.000000,0.000000,0.000000,1,0.00
4.116000,0.010,0.019233,0.019233,4.321,7.00,0.015329,-0.019312,-0.000028,0.000107,-0.010,0.013,4.522,-39.724,0.350,2.636602,-0.011046,-0.000024,0.000000,0.000000,0.000000,0.000000,0.000000,0.000000,1,0.00
4.118000,0.010,0.019134,0.019134,4.321,7.00,0.015407,-0.019294,-0.000030,0.000190,-0.010,0.013,4.524,-39.721,0.350,2.636570,-0.011037,-0.000024,0.000000,0.000000,0.000000,0.000000,0.000000,0.000000,1,0.00
4.120000,0.010,0.019085,0.019085,4.321,7.00,0.015481,-0.019272,-0.000035,0.000223,-0.010,0.013,4.526,-39.717,0.350,2.636537,-0.011025,-0.000024,0.000000,0.000000,0.000000,0.000000,0.000000,0.000000,1,0.00
4.122000,0.010,0.019019,0.019019,4.321,7.00,0.015554,-0.019247,-0.000040,0.000268,-0.010,0.013,4.527,-39.714,0.350,2.636503,-0.011010,-0.000024,0.000000,0.000000,0.000000,0.000000,0.000000,0.000000,1,0.00
4.124000,0.010,0.018861,0.018861,4.321,7.00,0.015623,-0.019218,-0.000042,0.000399,-0.010,0.013,4.529,-39.710,0.350,2.636469,-0.010994,-0.000025,0.000000,0.000000,0.000000,0.000000,0.000000,0.000000,1,0.00
4.126000,0.010,0.018722,0.018722,4.321,7.00,0.015688,-0.019184,-0.000044,0.000506,-0.010,0.012,4.531,-39.707,0.350,2.636434,-0.010975,-0.000025,0.000000,0.000000,0.000000,0.000000,0.000000,0.000000,1,0.00
4.128000,0.010,0.018694,0.018694,4.321,7.00,0.015748,-0.019147,-0.000048,0.000501,-0.010,0.012,4.533,-39.704,0.350,2.636398,-0.010954,-0.000025,0.000000,0.000000,0.000000,0.000000,0.000000,0.000000,1,0.00
4.130000,0.010,0.018580,0.018580,4.321,7.00,0.015807,-0.019105,-0.000052,0.000577,-0.010,0.012,4.535,-39.700,0.350,2.636361,-0.010931,-0.000025,0.000000,0.000000,0.000000,0.000000,0.000000,0.000000,1,0.00
4.132000,0.010,0.018399,0.018399,4.321,7.00,0.015863,-0.019060,-0.000054,0.000715,-0.010,0.012,4.537,-39.697,0.350,2.636323,-0.010905,-0.000025,0.000000,0.000000,0.000000,0.000000,0.000000,0.000000,1,0.00
4.134000,0.010,0.018412,0.018412,4.321,7.00,0.015913,-0.019011,-0.000059,0.000657,-0.010,0.012,4.539,-39.693,0.350,2.636285,-0.010877,-0.000025,0.000000,0.000000,0.000000,0.000000,0.000000,0.000000,1,0.00
4.136000,0.009,0.018405,0.018405,4.321,7.00,0.015963,-0.018958,-0.000063,0.000615,-0.010,0.012,4.541,-39.690,0.350,2.636246,-0.010847,-0.000025,0.000000,0.000000,0.000000,0.000000,0.000000,0.000000,1,0.00
4.138000,0.009,0.018137,0.018137,4.321,7.00,0.016012,-0.018902,-0.000064,0.000829,-0.010,0.012,4.543,-39.687,0.350,2.636207,-0.010815,-0.000025,0.000000,0.000000,0.000000,0.000000,0.000000,0.000000,1,0.00
4.140000,0.009,0.017881,0.017881,4.321,7.00,0.016055,-0.018841,-0.000066,0.001027,-0.010,0.012,4.545,-39.683,0.350,2.636166,-0.010781,-0.000025,0.000000,0.000000,0.000000,0.000000,0.000000,0.000000,1,0.00
4.142000,0.009,0.017884,0.017884,4.321,7.00,0.016091,-0.018776,-0.000071,0.000963,-0.010,0.012,4.546,-39.680,0.350,2.636124,-0.010744,-0.000025,0.000000,0.000000,0.000000,0.000000,0.000000,0.000000,1,0.00
4.144000,0.009,0.017731,0.017731,4.321,7.00,0.016127,-0.018708,-0.000074,0.001051,-0.009,0.012,4.548,-39.676,0.350,2.636082,-0.010705,-0.000025,0.000000,0.000000,0.000000,0.000000,0.000000,0.000000,1,0.00
4.146000,0.009,0.017382,0.017382,4.321,7.00,0.016159,-0.018635,-0.000076,0.001329,-0.009,0.012,4.550,-39.673,0.350,2.636040,-0.010664,-0.000025,0.000000,0.000000,0.000000,0.000000,0.000000,0.000000,1,0.00
4.148000,0.009,0.017196,0.017196,4.321,7.00,0.016183,-0.018558,-0.000078,0.001440,-0.009,0.011,4.552,-39.670,0.350,2.635995,-0.010620,-0.000025,0.000000,0.000000,0.000000,0.000000,0.000000,0.000000,1,0.00
4.150000,0.009,0.017255,0.017255,4.321,7.00,0.016204,-0.018477,-0.000082,0.001304,-0.009,0.012,4.554,-39.666,0.350,2.635950,-0.010574,-0.000025,0.000000,0.000000,0.000000,0.000000,0.000000,0.000000,1,0.00
4.152000,0.009,0.017064,0.017064,4.321,7.00,0.016225,-0.018393,-0.000085,0.001414,-0.009,0.011,4.556,-39.663,0.350,2.635905,-0.010526,-0.000025,0.000000,0.000000,0.000000,0.000000,0.000000,0.000000,1,0.00
4.154000,0.009,0.016715,0.016715,4.321,7.00,0.016242,-0.018305,-0.000087,0.001677,-0.009,0.011,4.558,-39.659,0.350,2.635859,-0.010476,-0.000025,0.000000,0.000000,0.000000,0.000000,0.000000,0.000000,1,0.00
4.156000,0.009,0.016502,0.016502,4.321,7.00,0.016251,-0.018212,-0.000089,0.001799,-0.009,0.011,4.560,-39.656,0.350,2.635812,-0.010423,-0.000025,0.000000,0.000000,0.000000,0.000000,0.000000,0.000000,1,0.00
4.158000,0.009,0.016594,0.016594,4.321,7.00,0.016256,-0.018116,-0.000093,0.001615,-0.009,0.011,4.561,-39.653,0.350,2.635764,-0.010368,-0.000024,0.000000,0.000000,0.000000,0.000000,0.000000,0.000000,1,0.00
4.160000,0.009,0.016395,0.016395,4.321,7.00,0.016263,-0.018017,-0.000096,0.001718,-0.009,0.011,4.563,-39.649,0.350,2.635716,-0.010312,-0.000024,0.000000,0.000000,0.000000,0.000000,0.000000,0.000000,1,0.00
4.162000,0.009,0.015989,0.015989,4.321,7.00,0.016265,-0.017914,-0.000098,0.002023,-0.009,0.011,4.565,-39.646,0.350,2.635668,-0.010254,-0.000024,0.000000,0.000000,0.000000,0.000000,0.000000,0.000000,1,0.00
4.164000,0.009,0.016104,0.016104,4.321,7.00,0.016260,-0.017807,-0.000102,0.001805,-0.009,0.011,4.567,-39.642,0.350,2.635618,-0.010192,-0.000024,0.000000,0.000000,0.000000,0.000000,0.000000,0.000000,1,0.00
4.166000,0.009,0.016257,0.016257,4.321,7.00,0.016257,-0.017697,-0.000105,0.001546,-0.009,0.011,4.569,-39.639,0.350,2.635568,-0.010130,-0.000024,0.000000,0.000000,0.000000,0.000000,0.000000,0.000000,1,0.00
4.168000,0.009,0.015902,0.015902,4.321,7.00,0.016257,-0.017586,-0.000107,0.001791,-0.009,0.011,4.571,-39.636,0.350,2.635520,-0.010066,-0.000023,0.000000,0.000000,0.000000,0.000000,0.000000,0.000000,1,0.00
4.170000,0.009,0.015448,0.015448,4.321,7.00,0.016250,-0.017470,-0.000109,0.002130,-0.009,0.010,4.573,-39.632,0.350,2.635469,-0.010000,-0.000023,0.000000,0.000000,0.000000,0.000000,0.000000,0.000000,1,0.00
4.172000,0.009,0.015621,0.015621,4.321,7.00,0.016234,-0.017349,-0.000113,0.001840,-0.009,0.010,4.575,-39.629,0.350,2.635417,-0.009931,-0.000023,0.000000,0.000000,0.000000,0.000000,0.000000,0.000000,1,0.00
4.174000,0.009,0.015424,0.015424,4.321,7.00,0.016221,-0.017226,-0.000117,0.001919,-0.009,0.010,4.577,-39.625,0.350,2.635366,-0.009861,-0.000023,0.000000,0.000000,0.000000,0.000000,0.000000,0.000000,1,0.00
4.176000,0.009,0.014966,0.014966,4.321,7.00,0.016205,-0.017100,-0.000118,0.002252,-0.009,0.010,4.578,-39.622,0.350,2.635314,-0.009789,-0.000022,0.000000,0.000000,0.000000,0.000000,0.000000,0.000000,1,0.00
4.178000,0.008,0.015031,0.015031,4.321,7.00,0.016181,-0.016969,-0.000123,0.002060,-0.009,0.010,4.580,-39.619,0.350,2.635261,-0.009714,-0.000022,0.000000,0.000000,0.000000,0.000000,0.000000,0.000000,1,0.00
4.180000,0.008,0.015181,0.015181,4.321,7.00,0.016158,-0.016836,-0.000126,0.001780,-0.009,0.010,4.582,-39.615,0.350,2.635208,-0.009638,-0.000022,0.000000,0.000000,0.000000,0.000000,0.000000,0.000000,1,0.00
4.182000,0.008,0.014658,0.014658,4.321,7.00,0.016138,-0.016701,-0.000128,0.002170,-0.009,0.010,4.584,-39.612,0.350,2.635156,-0.009561,-0.000021,0.000000,0.000000,0.000000,0.000000,0.000000,0.000000,1,0.00
4.184000,0.008,0.014289,0.014289,4.321,7.00,0.016108,-0.016561,-0.000130,0.002402,-0.009,0.010,4.586,-39.608,0.350,2.635102,-0.009481,-0.000021,0.000000,0.000000,0.000000,0.000000,0.000000,0.000000,1,0.00
4.186000,0.008,0.014436,0.014436,4.321,7.00,0.016072,-0.016417,-0.000133,0.002114,-0.008,0.010,4.588,-39.605,0.350,2.635047,-0.009399,-0.000021,0.000000,0.000000,0.000000,0.000000,0.000000,0.000000,1,0.00
4.188000,0.008,0.014134,0.014134,4.321,7.00,0.016039,-0.016271,-0.000136,0.002274,-0.008,0.009,4.590,-39.602,0.350,2.634993,-0.009316,-0.000020,0.000000,0.000000,0.000000,0.000000,0.000000,0.000000,1,0.00
4.190000,0.008,0.013949,0.013949,4.321,7.00,0.016001,-0.016122,-0.000139,0.002313,-0.008,0.009,4.592,-39.598,0.350,2.634937,-0.009230,-0.000020,0.000000,0.000000,0.000000,0.000000,0.000000,0.000000,1,0.00
4.192000,0.008,0.013999,0.013999,4.321,7.00,0.015960,-0.015970,-0.000142,0.002112,-0.008,0.009,4.593,-39.595,0.350,2.634881,-0.009143,-0.000020,0.000000,0.000000,0.000000,0.000000,0.000000,0.000000,1,0.00
4.194000,0.008,0.013958,0.013958,4.321,7.00,0.015921,-0.015815,-0.000145,0.002002,-0.008,0.009,4.595,-39.591,0.350,2.634826,-0.009055,-0.000019,0.000000,0.000000,0.000000,0.000000,0.000000,0.000000,1,0.00
4.196000,0.008,0.013331,0.013331,4.321,7.00,0.015882,-0.015659,-0.000146,0.002474,-0.008,0.009,4.597,-39.588,0.350,2.634771,-0.008966,-0.000019,0.000000,0.000000,0.000000,0.000000,0.000000,0.000000,1,0.00
4.198000,0.008,0.013251,0.013251,4.321,7.00,0.015831,-0.015497,-0.000150,0.002396,-0.008,0.009,4.599,-39.584,0.350,2.634714,-0.008873,-0.000018,0.000000,0.000000,0.000000,0.000000,0.000000,0.000000,1,0.00
4.200000,0.008,0.015341,0.015341,4.321,7.00,0.015779,-0.015332,0.000000,-0.000009,0.000,0.010,4.601,-39.581,0.350,2.634657,-0.008779,-0.000018,0.000000,0.000000,0.000000,0.000000,0.000000,0.000000,1,0.00
4.202000,0.008,0.014734,0.014734,4.321,7.00,0.015770,-0.015177,-0.000003,0.000445,0.000,0.010,4.603,-39.578,0.350,2.634608,-0.008690,-0.000017,0.000000,0.000000,0.000000,0.000000,0.000000,0.000000,1,0.00
4.204000,0.008,0.014237,0.014237,4.321,7.00,0.015749,-0.015016,-0.000006,0.000785,0.000,0.009,4.605,-39.574,0.350,2.634557,-0.008598,-0.000017,0.000000,0.000000,0.000000,0.000000,0.000000,0.000000,1,0.00
4.206000,0.007,0.013721,0.013721,4.321,7.00,0.015719,-0.014850,-0.000010,0.001138,0.000,0.009,4.607,-39.571,0.350,2.634504,-0.008503,-0.000016,0.000000,0.000000,0.000000,0.000000,0.000000,0.000000,1,0.00
4.208000,0.007,0.012803,0.012803,4.321,7.00,0.015679,-0.014679,-0.000011,0.001887,-0.008,0.009,4.608,-39.567,0.350,2.634449,-0.008406,-0.000016,0.000000,0.000000,0.000000,0.000000,0.000000,0.000000,1,0.00
4.210000,0.007,0.012263,0.012263,4.321,7.00,0.015622,-0.014502,-0.000015,0.002254,-0.008,0.008,4.610,-39.564,0.350,2.634392,-0.008304,-0.000016,0.000000,0.000000,0.000000,0.000000,0.000000,0.000000,1,0.00
4.212000,0.007,0.012075,0.012075,4.321,7.00,0.015555,-0.014320,-0.000018,0.002263,-0.008,0.008,4.612,-39.561,0.350,2.634332,-0.008200,-0.000015,0.000000,0.000000,0.000000,0.000000,0.000000,0.000000,1,0.00
4.214000,0.007,0.011238,0.011238,4.321,7.00,0.015485,-0.014135,-0.000019,0.002916,-0.007,0.007,4.614,-39.557,0.350,2.634272,-0.008095,-0.000015,0.000000,0.000000,0.000000,0.000000,0.000000,0.000000,1,0.00
4.216000,0.007,0.010448,0.010448,4.321,7.00,0.015400,-0.013945,-0.000020,0.003517,-0.007,0.007,4.616,-39.554,0.350,2.634210,-0.007986,-0.000015,0.000000,0.000000,0.000000,0.000000,0.000000,0.000000,1,0.00
4.218000,0.007,0.010574,0.010574,4.321,7.00,0.015301,-0.013748,-0.000024,0.003198,-0.007,0.007,4.618,-39.550,0.350,2.634145,-0.007873,-0.000014,0.000000,0.000000,0.000000,0.000000,0.000000,0.000000,1,0.00
4.220000,0.007,0.010160,0.010160,4.321,7.00,0.015207,-0.013552,-0.000026,0.003418,-0.007,0.007,4.620,-39.547,0.350,2.634082,-0.007761,-0.000014,0.000000,0.000000,0.000000,0.000000,0.000000,0.000000,1,0.00
4.222000,0.007,0.009238,0.009238,4.321,7.00,0.015106,-0.013351,-0.000027,0.004141,-0.007,0.006,4.622,-39.544,0.350,2.634017,-0.007646,-0.000013,0.000000,0.000000,0.000000,0.000000,0.000000,0.000000,1,0.00
4.224000,0.007,0.008945,0.008945,4.321,7.00,0.014988,-0.013145,-0.000028,0.004229,-0.007,0.006,4.624,-39.540,0.350,2.633950,-0.007528,-0.000013,0.000000,0.000000,0.000000,0.000000,0.000000,0.000000,1,0.00
4.226000,0.006,0.009240,0.009240,4.321,7.00,0.014867,-0.012937,-0.000031,0.003728,-0.007,0.006,4.625,-39.537,0.350,2.633883,-0.007409,-0.000012,0.000000,0.000000,0.000000,0.000000,0.000000,0.000000,1,0.00
4.228000,0.006,0.008856,0.008856,4.321,7.00,0.014755,-0.012728,-0.000033,0.003905,-0.007,0.006,4.627,-39.533,0.350,2.633817,-0.007290,-0.000012,0.000000,0.000000,0.000000,0.000000,0.000000,0.000000,1,0.00
4.230000,0.006,0.007984,0.007984,4.321,7.00,0.014637,-0.012517,-0.000034,0.004568,-0.007,0.005,4.629,-39.530,0.350,2.633751,-0.007169,-0.000011,0.000000,0.000000,0.000000,0.000000,0.000000,0.000000,1,0.00
4.232000,0.006,0.008516,0.008516,4.321,7.00,0.014504,-0.012301,-0.000038,0.003822,-0.007,0.006,4.631,-39.527,0.350,2.633683,-0.007045,-0.000010,0.000000,0.000000,0.000000,0.000000,0.000000,0.000000,1,0.00
4.234000,0.006,0.008762,0.008762,4.321,7.00,0.014384,-0.012086,-0.000040,0.003363,-0.006,0.006,4.633,-39.523,0.350,2.633617,-0.006922,-0.000010,0.000000,0.000000,0.000000,0.000000,0.000000,0.000000,1,0.00
4.236000,0.006,0.007784,0.007784,4.321,7.00,0.014272,-0.011872,-0.000041,0.004128,-0.006,0.005,4.635,-39.520,0.350,2.633553,-0.006799,-0.000009,0.000000,0.000000,0.000000,0.000000,0.000000,0.000000,1,0.00
4.238000,0.006,0.007055,0.007055,4.321,7.00,0.014142,-0.011652,-0.000042,0.004638,-0.006,0.005,4.637,-39.516,0.350,2.633486,-0.006673,-0.000008,0.000000,0.000000,0.000000,0.000000,0.000000,0.000000,1,0.00
4.240000,0.006,0.007603,0.007603,4.321,7.00,0.014000,-0.011427,-0.000045,0.003869,-0.006,0.005,4.638,-39.513,0.350,2.633418,-0.006544,-0.000008,0.000000,0.000000,0.000000,0.000000,0.000000,0.000000,1,0.00
4.242000,0.006,0.007187,0.007187,4.321,7.00,0.013872,-0.011204,-0.000046,0.004063,-0.006,0.005,4.640,-39.510,0.350,2.633352,-0.006417,-0.000007,0.000000,0.000000,0.000000,0.000000,0.000000,0.000000,1,0.00
4.244000,0.005,0.006439,0.006439,4.321,7.00,0.013739,-0.010979,-0.000048,0.004588,-0.006,0.004,4.642,-39.506,0.350,2.633286,-0.006288,-0.000006,0.000000,0.000000,0.000000,0.000000,0.000000,0.000000,1,0.00
4.246000,0.005,0.006154,0.006154,4.321,7.00,0.013593,-0.010749,-0.000049,0.004643,-0.006,0.004,4.644,-39.503,0.350,2.633217,-0.006156,-0.000006,0.000000,0.000000,0.000000,0.000000,0.000000,0.000000,1,0.00
4.248000,0.005,0.006584,0.006584,4.321,7.00,0.013444,-0.010517,-0.000051,0.003985,-0.006,0.004,4.646,-39.499,0.350,2.633149,-0.006023,-0.000005,0.000000,0.000000,0.000000,0.000000,0.000000,0.000000,1,0.00
4.250000,0.005,0.006158,0.006158,4.321,7.00,0.013307,-0.010287,-0.000053,0.004182,-0.006,0.004,4.648,-39.496,0.350,2.633084,-0.005891,-0.000005,0.000000,0.000000,0.000000,0.000000,0.000000,0.000000,1,0.00
4.252000,0.005,0.005248,0.005248,4.321,7.00,0.013164,-0.010055,-0.000054,0.004860,-0.005,0.003,4.650,-39.492,0.350,2.633017,-0.005758,-0.000004,0.000000,0.000000,0.000000,0.000000,0.000000,0.000000,1,0.00
4.254000,0.005,0.005011,0.005011,4.321,7.00,0.013006,-0.009817,-0.000055,0.004861,-0.005,0.003,4.652,-39.489,0.350,2.632948,-0.005622,-0.000004,0.000000,0.000000,0.000000,0.000000,0.000000,0.000000,1,0.00
4.256000,0.005,0.005577,0.005577,4.321,7.00,0.012846,-0.009578,-0.000057,0.004058,-0.005,0.004,4.653,-39.486,0.350,2.632880,-0.005485,-0.000003,0.000000,0.000000,0.000000,0.000000,0.000000,0.000000,1,0.00
4.258000,0.005,0.005119,0.005119,4.321,7.00,0.012700,-0.009341,-0.000059,0.004281,-0.005,0.003,4.655,-39.482,0.350,2.632815,-0.005349,-0.000002,0.000000,0.000000,0.000000,0.000000,0.000000,0.000000,1,0.00
4.260000,0.005,0.004343,0.004343,4.321,7.00,0.012549,-0.009102,-0.000060,0.004819,-0.005,0.003,4.657,-39.479,0.350,2.632748,-0.005213,-0.000002,0.000000,0.000000,0.000000,0.000000,0.000000,0.000000,1,0.00
4.262000,0.004,0.004118,0.004118,4.321,7.00,0.012385,-0.008859,-0.000061,0.004802,-0.005,0.003,4.659,-39.475,0.350,2.632681,-0.005073,-0.000001,0.000000,0.000000,0.000000,0.000000,0.000000,0.000000,1,0.00
4.264000,0.004,0.004568,0.004568,4.321,7.00,0.012219,-0.008615,-0.000063,0.004110,-0.005,0.003,4.661,-39.472,0.350,2.632613,-0.004933,-0.000001,0.000000,0.000000,0.000000,0.000000,0.000000,0.000000,1,0.00
4.266000,0.004,0.004115,0.004115,4.321,7.00,0.012066,-0.008373,-0.000064,0.004323,-0.005,0.003,4.663,-39.469,0.350,2.632548,-0.004794,-0.000000,0.000000,0.000000,0.000000,0.000000,0.000000,0.000000,1,0.00
4.268000,0.004,0.003233,0.003233,4.321,7.00,0.011907,-0.008129,-0.000065,0.004961,-0.005,0.002,4.665,-39.465,0.350,2.632483,-0.004654,0.000000,0.000000,0.000000,0.000000,0.000000,0.000000,0.000000,1,0.00
4.270000,0.004,0.002954,0.002954,4.321,7.00,0.011734,-0.007880,-0.000066,0.004991,-0.004,0.002,4.667,-39.462,0.350,2.632415,-0.004512,0.000001,0.000000,0.000000,0.000000,0.000000,0.000000,0.000000,1,0.00
4.272000,0.004,0.003488,0.003488,4.321,7.00,0.011558,-0.007629,-0.000068,0.004209,-0.004,0.002,4.668,-39.458,0.350,2.632347,-0.004368,0.000001,0.000000,0.000000,0.000000,0.000000,0.000000,0.000000,1,0.00
4.274000,0.004,0.002998,0.002998,4.321,7.00,0.011397,-0.007382,-0.000069,0.004454,-0.004,0.002,4.670,-39.455,0.350,2.632283,-0.004227,0.000002,0.000000,0.000000,0.000000,0.000000,0.000000,0.000000,1,0.00
4.276000,0.004,0.002204,0.002204,4.321,7.00,0.011229,-0.007133,-0.000070,0.004999,-0.004,0.001,4.672,-39.452,0.350,2.632218,-0.004084,0.000002,0.000000,0.000000,0.000000,0.000000,0.000000,0.000000,1,0.00
4.278000,0.003,0.001946,0.001946,4.321,7.00,0.011049,-0.006880,-0.000071,0.005004,-0.004,0.001,4.674,-39.448,0.350,2.632151,-0.003939,0.000003,0.000000,0.000000,0.000000,0.000000,0.000000,0.000000,1,0.00
4.280000,0.003,0.002456,0.002456,4.321,7.00,0.010867,-0.006625,-0.000072,0.004241,-0.004,0.002,4.676,-39.445,0.350,2.632084,-0.003793,0.000003,0.000000,0.000000,0.000000,0.000000,0.000000,0.000000,1,0.00
4.282000,0.003,0.001983,0.001983,4.321,7.00,0.010699,-0.006374,-0.000073,0.004465,-0.004,0.001,4.678,-39.441,0.350,2.632020,-0.003649,0.000004,0.000000,0.000000,0.000000,0.000000,0.000000,0.000000,1,0.00
4.284000,0.003,0.001138,0.001138,4.321,7.00,0.010524,-0.006121,-0.000074,0.005057,-0.004,0.001,4.680,-39.438,0.350,2.631956,-0.003504,0.000004,0.000000,0.000000,0.000000,0.000000,0.000000,0.000000,1,0.00
4.286000,0.003,0.000962,0.000962,4.321,7.00,0.010337,-0.005864,-0.000075,0.004976,-0.003,0.001,4.682,-39.434,0.350,2.631890,-0.003357,0.000005,0.000000,0.000000,0.000000,0.000000,0.000000,0.000000,1,0.00
4.288000,0.003,0.001516,0.001516,4.321,7.00,0.010149,-0.005607,-0.000076,0.004167,-0.003,0.001,4.683,-39.431,0.350,2.631824,-0.003209,0.000005,0.000000,0.000000,0.000000,0.000000,0.000000,0.000000,1,0.00
4.290000,0.003,0.000964,0.000964,4.321,7.00,0.009977,-0.005353,-0.000077,0.004466,-0.003,0.001,4.685,-39.428,0.350,2.631763,-0.003063,0.000006,0.000000,0.000000,0.000000,0.000000,0.000000,0.000000,1,0.00
4.292000,0.003,0.000026,0.000026,4.321,7.00,0.009796,-0.005098,-0.000077,0.005149,-0.003,0.000,4.687,-39.424,0.350,2.631700,-0.002916,0.000007,0.000000,0.000000,0.000000,0.000000,0.000000,0.000000,1,0.00
4.294000,0.002,-0.000173,-0.000173,4.321,7.00,0.009601,-0.004837,-0.000078,0.005088,-0.003,0.000,4.689,-39.421,0.350,2.631635,-0.002767,0.000008,0.000000,0.000000,0.000000,0.000000,0.000000,0.000000,1,0.00
4.296000,0.002,0.000378,0.000378,4.321,7.00,0.009406,-0.004577,-0.000080,0.004279,-0.003,0.000,4.691,-39.417,0.350,2.631571,-0.002617,0.000010,0.000000,0.000000,0.000000,0.000000,0.000000,0.000000,1,0.00
4.298000,0.002,-0.000799,-0.000799,4.321,7.00,0.009225,-0.004320,-0.000080,0.005199,-0.003,0.001,4.693,-39.414,0.350,2.631511,-0.002469,0.000010,0.000000,0.000000,0.000000,0.000000,0.000000,0.000000,1,0.00
4.300000,0.002,0.004060,0.004060,4.321,7.00,0.009025,-0.004057,0.000000,-0.000002,0.000,0.003,4.695,-39.411,0.350,2.631447,-0.002318,0.000011,0.000000,0.000000,0.000000,0.000000,0.000000,0.000000,1,0.00
4.302000,0.002,0.003186,0.003186,4.321,7.00,0.008925,-0.003822,-0.000001,0.000637,0.000,0.002,4.697,-39.407,0.350,2.631403,-0.002184,0.000011,0.000000,0.000000,0.000000,0.000000,0.000000,0.000000,1,0.00
4.304000,0.002,0.001835,0.001835,4.321,7.00,0.008811,-0.003583,-0.000001,0.001748,0.000,0.001,4.698,-39.404,0.350,2.631356,-0.002046,0.000011,0.000000,0.000000,0.000000,0.000000,0.000000,0.000000,1,0.00
4.306000,0.002,0.000201,0.000201,4.321,7.00,0.008671,-0.003337,-0.000001,0.003137,0.000,0.000,4.700,-39.400,0.350,2.631305,-0.001906,0.000011,0.000000,0.000000,0.000000,0.000000,0.000000,0.000000,1,0.00
4.308000,0.002,-0.001139,-0.001139,4.321,7.00,0.008502,-0.003082,-0.000002,0.004223,-0.002,0.001,4.702,-39.397,0.350,2.631248,-0.001760,0.000012,0.000000,0.000000,0.000000,0.000000,0.000000,0.000000,1,0.00
4.310000,0.001,-0.001847,-0.001847,4.321,7.00,0.008309,-0.002822,-0.000003,0.004672,-0.002,0.001,4.704,-39.394,0.350,2.631188,-0.001610,0.000012,0.000000,0.000000,0.000000,0.000000,0.000000,0.000000,1,0.00
4.312000,0.001,-0.002515,-0.002515,4.321,7.00,0.008106,-0.002559,-0.000003,0.005076,-0.002,0.002,4.706,-39.390,0.350,2.631126,-0.001460,0.000012,0.000000,0.000000,0.000000,0.000000,0.000000,0.000000,1,0.00
4.314000,0.001,-0.002854,-0.002854,4.321,7.00,0.007894,-0.002293,-0.000003,0.005151,-0.002,0.002,4.708,-39.387,0.350,2.631063,-0.001308,0.000012,0.000000,0.000000,0.000000,0.000000,0.000000,0.000000,1,0.00
4.316000,0.001,-0.002158,-0.002158,4.321,7.00,0.007679,-0.002028,-0.000004,0.004189,-0.002,0.001,4.710,-39.383,0.350,2.631001,-0.001155,0.000012,0.000000,0.000000,0.000000,0.000000,0.000000,0.000000,1,0.00
4.318000,0.001,-0.002575,-0.002575,4.321,7.00,0.007482,-0.001767,-0.000004,0.004346,-0.001,0.002,4.711,-39.380,0.350,2.630942,-0.001006,0.000012,0.000000,0.000000,0.000000,0.000000,0.000000,0.000000,1,0.00
4.320000,0.001,-0.002909,-0.002909,4.321,7.00,0.007281,-0.001505,-0.000004,0.004418,-0.001,0.002,4.713,-39.377,0.350,2.630884,-0.000856,0.000011,0.000000,0.000000,0.000000,0.000000,0.000000,0.000000,1,0.00
4.322000,0.001,-0.002794,-0.002794,4.321,7.00,0.007077,-0.001244,-0.000005,0.004042,-0.001,0.002,4.715,-39.373,0.350,2.630825,-0.000706,0.000011,0.000000,0.000000,0.000000,0.000000,0.000000,0.000000,1,0.00
4.324000,0.000,-0.003096,-0.003096,4.321,7.00,0.006880,-0.000984,-0.000005,0.004085,-0.001,0.002,4.717,-39.370,0.350,2.630768,-0.000558,0.000011,0.000000,0.000000,0.000000,0.000000,0.000000,0.000000,1,0.00
4.326000,0.000,-0.004253,-0.004253,4.321,7.00,0.006680,-0.000724,-0.000005,0.004982,-0.001,0.003,4.719,-39.366,0.350,2.630711,-0.000409,0.000011,0.000000,0.000000,0.000000,0.000000,0.000000,0.000000,1,0.00
4.328000,0.000,-0.004197,-0.004197,4.321,7.00,0.006462,-0.000460,-0.000005,0.004662,-0.001,0.003,4.721,-39.363,0.350,2.630652,-0.000258,0.000011,0.000000,0.000000,0.000000,0.000000,0.000000,0.000000,1,0.00
4.330000,0.000,-0.004355,-0.004355,4.321,7.00,0.006249,-0.000198,-0.000005,0.004559,-0.001,0.003,4.723,-39.359,0.350,2.630594,-0.000107,0.000011,0.000000,0.000000,0.000000,0.000000,0.000000,0.000000,1,0.00
4.332000,-0.000,-0.005061,-0.005061,4.321,7.00,0.006036,0.000063,-0.000005,0.005003,-0.000,0.003,4.725,-39.356,0.350,2.630537,0.000042,0.000011,0.000000,0.000000,0.000000,0.000000,0.000000,0.000000,1,0.00
4.334000,-0.000,-0.004598,-0.004598,4.321,7.00,0.005815,0.000326,-0.000005,0.004277,-0.000,0.003,4.726,-39.353,0.350,2.630478,0.000193,0.000011,0.000000,0.000000,0.000000,0.000000,0.000000,0.000000,1,0.00
4.336000,-0.000,-0.004226,-0.004226,4.321,7.00,0.005606,0.000584,-0.000005,0.003646,-0.000,0.003,4.728,-39.349,0.350,2.630424,0.000341,0.000011,0.000000,0.000000,0.000000,0.000000,0.000000,0.000000,1,0.00
4.338000,-0.000,-0.004603,-0.004603,4.321,7.00,0.005410,0.000839,-0.000005,0.003769,-0.000,0.003,4.730,-39.346,0.350,2.630371,0.000488,0.000011,0.000000,0.000000,0.000000,0.000000,0.000000,0.000000,1,0.00
4.340000,-0.001,-0.005367,-0.005367,4.321,7.00,0.005210,0.001095,-0.000004,0.004277,0.000,0.004,4.732,-39.342,0.350,2.630319,0.000634,0.000011,0.000000,0.000000,0.000000,0.000000,0.000000,0.000000,1,0.00
4.342000,-0.001,-0.005418,-0.005418,4.321,7.00,0.004998,0.001352,-0.000004,0.004071,0.000,0.004,4.734,-39.339,0.350,2.630265,0.000781,0.000011,0.000000,0.000000,0.000000,0.000000,0.000000,0.000000,1,0.00
4.344000,-0.001,-0.005899,-0.005899,4.321,7.00,0.004790,0.001607,-0.000004,0.004296,0.000,0.004,4.736,-39.336,0.350,2.630212,0.000928,0.000012,0.000000,0.000000,0.000000,0.000000,0.000000,0.000000,1,0.00
4.346000,-0.001,-0.006095,-0.006095,4.321,7.00,0.004576,0.001863,-0.000004,0.004235,0.000,0.004,4.738,-39.332,0.350,2.630159,0.001075,0.000012,0.000000,0.000000,0.000000,0.000000,0.000000,0.000000,1,0.00
4.348000,-0.001,-0.006171,-0.006171,4.321,7.00,0.004363,0.002118,-0.000003,0.004056,0.001,0.004,4.739,-39.329,0.350,2.630107,0.001221,0.000012,0.000000,0.000000,0.000000,0.000000,0.000000,0.000000,1,0.00
4.350000,-0.001,-0.006246,-0.006246,4.321,7.00,0.004152,0.002371,-0.000003,0.003877,0.001,0.004,4.741,-39.325,0.350,2.630056,0.001366,0.000012,0.000000,0.000000,0.000000,0.000000,0.000000,0.000000,1,0.00
4.352000,-0.001,-0.006918,-0.006918,4.321,7.00,0.003944,0.002623,-0.000003,0.004297,0.001,0.005,4.743,-39.322,0.350,2.630006,0.001511,0.000012,0.000000,0.000000,0.000000,0.000000,0.000000,0.000000,1,0.00
4.354000,-0.001,-0.007036,-0.007036,4.321,7.00,0.003727,0.002876,-0.000002,0.004162,0.001,0.005,4.745,-39.319,0.350,2.629955,0.001656,0.000012,0.000000,0.000000,0.000000,0.000000,0.000000,0.000000,1,0.00
4.356000,-0.002,-0.007520,-0.007520,4.321,7.00,0.003512,0.003127,-0.000002,0.004394,0.001,0.005,4.747,-39.315,0.350,2.629905,0.001800,0.000012,0.000000,0.000000,0.000000,0.000000,0.000000,0.000000,1,0.00
4.358000,-0.002,-0.007762,-0.007762,4.321,7.00,0.003291,0.003379,-0.000001,0.004384,0.001,0.005,4.749,-39.312,0.350,2.629854,0.001944,0.000012,0.000000,0.000000,0.000000,0.000000,0.000000,0.000000,1,0.00
4.360000,-0.002,-0.008454,-0.008454,4.321,7.00,0.003070,0.003629,-0.000001,0.004826,0.001,0.006,4.751,-39.308,0.350,2.629804,0.002088,0.000012,0.000000,0.000000,0.000000,0.000000,0.000000,0.000000,1,0.00
4.362000,-0.002,-0.007943,-0.007943,4.321,7.00,0.002840,0.003881,0.000000,0.004062,0.001,0.005,4.753,-39.305,0.350,2.629753,0.002232,0.000012,0.000000,0.000000,0.000000,0.000000,0.000000,0.000000,1,0.00
4.364000,-0.002,-0.008235,-0.008235,4.321,7.00,0.002624,0.004127,0.000001,0.004107,0.002,0.005,4.754,-39.302,0.350,2.629706,0.002374,0.000012,0.000000,0.000000,0.000000,0.000000,0.000000,0.000000,1,0.00
4.366000,-0.002,-0.008921,-0.008921,4.321,7.00,0.002407,0.004373,0.000001,0.004546,0.002,0.006,4.756,-39.298,0.350,2.629658,0.002515,0.000011,0.000000,0.000000,0.000000,0.000000,0.000000,0.000000,1,0.00
4.368000,-0.002,-0.009671,-0.009671,4.321,7.00,0.002180,0.004620,0.000002,0.005049,0.002,0.006,4.758,-39.295,0.350,2.629610,0.002656,0.000011,0.000000,0.000000,0.000000,0.000000,0.000000,0.000000,1,0.00
4.370000,-0.002,-0.009273,-0.009273,4.321,7.00,0.001943,0.004868,0.000003,0.004402,0.002,0.006,4.760,-39.291,0.350,2.629561,0.002798,0.000011,0.000000,0.000000,0.000000,0.000000,0.000000,0.000000,1,0.00
4.372000,-0.003,-0.009609,-0.009609,4.321,7.00,0.001719,0.005111,0.000004,0.004494,0.002,0.006,4.762,-39.288,0.350,2.629514,0.002938,0.000011,0.000000,0.000000,0.000000,0.000000,0.000000,0.000000,1,0.00
4.374000,-0.003,-0.010456,-0.010456,4.321,7.00,0.001492,0.005354,0.000004,0.005098,0.002,0.007,4.764,-39.284,0.350,2.629468,0.003077,0.000011,0.000000,0.000000,0.000000,0.000000,0.000000,0.000000,1,0.00
4.376000,-0.003,-0.009876,-0.009876,4.321,7.00,0.001254,0.005597,0.000006,0.004273,0.002,0.007,4.766,-39.281,0.350,2.629421,0.003217,0.000011,0.000000,0.000000,0.000000,0.000000,0.000000,0.000000,1,0.00
4.378000,-0.003,-0.009408,-0.009408,4.321,7.00,0.001031,0.005836,0.000007,0.003565,0.002,0.006,4.768,-39.278,0.350,2.629376,0.003353,0.000010,0.000000,0.000000,0.000000,0.000000,0.000000,0.000000,1,0.00
4.380000,-0.003,-0.010229,-0.010229,4.321,7.00,0.000822,0.006069,0.000008,0.004153,0.003,0.007,4.769,-39.274,0.350,2.629336,0.003487,0.000010,0.000000,0.000000,0.000000,0.000000,0.000000,0.000000,1,0.00
4.382000,-0.003,-0.010322,-0.010322,4.321,7.00,0.000601,0.006304,0.000009,0.004009,0.003,0.007,4.771,-39.271,0.350,2.629293,0.003622,0.000010,0.000000,0.000000,0.000000,0.000000,0.000000,0.000000,1,0.00
4.384000,-0.003,-0.009788,-0.009788,4.321,7.00,0.000383,0.006536,0.000011,0.003242,0.003,0.007,4.773,-39.267,0.350,2.629252,0.003755,0.000010,0.000000,0.000000,0.000000,0.000000,0.000000,0.000000,1,0.00
4.386000,-0.003,-0.010278,-0.010278,4.321,7.00,0.000179,0.006763,0.000012,0.003504,0.003,0.007,4.775,-39.264,0.350,2.629214,0.003885,0.000009,0.000000,0.000000,0.000000,0.000000,0.000000,0.000000,1,0.00
4.388000,-0.003,-0.010330,-0.010330,4.321,7.00,-0.000030,0.006990,0.000013,0.003327,0.003,0.007,4.777,-39.261,0.350,2.629176,0.004015,0.000009,0.000000,0.000000,0.000000,0.000000,0.000000,0.000000,1,0.00
4.390000,-0.004,-0.009960,-0.009960,4.321,7.00,-0.000236,0.007214,0.000015,0.002732,0.003,0.007,4.779,-39.257,0.350,2.629138,0.004143,0.000009,0.000000,0.000000,0.000000,0.000000,0.000000,0.000000,1,0.00
4.392000,-0.004,-0.010690,-0.010690,4.321,7.00,-0.000430,0.007434,0.000016,0.003240,0.003,0.007,4.781,-39.254,0.350,2.629104,0.004269,0.000008,0.000000,0.000000,0.000000,0.000000,0.000000,0.000000,1,0.00
4.394000,-0.004,-0.011491,-0.011491,4.321,7.00,-0.000635,0.007654,0.000016,0.003821,0.003,0.008,4.783,-39.250,0.350,2.629068,0.004396,0.000008,0.000000,0.000000,0.000000,0.000000,0.000000,0.000000,1,0.00
4.396000,-0.004,-0.011460,-0.011460,4.321,7.00,-0.000852,0.007876,0.000018,0.003566,0.003,0.008,4.784,-39.247,0.350,2.629031,0.004523,0.000008,0.000000,0.000000,0.000000,0.000000,0.000000,0.000000,1,0.00
4.398000,-0.004,-0.011832,-0.011832,4.321,7.00,-0.001065,0.008094,0.000020,0.003718,0.004,0.008,4.786,-39.244,0.350,2.628995,0.004648,0.000007,0.000000,0.000000,0.000000,0.000000,0.000000,0.000000,1,0.00
4.400000,-0.004,-0.008317,-0.008317,4.321,7.00,-0.001280,0.008312,0.000000,0.000005,0.000,0.006,4.788,-39.240,0.350,2.628959,0.004773,0.000007,0.000000,0.000000,0.000000,0.000000,0.000000,0.000000,1,0.00
4.402000,-0.004,-0.009388,-0.009388,4.321,7.00,-0.001421,0.008509,0.000001,0.000878,0.000,0.006,4.790,-39.237,0.350,2.628938,0.004886,0.000007,0.000000,0.000000,0.000000,0.000000,0.000000,0.000000,1,0.00
4.404000,-0.004,-0.009973,-0.009973,4.321,7.00,-0.001580,0.008709,0.000003,0.001262,0.000,0.007,4.792,-39.233,0.350,2.628913,0.005000,0.000006,0.000000,0.000000,0.000000,0.000000,0.000000,0.000000,1,0.00
4.406000,-0.004,-0.010721,-0.010721,4.321,7.00,-0.001748,0.008909,0.000005,0.001808,0.000,0.007,4.794,-39.230,0.350,2.628888,0.005115,0.000006,0.000000,0.000000,0.000000,0.000000,0.000000,0.000000,1,0.00
4.408000,-0.005,-0.011785,-0.011785,4.321,7.00,-0.001927,0.009110,0.000006,0.002669,0.004,0.008,4.796,-39.227,0.350,2.628860,0.005230,0.000005,0.000000,0.000000,0.000000,0.000000,0.000000,0.000000,1,0.00
4.410000,-0.005,-0.013043,-0.013043,4.321,7.00,-0.002124,0.009314,0.000007,0.003723,0.004,0.009,4.798,-39.223,0.350,2.628831,0.005347,0.000005,0.000000,0.000000,0.000000,0.000000,0.000000,0.000000,1,0.00
4.412000,-0.005,-0.012790,-0.012790,4.321,7.00,-0.002343,0.009521,0.000009,0.003260,0.004,0.009,4.799,-39.220,0.350,2.628797,0.005466,0.000005,0.000000,0.000000,0.000000,0.000000,0.000000,0.000000,1,0.00
4.414000,-0.005,-0.013114,-0.013114,4.321,7.00,-0.002552,0.009723,0.000011,0.003380,0.004,0.009,4.801,-39.216,0.350,2.628767,0.005582,0.000005,0.000000,0.000000,0.000000,0.000000,0.000000,0.000000,1,0.00
4.416000,-0.005,-0.013779,-0.013779,4.321,7.00,-0.002763,0.009924,0.000012,0.003843,0.005,0.009,4.803,-39.213,0.350,2.628736,0.005697,0.000004,0.000000,0.000000,0.000000,0.000000,0.000000,0.000000,1,0.00
4.418000,-0.005,-0.013564,-0.013564,4.321,7.00,-0.002983,0.010125,0.000014,0.003424,0.005,0.009,4.805,-39.210,0.350,2.628704,0.005813,0.000004,0.000000,0.000000,0.000000,0.000000,0.000000,0.000000,1,0.00
4.420000,-0.005,-0.013248,-0.013248,4.321,7.00,-0.003195,0.010322,0.000016,0.002909,0.005,0.009,4.807,-39.206,0.350,2.628675,0.005925,0.000004,0.000000,0.000000,0.000000,0.000000,0.000000,0.000000,1,0.00
4.422000,-0.005,-0.014194,-0.014194,4.321,7.00,-0.003396,0.010514,0.000017,0.003662,0.005,0.009,4.809,-39.203,0.350,2.628648,0.006035,0.000003,0.000000,0.000000,0.000000,0.000000,0.000000,0.000000,1,0.00
4.424000,-0.005,-0.014338,-0.014338,4.321,7.00,-0.003612,0.010708,0.000020,0.003611,0.005,0.010,4.811,-39.199,0.350,2.628619,0.006146,0.000003,0.000000,0.000000,0.000000,0.000000,0.000000,0.000000,1,0.00
4.426000,-0.005,-0.014100,-0.014100,4.321,7.00,-0.003826,0.010899,0.000021,0.003180,0.005,0.009,4.813,-39.196,0.350,2.628591,0.006256,0.000002,0.000000,0.000000,0.000000,0.000000,0.000000,0.000000,1,0.00
4.428000,-0.006,-0.014403,-0.014403,4.321,7.00,-0.004032,0.011085,0.000023,0.003295,0.005,0.010,4.814,-39.193,0.350,2.628566,0.006362,0.000002,0.000000,0.000000,0.000000,0.000000,0.000000,0.000000,1,0.00
4.430000,-0.006,-0.014994,-0.014994,4.321,7.00,-0.004239,0.011270,0.000024,0.003700,0.005,0.010,4.816,-39.189,0.350,2.628540,0.006468,0.000001,0.000000,0.000000,0.000000,0.000000,0.000000,0.000000,1,0.00
4.432000,-0.006,-0.014845,-0.014845,4.321,7.00,-0.004454,0.011454,0.000026,0.003366,0.005,0.010,4.818,-39.186,0.350,2.628514,0.006573,0.000001,0.000000,0.000000,0.000000,0.000000,0.000000,0.000000,1,0.00
4.434000,-0.006,-0.014929,-0.014929,4.321,7.00,-0.004662,0.011633,0.000028,0.003267,0.005,0.010,4.820,-39.182,0.350,2.628489,0.006676,-0.000000,0.000000,0.000000,0.000000,0.000000,0.000000,0.000000,1,0.00
4.436000,-0.006,-0.014982,-0.014982,4.321,7.00,-0.004867,0.011810,0.000031,0.003141,0.006,0.010,4.822,-39.179,0.350,2.628466,0.006778,-0.000001,0.000000,0.000000,0.000000,0.000000,0.000000,0.000000,1,0.00
4.438000,-0.006,-0.015413,-0.015413,4.321,7.00,-0.005070,0.011984,0.000032,0.003397,0.006,0.010,4.824,-39.176,0.350,2.628444,0.006877,-0.000001,0.000000,0.000000,0.000000,0.000000,0.000000,0.000000,1,0.00
4.440000,-0.006,-0.015176,-0.015176,4.321,7.00,-0.005276,0.012156,0.000034,0.002986,0.006,0.010,4.826,-39.172,0.350,2.628422,0.006976,-0.000002,0.000000,0.000000,0.000000,0.000000,0.000000,0.000000,1,0.00
4.442000,-0.006,-0.015064,-0.015064,4.321,7.00,-0.005474,0.012324,0.000036,0.002704,0.006,0.010,4.828,-39.169,0.350,2.628402,0.007072,-0.000002,0.000000,0.000000,0.000000,0.000000,0.000000,0.000000,1,0.00
4.444000,-0.006,-0.015172,-0.015172,4.321,7.00,-0.005666,0.012487,0.000039,0.002645,0.006,0.010,4.829,-39.165,0.350,2.628384,0.007165,-0.000003,0.000000,0.000000,0.000000,0.000000,0.000000,0.000000,1,0.00
4.446000,-0.006,-0.015419,-0.015419,4.321,7.00,-0.005856,0.012648,0.000041,0.002729,0.006,0.010,4.831,-39.162,0.350,2.628366,0.007257,-0.000004,0.000000,0.000000,0.000000,0.000000,0.000000,0.000000,1,0.00
4.448000,-0.006,-0.015196,-0.015196,4.321,7.00,-0.006048,0.012807,0.000044,0.002346,0.006,0.010,4.833,-39.158,0.350,2.628350,0.007348,-0.000004,0.000000,0.000000,0.000000,0.000000,0.000000,0.000000,1,0.00
4.450000,-0.006,-0.015104,-0.015104,4.321,7.00,-0.006231,0.012961,0.000047,0.002096,0.006,0.010,4.835,-39.155,0.350,2.628335,0.007436,-0.000005,0.000000,0.000000,0.000000,0.000000,0.000000,0.000000,1,0.00
4.452000,-0.007,-0.015164,-0.015164,4.321,7.00,-0.006408,0.013111,0.000049,0.002005,0.006,0.010,4.837,-39.152,0.350,2.628321,0.007522,-0.000005,0.000000,0.000000,0.000000,0.000000,0.000000,0.000000,1,0.00
4.454000,-0.007,-0.015458,-0.015458,4.321,7.00,-0.006583,0.013257,0.000051,0.002149,0.006,0.010,4.839,-39.148,0.350,2.628309,0.007606,-0.000006,0.000000,0.000000,0.000000,0.000000,0.000000,0.000000,1,0.00
4.456000,-0.007,-0.015484,-0.015484,4.321,7.00,-0.006761,0.013402,0.000054,0.002028,0.006,0.010,4.841,-39.145,0.350,2.628296,0.007689,-0.000006,0.000000,0.000000,0.000000,0.000000,0.000000,0.000000,1,0.00
4.458000,-0.007,-0.015878,-0.015878,4.321,7.00,-0.006935,0.013544,0.000055,0.002279,0.006,0.011,4.843,-39.141,0.350,2.628285,0.007770,-0.000007,0.000000,0.000000,0.000000,0.000000,0.000000,0.000000,1,0.00
4.460000,-0.007,-0.016039,-0.016039,4.321,7.00,-0.007114,0.013684,0.000058,0.002297,0.007,0.011,4.845,-39.138,0.350,2.628274,0.007850,-0.000008,0.000000,0.000000,0.000000,0.000000,0.000000,0.000000,1,0.00
4.462000,-0.007,-0.015987,-0.015987,4.321,7.00,-0.007292,0.013821,0.000062,0.002104,0.007,0.011,4.846,-39.135,0.350,2.628263,0.007929,-0.000008,0.000000,0.000000,0.000000,0.000000,0.000000,0.000000,1,0.00
4.464000,-0.007,-0.016249,-0.016249,4.321,7.00,-0.007466,0.013955,0.000064,0.002231,0.007,0.011,4.848,-39.131,0.350,2.628253,0.008005,-0.000009,0.000000,0.000000,0.000000,0.000000,0.000000,0.000000,1,0.00
4.466000,-0.007,-0.016206,-0.016206,4.321,7.00,-0.007642,0.014087,0.000068,0.002052,0.007,0.011,4.850,-39.128,0.350,2.628244,0.008080,-0.000009,0.000000,0.000000,0.000000,0.000000,0.000000,0.000000,1,0.00
4.468000,-0.007,-0.015998,-0.015998,4.321,7.00,-0.007813,0.014214,0.000070,0.001714,0.007,0.011,4.852,-39.124,0.350,2.628236,0.008154,-0.000010,0.000000,0.000000,0.000000,0.000000,0.000000,0.000000,1,0.00
4.470000,-0.007,-0.016062,-0.016062,4.321,7.00,-0.007977,0.014338,0.000074,0.001650,0.007,0.011,4.854,-39.121,0.350,2.628230,0.008224,-0.000010,0.000000,0.000000,0.000000,0.000000,0.000000,0.000000,1,0.00
4.472000,-0.007,-0.016125,-0.016125,4.321,7.00,-0.008139,0.014458,0.000078,0.001589,0.007,0.011,4.856,-39.118,0.350,2.628224,0.008293,-0.000011,0.000000,0.000000,0.000000,0.000000,0.000000,0.000000,1,0.00
4.474000,-0.007,-0.015960,-0.015960,4.321,7.00,-0.008298,0.014575,0.000081,0.001304,0.007,0.011,4.858,-39.114,0.350,2.628220,0.008359,-0.000011,0.000000,0.000000,0.000000,0.000000,0.000000,0.000000,1,0.00
4.476000,-0.007,-0.016163,-0.016163,4.321,7.00,-0.008451,0.014687,0.000084,0.001392,0.007,0.011,4.860,-39.111,0.350,2.628217,0.008424,-0.000012,0.000000,0.000000,0.000000,0.000000,0.000000,0.000000,1,0.00
4.478000,-0.007,-0.016253,-0.016253,4.321,7.00,-0.008606,0.014797,0.000086,0.001369,0.007,0.011,4.861,-39.107,0.350,2.628215,0.008487,-0.000012,0.000000,0.000000,0.000000,0.000000,0.000000,0.000000,1,0.00
4.480000,-0.007,-0.016627,-0.016627,4.321,7.00,-0.008759,0.014905,0.000088,0.001635,0.007,0.011,4.863,-39.104,0.350,2.628213,0.008548,-0.000013,0.000000,0.000000,0.000000,0.000000,0.000000,0.000000,1,0.00
4.482000,-0.008,-0.016766,-0.016766,4.321,7.00,-0.008916,0.015010,0.000091,0.001665,0.007,0.011,4.865,-39.101,0.350,2.628211,0.008608,-0.000013,0.000000,0.000000,0.000000,0.000000,0.000000,0.000000,1,0.00
4.484000,-0.008,-0.016851,-0.016851,4.321,7.00,-0.009073,0.015113,0.000094,0.001644,0.007,0.011,4.867,-39.097,0.350,2.628209,0.008667,-0.000014,0.000000,0.000000,0.000000,0.000000,0.000000,0.000000,1,0.00
4.486000,-0.008,-0.017101,-0.017101,4.321,7.00,-0.009228,0.015213,0.000096,0.001793,0.007,0.011,4.869,-39.094,0.350,2.628208,0.008724,-0.000014,0.000000,0.000000,0.000000,0.000000,0.000000,0.000000,1,0.00
4.488000,-0.008,-0.017330,-0.017330,4.321,7.00,-0.009386,0.015310,0.000097,0.001923,0.007,0.012,4.871,-39.090,0.350,2.628207,0.008780,-0.000015,0.000000,0.000000,0.000000,0.000000,0.000000,0.000000,1,0.00
4.490000,-0.008,-0.017108,-0.017108,4.321,7.00,-0.009545,0.015405,0.000101,0.001602,0.008,0.011,4.873,-39.087,0.350,2.628207,0.008834,-0.000015,0.000000,0.000000,0.000000,0.000000,0.000000,0.000000,1,0.00
4.492000,-0.008,-0.017165,-0.017165,4.321,7.00,-0.009696,0.015495,0.000105,0.001565,0.008,0.011,4.875,-39.084,0.350,2.628208,0.008885,-0.000016,0.000000,0.000000,0.000000,0.000000,0.000000,0.000000,1,0.00
4.494000,-0.008,-0.017402,-0.017402,4.321,7.00,-0.009845,0.015582,0.000107,0.001713,0.008,0.012,4.877,-39.080,0.350,2.628210,0.008935,-0.000016,0.000000,0.000000,0.000000,0.000000,0.000000,0.000000,1,0.00
4.496000,-0.008,-0.017174,-0.017174,4.321,7.00,-0.009997,0.015667,0.000111,0.001396,0.008,0.011,4.878,-39.077,0.350,2.628212,0.008983,-0.000017,0.000000,0.000000,0.000000,0.000000,0.000000,0.000000,1,0.00
4.498000,-0.008,-0.017025,-0.017025,4.321,7.00,-0.010140,0.015747,0.000114,0.001164,0.008,0.011,4.880,-39.073,0.350,2.628217,0.009029,-0.000017,0.000000,0.000000,0.000000,0.000000,0.000000,0.000000,1,0.00
4.500000,-0.008,-0.015832,-0.015832,4.321,7.00,-0.010278,0.015823,0.000000,0.000009,0.000,0.011,4.882,-39.070,0.350,2.628222,0.009072,-0.000018,0.000000,0.000000,0.000000,0.000000,0.000000,0.000000,1,0.00
4.502000,-0.008,-0.016195,-0.016195,4.321,7.00,-0.010389,0.015890,0.000002,0.000303,0.000,0.011,4.884,-39.067,0.350,2.628233,0.009110,-0.000018,0.000000,0.000000,0.000000,0.000000,0.000000,0.000000,1,0.00
4.504000,-0.008,-0.016392,-0.016392,4.321,7.00,-0.010505,0.015955,0.000006,0.000431,0.000,0.011,4.886,-39.063,0.350,2.628243,0.009147,-0.000019,0.000000,0.000000,0.000000,0.000000,0.000000,0.000000,1,0.00
4.506000,-0.008,-0.016599,-0.016599,4.321,7.00,-0.010623,0.016018,0.000009,0.000572,0.000,0.011,4.888,-39.060,0.350,2.628253,0.009183,-0.000019,0.000000,0.000000,0.000000,0.000000,0.000000,0.000000,1,0.00
4.508000,-0.008,-0.016919,-0.016919,4.321,7.00,-0.010742,0.016078,0.000011,0.000830,0.008,0.011,4.890,-39.056,0.350,2.628263,0.009218,-0.000020,0.000000,0.000000,0.000000,0.000000,0.000000,0.000000,1,0.00
4.510000,-0.008,-0.017080,-0.017080,4.321,7.00,-0.010866,0.016137,0.000016,0.000928,0.008,0.011,4.892,-39.053,0.350,2.628273,0.009251,-0.000020,0.000000,0.000000,0.000000,0.000000,0.000000,0.000000,1,0.00
4.512000,-0.008,-0.016999,-0.016999,4.321,7.00,-0.010990,0.016193,0.000019,0.000787,0.008,0.011,4.894,-39.050,0.350,2.628284,0.009283,-0.000020,0.000000,0.000000,0.000000,0.000000,0.000000,0.000000,1,0.00
4.514000,-0.008,-0.017052,-0.017052,4.321,7.00,-0.011110,0.016245,0.000022,0.000785,0.008,0.011,4.895,-39.046,0.350,2.628295,0.009313,-0.000021,0.000000,0.000000,0.000000,0.000000,0.000000,0.000000,1,0.00
4.516000,-0.008,-0.017102,-0.017102,4.321,7.00,-0.011229,0.016295,0.000025,0.000783,0.008,0.011,4.897,-39.043,0.350,2.628307,0.009341,-0.000021,0.000000,0.000000,0.000000,0.000000,0.000000,0.000000,1,0.00
4.518000,-0.008,-0.017014,-0.017014,4.321,7.00,-0.011346,0.016341,0.000028,0.000645,0.008,0.011,4.899,-39.039,0.350,2.628319,0.009367,-0.000022,0.000000,0.000000,0.000000,0.000000,0.000000,0.000000,1,0.00
4.520000,-0.008,-0.017116,-0.017116,4.321,7.00,-0.011460,0.016383,0.000030,0.000702,0.008,0.011,4.901,-39.036,0.350,2.628333,0.009391,-0.000022,0.000000,0.000000,0.000000,0.000000,0.000000,0.000000,1,0.00
4.522000,-0.008,-0.017158,-0.017158,4.321,7.00,-0.011573,0.016423,0.000032,0.000702,0.008,0.011,4.903,-39.033,0.350,2.628346,0.009413,-0.000023,0.000000,0.000000,0.000000,0.000000,0.000000,0.000000,1,0.00
4.524000,-0.008,-0.017145,-0.017145,4.321,7.00,-0.011685,0.016460,0.000037,0.000649,0.008,0.011,4.905,-39.029,0.350,2.628361,0.009434,-0.000023,0.000000,0.000000,0.000000,0.000000,0.000000,0.000000,1,0.00
4.526000,-0.008,-0.017132,-0.017132,4.321,7.00,-0.011794,0.016493,0.000040,0.000599,0.008,0.011,4.907,-39.026,0.350,2.628376,0.009453,-0.000023,0.000000,0.000000,0.000000,0.000000,0.000000,0.000000,1,0.00
4.528000,-0.008,-0.017166,-0.017166,4.321,7.00,-0.011901,0.016522,0.000042,0.000601,0.008,0.011,4.909,-39.023,0.350,2.628392,0.009470,-0.000024,0.000000,0.000000,0.000000,0.000000,0.000000,0.000000,1,0.00
4.530000,-0.008,-0.017133,-0.017133,4.321,7.00,-0.012006,0.016549,0.000044,0.000540,0.008,0.011,4.911,-39.019,0.350,2.628409,0.009485,-0.000024,0.000000,0.000000,0.000000,0.000000,0.000000,0.000000,1,0.00
4.532000,-0.008,-0.017055,-0.017055,4.321,7.00,-0.012108,0.016572,0.000048,0.000435,0.008,0.011,4.913,-39.016,0.350,2.628427,0.009498,-0.000025,0.000000,0.000000,0.000000,0.000000,0.000000,0.000000,1,0.00
4.534000,-0.008,-0.017061,-0.017061,4.321,7.00,-0.012207,0.016592,0.000051,0.000418,0.008,0.011,4.914,-39.012,0.350,2.628445,0.009509,-0.000025,0.000000,0.000000,0.000000,0.000000,0.000000,0.000000,1,0.00
4.536000,-0.008,-0.017068,-0.017068,4.321,7.00,-0.012304,0.016609,0.000052,0.000407,0.008,0.011,4.916,-39.009,0.350,2.628464,0.009518,-0.000025,0.000000,0.000000,0.000000,0.000000,0.000000,0.000000,1,0.00
4.538000,-0.008,-0.016991,-0.016991,4.321,7.00,-0.012400,0.016622,0.000056,0.000313,0.008,0.011,4.918,-39.006,0.350,2.628484,0.009525,-0.000026,0.000000,0.000000,0.000000,0.000000,0.000000,0.000000,1,0.00
4.540000,-0.008,-0.016926,-0.016926,4.321,7.00,-0.012491,0.016632,0.000059,0.000235,0.008,0.011,4.920,-39.002,0.350,2.628505,0.009530,-0.000026,0.000000,0.000000,0.000000,0.000000,0.000000,0.000000,1,0.00
4.542000,-0.008,-0.016918,-0.016918,4.321,7.00,-0.012580,0.016638,0.000061,0.000219,0.008,0.011,4.922,-38.999,0.350,2.628526,0.009534,-0.000026,0.000000,0.000000,0.000000,0.000000,0.000000,0.000000,1,0.00
4.544000,-0.008,-0.016882,-0.016882,4.321,7.00,-0.012667,0.016641,0.000063,0.000179,0.008,0.011,4.924,-38.995,0.350,2.628548,0.009535,-0.000026,0.000000,0.000000,0.000000,0.000000,0.000000,0.000000,1,0.00
4.546000,-0.008,-0.016809,-0.016809,4.321,7.00,-0.012751,0.016641,0.000067,0.000101,0.008,0.011,4.926,-38.992,0.350,2.628571,0.009535,-0.000027,0.000000,0.000000,0.000000,0.000000,0.000000,0.000000,1,0.00
4.548000,-0.008,-0.016770,-0.016770,4.321,7.00,-0.012832,0.016637,0.000070,0.000062,0.008,0.011,4.928,-38.989,0.350,2.628595,0.009533,-0.000027,0.000000,0.000000,0.000000,0.000000,0.000000,0.000000,1,0.00
4.550000,-0.008,-0.016725,-0.016725,4.321,7.00,-0.012911,0.016630,0.000074,0.000021,0.008,0.011,4.930,-38.985,0.350,2.628619,0.009528,-0.000027,0.000000,0.000000,0.000000,0.000000,0.000000,0.000000,1,0.00
4.552000,-0.008,-0.016661,-0.016661,4.321,7.00,-0.012987,0.016620,0.000077,-0.000036,0.008,0.011,4.932,-38.982,0.350,2.628644,0.009522,-0.000027,0.000000,0.000000,0.000000,0.000000,0.000000,0.000000,1,0.00
4.554000,-0.008,-0.016602,-0.016602,4.321,7.00,-0.013061,0.016607,0.000080,-0.000085,0.008,0.011,4.933,-38.978,0.350,2.628670,0.009514,-0.000028,0.000000,0.000000,0.000000,0.000000,0.000000,0.000000,1,0.00
4.556000,-0.008,-0.016569,-0.016569,4.321,7.00,-0.013132,0.016590,0.000086,-0.000107,0.008,0.011,4.935,-38.975,0.350,2.628696,0.009505,-0.000028,0.000000,0.000000,0.000000,0.000000,0.000000,0.000000,1,0.00
4.558000,-0.008,-0.016508,-0.016508,4.321,7.00,-0.013200,0.016570,0.000089,-0.000152,0.008,0.011,4.937,-38.972,0.350,2.628723,0.009493,-0.000028,0.000000,0.000000,0.000000,0.000000,0.000000,0.000000,1,0.00
4.560000,-0.008,-0.016413,-0.016413,4.321,7.00,-0.013267,0.016547,0.000091,-0.000226,0.008,0.011,4.939,-38.968,0.350,2.628751,0.009479,-0.000028,0.000000,0.000000,0.000000,0.000000,0.000000,0.000000,1,0.00
4.562000,-0.008,-0.016296,-0.016296,4.321,7.00,-0.013329,0.016521,0.000093,-0.000318,0.008,0.011,4.941,-38.965,0.350,2.628779,0.009464,-0.000028,0.000000,0.000000,0.000000,0.000000,0.000000,0.000000,1,0.00
4.564000,-0.008,-0.016244,-0.016244,4.321,7.00,-0.013389,0.016491,0.000097,-0.000344,0.008,0.011,4.943,-38.961,0.350,2.628809,0.009447,-0.000028,0.000000,0.000000,0.000000,0.000000,0.000000,0.000000,1,0.00
4.566000,-0.008,-0.016158,-0.016158,4.321,7.00,-0.013446,0.016458,0.000101,-0.000401,0.008,0.011,4.945,-38.958,0.350,2.628839,0.009428,-0.000028,0.000000,0.000000,0.000000,0.000000,0.000000,0.000000,1,0.00
4.568000,-0.008,-0.016029,-0.016029,4.321,7.00,-0.013500,0.016422,0.000103,-0.000496,0.008,0.011,4.947,-38.955,0.350,2.628869,0.009407,-0.000029,0.000000,0.000000,0.000000,0.000000,0.000000,0.000000,1,0.00
4.570000,-0.008,-0.015907,-0.015907,4.321,7.00,-0.013551,0.016382,0.000105,-0.000580,0.008,0.011,4.949,-38.951,0.350,2.628901,0.009384,-0.000029,0.000000,0.000000,0.000000,0.000000,0.000000,0.000000,1,0.00
4.572000,-0.008,-0.015893,-0.015893,4.321,7.00,-0.013598,0.016339,0.000109,-0.000555,0.008,0.011,4.951,-38.948,0.350,2.628933,0.009359,-0.000029,0.000000,0.000000,0.000000,0.000000,0.000000,0.000000,1,0.00
4.574000,-0.008,-0.015812,-0.015812,4.321,7.00,-0.013644,0.016294,0.000112,-0.000594,0.008,0.011,4.952,-38.944,0.350,2.628966,0.009332,-0.000029,0.000000,0.000000,0.000000,0.000000,0.000000,0.000000,1,0.00
4.576000,-0.008,-0.015630,-0.015630,4.321,7.00,-0.013687,0.016245,0.000114,-0.000729,0.008,0.010,4.954,-38.941,0.350,2.628999,0.009304,-0.000029,0.000000,0.000000,0.000000,0.000000,0.000000,0.000000,1,0.00
4.578000,-0.008,-0.015629,-0.015629,4.321,7.00,-0.013726,0.016193,0.000118,-0.000682,0.008,0.010,4.956,-38.938,0.350,2.629033,0.009274,-0.000029,0.000000,0.000000,0.000000,0.000000,0.000000,0.000000,1,0.00
4.580000,-0.008,-0.015609,-0.015609,4.321,7.00,-0.013764,0.016138,0.000121,-0.000650,0.008,0.010,4.958,-38.934,0.350,2.629067,0.009242,-0.000029,0.000000,0.000000,0.000000,0.000000,0.000000,0.000000,1,0.00
4.582000,-0.008,-0.015347,-0.015347,4.321,7.00,-0.013801,0.016080,0.000123,-0.000856,0.008,0.010,4.960,-38.931,0.350,2.629102,0.009209,-0.000029,0.000000,0.000000,0.000000,0.000000,0.000000,0.000000,1,0.00
4.584000,-0.008,-0.015117,-0.015117,4.321,7.00,-0.013832,0.016019,0.000125,-0.001027,0.008,0.010,4.962,-38.928,0.350,2.629138,0.009174,-0.000029,0.000000,0.000000,0.000000,0.000000,0.000000,0.000000,1,0.00
4.586000,-0.008,-0.015135,-0.015135,4.321,7.00,-0.013858,0.015954,0.000129,-0.000947,0.008,0.010,4.964,-38.924,0.350,2.629175,0.009136,-0.000029,0.000000,0.000000,0.000000,0.000000,0.000000,0.000000,1,0.00
4.588000,-0.008,-0.014990,-0.014990,4.321,7.00,-0.013883,0.015886,0.000131,-0.001027,0.008,0.010,4.966,-38.921,0.350,2.629212,0.009098,-0.000029,0.000000,0.000000,0.000000,0.000000,0.000000,0.000000,1,0.00
4.590000,-0.008,-0.014716,-0.014716,4.321,7.00,-0.013905,0.015816,0.000133,-0.001233,0.008,0.010,4.968,-38.917,0.350,2.629250,0.009057,-0.000029,0.000000,0.000000,0.000000,0.000000,0.000000,0.000000,1,0.00
4.592000,-0.008,-0.014789,-0.014789,4.321,7.00,-0.013921,0.015742,0.000137,-0.001090,0.008,0.010,4.970,-38.914,0.350,2.629289,0.009014,-0.000029,0.000000,0.000000,0.000000,0.000000,0.000000,0.000000,1,0.00
4.594000,-0.008,-0.014774,-0.014774,4.321,7.00,-0.013939,0.015665,0.000140,-0.001031,0.008,0.010,4.971,-38.911,0.350,2.629328,0.008970,-0.000029,0.000000,0.000000,0.000000,0.000000,0.000000,0.000000,1,0.00
4.596000,-0.008,-0.014443,-0.014443,4.321,7.00,-0.013955,0.015587,0.000141,-0.001285,0.008,0.010,4.973,-38.907,0.350,2.629367,0.008925,-0.000028,0.000000,0.000000,0.000000,0.000000,0.000000,0.000000,1,0.00
4.598000,-0.008,-0.014369,-0.014369,4.321,7.00,-0.013965,0.015504,0.000145,-0.001280,0.008,0.010,4.975,-38.904,0.350,2.629407,0.008878,-0.000028,0.000000,0.000000,0.000000,0.000000,0.000000,0.000000,1,0.00
4.600000,-0.008,-0.015428,-0.015428,4.321,7.00,-0.013973,0.015419,0.000000,0.000009,0.000,0.010,4.977,-38.900,0.350,2.629447,0.008829,-0.000028,0.000000,0.000000,0.000000,0.000000,0.000000,0.000000,1,0.00
4.602000,-0.008,-0.015002,-0.015002,4.321,7.00,-0.014002,0.015337,0.000002,-0.000336,0.000,0.010,4.979,-38.897,0.350,2.629484,0.008781,-0.000028,0.000000,0.000000,0.000000,0.000000,0.000000,0.000000,1,0.00
4.604000,-0.008,-0.014514,-0.014514,4.321,7.00,-0.014022,0.015250,0.000003,-0.000739,0.000,0.010,4.981,-38.894,0.350,2.629523,0.008731,-0.000028,0.000000,0.000000,0.000000,0.000000,0.000000,0.000000,1,0.00
4.606000,-0.008,-0.014075,-0.014075,4.321,7.00,-0.014032,0.015159,0.000005,-0.001089,0.000,0.009,4.983,-38.890,0.350,2.629563,0.008679,-0.000028,0.000000,0.000000,0.000000,0.000000,0.000000,0.000000,1,0.00
4.608000,-0.008,-0.013743,-0.013743,4.321,7.00,-0.014033,0.015063,0.000008,-0.001329,0.008,0.009,4.985,-38.887,0.350,2.629605,0.008624,-0.000028,0.000000,0.000000,0.000000,0.000000,0.000000,0.000000,1,0.00
4.610000,-0.007,-0.013391,-0.013391,4.321,7.00,-0.014027,0.014964,0.000011,-0.001584,0.008,0.009,4.987,-38.883,0.350,2.629649,0.008567,-0.000028,0.000000,0.000000,0.000000,0.000000,0.000000,0.000000,1,0.00
4.612000,-0.007,-0.013310,-0.013310,4.321,7.00,-0.014014,0.014861,0.000014,-0.001565,0.008,0.009,4.989,-38.880,0.350,2.629693,0.008508,-0.000027,0.000000,0.000000,0.000000,0.000000,0.000000,0.000000,1,0.00
4.614000,-0.007,-0.013335,-0.013335,4.321,7.00,-0.014000,0.014756,0.000017,-0.001437,0.008,0.009,4.991,-38.877,0.350,2.629738,0.008447,-0.000027,0.000000,0.000000,0.000000,0.000000,0.000000,0.000000,1,0.00
4.616000,-0.007,-0.013070,-0.013070,4.321,7.00,-0.013987,0.014649,0.000018,-0.001597,0.008,0.009,4.992,-38.873,0.350,2.629782,0.008386,-0.000027,0.000000,0.000000,0.000000,0.000000,0.000000,0.000000,1,0.00
4.618000,-0.007,-0.012957,-0.012957,4.321,7.00,-0.013969,0.014539,0.000021,-0.001603,0.007,0.009,4.994,-38.870,0.350,2.629828,0.008323,-0.000027,0.000000,0.000000,0.000000,0.000000,0.000000,0.000000,1,0.00
4.620000,-0.007,-0.012838,-0.012838,4.321,7.00,-0.013948,0.014426,0.000025,-0.001613,0.007,0.009,4.996,-38.866,0.350,2.629874,0.008258,-0.000027,0.000000,0.000000,0.000000,0.000000,0.000000,0.000000,1,0.00
4.622000,-0.007,-0.012505,-0.012505,4.321,7.00,-0.013926,0.014311,0.000026,-0.001832,0.007,0.008,4.998,-38.863,0.350,2.629920,0.008192,-0.000027,0.000000,0.000000,0.000000,0.000000,0.000000,0.000000,1,0.00
4.624000,-0.007,-0.012131,-0.012131,4.321,7.00,-0.013898,0.014193,0.000028,-0.002089,0.007,0.008,5.000,-38.860,0.350,2.629967,0.008124,-0.000026,0.000000,0.000000,0.000000,0.000000,0.000000,0.000000,1,0.00
4.626000,-0.007,-0.012013,-0.012013,4.321,7.00,-0.013862,0.014071,0.000029,-0.002087,0.007,0.008,5.002,-38.856,0.350,2.630015,0.008054,-0.000026,0.000000,0.000000,0.000000,0.000000,0.000000,0.000000,1,0.00
4.628000,-0.007,-0.011942,-0.011942,4.321,7.00,-0.013825,0.013947,0.000034,-0.002039,0.007,0.008,5.004,-38.853,0.350,2.630064,0.007983,-0.000026,0.000000,0.000000,0.000000,0.000000,0.000000,0.000000,1,0.00
4.630000,-0.007,-0.011544,-0.011544,4.321,7.00,-0.013788,0.013821,0.000035,-0.002313,0.007,0.008,5.006,-38.850,0.350,2.630112,0.007910,-0.000026,0.000000,0.000000,0.000000,0.000000,0.000000,0.000000,1,0.00
4.632000,-0.007,-0.011733,-0.011733,4.321,7.00,-0.013743,0.013692,0.000039,-0.001998,0.007,0.008,5.008,-38.846,0.350,2.630162,0.007836,-0.000025,0.000000,0.000000,0.000000,0.000000,0.000000,0.000000,1,0.00
4.634000,-0.007,-0.011787,-0.011787,4.321,7.00,-0.013703,0.013562,0.000042,-0.001816,0.007,0.008,5.010,-38.843,0.350,2.630210,0.007762,-0.000025,0.000000,0.000000,0.000000,0.000000,0.000000,0.000000,1,0.00
4.636000,-0.007,-0.011585,-0.011585,4.321,7.00,-0.013664,0.013431,0.000043,-0.001889,0.007,0.008,5.012,-38.839,0.350,2.630259,0.007686,-0.000025,0.000000,0.000000,0.000000,0.000000,0.000000,0.000000,1,0.00
4.638000,-0.007,-0.011120,-0.011120,4.321,7.00,-0.013623,0.013297,0.000045,-0.002222,0.007,0.007,5.013,-38.836,0.350,2.630307,0.007610,-0.000024,0.000000,0.000000,0.000000,0.000000,0.000000,0.000000,1,0.00
4.640000,-0.007,-0.011138,-0.011138,4.321,7.00,-0.013573,0.013160,0.000047,-0.002069,0.007,0.007,5.015,-38.833,0.350,2.630358,0.007531,-0.000024,0.000000,0.000000,0.000000,0.000000,0.000000,0.000000,1,0.00
4.642000,-0.007,-0.011045,-0.011045,4.321,7.00,-0.013524,0.013021,0.000052,-0.002028,0.007,0.007,5.017,-38.829,0.350,2.630407,0.007452,-0.000024,0.000000,0.000000,0.000000,0.000000,0.000000,0.000000,1,0.00
4.644000,-0.006,-0.010669,-0.010669,4.321,7.00,-0.013474,0.012881,0.000054,-0.002265,0.007,0.007,5.019,-38.826,0.350,2.630457,0.007371,-0.000023,0.000000,0.000000,0.000000,0.000000,0.000000,0.000000,1,0.00
4.646000,-0.006,-0.010566,-0.010566,4.321,7.00,-0.013418,0.012738,0.000055,-0.002227,0.007,0.007,5.021,-38.822,0.350,2.630507,0.007289,-0.000023,0.000000,0.000000,0.000000,0.000000,0.000000,0.000000,1,0.00
4.648000,-0.006,-0.010477,-0.010477,4.321,7.00,-0.013361,0.012593,0.000057,-0.002173,0.007,0.007,5.023,-38.819,0.350,2.630558,0.007206,-0.000023,0.000000,0.000000,0.000000,0.000000,0.000000,0.000000,1,0.00
4.650000,-0.006,-0.010432,-0.010432,4.321,7.00,-0.013304,0.012446,0.000061,-0.002075,0.007,0.007,5.025,-38.816,0.350,2.630609,0.007122,-0.000023,0.000000,0.000000,0.000000,0.000000,0.000000,0.000000,1,0.00
4.652000,-0.006,-0.009960,-0.009960,4.321,7.00,-0.013246,0.012298,0.000062,-0.002400,0.006,0.007,5.027,-38.812,0.350,2.630660,0.007037,-0.000022,0.000000,0.000000,0.000000,0.000000,0.000000,0.000000,1,0.00
4.654000,-0.006,-0.009905,-0.009905,4.321,7.00,-0.013181,0.012146,0.000064,-0.002306,0.006,0.007,5.029,-38.809,0.350,2.630711,0.006950,-0.000022,0.000000,0.000000,0.000000,0.000000,0.000000,0.000000,1,0.00
4.656000,-0.006,-0.010040,-0.010040,4.321,7.00,-0.013115,0.011994,0.000068,-0.002022,0.006,0.007,5.031,-38.806,0.350,2.630763,0.006862,-0.000022,0.000000,0.000000,0.000000,0.000000,0.000000,0.000000,1,0.00
4.658000,-0.006,-0.010055,-0.010055,4.321,7.00,-0.013054,0.011840,0.000071,-0.001856,0.006,0.007,5.033,-38.802,0.350,2.630814,0.006775,-0.000021,0.000000,0.000000,0.000000,0.000000,0.000000,0.000000,1,0.00
4.660000,-0.006,-0.009819,-0.009819,4.321,7.00,-0.012994,0.011686,0.000073,-0.001941,0.006,0.007,5.034,-38.799,0.350,2.630864,0.006686,-0.000021,0.000000,0.000000,0.000000,0.000000,0.000000,0.000000,1,0.00
4.662000,-0.006,-0.009487,-0.009487,4.321,7.00,-0.012930,0.011530,0.000074,-0.002117,0.006,0.006,5.036,-38.795,0.350,2.630914,0.006597,-0.000021,0.000000,0.000000,0.000000,0.000000,0.000000,0.000000,1,0.00
4.664000,-0.006,-0.009118,-0.009118,4.321,7.00,-0.012861,0.011371,0.000076,-0.002329,0.006,0.006,5.038,-38.792,0.350,2.630966,0.006506,-0.000020,0.000000,0.000000,0.000000,0.000000,0.000000,0.000000,1,0.00
4.666000,-0.006,-0.008680,-0.008680,4.321,7.00,-0.012786,0.011210,0.000077,-0.002608,0.006,0.006,5.040,-38.789,0.350,2.631018,0.006413,-0.000020,0.000000,0.000000,0.000000,0.000000,0.000000,0.000000,1,0.00
4.668000,-0.006,-0.008395,-0.008395,4.321,7.00,-0.012704,0.011046,0.000079,-0.002730,0.006,0.006,5.042,-38.785,0.350,2.631071,0.006319,-0.000020,0.000000,0.000000,0.000000,0.000000,0.000000,0.000000,1,0.00
4.670000,-0.005,-0.008208,-0.008208,4.321,7.00,-0.012618,0.010880,0.000082,-0.002754,0.006,0.005,5.044,-38.782,0.350,2.631125,0.006224,-0.000019,0.000000,0.000000,0.000000,0.000000,0.000000,0.000000,1,0.00
4.672000,-0.005,-0.008274,-0.008274,4.321,7.00,-0.012530,0.010712,0.000084,-0.002522,0.006,0.006,5.046,-38.778,0.350,2.631179,0.006128,-0.000019,0.000000,0.000000,0.000000,0.000000,0.000000,0.000000,1,0.00
4.674000,-0.005,-0.008337,-0.008337,4.321,7.00,-0.012445,0.010544,0.000086,-0.002293,0.006,0.006,5.048,-38.775,0.350,2.631232,0.006031,-0.000019,0.000000,0.000000,0.000000,0.000000,0.000000,0.000000,1,0.00
4.676000,-0.005,-0.007826,-0.007826,4.321,7.00,-0.012363,0.010376,0.000087,-0.002636,0.006,0.005,5.050,-38.772,0.350,2.631284,0.005935,-0.000018,0.000000,0.000000,0.000000,0.000000,0.000000,0.000000,1,0.00
4.678000,-0.005,-0.007706,-0.007706,4.321,7.00,-0.012272,0.010204,0.000089,-0.002587,0.005,0.005,5.052,-38.768,0.350,2.631338,0.005837,-0.000018,0.000000,0.000000,0.000000,0.000000,0.000000,0.000000,1,0.00
4.680000,-0.005,-0.007550,-0.007550,4.321,7.00,-0.012181,0.010032,0.000091,-0.002572,0.005,0.005,5.054,-38.765,0.350,2.631391,0.005738,-0.000018,0.000000,0.000000,0.000000,0.000000,0.000000,0.000000,1,0.00
4.682000,-0.005,-0.007107,-0.007107,4.321,7.00,-0.012088,0.009858,0.000092,-0.002843,0.005,0.005,5.056,-38.761,0.350,2.631445,0.005638,-0.000018,0.000000,0.000000,0.000000,0.000000,0.000000,0.000000,1,0.00
4.684000,-0.005,-0.006653,-0.006653,4.321,7.00,-0.011989,0.009681,0.000094,-0.003122,0.005,0.004,5.057,-38.758,0.350,2.631499,0.005537,-0.000017,0.000000,0.000000,0.000000,0.000000,0.000000,0.000000,1,0.00
4.686000,-0.005,-0.006613,-0.006613,4.321,7.00,-0.011882,0.009503,0.000095,-0.002984,0.005,0.004,5.059,-38.755,0.350,2.631554,0.005435,-0.000017,0.000000,0.000000,0.000000,0.000000,0.000000,0.000000,1,0.00
4.688000,-0.005,-0.006368,-0.006368,4.321,7.00,-0.011777,0.009323,0.000097,-0.003051,0.005,0.004,5.061,-38.751,0.350,2.631609,0.005332,-0.000017,0.000000,0.000000,0.000000,0.000000,0.000000,0.000000,1,0.00
4.690000,-0.005,-0.006096,-0.006096,4.321,7.00,-0.011669,0.009143,0.000098,-0.003145,0.005,0.004,5.063,-38.748,0.350,2.631664,0.005229,-0.000016,0.000000,0.000000,0.000000,0.000000,0.000000,0.000000,1,0.00
4.692000,-0.004,-0.005866,-0.005866,4.321,7.00,-0.011557,0.008960,0.000099,-0.003194,0.005,0.004,5.065,-38.745,0.350,2.631719,0.005124,-0.000016,0.000000,0.000000,0.000000,0.000000,0.000000,0.000000,1,0.00
4.694000,-0.004,-0.005987,-0.005987,4.321,7.00,-0.011443,0.008777,0.000101,-0.002891,0.005,0.004,5.067,-38.741,0.350,2.631775,0.005019,-0.000016,0.000000,0.000000,0.000000,0.000000,0.000000,0.000000,1,0.00
4.696000,-0.004,-0.005568,-0.005568,4.321,7.00,-0.011334,0.008594,0.000102,-0.003128,0.005,0.004,5.069,-38.738,0.350,2.631829,0.004914,-0.000015,0.000000,0.000000,0.000000,0.000000,0.000000,0.000000,1,0.00
4.698000,-0.004,-0.005362,-0.005362,4.321,7.00,-0.011219,0.008409,0.000104,-0.003150,0.005,0.004,5.071,-38.734,0.350,2.631884,0.004808,-0.000015,0.000000,0.000000,0.000000,0.000000,0.000000,0.000000,1,0.00
4.700000,-0.004,-0.008227,-0.008227,4.321,7.00,-0.011102,0.008223,0.000000,0.000005,0.000,0.005,5.073,-38.731,0.350,2.631939,0.004702,-0.000015,0.000000,0.000000,0.000000,0.000000,0.000000,0.000000,1,0.00
4.702000,-0.004,-0.007540,-0.007540,4.321,7.00,-0.011044,0.008050,0.000001,-0.000511,0.000,0.005,5.075,-38.728,0.350,2.631982,0.004603,-0.000014,0.000000,0.000000,0.000000,0.000000,0.000000,0.000000,1,0.00
4.704000,-0.004,-0.006603,-0.006603,4.321,7.00,-0.010974,0.007873,0.000002,-0.001273,0.000,0.004,5.077,-38.724,0.350,2.632028,0.004502,-0.000014,0.000000,0.000000,0.000000,0.000000,0.000000,0.000000,1,0.00
4.706000,-0.004,-0.006037,-0.006037,4.321,7.00,-0.010887,0.007692,0.000004,-0.001659,0.000,0.004,5.079,-38.721,0.350,2.632077,0.004399,-0.000013,0.000000,0.000000,0.000000,0.000000,0.000000,0.000000,1,0.00
4.708000,-0.004,-0.005429,-0.005429,4.321,7.00,-0.010790,0.007509,0.000006,-0.002086,0.004,0.004,5.080,-38.717,0.350,2.632127,0.004293,-0.000013,0.000000,0.000000,0.000000,0.000000,0.000000,0.000000,1,0.00
4.710000,-0.004,-0.004279,-0.004279,4.321,7.00,-0.010683,0.007322,0.000006,-0.003049,0.004,0.003,5.082,-38.714,0.350,2.632179,0.004186,-0.000013,0.000000,0.000000,0.000000,0.000000,0.000000,0.000000,1,0.00
4.712000,-0.004,-0.003654,-0.003654,4.321,7.00,-0.010555,0.007130,0.000007,-0.003483,0.004,0.002,5.084,-38.711,0.350,2.632234,0.004076,-0.000013,0.000000,0.000000,0.000000,0.000000,0.000000,0.000000,1,0.00
4.714000,-0.003,-0.003812,-0.003812,4.321,7.00,-0.010417,0.006936,0.000009,-0.003133,0.004,0.003,5.086,-38.707,0.350,2.632291,0.003965,-0.000013,0.000000,0.000000,0.000000,0.000000,0.000000,0.000000,1,0.00
4.716000,-0.003,-0.003496,-0.003496,4.321,7.00,-0.010285,0.006742,0.000010,-0.003256,0.004,0.002,5.088,-38.704,0.350,2.632346,0.003854,-0.000012,0.000000,0.000000,0.000000,0.000000,0.000000,0.000000,1,0.00
4.718000,-0.003,-0.002660,-0.002660,4.321,7.00,-0.010149,0.006547,0.000011,-0.003898,0.004,0.002,5.090,-38.701,0.350,2.632401,0.003743,-0.000012,0.000000,0.000000,0.000000,0.000000,0.000000,0.000000,1,0.00
4.720000,-0.003,-0.002517,-0.002517,4.321,7.00,-0.009999,0.006349,0.000011,-0.003844,0.004,0.002,5.092,-38.697,0.350,2.632459,0.003629,-0.000012,0.000000,0.000000,0.000000,0.000000,0.000000,0.000000,1,0.00
4.722000,-0.003,-0.002900,-0.002900,4.321,7.00,-0.009850,0.006151,0.000013,-0.003264,0.003,0.002,5.094,-38.694,0.350,2.632516,0.003515,-0.000012,0.000000,0.000000,0.000000,0.000000,0.000000,0.000000,1,0.00
4.724000,-0.003,-0.002603,-0.002603,4.321,7.00,-0.009711,0.005955,0.000014,-0.003366,0.003,0.002,5.096,-38.690,0.350,2.632571,0.003403,-0.000011,0.000000,0.000000,0.000000,0.000000,0.000000,0.000000,1,0.00
4.726000,-0.003,-0.001924,-0.001924,4.321,7.00,-0.009569,0.005758,0.000015,-0.003848,0.003,0.001,5.098,-38.687,0.350,2.632626,0.003291,-0.000011,0.000000,0.000000,0.000000,0.000000,0.000000,0.000000,1,0.00
4.728000,-0.003,-0.002422,-0.002422,4.321,7.00,-0.009416,0.005559,0.000016,-0.003153,0.003,0.002,5.100,-38.684,0.350,2.632682,0.003177,-0.000011,0.000000,0.000000,0.000000,0.000000,0.000000,0.000000,1,0.00
4.730000,-0.003,-0.002737,-0.002737,4.321,7.00,-0.009276,0.005362,0.000018,-0.002643,0.003,0.002,5.101,-38.680,0.350,2.632735,0.003064,-0.000010,0.000000,0.000000,0.000000,0.000000,0.000000,0.000000,1,0.00
4.732000,-0.003,-0.002470,-0.002470,4.321,7.00,-0.009145,0.005168,0.000019,-0.002717,0.003,0.002,5.103,-38.677,0.350,2.632787,0.002953,-0.000010,0.000000,0.000000,0.000000,0.000000,0.000000,0.000000,1,0.00
4.734000,-0.002,-0.002164,-0.002164,4.321,7.00,-0.009012,0.004973,0.000019,-0.002829,0.003,0.001,5.105,-38.673,0.350,2.632838,0.002842,-0.000010,0.000000,0.000000,0.000000,0.000000,0.000000,0.000000,1,0.00
4.736000,-0.002,-0.002453,-0.002453,4.321,7.00,-0.008875,0.004778,0.000020,-0.002345,0.003,0.002,5.107,-38.670,0.350,2.632890,0.002730,-0.000009,0.000000,0.000000,0.000000,0.000000,0.000000,0.000000,1,0.00
4.738000,-0.002,-0.001702,-0.001702,4.321,7.00,-0.008746,0.004584,0.000021,-0.002903,0.003,0.001,5.109,-38.667,0.350,2.632940,0.002619,-0.000009,0.000000,0.000000,0.000000,0.000000,0.000000,0.000000,1,0.00
4.740000,-0.002,-0.000839,-0.000839,4.321,7.00,-0.008606,0.004388,0.000021,-0.003570,0.003,0.001,5.111,-38.663,0.350,2.632992,0.002507,-0.000008,0.000000,0.000000,0.000000,0.000000,0.000000,0.000000,1,0.00
4.742000,-0.002,-0.000697,-0.000697,4.321,7.00,-0.008450,0.004188,0.000022,-0.003513,0.002,0.000,5.113,-38.660,0.350,2.633047,0.002393,-0.000007,0.000000,0.000000,0.000000,0.000000,0.000000,0.000000,1,0.00
4.744000,-0.002,-0.000597,-0.000597,4.321,7.00,-0.008295,0.003989,0.000023,-0.003415,0.002,0.000,5.115,-38.657,0.350,2.633101,0.002280,-0.000006,0.000000,0.000000,0.000000,0.000000,0.000000,0.000000,1,0.00
4.746000,-0.002,0.000117,0.000117,4.321,7.00,-0.008141,0.003790,0.000023,-0.003930,0.002,0.000,5.117,-38.653,0.350,2.633155,0.002166,-0.000006,0.000000,0.000000,0.000000,0.000000,0.000000,0.000000,1,0.00
4.748000,-0.002,-0.000171,-0.000171,4.321,7.00,-0.007976,0.003586,0.000024,-0.003439,0.002,0.000,5.119,-38.650,0.350,2.633211,0.002050,-0.000005,0.000000,0.000000,0.000000,0.000000,0.000000,0.000000,1,0.00
4.750000,-0.002,-0.000449,-0.000449,4.321,7.00,-0.007820,0.003386,0.000025,-0.002962,0.002,0.000,5.121,-38.646,0.350,2.633265,0.001935,-0.000005,0.000000,0.000000,0.000000,0.000000,0.000000,0.000000,1,0.00
4.752000,-0.002,-0.000159,-0.000159,4.321,7.00,-0.007673,0.003189,0.000025,-0.003055,0.002,0.000,5.123,-38.643,0.350,2.633317,0.001822,-0.000005,0.000000,0.000000,0.000000,0.000000,0.000000,0.000000,1,0.00
4.754000,-0.001,0.000346,0.000346,4.321,7.00,-0.007523,0.002991,0.000026,-0.003363,0.002,0.000,5.124,-38.640,0.350,2.633370,0.001709,-0.000005,0.000000,0.000000,0.000000,0.000000,0.000000,0.000000,1,0.00
4.756000,-0.001,-0.000116,-0.000116,4.321,7.00,-0.007365,0.002791,0.000027,-0.002702,0.002,0.000,5.126,-38.636,0.350,2.633423,0.001595,-0.000005,0.000000,0.000000,0.000000,0.000000,0.000000,0.000000,1,0.00
4.758000,-0.001,0.000549,0.000549,4.321,7.00,-0.007220,0.002595,0.000027,-0.003171,0.002,0.000,5.128,-38.633,0.350,2.633473,0.001482,-0.000005,0.000000,0.000000,0.000000,0.000000,0.000000,0.000000,1,0.00
4.760000,-0.001,0.001209,0.001209,4.321,7.00,-0.007065,0.002397,0.000027,-0.003633,0.002,0.001,5.130,-38.629,0.350,2.633524,0.001369,-0.000006,0.000000,0.000000,0.000000,0.000000,0.000000,0.000000,1,0.00
4.762000,-0.001,0.001342,0.001342,4.321,7.00,-0.006900,0.002197,0.000028,-0.003567,0.001,0.001,5.132,-38.626,0.350,2.633577,0.001254,-0.000006,0.000000,0.000000,0.000000,0.000000,0.000000,0.000000,1,0.00
4.764000,-0.001,0.001279,0.001279,4.321,7.00,-0.006735,0.002000,0.000028,-0.003307,0.001,0.001,5.134,-38.623,0.350,2.633628,0.001141,-0.000006,0.000000,0.000000,0.000000,0.000000,0.000000,0.000000,1,0.00
4.766000,-0.001,0.001577,0.001577,4.321,7.00,-0.006575,0.001804,0.000028,-0.003410,0.001,0.001,5.136,-38.619,0.350,2.633678,0.001029,-0.000006,0.000000,0.000000,0.000000,0.000000,0.000000,0.000000,1,0.00
4.768000,-0.001,0.001427,0.001427,4.321,7.00,-0.006412,0.001608,0.000029,-0.003064,0.001,0.001,5.138,-38.616,0.350,2.633728,0.000917,-0.000006,0.000000,0.000000,0.000000,0.000000,0.000000,0.000000,1,0.00
4.770000,-0.001,0.001130,0.001130,4.321,7.00,-0.006255,0.001414,0.000029,-0.002574,0.001,0.001,5.140,-38.613,0.350,2.633776,0.000806,-0.000006,0.000000,0.000000,0.000000,0.000000,0.000000,0.000000,1,0.00
4.772000,-0.001,0.001912,0.001912,4.321,7.00,-0.006107,0.001224,0.000029,-0.003164,0.001,0.001,5.142,-38.609,0.350,2.633822,0.000697,-0.000006,0.000000,0.000000,0.000000,0.000000,0.000000,0.000000,1,0.00
4.774000,-0.001,0.002555,0.002555,4.321,7.00,-0.005947,0.001030,0.000029,-0.003615,0.001,0.002,5.144,-38.606,0.350,2.633870,0.000586,-0.000006,0.000000,0.000000,0.000000,0.000000,0.000000,0.000000,1,0.00
4.776000,-0.000,0.002645,0.002645,4.321,7.00,-0.005777,0.000835,0.000029,-0.003510,0.001,0.002,5.145,-38.602,0.350,2.633919,0.000475,-0.000006,0.000000,0.000000,0.000000,0.000000,0.000000,0.000000,1,0.00
4.778000,-0.000,0.002849,0.002849,4.321,7.00,-0.005608,0.000642,0.000029,-0.003520,0.001,0.002,5.147,-38.599,0.350,2.633968,0.000364,-0.000006,0.000000,0.000000,0.000000,0.000000,0.000000,0.000000,1,0.00
4.780000,-0.000,0.003519,0.003519,4.321,7.00,-0.005439,0.000449,0.000029,-0.003997,0.001,0.002,5.149,-38.596,0.350,2.634016,0.000253,-0.000006,0.000000,0.000000,0.000000,0.000000,0.000000,0.000000,1,0.00
4.782000,-0.000,0.003105,0.003105,4.321,7.00,-0.005260,0.000254,0.000030,-0.003389,0.001,0.002,5.151,-38.592,0.350,2.634065,0.000142,-0.000006,0.000000,0.000000,0.000000,0.000000,0.000000,0.000000,1,0.00
4.784000,-0.000,0.002752,0.002752,4.321,7.00,-0.005093,0.000063,0.000030,-0.002845,0.000,0.002,5.153,-38.589,0.350,2.634112,0.000033,-0.000006,0.000000,0.000000,0.000000,0.000000,0.000000,0.000000,1,0.00
4.786000,0.000,0.003503,0.003503,4.321,7.00,-0.004936,-0.000124,0.000030,-0.003408,0.000,0.002,5.155,-38.585,0.350,2.634156,-0.000074,-0.000006,0.000000,0.000000,0.000000,0.000000,0.000000,0.000000,1,0.00
4.788000,0.000,0.003558,0.003558,4.321,7.00,-0.004767,-0.000313,0.000029,-0.003274,0.000,0.002,5.157,-38.582,0.350,2.634202,-0.000183,-0.000006,0.000000,0.000000,0.000000,0.000000,0.000000,0.000000,1,0.00
4.790000,0.000,0.003172,0.003172,4.321,7.00,-0.004601,-0.000501,0.000029,-0.002700,0.000,0.002,5.159,-38.579,0.350,2.634247,-0.000290,-0.000006,0.000000,0.000000,0.000000,0.000000,0.000000,0.000000,1,0.00
4.792000,0.000,0.003793,0.003793,4.321,7.00,-0.004445,-0.000685,0.000029,-0.003137,0.000,0.003,5.161,-38.575,0.350,2.634289,-0.000395,-0.000006,0.000000,0.000000,0.000000,0.000000,0.000000,0.000000,1,0.00
4.794000,0.000,0.004473,0.004473,4.321,7.00,-0.004281,-0.000870,0.000029,-0.003631,-0.000,0.003,5.163,-38.572,0.350,2.634333,-0.000501,-0.000006,0.000000,0.000000,0.000000,0.000000,0.000000,0.000000,1,0.00
4.796000,0.001,0.004142,0.004142,4.321,7.00,-0.004106,-0.001057,0.000029,-0.003114,-0.000,0.003,5.165,-38.568,0.350,2.634378,-0.000608,-0.000006,0.000000,0.000000,0.000000,0.000000,0.000000,0.000000,1,0.00
4.798000,0.001,0.004338,0.004338,4.321,7.00,-0.003941,-0.001240,0.000029,-0.003127,-0.000,0.003,5.166,-38.565,0.350,2.634421,-0.000713,-0.000006,0.000000,0.000000,0.000000,0.000000,0.000000,0.000000,1,0.00
4.800000,0.001,0.001423,0.001423,4.321,7.00,-0.003775,-0.001423,0.000000,-0.000001,0.000,0.001,5.168,-38.562,0.350,2.634463,-0.000817,-0.000006,0.000000,0.000000,0.000000,0.000000,0.000000,0.000000,1,0.00
4.802000,0.001,0.002323,0.002323,4.321,7.00,-0.003671,-0.001588,-0.000000,-0.000735,0.000,0.002,5.170,-38.558,0.350,2.634493,-0.000912,-0.000006,0.000000,0.000000,0.000000,0.000000,0.000000,0.000000,1,0.00
4.804000,0.001,0.003117,0.003117,4.321,7.00,-0.003551,-0.001757,-0.000000,-0.001360,0.000,0.002,5.172,-38.555,0.350,2.634526,-0.001008,-0.000006,0.000000,0.000000,0.000000,0.000000,0.000000,0.000000,1,0.00
4.806000,0.001,0.003588,0.003588,4.321,7.00,-0.003418,-0.001928,-0.000001,-0.001659,0.000,0.002,5.174,-38.552,0.350,2.634562,-0.001106,-0.000006,0.000000,0.000000,0.000000,0.000000,0.000000,0.000000,1,0.00
4.808000,0.001,0.004429,0.004429,4.321,7.00,-0.003278,-0.002100,-0.000001,-0.002328,-0.001,0.003,5.176,-38.548,0.350,2.634598,-0.001204,-0.000006,0.000000,0.000000,0.000000,0.000000,0.000000,0.000000,1,0.00
4.810000,0.001,0.005584,0.005584,4.321,7.00,-0.003124,-0.002274,-0.000001,-0.003309,-0.001,0.004,5.178,-38.545,0.350,2.634636,-0.001304,-0.000006,0.000000,0.000000,0.000000,0.000000,0.000000,0.000000,1,0.00
4.812000,0.001,0.005308,0.005308,4.321,7.00,-0.002950,-0.002451,-0.000002,-0.002854,-0.001,0.004,5.180,-38.541,0.350,2.634678,-0.001405,-0.000006,0.000000,0.000000,0.000000,0.000000,0.000000,0.000000,1,0.00
4.814000,0.001,0.005188,0.005188,4.321,7.00,-0.002785,-0.002625,-0.000003,-0.002560,-0.001,0.003,5.182,-38.538,0.350,2.634717,-0.001505,-0.000006,0.000000,0.000000,0.000000,0.000000,0.000000,0.000000,1,0.00
4.816000,0.001,0.005352,0.005352,4.321,7.00,-0.002625,-0.002797,-0.000004,-0.002551,-0.001,0.004,5.184,-38.535,0.350,2.634754,-0.001603,-0.000006,0.000000,0.000000,0.000000,0.000000,0.000000,0.000000,1,0.00
4.818000,0.001,0.005261,0.005261,4.321,7.00,-0.002466,-0.002967,-0.000004,-0.002290,-0.001,0.004,5.186,-38.531,0.350,2.634792,-0.001700,-0.000006,0.000000,0.000000,0.000000,0.000000,0.000000,0.000000,1,0.00
4.820000,0.002,0.004975,0.004975,4.321,7.00,-0.002311,-0.003134,-0.000005,-0.001836,-0.001,0.003,5.187,-38.528,0.350,2.634828,-0.001795,-0.000006,0.000000,0.000000,0.000000,0.000000,0.000000,0.000000,1,0.00
4.822000,0.002,0.005304,0.005304,4.321,7.00,-0.002166,-0.003298,-0.000005,-0.002000,-0.001,0.004,5.189,-38.524,0.350,2.634861,-0.001889,-0.000006,0.000000,0.000000,0.000000,0.000000,0.000000,0.000000,1,0.00
4.824000,0.002,0.005795,0.005795,4.321,7.00,-0.002016,-0.003461,-0.000006,-0.002328,-0.001,0.004,5.191,-38.521,0.350,2.634895,-0.001982,-0.000006,0.000000,0.000000,0.000000,0.000000,0.000000,0.000000,1,0.00
4.826000,0.002,0.006464,0.006464,4.321,7.00,-0.001860,-0.003625,-0.000006,-0.002833,-0.001,0.004,5.193,-38.518,0.350,2.634930,-0.002076,-0.000006,0.000000,0.000000,0.000000,0.000000,0.000000,0.000000,1,0.00
4.828000,0.002,0.006529,0.006529,4.321,7.00,-0.001694,-0.003789,-0.000007,-0.002732,-0.002,0.004,5.195,-38.514,0.350,2.634966,-0.002170,-0.000006,0.000000,0.000000,0.000000,0.000000,0.000000,0.000000,1,0.00
4.830000,0.002,0.006642,0.006642,4.321,7.00,-0.001529,-0.003952,-0.000008,-0.002682,-0.002,0.004,5.197,-38.511,0.350,2.635002,-0.002263,-0.000006,0.000000,0.000000,0.000000,0.000000,0.000000,0.000000,1,0.00
4.832000,0.002,0.006729,0.006729,4.321,7.00,-0.001366,-0.004113,-0.000009,-0.002607,-0.002,0.004,5.199,-38.508,0.350,2.635036,-0.002355,-0.000006,0.000000,0.000000,0.000000,0.000000,0.000000,0.000000,1,0.00
4.834000,0.002,0.006710,0.006710,4.321,7.00,-0.001204,-0.004272,-0.000010,-0.002429,-0.002,0.004,5.201,-38.504,0.350,2.635070,-0.002446,-0.000006,0.000000,0.000000,0.000000,0.000000,0.000000,0.000000,1,0.00
4.836000,0.002,0.006478,0.006478,4.321,7.00,-0.001046,-0.004428,-0.000010,-0.002040,-0.002,0.004,5.203,-38.501,0.350,2.635103,-0.002535,-0.000006,0.000000,0.000000,0.000000,0.000000,0.000000,0.000000,1,0.00
4.838000,0.002,0.007106,0.007106,4.321,7.00,-0.000895,-0.004581,-0.000011,-0.002515,-0.002,0.005,5.205,-38.497,0.350,2.635134,-0.002623,-0.000006,0.000000,0.000000,0.000000,0.000000,0.000000,0.000000,1,0.00
4.840000,0.002,0.007479,0.007479,4.321,7.00,-0.000735,-0.004734,-0.000011,-0.002733,-0.002,0.005,5.207,-38.494,0.350,2.635166,-0.002710,-0.000006,0.000000,0.000000,0.000000,0.000000,0.000000,0.000000,1,0.00
4.842000,0.002,0.007558,0.007558,4.321,7.00,-0.000571,-0.004888,-0.000013,-0.002658,-0.002,0.005,5.208,-38.491,0.350,2.635198,-0.002798,-0.000006,0.000000,0.000000,0.000000,0.000000,0.000000,0.000000,1,0.00
4.844000,0.003,0.007622,0.007622,4.321,7.00,-0.000408,-0.005038,-0.000014,-0.002569,-0.002,0.005,5.210,-38.487,0.350,2.635230,-0.002884,-0.000006,0.000000,0.000000,0.000000,0.000000,0.000000,0.000000,1,0.00
4.846000,0.003,0.008122,0.008122,4.321,7.00,-0.000248,-0.005187,-0.000014,-0.002921,-0.002,0.005,5.212,-38.484,0.350,2.635260,-0.002969,-0.000007,0.000000,0.000000,0.000000,0.000000,0.000000,0.000000,1,0.00
4.848000,0.003,0.008156,0.008156,4.321,7.00,-0.000081,-0.005336,-0.000015,-0.002806,-0.002,0.005,5.214,-38.480,0.350,2.635292,-0.003054,-0.000007,0.000000,0.000000,0.000000,0.000000,0.000000,0.000000,1,0.00
4.850000,0.003,0.007921,0.007921,4.321,7.00,0.000084,-0.005482,-0.000016,-0.002422,-0.002,0.005,5.216,-38.477,0.350,2.635322,-0.003138,-0.000007,0.000000,0.000000,0.000000,0.000000,0.000000,0.000000,1,0.00
4.852000,0.003,0.008174,0.008174,4.321,7.00,0.000241,-0.005625,-0.000017,-0.002533,-0.003,0.005,5.218,-38.474,0.350,2.635351,-0.003220,-0.000007,0.000000,0.000000,0.000000,0.000000,0.000000,0.000000,1,0.00
4.854000,0.003,0.008263,0.008263,4.321,7.00,0.000399,-0.005766,-0.000018,-0.002479,-0.003,0.006,5.220,-38.470,0.350,2.635379,-0.003300,-0.000007,0.000000,0.000000,0.000000,0.000000,0.000000,0.000000,1,0.00
4.856000,0.003,0.008033,0.008033,4.321,7.00,0.000557,-0.005905,-0.000019,-0.002109,-0.003,0.005,5.222,-38.467,0.350,2.635407,-0.003380,-0.000007,0.000000,0.000000,0.000000,0.000000,0.000000,0.000000,1,0.00
4.858000,0.003,0.007852,0.007852,4.321,7.00,0.000706,-0.006041,-0.000020,-0.001791,-0.003,0.005,5.224,-38.463,0.350,2.635432,-0.003457,-0.000007,0.000000,0.000000,0.000000,0.000000,0.000000,0.000000,1,0.00
4.860000,0.003,0.008364,0.008364,4.321,7.00,0.000849,-0.006173,-0.000021,-0.002170,-0.003,0.006,5.226,-38.460,0.350,2.635457,-0.003533,-0.000007,0.000000,0.000000,0.000000,0.000000,0.000000,0.000000,1,0.00
4.862000,0.003,0.008350,0.008350,4.321,7.00,0.000999,-0.006305,-0.000023,-0.002023,-0.003,0.006,5.228,-38.457,0.350,2.635482,-0.003608,-0.000007,0.000000,0.000000,0.000000,0.000000,0.000000,0.000000,1,0.00
4.864000,0.003,0.008461,0.008461,4.321,7.00,0.001146,-0.006434,-0.000024,-0.002004,-0.003,0.006,5.229,-38.453,0.350,2.635506,-0.003682,-0.000008,0.000000,0.000000,0.000000,0.000000,0.000000,0.000000,1,0.00
4.866000,0.003,0.008454,0.008454,4.321,7.00,0.001293,-0.006561,-0.000026,-0.001868,-0.003,0.006,5.231,-38.450,0.350,2.635529,-0.003755,-0.000008,0.000000,0.000000,0.000000,0.000000,0.000000,0.000000,1,0.00
4.868000,0.003,0.008821,0.008821,4.321,7.00,0.001436,-0.006686,-0.000026,-0.002109,-0.003,0.006,5.233,-38.447,0.350,2.635551,-0.003826,-0.000008,0.000000,0.000000,0.000000,0.000000,0.000000,0.000000,1,0.00
4.870000,0.003,0.008466,0.008466,4.321,7.00,0.001584,-0.006810,-0.000028,-0.001627,-0.003,0.006,5.235,-38.443,0.350,2.635574,-0.003897,-0.000008,0.000000,0.000000,0.000000,0.000000,0.000000,0.000000,1,0.00
4.872000,0.003,0.008542,0.008542,4.321,7.00,0.001721,-0.006929,-0.000030,-0.001582,-0.003,0.006,5.237,-38.440,0.350,2.635595,-0.003965,-0.000008,0.000000,0.000000,0.000000,0.000000,0.000000,0.000000,1,0.00
4.874000,0.004,0.008638,0.008638,4.321,7.00,0.001858,-0.007047,-0.000032,-0.001560,-0.003,0.006,5.239,-38.436,0.350,2.635614,-0.004033,-0.000008,0.000000,0.000000,0.000000,0.000000,0.000000,0.000000,1,0.00
4.876000,0.004,0.009122,0.009122,4.321,7.00,0.001993,-0.007162,-0.000032,-0.001928,-0.003,0.006,5.241,-38.433,0.350,2.635634,-0.004098,-0.000008,0.000000,0.000000,0.000000,0.000000,0.000000,0.000000,1,0.00
4.878000,0.004,0.008894,0.008894,4.321,7.00,0.002136,-0.007277,-0.000034,-0.001583,-0.003,0.006,5.243,-38.430,0.350,2.635654,-0.004164,-0.000008,0.000000,0.000000,0.000000,0.000000,0.000000,0.000000,1,0.00
4.880000,0.004,0.009056,0.009056,4.321,7.00,0.002271,-0.007388,-0.000036,-0.001632,-0.003,0.006,5.245,-38.426,0.350,2.635672,-0.004228,-0.000008,0.000000,0.000000,0.000000,0.000000,0.000000,0.000000,1,0.00
4.882000,0.004,0.009411,0.009411,4.321,7.00,0.002407,-0.007498,-0.000037,-0.001876,-0.004,0.006,5.247,-38.423,0.350,2.635690,-0.004290,-0.000008,0.000000,0.000000,0.000000,0.000000,0.000000,0.000000,1,0.00
4.884000,0.004,0.009457,0.009457,4.321,7.00,0.002547,-0.007607,-0.000038,-0.001812,-0.004,0.006,5.248,-38.419,0.350,2.635709,-0.004353,-0.000008,0.000000,0.000000,0.000000,0.000000,0.000000,0.000000,1,0.00
4.886000,0.004,0.009171,0.009171,4.321,7.00,0.002685,-0.007713,-0.000040,-0.001418,-0.004,0.006,5.250,-38.416,0.350,2.635726,-0.004413,-0.000008,0.000000,0.000000,0.000000,0.000000,0.000000,0.000000,1,0.00
4.888000,0.004,0.009515,0.009515,4.321,7.00,0.002814,-0.007815,-0.000041,-0.001659,-0.004,0.006,5.252,-38.413,0.350,2.635742,-0.004472,-0.000008,0.000000,0.000000,0.000000,0.000000,0.000000,0.000000,1,0.00
4.890000,0.004,0.009574,0.009574,4.321,7.00,0.002948,-0.007916,-0.000043,-0.001615,-0.004,0.006,5.254,-38.409,0.350,2.635758,-0.004529,-0.000008,0.000000,0.000000,0.000000,0.000000,0.000000,0.000000,1,0.00
4.892000,0.004,0.009433,0.009433,4.321,7.00,0.003081,-0.008015,-0.000045,-0.001374,-0.004,0.006,5.256,-38.406,0.350,2.635774,-0.004586,-0.000008,0.000000,0.000000,0.000000,0.000000,0.000000,0.000000,1,0.00
4.894000,0.004,0.009694,0.009694,4.321,7.00,0.003208,-0.008110,-0.000046,-0.001538,-0.004,0.006,5.258,-38.402,0.350,2.635787,-0.004640,-0.000009,0.000000,0.000000,0.000000,0.000000,0.000000,0.000000,1,0.00
4.896000,0.004,0.009670,0.009670,4.321,7.00,0.003338,-0.008204,-0.000049,-0.001416,-0.004,0.006,5.260,-38.399,0.350,2.635802,-0.004694,-0.000009,0.000000,0.000000,0.000000,0.000000,0.000000,0.000000,1,0.00
4.898000,0.004,0.009644,0.009644,4.321,7.00,0.003464,-0.008296,-0.000050,-0.001298,-0.004,0.006,5.262,-38.396,0.350,2.635815,-0.004746,-0.000009,0.000000,0.000000,0.000000,0.000000,0.000000,0.000000,1,0.00
4.900000,0.004,0.008389,0.008389,4.321,7.00,0.003588,-0.008384,0.000000,-0.000005,0.000,0.006,5.264,-38.392,0.350,2.635827,-0.004797,-0.000009,0.000000,0.000000,0.000000,0.000000,0.000000,0.000000,1,0.00
4.902000,0.004,0.008596,0.008596,4.321,7.00,0.003684,-0.008464,-0.000003,-0.000129,0.000,0.006,5.266,-38.389,0.350,2.635834,-0.004842,-0.000009,0.000000,0.000000,0.000000,0.000000,0.000000,0.000000,1,0.00
4.904000,0.004,0.008997,0.008997,4.321,7.00,0.003782,-0.008542,-0.000004,-0.000452,0.000,0.006,5.267,-38.385,0.350,2.635841,-0.004887,-0.000009,0.000000,0.000000,0.000000,0.000000,0.000000,0.000000,1,0.00
4.906000,0.004,0.009257,0.009257,4.321,7.00,0.003886,-0.008619,-0.000006,-0.000632,0.000,0.006,5.269,-38.382,0.350,2.635848,-0.004931,-0.000009,0.000000,0.000000,0.000000,0.000000,0.000000,0.000000,1,0.00
4.908000,0.004,0.009489,0.009489,4.321,7.00,0.003994,-0.008696,-0.000008,-0.000785,-0.004,0.006,5.271,-38.379,0.350,2.635856,-0.004975,-0.000009,0.000000,0.000000,0.000000,0.000000,0.000000,0.000000,1,0.00
4.910000,0.004,0.009893,0.009893,4.321,7.00,0.004104,-0.008771,-0.000009,-0.001113,-0.004,0.007,5.273,-38.375,0.350,2.635864,-0.005018,-0.000009,0.000000,0.000000,0.000000,0.000000,0.000000,0.000000,1,0.00
4.912000,0.004,0.010161,0.010161,4.321,7.00,0.004219,-0.008845,-0.000010,-0.001306,-0.004,0.007,5.275,-38.372,0.350,2.635873,-0.005060,-0.000009,0.000000,0.000000,0.000000,0.000000,0.000000,0.000000,1,0.00
4.914000,0.004,0.010212,0.010212,4.321,7.00,0.004338,-0.008919,-0.000011,-0.001283,-0.004,0.007,5.277,-38.368,0.350,2.635882,-0.005102,-0.000009,0.000000,0.000000,0.000000,0.000000,0.000000,0.000000,1,0.00
4.916000,0.004,0.010213,0.010213,4.321,7.00,0.004456,-0.008990,-0.000014,-0.001209,-0.004,0.007,5.279,-38.365,0.350,2.635891,-0.005143,-0.000009,0.000000,0.000000,0.000000,0.000000,0.000000,0.000000,1,0.00
4.918000,0.005,0.010435,0.010435,4.321,7.00,0.004571,-0.009058,-0.000015,-0.001363,-0.004,0.007,5.281,-38.362,0.350,2.635898,-0.005182,-0.000009,0.000000,0.000000,0.000000,0.000000,0.000000,0.000000,1,0.00
4.920000,0.005,0.010301,0.010301,4.321,7.00,0.004688,-0.009124,-0.000017,-0.001159,-0.004,0.007,5.283,-38.358,0.350,2.635906,-0.005220,-0.000009,0.000000,0.000000,0.000000,0.000000,0.000000,0.000000,1,0.00
4.922000,0.005,0.010217,0.010217,4.321,7.00,0.004800,-0.009188,-0.000019,-0.001011,-0.004,0.007,5.284,-38.355,0.350,2.635912,-0.005256,-0.000009,0.000000,0.000000,0.000000,0.000000,0.000000,0.000000,1,0.00
4.924000,0.005,0.010264,0.010264,4.321,7.00,0.004909,-0.009248,-0.000020,-0.000997,-0.004,0.007,5.286,-38.351,0.350,2.635918,-0.005290,-0.000009,0.000000,0.000000,0.000000,0.000000,0.000000,0.000000,1,0.00
4.926000,0.005,0.010533,0.010533,4.321,7.00,0.005016,-0.009305,-0.000021,-0.001207,-0.005,0.007,5.288,-38.348,0.350,2.635922,-0.005323,-0.000009,0.000000,0.000000,0.000000,0.000000,0.000000,0.000000,1,0.00
4.928000,0.005,0.010485,0.010485,4.321,7.00,0.005126,-0.009362,-0.000022,-0.001101,-0.005,0.007,5.290,-38.345,0.350,2.635928,-0.005355,-0.000009,0.000000,0.000000,0.000000,0.000000,0.000000,0.000000,1,0.00
4.930000,0.005,0.010507,0.010507,4.321,7.00,0.005233,-0.009416,-0.000025,-0.001066,-0.005,0.007,5.292,-38.341,0.350,2.635932,-0.005386,-0.000009,0.000000,0.000000,0.000000,0.000000,0.000000,0.000000,1,0.00
4.932000,0.005,0.010624,0.010624,4.321,7.00,0.005339,-0.009467,-0.000026,-0.001132,-0.005,0.007,5.294,-38.338,0.350,2.635935,-0.005415,-0.000009,0.000000,0.000000,0.000000,0.000000,0.000000,0.000000,1,0.00
4.934000,0.005,0.010630,0.010630,4.321,7.00,0.005444,-0.009516,-0.000027,-0.001088,-0.005,0.007,5.296,-38.335,0.350,2.635939,-0.005443,-0.000009,0.000000,0.000000,0.000000,0.000000,0.000000,0.000000,1,0.00
4.936000,0.005,0.010435,0.010435,4.321,7.00,0.005548,-0.009562,-0.000030,-0.000843,-0.005,0.007,5.298,-38.331,0.350,2.635941,-0.005470,-0.000008,0.000000,0.000000,0.000000,0.000000,0.000000,0.000000,1,0.00
4.938000,0.005,0.010472,0.010472,4.321,7.00,0.005646,-0.009605,-0.000031,-0.000837,-0.005,0.007,5.300,-38.328,0.350,2.635942,-0.005494,-0.000008,0.000000,0.000000,0.000000,0.000000,0.000000,0.000000,1,0.00
4.940000,0.005,0.010498,0.010498,4.321,7.00,0.005742,-0.009645,-0.000033,-0.000819,-0.005,0.007,5.302,-38.324,0.350,2.635943,-0.005517,-0.000008,0.000000,0.000000,0.000000,0.000000,0.000000,0.000000,1,0.00
4.942000,0.005,0.010403,0.010403,4.321,7.00,0.005837,-0.009683,-0.000035,-0.000685,-0.005,0.007,5.303,-38.321,0.350,2.635943,-0.005539,-0.000008,0.000000,0.000000,0.000000,0.000000,0.000000,0.000000,1,0.00
4.944000,0.005,0.010343,0.010343,4.321,7.00,0.005929,-0.009718,-0.000036,-0.000589,-0.005,0.007,5.305,-38.318,0.350,2.635942,-0.005558,-0.000008,0.000000,0.000000,0.000000,0.000000,0.000000,0.000000,1,0.00
4.946000,0.005,0.010448,0.010448,4.321,7.00,0.006017,-0.009750,-0.000037,-0.000661,-0.005,0.007,5.307,-38.314,0.350,2.635941,-0.005577,-0.000008,0.000000,0.000000,0.000000,0.000000,0.000000,0.000000,1,0.00
4.948000,0.005,0.010340,0.010340,4.321,7.00,0.006105,-0.009780,-0.000040,-0.000521,-0.005,0.007,5.309,-38.311,0.350,2.635939,-0.005594,-0.000008,0.000000,0.000000,0.000000,0.000000,0.000000,0.000000,1,0.00
4.950000,0.005,0.010345,0.010345,4.321,7.00,0.006190,-0.009807,-0.000043,-0.000496,-0.005,0.007,5.311,-38.307,0.350,2.635936,-0.005609,-0.000008,0.000000,0.000000,0.000000,0.000000,0.000000,0.000000,1,0.00
4.952000,0.005,0.010389,0.010389,4.321,7.00,0.006273,-0.009831,-0.000044,-0.000514,-0.005,0.007,5.313,-38.304,0.350,2.635932,-0.005623,-0.000008,0.000000,0.000000,0.000000,0.000000,0.000000,0.000000,1,0.00
4.954000,0.005,0.010338,0.010338,4.321,7.00,0.006355,-0.009853,-0.000045,-0.000440,-0.005,0.007,5.315,-38.301,0.350,2.635929,-0.005636,-0.000008,0.000000,0.000000,0.000000,0.000000,0.000000,0.000000,1,0.00
4.956000,0.005,0.010284,0.010284,4.321,7.00,0.006435,-0.009873,-0.000047,-0.000365,-0.005,0.007,5.317,-38.297,0.350,2.635924,-0.005647,-0.000008,0.000000,0.000000,0.000000,0.000000,0.000000,0.000000,1,0.00
4.958000,0.005,0.010280,0.010280,4.321,7.00,0.006512,-0.009890,-0.000049,-0.000342,-0.005,0.007,5.319,-38.294,0.350,2.635919,-0.005656,-0.000008,0.000000,0.000000,0.000000,0.000000,0.000000,0.000000,1,0.00
4.960000,0.005,0.010302,0.010302,4.321,7.00,0.006587,-0.009904,-0.000051,-0.000348,-0.005,0.007,5.320,-38.290,0.350,2.635913,-0.005665,-0.000008,0.000000,0.000000,0.000000,0.000000,0.000000,0.000000,1,0.00
4.962000,0.005,0.010224,0.010224,4.321,7.00,0.006662,-0.009916,-0.000053,-0.000255,-0.005,0.007,5.322,-38.287,0.350,2.635907,-0.005671,-0.000008,0.000000,0.000000,0.000000,0.000000,0.000000,0.000000,1,0.00
4.964000,0.005,0.010188,0.010188,4.321,7.00,0.006733,-0.009925,-0.000055,-0.000208,-0.005,0.007,5.324,-38.284,0.350,2.635900,-0.005677,-0.000008,0.000000,0.000000,0.000000,0.000000,0.000000,0.000000,1,0.00
4.966000,0.005,0.010156,0.010156,4.321,7.00,0.006802,-0.009932,-0.000056,-0.000169,-0.005,0.007,5.326,-38.280,0.350,2.635892,-0.005681,-0.000007,0.000000,0.000000,0.000000,0.000000,0.000000,0.000000,1,0.00
4.968000,0.005,0.010145,0.010145,4.321,7.00,0.006869,-0.009936,-0.000057,-0.000152,-0.005,0.007,5.328,-38.277,0.350,2.635884,-0.005683,-0.000007,0.000000,0.000000,0.000000,0.000000,0.000000,0.000000,1,0.00
4.970000,0.005,0.010096,0.010096,4.321,7.00,0.006935,-0.009938,-0.000059,-0.000099,-0.005,0.007,5.330,-38.273,0.350,2.635875,-0.005684,-0.000007,0.000000,0.000000,0.000000,0.000000,0.000000,0.000000,1,0.00
4.972000,0.005,0.010071,0.010071,4.321,7.00,0.006998,-0.009937,-0.000062,-0.000072,-0.005,0.007,5.332,-38.270,0.350,2.635866,-0.005683,-0.000007,0.000000,0.000000,0.000000,0.000000,0.000000,0.000000,1,0.00
4.974000,0.005,0.010030,0.010030,4.321,7.00,0.007059,-0.009934,-0.000063,-0.000033,-0.005,0.007,5.334,-38.267,0.350,2.635857,-0.005681,-0.000007,0.000000,0.000000,0.000000,0.000000,0.000000,0.000000,1,0.00
4.976000,0.005,0.009986,0.009986,4.321,7.00,0.007119,-0.009928,-0.000065,0.000007,-0.005,0.007,5.336,-38.263,0.350,2.635846,-0.005678,-0.000007,0.000000,0.000000,0.000000,0.000000,0.000000,0.000000,1,0.00
4.978000,0.005,0.009947,0.009947,4.321,7.00,0.007176,-0.009920,-0.000067,0.000040,-0.005,0.007,5.337,-38.260,0.350,2.635835,-0.005674,-0.000007,0.000000,0.000000,0.000000,0.000000,0.000000,0.000000,1,0.00
4.980000,0.005,0.009911,0.009911,4.321,7.00,0.007231,-0.009909,-0.000070,0.000068,-0.005,0.007,5.339,-38.256,0.350,2.635824,-0.005667,-0.000007,0.000000,0.000000,0.000000,0.000000,0.000000,0.000000,1,0.00
4.982000,0.005,0.009855,0.009855,4.321,7.00,0.007285,-0.009896,-0.000071,0.000113,-0.005,0.007,5.341,-38.253,0.350,2.635812,-0.005660,-0.000006,0.000000,0.000000,0.000000,0.000000,0.000000,0.000000,1,0.00
4.984000,0.005,0.009829,0.009829,4.321,7.00,0.007336,-0.009881,-0.000074,0.000126,-0.005,0.007,5.343,-38.250,0.350,2.635800,-0.005651,-0.000006,0.000000,0.000000,0.000000,0.000000,0.000000,0.000000,1,0.00
4.986000,0.005,0.009747,0.009747,4.321,7.00,0.007386,-0.009863,-0.000075,0.000191,-0.005,0.006,5.345,-38.246,0.350,2.635787,-0.005641,-0.000006,0.000000,0.000000,0.000000,0.000000,0.000000,0.000000,1,0.00
4.988000,0.005,0.009708,0.009708,4.321,7.00,0.007433,-0.009843,-0.000078,0.000213,-0.005,0.006,5.347,-38.243,0.350,2.635773,-0.005629,-0.000006,0.000000,0.000000,0.000000,0.000000,0.000000,0.000000,1,0.00
4.990000,0.005,0.009645,0.009645,4.321,7.00,0.007479,-0.009820,-0.000079,0.000255,-0.005,0.006,5.349,-38.239,0.350,2.635759,-0.005616,-0.000006,0.000000,0.000000,0.000000,0.000000,0.000000,0.000000,1,0.00
4.992000,0.005,0.009534,0.009534,4.321,7.00,0.007522,-0.009795,-0.000080,0.000342,-0.005,0.006,5.351,-38.236,0.350,2.635745,-0.005602,-0.000006,0.000000,0.000000,0.000000,0.000000,0.000000,0.000000,1,0.00
4.994000,0.005,0.009476,0.009476,4.321,7.00,0.007562,-0.009768,-0.000082,0.000374,-0.005,0.006,5.353,-38.233,0.350,2.635730,-0.005586,-0.000006,0.000000,0.000000,0.000000,0.000000,0.000000,0.000000,1,0.00
4.996000,0.005,0.009443,0.009443,4.321,7.00,0.007601,-0.009738,-0.000084,0.000379,-0.005,0.006,5.354,-38.229,0.350,2.635714,-0.005569,-0.000005,0.000000,0.000000,0.000000,0.000000,0.000000,0.000000,1,0.00
4.998000,0.005,0.009376,0.009376,4.321,7.00,0.007637,-0.009706,-0.000086,0.000417,-0.005,0.006,5.356,-38.226,0.350,2.635698,-0.005551,-0.000005,0.000000,0.000000,0.000000,0.000000,0.000000,0.000000,1,0.00
5.000000,0.005,0.009677,0.009677,4.321,7.00,0.007672,-0.009671,0.000000,-0.000005,0.000,0.006,5.358,-38.222,0.350,2.635681,-0.005531,-0.000005,0.000000,0.000000,0.000000,0.000000,0.000000,0.000000,1,0.00
5.002000,0.005,0.009586,0.009586,4.321,7.00,0.007712,-0.009637,-0.000003,0.000053,0.000,0.006,5.360,-38.219,0.350,2.635666,-0.005511,-0.000005,0.000000,0.000000,0.000000,0.000000,0.000000,0.000000,1,0.00
5.004000,0.005,0.009382,0.009382,4.321,7.00,0.007750,-0.009599,-0.000004,0.000222,0.000,0.006,5.362,-38.216,0.350,2.635649,-0.005490,-0.000005,0.000000,0.000000,0.000000,0.000000,0.000000,0.000000,1,0.00
5.006000,0.005,0.009260,0.009260,4.321,7.00,0.007782,-0.009559,-0.000006,0.000306,0.000,0.006,5.364,-38.212,0.350,2.635632,-0.005467,-0.000005,0.000000,0.000000,0.000000,0.000000,0.000000,0.000000,1,0.00
5.008000,0.005,0.009111,0.009111,4.321,7.00,0.007812,-0.009516,-0.000008,0.000413,-0.005,0.006,5.366,-38.209,0.350,2.635614,-0.005442,-0.000004,0.000000,0.000000,0.000000,0.000000,0.000000,0.000000,1,0.00
5.010000,0.005,0.008864,0.008864,4.321,7.00,0.007838,-0.009471,-0.000009,0.000616,-0.005,0.006,5.368,-38.205,0.350,2.635596,-0.005416,-0.000004,0.000000,0.000000,0.000000,0.000000,0.000000,0.000000,1,0.00
5.012000,0.005,0.008665,0.008665,4.321,7.00,0.007858,-0.009423,-0.000010,0.000768,-0.005,0.006,5.369,-38.202,0.350,2.635576,-0.005389,-0.000004,0.000000,0.000000,0.000000,0.000000,0.000000,0.000000,1,0.00
5.014000,0.005,0.008592,0.008592,4.321,7.00,0.007875,-0.009371,-0.000012,0.000790,-0.005,0.006,5.371,-38.199,0.350,2.635555,-0.005359,-0.000004,0.000000,0.000000,0.000000,0.000000,0.000000,0.000000,1,0.00
5.016000,0.005,0.008537,0.008537,4.321,7.00,0.007889,-0.009318,-0.000014,0.000796,-0.005,0.006,5.373,-38.195,0.350,2.635534,-0.005329,-0.000004,0.000000,0.000000,0.000000,0.000000,0.000000,0.000000,1,0.00
5.018000,0.005,0.008366,0.008366,4.321,7.00,0.007902,-0.009263,-0.000015,0.000913,-0.005,0.006,5.375,-38.192,0.350,2.635513,-0.005297,-0.000004,0.000000,0.000000,0.000000,0.000000,0.000000,0.000000,1,0.00
5.020000,0.005,0.008281,0.008281,4.321,7.00,0.007911,-0.009205,-0.000017,0.000941,-0.005,0.006,5.377,-38.188,0.350,2.635491,-0.005264,-0.000003,0.000000,0.000000,0.000000,0.000000,0.000000,0.000000,1,0.00
5.022000,0.005,0.008339,0.008339,4.321,7.00,0.007918,-0.009145,-0.000020,0.000825,-0.005,0.006,5.379,-38.185,0.350,2.635468,-0.005230,-0.000003,0.000000,0.000000,0.000000,0.000000,0.000000,0.000000,1,0.00
5.024000,0.005,0.008349,0.008349,4.321,7.00,0.007927,-0.009084,-0.000022,0.000756,-0.005,0.006,5.381,-38.182,0.350,2.635446,-0.005195,-0.000003,0.000000,0.000000,0.000000,0.000000,0.000000,0.000000,1,0.00
5.026000,0.005,0.008241,0.008241,4.321,7.00,0.007935,-0.009021,-0.000024,0.000804,-0.005,0.005,5.383,-38.178,0.350,2.635424,-0.005159,-0.000003,0.000000,0.000000,0.000000,0.000000,0.000000,0.000000,1,0.00
5.028000,0.004,0.008120,0.008120,4.321,7.00,0.007941,-0.008956,-0.000025,0.000861,-0.005,0.005,5.385,-38.175,0.350,2.635401,-0.005122,-0.000003,0.000000,0.000000,0.000000,0.000000,0.000000,0.000000,1,0.00
5.030000,0.004,0.007963,0.007963,4.321,7.00,0.007945,-0.008889,-0.000026,0.000952,-0.005,0.005,5.386,-38.171,0.350,2.635378,-0.005083,-0.000002,0.000000,0.000000,0.000000,0.000000,0.000000,0.000000,1,0.00
5.032000,0.004,0.007712,0.007712,4.321,7.00,0.007945,-0.008820,-0.000027,0.001135,-0.005,0.005,5.388,-38.168,0.350,2.635355,-0.005044,-0.000002,0.000000,0.000000,0.000000,0.000000,0.000000,0.000000,1,0.00
5.034000,0.004,0.007636,0.007636,4.321,7.00,0.007941,-0.008748,-0.000029,0.001142,-0.005,0.005,5.390,-38.164,0.350,2.635330,-0.005003,-0.000002,0.000000,0.000000,0.000000,0.000000,0.000000,0.000000,1,0.00
5.036000,0.004,0.007351,0.007351,4.321,7.00,0.007934,-0.008674,-0.000030,0.001354,-0.004,0.005,5.392,-38.161,0.350,2.635305,-0.004960,-0.000002,0.000000,0.000000,0.000000,0.000000,0.000000,0.000000,1,0.00
5.038000,0.004,0.007414,0.007414,4.321,7.00,0.007923,-0.008598,-0.000033,0.001216,-0.004,0.005,5.394,-38.158,0.350,2.635279,-0.004916,-0.000002,0.000000,0.000000,0.000000,0.000000,0.000000,0.000000,1,0.00
5.040000,0.004,0.007463,0.007463,4.321,7.00,0.007913,-0.008520,-0.000034,0.001091,-0.004,0.005,5.396,-38.154,0.350,2.635253,-0.004872,-0.000001,0.000000,0.000000,0.000000,0.000000,0.000000,0.000000,1,0.00
5.042000,0.004,0.007349,0.007349,4.321,7.00,0.007904,-0.008441,-0.000035,0.001128,-0.004,0.005,5.398,-38.151,0.350,2.635228,-0.004827,-0.000001,0.000000,0.000000,0.000000,0.000000,0.000000,0.000000,1,0.00
5.044000,0.004,0.007093,0.007093,4.321,7.00,0.007892,-0.008361,-0.000036,0.001305,-0.004,0.005,5.400,-38.147,0.350,2.635202,-0.004781,-0.000001,0.000000,0.000000,0.000000,0.000000,0.000000,0.000000,1,0.00
5.046000,0.004,0.007035,0.007035,4.321,7.00,0.007876,-0.008278,-0.000038,0.001280,-0.004,0.005,5.401,-38.144,0.350,2.635175,-0.004733,-0.000001,0.000000,0.000000,0.000000,0.000000,0.000000,0.000000,1,0.00
5.048000,0.004,0.006971,0.006971,4.321,7.00,0.007860,-0.008193,-0.000040,0.001262,-0.004,0.005,5.403,-38.141,0.350,2.635148,-0.004685,-0.000001,0.000000,0.000000,0.000000,0.000000,0.000000,0.000000,1,0.00
5.050000,0.004,0.006685,0.006685,4.321,7.00,0.007842,-0.008107,-0.000041,0.001463,-0.004,0.004,5.405,-38.137,0.350,2.635121,-0.004636,-0.000000,0.000000,0.000000,0.000000,0.000000,0.000000,0.000000,1,0.00
5.052000,0.004,0.006728,0.006728,4.321,7.00,0.007819,-0.008018,-0.000043,0.001333,-0.004,0.004,5.407,-38.134,0.350,2.635093,-0.004585,-0.000000,0.000000,0.000000,0.000000,0.000000,0.000000,0.000000,1,0.00
5.054000,0.004,0.006687,0.006687,4.321,7.00,0.007797,-0.007929,-0.000044,0.001286,-0.004,0.004,5.409,-38.130,0.350,2.635066,-0.004534,0.000000,0.000000,0.000000,0.000000,0.000000,0.000000,0.000000,1,0.00
5.056000,0.004,0.006445,0.006445,4.321,7.00,0.007775,-0.007838,-0.000045,0.001438,-0.004,0.004,5.411,-38.127,0.350,2.635038,-0.004482,0.000000,0.000000,0.000000,0.000000,0.000000,0.000000,0.000000,1,0.00
5.058000,0.004,0.006276,0.006276,4.321,7.00,0.007748,-0.007745,-0.000047,0.001516,-0.004,0.004,5.413,-38.124,0.350,2.635010,-0.004428,0.000001,0.000000,0.000000,0.000000,0.000000,0.000000,0.000000,1,0.00
5.060000,0.004,0.006346,0.006346,4.321,7.00,0.007719,-0.007650,-0.000049,0.001352,-0.004,0.004,5.415,-38.120,0.350,2.634981,-0.004374,0.000001,0.000000,0.000000,0.000000,0.000000,0.000000,0.000000,1,0.00
5.062000,0.004,0.006278,0.006278,4.321,7.00,0.007691,-0.007554,-0.000051,0.001327,-0.004,0.004,5.416,-38.117,0.350,2.634953,-0.004319,0.000001,0.000000,0.000000,0.000000,0.000000,0.000000,0.000000,1,0.00
5.064000,0.004,0.006280,0.006280,4.321,7.00,0.007663,-0.007457,-0.000053,0.001230,-0.004,0.004,5.418,-38.113,0.350,2.634924,-0.004264,0.000001,0.000000,0.000000,0.000000,0.000000,0.000000,0.000000,1,0.00
5.066000,0.004,0.006227,0.006227,4.321,7.00,0.007635,-0.007359,-0.000054,0.001186,-0.004,0.004,5.420,-38.110,0.350,2.634896,-0.004208,0.000001,0.000000,0.000000,0.000000,0.000000,0.000000,0.000000,1,0.00
5.068000,0.004,0.006143,0.006143,4.321,7.00,0.007607,-0.007261,-0.000056,0.001173,-0.004,0.004,5.422,-38.107,0.350,2.634868,-0.004151,0.000002,0.000000,0.000000,0.000000,0.000000,0.000000,0.000000,1,0.00
5.070000,0.004,0.006014,0.006014,4.321,7.00,0.007578,-0.007160,-0.000057,0.001203,-0.004,0.004,5.424,-38.103,0.350,2.634840,-0.004094,0.000002,0.000000,0.000000,0.000000,0.000000,0.000000,0.000000,1,0.00
5.072000,0.004,0.005589,0.005589,4.321,7.00,0.007547,-0.007059,-0.000058,0.001528,-0.004,0.004,5.426,-38.100,0.350,2.634811,-0.004036,0.000002,0.000000,0.000000,0.000000,0.000000,0.000000,0.000000,1,0.00
5.074000,0.003,0.005193,0.005193,4.321,7.00,0.007508,-0.006954,-0.000059,0.001819,-0.004,0.003,5.428,-38.096,0.350,2.634781,-0.003976,0.000002,0.000000,0.000000,0.000000,0.000000,0.000000,0.000000,1,0.00
5.076000,0.003,0.005052,0.005052,4.321,7.00,0.007461,-0.006846,-0.000060,0.001854,-0.004,0.003,5.430,-38.093,0.350,2.634750,-0.003914,0.000002,0.000000,0.000000,0.000000,0.000000,0.000000,0.000000,1,0.00
5.078000,0.003,0.004955,0.004955,4.321,7.00,0.007413,-0.006738,-0.000062,0.001844,-0.004,0.003,5.432,-38.090,0.350,2.634718,-0.003852,0.000002,0.000000,0.000000,0.000000,0.000000,0.000000,0.000000,1,0.00
5.080000,0.003,0.004690,0.004690,4.321,7.00,0.007364,-0.006628,-0.000062,0.002000,-0.004,0.003,5.433,-38.086,0.350,2.634687,-0.003789,0.000003,0.000000,0.000000,0.000000,0.000000,0.000000,0.000000,1,0.00
5.082000,0.003,0.004631,0.004631,4.321,7.00,0.007311,-0.006516,-0.000063,0.001948,-0.003,0.003,5.435,-38.083,0.350,2.634655,-0.003725,0.000003,0.000000,0.000000,0.000000,0.000000,0.000000,0.000000,1,0.00
5.084000,0.003,0.004809,0.004809,4.321,7.00,0.007257,-0.006403,-0.000065,0.001660,-0.003,0.003,5.437,-38.079,0.350,2.634623,-0.003661,0.000003,0.000000,0.000000,0.000000,0.000000,0.000000,0.000000,1,0.00
5.086000,0.003,0.004933,0.004933,4.321,7.00,0.007208,-0.006291,-0.000067,0.001425,-0.003,0.003,5.439,-38.076,0.350,2.634592,-0.003596,0.000003,0.000000,0.000000,0.000000,0.000000,0.000000,0.000000,1,0.00
5.088000,0.003,0.004760,0.004760,4.321,7.00,0.007163,-0.006179,-0.000068,0.001488,-0.003,0.003,5.441,-38.073,0.350,2.634562,-0.003532,0.000003,0.000000,0.000000,0.000000,0.000000,0.000000,0.000000,1,0.00
5.090000,0.003,0.004564,0.004564,4.321,7.00,0.007115,-0.006066,-0.000069,0.001571,-0.003,0.003,5.443,-38.069,0.350,2.634531,-0.003468,0.000004,0.000000,0.000000,0.000000,0.000000,0.000000,0.000000,1,0.00
5.092000,0.003,0.004380,0.004380,4.321,7.00,0.007064,-0.005951,-0.000070,0.001641,-0.003,0.003,5.445,-38.066,0.350,2.634501,-0.003402,0.000004,0.000000,0.000000,0.000000,0.000000,0.000000,0.000000,1,0.00
5.094000,0.003,0.004001,0.004001,4.321,7.00,0.007010,-0.005835,-0.000071,0.001905,-0.003,0.003,5.447,-38.062,0.350,2.634470,-0.003335,0.000004,0.000000,0.000000,0.000000,0.000000,0.000000,0.000000,1,0.00
5.096000,0.003,0.003930,0.003930,4.321,7.00,0.006950,-0.005716,-0.000072,0.001859,-0.003,0.003,5.448,-38.059,0.350,2.634437,-0.003267,0.000004,0.000000,0.000000,0.000000,0.000000,0.000000,0.000000,1,0.00
5.098000,0.003,0.003533,0.003533,4.321,7.00,0.006889,-0.005597,-0.000073,0.002138,-0.003,0.002,5.450,-38.056,0.350,2.634405,-0.003199,0.000004,0.000000,0.000000,0.000000,0.000000,0.000000,0.000000,1,0.00
5.100000,0.003,0.005478,0.005478,4.321,7.00,0.006822,-0.005476,0.000000,-0.000003,0.000,0.004,5.452,-38.052,0.350,2.634372,-0.003130,0.000004,0.000000,0.000000,0.000000,0.000000,0.000000,0.000000,1,0.00
5.102000,0.003,0.005041,0.005041,4.321,7.00,0.006795,-0.005364,-0.000001,0.000324,0.000,0.003,5.454,-38.049,0.350,2.634347,-0.003066,0.000005,0.000000,0.000000,0.000000,0.000000,0.000000,0.000000,1,0.00
5.104000,0.003,0.004665,0.004665,4.321,7.00,0.006760,-0.005250,-0.000002,0.000587,0.000,0.003,5.456,-38.045,0.350,2.634320,-0.003000,0.000005,0.000000,0.000000,0.000000,0.000000,0.000000,0.000000,1,0.00
5.106000,0.003,0.004165,0.004165,4.321,7.00,0.006719,-0.005133,-0.000003,0.000971,0.000,0.003,5.458,-38.042,0.350,2.634292,-0.002933,0.000005,0.000000,0.000000,0.000000,0.000000,0.000000,0.000000,1,0.00
5.108000,0.003,0.003723,0.003723,4.321,7.00,0.006667,-0.005013,-0.000004,0.001295,-0.003,0.002,5.460,-38.038,0.350,2.634263,-0.002865,0.000006,0.000000,0.000000,0.000000,0.000000,0.000000,0.000000,1,0.00
5.110000,0.002,0.003027,0.003027,4.321,7.00,0.006609,-0.004891,-0.000004,0.001868,-0.003,0.002,5.462,-38.035,0.350,2.634232,-0.002795,0.000006,0.000000,0.000000,0.000000,0.000000,0.000000,0.000000,1,0.00
5.112000,0.002,0.002691,0.002691,4.321,7.00,0.006537,-0.004765,-0.000005,0.002079,-0.003,0.002,5.463,-38.032,0.350,2.634199,-0.002722,0.000006,0.000000,0.000000,0.000000,0.000000,0.000000,0.000000,1,0.00
5.114000,0.002,0.002716,0.002716,4.321,7.00,0.006460,-0.004637,-0.000007,0.001928,-0.003,0.002,5.465,-38.028,0.350,2.634165,-0.002649,0.000006,0.000000,0.000000,0.000000,0.000000,0.000000,0.000000,1,0.00
5.116000,0.002,0.002675,0.002675,4.321,7.00,0.006385,-0.004509,-0.000008,0.001842,-0.003,0.002,5.467,-38.025,0.350,2.634132,-0.002576,0.000006,0.000000,0.000000,0.000000,0.000000,0.000000,0.000000,1,0.00
5.118000,0.002,0.002256,0.002256,4.321,7.00,0.006311,-0.004381,-0.000009,0.002134,-0.002,0.002,5.469,-38.021,0.350,2.634099,-0.002503,0.000006,0.000000,0.000000,0.000000,0.000000,0.000000,0.000000,1,0.00
5.120000,0.002,0.002451,0.002451,4.321,7.00,0.006230,-0.004251,-0.000010,0.001811,-0.002,0.002,5.471,-38.018,0.350,2.634065,-0.002429,0.000006,0.000000,0.000000,0.000000,0.000000,0.000000,0.000000,1,0.00
5.122000,0.002,0.002579,0.002579,4.321,7.00,0.006155,-0.004122,-0.000011,0.001554,-0.002,0.002,5.473,-38.015,0.350,2.634033,-0.002355,0.000006,0.000000,0.000000,0.000000,0.000000,0.000000,0.000000,1,0.00
5.124000,0.002,0.002081,0.002081,4.321,7.00,0.006083,-0.003994,-0.000012,0.001925,-0.002,0.001,5.475,-38.011,0.350,2.634001,-0.002282,0.000006,0.000000,0.000000,0.000000,0.000000,0.000000,0.000000,1,0.00
5.126000,0.002,0.001714,0.001714,4.321,7.00,0.006003,-0.003864,-0.000012,0.002162,-0.002,0.001,5.477,-38.008,0.350,2.633968,-0.002207,0.000006,0.000000,0.000000,0.000000,0.000000,0.000000,0.000000,1,0.00
5.128000,0.002,0.001947,0.001947,4.321,7.00,0.005917,-0.003732,-0.000013,0.001798,-0.002,0.001,5.478,-38.004,0.350,2.633935,-0.002132,0.000006,0.000000,0.000000,0.000000,0.000000,0.000000,0.000000,1,0.00
5.130000,0.002,0.001704,0.001704,4.321,7.00,0.005838,-0.003602,-0.000014,0.001912,-0.002,0.001,5.480,-38.001,0.350,2.633902,-0.002057,0.000006,0.000000,0.000000,0.000000,0.000000,0.000000,0.000000,1,0.00
5.132000,0.002,0.001197,0.001197,4.321,7.00,0.005755,-0.003471,-0.000014,0.002288,-0.002,0.001,5.482,-37.998,0.350,2.633870,-0.001982,0.000006,0.000000,0.000000,0.000000,0.000000,0.000000,0.000000,1,0.00
5.134000,0.002,0.001279,0.001279,4.321,7.00,0.005664,-0.003339,-0.000015,0.002074,-0.002,0.001,5.484,-37.994,0.350,2.633837,-0.001907,0.000006,0.000000,0.000000,0.000000,0.000000,0.000000,0.000000,1,0.00
5.136000,0.002,0.001404,0.001404,4.321,7.00,0.005577,-0.003207,-0.000016,0.001818,-0.002,0.001,5.486,-37.991,0.350,2.633805,-0.001831,0.000007,0.000000,0.000000,0.000000,0.000000,0.000000,0.000000,1,0.00
5.138000,0.002,0.001330,0.001330,4.321,7.00,0.005493,-0.003076,-0.000017,0.001763,-0.002,0.001,5.488,-37.987,0.350,2.633773,-0.001757,0.000007,0.000000,0.000000,0.000000,0.000000,0.000000,0.000000,1,0.00
5.140000,0.001,0.001362,0.001362,4.321,7.00,0.005410,-0.002946,-0.000018,0.001601,-0.002,0.001,5.490,-37.984,0.350,2.633742,-0.001682,0.000007,0.000000,0.000000,0.000000,0.000000,0.000000,0.000000,1,0.00
5.142000,0.001,0.001328,0.001328,4.321,7.00,0.005329,-0.002816,-0.000018,0.001506,-0.002,0.001,5.492,-37.981,0.350,2.633711,-0.001608,0.000007,0.000000,0.000000,0.000000,0.000000,0.000000,0.000000,1,0.00
5.144000,0.001,0.001227,0.001227,4.321,7.00,0.005249,-0.002686,-0.000019,0.001478,-0.002,0.001,5.493,-37.977,0.350,2.633681,-0.001533,0.000007,0.000000,0.000000,0.000000,0.000000,0.000000,0.000000,1,0.00
5.146000,0.001,0.000991,0.000991,4.321,7.00,0.005169,-0.002556,-0.000019,0.001584,-0.002,0.001,5.495,-37.974,0.350,2.633651,-0.001459,0.000007,0.000000,0.000000,0.000000,0.000000,0.000000,0.000000,1,0.00
5.148000,0.001,0.000438,0.000438,4.321,7.00,0.005085,-0.002426,-0.000019,0.002008,-0.001,0.000,5.497,-37.970,0.350,2.633621,-0.001385,0.000007,0.000000,0.000000,0.000000,0.000000,0.000000,0.000000,1,0.00
5.150000,0.001,0.000216,0.000216,4.321,7.00,0.004992,-0.002293,-0.000020,0.002098,-0.001,0.000,5.499,-37.967,0.350,2.633589,-0.001309,0.000007,0.000000,0.000000,0.000000,0.000000,0.000000,0.000000,1,0.00
5.152000,0.001,0.000337,0.000337,4.321,7.00,0.004897,-0.002160,-0.000020,0.001843,-0.001,0.000,5.501,-37.964,0.350,2.633557,-0.001232,0.000007,0.000000,0.000000,0.000000,0.000000,0.000000,0.000000,1,0.00
5.154000,0.001,-0.000211,-0.000211,4.321,7.00,0.004806,-0.002028,-0.000020,0.002260,-0.001,0.000,5.503,-37.960,0.350,2.633526,-0.001157,0.000007,0.000000,0.000000,0.000000,0.000000,0.000000,0.000000,1,0.00
5.156000,0.001,-0.000223,-0.000223,4.321,7.00,0.004705,-0.001894,-0.000021,0.002138,-0.001,0.000,5.505,-37.957,0.350,2.633494,-0.001080,0.000007,0.000000,0.000000,0.000000,0.000000,0.000000,0.000000,1,0.00
5.158000,0.001,-0.000049,-0.000049,4.321,7.00,0.004607,-0.001761,-0.000021,0.001831,-0.001,0.000,5.507,-37.953,0.350,2.633462,-0.001004,0.000007,0.000000,0.000000,0.000000,0.000000,0.000000,0.000000,1,0.00
5.160000,0.001,-0.000543,-0.000543,4.321,7.00,0.004514,-0.001629,-0.000021,0.002194,-0.001,0.000,5.508,-37.950,0.350,2.633431,-0.000929,0.000007,0.000000,0.000000,0.000000,0.000000,0.000000,0.000000,1,0.00
5.162000,0.001,-0.000694,-0.000694,4.321,7.00,0.004413,-0.001496,-0.000022,0.002212,-0.001,0.000,5.510,-37.947,0.350,2.633400,-0.000852,0.000007,0.000000,0.000000,0.000000,0.000000,0.000000,0.000000,1,0.00
5.164000,0.001,-0.000469,-0.000469,4.321,7.00,0.004311,-0.001363,-0.000022,0.001854,-0.001,0.000,5.512,-37.943,0.350,2.633368,-0.000776,0.000007,0.000000,0.000000,0.000000,0.000000,0.000000,0.000000,1,0.00
5.166000,0.001,-0.000643,-0.000643,4.321,7.00,0.004215,-0.001232,-0.000022,0.001897,-0.001,0.000,5.514,-37.940,0.350,2.633338,-0.000701,0.000007,0.000000,0.000000,0.000000,0.000000,0.000000,0.000000,1,0.00
5.168000,0.001,-0.001006,-0.001006,4.321,7.00,0.004118,-0.001101,-0.000022,0.002129,-0.001,0.001,5.516,-37.936,0.350,2.633308,-0.000626,0.000007,0.000000,0.000000,0.000000,0.000000,0.000000,0.000000,1,0.00
5.170000,0.000,-0.000701,-0.000701,4.321,7.00,0.004016,-0.000969,-0.000023,0.001693,-0.001,0.000,5.518,-37.933,0.350,2.633277,-0.000551,0.000007,0.000000,0.000000,0.000000,0.000000,0.000000,0.000000,1,0.00
5.172000,0.000,-0.001072,-0.001072,4.321,7.00,0.003921,-0.000840,-0.000023,0.001934,-0.001,0.001,5.520,-37.930,0.350,2.633249,-0.000477,0.000007,0.000000,0.000000,0.000000,0.000000,0.000000,0.000000,1,0.00
5.174000,0.000,-0.001189,-0.001189,4.321,7.00,0.003821,-0.000710,-0.000023,0.001922,-0.001,0.001,5.522,-37.926,0.350,2.633219,-0.000402,0.000007,0.000000,0.000000,0.000000,0.000000,0.000000,0.000000,1,0.00
5.176000,0.000,-0.001266,-0.001266,4.321,7.00,0.003721,-0.000580,-0.000023,0.001869,-0.001,0.001,5.523,-37.923,0.350,2.633189,-0.000328,0.000007,0.000000,0.000000,0.000000,0.000000,0.000000,0.000000,1,0.00
5.178000,0.000,-0.001444,-0.001444,4.321,7.00,0.003622,-0.000451,-0.000023,0.001918,-0.000,0.001,5.525,-37.919,0.350,2.633160,-0.000254,0.000007,0.000000,0.000000,0.000000,0.000000,0.000000,0.000000,1,0.00
5.180000,0.000,-0.002049,-0.002049,4.321,7.00,0.003520,-0.000322,-0.000023,0.002394,-0.000,0.001,5.527,-37.916,0.350,2.633132,-0.000180,0.000007,0.000000,0.000000,0.000000,0.000000,0.000000,0.000000,1,0.00
5.182000,0.000,-0.002384,-0.002384,4.321,7.00,0.003409,-0.000191,-0.000023,0.002599,-0.000,0.002,5.529,-37.912,0.350,2.633101,-0.000105,0.000007,0.000000,0.000000,0.000000,0.000000,0.000000,0.000000,1,0.00
5.184000,0.000,-0.002449,-0.002449,4.321,7.00,0.003293,-0.000060,-0.000023,0.002532,-0.000,0.002,5.531,-37.909,0.350,2.633070,-0.000030,0.000007,0.000000,0.000000,0.000000,0.000000,0.000000,0.000000,1,0.00
5.186000,-0.000,-0.002940,-0.002940,4.321,7.00,0.003178,0.000071,-0.000023,0.002893,-0.000,0.002,5.533,-37.906,0.350,2.633039,0.000044,0.000007,0.000000,0.000000,0.000000,0.000000,0.000000,0.000000,1,0.00
5.188000,-0.000,-0.003210,-0.003210,4.321,7.00,0.003056,0.000202,-0.000023,0.003031,-0.000,0.002,5.535,-37.902,0.350,2.633008,0.000120,0.000007,0.000000,0.000000,0.000000,0.000000,0.000000,0.000000,1,0.00
5.190000,-0.000,-0.002890,-0.002890,4.321,7.00,0.002931,0.000333,-0.000023,0.002580,-0.000,0.002,5.537,-37.899,0.350,2.632976,0.000195,0.000007,0.000000,0.000000,0.000000,0.000000,0.000000,0.000000,1,0.00
5.192000,-0.000,-0.002746,-0.002746,4.321,7.00,0.002814,0.000462,-0.000023,0.002308,-0.000,0.002,5.538,-37.895,0.350,2.632946,0.000268,0.000007,0.000000,0.000000,0.000000,0.000000,0.000000,0.000000,1,0.00
5.194000,-0.000,-0.002981,-0.002981,4.321,7.00,0.002703,0.000588,-0.000023,0.002416,0.000,0.002,5.540,-37.892,0.350,2.632918,0.000340,0.000007,0.000000,0.000000,0.000000,0.000000,0.000000,0.000000,1,0.00
5.196000,-0.000,-0.002795,-0.002795,4.321,7.00,0.002590,0.000714,-0.000023,0.002105,0.000,0.002,5.542,-37.889,0.350,2.632890,0.000412,0.000007,0.000000,0.000000,0.000000,0.000000,0.000000,0.000000,1,0.00
5.198000,-0.000,-0.002649,-0.002649,4.321,7.00,0.002482,0.000837,-0.000023,0.001834,0.000,0.002,5.544,-37.885,0.350,2.632863,0.000483,0.000007,0.000000,0.000000,0.000000,0.000000,0.000000,0.000000,1,0.00
5.200000,-0.000,-0.000959,-0.000959,4.321,7.00,0.002379,0.000959,0.000000,0.000001,0.000,0.001,5.546,-37.882,0.350,2.632837,0.000553,0.000007,0.000000,0.000000,0.000000,0.000000,0.000000,0.000000,1,0.00
5.202000,-0.001,-0.001377,-0.001377,4.321,7.00,0.002313,0.001070,0.000000,0.000307,0.000,0.001,5.548,-37.878,0.350,2.632818,0.000616,0.000006,0.000000,0.000000,0.000000,0.000000,0.000000,0.000000,1,0.00
5.204000,-0.001,-0.001885,-0.001885,4.321,7.00,0.002239,0.001183,0.000000,0.000702,0.000,0.001,5.550,-37.875,0.350,2.632798,0.000681,0.000006,0.000000,0.000000,0.000000,0.000000,0.000000,0.000000,1,0.00
5.206000,-0.001,-0.002557,-0.002557,4.321,7.00,0.002156,0.001297,0.000000,0.001259,0.000,0.002,5.552,-37.872,0.350,2.632776,0.000746,0.000006,0.000000,0.000000,0.000000,0.000000,0.000000,0.000000,1,0.00
5.208000,-0.001,-0.002959,-0.002959,4.321,7.00,0.002062,0.001413,0.000001,0.001546,0.000,0.002,5.554,-37.868,0.350,2.632753,0.000812,0.000006,0.000000,0.000000,0.000000,0.000000,0.000000,0.000000,1,0.00
5.210000,-0.001,-0.003360,-0.003360,4.321,7.00,0.001962,0.001529,0.000001,0.001830,0.001,0.002,5.555,-37.865,0.350,2.632729,0.000879,0.000006,0.000000,0.000000,0.000000,0.000000,0.000000,0.000000,1,0.00
5.212000,-0.001,-0.003455,-0.003455,4.321,7.00,0.001855,0.001647,0.000001,0.001807,0.001,0.002,5.557,-37.861,0.350,2.632704,0.000946,0.000006,0.000000,0.000000,0.000000,0.000000,0.000000,0.000000,1,0.00
5.214000,-0.001,-0.003586,-0.003586,4.321,7.00,0.001749,0.001763,0.000002,0.001822,0.001,0.002,5.559,-37.858,0.350,2.632679,0.001013,0.000006,0.000000,0.000000,0.000000,0.000000,0.000000,0.000000,1,0.00
5.216000,-0.001,-0.003508,-0.003508,4.321,7.00,0.001643,0.001878,0.000002,0.001629,0.001,0.002,5.561,-37.855,0.350,2.632654,0.001079,0.000006,0.000000,0.000000,0.000000,0.000000,0.000000,0.000000,1,0.00
5.218000,-0.001,-0.003529,-0.003529,4.321,7.00,0.001540,0.001991,0.000003,0.001536,0.001,0.002,5.563,-37.851,0.350,2.632631,0.001143,0.000006,0.000000,0.000000,0.000000,0.000000,0.000000,0.000000,1,0.00
5.220000,-0.001,-0.003839,-0.003839,4.321,7.00,0.001438,0.002102,0.000003,0.001734,0.001,0.003,5.565,-37.848,0.350,2.632608,0.001207,0.000006,0.000000,0.000000,0.000000,0.000000,0.000000,0.000000,1,0.00
5.222000,-0.001,-0.003836,-0.003836,4.321,7.00,0.001333,0.002214,0.000004,0.001618,0.001,0.003,5.567,-37.844,0.350,2.632585,0.001271,0.000006,0.000000,0.000000,0.000000,0.000000,0.000000,0.000000,1,0.00
5.224000,-0.001,-0.003937,-0.003937,4.321,7.00,0.001229,0.002324,0.000004,0.001609,0.001,0.003,5.569,-37.841,0.350,2.632562,0.001334,0.000006,0.000000,0.000000,0.000000,0.000000,0.000000,0.000000,1,0.00
5.226000,-0.001,-0.003919,-0.003919,4.321,7.00,0.001126,0.002433,0.000004,0.001481,0.001,0.003,5.570,-37.838,0.350,2.632540,0.001396,0.000006,0.000000,0.000000,0.000000,0.000000,0.000000,0.000000,1,0.00
5.228000,-0.001,-0.004086,-0.004086,4.321,7.00,0.001025,0.002540,0.000005,0.001541,0.001,0.003,5.572,-37.834,0.350,2.632519,0.001458,0.000006,0.000000,0.000000,0.000000,0.000000,0.000000,0.000000,1,0.00
5.230000,-0.001,-0.003939,-0.003939,4.321,7.00,0.000923,0.002646,0.000006,0.001288,0.001,0.003,5.574,-37.831,0.350,2.632497,0.001518,0.000006,0.000000,0.000000,0.000000,0.000000,0.000000,0.000000,1,0.00
5.232000,-0.001,-0.004298,-0.004298,4.321,7.00,0.000826,0.002750,0.000006,0.001543,0.001,0.003,5.576,-37.827,0.350,2.632477,0.001578,0.000006,0.000000,0.000000,0.000000,0.000000,0.000000,0.000000,1,0.00
5.234000,-0.001,-0.004190,-0.004190,4.321,7.00,0.000723,0.002854,0.000007,0.001329,0.001,0.003,5.578,-37.824,0.350,2.632456,0.001637,0.000006,0.000000,0.000000,0.000000,0.000000,0.000000,0.000000,1,0.00
5.236000,-0.001,-0.004514,-0.004514,4.321,7.00,0.000625,0.002956,0.000007,0.001551,0.001,0.003,5.580,-37.821,0.350,2.632436,0.001695,0.000005,0.000000,0.000000,0.000000,0.000000,0.000000,0.000000,1,0.00
5.238000,-0.002,-0.004557,-0.004557,4.321,7.00,0.000522,0.003057,0.000008,0.001492,0.001,0.003,5.582,-37.817,0.350,2.632416,0.001754,0.000005,0.000000,0.000000,0.000000,0.000000,0.000000,0.000000,1,0.00
5.240000,-0.002,-0.004655,-0.004655,4.321,7.00,0.000421,0.003157,0.000009,0.001490,0.001,0.003,5.584,-37.814,0.350,2.632396,0.001811,0.000005,0.000000,0.000000,0.000000,0.000000,0.000000,0.000000,1,0.00
5.242000,-0.002,-0.004771,-0.004771,4.321,7.00,0.000319,0.003256,0.000009,0.001507,0.001,0.003,5.585,-37.810,0.350,2.632377,0.001867,0.000005,0.000000,0.000000,0.000000,0.000000,0.000000,0.000000,1,0.00
5.244000,-0.002,-0.005051,-0.005051,4.321,7.00,0.000218,0.003353,0.000009,0.001689,0.001,0.003,5.587,-37.807,0.350,2.632357,0.001923,0.000005,0.000000,0.000000,0.000000,0.000000,0.000000,0.000000,1,0.00
5.246000,-0.002,-0.005108,-0.005108,4.321,7.00,0.000112,0.003450,0.000010,0.001649,0.002,0.003,5.589,-37.804,0.350,2.632338,0.001978,0.000005,0.000000,0.000000,0.000000,0.000000,0.000000,0.000000,1,0.00
5.248000,-0.002,-0.005162,-0.005162,4.321,7.00,0.000008,0.003545,0.000011,0.001606,0.002,0.003,5.591,-37.800,0.350,2.632319,0.002033,0.000005,0.000000,0.000000,0.000000,0.000000,0.000000,0.000000,1,0.00
5.250000,-0.002,-0.005449,-0.005449,4.321,7.00,-0.000095,0.003639,0.000011,0.001798,0.002,0.004,5.593,-37.797,0.350,2.632300,0.002087,0.000005,0.000000,0.000000,0.000000,0.000000,0.000000,0.000000,1,0.00
5.252000,-0.002,-0.005289,-0.005289,4.321,7.00,-0.000202,0.003732,0.000012,0.001545,0.002,0.004,5.595,-37.793,0.350,2.632281,0.002140,0.000005,0.000000,0.000000,0.000000,0.000000,0.000000,0.000000,1,0.00
5.254000,-0.002,-0.005256,-0.005256,4.321,7.00,-0.000304,0.003823,0.000013,0.001421,0.002,0.004,5.597,-37.790,0.350,2.632263,0.002192,0.000005,0.000000,0.000000,0.000000,0.000000,0.000000,0.000000,1,0.00
5.256000,-0.002,-0.005329,-0.005329,4.321,7.00,-0.000403,0.003911,0.000013,0.001405,0.002,0.004,5.599,-37.787,0.350,2.632246,0.002242,0.000005,0.000000,0.000000,0.000000,0.000000,0.000000,0.000000,1,0.00
5.258000,-0.002,-0.005670,-0.005670,4.321,7.00,-0.000502,0.003998,0.000014,0.001659,0.002,0.004,5.601,-37.783,0.350,2.632230,0.002292,0.000005,0.000000,0.000000,0.000000,0.000000,0.000000,0.000000,1,0.00
5.260000,-0.002,-0.005677,-0.005677,4.321,7.00,-0.000605,0.004084,0.000014,0.001578,0.002,0.004,5.602,-37.780,0.350,2.632213,0.002342,0.000005,0.000000,0.000000,0.000000,0.000000,0.000000,0.000000,1,0.00
5.262000,-0.002,-0.005716,-0.005716,4.321,7.00,-0.000706,0.004169,0.000016,0.001532,0.002,0.004,5.604,-37.776,0.350,2.632196,0.002390,0.000004,0.000000,0.000000,0.000000,0.000000,0.000000,0.000000,1,0.00
5.264000,-0.002,-0.005894,-0.005894,4.321,7.00,-0.000807,0.004252,0.000016,0.001626,0.002,0.004,5.606,-37.773,0.350,2.632181,0.002437,0.000004,0.000000,0.000000,0.000000,0.000000,0.000000,0.000000,1,0.00
5.266000,-0.002,-0.005708,-0.005708,4.321,7.00,-0.000908,0.004333,0.000017,0.001357,0.002,0.004,5.608,-37.770,0.350,2.632165,0.002484,0.000004,0.000000,0.000000,0.000000,0.000000,0.000000,0.000000,1,0.00
5.268000,-0.002,-0.005572,-0.005572,4.321,7.00,-0.001004,0.004412,0.000018,0.001141,0.002,0.004,5.610,-37.766,0.350,2.632150,0.002529,0.000004,0.000000,0.000000,0.000000,0.000000,0.000000,0.000000,1,0.00
5.270000,-0.002,-0.005636,-0.005636,4.321,7.00,-0.001096,0.004488,0.000019,0.001129,0.002,0.004,5.612,-37.763,0.350,2.632137,0.002573,0.000004,0.000000,0.000000,0.000000,0.000000,0.000000,0.000000,1,0.00
5.272000,-0.002,-0.005814,-0.005814,4.321,7.00,-0.001186,0.004563,0.000020,0.001231,0.002,0.004,5.614,-37.759,0.350,2.632124,0.002616,0.000004,0.000000,0.000000,0.000000,0.000000,0.000000,0.000000,1,0.00
5.274000,-0.002,-0.005780,-0.005780,4.321,7.00,-0.001279,0.004636,0.000020,0.001123,0.002,0.004,5.616,-37.756,0.350,2.632111,0.002658,0.000004,0.000000,0.000000,0.000000,0.000000,0.000000,0.000000,1,0.00
5.276000,-0.002,-0.005909,-0.005909,4.321,7.00,-0.001369,0.004707,0.000021,0.001180,0.002,0.004,5.618,-37.753,0.350,2.632098,0.002698,0.000004,0.000000,0.000000,0.000000,0.000000,0.000000,0.000000,1,0.00
5.278000,-0.002,-0.006108,-0.006108,4.321,7.00,-0.001460,0.004777,0.000022,0.001309,0.002,0.004,5.619,-37.749,0.350,2.632086,0.002738,0.000004,0.000000,0.000000,0.000000,0.000000,0.000000,0.000000,1,0.00
5.280000,-0.002,-0.005961,-0.005961,4.321,7.00,-0.001552,0.004846,0.000023,0.001092,0.002,0.004,5.621,-37.746,0.350,2.632074,0.002778,0.000004,0.000000,0.000000,0.000000,0.000000,0.000000,0.000000,1,0.00
5.282000,-0.002,-0.005962,-0.005962,4.321,7.00,-0.001641,0.004912,0.000024,0.001026,0.002,0.004,5.623,-37.742,0.350,2.632062,0.002816,0.000004,0.000000,0.000000,0.000000,0.000000,0.000000,0.000000,1,0.00
5.284000,-0.002,-0.006067,-0.006067,4.321,7.00,-0.001727,0.004976,0.000025,0.001066,0.002,0.004,5.625,-37.739,0.350,2.632052,0.002852,0.000004,0.000000,0.000000,0.000000,0.000000,0.000000,0.000000,1,0.00
5.286000,-0.003,-0.006116,-0.006116,4.321,7.00,-0.001814,0.005039,0.000026,0.001052,0.002,0.004,5.627,-37.736,0.350,2.632041,0.002888,0.000004,0.000000,0.000000,0.000000,0.000000,0.000000,0.000000,1,0.00
5.288000,-0.003,-0.005990,-0.005990,4.321,7.00,-0.001900,0.005099,0.000027,0.000864,0.002,0.004,5.629,-37.732,0.350,2.632031,0.002923,0.000004,0.000000,0.000000,0.000000,0.000000,0.000000,0.000000,1,0.00
5.290000,-0.003,-0.006167,-0.006167,4.321,7.00,-0.001982,0.005158,0.000027,0.000982,0.002,0.004,5.631,-37.729,0.350,2.632022,0.002956,0.000004,0.000000,0.000000,0.000000,0.000000,0.000000,0.000000,1,0.00
5.292000,-0.003,-0.006336,-0.006336,4.321,7.00,-0.002065,0.005215,0.000028,0.001094,0.002,0.004,5.633,-37.725,0.350,2.632013,0.002989,0.000004,0.000000,0.000000,0.000000,0.000000,0.000000,0.000000,1,0.00
5.294000,-0.003,-0.006219,-0.006219,4.321,7.00,-0.002151,0.005270,0.000029,0.000919,0.003,0.004,5.635,-37.722,0.350,2.632004,0.003021,0.000004,0.000000,0.000000,0.000000,0.000000,0.000000,0.000000,1,0.00
5.296000,-0.003,-0.006223,-0.006223,4.321,7.00,-0.002232,0.005323,0.000031,0.000869,0.003,0.004,5.636,-37.719,0.350,2.631996,0.003051,0.000004,0.000000,0.000000,0.000000,0.000000,0.000000,0.000000,1,0.00
5.298000,-0.003,-0.006302,-0.006302,4.321,7.00,-0.002312,0.005375,0.000031,0.000896,0.003,0.004,5.638,-37.715,0.350,2.631988,0.003081,0.000004,0.000000,0.000000,0.000000,0.000000,0.000000,0.000000,1,0.00
5.300000,-0.003,-0.005427,-0.005427,4.321,7.00,-0.002392,0.005424,0.000000,0.000003,0.000,0.004,5.640,-37.712,0.350,2.631981,0.003109,0.000004,0.000000,0.000000,0.000000,0.000000,0.000000,0.000000,1,0.00
5.302000,-0.003,-0.005581,-0.005581,4.321,7.00,-0.002452,0.005467,0.000001,0.000113,0.000,0.004,5.642,-37.708,0.350,2.631977,0.003134,0.000004,0.000000,0.000000,0.000000,0.000000,0.000000,0.000000,1,0.00
5.304000,-0.003,-0.005803,-0.005803,4.321,7.00,-0.002515,0.005510,0.000002,0.000292,0.000,0.004,5.644,-37.705,0.350,2.631973,0.003158,0.000004,0.000000,0.000000,0.000000,0.000000,0.000000,0.000000,1,0.00
5.306000,-0.003,-0.005920,-0.005920,4.321,7.00,-0.002581,0.005551,0.000003,0.000366,0.000,0.004,5.646,-37.702,0.350,2.631969,0.003182,0.000004,0.000000,0.000000,0.000000,0.000000,0.000000,0.000000,1,0.00
5.308000,-0.003,-0.006061,-0.006061,4.321,7.00,-0.002647,0.005591,0.000004,0.000466,0.003,0.004,5.648,-37.698,0.350,2.631965,0.003204,0.000004,0.000000,0.000000,0.000000,0.000000,0.000000,0.000000,1,0.00
5.310000,-0.003,-0.006266,-0.006266,4.321,7.00,-0.002716,0.005629,0.000005,0.000632,0.003,0.004,5.650,-37.695,0.350,2.631960,0.003227,0.000004,0.000000,0.000000,0.000000,0.000000,0.000000,0.000000,1,0.00
5.312000,-0.003,-0.006304,-0.006304,4.321,7.00,-0.002786,0.005667,0.000006,0.000631,0.003,0.004,5.652,-37.691,0.350,2.631956,0.003248,0.000004,0.000000,0.000000,0.000000,0.000000,0.000000,0.000000,1,0.00
5.314000,-0.003,-0.006244,-0.006244,4.321,7.00,-0.002857,0.005703,0.000007,0.000534,0.003,0.004,5.653,-37.688,0.350,2.631952,0.003269,0.000004,0.000000,0.000000,0.000000,0.000000,0.000000,0.000000,1,0.00
5.316000,-0.003,-0.006337,-0.006337,4.321,7.00,-0.002925,0.005736,0.000008,0.000592,0.003,0.004,5.655,-37.685,0.350,2.631948,0.003288,0.000004,0.000000,0.000000,0.000000,0.000000,0.000000,0.000000,1,0.00
5.318000,-0.003,-0.006403,-0.006403,4.321,7.00,-0.002993,0.005768,0.000009,0.000626,0.003,0.004,5.657,-37.681,0.350,2.631944,0.003306,0.000004,0.000000,0.000000,0.000000,0.000000,0.000000,0.000000,1,0.00
5.320000,-0.003,-0.006321,-0.006321,4.321,7.00,-0.003061,0.005799,0.000010,0.000512,0.003,0.004,5.659,-37.678,0.350,2.631941,0.003324,0.000004,0.000000,0.000000,0.000000,0.000000,0.000000,0.000000,1,0.00
5.322000,-0.003,-0.006320,-0.006320,4.321,7.00,-0.003126,0.005827,0.000011,0.000483,0.003,0.004,5.661,-37.674,0.350,2.631939,0.003340,0.000004,0.000000,0.000000,0.000000,0.000000,0.000000,0.000000,1,0.00
5.324000,-0.003,-0.006395,-0.006395,4.321,7.00,-0.003190,0.005852,0.000012,0.000531,0.003,0.004,5.663,-37.671,0.350,2.631937,0.003355,0.000004,0.000000,0.000000,0.000000,0.000000,0.000000,0.000000,1,0.00
5.326000,-0.003,-0.006334,-0.006334,4.321,7.00,-0.003254,0.005877,0.000013,0.000444,0.003,0.004,5.665,-37.668,0.350,2.631935,0.003368,0.000004,0.000000,0.000000,0.000000,0.000000,0.000000,0.000000,1,0.00
5.328000,-0.003,-0.006281,-0.006281,4.321,7.00,-0.003316,0.005899,0.000015,0.000368,0.003,0.004,5.667,-37.664,0.350,2.631933,0.003381,0.000004,0.000000,0.000000,0.000000,0.000000,0.000000,0.000000,1,0.00
5.330000,-0.003,-0.006327,-0.006327,4.321,7.00,-0.003375,0.005918,0.000015,0.000393,0.003,0.004,5.669,-37.661,0.350,2.631933,0.003392,0.000004,0.000000,0.000000,0.000000,0.000000,0.000000,0.000000,1,0.00
5.332000,-0.003,-0.006303,-0.006303,4.321,7.00,-0.003434,0.005936,0.000017,0.000350,0.003,0.004,5.670,-37.657,0.350,2.631932,0.003403,0.000004,0.000000,0.000000,0.000000,0.000000,0.000000,0.000000,1,0.00
5.334000,-0.003,-0.006228,-0.006228,4.321,7.00,-0.003491,0.005952,0.000018,0.000258,0.003,0.004,5.672,-37.654,0.350,2.631932,0.003412,0.000004,0.000000,0.000000,0.000000,0.000000,0.000000,0.000000,1,0.00
5.336000,-0.003,-0.006252,-0.006252,4.321,7.00,-0.003546,0.005966,0.000019,0.000267,0.003,0.004,5.674,-37.651,0.350,2.631933,0.003420,0.000004,0.000000,0.000000,0.000000,0.000000,0.000000,0.000000,1,0.00
5.338000,-0.003,-0.006230,-0.006230,4.321,7.00,-0.003600,0.005978,0.000020,0.000232,0.003,0.004,5.676,-37.647,0.350,2.631934,0.003427,0.000004,0.000000,0.000000,0.000000,0.000000,0.000000,0.000000,1,0.00
5.340000,-0.003,-0.006185,-0.006185,4.321,7.00,-0.003653,0.005988,0.000022,0.000176,0.003,0.004,5.678,-37.644,0.350,2.631935,0.003432,0.000004,0.000000,0.000000,0.000000,0.000000,0.000000,0.000000,1,0.00
5.342000,-0.003,-0.006185,-0.006185,4.321,7.00,-0.003703,0.005995,0.000022,0.000167,0.003,0.004,5.680,-37.640,0.350,2.631937,0.003437,0.000004,0.000000,0.000000,0.000000,0.000000,0.000000,0.000000,1,0.00
5.344000,-0.003,-0.006170,-0.006170,4.321,7.00,-0.003753,0.006001,0.000023,0.000145,0.003,0.004,5.682,-37.637,0.350,2.631939,0.003440,0.000004,0.000000,0.000000,0.000000,0.000000,0.000000,0.000000,1,0.00
5.346000,-0.003,-0.006130,-0.006130,4.321,7.00,-0.003801,0.006005,0.000025,0.000100,0.003,0.004,5.684,-37.634,0.350,2.631942,0.003442,0.000005,0.000000,0.000000,0.000000,0.000000,0.000000,0.000000,1,0.00
5.348000,-0.003,-0.006116,-0.006116,4.321,7.00,-0.003848,0.006007,0.000025,0.000084,0.003,0.004,5.686,-37.630,0.350,2.631945,0.003443,0.000005,0.000000,0.000000,0.000000,0.000000,0.000000,0.000000,1,0.00
5.350000,-0.003,-0.006092,-0.006092,4.321,7.00,-0.003893,0.006006,0.000026,0.000059,0.003,0.004,5.687,-37.627,0.350,2.631949,0.003443,0.000005,0.000000,0.000000,0.000000,0.000000,0.000000,0.000000,1,0.00
5.352000,-0.003,-0.006059,-0.006059,4.321,7.00,-0.003937,0.006004,0.000028,0.000027,0.003,0.004,5.689,-37.623,0.350,2.631953,0.003442,0.000005,0.000000,0.000000,0.000000,0.000000,0.000000,0.000000,1,0.00
5.354000,-0.003,-0.006029,-0.006029,4.321,7.00,-0.003979,0.006000,0.000029,0.000000,0.003,0.004,5.691,-37.620,0.350,2.631957,0.003439,0.000005,0.000000,0.000000,0.000000,0.000000,0.000000,0.000000,1,0.00
5.356000,-0.003,-0.005985,-0.005985,4.321,7.00,-0.004020,0.005994,0.000030,-0.000038,0.003,0.004,5.693,-37.617,0.350,2.631961,0.003436,0.000005,0.000000,0.000000,0.000000,0.000000,0.000000,0.000000,1,0.00
5.358000,-0.003,-0.005942,-0.005942,4.321,7.00,-0.004060,0.005985,0.000031,-0.000074,0.003,0.004,5.695,-37.613,0.350,2.631966,0.003431,0.000005,0.000000,0.000000,0.000000,0.000000,0.000000,0.000000,1,0.00
5.360000,-0.003,-0.005907,-0.005907,4.321,7.00,-0.004097,0.005975,0.000032,-0.000100,0.003,0.004,5.697,-37.610,0.350,2.631972,0.003425,0.000005,0.000000,0.000000,0.000000,0.000000,0.000000,0.000000,1,0.00
5.362000,-0.003,-0.005869,-0.005869,4.321,7.00,-0.004133,0.005963,0.000033,-0.000127,0.003,0.004,5.699,-37.606,0.350,2.631978,0.003418,0.000005,0.000000,0.000000,0.000000,0.000000,0.000000,0.000000,1,0.00
5.364000,-0.003,-0.005802,-0.005802,4.321,7.00,-0.004168,0.005949,0.000034,-0.000181,0.003,0.004,5.701,-37.603,0.350,2.631984,0.003410,0.000005,0.000000,0.000000,0.000000,0.000000,0.000000,0.000000,1,0.00
5.366000,-0.003,-0.005787,-0.005787,4.321,7.00,-0.004201,0.005933,0.000035,-0.000180,0.003,0.004,5.703,-37.600,0.350,2.631991,0.003401,0.000005,0.000000,0.000000,0.000000,0.000000,0.000000,0.000000,1,0.00
5.368000,-0.003,-0.005755,-0.005755,4.321,7.00,-0.004232,0.005914,0.000036,-0.000196,0.003,0.004,5.705,-37.596,0.350,2.631998,0.003391,0.000005,0.000000,0.000000,0.000000,0.000000,0.000000,0.000000,1,0.00
5.370000,-0.003,-0.005676,-0.005676,4.321,7.00,-0.004263,0.005894,0.000037,-0.000255,0.003,0.004,5.706,-37.593,0.350,2.632005,0.003379,0.000005,0.000000,0.000000,0.000000,0.000000,0.000000,0.000000,1,0.00
5.372000,-0.003,-0.005613,-0.005613,4.321,7.00,-0.004291,0.005872,0.000038,-0.000298,0.003,0.004,5.708,-37.589,0.350,2.632013,0.003367,0.000005,0.000000,0.000000,0.000000,0.000000,0.000000,0.000000,1,0.00
5.374000,-0.003,-0.005580,-0.005580,4.321,7.00,-0.004318,0.005848,0.000039,-0.000307,0.003,0.004,5.710,-37.586,0.350,2.632021,0.003353,0.000005,0.000000,0.000000,0.000000,0.000000,0.000000,0.000000,1,0.00
5.376000,-0.003,-0.005546,-0.005546,4.321,7.00,-0.004343,0.005822,0.000041,-0.000317,0.003,0.004,5.712,-37.583,0.350,2.632030,0.003338,0.000005,0.000000,0.000000,0.000000,0.000000,0.000000,0.000000,1,0.00
5.378000,-0.003,-0.005466,-0.005466,4.321,7.00,-0.004367,0.005795,0.000042,-0.000370,0.003,0.004,5.714,-37.579,0.350,2.632038,0.003322,0.000005,0.000000,0.000000,0.000000,0.000000,0.000000,0.000000,1,0.00
5.380000,-0.003,-0.005467,-0.005467,4.321,7.00,-0.004389,0.005765,0.000043,-0.000341,0.003,0.004,5.716,-37.576,0.350,2.632048,0.003305,0.000006,0.000000,0.000000,0.000000,0.000000,0.000000,0.000000,1,0.00
5.382000,-0.003,-0.005461,-0.005461,4.321,7.00,-0.004410,0.005733,0.000045,-0.000317,0.003,0.004,5.718,-37.573,0.350,2.632057,0.003287,0.000006,0.000000,0.000000,0.000000,0.000000,0.000000,0.000000,1,0.00
5.384000,-0.003,-0.005376,-0.005376,4.321,7.00,-0.004431,0.005700,0.000046,-0.000370,0.003,0.004,5.720,-37.569,0.350,2.632066,0.003268,0.000006,0.000000,0.000000,0.000000,0.000000,0.000000,0.000000,1,0.00
5.386000,-0.003,-0.005261,-0.005261,4.321,7.00,-0.004450,0.005665,0.000047,-0.000451,0.003,0.004,5.722,-37.566,0.350,2.632077,0.003248,0.000006,0.000000,0.000000,0.000000,0.000000,0.000000,0.000000,1,0.00
5.388000,-0.003,-0.005269,-0.005269,4.321,7.00,-0.004466,0.005628,0.000048,-0.000408,0.003,0.004,5.724,-37.562,0.350,2.632087,0.003227,0.000006,0.000000,0.000000,0.000000,0.000000,0.000000,0.000000,1,0.00
5.390000,-0.003,-0.005212,-0.005212,4.321,7.00,-0.004482,0.005589,0.000050,-0.000428,0.003,0.003,5.725,-37.559,0.350,2.632098,0.003205,0.000006,0.000000,0.000000,0.000000,0.000000,0.000000,0.000000,1,0.00
5.392000,-0.003,-0.005125,-0.005125,4.321,7.00,-0.004497,0.005549,0.000051,-0.000475,0.003,0.003,5.727,-37.556,0.350,2.632109,0.003181,0.000006,0.000000,0.000000,0.000000,0.000000,0.000000,0.000000,1,0.00
5.394000,-0.003,-0.005122,-0.005122,4.321,7.00,-0.004509,0.005506,0.000052,-0.000437,0.003,0.003,5.729,-37.552,0.350,2.632120,0.003157,0.000006,0.000000,0.000000,0.000000,0.000000,0.000000,0.000000,1,0.00
5.396000,-0.003,-0.005064,-0.005064,4.321,7.00,-0.004522,0.005462,0.000053,-0.000452,0.003,0.003,5.731,-37.549,0.350,2.632132,0.003132,0.000006,0.000000,0.000000,0.000000,0.000000,0.000000,0.000000,1,0.00
5.398000,-0.003,-0.004959,-0.004959,4.321,7.00,-0.004533,0.005416,0.000054,-0.000511,0.003,0.003,5.733,-37.545,0.350,2.632143,0.003106,0.000006,0.000000,0.000000,0.000000,0.000000,0.000000,0.000000,1,0.00
5.400000,-0.003,-0.005372,-0.005372,4.321,7.00,-0.004541,0.005369,0.000000,0.000003,0.000,0.004,5.735,-37.542,0.350,2.632155,0.003078,0.000006,0.000000,0.000000,0.000000,0.000000,0.000000,0.000000,1,0.00
5.402000,-0.003,-0.005239,-0.005239,4.321,7.00,-0.004558,0.005321,0.000001,-0.000083,0.000,0.003,5.737,-37.539,0.350,2.632166,0.003051,0.000006,0.000000,0.000000,0.000000,0.000000,0.000000,0.000000,1,0.00
5.404000,-0.003,-0.005069,-0.005069,4.321,7.00,-0.004571,0.005272,0.000003,-0.000206,0.000,0.003,5.739,-37.535,0.350,2.632177,0.003023,0.000006,0.000000,0.000000,0.000000,0.000000,0.000000,0.000000,1,0.00
5.406000,-0.003,-0.004760,-0.004760,4.321,7.00,-0.004581,0.005220,0.000003,-0.000463,0.000,0.003,5.741,-37.532,0.350,2.632189,0.002993,0.000006,0.000000,0.000000,0.000000,0.000000,0.000000,0.000000,1,0.00
5.408000,-0.003,-0.004542,-0.004542,4.321,7.00,-0.004585,0.005166,0.000004,-0.000628,0.003,0.003,5.743,-37.528,0.350,2.632203,0.002962,0.000007,0.000000,0.000000,0.000000,0.000000,0.000000,0.000000,1,0.00
5.410000,-0.003,-0.004291,-0.004291,4.321,7.00,-0.004584,0.005109,0.000005,-0.000823,0.003,0.003,5.744,-37.525,0.350,2.632216,0.002930,0.000007,0.000000,0.000000,0.000000,0.000000,0.000000,0.000000,1,0.00
5.412000,-0.003,-0.004225,-0.004225,4.321,7.00,-0.004578,0.005050,0.000006,-0.000831,0.003,0.003,5.746,-37.522,0.350,2.632231,0.002896,0.000007,0.000000,0.000000,0.000000,0.000000,0.000000,0.000000,1,0.00
5.414000,-0.002,-0.004093,-0.004093,4.321,7.00,-0.004571,0.004989,0.000007,-0.000902,0.003,0.003,5.748,-37.518,0.350,2.632246,0.002861,0.000007,0.000000,0.000000,0.000000,0.000000,0.000000,0.000000,1,0.00
5.416000,-0.002,-0.004176,-0.004176,4.321,7.00,-0.004561,0.004926,0.000008,-0.000758,0.003,0.003,5.750,-37.515,0.350,2.632262,0.002825,0.000007,0.000000,0.000000,0.000000,0.000000,0.000000,0.000000,1,0.00
5.418000,-0.002,-0.004102,-0.004102,4.321,7.00,-0.004554,0.004862,0.000009,-0.000770,0.003,0.003,5.752,-37.511,0.350,2.632277,0.002788,0.000007,0.000000,0.000000,0.000000,0.000000,0.000000,0.000000,1,0.00
5.420000,-0.002,-0.003937,-0.003937,4.321,7.00,-0.004545,0.004797,0.000010,-0.000869,0.003,0.003,5.754,-37.508,0.350,2.632293,0.002751,0.000007,0.000000,0.000000,0.000000,0.000000,0.000000,0.000000,1,0.00
5.422000,-0.002,-0.003842,-0.003842,4.321,7.00,-0.004532,0.004729,0.000011,-0.000898,0.002,0.003,5.756,-37.505,0.350,2.632308,0.002712,0.000007,0.000000,0.000000,0.000000,0.000000,0.000000,0.000000,1,0.00
5.424000,-0.002,-0.003808,-0.003808,4.321,7.00,-0.004519,0.004660,0.000012,-0.000864,0.002,0.003,5.758,-37.501,0.350,2.632324,0.002673,0.000007,0.000000,0.000000,0.000000,0.000000,0.000000,0.000000,1,0.00
5.426000,-0.002,-0.003524,-0.003524,4.321,7.00,-0.004504,0.004590,0.000013,-0.001079,0.002,0.002,5.760,-37.498,0.350,2.632341,0.002633,0.000007,0.000000,0.000000,0.000000,0.000000,0.000000,0.000000,1,0.00
5.428000,-0.002,-0.003510,-0.003510,4.321,7.00,-0.004485,0.004517,0.000014,-0.001021,0.002,0.002,5.762,-37.495,0.350,2.632358,0.002591,0.000007,0.000000,0.000000,0.000000,0.000000,0.000000,0.000000,1,0.00
5.430000,-0.002,-0.003545,-0.003545,4.321,7.00,-0.004465,0.004443,0.000015,-0.000913,0.002,0.002,5.764,-37.491,0.350,2.632375,0.002549,0.000007,0.000000,0.000000,0.000000,0.000000,0.000000,0.000000,1,0.00
5.432000,-0.002,-0.003463,-0.003463,4.321,7.00,-0.004447,0.004369,0.000016,-0.000921,0.002,0.002,5.765,-37.488,0.350,2.632392,0.002506,0.000008,0.000000,0.000000,0.000000,0.000000,0.000000,0.000000,1,0.00
5.434000,-0.002,-0.003366,-0.003366,4.321,7.00,-0.004427,0.004292,0.000017,-0.000944,0.002,0.002,5.767,-37.484,0.350,2.632409,0.002462,0.000008,0.000000,0.000000,0.000000,0.000000,0.000000,0.000000,1,0.00
5.436000,-0.002,-0.003354,-0.003354,4.321,7.00,-0.004406,0.004215,0.000018,-0.000878,0.002,0.002,5.769,-37.481,0.350,2.632426,0.002418,0.000008,0.000000,0.000000,0.000000,0.000000,0.000000,0.000000,1,0.00
5.438000,-0.002,-0.003249,-0.003249,4.321,7.00,-0.004385,0.004136,0.000019,-0.000905,0.002,0.002,5.771,-37.478,0.350,2.632443,0.002373,0.000008,0.000000,0.000000,0.000000,0.000000,0.000000,0.000000,1,0.00
5.440000,-0.002,-0.003193,-0.003193,4.321,7.00,-0.004362,0.004056,0.000020,-0.000883,0.002,0.002,5.773,-37.474,0.350,2.632460,0.002327,0.000008,0.000000,0.000000,0.000000,0.000000,0.000000,0.000000,1,0.00
5.442000,-0.002,-0.003095,-0.003095,4.321,7.00,-0.004339,0.003974,0.000021,-0.000900,0.002,0.002,5.775,-37.471,0.350,2.632478,0.002280,0.000008,0.000000,0.000000,0.000000,0.000000,0.000000,0.000000,1,0.00
5.444000,-0.002,-0.003004,-0.003004,4.321,7.00,-0.004314,0.003891,0.000022,-0.000909,0.002,0.002,5.777,-37.467,0.350,2.632495,0.002233,0.000008,0.000000,0.000000,0.000000,0.000000,0.000000,0.000000,1,0.00
5.446000,-0.002,-0.003013,-0.003013,4.321,7.00,-0.004288,0.003807,0.000023,-0.000817,0.002,0.002,5.779,-37.464,0.350,2.632513,0.002184,0.000008,0.000000,0.000000,0.000000,0.000000,0.000000,0.000000,1,0.00
5.448000,-0.002,-0.002863,-0.002863,4.321,7.00,-0.004262,0.003722,0.000023,-0.000882,0.002,0.002,5.781,-37.461,0.350,2.632531,0.002136,0.000008,0.000000,0.000000,0.000000,0.000000,0.000000,0.000000,1,0.00
5.450000,-0.002,-0.002820,-0.002820,4.321,7.00,-0.004234,0.003635,0.000025,-0.000840,0.002,0.002,5.783,-37.457,0.350,2.632549,0.002086,0.000008,0.000000,0.000000,0.000000,0.000000,0.000000,0.000000,1,0.00
5.452000,-0.002,-0.002786,-0.002786,4.321,7.00,-0.004206,0.003547,0.000026,-0.000788,0.002,0.002,5.784,-37.454,0.350,2.632567,0.002036,0.000008,0.000000,0.000000,0.000000,0.000000,0.000000,0.000000,1,0.00
5.454000,-0.002,-0.002713,-0.002713,4.321,7.00,-0.004178,0.003458,0.000027,-0.000773,0.002,0.002,5.786,-37.450,0.350,2.632584,0.001985,0.000008,0.000000,0.000000,0.000000,0.000000,0.000000,0.000000,1,0.00
5.456000,-0.002,-0.002608,-0.002608,4.321,7.00,-0.004148,0.003368,0.000028,-0.000789,0.002,0.002,5.788,-37.447,0.350,2.632602,0.001933,0.000008,0.000000,0.000000,0.000000,0.000000,0.000000,0.000000,1,0.00
5.458000,-0.002,-0.002525,-0.002525,4.321,7.00,-0.004118,0.003277,0.000029,-0.000781,0.002,0.002,5.790,-37.444,0.350,2.632620,0.001881,0.000008,0.000000,0.000000,0.000000,0.000000,0.000000,0.000000,1,0.00
5.460000,-0.002,-0.002252,-0.002252,4.321,7.00,-0.004086,0.003185,0.000029,-0.000962,0.002,0.002,5.792,-37.440,0.350,2.632639,0.001828,0.000008,0.000000,0.000000,0.000000,0.000000,0.000000,0.000000,1,0.00
5.462000,-0.002,-0.002106,-0.002106,4.321,7.00,-0.004049,0.003090,0.000030,-0.001014,0.002,0.001,5.794,-37.437,0.350,2.632658,0.001774,0.000008,0.000000,0.000000,0.000000,0.000000,0.000000,0.000000,1,0.00
5.464000,-0.001,-0.002001,-0.002001,4.321,7.00,-0.004010,0.002995,0.000031,-0.001025,0.002,0.001,5.796,-37.433,0.350,2.632677,0.001719,0.000008,0.000000,0.000000,0.000000,0.000000,0.000000,0.000000,1,0.00
5.466000,-0.001,-0.001863,-0.001863,4.321,7.00,-0.003970,0.002898,0.000032,-0.001066,0.002,0.001,5.798,-37.430,0.350,2.632696,0.001664,0.000009,0.000000,0.000000,0.000000,0.000000,0.000000,0.000000,1,0.00
5.468000,-0.001,-0.001747,-0.001747,4.321,7.00,-0.003928,0.002799,0.000032,-0.001084,0.002,0.001,5.800,-37.427,0.350,2.632716,0.001608,0.000009,0.000000,0.000000,0.000000,0.000000,0.000000,0.000000,1,0.00
5.470000,-0.001,-0.001674,-0.001674,4.321,7.00,-0.003885,0.002700,0.000033,-0.001059,0.002,0.001,5.802,-37.423,0.350,2.632736,0.001551,0.000009,0.000000,0.000000,0.000000,0.000000,0.000000,0.000000,1,0.00
5.472000,-0.001,-0.001499,-0.001499,4.321,7.00,-0.003840,0.002600,0.000033,-0.001134,0.001,0.001,5.804,-37.420,0.350,2.632756,0.001493,0.000009,0.000000,0.000000,0.000000,0.000000,0.000000,0.000000,1,0.00
5.474000,-0.001,-0.001099,-0.001099,4.321,7.00,-0.003794,0.002498,0.000034,-0.001433,0.001,0.001,5.805,-37.417,0.350,2.632776,0.001435,0.000009,0.000000,0.000000,0.000000,0.000000,0.000000,0.000000,1,0.00
5.476000,-0.001,-0.001006,-0.001006,4.321,7.00,-0.003740,0.002394,0.000034,-0.001422,0.001,0.001,5.807,-37.413,0.350,2.632797,0.001375,0.000009,0.000000,0.000000,0.000000,0.000000,0.000000,0.000000,1,0.00
5.478000,-0.001,-0.000866,-0.000866,4.321,7.00,-0.003685,0.002289,0.000035,-0.001457,0.001,0.001,5.809,-37.410,0.350,2.632818,0.001315,0.000009,0.000000,0.000000,0.000000,0.000000,0.000000,0.000000,1,0.00
5.480000,-0.001,-0.000579,-0.000579,4.321,7.00,-0.003629,0.002182,0.000035,-0.001638,0.001,0.000,5.811,-37.406,0.350,2.632840,0.001254,0.000009,0.000000,0.000000,0.000000,0.000000,0.000000,0.000000,1,0.00
5.482000,-0.001,-0.000304,-0.000304,4.321,7.00,-0.003568,0.002074,0.000035,-0.001806,0.001,0.000,5.813,-37.403,0.350,2.632862,0.001193,0.000009,0.000000,0.000000,0.000000,0.000000,0.000000,0.000000,1,0.00
5.484000,-0.001,-0.000346,-0.000346,4.321,7.00,-0.003503,0.001965,0.000036,-0.001654,0.001,0.000,5.815,-37.400,0.350,2.632885,0.001130,0.000009,0.000000,0.000000,0.000000,0.000000,0.000000,0.000000,1,0.00
5.486000,-0.001,-0.000269,-0.000269,4.321,7.00,-0.003440,0.001855,0.000036,-0.001622,0.001,0.000,5.817,-37.396,0.350,2.632907,0.001067,0.000009,0.000000,0.000000,0.000000,0.000000,0.000000,0.000000,1,0.00
5.488000,-0.001,-0.000097,-0.000097,4.321,7.00,-0.003376,0.001745,0.000036,-0.001684,0.001,0.000,5.819,-37.393,0.350,2.632930,0.001004,0.000009,0.000000,0.000000,0.000000,0.000000,0.000000,0.000000,1,0.00
5.490000,-0.001,-0.000244,-0.000244,4.321,7.00,-0.003311,0.001634,0.000037,-0.001427,0.001,0.000,5.821,-37.389,0.350,2.632952,0.000940,0.000009,0.000000,0.000000,0.000000,0.000000,0.000000,0.000000,1,0.00
5.492000,-0.001,-0.000221,-0.000221,4.321,7.00,-0.003249,0.001523,0.000037,-0.001339,0.001,0.000,5.823,-37.386,0.350,2.632973,0.000877,0.000009,0.000000,0.000000,0.000000,0.000000,0.000000,0.000000,1,0.00
5.494000,-0.001,-0.000177,-0.000177,4.321,7.00,-0.003189,0.001412,0.000037,-0.001273,0.001,0.000,5.825,-37.383,0.350,2.632994,0.000813,0.000009,0.000000,0.000000,0.000000,0.000000,0.000000,0.000000,1,0.00
5.496000,-0.001,0.000038,0.000038,4.321,7.00,-0.003129,0.001301,0.000038,-0.001376,0.001,0.000,5.826,-37.379,0.350,2.633015,0.000750,0.000009,0.000000,0.000000,0.000000,0.000000,0.000000,0.000000,1,0.00
5.498000,-0.001,0.000124,0.000124,4.321,7.00,-0.003065,0.001188,0.000038,-0.001350,0.001,0.000,5.828,-37.376,0.350,2.633036,0.000685,0.000009,0.000000,0.000000,0.000000,0.000000,0.000000,0.000000,1,0.00
5.500000,-0.001,-0.001076,-0.001076,4.321,7.00,-0.003002,0.001075,0.000000,0.000001,0.000,0.001,5.830,-37.372,0.350,2.633057,0.000620,0.000009,0.000000,0.000000,0.000000,0.000000,0.000000,0.000000,1,0.00
5.502000,-0.000,-0.000755,-0.000755,4.321,7.00,-0.002963,0.000968,0.000000,-0.000213,0.000,0.001,5.832,-37.369,0.350,2.633073,0.000559,0.000009,0.000000,0.000000,0.000000,0.000000,0.000000,0.000000,1,0.00
5.504000,-0.000,-0.000387,-0.000387,4.321,7.00,-0.002919,0.000859,0.000000,-0.000473,0.000,0.000,5.834,-37.366,0.350,2.633090,0.000497,0.000009,0.000000,0.000000,0.000000,0.000000,0.000000,0.000000,1,0.00
5.506000,-0.000,0.000207,0.000207,4.321,7.00,-0.002868,0.000748,0.000001,-0.000955,0.000,0.000,5.836,-37.362,0.350,2.633108,0.000433,0.000009,0.000000,0.000000,0.000000,0.000000,0.000000,0.000000,1,0.00
5.508000,-0.000,0.000696,0.000696,4.321,7.00,-0.002807,0.000634,0.000001,-0.001331,0.001,0.000,5.838,-37.359,0.350,2.633128,0.000368,0.000009,0.000000,0.000000,0.000000,0.000000,0.000000,0.000000,1,0.00
5.510000,-0.000,0.001170,0.001170,4.321,7.00,-0.002737,0.000517,0.000001,-0.001688,0.000,0.001,5.840,-37.356,0.350,2.633150,0.000301,0.000009,0.000000,0.000000,0.000000,0.000000,0.000000,0.000000,1,0.00
5.512000,-0.000,0.001264,0.001264,4.321,7.00,-0.002659,0.000398,0.000001,-0.001663,0.000,0.001,5.842,-37.352,0.350,2.633173,0.000233,0.000009,0.000000,0.000000,0.000000,0.000000,0.000000,0.000000,1,0.00
5.514000,-0.000,0.001517,0.001517,4.321,7.00,-0.002580,0.000279,0.000001,-0.001797,0.000,0.001,5.844,-37.349,0.350,2.633195,0.000165,0.000009,0.000000,0.000000,0.000000,0.000000,0.000000,0.000000,1,0.00
5.516000,-0.000,0.001391,0.001391,4.321,7.00,-0.002498,0.000159,0.000001,-0.001550,0.000,0.001,5.846,-37.345,0.350,2.633218,0.000096,0.000009,0.000000,0.000000,0.000000,0.000000,0.000000,0.000000,1,0.00
5.518000,-0.000,0.001458,0.001458,4.321,7.00,-0.002421,0.000039,0.000001,-0.001499,0.000,0.001,5.847,-37.342,0.350,2.633240,0.000028,0.000009,0.000000,0.000000,0.000000,0.000000,0.000000,0.000000,1,0.00
5.520000,0.000,0.001591,0.001591,4.321,7.00,-0.002343,-0.000080,0.000001,-0.001512,0.000,0.001,5.849,-37.339,0.350,2.633262,-0.000041,0.000009,0.000000,0.000000,0.000000,0.000000,0.000000,0.000000,1,0.00
5.522000,0.000,0.001725,0.001725,4.321,7.00,-0.002265,-0.000200,0.000001,-0.001526,0.000,0.001,5.851,-37.335,0.350,2.633283,-0.000109,0.000009,0.000000,0.000000,0.000000,0.000000,0.000000,0.000000,1,0.00
5.524000,0.000,0.001715,0.001715,4.321,7.00,-0.002185,-0.000320,0.000001,-0.001396,0.000,0.001,5.853,-37.332,0.350,2.633305,-0.000178,0.000009,0.000000,0.000000,0.000000,0.000000,0.000000,0.000000,1,0.00
5.526000,0.000,0.001888,0.001888,4.321,7.00,-0.002107,-0.000440,0.000001,-0.001449,0.000,0.001,5.855,-37.328,0.350,2.633326,-0.000247,0.000009,0.000000,0.000000,0.000000,0.000000,0.000000,0.000000,1,0.00
5.528000,0.000,0.001988,0.001988,4.321,7.00,-0.002027,-0.000560,0.000001,-0.001428,-0.000,0.001,5.857,-37.325,0.350,2.633347,-0.000316,0.000009,0.000000,0.000000,0.000000,0.000000,0.000000,0.000000,1,0.00
5.530000,0.000,0.001959,0.001959,4.321,7.00,-0.001947,-0.000681,0.000000,-0.001278,-0.000,0.001,5.859,-37.322,0.350,2.633368,-0.000385,0.000009,0.000000,0.000000,0.000000,0.000000,0.000000,0.000000,1,0.00
5.532000,0.000,0.002294,0.002294,4.321,7.00,-0.001869,-0.000800,0.000000,-0.001493,-0.000,0.002,5.861,-37.318,0.350,2.633388,-0.000453,0.000009,0.000000,0.000000,0.000000,0.000000,0.000000,0.000000,1,0.00
5.534000,0.000,0.002503,0.002503,4.321,7.00,-0.001785,-0.000922,0.000000,-0.001582,-0.000,0.002,5.863,-37.315,0.350,2.633409,-0.000523,0.000009,0.000000,0.000000,0.000000,0.000000,0.000000,0.000000,1,0.00
5.536000,0.001,0.002577,0.002577,4.321,7.00,-0.001700,-0.001043,-0.000000,-0.001533,-0.000,0.002,5.865,-37.312,0.350,2.633430,-0.000592,0.000009,0.000000,0.000000,0.000000,0.000000,0.000000,0.000000,1,0.00
5.538000,0.001,0.002612,0.002612,4.321,7.00,-0.001614,-0.001165,-0.000000,-0.001446,-0.000,0.002,5.867,-37.308,0.350,2.633451,-0.000662,0.000009,0.000000,0.000000,0.000000,0.000000,0.000000,0.000000,1,0.00
5.540000,0.001,0.002773,0.002773,4.321,7.00,-0.001530,-0.001286,-0.000001,-0.001486,-0.000,0.002,5.868,-37.305,0.350,2.633472,-0.000731,0.000009,0.000000,0.000000,0.000000,0.000000,0.000000,0.000000,1,0.00
5.542000,0.001,0.002986,0.002986,4.321,7.00,-0.001444,-0.001408,-0.000001,-0.001577,-0.000,0.002,5.870,-37.301,0.350,2.633492,-0.000801,0.000009,0.000000,0.000000,0.000000,0.000000,0.000000,0.000000,1,0.00
5.544000,0.001,0.003250,0.003250,4.321,7.00,-0.001355,-0.001530,-0.000001,-0.001719,-0.001,0.002,5.872,-37.298,0.350,2.633513,-0.000871,0.000009,0.000000,0.000000,0.000000,0.000000,0.000000,0.000000,1,0.00
5.546000,0.001,0.003546,0.003546,4.321,7.00,-0.001263,-0.001652,-0.000001,-0.001892,-0.001,0.002,5.874,-37.295,0.350,2.633534,-0.000941,0.000009,0.000000,0.000000,0.000000,0.000000,0.000000,0.000000,1,0.00
5.548000,0.001,0.003661,0.003661,4.321,7.00,-0.001167,-0.001776,-0.000002,-0.001883,-0.001,0.002,5.876,-37.291,0.350,2.633555,-0.001012,0.000008,0.000000,0.000000,0.000000,0.000000,0.000000,0.000000,1,0.00
5.550000,0.001,0.004022,0.004022,4.321,7.00,-0.001070,-0.001899,-0.000002,-0.002121,-0.001,0.003,5.878,-37.288,0.350,2.633577,-0.001082,0.000008,0.000000,0.000000,0.000000,0.000000,0.000000,0.000000,1,0.00
5.552000,0.001,0.003861,0.003861,4.321,7.00,-0.000969,-0.002023,-0.000003,-0.001835,-0.001,0.003,5.880,-37.284,0.350,2.633599,-0.001153,0.000008,0.000000,0.000000,0.000000,0.000000,0.000000,0.000000,1,0.00
5.554000,0.001,0.003818,0.003818,4.321,7.00,-0.000872,-0.002146,-0.000003,-0.001669,-0.001,0.003,5.882,-37.281,0.350,2.633619,-0.001224,0.000008,0.000000,0.000000,0.000000,0.000000,0.000000,0.000000,1,0.00
5.556000,0.001,0.003807,0.003807,4.321,7.00,-0.000778,-0.002268,-0.000004,-0.001535,-0.001,0.003,5.884,-37.278,0.350,2.633639,-0.001293,0.000008,0.000000,0.000000,0.000000,0.000000,0.000000,0.000000,1,0.00
5.558000,0.001,0.004087,0.004087,4.321,7.00,-0.000687,-0.002389,-0.000004,-0.001695,-0.001,0.003,5.886,-37.274,0.350,2.633659,-0.001362,0.000008,0.000000,0.000000,0.000000,0.000000,0.000000,0.000000,1,0.00
5.560000,0.001,0.004007,0.004007,4.321,7.00,-0.000591,-0.002510,-0.000005,-0.001493,-0.001,0.003,5.888,-37.271,0.350,2.633678,-0.001432,0.000008,0.000000,0.000000,0.000000,0.000000,0.000000,0.000000,1,0.00
5.562000,0.001,0.004439,0.004439,4.321,7.00,-0.000499,-0.002630,-0.000005,-0.001805,-0.001,0.003,5.889,-37.267,0.350,2.633697,-0.001501,0.000008,0.000000,0.000000,0.000000,0.000000,0.000000,0.000000,1,0.00
5.564000,0.001,0.004448,0.004448,4.321,7.00,-0.000401,-0.002751,-0.000006,-0.001691,-0.001,0.003,5.891,-37.264,0.350,2.633717,-0.001570,0.000008,0.000000,0.000000,0.000000,0.000000,0.000000,0.000000,1,0.00
5.566000,0.001,0.004578,0.004578,4.321,7.00,-0.000304,-0.002872,-0.000006,-0.001699,-0.001,0.003,5.893,-37.261,0.350,2.633736,-0.001639,0.000008,0.000000,0.000000,0.000000,0.000000,0.000000,0.000000,1,0.00
5.568000,0.001,0.004860,0.004860,4.321,7.00,-0.000206,-0.002992,-0.000007,-0.001861,-0.001,0.003,5.895,-37.257,0.350,2.633754,-0.001708,0.000008,0.000000,0.000000,0.000000,0.000000,0.000000,0.000000,1,0.00
5.570000,0.002,0.005134,0.005134,4.321,7.00,-0.000105,-0.003113,-0.000007,-0.002015,-0.001,0.003,5.897,-37.254,0.350,2.633774,-0.001777,0.000008,0.000000,0.000000,0.000000,0.000000,0.000000,0.000000,1,0.00
5.572000,0.002,0.005184,0.005184,4.321,7.00,-0.000000,-0.003234,-0.000007,-0.001944,-0.001,0.003,5.899,-37.251,0.350,2.633793,-0.001846,0.000007,0.000000,0.000000,0.000000,0.000000,0.000000,0.000000,1,0.00
5.574000,0.002,0.005293,0.005293,4.321,7.00,0.000104,-0.003354,-0.000008,-0.001931,-0.001,0.004,5.901,-37.247,0.350,2.633812,-0.001915,0.000007,0.000000,0.000000,0.000000,0.000000,0.000000,0.000000,1,0.00
5.576000,0.002,0.005499,0.005499,4.321,7.00,0.000207,-0.003473,-0.000009,-0.002017,-0.001,0.004,5.903,-37.244,0.350,2.633831,-0.001983,0.000007,0.000000,0.000000,0.000000,0.000000,0.000000,0.000000,1,0.00
5.578000,0.002,0.005312,0.005312,4.321,7.00,0.000313,-0.003593,-0.000010,-0.001709,-0.002,0.004,5.905,-37.240,0.350,2.633850,-0.002052,0.000007,0.000000,0.000000,0.000000,0.000000,0.000000,0.000000,1,0.00
5.580000,0.002,0.005306,0.005306,4.321,7.00,0.000413,-0.003710,-0.000011,-0.001585,-0.002,0.004,5.907,-37.237,0.350,2.633868,-0.002119,0.000007,0.000000,0.000000,0.000000,0.000000,0.000000,0.000000,1,0.00
5.582000,0.002,0.005225,0.005225,4.321,7.00,0.000511,-0.003826,-0.000011,-0.001387,-0.002,0.003,5.909,-37.234,0.350,2.633884,-0.002185,0.000007,0.000000,0.000000,0.000000,0.000000,0.000000,0.000000,1,0.00
5.584000,0.002,0.005467,0.005467,4.321,7.00,0.000605,-0.003941,-0.000012,-0.001514,-0.002,0.004,5.910,-37.230,0.350,2.633900,-0.002251,0.000007,0.000000,0.000000,0.000000,0.000000,0.000000,0.000000,1,0.00
5.586000,0.002,0.005415,0.005415,4.321,7.00,0.000702,-0.004055,-0.000013,-0.001346,-0.002,0.004,5.912,-37.227,0.350,2.633916,-0.002317,0.000007,0.000000,0.000000,0.000000,0.000000,0.000000,0.000000,1,0.00
5.588000,0.002,0.005777,0.005777,4.321,7.00,0.000797,-0.004169,-0.000014,-0.001594,-0.002,0.004,5.914,-37.223,0.350,2.633931,-0.002381,0.000007,0.000000,0.000000,0.000000,0.000000,0.000000,0.000000,1,0.00
5.590000,0.002,0.005800,0.005800,4.321,7.00,0.000896,-0.004282,-0.000015,-0.001503,-0.002,0.004,5.916,-37.220,0.350,2.633947,-0.002447,0.000007,0.000000,0.000000,0.000000,0.000000,0.000000,0.000000,1,0.00
5.592000,0.002,0.005973,0.005973,4.321,7.00,0.000994,-0.004395,-0.000016,-0.001562,-0.002,0.004,5.918,-37.217,0.350,2.633962,-0.002511,0.000006,0.000000,0.000000,0.000000,0.000000,0.000000,0.000000,1,0.00
5.594000,0.002,0.006028,0.006028,4.321,7.00,0.001094,-0.004508,-0.000016,-0.001504,-0.002,0.004,5.920,-37.213,0.350,2.633978,-0.002575,0.000006,0.000000,0.000000,0.000000,0.000000,0.000000,0.000000,1,0.00
5.596000,0.002,0.006209,0.006209,4.321,7.00,0.001192,-0.004619,-0.000017,-0.001572,-0.002,0.004,5.922,-37.210,0.350,2.633992,-0.002639,0.000006,0.000000,0.000000,0.000000,0.000000,0.000000,0.000000,1,0.00
5.598000,0.002,0.006075,0.006075,4.321,7.00,0.001293,-0.004730,-0.000019,-0.001326,-0.002,0.004,5.924,-37.207,0.350,2.634007,-0.002703,0.000006,0.000000,0.000000,0.000000,0.000000,0.000000,0.000000,1,0.00
5.600000,0.002,0.004841,0.004841,4.321,7.00,0.001388,-0.004839,0.000000,-0.000002,0.000,0.003,5.926,-37.203,0.350,2.634021,-0.002765,0.000006,0.000000,0.000000,0.000000,0.000000,0.000000,0.000000,1,0.00
5.602000,0.002,0.005134,0.005134,4.321,7.00,0.001457,-0.004940,-0.000001,-0.000192,0.000,0.003,5.928,-37.200,0.350,2.634029,-0.002823,0.000006,0.000000,0.000000,0.000000,0.000000,0.000000,0.000000,1,0.00
5.604000,0.003,0.005508,0.005508,4.321,7.00,0.001531,-0.005042,-0.000002,-0.000464,0.000,0.004,5.930,-37.196,0.350,2.634038,-0.002881,0.000006,0.000000,0.000000,0.000000,0.000000,0.000000,0.000000,1,0.00
5.606000,0.003,0.006076,0.006076,4.321,7.00,0.001610,-0.005144,-0.000003,-0.000929,0.000,0.004,5.931,-37.193,0.350,2.634048,-0.002940,0.000006,0.000000,0.000000,0.000000,0.000000,0.000000,0.000000,1,0.00
5.608000,0.003,0.006499,0.006499,4.321,7.00,0.001700,-0.005248,-0.000004,-0.001247,-0.002,0.004,5.933,-37.190,0.350,2.634060,-0.002999,0.000006,0.000000,0.000000,0.000000,0.000000,0.000000,0.000000,1,0.00
5.610000,0.003,0.006934,0.006934,4.321,7.00,0.001796,-0.005353,-0.000005,-0.001576,-0.002,0.005,5.935,-37.186,0.350,2.634073,-0.003059,0.000006,0.000000,0.000000,0.000000,0.000000,0.000000,0.000000,1,0.00
5.612000,0.003,0.007026,0.007026,4.321,7.00,0.001898,-0.005459,-0.000006,-0.001561,-0.003,0.005,5.937,-37.183,0.350,2.634086,-0.003120,0.000006,0.000000,0.000000,0.000000,0.000000,0.000000,0.000000,1,0.00
5.614000,0.003,0.007241,0.007241,4.321,7.00,0.002001,-0.005563,-0.000007,-0.001670,-0.003,0.005,5.939,-37.179,0.350,2.634099,-0.003180,0.000006,0.000000,0.000000,0.000000,0.000000,0.000000,0.000000,1,0.00
5.616000,0.003,0.007084,0.007084,4.321,7.00,0.002106,-0.005668,-0.000008,-0.001408,-0.003,0.005,5.941,-37.176,0.350,2.634112,-0.003239,0.000006,0.000000,0.000000,0.000000,0.000000,0.000000,0.000000,1,0.00
5.618000,0.003,0.007183,0.007183,4.321,7.00,0.002205,-0.005769,-0.000009,-0.001405,-0.003,0.005,5.943,-37.173,0.350,2.634124,-0.003297,0.000006,0.000000,0.000000,0.000000,0.000000,0.000000,0.000000,1,0.00
5.620000,0.003,0.007206,0.007206,4.321,7.00,0.002305,-0.005870,-0.000011,-0.001325,-0.003,0.005,5.945,-37.169,0.350,2.634136,-0.003355,0.000006,0.000000,0.000000,0.000000,0.000000,0.000000,0.000000,1,0.00
5.622000,0.003,0.007448,0.007448,4.321,7.00,0.002403,-0.005969,-0.000011,-0.001467,-0.003,0.005,5.947,-37.166,0.350,2.634147,-0.003412,0.000006,0.000000,0.000000,0.000000,0.000000,0.000000,0.000000,1,0.00
5.624000,0.003,0.007402,0.007402,4.321,7.00,0.002503,-0.006068,-0.000013,-0.001321,-0.003,0.005,5.949,-37.162,0.350,2.634158,-0.003468,0.000005,0.000000,0.000000,0.000000,0.000000,0.000000,0.000000,1,0.00
5.626000,0.003,0.007726,0.007726,4.321,7.00,0.002601,-0.006165,-0.000013,-0.001548,-0.003,0.005,5.951,-37.159,0.350,2.634168,-0.003524,0.000005,0.000000,0.000000,0.000000,0.000000,0.000000,0.000000,1,0.00
5.628000,0.003,0.008064,0.008064,4.321,7.00,0.002704,-0.006262,-0.000014,-0.001788,-0.003,0.005,5.952,-37.156,0.350,2.634179,-0.003579,0.000005,0.000000,0.000000,0.000000,0.000000,0.000000,0.000000,1,0.00
5.630000,0.003,0.008101,0.008101,4.321,7.00,0.002811,-0.006359,-0.000016,-0.001726,-0.003,0.005,5.954,-37.152,0.350,2.634191,-0.003635,0.000005,0.000000,0.000000,0.000000,0.000000,0.000000,0.000000,1,0.00
5.632000,0.003,0.008133,0.008133,4.321,7.00,0.002917,-0.006454,-0.000017,-0.001661,-0.003,0.005,5.956,-37.149,0.350,2.634202,-0.003690,0.000005,0.000000,0.000000,0.000000,0.000000,0.000000,0.000000,1,0.00
5.634000,0.003,0.008452,0.008452,4.321,7.00,0.003021,-0.006548,-0.000017,-0.001886,-0.003,0.006,5.958,-37.146,0.350,2.634212,-0.003743,0.000005,0.000000,0.000000,0.000000,0.000000,0.000000,0.000000,1,0.00
5.636000,0.003,0.008290,0.008290,4.321,7.00,0.003130,-0.006642,-0.000019,-0.001629,-0.003,0.006,5.960,-37.142,0.350,2.634223,-0.003797,0.000005,0.000000,0.000000,0.000000,0.000000,0.000000,0.000000,1,0.00
5.638000,0.003,0.008063,0.008063,4.321,7.00,0.003233,-0.006733,-0.000021,-0.001309,-0.003,0.005,5.962,-37.139,0.350,2.634232,-0.003849,0.000005,0.000000,0.000000,0.000000,0.000000,0.000000,0.000000,1,0.00
5.640000,0.003,0.008325,0.008325,4.321,7.00,0.003329,-0.006821,-0.000021,-0.001483,-0.003,0.006,5.964,-37.135,0.350,2.634240,-0.003899,0.000005,0.000000,0.000000,0.000000,0.000000,0.000000,0.000000,1,0.00
5.642000,0.003,0.008635,0.008635,4.321,7.00,0.003429,-0.006909,-0.000022,-0.001704,-0.003,0.006,5.966,-37.132,0.350,2.634248,-0.003950,0.000005,0.000000,0.000000,0.000000,0.000000,0.000000,0.000000,1,0.00
5.644000,0.003,0.008460,0.008460,4.321,7.00,0.003533,-0.006996,-0.000024,-0.001440,-0.003,0.006,5.968,-37.129,0.350,2.634257,-0.004000,0.000005,0.000000,0.000000,0.000000,0.000000,0.000000,0.000000,1,0.00
5.646000,0.004,0.008612,0.008612,4.321,7.00,0.003632,-0.007081,-0.000025,-0.001506,-0.003,0.006,5.970,-37.125,0.350,2.634265,-0.004048,0.000005,0.000000,0.000000,0.000000,0.000000,0.000000,0.000000,1,0.00
5.648000,0.004,0.008670,0.008670,4.321,7.00,0.003731,-0.007165,-0.000026,-0.001478,-0.003,0.006,5.971,-37.122,0.350,2.634272,-0.004096,0.000005,0.000000,0.000000,0.000000,0.000000,0.000000,0.000000,1,0.00
5.650000,0.004,0.008634,0.008634,4.321,7.00,0.003830,-0.007247,-0.000028,-0.001360,-0.003,0.006,5.973,-37.118,0.350,2.634279,-0.004143,0.000005,0.000000,0.000000,0.000000,0.000000,0.000000,0.000000,1,0.00
5.652000,0.004,0.008468,0.008468,4.321,7.00,0.003926,-0.007327,-0.000029,-0.001112,-0.003,0.006,5.975,-37.115,0.350,2.634285,-0.004189,0.000005,0.000000,0.000000,0.000000,0.000000,0.000000,0.000000,1,0.00
5.654000,0.004,0.008540,0.008540,4.321,7.00,0.004017,-0.007405,-0.000030,-0.001105,-0.004,0.006,5.977,-37.112,0.350,2.634290,-0.004233,0.000005,0.000000,0.000000,0.000000,0.000000,0.000000,0.000000,1,0.00
5.656000,0.004,0.008637,0.008637,4.321,7.00,0.004108,-0.007480,-0.000031,-0.001125,-0.004,0.006,5.979,-37.108,0.350,2.634294,-0.004277,0.000005,0.000000,0.000000,0.000000,0.000000,0.000000,0.000000,1,0.00
5.658000,0.004,0.008639,0.008639,4.321,7.00,0.004198,-0.007555,-0.000034,-0.001050,-0.004,0.006,5.981,-37.105,0.350,2.634298,-0.004319,0.000004,0.000000,0.000000,0.000000,0.000000,0.000000,0.000000,1,0.00
5.660000,0.004,0.008823,0.008823,4.321,7.00,0.004287,-0.007628,-0.000034,-0.001161,-0.004,0.006,5.983,-37.101,0.350,2.634302,-0.004361,0.000004,0.000000,0.000000,0.000000,0.000000,0.000000,0.000000,1,0.00
5.662000,0.004,0.008840,0.008840,4.321,7.00,0.004378,-0.007700,-0.000036,-0.001104,-0.004,0.006,5.985,-37.098,0.350,2.634305,-0.004402,0.000004,0.000000,0.000000,0.000000,0.000000,0.000000,0.000000,1,0.00
5.664000,0.004,0.008900,0.008900,4.321,7.00,0.004467,-0.007770,-0.000038,-0.001093,-0.004,0.006,5.987,-37.095,0.350,2.634309,-0.004442,0.000004,0.000000,0.000000,0.000000,0.000000,0.000000,0.000000,1,0.00
5.666000,0.004,0.009065,0.009065,4.321,7.00,0.004555,-0.007838,-0.000038,-0.001189,-0.004,0.006,5.989,-37.091,0.350,2.634311,-0.004481,0.000004,0.000000,0.000000,0.000000,0.000000,0.000000,0.000000,1,0.00
5.668000,0.004,0.009147,0.009147,4.321,7.00,0.004646,-0.007905,-0.000040,-0.001202,-0.004,0.006,5.991,-37.088,0.350,2.634314,-0.004520,0.000004,0.000000,0.000000,0.000000,0.000000,0.000000,0.000000,1,0.00
5.670000,0.004,0.009026,0.009026,4.321,7.00,0.004736,-0.007971,-0.000042,-0.001013,-0.004,0.006,5.992,-37.084,0.350,2.634317,-0.004557,0.000004,0.000000,0.000000,0.000000,0.000000,0.000000,0.000000,1,0.00
5.672000,0.004,0.009079,0.009079,4.321,7.00,0.004821,-0.008034,-0.000043,-0.001002,-0.004,0.006,5.994,-37.081,0.350,2.634318,-0.004593,0.000004,0.000000,0.000000,0.000000,0.000000,0.000000,0.000000,1,0.00
5.674000,0.004,0.009257,0.009257,4.321,7.00,0.004906,-0.008096,-0.000044,-0.001117,-0.004,0.006,5.996,-37.078,0.350,2.634319,-0.004629,0.000004,0.000000,0.000000,0.000000,0.000000,0.000000,0.000000,1,0.00
5.676000,0.004,0.009067,0.009067,4.321,7.00,0.004993,-0.008156,-0.000047,-0.000864,-0.004,0.006,5.998,-37.074,0.350,2.634320,-0.004663,0.000004,0.000000,0.000000,0.000000,0.000000,0.000000,0.000000,1,0.00
5.678000,0.004,0.009210,0.009210,4.321,7.00,0.005075,-0.008214,-0.000048,-0.000948,-0.004,0.006,6.000,-37.071,0.350,2.634320,-0.004696,0.000004,0.000000,0.000000,0.000000,0.000000,0.000000,0.000000,1,0.00
5.680000,0.004,0.009173,0.009173,4.321,7.00,0.005158,-0.008270,-0.000051,-0.000852,-0.004,0.006,6.002,-37.068,0.350,2.634320,-0.004728,0.000004,0.000000,0.000000,0.000000,0.000000,0.000000,0.000000,1,0.00
5.682000,0.004,0.009209,0.009209,4.321,7.00,0.005238,-0.008324,-0.000052,-0.000832,-0.004,0.006,6.004,-37.064,0.350,2.634320,-0.004759,0.000004,0.000000,0.000000,0.000000,0.000000,0.000000,0.000000,1,0.00
5.684000,0.004,0.009174,0.009174,4.321,7.00,0.005317,-0.008377,-0.000054,-0.000744,-0.004,0.006,6.006,-37.061,0.350,2.634318,-0.004789,0.000004,0.000000,0.000000,0.000000,0.000000,0.000000,0.000000,1,0.00
5.686000,0.004,0.009248,0.009248,4.321,7.00,0.005394,-0.008427,-0.000055,-0.000766,-0.004,0.006,6.008,-37.057,0.350,2.634316,-0.004818,0.000004,0.000000,0.000000,0.000000,0.000000,0.000000,0.000000,1,0.00
5.688000,0.004,0.009176,0.009176,4.321,7.00,0.005471,-0.008476,-0.000057,-0.000643,-0.004,0.006,6.010,-37.054,0.350,2.634314,-0.004846,0.000004,0.000000,0.000000,0.000000,0.000000,0.000000,0.000000,1,0.00
5.690000,0.004,0.009350,0.009350,4.321,7.00,0.005545,-0.008522,-0.000058,-0.000770,-0.004,0.006,6.011,-37.051,0.350,2.634311,-0.004873,0.000004,0.000000,0.000000,0.000000,0.000000,0.000000,0.000000,1,0.00
5.692000,0.004,0.009333,0.009333,4.321,7.00,0.005622,-0.008567,-0.000061,-0.000704,-0.004,0.006,6.013,-37.047,0.350,2.634309,-0.004899,0.000004,0.000000,0.000000,0.000000,0.000000,0.000000,0.000000,1,0.00
5.694000,0.004,0.009370,0.009370,4.321,7.00,0.005696,-0.008610,-0.000062,-0.000697,-0.004,0.006,6.015,-37.044,0.350,2.634305,-0.004923,0.000004,0.000000,0.000000,0.000000,0.000000,0.000000,0.000000,1,0.00
5.696000,0.004,0.009381,0.009381,4.321,7.00,0.005769,-0.008652,-0.000064,-0.000666,-0.004,0.006,6.017,-37.040,0.350,2.634302,-0.004947,0.000004,0.000000,0.000000,0.000000,0.000000,0.000000,0.000000,1,0.00
5.698000,0.004,0.009400,0.009400,4.321,7.00,0.005841,-0.008691,-0.000066,-0.000642,-0.004,0.006,6.019,-37.037,0.350,2.634298,-0.004970,0.000004,0.000000,0.000000,0.000000,0.000000,0.000000,0.000000,1,0.00
5.700000,0.004,0.008733,0.008733,4.321,7.00,0.005913,-0.008729,0.000000,-0.000004,0.000,0.006,6.021,-37.034,0.350,2.634293,-0.004991,0.000004,0.000000,0.000000,0.000000,0.000000,0.000000,0.000000,1,0.00
5.702000,0.004,0.008899,0.008899,4.321,7.00,0.005969,-0.008761,-0.000001,-0.000137,0.000,0.006,6.023,-37.030,0.350,2.634285,-0.005009,0.000004,0.000000,0.000000,0.000000,0.000000,0.000000,0.000000,1,0.00
5.704000,0.004,0.009088,0.009088,4.321,7.00,0.006028,-0.008792,-0.000002,-0.000294,0.000,0.006,6.025,-37.027,0.350,2.634278,-0.005027,0.000004,0.000000,0.000000,0.000000,0.000000,0.000000,0.000000,1,0.00
5.706000,0.004,0.009168,0.009168,4.321,7.00,0.006089,-0.008822,-0.000005,-0.000341,0.000,0.006,6.027,-37.023,0.350,2.634271,-0.005045,0.000004,0.000000,0.000000,0.000000,0.000000,0.000000,0.000000,1,0.00
5.708000,0.004,0.009324,0.009324,4.321,7.00,0.006150,-0.008851,-0.000006,-0.000467,-0.004,0.006,6.029,-37.020,0.350,2.634264,-0.005061,0.000004,0.000000,0.000000,0.000000,0.000000,0.000000,0.000000,1,0.00
5.710000,0.004,0.009406,0.009406,4.321,7.00,0.006214,-0.008879,-0.000008,-0.000519,-0.004,0.006,6.030,-37.017,0.350,2.634258,-0.005077,0.000004,0.000000,0.000000,0.000000,0.000000,0.000000,0.000000,1,0.00
5.712000,0.004,0.009362,0.009362,4.321,7.00,0.006278,-0.008905,-0.000010,-0.000448,-0.004,0.006,6.032,-37.013,0.350,2.634251,-0.005092,0.000004,0.000000,0.000000,0.000000,0.000000,0.000000,0.000000,1,0.00
5.714000,0.004,0.009347,0.009347,4.321,7.00,0.006339,-0.008928,-0.000011,-0.000408,-0.004,0.006,6.034,-37.010,0.350,2.634243,-0.005105,0.000004,0.000000,0.000000,0.000000,0.000000,0.000000,0.000000,1,0.00
5.716000,0.004,0.009368,0.009368,4.321,7.00,0.006399,-0.008950,-0.000013,-0.000405,-0.004,0.006,6.036,-37.006,0.350,2.634235,-0.005118,0.000004,0.000000,0.000000,0.000000,0.000000,0.000000,0.000000,1,0.00
5.718000,0.004,0.009314,0.009314,4.321,7.00,0.006459,-0.008970,-0.000015,-0.000330,-0.004,0.006,6.038,-37.003,0.350,2.634227,-0.005129,0.000004,0.000000,0.000000,0.000000,0.000000,0.000000,0.000000,1,0.00
5.720000,0.004,0.009353,0.009353,4.321,7.00,0.006516,-0.008988,-0.000016,-0.000349,-0.004,0.006,6.040,-37.000,0.350,2.634218,-0.005139,0.000004,0.000000,0.000000,0.000000,0.000000,0.000000,0.000000,1,0.00
5.722000,0.005,0.009391,0.009391,4.321,7.00,0.006573,-0.009004,-0.000017,-0.000370,-0.004,0.006,6.042,-36.996,0.350,2.634208,-0.005148,0.000004,0.000000,0.000000,0.000000,0.000000,0.000000,0.000000,1,0.00
5.724000,0.005,0.009321,0.009321,4.321,7.00,0.006629,-0.009018,-0.000019,-0.000285,-0.004,0.006,6.044,-36.993,0.350,2.634199,-0.005157,0.000004,0.000000,0.000000,0.000000,0.000000,0.000000,0.000000,1,0.00
5.726000,0.005,0.009319,0.009319,4.321,7.00,0.006683,-0.009029,-0.000021,-0.000269,-0.004,0.006,6.046,-36.989,0.350,2.634189,-0.005163,0.000004,0.000000,0.000000,0.000000,0.000000,0.000000,0.000000,1,0.00
5.728000,0.005,0.009304,0.009304,4.321,7.00,0.006735,-0.009039,-0.000022,-0.000242,-0.004,0.006,6.048,-36.986,0.350,2.634179,-0.005169,0.000004,0.000000,0.000000,0.000000,0.000000,0.000000,0.000000,1,0.00
5.730000,0.005,0.009261,0.009261,4.321,7.00,0.006787,-0.009047,-0.000024,-0.000190,-0.005,0.006,6.049,-36.983,0.350,2.634168,-0.005173,0.000004,0.000000,0.000000,0.000000,0.000000,0.000000,0.000000,1,0.00
5.732000,0.005,0.009202,0.009202,4.321,7.00,0.006836,-0.009053,-0.000025,-0.000124,-0.005,0.006,6.051,-36.979,0.350,2.634156,-0.005177,0.000004,0.000000,0.000000,0.000000,0.000000,0.000000,0.000000,1,0.00
5.734000,0.005,0.009183,0.009183,4.321,7.00,0.006883,-0.009056,-0.000027,-0.000099,-0.005,0.006,6.053,-36.976,0.350,2.634145,-0.005179,0.000004,0.000000,0.000000,0.000000,0.000000,0.000000,0.000000,1,0.00
5.736000,0.005,0.009163,0.009163,4.321,7.00,0.006929,-0.009057,-0.000029,-0.000076,-0.005,0.006,6.055,-36.972,0.350,2.634132,-0.005179,0.000004,0.000000,0.000000,0.000000,0.000000,0.000000,0.000000,1,0.00
5.738000,0.005,0.009138,0.009138,4.321,7.00,0.006974,-0.009057,-0.000031,-0.000050,-0.005,0.006,6.057,-36.969,0.350,2.634120,-0.005179,0.000004,0.000000,0.000000,0.000000,0.000000,0.000000,0.000000,1,0.00
5.740000,0.005,0.009100,0.009100,4.321,7.00,0.007017,-0.009054,-0.000032,-0.000014,-0.005,0.006,6.059,-36.966,0.350,2.634107,-0.005178,0.000004,0.000000,0.000000,0.000000,0.000000,0.000000,0.000000,1,0.00
5.742000,0.005,0.009072,0.009072,4.321,7.00,0.007059,-0.009049,-0.000034,0.000012,-0.005,0.006,6.061,-36.962,0.350,2.634093,-0.005175,0.000004,0.000000,0.000000,0.000000,0.000000,0.000000,0.000000,1,0.00
5.744000,0.005,0.009041,0.009041,4.321,7.00,0.007099,-0.009043,-0.000036,0.000038,-0.005,0.006,6.063,-36.959,0.350,2.634080,-0.005171,0.000004,0.000000,0.000000,0.000000,0.000000,0.000000,0.000000,1,0.00
5.746000,0.005,0.008982,0.008982,4.321,7.00,0.007138,-0.009034,-0.000037,0.000089,-0.005,0.006,6.065,-36.956,0.350,2.634065,-0.005166,0.000004,0.000000,0.000000,0.000000,0.000000,0.000000,0.000000,1,0.00
5.748000,0.005,0.008952,0.008952,4.321,7.00,0.007175,-0.009023,-0.000039,0.000110,-0.005,0.006,6.066,-36.952,0.350,2.634051,-0.005160,0.000004,0.000000,0.000000,0.000000,0.000000,0.000000,0.000000,1,0.00
5.750000,0.005,0.008920,0.008920,4.321,7.00,0.007210,-0.009010,-0.000041,0.000131,-0.005,0.006,6.068,-36.949,0.350,2.634036,-0.005152,0.000004,0.000000,0.000000,0.000000,0.000000,0.000000,0.000000,1,0.00
5.752000,0.004,0.008880,0.008880,4.321,7.00,0.007245,-0.008995,-0.000043,0.000158,-0.005,0.006,6.070,-36.945,0.350,2.634020,-0.005144,0.000004,0.000000,0.000000,0.000000,0.000000,0.000000,0.000000,1,0.00
5.754000,0.004,0.008812,0.008812,4.321,7.00,0.007277,-0.008978,-0.000044,0.000210,-0.005,0.006,6.072,-36.942,0.350,2.634005,-0.005134,0.000004,0.000000,0.000000,0.000000,0.000000,0.000000,0.000000,1,0.00
5.756000,0.004,0.008810,0.008810,4.321,7.00,0.007308,-0.008959,-0.000047,0.000195,-0.005,0.006,6.074,-36.939,0.350,2.633988,-0.005123,0.000004,0.000000,0.000000,0.000000,0.000000,0.000000,0.000000,1,0.00
5.758000,0.004,0.008731,0.008731,4.321,7.00,0.007338,-0.008938,-0.000048,0.000254,-0.005,0.006,6.076,-36.935,0.350,2.633972,-0.005111,0.000004,0.000000,0.000000,0.000000,0.000000,0.000000,0.000000,1,0.00
5.760000,0.004,0.008718,0.008718,4.321,7.00,0.007366,-0.008914,-0.000051,0.000248,-0.004,0.006,6.078,-36.932,0.350,2.633955,-0.005098,0.000004,0.000000,0.000000,0.000000,0.000000,0.000000,0.000000,1,0.00
5.762000,0.004,0.008671,0.008671,4.321,7.00,0.007393,-0.008889,-0.000053,0.000271,-0.004,0.006,6.080,-36.928,0.350,2.633938,-0.005084,0.000004,0.000000,0.000000,0.000000,0.000000,0.000000,0.000000,1,0.00
5.764000,0.004,0.008615,0.008615,4.321,7.00,0.007418,-0.008862,-0.000054,0.000301,-0.004,0.006,6.082,-36.925,0.350,2.633921,-0.005068,0.000004,0.000000,0.000000,0.000000,0.000000,0.000000,0.000000,1,0.00
5.766000,0.004,0.008571,0.008571,4.321,7.00,0.007442,-0.008833,-0.000057,0.000319,-0.004,0.006,6.084,-36.922,0.350,2.633903,-0.005052,0.000004,0.000000,0.000000,0.000000,0.000000,0.000000,0.000000,1,0.00
5.768000,0.004,0.008493,0.008493,4.321,7.00,0.007465,-0.008802,-0.000058,0.000367,-0.004,0.006,6.085,-36.918,0.350,2.633884,-0.005034,0.000004,0.000000,0.000000,0.000000,0.000000,0.000000,0.000000,1,0.00
5.770000,0.004,0.008422,0.008422,4.321,7.00,0.007485,-0.008769,-0.000060,0.000407,-0.004,0.006,6.087,-36.915,0.350,2.633866,-0.005015,0.000004,0.000000,0.000000,0.000000,0.000000,0.000000,0.000000,1,0.00
5.772000,0.004,0.008365,0.008365,4.321,7.00,0.007504,-0.008733,-0.000062,0.000430,-0.004,0.006,6.089,-36.911,0.350,2.633847,-0.004995,0.000004,0.000000,0.000000,0.000000,0.000000,0.000000,0.000000,1,0.00
5.774000,0.004,0.008253,0.008253,4.321,7.00,0.007521,-0.008696,-0.000063,0.000506,-0.004,0.006,6.091,-36.908,0.350,2.633828,-0.004973,0.000004,0.000000,0.000000,0.000000,0.000000,0.000000,0.000000,1,0.00
5.776000,0.004,0.008189,0.008189,4.321,7.00,0.007536,-0.008656,-0.000065,0.000533,-0.004,0.005,6.093,-36.905,0.350,2.633808,-0.004951,0.000004,0.000000,0.000000,0.000000,0.000000,0.000000,0.000000,1,0.00
5.778000,0.004,0.008154,0.008154,4.321,7.00,0.007549,-0.008615,-0.000067,0.000527,-0.004,0.005,6.095,-36.901,0.350,2.633787,-0.004927,0.000004,0.000000,0.000000,0.000000,0.000000,0.000000,0.000000,1,0.00
5.780000,0.004,0.008072,0.008072,4.321,7.00,0.007561,-0.008571,-0.000068,0.000568,-0.004,0.005,6.097,-36.898,0.350,2.633767,-0.004902,0.000004,0.000000,0.000000,0.000000,0.000000,0.000000,0.000000,1,0.00
5.782000,0.004,0.007941,0.007941,4.321,7.00,0.007571,-0.008526,-0.000070,0.000654,-0.004,0.005,6.099,-36.894,0.350,2.633746,-0.004876,0.000004,0.000000,0.000000,0.000000,0.000000,0.000000,0.000000,1,0.00
5.784000,0.004,0.007994,0.007994,4.321,7.00,0.007579,-0.008478,-0.000072,0.000556,-0.004,0.005,6.101,-36.891,0.350,2.633725,-0.004849,0.000004,0.000000,0.000000,0.000000,0.000000,0.000000,0.000000,1,0.00
5.786000,0.004,0.007798,0.007798,4.321,7.00,0.007587,-0.008429,-0.000073,0.000705,-0.004,0.005,6.102,-36.888,0.350,2.633704,-0.004821,0.000004,0.000000,0.000000,0.000000,0.000000,0.000000,0.000000,1,0.00
5.788000,0.004,0.007757,0.007757,4.321,7.00,0.007591,-0.008377,-0.000075,0.000696,-0.004,0.005,6.104,-36.884,0.350,2.633682,-0.004791,0.000004,0.000000,0.000000,0.000000,0.000000,0.000000,0.000000,1,0.00
5.790000,0.004,0.007675,0.007675,4.321,7.00,0.007594,-0.008324,-0.000077,0.000726,-0.004,0.005,6.106,-36.881,0.350,2.633660,-0.004761,0.000004,0.000000,0.000000,0.000000,0.000000,0.000000,0.000000,1,0.00
5.792000,0.004,0.007662,0.007662,4.321,7.00,0.007596,-0.008269,-0.000078,0.000686,-0.004,0.005,6.108,-36.877,0.350,2.633637,-0.004729,0.000004,0.000000,0.000000,0.000000,0.000000,0.000000,0.000000,1,0.00
5.794000,0.004,0.007463,0.007463,4.321,7.00,0.007597,-0.008212,-0.000079,0.000829,-0.004,0.005,6.110,-36.874,0.350,2.633615,-0.004697,0.000004,0.000000,0.000000,0.000000,0.000000,0.000000,0.000000,1,0.00
5.796000,0.004,0.007531,0.007531,4.321,7.00,0.007595,-0.008152,-0.000082,0.000703,-0.004,0.005,6.112,-36.871,0.350,2.633591,-0.004663,0.000004,0.000000,0.000000,0.000000,0.000000,0.000000,0.000000,1,0.00
5.798000,0.004,0.007302,0.007302,4.321,7.00,0.007593,-0.008092,-0.000083,0.000872,-0.004,0.005,6.114,-36.867,0.350,2.633568,-0.004628,0.000004,0.000000,0.000000,0.000000,0.000000,0.000000,0.000000,1,0.00
5.800000,0.004,0.008032,0.008032,4.321,7.00,0.007587,-0.008028,0.000000,-0.000004,0.000,0.005,6.116,-36.864,0.350,2.633544,-0.004592,0.000004,0.000000,0.000000,0.000000,0.000000,0.000000,0.000000,1,0.00
5.802000,0.004,0.007851,0.007851,4.321,7.00,0.007596,-0.007968,-0.000002,0.000118,0.000,0.005,6.118,-36.860,0.350,2.633523,-0.004557,0.000005,0.000000,0.000000,0.000000,0.000000,0.000000,0.000000,1,0.00
5.804000,0.004,0.007625,0.007625,4.321,7.00,0.007601,-0.007904,-0.000004,0.000282,0.000,0.005,6.119,-36.857,0.350,2.633502,-0.004521,0.000005,0.000000,0.000000,0.000000,0.000000,0.000000,0.000000,1,0.00
5.806000,0.004,0.007298,0.007298,4.321,7.00,0.007602,-0.007838,-0.000004,0.000545,0.000,0.005,6.121,-36.854,0.350,2.633479,-0.004483,0.000005,0.000000,0.000000,0.000000,0.000000,0.000000,0.000000,1,0.00
5.808000,0.004,0.007052,0.007052,4.321,7.00,0.007596,-0.007769,-0.000006,0.000722,-0.004,0.005,6.123,-36.850,0.350,2.633455,-0.004444,0.000005,0.000000,0.000000,0.000000,0.000000,0.000000,0.000000,1,0.00
5.810000,0.004,0.006810,0.006810,4.321,7.00,0.007585,-0.007697,-0.000008,0.000894,-0.004,0.005,6.125,-36.847,0.350,2.633430,-0.004402,0.000005,0.000000,0.000000,0.000000,0.000000,0.000000,0.000000,1,0.00
5.812000,0.004,0.006527,0.006527,4.321,7.00,0.007569,-0.007622,-0.000009,0.001103,-0.004,0.004,6.127,-36.843,0.350,2.633404,-0.004360,0.000004,0.000000,0.000000,0.000000,0.000000,0.000000,0.000000,1,0.00
5.814000,0.004,0.006485,0.006485,4.321,7.00,0.007548,-0.007545,-0.000011,0.001070,-0.004,0.004,6.129,-36.840,0.350,2.633377,-0.004316,0.000004,0.000000,0.000000,0.000000,0.000000,0.000000,0.000000,1,0.00
5.816000,0.004,0.006322,0.006322,4.321,7.00,0.007527,-0.007466,-0.000012,0.001156,-0.004,0.004,6.131,-36.837,0.350,2.633351,-0.004270,0.000004,0.000000,0.000000,0.000000,0.000000,0.000000,0.000000,1,0.00
5.818000,0.004,0.006232,0.006232,4.321,7.00,0.007503,-0.007385,-0.000013,0.001166,-0.004,0.004,6.133,-36.833,0.350,2.633323,-0.004224,0.000004,0.000000,0.000000,0.000000,0.000000,0.000000,0.000000,1,0.00
5.820000,0.004,0.006112,0.006112,4.321,7.00,0.007478,-0.007302,-0.000015,0.001204,-0.004,0.004,6.135,-36.830,0.350,2.633296,-0.004177,0.000004,0.000000,0.000000,0.000000,0.000000,0.000000,0.000000,1,0.00
5.822000,0.004,0.005934,0.005934,4.321,7.00,0.007450,-0.007218,-0.000015,0.001299,-0.004,0.004,6.136,-36.826,0.350,2.633269,-0.004129,0.000004,0.000000,0.000000,0.000000,0.000000,0.000000,0.000000,1,0.00
5.824000,0.004,0.005791,0.005791,4.321,7.00,0.007420,-0.007131,-0.000017,0.001358,-0.004,0.004,6.138,-36.823,0.350,2.633240,-0.004079,0.000004,0.000000,0.000000,0.000000,0.000000,0.000000,0.000000,1,0.00
5.826000,0.004,0.005851,0.005851,4.321,7.00,0.007387,-0.007043,-0.000019,0.001211,-0.004,0.004,6.140,-36.820,0.350,2.633212,-0.004029,0.000004,0.000000,0.000000,0.000000,0.000000,0.000000,0.000000,1,0.00
5.828000,0.003,0.005553,0.005553,4.321,7.00,0.007357,-0.006954,-0.000019,0.001420,-0.004,0.004,6.142,-36.816,0.350,2.633184,-0.003978,0.000004,0.000000,0.000000,0.000000,0.000000,0.000000,0.000000,1,0.00
5.830000,0.003,0.005215,0.005215,4.321,7.00,0.007321,-0.006862,-0.000020,0.001667,-0.004,0.003,6.144,-36.813,0.350,2.633155,-0.003926,0.000004,0.000000,0.000000,0.000000,0.000000,0.000000,0.000000,1,0.00
5.832000,0.003,0.005359,0.005359,4.321,7.00,0.007279,-0.006768,-0.000022,0.001431,-0.004,0.004,6.146,-36.809,0.350,2.633126,-0.003871,0.000004,0.000000,0.000000,0.000000,0.000000,0.000000,0.000000,1,0.00
5.834000,0.003,0.005290,0.005290,4.321,7.00,0.007240,-0.006673,-0.000024,0.001407,-0.004,0.004,6.148,-36.806,0.350,2.633096,-0.003817,0.000004,0.000000,0.000000,0.000000,0.000000,0.000000,0.000000,1,0.00
5.836000,0.003,0.004972,0.004972,4.321,7.00,0.007201,-0.006577,-0.000024,0.001630,-0.003,0.003,6.150,-36.803,0.350,2.633067,-0.003762,0.000004,0.000000,0.000000,0.000000,0.000000,0.000000,0.000000,1,0.00
5.838000,0.003,0.005157,0.005157,4.321,7.00,0.007157,-0.006478,-0.000027,0.001349,-0.003,0.003,6.152,-36.799,0.350,2.633037,-0.003706,0.000004,0.000000,0.000000,0.000000,0.000000,0.000000,0.000000,1,0.00
5.840000,0.003,0.005087,0.005087,4.321,7.00,0.007117,-0.006380,-0.000028,0.001321,-0.003,0.003,6.153,-36.796,0.350,2.633008,-0.003650,0.000004,0.000000,0.000000,0.000000,0.000000,0.000000,0.000000,1,0.00
5.842000,0.003,0.004953,0.004953,4.321,7.00,0.007076,-0.006280,-0.000029,0.001356,-0.003,0.003,6.155,-36.792,0.350,2.632980,-0.003593,0.000004,0.000000,0.000000,0.000000,0.000000,0.000000,0.000000,1,0.00
5.844000,0.003,0.004788,0.004788,4.321,7.00,0.007034,-0.006179,-0.000031,0.001421,-0.003,0.003,6.157,-36.789,0.350,2.632951,-0.003535,0.000004,0.000000,0.000000,0.000000,0.000000,0.000000,0.000000,1,0.00
5.846000,0.003,0.004877,0.004877,4.321,7.00,0.006989,-0.006075,-0.000032,0.001230,-0.003,0.003,6.159,-36.786,0.350,2.632921,-0.003476,0.000004,0.000000,0.000000,0.000000,0.000000,0.000000,0.000000,1,0.00
5.848000,0.003,0.004605,0.004605,4.321,7.00,0.006947,-0.005972,-0.000033,0.001400,-0.003,0.003,6.161,-36.782,0.350,2.632892,-0.003416,0.000004,0.000000,0.000000,0.000000,0.000000,0.000000,0.000000,1,0.00
5.850000,0.003,0.004602,0.004602,4.321,7.00,0.006900,-0.005866,-0.000034,0.001298,-0.003,0.003,6.163,-36.779,0.350,2.632863,-0.003356,0.000004,0.000000,0.000000,0.000000,0.000000,0.000000,0.000000,1,0.00
5.852000,0.003,0.004477,0.004477,4.321,7.00,0.006854,-0.005759,-0.000035,0.001317,-0.003,0.003,6.165,-36.775,0.350,2.632833,-0.003295,0.000004,0.000000,0.000000,0.000000,0.000000,0.000000,0.000000,1,0.00
5.854000,0.003,0.004243,0.004243,4.321,7.00,0.006806,-0.005651,-0.000036,0.001444,-0.003,0.003,6.167,-36.772,0.350,2.632804,-0.003233,0.000004,0.000000,0.000000,0.000000,0.000000,0.000000,0.000000,1,0.00
5.856000,0.003,0.004189,0.004189,4.321,7.00,0.006755,-0.005541,-0.000038,0.001390,-0.003,0.003,6.168,-36.769,0.350,2.632774,-0.003170,0.000004,0.000000,0.000000,0.000000,0.000000,0.000000,0.000000,1,0.00
5.858000,0.003,0.003892,0.003892,4.321,7.00,0.006704,-0.005430,-0.000038,0.001576,-0.003,0.003,6.170,-36.765,0.350,2.632744,-0.003106,0.000004,0.000000,0.000000,0.000000,0.000000,0.000000,0.000000,1,0.00
5.860000,0.003,0.003860,0.003860,4.321,7.00,0.006648,-0.005316,-0.000040,0.001497,-0.003,0.003,6.172,-36.762,0.350,2.632714,-0.003042,0.000004,0.000000,0.000000,0.000000,0.000000,0.000000,0.000000,1,0.00
5.862000,0.003,0.003683,0.003683,4.321,7.00,0.006592,-0.005202,-0.000041,0.001560,-0.003,0.002,6.174,-36.758,0.350,2.632683,-0.002976,0.000004,0.000000,0.000000,0.000000,0.000000,0.000000,0.000000,1,0.00
5.864000,0.003,0.003408,0.003408,4.321,7.00,0.006534,-0.005086,-0.000041,0.001720,-0.003,0.002,6.176,-36.755,0.350,2.632653,-0.002910,0.000004,0.000000,0.000000,0.000000,0.000000,0.000000,0.000000,1,0.00
5.866000,0.002,0.003237,0.003237,4.321,7.00,0.006471,-0.004969,-0.000042,0.001775,-0.003,0.002,6.178,-36.752,0.350,2.632622,-0.002842,0.000004,0.000000,0.000000,0.000000,0.000000,0.000000,0.000000,1,0.00
5.868000,0.002,0.003272,0.003272,4.321,7.00,0.006407,-0.004849,-0.000043,0.001621,-0.003,0.002,6.180,-36.748,0.350,2.632590,-0.002774,0.000005,0.000000,0.000000,0.000000,0.000000,0.000000,0.000000,1,0.00
5.870000,0.002,0.002851,0.002851,4.321,7.00,0.006344,-0.004730,-0.000044,0.001923,-0.003,0.002,6.182,-36.745,0.350,2.632560,-0.002706,0.000005,0.000000,0.000000,0.000000,0.000000,0.000000,0.000000,1,0.00
5.872000,0.002,0.002491,0.002491,4.321,7.00,0.006274,-0.004607,-0.000044,0.002161,-0.003,0.002,6.184,-36.741,0.350,2.632528,-0.002635,0.000005,0.000000,0.000000,0.000000,0.000000,0.000000,0.000000,1,0.00
5.874000,0.002,0.002614,0.002614,4.321,7.00,0.006199,-0.004482,-0.000045,0.001914,-0.002,0.002,6.185,-36.738,0.350,2.632495,-0.002564,0.000005,0.000000,0.000000,0.000000,0.000000,0.000000,0.000000,1,0.00
5.876000,0.002,0.002483,0.002483,4.321,7.00,0.006127,-0.004358,-0.000047,0.001921,-0.002,0.002,6.187,-36.735,0.350,2.632463,-0.002493,0.000005,0.000000,0.000000,0.000000,0.000000,0.000000,0.000000,1,0.00
5.878000,0.002,0.002376,0.002376,4.321,7.00,0.006054,-0.004232,-0.000047,0.001904,-0.002,0.002,6.189,-36.731,0.350,2.632432,-0.002421,0.000005,0.000000,0.000000,0.000000,0.000000,0.000000,0.000000,1,0.00
5.880000,0.002,0.002418,0.002418,4.321,7.00,0.005981,-0.004105,-0.000048,0.001735,-0.002,0.002,6.191,-36.728,0.350,2.632400,-0.002348,0.000004,0.000000,0.000000,0.000000,0.000000,0.000000,0.000000,1,0.00
5.882000,0.002,0.002461,0.002461,4.321,7.00,0.005909,-0.003978,-0.000049,0.001566,-0.002,0.002,6.193,-36.724,0.350,2.632369,-0.002276,0.000004,0.000000,0.000000,0.000000,0.000000,0.000000,0.000000,1,0.00
5.884000,0.002,0.002082,0.002082,4.321,7.00,0.005840,-0.003851,-0.000049,0.001819,-0.002,0.001,6.195,-36.721,0.350,2.632338,-0.002203,0.000004,0.000000,0.000000,0.000000,0.000000,0.000000,0.000000,1,0.00
5.886000,0.002,0.001508,0.001508,4.321,7.00,0.005765,-0.003722,-0.000050,0.002264,-0.002,0.001,6.197,-36.718,0.350,2.632307,-0.002129,0.000004,0.000000,0.000000,0.000000,0.000000,0.000000,0.000000,1,0.00
5.888000,0.002,0.001431,0.001431,4.321,7.00,0.005680,-0.003590,-0.000051,0.002210,-0.002,0.001,6.199,-36.714,0.350,2.632274,-0.002054,0.000004,0.000000,0.000000,0.000000,0.000000,0.000000,0.000000,1,0.00
5.890000,0.002,0.001326,0.001326,4.321,7.00,0.005595,-0.003457,-0.000051,0.002182,-0.002,0.001,6.200,-36.711,0.350,2.632241,-0.001978,0.000004,0.000000,0.000000,0.000000,0.000000,0.000000,0.000000,1,0.00
5.892000,0.002,0.001033,0.001033,4.321,7.00,0.005510,-0.003324,-0.000052,0.002342,-0.002,0.001,6.202,-36.707,0.350,2.632209,-0.001902,0.000003,0.000000,0.000000,0.000000,0.000000,0.000000,0.000000,1,0.00
5.894000,0.002,0.001185,0.001185,4.321,7.00,0.005420,-0.003190,-0.000053,0.002057,-0.002,0.001,6.204,-36.704,0.350,2.632177,-0.001825,0.000003,0.000000,0.000000,0.000000,0.000000,0.000000,0.000000,1,0.00
5.896000,0.002,0.001371,0.001371,4.321,7.00,0.005336,-0.003056,-0.000053,0.001738,-0.002,0.001,6.206,-36.700,0.350,2.632146,-0.001748,0.000003,0.000000,0.000000,0.000000,0.000000,0.000000,0.000000,1,0.00
5.898000,0.001,0.000897,0.000897,4.321,7.00,0.005256,-0.002923,-0.000053,0.002079,-0.002,0.001,6.208,-36.697,0.350,2.632116,-0.001673,0.000003,0.000000,0.000000,0.000000,0.000000,0.000000,0.000000,1,0.00
5.900000,0.001,0.002790,0.002790,4.321,7.00,0.005169,-0.002788,0.000000,-0.000001,0.000,0.002,6.210,-36.694,0.350,2.632085,-0.001595,0.000003,0.000000,0.000000,0.000000,0.000000,0.000000,0.000000,1,0.00
5.902000,0.001,0.002384,0.002384,4.321,7.00,0.005122,-0.002662,-0.000001,0.000278,0.000,0.002,6.212,-36.690,0.350,2.632061,-0.001523,0.000003,0.000000,0.000000,0.000000,0.000000,0.000000,0.000000,1,0.00
5.904000,0.001,0.001980,0.001980,4.321,7.00,0.005067,-0.002533,-0.000001,0.000555,0.000,0.001,6.214,-36.687,0.350,2.632035,-0.001449,0.000002,0.000000,0.000000,0.000000,0.000000,0.000000,0.000000,1,0.00
5.906000,0.001,0.001510,0.001510,4.321,7.00,0.005005,-0.002402,-0.000002,0.000894,0.000,0.001,6.216,-36.683,0.350,2.632009,-0.001375,0.000002,0.000000,0.000000,0.000000,0.000000,0.000000,0.000000,1,0.00
5.908000,0.001,0.001175,0.001175,4.321,7.00,0.004935,-0.002269,-0.000002,0.001096,-0.001,0.001,6.217,-36.680,0.350,2.631982,-0.001298,0.000002,0.000000,0.000000,0.000000,0.000000,0.000000,0.000000,1,0.00
5.910000,0.001,0.000523,0.000523,4.321,7.00,0.004860,-0.002134,-0.000003,0.001614,-0.001,0.000,6.219,-36.677,0.350,2.631953,-0.001221,0.000002,0.000000,0.000000,0.000000,0.000000,0.000000,0.000000,1,0.00
5.912000,0.001,0.000420,0.000420,4.321,7.00,0.004774,-0.001996,-0.000003,0.001579,-0.001,0.000,6.221,-36.673,0.350,2.631923,-0.001142,0.000002,0.000000,0.000000,0.000000,0.000000,0.000000,0.000000,1,0.00
5.914000,0.001,0.000221,0.000221,4.321,7.00,0.004687,-0.001857,-0.000004,0.001640,-0.001,0.000,6.223,-36.670,0.350,2.631893,-0.001062,0.000002,0.000000,0.000000,0.000000,0.000000,0.000000,0.000000,1,0.00
5.916000,0.001,0.000258,0.000258,4.321,7.00,0.004597,-0.001717,-0.000004,0.001464,-0.001,0.000,6.225,-36.666,0.350,2.631863,-0.000982,0.000002,0.000000,0.000000,0.000000,0.000000,0.000000,0.000000,1,0.00
5.918000,0.001,0.000085,0.000085,4.321,7.00,0.004511,-0.001578,-0.000005,0.001497,-0.001,0.000,6.227,-36.663,0.350,2.631834,-0.000903,0.000002,0.000000,0.000000,0.000000,0.000000,0.000000,0.000000,1,0.00
5.920000,0.001,0.000042,0.000042,4.321,7.00,0.004422,-0.001437,-0.000005,0.001400,-0.001,0.000,6.229,-36.660,0.350,2.631804,-0.000822,0.000002,0.000000,0.000000,0.000000,0.000000,0.000000,0.000000,1,0.00
5.922000,0.001,-0.000144,-0.000144,4.321,7.00,0.004335,-0.001297,-0.000005,0.001446,-0.001,0.000,6.231,-36.656,0.350,2.631775,-0.000742,0.000002,0.000000,0.000000,0.000000,0.000000,0.000000,0.000000,1,0.00
5.924000,0.001,-0.000360,-0.000360,4.321,7.00,0.004245,-0.001156,-0.000006,0.001522,-0.001,0.000,6.232,-36.653,0.350,2.631746,-0.000661,0.000002,0.000000,0.000000,0.000000,0.000000,0.000000,0.000000,1,0.00
5.926000,0.001,-0.000663,-0.000663,4.321,7.00,0.004153,-0.001014,-0.000006,0.001683,-0.001,0.000,6.234,-36.649,0.350,2.631717,-0.000580,0.000002,0.000000,0.000000,0.000000,0.000000,0.000000,0.000000,1,0.00
5.928000,0.000,-0.000975,-0.000975,4.321,7.00,0.004057,-0.000871,-0.000006,0.001853,-0.001,0.001,6.236,-36.646,0.350,2.631687,-0.000498,0.000001,0.000000,0.000000,0.000000,0.000000,0.000000,0.000000,1,0.00
5.930000,0.000,-0.001045,-0.001045,4.321,7.00,0.003956,-0.000727,-0.000006,0.001778,-0.001,0.001,6.238,-36.643,0.350,2.631657,-0.000416,0.000001,0.000000,0.000000,0.000000,0.000000,0.000000,0.000000,1,0.00
5.932000,0.000,-0.001244,-0.001244,4.321,7.00,0.003856,-0.000582,-0.000006,0.001833,-0.001,0.001,6.240,-36.639,0.350,2.631627,-0.000333,0.000001,0.000000,0.000000,0.000000,0.000000,0.000000,0.000000,1,0.00
5.934000,0.000,-0.001330,-0.001330,4.321,7.00,0.003754,-0.000437,-0.000006,0.001774,-0.001,0.001,6.242,-36.636,0.350,2.631598,-0.000250,0.000001,0.000000,0.000000,0.000000,0.000000,0.000000,0.000000,1,0.00
5.936000,0.000,-0.001524,-0.001524,4.321,7.00,0.003653,-0.000293,-0.000006,0.001823,-0.000,0.001,6.244,-36.632,0.350,2.631568,-0.000167,0.000001,0.000000,0.000000,0.000000,0.000000,0.000000,0.000000,1,0.00
5.938000,0.000,-0.002021,-0.002021,4.321,7.00,0.003549,-0.000147,-0.000006,0.002175,-0.000,0.001,6.246,-36.629,0.350,2.631538,-0.000084,0.000001,0.000000,0.000000,0.000000,0.000000,0.000000,0.000000,1,0.00
5.940000,-0.000,-0.002095,-0.002095,4.321,7.00,0.003438,0.000000,-0.000006,0.002101,-0.000,0.001,6.247,-36.626,0.350,2.631508,0.000001,0.000001,0.000000,0.000000,0.000000,0.000000,0.000000,0.000000,1,0.00
5.942000,-0.000,-0.002192,-0.002192,4.321,7.00,0.003327,0.000148,-0.000006,0.002051,-0.000,0.001,6.249,-36.622,0.350,2.631478,0.000085,0.000001,0.000000,0.000000,0.000000,0.000000,0.000000,0.000000,1,0.00
5.944000,-0.000,-0.002738,-0.002738,4.321,7.00,0.003217,0.000295,-0.000006,0.002449,-0.000,0.002,6.251,-36.619,0.350,2.631448,0.000169,0.000000,0.000000,0.000000,0.000000,0.000000,0.000000,0.000000,1,0.00
5.946000,-0.000,-0.002819,-0.002819,4.321,7.00,0.003098,0.000444,-0.000006,0.002381,-0.000,0.002,6.253,-36.615,0.350,2.631417,0.000255,0.000000,0.000000,0.000000,0.000000,0.000000,0.000000,0.000000,1,0.00
5.948000,-0.000,-0.002574,-0.002574,4.321,7.00,0.002979,0.000593,-0.000006,0.001987,0.000,0.002,6.255,-36.612,0.350,2.631386,0.000340,0.000000,0.000000,0.000000,0.000000,0.000000,0.000000,0.000000,1,0.00
5.950000,-0.000,-0.002821,-0.002821,4.321,7.00,0.002868,0.000740,-0.000006,0.002087,0.000,0.002,6.257,-36.609,0.350,2.631357,0.000424,-0.000000,0.000000,0.000000,0.000000,0.000000,0.000000,0.000000,1,0.00
5.952000,-0.000,-0.003125,-0.003125,4.321,7.00,0.002755,0.000888,-0.000006,0.002244,0.000,0.002,6.259,-36.605,0.350,2.631328,0.000508,-0.000000,0.000000,0.000000,0.000000,0.000000,0.000000,0.000000,1,0.00
5.954000,-0.001,-0.002803,-0.002803,4.321,7.00,0.002637,0.001036,-0.000006,0.001772,0.000,0.002,6.261,-36.602,0.350,2.631299,0.000593,-0.000000,0.000000,0.000000,0.000000,0.000000,0.000000,0.000000,1,0.00
5.956000,-0.001,-0.003217,-0.003217,4.321,7.00,0.002528,0.001182,-0.000005,0.002040,0.000,0.002,6.262,-36.598,0.350,2.631271,0.000677,-0.000001,0.000000,0.000000,0.000000,0.000000,0.000000,0.000000,1,0.00
5.958000,-0.001,-0.003302,-0.003302,4.321,7.00,0.002413,0.001329,-0.000005,0.001978,0.000,0.002,6.264,-36.595,0.350,2.631243,0.000761,-0.000001,0.000000,0.000000,0.000000,0.000000,0.000000,0.000000,1,0.00
5.960000,-0.001,-0.003461,-0.003461,4.321,7.00,0.002299,0.001476,-0.000005,0.001989,0.000,0.002,6.266,-36.592,0.350,2.631216,0.000845,-0.000001,0.000000,0.000000,0.000000,0.000000,0.000000,0.000000,1,0.00
5.962000,-0.001,-0.003539,-0.003539,4.321,7.00,0.002184,0.001623,-0.000004,0.001920,0.001,0.002,6.268,-36.588,0.350,2.631188,0.000929,-0.000001,0.000000,0.000000,0.000000,0.000000,0.000000,0.000000,1,0.00
5.964000,-0.001,-0.003830,-0.003830,4.321,7.00,0.002070,0.001769,-0.000004,0.002065,0.001,0.003,6.270,-36.585,0.350,2.631161,0.001013,-0.000001,0.000000,0.000000,0.000000,0.000000,0.000000,0.000000,1,0.00
5.966000,-0.001,-0.003817,-0.003817,4.321,7.00,0.001952,0.001916,-0.000004,0.001904,0.001,0.003,6.272,-36.581,0.350,2.631133,0.001097,-0.000001,0.000000,0.000000,0.000000,0.000000,0.000000,0.000000,1,0.00
5.968000,-0.001,-0.003972,-0.003972,4.321,7.00,0.001836,0.002062,-0.000003,0.001913,0.001,0.003,6.274,-36.578,0.350,2.631107,0.001181,-0.000002,0.000000,0.000000,0.000000,0.000000,0.000000,0.000000,1,0.00
5.970000,-0.001,-0.004210,-0.004210,4.321,7.00,0.001720,0.002208,-0.000003,0.002005,0.001,0.003,6.276,-36.575,0.350,2.631080,0.001264,-0.000002,0.000000,0.000000,0.000000,0.000000,0.000000,0.000000,1,0.00
5.972000,-0.001,-0.004217,-0.004217,4.321,7.00,0.001602,0.002354,-0.000002,0.001865,0.001,0.003,6.278,-36.571,0.350,2.631054,0.001348,-0.000002,0.000000,0.000000,0.000000,0.000000,0.000000,0.000000,1,0.00
5.974000,-0.001,-0.004524,-0.004524,4.321,7.00,0.001485,0.002499,-0.000002,0.002027,0.001,0.003,6.279,-36.568,0.350,2.631028,0.001431,-0.000002,0.000000,0.000000,0.000000,0.000000,0.000000,0.000000,1,0.00
5.976000,-0.001,-0.004523,-0.004523,4.321,7.00,0.001365,0.002645,-0.000001,0.001880,0.001,0.003,6.281,-36.564,0.350,2.631002,0.001515,-0.000002,0.000000,0.000000,0.000000,0.000000,0.000000,0.000000,1,0.00
5.978000,-0.001,-0.004795,-0.004795,4.321,7.00,0.001247,0.002789,-0.000001,0.002007,0.001,0.003,6.283,-36.561,0.350,2.630977,0.001597,-0.000002,0.000000,0.000000,0.000000,0.000000,0.000000,0.000000,1,0.00
5.980000,-0.001,-0.004800,-0.004800,4.321,7.00,0.001127,0.002934,-0.000000,0.001866,0.001,0.003,6.285,-36.558,0.350,2.630951,0.001680,-0.000003,0.000000,0.000000,0.000000,0.000000,0.000000,0.000000,1,0.00
5.982000,-0.002,-0.005177,-0.005177,4.321,7.00,0.001008,0.003078,0.000000,0.002099,0.001,0.003,6.287,-36.554,0.350,2.630927,0.001763,-0.000003,0.000000,0.000000,0.000000,0.000000,0.000000,0.000000,1,0.00
5.984000,-0.002,-0.004983,-0.004983,4.321,7.00,0.000884,0.003223,0.000001,0.001759,0.001,0.003,6.289,-36.551,0.350,2.630902,0.001845,-0.000003,0.000000,0.000000,0.000000,0.000000,0.000000,0.000000,1,0.00
5.986000,-0.002,-0.005194,-0.005194,4.321,7.00,0.000767,0.003365,0.000002,0.001827,0.001,0.003,6.291,-36.547,0.350,2.630878,0.001927,-0.000003,0.000000,0.000000,0.000000,0.000000,0.000000,0.000000,1,0.00
5.988000,-0.002,-0.005120,-0.005120,4.321,7.00,0.000648,0.003507,0.000003,0.001610,0.001,0.003,6.293,-36.544,0.350,2.630854,0.002008,-0.000003,0.000000,0.000000,0.000000,0.000000,0.000000,0.000000,1,0.00
5.990000,-0.002,-0.005253,-0.005253,4.321,7.00,0.000533,0.003648,0.000004,0.001601,0.002,0.004,6.294,-36.541,0.350,2.630831,0.002089,-0.000003,0.000000,0.000000,0.000000,0.000000,0.000000,0.000000,1,0.00
5.992000,-0.002,-0.005123,-0.005123,4.321,7.00,0.000417,0.003789,0.000005,0.001330,0.002,0.003,6.296,-36.537,0.350,2.630809,0.002169,-0.000004,0.000000,0.000000,0.000000,0.000000,0.000000,0.000000,1,0.00
5.994000,-0.002,-0.005563,-0.005563,4.321,7.00,0.000306,0.003927,0.000006,0.001630,0.002,0.004,6.298,-36.534,0.350,2.630788,0.002249,-0.000004,0.000000,0.000000,0.000000,0.000000,0.000000,0.000000,1,0.00
5.996000,-0.002,-0.006124,-0.006124,4.321,7.00,0.000189,0.004067,0.000006,0.002052,0.002,0.004,6.300,-36.530,0.350,2.630766,0.002329,-0.000004,0.000000,0.000000,0.000000,0.000000,0.000000,0.000000,1,0.00
5.998000,-0.002,-0.006345,-0.006345,4.321,7.00,0.000062,0.004207,0.000007,0.002131,0.002,0.004,6.302,-36.527,0.350,2.630743,0.002409,-0.000004,0.000000,0.000000,0.000000,0.000000,0.000000,0.000000,1,0.00
6.000000,-0.002,-0.004350,-0.004350,4.321,7.00,-0.000066,0.004348,0.000000,0.000002,0.000,0.003,6.304,-36.523,0.350,2.630719,0.002490,-0.000004,0.000000,0.000000,0.000000,0.000000,0.000000,0.000000,1,0.00
6.002000,-0.002,-0.004733,-0.004733,4.321,7.00,-0.000151,0.004478,0.000001,0.000254,0.000,0.003,6.306,-36.520,0.350,2.630704,0.002564,-0.000004,0.000000,0.000000,0.000000,0.000000,0.000000,0.000000,1,0.00
6.004000,-0.002,-0.005205,-0.005205,4.321,7.00,-0.000243,0.004609,0.000002,0.000595,0.000,0.003,6.308,-36.517,0.350,2.630688,0.002639,-0.000005,0.000000,0.000000,0.000000,0.000000,0.000000,0.000000,1,0.00
6.006000,-0.002,-0.005575,-0.005575,4.321,7.00,-0.000342,0.004740,0.000003,0.000832,0.000,0.004,6.309,-36.513,0.350,2.630671,0.002714,-0.000005,0.000000,0.000000,0.000000,0.000000,0.000000,0.000000,1,0.00
6.008000,-0.002,-0.006288,-0.006288,4.321,7.00,-0.000447,0.004873,0.000004,0.001411,0.002,0.004,6.311,-36.510,0.350,2.630653,0.002790,-0.000005,0.000000,0.000000,0.000000,0.000000,0.000000,0.000000,1,0.00
6.010000,-0.003,-0.006712,-0.006712,4.321,7.00,-0.000564,0.005007,0.000005,0.001700,0.002,0.004,6.313,-36.506,0.350,2.630633,0.002867,-0.000005,0.000000,0.000000,0.000000,0.000000,0.000000,0.000000,1,0.00
6.012000,-0.003,-0.006966,-0.006966,4.321,7.00,-0.000686,0.005142,0.000006,0.001818,0.002,0.005,6.315,-36.503,0.350,2.630613,0.002945,-0.000005,0.000000,0.000000,0.000000,0.000000,0.000000,0.000000,1,0.00
6.014000,-0.003,-0.007399,-0.007399,4.321,7.00,-0.000812,0.005277,0.000007,0.002115,0.002,0.005,6.317,-36.500,0.350,2.630592,0.003022,-0.000005,0.000000,0.000000,0.000000,0.000000,0.000000,0.000000,1,0.00
6.016000,-0.003,-0.007542,-0.007542,4.321,7.00,-0.000944,0.005413,0.000008,0.002121,0.002,0.005,6.319,-36.496,0.350,2.630571,0.003100,-0.000005,0.000000,0.000000,0.000000,0.000000,0.000000,0.000000,1,0.00
6.018000,-0.003,-0.007458,-0.007458,4.321,7.00,-0.001076,0.005548,0.000009,0.001902,0.003,0.005,6.321,-36.493,0.350,2.630550,0.003177,-0.000005,0.000000,0.000000,0.000000,0.000000,0.000000,0.000000,1,0.00
6.020000,-0.003,-0.007608,-0.007608,4.321,7.00,-0.001203,0.005680,0.000010,0.001917,0.003,0.005,6.323,-36.489,0.350,2.630530,0.003253,-0.000005,0.000000,0.000000,0.000000,0.000000,0.000000,0.000000,1,0.00
6.022000,-0.003,-0.007813,-0.007813,4.321,7.00,-0.001331,0.005812,0.000011,0.001989,0.003,0.005,6.325,-36.486,0.350,2.630511,0.003329,-0.000006,0.000000,0.000000,0.000000,0.000000,0.000000,0.000000,1,0.00
6.024000,-0.003,-0.007534,-0.007534,4.321,7.00,-0.001461,0.005944,0.000013,0.001578,0.003,0.005,6.326,-36.483,0.350,2.630491,0.003404,-0.000006,0.000000,0.000000,0.000000,0.000000,0.000000,0.000000,1,0.00
6.026000,-0.003,-0.008022,-0.008022,4.321,7.00,-0.001582,0.006072,0.000014,0.001936,0.003,0.005,6.328,-36.479,0.350,2.630474,0.003478,-0.000006,0.000000,0.000000,0.000000,0.000000,0.000000,0.000000,1,0.00
6.028000,-0.003,-0.008049,-0.008049,4.321,7.00,-0.001711,0.006201,0.000015,0.001832,0.003,0.005,6.330,-36.476,0.350,2.630456,0.003552,-0.000006,0.000000,0.000000,0.000000,0.000000,0.000000,0.000000,1,0.00
6.030000,-0.003,-0.008235,-0.008235,4.321,7.00,-0.001838,0.006329,0.000016,0.001889,0.003,0.005,6.332,-36.472,0.350,2.630438,0.003625,-0.000006,0.000000,0.000000,0.000000,0.000000,0.000000,0.000000,1,0.00
6.032000,-0.003,-0.008217,-0.008217,4.321,7.00,-0.001966,0.006456,0.000018,0.001743,0.003,0.005,6.334,-36.469,0.350,2.630420,0.003697,-0.000006,0.000000,0.000000,0.000000,0.000000,0.000000,0.000000,1,0.00
6.034000,-0.003,-0.008563,-0.008563,4.321,7.00,-0.002091,0.006581,0.000019,0.001963,0.003,0.006,6.336,-36.466,0.350,2.630404,0.003769,-0.000007,0.000000,0.000000,0.000000,0.000000,0.000000,0.000000,1,0.00
6.036000,-0.003,-0.008292,-0.008292,4.321,7.00,-0.002220,0.006706,0.000021,0.001566,0.003,0.006,6.338,-36.462,0.350,2.630387,0.003841,-0.000007,0.000000,0.000000,0.000000,0.000000,0.000000,0.000000,1,0.00
6.038000,-0.003,-0.008672,-0.008672,4.321,7.00,-0.002342,0.006828,0.000021,0.001822,0.003,0.006,6.340,-36.459,0.350,2.630372,0.003911,-0.000007,0.000000,0.000000,0.000000,0.000000,0.000000,0.000000,1,0.00
6.040000,-0.003,-0.008669,-0.008669,4.321,7.00,-0.002468,0.006951,0.000023,0.001695,0.003,0.006,6.341,-36.455,0.350,2.630356,0.003981,-0.000007,0.000000,0.000000,0.000000,0.000000,0.000000,0.000000,1,0.00
6.042000,-0.004,-0.008860,-0.008860,4.321,7.00,-0.002592,0.007071,0.000024,0.001764,0.003,0.006,6.343,-36.452,0.350,2.630341,0.004050,-0.000007,0.000000,0.000000,0.000000,0.000000,0.000000,0.000000,1,0.00
6.044000,-0.004,-0.008824,-0.008824,4.321,7.00,-0.002718,0.007191,0.000026,0.001608,0.003,0.006,6.345,-36.449,0.350,2.630326,0.004118,-0.000007,0.000000,0.000000,0.000000,0.000000,0.000000,0.000000,1,0.00
6.046000,-0.004,-0.009160,-0.009160,4.321,7.00,-0.002840,0.007308,0.000027,0.001825,0.003,0.006,6.347,-36.445,0.350,2.630312,0.004186,-0.000008,0.000000,0.000000,0.000000,0.000000,0.000000,0.000000,1,0.00
6.048000,-0.004,-0.008959,-0.008959,4.321,7.00,-0.002966,0.007426,0.000029,0.001504,0.003,0.006,6.349,-36.442,0.350,2.630298,0.004253,-0.000008,0.000000,0.000000,0.000000,0.000000,0.000000,0.000000,1,0.00
6.050000,-0.004,-0.009342,-0.009342,4.321,7.00,-0.003086,0.007541,0.000030,0.001771,0.004,0.006,6.351,-36.438,0.350,2.630285,0.004319,-0.000008,0.000000,0.000000,0.000000,0.000000,0.000000,0.000000,1,0.00
6.052000,-0.004,-0.009340,-0.009340,4.321,7.00,-0.003211,0.007655,0.000032,0.001653,0.004,0.006,6.353,-36.435,0.350,2.630272,0.004385,-0.000008,0.000000,0.000000,0.000000,0.000000,0.000000,0.000000,1,0.00
6.054000,-0.004,-0.009465,-0.009465,4.321,7.00,-0.003333,0.007768,0.000033,0.001663,0.004,0.006,6.355,-36.432,0.350,2.630260,0.004449,-0.000008,0.000000,0.000000,0.000000,0.000000,0.000000,0.000000,1,0.00
6.056000,-0.004,-0.009414,-0.009414,4.321,7.00,-0.003456,0.007880,0.000035,0.001499,0.004,0.006,6.357,-36.428,0.350,2.630247,0.004513,-0.000008,0.000000,0.000000,0.000000,0.000000,0.000000,0.000000,1,0.00
6.058000,-0.004,-0.009685,-0.009685,4.321,7.00,-0.003575,0.007989,0.000036,0.001659,0.004,0.006,6.358,-36.425,0.350,2.630236,0.004576,-0.000008,0.000000,0.000000,0.000000,0.000000,0.000000,0.000000,1,0.00
6.060000,-0.004,-0.009442,-0.009442,4.321,7.00,-0.003697,0.008098,0.000039,0.001304,0.004,0.006,6.360,-36.421,0.350,2.630225,0.004638,-0.000009,0.000000,0.000000,0.000000,0.000000,0.000000,0.000000,1,0.00
6.062000,-0.004,-0.009670,-0.009670,4.321,7.00,-0.003812,0.008204,0.000040,0.001425,0.004,0.006,6.362,-36.418,0.350,2.630215,0.004699,-0.000009,0.000000,0.000000,0.000000,0.000000,0.000000,0.000000,1,0.00
6.064000,-0.004,-0.009665,-0.009665,4.321,7.00,-0.003929,0.008310,0.000043,0.001313,0.004,0.006,6.364,-36.415,0.350,2.630206,0.004759,-0.000009,0.000000,0.000000,0.000000,0.000000,0.000000,0.000000,1,0.00
6.066000,-0.004,-0.010018,-0.010018,4.321,7.00,-0.004044,0.008413,0.000044,0.001561,0.004,0.007,6.366,-36.411,0.350,2.630197,0.004818,-0.000009,0.000000,0.000000,0.000000,0.000000,0.000000,0.000000,1,0.00
6.068000,-0.004,-0.010014,-0.010014,4.321,7.00,-0.004164,0.008516,0.000045,0.001452,0.004,0.007,6.368,-36.408,0.350,2.630187,0.004878,-0.000009,0.000000,0.000000,0.000000,0.000000,0.000000,0.000000,1,0.00
6.070000,-0.004,-0.010216,-0.010216,4.321,7.00,-0.004280,0.008617,0.000047,0.001552,0.004,0.007,6.370,-36.404,0.350,2.630179,0.004935,-0.000009,0.000000,0.000000,0.000000,0.000000,0.000000,0.000000,1,0.00
6.072000,-0.004,-0.010212,-0.010212,4.321,7.00,-0.004399,0.008717,0.000049,0.001446,0.004,0.007,6.372,-36.401,0.350,2.630170,0.004993,-0.000009,0.000000,0.000000,0.000000,0.000000,0.000000,0.000000,1,0.00
6.074000,-0.004,-0.010513,-0.010513,4.321,7.00,-0.004515,0.008815,0.000050,0.001648,0.004,0.007,6.373,-36.398,0.350,2.630162,0.005049,-0.000010,0.000000,0.000000,0.000000,0.000000,0.000000,0.000000,1,0.00
6.076000,-0.004,-0.010284,-0.010284,4.321,7.00,-0.004635,0.008913,0.000052,0.001319,0.004,0.007,6.375,-36.394,0.350,2.630154,0.005105,-0.000010,0.000000,0.000000,0.000000,0.000000,0.000000,0.000000,1,0.00
6.078000,-0.005,-0.010546,-0.010546,4.321,7.00,-0.004748,0.009008,0.000053,0.001485,0.004,0.007,6.377,-36.391,0.350,2.630148,0.005159,-0.000010,0.000000,0.000000,0.000000,0.000000,0.000000,0.000000,1,0.00
6.080000,-0.005,-0.010834,-0.010834,4.321,7.00,-0.004864,0.009101,0.000054,0.001678,0.004,0.007,6.379,-36.387,0.350,2.630141,0.005213,-0.000010,0.000000,0.000000,0.000000,0.000000,0.000000,0.000000,1,0.00
6.082000,-0.005,-0.010821,-0.010821,4.321,7.00,-0.004984,0.009195,0.000057,0.001569,0.004,0.007,6.381,-36.384,0.350,2.630134,0.005266,-0.000010,0.000000,0.000000,0.000000,0.000000,0.000000,0.000000,1,0.00
6.084000,-0.005,-0.010963,-0.010963,4.321,7.00,-0.005100,0.009286,0.000058,0.001619,0.004,0.007,6.383,-36.381,0.350,2.630128,0.005319,-0.000010,0.000000,0.000000,0.000000,0.000000,0.000000,0.000000,1,0.00
6.086000,-0.005,-0.011125,-0.011125,4.321,7.00,-0.005218,0.009376,0.000060,0.001689,0.005,0.007,6.385,-36.377,0.350,2.630122,0.005370,-0.000010,0.000000,0.000000,0.000000,0.000000,0.000000,0.000000,1,0.00
6.088000,-0.005,-0.010963,-0.010963,4.321,7.00,-0.005336,0.009464,0.000063,0.001436,0.005,0.007,6.387,-36.374,0.350,2.630116,0.005421,-0.000010,0.000000,0.000000,0.000000,0.000000,0.000000,0.000000,1,0.00
6.090000,-0.005,-0.010810,-0.010810,4.321,7.00,-0.005448,0.009550,0.000065,0.001196,0.005,0.007,6.389,-36.370,0.350,2.630112,0.005470,-0.000011,0.000000,0.000000,0.000000,0.000000,0.000000,0.000000,1,0.00
6.092000,-0.005,-0.011049,-0.011049,4.321,7.00,-0.005555,0.009633,0.000066,0.001350,0.005,0.007,6.390,-36.367,0.350,2.630109,0.005517,-0.000011,0.000000,0.000000,0.000000,0.000000,0.000000,0.000000,1,0.00
6.094000,-0.005,-0.010895,-0.010895,4.321,7.00,-0.005665,0.009715,0.000068,0.001112,0.005,0.007,6.392,-36.364,0.350,2.630106,0.005564,-0.000011,0.000000,0.000000,0.000000,0.000000,0.000000,0.000000,1,0.00
6.096000,-0.005,-0.010904,-0.010904,4.321,7.00,-0.005770,0.009794,0.000070,0.001040,0.005,0.007,6.394,-36.360,0.350,2.630104,0.005609,-0.000011,0.000000,0.000000,0.000000,0.000000,0.000000,0.000000,1,0.00
6.098000,-0.005,-0.011158,-0.011158,4.321,7.00,-0.005872,0.009871,0.000071,0.001215,0.005,0.007,6.396,-36.357,0.350,2.630103,0.005654,-0.000011,0.000000,0.000000,0.000000,0.000000,0.000000,0.000000,1,0.00
6.100000,-0.005,-0.009952,-0.009952,4.321,7.00,-0.005978,0.009948,0.000000,0.000005,0.000,0.007,6.398,-36.353,0.350,2.630101,0.005697,-0.000011,0.000000,0.000000,0.000000,0.000000,0.000000,0.000000,1,0.00
6.102000,-0.005,-0.010324,-0.010324,4.321,7.00,-0.006058,0.010016,0.000001,0.000306,0.000,0.007,6.400,-36.350,0.350,2.630105,0.005737,-0.000011,0.000000,0.000000,0.000000,0.000000,0.000000,0.000000,1,0.00
6.104000,-0.005,-0.010530,-0.010530,4.321,7.00,-0.006143,0.010085,0.000004,0.000441,0.000,0.007,6.402,-36.347,0.350,2.630108,0.005776,-0.000012,0.000000,0.000000,0.000000,0.000000,0.000000,0.000000,1,0.00
6.106000,-0.005,-0.010768,-0.010768,4.321,7.00,-0.006231,0.010153,0.000006,0.000610,0.000,0.007,6.404,-36.343,0.350,2.630111,0.005815,-0.000012,0.000000,0.000000,0.000000,0.000000,0.000000,0.000000,1,0.00
6.108000,-0.005,-0.010994,-0.010994,4.321,7.00,-0.006321,0.010219,0.000008,0.000767,0.005,0.007,6.406,-36.340,0.350,2.630113,0.005853,-0.000012,0.000000,0.000000,0.000000,0.000000,0.000000,0.000000,1,0.00
6.110000,-0.005,-0.011289,-0.011289,4.321,7.00,-0.006415,0.010285,0.000009,0.000994,0.005,0.008,6.407,-36.336,0.350,2.630115,0.005891,-0.000012,0.000000,0.000000,0.000000,0.000000,0.000000,0.000000,1,0.00
6.112000,-0.005,-0.011168,-0.011168,4.321,7.00,-0.006512,0.010351,0.000012,0.000804,0.005,0.007,6.409,-36.333,0.350,2.630117,0.005928,-0.000012,0.000000,0.000000,0.000000,0.000000,0.000000,0.000000,1,0.00
6.114000,-0.005,-0.011365,-0.011365,4.321,7.00,-0.006605,0.010413,0.000014,0.000938,0.005,0.008,6.411,-36.330,0.350,2.630119,0.005964,-0.000012,0.000000,0.000000,0.000000,0.000000,0.000000,0.000000,1,0.00
6.116000,-0.005,-0.011383,-0.011383,4.321,7.00,-0.006701,0.010475,0.000016,0.000892,0.005,0.008,6.413,-36.326,0.350,2.630122,0.005999,-0.000012,0.000000,0.000000,0.000000,0.000000,0.000000,0.000000,1,0.00
6.118000,-0.005,-0.011449,-0.011449,4.321,7.00,-0.006794,0.010535,0.000018,0.000896,0.005,0.008,6.415,-36.323,0.350,2.630125,0.006033,-0.000013,0.000000,0.000000,0.000000,0.000000,0.000000,0.000000,1,0.00
6.120000,-0.005,-0.011401,-0.011401,4.321,7.00,-0.006887,0.010593,0.000021,0.000787,0.005,0.008,6.417,-36.319,0.350,2.630129,0.006067,-0.000013,0.000000,0.000000,0.000000,0.000000,0.000000,0.000000,1,0.00
6.122000,-0.005,-0.011529,-0.011529,4.321,7.00,-0.006977,0.010648,0.000022,0.000858,0.005,0.008,6.419,-36.316,0.350,2.630133,0.006098,-0.000013,0.000000,0.000000,0.000000,0.000000,0.000000,0.000000,1,0.00
6.124000,-0.005,-0.011411,-0.011411,4.321,7.00,-0.007068,0.010703,0.000025,0.000682,0.005,0.008,6.421,-36.313,0.350,2.630138,0.006129,-0.000013,0.000000,0.000000,0.000000,0.000000,0.000000,0.000000,1,0.00
6.126000,-0.005,-0.011584,-0.011584,4.321,7.00,-0.007155,0.010754,0.000027,0.000803,0.005,0.008,6.423,-36.309,0.350,2.630143,0.006159,-0.000013,0.000000,0.000000,0.000000,0.000000,0.000000,0.000000,1,0.00
6.128000,-0.005,-0.011567,-0.011567,4.321,7.00,-0.007244,0.010805,0.000030,0.000732,0.005,0.008,6.424,-36.306,0.350,2.630149,0.006188,-0.000013,0.000000,0.000000,0.000000,0.000000,0.000000,0.000000,1,0.00
6.130000,-0.005,-0.011633,-0.011633,4.321,7.00,-0.007330,0.010853,0.000031,0.000748,0.005,0.008,6.426,-36.302,0.350,2.630155,0.006215,-0.000013,0.000000,0.000000,0.000000,0.000000,0.000000,0.000000,1,0.00
6.132000,-0.005,-0.011611,-0.011611,4.321,7.00,-0.007416,0.010900,0.000034,0.000677,0.005,0.008,6.428,-36.299,0.350,2.630162,0.006242,-0.000013,0.000000,0.000000,0.000000,0.000000,0.000000,0.000000,1,0.00
6.134000,-0.005,-0.011725,-0.011725,4.321,7.00,-0.007500,0.010944,0.000035,0.000746,0.005,0.008,6.430,-36.296,0.350,2.630169,0.006267,-0.000014,0.000000,0.000000,0.000000,0.000000,0.000000,0.000000,1,0.00
6.136000,-0.005,-0.011598,-0.011598,4.321,7.00,-0.007585,0.010987,0.000039,0.000573,0.005,0.008,6.432,-36.292,0.350,2.630176,0.006292,-0.000014,0.000000,0.000000,0.000000,0.000000,0.000000,0.000000,1,0.00
6.138000,-0.006,-0.011616,-0.011616,4.321,7.00,-0.007665,0.011027,0.000042,0.000547,0.005,0.008,6.434,-36.289,0.350,2.630184,0.006315,-0.000014,0.000000,0.000000,0.000000,0.000000,0.000000,0.000000,1,0.00
6.140000,-0.006,-0.011614,-0.011614,4.321,7.00,-0.007744,0.011065,0.000044,0.000504,0.005,0.008,6.436,-36.285,0.350,2.630193,0.006337,-0.000014,0.000000,0.000000,0.000000,0.000000,0.000000,0.000000,1,0.00
6.142000,-0.006,-0.011631,-0.011631,4.321,7.00,-0.007821,0.011102,0.000046,0.000483,0.005,0.008,6.438,-36.282,0.350,2.630203,0.006357,-0.000014,0.000000,0.000000,0.000000,0.000000,0.000000,0.000000,1,0.00
6.144000,-0.006,-0.011597,-0.011597,4.321,7.00,-0.007898,0.011136,0.000049,0.000412,0.005,0.008,6.440,-36.279,0.350,2.630212,0.006377,-0.000014,0.000000,0.000000,0.000000,0.000000,0.000000,0.000000,1,0.00
6.146000,-0.006,-0.011612,-0.011612,4.321,7.00,-0.007971,0.011168,0.000052,0.000392,0.006,0.008,6.441,-36.275,0.350,2.630223,0.006395,-0.000014,0.000000,0.000000,0.000000,0.000000,0.000000,0.000000,1,0.00
6.148000,-0.006,-0.011708,-0.011708,4.321,7.00,-0.008044,0.011198,0.000054,0.000456,0.006,0.008,6.443,-36.272,0.350,2.630234,0.006412,-0.000014,0.000000,0.000000,0.000000,0.000000,0.000000,0.000000,1,0.00
6.150000,-0.006,-0.011692,-0.011692,4.321,7.00,-0.008118,0.011227,0.000057,0.000409,0.006,0.008,6.445,-36.268,0.350,2.630244,0.006429,-0.000015,0.000000,0.000000,0.000000,0.000000,0.000000,0.000000,1,0.00
6.152000,-0.006,-0.011702,-0.011702,4.321,7.00,-0.008189,0.011254,0.000059,0.000390,0.006,0.008,6.447,-36.265,0.350,2.630256,0.006444,-0.000015,0.000000,0.000000,0.000000,0.000000,0.000000,0.000000,1,0.00
6.154000,-0.006,-0.011690,-0.011690,4.321,7.00,-0.008259,0.011278,0.000062,0.000350,0.006,0.008,6.449,-36.262,0.350,2.630268,0.006458,-0.000015,0.000000,0.000000,0.000000,0.000000,0.000000,0.000000,1,0.00
6.156000,-0.006,-0.011732,-0.011732,4.321,7.00,-0.008328,0.011301,0.000063,0.000368,0.006,0.008,6.451,-36.258,0.350,2.630280,0.006471,-0.000015,0.000000,0.000000,0.000000,0.000000,0.000000,0.000000,1,0.00
6.158000,-0.006,-0.011664,-0.011664,4.321,7.00,-0.008396,0.011322,0.000067,0.000276,0.006,0.008,6.453,-36.255,0.350,2.630293,0.006483,-0.000015,0.000000,0.000000,0.000000,0.000000,0.000000,0.000000,1,0.00
6.160000,-0.006,-0.011711,-0.011711,4.321,7.00,-0.008461,0.011340,0.000068,0.000303,0.006,0.008,6.455,-36.251,0.350,2.630306,0.006493,-0.000015,0.000000,0.000000,0.000000,0.000000,0.000000,0.000000,1,0.00
6.162000,-0.006,-0.011692,-0.011692,4.321,7.00,-0.008526,0.011357,0.000071,0.000264,0.006,0.008,6.457,-36.248,0.350,2.630320,0.006503,-0.000015,0.000000,0.000000,0.000000,0.000000,0.000000,0.000000,1,0.00
6.164000,-0.006,-0.011701,-0.011701,4.321,7.00,-0.008590,0.011372,0.000073,0.000256,0.006,0.008,6.458,-36.245,0.350,2.630334,0.006511,-0.000015,0.000000,0.000000,0.000000,0.000000,0.000000,0.000000,1,0.00
6.166000,-0.006,-0.011677,-0.011677,4.321,7.00,-0.008652,0.011384,0.000075,0.000218,0.006,0.008,6.460,-36.241,0.350,2.630349,0.006518,-0.000015,0.000000,0.000000,0.000000,0.000000,0.000000,0.000000,1,0.00
6.168000,-0.006,-0.011685,-0.011685,4.321,7.00,-0.008712,0.011395,0.000077,0.000213,0.006,0.008,6.462,-36.238,0.350,2.630364,0.006524,-0.000016,0.000000,0.000000,0.000000,0.000000,0.000000,0.000000,1,0.00
6.170000,-0.006,-0.011635,-0.011635,4.321,7.00,-0.008772,0.011404,0.000081,0.000150,0.006,0.008,6.464,-36.234,0.350,2.630380,0.006529,-0.000016,0.000000,0.000000,0.000000,0.000000,0.000000,0.000000,1,0.00
6.172000,-0.006,-0.011640,-0.011640,4.321,7.00,-0.008829,0.011410,0.000082,0.000147,0.006,0.008,6.466,-36.231,0.350,2.630396,0.006533,-0.000016,0.000000,0.000000,0.000000,0.000000,0.000000,0.000000,1,0.00
6.174000,-0.006,-0.011615,-0.011615,4.321,7.00,-0.008885,0.011415,0.000085,0.000115,0.006,0.008,6.468,-36.228,0.350,2.630412,0.006535,-0.000016,0.000000,0.000000,0.000000,0.000000,0.000000,0.000000,1,0.00
6.176000,-0.006,-0.011597,-0.011597,4.321,7.00,-0.008940,0.011418,0.000087,0.000093,0.006,0.008,6.470,-36.224,0.350,2.630429,0.006537,-0.000016,0.000000,0.000000,0.000000,0.000000,0.000000,0.000000,1,0.00
6.178000,-0.006,-0.011571,-0.011571,4.321,7.00,-0.008993,0.011418,0.000089,0.000063,0.006,0.008,6.472,-36.221,0.350,2.630446,0.006537,-0.000016,0.000000,0.000000,0.000000,0.000000,0.000000,0.000000,1,0.00
6.180000,-0.006,-0.011552,-0.011552,4.321,7.00,-0.009044,0.011417,0.000091,0.000044,0.006,0.008,6.474,-36.217,0.350,2.630464,0.006536,-0.000016,0.000000,0.000000,0.000000,0.000000,0.000000,0.000000,1,0.00
6.182000,-0.006,-0.011516,-0.011516,4.321,7.00,-0.009095,0.011413,0.000094,0.000009,0.006,0.008,6.476,-36.214,0.350,2.630482,0.006534,-0.000016,0.000000,0.000000,0.000000,0.000000,0.000000,0.000000,1,0.00
6.184000,-0.006,-0.011492,-0.011492,4.321,7.00,-0.009143,0.011408,0.000097,-0.000013,0.006,0.008,6.477,-36.211,0.350,2.630501,0.006531,-0.000016,0.000000,0.000000,0.000000,0.000000,0.000000,0.000000,1,0.00
6.186000,-0.006,-0.011467,-0.011467,4.321,7.00,-0.009190,0.011401,0.000100,-0.000033,0.006,0.008,6.479,-36.207,0.350,2.630520,0.006526,-0.000016,0.000000,0.000000,0.000000,0.000000,0.000000,0.000000,1,0.00
6.188000,-0.006,-0.011416,-0.011416,4.321,7.00,-0.009235,0.011391,0.000101,-0.000077,0.006,0.008,6.481,-36.204,0.350,2.630539,0.006521,-0.000016,0.000000,0.000000,0.000000,0.000000,0.000000,0.000000,1,0.00
6.190000,-0.006,-0.011384,-0.011384,4.321,7.00,-0.009279,0.011380,0.000104,-0.000100,0.006,0.008,6.483,-36.200,0.350,2.630559,0.006514,-0.000016,0.000000,0.000000,0.000000,0.000000,0.000000,0.000000,1,0.00
6.192000,-0.006,-0.011348,-0.011348,4.321,7.00,-0.009321,0.011366,0.000106,-0.000124,0.006,0.008,6.485,-36.197,0.350,2.630579,0.006506,-0.000017,0.000000,0.000000,0.000000,0.000000,0.000000,0.000000,1,0.00
6.194000,-0.006,-0.011306,-0.011306,4.321,7.00,-0.009362,0.011351,0.000108,-0.000153,0.006,0.008,6.487,-36.194,0.350,2.630600,0.006497,-0.000017,0.000000,0.000000,0.000000,0.000000,0.000000,0.000000,1,0.00
6.196000,-0.006,-0.011224,-0.011224,4.321,7.00,-0.009401,0.011333,0.000109,-0.000219,0.006,0.007,6.489,-36.190,0.350,2.630621,0.006487,-0.000017,0.000000,0.000000,0.000000,0.000000,0.000000,0.000000,1,0.00
6.198000,-0.006,-0.011215,-0.011215,4.321,7.00,-0.009437,0.011314,0.000113,-0.000212,0.006,0.007,6.491,-36.187,0.350,2.630643,0.006476,-0.000017,0.000000,0.000000,0.000000,0.000000,0.000000,0.000000,1,0.00
6.200000,-0.006,-0.011298,-0.011298,4.321,7.00,-0.009473,0.011292,0.000000,0.000005,0.000,0.008,6.493,-36.184,0.350,2.630665,0.006464,-0.000017,0.000000,0.000000,0.000000,0.000000,0.000000,0.000000,1,0.00
6.202000,-0.006,-0.011224,-0.011224,4.321,7.00,-0.009509,0.011270,0.000002,-0.000048,0.000,0.007,6.494,-36.180,0.350,2.630687,0.006450,-0.000017,0.000000,0.000000,0.000000,0.000000,0.000000,0.000000,1,0.00
6.204000,-0.006,-0.011143,-0.011143,4.321,7.00,-0.009543,0.011245,0.000005,-0.000106,0.000,0.007,6.496,-36.177,0.350,2.630709,0.006436,-0.000017,0.000000,0.000000,0.000000,0.000000,0.000000,0.000000,1,0.00
6.206000,-0.006,-0.011043,-0.011043,4.321,7.00,-0.009575,0.011218,0.000007,-0.000181,0.000,0.007,6.498,-36.173,0.350,2.630732,0.006420,-0.000017,0.000000,0.000000,0.000000,0.000000,0.000000,0.000000,1,0.00
6.208000,-0.006,-0.010931,-0.010931,4.321,7.00,-0.009605,0.011188,0.000009,-0.000266,0.006,0.007,6.500,-36.170,0.350,2.630755,0.006404,-0.000017,0.000000,0.000000,0.000000,0.000000,0.000000,0.000000,1,0.00
6.210000,-0.006,-0.010860,-0.010860,4.321,7.00,-0.009631,0.011157,0.000013,-0.000310,0.006,0.007,6.502,-36.167,0.350,2.630780,0.006385,-0.000017,0.000000,0.000000,0.000000,0.000000,0.000000,0.000000,1,0.00
6.212000,-0.006,-0.010728,-0.010728,4.321,7.00,-0.009656,0.011124,0.000014,-0.000410,0.006,0.007,6.504,-36.163,0.350,2.630804,0.006366,-0.000017,0.000000,0.000000,0.000000,0.000000,0.000000,0.000000,1,0.00
6.214000,-0.006,-0.010677,-0.010677,4.321,7.00,-0.009677,0.011088,0.000017,-0.000428,0.006,0.007,6.506,-36.160,0.350,2.630829,0.006346,-0.000017,0.000000,0.000000,0.000000,0.000000,0.000000,0.000000,1,0.00
6.216000,-0.006,-0.010643,-0.010643,4.321,7.00,-0.009697,0.011050,0.000020,-0.000427,0.006,0.007,6.508,-36.156,0.350,2.630855,0.006324,-0.000017,0.000000,0.000000,0.000000,0.000000,0.000000,0.000000,1,0.00
6.218000,-0.006,-0.010620,-0.010620,4.321,7.00,-0.009716,0.011011,0.000023,-0.000414,0.006,0.007,6.510,-36.153,0.350,2.630880,0.006301,-0.000017,0.000000,0.000000,0.000000,0.000000,0.000000,0.000000,1,0.00
6.220000,-0.005,-0.010469,-0.010469,4.321,7.00,-0.009734,0.010970,0.000024,-0.000525,0.006,0.007,6.512,-36.150,0.350,2.630906,0.006278,-0.000017,0.000000,0.000000,0.000000,0.000000,0.000000,0.000000,1,0.00
6.222000,-0.005,-0.010506,-0.010506,4.321,7.00,-0.009749,0.010926,0.000028,-0.000448,0.006,0.007,6.513,-36.146,0.350,2.630933,0.006253,-0.000017,0.000000,0.000000,0.000000,0.000000,0.000000,0.000000,1,0.00
6.224000,-0.005,-0.010394,-0.010394,4.321,7.00,-0.009764,0.010882,0.000029,-0.000517,0.006,0.007,6.515,-36.143,0.350,2.630960,0.006227,-0.000017,0.000000,0.000000,0.000000,0.000000,0.000000,0.000000,1,0.00
6.226000,-0.005,-0.010327,-0.010327,4.321,7.00,-0.009777,0.010835,0.000032,-0.000540,0.006,0.007,6.517,-36.139,0.350,2.630986,0.006200,-0.000017,0.000000,0.000000,0.000000,0.000000,0.000000,0.000000,1,0.00
6.228000,-0.005,-0.010214,-0.010214,4.321,7.00,-0.009788,0.010786,0.000034,-0.000606,0.005,0.007,6.519,-36.136,0.350,2.631014,0.006172,-0.000017,0.000000,0.000000,0.000000,0.000000,0.000000,0.000000,1,0.00
6.230000,-0.005,-0.010180,-0.010180,4.321,7.00,-0.009796,0.010736,0.000036,-0.000591,0.005,0.007,6.521,-36.133,0.350,2.631042,0.006143,-0.000017,0.000000,0.000000,0.000000,0.000000,0.000000,0.000000,1,0.00
6.232000,-0.005,-0.010058,-0.010058,4.321,7.00,-0.009804,0.010683,0.000038,-0.000663,0.005,0.007,6.523,-36.129,0.350,2.631070,0.006113,-0.000017,0.000000,0.000000,0.000000,0.000000,0.000000,0.000000,1,0.00
6.234000,-0.005,-0.010053,-0.010053,4.321,7.00,-0.009809,0.010629,0.000041,-0.000616,0.005,0.007,6.525,-36.126,0.350,2.631099,0.006082,-0.000017,0.000000,0.000000,0.000000,0.000000,0.000000,0.000000,1,0.00
6.236000,-0.005,-0.009843,-0.009843,4.321,7.00,-0.009814,0.010573,0.000042,-0.000772,0.005,0.007,6.527,-36.122,0.350,2.631127,0.006049,-0.000017,0.000000,0.000000,0.000000,0.000000,0.000000,0.000000,1,0.00
6.238000,-0.005,-0.009802,-0.009802,4.321,7.00,-0.009814,0.010515,0.000044,-0.000757,0.005,0.007,6.529,-36.119,0.350,2.631156,0.006016,-0.000017,0.000000,0.000000,0.000000,0.000000,0.000000,0.000000,1,0.00
6.240000,-0.005,-0.009742,-0.009742,4.321,7.00,-0.009814,0.010455,0.000046,-0.000760,0.005,0.006,6.531,-36.116,0.350,2.631186,0.005982,-0.000017,0.000000,0.000000,0.000000,0.000000,0.000000,0.000000,1,0.00
6.242000,-0.005,-0.009684,-0.009684,4.321,7.00,-0.009813,0.010393,0.000049,-0.000758,0.005,0.006,6.532,-36.112,0.350,2.631216,0.005946,-0.000017,0.000000,0.000000,0.000000,0.000000,0.000000,0.000000,1,0.00
6.244000,-0.005,-0.009517,-0.009517,4.321,7.00,-0.009810,0.010330,0.000050,-0.000863,0.005,0.006,6.534,-36.109,0.350,2.631246,0.005910,-0.000017,0.000000,0.000000,0.000000,0.000000,0.000000,0.000000,1,0.00
6.246000,-0.005,-0.009581,-0.009581,4.321,7.00,-0.009804,0.010265,0.000053,-0.000737,0.005,0.006,6.536,-36.105,0.350,2.631276,0.005873,-0.000017,0.000000,0.000000,0.000000,0.000000,0.000000,0.000000,1,0.00
6.248000,-0.005,-0.009368,-0.009368,4.321,7.00,-0.009800,0.010199,0.000054,-0.000885,0.005,0.006,6.538,-36.102,0.350,2.631307,0.005835,-0.000017,0.000000,0.000000,0.000000,0.000000,0.000000,0.000000,1,0.00
6.250000,-0.005,-0.009297,-0.009297,4.321,7.00,-0.009791,0.010130,0.000057,-0.000890,0.005,0.006,6.540,-36.099,0.350,2.631338,0.005795,-0.000017,0.000000,0.000000,0.000000,0.000000,0.000000,0.000000,1,0.00
6.252000,-0.005,-0.009191,-0.009191,4.321,7.00,-0.009781,0.010060,0.000059,-0.000928,0.005,0.006,6.542,-36.095,0.350,2.631369,0.005755,-0.000017,0.000000,0.000000,0.000000,0.000000,0.000000,0.000000,1,0.00
6.254000,-0.005,-0.009147,-0.009147,4.321,7.00,-0.009769,0.009988,0.000061,-0.000902,0.005,0.006,6.544,-36.092,0.350,2.631401,0.005714,-0.000017,0.000000,0.000000,0.000000,0.000000,0.000000,0.000000,1,0.00
6.256000,-0.005,-0.008984,-0.008984,4.321,7.00,-0.009757,0.009915,0.000062,-0.000993,0.005,0.006,6.546,-36.088,0.350,2.631432,0.005672,-0.000016,0.000000,0.000000,0.000000,0.000000,0.000000,0.000000,1,0.00
6.258000,-0.005,-0.008937,-0.008937,4.321,7.00,-0.009741,0.009839,0.000064,-0.000967,0.005,0.006,6.548,-36.085,0.350,2.631464,0.005628,-0.000016,0.000000,0.000000,0.000000,0.000000,0.000000,0.000000,1,0.00
6.260000,-0.005,-0.008800,-0.008800,4.321,7.00,-0.009725,0.009763,0.000066,-0.001029,0.005,0.006,6.550,-36.082,0.350,2.631497,0.005584,-0.000016,0.000000,0.000000,0.000000,0.000000,0.000000,0.000000,1,0.00
6.262000,-0.005,-0.008613,-0.008613,4.321,7.00,-0.009707,0.009684,0.000067,-0.001138,0.005,0.006,6.551,-36.078,0.350,2.631529,0.005539,-0.000016,0.000000,0.000000,0.000000,0.000000,0.000000,0.000000,1,0.00
6.264000,-0.005,-0.008539,-0.008539,4.321,7.00,-0.009685,0.009604,0.000069,-0.001134,0.005,0.006,6.553,-36.075,0.350,2.631562,0.005493,-0.000016,0.000000,0.000000,0.000000,0.000000,0.000000,0.000000,1,0.00
6.266000,-0.005,-0.008448,-0.008448,4.321,7.00,-0.009662,0.009522,0.000071,-0.001145,0.005,0.006,6.555,-36.072,0.350,2.631596,0.005446,-0.000016,0.000000,0.000000,0.000000,0.000000,0.000000,0.000000,1,0.00
6.268000,-0.005,-0.008398,-0.008398,4.321,7.00,-0.009638,0.009439,0.000073,-0.001113,0.005,0.006,6.557,-36.068,0.350,2.631629,0.005398,-0.000016,0.000000,0.000000,0.000000,0.000000,0.000000,0.000000,1,0.00
6.270000,-0.005,-0.008239,-0.008239,4.321,7.00,-0.009613,0.009354,0.000074,-0.001189,0.005,0.005,6.559,-36.065,0.350,2.631662,0.005350,-0.000016,0.000000,0.000000,0.000000,0.000000,0.000000,0.000000,1,0.00
6.272000,-0.005,-0.008226,-0.008226,4.321,7.00,-0.009585,0.009268,0.000076,-0.001118,0.005,0.005,6.561,-36.061,0.350,2.631696,0.005300,-0.000016,0.000000,0.000000,0.000000,0.000000,0.000000,0.000000,1,0.00
6.274000,-0.005,-0.007872,-0.007872,4.321,7.00,-0.009558,0.009180,0.000077,-0.001385,0.005,0.005,6.563,-36.058,0.350,2.631730,0.005250,-0.000016,0.000000,0.000000,0.000000,0.000000,0.000000,0.000000,1,0.00
6.276000,-0.005,-0.007491,-0.007491,4.321,7.00,-0.009524,0.009090,0.000078,-0.001676,0.005,0.005,6.565,-36.055,0.350,2.631765,0.005198,-0.000016,0.000000,0.000000,0.000000,0.000000,0.000000,0.000000,1,0.00
6.278000,-0.004,-0.007190,-0.007190,4.321,7.00,-0.009484,0.008997,0.000079,-0.001886,0.005,0.005,6.567,-36.051,0.350,2.631801,0.005145,-0.000016,0.000000,0.000000,0.000000,0.000000,0.000000,0.000000,1,0.00
6.280000,-0.004,-0.007345,-0.007345,4.321,7.00,-0.009438,0.008902,0.000089,-0.001646,0.005,0.005,6.569,-36.048,0.350,2.631838,0.005091,-0.000015,0.000000,0.000000,0.000000,0.000000,0.000000,0.000000,1,0.00
6.282000,-0.004,-0.007267,-0.007267,4.321,7.00,-0.009396,0.008806,0.000091,-0.001631,0.005,0.005,6.570,-36.044,0.350,2.631874,0.005036,-0.000015,0.000000,0.000000,0.000000,0.000000,0.000000,0.000000,1,0.00
6.284000,-0.004,-0.007390,-0.007390,4.321,7.00,-0.009353,0.008710,0.000093,-0.001413,0.005,0.005,6.572,-36.041,0.350,2.631910,0.004981,-0.000015,0.000000,0.000000,0.000000,0.000000,0.000000,0.000000,1,0.00
6.286000,-0.004,-0.007486,-0.007486,4.321,7.00,-0.009314,0.008613,0.000094,-0.001221,0.004,0.005,6.574,-36.038,0.350,2.631945,0.004925,-0.000015,0.000000,0.000000,0.000000,0.000000,0.000000,0.000000,1,0.00
6.288000,-0.004,-0.007648,-0.007648,4.321,7.00,-0.009278,0.008516,0.000097,-0.000964,0.004,0.005,6.576,-36.034,0.350,2.631979,0.004870,-0.000015,0.000000,0.000000,0.000000,0.000000,0.000000,0.000000,1,0.00
6.290000,-0.004,-0.007150,-0.007150,4.321,7.00,-0.009245,0.008419,0.000098,-0.001367,0.004,0.005,6.578,-36.031,0.350,2.632013,0.004814,-0.000015,0.000000,0.000000,0.000000,0.000000,0.000000,0.000000,1,0.00
6.292000,-0.004,-0.007027,-0.007027,4.321,7.00,-0.009203,0.008319,0.000099,-0.001391,0.004,0.005,6.580,-36.027,0.350,2.632049,0.004757,-0.000015,0.000000,0.000000,0.000000,0.000000,0.000000,0.000000,1,0.00
6.294000,-0.004,-0.006865,-0.006865,4.321,7.00,-0.009160,0.008217,0.000101,-0.001453,0.004,0.005,6.582,-36.024,0.350,2.632084,0.004698,-0.000014,0.000000,0.000000,0.000000,0.000000,0.000000,0.000000,1,0.00
6.296000,-0.004,-0.006841,-0.006841,4.321,7.00,-0.009114,0.008114,0.000102,-0.001375,0.004,0.005,6.584,-36.021,0.350,2.632120,0.004639,-0.000014,0.000000,0.000000,0.000000,0.000000,0.000000,0.000000,1,0.00
6.298000,-0.004,-0.006597,-0.006597,4.321,7.00,-0.009068,0.008010,0.000104,-0.001517,0.004,0.004,6.586,-36.017,0.350,2.632155,0.004580,-0.000014,0.000000,0.000000,0.000000,0.000000,0.000000,0.000000,1,0.00
6.300000,-0.004,-0.007908,-0.007908,4.321,7.00,-0.009019,0.007904,0.000000,0.000004,0.000,0.005,6.588,-36.014,0.350,2.632192,0.004519,-0.000014,0.000000,0.000000,0.000000,0.000000,0.000000,0.000000,1,0.00
6.302000,-0.004,-0.007388,-0.007388,4.321,7.00,-0.008997,0.007804,0.000001,-0.000418,0.000,0.005,6.589,-36.010,0.350,2.632223,0.004462,-0.000014,0.000000,0.000000,0.000000,0.000000,0.000000,0.000000,1,0.00
6.304000,-0.004,-0.007076,-0.007076,4.321,7.00,-0.008964,0.007701,0.000003,-0.000628,0.000,0.005,6.591,-36.007,0.350,2.632255,0.004403,-0.000014,0.000000,0.000000,0.000000,0.000000,0.000000,0.000000,1,0.00
6.306000,-0.004,-0.006735,-0.006735,4.321,7.00,-0.008927,0.007596,0.000005,-0.000865,0.000,0.004,6.593,-36.004,0.350,2.632289,0.004342,-0.000014,0.000000,0.000000,0.000000,0.000000,0.000000,0.000000,1,0.00
6.308000,-0.004,-0.006340,-0.006340,4.321,7.00,-0.008883,0.007488,0.000006,-0.001154,0.004,0.004,6.595,-36.000,0.350,2.632324,0.004280,-0.000014,0.000000,0.000000,0.000000,0.000000,0.000000,0.000000,1,0.00
6.310000,-0.004,-0.005867,-0.005867,4.321,7.00,-0.008832,0.007377,0.000007,-0.001517,0.004,0.004,6.597,-35.997,0.350,2.632360,0.004217,-0.000013,0.000000,0.000000,0.000000,0.000000,0.000000,0.000000,1,0.00
6.312000,-0.004,-0.005867,-0.005867,4.321,7.00,-0.008773,0.007264,0.000008,-0.001405,0.004,0.004,6.599,-35.994,0.350,2.632397,0.004152,-0.000013,0.000000,0.000000,0.000000,0.000000,0.000000,0.000000,1,0.00
6.314000,-0.004,-0.005304,-0.005304,4.321,7.00,-0.008715,0.007150,0.000009,-0.001855,0.004,0.004,6.601,-35.990,0.350,2.632434,0.004087,-0.000013,0.000000,0.000000,0.000000,0.000000,0.000000,0.000000,1,0.00
6.316000,-0.004,-0.004782,-0.004782,4.321,7.00,-0.008647,0.007033,0.000010,-0.002260,0.004,0.003,6.603,-35.987,0.350,2.632473,0.004020,-0.000013,0.000000,0.000000,0.000000,0.000000,0.000000,0.000000,1,0.00
6.318000,-0.003,-0.004706,-0.004706,4.321,7.00,-0.008569,0.006913,0.000011,-0.002219,0.004,0.003,6.605,-35.983,0.350,2.632513,0.003951,-0.000013,0.000000,0.000000,0.000000,0.000000,0.000000,0.000000,1,0.00
6.320000,-0.003,-0.004634,-0.004634,4.321,7.00,-0.008492,0.006793,0.000013,-0.002172,0.004,0.003,6.607,-35.980,0.350,2.632552,0.003882,-0.000013,0.000000,0.000000,0.000000,0.000000,0.000000,0.000000,1,0.00
6.322000,-0.003,-0.004200,-0.004200,4.321,7.00,-0.008415,0.006672,0.000013,-0.002485,0.004,0.003,6.609,-35.977,0.350,2.632592,0.003813,-0.000013,0.000000,0.000000,0.000000,0.000000,0.000000,0.000000,1,0.00
6.324000,-0.003,-0.004477,-0.004477,4.321,7.00,-0.008331,0.006548,0.000015,-0.002086,0.004,0.003,6.610,-35.973,0.350,2.632632,0.003742,-0.000013,0.000000,0.000000,0.000000,0.000000,0.000000,0.000000,1,0.00
6.326000,-0.003,-0.004711,-0.004711,4.321,7.00,-0.008254,0.006426,0.000016,-0.001731,0.003,0.003,6.612,-35.970,0.350,2.632671,0.003672,-0.000012,0.000000,0.000000,0.000000,0.000000,0.000000,0.000000,1,0.00
6.328000,-0.003,-0.004544,-0.004544,4.321,7.00,-0.008183,0.006305,0.000017,-0.001779,0.003,0.003,6.614,-35.966,0.350,2.632709,0.003603,-0.000012,0.000000,0.000000,0.000000,0.000000,0.000000,0.000000,1,0.00
6.330000,-0.003,-0.004393,-0.004393,4.321,7.00,-0.008110,0.006182,0.000019,-0.001808,0.003,0.003,6.616,-35.963,0.350,2.632746,0.003533,-0.000012,0.000000,0.000000,0.000000,0.000000,0.000000,0.000000,1,0.00
6.332000,-0.003,-0.004672,-0.004672,4.321,7.00,-0.008036,0.006059,0.000020,-0.001407,0.003,0.003,6.618,-35.960,0.350,2.632784,0.003463,-0.000011,0.000000,0.000000,0.000000,0.000000,0.000000,0.000000,1,0.00
6.334000,-0.003,-0.004249,-0.004249,4.321,7.00,-0.007969,0.005937,0.000021,-0.001709,0.003,0.003,6.620,-35.956,0.350,2.632820,0.003393,-0.000011,0.000000,0.000000,0.000000,0.000000,0.000000,0.000000,1,0.00
6.336000,-0.003,-0.004148,-0.004148,4.321,7.00,-0.007894,0.005813,0.000022,-0.001688,0.003,0.003,6.622,-35.953,0.350,2.632857,0.003322,-0.000011,0.000000,0.000000,0.000000,0.000000,0.000000,0.000000,1,0.00
6.338000,-0.003,-0.004060,-0.004060,4.321,7.00,-0.007819,0.005688,0.000024,-0.001652,0.003,0.003,6.624,-35.949,0.350,2.632895,0.003250,-0.000011,0.000000,0.000000,0.000000,0.000000,0.000000,0.000000,1,0.00
6.340000,-0.003,-0.004027,-0.004027,4.321,7.00,-0.007744,0.005563,0.000025,-0.001561,0.003,0.003,6.626,-35.946,0.350,2.632931,0.003179,-0.000010,0.000000,0.000000,0.000000,0.000000,0.000000,0.000000,1,0.00
6.342000,-0.003,-0.003735,-0.003735,4.321,7.00,-0.007670,0.005437,0.000026,-0.001728,0.003,0.002,6.628,-35.943,0.350,2.632968,0.003107,-0.000010,0.000000,0.000000,0.000000,0.000000,0.000000,0.000000,1,0.00
6.344000,-0.003,-0.003947,-0.003947,4.321,7.00,-0.007591,0.005310,0.000027,-0.001390,0.003,0.003,6.629,-35.939,0.350,2.633005,0.003034,-0.000010,0.000000,0.000000,0.000000,0.000000,0.000000,0.000000,1,0.00
6.346000,-0.003,-0.003516,-0.003516,4.321,7.00,-0.007518,0.005184,0.000028,-0.001696,0.003,0.002,6.631,-35.936,0.350,2.633041,0.002962,-0.000010,0.000000,0.000000,0.000000,0.000000,0.000000,0.000000,1,0.00
6.348000,-0.003,-0.003363,-0.003363,4.321,7.00,-0.007438,0.005055,0.000029,-0.001721,0.003,0.002,6.633,-35.932,0.350,2.633078,0.002889,-0.000009,0.000000,0.000000,0.000000,0.000000,0.000000,0.000000,1,0.00
6.350000,-0.002,-0.003177,-0.003177,4.321,7.00,-0.007357,0.004926,0.000030,-0.001779,0.003,0.002,6.635,-35.929,0.350,2.633115,0.002815,-0.000009,0.000000,0.000000,0.000000,0.000000,0.000000,0.000000,1,0.00
6.352000,-0.002,-0.003141,-0.003141,4.321,7.00,-0.007273,0.004796,0.000031,-0.001687,0.003,0.002,6.637,-35.926,0.350,2.633152,0.002741,-0.000009,0.000000,0.000000,0.000000,0.000000,0.000000,0.000000,1,0.00
6.354000,-0.002,-0.002845,-0.002845,4.321,7.00,-0.007191,0.004666,0.000032,-0.001853,0.003,0.002,6.639,-35.922,0.350,2.633189,0.002667,-0.000008,0.000000,0.000000,0.000000,0.000000,0.000000,0.000000,1,0.00
6.356000,-0.002,-0.003031,-0.003031,4.321,7.00,-0.007104,0.004535,0.000033,-0.001537,0.003,0.002,6.641,-35.919,0.350,2.633227,0.002592,-0.000007,0.000000,0.000000,0.000000,0.000000,0.000000,0.000000,1,0.00
6.358000,-0.002,-0.002641,-0.002641,4.321,7.00,-0.007022,0.004405,0.000034,-0.001798,0.002,0.002,6.643,-35.916,0.350,2.633263,0.002517,-0.000007,0.000000,0.000000,0.000000,0.000000,0.000000,0.000000,1,0.00
6.360000,-0.002,-0.002577,-0.002577,4.321,7.00,-0.006935,0.004273,0.000035,-0.001731,0.002,0.002,6.645,-35.912,0.350,2.633300,0.002442,-0.000007,0.000000,0.000000,0.000000,0.000000,0.000000,0.000000,1,0.00
6.362000,-0.002,-0.002482,-0.002482,4.321,7.00,-0.006848,0.004142,0.000036,-0.001696,0.002,0.002,6.647,-35.909,0.350,2.633337,0.002367,-0.000007,0.000000,0.000000,0.000000,0.000000,0.000000,0.000000,1,0.00
6.364000,-0.002,-0.002436,-0.002436,4.321,7.00,-0.006761,0.004010,0.000037,-0.001610,0.002,0.002,6.649,-35.905,0.350,2.633373,0.002291,-0.000007,0.000000,0.000000,0.000000,0.000000,0.000000,0.000000,1,0.00
6.366000,-0.002,-0.002100,-0.002100,4.321,7.00,-0.006674,0.003878,0.000037,-0.001815,0.002,0.001,6.650,-35.902,0.350,2.633410,0.002216,-0.000006,0.000000,0.000000,0.000000,0.000000,0.000000,0.000000,1,0.00
6.368000,-0.002,-0.002288,-0.002288,4.321,7.00,-0.006583,0.003744,0.000038,-0.001494,0.002,0.002,6.652,-35.899,0.350,2.633447,0.002139,-0.000006,0.000000,0.000000,0.000000,0.000000,0.000000,0.000000,1,0.00
6.370000,-0.002,-0.001807,-0.001807,4.321,7.00,-0.006497,0.003611,0.000039,-0.001843,0.002,0.001,6.654,-35.895,0.350,2.633482,0.002063,-0.000006,0.000000,0.000000,0.000000,0.000000,0.000000,0.000000,1,0.00
6.372000,-0.002,-0.001431,-0.001431,4.321,7.00,-0.006403,0.003476,0.000039,-0.002084,0.002,0.001,6.656,-35.892,0.350,2.633520,0.001986,-0.000006,0.000000,0.000000,0.000000,0.000000,0.000000,0.000000,1,0.00
6.374000,-0.002,-0.001248,-0.001248,4.321,7.00,-0.006304,0.003339,0.000040,-0.002131,0.002,0.001,6.658,-35.888,0.350,2.633558,0.001907,-0.000006,0.000000,0.000000,0.000000,0.000000,0.000000,0.000000,1,0.00
6.376000,-0.002,-0.000937,-0.000937,4.321,7.00,-0.006203,0.003201,0.000040,-0.002304,0.002,0.001,6.660,-35.885,0.350,2.633596,0.001829,-0.000006,0.000000,0.000000,0.000000,0.000000,0.000000,0.000000,1,0.00
6.378000,-0.002,-0.000718,-0.000718,4.321,7.00,-0.006097,0.003063,0.000041,-0.002385,0.002,0.000,6.662,-35.882,0.350,2.633635,0.001749,-0.000006,0.000000,0.000000,0.000000,0.000000,0.000000,0.000000,1,0.00
6.380000,-0.001,-0.000899,-0.000899,4.321,7.00,-0.005990,0.002923,0.000042,-0.002066,0.002,0.001,6.664,-35.878,0.350,2.633674,0.001670,-0.000005,0.000000,0.000000,0.000000,0.000000,0.000000,0.000000,1,0.00
6.382000,-0.001,-0.000962,-0.000962,4.321,7.00,-0.005888,0.002785,0.000042,-0.001865,0.002,0.001,6.666,-35.875,0.350,2.633711,0.001591,-0.000005,0.000000,0.000000,0.000000,0.000000,0.000000,0.000000,1,0.00
6.384000,-0.001,-0.000769,-0.000769,4.321,7.00,-0.005790,0.002649,0.000043,-0.001922,0.002,0.001,6.668,-35.871,0.350,2.633748,0.001513,-0.000005,0.000000,0.000000,0.000000,0.000000,0.000000,0.000000,1,0.00
6.386000,-0.001,-0.001037,-0.001037,4.321,7.00,-0.005689,0.002511,0.000044,-0.001518,0.002,0.001,6.669,-35.868,0.350,2.633784,0.001434,-0.000005,0.000000,0.000000,0.000000,0.000000,0.000000,0.000000,1,0.00
6.388000,-0.001,-0.000632,-0.000632,4.321,7.00,-0.005596,0.002376,0.000044,-0.001788,0.001,0.000,6.671,-35.865,0.350,2.633819,0.001357,-0.000005,0.000000,0.000000,0.000000,0.000000,0.000000,0.000000,1,0.00
6.390000,-0.001,-0.000518,-0.000518,4.321,7.00,-0.005497,0.002239,0.000044,-0.001766,0.001,0.000,6.673,-35.861,0.350,2.633854,0.001279,-0.000004,0.000000,0.000000,0.000000,0.000000,0.000000,0.000000,1,0.00
6.392000,-0.001,-0.000315,-0.000315,4.321,7.00,-0.005397,0.002102,0.000045,-0.001831,0.001,0.000,6.675,-35.858,0.350,2.633890,0.001200,-0.000004,0.000000,0.000000,0.000000,0.000000,0.000000,0.000000,1,0.00
6.394000,-0.001,-0.000257,-0.000257,4.321,7.00,-0.005296,0.001964,0.000045,-0.001752,0.001,0.000,6.677,-35.855,0.350,2.633925,0.001122,-0.000004,0.000000,0.000000,0.000000,0.000000,0.000000,0.000000,1,0.00
6.396000,-0.001,0.000061,0.000061,4.321,7.00,-0.005195,0.001828,0.000046,-0.001934,0.001,0.000,6.679,-35.851,0.350,2.633960,0.001044,-0.000004,0.000000,0.000000,0.000000,0.000000,0.000000,0.000000,1,0.00
6.398000,-0.001,-0.000146,-0.000146,4.321,7.00,-0.005090,0.001690,0.000046,-0.001590,0.001,0.000,6.681,-35.848,0.350,2.633995,0.000965,-0.000003,0.000000,0.000000,0.000000,0.000000,0.000000,0.000000,1,0.00
6.400000,-0.001,-0.001556,-0.001556,4.321,7.00,-0.004991,0.001555,0.000000,0.000001,0.000,0.001,6.683,-35.844,0.350,2.634029,0.000888,-0.000003,0.000000,0.000000,0.000000,0.000000,0.000000,0.000000,1,0.00
6.402000,-0.001,-0.001188,-0.001188,4.321,7.00,-0.004922,0.001427,0.000000,-0.000239,0.000,0.001,6.685,-35.841,0.350,2.634057,0.000815,-0.000003,0.000000,0.000000,0.000000,0.000000,0.000000,0.000000,1,0.00
6.404000,-0.001,-0.000673,-0.000673,4.321,7.00,-0.004848,0.001298,0.000001,-0.000625,0.000,0.000,6.687,-35.838,0.350,2.634085,0.000741,-0.000003,0.000000,0.000000,0.000000,0.000000,0.000000,0.000000,1,0.00
6.406000,-0.001,-0.000245,-0.000245,4.321,7.00,-0.004764,0.001167,0.000001,-0.000922,0.000,0.000,6.689,-35.834,0.350,2.634116,0.000666,-0.000002,0.000000,0.000000,0.000000,0.000000,0.000000,0.000000,1,0.00
6.408000,-0.001,0.000234,0.000234,4.321,7.00,-0.004674,0.001034,0.000001,-0.001269,0.001,0.000,6.690,-35.831,0.350,2.634147,0.000590,-0.000002,0.000000,0.000000,0.000000,0.000000,0.000000,0.000000,1,0.00
6.410000,-0.000,0.000610,0.000610,4.321,7.00,-0.004576,0.000899,0.000001,-0.001511,0.001,0.000,6.692,-35.827,0.350,2.634179,0.000513,-0.000002,0.000000,0.000000,0.000000,0.000000,0.000000,0.000000,1,0.00
6.412000,-0.000,0.001095,0.001095,4.321,7.00,-0.004472,0.000763,0.000001,-0.001859,0.001,0.001,6.694,-35.824,0.350,2.634212,0.000436,-0.000002,0.000000,0.000000,0.000000,0.000000,0.000000,0.000000,1,0.00
6.414000,-0.000,0.001098,0.001098,4.321,7.00,-0.004361,0.000626,0.000002,-0.001725,0.001,0.001,6.696,-35.821,0.350,2.634246,0.000357,-0.000001,0.000000,0.000000,0.000000,0.000000,0.000000,0.000000,1,0.00
6.416000,-0.000,0.001315,0.001315,4.321,7.00,-0.004252,0.000489,0.000002,-0.001805,0.001,0.001,6.698,-35.817,0.350,2.634279,0.000279,-0.000001,0.000000,0.000000,0.000000,0.000000,0.000000,0.000000,1,0.00
6.418000,-0.000,0.001408,0.001408,4.321,7.00,-0.004141,0.000353,0.000002,-0.001762,0.000,0.001,6.700,-35.814,0.350,2.634313,0.000201,-0.000001,0.000000,0.000000,0.000000,0.000000,0.000000,0.000000,1,0.00
6.420000,-0.000,0.001719,0.001719,4.321,7.00,-0.004030,0.000216,0.000002,-0.001937,0.000,0.001,6.702,-35.810,0.350,2.634346,0.000124,-0.000000,0.000000,0.000000,0.000000,0.000000,0.000000,0.000000,1,0.00
6.422000,-0.000,0.001481,0.001481,4.321,7.00,-0.003915,0.000080,0.000002,-0.001562,0.000,0.001,6.704,-35.807,0.350,2.634379,0.000045,-0.000000,0.000000,0.000000,0.000000,0.000000,0.000000,0.000000,1,0.00
6.424000,0.000,0.001888,0.001888,4.321,7.00,-0.003807,-0.000055,0.000002,-0.001835,0.000,0.001,6.706,-35.804,0.350,2.634411,-0.000031,0.000000,0.000000,0.000000,0.000000,0.000000,0.000000,0.000000,1,0.00
6.426000,0.000,0.001910,0.001910,4.321,7.00,-0.003693,-0.000191,0.000002,-0.001721,0.000,0.001,6.708,-35.800,0.350,2.634444,-0.000109,0.000000,0.000000,0.000000,0.000000,0.000000,0.000000,0.000000,1,0.00
6.428000,0.000,0.002128,0.002128,4.321,7.00,-0.003581,-0.000325,0.000002,-0.001804,0.000,0.001,6.709,-35.797,0.350,2.634476,-0.000186,0.000001,0.000000,0.000000,0.000000,0.000000,0.000000,0.000000,1,0.00
6.430000,0.000,0.002183,0.002183,4.321,7.00,-0.003467,-0.000460,0.000002,-0.001725,0.000,0.001,6.711,-35.793,0.350,2.634507,-0.000263,0.000001,0.000000,0.000000,0.000000,0.000000,0.000000,0.000000,1,0.00
6.432000,0.000,0.002525,0.002525,4.321,7.00,-0.003354,-0.000594,0.000001,-0.001932,-0.000,0.002,6.713,-35.790,0.350,2.634539,-0.000339,0.000001,0.000000,0.000000,0.000000,0.000000,0.000000,0.000000,1,0.00
6.434000,0.000,0.002478,0.002478,4.321,7.00,-0.003236,-0.000728,0.000001,-0.001751,-0.000,0.002,6.715,-35.787,0.350,2.634571,-0.000416,0.000001,0.000000,0.000000,0.000000,0.000000,0.000000,0.000000,1,0.00
6.436000,0.000,0.002760,0.002760,4.321,7.00,-0.003122,-0.000861,0.000001,-0.001900,-0.000,0.002,6.717,-35.783,0.350,2.634602,-0.000492,0.000001,0.000000,0.000000,0.000000,0.000000,0.000000,0.000000,1,0.00
6.438000,0.000,0.002787,0.002787,4.321,7.00,-0.003004,-0.000995,0.000001,-0.001793,-0.000,0.002,6.719,-35.780,0.350,2.634633,-0.000568,0.000002,0.000000,0.000000,0.000000,0.000000,0.000000,0.000000,1,0.00
6.440000,0.001,0.002840,0.002840,4.321,7.00,-0.002889,-0.001127,0.000001,-0.001713,-0.000,0.002,6.721,-35.777,0.350,2.634663,-0.000644,0.000002,0.000000,0.000000,0.000000,0.000000,0.000000,0.000000,1,0.00
6.442000,0.001,0.002789,0.002789,4.321,7.00,-0.002774,-0.001258,0.000000,-0.001531,-0.000,0.002,6.723,-35.773,0.350,2.634693,-0.000719,0.000002,0.000000,0.000000,0.000000,0.000000,0.000000,0.000000,1,0.00
6.444000,0.001,0.003033,0.003033,4.321,7.00,-0.002663,-0.001388,0.000000,-0.001644,-0.000,0.002,6.725,-35.770,0.350,2.634722,-0.000793,0.000002,0.000000,0.000000,0.000000,0.000000,0.000000,0.000000,1,0.00
6.446000,0.001,0.002984,0.002984,4.321,7.00,-0.002549,-0.001518,-0.000000,-0.001466,-0.000,0.002,6.727,-35.766,0.350,2.634751,-0.000867,0.000002,0.000000,0.000000,0.000000,0.000000,0.000000,0.000000,1,0.00
6.448000,0.001,0.003347,0.003347,4.321,7.00,-0.002438,-0.001647,-0.000000,-0.001700,-0.001,0.002,6.729,-35.763,0.350,2.634779,-0.000940,0.000003,0.000000,0.000000,0.000000,0.000000,0.000000,0.000000,1,0.00
6.450000,0.001,0.003456,0.003456,4.321,7.00,-0.002323,-0.001776,-0.000001,-0.001679,-0.001,0.002,6.730,-35.760,0.350,2.634808,-0.001014,0.000003,0.000000,0.000000,0.000000,0.000000,0.000000,0.000000,1,0.00
6.452000,0.001,0.003715,0.003715,4.321,7.00,-0.002207,-0.001904,-0.000001,-0.001810,-0.001,0.002,6.732,-35.756,0.350,2.634836,-0.001087,0.000003,0.000000,0.000000,0.000000,0.000000,0.000000,0.000000,1,0.00
6.454000,0.001,0.003659,0.003659,4.321,7.00,-0.002089,-0.002032,-0.000002,-0.001624,-0.001,0.002,6.734,-35.753,0.350,2.634865,-0.001161,0.000003,0.000000,0.000000,0.000000,0.000000,0.000000,0.000000,1,0.00
6.456000,0.001,0.003884,0.003884,4.321,7.00,-0.001974,-0.002159,-0.000002,-0.001723,-0.001,0.003,6.736,-35.749,0.350,2.634892,-0.001233,0.000003,0.000000,0.000000,0.000000,0.000000,0.000000,0.000000,1,0.00
6.458000,0.001,0.003838,0.003838,4.321,7.00,-0.001857,-0.002286,-0.000003,-0.001550,-0.001,0.003,6.738,-35.746,0.350,2.634920,-0.001305,0.000003,0.000000,0.000000,0.000000,0.000000,0.000000,0.000000,1,0.00
6.460000,0.001,0.004273,0.004273,4.321,7.00,-0.001743,-0.002411,-0.000003,-0.001860,-0.001,0.003,6.740,-35.743,0.350,2.634946,-0.001376,0.000004,0.000000,0.000000,0.000000,0.000000,0.000000,0.000000,1,0.00
6.462000,0.001,0.004540,0.004540,4.321,7.00,-0.001623,-0.002536,-0.000003,-0.002000,-0.001,0.003,6.742,-35.739,0.350,2.634974,-0.001448,0.000004,0.000000,0.000000,0.000000,0.000000,0.000000,0.000000,1,0.00
6.464000,0.001,0.004614,0.004614,4.321,7.00,-0.001499,-0.002662,-0.000004,-0.001948,-0.001,0.003,6.744,-35.736,0.350,2.635001,-0.001520,0.000004,0.000000,0.000000,0.000000,0.000000,0.000000,0.000000,1,0.00
6.466000,0.001,0.004725,0.004725,4.321,7.00,-0.001377,-0.002787,-0.000005,-0.001934,-0.001,0.003,6.746,-35.732,0.350,2.635029,-0.001591,0.000004,0.000000,0.000000,0.000000,0.000000,0.000000,0.000000,1,0.00
6.468000,0.001,0.004784,0.004784,4.321,7.00,-0.001255,-0.002910,-0.000005,-0.001869,-0.001,0.003,6.748,-35.729,0.350,2.635055,-0.001662,0.000004,0.000000,0.000000,0.000000,0.000000,0.000000,0.000000,1,0.00
6.470000,0.002,0.004738,0.004738,4.321,7.00,-0.001134,-0.003033,-0.000006,-0.001699,-0.001,0.003,6.749,-35.726,0.350,2.635081,-0.001732,0.000004,0.000000,0.000000,0.000000,0.000000,0.000000,0.000000,1,0.00
6.472000,0.002,0.004561,0.004561,4.321,7.00,-0.001017,-0.003153,-0.000007,-0.001401,-0.001,0.003,6.751,-35.722,0.350,2.635106,-0.001800,0.000005,0.000000,0.000000,0.000000,0.000000,0.000000,0.000000,1,0.00
6.474000,0.002,0.004959,0.004959,4.321,7.00,-0.000906,-0.003271,-0.000007,-0.001680,-0.001,0.003,6.753,-35.719,0.350,2.635130,-0.001868,0.000005,0.000000,0.000000,0.000000,0.000000,0.000000,0.000000,1,0.00
6.476000,0.002,0.004995,0.004995,4.321,7.00,-0.000788,-0.003390,-0.000008,-0.001597,-0.001,0.003,6.755,-35.716,0.350,2.635154,-0.001936,0.000005,0.000000,0.000000,0.000000,0.000000,0.000000,0.000000,1,0.00
6.478000,0.002,0.005144,0.005144,4.321,7.00,-0.000673,-0.003508,-0.000008,-0.001628,-0.002,0.003,6.757,-35.712,0.350,2.635178,-0.002003,0.000005,0.000000,0.000000,0.000000,0.000000,0.000000,0.000000,1,0.00
6.480000,0.002,0.005155,0.005155,4.321,7.00,-0.000556,-0.003624,-0.000009,-0.001522,-0.002,0.003,6.759,-35.709,0.350,2.635201,-0.002069,0.000005,0.000000,0.000000,0.000000,0.000000,0.000000,0.000000,1,0.00
6.482000,0.002,0.005442,0.005442,4.321,7.00,-0.000442,-0.003739,-0.000010,-0.001693,-0.002,0.004,6.761,-35.705,0.350,2.635224,-0.002135,0.000005,0.000000,0.000000,0.000000,0.000000,0.000000,0.000000,1,0.00
6.484000,0.002,0.005270,0.005270,4.321,7.00,-0.000324,-0.003854,-0.000011,-0.001405,-0.002,0.004,6.763,-35.702,0.350,2.635247,-0.002201,0.000005,0.000000,0.000000,0.000000,0.000000,0.000000,0.000000,1,0.00
6.486000,0.002,0.005649,0.005649,4.321,7.00,-0.000213,-0.003967,-0.000011,-0.001670,-0.002,0.004,6.765,-35.699,0.350,2.635269,-0.002265,0.000005,0.000000,0.000000,0.000000,0.000000,0.000000,0.000000,1,0.00
6.488000,0.002,0.005666,0.005666,4.321,7.00,-0.000095,-0.004080,-0.000012,-0.001574,-0.002,0.004,6.767,-35.695,0.350,2.635291,-0.002330,0.000005,0.000000,0.000000,0.000000,0.000000,0.000000,0.000000,1,0.00
6.490000,0.002,0.005866,0.005866,4.321,7.00,0.000020,-0.004191,-0.000013,-0.001661,-0.002,0.004,6.768,-35.692,0.350,2.635312,-0.002393,0.000006,0.000000,0.000000,0.000000,0.000000,0.000000,0.000000,1,0.00
6.492000,0.002,0.005826,0.005826,4.321,7.00,0.000137,-0.004302,-0.000014,-0.001509,-0.002,0.004,6.770,-35.688,0.350,2.635334,-0.002457,0.000006,0.000000,0.000000,0.000000,0.000000,0.000000,0.000000,1,0.00
6.494000,0.002,0.006084,0.006084,4.321,7.00,0.000250,-0.004411,-0.000015,-0.001658,-0.002,0.004,6.772,-35.685,0.350,2.635354,-0.002519,0.000006,0.000000,0.000000,0.000000,0.000000,0.000000,0.000000,1,0.00
6.496000,0.002,0.005887,0.005887,4.321,7.00,0.000367,-0.004520,-0.000016,-0.001351,-0.002,0.004,6.774,-35.682,0.350,2.635375,-0.002581,0.000006,0.000000,0.000000,0.000000,0.000000,0.000000,0.000000,1,0.00
6.498000,0.002,0.006250,0.006250,4.321,7.00,0.000477,-0.004626,-0.000017,-0.001607,-0.002,0.004,6.776,-35.678,0.350,2.635394,-0.002641,0.000006,0.000000,0.000000,0.000000,0.000000,0.000000,0.000000,1,0.00
6.500000,0.002,0.004734,0.004734,4.321,7.00,0.000593,-0.004732,0.000000,-0.000002,0.000,0.003,6.778,-35.675,0.350,2.635414,-0.002702,0.000006,0.000000,0.000000,0.000000,0.000000,0.000000,0.000000,1,0.00
6.502000,0.002,0.005079,0.005079,4.321,7.00,0.000676,-0.004828,-0.000001,-0.000250,0.000,0.003,6.780,-35.671,0.350,2.635427,-0.002757,0.000006,0.000000,0.000000,0.000000,0.000000,0.000000,0.000000,1,0.00
6.504000,0.002,0.005676,0.005676,4.321,7.00,0.000764,-0.004925,-0.000001,-0.000749,0.000,0.004,6.782,-35.668,0.350,2.635442,-0.002813,0.000006,0.000000,0.000000,0.000000,0.000000,0.000000,0.000000,1,0.00
6.506000,0.003,0.005984,0.005984,4.321,7.00,0.000862,-0.005024,-0.000003,-0.000957,0.000,0.004,6.784,-35.665,0.350,2.635458,-0.002869,0.000006,0.000000,0.000000,0.000000,0.000000,0.000000,0.000000,1,0.00
6.508000,0.003,0.006340,0.006340,4.321,7.00,0.000964,-0.005123,-0.000004,-0.001213,-0.002,0.004,6.786,-35.661,0.350,2.635474,-0.002925,0.000006,0.000000,0.000000,0.000000,0.000000,0.000000,0.000000,1,0.00
6.510000,0.003,0.006654,0.006654,4.321,7.00,0.001072,-0.005221,-0.000005,-0.001428,-0.002,0.004,6.787,-35.658,0.350,2.635490,-0.002982,0.000006,0.000000,0.000000,0.000000,0.000000,0.000000,0.000000,1,0.00
6.512000,0.003,0.006630,0.006630,4.321,7.00,0.001183,-0.005320,-0.000007,-0.001303,-0.002,0.004,6.789,-35.654,0.350,2.635508,-0.003038,0.000006,0.000000,0.000000,0.000000,0.000000,0.000000,0.000000,1,0.00
6.514000,0.003,0.006660,0.006660,4.321,7.00,0.001292,-0.005417,-0.000008,-0.001235,-0.003,0.004,6.791,-35.651,0.350,2.635524,-0.003093,0.000006,0.000000,0.000000,0.000000,0.000000,0.000000,0.000000,1,0.00
6.516000,0.003,0.006713,0.006713,4.321,7.00,0.001400,-0.005512,-0.000009,-0.001191,-0.003,0.004,6.793,-35.648,0.350,2.635540,-0.003148,0.000006,0.000000,0.000000,0.000000,0.000000,0.000000,0.000000,1,0.00
6.518000,0.003,0.006791,0.006791,4.321,7.00,0.001506,-0.005606,-0.000010,-0.001175,-0.003,0.005,6.795,-35.644,0.350,2.635556,-0.003201,0.000006,0.000000,0.000000,0.000000,0.000000,0.000000,0.000000,1,0.00
6.520000,0.003,0.007034,0.007034,4.321,7.00,0.001611,-0.005698,-0.000011,-0.001325,-0.003,0.005,6.797,-35.641,0.350,2.635570,-0.003254,0.000006,0.000000,0.000000,0.000000,0.000000,0.000000,0.000000,1,0.00
6.522000,0.003,0.007362,0.007362,4.321,7.00,0.001720,-0.005790,-0.000012,-0.001560,-0.003,0.005,6.799,-35.637,0.350,2.635585,-0.003306,0.000006,0.000000,0.000000,0.000000,0.000000,0.000000,0.000000,1,0.00
6.524000,0.003,0.007222,0.007222,4.321,7.00,0.001833,-0.005882,-0.000013,-0.001327,-0.003,0.005,6.801,-35.634,0.350,2.635601,-0.003359,0.000006,0.000000,0.000000,0.000000,0.000000,0.000000,0.000000,1,0.00
6.526000,0.003,0.007404,0.007404,4.321,7.00,0.001940,-0.005971,-0.000014,-0.001418,-0.003,0.005,6.803,-35.631,0.350,2.635615,-0.003410,0.000006,0.000000,0.000000,0.000000,0.000000,0.000000,0.000000,1,0.00
6.528000,0.003,0.007461,0.007461,4.321,7.00,0.002050,-0.006060,-0.000015,-0.001386,-0.003,0.005,6.805,-35.627,0.350,2.635629,-0.003460,0.000006,0.000000,0.000000,0.000000,0.000000,0.000000,0.000000,1,0.00
6.530000,0.003,0.007385,0.007385,4.321,7.00,0.002158,-0.006147,-0.000017,-0.001222,-0.003,0.005,6.806,-35.624,0.350,2.635643,-0.003510,0.000006,0.000000,0.000000,0.000000,0.000000,0.000000,0.000000,1,0.00
6.532000,0.003,0.007348,0.007348,4.321,7.00,0.002262,-0.006231,-0.000018,-0.001099,-0.003,0.005,6.808,-35.621,0.350,2.635656,-0.003558,0.000006,0.000000,0.000000,0.000000,0.000000,0.000000,0.000000,1,0.00
6.534000,0.003,0.007408,0.007408,4.321,7.00,0.002364,-0.006314,-0.000019,-0.001074,-0.003,0.005,6.810,-35.617,0.350,2.635668,-0.003606,0.000006,0.000000,0.000000,0.000000,0.000000,0.000000,0.000000,1,0.00
6.536000,0.003,0.007463,0.007463,4.321,7.00,0.002465,-0.006395,-0.000020,-0.001048,-0.003,0.005,6.812,-35.614,0.350,2.635679,-0.003652,0.000006,0.000000,0.000000,0.000000,0.000000,0.000000,0.000000,1,0.00
6.538000,0.003,0.007478,0.007478,4.321,7.00,0.002565,-0.006475,-0.000022,-0.000981,-0.003,0.005,6.814,-35.610,0.350,2.635690,-0.003698,0.000006,0.000000,0.000000,0.000000,0.000000,0.000000,0.000000,1,0.00
6.540000,0.003,0.007675,0.007675,4.321,7.00,0.002663,-0.006553,-0.000023,-0.001099,-0.003,0.005,6.816,-35.607,0.350,2.635700,-0.003742,0.000006,0.000000,0.000000,0.000000,0.000000,0.000000,0.000000,1,0.00
6.542000,0.003,0.007665,0.007665,4.321,7.00,0.002763,-0.006630,-0.000025,-0.001010,-0.003,0.005,6.818,-35.604,0.350,2.635711,-0.003786,0.000006,0.000000,0.000000,0.000000,0.000000,0.000000,0.000000,1,0.00
6.544000,0.003,0.007768,0.007768,4.321,7.00,0.002861,-0.006705,-0.000026,-0.001037,-0.003,0.005,6.820,-35.600,0.350,2.635720,-0.003829,0.000006,0.000000,0.000000,0.000000,0.000000,0.000000,0.000000,1,0.00
6.546000,0.003,0.007786,0.007786,4.321,7.00,0.002959,-0.006779,-0.000028,-0.000979,-0.003,0.005,6.822,-35.597,0.350,2.635730,-0.003872,0.000006,0.000000,0.000000,0.000000,0.000000,0.000000,0.000000,1,0.00
6.548000,0.003,0.007951,0.007951,4.321,7.00,0.003056,-0.006851,-0.000029,-0.001070,-0.003,0.005,6.824,-35.593,0.350,2.635738,-0.003913,0.000006,0.000000,0.000000,0.000000,0.000000,0.000000,0.000000,1,0.00
6.550000,0.003,0.007824,0.007824,4.321,7.00,0.003154,-0.006923,-0.000031,-0.000870,-0.003,0.005,6.825,-35.590,0.350,2.635747,-0.003954,0.000006,0.000000,0.000000,0.000000,0.000000,0.000000,0.000000,1,0.00
6.552000,0.003,0.008000,0.008000,4.321,7.00,0.003247,-0.006992,-0.000032,-0.000976,-0.003,0.005,6.827,-35.587,0.350,2.635755,-0.003993,0.000006,0.000000,0.000000,0.000000,0.000000,0.000000,0.000000,1,0.00
6.554000,0.004,0.008009,0.008009,4.321,7.00,0.003342,-0.007060,-0.000033,-0.000916,-0.003,0.005,6.829,-35.583,0.350,2.635762,-0.004032,0.000006,0.000000,0.000000,0.000000,0.000000,0.000000,0.000000,1,0.00
6.556000,0.004,0.008099,0.008099,4.321,7.00,0.003436,-0.007126,-0.000035,-0.000938,-0.003,0.005,6.831,-35.580,0.350,2.635769,-0.004070,0.000006,0.000000,0.000000,0.000000,0.000000,0.000000,0.000000,1,0.00
6.558000,0.004,0.008099,0.008099,4.321,7.00,0.003529,-0.007191,-0.000036,-0.000872,-0.003,0.005,6.833,-35.576,0.350,2.635776,-0.004107,0.000006,0.000000,0.000000,0.000000,0.000000,0.000000,0.000000,1,0.00
6.560000,0.004,0.008240,0.008240,4.321,7.00,0.003620,-0.007254,-0.000037,-0.000949,-0.003,0.005,6.835,-35.573,0.350,2.635782,-0.004143,0.000006,0.000000,0.000000,0.000000,0.000000,0.000000,0.000000,1,0.00
6.562000,0.004,0.008169,0.008169,4.321,7.00,0.003712,-0.007316,-0.000039,-0.000814,-0.004,0.005,6.837,-35.570,0.350,2.635788,-0.004178,0.000006,0.000000,0.000000,0.000000,0.000000,0.000000,0.000000,1,0.00
6.564000,0.004,0.008370,0.008370,4.321,7.00,0.003802,-0.007375,-0.000040,-0.000954,-0.004,0.006,6.839,-35.566,0.350,2.635793,-0.004212,0.000006,0.000000,0.000000,0.000000,0.000000,0.000000,0.000000,1,0.00
6.566000,0.004,0.008373,0.008373,4.321,7.00,0.003893,-0.007434,-0.000041,-0.000898,-0.004,0.006,6.841,-35.563,0.350,2.635799,-0.004246,0.000005,0.000000,0.000000,0.000000,0.000000,0.000000,0.000000,1,0.00
6.568000,0.004,0.008387,0.008387,4.321,7.00,0.003983,-0.007491,-0.000043,-0.000852,-0.004,0.006,6.842,-35.559,0.350,2.635803,-0.004279,0.000005,0.000000,0.000000,0.000000,0.000000,0.000000,0.000000,1,0.00
6.570000,0.004,0.008392,0.008392,4.321,7.00,0.004071,-0.007547,-0.000045,-0.000800,-0.004,0.006,6.844,-35.556,0.350,2.635808,-0.004311,0.000005,0.000000,0.000000,0.000000,0.000000,0.000000,0.000000,1,0.00
6.572000,0.004,0.008489,0.008489,4.321,7.00,0.004157,-0.007600,-0.000046,-0.000843,-0.004,0.006,6.846,-35.553,0.350,2.635811,-0.004341,0.000005,0.000000,0.000000,0.000000,0.000000,0.000000,0.000000,1,0.00
6.574000,0.004,0.008355,0.008355,4.321,7.00,0.004244,-0.007653,-0.000048,-0.000654,-0.004,0.006,6.848,-35.549,0.350,2.635815,-0.004371,0.000005,0.000000,0.000000,0.000000,0.000000,0.000000,0.000000,1,0.00
6.576000,0.004,0.008465,0.008465,4.321,7.00,0.004326,-0.007702,-0.000049,-0.000714,-0.004,0.006,6.850,-35.546,0.350,2.635817,-0.004400,0.000005,0.000000,0.000000,0.000000,0.000000,0.000000,0.000000,1,0.00
6.578000,0.004,0.008578,0.008578,4.321,7.00,0.004409,-0.007751,-0.000050,-0.000777,-0.004,0.006,6.852,-35.542,0.350,2.635819,-0.004427,0.000005,0.000000,0.000000,0.000000,0.000000,0.000000,0.000000,1,0.00
6.580000,0.004,0.008564,0.008564,4.321,7.00,0.004492,-0.007798,-0.000052,-0.000713,-0.004,0.006,6.854,-35.539,0.350,2.635821,-0.004454,0.000005,0.000000,0.000000,0.000000,0.000000,0.000000,0.000000,1,0.00
6.582000,0.004,0.008626,0.008626,4.321,7.00,0.004573,-0.007844,-0.000053,-0.000729,-0.004,0.006,6.856,-35.536,0.350,2.635823,-0.004481,0.000005,0.000000,0.000000,0.000000,0.000000,0.000000,0.000000,1,0.00
6.584000,0.004,0.008665,0.008665,4.321,7.00,0.004654,-0.007888,-0.000055,-0.000722,-0.004,0.006,6.858,-35.532,0.350,2.635824,-0.004506,0.000005,0.000000,0.000000,0.000000,0.000000,0.000000,0.000000,1,0.00
6.586000,0.004,0.008626,0.008626,4.321,7.00,0.004735,-0.007930,-0.000057,-0.000639,-0.004,0.006,6.860,-35.529,0.350,2.635824,-0.004530,0.000005,0.000000,0.000000,0.000000,0.000000,0.000000,0.000000,1,0.00
6.588000,0.004,0.008545,0.008545,4.321,7.00,0.004812,-0.007970,-0.000060,-0.000515,-0.004,0.006,6.861,-35.525,0.350,2.635824,-0.004553,0.000004,0.000000,0.000000,0.000000,0.000000,0.000000,0.000000,1,0.00
6.590000,0.004,0.008575,0.008575,4.321,7.00,0.004887,-0.008009,-0.000062,-0.000505,-0.004,0.006,6.863,-35.522,0.350,2.635824,-0.004575,0.000004,0.000000,0.000000,0.000000,0.000000,0.000000,0.000000,1,0.00
6.592000,0.004,0.008591,0.008591,4.321,7.00,0.004961,-0.008045,-0.000063,-0.000483,-0.004,0.006,6.865,-35.519,0.350,2.635823,-0.004596,0.000004,0.000000,0.000000,0.000000,0.000000,0.000000,0.000000,1,0.00
6.594000,0.004,0.008614,0.008614,4.321,7.00,0.005033,-0.008080,-0.000065,-0.000469,-0.004,0.006,6.867,-35.515,0.350,2.635821,-0.004616,0.000004,0.000000,0.000000,0.000000,0.000000,0.000000,0.000000,1,0.00
6.596000,0.004,0.008621,0.008621,4.321,7.00,0.005105,-0.008114,-0.000066,-0.000441,-0.004,0.006,6.869,-35.512,0.350,2.635819,-0.004635,0.000004,0.000000,0.000000,0.000000,0.000000,0.000000,0.000000,1,0.00
6.598000,0.004,0.008735,0.008735,4.321,7.00,0.005175,-0.008145,-0.000067,-0.000523,-0.004,0.006,6.871,-35.508,0.350,2.635817,-0.004653,0.000004,0.000000,0.000000,0.000000,0.000000,0.000000,0.000000,1,0.00
6.600000,0.004,0.008179,0.008179,4.321,7.00,0.005246,-0.008176,0.000000,-0.000004,0.000,0.005,6.873,-35.505,0.350,2.635814,-0.004671,0.000004,0.000000,0.000000,0.000000,0.000000,0.000000,0.000000,1,0.00
6.602000,0.004,0.008278,0.008278,4.321,7.00,0.005305,-0.008202,-0.000002,-0.000075,0.000,0.006,6.875,-35.502,0.350,2.635809,-0.004686,0.000004,0.000000,0.000000,0.000000,0.000000,0.000000,0.000000,1,0.00
6.604000,0.004,0.008361,0.008361,4.321,7.00,0.005364,-0.008227,-0.000003,-0.000131,0.000,0.006,6.877,-35.498,0.350,2.635804,-0.004700,0.000003,0.000000,0.000000,0.000000,0.000000,0.000000,0.000000,1,0.00
6.606000,0.004,0.008472,0.008472,4.321,7.00,0.005424,-0.008250,-0.000004,-0.000217,0.000,0.006,6.878,-35.495,0.350,2.635799,-0.004714,0.000003,0.000000,0.000000,0.000000,0.000000,0.000000,0.000000,1,0.00
6.608000,0.004,0.008552,0.008552,4.321,7.00,0.005485,-0.008273,-0.000006,-0.000273,-0.004,0.006,6.880,-35.491,0.350,2.635794,-0.004727,0.000003,0.000000,0.000000,0.000000,0.000000,0.000000,0.000000,1,0.00
6.610000,0.004,0.008689,0.008689,4.321,7.00,0.005547,-0.008294,-0.000007,-0.000388,-0.004,0.006,6.882,-35.488,0.350,2.635789,-0.004739,0.000003,0.000000,0.000000,0.000000,0.000000,0.000000,0.000000,1,0.00
6.612000,0.004,0.008757,0.008757,4.321,7.00,0.005609,-0.008315,-0.000008,-0.000435,-0.004,0.006,6.884,-35.485,0.350,2.635783,-0.004751,0.000003,0.000000,0.000000,0.000000,0.000000,0.000000,0.000000,1,0.00
6.614000,0.004,0.008832,0.008832,4.321,7.00,0.005672,-0.008334,-0.000008,-0.000490,-0.004,0.006,6.886,-35.481,0.350,2.635778,-0.004762,0.000003,0.000000,0.000000,0.000000,0.000000,0.000000,0.000000,1,0.00
6.616000,0.004,0.008831,0.008831,4.321,7.00,0.005736,-0.008351,-0.000009,-0.000470,-0.004,0.006,6.888,-35.478,0.350,2.635773,-0.004772,0.000003,0.000000,0.000000,0.000000,0.000000,0.000000,0.000000,1,0.00
6.618000,0.004,0.008845,0.008845,4.321,7.00,0.005797,-0.008368,-0.000011,-0.000466,-0.004,0.006,6.890,-35.474,0.350,2.635767,-0.004781,0.000003,0.000000,0.000000,0.000000,0.000000,0.000000,0.000000,1,0.00
6.620000,0.004,0.008780,0.008780,4.321,7.00,0.005858,-0.008382,-0.000012,-0.000385,-0.004,0.006,6.892,-35.471,0.350,2.635761,-0.004790,0.000003,0.000000,0.000000,0.000000,0.000000,0.000000,0.000000,1,0.00
6.622000,0.004,0.008725,0.008725,4.321,7.00,0.005917,-0.008395,-0.000013,-0.000317,-0.004,0.006,6.894,-35.468,0.350,2.635754,-0.004797,0.000002,0.000000,0.000000,0.000000,0.000000,0.000000,0.000000,1,0.00
6.624000,0.004,0.008668,0.008668,4.321,7.00,0.005973,-0.008406,-0.000014,-0.000248,-0.004,0.006,6.895,-35.464,0.350,2.635746,-0.004803,0.000002,0.000000,0.000000,0.000000,0.000000,0.000000,0.000000,1,0.00
6.626000,0.004,0.008628,0.008628,4.321,7.00,0.006027,-0.008414,-0.000017,-0.000197,-0.004,0.006,6.897,-35.461,0.350,2.635738,-0.004808,0.000002,0.000000,0.000000,0.000000,0.000000,0.000000,0.000000,1,0.00
6.628000,0.004,0.008615,0.008615,4.321,7.00,0.006079,-0.008421,-0.000018,-0.000175,-0.004,0.006,6.899,-35.457,0.350,2.635730,-0.004812,0.000002,0.000000,0.000000,0.000000,0.000000,0.000000,0.000000,1,0.00
6.630000,0.004,0.008596,0.008596,4.321,7.00,0.006130,-0.008427,-0.000020,-0.000149,-0.004,0.006,6.901,-35.454,0.350,2.635721,-0.004816,0.000002,0.000000,0.000000,0.000000,0.000000,0.000000,0.000000,1,0.00
6.632000,0.004,0.008562,0.008562,4.321,7.00,0.006179,-0.008431,-0.000021,-0.000110,-0.004,0.006,6.903,-35.451,0.350,2.635711,-0.004818,0.000002,0.000000,0.000000,0.000000,0.000000,0.000000,0.000000,1,0.00
6.634000,0.004,0.008529,0.008529,4.321,7.00,0.006226,-0.008433,-0.000023,-0.000073,-0.004,0.006,6.905,-35.447,0.350,2.635702,-0.004819,0.000002,0.000000,0.000000,0.000000,0.000000,0.000000,0.000000,1,0.00
6.636000,0.004,0.008517,0.008517,4.321,7.00,0.006272,-0.008433,-0.000024,-0.000059,-0.004,0.006,6.907,-35.444,0.350,2.635691,-0.004820,0.000002,0.000000,0.000000,0.000000,0.000000,0.000000,0.000000,1,0.00
6.638000,0.004,0.008485,0.008485,4.321,7.00,0.006317,-0.008432,-0.000027,-0.000026,-0.004,0.006,6.909,-35.440,0.350,2.635681,-0.004819,0.000001,0.000000,0.000000,0.000000,0.000000,0.000000,0.000000,1,0.00
6.640000,0.004,0.008461,0.008461,4.321,7.00,0.006361,-0.008429,-0.000028,-0.000004,-0.004,0.006,6.911,-35.437,0.350,2.635670,-0.004818,0.000001,0.000000,0.000000,0.000000,0.000000,0.000000,0.000000,1,0.00
6.642000,0.004,0.008438,0.008438,4.321,7.00,0.006403,-0.008425,-0.000030,0.000017,-0.004,0.006,6.912,-35.434,0.350,2.635659,-0.004815,0.000001,0.000000,0.000000,0.000000,0.000000,0.000000,0.000000,1,0.00
6.644000,0.004,0.008416,0.008416,4.321,7.00,0.006443,-0.008419,-0.000031,0.000035,-0.004,0.006,6.914,-35.430,0.350,2.635647,-0.004812,0.000001,0.000000,0.000000,0.000000,0.000000,0.000000,0.000000,1,0.00
6.646000,0.004,0.008389,0.008389,4.321,7.00,0.006483,-0.008412,-0.000033,0.000056,-0.004,0.006,6.916,-35.427,0.350,2.635635,-0.004808,0.000001,0.000000,0.000000,0.000000,0.000000,0.000000,0.000000,1,0.00
6.648000,0.004,0.008358,0.008358,4.321,7.00,0.006521,-0.008403,-0.000035,0.000079,-0.004,0.006,6.918,-35.423,0.350,2.635622,-0.004803,0.000001,0.000000,0.000000,0.000000,0.000000,0.000000,0.000000,1,0.00
6.650000,0.004,0.008340,0.008340,4.321,7.00,0.006558,-0.008392,-0.000037,0.000088,-0.004,0.006,6.920,-35.420,0.350,2.635610,-0.004797,0.000001,0.000000,0.000000,0.000000,0.000000,0.000000,0.000000,1,0.00
6.652000,0.004,0.008289,0.008289,4.321,7.00,0.006593,-0.008380,-0.000038,0.000129,-0.004,0.006,6.922,-35.417,0.350,2.635597,-0.004790,0.000001,0.000000,0.000000,0.000000,0.000000,0.000000,0.000000,1,0.00
6.654000,0.004,0.008262,0.008262,4.321,7.00,0.006627,-0.008366,-0.000040,0.000144,-0.004,0.006,6.924,-35.413,0.350,2.635583,-0.004782,0.000001,0.000000,0.000000,0.000000,0.000000,0.000000,0.000000,1,0.00
6.656000,0.004,0.008230,0.008230,4.321,7.00,0.006660,-0.008351,-0.000041,0.000162,-0.004,0.005,6.926,-35.410,0.350,2.635569,-0.004774,0.000001,0.000000,0.000000,0.000000,0.000000,0.000000,0.000000,1,0.00
6.658000,0.004,0.008199,0.008199,4.321,7.00,0.006691,-0.008335,-0.000043,0.000179,-0.004,0.005,6.928,-35.406,0.350,2.635555,-0.004764,0.000000,0.000000,0.000000,0.000000,0.000000,0.000000,0.000000,1,0.00
6.660000,0.004,0.008147,0.008147,4.321,7.00,0.006721,-0.008317,-0.000044,0.000214,-0.004,0.005,6.929,-35.403,0.350,2.635540,-0.004754,0.000000,0.000000,0.000000,0.000000,0.000000,0.000000,0.000000,1,0.00
6.662000,0.004,0.008122,0.008122,4.321,7.00,0.006750,-0.008297,-0.000046,0.000221,-0.004,0.005,6.931,-35.400,0.350,2.635525,-0.004743,0.000000,0.000000,0.000000,0.000000,0.000000,0.000000,0.000000,1,0.00
6.664000,0.004,0.008082,0.008082,4.321,7.00,0.006777,-0.008276,-0.000048,0.000242,-0.004,0.005,6.933,-35.396,0.350,2.635510,-0.004731,0.000000,0.000000,0.000000,0.000000,0.000000,0.000000,0.000000,1,0.00
6.666000,0.004,0.008018,0.008018,4.321,7.00,0.006803,-0.008253,-0.000049,0.000284,-0.004,0.005,6.935,-35.393,0.350,2.635495,-0.004718,0.000000,0.000000,0.000000,0.000000,0.000000,0.000000,0.000000,1,0.00
6.668000,0.004,0.007978,0.007978,4.321,7.00,0.006828,-0.008229,-0.000050,0.000302,-0.004,0.005,6.937,-35.389,0.350,2.635479,-0.004704,0.000000,0.000000,0.000000,0.000000,0.000000,0.000000,0.000000,1,0.00
6.670000,0.004,0.007966,0.007966,4.321,7.00,0.006851,-0.008204,-0.000053,0.000291,-0.004,0.005,6.939,-35.386,0.350,2.635463,-0.004690,-0.000000,0.000000,0.000000,0.000000,0.000000,0.000000,0.000000,1,0.00
6.672000,0.004,0.007942,0.007942,4.321,7.00,0.006873,-0.008177,-0.000055,0.000289,-0.004,0.005,6.941,-35.383,0.350,2.635446,-0.004675,-0.000000,0.000000,0.000000,0.000000,0.000000,0.000000,0.000000,1,0.00
6.674000,0.004,0.007876,0.007876,4.321,7.00,0.006894,-0.008149,-0.000056,0.000329,-0.004,0.005,6.943,-35.379,0.350,2.635430,-0.004659,-0.000000,0.000000,0.000000,0.000000,0.000000,0.000000,0.000000,1,0.00
6.676000,0.004,0.007849,0.007849,4.321,7.00,0.006914,-0.008119,-0.000058,0.000328,-0.004,0.005,6.945,-35.376,0.350,2.635413,-0.004642,-0.000000,0.000000,0.000000,0.000000,0.000000,0.000000,0.000000,1,0.00
6.678000,0.004,0.007777,0.007777,4.321,7.00,0.006933,-0.008088,-0.000059,0.000370,-0.004,0.005,6.946,-35.372,0.350,2.635395,-0.004624,-0.000000,0.000000,0.000000,0.000000,0.000000,0.000000,0.000000,1,0.00
6.680000,0.004,0.007702,0.007702,4.321,7.00,0.006949,-0.008056,-0.000060,0.000414,-0.004,0.005,6.948,-35.369,0.350,2.635378,-0.004606,-0.000000,0.000000,0.000000,0.000000,0.000000,0.000000,0.000000,1,0.00
6.682000,0.004,0.007648,0.007648,4.321,7.00,0.006964,-0.008022,-0.000062,0.000436,-0.004,0.005,6.950,-35.366,0.350,2.635360,-0.004586,-0.000000,0.000000,0.000000,0.000000,0.000000,0.000000,0.000000,1,0.00
6.684000,0.004,0.007594,0.007594,4.321,7.00,0.006978,-0.007987,-0.000063,0.000456,-0.004,0.005,6.952,-35.362,0.350,2.635341,-0.004566,-0.000000,0.000000,0.000000,0.000000,0.000000,0.000000,0.000000,1,0.00
6.686000,0.004,0.007574,0.007574,4.321,7.00,0.006990,-0.007950,-0.000066,0.000441,-0.004,0.005,6.954,-35.359,0.350,2.635323,-0.004546,-0.000000,0.000000,0.000000,0.000000,0.000000,0.000000,0.000000,1,0.00
6.688000,0.004,0.007476,0.007476,4.321,7.00,0.007002,-0.007913,-0.000066,0.000503,-0.004,0.005,6.956,-35.355,0.350,2.635304,-0.004524,-0.000001,0.000000,0.000000,0.000000,0.000000,0.000000,0.000000,1,0.00
6.690000,0.004,0.007447,0.007447,4.321,7.00,0.007012,-0.007873,-0.000068,0.000494,-0.004,0.005,6.958,-35.352,0.350,2.635285,-0.004502,-0.000001,0.000000,0.000000,0.000000,0.000000,0.000000,0.000000,1,0.00
6.692000,0.004,0.007378,0.007378,4.321,7.00,0.007020,-0.007833,-0.000070,0.000524,-0.004,0.005,6.960,-35.349,0.350,2.635265,-0.004479,-0.000001,0.000000,0.000000,0.000000,0.000000,0.000000,0.000000,1,0.00
6.694000,0.004,0.007343,0.007343,4.321,7.00,0.007027,-0.007791,-0.000071,0.000520,-0.004,0.005,6.962,-35.345,0.350,2.635246,-0.004455,-0.000001,0.000000,0.000000,0.000000,0.000000,0.000000,0.000000,1,0.00
6.696000,0.004,0.007228,0.007228,4.321,7.00,0.007034,-0.007748,-0.000073,0.000593,-0.004,0.005,6.963,-35.342,0.350,2.635226,-0.004430,-0.000001,0.000000,0.000000,0.000000,0.000000,0.000000,0.000000,1,0.00
6.698000,0.004,0.007274,0.007274,4.321,7.00,0.007038,-0.007704,-0.000075,0.000504,-0.004,0.005,6.965,-35.338,0.350,2.635206,-0.004405,-0.000001,0.000000,0.000000,0.000000,0.000000,0.000000,0.000000,1,0.00
6.700000,0.004,0.007662,0.007662,4.321,7.00,0.007042,-0.007659,0.000000,-0.000004,0.000,0.005,6.967,-35.335,0.350,2.635185,-0.004379,-0.000001,0.000000,0.000000,0.000000,0.000000,0.000000,0.000000,1,0.00
6.702000,0.004,0.007535,0.007535,4.321,7.00,0.007055,-0.007615,-0.000002,0.000082,0.000,0.005,6.969,-35.332,0.350,2.635167,-0.004354,-0.000001,0.000000,0.000000,0.000000,0.000000,0.000000,0.000000,1,0.00
6.704000,0.004,0.007360,0.007360,4.321,7.00,0.007064,-0.007569,-0.000003,0.000213,0.000,0.005,6.971,-35.328,0.350,2.635147,-0.004328,-0.000001,0.000000,0.000000,0.000000,0.000000,0.000000,0.000000,1,0.00
6.706000,0.004,0.007191,0.007191,4.321,7.00,0.007070,-0.007521,-0.000005,0.000335,0.000,0.005,6.973,-35.325,0.350,2.635127,-0.004301,-0.000001,0.000000,0.000000,0.000000,0.000000,0.000000,0.000000,1,0.00
6.708000,0.004,0.006991,0.006991,4.321,7.00,0.007073,-0.007472,-0.000006,0.000487,-0.004,0.005,6.975,-35.321,0.350,2.635107,-0.004273,-0.000001,0.000000,0.000000,0.000000,0.000000,0.000000,0.000000,1,0.00
6.710000,0.004,0.006793,0.006793,4.321,7.00,0.007071,-0.007421,-0.000007,0.000635,-0.004,0.005,6.977,-35.318,0.350,2.635085,-0.004244,-0.000001,0.000000,0.000000,0.000000,0.000000,0.000000,0.000000,1,0.00
6.712000,0.004,0.006720,0.006720,4.321,7.00,0.007065,-0.007368,-0.000009,0.000657,-0.004,0.004,6.979,-35.315,0.350,2.635063,-0.004213,-0.000001,0.000000,0.000000,0.000000,0.000000,0.000000,0.000000,1,0.00
6.714000,0.004,0.006625,0.006625,4.321,7.00,0.007058,-0.007314,-0.000010,0.000698,-0.004,0.004,6.980,-35.311,0.350,2.635040,-0.004182,-0.000001,0.000000,0.000000,0.000000,0.000000,0.000000,0.000000,1,0.00
6.716000,0.004,0.006598,0.006598,4.321,7.00,0.007050,-0.007258,-0.000012,0.000672,-0.004,0.004,6.982,-35.308,0.350,2.635017,-0.004151,-0.000001,0.000000,0.000000,0.000000,0.000000,0.000000,0.000000,1,0.00
6.718000,0.004,0.006572,0.006572,4.321,7.00,0.007041,-0.007202,-0.000014,0.000643,-0.004,0.004,6.984,-35.304,0.350,2.634995,-0.004119,-0.000001,0.000000,0.000000,0.000000,0.000000,0.000000,0.000000,1,0.00
6.720000,0.004,0.006555,0.006555,4.321,7.00,0.007031,-0.007145,-0.000016,0.000606,-0.004,0.004,6.986,-35.301,0.350,2.634972,-0.004086,-0.000001,0.000000,0.000000,0.000000,0.000000,0.000000,0.000000,1,0.00
6.722000,0.004,0.006309,0.006309,4.321,7.00,0.007022,-0.007087,-0.000017,0.000795,-0.004,0.004,6.988,-35.298,0.350,2.634949,-0.004053,-0.000001,0.000000,0.000000,0.000000,0.000000,0.000000,0.000000,1,0.00
6.724000,0.004,0.006123,0.006123,4.321,7.00,0.007008,-0.007027,-0.000017,0.000921,-0.004,0.004,6.990,-35.294,0.350,2.634925,-0.004019,-0.000001,0.000000,0.000000,0.000000,0.000000,0.000000,0.000000,1,0.00
6.726000,0.003,0.005849,0.005849,4.321,7.00,0.006990,-0.006965,-0.000018,0.001135,-0.004,0.004,6.992,-35.291,0.350,2.634901,-0.003984,-0.000001,0.000000,0.000000,0.000000,0.000000,0.000000,0.000000,1,0.00
6.728000,0.003,0.005811,0.005811,4.321,7.00,0.006967,-0.006902,-0.000020,0.001112,-0.004,0.004,6.994,-35.287,0.350,2.634875,-0.003947,-0.000000,0.000000,0.000000,0.000000,0.000000,0.000000,0.000000,1,0.00
6.730000,0.003,0.005580,0.005580,4.321,7.00,0.006944,-0.006838,-0.000021,0.001279,-0.004,0.004,6.995,-35.284,0.350,2.634850,-0.003911,-0.000000,0.000000,0.000000,0.000000,0.000000,0.000000,0.000000,1,0.00
6.732000,0.003,0.005704,0.005704,4.321,7.00,0.006917,-0.006773,-0.000023,0.001092,-0.004,0.004,6.997,-35.281,0.350,2.634824,-0.003873,-0.000000,0.000000,0.000000,0.000000,0.000000,0.000000,0.000000,1,0.00
6.734000,0.003,0.005766,0.005766,4.321,7.00,0.006892,-0.006707,-0.000024,0.000965,-0.003,0.004,6.999,-35.277,0.350,2.634799,-0.003836,-0.000000,0.000000,0.000000,0.000000,0.000000,0.000000,0.000000,1,0.00
6.736000,0.003,0.005727,0.005727,4.321,7.00,0.006870,-0.006641,-0.000025,0.000940,-0.003,0.004,7.001,-35.274,0.350,2.634774,-0.003798,-0.000000,0.000000,0.000000,0.000000,0.000000,0.000000,0.000000,1,0.00
6.738000,0.003,0.005520,0.005520,4.321,7.00,0.006847,-0.006575,-0.000026,0.001081,-0.003,0.004,7.003,-35.270,0.350,2.634749,-0.003760,-0.000000,0.000000,0.000000,0.000000,0.000000,0.000000,0.000000,1,0.00
6.740000,0.003,0.005498,0.005498,4.321,7.00,0.006820,-0.006507,-0.000027,0.001036,-0.003,0.004,7.005,-35.267,0.350,2.634723,-0.003721,0.000000,0.000000,0.000000,0.000000,0.000000,0.000000,0.000000,1,0.00
6.742000,0.003,0.005423,0.005423,4.321,7.00,0.006794,-0.006439,-0.000029,0.001044,-0.003,0.004,7.007,-35.264,0.350,2.634698,-0.003682,0.000000,0.000000,0.000000,0.000000,0.000000,0.000000,0.000000,1,0.00
6.744000,0.003,0.005258,0.005258,4.321,7.00,0.006767,-0.006370,-0.000030,0.001141,-0.003,0.004,7.009,-35.260,0.350,2.634673,-0.003643,0.000000,0.000000,0.000000,0.000000,0.000000,0.000000,0.000000,1,0.00
6.746000,0.003,0.005350,0.005350,4.321,7.00,0.006736,-0.006299,-0.000031,0.000981,-0.003,0.004,7.011,-35.257,0.350,2.634647,-0.003602,0.000000,0.000000,0.000000,0.000000,0.000000,0.000000,0.000000,1,0.00
6.748000,0.003,0.005419,0.005419,4.321,7.00,0.006709,-0.006229,-0.000034,0.000843,-0.003,0.004,7.012,-35.253,0.350,2.634621,-0.003562,0.000001,0.000000,0.000000,0.000000,0.000000,0.000000,0.000000,1,0.00
6.750000,0.003,0.005265,0.005265,4.321,7.00,0.006683,-0.006159,-0.000034,0.000928,-0.003,0.004,7.014,-35.250,0.350,2.634596,-0.003522,0.000001,0.000000,0.000000,0.000000,0.000000,0.000000,0.000000,1,0.00
6.752000,0.003,0.005182,0.005182,4.321,7.00,0.006655,-0.006087,-0.000036,0.000941,-0.003,0.003,7.016,-35.247,0.350,2.634571,-0.003481,0.000001,0.000000,0.000000,0.000000,0.000000,0.000000,0.000000,1,0.00
6.754000,0.003,0.005185,0.005185,4.321,7.00,0.006625,-0.006015,-0.000037,0.000867,-0.003,0.003,7.018,-35.243,0.350,2.634546,-0.003440,0.000001,0.000000,0.000000,0.000000,0.000000,0.000000,0.000000,1,0.00
6.756000,0.003,0.004884,0.004884,4.321,7.00,0.006596,-0.005943,-0.000038,0.001096,-0.003,0.003,7.020,-35.240,0.350,2.634520,-0.003398,0.000001,0.000000,0.000000,0.000000,0.000000,0.000000,0.000000,1,0.00
6.758000,0.003,0.004771,0.004771,4.321,7.00,0.006562,-0.005868,-0.000039,0.001136,-0.003,0.003,7.022,-35.236,0.350,2.634494,-0.003356,0.000001,0.000000,0.000000,0.000000,0.000000,0.000000,0.000000,1,0.00
6.760000,0.003,0.004812,0.004812,4.321,7.00,0.006526,-0.005793,-0.000040,0.001022,-0.003,0.003,7.024,-35.233,0.350,2.634468,-0.003313,0.000001,0.000000,0.000000,0.000000,0.000000,0.000000,0.000000,1,0.00
6.762000,0.003,0.004603,0.004603,4.321,7.00,0.006492,-0.005718,-0.000041,0.001156,-0.003,0.003,7.026,-35.230,0.350,2.634442,-0.003270,0.000001,0.000000,0.000000,0.000000,0.000000,0.000000,0.000000,1,0.00
6.764000,0.003,0.004346,0.004346,4.321,7.00,0.006454,-0.005642,-0.000042,0.001337,-0.003,0.003,7.027,-35.226,0.350,2.634415,-0.003226,0.000002,0.000000,0.000000,0.000000,0.000000,0.000000,0.000000,1,0.00
6.766000,0.003,0.004459,0.004459,4.321,7.00,0.006412,-0.005564,-0.000043,0.001148,-0.003,0.003,7.029,-35.223,0.350,2.634388,-0.003182,0.000002,0.000000,0.000000,0.000000,0.000000,0.000000,0.000000,1,0.00
6.768000,0.003,0.004344,0.004344,4.321,7.00,0.006373,-0.005487,-0.000044,0.001187,-0.003,0.003,7.031,-35.219,0.350,2.634362,-0.003138,0.000002,0.000000,0.000000,0.000000,0.000000,0.000000,0.000000,1,0.00
6.770000,0.003,0.004051,0.004051,4.321,7.00,0.006333,-0.005409,-0.000045,0.001402,-0.003,0.003,7.033,-35.216,0.350,2.634335,-0.003093,0.000002,0.000000,0.000000,0.000000,0.000000,0.000000,0.000000,1,0.00
6.772000,0.003,0.004093,0.004093,4.321,7.00,0.006287,-0.005329,-0.000046,0.001283,-0.003,0.003,7.035,-35.213,0.350,2.634308,-0.003047,0.000002,0.000000,0.000000,0.000000,0.000000,0.000000,0.000000,1,0.00
6.774000,0.003,0.004166,0.004166,4.321,7.00,0.006243,-0.005250,-0.000047,0.001131,-0.003,0.003,7.037,-35.209,0.350,2.634280,-0.003002,0.000002,0.000000,0.000000,0.000000,0.000000,0.000000,0.000000,1,0.00
6.776000,0.003,0.004073,0.004073,4.321,7.00,0.006202,-0.005171,-0.000048,0.001146,-0.003,0.003,7.039,-35.206,0.350,2.634254,-0.002957,0.000003,0.000000,0.000000,0.000000,0.000000,0.000000,0.000000,1,0.00
6.778000,0.003,0.003895,0.003895,4.321,7.00,0.006159,-0.005092,-0.000049,0.001245,-0.003,0.003,7.041,-35.202,0.350,2.634228,-0.002911,0.000003,0.000000,0.000000,0.000000,0.000000,0.000000,0.000000,1,0.00
6.780000,0.003,0.004092,0.004092,4.321,7.00,0.006114,-0.005011,-0.000050,0.000970,-0.003,0.003,7.043,-35.199,0.350,2.634201,-0.002865,0.000003,0.000000,0.000000,0.000000,0.000000,0.000000,0.000000,1,0.00
6.782000,0.002,0.003846,0.003846,4.321,7.00,0.006073,-0.004932,-0.000051,0.001136,-0.003,0.003,7.044,-35.196,0.350,2.634175,-0.002820,0.000003,0.000000,0.000000,0.000000,0.000000,0.000000,0.000000,1,0.00
6.784000,0.002,0.003849,0.003849,4.321,7.00,0.006029,-0.004851,-0.000052,0.001055,-0.003,0.003,7.046,-35.192,0.350,2.634149,-0.002773,0.000003,0.000000,0.000000,0.000000,0.000000,0.000000,0.000000,1,0.00
6.786000,0.002,0.003720,0.003720,4.321,7.00,0.005985,-0.004770,-0.000053,0.001103,-0.003,0.002,7.048,-35.189,0.350,2.634122,-0.002727,0.000003,0.000000,0.000000,0.000000,0.000000,0.000000,0.000000,1,0.00
6.788000,0.002,0.003749,0.003749,4.321,7.00,0.005940,-0.004689,-0.000054,0.000994,-0.003,0.002,7.050,-35.185,0.350,2.634096,-0.002681,0.000004,0.000000,0.000000,0.000000,0.000000,0.000000,0.000000,1,0.00
6.790000,0.002,0.003589,0.003589,4.321,7.00,0.005896,-0.004608,-0.000055,0.001074,-0.002,0.002,7.052,-35.182,0.350,2.634070,-0.002634,0.000004,0.000000,0.000000,0.000000,0.000000,0.000000,0.000000,1,0.00
6.792000,0.002,0.003616,0.003616,4.321,7.00,0.005850,-0.004526,-0.000056,0.000966,-0.002,0.002,7.054,-35.179,0.350,2.634044,-0.002587,0.000004,0.000000,0.000000,0.000000,0.000000,0.000000,0.000000,1,0.00
6.794000,0.002,0.003499,0.003499,4.321,7.00,0.005806,-0.004444,-0.000057,0.001002,-0.002,0.002,7.056,-35.175,0.350,2.634018,-0.002540,0.000004,0.000000,0.000000,0.000000,0.000000,0.000000,0.000000,1,0.00
6.796000,0.002,0.003436,0.003436,4.321,7.00,0.005759,-0.004362,-0.000058,0.000984,-0.002,0.002,7.058,-35.172,0.350,2.633992,-0.002493,0.000004,0.000000,0.000000,0.000000,0.000000,0.000000,0.000000,1,0.00
6.798000,0.002,0.003279,0.003279,4.321,7.00,0.005713,-0.004280,-0.000059,0.001059,-0.002,0.002,7.060,-35.168,0.350,2.633967,-0.002446,0.000005,0.000000,0.000000,0.000000,0.000000,0.000000,0.000000,1,0.00
6.800000,0.002,0.004199,0.004199,4.321,7.00,0.005664,-0.004197,0.000000,-0.000002,0.000,0.003,7.061,-35.165,0.350,2.633941,-0.002399,0.000005,0.000000,0.000000,0.000000,0.000000,0.000000,0.000000,1,0.00
6.802000,0.002,0.003909,0.003909,4.321,7.00,0.005635,-0.004119,-0.000001,0.000210,0.000,0.003,7.063,-35.162,0.350,2.633919,-0.002354,0.000005,0.000000,0.000000,0.000000,0.000000,0.000000,0.000000,1,0.00
6.804000,0.002,0.003623,0.003623,4.321,7.00,0.005601,-0.004039,-0.000002,0.000417,0.000,0.002,7.065,-35.158,0.350,2.633895,-0.002308,0.000005,0.000000,0.000000,0.000000,0.000000,0.000000,0.000000,1,0.00
6.806000,0.002,0.003158,0.003158,4.321,7.00,0.005561,-0.003958,-0.000002,0.000802,0.000,0.002,7.067,-35.155,0.350,2.633871,-0.002262,0.000005,0.000000,0.000000,0.000000,0.000000,0.000000,0.000000,1,0.00
6.808000,0.002,0.002940,0.002940,4.321,7.00,0.005513,-0.003875,-0.000003,0.000938,-0.002,0.002,7.069,-35.151,0.350,2.633846,-0.002214,0.000005,0.000000,0.000000,0.000000,0.000000,0.000000,0.000000,1,0.00
6.810000,0.002,0.002646,0.002646,4.321,7.00,0.005462,-0.003790,-0.000004,0.001148,-0.002,0.002,7.071,-35.148,0.350,2.633820,-0.002166,0.000005,0.000000,0.000000,0.000000,0.000000,0.000000,0.000000,1,0.00
6.812000,0.002,0.002386,0.002386,4.321,7.00,0.005405,-0.003705,-0.000004,0.001324,-0.002,0.002,7.073,-35.145,0.350,2.633793,-0.002117,0.000006,0.000000,0.000000,0.000000,0.000000,0.000000,0.000000,1,0.00
6.814000,0.002,0.002103,0.002103,4.321,7.00,0.005345,-0.003619,-0.000005,0.001521,-0.002,0.001,7.075,-35.141,0.350,2.633766,-0.002068,0.000006,0.000000,0.000000,0.000000,0.000000,0.000000,0.000000,1,0.00
6.816000,0.002,0.002124,0.002124,4.321,7.00,0.005280,-0.003531,-0.000005,0.001413,-0.002,0.001,7.076,-35.138,0.350,2.633738,-0.002017,0.000006,0.000000,0.000000,0.000000,0.000000,0.000000,0.000000,1,0.00
6.818000,0.002,0.002021,0.002021,4.321,7.00,0.005217,-0.003444,-0.000006,0.001429,-0.002,0.001,7.078,-35.134,0.350,2.633710,-0.001968,0.000006,0.000000,0.000000,0.000000,0.000000,0.000000,0.000000,1,0.00
6.820000,0.002,0.001817,0.001817,4.321,7.00,0.005153,-0.003358,-0.000007,0.001548,-0.002,0.001,7.080,-35.131,0.350,2.633683,-0.001918,0.000006,0.000000,0.000000,0.000000,0.000000,0.000000,0.000000,1,0.00
6.822000,0.002,0.001961,0.001961,4.321,7.00,0.005087,-0.003271,-0.000008,0.001317,-0.002,0.001,7.082,-35.128,0.350,2.633655,-0.001868,0.000006,0.000000,0.000000,0.000000,0.000000,0.000000,0.000000,1,0.00
6.824000,0.002,0.002079,0.002079,4.321,7.00,0.005024,-0.003185,-0.000008,0.001114,-0.002,0.001,7.084,-35.124,0.350,2.633629,-0.001819,0.000006,0.000000,0.000000,0.000000,0.000000,0.000000,0.000000,1,0.00
6.826000,0.002,0.002154,0.002154,4.321,7.00,0.004965,-0.003100,-0.000009,0.000955,-0.002,0.001,7.086,-35.121,0.350,2.633603,-0.001770,0.000006,0.000000,0.000000,0.000000,0.000000,0.000000,0.000000,1,0.00
6.828000,0.002,0.001998,0.001998,4.321,7.00,0.004909,-0.003016,-0.000010,0.001028,-0.002,0.001,7.088,-35.117,0.350,2.633578,-0.001722,0.000006,0.000000,0.000000,0.000000,0.000000,0.000000,0.000000,1,0.00
6.830000,0.001,0.001852,0.001852,4.321,7.00,0.004851,-0.002931,-0.000010,0.001089,-0.002,0.001,7.090,-35.114,0.350,2.633553,-0.001674,0.000007,0.000000,0.000000,0.000000,0.000000,0.000000,0.000000,1,0.00
6.832000,0.001,0.001671,0.001671,4.321,7.00,0.004791,-0.002847,-0.000011,0.001186,-0.002,0.001,7.092,-35.111,0.350,2.633528,-0.001625,0.000007,0.000000,0.000000,0.000000,0.000000,0.000000,0.000000,1,0.00
6.834000,0.001,0.001624,0.001624,4.321,7.00,0.004729,-0.002762,-0.000011,0.001149,-0.002,0.001,7.093,-35.107,0.350,2.633502,-0.001577,0.000007,0.000000,0.000000,0.000000,0.000000,0.000000,0.000000,1,0.00
6.836000,0.001,0.001421,0.001421,4.321,7.00,0.004667,-0.002677,-0.000012,0.001268,-0.002,0.001,7.095,-35.104,0.350,2.633477,-0.001528,0.000007,0.000000,0.000000,0.000000,0.000000,0.000000,0.000000,1,0.00
6.838000,0.001,0.001358,0.001358,4.321,7.00,0.004602,-0.002592,-0.000012,0.001246,-0.001,0.001,7.097,-35.100,0.350,2.633451,-0.001479,0.000007,0.000000,0.000000,0.000000,0.000000,0.000000,0.000000,1,0.00
6.840000,0.001,0.001426,0.001426,4.321,7.00,0.004537,-0.002507,-0.000013,0.001094,-0.001,0.001,7.099,-35.097,0.350,2.633425,-0.001431,0.000007,0.000000,0.000000,0.000000,0.000000,0.000000,0.000000,1,0.00
6.842000,0.001,0.001390,0.001390,4.321,7.00,0.004475,-0.002423,-0.000013,0.001046,-0.001,0.001,7.101,-35.094,0.350,2.633401,-0.001383,0.000007,0.000000,0.000000,0.000000,0.000000,0.000000,0.000000,1,0.00
6.844000,0.001,0.001137,0.001137,4.321,7.00,0.004413,-0.002340,-0.000014,0.001217,-0.001,0.001,7.103,-35.090,0.350,2.633376,-0.001335,0.000007,0.000000,0.000000,0.000000,0.000000,0.000000,0.000000,1,0.00
6.846000,0.001,0.001148,0.001148,4.321,7.00,0.004348,-0.002256,-0.000014,0.001122,-0.001,0.001,7.105,-35.087,0.350,2.633351,-0.001287,0.000008,0.000000,0.000000,0.000000,0.000000,0.000000,0.000000,1,0.00
6.848000,0.001,0.001047,0.001047,4.321,7.00,0.004284,-0.002172,-0.000015,0.001140,-0.001,0.001,7.107,-35.083,0.350,2.633327,-0.001239,0.000008,0.000000,0.000000,0.000000,0.000000,0.000000,0.000000,1,0.00
6.850000,0.001,0.001026,0.001026,4.321,7.00,0.004219,-0.002089,-0.000015,0.001079,-0.001,0.001,7.109,-35.080,0.350,2.633302,-0.001191,0.000008,0.000000,0.000000,0.000000,0.000000,0.000000,0.000000,1,0.00
6.852000,0.001,0.000915,0.000915,4.321,7.00,0.004155,-0.002007,-0.000016,0.001107,-0.001,0.001,7.110,-35.077,0.350,2.633278,-0.001144,0.000008,0.000000,0.000000,0.000000,0.000000,0.000000,0.000000,1,0.00
6.854000,0.001,0.001018,0.001018,4.321,7.00,0.004090,-0.001924,-0.000016,0.000923,-0.001,0.001,7.112,-35.073,0.350,2.633254,-0.001097,0.000008,0.000000,0.000000,0.000000,0.000000,0.000000,0.000000,1,0.00
6.856000,0.001,0.000795,0.000795,4.321,7.00,0.004029,-0.001843,-0.000016,0.001064,-0.001,0.001,7.114,-35.070,0.350,2.633231,-0.001050,0.000008,0.000000,0.000000,0.000000,0.000000,0.000000,0.000000,1,0.00
6.858000,0.001,0.000780,0.000780,4.321,7.00,0.003964,-0.001761,-0.000017,0.000998,-0.001,0.001,7.116,-35.066,0.350,2.633207,-0.001003,0.000008,0.000000,0.000000,0.000000,0.000000,0.000000,0.000000,1,0.00
6.860000,0.001,0.000676,0.000676,4.321,7.00,0.003901,-0.001680,-0.000017,0.001021,-0.001,0.000,7.118,-35.063,0.350,2.633184,-0.000957,0.000008,0.000000,0.000000,0.000000,0.000000,0.000000,0.000000,1,0.00
6.862000,0.001,0.000645,0.000645,4.321,7.00,0.003836,-0.001599,-0.000018,0.000971,-0.001,0.000,7.120,-35.060,0.350,2.633161,-0.000910,0.000008,0.000000,0.000000,0.000000,0.000000,0.000000,0.000000,1,0.00
6.864000,0.001,0.000512,0.000512,4.321,7.00,0.003772,-0.001518,-0.000018,0.001025,-0.001,0.000,7.122,-35.056,0.350,2.633138,-0.000864,0.000008,0.000000,0.000000,0.000000,0.000000,0.000000,0.000000,1,0.00
6.866000,0.001,0.000570,0.000570,4.321,7.00,0.003707,-0.001438,-0.000018,0.000886,-0.001,0.000,7.124,-35.053,0.350,2.633115,-0.000818,0.000009,0.000000,0.000000,0.000000,0.000000,0.000000,0.000000,1,0.00
6.868000,0.001,0.000381,0.000381,4.321,7.00,0.003645,-0.001359,-0.000018,0.000997,-0.001,0.000,7.125,-35.049,0.350,2.633092,-0.000773,0.000009,0.000000,0.000000,0.000000,0.000000,0.000000,0.000000,1,0.00
6.870000,0.001,0.000362,0.000362,4.321,7.00,0.003579,-0.001280,-0.000019,0.000937,-0.001,0.000,7.127,-35.046,0.350,2.633070,-0.000728,0.000009,0.000000,0.000000,0.000000,0.000000,0.000000,0.000000,1,0.00
6.872000,0.001,0.000257,0.000257,4.321,7.00,0.003515,-0.001201,-0.000019,0.000963,-0.001,0.000,7.129,-35.043,0.350,2.633048,-0.000683,0.000009,0.000000,0.000000,0.000000,0.000000,0.000000,0.000000,1,0.00
6.874000,0.001,0.000212,0.000212,4.321,7.00,0.003450,-0.001123,-0.000019,0.000930,-0.001,0.000,7.131,-35.039,0.350,2.633025,-0.000638,0.000009,0.000000,0.000000,0.000000,0.000000,0.000000,0.000000,1,0.00
6.876000,0.001,0.000052,0.000052,4.321,7.00,0.003385,-0.001045,-0.000020,0.001012,-0.001,0.000,7.133,-35.036,0.350,2.633003,-0.000593,0.000009,0.000000,0.000000,0.000000,0.000000,0.000000,0.000000,1,0.00
6.878000,0.000,0.000081,0.000081,4.321,7.00,0.003319,-0.000967,-0.000020,0.000906,-0.001,0.000,7.135,-35.032,0.350,2.632981,-0.000549,0.000009,0.000000,0.000000,0.000000,0.000000,0.000000,0.000000,1,0.00
6.880000,0.000,-0.000032,-0.000032,4.321,7.00,0.003254,-0.000890,-0.000020,0.000943,-0.001,0.000,7.137,-35.029,0.350,2.632960,-0.000505,0.000009,0.000000,0.000000,0.000000,0.000000,0.000000,0.000000,1,0.00
6.882000,0.000,-0.000111,-0.000111,4.321,7.00,0.003188,-0.000814,-0.000020,0.000945,-0.001,0.000,7.139,-35.026,0.350,2.632938,-0.000461,0.000009,0.000000,0.000000,0.000000,0.000000,0.000000,0.000000,1,0.00
6.884000,0.000,-0.000243,-0.000243,4.321,7.00,0.003122,-0.000738,-0.000020,0.001001,-0.001,0.000,7.141,-35.022,0.350,2.632917,-0.000417,0.000009,0.000000,0.000000,0.000000,0.000000,0.000000,0.000000,1,0.00
6.886000,0.000,-0.000259,-0.000259,4.321,7.00,0.003055,-0.000662,-0.000020,0.000942,-0.000,0.000,7.142,-35.019,0.350,2.632895,-0.000374,0.000009,0.000000,0.000000,0.000000,0.000000,0.000000,0.000000,1,0.00
6.888000,0.000,-0.000391,-0.000391,4.321,7.00,0.002989,-0.000587,-0.000020,0.000998,-0.000,0.000,7.144,-35.015,0.350,2.632874,-0.000331,0.000009,0.000000,0.000000,0.000000,0.000000,0.000000,0.000000,1,0.00
6.890000,0.000,-0.000495,-0.000495,4.321,7.00,0.002921,-0.000513,-0.000021,0.001029,-0.000,0.000,7.146,-35.012,0.350,2.632853,-0.000288,0.000009,0.000000,0.000000,0.000000,0.000000,0.000000,0.000000,1,0.00
6.892000,0.000,-0.000708,-0.000708,4.321,7.00,0.002853,-0.000439,-0.000021,0.001167,-0.000,0.000,7.148,-35.009,0.350,2.632832,-0.000246,0.000009,0.000000,0.000000,0.000000,0.000000,0.000000,0.000000,1,0.00
6.894000,0.000,-0.000694,-0.000694,4.321,7.00,0.002782,-0.000364,-0.000021,0.001079,-0.000,0.000,7.150,-35.005,0.350,2.632811,-0.000203,0.000010,0.000000,0.000000,0.000000,0.000000,0.000000,0.000000,1,0.00
6.896000,0.000,-0.000772,-0.000772,4.321,7.00,0.002712,-0.000291,-0.000021,0.001084,-0.000,0.001,7.152,-35.002,0.350,2.632790,-0.000161,0.000010,0.000000,0.000000,0.000000,0.000000,0.000000,0.000000,1,0.00
6.898000,0.000,-0.000908,-0.000908,4.321,7.00,0.002643,-0.000218,-0.000021,0.001147,-0.000,0.001,7.154,-34.998,0.350,2.632769,-0.000120,0.000010,0.000000,0.000000,0.000000,0.000000,0.000000,0.000000,1,0.00
6.900000,0.000,0.000146,0.000146,4.321,7.00,0.002572,-0.000146,0.000000,-0.000000,0.000,0.000,7.156,-34.995,0.350,2.632749,-0.000078,0.000010,0.000000,0.000000,0.000000,0.000000,0.000000,0.000000,1,0.00
6.902000,0.000,-0.000068,-0.000068,4.321,7.00,0.002523,-0.000080,-0.000000,0.000148,0.000,0.000,7.158,-34.992,0.350,2.632732,-0.000040,0.000010,0.000000,0.000000,0.000000,0.000000,0.000000,0.000000,1,0.00
6.904000,0.000,-0.000312,-0.000312,4.321,7.00,0.002471,-0.000013,-0.000000,0.000326,0.000,0.000,7.159,-34.988,0.350,2.632715,-0.000002,0.000010,0.000000,0.000000,0.000000,0.000000,0.000000,0.000000,1,0.00
6.906000,-0.000,-0.000563,-0.000563,4.321,7.00,0.002416,0.000054,-0.000000,0.000509,0.000,0.000,7.161,-34.985,0.350,2.632698,0.000036,0.000010,0.000000,0.000000,0.000000,0.000000,0.000000,0.000000,1,0.00
6.908000,-0.000,-0.000781,-0.000781,4.321,7.00,0.002356,0.000121,0.000000,0.000661,-0.000,0.001,7.163,-34.981,0.350,2.632680,0.000074,0.000010,0.000000,0.000000,0.000000,0.000000,0.000000,0.000000,1,0.00
6.910000,-0.000,-0.000991,-0.000991,4.321,7.00,0.002294,0.000188,0.000000,0.000803,-0.000,0.001,7.165,-34.978,0.350,2.632662,0.000113,0.000010,0.000000,0.000000,0.000000,0.000000,0.000000,0.000000,1,0.00
6.912000,-0.000,-0.001026,-0.001026,4.321,7.00,0.002228,0.000255,0.000000,0.000771,-0.000,0.001,7.167,-34.975,0.350,2.632643,0.000151,0.000010,0.000000,0.000000,0.000000,0.000000,0.000000,0.000000,1,0.00
6.914000,-0.000,-0.001156,-0.001156,4.321,7.00,0.002163,0.000321,0.000000,0.000835,0.000,0.001,7.169,-34.971,0.350,2.632625,0.000189,0.000010,0.000000,0.000000,0.000000,0.000000,0.000000,0.000000,1,0.00
6.916000,-0.000,-0.001269,-0.001269,4.321,7.00,0.002097,0.000387,0.000000,0.000882,0.000,0.001,7.171,-34.968,0.350,2.632606,0.000227,0.000010,0.000000,0.000000,0.000000,0.000000,0.000000,0.000000,1,0.00
6.918000,-0.000,-0.001347,-0.001347,4.321,7.00,0.002029,0.000453,0.000000,0.000894,0.000,0.001,7.173,-34.964,0.350,2.632588,0.000265,0.000010,0.000000,0.000000,0.000000,0.000000,0.000000,0.000000,1,0.00
6.920000,-0.000,-0.001402,-0.001402,4.321,7.00,0.001962,0.000517,0.000000,0.000884,0.000,0.001,7.175,-34.961,0.350,2.632570,0.000302,0.000010,0.000000,0.000000,0.000000,0.000000,0.000000,0.000000,1,0.00
6.922000,-0.000,-0.001511,-0.001511,4.321,7.00,0.001895,0.000581,0.000001,0.000929,0.000,0.001,7.176,-34.958,0.350,2.632552,0.000338,0.000010,0.000000,0.000000,0.000000,0.000000,0.000000,0.000000,1,0.00
6.924000,-0.000,-0.001503,-0.001503,4.321,7.00,0.001826,0.000645,0.000001,0.000857,0.000,0.001,7.178,-34.954,0.350,2.632534,0.000375,0.000010,0.000000,0.000000,0.000000,0.000000,0.000000,0.000000,1,0.00
6.926000,-0.000,-0.001458,-0.001458,4.321,7.00,0.001760,0.000707,0.000001,0.000750,0.000,0.001,7.180,-34.951,0.350,2.632516,0.000410,0.000010,0.000000,0.000000,0.000000,0.000000,0.000000,0.000000,1,0.00
6.928000,-0.000,-0.001530,-0.001530,4.321,7.00,0.001696,0.000768,0.000001,0.000761,0.000,0.001,7.182,-34.947,0.350,2.632500,0.000445,0.000010,0.000000,0.000000,0.000000,0.000000,0.000000,0.000000,1,0.00
6.930000,-0.000,-0.001635,-0.001635,4.321,7.00,0.001631,0.000828,0.000001,0.000806,0.000,0.001,7.184,-34.944,0.350,2.632483,0.000480,0.000010,0.000000,0.000000,0.000000,0.000000,0.000000,0.000000,1,0.00
6.932000,-0.000,-0.001672,-0.001672,4.321,7.00,0.001566,0.000888,0.000001,0.000783,0.000,0.001,7.186,-34.941,0.350,2.632466,0.000514,0.000010,0.000000,0.000000,0.000000,0.000000,0.000000,0.000000,1,0.00
6.934000,-0.000,-0.001735,-0.001735,4.321,7.00,0.001501,0.000946,0.000001,0.000787,0.000,0.001,7.188,-34.937,0.350,2.632450,0.000547,0.000010,0.000000,0.000000,0.000000,0.000000,0.000000,0.000000,1,0.00
6.936000,-0.001,-0.001800,-0.001800,4.321,7.00,0.001436,0.001004,0.000002,0.000794,0.000,0.001,7.190,-34.934,0.350,2.632434,0.000581,0.000010,0.000000,0.000000,0.000000,0.000000,0.000000,0.000000,1,0.00
6.938000,-0.001,-0.001972,-0.001972,4.321,7.00,0.001372,0.001061,0.000002,0.000909,0.000,0.001,7.192,-34.930,0.350,2.632418,0.000613,0.000010,0.000000,0.000000,0.000000,0.000000,0.000000,0.000000,1,0.00
6.940000,-0.001,-0.001951,-0.001951,4.321,7.00,0.001305,0.001118,0.000002,0.000831,0.000,0.001,7.193,-34.927,0.350,2.632402,0.000646,0.000010,0.000000,0.000000,0.000000,0.000000,0.000000,0.000000,1,0.00
6.942000,-0.001,-0.002005,-0.002005,4.321,7.00,0.001240,0.001174,0.000002,0.000829,0.000,0.001,7.195,-34.924,0.350,2.632386,0.000678,0.000010,0.000000,0.000000,0.000000,0.000000,0.000000,0.000000,1,0.00
6.944000,-0.001,-0.002070,-0.002070,4.321,7.00,0.001175,0.001228,0.000003,0.000839,0.001,0.001,7.197,-34.920,0.350,2.632371,0.000709,0.000010,0.000000,0.000000,0.000000,0.000000,0.000000,0.000000,1,0.00
6.946000,-0.001,-0.002169,-0.002169,4.321,7.00,0.001110,0.001282,0.000003,0.000884,0.001,0.001,7.199,-34.917,0.350,2.632356,0.000740,0.000010,0.000000,0.000000,0.000000,0.000000,0.000000,0.000000,1,0.00
6.948000,-0.001,-0.002011,-0.002011,4.321,7.00,0.001045,0.001335,0.000003,0.000672,0.001,0.001,7.201,-34.913,0.350,2.632340,0.000770,0.000010,0.000000,0.000000,0.000000,0.000000,0.000000,0.000000,1,0.00
6.950000,-0.001,-0.002064,-0.002064,4.321,7.00,0.000984,0.001387,0.000004,0.000674,0.001,0.001,7.203,-34.910,0.350,2.632326,0.000799,0.000010,0.000000,0.000000,0.000000,0.000000,0.000000,0.000000,1,0.00
6.952000,-0.001,-0.002085,-0.002085,4.321,7.00,0.000923,0.001437,0.000004,0.000644,0.001,0.001,7.205,-34.907,0.350,2.632313,0.000828,0.000010,0.000000,0.000000,0.000000,0.000000,0.000000,0.000000,1,0.00
6.954000,-0.001,-0.002050,-0.002050,4.321,7.00,0.000863,0.001486,0.000004,0.000559,0.001,0.001,7.207,-34.903,0.350,2.632299,0.000856,0.000010,0.000000,0.000000,0.000000,0.000000,0.000000,0.000000,1,0.00
6.956000,-0.001,-0.002019,-0.002019,4.321,7.00,0.000804,0.001534,0.000005,0.000480,0.001,0.001,7.209,-34.900,0.350,2.632286,0.000884,0.000009,0.000000,0.000000,0.000000,0.000000,0.000000,0.000000,1,0.00
6.958000,-0.001,-0.002178,-0.002178,4.321,7.00,0.000748,0.001581,0.000005,0.000592,0.001,0.001,7.210,-34.896,0.350,2.632273,0.000911,0.000009,0.000000,0.000000,0.000000,0.000000,0.000000,0.000000,1,0.00
6.960000,-0.001,-0.002296,-0.002296,4.321,7.00,0.000689,0.001627,0.000005,0.000664,0.001,0.002,7.212,-34.893,0.350,2.632261,0.000937,0.000009,0.000000,0.000000,0.000000,0.000000,0.000000,0.000000,1,0.00
6.962000,-0.001,-0.002296,-0.002296,4.321,7.00,0.000630,0.001673,0.000006,0.000617,0.001,0.002,7.214,-34.890,0.350,2.632248,0.000963,0.000009,0.000000,0.000000,0.000000,0.000000,0.000000,0.000000,1,0.00
6.964000,-0.001,-0.002422,-0.002422,4.321,7.00,0.000571,0.001718,0.000006,0.000698,0.001,0.002,7.216,-34.886,0.350,2.632236,0.000989,0.000009,0.000000,0.000000,0.000000,0.000000,0.000000,0.000000,1,0.00
6.966000,-0.001,-0.002437,-0.002437,4.321,7.00,0.000511,0.001762,0.000007,0.000669,0.001,0.002,7.218,-34.883,0.350,2.632223,0.001014,0.000009,0.000000,0.000000,0.000000,0.000000,0.000000,0.000000,1,0.00
6.968000,-0.001,-0.002391,-0.002391,4.321,7.00,0.000453,0.001805,0.000007,0.000580,0.001,0.002,7.220,-34.879,0.350,2.632211,0.001039,0.000009,0.000000,0.000000,0.000000,0.000000,0.000000,0.000000,1,0.00
6.970000,-0.001,-0.002331,-0.002331,4.321,7.00,0.000396,0.001846,0.000007,0.000477,0.001,0.002,7.222,-34.876,0.350,2.632199,0.001062,0.000009,0.000000,0.000000,0.000000,0.000000,0.000000,0.000000,1,0.00
6.972000,-0.001,-0.002388,-0.002388,4.321,7.00,0.000341,0.001886,0.000008,0.000494,0.001,0.002,7.224,-34.873,0.350,2.632188,0.001085,0.000009,0.000000,0.000000,0.000000,0.000000,0.000000,0.000000,1,0.00
6.974000,-0.001,-0.002352,-0.002352,4.321,7.00,0.000287,0.001926,0.000008,0.000418,0.001,0.002,7.226,-34.869,0.350,2.632178,0.001108,0.000009,0.000000,0.000000,0.000000,0.000000,0.000000,0.000000,1,0.00
6.976000,-0.001,-0.002433,-0.002433,4.321,7.00,0.000234,0.001963,0.000009,0.000461,0.001,0.002,7.227,-34.866,0.350,2.632167,0.001130,0.000009,0.000000,0.000000,0.000000,0.000000,0.000000,0.000000,1,0.00
6.978000,-0.001,-0.002453,-0.002453,4.321,7.00,0.000181,0.002001,0.000009,0.000443,0.001,0.002,7.229,-34.862,0.350,2.632157,0.001151,0.000009,0.000000,0.000000,0.000000,0.000000,0.000000,0.000000,1,0.00
6.980000,-0.001,-0.002518,-0.002518,4.321,7.00,0.000128,0.002037,0.000009,0.000471,0.001,0.002,7.231,-34.859,0.350,2.632147,0.001171,0.000009,0.000000,0.000000,0.000000,0.000000,0.000000,0.000000,1,0.00
6.982000,-0.001,-0.002534,-0.002534,4.321,7.00,0.000075,0.002072,0.000010,0.000452,0.001,0.002,7.233,-34.856,0.350,2.632137,0.001192,0.000009,0.000000,0.000000,0.000000,0.000000,0.000000,0.000000,1,0.00
6.984000,-0.001,-0.002556,-0.002556,4.321,7.00,0.000023,0.002106,0.000010,0.000439,0.001,0.002,7.235,-34.852,0.350,2.632128,0.001211,0.000009,0.000000,0.000000,0.000000,0.000000,0.000000,0.000000,1,0.00
6.986000,-0.001,-0.002628,-0.002628,4.321,7.00,-0.000029,0.002140,0.000011,0.000478,0.001,0.002,7.237,-34.849,0.350,2.632118,0.001230,0.000009,0.000000,0.000000,0.000000,0.000000,0.000000,0.000000,1,0.00
6.988000,-0.001,-0.002633,-0.002633,4.321,7.00,-0.000081,0.002172,0.000011,0.000450,0.001,0.002,7.239,-34.845,0.350,2.632109,0.001249,0.000009,0.000000,0.000000,0.000000,0.000000,0.000000,0.000000,1,0.00
6.990000,-0.001,-0.002659,-0.002659,4.321,7.00,-0.000132,0.002203,0.000012,0.000444,0.001,0.002,7.241,-34.842,0.350,2.632100,0.001267,0.000009,0.000000,0.000000,0.000000,0.000000,0.000000,0.000000,1,0.00
6.992000,-0.001,-0.002742,-0.002742,4.321,7.00,-0.000182,0.002233,0.000012,0.000497,0.001,0.002,7.243,-34.839,0.350,2.632092,0.001284,0.000008,0.000000,0.000000,0.000000,0.000000,0.000000,0.000000,1,0.00
6.994000,-0.001,-0.002768,-0.002768,4.321,7.00,-0.000233,0.002263,0.000012,0.000492,0.001,0.002,7.245,-34.835,0.350,2.632083,0.001301,0.000008,0.000000,0.000000,0.000000,0.000000,0.000000,0.000000,1,0.00
6.996000,-0.001,-0.002698,-0.002698,4.321,7.00,-0.000284,0.002291,0.000013,0.000394,0.001,0.002,7.246,-34.832,0.350,2.632075,0.001317,0.000008,0.000000,0.000000,0.000000,0.000000,0.000000,0.000000,1,0.00
6.998000,-0.001,-0.002769,-0.002769,4.321,7.00,-0.000332,0.002318,0.000013,0.000438,0.001,0.002,7.248,-34.828,0.350,2.632067,0.001332,0.000008,0.000000,0.000000,0.000000,0.000000,0.000000,0.000000,1,0.00
7.000000,-0.001,-0.002346,-0.002346,4.321,7.00,-0.000381,0.002345,0.000000,0.000001,0.000,0.002,7.250,-34.825,0.350,2.632059,0.001347,0.000008,0.000000,0.000000,0.000000,0.000000,0.000000,0.000000,1,0.00
7.002000,-0.001,-0.002431,-0.002431,4.321,7.00,-0.000420,0.002368,0.000000,0.000063,0.000,0.002,7.252,-34.822,0.350,2.632053,0.001361,0.000008,0.000000,0.000000,0.000000,0.000000,0.000000,0.000000,1,0.00
7.004000,-0.001,-0.002509,-0.002509,4.321,7.00,-0.000460,0.002390,0.000001,0.000118,0.000,0.002,7.254,-34.818,0.350,2.632047,0.001373,0.000008,0.000000,0.000000,0.000000,0.000000,0.000000,0.000000,1,0.00
7.006000,-0.001,-0.002610,-0.002610,4.321,7.00,-0.000501,0.002411,0.000001,0.000198,0.000,0.002,7.256,-34.815,0.350,2.632041,0.001386,0.000008,0.000000,0.000000,0.000000,0.000000,0.000000,0.000000,1,0.00
7.008000,-0.001,-0.002670,-0.002670,4.321,7.00,-0.000543,0.002433,0.000002,0.000236,0.001,0.002,7.258,-34.811,0.350,2.632035,0.001398,0.000008,0.000000,0.000000,0.000000,0.000000,0.000000,0.000000,1,0.00
7.010000,-0.001,-0.002741,-0.002741,4.321,7.00,-0.000586,0.002453,0.000002,0.000285,0.001,0.002,7.260,-34.808,0.350,2.632029,0.001409,0.000008,0.000000,0.000000,0.000000,0.000000,0.000000,0.000000,1,0.00
7.012000,-0.001,-0.002747,-0.002747,4.321,7.00,-0.000629,0.002472,0.000003,0.000272,0.001,0.002,7.262,-34.805,0.350,2.632024,0.001420,0.000008,0.000000,0.000000,0.000000,0.000000,0.000000,0.000000,1,0.00
7.014000,-0.001,-0.002747,-0.002747,4.321,7.00,-0.000671,0.002491,0.000004,0.000253,0.001,0.002,7.263,-34.801,0.350,2.632018,0.001431,0.000008,0.000000,0.000000,0.000000,0.000000,0.000000,0.000000,1,0.00
7.016000,-0.001,-0.002717,-0.002717,4.321,7.00,-0.000713,0.002508,0.000004,0.000205,0.001,0.002,7.265,-34.798,0.350,2.632012,0.001441,0.000008,0.000000,0.000000,0.000000,0.000000,0.000000,0.000000,1,0.00
7.018000,-0.001,-0.002738,-0.002738,4.321,7.00,-0.000753,0.002524,0.000005,0.000210,0.001,0.002,7.267,-34.794,0.350,2.632007,0.001450,0.000008,0.000000,0.000000,0.000000,0.000000,0.000000,0.000000,1,0.00
7.020000,-0.001,-0.002744,-0.002744,4.321,7.00,-0.000792,0.002539,0.000005,0.000199,0.001,0.002,7.269,-34.791,0.350,2.632003,0.001459,0.000007,0.000000,0.000000,0.000000,0.000000,0.000000,0.000000,1,0.00
7.022000,-0.001,-0.002763,-0.002763,4.321,7.00,-0.000831,0.002553,0.000006,0.000204,0.001,0.002,7.271,-34.788,0.350,2.631998,0.001467,0.000007,0.000000,0.000000,0.000000,0.000000,0.000000,0.000000,1,0.00
7.024000,-0.001,-0.002764,-0.002764,4.321,7.00,-0.000870,0.002567,0.000006,0.000192,0.001,0.002,7.273,-34.784,0.350,2.631994,0.001474,0.000007,0.000000,0.000000,0.000000,0.000000,0.000000,0.000000,1,0.00
7.026000,-0.001,-0.002775,-0.002775,4.321,7.00,-0.000908,0.002579,0.000007,0.000189,0.001,0.002,7.275,-34.781,0.350,2.631989,0.001481,0.000007,0.000000,0.000000,0.000000,0.000000,0.000000,0.000000,1,0.00
7.028000,-0.001,-0.002762,-0.002762,4.321,7.00,-0.000945,0.002590,0.000008,0.000165,0.001,0.002,7.277,-34.778,0.350,2.631986,0.001487,0.000007,0.000000,0.000000,0.000000,0.000000,0.000000,0.000000,1,0.00
7.030000,-0.001,-0.002767,-0.002767,4.321,7.00,-0.000982,0.002600,0.000008,0.000160,0.001,0.002,7.279,-34.774,0.350,2.631982,0.001493,0.000007,0.000000,0.000000,0.000000,0.000000,0.000000,0.000000,1,0.00
7.032000,-0.001,-0.002747,-0.002747,4.321,7.00,-0.001017,0.002609,0.000008,0.000130,0.001,0.002,7.281,-34.771,0.350,2.631979,0.001498,0.000007,0.000000,0.000000,0.000000,0.000000,0.000000,0.000000,1,0.00
7.034000,-0.001,-0.002743,-0.002743,4.321,7.00,-0.001052,0.002616,0.000009,0.000118,0.001,0.002,7.282,-34.767,0.350,2.631975,0.001503,0.000007,0.000000,0.000000,0.000000,0.000000,0.000000,0.000000,1,0.00
7.036000,-0.001,-0.002740,-0.002740,4.321,7.00,-0.001086,0.002623,0.000010,0.000107,0.001,0.002,7.284,-34.764,0.350,2.631973,0.001506,0.000007,0.000000,0.000000,0.000000,0.000000,0.000000,0.000000,1,0.00
7.038000,-0.001,-0.002739,-0.002739,4.321,7.00,-0.001119,0.002629,0.000010,0.000100,0.001,0.002,7.286,-34.761,0.350,2.631970,0.001510,0.000007,0.000000,0.000000,0.000000,0.000000,0.000000,0.000000,1,0.00
7.040000,-0.001,-0.002715,-0.002715,4.321,7.00,-0.001151,0.002634,0.000012,0.000069,0.001,0.002,7.288,-34.757,0.350,2.631968,0.001512,0.000007,0.000000,0.000000,0.000000,0.000000,0.000000,0.000000,1,0.00
7.042000,-0.001,-0.002705,-0.002705,4.321,7.00,-0.001182,0.002637,0.000012,0.000056,0.001,0.002,7.290,-34.754,0.350,2.631965,0.001514,0.000007,0.000000,0.000000,0.000000,0.000000,0.000000,0.000000,1,0.00
7.044000,-0.001,-0.002707,-0.002707,4.321,7.00,-0.001213,0.002640,0.000012,0.000055,0.001,0.002,7.292,-34.750,0.350,2.631963,0.001516,0.000007,0.000000,0.000000,0.000000,0.000000,0.000000,0.000000,1,0.00
7.046000,-0.001,-0.002696,-0.002696,4.321,7.00,-0.001243,0.002642,0.000013,0.000042,0.001,0.002,7.294,-34.747,0.350,2.631962,0.001517,0.000007,0.000000,0.000000,0.000000,0.000000,0.000000,0.000000,1,0.00
7.048000,-0.001,-0.002688,-0.002688,4.321,7.00,-0.001272,0.002642,0.000013,0.000032,0.001,0.002,7.296,-34.744,0.350,2.631960,0.001517,0.000007,0.000000,0.000000,0.000000,0.000000,0.000000,0.000000,1,0.00
7.050000,-0.001,-0.002681,-0.002681,4.321,7.00,-0.001300,0.002642,0.000014,0.000025,0.001,0.002,7.298,-34.740,0.350,2.631959,0.001517,0.000007,0.000000,0.000000,0.000000,0.000000,0.000000,0.000000,1,0.00
7.052000,-0.001,-0.002667,-0.002667,4.321,7.00,-0.001327,0.002641,0.000014,0.000012,0.001,0.002,7.300,-34.737,0.350,2.631958,0.001516,0.000007,0.000000,0.000000,0.000000,0.000000,0.000000,0.000000,1,0.00
7.054000,-0.001,-0.002651,-0.002651,4.321,7.00,-0.001354,0.002638,0.000015,-0.000002,0.001,0.002,7.301,-34.733,0.350,2.631957,0.001515,0.000007,0.000000,0.000000,0.000000,0.000000,0.000000,0.000000,1,0.00
7.056000,-0.001,-0.002636,-0.002636,4.321,7.00,-0.001380,0.002635,0.000016,-0.000014,0.001,0.002,7.303,-34.730,0.350,2.631957,0.001513,0.000007,0.000000,0.000000,0.000000,0.000000,0.000000,0.000000,1,0.00
7.058000,-0.001,-0.002618,-0.002618,4.321,7.00,-0.001405,0.002631,0.000016,-0.000029,0.001,0.002,7.305,-34.727,0.350,2.631956,0.001510,0.000007,0.000000,0.000000,0.000000,0.000000,0.000000,0.000000,1,0.00
7.060000,-0.001,-0.002597,-0.002597,4.321,7.00,-0.001429,0.002625,0.000017,-0.000044,0.001,0.002,7.307,-34.723,0.350,2.631956,0.001507,0.000006,0.000000,0.000000,0.000000,0.000000,0.000000,0.000000,1,0.00
7.062000,-0.001,-0.002582,-0.002582,4.321,7.00,-0.001453,0.002619,0.000017,-0.000054,0.001,0.002,7.309,-34.720,0.350,2.631956,0.001504,0.000006,0.000000,0.000000,0.000000,0.000000,0.000000,0.000000,1,0.00
7.064000,-0.001,-0.002558,-0.002558,4.321,7.00,-0.001475,0.002612,0.000018,-0.000071,0.001,0.002,7.311,-34.716,0.350,2.631957,0.001500,0.000006,0.000000,0.000000,0.000000,0.000000,0.000000,0.000000,1,0.00
7.066000,-0.001,-0.002543,-0.002543,4.321,7.00,-0.001497,0.002603,0.000018,-0.000078,0.001,0.002,7.313,-34.713,0.350,2.631957,0.001495,0.000006,0.000000,0.000000,0.000000,0.000000,0.000000,0.000000,1,0.00
7.068000,-0.001,-0.002526,-0.002526,4.321,7.00,-0.001518,0.002594,0.000019,-0.000087,0.001,0.002,7.315,-34.710,0.350,2.631958,0.001490,0.000006,0.000000,0.000000,0.000000,0.000000,0.000000,0.000000,1,0.00
7.070000,-0.001,-0.002507,-0.002507,4.321,7.00,-0.001538,0.002584,0.000019,-0.000096,0.001,0.002,7.317,-34.706,0.350,2.631959,0.001484,0.000006,0.000000,0.000000,0.000000,0.000000,0.000000,0.000000,1,0.00
7.072000,-0.001,-0.002461,-0.002461,4.321,7.00,-0.001557,0.002573,0.000020,-0.000132,0.001,0.002,7.319,-34.703,0.350,2.631960,0.001477,0.000007,0.000000,0.000000,0.000000,0.000000,0.000000,0.000000,1,0.00
7.074000,-0.001,-0.002452,-0.002452,4.321,7.00,-0.001575,0.002561,0.000021,-0.000129,0.001,0.002,7.320,-34.699,0.350,2.631961,0.001470,0.000007,0.000000,0.000000,0.000000,0.000000,0.000000,0.000000,1,0.00
7.076000,-0.001,-0.002422,-0.002422,4.321,7.00,-0.001593,0.002548,0.000021,-0.000147,0.001,0.002,7.322,-34.696,0.350,2.631963,0.001463,0.000007,0.000000,0.000000,0.000000,0.000000,0.000000,0.000000,1,0.00
7.078000,-0.001,-0.002377,-0.002377,4.321,7.00,-0.001609,0.002534,0.000021,-0.000179,0.001,0.002,7.324,-34.693,0.350,2.631964,0.001455,0.000007,0.000000,0.000000,0.000000,0.000000,0.000000,0.000000,1,0.00
7.080000,-0.001,-0.002364,-0.002364,4.321,7.00,-0.001625,0.002519,0.000022,-0.000177,0.001,0.002,7.326,-34.689,0.350,2.631967,0.001447,0.000007,0.000000,0.000000,0.000000,0.000000,0.000000,0.000000,1,0.00
7.082000,-0.001,-0.002351,-0.002351,4.321,7.00,-0.001640,0.002503,0.000023,-0.000175,0.001,0.002,7.328,-34.686,0.350,2.631969,0.001438,0.000007,0.000000,0.000000,0.000000,0.000000,0.000000,0.000000,1,0.00
7.084000,-0.001,-0.002278,-0.002278,4.321,7.00,-0.001654,0.002487,0.000023,-0.000232,0.001,0.002,7.330,-34.682,0.350,2.631971,0.001428,0.000007,0.000000,0.000000,0.000000,0.000000,0.000000,0.000000,1,0.00
7.086000,-0.001,-0.002263,-0.002263,4.321,7.00,-0.001666,0.002469,0.000024,-0.000229,0.001,0.002,7.332,-34.679,0.350,2.631974,0.001418,0.000007,0.000000,0.000000,0.000000,0.000000,0.000000,0.000000,1,0.00
7.088000,-0.001,-0.002245,-0.002245,4.321,7.00,-0.001678,0.002450,0.000024,-0.000230,0.001,0.001,7.334,-34.676,0.350,2.631977,0.001407,0.000007,0.000000,0.000000,0.000000,0.000000,0.000000,0.000000,1,0.00
7.090000,-0.001,-0.002213,-0.002213,4.321,7.00,-0.001689,0.002431,0.000025,-0.000243,0.001,0.001,7.336,-34.672,0.350,2.631980,0.001396,0.000007,0.000000,0.000000,0.000000,0.000000,0.000000,0.000000,1,0.00
7.092000,-0.001,-0.002182,-0.002182,4.321,7.00,-0.001700,0.002411,0.000025,-0.000255,0.001,0.001,7.338,-34.669,0.350,2.631983,0.001385,0.000007,0.000000,0.000000,0.000000,0.000000,0.000000,0.000000,1,0.00
7.094000,-0.001,-0.002203,-0.002203,4.321,7.00,-0.001710,0.002390,0.000026,-0.000213,0.001,0.001,7.339,-34.666,0.350,2.631986,0.001373,0.000007,0.000000,0.000000,0.000000,0.000000,0.000000,0.000000,1,0.00
7.096000,-0.001,-0.002175,-0.002175,4.321,7.00,-0.001719,0.002368,0.000027,-0.000220,0.001,0.001,7.341,-34.662,0.350,2.631989,0.001360,0.000007,0.000000,0.000000,0.000000,0.000000,0.000000,0.000000,1,0.00
7.098000,-0.001,-0.002144,-0.002144,4.321,7.00,-0.001728,0.002346,0.000027,-0.000229,0.001,0.001,7.343,-34.659,0.350,2.631993,0.001348,0.000007,0.000000,0.000000,0.000000,0.000000,0.000000,0.000000,1,0.00
7.100000,-0.001,-0.002324,-0.002324,4.321,7.00,-0.001737,0.002323,0.000000,0.000001,0.000,0.002,7.345,-34.655,0.350,2.631997,0.001334,0.000007,0.000000,0.000000,0.000000,0.000000,0.000000,0.000000,1,0.00
7.102000,-0.001,-0.002232,-0.002232,4.321,7.00,-0.001748,0.002300,0.000000,-0.000068,0.000,0.001,7.347,-34.652,0.350,2.632000,0.001321,0.000007,0.000000,0.000000,0.000000,0.000000,0.000000,0.000000,1,0.00
7.104000,-0.001,-0.002144,-0.002144,4.321,7.00,-0.001758,0.002276,0.000001,-0.000132,0.000,0.001,7.349,-34.649,0.350,2.632003,0.001307,0.000007,0.000000,0.000000,0.000000,0.000000,0.000000,0.000000,1,0.00
7.106000,-0.001,-0.002021,-0.002021,4.321,7.00,-0.001766,0.002250,0.000001,-0.000230,0.000,0.001,7.351,-34.645,0.350,2.632007,0.001293,0.000007,0.000000,0.000000,0.000000,0.000000,0.000000,0.000000,1,0.00
7.108000,-0.001,-0.001950,-0.001950,4.321,7.00,-0.001771,0.002224,0.000002,-0.000276,0.001,0.001,7.353,-34.642,0.350,2.632011,0.001278,0.000007,0.000000,0.000000,0.000000,0.000000,0.000000,0.000000,1,0.00
7.110000,-0.001,-0.001866,-0.001866,4.321,7.00,-0.001774,0.002196,0.000002,-0.000333,0.001,0.001,7.355,-34.638,0.350,2.632016,0.001262,0.000007,0.000000,0.000000,0.000000,0.000000,0.000000,0.000000,1,0.00
7.112000,-0.001,-0.001855,-0.001855,4.321,7.00,-0.001776,0.002168,0.000003,-0.000316,0.001,0.001,7.357,-34.635,0.350,2.632021,0.001246,0.000007,0.000000,0.000000,0.000000,0.000000,0.000000,0.000000,1,0.00
7.114000,-0.001,-0.001828,-0.001828,4.321,7.00,-0.001778,0.002139,0.000003,-0.000315,0.001,0.001,7.358,-34.632,0.350,2.632026,0.001229,0.000008,0.000000,0.000000,0.000000,0.000000,0.000000,0.000000,1,0.00
7.116000,-0.001,-0.001777,-0.001777,4.321,7.00,-0.001779,0.002109,0.000004,-0.000336,0.001,0.001,7.360,-34.628,0.350,2.632031,0.001212,0.000008,0.000000,0.000000,0.000000,0.000000,0.000000,0.000000,1,0.00
7.118000,-0.001,-0.001683,-0.001683,4.321,7.00,-0.001779,0.002079,0.000004,-0.000400,0.001,0.001,7.362,-34.625,0.350,2.632037,0.001195,0.000008,0.000000,0.000000,0.000000,0.000000,0.000000,0.000000,1,0.00
7.120000,-0.001,-0.001624,-0.001624,4.321,7.00,-0.001777,0.002048,0.000004,-0.000428,0.001,0.001,7.364,-34.621,0.350,2.632043,0.001177,0.000008,0.000000,0.000000,0.000000,0.000000,0.000000,0.000000,1,0.00
7.122000,-0.001,-0.001583,-0.001583,4.321,7.00,-0.001774,0.002015,0.000005,-0.000437,0.001,0.001,7.366,-34.618,0.350,2.632048,0.001159,0.000008,0.000000,0.000000,0.000000,0.000000,0.000000,0.000000,1,0.00
7.124000,-0.001,-0.001499,-0.001499,4.321,7.00,-0.001770,0.001982,0.000005,-0.000488,0.001,0.001,7.368,-34.615,0.350,2.632055,0.001140,0.000008,0.000000,0.000000,0.000000,0.000000,0.000000,0.000000,1,0.00
7.126000,-0.001,-0.001522,-0.001522,4.321,7.00,-0.001765,0.001949,0.000006,-0.000432,0.001,0.001,7.370,-34.611,0.350,2.632061,0.001121,0.000008,0.000000,0.000000,0.000000,0.000000,0.000000,0.000000,1,0.00
7.128000,-0.001,-0.001504,-0.001504,4.321,7.00,-0.001760,0.001915,0.000006,-0.000417,0.001,0.001,7.372,-34.608,0.350,2.632067,0.001101,0.000008,0.000000,0.000000,0.000000,0.000000,0.000000,0.000000,1,0.00
7.130000,-0.001,-0.001458,-0.001458,4.321,7.00,-0.001755,0.001880,0.000006,-0.000428,0.001,0.001,7.374,-34.604,0.350,2.632073,0.001081,0.000008,0.000000,0.000000,0.000000,0.000000,0.000000,0.000000,1,0.00
7.132000,-0.001,-0.001373,-0.001373,4.321,7.00,-0.001749,0.001845,0.000007,-0.000478,0.001,0.001,7.376,-34.601,0.350,2.632080,0.001061,0.000008,0.000000,0.000000,0.000000,0.000000,0.000000,0.000000,1,0.00
7.134000,-0.001,-0.001386,-0.001386,4.321,7.00,-0.001741,0.001809,0.000007,-0.000430,0.001,0.001,7.377,-34.598,0.350,2.632086,0.001041,0.000008,0.000000,0.000000,0.000000,0.000000,0.000000,0.000000,1,0.00
7.136000,-0.001,-0.001314,-0.001314,4.321,7.00,-0.001734,0.001773,0.000007,-0.000466,0.001,0.001,7.379,-34.594,0.350,2.632093,0.001020,0.000008,0.000000,0.000000,0.000000,0.000000,0.000000,0.000000,1,0.00
7.138000,-0.001,-0.001294,-0.001294,4.321,7.00,-0.001726,0.001736,0.000008,-0.000450,0.001,0.001,7.381,-34.591,0.350,2.632100,0.000999,0.000009,0.000000,0.000000,0.000000,0.000000,0.000000,0.000000,1,0.00
7.140000,-0.001,-0.001242,-0.001242,4.321,7.00,-0.001717,0.001698,0.000008,-0.000464,0.001,0.001,7.383,-34.587,0.350,2.632106,0.000978,0.000009,0.000000,0.000000,0.000000,0.000000,0.000000,0.000000,1,0.00
7.142000,-0.001,-0.001244,-0.001244,4.321,7.00,-0.001708,0.001660,0.000009,-0.000425,0.001,0.001,7.385,-34.584,0.350,2.632113,0.000956,0.000009,0.000000,0.000000,0.000000,0.000000,0.000000,0.000000,1,0.00
7.144000,-0.001,-0.001135,-0.001135,4.321,7.00,-0.001698,0.001622,0.000009,-0.000495,0.001,0.001,7.387,-34.581,0.350,2.632120,0.000934,0.000009,0.000000,0.000000,0.000000,0.000000,0.000000,0.000000,1,0.00
7.146000,-0.001,-0.001089,-0.001089,4.321,7.00,-0.001687,0.001583,0.000009,-0.000503,0.001,0.001,7.389,-34.577,0.350,2.632127,0.000912,0.000009,0.000000,0.000000,0.000000,0.000000,0.000000,0.000000,1,0.00
7.148000,-0.001,-0.001019,-0.001019,4.321,7.00,-0.001675,0.001543,0.000009,-0.000534,0.001,0.001,7.391,-34.574,0.350,2.632134,0.000889,0.000009,0.000000,0.000000,0.000000,0.000000,0.000000,0.000000,1,0.00
7.150000,-0.001,-0.000998,-0.000998,4.321,7.00,-0.001662,0.001503,0.000010,-0.000514,0.001,0.001,7.393,-34.571,0.350,2.632142,0.000866,0.000009,0.000000,0.000000,0.000000,0.000000,0.000000,0.000000,1,0.00
7.152000,-0.001,-0.000933,-0.000933,4.321,7.00,-0.001649,0.001462,0.000010,-0.000539,0.001,0.001,7.395,-34.567,0.350,2.632149,0.000843,0.000009,0.000000,0.000000,0.000000,0.000000,0.000000,0.000000,1,0.00
7.154000,-0.001,-0.000901,-0.000901,4.321,7.00,-0.001634,0.001421,0.000010,-0.000530,0.001,0.001,7.396,-34.564,0.350,2.632157,0.000819,0.000009,0.000000,0.000000,0.000000,0.000000,0.000000,0.000000,1,0.00
7.156000,-0.001,-0.000799,-0.000799,4.321,7.00,-0.001620,0.001380,0.000010,-0.000591,0.001,0.001,7.398,-34.560,0.350,2.632164,0.000795,0.000009,0.000000,0.000000,0.000000,0.000000,0.000000,0.000000,1,0.00
7.158000,-0.001,-0.000736,-0.000736,4.321,7.00,-0.001603,0.001337,0.000011,-0.000612,0.001,0.000,7.400,-34.557,0.350,2.632172,0.000771,0.000009,0.000000,0.000000,0.000000,0.000000,0.000000,0.000000,1,0.00
7.160000,-0.001,-0.000712,-0.000712,4.321,7.00,-0.001586,0.001295,0.000011,-0.000594,0.001,0.000,7.402,-34.554,0.350,2.632180,0.000747,0.000010,0.000000,0.000000,0.000000,0.000000,0.000000,0.000000,1,0.00
7.162000,-0.001,-0.000595,-0.000595,4.321,7.00,-0.001569,0.001252,0.000011,-0.000668,0.001,0.000,7.404,-34.550,0.350,2.632188,0.000722,0.000010,0.000000,0.000000,0.000000,0.000000,0.000000,0.000000,1,0.00
7.164000,-0.001,-0.000552,-0.000552,4.321,7.00,-0.001549,0.001208,0.000011,-0.000667,0.001,0.000,7.406,-34.547,0.350,2.632197,0.000697,0.000010,0.000000,0.000000,0.000000,0.000000,0.000000,0.000000,1,0.00
7.166000,-0.001,-0.000600,-0.000600,4.321,7.00,-0.001529,0.001164,0.000012,-0.000575,0.001,0.000,7.408,-34.543,0.350,2.632205,0.000672,0.000010,0.000000,0.000000,0.000000,0.000000,0.000000,0.000000,1,0.00
7.168000,-0.001,-0.000545,-0.000545,4.321,7.00,-0.001511,0.001120,0.000012,-0.000587,0.001,0.000,7.410,-34.540,0.350,2.632213,0.000647,0.000010,0.000000,0.000000,0.000000,0.000000,0.000000,0.000000,1,0.00
7.170000,-0.001,-0.000492,-0.000492,4.321,7.00,-0.001491,0.001076,0.000012,-0.000596,0.001,0.000,7.412,-34.537,0.350,2.632221,0.000622,0.000010,0.000000,0.000000,0.000000,0.000000,0.000000,0.000000,1,0.00
7.172000,-0.001,-0.000499,-0.000499,4.321,7.00,-0.001471,0.001031,0.000012,-0.000544,0.001,0.000,7.414,-34.533,0.350,2.632229,0.000596,0.000010,0.000000,0.000000,0.000000,0.000000,0.000000,0.000000,1,0.00
7.174000,-0.000,-0.000393,-0.000393,4.321,7.00,-0.001452,0.000987,0.000012,-0.000607,0.001,0.000,7.415,-34.530,0.350,2.632237,0.000571,0.000010,0.000000,0.000000,0.000000,0.000000,0.000000,0.000000,1,0.00
7.176000,-0.000,-0.000350,-0.000350,4.321,7.00,-0.001431,0.000942,0.000013,-0.000604,0.001,0.000,7.417,-34.526,0.350,2.632245,0.000545,0.000010,0.000000,0.000000,0.000000,0.000000,0.000000,0.000000,1,0.00
7.178000,-0.000,-0.000300,-0.000300,4.321,7.00,-0.001409,0.000896,0.000013,-0.000610,0.001,0.000,7.419,-34.523,0.350,2.632254,0.000519,0.000010,0.000000,0.000000,0.000000,0.000000,0.000000,0.000000,1,0.00
7.180000,-0.000,-0.000225,-0.000225,4.321,7.00,-0.001387,0.000851,0.000013,-0.000639,0.001,0.000,7.421,-34.520,0.350,2.632262,0.000493,0.000010,0.000000,0.000000,0.000000,0.000000,0.000000,0.000000,1,0.00
7.182000,-0.000,-0.000192,-0.000192,4.321,7.00,-0.001364,0.000805,0.000013,-0.000626,0.000,0.000,7.423,-34.516,0.350,2.632270,0.000467,0.000010,0.000000,0.000000,0.000000,0.000000,0.000000,0.000000,1,0.00
7.184000,-0.000,-0.000190,-0.000190,4.321,7.00,-0.001340,0.000759,0.000013,-0.000582,0.000,0.000,7.425,-34.513,0.350,2.632279,0.000440,0.000011,0.000000,0.000000,0.000000,0.000000,0.000000,0.000000,1,0.00
7.186000,-0.000,-0.000044,-0.000044,4.321,7.00,-0.001318,0.000713,0.000013,-0.000682,0.000,0.000,7.427,-34.509,0.350,2.632287,0.000414,0.000011,0.000000,0.000000,0.000000,0.000000,0.000000,0.000000,1,0.00
7.188000,-0.000,-0.000082,-0.000082,4.321,7.00,-0.001292,0.000666,0.000014,-0.000598,0.000,0.000,7.429,-34.506,0.350,2.632296,0.000387,0.000011,0.000000,0.000000,0.000000,0.000000,0.000000,0.000000,1,0.00
7.190000,-0.000,0.000035,0.000035,4.321,7.00,-0.001268,0.000619,0.000014,-0.000669,0.000,0.000,7.431,-34.503,0.350,2.632304,0.000361,0.000011,0.000000,0.000000,0.000000,0.000000,0.000000,0.000000,1,0.00
7.192000,-0.000,0.000078,0.000078,4.321,7.00,-0.001242,0.000572,0.000014,-0.000665,0.000,0.000,7.433,-34.499,0.350,2.632312,0.000334,0.000011,0.000000,0.000000,0.000000,0.000000,0.000000,0.000000,1,0.00
7.194000,-0.000,0.000086,0.000086,4.321,7.00,-0.001215,0.000525,0.000014,-0.000626,0.000,0.000,7.434,-34.496,0.350,2.632321,0.000307,0.000011,0.000000,0.000000,0.000000,0.000000,0.000000,0.000000,1,0.00
7.196000,-0.000,0.000141,0.000141,4.321,7.00,-0.001189,0.000478,0.000014,-0.000634,0.000,0.000,7.436,-34.493,0.350,2.632329,0.000280,0.000011,0.000000,0.000000,0.000000,0.000000,0.000000,0.000000,1,0.00
7.198000,-0.000,0.000310,0.000310,4.321,7.00,-0.001163,0.000431,0.000014,-0.000756,0.000,0.000,7.438,-34.489,0.350,2.632338,0.000253,0.000011,0.000000,0.000000,0.000000,0.000000,0.000000,0.000000,1,0.00
7.200000,-0.000,-0.000384,-0.000384,4.321,7.00,-0.001133,0.000383,0.000000,0.000000,0.000,0.000,7.440,-34.486,0.350,2.632347,0.000226,0.000011,0.000000,0.000000,0.000000,0.000000,0.000000,0.000000,1,0.00
7.202000,-0.000,-0.000261,-0.000261,4.321,7.00,-0.001118,0.000340,0.000000,-0.000079,0.000,0.000,7.442,-34.482,0.350,2.632353,0.000201,0.000011,0.000000,0.000000,0.000000,0.000000,0.000000,0.000000,1,0.00
7.204000,-0.000,-0.000086,-0.000086,4.321,7.00,-0.001101,0.000295,0.000000,-0.000210,0.000,0.000,7.444,-34.479,0.350,2.632359,0.000175,0.000011,0.000000,0.000000,0.000000,0.000000,0.000000,0.000000,1,0.00
7.206000,-0.000,0.000087,0.000087,4.321,7.00,-0.001081,0.000250,0.000000,-0.000336,0.000,0.000,7.446,-34.476,0.350,2.632366,0.000149,0.000011,0.000000,0.000000,0.000000,0.000000,0.000000,0.000000,1,0.00
7.208000,-0.000,0.000226,0.000226,4.321,7.00,-0.001058,0.000204,0.000000,-0.000430,0.000,0.000,7.448,-34.472,0.350,2.632374,0.000123,0.000011,0.000000,0.000000,0.000000,0.000000,0.000000,0.000000,1,0.00
7.210000,-0.000,0.000405,0.000405,4.321,7.00,-0.001032,0.000157,0.000000,-0.000562,0.000,0.000,7.450,-34.469,0.350,2.632382,0.000096,0.000011,0.000000,0.000000,0.000000,0.000000,0.000000,0.000000,1,0.00
7.212000,-0.000,0.000464,0.000464,4.321,7.00,-0.001003,0.000110,0.000000,-0.000574,0.000,0.000,7.452,-34.465,0.350,2.632390,0.000069,0.000011,0.000000,0.000000,0.000000,0.000000,0.000000,0.000000,1,0.00
7.214000,-0.000,0.000538,0.000538,4.321,7.00,-0.000974,0.000062,0.000000,-0.000600,0.000,0.000,7.454,-34.462,0.350,2.632398,0.000042,0.000011,0.000000,0.000000,0.000000,0.000000,0.000000,0.000000,1,0.00
7.216000,-0.000,0.000572,0.000572,4.321,7.00,-0.000944,0.000015,0.000000,-0.000587,0.000,0.000,7.455,-34.459,0.350,2.632407,0.000015,0.000011,0.000000,0.000000,0.000000,0.000000,0.000000,0.000000,1,0.00
7.218000,0.000,0.000640,0.000640,4.321,7.00,-0.000914,-0.000032,0.000000,-0.000608,0.000,0.000,7.457,-34.455,0.350,2.632415,-0.000012,0.000011,0.000000,0.000000,0.000000,0.000000,0.000000,0.000000,1,0.00
7.220000,0.000,0.000760,0.000760,4.321,7.00,-0.000883,-0.000080,0.000000,-0.000680,0.000,0.001,7.459,-34.452,0.350,2.632424,-0.000039,0.000011,0.000000,0.000000,0.000000,0.000000,0.000000,0.000000,1,0.00
7.222000,0.000,0.000789,0.000789,4.321,7.00,-0.000850,-0.000128,0.000000,-0.000662,0.000,0.001,7.461,-34.448,0.350,2.632432,-0.000067,0.000011,0.000000,0.000000,0.000000,0.000000,0.000000,0.000000,1,0.00
7.224000,0.000,0.000822,0.000822,4.321,7.00,-0.000817,-0.000175,0.000000,-0.000647,0.000,0.001,7.463,-34.445,0.350,2.632441,-0.000094,0.000011,0.000000,0.000000,0.000000,0.000000,0.000000,0.000000,1,0.00
7.226000,0.000,0.000838,0.000838,4.321,7.00,-0.000784,-0.000222,0.000000,-0.000616,-0.000,0.001,7.465,-34.442,0.350,2.632449,-0.000121,0.000011,0.000000,0.000000,0.000000,0.000000,0.000000,0.000000,1,0.00
7.228000,0.000,0.000879,0.000879,4.321,7.00,-0.000752,-0.000269,0.000000,-0.000610,-0.000,0.001,7.467,-34.438,0.350,2.632458,-0.000148,0.000011,0.000000,0.000000,0.000000,0.000000,0.000000,0.000000,1,0.00
7.230000,0.000,0.000850,0.000850,4.321,7.00,-0.000719,-0.000316,0.000000,-0.000534,-0.000,0.001,7.469,-34.435,0.350,2.632466,-0.000175,0.000011,0.000000,0.000000,0.000000,0.000000,0.000000,0.000000,1,0.00
7.232000,0.000,0.001021,0.001021,4.321,7.00,-0.000688,-0.000362,-0.000000,-0.000659,-0.000,0.001,7.471,-34.431,0.350,2.632474,-0.000201,0.000011,0.000000,0.000000,0.000000,0.000000,0.000000,0.000000,1,0.00
7.234000,0.000,0.001006,0.001006,4.321,7.00,-0.000654,-0.000409,-0.000000,-0.000597,-0.000,0.001,7.473,-34.428,0.350,2.632482,-0.000228,0.000011,0.000000,0.000000,0.000000,0.000000,0.000000,0.000000,1,0.00
7.236000,0.000,0.001100,0.001100,4.321,7.00,-0.000621,-0.000455,-0.000000,-0.000645,-0.000,0.001,7.474,-34.425,0.350,2.632490,-0.000254,0.000011,0.000000,0.000000,0.000000,0.000000,0.000000,0.000000,1,0.00
7.238000,0.000,0.001214,0.001214,4.321,7.00,-0.000586,-0.000501,-0.000000,-0.000712,-0.000,0.001,7.476,-34.421,0.350,2.632499,-0.000281,0.000011,0.000000,0.000000,0.000000,0.000000,0.000000,0.000000,1,0.00
7.240000,0.000,0.001216,0.001216,4.321,7.00,-0.000550,-0.000548,-0.000000,-0.000668,-0.000,0.001,7.478,-34.418,0.350,2.632507,-0.000307,0.000011,0.000000,0.000000,0.000000,0.000000,0.000000,0.000000,1,0.00
7.242000,0.000,0.001145,0.001145,4.321,7.00,-0.000515,-0.000594,-0.000001,-0.000551,-0.000,0.001,7.480,-34.415,0.350,2.632515,-0.000334,0.000011,0.000000,0.000000,0.000000,0.000000,0.000000,0.000000,1,0.00
7.244000,0.000,0.001264,0.001264,4.321,7.00,-0.000482,-0.000639,-0.000001,-0.000625,-0.000,0.001,7.482,-34.411,0.350,2.632523,-0.000359,0.000011,0.000000,0.000000,0.000000,0.000000,0.000000,0.000000,1,0.00
7.246000,0.000,0.001270,0.001270,4.321,7.00,-0.000447,-0.000684,-0.000001,-0.000586,-0.000,0.001,7.484,-34.408,0.350,2.632530,-0.000385,0.000011,0.000000,0.000000,0.000000,0.000000,0.000000,0.000000,1,0.00
7.248000,0.000,0.001264,0.001264,4.321,7.00,-0.000413,-0.000728,-0.000001,-0.000535,-0.000,0.001,7.486,-34.404,0.350,2.632538,-0.000411,0.000011,0.000000,0.000000,0.000000,0.000000,0.000000,0.000000,1,0.00
7.250000,0.000,0.001369,0.001369,4.321,7.00,-0.000379,-0.000772,-0.000001,-0.000596,-0.000,0.001,7.488,-34.401,0.350,2.632546,-0.000436,0.000011,0.000000,0.000000,0.000000,0.000000,0.000000,0.000000,1,0.00
7.252000,0.000,0.001459,0.001459,4.321,7.00,-0.000344,-0.000816,-0.000001,-0.000641,-0.000,0.001,7.490,-34.398,0.350,2.632553,-0.000461,0.000011,0.000000,0.000000,0.000000,0.000000,0.000000,0.000000,1,0.00
7.254000,0.000,0.001427,0.001427,4.321,7.00,-0.000308,-0.000860,-0.000001,-0.000565,-0.000,0.001,7.492,-34.394,0.350,2.632561,-0.000486,0.000011,0.000000,0.000000,0.000000,0.000000,0.000000,0.000000,1,0.00
7.256000,0.000,0.001520,0.001520,4.321,7.00,-0.000274,-0.000904,-0.000002,-0.000614,-0.000,0.001,7.493,-34.391,0.350,2.632568,-0.000511,0.000011,0.000000,0.000000,0.000000,0.000000,0.000000,0.000000,1,0.00
7.258000,0.000,0.001534,0.001534,4.321,7.00,-0.000238,-0.000947,-0.000002,-0.000586,-0.000,0.001,7.495,-34.387,0.350,2.632576,-0.000536,0.000011,0.000000,0.000000,0.000000,0.000000,0.000000,0.000000,1,0.00
7.260000,0.000,0.001552,0.001552,4.321,7.00,-0.000202,-0.000989,-0.000002,-0.000561,-0.000,0.001,7.497,-34.384,0.350,2.632583,-0.000560,0.000011,0.000000,0.000000,0.000000,0.000000,0.000000,0.000000,1,0.00
7.262000,0.001,0.001567,0.001567,4.321,7.00,-0.000167,-0.001031,-0.000002,-0.000533,-0.000,0.001,7.499,-34.381,0.350,2.632590,-0.000585,0.000011,0.000000,0.000000,0.000000,0.000000,0.000000,0.000000,1,0.00
7.264000,0.001,0.001668,0.001668,4.321,7.00,-0.000133,-0.001073,-0.000002,-0.000593,-0.000,0.001,7.501,-34.377,0.350,2.632597,-0.000608,0.000011,0.000000,0.000000,0.000000,0.000000,0.000000,0.000000,1,0.00
7.266000,0.001,0.001650,0.001650,4.321,7.00,-0.000097,-0.001114,-0.000003,-0.000532,-0.000,0.001,7.503,-34.374,0.350,2.632604,-0.000632,0.000011,0.000000,0.000000,0.000000,0.000000,0.000000,0.000000,1,0.00
7.268000,0.001,0.001715,0.001715,4.321,7.00,-0.000062,-0.001155,-0.000003,-0.000557,-0.000,0.001,7.505,-34.370,0.350,2.632611,-0.000655,0.000011,0.000000,0.000000,0.000000,0.000000,0.000000,0.000000,1,0.00
7.270000,0.001,0.001788,0.001788,4.321,7.00,-0.000026,-0.001196,-0.000003,-0.000589,-0.001,0.001,7.507,-34.367,0.350,2.632617,-0.000679,0.000011,0.000000,0.000000,0.000000,0.000000,0.000000,0.000000,1,0.00
7.272000,0.001,0.001802,0.001802,4.321,7.00,0.000010,-0.001236,-0.000003,-0.000563,-0.001,0.001,7.509,-34.364,0.350,2.632624,-0.000702,0.000011,0.000000,0.000000,0.000000,0.000000,0.000000,0.000000,1,0.00
7.274000,0.001,0.001843,0.001843,4.321,7.00,0.000046,-0.001275,-0.000004,-0.000564,-0.001,0.001,7.511,-34.360,0.350,2.632631,-0.000724,0.000010,0.000000,0.000000,0.000000,0.000000,0.000000,0.000000,1,0.00
7.276000,0.001,0.001887,0.001887,4.321,7.00,0.000082,-0.001314,-0.000004,-0.000569,-0.001,0.001,7.512,-34.357,0.350,2.632637,-0.000747,0.000010,0.000000,0.000000,0.000000,0.000000,0.000000,0.000000,1,0.00
7.278000,0.001,0.001925,0.001925,4.321,7.00,0.000118,-0.001353,-0.000004,-0.000568,-0.001,0.001,7.514,-34.353,0.350,2.632644,-0.000769,0.000010,0.000000,0.000000,0.000000,0.000000,0.000000,0.000000,1,0.00
7.280000,0.001,0.001939,0.001939,4.321,7.00,0.000154,-0.001391,-0.000004,-0.000543,-0.001,0.001,7.516,-34.350,0.350,2.632650,-0.000791,0.000010,0.000000,0.000000,0.000000,0.000000,0.000000,0.000000,1,0.00
7.282000,0.001,0.002031,0.002031,4.321,7.00,0.000190,-0.001428,-0.000004,-0.000598,-0.001,0.001,7.518,-34.347,0.350,2.632656,-0.000812,0.000010,0.000000,0.000000,0.000000,0.000000,0.000000,0.000000,1,0.00
7.284000,0.001,0.002111,0.002111,4.321,7.00,0.000226,-0.001466,-0.000005,-0.000641,-0.001,0.001,7.520,-34.343,0.350,2.632663,-0.000834,0.000010,0.000000,0.000000,0.000000,0.000000,0.000000,0.000000,1,0.00
7.286000,0.001,0.002128,0.002128,4.321,7.00,0.000264,-0.001503,-0.000005,-0.000620,-0.001,0.001,7.522,-34.340,0.350,2.632669,-0.000855,0.000010,0.000000,0.000000,0.000000,0.000000,0.000000,0.000000,1,0.00
7.288000,0.001,0.002161,0.002161,4.321,7.00,0.000301,-0.001539,-0.000005,-0.000617,-0.001,0.001,7.524,-34.336,0.350,2.632675,-0.000876,0.000010,0.000000,0.000000,0.000000,0.000000,0.000000,0.000000,1,0.00
7.290000,0.001,0.002154,0.002154,4.321,7.00,0.000338,-0.001574,-0.000006,-0.000574,-0.001,0.001,7.526,-34.333,0.350,2.632681,-0.000896,0.000010,0.000000,0.000000,0.000000,0.000000,0.000000,0.000000,1,0.00
7.292000,0.001,0.002163,0.002163,4.321,7.00,0.000375,-0.001609,-0.000006,-0.000548,-0.001,0.001,7.528,-34.330,0.350,2.632687,-0.000916,0.000009,0.000000,0.000000,0.000000,0.000000,0.000000,0.000000,1,0.00
7.294000,0.001,0.002080,0.002080,4.321,7.00,0.000410,-0.001643,-0.000006,-0.000431,-0.001,0.001,7.530,-34.326,0.350,2.632692,-0.000936,0.000009,0.000000,0.000000,0.000000,0.000000,0.000000,0.000000,1,0.00
7.296000,0.001,0.002182,0.002182,4.321,7.00,0.000444,-0.001676,-0.000007,-0.000500,-0.001,0.001,7.531,-34.323,0.350,2.632697,-0.000954,0.000009,0.000000,0.000000,0.000000,0.000000,0.000000,0.000000,1,0.00
7.298000,0.001,0.002199,0.002199,4.321,7.00,0.000479,-0.001708,-0.000007,-0.000484,-0.001,0.001,7.533,-34.320,0.350,2.632702,-0.000973,0.000009,0.000000,0.000000,0.000000,0.000000,0.000000,0.000000,1,0.00
7.300000,0.001,0.001741,0.001741,4.321,7.00,0.000513,-0.001740,0.000000,-0.000001,0.000,0.001,7.535,-34.316,0.350,2.632707,-0.000991,0.000009,0.000000,0.000000,0.000000,0.000000,0.000000,0.000000,1,0.00
7.302000,0.001,0.001863,0.001863,4.321,7.00,0.000537,-0.001769,-0.000000,-0.000094,0.000,0.001,7.537,-34.313,0.350,2.632710,-0.001008,0.000009,0.000000,0.000000,0.000000,0.000000,0.000000,0.000000,1,0.00
7.304000,0.001,0.001956,0.001956,4.321,7.00,0.000564,-0.001797,-0.000001,-0.000158,0.000,0.001,7.539,-34.309,0.350,2.632713,-0.001024,0.000009,0.000000,0.000000,0.000000,0.000000,0.000000,0.000000,1,0.00
7.306000,0.001,0.002078,0.002078,4.321,7.00,0.000592,-0.001825,-0.000001,-0.000252,0.000,0.001,7.541,-34.306,0.350,2.632717,-0.001040,0.000008,0.000000,0.000000,0.000000,0.000000,0.000000,0.000000,1,0.00
7.308000,0.001,0.002169,0.002169,4.321,7.00,0.000621,-0.001854,-0.000001,-0.000314,-0.001,0.001,7.543,-34.303,0.350,2.632720,-0.001057,0.000008,0.000000,0.000000,0.000000,0.000000,0.000000,0.000000,1,0.00
7.310000,0.001,0.002327,0.002327,4.321,7.00,0.000652,-0.001881,-0.000002,-0.000444,-0.001,0.002,7.545,-34.299,0.350,2.632724,-0.001073,0.000008,0.000000,0.000000,0.000000,0.000000,0.000000,0.000000,1,0.00
7.312000,0.001,0.002356,0.002356,4.321,7.00,0.000686,-0.001909,-0.000002,-0.000445,-0.001,0.002,7.547,-34.296,0.350,2.632729,-0.001089,0.000008,0.000000,0.000000,0.000000,0.000000,0.000000,0.000000,1,0.00
7.314000,0.001,0.002427,0.002427,4.321,7.00,0.000719,-0.001936,-0.000002,-0.000488,-0.001,0.002,7.549,-34.292,0.350,2.632733,-0.001104,0.000008,0.000000,0.000000,0.000000,0.000000,0.000000,0.000000,1,0.00
7.316000,0.001,0.002457,0.002457,4.321,7.00,0.000753,-0.001963,-0.000002,-0.000492,-0.001,0.002,7.550,-34.289,0.350,2.632737,-0.001120,0.000008,0.000000,0.000000,0.000000,0.000000,0.000000,0.000000,1,0.00
7.318000,0.001,0.002567,0.002567,4.321,7.00,0.000787,-0.001989,-0.000003,-0.000576,-0.001,0.002,7.552,-34.286,0.350,2.632741,-0.001135,0.000008,0.000000,0.000000,0.000000,0.000000,0.000000,0.000000,1,0.00
7.320000,0.001,0.002513,0.002513,4.321,7.00,0.000823,-0.002015,-0.000003,-0.000496,-0.001,0.002,7.554,-34.282,0.350,2.632745,-0.001149,0.000007,0.000000,0.000000,0.000000,0.000000,0.000000,0.000000,1,0.00
7.322000,0.001,0.002532,0.002532,4.321,7.00,0.000857,-0.002039,-0.000003,-0.000490,-0.001,0.002,7.556,-34.279,0.350,2.632749,-0.001163,0.000007,0.000000,0.000000,0.000000,0.000000,0.000000,0.000000,1,0.00
7.324000,0.001,0.002505,0.002505,4.321,7.00,0.000890,-0.002063,-0.000004,-0.000438,-0.001,0.002,7.558,-34.275,0.350,2.632752,-0.001177,0.000007,0.000000,0.000000,0.000000,0.000000,0.000000,0.000000,1,0.00
7.326000,0.001,0.002494,0.002494,4.321,7.00,0.000922,-0.002085,-0.000004,-0.000405,-0.001,0.002,7.560,-34.272,0.350,2.632756,-0.001190,0.000007,0.000000,0.000000,0.000000,0.000000,0.000000,0.000000,1,0.00
7.328000,0.001,0.002444,0.002444,4.321,7.00,0.000954,-0.002107,-0.000004,-0.000332,-0.001,0.002,7.562,-34.269,0.350,2.632759,-0.001203,0.000007,0.000000,0.000000,0.000000,0.000000,0.000000,0.000000,1,0.00
7.330000,0.001,0.002455,0.002455,4.321,7.00,0.000984,-0.002127,-0.000005,-0.000322,-0.001,0.002,7.564,-34.265,0.350,2.632761,-0.001214,0.000006,0.000000,0.000000,0.000000,0.000000,0.000000,0.000000,1,0.00
7.332000,0.001,0.002448,0.002448,4.321,7.00,0.001013,-0.002147,-0.000005,-0.000295,-0.001,0.002,7.566,-34.262,0.350,2.632764,-0.001226,0.000006,0.000000,0.000000,0.000000,0.000000,0.000000,0.000000,1,0.00
7.334000,0.001,0.002492,0.002492,4.321,7.00,0.001042,-0.002166,-0.000006,-0.000320,-0.001,0.002,7.568,-34.258,0.350,2.632766,-0.001237,0.000006,0.000000,0.000000,0.000000,0.000000,0.000000,0.000000,1,0.00
7.336000,0.001,0.002502,0.002502,4.321,7.00,0.001071,-0.002184,-0.000006,-0.000312,-0.001,0.002,7.569,-34.255,0.350,2.632768,-0.001247,0.000006,0.000000,0.000000,0.000000,0.000000,0.000000,0.000000,1,0.00
7.338000,0.001,0.002485,0.002485,4.321,7.00,0.001099,-0.002201,-0.000006,-0.000278,-0.001,0.002,7.571,-34.252,0.350,2.632771,-0.001257,0.000006,0.000000,0.000000,0.000000,0.000000,0.000000,0.000000,1,0.00
7.340000,0.001,0.002496,0.002496,4.321,7.00,0.001127,-0.002217,-0.000007,-0.000272,-0.001,0.002,7.573,-34.248,0.350,2.632772,-0.001266,0.000006,0.000000,0.000000,0.000000,0.000000,0.000000,0.000000,1,0.00
7.342000,0.001,0.002511,0.002511,4.321,7.00,0.001154,-0.002233,-0.000007,-0.000271,-0.001,0.002,7.575,-34.245,0.350,2.632774,-0.001275,0.000005,0.000000,0.000000,0.000000,0.000000,0.000000,0.000000,1,0.00
7.344000,0.001,0.002476,0.002476,4.321,7.00,0.001181,-0.002247,-0.000008,-0.000221,-0.001,0.002,7.577,-34.241,0.350,2.632776,-0.001284,0.000005,0.000000,0.000000,0.000000,0.000000,0.000000,0.000000,1,0.00
7.346000,0.001,0.002467,0.002467,4.321,7.00,0.001207,-0.002261,-0.000008,-0.000198,-0.001,0.002,7.579,-34.238,0.350,2.632777,-0.001292,0.000005,0.000000,0.000000,0.000000,0.000000,0.000000,0.000000,1,0.00
7.348000,0.001,0.002459,0.002459,4.321,7.00,0.001232,-0.002273,-0.000009,-0.000176,-0.001,0.002,7.581,-34.235,0.350,2.632778,-0.001299,0.000005,0.000000,0.000000,0.000000,0.000000,0.000000,0.000000,1,0.00
7.350000,0.001,0.002455,0.002455,4.321,7.00,0.001257,-0.002285,-0.000010,-0.000160,-0.001,0.002,7.583,-34.231,0.350,2.632779,-0.001306,0.000005,0.000000,0.000000,0.000000,0.000000,0.000000,0.000000,1,0.00
7.352000,0.001,0.002440,0.002440,4.321,7.00,0.001281,-0.002296,-0.000010,-0.000135,-0.001,0.002,7.585,-34.228,0.350,2.632779,-0.001312,0.000004,0.000000,0.000000,0.000000,0.000000,0.000000,0.000000,1,0.00
7.354000,0.001,0.002443,0.002443,4.321,7.00,0.001304,-0.002305,-0.000011,-0.000127,-0.001,0.002,7.587,-34.224,0.350,2.632780,-0.001318,0.000004,0.000000,0.000000,0.000000,0.000000,0.000000,0.000000,1,0.00
7.356000,0.001,0.002444,0.002444,4.321,7.00,0.001327,-0.002314,-0.000011,-0.000119,-0.001,0.002,7.588,-34.221,0.350,2.632780,-0.001323,0.000004,0.000000,0.000000,0.000000,0.000000,0.000000,0.000000,1,0.00
7.358000,0.001,0.002450,0.002450,4.321,7.00,0.001349,-0.002322,-0.000012,-0.000116,-0.001,0.002,7.590,-34.218,0.350,2.632780,-0.001327,0.000004,0.000000,0.000000,0.000000,0.000000,0.000000,0.000000,1,0.00
7.360000,0.001,0.002468,0.002468,4.321,7.00,0.001371,-0.002329,-0.000012,-0.000127,-0.001,0.002,7.592,-34.214,0.350,2.632780,-0.001331,0.000004,0.000000,0.000000,0.000000,0.000000,0.000000,0.000000,1,0.00
7.362000,0.001,0.002454,0.002454,4.321,7.00,0.001393,-0.002335,-0.000012,-0.000106,-0.001,0.002,7.594,-34.211,0.350,2.632780,-0.001335,0.000003,0.000000,0.000000,0.000000,0.000000,0.000000,0.000000,1,0.00
7.364000,0.001,0.002456,0.002456,4.321,7.00,0.001414,-0.002341,-0.000013,-0.000103,-0.001,0.002,7.596,-34.208,0.350,2.632780,-0.001338,0.000003,0.000000,0.000000,0.000000,0.000000,0.000000,0.000000,1,0.00
7.366000,0.001,0.002449,0.002449,4.321,7.00,0.001435,-0.002345,-0.000013,-0.000090,-0.001,0.002,7.598,-34.204,0.350,2.632779,-0.001341,0.000003,0.000000,0.000000,0.000000,0.000000,0.000000,0.000000,1,0.00
7.368000,0.001,0.002444,0.002444,4.321,7.00,0.001455,-0.002348,-0.000014,-0.000082,-0.001,0.002,7.600,-34.201,0.350,2.632779,-0.001343,0.000003,0.000000,0.000000,0.000000,0.000000,0.000000,0.000000,1,0.00
7.370000,0.001,0.002427,0.002427,4.321,7.00,0.001475,-0.002351,-0.000014,-0.000062,-0.001,0.002,7.602,-34.197,0.350,2.632778,-0.001345,0.000003,0.000000,0.000000,0.000000,0.000000,0.000000,0.000000,1,0.00
7.372000,0.001,0.002421,0.002421,4.321,7.00,0.001494,-0.002352,-0.000014,-0.000054,-0.001,0.002,7.604,-34.194,0.350,2.632777,-0.001346,0.000002,0.000000,0.000000,0.000000,0.000000,0.000000,0.000000,1,0.00
7.374000,0.001,0.002405,0.002405,4.321,7.00,0.001512,-0.002353,-0.000014,-0.000037,-0.001,0.002,7.605,-34.191,0.350,2.632776,-0.001346,0.000002,0.000000,0.000000,0.000000,0.000000,0.000000,0.000000,1,0.00
7.376000,0.001,0.002394,0.002394,4.321,7.00,0.001530,-0.002353,-0.000015,-0.000026,-0.001,0.002,7.607,-34.187,0.350,2.632775,-0.001346,0.000002,0.000000,0.000000,0.000000,0.000000,0.000000,0.000000,1,0.00
7.378000,0.001,0.002381,0.002381,4.321,7.00,0.001547,-0.002351,-0.000016,-0.000014,-0.001,0.002,7.609,-34.184,0.350,2.632773,-0.001345,0.000002,0.000000,0.000000,0.000000,0.000000,0.000000,0.000000,1,0.00
7.380000,0.001,0.002356,0.002356,4.321,7.00,0.001564,-0.002349,-0.000016,0.000009,-0.001,0.002,7.611,-34.180,0.350,2.632771,-0.001344,0.000002,0.000000,0.000000,0.000000,0.000000,0.000000,0.000000,1,0.00
7.382000,0.001,0.002340,0.002340,4.321,7.00,0.001580,-0.002346,-0.000016,0.000022,-0.001,0.002,7.613,-34.177,0.350,2.632770,-0.001342,0.000001,0.000000,0.000000,0.000000,0.000000,0.000000,0.000000,1,0.00
7.384000,0.001,0.002319,0.002319,4.321,7.00,0.001595,-0.002341,-0.000017,0.000039,-0.001,0.002,7.615,-34.174,0.350,2.632768,-0.001340,0.000001,0.000000,0.000000,0.000000,0.000000,0.000000,0.000000,1,0.00
7.386000,0.001,0.002302,0.002302,4.321,7.00,0.001610,-0.002336,-0.000017,0.000051,-0.001,0.002,7.617,-34.170,0.350,2.632766,-0.001337,0.000001,0.000000,0.000000,0.000000,0.000000,0.000000,0.000000,1,0.00
7.388000,0.001,0.002283,0.002283,4.321,7.00,0.001623,-0.002330,-0.000018,0.000064,-0.001,0.002,7.619,-34.167,0.350,2.632763,-0.001334,0.000001,0.000000,0.000000,0.000000,0.000000,0.000000,0.000000,1,0.00
7.390000,0.001,0.002274,0.002274,4.321,7.00,0.001637,-0.002323,-0.000018,0.000067,-0.001,0.002,7.621,-34.163,0.350,2.632761,-0.001330,0.000001,0.000000,0.000000,0.000000,0.000000,0.000000,0.000000,1,0.00
7.392000,0.001,0.002236,0.002236,4.321,7.00,0.001649,-0.002315,-0.000018,0.000097,-0.001,0.001,7.623,-34.160,0.350,2.632758,-0.001325,0.000000,0.000000,0.000000,0.000000,0.000000,0.000000,0.000000,1,0.00
7.394000,0.001,0.002208,0.002208,4.321,7.00,0.001661,-0.002306,-0.000019,0.000116,-0.001,0.001,7.624,-34.157,0.350,2.632755,-0.001320,0.000000,0.000000,0.000000,0.000000,0.000000,0.000000,0.000000,1,0.00
7.396000,0.001,0.002164,0.002164,4.321,7.00,0.001672,-0.002295,-0.000019,0.000150,-0.001,0.001,7.626,-34.153,0.350,2.632752,-0.001314,-0.000000,0.000000,0.000000,0.000000,0.000000,0.000000,0.000000,1,0.00
7.398000,0.001,0.002130,0.002130,4.321,7.00,0.001682,-0.002284,-0.000019,0.000174,-0.001,0.001,7.628,-34.150,0.350,2.632749,-0.001308,-0.000000,0.000000,0.000000,0.000000,0.000000,0.000000,0.000000,1,0.00
7.400000,0.001,0.002273,0.002273,4.321,7.00,0.001691,-0.002272,0.000000,-0.000001,0.000,0.002,7.630,-34.146,0.350,2.632746,-0.001301,-0.000000,0.000000,0.000000,0.000000,0.000000,0.000000,0.000000,1,0.00
7.402000,0.001,0.002238,0.002238,4.321,7.00,0.001702,-0.002260,-0.000001,0.000022,0.000,0.001,7.632,-34.143,0.350,2.632743,-0.001294,-0.000001,0.000000,0.000000,0.000000,0.000000,0.000000,0.000000,1,0.00
7.404000,0.001,0.002177,0.002177,4.321,7.00,0.001713,-0.002246,-0.000001,0.000070,0.000,0.001,7.634,-34.140,0.350,2.632740,-0.001287,-0.000001,0.000000,0.000000,0.000000,0.000000,0.000000,0.000000,1,0.00
7.406000,0.001,0.002129,0.002129,4.321,7.00,0.001722,-0.002232,-0.000001,0.000104,0.000,0.001,7.636,-34.136,0.350,2.632736,-0.001278,-0.000001,0.000000,0.000000,0.000000,0.000000,0.000000,0.000000,1,0.00
7.408000,0.001,0.002071,0.002071,4.321,7.00,0.001730,-0.002216,-0.000002,0.000147,-0.001,0.001,7.638,-34.133,0.350,2.632732,-0.001270,-0.000001,0.000000,0.000000,0.000000,0.000000,0.000000,0.000000,1,0.00
7.410000,0.001,0.001999,0.001999,4.321,7.00,0.001737,-0.002200,-0.000002,0.000202,-0.001,0.001,7.640,-34.129,0.350,2.632728,-0.001260,-0.000001,0.000000,0.000000,0.000000,0.000000,0.000000,0.000000,1,0.00
7.412000,0.001,0.001969,0.001969,4.321,7.00,0.001742,-0.002182,-0.000003,0.000215,-0.001,0.001,7.641,-34.126,0.350,2.632724,-0.001250,-0.000001,0.000000,0.000000,0.000000,0.000000,0.000000,0.000000,1,0.00
7.414000,0.001,0.001938,0.001938,4.321,7.00,0.001747,-0.002163,-0.000003,0.000228,-0.001,0.001,7.643,-34.123,0.350,2.632720,-0.001239,-0.000002,0.000000,0.000000,0.000000,0.000000,0.000000,0.000000,1,0.00
7.416000,0.001,0.001882,0.001882,4.321,7.00,0.001751,-0.002143,-0.000003,0.000265,-0.001,0.001,7.645,-34.119,0.350,2.632715,-0.001228,-0.000002,0.000000,0.000000,0.000000,0.000000,0.000000,0.000000,1,0.00
7.418000,0.001,0.001833,0.001833,4.321,7.00,0.001753,-0.002122,-0.000004,0.000293,-0.001,0.001,7.647,-34.116,0.350,2.632710,-0.001216,-0.000002,0.000000,0.000000,0.000000,0.000000,0.000000,0.000000,1,0.00
7.420000,0.001,0.001817,0.001817,4.321,7.00,0.001755,-0.002100,-0.000004,0.000288,-0.001,0.001,7.649,-34.112,0.350,2.632705,-0.001204,-0.000002,0.000000,0.000000,0.000000,0.000000,0.000000,0.000000,1,0.00
7.422000,0.001,0.001774,0.001774,4.321,7.00,0.001756,-0.002078,-0.000004,0.000308,-0.001,0.001,7.651,-34.109,0.350,2.632700,-0.001191,-0.000002,0.000000,0.000000,0.000000,0.000000,0.000000,0.000000,1,0.00
7.424000,0.001,0.001722,0.001722,4.321,7.00,0.001756,-0.002054,-0.000005,0.000337,-0.001,0.001,7.653,-34.106,0.350,2.632695,-0.001177,-0.000002,0.000000,0.000000,0.000000,0.000000,0.000000,0.000000,1,0.00
7.426000,0.001,0.001710,0.001710,4.321,7.00,0.001756,-0.002029,-0.000005,0.000325,-0.001,0.001,7.655,-34.102,0.350,2.632689,-0.001163,-0.000003,0.000000,0.000000,0.000000,0.000000,0.000000,0.000000,1,0.00
7.428000,0.001,0.001689,0.001689,4.321,7.00,0.001755,-0.002004,-0.000006,0.000321,-0.001,0.001,7.657,-34.099,0.350,2.632684,-0.001149,-0.000003,0.000000,0.000000,0.000000,0.000000,0.000000,0.000000,1,0.00
7.430000,0.001,0.001647,0.001647,4.321,7.00,0.001754,-0.001978,-0.000006,0.000337,-0.001,0.001,7.658,-34.095,0.350,2.632679,-0.001134,-0.000003,0.000000,0.000000,0.000000,0.000000,0.000000,0.000000,1,0.00
7.432000,0.001,0.001649,0.001649,4.321,7.00,0.001751,-0.001951,-0.000007,0.000309,-0.001,0.001,7.660,-34.092,0.350,2.632673,-0.001118,-0.000003,0.000000,0.000000,0.000000,0.000000,0.000000,0.000000,1,0.00
7.434000,0.001,0.001624,0.001624,4.321,7.00,0.001749,-0.001923,-0.000007,0.000306,-0.001,0.001,7.662,-34.089,0.350,2.632667,-0.001103,-0.000003,0.000000,0.000000,0.000000,0.000000,0.000000,0.000000,1,0.00
7.436000,0.001,0.001600,0.001600,4.321,7.00,0.001747,-0.001894,-0.000008,0.000302,-0.001,0.001,7.664,-34.085,0.350,2.632662,-0.001086,-0.000003,0.000000,0.000000,0.000000,0.000000,0.000000,0.000000,1,0.00
7.438000,0.001,0.001542,0.001542,4.321,7.00,0.001744,-0.001864,-0.000008,0.000330,-0.001,0.001,7.666,-34.082,0.350,2.632656,-0.001069,-0.000003,0.000000,0.000000,0.000000,0.000000,0.000000,0.000000,1,0.00
7.440000,0.001,0.001511,0.001511,4.321,7.00,0.001740,-0.001834,-0.000008,0.000331,-0.001,0.001,7.668,-34.078,0.350,2.632650,-0.001052,-0.000004,0.000000,0.000000,0.000000,0.000000,0.000000,0.000000,1,0.00
7.442000,0.001,0.001404,0.001404,4.321,7.00,0.001735,-0.001802,-0.000009,0.000406,-0.001,0.001,7.670,-34.075,0.350,2.632644,-0.001034,-0.000004,0.000000,0.000000,0.000000,0.000000,0.000000,0.000000,1,0.00
7.444000,0.001,0.001306,0.001306,4.321,7.00,0.001729,-0.001769,-0.000009,0.000472,-0.001,0.001,7.672,-34.072,0.350,2.632637,-0.001015,-0.000004,0.000000,0.000000,0.000000,0.000000,0.000000,0.000000,1,0.00
7.446000,0.001,0.001206,0.001206,4.321,7.00,0.001720,-0.001736,-0.000009,0.000539,-0.001,0.001,7.674,-34.068,0.350,2.632630,-0.000996,-0.000004,0.000000,0.000000,0.000000,0.000000,0.000000,0.000000,1,0.00
7.448000,0.001,0.001189,0.001189,4.321,7.00,0.001710,-0.001701,-0.000010,0.000522,-0.001,0.001,7.675,-34.065,0.350,2.632623,-0.000976,-0.000004,0.000000,0.000000,0.000000,0.000000,0.000000,0.000000,1,0.00
7.450000,0.001,0.001110,0.001110,4.321,7.00,0.001699,-0.001665,-0.000010,0.000565,-0.001,0.001,7.677,-34.061,0.350,2.632616,-0.000956,-0.000004,0.000000,0.000000,0.000000,0.000000,0.000000,0.000000,1,0.00
7.452000,0.001,0.001042,0.001042,4.321,7.00,0.001688,-0.001628,-0.000010,0.000597,-0.001,0.001,7.679,-34.058,0.350,2.632609,-0.000935,-0.000004,0.000000,0.000000,0.000000,0.000000,0.000000,0.000000,1,0.00
7.454000,0.001,0.001083,0.001083,4.321,7.00,0.001675,-0.001591,-0.000010,0.000518,-0.001,0.001,7.681,-34.055,0.350,2.632601,-0.000913,-0.000004,0.000000,0.000000,0.000000,0.000000,0.000000,0.000000,1,0.00
7.456000,0.001,0.001048,0.001048,4.321,7.00,0.001663,-0.001553,-0.000011,0.000515,-0.001,0.001,7.683,-34.051,0.350,2.632594,-0.000892,-0.000004,0.000000,0.000000,0.000000,0.000000,0.000000,0.000000,1,0.00
7.458000,0.001,0.001009,0.001009,4.321,7.00,0.001651,-0.001514,-0.000011,0.000516,-0.001,0.001,7.685,-34.048,0.350,2.632587,-0.000869,-0.000005,0.000000,0.000000,0.000000,0.000000,0.000000,0.000000,1,0.00
7.460000,0.001,0.000900,0.000900,4.321,7.00,0.001638,-0.001474,-0.000011,0.000585,-0.001,0.001,7.687,-34.044,0.350,2.632580,-0.000847,-0.000005,0.000000,0.000000,0.000000,0.000000,0.000000,0.000000,1,0.00
7.462000,0.001,0.000842,0.000842,4.321,7.00,0.001623,-0.001434,-0.000011,0.000603,-0.001,0.001,7.689,-34.041,0.350,2.632572,-0.000824,-0.000005,0.000000,0.000000,0.000000,0.000000,0.000000,0.000000,1,0.00
7.464000,0.001,0.000677,0.000677,4.321,7.00,0.001607,-0.001392,-0.000012,0.000727,-0.001,0.000,7.691,-34.038,0.350,2.632564,-0.000800,-0.000005,0.000000,0.000000,0.000000,0.000000,0.000000,0.000000,1,0.00
7.466000,0.001,0.000605,0.000605,4.321,7.00,0.001589,-0.001350,-0.000012,0.000756,-0.001,0.000,7.693,-34.034,0.350,2.632556,-0.000775,-0.000005,0.000000,0.000000,0.000000,0.000000,0.000000,0.000000,1,0.00
7.468000,0.001,0.000545,0.000545,4.321,7.00,0.001569,-0.001306,-0.000012,0.000772,-0.001,0.000,7.694,-34.031,0.350,2.632548,-0.000750,-0.000005,0.000000,0.000000,0.000000,0.000000,0.000000,0.000000,1,0.00
7.470000,0.001,0.000545,0.000545,4.321,7.00,0.001549,-0.001261,-0.000012,0.000729,-0.001,0.000,7.696,-34.027,0.350,2.632539,-0.000725,-0.000005,0.000000,0.000000,0.000000,0.000000,0.000000,0.000000,1,0.00
7.472000,0.001,0.000453,0.000453,4.321,7.00,0.001529,-0.001216,-0.000012,0.000775,-0.001,0.000,7.698,-34.024,0.350,2.632531,-0.000699,-0.000005,0.000000,0.000000,0.000000,0.000000,0.000000,0.000000,1,0.00
7.474000,0.001,0.000504,0.000504,4.321,7.00,0.001507,-0.001171,-0.000013,0.000679,-0.001,0.000,7.700,-34.021,0.350,2.632522,-0.000673,-0.000005,0.000000,0.000000,0.000000,0.000000,0.000000,0.000000,1,0.00
7.476000,0.001,0.000456,0.000456,4.321,7.00,0.001487,-0.001124,-0.000013,0.000681,-0.001,0.000,7.702,-34.017,0.350,2.632514,-0.000647,-0.000005,0.000000,0.000000,0.000000,0.000000,0.000000,0.000000,1,0.00
7.478000,0.001,0.000233,0.000233,4.321,7.00,0.001467,-0.001078,-0.000013,0.000858,-0.001,0.000,7.704,-34.014,0.350,2.632506,-0.000620,-0.000005,0.000000,0.000000,0.000000,0.000000,0.000000,0.000000,1,0.00
7.480000,0.001,0.000138,0.000138,4.321,7.00,0.001442,-0.001029,-0.000013,0.000904,-0.001,0.000,7.706,-34.010,0.350,2.632497,-0.000592,-0.000005,0.000000,0.000000,0.000000,0.000000,0.000000,0.000000,1,0.00
7.482000,0.000,0.000109,0.000109,4.321,7.00,0.001416,-0.000980,-0.000013,0.000885,-0.001,0.000,7.708,-34.007,0.350,2.632488,-0.000564,-0.000005,0.000000,0.000000,0.000000,0.000000,0.000000,0.000000,1,0.00
7.484000,0.000,-0.000019,-0.000019,4.321,7.00,0.001390,-0.000930,-0.000013,0.000962,-0.001,0.000,7.710,-34.004,0.350,2.632479,-0.000536,-0.000005,0.000000,0.000000,0.000000,0.000000,0.000000,0.000000,1,0.00
7.486000,0.000,-0.000044,-0.000044,4.321,7.00,0.001362,-0.000879,-0.000014,0.000937,-0.001,0.000,7.711,-34.000,0.350,2.632469,-0.000507,-0.000005,0.000000,0.000000,0.000000,0.000000,0.000000,0.000000,1,0.00
7.488000,0.000,0.000022,0.000022,4.321,7.00,0.001334,-0.000828,-0.000014,0.000820,-0.001,0.000,7.713,-33.997,0.350,2.632460,-0.000477,-0.000005,0.000000,0.000000,0.000000,0.000000,0.000000,0.000000,1,0.00
7.490000,0.000,0.000066,0.000066,4.321,7.00,0.001307,-0.000777,-0.000014,0.000724,-0.000,0.000,7.715,-33.993,0.350,2.632451,-0.000448,-0.000005,0.000000,0.000000,0.000000,0.000000,0.000000,0.000000,1,0.00
7.492000,0.000,-0.000017,-0.000017,4.321,7.00,0.001283,-0.000725,-0.000014,0.000756,-0.000,0.000,7.717,-33.990,0.350,2.632443,-0.000418,-0.000005,0.000000,0.000000,0.000000,0.000000,0.000000,0.000000,1,0.00
7.494000,0.000,0.000010,0.000010,4.321,7.00,0.001257,-0.000673,-0.000014,0.000677,-0.000,0.000,7.719,-33.987,0.350,2.632434,-0.000388,-0.000005,0.000000,0.000000,0.000000,0.000000,0.000000,0.000000,1,0.00
7.496000,0.000,-0.000079,-0.000079,4.321,7.00,0.001232,-0.000621,-0.000014,0.000714,-0.000,0.000,7.721,-33.983,0.350,2.632426,-0.000358,-0.000005,0.000000,0.000000,0.000000,0.000000,0.000000,0.000000,1,0.00
7.498000,0.000,-0.000237,-0.000237,4.321,7.00,0.001205,-0.000567,-0.000014,0.000819,-0.000,0.000,7.723,-33.980,0.350,2.632417,-0.000328,-0.000005,0.000000,0.000000,0.000000,0.000000,0.000000,0.000000,1,0.00
7.500000,0.000,0.000513,0.000513,4.321,7.00,0.001177,-0.000513,0.000000,-0.000000,0.000,0.000,7.725,-33.976,0.350,2.632409,-0.000297,-0.000005,0.000000,0.000000,0.000000,0.000000,0.000000,0.000000,1,0.00
7.502000,0.000,0.000269,0.000269,4.321,7.00,0.001163,-0.000462,-0.000000,0.000193,0.000,0.000,7.726,-33.973,0.350,2.632403,-0.000268,-0.000005,0.000000,0.000000,0.000000,0.000000,0.000000,0.000000,1,0.00
7.504000,0.000,0.000120,0.000120,4.321,7.00,0.001146,-0.000409,-0.000000,0.000289,0.000,0.000,7.728,-33.970,0.350,2.632396,-0.000237,-0.000005,0.000000,0.000000,0.000000,0.000000,0.000000,0.000000,1,0.00
7.506000,0.000,-0.000110,-0.000110,4.321,7.00,0.001125,-0.000356,-0.000000,0.000466,0.000,0.000,7.730,-33.966,0.350,2.632389,-0.000207,-0.000005,0.000000,0.000000,0.000000,0.000000,0.000000,0.000000,1,0.00
7.508000,0.000,-0.000276,-0.000276,4.321,7.00,0.001100,-0.000300,-0.000000,0.000577,-0.000,0.000,7.732,-33.963,0.350,2.632381,-0.000175,-0.000005,0.000000,0.000000,0.000000,0.000000,0.000000,0.000000,1,0.00
7.510000,0.000,-0.000512,-0.000512,4.321,7.00,0.001073,-0.000244,-0.000000,0.000756,-0.000,0.000,7.734,-33.959,0.350,2.632372,-0.000143,-0.000005,0.000000,0.000000,0.000000,0.000000,0.000000,0.000000,1,0.00
7.512000,0.000,-0.000491,-0.000491,4.321,7.00,0.001041,-0.000186,-0.000000,0.000677,-0.000,0.000,7.736,-33.956,0.350,2.632364,-0.000110,-0.000005,0.000000,0.000000,0.000000,0.000000,0.000000,0.000000,1,0.00
7.514000,0.000,-0.000611,-0.000611,4.321,7.00,0.001011,-0.000128,-0.000000,0.000740,-0.000,0.000,7.738,-33.953,0.350,2.632355,-0.000076,-0.000005,0.000000,0.000000,0.000000,0.000000,0.000000,0.000000,1,0.00
7.516000,0.000,-0.000670,-0.000670,4.321,7.00,0.000978,-0.000070,-0.000000,0.000740,-0.000,0.000,7.740,-33.949,0.350,2.632346,-0.000043,-0.000005,0.000000,0.000000,0.000000,0.000000,0.000000,0.000000,1,0.00
7.518000,0.000,-0.000831,-0.000831,4.321,7.00,0.000945,-0.000010,-0.000000,0.000842,-0.000,0.001,7.742,-33.946,0.350,2.632337,-0.000009,-0.000005,0.000000,0.000000,0.000000,0.000000,0.000000,0.000000,1,0.00
7.520000,-0.000,-0.000890,-0.000890,4.321,7.00,0.000910,0.000050,-0.000000,0.000841,-0.000,0.001,7.743,-33.942,0.350,2.632328,0.000026,-0.000005,0.000000,0.000000,0.000000,0.000000,0.000000,0.000000,1,0.00
7.522000,-0.000,-0.001031,-0.001031,4.321,7.00,0.000874,0.000110,-0.000000,0.000921,-0.000,0.001,7.745,-33.939,0.350,2.632318,0.000060,-0.000005,0.000000,0.000000,0.000000,0.000000,0.000000,0.000000,1,0.00
7.524000,-0.000,-0.001075,-0.001075,4.321,7.00,0.000836,0.000172,-0.000000,0.000903,-0.000,0.001,7.747,-33.936,0.350,2.632309,0.000095,-0.000005,0.000000,0.000000,0.000000,0.000000,0.000000,0.000000,1,0.00
7.526000,-0.000,-0.001091,-0.001091,4.321,7.00,0.000798,0.000234,-0.000000,0.000857,-0.000,0.001,7.749,-33.932,0.350,2.632299,0.000131,-0.000005,0.000000,0.000000,0.000000,0.000000,0.000000,0.000000,1,0.00
7.528000,-0.000,-0.001103,-0.001103,4.321,7.00,0.000760,0.000296,-0.000000,0.000808,0.000,0.001,7.751,-33.929,0.350,2.632290,0.000166,-0.000005,0.000000,0.000000,0.000000,0.000000,0.000000,0.000000,1,0.00
7.530000,-0.000,-0.001220,-0.001220,4.321,7.00,0.000723,0.000358,-0.000000,0.000863,0.000,0.001,7.753,-33.925,0.350,2.632281,0.000202,-0.000005,0.000000,0.000000,0.000000,0.000000,0.000000,0.000000,1,0.00
7.532000,-0.000,-0.001281,-0.001281,4.321,7.00,0.000684,0.000420,-0.000000,0.000861,0.000,0.001,7.755,-33.922,0.350,2.632272,0.000238,-0.000005,0.000000,0.000000,0.000000,0.000000,0.000000,0.000000,1,0.00
7.534000,-0.000,-0.001375,-0.001375,4.321,7.00,0.000645,0.000484,-0.000000,0.000891,0.000,0.001,7.757,-33.919,0.350,2.632263,0.000274,-0.000005,0.000000,0.000000,0.000000,0.000000,0.000000,0.000000,1,0.00
7.536000,-0.000,-0.001494,-0.001494,4.321,7.00,0.000604,0.000547,0.000000,0.000947,0.000,0.001,7.759,-33.915,0.350,2.632254,0.000310,-0.000005,0.000000,0.000000,0.000000,0.000000,0.000000,0.000000,1,0.00
7.538000,-0.000,-0.001514,-0.001514,4.321,7.00,0.000562,0.000611,0.000000,0.000903,0.000,0.001,7.760,-33.912,0.350,2.632245,0.000347,-0.000005,0.000000,0.000000,0.000000,0.000000,0.000000,0.000000,1,0.00
7.540000,-0.000,-0.001528,-0.001528,4.321,7.00,0.000521,0.000676,0.000000,0.000852,0.000,0.001,7.762,-33.908,0.350,2.632235,0.000384,-0.000005,0.000000,0.000000,0.000000,0.000000,0.000000,0.000000,1,0.00
7.542000,-0.000,-0.001544,-0.001544,4.321,7.00,0.000480,0.000740,0.000000,0.000803,0.000,0.001,7.764,-33.905,0.350,2.632226,0.000421,-0.000005,0.000000,0.000000,0.000000,0.000000,0.000000,0.000000,1,0.00
7.544000,-0.000,-0.001610,-0.001610,4.321,7.00,0.000439,0.000805,0.000001,0.000804,0.000,0.001,7.766,-33.902,0.350,2.632218,0.000458,-0.000005,0.000000,0.000000,0.000000,0.000000,0.000000,0.000000,1,0.00
7.546000,-0.000,-0.001703,-0.001703,4.321,7.00,0.000398,0.000870,0.000001,0.000833,0.000,0.001,7.768,-33.898,0.350,2.632209,0.000495,-0.000005,0.000000,0.000000,0.000000,0.000000,0.000000,0.000000,1,0.00
7.548000,-0.000,-0.001988,-0.001988,4.321,7.00,0.000356,0.000935,0.000001,0.001052,0.000,0.001,7.770,-33.895,0.350,2.632200,0.000533,-0.000005,0.000000,0.000000,0.000000,0.000000,0.000000,0.000000,1,0.00
7.550000,-0.001,-0.002027,-0.002027,4.321,7.00,0.000310,0.001002,0.000001,0.001024,0.000,0.001,7.772,-33.891,0.350,2.632191,0.000571,-0.000005,0.000000,0.000000,0.000000,0.000000,0.000000,0.000000,1,0.00
7.552000,-0.001,-0.002101,-0.002101,4.321,7.00,0.000263,0.001069,0.000001,0.001031,0.000,0.001,7.774,-33.888,0.350,2.632182,0.000609,-0.000005,0.000000,0.000000,0.000000,0.000000,0.000000,0.000000,1,0.00
7.554000,-0.001,-0.002295,-0.002295,4.321,7.00,0.000216,0.001136,0.000001,0.001158,0.000,0.002,7.776,-33.885,0.350,2.632172,0.000648,-0.000005,0.000000,0.000000,0.000000,0.000000,0.000000,0.000000,1,0.00
7.556000,-0.001,-0.002269,-0.002269,4.321,7.00,0.000165,0.001203,0.000002,0.001064,0.000,0.002,7.777,-33.881,0.350,2.632163,0.000686,-0.000005,0.000000,0.000000,0.000000,0.000000,0.000000,0.000000,1,0.00
7.558000,-0.001,-0.002113,-0.002113,4.321,7.00,0.000117,0.001271,0.000002,0.000840,0.001,0.001,7.779,-33.878,0.350,2.632154,0.000725,-0.000005,0.000000,0.000000,0.000000,0.000000,0.000000,0.000000,1,0.00
7.560000,-0.001,-0.002240,-0.002240,4.321,7.00,0.000072,0.001338,0.000002,0.000900,0.001,0.001,7.781,-33.874,0.350,2.632145,0.000763,-0.000005,0.000000,0.000000,0.000000,0.000000,0.000000,0.000000,1,0.00
7.562000,-0.001,-0.002334,-0.002334,4.321,7.00,0.000026,0.001405,0.000003,0.000926,0.001,0.002,7.783,-33.871,0.350,2.632137,0.000802,-0.000005,0.000000,0.000000,0.000000,0.000000,0.000000,0.000000,1,0.00
7.564000,-0.001,-0.002288,-0.002288,4.321,7.00,-0.000021,0.001473,0.000003,0.000812,0.001,0.002,7.785,-33.868,0.350,2.632128,0.000841,-0.000005,0.000000,0.000000,0.000000,0.000000,0.000000,0.000000,1,0.00
7.566000,-0.001,-0.002439,-0.002439,4.321,7.00,-0.000066,0.001540,0.000003,0.000896,0.001,0.002,7.787,-33.864,0.350,2.632120,0.000879,-0.000005,0.000000,0.000000,0.000000,0.000000,0.000000,0.000000,1,0.00
7.568000,-0.001,-0.002502,-0.002502,4.321,7.00,-0.000114,0.001607,0.000004,0.000891,0.001,0.002,7.789,-33.861,0.350,2.632112,0.000918,-0.000005,0.000000,0.000000,0.000000,0.000000,0.000000,0.000000,1,0.00
7.570000,-0.001,-0.002551,-0.002551,4.321,7.00,-0.000162,0.001675,0.000004,0.000872,0.001,0.002,7.791,-33.857,0.350,2.632104,0.000957,-0.000005,0.000000,0.000000,0.000000,0.000000,0.000000,0.000000,1,0.00
7.572000,-0.001,-0.002554,-0.002554,4.321,7.00,-0.000209,0.001743,0.000004,0.000807,0.001,0.002,7.792,-33.854,0.350,2.632096,0.000996,-0.000005,0.000000,0.000000,0.000000,0.000000,0.000000,0.000000,1,0.00
7.574000,-0.001,-0.002579,-0.002579,4.321,7.00,-0.000256,0.001811,0.000005,0.000763,0.001,0.002,7.794,-33.851,0.350,2.632088,0.001034,-0.000005,0.000000,0.000000,0.000000,0.000000,0.000000,0.000000,1,0.00
7.576000,-0.001,-0.002733,-0.002733,4.321,7.00,-0.000303,0.001879,0.000005,0.000849,0.001,0.002,7.796,-33.847,0.350,2.632080,0.001073,-0.000005,0.000000,0.000000,0.000000,0.000000,0.000000,0.000000,1,0.00
7.578000,-0.001,-0.002954,-0.002954,4.321,7.00,-0.000351,0.001947,0.000005,0.001002,0.001,0.002,7.798,-33.844,0.350,2.632073,0.001112,-0.000005,0.000000,0.000000,0.000000,0.000000,0.000000,0.000000,1,0.00
7.580000,-0.001,-0.002970,-0.002970,4.321,7.00,-0.000403,0.002016,0.000006,0.000948,0.001,0.002,7.800,-33.840,0.350,2.632064,0.001152,-0.000005,0.000000,0.000000,0.000000,0.000000,0.000000,0.000000,1,0.00
7.582000,-0.001,-0.003105,-0.003105,4.321,7.00,-0.000455,0.002085,0.000006,0.001014,0.001,0.002,7.802,-33.837,0.350,2.632056,0.001191,-0.000005,0.000000,0.000000,0.000000,0.000000,0.000000,0.000000,1,0.00
7.584000,-0.001,-0.003165,-0.003165,4.321,7.00,-0.000508,0.002154,0.000007,0.001005,0.001,0.002,7.804,-33.834,0.350,2.632048,0.001231,-0.000005,0.000000,0.000000,0.000000,0.000000,0.000000,0.000000,1,0.00
7.586000,-0.001,-0.003182,-0.003182,4.321,7.00,-0.000561,0.002223,0.000007,0.000952,0.001,0.002,7.806,-33.830,0.350,2.632040,0.001270,-0.000005,0.000000,0.000000,0.000000,0.000000,0.000000,0.000000,1,0.00
7.588000,-0.001,-0.003199,-0.003199,4.321,7.00,-0.000613,0.002292,0.000008,0.000900,0.001,0.002,7.808,-33.827,0.350,2.632032,0.001310,-0.000005,0.000000,0.000000,0.000000,0.000000,0.000000,0.000000,1,0.00
7.590000,-0.001,-0.003234,-0.003234,4.321,7.00,-0.000665,0.002360,0.000008,0.000865,0.001,0.002,7.809,-33.823,0.350,2.632025,0.001349,-0.000005,0.000000,0.000000,0.000000,0.000000,0.000000,0.000000,1,0.00
7.592000,-0.001,-0.003268,-0.003268,4.321,7.00,-0.000716,0.002429,0.000009,0.000831,0.001,0.002,7.811,-33.820,0.350,2.632018,0.001388,-0.000005,0.000000,0.000000,0.000000,0.000000,0.000000,0.000000,1,0.00
7.594000,-0.001,-0.003311,-0.003311,4.321,7.00,-0.000767,0.002497,0.000010,0.000805,0.001,0.002,7.813,-33.817,0.350,2.632011,0.001427,-0.000005,0.000000,0.000000,0.000000,0.000000,0.000000,0.000000,1,0.00
7.596000,-0.001,-0.003248,-0.003248,4.321,7.00,-0.000818,0.002565,0.000010,0.000673,0.001,0.002,7.815,-33.813,0.350,2.632004,0.001466,-0.000005,0.000000,0.000000,0.000000,0.000000,0.000000,0.000000,1,0.00
7.598000,-0.001,-0.003340,-0.003340,4.321,7.00,-0.000867,0.002632,0.000011,0.000696,0.001,0.002,7.817,-33.810,0.350,2.631998,0.001505,-0.000005,0.000000,0.000000,0.000000,0.000000,0.000000,0.000000,1,0.00
7.600000,-0.001,-0.002701,-0.002701,4.321,7.00,-0.000916,0.002700,0.000000,0.000001,0.000,0.002,7.819,-33.806,0.350,2.631992,0.001544,-0.000005,0.000000,0.000000,0.000000,0.000000,0.000000,0.000000,1,0.00
7.602000,-0.001,-0.002977,-0.002977,4.321,7.00,-0.000952,0.002764,0.000000,0.000212,0.000,0.002,7.821,-33.803,0.350,2.631988,0.001580,-0.000005,0.000000,0.000000,0.000000,0.000000,0.000000,0.000000,1,0.00
7.604000,-0.001,-0.003172,-0.003172,4.321,7.00,-0.000992,0.002829,0.000001,0.000342,0.000,0.002,7.823,-33.800,0.350,2.631984,0.001618,-0.000005,0.000000,0.000000,0.000000,0.000000,0.000000,0.000000,1,0.00
7.606000,-0.001,-0.003450,-0.003450,4.321,7.00,-0.001036,0.002895,0.000002,0.000553,0.000,0.002,7.825,-33.796,0.350,2.631979,0.001655,-0.000005,0.000000,0.000000,0.000000,0.000000,0.000000,0.000000,1,0.00
7.608000,-0.001,-0.003659,-0.003659,4.321,7.00,-0.001084,0.002962,0.000002,0.000695,0.001,0.002,7.826,-33.793,0.350,2.631973,0.001693,-0.000005,0.000000,0.000000,0.000000,0.000000,0.000000,0.000000,1,0.00
7.610000,-0.002,-0.003852,-0.003852,4.321,7.00,-0.001135,0.003029,0.000003,0.000820,0.001,0.003,7.828,-33.789,0.350,2.631967,0.001732,-0.000005,0.000000,0.000000,0.000000,0.000000,0.000000,0.000000,1,0.00
7.612000,-0.002,-0.003869,-0.003869,4.321,7.00,-0.001190,0.003097,0.000004,0.000768,0.001,0.003,7.830,-33.786,0.350,2.631961,0.001771,-0.000005,0.000000,0.000000,0.000000,0.000000,0.000000,0.000000,1,0.00
7.614000,-0.002,-0.004159,-0.004159,4.321,7.00,-0.001243,0.003164,0.000004,0.000991,0.001,0.003,7.832,-33.783,0.350,2.631955,0.001809,-0.000005,0.000000,0.000000,0.000000,0.000000,0.000000,0.000000,1,0.00
7.616000,-0.002,-0.004139,-0.004139,4.321,7.00,-0.001301,0.003232,0.000005,0.000902,0.001,0.003,7.834,-33.779,0.350,2.631948,0.001848,-0.000005,0.000000,0.000000,0.000000,0.000000,0.000000,0.000000,1,0.00
7.618000,-0.002,-0.004217,-0.004217,4.321,7.00,-0.001358,0.003300,0.000006,0.000911,0.002,0.003,7.836,-33.776,0.350,2.631942,0.001887,-0.000005,0.000000,0.000000,0.000000,0.000000,0.000000,0.000000,1,0.00
7.620000,-0.002,-0.004479,-0.004479,4.321,7.00,-0.001415,0.003367,0.000006,0.001106,0.002,0.003,7.838,-33.772,0.350,2.631936,0.001926,-0.000006,0.000000,0.000000,0.000000,0.000000,0.000000,0.000000,1,0.00
7.622000,-0.002,-0.004523,-0.004523,4.321,7.00,-0.001477,0.003435,0.000007,0.001081,0.002,0.003,7.840,-33.769,0.350,2.631929,0.001965,-0.000006,0.000000,0.000000,0.000000,0.000000,0.000000,0.000000,1,0.00
7.624000,-0.002,-0.004346,-0.004346,4.321,7.00,-0.001537,0.003503,0.000008,0.000836,0.002,0.003,7.842,-33.766,0.350,2.631922,0.002003,-0.000006,0.000000,0.000000,0.000000,0.000000,0.000000,0.000000,1,0.00
7.626000,-0.002,-0.004520,-0.004520,4.321,7.00,-0.001594,0.003569,0.000009,0.000943,0.002,0.003,7.843,-33.762,0.350,2.631917,0.002041,-0.000006,0.000000,0.000000,0.000000,0.000000,0.000000,0.000000,1,0.00
7.628000,-0.002,-0.004664,-0.004664,4.321,7.00,-0.001652,0.003635,0.000009,0.001019,0.002,0.003,7.845,-33.759,0.350,2.631912,0.002079,-0.000006,0.000000,0.000000,0.000000,0.000000,0.000000,0.000000,1,0.00
7.630000,-0.002,-0.004605,-0.004605,4.321,7.00,-0.001712,0.003702,0.000010,0.000893,0.002,0.003,7.847,-33.755,0.350,2.631906,0.002117,-0.000006,0.000000,0.000000,0.000000,0.000000,0.000000,0.000000,1,0.00
7.632000,-0.002,-0.004672,-0.004672,4.321,7.00,-0.001770,0.003768,0.000011,0.000894,0.002,0.003,7.849,-33.752,0.350,2.631900,0.002155,-0.000006,0.000000,0.000000,0.000000,0.000000,0.000000,0.000000,1,0.00
7.634000,-0.002,-0.004826,-0.004826,4.321,7.00,-0.001828,0.003833,0.000011,0.000982,0.002,0.003,7.851,-33.749,0.350,2.631895,0.002192,-0.000006,0.000000,0.000000,0.000000,0.000000,0.000000,0.000000,1,0.00
7.636000,-0.002,-0.004845,-0.004845,4.321,7.00,-0.001888,0.003898,0.000012,0.000935,0.002,0.003,7.853,-33.745,0.350,2.631890,0.002230,-0.000006,0.000000,0.000000,0.000000,0.000000,0.000000,0.000000,1,0.00
7.638000,-0.002,-0.004975,-0.004975,4.321,7.00,-0.001947,0.003963,0.000012,0.001000,0.002,0.003,7.855,-33.742,0.350,2.631885,0.002267,-0.000006,0.000000,0.000000,0.000000,0.000000,0.000000,0.000000,1,0.00
7.640000,-0.002,-0.004954,-0.004954,4.321,7.00,-0.002008,0.004028,0.000014,0.000913,0.002,0.003,7.857,-33.738,0.350,2.631880,0.002304,-0.000006,0.000000,0.000000,0.000000,0.000000,0.000000,0.000000,1,0.00
7.642000,-0.002,-0.005059,-0.005059,4.321,7.00,-0.002067,0.004092,0.000014,0.000953,0.002,0.003,7.858,-33.735,0.350,2.631876,0.002340,-0.000006,0.000000,0.000000,0.000000,0.000000,0.000000,0.000000,1,0.00
7.644000,-0.002,-0.005248,-0.005248,4.321,7.00,-0.002126,0.004155,0.000015,0.001078,0.002,0.003,7.860,-33.732,0.350,2.631871,0.002377,-0.000006,0.000000,0.000000,0.000000,0.000000,0.000000,0.000000,1,0.00
7.646000,-0.002,-0.005409,-0.005409,4.321,7.00,-0.002189,0.004219,0.000015,0.001175,0.002,0.004,7.862,-33.728,0.350,2.631866,0.002413,-0.000006,0.000000,0.000000,0.000000,0.000000,0.000000,0.000000,1,0.00
7.648000,-0.002,-0.005302,-0.005302,4.321,7.00,-0.002253,0.004283,0.000016,0.001003,0.002,0.004,7.864,-33.725,0.350,2.631861,0.002450,-0.000006,0.000000,0.000000,0.000000,0.000000,0.000000,0.000000,1,0.00
7.650000,-0.002,-0.005450,-0.005450,4.321,7.00,-0.002314,0.004345,0.000017,0.001088,0.002,0.004,7.866,-33.721,0.350,2.631857,0.002486,-0.000006,0.000000,0.000000,0.000000,0.000000,0.000000,0.000000,1,0.00
7.652000,-0.002,-0.005461,-0.005461,4.321,7.00,-0.002377,0.004408,0.000018,0.001035,0.002,0.004,7.868,-33.718,0.350,2.631853,0.002521,-0.000006,0.000000,0.000000,0.000000,0.000000,0.000000,0.000000,1,0.00
7.654000,-0.002,-0.005329,-0.005329,4.321,7.00,-0.002438,0.004469,0.000019,0.000840,0.002,0.004,7.870,-33.715,0.350,2.631849,0.002557,-0.000006,0.000000,0.000000,0.000000,0.000000,0.000000,0.000000,1,0.00
7.656000,-0.002,-0.005262,-0.005262,4.321,7.00,-0.002496,0.004530,0.000020,0.000712,0.002,0.004,7.872,-33.711,0.350,2.631846,0.002591,-0.000007,0.000000,0.000000,0.000000,0.000000,0.000000,0.000000,1,0.00
7.658000,-0.002,-0.005348,-0.005348,4.321,7.00,-0.002552,0.004589,0.000021,0.000738,0.002,0.004,7.874,-33.708,0.350,2.631843,0.002625,-0.000007,0.000000,0.000000,0.000000,0.000000,0.000000,0.000000,1,0.00
7.660000,-0.002,-0.005461,-0.005461,4.321,7.00,-0.002607,0.004648,0.000022,0.000792,0.002,0.004,7.875,-33.704,0.350,2.631841,0.002659,-0.000007,0.000000,0.000000,0.000000,0.000000,0.000000,0.000000,1,0.00
7.662000,-0.002,-0.005506,-0.005506,4.321,7.00,-0.002664,0.004706,0.000023,0.000777,0.002,0.004,7.877,-33.701,0.350,2.631839,0.002692,-0.000007,0.000000,0.000000,0.000000,0.000000,0.000000,0.000000,1,0.00
7.664000,-0.002,-0.005609,-0.005609,4.321,7.00,-0.002721,0.004764,0.000024,0.000822,0.002,0.004,7.879,-33.698,0.350,2.631836,0.002725,-0.000007,0.000000,0.000000,0.000000,0.000000,0.000000,0.000000,1,0.00
7.666000,-0.002,-0.005669,-0.005669,4.321,7.00,-0.002779,0.004822,0.000025,0.000822,0.002,0.004,7.881,-33.694,0.350,2.631834,0.002758,-0.000007,0.000000,0.000000,0.000000,0.000000,0.000000,0.000000,1,0.00
7.668000,-0.002,-0.005715,-0.005715,4.321,7.00,-0.002837,0.004879,0.000026,0.000811,0.002,0.004,7.883,-33.691,0.350,2.631832,0.002791,-0.000007,0.000000,0.000000,0.000000,0.000000,0.000000,0.000000,1,0.00
7.670000,-0.002,-0.005625,-0.005625,4.321,7.00,-0.002894,0.004935,0.000027,0.000663,0.002,0.004,7.885,-33.687,0.350,2.631830,0.002823,-0.000007,0.000000,0.000000,0.000000,0.000000,0.000000,0.000000,1,0.00
7.672000,-0.002,-0.005778,-0.005778,4.321,7.00,-0.002949,0.004990,0.000028,0.000760,0.002,0.004,7.887,-33.684,0.350,2.631829,0.002854,-0.000007,0.000000,0.000000,0.000000,0.000000,0.000000,0.000000,1,0.00
7.674000,-0.003,-0.005837,-0.005837,4.321,7.00,-0.003005,0.005045,0.000029,0.000763,0.002,0.004,7.889,-33.681,0.350,2.631828,0.002886,-0.000007,0.000000,0.000000,0.000000,0.000000,0.000000,0.000000,1,0.00
7.676000,-0.003,-0.005923,-0.005923,4.321,7.00,-0.003062,0.005099,0.000029,0.000794,0.002,0.004,7.891,-33.677,0.350,2.631827,0.002917,-0.000007,0.000000,0.000000,0.000000,0.000000,0.000000,0.000000,1,0.00
7.678000,-0.003,-0.006028,-0.006028,4.321,7.00,-0.003119,0.005153,0.000030,0.000845,0.002,0.004,7.892,-33.674,0.350,2.631826,0.002948,-0.000007,0.000000,0.000000,0.000000,0.000000,0.000000,0.000000,1,0.00
7.680000,-0.003,-0.006096,-0.006096,4.321,7.00,-0.003177,0.005207,0.000031,0.000858,0.002,0.004,7.894,-33.670,0.350,2.631825,0.002978,-0.000007,0.000000,0.000000,0.000000,0.000000,0.000000,0.000000,1,0.00
7.682000,-0.003,-0.006070,-0.006070,4.321,7.00,-0.003236,0.005259,0.000032,0.000778,0.003,0.004,7.896,-33.667,0.350,2.631824,0.003009,-0.000007,0.000000,0.000000,0.000000,0.000000,0.000000,0.000000,1,0.00
7.684000,-0.003,-0.006173,-0.006173,4.321,7.00,-0.003292,0.005311,0.000033,0.000829,0.003,0.004,7.898,-33.664,0.350,2.631823,0.003038,-0.000008,0.000000,0.000000,0.000000,0.000000,0.000000,0.000000,1,0.00
7.686000,-0.003,-0.006245,-0.006245,4.321,7.00,-0.003350,0.005363,0.000034,0.000848,0.003,0.004,7.900,-33.660,0.350,2.631823,0.003068,-0.000008,0.000000,0.000000,0.000000,0.000000,0.000000,0.000000,1,0.00
7.688000,-0.003,-0.006356,-0.006356,4.321,7.00,-0.003408,0.005413,0.000034,0.000908,0.003,0.004,7.902,-33.657,0.350,2.631823,0.003097,-0.000008,0.000000,0.000000,0.000000,0.000000,0.000000,0.000000,1,0.00
7.690000,-0.003,-0.006369,-0.006369,4.321,7.00,-0.003467,0.005464,0.000036,0.000869,0.003,0.004,7.904,-33.653,0.350,2.631822,0.003125,-0.000008,0.000000,0.000000,0.000000,0.000000,0.000000,0.000000,1,0.00
7.692000,-0.003,-0.006508,-0.006508,4.321,7.00,-0.003525,0.005513,0.000037,0.000958,0.003,0.004,7.906,-33.650,0.350,2.631822,0.003154,-0.000008,0.000000,0.000000,0.000000,0.000000,0.000000,0.000000,1,0.00
7.694000,-0.003,-0.006421,-0.006421,4.321,7.00,-0.003584,0.005562,0.000038,0.000821,0.003,0.004,7.907,-33.647,0.350,2.631822,0.003182,-0.000008,0.000000,0.000000,0.000000,0.000000,0.000000,0.000000,1,0.00
7.696000,-0.003,-0.006367,-0.006367,4.321,7.00,-0.003641,0.005610,0.000040,0.000718,0.003,0.004,7.909,-33.643,0.350,2.631823,0.003209,-0.000008,0.000000,0.000000,0.000000,0.000000,0.000000,0.000000,1,0.00
7.698000,-0.003,-0.006362,-0.006362,4.321,7.00,-0.003696,0.005656,0.000040,0.000665,0.003,0.004,7.911,-33.640,0.350,2.631824,0.003235,-0.000008,0.000000,0.000000,0.000000,0.000000,0.000000,0.000000,1,0.00
7.700000,-0.003,-0.005704,-0.005704,4.321,7.00,-0.003749,0.005701,0.000000,0.000002,0.000,0.004,7.913,-33.636,0.350,2.631825,0.003261,-0.000008,0.000000,0.000000,0.000000,0.000000,0.000000,0.000000,1,0.00
7.702000,-0.003,-0.005883,-0.005883,4.321,7.00,-0.003788,0.005742,0.000001,0.000140,0.000,0.004,7.915,-33.633,0.350,2.631830,0.003285,-0.000008,0.000000,0.000000,0.000000,0.000000,0.000000,0.000000,1,0.00
7.704000,-0.003,-0.006019,-0.006019,4.321,7.00,-0.003830,0.005783,0.000002,0.000234,0.000,0.004,7.917,-33.630,0.350,2.631834,0.003308,-0.000008,0.000000,0.000000,0.000000,0.000000,0.000000,0.000000,1,0.00
7.706000,-0.003,-0.006236,-0.006236,4.321,7.00,-0.003874,0.005824,0.000003,0.000409,0.000,0.004,7.919,-33.626,0.350,2.631837,0.003332,-0.000008,0.000000,0.000000,0.000000,0.000000,0.000000,0.000000,1,0.00
7.708000,-0.003,-0.006352,-0.006352,4.321,7.00,-0.003921,0.005865,0.000004,0.000483,0.003,0.004,7.921,-33.623,0.350,2.631840,0.003355,-0.000009,0.000000,0.000000,0.000000,0.000000,0.000000,0.000000,1,0.00
7.710000,-0.003,-0.006496,-0.006496,4.321,7.00,-0.003969,0.005906,0.000006,0.000585,0.003,0.004,7.923,-33.619,0.350,2.631844,0.003378,-0.000009,0.000000,0.000000,0.000000,0.000000,0.000000,0.000000,1,0.00
7.712000,-0.003,-0.006571,-0.006571,4.321,7.00,-0.004020,0.005946,0.000006,0.000619,0.003,0.004,7.924,-33.616,0.350,2.631846,0.003401,-0.000009,0.000000,0.000000,0.000000,0.000000,0.000000,0.000000,1,0.00
7.714000,-0.003,-0.006700,-0.006700,4.321,7.00,-0.004071,0.005985,0.000007,0.000708,0.003,0.004,7.926,-33.613,0.350,2.631850,0.003424,-0.000009,0.000000,0.000000,0.000000,0.000000,0.000000,0.000000,1,0.00
7.716000,-0.003,-0.006630,-0.006630,4.321,7.00,-0.004123,0.006024,0.000009,0.000597,0.003,0.004,7.928,-33.609,0.350,2.631852,0.003446,-0.000009,0.000000,0.000000,0.000000,0.000000,0.000000,0.000000,1,0.00
7.718000,-0.003,-0.006677,-0.006677,4.321,7.00,-0.004174,0.006062,0.000010,0.000605,0.003,0.004,7.930,-33.606,0.350,2.631856,0.003468,-0.000009,0.000000,0.000000,0.000000,0.000000,0.000000,0.000000,1,0.00
7.720000,-0.003,-0.006773,-0.006773,4.321,7.00,-0.004224,0.006099,0.000011,0.000664,0.003,0.005,7.932,-33.602,0.350,2.631859,0.003489,-0.000009,0.000000,0.000000,0.000000,0.000000,0.000000,0.000000,1,0.00
7.722000,-0.003,-0.006802,-0.006802,4.321,7.00,-0.004275,0.006135,0.000012,0.000656,0.003,0.005,7.934,-33.599,0.350,2.631863,0.003509,-0.000009,0.000000,0.000000,0.000000,0.000000,0.000000,0.000000,1,0.00
7.724000,-0.003,-0.006777,-0.006777,4.321,7.00,-0.004325,0.006170,0.000012,0.000594,0.003,0.005,7.936,-33.596,0.350,2.631867,0.003529,-0.000009,0.000000,0.000000,0.000000,0.000000,0.000000,0.000000,1,0.00
7.726000,-0.003,-0.006801,-0.006801,4.321,7.00,-0.004374,0.006205,0.000014,0.000581,0.003,0.005,7.938,-33.592,0.350,2.631871,0.003549,-0.000009,0.000000,0.000000,0.000000,0.000000,0.000000,0.000000,1,0.00
7.728000,-0.003,-0.006850,-0.006850,4.321,7.00,-0.004423,0.006238,0.000016,0.000597,0.003,0.005,7.940,-33.589,0.350,2.631875,0.003568,-0.000009,0.000000,0.000000,0.000000,0.000000,0.000000,0.000000,1,0.00
7.730000,-0.003,-0.006787,-0.006787,4.321,7.00,-0.004471,0.006270,0.000017,0.000500,0.003,0.005,7.941,-33.585,0.350,2.631880,0.003586,-0.000009,0.000000,0.000000,0.000000,0.000000,0.000000,0.000000,1,0.00
7.732000,-0.003,-0.006792,-0.006792,4.321,7.00,-0.004517,0.006301,0.000018,0.000473,0.003,0.005,7.943,-33.582,0.350,2.631885,0.003604,-0.000009,0.000000,0.000000,0.000000,0.000000,0.000000,0.000000,1,0.00
7.734000,-0.003,-0.006743,-0.006743,4.321,7.00,-0.004563,0.006331,0.000020,0.000392,0.003,0.004,7.945,-33.579,0.350,2.631891,0.003621,-0.000009,0.000000,0.000000,0.000000,0.000000,0.000000,0.000000,1,0.00
7.736000,-0.003,-0.006778,-0.006778,4.321,7.00,-0.004606,0.006359,0.000022,0.000397,0.003,0.005,7.947,-33.575,0.350,2.631896,0.003637,-0.000010,0.000000,0.000000,0.000000,0.000000,0.000000,0.000000,1,0.00
7.738000,-0.003,-0.006812,-0.006812,4.321,7.00,-0.004650,0.006387,0.000023,0.000403,0.003,0.005,7.949,-33.572,0.350,2.631902,0.003653,-0.000010,0.000000,0.000000,0.000000,0.000000,0.000000,0.000000,1,0.00
7.740000,-0.003,-0.006853,-0.006853,4.321,7.00,-0.004693,0.006413,0.000024,0.000416,0.003,0.005,7.951,-33.568,0.350,2.631909,0.003668,-0.000010,0.000000,0.000000,0.000000,0.000000,0.000000,0.000000,1,0.00
7.742000,-0.003,-0.006797,-0.006797,4.321,7.00,-0.004736,0.006439,0.000025,0.000332,0.003,0.005,7.953,-33.565,0.350,2.631915,0.003683,-0.000010,0.000000,0.000000,0.000000,0.000000,0.000000,0.000000,1,0.00
7.744000,-0.003,-0.006879,-0.006879,4.321,7.00,-0.004777,0.006464,0.000026,0.000389,0.003,0.005,7.955,-33.562,0.350,2.631922,0.003697,-0.000010,0.000000,0.000000,0.000000,0.000000,0.000000,0.000000,1,0.00
7.746000,-0.003,-0.006881,-0.006881,4.321,7.00,-0.004819,0.006487,0.000028,0.000366,0.003,0.005,7.957,-33.558,0.350,2.631929,0.003710,-0.000010,0.000000,0.000000,0.000000,0.000000,0.000000,0.000000,1,0.00
7.748000,-0.003,-0.006833,-0.006833,4.321,7.00,-0.004861,0.006510,0.000031,0.000292,0.003,0.005,7.958,-33.555,0.350,2.631936,0.003723,-0.000010,0.000000,0.000000,0.000000,0.000000,0.000000,0.000000,1,0.00
7.750000,-0.003,-0.006832,-0.006832,4.321,7.00,-0.004900,0.006531,0.000032,0.000269,0.003,0.005,7.960,-33.551,0.350,2.631943,0.003735,-0.000010,0.000000,0.000000,0.000000,0.000000,0.000000,0.000000,1,0.00
7.752000,-0.003,-0.006841,-0.006841,4.321,7.00,-0.004939,0.006551,0.000034,0.000257,0.003,0.005,7.962,-33.548,0.350,2.631951,0.003747,-0.000010,0.000000,0.000000,0.000000,0.000000,0.000000,0.000000,1,0.00
7.754000,-0.003,-0.006807,-0.006807,4.321,7.00,-0.004977,0.006570,0.000035,0.000201,0.003,0.005,7.964,-33.545,0.350,2.631959,0.003758,-0.000010,0.000000,0.000000,0.000000,0.000000,0.000000,0.000000,1,0.00
7.756000,-0.003,-0.006840,-0.006840,4.321,7.00,-0.005013,0.006588,0.000036,0.000215,0.003,0.005,7.966,-33.541,0.350,2.631968,0.003768,-0.000010,0.000000,0.000000,0.000000,0.000000,0.000000,0.000000,1,0.00
7.758000,-0.003,-0.006852,-0.006852,4.321,7.00,-0.005050,0.006605,0.000039,0.000208,0.003,0.005,7.968,-33.538,0.350,2.631976,0.003777,-0.000010,0.000000,0.000000,0.000000,0.000000,0.000000,0.000000,1,0.00
7.760000,-0.003,-0.006849,-0.006849,4.321,7.00,-0.005086,0.006621,0.000040,0.000188,0.003,0.005,7.970,-33.534,0.350,2.631985,0.003787,-0.000010,0.000000,0.000000,0.000000,0.000000,0.000000,0.000000,1,0.00
7.762000,-0.003,-0.006858,-0.006858,4.321,7.00,-0.005121,0.006635,0.000042,0.000180,0.003,0.005,7.972,-33.531,0.350,2.631994,0.003795,-0.000010,0.000000,0.000000,0.000000,0.000000,0.000000,0.000000,1,0.00
7.764000,-0.003,-0.006886,-0.006886,4.321,7.00,-0.005156,0.006649,0.000043,0.000194,0.003,0.005,7.974,-33.528,0.350,2.632003,0.003803,-0.000010,0.000000,0.000000,0.000000,0.000000,0.000000,0.000000,1,0.00
7.766000,-0.003,-0.006895,-0.006895,4.321,7.00,-0.005190,0.006662,0.000044,0.000190,0.003,0.005,7.975,-33.524,0.350,2.632013,0.003810,-0.000010,0.000000,0.000000,0.000000,0.000000,0.000000,0.000000,1,0.00
7.768000,-0.003,-0.006900,-0.006900,4.321,7.00,-0.005224,0.006673,0.000047,0.000180,0.003,0.005,7.977,-33.521,0.350,2.632022,0.003817,-0.000010,0.000000,0.000000,0.000000,0.000000,0.000000,0.000000,1,0.00
7.770000,-0.003,-0.006906,-0.006906,4.321,7.00,-0.005258,0.006684,0.000048,0.000174,0.003,0.005,7.979,-33.517,0.350,2.632032,0.003823,-0.000010,0.000000,0.000000,0.000000,0.000000,0.000000,0.000000,1,0.00
7.772000,-0.003,-0.006900,-0.006900,4.321,7.00,-0.005291,0.006693,0.000050,0.000157,0.003,0.005,7.981,-33.514,0.350,2.632042,0.003828,-0.000010,0.000000,0.000000,0.000000,0.000000,0.000000,0.000000,1,0.00
7.774000,-0.003,-0.006883,-0.006883,4.321,7.00,-0.005323,0.006702,0.000051,0.000131,0.003,0.005,7.983,-33.511,0.350,2.632052,0.003833,-0.000010,0.000000,0.000000,0.000000,0.000000,0.000000,0.000000,1,0.00
7.776000,-0.003,-0.006870,-0.006870,4.321,7.00,-0.005354,0.006709,0.000052,0.000109,0.003,0.005,7.985,-33.507,0.350,2.632063,0.003837,-0.000010,0.000000,0.000000,0.000000,0.000000,0.000000,0.000000,1,0.00
7.778000,-0.003,-0.006875,-0.006875,4.321,7.00,-0.005385,0.006715,0.000054,0.000107,0.003,0.005,7.987,-33.504,0.350,2.632073,0.003840,-0.000010,0.000000,0.000000,0.000000,0.000000,0.000000,0.000000,1,0.00
7.780000,-0.003,-0.006860,-0.006860,4.321,7.00,-0.005414,0.006719,0.000056,0.000085,0.003,0.005,7.989,-33.500,0.350,2.632084,0.003843,-0.000010,0.000000,0.000000,0.000000,0.000000,0.000000,0.000000,1,0.00
7.782000,-0.003,-0.006857,-0.006857,4.321,7.00,-0.005443,0.006723,0.000058,0.000076,0.003,0.005,7.991,-33.497,0.350,2.632095,0.003845,-0.000010,0.000000,0.000000,0.000000,0.000000,0.000000,0.000000,1,0.00
7.784000,-0.003,-0.006839,-0.006839,4.321,7.00,-0.005471,0.006726,0.000059,0.000055,0.003,0.005,7.992,-33.494,0.350,2.632107,0.003846,-0.000010,0.000000,0.000000,0.000000,0.000000,0.000000,0.000000,1,0.00
7.786000,-0.003,-0.006825,-0.006825,4.321,7.00,-0.005499,0.006727,0.000060,0.000039,0.003,0.005,7.994,-33.490,0.350,2.632118,0.003847,-0.000010,0.000000,0.000000,0.000000,0.000000,0.000000,0.000000,1,0.00
7.788000,-0.003,-0.006817,-0.006817,4.321,7.00,-0.005525,0.006727,0.000062,0.000028,0.003,0.005,7.996,-33.487,0.350,2.632130,0.003847,-0.000010,0.000000,0.000000,0.000000,0.000000,0.000000,0.000000,1,0.00
7.790000,-0.003,-0.006805,-0.006805,4.321,7.00,-0.005551,0.006726,0.000063,0.000015,0.003,0.005,7.998,-33.483,0.350,2.632142,0.003847,-0.000010,0.000000,0.000000,0.000000,0.000000,0.000000,0.000000,1,0.00
7.792000,-0.003,-0.006798,-0.006798,4.321,7.00,-0.005576,0.006724,0.000067,0.000007,0.003,0.005,8.000,-33.480,0.350,2.632154,0.003845,-0.000010,0.000000,0.000000,0.000000,0.000000,0.000000,0.000000,1,0.00
7.794000,-0.003,-0.006778,-0.006778,4.321,7.00,-0.005601,0.006721,0.000068,-0.000011,0.003,0.005,8.002,-33.477,0.350,2.632167,0.003844,-0.000010,0.000000,0.000000,0.000000,0.000000,0.000000,0.000000,1,0.00
7.796000,-0.003,-0.006763,-0.006763,4.321,7.00,-0.005624,0.006716,0.000070,-0.000023,0.003,0.005,8.004,-33.473,0.350,2.632179,0.003841,-0.000010,0.000000,0.000000,0.000000,0.000000,0.000000,0.000000,1,0.00
7.798000,-0.003,-0.006748,-0.006748,4.321,7.00,-0.005647,0.006711,0.000071,-0.000034,0.003,0.004,8.006,-33.470,0.350,2.632192,0.003838,-0.000010,0.000000,0.000000,0.000000,0.000000,0.000000,0.000000,1,0.00
7.800000,-0.003,-0.006707,-0.006707,4.321,7.00,-0.005669,0.006704,0.000000,0.000003,0.000,0.004,8.008,-33.466,0.350,2.632205,0.003834,-0.000010,0.000000,0.000000,0.000000,0.000000,0.000000,0.000000,1,0.00
7.802000,-0.003,-0.006688,-0.006688,4.321,7.00,-0.005690,0.006696,0.000002,-0.000010,0.000,0.004,8.009,-33.463,0.350,2.632219,0.003829,-0.000010,0.000000,0.000000,0.000000,0.000000,0.000000,0.000000,1,0.00
7.804000,-0.003,-0.006665,-0.006665,4.321,7.00,-0.005710,0.006687,0.000004,-0.000026,0.000,0.004,8.011,-33.460,0.350,2.632232,0.003824,-0.000010,0.000000,0.000000,0.000000,0.000000,0.000000,0.000000,1,0.00
7.806000,-0.003,-0.006635,-0.006635,4.321,7.00,-0.005729,0.006677,0.000006,-0.000047,0.000,0.004,8.013,-33.456,0.350,2.632246,0.003818,-0.000010,0.000000,0.000000,0.000000,0.000000,0.000000,0.000000,1,0.00
7.808000,-0.003,-0.006606,-0.006606,4.321,7.00,-0.005747,0.006665,0.000008,-0.000067,0.003,0.004,8.015,-33.453,0.350,2.632260,0.003812,-0.000010,0.000000,0.000000,0.000000,0.000000,0.000000,0.000000,1,0.00
7.810000,-0.003,-0.006568,-0.006568,4.321,7.00,-0.005764,0.006652,0.000009,-0.000094,0.003,0.004,8.017,-33.449,0.350,2.632275,0.003804,-0.000009,0.000000,0.000000,0.000000,0.000000,0.000000,0.000000,1,0.00
7.812000,-0.003,-0.006549,-0.006549,4.321,7.00,-0.005780,0.006638,0.000012,-0.000101,0.003,0.004,8.019,-33.446,0.350,2.632289,0.003796,-0.000009,0.000000,0.000000,0.000000,0.000000,0.000000,0.000000,1,0.00
7.814000,-0.003,-0.006523,-0.006523,4.321,7.00,-0.005795,0.006623,0.000013,-0.000113,0.003,0.004,8.021,-33.443,0.350,2.632304,0.003788,-0.000009,0.000000,0.000000,0.000000,0.000000,0.000000,0.000000,1,0.00
7.816000,-0.003,-0.006483,-0.006483,4.321,7.00,-0.005810,0.006607,0.000015,-0.000138,0.003,0.004,8.023,-33.439,0.350,2.632319,0.003778,-0.000009,0.000000,0.000000,0.000000,0.000000,0.000000,0.000000,1,0.00
7.818000,-0.003,-0.006427,-0.006427,4.321,7.00,-0.005823,0.006589,0.000016,-0.000177,0.003,0.004,8.025,-33.436,0.350,2.632334,0.003768,-0.000009,0.000000,0.000000,0.000000,0.000000,0.000000,0.000000,1,0.00
7.820000,-0.003,-0.006362,-0.006362,4.321,7.00,-0.005835,0.006570,0.000016,-0.000224,0.003,0.004,8.027,-33.432,0.350,2.632349,0.003758,-0.000009,0.000000,0.000000,0.000000,0.000000,0.000000,0.000000,1,0.00
7.822000,-0.003,-0.006315,-0.006315,4.321,7.00,-0.005846,0.006550,0.000018,-0.000253,0.003,0.004,8.028,-33.429,0.350,2.632365,0.003746,-0.000009,0.000000,0.000000,0.000000,0.000000,0.000000,0.000000,1,0.00
7.824000,-0.003,-0.006286,-0.006286,4.321,7.00,-0.005855,0.006529,0.000020,-0.000263,0.003,0.004,8.030,-33.426,0.350,2.632381,0.003734,-0.000009,0.000000,0.000000,0.000000,0.000000,0.000000,0.000000,1,0.00
7.826000,-0.003,-0.006226,-0.006226,4.321,7.00,-0.005864,0.006506,0.000021,-0.000301,0.003,0.004,8.032,-33.422,0.350,2.632397,0.003721,-0.000008,0.000000,0.000000,0.000000,0.000000,0.000000,0.000000,1,0.00
7.828000,-0.003,-0.006154,-0.006154,4.321,7.00,-0.005871,0.006482,0.000021,-0.000349,0.003,0.004,8.034,-33.419,0.350,2.632414,0.003707,-0.000008,0.000000,0.000000,0.000000,0.000000,0.000000,0.000000,1,0.00
7.830000,-0.003,-0.006121,-0.006121,4.321,7.00,-0.005877,0.006457,0.000022,-0.000359,0.003,0.004,8.036,-33.415,0.350,2.632430,0.003693,-0.000008,0.000000,0.000000,0.000000,0.000000,0.000000,0.000000,1,0.00
7.832000,-0.003,-0.006103,-0.006103,4.321,7.00,-0.005882,0.006431,0.000024,-0.000352,0.003,0.004,8.038,-33.412,0.350,2.632447,0.003678,-0.000008,0.000000,0.000000,0.000000,0.000000,0.000000,0.000000,1,0.00
7.834000,-0.003,-0.006034,-0.006034,4.321,7.00,-0.005886,0.006404,0.000025,-0.000395,0.003,0.004,8.040,-33.409,0.350,2.632464,0.003663,-0.000008,0.000000,0.000000,0.000000,0.000000,0.000000,0.000000,1,0.00
7.836000,-0.003,-0.005956,-0.005956,4.321,7.00,-0.005889,0.006375,0.000026,-0.000446,0.003,0.004,8.042,-33.405,0.350,2.632482,0.003646,-0.000008,0.000000,0.000000,0.000000,0.000000,0.000000,0.000000,1,0.00
7.838000,-0.003,-0.005984,-0.005984,4.321,7.00,-0.005890,0.006345,0.000028,-0.000389,0.003,0.004,8.044,-33.402,0.350,2.632499,0.003629,-0.000007,0.000000,0.000000,0.000000,0.000000,0.000000,0.000000,1,0.00
7.840000,-0.003,-0.005981,-0.005981,4.321,7.00,-0.005892,0.006315,0.000030,-0.000363,0.003,0.004,8.045,-33.399,0.350,2.632516,0.003612,-0.000007,0.000000,0.000000,0.000000,0.000000,0.000000,0.000000,1,0.00
7.842000,-0.003,-0.005913,-0.005913,4.321,7.00,-0.005894,0.006283,0.000031,-0.000401,0.003,0.004,8.047,-33.395,0.350,2.632534,0.003594,-0.000007,0.000000,0.000000,0.000000,0.000000,0.000000,0.000000,1,0.00
7.844000,-0.003,-0.005880,-0.005880,4.321,7.00,-0.005894,0.006250,0.000032,-0.000403,0.003,0.004,8.049,-33.392,0.350,2.632552,0.003575,-0.000007,0.000000,0.000000,0.000000,0.000000,0.000000,0.000000,1,0.00
7.846000,-0.003,-0.005835,-0.005835,4.321,7.00,-0.005894,0.006216,0.000033,-0.000414,0.003,0.004,8.051,-33.388,0.350,2.632569,0.003556,-0.000007,0.000000,0.000000,0.000000,0.000000,0.000000,0.000000,1,0.00
7.848000,-0.003,-0.005789,-0.005789,4.321,7.00,-0.005893,0.006181,0.000035,-0.000427,0.003,0.004,8.053,-33.385,0.350,2.632587,0.003536,-0.000007,0.000000,0.000000,0.000000,0.000000,0.000000,0.000000,1,0.00
7.850000,-0.003,-0.005713,-0.005713,4.321,7.00,-0.005891,0.006145,0.000036,-0.000468,0.003,0.004,8.055,-33.382,0.350,2.632606,0.003515,-0.000006,0.000000,0.000000,0.000000,0.000000,0.000000,0.000000,1,0.00
7.852000,-0.003,-0.005584,-0.005584,4.321,7.00,-0.005887,0.006108,0.000036,-0.000560,0.003,0.004,8.057,-33.378,0.350,2.632624,0.003494,-0.000006,0.000000,0.000000,0.000000,0.000000,0.000000,0.000000,1,0.00
7.854000,-0.003,-0.005555,-0.005555,4.321,7.00,-0.005881,0.006069,0.000038,-0.000552,0.003,0.004,8.059,-33.375,0.350,2.632643,0.003472,-0.000006,0.000000,0.000000,0.000000,0.000000,0.000000,0.000000,1,0.00
7.856000,-0.003,-0.005586,-0.005586,4.321,7.00,-0.005874,0.006029,0.000040,-0.000483,0.003,0.004,8.061,-33.371,0.350,2.632662,0.003449,-0.000006,0.000000,0.000000,0.000000,0.000000,0.000000,0.000000,1,0.00
7.858000,-0.003,-0.005519,-0.005519,4.321,7.00,-0.005869,0.005989,0.000041,-0.000510,0.003,0.004,8.063,-33.368,0.350,2.632680,0.003426,-0.000006,0.000000,0.000000,0.000000,0.000000,0.000000,0.000000,1,0.00
7.860000,-0.003,-0.005460,-0.005460,4.321,7.00,-0.005862,0.005947,0.000042,-0.000529,0.003,0.004,8.064,-33.365,0.350,2.632699,0.003402,-0.000005,0.000000,0.000000,0.000000,0.000000,0.000000,0.000000,1,0.00
7.862000,-0.003,-0.005453,-0.005453,4.321,7.00,-0.005854,0.005904,0.000043,-0.000495,0.003,0.004,8.066,-33.361,0.350,2.632718,0.003378,-0.000005,0.000000,0.000000,0.000000,0.000000,0.000000,0.000000,1,0.00
7.864000,-0.003,-0.005390,-0.005390,4.321,7.00,-0.005846,0.005861,0.000044,-0.000515,0.003,0.004,8.068,-33.358,0.350,2.632737,0.003353,-0.000005,0.000000,0.000000,0.000000,0.000000,0.000000,0.000000,1,0.00
7.866000,-0.003,-0.005276,-0.005276,4.321,7.00,-0.005836,0.005816,0.000045,-0.000585,0.003,0.004,8.070,-33.354,0.350,2.632757,0.003327,-0.000005,0.000000,0.000000,0.000000,0.000000,0.000000,0.000000,1,0.00
7.868000,-0.003,-0.005188,-0.005188,4.321,7.00,-0.005825,0.005770,0.000046,-0.000628,0.003,0.003,8.072,-33.351,0.350,2.632776,0.003301,-0.000005,0.000000,0.000000,0.000000,0.000000,0.000000,0.000000,1,0.00
7.870000,-0.003,-0.005033,-0.005033,4.321,7.00,-0.005812,0.005722,0.000047,-0.000736,0.003,0.003,8.074,-33.348,0.350,2.632796,0.003274,-0.000004,0.000000,0.000000,0.000000,0.000000,0.000000,0.000000,1,0.00
7.872000,-0.003,-0.005017,-0.005017,4.321,7.00,-0.005797,0.005674,0.000048,-0.000705,0.003,0.003,8.076,-33.344,0.350,2.632817,0.003246,-0.000004,0.000000,0.000000,0.000000,0.000000,0.000000,0.000000,1,0.00
7.874000,-0.003,-0.004985,-0.004985,4.321,7.00,-0.005781,0.005624,0.000050,-0.000689,0.003,0.003,8.078,-33.341,0.350,2.632837,0.003218,-0.000004,0.000000,0.000000,0.000000,0.000000,0.000000,0.000000,1,0.00
7.876000,-0.003,-0.004861,-0.004861,4.321,7.00,-0.005765,0.005573,0.000050,-0.000763,0.003,0.003,8.080,-33.337,0.350,2.632857,0.003189,-0.000004,0.000000,0.000000,0.000000,0.000000,0.000000,0.000000,1,0.00
7.878000,-0.003,-0.004743,-0.004743,4.321,7.00,-0.005747,0.005521,0.000051,-0.000830,0.003,0.003,8.081,-33.334,0.350,2.632878,0.003159,-0.000003,0.000000,0.000000,0.000000,0.000000,0.000000,0.000000,1,0.00
7.880000,-0.003,-0.004823,-0.004823,4.321,7.00,-0.005727,0.005468,0.000053,-0.000698,0.003,0.003,8.083,-33.331,0.350,2.632899,0.003129,-0.000003,0.000000,0.000000,0.000000,0.000000,0.000000,0.000000,1,0.00
7.882000,-0.003,-0.004795,-0.004795,4.321,7.00,-0.005709,0.005414,0.000054,-0.000673,0.003,0.003,8.085,-33.327,0.350,2.632919,0.003098,-0.000003,0.000000,0.000000,0.000000,0.000000,0.000000,0.000000,1,0.00
7.884000,-0.003,-0.004688,-0.004688,4.321,7.00,-0.005691,0.005360,0.000056,-0.000728,0.003,0.003,8.087,-33.324,0.350,2.632940,0.003067,-0.000003,0.000000,0.000000,0.000000,0.000000,0.000000,0.000000,1,0.00
7.886000,-0.003,-0.004724,-0.004724,4.321,7.00,-0.005671,0.005304,0.000057,-0.000637,0.003,0.003,8.089,-33.320,0.350,2.632961,0.003035,-0.000003,0.000000,0.000000,0.000000,0.000000,0.000000,0.000000,1,0.00
7.888000,-0.003,-0.004766,-0.004766,4.321,7.00,-0.005652,0.005248,0.000058,-0.000541,0.003,0.003,8.091,-33.317,0.350,2.632981,0.003003,-0.000002,0.000000,0.000000,0.000000,0.000000,0.000000,0.000000,1,0.00
7.890000,-0.003,-0.004633,-0.004633,4.321,7.00,-0.005634,0.005192,0.000059,-0.000618,0.003,0.003,8.093,-33.314,0.350,2.633001,0.002971,-0.000002,0.000000,0.000000,0.000000,0.000000,0.000000,0.000000,1,0.00
7.892000,-0.003,-0.004366,-0.004366,4.321,7.00,-0.005614,0.005134,0.000059,-0.000828,0.003,0.003,8.095,-33.310,0.350,2.633022,0.002938,-0.000002,0.000000,0.000000,0.000000,0.000000,0.000000,0.000000,1,0.00
7.894000,-0.003,-0.004171,-0.004171,4.321,7.00,-0.005589,0.005074,0.000060,-0.000964,0.003,0.003,8.097,-33.307,0.350,2.633043,0.002904,-0.000002,0.000000,0.000000,0.000000,0.000000,0.000000,0.000000,1,0.00
7.896000,-0.003,-0.004062,-0.004062,4.321,7.00,-0.005561,0.005013,0.000061,-0.001012,0.003,0.003,8.099,-33.303,0.350,2.633065,0.002869,-0.000001,0.000000,0.000000,0.000000,0.000000,0.000000,0.000000,1,0.00
7.898000,-0.002,-0.003992,-0.003992,4.321,7.00,-0.005531,0.004950,0.000062,-0.001021,0.003,0.003,8.100,-33.300,0.350,2.633088,0.002833,-0.000001,0.000000,0.000000,0.000000,0.000000,0.000000,0.000000,1,0.00
7.900000,-0.002,-0.004889,-0.004889,4.321,7.00,-0.005500,0.004887,0.000000,0.000002,0.000,0.003,8.102,-33.297,0.350,2.633110,0.002797,-0.000001,0.000000,0.000000,0.000000,0.000000,0.000000,0.000000,1,0.00
7.902000,-0.002,-0.004701,-0.004701,4.321,7.00,-0.005488,0.004827,0.000001,-0.000127,0.000,0.003,8.104,-33.293,0.350,2.633128,0.002763,-0.000001,0.000000,0.000000,0.000000,0.000000,0.000000,0.000000,1,0.00
7.904000,-0.002,-0.004461,-0.004461,4.321,7.00,-0.005472,0.004766,0.000002,-0.000308,0.000,0.003,8.106,-33.290,0.350,2.633148,0.002728,-0.000000,0.000000,0.000000,0.000000,0.000000,0.000000,0.000000,1,0.00
7.906000,-0.002,-0.004090,-0.004090,4.321,7.00,-0.005452,0.004704,0.000002,-0.000615,0.000,0.003,8.108,-33.286,0.350,2.633168,0.002692,-0.000000,0.000000,0.000000,0.000000,0.000000,0.000000,0.000000,1,0.00
7.908000,-0.002,-0.003902,-0.003902,4.321,7.00,-0.005425,0.004638,0.000004,-0.000740,0.002,0.003,8.110,-33.283,0.350,2.633189,0.002655,0.000000,0.000000,0.000000,0.000000,0.000000,0.000000,0.000000,1,0.00
7.910000,-0.002,-0.003629,-0.003629,4.321,7.00,-0.005394,0.004571,0.000004,-0.000947,0.002,0.002,8.112,-33.280,0.350,2.633211,0.002617,0.000000,0.000000,0.000000,0.000000,0.000000,0.000000,0.000000,1,0.00
7.912000,-0.002,-0.003422,-0.003422,4.321,7.00,-0.005359,0.004502,0.000005,-0.001085,0.002,0.002,8.114,-33.276,0.350,2.633234,0.002577,0.000001,0.000000,0.000000,0.000000,0.000000,0.000000,0.000000,1,0.00
7.914000,-0.002,-0.003291,-0.003291,4.321,7.00,-0.005320,0.004432,0.000006,-0.001146,0.002,0.002,8.116,-33.273,0.350,2.633257,0.002537,0.000001,0.000000,0.000000,0.000000,0.000000,0.000000,0.000000,1,0.00
7.916000,-0.002,-0.003372,-0.003372,4.321,7.00,-0.005280,0.004361,0.000007,-0.000995,0.002,0.002,8.118,-33.269,0.350,2.633281,0.002497,0.000001,0.000000,0.000000,0.000000,0.000000,0.000000,0.000000,1,0.00
7.918000,-0.002,-0.003258,-0.003258,4.321,7.00,-0.005241,0.004289,0.000007,-0.001039,0.002,0.002,8.119,-33.266,0.350,2.633304,0.002456,0.000001,0.000000,0.000000,0.000000,0.000000,0.000000,0.000000,1,0.00
7.920000,-0.002,-0.003121,-0.003121,4.321,7.00,-0.005202,0.004217,0.000008,-0.001104,0.002,0.002,8.121,-33.263,0.350,2.633327,0.002414,0.000002,0.000000,0.000000,0.000000,0.000000,0.000000,0.000000,1,0.00
7.922000,-0.002,-0.002998,-0.002998,4.321,7.00,-0.005160,0.004144,0.000009,-0.001154,0.002,0.002,8.123,-33.259,0.350,2.633350,0.002373,0.000002,0.000000,0.000000,0.000000,0.000000,0.000000,0.000000,1,0.00
7.924000,-0.002,-0.002978,-0.002978,4.321,7.00,-0.005117,0.004069,0.000009,-0.001100,0.002,0.002,8.125,-33.256,0.350,2.633373,0.002330,0.000002,0.000000,0.000000,0.000000,0.000000,0.000000,0.000000,1,0.00
7.926000,-0.002,-0.002841,-0.002841,4.321,7.00,-0.005074,0.003995,0.000010,-0.001164,0.002,0.002,8.127,-33.253,0.350,2.633397,0.002287,0.000002,0.000000,0.000000,0.000000,0.000000,0.000000,0.000000,1,0.00
7.928000,-0.002,-0.002682,-0.002682,4.321,7.00,-0.005030,0.003919,0.000011,-0.001247,0.002,0.002,8.129,-33.249,0.350,2.633420,0.002244,0.000002,0.000000,0.000000,0.000000,0.000000,0.000000,0.000000,1,0.00
7.930000,-0.002,-0.002507,-0.002507,4.321,7.00,-0.004983,0.003842,0.000011,-0.001345,0.002,0.002,8.131,-33.246,0.350,2.633444,0.002200,0.000003,0.000000,0.000000,0.000000,0.000000,0.000000,0.000000,1,0.00
7.932000,-0.002,-0.002563,-0.002563,4.321,7.00,-0.004933,0.003764,0.000012,-0.001213,0.002,0.002,8.133,-33.242,0.350,2.633468,0.002156,0.000003,0.000000,0.000000,0.000000,0.000000,0.000000,0.000000,1,0.00
7.934000,-0.002,-0.002474,-0.002474,4.321,7.00,-0.004886,0.003686,0.000013,-0.001224,0.002,0.002,8.135,-33.239,0.350,2.633492,0.002111,0.000003,0.000000,0.000000,0.000000,0.000000,0.000000,0.000000,1,0.00
7.936000,-0.002,-0.002312,-0.002312,4.321,7.00,-0.004838,0.003607,0.000013,-0.001308,0.002,0.002,8.136,-33.236,0.350,2.633515,0.002066,0.000003,0.000000,0.000000,0.000000,0.000000,0.000000,0.000000,1,0.00
7.938000,-0.002,-0.002049,-0.002049,4.321,7.00,-0.004787,0.003527,0.000013,-0.001491,0.002,0.001,8.138,-33.232,0.350,2.633539,0.002020,0.000003,0.000000,0.000000,0.000000,0.000000,0.000000,0.000000,1,0.00
7.940000,-0.002,-0.001954,-0.001954,4.321,7.00,-0.004733,0.003446,0.000014,-0.001506,0.002,0.001,8.140,-33.229,0.350,2.633564,0.001974,0.000004,0.000000,0.000000,0.000000,0.000000,0.000000,0.000000,1,0.00
7.942000,-0.002,-0.001935,-0.001935,4.321,7.00,-0.004677,0.003364,0.000015,-0.001444,0.002,0.001,8.142,-33.225,0.350,2.633588,0.001927,0.000004,0.000000,0.000000,0.000000,0.000000,0.000000,0.000000,1,0.00
7.944000,-0.002,-0.001761,-0.001761,4.321,7.00,-0.004622,0.003281,0.000015,-0.001536,0.002,0.001,8.144,-33.222,0.350,2.633612,0.001880,0.000004,0.000000,0.000000,0.000000,0.000000,0.000000,0.000000,1,0.00
7.946000,-0.002,-0.001690,-0.001690,4.321,7.00,-0.004565,0.003198,0.000016,-0.001524,0.002,0.001,8.146,-33.219,0.350,2.633637,0.001832,0.000004,0.000000,0.000000,0.000000,0.000000,0.000000,0.000000,1,0.00
7.948000,-0.002,-0.001575,-0.001575,4.321,7.00,-0.004508,0.003114,0.000016,-0.001555,0.002,0.001,8.148,-33.215,0.350,2.633661,0.001784,0.000004,0.000000,0.000000,0.000000,0.000000,0.000000,0.000000,1,0.00
7.950000,-0.002,-0.001710,-0.001710,4.321,7.00,-0.004449,0.003029,0.000017,-0.001336,0.002,0.001,8.150,-33.212,0.350,2.633686,0.001736,0.000005,0.000000,0.000000,0.000000,0.000000,0.000000,0.000000,1,0.00
7.952000,-0.001,-0.001601,-0.001601,4.321,7.00,-0.004394,0.002946,0.000018,-0.001362,0.002,0.001,8.152,-33.208,0.350,2.633709,0.001688,0.000005,0.000000,0.000000,0.000000,0.000000,0.000000,0.000000,1,0.00
7.954000,-0.001,-0.001603,-0.001603,4.321,7.00,-0.004338,0.002861,0.000018,-0.001276,0.002,0.001,8.154,-33.205,0.350,2.633733,0.001640,0.000005,0.000000,0.000000,0.000000,0.000000,0.000000,0.000000,1,0.00
7.956000,-0.001,-0.001561,-0.001561,4.321,7.00,-0.004284,0.002776,0.000019,-0.001234,0.002,0.001,8.155,-33.202,0.350,2.633756,0.001592,0.000005,0.000000,0.000000,0.000000,0.000000,0.000000,0.000000,1,0.00
7.958000,-0.001,-0.001470,-0.001470,4.321,7.00,-0.004229,0.002691,0.000019,-0.001241,0.002,0.001,8.157,-33.198,0.350,2.633779,0.001543,0.000005,0.000000,0.000000,0.000000,0.000000,0.000000,0.000000,1,0.00
7.960000,-0.001,-0.001386,-0.001386,4.321,7.00,-0.004174,0.002606,0.000020,-0.001239,0.001,0.001,8.159,-33.195,0.350,2.633802,0.001494,0.000005,0.000000,0.000000,0.000000,0.000000,0.000000,0.000000,1,0.00
7.962000,-0.001,-0.001298,-0.001298,4.321,7.00,-0.004118,0.002520,0.000020,-0.001242,0.001,0.001,8.161,-33.191,0.350,2.633825,0.001445,0.000006,0.000000,0.000000,0.000000,0.000000,0.000000,0.000000,1,0.00
7.964000,-0.001,-0.001152,-0.001152,4.321,7.00,-0.004062,0.002434,0.000021,-0.001302,0.001,0.001,8.163,-33.188,0.350,2.633847,0.001396,0.000006,0.000000,0.000000,0.000000,0.000000,0.000000,0.000000,1,0.00
7.966000,-0.001,-0.001128,-0.001128,4.321,7.00,-0.004004,0.002346,0.000021,-0.001239,0.001,0.001,8.165,-33.185,0.350,2.633870,0.001346,0.000006,0.000000,0.000000,0.000000,0.000000,0.000000,0.000000,1,0.00
7.968000,-0.001,-0.001306,-0.001306,4.321,7.00,-0.003946,0.002259,0.000022,-0.000974,0.001,0.001,8.167,-33.181,0.350,2.633893,0.001296,0.000006,0.000000,0.000000,0.000000,0.000000,0.000000,0.000000,1,0.00
7.970000,-0.001,-0.001176,-0.001176,4.321,7.00,-0.003894,0.002173,0.000022,-0.001018,0.001,0.001,8.169,-33.178,0.350,2.633915,0.001247,0.000006,0.000000,0.000000,0.000000,0.000000,0.000000,0.000000,1,0.00
7.972000,-0.001,-0.001067,-0.001067,4.321,7.00,-0.003839,0.002085,0.000023,-0.001041,0.001,0.001,8.171,-33.174,0.350,2.633936,0.001197,0.000006,0.000000,0.000000,0.000000,0.000000,0.000000,0.000000,1,0.00
7.974000,-0.001,-0.001002,-0.001002,4.321,7.00,-0.003784,0.001998,0.000023,-0.001019,0.001,0.001,8.173,-33.171,0.350,2.633958,0.001147,0.000007,0.000000,0.000000,0.000000,0.000000,0.000000,0.000000,1,0.00
7.976000,-0.001,-0.000845,-0.000845,4.321,7.00,-0.003728,0.001910,0.000023,-0.001088,0.001,0.001,8.174,-33.168,0.350,2.633980,0.001096,0.000007,0.000000,0.000000,0.000000,0.000000,0.000000,0.000000,1,0.00
7.978000,-0.001,-0.000587,-0.000587,4.321,7.00,-0.003671,0.001821,0.000024,-0.001258,0.001,0.000,8.176,-33.164,0.350,2.634002,0.001046,0.000007,0.000000,0.000000,0.000000,0.000000,0.000000,0.000000,1,0.00
7.980000,-0.001,-0.000637,-0.000637,4.321,7.00,-0.003609,0.001731,0.000025,-0.001118,0.001,0.000,8.178,-33.161,0.350,2.634024,0.000994,0.000007,0.000000,0.000000,0.000000,0.000000,0.000000,0.000000,1,0.00
7.982000,-0.001,-0.000638,-0.000638,4.321,7.00,-0.003550,0.001641,0.000026,-0.001029,0.001,0.000,8.180,-33.158,0.350,2.634046,0.000943,0.000007,0.000000,0.000000,0.000000,0.000000,0.000000,0.000000,1,0.00
7.984000,-0.001,-0.000557,-0.000557,4.321,7.00,-0.003491,0.001551,0.000026,-0.001020,0.001,0.000,8.182,-33.154,0.350,2.634068,0.000892,0.000007,0.000000,0.000000,0.000000,0.000000,0.000000,0.000000,1,0.00
7.986000,-0.001,-0.000634,-0.000634,4.321,7.00,-0.003433,0.001462,0.000027,-0.000854,0.001,0.000,8.184,-33.151,0.350,2.634089,0.000840,0.000007,0.000000,0.000000,0.000000,0.000000,0.000000,0.000000,1,0.00
7.988000,-0.001,-0.000582,-0.000582,4.321,7.00,-0.003377,0.001372,0.000027,-0.000817,0.001,0.000,8.186,-33.147,0.350,2.634110,0.000789,0.000007,0.000000,0.000000,0.000000,0.000000,0.000000,0.000000,1,0.00
# Log beendet. Einträge: 3994
