timestamp,roll_angle,steering_output,final_steer,target_speed,actual_speed_kmh,actual_handlebar_angle,p_term,i_term,d_term,error,stability_factor,vision_error,vision_steer_command,vision_speed_command,vision_p_term,vision_i_term,vision_d_term,vision_active,vision_mask_coverage,x,y,v,yaw
0.002000,-0.010,-0.020437,-0.020437,4.321,0.00,0.022083,0.020008,0.000000,0.000429,0.000,0.014,0.000000,0.000000,0.000000,0.000000,0.000000,0.000000,1,0.00,0.164,-46.327,0.012,-2.617962
0.004000,-0.010,-0.023668,-0.023668,4.321,1.31,0.021233,0.020368,0.000013,0.003287,0.000,0.016,0.000000,0.000000,0.000000,0.000000,0.000000,0.000000,1,0.00,0.164,-46.327,0.024,-2.617891
0.006000,-0.010,-0.034079,-0.034079,4.321,2.44,0.020335,0.020796,0.000017,0.013265,0.000,0.023,0.000000,0.000000,0.000000,0.000000,0.000000,0.000000,1,0.00,0.164,-46.326,0.029,-2.617816
0.008000,-0.011,-0.037972,-0.037972,4.321,3.36,0.019247,0.021286,0.000033,0.016653,0.000,0.025,0.000000,0.000000,0.000000,0.000000,0.000000,0.000000,1,0.00,0.164,-46.326,0.034,-2.617725
0.010000,-0.011,-0.042445,-0.042445,4.321,4.08,0.018103,0.021830,0.000048,0.020567,0.010,0.028,0.000000,0.000000,0.000000,0.000000,0.000000,0.000000,1,0.00,0.164,-46.326,0.038,-2.617629
0.012000,-0.011,-0.059304,-0.059304,4.321,4.67,0.016892,0.022411,0.000052,0.036841,0.010,0.040,0.000000,0.000000,0.000000,0.000000,0.000000,0.000000,1,0.00,0.164,-46.326,0.041,-2.617526
0.014000,-0.012,-0.061156,-0.061156,4.321,5.13,0.015369,0.023007,0.000068,0.038080,0.010,0.041,0.000000,0.000000,0.000000,0.000000,0.000000,0.000000,1,0.00,0.164,-46.326,0.042,-2.617397
0.016000,-0.012,-0.056820,-0.056820,4.321,5.51,0.013838,0.023605,0.000083,0.033133,0.011,0.038,0.000000,0.000000,0.000000,0.000000,0.000000,0.000000,1,0.00,0.164,-46.326,0.042,-2.617267
0.018000,-0.012,-0.061207,-0.061207,4.321,5.81,0.012425,0.024199,0.000093,0.036916,0.011,0.041,0.000000,0.000000,0.000000,0.000000,0.000000,0.000000,1,0.00,0.164,-46.326,0.041,-2.617146
0.020000,-0.012,-0.064097,-0.064097,4.321,6.04,0.010952,0.024796,0.000104,0.039196,0.011,0.043,0.000000,0.000000,0.000000,0.000000,0.000000,0.000000,1,0.00,0.164,-46.326,0.042,-2.617021
0.022000,-0.013,-0.057409,-0.057409,4.321,6.24,0.009451,0.025395,0.000113,0.031901,0.012,0.038,0.000000,0.000000,0.000000,0.000000,0.000000,0.000000,1,0.00,0.165,-46.326,0.042,-2.616892
0.024000,-0.013,-0.058470,-0.058470,4.321,6.39,0.008114,0.025988,0.000130,0.032353,0.012,0.039,0.000000,0.000000,0.000000,0.000000,0.000000,0.000000,1,0.00,0.165,-46.326,0.041,-2.616778
0.026000,-0.013,-0.059078,-0.059078,4.321,6.51,0.006782,0.026581,0.000145,0.032352,0.012,0.039,0.000000,0.000000,0.000000,0.000000,0.000000,0.000000,1,0.00,0.165,-46.326,0.041,-2.616663
0.028000,-0.014,-0.057208,-0.057208,4.321,6.61,0.005465,0.027175,0.000162,0.029871,0.012,0.038,0.000000,0.000000,0.000000,0.000000,0.000000,0.000000,1,0.00,0.165,-46.325,0.041,-2.616550
0.030000,-0.014,-0.057726,-0.057726,4.321,6.69,0.004212,0.027766,0.000176,0.029785,0.013,0.038,0.000000,0.000000,0.000000,0.000000,0.000000,0.000000,1,0.00,0.165,-46.325,0.041,-2.616442
0.032000,-0.014,-0.051399,-0.051399,4.321,6.75,0.002973,0.028357,0.000210,0.022832,0.013,0.034,0.000000,0.000000,0.000000,0.000000,0.000000,0.000000,1,0.00,0.165,-46.325,0.041,-2.616335
0.034000,-0.014,-0.053867,-0.053867,4.321,6.80,0.001885,0.028942,0.000223,0.024702,0.013,0.036,0.000000,0.000000,0.000000,0.000000,0.000000,0.000000,1,0.00,0.165,-46.325,0.040,-2.616241
0.036000,-0.015,-0.063045,-0.063045,4.321,6.84,0.000770,0.029529,0.000230,0.033287,0.014,0.042,0.000000,0.000000,0.000000,0.000000,0.000000,0.000000,1,0.00,0.165,-46.325,0.040,-2.616143
0.038000,-0.015,-0.064055,-0.064055,4.321,6.87,-0.000506,0.030125,0.000247,0.033683,0.014,0.043,0.000000,0.000000,0.000000,0.000000,0.000000,0.000000,1,0.00,0.165,-46.325,0.041,-2.616033
0.040000,-0.015,-0.063028,-0.063028,4.321,6.90,-0.001777,0.030722,0.000268,0.032039,0.014,0.042,0.000000,0.000000,0.000000,0.000000,0.000000,0.000000,1,0.00,0.165,-46.325,0.041,-2.615922
0.042000,-0.016,-0.068286,-0.068286,4.321,6.92,-0.003002,0.031317,0.000281,0.036688,0.014,0.046,0.000000,0.000000,0.000000,0.000000,0.000000,0.000000,1,0.00,0.165,-46.325,0.041,-2.615816
0.044000,-0.016,-0.068692,-0.068692,4.321,6.93,-0.004308,0.031918,0.000296,0.036478,0.015,0.046,0.000000,0.000000,0.000000,0.000000,0.000000,0.000000,1,0.00,0.165,-46.325,0.041,-2.615702
0.046000,-0.016,-0.065678,-0.065678,4.321,6.95,-0.005595,0.032518,0.000306,0.032853,0.015,0.044,0.000000,0.000000,0.000000,0.000000,0.000000,0.000000,1,0.00,0.165,-46.325,0.041,-2.615590
0.048000,-0.017,-0.069391,-0.069391,4.321,6.96,-0.006797,0.033115,0.000318,0.035957,0.015,0.046,0.000000,0.000000,0.000000,0.000000,0.000000,0.000000,1,0.00,0.166,-46.324,0.041,-2.615484
0.050000,-0.017,-0.070725,-0.070725,4.321,6.97,-0.008049,0.033716,0.000338,0.036672,0.016,0.047,0.000000,0.000000,0.000000,0.000000,0.000000,0.000000,1,0.00,0.166,-46.324,0.041,-2.615375
0.052000,-0.017,-0.065016,-0.065016,4.321,6.97,-0.009302,0.034317,0.000966,0.029732,0.016,0.043,0.000000,0.000000,0.000000,0.000000,0.000000,0.000000,1,0.00,0.166,-46.324,0.041,-2.615265
0.054000,-0.017,-0.067378,-0.067378,4.321,6.98,-0.010417,0.034913,0.000979,0.031485,0.016,0.045,0.000000,0.000000,0.000000,0.000000,0.000000,0.000000,1,0.00,0.166,-46.324,0.040,-2.615166
0.056000,-0.018,-0.061862,-0.061862,4.321,6.98,-0.011556,0.035511,0.001007,0.025345,0.017,0.041,0.000000,0.000000,0.000000,0.000000,0.000000,0.000000,1,0.00,0.166,-46.324,0.040,-2.615066
0.058000,-0.018,-0.057437,-0.057437,4.321,6.99,-0.012562,0.036103,0.001041,0.020293,0.017,0.038,0.000000,0.000000,0.000000,0.000000,0.000000,0.000000,1,0.00,0.166,-46.324,0.040,-2.614976
0.060000,-0.018,-0.064627,-0.032313,4.321,6.99,-0.013460,0.036690,0.001050,0.026887,0.017,0.043,0.057813,0.000000,0.000000,0.115625,0.000000,-0.282949,1,1.07,0.166,-46.324,0.040,-2.614895
0.062000,-0.019,-0.075349,-0.037674,4.321,6.99,-0.013902,0.037255,0.001060,0.037033,0.017,0.050,0.057813,0.000000,0.000000,0.115625,0.000000,-0.282949,1,1.07,0.166,-46.324,0.039,-2.614852
0.064000,-0.019,-0.071580,-0.035790,4.321,6.99,-0.014377,0.037823,0.001090,0.032666,0.018,0.048,0.057813,0.000000,0.000000,0.115625,0.000000,-0.282949,1,1.07,0.166,-46.324,0.039,-2.614806
0.066000,-0.019,-0.070473,-0.035237,4.321,6.99,-0.014805,0.038390,0.001141,0.030943,0.018,0.047,0.057813,0.000000,0.000000,0.115625,0.000000,-0.282949,1,1.07,0.166,-46.324,0.039,-2.614764
0.068000,-0.019,-0.075955,-0.037978,4.321,7.00,-0.015214,0.038956,0.001155,0.035845,0.018,0.051,0.057813,0.000000,0.000000,0.115625,0.000000,-0.282949,1,1.07,0.166,-46.323,0.039,-2.614723
0.070000,-0.020,-0.068470,-0.034235,4.321,7.00,-0.015669,0.039525,0.001185,0.027760,0.019,0.046,0.057813,0.000000,0.000000,0.115625,0.000000,-0.282949,1,1.07,0.166,-46.323,0.039,-2.614678
0.072000,-0.020,-0.065723,-0.032862,4.321,7.00,-0.016041,0.040091,0.001202,0.024431,0.019,0.044,0.057813,0.000000,0.000000,0.115625,0.000000,-0.282949,1,1.07,0.166,-46.323,0.039,-2.614640
0.074000,-0.020,-0.069175,-0.034588,4.321,7.00,-0.016377,0.040655,0.001219,0.027301,0.019,0.046,0.057813,0.000000,0.000000,0.115625,0.000000,-0.282949,1,1.07,0.166,-46.323,0.039,-2.614605
0.076000,-0.021,-0.070579,-0.035290,4.321,7.00,-0.016741,0.041222,0.001259,0.028098,0.019,0.047,0.057813,0.000000,0.000000,0.115625,0.000000,-0.282949,1,1.07,0.167,-46.323,0.039,-2.614568
0.078000,-0.021,-0.069384,-0.034692,4.321,7.00,-0.017112,0.041790,0.001278,0.026315,0.020,0.046,0.057813,0.000000,0.000000,0.115625,0.000000,-0.282949,1,1.07,0.167,-46.323,0.039,-2.614529
0.080000,-0.021,-0.069836,-0.034918,4.321,5.78,-0.017464,0.042160,0.001299,0.026377,0.020,0.047,0.057813,0.000000,0.000000,0.115625,0.000000,-0.282949,1,1.07,0.167,-46.323,0.079,-2.614501
0.082000,-0.021,-0.061138,-0.030569,4.321,4.69,-0.017813,0.041990,0.001322,0.017826,0.020,0.041,0.057813,0.000000,0.000000,0.115625,0.000000,-0.282949,1,1.07,0.167,-46.323,0.147,-2.614470
0.084000,-0.021,-0.041579,-0.020789,4.321,3.75,-0.018068,0.041426,0.001331,-0.001178,0.021,0.028,0.057813,0.000000,0.000000,0.115625,0.000000,-0.282949,1,1.07,0.167,-46.322,0.206,-2.614444
0.086000,-0.020,-0.019524,-0.009762,4.321,2.97,-0.018123,0.040589,0.001340,-0.022405,0.021,0.013,0.057813,0.000000,0.000000,0.115625,0.000000,-0.282949,1,1.07,0.167,-46.322,0.257,-2.614430
0.088000,-0.020,-0.005267,-0.002634,4.321,2.33,-0.017956,0.039581,0.001369,-0.035683,0.021,0.004,0.057813,0.000000,0.000000,0.115625,0.000000,-0.282949,1,1.07,0.167,-46.322,0.302,-2.614431
0.090000,-0.019,0.013870,0.006935,4.321,1.82,-0.017650,0.038486,0.001383,-0.053740,0.021,0.009,0.057813,0.000000,0.000000,0.115625,0.000000,-0.282949,1,1.07,0.168,-46.322,0.342,-2.614440
0.092000,-0.019,0.023728,0.011864,4.321,1.43,-0.017158,0.037358,0.001404,-0.062489,0.021,0.016,0.057813,0.000000,0.000000,0.115625,0.000000,-0.282949,1,1.07,0.168,-46.321,0.378,-2.614464
0.094000,-0.018,0.031405,0.015702,4.321,1.18,-0.016578,0.036295,0.001414,-0.069114,0.020,0.021,0.057813,0.000000,0.000000,0.115625,0.000000,-0.282949,1,1.07,0.168,-46.321,0.409,-2.614513
0.096000,-0.018,0.019359,0.009680,4.321,1.15,-0.015932,0.035318,0.001446,-0.056123,0.020,0.013,0.057813,0.000000,0.000000,0.115625,0.000000,-0.282949,1,1.07,0.168,-46.320,0.434,-2.614588
0.098000,-0.017,0.018572,0.009286,4.321,1.38,-0.015420,0.034437,0.001475,-0.054484,0.019,0.012,0.057813,0.000000,0.000000,0.115625,0.000000,-0.282949,1,1.07,0.169,-46.320,0.453,-2.614667
0.100000,-0.017,-0.034252,-0.017126,4.321,1.85,-0.014926,0.033648,0.000000,0.000605,0.000,0.023,0.057813,0.000000,0.000000,0.115625,0.000000,-0.282949,1,1.07,0.169,-46.319,0.469,-2.614758
0.102000,-0.016,-0.033369,-0.016684,4.321,2.55,-0.014889,0.032972,0.000246,0.000151,0.000,0.022,0.057813,0.000000,0.000000,0.115625,0.000000,-0.282949,1,1.07,0.169,-46.319,0.484,-2.614825
0.104000,-0.016,-0.023998,-0.011999,4.321,3.44,-0.014924,0.032377,0.000257,-0.008636,0.000,0.016,0.057813,0.000000,0.000000,0.115625,0.000000,-0.282949,1,1.07,0.170,-46.318,0.496,-2.614895
0.106000,-0.016,-0.019573,-0.009787,4.321,4.15,-0.014866,0.031797,0.000280,-0.012504,0.000,0.013,0.057813,0.000000,0.000000,0.115625,0.000000,-0.282949,1,1.07,0.170,-46.318,0.508,-2.614980
0.108000,-0.016,-0.015606,-0.007803,4.321,4.72,-0.014764,0.031232,0.000306,-0.015933,0.017,0.010,0.057813,0.000000,0.000000,0.115625,0.000000,-0.282949,1,1.07,0.171,-46.317,0.519,-2.615075
0.110000,-0.015,-0.000023,-0.000011,4.321,5.18,-0.014625,0.030683,0.000312,-0.030972,0.016,0.000,0.057813,0.000000,0.000000,0.115625,0.000000,-0.282949,1,1.07,0.171,-46.316,0.528,-2.615178
0.112000,-0.015,0.003601,0.001800,4.321,5.54,-0.014333,0.030143,0.000335,-0.034079,0.016,0.002,0.057813,0.000000,0.000000,0.115625,0.000000,-0.282949,1,1.07,0.172,-46.316,0.538,-2.615299
0.114000,-0.015,0.005519,0.002760,4.321,5.83,-0.014010,0.029620,0.000342,-0.035482,0.016,0.004,0.057813,0.000000,0.000000,0.115625,0.000000,-0.282949,1,1.07,0.173,-46.315,0.547,-2.615428
0.116000,-0.015,0.005759,0.002880,4.321,6.07,-0.013675,0.029114,0.000363,-0.035236,0.016,0.004,0.057813,0.000000,0.000000,0.115625,0.000000,-0.282949,1,1.07,0.173,-46.314,0.556,-2.615564
0.118000,-0.014,0.007989,0.003995,4.321,6.25,-0.013344,0.028627,0.000376,-0.036993,0.015,0.005,0.057813,0.000000,0.000000,0.115625,0.000000,-0.282949,1,1.07,0.174,-46.314,0.566,-2.615705
0.120000,-0.014,-0.004107,-0.002054,4.321,6.40,-0.012997,0.028159,0.000411,-0.024463,0.015,0.003,0.059375,0.000000,0.000000,0.118750,0.000000,-2.617992,1,1.06,0.174,-46.313,0.577,-2.615853
0.122000,-0.014,-0.004521,-0.002260,4.321,6.52,-0.012778,0.027717,0.000433,-0.023630,0.015,0.003,0.059375,0.000000,0.000000,0.118750,0.000000,-2.617992,1,1.06,0.175,-46.312,0.589,-2.615998
0.124000,-0.014,-0.010443,-0.005222,4.321,6.62,-0.012568,0.027296,0.000448,-0.017301,0.015,0.007,0.059375,0.000000,0.000000,0.118750,0.000000,-2.617992,1,1.06,0.176,-46.312,0.601,-2.616148
0.126000,-0.013,-0.001597,-0.000799,4.321,6.69,-0.012421,0.026898,0.000453,-0.025754,0.014,0.001,0.059375,0.000000,0.000000,0.118750,0.000000,-2.617992,1,1.06,0.176,-46.311,0.614,-2.616301
0.128000,-0.013,-0.004282,-0.002141,4.321,6.75,-0.012189,0.026518,0.000476,-0.022712,0.014,0.003,0.059375,0.000000,0.000000,0.118750,0.000000,-2.617992,1,1.06,0.177,-46.310,0.627,-2.616468
0.130000,-0.013,-0.000033,-0.000017,4.321,6.80,-0.011988,0.026162,0.000484,-0.026613,0.014,0.000,0.059375,0.000000,0.000000,0.118750,0.000000,-2.617992,1,1.06,0.178,-46.309,0.642,-2.616642
0.132000,-0.013,0.004337,0.002169,4.321,6.84,-0.011748,0.025827,0.000491,-0.030655,0.014,0.003,0.059375,0.000000,0.000000,0.118750,0.000000,-2.617992,1,1.06,0.178,-46.309,0.657,-2.616826
0.134000,-0.013,0.001217,0.000608,4.321,6.87,-0.011470,0.025515,0.000569,-0.027301,0.013,0.001,0.059375,0.000000,0.000000,0.118750,0.000000,-2.617992,1,1.06,0.179,-46.308,0.672,-2.617023
0.136000,-0.013,-0.010052,-0.005026,4.321,6.90,-0.011228,0.025229,0.000631,-0.015808,0.013,0.007,0.059375,0.000000,0.000000,0.118750,0.000000,-2.617992,1,1.06,0.180,-46.307,0.688,-2.617226
0.138000,-0.012,-0.009398,-0.004699,4.321,6.92,-0.011104,0.024975,0.000643,-0.016221,0.013,0.006,0.059375,0.000000,0.000000,0.118750,0.000000,-2.617992,1,1.06,0.181,-46.306,0.705,-2.617429
0.140000,-0.012,-0.014049,-0.007024,4.321,6.94,-0.010976,0.024747,0.000673,-0.011371,0.013,0.009,0.059375,0.000000,0.000000,0.118750,0.000000,-2.617992,1,1.06,0.182,-46.305,0.722,-2.617642
0.142000,-0.012,-0.019709,-0.009855,4.321,6.95,-0.010897,0.024547,0.000699,-0.005537,0.013,0.013,0.059375,0.000000,0.000000,0.118750,0.000000,-2.617992,1,1.06,0.182,-46.305,0.738,-2.617861
0.144000,-0.012,-0.019857,-0.009929,4.321,6.96,-0.010876,0.024378,0.000777,-0.005297,0.013,0.013,0.059375,0.000000,0.000000,0.118750,0.000000,-2.617992,1,1.06,0.183,-46.304,0.756,-2.618084
0.146000,-0.012,-0.018403,-0.009202,4.321,6.97,-0.010857,0.024236,0.000786,-0.006619,0.012,0.012,0.059375,0.000000,0.000000,0.118750,0.000000,-2.617992,1,1.06,0.184,-46.303,0.773,-2.618317
0.148000,-0.012,-0.020283,-0.010141,4.321,6.97,-0.010824,0.024123,0.000809,-0.004649,0.012,0.014,0.059375,0.000000,0.000000,0.118750,0.000000,-2.617992,1,1.06,0.185,-46.302,0.790,-2.618562
0.150000,-0.012,-0.018114,-0.009057,4.321,6.98,-0.011118,0.023878,0.000819,-0.006583,0.012,0.012,0.059375,0.000000,0.000000,0.118750,0.000000,-2.617992,1,1.06,0.186,-46.301,0.773,-2.618955
0.152000,-0.012,-0.019147,-0.009574,4.321,6.98,-0.011077,0.023891,0.000847,-0.005591,0.012,0.013,0.059375,0.000000,0.000000,0.118750,0.000000,-2.617992,1,1.06,0.187,-46.300,0.771,-2.619421
0.154000,-0.012,-0.020027,-0.010014,4.321,6.99,-0.011046,0.024150,0.001013,-0.005136,0.012,0.013,0.059375,0.000000,0.000000,0.118750,0.000000,-2.617992,1,1.06,0.188,-46.298,0.780,-2.619911
0.156000,-0.012,-0.032211,-0.016106,4.321,6.99,-0.011026,0.024576,0.001019,0.006617,0.012,0.021,0.059375,0.000000,0.000000,0.118750,0.000000,-2.617992,1,1.06,0.189,-46.297,0.795,-2.620425
0.158000,-0.013,-0.041019,-0.020509,4.321,6.99,-0.011127,0.025125,0.001028,0.014866,0.012,0.027,0.059375,0.000000,0.000000,0.118750,0.000000,-2.617992,1,1.06,0.190,-46.296,0.816,-2.620947
0.160000,-0.013,-0.046677,-0.023338,4.321,6.99,-0.011315,0.025755,0.001066,0.019856,0.012,0.031,0.062500,0.000000,0.000000,0.125000,0.000000,-0.305506,1,1.15,0.191,-46.295,0.837,-2.621484
0.162000,-0.013,-0.053643,-0.026821,4.321,6.99,-0.011555,0.026434,0.001080,0.026128,0.012,0.036,0.062500,0.000000,0.000000,0.125000,0.000000,-0.305506,1,1.15,0.192,-46.293,0.859,-2.622038
0.164000,-0.014,-0.060697,-0.030348,4.321,6.99,-0.011860,0.027147,0.001095,0.032455,0.012,0.040,0.062500,0.000000,0.000000,0.125000,0.000000,-0.305506,1,1.15,0.194,-46.292,0.880,-2.622607
0.166000,-0.014,-0.066183,-0.033091,4.321,7.00,-0.012230,0.027878,0.001102,0.037202,0.013,0.044,0.062500,0.000000,0.000000,0.125000,0.000000,-0.305506,1,1.15,0.195,-46.290,0.900,-2.623188
0.168000,-0.014,-0.064426,-0.032213,4.321,7.00,-0.012647,0.028643,0.001124,0.034660,0.013,0.043,0.062500,0.000000,0.000000,0.125000,0.000000,-0.305506,1,1.15,0.196,-46.289,0.920,-2.623777
0.170000,-0.015,-0.074261,-0.037130,4.321,7.00,-0.013039,0.029437,0.001134,0.043689,0.013,0.050,0.062500,0.000000,0.000000,0.125000,0.000000,-0.305506,1,1.15,0.197,-46.287,0.939,-2.624380
0.172000,-0.015,-0.081490,-0.040745,4.321,7.00,-0.013520,0.030268,0.001144,0.050078,0.014,0.054,0.062500,0.000000,0.000000,0.125000,0.000000,-0.305506,1,1.15,0.199,-46.286,0.958,-2.624986
0.174000,-0.016,-0.084874,-0.042437,4.321,7.00,-0.014065,0.031133,0.001159,0.052581,0.014,0.057,0.062500,0.000000,0.000000,0.125000,0.000000,-0.305506,1,1.15,0.200,-46.284,0.976,-2.625599
0.176000,-0.016,-0.076050,-0.038025,4.321,7.00,-0.014632,0.032031,0.001189,0.042830,0.014,0.051,0.062500,0.000000,0.000000,0.125000,0.000000,-0.305506,1,1.15,0.202,-46.283,0.995,-2.626221
0.178000,-0.016,-0.080048,-0.040024,4.321,7.00,-0.015100,0.032947,0.001207,0.045894,0.015,0.053,0.062500,0.000000,0.000000,0.125000,0.000000,-0.305506,1,1.15,0.203,-46.281,1.012,-2.626859
0.180000,-0.017,-0.076569,-0.038284,4.321,7.00,-0.015599,0.033833,0.001229,0.041506,0.015,0.051,0.062500,0.000000,0.000000,0.125000,0.000000,-0.305506,1,1.15,0.204,-46.280,1.026,-2.627491
0.182000,-0.017,-0.088582,-0.044291,4.321,7.00,-0.016052,0.034686,0.001236,0.052661,0.016,0.059,0.062500,0.000000,0.000000,0.125000,0.000000,-0.305506,1,1.15,0.206,-46.278,1.040,-2.628120
0.184000,-0.018,-0.083809,-0.041905,4.321,7.00,-0.016617,0.035514,0.001279,0.047016,0.016,0.056,0.062500,0.000000,0.000000,0.125000,0.000000,-0.305506,1,1.15,0.207,-46.277,1.053,-2.628736
0.186000,-0.018,-0.093255,-0.046628,4.321,7.00,-0.017123,0.036310,0.001290,0.055656,0.016,0.062,0.062500,0.000000,0.000000,0.125000,0.000000,-0.305506,1,1.15,0.209,-46.275,1.066,-2.629352
0.188000,-0.019,-0.090025,-0.045013,4.321,7.00,-0.017713,0.037082,0.001324,0.051619,0.017,0.060,0.062500,0.000000,0.000000,0.125000,0.000000,-0.305506,1,1.15,0.210,-46.273,1.078,-2.629956
0.190000,-0.019,-0.094835,-0.047418,4.321,7.00,-0.018259,0.037825,0.001337,0.055673,0.017,0.063,0.062500,0.000000,0.000000,0.125000,0.000000,-0.305506,1,1.15,0.212,-46.272,1.090,-2.630559
0.192000,-0.019,-0.075956,-0.037978,4.321,7.00,-0.018842,0.038543,0.001370,0.036042,0.018,0.051,0.062500,0.000000,0.000000,0.125000,0.000000,-0.305506,1,1.15,0.213,-46.270,1.102,-2.631154
0.194000,-0.020,-0.079766,-0.039883,4.321,7.00,-0.019225,0.039225,0.001391,0.039150,0.018,0.053,0.062500,0.000000,0.000000,0.125000,0.000000,-0.305506,1,1.15,0.215,-46.268,1.113,-2.631761
0.196000,-0.020,-0.085222,-0.042611,4.321,7.00,-0.019638,0.039883,0.001398,0.043941,0.019,0.057,0.062500,0.000000,0.000000,0.125000,0.000000,-0.305506,1,1.15,0.216,-46.266,1.124,-2.632362
0.198000,-0.020,-0.085699,-0.042849,4.321,7.00,-0.020097,0.040518,0.001430,0.043751,0.019,0.057,0.062500,0.000000,0.000000,0.125000,0.000000,-0.305506,1,1.15,0.218,-46.265,1.135,-2.632954
0.200000,-0.021,-0.041754,-0.020877,4.321,7.00,-0.020552,0.041128,0.000000,0.000625,0.000,0.028,0.062500,0.000000,0.000000,0.125000,0.000000,-0.305506,1,1.15,0.219,-46.263,1.146,-2.633542
0.202000,-0.021,-0.047101,-0.023551,4.321,7.00,-0.020566,0.041691,0.000025,0.005386,0.000,0.031,0.062500,0.000000,0.000000,0.125000,0.000000,-0.305506,1,1.15,0.221,-46.261,1.156,-2.634162
0.204000,-0.021,-0.048328,-0.024164,4.321,7.00,-0.020625,0.042231,0.000306,0.005792,0.000,0.032,0.062500,0.000000,0.000000,0.125000,0.000000,-0.305506,1,1.15,0.222,-46.259,1.167,-2.634773
0.206000,-0.021,-0.054430,-0.027215,4.321,7.00,-0.020696,0.042747,0.000326,0.011358,0.000,0.036,0.062500,0.000000,0.000000,0.125000,0.000000,-0.305506,1,1.15,0.224,-46.257,1.177,-2.635380
0.208000,-0.022,-0.057843,-0.028921,4.321,7.00,-0.020827,0.043241,0.000363,0.014239,0.021,0.039,0.062500,0.000000,0.000000,0.125000,0.000000,-0.305506,1,1.15,0.225,-46.256,1.188,-2.635977
0.210000,-0.022,-0.064789,-0.032394,4.321,7.00,-0.020988,0.043713,0.000377,0.020699,0.021,0.043,0.062500,0.000000,0.000000,0.125000,0.000000,-0.305506,1,1.15,0.227,-46.254,1.200,-2.636568
0.212000,-0.022,-0.064265,-0.032133,4.321,7.00,-0.021216,0.044162,0.000404,0.019699,0.021,0.043,0.062500,0.000000,0.000000,0.125000,0.000000,-0.305506,1,1.15,0.228,-46.252,1.211,-2.637149
0.214000,-0.022,-0.068551,-0.034276,4.321,7.00,-0.021435,0.044586,0.000426,0.023539,0.021,0.046,0.062500,0.000000,0.000000,0.125000,0.000000,-0.305506,1,1.15,0.230,-46.250,1.222,-2.637726
0.216000,-0.022,-0.064841,-0.032421,4.321,7.00,-0.021692,0.044987,0.000491,0.019364,0.022,0.043,0.062500,0.000000,0.000000,0.125000,0.000000,-0.305506,1,1.15,0.231,-46.248,1.234,-2.638296
0.218000,-0.023,-0.066396,-0.033198,4.321,7.00,-0.021906,0.045360,0.000512,0.020524,0.022,0.044,0.062500,0.000000,0.000000,0.125000,0.000000,-0.305506,1,1.15,0.233,-46.246,1.245,-2.638865
0.220000,-0.023,-0.063047,-0.031524,4.321,7.00,-0.022132,0.045708,0.000535,0.016804,0.022,0.042,0.062500,0.000000,0.000000,0.125000,0.000000,-0.307702,1,1.14,0.234,-46.244,1.257,-2.639429
0.222000,-0.023,-0.064322,-0.032161,4.321,7.00,-0.022320,0.046029,0.000551,0.017742,0.022,0.043,0.062500,0.000000,0.000000,0.125000,0.000000,-0.307702,1,1.14,0.236,-46.242,1.269,-2.639992
0.224000,-0.023,-0.062905,-0.031453,4.321,7.00,-0.022517,0.046324,0.000578,0.016004,0.022,0.042,0.062500,0.000000,0.000000,0.125000,0.000000,-0.307702,1,1.14,0.237,-46.240,1.280,-2.640549
0.226000,-0.023,-0.064362,-0.032181,4.321,7.00,-0.022695,0.046592,0.000603,0.017167,0.023,0.043,0.062500,0.000000,0.000000,0.125000,0.000000,-0.307702,1,1.14,0.239,-46.238,1.292,-2.641103
0.228000,-0.023,-0.063113,-0.031557,4.321,7.00,-0.022885,0.046834,0.000625,0.015654,0.023,0.042,0.062500,0.000000,0.000000,0.125000,0.000000,-0.307702,1,1.14,0.240,-46.236,1.305,-2.641652
0.230000,-0.024,-0.062621,-0.031310,4.321,7.00,-0.023059,0.047049,0.000644,0.014927,0.023,0.042,0.062500,0.000000,0.000000,0.125000,0.000000,-0.307702,1,1.14,0.242,-46.234,1.317,-2.642198
0.232000,-0.024,-0.059974,-0.029987,4.321,7.00,-0.023224,0.047237,0.000668,0.012068,0.023,0.040,0.062500,0.000000,0.000000,0.125000,0.000000,-0.307702,1,1.14,0.244,-46.232,1.329,-2.642740
0.234000,-0.024,-0.058952,-0.029476,4.321,7.00,-0.023359,0.047398,0.000698,0.010856,0.023,0.039,0.062500,0.000000,0.000000,0.125000,0.000000,-0.307702,1,1.14,0.245,-46.230,1.341,-2.643279
0.236000,-0.024,-0.057392,-0.028696,4.321,7.00,-0.023481,0.047532,0.000736,0.009124,0.023,0.038,0.062500,0.000000,0.000000,0.125000,0.000000,-0.307702,1,1.14,0.247,-46.227,1.354,-2.643816
0.238000,-0.024,-0.055892,-0.027946,4.321,7.00,-0.023586,0.047638,0.000765,0.007489,0.024,0.037,0.062500,0.000000,0.000000,0.125000,0.000000,-0.307702,1,1.14,0.248,-46.225,1.366,-2.644349
0.240000,-0.024,-0.054029,-0.027015,4.321,7.00,-0.023673,0.047719,0.000794,0.005516,0.024,0.036,0.062500,0.000000,0.000000,0.125000,0.000000,-0.307702,1,1.14,0.250,-46.223,1.359,-2.644914
0.242000,-0.024,-0.053777,-0.026888,4.321,7.00,-0.023740,0.047789,0.000805,0.005182,0.024,0.036,0.062500,0.000000,0.000000,0.125000,0.000000,-0.307702,1,1.14,0.251,-46.221,1.356,-2.645494
0.244000,-0.024,-0.053487,-0.026744,4.321,7.00,-0.023803,0.047867,0.000826,0.004794,0.024,0.036,0.062500,0.000000,0.000000,0.125000,0.000000,-0.307702,1,1.14,0.253,-46.219,1.363,-2.646061
0.246000,-0.024,-0.053526,-0.026763,4.321,7.00,-0.023862,0.047950,0.000852,0.004724,0.024,0.036,0.062500,0.000000,0.000000,0.125000,0.000000,-0.307702,1,1.14,0.255,-46.217,1.370,-2.646611
0.248000,-0.024,-0.053353,-0.026677,4.321,7.00,-0.023920,0.048036,0.000886,0.004431,0.024,0.036,0.062500,0.000000,0.000000,0.125000,0.000000,-0.307702,1,1.14,0.256,-46.214,1.378,-2.647145
0.250000,-0.024,-0.054142,-0.027071,4.321,7.00,-0.023975,0.048120,0.000901,0.005121,0.024,0.036,0.062500,0.000000,0.000000,0.125000,0.000000,-0.307702,1,1.14,0.258,-46.212,1.386,-2.647665
0.252000,-0.024,-0.053554,-0.026777,4.321,7.00,-0.024037,0.048202,0.000926,0.004426,0.024,0.036,0.062500,0.000000,0.000000,0.125000,0.000000,-0.307702,1,1.14,0.259,-46.210,1.395,-2.648170
0.254000,-0.024,-0.053289,-0.026645,4.321,7.00,-0.024092,0.048276,0.000959,0.004054,0.024,0.036,0.062500,0.000000,0.000000,0.125000,0.000000,-0.307702,1,1.14,0.261,-46.207,1.404,-2.648664
0.256000,-0.024,-0.052984,-0.026492,4.321,7.00,-0.024143,0.048340,0.001297,0.003347,0.024,0.035,0.062500,0.000000,0.000000,0.125000,0.000000,-0.307702,1,1.14,0.263,-46.205,1.414,-2.649147
0.258000,-0.024,-0.053762,-0.026881,4.321,7.00,-0.024190,0.048391,0.001306,0.004065,0.024,0.036,0.062500,0.000000,0.000000,0.125000,0.000000,-0.307702,1,1.14,0.264,-46.203,1.424,-2.649621
0.260000,-0.024,-0.052834,-0.026417,4.321,7.00,-0.024243,0.048429,0.001332,0.003073,0.024,0.035,0.060938,0.000000,0.000000,0.121875,0.000000,-0.300009,1,1.14,0.266,-46.200,1.434,-2.650085
0.262000,-0.024,-0.052252,-0.026126,4.321,7.00,-0.024287,0.048451,0.001361,0.002440,0.024,0.035,0.060938,0.000000,0.000000,0.121875,0.000000,-0.300009,1,1.14,0.267,-46.198,1.445,-2.650542
0.264000,-0.024,-0.051799,-0.025900,4.321,7.00,-0.024324,0.048455,0.001423,0.001921,0.024,0.035,0.060938,0.000000,0.000000,0.121875,0.000000,-0.300009,1,1.14,0.269,-46.196,1.455,-2.650992
0.266000,-0.024,-0.051488,-0.025744,4.321,7.00,-0.024355,0.048441,0.001436,0.001611,0.024,0.034,0.060938,0.000000,0.000000,0.121875,0.000000,-0.300009,1,1.14,0.271,-46.193,1.466,-2.651436
0.268000,-0.024,-0.049789,-0.024895,4.321,7.00,-0.024383,0.048408,0.001457,-0.000077,0.024,0.033,0.060938,0.000000,0.000000,0.121875,0.000000,-0.300009,1,1.14,0.272,-46.191,1.476,-2.651874
0.270000,-0.024,-0.048940,-0.024470,4.321,7.00,-0.024393,0.048356,0.001485,-0.000901,0.024,0.033,0.060938,0.000000,0.000000,0.121875,0.000000,-0.300009,1,1.14,0.274,-46.188,1.487,-2.652308
0.272000,-0.024,-0.048130,-0.024065,4.321,7.00,-0.024395,0.048284,0.001515,-0.001668,0.024,0.032,0.060938,0.000000,0.000000,0.121875,0.000000,-0.300009,1,1.14,0.276,-46.186,1.497,-2.652736
0.274000,-0.024,-0.046224,-0.023112,4.321,7.00,-0.024388,0.048193,0.001527,-0.003496,0.024,0.031,0.060938,0.000000,0.000000,0.121875,0.000000,-0.300009,1,1.14,0.277,-46.183,1.507,-2.653160
0.276000,-0.024,-0.045486,-0.022743,4.321,7.00,-0.024363,0.048083,0.001556,-0.004152,0.024,0.030,0.060938,0.000000,0.000000,0.121875,0.000000,-0.300009,1,1.14,0.279,-46.181,1.517,-2.653579
0.278000,-0.024,-0.044687,-0.022344,4.321,7.00,-0.024330,0.047955,0.001584,-0.004852,0.024,0.030,0.060938,0.000000,0.000000,0.121875,0.000000,-0.300009,1,1.14,0.281,-46.178,1.528,-2.653994
0.280000,-0.024,-0.044567,-0.022283,4.321,7.00,-0.024291,0.047809,0.001653,-0.004896,0.024,0.030,0.060938,0.000000,0.000000,0.121875,0.000000,-0.300009,1,1.14,0.282,-46.175,1.537,-2.654402
0.282000,-0.024,-0.043982,-0.021991,4.321,7.00,-0.024251,0.047649,0.001689,-0.005356,0.024,0.029,0.060938,0.000000,0.000000,0.121875,0.000000,-0.300009,1,1.14,0.284,-46.173,1.547,-2.654804
0.284000,-0.024,-0.041816,-0.020908,4.321,7.00,-0.024205,0.047473,0.001700,-0.007358,0.024,0.028,0.060938,0.000000,0.000000,0.121875,0.000000,-0.300009,1,1.14,0.286,-46.170,1.557,-2.655199
0.286000,-0.024,-0.040871,-0.020436,4.321,7.00,-0.024139,0.047279,0.001727,-0.008135,0.024,0.027,0.060938,0.000000,0.000000,0.121875,0.000000,-0.300009,1,1.14,0.287,-46.167,1.567,-2.655589
0.288000,-0.024,-0.039227,-0.019613,4.321,7.00,-0.024065,0.047071,0.001747,-0.009591,0.024,0.026,0.060938,0.000000,0.000000,0.121875,0.000000,-0.300009,1,1.14,0.289,-46.165,1.576,-2.655974
0.290000,-0.023,-0.037220,-0.018610,4.321,7.00,-0.023976,0.046846,0.001769,-0.011395,0.024,0.025,0.060938,0.000000,0.000000,0.121875,0.000000,-0.300009,1,1.14,0.291,-46.162,1.586,-2.656354
0.292000,-0.023,-0.031568,-0.015784,4.321,7.00,-0.023869,0.046605,0.001778,-0.016815,0.024,0.021,0.060938,0.000000,0.000000,0.121875,0.000000,-0.300009,1,1.14,0.292,-46.159,1.595,-2.656729
0.294000,-0.023,-0.033060,-0.016530,4.321,7.00,-0.023707,0.046343,0.001807,-0.015090,0.024,0.022,0.060938,0.000000,0.000000,0.121875,0.000000,-0.300009,1,1.14,0.294,-46.157,1.605,-2.657106
0.296000,-0.023,-0.032580,-0.016290,4.321,7.00,-0.023564,0.046070,0.001840,-0.015329,0.024,0.022,0.060938,0.000000,0.000000,0.121875,0.000000,-0.300009,1,1.14,0.296,-46.154,1.614,-2.657471
0.298000,-0.023,-0.031466,-0.015733,4.321,7.00,-0.023418,0.045785,0.001859,-0.016178,0.023,0.021,0.060938,0.000000,0.000000,0.121875,0.000000,-0.300009,1,1.14,0.298,-46.151,1.624,-2.657829
0.300000,-0.023,-0.046102,-0.023051,4.321,7.00,-0.023265,0.045486,0.000000,0.000616,0.000,0.031,0.060938,0.000000,0.000000,0.121875,0.000000,-0.300009,1,1.14,0.299,-46.148,1.633,-2.658180
0.302000,-0.023,-0.043732,-0.021866,4.321,7.00,-0.023260,0.045199,0.000031,-0.001497,0.000,0.029,0.060938,0.000000,0.000000,0.121875,0.000000,-0.300009,1,1.14,0.301,-46.146,1.643,-2.658497
0.304000,-0.022,-0.041220,-0.020610,4.321,7.00,-0.023232,0.044896,0.000061,-0.003737,0.000,0.027,0.060938,0.000000,0.000000,0.121875,0.000000,-0.300009,1,1.14,0.303,-46.143,1.652,-2.658808
0.306000,-0.022,-0.037496,-0.018748,4.321,7.00,-0.023180,0.044578,0.000082,-0.007164,0.000,0.025,0.060938,0.000000,0.000000,0.121875,0.000000,-0.300009,1,1.14,0.304,-46.140,1.662,-2.659115
0.308000,-0.022,-0.037194,-0.018597,4.321,7.00,-0.023091,0.044241,0.000373,-0.007420,0.023,0.025,0.060938,0.000000,0.000000,0.121875,0.000000,-0.300009,1,1.14,0.306,-46.137,1.672,-2.659421
0.310000,-0.022,-0.026600,-0.013300,4.321,7.00,-0.023001,0.043890,0.000381,-0.017671,0.023,0.018,0.060938,0.000000,0.000000,0.121875,0.000000,-0.300009,1,1.14,0.308,-46.134,1.681,-2.659719
0.312000,-0.022,-0.025749,-0.012874,4.321,7.00,-0.022808,0.043511,0.000412,-0.018174,0.022,0.017,0.060938,0.000000,0.000000,0.121875,0.000000,-0.300009,1,1.14,0.310,-46.131,1.691,-2.660028
0.314000,-0.022,-0.024854,-0.012427,4.321,7.00,-0.022609,0.043117,0.000443,-0.018706,0.022,0.017,0.060938,0.000000,0.000000,0.121875,0.000000,-0.300009,1,1.14,0.311,-46.129,1.701,-2.660329
0.316000,-0.021,-0.015605,-0.007803,4.321,7.00,-0.022405,0.042710,0.000450,-0.027555,0.022,0.010,0.060938,0.000000,0.000000,0.121875,0.000000,-0.300009,1,1.14,0.313,-46.126,1.710,-2.660624
0.318000,-0.021,-0.001708,-0.000854,4.321,7.00,-0.022113,0.042276,0.000457,-0.041024,0.022,0.001,0.060938,0.000000,0.000000,0.121875,0.000000,-0.300009,1,1.14,0.315,-46.123,1.720,-2.660926
0.320000,-0.021,-0.008358,-0.004179,4.321,7.00,-0.021688,0.041806,0.000495,-0.033944,0.022,0.006,0.056250,0.000000,0.000000,0.112500,0.000000,-0.276931,1,1.14,0.317,-46.120,1.730,-2.661243
0.322000,-0.021,-0.000521,-0.000261,4.321,7.00,-0.021338,0.041336,0.000505,-0.041319,0.022,0.000,0.056250,0.000000,0.000000,0.112500,0.000000,-0.276931,1,1.14,0.319,-46.117,1.740,-2.661540
0.324000,-0.020,0.000572,0.000286,4.321,7.00,-0.020917,0.040842,0.000535,-0.041948,0.021,0.000,0.056250,0.000000,0.000000,0.112500,0.000000,-0.276931,1,1.14,0.320,-46.114,1.750,-2.661839
0.326000,-0.020,-0.001260,-0.000630,4.321,7.00,-0.020493,0.040334,0.000545,-0.039619,0.021,0.001,0.056250,0.000000,0.000000,0.112500,0.000000,-0.276931,1,1.14,0.322,-46.111,1.760,-2.662132
0.328000,-0.020,-0.009857,-0.004928,4.321,7.00,-0.020095,0.039819,0.000567,-0.030529,0.021,0.007,0.056250,0.000000,0.000000,0.112500,0.000000,-0.276931,1,1.14,0.324,-46.108,1.769,-2.662411
0.330000,-0.020,-0.008127,-0.004064,4.321,7.00,-0.019792,0.039307,0.000594,-0.031773,0.021,0.005,0.056250,0.000000,0.000000,0.112500,0.000000,-0.276931,1,1.14,0.326,-46.104,1.779,-2.662665
0.332000,-0.019,-0.014308,-0.007154,4.321,7.00,-0.019477,0.038781,0.000624,-0.025098,0.020,0.010,0.056250,0.000000,0.000000,0.112500,0.000000,-0.276931,1,1.14,0.327,-46.101,1.789,-2.662911
0.334000,-0.019,-0.008223,-0.004112,4.321,7.00,-0.019231,0.038255,0.000635,-0.030667,0.020,0.005,0.056250,0.000000,0.000000,0.112500,0.000000,-0.276931,1,1.14,0.329,-46.098,1.798,-2.663138
0.336000,-0.019,-0.011959,-0.005979,4.321,7.00,-0.018928,0.037709,0.000654,-0.026404,0.020,0.008,0.056250,0.000000,0.000000,0.112500,0.000000,-0.276931,1,1.14,0.331,-46.095,1.808,-2.663364
0.338000,-0.019,-0.011675,-0.005838,4.321,7.00,-0.018669,0.037157,0.000677,-0.026159,0.020,0.008,0.056250,0.000000,0.000000,0.112500,0.000000,-0.276931,1,1.14,0.333,-46.092,1.818,-2.663576
0.340000,-0.018,-0.009195,-0.004597,4.321,7.00,-0.018413,0.036595,0.000695,-0.028095,0.019,0.006,0.056250,0.000000,0.000000,0.112500,0.000000,-0.276931,1,1.14,0.335,-46.089,1.827,-2.663778
0.342000,-0.018,0.005625,0.002813,4.321,7.00,-0.018136,0.036018,0.000701,-0.042343,0.019,0.004,0.056250,0.000000,0.000000,0.112500,0.000000,-0.276931,1,1.14,0.337,-46.086,1.837,-2.663976
0.344000,-0.018,0.001519,0.000760,4.321,7.00,-0.017718,0.035406,0.000726,-0.037651,0.019,0.001,0.056250,0.000000,0.000000,0.112500,0.000000,-0.276931,1,1.14,0.338,-46.083,1.846,-2.664190
0.346000,-0.017,0.009059,0.004530,4.321,7.00,-0.017348,0.034789,0.000735,-0.044583,0.019,0.006,0.056250,0.000000,0.000000,0.112500,0.000000,-0.276931,1,1.14,0.340,-46.079,1.856,-2.664388
0.348000,-0.017,0.024116,0.012058,4.321,7.00,-0.016911,0.034151,0.000740,-0.059007,0.018,0.016,0.056250,0.000000,0.000000,0.112500,0.000000,-0.276931,1,1.14,0.342,-46.076,1.866,-2.664589
0.350000,-0.017,0.025995,0.012998,4.321,7.00,-0.016331,0.033478,0.000757,-0.060230,0.018,0.017,0.056250,0.000000,0.000000,0.112500,0.000000,-0.276931,1,1.14,0.344,-46.073,1.875,-2.664806
0.352000,-0.016,0.011401,0.005700,4.321,7.00,-0.015745,0.032792,0.000805,-0.044998,0.018,0.008,0.056250,0.000000,0.000000,0.112500,0.000000,-0.276931,1,1.14,0.346,-46.069,1.885,-2.665017
0.354000,-0.016,0.023182,0.011591,4.321,7.00,-0.015316,0.032121,0.000812,-0.056114,0.017,0.015,0.056250,0.000000,0.000000,0.112500,0.000000,-0.276931,1,1.14,0.348,-46.066,1.894,-2.665191
0.356000,-0.016,0.016895,0.008447,4.321,7.00,-0.014778,0.031422,0.000831,-0.049148,0.017,0.011,0.056250,0.000000,0.000000,0.112500,0.000000,-0.276931,1,1.14,0.349,-46.063,1.904,-2.665374
0.358000,-0.015,0.005427,0.002713,4.321,7.00,-0.014313,0.030724,0.000847,-0.036998,0.017,0.004,0.056250,0.000000,0.000000,0.112500,0.000000,-0.276931,1,1.14,0.351,-46.060,1.913,-2.665536
0.360000,-0.015,-0.000531,-0.000266,4.321,7.00,-0.013972,0.030036,0.001049,-0.030554,0.016,0.000,0.051562,0.000000,0.000000,0.103125,0.000000,-0.253854,1,1.13,0.353,-46.056,1.923,-2.665668
0.362000,-0.015,0.002545,0.001272,4.321,7.00,-0.013698,0.029349,0.001070,-0.032964,0.016,0.002,0.051562,0.000000,0.000000,0.103125,0.000000,-0.253854,1,1.13,0.355,-46.053,1.932,-2.665777
0.364000,-0.014,0.004546,0.002273,4.321,7.00,-0.013399,0.028648,0.001076,-0.034270,0.016,0.003,0.051562,0.000000,0.000000,0.103125,0.000000,-0.253854,1,1.13,0.357,-46.049,1.942,-2.665882
0.366000,-0.014,0.004611,0.002306,4.321,7.00,-0.013085,0.027933,0.001096,-0.033641,0.015,0.003,0.051562,0.000000,0.000000,0.103125,0.000000,-0.253854,1,1.13,0.359,-46.046,1.951,-2.665982
0.368000,-0.014,0.006525,0.003263,4.321,7.00,-0.012778,0.027205,0.001109,-0.034839,0.015,0.004,0.051562,0.000000,0.000000,0.103125,0.000000,-0.253854,1,1.13,0.361,-46.043,1.957,-2.666079
0.370000,-0.013,0.011073,0.005537,4.321,7.00,-0.012457,0.026461,0.001131,-0.038666,0.015,0.007,0.051562,0.000000,0.000000,0.103125,0.000000,-0.253854,1,1.13,0.363,-46.039,1.961,-2.666178
0.372000,-0.013,0.017263,0.008631,4.321,7.00,-0.012097,0.025700,0.001141,-0.044103,0.014,0.012,0.051562,0.000000,0.000000,0.103125,0.000000,-0.253854,1,1.13,0.365,-46.036,1.965,-2.666283
0.374000,-0.012,0.011331,0.005666,4.321,7.00,-0.011683,0.024920,0.001151,-0.037402,0.014,0.008,0.051562,0.000000,0.000000,0.103125,0.000000,-0.253854,1,1.13,0.366,-46.032,1.968,-2.666396
0.376000,-0.012,0.011684,0.005842,4.321,7.00,-0.011335,0.024143,0.001171,-0.036998,0.014,0.008,0.051562,0.000000,0.000000,0.103125,0.000000,-0.253854,1,1.13,0.368,-46.029,1.970,-2.666498
0.378000,-0.012,0.012087,0.006043,4.321,7.00,-0.010992,0.023361,0.001183,-0.036631,0.013,0.008,0.051562,0.000000,0.000000,0.103125,0.000000,-0.253854,1,1.13,0.370,-46.026,1.972,-2.666597
0.380000,-0.011,0.025617,0.012808,4.321,7.00,-0.010651,0.022577,0.001188,-0.049382,0.013,0.017,0.051562,0.000000,0.000000,0.103125,0.000000,-0.253854,1,1.13,0.372,-46.022,1.973,-2.666694
0.382000,-0.011,0.031251,0.015625,4.321,7.00,-0.010182,0.021769,0.001194,-0.054214,0.012,0.021,0.051562,0.000000,0.000000,0.103125,0.000000,-0.253854,1,1.13,0.374,-46.019,1.973,-2.666813
0.384000,-0.010,0.029116,0.014558,4.321,7.00,-0.009666,0.020951,0.001206,-0.051274,0.012,0.019,0.051562,0.000000,0.000000,0.103125,0.000000,-0.253854,1,1.13,0.376,-46.015,1.972,-2.666939
0.386000,-0.010,0.031291,0.015646,4.321,7.00,-0.009182,0.020138,0.001220,-0.052650,0.012,0.021,0.051562,0.000000,0.000000,0.103125,0.000000,-0.253854,1,1.13,0.378,-46.012,1.971,-2.667059
0.388000,-0.010,0.033041,0.016520,4.321,7.00,-0.008685,0.019325,0.001229,-0.053595,0.011,0.022,0.051562,0.000000,0.000000,0.103125,0.000000,-0.253854,1,1.13,0.380,-46.008,1.970,-2.667179
0.390000,-0.009,0.038844,0.019422,4.321,7.00,-0.008181,0.018512,0.001233,-0.058588,0.011,0.026,0.051562,0.000000,0.000000,0.103125,0.000000,-0.253854,1,1.13,0.382,-46.005,1.968,-2.667300
0.392000,-0.009,0.029047,0.014523,4.321,7.00,-0.007629,0.017693,0.001249,-0.047989,0.010,0.019,0.051562,0.000000,0.000000,0.103125,0.000000,-0.253854,1,1.13,0.384,-46.002,1.967,-2.667426
0.394000,-0.008,0.035749,0.017875,4.321,7.00,-0.007186,0.016894,0.001254,-0.053898,0.010,0.024,0.051562,0.000000,0.000000,0.103125,0.000000,-0.253854,1,1.13,0.386,-45.998,1.965,-2.667533
0.396000,-0.008,0.039405,0.019703,4.321,7.00,-0.006685,0.016089,0.001262,-0.056756,0.010,0.026,0.051562,0.000000,0.000000,0.103125,0.000000,-0.253854,1,1.13,0.387,-45.995,1.963,-2.667647
0.398000,-0.008,0.056919,0.028459,4.321,7.00,-0.006157,0.015282,0.001264,-0.073465,0.009,0.038,0.051562,0.000000,0.000000,0.103125,0.000000,-0.253854,1,1.13,0.389,-45.991,1.961,-2.667764
0.400000,-0.007,-0.014632,-0.007316,4.321,7.00,-0.005465,0.014455,0.000000,0.000178,0.000,0.010,0.051562,0.000000,0.000000,0.103125,0.000000,-0.253854,1,1.13,0.391,-45.988,1.958,-2.667909
0.402000,-0.007,-0.001001,-0.000501,4.321,7.00,-0.005078,0.013681,0.000004,-0.012684,0.000,0.001,0.051562,0.000000,0.000000,0.103125,0.000000,-0.253854,1,1.13,0.393,-45.985,1.955,-2.668000
0.404000,-0.006,0.005887,0.002943,4.321,7.00,-0.004986,0.012963,0.000012,-0.018861,0.000,0.004,0.051562,0.000000,0.000000,0.103125,0.000000,-0.253854,1,1.13,0.395,-45.981,1.953,-2.668036
0.406000,-0.006,0.013764,0.006882,4.321,7.00,-0.004828,0.012239,0.000018,-0.026021,0.000,0.009,0.051562,0.000000,0.000000,0.103125,0.000000,-0.253854,1,1.13,0.397,-45.978,1.951,-2.668079
0.408000,-0.006,0.018455,0.009228,4.321,7.00,-0.004594,0.011504,0.000028,-0.029988,0.007,0.012,0.051562,0.000000,0.000000,0.103125,0.000000,-0.253854,1,1.13,0.399,-45.974,1.949,-2.668136
0.410000,-0.005,0.019939,0.009969,4.321,7.00,-0.004317,0.010764,0.000092,-0.030794,0.007,0.013,0.051562,0.000000,0.000000,0.103125,0.000000,-0.253854,1,1.13,0.401,-45.971,1.948,-2.668200
0.412000,-0.005,0.026544,0.013272,4.321,7.00,-0.004032,0.010023,0.000094,-0.036660,0.006,0.018,0.051562,0.000000,0.000000,0.103125,0.000000,-0.253854,1,1.13,0.403,-45.968,1.947,-2.668265
0.414000,-0.005,0.026832,0.013416,4.321,7.00,-0.003686,0.009272,0.000100,-0.036204,0.006,0.018,0.051562,0.000000,0.000000,0.103125,0.000000,-0.253854,1,1.13,0.405,-45.964,1.947,-2.668340
0.416000,-0.004,0.022906,0.011453,4.321,7.00,-0.003344,0.008522,0.000113,-0.031540,0.006,0.015,0.051562,0.000000,0.000000,0.103125,0.000000,-0.253854,1,1.13,0.407,-45.961,1.947,-2.668414
0.418000,-0.004,0.029538,0.014769,4.321,7.00,-0.003048,0.007779,0.000116,-0.037432,0.005,0.020,0.051562,0.000000,0.000000,0.103125,0.000000,-0.253854,1,1.13,0.408,-45.957,1.947,-2.668479
0.420000,-0.004,0.035091,0.017545,4.321,7.00,-0.002692,0.007026,0.000121,-0.042237,0.005,0.023,0.043750,0.000000,0.000000,0.087500,0.000000,-0.215391,1,1.14,0.410,-45.954,1.947,-2.668553
0.422000,-0.003,0.024097,0.012048,4.321,7.00,-0.002287,0.006265,0.000124,-0.030486,0.005,0.016,0.043750,0.000000,0.000000,0.087500,0.000000,-0.215391,1,1.14,0.412,-45.951,1.947,-2.668635
0.424000,-0.003,0.022747,0.011373,4.321,7.00,-0.002000,0.005516,0.000130,-0.028392,0.004,0.015,0.043750,0.000000,0.000000,0.087500,0.000000,-0.215391,1,1.14,0.414,-45.947,1.947,-2.668701
0.426000,-0.002,0.031128,0.015564,4.321,7.00,-0.001733,0.004772,0.000131,-0.036031,0.004,0.021,0.043750,0.000000,0.000000,0.087500,0.000000,-0.215391,1,1.14,0.416,-45.944,1.948,-2.668762
0.428000,-0.002,0.029321,0.014660,4.321,7.00,-0.001387,0.004018,0.000133,-0.033472,0.004,0.020,0.043750,0.000000,0.000000,0.087500,0.000000,-0.215391,1,1.14,0.418,-45.940,1.948,-2.668830
0.430000,-0.002,0.042927,0.021463,4.321,7.00,-0.001066,0.003269,0.000134,-0.046330,0.003,0.029,0.043750,0.000000,0.000000,0.087500,0.000000,-0.215391,1,1.14,0.420,-45.937,1.948,-2.668894
0.432000,-0.001,0.039631,0.019816,4.321,7.00,-0.000616,0.002499,0.000137,-0.042268,0.003,0.026,0.043750,0.000000,0.000000,0.087500,0.000000,-0.215391,1,1.14,0.422,-45.934,1.948,-2.668979
0.434000,-0.001,0.043507,0.021753,4.321,7.00,-0.000207,0.001737,0.000138,-0.045382,0.002,0.029,0.043750,0.000000,0.000000,0.087500,0.000000,-0.215391,1,1.14,0.424,-45.930,1.948,-2.669056
0.436000,-0.000,0.039944,0.019972,4.321,7.00,0.000232,0.000971,0.000139,-0.041054,0.002,0.027,0.043750,0.000000,0.000000,0.087500,0.000000,-0.215391,1,1.14,0.426,-45.927,1.948,-2.669137
0.438000,-0.000,0.045057,0.022528,4.321,7.00,0.000627,0.000215,0.000139,-0.045411,0.002,0.030,0.043750,0.000000,0.000000,0.087500,0.000000,-0.215391,1,1.14,0.427,-45.924,1.948,-2.669209
0.440000,0.000,0.033023,0.016511,4.321,7.00,0.001065,-0.000546,0.000139,-0.032615,0.001,0.022,0.043750,0.000000,0.000000,0.087500,0.000000,-0.215391,1,1.14,0.429,-45.920,1.948,-2.669287
0.442000,0.001,0.036674,0.018337,4.321,7.00,0.001374,-0.001283,0.000138,-0.035529,0.001,0.024,0.043750,0.000000,0.000000,0.087500,0.000000,-0.215391,1,1.14,0.431,-45.917,1.948,-2.669341
0.444000,0.001,0.052331,0.026166,4.321,7.00,0.001713,-0.002021,0.000138,-0.050448,0.000,0.035,0.043750,0.000000,0.000000,0.087500,0.000000,-0.215391,1,1.14,0.433,-45.913,1.948,-2.669399
0.446000,0.001,0.052907,0.026454,4.321,7.00,0.002202,-0.002784,0.000136,-0.050259,0.000,0.035,0.043750,0.000000,0.000000,0.087500,0.000000,-0.215391,1,1.14,0.435,-45.910,1.948,-2.669481
0.448000,0.002,0.048812,0.024406,4.321,7.00,0.002687,-0.003544,0.000134,-0.045402,-0.000,0.033,0.043750,0.000000,0.000000,0.087500,0.000000,-0.215391,1,1.14,0.437,-45.907,1.948,-2.669563
0.450000,0.002,0.052955,0.026477,4.321,7.00,0.003121,-0.004291,0.000132,-0.048795,-0.001,0.035,0.043750,0.000000,0.000000,0.087500,0.000000,-0.215391,1,1.14,0.439,-45.903,1.948,-2.669634
0.452000,0.003,0.054664,0.027332,4.321,7.00,0.003588,-0.005041,0.000129,-0.049752,-0.001,0.036,0.043750,0.000000,0.000000,0.087500,0.000000,-0.215391,1,1.14,0.441,-45.900,1.948,-2.669709
0.454000,0.003,0.045875,0.022937,4.321,7.00,0.004063,-0.005788,0.000127,-0.040214,-0.001,0.031,0.043750,0.000000,0.000000,0.087500,0.000000,-0.215391,1,1.14,0.443,-45.896,1.948,-2.669785
0.456000,0.003,0.047922,0.023961,4.321,7.00,0.004441,-0.006514,0.000124,-0.041532,-0.002,0.032,0.043750,0.000000,0.000000,0.087500,0.000000,-0.215391,1,1.14,0.445,-45.893,1.948,-2.669842
0.458000,0.004,0.047902,0.023951,4.321,7.00,0.004831,-0.007238,0.000120,-0.040784,-0.002,0.032,0.043750,0.000000,0.000000,0.087500,0.000000,-0.215391,1,1.14,0.447,-45.890,1.948,-2.669899
0.460000,0.004,0.046883,0.023442,4.321,7.00,0.005214,-0.007957,0.000116,-0.039042,-0.003,0.031,0.043750,0.000000,0.000000,0.087500,0.000000,-0.215391,1,1.14,0.448,-45.886,1.948,-2.669953
0.462000,0.004,0.041452,0.020726,4.321,7.00,0.005578,-0.008668,0.000063,-0.032847,-0.003,0.028,0.043750,0.000000,0.000000,0.087500,0.000000,-0.215391,1,1.14,0.450,-45.883,1.948,-2.670003
0.464000,0.005,0.040891,0.020446,4.321,7.00,0.005881,-0.009364,0.000060,-0.031587,-0.003,0.027,0.043750,0.000000,0.000000,0.087500,0.000000,-0.215391,1,1.14,0.452,-45.879,1.948,-2.670041
0.466000,0.005,0.040239,0.020120,4.321,7.00,0.006172,-0.010053,0.000054,-0.030240,-0.004,0.027,0.043750,0.000000,0.000000,0.087500,0.000000,-0.215391,1,1.14,0.454,-45.876,1.948,-2.670075
0.468000,0.005,0.040302,0.020151,4.321,7.00,0.006451,-0.010736,0.000047,-0.029614,-0.004,0.027,0.043750,0.000000,0.000000,0.087500,0.000000,-0.215391,1,1.14,0.456,-45.873,1.948,-2.670107
0.470000,0.006,0.052330,0.026165,4.321,7.00,0.006725,-0.011413,0.000045,-0.040962,-0.004,0.035,0.043750,0.000000,0.000000,0.087500,0.000000,-0.215391,1,1.14,0.458,-45.869,1.948,-2.670136
0.472000,0.006,0.055209,0.027604,4.321,7.00,0.007114,-0.012106,0.000030,-0.043133,-0.005,0.037,0.043750,0.000000,0.000000,0.087500,0.000000,-0.215391,1,1.14,0.460,-45.866,1.948,-2.670184
0.474000,0.006,0.052260,0.026130,4.321,7.00,0.007524,-0.012798,0.000024,-0.039486,-0.005,0.035,0.043750,0.000000,0.000000,0.087500,0.000000,-0.215391,1,1.14,0.462,-45.862,1.948,-2.670236
0.476000,0.007,0.053209,0.026604,4.321,7.00,0.007896,-0.013479,0.000016,-0.039746,-0.005,0.035,0.043750,0.000000,0.000000,0.087500,0.000000,-0.215391,1,1.14,0.464,-45.859,1.948,-2.670280
0.478000,0.007,0.057293,0.028647,4.321,7.00,0.008270,-0.014153,0.000011,-0.043151,-0.006,0.038,0.043750,0.000000,0.000000,0.087500,0.000000,-0.215391,1,1.14,0.466,-45.856,1.947,-2.670324
0.480000,0.007,0.042793,0.021396,4.321,7.00,0.008678,-0.014827,-0.000004,-0.027961,-0.006,0.029,0.037500,0.000000,0.000000,0.075000,0.000000,-0.184621,1,1.14,0.467,-45.852,1.947,-2.670372
0.482000,0.008,0.046178,0.023089,4.321,7.00,0.008932,-0.015469,-0.000014,-0.030696,-0.006,0.031,0.037500,0.000000,0.000000,0.075000,0.000000,-0.184621,1,1.14,0.469,-45.849,1.947,-2.670392
0.484000,0.008,0.057694,0.028847,4.321,7.00,0.009215,-0.016109,-0.000016,-0.041569,-0.007,0.038,0.037500,0.000000,0.000000,0.075000,0.000000,-0.184621,1,1.14,0.471,-45.845,1.947,-2.670415
0.486000,0.008,0.057395,0.028698,4.321,7.00,0.009608,-0.016763,-0.000028,-0.040604,-0.007,0.038,0.037500,0.000000,0.000000,0.075000,0.000000,-0.184621,1,1.14,0.473,-45.842,1.946,-2.670456
0.488000,0.009,0.055197,0.027598,4.321,7.00,0.009990,-0.017411,-0.000037,-0.037749,-0.007,0.037,0.037500,0.000000,0.000000,0.075000,0.000000,-0.184621,1,1.14,0.475,-45.839,1.946,-2.670495
0.490000,0.009,0.057683,0.028841,4.321,7.00,0.010342,-0.018048,-0.000048,-0.039586,-0.008,0.038,0.037500,0.000000,0.000000,0.075000,0.000000,-0.184621,1,1.14,0.477,-45.835,1.946,-2.670528
0.492000,0.009,0.067975,0.033988,4.321,7.00,0.010712,-0.018683,-0.000052,-0.049240,-0.008,0.045,0.037500,0.000000,0.000000,0.075000,0.000000,-0.184621,1,1.14,0.479,-45.832,1.946,-2.670563
0.494000,0.010,0.055819,0.027910,4.321,7.00,0.011177,-0.019330,-0.000064,-0.036425,-0.008,0.037,0.037500,0.000000,0.000000,0.075000,0.000000,-0.184621,1,1.14,0.481,-45.829,1.946,-2.670613
0.496000,0.010,0.056917,0.028458,4.321,7.00,0.011512,-0.019950,-0.000076,-0.036891,-0.009,0.038,0.037500,0.000000,0.000000,0.075000,0.000000,-0.184621,1,1.14,0.483,-45.825,1.946,-2.670640
0.498000,0.010,0.058497,0.029249,4.321,7.00,0.011851,-0.020564,-0.000085,-0.037849,-0.009,0.039,0.037500,0.000000,0.000000,0.075000,0.000000,-0.184621,1,1.14,0.484,-45.822,1.946,-2.670665
0.500000,0.011,0.021412,0.010706,4.321,7.00,0.012199,-0.021175,0.000000,-0.000237,0.000,0.014,0.037500,0.000000,0.000000,0.075000,0.000000,-0.184621,1,1.14,0.486,-45.818,1.946,-2.670691
0.502000,0.011,0.029151,0.014576,4.321,7.00,0.012270,-0.021731,-0.000008,-0.007411,0.000,0.019,0.037500,0.000000,0.000000,0.075000,0.000000,-0.184621,1,1.14,0.488,-45.815,1.947,-2.670668
0.504000,0.011,0.034796,0.017398,4.321,7.00,0.012316,-0.022278,-0.000020,-0.012498,0.000,0.023,0.037500,0.000000,0.000000,0.075000,0.000000,-0.184621,1,1.14,0.490,-45.812,1.947,-2.670637
0.506000,0.011,0.041268,0.020634,4.321,7.00,0.012417,-0.022830,-0.000031,-0.018408,0.000,0.028,0.037500,0.000000,0.000000,0.075000,0.000000,-0.184621,1,1.14,0.492,-45.808,1.947,-2.670616
0.508000,0.012,0.046944,0.023472,4.321,7.00,0.012582,-0.023390,-0.000044,-0.023510,-0.011,0.031,0.037500,0.000000,0.000000,0.075000,0.000000,-0.184621,1,1.14,0.494,-45.805,1.947,-2.670606
0.510000,0.012,0.056485,0.028242,4.321,7.00,0.012799,-0.023957,-0.000051,-0.032477,-0.011,0.038,0.037500,0.000000,0.000000,0.075000,0.000000,-0.184621,1,1.14,0.496,-45.801,1.947,-2.670605
0.512000,0.012,0.055145,0.027573,4.321,7.00,0.013108,-0.024536,-0.000065,-0.030545,-0.011,0.037,0.037500,0.000000,0.000000,0.075000,0.000000,-0.184621,1,1.14,0.498,-45.798,1.947,-2.670620
0.514000,0.013,0.051280,0.025640,4.321,7.00,0.013397,-0.025108,-0.000207,-0.025965,-0.011,0.034,0.037500,0.000000,0.000000,0.075000,0.000000,-0.184621,1,1.14,0.500,-45.795,1.947,-2.670632
0.516000,0.013,0.050296,0.025148,4.321,7.00,0.013642,-0.025668,-0.000223,-0.024405,-0.012,0.034,0.037500,0.000000,0.000000,0.075000,0.000000,-0.184621,1,1.14,0.501,-45.791,1.947,-2.670635
0.518000,0.013,0.050275,0.025138,4.321,7.00,0.013872,-0.026220,-0.000239,-0.023816,-0.012,0.034,0.037500,0.000000,0.000000,0.075000,0.000000,-0.184621,1,1.14,0.503,-45.788,1.947,-2.670634
0.520000,0.013,0.044921,0.022460,4.321,7.00,0.014098,-0.026767,-0.000262,-0.017892,-0.012,0.030,0.032812,0.000000,0.000000,0.065625,0.000000,-0.161543,1,1.13,0.505,-45.784,1.948,-2.670631
0.522000,0.014,0.048506,0.024253,4.321,7.00,0.014265,-0.027299,-0.000270,-0.020937,-0.013,0.032,0.032812,0.000000,0.000000,0.065625,0.000000,-0.161543,1,1.13,0.507,-45.781,1.948,-2.670618
0.524000,0.014,0.061220,0.030610,4.321,7.00,0.014465,-0.027833,-0.000276,-0.033111,-0.013,0.041,0.032812,0.000000,0.000000,0.065625,0.000000,-0.161543,1,1.13,0.509,-45.778,1.948,-2.670609
0.526000,0.014,0.062103,0.031052,4.321,7.00,0.014787,-0.028384,-0.000293,-0.033426,-0.013,0.041,0.032812,0.000000,0.000000,0.065625,0.000000,-0.161543,1,1.13,0.511,-45.774,1.947,-2.670621
0.528000,0.014,0.060087,0.030043,4.321,7.00,0.015113,-0.028933,-0.000335,-0.030819,-0.013,0.040,0.032812,0.000000,0.000000,0.065625,0.000000,-0.161543,1,1.13,0.513,-45.771,1.947,-2.670634
0.530000,0.015,0.066028,0.033014,4.321,7.00,0.015411,-0.029472,-0.000344,-0.036212,-0.014,0.044,0.032812,0.000000,0.000000,0.065625,0.000000,-0.161543,1,1.13,0.515,-45.767,1.947,-2.670641
0.532000,0.015,0.070096,0.035048,4.321,7.00,0.015763,-0.030016,-0.000351,-0.039729,-0.014,0.047,0.032812,0.000000,0.000000,0.065625,0.000000,-0.161543,1,1.13,0.517,-45.764,1.947,-2.670657
0.534000,0.015,0.063275,0.031638,4.321,7.00,0.016149,-0.030561,-0.000366,-0.032348,-0.014,0.042,0.032812,0.000000,0.000000,0.065625,0.000000,-0.161543,1,1.13,0.518,-45.760,1.947,-2.670677
0.536000,0.016,0.061151,0.030576,4.321,7.00,0.016459,-0.031089,-0.000408,-0.029654,-0.014,0.041,0.032812,0.000000,0.000000,0.065625,0.000000,-0.161543,1,1.13,0.520,-45.757,1.947,-2.670684
0.538000,0.016,0.066811,0.033405,4.321,7.00,0.016741,-0.031606,-0.000420,-0.034785,-0.015,0.045,0.032812,0.000000,0.000000,0.065625,0.000000,-0.161543,1,1.13,0.522,-45.754,1.947,-2.670684
0.540000,0.016,0.067709,0.033854,4.321,7.00,0.017074,-0.032127,-0.000429,-0.035153,-0.015,0.045,0.032812,0.000000,0.000000,0.065625,0.000000,-0.161543,1,1.13,0.524,-45.750,1.947,-2.670691
0.542000,0.016,0.059468,0.029734,4.321,7.00,0.017410,-0.032644,-0.000457,-0.026367,-0.015,0.040,0.032812,0.000000,0.000000,0.065625,0.000000,-0.161543,1,1.13,0.526,-45.747,1.947,-2.670699
0.544000,0.017,0.058892,0.029446,4.321,7.00,0.017657,-0.033141,-0.000476,-0.025275,-0.016,0.039,0.032812,0.000000,0.000000,0.065625,0.000000,-0.161543,1,1.13,0.528,-45.743,1.947,-2.670690
0.546000,0.017,0.067362,0.033681,4.321,7.00,0.017892,-0.033630,-0.000485,-0.033247,-0.016,0.045,0.032812,0.000000,0.000000,0.065625,0.000000,-0.161543,1,1.13,0.530,-45.740,1.947,-2.670678
0.548000,0.017,0.064966,0.032483,4.321,7.00,0.018208,-0.034130,-0.000505,-0.030330,-0.016,0.043,0.032812,0.000000,0.000000,0.065625,0.000000,-0.161543,1,1.13,0.532,-45.737,1.947,-2.670679
0.550000,0.017,0.060495,0.030247,4.321,7.00,0.018494,-0.034620,-0.000526,-0.025348,-0.016,0.040,0.032812,0.000000,0.000000,0.065625,0.000000,-0.161543,1,1.13,0.533,-45.733,1.946,-2.670674
0.552000,0.018,0.060584,0.030292,4.321,7.00,0.018729,-0.035096,-0.000558,-0.024929,-0.017,0.040,0.032812,0.000000,0.000000,0.065625,0.000000,-0.161543,1,1.13,0.535,-45.730,1.946,-2.670659
0.554000,0.018,0.066487,0.033243,4.321,7.00,0.018960,-0.035567,-0.000567,-0.030352,-0.017,0.044,0.032812,0.000000,0.000000,0.065625,0.000000,-0.161543,1,1.13,0.537,-45.726,1.946,-2.670643
0.556000,0.018,0.066420,0.033210,4.321,7.00,0.019246,-0.036044,-0.000576,-0.029800,-0.017,0.044,0.032812,0.000000,0.000000,0.065625,0.000000,-0.161543,1,1.13,0.539,-45.723,1.946,-2.670635
0.558000,0.018,0.066680,0.033340,4.321,7.00,0.019525,-0.036516,-0.000598,-0.029566,-0.017,0.044,0.032812,0.000000,0.000000,0.065625,0.000000,-0.161543,1,1.13,0.541,-45.720,1.946,-2.670625
0.560000,0.018,0.064732,0.032366,4.321,7.00,0.019801,-0.036982,-0.000653,-0.027097,-0.018,0.043,0.032812,0.000000,0.000000,0.065625,0.000000,-0.161543,1,1.13,0.543,-45.716,1.946,-2.670615
0.562000,0.019,0.070031,0.035015,4.321,7.00,0.020053,-0.037440,-0.000664,-0.031926,-0.018,0.047,0.032812,0.000000,0.000000,0.065625,0.000000,-0.161543,1,1.13,0.545,-45.713,1.946,-2.670599
0.564000,0.019,0.061484,0.030742,4.321,7.00,0.020352,-0.037903,-0.000880,-0.022702,-0.018,0.041,0.032812,0.000000,0.000000,0.065625,0.000000,-0.161543,1,1.13,0.547,-45.709,1.946,-2.670590
0.566000,0.019,0.065251,0.032626,4.321,7.00,0.020560,-0.038344,-0.000887,-0.026021,-0.018,0.044,0.032812,0.000000,0.000000,0.065625,0.000000,-0.161543,1,1.13,0.548,-45.706,1.946,-2.670565
0.568000,0.019,0.065025,0.032513,4.321,7.00,0.020801,-0.038787,-0.000913,-0.025325,-0.018,0.043,0.032812,0.000000,0.000000,0.065625,0.000000,-0.161543,1,1.13,0.550,-45.703,1.946,-2.670545
0.570000,0.020,0.068808,0.034404,4.321,7.00,0.021035,-0.039225,-0.000931,-0.028652,-0.019,0.046,0.032812,0.000000,0.000000,0.065625,0.000000,-0.161543,1,1.13,0.552,-45.699,1.946,-2.670523
0.572000,0.020,0.065990,0.032995,4.321,7.00,0.021303,-0.039665,-0.000952,-0.025373,-0.019,0.044,0.032812,0.000000,0.000000,0.065625,0.000000,-0.161543,1,1.13,0.554,-45.696,1.946,-2.670505
0.574000,0.020,0.072881,0.036441,4.321,7.00,0.021536,-0.040095,-0.000964,-0.031822,-0.019,0.049,0.032812,0.000000,0.000000,0.065625,0.000000,-0.161543,1,1.13,0.556,-45.692,1.946,-2.670482
0.576000,0.020,0.064418,0.032209,4.321,7.00,0.021834,-0.040532,-0.000988,-0.022898,-0.019,0.043,0.032812,0.000000,0.000000,0.065625,0.000000,-0.161543,1,1.13,0.558,-45.689,1.946,-2.670468
0.578000,0.020,0.065751,0.032875,4.321,7.00,0.022042,-0.040949,-0.001009,-0.023793,-0.020,0.044,0.032812,0.000000,0.000000,0.065625,0.000000,-0.161543,1,1.13,0.560,-45.686,1.946,-2.670439
0.580000,0.021,0.063504,0.022752,4.261,7.00,0.022259,-0.041363,-0.001047,-0.021094,-0.020,0.042,0.028125,-0.006000,0.000000,0.056250,0.000000,-0.138466,1,1.13,0.562,-45.682,1.946,-2.670410
0.582000,0.021,0.069696,0.025848,4.261,6.98,0.022269,-0.041774,-0.001056,-0.026866,-0.020,0.046,0.028125,-0.006000,0.000000,0.056250,0.000000,-0.138466,1,1.13,0.563,-45.679,1.938,-2.670344
0.584000,0.021,0.065579,0.023790,4.261,6.96,0.022340,-0.042188,-0.001094,-0.022297,-0.020,0.044,0.028125,-0.006000,0.000000,0.056250,0.000000,-0.138466,1,1.13,0.565,-45.675,1.935,-2.670288
0.586000,0.021,0.069132,0.025566,4.261,6.95,0.022369,-0.042585,-0.001106,-0.025440,-0.020,0.046,0.028125,-0.006000,0.000000,0.056250,0.000000,-0.138466,1,1.13,0.567,-45.672,1.932,-2.670224
0.588000,0.021,0.076407,0.029203,4.261,6.94,0.022433,-0.042979,-0.001114,-0.032314,-0.021,0.051,0.028125,-0.006000,0.000000,0.056250,0.000000,-0.138466,1,1.13,0.569,-45.669,1.929,-2.670167
0.590000,0.022,0.077224,0.029612,4.261,6.93,0.022569,-0.043377,-0.001147,-0.032699,-0.021,0.051,0.028125,-0.006000,0.000000,0.056250,0.000000,-0.138466,1,1.13,0.571,-45.665,1.927,-2.670122
0.592000,0.022,0.070803,0.026401,4.261,6.93,0.022709,-0.043768,-0.001175,-0.025860,-0.021,0.047,0.028125,-0.006000,0.000000,0.056250,0.000000,-0.138466,1,1.13,0.573,-45.662,1.924,-2.670078
0.594000,0.022,0.071443,0.026721,4.261,6.92,0.022783,-0.044138,-0.001207,-0.026098,-0.021,0.048,0.028125,-0.006000,0.000000,0.056250,0.000000,-0.138466,1,1.13,0.575,-45.658,1.922,-2.670022
0.596000,0.022,0.072464,0.027232,4.261,6.92,0.022862,-0.044499,-0.001218,-0.026747,-0.021,0.048,0.028125,-0.006000,0.000000,0.056250,0.000000,-0.138466,1,1.13,0.576,-45.655,1.920,-2.669967
0.598000,0.022,0.063724,0.022862,4.261,6.92,0.022950,-0.044855,-0.001262,-0.017606,-0.022,0.042,0.028125,-0.006000,0.000000,0.056250,0.000000,-0.138466,1,1.13,0.578,-45.652,1.918,-2.669913
0.600000,0.023,0.045653,0.013827,4.261,6.91,0.022948,-0.045188,0.000000,-0.000466,0.000,0.030,0.028125,-0.006000,0.000000,0.056250,0.000000,-0.138466,1,1.13,0.580,-45.648,1.917,-2.669843
0.602000,0.023,0.049217,0.015608,4.261,6.91,0.022766,-0.045479,-0.000020,-0.003717,0.000,0.033,0.028125,-0.006000,0.000000,0.056250,0.000000,-0.138466,1,1.13,0.582,-45.645,1.916,-2.669741
0.604000,0.023,0.050385,0.016192,4.261,6.91,0.022623,-0.045772,-0.000105,-0.004507,0.000,0.034,0.028125,-0.006000,0.000000,0.056250,0.000000,-0.138466,1,1.13,0.584,-45.642,1.915,-2.669645
0.606000,0.023,0.058098,0.020049,4.261,6.91,0.022494,-0.046064,-0.000114,-0.011920,0.000,0.039,0.028125,-0.006000,0.000000,0.056250,0.000000,-0.138466,1,1.13,0.586,-45.638,1.915,-2.669551
0.608000,0.023,0.061075,0.021537,4.261,6.91,0.022445,-0.046366,-0.000141,-0.014568,-0.023,0.041,0.028125,-0.006000,0.000000,0.056250,0.000000,-0.138466,1,1.13,0.588,-45.635,1.914,-2.669473
0.610000,0.023,0.067241,0.024621,4.261,6.91,0.022427,-0.046672,-0.000152,-0.020417,-0.023,0.045,0.028125,-0.006000,0.000000,0.056250,0.000000,-0.138466,1,1.13,0.589,-45.632,1.914,-2.669401
0.612000,0.023,0.066818,0.024409,4.261,6.91,0.022470,-0.046987,-0.000182,-0.019649,-0.023,0.045,0.028125,-0.006000,0.000000,0.056250,0.000000,-0.138466,1,1.13,0.591,-45.628,1.914,-2.669340
0.614000,0.024,0.069165,0.025583,4.261,6.90,0.022509,-0.047298,-0.000208,-0.021659,-0.023,0.046,0.028125,-0.006000,0.000000,0.056250,0.000000,-0.138466,1,1.13,0.593,-45.625,1.914,-2.669278
0.616000,0.024,0.062611,0.022306,4.261,6.90,0.022571,-0.047611,-0.000491,-0.014509,-0.023,0.042,0.028125,-0.006000,0.000000,0.056250,0.000000,-0.138466,1,1.13,0.595,-45.622,1.914,-2.669220
0.618000,0.024,0.067635,0.024817,4.261,6.90,0.022566,-0.047909,-0.000501,-0.019226,-0.023,0.045,0.028125,-0.006000,0.000000,0.056250,0.000000,-0.138466,1,1.13,0.597,-45.618,1.914,-2.669151
0.620000,0.024,0.071017,0.026509,4.261,6.90,0.022610,-0.048213,-0.000508,-0.022295,-0.023,0.047,0.026563,-0.006000,0.000000,0.053125,0.000000,-0.130773,1,1.13,0.599,-45.615,1.915,-2.669090
0.622000,0.024,0.070819,0.026410,4.261,6.90,0.022688,-0.048523,-0.000547,-0.021750,-0.024,0.047,0.026563,-0.006000,0.000000,0.053125,0.000000,-0.130773,1,1.13,0.600,-45.611,1.915,-2.669035
0.624000,0.024,0.070766,0.026383,4.261,6.90,0.022763,-0.048829,-0.000578,-0.021358,-0.024,0.047,0.026563,-0.006000,0.000000,0.053125,0.000000,-0.130773,1,1.13,0.602,-45.608,1.915,-2.668979
0.626000,0.025,0.077645,0.029823,4.261,6.90,0.022835,-0.049134,-0.000589,-0.027922,-0.024,0.052,0.026563,-0.006000,0.000000,0.053125,0.000000,-0.130773,1,1.13,0.604,-45.605,1.916,-2.668923
0.628000,0.025,0.073255,0.027627,4.261,6.90,0.022975,-0.049449,-0.000619,-0.023187,-0.024,0.049,0.026563,-0.006000,0.000000,0.053125,0.000000,-0.130773,1,1.13,0.606,-45.601,1.916,-2.668878
0.630000,0.025,0.066508,0.024254,4.261,6.90,0.023068,-0.049754,-0.000652,-0.016103,-0.024,0.044,0.026563,-0.006000,0.000000,0.053125,0.000000,-0.130773,1,1.13,0.608,-45.598,1.917,-2.668826
0.632000,0.025,0.066082,0.024041,4.261,6.90,0.023092,-0.050043,-0.000714,-0.015325,-0.024,0.044,0.026563,-0.006000,0.000000,0.053125,0.000000,-0.130773,1,1.13,0.610,-45.595,1.918,-2.668760
0.634000,0.025,0.070014,0.026007,4.261,6.90,0.023111,-0.050328,-0.000726,-0.018960,-0.025,0.047,0.026563,-0.006000,0.000000,0.053125,0.000000,-0.130773,1,1.13,0.611,-45.591,1.918,-2.668693
0.636000,0.025,0.065493,0.023747,4.261,6.90,0.023169,-0.050619,-0.000763,-0.014111,-0.025,0.044,0.026563,-0.006000,0.000000,0.053125,0.000000,-0.130773,1,1.13,0.613,-45.588,1.919,-2.668633
0.638000,0.025,0.069418,0.025709,4.261,6.90,0.023180,-0.050900,-0.000775,-0.017744,-0.025,0.046,0.026563,-0.006000,0.000000,0.053125,0.000000,-0.130773,1,1.13,0.615,-45.585,1.919,-2.668565
0.640000,0.026,0.068985,0.025492,4.261,6.90,0.023231,-0.051185,-0.000822,-0.016978,-0.025,0.046,0.026563,-0.006000,0.000000,0.053125,0.000000,-0.130773,1,1.13,0.617,-45.581,1.919,-2.668503
0.642000,0.026,0.073014,0.027507,4.261,6.90,0.023276,-0.051467,-0.000837,-0.020709,-0.025,0.049,0.026563,-0.006000,0.000000,0.053125,0.000000,-0.130773,1,1.13,0.619,-45.578,1.920,-2.668440
0.644000,0.026,0.070592,0.026296,4.261,6.90,0.023361,-0.051755,-0.000860,-0.017978,-0.025,0.047,0.026563,-0.006000,0.000000,0.053125,0.000000,-0.130773,1,1.13,0.621,-45.574,1.920,-2.668384
0.646000,0.026,0.071322,0.026661,4.261,6.90,0.023419,-0.052035,-0.000890,-0.018398,-0.025,0.048,0.026563,-0.006000,0.000000,0.053125,0.000000,-0.130773,1,1.13,0.622,-45.571,1.920,-2.668324
0.648000,0.026,0.067820,0.024910,4.261,6.90,0.023484,-0.052313,-0.000920,-0.014588,-0.026,0.045,0.026563,-0.006000,0.000000,0.053125,0.000000,-0.130773,1,1.13,0.624,-45.568,1.920,-2.668264
0.650000,0.026,0.071075,0.026538,4.261,6.90,0.023513,-0.052581,-0.000935,-0.017559,-0.026,0.047,0.026563,-0.006000,0.000000,0.053125,0.000000,-0.130773,1,1.13,0.626,-45.564,1.920,-2.668198
0.652000,0.026,0.069179,0.025589,4.261,6.90,0.023573,-0.052852,-0.000962,-0.015365,-0.026,0.046,0.026563,-0.006000,0.000000,0.053125,0.000000,-0.130773,1,1.13,0.628,-45.561,1.920,-2.668137
0.654000,0.027,0.068290,0.025145,4.261,6.90,0.023614,-0.053117,-0.000995,-0.014177,-0.026,0.046,0.026563,-0.006000,0.000000,0.053125,0.000000,-0.130773,1,1.13,0.630,-45.558,1.920,-2.668072
0.656000,0.027,0.067816,0.024908,4.261,6.90,0.023644,-0.053377,-0.001038,-0.013401,-0.026,0.045,0.026563,-0.006000,0.000000,0.053125,0.000000,-0.130773,1,1.13,0.632,-45.554,1.920,-2.668006
0.658000,0.027,0.069562,0.025781,4.261,6.90,0.023669,-0.053632,-0.001055,-0.014875,-0.026,0.046,0.026563,-0.006000,0.000000,0.053125,0.000000,-0.130773,1,1.13,0.634,-45.551,1.920,-2.667938
0.660000,0.027,0.070584,0.026292,4.261,6.90,0.023712,-0.053888,-0.001068,-0.015628,-0.026,0.047,0.026563,-0.006000,0.000000,0.053125,0.000000,-0.130773,1,1.13,0.635,-45.548,1.920,-2.667874
0.662000,0.027,0.070442,0.026221,4.261,6.90,0.023763,-0.054142,-0.001099,-0.015201,-0.027,0.047,0.026563,-0.006000,0.000000,0.053125,0.000000,-0.130773,1,1.13,0.637,-45.544,1.920,-2.667811
0.664000,0.027,0.069524,0.025762,4.261,6.90,0.023812,-0.054393,-0.001176,-0.013956,-0.027,0.046,0.026563,-0.006000,0.000000,0.053125,0.000000,-0.130773,1,1.13,0.639,-45.541,1.920,-2.667747
0.666000,0.027,0.068681,0.025341,4.261,6.90,0.023851,-0.054638,-0.001505,-0.012538,-0.027,0.046,0.026563,-0.006000,0.000000,0.053125,0.000000,-0.130773,1,1.13,0.641,-45.537,1.920,-2.667682
0.668000,0.027,0.070448,0.026224,4.261,6.90,0.023881,-0.054879,-0.001517,-0.014052,-0.027,0.047,0.026563,-0.006000,0.000000,0.053125,0.000000,-0.130773,1,1.13,0.643,-45.534,1.920,-2.667615
0.670000,0.028,0.071907,0.026953,4.261,6.90,0.023928,-0.055119,-0.001528,-0.015260,-0.027,0.048,0.026563,-0.006000,0.000000,0.053125,0.000000,-0.130773,1,1.13,0.645,-45.531,1.919,-2.667551
0.672000,0.028,0.071364,0.026682,4.261,6.90,0.023989,-0.055359,-0.001574,-0.014432,-0.027,0.048,0.026563,-0.006000,0.000000,0.053125,0.000000,-0.130773,1,1.13,0.646,-45.527,1.919,-2.667489
0.674000,0.028,0.071520,0.026760,4.261,6.90,0.024042,-0.055594,-0.001666,-0.014260,-0.027,0.048,0.026563,-0.006000,0.000000,0.053125,0.000000,-0.130773,1,1.13,0.648,-45.524,1.919,-2.667426
0.676000,0.028,0.073283,0.027641,4.261,6.90,0.024097,-0.055826,-0.001704,-0.015752,-0.027,0.049,0.026563,-0.006000,0.000000,0.053125,0.000000,-0.130773,1,1.13,0.650,-45.521,1.919,-2.667362
0.678000,0.028,0.072927,0.027464,4.261,6.90,0.024168,-0.056058,-0.001718,-0.015151,-0.028,0.049,0.026563,-0.006000,0.000000,0.053125,0.000000,-0.130773,1,1.13,0.652,-45.517,1.919,-2.667302
0.680000,0.028,0.068543,0.025272,4.261,6.90,0.024234,-0.056287,-0.001753,-0.010504,-0.028,0.046,0.025000,-0.006000,0.000000,0.050000,0.000000,-0.123081,1,1.13,0.654,-45.514,1.919,-2.667240
0.682000,0.028,0.069330,0.025665,4.261,6.90,0.024254,-0.056503,-0.001784,-0.011043,-0.028,0.046,0.025000,-0.006000,0.000000,0.050000,0.000000,-0.123081,1,1.13,0.656,-45.510,1.919,-2.667171
0.684000,0.028,0.074702,0.028351,4.261,6.90,0.024283,-0.056717,-0.001794,-0.016191,-0.028,0.050,0.025000,-0.006000,0.000000,0.050000,0.000000,-0.123081,1,1.13,0.657,-45.507,1.918,-2.667102
0.686000,0.028,0.074952,0.028476,4.261,6.90,0.024364,-0.056939,-0.001832,-0.016181,-0.028,0.050,0.025000,-0.006000,0.000000,0.050000,0.000000,-0.123081,1,1.13,0.659,-45.504,1.918,-2.667043
0.688000,0.029,0.072289,0.027145,4.261,6.90,0.024446,-0.057158,-0.001864,-0.013267,-0.028,0.048,0.025000,-0.006000,0.000000,0.050000,0.000000,-0.123081,1,1.13,0.661,-45.500,1.918,-2.666984
0.690000,0.029,0.073087,0.027544,4.261,6.90,0.024500,-0.057369,-0.001890,-0.013829,-0.028,0.049,0.025000,-0.006000,0.000000,0.050000,0.000000,-0.123081,1,1.13,0.663,-45.497,1.918,-2.666920
0.692000,0.029,0.078042,0.030021,4.261,6.90,0.024561,-0.057578,-0.001899,-0.018566,-0.028,0.052,0.025000,-0.006000,0.000000,0.050000,0.000000,-0.123081,1,1.13,0.665,-45.494,1.918,-2.666856
0.694000,0.029,0.074296,0.028148,4.261,6.90,0.024670,-0.057794,-0.001932,-0.014570,-0.028,0.050,0.025000,-0.006000,0.000000,0.050000,0.000000,-0.123081,1,1.13,0.667,-45.490,1.918,-2.666801
0.696000,0.029,0.074352,0.028176,4.261,6.90,0.024740,-0.057999,-0.001972,-0.014382,-0.029,0.050,0.025000,-0.006000,0.000000,0.050000,0.000000,-0.123081,1,1.13,0.668,-45.487,1.918,-2.666739
0.698000,0.029,0.077319,0.029660,4.261,6.90,0.024808,-0.058201,-0.001984,-0.017134,-0.029,0.052,0.025000,-0.006000,0.000000,0.050000,0.000000,-0.123081,1,1.13,0.670,-45.483,1.918,-2.666677
0.700000,0.029,0.058962,0.020481,4.261,6.90,0.024905,-0.058405,0.000000,-0.000557,0.000,0.039,0.025000,-0.006000,0.000000,0.050000,0.000000,-0.123081,1,1.13,0.672,-45.480,1.918,-2.666619
0.702000,0.029,0.063575,0.022787,4.261,6.90,0.024817,-0.058571,-0.000011,-0.004993,0.000,0.042,0.025000,-0.006000,0.000000,0.050000,0.000000,-0.123081,1,1.13,0.674,-45.477,1.918,-2.666529
0.704000,0.029,0.064893,0.023446,4.261,6.90,0.024777,-0.058742,-0.000057,-0.006094,0.000,0.043,0.025000,-0.006000,0.000000,0.050000,0.000000,-0.123081,1,1.13,0.676,-45.473,1.918,-2.666446
0.706000,0.029,0.067828,0.024914,4.261,6.90,0.024750,-0.058914,-0.000075,-0.008839,0.000,0.045,0.025000,-0.006000,0.000000,0.050000,0.000000,-0.123081,1,1.13,0.677,-45.470,1.918,-2.666366
0.708000,0.030,0.069002,0.025501,4.261,6.90,0.024753,-0.059089,-0.000130,-0.009783,-0.029,0.046,0.025000,-0.006000,0.000000,0.050000,0.000000,-0.123081,1,1.13,0.679,-45.467,1.918,-2.666291
0.710000,0.030,0.071865,0.026933,4.261,6.90,0.024768,-0.059265,-0.000146,-0.012454,-0.029,0.048,0.025000,-0.006000,0.000000,0.050000,0.000000,-0.123081,1,1.13,0.681,-45.463,1.918,-2.666219
0.712000,0.030,0.068682,0.025341,4.261,6.90,0.024811,-0.059444,-0.000198,-0.009040,-0.029,0.046,0.025000,-0.006000,0.000000,0.050000,0.000000,-0.123081,1,1.13,0.683,-45.460,1.918,-2.666151
0.714000,0.030,0.069930,0.025965,4.261,6.90,0.024822,-0.059614,-0.000222,-0.010095,-0.029,0.047,0.025000,-0.006000,0.000000,0.050000,0.000000,-0.123081,1,1.13,0.685,-45.456,1.918,-2.666078
0.716000,0.030,0.068962,0.025481,4.261,6.90,0.024845,-0.059784,-0.000254,-0.008925,-0.030,0.046,0.025000,-0.006000,0.000000,0.050000,0.000000,-0.123081,1,1.13,0.687,-45.453,1.918,-2.666007
0.718000,0.030,0.068710,0.025355,4.261,6.90,0.024858,-0.059949,-0.000657,-0.008105,-0.030,0.046,0.025000,-0.006000,0.000000,0.050000,0.000000,-0.123081,1,1.13,0.688,-45.450,1.918,-2.665935
0.720000,0.030,0.067591,0.024796,4.261,6.90,0.024867,-0.060111,-0.000682,-0.006798,-0.030,0.045,0.025000,-0.006000,0.000000,0.050000,0.000000,-0.123081,1,1.13,0.690,-45.446,1.918,-2.665861
0.722000,0.030,0.067920,0.024960,4.261,6.90,0.024866,-0.060268,-0.000723,-0.006928,-0.030,0.045,0.025000,-0.006000,0.000000,0.050000,0.000000,-0.123081,1,1.13,0.692,-45.443,1.918,-2.665786
0.724000,0.030,0.066929,0.024465,4.261,6.90,0.024868,-0.060423,-0.000772,-0.005734,-0.030,0.045,0.025000,-0.006000,0.000000,0.050000,0.000000,-0.123081,1,1.13,0.694,-45.440,1.918,-2.665711
0.726000,0.030,0.067317,0.024659,4.261,6.90,0.024860,-0.060574,-0.000798,-0.005945,-0.030,0.045,0.025000,-0.006000,0.000000,0.050000,0.000000,-0.123081,1,1.13,0.696,-45.436,1.918,-2.665634
0.728000,0.030,0.068402,0.025201,4.261,6.90,0.024856,-0.060723,-0.000842,-0.006836,-0.030,0.046,0.025000,-0.006000,0.000000,0.050000,0.000000,-0.123081,1,1.13,0.698,-45.433,1.918,-2.665558
0.730000,0.030,0.067626,0.024813,4.261,6.90,0.024863,-0.060872,-0.000890,-0.005864,-0.030,0.045,0.025000,-0.006000,0.000000,0.050000,0.000000,-0.123081,1,1.13,0.699,-45.429,1.918,-2.665484
0.732000,0.031,0.069878,0.025939,4.261,6.90,0.024862,-0.061017,-0.000904,-0.007957,-0.030,0.047,0.025000,-0.006000,0.000000,0.050000,0.000000,-0.123081,1,1.13,0.701,-45.426,1.918,-2.665409
0.734000,0.031,0.069970,0.025985,4.261,6.90,0.024883,-0.061164,-0.000956,-0.007850,-0.030,0.047,0.025000,-0.006000,0.000000,0.050000,0.000000,-0.123081,1,1.13,0.703,-45.423,1.918,-2.665338
0.736000,0.031,0.069423,0.025712,4.261,6.90,0.024905,-0.061308,-0.000998,-0.007117,-0.030,0.046,0.025000,-0.006000,0.000000,0.050000,0.000000,-0.123081,1,1.13,0.705,-45.419,1.918,-2.665267
0.738000,0.031,0.069698,0.025849,4.261,6.90,0.024921,-0.061449,-0.001037,-0.007212,-0.030,0.046,0.025000,-0.006000,0.000000,0.050000,0.000000,-0.123081,1,1.13,0.707,-45.416,1.918,-2.665195
0.740000,0.031,0.069972,0.025986,4.261,6.90,0.024940,-0.061587,-0.001078,-0.007307,-0.031,0.047,0.025000,-0.006000,0.000000,0.050000,0.000000,-0.123081,1,1.13,0.709,-45.413,1.918,-2.665123
0.742000,0.031,0.068735,0.025367,4.261,6.90,0.024961,-0.061724,-0.001101,-0.005910,-0.031,0.046,0.025000,-0.006000,0.000000,0.050000,0.000000,-0.123081,1,1.13,0.710,-45.409,1.918,-2.665051
0.744000,0.031,0.069654,0.025827,4.261,6.90,0.024969,-0.061855,-0.001126,-0.006673,-0.031,0.046,0.025000,-0.006000,0.000000,0.050000,0.000000,-0.123081,1,1.13,0.712,-45.406,1.918,-2.664978
0.746000,0.031,0.069539,0.025769,4.261,6.90,0.024986,-0.061986,-0.001180,-0.006374,-0.031,0.046,0.025000,-0.006000,0.000000,0.050000,0.000000,-0.123081,1,1.13,0.714,-45.402,1.918,-2.664905
0.748000,0.031,0.070698,0.026349,4.261,6.90,0.025002,-0.062113,-0.001198,-0.007386,-0.031,0.047,0.025000,-0.006000,0.000000,0.050000,0.000000,-0.123081,1,1.13,0.716,-45.399,1.918,-2.664833
0.750000,0.031,0.070690,0.026345,4.261,6.90,0.025029,-0.062241,-0.001244,-0.007205,-0.031,0.047,0.025000,-0.006000,0.000000,0.050000,0.000000,-0.123081,1,1.13,0.718,-45.396,1.918,-2.664762
0.752000,0.031,0.069488,0.025744,4.261,6.90,0.025055,-0.062366,-0.001334,-0.005788,-0.031,0.046,0.025000,-0.006000,0.000000,0.050000,0.000000,-0.123081,1,1.13,0.719,-45.392,1.918,-2.664692
0.754000,0.031,0.069027,0.025513,4.261,6.90,0.025069,-0.062485,-0.001372,-0.005170,-0.031,0.046,0.025000,-0.006000,0.000000,0.050000,0.000000,-0.123081,1,1.13,0.721,-45.389,1.918,-2.664619
0.756000,0.031,0.068947,0.025474,4.261,6.90,0.025078,-0.062602,-0.001447,-0.004899,-0.031,0.046,0.025000,-0.006000,0.000000,0.050000,0.000000,-0.123081,1,1.13,0.723,-45.386,1.918,-2.664545
0.758000,0.031,0.068375,0.025187,4.261,6.90,0.025086,-0.062715,-0.001472,-0.004188,-0.031,0.046,0.025000,-0.006000,0.000000,0.050000,0.000000,-0.123081,1,1.13,0.725,-45.382,1.918,-2.664471
0.760000,0.031,0.068785,0.025393,4.261,6.90,0.025088,-0.062825,-0.001503,-0.004458,-0.031,0.046,0.025000,-0.006000,0.000000,0.050000,0.000000,-0.123081,1,1.13,0.727,-45.379,1.918,-2.664396
0.762000,0.031,0.069234,0.025617,4.261,6.90,0.025094,-0.062933,-0.001550,-0.004751,-0.031,0.046,0.025000,-0.006000,0.000000,0.050000,0.000000,-0.123081,1,1.13,0.729,-45.375,1.918,-2.664321
0.764000,0.032,0.069252,0.025626,4.261,6.90,0.025104,-0.063040,-0.001588,-0.004624,-0.031,0.046,0.025000,-0.006000,0.000000,0.050000,0.000000,-0.123081,1,1.13,0.730,-45.372,1.918,-2.664248
0.766000,0.032,0.070707,0.026354,4.261,6.90,0.025115,-0.063144,-0.001606,-0.005957,-0.031,0.047,0.025000,-0.006000,0.000000,0.050000,0.000000,-0.123081,1,1.13,0.732,-45.369,1.918,-2.664174
0.768000,0.032,0.069892,0.025946,4.261,6.90,0.025139,-0.063249,-0.002016,-0.004628,-0.031,0.047,0.025000,-0.006000,0.000000,0.050000,0.000000,-0.123081,1,1.13,0.734,-45.365,1.918,-2.664103
0.770000,0.032,0.069958,0.025979,4.261,6.90,0.025156,-0.063349,-0.002045,-0.004564,-0.031,0.047,0.025000,-0.006000,0.000000,0.050000,0.000000,-0.123081,1,1.13,0.736,-45.362,1.918,-2.664030
0.772000,0.032,0.070015,0.026008,4.261,6.90,0.025172,-0.063448,-0.002094,-0.004473,-0.032,0.047,0.025000,-0.006000,0.000000,0.050000,0.000000,-0.123081,1,1.13,0.738,-45.359,1.918,-2.663958
0.774000,0.032,0.070364,0.026182,4.261,6.90,0.025189,-0.063543,-0.002122,-0.004698,-0.032,0.047,0.025000,-0.006000,0.000000,0.050000,0.000000,-0.123081,1,1.13,0.739,-45.355,1.918,-2.663885
0.776000,0.032,0.069696,0.025848,4.261,6.90,0.025209,-0.063637,-0.002151,-0.003907,-0.032,0.046,0.025000,-0.006000,0.000000,0.050000,0.000000,-0.123081,1,1.13,0.741,-45.352,1.918,-2.663813
0.778000,0.032,0.070284,0.026142,4.261,6.90,0.025221,-0.063728,-0.002206,-0.004350,-0.032,0.047,0.025000,-0.006000,0.000000,0.050000,0.000000,-0.123081,1,1.13,0.743,-45.348,1.918,-2.663740
0.780000,0.032,0.070789,0.026394,4.261,6.90,0.025240,-0.063816,-0.002226,-0.004747,-0.032,0.047,0.023438,-0.006000,0.000000,0.046875,0.000000,-0.115388,1,1.14,0.745,-45.345,1.918,-2.663667
0.782000,0.032,0.070872,0.026436,4.261,6.90,0.025263,-0.063904,-0.002274,-0.004695,-0.032,0.047,0.023438,-0.006000,0.000000,0.046875,0.000000,-0.115388,1,1.14,0.747,-45.342,1.918,-2.663596
0.784000,0.032,0.070977,0.026489,4.261,6.90,0.025286,-0.063989,-0.002298,-0.004690,-0.032,0.047,0.023438,-0.006000,0.000000,0.046875,0.000000,-0.115388,1,1.14,0.749,-45.338,1.918,-2.663524
0.786000,0.032,0.070790,0.026395,4.261,6.90,0.025310,-0.064072,-0.002335,-0.004383,-0.032,0.047,0.023438,-0.006000,0.000000,0.046875,0.000000,-0.115388,1,1.14,0.750,-45.335,1.918,-2.663453
0.788000,0.032,0.072212,0.027106,4.261,6.90,0.025332,-0.064152,-0.002349,-0.005711,-0.032,0.048,0.023438,-0.006000,0.000000,0.046875,0.000000,-0.115388,1,1.14,0.752,-45.332,1.918,-2.663381
0.790000,0.032,0.072488,0.027244,4.261,6.90,0.025368,-0.064232,-0.002365,-0.005891,-0.032,0.048,0.023438,-0.006000,0.000000,0.046875,0.000000,-0.115388,1,1.14,0.754,-45.328,1.918,-2.663311
0.792000,0.032,0.072428,0.027214,4.261,6.90,0.025405,-0.064310,-0.002432,-0.005686,-0.032,0.048,0.023438,-0.006000,0.000000,0.046875,0.000000,-0.115388,1,1.14,0.756,-45.325,1.918,-2.663242
0.794000,0.032,0.072022,0.027011,4.261,6.90,0.025441,-0.064386,-0.002475,-0.005161,-0.032,0.048,0.023438,-0.006000,0.000000,0.046875,0.000000,-0.115388,1,1.14,0.758,-45.321,1.918,-2.663172
0.796000,0.032,0.073109,0.027555,4.261,6.90,0.025473,-0.064458,-0.002488,-0.006163,-0.032,0.049,0.023438,-0.006000,0.000000,0.046875,0.000000,-0.115388,1,1.14,0.759,-45.318,1.918,-2.663102
0.798000,0.032,0.071851,0.026926,4.261,6.90,0.025514,-0.064530,-0.002537,-0.004784,-0.032,0.048,0.023438,-0.006000,0.000000,0.046875,0.000000,-0.115388,1,1.14,0.761,-45.315,1.918,-2.663033
0.800000,0.032,0.065168,0.023584,4.261,6.90,0.025542,-0.064597,0.000000,-0.000571,0.000,0.043,0.023438,-0.006000,0.000000,0.046875,0.000000,-0.115388,1,1.14,0.763,-45.311,1.918,-2.662961
0.802000,0.032,0.065795,0.023897,4.261,6.90,0.025503,-0.064648,-0.000030,-0.001116,0.000,0.044,0.023438,-0.006000,0.000000,0.046875,0.000000,-0.115388,1,1.14,0.765,-45.308,1.918,-2.662879
0.804000,0.032,0.066919,0.024459,4.261,6.90,0.025471,-0.064698,-0.000046,-0.002176,0.000,0.045,0.023438,-0.006000,0.000000,0.046875,0.000000,-0.115388,1,1.14,0.767,-45.305,1.918,-2.662796
0.806000,0.032,0.068127,0.025063,4.261,6.90,0.025451,-0.064748,-0.000060,-0.003319,0.000,0.045,0.023438,-0.006000,0.000000,0.046875,0.000000,-0.115388,1,1.14,0.769,-45.301,1.918,-2.662716
0.808000,0.032,0.068682,0.025341,4.261,6.90,0.025443,-0.064798,-0.000095,-0.003789,-0.032,0.046,0.023438,-0.006000,0.000000,0.046875,0.000000,-0.115388,1,1.14,0.770,-45.298,1.918,-2.662638
0.810000,0.032,0.069025,0.025512,4.261,6.90,0.025441,-0.064848,-0.000114,-0.004063,-0.032,0.046,0.023438,-0.006000,0.000000,0.046875,0.000000,-0.115388,1,1.14,0.772,-45.294,1.918,-2.662562
0.812000,0.032,0.069703,0.025851,4.261,6.90,0.025443,-0.064896,-0.000127,-0.004680,-0.032,0.046,0.023438,-0.006000,0.000000,0.046875,0.000000,-0.115388,1,1.14,0.774,-45.291,1.918,-2.662486
0.814000,0.032,0.069216,0.025608,4.261,6.90,0.025451,-0.064943,-0.000158,-0.004115,-0.032,0.046,0.023438,-0.006000,0.000000,0.046875,0.000000,-0.115388,1,1.14,0.776,-45.288,1.918,-2.662411
0.816000,0.032,0.068404,0.025202,4.261,6.90,0.025454,-0.064987,-0.000222,-0.003196,-0.032,0.046,0.023438,-0.006000,0.000000,0.046875,0.000000,-0.115388,1,1.14,0.778,-45.284,1.918,-2.662336
0.818000,0.033,0.068312,0.025156,4.261,6.90,0.025449,-0.065027,-0.000515,-0.002770,-0.032,0.046,0.023438,-0.006000,0.000000,0.046875,0.000000,-0.115388,1,1.14,0.779,-45.281,1.918,-2.662259
0.820000,0.033,0.068282,0.025141,4.261,6.90,0.025443,-0.065064,-0.000531,-0.002687,-0.032,0.046,0.023438,-0.006000,0.000000,0.046875,0.000000,-0.115388,1,1.14,0.781,-45.277,1.918,-2.662182
0.822000,0.033,0.067466,0.024733,4.261,6.90,0.025437,-0.065100,-0.000574,-0.001793,-0.032,0.045,0.023438,-0.006000,0.000000,0.046875,0.000000,-0.115388,1,1.14,0.783,-45.274,1.918,-2.662105
0.824000,0.033,0.067208,0.024604,4.261,6.90,0.025423,-0.065131,-0.000661,-0.001416,-0.032,0.045,0.023438,-0.006000,0.000000,0.046875,0.000000,-0.115388,1,1.14,0.785,-45.271,1.918,-2.662026
0.826000,0.033,0.067298,0.024649,4.261,6.90,0.025407,-0.065160,-0.000699,-0.001439,-0.033,0.045,0.023438,-0.006000,0.000000,0.046875,0.000000,-0.115388,1,1.14,0.787,-45.267,1.918,-2.661947
0.828000,0.033,0.067618,0.024809,4.261,6.90,0.025391,-0.065187,-0.000727,-0.001704,-0.033,0.045,0.023438,-0.006000,0.000000,0.046875,0.000000,-0.115388,1,1.14,0.789,-45.264,1.918,-2.661869
0.830000,0.033,0.067100,0.024550,4.261,6.90,0.025380,-0.065212,-0.000776,-0.001112,-0.033,0.045,0.023438,-0.006000,0.000000,0.046875,0.000000,-0.115388,1,1.14,0.790,-45.261,1.918,-2.661791
0.832000,0.033,0.067052,0.024526,4.261,6.90,0.025363,-0.065234,-0.000824,-0.000994,-0.033,0.045,0.023438,-0.006000,0.000000,0.046875,0.000000,-0.115388,1,1.14,0.792,-45.257,1.918,-2.661712
0.834000,0.033,0.067116,0.024558,4.261,6.90,0.025346,-0.065254,-0.000900,-0.000962,-0.033,0.045,0.023438,-0.006000,0.000000,0.046875,0.000000,-0.115388,1,1.14,0.794,-45.254,1.918,-2.661634
0.836000,0.033,0.067099,0.024550,4.261,6.90,0.025331,-0.065272,-0.000933,-0.000894,-0.033,0.045,0.023438,-0.006000,0.000000,0.046875,0.000000,-0.115388,1,1.14,0.796,-45.250,1.918,-2.661555
0.838000,0.033,0.067039,0.024520,4.261,6.90,0.025315,-0.065288,-0.000957,-0.000794,-0.033,0.045,0.023438,-0.006000,0.000000,0.046875,0.000000,-0.115388,1,1.14,0.798,-45.247,1.918,-2.661477
0.840000,0.033,0.067018,0.024509,4.261,6.90,0.025299,-0.065301,-0.001015,-0.000701,-0.033,0.045,0.023438,-0.006000,0.000000,0.046875,0.000000,-0.115388,1,1.14,0.799,-45.244,1.918,-2.661399
0.842000,0.033,0.067005,0.024503,4.261,6.90,0.025283,-0.065313,-0.001062,-0.000631,-0.033,0.045,0.023438,-0.006000,0.000000,0.046875,0.000000,-0.115388,1,1.14,0.801,-45.240,1.918,-2.661320
0.844000,0.033,0.067062,0.024531,4.261,6.90,0.025268,-0.065322,-0.001091,-0.000649,-0.033,0.045,0.023438,-0.006000,0.000000,0.046875,0.000000,-0.115388,1,1.14,0.803,-45.237,1.918,-2.661242
0.846000,0.033,0.067006,0.024503,4.261,6.90,0.025253,-0.065329,-0.001117,-0.000560,-0.033,0.045,0.023438,-0.006000,0.000000,0.046875,0.000000,-0.115388,1,1.14,0.805,-45.234,1.918,-2.661164
0.848000,0.033,0.066898,0.024449,4.261,6.90,0.025238,-0.065334,-0.001190,-0.000374,-0.033,0.045,0.023438,-0.006000,0.000000,0.046875,0.000000,-0.115388,1,1.14,0.807,-45.230,1.918,-2.661086
0.850000,0.033,0.066886,0.024443,4.261,6.90,0.025222,-0.065337,-0.001230,-0.000319,-0.033,0.045,0.023438,-0.006000,0.000000,0.046875,0.000000,-0.115388,1,1.14,0.808,-45.227,1.918,-2.661008
0.852000,0.033,0.066869,0.024434,4.261,6.90,0.025207,-0.065338,-0.001289,-0.000242,-0.033,0.045,0.023438,-0.006000,0.000000,0.046875,0.000000,-0.115388,1,1.14,0.810,-45.223,1.918,-2.660930
0.854000,0.033,0.066779,0.024390,4.261,6.90,0.025191,-0.065336,-0.001321,-0.000122,-0.033,0.045,0.023438,-0.006000,0.000000,0.046875,0.000000,-0.115388,1,1.14,0.812,-45.220,1.918,-2.660853
0.856000,0.033,0.066775,0.024387,4.261,6.90,0.025175,-0.065332,-0.001423,-0.000020,-0.033,0.045,0.023438,-0.006000,0.000000,0.046875,0.000000,-0.115388,1,1.14,0.814,-45.217,1.918,-2.660775
0.858000,0.033,0.066698,0.024349,4.261,6.90,0.025159,-0.065326,-0.001449,0.000077,-0.033,0.044,0.023438,-0.006000,0.000000,0.046875,0.000000,-0.115388,1,1.14,0.816,-45.213,1.918,-2.660697
0.860000,0.033,0.066646,0.024323,4.261,6.90,0.025143,-0.065318,-0.001491,0.000163,-0.033,0.044,0.023438,-0.006000,0.000000,0.046875,0.000000,-0.115388,1,1.14,0.817,-45.210,1.918,-2.660619
0.862000,0.033,0.066593,0.024296,4.261,6.90,0.025127,-0.065308,-0.001532,0.000248,-0.033,0.044,0.023438,-0.006000,0.000000,0.046875,0.000000,-0.115388,1,1.14,0.819,-45.206,1.918,-2.660542
0.864000,0.033,0.066553,0.024276,4.261,6.90,0.025110,-0.065295,-0.001578,0.000321,-0.033,0.044,0.023438,-0.006000,0.000000,0.046875,0.000000,-0.115388,1,1.14,0.821,-45.203,1.918,-2.660464
0.866000,0.033,0.066445,0.024222,4.261,6.90,0.025093,-0.065281,-0.001613,0.000449,-0.033,0.044,0.023438,-0.006000,0.000000,0.046875,0.000000,-0.115388,1,1.14,0.823,-45.200,1.918,-2.660387
0.868000,0.033,0.066396,0.024198,4.261,6.90,0.025076,-0.065264,-0.001651,0.000519,-0.033,0.044,0.023438,-0.006000,0.000000,0.046875,0.000000,-0.115388,1,1.14,0.825,-45.196,1.918,-2.660309
0.870000,0.033,0.066828,0.024414,4.261,6.90,0.025058,-0.065244,-0.002054,0.000471,-0.033,0.045,0.023438,-0.006000,0.000000,0.046875,0.000000,-0.115388,1,1.14,0.827,-45.193,1.918,-2.660231
0.872000,0.033,0.066907,0.024453,4.261,6.90,0.025046,-0.065224,-0.002146,0.000463,-0.033,0.045,0.023438,-0.006000,0.000000,0.046875,0.000000,-0.115388,1,1.14,0.828,-45.190,1.918,-2.660155
0.874000,0.033,0.066802,0.024401,4.261,6.90,0.025034,-0.065202,-0.002181,0.000581,-0.033,0.045,0.023438,-0.006000,0.000000,0.046875,0.000000,-0.115388,1,1.14,0.830,-45.186,1.918,-2.660078
0.876000,0.033,0.066849,0.024424,4.261,6.90,0.025021,-0.065177,-0.002242,0.000571,-0.033,0.045,0.023438,-0.006000,0.000000,0.046875,0.000000,-0.115388,1,1.14,0.832,-45.183,1.918,-2.660002
0.878000,0.033,0.066694,0.024347,4.261,6.90,0.025009,-0.065150,-0.002271,0.000727,-0.033,0.044,0.023438,-0.006000,0.000000,0.046875,0.000000,-0.115388,1,1.14,0.834,-45.179,1.918,-2.659925
0.880000,0.033,0.066577,0.024288,4.261,6.90,0.024996,-0.065121,-0.002329,0.000874,-0.033,0.044,0.025000,-0.006000,0.000000,0.050000,0.000000,-0.123081,1,1.14,0.836,-45.176,1.918,-2.659848
0.882000,0.033,0.066431,0.024216,4.261,6.90,0.024982,-0.065090,-0.002373,0.001032,-0.033,0.044,0.025000,-0.006000,0.000000,0.050000,0.000000,-0.123081,1,1.14,0.837,-45.173,1.918,-2.659772
0.884000,0.033,0.066116,0.024058,4.261,6.90,0.024966,-0.065056,-0.002395,0.001335,-0.033,0.044,0.025000,-0.006000,0.000000,0.050000,0.000000,-0.123081,1,1.14,0.839,-45.169,1.918,-2.659695
0.886000,0.033,0.065771,0.023885,4.261,6.90,0.024948,-0.065020,-0.002420,0.001670,-0.033,0.044,0.025000,-0.006000,0.000000,0.050000,0.000000,-0.123081,1,1.14,0.841,-45.166,1.918,-2.659618
0.888000,0.032,0.065908,0.023954,4.261,6.90,0.024927,-0.064981,-0.002487,0.001559,-0.033,0.044,0.025000,-0.006000,0.000000,0.050000,0.000000,-0.123081,1,1.14,0.843,-45.162,1.918,-2.659540
0.890000,0.032,0.065675,0.023838,4.261,6.90,0.024907,-0.064940,-0.002521,0.001786,-0.033,0.044,0.025000,-0.006000,0.000000,0.050000,0.000000,-0.123081,1,1.14,0.845,-45.159,1.918,-2.659463
0.892000,0.032,0.065613,0.023806,4.261,6.90,0.024886,-0.064897,-0.002568,0.001852,-0.033,0.044,0.025000,-0.006000,0.000000,0.050000,0.000000,-0.123081,1,1.14,0.846,-45.156,1.918,-2.659385
0.894000,0.032,0.065433,0.023717,4.261,6.90,0.024864,-0.064851,-0.002590,0.002008,-0.033,0.044,0.025000,-0.006000,0.000000,0.050000,0.000000,-0.123081,1,1.14,0.848,-45.152,1.918,-2.659307
0.896000,0.032,0.065586,0.023793,4.261,6.90,0.024842,-0.064804,-0.002640,0.001857,-0.032,0.044,0.025000,-0.006000,0.000000,0.050000,0.000000,-0.123081,1,1.14,0.850,-45.149,1.918,-2.659230
0.898000,0.032,0.065467,0.023733,4.261,6.90,0.024821,-0.064754,-0.002691,0.001979,-0.032,0.044,0.025000,-0.006000,0.000000,0.050000,0.000000,-0.123081,1,1.14,0.852,-45.146,1.918,-2.659153
0.900000,0.032,0.065235,0.023617,4.261,6.90,0.024799,-0.064702,0.000000,-0.000532,0.000,0.043,0.025000,-0.006000,0.000000,0.050000,0.000000,-0.123081,1,1.14,0.854,-45.142,1.918,-2.659075
0.902000,0.032,0.064860,0.023430,4.261,6.90,0.024775,-0.064648,-0.000048,-0.000164,0.000,0.043,0.025000,-0.006000,0.000000,0.050000,0.000000,-0.123081,1,1.14,0.855,-45.139,1.918,-2.658998
0.904000,0.032,0.064687,0.023344,4.261,6.90,0.024748,-0.064591,-0.000137,0.000041,0.000,0.043,0.025000,-0.006000,0.000000,0.050000,0.000000,-0.123081,1,1.14,0.857,-45.135,1.918,-2.658920
0.906000,0.032,0.063893,0.022947,4.261,6.90,0.024720,-0.064532,-0.000162,0.000801,0.000,0.043,0.025000,-0.006000,0.000000,0.050000,0.000000,-0.123081,1,1.14,0.859,-45.132,1.918,-2.658841
0.908000,0.032,0.063418,0.022709,4.261,6.90,0.024685,-0.064470,-0.000206,0.001258,-0.032,0.042,0.025000,-0.006000,0.000000,0.050000,0.000000,-0.123081,1,1.14,0.861,-45.129,1.918,-2.658762
0.910000,0.032,0.062531,0.022266,4.261,6.90,0.024645,-0.064404,-0.000267,0.002140,-0.032,0.042,0.025000,-0.006000,0.000000,0.050000,0.000000,-0.123081,1,1.14,0.863,-45.125,1.918,-2.658682
0.912000,0.032,0.062383,0.022191,4.261,6.90,0.024598,-0.064335,-0.000312,0.002264,-0.032,0.042,0.025000,-0.006000,0.000000,0.050000,0.000000,-0.123081,1,1.14,0.864,-45.122,1.918,-2.658600
0.914000,0.032,0.062062,0.022031,4.261,6.90,0.024549,-0.064264,-0.000358,0.002559,-0.032,0.041,0.025000,-0.006000,0.000000,0.050000,0.000000,-0.123081,1,1.14,0.866,-45.118,1.918,-2.658519
0.916000,0.032,0.062057,0.022029,4.261,6.90,0.024499,-0.064190,-0.000390,0.002523,-0.032,0.041,0.025000,-0.006000,0.000000,0.050000,0.000000,-0.123081,1,1.14,0.868,-45.115,1.918,-2.658437
0.918000,0.032,0.061871,0.021935,4.261,6.90,0.024450,-0.064115,-0.000430,0.002674,-0.032,0.041,0.025000,-0.006000,0.000000,0.050000,0.000000,-0.123081,1,1.14,0.870,-45.112,1.918,-2.658356
0.920000,0.032,0.062486,0.022243,4.261,6.90,0.024399,-0.064037,-0.000835,0.002386,-0.032,0.042,0.026563,-0.006000,0.000000,0.053125,0.000000,-0.130773,1,1.13,0.872,-45.108,1.918,-2.658275
0.922000,0.032,0.062519,0.022260,4.261,6.90,0.024356,-0.063959,-0.000892,0.002332,-0.032,0.042,0.026563,-0.006000,0.000000,0.053125,0.000000,-0.130773,1,1.13,0.873,-45.105,1.918,-2.658195
0.924000,0.032,0.062068,0.022034,4.261,6.90,0.024314,-0.063879,-0.000920,0.002732,-0.032,0.041,0.026563,-0.006000,0.000000,0.053125,0.000000,-0.130773,1,1.13,0.875,-45.101,1.918,-2.658116
0.926000,0.032,0.061630,0.021815,4.261,6.90,0.024269,-0.063797,-0.000944,0.003111,-0.032,0.041,0.026563,-0.006000,0.000000,0.053125,0.000000,-0.130773,1,1.13,0.877,-45.098,1.918,-2.658036
0.928000,0.032,0.061668,0.021834,4.261,6.90,0.024220,-0.063712,-0.000995,0.003039,-0.032,0.041,0.026563,-0.006000,0.000000,0.053125,0.000000,-0.130773,1,1.13,0.879,-45.095,1.918,-2.657955
0.930000,0.032,0.060930,0.021465,4.261,6.90,0.024172,-0.063625,-0.001032,0.003727,-0.032,0.041,0.026563,-0.006000,0.000000,0.053125,0.000000,-0.130773,1,1.13,0.881,-45.091,1.918,-2.657875
0.932000,0.032,0.059562,0.020781,4.261,6.90,0.024118,-0.063534,-0.001048,0.005021,-0.032,0.040,0.026563,-0.006000,0.000000,0.053125,0.000000,-0.130773,1,1.13,0.882,-45.088,1.918,-2.657794
0.934000,0.032,0.059898,0.020949,4.261,6.90,0.024051,-0.063440,-0.001105,0.004647,-0.032,0.040,0.026563,-0.006000,0.000000,0.053125,0.000000,-0.130773,1,1.13,0.884,-45.085,1.918,-2.657711
0.936000,0.032,0.059690,0.020845,4.261,6.90,0.023989,-0.063344,-0.001130,0.004784,-0.032,0.040,0.026563,-0.006000,0.000000,0.053125,0.000000,-0.130773,1,1.13,0.886,-45.081,1.918,-2.657629
0.938000,0.032,0.059538,0.020769,4.261,6.90,0.023926,-0.063246,-0.001178,0.004887,-0.032,0.040,0.026563,-0.006000,0.000000,0.053125,0.000000,-0.130773,1,1.13,0.888,-45.078,1.918,-2.657547
0.940000,0.032,0.058875,0.020437,4.261,6.90,0.023863,-0.063147,-0.001202,0.005474,-0.032,0.039,0.026563,-0.006000,0.000000,0.053125,0.000000,-0.130773,1,1.13,0.890,-45.074,1.918,-2.657465
0.942000,0.032,0.058431,0.020215,4.261,6.90,0.023794,-0.063044,-0.001217,0.005831,-0.032,0.039,0.026563,-0.006000,0.000000,0.053125,0.000000,-0.130773,1,1.13,0.891,-45.071,1.918,-2.657383
0.944000,0.031,0.058383,0.020192,4.261,6.90,0.023723,-0.062939,-0.001280,0.005835,-0.032,0.039,0.026563,-0.006000,0.000000,0.053125,0.000000,-0.130773,1,1.13,0.893,-45.068,1.918,-2.657300
0.946000,0.031,0.058624,0.020312,4.261,6.90,0.023652,-0.062832,-0.001316,0.005524,-0.032,0.039,0.026563,-0.006000,0.000000,0.053125,0.000000,-0.130773,1,1.13,0.895,-45.064,1.918,-2.657217
0.948000,0.031,0.056753,0.019376,4.261,6.90,0.023585,-0.062723,-0.001330,0.007301,-0.032,0.038,0.026563,-0.006000,0.000000,0.053125,0.000000,-0.130773,1,1.13,0.897,-45.061,1.918,-2.657135
0.950000,0.031,0.057342,0.019671,4.261,6.90,0.023501,-0.062610,-0.001382,0.006650,-0.032,0.038,0.026563,-0.006000,0.000000,0.053125,0.000000,-0.130773,1,1.13,0.899,-45.057,1.918,-2.657051
0.952000,0.031,0.058134,0.020067,4.261,6.90,0.023425,-0.062496,-0.001411,0.005773,-0.031,0.039,0.026563,-0.006000,0.000000,0.053125,0.000000,-0.130773,1,1.13,0.900,-45.054,1.918,-2.656968
0.954000,0.031,0.057455,0.019728,4.261,6.90,0.023358,-0.062382,-0.001443,0.006370,-0.031,0.038,0.026563,-0.006000,0.000000,0.053125,0.000000,-0.130773,1,1.13,0.902,-45.051,1.918,-2.656887
0.956000,0.031,0.055562,0.018781,4.261,6.90,0.023285,-0.062265,-0.001456,0.008159,-0.031,0.037,0.026563,-0.006000,0.000000,0.053125,0.000000,-0.130773,1,1.13,0.904,-45.047,1.918,-2.656805
0.958000,0.031,0.057009,0.019505,4.261,6.90,0.023195,-0.062143,-0.001499,0.006633,-0.031,0.038,0.026563,-0.006000,0.000000,0.053125,0.000000,-0.130773,1,1.13,0.906,-45.044,1.918,-2.656721
0.960000,0.031,0.056421,0.019210,4.261,6.90,0.023121,-0.062022,-0.001530,0.007132,-0.031,0.038,0.026563,-0.006000,0.000000,0.053125,0.000000,-0.130773,1,1.13,0.908,-45.041,1.918,-2.656639
0.962000,0.031,0.056372,0.019186,4.261,6.90,0.023043,-0.061898,-0.001563,0.007090,-0.031,0.038,0.026563,-0.006000,0.000000,0.053125,0.000000,-0.130773,1,1.13,0.909,-45.037,1.918,-2.656557
0.964000,0.031,0.054201,0.018100,4.261,6.90,0.022966,-0.061773,-0.001575,0.009147,-0.031,0.036,0.026563,-0.006000,0.000000,0.053125,0.000000,-0.130773,1,1.13,0.911,-45.034,1.918,-2.656476
0.966000,0.031,0.053727,0.017863,4.261,6.90,0.022868,-0.061642,-0.001589,0.009504,-0.031,0.036,0.026563,-0.006000,0.000000,0.053125,0.000000,-0.130773,1,1.13,0.913,-45.030,1.918,-2.656391
0.968000,0.031,0.053354,0.017677,4.261,6.90,0.022768,-0.061508,-0.001624,0.009778,-0.031,0.036,0.026563,-0.006000,0.000000,0.053125,0.000000,-0.130773,1,1.13,0.915,-45.027,1.918,-2.656306
0.970000,0.031,0.052151,0.017075,4.261,6.90,0.022666,-0.061372,-0.001642,0.010864,-0.031,0.035,0.026563,-0.006000,0.000000,0.053125,0.000000,-0.130773,1,1.13,0.917,-45.024,1.918,-2.656220
0.972000,0.031,0.053434,0.017717,4.261,6.90,0.022555,-0.061233,-0.002010,0.009809,-0.031,0.036,0.026563,-0.006000,0.000000,0.053125,0.000000,-0.130773,1,1.13,0.918,-45.020,1.918,-2.656134
0.974000,0.031,0.054841,0.018420,4.261,6.90,0.022458,-0.061094,-0.002036,0.008290,-0.031,0.037,0.026563,-0.006000,0.000000,0.053125,0.000000,-0.130773,1,1.13,0.920,-45.017,1.918,-2.656050
0.976000,0.030,0.057515,0.019757,4.261,6.90,0.022377,-0.060957,-0.002148,0.005590,-0.031,0.038,0.026563,-0.006000,0.000000,0.053125,0.000000,-0.130773,1,1.13,0.922,-45.013,1.918,-2.655969
0.978000,0.030,0.057065,0.019532,4.261,6.90,0.022325,-0.060823,-0.002175,0.005933,-0.031,0.038,0.026563,-0.006000,0.000000,0.053125,0.000000,-0.130773,1,1.13,0.924,-45.010,1.918,-2.655894
0.980000,0.030,0.057999,0.020000,4.261,6.90,0.022269,-0.060686,-0.002208,0.004895,-0.031,0.039,0.028125,-0.006000,0.000000,0.056250,0.000000,-0.138466,1,1.13,0.926,-45.007,1.918,-2.655819
0.982000,0.030,0.057330,0.019665,4.261,6.90,0.022223,-0.060550,-0.002267,0.005486,-0.031,0.038,0.028125,-0.006000,0.000000,0.056250,0.000000,-0.138466,1,1.13,0.927,-45.003,1.918,-2.655746
0.984000,0.030,0.058156,0.020078,4.261,6.90,0.022172,-0.060410,-0.002323,0.004576,-0.030,0.039,0.028125,-0.006000,0.000000,0.056250,0.000000,-0.138466,1,1.13,0.929,-45.000,1.918,-2.655671
0.986000,0.030,0.056236,0.019118,4.261,6.90,0.022130,-0.060270,-0.002342,0.006376,-0.030,0.037,0.028125,-0.006000,0.000000,0.056250,0.000000,-0.138466,1,1.13,0.931,-44.996,1.918,-2.655599
0.988000,0.030,0.056841,0.019421,4.261,6.90,0.022070,-0.060124,-0.002396,0.005679,-0.030,0.038,0.028125,-0.006000,0.000000,0.056250,0.000000,-0.138466,1,1.13,0.933,-44.993,1.918,-2.655523
0.990000,0.030,0.056042,0.019021,4.261,6.90,0.022017,-0.059978,-0.002419,0.006356,-0.030,0.037,0.028125,-0.006000,0.000000,0.056250,0.000000,-0.138466,1,1.13,0.935,-44.990,1.918,-2.655449
0.992000,0.030,0.055293,0.018647,4.261,6.90,0.021957,-0.059828,-0.002453,0.006988,-0.030,0.037,0.028125,-0.006000,0.000000,0.056250,0.000000,-0.138466,1,1.13,0.936,-44.986,1.918,-2.655374
0.994000,0.030,0.052633,0.017316,4.261,6.90,0.021891,-0.059676,-0.002466,0.009509,-0.030,0.035,0.028125,-0.006000,0.000000,0.056250,0.000000,-0.138466,1,1.13,0.938,-44.983,1.918,-2.655298
0.996000,0.030,0.053700,0.017850,4.261,6.90,0.021800,-0.059516,-0.002514,0.008330,-0.030,0.036,0.028125,-0.006000,0.000000,0.056250,0.000000,-0.138466,1,1.13,0.940,-44.979,1.918,-2.655218
0.998000,0.030,0.052055,0.017028,4.261,6.90,0.021721,-0.059357,-0.002535,0.009836,-0.030,0.035,0.028125,-0.006000,0.000000,0.056250,0.000000,-0.138466,1,1.13,0.942,-44.976,1.918,-2.655140
1.000000,0.030,0.059649,0.020824,4.261,6.90,0.021627,-0.059193,0.000000,-0.000456,0.000,0.040,0.028125,-0.006000,0.000000,0.056250,0.000000,-0.138466,1,1.13,0.944,-44.973,1.918,-2.655059
1.002000,0.030,0.058417,0.020208,4.261,6.90,0.021611,-0.059041,-0.000040,0.000664,0.000,0.039,0.028125,-0.006000,0.000000,0.056250,0.000000,-0.138466,1,1.13,0.945,-44.969,1.918,-2.654993
1.004000,0.029,0.056991,0.019495,4.261,6.90,0.021582,-0.058885,-0.000075,0.001970,0.000,0.038,0.028125,-0.006000,0.000000,0.056250,0.000000,-0.138466,1,1.13,0.947,-44.966,1.918,-2.654925
1.006000,0.029,0.053876,0.017938,4.261,6.90,0.021541,-0.058725,-0.000091,0.004940,0.000,0.036,0.028125,-0.006000,0.000000,0.056250,0.000000,-0.138466,1,1.13,0.949,-44.963,1.918,-2.654854
1.008000,0.029,0.052992,0.017496,4.261,6.90,0.021469,-0.058557,-0.000154,0.005719,-0.030,0.035,0.028125,-0.006000,0.000000,0.056250,0.000000,-0.138466,1,1.13,0.951,-44.959,1.918,-2.654779
1.010000,0.029,0.051264,0.016632,4.261,6.90,0.021389,-0.058386,-0.000198,0.007319,-0.030,0.034,0.028125,-0.006000,0.000000,0.056250,0.000000,-0.138466,1,1.13,0.953,-44.956,1.918,-2.654702
1.012000,0.029,0.047863,0.014931,4.261,6.90,0.021294,-0.058209,-0.000210,0.010556,-0.029,0.032,0.028125,-0.006000,0.000000,0.056250,0.000000,-0.138466,1,1.13,0.954,-44.952,1.918,-2.654622
1.014000,0.029,0.047663,0.014832,4.261,6.90,0.021167,-0.058025,-0.000249,0.010611,-0.029,0.032,0.028125,-0.006000,0.000000,0.056250,0.000000,-0.138466,1,1.13,0.956,-44.949,1.918,-2.654537
1.016000,0.029,0.048412,0.015206,4.261,6.90,0.021040,-0.057839,-0.000275,0.009702,-0.029,0.032,0.028125,-0.006000,0.000000,0.056250,0.000000,-0.138466,1,1.13,0.958,-44.946,1.918,-2.654453
1.018000,0.029,0.044953,0.013476,4.261,6.90,0.020924,-0.057653,-0.000288,0.012989,-0.029,0.030,0.028125,-0.006000,0.000000,0.056250,0.000000,-0.138466,1,1.13,0.960,-44.942,1.918,-2.654370
1.020000,0.029,0.044678,0.013339,4.261,6.90,0.020775,-0.057459,-0.000332,0.013114,-0.029,0.030,0.028125,-0.006000,0.000000,0.056250,0.000000,-0.138466,1,1.13,0.962,-44.939,1.918,-2.654282
1.022000,0.029,0.049030,0.015515,4.261,6.90,0.020626,-0.057264,-0.000682,0.008916,-0.029,0.033,0.028125,-0.006000,0.000000,0.056250,0.000000,-0.138466,1,1.13,0.963,-44.935,1.918,-2.654195
1.024000,0.029,0.047527,0.014763,4.261,6.90,0.020524,-0.057075,-0.000702,0.010251,-0.029,0.032,0.028125,-0.006000,0.000000,0.056250,0.000000,-0.138466,1,1.13,0.965,-44.932,1.918,-2.654116
1.026000,0.028,0.047626,0.014813,4.261,6.90,0.020408,-0.056883,-0.000733,0.009989,-0.029,0.032,0.028125,-0.006000,0.000000,0.056250,0.000000,-0.138466,1,1.13,0.967,-44.929,1.918,-2.654035
1.028000,0.028,0.049129,0.015565,4.261,6.90,0.020297,-0.056689,-0.000756,0.008315,-0.029,0.033,0.028125,-0.006000,0.000000,0.056250,0.000000,-0.138466,1,1.13,0.969,-44.925,1.919,-2.653956
1.030000,0.028,0.049141,0.015570,4.261,6.90,0.020202,-0.056496,-0.000805,0.008160,-0.029,0.033,0.028125,-0.006000,0.000000,0.056250,0.000000,-0.138466,1,1.13,0.971,-44.922,1.919,-2.653879
1.032000,0.028,0.046980,0.014490,4.261,6.90,0.020109,-0.056302,-0.000830,0.010152,-0.029,0.031,0.028125,-0.006000,0.000000,0.056250,0.000000,-0.138466,1,1.13,0.972,-44.918,1.919,-2.653804
1.034000,0.028,0.047488,0.014744,4.261,6.90,0.019997,-0.056102,-0.000858,0.009472,-0.028,0.032,0.028125,-0.006000,0.000000,0.056250,0.000000,-0.138466,1,1.13,0.974,-44.915,1.919,-2.653725
1.036000,0.028,0.044587,0.013294,4.261,6.90,0.019892,-0.055902,-0.000870,0.012185,-0.028,0.030,0.028125,-0.006000,0.000000,0.056250,0.000000,-0.138466,1,1.13,0.976,-44.912,1.919,-2.653648
1.038000,0.028,0.045308,0.013654,4.261,6.90,0.019760,-0.055694,-0.000909,0.011295,-0.028,0.030,0.028125,-0.006000,0.000000,0.056250,0.000000,-0.138466,1,1.13,0.978,-44.908,1.919,-2.653567
1.040000,0.028,0.044511,0.013256,4.261,6.90,0.019638,-0.055487,-0.000942,0.011918,-0.028,0.030,0.029687,-0.006000,0.000000,0.059375,0.000000,-0.146159,1,1.14,0.979,-44.905,1.919,-2.653487
1.042000,0.028,0.045275,0.013638,4.261,6.90,0.019510,-0.055277,-0.000989,0.010991,-0.028,0.030,0.029687,-0.006000,0.000000,0.059375,0.000000,-0.146159,1,1.14,0.981,-44.901,1.919,-2.653407
1.044000,0.028,0.044831,0.013415,4.261,6.90,0.019393,-0.055066,-0.001015,0.011250,-0.028,0.030,0.029687,-0.006000,0.000000,0.059375,0.000000,-0.146159,1,1.14,0.983,-44.898,1.919,-2.653329
1.046000,0.027,0.045697,0.013849,4.261,6.90,0.019273,-0.054854,-0.001032,0.010188,-0.028,0.030,0.029687,-0.006000,0.000000,0.059375,0.000000,-0.146159,1,1.14,0.985,-44.895,1.919,-2.653251
1.048000,0.027,0.045728,0.013864,4.261,6.90,0.019165,-0.054641,-0.001076,0.009989,-0.028,0.030,0.029687,-0.006000,0.000000,0.059375,0.000000,-0.146159,1,1.14,0.987,-44.891,1.919,-2.653176
1.050000,0.027,0.045189,0.013594,4.261,6.90,0.019059,-0.054427,-0.001104,0.010342,-0.028,0.030,0.029687,-0.006000,0.000000,0.059375,0.000000,-0.146159,1,1.14,0.988,-44.888,1.919,-2.653101
1.052000,0.027,0.041183,0.011592,4.261,6.90,0.018949,-0.054210,-0.001116,0.014142,-0.028,0.027,0.029687,-0.006000,0.000000,0.059375,0.000000,-0.146159,1,1.14,0.990,-44.884,1.919,-2.653026
1.054000,0.027,0.041879,0.011939,4.261,6.90,0.018802,-0.053985,-0.001159,0.013265,-0.027,0.028,0.029687,-0.006000,0.000000,0.059375,0.000000,-0.146159,1,1.14,0.992,-44.881,1.919,-2.652945
1.056000,0.027,0.042570,0.012285,4.261,6.90,0.018665,-0.053759,-0.001183,0.012372,-0.027,0.028,0.029687,-0.006000,0.000000,0.059375,0.000000,-0.146159,1,1.14,0.994,-44.878,1.919,-2.652865
1.058000,0.027,0.042047,0.012023,4.261,6.90,0.018537,-0.053533,-0.001220,0.012706,-0.027,0.028,0.029687,-0.006000,0.000000,0.059375,0.000000,-0.146159,1,1.14,0.996,-44.874,1.919,-2.652788
1.060000,0.027,0.042994,0.012497,4.261,6.90,0.018407,-0.053304,-0.001282,0.011593,-0.027,0.029,0.029687,-0.006000,0.000000,0.059375,0.000000,-0.146159,1,1.14,0.997,-44.871,1.919,-2.652711
1.062000,0.027,0.044747,0.013374,4.261,6.90,0.018289,-0.053076,-0.001302,0.009631,-0.027,0.030,0.029687,-0.006000,0.000000,0.059375,0.000000,-0.146159,1,1.14,0.999,-44.868,1.919,-2.652636
1.064000,0.026,0.045202,0.013601,4.261,6.90,0.018190,-0.052850,-0.001378,0.009026,-0.027,0.030,0.029687,-0.006000,0.000000,0.059375,0.000000,-0.146159,1,1.14,1.001,-44.864,1.919,-2.652565
1.066000,0.026,0.045404,0.013702,4.261,6.90,0.018099,-0.052622,-0.001406,0.008624,-0.027,0.030,0.029687,-0.006000,0.000000,0.059375,0.000000,-0.146159,1,1.14,1.003,-44.861,1.919,-2.652496
1.068000,0.026,0.044529,0.013265,4.261,6.90,0.018011,-0.052394,-0.001432,0.009296,-0.027,0.030,0.029687,-0.006000,0.000000,0.059375,0.000000,-0.146159,1,1.14,1.004,-44.857,1.919,-2.652428
1.070000,0.026,0.043747,0.012873,4.261,6.90,0.017916,-0.052162,-0.001470,0.009885,-0.027,0.029,0.029687,-0.006000,0.000000,0.059375,0.000000,-0.146159,1,1.14,1.006,-44.854,1.919,-2.652359
1.072000,0.026,0.046715,0.014358,4.261,6.90,0.017815,-0.051926,-0.001797,0.007008,-0.026,0.031,0.029687,-0.006000,0.000000,0.059375,0.000000,-0.146159,1,1.14,1.008,-44.851,1.919,-2.652289
1.074000,0.026,0.044722,0.013361,4.261,6.90,0.017746,-0.051694,-0.001820,0.008793,-0.026,0.030,0.029687,-0.006000,0.000000,0.059375,0.000000,-0.146159,1,1.14,1.010,-44.847,1.919,-2.652225
1.076000,0.026,0.041154,0.011577,4.261,6.90,0.017658,-0.051457,-0.001831,0.012135,-0.026,0.027,0.029687,-0.006000,0.000000,0.059375,0.000000,-0.146159,1,1.14,1.012,-44.844,1.919,-2.652158
1.078000,0.026,0.041761,0.011881,4.261,6.90,0.017536,-0.051212,-0.001873,0.011324,-0.026,0.028,0.029687,-0.006000,0.000000,0.059375,0.000000,-0.146159,1,1.14,1.013,-44.840,1.919,-2.652085
1.080000,0.025,0.041229,-0.006386,4.141,6.90,0.017423,-0.050966,-0.001907,0.011644,-0.026,0.027,0.032812,-0.018000,0.000000,0.065625,0.000000,-0.161544,1,1.14,1.015,-44.837,1.919,-2.652014
1.082000,0.025,0.039173,-0.007413,4.141,6.86,0.016999,-0.050718,-0.001938,0.013482,-0.026,0.026,0.032812,-0.018000,0.000000,0.065625,0.000000,-0.161544,1,1.14,1.017,-44.834,1.910,-2.651884
1.084000,0.025,0.039916,-0.007042,4.141,6.83,0.016511,-0.050470,-0.001976,0.012531,-0.026,0.027,0.032812,-0.018000,0.000000,0.065625,0.000000,-0.161544,1,1.14,1.019,-44.830,1.901,-2.651739
1.086000,0.025,0.041998,-0.006001,4.141,6.81,0.016040,-0.050219,-0.001996,0.010217,-0.026,0.028,0.032812,-0.018000,0.000000,0.065625,0.000000,-0.161544,1,1.14,1.020,-44.827,1.894,-2.651603
1.088000,0.025,0.041534,-0.006233,4.141,6.79,0.015599,-0.049963,-0.002033,0.010462,-0.025,0.028,0.032812,-0.018000,0.000000,0.065625,0.000000,-0.161544,1,1.14,1.022,-44.824,1.888,-2.651477
1.090000,0.025,0.041714,-0.006143,4.141,6.77,0.015162,-0.049695,-0.002078,0.010059,-0.025,0.028,0.032812,-0.018000,0.000000,0.065625,0.000000,-0.161544,1,1.14,1.024,-44.820,1.883,-2.651353
1.092000,0.025,0.041635,-0.006182,4.141,6.76,0.014736,-0.049416,-0.002115,0.009895,-0.025,0.028,0.032812,-0.018000,0.000000,0.065625,0.000000,-0.161544,1,1.14,1.026,-44.817,1.878,-2.651233
1.094000,0.025,0.039286,-0.007357,4.141,6.75,0.014318,-0.049126,-0.002134,0.011974,-0.025,0.026,0.032812,-0.018000,0.000000,0.065625,0.000000,-0.161544,1,1.14,1.028,-44.814,1.874,-2.651116
1.096000,0.024,0.039996,-0.007002,4.141,6.74,0.013884,-0.048822,-0.002168,0.010994,-0.025,0.027,0.032812,-0.018000,0.000000,0.065625,0.000000,-0.161544,1,1.14,1.029,-44.810,1.869,-2.650997
1.098000,0.024,0.039563,-0.007219,4.141,6.73,0.013466,-0.048511,-0.002207,0.011156,-0.025,0.026,0.032812,-0.018000,0.000000,0.065625,0.000000,-0.161544,1,1.14,1.031,-44.807,1.866,-2.650883
1.100000,0.024,0.048541,-0.002730,4.141,6.73,0.013053,-0.048192,0.000000,-0.000349,0.000,0.032,0.032812,-0.018000,0.000000,0.065625,0.000000,-0.161544,1,1.14,1.033,-44.804,1.863,-2.650770
1.102000,0.024,0.044058,-0.004971,4.141,6.73,0.012737,-0.047881,-0.000018,0.003841,0.000,0.029,0.032812,-0.018000,0.000000,0.065625,0.000000,-0.161544,1,1.14,1.034,-44.800,1.860,-2.650676
1.104000,0.024,0.038961,-0.007519,4.141,6.72,0.012383,-0.047558,-0.000034,0.008631,0.000,0.026,0.032812,-0.018000,0.000000,0.065625,0.000000,-0.161544,1,1.14,1.036,-44.797,1.857,-2.650578
1.106000,0.024,0.036878,-0.008561,4.141,6.72,0.011985,-0.047222,-0.000078,0.010422,0.000,0.025,0.032812,-0.018000,0.000000,0.065625,0.000000,-0.161544,1,1.14,1.038,-44.794,1.856,-2.650472
1.108000,0.023,0.032285,-0.010857,4.141,6.72,0.011574,-0.046878,-0.000097,0.014690,-0.024,0.022,0.032812,-0.018000,0.000000,0.065625,0.000000,-0.161544,1,1.14,1.040,-44.791,1.855,-2.650365
1.110000,0.023,0.029194,-0.012403,4.141,6.72,0.011125,-0.046524,-0.000131,0.017461,-0.024,0.019,0.032812,-0.018000,0.000000,0.065625,0.000000,-0.161544,1,1.14,1.041,-44.787,1.854,-2.650252
1.112000,0.023,0.031699,-0.011151,4.141,6.71,0.010655,-0.046164,-0.000191,0.014657,-0.024,0.021,0.032812,-0.018000,0.000000,0.065625,0.000000,-0.161544,1,1.14,1.043,-44.784,1.853,-2.650136
1.114000,0.023,0.030793,-0.011603,4.141,6.71,0.010219,-0.045809,-0.000206,0.015222,-0.024,0.021,0.032812,-0.018000,0.000000,0.065625,0.000000,-0.161544,1,1.14,1.045,-44.781,1.853,-2.650028
1.116000,0.023,0.025256,-0.014372,4.141,6.71,0.009782,-0.045454,-0.000218,0.020415,-0.023,0.017,0.032812,-0.018000,0.000000,0.065625,0.000000,-0.161544,1,1.14,1.047,-44.777,1.854,-2.649921
1.118000,0.023,0.020263,-0.016868,4.141,6.71,0.009299,-0.045090,-0.000227,0.025054,-0.023,0.014,0.032812,-0.018000,0.000000,0.065625,0.000000,-0.161544,1,1.14,1.048,-44.774,1.854,-2.649807
1.120000,0.022,0.021027,-0.016487,4.141,6.71,0.008776,-0.044720,-0.000288,0.023982,-0.023,0.014,0.032812,-0.018000,0.000000,0.065625,0.000000,-0.161544,1,1.14,1.050,-44.771,1.855,-2.649688
1.122000,0.022,0.022026,-0.015987,4.141,6.71,0.008271,-0.044354,-0.000563,0.022891,-0.023,0.015,0.032812,-0.018000,0.000000,0.065625,0.000000,-0.161544,1,1.14,1.052,-44.768,1.856,-2.649572
1.124000,0.022,0.023867,-0.015066,4.141,6.71,0.007785,-0.043994,-0.000588,0.020714,-0.023,0.016,0.032812,-0.018000,0.000000,0.065625,0.000000,-0.161544,1,1.14,1.054,-44.764,1.857,-2.649462
1.126000,0.022,0.027756,-0.013122,4.141,6.71,0.007328,-0.043640,-0.000616,0.016500,-0.023,0.019,0.032812,-0.018000,0.000000,0.065625,0.000000,-0.161544,1,1.14,1.055,-44.761,1.858,-2.649358
1.128000,0.022,0.034787,-0.009606,4.141,6.71,0.006919,-0.043297,-0.000663,0.009172,-0.022,0.023,0.032812,-0.018000,0.000000,0.065625,0.000000,-0.161544,1,1.14,1.057,-44.758,1.860,-2.649264
1.130000,0.021,0.033523,-0.010238,4.141,6.71,0.006589,-0.042969,-0.000693,0.010139,-0.022,0.022,0.032812,-0.018000,0.000000,0.065625,0.000000,-0.161544,1,1.14,1.059,-44.754,1.861,-2.649185
1.132000,0.021,0.031060,-0.011470,4.141,6.71,0.006252,-0.042642,-0.000721,0.012304,-0.022,0.021,0.032812,-0.018000,0.000000,0.065625,0.000000,-0.161544,1,1.14,1.060,-44.751,1.862,-2.649107
1.134000,0.021,0.030137,-0.011931,4.141,6.71,0.005898,-0.042313,-0.000740,0.012916,-0.022,0.020,0.032812,-0.018000,0.000000,0.065625,0.000000,-0.161544,1,1.14,1.062,-44.748,1.863,-2.649026
1.136000,0.021,0.027261,-0.013369,4.141,6.71,0.005541,-0.041985,-0.000753,0.015476,-0.022,0.018,0.032812,-0.018000,0.000000,0.065625,0.000000,-0.161544,1,1.14,1.064,-44.744,1.864,-2.648947
1.138000,0.021,0.026596,-0.013702,4.141,6.71,0.005163,-0.041653,-0.000788,0.015845,-0.021,0.018,0.032812,-0.018000,0.000000,0.065625,0.000000,-0.161544,1,1.14,1.066,-44.741,1.865,-2.648864
1.140000,0.021,0.024250,-0.014875,4.141,6.71,0.004786,-0.041322,-0.000804,0.017876,-0.021,0.016,0.035937,-0.018000,0.000000,0.071875,0.000000,-0.176929,1,1.14,1.067,-44.738,1.866,-2.648782
1.142000,0.020,0.021281,-0.016360,4.141,6.71,0.004392,-0.040988,-0.000817,0.020524,-0.021,0.014,0.035937,-0.018000,0.000000,0.071875,0.000000,-0.176929,1,1.14,1.069,-44.735,1.866,-2.648699
1.144000,0.020,0.022680,-0.015660,4.141,6.71,0.003977,-0.040650,-0.000850,0.018820,-0.021,0.015,0.035937,-0.018000,0.000000,0.071875,0.000000,-0.176929,1,1.14,1.071,-44.731,1.867,-2.648613
1.146000,0.020,0.024731,-0.014635,4.141,6.71,0.003585,-0.040316,-0.000873,0.016458,-0.021,0.016,0.035937,-0.018000,0.000000,0.071875,0.000000,-0.176929,1,1.14,1.073,-44.728,1.868,-2.648531
1.148000,0.020,0.019695,-0.017153,4.141,6.71,0.003220,-0.039986,-0.000883,0.021174,-0.021,0.013,0.035937,-0.018000,0.000000,0.071875,0.000000,-0.176929,1,1.14,1.074,-44.725,1.868,-2.648456
1.150000,0.020,0.016258,-0.018871,4.141,6.71,0.002813,-0.039648,-0.000892,0.024282,-0.020,0.011,0.035937,-0.018000,0.000000,0.071875,0.000000,-0.176929,1,1.14,1.076,-44.721,1.868,-2.648375
1.152000,0.020,0.019138,-0.017431,4.141,6.71,0.002379,-0.039304,-0.000927,0.021093,-0.020,0.013,0.035937,-0.018000,0.000000,0.071875,0.000000,-0.176929,1,1.14,1.078,-44.718,1.868,-2.648290
1.154000,0.019,0.018243,-0.017878,4.141,6.71,0.001983,-0.038966,-0.000952,0.021674,-0.020,0.012,0.035937,-0.018000,0.000000,0.071875,0.000000,-0.176929,1,1.14,1.079,-44.715,1.869,-2.648212
1.156000,0.019,0.018218,-0.017891,4.141,6.71,0.001586,-0.038626,-0.000976,0.021384,-0.020,0.012,0.035937,-0.018000,0.000000,0.071875,0.000000,-0.176929,1,1.14,1.081,-44.711,1.869,-2.648136
1.158000,0.019,0.020462,-0.016769,4.141,6.71,0.001196,-0.038285,-0.000992,0.018816,-0.020,0.014,0.035937,-0.018000,0.000000,0.071875,0.000000,-0.176929,1,1.14,1.083,-44.708,1.868,-2.648062
1.160000,0.019,0.023056,-0.015472,4.141,6.71,0.000837,-0.037948,-0.001006,0.015899,-0.020,0.015,0.035937,-0.018000,0.000000,0.071875,0.000000,-0.176929,1,1.14,1.085,-44.705,1.868,-2.647995
1.162000,0.019,0.022904,-0.015548,4.141,6.71,0.000510,-0.037616,-0.001042,0.015753,-0.019,0.015,0.035937,-0.018000,0.000000,0.071875,0.000000,-0.176929,1,1.14,1.086,-44.701,1.868,-2.647935
1.164000,0.019,0.021627,-0.016187,4.141,6.71,0.000189,-0.037281,-0.001059,0.016713,-0.019,0.014,0.035937,-0.018000,0.000000,0.071875,0.000000,-0.176929,1,1.14,1.088,-44.698,1.868,-2.647877
1.166000,0.018,0.017806,-0.018097,4.141,6.71,-0.000138,-0.036944,-0.001069,0.020207,-0.019,0.012,0.035937,-0.018000,0.000000,0.071875,0.000000,-0.176929,1,1.14,1.090,-44.695,1.868,-2.647818
1.168000,0.018,0.019163,-0.017418,4.141,6.71,-0.000497,-0.036599,-0.001095,0.018530,-0.019,0.013,0.035937,-0.018000,0.000000,0.071875,0.000000,-0.176929,1,1.14,1.092,-44.692,1.867,-2.647755
1.170000,0.018,0.019964,-0.017018,4.141,6.71,-0.000836,-0.036254,-0.001113,0.017403,-0.019,0.013,0.035937,-0.018000,0.000000,0.071875,0.000000,-0.176929,1,1.14,1.093,-44.688,1.867,-2.647697
1.172000,0.018,0.018799,-0.017601,4.141,6.71,-0.001159,-0.035910,-0.001137,0.018248,-0.019,0.013,0.035937,-0.018000,0.000000,0.071875,0.000000,-0.176929,1,1.14,1.095,-44.685,1.867,-2.647642
1.174000,0.018,0.022043,-0.015978,4.141,6.71,-0.001488,-0.035563,-0.001368,0.014887,-0.018,0.015,0.035937,-0.018000,0.000000,0.071875,0.000000,-0.176929,1,1.14,1.097,-44.682,1.866,-2.647587
1.176000,0.018,0.026721,-0.013640,4.141,6.71,-0.001778,-0.035220,-0.001418,0.009918,-0.018,0.018,0.035937,-0.018000,0.000000,0.071875,0.000000,-0.176929,1,1.14,1.098,-44.678,1.866,-2.647540
1.178000,0.017,0.022708,-0.015646,4.141,6.71,-0.002016,-0.034884,-0.001428,0.013604,-0.018,0.015,0.035937,-0.018000,0.000000,0.071875,0.000000,-0.176929,1,1.14,1.100,-44.675,1.866,-2.647503
1.180000,0.017,0.022963,-0.015519,4.141,6.71,-0.002288,-0.034540,-0.001449,0.013026,-0.018,0.015,0.039062,-0.018000,0.000000,0.078125,0.000000,-0.192314,1,1.14,1.102,-44.672,1.866,-2.647461
1.182000,0.017,0.022944,-0.015528,4.141,6.71,-0.002553,-0.034194,-0.001475,0.012725,-0.018,0.015,0.039062,-0.018000,0.000000,0.078125,0.000000,-0.192314,1,1.14,1.104,-44.668,1.865,-2.647422
1.184000,0.017,0.021460,-0.016270,4.141,6.71,-0.002812,-0.033847,-0.001515,0.013903,-0.018,0.014,0.039062,-0.018000,0.000000,0.078125,0.000000,-0.192314,1,1.14,1.105,-44.665,1.865,-2.647383
1.186000,0.017,0.018920,-0.017540,4.141,6.71,-0.003081,-0.033496,-0.001532,0.016108,-0.017,0.013,0.039062,-0.018000,0.000000,0.078125,0.000000,-0.192314,1,1.14,1.107,-44.662,1.865,-2.647344
1.188000,0.017,0.016138,-0.018931,4.141,6.71,-0.003371,-0.033140,-0.001539,0.018541,-0.017,0.011,0.039062,-0.018000,0.000000,0.078125,0.000000,-0.192314,1,1.14,1.109,-44.658,1.865,-2.647302
1.190000,0.016,0.016325,-0.018837,4.141,6.71,-0.003682,-0.032777,-0.001565,0.018017,-0.017,0.011,0.039062,-0.018000,0.000000,0.078125,0.000000,-0.192314,1,1.14,1.110,-44.655,1.865,-2.647257
1.192000,0.016,0.014887,-0.019556,4.141,6.71,-0.003985,-0.032413,-0.001582,0.019109,-0.017,0.010,0.039062,-0.018000,0.000000,0.078125,0.000000,-0.192314,1,1.14,1.112,-44.652,1.865,-2.647214
1.194000,0.016,0.012445,-0.020778,4.141,6.71,-0.004296,-0.032046,-0.001599,0.021201,-0.017,0.008,0.039062,-0.018000,0.000000,0.078125,0.000000,-0.192314,1,1.14,1.114,-44.648,1.865,-2.647171
1.196000,0.016,0.007093,-0.023453,4.141,6.71,-0.004626,-0.031675,-0.001606,0.026187,-0.017,0.005,0.039062,-0.018000,0.000000,0.078125,0.000000,-0.192314,1,1.14,1.115,-44.645,1.865,-2.647125
1.198000,0.016,0.012236,-0.020882,4.141,6.71,-0.005002,-0.031293,-0.001626,0.020683,-0.016,0.008,0.039062,-0.018000,0.000000,0.078125,0.000000,-0.192314,1,1.14,1.117,-44.642,1.865,-2.647072
1.200000,0.015,0.031130,-0.011435,4.141,6.71,-0.005320,-0.030919,0.000000,-0.000211,0.000,0.021,0.039062,-0.018000,0.000000,0.078125,0.000000,-0.192314,1,1.14,1.119,-44.638,1.865,-2.647029
1.202000,0.015,0.028811,-0.012595,4.141,6.71,-0.005443,-0.030579,-0.000026,0.001794,0.000,0.019,0.039062,-0.018000,0.000000,0.078125,0.000000,-0.192314,1,1.14,1.121,-44.635,1.865,-2.647022
1.204000,0.015,0.025916,-0.014042,4.141,6.71,-0.005586,-0.030234,-0.000046,0.004364,0.000,0.017,0.039062,-0.018000,0.000000,0.078125,0.000000,-0.192314,1,1.14,1.122,-44.632,1.865,-2.647014
1.206000,0.015,0.023808,-0.015096,4.141,6.71,-0.005755,-0.029882,-0.000076,0.006150,0.000,0.016,0.039062,-0.018000,0.000000,0.078125,0.000000,-0.192314,1,1.14,1.124,-44.629,1.865,-2.647001
1.208000,0.015,0.021729,-0.016136,4.141,6.71,-0.005942,-0.029525,-0.000106,0.007902,-0.015,0.014,0.039062,-0.018000,0.000000,0.078125,0.000000,-0.192314,1,1.14,1.126,-44.625,1.865,-2.646986
1.210000,0.015,0.017096,-0.018452,4.141,6.71,-0.006145,-0.029163,-0.000119,0.012185,-0.015,0.011,0.039062,-0.018000,0.000000,0.078125,0.000000,-0.192314,1,1.14,1.127,-44.622,1.865,-2.646967
1.212000,0.014,0.015271,-0.019365,4.141,6.71,-0.006392,-0.028791,-0.000134,0.013654,-0.015,0.010,0.039062,-0.018000,0.000000,0.078125,0.000000,-0.192314,1,1.14,1.129,-44.619,1.865,-2.646942
1.214000,0.014,0.015250,-0.019375,4.141,6.71,-0.006651,-0.028414,-0.000158,0.013322,-0.015,0.010,0.039062,-0.018000,0.000000,0.078125,0.000000,-0.192314,1,1.14,1.131,-44.615,1.865,-2.646915
1.216000,0.014,0.013306,-0.020347,4.141,6.71,-0.006905,-0.028036,-0.000174,0.014904,-0.015,0.009,0.039062,-0.018000,0.000000,0.078125,0.000000,-0.192314,1,1.14,1.132,-44.612,1.865,-2.646889
1.218000,0.014,0.011590,-0.021205,4.141,6.71,-0.007174,-0.027654,-0.000191,0.016255,-0.015,0.008,0.039062,-0.018000,0.000000,0.078125,0.000000,-0.192314,1,1.14,1.134,-44.609,1.865,-2.646862
1.220000,0.014,0.011651,-0.021175,4.141,6.71,-0.007455,-0.027268,-0.000205,0.015823,-0.014,0.008,0.039062,-0.018000,0.000000,0.078125,0.000000,-0.192314,1,1.14,1.136,-44.605,1.865,-2.646832
1.222000,0.013,0.011490,-0.021255,4.141,6.71,-0.007729,-0.026881,-0.000221,0.015612,-0.014,0.008,0.039062,-0.018000,0.000000,0.078125,0.000000,-0.192314,1,1.14,1.138,-44.602,1.865,-2.646806
1.224000,0.013,0.013216,-0.020392,4.141,6.71,-0.008000,-0.026493,-0.000394,0.013672,-0.014,0.009,0.039062,-0.018000,0.000000,0.078125,0.000000,-0.192314,1,1.14,1.139,-44.599,1.865,-2.646780
1.226000,0.013,0.013144,-0.020428,4.141,6.71,-0.008248,-0.026108,-0.000410,0.013374,-0.014,0.009,0.039062,-0.018000,0.000000,0.078125,0.000000,-0.192314,1,1.14,1.141,-44.595,1.865,-2.646759
1.228000,0.013,0.005850,-0.024075,4.141,6.71,-0.008491,-0.025721,-0.000415,0.020286,-0.014,0.004,0.039062,-0.018000,0.000000,0.078125,0.000000,-0.192314,1,1.14,1.143,-44.592,1.865,-2.646740
1.230000,0.013,0.006578,-0.023711,4.141,6.71,-0.008803,-0.025320,-0.000435,0.019178,-0.013,0.004,0.039062,-0.018000,0.000000,0.078125,0.000000,-0.192314,1,1.14,1.144,-44.589,1.866,-2.646709
1.232000,0.012,0.005301,-0.024350,4.141,6.71,-0.009101,-0.024919,-0.000447,0.020066,-0.013,0.004,0.039062,-0.018000,0.000000,0.078125,0.000000,-0.192314,1,1.14,1.146,-44.585,1.866,-2.646682
1.234000,0.012,0.001595,-0.026202,4.141,6.71,-0.009406,-0.024515,-0.000461,0.023381,-0.013,0.001,0.039062,-0.018000,0.000000,0.078125,0.000000,-0.192314,1,1.14,1.148,-44.582,1.866,-2.646654
1.236000,0.012,0.001242,-0.026379,4.141,6.71,-0.009742,-0.024104,-0.000478,0.023340,-0.013,0.001,0.039062,-0.018000,0.000000,0.078125,0.000000,-0.192314,1,1.14,1.149,-44.579,1.866,-2.646621
1.238000,0.012,0.003484,-0.025258,4.141,6.71,-0.010075,-0.023691,-0.000484,0.020692,-0.013,0.002,0.039062,-0.018000,0.000000,0.078125,0.000000,-0.192314,1,1.14,1.151,-44.575,1.866,-2.646590
1.240000,0.012,0.000919,-0.026540,4.141,6.71,-0.010378,-0.023282,-0.000494,0.022857,-0.012,0.001,0.043750,-0.018000,0.000000,0.087500,0.000000,-0.215392,1,1.14,1.153,-44.572,1.866,-2.646565
1.242000,0.011,0.001304,-0.026348,4.141,6.71,-0.010702,-0.022868,-0.000508,0.022072,-0.012,0.001,0.043750,-0.018000,0.000000,0.087500,0.000000,-0.215392,1,1.14,1.154,-44.569,1.866,-2.646537
1.244000,0.011,0.001380,-0.026310,4.141,6.71,-0.011015,-0.022453,-0.000523,0.021596,-0.012,0.001,0.043750,-0.018000,0.000000,0.087500,0.000000,-0.215392,1,1.14,1.156,-44.565,1.866,-2.646513
1.246000,0.011,-0.000969,-0.027485,4.141,6.71,-0.011321,-0.022037,-0.000532,0.023539,-0.012,0.001,0.043750,-0.018000,0.000000,0.087500,0.000000,-0.215392,1,1.14,1.158,-44.562,1.866,-2.646490
1.248000,0.011,0.003115,-0.025442,4.141,6.71,-0.011644,-0.021617,-0.000548,0.019050,-0.012,0.002,0.043750,-0.018000,0.000000,0.087500,0.000000,-0.215392,1,1.14,1.160,-44.559,1.866,-2.646465
1.250000,0.011,0.003720,-0.025140,4.141,6.71,-0.011920,-0.021203,-0.000560,0.018043,-0.011,0.002,0.043750,-0.018000,0.000000,0.087500,0.000000,-0.215392,1,1.14,1.161,-44.555,1.866,-2.646449
1.252000,0.010,-0.001954,-0.027977,4.141,6.71,-0.012184,-0.020789,-0.000565,0.023308,-0.011,0.001,0.043750,-0.018000,0.000000,0.087500,0.000000,-0.215392,1,1.14,1.163,-44.552,1.866,-2.646436
1.254000,0.010,-0.001984,-0.027992,4.141,6.71,-0.012500,-0.020363,-0.000581,0.022928,-0.011,0.001,0.043750,-0.018000,0.000000,0.087500,0.000000,-0.215392,1,1.14,1.165,-44.549,1.866,-2.646416
1.256000,0.010,-0.001683,-0.027841,4.141,6.71,-0.012810,-0.019937,-0.000591,0.022210,-0.011,0.001,0.043750,-0.018000,0.000000,0.087500,0.000000,-0.215392,1,1.14,1.166,-44.545,1.866,-2.646397
1.258000,0.010,-0.001812,-0.027906,4.141,6.71,-0.013111,-0.019509,-0.000607,0.021928,-0.011,0.001,0.043750,-0.018000,0.000000,0.087500,0.000000,-0.215392,1,1.14,1.168,-44.542,1.866,-2.646380
1.260000,0.010,-0.003328,-0.028664,4.141,6.71,-0.013406,-0.019081,-0.000615,0.023024,-0.010,0.002,0.043750,-0.018000,0.000000,0.087500,0.000000,-0.215392,1,1.14,1.170,-44.539,1.866,-2.646365
1.262000,0.009,0.002192,-0.025904,4.141,6.71,-0.013712,-0.018649,-0.000630,0.017087,-0.010,0.001,0.043750,-0.018000,0.000000,0.087500,0.000000,-0.215392,1,1.14,1.171,-44.535,1.866,-2.646349
1.264000,0.009,0.003029,-0.025485,4.141,6.71,-0.013956,-0.018225,-0.000656,0.015852,-0.010,0.002,0.043750,-0.018000,0.000000,0.087500,0.000000,-0.215392,1,1.14,1.173,-44.532,1.866,-2.646345
1.266000,0.009,0.000717,-0.026641,4.141,6.71,-0.014186,-0.017802,-0.000662,0.017747,-0.010,0.000,0.043750,-0.018000,0.000000,0.087500,0.000000,-0.215392,1,1.14,1.175,-44.529,1.866,-2.646344
1.268000,0.009,-0.006026,-0.030013,4.141,6.71,-0.014435,-0.017374,-0.000666,0.024065,-0.010,0.004,0.043750,-0.018000,0.000000,0.087500,0.000000,-0.215392,1,1.14,1.176,-44.526,1.866,-2.646341
1.270000,0.008,-0.005660,-0.029830,4.141,6.71,-0.014747,-0.016931,-0.000675,0.023267,-0.009,0.004,0.043750,-0.018000,0.000000,0.087500,0.000000,-0.215392,1,1.14,1.178,-44.522,1.866,-2.646328
1.272000,0.008,-0.004955,-0.029477,4.141,6.71,-0.015048,-0.016488,-0.000699,0.022142,-0.009,0.003,0.043750,-0.018000,0.000000,0.087500,0.000000,-0.215392,1,1.14,1.180,-44.519,1.866,-2.646317
1.274000,0.008,-0.004095,-0.029048,4.141,6.71,-0.015337,-0.016047,-0.000806,0.020949,-0.009,0.003,0.043750,-0.018000,0.000000,0.087500,0.000000,-0.215392,1,1.14,1.181,-44.516,1.866,-2.646308
1.276000,0.008,-0.001113,-0.027557,4.141,6.71,-0.015611,-0.015609,-0.000819,0.017541,-0.009,0.001,0.043750,-0.018000,0.000000,0.087500,0.000000,-0.215392,1,1.14,1.183,-44.512,1.867,-2.646303
1.278000,0.008,-0.000844,-0.027422,4.141,6.71,-0.015850,-0.015177,-0.000823,0.016843,-0.008,0.001,0.043750,-0.018000,0.000000,0.087500,0.000000,-0.215392,1,1.14,1.185,-44.509,1.868,-2.646306
1.280000,0.007,-0.001362,-0.027681,4.141,6.71,-0.016082,-0.014745,-0.000831,0.016938,-0.008,0.001,0.046875,-0.018000,0.000000,0.093750,0.000000,-0.230777,1,1.14,1.186,-44.506,1.868,-2.646310
1.282000,0.007,-0.005683,-0.029841,4.141,6.71,-0.016314,-0.014311,-0.000836,0.020830,-0.008,0.004,0.046875,-0.018000,0.000000,0.093750,0.000000,-0.230777,1,1.14,1.188,-44.502,1.868,-2.646315
1.284000,0.007,-0.009038,-0.031519,4.141,6.71,-0.016584,-0.013868,-0.000846,0.023751,-0.008,0.006,0.046875,-0.018000,0.000000,0.093750,0.000000,-0.230777,1,1.14,1.190,-44.499,1.867,-2.646314
1.286000,0.007,-0.009302,-0.031651,4.141,6.71,-0.016883,-0.013417,-0.000857,0.023577,-0.008,0.006,0.046875,-0.018000,0.000000,0.093750,0.000000,-0.230777,1,1.14,1.191,-44.496,1.867,-2.646309
1.288000,0.006,-0.004580,-0.029290,4.141,6.71,-0.017178,-0.012966,-0.000867,0.018413,-0.007,0.003,0.046875,-0.018000,0.000000,0.093750,0.000000,-0.230777,1,1.14,1.193,-44.492,1.867,-2.646304
1.290000,0.006,-0.008873,-0.031437,4.141,6.71,-0.017421,-0.012521,-0.000871,0.022265,-0.007,0.006,0.046875,-0.018000,0.000000,0.093750,0.000000,-0.230777,1,1.14,1.195,-44.489,1.867,-2.646310
1.292000,0.006,-0.007450,-0.030725,4.141,6.71,-0.017701,-0.012069,-0.000878,0.020398,-0.007,0.005,0.046875,-0.018000,0.000000,0.093750,0.000000,-0.230777,1,1.14,1.196,-44.486,1.866,-2.646310
1.294000,0.006,-0.008325,-0.031163,4.141,6.71,-0.017961,-0.011619,-0.000885,0.020830,-0.007,0.006,0.046875,-0.018000,0.000000,0.093750,0.000000,-0.230777,1,1.14,1.198,-44.482,1.866,-2.646314
1.296000,0.006,-0.009386,-0.031693,4.141,6.71,-0.018225,-0.011168,-0.000893,0.021446,-0.006,0.006,0.046875,-0.018000,0.000000,0.093750,0.000000,-0.230777,1,1.14,1.200,-44.479,1.866,-2.646319
1.298000,0.005,-0.009520,-0.031760,4.141,6.71,-0.018495,-0.010714,-0.000902,0.021136,-0.006,0.006,0.046875,-0.018000,0.000000,0.093750,0.000000,-0.230777,1,1.14,1.201,-44.475,1.866,-2.646323
1.300000,0.005,0.010327,-0.021837,4.141,6.71,-0.018760,-0.010261,0.000000,-0.000066,0.000,0.007,0.046875,-0.018000,0.000000,0.093750,0.000000,-0.230777,1,1.14,1.203,-44.472,1.866,-2.646328
1.302000,0.005,0.001521,-0.026239,4.141,6.71,-0.018822,-0.009843,-0.000002,0.008324,0.000,0.001,0.046875,-0.018000,0.000000,0.093750,0.000000,-0.230777,1,1.14,1.205,-44.469,1.865,-2.646370
1.304000,0.005,-0.001629,-0.027814,4.141,6.71,-0.018970,-0.009411,-0.000010,0.011050,0.000,0.001,0.046875,-0.018000,0.000000,0.093750,0.000000,-0.230777,1,1.14,1.206,-44.465,1.865,-2.646399
1.306000,0.004,-0.005041,-0.029521,4.141,6.71,-0.019147,-0.008972,-0.000017,0.014029,0.000,0.003,0.046875,-0.018000,0.000000,0.093750,0.000000,-0.230777,1,1.14,1.208,-44.462,1.865,-2.646422
1.308000,0.004,-0.009501,-0.031751,4.141,6.71,-0.019354,-0.008527,-0.000021,0.018049,-0.005,0.006,0.046875,-0.018000,0.000000,0.093750,0.000000,-0.230777,1,1.14,1.210,-44.459,1.865,-2.646441
1.310000,0.004,-0.012857,-0.033429,4.141,6.71,-0.019602,-0.008074,-0.000028,0.020959,-0.005,0.009,0.046875,-0.018000,0.000000,0.093750,0.000000,-0.230777,1,1.14,1.211,-44.455,1.865,-2.646452
1.312000,0.004,-0.008462,-0.031231,4.141,6.71,-0.019878,-0.007616,-0.000033,0.016110,-0.005,0.006,0.046875,-0.018000,0.000000,0.093750,0.000000,-0.230777,1,1.14,1.213,-44.452,1.865,-2.646459
1.314000,0.004,-0.008881,-0.031440,4.141,6.71,-0.020106,-0.007166,-0.000039,0.016086,-0.004,0.006,0.046875,-0.018000,0.000000,0.093750,0.000000,-0.230777,1,1.14,1.215,-44.449,1.865,-2.646475
1.316000,0.003,-0.012403,-0.033201,4.141,6.71,-0.020332,-0.006718,-0.000041,0.019162,-0.004,0.008,0.046875,-0.018000,0.000000,0.093750,0.000000,-0.230777,1,1.14,1.216,-44.445,1.866,-2.646492
1.318000,0.003,-0.017860,-0.035930,4.141,6.71,-0.020590,-0.006265,-0.000043,0.024168,-0.004,0.012,0.046875,-0.018000,0.000000,0.093750,0.000000,-0.230777,1,1.14,1.218,-44.442,1.866,-2.646504
1.320000,0.003,-0.018453,-0.036227,4.141,6.71,-0.020896,-0.005803,-0.000047,0.024304,-0.004,0.012,0.046875,-0.018000,0.000000,0.093750,0.000000,-0.230777,1,1.14,1.220,-44.439,1.866,-2.646508
1.322000,0.003,-0.019276,-0.036638,4.141,6.71,-0.021203,-0.005342,-0.000050,0.024669,-0.004,0.013,0.046875,-0.018000,0.000000,0.093750,0.000000,-0.230777,1,1.14,1.221,-44.435,1.866,-2.646513
1.324000,0.002,-0.017363,-0.035681,4.141,6.71,-0.021511,-0.004882,-0.000082,0.022326,-0.003,0.012,0.046875,-0.018000,0.000000,0.093750,0.000000,-0.230777,1,1.14,1.223,-44.432,1.866,-2.646518
1.326000,0.002,-0.016978,-0.035489,4.141,6.71,-0.021795,-0.004425,-0.000084,0.021487,-0.003,0.011,0.046875,-0.018000,0.000000,0.093750,0.000000,-0.230777,1,1.14,1.225,-44.429,1.866,-2.646527
1.328000,0.002,-0.010689,-0.032345,4.141,6.71,-0.022069,-0.003970,-0.000087,0.014747,-0.003,0.007,0.046875,-0.018000,0.000000,0.093750,0.000000,-0.230777,1,1.14,1.226,-44.425,1.866,-2.646537
1.330000,0.002,-0.013780,-0.033890,4.141,6.71,-0.022274,-0.003526,-0.000089,0.017396,-0.003,0.009,0.046875,-0.018000,0.000000,0.093750,0.000000,-0.230777,1,1.14,1.228,-44.422,1.866,-2.646558
1.332000,0.002,-0.018553,-0.036276,4.141,6.71,-0.022507,-0.003082,-0.000090,0.021724,-0.002,0.012,0.046875,-0.018000,0.000000,0.093750,0.000000,-0.230777,1,1.14,1.230,-44.419,1.866,-2.646577
1.334000,0.001,-0.023305,-0.038653,4.141,6.71,-0.022782,-0.002634,-0.000091,0.026030,-0.002,0.016,0.046875,-0.018000,0.000000,0.093750,0.000000,-0.230777,1,1.14,1.231,-44.415,1.866,-2.646592
1.336000,0.001,-0.020116,-0.037058,4.141,6.71,-0.023099,-0.002179,-0.000094,0.022390,-0.002,0.013,0.046875,-0.018000,0.000000,0.093750,0.000000,-0.230777,1,1.14,1.233,-44.412,1.866,-2.646601
1.338000,0.001,-0.022996,-0.038498,4.141,6.71,-0.023378,-0.001733,-0.000095,0.024824,-0.002,0.015,0.046875,-0.018000,0.000000,0.093750,0.000000,-0.230777,1,1.14,1.235,-44.409,1.866,-2.646616
1.340000,0.001,-0.025809,-0.039905,4.141,6.71,-0.023681,-0.001285,-0.000095,0.027189,-0.002,0.017,0.051562,-0.018000,0.000000,0.103125,0.000000,-0.253855,1,1.14,1.236,-44.405,1.866,-2.646629
1.342000,0.000,-0.025684,-0.039842,4.141,6.71,-0.024005,-0.000834,-0.000096,0.026613,-0.001,0.017,0.051562,-0.018000,0.000000,0.103125,0.000000,-0.253855,1,1.14,1.238,-44.402,1.866,-2.646639
1.344000,0.000,-0.025945,-0.039972,4.141,6.71,-0.024322,-0.000386,-0.000096,0.026426,-0.001,0.017,0.051562,-0.018000,0.000000,0.103125,0.000000,-0.253855,1,1.14,1.240,-44.399,1.866,-2.646651
1.346000,-0.000,-0.029806,-0.041903,4.141,6.71,-0.024635,0.000059,-0.000096,0.029842,-0.001,0.020,0.051562,-0.018000,0.000000,0.103125,0.000000,-0.253855,1,1.14,1.241,-44.395,1.866,-2.646664
1.348000,-0.000,-0.027380,-0.040690,4.141,6.71,-0.024980,0.000508,-0.000095,0.026966,-0.001,0.018,0.051562,-0.018000,0.000000,0.103125,0.000000,-0.253855,1,1.14,1.243,-44.392,1.866,-2.646672
1.350000,-0.000,-0.024577,-0.039288,4.141,6.71,-0.025294,0.000950,-0.000095,0.023722,-0.000,0.016,0.051562,-0.018000,0.000000,0.103125,0.000000,-0.253855,1,1.14,1.245,-44.389,1.866,-2.646687
1.352000,-0.001,-0.020081,-0.037041,4.141,6.71,-0.025574,0.001382,-0.000094,0.018792,-0.000,0.013,0.051562,-0.018000,0.000000,0.103125,0.000000,-0.253855,1,1.14,1.246,-44.385,1.866,-2.646708
1.354000,-0.001,-0.019032,-0.036516,4.141,6.71,-0.025804,0.001803,-0.000092,0.017321,0.000,0.013,0.051562,-0.018000,0.000000,0.103125,0.000000,-0.253855,1,1.14,1.248,-44.382,1.866,-2.646740
1.356000,-0.001,-0.024213,-0.039107,4.141,6.71,-0.026018,0.002219,-0.000092,0.022086,0.000,0.016,0.051562,-0.018000,0.000000,0.103125,0.000000,-0.253855,1,1.14,1.250,-44.379,1.866,-2.646775
1.358000,-0.001,-0.025555,-0.039778,4.141,6.71,-0.026280,0.002641,-0.000090,0.023004,0.000,0.017,0.051562,-0.018000,0.000000,0.103125,0.000000,-0.253855,1,1.14,1.251,-44.375,1.866,-2.646803
1.360000,-0.002,-0.026264,-0.040132,4.141,6.71,-0.026550,0.003062,-0.000089,0.023291,0.001,0.018,0.051562,-0.018000,0.000000,0.103125,0.000000,-0.253855,1,1.14,1.253,-44.372,1.866,-2.646830
1.362000,-0.002,-0.026434,-0.040217,4.141,6.71,-0.026821,0.003480,-0.000086,0.023039,0.001,0.018,0.051562,-0.018000,0.000000,0.103125,0.000000,-0.253855,1,1.14,1.255,-44.369,1.866,-2.646857
1.364000,-0.002,-0.029358,-0.041679,4.141,6.71,-0.027089,0.003895,-0.000084,0.025547,0.001,0.020,0.051562,-0.018000,0.000000,0.103125,0.000000,-0.253855,1,1.14,1.256,-44.365,1.866,-2.646885
1.366000,-0.002,-0.027129,-0.040564,4.141,6.71,-0.027381,0.004312,-0.000083,0.022900,0.001,0.018,0.051562,-0.018000,0.000000,0.103125,0.000000,-0.253855,1,1.14,1.258,-44.362,1.866,-2.646910
1.368000,-0.002,-0.027446,-0.040723,4.141,6.71,-0.027645,0.004721,-0.000079,0.022804,0.002,0.018,0.051562,-0.018000,0.000000,0.103125,0.000000,-0.253855,1,1.14,1.260,-44.359,1.866,-2.646940
1.370000,-0.003,-0.026568,-0.040284,4.141,6.71,-0.027906,0.005126,-0.000076,0.021519,0.002,0.018,0.051562,-0.018000,0.000000,0.103125,0.000000,-0.253855,1,1.14,1.261,-44.355,1.866,-2.646972
1.372000,-0.003,-0.033491,-0.043746,4.141,6.71,-0.028154,0.005526,-0.000075,0.028041,0.002,0.022,0.051562,-0.018000,0.000000,0.103125,0.000000,-0.253855,1,1.14,1.263,-44.352,1.866,-2.647007
1.374000,-0.003,-0.028748,-0.041374,4.141,6.71,-0.028465,0.005933,-0.000038,0.022853,0.002,0.019,0.051562,-0.018000,0.000000,0.103125,0.000000,-0.253855,1,1.14,1.265,-44.349,1.866,-2.647032
1.376000,-0.003,-0.023486,-0.038743,4.141,6.71,-0.028724,0.006329,-0.000029,0.017187,0.002,0.016,0.051562,-0.018000,0.000000,0.103125,0.000000,-0.253855,1,1.14,1.266,-44.345,1.866,-2.647066
1.378000,-0.003,-0.026726,-0.040363,4.141,6.71,-0.028924,0.006710,-0.000027,0.020043,0.003,0.018,0.051562,-0.018000,0.000000,0.103125,0.000000,-0.253855,1,1.14,1.268,-44.342,1.866,-2.647112
1.380000,-0.004,-0.030538,-0.042269,4.141,6.71,-0.029153,0.007093,-0.000025,0.023470,0.003,0.020,0.054688,-0.018000,0.000000,0.109375,0.000000,-0.269240,1,1.15,1.270,-44.339,1.866,-2.647154
1.382000,-0.004,-0.024672,-0.039336,4.141,6.71,-0.029415,0.007478,-0.000020,0.017214,0.003,0.016,0.054688,-0.018000,0.000000,0.109375,0.000000,-0.269240,1,1.15,1.271,-44.335,1.866,-2.647190
1.384000,-0.004,-0.027328,-0.040664,4.141,6.71,-0.029614,0.007848,-0.000014,0.019494,0.003,0.018,0.054688,-0.018000,0.000000,0.109375,0.000000,-0.269240,1,1.15,1.273,-44.332,1.866,-2.647238
1.386000,-0.004,-0.030973,-0.042487,4.141,6.71,-0.029835,0.008219,-0.000011,0.022766,0.003,0.021,0.054688,-0.018000,0.000000,0.109375,0.000000,-0.269240,1,1.15,1.275,-44.329,1.866,-2.647283
1.388000,-0.004,-0.033983,-0.043991,4.141,6.71,-0.030088,0.008592,-0.000009,0.025400,0.004,0.023,0.054688,-0.018000,0.000000,0.109375,0.000000,-0.269240,1,1.15,1.276,-44.325,1.866,-2.647323
1.390000,-0.004,-0.030142,-0.042071,4.141,6.71,-0.030366,0.008965,-0.000004,0.021180,0.004,0.020,0.054688,-0.018000,0.000000,0.109375,0.000000,-0.269240,1,1.15,1.278,-44.322,1.866,-2.647359
1.392000,-0.005,-0.029122,-0.041561,4.141,6.71,-0.030600,0.009327,0.000009,0.019786,0.004,0.019,0.054688,-0.018000,0.000000,0.109375,0.000000,-0.269240,1,1.15,1.280,-44.319,1.866,-2.647403
1.394000,-0.005,-0.032464,-0.043232,4.141,6.71,-0.030819,0.009682,0.000012,0.022769,0.004,0.022,0.054688,-0.018000,0.000000,0.109375,0.000000,-0.269240,1,1.15,1.281,-44.315,1.866,-2.647451
1.396000,-0.005,-0.030752,-0.042376,4.141,6.71,-0.031067,0.010039,0.000019,0.020695,0.004,0.021,0.054688,-0.018000,0.000000,0.109375,0.000000,-0.269240,1,1.15,1.283,-44.312,1.866,-2.647494
1.398000,-0.005,-0.026234,-0.040117,4.141,6.71,-0.031293,0.010387,0.000024,0.015822,0.004,0.017,0.054688,-0.018000,0.000000,0.109375,0.000000,-0.269240,1,1.15,1.285,-44.309,1.866,-2.647542
1.400000,-0.005,-0.010788,-0.032394,4.141,6.71,-0.031470,0.010722,0.000000,0.000066,0.000,0.007,0.054688,-0.018000,0.000000,0.109375,0.000000,-0.269240,1,1.15,1.286,-44.305,1.866,-2.647600
1.402000,-0.006,-0.015927,-0.034963,4.141,6.71,-0.031489,0.011024,0.000003,0.004899,0.000,0.011,0.054688,-0.018000,0.000000,0.109375,0.000000,-0.269240,1,1.15,1.288,-44.302,1.866,-2.647686
1.404000,-0.006,-0.018721,-0.036360,4.141,6.71,-0.031558,0.011331,0.000010,0.007380,0.000,0.012,0.054688,-0.018000,0.000000,0.109375,0.000000,-0.269240,1,1.15,1.290,-44.299,1.866,-2.647764
1.406000,-0.006,-0.020940,-0.037470,4.141,6.71,-0.031654,0.011638,0.000020,0.009283,0.000,0.014,0.054688,-0.018000,0.000000,0.109375,0.000000,-0.269240,1,1.15,1.291,-44.295,1.866,-2.647838
1.408000,-0.006,-0.023402,-0.038701,4.141,6.71,-0.031770,0.011945,0.000028,0.011429,0.005,0.016,0.054688,-0.018000,0.000000,0.109375,0.000000,-0.269240,1,1.15,1.293,-44.292,1.866,-2.647908
1.410000,-0.006,-0.025907,-0.039953,4.141,6.71,-0.031909,0.012251,0.000037,0.013619,0.006,0.017,0.054688,-0.018000,0.000000,0.109375,0.000000,-0.269240,1,1.15,1.295,-44.289,1.866,-2.647974
1.412000,-0.006,-0.024045,-0.039022,4.141,6.71,-0.032070,0.012558,0.000044,0.011443,0.006,0.016,0.054688,-0.018000,0.000000,0.109375,0.000000,-0.269240,1,1.15,1.296,-44.285,1.866,-2.648037
1.414000,-0.006,-0.028175,-0.041088,4.141,6.71,-0.032209,0.012856,0.000047,0.015272,0.006,0.019,0.054688,-0.018000,0.000000,0.109375,0.000000,-0.269240,1,1.15,1.298,-44.282,1.866,-2.648103
1.416000,-0.007,-0.027890,-0.040945,4.141,6.71,-0.032386,0.013157,0.000062,0.014671,0.006,0.019,0.054688,-0.018000,0.000000,0.109375,0.000000,-0.269240,1,1.15,1.300,-44.279,1.866,-2.648164
1.418000,-0.007,-0.028707,-0.041353,4.141,6.71,-0.032558,0.013453,0.000070,0.015184,0.006,0.019,0.054688,-0.018000,0.000000,0.109375,0.000000,-0.269240,1,1.15,1.301,-44.275,1.866,-2.648226
1.420000,-0.007,-0.033091,-0.043545,4.141,6.71,-0.032733,0.013744,0.000073,0.019274,0.006,0.022,0.054688,-0.018000,0.000000,0.109375,0.000000,-0.269240,1,1.15,1.303,-44.272,1.866,-2.648287
1.422000,-0.007,-0.038018,-0.046009,4.141,6.71,-0.032950,0.014039,0.000076,0.023904,0.006,0.025,0.054688,-0.018000,0.000000,0.109375,0.000000,-0.269240,1,1.15,1.305,-44.269,1.866,-2.648342
1.424000,-0.007,-0.033535,-0.043767,4.141,6.71,-0.033211,0.014337,0.000090,0.019108,0.007,0.022,0.054688,-0.018000,0.000000,0.109375,0.000000,-0.269240,1,1.15,1.306,-44.265,1.865,-2.648389
1.426000,-0.007,-0.032833,-0.043417,4.141,6.71,-0.033422,0.014622,0.000184,0.018028,0.007,0.022,0.054688,-0.018000,0.000000,0.109375,0.000000,-0.269240,1,1.15,1.308,-44.262,1.865,-2.648446
1.428000,-0.007,-0.032010,-0.043005,4.141,6.71,-0.033622,0.014899,0.000197,0.016913,0.007,0.021,0.054688,-0.018000,0.000000,0.109375,0.000000,-0.269240,1,1.15,1.310,-44.259,1.865,-2.648505
1.430000,-0.008,-0.028041,-0.041020,4.141,6.71,-0.033810,0.015170,0.000207,0.012664,0.007,0.019,0.054688,-0.018000,0.000000,0.109375,0.000000,-0.269240,1,1.15,1.311,-44.255,1.865,-2.648567
1.432000,-0.008,-0.022891,-0.038446,4.141,6.71,-0.033954,0.015428,0.000217,0.007245,0.007,0.015,0.054688,-0.018000,0.000000,0.109375,0.000000,-0.269240,1,1.15,1.313,-44.252,1.865,-2.648638
1.434000,-0.008,-0.023857,-0.038929,4.141,6.71,-0.034044,0.015672,0.000226,0.007959,0.007,0.016,0.054688,-0.018000,0.000000,0.109375,0.000000,-0.269240,1,1.15,1.315,-44.249,1.865,-2.648719
1.436000,-0.008,-0.024941,-0.039471,4.141,6.71,-0.034141,0.015912,0.000244,0.008785,0.007,0.017,0.054688,-0.018000,0.000000,0.109375,0.000000,-0.269240,1,1.15,1.316,-44.245,1.865,-2.648799
1.438000,-0.008,-0.024995,-0.039498,4.141,6.71,-0.034248,0.016149,0.000258,0.008587,0.008,0.017,0.054688,-0.018000,0.000000,0.109375,0.000000,-0.269240,1,1.15,1.318,-44.242,1.865,-2.648878
1.440000,-0.008,-0.026063,-0.040031,4.141,6.71,-0.034353,0.016381,0.000265,0.009417,0.008,0.017,0.057813,-0.018000,0.000000,0.115625,0.000000,-0.284625,1,1.15,1.320,-44.239,1.865,-2.648957
1.442000,-0.008,-0.026171,-0.040086,4.141,6.71,-0.034467,0.016610,0.000276,0.009285,0.008,0.017,0.057813,-0.018000,0.000000,0.115625,0.000000,-0.284625,1,1.15,1.321,-44.235,1.865,-2.649036
1.444000,-0.008,-0.026252,-0.040126,4.141,6.71,-0.034579,0.016834,0.000285,0.009133,0.008,0.018,0.057813,-0.018000,0.000000,0.115625,0.000000,-0.284625,1,1.15,1.323,-44.232,1.865,-2.649114
1.446000,-0.009,-0.030042,-0.042021,4.141,6.71,-0.034690,0.017053,0.000289,0.012700,0.008,0.020,0.057813,-0.018000,0.000000,0.115625,0.000000,-0.284625,1,1.15,1.325,-44.229,1.865,-2.649194
1.448000,-0.009,-0.029894,-0.041947,4.141,6.71,-0.034836,0.017273,0.000309,0.012312,0.008,0.020,0.057813,-0.018000,0.000000,0.115625,0.000000,-0.284625,1,1.15,1.326,-44.225,1.865,-2.649267
1.450000,-0.009,-0.029285,-0.041642,4.141,6.71,-0.034979,0.017488,0.000318,0.011479,0.008,0.020,0.057813,-0.018000,0.000000,0.115625,0.000000,-0.284625,1,1.15,1.328,-44.222,1.865,-2.649341
1.452000,-0.009,-0.032792,-0.043396,4.141,6.71,-0.035112,0.017696,0.000321,0.014774,0.008,0.022,0.057813,-0.018000,0.000000,0.115625,0.000000,-0.284625,1,1.15,1.330,-44.219,1.865,-2.649417
1.454000,-0.009,-0.032607,-0.043303,4.141,6.71,-0.035278,0.017906,0.000333,0.014368,0.009,0.022,0.057813,-0.018000,0.000000,0.115625,0.000000,-0.284625,1,1.15,1.331,-44.215,1.865,-2.649488
1.456000,-0.009,-0.029985,-0.041993,4.141,6.71,-0.035438,0.018109,0.000343,0.011533,0.009,0.020,0.057813,-0.018000,0.000000,0.115625,0.000000,-0.284625,1,1.15,1.333,-44.212,1.865,-2.649560
1.458000,-0.009,-0.031151,-0.042575,4.141,6.71,-0.035569,0.018302,0.000352,0.012496,0.009,0.021,0.057813,-0.018000,0.000000,0.115625,0.000000,-0.284625,1,1.15,1.335,-44.209,1.865,-2.649638
1.460000,-0.009,-0.033915,-0.043957,4.141,6.71,-0.035709,0.018492,0.000356,0.015067,0.009,0.023,0.057813,-0.018000,0.000000,0.115625,0.000000,-0.284625,1,1.15,1.336,-44.205,1.865,-2.649715
1.462000,-0.009,-0.030247,-0.042123,4.141,6.71,-0.035874,0.018681,0.000371,0.011195,0.009,0.020,0.057813,-0.018000,0.000000,0.115625,0.000000,-0.284625,1,1.15,1.338,-44.202,1.865,-2.649788
1.464000,-0.009,-0.030522,-0.042261,4.141,6.71,-0.035999,0.018858,0.000381,0.011283,0.009,0.020,0.057813,-0.018000,0.000000,0.115625,0.000000,-0.284625,1,1.15,1.340,-44.199,1.865,-2.649868
1.466000,-0.010,-0.030606,-0.042303,4.141,6.71,-0.036125,0.019031,0.000390,0.011185,0.009,0.020,0.057813,-0.018000,0.000000,0.115625,0.000000,-0.284625,1,1.15,1.342,-44.195,1.865,-2.649948
1.468000,-0.010,-0.032369,-0.043185,4.141,6.71,-0.036248,0.019198,0.000395,0.012777,0.009,0.022,0.057813,-0.018000,0.000000,0.115625,0.000000,-0.284625,1,1.15,1.343,-44.192,1.865,-2.650030
1.470000,-0.010,-0.028920,-0.041460,4.141,6.71,-0.036387,0.019363,0.000411,0.009147,0.009,0.019,0.057813,-0.018000,0.000000,0.115625,0.000000,-0.284625,1,1.15,1.345,-44.189,1.865,-2.650109
1.472000,-0.010,-0.029528,-0.041764,4.141,6.71,-0.036488,0.019517,0.000420,0.009591,0.009,0.020,0.057813,-0.018000,0.000000,0.115625,0.000000,-0.284625,1,1.15,1.347,-44.185,1.865,-2.650195
1.474000,-0.010,-0.029492,-0.041746,4.141,6.71,-0.036594,0.019666,0.000429,0.009397,0.010,0.020,0.057813,-0.018000,0.000000,0.115625,0.000000,-0.284625,1,1.15,1.348,-44.182,1.865,-2.650281
1.476000,-0.010,-0.028193,-0.041097,4.141,6.71,-0.036697,0.019810,0.000555,0.007828,0.010,0.019,0.057813,-0.018000,0.000000,0.115625,0.000000,-0.284625,1,1.15,1.350,-44.179,1.865,-2.650367
1.478000,-0.010,-0.026282,-0.040141,4.141,6.71,-0.036785,0.019947,0.000564,0.005771,0.010,0.018,0.057813,-0.018000,0.000000,0.115625,0.000000,-0.284625,1,1.15,1.352,-44.175,1.865,-2.650457
1.480000,-0.010,-0.025987,-0.039994,4.141,6.71,-0.036852,0.020076,0.000586,0.005325,0.010,0.017,0.057813,-0.018000,0.000000,0.115625,0.000000,-0.284626,1,1.14,1.353,-44.172,1.865,-2.650551
1.482000,-0.010,-0.026124,-0.040062,4.141,6.71,-0.036915,0.020199,0.000594,0.005331,0.010,0.017,0.057813,-0.018000,0.000000,0.115625,0.000000,-0.284626,1,1.14,1.355,-44.169,1.865,-2.650645
1.484000,-0.010,-0.025850,-0.039925,4.141,6.71,-0.036978,0.020317,0.000604,0.004929,0.010,0.017,0.057813,-0.018000,0.000000,0.115625,0.000000,-0.284626,1,1.14,1.357,-44.165,1.865,-2.650740
1.486000,-0.010,-0.026604,-0.040302,4.141,6.71,-0.037037,0.020430,0.000620,0.005554,0.010,0.018,0.057813,-0.018000,0.000000,0.115625,0.000000,-0.284626,1,1.14,1.358,-44.162,1.865,-2.650836
1.488000,-0.010,-0.026022,-0.040011,4.141,6.71,-0.037102,0.020540,0.000635,0.004848,0.010,0.017,0.057813,-0.018000,0.000000,0.115625,0.000000,-0.284626,1,1.14,1.360,-44.159,1.865,-2.650931
1.490000,-0.010,-0.026533,-0.040267,4.141,6.71,-0.037160,0.020644,0.000646,0.005244,0.010,0.018,0.057813,-0.018000,0.000000,0.115625,0.000000,-0.284626,1,1.14,1.362,-44.155,1.865,-2.651027
1.492000,-0.010,-0.027286,-0.040643,4.141,6.71,-0.037222,0.020744,0.000650,0.005892,0.010,0.018,0.057813,-0.018000,0.000000,0.115625,0.000000,-0.284626,1,1.14,1.363,-44.152,1.865,-2.651123
1.494000,-0.010,-0.026924,-0.040462,4.141,6.71,-0.037291,0.020841,0.000665,0.005418,0.010,0.018,0.057813,-0.018000,0.000000,0.115625,0.000000,-0.284626,1,1.14,1.365,-44.149,1.865,-2.651218
1.496000,-0.010,-0.027043,-0.040521,4.141,6.71,-0.037354,0.020932,0.000678,0.005433,0.010,0.018,0.057813,-0.018000,0.000000,0.115625,0.000000,-0.284626,1,1.14,1.367,-44.145,1.865,-2.651314
1.498000,-0.011,-0.027102,-0.040551,4.141,6.71,-0.037418,0.021020,0.000690,0.005392,0.010,0.018,0.057813,-0.018000,0.000000,0.115625,0.000000,-0.284626,1,1.14,1.369,-44.142,1.865,-2.651410
1.500000,-0.011,-0.021225,-0.037612,4.141,6.71,-0.037480,0.021102,0.000000,0.000123,0.000,0.014,0.057813,-0.018000,0.000000,0.115625,0.000000,-0.284626,1,1.14,1.370,-44.139,1.865,-2.651507
1.502000,-0.011,-0.022265,-0.038133,4.141,6.71,-0.037483,0.021169,0.000007,0.001089,0.000,0.015,0.057813,-0.018000,0.000000,0.115625,0.000000,-0.284626,1,1.14,1.372,-44.135,1.865,-2.651614
1.504000,-0.011,-0.022597,-0.038298,4.141,6.71,-0.037496,0.021233,0.000036,0.001327,0.000,0.015,0.057813,-0.018000,0.000000,0.115625,0.000000,-0.284626,1,1.14,1.374,-44.132,1.865,-2.651720
1.506000,-0.011,-0.023342,-0.038671,4.141,6.71,-0.037512,0.021294,0.000045,0.002003,0.000,0.016,0.057813,-0.018000,0.000000,0.115625,0.000000,-0.284626,1,1.14,1.375,-44.129,1.865,-2.651825
1.508000,-0.011,-0.023855,-0.038928,4.141,6.71,-0.037535,0.021351,0.000059,0.002445,0.011,0.016,0.057813,-0.018000,0.000000,0.115625,0.000000,-0.284626,1,1.14,1.377,-44.125,1.865,-2.651929
1.510000,-0.011,-0.024322,-0.039161,4.141,6.71,-0.037563,0.021405,0.000070,0.002846,0.011,0.016,0.057813,-0.018000,0.000000,0.115625,0.000000,-0.284626,1,1.14,1.379,-44.122,1.865,-2.652033
1.512000,-0.011,-0.023737,-0.038869,4.141,6.71,-0.037595,0.021456,0.000088,0.002194,0.011,0.016,0.057813,-0.018000,0.000000,0.115625,0.000000,-0.284626,1,1.14,1.380,-44.119,1.865,-2.652135
1.514000,-0.011,-0.024353,-0.039176,4.141,6.71,-0.037620,0.021501,0.000094,0.002758,0.011,0.016,0.057813,-0.018000,0.000000,0.115625,0.000000,-0.284626,1,1.14,1.382,-44.116,1.865,-2.652239
1.516000,-0.011,-0.024059,-0.039029,4.141,6.71,-0.037652,0.021542,0.000107,0.002409,0.011,0.016,0.057813,-0.018000,0.000000,0.115625,0.000000,-0.284626,1,1.14,1.384,-44.112,1.865,-2.652342
1.518000,-0.011,-0.023871,-0.038935,4.141,6.71,-0.037679,0.021579,0.000127,0.002165,0.011,0.016,0.057813,-0.018000,0.000000,0.115625,0.000000,-0.284626,1,1.14,1.385,-44.109,1.865,-2.652446
1.520000,-0.011,-0.023667,-0.038833,4.141,6.71,-0.037704,0.021611,0.000140,0.001916,0.011,0.016,0.057813,-0.018000,0.000000,0.115625,0.000000,-0.284626,1,1.14,1.387,-44.106,1.865,-2.652550
1.522000,-0.011,-0.023723,-0.038861,4.141,6.71,-0.037727,0.021638,0.000148,0.001937,0.011,0.016,0.057813,-0.018000,0.000000,0.115625,0.000000,-0.284626,1,1.14,1.389,-44.102,1.865,-2.652655
1.524000,-0.011,-0.023428,-0.038714,4.141,6.71,-0.037749,0.021660,0.000154,0.001614,0.011,0.016,0.057813,-0.018000,0.000000,0.115625,0.000000,-0.284626,1,1.14,1.391,-44.099,1.865,-2.652760
1.526000,-0.011,-0.023267,-0.038634,4.141,6.71,-0.037769,0.021678,0.000287,0.001303,0.011,0.016,0.057813,-0.018000,0.000000,0.115625,0.000000,-0.284626,1,1.14,1.392,-44.096,1.865,-2.652865
1.528000,-0.011,-0.023158,-0.038579,4.141,6.71,-0.037786,0.021691,0.000318,0.001150,0.011,0.015,0.057813,-0.018000,0.000000,0.115625,0.000000,-0.284626,1,1.14,1.394,-44.092,1.865,-2.652971
1.530000,-0.011,-0.023021,-0.038511,4.141,6.71,-0.037802,0.021699,0.000325,0.000997,0.011,0.015,0.057813,-0.018000,0.000000,0.115625,0.000000,-0.284626,1,1.14,1.396,-44.089,1.865,-2.653077
1.532000,-0.011,-0.022769,-0.038384,4.141,6.71,-0.037816,0.021703,0.000331,0.000735,0.011,0.015,0.057813,-0.018000,0.000000,0.115625,0.000000,-0.284626,1,1.14,1.397,-44.086,1.865,-2.653184
1.534000,-0.011,-0.022300,-0.038150,4.141,6.71,-0.037827,0.021701,0.000351,0.000248,0.011,0.015,0.057813,-0.018000,0.000000,0.115625,0.000000,-0.284626,1,1.14,1.399,-44.082,1.865,-2.653291
1.536000,-0.011,-0.022267,-0.038133,4.141,6.71,-0.037834,0.021695,0.000372,0.000200,0.011,0.015,0.057813,-0.018000,0.000000,0.115625,0.000000,-0.284626,1,1.14,1.401,-44.079,1.865,-2.653399
1.538000,-0.011,-0.022088,-0.038044,4.141,6.71,-0.037840,0.021684,0.000381,0.000023,0.011,0.015,0.057813,-0.018000,0.000000,0.115625,0.000000,-0.284626,1,1.14,1.402,-44.076,1.865,-2.653507
1.540000,-0.011,-0.021792,-0.037896,4.141,6.71,-0.037844,0.021668,0.000391,-0.000268,0.011,0.015,0.059375,-0.018000,0.000000,0.118750,0.000000,-0.292318,1,1.15,1.404,-44.072,1.865,-2.653616
1.542000,-0.011,-0.021392,-0.037696,4.141,6.71,-0.037845,0.021648,0.000398,-0.000654,0.011,0.014,0.059375,-0.018000,0.000000,0.118750,0.000000,-0.292318,1,1.15,1.406,-44.069,1.865,-2.653725
1.544000,-0.011,-0.021201,-0.037601,4.141,6.71,-0.037842,0.021622,0.000413,-0.000834,0.011,0.014,0.059375,-0.018000,0.000000,0.118750,0.000000,-0.292318,1,1.15,1.408,-44.066,1.865,-2.653835
1.546000,-0.011,-0.020993,-0.037497,4.141,6.71,-0.037837,0.021592,0.000427,-0.001026,0.011,0.014,0.059375,-0.018000,0.000000,0.118750,0.000000,-0.292318,1,1.15,1.409,-44.062,1.865,-2.653946
1.548000,-0.011,-0.020875,-0.037438,4.141,6.71,-0.037830,0.021557,0.000444,-0.001125,0.011,0.014,0.059375,-0.018000,0.000000,0.118750,0.000000,-0.292318,1,1.15,1.411,-44.059,1.865,-2.654056
1.550000,-0.011,-0.020122,-0.037061,4.141,6.71,-0.037823,0.021518,0.000448,-0.001844,0.011,0.013,0.059375,-0.018000,0.000000,0.118750,0.000000,-0.292318,1,1.15,1.413,-44.056,1.865,-2.654167
1.552000,-0.011,-0.020205,-0.037102,4.141,6.71,-0.037807,0.021473,0.000472,-0.001739,0.011,0.013,0.059375,-0.018000,0.000000,0.118750,0.000000,-0.292318,1,1.15,1.414,-44.052,1.865,-2.654279
1.554000,-0.011,-0.019596,-0.036798,4.141,6.71,-0.037793,0.021423,0.000479,-0.002306,0.011,0.013,0.059375,-0.018000,0.000000,0.118750,0.000000,-0.292318,1,1.15,1.416,-44.049,1.865,-2.654391
1.556000,-0.011,-0.019447,-0.036723,4.141,6.71,-0.037773,0.021369,0.000496,-0.002418,0.011,0.013,0.059375,-0.018000,0.000000,0.118750,0.000000,-0.292318,1,1.15,1.418,-44.046,1.865,-2.654504
1.558000,-0.011,-0.018588,-0.036294,4.141,6.71,-0.037752,0.021310,0.000502,-0.003224,0.011,0.012,0.059375,-0.018000,0.000000,0.118750,0.000000,-0.292318,1,1.15,1.419,-44.042,1.865,-2.654618
1.560000,-0.011,-0.018866,-0.036433,4.141,6.71,-0.037723,0.021245,0.000514,-0.002893,0.011,0.013,0.059375,-0.018000,0.000000,0.118750,0.000000,-0.292318,1,1.15,1.421,-44.039,1.865,-2.654732
1.562000,-0.011,-0.018508,-0.036254,4.141,6.71,-0.037697,0.021176,0.000528,-0.003196,0.011,0.012,0.059375,-0.018000,0.000000,0.118750,0.000000,-0.292318,1,1.15,1.423,-44.036,1.865,-2.654846
1.564000,-0.011,-0.018781,-0.036391,4.141,6.71,-0.037669,0.021103,0.000547,-0.002869,0.011,0.013,0.059375,-0.018000,0.000000,0.118750,0.000000,-0.292318,1,1.15,1.425,-44.033,1.865,-2.654960
1.566000,-0.011,-0.018112,-0.036056,4.141,6.71,-0.037643,0.021026,0.000555,-0.003469,0.011,0.012,0.059375,-0.018000,0.000000,0.118750,0.000000,-0.292318,1,1.15,1.426,-44.029,1.865,-2.655074
1.568000,-0.010,-0.018538,-0.036269,4.141,6.71,-0.037611,0.020944,0.000571,-0.002977,0.011,0.012,0.059375,-0.018000,0.000000,0.118750,0.000000,-0.292318,1,1.15,1.428,-44.026,1.865,-2.655189
1.570000,-0.010,-0.018215,-0.036108,4.141,6.71,-0.037584,0.020858,0.000582,-0.003225,0.011,0.012,0.059375,-0.018000,0.000000,0.118750,0.000000,-0.292318,1,1.15,1.430,-44.023,1.865,-2.655303
1.572000,-0.010,-0.016462,-0.035231,4.141,6.71,-0.037555,0.020767,0.000587,-0.004892,0.011,0.011,0.059375,-0.018000,0.000000,0.118750,0.000000,-0.292318,1,1.15,1.431,-44.019,1.865,-2.655417
1.574000,-0.010,-0.016115,-0.035058,4.141,6.71,-0.037508,0.020670,0.000601,-0.005155,0.011,0.011,0.059375,-0.018000,0.000000,0.118750,0.000000,-0.292318,1,1.15,1.433,-44.016,1.865,-2.655534
1.576000,-0.010,-0.017017,-0.035509,4.141,6.71,-0.037459,0.020567,0.000743,-0.004292,0.010,0.011,0.059375,-0.018000,0.000000,0.118750,0.000000,-0.292318,1,1.15,1.435,-44.013,1.865,-2.655652
1.578000,-0.010,-0.016462,-0.035231,4.141,6.71,-0.037420,0.020462,0.000753,-0.004753,0.010,0.011,0.059375,-0.018000,0.000000,0.118750,0.000000,-0.292318,1,1.15,1.437,-44.009,1.865,-2.655768
1.580000,-0.010,-0.016387,-0.053193,4.021,6.71,-0.037377,0.020352,0.000768,-0.004733,0.010,0.011,0.057813,-0.030000,0.000000,0.115625,0.000000,-0.284626,1,1.15,1.438,-44.006,1.865,-2.655884
1.582000,-0.010,-0.017427,-0.053713,4.021,6.67,-0.037674,0.020257,0.000777,-0.003607,0.010,0.012,0.057813,-0.030000,0.000000,0.115625,0.000000,-0.284626,1,1.15,1.440,-44.003,1.857,-2.655939
1.584000,-0.010,-0.016346,-0.053173,4.021,6.64,-0.037994,0.020141,0.000784,-0.004578,0.010,0.011,0.057813,-0.030000,0.000000,0.115625,0.000000,-0.284626,1,1.15,1.442,-43.999,1.848,-2.655977
1.586000,-0.010,-0.015083,-0.052542,4.021,6.61,-0.038298,0.020023,0.000793,-0.005733,0.010,0.010,0.057813,-0.030000,0.000000,0.115625,0.000000,-0.284626,1,1.15,1.443,-43.996,1.841,-2.656024
1.588000,-0.010,-0.015270,-0.052635,4.021,6.59,-0.038583,0.019905,0.000810,-0.005445,0.010,0.010,0.057813,-0.030000,0.000000,0.115625,0.000000,-0.284626,1,1.15,1.445,-43.993,1.834,-2.656078
1.590000,-0.010,-0.014781,-0.052391,4.021,6.58,-0.038864,0.019794,0.000819,-0.005832,0.010,0.010,0.057813,-0.030000,0.000000,0.115625,0.000000,-0.284626,1,1.15,1.447,-43.990,1.828,-2.656135
1.592000,-0.010,-0.014014,-0.052007,4.021,6.57,-0.039135,0.019687,0.000825,-0.006498,0.010,0.009,0.057813,-0.030000,0.000000,0.115625,0.000000,-0.284626,1,1.15,1.448,-43.987,1.823,-2.656194
1.594000,-0.010,-0.015036,-0.052518,4.021,6.55,-0.039392,0.019587,0.000843,-0.005394,0.010,0.010,0.057813,-0.030000,0.000000,0.115625,0.000000,-0.284626,1,1.15,1.450,-43.983,1.818,-2.656257
1.596000,-0.010,-0.015090,-0.052545,4.021,6.55,-0.039655,0.019494,0.000851,-0.005255,0.010,0.010,0.057813,-0.030000,0.000000,0.115625,0.000000,-0.284626,1,1.15,1.452,-43.980,1.813,-2.656320
1.598000,-0.010,-0.014080,-0.052040,4.021,6.54,-0.039912,0.019404,0.000857,-0.006180,0.010,0.009,0.057813,-0.030000,0.000000,0.115625,0.000000,-0.284626,1,1.15,1.454,-43.977,1.809,-2.656384
1.600000,-0.010,-0.019421,-0.054711,4.021,6.53,-0.040155,0.019314,0.000000,0.000107,0.000,0.013,0.057813,-0.030000,0.000000,0.115625,0.000000,-0.284626,1,1.15,1.455,-43.974,1.806,-2.656452
1.602000,-0.010,-0.018681,-0.054340,4.021,6.53,-0.040446,0.019235,0.000011,-0.000565,0.000,0.012,0.057813,-0.030000,0.000000,0.115625,0.000000,-0.284626,1,1.15,1.457,-43.970,1.803,-2.656512
1.604000,-0.010,-0.017087,-0.053544,4.021,6.53,-0.040724,0.019153,0.000017,-0.002082,0.000,0.011,0.057813,-0.030000,0.000000,0.115625,0.000000,-0.284626,1,1.15,1.459,-43.967,1.801,-2.656575
1.606000,-0.010,-0.016475,-0.053237,4.021,6.52,-0.040980,0.019067,0.000032,-0.002624,0.000,0.011,0.057813,-0.030000,0.000000,0.115625,0.000000,-0.284626,1,1.15,1.460,-43.964,1.799,-2.656642
1.608000,-0.009,-0.015395,-0.052697,4.021,6.52,-0.041225,0.018976,0.000040,-0.003622,0.010,0.010,0.057813,-0.030000,0.000000,0.115625,0.000000,-0.284626,1,1.15,1.462,-43.961,1.798,-2.656712
1.610000,-0.009,-0.014171,-0.052085,4.021,6.52,-0.041455,0.018879,0.000049,-0.004757,0.010,0.009,0.057813,-0.030000,0.000000,0.115625,0.000000,-0.284626,1,1.15,1.464,-43.958,1.798,-2.656786
1.612000,-0.009,-0.012305,-0.051152,4.021,6.52,-0.041668,0.018774,0.000053,-0.006523,0.010,0.008,0.057813,-0.030000,0.000000,0.115625,0.000000,-0.284626,1,1.15,1.465,-43.955,1.797,-2.656864
1.614000,-0.009,-0.012875,-0.051437,4.021,6.52,-0.041857,0.018661,0.000066,-0.005852,0.010,0.009,0.057813,-0.030000,0.000000,0.115625,0.000000,-0.284626,1,1.15,1.467,-43.951,1.797,-2.656946
1.616000,-0.009,-0.012265,-0.051133,4.021,6.52,-0.042049,0.018541,0.000076,-0.006352,0.009,0.008,0.057813,-0.030000,0.000000,0.115625,0.000000,-0.284626,1,1.15,1.469,-43.948,1.798,-2.657029
1.618000,-0.009,-0.011730,-0.050865,4.021,6.52,-0.042231,0.018413,0.000085,-0.006768,0.009,0.008,0.057813,-0.030000,0.000000,0.115625,0.000000,-0.284626,1,1.15,1.470,-43.945,1.799,-2.657114
1.620000,-0.009,-0.011601,-0.050800,4.021,6.52,-0.042403,0.018277,0.000097,-0.006773,0.009,0.008,0.057813,-0.030000,0.000000,0.115625,0.000000,-0.284626,1,1.15,1.472,-43.942,1.799,-2.657202
1.622000,-0.009,-0.011838,-0.050919,4.021,6.52,-0.042571,0.018132,0.000103,-0.006397,0.009,0.008,0.057813,-0.030000,0.000000,0.115625,0.000000,-0.284626,1,1.15,1.474,-43.939,1.801,-2.657290
1.624000,-0.009,-0.010767,-0.050383,4.021,6.52,-0.042738,0.017979,0.000111,-0.007323,0.009,0.007,0.057813,-0.030000,0.000000,0.115625,0.000000,-0.284626,1,1.15,1.475,-43.935,1.802,-2.657380
1.626000,-0.009,-0.011621,-0.050810,4.021,6.51,-0.042891,0.017815,0.000220,-0.006415,0.009,0.008,0.057813,-0.030000,0.000000,0.115625,0.000000,-0.284626,1,1.15,1.477,-43.932,1.803,-2.657472
1.628000,-0.009,-0.011054,-0.050527,4.021,6.51,-0.043049,0.017645,0.000228,-0.006819,0.009,0.007,0.057813,-0.030000,0.000000,0.115625,0.000000,-0.284626,1,1.15,1.479,-43.929,1.804,-2.657564
1.630000,-0.009,-0.010399,-0.050199,4.021,6.51,-0.043199,0.017465,0.000239,-0.007305,0.009,0.007,0.057813,-0.030000,0.000000,0.115625,0.000000,-0.284626,1,1.15,1.480,-43.926,1.806,-2.657658
1.632000,-0.009,-0.011223,-0.050611,4.021,6.51,-0.043339,0.017273,0.000254,-0.006305,0.009,0.007,0.057813,-0.030000,0.000000,0.115625,0.000000,-0.284626,1,1.15,1.482,-43.923,1.808,-2.657754
1.634000,-0.009,-0.010655,-0.050328,4.021,6.51,-0.043484,0.017075,0.000262,-0.006681,0.009,0.007,0.057813,-0.030000,0.000000,0.115625,0.000000,-0.284626,1,1.15,1.484,-43.919,1.809,-2.657850
1.636000,-0.008,-0.006248,-0.048124,4.021,6.51,-0.043621,0.016866,0.000266,-0.010884,0.009,0.004,0.057813,-0.030000,0.000000,0.115625,0.000000,-0.284626,1,1.15,1.485,-43.916,1.811,-2.657947
1.638000,-0.008,-0.006521,-0.048260,4.021,6.51,-0.043711,0.016642,0.000280,-0.010401,0.009,0.004,0.057813,-0.030000,0.000000,0.115625,0.000000,-0.284626,1,1.15,1.487,-43.913,1.812,-2.658053
1.640000,-0.008,-0.005855,-0.047927,4.021,6.51,-0.043802,0.016411,0.000290,-0.010846,0.009,0.004,0.056250,-0.030000,0.000000,0.112500,0.000000,-0.276934,1,1.15,1.489,-43.910,1.813,-2.658159
1.642000,-0.008,-0.004724,-0.047362,4.021,6.51,-0.043885,0.016171,0.000300,-0.011747,0.009,0.003,0.056250,-0.030000,0.000000,0.112500,0.000000,-0.276934,1,1.15,1.490,-43.906,1.814,-2.658268
1.644000,-0.008,-0.001849,-0.045925,4.021,6.51,-0.043955,0.015924,0.000304,-0.014378,0.008,0.001,0.056250,-0.030000,0.000000,0.112500,0.000000,-0.276934,1,1.15,1.492,-43.903,1.815,-2.658379
1.646000,-0.008,-0.000765,-0.045383,4.021,6.51,-0.043994,0.015665,0.000308,-0.015207,0.008,0.001,0.056250,-0.030000,0.000000,0.112500,0.000000,-0.276934,1,1.15,1.494,-43.900,1.815,-2.658495
1.648000,-0.008,-0.000321,-0.045160,4.021,6.51,-0.044022,0.015398,0.000321,-0.015399,0.008,0.000,0.056250,-0.030000,0.000000,0.112500,0.000000,-0.276934,1,1.15,1.496,-43.897,1.816,-2.658614
1.650000,-0.008,0.000514,-0.044743,4.021,6.51,-0.044045,0.015126,0.000329,-0.015969,0.008,0.000,0.056250,-0.030000,0.000000,0.112500,0.000000,-0.276934,1,1.15,1.497,-43.894,1.816,-2.658734
1.652000,-0.007,0.001100,-0.044450,4.021,6.51,-0.044059,0.014848,0.000338,-0.016286,0.008,0.001,0.056250,-0.030000,0.000000,0.112500,0.000000,-0.276934,1,1.15,1.499,-43.890,1.816,-2.658856
1.654000,-0.007,-0.001057,-0.045528,4.021,6.51,-0.044066,0.014564,0.000347,-0.013854,0.008,0.001,0.056250,-0.030000,0.000000,0.112500,0.000000,-0.276934,1,1.15,1.501,-43.887,1.816,-2.658979
1.656000,-0.007,-0.005206,-0.047603,4.021,6.51,-0.044096,0.014282,0.000374,-0.009449,0.008,0.003,0.056250,-0.030000,0.000000,0.112500,0.000000,-0.276934,1,1.15,1.502,-43.884,1.816,-2.659098
1.658000,-0.007,-0.003240,-0.046620,4.021,6.51,-0.044166,0.014004,0.000380,-0.011144,0.008,0.002,0.056250,-0.030000,0.000000,0.112500,0.000000,-0.276934,1,1.15,1.504,-43.881,1.815,-2.659210
1.660000,-0.007,-0.003198,-0.046599,4.021,6.51,-0.044215,0.013721,0.000388,-0.010911,0.007,0.002,0.056250,-0.030000,0.000000,0.112500,0.000000,-0.276934,1,1.15,1.506,-43.878,1.814,-2.659325
1.662000,-0.007,-0.002544,-0.046272,4.021,6.51,-0.044262,0.013436,0.000395,-0.011287,0.007,0.002,0.056250,-0.030000,0.000000,0.112500,0.000000,-0.276934,1,1.15,1.507,-43.874,1.814,-2.659441
1.664000,-0.007,-0.003574,-0.046787,4.021,6.51,-0.044303,0.013146,0.000413,-0.009986,0.007,0.002,0.056250,-0.030000,0.000000,0.112500,0.000000,-0.276934,1,1.15,1.509,-43.871,1.813,-2.659558
1.666000,-0.006,-0.001502,-0.045751,4.021,6.51,-0.044352,0.012856,0.000421,-0.011775,0.007,0.001,0.056250,-0.030000,0.000000,0.112500,0.000000,-0.276934,1,1.15,1.511,-43.868,1.813,-2.659674
1.668000,-0.006,0.001597,-0.044201,4.021,6.51,-0.044380,0.012559,0.000424,-0.014581,0.007,0.001,0.056250,-0.030000,0.000000,0.112500,0.000000,-0.276934,1,1.15,1.512,-43.865,1.812,-2.659794
1.670000,-0.006,0.001984,-0.044008,4.021,6.51,-0.044377,0.012254,0.000432,-0.014670,0.007,0.001,0.056250,-0.030000,0.000000,0.112500,0.000000,-0.276934,1,1.15,1.514,-43.862,1.812,-2.659919
1.672000,-0.006,0.002605,-0.043698,4.021,6.51,-0.044369,0.011945,0.000438,-0.014988,0.007,0.002,0.056250,-0.030000,0.000000,0.112500,0.000000,-0.276934,1,1.15,1.516,-43.858,1.812,-2.660045
1.674000,-0.006,0.004454,-0.042773,4.021,6.51,-0.044356,0.011633,0.000445,-0.016531,0.006,0.003,0.056250,-0.030000,0.000000,0.112500,0.000000,-0.276934,1,1.15,1.517,-43.855,1.812,-2.660173
1.676000,-0.006,0.009068,-0.040466,4.021,6.51,-0.044324,0.011314,0.000448,-0.020829,0.006,0.006,0.056250,-0.030000,0.000000,0.112500,0.000000,-0.276934,1,1.15,1.519,-43.852,1.812,-2.660303
1.678000,-0.005,0.003565,-0.043217,4.021,6.51,-0.044247,0.010983,0.000516,-0.015065,0.006,0.002,0.056250,-0.030000,0.000000,0.112500,0.000000,-0.276934,1,1.15,1.521,-43.849,1.812,-2.660442
1.680000,-0.005,0.002687,-0.043657,4.021,6.51,-0.044226,0.010660,0.000531,-0.013877,0.006,0.002,0.053125,-0.030000,0.000000,0.106250,0.000000,-0.261548,1,1.14,1.523,-43.846,1.812,-2.660571
1.682000,-0.005,0.004727,-0.042637,4.021,6.51,-0.044215,0.010335,0.000534,-0.015596,0.006,0.003,0.053125,-0.030000,0.000000,0.106250,0.000000,-0.261548,1,1.14,1.524,-43.842,1.812,-2.660697
1.684000,-0.005,0.005005,-0.042498,4.021,6.51,-0.044184,0.010004,0.000541,-0.015550,0.006,0.003,0.053125,-0.030000,0.000000,0.106250,0.000000,-0.261548,1,1.14,1.526,-43.839,1.812,-2.660827
1.686000,-0.005,0.001588,-0.044206,4.021,6.51,-0.044150,0.009670,0.000546,-0.011804,0.005,0.001,0.053125,-0.030000,0.000000,0.106250,0.000000,-0.261548,1,1.14,1.528,-43.836,1.812,-2.660958
1.688000,-0.005,0.003120,-0.043440,4.021,6.51,-0.044151,0.009338,0.000557,-0.013015,0.005,0.002,0.053125,-0.030000,0.000000,0.106250,0.000000,-0.261548,1,1.14,1.529,-43.833,1.812,-2.661082
1.690000,-0.005,0.006462,-0.041769,4.021,6.51,-0.044137,0.009002,0.000560,-0.016023,0.005,0.004,0.053125,-0.030000,0.000000,0.106250,0.000000,-0.261548,1,1.14,1.531,-43.830,1.812,-2.661209
1.692000,-0.004,0.004986,-0.042507,4.021,6.51,-0.044089,0.008656,0.000565,-0.014207,0.005,0.003,0.053125,-0.030000,0.000000,0.106250,0.000000,-0.261548,1,1.14,1.533,-43.826,1.812,-2.661341
1.694000,-0.004,0.005626,-0.042187,4.021,6.51,-0.044058,0.008311,0.000570,-0.014508,0.005,0.004,0.053125,-0.030000,0.000000,0.106250,0.000000,-0.261548,1,1.14,1.534,-43.823,1.812,-2.661471
1.696000,-0.004,0.004963,-0.042519,4.021,6.51,-0.044020,0.007962,0.000577,-0.013502,0.005,0.003,0.053125,-0.030000,0.000000,0.106250,0.000000,-0.261548,1,1.14,1.536,-43.820,1.812,-2.661602
1.698000,-0.004,0.005947,-0.042027,4.021,6.51,-0.043990,0.007612,0.000583,-0.014142,0.005,0.004,0.053125,-0.030000,0.000000,0.106250,0.000000,-0.261548,1,1.14,1.538,-43.817,1.812,-2.661731
1.700000,-0.004,-0.007297,-0.048648,4.021,6.51,-0.043951,0.007258,0.000000,0.000039,0.000,0.005,0.053125,-0.030000,0.000000,0.106250,0.000000,-0.261548,1,1.14,1.539,-43.813,1.812,-2.661862
1.702000,-0.003,-0.004716,-0.047358,4.021,6.51,-0.044045,0.006925,0.000005,-0.002214,0.000,0.003,0.053125,-0.030000,0.000000,0.106250,0.000000,-0.261548,1,1.14,1.541,-43.810,1.812,-2.661970
1.704000,-0.003,-0.003214,-0.046607,4.021,6.51,-0.044111,0.006585,0.000015,-0.003386,0.000,0.002,0.053125,-0.030000,0.000000,0.106250,0.000000,-0.261548,1,1.14,1.543,-43.807,1.812,-2.662081
1.706000,-0.003,0.001794,-0.044103,4.021,6.51,-0.044161,0.006241,0.000017,-0.008052,0.000,0.001,0.053125,-0.030000,0.000000,0.106250,0.000000,-0.261548,1,1.14,1.545,-43.804,1.812,-2.662195
1.708000,-0.003,0.009815,-0.040093,4.021,6.51,-0.044160,0.005886,0.000018,-0.015718,0.004,0.007,0.053125,-0.030000,0.000000,0.106250,0.000000,-0.261548,1,1.14,1.546,-43.801,1.812,-2.662319
1.710000,-0.003,0.013367,-0.038317,4.021,6.51,-0.044078,0.005514,0.000022,-0.018902,0.003,0.009,0.053125,-0.030000,0.000000,0.106250,0.000000,-0.261548,1,1.14,1.548,-43.797,1.812,-2.662457
1.712000,-0.003,0.012877,-0.038561,4.021,6.51,-0.043963,0.005134,0.000029,-0.018040,0.003,0.009,0.053125,-0.030000,0.000000,0.106250,0.000000,-0.261548,1,1.14,1.550,-43.794,1.813,-2.662601
1.714000,-0.002,0.014357,-0.037821,4.021,6.51,-0.043855,0.004753,0.000033,-0.019143,0.003,0.010,0.053125,-0.030000,0.000000,0.106250,0.000000,-0.261548,1,1.14,1.551,-43.791,1.813,-2.662745
1.716000,-0.002,0.013445,-0.038278,4.021,6.51,-0.043735,0.004369,0.000035,-0.017849,0.003,0.009,0.053125,-0.030000,0.000000,0.106250,0.000000,-0.261548,1,1.14,1.553,-43.788,1.813,-2.662890
1.718000,-0.002,0.009236,-0.040382,4.021,6.51,-0.043625,0.003985,0.000038,-0.013258,0.003,0.006,0.053125,-0.030000,0.000000,0.106250,0.000000,-0.261548,1,1.14,1.555,-43.785,1.813,-2.663033
1.720000,-0.002,0.009006,-0.040497,4.021,6.51,-0.043560,0.003607,0.000040,-0.012654,0.003,0.006,0.053125,-0.030000,0.000000,0.106250,0.000000,-0.261548,1,1.14,1.556,-43.781,1.812,-2.663168
1.722000,-0.002,0.010953,-0.039523,4.021,6.51,-0.043499,0.003228,0.000042,-0.014224,0.002,0.007,0.053125,-0.030000,0.000000,0.106250,0.000000,-0.261548,1,1.14,1.558,-43.778,1.812,-2.663301
1.724000,-0.001,0.014264,-0.037868,4.021,6.51,-0.043420,0.002843,0.000043,-0.017151,0.002,0.010,0.053125,-0.030000,0.000000,0.106250,0.000000,-0.261548,1,1.14,1.560,-43.775,1.811,-2.663437
1.726000,-0.001,0.012792,-0.038604,4.021,6.51,-0.043309,0.002452,0.000047,-0.015291,0.002,0.009,0.053125,-0.030000,0.000000,0.106250,0.000000,-0.261548,1,1.14,1.561,-43.772,1.810,-2.663578
1.728000,-0.001,0.010399,-0.039800,4.021,6.51,-0.043214,0.002064,0.000060,-0.012523,0.002,0.007,0.053125,-0.030000,0.000000,0.106250,0.000000,-0.261548,1,1.14,1.563,-43.769,1.810,-2.663717
1.730000,-0.001,0.012022,-0.038989,4.021,6.51,-0.043146,0.001680,0.000060,-0.013763,0.002,0.008,0.053125,-0.030000,0.000000,0.106250,0.000000,-0.261548,1,1.14,1.565,-43.765,1.809,-2.663851
1.732000,-0.001,0.012397,-0.038801,4.021,6.51,-0.043063,0.001295,0.000061,-0.013753,0.001,0.008,0.053125,-0.030000,0.000000,0.106250,0.000000,-0.261548,1,1.14,1.566,-43.762,1.809,-2.663987
1.734000,-0.000,0.012921,-0.038540,4.021,6.51,-0.042978,0.000909,0.000062,-0.013891,0.001,0.009,0.053125,-0.030000,0.000000,0.106250,0.000000,-0.261548,1,1.14,1.568,-43.759,1.808,-2.664123
1.736000,-0.000,0.014345,-0.037827,4.021,6.51,-0.042889,0.000523,0.000062,-0.014930,0.001,0.010,0.053125,-0.030000,0.000000,0.106250,0.000000,-0.261548,1,1.14,1.570,-43.756,1.808,-2.664260
1.738000,-0.000,0.017864,-0.036068,4.021,6.51,-0.042788,0.000134,0.000062,-0.018061,0.001,0.012,0.053125,-0.030000,0.000000,0.106250,0.000000,-0.261548,1,1.14,1.572,-43.753,1.808,-2.664399
1.740000,0.000,0.022521,-0.033740,4.021,6.51,-0.042653,-0.000260,0.000062,-0.022323,0.001,0.015,0.050000,-0.030000,0.000000,0.100000,0.000000,-0.246163,1,1.14,1.573,-43.749,1.807,-2.664543
1.742000,0.000,0.021874,-0.034063,4.021,6.51,-0.042475,-0.000662,0.000061,-0.021273,0.000,0.015,0.050000,-0.030000,0.000000,0.100000,0.000000,-0.246163,1,1.14,1.575,-43.746,1.807,-2.664695
1.744000,0.001,0.021491,-0.034254,4.021,6.51,-0.042307,-0.001063,0.000061,-0.020490,0.000,0.014,0.050000,-0.030000,0.000000,0.100000,0.000000,-0.246163,1,1.14,1.577,-43.743,1.807,-2.664845
1.746000,0.001,0.023339,-0.033330,4.021,6.51,-0.042146,-0.001461,0.000060,-0.021938,0.000,0.016,0.050000,-0.030000,0.000000,0.100000,0.000000,-0.246163,1,1.14,1.578,-43.740,1.807,-2.664993
1.748000,0.001,0.029442,-0.030279,4.021,6.51,-0.041970,-0.001863,0.000060,-0.027639,-0.000,0.020,0.050000,-0.030000,0.000000,0.100000,0.000000,-0.246163,1,1.14,1.580,-43.737,1.807,-2.665144
1.750000,0.001,0.024440,-0.032780,4.021,6.51,-0.041736,-0.002274,0.000058,-0.022224,-0.000,0.016,0.050000,-0.030000,0.000000,0.100000,0.000000,-0.246163,1,1.14,1.582,-43.733,1.807,-2.665303
1.752000,0.001,0.025882,-0.032059,4.021,6.51,-0.041557,-0.002675,0.000056,-0.023262,-0.001,0.017,0.050000,-0.030000,0.000000,0.100000,0.000000,-0.246163,1,1.14,1.583,-43.730,1.807,-2.665454
1.754000,0.002,0.025857,-0.032072,4.021,6.51,-0.041367,-0.003078,0.000055,-0.022834,-0.001,0.017,0.050000,-0.030000,0.000000,0.100000,0.000000,-0.246163,1,1.14,1.585,-43.727,1.807,-2.665605
1.756000,0.002,0.025222,-0.032389,4.021,6.51,-0.041181,-0.003479,0.000052,-0.021796,-0.001,0.017,0.050000,-0.030000,0.000000,0.100000,0.000000,-0.246163,1,1.14,1.587,-43.724,1.807,-2.665755
1.758000,0.002,0.021808,-0.034096,4.021,6.51,-0.041005,-0.003877,0.000051,-0.017981,-0.001,0.015,0.050000,-0.030000,0.000000,0.100000,0.000000,-0.246163,1,1.14,1.588,-43.721,1.808,-2.665903
1.760000,0.002,0.022201,-0.033899,4.021,6.51,-0.040867,-0.004268,0.000048,-0.017980,-0.001,0.015,0.050000,-0.030000,0.000000,0.100000,0.000000,-0.246163,1,1.14,1.590,-43.717,1.808,-2.666043
1.762000,0.002,0.023188,-0.033406,4.021,6.51,-0.040728,-0.004658,0.000045,-0.018574,-0.002,0.015,0.050000,-0.030000,0.000000,0.100000,0.000000,-0.246163,1,1.14,1.592,-43.714,1.808,-2.666182
1.764000,0.003,0.027478,-0.031261,4.021,6.51,-0.040581,-0.005049,0.000044,-0.022473,-0.002,0.018,0.050000,-0.030000,0.000000,0.100000,0.000000,-0.246163,1,1.14,1.593,-43.711,1.808,-2.666323
1.766000,0.003,0.027330,-0.031335,4.021,6.51,-0.040395,-0.005446,0.000039,-0.021923,-0.002,0.018,0.050000,-0.030000,0.000000,0.100000,0.000000,-0.246163,1,1.14,1.595,-43.708,1.808,-2.666470
1.768000,0.003,0.026470,-0.031765,4.021,6.51,-0.040214,-0.005841,0.000036,-0.020665,-0.002,0.018,0.050000,-0.030000,0.000000,0.100000,0.000000,-0.246163,1,1.14,1.597,-43.705,1.808,-2.666616
1.770000,0.003,0.027955,-0.031023,4.021,6.51,-0.040045,-0.006233,0.000033,-0.021755,-0.002,0.019,0.050000,-0.030000,0.000000,0.100000,0.000000,-0.246163,1,1.14,1.598,-43.701,1.808,-2.666759
1.772000,0.003,0.034547,-0.027726,4.021,6.51,-0.039864,-0.006625,0.000032,-0.027954,-0.003,0.023,0.050000,-0.030000,0.000000,0.100000,0.000000,-0.246163,1,1.14,1.600,-43.698,1.808,-2.666904
1.774000,0.004,0.029637,-0.030181,4.021,6.51,-0.039622,-0.007027,0.000027,-0.022637,-0.003,0.020,0.050000,-0.030000,0.000000,0.100000,0.000000,-0.246163,1,1.14,1.602,-43.695,1.808,-2.667059
1.776000,0.004,0.030616,-0.029692,4.021,6.51,-0.039433,-0.007418,0.000022,-0.023221,-0.003,0.020,0.050000,-0.030000,0.000000,0.100000,0.000000,-0.246163,1,1.14,1.603,-43.692,1.808,-2.667205
1.778000,0.004,0.027306,-0.031347,4.021,6.51,-0.039238,-0.007807,-0.000026,-0.019473,-0.003,0.018,0.050000,-0.030000,0.000000,0.100000,0.000000,-0.246163,1,1.14,1.605,-43.689,1.808,-2.667350
1.780000,0.004,0.026709,-0.031645,4.021,6.51,-0.039080,-0.008189,-0.000031,-0.018489,-0.003,0.018,0.045313,-0.030000,0.000000,0.090625,0.000000,-0.223086,1,1.14,1.607,-43.685,1.808,-2.667489
1.782000,0.004,0.025004,-0.032498,4.021,6.51,-0.038932,-0.008566,-0.000034,-0.016404,-0.004,0.017,0.045313,-0.030000,0.000000,0.090625,0.000000,-0.223086,1,1.14,1.608,-43.682,1.808,-2.667625
1.784000,0.004,0.024513,-0.032744,4.021,6.51,-0.038803,-0.008938,-0.000043,-0.015532,-0.004,0.016,0.045313,-0.030000,0.000000,0.090625,0.000000,-0.223086,1,1.14,1.610,-43.679,1.808,-2.667758
1.786000,0.005,0.028794,-0.030603,4.021,6.51,-0.038682,-0.009307,-0.000045,-0.019442,-0.004,0.019,0.045313,-0.030000,0.000000,0.090625,0.000000,-0.223086,1,1.14,1.612,-43.676,1.808,-2.667888
1.788000,0.005,0.031177,-0.029411,4.021,6.51,-0.038520,-0.009680,-0.000053,-0.021444,-0.004,0.021,0.045313,-0.030000,0.000000,0.090625,0.000000,-0.223086,1,1.14,1.613,-43.673,1.808,-2.668025
1.790000,0.005,0.031932,-0.029034,4.021,6.51,-0.038338,-0.010056,-0.000059,-0.021818,-0.004,0.021,0.045313,-0.030000,0.000000,0.090625,0.000000,-0.223086,1,1.14,1.615,-43.669,1.808,-2.668165
1.792000,0.005,0.026812,-0.031594,4.021,6.51,-0.038152,-0.010430,-0.000068,-0.016314,-0.004,0.018,0.045313,-0.030000,0.000000,0.090625,0.000000,-0.223086,1,1.14,1.617,-43.666,1.808,-2.668306
1.794000,0.005,0.027575,-0.031212,4.021,6.51,-0.038021,-0.010792,-0.000077,-0.016707,-0.005,0.018,0.045313,-0.030000,0.000000,0.090625,0.000000,-0.223086,1,1.14,1.618,-43.663,1.808,-2.668437
1.796000,0.006,0.026596,-0.031702,4.021,6.51,-0.037885,-0.011151,-0.000080,-0.015364,-0.005,0.018,0.045313,-0.030000,0.000000,0.090625,0.000000,-0.223086,1,1.14,1.620,-43.660,1.808,-2.668567
1.798000,0.006,0.032293,-0.028853,4.021,6.51,-0.037761,-0.011507,-0.000083,-0.020703,-0.005,0.022,0.045313,-0.030000,0.000000,0.090625,0.000000,-0.223086,1,1.14,1.622,-43.657,1.808,-2.668695
1.800000,0.006,0.011929,-0.039036,4.021,6.51,-0.037583,-0.011869,0.000000,-0.000060,0.000,0.008,0.045313,-0.030000,0.000000,0.090625,0.000000,-0.223086,1,1.14,1.623,-43.653,1.808,-2.668832
1.802000,0.006,0.014189,-0.037906,4.021,6.51,-0.037612,-0.012192,-0.000010,-0.001986,0.000,0.009,0.045313,-0.030000,0.000000,0.090625,0.000000,-0.223086,1,1.14,1.625,-43.650,1.808,-2.668934
1.804000,0.006,0.020221,-0.034890,4.021,6.51,-0.037618,-0.012516,-0.000014,-0.007691,0.000,0.013,0.045313,-0.030000,0.000000,0.090625,0.000000,-0.223086,1,1.14,1.627,-43.647,1.808,-2.669037
1.806000,0.006,0.022604,-0.033698,4.021,6.51,-0.037563,-0.012848,-0.000024,-0.009732,0.000,0.015,0.045313,-0.030000,0.000000,0.090625,0.000000,-0.223086,1,1.14,1.628,-43.644,1.808,-2.669151
1.808000,0.007,0.027066,-0.031467,4.021,6.51,-0.037486,-0.013182,-0.000030,-0.013855,-0.006,0.018,0.045313,-0.030000,0.000000,0.090625,0.000000,-0.223086,1,1.14,1.630,-43.640,1.808,-2.669269
1.810000,0.007,0.029407,-0.030296,4.021,6.51,-0.037365,-0.013521,-0.000041,-0.015846,-0.006,0.020,0.045313,-0.030000,0.000000,0.090625,0.000000,-0.223086,1,1.14,1.632,-43.637,1.808,-2.669395
1.812000,0.007,0.033121,-0.028440,4.021,6.51,-0.037224,-0.013861,-0.000045,-0.019215,-0.006,0.022,0.045313,-0.030000,0.000000,0.090625,0.000000,-0.223086,1,1.14,1.633,-43.634,1.808,-2.669524
1.814000,0.007,0.030330,-0.029835,4.021,6.51,-0.037049,-0.014204,-0.000055,-0.016071,-0.006,0.020,0.045313,-0.030000,0.000000,0.090625,0.000000,-0.223086,1,1.14,1.635,-43.631,1.808,-2.669660
1.816000,0.007,0.032385,-0.028807,4.021,6.51,-0.036904,-0.014538,-0.000061,-0.017786,-0.007,0.022,0.045313,-0.030000,0.000000,0.090625,0.000000,-0.223086,1,1.14,1.637,-43.628,1.808,-2.669790
1.818000,0.007,0.030594,-0.029703,4.021,6.51,-0.036742,-0.014872,-0.000074,-0.015649,-0.007,0.020,0.045313,-0.030000,0.000000,0.090625,0.000000,-0.223086,1,1.14,1.638,-43.624,1.808,-2.669922
1.820000,0.008,0.032768,-0.028616,4.021,6.51,-0.036601,-0.015198,-0.000080,-0.017490,-0.007,0.022,0.045313,-0.030000,0.000000,0.090625,0.000000,-0.223086,1,1.14,1.640,-43.621,1.807,-2.670050
1.822000,0.008,0.029616,-0.030192,4.021,6.51,-0.036442,-0.015523,-0.000094,-0.013998,-0.007,0.020,0.045313,-0.030000,0.000000,0.090625,0.000000,-0.223086,1,1.14,1.642,-43.618,1.807,-2.670181
1.824000,0.008,0.028506,-0.030747,4.021,6.51,-0.036317,-0.015839,-0.000117,-0.012550,-0.007,0.019,0.045313,-0.030000,0.000000,0.090625,0.000000,-0.223086,1,1.14,1.643,-43.615,1.807,-2.670305
1.826000,0.008,0.029226,-0.030387,4.021,6.51,-0.036205,-0.016149,-0.000123,-0.012954,-0.007,0.019,0.045313,-0.030000,0.000000,0.090625,0.000000,-0.223086,1,1.14,1.645,-43.612,1.807,-2.670427
1.828000,0.008,0.027894,-0.031053,4.021,6.51,-0.036089,-0.016456,-0.000227,-0.011211,-0.008,0.019,0.045313,-0.030000,0.000000,0.090625,0.000000,-0.223086,1,1.14,1.647,-43.608,1.807,-2.670548
1.830000,0.008,0.027472,-0.031264,4.021,6.51,-0.035988,-0.016757,-0.000235,-0.010480,-0.008,0.018,0.045313,-0.030000,0.000000,0.090625,0.000000,-0.223086,1,1.14,1.648,-43.605,1.807,-2.670667
1.832000,0.009,0.027699,-0.031151,4.021,6.51,-0.035894,-0.017054,-0.000249,-0.010395,-0.008,0.018,0.045313,-0.030000,0.000000,0.090625,0.000000,-0.223086,1,1.14,1.650,-43.602,1.807,-2.670785
1.834000,0.009,0.032069,-0.028965,4.021,6.51,-0.035799,-0.017348,-0.000254,-0.014467,-0.008,0.021,0.045313,-0.030000,0.000000,0.090625,0.000000,-0.223086,1,1.14,1.651,-43.599,1.807,-2.670902
1.836000,0.009,0.034656,-0.027672,4.021,6.51,-0.035662,-0.017646,-0.000258,-0.016752,-0.008,0.023,0.045313,-0.030000,0.000000,0.090625,0.000000,-0.223086,1,1.14,1.653,-43.596,1.807,-2.671026
1.838000,0.009,0.037204,-0.026398,4.021,6.51,-0.035503,-0.017945,-0.000269,-0.018990,-0.008,0.025,0.045313,-0.030000,0.000000,0.090625,0.000000,-0.223086,1,1.14,1.655,-43.592,1.807,-2.671154
1.840000,0.009,0.035497,-0.027252,4.021,6.51,-0.035321,-0.018245,-0.000294,-0.016958,-0.009,0.024,0.042188,-0.030000,0.000000,0.084375,0.000000,-0.207700,1,1.14,1.656,-43.589,1.807,-2.671285
1.842000,0.009,0.036505,-0.026748,4.021,6.51,-0.035159,-0.018539,-0.000305,-0.017660,-0.009,0.024,0.042188,-0.030000,0.000000,0.084375,0.000000,-0.207700,1,1.14,1.658,-43.586,1.807,-2.671413
1.844000,0.009,0.033866,-0.028067,4.021,6.51,-0.034991,-0.018831,-0.000317,-0.014718,-0.009,0.023,0.042188,-0.030000,0.000000,0.084375,0.000000,-0.207700,1,1.14,1.660,-43.583,1.807,-2.671542
1.846000,0.010,0.030342,-0.029829,4.021,6.51,-0.034852,-0.019115,-0.000327,-0.010900,-0.009,0.020,0.042188,-0.030000,0.000000,0.084375,0.000000,-0.207700,1,1.14,1.661,-43.579,1.807,-2.671664
1.848000,0.010,0.029880,-0.030060,4.021,6.51,-0.034752,-0.019389,-0.000343,-0.010148,-0.009,0.020,0.042188,-0.030000,0.000000,0.084375,0.000000,-0.207700,1,1.14,1.663,-43.576,1.807,-2.671780
1.850000,0.010,0.030954,-0.029523,4.021,6.51,-0.034658,-0.019659,-0.000357,-0.010938,-0.009,0.021,0.042188,-0.030000,0.000000,0.084375,0.000000,-0.207700,1,1.14,1.665,-43.573,1.807,-2.671894
1.852000,0.010,0.031209,-0.029396,4.021,6.51,-0.034555,-0.019928,-0.000368,-0.010913,-0.009,0.021,0.042188,-0.030000,0.000000,0.084375,0.000000,-0.207700,1,1.14,1.666,-43.570,1.808,-2.672009
1.854000,0.010,0.030953,-0.029524,4.021,6.51,-0.034452,-0.020194,-0.000383,-0.010376,-0.010,0.021,0.042188,-0.030000,0.000000,0.084375,0.000000,-0.207700,1,1.14,1.668,-43.567,1.808,-2.672123
1.856000,0.010,0.030677,-0.029661,4.021,6.51,-0.034354,-0.020456,-0.000396,-0.009825,-0.010,0.020,0.042188,-0.030000,0.000000,0.084375,0.000000,-0.207700,1,1.14,1.670,-43.563,1.808,-2.672237
1.858000,0.010,0.031775,-0.029112,4.021,6.51,-0.034260,-0.020715,-0.000407,-0.010654,-0.010,0.021,0.042188,-0.030000,0.000000,0.084375,0.000000,-0.207700,1,1.14,1.671,-43.560,1.808,-2.672350
1.860000,0.010,0.032094,-0.028953,4.021,6.51,-0.034157,-0.020972,-0.000421,-0.010701,-0.010,0.021,0.042188,-0.030000,0.000000,0.084375,0.000000,-0.207700,1,1.14,1.673,-43.557,1.808,-2.672464
1.862000,0.011,0.033459,-0.028270,4.021,6.51,-0.034053,-0.021227,-0.000428,-0.011804,-0.010,0.022,0.042188,-0.030000,0.000000,0.084375,0.000000,-0.207700,1,1.14,1.674,-43.554,1.808,-2.672577
1.864000,0.011,0.034800,-0.027600,4.021,6.51,-0.033937,-0.021482,-0.000438,-0.012880,-0.010,0.023,0.042188,-0.030000,0.000000,0.084375,0.000000,-0.207700,1,1.14,1.676,-43.550,1.808,-2.672693
1.866000,0.011,0.034558,-0.027721,4.021,6.51,-0.033810,-0.021735,-0.000456,-0.012367,-0.010,0.023,0.042188,-0.030000,0.000000,0.084375,0.000000,-0.207700,1,1.14,1.678,-43.547,1.808,-2.672810
1.868000,0.011,0.034388,-0.027806,4.021,6.51,-0.033689,-0.021985,-0.000469,-0.011934,-0.010,0.023,0.042188,-0.030000,0.000000,0.084375,0.000000,-0.207700,1,1.14,1.679,-43.544,1.808,-2.672926
1.870000,0.011,0.033758,-0.028121,4.021,6.51,-0.033571,-0.022230,-0.000494,-0.011033,-0.011,0.023,0.042188,-0.030000,0.000000,0.084375,0.000000,-0.207700,1,1.14,1.681,-43.541,1.808,-2.673042
1.872000,0.011,0.031414,-0.029293,4.021,6.51,-0.033462,-0.022472,-0.000525,-0.008417,-0.011,0.021,0.042188,-0.030000,0.000000,0.084375,0.000000,-0.207700,1,1.14,1.683,-43.538,1.808,-2.673155
1.874000,0.011,0.032171,-0.028915,4.021,6.51,-0.033379,-0.022706,-0.000533,-0.008932,-0.011,0.021,0.042188,-0.030000,0.000000,0.084375,0.000000,-0.207700,1,1.14,1.684,-43.534,1.808,-2.673263
1.876000,0.011,0.032925,-0.028538,4.021,6.51,-0.033289,-0.022938,-0.000546,-0.009441,-0.011,0.022,0.042188,-0.030000,0.000000,0.084375,0.000000,-0.207700,1,1.14,1.686,-43.531,1.808,-2.673372
1.878000,0.012,0.031357,-0.029321,4.021,6.51,-0.033194,-0.023168,-0.000695,-0.007494,-0.011,0.021,0.042188,-0.030000,0.000000,0.084375,0.000000,-0.207700,1,1.14,1.688,-43.528,1.808,-2.673482
1.880000,0.012,0.031375,-0.029312,4.021,6.51,-0.033117,-0.023392,-0.000727,-0.007257,-0.011,0.021,0.039062,-0.030000,0.000000,0.078125,0.000000,-0.192315,1,1.14,1.689,-43.525,1.808,-2.673589
1.882000,0.012,0.033702,-0.028149,4.021,6.51,-0.033041,-0.023612,-0.000736,-0.009354,-0.011,0.022,0.039062,-0.030000,0.000000,0.078125,0.000000,-0.192315,1,1.14,1.691,-43.521,1.808,-2.673694
1.884000,0.012,0.032289,-0.028855,4.021,6.51,-0.032943,-0.023834,-0.000752,-0.007703,-0.011,0.022,0.039062,-0.030000,0.000000,0.078125,0.000000,-0.192315,1,1.14,1.692,-43.518,1.808,-2.673804
1.886000,0.012,0.032542,-0.028729,4.021,6.51,-0.032861,-0.024050,-0.000764,-0.007728,-0.012,0.022,0.039062,-0.030000,0.000000,0.078125,0.000000,-0.192315,1,1.14,1.694,-43.515,1.808,-2.673910
1.888000,0.012,0.033725,-0.028137,4.021,6.51,-0.032778,-0.024263,-0.000787,-0.008675,-0.012,0.022,0.039062,-0.030000,0.000000,0.078125,0.000000,-0.192315,1,1.14,1.696,-43.512,1.808,-2.674017
1.890000,0.012,0.036885,-0.026557,4.021,6.51,-0.032686,-0.024475,-0.000794,-0.011616,-0.012,0.025,0.039062,-0.030000,0.000000,0.078125,0.000000,-0.192315,1,1.14,1.697,-43.508,1.808,-2.674125
1.892000,0.012,0.035583,-0.027208,4.021,6.51,-0.032563,-0.024689,-0.000812,-0.010082,-0.012,0.024,0.039062,-0.030000,0.000000,0.078125,0.000000,-0.192315,1,1.14,1.699,-43.505,1.808,-2.674237
1.894000,0.012,0.036089,-0.026956,4.021,6.51,-0.032456,-0.024898,-0.000826,-0.010365,-0.012,0.024,0.039062,-0.030000,0.000000,0.078125,0.000000,-0.192315,1,1.14,1.701,-43.502,1.808,-2.674348
1.896000,0.013,0.035317,-0.027341,4.021,6.51,-0.032346,-0.025105,-0.000849,-0.009363,-0.012,0.024,0.039062,-0.030000,0.000000,0.078125,0.000000,-0.192315,1,1.14,1.702,-43.499,1.808,-2.674458
1.898000,0.013,0.037233,-0.026383,4.021,6.51,-0.032246,-0.025306,-0.000858,-0.011069,-0.012,0.025,0.039062,-0.030000,0.000000,0.078125,0.000000,-0.192315,1,1.14,1.704,-43.496,1.808,-2.674566
1.900000,0.013,0.025632,-0.032184,4.021,6.51,-0.032129,-0.025508,0.000000,-0.000124,0.000,0.017,0.039062,-0.030000,0.000000,0.078125,0.000000,-0.192315,1,1.14,1.705,-43.492,1.808,-2.674677
1.902000,0.013,0.027295,-0.031353,4.021,6.51,-0.032130,-0.025686,-0.000016,-0.001593,0.000,0.018,0.039062,-0.030000,0.000000,0.078125,0.000000,-0.192315,1,1.14,1.707,-43.489,1.808,-2.674767
1.904000,0.013,0.028669,-0.030665,4.021,6.51,-0.032114,-0.025864,-0.000035,-0.002770,0.000,0.019,0.039062,-0.030000,0.000000,0.078125,0.000000,-0.192315,1,1.14,1.709,-43.486,1.808,-2.674859
1.906000,0.013,0.031460,-0.029270,4.021,6.51,-0.032085,-0.026041,-0.000044,-0.005375,0.000,0.021,0.039062,-0.030000,0.000000,0.078125,0.000000,-0.192315,1,1.14,1.710,-43.483,1.808,-2.674954
1.908000,0.013,0.032983,-0.028509,4.021,6.51,-0.032029,-0.026220,-0.000062,-0.006700,-0.013,0.022,0.039062,-0.030000,0.000000,0.078125,0.000000,-0.192315,1,1.14,1.712,-43.479,1.808,-2.675053
1.910000,0.013,0.034630,-0.027685,4.021,6.51,-0.031959,-0.026400,-0.000077,-0.008153,-0.013,0.023,0.039062,-0.030000,0.000000,0.078125,0.000000,-0.192315,1,1.14,1.714,-43.476,1.808,-2.675154
1.912000,0.013,0.034554,-0.027723,4.021,6.51,-0.031873,-0.026580,-0.000097,-0.007878,-0.013,0.023,0.039062,-0.030000,0.000000,0.078125,0.000000,-0.192315,1,1.14,1.715,-43.473,1.808,-2.675259
1.914000,0.013,0.034619,-0.027690,4.021,6.51,-0.031790,-0.026756,-0.000119,-0.007744,-0.013,0.023,0.039062,-0.030000,0.000000,0.078125,0.000000,-0.192315,1,1.14,1.717,-43.470,1.808,-2.675363
1.916000,0.013,0.033725,-0.028138,4.021,6.51,-0.031708,-0.026930,-0.000135,-0.006660,-0.013,0.022,0.039062,-0.030000,0.000000,0.078125,0.000000,-0.192315,1,1.14,1.718,-43.466,1.808,-2.675466
1.918000,0.014,0.033948,-0.028026,4.021,6.51,-0.031637,-0.027098,-0.000151,-0.006698,-0.013,0.023,0.039062,-0.030000,0.000000,0.078125,0.000000,-0.192315,1,1.14,1.720,-43.463,1.808,-2.675567
1.920000,0.014,0.033646,-0.028177,4.021,6.51,-0.031564,-0.027264,-0.000172,-0.006209,-0.013,0.022,0.039062,-0.030000,0.000000,0.078125,0.000000,-0.192315,1,1.14,1.722,-43.460,1.808,-2.675669
1.922000,0.014,0.034360,-0.027820,4.021,6.51,-0.031497,-0.027427,-0.000185,-0.006748,-0.013,0.023,0.039062,-0.030000,0.000000,0.078125,0.000000,-0.192315,1,1.14,1.723,-43.457,1.808,-2.675769
1.924000,0.014,0.034681,-0.027659,4.021,6.51,-0.031423,-0.027588,-0.000204,-0.006890,-0.013,0.023,0.039062,-0.030000,0.000000,0.078125,0.000000,-0.192315,1,1.14,1.725,-43.454,1.808,-2.675870
1.926000,0.014,0.035283,-0.027358,4.021,6.51,-0.031348,-0.027746,-0.000215,-0.007321,-0.014,0.024,0.039062,-0.030000,0.000000,0.078125,0.000000,-0.192315,1,1.14,1.726,-43.450,1.808,-2.675971
1.928000,0.014,0.035672,-0.027164,4.021,6.51,-0.031268,-0.027903,-0.000229,-0.007540,-0.014,0.024,0.039062,-0.030000,0.000000,0.078125,0.000000,-0.192315,1,1.14,1.728,-43.447,1.808,-2.676073
1.930000,0.014,0.035037,-0.027481,4.021,6.51,-0.031186,-0.028057,-0.000404,-0.006575,-0.014,0.023,0.039062,-0.030000,0.000000,0.078125,0.000000,-0.192315,1,1.14,1.730,-43.444,1.808,-2.676175
1.932000,0.014,0.034803,-0.027598,4.021,6.51,-0.031112,-0.028207,-0.000420,-0.006176,-0.014,0.023,0.039062,-0.030000,0.000000,0.078125,0.000000,-0.192315,1,1.14,1.731,-43.441,1.808,-2.676275
1.934000,0.014,0.034363,-0.027819,4.021,6.51,-0.031042,-0.028354,-0.000457,-0.005551,-0.014,0.023,0.039062,-0.030000,0.000000,0.078125,0.000000,-0.192315,1,1.14,1.733,-43.437,1.808,-2.676374
1.936000,0.014,0.033775,-0.028112,4.021,6.51,-0.030977,-0.028497,-0.000474,-0.004804,-0.014,0.023,0.039062,-0.030000,0.000000,0.078125,0.000000,-0.192315,1,1.14,1.734,-43.434,1.808,-2.676473
1.938000,0.014,0.033350,-0.028325,4.021,6.51,-0.030920,-0.028636,-0.000494,-0.004219,-0.014,0.022,0.039062,-0.030000,0.000000,0.078125,0.000000,-0.192315,1,1.14,1.736,-43.431,1.808,-2.676569
1.940000,0.014,0.036923,-0.026538,4.021,6.51,-0.030868,-0.028771,-0.000500,-0.007652,-0.014,0.025,0.035937,-0.030000,0.000000,0.071875,0.000000,-0.176930,1,1.14,1.738,-43.428,1.808,-2.676665
1.942000,0.014,0.036544,-0.026728,4.021,6.51,-0.030782,-0.028910,-0.000525,-0.007109,-0.014,0.024,0.035937,-0.030000,0.000000,0.071875,0.000000,-0.176930,1,1.14,1.739,-43.424,1.808,-2.676766
1.944000,0.015,0.037548,-0.026226,4.021,6.51,-0.030700,-0.029045,-0.000539,-0.007963,-0.014,0.025,0.035937,-0.030000,0.000000,0.071875,0.000000,-0.176930,1,1.14,1.741,-43.421,1.808,-2.676867
1.946000,0.015,0.037938,-0.026031,4.021,6.51,-0.030611,-0.029180,-0.000553,-0.008206,-0.014,0.025,0.035937,-0.030000,0.000000,0.071875,0.000000,-0.176930,1,1.14,1.742,-43.418,1.808,-2.676969
1.948000,0.015,0.039979,-0.025010,4.021,6.51,-0.030519,-0.029311,-0.000559,-0.010109,-0.014,0.027,0.035937,-0.030000,0.000000,0.071875,0.000000,-0.176930,1,1.14,1.744,-43.415,1.808,-2.677071
1.950000,0.015,0.037601,-0.026199,4.021,6.51,-0.030409,-0.029444,-0.000578,-0.007579,-0.014,0.025,0.035937,-0.030000,0.000000,0.071875,0.000000,-0.176930,1,1.14,1.746,-43.411,1.808,-2.677176
1.952000,0.015,0.037994,-0.026003,4.021,6.51,-0.030325,-0.029569,-0.000596,-0.007829,-0.015,0.025,0.035937,-0.030000,0.000000,0.071875,0.000000,-0.176930,1,1.14,1.747,-43.408,1.808,-2.677276
1.954000,0.015,0.038063,-0.025969,4.021,6.51,-0.030239,-0.029691,-0.000610,-0.007762,-0.015,0.025,0.035937,-0.030000,0.000000,0.071875,0.000000,-0.176930,1,1.14,1.749,-43.405,1.808,-2.677376
1.956000,0.015,0.037713,-0.026144,4.021,6.51,-0.030153,-0.029811,-0.000628,-0.007273,-0.015,0.025,0.035937,-0.030000,0.000000,0.071875,0.000000,-0.176930,1,1.14,1.750,-43.402,1.808,-2.677476
1.958000,0.015,0.036424,-0.026788,4.021,6.51,-0.030073,-0.029927,-0.000640,-0.005857,-0.015,0.024,0.035937,-0.030000,0.000000,0.071875,0.000000,-0.176930,1,1.14,1.752,-43.398,1.808,-2.677574
1.960000,0.015,0.036732,-0.026634,4.021,6.51,-0.030007,-0.030038,-0.000654,-0.006041,-0.015,0.024,0.035937,-0.030000,0.000000,0.071875,0.000000,-0.176930,1,1.14,1.754,-43.395,1.808,-2.677670
1.962000,0.015,0.036487,-0.026756,4.021,6.51,-0.029940,-0.030147,-0.000678,-0.005662,-0.015,0.024,0.035937,-0.030000,0.000000,0.071875,0.000000,-0.176930,1,1.14,1.755,-43.392,1.808,-2.677766
1.964000,0.015,0.036910,-0.026545,4.021,6.51,-0.029876,-0.030252,-0.000688,-0.005970,-0.015,0.025,0.035937,-0.030000,0.000000,0.071875,0.000000,-0.176930,1,1.14,1.757,-43.389,1.808,-2.677861
1.966000,0.015,0.036826,-0.026587,4.021,6.51,-0.029810,-0.030355,-0.000709,-0.005763,-0.015,0.025,0.035937,-0.030000,0.000000,0.071875,0.000000,-0.176930,1,1.14,1.758,-43.385,1.808,-2.677957
1.968000,0.015,0.036576,-0.026712,4.021,6.51,-0.029745,-0.030455,-0.000722,-0.005399,-0.015,0.024,0.035937,-0.030000,0.000000,0.071875,0.000000,-0.176930,1,1.14,1.760,-43.382,1.808,-2.678051
1.970000,0.015,0.036379,-0.026810,4.021,6.51,-0.029684,-0.030552,-0.000739,-0.005089,-0.015,0.024,0.035937,-0.030000,0.000000,0.071875,0.000000,-0.176930,1,1.14,1.762,-43.379,1.808,-2.678145
1.972000,0.015,0.037920,-0.026040,4.021,6.51,-0.029627,-0.030645,-0.000746,-0.006529,-0.015,0.025,0.035937,-0.030000,0.000000,0.071875,0.000000,-0.176930,1,1.14,1.763,-43.376,1.808,-2.678239
1.974000,0.015,0.037031,-0.026485,4.021,6.51,-0.029555,-0.030739,-0.000768,-0.005524,-0.015,0.025,0.035937,-0.030000,0.000000,0.071875,0.000000,-0.176930,1,1.14,1.765,-43.372,1.808,-2.678334
1.976000,0.015,0.037226,-0.026387,4.021,6.51,-0.029494,-0.030828,-0.000784,-0.005614,-0.015,0.025,0.035937,-0.030000,0.000000,0.071875,0.000000,-0.176930,1,1.14,1.766,-43.369,1.808,-2.678428
1.978000,0.015,0.037082,-0.026459,4.021,6.51,-0.029432,-0.030915,-0.000799,-0.005368,-0.015,0.025,0.035937,-0.030000,0.000000,0.071875,0.000000,-0.176930,1,1.14,1.768,-43.366,1.808,-2.678522
1.980000,0.015,0.036529,-0.026735,4.021,6.51,-0.029372,-0.030999,-0.000997,-0.004534,-0.015,0.024,0.034375,-0.030000,0.000000,0.068750,0.000000,-0.169237,1,1.14,1.770,-43.363,1.808,-2.678614
1.982000,0.016,0.035050,-0.027475,4.021,6.51,-0.029319,-0.031079,-0.001021,-0.002950,-0.015,0.023,0.034375,-0.030000,0.000000,0.068750,0.000000,-0.169237,1,1.14,1.771,-43.359,1.808,-2.678706
1.984000,0.016,0.034956,-0.027522,4.021,6.51,-0.029283,-0.031153,-0.001046,-0.002757,-0.015,0.023,0.034375,-0.030000,0.000000,0.068750,0.000000,-0.169237,1,1.14,1.773,-43.356,1.808,-2.678795
1.986000,0.016,0.035458,-0.027271,4.021,6.51,-0.029247,-0.031225,-0.001055,-0.003179,-0.015,0.024,0.034375,-0.030000,0.000000,0.068750,0.000000,-0.169237,1,1.14,1.774,-43.353,1.808,-2.678883
1.988000,0.016,0.035340,-0.027330,4.021,6.51,-0.029208,-0.031294,-0.001071,-0.002974,-0.015,0.024,0.034375,-0.030000,0.000000,0.068750,0.000000,-0.169237,1,1.14,1.776,-43.350,1.808,-2.678972
1.990000,0.016,0.035954,-0.027023,4.021,6.51,-0.029170,-0.031361,-0.001089,-0.003504,-0.016,0.024,0.034375,-0.030000,0.000000,0.068750,0.000000,-0.169237,1,1.14,1.778,-43.346,1.808,-2.679060
1.992000,0.016,0.035873,-0.027064,4.021,6.51,-0.029127,-0.031427,-0.001119,-0.003327,-0.016,0.024,0.034375,-0.030000,0.000000,0.068750,0.000000,-0.169237,1,1.14,1.779,-43.343,1.808,-2.679149
1.994000,0.016,0.036295,-0.026853,4.021,6.51,-0.029086,-0.031490,-0.001131,-0.003673,-0.016,0.024,0.034375,-0.030000,0.000000,0.068750,0.000000,-0.169237,1,1.14,1.781,-43.340,1.808,-2.679238
1.996000,0.016,0.035744,-0.027128,4.021,6.51,-0.029041,-0.031551,-0.001147,-0.003047,-0.016,0.024,0.034375,-0.030000,0.000000,0.068750,0.000000,-0.169237,1,1.14,1.782,-43.337,1.808,-2.679327
1.998000,0.016,0.036511,-0.026745,4.021,6.51,-0.029003,-0.031608,-0.001153,-0.003750,-0.016,0.024,0.034375,-0.030000,0.000000,0.068750,0.000000,-0.169237,1,1.14,1.784,-43.333,1.808,-2.679415
2.000000,0.016,0.031812,-0.029094,4.021,6.51,-0.028958,-0.031664,0.000000,-0.000148,0.000,0.021,0.034375,-0.030000,0.000000,0.068750,0.000000,-0.169237,1,1.14,1.785,-43.330,1.808,-2.679505
2.002000,0.016,0.032445,-0.028777,4.021,6.51,-0.028961,-0.031709,-0.000012,-0.000724,0.000,0.022,0.034375,-0.030000,0.000000,0.068750,0.000000,-0.169237,1,1.14,1.787,-43.327,1.808,-2.679585
2.004000,0.016,0.032945,-0.028528,4.021,6.51,-0.028957,-0.031752,-0.000028,-0.001165,0.000,0.022,0.034375,-0.030000,0.000000,0.068750,0.000000,-0.169237,1,1.14,1.789,-43.324,1.808,-2.679667
2.006000,0.016,0.033797,-0.028102,4.021,6.51,-0.028948,-0.031794,-0.000036,-0.001967,0.000,0.023,0.034375,-0.030000,0.000000,0.068750,0.000000,-0.169237,1,1.14,1.790,-43.320,1.808,-2.679749
2.008000,0.016,0.034048,-0.027976,4.021,6.51,-0.028931,-0.031835,-0.000074,-0.002139,-0.016,0.023,0.034375,-0.030000,0.000000,0.068750,0.000000,-0.169237,1,1.14,1.792,-43.317,1.808,-2.679833
2.010000,0.016,0.034341,-0.027829,4.021,6.51,-0.028912,-0.031874,-0.000090,-0.002377,-0.016,0.023,0.034375,-0.030000,0.000000,0.068750,0.000000,-0.169237,1,1.14,1.793,-43.314,1.808,-2.679918
2.012000,0.016,0.034150,-0.027925,4.021,6.51,-0.028891,-0.031911,-0.000108,-0.002130,-0.016,0.023,0.034375,-0.030000,0.000000,0.068750,0.000000,-0.169237,1,1.14,1.795,-43.311,1.808,-2.680002
2.014000,0.016,0.034188,-0.027906,4.021,6.51,-0.028871,-0.031945,-0.000121,-0.002121,-0.016,0.023,0.034375,-0.030000,0.000000,0.068750,0.000000,-0.169237,1,1.14,1.796,-43.307,1.808,-2.680087
2.016000,0.016,0.033672,-0.028164,4.021,6.51,-0.028852,-0.031977,-0.000143,-0.001552,-0.016,0.022,0.034375,-0.030000,0.000000,0.068750,0.000000,-0.169237,1,1.14,1.798,-43.304,1.808,-2.680171
2.018000,0.016,0.033768,-0.028116,4.021,6.51,-0.028838,-0.032006,-0.000164,-0.001599,-0.016,0.023,0.034375,-0.030000,0.000000,0.068750,0.000000,-0.169237,1,1.14,1.800,-43.301,1.808,-2.680254
2.020000,0.016,0.033621,-0.028190,4.021,6.51,-0.028824,-0.032032,-0.000186,-0.001403,-0.016,0.022,0.034375,-0.030000,0.000000,0.068750,0.000000,-0.169237,1,1.14,1.801,-43.298,1.808,-2.680337
2.022000,0.016,0.033509,-0.028245,4.021,6.51,-0.028811,-0.032055,-0.000207,-0.001246,-0.016,0.022,0.034375,-0.030000,0.000000,0.068750,0.000000,-0.169237,1,1.14,1.803,-43.294,1.808,-2.680420
2.024000,0.016,0.033220,-0.028390,4.021,6.51,-0.028800,-0.032076,-0.000250,-0.000894,-0.016,0.022,0.034375,-0.030000,0.000000,0.068750,0.000000,-0.169237,1,1.14,1.804,-43.291,1.808,-2.680503
2.026000,0.016,0.033270,-0.028365,4.021,6.51,-0.028792,-0.032094,-0.000261,-0.000915,-0.016,0.022,0.034375,-0.030000,0.000000,0.068750,0.000000,-0.169237,1,1.14,1.806,-43.288,1.808,-2.680585
2.028000,0.016,0.033406,-0.028297,4.021,6.51,-0.028783,-0.032110,-0.000268,-0.001027,-0.016,0.022,0.034375,-0.030000,0.000000,0.068750,0.000000,-0.169237,1,1.14,1.808,-43.285,1.808,-2.680667
2.030000,0.016,0.033439,-0.028281,4.021,6.51,-0.028773,-0.032123,-0.000468,-0.000848,-0.016,0.022,0.034375,-0.030000,0.000000,0.068750,0.000000,-0.169237,1,1.14,1.809,-43.281,1.808,-2.680750
2.032000,0.016,0.033362,-0.028319,4.021,6.51,-0.028764,-0.032134,-0.000514,-0.000714,-0.016,0.022,0.034375,-0.030000,0.000000,0.068750,0.000000,-0.169237,1,1.14,1.811,-43.278,1.808,-2.680832
2.034000,0.016,0.033462,-0.028269,4.021,6.51,-0.028755,-0.032143,-0.000522,-0.000797,-0.016,0.022,0.034375,-0.030000,0.000000,0.068750,0.000000,-0.169237,1,1.14,1.812,-43.275,1.808,-2.680914
2.036000,0.016,0.033284,-0.028358,4.021,6.51,-0.028745,-0.032149,-0.000543,-0.000592,-0.016,0.022,0.034375,-0.030000,0.000000,0.068750,0.000000,-0.169237,1,1.14,1.814,-43.272,1.808,-2.680996
2.038000,0.016,0.033006,-0.028497,4.021,6.51,-0.028737,-0.032153,-0.000562,-0.000291,-0.016,0.022,0.034375,-0.030000,0.000000,0.068750,0.000000,-0.169237,1,1.14,1.815,-43.268,1.808,-2.681078
2.040000,0.016,0.033027,-0.028487,4.021,6.51,-0.028732,-0.032153,-0.000589,-0.000284,-0.016,0.022,0.032812,-0.030000,0.000000,0.065625,0.000000,-0.161545,1,1.14,1.817,-43.265,1.808,-2.681160
2.042000,0.016,0.032992,-0.028504,4.021,6.51,-0.028728,-0.032152,-0.000609,-0.000232,-0.016,0.022,0.032812,-0.030000,0.000000,0.065625,0.000000,-0.161545,1,1.14,1.819,-43.262,1.808,-2.681241
2.044000,0.016,0.032809,-0.028596,4.021,6.51,-0.028723,-0.032148,-0.000627,-0.000034,-0.016,0.022,0.032812,-0.030000,0.000000,0.065625,0.000000,-0.161545,1,1.14,1.820,-43.259,1.808,-2.681322
2.046000,0.016,0.032622,-0.028689,4.021,6.51,-0.028721,-0.032141,-0.000635,0.000154,-0.016,0.022,0.032812,-0.030000,0.000000,0.065625,0.000000,-0.161545,1,1.14,1.822,-43.255,1.808,-2.681403
2.048000,0.016,0.032576,-0.028712,4.021,6.51,-0.028720,-0.032131,-0.000671,0.000226,-0.016,0.022,0.032812,-0.030000,0.000000,0.065625,0.000000,-0.161545,1,1.14,1.823,-43.252,1.808,-2.681484
2.050000,0.016,0.032468,-0.028766,4.021,6.51,-0.028720,-0.032119,-0.000688,0.000340,-0.016,0.022,0.032812,-0.030000,0.000000,0.065625,0.000000,-0.161545,1,1.14,1.825,-43.249,1.808,-2.681565
2.052000,0.016,0.032136,-0.028932,4.021,6.51,-0.028721,-0.032105,-0.000695,0.000664,-0.016,0.021,0.032812,-0.030000,0.000000,0.065625,0.000000,-0.161545,1,1.14,1.826,-43.246,1.808,-2.681645
2.054000,0.016,0.032075,-0.028962,4.021,6.51,-0.028725,-0.032088,-0.000722,0.000734,-0.016,0.021,0.032812,-0.030000,0.000000,0.065625,0.000000,-0.161545,1,1.14,1.828,-43.242,1.808,-2.681725
2.056000,0.016,0.032001,-0.029000,4.021,6.51,-0.028730,-0.032068,-0.000737,0.000804,-0.016,0.021,0.032812,-0.030000,0.000000,0.065625,0.000000,-0.161545,1,1.14,1.829,-43.239,1.808,-2.681804
2.058000,0.016,0.031931,-0.029034,4.021,6.51,-0.028735,-0.032046,-0.000766,0.000881,-0.016,0.021,0.032812,-0.030000,0.000000,0.065625,0.000000,-0.161545,1,1.14,1.831,-43.236,1.808,-2.681884
2.060000,0.016,0.031648,-0.029176,4.021,6.51,-0.028741,-0.032022,-0.000777,0.001150,-0.016,0.021,0.032812,-0.030000,0.000000,0.065625,0.000000,-0.161545,1,1.14,1.833,-43.233,1.808,-2.681963
2.062000,0.016,0.031775,-0.029112,4.021,6.51,-0.028750,-0.031994,-0.000798,0.001017,-0.016,0.021,0.032812,-0.030000,0.000000,0.065625,0.000000,-0.161545,1,1.14,1.834,-43.229,1.808,-2.682042
2.064000,0.016,0.031541,-0.029230,4.021,6.51,-0.028757,-0.031965,-0.000813,0.001237,-0.016,0.021,0.032812,-0.030000,0.000000,0.065625,0.000000,-0.161545,1,1.14,1.836,-43.226,1.808,-2.682122
2.066000,0.016,0.031401,-0.029299,4.021,6.51,-0.028766,-0.031933,-0.000828,0.001360,-0.016,0.021,0.032812,-0.030000,0.000000,0.065625,0.000000,-0.161545,1,1.14,1.837,-43.223,1.808,-2.682201
2.068000,0.016,0.031230,-0.029385,4.021,6.51,-0.028777,-0.031899,-0.000848,0.001517,-0.016,0.021,0.032812,-0.030000,0.000000,0.065625,0.000000,-0.161545,1,1.14,1.839,-43.219,1.808,-2.682280
2.070000,0.016,0.031102,-0.029449,4.021,6.51,-0.028789,-0.031862,-0.000860,0.001619,-0.016,0.021,0.032812,-0.030000,0.000000,0.065625,0.000000,-0.161545,1,1.14,1.840,-43.216,1.808,-2.682358
2.072000,0.016,0.030820,-0.029590,4.021,6.51,-0.028802,-0.031822,-0.000874,0.001876,-0.016,0.021,0.032812,-0.030000,0.000000,0.065625,0.000000,-0.161545,1,1.14,1.842,-43.213,1.808,-2.682436
2.074000,0.016,0.030883,-0.029558,4.021,6.51,-0.028818,-0.031780,-0.000901,0.001798,-0.016,0.021,0.032812,-0.030000,0.000000,0.065625,0.000000,-0.161545,1,1.14,1.843,-43.210,1.808,-2.682514
2.076000,0.016,0.030463,-0.029768,4.021,6.51,-0.028833,-0.031736,-0.000911,0.002183,-0.016,0.020,0.032812,-0.030000,0.000000,0.065625,0.000000,-0.161545,1,1.14,1.845,-43.206,1.808,-2.682593
2.078000,0.016,0.030380,-0.029810,4.021,6.51,-0.028852,-0.031688,-0.000933,0.002242,-0.016,0.020,0.032812,-0.030000,0.000000,0.065625,0.000000,-0.161545,1,1.14,1.847,-43.203,1.809,-2.682670
2.080000,0.016,0.030185,-0.029907,4.021,6.51,-0.028871,-0.031639,-0.000945,0.002399,-0.016,0.020,0.032812,-0.030000,0.000000,0.065625,0.000000,-0.161545,1,1.14,1.848,-43.200,1.809,-2.682748
2.082000,0.016,0.030747,-0.029626,4.021,6.51,-0.028892,-0.031587,-0.001140,0.001980,-0.016,0.020,0.032812,-0.030000,0.000000,0.065625,0.000000,-0.161545,1,1.14,1.850,-43.197,1.809,-2.682825
2.084000,0.016,0.030528,-0.029736,4.021,6.51,-0.028906,-0.031534,-0.001160,0.002165,-0.016,0.020,0.032812,-0.030000,0.000000,0.065625,0.000000,-0.161545,1,1.14,1.851,-43.193,1.809,-2.682904
2.086000,0.016,0.031022,-0.029489,4.021,6.51,-0.028923,-0.031478,-0.001201,0.001657,-0.016,0.021,0.032812,-0.030000,0.000000,0.065625,0.000000,-0.161545,1,1.14,1.853,-43.190,1.809,-2.682982
2.088000,0.016,0.031142,-0.029429,4.021,6.51,-0.028934,-0.031421,-0.001246,0.001525,-0.016,0.021,0.032812,-0.030000,0.000000,0.065625,0.000000,-0.161545,1,1.14,1.854,-43.187,1.809,-2.683061
2.090000,0.016,0.031112,-0.029444,4.021,6.51,-0.028944,-0.031362,-0.001260,0.001511,-0.016,0.021,0.032812,-0.030000,0.000000,0.065625,0.000000,-0.161545,1,1.14,1.856,-43.184,1.809,-2.683140
2.092000,0.016,0.030341,-0.029829,4.021,6.51,-0.028954,-0.031301,-0.001273,0.002233,-0.016,0.020,0.032812,-0.030000,0.000000,0.065625,0.000000,-0.161545,1,1.14,1.857,-43.180,1.809,-2.683220
2.094000,0.016,0.030212,-0.029894,4.021,6.51,-0.028972,-0.031236,-0.001293,0.002317,-0.016,0.020,0.032812,-0.030000,0.000000,0.065625,0.000000,-0.161545,1,1.14,1.859,-43.177,1.809,-2.683298
2.096000,0.016,0.029929,-0.030035,4.021,6.51,-0.028990,-0.031169,-0.001316,0.002556,-0.016,0.020,0.032812,-0.030000,0.000000,0.065625,0.000000,-0.161545,1,1.14,1.861,-43.174,1.809,-2.683376
2.098000,0.016,0.028839,-0.030580,4.021,6.51,-0.029011,-0.031099,-0.001325,0.003584,-0.016,0.019,0.032812,-0.030000,0.000000,0.065625,0.000000,-0.161545,1,1.14,1.862,-43.170,1.809,-2.683454
2.100000,0.016,0.031165,-0.047418,3.901,6.51,-0.029042,-0.031025,0.000000,-0.000140,0.000,0.021,0.032812,-0.042000,0.000000,0.065625,0.000000,-0.161545,1,1.14,1.864,-43.167,1.809,-2.683530
2.102000,0.015,0.030600,-0.047700,3.901,6.48,-0.029363,-0.030946,-0.000024,0.000370,0.000,0.020,0.032812,-0.042000,0.000000,0.065625,0.000000,-0.161545,1,1.14,1.865,-43.164,1.800,-2.683547
2.104000,0.015,0.030110,-0.047945,3.901,6.44,-0.029729,-0.030866,-0.000052,0.000808,0.000,0.020,0.032812,-0.042000,0.000000,0.065625,0.000000,-0.161545,1,1.14,1.867,-43.161,1.792,-2.683552
2.106000,0.015,0.028740,-0.048630,3.901,6.42,-0.030094,-0.030780,-0.000062,0.002102,0.000,0.019,0.032812,-0.042000,0.000000,0.065625,0.000000,-0.161545,1,1.14,1.868,-43.158,1.785,-2.683562
2.108000,0.015,0.027908,-0.049046,3.901,6.40,-0.030464,-0.030683,-0.000082,0.002857,-0.016,0.019,0.032812,-0.042000,0.000000,0.065625,0.000000,-0.161545,1,1.14,1.870,-43.154,1.778,-2.683576
2.110000,0.015,0.026982,-0.049509,3.901,6.38,-0.030836,-0.030574,-0.000106,0.003698,-0.015,0.018,0.032812,-0.042000,0.000000,0.065625,0.000000,-0.161545,1,1.14,1.871,-43.151,1.773,-2.683591
2.112000,0.015,0.026785,-0.049608,3.901,6.37,-0.031210,-0.030451,-0.000136,0.003803,-0.015,0.018,0.032812,-0.042000,0.000000,0.065625,0.000000,-0.161545,1,1.14,1.873,-43.148,1.768,-2.683607
2.114000,0.015,0.025433,-0.050284,3.901,6.36,-0.031578,-0.030319,-0.000148,0.005034,-0.015,0.017,0.032812,-0.042000,0.000000,0.065625,0.000000,-0.161545,1,1.14,1.874,-43.145,1.764,-2.683625
2.116000,0.015,0.025071,-0.050465,3.901,6.35,-0.031952,-0.030174,-0.000163,0.005266,-0.015,0.017,0.032812,-0.042000,0.000000,0.065625,0.000000,-0.161545,1,1.14,1.876,-43.142,1.760,-2.683643
2.118000,0.015,0.022329,-0.051835,3.901,6.35,-0.032322,-0.030020,-0.000169,0.007860,-0.015,0.015,0.032812,-0.042000,0.000000,0.065625,0.000000,-0.161545,1,1.14,1.877,-43.138,1.756,-2.683663
2.120000,0.015,0.022253,-0.051874,3.901,6.34,-0.032712,-0.029854,-0.000208,0.007809,-0.015,0.015,0.032812,-0.042000,0.000000,0.065625,0.000000,-0.161545,1,1.14,1.879,-43.135,1.753,-2.683681
2.122000,0.015,0.021099,-0.052451,3.901,6.34,-0.033095,-0.029682,-0.000224,0.008806,-0.015,0.014,0.032812,-0.042000,0.000000,0.065625,0.000000,-0.161545,1,1.14,1.880,-43.132,1.750,-2.683700
2.124000,0.015,0.018459,-0.053771,3.901,6.33,-0.033483,-0.029502,-0.000230,0.011273,-0.015,0.012,0.032812,-0.042000,0.000000,0.065625,0.000000,-0.161545,1,1.14,1.882,-43.129,1.748,-2.683720
2.126000,0.015,0.015153,-0.055423,3.901,6.33,-0.033888,-0.029314,-0.000236,0.014397,-0.015,0.010,0.032812,-0.042000,0.000000,0.065625,0.000000,-0.161545,1,1.14,1.883,-43.126,1.746,-2.683738
2.128000,0.015,0.017319,-0.054341,3.901,6.33,-0.034319,-0.029117,-0.000264,0.012062,-0.015,0.012,0.032812,-0.042000,0.000000,0.065625,0.000000,-0.161545,1,1.14,1.885,-43.123,1.745,-2.683753
2.130000,0.014,0.015613,-0.055194,3.901,6.33,-0.034719,-0.028923,-0.000277,0.013587,-0.015,0.010,0.032812,-0.042000,0.000000,0.065625,0.000000,-0.161545,1,1.14,1.886,-43.119,1.744,-2.683773
2.132000,0.014,0.015544,-0.055228,3.901,6.32,-0.035129,-0.028725,-0.000296,0.013477,-0.015,0.010,0.032812,-0.042000,0.000000,0.065625,0.000000,-0.161545,1,1.14,1.888,-43.116,1.743,-2.683794
2.134000,0.014,0.019508,-0.053246,3.901,6.32,-0.035531,-0.028526,-0.000477,0.009496,-0.015,0.013,0.032812,-0.042000,0.000000,0.065625,0.000000,-0.161545,1,1.14,1.889,-43.113,1.743,-2.683817
2.136000,0.014,0.023358,-0.051321,3.901,6.32,-0.035885,-0.028337,-0.000518,0.005497,-0.015,0.016,0.032812,-0.042000,0.000000,0.065625,0.000000,-0.161545,1,1.14,1.891,-43.110,1.744,-2.683849
2.138000,0.014,0.020945,-0.052527,3.901,6.32,-0.036194,-0.028156,-0.000526,0.007737,-0.014,0.014,0.032812,-0.042000,0.000000,0.065625,0.000000,-0.161545,1,1.14,1.892,-43.107,1.744,-2.683891
2.140000,0.014,0.021500,-0.052250,3.901,6.32,-0.036521,-0.027973,-0.000544,0.007017,-0.014,0.014,0.034375,-0.042000,0.000000,0.068750,0.000000,-0.169237,1,1.14,1.894,-43.104,1.745,-2.683931
2.142000,0.014,0.021759,-0.052121,3.901,6.32,-0.036835,-0.027792,-0.000567,0.006600,-0.014,0.015,0.034375,-0.042000,0.000000,0.068750,0.000000,-0.169237,1,1.14,1.895,-43.101,1.746,-2.683973
2.144000,0.014,0.021080,-0.052460,3.901,6.32,-0.037141,-0.027614,-0.000602,0.007136,-0.014,0.014,0.034375,-0.042000,0.000000,0.068750,0.000000,-0.169237,1,1.14,1.897,-43.097,1.747,-2.684018
2.146000,0.014,0.019390,-0.053305,3.901,6.32,-0.037448,-0.027437,-0.000614,0.008660,-0.014,0.013,0.034375,-0.042000,0.000000,0.068750,0.000000,-0.169237,1,1.14,1.898,-43.094,1.748,-2.684064
2.148000,0.014,0.020655,-0.052672,3.901,6.32,-0.037765,-0.027259,-0.000627,0.007231,-0.014,0.014,0.034375,-0.042000,0.000000,0.068750,0.000000,-0.169237,1,1.14,1.900,-43.091,1.749,-2.684109
2.150000,0.014,0.020367,-0.052816,3.901,6.32,-0.038063,-0.027086,-0.000642,0.007360,-0.014,0.014,0.034375,-0.042000,0.000000,0.068750,0.000000,-0.169237,1,1.14,1.901,-43.088,1.750,-2.684158
2.152000,0.013,0.020345,-0.052827,3.901,6.32,-0.038358,-0.026914,-0.000666,0.007235,-0.014,0.014,0.034375,-0.042000,0.000000,0.068750,0.000000,-0.169237,1,1.14,1.903,-43.085,1.751,-2.684208
2.154000,0.013,0.019043,-0.053478,3.901,6.32,-0.038647,-0.026745,-0.000678,0.008380,-0.014,0.013,0.034375,-0.042000,0.000000,0.068750,0.000000,-0.169237,1,1.14,1.904,-43.081,1.753,-2.684261
2.156000,0.013,0.019914,-0.053043,3.901,6.32,-0.038944,-0.026575,-0.000698,0.007359,-0.014,0.013,0.034375,-0.042000,0.000000,0.068750,0.000000,-0.169237,1,1.14,1.906,-43.078,1.754,-2.684312
2.158000,0.013,0.020260,-0.052870,3.901,6.32,-0.039226,-0.026409,-0.000714,0.006863,-0.014,0.014,0.034375,-0.042000,0.000000,0.068750,0.000000,-0.169237,1,1.14,1.907,-43.075,1.755,-2.684367
2.160000,0.013,0.021322,-0.052339,3.901,6.32,-0.039499,-0.026245,-0.000767,0.005689,-0.013,0.014,0.034375,-0.042000,0.000000,0.068750,0.000000,-0.169237,1,1.14,1.909,-43.072,1.755,-2.684425
2.162000,0.013,0.020092,-0.052954,3.901,6.32,-0.039756,-0.026083,-0.000777,0.006768,-0.013,0.013,0.034375,-0.042000,0.000000,0.068750,0.000000,-0.169237,1,1.14,1.910,-43.069,1.756,-2.684486
2.164000,0.013,0.020500,-0.052750,3.901,6.32,-0.040020,-0.025921,-0.000793,0.006215,-0.013,0.014,0.034375,-0.042000,0.000000,0.068750,0.000000,-0.169237,1,1.14,1.912,-43.066,1.757,-2.684547
2.166000,0.013,0.020839,-0.052581,3.901,6.32,-0.040274,-0.025760,-0.000824,0.005745,-0.013,0.014,0.034375,-0.042000,0.000000,0.068750,0.000000,-0.169237,1,1.14,1.913,-43.062,1.757,-2.684610
2.168000,0.013,0.021127,-0.052437,3.901,6.32,-0.040520,-0.025599,-0.000847,0.005319,-0.013,0.014,0.034375,-0.042000,0.000000,0.068750,0.000000,-0.169237,1,1.14,1.915,-43.059,1.758,-2.684675
2.170000,0.013,0.018533,-0.053733,3.901,6.32,-0.040759,-0.025440,-0.000854,0.007760,-0.013,0.012,0.034375,-0.042000,0.000000,0.068750,0.000000,-0.169237,1,1.14,1.916,-43.056,1.758,-2.684742
2.172000,0.013,0.018836,-0.053582,3.901,6.32,-0.041018,-0.025275,-0.000867,0.007306,-0.013,0.013,0.034375,-0.042000,0.000000,0.068750,0.000000,-0.169237,1,1.14,1.918,-43.053,1.758,-2.684807
2.174000,0.013,0.018587,-0.053707,3.901,6.32,-0.041270,-0.025110,-0.000882,0.007405,-0.013,0.012,0.034375,-0.042000,0.000000,0.068750,0.000000,-0.169237,1,1.14,1.919,-43.050,1.758,-2.684873
2.176000,0.012,0.018182,-0.053909,3.901,6.32,-0.041518,-0.024944,-0.000904,0.007666,-0.013,0.012,0.034375,-0.042000,0.000000,0.068750,0.000000,-0.169237,1,1.14,1.921,-43.046,1.758,-2.684940
2.178000,0.012,0.015996,-0.055002,3.901,6.32,-0.041766,-0.024777,-0.000911,0.009692,-0.013,0.011,0.034375,-0.042000,0.000000,0.068750,0.000000,-0.169237,1,1.14,1.922,-43.043,1.758,-2.685009
2.180000,0.012,0.017314,-0.054343,3.901,6.32,-0.042031,-0.024604,-0.000926,0.008217,-0.013,0.012,0.034375,-0.042000,0.000000,0.068750,0.000000,-0.169237,1,1.14,1.923,-43.040,1.758,-2.685074
2.182000,0.012,0.017115,-0.054442,3.901,6.32,-0.042277,-0.024433,-0.000939,0.008257,-0.013,0.011,0.034375,-0.042000,0.000000,0.068750,0.000000,-0.169237,1,1.14,1.925,-43.037,1.758,-2.685144
2.184000,0.012,0.017284,-0.054358,3.901,6.32,-0.042520,-0.024261,-0.000959,0.007936,-0.012,0.012,0.034375,-0.042000,0.000000,0.068750,0.000000,-0.169237,1,1.14,1.926,-43.034,1.757,-2.685215
2.186000,0.012,0.018065,-0.053967,3.901,6.32,-0.042757,-0.024087,-0.001108,0.007130,-0.012,0.012,0.034375,-0.042000,0.000000,0.068750,0.000000,-0.169237,1,1.14,1.928,-43.031,1.757,-2.685288
2.188000,0.012,0.016245,-0.054877,3.901,6.32,-0.042981,-0.023914,-0.001112,0.008782,-0.012,0.011,0.034375,-0.042000,0.000000,0.068750,0.000000,-0.169237,1,1.14,1.929,-43.027,1.757,-2.685364
2.190000,0.012,0.016460,-0.054770,3.901,6.32,-0.043219,-0.023737,-0.001133,0.008410,-0.012,0.011,0.034375,-0.042000,0.000000,0.068750,0.000000,-0.169237,1,1.14,1.931,-43.024,1.757,-2.685438
2.192000,0.012,0.016705,-0.054648,3.901,6.32,-0.043450,-0.023558,-0.001151,0.008004,-0.012,0.011,0.034375,-0.042000,0.000000,0.068750,0.000000,-0.169237,1,1.14,1.932,-43.021,1.756,-2.685514
2.194000,0.012,0.016443,-0.054779,3.901,6.32,-0.043674,-0.023379,-0.001169,0.008104,-0.012,0.011,0.034375,-0.042000,0.000000,0.068750,0.000000,-0.169237,1,1.14,1.934,-43.018,1.756,-2.685592
2.196000,0.012,0.014995,-0.055503,3.901,6.32,-0.043896,-0.023197,-0.001183,0.009386,-0.012,0.010,0.034375,-0.042000,0.000000,0.068750,0.000000,-0.169237,1,1.14,1.935,-43.015,1.756,-2.685671
2.198000,0.012,0.017978,-0.054011,3.901,6.32,-0.044129,-0.023012,-0.001198,0.006233,-0.012,0.012,0.034375,-0.042000,0.000000,0.068750,0.000000,-0.169237,1,1.14,1.937,-43.011,1.756,-2.685749
2.200000,0.011,0.022930,-0.051535,3.901,6.32,-0.044326,-0.022831,0.000000,-0.000099,0.000,0.015,0.035937,-0.042000,0.000000,0.071875,0.000000,-0.176930,1,1.14,1.938,-43.008,1.755,-2.685833
2.202000,0.011,0.021792,-0.052104,3.901,6.32,-0.044471,-0.022659,-0.000020,0.000887,0.000,0.015,0.035937,-0.042000,0.000000,0.071875,0.000000,-0.176930,1,1.14,1.940,-43.005,1.755,-2.685927
2.204000,0.011,0.018592,-0.053704,3.901,6.32,-0.044623,-0.022484,-0.000026,0.003918,0.000,0.012,0.035937,-0.042000,0.000000,0.071875,0.000000,-0.176930,1,1.14,1.941,-43.002,1.755,-2.686021
2.206000,0.011,0.015468,-0.055266,3.901,6.32,-0.044805,-0.022300,-0.000033,0.006866,0.000,0.010,0.035937,-0.042000,0.000000,0.071875,0.000000,-0.176930,1,1.14,1.943,-42.999,1.755,-2.686110
2.208000,0.011,0.013494,-0.056253,3.901,6.32,-0.045014,-0.022109,-0.000045,0.008661,-0.011,0.009,0.035937,-0.042000,0.000000,0.071875,0.000000,-0.176930,1,1.14,1.944,-42.995,1.755,-2.686194
2.210000,0.011,0.011643,-0.057178,3.901,6.32,-0.045239,-0.021913,-0.000059,0.010329,-0.011,0.008,0.035937,-0.042000,0.000000,0.071875,0.000000,-0.176930,1,1.14,1.945,-42.992,1.754,-2.686276
2.212000,0.011,0.010671,-0.057665,3.901,6.32,-0.045478,-0.021713,-0.000071,0.011113,-0.011,0.007,0.035937,-0.042000,0.000000,0.071875,0.000000,-0.176930,1,1.14,1.947,-42.989,1.754,-2.686357
2.214000,0.011,0.011682,-0.057159,3.901,6.32,-0.045721,-0.021510,-0.000083,0.009911,-0.011,0.008,0.035937,-0.042000,0.000000,0.071875,0.000000,-0.176930,1,1.14,1.948,-42.986,1.754,-2.686436
2.216000,0.011,0.012748,-0.056626,3.901,6.32,-0.045950,-0.021308,-0.000096,0.008656,-0.011,0.008,0.035937,-0.042000,0.000000,0.071875,0.000000,-0.176930,1,1.14,1.950,-42.983,1.754,-2.686519
2.218000,0.011,0.011303,-0.057349,3.901,6.32,-0.046164,-0.021108,-0.000103,0.009907,-0.011,0.008,0.035937,-0.042000,0.000000,0.071875,0.000000,-0.176930,1,1.14,1.951,-42.979,1.754,-2.686605
2.220000,0.010,0.010593,-0.057704,3.901,6.32,-0.046387,-0.020904,-0.000113,0.010424,-0.011,0.007,0.035937,-0.042000,0.000000,0.071875,0.000000,-0.176930,1,1.14,1.953,-42.976,1.754,-2.686691
2.222000,0.010,0.010375,-0.057813,3.901,6.32,-0.046614,-0.020699,-0.000125,0.010448,-0.011,0.007,0.035937,-0.042000,0.000000,0.071875,0.000000,-0.176930,1,1.14,1.954,-42.973,1.754,-2.686776
2.224000,0.010,0.010264,-0.057868,3.901,6.32,-0.046838,-0.020492,-0.000137,0.010365,-0.011,0.007,0.035937,-0.042000,0.000000,0.071875,0.000000,-0.176930,1,1.14,1.956,-42.970,1.754,-2.686863
2.226000,0.010,0.008186,-0.058907,3.901,6.32,-0.047058,-0.020285,-0.000143,0.012241,-0.011,0.005,0.035937,-0.042000,0.000000,0.071875,0.000000,-0.176930,1,1.14,1.957,-42.967,1.755,-2.686950
2.228000,0.010,0.009268,-0.058366,3.901,6.32,-0.047295,-0.020073,-0.000155,0.010959,-0.010,0.006,0.035937,-0.042000,0.000000,0.071875,0.000000,-0.176930,1,1.14,1.959,-42.964,1.755,-2.687036
2.230000,0.010,0.009137,-0.058432,3.901,6.32,-0.047517,-0.019862,-0.000165,0.010890,-0.010,0.006,0.035937,-0.042000,0.000000,0.071875,0.000000,-0.176930,1,1.14,1.960,-42.960,1.755,-2.687124
2.232000,0.010,0.009658,-0.058171,3.901,6.32,-0.047735,-0.019651,-0.000184,0.010177,-0.010,0.006,0.035937,-0.042000,0.000000,0.071875,0.000000,-0.176930,1,1.14,1.961,-42.957,1.755,-2.687214
2.234000,0.010,0.007143,-0.059429,3.901,6.32,-0.047944,-0.019440,-0.000189,0.012487,-0.010,0.005,0.035937,-0.042000,0.000000,0.071875,0.000000,-0.176930,1,1.14,1.963,-42.954,1.755,-2.687306
2.236000,0.010,0.008633,-0.058684,3.901,6.32,-0.048173,-0.019224,-0.000200,0.010792,-0.010,0.006,0.035937,-0.042000,0.000000,0.071875,0.000000,-0.176930,1,1.14,1.964,-42.951,1.755,-2.687395
2.238000,0.010,0.010131,-0.057934,3.901,6.32,-0.048384,-0.019011,-0.000319,0.009199,-0.010,0.007,0.035937,-0.042000,0.000000,0.071875,0.000000,-0.176930,1,1.14,1.966,-42.948,1.755,-2.687488
2.240000,0.009,0.011362,-0.057319,3.901,6.32,-0.048575,-0.018799,-0.000352,0.007789,-0.010,0.008,0.035937,-0.042000,0.000000,0.071875,0.000000,-0.176930,1,1.14,1.967,-42.944,1.755,-2.687585
2.242000,0.009,0.009906,-0.058047,3.901,6.32,-0.048750,-0.018590,-0.000360,0.009044,-0.010,0.007,0.035937,-0.042000,0.000000,0.071875,0.000000,-0.176930,1,1.14,1.969,-42.941,1.755,-2.687686
2.244000,0.009,0.010973,-0.057513,3.901,6.32,-0.048935,-0.018377,-0.000367,0.007770,-0.010,0.007,0.035937,-0.042000,0.000000,0.071875,0.000000,-0.176930,1,1.14,1.970,-42.938,1.755,-2.687785
2.246000,0.009,0.011561,-0.057219,3.901,6.32,-0.049107,-0.018164,-0.000385,0.006988,-0.010,0.008,0.035937,-0.042000,0.000000,0.071875,0.000000,-0.176930,1,1.14,1.972,-42.935,1.755,-2.687887
2.248000,0.009,0.010036,-0.057982,3.901,6.32,-0.049269,-0.017953,-0.000398,0.008314,-0.009,0.007,0.035937,-0.042000,0.000000,0.071875,0.000000,-0.176930,1,1.14,1.973,-42.932,1.755,-2.687992
2.250000,0.009,0.007586,-0.059207,3.901,6.32,-0.049444,-0.017737,-0.000404,0.010555,-0.009,0.005,0.035937,-0.042000,0.000000,0.071875,0.000000,-0.176930,1,1.14,1.974,-42.928,1.755,-2.688094
2.252000,0.009,0.008485,-0.058758,3.901,6.32,-0.049639,-0.017515,-0.000420,0.009451,-0.009,0.006,0.035937,-0.042000,0.000000,0.071875,0.000000,-0.176930,1,1.14,1.976,-42.925,1.755,-2.688194
2.254000,0.009,0.007888,-0.059056,3.901,6.32,-0.049821,-0.017295,-0.000426,0.009833,-0.009,0.005,0.035937,-0.042000,0.000000,0.071875,0.000000,-0.176930,1,1.14,1.977,-42.922,1.755,-2.688296
2.256000,0.009,0.005724,-0.060138,3.901,6.32,-0.050006,-0.017072,-0.000432,0.011780,-0.009,0.004,0.035937,-0.042000,0.000000,0.071875,0.000000,-0.176930,1,1.14,1.979,-42.919,1.755,-2.688398
2.258000,0.008,0.005318,-0.060341,3.901,6.32,-0.050209,-0.016844,-0.000444,0.011970,-0.009,0.004,0.035937,-0.042000,0.000000,0.071875,0.000000,-0.176930,1,1.14,1.980,-42.916,1.755,-2.688498
2.260000,0.008,0.006545,-0.059727,3.901,6.32,-0.050411,-0.016615,-0.000457,0.010527,-0.009,0.004,0.035937,-0.042000,0.000000,0.071875,0.000000,-0.176930,1,1.14,1.982,-42.912,1.755,-2.688598
2.262000,0.008,0.005793,-0.060103,3.901,6.32,-0.050598,-0.016388,-0.000468,0.011063,-0.009,0.004,0.035937,-0.042000,0.000000,0.071875,0.000000,-0.176930,1,1.14,1.983,-42.909,1.756,-2.688701
2.264000,0.008,0.006836,-0.059582,3.901,6.32,-0.050788,-0.016160,-0.000478,0.009802,-0.009,0.005,0.035937,-0.042000,0.000000,0.071875,0.000000,-0.176930,1,1.14,1.984,-42.906,1.756,-2.688804
2.266000,0.008,0.005037,-0.060481,3.901,6.32,-0.050964,-0.015934,-0.000481,0.011379,-0.008,0.003,0.035937,-0.042000,0.000000,0.071875,0.000000,-0.176930,1,1.14,1.986,-42.903,1.756,-2.688911
2.268000,0.008,0.005245,-0.060378,3.901,6.32,-0.051154,-0.015705,-0.000496,0.010956,-0.008,0.003,0.035937,-0.042000,0.000000,0.071875,0.000000,-0.176930,1,1.14,1.987,-42.900,1.756,-2.689015
2.270000,0.008,0.002748,-0.061626,3.901,6.32,-0.051338,-0.015474,-0.000501,0.013226,-0.008,0.002,0.035937,-0.042000,0.000000,0.071875,0.000000,-0.176930,1,1.14,1.989,-42.896,1.756,-2.689121
2.272000,0.008,0.002743,-0.061629,3.901,6.32,-0.051544,-0.015238,-0.000512,0.013008,-0.008,0.002,0.035937,-0.042000,0.000000,0.071875,0.000000,-0.176930,1,1.14,1.990,-42.893,1.756,-2.689224
2.274000,0.008,0.001817,-0.062092,3.901,6.32,-0.051746,-0.015002,-0.000519,0.013704,-0.008,0.001,0.035937,-0.042000,0.000000,0.071875,0.000000,-0.176930,1,1.14,1.992,-42.890,1.756,-2.689327
2.276000,0.007,0.004096,-0.060952,3.901,6.32,-0.051953,-0.014762,-0.000527,0.011194,-0.008,0.003,0.035937,-0.042000,0.000000,0.071875,0.000000,-0.176930,1,1.14,1.993,-42.887,1.756,-2.689430
2.278000,0.007,0.001920,-0.062040,3.901,6.32,-0.052133,-0.014527,-0.000533,0.013140,-0.008,0.001,0.035937,-0.042000,0.000000,0.071875,0.000000,-0.176930,1,1.14,1.995,-42.884,1.755,-2.689539
2.280000,0.007,0.003010,-0.061495,3.901,6.32,-0.052331,-0.014288,-0.000540,0.011818,-0.008,0.002,0.035937,-0.042000,0.000000,0.071875,0.000000,-0.176930,1,1.14,1.996,-42.880,1.755,-2.689645
2.282000,0.007,0.002947,-0.061527,3.901,6.32,-0.052514,-0.014050,-0.000552,0.011655,-0.008,0.002,0.035937,-0.042000,0.000000,0.071875,0.000000,-0.176930,1,1.14,1.997,-42.877,1.755,-2.689754
2.284000,0.007,0.001877,-0.062062,3.901,6.32,-0.052694,-0.013811,-0.000557,0.012491,-0.007,0.001,0.035937,-0.042000,0.000000,0.071875,0.000000,-0.176930,1,1.14,1.999,-42.874,1.755,-2.689864
2.286000,0.007,0.001863,-0.062068,3.901,6.32,-0.052882,-0.013571,-0.000565,0.012273,-0.007,0.001,0.035937,-0.042000,0.000000,0.071875,0.000000,-0.176930,1,1.14,2.000,-42.871,1.755,-2.689974
2.288000,0.007,0.002095,-0.061952,3.901,6.32,-0.053065,-0.013330,-0.000571,0.011806,-0.007,0.001,0.035937,-0.042000,0.000000,0.071875,0.000000,-0.176930,1,1.14,2.002,-42.867,1.755,-2.690084
2.290000,0.007,0.004090,-0.060955,3.901,6.32,-0.053243,-0.013089,-0.000650,0.009650,-0.007,0.003,0.035937,-0.042000,0.000000,0.071875,0.000000,-0.176930,1,1.14,2.003,-42.864,1.755,-2.690196
2.292000,0.006,-0.000162,-0.063081,3.901,6.32,-0.053397,-0.012853,-0.000653,0.013668,-0.007,0.000,0.035937,-0.042000,0.000000,0.071875,0.000000,-0.176930,1,1.14,2.004,-42.861,1.755,-2.690313
2.294000,0.006,0.001506,-0.062247,3.901,6.32,-0.053591,-0.012609,-0.000663,0.011766,-0.007,0.001,0.035937,-0.042000,0.000000,0.071875,0.000000,-0.176930,1,1.14,2.006,-42.858,1.755,-2.690423
2.296000,0.006,0.002203,-0.061899,3.901,6.32,-0.053764,-0.012368,-0.000679,0.010844,-0.007,0.001,0.035937,-0.042000,0.000000,0.071875,0.000000,-0.176930,1,1.14,2.007,-42.855,1.755,-2.690538
2.298000,0.006,0.000767,-0.062617,3.901,6.32,-0.053927,-0.012129,-0.000682,0.012044,-0.007,0.001,0.035937,-0.042000,0.000000,0.071875,0.000000,-0.176930,1,1.14,2.009,-42.851,1.755,-2.690654
2.300000,0.006,0.011937,-0.057032,3.901,6.32,-0.054101,-0.011887,0.000000,-0.000050,0.000,0.008,0.035937,-0.042000,0.000000,0.071875,0.000000,-0.176930,1,1.14,2.010,-42.848,1.755,-2.690770
2.302000,0.006,0.009713,-0.058144,3.901,6.32,-0.054159,-0.011668,-0.000006,0.001961,0.000,0.006,0.035937,-0.042000,0.000000,0.071875,0.000000,-0.176930,1,1.14,2.012,-42.845,1.755,-2.690905
2.304000,0.006,0.007771,-0.059115,3.901,6.32,-0.054239,-0.011444,-0.000014,0.003687,0.000,0.005,0.035937,-0.042000,0.000000,0.071875,0.000000,-0.176930,1,1.14,2.013,-42.842,1.755,-2.691038
2.306000,0.006,0.006334,-0.059833,3.901,6.32,-0.054337,-0.011217,-0.000024,0.004907,0.000,0.004,0.035937,-0.042000,0.000000,0.071875,0.000000,-0.176930,1,1.14,2.014,-42.839,1.755,-2.691169
2.308000,0.005,0.004847,-0.060576,3.901,6.32,-0.054446,-0.010987,-0.000034,0.006174,-0.006,0.003,0.035937,-0.042000,0.000000,0.071875,0.000000,-0.176930,1,1.14,2.016,-42.835,1.755,-2.691297
2.310000,0.005,0.000545,-0.062727,3.901,6.32,-0.054569,-0.010754,-0.000037,0.010247,-0.006,0.000,0.035937,-0.042000,0.000000,0.071875,0.000000,-0.176930,1,1.14,2.017,-42.832,1.755,-2.691423
2.312000,0.005,0.001516,-0.062242,3.901,6.32,-0.054732,-0.010513,-0.000053,0.009050,-0.006,0.001,0.035937,-0.042000,0.000000,0.071875,0.000000,-0.176930,1,1.14,2.019,-42.829,1.755,-2.691542
2.314000,0.005,-0.000236,-0.063118,3.901,6.32,-0.054882,-0.010275,-0.000057,0.010567,-0.006,0.000,0.035937,-0.042000,0.000000,0.071875,0.000000,-0.176930,1,1.14,2.020,-42.826,1.755,-2.691663
2.316000,0.005,-0.001012,-0.063506,3.901,6.32,-0.055047,-0.010034,-0.000063,0.011109,-0.005,0.001,0.035937,-0.042000,0.000000,0.071875,0.000000,-0.176930,1,1.14,2.021,-42.823,1.755,-2.691782
2.318000,0.005,-0.002105,-0.064053,3.901,6.32,-0.055216,-0.009792,-0.000069,0.011966,-0.005,0.001,0.035937,-0.042000,0.000000,0.071875,0.000000,-0.176930,1,1.14,2.023,-42.819,1.755,-2.691901
2.320000,0.005,0.000465,-0.062767,3.901,6.32,-0.055393,-0.009549,-0.000079,0.009162,-0.005,0.000,0.035937,-0.042000,0.000000,0.071875,0.000000,-0.176930,1,1.14,2.024,-42.816,1.755,-2.692019
2.322000,0.005,-0.002673,-0.064336,3.901,6.32,-0.055540,-0.009312,-0.000082,0.012066,-0.005,0.002,0.035937,-0.042000,0.000000,0.071875,0.000000,-0.176930,1,1.14,2.026,-42.813,1.755,-2.692143
2.324000,0.005,-0.001818,-0.063909,3.901,6.32,-0.055716,-0.009070,-0.000087,0.010974,-0.005,0.001,0.035937,-0.042000,0.000000,0.071875,0.000000,-0.176930,1,1.14,2.027,-42.810,1.755,-2.692262
2.326000,0.004,-0.001572,-0.063786,3.901,6.32,-0.055880,-0.008830,-0.000095,0.010497,-0.005,0.001,0.035937,-0.042000,0.000000,0.071875,0.000000,-0.176930,1,1.14,2.029,-42.806,1.755,-2.692384
2.328000,0.004,-0.000800,-0.063400,3.901,6.32,-0.056038,-0.008593,-0.000104,0.009497,-0.005,0.001,0.035937,-0.042000,0.000000,0.071875,0.000000,-0.176930,1,1.14,2.030,-42.803,1.755,-2.692507
2.330000,0.004,-0.002307,-0.064154,3.901,6.32,-0.056185,-0.008358,-0.000108,0.010773,-0.005,0.002,0.035937,-0.042000,0.000000,0.071875,0.000000,-0.176930,1,1.14,2.031,-42.800,1.755,-2.692632
2.332000,0.004,-0.004603,-0.065301,3.901,6.32,-0.056345,-0.008121,-0.000110,0.012833,-0.005,0.003,0.035937,-0.042000,0.000000,0.071875,0.000000,-0.176930,1,1.14,2.033,-42.797,1.755,-2.692756
2.334000,0.004,-0.004485,-0.065243,3.901,6.32,-0.056524,-0.007881,-0.000115,0.012481,-0.004,0.003,0.035937,-0.042000,0.000000,0.071875,0.000000,-0.176930,1,1.14,2.034,-42.794,1.755,-2.692877
2.336000,0.004,-0.005368,-0.065684,3.901,6.32,-0.056698,-0.007643,-0.000120,0.013130,-0.004,0.004,0.035937,-0.042000,0.000000,0.071875,0.000000,-0.176930,1,1.14,2.036,-42.790,1.755,-2.692999
2.338000,0.004,-0.007225,-0.066612,3.901,6.32,-0.056878,-0.007404,-0.000123,0.014752,-0.004,0.005,0.035937,-0.042000,0.000000,0.071875,0.000000,-0.176930,1,1.14,2.037,-42.787,1.755,-2.693120
2.340000,0.004,-0.006882,-0.066441,3.901,6.32,-0.057073,-0.007164,-0.000127,0.014173,-0.004,0.005,0.035937,-0.042000,0.000000,0.071875,0.000000,-0.176930,1,1.14,2.038,-42.784,1.755,-2.693239
2.342000,0.003,-0.001491,-0.063745,3.901,6.32,-0.057260,-0.006925,-0.000170,0.008586,-0.004,0.001,0.035937,-0.042000,0.000000,0.071875,0.000000,-0.176930,1,1.14,2.040,-42.781,1.755,-2.693360
2.344000,0.003,-0.000713,-0.063356,3.901,6.32,-0.057390,-0.006699,-0.000180,0.007591,-0.004,0.000,0.035937,-0.042000,0.000000,0.071875,0.000000,-0.176930,1,1.14,2.041,-42.778,1.755,-2.693491
2.346000,0.003,-0.000835,-0.063417,3.901,6.32,-0.057509,-0.006477,-0.000183,0.007495,-0.004,0.001,0.035937,-0.042000,0.000000,0.071875,0.000000,-0.176930,1,1.14,2.043,-42.774,1.755,-2.693626
2.348000,0.003,-0.000414,-0.063207,3.901,6.32,-0.057627,-0.006255,-0.000187,0.006856,-0.004,0.000,0.035937,-0.042000,0.000000,0.071875,0.000000,-0.176930,1,1.14,2.044,-42.771,1.755,-2.693761
2.350000,0.003,-0.002985,-0.064492,3.901,6.32,-0.057739,-0.006036,-0.000188,0.009209,-0.003,0.002,0.035937,-0.042000,0.000000,0.071875,0.000000,-0.176930,1,1.14,2.045,-42.768,1.755,-2.693897
2.352000,0.003,-0.004646,-0.065323,3.901,6.32,-0.057874,-0.005813,-0.000192,0.010651,-0.003,0.003,0.035937,-0.042000,0.000000,0.071875,0.000000,-0.176930,1,1.14,2.047,-42.765,1.755,-2.694030
2.354000,0.003,-0.005441,-0.065720,3.901,6.32,-0.058023,-0.005589,-0.000197,0.011226,-0.003,0.004,0.035937,-0.042000,0.000000,0.071875,0.000000,-0.176930,1,1.14,2.048,-42.762,1.755,-2.694160
2.356000,0.003,-0.005895,-0.065948,3.901,6.32,-0.058177,-0.005364,-0.000200,0.011459,-0.003,0.004,0.035937,-0.042000,0.000000,0.071875,0.000000,-0.176930,1,1.14,2.050,-42.758,1.755,-2.694289
2.358000,0.003,-0.008886,-0.067443,3.901,6.32,-0.058332,-0.005141,-0.000201,0.014228,-0.003,0.006,0.035937,-0.042000,0.000000,0.071875,0.000000,-0.176930,1,1.14,2.051,-42.755,1.755,-2.694419
2.360000,0.002,-0.005785,-0.065892,3.901,6.32,-0.058514,-0.004914,-0.000207,0.010905,-0.003,0.004,0.035937,-0.042000,0.000000,0.071875,0.000000,-0.176930,1,1.14,2.052,-42.752,1.755,-2.694545
2.362000,0.002,-0.006078,-0.066039,3.901,6.32,-0.058662,-0.004694,-0.000210,0.010982,-0.003,0.004,0.035937,-0.042000,0.000000,0.071875,0.000000,-0.176930,1,1.14,2.054,-42.749,1.754,-2.694676
2.364000,0.002,-0.009287,-0.067644,3.901,6.32,-0.058809,-0.004477,-0.000211,0.013975,-0.003,0.006,0.035937,-0.042000,0.000000,0.071875,0.000000,-0.176930,1,1.14,2.055,-42.745,1.754,-2.694809
2.366000,0.002,-0.008737,-0.067368,3.901,6.32,-0.058986,-0.004255,-0.000215,0.013207,-0.003,0.006,0.035937,-0.042000,0.000000,0.071875,0.000000,-0.176930,1,1.14,2.057,-42.742,1.754,-2.694937
2.368000,0.002,-0.006537,-0.066268,3.901,6.32,-0.059153,-0.004037,-0.000216,0.010790,-0.002,0.004,0.035937,-0.042000,0.000000,0.071875,0.000000,-0.176930,1,1.14,2.058,-42.739,1.754,-2.695066
2.370000,0.002,-0.007898,-0.066949,3.901,6.32,-0.059296,-0.003825,-0.000218,0.011941,-0.002,0.005,0.035937,-0.042000,0.000000,0.071875,0.000000,-0.176930,1,1.14,2.059,-42.736,1.754,-2.695200
2.372000,0.002,-0.008184,-0.067092,3.901,6.32,-0.059449,-0.003613,-0.000220,0.012018,-0.002,0.005,0.035937,-0.042000,0.000000,0.071875,0.000000,-0.176930,1,1.14,2.061,-42.733,1.754,-2.695334
2.374000,0.002,-0.007212,-0.066606,3.901,6.32,-0.059602,-0.003403,-0.000222,0.010836,-0.002,0.005,0.035937,-0.042000,0.000000,0.071875,0.000000,-0.176930,1,1.14,2.062,-42.729,1.754,-2.695467
2.376000,0.002,-0.008009,-0.067004,3.901,6.32,-0.059742,-0.003196,-0.000223,0.011428,-0.002,0.005,0.035937,-0.042000,0.000000,0.071875,0.000000,-0.176930,1,1.14,2.064,-42.726,1.754,-2.695603
2.378000,0.001,-0.007967,-0.066984,3.901,6.32,-0.059887,-0.002991,-0.000225,0.011183,-0.002,0.005,0.035937,-0.042000,0.000000,0.071875,0.000000,-0.176930,1,1.14,2.065,-42.723,1.754,-2.695739
2.380000,0.001,-0.010908,-0.068454,3.901,6.32,-0.060029,-0.002787,-0.000225,0.013920,-0.002,0.007,0.035937,-0.042000,0.000000,0.071875,0.000000,-0.176930,1,1.14,2.066,-42.720,1.754,-2.695875
2.382000,0.001,-0.010919,-0.068459,3.901,6.32,-0.060197,-0.002582,-0.000227,0.013728,-0.002,0.007,0.035937,-0.042000,0.000000,0.071875,0.000000,-0.176930,1,1.14,2.068,-42.716,1.754,-2.696008
2.384000,0.001,-0.009531,-0.067766,3.901,6.32,-0.060362,-0.002378,-0.000228,0.012138,-0.002,0.006,0.035937,-0.042000,0.000000,0.071875,0.000000,-0.176930,1,1.14,2.069,-42.713,1.754,-2.696141
2.386000,0.001,-0.009925,-0.067963,3.901,6.32,-0.060510,-0.002179,-0.000229,0.012334,-0.001,0.007,0.035937,-0.042000,0.000000,0.071875,0.000000,-0.176930,1,1.14,2.071,-42.710,1.754,-2.696277
2.388000,0.001,-0.010738,-0.068369,3.901,6.32,-0.060659,-0.001984,-0.000230,0.012952,-0.001,0.007,0.035937,-0.042000,0.000000,0.071875,0.000000,-0.176930,1,1.14,2.072,-42.707,1.754,-2.696414
2.390000,0.001,-0.006863,-0.066432,3.901,6.32,-0.060814,-0.001790,-0.000232,0.008886,-0.001,0.005,0.035937,-0.042000,0.000000,0.071875,0.000000,-0.176930,1,1.14,2.073,-42.704,1.754,-2.696552
2.392000,0.001,-0.005591,-0.065796,3.901,6.32,-0.060926,-0.001606,-0.000242,0.007439,-0.001,0.004,0.035937,-0.042000,0.000000,0.071875,0.000000,-0.176930,1,1.14,2.075,-42.700,1.754,-2.696696
2.394000,0.001,-0.005784,-0.065892,3.901,6.32,-0.061023,-0.001427,-0.000243,0.007454,-0.001,0.004,0.035937,-0.042000,0.000000,0.071875,0.000000,-0.176930,1,1.14,2.076,-42.697,1.754,-2.696844
2.396000,0.001,-0.007161,-0.066581,3.901,6.32,-0.061121,-0.001250,-0.000243,0.008655,-0.001,0.005,0.035937,-0.042000,0.000000,0.071875,0.000000,-0.176930,1,1.14,2.078,-42.694,1.754,-2.696993
2.398000,0.001,-0.006900,-0.066450,3.901,6.32,-0.061230,-0.001073,-0.000244,0.008217,-0.001,0.005,0.035937,-0.042000,0.000000,0.071875,0.000000,-0.176930,1,1.14,2.079,-42.691,1.754,-2.697140
2.400000,0.000,0.000903,-0.062549,3.901,6.32,-0.061334,-0.000899,0.000000,-0.000004,0.000,0.001,0.037500,-0.042000,0.000000,0.075000,0.000000,-0.184623,1,1.14,2.080,-42.688,1.754,-2.697287
2.402000,0.000,-0.000386,-0.063193,3.901,6.32,-0.061359,-0.000743,-0.000001,0.001129,0.000,0.000,0.037500,-0.042000,0.000000,0.075000,0.000000,-0.184623,1,1.14,2.082,-42.684,1.754,-2.697449
2.404000,0.000,-0.003567,-0.064784,3.901,6.32,-0.061395,-0.000587,-0.000001,0.004155,0.000,0.002,0.037500,-0.042000,0.000000,0.075000,0.000000,-0.184623,1,1.14,2.083,-42.681,1.754,-2.697610
2.406000,0.000,-0.004620,-0.065310,3.901,6.32,-0.061463,-0.000427,-0.000001,0.005048,0.000,0.003,0.037500,-0.042000,0.000000,0.075000,0.000000,-0.184623,1,1.14,2.085,-42.678,1.754,-2.697765
2.408000,0.000,-0.006696,-0.066348,3.901,6.32,-0.061540,-0.000267,-0.000001,0.006964,-0.000,0.004,0.037500,-0.042000,0.000000,0.075000,0.000000,-0.184623,1,1.14,2.086,-42.675,1.754,-2.697918
2.410000,0.000,-0.007856,-0.066928,3.901,6.32,-0.061636,-0.000106,-0.000001,0.007963,-0.000,0.005,0.037500,-0.042000,0.000000,0.075000,0.000000,-0.184623,1,1.14,2.087,-42.671,1.754,-2.698069
2.412000,-0.000,-0.009269,-0.067635,3.901,6.32,-0.061742,0.000055,-0.000001,0.009216,-0.000,0.006,0.037500,-0.042000,0.000000,0.075000,0.000000,-0.184623,1,1.14,2.089,-42.668,1.754,-2.698217
2.414000,-0.000,-0.007423,-0.066711,3.901,6.32,-0.061860,0.000216,-0.000001,0.007208,-0.000,0.005,0.037500,-0.042000,0.000000,0.075000,0.000000,-0.184623,1,1.14,2.090,-42.665,1.754,-2.698364
2.416000,-0.000,-0.007233,-0.066616,3.901,6.32,-0.061957,0.000370,-0.000001,0.006863,-0.000,0.005,0.037500,-0.042000,0.000000,0.075000,0.000000,-0.184623,1,1.14,2.092,-42.662,1.754,-2.698514
2.418000,-0.000,-0.007622,-0.066811,3.901,6.32,-0.062050,0.000521,-0.000000,0.007102,-0.000,0.005,0.037500,-0.042000,0.000000,0.075000,0.000000,-0.184623,1,1.14,2.093,-42.659,1.754,-2.698666
2.420000,-0.000,-0.007822,-0.066911,3.901,6.32,-0.062145,0.000669,0.000000,0.007153,0.000,0.005,0.037500,-0.042000,0.000000,0.075000,0.000000,-0.184623,1,1.14,2.094,-42.655,1.754,-2.698817
2.422000,-0.000,-0.006872,-0.066436,3.901,6.32,-0.062240,0.000815,0.000001,0.006056,0.000,0.005,0.037500,-0.042000,0.000000,0.075000,0.000000,-0.184623,1,1.14,2.096,-42.652,1.754,-2.698969
2.424000,-0.000,-0.006730,-0.066365,3.901,6.32,-0.062324,0.000956,0.000002,0.005772,0.000,0.004,0.037500,-0.042000,0.000000,0.075000,0.000000,-0.184623,1,1.14,2.097,-42.649,1.754,-2.699123
2.426000,-0.001,-0.008322,-0.067161,3.901,6.32,-0.062405,0.001094,0.000002,0.007226,0.000,0.006,0.037500,-0.042000,0.000000,0.075000,0.000000,-0.184623,1,1.14,2.099,-42.646,1.754,-2.699278
2.428000,-0.001,-0.007404,-0.066702,3.901,6.32,-0.062500,0.001232,0.000003,0.006169,0.000,0.005,0.037500,-0.042000,0.000000,0.075000,0.000000,-0.184623,1,1.14,2.100,-42.643,1.754,-2.699431
2.430000,-0.001,-0.007245,-0.066622,3.901,6.32,-0.062584,0.001365,0.000004,0.005876,0.000,0.005,0.037500,-0.042000,0.000000,0.075000,0.000000,-0.184623,1,1.14,2.101,-42.639,1.754,-2.699585
2.432000,-0.001,-0.006820,-0.066410,3.901,6.32,-0.062665,0.001495,0.000005,0.005320,0.000,0.005,0.037500,-0.042000,0.000000,0.075000,0.000000,-0.184623,1,1.14,2.103,-42.636,1.754,-2.699741
2.434000,-0.001,-0.008035,-0.067017,3.901,6.32,-0.062740,0.001621,0.000006,0.006409,0.001,0.005,0.037500,-0.042000,0.000000,0.075000,0.000000,-0.184623,1,1.14,2.104,-42.633,1.754,-2.699898
2.436000,-0.001,-0.007264,-0.066632,3.901,6.32,-0.062825,0.001746,0.000007,0.005512,0.001,0.005,0.037500,-0.042000,0.000000,0.075000,0.000000,-0.184623,1,1.14,2.106,-42.630,1.754,-2.700053
2.438000,-0.001,-0.007190,-0.066595,3.901,6.32,-0.062901,0.001866,0.000008,0.005316,0.001,0.005,0.037500,-0.042000,0.000000,0.075000,0.000000,-0.184623,1,1.14,2.107,-42.626,1.754,-2.700210
2.440000,-0.001,-0.007379,-0.066689,3.901,6.32,-0.062975,0.001983,0.000009,0.005386,0.001,0.005,0.037500,-0.042000,0.000000,0.075000,0.000000,-0.184623,1,1.14,2.108,-42.623,1.753,-2.700368
2.442000,-0.001,-0.008714,-0.067357,3.901,6.32,-0.063049,0.002098,0.000010,0.006606,0.001,0.006,0.037500,-0.042000,0.000000,0.075000,0.000000,-0.184623,1,1.14,2.110,-42.620,1.753,-2.700526
2.444000,-0.001,-0.007113,-0.066556,3.901,6.32,-0.063136,0.002212,0.000024,0.004877,0.001,0.005,0.037500,-0.042000,0.000000,0.075000,0.000000,-0.184623,1,1.14,2.111,-42.617,1.754,-2.700682
2.446000,-0.001,-0.007770,-0.066885,3.901,6.32,-0.063204,0.002319,0.000024,0.005426,0.001,0.005,0.037500,-0.042000,0.000000,0.075000,0.000000,-0.184623,1,1.14,2.113,-42.614,1.754,-2.700841
2.448000,-0.001,-0.007372,-0.066686,3.901,6.32,-0.063278,0.002425,0.000028,0.004919,0.001,0.005,0.037500,-0.042000,0.000000,0.075000,0.000000,-0.184623,1,1.14,2.114,-42.610,1.754,-2.701000
2.450000,-0.001,-0.007222,-0.066611,3.901,6.32,-0.063346,0.002528,0.000030,0.004665,0.001,0.005,0.037500,-0.042000,0.000000,0.075000,0.000000,-0.184623,1,1.14,2.115,-42.607,1.754,-2.701160
2.452000,-0.001,-0.006155,-0.066077,3.901,6.32,-0.063411,0.002627,0.000031,0.003496,0.001,0.004,0.037500,-0.042000,0.000000,0.075000,0.000000,-0.184623,1,1.14,2.117,-42.604,1.754,-2.701321
2.454000,-0.001,-0.007833,-0.066916,3.901,6.32,-0.063464,0.002721,0.000032,0.005079,0.001,0.005,0.037500,-0.042000,0.000000,0.075000,0.000000,-0.184623,1,1.14,2.118,-42.601,1.754,-2.701485
2.456000,-0.001,-0.006706,-0.066353,3.901,6.32,-0.063533,0.002816,0.000035,0.003854,0.001,0.004,0.037500,-0.042000,0.000000,0.075000,0.000000,-0.184623,1,1.14,2.120,-42.597,1.754,-2.701647
2.458000,-0.001,-0.007276,-0.066638,3.901,6.32,-0.063590,0.002907,0.000037,0.004332,0.001,0.005,0.037500,-0.042000,0.000000,0.075000,0.000000,-0.184623,1,1.14,2.121,-42.594,1.755,-2.701811
2.460000,-0.001,-0.007425,-0.066713,3.901,6.32,-0.063651,0.002995,0.000039,0.004391,0.001,0.005,0.039062,-0.042000,0.000000,0.078125,0.000000,-0.192315,1,2.17,2.122,-42.591,1.755,-2.701976
2.462000,-0.002,-0.007705,-0.066852,3.901,6.32,-0.063712,0.003080,0.000040,0.004585,0.001,0.005,0.039062,-0.042000,0.000000,0.078125,0.000000,-0.192315,1,2.17,2.124,-42.588,1.755,-2.702140
2.464000,-0.002,-0.006595,-0.066298,3.901,6.32,-0.063775,0.003161,0.000043,0.003391,0.001,0.004,0.039062,-0.042000,0.000000,0.078125,0.000000,-0.192315,1,2.17,2.125,-42.585,1.756,-2.702304
2.466000,-0.002,-0.006927,-0.066463,3.901,6.32,-0.063825,0.003238,0.000045,0.003644,0.001,0.005,0.039062,-0.042000,0.000000,0.078125,0.000000,-0.192315,1,2.17,2.127,-42.581,1.756,-2.702470
2.468000,-0.002,-0.007603,-0.066801,3.901,6.32,-0.063878,0.003311,0.000046,0.004246,0.001,0.005,0.039062,-0.042000,0.000000,0.078125,0.000000,-0.192315,1,2.17,2.128,-42.578,1.756,-2.702635
2.470000,-0.002,-0.007487,-0.066743,3.901,6.32,-0.063936,0.003381,0.000048,0.004057,0.002,0.005,0.039062,-0.042000,0.000000,0.078125,0.000000,-0.192315,1,2.17,2.129,-42.575,1.757,-2.702800
2.472000,-0.002,-0.007265,-0.066632,3.901,6.32,-0.063992,0.003448,0.000050,0.003767,0.002,0.005,0.039062,-0.042000,0.000000,0.078125,0.000000,-0.192315,1,2.17,2.131,-42.572,1.757,-2.702964
2.474000,-0.002,-0.007213,-0.066606,3.901,6.32,-0.064045,0.003510,0.000053,0.003650,0.002,0.005,0.039062,-0.042000,0.000000,0.078125,0.000000,-0.192315,1,2.17,2.132,-42.568,1.758,-2.703130
2.476000,-0.002,-0.007406,-0.066703,3.901,6.32,-0.064096,0.003569,0.000054,0.003783,0.002,0.005,0.039062,-0.042000,0.000000,0.078125,0.000000,-0.192315,1,2.17,2.134,-42.565,1.758,-2.703295
2.478000,-0.002,-0.007114,-0.066557,3.901,6.32,-0.064148,0.003624,0.000055,0.003436,0.002,0.005,0.039062,-0.042000,0.000000,0.078125,0.000000,-0.192315,1,2.17,2.135,-42.562,1.759,-2.703460
2.480000,-0.002,-0.007043,-0.066522,3.901,6.32,-0.064197,0.003674,0.000058,0.003311,0.002,0.005,0.039062,-0.042000,0.000000,0.078125,0.000000,-0.192315,1,2.17,2.136,-42.559,1.759,-2.703626
2.482000,-0.002,-0.006853,-0.066426,3.901,6.32,-0.064243,0.003721,0.000060,0.003072,0.002,0.005,0.039062,-0.042000,0.000000,0.078125,0.000000,-0.192315,1,2.17,2.138,-42.556,1.759,-2.703792
2.484000,-0.002,-0.007559,-0.066780,3.901,6.32,-0.064287,0.003764,0.000061,0.003735,0.002,0.005,0.039062,-0.042000,0.000000,0.078125,0.000000,-0.192315,1,2.17,2.139,-42.552,1.759,-2.703959
2.486000,-0.002,-0.007071,-0.066535,3.901,6.32,-0.064337,0.003804,0.000064,0.003203,0.002,0.005,0.039062,-0.042000,0.000000,0.078125,0.000000,-0.192315,1,2.17,2.141,-42.549,1.759,-2.704125
2.488000,-0.002,-0.006340,-0.066170,3.901,6.32,-0.064381,0.003840,0.000066,0.002434,0.002,0.004,0.039062,-0.042000,0.000000,0.078125,0.000000,-0.192315,1,2.17,2.142,-42.546,1.759,-2.704292
2.490000,-0.002,-0.006359,-0.066180,3.901,6.32,-0.064416,0.003872,0.000068,0.002420,0.002,0.004,0.039062,-0.042000,0.000000,0.078125,0.000000,-0.192315,1,2.17,2.143,-42.543,1.759,-2.704461
2.492000,-0.002,-0.006662,-0.066331,3.901,6.32,-0.064452,0.003900,0.000068,0.002693,0.002,0.004,0.039062,-0.042000,0.000000,0.078125,0.000000,-0.192315,1,2.17,2.145,-42.539,1.759,-2.704630
2.494000,-0.002,-0.006305,-0.066152,3.901,6.32,-0.064489,0.003926,0.000069,0.002310,0.002,0.004,0.039062,-0.042000,0.000000,0.078125,0.000000,-0.192315,1,2.17,2.146,-42.536,1.759,-2.704799
2.496000,-0.002,-0.006093,-0.066047,3.901,6.32,-0.064522,0.003948,0.000109,0.002037,0.002,0.004,0.039062,-0.042000,0.000000,0.078125,0.000000,-0.192315,1,2.17,2.148,-42.533,1.759,-2.704968
2.498000,-0.002,-0.005910,-0.065955,3.901,6.32,-0.064553,0.003966,0.000111,0.001833,0.002,0.004,0.039062,-0.042000,0.000000,0.078125,0.000000,-0.192315,1,2.17,2.149,-42.530,1.759,-2.705139
2.500000,-0.002,-0.003996,-0.064998,3.901,6.32,-0.064581,0.003980,0.000000,0.000016,0.000,0.003,0.037500,-0.042000,0.000000,0.075000,0.000000,-0.184622,1,2.17,2.150,-42.527,1.759,-2.705309
2.502000,-0.002,-0.004126,-0.065063,3.901,6.32,-0.064589,0.003989,0.000001,0.000136,0.000,0.003,0.037500,-0.042000,0.000000,0.075000,0.000000,-0.184622,1,2.17,2.152,-42.523,1.759,-2.705484
2.504000,-0.002,-0.004164,-0.065082,3.901,6.32,-0.064599,0.003994,0.000005,0.000165,0.000,0.003,0.037500,-0.042000,0.000000,0.075000,0.000000,-0.184622,1,2.17,2.153,-42.520,1.759,-2.705658
2.506000,-0.002,-0.004190,-0.065095,3.901,6.32,-0.064608,0.003996,0.000007,0.000187,0.000,0.003,0.037500,-0.042000,0.000000,0.075000,0.000000,-0.184622,1,2.17,2.155,-42.517,1.759,-2.705832
2.508000,-0.002,-0.004177,-0.065088,3.901,6.32,-0.064618,0.003995,0.000008,0.000173,0.002,0.003,0.037500,-0.042000,0.000000,0.075000,0.000000,-0.184622,1,2.17,2.156,-42.514,1.759,-2.706007
2.510000,-0.002,-0.004075,-0.065038,3.901,6.32,-0.064627,0.003991,0.000009,0.000075,0.002,0.003,0.037500,-0.042000,0.000000,0.075000,0.000000,-0.184622,1,2.17,2.157,-42.510,1.759,-2.706181
2.512000,-0.002,-0.003918,-0.064959,3.901,6.32,-0.064636,0.003984,0.000013,-0.000079,0.002,0.003,0.037500,-0.042000,0.000000,0.075000,0.000000,-0.184622,1,2.17,2.159,-42.507,1.759,-2.706356
2.514000,-0.002,-0.003798,-0.064899,3.901,6.32,-0.064642,0.003974,0.000016,-0.000192,0.002,0.003,0.037500,-0.042000,0.000000,0.075000,0.000000,-0.184622,1,2.17,2.160,-42.504,1.759,-2.706531
2.516000,-0.002,-0.003489,-0.064745,3.901,6.32,-0.064647,0.003960,0.000017,-0.000488,0.002,0.002,0.037500,-0.042000,0.000000,0.075000,0.000000,-0.184622,1,2.17,2.162,-42.501,1.759,-2.706706
2.518000,-0.002,-0.003368,-0.064684,3.901,6.32,-0.064649,0.003943,0.000020,-0.000594,0.002,0.002,0.037500,-0.042000,0.000000,0.075000,0.000000,-0.184622,1,2.17,2.163,-42.497,1.759,-2.706882
2.520000,-0.002,-0.003227,-0.064613,3.901,6.32,-0.064650,0.003922,0.000022,-0.000717,0.002,0.002,0.037500,-0.042000,0.000000,0.075000,0.000000,-0.184622,1,2.17,2.164,-42.494,1.759,-2.707057
2.522000,-0.002,-0.002985,-0.064493,3.901,6.32,-0.064649,0.003898,0.000023,-0.000936,0.002,0.002,0.037500,-0.042000,0.000000,0.075000,0.000000,-0.184622,1,2.17,2.166,-42.491,1.759,-2.707234
2.524000,-0.002,-0.002388,-0.064194,3.901,6.32,-0.064646,0.003871,0.000024,-0.001507,0.002,0.002,0.037500,-0.042000,0.000000,0.075000,0.000000,-0.184622,1,2.17,2.167,-42.488,1.759,-2.707411
2.526000,-0.002,-0.002408,-0.064204,3.901,6.32,-0.064637,0.003840,0.000027,-0.001458,0.002,0.002,0.037500,-0.042000,0.000000,0.075000,0.000000,-0.184622,1,2.17,2.169,-42.485,1.759,-2.707588
2.528000,-0.002,-0.002240,-0.064120,3.901,6.32,-0.064628,0.003805,0.000029,-0.001595,0.002,0.001,0.037500,-0.042000,0.000000,0.075000,0.000000,-0.184622,1,2.17,2.170,-42.481,1.759,-2.707766
2.530000,-0.002,-0.002254,-0.064127,3.901,6.32,-0.064618,0.003768,0.000034,-0.001548,0.002,0.002,0.037500,-0.042000,0.000000,0.075000,0.000000,-0.184622,1,2.17,2.171,-42.478,1.759,-2.707944
2.532000,-0.002,-0.001726,-0.063863,3.901,6.32,-0.064608,0.003727,0.000035,-0.002036,0.002,0.001,0.037500,-0.042000,0.000000,0.075000,0.000000,-0.184622,1,2.17,2.173,-42.475,1.759,-2.708122
2.534000,-0.002,-0.001992,-0.063996,3.901,6.32,-0.064593,0.003683,0.000037,-0.001728,0.002,0.001,0.037500,-0.042000,0.000000,0.075000,0.000000,-0.184622,1,2.17,2.174,-42.472,1.759,-2.708301
2.536000,-0.002,-0.001621,-0.063810,3.901,6.32,-0.064581,0.003636,0.000039,-0.002054,0.002,0.001,0.037500,-0.042000,0.000000,0.075000,0.000000,-0.184622,1,2.17,2.176,-42.468,1.759,-2.708479
2.538000,-0.002,-0.001307,-0.063653,3.901,6.32,-0.064566,0.003585,0.000041,-0.002319,0.002,0.001,0.037500,-0.042000,0.000000,0.075000,0.000000,-0.184622,1,2.17,2.177,-42.465,1.759,-2.708658
2.540000,-0.002,-0.000204,-0.063102,3.901,6.32,-0.064548,0.003531,0.000041,-0.003369,0.002,0.000,0.037500,-0.042000,0.000000,0.075000,0.000000,-0.184622,1,2.17,2.178,-42.462,1.759,-2.708837
2.542000,-0.002,-0.000447,-0.063223,3.901,6.32,-0.064519,0.003473,0.000044,-0.003069,0.002,0.000,0.037500,-0.042000,0.000000,0.075000,0.000000,-0.184622,1,2.17,2.180,-42.459,1.759,-2.709018
2.544000,-0.002,-0.000264,-0.063132,3.901,6.32,-0.064493,0.003412,0.000046,-0.003194,0.002,0.000,0.037500,-0.042000,0.000000,0.075000,0.000000,-0.184622,1,2.17,2.181,-42.456,1.759,-2.709198
2.546000,-0.002,-0.000036,-0.063018,3.901,6.32,-0.064465,0.003347,0.000047,-0.003359,0.002,0.000,0.037500,-0.042000,0.000000,0.075000,0.000000,-0.184622,1,2.17,2.183,-42.452,1.759,-2.709379
2.548000,-0.002,-0.000456,-0.063228,3.901,6.32,-0.064436,0.003280,0.000068,-0.002891,0.002,0.000,0.037500,-0.042000,0.000000,0.075000,0.000000,-0.184622,1,2.17,2.184,-42.449,1.759,-2.709560
2.550000,-0.002,-0.000939,-0.063470,3.901,6.32,-0.064412,0.003211,0.000069,-0.002341,0.002,0.001,0.037500,-0.042000,0.000000,0.075000,0.000000,-0.184622,1,2.17,2.185,-42.446,1.759,-2.709740
2.552000,-0.002,-0.000966,-0.063483,3.901,6.32,-0.064393,0.003140,0.000073,-0.002247,0.002,0.001,0.037500,-0.042000,0.000000,0.075000,0.000000,-0.184622,1,2.17,2.187,-42.443,1.759,-2.709919
2.554000,-0.002,-0.000354,-0.063177,3.901,6.32,-0.064375,0.003066,0.000074,-0.002786,0.002,0.000,0.037500,-0.042000,0.000000,0.075000,0.000000,-0.184622,1,2.17,2.188,-42.439,1.759,-2.710098
2.556000,-0.001,-0.000445,-0.063223,3.901,6.32,-0.064351,0.002989,0.000076,-0.002619,0.002,0.000,0.037500,-0.042000,0.000000,0.075000,0.000000,-0.184622,1,2.17,2.190,-42.436,1.759,-2.710278
2.558000,-0.001,0.000016,-0.062992,3.901,6.32,-0.064329,0.002909,0.000078,-0.003003,0.002,0.000,0.037500,-0.042000,0.000000,0.075000,0.000000,-0.184622,1,2.17,2.191,-42.433,1.759,-2.710457
2.560000,-0.001,0.000013,-0.062994,3.901,6.32,-0.064302,0.002826,0.000081,-0.002919,0.002,0.000,0.035937,-0.042000,0.000000,0.071875,0.000000,-0.176930,1,2.17,2.192,-42.430,1.759,-2.710637
2.562000,-0.001,0.000365,-0.062818,3.901,6.32,-0.064276,0.002739,0.000082,-0.003186,0.002,0.000,0.035937,-0.042000,0.000000,0.071875,0.000000,-0.176930,1,2.17,2.194,-42.426,1.759,-2.710817
2.564000,-0.001,0.000238,-0.062881,3.901,6.32,-0.064246,0.002649,0.000084,-0.002971,0.001,0.000,0.035937,-0.042000,0.000000,0.071875,0.000000,-0.176930,1,2.17,2.195,-42.423,1.759,-2.710996
2.566000,-0.001,0.000513,-0.062744,3.901,6.32,-0.064219,0.002556,0.000086,-0.003154,0.001,0.000,0.035937,-0.042000,0.000000,0.071875,0.000000,-0.176930,1,2.17,2.197,-42.420,1.758,-2.711175
2.568000,-0.001,0.000654,-0.062673,3.901,6.32,-0.064190,0.002459,0.000088,-0.003201,0.001,0.000,0.035937,-0.042000,0.000000,0.071875,0.000000,-0.176930,1,2.17,2.198,-42.417,1.758,-2.711354
2.570000,-0.001,0.001133,-0.062433,3.901,6.32,-0.064159,0.002359,0.000089,-0.003582,0.001,0.001,0.035937,-0.042000,0.000000,0.071875,0.000000,-0.176930,1,2.17,2.199,-42.414,1.758,-2.711532
2.572000,-0.001,0.003159,-0.061421,3.901,6.32,-0.064125,0.002255,0.000090,-0.005504,0.001,0.002,0.035937,-0.042000,0.000000,0.071875,0.000000,-0.176930,1,2.17,2.201,-42.410,1.757,-2.711710
2.574000,-0.001,0.003282,-0.061359,3.901,6.32,-0.064071,0.002146,0.000091,-0.005519,0.001,0.002,0.035937,-0.042000,0.000000,0.071875,0.000000,-0.176930,1,2.17,2.202,-42.407,1.757,-2.711892
2.576000,-0.001,0.003626,-0.061187,3.901,6.32,-0.064016,0.002034,0.000092,-0.005752,0.001,0.002,0.035937,-0.042000,0.000000,0.071875,0.000000,-0.176930,1,2.17,2.204,-42.404,1.757,-2.712074
2.578000,-0.001,0.003939,-0.061030,3.901,6.32,-0.063960,0.001920,0.000094,-0.005953,0.001,0.003,0.035937,-0.042000,0.000000,0.071875,0.000000,-0.176930,1,2.17,2.205,-42.401,1.756,-2.712257
2.580000,-0.001,0.005098,-0.060451,3.901,6.32,-0.063901,0.001804,0.000095,-0.006996,0.001,0.003,0.035937,-0.042000,0.000000,0.071875,0.000000,-0.176930,1,2.17,2.206,-42.397,1.755,-2.712440
2.582000,-0.001,0.003616,-0.061192,3.901,6.32,-0.063832,0.001684,0.000096,-0.005395,0.001,0.002,0.035937,-0.042000,0.000000,0.071875,0.000000,-0.176930,1,2.17,2.208,-42.394,1.755,-2.712626
2.584000,-0.001,0.004287,-0.060857,3.901,6.32,-0.063779,0.001565,0.000096,-0.005948,0.001,0.003,0.035937,-0.042000,0.000000,0.071875,0.000000,-0.176930,1,2.17,2.209,-42.391,1.754,-2.712808
2.586000,-0.001,0.004680,-0.060660,3.901,6.32,-0.063721,0.001443,0.000097,-0.006221,0.001,0.003,0.035937,-0.042000,0.000000,0.071875,0.000000,-0.176930,1,2.17,2.211,-42.388,1.753,-2.712992
2.588000,-0.001,0.007003,-0.059499,3.901,6.32,-0.063660,0.001320,0.000097,-0.008420,0.001,0.005,0.035937,-0.042000,0.000000,0.071875,0.000000,-0.176930,1,2.17,2.212,-42.385,1.753,-2.713177
2.590000,-0.001,0.006102,-0.059949,3.901,6.32,-0.063576,0.001191,0.000098,-0.007391,0.001,0.004,0.035937,-0.042000,0.000000,0.071875,0.000000,-0.176930,1,2.17,2.213,-42.381,1.752,-2.713365
2.592000,-0.001,0.006444,-0.059778,3.901,6.32,-0.063504,0.001063,0.000099,-0.007605,0.001,0.004,0.035937,-0.042000,0.000000,0.071875,0.000000,-0.176930,1,2.17,2.215,-42.378,1.752,-2.713552
2.594000,-0.000,0.006625,-0.059688,3.901,6.32,-0.063429,0.000932,0.000099,-0.007656,0.001,0.004,0.035937,-0.042000,0.000000,0.071875,0.000000,-0.176930,1,2.17,2.216,-42.375,1.752,-2.713738
2.596000,-0.000,0.008089,-0.058955,3.901,6.32,-0.063354,0.000800,0.000099,-0.008989,0.001,0.005,0.035937,-0.042000,0.000000,0.071875,0.000000,-0.176930,1,2.17,2.217,-42.372,1.752,-2.713924
2.598000,-0.000,0.006231,-0.059884,3.901,6.32,-0.063266,0.000664,0.000100,-0.006995,0.001,0.004,0.035937,-0.042000,0.000000,0.071875,0.000000,-0.176930,1,2.17,2.219,-42.368,1.752,-2.714113
2.600000,-0.000,-0.000531,-0.081266,3.781,6.32,-0.063199,0.000529,0.000000,0.000002,0.000,0.000,0.034375,-0.054000,0.000000,0.068750,0.000000,-0.169237,1,2.16,2.220,-42.365,1.752,-2.714298
2.602000,-0.000,0.000460,-0.080770,3.781,6.28,-0.063424,0.000397,0.000000,-0.000858,0.000,0.000,0.034375,-0.054000,0.000000,0.068750,0.000000,-0.169237,1,2.16,2.222,-42.362,1.744,-2.714425
2.604000,-0.000,0.001053,-0.080473,3.781,6.25,-0.063771,0.000281,0.000001,-0.001335,0.000,0.001,0.034375,-0.054000,0.000000,0.068750,0.000000,-0.169237,1,2.16,2.223,-42.359,1.736,-2.714528
2.606000,-0.000,0.002143,-0.079929,3.781,6.22,-0.064105,0.000175,0.000001,-0.002319,0.000,0.001,0.034375,-0.054000,0.000000,0.068750,0.000000,-0.169237,1,2.16,2.224,-42.356,1.729,-2.714630
2.608000,-0.000,0.002743,-0.079628,3.781,6.20,-0.064421,0.000076,0.000001,-0.002820,0.000,0.002,0.034375,-0.054000,0.000000,0.068750,0.000000,-0.169237,1,2.16,2.226,-42.353,1.721,-2.714737
2.610000,0.000,0.003975,-0.079012,3.781,6.19,-0.064725,-0.000020,0.000001,-0.003956,0.000,0.003,0.034375,-0.054000,0.000000,0.068750,0.000000,-0.169237,1,2.16,2.227,-42.349,1.714,-2.714850
2.612000,0.000,0.003704,-0.079148,3.781,6.18,-0.065011,-0.000112,0.000001,-0.003593,0.000,0.002,0.034375,-0.054000,0.000000,0.068750,0.000000,-0.169237,1,2.16,2.229,-42.346,1.709,-2.714968
2.614000,0.000,0.004540,-0.078730,3.781,6.17,-0.065294,-0.000200,0.000001,-0.004341,0.000,0.003,0.034375,-0.054000,0.000000,0.068750,0.000000,-0.169237,1,2.16,2.230,-42.343,1.704,-2.715088
2.616000,0.000,0.004322,-0.078839,3.781,6.16,-0.065563,-0.000288,0.000000,-0.004035,0.000,0.003,0.034375,-0.054000,0.000000,0.068750,0.000000,-0.169237,1,2.16,2.231,-42.340,1.701,-2.715209
2.618000,0.000,0.005376,-0.078312,3.781,6.15,-0.065828,-0.000375,0.000000,-0.005002,-0.000,0.004,0.034375,-0.054000,0.000000,0.068750,0.000000,-0.169237,1,2.16,2.233,-42.337,1.698,-2.715332
2.620000,0.000,0.004835,-0.078582,3.781,6.15,-0.066078,-0.000464,-0.000000,-0.004371,-0.000,0.003,0.034375,-0.054000,0.000000,0.068750,0.000000,-0.169237,1,2.16,2.234,-42.334,1.697,-2.715457
2.622000,0.000,0.005555,-0.078222,3.781,6.14,-0.066328,-0.000554,-0.000000,-0.005001,-0.000,0.004,0.034375,-0.054000,0.000000,0.068750,0.000000,-0.169237,1,2.16,2.235,-42.331,1.695,-2.715584
2.624000,0.000,0.005110,-0.078445,3.781,6.14,-0.066566,-0.000648,-0.000001,-0.004462,-0.000,0.003,0.034375,-0.054000,0.000000,0.068750,0.000000,-0.169237,1,2.16,2.237,-42.328,1.694,-2.715715
2.626000,0.000,0.005025,-0.078487,3.781,6.14,-0.066803,-0.000743,-0.000001,-0.004281,-0.000,0.003,0.034375,-0.054000,0.000000,0.068750,0.000000,-0.169237,1,2.16,2.238,-42.325,1.693,-2.715847
2.628000,0.000,0.004996,-0.078502,3.781,6.13,-0.067037,-0.000842,-0.000002,-0.004152,-0.000,0.003,0.034375,-0.054000,0.000000,0.068750,0.000000,-0.169237,1,2.16,2.239,-42.321,1.693,-2.715981
2.630000,0.000,0.005304,-0.078348,3.781,6.13,-0.067266,-0.000944,-0.000002,-0.004358,-0.000,0.004,0.034375,-0.054000,0.000000,0.068750,0.000000,-0.169237,1,2.16,2.241,-42.318,1.693,-2.716116
2.632000,0.001,0.004672,-0.078664,3.781,6.13,-0.067488,-0.001051,-0.000004,-0.003617,-0.000,0.003,0.034375,-0.054000,0.000000,0.068750,0.000000,-0.169237,1,2.16,2.242,-42.315,1.693,-2.716253
2.634000,0.001,0.005799,-0.078101,3.781,6.13,-0.067711,-0.001161,-0.000004,-0.004633,-0.000,0.004,0.034375,-0.054000,0.000000,0.068750,0.000000,-0.169237,1,2.16,2.244,-42.312,1.694,-2.716391
2.636000,0.001,0.008003,-0.076999,3.781,6.13,-0.067919,-0.001277,-0.000005,-0.006722,-0.000,0.005,0.034375,-0.054000,0.000000,0.068750,0.000000,-0.169237,1,2.16,2.245,-42.309,1.695,-2.716530
2.638000,0.001,0.007549,-0.077226,3.781,6.13,-0.068101,-0.001398,-0.000006,-0.006145,-0.000,0.005,0.034375,-0.054000,0.000000,0.068750,0.000000,-0.169237,1,2.16,2.246,-42.306,1.695,-2.716673
2.640000,0.001,0.007810,-0.077095,3.781,6.13,-0.068283,-0.001522,-0.000007,-0.006282,-0.001,0.005,0.034375,-0.054000,0.000000,0.068750,0.000000,-0.169237,1,2.16,2.248,-42.303,1.696,-2.716816
2.642000,0.001,0.009560,-0.076220,3.781,6.13,-0.068459,-0.001650,-0.000007,-0.007903,-0.001,0.006,0.034375,-0.054000,0.000000,0.068750,0.000000,-0.169237,1,2.16,2.249,-42.300,1.697,-2.716960
2.644000,0.001,0.009081,-0.076459,3.781,6.13,-0.068614,-0.001783,-0.000008,-0.007290,-0.001,0.006,0.034375,-0.054000,0.000000,0.068750,0.000000,-0.169237,1,2.16,2.250,-42.297,1.697,-2.717106
2.646000,0.001,0.007430,-0.077285,3.781,6.13,-0.068771,-0.001920,-0.000010,-0.005499,-0.001,0.005,0.034375,-0.054000,0.000000,0.068750,0.000000,-0.169237,1,2.16,2.252,-42.293,1.698,-2.717254
2.648000,0.001,0.007794,-0.077103,3.781,6.13,-0.068942,-0.002062,-0.000012,-0.005721,-0.001,0.005,0.034375,-0.054000,0.000000,0.068750,0.000000,-0.169237,1,2.16,2.253,-42.290,1.699,-2.717402
2.650000,0.001,0.007224,-0.077388,3.781,6.13,-0.069105,-0.002208,-0.000026,-0.004990,-0.001,0.005,0.034375,-0.054000,0.000000,0.068750,0.000000,-0.169237,1,2.16,2.254,-42.287,1.699,-2.717553
2.652000,0.001,0.006857,-0.077572,3.781,6.13,-0.069270,-0.002358,-0.000027,-0.004472,-0.001,0.005,0.034375,-0.054000,0.000000,0.068750,0.000000,-0.169237,1,2.16,2.256,-42.284,1.699,-2.717704
2.654000,0.001,0.006997,-0.077502,3.781,6.13,-0.069436,-0.002510,-0.000029,-0.004459,-0.001,0.005,0.034375,-0.054000,0.000000,0.068750,0.000000,-0.169237,1,2.16,2.257,-42.281,1.700,-2.717856
2.656000,0.001,0.007460,-0.077270,3.781,6.13,-0.069598,-0.002665,-0.000031,-0.004765,-0.001,0.005,0.034375,-0.054000,0.000000,0.068750,0.000000,-0.169237,1,2.16,2.258,-42.278,1.700,-2.718009
2.658000,0.001,0.008026,-0.076987,3.781,6.13,-0.069751,-0.002823,-0.000032,-0.005171,-0.001,0.005,0.034375,-0.054000,0.000000,0.068750,0.000000,-0.169237,1,2.16,2.260,-42.275,1.700,-2.718165
2.660000,0.001,0.009289,-0.076356,3.781,6.13,-0.069896,-0.002985,-0.000034,-0.006269,-0.001,0.006,0.032812,-0.054000,0.000000,0.065625,0.000000,-0.161545,1,2.16,2.261,-42.272,1.700,-2.718322
2.662000,0.002,0.009727,-0.076137,3.781,6.13,-0.070025,-0.003152,-0.000036,-0.006539,-0.001,0.006,0.032812,-0.054000,0.000000,0.065625,0.000000,-0.161545,1,2.16,2.263,-42.269,1.700,-2.718482
2.664000,0.002,0.009871,-0.076064,3.781,6.13,-0.070147,-0.003321,-0.000038,-0.006511,-0.001,0.007,0.032812,-0.054000,0.000000,0.065625,0.000000,-0.161545,1,2.16,2.264,-42.265,1.700,-2.718644
2.666000,0.002,0.010003,-0.075998,3.781,6.13,-0.070266,-0.003493,-0.000041,-0.006469,-0.001,0.007,0.032812,-0.054000,0.000000,0.065625,0.000000,-0.161545,1,2.16,2.265,-42.262,1.700,-2.718807
2.668000,0.002,0.012617,-0.074692,3.781,6.13,-0.070380,-0.003666,-0.000042,-0.008908,-0.001,0.008,0.032812,-0.054000,0.000000,0.065625,0.000000,-0.161545,1,2.16,2.267,-42.259,1.700,-2.718971
2.670000,0.002,0.012611,-0.074695,3.781,6.13,-0.070466,-0.003846,-0.000045,-0.008719,-0.002,0.008,0.032812,-0.054000,0.000000,0.065625,0.000000,-0.161545,1,2.16,2.268,-42.256,1.699,-2.719140
2.672000,0.002,0.013280,-0.074360,3.781,6.13,-0.070551,-0.004028,-0.000047,-0.009205,-0.002,0.009,0.032812,-0.054000,0.000000,0.065625,0.000000,-0.161545,1,2.16,2.269,-42.253,1.699,-2.719310
2.674000,0.002,0.013425,-0.074287,3.781,6.13,-0.070627,-0.004212,-0.000051,-0.009162,-0.002,0.009,0.032812,-0.054000,0.000000,0.065625,0.000000,-0.161545,1,2.16,2.271,-42.250,1.699,-2.719482
2.676000,0.002,0.014071,-0.073964,3.781,6.13,-0.070700,-0.004398,-0.000054,-0.009620,-0.002,0.009,0.032812,-0.054000,0.000000,0.065625,0.000000,-0.161545,1,2.16,2.272,-42.247,1.699,-2.719654
2.678000,0.002,0.011101,-0.075449,3.781,6.13,-0.070766,-0.004586,-0.000060,-0.006456,-0.002,0.007,0.032812,-0.054000,0.000000,0.065625,0.000000,-0.161545,1,2.16,2.273,-42.244,1.699,-2.719828
2.680000,0.002,0.011314,-0.075343,3.781,6.13,-0.070859,-0.004770,-0.000064,-0.006480,-0.002,0.008,0.032812,-0.054000,0.000000,0.065625,0.000000,-0.161545,1,2.16,2.275,-42.241,1.699,-2.719998
2.682000,0.002,0.011212,-0.075394,3.781,6.13,-0.070949,-0.004955,-0.000067,-0.006190,-0.002,0.007,0.032812,-0.054000,0.000000,0.065625,0.000000,-0.161545,1,2.16,2.276,-42.237,1.699,-2.720168
2.684000,0.003,0.012094,-0.074953,3.781,6.13,-0.071038,-0.005142,-0.000069,-0.006882,-0.002,0.008,0.032812,-0.054000,0.000000,0.065625,0.000000,-0.161545,1,2.16,2.277,-42.234,1.699,-2.720338
2.686000,0.003,0.015495,-0.073253,3.781,6.13,-0.071116,-0.005332,-0.000070,-0.010093,-0.002,0.010,0.032812,-0.054000,0.000000,0.065625,0.000000,-0.161545,1,2.16,2.279,-42.231,1.699,-2.720511
2.688000,0.003,0.016092,-0.072954,3.781,6.13,-0.071159,-0.005529,-0.000076,-0.010488,-0.002,0.011,0.032812,-0.054000,0.000000,0.065625,0.000000,-0.161545,1,2.16,2.280,-42.228,1.699,-2.720690
2.690000,0.003,0.018263,-0.071869,3.781,6.13,-0.071195,-0.005728,-0.000077,-0.012457,-0.002,0.012,0.032812,-0.054000,0.000000,0.065625,0.000000,-0.161545,1,2.16,2.281,-42.225,1.699,-2.720870
2.692000,0.003,0.017710,-0.072145,3.781,6.13,-0.071208,-0.005932,-0.000083,-0.011695,-0.003,0.012,0.032812,-0.054000,0.000000,0.065625,0.000000,-0.161545,1,2.16,2.283,-42.222,1.699,-2.721055
2.694000,0.003,0.019144,-0.071428,3.781,6.13,-0.071227,-0.006136,-0.000085,-0.012924,-0.003,0.013,0.032812,-0.054000,0.000000,0.065625,0.000000,-0.161545,1,2.16,2.284,-42.219,1.699,-2.721239
2.696000,0.003,0.017162,-0.072419,3.781,6.13,-0.071231,-0.006343,-0.000087,-0.010732,-0.003,0.011,0.032812,-0.054000,0.000000,0.065625,0.000000,-0.161545,1,2.16,2.285,-42.216,1.699,-2.721426
2.698000,0.003,0.018070,-0.071965,3.781,6.13,-0.071255,-0.006547,-0.000091,-0.011431,-0.003,0.012,0.032812,-0.054000,0.000000,0.065625,0.000000,-0.161545,1,2.16,2.287,-42.212,1.699,-2.721609
2.700000,0.003,0.006779,-0.077611,3.781,6.13,-0.071269,-0.006754,0.000000,-0.000025,0.000,0.005,0.032812,-0.054000,0.000000,0.065625,0.000000,-0.161545,1,2.16,2.288,-42.209,1.699,-2.721794
2.702000,0.003,0.007158,-0.077421,3.781,6.13,-0.071395,-0.006941,-0.000044,-0.000173,0.000,0.005,0.032812,-0.054000,0.000000,0.065625,0.000000,-0.161545,1,2.16,2.290,-42.206,1.699,-2.721959
2.704000,0.004,0.008038,-0.076981,3.781,6.13,-0.071516,-0.007129,-0.000054,-0.000855,0.000,0.005,0.032812,-0.054000,0.000000,0.065625,0.000000,-0.161545,1,2.16,2.291,-42.203,1.699,-2.722125
2.706000,0.004,0.010858,-0.075571,3.781,6.13,-0.071625,-0.007320,-0.000056,-0.003482,0.000,0.007,0.032812,-0.054000,0.000000,0.065625,0.000000,-0.161545,1,2.16,2.292,-42.200,1.699,-2.722292
2.708000,0.004,0.015192,-0.073404,3.781,6.13,-0.071704,-0.007517,-0.000058,-0.007617,-0.003,0.010,0.032812,-0.054000,0.000000,0.065625,0.000000,-0.161545,1,2.16,2.294,-42.197,1.699,-2.722466
2.710000,0.004,0.017459,-0.072270,3.781,6.13,-0.071738,-0.007723,-0.000062,-0.009674,-0.003,0.012,0.032812,-0.054000,0.000000,0.065625,0.000000,-0.161545,1,2.16,2.295,-42.194,1.699,-2.722648
2.712000,0.004,0.018593,-0.071703,3.781,6.13,-0.071749,-0.007934,-0.000070,-0.010590,-0.004,0.012,0.032812,-0.054000,0.000000,0.065625,0.000000,-0.161545,1,2.16,2.296,-42.191,1.699,-2.722835
2.714000,0.004,0.019410,-0.071295,3.781,6.13,-0.071748,-0.008147,-0.000077,-0.011186,-0.004,0.013,0.032812,-0.054000,0.000000,0.065625,0.000000,-0.161545,1,2.16,2.298,-42.187,1.699,-2.723023
2.716000,0.004,0.019066,-0.071467,3.781,6.13,-0.071739,-0.008362,-0.000081,-0.010623,-0.004,0.013,0.032812,-0.054000,0.000000,0.065625,0.000000,-0.161545,1,2.16,2.299,-42.184,1.699,-2.723214
2.718000,0.004,0.016697,-0.072651,3.781,6.13,-0.071734,-0.008576,-0.000087,-0.008034,-0.004,0.011,0.032812,-0.054000,0.000000,0.065625,0.000000,-0.161545,1,2.16,2.300,-42.181,1.699,-2.723403
2.720000,0.004,0.016452,-0.072774,3.781,6.13,-0.071752,-0.008786,-0.000093,-0.007573,-0.004,0.011,0.029687,-0.054000,0.000000,0.059375,0.000000,-0.146159,1,2.16,2.302,-42.178,1.699,-2.723589
2.722000,0.004,0.017056,-0.072472,3.781,6.13,-0.071772,-0.008996,-0.000099,-0.007961,-0.004,0.011,0.029687,-0.054000,0.000000,0.059375,0.000000,-0.146159,1,2.16,2.303,-42.175,1.699,-2.723774
2.724000,0.005,0.017805,-0.072097,3.781,6.13,-0.071786,-0.009207,-0.000104,-0.008494,-0.004,0.012,0.029687,-0.054000,0.000000,0.059375,0.000000,-0.146159,1,2.16,2.304,-42.172,1.699,-2.723960
2.726000,0.005,0.020338,-0.070831,3.781,6.13,-0.071792,-0.009419,-0.000107,-0.010812,-0.004,0.014,0.029687,-0.054000,0.000000,0.059375,0.000000,-0.146159,1,2.16,2.306,-42.169,1.699,-2.724148
2.728000,0.005,0.020517,-0.070742,3.781,6.13,-0.071773,-0.009636,-0.000114,-0.010767,-0.004,0.014,0.029687,-0.054000,0.000000,0.059375,0.000000,-0.146159,1,2.16,2.307,-42.166,1.699,-2.724340
2.730000,0.005,0.020627,-0.070687,3.781,6.13,-0.071753,-0.009853,-0.000121,-0.010653,-0.004,0.014,0.029687,-0.054000,0.000000,0.059375,0.000000,-0.146159,1,2.16,2.308,-42.162,1.699,-2.724532
2.732000,0.005,0.021171,-0.070414,3.781,6.13,-0.071731,-0.010070,-0.000127,-0.010975,-0.005,0.014,0.029687,-0.054000,0.000000,0.059375,0.000000,-0.146159,1,2.16,2.310,-42.159,1.699,-2.724725
2.734000,0.005,0.024237,-0.068881,3.781,6.13,-0.071705,-0.010287,-0.000129,-0.013821,-0.005,0.016,0.029687,-0.054000,0.000000,0.059375,0.000000,-0.146159,1,2.16,2.311,-42.156,1.699,-2.724918
2.736000,0.005,0.021027,-0.070487,3.781,6.13,-0.071649,-0.010509,-0.000142,-0.010376,-0.005,0.014,0.029687,-0.054000,0.000000,0.059375,0.000000,-0.146159,1,2.16,2.312,-42.153,1.699,-2.725117
2.738000,0.005,0.021788,-0.070106,3.781,6.13,-0.071625,-0.010726,-0.000147,-0.010915,-0.005,0.015,0.029687,-0.054000,0.000000,0.059375,0.000000,-0.146159,1,2.16,2.314,-42.150,1.699,-2.725310
2.740000,0.005,0.025027,-0.068486,3.781,6.13,-0.071595,-0.010942,-0.000150,-0.013935,-0.005,0.017,0.029687,-0.054000,0.000000,0.059375,0.000000,-0.146159,1,2.16,2.315,-42.147,1.699,-2.725504
2.742000,0.006,0.024944,-0.068528,3.781,6.13,-0.071533,-0.011164,-0.000159,-0.013621,-0.005,0.017,0.029687,-0.054000,0.000000,0.059375,0.000000,-0.146159,1,2.16,2.316,-42.144,1.699,-2.725703
2.744000,0.006,0.023049,-0.069475,3.781,6.13,-0.071473,-0.011385,-0.000164,-0.011500,-0.005,0.015,0.029687,-0.054000,0.000000,0.059375,0.000000,-0.146159,1,2.16,2.318,-42.141,1.699,-2.725902
2.746000,0.006,0.024301,-0.068850,3.781,6.13,-0.071433,-0.011602,-0.000170,-0.012529,-0.005,0.016,0.029687,-0.054000,0.000000,0.059375,0.000000,-0.146159,1,2.16,2.319,-42.137,1.699,-2.726097
2.748000,0.006,0.027591,-0.067205,3.781,6.13,-0.071381,-0.011820,-0.000172,-0.015598,-0.005,0.018,0.029687,-0.054000,0.000000,0.059375,0.000000,-0.146159,1,2.16,2.320,-42.134,1.699,-2.726295
2.750000,0.006,0.024952,-0.068524,3.781,6.13,-0.071298,-0.012043,-0.000181,-0.012729,-0.006,0.017,0.029687,-0.054000,0.000000,0.059375,0.000000,-0.146159,1,2.16,2.321,-42.131,1.698,-2.726497
2.752000,0.006,0.025688,-0.068156,3.781,6.13,-0.071242,-0.012260,-0.000187,-0.013241,-0.006,0.017,0.029687,-0.054000,0.000000,0.059375,0.000000,-0.146159,1,2.16,2.323,-42.128,1.698,-2.726695
2.754000,0.006,0.023618,-0.069191,3.781,6.13,-0.071180,-0.012477,-0.000267,-0.010873,-0.006,0.016,0.029687,-0.054000,0.000000,0.059375,0.000000,-0.146159,1,2.16,2.324,-42.125,1.698,-2.726893
2.756000,0.006,0.022723,-0.069638,3.781,6.13,-0.071140,-0.012690,-0.000283,-0.009751,-0.006,0.015,0.029687,-0.054000,0.000000,0.059375,0.000000,-0.146159,1,2.16,2.325,-42.122,1.699,-2.727088
2.758000,0.006,0.019918,-0.071041,3.781,6.13,-0.071110,-0.012899,-0.000290,-0.006729,-0.006,0.013,0.029687,-0.054000,0.000000,0.059375,0.000000,-0.146159,1,2.16,2.327,-42.119,1.699,-2.727280
2.760000,0.007,0.019609,-0.071196,3.781,6.13,-0.071109,-0.013103,-0.000301,-0.006205,-0.006,0.013,0.026563,-0.054000,0.000000,0.053125,0.000000,-0.130774,1,2.16,2.328,-42.116,1.699,-2.727468
2.762000,0.007,0.019454,-0.071273,3.781,6.13,-0.071111,-0.013305,-0.000310,-0.005840,-0.006,0.013,0.026563,-0.054000,0.000000,0.053125,0.000000,-0.130774,1,2.16,2.329,-42.112,1.699,-2.727654
2.764000,0.007,0.021062,-0.070469,3.781,6.13,-0.071114,-0.013505,-0.000318,-0.007239,-0.006,0.014,0.026563,-0.054000,0.000000,0.053125,0.000000,-0.130774,1,2.16,2.331,-42.109,1.699,-2.727841
2.766000,0.007,0.023132,-0.069434,3.781,6.13,-0.071101,-0.013708,-0.000323,-0.009101,-0.006,0.015,0.026563,-0.054000,0.000000,0.053125,0.000000,-0.130774,1,2.16,2.332,-42.106,1.699,-2.728030
2.768000,0.007,0.022787,-0.069606,3.781,6.13,-0.071068,-0.013913,-0.000333,-0.008542,-0.007,0.015,0.026563,-0.054000,0.000000,0.053125,0.000000,-0.130774,1,2.16,2.333,-42.103,1.699,-2.728222
2.770000,0.007,0.023615,-0.069193,3.781,6.13,-0.071039,-0.014116,-0.000341,-0.009158,-0.007,0.016,0.026563,-0.054000,0.000000,0.053125,0.000000,-0.130774,1,2.16,2.335,-42.100,1.699,-2.728415
2.772000,0.007,0.026480,-0.067760,3.781,6.13,-0.071002,-0.014320,-0.000344,-0.011816,-0.007,0.018,0.026563,-0.054000,0.000000,0.053125,0.000000,-0.130774,1,2.16,2.336,-42.097,1.699,-2.728608
2.774000,0.007,0.026361,-0.067819,3.781,6.13,-0.070937,-0.014527,-0.000357,-0.011478,-0.007,0.018,0.026563,-0.054000,0.000000,0.053125,0.000000,-0.130774,1,2.16,2.337,-42.094,1.699,-2.728806
2.776000,0.007,0.026171,-0.067914,3.781,6.13,-0.070874,-0.014733,-0.000363,-0.011076,-0.007,0.017,0.026563,-0.054000,0.000000,0.053125,0.000000,-0.130774,1,2.16,2.339,-42.091,1.699,-2.729004
2.778000,0.007,0.026787,-0.067607,3.781,6.13,-0.070815,-0.014936,-0.000371,-0.011479,-0.007,0.018,0.026563,-0.054000,0.000000,0.053125,0.000000,-0.130774,1,2.16,2.340,-42.087,1.699,-2.729201
2.780000,0.008,0.029246,-0.066377,3.781,6.13,-0.070751,-0.015139,-0.000375,-0.013732,-0.007,0.019,0.026563,-0.054000,0.000000,0.053125,0.000000,-0.130774,1,2.16,2.341,-42.084,1.699,-2.729399
2.782000,0.008,0.026837,-0.067581,3.781,6.13,-0.070664,-0.015345,-0.000384,-0.011108,-0.007,0.018,0.026563,-0.054000,0.000000,0.053125,0.000000,-0.130774,1,2.16,2.343,-42.081,1.699,-2.729601
2.784000,0.008,0.027630,-0.067185,3.781,6.13,-0.070602,-0.015544,-0.000393,-0.011693,-0.007,0.018,0.026563,-0.054000,0.000000,0.053125,0.000000,-0.130774,1,2.16,2.344,-42.078,1.698,-2.729798
2.786000,0.008,0.027094,-0.067453,3.781,6.13,-0.070534,-0.015743,-0.000403,-0.010949,-0.007,0.018,0.026563,-0.054000,0.000000,0.053125,0.000000,-0.130774,1,2.16,2.345,-42.075,1.698,-2.729996
2.788000,0.008,0.030034,-0.065983,3.781,6.13,-0.070472,-0.015938,-0.000406,-0.013690,-0.008,0.020,0.026563,-0.054000,0.000000,0.053125,0.000000,-0.130774,1,2.16,2.346,-42.072,1.698,-2.730193
2.790000,0.008,0.027528,-0.067236,3.781,6.13,-0.070382,-0.016137,-0.000419,-0.010973,-0.008,0.018,0.026563,-0.054000,0.000000,0.053125,0.000000,-0.130774,1,2.16,2.348,-42.069,1.698,-2.730394
2.792000,0.008,0.028253,-0.066873,3.781,6.13,-0.070319,-0.016329,-0.000426,-0.011498,-0.008,0.019,0.026563,-0.054000,0.000000,0.053125,0.000000,-0.130774,1,2.16,2.349,-42.065,1.698,-2.730591
2.794000,0.008,0.027850,-0.067075,3.781,6.13,-0.070250,-0.016520,-0.000439,-0.010891,-0.008,0.019,0.026563,-0.054000,0.000000,0.053125,0.000000,-0.130774,1,2.16,2.350,-42.062,1.698,-2.730788
2.796000,0.008,0.029703,-0.066148,3.781,6.13,-0.070187,-0.016708,-0.000444,-0.012551,-0.008,0.020,0.026563,-0.054000,0.000000,0.053125,0.000000,-0.130774,1,2.16,2.352,-42.059,1.698,-2.730984
2.798000,0.008,0.029396,-0.066302,3.781,6.13,-0.070106,-0.016897,-0.000448,-0.012051,-0.008,0.020,0.026563,-0.054000,0.000000,0.053125,0.000000,-0.130774,1,2.16,2.353,-42.056,1.698,-2.731183
2.800000,0.009,0.017145,-0.072428,3.781,6.13,-0.070030,-0.017084,0.000000,-0.000061,0.000,0.011,0.026563,-0.054000,0.000000,0.053125,0.000000,-0.130774,1,2.16,2.354,-42.053,1.698,-2.731381
2.802000,0.009,0.018850,-0.071575,3.781,6.13,-0.070078,-0.017246,-0.000009,-0.001594,0.000,0.013,0.026563,-0.054000,0.000000,0.053125,0.000000,-0.130774,1,2.16,2.356,-42.050,1.698,-2.731558
2.804000,0.009,0.020479,-0.070761,3.781,6.13,-0.070108,-0.017410,-0.000019,-0.003050,0.000,0.014,0.026563,-0.054000,0.000000,0.053125,0.000000,-0.130774,1,2.16,2.357,-42.047,1.698,-2.731736
2.806000,0.009,0.020885,-0.070557,3.781,6.13,-0.070121,-0.017575,-0.000132,-0.003179,0.000,0.014,0.026563,-0.054000,0.000000,0.053125,0.000000,-0.130774,1,2.16,2.358,-42.043,1.698,-2.731918
2.808000,0.009,0.021675,-0.070162,3.781,6.13,-0.070130,-0.017739,-0.000156,-0.003780,-0.009,0.014,0.026563,-0.054000,0.000000,0.053125,0.000000,-0.130774,1,2.16,2.360,-42.040,1.698,-2.732100
2.810000,0.009,0.023934,-0.069033,3.781,6.13,-0.070130,-0.017904,-0.000163,-0.005867,-0.009,0.016,0.026563,-0.054000,0.000000,0.053125,0.000000,-0.130774,1,2.16,2.361,-42.037,1.698,-2.732284
2.812000,0.009,0.023856,-0.069072,3.781,6.13,-0.070108,-0.018072,-0.000175,-0.005609,-0.009,0.016,0.026563,-0.054000,0.000000,0.053125,0.000000,-0.130774,1,2.16,2.362,-42.034,1.698,-2.732472
2.814000,0.009,0.023517,-0.069241,3.781,6.13,-0.070088,-0.018239,-0.000191,-0.005088,-0.009,0.016,0.026563,-0.054000,0.000000,0.053125,0.000000,-0.130774,1,2.16,2.363,-42.031,1.698,-2.732660
2.816000,0.009,0.024591,-0.068704,3.781,6.13,-0.070071,-0.018403,-0.000206,-0.005983,-0.009,0.016,0.026563,-0.054000,0.000000,0.053125,0.000000,-0.130774,1,2.16,2.365,-42.028,1.698,-2.732848
2.818000,0.009,0.025205,-0.068398,3.781,6.13,-0.070043,-0.018568,-0.000221,-0.006416,-0.009,0.017,0.026563,-0.054000,0.000000,0.053125,0.000000,-0.130774,1,2.16,2.366,-42.025,1.698,-2.733037
2.820000,0.009,0.024813,-0.068593,3.781,6.13,-0.070011,-0.018733,-0.000230,-0.005850,-0.009,0.017,0.025000,-0.054000,0.000000,0.050000,0.000000,-0.123082,1,2.16,2.367,-42.021,1.698,-2.733227
2.822000,0.009,0.025003,-0.068499,3.781,6.13,-0.069982,-0.018895,-0.000242,-0.005865,-0.009,0.017,0.025000,-0.054000,0.000000,0.050000,0.000000,-0.123082,1,2.16,2.369,-42.018,1.699,-2.733416
2.824000,0.010,0.025142,-0.068429,3.781,6.13,-0.069953,-0.019056,-0.000259,-0.005826,-0.009,0.017,0.025000,-0.054000,0.000000,0.050000,0.000000,-0.123082,1,2.16,2.370,-42.015,1.699,-2.733605
2.826000,0.010,0.025121,-0.068439,3.781,6.13,-0.069922,-0.019217,-0.000278,-0.005627,-0.009,0.017,0.025000,-0.054000,0.000000,0.050000,0.000000,-0.123082,1,2.16,2.371,-42.012,1.699,-2.733795
2.828000,0.010,0.025409,-0.068296,3.781,6.13,-0.069892,-0.019375,-0.000291,-0.005742,-0.009,0.017,0.025000,-0.054000,0.000000,0.050000,0.000000,-0.123082,1,2.16,2.372,-42.009,1.699,-2.733984
2.830000,0.010,0.026065,-0.067968,3.781,6.13,-0.069861,-0.019533,-0.000299,-0.006233,-0.009,0.017,0.025000,-0.054000,0.000000,0.050000,0.000000,-0.123082,1,2.16,2.374,-42.006,1.699,-2.734174
2.832000,0.010,0.025956,-0.068022,3.781,6.13,-0.069823,-0.019690,-0.000314,-0.005951,-0.010,0.017,0.025000,-0.054000,0.000000,0.050000,0.000000,-0.123082,1,2.16,2.375,-42.003,1.699,-2.734364
2.834000,0.010,0.026262,-0.067869,3.781,6.13,-0.069787,-0.019846,-0.000329,-0.006087,-0.010,0.018,0.025000,-0.054000,0.000000,0.050000,0.000000,-0.123082,1,2.16,2.376,-42.000,1.699,-2.734554
2.836000,0.010,0.029301,-0.066350,3.781,6.13,-0.069748,-0.020000,-0.000333,-0.008967,-0.010,0.020,0.025000,-0.054000,0.000000,0.050000,0.000000,-0.123082,1,2.16,2.378,-41.996,1.699,-2.734744
2.838000,0.010,0.029378,-0.066311,3.781,6.13,-0.069680,-0.020159,-0.000349,-0.008871,-0.010,0.020,0.025000,-0.054000,0.000000,0.050000,0.000000,-0.123082,1,2.16,2.379,-41.993,1.699,-2.734940
2.840000,0.010,0.029280,-0.066360,3.781,6.13,-0.069613,-0.020316,-0.000357,-0.008606,-0.010,0.020,0.025000,-0.054000,0.000000,0.050000,0.000000,-0.123082,1,2.16,2.380,-41.990,1.699,-2.735135
2.842000,0.010,0.030128,-0.065936,3.781,6.13,-0.069548,-0.020471,-0.000367,-0.009290,-0.010,0.020,0.025000,-0.054000,0.000000,0.050000,0.000000,-0.123082,1,2.16,2.381,-41.987,1.699,-2.735330
2.844000,0.010,0.032939,-0.064531,3.781,6.13,-0.069476,-0.020626,-0.000371,-0.011942,-0.010,0.022,0.025000,-0.054000,0.000000,0.050000,0.000000,-0.123082,1,2.16,2.383,-41.984,1.699,-2.735526
2.846000,0.010,0.030671,-0.065664,3.781,6.13,-0.069377,-0.020784,-0.000384,-0.009503,-0.010,0.020,0.025000,-0.054000,0.000000,0.050000,0.000000,-0.123082,1,2.16,2.384,-41.981,1.699,-2.735727
2.848000,0.010,0.030922,-0.065539,3.781,6.13,-0.069303,-0.020936,-0.000398,-0.009588,-0.010,0.021,0.025000,-0.054000,0.000000,0.050000,0.000000,-0.123082,1,2.16,2.385,-41.977,1.699,-2.735923
2.850000,0.011,0.030882,-0.065559,3.781,6.13,-0.069227,-0.021087,-0.000408,-0.009388,-0.010,0.021,0.025000,-0.054000,0.000000,0.050000,0.000000,-0.123082,1,2.16,2.387,-41.974,1.699,-2.736119
2.852000,0.011,0.030547,-0.065727,3.781,6.13,-0.069154,-0.021235,-0.000421,-0.008890,-0.010,0.020,0.025000,-0.054000,0.000000,0.050000,0.000000,-0.123082,1,2.16,2.388,-41.971,1.699,-2.736314
2.854000,0.011,0.029069,-0.066465,3.781,6.13,-0.069085,-0.021381,-0.000429,-0.007259,-0.010,0.019,0.025000,-0.054000,0.000000,0.050000,0.000000,-0.123082,1,2.16,2.389,-41.968,1.699,-2.736508
2.856000,0.011,0.029480,-0.066260,3.781,6.13,-0.069033,-0.021522,-0.000439,-0.007519,-0.010,0.020,0.025000,-0.054000,0.000000,0.050000,0.000000,-0.123082,1,2.16,2.390,-41.965,1.699,-2.736699
2.858000,0.011,0.028729,-0.066636,3.781,6.13,-0.068978,-0.021663,-0.000572,-0.006494,-0.011,0.019,0.025000,-0.054000,0.000000,0.050000,0.000000,-0.123082,1,2.16,2.392,-41.962,1.699,-2.736891
2.860000,0.011,0.028648,-0.066676,3.781,6.13,-0.068931,-0.021800,-0.000583,-0.006265,-0.011,0.019,0.021875,-0.054000,0.000000,0.043750,0.000000,-0.107696,1,2.16,2.393,-41.959,1.699,-2.737081
2.862000,0.011,0.028486,-0.066757,3.781,6.13,-0.068886,-0.021935,-0.000599,-0.005951,-0.011,0.019,0.021875,-0.054000,0.000000,0.043750,0.000000,-0.107696,1,2.16,2.394,-41.955,1.699,-2.737270
2.864000,0.011,0.027538,-0.067231,3.781,6.13,-0.068843,-0.022068,-0.000615,-0.004855,-0.011,0.018,0.021875,-0.054000,0.000000,0.043750,0.000000,-0.107696,1,2.16,2.395,-41.952,1.699,-2.737459
2.866000,0.011,0.027419,-0.067290,3.781,6.13,-0.068811,-0.022197,-0.000626,-0.004595,-0.011,0.018,0.021875,-0.054000,0.000000,0.043750,0.000000,-0.107696,1,2.16,2.397,-41.949,1.699,-2.737646
2.868000,0.011,0.030201,-0.065899,3.781,6.13,-0.068780,-0.022325,-0.000631,-0.007245,-0.011,0.020,0.021875,-0.054000,0.000000,0.043750,0.000000,-0.107696,1,2.16,2.398,-41.946,1.699,-2.737832
2.870000,0.011,0.029756,-0.066122,3.781,6.13,-0.068723,-0.022457,-0.000650,-0.006650,-0.011,0.020,0.021875,-0.054000,0.000000,0.043750,0.000000,-0.107696,1,2.16,2.399,-41.943,1.699,-2.738023
2.872000,0.011,0.030200,-0.065900,3.781,6.13,-0.068671,-0.022586,-0.000662,-0.006953,-0.011,0.020,0.021875,-0.054000,0.000000,0.043750,0.000000,-0.107696,1,2.16,2.401,-41.940,1.699,-2.738213
2.874000,0.011,0.030141,-0.065929,3.781,6.13,-0.068615,-0.022714,-0.000682,-0.006745,-0.011,0.020,0.021875,-0.054000,0.000000,0.043750,0.000000,-0.107696,1,2.16,2.402,-41.937,1.699,-2.738404
2.876000,0.011,0.031104,-0.065448,3.781,6.13,-0.068562,-0.022840,-0.000689,-0.007575,-0.011,0.021,0.021875,-0.054000,0.000000,0.043750,0.000000,-0.107696,1,2.16,2.403,-41.933,1.699,-2.738594
2.878000,0.011,0.031018,-0.065491,3.781,6.13,-0.068499,-0.022966,-0.000694,-0.007357,-0.011,0.021,0.021875,-0.054000,0.000000,0.043750,0.000000,-0.107696,1,2.16,2.404,-41.930,1.699,-2.738786
2.880000,0.012,0.031160,-0.065420,3.781,6.13,-0.068439,-0.023091,-0.000713,-0.007356,-0.011,0.021,0.021875,-0.054000,0.000000,0.043750,0.000000,-0.107696,1,2.16,2.406,-41.927,1.699,-2.738976
2.882000,0.012,0.031086,-0.065457,3.781,6.13,-0.068379,-0.023214,-0.000728,-0.007144,-0.011,0.021,0.021875,-0.054000,0.000000,0.043750,0.000000,-0.107696,1,2.16,2.407,-41.924,1.699,-2.739167
2.884000,0.012,0.033235,-0.064383,3.781,6.13,-0.068320,-0.023335,-0.000733,-0.009167,-0.011,0.022,0.021875,-0.054000,0.000000,0.043750,0.000000,-0.107696,1,2.16,2.408,-41.921,1.699,-2.739358
2.886000,0.012,0.032117,-0.064941,3.781,6.13,-0.068242,-0.023459,-0.000750,-0.007909,-0.011,0.021,0.021875,-0.054000,0.000000,0.043750,0.000000,-0.107696,1,2.16,2.409,-41.918,1.699,-2.739552
2.888000,0.012,0.030763,-0.065619,3.781,6.13,-0.068176,-0.023578,-0.000763,-0.006421,-0.012,0.021,0.021875,-0.054000,0.000000,0.043750,0.000000,-0.107696,1,2.16,2.411,-41.914,1.699,-2.739743
2.890000,0.012,0.031209,-0.065395,3.781,6.13,-0.068125,-0.023694,-0.000776,-0.006740,-0.012,0.021,0.021875,-0.054000,0.000000,0.043750,0.000000,-0.107696,1,2.16,2.412,-41.911,1.699,-2.739932
2.892000,0.012,0.032727,-0.064636,3.781,6.13,-0.068070,-0.023808,-0.000781,-0.008138,-0.012,0.022,0.021875,-0.054000,0.000000,0.043750,0.000000,-0.107696,1,2.16,2.413,-41.908,1.699,-2.740121
2.894000,0.012,0.030925,-0.065538,3.781,6.13,-0.068001,-0.023923,-0.000798,-0.006204,-0.012,0.021,0.021875,-0.054000,0.000000,0.043750,0.000000,-0.107696,1,2.16,2.414,-41.905,1.699,-2.740312
2.896000,0.012,0.030957,-0.065522,3.781,6.13,-0.067952,-0.024034,-0.000816,-0.006107,-0.012,0.021,0.021875,-0.054000,0.000000,0.043750,0.000000,-0.107696,1,2.16,2.416,-41.902,1.699,-2.740500
2.898000,0.012,0.031152,-0.065424,3.781,6.13,-0.067903,-0.024143,-0.000827,-0.006182,-0.012,0.021,0.021875,-0.054000,0.000000,0.043750,0.000000,-0.107696,1,2.16,2.417,-41.899,1.699,-2.740687
2.900000,0.012,0.024334,-0.068833,3.781,6.13,-0.067854,-0.024250,0.000000,-0.000084,0.000,0.016,0.021875,-0.054000,0.000000,0.043750,0.000000,-0.107696,1,2.16,2.418,-41.896,1.699,-2.740875
2.902000,0.012,0.025768,-0.068116,3.781,6.13,-0.067873,-0.024343,-0.000008,-0.001417,0.000,0.017,0.021875,-0.054000,0.000000,0.043750,0.000000,-0.107696,1,2.16,2.419,-41.892,1.699,-2.741050
2.904000,0.012,0.026429,-0.067785,3.781,6.13,-0.067878,-0.024437,-0.000029,-0.001963,0.000,0.018,0.021875,-0.054000,0.000000,0.043750,0.000000,-0.107696,1,2.16,2.421,-41.889,1.699,-2.741228
2.906000,0.012,0.027286,-0.067357,3.781,6.13,-0.067876,-0.024531,-0.000045,-0.002710,0.000,0.018,0.021875,-0.054000,0.000000,0.043750,0.000000,-0.107696,1,2.16,2.422,-41.886,1.699,-2.741406
2.908000,0.012,0.027612,-0.067194,3.781,6.13,-0.067866,-0.024625,-0.000202,-0.002784,-0.012,0.018,0.021875,-0.054000,0.000000,0.043750,0.000000,-0.107696,1,2.16,2.423,-41.883,1.699,-2.741587
2.910000,0.012,0.028023,-0.066988,3.781,6.13,-0.067853,-0.024719,-0.000234,-0.003071,-0.012,0.019,0.021875,-0.054000,0.000000,0.043750,0.000000,-0.107696,1,2.16,2.425,-41.880,1.699,-2.741767
2.912000,0.012,0.027430,-0.067285,3.781,6.13,-0.067835,-0.024812,-0.000252,-0.002366,-0.012,0.018,0.021875,-0.054000,0.000000,0.043750,0.000000,-0.107696,1,2.16,2.426,-41.877,1.699,-2.741949
2.914000,0.012,0.027668,-0.067166,3.781,6.13,-0.067824,-0.024903,-0.000269,-0.002497,-0.012,0.018,0.021875,-0.054000,0.000000,0.043750,0.000000,-0.107696,1,2.16,2.427,-41.873,1.699,-2.742129
2.916000,0.012,0.027830,-0.067085,3.781,6.13,-0.067811,-0.024992,-0.000283,-0.002555,-0.012,0.019,0.021875,-0.054000,0.000000,0.043750,0.000000,-0.107696,1,2.16,2.428,-41.870,1.699,-2.742310
2.918000,0.013,0.029810,-0.066095,3.781,6.13,-0.067797,-0.025081,-0.000288,-0.004441,-0.012,0.020,0.021875,-0.054000,0.000000,0.043750,0.000000,-0.107696,1,2.16,2.430,-41.867,1.699,-2.742491
2.920000,0.013,0.029941,-0.066030,3.781,6.13,-0.067763,-0.025172,-0.000318,-0.004451,-0.012,0.020,0.018750,-0.054000,0.000000,0.037500,0.000000,-0.092311,1,2.16,2.431,-41.864,1.699,-2.742675
2.922000,0.013,0.030095,-0.065952,3.781,6.13,-0.067728,-0.025261,-0.000335,-0.004499,-0.012,0.020,0.018750,-0.054000,0.000000,0.037500,0.000000,-0.092311,1,2.16,2.432,-41.861,1.699,-2.742860
2.924000,0.013,0.031331,-0.065335,3.781,6.13,-0.067693,-0.025350,-0.000341,-0.005640,-0.012,0.021,0.018750,-0.054000,0.000000,0.037500,0.000000,-0.092311,1,2.16,2.433,-41.858,1.699,-2.743044
2.926000,0.013,0.031294,-0.065353,3.781,6.13,-0.067645,-0.025439,-0.000358,-0.005497,-0.013,0.021,0.018750,-0.054000,0.000000,0.037500,0.000000,-0.092311,1,2.16,2.435,-41.854,1.699,-2.743231
2.928000,0.013,0.030231,-0.065885,3.781,6.13,-0.067600,-0.025527,-0.000372,-0.004332,-0.013,0.020,0.018750,-0.054000,0.000000,0.037500,0.000000,-0.092311,1,2.16,2.436,-41.851,1.699,-2.743417
2.930000,0.013,0.030872,-0.065564,3.781,6.13,-0.067565,-0.025611,-0.000384,-0.004878,-0.013,0.021,0.018750,-0.054000,0.000000,0.037500,0.000000,-0.092311,1,2.16,2.437,-41.848,1.699,-2.743601
2.932000,0.013,0.030948,-0.065526,3.781,6.13,-0.067525,-0.025694,-0.000401,-0.004853,-0.013,0.021,0.018750,-0.054000,0.000000,0.037500,0.000000,-0.092311,1,2.16,2.438,-41.845,1.699,-2.743786
2.934000,0.013,0.030202,-0.065899,3.781,6.13,-0.067485,-0.025776,-0.000411,-0.004014,-0.013,0.020,0.018750,-0.054000,0.000000,0.037500,0.000000,-0.092311,1,2.16,2.439,-41.842,1.699,-2.743971
2.936000,0.013,0.030144,-0.065928,3.781,6.13,-0.067454,-0.025855,-0.000432,-0.003857,-0.013,0.020,0.018750,-0.054000,0.000000,0.037500,0.000000,-0.092311,1,2.16,2.441,-41.839,1.699,-2.744154
2.938000,0.013,0.030120,-0.065940,3.781,6.13,-0.067423,-0.025933,-0.000446,-0.003741,-0.013,0.020,0.018750,-0.054000,0.000000,0.037500,0.000000,-0.092311,1,2.16,2.442,-41.836,1.699,-2.744338
2.940000,0.013,0.030944,-0.065528,3.781,6.13,-0.067393,-0.026009,-0.000452,-0.004483,-0.013,0.021,0.018750,-0.054000,0.000000,0.037500,0.000000,-0.092311,1,2.16,2.443,-41.832,1.699,-2.744520
2.942000,0.013,0.030864,-0.065568,3.781,6.13,-0.067356,-0.026084,-0.000473,-0.004306,-0.013,0.021,0.018750,-0.054000,0.000000,0.037500,0.000000,-0.092311,1,2.16,2.444,-41.829,1.699,-2.744704
2.944000,0.013,0.030651,-0.065674,3.781,6.13,-0.067320,-0.026159,-0.000487,-0.004005,-0.013,0.020,0.018750,-0.054000,0.000000,0.037500,0.000000,-0.092311,1,2.16,2.446,-41.826,1.699,-2.744888
2.946000,0.013,0.030859,-0.065570,3.781,6.13,-0.067287,-0.026231,-0.000503,-0.004126,-0.013,0.021,0.018750,-0.054000,0.000000,0.037500,0.000000,-0.092311,1,2.16,2.447,-41.823,1.699,-2.745071
2.948000,0.013,0.032017,-0.064991,3.781,6.13,-0.067253,-0.026302,-0.000508,-0.005208,-0.013,0.021,0.018750,-0.054000,0.000000,0.037500,0.000000,-0.092311,1,2.16,2.448,-41.820,1.699,-2.745254
2.950000,0.013,0.031026,-0.065487,3.781,6.13,-0.067208,-0.026373,-0.000524,-0.004129,-0.013,0.021,0.018750,-0.054000,0.000000,0.037500,0.000000,-0.092311,1,2.16,2.449,-41.817,1.699,-2.745439
2.952000,0.013,0.031144,-0.065428,3.781,6.13,-0.067173,-0.026442,-0.000542,-0.004161,-0.013,0.021,0.018750,-0.054000,0.000000,0.037500,0.000000,-0.092311,1,2.16,2.451,-41.813,1.699,-2.745622
2.954000,0.013,0.031251,-0.065374,3.781,6.13,-0.067139,-0.026509,-0.000554,-0.004189,-0.013,0.021,0.018750,-0.054000,0.000000,0.037500,0.000000,-0.092311,1,2.16,2.452,-41.810,1.699,-2.745806
2.956000,0.013,0.031258,-0.065371,3.781,6.13,-0.067103,-0.026574,-0.000570,-0.004114,-0.013,0.021,0.018750,-0.054000,0.000000,0.037500,0.000000,-0.092311,1,2.16,2.453,-41.807,1.699,-2.745988
2.958000,0.013,0.030516,-0.065742,3.781,6.13,-0.067069,-0.026638,-0.000579,-0.003299,-0.013,0.020,0.018750,-0.054000,0.000000,0.037500,0.000000,-0.092311,1,2.16,2.454,-41.804,1.699,-2.746171
2.960000,0.013,0.030206,-0.065897,3.781,6.13,-0.067042,-0.026699,-0.000751,-0.002756,-0.013,0.020,0.015625,-0.054000,0.000000,0.031250,0.000000,-0.076926,1,2.16,2.456,-41.801,1.699,-2.746353
2.962000,0.013,0.030275,-0.065862,3.781,6.13,-0.067019,-0.026758,-0.000767,-0.002750,-0.013,0.020,0.015625,-0.054000,0.000000,0.031250,0.000000,-0.076926,1,2.16,2.457,-41.798,1.699,-2.746533
2.964000,0.013,0.030900,-0.065550,3.781,6.13,-0.066996,-0.026815,-0.000773,-0.003311,-0.013,0.021,0.015625,-0.054000,0.000000,0.031250,0.000000,-0.076926,1,2.16,2.458,-41.794,1.699,-2.746714
2.966000,0.013,0.030780,-0.065610,3.781,6.13,-0.066967,-0.026872,-0.000795,-0.003113,-0.013,0.021,0.015625,-0.054000,0.000000,0.031250,0.000000,-0.076926,1,2.16,2.459,-41.791,1.699,-2.746895
2.968000,0.013,0.030496,-0.065752,3.781,6.13,-0.066940,-0.026928,-0.000808,-0.002760,-0.013,0.020,0.015625,-0.054000,0.000000,0.031250,0.000000,-0.076926,1,2.16,2.460,-41.788,1.699,-2.747076
2.970000,0.013,0.031056,-0.065472,3.781,6.13,-0.066916,-0.026981,-0.000821,-0.003253,-0.013,0.021,0.015625,-0.054000,0.000000,0.031250,0.000000,-0.076926,1,2.16,2.462,-41.785,1.699,-2.747257
2.972000,0.014,0.031826,-0.065087,3.781,6.13,-0.066887,-0.027034,-0.000827,-0.003965,-0.013,0.021,0.015625,-0.054000,0.000000,0.031250,0.000000,-0.076926,1,2.16,2.463,-41.782,1.699,-2.747438
2.974000,0.014,0.030963,-0.065519,3.781,6.13,-0.066851,-0.027087,-0.000849,-0.003026,-0.013,0.021,0.015625,-0.054000,0.000000,0.031250,0.000000,-0.076926,1,2.16,2.464,-41.779,1.699,-2.747620
2.976000,0.014,0.031145,-0.065427,3.781,6.13,-0.066825,-0.027137,-0.000863,-0.003145,-0.013,0.021,0.015625,-0.054000,0.000000,0.031250,0.000000,-0.076926,1,2.16,2.465,-41.775,1.699,-2.747801
2.978000,0.014,0.031074,-0.065463,3.781,6.13,-0.066797,-0.027186,-0.000877,-0.003011,-0.013,0.021,0.015625,-0.054000,0.000000,0.031250,0.000000,-0.076926,1,2.16,2.467,-41.772,1.699,-2.747982
2.980000,0.014,0.030888,-0.065556,3.781,6.13,-0.066770,-0.027233,-0.000900,-0.002755,-0.014,0.021,0.015625,-0.054000,0.000000,0.031250,0.000000,-0.076926,1,2.16,2.468,-41.769,1.699,-2.748163
2.982000,0.014,0.030176,-0.065912,3.781,6.13,-0.066746,-0.027278,-0.000914,-0.001984,-0.014,0.020,0.015625,-0.054000,0.000000,0.031250,0.000000,-0.076926,1,2.16,2.469,-41.766,1.699,-2.748343
2.984000,0.014,0.030048,-0.065976,3.781,6.13,-0.066729,-0.027320,-0.000971,-0.001756,-0.014,0.020,0.015625,-0.054000,0.000000,0.031250,0.000000,-0.076926,1,2.16,2.470,-41.763,1.699,-2.748522
2.986000,0.014,0.030045,-0.065977,3.781,6.13,-0.066714,-0.027360,-0.000985,-0.001700,-0.014,0.020,0.015625,-0.054000,0.000000,0.031250,0.000000,-0.076926,1,2.16,2.472,-41.759,1.699,-2.748700
2.988000,0.014,0.030475,-0.065763,3.781,6.13,-0.066699,-0.027399,-0.000991,-0.002085,-0.014,0.020,0.015625,-0.054000,0.000000,0.031250,0.000000,-0.076926,1,2.16,2.473,-41.756,1.699,-2.748878
2.990000,0.014,0.030598,-0.065701,3.781,6.13,-0.066681,-0.027438,-0.001006,-0.002154,-0.014,0.020,0.015625,-0.054000,0.000000,0.031250,0.000000,-0.076926,1,2.16,2.474,-41.753,1.699,-2.749057
2.992000,0.014,0.030382,-0.065809,3.781,6.13,-0.066661,-0.027475,-0.001038,-0.001868,-0.014,0.020,0.015625,-0.054000,0.000000,0.031250,0.000000,-0.076926,1,2.16,2.475,-41.750,1.699,-2.749236
2.994000,0.014,0.030842,-0.065579,3.781,6.13,-0.066644,-0.027510,-0.001048,-0.002284,-0.014,0.021,0.015625,-0.054000,0.000000,0.031250,0.000000,-0.076926,1,2.16,2.476,-41.747,1.699,-2.749414
2.996000,0.014,0.030716,-0.065642,3.781,6.13,-0.066623,-0.027545,-0.001068,-0.002102,-0.014,0.020,0.015625,-0.054000,0.000000,0.031250,0.000000,-0.076926,1,2.16,2.478,-41.744,1.699,-2.749594
2.998000,0.014,0.030423,-0.065789,3.781,6.13,-0.066603,-0.027578,-0.001077,-0.001767,-0.014,0.020,0.015625,-0.054000,0.000000,0.031250,0.000000,-0.076926,1,2.16,2.479,-41.740,1.699,-2.749773
3.000000,0.014,0.027702,-0.067149,3.781,6.13,-0.066587,-0.027609,0.000000,-0.000093,0.000,0.018,0.015625,-0.054000,0.000000,0.031250,0.000000,-0.076926,1,2.16,2.480,-41.737,1.699,-2.749951
3.002000,0.014,0.027922,-0.067039,3.781,6.13,-0.066598,-0.027633,-0.000019,-0.000271,0.000,0.019,0.015625,-0.054000,0.000000,0.031250,0.000000,-0.076926,1,2.16,2.481,-41.734,1.699,-2.750124
3.004000,0.014,0.028168,-0.066916,3.781,6.13,-0.066607,-0.027656,-0.000034,-0.000478,0.000,0.019,0.015625,-0.054000,0.000000,0.031250,0.000000,-0.076926,1,2.16,2.482,-41.731,1.699,-2.750298
3.006000,0.014,0.028724,-0.066638,3.781,6.13,-0.066613,-0.027678,-0.000040,-0.001006,0.000,0.019,0.015625,-0.054000,0.000000,0.031250,0.000000,-0.076926,1,2.16,2.484,-41.728,1.699,-2.750472
3.008000,0.014,0.028897,-0.066551,3.781,6.13,-0.066614,-0.027700,-0.000064,-0.001133,-0.014,0.019,0.015625,-0.054000,0.000000,0.031250,0.000000,-0.076926,1,2.16,2.485,-41.725,1.699,-2.750647
3.010000,0.014,0.029116,-0.066442,3.781,6.13,-0.066612,-0.027721,-0.000074,-0.001321,-0.014,0.019,0.015625,-0.054000,0.000000,0.031250,0.000000,-0.076926,1,2.16,2.486,-41.721,1.699,-2.750823
3.012000,0.014,0.029149,-0.066425,3.781,6.13,-0.066609,-0.027742,-0.000249,-0.001159,-0.014,0.019,0.015625,-0.054000,0.000000,0.031250,0.000000,-0.076926,1,2.16,2.487,-41.718,1.699,-2.750999
3.014000,0.014,0.029150,-0.066425,3.781,6.13,-0.066605,-0.027760,-0.000264,-0.001125,-0.014,0.019,0.015625,-0.054000,0.000000,0.031250,0.000000,-0.076926,1,2.16,2.489,-41.715,1.699,-2.751175
3.016000,0.014,0.028761,-0.066620,3.781,6.13,-0.066602,-0.027778,-0.000289,-0.000694,-0.014,0.019,0.015625,-0.054000,0.000000,0.031250,0.000000,-0.076926,1,2.16,2.490,-41.712,1.699,-2.751351
3.018000,0.014,0.028893,-0.066553,3.781,6.13,-0.066602,-0.027793,-0.000298,-0.000802,-0.014,0.019,0.015625,-0.054000,0.000000,0.031250,0.000000,-0.076926,1,2.16,2.491,-41.709,1.699,-2.751526
3.020000,0.014,0.028894,-0.066553,3.781,6.13,-0.066601,-0.027807,-0.000306,-0.000781,-0.014,0.019,0.014062,-0.054000,0.000000,0.028125,0.000000,-0.069233,1,2.16,2.492,-41.706,1.699,-2.751702
3.022000,0.014,0.028995,-0.066503,3.781,6.13,-0.066600,-0.027820,-0.000327,-0.000847,-0.014,0.019,0.014062,-0.054000,0.000000,0.028125,0.000000,-0.069233,1,2.16,2.493,-41.702,1.699,-2.751877
3.024000,0.014,0.028919,-0.066540,3.781,6.13,-0.066598,-0.027832,-0.000354,-0.000734,-0.014,0.019,0.014062,-0.054000,0.000000,0.028125,0.000000,-0.069233,1,2.16,2.495,-41.699,1.699,-2.752053
3.026000,0.014,0.028986,-0.066507,3.781,6.13,-0.066597,-0.027842,-0.000364,-0.000781,-0.014,0.019,0.014062,-0.054000,0.000000,0.028125,0.000000,-0.069233,1,2.16,2.496,-41.696,1.699,-2.752228
3.028000,0.014,0.028855,-0.066573,3.781,6.13,-0.066595,-0.027850,-0.000379,-0.000625,-0.014,0.019,0.014062,-0.054000,0.000000,0.028125,0.000000,-0.069233,1,2.16,2.497,-41.693,1.699,-2.752404
3.030000,0.014,0.028677,-0.066661,3.781,6.13,-0.066595,-0.027857,-0.000396,-0.000424,-0.014,0.019,0.014062,-0.054000,0.000000,0.028125,0.000000,-0.069233,1,2.16,2.498,-41.690,1.699,-2.752579
3.032000,0.014,0.028655,-0.066673,3.781,6.13,-0.066596,-0.027863,-0.000424,-0.000368,-0.014,0.019,0.014062,-0.054000,0.000000,0.028125,0.000000,-0.069233,1,2.16,2.499,-41.686,1.699,-2.752754
3.034000,0.014,0.028658,-0.066671,3.781,6.13,-0.066598,-0.027867,-0.000435,-0.000356,-0.014,0.019,0.014062,-0.054000,0.000000,0.028125,0.000000,-0.069233,1,2.16,2.501,-41.683,1.699,-2.752930
3.036000,0.014,0.028554,-0.066723,3.781,6.13,-0.066599,-0.027869,-0.000457,-0.000228,-0.014,0.019,0.014062,-0.054000,0.000000,0.028125,0.000000,-0.069233,1,2.16,2.502,-41.680,1.699,-2.753105
3.038000,0.014,0.028499,-0.066750,3.781,6.13,-0.066602,-0.027870,-0.000465,-0.000164,-0.014,0.019,0.014062,-0.054000,0.000000,0.028125,0.000000,-0.069233,1,2.16,2.503,-41.677,1.699,-2.753280
3.040000,0.014,0.028450,-0.066775,3.781,6.13,-0.066605,-0.027869,-0.000481,-0.000100,-0.014,0.019,0.014062,-0.054000,0.000000,0.028125,0.000000,-0.069233,1,2.16,2.504,-41.674,1.700,-2.753454
3.042000,0.014,0.028427,-0.066786,3.781,6.13,-0.066608,-0.027867,-0.000501,-0.000059,-0.014,0.019,0.014062,-0.054000,0.000000,0.028125,0.000000,-0.069233,1,2.16,2.505,-41.671,1.700,-2.753629
3.044000,0.014,0.028359,-0.066820,3.781,6.13,-0.066612,-0.027864,-0.000516,0.000021,-0.014,0.019,0.014062,-0.054000,0.000000,0.028125,0.000000,-0.069233,1,2.16,2.507,-41.667,1.700,-2.753804
3.046000,0.014,0.028327,-0.066836,3.781,6.13,-0.066616,-0.027859,-0.000538,0.000070,-0.014,0.019,0.014062,-0.054000,0.000000,0.028125,0.000000,-0.069233,1,2.16,2.508,-41.664,1.700,-2.753978
3.048000,0.014,0.028281,-0.066860,3.781,6.13,-0.066620,-0.027852,-0.000558,0.000130,-0.014,0.019,0.014062,-0.054000,0.000000,0.028125,0.000000,-0.069233,1,2.16,2.509,-41.661,1.700,-2.754153
3.050000,0.014,0.028250,-0.066875,3.781,6.13,-0.066625,-0.027844,-0.000580,0.000175,-0.014,0.019,0.014062,-0.054000,0.000000,0.028125,0.000000,-0.069233,1,2.16,2.510,-41.658,1.700,-2.754328
3.052000,0.014,0.028093,-0.066953,3.781,6.13,-0.066630,-0.027835,-0.000588,0.000329,-0.014,0.019,0.014062,-0.054000,0.000000,0.028125,0.000000,-0.069233,1,2.16,2.511,-41.655,1.700,-2.754502
3.054000,0.014,0.028046,-0.066977,3.781,6.13,-0.066637,-0.027824,-0.000606,0.000384,-0.014,0.019,0.014062,-0.054000,0.000000,0.028125,0.000000,-0.069233,1,2.16,2.513,-41.651,1.700,-2.754677
3.056000,0.014,0.027944,-0.067028,3.781,6.13,-0.066643,-0.027811,-0.000619,0.000486,-0.014,0.019,0.014062,-0.054000,0.000000,0.028125,0.000000,-0.069233,1,2.16,2.514,-41.648,1.700,-2.754851
3.058000,0.014,0.027907,-0.067046,3.781,6.13,-0.066651,-0.027797,-0.000641,0.000531,-0.014,0.019,0.014062,-0.054000,0.000000,0.028125,0.000000,-0.069233,1,2.16,2.515,-41.645,1.700,-2.755025
3.060000,0.014,0.027788,-0.067106,3.781,6.13,-0.066659,-0.027781,-0.000654,0.000647,-0.014,0.019,0.014062,-0.054000,0.000000,0.028125,0.000000,-0.069233,1,2.16,2.516,-41.642,1.700,-2.755199
3.062000,0.014,0.027886,-0.067057,3.781,6.13,-0.066668,-0.027764,-0.000683,0.000561,-0.014,0.019,0.014062,-0.054000,0.000000,0.028125,0.000000,-0.069233,1,2.16,2.517,-41.639,1.700,-2.755373
3.064000,0.014,0.028120,-0.066940,3.781,6.13,-0.066676,-0.027745,-0.000863,0.000489,-0.014,0.019,0.014062,-0.054000,0.000000,0.028125,0.000000,-0.069233,1,2.16,2.519,-41.636,1.700,-2.755547
3.066000,0.014,0.028142,-0.066929,3.781,6.13,-0.066681,-0.027726,-0.000887,0.000470,-0.014,0.019,0.014062,-0.054000,0.000000,0.028125,0.000000,-0.069233,1,2.16,2.520,-41.632,1.700,-2.755722
3.068000,0.014,0.027883,-0.067058,3.781,6.13,-0.066686,-0.027705,-0.000895,0.000717,-0.014,0.019,0.014062,-0.054000,0.000000,0.028125,0.000000,-0.069233,1,2.16,2.521,-41.629,1.700,-2.755897
3.070000,0.014,0.027913,-0.067044,3.781,6.13,-0.066693,-0.027682,-0.000918,0.000688,-0.014,0.019,0.014062,-0.054000,0.000000,0.028125,0.000000,-0.069233,1,2.16,2.522,-41.626,1.700,-2.756071
3.072000,0.014,0.027692,-0.067154,3.781,6.13,-0.066700,-0.027658,-0.000930,0.000896,-0.014,0.018,0.014062,-0.054000,0.000000,0.028125,0.000000,-0.069233,1,2.16,2.523,-41.623,1.700,-2.756245
3.074000,0.014,0.027543,-0.067229,3.781,6.13,-0.066710,-0.027632,-0.000952,0.001041,-0.014,0.018,0.014062,-0.054000,0.000000,0.028125,0.000000,-0.069233,1,2.16,2.524,-41.620,1.700,-2.756419
3.076000,0.014,0.027157,-0.067422,3.781,6.13,-0.066720,-0.027605,-0.000960,0.001408,-0.014,0.018,0.014062,-0.054000,0.000000,0.028125,0.000000,-0.069233,1,2.16,2.526,-41.616,1.700,-2.756593
3.078000,0.014,0.027261,-0.067369,3.781,6.13,-0.066734,-0.027575,-0.000978,0.001292,-0.014,0.018,0.014062,-0.054000,0.000000,0.028125,0.000000,-0.069233,1,2.16,2.527,-41.613,1.700,-2.756767
3.080000,0.014,0.027064,-0.067468,3.781,6.13,-0.066747,-0.027544,-0.000992,0.001472,-0.014,0.018,0.012500,-0.054000,0.000000,0.025000,0.000000,-0.061541,1,2.16,2.528,-41.610,1.700,-2.756940
3.082000,0.014,0.027175,-0.067412,3.781,6.13,-0.066761,-0.027511,-0.001018,0.001354,-0.014,0.018,0.012500,-0.054000,0.000000,0.025000,0.000000,-0.061541,1,2.16,2.529,-41.607,1.700,-2.757113
3.084000,0.014,0.026863,-0.067569,3.781,6.13,-0.066774,-0.027477,-0.001028,0.001642,-0.014,0.018,0.012500,-0.054000,0.000000,0.025000,0.000000,-0.061541,1,2.16,2.530,-41.604,1.700,-2.757287
3.086000,0.014,0.027085,-0.067457,3.781,6.13,-0.066790,-0.027441,-0.001049,0.001405,-0.014,0.018,0.012500,-0.054000,0.000000,0.025000,0.000000,-0.061541,1,2.16,2.532,-41.601,1.700,-2.757460
3.088000,0.014,0.027200,-0.067400,3.781,6.13,-0.066803,-0.027404,-0.001093,0.001297,-0.014,0.018,0.012500,-0.054000,0.000000,0.025000,0.000000,-0.061541,1,2.16,2.533,-41.597,1.700,-2.757633
3.090000,0.014,0.026927,-0.067537,3.781,6.13,-0.066815,-0.027366,-0.001102,0.001542,-0.014,0.018,0.012500,-0.054000,0.000000,0.025000,0.000000,-0.061541,1,2.16,2.534,-41.594,1.700,-2.757807
3.092000,0.014,0.026753,-0.067623,3.781,6.13,-0.066830,-0.027326,-0.001119,0.001692,-0.014,0.018,0.012500,-0.054000,0.000000,0.025000,0.000000,-0.061541,1,2.16,2.535,-41.591,1.700,-2.757981
3.094000,0.014,0.026967,-0.067516,3.781,6.13,-0.066846,-0.027284,-0.001145,0.001462,-0.014,0.018,0.012500,-0.054000,0.000000,0.025000,0.000000,-0.061541,1,2.16,2.536,-41.588,1.700,-2.758154
3.096000,0.014,0.026997,-0.067501,3.781,6.13,-0.066859,-0.027241,-0.001174,0.001419,-0.014,0.018,0.012500,-0.054000,0.000000,0.025000,0.000000,-0.061541,1,2.16,2.537,-41.585,1.700,-2.758327
3.098000,0.014,0.026333,-0.067834,3.781,6.13,-0.066872,-0.027197,-0.001183,0.002047,-0.014,0.018,0.012500,-0.054000,0.000000,0.025000,0.000000,-0.061541,1,2.16,2.539,-41.581,1.700,-2.758501
3.100000,0.014,0.027239,-0.067380,3.781,6.13,-0.066891,-0.027150,0.000000,-0.000089,0.000,0.018,0.012500,-0.054000,0.000000,0.025000,0.000000,-0.061541,1,2.16,2.540,-41.578,1.700,-2.758674
3.102000,0.014,0.026342,-0.067829,3.781,6.13,-0.066901,-0.027104,-0.000007,0.000769,0.000,0.018,0.012500,-0.054000,0.000000,0.025000,0.000000,-0.061541,1,2.16,2.541,-41.575,1.700,-2.758848
3.104000,0.014,0.026128,-0.067936,3.781,6.13,-0.066920,-0.027054,-0.000041,0.000968,0.000,0.017,0.012500,-0.054000,0.000000,0.025000,0.000000,-0.061541,1,2.16,2.542,-41.572,1.700,-2.759021
3.106000,0.014,0.025642,-0.068179,3.781,6.13,-0.066940,-0.027002,-0.000057,0.001417,0.000,0.017,0.012500,-0.054000,0.000000,0.025000,0.000000,-0.061541,1,2.16,2.543,-41.569,1.700,-2.759194
3.108000,0.013,0.024440,-0.068780,3.781,6.13,-0.066965,-0.026949,-0.000063,0.002571,-0.014,0.016,0.012500,-0.054000,0.000000,0.025000,0.000000,-0.061541,1,2.16,2.544,-41.565,1.700,-2.759366
3.110000,0.013,0.023939,-0.069030,3.781,6.13,-0.067001,-0.026891,-0.000084,0.003035,-0.014,0.016,0.012500,-0.054000,0.000000,0.025000,0.000000,-0.061541,1,2.16,2.546,-41.562,1.700,-2.759536
3.112000,0.013,0.024184,-0.068908,3.781,6.13,-0.067042,-0.026831,-0.000098,0.002744,-0.014,0.016,0.012500,-0.054000,0.000000,0.025000,0.000000,-0.061541,1,2.16,2.547,-41.559,1.700,-2.759705
3.114000,0.013,0.023645,-0.069178,3.781,6.13,-0.067079,-0.026770,-0.000110,0.003234,-0.014,0.016,0.012500,-0.054000,0.000000,0.025000,0.000000,-0.061541,1,2.16,2.548,-41.556,1.700,-2.759875
3.116000,0.013,0.024148,-0.068926,3.781,6.13,-0.067121,-0.026706,-0.000277,0.002835,-0.013,0.016,0.012500,-0.054000,0.000000,0.025000,0.000000,-0.061541,1,2.16,2.549,-41.553,1.700,-2.760044
3.118000,0.013,0.024699,-0.068650,3.781,6.13,-0.067157,-0.026643,-0.000292,0.002236,-0.013,0.016,0.012500,-0.054000,0.000000,0.025000,0.000000,-0.061541,1,2.16,2.550,-41.550,1.700,-2.760214
3.120000,0.013,0.024713,-0.050643,3.901,6.13,-0.067187,-0.026579,-0.000318,0.002184,-0.013,0.016,0.010937,-0.042000,0.000000,0.021875,0.000000,-0.053848,1,2.16,2.551,-41.546,1.700,-2.760386
3.122000,0.013,0.025039,-0.050480,3.901,6.16,-0.066887,-0.026542,-0.000340,0.001843,-0.013,0.017,0.010937,-0.042000,0.000000,0.021875,0.000000,-0.053848,1,2.16,2.553,-41.543,1.706,-2.760627
3.124000,0.013,0.025374,-0.050313,3.901,6.19,-0.066559,-0.026503,-0.000355,0.001485,-0.013,0.017,0.010937,-0.042000,0.000000,0.021875,0.000000,-0.053848,1,2.16,2.554,-41.540,1.713,-2.760878
3.126000,0.013,0.024640,-0.050680,3.901,6.22,-0.066234,-0.026464,-0.000362,0.002187,-0.013,0.016,0.010937,-0.042000,0.000000,0.021875,0.000000,-0.053848,1,2.16,2.555,-41.537,1.720,-2.761123
3.128000,0.013,0.025021,-0.050490,3.901,6.24,-0.065923,-0.026425,-0.000394,0.001798,-0.013,0.017,0.010937,-0.042000,0.000000,0.021875,0.000000,-0.053848,1,2.16,2.556,-41.533,1.728,-2.761361
3.130000,0.013,0.025057,-0.050471,3.901,6.26,-0.065614,-0.026391,-0.000410,0.001744,-0.013,0.017,0.010937,-0.042000,0.000000,0.021875,0.000000,-0.053848,1,2.16,2.557,-41.530,1.734,-2.761597
3.132000,0.013,0.024645,-0.050678,3.901,6.27,-0.065311,-0.026363,-0.000416,0.002134,-0.013,0.016,0.010937,-0.042000,0.000000,0.021875,0.000000,-0.053848,1,2.16,2.558,-41.527,1.739,-2.761831
3.134000,0.013,0.024806,-0.050597,3.901,6.28,-0.065018,-0.026340,-0.000435,0.001969,-0.013,0.017,0.010937,-0.042000,0.000000,0.021875,0.000000,-0.053848,1,2.16,2.560,-41.523,1.743,-2.762062
3.136000,0.013,0.025386,-0.050307,3.901,6.29,-0.064730,-0.026321,-0.000450,0.001384,-0.013,0.017,0.010937,-0.042000,0.000000,0.021875,0.000000,-0.053848,1,2.16,2.561,-41.520,1.748,-2.762291
3.138000,0.013,0.025477,-0.050262,3.901,6.29,-0.064441,-0.026307,-0.000472,0.001302,-0.013,0.017,0.010937,-0.042000,0.000000,0.021875,0.000000,-0.053848,1,2.16,2.562,-41.517,1.752,-2.762520
3.140000,0.013,0.025559,-0.050220,3.901,6.30,-0.064158,-0.026296,-0.000479,0.001216,-0.013,0.017,0.010937,-0.042000,0.000000,0.021875,0.000000,-0.053848,1,2.16,2.563,-41.514,1.755,-2.762746
3.142000,0.013,0.026121,-0.049939,3.901,6.30,-0.063879,-0.026287,-0.000498,0.000664,-0.013,0.017,0.010937,-0.042000,0.000000,0.021875,0.000000,-0.053848,1,2.16,2.564,-41.510,1.758,-2.762971
3.144000,0.013,0.026225,-0.049887,3.901,6.31,-0.063600,-0.026281,-0.000511,0.000566,-0.013,0.017,0.010937,-0.042000,0.000000,0.021875,0.000000,-0.053848,1,2.16,2.566,-41.507,1.760,-2.763196
3.146000,0.013,0.026369,-0.049815,3.901,6.31,-0.063326,-0.026274,-0.000533,0.000438,-0.013,0.018,0.010937,-0.042000,0.000000,0.021875,0.000000,-0.053848,1,2.16,2.567,-41.504,1.762,-2.763418
3.148000,0.013,0.026366,-0.049817,3.901,6.31,-0.063056,-0.026267,-0.000543,0.000444,-0.013,0.018,0.010937,-0.042000,0.000000,0.021875,0.000000,-0.053848,1,2.16,2.568,-41.500,1.764,-2.763639
3.150000,0.013,0.026504,-0.049748,3.901,6.31,-0.062791,-0.026258,-0.000563,0.000318,-0.013,0.018,0.010937,-0.042000,0.000000,0.021875,0.000000,-0.053848,1,2.16,2.569,-41.497,1.765,-2.763859
3.152000,0.013,0.026555,-0.049723,3.901,6.31,-0.062530,-0.026247,-0.000600,0.000293,-0.013,0.018,0.010937,-0.042000,0.000000,0.021875,0.000000,-0.053848,1,2.16,2.570,-41.494,1.765,-2.764077
3.154000,0.013,0.026437,-0.049782,3.901,6.31,-0.062274,-0.026233,-0.000610,0.000407,-0.013,0.018,0.010937,-0.042000,0.000000,0.021875,0.000000,-0.053848,1,2.16,2.571,-41.490,1.765,-2.764293
3.156000,0.013,0.026343,-0.049829,3.901,6.32,-0.062024,-0.026215,-0.000628,0.000500,-0.013,0.018,0.010937,-0.042000,0.000000,0.021875,0.000000,-0.053848,1,2.16,2.573,-41.487,1.765,-2.764508
3.158000,0.013,0.026254,-0.049873,3.901,6.32,-0.061780,-0.026192,-0.000645,0.000584,-0.013,0.018,0.010937,-0.042000,0.000000,0.021875,0.000000,-0.053848,1,2.16,2.574,-41.484,1.765,-2.764721
3.160000,0.013,0.026117,-0.049941,3.901,6.32,-0.061542,-0.026165,-0.000665,0.000712,-0.013,0.017,0.010937,-0.042000,0.000000,0.021875,0.000000,-0.053848,1,2.16,2.575,-41.480,1.764,-2.764932
3.162000,0.013,0.025923,-0.050038,3.901,6.32,-0.061310,-0.026132,-0.000684,0.000893,-0.013,0.017,0.010937,-0.042000,0.000000,0.021875,0.000000,-0.053848,1,2.16,2.576,-41.477,1.763,-2.765142
3.164000,0.013,0.025720,-0.050140,3.901,6.32,-0.061085,-0.026094,-0.000698,0.001072,-0.013,0.017,0.010937,-0.042000,0.000000,0.021875,0.000000,-0.053848,1,2.16,2.577,-41.474,1.762,-2.765349
3.166000,0.013,0.025942,-0.050029,3.901,6.32,-0.060866,-0.026050,-0.000865,0.000973,-0.013,0.017,0.010937,-0.042000,0.000000,0.021875,0.000000,-0.053848,1,2.16,2.579,-41.471,1.761,-2.765555
3.168000,0.013,0.025926,-0.050037,3.901,6.32,-0.060649,-0.026001,-0.000901,0.000976,-0.013,0.017,0.010937,-0.042000,0.000000,0.021875,0.000000,-0.053848,1,2.16,2.580,-41.467,1.760,-2.765760
3.170000,0.013,0.025145,-0.050427,3.901,6.32,-0.060437,-0.025946,-0.000909,0.001710,-0.013,0.017,0.010937,-0.042000,0.000000,0.021875,0.000000,-0.053848,1,2.16,2.581,-41.464,1.759,-2.765964
3.172000,0.013,0.023956,-0.051022,3.901,6.32,-0.060237,-0.025885,-0.000915,0.002843,-0.013,0.016,0.010937,-0.042000,0.000000,0.021875,0.000000,-0.053848,1,2.16,2.582,-41.461,1.758,-2.766164
3.174000,0.013,0.023671,-0.051164,3.901,6.32,-0.060052,-0.025816,-0.000930,0.003074,-0.013,0.016,0.010937,-0.042000,0.000000,0.021875,0.000000,-0.053848,1,2.16,2.583,-41.457,1.756,-2.766362
3.176000,0.013,0.023271,-0.051364,3.901,6.32,-0.059875,-0.025741,-0.000955,0.003425,-0.013,0.016,0.010937,-0.042000,0.000000,0.021875,0.000000,-0.053848,1,2.16,2.584,-41.454,1.755,-2.766557
3.178000,0.013,0.022310,-0.051845,3.901,6.32,-0.059704,-0.025661,-0.000964,0.004315,-0.013,0.015,0.010937,-0.042000,0.000000,0.021875,0.000000,-0.053848,1,2.16,2.586,-41.451,1.754,-2.766751
3.180000,0.013,0.022426,-0.051787,3.901,6.32,-0.059547,-0.025574,-0.000980,0.004127,-0.013,0.015,0.009375,-0.042000,0.000000,0.018750,0.000000,-0.046156,1,2.15,2.587,-41.447,1.754,-2.766942
3.182000,0.013,0.022952,-0.051524,3.901,6.32,-0.059392,-0.025483,-0.000995,0.003526,-0.013,0.015,0.009375,-0.042000,0.000000,0.018750,0.000000,-0.046156,1,2.15,2.588,-41.444,1.753,-2.767132
3.184000,0.013,0.022965,-0.051518,3.901,6.32,-0.059235,-0.025388,-0.001019,0.003442,-0.013,0.015,0.009375,-0.042000,0.000000,0.018750,0.000000,-0.046156,1,2.15,2.589,-41.441,1.752,-2.767322
3.186000,0.013,0.022249,-0.051876,3.901,6.32,-0.059080,-0.025291,-0.001031,0.004073,-0.013,0.015,0.009375,-0.042000,0.000000,0.018750,0.000000,-0.046156,1,2.15,2.590,-41.437,1.752,-2.767511
3.188000,0.013,0.022616,-0.051692,3.901,6.32,-0.058936,-0.025188,-0.001052,0.003624,-0.013,0.015,0.009375,-0.042000,0.000000,0.018750,0.000000,-0.046156,1,2.15,2.591,-41.434,1.751,-2.767698
3.190000,0.013,0.021895,-0.052053,3.901,6.32,-0.058791,-0.025082,-0.001062,0.004249,-0.013,0.015,0.009375,-0.042000,0.000000,0.018750,0.000000,-0.046156,1,2.15,2.593,-41.431,1.751,-2.767885
3.192000,0.012,0.022059,-0.051971,3.901,6.32,-0.058657,-0.024972,-0.001089,0.004002,-0.013,0.015,0.009375,-0.042000,0.000000,0.018750,0.000000,-0.046156,1,2.15,2.594,-41.428,1.751,-2.768070
3.194000,0.012,0.021434,-0.052283,3.901,6.32,-0.058523,-0.024859,-0.001103,0.004527,-0.013,0.014,0.009375,-0.042000,0.000000,0.018750,0.000000,-0.046156,1,2.15,2.595,-41.424,1.751,-2.768253
3.196000,0.012,0.021364,-0.052318,3.901,6.32,-0.058398,-0.024741,-0.001117,0.004495,-0.013,0.014,0.009375,-0.042000,0.000000,0.018750,0.000000,-0.046156,1,2.15,2.596,-41.421,1.751,-2.768435
3.198000,0.012,0.020360,-0.052820,3.901,6.32,-0.058276,-0.024622,-0.001127,0.005388,-0.013,0.014,0.009375,-0.042000,0.000000,0.018750,0.000000,-0.046156,1,2.15,2.597,-41.418,1.751,-2.768616
3.200000,0.012,0.024575,-0.050712,3.901,6.32,-0.058167,-0.024497,0.000000,-0.000078,0.000,0.016,0.009375,-0.042000,0.000000,0.018750,0.000000,-0.046156,1,2.15,2.598,-41.414,1.751,-2.768795
3.202000,0.012,0.023806,-0.051097,3.901,6.32,-0.058018,-0.024379,-0.000021,0.000594,0.000,0.016,0.009375,-0.042000,0.000000,0.018750,0.000000,-0.046156,1,2.15,2.600,-41.411,1.751,-2.768980
3.204000,0.012,0.021912,-0.052044,3.901,6.32,-0.057880,-0.024256,-0.000030,0.002374,0.000,0.015,0.009375,-0.042000,0.000000,0.018750,0.000000,-0.046156,1,2.15,2.601,-41.408,1.751,-2.769163
3.206000,0.012,0.020973,-0.052513,3.901,6.32,-0.057763,-0.024128,-0.000048,0.003203,0.000,0.014,0.009375,-0.042000,0.000000,0.018750,0.000000,-0.046156,1,2.15,2.602,-41.404,1.752,-2.769342
3.208000,0.012,0.020387,-0.052806,3.901,6.32,-0.057658,-0.023995,-0.000081,0.003690,-0.012,0.014,0.009375,-0.042000,0.000000,0.018750,0.000000,-0.046156,1,2.15,2.603,-41.401,1.752,-2.769518
3.210000,0.012,0.018156,-0.053922,3.901,6.32,-0.057561,-0.023859,-0.000089,0.005792,-0.012,0.012,0.009375,-0.042000,0.000000,0.018750,0.000000,-0.046156,1,2.15,2.604,-41.398,1.752,-2.769693
3.212000,0.012,0.015632,-0.055184,3.901,6.32,-0.057488,-0.023716,-0.000095,0.008180,-0.012,0.010,0.009375,-0.042000,0.000000,0.018750,0.000000,-0.046156,1,2.15,2.605,-41.394,1.752,-2.769863
3.214000,0.012,0.016061,-0.054970,3.901,6.32,-0.057442,-0.023567,-0.000109,0.007615,-0.012,0.011,0.009375,-0.042000,0.000000,0.018750,0.000000,-0.046156,1,2.15,2.606,-41.391,1.753,-2.770028
3.216000,0.012,0.016299,-0.054851,3.901,6.32,-0.057393,-0.023415,-0.000146,0.007263,-0.012,0.011,0.009375,-0.042000,0.000000,0.018750,0.000000,-0.046156,1,2.15,2.608,-41.388,1.753,-2.770193
3.218000,0.012,0.016662,-0.054669,3.901,6.32,-0.057342,-0.023263,-0.000295,0.006896,-0.012,0.011,0.009375,-0.042000,0.000000,0.018750,0.000000,-0.046156,1,2.15,2.609,-41.385,1.753,-2.770358
3.220000,0.012,0.016980,-0.054510,3.901,6.32,-0.057288,-0.023109,-0.000307,0.006436,-0.012,0.011,0.007812,-0.042000,0.000000,0.015625,0.000000,-0.038463,1,2.15,2.610,-41.381,1.754,-2.770524
3.222000,0.011,0.017158,-0.054421,3.901,6.32,-0.057233,-0.022954,-0.000313,0.006110,-0.012,0.011,0.007812,-0.042000,0.000000,0.015625,0.000000,-0.038463,1,2.15,2.611,-41.378,1.754,-2.770690
3.224000,0.011,0.017541,-0.054229,3.901,6.32,-0.057177,-0.022798,-0.000339,0.005595,-0.012,0.012,0.007812,-0.042000,0.000000,0.015625,0.000000,-0.038463,1,2.15,2.612,-41.375,1.754,-2.770856
3.226000,0.011,0.015539,-0.055230,3.901,6.32,-0.057118,-0.022640,-0.000346,0.007447,-0.012,0.010,0.007812,-0.042000,0.000000,0.015625,0.000000,-0.038463,1,2.15,2.613,-41.371,1.754,-2.771022
3.228000,0.011,0.013645,-0.056178,3.901,6.32,-0.057080,-0.022475,-0.000356,0.009187,-0.012,0.009,0.007812,-0.042000,0.000000,0.015625,0.000000,-0.038463,1,2.15,2.615,-41.368,1.754,-2.771184
3.230000,0.011,0.011295,-0.057352,3.901,6.32,-0.057062,-0.022305,-0.000361,0.011371,-0.011,0.008,0.007812,-0.042000,0.000000,0.015625,0.000000,-0.038463,1,2.15,2.616,-41.365,1.755,-2.771343
3.232000,0.011,0.013164,-0.056418,3.901,6.32,-0.057068,-0.022128,-0.000389,0.009352,-0.011,0.009,0.007812,-0.042000,0.000000,0.015625,0.000000,-0.038463,1,2.15,2.617,-41.361,1.755,-2.771498
3.234000,0.011,0.012110,-0.056945,3.901,6.32,-0.057055,-0.021952,-0.000401,0.010243,-0.011,0.008,0.007812,-0.042000,0.000000,0.015625,0.000000,-0.038463,1,2.15,2.618,-41.358,1.755,-2.771655
3.236000,0.011,0.010189,-0.057905,3.901,6.32,-0.057053,-0.021772,-0.000406,0.011989,-0.011,0.007,0.007812,-0.042000,0.000000,0.015625,0.000000,-0.038463,1,2.15,2.619,-41.355,1.755,-2.771811
3.238000,0.011,0.007060,-0.059470,3.901,6.32,-0.057070,-0.021587,-0.000410,0.014937,-0.011,0.005,0.007812,-0.042000,0.000000,0.015625,0.000000,-0.038463,1,2.15,2.620,-41.351,1.755,-2.771963
3.240000,0.011,0.009672,-0.058164,3.901,6.32,-0.057118,-0.021393,-0.000431,0.012152,-0.011,0.006,0.007812,-0.042000,0.000000,0.015625,0.000000,-0.038463,1,2.15,2.621,-41.348,1.755,-2.772110
3.242000,0.011,0.008374,-0.058813,3.901,6.32,-0.057138,-0.021201,-0.000443,0.013270,-0.011,0.006,0.007812,-0.042000,0.000000,0.015625,0.000000,-0.038463,1,2.15,2.623,-41.345,1.755,-2.772261
3.244000,0.011,0.005459,-0.060270,3.901,6.32,-0.057172,-0.021006,-0.000447,0.015994,-0.011,0.004,0.007812,-0.042000,0.000000,0.015625,0.000000,-0.038463,1,2.15,2.624,-41.341,1.755,-2.772411
3.246000,0.010,0.004570,-0.060715,3.901,6.32,-0.057234,-0.020803,-0.000452,0.016684,-0.011,0.003,0.007812,-0.042000,0.000000,0.015625,0.000000,-0.038463,1,2.15,2.625,-41.338,1.755,-2.772556
3.248000,0.010,0.008135,-0.058933,3.901,6.32,-0.057304,-0.020595,-0.000472,0.012932,-0.011,0.005,0.007812,-0.042000,0.000000,0.015625,0.000000,-0.038463,1,2.15,2.626,-41.335,1.755,-2.772699
3.250000,0.010,0.007173,-0.059414,3.901,6.32,-0.057336,-0.020393,-0.000484,0.013704,-0.011,0.005,0.007812,-0.042000,0.000000,0.015625,0.000000,-0.038463,1,2.15,2.627,-41.332,1.755,-2.772848
3.252000,0.010,0.003901,-0.061050,3.901,6.32,-0.057378,-0.020187,-0.000488,0.016775,-0.011,0.003,0.007812,-0.042000,0.000000,0.015625,0.000000,-0.038463,1,2.15,2.628,-41.328,1.755,-2.772997
3.254000,0.010,0.006629,-0.059686,3.901,6.32,-0.057451,-0.019973,-0.000503,0.013848,-0.010,0.004,0.007812,-0.042000,0.000000,0.015625,0.000000,-0.038463,1,2.15,2.629,-41.325,1.755,-2.773140
3.256000,0.010,0.009311,-0.058345,3.901,6.32,-0.057496,-0.019762,-0.000515,0.010966,-0.010,0.006,0.007812,-0.042000,0.000000,0.015625,0.000000,-0.038463,1,2.15,2.631,-41.322,1.755,-2.773288
3.258000,0.010,0.008187,-0.058907,3.901,6.32,-0.057513,-0.019554,-0.000525,0.011892,-0.010,0.005,0.007812,-0.042000,0.000000,0.015625,0.000000,-0.038463,1,2.15,2.632,-41.318,1.755,-2.773441
3.260000,0.010,0.005470,-0.060265,3.901,6.32,-0.057541,-0.019342,-0.000530,0.014402,-0.010,0.004,0.007812,-0.042000,0.000000,0.015625,0.000000,-0.038463,1,2.15,2.633,-41.315,1.755,-2.773593
3.262000,0.010,0.008623,-0.058689,3.901,6.32,-0.057595,-0.019123,-0.000543,0.011044,-0.010,0.006,0.007812,-0.042000,0.000000,0.015625,0.000000,-0.038463,1,2.15,2.634,-41.312,1.755,-2.773740
3.264000,0.009,0.007900,-0.059050,3.901,6.32,-0.057617,-0.018907,-0.000554,0.011561,-0.010,0.005,0.007812,-0.042000,0.000000,0.015625,0.000000,-0.038463,1,2.15,2.635,-41.308,1.754,-2.773892
3.266000,0.009,0.007246,-0.059377,3.901,6.32,-0.057646,-0.018688,-0.000563,0.012005,-0.010,0.005,0.007812,-0.042000,0.000000,0.015625,0.000000,-0.038463,1,2.15,2.636,-41.305,1.754,-2.774044
3.268000,0.009,0.007191,-0.059405,3.901,6.32,-0.057680,-0.018466,-0.000574,0.011849,-0.010,0.005,0.007812,-0.042000,0.000000,0.015625,0.000000,-0.038463,1,2.15,2.637,-41.302,1.754,-2.774195
3.270000,0.009,0.011163,-0.057418,3.901,6.32,-0.057715,-0.018241,-0.000695,0.007772,-0.010,0.007,0.007812,-0.042000,0.000000,0.015625,0.000000,-0.038463,1,2.15,2.639,-41.298,1.754,-2.774346
3.272000,0.009,0.011932,-0.057034,3.901,6.32,-0.057709,-0.018022,-0.000728,0.006818,-0.009,0.008,0.007812,-0.042000,0.000000,0.015625,0.000000,-0.038463,1,2.15,2.640,-41.295,1.754,-2.774503
3.274000,0.009,0.011014,-0.057493,3.901,6.32,-0.057696,-0.017802,-0.000736,0.007524,-0.009,0.007,0.007812,-0.042000,0.000000,0.015625,0.000000,-0.038463,1,2.15,2.641,-41.292,1.754,-2.774663
3.276000,0.009,0.011803,-0.057098,3.901,6.32,-0.057692,-0.017578,-0.000751,0.006525,-0.009,0.008,0.007812,-0.042000,0.000000,0.015625,0.000000,-0.038463,1,2.15,2.642,-41.288,1.754,-2.774821
3.278000,0.009,0.010117,-0.057941,3.901,6.32,-0.057680,-0.017353,-0.000756,0.007992,-0.009,0.007,0.007812,-0.042000,0.000000,0.015625,0.000000,-0.038463,1,2.15,2.643,-41.285,1.755,-2.774980
3.280000,0.009,0.007379,-0.059311,3.901,6.32,-0.057685,-0.017124,-0.000764,0.010509,-0.009,0.005,0.007812,-0.042000,0.000000,0.015625,0.000000,-0.038463,1,2.15,2.644,-41.282,1.755,-2.775136
3.282000,0.008,0.006093,-0.059954,3.901,6.32,-0.057717,-0.016888,-0.000776,0.011571,-0.009,0.004,0.007812,-0.042000,0.000000,0.015625,0.000000,-0.038463,1,2.15,2.645,-41.278,1.755,-2.775288
3.284000,0.008,0.006237,-0.059881,3.901,6.32,-0.057762,-0.016648,-0.000785,0.011195,-0.009,0.004,0.007812,-0.042000,0.000000,0.015625,0.000000,-0.038463,1,2.15,2.646,-41.275,1.755,-2.775437
3.286000,0.008,0.002043,-0.061978,3.901,6.32,-0.057804,-0.016406,-0.000789,0.015152,-0.009,0.001,0.007812,-0.042000,0.000000,0.015625,0.000000,-0.038463,1,2.15,2.648,-41.272,1.756,-2.775587
3.288000,0.008,0.003396,-0.061302,3.901,6.32,-0.057888,-0.016155,-0.000800,0.013559,-0.009,0.002,0.007812,-0.042000,0.000000,0.015625,0.000000,-0.038463,1,2.15,2.649,-41.268,1.756,-2.775729
3.290000,0.008,0.003919,-0.061041,3.901,6.32,-0.057956,-0.015905,-0.000811,0.012797,-0.008,0.003,0.007812,-0.042000,0.000000,0.015625,0.000000,-0.038463,1,2.15,2.650,-41.265,1.756,-2.775874
3.292000,0.008,0.003080,-0.061460,3.901,6.32,-0.058018,-0.015655,-0.000819,0.013394,-0.008,0.002,0.007812,-0.042000,0.000000,0.015625,0.000000,-0.038463,1,2.15,2.651,-41.262,1.756,-2.776020
3.294000,0.008,-0.000920,-0.063460,3.901,6.32,-0.058087,-0.015401,-0.000823,0.017143,-0.008,0.001,0.007812,-0.042000,0.000000,0.015625,0.000000,-0.038463,1,2.15,2.652,-41.258,1.756,-2.776166
3.296000,0.008,0.002688,-0.061656,3.901,6.32,-0.058194,-0.015137,-0.000837,0.013286,-0.008,0.002,0.007812,-0.042000,0.000000,0.015625,0.000000,-0.038463,1,2.15,2.653,-41.255,1.756,-2.776305
3.298000,0.007,0.000202,-0.062899,3.901,6.32,-0.058263,-0.014879,-0.000842,0.015519,-0.008,0.000,0.007812,-0.042000,0.000000,0.015625,0.000000,-0.038463,1,2.15,2.654,-41.252,1.755,-2.776450
3.300000,0.007,0.014660,-0.055670,3.901,6.32,-0.058356,-0.014615,0.000000,-0.000045,0.000,0.010,0.007812,-0.042000,0.000000,0.015625,0.000000,-0.038463,1,2.15,2.655,-41.249,1.755,-2.776592
3.302000,0.007,0.010336,-0.057832,3.901,6.32,-0.058303,-0.014377,-0.000004,0.004045,0.000,0.007,0.007812,-0.042000,0.000000,0.015625,0.000000,-0.038463,1,2.15,2.657,-41.245,1.755,-2.776759
3.304000,0.007,0.008687,-0.058656,3.901,6.32,-0.058293,-0.014131,-0.000017,0.005460,0.000,0.006,0.007812,-0.042000,0.000000,0.015625,0.000000,-0.038463,1,2.15,2.658,-41.242,1.755,-2.776920
3.306000,0.007,0.006416,-0.059792,3.901,6.32,-0.058300,-0.013878,-0.000025,0.007488,0.000,0.004,0.007812,-0.042000,0.000000,0.015625,0.000000,-0.038463,1,2.15,2.659,-41.239,1.755,-2.777077
3.308000,0.007,0.004372,-0.060814,3.901,6.32,-0.058330,-0.013620,-0.000035,0.009283,-0.007,0.003,0.007812,-0.042000,0.000000,0.015625,0.000000,-0.038463,1,2.15,2.660,-41.235,1.755,-2.777231
3.310000,0.007,0.000770,-0.062615,3.901,6.32,-0.058380,-0.013357,-0.000040,0.012627,-0.007,0.001,0.007812,-0.042000,0.000000,0.015625,0.000000,-0.038463,1,2.15,2.661,-41.232,1.755,-2.777381
3.312000,0.007,0.000896,-0.062552,3.901,6.32,-0.058464,-0.013085,-0.000045,0.012234,-0.007,0.001,0.007812,-0.042000,0.000000,0.015625,0.000000,-0.038463,1,2.15,2.662,-41.229,1.755,-2.777524
3.314000,0.006,0.000472,-0.062764,3.901,6.32,-0.058546,-0.012813,-0.000056,0.012397,-0.007,0.000,0.007812,-0.042000,0.000000,0.015625,0.000000,-0.038463,1,2.15,2.663,-41.225,1.755,-2.777668
3.316000,0.006,-0.002084,-0.064042,3.901,6.32,-0.058631,-0.012539,-0.000060,0.014683,-0.007,0.001,0.007812,-0.042000,0.000000,0.015625,0.000000,-0.038463,1,2.15,2.664,-41.222,1.755,-2.777812
3.318000,0.006,-0.002637,-0.064318,3.901,6.32,-0.058739,-0.012260,-0.000068,0.014965,-0.007,0.002,0.007812,-0.042000,0.000000,0.015625,0.000000,-0.038463,1,2.15,2.665,-41.219,1.755,-2.777952
3.320000,0.006,-0.002526,-0.064263,3.901,6.32,-0.058850,-0.011979,-0.000074,0.014579,-0.007,0.002,0.007812,-0.042000,0.000000,0.015625,0.000000,-0.038463,1,2.15,2.667,-41.215,1.755,-2.778092
3.322000,0.006,0.000745,-0.062628,3.901,6.32,-0.058959,-0.011699,-0.000148,0.011103,-0.006,0.000,0.007812,-0.042000,0.000000,0.015625,0.000000,-0.038463,1,2.15,2.668,-41.212,1.755,-2.778232
3.324000,0.006,-0.000420,-0.063210,3.901,6.32,-0.059032,-0.011424,-0.000155,0.011999,-0.006,0.000,0.007812,-0.042000,0.000000,0.015625,0.000000,-0.038463,1,2.15,2.669,-41.209,1.755,-2.778378
3.326000,0.006,-0.001805,-0.063903,3.901,6.32,-0.059116,-0.011148,-0.000158,0.013111,-0.006,0.001,0.007812,-0.042000,0.000000,0.015625,0.000000,-0.038463,1,2.15,2.670,-41.205,1.755,-2.778524
3.328000,0.005,-0.001137,-0.063569,3.901,6.32,-0.059211,-0.010868,-0.000171,0.012176,-0.006,0.001,0.007812,-0.042000,0.000000,0.015625,0.000000,-0.038463,1,2.15,2.671,-41.202,1.755,-2.778667
3.330000,0.005,-0.000814,-0.063407,3.901,6.32,-0.059298,-0.010590,-0.000177,0.011581,-0.006,0.001,0.007812,-0.042000,0.000000,0.015625,0.000000,-0.038463,1,2.15,2.672,-41.199,1.755,-2.778812
3.332000,0.005,-0.005611,-0.065806,3.901,6.32,-0.059381,-0.010312,-0.000180,0.016104,-0.006,0.004,0.007812,-0.042000,0.000000,0.015625,0.000000,-0.038463,1,2.15,2.673,-41.195,1.755,-2.778959
3.334000,0.005,-0.010295,-0.068148,3.901,6.32,-0.059509,-0.010026,-0.000182,0.020503,-0.006,0.007,0.007812,-0.042000,0.000000,0.015625,0.000000,-0.038463,1,2.15,2.674,-41.192,1.755,-2.779097
3.336000,0.005,-0.006746,-0.066373,3.901,6.32,-0.059682,-0.009730,-0.000191,0.016667,-0.005,0.004,0.007812,-0.042000,0.000000,0.015625,0.000000,-0.038463,1,2.15,2.675,-41.189,1.755,-2.779228
3.338000,0.005,-0.008664,-0.067332,3.901,6.32,-0.059816,-0.009442,-0.000196,0.018302,-0.005,0.006,0.007812,-0.042000,0.000000,0.015625,0.000000,-0.038463,1,2.15,2.677,-41.185,1.755,-2.779365
3.340000,0.005,-0.013438,-0.069719,3.901,6.32,-0.059966,-0.009150,-0.000198,0.022787,-0.005,0.009,0.006250,-0.042000,0.000000,0.012500,0.000000,-0.030770,1,2.14,2.678,-41.182,1.755,-2.779501
3.342000,0.004,-0.010330,-0.068165,3.901,6.32,-0.060161,-0.008851,-0.000208,0.019389,-0.005,0.007,0.006250,-0.042000,0.000000,0.012500,0.000000,-0.030770,1,2.14,2.679,-41.179,1.755,-2.779629
3.344000,0.004,-0.004562,-0.065281,3.901,6.32,-0.060321,-0.008558,-0.000223,0.013343,-0.005,0.003,0.006250,-0.042000,0.000000,0.012500,0.000000,-0.030770,1,2.14,2.680,-41.175,1.755,-2.779763
3.346000,0.004,-0.007803,-0.066902,3.901,6.32,-0.060420,-0.008277,-0.000226,0.016306,-0.005,0.005,0.006250,-0.042000,0.000000,0.012500,0.000000,-0.030770,1,2.14,2.681,-41.172,1.755,-2.779908
3.348000,0.004,-0.007759,-0.066879,3.901,6.32,-0.060550,-0.007991,-0.000231,0.015980,-0.005,0.005,0.006250,-0.042000,0.000000,0.012500,0.000000,-0.030770,1,2.14,2.682,-41.169,1.755,-2.780049
3.350000,0.004,-0.004043,-0.065022,3.901,6.32,-0.060676,-0.007706,-0.000234,0.011983,-0.004,0.003,0.006250,-0.042000,0.000000,0.012500,0.000000,-0.030770,1,2.14,2.683,-41.165,1.755,-2.780190
3.352000,0.004,-0.004359,-0.065180,3.901,6.32,-0.060763,-0.007428,-0.000242,0.012029,-0.004,0.003,0.006250,-0.042000,0.000000,0.012500,0.000000,-0.030770,1,2.14,2.684,-41.162,1.755,-2.780339
3.354000,0.004,-0.007292,-0.066646,3.901,6.32,-0.060852,-0.007151,-0.000245,0.014688,-0.004,0.005,0.006250,-0.042000,0.000000,0.012500,0.000000,-0.030770,1,2.14,2.685,-41.159,1.755,-2.780488
3.356000,0.003,-0.005299,-0.065650,3.901,6.32,-0.060967,-0.006869,-0.000249,0.012417,-0.004,0.004,0.006250,-0.042000,0.000000,0.012500,0.000000,-0.030770,1,2.14,2.687,-41.155,1.755,-2.780632
3.358000,0.003,-0.008940,-0.067470,3.901,6.32,-0.061061,-0.006592,-0.000250,0.015782,-0.004,0.006,0.006250,-0.042000,0.000000,0.012500,0.000000,-0.030770,1,2.14,2.688,-41.152,1.755,-2.780781
3.360000,0.003,-0.007597,-0.066799,3.901,6.32,-0.061189,-0.006308,-0.000258,0.014164,-0.004,0.005,0.006250,-0.042000,0.000000,0.012500,0.000000,-0.030770,1,2.14,2.689,-41.149,1.755,-2.780924
3.362000,0.003,-0.009060,-0.067530,3.901,6.32,-0.061301,-0.006028,-0.000261,0.015350,-0.004,0.006,0.006250,-0.042000,0.000000,0.012500,0.000000,-0.030770,1,2.14,2.690,-41.145,1.755,-2.781070
3.364000,0.003,-0.007794,-0.066897,3.901,6.32,-0.061426,-0.005747,-0.000265,0.013807,-0.003,0.005,0.006250,-0.042000,0.000000,0.012500,0.000000,-0.030770,1,2.14,2.691,-41.142,1.755,-2.781214
3.366000,0.003,-0.009677,-0.067838,3.901,6.32,-0.061535,-0.005469,-0.000267,0.015413,-0.003,0.006,0.006250,-0.042000,0.000000,0.012500,0.000000,-0.030770,1,2.14,2.692,-41.139,1.755,-2.781360
3.368000,0.003,-0.006028,-0.066014,3.901,6.32,-0.061661,-0.005189,-0.000271,0.011489,-0.003,0.004,0.006250,-0.042000,0.000000,0.012500,0.000000,-0.030770,1,2.14,2.693,-41.135,1.755,-2.781505
3.370000,0.002,-0.007509,-0.066754,3.901,6.32,-0.061748,-0.004917,-0.000274,0.012700,-0.003,0.005,0.006250,-0.042000,0.000000,0.012500,0.000000,-0.030770,1,2.14,2.694,-41.132,1.755,-2.781656
3.372000,0.002,-0.011604,-0.068802,3.901,6.32,-0.061848,-0.004644,-0.000275,0.016523,-0.003,0.008,0.006250,-0.042000,0.000000,0.012500,0.000000,-0.030770,1,2.14,2.695,-41.129,1.755,-2.781806
3.374000,0.002,-0.010131,-0.068065,3.901,6.32,-0.061987,-0.004365,-0.000303,0.014799,-0.003,0.007,0.006250,-0.042000,0.000000,0.012500,0.000000,-0.030770,1,2.14,2.696,-41.125,1.755,-2.781949
3.376000,0.002,-0.007412,-0.066706,3.901,6.32,-0.062109,-0.004090,-0.000309,0.011810,-0.003,0.005,0.006250,-0.042000,0.000000,0.012500,0.000000,-0.030770,1,2.14,2.698,-41.122,1.755,-2.782094
3.378000,0.002,-0.009603,-0.067801,3.901,6.32,-0.062201,-0.003819,-0.000311,0.013732,-0.002,0.006,0.006250,-0.042000,0.000000,0.012500,0.000000,-0.030770,1,2.14,2.699,-41.119,1.755,-2.782245
3.380000,0.002,-0.009371,-0.067685,3.901,6.32,-0.062313,-0.003548,-0.000313,0.013232,-0.002,0.006,0.006250,-0.042000,0.000000,0.012500,0.000000,-0.030770,1,2.13,2.700,-41.115,1.755,-2.782393
3.382000,0.002,-0.005274,-0.065637,3.901,6.32,-0.062420,-0.003279,-0.000315,0.008868,-0.002,0.004,0.006250,-0.042000,0.000000,0.012500,0.000000,-0.030770,1,2.13,2.701,-41.112,1.755,-2.782543
3.384000,0.002,-0.007148,-0.066574,3.901,6.32,-0.062485,-0.003016,-0.000317,0.010481,-0.002,0.005,0.006250,-0.042000,0.000000,0.012500,0.000000,-0.030770,1,2.13,2.702,-41.109,1.755,-2.782697
3.386000,0.001,-0.008052,-0.067026,3.901,6.32,-0.062566,-0.002753,-0.000320,0.011124,-0.002,0.005,0.006250,-0.042000,0.000000,0.012500,0.000000,-0.030770,1,2.13,2.703,-41.105,1.755,-2.782851
3.388000,0.001,-0.007034,-0.066517,3.901,6.32,-0.062656,-0.002492,-0.000321,0.009847,-0.002,0.005,0.006250,-0.042000,0.000000,0.012500,0.000000,-0.030770,1,2.13,2.704,-41.102,1.755,-2.783005
3.390000,0.001,-0.007267,-0.066634,3.901,6.32,-0.062733,-0.002236,-0.000323,0.009825,-0.002,0.005,0.006250,-0.042000,0.000000,0.012500,0.000000,-0.030770,1,2.13,2.705,-41.099,1.755,-2.783161
3.392000,0.001,-0.007149,-0.066574,3.901,6.32,-0.062811,-0.001980,-0.000324,0.009453,-0.002,0.005,0.006250,-0.042000,0.000000,0.012500,0.000000,-0.030770,1,2.13,2.706,-41.095,1.755,-2.783318
3.394000,0.001,-0.008280,-0.067140,3.901,6.32,-0.062886,-0.001727,-0.000325,0.010331,-0.001,0.006,0.006250,-0.042000,0.000000,0.012500,0.000000,-0.030770,1,2.13,2.707,-41.092,1.754,-2.783475
3.396000,0.001,-0.013006,-0.069503,3.901,6.32,-0.062971,-0.001473,-0.000325,0.014804,-0.001,0.009,0.006250,-0.042000,0.000000,0.012500,0.000000,-0.030770,1,2.13,2.708,-41.089,1.754,-2.783631
3.398000,0.001,-0.012452,-0.069226,3.901,6.32,-0.063102,-0.001213,-0.000326,0.013991,-0.001,0.008,0.006250,-0.042000,0.000000,0.012500,0.000000,-0.030770,1,2.13,2.710,-41.085,1.754,-2.783780
3.400000,0.000,0.000958,-0.062521,3.901,6.32,-0.063224,-0.000955,0.000000,-0.000003,0.000,0.001,0.006250,-0.042000,0.000000,0.012500,0.000000,-0.030770,1,2.13,2.711,-41.082,1.754,-2.783929
3.402000,0.000,-0.001610,-0.063805,3.901,6.32,-0.063210,-0.000724,-0.000000,0.002334,0.000,0.001,0.006250,-0.042000,0.000000,0.012500,0.000000,-0.030770,1,2.13,2.712,-41.079,1.754,-2.784102
3.404000,0.000,-0.003498,-0.064749,3.901,6.32,-0.063222,-0.000492,-0.000001,0.003991,0.000,0.002,0.006250,-0.042000,0.000000,0.012500,0.000000,-0.030770,1,2.13,2.713,-41.075,1.754,-2.784273
3.406000,0.000,-0.006602,-0.066301,3.901,6.32,-0.063252,-0.000257,-0.000001,0.006860,0.000,0.004,0.006250,-0.042000,0.000000,0.012500,0.000000,-0.030770,1,2.13,2.714,-41.072,1.754,-2.784440
3.408000,0.000,-0.009870,-0.067935,3.901,6.32,-0.063313,-0.000019,-0.000001,0.009890,-0.000,0.007,0.006250,-0.042000,0.000000,0.012500,0.000000,-0.030770,1,2.13,2.715,-41.069,1.754,-2.784601
3.410000,-0.000,-0.011453,-0.068726,3.901,6.32,-0.063406,0.000224,-0.000001,0.011230,-0.000,0.008,0.006250,-0.042000,0.000000,0.012500,0.000000,-0.030770,1,2.13,2.716,-41.065,1.754,-2.784757
3.412000,-0.000,-0.012690,-0.069345,3.901,6.32,-0.063512,0.000467,-0.000000,0.012224,-0.000,0.008,0.006250,-0.042000,0.000000,0.012500,0.000000,-0.030770,1,2.13,2.717,-41.062,1.754,-2.784911
3.414000,-0.000,-0.013013,-0.069507,3.901,6.32,-0.063629,0.000710,0.000000,0.012303,-0.000,0.009,0.006250,-0.042000,0.000000,0.012500,0.000000,-0.030770,1,2.13,2.718,-41.059,1.754,-2.785062
3.416000,-0.000,-0.011185,-0.068593,3.901,6.32,-0.063746,0.000951,0.000001,0.010233,-0.000,0.007,0.006250,-0.042000,0.000000,0.012500,0.000000,-0.030770,1,2.13,2.719,-41.055,1.754,-2.785214
3.418000,-0.001,-0.009564,-0.067782,3.901,6.32,-0.063843,0.001186,0.000003,0.008375,0.000,0.006,0.006250,-0.042000,0.000000,0.012500,0.000000,-0.030770,1,2.13,2.721,-41.052,1.754,-2.785370
3.420000,-0.001,-0.012562,-0.069281,3.901,6.32,-0.063922,0.001415,0.000003,0.011144,0.000,0.008,0.006250,-0.042000,0.000000,0.012500,0.000000,-0.030770,1,2.13,2.722,-41.049,1.754,-2.785529
3.422000,-0.001,-0.011182,-0.068591,3.901,6.32,-0.064029,0.001649,0.000004,0.009529,0.000,0.007,0.006250,-0.042000,0.000000,0.012500,0.000000,-0.030770,1,2.13,2.723,-41.045,1.754,-2.785685
3.424000,-0.001,-0.009859,-0.067929,3.901,6.32,-0.064120,0.001877,0.000017,0.007965,0.000,0.007,0.006250,-0.042000,0.000000,0.012500,0.000000,-0.030770,1,2.13,2.724,-41.042,1.754,-2.785844
3.426000,-0.001,-0.011236,-0.068618,3.901,6.32,-0.064197,0.002102,0.000018,0.009117,0.001,0.007,0.006250,-0.042000,0.000000,0.012500,0.000000,-0.030770,1,2.13,2.725,-41.039,1.754,-2.786007
3.428000,-0.001,-0.015455,-0.070728,3.901,6.32,-0.064285,0.002325,0.000018,0.013111,0.001,0.010,0.006250,-0.042000,0.000000,0.012500,0.000000,-0.030770,1,2.13,2.726,-41.035,1.755,-2.786168
3.430000,-0.001,-0.013276,-0.069638,3.901,6.32,-0.064414,0.002554,0.000020,0.010702,0.001,0.009,0.006250,-0.042000,0.000000,0.012500,0.000000,-0.030770,1,2.13,2.727,-41.032,1.755,-2.786322
3.432000,-0.001,-0.013675,-0.069837,3.901,6.32,-0.064518,0.002775,0.000022,0.010877,0.001,0.009,0.006250,-0.042000,0.000000,0.012500,0.000000,-0.030770,1,2.13,2.728,-41.029,1.755,-2.786480
3.434000,-0.001,-0.016015,-0.071007,3.901,6.32,-0.064625,0.002994,0.000023,0.012997,0.001,0.011,0.006250,-0.042000,0.000000,0.012500,0.000000,-0.030770,1,2.13,2.729,-41.025,1.756,-2.786638
3.436000,-0.002,-0.015930,-0.070965,3.901,6.32,-0.064752,0.003214,0.000025,0.012690,0.001,0.011,0.006250,-0.042000,0.000000,0.012500,0.000000,-0.030770,1,2.13,2.730,-41.022,1.756,-2.786792
3.438000,-0.002,-0.013823,-0.069911,3.901,6.32,-0.064876,0.003430,0.000027,0.010366,0.001,0.009,0.006250,-0.042000,0.000000,0.012500,0.000000,-0.030770,1,2.13,2.731,-41.019,1.757,-2.786946
3.440000,-0.002,-0.014721,-0.070360,3.901,6.32,-0.064977,0.003638,0.000028,0.011054,0.001,0.010,0.006250,-0.042000,0.000000,0.012500,0.000000,-0.030770,1,2.13,2.733,-41.015,1.758,-2.787104
3.442000,-0.002,-0.014946,-0.070473,3.901,6.32,-0.065085,0.003844,0.000030,0.011071,0.001,0.010,0.006250,-0.042000,0.000000,0.012500,0.000000,-0.030770,1,2.13,2.734,-41.012,1.758,-2.787261
3.444000,-0.002,-0.014657,-0.070329,3.901,6.32,-0.065192,0.004047,0.000033,0.010578,0.002,0.010,0.006250,-0.042000,0.000000,0.012500,0.000000,-0.030770,1,2.13,2.735,-41.009,1.759,-2.787419
3.446000,-0.002,-0.015545,-0.070772,3.901,6.32,-0.065295,0.004245,0.000034,0.011266,0.002,0.010,0.006250,-0.042000,0.000000,0.012500,0.000000,-0.030770,1,2.13,2.736,-41.005,1.759,-2.787578
3.448000,-0.002,-0.015206,-0.070603,3.901,6.32,-0.065405,0.004440,0.000036,0.010730,0.002,0.010,0.006250,-0.042000,0.000000,0.012500,0.000000,-0.030770,1,2.13,2.737,-41.002,1.760,-2.787736
3.450000,-0.002,-0.014090,-0.070045,3.901,6.32,-0.065509,0.004631,0.000040,0.009418,0.002,0.009,0.006250,-0.042000,0.000000,0.012500,0.000000,-0.030770,1,2.13,2.738,-40.999,1.760,-2.787895
3.452000,-0.002,-0.015003,-0.070501,3.901,6.32,-0.065599,0.004816,0.000042,0.010144,0.002,0.010,0.006250,-0.042000,0.000000,0.012500,0.000000,-0.030770,1,2.13,2.739,-40.995,1.760,-2.788057
3.454000,-0.002,-0.017160,-0.071580,3.901,6.32,-0.065697,0.004999,0.000043,0.012117,0.002,0.011,0.006250,-0.042000,0.000000,0.012500,0.000000,-0.030770,1,2.13,2.740,-40.992,1.760,-2.788217
3.456000,-0.003,-0.016286,-0.071143,3.901,6.32,-0.065815,0.005183,0.000047,0.011056,0.002,0.011,0.006250,-0.042000,0.000000,0.012500,0.000000,-0.030770,1,2.13,2.741,-40.989,1.760,-2.788375
3.458000,-0.003,-0.015239,-0.070619,3.901,6.32,-0.065922,0.005361,0.000052,0.009826,0.002,0.010,0.006250,-0.042000,0.000000,0.012500,0.000000,-0.030770,1,2.13,2.742,-40.985,1.760,-2.788535
3.460000,-0.003,-0.015728,-0.070864,3.901,6.32,-0.066016,0.005534,0.000055,0.010139,0.002,0.010,0.006250,-0.042000,0.000000,0.012500,0.000000,-0.030770,1,2.13,2.744,-40.982,1.760,-2.788697
3.462000,-0.003,-0.015192,-0.070596,3.901,6.32,-0.066112,0.005704,0.000057,0.009430,0.002,0.010,0.006250,-0.042000,0.000000,0.012500,0.000000,-0.030770,1,2.13,2.745,-40.979,1.760,-2.788859
3.464000,-0.003,-0.012782,-0.069391,3.901,6.32,-0.066202,0.005870,0.000062,0.006850,0.003,0.009,0.006250,-0.042000,0.000000,0.012500,0.000000,-0.030770,1,2.13,2.746,-40.975,1.760,-2.789023
3.466000,-0.003,-0.012582,-0.069291,3.901,6.32,-0.066266,0.006028,0.000067,0.006487,0.003,0.008,0.006250,-0.042000,0.000000,0.012500,0.000000,-0.030770,1,2.13,2.747,-40.972,1.760,-2.789191
3.468000,-0.003,-0.014662,-0.070331,3.901,6.32,-0.066326,0.006182,0.000068,0.008412,0.003,0.010,0.006250,-0.042000,0.000000,0.012500,0.000000,-0.030770,1,2.13,2.748,-40.969,1.760,-2.789361
3.470000,-0.003,-0.014360,-0.070180,3.901,6.32,-0.066406,0.006336,0.000074,0.007950,0.003,0.010,0.006250,-0.042000,0.000000,0.012500,0.000000,-0.030770,1,2.13,2.749,-40.965,1.760,-2.789527
3.472000,-0.003,-0.014515,-0.070258,3.901,6.32,-0.066482,0.006486,0.000076,0.007953,0.003,0.010,0.006250,-0.042000,0.000000,0.012500,0.000000,-0.030770,1,2.13,2.750,-40.962,1.760,-2.789694
3.474000,-0.003,-0.014315,-0.070157,3.901,6.32,-0.066557,0.006633,0.000082,0.007600,0.003,0.010,0.006250,-0.042000,0.000000,0.012500,0.000000,-0.030770,1,2.13,2.751,-40.959,1.760,-2.789861
3.476000,-0.003,-0.013706,-0.069853,3.901,6.32,-0.066629,0.006776,0.000125,0.006805,0.003,0.009,0.006250,-0.042000,0.000000,0.012500,0.000000,-0.030770,1,2.13,2.752,-40.955,1.759,-2.790030
3.478000,-0.003,-0.011838,-0.068919,3.901,6.32,-0.066694,0.006914,0.000130,0.004794,0.003,0.008,0.006250,-0.042000,0.000000,0.012500,0.000000,-0.030770,1,2.13,2.753,-40.952,1.759,-2.790199
3.480000,-0.004,-0.011503,-0.068751,3.901,6.32,-0.066738,0.007045,0.000140,0.004317,0.003,0.008,0.004688,-0.042000,0.000000,0.009375,0.000000,-0.023078,1,2.12,2.754,-40.949,1.759,-2.790373
3.482000,-0.004,-0.010438,-0.068219,3.901,6.32,-0.066779,0.007172,0.000147,0.003120,0.003,0.007,0.004688,-0.042000,0.000000,0.009375,0.000000,-0.023078,1,2.12,2.756,-40.945,1.759,-2.790547
3.484000,-0.004,-0.011425,-0.068713,3.901,6.32,-0.066807,0.007293,0.000149,0.003983,0.003,0.008,0.004688,-0.042000,0.000000,0.009375,0.000000,-0.023078,1,2.12,2.757,-40.942,1.759,-2.790724
3.486000,-0.004,-0.013923,-0.069961,3.901,6.32,-0.066846,0.007412,0.000151,0.006359,0.003,0.009,0.004688,-0.042000,0.000000,0.009375,0.000000,-0.023078,1,2.12,2.758,-40.938,1.759,-2.790899
3.488000,-0.004,-0.013841,-0.069921,3.901,6.32,-0.066908,0.007532,0.000157,0.006152,0.004,0.009,0.004688,-0.042000,0.000000,0.009375,0.000000,-0.023078,1,2.12,2.759,-40.935,1.759,-2.791070
3.490000,-0.004,-0.014641,-0.070320,3.901,6.32,-0.066968,0.007649,0.000161,0.006831,0.004,0.010,0.004688,-0.042000,0.000000,0.009375,0.000000,-0.023078,1,2.12,2.760,-40.932,1.759,-2.791241
3.492000,-0.004,-0.016504,-0.071252,3.901,6.32,-0.067035,0.007763,0.000162,0.008579,0.004,0.011,0.004688,-0.042000,0.000000,0.009375,0.000000,-0.023078,1,2.12,2.761,-40.928,1.759,-2.791411
3.494000,-0.004,-0.015718,-0.070859,3.901,6.32,-0.067119,0.007876,0.000168,0.007673,0.004,0.010,0.004688,-0.042000,0.000000,0.009375,0.000000,-0.023078,1,2.12,2.762,-40.925,1.759,-2.791579
3.496000,-0.004,-0.014448,-0.070224,3.901,6.32,-0.067194,0.007985,0.000172,0.006291,0.004,0.010,0.004688,-0.042000,0.000000,0.009375,0.000000,-0.023078,1,2.12,2.763,-40.922,1.759,-2.791748
3.498000,-0.004,-0.014788,-0.070394,3.901,6.32,-0.067255,0.008086,0.000176,0.006526,0.004,0.010,0.004688,-0.042000,0.000000,0.009375,0.000000,-0.023078,1,2.12,2.764,-40.918,1.759,-2.791920
3.500000,-0.004,-0.008209,-0.067105,3.901,6.32,-0.067318,0.008185,0.000000,0.000024,0.000,0.005,0.004688,-0.042000,0.000000,0.009375,0.000000,-0.023078,1,2.12,2.765,-40.915,1.759,-2.792091
3.502000,-0.004,-0.010209,-0.068104,3.901,6.32,-0.067313,0.008268,0.000002,0.001939,0.000,0.007,0.004688,-0.042000,0.000000,0.009375,0.000000,-0.023078,1,2.12,2.766,-40.912,1.759,-2.792275
3.504000,-0.004,-0.011029,-0.068515,3.901,6.32,-0.067329,0.008350,0.000006,0.002672,0.000,0.007,0.004688,-0.042000,0.000000,0.009375,0.000000,-0.023078,1,2.12,2.768,-40.908,1.759,-2.792456
3.506000,-0.004,-0.012195,-0.069098,3.901,6.32,-0.067353,0.008430,0.000010,0.003755,0.000,0.008,0.004688,-0.042000,0.000000,0.009375,0.000000,-0.023078,1,2.12,2.769,-40.905,1.759,-2.792635
3.508000,-0.004,-0.013961,-0.069980,3.901,6.32,-0.067388,0.008509,0.000012,0.005440,0.004,0.009,0.004688,-0.042000,0.000000,0.009375,0.000000,-0.023078,1,2.12,2.770,-40.902,1.759,-2.792812
3.510000,-0.004,-0.014520,-0.070260,3.901,6.32,-0.067439,0.008587,0.000018,0.005915,0.004,0.010,0.004688,-0.042000,0.000000,0.009375,0.000000,-0.023078,1,2.12,2.771,-40.898,1.759,-2.792987
3.512000,-0.004,-0.013271,-0.069636,3.901,6.32,-0.067496,0.008662,0.000024,0.004586,0.004,0.009,0.004688,-0.042000,0.000000,0.009375,0.000000,-0.023078,1,2.12,2.772,-40.895,1.759,-2.793160
3.514000,-0.004,-0.013760,-0.069880,3.901,6.32,-0.067539,0.008730,0.000026,0.005004,0.004,0.009,0.004688,-0.042000,0.000000,0.009375,0.000000,-0.023078,1,2.12,2.773,-40.892,1.759,-2.793336
3.516000,-0.004,-0.013247,-0.069623,3.901,6.32,-0.067586,0.008796,0.000032,0.004419,0.004,0.009,0.004688,-0.042000,0.000000,0.009375,0.000000,-0.023078,1,2.12,2.774,-40.888,1.759,-2.793512
3.518000,-0.004,-0.012191,-0.069095,3.901,6.32,-0.067626,0.008857,0.000037,0.003297,0.004,0.008,0.004688,-0.042000,0.000000,0.009375,0.000000,-0.023078,1,2.12,2.775,-40.885,1.759,-2.793688
3.520000,-0.004,-0.012033,-0.069016,3.901,6.32,-0.067656,0.008912,0.000046,0.003075,0.004,0.008,0.004688,-0.042000,0.000000,0.009375,0.000000,-0.023078,1,2.12,2.776,-40.882,1.759,-2.793867
3.522000,-0.004,-0.012090,-0.069045,3.901,6.32,-0.067683,0.008962,0.000050,0.003078,0.004,0.008,0.004688,-0.042000,0.000000,0.009375,0.000000,-0.023078,1,2.12,2.777,-40.878,1.759,-2.794046
3.524000,-0.005,-0.011411,-0.068705,3.901,6.32,-0.067710,0.009009,0.000055,0.002347,0.004,0.008,0.004688,-0.042000,0.000000,0.009375,0.000000,-0.023078,1,2.12,2.779,-40.875,1.759,-2.794226
3.526000,-0.005,-0.011957,-0.068978,3.901,6.32,-0.067730,0.009051,0.000057,0.002849,0.004,0.008,0.004688,-0.042000,0.000000,0.009375,0.000000,-0.023078,1,2.12,2.780,-40.872,1.759,-2.794407
3.528000,-0.005,-0.011522,-0.068761,3.901,6.32,-0.067755,0.009090,0.000116,0.002316,0.004,0.008,0.004688,-0.042000,0.000000,0.009375,0.000000,-0.023078,1,2.12,2.781,-40.868,1.759,-2.794587
3.530000,-0.005,-0.011603,-0.068801,3.901,6.32,-0.067775,0.009124,0.000121,0.002358,0.004,0.008,0.004688,-0.042000,0.000000,0.009375,0.000000,-0.023078,1,2.12,2.782,-40.865,1.759,-2.794768
3.532000,-0.005,-0.011706,-0.068853,3.901,6.32,-0.067796,0.009154,0.000123,0.002429,0.005,0.008,0.004688,-0.042000,0.000000,0.009375,0.000000,-0.023078,1,2.12,2.783,-40.862,1.759,-2.794949
3.534000,-0.005,-0.011487,-0.068743,3.901,6.32,-0.067817,0.009181,0.000130,0.002176,0.005,0.008,0.004688,-0.042000,0.000000,0.009375,0.000000,-0.023078,1,2.12,2.784,-40.858,1.759,-2.795130
3.536000,-0.005,-0.010757,-0.068379,3.901,6.32,-0.067835,0.009203,0.000134,0.001419,0.005,0.007,0.004688,-0.042000,0.000000,0.009375,0.000000,-0.023078,1,2.12,2.785,-40.855,1.759,-2.795311
3.538000,-0.005,-0.010854,-0.068427,3.901,6.32,-0.067846,0.009220,0.000142,0.001491,0.005,0.007,0.004688,-0.042000,0.000000,0.009375,0.000000,-0.023078,1,2.12,2.786,-40.852,1.759,-2.795494
3.540000,-0.005,-0.010738,-0.068369,3.901,6.32,-0.067858,0.009234,0.000146,0.001358,0.005,0.007,0.003125,-0.042000,0.000000,0.006250,0.000000,-0.015385,1,2.12,2.787,-40.848,1.759,-2.795677
3.542000,-0.005,-0.010224,-0.068112,3.901,6.32,-0.067868,0.009243,0.000149,0.000831,0.005,0.007,0.003125,-0.042000,0.000000,0.006250,0.000000,-0.015385,1,2.12,2.788,-40.845,1.759,-2.795860
3.544000,-0.005,-0.010097,-0.068049,3.901,6.32,-0.067873,0.009248,0.000157,0.000693,0.005,0.007,0.003125,-0.042000,0.000000,0.006250,0.000000,-0.015385,1,2.12,2.790,-40.842,1.759,-2.796044
3.546000,-0.005,-0.009865,-0.067932,3.901,6.32,-0.067876,0.009249,0.000161,0.000455,0.005,0.007,0.003125,-0.042000,0.000000,0.006250,0.000000,-0.015385,1,2.12,2.791,-40.838,1.759,-2.796228
3.548000,-0.005,-0.009682,-0.067841,3.901,6.32,-0.067877,0.009245,0.000163,0.000273,0.005,0.006,0.003125,-0.042000,0.000000,0.006250,0.000000,-0.015385,1,2.12,2.792,-40.835,1.759,-2.796413
3.550000,-0.005,-0.009316,-0.067658,3.901,6.32,-0.067877,0.009238,0.000166,-0.000088,0.005,0.006,0.003125,-0.042000,0.000000,0.006250,0.000000,-0.015385,1,2.12,2.793,-40.832,1.759,-2.796598
3.552000,-0.005,-0.009119,-0.067559,3.901,6.32,-0.067872,0.009226,0.000174,-0.000281,0.005,0.006,0.003125,-0.042000,0.000000,0.006250,0.000000,-0.015385,1,2.12,2.794,-40.828,1.759,-2.796784
3.554000,-0.005,-0.008965,-0.067483,3.901,6.32,-0.067866,0.009209,0.000181,-0.000425,0.005,0.006,0.003125,-0.042000,0.000000,0.006250,0.000000,-0.015385,1,2.12,2.795,-40.825,1.759,-2.796970
3.556000,-0.005,-0.008450,-0.067225,3.901,6.32,-0.067858,0.009189,0.000183,-0.000922,0.005,0.006,0.003125,-0.042000,0.000000,0.006250,0.000000,-0.015385,1,2.12,2.796,-40.821,1.759,-2.797157
3.558000,-0.005,-0.008358,-0.067179,3.901,6.32,-0.067846,0.009165,0.000190,-0.000997,0.005,0.006,0.003125,-0.042000,0.000000,0.006250,0.000000,-0.015385,1,2.12,2.797,-40.818,1.759,-2.797344
3.560000,-0.005,-0.008177,-0.067089,3.901,6.32,-0.067832,0.009136,0.000194,-0.001153,0.005,0.005,0.003125,-0.042000,0.000000,0.006250,0.000000,-0.015385,1,2.12,2.798,-40.815,1.759,-2.797531
3.562000,-0.005,-0.007856,-0.066928,3.901,6.32,-0.067817,0.009103,0.000198,-0.001446,0.005,0.005,0.003125,-0.042000,0.000000,0.006250,0.000000,-0.015385,1,2.12,2.799,-40.811,1.759,-2.797719
3.564000,-0.005,-0.007642,-0.066821,3.901,6.32,-0.067800,0.009067,0.000204,-0.001628,0.005,0.005,0.003125,-0.042000,0.000000,0.006250,0.000000,-0.015385,1,2.12,2.801,-40.808,1.759,-2.797907
3.566000,-0.005,-0.007515,-0.066757,3.901,6.32,-0.067780,0.009026,0.000207,-0.001718,0.005,0.005,0.003125,-0.042000,0.000000,0.006250,0.000000,-0.015385,1,2.12,2.802,-40.805,1.759,-2.798095
3.568000,-0.004,-0.007174,-0.066587,3.901,6.32,-0.067760,0.008982,0.000211,-0.002019,0.005,0.005,0.003125,-0.042000,0.000000,0.006250,0.000000,-0.015385,1,2.12,2.803,-40.801,1.759,-2.798284
3.570000,-0.004,-0.007166,-0.066583,3.901,6.32,-0.067736,0.008933,0.000219,-0.001986,0.005,0.005,0.003125,-0.042000,0.000000,0.006250,0.000000,-0.015385,1,2.12,2.804,-40.798,1.759,-2.798473
3.572000,-0.004,-0.007271,-0.066636,3.901,6.32,-0.067713,0.008881,0.000230,-0.001839,0.005,0.005,0.003125,-0.042000,0.000000,0.006250,0.000000,-0.015385,1,2.12,2.805,-40.795,1.759,-2.798662
3.574000,-0.004,-0.007111,-0.066555,3.901,6.32,-0.067691,0.008825,0.000236,-0.001951,0.005,0.005,0.003125,-0.042000,0.000000,0.006250,0.000000,-0.015385,1,2.12,2.806,-40.791,1.759,-2.798851
3.576000,-0.004,-0.007444,-0.066722,3.901,6.32,-0.067669,0.008766,0.000249,-0.001570,0.004,0.005,0.003125,-0.042000,0.000000,0.006250,0.000000,-0.015385,1,2.12,2.807,-40.788,1.759,-2.799039
3.578000,-0.004,-0.006973,-0.066487,3.901,6.32,-0.067650,0.008704,0.000252,-0.001982,0.004,0.005,0.003125,-0.042000,0.000000,0.006250,0.000000,-0.015385,1,2.12,2.808,-40.785,1.759,-2.799227
3.580000,-0.004,-0.007207,-0.066603,3.901,6.32,-0.067627,0.008638,0.000307,-0.001738,0.004,0.005,0.001563,-0.042000,0.000000,0.003125,0.000000,-0.007693,1,2.11,2.809,-40.781,1.759,-2.799416
3.582000,-0.004,-0.006779,-0.066389,3.901,6.32,-0.067606,0.008568,0.000312,-0.002102,0.004,0.005,0.001563,-0.042000,0.000000,0.003125,0.000000,-0.007693,1,2.11,2.810,-40.778,1.759,-2.799604
3.584000,-0.004,-0.006684,-0.066342,3.901,6.32,-0.067582,0.008495,0.000319,-0.002130,0.004,0.004,0.001563,-0.042000,0.000000,0.003125,0.000000,-0.007693,1,2.11,2.812,-40.775,1.759,-2.799793
3.586000,-0.004,-0.005807,-0.065904,3.901,6.32,-0.067557,0.008418,0.000322,-0.002933,0.004,0.004,0.001563,-0.042000,0.000000,0.003125,0.000000,-0.007693,1,2.11,2.813,-40.771,1.759,-2.799981
3.588000,-0.004,-0.004943,-0.065471,3.901,6.32,-0.067524,0.008336,0.000324,-0.003717,0.004,0.003,0.001563,-0.042000,0.000000,0.003125,0.000000,-0.007693,1,2.11,2.814,-40.768,1.759,-2.800172
3.590000,-0.004,-0.004415,-0.065207,3.901,6.32,-0.067483,0.008249,0.000332,-0.004165,0.004,0.003,0.001563,-0.042000,0.000000,0.003125,0.000000,-0.007693,1,2.11,2.815,-40.765,1.759,-2.800363
3.592000,-0.004,-0.004261,-0.065131,3.901,6.32,-0.067437,0.008157,0.000337,-0.004234,0.004,0.003,0.001563,-0.042000,0.000000,0.003125,0.000000,-0.007693,1,2.11,2.816,-40.761,1.759,-2.800555
3.594000,-0.004,-0.003058,-0.064529,3.901,6.32,-0.067391,0.008063,0.000340,-0.005345,0.004,0.002,0.001563,-0.042000,0.000000,0.003125,0.000000,-0.007693,1,2.11,2.817,-40.758,1.759,-2.800748
3.596000,-0.004,-0.003162,-0.064581,3.901,6.32,-0.067334,0.007963,0.000345,-0.005145,0.004,0.002,0.001563,-0.042000,0.000000,0.003125,0.000000,-0.007693,1,2.11,2.818,-40.755,1.759,-2.800942
3.598000,-0.004,-0.004163,-0.065081,3.901,6.32,-0.067279,0.007860,0.000352,-0.004049,0.004,0.003,0.001563,-0.042000,0.000000,0.003125,0.000000,-0.007693,1,2.11,2.819,-40.751,1.759,-2.801136
3.600000,-0.004,-0.007778,-0.066889,3.901,6.32,-0.067235,0.007756,0.000000,0.000022,0.000,0.005,0.001563,-0.042000,0.000000,0.003125,0.000000,-0.007693,1,2.11,2.820,-40.748,1.759,-2.801327
3.602000,-0.004,-0.006950,-0.066475,3.901,6.32,-0.067228,0.007655,0.000005,-0.000711,0.000,0.005,0.001563,-0.042000,0.000000,0.003125,0.000000,-0.007693,1,2.11,2.821,-40.745,1.759,-2.801512
3.604000,-0.004,-0.005819,-0.065909,3.901,6.32,-0.067213,0.007550,0.000009,-0.001741,0.000,0.004,0.001563,-0.042000,0.000000,0.003125,0.000000,-0.007693,1,2.11,2.823,-40.741,1.759,-2.801698
3.606000,-0.004,-0.004743,-0.065371,3.901,6.32,-0.067187,0.007440,0.000013,-0.002711,0.000,0.003,0.001563,-0.042000,0.000000,0.003125,0.000000,-0.007693,1,2.11,2.824,-40.738,1.759,-2.801886
3.608000,-0.004,-0.003974,-0.064987,3.901,6.32,-0.067150,0.007325,0.000020,-0.003370,0.004,0.003,0.001563,-0.042000,0.000000,0.003125,0.000000,-0.007693,1,2.11,2.825,-40.735,1.759,-2.802075
3.610000,-0.004,-0.002590,-0.064295,3.901,6.32,-0.067107,0.007205,0.000023,-0.004638,0.004,0.002,0.001563,-0.042000,0.000000,0.003125,0.000000,-0.007693,1,2.11,2.826,-40.731,1.759,-2.802266
3.612000,-0.004,-0.000334,-0.063167,3.901,6.32,-0.067051,0.007079,0.000025,-0.006770,0.004,0.000,0.001563,-0.042000,0.000000,0.003125,0.000000,-0.007693,1,2.11,2.827,-40.728,1.759,-2.802459
3.614000,-0.003,-0.000261,-0.063130,3.901,6.32,-0.066973,0.006947,0.000029,-0.006716,0.004,0.000,0.001563,-0.042000,0.000000,0.003125,0.000000,-0.007693,1,2.11,2.828,-40.725,1.759,-2.802656
3.616000,-0.003,-0.000001,-0.063000,3.901,6.32,-0.066896,0.006812,0.000034,-0.006845,0.004,0.000,0.001563,-0.042000,0.000000,0.003125,0.000000,-0.007693,1,2.11,2.829,-40.721,1.759,-2.802853
3.618000,-0.003,0.001031,-0.062485,3.901,6.32,-0.066818,0.006673,0.000037,-0.007741,0.004,0.001,0.001563,-0.042000,0.000000,0.003125,0.000000,-0.007693,1,2.11,2.830,-40.718,1.759,-2.803050
3.620000,-0.003,0.001049,-0.062475,3.901,6.32,-0.066732,0.006530,0.000041,-0.007620,0.004,0.001,0.001563,-0.042000,0.000000,0.003125,0.000000,-0.007693,1,2.11,2.831,-40.715,1.759,-2.803248
3.622000,-0.003,0.000061,-0.062970,3.901,6.32,-0.066647,0.006385,0.000043,-0.006489,0.003,0.000,0.001563,-0.042000,0.000000,0.003125,0.000000,-0.007693,1,2.11,2.832,-40.711,1.759,-2.803445
3.624000,-0.003,0.000757,-0.062621,3.901,6.32,-0.066573,0.006238,0.000046,-0.007042,0.003,0.001,0.001563,-0.042000,0.000000,0.003125,0.000000,-0.007693,1,2.11,2.834,-40.708,1.759,-2.803640
3.626000,-0.003,0.001289,-0.062356,3.901,6.32,-0.066494,0.006088,0.000050,-0.007427,0.003,0.001,0.001563,-0.042000,0.000000,0.003125,0.000000,-0.007693,1,2.11,2.835,-40.705,1.759,-2.803836
3.628000,-0.003,0.002941,-0.061529,3.901,6.32,-0.066411,0.005935,0.000051,-0.008927,0.003,0.002,0.001563,-0.042000,0.000000,0.003125,0.000000,-0.007693,1,2.11,2.836,-40.701,1.759,-2.804033
3.630000,-0.003,0.003041,-0.061479,3.901,6.32,-0.066314,0.005776,0.000055,-0.008873,0.003,0.002,0.001563,-0.042000,0.000000,0.003125,0.000000,-0.007693,1,2.11,2.837,-40.698,1.759,-2.804231
3.632000,-0.003,0.001555,-0.062222,3.901,6.32,-0.066217,0.005615,0.000092,-0.007262,0.003,0.001,0.001563,-0.042000,0.000000,0.003125,0.000000,-0.007693,1,2.11,2.838,-40.694,1.759,-2.804430
3.634000,-0.003,0.001486,-0.062257,3.901,6.32,-0.066137,0.005454,0.000096,-0.007036,0.003,0.001,0.001563,-0.042000,0.000000,0.003125,0.000000,-0.007693,1,2.11,2.839,-40.691,1.759,-2.804625
3.636000,-0.003,0.001183,-0.062408,3.901,6.32,-0.066059,0.005291,0.000100,-0.006574,0.003,0.001,0.001563,-0.042000,0.000000,0.003125,0.000000,-0.007693,1,2.11,2.840,-40.688,1.759,-2.804820
3.638000,-0.003,-0.000601,-0.063301,3.901,6.32,-0.065986,0.005126,0.000104,-0.004629,0.003,0.000,0.001563,-0.042000,0.000000,0.003125,0.000000,-0.007693,1,2.11,2.841,-40.684,1.759,-2.805013
3.640000,-0.002,-0.000941,-0.045470,4.021,6.32,-0.065932,0.004963,0.000111,-0.004132,0.003,0.001,0.000000,-0.030000,0.000000,0.000000,0.000000,-0.000000,1,2.11,2.842,-40.681,1.759,-2.805203
3.642000,-0.002,0.001455,-0.044273,4.021,6.36,-0.065632,0.004788,0.000112,-0.006355,0.003,0.001,0.000000,-0.030000,0.000000,0.000000,0.000000,-0.000000,1,2.11,2.843,-40.678,1.765,-2.805451
3.644000,-0.002,0.001833,-0.044083,4.021,6.39,-0.065205,0.004584,0.000116,-0.006532,0.003,0.001,0.000000,-0.030000,0.000000,0.000000,0.000000,-0.000000,1,2.11,2.845,-40.674,1.773,-2.805718
3.646000,-0.002,0.003020,-0.043490,4.021,6.41,-0.064783,0.004370,0.000118,-0.007508,0.003,0.002,0.000000,-0.030000,0.000000,0.000000,0.000000,-0.000000,1,2.11,2.846,-40.671,1.781,-2.805983
3.648000,-0.002,0.003127,-0.043437,4.021,6.43,-0.064357,0.004147,0.000123,-0.007397,0.002,0.002,0.000000,-0.030000,0.000000,0.000000,0.000000,-0.000000,1,2.11,2.847,-40.668,1.790,-2.806245
3.650000,-0.002,0.005656,-0.042172,4.021,6.45,-0.063939,0.003914,0.000124,-0.009695,0.002,0.004,0.000000,-0.030000,0.000000,0.000000,0.000000,-0.000000,1,2.11,2.848,-40.664,1.796,-2.806504
3.652000,-0.002,0.005836,-0.042082,4.021,6.46,-0.063503,0.003669,0.000126,-0.009631,0.002,0.004,0.000000,-0.030000,0.000000,0.000000,0.000000,-0.000000,1,2.11,2.849,-40.661,1.801,-2.806765
3.654000,-0.002,0.009293,-0.040353,4.021,6.47,-0.063075,0.003417,0.000127,-0.012837,0.002,0.006,0.000000,-0.030000,0.000000,0.000000,0.000000,-0.000000,1,2.11,2.850,-40.657,1.805,-2.807024
3.656000,-0.002,0.009560,-0.040220,4.021,6.48,-0.062621,0.003154,0.000129,-0.012842,0.002,0.006,0.000000,-0.030000,0.000000,0.000000,0.000000,-0.000000,1,2.11,2.851,-40.654,1.808,-2.807286
3.658000,-0.001,0.010678,-0.039661,4.021,6.49,-0.062173,0.002887,0.000131,-0.013697,0.002,0.007,0.000000,-0.030000,0.000000,0.000000,0.000000,-0.000000,1,2.11,2.852,-40.650,1.810,-2.807547
3.660000,-0.001,0.009633,-0.040183,4.021,6.49,-0.061723,0.002616,0.000134,-0.012383,0.002,0.006,0.000000,-0.030000,0.000000,0.000000,0.000000,-0.000000,1,2.11,2.853,-40.647,1.812,-2.807806
3.662000,-0.001,0.011613,-0.039193,4.021,6.50,-0.061292,0.002347,0.000134,-0.014095,0.002,0.008,0.000000,-0.030000,0.000000,0.000000,0.000000,-0.000000,1,2.11,2.855,-40.644,1.812,-2.808060
3.664000,-0.001,0.008872,-0.040564,4.021,6.50,-0.060850,0.002075,0.000136,-0.011082,0.002,0.006,0.000000,-0.030000,0.000000,0.000000,0.000000,-0.000000,1,2.11,2.856,-40.640,1.813,-2.808315
3.666000,-0.001,0.009713,-0.040144,4.021,6.50,-0.060444,0.001810,0.000137,-0.011659,0.001,0.006,0.000000,-0.030000,0.000000,0.000000,0.000000,-0.000000,1,2.11,2.857,-40.637,1.813,-2.808563
3.668000,-0.001,0.014457,-0.037772,4.021,6.51,-0.060038,0.001544,0.000137,-0.016138,0.001,0.010,0.000000,-0.030000,0.000000,0.000000,0.000000,-0.000000,1,2.11,2.858,-40.633,1.813,-2.808808
3.670000,-0.001,0.015165,-0.037418,4.021,6.51,-0.059593,0.001273,0.000138,-0.016576,0.001,0.010,0.000000,-0.030000,0.000000,0.000000,0.000000,-0.000000,1,2.11,2.859,-40.630,1.812,-2.809058
3.672000,-0.001,0.013796,-0.038102,4.021,6.51,-0.059149,0.001002,0.000139,-0.014937,0.001,0.009,0.000000,-0.030000,0.000000,0.000000,0.000000,-0.000000,1,2.11,2.860,-40.626,1.811,-2.809306
3.674000,-0.000,0.015307,-0.037346,4.021,6.51,-0.058729,0.000737,0.000139,-0.016183,0.001,0.010,0.000000,-0.030000,0.000000,0.000000,0.000000,-0.000000,1,2.11,2.861,-40.623,1.810,-2.809550
3.676000,-0.000,0.015170,-0.037415,4.021,6.51,-0.058301,0.000471,0.000139,-0.015781,0.001,0.010,0.000000,-0.030000,0.000000,0.000000,0.000000,-0.000000,1,2.11,2.862,-40.619,1.809,-2.809793
3.678000,-0.000,0.012447,-0.038777,4.021,6.51,-0.057883,0.000209,0.000139,-0.012795,0.001,0.008,0.000000,-0.030000,0.000000,0.000000,0.000000,-0.000000,1,2.11,2.864,-40.616,1.809,-2.810032
3.680000,0.000,0.013522,-0.038239,4.021,6.51,-0.057501,-0.000046,0.000139,-0.013615,0.001,0.009,0.000000,-0.030000,0.000000,0.000000,0.000000,-0.000000,1,2.11,2.865,-40.613,1.808,-2.810265
3.682000,0.000,0.011626,-0.039187,4.021,6.51,-0.057116,-0.000301,0.000137,-0.011462,0.000,0.008,0.000000,-0.030000,0.000000,0.000000,0.000000,-0.000000,1,2.11,2.866,-40.609,1.807,-2.810496
3.684000,0.000,0.011407,-0.039296,4.021,6.51,-0.056757,-0.000550,0.000137,-0.010995,0.000,0.008,0.000000,-0.030000,0.000000,0.000000,0.000000,-0.000000,1,2.11,2.867,-40.606,1.807,-2.810722
3.686000,0.000,0.013691,-0.038154,4.021,6.51,-0.056408,-0.000796,0.000137,-0.013032,0.000,0.009,0.000000,-0.030000,0.000000,0.000000,0.000000,-0.000000,1,2.11,2.868,-40.602,1.806,-2.810945
3.688000,0.001,0.011711,-0.039144,4.021,6.51,-0.056043,-0.001045,0.000136,-0.010802,-0.000,0.008,0.000000,-0.030000,0.000000,0.000000,0.000000,-0.000000,1,2.11,2.869,-40.599,1.806,-2.811170
3.690000,0.001,0.011191,-0.039404,4.021,6.51,-0.055705,-0.001288,0.000135,-0.010038,-0.000,0.007,0.000000,-0.030000,0.000000,0.000000,0.000000,-0.000000,1,2.11,2.870,-40.595,1.805,-2.811388
3.692000,0.001,0.015888,-0.037056,4.021,6.51,-0.055379,-0.001529,0.000135,-0.014493,-0.000,0.011,0.000000,-0.030000,0.000000,0.000000,0.000000,-0.000000,1,2.11,2.871,-40.592,1.805,-2.811604
3.694000,0.001,0.015095,-0.037453,4.021,6.51,-0.055013,-0.001778,0.000133,-0.013450,-0.000,0.010,0.000000,-0.030000,0.000000,0.000000,0.000000,-0.000000,1,2.11,2.872,-40.588,1.805,-2.811826
3.696000,0.001,0.014031,-0.037984,4.021,6.51,-0.054662,-0.002024,0.000132,-0.012139,-0.001,0.009,0.000000,-0.030000,0.000000,0.000000,0.000000,-0.000000,1,2.11,2.874,-40.585,1.805,-2.812044
3.698000,0.001,0.014651,-0.037674,4.021,6.51,-0.054328,-0.002266,0.000130,-0.012515,-0.001,0.010,0.000000,-0.030000,0.000000,0.000000,0.000000,-0.000000,1,2.11,2.875,-40.582,1.805,-2.812259
3.700000,0.001,0.002515,-0.043742,4.021,6.51,-0.053995,-0.002508,0.000000,-0.000007,0.000,0.002,-0.004688,-0.030000,0.000000,-0.009375,0.000000,0.023078,1,2.11,2.876,-40.578,1.805,-2.812472
3.702000,0.001,0.004098,-0.042951,4.021,6.51,-0.053790,-0.002726,-0.000002,-0.001370,0.000,0.003,-0.004688,-0.030000,0.000000,-0.009375,0.000000,0.023078,1,2.11,2.877,-40.575,1.805,-2.812661
3.704000,0.001,0.005109,-0.042446,4.021,6.51,-0.053573,-0.002945,-0.000006,-0.002158,0.000,0.003,-0.004688,-0.030000,0.000000,-0.009375,0.000000,0.023078,1,2.11,2.878,-40.571,1.805,-2.812851
3.706000,0.002,0.008463,-0.040768,4.021,6.51,-0.053351,-0.003165,-0.000007,-0.005291,0.000,0.006,-0.004688,-0.030000,0.000000,-0.009375,0.000000,0.023078,1,2.11,2.879,-40.568,1.806,-2.813042
3.708000,0.002,0.011870,-0.039065,4.021,6.51,-0.053099,-0.003392,-0.000009,-0.008469,-0.001,0.008,-0.004688,-0.030000,0.000000,-0.009375,0.000000,0.023078,1,2.11,2.880,-40.564,1.806,-2.813237
3.710000,0.002,0.014594,-0.037703,4.021,6.51,-0.052818,-0.003624,-0.000010,-0.010959,-0.001,0.010,-0.004688,-0.030000,0.000000,-0.009375,0.000000,0.023078,1,2.11,2.881,-40.561,1.806,-2.813437
3.712000,0.002,0.014872,-0.037564,4.021,6.51,-0.052516,-0.003862,-0.000014,-0.010997,-0.001,0.010,-0.004688,-0.030000,0.000000,-0.009375,0.000000,0.023078,1,2.11,2.882,-40.558,1.806,-2.813639
3.714000,0.002,0.015605,-0.037197,4.021,6.51,-0.052217,-0.004098,-0.000017,-0.011490,-0.002,0.010,-0.004688,-0.030000,0.000000,-0.009375,0.000000,0.023078,1,2.11,2.884,-40.554,1.806,-2.813841
3.716000,0.002,0.013671,-0.038164,4.021,6.51,-0.051917,-0.004334,-0.000023,-0.009314,-0.002,0.009,-0.004688,-0.030000,0.000000,-0.009375,0.000000,0.023078,1,2.11,2.885,-40.551,1.806,-2.814043
3.718000,0.002,0.014736,-0.037632,4.021,6.51,-0.051642,-0.004566,-0.000024,-0.010146,-0.002,0.010,-0.004688,-0.030000,0.000000,-0.009375,0.000000,0.023078,1,2.11,2.886,-40.547,1.806,-2.814238
3.720000,0.002,0.013594,-0.038203,4.021,6.51,-0.051362,-0.004797,-0.000029,-0.008768,-0.002,0.009,-0.004688,-0.030000,0.000000,-0.009375,0.000000,0.023078,1,2.11,2.887,-40.544,1.806,-2.814434
3.722000,0.003,0.013920,-0.038040,4.021,6.51,-0.051098,-0.005025,-0.000033,-0.008862,-0.002,0.009,-0.004688,-0.030000,0.000000,-0.009375,0.000000,0.023078,1,2.11,2.888,-40.540,1.806,-2.814626
3.724000,0.003,0.017972,-0.036014,4.021,6.51,-0.050837,-0.005252,-0.000034,-0.012686,-0.002,0.012,-0.004688,-0.030000,0.000000,-0.009375,0.000000,0.023078,1,2.11,2.889,-40.537,1.806,-2.814817
3.726000,0.003,0.021455,-0.034273,4.021,6.51,-0.050541,-0.005486,-0.000035,-0.015933,-0.002,0.014,-0.004688,-0.030000,0.000000,-0.009375,0.000000,0.023078,1,2.11,2.890,-40.534,1.806,-2.815013
3.728000,0.003,0.019189,-0.035405,4.021,6.51,-0.050216,-0.005725,-0.000040,-0.013425,-0.002,0.013,-0.004688,-0.030000,0.000000,-0.009375,0.000000,0.023078,1,2.11,2.891,-40.530,1.806,-2.815214
3.730000,0.003,0.022021,-0.033990,4.021,6.51,-0.049919,-0.005957,-0.000042,-0.016022,-0.003,0.015,-0.004688,-0.030000,0.000000,-0.009375,0.000000,0.023078,1,2.11,2.893,-40.527,1.806,-2.815409
3.732000,0.003,0.023272,-0.033364,4.021,6.51,-0.049601,-0.006193,-0.000045,-0.017035,-0.003,0.016,-0.004688,-0.030000,0.000000,-0.009375,0.000000,0.023078,1,2.11,2.894,-40.523,1.806,-2.815607
3.734000,0.003,0.018631,-0.035685,4.021,6.51,-0.049276,-0.006429,-0.000086,-0.012116,-0.003,0.012,-0.004688,-0.030000,0.000000,-0.009375,0.000000,0.023078,1,2.11,2.895,-40.520,1.806,-2.815805
3.736000,0.003,0.015477,-0.037262,4.021,6.51,-0.049004,-0.006654,-0.000095,-0.008728,-0.003,0.010,-0.004688,-0.030000,0.000000,-0.009375,0.000000,0.023078,1,2.11,2.896,-40.516,1.806,-2.815993
3.738000,0.003,0.017624,-0.036188,4.021,6.51,-0.048769,-0.006870,-0.000097,-0.010657,-0.003,0.012,-0.004688,-0.030000,0.000000,-0.009375,0.000000,0.023078,1,2.11,2.897,-40.513,1.806,-2.816174
3.740000,0.004,0.015662,-0.037169,4.021,6.51,-0.048518,-0.007088,-0.000102,-0.008472,-0.003,0.010,-0.007812,-0.030000,0.000000,-0.015625,0.000000,0.038463,1,2.12,2.898,-40.509,1.806,-2.816356
3.742000,0.004,0.014685,-0.037657,4.021,6.51,-0.048291,-0.007301,-0.000108,-0.007277,-0.003,0.010,-0.007812,-0.030000,0.000000,-0.015625,0.000000,0.038463,1,2.12,2.899,-40.506,1.806,-2.816533
3.744000,0.004,0.015567,-0.037217,4.021,6.51,-0.048078,-0.007510,-0.000117,-0.007940,-0.003,0.010,-0.007812,-0.030000,0.000000,-0.015625,0.000000,0.038463,1,2.12,2.900,-40.503,1.807,-2.816707
3.746000,0.004,0.018075,-0.035963,4.021,6.51,-0.047861,-0.007718,-0.000120,-0.010237,-0.003,0.012,-0.007812,-0.030000,0.000000,-0.015625,0.000000,0.038463,1,2.12,2.901,-40.499,1.807,-2.816881
3.748000,0.004,0.016901,-0.036549,4.021,6.51,-0.047623,-0.007930,-0.000124,-0.008847,-0.004,0.011,-0.007812,-0.030000,0.000000,-0.015625,0.000000,0.038463,1,2.12,2.903,-40.496,1.807,-2.817058
3.750000,0.004,0.020328,-0.034836,4.021,6.51,-0.047402,-0.008138,-0.000126,-0.012065,-0.004,0.014,-0.007812,-0.030000,0.000000,-0.015625,0.000000,0.038463,1,2.12,2.904,-40.492,1.807,-2.817232
3.752000,0.004,0.020071,-0.034965,4.021,6.51,-0.047150,-0.008350,-0.000136,-0.011585,-0.004,0.013,-0.007812,-0.030000,0.000000,-0.015625,0.000000,0.038463,1,2.12,2.905,-40.489,1.807,-2.817410
3.754000,0.004,0.021353,-0.034323,4.021,6.51,-0.046907,-0.008559,-0.000141,-0.012653,-0.004,0.014,-0.007812,-0.030000,0.000000,-0.015625,0.000000,0.038463,1,2.12,2.906,-40.485,1.807,-2.817587
3.756000,0.004,0.019658,-0.035171,4.021,6.51,-0.046655,-0.008769,-0.000149,-0.010740,-0.004,0.013,-0.007812,-0.030000,0.000000,-0.015625,0.000000,0.038463,1,2.12,2.907,-40.482,1.807,-2.817764
3.758000,0.004,0.020702,-0.034649,4.021,6.51,-0.046425,-0.008974,-0.000152,-0.011576,-0.004,0.014,-0.007812,-0.030000,0.000000,-0.015625,0.000000,0.038463,1,2.12,2.908,-40.479,1.807,-2.817937
3.760000,0.005,0.017569,-0.036215,4.021,6.51,-0.046190,-0.009178,-0.000158,-0.008233,-0.004,0.012,-0.007812,-0.030000,0.000000,-0.015625,0.000000,0.038463,1,2.12,2.909,-40.475,1.807,-2.818110
3.762000,0.005,0.018814,-0.035593,4.021,6.51,-0.045990,-0.009373,-0.000163,-0.009278,-0.004,0.013,-0.007812,-0.030000,0.000000,-0.015625,0.000000,0.038463,1,2.12,2.910,-40.472,1.807,-2.818276
3.764000,0.005,0.018890,-0.035555,4.021,6.51,-0.045782,-0.009569,-0.000169,-0.009153,-0.004,0.013,-0.007812,-0.030000,0.000000,-0.015625,0.000000,0.038463,1,2.12,2.911,-40.468,1.807,-2.818442
3.766000,0.005,0.020236,-0.034882,4.021,6.51,-0.045578,-0.009762,-0.000173,-0.010302,-0.004,0.013,-0.007812,-0.030000,0.000000,-0.015625,0.000000,0.038463,1,2.12,2.912,-40.465,1.807,-2.818608
3.768000,0.005,0.018737,-0.035631,4.021,6.51,-0.045364,-0.009956,-0.000181,-0.008601,-0.005,0.012,-0.007812,-0.030000,0.000000,-0.015625,0.000000,0.038463,1,2.12,2.914,-40.461,1.807,-2.818774
3.770000,0.005,0.018726,-0.035637,4.021,6.51,-0.045169,-0.010144,-0.000189,-0.008393,-0.005,0.012,-0.007812,-0.030000,0.000000,-0.015625,0.000000,0.038463,1,2.12,2.915,-40.458,1.807,-2.818937
3.772000,0.005,0.020501,-0.034749,4.021,6.51,-0.044979,-0.010331,-0.000192,-0.009979,-0.005,0.014,-0.007812,-0.030000,0.000000,-0.015625,0.000000,0.038463,1,2.12,2.916,-40.454,1.807,-2.819098
3.774000,0.005,0.022502,-0.033749,4.021,6.51,-0.044774,-0.010518,-0.000194,-0.011790,-0.005,0.015,-0.007812,-0.030000,0.000000,-0.015625,0.000000,0.038463,1,2.12,2.917,-40.451,1.807,-2.819261
3.776000,0.005,0.021551,-0.034224,4.021,6.51,-0.044554,-0.010707,-0.000203,-0.010642,-0.005,0.014,-0.007812,-0.030000,0.000000,-0.015625,0.000000,0.038463,1,2.12,2.918,-40.448,1.807,-2.819426
3.778000,0.005,0.023641,-0.033180,4.021,6.51,-0.044347,-0.010892,-0.000206,-0.012543,-0.005,0.016,-0.007812,-0.030000,0.000000,-0.015625,0.000000,0.038463,1,2.12,2.919,-40.444,1.807,-2.819589
3.780000,0.006,0.023683,-0.033158,4.021,6.51,-0.044124,-0.011078,-0.000216,-0.012390,-0.005,0.016,-0.007812,-0.030000,0.000000,-0.015625,0.000000,0.038463,1,2.12,2.920,-40.441,1.807,-2.819753
3.782000,0.006,0.023668,-0.033166,4.021,6.51,-0.043904,-0.011261,-0.000219,-0.012187,-0.005,0.016,-0.007812,-0.030000,0.000000,-0.015625,0.000000,0.038463,1,2.12,2.921,-40.437,1.807,-2.819917
3.784000,0.006,0.021292,-0.034354,4.021,6.51,-0.043690,-0.011442,-0.000229,-0.009621,-0.005,0.014,-0.007812,-0.030000,0.000000,-0.015625,0.000000,0.038463,1,2.12,2.922,-40.434,1.807,-2.820079
3.786000,0.006,0.020475,-0.034762,4.021,6.51,-0.043503,-0.011616,-0.000303,-0.008556,-0.005,0.014,-0.007812,-0.030000,0.000000,-0.015625,0.000000,0.038463,1,2.12,2.924,-40.430,1.807,-2.820235
3.788000,0.006,0.018456,-0.035772,4.021,6.51,-0.043328,-0.011785,-0.000314,-0.006357,-0.006,0.012,-0.007812,-0.030000,0.000000,-0.015625,0.000000,0.038463,1,2.12,2.925,-40.427,1.807,-2.820389
3.790000,0.006,0.018590,-0.035705,4.021,6.51,-0.043177,-0.011947,-0.000324,-0.006319,-0.006,0.012,-0.007812,-0.030000,0.000000,-0.015625,0.000000,0.038463,1,2.12,2.926,-40.423,1.807,-2.820538
3.792000,0.006,0.016583,-0.036709,4.021,6.51,-0.043028,-0.012107,-0.000333,-0.004143,-0.006,0.011,-0.007812,-0.030000,0.000000,-0.015625,0.000000,0.038463,1,2.12,2.927,-40.420,1.807,-2.820686
3.794000,0.006,0.016751,-0.036625,4.021,6.51,-0.042901,-0.012260,-0.000342,-0.004149,-0.006,0.011,-0.007812,-0.030000,0.000000,-0.015625,0.000000,0.038463,1,2.12,2.928,-40.417,1.807,-2.820829
3.796000,0.006,0.020217,-0.034892,4.021,6.51,-0.042776,-0.012411,-0.000345,-0.007461,-0.006,0.013,-0.007812,-0.030000,0.000000,-0.015625,0.000000,0.038463,1,2.12,2.929,-40.413,1.807,-2.820971
3.798000,0.006,0.020473,-0.034764,4.021,6.51,-0.042618,-0.012567,-0.000355,-0.007550,-0.006,0.014,-0.007812,-0.030000,0.000000,-0.015625,0.000000,0.038463,1,2.12,2.930,-40.410,1.807,-2.821120
3.800000,0.006,0.012757,-0.038622,4.021,6.51,-0.042461,-0.012722,0.000000,-0.000035,0.000,0.009,-0.010937,-0.030000,0.000000,-0.021875,0.000000,0.053848,1,2.12,2.931,-40.406,1.807,-2.821267
3.802000,0.006,0.013557,-0.038222,4.021,6.51,-0.042384,-0.012858,-0.000013,-0.000685,0.000,0.009,-0.010937,-0.030000,0.000000,-0.021875,0.000000,0.053848,1,2.12,2.932,-40.403,1.807,-2.821401
3.804000,0.006,0.015184,-0.037408,4.021,6.51,-0.042301,-0.012993,-0.000019,-0.002172,0.000,0.010,-0.010937,-0.030000,0.000000,-0.021875,0.000000,0.053848,1,2.12,2.933,-40.399,1.807,-2.821534
3.806000,0.007,0.016163,-0.036919,4.021,6.51,-0.042203,-0.013129,-0.000030,-0.003004,0.000,0.011,-0.010937,-0.030000,0.000000,-0.021875,0.000000,0.053848,1,2.12,2.935,-40.396,1.807,-2.821670
3.808000,0.007,0.016797,-0.036601,4.021,6.51,-0.042097,-0.013265,-0.000049,-0.003484,-0.006,0.011,-0.010937,-0.030000,0.000000,-0.021875,0.000000,0.053848,1,2.12,2.936,-40.393,1.807,-2.821807
3.810000,0.007,0.018878,-0.035561,4.021,6.51,-0.041987,-0.013400,-0.000053,-0.005425,-0.006,0.013,-0.010937,-0.030000,0.000000,-0.021875,0.000000,0.053848,1,2.12,2.937,-40.389,1.807,-2.821944
3.812000,0.007,0.021459,-0.034270,4.021,6.51,-0.041859,-0.013536,-0.000056,-0.007866,-0.006,0.014,-0.010937,-0.030000,0.000000,-0.021875,0.000000,0.053848,1,2.12,2.938,-40.386,1.807,-2.822085
3.814000,0.007,0.020986,-0.034507,4.021,6.51,-0.041707,-0.013676,-0.000067,-0.007243,-0.007,0.014,-0.010937,-0.030000,0.000000,-0.021875,0.000000,0.053848,1,2.12,2.939,-40.382,1.807,-2.822230
3.816000,0.007,0.021090,-0.034455,4.021,6.51,-0.041563,-0.013812,-0.000079,-0.007198,-0.007,0.014,-0.010937,-0.030000,0.000000,-0.021875,0.000000,0.053848,1,2.12,2.940,-40.379,1.807,-2.822373
3.818000,0.007,0.022684,-0.033658,4.021,6.51,-0.041421,-0.013945,-0.000084,-0.008654,-0.007,0.015,-0.010937,-0.030000,0.000000,-0.021875,0.000000,0.053848,1,2.12,2.941,-40.375,1.807,-2.822515
3.820000,0.007,0.021598,-0.034201,4.021,6.51,-0.041266,-0.014079,-0.000097,-0.007422,-0.007,0.014,-0.010937,-0.030000,0.000000,-0.021875,0.000000,0.053848,1,2.12,2.942,-40.372,1.807,-2.822659
3.822000,0.007,0.020534,-0.034733,4.021,6.51,-0.041124,-0.014208,-0.000102,-0.006225,-0.007,0.014,-0.010937,-0.030000,0.000000,-0.021875,0.000000,0.053848,1,2.12,2.943,-40.368,1.807,-2.822800
3.824000,0.007,0.021364,-0.034318,4.021,6.51,-0.040997,-0.014331,-0.000107,-0.006926,-0.007,0.014,-0.010937,-0.030000,0.000000,-0.021875,0.000000,0.053848,1,2.12,2.944,-40.365,1.807,-2.822939
3.826000,0.007,0.021756,-0.034122,4.021,6.51,-0.040863,-0.014454,-0.000116,-0.007187,-0.007,0.015,-0.010937,-0.030000,0.000000,-0.021875,0.000000,0.053848,1,2.12,2.945,-40.361,1.807,-2.823078
3.828000,0.007,0.020481,-0.034759,4.021,6.51,-0.040728,-0.014574,-0.000133,-0.005774,-0.007,0.014,-0.010937,-0.030000,0.000000,-0.021875,0.000000,0.053848,1,2.12,2.947,-40.358,1.807,-2.823216
3.830000,0.007,0.020694,-0.034653,4.021,6.51,-0.040609,-0.014689,-0.000143,-0.005862,-0.007,0.014,-0.010937,-0.030000,0.000000,-0.021875,0.000000,0.053848,1,2.12,2.948,-40.355,1.807,-2.823352
3.832000,0.007,0.020262,-0.034869,4.021,6.51,-0.040490,-0.014801,-0.000149,-0.005311,-0.007,0.014,-0.010937,-0.030000,0.000000,-0.021875,0.000000,0.053848,1,2.12,2.949,-40.351,1.807,-2.823488
3.834000,0.007,0.021140,-0.034430,4.021,6.51,-0.040377,-0.014910,-0.000152,-0.006077,-0.007,0.014,-0.010937,-0.030000,0.000000,-0.021875,0.000000,0.053848,1,2.12,2.950,-40.348,1.807,-2.823621
3.836000,0.008,0.021062,-0.034469,4.021,6.51,-0.040258,-0.015018,-0.000162,-0.005882,-0.007,0.014,-0.010937,-0.030000,0.000000,-0.021875,0.000000,0.053848,1,2.12,2.951,-40.344,1.807,-2.823756
3.838000,0.008,0.020821,-0.034589,4.021,6.51,-0.040142,-0.015123,-0.000256,-0.005442,-0.007,0.014,-0.010937,-0.030000,0.000000,-0.021875,0.000000,0.053848,1,2.12,2.952,-40.341,1.807,-2.823889
3.840000,0.008,0.020478,-0.034761,4.021,6.51,-0.040031,-0.015224,-0.000278,-0.004976,-0.007,0.014,-0.014062,-0.030000,0.000000,-0.028125,0.000000,0.069233,1,2.12,2.953,-40.337,1.807,-2.824022
3.842000,0.008,0.020355,-0.034823,4.021,6.51,-0.039926,-0.015322,-0.000284,-0.004749,-0.007,0.014,-0.014062,-0.030000,0.000000,-0.028125,0.000000,0.069233,1,2.12,2.954,-40.334,1.807,-2.824153
3.844000,0.008,0.019917,-0.035041,4.021,6.51,-0.039824,-0.015417,-0.000288,-0.004212,-0.008,0.013,-0.014062,-0.030000,0.000000,-0.028125,0.000000,0.069233,1,2.12,2.955,-40.330,1.807,-2.824283
3.846000,0.008,0.019676,-0.035162,4.021,6.51,-0.039728,-0.015508,-0.000302,-0.003866,-0.008,0.013,-0.014062,-0.030000,0.000000,-0.028125,0.000000,0.069233,1,2.12,2.956,-40.327,1.807,-2.824412
3.848000,0.008,0.020278,-0.034861,4.021,6.51,-0.039637,-0.015595,-0.000314,-0.004369,-0.008,0.014,-0.014062,-0.030000,0.000000,-0.028125,0.000000,0.069233,1,2.12,2.957,-40.324,1.807,-2.824540
3.850000,0.008,0.020530,-0.034735,4.021,6.51,-0.039541,-0.015682,-0.000327,-0.004521,-0.008,0.014,-0.014062,-0.030000,0.000000,-0.028125,0.000000,0.069233,1,2.12,2.958,-40.320,1.807,-2.824668
3.852000,0.008,0.019836,-0.035082,4.021,6.51,-0.039445,-0.015766,-0.000348,-0.003723,-0.008,0.013,-0.014062,-0.030000,0.000000,-0.028125,0.000000,0.069233,1,2.12,2.960,-40.317,1.807,-2.824796
3.854000,0.008,0.019370,-0.035315,4.021,6.51,-0.039358,-0.015845,-0.000353,-0.003172,-0.008,0.013,-0.014062,-0.030000,0.000000,-0.028125,0.000000,0.069233,1,2.12,2.961,-40.313,1.807,-2.824922
3.856000,0.008,0.019803,-0.035099,4.021,6.51,-0.039277,-0.015921,-0.000360,-0.003522,-0.008,0.013,-0.014062,-0.030000,0.000000,-0.028125,0.000000,0.069233,1,2.12,2.962,-40.310,1.807,-2.825047
3.858000,0.008,0.019829,-0.035086,4.021,6.51,-0.039194,-0.015995,-0.000371,-0.003463,-0.008,0.013,-0.014062,-0.030000,0.000000,-0.028125,0.000000,0.069233,1,2.12,2.963,-40.306,1.807,-2.825172
3.860000,0.008,0.019796,-0.035102,4.021,6.51,-0.039111,-0.016066,-0.000385,-0.003345,-0.008,0.013,-0.014062,-0.030000,0.000000,-0.028125,0.000000,0.069233,1,2.12,2.964,-40.303,1.807,-2.825297
3.862000,0.008,0.020357,-0.034822,4.021,6.51,-0.039031,-0.016135,-0.000392,-0.003830,-0.008,0.014,-0.014062,-0.030000,0.000000,-0.028125,0.000000,0.069233,1,2.12,2.965,-40.299,1.807,-2.825421
3.864000,0.008,0.019591,-0.035204,4.021,6.51,-0.038947,-0.016202,-0.000406,-0.002984,-0.008,0.013,-0.014062,-0.030000,0.000000,-0.028125,0.000000,0.069233,1,2.12,2.966,-40.296,1.807,-2.825545
3.866000,0.008,0.019351,-0.035324,4.021,6.51,-0.038872,-0.016264,-0.000415,-0.002672,-0.008,0.013,-0.014062,-0.030000,0.000000,-0.028125,0.000000,0.069233,1,2.12,2.967,-40.293,1.807,-2.825668
3.868000,0.008,0.020080,-0.034960,4.021,6.51,-0.038801,-0.016323,-0.000419,-0.003338,-0.008,0.013,-0.014062,-0.030000,0.000000,-0.028125,0.000000,0.069233,1,2.12,2.968,-40.289,1.807,-2.825789
3.870000,0.008,0.020122,-0.034939,4.021,6.51,-0.038724,-0.016381,-0.000432,-0.003309,-0.008,0.013,-0.014062,-0.030000,0.000000,-0.028125,0.000000,0.069233,1,2.12,2.969,-40.286,1.807,-2.825912
3.872000,0.008,0.019968,-0.035016,4.021,6.51,-0.038649,-0.016436,-0.000440,-0.003093,-0.008,0.013,-0.014062,-0.030000,0.000000,-0.028125,0.000000,0.069233,1,2.12,2.970,-40.282,1.807,-2.826034
3.874000,0.008,0.019942,-0.035029,4.021,6.51,-0.038576,-0.016488,-0.000454,-0.003001,-0.008,0.013,-0.014062,-0.030000,0.000000,-0.028125,0.000000,0.069233,1,2.12,2.971,-40.279,1.807,-2.826155
3.876000,0.008,0.020067,-0.034967,4.021,6.51,-0.038505,-0.016537,-0.000460,-0.003070,-0.008,0.013,-0.014062,-0.030000,0.000000,-0.028125,0.000000,0.069233,1,2.12,2.972,-40.275,1.807,-2.826276
3.878000,0.008,0.019887,-0.035057,4.021,6.51,-0.038434,-0.016583,-0.000464,-0.002839,-0.008,0.013,-0.014062,-0.030000,0.000000,-0.028125,0.000000,0.069233,1,2.12,2.974,-40.272,1.807,-2.826397
3.880000,0.008,0.019854,-0.035073,4.021,6.51,-0.038367,-0.016626,-0.000477,-0.002750,-0.008,0.013,-0.014062,-0.030000,0.000000,-0.028125,0.000000,0.069233,1,2.12,2.975,-40.268,1.807,-2.826517
3.882000,0.008,0.019714,-0.035143,4.021,6.51,-0.038301,-0.016667,-0.000486,-0.002562,-0.008,0.013,-0.014062,-0.030000,0.000000,-0.028125,0.000000,0.069233,1,2.12,2.976,-40.265,1.807,-2.826636
3.884000,0.008,0.020278,-0.034861,4.021,6.51,-0.038238,-0.016704,-0.000489,-0.003085,-0.008,0.014,-0.014062,-0.030000,0.000000,-0.028125,0.000000,0.069233,1,2.12,2.977,-40.261,1.807,-2.826755
3.886000,0.008,0.019951,-0.035024,4.021,6.51,-0.038170,-0.016739,-0.000502,-0.002710,-0.008,0.013,-0.014062,-0.030000,0.000000,-0.028125,0.000000,0.069233,1,2.12,2.978,-40.258,1.807,-2.826874
3.888000,0.008,0.019355,-0.035323,4.021,6.51,-0.038107,-0.016772,-0.000510,-0.002073,-0.008,0.013,-0.014062,-0.030000,0.000000,-0.028125,0.000000,0.069233,1,2.12,2.979,-40.255,1.807,-2.826992
3.890000,0.008,0.019230,-0.035385,4.021,6.51,-0.038052,-0.016800,-0.000615,-0.001815,-0.008,0.013,-0.014062,-0.030000,0.000000,-0.028125,0.000000,0.069233,1,2.12,2.980,-40.251,1.807,-2.827109
3.892000,0.008,0.019122,-0.035439,4.021,6.51,-0.037998,-0.016825,-0.000623,-0.001674,-0.008,0.013,-0.014062,-0.030000,0.000000,-0.028125,0.000000,0.069233,1,2.12,2.981,-40.248,1.807,-2.827225
3.894000,0.008,0.018488,-0.035756,4.021,6.51,-0.037947,-0.016847,-0.000635,-0.001006,-0.008,0.012,-0.014062,-0.030000,0.000000,-0.028125,0.000000,0.069233,1,2.12,2.982,-40.244,1.807,-2.827341
3.896000,0.008,0.018386,-0.035807,4.021,6.51,-0.037903,-0.016865,-0.000650,-0.000871,-0.008,0.012,-0.014062,-0.030000,0.000000,-0.028125,0.000000,0.069233,1,2.12,2.983,-40.241,1.807,-2.827455
3.898000,0.008,0.018225,-0.035887,4.021,6.51,-0.037861,-0.016881,-0.000659,-0.000685,-0.008,0.012,-0.014062,-0.030000,0.000000,-0.028125,0.000000,0.069233,1,2.12,2.984,-40.237,1.807,-2.827569
3.900000,0.008,0.016938,-0.036531,4.021,6.51,-0.037822,-0.016893,0.000000,-0.000045,0.000,0.011,-0.015625,-0.030000,0.000000,-0.031250,0.000000,0.076926,1,2.12,2.985,-40.234,1.807,-2.827682
3.902000,0.008,0.017002,-0.036499,4.021,6.51,-0.037796,-0.016901,-0.000015,-0.000087,0.000,0.011,-0.015625,-0.030000,0.000000,-0.031250,0.000000,0.076926,1,2.12,2.986,-40.230,1.807,-2.827793
3.904000,0.008,0.017060,-0.036470,4.021,6.51,-0.037770,-0.016905,-0.000024,-0.000130,0.000,0.011,-0.015625,-0.030000,0.000000,-0.031250,0.000000,0.076926,1,2.12,2.987,-40.227,1.808,-2.827903
3.906000,0.008,0.017094,-0.036453,4.021,6.51,-0.037744,-0.016908,-0.000034,-0.000152,0.000,0.011,-0.015625,-0.030000,0.000000,-0.031250,0.000000,0.076926,1,2.12,2.988,-40.223,1.808,-2.828014
3.908000,0.008,0.017101,-0.036449,4.021,6.51,-0.037718,-0.016908,-0.000038,-0.000156,-0.008,0.011,-0.015625,-0.030000,0.000000,-0.031250,0.000000,0.076926,1,2.12,2.989,-40.220,1.808,-2.828124
3.910000,0.008,0.017049,-0.036476,4.021,6.51,-0.037693,-0.016906,-0.000049,-0.000094,-0.008,0.011,-0.015625,-0.030000,0.000000,-0.031250,0.000000,0.076926,1,2.12,2.991,-40.217,1.808,-2.828234
3.912000,0.008,0.016968,-0.036516,4.021,6.51,-0.037669,-0.016901,-0.000059,-0.000009,-0.008,0.011,-0.015625,-0.030000,0.000000,-0.031250,0.000000,0.076926,1,2.12,2.992,-40.213,1.808,-2.828344
3.914000,0.008,0.016850,-0.036575,4.021,6.51,-0.037646,-0.016894,-0.000067,0.000110,-0.008,0.011,-0.015625,-0.030000,0.000000,-0.031250,0.000000,0.076926,1,2.12,2.993,-40.210,1.808,-2.828454
3.916000,0.008,0.016750,-0.036625,4.021,6.51,-0.037624,-0.016883,-0.000078,0.000211,-0.008,0.011,-0.015625,-0.030000,0.000000,-0.031250,0.000000,0.076926,1,2.12,2.994,-40.206,1.808,-2.828563
3.918000,0.008,0.016578,-0.036711,4.021,6.51,-0.037604,-0.016871,-0.000084,0.000377,-0.008,0.011,-0.015625,-0.030000,0.000000,-0.031250,0.000000,0.076926,1,2.12,2.995,-40.203,1.808,-2.828672
3.920000,0.008,0.016448,-0.036776,4.021,6.51,-0.037586,-0.016855,-0.000093,0.000501,-0.008,0.011,-0.015625,-0.030000,0.000000,-0.031250,0.000000,0.076926,1,2.12,2.996,-40.199,1.808,-2.828781
3.922000,0.008,0.016315,-0.036842,4.021,6.51,-0.037570,-0.016837,-0.000102,0.000625,-0.008,0.011,-0.015625,-0.030000,0.000000,-0.031250,0.000000,0.076926,1,2.12,2.997,-40.196,1.808,-2.828889
3.924000,0.008,0.015938,-0.037031,4.021,6.51,-0.037556,-0.016817,-0.000106,0.000985,-0.008,0.011,-0.015625,-0.030000,0.000000,-0.031250,0.000000,0.076926,1,2.12,2.998,-40.192,1.808,-2.828997
3.926000,0.008,0.015844,-0.037078,4.021,6.51,-0.037545,-0.016793,-0.000119,0.001067,-0.008,0.011,-0.015625,-0.030000,0.000000,-0.031250,0.000000,0.076926,1,2.12,2.999,-40.189,1.808,-2.829104
3.928000,0.008,0.015752,-0.037124,4.021,6.51,-0.037536,-0.016766,-0.000128,0.001143,-0.008,0.011,-0.015625,-0.030000,0.000000,-0.031250,0.000000,0.076926,1,2.12,3.000,-40.185,1.808,-2.829211
3.930000,0.008,0.015592,-0.037204,4.021,6.51,-0.037527,-0.016738,-0.000137,0.001283,-0.008,0.010,-0.015625,-0.030000,0.000000,-0.031250,0.000000,0.076926,1,2.12,3.001,-40.182,1.808,-2.829318
3.932000,0.008,0.015047,-0.037476,4.021,6.51,-0.037521,-0.016706,-0.000141,0.001800,-0.008,0.010,-0.015625,-0.030000,0.000000,-0.031250,0.000000,0.076926,1,2.12,3.002,-40.179,1.808,-2.829424
3.934000,0.008,0.015211,-0.037394,4.021,6.51,-0.037520,-0.016671,-0.000152,0.001613,-0.008,0.010,-0.015625,-0.030000,0.000000,-0.031250,0.000000,0.076926,1,2.12,3.003,-40.175,1.808,-2.829529
3.936000,0.008,0.015070,-0.037465,4.021,6.51,-0.037518,-0.016635,-0.000163,0.001728,-0.008,0.010,-0.015625,-0.030000,0.000000,-0.031250,0.000000,0.076926,1,2.12,3.004,-40.172,1.808,-2.829635
3.938000,0.008,0.015068,-0.037466,4.021,6.51,-0.037517,-0.016595,-0.000178,0.001706,-0.008,0.010,-0.015625,-0.030000,0.000000,-0.031250,0.000000,0.076926,1,2.12,3.005,-40.168,1.808,-2.829740
3.940000,0.008,0.015376,-0.037312,4.021,6.51,-0.037516,-0.016554,-0.000281,0.001459,-0.008,0.010,-0.017188,-0.030000,0.000000,-0.034375,0.000000,0.084619,1,2.12,3.006,-40.165,1.808,-2.829845
3.942000,0.008,0.015666,-0.037167,4.021,6.51,-0.037511,-0.016510,-0.000291,0.001136,-0.008,0.010,-0.017188,-0.030000,0.000000,-0.034375,0.000000,0.084619,1,2.12,3.007,-40.161,1.808,-2.829951
3.944000,0.008,0.015636,-0.037182,4.021,6.51,-0.037505,-0.016466,-0.000306,0.001135,-0.008,0.010,-0.017188,-0.030000,0.000000,-0.034375,0.000000,0.084619,1,2.12,3.008,-40.158,1.808,-2.830057
3.946000,0.008,0.015526,-0.037237,4.021,6.51,-0.037498,-0.016418,-0.000317,0.001210,-0.008,0.010,-0.017188,-0.030000,0.000000,-0.034375,0.000000,0.084619,1,2.12,3.009,-40.154,1.808,-2.830163
3.948000,0.008,0.015417,-0.037292,4.021,6.51,-0.037493,-0.016369,-0.000331,0.001283,-0.008,0.010,-0.017188,-0.030000,0.000000,-0.034375,0.000000,0.084619,1,2.12,3.011,-40.151,1.808,-2.830270
3.950000,0.008,0.015081,-0.037459,4.021,6.51,-0.037489,-0.016316,-0.000344,0.001580,-0.008,0.010,-0.017188,-0.030000,0.000000,-0.034375,0.000000,0.084619,1,2.12,3.012,-40.147,1.808,-2.830375
3.952000,0.008,0.014827,-0.037586,4.021,6.51,-0.037488,-0.016261,-0.000352,0.001786,-0.008,0.010,-0.017188,-0.030000,0.000000,-0.034375,0.000000,0.084619,1,2.12,3.013,-40.144,1.808,-2.830481
3.954000,0.008,0.013789,-0.038105,4.021,6.51,-0.037490,-0.016204,-0.000356,0.002770,-0.008,0.009,-0.017188,-0.030000,0.000000,-0.034375,0.000000,0.084619,1,2.12,3.014,-40.140,1.808,-2.830585
3.956000,0.008,0.013743,-0.038128,4.021,6.51,-0.037503,-0.016142,-0.000370,0.002768,-0.008,0.009,-0.017188,-0.030000,0.000000,-0.034375,0.000000,0.084619,1,2.12,3.015,-40.137,1.808,-2.830688
3.958000,0.008,0.012978,-0.038511,4.021,6.51,-0.037515,-0.016077,-0.000375,0.003475,-0.008,0.009,-0.017188,-0.030000,0.000000,-0.034375,0.000000,0.084619,1,2.12,3.016,-40.133,1.808,-2.830791
3.960000,0.008,0.012904,-0.038548,4.021,6.51,-0.037535,-0.016010,-0.000391,0.003497,-0.008,0.009,-0.017188,-0.030000,0.000000,-0.034375,0.000000,0.084619,1,2.12,3.017,-40.130,1.808,-2.830892
3.962000,0.008,0.012732,-0.038634,4.021,6.51,-0.037555,-0.015940,-0.000399,0.003607,-0.008,0.008,-0.017188,-0.030000,0.000000,-0.034375,0.000000,0.084619,1,2.12,3.018,-40.127,1.808,-2.830994
3.964000,0.008,0.013390,-0.038305,4.021,6.51,-0.037577,-0.015868,-0.000410,0.002888,-0.008,0.009,-0.017188,-0.030000,0.000000,-0.034375,0.000000,0.084619,1,2.12,3.019,-40.123,1.808,-2.831095
3.966000,0.008,0.012655,-0.038672,4.021,6.51,-0.037591,-0.015795,-0.000416,0.003556,-0.008,0.008,-0.017188,-0.030000,0.000000,-0.034375,0.000000,0.084619,1,2.12,3.020,-40.120,1.808,-2.831198
3.968000,0.008,0.013036,-0.038482,4.021,6.51,-0.037613,-0.015720,-0.000427,0.003110,-0.008,0.009,-0.017188,-0.030000,0.000000,-0.034375,0.000000,0.084619,1,2.12,3.021,-40.116,1.808,-2.831299
3.970000,0.008,0.012814,-0.038593,4.021,6.51,-0.037630,-0.015643,-0.000438,0.003268,-0.008,0.009,-0.017188,-0.030000,0.000000,-0.034375,0.000000,0.084619,1,2.12,3.022,-40.113,1.808,-2.831401
3.972000,0.008,0.012794,-0.038603,4.021,6.51,-0.037650,-0.015564,-0.000448,0.003218,-0.008,0.009,-0.017188,-0.030000,0.000000,-0.034375,0.000000,0.084619,1,2.12,3.023,-40.109,1.808,-2.831503
3.974000,0.008,0.012244,-0.038878,4.021,6.51,-0.037669,-0.015483,-0.000454,0.003693,-0.008,0.008,-0.017188,-0.030000,0.000000,-0.034375,0.000000,0.084619,1,2.12,3.024,-40.106,1.808,-2.831605
3.976000,0.008,0.012602,-0.038699,4.021,6.51,-0.037693,-0.015399,-0.000465,0.003263,-0.008,0.008,-0.017188,-0.030000,0.000000,-0.034375,0.000000,0.084619,1,2.12,3.025,-40.102,1.808,-2.831707
3.978000,0.008,0.012246,-0.038877,4.021,6.51,-0.037713,-0.015314,-0.000473,0.003542,-0.008,0.008,-0.017188,-0.030000,0.000000,-0.034375,0.000000,0.084619,1,2.12,3.026,-40.099,1.808,-2.831808
3.980000,0.008,0.012028,-0.038986,4.021,6.51,-0.037736,-0.015227,-0.000484,0.003683,-0.008,0.008,-0.017188,-0.030000,0.000000,-0.034375,0.000000,0.084619,1,2.12,3.027,-40.095,1.808,-2.831910
3.982000,0.008,0.011322,-0.039339,4.021,6.51,-0.037761,-0.015138,-0.000489,0.004305,-0.008,0.008,-0.017188,-0.030000,0.000000,-0.034375,0.000000,0.084619,1,2.12,3.028,-40.092,1.808,-2.832011
3.984000,0.008,0.011257,-0.039372,4.021,6.51,-0.037793,-0.015046,-0.000496,0.004285,-0.008,0.008,-0.017188,-0.030000,0.000000,-0.034375,0.000000,0.084619,1,2.12,3.029,-40.088,1.808,-2.832111
3.986000,0.007,0.011208,-0.039396,4.021,6.51,-0.037824,-0.014951,-0.000509,0.004252,-0.008,0.007,-0.017188,-0.030000,0.000000,-0.034375,0.000000,0.084619,1,2.12,3.030,-40.085,1.808,-2.832211
3.988000,0.007,0.010403,-0.039799,4.021,6.51,-0.037856,-0.014856,-0.000513,0.004966,-0.008,0.007,-0.017188,-0.030000,0.000000,-0.034375,0.000000,0.084619,1,2.12,3.031,-40.082,1.808,-2.832312
3.990000,0.007,0.009031,-0.040485,4.021,6.51,-0.037895,-0.014757,-0.000517,0.006243,-0.008,0.006,-0.017188,-0.030000,0.000000,-0.034375,0.000000,0.084619,1,2.12,3.032,-40.078,1.808,-2.832411
3.992000,0.007,0.010189,-0.039905,4.021,6.51,-0.037946,-0.014654,-0.000610,0.005075,-0.008,0.007,-0.017188,-0.030000,0.000000,-0.034375,0.000000,0.084619,1,2.12,3.033,-40.075,1.808,-2.832508
3.994000,0.007,0.009967,-0.040016,4.021,6.51,-0.037986,-0.014552,-0.000617,0.005202,-0.007,0.007,-0.017188,-0.030000,0.000000,-0.034375,0.000000,0.084619,1,2.12,3.034,-40.071,1.808,-2.832607
3.996000,0.007,0.009547,-0.040227,4.021,6.51,-0.038026,-0.014448,-0.000625,0.005526,-0.007,0.006,-0.017188,-0.030000,0.000000,-0.034375,0.000000,0.084619,1,2.12,3.035,-40.068,1.808,-2.832706
3.998000,0.007,0.010384,-0.039808,4.021,6.51,-0.038070,-0.014342,-0.000638,0.004596,-0.007,0.007,-0.017188,-0.030000,0.000000,-0.034375,0.000000,0.084619,1,2.12,3.036,-40.064,1.808,-2.832804
4.000000,0.007,0.014274,-0.037863,4.021,6.51,-0.038105,-0.014237,0.000000,-0.000037,0.000,0.010,-0.018750,-0.030000,0.000000,-0.037500,0.000000,0.092311,1,2.12,3.037,-40.061,1.808,-2.832905
4.002000,0.007,0.013177,-0.038411,4.021,6.51,-0.038100,-0.014138,-0.000007,0.000967,0.000,0.009,-0.018750,-0.030000,0.000000,-0.037500,0.000000,0.092311,1,2.12,3.038,-40.057,1.808,-2.833012
4.004000,0.007,0.012118,-0.038941,4.021,6.51,-0.038106,-0.014035,-0.000014,0.001932,0.000,0.008,-0.018750,-0.030000,0.000000,-0.037500,0.000000,0.092311,1,2.12,3.039,-40.054,1.808,-2.833117
4.006000,0.007,0.011094,-0.039453,4.021,6.51,-0.038123,-0.013929,-0.000022,0.002858,0.000,0.007,-0.018750,-0.030000,0.000000,-0.037500,0.000000,0.092311,1,2.12,3.040,-40.050,1.808,-2.833221
4.008000,0.007,0.010367,-0.039817,4.021,6.51,-0.038150,-0.013819,-0.000034,0.003487,-0.007,0.007,-0.018750,-0.030000,0.000000,-0.037500,0.000000,0.092311,1,2.12,3.041,-40.047,1.808,-2.833324
4.010000,0.007,0.009566,-0.040217,4.021,6.51,-0.038183,-0.013707,-0.000046,0.004187,-0.007,0.006,-0.018750,-0.030000,0.000000,-0.037500,0.000000,0.092311,1,2.12,3.042,-40.043,1.808,-2.833425
4.012000,0.007,0.008582,-0.040709,4.021,6.51,-0.038224,-0.013592,-0.000050,0.005060,-0.007,0.006,-0.018750,-0.030000,0.000000,-0.037500,0.000000,0.092311,1,2.12,3.043,-40.040,1.808,-2.833524
4.014000,0.007,0.008583,-0.040709,4.021,6.51,-0.038273,-0.013473,-0.000060,0.004950,-0.007,0.006,-0.018750,-0.030000,0.000000,-0.037500,0.000000,0.092311,1,2.12,3.045,-40.036,1.808,-2.833622
4.016000,0.007,0.008111,-0.040945,4.021,6.51,-0.038322,-0.013353,-0.000066,0.005309,-0.007,0.005,-0.018750,-0.030000,0.000000,-0.037500,0.000000,0.092311,1,2.12,3.046,-40.033,1.808,-2.833721
4.018000,0.007,0.007395,-0.041303,4.021,6.51,-0.038374,-0.013232,-0.000072,0.005910,-0.007,0.005,-0.018750,-0.030000,0.000000,-0.037500,0.000000,0.092311,1,2.12,3.047,-40.030,1.808,-2.833818
4.020000,0.007,0.006950,-0.041525,4.021,6.51,-0.038433,-0.013108,-0.000081,0.006239,-0.007,0.005,-0.018750,-0.030000,0.000000,-0.037500,0.000000,0.092311,1,2.12,3.048,-40.026,1.808,-2.833915
4.022000,0.006,0.007262,-0.041369,4.021,6.51,-0.038495,-0.012982,-0.000086,0.005807,-0.007,0.005,-0.018750,-0.030000,0.000000,-0.037500,0.000000,0.092311,1,2.12,3.049,-40.023,1.808,-2.834012
4.024000,0.006,0.006464,-0.041768,4.021,6.51,-0.038552,-0.012857,-0.000091,0.006484,-0.007,0.004,-0.018750,-0.030000,0.000000,-0.037500,0.000000,0.092311,1,2.12,3.050,-40.019,1.808,-2.834109
4.026000,0.006,0.006362,-0.041819,4.021,6.51,-0.038617,-0.012728,-0.000098,0.006464,-0.007,0.004,-0.018750,-0.030000,0.000000,-0.037500,0.000000,0.092311,1,2.12,3.051,-40.016,1.808,-2.834206
4.028000,0.006,0.006324,-0.041838,4.021,6.51,-0.038681,-0.012599,-0.000105,0.006380,-0.007,0.004,-0.018750,-0.030000,0.000000,-0.037500,0.000000,0.092311,1,2.12,3.052,-40.012,1.808,-2.834302
4.030000,0.006,0.005773,-0.042114,4.021,6.51,-0.038744,-0.012469,-0.000111,0.006807,-0.006,0.004,-0.018750,-0.030000,0.000000,-0.037500,0.000000,0.092311,1,2.12,3.053,-40.009,1.808,-2.834399
4.032000,0.006,0.005914,-0.042043,4.021,6.51,-0.038811,-0.012338,-0.000118,0.006541,-0.006,0.004,-0.018750,-0.030000,0.000000,-0.037500,0.000000,0.092311,1,2.12,3.054,-40.005,1.808,-2.834495
4.034000,0.006,0.006752,-0.041624,4.021,6.51,-0.038876,-0.012206,-0.000132,0.005585,-0.006,0.005,-0.018750,-0.030000,0.000000,-0.037500,0.000000,0.092311,1,2.12,3.055,-40.002,1.808,-2.834592
4.036000,0.006,0.006381,-0.041809,4.021,6.51,-0.038931,-0.012075,-0.000137,0.005831,-0.006,0.004,-0.018750,-0.030000,0.000000,-0.037500,0.000000,0.092311,1,2.12,3.056,-39.998,1.808,-2.834691
4.038000,0.006,0.004660,-0.042670,4.021,6.51,-0.038988,-0.011943,-0.000140,0.007422,-0.006,0.003,-0.018750,-0.030000,0.000000,-0.037500,0.000000,0.092311,1,2.12,3.057,-39.995,1.808,-2.834790
4.040000,0.006,0.005055,-0.042473,4.021,6.51,-0.039062,-0.011806,-0.000149,0.006900,-0.006,0.003,-0.018750,-0.030000,0.000000,-0.037500,0.000000,0.092311,1,2.12,3.058,-39.991,1.808,-2.834886
4.042000,0.006,0.004849,-0.042575,4.021,6.51,-0.039130,-0.011670,-0.000155,0.006976,-0.006,0.003,-0.018750,-0.030000,0.000000,-0.037500,0.000000,0.092311,1,2.12,3.059,-39.988,1.808,-2.834983
4.044000,0.006,0.005262,-0.042369,4.021,6.51,-0.039199,-0.011534,-0.000232,0.006503,-0.006,0.004,-0.018750,-0.030000,0.000000,-0.037500,0.000000,0.092311,1,2.12,3.060,-39.984,1.808,-2.835080
4.046000,0.006,0.005736,-0.042132,4.021,6.51,-0.039262,-0.011397,-0.000240,0.005902,-0.006,0.004,-0.018750,-0.030000,0.000000,-0.037500,0.000000,0.092311,1,2.12,3.061,-39.981,1.808,-2.835178
4.048000,0.006,0.007464,-0.041268,4.021,6.51,-0.039320,-0.011262,-0.000249,0.004047,-0.006,0.005,-0.018750,-0.030000,0.000000,-0.037500,0.000000,0.092311,1,2.12,3.062,-39.977,1.808,-2.835277
4.050000,0.006,0.007148,-0.041426,4.021,6.51,-0.039359,-0.011129,-0.000256,0.004237,-0.006,0.005,-0.018750,-0.030000,0.000000,-0.037500,0.000000,0.092311,1,2.12,3.063,-39.974,1.808,-2.835380
4.052000,0.005,0.007556,-0.041222,4.021,6.51,-0.039400,-0.010995,-0.000266,0.003705,-0.006,0.005,-0.018750,-0.030000,0.000000,-0.037500,0.000000,0.092311,1,2.12,3.064,-39.971,1.808,-2.835483
4.054000,0.005,0.005644,-0.042178,4.021,6.51,-0.039437,-0.010862,-0.000270,0.005488,-0.006,0.004,-0.018750,-0.030000,0.000000,-0.037500,0.000000,0.092311,1,2.12,3.065,-39.967,1.808,-2.835587
4.056000,0.005,0.005463,-0.042269,4.021,6.51,-0.039491,-0.010724,-0.000278,0.005539,-0.006,0.004,-0.018750,-0.030000,0.000000,-0.037500,0.000000,0.092311,1,2.12,3.066,-39.964,1.808,-2.835688
4.058000,0.005,0.004898,-0.042551,4.021,6.51,-0.039547,-0.010586,-0.000283,0.005971,-0.006,0.003,-0.018750,-0.030000,0.000000,-0.037500,0.000000,0.092311,1,2.12,3.067,-39.960,1.808,-2.835788
4.060000,0.005,0.004824,-0.042588,4.021,6.51,-0.039607,-0.010446,-0.000290,0.005913,-0.005,0.003,-0.018750,-0.030000,0.000000,-0.037500,0.000000,0.092311,1,2.12,3.068,-39.957,1.808,-2.835888
4.062000,0.005,0.004007,-0.042997,4.021,6.51,-0.039667,-0.010306,-0.000295,0.006595,-0.005,0.003,-0.018750,-0.030000,0.000000,-0.037500,0.000000,0.092311,1,2.12,3.069,-39.953,1.808,-2.835988
4.064000,0.005,0.004311,-0.042845,4.021,6.51,-0.039733,-0.010164,-0.000300,0.006154,-0.005,0.003,-0.018750,-0.030000,0.000000,-0.037500,0.000000,0.092311,1,2.12,3.070,-39.950,1.808,-2.836087
4.066000,0.005,0.003760,-0.043120,4.021,6.51,-0.039795,-0.010023,-0.000305,0.006568,-0.005,0.003,-0.018750,-0.030000,0.000000,-0.037500,0.000000,0.092311,1,2.12,3.071,-39.946,1.808,-2.836187
4.068000,0.005,0.003842,-0.043079,4.021,6.51,-0.039862,-0.009880,-0.000312,0.006350,-0.005,0.003,-0.018750,-0.030000,0.000000,-0.037500,0.000000,0.092311,1,2.12,3.072,-39.943,1.808,-2.836287
4.070000,0.005,0.003073,-0.043463,4.021,6.51,-0.039926,-0.009738,-0.000316,0.006981,-0.005,0.002,-0.018750,-0.030000,0.000000,-0.037500,0.000000,0.092311,1,2.12,3.073,-39.939,1.808,-2.836386
4.072000,0.005,0.002678,-0.043661,4.021,6.51,-0.039997,-0.009594,-0.000320,0.007236,-0.005,0.002,-0.018750,-0.030000,0.000000,-0.037500,0.000000,0.092311,1,2.12,3.074,-39.936,1.808,-2.836485
4.074000,0.005,0.002954,-0.043523,4.021,6.51,-0.040070,-0.009449,-0.000327,0.006822,-0.005,0.002,-0.018750,-0.030000,0.000000,-0.037500,0.000000,0.092311,1,2.12,3.075,-39.932,1.808,-2.836584
4.076000,0.005,0.003457,-0.043272,4.021,6.51,-0.040139,-0.009306,-0.000336,0.006185,-0.005,0.002,-0.018750,-0.030000,0.000000,-0.037500,0.000000,0.092311,1,2.12,3.076,-39.929,1.808,-2.836684
4.078000,0.005,0.003813,-0.043094,4.021,6.51,-0.040202,-0.009163,-0.000347,0.005697,-0.005,0.003,-0.018750,-0.030000,0.000000,-0.037500,0.000000,0.092311,1,2.12,3.077,-39.925,1.808,-2.836785
4.080000,0.005,0.004490,-0.042755,4.021,6.51,-0.040260,-0.009021,-0.000354,0.004885,-0.005,0.003,-0.018750,-0.030000,0.000000,-0.037500,0.000000,0.092311,1,2.12,3.078,-39.922,1.808,-2.836887
4.082000,0.004,0.005145,-0.042427,4.021,6.51,-0.040310,-0.008881,-0.000361,0.004097,-0.005,0.003,-0.018750,-0.030000,0.000000,-0.037500,0.000000,0.092311,1,2.12,3.079,-39.918,1.808,-2.836990
4.084000,0.004,0.004848,-0.042576,4.021,6.51,-0.040352,-0.008742,-0.000366,0.004261,-0.005,0.003,-0.018750,-0.030000,0.000000,-0.037500,0.000000,0.092311,1,2.12,3.080,-39.915,1.808,-2.837095
4.086000,0.004,0.004547,-0.042726,4.021,6.51,-0.040396,-0.008603,-0.000373,0.004429,-0.005,0.003,-0.018750,-0.030000,0.000000,-0.037500,0.000000,0.092311,1,2.12,3.081,-39.911,1.808,-2.837200
4.088000,0.004,0.004081,-0.042959,4.021,6.51,-0.040443,-0.008463,-0.000379,0.004761,-0.005,0.003,-0.018750,-0.030000,0.000000,-0.037500,0.000000,0.092311,1,2.12,3.082,-39.908,1.808,-2.837305
4.090000,0.004,0.003898,-0.043051,4.021,6.51,-0.040493,-0.008323,-0.000386,0.004811,-0.004,0.003,-0.018750,-0.030000,0.000000,-0.037500,0.000000,0.092311,1,2.12,3.083,-39.904,1.808,-2.837409
4.092000,0.004,0.002456,-0.043772,4.021,6.51,-0.040544,-0.008182,-0.000388,0.006114,-0.004,0.002,-0.018750,-0.030000,0.000000,-0.037500,0.000000,0.092311,1,2.12,3.084,-39.901,1.808,-2.837513
4.094000,0.004,0.003446,-0.043277,4.021,6.51,-0.040609,-0.008039,-0.000439,0.005033,-0.004,0.002,-0.018750,-0.030000,0.000000,-0.037500,0.000000,0.092311,1,2.12,3.085,-39.898,1.808,-2.837615
4.096000,0.004,0.003734,-0.043133,4.021,6.51,-0.040662,-0.007898,-0.000451,0.004615,-0.004,0.002,-0.018750,-0.030000,0.000000,-0.037500,0.000000,0.092311,1,2.12,3.086,-39.894,1.808,-2.837719
4.098000,0.004,0.002764,-0.043618,4.021,6.51,-0.040712,-0.007758,-0.000454,0.005448,-0.004,0.002,-0.018750,-0.030000,0.000000,-0.037500,0.000000,0.092311,1,2.12,3.087,-39.891,1.808,-2.837824
4.100000,0.004,0.007636,-0.041182,4.021,6.51,-0.040770,-0.007617,0.000000,-0.000020,0.000,0.005,-0.018750,-0.030000,0.000000,-0.037500,0.000000,0.092311,1,2.11,3.088,-39.887,1.808,-2.837928
4.102000,0.004,0.006404,-0.041798,4.021,6.51,-0.040778,-0.007485,-0.000004,0.001085,0.000,0.004,-0.018750,-0.030000,0.000000,-0.037500,0.000000,0.092311,1,2.11,3.089,-39.884,1.808,-2.838040
4.104000,0.004,0.005550,-0.042225,4.021,6.51,-0.040798,-0.007352,-0.000011,0.001813,0.000,0.004,-0.018750,-0.030000,0.000000,-0.037500,0.000000,0.092311,1,2.11,3.090,-39.880,1.808,-2.838150
4.106000,0.004,0.003514,-0.043243,4.021,6.51,-0.040827,-0.007218,-0.000014,0.003718,0.000,0.002,-0.018750,-0.030000,0.000000,-0.037500,0.000000,0.092311,1,2.11,3.091,-39.877,1.808,-2.838259
4.108000,0.004,0.002321,-0.043840,4.021,6.51,-0.040875,-0.007079,-0.000018,0.004777,-0.004,0.002,-0.018750,-0.030000,0.000000,-0.037500,0.000000,0.092311,1,2.11,3.092,-39.873,1.808,-2.838365
4.110000,0.003,0.001315,-0.044343,4.021,6.51,-0.040934,-0.006939,-0.000024,0.005648,-0.004,0.001,-0.018750,-0.030000,0.000000,-0.037500,0.000000,0.092311,1,2.11,3.093,-39.870,1.808,-2.838469
4.112000,0.003,0.001727,-0.044136,4.021,6.51,-0.041003,-0.006797,-0.000033,0.005103,-0.004,0.001,-0.018750,-0.030000,0.000000,-0.037500,0.000000,0.092311,1,2.11,3.094,-39.866,1.808,-2.838571
4.114000,0.003,0.000160,-0.044920,4.021,6.51,-0.041065,-0.006657,-0.000035,0.006532,-0.004,0.000,-0.018750,-0.030000,0.000000,-0.037500,0.000000,0.092311,1,2.11,3.095,-39.863,1.808,-2.838675
4.116000,0.003,0.000841,-0.044580,4.021,6.51,-0.041142,-0.006515,-0.000039,0.005713,-0.004,0.001,-0.018750,-0.030000,0.000000,-0.037500,0.000000,0.092311,1,2.11,3.096,-39.859,1.808,-2.838776
4.118000,0.003,-0.001068,-0.045534,4.021,6.51,-0.041211,-0.006374,-0.000041,0.007483,-0.003,0.001,-0.018750,-0.030000,0.000000,-0.037500,0.000000,0.092311,1,2.11,3.097,-39.856,1.808,-2.838878
4.120000,0.003,-0.000962,-0.045481,4.021,6.51,-0.041297,-0.006231,-0.000048,0.007241,-0.003,0.001,-0.018750,-0.030000,0.000000,-0.037500,0.000000,0.092311,1,2.11,3.098,-39.852,1.808,-2.838978
4.122000,0.003,-0.001650,-0.045825,4.021,6.51,-0.041381,-0.006089,-0.000052,0.007791,-0.003,0.001,-0.018750,-0.030000,0.000000,-0.037500,0.000000,0.092311,1,2.11,3.099,-39.849,1.808,-2.839078
4.124000,0.003,-0.002121,-0.046060,4.021,6.51,-0.041470,-0.005947,-0.000054,0.008121,-0.003,0.001,-0.018750,-0.030000,0.000000,-0.037500,0.000000,0.092311,1,2.11,3.100,-39.845,1.808,-2.839178
4.126000,0.003,-0.003396,-0.046698,4.021,6.51,-0.041562,-0.005805,-0.000055,0.009257,-0.003,0.002,-0.018750,-0.030000,0.000000,-0.037500,0.000000,0.092311,1,2.11,3.101,-39.842,1.808,-2.839277
4.128000,0.003,-0.002134,-0.046067,4.021,6.51,-0.041664,-0.005661,-0.000058,0.007853,-0.003,0.001,-0.018750,-0.030000,0.000000,-0.037500,0.000000,0.092311,1,2.11,3.102,-39.838,1.808,-2.839375
4.130000,0.003,-0.002710,-0.046355,4.021,6.51,-0.041752,-0.005521,-0.000062,0.008293,-0.003,0.002,-0.018750,-0.030000,0.000000,-0.037500,0.000000,0.092311,1,2.11,3.103,-39.835,1.808,-2.839475
4.132000,0.003,-0.002940,-0.046470,4.021,6.51,-0.041844,-0.005382,-0.000065,0.008386,-0.003,0.002,-0.018750,-0.030000,0.000000,-0.037500,0.000000,0.092311,1,2.11,3.104,-39.831,1.808,-2.839575
4.134000,0.003,-0.003790,-0.046895,4.021,6.51,-0.041937,-0.005243,-0.000066,0.009100,-0.003,0.003,-0.018750,-0.030000,0.000000,-0.037500,0.000000,0.092311,1,2.11,3.105,-39.828,1.808,-2.839676
4.136000,0.003,-0.002222,-0.046111,4.021,6.51,-0.042036,-0.005104,-0.000073,0.007399,-0.003,0.001,-0.018750,-0.030000,0.000000,-0.037500,0.000000,0.092311,1,2.11,3.106,-39.825,1.808,-2.839775
4.138000,0.002,-0.001827,-0.045914,4.021,6.51,-0.042117,-0.004969,-0.000077,0.006873,-0.003,0.001,-0.018750,-0.030000,0.000000,-0.037500,0.000000,0.092311,1,2.11,3.107,-39.821,1.808,-2.839878
4.140000,0.002,-0.003494,-0.046747,4.021,6.51,-0.042193,-0.004836,-0.000078,0.008408,-0.003,0.002,-0.018750,-0.030000,0.000000,-0.037500,0.000000,0.092311,1,2.11,3.108,-39.818,1.808,-2.839982
4.142000,0.002,-0.003058,-0.046529,4.021,6.51,-0.042284,-0.004701,-0.000083,0.007843,-0.003,0.002,-0.018750,-0.030000,0.000000,-0.037500,0.000000,0.092311,1,2.11,3.109,-39.814,1.808,-2.840083
4.144000,0.002,-0.000370,-0.045185,4.021,6.51,-0.042369,-0.004569,-0.000091,0.005030,-0.003,0.000,-0.018750,-0.030000,0.000000,-0.037500,0.000000,0.092311,1,2.11,3.110,-39.811,1.808,-2.840186
4.146000,0.002,-0.000043,-0.045021,4.021,6.51,-0.042426,-0.004443,-0.000120,0.004606,-0.002,0.000,-0.018750,-0.030000,0.000000,-0.037500,0.000000,0.092311,1,2.11,3.111,-39.807,1.808,-2.840294
4.148000,0.002,0.000256,-0.044872,4.021,6.51,-0.042477,-0.004319,-0.000126,0.004189,-0.002,0.000,-0.018750,-0.030000,0.000000,-0.037500,0.000000,0.092311,1,2.11,3.112,-39.804,1.808,-2.840404
4.150000,0.002,0.001350,-0.044325,4.021,6.51,-0.042525,-0.004197,-0.000127,0.002974,-0.002,0.001,-0.018750,-0.030000,0.000000,-0.037500,0.000000,0.092311,1,2.11,3.113,-39.800,1.808,-2.840514
4.152000,0.002,0.000970,-0.044515,4.021,6.51,-0.042561,-0.004078,-0.000130,0.003238,-0.002,0.001,-0.018750,-0.030000,0.000000,-0.037500,0.000000,0.092311,1,2.11,3.114,-39.797,1.808,-2.840626
4.154000,0.002,0.000597,-0.044701,4.021,6.51,-0.042600,-0.003960,-0.000134,0.003496,-0.002,0.000,-0.018750,-0.030000,0.000000,-0.037500,0.000000,0.092311,1,2.11,3.115,-39.793,1.808,-2.840738
4.156000,0.002,-0.000713,-0.045357,4.021,6.51,-0.042642,-0.003842,-0.000135,0.004691,-0.002,0.000,-0.018750,-0.030000,0.000000,-0.037500,0.000000,0.092311,1,2.11,3.116,-39.790,1.808,-2.840850
4.158000,0.002,-0.002464,-0.046232,4.021,6.51,-0.042697,-0.003723,-0.000137,0.006323,-0.002,0.002,-0.018750,-0.030000,0.000000,-0.037500,0.000000,0.092311,1,2.11,3.117,-39.786,1.808,-2.840960
4.160000,0.002,-0.001999,-0.027999,4.141,6.51,-0.042767,-0.003602,-0.000139,0.005740,-0.002,0.001,-0.020312,-0.018000,0.000000,-0.040625,0.000000,0.100004,1,2.10,3.118,-39.783,1.808,-2.841066
4.162000,0.002,-0.001916,-0.027958,4.141,6.55,-0.042541,-0.003502,-0.000142,0.005559,-0.002,0.001,-0.020312,-0.018000,0.000000,-0.040625,0.000000,0.100004,1,2.10,3.119,-39.779,1.815,-2.841240
4.164000,0.002,-0.002840,-0.028420,4.141,6.58,-0.042249,-0.003422,-0.000143,0.006404,-0.002,0.002,-0.020312,-0.018000,0.000000,-0.040625,0.000000,0.100004,1,2.10,3.120,-39.776,1.822,-2.841427
4.166000,0.002,-0.002150,-0.028075,4.141,6.61,-0.041972,-0.003344,-0.000145,0.005639,-0.002,0.001,-0.020312,-0.018000,0.000000,-0.040625,0.000000,0.100004,1,2.10,3.121,-39.772,1.830,-2.841607
4.168000,0.002,-0.000823,-0.027411,4.141,6.63,-0.041695,-0.003272,-0.000147,0.004242,-0.002,0.001,-0.020312,-0.018000,0.000000,-0.040625,0.000000,0.100004,1,2.10,3.122,-39.769,1.839,-2.841784
4.170000,0.002,-0.000445,-0.027222,4.141,6.64,-0.041409,-0.003209,-0.000150,0.003803,-0.002,0.000,-0.020312,-0.018000,0.000000,-0.040625,0.000000,0.100004,1,2.10,3.123,-39.765,1.847,-2.841958
4.172000,0.002,-0.000570,-0.027285,4.141,6.66,-0.041125,-0.003153,-0.000151,0.003874,-0.002,0.000,-0.020312,-0.018000,0.000000,-0.040625,0.000000,0.100004,1,2.10,3.124,-39.762,1.854,-2.842130
4.174000,0.002,-0.000140,-0.027070,4.141,6.67,-0.040848,-0.003103,-0.000152,0.003394,-0.002,0.000,-0.020312,-0.018000,0.000000,-0.040625,0.000000,0.100004,1,2.10,3.125,-39.758,1.858,-2.842300
4.176000,0.002,0.000074,-0.026963,4.141,6.68,-0.040573,-0.003058,-0.000154,0.003138,-0.002,0.000,-0.020312,-0.018000,0.000000,-0.040625,0.000000,0.100004,1,2.10,3.126,-39.754,1.862,-2.842468
4.178000,0.002,0.000382,-0.026809,4.141,6.68,-0.040301,-0.003017,-0.000156,0.002791,-0.002,0.000,-0.020312,-0.018000,0.000000,-0.040625,0.000000,0.100004,1,2.10,3.127,-39.751,1.865,-2.842636
4.180000,0.001,-0.000196,-0.027098,4.141,6.69,-0.040031,-0.002980,-0.000156,0.003332,-0.002,0.000,-0.020312,-0.018000,0.000000,-0.040625,0.000000,0.100004,1,2.10,3.128,-39.747,1.867,-2.842802
4.182000,0.001,-0.000107,-0.027054,4.141,6.69,-0.039772,-0.002942,-0.000157,0.003207,-0.002,0.000,-0.020312,-0.018000,0.000000,-0.040625,0.000000,0.100004,1,2.10,3.129,-39.744,1.869,-2.842965
4.184000,0.001,0.000736,-0.026632,4.141,6.69,-0.039518,-0.002905,-0.000161,0.002330,-0.002,0.000,-0.020312,-0.018000,0.000000,-0.040625,0.000000,0.100004,1,2.10,3.130,-39.740,1.869,-2.843126
4.186000,0.001,0.000675,-0.026662,4.141,6.70,-0.039260,-0.002869,-0.000163,0.002357,-0.002,0.000,-0.020312,-0.018000,0.000000,-0.040625,0.000000,0.100004,1,2.10,3.131,-39.736,1.870,-2.843288
4.188000,0.001,0.000769,-0.026616,4.141,6.70,-0.039008,-0.002832,-0.000165,0.002229,-0.001,0.001,-0.020312,-0.018000,0.000000,-0.040625,0.000000,0.100004,1,2.10,3.132,-39.733,1.869,-2.843447
4.190000,0.001,0.001143,-0.026429,4.141,6.70,-0.038760,-0.002794,-0.000166,0.001818,-0.001,0.001,-0.020312,-0.018000,0.000000,-0.040625,0.000000,0.100004,1,2.10,3.133,-39.729,1.869,-2.843606
4.192000,0.001,0.001543,-0.026228,4.141,6.70,-0.038514,-0.002755,-0.000169,0.001380,-0.001,0.001,-0.020312,-0.018000,0.000000,-0.040625,0.000000,0.100004,1,2.10,3.134,-39.726,1.868,-2.843763
4.194000,0.001,0.001284,-0.026358,4.141,6.70,-0.038268,-0.002715,-0.000170,0.001601,-0.001,0.001,-0.020312,-0.018000,0.000000,-0.040625,0.000000,0.100004,1,2.10,3.135,-39.722,1.867,-2.843919
4.196000,0.001,0.000594,-0.026703,4.141,6.70,-0.038030,-0.002672,-0.000171,0.002249,-0.001,0.000,-0.020312,-0.018000,0.000000,-0.040625,0.000000,0.100004,1,2.10,3.136,-39.718,1.866,-2.844073
4.198000,0.001,0.000775,-0.026613,4.141,6.71,-0.037804,-0.002627,-0.000188,0.002040,-0.001,0.001,-0.020312,-0.018000,0.000000,-0.040625,0.000000,0.100004,1,2.10,3.137,-39.715,1.865,-2.844225
4.200000,0.001,0.002586,-0.025707,4.141,6.71,-0.037580,-0.002579,0.000000,-0.000006,0.000,0.002,-0.021875,-0.018000,0.000000,-0.043750,0.000000,0.107697,1,2.10,3.138,-39.711,1.864,-2.844375
4.202000,0.001,0.002087,-0.025956,4.141,6.71,-0.037342,-0.002534,-0.000001,0.000448,0.000,0.001,-0.021875,-0.018000,0.000000,-0.043750,0.000000,0.107697,1,2.10,3.139,-39.708,1.864,-2.844527
4.204000,0.001,0.001699,-0.026151,4.141,6.71,-0.037115,-0.002486,-0.000003,0.000790,0.000,0.001,-0.021875,-0.018000,0.000000,-0.043750,0.000000,0.107697,1,2.10,3.140,-39.704,1.863,-2.844677
4.206000,0.001,0.001372,-0.026314,4.141,6.71,-0.036895,-0.002436,-0.000005,0.001069,0.000,0.001,-0.021875,-0.018000,0.000000,-0.043750,0.000000,0.107697,1,2.10,3.141,-39.701,1.862,-2.844824
4.208000,0.001,0.001098,-0.026451,4.141,6.71,-0.036684,-0.002385,-0.000008,0.001295,-0.001,0.001,-0.021875,-0.018000,0.000000,-0.043750,0.000000,0.107697,1,2.10,3.142,-39.697,1.862,-2.844970
4.210000,0.001,0.000619,-0.026691,4.141,6.71,-0.036479,-0.002331,-0.000009,0.001722,-0.001,0.000,-0.021875,-0.018000,0.000000,-0.043750,0.000000,0.107697,1,2.10,3.143,-39.693,1.861,-2.845113
4.212000,0.001,0.000836,-0.026582,4.141,6.71,-0.036283,-0.002277,-0.000013,0.001454,-0.001,0.001,-0.021875,-0.018000,0.000000,-0.043750,0.000000,0.107697,1,2.10,3.144,-39.690,1.861,-2.845254
4.214000,0.001,0.000678,-0.026661,4.141,6.71,-0.036089,-0.002222,-0.000014,0.001559,-0.001,0.000,-0.021875,-0.018000,0.000000,-0.043750,0.000000,0.107697,1,2.10,3.145,-39.686,1.861,-2.845395
4.216000,0.001,0.000709,-0.026646,4.141,6.71,-0.035901,-0.002167,-0.000017,0.001475,-0.001,0.000,-0.021875,-0.018000,0.000000,-0.043750,0.000000,0.107697,1,2.10,3.146,-39.683,1.861,-2.845534
4.218000,0.001,0.000481,-0.026760,4.141,6.71,-0.035716,-0.002111,-0.000019,0.001649,-0.001,0.000,-0.021875,-0.018000,0.000000,-0.043750,0.000000,0.107697,1,2.10,3.147,-39.679,1.861,-2.845671
4.220000,0.001,-0.000077,-0.027038,4.141,6.71,-0.035537,-0.002055,-0.000019,0.002151,-0.001,0.000,-0.021875,-0.018000,0.000000,-0.043750,0.000000,0.107697,1,2.10,3.148,-39.675,1.861,-2.845808
4.222000,0.001,-0.000630,-0.027315,4.141,6.71,-0.035367,-0.001998,-0.000020,0.002648,-0.001,0.000,-0.021875,-0.018000,0.000000,-0.043750,0.000000,0.107697,1,2.10,3.149,-39.672,1.861,-2.845942
4.224000,0.001,-0.000462,-0.027231,4.141,6.71,-0.035206,-0.001940,-0.000023,0.002425,-0.001,0.000,-0.021875,-0.018000,0.000000,-0.043750,0.000000,0.107697,1,2.10,3.150,-39.668,1.861,-2.846073
4.226000,0.001,-0.000823,-0.027412,4.141,6.71,-0.035046,-0.001882,-0.000024,0.002729,-0.001,0.001,-0.021875,-0.018000,0.000000,-0.043750,0.000000,0.107697,1,2.10,3.151,-39.665,1.861,-2.846204
4.228000,0.001,-0.000907,-0.027454,4.141,6.71,-0.034894,-0.001824,-0.000025,0.002757,-0.001,0.001,-0.021875,-0.018000,0.000000,-0.043750,0.000000,0.107697,1,2.10,3.152,-39.661,1.861,-2.846333
4.230000,0.001,-0.000669,-0.027334,4.141,6.71,-0.034745,-0.001767,-0.000026,0.002461,-0.001,0.000,-0.021875,-0.018000,0.000000,-0.043750,0.000000,0.107697,1,2.10,3.153,-39.658,1.861,-2.846461
4.232000,0.001,-0.000753,-0.027376,4.141,6.71,-0.034597,-0.001710,-0.000026,0.002489,-0.001,0.001,-0.021875,-0.018000,0.000000,-0.043750,0.000000,0.107697,1,2.10,3.154,-39.654,1.861,-2.846589
4.234000,0.001,-0.001072,-0.027536,4.141,6.71,-0.034452,-0.001653,-0.000027,0.002753,-0.001,0.001,-0.021875,-0.018000,0.000000,-0.043750,0.000000,0.107697,1,2.10,3.155,-39.650,1.861,-2.846715
4.236000,0.001,-0.001049,-0.027524,4.141,6.71,-0.034314,-0.001597,-0.000028,0.002674,-0.001,0.001,-0.021875,-0.018000,0.000000,-0.043750,0.000000,0.107697,1,2.10,3.156,-39.647,1.861,-2.846840
4.238000,0.001,-0.001348,-0.027674,4.141,6.71,-0.034178,-0.001540,-0.000029,0.002917,-0.001,0.001,-0.021875,-0.018000,0.000000,-0.043750,0.000000,0.107697,1,2.10,3.157,-39.643,1.862,-2.846964
4.240000,0.001,-0.001395,-0.027697,4.141,6.71,-0.034048,-0.001484,-0.000030,0.002908,-0.001,0.001,-0.021875,-0.018000,0.000000,-0.043750,0.000000,0.107697,1,2.10,3.158,-39.640,1.862,-2.847086
4.242000,0.001,-0.001010,-0.027505,4.141,6.71,-0.033921,-0.001428,-0.000031,0.002469,-0.001,0.001,-0.021875,-0.018000,0.000000,-0.043750,0.000000,0.107697,1,2.10,3.159,-39.636,1.862,-2.847208
4.244000,0.001,-0.001272,-0.027636,4.141,6.71,-0.033793,-0.001373,-0.000032,0.002677,-0.001,0.001,-0.021875,-0.018000,0.000000,-0.043750,0.000000,0.107697,1,2.10,3.160,-39.632,1.862,-2.847329
4.246000,0.001,-0.001252,-0.027626,4.141,6.71,-0.033670,-0.001318,-0.000033,0.002603,-0.001,0.001,-0.021875,-0.018000,0.000000,-0.043750,0.000000,0.107697,1,2.10,3.161,-39.629,1.862,-2.847449
4.248000,0.001,-0.000669,-0.027334,4.141,6.71,-0.033549,-0.001264,-0.000041,0.001974,-0.001,0.000,-0.021875,-0.018000,0.000000,-0.043750,0.000000,0.107697,1,2.10,3.162,-39.625,1.862,-2.847568
4.250000,0.001,-0.000643,-0.027321,4.141,6.71,-0.033425,-0.001211,-0.000042,0.001896,-0.001,0.000,-0.021875,-0.018000,0.000000,-0.043750,0.000000,0.107697,1,2.10,3.163,-39.622,1.862,-2.847688
4.252000,0.001,-0.000850,-0.027425,4.141,6.71,-0.033303,-0.001159,-0.000042,0.002052,-0.001,0.001,-0.021875,-0.018000,0.000000,-0.043750,0.000000,0.107697,1,2.10,3.164,-39.618,1.862,-2.847806
4.254000,0.001,-0.000793,-0.027396,4.141,6.71,-0.033185,-0.001107,-0.000043,0.001943,-0.001,0.001,-0.021875,-0.018000,0.000000,-0.043750,0.000000,0.107697,1,2.10,3.165,-39.614,1.862,-2.847924
4.256000,0.001,-0.000850,-0.027425,4.141,6.71,-0.033069,-0.001056,-0.000044,0.001950,-0.001,0.001,-0.021875,-0.018000,0.000000,-0.043750,0.000000,0.107697,1,2.10,3.166,-39.611,1.862,-2.848041
4.258000,0.001,-0.001129,-0.027564,4.141,6.71,-0.032956,-0.001005,-0.000045,0.002178,-0.001,0.001,-0.021875,-0.018000,0.000000,-0.043750,0.000000,0.107697,1,2.10,3.167,-39.607,1.862,-2.848157
4.260000,0.000,-0.001424,-0.027712,4.141,6.71,-0.032849,-0.000954,-0.000045,0.002423,-0.001,0.001,-0.023438,-0.018000,0.000000,-0.046875,0.000000,0.115389,1,2.10,3.168,-39.604,1.862,-2.848272
4.262000,0.000,-0.001338,-0.027669,4.141,6.71,-0.032746,-0.000903,-0.000046,0.002287,-0.001,0.001,-0.023438,-0.018000,0.000000,-0.046875,0.000000,0.115389,1,2.10,3.169,-39.600,1.862,-2.848385
4.264000,0.000,-0.001387,-0.027693,4.141,6.71,-0.032644,-0.000853,-0.000046,0.002286,-0.001,0.001,-0.023438,-0.018000,0.000000,-0.046875,0.000000,0.115389,1,2.10,3.170,-39.597,1.862,-2.848498
4.266000,0.000,-0.001574,-0.027787,4.141,6.71,-0.032545,-0.000804,-0.000047,0.002424,-0.001,0.001,-0.023438,-0.018000,0.000000,-0.046875,0.000000,0.115389,1,2.10,3.171,-39.593,1.862,-2.848611
4.268000,0.000,-0.001716,-0.027858,4.141,6.71,-0.032450,-0.000754,-0.000047,0.002518,-0.000,0.001,-0.023438,-0.018000,0.000000,-0.046875,0.000000,0.115389,1,2.10,3.172,-39.589,1.862,-2.848722
4.270000,0.000,-0.001689,-0.027844,4.141,6.71,-0.032358,-0.000706,-0.000047,0.002442,-0.000,0.001,-0.023438,-0.018000,0.000000,-0.046875,0.000000,0.115389,1,2.10,3.173,-39.586,1.862,-2.848832
4.272000,0.000,-0.001828,-0.027914,4.141,6.71,-0.032268,-0.000658,-0.000048,0.002533,-0.000,0.001,-0.023438,-0.018000,0.000000,-0.046875,0.000000,0.115389,1,2.10,3.174,-39.582,1.862,-2.848943
4.274000,0.000,-0.001777,-0.027889,4.141,6.71,-0.032181,-0.000611,-0.000048,0.002436,-0.000,0.001,-0.023438,-0.018000,0.000000,-0.046875,0.000000,0.115389,1,2.10,3.175,-39.579,1.862,-2.849051
4.276000,0.000,-0.001695,-0.027847,4.141,6.71,-0.032095,-0.000564,-0.000048,0.002307,-0.000,0.001,-0.023438,-0.018000,0.000000,-0.046875,0.000000,0.115389,1,2.10,3.176,-39.575,1.862,-2.849160
4.278000,0.000,-0.001877,-0.027939,4.141,6.71,-0.032010,-0.000519,-0.000049,0.002444,-0.000,0.001,-0.023438,-0.018000,0.000000,-0.046875,0.000000,0.115389,1,2.10,3.177,-39.571,1.862,-2.849268
4.280000,0.000,-0.001687,-0.027843,4.141,6.71,-0.031928,-0.000474,-0.000049,0.002209,-0.000,0.001,-0.023438,-0.018000,0.000000,-0.046875,0.000000,0.115389,1,2.10,3.178,-39.568,1.862,-2.849376
4.282000,0.000,-0.001697,-0.027848,4.141,6.71,-0.031847,-0.000430,-0.000049,0.002175,-0.000,0.001,-0.023438,-0.018000,0.000000,-0.046875,0.000000,0.115389,1,2.10,3.179,-39.564,1.862,-2.849483
4.284000,0.000,-0.001545,-0.027773,4.141,6.71,-0.031767,-0.000387,-0.000049,0.001981,-0.000,0.001,-0.023438,-0.018000,0.000000,-0.046875,0.000000,0.115389,1,2.10,3.180,-39.561,1.862,-2.849590
4.286000,0.000,-0.001609,-0.027805,4.141,6.71,-0.031687,-0.000345,-0.000050,0.002004,-0.000,0.001,-0.023438,-0.018000,0.000000,-0.046875,0.000000,0.115389,1,2.10,3.181,-39.557,1.862,-2.849696
4.288000,0.000,-0.001262,-0.027631,4.141,6.71,-0.031609,-0.000304,-0.000050,0.001616,-0.000,0.001,-0.023438,-0.018000,0.000000,-0.046875,0.000000,0.115389,1,2.10,3.182,-39.554,1.862,-2.849802
4.290000,0.000,-0.001196,-0.027598,4.141,6.71,-0.031530,-0.000264,-0.000050,0.001510,-0.000,0.001,-0.023438,-0.018000,0.000000,-0.046875,0.000000,0.115389,1,2.10,3.183,-39.550,1.862,-2.849908
4.292000,0.000,-0.001092,-0.027546,4.141,6.71,-0.031451,-0.000226,-0.000050,0.001369,-0.000,0.001,-0.023438,-0.018000,0.000000,-0.046875,0.000000,0.115389,1,2.10,3.184,-39.546,1.862,-2.850013
4.294000,0.000,-0.001382,-0.027691,4.141,6.71,-0.031373,-0.000188,-0.000050,0.001621,-0.000,0.001,-0.023438,-0.018000,0.000000,-0.046875,0.000000,0.115389,1,2.10,3.185,-39.543,1.862,-2.850119
4.296000,0.000,-0.001289,-0.027645,4.141,6.71,-0.031299,-0.000151,-0.000051,0.001491,-0.000,0.001,-0.023438,-0.018000,0.000000,-0.046875,0.000000,0.115389,1,2.10,3.186,-39.539,1.862,-2.850223
4.298000,0.000,-0.001615,-0.027807,4.141,6.71,-0.031226,-0.000116,-0.000051,0.001781,-0.000,0.001,-0.023438,-0.018000,0.000000,-0.046875,0.000000,0.115389,1,2.10,3.187,-39.536,1.862,-2.850327
4.300000,0.000,0.000080,-0.026960,4.141,6.71,-0.031158,-0.000080,0.000000,-0.000000,0.000,0.000,-0.023438,-0.018000,0.000000,-0.046875,0.000000,0.115389,1,2.09,3.188,-39.532,1.862,-2.850430
4.302000,0.000,-0.000240,-0.027120,4.141,6.71,-0.031074,-0.000048,-0.000000,0.000288,0.000,0.000,-0.023438,-0.018000,0.000000,-0.046875,0.000000,0.115389,1,2.09,3.189,-39.528,1.862,-2.850535
4.304000,0.000,-0.000459,-0.027230,4.141,6.71,-0.030995,-0.000017,-0.000000,0.000476,0.000,0.000,-0.023438,-0.018000,0.000000,-0.046875,0.000000,0.115389,1,2.09,3.190,-39.525,1.862,-2.850639
4.306000,-0.000,-0.001050,-0.027525,4.141,6.71,-0.030919,0.000013,-0.000000,0.001036,0.000,0.001,-0.023438,-0.018000,0.000000,-0.046875,0.000000,0.115389,1,2.09,3.191,-39.521,1.862,-2.850743
4.308000,-0.000,-0.001316,-0.027658,4.141,6.71,-0.030851,0.000044,-0.000000,0.001272,-0.000,0.001,-0.023438,-0.018000,0.000000,-0.046875,0.000000,0.115389,1,2.09,3.192,-39.518,1.862,-2.850845
4.310000,-0.000,-0.001645,-0.027823,4.141,6.71,-0.030787,0.000074,0.000000,0.001571,-0.000,0.001,-0.023438,-0.018000,0.000000,-0.046875,0.000000,0.115389,1,2.09,3.193,-39.514,1.862,-2.850946
4.312000,-0.000,-0.001530,-0.027765,4.141,6.71,-0.030728,0.000104,0.000000,0.001425,-0.000,0.001,-0.023438,-0.018000,0.000000,-0.046875,0.000000,0.115389,1,2.09,3.194,-39.511,1.862,-2.851046
4.314000,-0.000,-0.001728,-0.027864,4.141,6.71,-0.030669,0.000133,0.000000,0.001595,0.000,0.001,-0.023438,-0.018000,0.000000,-0.046875,0.000000,0.115389,1,2.09,3.195,-39.507,1.862,-2.851146
4.316000,-0.000,-0.001495,-0.027748,4.141,6.71,-0.030613,0.000161,0.000000,0.001334,0.000,0.001,-0.023438,-0.018000,0.000000,-0.046875,0.000000,0.115389,1,2.09,3.196,-39.503,1.862,-2.851245
4.318000,-0.000,-0.001541,-0.027770,4.141,6.71,-0.030555,0.000187,0.000000,0.001353,0.000,0.001,-0.023438,-0.018000,0.000000,-0.046875,0.000000,0.115389,1,2.09,3.197,-39.500,1.862,-2.851344
4.320000,-0.000,-0.001463,-0.027732,4.141,6.71,-0.030500,0.000213,0.000001,0.001250,0.000,0.001,-0.023438,-0.018000,0.000000,-0.046875,0.000000,0.115389,1,2.09,3.198,-39.496,1.862,-2.851443
4.322000,-0.000,-0.001751,-0.027875,4.141,6.71,-0.030444,0.000237,0.000001,0.001513,0.000,0.001,-0.023438,-0.018000,0.000000,-0.046875,0.000000,0.115389,1,2.09,3.199,-39.493,1.862,-2.851541
4.324000,-0.000,-0.001557,-0.027779,4.141,6.71,-0.030393,0.000261,0.000001,0.001296,0.000,0.001,-0.023438,-0.018000,0.000000,-0.046875,0.000000,0.115389,1,2.09,3.200,-39.489,1.862,-2.851639
4.326000,-0.000,-0.001591,-0.027795,4.141,6.71,-0.030340,0.000283,0.000001,0.001307,0.000,0.001,-0.023438,-0.018000,0.000000,-0.046875,0.000000,0.115389,1,2.09,3.201,-39.485,1.862,-2.851736
4.328000,-0.000,-0.001480,-0.027740,4.141,6.71,-0.030290,0.000304,0.000001,0.001175,0.000,0.001,-0.023438,-0.018000,0.000000,-0.046875,0.000000,0.115389,1,2.09,3.202,-39.482,1.862,-2.851834
4.330000,-0.000,-0.001488,-0.027744,4.141,6.71,-0.030238,0.000324,0.000001,0.001163,0.000,0.001,-0.023438,-0.018000,0.000000,-0.046875,0.000000,0.115389,1,2.09,3.203,-39.478,1.862,-2.851931
4.332000,-0.000,-0.001469,-0.027735,4.141,6.71,-0.030189,0.000343,0.000001,0.001125,0.000,0.001,-0.023438,-0.018000,0.000000,-0.046875,0.000000,0.115389,1,2.09,3.204,-39.475,1.862,-2.852027
4.334000,-0.000,-0.001453,-0.027727,4.141,6.71,-0.030139,0.000361,0.000002,0.001091,0.000,0.001,-0.023438,-0.018000,0.000000,-0.046875,0.000000,0.115389,1,2.09,3.205,-39.471,1.862,-2.852124
4.336000,-0.000,-0.001335,-0.027667,4.141,6.71,-0.030091,0.000377,0.000002,0.000956,0.000,0.001,-0.023438,-0.018000,0.000000,-0.046875,0.000000,0.115389,1,2.09,3.206,-39.468,1.862,-2.852220
4.338000,-0.000,-0.001390,-0.027695,4.141,6.71,-0.030043,0.000392,0.000002,0.000995,0.000,0.001,-0.023438,-0.018000,0.000000,-0.046875,0.000000,0.115389,1,2.09,3.207,-39.464,1.862,-2.852316
4.340000,-0.000,-0.001333,-0.027667,4.141,6.71,-0.029996,0.000407,0.000002,0.000924,0.000,0.001,-0.023438,-0.018000,0.000000,-0.046875,0.000000,0.115389,1,2.09,3.208,-39.460,1.862,-2.852412
4.342000,-0.000,-0.001136,-0.027568,4.141,6.71,-0.029949,0.000419,0.000003,0.000714,0.000,0.001,-0.023438,-0.018000,0.000000,-0.046875,0.000000,0.115389,1,2.09,3.209,-39.457,1.862,-2.852507
4.344000,-0.000,-0.001114,-0.027557,4.141,6.71,-0.029901,0.000431,0.000003,0.000680,0.000,0.001,-0.023438,-0.018000,0.000000,-0.046875,0.000000,0.115389,1,2.09,3.210,-39.453,1.862,-2.852603
4.346000,-0.000,-0.001042,-0.027521,4.141,6.71,-0.029855,0.000441,0.000003,0.000598,0.000,0.001,-0.023438,-0.018000,0.000000,-0.046875,0.000000,0.115389,1,2.09,3.211,-39.450,1.862,-2.852698
4.348000,-0.000,-0.001071,-0.027535,4.141,6.71,-0.029808,0.000450,0.000003,0.000617,0.000,0.001,-0.023438,-0.018000,0.000000,-0.046875,0.000000,0.115389,1,2.09,3.212,-39.446,1.862,-2.852793
4.350000,-0.000,-0.001012,-0.027506,4.141,6.71,-0.029762,0.000458,0.000004,0.000550,0.000,0.001,-0.023438,-0.018000,0.000000,-0.046875,0.000000,0.115389,1,2.09,3.213,-39.442,1.862,-2.852888
4.352000,-0.000,-0.000869,-0.027435,4.141,6.71,-0.029717,0.000465,0.000007,0.000398,0.000,0.001,-0.023438,-0.018000,0.000000,-0.046875,0.000000,0.115389,1,2.09,3.214,-39.439,1.862,-2.852983
4.354000,-0.000,-0.000845,-0.027422,4.141,6.71,-0.029672,0.000470,0.000007,0.000367,0.000,0.001,-0.023438,-0.018000,0.000000,-0.046875,0.000000,0.115389,1,2.09,3.215,-39.435,1.862,-2.853077
4.356000,-0.000,-0.000786,-0.027393,4.141,6.71,-0.029626,0.000475,0.000007,0.000304,0.000,0.001,-0.023438,-0.018000,0.000000,-0.046875,0.000000,0.115389,1,2.09,3.216,-39.432,1.862,-2.853171
4.358000,-0.000,-0.000632,-0.027316,4.141,6.71,-0.029582,0.000478,0.000008,0.000147,0.000,0.000,-0.023438,-0.018000,0.000000,-0.046875,0.000000,0.115389,1,2.09,3.217,-39.428,1.862,-2.853265
4.360000,-0.000,-0.000594,-0.027297,4.141,6.71,-0.029536,0.000479,0.000008,0.000106,0.000,0.000,-0.025000,-0.018000,0.000000,-0.050000,0.000000,0.123082,1,2.09,3.218,-39.425,1.862,-2.853359
4.362000,-0.000,-0.000592,-0.027296,4.141,6.71,-0.029492,0.000480,0.000009,0.000104,0.000,0.000,-0.025000,-0.018000,0.000000,-0.050000,0.000000,0.123082,1,2.09,3.219,-39.421,1.862,-2.853453
4.364000,-0.000,-0.000543,-0.027272,4.141,6.71,-0.029448,0.000479,0.000009,0.000055,0.000,0.000,-0.025000,-0.018000,0.000000,-0.050000,0.000000,0.123082,1,2.09,3.220,-39.417,1.862,-2.853547
4.366000,-0.000,-0.000498,-0.027249,4.141,6.71,-0.029404,0.000477,0.000009,0.000012,0.000,0.000,-0.025000,-0.018000,0.000000,-0.050000,0.000000,0.123082,1,2.09,3.221,-39.414,1.862,-2.853640
4.368000,-0.000,-0.000447,-0.027224,4.141,6.71,-0.029361,0.000474,0.000010,-0.000037,0.000,0.000,-0.025000,-0.018000,0.000000,-0.050000,0.000000,0.123082,1,2.09,3.222,-39.410,1.862,-2.853733
4.370000,-0.000,-0.000355,-0.027178,4.141,6.71,-0.029318,0.000470,0.000010,-0.000125,0.000,0.000,-0.025000,-0.018000,0.000000,-0.050000,0.000000,0.123082,1,2.09,3.223,-39.407,1.862,-2.853826
4.372000,-0.000,-0.000292,-0.027146,4.141,6.71,-0.029275,0.000465,0.000010,-0.000183,0.000,0.000,-0.025000,-0.018000,0.000000,-0.050000,0.000000,0.123082,1,2.09,3.224,-39.403,1.862,-2.853919
4.374000,-0.000,-0.000235,-0.027117,4.141,6.71,-0.029233,0.000458,0.000010,-0.000234,0.000,0.000,-0.025000,-0.018000,0.000000,-0.050000,0.000000,0.123082,1,2.09,3.225,-39.399,1.862,-2.854012
4.376000,-0.000,-0.000181,-0.027090,4.141,6.71,-0.029190,0.000450,0.000010,-0.000280,0.000,0.000,-0.025000,-0.018000,0.000000,-0.050000,0.000000,0.123082,1,2.09,3.226,-39.396,1.862,-2.854104
4.378000,-0.000,-0.000053,-0.027027,4.141,6.71,-0.029148,0.000441,0.000011,-0.000399,0.000,0.000,-0.025000,-0.018000,0.000000,-0.050000,0.000000,0.123082,1,2.09,3.227,-39.392,1.862,-2.854197
4.380000,-0.000,-0.000067,-0.027034,4.141,6.71,-0.029106,0.000431,0.000011,-0.000375,0.000,0.000,-0.025000,-0.018000,0.000000,-0.050000,0.000000,0.123082,1,2.09,3.228,-39.389,1.862,-2.854289
4.382000,-0.000,0.000032,-0.026984,4.141,6.71,-0.029064,0.000420,0.000011,-0.000462,0.000,0.000,-0.025000,-0.018000,0.000000,-0.050000,0.000000,0.123082,1,2.09,3.229,-39.385,1.862,-2.854381
4.384000,-0.000,0.000063,-0.026968,4.141,6.71,-0.029023,0.000407,0.000011,-0.000482,0.000,0.000,-0.025000,-0.018000,0.000000,-0.050000,0.000000,0.123082,1,2.09,3.230,-39.382,1.862,-2.854473
4.386000,-0.000,0.000128,-0.026936,4.141,6.71,-0.028982,0.000393,0.000012,-0.000533,0.000,0.000,-0.025000,-0.018000,0.000000,-0.050000,0.000000,0.123082,1,2.09,3.231,-39.378,1.862,-2.854564
4.388000,-0.000,0.000311,-0.026844,4.141,6.71,-0.028941,0.000378,0.000012,-0.000701,0.000,0.000,-0.025000,-0.018000,0.000000,-0.050000,0.000000,0.123082,1,2.09,3.232,-39.374,1.862,-2.854656
4.390000,-0.000,0.000375,-0.026813,4.141,6.71,-0.028899,0.000362,0.000012,-0.000749,0.000,0.000,-0.025000,-0.018000,0.000000,-0.050000,0.000000,0.123082,1,2.09,3.233,-39.371,1.862,-2.854748
4.392000,-0.000,0.000406,-0.026797,4.141,6.71,-0.028857,0.000345,0.000012,-0.000763,0.000,0.000,-0.025000,-0.018000,0.000000,-0.050000,0.000000,0.123082,1,2.09,3.234,-39.367,1.862,-2.854839
4.394000,-0.000,0.000524,-0.026738,4.141,6.71,-0.028816,0.000326,0.000012,-0.000863,0.000,0.000,-0.025000,-0.018000,0.000000,-0.050000,0.000000,0.123082,1,2.09,3.235,-39.364,1.862,-2.854930
4.396000,-0.000,0.000803,-0.026599,4.141,6.71,-0.028774,0.000307,0.000012,-0.001122,0.000,0.001,-0.025000,-0.018000,0.000000,-0.050000,0.000000,0.123082,1,2.09,3.236,-39.360,1.862,-2.855021
4.398000,-0.000,0.000661,-0.026669,4.141,6.71,-0.028731,0.000286,0.000013,-0.000960,0.000,0.000,-0.025000,-0.018000,0.000000,-0.050000,0.000000,0.123082,1,2.09,3.237,-39.356,1.862,-2.855113
4.400000,-0.000,-0.000264,-0.027132,4.141,6.71,-0.028689,0.000264,0.000000,0.000001,0.000,0.000,-0.025000,-0.018000,0.000000,-0.050000,0.000000,0.123082,1,2.09,3.238,-39.353,1.862,-2.855204
4.402000,-0.000,-0.000064,-0.027032,4.141,6.71,-0.028658,0.000243,0.000000,-0.000178,0.000,0.000,-0.025000,-0.018000,0.000000,-0.050000,0.000000,0.123082,1,2.09,3.239,-39.349,1.862,-2.855293
4.404000,-0.000,-0.000026,-0.027013,4.141,6.71,-0.028626,0.000220,0.000002,-0.000196,0.000,0.000,-0.025000,-0.018000,0.000000,-0.050000,0.000000,0.123082,1,2.09,3.240,-39.346,1.862,-2.855381
4.406000,-0.000,0.000178,-0.026911,4.141,6.71,-0.028593,0.000197,0.000002,-0.000377,0.000,0.000,-0.025000,-0.018000,0.000000,-0.050000,0.000000,0.123082,1,2.09,3.241,-39.342,1.862,-2.855470
4.408000,-0.000,0.000353,-0.026824,4.141,6.71,-0.028560,0.000172,0.000002,-0.000526,0.000,0.000,-0.025000,-0.018000,0.000000,-0.050000,0.000000,0.123082,1,2.09,3.242,-39.339,1.862,-2.855560
4.410000,-0.000,0.000553,-0.026724,4.141,6.71,-0.028525,0.000145,0.000002,-0.000700,0.000,0.000,-0.025000,-0.018000,0.000000,-0.050000,0.000000,0.123082,1,2.09,3.243,-39.335,1.862,-2.855649
4.412000,-0.000,0.000657,-0.026672,4.141,6.71,-0.028489,0.000118,0.000002,-0.000777,0.000,0.000,-0.025000,-0.018000,0.000000,-0.050000,0.000000,0.123082,1,2.09,3.244,-39.331,1.862,-2.855738
4.414000,-0.000,0.000901,-0.026550,4.141,6.71,-0.028453,0.000089,0.000002,-0.000992,0.000,0.001,-0.025000,-0.018000,0.000000,-0.050000,0.000000,0.123082,1,2.09,3.246,-39.328,1.862,-2.855827
4.416000,-0.000,0.000977,-0.026511,4.141,6.71,-0.028414,0.000059,0.000002,-0.001038,0.000,0.001,-0.025000,-0.018000,0.000000,-0.050000,0.000000,0.123082,1,2.09,3.247,-39.324,1.862,-2.855917
4.418000,-0.000,0.001387,-0.026306,4.141,6.71,-0.028376,0.000028,0.000002,-0.001417,0.000,0.001,-0.025000,-0.018000,0.000000,-0.050000,0.000000,0.123082,1,2.09,3.248,-39.321,1.862,-2.856006
4.420000,0.000,0.001544,-0.026228,4.141,6.71,-0.028335,-0.000005,0.000002,-0.001541,0.000,0.001,-0.026563,-0.018000,0.000000,-0.053125,0.000000,0.130775,1,2.09,3.249,-39.317,1.862,-2.856096
4.422000,0.000,0.001460,-0.026270,4.141,6.71,-0.028293,-0.000039,0.000002,-0.001423,0.000,0.001,-0.026563,-0.018000,0.000000,-0.053125,0.000000,0.130775,1,2.09,3.250,-39.313,1.862,-2.856186
4.424000,0.000,0.001635,-0.026183,4.141,6.71,-0.028252,-0.000074,0.000002,-0.001563,0.000,0.001,-0.026563,-0.018000,0.000000,-0.053125,0.000000,0.130775,1,2.09,3.251,-39.310,1.862,-2.856275
4.426000,0.000,0.001806,-0.026097,4.141,6.71,-0.028211,-0.000110,0.000002,-0.001698,0.000,0.001,-0.026563,-0.018000,0.000000,-0.053125,0.000000,0.130775,1,2.09,3.252,-39.306,1.862,-2.856365
4.428000,0.000,0.002043,-0.025979,4.141,6.71,-0.028169,-0.000147,0.000002,-0.001897,-0.000,0.001,-0.026563,-0.018000,0.000000,-0.053125,0.000000,0.130775,1,2.09,3.253,-39.303,1.862,-2.856454
4.430000,0.000,0.002652,-0.025674,4.141,6.71,-0.028125,-0.000185,0.000002,-0.002469,-0.000,0.002,-0.026563,-0.018000,0.000000,-0.053125,0.000000,0.130775,1,2.09,3.254,-39.299,1.862,-2.856544
4.432000,0.000,0.002724,-0.025638,4.141,6.71,-0.028076,-0.000226,0.000002,-0.002500,-0.000,0.002,-0.026563,-0.018000,0.000000,-0.053125,0.000000,0.130775,1,2.09,3.255,-39.295,1.862,-2.856634
4.434000,0.000,0.002668,-0.025666,4.141,6.71,-0.028027,-0.000267,0.000001,-0.002403,-0.000,0.002,-0.026563,-0.018000,0.000000,-0.053125,0.000000,0.130775,1,2.09,3.256,-39.292,1.862,-2.856725
4.436000,0.000,0.002503,-0.025749,4.141,6.71,-0.027980,-0.000309,0.000001,-0.002195,-0.000,0.002,-0.026563,-0.018000,0.000000,-0.053125,0.000000,0.130775,1,2.09,3.257,-39.288,1.862,-2.856815
4.438000,0.000,0.002093,-0.025954,4.141,6.71,-0.027935,-0.000351,0.000001,-0.001742,-0.000,0.001,-0.026563,-0.018000,0.000000,-0.053125,0.000000,0.130775,1,2.09,3.258,-39.285,1.862,-2.856904
4.440000,0.000,0.001427,-0.026287,4.141,6.71,-0.027895,-0.000393,0.000000,-0.001034,-0.000,0.001,-0.026563,-0.018000,0.000000,-0.053125,0.000000,0.130775,1,2.09,3.259,-39.281,1.862,-2.856992
4.442000,0.000,0.001877,-0.026061,4.141,6.71,-0.027863,-0.000435,0.000000,-0.001443,-0.000,0.001,-0.026563,-0.018000,0.000000,-0.053125,0.000000,0.130775,1,2.09,3.260,-39.278,1.862,-2.857079
4.444000,0.000,0.002023,-0.025989,4.141,6.71,-0.027827,-0.000478,-0.000000,-0.001545,-0.000,0.001,-0.026563,-0.018000,0.000000,-0.053125,0.000000,0.130775,1,2.09,3.261,-39.274,1.862,-2.857167
4.446000,0.000,0.002674,-0.025663,4.141,6.71,-0.027790,-0.000522,-0.000000,-0.002152,-0.000,0.002,-0.026563,-0.018000,0.000000,-0.053125,0.000000,0.130775,1,2.09,3.262,-39.270,1.862,-2.857254
4.448000,0.000,0.002623,-0.025688,4.141,6.71,-0.027748,-0.000568,-0.000001,-0.002054,-0.000,0.002,-0.026563,-0.018000,0.000000,-0.053125,0.000000,0.130775,1,2.09,3.263,-39.267,1.862,-2.857342
4.450000,0.000,0.002948,-0.025526,4.141,6.71,-0.027707,-0.000615,-0.000001,-0.002332,-0.000,0.002,-0.026563,-0.018000,0.000000,-0.053125,0.000000,0.130775,1,2.09,3.264,-39.263,1.862,-2.857430
4.452000,0.000,0.002707,-0.025647,4.141,6.71,-0.027663,-0.000663,-0.000002,-0.002042,-0.000,0.002,-0.026563,-0.018000,0.000000,-0.053125,0.000000,0.130775,1,2.09,3.265,-39.260,1.862,-2.857518
4.454000,0.000,0.002899,-0.025551,4.141,6.71,-0.027623,-0.000711,-0.000002,-0.002185,-0.000,0.002,-0.026563,-0.018000,0.000000,-0.053125,0.000000,0.130775,1,2.09,3.266,-39.256,1.862,-2.857606
4.456000,0.000,0.002227,-0.025886,4.141,6.71,-0.027581,-0.000760,-0.000007,-0.001460,-0.000,0.001,-0.026563,-0.018000,0.000000,-0.053125,0.000000,0.130775,1,2.09,3.267,-39.252,1.862,-2.857694
4.458000,0.000,0.002447,-0.025777,4.141,6.71,-0.027547,-0.000809,-0.000008,-0.001630,-0.000,0.002,-0.026563,-0.018000,0.000000,-0.053125,0.000000,0.130775,1,2.09,3.268,-39.249,1.862,-2.857780
4.460000,0.000,0.003276,-0.025362,4.141,6.71,-0.027512,-0.000858,-0.000008,-0.002409,-0.000,0.002,-0.028125,-0.018000,0.000000,-0.056250,0.000000,0.138467,1,2.09,3.269,-39.245,1.862,-2.857866
4.462000,0.000,0.003370,-0.025315,4.141,6.71,-0.027469,-0.000910,-0.000009,-0.002451,-0.000,0.002,-0.028125,-0.018000,0.000000,-0.056250,0.000000,0.138467,1,2.09,3.270,-39.242,1.862,-2.857954
4.464000,0.000,0.003489,-0.025256,4.141,6.71,-0.027426,-0.000963,-0.000009,-0.002517,-0.000,0.002,-0.028125,-0.018000,0.000000,-0.056250,0.000000,0.138467,1,2.09,3.271,-39.238,1.862,-2.858041
4.466000,0.001,0.004042,-0.024979,4.141,6.71,-0.027382,-0.001016,-0.000010,-0.003017,-0.000,0.003,-0.028125,-0.018000,0.000000,-0.056250,0.000000,0.138467,1,2.09,3.272,-39.235,1.862,-2.858129
4.468000,0.001,0.004160,-0.024920,4.141,6.71,-0.027334,-0.001071,-0.000010,-0.003079,-0.000,0.003,-0.028125,-0.018000,0.000000,-0.056250,0.000000,0.138467,1,2.09,3.273,-39.231,1.862,-2.858217
4.470000,0.001,0.003658,-0.025171,4.141,6.71,-0.027286,-0.001126,-0.000011,-0.002521,-0.000,0.002,-0.028125,-0.018000,0.000000,-0.056250,0.000000,0.138467,1,2.09,3.274,-39.227,1.862,-2.858305
4.472000,0.001,0.003669,-0.025166,4.141,6.71,-0.027243,-0.001181,-0.000012,-0.002475,-0.000,0.002,-0.028125,-0.018000,0.000000,-0.056250,0.000000,0.138467,1,2.09,3.275,-39.224,1.862,-2.858392
4.474000,0.001,0.003677,-0.025161,4.141,6.71,-0.027202,-0.001237,-0.000013,-0.002428,-0.001,0.002,-0.028125,-0.018000,0.000000,-0.056250,0.000000,0.138467,1,2.09,3.276,-39.220,1.862,-2.858478
4.476000,0.001,0.003494,-0.025253,4.141,6.71,-0.027161,-0.001293,-0.000014,-0.002187,-0.001,0.002,-0.028125,-0.018000,0.000000,-0.056250,0.000000,0.138467,1,2.09,3.277,-39.217,1.862,-2.858565
4.478000,0.001,0.003812,-0.025094,4.141,6.71,-0.027123,-0.001349,-0.000015,-0.002448,-0.001,0.003,-0.028125,-0.018000,0.000000,-0.056250,0.000000,0.138467,1,2.09,3.278,-39.213,1.862,-2.858650
4.480000,0.001,0.004063,-0.024968,4.141,6.71,-0.027082,-0.001406,-0.000015,-0.002643,-0.001,0.003,-0.028125,-0.018000,0.000000,-0.056250,0.000000,0.138467,1,2.09,3.279,-39.209,1.862,-2.858736
4.482000,0.001,0.004193,-0.024903,4.141,6.71,-0.027040,-0.001464,-0.000016,-0.002713,-0.001,0.003,-0.028125,-0.018000,0.000000,-0.056250,0.000000,0.138467,1,2.09,3.280,-39.206,1.862,-2.858823
4.484000,0.001,0.003954,-0.025023,4.141,6.71,-0.026997,-0.001523,-0.000018,-0.002414,-0.001,0.003,-0.028125,-0.018000,0.000000,-0.056250,0.000000,0.138467,1,2.09,3.281,-39.202,1.862,-2.858909
4.486000,0.001,0.004714,-0.024643,4.141,6.71,-0.026958,-0.001581,-0.000019,-0.003115,-0.001,0.003,-0.028125,-0.018000,0.000000,-0.056250,0.000000,0.138467,1,2.09,3.282,-39.199,1.862,-2.858994
4.488000,0.001,0.004301,-0.024849,4.141,6.71,-0.026911,-0.001642,-0.000021,-0.002639,-0.001,0.003,-0.028125,-0.018000,0.000000,-0.056250,0.000000,0.138467,1,2.09,3.283,-39.195,1.862,-2.859081
4.490000,0.001,0.003981,-0.025010,4.141,6.71,-0.026870,-0.001701,-0.000022,-0.002257,-0.001,0.003,-0.028125,-0.018000,0.000000,-0.056250,0.000000,0.138467,1,2.09,3.284,-39.192,1.862,-2.859166
4.492000,0.001,0.004004,-0.024998,4.141,6.71,-0.026833,-0.001761,-0.000024,-0.002220,-0.001,0.003,-0.028125,-0.018000,0.000000,-0.056250,0.000000,0.138467,1,2.09,3.285,-39.188,1.862,-2.859251
4.494000,0.001,0.004564,-0.024718,4.141,6.71,-0.026796,-0.001821,-0.000025,-0.002718,-0.001,0.003,-0.028125,-0.018000,0.000000,-0.056250,0.000000,0.138467,1,2.09,3.286,-39.184,1.862,-2.859335
4.496000,0.001,0.003977,-0.025012,4.141,6.71,-0.026754,-0.001882,-0.000026,-0.002068,-0.001,0.003,-0.028125,-0.018000,0.000000,-0.056250,0.000000,0.138467,1,2.09,3.287,-39.181,1.862,-2.859421
4.498000,0.001,0.004255,-0.024872,4.141,6.71,-0.026720,-0.001943,-0.000028,-0.002285,-0.001,0.003,-0.028125,-0.018000,0.000000,-0.056250,0.000000,0.138467,1,2.09,3.288,-39.177,1.862,-2.859505
4.500000,0.001,0.002009,-0.025996,4.141,6.71,-0.026683,-0.002004,0.000000,-0.000005,0.000,0.001,-0.028125,-0.018000,0.000000,-0.056250,0.000000,0.138467,1,2.09,3.289,-39.174,1.862,-2.859589
4.502000,0.001,0.002366,-0.025817,4.141,6.71,-0.026669,-0.002062,-0.000002,-0.000303,0.000,0.002,-0.028125,-0.018000,0.000000,-0.056250,0.000000,0.138467,1,2.09,3.290,-39.170,1.862,-2.859669
4.504000,0.001,0.002617,-0.025691,4.141,6.71,-0.026652,-0.002120,-0.000005,-0.000492,0.000,0.002,-0.028125,-0.018000,0.000000,-0.056250,0.000000,0.138467,1,2.09,3.291,-39.166,1.862,-2.859750
4.506000,0.001,0.002735,-0.025633,4.141,6.71,-0.026632,-0.002178,-0.000019,-0.000538,0.000,0.002,-0.028125,-0.018000,0.000000,-0.056250,0.000000,0.138467,1,2.09,3.292,-39.163,1.862,-2.859830
4.508000,0.001,0.003342,-0.025329,4.141,6.71,-0.026612,-0.002237,-0.000020,-0.001084,-0.001,0.002,-0.028125,-0.018000,0.000000,-0.056250,0.000000,0.138467,1,2.09,3.293,-39.159,1.862,-2.859910
4.510000,0.001,0.003918,-0.025041,4.141,6.71,-0.026587,-0.002297,-0.000022,-0.001599,-0.001,0.003,-0.028125,-0.018000,0.000000,-0.056250,0.000000,0.138467,1,2.09,3.294,-39.156,1.862,-2.859991
4.512000,0.001,0.004037,-0.024981,4.141,6.71,-0.026556,-0.002359,-0.000024,-0.001655,-0.001,0.003,-0.028125,-0.018000,0.000000,-0.056250,0.000000,0.138467,1,2.09,3.295,-39.152,1.862,-2.860074
4.514000,0.001,0.004547,-0.024726,4.141,6.71,-0.026524,-0.002421,-0.000025,-0.002101,-0.001,0.003,-0.028125,-0.018000,0.000000,-0.056250,0.000000,0.138467,1,2.09,3.296,-39.149,1.862,-2.860156
4.516000,0.001,0.005805,-0.024097,4.141,6.71,-0.026488,-0.002485,-0.000026,-0.003295,-0.001,0.004,-0.028125,-0.018000,0.000000,-0.056250,0.000000,0.138467,1,2.09,3.297,-39.145,1.862,-2.860239
4.518000,0.001,0.005780,-0.024110,4.141,6.71,-0.026440,-0.002551,-0.000027,-0.003201,-0.001,0.004,-0.028125,-0.018000,0.000000,-0.056250,0.000000,0.138467,1,2.09,3.298,-39.141,1.862,-2.860324
4.520000,0.001,0.005939,-0.024030,4.141,6.71,-0.026394,-0.002617,-0.000029,-0.003293,-0.001,0.004,-0.029687,-0.018000,0.000000,-0.059375,0.000000,0.146160,1,2.09,3.299,-39.138,1.862,-2.860409
4.522000,0.001,0.006273,-0.023863,4.141,6.71,-0.026347,-0.002684,-0.000030,-0.003559,-0.001,0.004,-0.029687,-0.018000,0.000000,-0.059375,0.000000,0.146160,1,2.09,3.300,-39.134,1.862,-2.860493
4.524000,0.001,0.006049,-0.023975,4.141,6.71,-0.026297,-0.002751,-0.000033,-0.003265,-0.001,0.004,-0.029687,-0.018000,0.000000,-0.059375,0.000000,0.146160,1,2.09,3.301,-39.131,1.862,-2.860578
4.526000,0.001,0.005681,-0.024160,4.141,6.71,-0.026250,-0.002818,-0.000034,-0.002828,-0.001,0.004,-0.029687,-0.018000,0.000000,-0.059375,0.000000,0.146160,1,2.09,3.302,-39.127,1.862,-2.860663
4.528000,0.001,0.005518,-0.024241,4.141,6.71,-0.026209,-0.002884,-0.000039,-0.002596,-0.001,0.004,-0.029687,-0.018000,0.000000,-0.059375,0.000000,0.146160,1,2.09,3.303,-39.123,1.862,-2.860746
4.530000,0.001,0.005931,-0.024034,4.141,6.71,-0.026169,-0.002949,-0.000040,-0.002942,-0.001,0.004,-0.029687,-0.018000,0.000000,-0.059375,0.000000,0.146160,1,2.09,3.304,-39.120,1.862,-2.860829
4.532000,0.002,0.005832,-0.024084,4.141,6.71,-0.026126,-0.003016,-0.000042,-0.002775,-0.001,0.004,-0.029687,-0.018000,0.000000,-0.059375,0.000000,0.146160,1,2.09,3.305,-39.116,1.862,-2.860912
4.534000,0.002,0.006150,-0.023925,4.141,6.71,-0.026086,-0.003082,-0.000043,-0.003025,-0.001,0.004,-0.029687,-0.018000,0.000000,-0.059375,0.000000,0.146160,1,2.09,3.306,-39.113,1.862,-2.860995
4.536000,0.002,0.005773,-0.024113,4.141,6.71,-0.026042,-0.003148,-0.000046,-0.002579,-0.001,0.004,-0.029687,-0.018000,0.000000,-0.059375,0.000000,0.146160,1,2.09,3.307,-39.109,1.862,-2.861078
4.538000,0.002,0.006538,-0.023731,4.141,6.71,-0.026004,-0.003214,-0.000048,-0.003277,-0.001,0.004,-0.029687,-0.018000,0.000000,-0.059375,0.000000,0.146160,1,2.09,3.308,-39.105,1.862,-2.861160
4.540000,0.002,0.006756,-0.023622,4.141,6.71,-0.025958,-0.003281,-0.000049,-0.003426,-0.002,0.005,-0.029687,-0.018000,0.000000,-0.059375,0.000000,0.146160,1,2.09,3.309,-39.102,1.862,-2.861243
4.542000,0.002,0.006770,-0.023615,4.141,6.71,-0.025911,-0.003348,-0.000051,-0.003370,-0.002,0.005,-0.029687,-0.018000,0.000000,-0.059375,0.000000,0.146160,1,2.09,3.310,-39.098,1.862,-2.861326
4.544000,0.002,0.006601,-0.023699,4.141,6.71,-0.025865,-0.003416,-0.000055,-0.003131,-0.002,0.004,-0.029687,-0.018000,0.000000,-0.059375,0.000000,0.146160,1,2.09,3.311,-39.095,1.862,-2.861409
4.546000,0.002,0.007267,-0.023367,4.141,6.71,-0.025822,-0.003482,-0.000056,-0.003728,-0.002,0.005,-0.029687,-0.018000,0.000000,-0.059375,0.000000,0.146160,1,2.09,3.312,-39.091,1.862,-2.861492
4.548000,0.002,0.006941,-0.023530,4.141,6.71,-0.025773,-0.003550,-0.000058,-0.003333,-0.002,0.005,-0.029687,-0.018000,0.000000,-0.059375,0.000000,0.146160,1,2.09,3.313,-39.088,1.862,-2.861575
4.550000,0.002,0.006420,-0.023790,4.141,6.71,-0.025728,-0.003617,-0.000061,-0.002743,-0.002,0.004,-0.029687,-0.018000,0.000000,-0.059375,0.000000,0.146160,1,2.09,3.314,-39.084,1.862,-2.861658
4.552000,0.002,0.006469,-0.023765,4.141,6.71,-0.025689,-0.003683,-0.000064,-0.002723,-0.002,0.004,-0.029687,-0.018000,0.000000,-0.059375,0.000000,0.146160,1,2.09,3.315,-39.080,1.862,-2.861739
4.554000,0.002,0.006821,-0.023589,4.141,6.71,-0.025651,-0.003748,-0.000066,-0.003008,-0.002,0.005,-0.029687,-0.018000,0.000000,-0.059375,0.000000,0.146160,1,2.09,3.316,-39.077,1.862,-2.861820
4.556000,0.002,0.006355,-0.023822,4.141,6.71,-0.025610,-0.003814,-0.000069,-0.002473,-0.002,0.004,-0.029687,-0.018000,0.000000,-0.059375,0.000000,0.146160,1,2.09,3.317,-39.073,1.862,-2.861901
4.558000,0.002,0.005972,-0.024014,4.141,6.71,-0.025574,-0.003878,-0.000094,-0.001999,-0.002,0.004,-0.029687,-0.018000,0.000000,-0.059375,0.000000,0.146160,1,2.09,3.318,-39.070,1.862,-2.861982
4.560000,0.002,0.005727,-0.024136,4.141,6.71,-0.025543,-0.003942,-0.000101,-0.001685,-0.002,0.004,-0.031250,-0.018000,0.000000,-0.062500,0.000000,0.153853,1,2.09,3.319,-39.066,1.862,-2.862061
4.562000,0.002,0.005714,-0.024143,4.141,6.71,-0.025514,-0.004004,-0.000105,-0.001605,-0.002,0.004,-0.031250,-0.018000,0.000000,-0.062500,0.000000,0.153853,1,2.09,3.320,-39.062,1.862,-2.862140
4.564000,0.002,0.006091,-0.023954,4.141,6.71,-0.025487,-0.004067,-0.000106,-0.001918,-0.002,0.004,-0.031250,-0.018000,0.000000,-0.062500,0.000000,0.153853,1,2.09,3.321,-39.059,1.862,-2.862218
4.566000,0.002,0.006115,-0.023942,4.141,6.71,-0.025456,-0.004130,-0.000110,-0.001876,-0.002,0.004,-0.031250,-0.018000,0.000000,-0.062500,0.000000,0.153853,1,2.09,3.322,-39.055,1.862,-2.862297
4.568000,0.002,0.006791,-0.023605,4.141,6.71,-0.025426,-0.004192,-0.000112,-0.002487,-0.002,0.005,-0.031250,-0.018000,0.000000,-0.062500,0.000000,0.153853,1,2.09,3.323,-39.052,1.862,-2.862376
4.570000,0.002,0.007029,-0.023485,4.141,6.71,-0.025389,-0.004256,-0.000115,-0.002658,-0.002,0.005,-0.031250,-0.018000,0.000000,-0.062500,0.000000,0.153853,1,2.09,3.324,-39.048,1.862,-2.862456
4.572000,0.002,0.007463,-0.023268,4.141,6.71,-0.025351,-0.004320,-0.000117,-0.003026,-0.002,0.005,-0.031250,-0.018000,0.000000,-0.062500,0.000000,0.153853,1,2.09,3.325,-39.045,1.862,-2.862536
4.574000,0.002,0.007623,-0.023189,4.141,6.71,-0.025310,-0.004384,-0.000119,-0.003120,-0.002,0.005,-0.031250,-0.018000,0.000000,-0.062500,0.000000,0.153853,1,2.09,3.326,-39.041,1.862,-2.862616
4.576000,0.002,0.007987,-0.023007,4.141,6.71,-0.025267,-0.004448,-0.000121,-0.003418,-0.002,0.005,-0.031250,-0.018000,0.000000,-0.062500,0.000000,0.153853,1,2.09,3.327,-39.037,1.862,-2.862697
4.578000,0.002,0.007764,-0.023118,4.141,6.71,-0.025222,-0.004513,-0.000125,-0.003126,-0.002,0.005,-0.031250,-0.018000,0.000000,-0.062500,0.000000,0.153853,1,2.09,3.328,-39.034,1.862,-2.862778
4.580000,0.002,0.008356,-0.022822,4.141,6.71,-0.025180,-0.004576,-0.000126,-0.003654,-0.002,0.006,-0.031250,-0.018000,0.000000,-0.062500,0.000000,0.153853,1,2.09,3.329,-39.030,1.862,-2.862858
4.582000,0.002,0.008857,-0.022572,4.141,6.71,-0.025133,-0.004641,-0.000128,-0.004089,-0.002,0.006,-0.031250,-0.018000,0.000000,-0.062500,0.000000,0.153853,1,2.09,3.330,-39.027,1.862,-2.862940
4.584000,0.002,0.008213,-0.022893,4.141,6.71,-0.025081,-0.004705,-0.000132,-0.003376,-0.002,0.005,-0.031250,-0.018000,0.000000,-0.062500,0.000000,0.153853,1,2.09,3.331,-39.023,1.862,-2.863021
4.586000,0.002,0.008089,-0.022956,4.141,6.71,-0.025038,-0.004768,-0.000135,-0.003185,-0.002,0.005,-0.031250,-0.018000,0.000000,-0.062500,0.000000,0.153853,1,2.09,3.332,-39.019,1.862,-2.863102
4.588000,0.002,0.008979,-0.022510,4.141,6.71,-0.024996,-0.004830,-0.000137,-0.004012,-0.002,0.006,-0.031250,-0.018000,0.000000,-0.062500,0.000000,0.153853,1,2.09,3.333,-39.016,1.862,-2.863181
4.590000,0.002,0.008539,-0.022730,4.141,6.71,-0.024946,-0.004893,-0.000141,-0.003505,-0.002,0.006,-0.031250,-0.018000,0.000000,-0.062500,0.000000,0.153853,1,2.09,3.334,-39.012,1.862,-2.863262
4.592000,0.002,0.008072,-0.022964,4.141,6.71,-0.024902,-0.004955,-0.000143,-0.002974,-0.002,0.005,-0.031250,-0.018000,0.000000,-0.062500,0.000000,0.153853,1,2.09,3.335,-39.009,1.862,-2.863343
4.594000,0.003,0.008319,-0.022841,4.141,6.71,-0.024863,-0.005015,-0.000146,-0.003158,-0.002,0.006,-0.031250,-0.018000,0.000000,-0.062500,0.000000,0.153853,1,2.09,3.336,-39.005,1.862,-2.863421
4.596000,0.003,0.008390,-0.022805,4.141,6.71,-0.024823,-0.005075,-0.000149,-0.003166,-0.002,0.006,-0.031250,-0.018000,0.000000,-0.062500,0.000000,0.153853,1,2.09,3.337,-39.001,1.862,-2.863500
4.598000,0.003,0.007959,-0.023021,4.141,6.71,-0.024782,-0.005134,-0.000151,-0.002673,-0.002,0.005,-0.031250,-0.018000,0.000000,-0.062500,0.000000,0.153853,1,2.09,3.338,-38.998,1.862,-2.863579
4.600000,0.003,0.005204,-0.024398,4.141,6.71,-0.024747,-0.005192,0.000000,-0.000012,0.000,0.003,-0.031250,-0.018000,0.000000,-0.062500,0.000000,0.153853,1,2.09,3.339,-38.994,1.862,-2.863657
4.602000,0.003,0.005551,-0.024225,4.141,6.71,-0.024740,-0.005243,-0.000005,-0.000303,0.000,0.004,-0.031250,-0.018000,0.000000,-0.062500,0.000000,0.153853,1,2.09,3.340,-38.991,1.862,-2.863730
4.604000,0.003,0.006224,-0.023888,4.141,6.71,-0.024730,-0.005294,-0.000007,-0.000923,0.000,0.004,-0.031250,-0.018000,0.000000,-0.062500,0.000000,0.153853,1,2.09,3.341,-38.987,1.862,-2.863803
4.606000,0.003,0.007287,-0.023357,4.141,6.71,-0.024713,-0.005347,-0.000008,-0.001932,0.000,0.005,-0.031250,-0.018000,0.000000,-0.062500,0.000000,0.153853,1,2.09,3.342,-38.984,1.862,-2.863877
4.608000,0.003,0.007654,-0.023173,4.141,6.71,-0.024686,-0.005401,-0.000013,-0.002240,-0.003,0.005,-0.031250,-0.018000,0.000000,-0.062500,0.000000,0.153853,1,2.09,3.343,-38.980,1.862,-2.863953
4.610000,0.003,0.007773,-0.023113,4.141,6.71,-0.024655,-0.005455,-0.000048,-0.002271,-0.003,0.005,-0.031250,-0.018000,0.000000,-0.062500,0.000000,0.153853,1,2.09,3.344,-38.976,1.862,-2.864029
4.612000,0.003,0.008107,-0.022946,4.141,6.71,-0.024625,-0.005509,-0.000050,-0.002549,-0.003,0.005,-0.031250,-0.018000,0.000000,-0.062500,0.000000,0.153853,1,2.09,3.345,-38.973,1.862,-2.864106
4.614000,0.003,0.008772,-0.022614,4.141,6.71,-0.024591,-0.005562,-0.000051,-0.003158,-0.003,0.006,-0.031250,-0.018000,0.000000,-0.062500,0.000000,0.153853,1,2.09,3.346,-38.969,1.862,-2.864183
4.616000,0.003,0.008112,-0.022944,4.141,6.71,-0.024551,-0.005617,-0.000057,-0.002439,-0.003,0.005,-0.031250,-0.018000,0.000000,-0.062500,0.000000,0.153853,1,2.09,3.347,-38.966,1.862,-2.864261
4.618000,0.003,0.008482,-0.022759,4.141,6.71,-0.024519,-0.005669,-0.000059,-0.002754,-0.003,0.006,-0.031250,-0.018000,0.000000,-0.062500,0.000000,0.153853,1,2.09,3.348,-38.962,1.862,-2.864338
4.620000,0.003,0.009074,-0.022463,4.141,6.71,-0.024484,-0.005722,-0.000062,-0.003291,-0.003,0.006,-0.032812,-0.018000,0.000000,-0.065625,0.000000,0.161546,1,2.09,3.349,-38.958,1.862,-2.864415
4.622000,0.003,0.008952,-0.022524,4.141,6.71,-0.024444,-0.005774,-0.000066,-0.003112,-0.003,0.006,-0.032812,-0.018000,0.000000,-0.065625,0.000000,0.161546,1,2.09,3.350,-38.955,1.862,-2.864492
4.624000,0.003,0.008094,-0.022953,4.141,6.71,-0.024405,-0.005826,-0.000070,-0.002198,-0.003,0.005,-0.032812,-0.018000,0.000000,-0.065625,0.000000,0.161546,1,2.09,3.351,-38.951,1.862,-2.864570
4.626000,0.003,0.008314,-0.022843,4.141,6.71,-0.024376,-0.005875,-0.000073,-0.002365,-0.003,0.006,-0.032812,-0.018000,0.000000,-0.065625,0.000000,0.161546,1,2.09,3.352,-38.948,1.862,-2.864645
4.628000,0.003,0.008773,-0.022613,4.141,6.71,-0.024345,-0.005924,-0.000075,-0.002774,-0.003,0.006,-0.032812,-0.018000,0.000000,-0.065625,0.000000,0.161546,1,2.09,3.353,-38.944,1.862,-2.864721
4.630000,0.003,0.008600,-0.022700,4.141,6.71,-0.024311,-0.005972,-0.000079,-0.002548,-0.003,0.006,-0.032812,-0.018000,0.000000,-0.065625,0.000000,0.161546,1,2.09,3.354,-38.940,1.862,-2.864798
4.632000,0.003,0.008639,-0.022680,4.141,6.71,-0.024278,-0.006020,-0.000083,-0.002536,-0.003,0.006,-0.032812,-0.018000,0.000000,-0.065625,0.000000,0.161546,1,2.09,3.355,-38.937,1.862,-2.864874
4.634000,0.003,0.008866,-0.022567,4.141,6.71,-0.024247,-0.006067,-0.000086,-0.002713,-0.003,0.006,-0.032812,-0.018000,0.000000,-0.065625,0.000000,0.161546,1,2.09,3.356,-38.933,1.862,-2.864949
4.636000,0.003,0.008780,-0.022610,4.141,6.71,-0.024213,-0.006113,-0.000090,-0.002577,-0.003,0.006,-0.032812,-0.018000,0.000000,-0.065625,0.000000,0.161546,1,2.09,3.357,-38.930,1.862,-2.865025
4.638000,0.003,0.008369,-0.022816,4.141,6.71,-0.024181,-0.006158,-0.000092,-0.002118,-0.003,0.006,-0.032812,-0.018000,0.000000,-0.065625,0.000000,0.161546,1,2.09,3.358,-38.926,1.862,-2.865101
4.640000,0.003,0.008322,-0.022839,4.141,6.71,-0.024153,-0.006202,-0.000098,-0.002023,-0.003,0.006,-0.032812,-0.018000,0.000000,-0.065625,0.000000,0.161546,1,2.09,3.359,-38.922,1.862,-2.865175
4.642000,0.003,0.008294,-0.022853,4.141,6.71,-0.024127,-0.006244,-0.000102,-0.001947,-0.003,0.006,-0.032812,-0.018000,0.000000,-0.065625,0.000000,0.161546,1,2.09,3.360,-38.919,1.862,-2.865250
4.644000,0.003,0.008090,-0.022955,4.141,6.71,-0.024102,-0.006286,-0.000107,-0.001697,-0.003,0.005,-0.032812,-0.018000,0.000000,-0.065625,0.000000,0.161546,1,2.09,3.361,-38.915,1.862,-2.865324
4.646000,0.003,0.008390,-0.022805,4.141,6.71,-0.024079,-0.006326,-0.000110,-0.001954,-0.003,0.006,-0.032812,-0.018000,0.000000,-0.065625,0.000000,0.161546,1,2.09,3.362,-38.912,1.862,-2.865397
4.648000,0.003,0.008124,-0.022938,4.141,6.71,-0.024053,-0.006366,-0.000115,-0.001644,-0.003,0.005,-0.032812,-0.018000,0.000000,-0.065625,0.000000,0.161546,1,2.09,3.363,-38.908,1.862,-2.865471
4.650000,0.003,0.008280,-0.022860,4.141,6.71,-0.024031,-0.006405,-0.000118,-0.001758,-0.003,0.006,-0.032812,-0.018000,0.000000,-0.065625,0.000000,0.161546,1,2.09,3.364,-38.905,1.862,-2.865545
4.652000,0.003,0.008805,-0.022598,4.141,6.71,-0.024007,-0.006443,-0.000119,-0.002243,-0.003,0.006,-0.032812,-0.018000,0.000000,-0.065625,0.000000,0.161546,1,2.09,3.365,-38.901,1.862,-2.865618
4.654000,0.003,0.008852,-0.022574,4.141,6.71,-0.023979,-0.006481,-0.000124,-0.002247,-0.003,0.006,-0.032812,-0.018000,0.000000,-0.065625,0.000000,0.161546,1,2.09,3.366,-38.897,1.862,-2.865692
4.656000,0.003,0.008705,-0.022648,4.141,6.71,-0.023951,-0.006518,-0.000128,-0.002059,-0.003,0.006,-0.032812,-0.018000,0.000000,-0.065625,0.000000,0.161546,1,2.09,3.367,-38.894,1.862,-2.865767
4.658000,0.003,0.008687,-0.022656,4.141,6.71,-0.023925,-0.006554,-0.000133,-0.002000,-0.003,0.006,-0.032812,-0.018000,0.000000,-0.065625,0.000000,0.161546,1,2.09,3.368,-38.890,1.862,-2.865840
4.660000,0.003,0.008849,-0.022576,4.141,6.71,-0.023900,-0.006589,-0.000136,-0.002124,-0.003,0.006,-0.032812,-0.018000,0.000000,-0.065625,0.000000,0.161546,1,2.09,3.369,-38.887,1.862,-2.865914
4.662000,0.003,0.008165,-0.022918,4.141,6.71,-0.023873,-0.006623,-0.000179,-0.001363,-0.003,0.005,-0.032812,-0.018000,0.000000,-0.065625,0.000000,0.161546,1,2.09,3.370,-38.883,1.862,-2.865987
4.664000,0.003,0.008070,-0.022965,4.141,6.71,-0.023854,-0.006655,-0.000188,-0.001227,-0.003,0.005,-0.032812,-0.018000,0.000000,-0.065625,0.000000,0.161546,1,2.09,3.371,-38.879,1.862,-2.866060
4.666000,0.003,0.008205,-0.022897,4.141,6.71,-0.023836,-0.006686,-0.000190,-0.001329,-0.003,0.005,-0.032812,-0.018000,0.000000,-0.065625,0.000000,0.161546,1,2.09,3.372,-38.876,1.862,-2.866132
4.668000,0.003,0.008273,-0.022864,4.141,6.71,-0.023817,-0.006716,-0.000195,-0.001362,-0.003,0.006,-0.032812,-0.018000,0.000000,-0.065625,0.000000,0.161546,1,2.09,3.373,-38.872,1.862,-2.866204
4.670000,0.003,0.008088,-0.022956,4.141,6.71,-0.023798,-0.006745,-0.000198,-0.001145,-0.003,0.005,-0.032812,-0.018000,0.000000,-0.065625,0.000000,0.161546,1,2.09,3.374,-38.869,1.862,-2.866276
4.672000,0.003,0.008249,-0.022876,4.141,6.71,-0.023781,-0.006773,-0.000204,-0.001272,-0.003,0.005,-0.032812,-0.018000,0.000000,-0.065625,0.000000,0.161546,1,2.09,3.375,-38.865,1.862,-2.866347
4.674000,0.003,0.008622,-0.022689,4.141,6.71,-0.023763,-0.006800,-0.000206,-0.001616,-0.003,0.006,-0.032812,-0.018000,0.000000,-0.065625,0.000000,0.161546,1,2.09,3.376,-38.861,1.862,-2.866419
4.676000,0.003,0.008781,-0.022609,4.141,6.71,-0.023742,-0.006827,-0.000208,-0.001746,-0.003,0.006,-0.032812,-0.018000,0.000000,-0.065625,0.000000,0.161546,1,2.09,3.377,-38.858,1.862,-2.866491
4.678000,0.003,0.008852,-0.022574,4.141,6.71,-0.023719,-0.006853,-0.000211,-0.001788,-0.003,0.006,-0.032812,-0.018000,0.000000,-0.065625,0.000000,0.161546,1,2.09,3.378,-38.854,1.862,-2.866564
4.680000,0.003,0.008741,-0.004630,4.261,6.71,-0.023696,-0.006879,-0.000218,-0.001645,-0.003,0.006,-0.034375,-0.006000,0.000000,-0.068750,0.000000,0.169238,1,2.10,3.379,-38.851,1.862,-2.866636
4.682000,0.003,0.009198,-0.004401,4.261,6.75,-0.023357,-0.006938,-0.000221,-0.002040,-0.003,0.006,-0.034375,-0.006000,0.000000,-0.068750,0.000000,0.169238,1,2.10,3.380,-38.847,1.868,-2.866778
4.684000,0.004,0.009621,-0.004189,4.261,6.78,-0.022978,-0.007008,-0.000224,-0.002389,-0.003,0.006,-0.034375,-0.006000,0.000000,-0.068750,0.000000,0.169238,1,2.10,3.380,-38.843,1.876,-2.866927
4.686000,0.004,0.009612,-0.004194,4.261,6.80,-0.022602,-0.007080,-0.000229,-0.002303,-0.003,0.006,-0.034375,-0.006000,0.000000,-0.068750,0.000000,0.169238,1,2.10,3.381,-38.840,1.883,-2.867072
4.688000,0.004,0.009895,-0.004053,4.261,6.82,-0.022234,-0.007153,-0.000235,-0.002508,-0.003,0.007,-0.034375,-0.006000,0.000000,-0.068750,0.000000,0.169238,1,2.10,3.382,-38.836,1.892,-2.867212
4.690000,0.004,0.011301,-0.003349,4.261,6.84,-0.021870,-0.007228,-0.000236,-0.003837,-0.003,0.008,-0.034375,-0.006000,0.000000,-0.068750,0.000000,0.169238,1,2.10,3.383,-38.832,1.900,-2.867346
4.692000,0.004,0.011747,-0.003127,4.261,6.85,-0.021500,-0.007309,-0.000240,-0.004198,-0.004,0.008,-0.034375,-0.006000,0.000000,-0.068750,0.000000,0.169238,1,2.10,3.384,-38.829,1.907,-2.867479
4.694000,0.004,0.011724,-0.003138,4.261,6.86,-0.021133,-0.007393,-0.000244,-0.004086,-0.004,0.008,-0.034375,-0.006000,0.000000,-0.068750,0.000000,0.169238,1,2.10,3.385,-38.825,1.912,-2.867610
4.696000,0.004,0.011935,-0.003033,4.261,6.87,-0.020773,-0.007479,-0.000249,-0.004206,-0.004,0.008,-0.034375,-0.006000,0.000000,-0.068750,0.000000,0.169238,1,2.10,3.386,-38.821,1.916,-2.867739
4.698000,0.004,0.012895,-0.002553,4.261,6.88,-0.020418,-0.007566,-0.000251,-0.005077,-0.004,0.009,-0.034375,-0.006000,0.000000,-0.068750,0.000000,0.169238,1,2.10,3.387,-38.818,1.919,-2.867866
4.700000,0.004,0.007672,-0.005164,4.261,6.88,-0.020061,-0.007655,0.000000,-0.000017,0.000,0.005,-0.034375,-0.006000,0.000000,-0.068750,0.000000,0.169238,1,2.10,3.388,-38.814,1.921,-2.867992
4.702000,0.004,0.008336,-0.004832,4.261,6.89,-0.019763,-0.007730,-0.000005,-0.000601,0.000,0.006,-0.034375,-0.006000,0.000000,-0.068750,0.000000,0.169238,1,2.10,3.389,-38.810,1.923,-2.868106
4.704000,0.004,0.008881,-0.004560,4.261,6.89,-0.019464,-0.007804,-0.000011,-0.001065,0.000,0.006,-0.034375,-0.006000,0.000000,-0.068750,0.000000,0.169238,1,2.10,3.390,-38.806,1.923,-2.868220
4.706000,0.004,0.009706,-0.004147,4.261,6.89,-0.019166,-0.007877,-0.000015,-0.001815,0.000,0.006,-0.034375,-0.006000,0.000000,-0.068750,0.000000,0.169238,1,2.10,3.391,-38.803,1.924,-2.868332
4.708000,0.004,0.010328,-0.003836,4.261,6.89,-0.018866,-0.007947,-0.000020,-0.002361,-0.004,0.007,-0.034375,-0.006000,0.000000,-0.068750,0.000000,0.169238,1,2.10,3.392,-38.799,1.924,-2.868443
4.710000,0.004,0.011248,-0.003376,4.261,6.90,-0.018565,-0.008015,-0.000023,-0.003210,-0.004,0.007,-0.034375,-0.006000,0.000000,-0.068750,0.000000,0.169238,1,2.10,3.393,-38.795,1.923,-2.868554
4.712000,0.004,0.011370,-0.003315,4.261,6.90,-0.018261,-0.008080,-0.000027,-0.003263,-0.004,0.008,-0.034375,-0.006000,0.000000,-0.068750,0.000000,0.169238,1,2.10,3.394,-38.792,1.922,-2.868665
4.714000,0.004,0.011066,-0.003467,4.261,6.90,-0.017962,-0.008140,-0.000080,-0.002847,-0.004,0.007,-0.034375,-0.006000,0.000000,-0.068750,0.000000,0.169238,1,2.10,3.395,-38.788,1.922,-2.868774
4.716000,0.004,0.010667,-0.003666,4.261,6.90,-0.017673,-0.008195,-0.000087,-0.002385,-0.004,0.007,-0.034375,-0.006000,0.000000,-0.068750,0.000000,0.169238,1,2.10,3.396,-38.784,1.921,-2.868880
4.718000,0.004,0.010847,-0.003576,4.261,6.90,-0.017392,-0.008245,-0.000090,-0.002512,-0.004,0.007,-0.034375,-0.006000,0.000000,-0.068750,0.000000,0.169238,1,2.10,3.397,-38.781,1.920,-2.868984
4.720000,0.004,0.010332,-0.003834,4.261,6.90,-0.017116,-0.008290,-0.000097,-0.001946,-0.004,0.007,-0.035937,-0.006000,0.000000,-0.071875,0.000000,0.176931,1,2.09,3.398,-38.777,1.919,-2.869086
4.722000,0.004,0.010101,-0.003950,4.261,6.90,-0.016850,-0.008329,-0.000101,-0.001671,-0.004,0.007,-0.035937,-0.006000,0.000000,-0.071875,0.000000,0.176931,1,2.09,3.399,-38.773,1.918,-2.869186
4.724000,0.004,0.010813,-0.003594,4.261,6.90,-0.016592,-0.008363,-0.000103,-0.002346,-0.004,0.007,-0.035937,-0.006000,0.000000,-0.071875,0.000000,0.176931,1,2.09,3.400,-38.769,1.917,-2.869283
4.726000,0.004,0.010784,-0.003608,4.261,6.90,-0.016333,-0.008395,-0.000109,-0.002279,-0.004,0.007,-0.035937,-0.006000,0.000000,-0.071875,0.000000,0.176931,1,2.09,3.401,-38.766,1.917,-2.869380
4.728000,0.004,0.010425,-0.003787,4.261,6.90,-0.016078,-0.008423,-0.000113,-0.001889,-0.004,0.007,-0.035937,-0.006000,0.000000,-0.071875,0.000000,0.176931,1,2.09,3.402,-38.762,1.916,-2.869475
4.730000,0.004,0.010403,-0.003799,4.261,6.90,-0.015832,-0.008445,-0.000117,-0.001840,-0.004,0.007,-0.035937,-0.006000,0.000000,-0.071875,0.000000,0.176931,1,2.09,3.403,-38.758,1.916,-2.869567
4.732000,0.004,0.010213,-0.003893,4.261,6.90,-0.015592,-0.008464,-0.000123,-0.001627,-0.004,0.007,-0.035937,-0.006000,0.000000,-0.071875,0.000000,0.176931,1,2.09,3.404,-38.755,1.915,-2.869658
4.734000,0.004,0.009728,-0.004136,4.261,6.90,-0.015358,-0.008479,-0.000125,-0.001123,-0.004,0.006,-0.035937,-0.006000,0.000000,-0.071875,0.000000,0.176931,1,2.09,3.405,-38.751,1.915,-2.869747
4.736000,0.004,0.009630,-0.004185,4.261,6.90,-0.015133,-0.008490,-0.000130,-0.001011,-0.004,0.006,-0.035937,-0.006000,0.000000,-0.071875,0.000000,0.176931,1,2.09,3.406,-38.747,1.915,-2.869834
4.738000,0.004,0.009403,-0.004298,4.261,6.90,-0.014914,-0.008497,-0.000136,-0.000770,-0.004,0.006,-0.035937,-0.006000,0.000000,-0.071875,0.000000,0.176931,1,2.09,3.407,-38.743,1.915,-2.869919
4.740000,0.004,0.009213,-0.004393,4.261,6.90,-0.014702,-0.008500,-0.000139,-0.000574,-0.004,0.006,-0.035937,-0.006000,0.000000,-0.071875,0.000000,0.176931,1,2.09,3.408,-38.740,1.915,-2.870002
4.742000,0.004,0.009070,-0.004465,4.261,6.90,-0.014496,-0.008500,-0.000144,-0.000425,-0.004,0.006,-0.035937,-0.006000,0.000000,-0.071875,0.000000,0.176931,1,2.09,3.409,-38.736,1.915,-2.870084
4.744000,0.004,0.008815,-0.004592,4.261,6.90,-0.014295,-0.008497,-0.000148,-0.000170,-0.004,0.006,-0.035937,-0.006000,0.000000,-0.071875,0.000000,0.176931,1,2.09,3.410,-38.732,1.915,-2.870163
4.746000,0.004,0.008662,-0.004669,4.261,6.90,-0.014101,-0.008490,-0.000155,-0.000017,-0.004,0.006,-0.035937,-0.006000,0.000000,-0.071875,0.000000,0.176931,1,2.09,3.411,-38.729,1.915,-2.870242
4.748000,0.004,0.008445,-0.004778,4.261,6.90,-0.013913,-0.008480,-0.000158,0.000193,-0.004,0.006,-0.035937,-0.006000,0.000000,-0.071875,0.000000,0.176931,1,2.09,3.412,-38.725,1.915,-2.870318
4.750000,0.004,0.008095,-0.004952,4.261,6.90,-0.013730,-0.008466,-0.000160,0.000531,-0.004,0.005,-0.035937,-0.006000,0.000000,-0.071875,0.000000,0.176931,1,2.09,3.413,-38.721,1.915,-2.870393
4.752000,0.004,0.007977,-0.005012,4.261,6.90,-0.013554,-0.008450,-0.000166,0.000639,-0.004,0.005,-0.035937,-0.006000,0.000000,-0.071875,0.000000,0.176931,1,2.09,3.414,-38.718,1.916,-2.870466
4.754000,0.004,0.007822,-0.005089,4.261,6.90,-0.013384,-0.008430,-0.000171,0.000779,-0.004,0.005,-0.035937,-0.006000,0.000000,-0.071875,0.000000,0.176931,1,2.09,3.415,-38.714,1.916,-2.870537
4.756000,0.004,0.007362,-0.005319,4.261,6.90,-0.013218,-0.008407,-0.000173,0.001218,-0.004,0.005,-0.035937,-0.006000,0.000000,-0.071875,0.000000,0.176931,1,2.09,3.416,-38.710,1.916,-2.870608
4.758000,0.004,0.007336,-0.005332,4.261,6.90,-0.013060,-0.008381,-0.000179,0.001224,-0.004,0.005,-0.035937,-0.006000,0.000000,-0.071875,0.000000,0.176931,1,2.09,3.417,-38.706,1.916,-2.870676
4.760000,0.004,0.007311,-0.005345,4.261,6.90,-0.012905,-0.008352,-0.000183,0.001224,-0.004,0.005,-0.035937,-0.006000,0.000000,-0.071875,0.000000,0.176931,1,2.09,3.418,-38.703,1.916,-2.870743
4.762000,0.004,0.007061,-0.005469,4.261,6.90,-0.012754,-0.008320,-0.000187,0.001446,-0.004,0.005,-0.035937,-0.006000,0.000000,-0.071875,0.000000,0.176931,1,2.09,3.419,-38.699,1.916,-2.870809
4.764000,0.004,0.007228,-0.005386,4.261,6.90,-0.012608,-0.008285,-0.000241,0.001298,-0.004,0.005,-0.035937,-0.006000,0.000000,-0.071875,0.000000,0.176931,1,2.09,3.420,-38.695,1.916,-2.870874
4.766000,0.004,0.007329,-0.005336,4.261,6.90,-0.012464,-0.008248,-0.000245,0.001164,-0.004,0.005,-0.035937,-0.006000,0.000000,-0.071875,0.000000,0.176931,1,2.09,3.421,-38.692,1.916,-2.870938
4.768000,0.004,0.007255,-0.005372,4.261,6.90,-0.012321,-0.008208,-0.000253,0.001206,-0.004,0.005,-0.035937,-0.006000,0.000000,-0.071875,0.000000,0.176931,1,2.09,3.422,-38.688,1.916,-2.871001
4.770000,0.004,0.007234,-0.005383,4.261,6.90,-0.012182,-0.008166,-0.000259,0.001191,-0.004,0.005,-0.035937,-0.006000,0.000000,-0.071875,0.000000,0.176931,1,2.09,3.423,-38.684,1.916,-2.871063
4.772000,0.004,0.007118,-0.005441,4.261,6.90,-0.012046,-0.008121,-0.000264,0.001266,-0.004,0.005,-0.035937,-0.006000,0.000000,-0.071875,0.000000,0.176931,1,2.09,3.424,-38.681,1.916,-2.871124
4.774000,0.004,0.006014,-0.005993,4.261,6.90,-0.011914,-0.008073,-0.000265,0.002324,-0.004,0.004,-0.035937,-0.006000,0.000000,-0.071875,0.000000,0.176931,1,2.09,3.425,-38.677,1.917,-2.871185
4.776000,0.004,0.006095,-0.005953,4.261,6.90,-0.011796,-0.008020,-0.000275,0.002201,-0.004,0.004,-0.035937,-0.006000,0.000000,-0.071875,0.000000,0.176931,1,2.09,3.426,-38.673,1.917,-2.871242
4.778000,0.004,0.005744,-0.006128,4.261,6.90,-0.011679,-0.007966,-0.000279,0.002500,-0.004,0.004,-0.035937,-0.006000,0.000000,-0.071875,0.000000,0.176931,1,2.09,3.427,-38.669,1.917,-2.871298
4.780000,0.004,0.004659,-0.006670,4.261,6.90,-0.011568,-0.007907,-0.000281,0.003529,-0.004,0.003,-0.037500,-0.006000,0.000000,-0.075000,0.000000,0.184624,1,2.09,3.428,-38.666,1.917,-2.871354
4.782000,0.004,0.004542,-0.006729,4.261,6.90,-0.011470,-0.007845,-0.000286,0.003589,-0.004,0.003,-0.037500,-0.006000,0.000000,-0.075000,0.000000,0.184624,1,2.09,3.429,-38.662,1.917,-2.871406
4.784000,0.004,0.004986,-0.006507,4.261,6.90,-0.011375,-0.007780,-0.000290,0.003084,-0.004,0.003,-0.037500,-0.006000,0.000000,-0.075000,0.000000,0.184624,1,2.09,3.430,-38.658,1.917,-2.871458
4.786000,0.004,0.004432,-0.006784,4.261,6.90,-0.011278,-0.007713,-0.000294,0.003575,-0.004,0.003,-0.037500,-0.006000,0.000000,-0.075000,0.000000,0.184624,1,2.09,3.431,-38.655,1.917,-2.871510
4.788000,0.004,0.004229,-0.006886,4.261,6.90,-0.011188,-0.007643,-0.000298,0.003712,-0.004,0.003,-0.037500,-0.006000,0.000000,-0.075000,0.000000,0.184624,1,2.09,3.432,-38.651,1.917,-2.871560
4.790000,0.004,0.004544,-0.006728,4.261,6.90,-0.011102,-0.007570,-0.000301,0.003328,-0.004,0.003,-0.037500,-0.006000,0.000000,-0.075000,0.000000,0.184624,1,2.09,3.433,-38.647,1.917,-2.871609
4.792000,0.004,0.004409,-0.006795,4.261,6.90,-0.011015,-0.007496,-0.000306,0.003393,-0.004,0.003,-0.037500,-0.006000,0.000000,-0.075000,0.000000,0.184624,1,2.09,3.434,-38.643,1.917,-2.871658
4.794000,0.004,0.004210,-0.006895,4.261,6.90,-0.010930,-0.007420,-0.000310,0.003520,-0.004,0.003,-0.037500,-0.006000,0.000000,-0.075000,0.000000,0.184624,1,2.09,3.435,-38.640,1.917,-2.871707
4.796000,0.004,0.004116,-0.006942,4.261,6.90,-0.010850,-0.007341,-0.000314,0.003539,-0.004,0.003,-0.037500,-0.006000,0.000000,-0.075000,0.000000,0.184624,1,2.09,3.436,-38.636,1.917,-2.871754
4.798000,0.004,0.003630,-0.007185,4.261,6.90,-0.010772,-0.007260,-0.000317,0.003947,-0.004,0.002,-0.037500,-0.006000,0.000000,-0.075000,0.000000,0.184624,1,2.09,3.437,-38.632,1.917,-2.871801
4.800000,0.004,0.007191,-0.005404,4.261,6.90,-0.010700,-0.007175,0.000000,-0.000016,0.000,0.005,-0.037500,-0.006000,0.000000,-0.075000,0.000000,0.184624,1,2.09,3.438,-38.629,1.917,-2.871846
4.802000,0.004,0.006345,-0.005827,4.261,6.90,-0.010594,-0.007096,-0.000004,0.000755,0.000,0.004,-0.037500,-0.006000,0.000000,-0.075000,0.000000,0.184624,1,2.09,3.439,-38.625,1.917,-2.871897
4.804000,0.004,0.004321,-0.006840,4.261,6.90,-0.010499,-0.007014,-0.000005,0.002698,0.000,0.003,-0.037500,-0.006000,0.000000,-0.075000,0.000000,0.184624,1,2.09,3.440,-38.621,1.917,-2.871947
4.806000,0.003,0.003753,-0.007124,4.261,6.90,-0.010426,-0.006925,-0.000011,0.003184,0.000,0.003,-0.037500,-0.006000,0.000000,-0.075000,0.000000,0.184624,1,2.09,3.441,-38.618,1.917,-2.871992
4.808000,0.003,0.003466,-0.007267,4.261,6.90,-0.010360,-0.006833,-0.000026,0.003393,-0.004,0.002,-0.037500,-0.006000,0.000000,-0.075000,0.000000,0.184624,1,2.09,3.442,-38.614,1.917,-2.872035
4.810000,0.003,0.002081,-0.007960,4.261,6.90,-0.010298,-0.006738,-0.000029,0.004686,-0.004,0.001,-0.037500,-0.006000,0.000000,-0.075000,0.000000,0.184624,1,2.09,3.443,-38.610,1.917,-2.872077
4.812000,0.003,0.001846,-0.008077,4.261,6.90,-0.010251,-0.006638,-0.000033,0.004825,-0.004,0.001,-0.037500,-0.006000,0.000000,-0.075000,0.000000,0.184624,1,2.09,3.444,-38.606,1.917,-2.872117
4.814000,0.003,0.002838,-0.007581,4.261,6.90,-0.010207,-0.006537,-0.000037,0.003735,-0.003,0.002,-0.037500,-0.006000,0.000000,-0.075000,0.000000,0.184624,1,2.09,3.445,-38.603,1.917,-2.872155
4.816000,0.003,0.003187,-0.007406,4.261,6.90,-0.010155,-0.006435,-0.000079,0.003327,-0.003,0.002,-0.037500,-0.006000,0.000000,-0.075000,0.000000,0.184624,1,2.09,3.445,-38.599,1.917,-2.872195
4.818000,0.003,0.002356,-0.007822,4.261,6.90,-0.010100,-0.006333,-0.000082,0.004059,-0.003,0.002,-0.037500,-0.006000,0.000000,-0.075000,0.000000,0.184624,1,2.09,3.446,-38.595,1.917,-2.872236
4.820000,0.003,0.001321,-0.008339,4.261,6.90,-0.010055,-0.006228,-0.000084,0.004990,-0.003,0.001,-0.037500,-0.006000,0.000000,-0.075000,0.000000,0.184624,1,2.09,3.447,-38.592,1.917,-2.872274
4.822000,0.003,0.001511,-0.008244,4.261,6.90,-0.010020,-0.006118,-0.000089,0.004696,-0.003,0.001,-0.037500,-0.006000,0.000000,-0.075000,0.000000,0.184624,1,2.09,3.448,-38.588,1.917,-2.872311
4.824000,0.003,0.001218,-0.008391,4.261,6.90,-0.009985,-0.006008,-0.000092,0.004882,-0.003,0.001,-0.037500,-0.006000,0.000000,-0.075000,0.000000,0.184624,1,2.09,3.449,-38.584,1.917,-2.872347
4.826000,0.003,0.000030,-0.008985,4.261,6.90,-0.009953,-0.005896,-0.000095,0.005961,-0.003,0.000,-0.037500,-0.006000,0.000000,-0.075000,0.000000,0.184624,1,2.09,3.450,-38.580,1.917,-2.872382
4.828000,0.003,-0.002042,-0.010021,4.261,6.90,-0.009933,-0.005779,-0.000096,0.007918,-0.003,0.001,-0.037500,-0.006000,0.000000,-0.075000,0.000000,0.184624,1,2.09,3.451,-38.577,1.917,-2.872416
4.830000,0.003,-0.000867,-0.009434,4.261,6.90,-0.009935,-0.005657,-0.000100,0.006625,-0.003,0.001,-0.037500,-0.006000,0.000000,-0.075000,0.000000,0.184624,1,2.09,3.452,-38.573,1.917,-2.872445
4.832000,0.003,-0.001306,-0.009653,4.261,6.90,-0.009925,-0.005537,-0.000104,0.006947,-0.003,0.001,-0.037500,-0.006000,0.000000,-0.075000,0.000000,0.184624,1,2.09,3.453,-38.569,1.917,-2.872476
4.834000,0.003,-0.001710,-0.009855,4.261,6.90,-0.009920,-0.005414,-0.000106,0.007230,-0.003,0.001,-0.037500,-0.006000,0.000000,-0.075000,0.000000,0.184624,1,2.09,3.454,-38.566,1.917,-2.872506
4.836000,0.003,-0.003507,-0.010754,4.261,6.90,-0.009918,-0.005289,-0.000107,0.008904,-0.003,0.002,-0.037500,-0.006000,0.000000,-0.075000,0.000000,0.184624,1,2.09,3.455,-38.562,1.917,-2.872536
4.838000,0.003,-0.003895,-0.010947,4.261,6.90,-0.009935,-0.005160,-0.000108,0.009163,-0.003,0.003,-0.037500,-0.006000,0.000000,-0.075000,0.000000,0.184624,1,2.09,3.456,-38.558,1.917,-2.872562
4.840000,0.003,-0.004169,-0.011085,4.261,6.90,-0.009955,-0.005029,-0.000111,0.009309,-0.003,0.003,-0.037500,-0.006000,0.000000,-0.075000,0.000000,0.184624,1,2.09,3.457,-38.555,1.917,-2.872588
4.842000,0.002,-0.004368,-0.011184,4.261,6.90,-0.009978,-0.004896,-0.000115,0.009379,-0.003,0.003,-0.037500,-0.006000,0.000000,-0.075000,0.000000,0.184624,1,2.09,3.458,-38.551,1.917,-2.872613
4.844000,0.002,-0.004106,-0.011053,4.261,6.90,-0.010002,-0.004762,-0.000118,0.008987,-0.003,0.003,-0.037500,-0.006000,0.000000,-0.075000,0.000000,0.184624,1,2.09,3.459,-38.547,1.917,-2.872638
4.846000,0.002,-0.002644,-0.010322,4.261,6.90,-0.010023,-0.004628,-0.000121,0.007393,-0.003,0.002,-0.037500,-0.006000,0.000000,-0.075000,0.000000,0.184624,1,2.09,3.460,-38.543,1.917,-2.872664
4.848000,0.002,-0.000546,-0.009273,4.261,6.90,-0.010029,-0.004497,-0.000124,0.005167,-0.003,0.000,-0.037500,-0.006000,0.000000,-0.075000,0.000000,0.184624,1,2.09,3.461,-38.540,1.917,-2.872692
4.850000,0.002,-0.002042,-0.010021,4.261,6.90,-0.010014,-0.004368,-0.000125,0.006536,-0.002,0.001,-0.037500,-0.006000,0.000000,-0.075000,0.000000,0.184624,1,2.09,3.462,-38.536,1.917,-2.872725
4.852000,0.002,-0.002636,-0.010318,4.261,6.90,-0.010014,-0.004236,-0.000127,0.006999,-0.002,0.002,-0.037500,-0.006000,0.000000,-0.075000,0.000000,0.184624,1,2.09,3.463,-38.532,1.917,-2.872755
4.854000,0.002,-0.003043,-0.010522,4.261,6.90,-0.010020,-0.004102,-0.000129,0.007274,-0.002,0.002,-0.037500,-0.006000,0.000000,-0.075000,0.000000,0.184624,1,2.09,3.464,-38.529,1.917,-2.872783
4.856000,0.002,-0.003098,-0.010549,4.261,6.90,-0.010030,-0.003966,-0.000131,0.007196,-0.002,0.002,-0.037500,-0.006000,0.000000,-0.075000,0.000000,0.184624,1,2.09,3.465,-38.525,1.917,-2.872811
4.858000,0.002,-0.003961,-0.010981,4.261,6.90,-0.010040,-0.003830,-0.000133,0.007924,-0.002,0.003,-0.037500,-0.006000,0.000000,-0.075000,0.000000,0.184624,1,2.09,3.466,-38.521,1.917,-2.872839
4.860000,0.002,-0.003042,-0.010521,4.261,6.90,-0.010059,-0.003690,-0.000135,0.006867,-0.002,0.002,-0.037500,-0.006000,0.000000,-0.075000,0.000000,0.184624,1,2.09,3.467,-38.517,1.917,-2.872865
4.862000,0.002,-0.002815,-0.010408,4.261,6.90,-0.010068,-0.003553,-0.000137,0.006505,-0.002,0.002,-0.037500,-0.006000,0.000000,-0.075000,0.000000,0.184624,1,2.09,3.468,-38.514,1.917,-2.872893
4.864000,0.002,-0.002523,-0.010262,4.261,6.90,-0.010075,-0.003415,-0.000140,0.006078,-0.002,0.002,-0.037500,-0.006000,0.000000,-0.075000,0.000000,0.184624,1,2.09,3.469,-38.510,1.917,-2.872922
4.866000,0.002,-0.002283,-0.010142,4.261,6.90,-0.010079,-0.003277,-0.000143,0.005703,-0.002,0.002,-0.037500,-0.006000,0.000000,-0.075000,0.000000,0.184624,1,2.09,3.470,-38.506,1.917,-2.872951
4.868000,0.002,-0.000848,-0.009424,4.261,6.90,-0.010080,-0.003139,-0.000163,0.004150,-0.002,0.001,-0.037500,-0.006000,0.000000,-0.075000,0.000000,0.184624,1,2.09,3.471,-38.503,1.917,-2.872981
4.870000,0.002,-0.000565,-0.009283,4.261,6.90,-0.010067,-0.003003,-0.000165,0.003734,-0.002,0.000,-0.037500,-0.006000,0.000000,-0.075000,0.000000,0.184624,1,2.09,3.472,-38.499,1.917,-2.873013
4.872000,0.001,-0.000056,-0.009028,4.261,6.90,-0.010051,-0.002867,-0.000170,0.003093,-0.002,0.000,-0.037500,-0.006000,0.000000,-0.075000,0.000000,0.184624,1,2.09,3.473,-38.495,1.917,-2.873046
4.874000,0.001,-0.000628,-0.009314,4.261,6.90,-0.010031,-0.002732,-0.000171,0.003531,-0.002,0.000,-0.037500,-0.006000,0.000000,-0.075000,0.000000,0.184624,1,2.09,3.474,-38.491,1.917,-2.873080
4.876000,0.001,-0.002247,-0.010124,4.261,6.90,-0.010016,-0.002595,-0.000172,0.005014,-0.002,0.001,-0.037500,-0.006000,0.000000,-0.075000,0.000000,0.184624,1,2.09,3.475,-38.488,1.917,-2.873112
4.878000,0.001,-0.003143,-0.010572,4.261,6.90,-0.010018,-0.002454,-0.000174,0.005771,-0.002,0.002,-0.037500,-0.006000,0.000000,-0.075000,0.000000,0.184624,1,2.09,3.476,-38.484,1.917,-2.873142
4.880000,0.001,-0.003865,-0.010932,4.261,6.90,-0.010029,-0.002312,-0.000175,0.006351,-0.001,0.003,-0.039062,-0.006000,0.000000,-0.078125,0.000000,0.192317,1,2.08,3.477,-38.480,1.917,-2.873170
4.882000,0.001,-0.004892,-0.011446,4.261,6.90,-0.010047,-0.002167,-0.000176,0.007235,-0.001,0.003,-0.039062,-0.006000,0.000000,-0.078125,0.000000,0.192317,1,2.08,3.478,-38.477,1.917,-2.873197
4.884000,0.001,-0.005056,-0.011528,4.261,6.90,-0.010075,-0.002020,-0.000177,0.007253,-0.001,0.003,-0.039062,-0.006000,0.000000,-0.078125,0.000000,0.192317,1,2.08,3.479,-38.473,1.917,-2.873222
4.886000,0.001,-0.004848,-0.011424,4.261,6.90,-0.010104,-0.001873,-0.000178,0.006899,-0.001,0.003,-0.039062,-0.006000,0.000000,-0.078125,0.000000,0.192317,1,2.08,3.480,-38.469,1.917,-2.873247
4.888000,0.001,-0.005237,-0.011619,4.261,6.90,-0.010131,-0.001726,-0.000179,0.007143,-0.001,0.003,-0.039062,-0.006000,0.000000,-0.078125,0.000000,0.192317,1,2.08,3.481,-38.466,1.917,-2.873273
4.890000,0.001,-0.004967,-0.011484,4.261,6.90,-0.010160,-0.001578,-0.000180,0.006726,-0.001,0.003,-0.039062,-0.006000,0.000000,-0.078125,0.000000,0.192317,1,2.08,3.482,-38.462,1.917,-2.873298
4.892000,0.001,-0.005236,-0.011618,4.261,6.90,-0.010187,-0.001431,-0.000181,0.006848,-0.001,0.003,-0.039062,-0.006000,0.000000,-0.078125,0.000000,0.192317,1,2.08,3.482,-38.458,1.917,-2.873323
4.894000,0.001,-0.005940,-0.011970,4.261,6.90,-0.010215,-0.001283,-0.000181,0.007405,-0.001,0.004,-0.039062,-0.006000,0.000000,-0.078125,0.000000,0.192317,1,2.08,3.483,-38.454,1.917,-2.873349
4.896000,0.001,-0.005828,-0.011914,4.261,6.90,-0.010250,-0.001134,-0.000182,0.007145,-0.001,0.004,-0.039062,-0.006000,0.000000,-0.078125,0.000000,0.192317,1,2.08,3.484,-38.451,1.917,-2.873373
4.898000,0.000,-0.006121,-0.012060,4.261,6.90,-0.010284,-0.000986,-0.000183,0.007289,-0.001,0.004,-0.039062,-0.006000,0.000000,-0.078125,0.000000,0.192317,1,2.08,3.485,-38.447,1.917,-2.873398
4.900000,0.000,0.000838,-0.008581,4.261,6.90,-0.010319,-0.000836,0.000000,-0.000002,0.000,0.001,-0.039062,-0.006000,0.000000,-0.078125,0.000000,0.192317,1,2.08,3.486,-38.443,1.917,-2.873422
4.902000,0.000,-0.000311,-0.009155,4.261,6.90,-0.010285,-0.000700,-0.000000,0.001011,0.000,0.000,-0.039062,-0.006000,0.000000,-0.078125,0.000000,0.192317,1,2.08,3.487,-38.440,1.917,-2.873459
4.904000,0.000,-0.001675,-0.009837,4.261,6.90,-0.010262,-0.000562,-0.000001,0.002238,0.000,0.001,-0.039062,-0.006000,0.000000,-0.078125,0.000000,0.192317,1,2.08,3.488,-38.436,1.917,-2.873494
4.906000,0.000,-0.004814,-0.011407,4.261,6.90,-0.010253,-0.000421,-0.000001,0.005236,0.000,0.003,-0.039062,-0.006000,0.000000,-0.078125,0.000000,0.192317,1,2.08,3.489,-38.432,1.917,-2.873526
4.908000,0.000,-0.005828,-0.011914,4.261,6.90,-0.010276,-0.000275,-0.000001,0.006104,-0.000,0.004,-0.039062,-0.006000,0.000000,-0.078125,0.000000,0.192317,1,2.08,3.490,-38.428,1.917,-2.873553
4.910000,0.000,-0.008381,-0.013191,4.261,6.90,-0.010309,-0.000126,-0.000001,0.008508,-0.000,0.006,-0.039062,-0.006000,0.000000,-0.078125,0.000000,0.192317,1,2.08,3.491,-38.425,1.917,-2.873578
4.912000,-0.000,-0.008339,-0.013169,4.261,6.90,-0.010367,0.000027,-0.000001,0.008312,-0.000,0.006,-0.039062,-0.006000,0.000000,-0.078125,0.000000,0.192317,1,2.08,3.492,-38.421,1.917,-2.873599
4.914000,-0.000,-0.008610,-0.013305,4.261,6.90,-0.010423,0.000180,-0.000001,0.008431,-0.000,0.006,-0.039062,-0.006000,0.000000,-0.078125,0.000000,0.192317,1,2.08,3.493,-38.417,1.917,-2.873619
4.916000,-0.000,-0.009108,-0.013554,4.261,6.90,-0.010480,0.000333,-0.000001,0.008775,-0.000,0.006,-0.039062,-0.006000,0.000000,-0.078125,0.000000,0.192317,1,2.08,3.494,-38.414,1.917,-2.873640
4.918000,-0.000,-0.008516,-0.013258,4.261,6.90,-0.010542,0.000487,0.000002,0.008027,-0.000,0.006,-0.039062,-0.006000,0.000000,-0.078125,0.000000,0.192317,1,2.08,3.495,-38.410,1.917,-2.873660
4.920000,-0.000,-0.006788,-0.012394,4.261,6.90,-0.010596,0.000638,0.000003,0.006147,0.000,0.005,-0.037500,-0.006000,0.000000,-0.075000,0.000000,0.184624,1,2.08,3.496,-38.406,1.917,-2.873682
4.922000,-0.000,-0.007663,-0.012831,4.261,6.90,-0.010632,0.000786,0.000003,0.006874,0.000,0.005,-0.037500,-0.006000,0.000000,-0.075000,0.000000,0.184624,1,2.08,3.497,-38.402,1.917,-2.873707
4.924000,-0.000,-0.007242,-0.012621,4.261,6.90,-0.010676,0.000934,0.000004,0.006304,0.000,0.005,-0.037500,-0.006000,0.000000,-0.075000,0.000000,0.184624,1,2.08,3.498,-38.399,1.917,-2.873730
4.926000,-0.001,-0.004926,-0.011463,4.261,6.90,-0.010715,0.001081,0.000005,0.003840,0.000,0.003,-0.037500,-0.006000,0.000000,-0.075000,0.000000,0.184624,1,2.08,3.499,-38.395,1.917,-2.873755
4.928000,-0.001,-0.006414,-0.012207,4.261,6.90,-0.010730,0.001223,0.000006,0.005185,0.000,0.004,-0.037500,-0.006000,0.000000,-0.075000,0.000000,0.184624,1,2.08,3.500,-38.391,1.917,-2.873785
4.930000,-0.001,-0.007402,-0.012701,4.261,6.90,-0.010759,0.001368,0.000007,0.006028,0.000,0.005,-0.037500,-0.006000,0.000000,-0.075000,0.000000,0.184624,1,2.08,3.501,-38.388,1.917,-2.873811
4.932000,-0.001,-0.007159,-0.012579,4.261,6.90,-0.010798,0.001513,0.000008,0.005638,0.000,0.005,-0.037500,-0.006000,0.000000,-0.075000,0.000000,0.184624,1,2.08,3.502,-38.384,1.917,-2.873837
4.934000,-0.001,-0.008549,-0.013274,4.261,6.90,-0.010834,0.001658,0.000008,0.006883,0.001,0.006,-0.037500,-0.006000,0.000000,-0.075000,0.000000,0.184624,1,2.08,3.503,-38.380,1.917,-2.873863
4.936000,-0.001,-0.009279,-0.013640,4.261,6.90,-0.010882,0.001804,0.000009,0.007466,0.001,0.006,-0.037500,-0.006000,0.000000,-0.075000,0.000000,0.184624,1,2.08,3.504,-38.376,1.917,-2.873886
4.938000,-0.001,-0.008888,-0.013444,4.261,6.90,-0.010938,0.001951,0.000011,0.006927,0.001,0.006,-0.037500,-0.006000,0.000000,-0.075000,0.000000,0.184624,1,2.08,3.505,-38.373,1.917,-2.873909
4.940000,-0.001,-0.010075,-0.014037,4.261,6.90,-0.010988,0.002096,0.000011,0.007967,0.001,0.007,-0.037500,-0.006000,0.000000,-0.075000,0.000000,0.184624,1,2.08,3.506,-38.369,1.917,-2.873932
4.942000,-0.001,-0.011863,-0.014932,4.261,6.90,-0.011049,0.002243,0.000012,0.009608,0.001,0.008,-0.037500,-0.006000,0.000000,-0.075000,0.000000,0.184624,1,2.08,3.507,-38.365,1.917,-2.873954
4.944000,-0.001,-0.010989,-0.014495,4.261,6.90,-0.011126,0.002392,0.000014,0.008584,0.001,0.007,-0.037500,-0.006000,0.000000,-0.075000,0.000000,0.184624,1,2.08,3.508,-38.362,1.917,-2.873973
4.946000,-0.001,-0.010650,-0.014325,4.261,6.90,-0.011194,0.002538,0.000016,0.008096,0.001,0.007,-0.037500,-0.006000,0.000000,-0.075000,0.000000,0.184624,1,2.08,3.509,-38.358,1.917,-2.873994
4.948000,-0.001,-0.013230,-0.015615,4.261,6.90,-0.011256,0.002683,0.000016,0.010531,0.001,0.009,-0.037500,-0.006000,0.000000,-0.075000,0.000000,0.184624,1,2.08,3.510,-38.354,1.917,-2.874016
4.950000,-0.001,-0.012079,-0.015040,4.261,6.90,-0.011343,0.002831,0.000018,0.009231,0.001,0.008,-0.037500,-0.006000,0.000000,-0.075000,0.000000,0.184624,1,2.08,3.511,-38.351,1.917,-2.874034
4.952000,-0.001,-0.010658,-0.014329,4.261,6.90,-0.011417,0.002975,0.000020,0.007663,0.001,0.007,-0.037500,-0.006000,0.000000,-0.075000,0.000000,0.184624,1,2.08,3.512,-38.347,1.917,-2.874054
4.954000,-0.002,-0.010313,-0.014157,4.261,6.90,-0.011476,0.003116,0.000024,0.007173,0.001,0.007,-0.037500,-0.006000,0.000000,-0.075000,0.000000,0.184624,1,2.08,3.513,-38.343,1.918,-2.874077
4.956000,-0.002,-0.010518,-0.014259,4.261,6.90,-0.011529,0.003255,0.000026,0.007236,0.001,0.007,-0.037500,-0.006000,0.000000,-0.075000,0.000000,0.184624,1,2.08,3.514,-38.339,1.918,-2.874101
4.958000,-0.002,-0.008945,-0.013473,4.261,6.90,-0.011584,0.003393,0.000028,0.005525,0.001,0.006,-0.037500,-0.006000,0.000000,-0.075000,0.000000,0.184624,1,2.08,3.514,-38.336,1.918,-2.874126
4.960000,-0.002,-0.009594,-0.013797,4.261,6.90,-0.011622,0.003526,0.000029,0.006038,0.001,0.006,-0.037500,-0.006000,0.000000,-0.075000,0.000000,0.184624,1,2.08,3.515,-38.332,1.918,-2.874153
4.962000,-0.002,-0.009817,-0.013908,4.261,6.90,-0.011665,0.003660,0.000031,0.006126,0.002,0.007,-0.037500,-0.006000,0.000000,-0.075000,0.000000,0.184624,1,2.08,3.516,-38.328,1.918,-2.874180
4.964000,-0.002,-0.010579,-0.014290,4.261,6.90,-0.011710,0.003792,0.000033,0.006754,0.002,0.007,-0.037500,-0.006000,0.000000,-0.075000,0.000000,0.184624,1,2.08,3.517,-38.325,1.918,-2.874207
4.966000,-0.002,-0.011092,-0.014546,4.261,6.90,-0.011761,0.003925,0.000035,0.007132,0.002,0.007,-0.037500,-0.006000,0.000000,-0.075000,0.000000,0.184624,1,2.08,3.518,-38.321,1.918,-2.874232
4.968000,-0.002,-0.011076,-0.014538,4.261,6.90,-0.011817,0.004058,0.000037,0.006981,0.002,0.007,-0.037500,-0.006000,0.000000,-0.075000,0.000000,0.184624,1,2.08,3.519,-38.317,1.918,-2.874257
4.970000,-0.002,-0.009718,-0.013859,4.261,6.90,-0.011871,0.004189,0.000063,0.005466,0.002,0.006,-0.037500,-0.006000,0.000000,-0.075000,0.000000,0.184624,1,2.08,3.520,-38.313,1.918,-2.874282
4.972000,-0.002,-0.009387,-0.013694,4.261,6.90,-0.011911,0.004316,0.000066,0.005005,0.002,0.006,-0.037500,-0.006000,0.000000,-0.075000,0.000000,0.184624,1,2.08,3.521,-38.310,1.918,-2.874310
4.974000,-0.002,-0.010688,-0.014344,4.261,6.90,-0.011947,0.004441,0.000068,0.006179,0.002,0.007,-0.037500,-0.006000,0.000000,-0.075000,0.000000,0.184624,1,2.08,3.522,-38.306,1.918,-2.874339
4.976000,-0.002,-0.009955,-0.013978,4.261,6.90,-0.011995,0.004567,0.000073,0.005316,0.002,0.007,-0.037500,-0.006000,0.000000,-0.075000,0.000000,0.184624,1,2.08,3.523,-38.302,1.918,-2.874366
4.978000,-0.002,-0.009750,-0.013875,4.261,6.90,-0.012034,0.004690,0.000075,0.004985,0.002,0.006,-0.037500,-0.006000,0.000000,-0.075000,0.000000,0.184624,1,2.08,3.524,-38.299,1.918,-2.874394
4.980000,-0.002,-0.010731,-0.014366,4.261,6.90,-0.012071,0.004811,0.000078,0.005842,0.002,0.007,-0.037500,-0.006000,0.000000,-0.075000,0.000000,0.184624,1,2.07,3.525,-38.295,1.918,-2.874424
4.982000,-0.002,-0.011295,-0.014648,4.261,6.90,-0.012117,0.004933,0.000081,0.006282,0.002,0.008,-0.037500,-0.006000,0.000000,-0.075000,0.000000,0.184624,1,2.07,3.526,-38.291,1.918,-2.874451
4.984000,-0.003,-0.009912,-0.013956,4.261,6.90,-0.012168,0.005054,0.000084,0.004774,0.002,0.007,-0.037500,-0.006000,0.000000,-0.075000,0.000000,0.184624,1,2.07,3.527,-38.287,1.918,-2.874478
4.986000,-0.003,-0.010426,-0.014213,4.261,6.90,-0.012203,0.005171,0.000088,0.005167,0.002,0.007,-0.037500,-0.006000,0.000000,-0.075000,0.000000,0.184624,1,2.07,3.528,-38.284,1.918,-2.874507
4.988000,-0.003,-0.010385,-0.014192,4.261,6.90,-0.012244,0.005288,0.000091,0.005007,0.002,0.007,-0.037500,-0.006000,0.000000,-0.075000,0.000000,0.184624,1,2.07,3.529,-38.280,1.918,-2.874536
4.990000,-0.003,-0.011080,-0.014540,4.261,6.90,-0.012283,0.005403,0.000093,0.005585,0.002,0.007,-0.037500,-0.006000,0.000000,-0.075000,0.000000,0.184624,1,2.07,3.530,-38.276,1.918,-2.874566
4.992000,-0.003,-0.010653,-0.014327,4.261,6.90,-0.012328,0.005517,0.000097,0.005039,0.003,0.007,-0.037500,-0.006000,0.000000,-0.075000,0.000000,0.184624,1,2.07,3.531,-38.273,1.918,-2.874594
4.994000,-0.003,-0.011047,-0.014524,4.261,6.90,-0.012368,0.005629,0.000100,0.005318,0.003,0.007,-0.037500,-0.006000,0.000000,-0.075000,0.000000,0.184624,1,2.07,3.532,-38.269,1.918,-2.874623
4.996000,-0.003,-0.011091,-0.014546,4.261,6.90,-0.012411,0.005740,0.000103,0.005247,0.003,0.007,-0.037500,-0.006000,0.000000,-0.075000,0.000000,0.184624,1,2.07,3.533,-38.265,1.918,-2.874652
4.998000,-0.003,-0.011593,-0.014797,4.261,6.90,-0.012453,0.005850,0.000106,0.005638,0.003,0.008,-0.037500,-0.006000,0.000000,-0.075000,0.000000,0.184624,1,2.07,3.534,-38.261,1.918,-2.874681
5.000000,-0.003,-0.005972,-0.011986,4.261,6.90,-0.012500,0.005959,0.000000,0.000013,0.000,0.004,-0.037500,-0.006000,0.000000,-0.075000,0.000000,0.184624,1,2.07,3.535,-38.258,1.918,-2.874710
5.002000,-0.003,-0.006596,-0.012298,4.261,6.90,-0.012490,0.006056,0.000006,0.000534,0.000,0.004,-0.037500,-0.006000,0.000000,-0.075000,0.000000,0.184624,1,2.07,3.536,-38.254,1.918,-2.874748
5.004000,-0.003,-0.008119,-0.013060,4.261,6.90,-0.012486,0.006152,0.000008,0.001960,0.000,0.005,-0.037500,-0.006000,0.000000,-0.075000,0.000000,0.184624,1,2.07,3.537,-38.250,1.918,-2.874786
5.006000,-0.003,-0.008982,-0.013491,4.261,6.90,-0.012498,0.006249,0.000012,0.002722,0.000,0.006,-0.037500,-0.006000,0.000000,-0.075000,0.000000,0.184624,1,2.07,3.538,-38.247,1.918,-2.874821
5.008000,-0.003,-0.010239,-0.014120,4.261,6.90,-0.012517,0.006346,0.000014,0.003878,0.003,0.007,-0.037500,-0.006000,0.000000,-0.075000,0.000000,0.184624,1,2.07,3.539,-38.243,1.918,-2.874855
5.010000,-0.003,-0.010959,-0.014480,4.261,6.90,-0.012549,0.006444,0.000019,0.004496,0.003,0.007,-0.037500,-0.006000,0.000000,-0.075000,0.000000,0.184624,1,2.07,3.540,-38.239,1.918,-2.874886
5.012000,-0.003,-0.012187,-0.015094,4.261,6.90,-0.012588,0.006542,0.000021,0.005624,0.003,0.008,-0.037500,-0.006000,0.000000,-0.075000,0.000000,0.184624,1,2.07,3.541,-38.235,1.918,-2.874916
5.014000,-0.003,-0.012771,-0.015385,4.261,6.90,-0.012638,0.006640,0.000023,0.006108,0.003,0.009,-0.037500,-0.006000,0.000000,-0.075000,0.000000,0.184624,1,2.07,3.542,-38.232,1.918,-2.874945
5.016000,-0.003,-0.012703,-0.015352,4.261,6.90,-0.012693,0.006738,0.000029,0.005937,0.003,0.008,-0.037500,-0.006000,0.000000,-0.075000,0.000000,0.184624,1,2.07,3.543,-38.228,1.918,-2.874972
5.018000,-0.003,-0.012288,-0.015144,4.261,6.90,-0.012746,0.006833,0.000034,0.005422,0.003,0.008,-0.037500,-0.006000,0.000000,-0.075000,0.000000,0.184624,1,2.07,3.544,-38.224,1.918,-2.875000
5.020000,-0.003,-0.013726,-0.015863,4.261,6.90,-0.012794,0.006926,0.000035,0.006765,0.003,0.009,-0.037500,-0.006000,0.000000,-0.075000,0.000000,0.184624,1,2.07,3.545,-38.221,1.918,-2.875029
5.022000,-0.004,-0.012287,-0.015143,4.261,6.90,-0.012855,0.007019,0.000081,0.005187,0.003,0.008,-0.037500,-0.006000,0.000000,-0.075000,0.000000,0.184624,1,2.07,3.546,-38.217,1.918,-2.875056
5.024000,-0.004,-0.010756,-0.014378,4.261,6.90,-0.012901,0.007107,0.000092,0.003557,0.003,0.007,-0.037500,-0.006000,0.000000,-0.075000,0.000000,0.184624,1,2.07,3.547,-38.213,1.918,-2.875086
5.026000,-0.004,-0.010629,-0.014314,4.261,6.90,-0.012931,0.007191,0.000100,0.003337,0.003,0.007,-0.037500,-0.006000,0.000000,-0.075000,0.000000,0.184624,1,2.07,3.548,-38.210,1.918,-2.875118
5.028000,-0.004,-0.011919,-0.014960,4.261,6.90,-0.012958,0.007272,0.000102,0.004545,0.003,0.008,-0.037500,-0.006000,0.000000,-0.075000,0.000000,0.184624,1,2.07,3.548,-38.206,1.918,-2.875152
5.030000,-0.004,-0.010557,-0.014279,4.261,6.90,-0.012998,0.007354,0.000108,0.003096,0.004,0.007,-0.037500,-0.006000,0.000000,-0.075000,0.000000,0.184624,1,2.07,3.549,-38.202,1.918,-2.875183
5.032000,-0.004,-0.011296,-0.014648,4.261,6.90,-0.013024,0.007431,0.000112,0.003753,0.004,0.008,-0.037500,-0.006000,0.000000,-0.075000,0.000000,0.184624,1,2.07,3.550,-38.198,1.918,-2.875217
5.034000,-0.004,-0.011866,-0.014933,4.261,6.90,-0.013057,0.007508,0.000115,0.004242,0.004,0.008,-0.037500,-0.006000,0.000000,-0.075000,0.000000,0.184624,1,2.07,3.551,-38.195,1.918,-2.875250
5.036000,-0.004,-0.013255,-0.015627,4.261,6.90,-0.013094,0.007584,0.000117,0.005554,0.004,0.009,-0.037500,-0.006000,0.000000,-0.075000,0.000000,0.184624,1,2.07,3.552,-38.191,1.918,-2.875282
5.038000,-0.004,-0.011979,-0.014990,4.261,6.90,-0.013145,0.007660,0.000123,0.004197,0.004,0.008,-0.037500,-0.006000,0.000000,-0.075000,0.000000,0.184624,1,2.07,3.553,-38.187,1.918,-2.875311
5.040000,-0.004,-0.012129,-0.015064,4.261,6.90,-0.013182,0.007732,0.000128,0.004270,0.004,0.008,-0.037500,-0.006000,0.000000,-0.075000,0.000000,0.184624,1,2.07,3.554,-38.184,1.918,-2.875343
5.042000,-0.004,-0.012077,-0.015038,4.261,6.90,-0.013219,0.007801,0.000132,0.004143,0.004,0.008,-0.037500,-0.006000,0.000000,-0.075000,0.000000,0.184624,1,2.07,3.555,-38.180,1.918,-2.875376
5.044000,-0.004,-0.011940,-0.014970,4.261,6.90,-0.013256,0.007869,0.000137,0.003935,0.004,0.008,-0.037500,-0.006000,0.000000,-0.075000,0.000000,0.184624,1,2.07,3.556,-38.176,1.918,-2.875408
5.046000,-0.004,-0.011087,-0.014544,4.261,6.90,-0.013290,0.007934,0.000140,0.003013,0.004,0.007,-0.037500,-0.006000,0.000000,-0.075000,0.000000,0.184624,1,2.07,3.557,-38.172,1.918,-2.875441
5.048000,-0.004,-0.011095,-0.014548,4.261,6.90,-0.013315,0.007996,0.000146,0.002954,0.004,0.007,-0.037500,-0.006000,0.000000,-0.075000,0.000000,0.184624,1,2.07,3.558,-38.169,1.918,-2.875476
5.050000,-0.004,-0.011087,-0.014543,4.261,6.90,-0.013340,0.008055,0.000150,0.002881,0.004,0.007,-0.037500,-0.006000,0.000000,-0.075000,0.000000,0.184624,1,2.07,3.559,-38.165,1.918,-2.875511
5.052000,-0.004,-0.011830,-0.014915,4.261,6.90,-0.013364,0.008112,0.000152,0.003565,0.004,0.008,-0.037500,-0.006000,0.000000,-0.075000,0.000000,0.184624,1,2.07,3.560,-38.161,1.918,-2.875546
5.054000,-0.004,-0.011736,-0.014868,4.261,6.90,-0.013395,0.008169,0.000158,0.003409,0.004,0.008,-0.037500,-0.006000,0.000000,-0.075000,0.000000,0.184624,1,2.07,3.561,-38.158,1.918,-2.875580
5.056000,-0.004,-0.011490,-0.014745,4.261,6.90,-0.013424,0.008223,0.000163,0.003104,0.004,0.008,-0.037500,-0.006000,0.000000,-0.075000,0.000000,0.184624,1,2.07,3.562,-38.154,1.918,-2.875614
5.058000,-0.004,-0.011660,-0.014830,4.261,6.90,-0.013451,0.008275,0.000167,0.003218,0.004,0.008,-0.037500,-0.006000,0.000000,-0.075000,0.000000,0.184624,1,2.07,3.563,-38.150,1.918,-2.875649
5.060000,-0.004,-0.012257,-0.015128,4.261,6.90,-0.013478,0.008325,0.000169,0.003764,0.004,0.008,-0.037500,-0.006000,0.000000,-0.075000,0.000000,0.184624,1,2.07,3.564,-38.146,1.918,-2.875684
5.062000,-0.004,-0.011367,-0.014684,4.261,6.90,-0.013511,0.008373,0.000175,0.002819,0.004,0.008,-0.037500,-0.006000,0.000000,-0.075000,0.000000,0.184624,1,2.07,3.565,-38.143,1.918,-2.875718
5.064000,-0.004,-0.011399,-0.014699,4.261,6.90,-0.013535,0.008418,0.000180,0.002801,0.004,0.008,-0.037500,-0.006000,0.000000,-0.075000,0.000000,0.184624,1,2.07,3.566,-38.139,1.918,-2.875754
5.066000,-0.004,-0.011405,-0.014702,4.261,6.90,-0.013558,0.008461,0.000184,0.002760,0.004,0.008,-0.037500,-0.006000,0.000000,-0.075000,0.000000,0.184624,1,2.07,3.567,-38.135,1.918,-2.875790
5.068000,-0.004,-0.011187,-0.014594,4.261,6.90,-0.013581,0.008502,0.000190,0.002496,0.004,0.007,-0.037500,-0.006000,0.000000,-0.075000,0.000000,0.184624,1,2.07,3.568,-38.132,1.918,-2.875826
5.070000,-0.004,-0.010651,-0.014326,4.261,6.90,-0.013601,0.008540,0.000193,0.001918,0.004,0.007,-0.037500,-0.006000,0.000000,-0.075000,0.000000,0.184624,1,2.07,3.569,-38.128,1.918,-2.875862
5.072000,-0.004,-0.010727,-0.014363,4.261,6.90,-0.013615,0.008574,0.000197,0.001955,0.004,0.007,-0.037500,-0.006000,0.000000,-0.075000,0.000000,0.184624,1,2.07,3.570,-38.124,1.918,-2.875900
5.074000,-0.004,-0.010455,-0.014228,4.261,6.90,-0.013630,0.008607,0.000252,0.001596,0.004,0.007,-0.037500,-0.006000,0.000000,-0.075000,0.000000,0.184624,1,2.07,3.571,-38.121,1.918,-2.875938
5.076000,-0.004,-0.010387,-0.014194,4.261,6.90,-0.013642,0.008637,0.000256,0.001494,0.004,0.007,-0.037500,-0.006000,0.000000,-0.075000,0.000000,0.184624,1,2.07,3.572,-38.117,1.918,-2.875976
5.078000,-0.004,-0.010361,-0.014181,4.261,6.90,-0.013653,0.008665,0.000262,0.001434,0.004,0.007,-0.037500,-0.006000,0.000000,-0.075000,0.000000,0.184624,1,2.07,3.573,-38.113,1.918,-2.876014
5.080000,-0.004,-0.010103,-0.014051,4.261,6.90,-0.013664,0.008691,0.000267,0.001145,0.004,0.007,-0.039062,-0.006000,0.000000,-0.078125,0.000000,0.192317,1,2.07,3.574,-38.109,1.918,-2.876053
5.082000,-0.004,-0.009908,-0.013954,4.261,6.90,-0.013672,0.008714,0.000274,0.000920,0.004,0.007,-0.039062,-0.006000,0.000000,-0.078125,0.000000,0.192317,1,2.07,3.575,-38.106,1.918,-2.876092
5.084000,-0.004,-0.010065,-0.014032,4.261,6.90,-0.013677,0.008735,0.000280,0.001050,0.004,0.007,-0.039062,-0.006000,0.000000,-0.078125,0.000000,0.192317,1,2.07,3.576,-38.102,1.918,-2.876131
5.086000,-0.004,-0.010177,-0.014089,4.261,6.90,-0.013684,0.008754,0.000282,0.001142,0.004,0.007,-0.039062,-0.006000,0.000000,-0.078125,0.000000,0.192317,1,2.07,3.577,-38.098,1.918,-2.876171
5.088000,-0.004,-0.010109,-0.014055,4.261,6.90,-0.013692,0.008770,0.000287,0.001052,0.004,0.007,-0.039062,-0.006000,0.000000,-0.078125,0.000000,0.192317,1,2.07,3.578,-38.095,1.918,-2.876210
5.090000,-0.004,-0.010021,-0.014010,4.261,6.90,-0.013700,0.008785,0.000294,0.000942,0.004,0.007,-0.039062,-0.006000,0.000000,-0.078125,0.000000,0.192317,1,2.07,3.579,-38.091,1.918,-2.876249
5.092000,-0.004,-0.009995,-0.013997,4.261,6.90,-0.013706,0.008797,0.000299,0.000898,0.004,0.007,-0.039062,-0.006000,0.000000,-0.078125,0.000000,0.192317,1,2.07,3.580,-38.087,1.918,-2.876289
5.094000,-0.004,-0.010103,-0.014051,4.261,6.90,-0.013712,0.008808,0.000301,0.000995,0.004,0.007,-0.039062,-0.006000,0.000000,-0.078125,0.000000,0.192317,1,2.07,3.581,-38.083,1.918,-2.876328
5.096000,-0.004,-0.009750,-0.013875,4.261,6.90,-0.013718,0.008816,0.000312,0.000622,0.004,0.006,-0.039062,-0.006000,0.000000,-0.078125,0.000000,0.192317,1,2.07,3.582,-38.080,1.918,-2.876368
5.098000,-0.004,-0.009677,-0.013839,4.261,6.90,-0.013722,0.008821,0.000317,0.000539,0.004,0.006,-0.039062,-0.006000,0.000000,-0.078125,0.000000,0.192317,1,2.07,3.583,-38.076,1.918,-2.876408
5.100000,-0.004,-0.008843,-0.013422,4.261,6.90,-0.013724,0.008824,0.000000,0.000019,0.000,0.006,-0.039062,-0.006000,0.000000,-0.078125,0.000000,0.192317,1,2.07,3.584,-38.072,1.918,-2.876448
5.102000,-0.004,-0.008835,-0.013418,4.261,6.90,-0.013718,0.008824,0.000002,0.000009,0.000,0.006,-0.039062,-0.006000,0.000000,-0.078125,0.000000,0.192317,1,2.07,3.585,-38.069,1.918,-2.876490
5.104000,-0.004,-0.008828,-0.013414,4.261,6.90,-0.013712,0.008822,0.000010,-0.000004,0.000,0.006,-0.039062,-0.006000,0.000000,-0.078125,0.000000,0.192317,1,2.07,3.586,-38.065,1.918,-2.876531
5.106000,-0.004,-0.008799,-0.013399,4.261,6.90,-0.013706,0.008817,0.000017,-0.000035,0.000,0.006,-0.039062,-0.006000,0.000000,-0.078125,0.000000,0.192317,1,2.07,3.587,-38.061,1.918,-2.876573
5.108000,-0.004,-0.008772,-0.013386,4.261,6.90,-0.013700,0.008810,0.000027,-0.000065,0.004,0.006,-0.039062,-0.006000,0.000000,-0.078125,0.000000,0.192317,1,2.07,3.588,-38.057,1.918,-2.876615
5.110000,-0.004,-0.008621,-0.013311,4.261,6.90,-0.013693,0.008802,0.000030,-0.000210,0.004,0.006,-0.039062,-0.006000,0.000000,-0.078125,0.000000,0.192317,1,2.07,3.589,-38.054,1.918,-2.876657
5.112000,-0.004,-0.008593,-0.013297,4.261,6.90,-0.013686,0.008790,0.000042,-0.000240,0.004,0.006,-0.039062,-0.006000,0.000000,-0.078125,0.000000,0.192317,1,2.07,3.590,-38.050,1.918,-2.876699
5.114000,-0.004,-0.008424,-0.013212,4.261,6.90,-0.013678,0.008777,0.000045,-0.000398,0.004,0.006,-0.039062,-0.006000,0.000000,-0.078125,0.000000,0.192317,1,2.07,3.591,-38.046,1.918,-2.876741
5.116000,-0.004,-0.008161,-0.013081,4.261,6.90,-0.013669,0.008762,0.000048,-0.000648,0.004,0.005,-0.039062,-0.006000,0.000000,-0.078125,0.000000,0.192317,1,2.07,3.592,-38.043,1.918,-2.876783
5.118000,-0.004,-0.008071,-0.013035,4.261,6.90,-0.013657,0.008744,0.000055,-0.000728,0.004,0.005,-0.039062,-0.006000,0.000000,-0.078125,0.000000,0.192317,1,2.07,3.593,-38.039,1.918,-2.876826
5.120000,-0.004,-0.008101,-0.013051,4.261,6.90,-0.013644,0.008724,0.000065,-0.000688,0.004,0.005,-0.039062,-0.006000,0.000000,-0.078125,0.000000,0.192317,1,2.07,3.594,-38.035,1.918,-2.876868
5.122000,-0.004,-0.007949,-0.012974,4.261,6.90,-0.013632,0.008702,0.000071,-0.000824,0.004,0.005,-0.039062,-0.006000,0.000000,-0.078125,0.000000,0.192317,1,2.07,3.595,-38.032,1.918,-2.876911
5.124000,-0.004,-0.007621,-0.012810,4.261,6.90,-0.013619,0.008677,0.000073,-0.001130,0.004,0.005,-0.039062,-0.006000,0.000000,-0.078125,0.000000,0.192317,1,2.07,3.596,-38.028,1.918,-2.876954
5.126000,-0.004,-0.007886,-0.012943,4.261,6.90,-0.013603,0.008650,0.000113,-0.000877,0.004,0.005,-0.039062,-0.006000,0.000000,-0.078125,0.000000,0.192317,1,2.07,3.597,-38.024,1.918,-2.876997
5.128000,-0.004,-0.007884,-0.012942,4.261,6.90,-0.013590,0.008622,0.000126,-0.000864,0.004,0.005,-0.039062,-0.006000,0.000000,-0.078125,0.000000,0.192317,1,2.07,3.598,-38.020,1.918,-2.877040
5.130000,-0.004,-0.007524,-0.012762,4.261,6.90,-0.013577,0.008592,0.000129,-0.001196,0.004,0.005,-0.039062,-0.006000,0.000000,-0.078125,0.000000,0.192317,1,2.07,3.599,-38.017,1.918,-2.877083
5.132000,-0.004,-0.007119,-0.012559,4.261,6.90,-0.013561,0.008559,0.000132,-0.001572,0.004,0.005,-0.039062,-0.006000,0.000000,-0.078125,0.000000,0.192317,1,2.07,3.600,-38.013,1.918,-2.877126
5.134000,-0.004,-0.007213,-0.012607,4.261,6.90,-0.013541,0.008523,0.000136,-0.001446,0.004,0.005,-0.039062,-0.006000,0.000000,-0.078125,0.000000,0.192317,1,2.07,3.600,-38.009,1.918,-2.877170
5.136000,-0.004,-0.007036,-0.012518,4.261,6.90,-0.013522,0.008486,0.000145,-0.001595,0.004,0.005,-0.039062,-0.006000,0.000000,-0.078125,0.000000,0.192317,1,2.07,3.601,-38.006,1.918,-2.877213
5.138000,-0.004,-0.006662,-0.012331,4.261,6.90,-0.013502,0.008447,0.000149,-0.001933,0.004,0.004,-0.039062,-0.006000,0.000000,-0.078125,0.000000,0.192317,1,2.07,3.602,-38.002,1.918,-2.877257
5.140000,-0.004,-0.006683,-0.012342,4.261,6.90,-0.013478,0.008405,0.000154,-0.001875,0.004,0.004,-0.039062,-0.006000,0.000000,-0.078125,0.000000,0.192317,1,2.06,3.603,-37.998,1.918,-2.877301
5.142000,-0.004,-0.006491,-0.012245,4.261,6.90,-0.013456,0.008361,0.000156,-0.002026,0.004,0.004,-0.039062,-0.006000,0.000000,-0.078125,0.000000,0.192317,1,2.06,3.604,-37.994,1.918,-2.877345
5.144000,-0.004,-0.006605,-0.012303,4.261,6.90,-0.013431,0.008315,0.000166,-0.001875,0.004,0.004,-0.039062,-0.006000,0.000000,-0.078125,0.000000,0.192317,1,2.06,3.605,-37.991,1.918,-2.877390
5.146000,-0.004,-0.006317,-0.012158,4.261,6.90,-0.013409,0.008267,0.000170,-0.002121,0.004,0.004,-0.039062,-0.006000,0.000000,-0.078125,0.000000,0.192317,1,2.06,3.606,-37.987,1.918,-2.877434
5.148000,-0.004,-0.006284,-0.012142,4.261,6.90,-0.013384,0.008217,0.000175,-0.002108,0.004,0.004,-0.039062,-0.006000,0.000000,-0.078125,0.000000,0.192317,1,2.06,3.607,-37.983,1.918,-2.877478
5.150000,-0.004,-0.006045,-0.012023,4.261,6.90,-0.013359,0.008166,0.000179,-0.002299,0.004,0.004,-0.039062,-0.006000,0.000000,-0.078125,0.000000,0.192317,1,2.06,3.608,-37.980,1.918,-2.877522
5.152000,-0.004,-0.006367,-0.012183,4.261,6.90,-0.013332,0.008112,0.000186,-0.001931,0.004,0.004,-0.039062,-0.006000,0.000000,-0.078125,0.000000,0.192317,1,2.06,3.609,-37.976,1.918,-2.877566
5.154000,-0.004,-0.005995,-0.011997,4.261,6.90,-0.013309,0.008057,0.000190,-0.002252,0.004,0.004,-0.039062,-0.006000,0.000000,-0.078125,0.000000,0.192317,1,2.06,3.610,-37.972,1.918,-2.877610
5.156000,-0.004,-0.005150,-0.011575,4.261,6.90,-0.013283,0.007999,0.000192,-0.003041,0.004,0.003,-0.039062,-0.006000,0.000000,-0.078125,0.000000,0.192317,1,2.06,3.611,-37.969,1.918,-2.877654
5.158000,-0.004,-0.005132,-0.011566,4.261,6.90,-0.013249,0.007939,0.000198,-0.003005,0.004,0.003,-0.039062,-0.006000,0.000000,-0.078125,0.000000,0.192317,1,2.06,3.612,-37.965,1.918,-2.877700
5.160000,-0.004,-0.004988,-0.011494,4.261,6.90,-0.013215,0.007876,0.000202,-0.003090,0.004,0.003,-0.039062,-0.006000,0.000000,-0.078125,0.000000,0.192317,1,2.06,3.613,-37.961,1.918,-2.877745
5.162000,-0.004,-0.004777,-0.011388,4.261,6.90,-0.013181,0.007812,0.000207,-0.003242,0.004,0.003,-0.039062,-0.006000,0.000000,-0.078125,0.000000,0.192317,1,2.06,3.614,-37.957,1.918,-2.877790
5.164000,-0.004,-0.003889,-0.010945,4.261,6.90,-0.013145,0.007746,0.000209,-0.004065,0.004,0.003,-0.039062,-0.006000,0.000000,-0.078125,0.000000,0.192317,1,2.06,3.615,-37.954,1.918,-2.877836
5.166000,-0.004,-0.004527,-0.011263,4.261,6.90,-0.013101,0.007676,0.000214,-0.003363,0.004,0.003,-0.039062,-0.006000,0.000000,-0.078125,0.000000,0.192317,1,2.06,3.616,-37.950,1.918,-2.877883
5.168000,-0.004,-0.004225,-0.011112,4.261,6.90,-0.013064,0.007606,0.000218,-0.003600,0.004,0.003,-0.039062,-0.006000,0.000000,-0.078125,0.000000,0.192317,1,2.06,3.617,-37.946,1.918,-2.877928
5.170000,-0.004,-0.004093,-0.011046,4.261,6.90,-0.013025,0.007534,0.000222,-0.003664,0.004,0.003,-0.039062,-0.006000,0.000000,-0.078125,0.000000,0.192317,1,2.06,3.618,-37.943,1.918,-2.877974
5.172000,-0.004,-0.003948,-0.010974,4.261,6.90,-0.012985,0.007460,0.000227,-0.003740,0.004,0.003,-0.039062,-0.006000,0.000000,-0.078125,0.000000,0.192317,1,2.06,3.619,-37.939,1.918,-2.878020
5.174000,-0.004,-0.004265,-0.011133,4.261,6.90,-0.012945,0.007385,0.000230,-0.003349,0.004,0.003,-0.039062,-0.006000,0.000000,-0.078125,0.000000,0.192317,1,2.06,3.620,-37.935,1.918,-2.878065
5.176000,-0.004,-0.004691,-0.011345,4.261,6.90,-0.012909,0.007308,0.000279,-0.002896,0.004,0.003,-0.039062,-0.006000,0.000000,-0.078125,0.000000,0.192317,1,2.06,3.621,-37.931,1.918,-2.878110
5.178000,-0.004,-0.004640,-0.011320,4.261,6.90,-0.012878,0.007231,0.000283,-0.002875,0.004,0.003,-0.039062,-0.006000,0.000000,-0.078125,0.000000,0.192317,1,2.06,3.622,-37.928,1.918,-2.878154
5.180000,-0.004,-0.004702,0.006649,4.261,6.90,-0.012846,0.007153,0.000288,-0.002739,0.004,0.003,-0.040625,0.006000,0.000000,-0.081250,0.000000,0.200010,1,2.06,3.623,-37.924,1.918,-2.878198
5.182000,-0.004,-0.004357,0.006821,4.261,6.90,-0.012551,0.007026,0.000294,-0.002963,0.004,0.003,-0.040625,0.006000,0.000000,-0.081250,0.000000,0.200010,1,2.06,3.624,-37.920,1.918,-2.878285
5.184000,-0.003,-0.004655,0.006672,4.261,6.90,-0.012164,0.006876,0.000304,-0.002524,0.004,0.003,-0.040625,0.006000,0.000000,-0.081250,0.000000,0.200010,1,2.06,3.625,-37.917,1.918,-2.878393
5.186000,-0.003,-0.004247,0.006876,4.261,6.90,-0.011788,0.006726,0.000319,-0.002798,0.004,0.003,-0.040625,0.006000,0.000000,-0.081250,0.000000,0.200010,1,2.06,3.626,-37.913,1.919,-2.878498
5.188000,-0.003,-0.004360,0.006820,4.261,6.90,-0.011414,0.006576,0.000333,-0.002550,0.004,0.003,-0.040625,0.006000,0.000000,-0.081250,0.000000,0.200010,1,2.06,3.627,-37.909,1.919,-2.878601
5.190000,-0.003,-0.003100,0.007450,4.261,6.90,-0.011050,0.006428,0.000336,-0.003664,0.004,0.002,-0.040625,0.006000,0.000000,-0.081250,0.000000,0.200010,1,2.06,3.628,-37.906,1.919,-2.878702
5.192000,-0.003,-0.002832,0.007584,4.261,6.90,-0.010680,0.006277,0.000341,-0.003787,0.003,0.002,-0.040625,0.006000,0.000000,-0.081250,0.000000,0.200010,1,2.06,3.629,-37.902,1.919,-2.878802
5.194000,-0.003,-0.001442,0.008279,4.261,6.90,-0.010314,0.006127,0.000344,-0.005029,0.003,0.001,-0.040625,0.006000,0.000000,-0.081250,0.000000,0.200010,1,2.06,3.630,-37.898,1.919,-2.878900
5.196000,-0.003,-0.000524,0.008738,4.261,6.90,-0.009943,0.005976,0.000348,-0.005800,0.003,0.000,-0.040625,0.006000,0.000000,-0.081250,0.000000,0.200010,1,2.06,3.631,-37.894,1.919,-2.878999
5.198000,-0.003,0.000228,0.009114,4.261,6.90,-0.009569,0.005824,0.000352,-0.006404,0.003,0.000,-0.040625,0.006000,0.000000,-0.081250,0.000000,0.200010,1,2.06,3.632,-37.891,1.919,-2.879096
5.200000,-0.003,-0.005683,0.006159,4.261,6.90,-0.009195,0.005671,0.000000,0.000012,0.000,0.004,-0.040625,0.006000,0.000000,-0.081250,0.000000,0.200010,1,2.06,3.633,-37.887,1.919,-2.879192
# Log beendet. Einträge: 2600
