timestamp,roll_angle,steering_output,final_steer,target_speed,actual_speed_kmh,actual_handlebar_angle,p_term,i_term,d_term,error,stability_factor,vision_error,vision_steer_command,vision_speed_command,vision_p_term,vision_i_term,vision_d_term,vision_active,vision_mask_coverage
0.010000,-0.003,-0.036027,-0.036027,4.321,0.00,-0.003083,0.005768,0.000005,0.030254,0.000,0.024,0.000000,0.000000,0.000000,0.000000,0.000000,0.000000,0,0.00
0.020000,-0.003,-0.037460,-0.037460,4.321,1.40,-0.006376,0.005944,0.000010,0.031507,0.000,0.025,0.000000,0.000000,0.000000,0.000000,0.000000,0.000000,0,0.00
0.030000,-0.003,-0.038337,-0.038337,4.321,2.52,-0.009485,0.006080,0.000015,0.032242,0.000,0.026,0.000000,0.000000,0.000000,0.000000,0.000000,0.000000,0,0.00
0.040000,-0.003,-0.038984,-0.038984,4.321,3.42,-0.012370,0.006175,0.000021,0.032788,0.000,0.026,0.000000,0.000000,0.000000,0.000000,0.000000,0.000000,0,0.00
0.050000,-0.003,-0.039342,-0.039342,4.321,4.13,-0.015031,0.006229,0.000026,0.033087,0.003,0.026,0.000000,0.000000,0.000000,0.000000,0.000000,0.000000,0,0.00
0.060000,-0.003,-0.009189,-0.009189,4.321,4.71,-0.017463,0.006242,0.000031,0.002916,0.003,0.006,0.000000,0.000000,0.000000,0.000000,0.000000,0.000000,0,0.00
0.070000,-0.003,-0.006636,-0.006636,4.321,5.16,-0.016636,0.006054,0.000036,0.000546,0.003,0.004,0.000000,0.000000,0.000000,0.000000,0.000000,0.000000,0,0.00
0.080000,-0.003,-0.003854,-0.003854,4.321,5.53,-0.015637,0.005768,0.000041,-0.001955,0.003,0.003,0.000000,0.000000,0.000000,0.000000,0.000000,0.000000,0,0.00
0.090000,-0.003,-0.001097,-0.001097,4.321,5.83,-0.014459,0.005402,0.000046,-0.004352,0.003,0.001,0.000000,0.000000,0.000000,0.000000,0.000000,0.000000,0,0.00
0.100000,-0.002,0.002448,0.002448,4.321,4.89,-0.013124,0.004979,0.000050,-0.007477,0.003,0.002,0.000000,0.000000,0.000000,0.000000,0.000000,0.000000,0,0.00
0.110000,-0.002,0.005703,0.005703,4.321,4.09,-0.011568,0.004592,0.000053,-0.010348,0.003,0.004,0.000000,0.000000,0.000000,0.000000,0.000000,0.000000,0,0.00
0.120000,-0.002,0.007824,0.007824,4.321,3.49,-0.009841,0.004185,0.000056,-0.012065,0.003,0.005,0.000000,0.000000,0.000000,0.000000,0.000000,0.000000,0,0.00
0.130000,-0.002,0.011969,0.011969,4.321,3.90,-0.008075,0.003570,0.000058,-0.015598,0.003,0.008,0.000000,0.000000,0.000000,0.000000,0.000000,0.000000,0,0.00
0.140000,-0.001,0.016158,0.016158,4.321,4.52,-0.006070,0.002844,0.000060,-0.019062,0.002,0.011,0.000000,0.000000,0.000000,0.000000,0.000000,0.000000,0,0.00
0.150000,-0.001,0.019725,0.019725,4.321,5.01,-0.003848,0.002077,0.000062,-0.021863,0.002,0.013,0.000000,0.000000,0.000000,0.000000,0.000000,0.000000,0,0.00
0.160000,-0.001,0.023406,0.023406,4.321,5.41,-0.001491,0.001287,0.000063,-0.024755,0.002,0.016,0.000000,0.000000,0.000000,0.000000,0.000000,0.000000,0,0.00
0.170000,-0.000,0.027140,0.027140,4.321,5.73,0.000999,0.000475,0.000063,-0.027678,0.002,0.018,0.000000,0.000000,0.000000,0.000000,0.000000,0.000000,0,0.00
0.180000,0.000,0.026771,0.026771,4.321,5.98,0.003612,-0.000355,0.000062,-0.026478,0.001,0.018,0.000000,0.000000,0.000000,0.000000,0.000000,0.000000,0,0.00
0.190000,0.001,0.026975,0.026975,4.321,6.18,0.005928,-0.001108,0.000062,-0.025930,0.001,0.018,0.000000,0.000000,0.000000,0.000000,0.000000,0.000000,0,0.00
0.200000,0.001,0.026425,0.026425,4.321,6.35,0.008033,-0.001798,0.000060,-0.024688,0.001,0.018,0.000000,0.000000,0.000000,0.000000,0.000000,0.000000,0,0.00
0.210000,0.001,0.024646,0.024646,4.321,6.48,0.009872,-0.002411,0.000058,-0.022294,0.000,0.016,0.000000,0.000000,0.000000,0.000000,0.000000,0.000000,0,0.00
0.220000,0.001,0.022311,0.022311,4.321,6.58,0.011349,-0.002924,0.000055,-0.019442,-0.000,0.015,0.000000,0.000000,0.000000,0.000000,0.000000,0.000000,0,0.00
0.230000,0.002,0.021057,0.021057,4.321,6.67,0.012445,-0.003333,0.000053,-0.017777,-0.001,0.014,0.000000,0.000000,0.000000,0.000000,0.000000,0.000000,0,0.00
0.240000,0.002,0.018350,0.018350,4.321,6.73,0.013306,-0.003666,0.000049,-0.014733,-0.001,0.012,0.000000,0.000000,0.000000,0.000000,0.000000,0.000000,0,0.00
0.250000,0.002,0.015324,0.015324,4.321,6.78,0.013811,-0.003899,0.000045,-0.011469,-0.001,0.010,0.000000,0.000000,0.000000,0.000000,0.000000,0.000000,0,0.00
0.260000,0.002,0.012848,0.012848,4.321,6.83,0.013962,-0.004033,0.000041,-0.008857,-0.001,0.009,0.000000,0.000000,0.000000,0.000000,0.000000,0.000000,0,0.00
0.270000,0.002,0.010244,0.010244,4.321,6.86,0.013850,-0.004086,0.000036,-0.006194,-0.002,0.007,0.000000,0.000000,0.000000,0.000000,0.000000,0.000000,0,0.00
0.280000,0.002,0.007693,0.007693,4.321,6.89,0.013490,-0.004065,0.000032,-0.003661,-0.002,0.005,0.000000,0.000000,0.000000,0.000000,0.000000,0.000000,0,0.00
0.290000,0.002,0.005496,0.005496,4.321,6.91,0.012911,-0.003976,0.000028,-0.001548,-0.002,0.004,0.000000,0.000000,0.000000,0.000000,0.000000,0.000000,0,0.00
0.300000,0.002,0.003600,0.003600,4.321,6.93,0.012170,-0.003835,0.000023,0.000212,-0.002,0.002,0.000000,0.000000,0.000000,0.000000,0.000000,0.000000,0,0.00
0.310000,0.002,0.002426,0.002426,4.321,6.94,0.011313,-0.003652,0.000013,0.001213,-0.002,0.002,0.000000,0.000000,0.000000,0.000000,0.000000,0.000000,0,0.00
0.320000,0.002,0.001302,0.001302,4.321,6.95,0.010424,-0.003449,0.000008,0.002139,-0.002,0.001,0.000000,0.000000,0.000000,0.000000,0.000000,0.000000,0,0.00
0.330000,0.002,0.000319,0.000319,4.321,6.96,0.009512,-0.003228,0.000004,0.002906,-0.002,0.000,0.000000,0.000000,0.000000,0.000000,0.000000,0.000000,0,0.00
0.340000,0.001,-0.000558,-0.000558,4.321,6.97,0.008593,-0.002995,0.000001,0.003552,-0.002,0.000,0.000000,0.000000,0.000000,0.000000,0.000000,0.000000,0,0.00
0.350000,0.001,-0.001225,-0.001225,4.321,6.98,0.007678,-0.002752,-0.000003,0.003980,-0.002,0.001,0.000000,0.000000,0.000000,0.000000,0.000000,0.000000,0,0.00
0.360000,0.001,-0.002204,-0.002204,4.321,6.98,0.006788,-0.002506,-0.000006,0.004716,-0.002,0.001,0.000000,0.000000,0.000000,0.000000,0.000000,0.000000,0,0.00
0.370000,0.001,-0.003012,-0.003012,4.321,6.98,0.005889,-0.002249,-0.000008,0.005269,-0.002,0.002,0.000000,0.000000,0.000000,0.000000,0.000000,0.000000,0,0.00
0.380000,0.001,-0.003725,-0.003725,4.321,6.99,0.004999,-0.001988,-0.000010,0.005723,-0.001,0.002,0.000000,0.000000,0.000000,0.000000,0.000000,0.000000,0,0.00
0.390000,0.001,-0.004187,-0.004187,4.321,6.99,0.004127,-0.001725,-0.000012,0.005923,-0.001,0.003,0.000000,0.000000,0.000000,0.000000,0.000000,0.000000,0,0.00
0.400000,0.001,-0.004721,-0.004721,4.321,6.99,0.003296,-0.001465,-0.000013,0.006199,-0.001,0.003,0.000000,0.000000,0.000000,0.000000,0.000000,0.000000,0,0.00
0.410000,0.001,-0.005350,-0.005350,4.321,6.99,0.002495,-0.001208,-0.000014,0.006573,-0.001,0.004,0.000000,0.000000,0.000000,0.000000,0.000000,0.000000,0,0.00
0.420000,0.000,-0.005888,-0.005888,4.321,6.99,0.001710,-0.000951,-0.000015,0.006854,-0.001,0.004,0.000000,0.000000,0.000000,0.000000,0.000000,0.000000,0,0.00
0.430000,0.000,-0.006136,-0.006136,4.321,6.99,0.000951,-0.000697,-0.000016,0.006849,-0.001,0.004,0.000000,0.000000,0.000000,0.000000,0.000000,0.000000,0,0.00
0.440000,0.000,-0.006819,-0.006819,4.321,6.99,0.000242,-0.000453,-0.000016,0.007288,-0.001,0.005,0.000000,0.000000,0.000000,0.000000,0.000000,0.000000,0,0.00
0.450000,0.000,-0.007101,-0.007101,4.321,7.00,-0.000464,-0.000207,-0.000016,0.007325,-0.001,0.005,0.000000,0.000000,0.000000,0.000000,0.000000,0.000000,0,0.00
0.460000,-0.000,-0.007157,-0.007157,4.321,7.00,-0.001127,0.000029,-0.000016,0.007143,-0.000,0.005,0.000000,0.000000,0.000000,0.000000,0.000000,0.000000,0,0.00
0.470000,-0.000,-0.007111,-0.007111,4.321,7.00,-0.001730,0.000253,-0.000016,0.006874,-0.000,0.005,0.000000,0.000000,0.000000,0.000000,0.000000,0.000000,0,0.00
0.480000,-0.000,-0.007068,-0.007068,4.321,7.00,-0.002268,0.000462,-0.000015,0.006621,-0.000,0.005,0.000000,0.000000,0.000000,0.000000,0.000000,0.000000,0,0.00
0.490000,-0.000,-0.006581,-0.006581,4.321,7.00,-0.002748,0.000657,-0.000015,0.005938,-0.000,0.004,0.000000,0.000000,0.000000,0.000000,0.000000,0.000000,0,0.00
0.500000,-0.000,-0.006214,-0.006214,4.321,7.00,-0.003131,0.000831,-0.000014,0.005397,0.000,0.004,0.000000,0.000000,0.000000,0.000000,0.000000,0.000000,0,0.00
0.510000,-0.000,-0.005842,-0.005842,4.321,7.00,-0.003439,0.000988,-0.000013,0.004867,0.000,0.004,0.000000,0.000000,0.000000,0.000000,0.000000,0.000000,0,0.00
0.520000,-0.001,-0.005390,-0.005390,4.321,7.00,-0.003679,0.001132,-0.000012,0.004270,0.000,0.004,0.000000,0.000000,0.000000,0.000000,0.000000,0.000000,0,0.00
0.530000,-0.001,-0.005013,-0.005013,4.321,7.00,-0.003850,0.001261,-0.000010,0.003762,0.000,0.003,0.000000,0.000000,0.000000,0.000000,0.000000,0.000000,0,0.00
0.540000,-0.001,-0.004673,-0.004673,4.321,7.00,-0.003966,0.001380,-0.000009,0.003302,0.000,0.003,0.000000,0.000000,0.000000,0.000000,0.000000,0.000000,0,0.00
0.550000,-0.001,-0.004369,-0.004369,4.321,7.00,-0.004037,0.001488,-0.000007,0.002888,0.000,0.003,0.000000,0.000000,0.000000,0.000000,0.000000,0.000000,0,0.00
0.560000,-0.001,-0.004162,-0.004162,4.321,7.00,-0.004070,0.001589,-0.000005,0.002577,0.001,0.003,0.000000,0.000000,0.000000,0.000000,0.000000,0.000000,0,0.00
0.570000,-0.001,-0.003990,-0.003990,4.321,7.00,-0.004079,0.001686,-0.000003,0.002307,0.001,0.003,0.000000,0.000000,0.000000,0.000000,0.000000,0.000000,0,0.00
0.580000,-0.001,-0.003701,-0.003701,4.321,7.00,-0.004070,0.001781,0.000002,0.001918,0.001,0.002,0.000000,0.000000,0.000000,0.000000,0.000000,0.000000,0,0.00
0.590000,-0.001,-0.003493,-0.003493,4.321,7.00,-0.004033,0.001871,0.000006,0.001615,0.001,0.002,0.000000,0.000000,0.000000,0.000000,0.000000,0.000000,0,0.00
0.600000,-0.001,-0.003578,-0.003578,4.321,7.00,-0.003979,0.001961,0.000008,0.001609,0.001,0.002,0.000000,0.000000,0.000000,0.000000,0.000000,0.000000,0,0.00
0.610000,-0.001,-0.003713,-0.003713,4.321,7.00,-0.003939,0.002058,0.000010,0.001645,0.001,0.002,0.000000,0.000000,0.000000,0.000000,0.000000,0.000000,0,0.00
0.620000,-0.001,-0.003951,-0.003951,4.321,7.00,-0.003916,0.002162,0.000013,0.001776,0.001,0.003,0.000000,0.000000,0.000000,0.000000,0.000000,0.000000,0,0.00
0.630000,-0.001,-0.004460,-0.004460,4.321,7.00,-0.003919,0.002277,0.000015,0.002168,0.001,0.003,0.000000,0.000000,0.000000,0.000000,0.000000,0.000000,0,0.00
0.640000,-0.001,-0.005025,-0.005025,4.321,7.00,-0.003973,0.002407,0.000017,0.002601,0.001,0.003,0.000000,0.000000,0.000000,0.000000,0.000000,0.000000,0,0.00
0.650000,-0.001,-0.005572,-0.005572,4.321,7.00,-0.004078,0.002553,0.000020,0.002999,0.001,0.004,0.000000,0.000000,0.000000,0.000000,0.000000,0.000000,0,0.00
0.660000,-0.001,-0.006137,-0.006137,4.321,7.00,-0.004227,0.002712,0.000022,0.003402,0.001,0.004,0.000000,0.000000,0.000000,0.000000,0.000000,0.000000,0,0.00
0.670000,-0.001,-0.006588,-0.006588,4.321,7.00,-0.004418,0.002859,0.000025,0.003704,0.001,0.004,0.000000,0.000000,0.000000,0.000000,0.000000,0.000000,0,0.00
0.680000,-0.002,-0.007196,-0.007196,4.321,7.00,-0.004635,0.003015,0.000027,0.004153,0.001,0.005,0.000000,0.000000,0.000000,0.000000,0.000000,0.000000,0,0.00
0.690000,-0.002,-0.007697,-0.007697,4.321,7.00,-0.004891,0.003182,0.000030,0.004485,0.001,0.005,0.000000,0.000000,0.000000,0.000000,0.000000,0.000000,0,0.00
0.700000,-0.002,-0.008166,-0.008166,4.321,7.00,-0.005171,0.003356,0.000032,0.004778,0.001,0.005,0.000000,0.000000,0.000000,0.000000,0.000000,0.000000,0,0.00
0.710000,-0.002,-0.008684,-0.008684,4.321,7.00,-0.005470,0.003534,0.000035,0.005114,0.001,0.006,0.000000,0.000000,0.000000,0.000000,0.000000,0.000000,0,0.00
0.720000,-0.002,-0.009232,-0.009232,4.321,7.00,-0.005791,0.003718,0.000038,0.005476,0.002,0.006,0.000000,0.000000,0.000000,0.000000,0.000000,0.000000,0,0.00
0.730000,-0.002,-0.009592,-0.009592,4.321,7.00,-0.006135,0.003906,0.000041,0.005645,0.002,0.006,0.000000,0.000000,0.000000,0.000000,0.000000,0.000000,0,0.00
0.740000,-0.002,-0.009882,-0.009882,4.321,7.00,-0.006481,0.004093,0.000045,0.005744,0.002,0.007,0.000000,0.000000,0.000000,0.000000,0.000000,0.000000,0,0.00
0.750000,-0.002,-0.010035,-0.010035,4.321,7.00,-0.006820,0.004277,0.000048,0.005710,0.002,0.007,0.000000,0.000000,0.000000,0.000000,0.000000,0.000000,0,0.00
0.760000,-0.002,-0.010097,-0.010097,4.321,7.00,-0.007142,0.004456,0.000052,0.005589,0.002,0.007,0.000000,0.000000,0.000000,0.000000,0.000000,0.000000,0,0.00
0.770000,-0.002,-0.009990,-0.009990,4.321,7.00,-0.007437,0.004627,0.000056,0.005306,0.002,0.007,0.000000,0.000000,0.000000,0.000000,0.000000,0.000000,0,0.00
0.780000,-0.002,-0.009827,-0.009827,4.321,7.00,-0.007692,0.004788,0.000061,0.004977,0.002,0.007,0.000000,0.000000,0.000000,0.000000,0.000000,0.000000,0,0.00
0.790000,-0.002,-0.009610,-0.009610,4.321,7.00,-0.007905,0.004939,0.000066,0.004605,0.002,0.006,0.000000,0.000000,0.000000,0.000000,0.000000,0.000000,0,0.00
0.800000,-0.003,-0.009372,-0.009372,4.321,7.00,-0.008076,0.005080,0.000071,0.004220,0.002,0.006,0.000000,0.000000,0.000000,0.000000,0.000000,0.000000,0,0.00
0.810000,-0.003,-0.009005,-0.009005,4.321,7.00,-0.008205,0.005212,0.000077,0.003716,0.002,0.006,0.000000,0.000000,0.000000,0.000000,0.000000,0.000000,0,0.00
0.820000,-0.003,-0.008803,-0.008803,4.321,7.00,-0.008285,0.005335,0.000083,0.003385,0.002,0.006,0.000000,0.000000,0.000000,0.000000,0.000000,0.000000,0,0.00
0.830000,-0.003,-0.008617,-0.008617,4.321,7.00,-0.008337,0.005453,0.000089,0.003075,0.002,0.006,0.000000,0.000000,0.000000,0.000000,0.000000,0.000000,0,0.00
0.840000,-0.003,-0.008525,-0.008525,4.321,7.00,-0.008364,0.005567,0.000095,0.002863,0.003,0.006,0.000000,0.000000,0.000000,0.000000,0.000000,0.000000,0,0.00
0.850000,-0.003,-0.008409,-0.008409,4.321,7.00,-0.008380,0.005681,0.000103,0.002626,0.003,0.006,0.000000,0.000000,0.000000,0.000000,0.000000,0.000000,0,0.00
0.860000,-0.003,-0.008416,-0.008416,4.321,7.00,-0.008383,0.005794,0.000110,0.002512,0.003,0.006,0.000000,0.000000,0.000000,0.000000,0.000000,0.000000,0,0.00
0.870000,-0.003,-0.008188,-0.008188,4.321,7.00,-0.008386,0.005909,0.000127,0.002152,0.003,0.005,0.000000,0.000000,0.000000,0.000000,0.000000,0.000000,0,0.00
0.880000,-0.003,-0.008263,-0.008263,4.321,7.00,-0.008366,0.006021,0.000134,0.002108,0.003,0.006,0.000000,0.000000,0.000000,0.000000,0.000000,0.000000,0,0.00
0.890000,-0.003,-0.008469,-0.008469,4.321,7.00,-0.008356,0.006138,0.000140,0.002191,0.003,0.006,0.000000,0.000000,0.000000,0.000000,0.000000,0.000000,0,0.00
0.900000,-0.003,-0.008695,-0.008695,4.321,7.00,-0.008367,0.006262,0.000147,0.002286,0.003,0.006,0.000000,0.000000,0.000000,0.000000,0.000000,0.000000,0,0.00
0.910000,-0.003,-0.008957,-0.008957,4.321,7.00,-0.008399,0.006392,0.000154,0.002411,0.003,0.006,0.000000,0.000000,0.000000,0.000000,0.000000,0.000000,0,0.00
0.920000,-0.003,-0.009530,-0.009530,4.321,7.00,-0.008455,0.006528,0.000161,0.002841,0.003,0.006,0.000000,0.000000,0.000000,0.000000,0.000000,0.000000,0,0.00
0.930000,-0.003,-0.009878,-0.009878,4.321,7.00,-0.008562,0.006676,0.000168,0.003033,0.003,0.007,0.000000,0.000000,0.000000,0.000000,0.000000,0.000000,0,0.00
0.940000,-0.003,-0.010192,-0.010192,4.321,7.00,-0.008693,0.006829,0.000175,0.003188,0.003,0.007,0.000000,0.000000,0.000000,0.000000,0.000000,0.000000,0,0.00
0.950000,-0.003,-0.010581,-0.010581,4.321,7.00,-0.008843,0.006984,0.000182,0.003414,0.003,0.007,0.000000,0.000000,0.000000,0.000000,0.000000,0.000000,0,0.00
0.960000,-0.004,-0.011108,-0.011108,4.321,7.00,-0.009017,0.007144,0.000188,0.003776,0.003,0.007,0.000000,0.000000,0.000000,0.000000,0.000000,0.000000,0,0.00
0.970000,-0.004,-0.011522,-0.011522,4.321,7.00,-0.009226,0.007309,0.000195,0.004018,0.003,0.008,0.000000,0.000000,0.000000,0.000000,0.000000,0.000000,0,0.00
0.980000,-0.004,-0.011927,-0.011927,4.321,7.00,-0.009455,0.007476,0.000202,0.004249,0.003,0.008,0.000000,0.000000,0.000000,0.000000,0.000000,0.000000,0,0.00
0.990000,-0.004,-0.012438,-0.012438,4.321,7.00,-0.009702,0.007643,0.000208,0.004588,0.003,0.008,0.000000,0.000000,0.000000,0.000000,0.000000,0.000000,0,0.00
1.000000,-0.004,-0.012900,-0.012900,4.321,7.00,-0.009975,0.007812,0.000214,0.004875,0.004,0.009,0.000000,0.000000,0.000000,0.000000,0.000000,0.000000,0,0.00
1.010000,-0.004,-0.013133,-0.013133,4.321,7.00,-0.010268,0.007980,0.000221,0.004932,0.004,0.009,0.000000,0.000000,0.000000,0.000000,0.000000,0.000000,0,0.00
1.020000,-0.004,-0.013342,-0.013342,4.321,7.00,-0.010554,0.008141,0.000228,0.004973,0.004,0.009,0.000000,0.000000,0.000000,0.000000,0.000000,0.000000,0,0.00
1.030000,-0.004,-0.013428,-0.013428,4.321,7.00,-0.010833,0.008295,0.000236,0.004897,0.004,0.009,0.000000,0.000000,0.000000,0.000000,0.000000,0.000000,0,0.00
1.040000,-0.004,-0.013226,-0.013226,4.321,7.00,-0.011092,0.008439,0.000244,0.004544,0.004,0.009,0.000000,0.000000,0.000000,0.000000,0.000000,0.000000,0,0.00
1.050000,-0.004,-0.012977,-0.012977,4.321,7.00,-0.011305,0.008566,0.000252,0.004159,0.004,0.009,0.000000,0.000000,0.000000,0.000000,0.000000,0.000000,0,0.00
1.060000,-0.004,-0.012654,-0.012654,4.321,7.00,-0.011472,0.008677,0.000261,0.003716,0.004,0.008,0.000000,0.000000,0.000000,0.000000,0.000000,0.000000,0,0.00
1.070000,-0.004,-0.012324,-0.012324,4.321,7.00,-0.011590,0.008771,0.000269,0.003284,0.004,0.008,0.000000,0.000000,0.000000,0.000000,0.000000,0.000000,0,0.00
1.080000,-0.004,-0.011903,-0.011903,4.321,7.00,-0.011663,0.008850,0.000280,0.002773,0.004,0.008,0.000000,0.000000,0.000000,0.000000,0.000000,0.000000,0,0.00
1.090000,-0.004,-0.011536,-0.011536,4.321,7.00,-0.011687,0.008914,0.000290,0.002332,0.004,0.008,0.000000,0.000000,0.000000,0.000000,0.000000,0.000000,0,0.00
1.100000,-0.004,-0.011145,-0.011145,4.321,7.00,-0.011672,0.008964,0.000300,0.001881,0.004,0.007,0.000000,0.000000,0.000000,0.000000,0.000000,0.000000,0,0.00
1.110000,-0.005,-0.010808,-0.010808,4.321,7.00,-0.011619,0.009002,0.000310,0.001497,0.004,0.007,0.000000,0.000000,0.000000,0.000000,0.000000,0.000000,0,0.00
1.120000,-0.005,-0.010472,-0.010472,4.321,7.00,-0.011538,0.009029,0.000321,0.001122,0.004,0.007,0.000000,0.000000,0.000000,0.000000,0.000000,0.000000,0,0.00
1.130000,-0.005,-0.010239,-0.010239,4.321,7.00,-0.011431,0.009046,0.000332,0.000861,0.004,0.007,0.000000,0.000000,0.000000,0.000000,0.000000,0.000000,0,0.00
1.140000,-0.005,-0.010010,-0.010010,4.321,7.00,-0.011311,0.009056,0.000344,0.000610,0.004,0.007,0.000000,0.000000,0.000000,0.000000,0.000000,0.000000,0,0.00
1.150000,-0.005,-0.009826,-0.009826,4.321,7.00,-0.011181,0.009060,0.000373,0.000393,0.005,0.007,0.000000,0.000000,0.000000,0.000000,0.000000,0.000000,0,0.00
1.160000,-0.005,-0.009668,-0.009668,4.321,7.00,-0.011046,0.009059,0.000388,0.000221,0.005,0.006,0.000000,0.000000,0.000000,0.000000,0.000000,0.000000,0,0.00
1.170000,-0.005,-0.009544,-0.009544,4.321,7.00,-0.010908,0.009054,0.000399,0.000091,0.005,0.006,0.000000,0.000000,0.000000,0.000000,0.000000,0.000000,0,0.00
1.180000,-0.005,-0.009437,-0.009437,4.321,7.00,-0.010771,0.009045,0.000409,-0.000018,0.005,0.006,0.000000,0.000000,0.000000,0.000000,0.000000,0.000000,0,0.00
1.190000,-0.005,-0.009329,-0.009329,4.321,7.00,-0.010638,0.009032,0.000418,-0.000122,0.005,0.006,0.000000,0.000000,0.000000,0.000000,0.000000,0.000000,0,0.00
1.200000,-0.005,-0.009231,-0.009231,4.321,7.00,-0.010507,0.009016,0.000427,-0.000211,0.005,0.006,0.000000,0.000000,0.000000,0.000000,0.000000,0.000000,0,0.00
1.210000,-0.004,-0.009121,-0.009121,4.321,7.00,-0.010379,0.008995,0.000436,-0.000310,0.005,0.006,0.000000,0.000000,0.000000,0.000000,0.000000,0.000000,0,0.00
1.220000,-0.004,-0.009000,-0.009000,4.321,7.00,-0.010253,0.008970,0.000445,-0.000415,0.005,0.006,0.000000,0.000000,0.000000,0.000000,0.000000,0.000000,0,0.00
1.230000,-0.004,-0.008858,-0.008858,4.321,7.00,-0.010128,0.008941,0.000453,-0.000535,0.005,0.006,0.000000,0.000000,0.000000,0.000000,0.000000,0.000000,0,0.00
1.240000,-0.004,-0.008700,-0.008700,4.321,7.00,-0.010001,0.008906,0.000461,-0.000667,0.005,0.006,0.000000,0.000000,0.000000,0.000000,0.000000,0.000000,0,0.00
1.250000,-0.004,-0.008512,-0.008512,4.321,7.00,-0.009871,0.008865,0.000469,-0.000822,0.004,0.006,0.000000,0.000000,0.000000,0.000000,0.000000,0.000000,0,0.00
1.260000,-0.004,-0.008259,-0.008259,4.321,7.00,-0.009735,0.008819,0.000475,-0.001035,0.004,0.006,0.000000,0.000000,0.000000,0.000000,0.000000,0.000000,0,0.00
1.270000,-0.004,-0.007987,-0.007987,4.321,7.00,-0.009587,0.008764,0.000482,-0.001259,0.004,0.005,0.000000,0.000000,0.000000,0.000000,0.000000,0.000000,0,0.00
1.280000,-0.004,-0.007654,-0.007654,4.321,7.00,-0.009427,0.008701,0.000488,-0.001536,0.004,0.005,0.000000,0.000000,0.000000,0.000000,0.000000,0.000000,0,0.00
1.290000,-0.004,-0.007338,-0.007338,4.321,7.00,-0.009250,0.008630,0.000495,-0.001787,0.004,0.005,0.000000,0.000000,0.000000,0.000000,0.000000,0.000000,0,0.00
1.300000,-0.004,-0.007011,-0.007011,4.321,7.00,-0.009059,0.008550,0.000502,-0.002042,0.004,0.005,0.000000,0.000000,0.000000,0.000000,0.000000,0.000000,0,0.00
1.310000,-0.004,-0.006706,-0.006706,4.321,7.00,-0.008854,0.008463,0.000509,-0.002267,0.004,0.004,0.000000,0.000000,0.000000,0.000000,0.000000,0.000000,0,0.00
1.320000,-0.004,-0.006479,-0.006479,4.321,7.00,-0.008639,0.008370,0.000517,-0.002408,0.004,0.004,0.000000,0.000000,0.000000,0.000000,0.000000,0.000000,0,0.00
1.330000,-0.004,-0.006283,-0.006283,4.321,7.00,-0.008424,0.008272,0.000524,-0.002513,0.004,0.004,0.000000,0.000000,0.000000,0.000000,0.000000,0.000000,0,0.00
1.340000,-0.004,-0.006054,-0.006054,4.321,7.00,-0.008210,0.008171,0.000531,-0.002649,0.004,0.004,0.000000,0.000000,0.000000,0.000000,0.000000,0.000000,0,0.00
1.350000,-0.004,-0.005941,-0.005941,4.321,7.00,-0.007994,0.008066,0.000540,-0.002665,0.004,0.004,0.000000,0.000000,0.000000,0.000000,0.000000,0.000000,0,0.00
1.360000,-0.004,-0.005861,-0.005861,4.321,7.00,-0.007789,0.007959,0.000548,-0.002646,0.004,0.004,0.000000,0.000000,0.000000,0.000000,0.000000,0.000000,0,0.00
1.370000,-0.004,-0.005717,-0.005717,4.321,7.00,-0.007596,0.007852,0.000556,-0.002691,0.004,0.004,0.000000,0.000000,0.000000,0.000000,0.000000,0.000000,0,0.00
1.380000,-0.004,-0.005641,-0.005641,4.321,7.00,-0.007409,0.007741,0.000564,-0.002664,0.004,0.004,0.000000,0.000000,0.000000,0.000000,0.000000,0.000000,0,0.00
1.390000,-0.004,-0.005608,-0.005608,4.321,7.00,-0.007232,0.007628,0.000573,-0.002592,0.004,0.004,0.000000,0.000000,0.000000,0.000000,0.000000,0.000000,0,0.00
1.400000,-0.004,-0.005517,-0.005517,4.321,7.00,-0.007070,0.007514,0.000581,-0.002578,0.004,0.004,0.000000,0.000000,0.000000,0.000000,0.000000,0.000000,0,0.00
1.410000,-0.004,-0.005372,-0.005372,4.321,7.00,-0.006915,0.007397,0.000589,-0.002613,0.004,0.004,0.000000,0.000000,0.000000,0.000000,0.000000,0.000000,0,0.00
1.420000,-0.004,-0.005270,-0.005270,4.321,7.00,-0.006760,0.007275,0.000597,-0.002602,0.004,0.004,0.000000,0.000000,0.000000,0.000000,0.000000,0.000000,0,0.00
1.430000,-0.004,-0.005124,-0.005124,4.321,7.00,-0.006612,0.007149,0.000606,-0.002630,0.004,0.003,0.000000,0.000000,0.000000,0.000000,0.000000,0.000000,0,0.00
1.440000,-0.004,-0.005285,-0.005285,4.321,7.00,-0.006463,0.007019,0.000625,-0.002359,0.004,0.004,0.000000,0.000000,0.000000,0.000000,0.000000,0.000000,0,0.00
1.450000,-0.003,-0.005205,-0.005205,4.321,7.00,-0.006345,0.006890,0.000635,-0.002320,0.004,0.003,0.000000,0.000000,0.000000,0.000000,0.000000,0.000000,0,0.00
1.460000,-0.003,-0.004962,-0.004962,4.321,7.00,-0.006231,0.006757,0.000641,-0.002436,0.004,0.003,0.000000,0.000000,0.000000,0.000000,0.000000,0.000000,0,0.00
1.470000,-0.003,-0.004762,-0.004762,4.321,7.00,-0.006104,0.006615,0.000649,-0.002502,0.004,0.003,0.000000,0.000000,0.000000,0.000000,0.000000,0.000000,0,0.00
1.480000,-0.003,-0.004486,-0.004486,4.321,7.00,-0.005970,0.006467,0.000656,-0.002637,0.004,0.003,0.000000,0.000000,0.000000,0.000000,0.000000,0.000000,0,0.00
1.490000,-0.003,-0.003878,-0.003878,4.321,7.00,-0.005822,0.006310,0.000663,-0.003095,0.003,0.003,0.000000,0.000000,0.000000,0.000000,0.000000,0.000000,0,0.00
1.500000,-0.003,-0.003288,-0.003288,4.321,7.00,-0.005628,0.006139,0.000669,-0.003520,0.003,0.002,0.000000,0.000000,0.000000,0.000000,0.000000,0.000000,0,0.00
1.510000,-0.003,-0.002849,-0.002849,4.321,7.00,-0.005394,0.005955,0.000675,-0.003781,0.003,0.002,0.000000,0.000000,0.000000,0.000000,0.000000,0.000000,0,0.00
1.520000,-0.003,-0.002340,-0.002340,4.321,7.00,-0.005140,0.005764,0.000681,-0.004105,0.003,0.002,0.000000,0.000000,0.000000,0.000000,0.000000,0.000000,0,0.00
1.530000,-0.003,-0.001729,-0.001729,4.321,7.00,-0.004860,0.005564,0.000686,-0.004521,0.003,0.001,0.000000,0.000000,0.000000,0.000000,0.000000,0.000000,0,0.00
1.540000,-0.003,-0.001146,-0.001146,4.321,7.00,-0.004548,0.005356,0.000691,-0.004902,0.003,0.001,0.000000,0.000000,0.000000,0.000000,0.000000,0.000000,0,0.00
1.550000,-0.003,-0.000615,-0.000615,4.321,7.00,-0.004208,0.005141,0.000696,-0.005222,0.003,0.000,0.000000,0.000000,0.000000,0.000000,0.000000,0.000000,0,0.00
1.560000,-0.002,-0.000019,-0.000019,4.321,7.00,-0.003849,0.004922,0.000700,-0.005603,0.003,0.000,0.000000,0.000000,0.000000,0.000000,0.000000,0.000000,0,0.00
1.570000,-0.002,0.000688,0.000688,4.321,7.00,-0.003467,0.004698,0.000704,-0.006090,0.003,0.000,0.000000,0.000000,0.000000,0.000000,0.000000,0.000000,0,0.00
1.580000,-0.002,0.001432,0.001432,4.321,7.00,-0.003051,0.004468,0.000707,-0.006607,0.003,0.001,0.000000,0.000000,0.000000,0.000000,0.000000,0.000000,0,0.00
1.590000,-0.002,0.001985,0.001985,4.321,7.00,-0.002603,0.004234,0.000711,-0.006929,0.003,0.001,0.000000,0.000000,0.000000,0.000000,0.000000,0.000000,0,0.00
1.600000,-0.002,0.002235,0.002235,4.321,7.00,-0.002145,0.004000,0.000714,-0.006950,0.002,0.001,0.000000,0.000000,0.000000,0.000000,0.000000,0.000000,0,0.00
1.610000,-0.002,0.002375,0.002375,4.321,7.00,-0.001707,0.003775,0.000718,-0.006868,0.002,0.002,0.000000,0.000000,0.000000,0.000000,0.000000,0.000000,0,0.00
1.620000,-0.002,0.002292,0.002292,4.321,7.00,-0.001299,0.003560,0.000721,-0.006574,0.002,0.002,0.000000,0.000000,0.000000,0.000000,0.000000,0.000000,0,0.00
1.630000,-0.002,0.001850,0.001850,4.321,7.00,-0.000940,0.003360,0.000725,-0.005935,0.002,0.001,0.000000,0.000000,0.000000,0.000000,0.000000,0.000000,0,0.00
1.640000,-0.002,0.001484,0.001484,4.321,7.00,-0.000661,0.003179,0.000728,-0.005392,0.002,0.001,0.000000,0.000000,0.000000,0.000000,0.000000,0.000000,0,0.00
1.650000,-0.002,0.001149,0.001149,4.321,7.00,-0.000447,0.003016,0.000732,-0.004896,0.002,0.001,0.000000,0.000000,0.000000,0.000000,0.000000,0.000000,0,0.00
1.660000,-0.001,0.000724,0.000724,4.321,7.00,-0.000288,0.002865,0.000735,-0.004324,0.002,0.000,0.000000,0.000000,0.000000,0.000000,0.000000,0.000000,0,0.00
1.670000,-0.001,0.000385,0.000385,4.321,7.00,-0.000187,0.002729,0.000738,-0.003852,0.002,0.000,0.000000,0.000000,0.000000,0.000000,0.000000,0.000000,0,0.00
1.680000,-0.001,0.000119,0.000119,4.321,7.00,-0.000130,0.002603,0.000741,-0.003463,0.002,0.000,0.000000,0.000000,0.000000,0.000000,0.000000,0.000000,0,0.00
1.690000,-0.001,-0.000130,-0.000130,4.321,7.00,-0.000105,0.002485,0.000744,-0.003098,0.002,0.000,0.000000,0.000000,0.000000,0.000000,0.000000,0.000000,0,0.00
1.700000,-0.001,-0.000300,-0.000300,4.321,7.00,-0.000108,0.002372,0.000747,-0.002818,0.001,0.000,0.000000,0.000000,0.000000,0.000000,0.000000,0.000000,0,0.00
1.710000,-0.001,-0.000385,-0.000385,4.321,7.00,-0.000127,0.002262,0.000749,-0.002626,0.001,0.000,0.000000,0.000000,0.000000,0.000000,0.000000,0.000000,0,0.00
1.720000,-0.001,-0.000733,-0.000733,4.321,7.00,-0.000152,0.002154,0.000756,-0.002176,0.001,0.000,0.000000,0.000000,0.000000,0.000000,0.000000,0.000000,0,0.00
1.730000,-0.001,-0.000933,-0.000933,4.321,7.00,-0.000210,0.002052,0.000759,-0.001878,0.001,0.001,0.000000,0.000000,0.000000,0.000000,0.000000,0.000000,0,0.00
1.740000,-0.001,-0.000901,-0.000901,4.321,7.00,-0.000283,0.001953,0.000761,-0.001813,0.001,0.001,0.000000,0.000000,0.000000,0.000000,0.000000,0.000000,0,0.00
1.750000,-0.001,-0.000778,-0.000778,4.321,7.00,-0.000344,0.001851,0.000763,-0.001837,0.001,0.001,0.000000,0.000000,0.000000,0.000000,0.000000,0.000000,0,0.00
1.760000,-0.001,-0.000675,-0.000675,4.321,7.00,-0.000388,0.001745,0.000765,-0.001835,0.001,0.000,0.000000,0.000000,0.000000,0.000000,0.000000,0.000000,0,0.00
1.770000,-0.001,-0.000187,-0.000187,4.321,7.00,-0.000416,0.001636,0.000767,-0.002216,0.001,0.000,0.000000,0.000000,0.000000,0.000000,0.000000,0.000000,0,0.00
1.780000,-0.001,0.000266,0.000266,4.321,7.00,-0.000393,0.001517,0.000768,-0.002552,0.001,0.000,0.000000,0.000000,0.000000,0.000000,0.000000,0.000000,0,0.00
1.790000,-0.001,0.000598,0.000598,4.321,7.00,-0.000328,0.001391,0.000770,-0.002758,0.001,0.000,0.000000,0.000000,0.000000,0.000000,0.000000,0.000000,0,0.00
1.800000,-0.001,0.000946,0.000946,4.321,7.00,-0.000235,0.001261,0.000771,-0.002978,0.001,0.001,0.000000,0.000000,0.000000,0.000000,0.000000,0.000000,0,0.00
1.810000,-0.001,0.001433,0.001433,4.321,7.00,-0.000117,0.001129,0.000772,-0.003333,0.001,0.001,0.000000,0.000000,0.000000,0.000000,0.000000,0.000000,0,0.00
1.820000,-0.000,0.001804,0.001804,4.321,7.00,0.000037,0.000993,0.000773,-0.003569,0.001,0.001,0.000000,0.000000,0.000000,0.000000,0.000000,0.000000,0,0.00
1.830000,-0.000,0.002087,0.002087,4.321,7.00,0.000214,0.000857,0.000774,-0.003718,0.001,0.001,0.000000,0.000000,0.000000,0.000000,0.000000,0.000000,0,0.00
1.840000,-0.000,0.002365,0.002365,4.321,7.00,0.000401,0.000725,0.000774,-0.003864,0.001,0.002,0.000000,0.000000,0.000000,0.000000,0.000000,0.000000,0,0.00
1.850000,-0.000,0.002628,0.002628,4.321,7.00,0.000597,0.000597,0.000775,-0.004000,0.001,0.002,0.000000,0.000000,0.000000,0.000000,0.000000,0.000000,0,0.00
1.860000,-0.000,0.002657,0.002657,4.321,7.00,0.000800,0.000476,0.000775,-0.003908,0.000,0.002,0.000000,0.000000,0.000000,0.000000,0.000000,0.000000,0,0.00
1.870000,-0.000,0.002631,0.002631,4.321,7.00,0.000985,0.000365,0.000775,-0.003771,0.000,0.002,0.000000,0.000000,0.000000,0.000000,0.000000,0.000000,0,0.00
1.880000,-0.000,0.002511,0.002511,4.321,7.00,0.001149,0.000268,0.000776,-0.003554,0.000,0.002,0.000000,0.000000,0.000000,0.000000,0.000000,0.000000,0,0.00
1.890000,-0.000,0.002272,0.002272,4.321,7.00,0.001285,0.000184,0.000776,-0.003232,0.000,0.002,0.000000,0.000000,0.000000,0.000000,0.000000,0.000000,0,0.00
1.900000,-0.000,0.001871,0.001871,4.321,7.00,0.001384,0.000117,0.000776,-0.002763,0.000,0.001,0.000000,0.000000,0.000000,0.000000,0.000000,0.000000,0,0.00
1.910000,-0.000,0.001438,0.001438,4.321,7.00,0.001432,0.000068,0.000776,-0.002282,0.000,0.001,0.000000,0.000000,0.000000,0.000000,0.000000,0.000000,0,0.00
1.920000,-0.000,0.000953,0.000953,4.321,7.00,0.001433,0.000038,0.000776,-0.001767,0.000,0.001,0.000000,0.000000,0.000000,0.000000,0.000000,0.000000,0,0.00
1.930000,-0.000,0.000477,0.000477,4.321,7.00,0.001385,0.000026,0.000776,-0.001279,0.000,0.000,0.000000,0.000000,0.000000,0.000000,0.000000,0.000000,0,0.00
1.940000,-0.000,-0.000002,-0.000002,4.321,7.00,0.001294,0.000029,0.000776,-0.000804,0.000,0.000,0.000000,0.000000,0.000000,0.000000,0.000000,0.000000,0,0.00
1.950000,-0.000,-0.000463,-0.000463,4.321,7.00,0.001165,0.000048,0.000776,-0.000361,0.000,0.000,0.000000,0.000000,0.000000,0.000000,0.000000,0.000000,0,0.00
1.960000,-0.000,-0.000885,-0.000885,4.321,7.00,0.001002,0.000080,0.000776,0.000029,0.000,0.001,0.000000,0.000000,0.000000,0.000000,0.000000,0.000000,0,0.00
1.970000,-0.000,-0.001283,-0.001283,4.321,7.00,0.000814,0.000122,0.000776,0.000384,0.000,0.001,0.000000,0.000000,0.000000,0.000000,0.000000,0.000000,0,0.00
1.980000,-0.000,-0.001604,-0.001604,4.321,7.00,0.000605,0.000174,0.000776,0.000653,0.000,0.001,0.000000,0.000000,0.000000,0.000000,0.000000,0.000000,0,0.00
1.990000,-0.000,-0.001898,-0.001898,4.321,7.00,0.000384,0.000233,0.000777,0.000888,0.000,0.001,0.000000,0.000000,0.000000,0.000000,0.000000,0.000000,0,0.00
2.000000,-0.000,-0.001986,-0.001986,4.321,7.00,0.000156,0.000299,0.000778,0.000909,0.000,0.001,0.000000,0.000000,0.000000,0.000000,0.000000,0.000000,0,0.00
2.010000,-0.000,-0.002433,-0.002433,4.321,7.00,-0.000058,0.000365,0.000778,0.001290,0.000,0.002,0.000000,0.000000,0.000000,0.000000,0.000000,0.000000,0,0.00
2.020000,-0.000,-0.002632,-0.002632,4.321,7.00,-0.000295,0.000442,0.000778,0.001412,0.000,0.002,0.000000,0.000000,0.000000,0.000000,0.000000,0.000000,0,0.00
2.030000,-0.000,-0.002884,-0.002884,4.321,7.00,-0.000529,0.000522,0.000779,0.001583,0.000,0.002,0.000000,0.000000,0.000000,0.000000,0.000000,0.000000,0,0.00
2.040000,-0.000,-0.003107,-0.003107,4.321,7.00,-0.000764,0.000607,0.000780,0.001720,0.000,0.002,0.000000,0.000000,0.000000,0.000000,0.000000,0.000000,0,0.00
2.050000,-0.000,-0.003463,-0.003463,4.321,7.00,-0.000998,0.000696,0.000780,0.001987,0.000,0.002,0.000000,0.000000,0.000000,0.000000,0.000000,0.000000,0,0.00
2.060000,-0.000,-0.003496,-0.003496,4.321,7.00,-0.001244,0.000793,0.000781,0.001922,0.000,0.002,0.000000,0.000000,0.000000,0.000000,0.000000,0.000000,0,0.00
2.070000,-0.000,-0.003712,-0.003712,4.321,7.00,-0.001469,0.000889,0.000782,0.002041,0.000,0.002,0.000000,0.000000,0.000000,0.000000,0.000000,0.000000,0,0.00
2.080000,-0.000,-0.003918,-0.003918,4.321,7.00,-0.001693,0.000990,0.000783,0.002145,0.000,0.003,0.000000,0.000000,0.000000,0.000000,0.000000,0.000000,0,0.00
2.090000,-0.001,-0.004121,-0.004121,4.321,7.00,-0.001915,0.001095,0.000785,0.002242,0.000,0.003,0.000000,0.000000,0.000000,0.000000,0.000000,0.000000,0,0.00
2.100000,-0.001,-0.004432,-0.004432,4.321,7.00,-0.002136,0.001204,0.000786,0.002442,0.000,0.003,0.000000,0.000000,0.000000,0.000000,0.000000,0.000000,0,0.00
2.110000,-0.001,-0.004752,-0.004752,4.321,7.00,-0.002365,0.001321,0.000787,0.002644,0.000,0.003,0.000000,0.000000,0.000000,0.000000,0.000000,0.000000,0,0.00
2.120000,-0.001,-0.005075,-0.005075,4.321,7.00,-0.002603,0.001444,0.000788,0.002843,0.000,0.003,0.000000,0.000000,0.000000,0.000000,0.000000,0.000000,0,0.00
2.130000,-0.001,-0.005527,-0.005527,4.321,7.00,-0.002850,0.001574,0.000789,0.003163,0.001,0.004,0.000000,0.000000,0.000000,0.000000,0.000000,0.000000,0,0.00
2.140000,-0.001,-0.005969,-0.005969,4.321,7.00,-0.003118,0.001713,0.000791,0.003464,0.001,0.004,0.000000,0.000000,0.000000,0.000000,0.000000,0.000000,0,0.00
2.150000,-0.001,-0.006364,-0.006364,4.321,7.00,-0.003402,0.001861,0.000793,0.003711,0.001,0.004,0.000000,0.000000,0.000000,0.000000,0.000000,0.000000,0,0.00
2.160000,-0.001,-0.006651,-0.006651,4.321,7.00,-0.003699,0.002014,0.000795,0.003843,0.001,0.004,0.000000,0.000000,0.000000,0.000000,0.000000,0.000000,0,0.00
2.170000,-0.001,-0.006980,-0.006980,4.321,7.00,-0.003993,0.002170,0.000797,0.004014,0.001,0.005,0.000000,0.000000,0.000000,0.000000,0.000000,0.000000,0,0.00
2.180000,-0.001,-0.007105,-0.007105,4.321,7.00,-0.004292,0.002330,0.000799,0.003976,0.001,0.005,0.000000,0.000000,0.000000,0.000000,0.000000,0.000000,0,0.00
2.190000,-0.001,-0.007295,-0.007295,4.321,7.00,-0.004573,0.002488,0.000802,0.004005,0.001,0.005,0.000000,0.000000,0.000000,0.000000,0.000000,0.000000,0,0.00
2.200000,-0.001,-0.007365,-0.007365,4.321,7.00,-0.004845,0.002647,0.000804,0.003913,0.001,0.005,0.000000,0.000000,0.000000,0.000000,0.000000,0.000000,0,0.00
2.210000,-0.001,-0.007402,-0.007402,4.321,7.00,-0.005097,0.002805,0.000808,0.003790,0.001,0.005,0.000000,0.000000,0.000000,0.000000,0.000000,0.000000,0,0.00
2.220000,-0.001,-0.007430,-0.007430,4.321,7.00,-0.005327,0.002960,0.000811,0.003659,0.001,0.005,0.000000,0.000000,0.000000,0.000000,0.000000,0.000000,0,0.00
2.230000,-0.002,-0.007530,-0.007530,4.321,7.00,-0.005537,0.003114,0.000815,0.003602,0.001,0.005,0.000000,0.000000,0.000000,0.000000,0.000000,0.000000,0,0.00
2.240000,-0.002,-0.007499,-0.007499,4.321,7.00,-0.005736,0.003268,0.000819,0.003412,0.001,0.005,0.000000,0.000000,0.000000,0.000000,0.000000,0.000000,0,0.00
2.250000,-0.002,-0.007556,-0.007556,4.321,7.00,-0.005912,0.003420,0.000823,0.003313,0.001,0.005,0.000000,0.000000,0.000000,0.000000,0.000000,0.000000,0,0.00
2.260000,-0.002,-0.007648,-0.007648,4.321,7.00,-0.006076,0.003573,0.000827,0.003247,0.001,0.005,0.000000,0.000000,0.000000,0.000000,0.000000,0.000000,0,0.00
2.270000,-0.002,-0.007386,-0.007386,4.321,7.00,-0.006233,0.003728,0.000838,0.002819,0.002,0.005,0.000000,0.000000,0.000000,0.000000,0.000000,0.000000,0,0.00
2.280000,-0.002,-0.007051,-0.007051,4.321,7.00,-0.006348,0.003877,0.000852,0.002322,0.002,0.005,0.000000,0.000000,0.000000,0.000000,0.000000,0.000000,0,0.00
2.290000,-0.002,-0.007030,-0.007030,4.321,7.00,-0.006418,0.004020,0.000859,0.002151,0.002,0.005,0.000000,0.000000,0.000000,0.000000,0.000000,0.000000,0,0.00
2.300000,-0.002,-0.007170,-0.007170,4.321,7.00,-0.006479,0.004166,0.000864,0.002140,0.002,0.005,0.000000,0.000000,0.000000,0.000000,0.000000,0.000000,0,0.00
2.310000,-0.002,-0.007443,-0.007443,4.321,7.00,-0.006548,0.004318,0.000868,0.002257,0.002,0.005,0.000000,0.000000,0.000000,0.000000,0.000000,0.000000,0,0.00
2.320000,-0.002,-0.008119,-0.008119,4.321,7.00,-0.006637,0.004478,0.000873,0.002768,0.002,0.005,0.000000,0.000000,0.000000,0.000000,0.000000,0.000000,0,0.00
2.330000,-0.002,-0.009000,-0.009000,4.321,7.00,-0.006785,0.004656,0.000877,0.003466,0.002,0.006,0.000000,0.000000,0.000000,0.000000,0.000000,0.000000,0,0.00
2.340000,-0.002,-0.009658,-0.009658,4.321,7.00,-0.007006,0.004853,0.000883,0.003923,0.002,0.006,0.000000,0.000000,0.000000,0.000000,0.000000,0.000000,0,0.00
2.350000,-0.003,-0.010342,-0.010342,4.321,7.00,-0.007271,0.005060,0.000887,0.004394,0.002,0.007,0.000000,0.000000,0.000000,0.000000,0.000000,0.000000,0,0.00
2.360000,-0.003,-0.011132,-0.011132,4.321,7.00,-0.007578,0.005278,0.000892,0.004962,0.002,0.007,0.000000,0.000000,0.000000,0.000000,0.000000,0.000000,0,0.00
2.370000,-0.003,-0.011691,-0.011691,4.321,7.00,-0.007933,0.005505,0.000898,0.005288,0.002,0.008,0.000000,0.000000,0.000000,0.000000,0.000000,0.000000,0,0.00
2.380000,-0.003,-0.012818,-0.012818,4.321,7.00,-0.008309,0.005736,0.000901,0.006180,0.002,0.009,0.000000,0.000000,0.000000,0.000000,0.000000,0.000000,0,0.00
2.390000,-0.003,-0.013324,-0.013324,4.321,7.00,-0.008759,0.005982,0.000908,0.006435,0.003,0.009,0.000000,0.000000,0.000000,0.000000,0.000000,0.000000,0,0.00
2.400000,-0.003,-0.014013,-0.014013,4.321,7.00,-0.009216,0.006225,0.000913,0.006876,0.003,0.009,0.000000,0.000000,0.000000,0.000000,0.000000,0.000000,0,0.00
2.410000,-0.003,-0.014708,-0.014708,4.321,7.00,-0.009695,0.006469,0.000917,0.007322,0.003,0.010,0.000000,0.000000,0.000000,0.000000,0.000000,0.000000,0,0.00
2.420000,-0.003,-0.015295,-0.015295,4.321,7.00,-0.010196,0.006713,0.000923,0.007659,0.003,0.010,0.000000,0.000000,0.000000,0.000000,0.000000,0.000000,0,0.00
2.430000,-0.003,-0.015119,-0.015119,4.321,7.00,-0.010706,0.006952,0.000929,0.007238,0.003,0.010,0.000000,0.000000,0.000000,0.000000,0.000000,0.000000,0,0.00
2.440000,-0.004,-0.015511,-0.015511,4.321,7.00,-0.011147,0.007170,0.000935,0.007406,0.003,0.010,0.000000,0.000000,0.000000,0.000000,0.000000,0.000000,0,0.00
2.450000,-0.004,-0.015293,-0.015293,4.321,7.00,-0.011583,0.007381,0.000942,0.006971,0.003,0.010,0.000000,0.000000,0.000000,0.000000,0.000000,0.000000,0,0.00
2.460000,-0.004,-0.014601,-0.014601,4.321,7.00,-0.011954,0.007570,0.000950,0.006080,0.003,0.010,0.000000,0.000000,0.000000,0.000000,0.000000,0.000000,0,0.00
2.470000,-0.004,-0.014581,-0.014581,4.321,7.00,-0.012218,0.007731,0.000955,0.005895,0.003,0.010,0.000000,0.000000,0.000000,0.000000,0.000000,0.000000,0,0.00
2.480000,-0.004,-0.014089,-0.014089,4.321,7.00,-0.012455,0.007879,0.000963,0.005246,0.004,0.009,0.000000,0.000000,0.000000,0.000000,0.000000,0.000000,0,0.00
2.490000,-0.004,-0.013399,-0.013399,4.321,7.00,-0.012618,0.008007,0.000973,0.004418,0.004,0.009,0.000000,0.000000,0.000000,0.000000,0.000000,0.000000,0,0.00
2.500000,-0.004,-0.012960,-0.012960,4.321,7.00,-0.012696,0.008110,0.000981,0.003869,0.004,0.009,0.000000,0.000000,0.000000,0.000000,0.000000,0.000000,0,0.00
2.510000,-0.004,-0.012534,-0.012534,4.321,7.00,-0.012722,0.008198,0.000993,0.003343,0.004,0.008,0.000000,0.000000,0.000000,0.000000,0.000000,0.000000,0,0.00
2.520000,-0.004,-0.011648,-0.011648,4.321,7.00,-0.012703,0.008273,0.001004,0.002371,0.004,0.008,0.000000,0.000000,0.000000,0.000000,0.000000,0.000000,0,0.00
2.530000,-0.004,-0.011094,-0.011094,4.321,7.00,-0.012597,0.008326,0.001026,0.001743,0.004,0.007,0.000000,0.000000,0.000000,0.000000,0.000000,0.000000,0,0.00
2.540000,-0.004,-0.010787,-0.010787,4.321,7.00,-0.012447,0.008366,0.001037,0.001383,0.004,0.007,0.000000,0.000000,0.000000,0.000000,0.000000,0.000000,0,0.00
2.550000,-0.004,-0.010460,-0.010460,4.321,7.00,-0.012281,0.008402,0.001046,0.001012,0.004,0.007,0.000000,0.000000,0.000000,0.000000,0.000000,0.000000,0,0.00
2.560000,-0.004,-0.010338,-0.010338,4.321,7.00,-0.012099,0.008433,0.001054,0.000851,0.004,0.007,0.000000,0.000000,0.000000,0.000000,0.000000,0.000000,0,0.00
2.570000,-0.004,-0.010269,-0.010269,4.321,7.00,-0.011923,0.008464,0.001062,0.000742,0.004,0.007,0.000000,0.000000,0.000000,0.000000,0.000000,0.000000,0,0.00
2.580000,-0.004,-0.010367,-0.010367,4.321,7.00,-0.011757,0.008497,0.001071,0.000799,0.004,0.007,0.000000,0.000000,0.000000,0.000000,0.000000,0.000000,0,0.00
2.590000,-0.004,-0.010481,-0.010481,4.321,7.00,-0.011618,0.008534,0.001079,0.000868,0.004,0.007,0.000000,0.000000,0.000000,0.000000,0.000000,0.000000,0,0.00
2.600000,-0.004,-0.010571,-0.010571,4.321,7.00,-0.011504,0.008575,0.001087,0.000909,0.004,0.007,0.000000,0.000000,0.000000,0.000000,0.000000,0.000000,0,0.00
2.610000,-0.004,-0.010718,-0.010718,4.321,7.00,-0.011411,0.008618,0.001094,0.001006,0.004,0.007,0.000000,0.000000,0.000000,0.000000,0.000000,0.000000,0,0.00
2.620000,-0.004,-0.010900,-0.010900,4.321,7.00,-0.011341,0.008664,0.001101,0.001135,0.004,0.007,0.000000,0.000000,0.000000,0.000000,0.000000,0.000000,0,0.00
2.630000,-0.004,-0.011142,-0.011142,4.321,7.00,-0.011297,0.008712,0.001107,0.001323,0.004,0.007,0.000000,0.000000,0.000000,0.000000,0.000000,0.000000,0,0.00
2.640000,-0.004,-0.011305,-0.011305,4.321,7.00,-0.011281,0.008763,0.001114,0.001428,0.004,0.008,0.000000,0.000000,0.000000,0.000000,0.000000,0.000000,0,0.00
2.650000,-0.004,-0.011518,-0.011518,4.321,7.00,-0.011283,0.008815,0.001120,0.001583,0.004,0.008,0.000000,0.000000,0.000000,0.000000,0.000000,0.000000,0,0.00
2.660000,-0.004,-0.011655,-0.011655,4.321,7.00,-0.011307,0.008866,0.001127,0.001662,0.004,0.008,0.000000,0.000000,0.000000,0.000000,0.000000,0.000000,0,0.00
2.670000,-0.004,-0.011749,-0.011749,4.321,7.00,-0.011341,0.008914,0.001133,0.001701,0.004,0.008,0.000000,0.000000,0.000000,0.000000,0.000000,0.000000,0,0.00
2.680000,-0.004,-0.011693,-0.011693,4.321,7.00,-0.011382,0.008958,0.001142,0.001593,0.004,0.008,0.000000,0.000000,0.000000,0.000000,0.000000,0.000000,0,0.00
2.690000,-0.004,-0.011622,-0.011622,4.321,7.00,-0.011413,0.008993,0.001149,0.001479,0.004,0.008,0.000000,0.000000,0.000000,0.000000,0.000000,0.000000,0,0.00
2.700000,-0.005,-0.011423,-0.011423,4.321,7.00,-0.011433,0.009019,0.001158,0.001245,0.004,0.008,0.000000,0.000000,0.000000,0.000000,0.000000,0.000000,0,0.00
2.710000,-0.005,-0.011191,-0.011191,4.321,7.00,-0.011432,0.009034,0.001166,0.000991,0.004,0.007,0.000000,0.000000,0.000000,0.000000,0.000000,0.000000,0,0.00
2.720000,-0.005,-0.010882,-0.010882,4.321,7.00,-0.011408,0.009036,0.001175,0.000671,0.004,0.007,0.000000,0.000000,0.000000,0.000000,0.000000,0.000000,0,0.00
2.730000,-0.005,-0.010589,-0.010589,4.321,7.00,-0.011355,0.009025,0.001184,0.000380,0.004,0.007,0.000000,0.000000,0.000000,0.000000,0.000000,0.000000,0,0.00
2.740000,-0.005,-0.010255,-0.010255,4.321,7.00,-0.011278,0.009003,0.001193,0.000060,0.005,0.007,0.000000,0.000000,0.000000,0.000000,0.000000,0.000000,0,0.00
2.750000,-0.004,-0.009948,-0.009948,4.321,7.00,-0.011176,0.008968,0.001203,-0.000224,0.005,0.007,0.000000,0.000000,0.000000,0.000000,0.000000,0.000000,0,0.00
2.760000,-0.004,-0.009621,-0.009621,4.321,7.00,-0.011053,0.008922,0.001213,-0.000514,0.005,0.006,0.000000,0.000000,0.000000,0.000000,0.000000,0.000000,0,0.00
2.770000,-0.004,-0.009311,-0.009311,4.321,7.00,-0.010910,0.008866,0.001223,-0.000777,0.005,0.006,0.000000,0.000000,0.000000,0.000000,0.000000,0.000000,0,0.00
2.780000,-0.004,-0.009020,-0.009020,4.321,7.00,-0.010750,0.008800,0.001233,-0.001013,0.005,0.006,0.000000,0.000000,0.000000,0.000000,0.000000,0.000000,0,0.00
2.790000,-0.004,-0.008786,-0.008786,4.321,7.00,-0.010577,0.008726,0.001244,-0.001185,0.004,0.006,0.000000,0.000000,0.000000,0.000000,0.000000,0.000000,0,0.00
2.800000,-0.004,-0.008550,-0.008550,4.321,7.00,-0.010398,0.008646,0.001255,-0.001352,0.004,0.006,0.000000,0.000000,0.000000,0.000000,0.000000,0.000000,0,0.00
2.810000,-0.004,-0.008326,-0.008326,4.321,7.00,-0.010213,0.008561,0.001266,-0.001500,0.004,0.006,0.000000,0.000000,0.000000,0.000000,0.000000,0.000000,0,0.00
2.820000,-0.004,-0.008341,-0.008341,4.321,7.00,-0.010024,0.008469,0.001289,-0.001417,0.004,0.006,0.000000,0.000000,0.000000,0.000000,0.000000,0.000000,0,0.00
2.830000,-0.004,-0.008143,-0.008143,4.321,7.00,-0.009856,0.008378,0.001298,-0.001533,0.004,0.005,0.000000,0.000000,0.000000,0.000000,0.000000,0.000000,0,0.00
2.840000,-0.004,-0.007940,-0.007940,4.321,7.00,-0.009685,0.008282,0.001308,-0.001650,0.004,0.005,0.000000,0.000000,0.000000,0.000000,0.000000,0.000000,0,0.00
2.850000,-0.004,-0.007695,-0.007695,4.321,7.00,-0.009510,0.008181,0.001317,-0.001803,0.004,0.005,0.000000,0.000000,0.000000,0.000000,0.000000,0.000000,0,0.00
2.860000,-0.004,-0.007397,-0.007397,4.321,7.00,-0.009329,0.008073,0.001325,-0.002001,0.004,0.005,0.000000,0.000000,0.000000,0.000000,0.000000,0.000000,0,0.00
2.870000,-0.004,-0.006925,-0.006925,4.321,7.00,-0.009136,0.007958,0.001333,-0.002366,0.004,0.005,0.000000,0.000000,0.000000,0.000000,0.000000,0.000000,0,0.00
2.880000,-0.004,-0.006618,-0.006618,4.321,7.00,-0.008915,0.007833,0.001341,-0.002556,0.004,0.004,0.000000,0.000000,0.000000,0.000000,0.000000,0.000000,0,0.00
2.890000,-0.004,-0.006134,-0.006134,4.321,7.00,-0.008685,0.007702,0.001348,-0.002915,0.004,0.004,0.000000,0.000000,0.000000,0.000000,0.000000,0.000000,0,0.00
2.900000,-0.004,-0.005641,-0.005641,4.321,7.00,-0.008431,0.007562,0.001354,-0.003275,0.004,0.004,0.000000,0.000000,0.000000,0.000000,0.000000,0.000000,0,0.00
2.910000,-0.004,-0.005226,-0.005226,4.321,7.00,-0.008152,0.007414,0.001361,-0.003549,0.004,0.003,0.000000,0.000000,0.000000,0.000000,0.000000,0.000000,0,0.00
2.920000,-0.004,-0.004829,-0.004829,4.321,7.00,-0.007860,0.007261,0.001368,-0.003801,0.004,0.003,0.000000,0.000000,0.000000,0.000000,0.000000,0.000000,0,0.00
2.930000,-0.004,-0.004249,-0.004249,4.321,7.00,-0.007557,0.007104,0.001373,-0.004229,0.004,0.003,0.000000,0.000000,0.000000,0.000000,0.000000,0.000000,0,0.00
2.940000,-0.003,-0.003826,-0.003826,4.321,7.00,-0.007226,0.006940,0.001379,-0.004492,0.004,0.003,0.000000,0.000000,0.000000,0.000000,0.000000,0.000000,0,0.00
2.950000,-0.003,-0.003715,-0.003715,4.321,7.00,-0.006887,0.006772,0.001386,-0.004443,0.004,0.002,0.000000,0.000000,0.000000,0.000000,0.000000,0.000000,0,0.00
2.960000,-0.003,-0.003244,-0.003244,4.321,7.00,-0.006570,0.006608,0.001391,-0.004756,0.004,0.002,0.000000,0.000000,0.000000,0.000000,0.000000,0.000000,0,0.00
2.970000,-0.003,-0.002889,-0.002889,4.321,7.00,-0.006238,0.006441,0.001397,-0.004948,0.004,0.002,0.000000,0.000000,0.000000,0.000000,0.000000,0.000000,0,0.00
2.980000,-0.003,-0.002818,-0.002818,4.321,7.00,-0.005903,0.006273,0.001402,-0.004857,0.003,0.002,0.000000,0.000000,0.000000,0.000000,0.000000,0.000000,0,0.00
2.990000,-0.003,-0.002776,-0.002776,4.321,7.00,-0.005595,0.006111,0.001408,-0.004743,0.003,0.002,0.000000,0.000000,0.000000,0.000000,0.000000,0.000000,0,0.00
3.000000,-0.003,-0.002659,-0.002659,4.321,7.00,-0.005313,0.005955,0.001414,-0.004710,0.003,0.002,0.000000,0.000000,0.000000,0.000000,0.000000,0.000000,0,0.00
3.010000,-0.003,-0.002910,-0.002910,4.321,7.00,-0.005048,0.005802,0.001420,-0.004312,0.003,0.002,0.000000,0.000000,0.000000,0.000000,0.000000,0.000000,0,0.00
3.020000,-0.003,-0.003057,-0.003057,4.321,7.00,-0.004835,0.005660,0.001426,-0.004029,0.003,0.002,0.000000,0.000000,0.000000,0.000000,0.000000,0.000000,0,0.00
3.030000,-0.003,-0.003285,-0.003285,4.321,7.00,-0.004657,0.005525,0.001432,-0.003673,0.003,0.002,0.000000,0.000000,0.000000,0.000000,0.000000,0.000000,0,0.00
3.040000,-0.003,-0.003505,-0.003505,4.321,7.00,-0.004520,0.005399,0.001438,-0.003332,0.003,0.002,0.000000,0.000000,0.000000,0.000000,0.000000,0.000000,0,0.00
3.050000,-0.003,-0.003593,-0.003593,4.321,7.00,-0.004419,0.005279,0.001444,-0.003130,0.003,0.002,0.000000,0.000000,0.000000,0.000000,0.000000,0.000000,0,0.00
3.060000,-0.003,-0.003677,-0.003677,4.321,7.00,-0.004336,0.005161,0.001449,-0.002934,0.003,0.002,0.000000,0.000000,0.000000,0.000000,0.000000,0.000000,0,0.00
3.070000,-0.003,-0.003769,-0.003769,4.321,7.00,-0.004270,0.005046,0.001455,-0.002732,0.003,0.003,0.000000,0.000000,0.000000,0.000000,0.000000,0.000000,0,0.00
3.080000,-0.002,-0.003751,-0.003751,4.321,7.00,-0.004220,0.004932,0.001461,-0.002642,0.003,0.003,0.000000,0.000000,0.000000,0.000000,0.000000,0.000000,0,0.00
3.090000,-0.002,-0.003740,-0.003740,4.321,7.00,-0.004173,0.004817,0.001467,-0.002545,0.003,0.002,0.000000,0.000000,0.000000,0.000000,0.000000,0.000000,0,0.00
3.100000,-0.002,-0.003717,-0.003717,4.321,7.00,-0.004130,0.004702,0.001473,-0.002458,0.003,0.002,0.000000,0.000000,0.000000,0.000000,0.000000,0.000000,0,0.00
3.110000,-0.002,-0.003953,-0.003953,4.321,7.00,-0.004088,0.004586,0.001486,-0.002118,0.003,0.003,0.000000,0.000000,0.000000,0.000000,0.000000,0.000000,0,0.00
3.120000,-0.002,-0.003941,-0.003941,4.321,7.00,-0.004075,0.004474,0.001492,-0.002025,0.002,0.003,0.000000,0.000000,0.000000,0.000000,0.000000,0.000000,0,0.00
3.130000,-0.002,-0.003778,-0.003778,4.321,7.00,-0.004061,0.004361,0.001496,-0.002079,0.002,0.003,0.000000,0.000000,0.000000,0.000000,0.000000,0.000000,0,0.00
3.140000,-0.002,-0.003628,-0.003628,4.321,7.00,-0.004033,0.004243,0.001501,-0.002116,0.002,0.002,0.000000,0.000000,0.000000,0.000000,0.000000,0.000000,0,0.00
3.150000,-0.002,-0.003464,-0.003464,4.321,7.00,-0.003992,0.004122,0.001506,-0.002164,0.002,0.002,0.000000,0.000000,0.000000,0.000000,0.000000,0.000000,0,0.00
3.160000,-0.002,-0.002923,-0.002923,4.321,7.00,-0.003940,0.003998,0.001510,-0.002584,0.002,0.002,0.000000,0.000000,0.000000,0.000000,0.000000,0.000000,0,0.00
3.170000,-0.002,-0.002543,-0.002543,4.321,7.00,-0.003838,0.003864,0.001514,-0.002835,0.002,0.002,0.000000,0.000000,0.000000,0.000000,0.000000,0.000000,0,0.00
3.180000,-0.002,-0.002228,-0.002228,4.321,7.00,-0.003709,0.003724,0.001518,-0.003014,0.002,0.001,0.000000,0.000000,0.000000,0.000000,0.000000,0.000000,0,0.00
3.190000,-0.002,-0.001822,-0.001822,4.321,7.00,-0.003561,0.003583,0.001521,-0.003282,0.002,0.001,0.000000,0.000000,0.000000,0.000000,0.000000,0.000000,0,0.00
3.200000,-0.002,-0.001341,-0.001341,4.321,7.00,-0.003387,0.003438,0.001524,-0.003621,0.002,0.001,0.000000,0.000000,0.000000,0.000000,0.000000,0.000000,0,0.00
3.210000,-0.002,-0.001034,-0.001034,4.321,7.00,-0.003183,0.003289,0.001527,-0.003782,0.002,0.001,0.000000,0.000000,0.000000,0.000000,0.000000,0.000000,0,0.00
3.220000,-0.002,-0.000638,-0.000638,4.321,7.00,-0.002968,0.003142,0.001530,-0.004033,0.002,0.000,0.000000,0.000000,0.000000,0.000000,0.000000,0.000000,0,0.00
3.230000,-0.001,-0.000337,-0.000337,4.321,7.00,-0.002736,0.002995,0.001532,-0.004190,0.002,0.000,0.000000,0.000000,0.000000,0.000000,0.000000,0.000000,0,0.00
3.240000,-0.001,-0.000026,-0.000026,4.321,7.00,-0.002496,0.002851,0.001534,-0.004360,0.002,0.000,0.000000,0.000000,0.000000,0.000000,0.000000,0.000000,0,0.00
3.250000,-0.001,0.000143,0.000143,4.321,7.00,-0.002250,0.002712,0.001536,-0.004391,0.002,0.000,0.000000,0.000000,0.000000,0.000000,0.000000,0.000000,0,0.00
3.260000,-0.001,0.000235,0.000235,4.321,7.00,-0.002011,0.002580,0.001539,-0.004353,0.002,0.000,0.000000,0.000000,0.000000,0.000000,0.000000,0.000000,0,0.00
3.270000,-0.001,0.000151,0.000151,4.321,7.00,-0.001786,0.002457,0.001541,-0.004150,0.001,0.000,0.000000,0.000000,0.000000,0.000000,0.000000,0.000000,0,0.00
3.280000,-0.001,0.000024,0.000024,4.321,7.00,-0.001593,0.002347,0.001543,-0.003914,0.001,0.000,0.000000,0.000000,0.000000,0.000000,0.000000,0.000000,0,0.00
3.290000,-0.001,-0.000239,-0.000239,4.321,7.00,-0.001432,0.002251,0.001545,-0.003556,0.001,0.000,0.000000,0.000000,0.000000,0.000000,0.000000,0.000000,0,0.00
3.300000,-0.001,-0.000632,-0.000632,4.321,7.00,-0.001313,0.002171,0.001547,-0.003086,0.001,0.000,0.000000,0.000000,0.000000,0.000000,0.000000,0.000000,0,0.00
3.310000,-0.001,-0.001012,-0.001012,4.321,7.00,-0.001245,0.002109,0.001549,-0.002645,0.001,0.001,0.000000,0.000000,0.000000,0.000000,0.000000,0.000000,0,0.00
3.320000,-0.001,-0.001430,-0.001430,4.321,7.00,-0.001221,0.002063,0.001551,-0.002184,0.001,0.001,0.000000,0.000000,0.000000,0.000000,0.000000,0.000000,0,0.00
3.330000,-0.001,-0.001899,-0.001899,4.321,7.00,-0.001242,0.002033,0.001553,-0.001687,0.001,0.001,0.000000,0.000000,0.000000,0.000000,0.000000,0.000000,0,0.00
3.340000,-0.001,-0.002409,-0.002409,4.321,7.00,-0.001308,0.002018,0.001555,-0.001164,0.001,0.002,0.000000,0.000000,0.000000,0.000000,0.000000,0.000000,0,0.00
3.350000,-0.001,-0.002820,-0.002820,4.321,7.00,-0.001417,0.002019,0.001558,-0.000757,0.001,0.002,0.000000,0.000000,0.000000,0.000000,0.000000,0.000000,0,0.00
3.360000,-0.001,-0.003205,-0.003205,4.321,7.00,-0.001557,0.002032,0.001560,-0.000387,0.001,0.002,0.000000,0.000000,0.000000,0.000000,0.000000,0.000000,0,0.00
3.370000,-0.001,-0.003553,-0.003553,4.321,7.00,-0.001722,0.002054,0.001563,-0.000063,0.001,0.002,0.000000,0.000000,0.000000,0.000000,0.000000,0.000000,0,0.00
3.380000,-0.001,-0.003860,-0.003860,4.321,7.00,-0.001905,0.002085,0.001565,0.000210,0.001,0.003,0.000000,0.000000,0.000000,0.000000,0.000000,0.000000,0,0.00
3.390000,-0.001,-0.004121,-0.004121,4.321,7.00,-0.002100,0.002122,0.001568,0.000431,0.001,0.003,0.000000,0.000000,0.000000,0.000000,0.000000,0.000000,0,0.00
3.400000,-0.001,-0.004239,-0.004239,4.321,7.00,-0.002302,0.002166,0.001574,0.000500,0.001,0.003,0.000000,0.000000,0.000000,0.000000,0.000000,0.000000,0,0.00
3.410000,-0.001,-0.004422,-0.004422,4.321,7.00,-0.002495,0.002212,0.001577,0.000633,0.001,0.003,0.000000,0.000000,0.000000,0.000000,0.000000,0.000000,0,0.00
3.420000,-0.001,-0.004621,-0.004621,4.321,7.00,-0.002688,0.002264,0.001579,0.000778,0.001,0.003,0.000000,0.000000,0.000000,0.000000,0.000000,0.000000,0,0.00
3.430000,-0.001,-0.004811,-0.004811,4.321,7.00,-0.002881,0.002320,0.001582,0.000909,0.001,0.003,0.000000,0.000000,0.000000,0.000000,0.000000,0.000000,0,0.00
3.440000,-0.001,-0.005002,-0.005002,4.321,7.00,-0.003073,0.002381,0.001584,0.001037,0.001,0.003,0.000000,0.000000,0.000000,0.000000,0.000000,0.000000,0,0.00
3.450000,-0.001,-0.005297,-0.005297,4.321,7.00,-0.003266,0.002446,0.001587,0.001265,0.001,0.004,0.000000,0.000000,0.000000,0.000000,0.000000,0.000000,0,0.00
3.460000,-0.001,-0.005530,-0.005530,4.321,7.00,-0.003469,0.002518,0.001590,0.001423,0.001,0.004,0.000000,0.000000,0.000000,0.000000,0.000000,0.000000,0,0.00
3.470000,-0.001,-0.005771,-0.005771,4.321,7.00,-0.003675,0.002596,0.001592,0.001583,0.001,0.004,0.000000,0.000000,0.000000,0.000000,0.000000,0.000000,0,0.00
3.480000,-0.001,-0.006038,-0.006038,4.321,7.00,-0.003884,0.002679,0.001595,0.001765,0.001,0.004,0.000000,0.000000,0.000000,0.000000,0.000000,0.000000,0,0.00
3.490000,-0.001,-0.006339,-0.006339,4.321,7.00,-0.004099,0.002768,0.001597,0.001973,0.001,0.004,0.000000,0.000000,0.000000,0.000000,0.000000,0.000000,0,0.00
3.500000,-0.001,-0.006687,-0.006687,4.321,7.00,-0.004323,0.002864,0.001600,0.002223,0.001,0.004,0.000000,0.000000,0.000000,0.000000,0.000000,0.000000,0,0.00
3.510000,-0.001,-0.007072,-0.007072,4.321,7.00,-0.004559,0.002967,0.001602,0.002502,0.001,0.005,0.000000,0.000000,0.000000,0.000000,0.000000,0.000000,0,0.00
3.520000,-0.002,-0.007417,-0.007417,4.321,7.00,-0.004810,0.003079,0.001605,0.002733,0.001,0.005,0.000000,0.000000,0.000000,0.000000,0.000000,0.000000,0,0.00
3.530000,-0.002,-0.007863,-0.007863,4.321,7.00,-0.005071,0.003196,0.001607,0.003061,0.001,0.005,0.000000,0.000000,0.000000,0.000000,0.000000,0.000000,0,0.00
3.540000,-0.002,-0.008310,-0.008310,4.321,7.00,-0.005350,0.003320,0.001610,0.003379,0.001,0.006,0.000000,0.000000,0.000000,0.000000,0.000000,0.000000,0,0.00
3.550000,-0.002,-0.008645,-0.008645,4.321,7.00,-0.005645,0.003453,0.001613,0.003580,0.001,0.006,0.000000,0.000000,0.000000,0.000000,0.000000,0.000000,0,0.00
3.560000,-0.002,-0.008933,-0.008933,4.321,7.00,-0.005945,0.003589,0.001616,0.003728,0.002,0.006,0.000000,0.000000,0.000000,0.000000,0.000000,0.000000,0,0.00
3.570000,-0.002,-0.009216,-0.009216,4.321,7.00,-0.006244,0.003729,0.001619,0.003868,0.002,0.006,0.000000,0.000000,0.000000,0.000000,0.000000,0.000000,0,0.00
3.580000,-0.002,-0.009325,-0.009325,4.321,7.00,-0.006541,0.003871,0.001623,0.003831,0.002,0.006,0.000000,0.000000,0.000000,0.000000,0.000000,0.000000,0,0.00
3.590000,-0.002,-0.009414,-0.009414,4.321,7.00,-0.006819,0.004012,0.001627,0.003774,0.002,0.006,0.000000,0.000000,0.000000,0.000000,0.000000,0.000000,0,0.00
3.600000,-0.002,-0.009511,-0.009511,4.321,7.00,-0.007078,0.004152,0.001631,0.003728,0.002,0.006,0.000000,0.000000,0.000000,0.000000,0.000000,0.000000,0,0.00
3.610000,-0.002,-0.009515,-0.009515,4.321,7.00,-0.007321,0.004292,0.001636,0.003587,0.002,0.006,0.000000,0.000000,0.000000,0.000000,0.000000,0.000000,0,0.00
3.620000,-0.002,-0.009485,-0.009485,4.321,7.00,-0.007540,0.004430,0.001641,0.003414,0.002,0.006,0.000000,0.000000,0.000000,0.000000,0.000000,0.000000,0,0.00
3.630000,-0.002,-0.009510,-0.009510,4.321,7.00,-0.007735,0.004566,0.001646,0.003298,0.002,0.006,0.000000,0.000000,0.000000,0.000000,0.000000,0.000000,0,0.00
3.640000,-0.002,-0.009548,-0.009548,4.321,7.00,-0.007912,0.004702,0.001651,0.003195,0.002,0.006,0.000000,0.000000,0.000000,0.000000,0.000000,0.000000,0,0.00
3.650000,-0.002,-0.009527,-0.009527,4.321,7.00,-0.008075,0.004840,0.001657,0.003030,0.002,0.006,0.000000,0.000000,0.000000,0.000000,0.000000,0.000000,0,0.00
3.660000,-0.002,-0.009619,-0.009619,4.321,7.00,-0.008220,0.004978,0.001663,0.002978,0.002,0.006,0.000000,0.000000,0.000000,0.000000,0.000000,0.000000,0,0.00
3.670000,-0.003,-0.009733,-0.009733,4.321,7.00,-0.008360,0.005121,0.001670,0.002943,0.002,0.006,0.000000,0.000000,0.000000,0.000000,0.000000,0.000000,0,0.00
3.680000,-0.003,-0.009527,-0.009527,4.321,7.00,-0.008497,0.005268,0.001686,0.002572,0.002,0.006,0.000000,0.000000,0.000000,0.000000,0.000000,0.000000,0,0.00
3.690000,-0.003,-0.009659,-0.009659,4.321,7.00,-0.008600,0.005413,0.001692,0.002554,0.002,0.006,0.000000,0.000000,0.000000,0.000000,0.000000,0.000000,0,0.00
3.700000,-0.003,-0.009972,-0.009972,4.321,7.00,-0.008706,0.005564,0.001698,0.002710,0.002,0.007,0.000000,0.000000,0.000000,0.000000,0.000000,0.000000,0,0.00
3.710000,-0.003,-0.010270,-0.010270,4.321,7.00,-0.008832,0.005725,0.001704,0.002841,0.003,0.007,0.000000,0.000000,0.000000,0.000000,0.000000,0.000000,0,0.00
3.720000,-0.003,-0.010640,-0.010640,4.321,7.00,-0.008976,0.005894,0.001711,0.003035,0.003,0.007,0.000000,0.000000,0.000000,0.000000,0.000000,0.000000,0,0.00
3.730000,-0.003,-0.011399,-0.011399,4.321,7.00,-0.009142,0.006072,0.001718,0.003609,0.003,0.008,0.000000,0.000000,0.000000,0.000000,0.000000,0.000000,0,0.00
3.740000,-0.003,-0.011978,-0.011978,4.321,7.00,-0.009367,0.006267,0.001724,0.003987,0.003,0.008,0.000000,0.000000,0.000000,0.000000,0.000000,0.000000,0,0.00
3.750000,-0.003,-0.012474,-0.012474,4.321,7.00,-0.009628,0.006473,0.001731,0.004270,0.003,0.008,0.000000,0.000000,0.000000,0.000000,0.000000,0.000000,0,0.00
3.760000,-0.003,-0.013035,-0.013035,4.321,7.00,-0.009912,0.006686,0.001737,0.004611,0.003,0.009,0.000000,0.000000,0.000000,0.000000,0.000000,0.000000,0,0.00
3.770000,-0.003,-0.013813,-0.013813,4.321,7.00,-0.010224,0.006906,0.001743,0.005164,0.003,0.009,0.000000,0.000000,0.000000,0.000000,0.000000,0.000000,0,0.00
3.780000,-0.004,-0.014426,-0.014426,4.321,7.00,-0.010583,0.007137,0.001750,0.005539,0.003,0.010,0.000000,0.000000,0.000000,0.000000,0.000000,0.000000,0,0.00
3.790000,-0.004,-0.015068,-0.015068,4.321,7.00,-0.010967,0.007372,0.001756,0.005939,0.003,0.010,0.000000,0.000000,0.000000,0.000000,0.000000,0.000000,0,0.00
3.800000,-0.004,-0.015924,-0.015924,4.321,7.00,-0.011377,0.007612,0.001762,0.006551,0.003,0.011,0.000000,0.000000,0.000000,0.000000,0.000000,0.000000,0,0.00
3.810000,-0.004,-0.016707,-0.016707,4.321,7.00,-0.011831,0.007859,0.001768,0.007081,0.003,0.011,0.000000,0.000000,0.000000,0.000000,0.000000,0.000000,0,0.00
3.820000,-0.004,-0.017272,-0.017272,4.321,7.00,-0.012319,0.008110,0.001774,0.007388,0.004,0.012,0.000000,0.000000,0.000000,0.000000,0.000000,0.000000,0,0.00
3.830000,-0.004,-0.017756,-0.017756,4.321,7.00,-0.012814,0.008359,0.001782,0.007615,0.004,0.012,0.000000,0.000000,0.000000,0.000000,0.000000,0.000000,0,0.00
3.840000,-0.004,-0.017916,-0.017916,4.321,7.00,-0.013308,0.008603,0.001790,0.007523,0.004,0.012,0.000000,0.000000,0.000000,0.000000,0.000000,0.000000,0,0.00
3.850000,-0.004,-0.017850,-0.017850,4.321,7.00,-0.013768,0.008835,0.001798,0.007217,0.004,0.012,0.000000,0.000000,0.000000,0.000000,0.000000,0.000000,0,0.00
3.860000,-0.005,-0.017630,-0.017630,4.321,7.00,-0.014176,0.009050,0.001806,0.006774,0.004,0.012,0.000000,0.000000,0.000000,0.000000,0.000000,0.000000,0,0.00
3.870000,-0.005,-0.017155,-0.017155,4.321,7.00,-0.014522,0.009247,0.001816,0.006092,0.004,0.011,0.000000,0.000000,0.000000,0.000000,0.000000,0.000000,0,0.00
3.880000,-0.005,-0.016781,-0.016781,4.321,7.00,-0.014785,0.009421,0.001826,0.005534,0.004,0.011,0.000000,0.000000,0.000000,0.000000,0.000000,0.000000,0,0.00
3.890000,-0.005,-0.016360,-0.016360,4.321,7.00,-0.014984,0.009578,0.001836,0.004946,0.004,0.011,0.000000,0.000000,0.000000,0.000000,0.000000,0.000000,0,0.00
3.900000,-0.005,-0.015882,-0.015882,4.321,7.00,-0.015122,0.009719,0.001846,0.004317,0.005,0.011,0.000000,0.000000,0.000000,0.000000,0.000000,0.000000,0,0.00
3.910000,-0.005,-0.015422,-0.015422,4.321,7.00,-0.015197,0.009843,0.001857,0.003722,0.005,0.010,0.000000,0.000000,0.000000,0.000000,0.000000,0.000000,0,0.00
3.920000,-0.005,-0.015129,-0.015129,4.321,7.00,-0.015220,0.009954,0.001868,0.003307,0.005,0.010,0.000000,0.000000,0.000000,0.000000,0.000000,0.000000,0,0.00
3.930000,-0.005,-0.014795,-0.014795,4.321,7.00,-0.015210,0.010057,0.001881,0.002857,0.005,0.010,0.000000,0.000000,0.000000,0.000000,0.000000,0.000000,0,0.00
3.940000,-0.005,-0.014571,-0.014571,4.321,7.00,-0.015169,0.010153,0.001893,0.002524,0.005,0.010,0.000000,0.000000,0.000000,0.000000,0.000000,0.000000,0,0.00
3.950000,-0.005,-0.014412,-0.014412,4.321,7.00,-0.015109,0.010245,0.001905,0.002262,0.005,0.010,0.000000,0.000000,0.000000,0.000000,0.000000,0.000000,0,0.00
3.960000,-0.005,-0.014154,-0.014154,4.321,7.00,-0.015039,0.010333,0.001931,0.001889,0.005,0.009,0.000000,0.000000,0.000000,0.000000,0.000000,0.000000,0,0.00
3.970000,-0.005,-0.014038,-0.014038,4.321,7.00,-0.014950,0.010417,0.001946,0.001674,0.005,0.009,0.000000,0.000000,0.000000,0.000000,0.000000,0.000000,0,0.00
3.980000,-0.005,-0.014091,-0.014091,4.321,7.00,-0.014859,0.010499,0.001958,0.001634,0.005,0.009,0.000000,0.000000,0.000000,0.000000,0.000000,0.000000,0,0.00
3.990000,-0.005,-0.014177,-0.014177,4.321,7.00,-0.014782,0.010584,0.001969,0.001624,0.005,0.009,0.000000,0.000000,0.000000,0.000000,0.000000,0.000000,0,0.00
4.000000,-0.005,-0.014305,-0.014305,4.321,7.00,-0.014721,0.010671,0.001980,0.001653,0.005,0.010,0.000000,0.000000,0.000000,0.000000,0.000000,0.000000,0,0.00
4.010000,-0.005,-0.014652,-0.014652,4.321,7.00,-0.014679,0.010761,0.001992,0.001900,0.005,0.010,0.000000,0.000000,0.000000,0.000000,0.000000,0.000000,0,0.00
4.020000,-0.005,-0.014933,-0.014933,4.321,7.00,-0.014676,0.010857,0.002003,0.002073,0.005,0.010,0.000000,0.000000,0.000000,0.000000,0.000000,0.000000,0,0.00
4.030000,-0.005,-0.015147,-0.015147,4.321,7.00,-0.014702,0.010957,0.002014,0.002176,0.005,0.010,0.000000,0.000000,0.000000,0.000000,0.000000,0.000000,0,0.00
4.040000,-0.006,-0.015360,-0.015360,4.321,7.00,-0.014746,0.011058,0.002026,0.002277,0.005,0.010,0.000000,0.000000,0.000000,0.000000,0.000000,0.000000,0,0.00
4.050000,-0.006,-0.015619,-0.015619,4.321,7.00,-0.014807,0.011157,0.002035,0.002427,0.005,0.010,0.000000,0.000000,0.000000,0.000000,0.000000,0.000000,0,0.00
4.060000,-0.006,-0.015833,-0.015833,4.321,7.00,-0.014888,0.011257,0.002046,0.002530,0.005,0.011,0.000000,0.000000,0.000000,0.000000,0.000000,0.000000,0,0.00
4.070000,-0.006,-0.016055,-0.016055,4.321,7.00,-0.014983,0.011354,0.002056,0.002645,0.005,0.011,0.000000,0.000000,0.000000,0.000000,0.000000,0.000000,0,0.00
4.080000,-0.006,-0.016313,-0.016313,4.321,7.00,-0.015090,0.011449,0.002064,0.002799,0.006,0.011,0.000000,0.000000,0.000000,0.000000,0.000000,0.000000,0,0.00
4.090000,-0.006,-0.016468,-0.016468,4.321,7.00,-0.015212,0.011542,0.002074,0.002852,0.006,0.011,0.000000,0.000000,0.000000,0.000000,0.000000,0.000000,0,0.00
4.100000,-0.006,-0.016521,-0.016521,4.321,7.00,-0.015337,0.011628,0.002084,0.002809,0.006,0.011,0.000000,0.000000,0.000000,0.000000,0.000000,0.000000,0,0.00
4.110000,-0.006,-0.016553,-0.016553,4.321,7.00,-0.015455,0.011707,0.002093,0.002753,0.006,0.011,0.000000,0.000000,0.000000,0.000000,0.000000,0.000000,0,0.00
4.120000,-0.006,-0.016405,-0.016405,4.321,7.00,-0.015565,0.011776,0.002105,0.002525,0.006,0.011,0.000000,0.000000,0.000000,0.000000,0.000000,0.000000,0,0.00
4.130000,-0.006,-0.016104,-0.016104,4.321,7.00,-0.015649,0.011832,0.002118,0.002154,0.006,0.011,0.000000,0.000000,0.000000,0.000000,0.000000,0.000000,0,0.00
4.140000,-0.006,-0.015826,-0.015826,4.321,7.00,-0.015694,0.011871,0.002129,0.001826,0.006,0.011,0.000000,0.000000,0.000000,0.000000,0.000000,0.000000,0,0.00
4.150000,-0.006,-0.015455,-0.015455,4.321,7.00,-0.015707,0.011896,0.002141,0.001418,0.006,0.010,0.000000,0.000000,0.000000,0.000000,0.000000,0.000000,0,0.00
4.160000,-0.006,-0.015058,-0.015058,4.321,7.00,-0.015682,0.011906,0.002153,0.001000,0.006,0.010,0.000000,0.000000,0.000000,0.000000,0.000000,0.000000,0,0.00
4.170000,-0.006,-0.014680,-0.014680,4.321,7.00,-0.015619,0.011900,0.002166,0.000614,0.006,0.010,0.000000,0.000000,0.000000,0.000000,0.000000,0.000000,0,0.00
4.180000,-0.006,-0.014327,-0.014327,4.321,7.00,-0.015525,0.011881,0.002178,0.000268,0.006,0.010,0.000000,0.000000,0.000000,0.000000,0.000000,0.000000,0,0.00
4.190000,-0.006,-0.013950,-0.013950,4.321,7.00,-0.015405,0.011851,0.002191,-0.000092,0.006,0.009,0.000000,0.000000,0.000000,0.000000,0.000000,0.000000,0,0.00
4.200000,-0.006,-0.013629,-0.013629,4.321,7.00,-0.015259,0.011811,0.002204,-0.000386,0.006,0.009,0.000000,0.000000,0.000000,0.000000,0.000000,0.000000,0,0.00
4.210000,-0.006,-0.013350,-0.013350,4.321,7.00,-0.015096,0.011762,0.002219,-0.000630,0.006,0.009,0.000000,0.000000,0.000000,0.000000,0.000000,0.000000,0,0.00
4.220000,-0.006,-0.013113,-0.013113,4.321,7.00,-0.014921,0.011705,0.002234,-0.000827,0.006,0.009,0.000000,0.000000,0.000000,0.000000,0.000000,0.000000,0,0.00
4.230000,-0.006,-0.012880,-0.012880,4.321,7.00,-0.014740,0.011643,0.002247,-0.001010,0.006,0.009,0.000000,0.000000,0.000000,0.000000,0.000000,0.000000,0,0.00
4.240000,-0.006,-0.012876,-0.012876,4.321,7.00,-0.014554,0.011575,0.002281,-0.000980,0.006,0.009,0.000000,0.000000,0.000000,0.000000,0.000000,0.000000,0,0.00
4.250000,-0.006,-0.012760,-0.012760,4.321,7.00,-0.014386,0.011507,0.002298,-0.001045,0.006,0.009,0.000000,0.000000,0.000000,0.000000,0.000000,0.000000,0,0.00
4.260000,-0.006,-0.012575,-0.012575,4.321,7.00,-0.014223,0.011436,0.002310,-0.001171,0.006,0.008,0.000000,0.000000,0.000000,0.000000,0.000000,0.000000,0,0.00
4.270000,-0.006,-0.012378,-0.012378,4.321,7.00,-0.014058,0.011359,0.002323,-0.001304,0.006,0.008,0.000000,0.000000,0.000000,0.000000,0.000000,0.000000,0,0.00
4.280000,-0.006,-0.012164,-0.012164,4.321,7.00,-0.013890,0.011277,0.002334,-0.001446,0.006,0.008,0.000000,0.000000,0.000000,0.000000,0.000000,0.000000,0,0.00
4.290000,-0.006,-0.011752,-0.011752,4.321,7.00,-0.013717,0.011189,0.002345,-0.001781,0.006,0.008,0.000000,0.000000,0.000000,0.000000,0.000000,0.000000,0,0.00
4.300000,-0.006,-0.011438,-0.011438,4.321,7.00,-0.013521,0.011091,0.002356,-0.002009,0.006,0.008,0.000000,0.000000,0.000000,0.000000,0.000000,0.000000,0,0.00
4.310000,-0.005,-0.011120,-0.011120,4.321,7.00,-0.013313,0.010986,0.002367,-0.002233,0.006,0.007,0.000000,0.000000,0.000000,0.000000,0.000000,0.000000,0,0.00
4.320000,-0.005,-0.010770,-0.010770,4.321,7.00,-0.013093,0.010875,0.002377,-0.002482,0.006,0.007,0.000000,0.000000,0.000000,0.000000,0.000000,0.000000,0,0.00
4.330000,-0.005,-0.010386,-0.010386,4.321,7.00,-0.012861,0.010757,0.002386,-0.002757,0.006,0.007,0.000000,0.000000,0.000000,0.000000,0.000000,0.000000,0,0.00
4.340000,-0.005,-0.009975,-0.009975,4.321,7.00,-0.012614,0.010632,0.002395,-0.003052,0.006,0.007,0.000000,0.000000,0.000000,0.000000,0.000000,0.000000,0,0.00
4.350000,-0.005,-0.009452,-0.009452,4.321,7.00,-0.012350,0.010501,0.002403,-0.003452,0.005,0.006,0.000000,0.000000,0.000000,0.000000,0.000000,0.000000,0,0.00
4.360000,-0.005,-0.008923,-0.008923,4.321,7.00,-0.012060,0.010362,0.002411,-0.003849,0.005,0.006,0.000000,0.000000,0.000000,0.000000,0.000000,0.000000,0,0.00
4.370000,-0.005,-0.008226,-0.008226,4.321,7.00,-0.011747,0.010215,0.002417,-0.004407,0.005,0.005,0.000000,0.000000,0.000000,0.000000,0.000000,0.000000,0,0.00
4.380000,-0.005,-0.007848,-0.007848,4.321,7.00,-0.011395,0.010059,0.002426,-0.004637,0.005,0.005,0.000000,0.000000,0.000000,0.000000,0.000000,0.000000,0,0.00
4.390000,-0.005,-0.007477,-0.007477,4.321,7.00,-0.011041,0.009902,0.002434,-0.004858,0.005,0.005,0.000000,0.000000,0.000000,0.000000,0.000000,0.000000,0,0.00
4.400000,-0.005,-0.007172,-0.007172,4.321,7.00,-0.010685,0.009744,0.002441,-0.005014,0.005,0.005,0.000000,0.000000,0.000000,0.000000,0.000000,0.000000,0,0.00
4.410000,-0.005,-0.007130,-0.007130,4.321,7.00,-0.010334,0.009589,0.002450,-0.004908,0.005,0.005,0.000000,0.000000,0.000000,0.000000,0.000000,0.000000,0,0.00
4.420000,-0.005,-0.007256,-0.007256,4.321,7.00,-0.010014,0.009440,0.002458,-0.004642,0.005,0.005,0.000000,0.000000,0.000000,0.000000,0.000000,0.000000,0,0.00
4.430000,-0.005,-0.007281,-0.007281,4.321,7.00,-0.009738,0.009303,0.002466,-0.004488,0.005,0.005,0.000000,0.000000,0.000000,0.000000,0.000000,0.000000,0,0.00
4.440000,-0.005,-0.007498,-0.007498,4.321,7.00,-0.009493,0.009172,0.002476,-0.004149,0.005,0.005,0.000000,0.000000,0.000000,0.000000,0.000000,0.000000,0,0.00
4.450000,-0.005,-0.007842,-0.007842,4.321,7.00,-0.009293,0.009053,0.002485,-0.003696,0.005,0.005,0.000000,0.000000,0.000000,0.000000,0.000000,0.000000,0,0.00
4.460000,-0.004,-0.008050,-0.008050,4.321,7.00,-0.009148,0.008945,0.002494,-0.003390,0.005,0.005,0.000000,0.000000,0.000000,0.000000,0.000000,0.000000,0,0.00
4.470000,-0.004,-0.008386,-0.008386,4.321,7.00,-0.009038,0.008845,0.002504,-0.002963,0.005,0.006,0.000000,0.000000,0.000000,0.000000,0.000000,0.000000,0,0.00
4.480000,-0.004,-0.008663,-0.008663,4.321,7.00,-0.008973,0.008754,0.002514,-0.002604,0.005,0.006,0.000000,0.000000,0.000000,0.000000,0.000000,0.000000,0,0.00
4.490000,-0.004,-0.008852,-0.008852,4.321,7.00,-0.008942,0.008668,0.002524,-0.002340,0.005,0.006,0.000000,0.000000,0.000000,0.000000,0.000000,0.000000,0,0.00
4.500000,-0.004,-0.008963,-0.008963,4.321,7.00,-0.008932,0.008584,0.002533,-0.002155,0.004,0.006,0.000000,0.000000,0.000000,0.000000,0.000000,0.000000,0,0.00
4.510000,-0.004,-0.009080,-0.009080,4.321,7.00,-0.008935,0.008501,0.002544,-0.001964,0.004,0.006,0.000000,0.000000,0.000000,0.000000,0.000000,0.000000,0,0.00
4.520000,-0.004,-0.009147,-0.009147,4.321,7.00,-0.008950,0.008417,0.002554,-0.001825,0.004,0.006,0.000000,0.000000,0.000000,0.000000,0.000000,0.000000,0,0.00
4.530000,-0.004,-0.009351,-0.009351,4.321,7.00,-0.008969,0.008332,0.002579,-0.001560,0.004,0.006,0.000000,0.000000,0.000000,0.000000,0.000000,0.000000,0,0.00
4.540000,-0.004,-0.009170,-0.009170,4.321,7.00,-0.009007,0.008248,0.002586,-0.001665,0.004,0.006,0.000000,0.000000,0.000000,0.000000,0.000000,0.000000,0,0.00
4.550000,-0.004,-0.009059,-0.009059,4.321,7.00,-0.009023,0.008157,0.002595,-0.001693,0.004,0.006,0.000000,0.000000,0.000000,0.000000,0.000000,0.000000,0,0.00
4.560000,-0.004,-0.008898,-0.008898,4.321,7.00,-0.009026,0.008061,0.002605,-0.001767,0.004,0.006,0.000000,0.000000,0.000000,0.000000,0.000000,0.000000,0,0.00
4.570000,-0.004,-0.008674,-0.008674,4.321,7.00,-0.009013,0.007959,0.002614,-0.001899,0.004,0.006,0.000000,0.000000,0.000000,0.000000,0.000000,0.000000,0,0.00
4.580000,-0.004,-0.008184,-0.008184,4.321,7.00,-0.008979,0.007851,0.002622,-0.002288,0.004,0.005,0.000000,0.000000,0.000000,0.000000,0.000000,0.000000,0,0.00
4.590000,-0.004,-0.007962,-0.007962,4.321,7.00,-0.008900,0.007732,0.002630,-0.002400,0.004,0.005,0.000000,0.000000,0.000000,0.000000,0.000000,0.000000,0,0.00
4.600000,-0.004,-0.007653,-0.007653,4.321,7.00,-0.008806,0.007610,0.002637,-0.002594,0.004,0.005,0.000000,0.000000,0.000000,0.000000,0.000000,0.000000,0,0.00
4.610000,-0.004,-0.007245,-0.007245,4.321,7.00,-0.008690,0.007483,0.002644,-0.002883,0.004,0.005,0.000000,0.000000,0.000000,0.000000,0.000000,0.000000,0,0.00
4.620000,-0.004,-0.006785,-0.006785,4.321,7.00,-0.008546,0.007352,0.002650,-0.003217,0.004,0.005,0.000000,0.000000,0.000000,0.000000,0.000000,0.000000,0,0.00
4.630000,-0.004,-0.006403,-0.006403,4.321,7.00,-0.008370,0.007215,0.002656,-0.003468,0.004,0.004,0.000000,0.000000,0.000000,0.000000,0.000000,0.000000,0,0.00
4.640000,-0.004,-0.005963,-0.005963,4.321,7.00,-0.008173,0.007077,0.002662,-0.003776,0.004,0.004,0.000000,0.000000,0.000000,0.000000,0.000000,0.000000,0,0.00
4.650000,-0.003,-0.005585,-0.005585,4.321,7.00,-0.007953,0.006936,0.002668,-0.004019,0.004,0.004,0.000000,0.000000,0.000000,0.000000,0.000000,0.000000,0,0.00
4.660000,-0.003,-0.005255,-0.005255,4.321,7.00,-0.007716,0.006797,0.002673,-0.004215,0.004,0.004,0.000000,0.000000,0.000000,0.000000,0.000000,0.000000,0,0.00
4.670000,-0.003,-0.005028,-0.005028,4.321,7.00,-0.007470,0.006660,0.002678,-0.004310,0.004,0.003,0.000000,0.000000,0.000000,0.000000,0.000000,0.000000,0,0.00
4.680000,-0.003,-0.004853,-0.004853,4.321,7.00,-0.007226,0.006529,0.002683,-0.004359,0.004,0.003,0.000000,0.000000,0.000000,0.000000,0.000000,0.000000,0,0.00
4.690000,-0.003,-0.004949,-0.004949,4.321,7.00,-0.006989,0.006405,0.002689,-0.004145,0.003,0.003,0.000000,0.000000,0.000000,0.000000,0.000000,0.000000,0,0.00
4.700000,-0.003,-0.005110,-0.005110,4.321,7.00,-0.006785,0.006295,0.002695,-0.003880,0.003,0.003,0.000000,0.000000,0.000000,0.000000,0.000000,0.000000,0,0.00
4.710000,-0.003,-0.005350,-0.005350,4.321,7.00,-0.006618,0.006200,0.002700,-0.003550,0.003,0.004,0.000000,0.000000,0.000000,0.000000,0.000000,0.000000,0,0.00
4.720000,-0.003,-0.005748,-0.005748,4.321,7.00,-0.006491,0.006121,0.002706,-0.003079,0.003,0.004,0.000000,0.000000,0.000000,0.000000,0.000000,0.000000,0,0.00
4.730000,-0.003,-0.006231,-0.006231,4.321,7.00,-0.006417,0.006060,0.002712,-0.002541,0.003,0.004,0.000000,0.000000,0.000000,0.000000,0.000000,0.000000,0,0.00
4.740000,-0.003,-0.006669,-0.006669,4.321,7.00,-0.006398,0.006018,0.002718,-0.002068,0.003,0.004,0.000000,0.000000,0.000000,0.000000,0.000000,0.000000,0,0.00
4.750000,-0.003,-0.007110,-0.007110,4.321,7.00,-0.006425,0.005991,0.002725,-0.001606,0.003,0.005,0.000000,0.000000,0.000000,0.000000,0.000000,0.000000,0,0.00
4.760000,-0.003,-0.007619,-0.007619,4.321,7.00,-0.006493,0.005978,0.002732,-0.001090,0.003,0.005,0.000000,0.000000,0.000000,0.000000,0.000000,0.000000,0,0.00
4.770000,-0.003,-0.008052,-0.008052,4.321,7.00,-0.006606,0.005979,0.002738,-0.000666,0.003,0.005,0.000000,0.000000,0.000000,0.000000,0.000000,0.000000,0,0.00
4.780000,-0.003,-0.008424,-0.008424,4.321,7.00,-0.006750,0.005992,0.002745,-0.000313,0.003,0.006,0.000000,0.000000,0.000000,0.000000,0.000000,0.000000,0,0.00
4.790000,-0.003,-0.008745,-0.008745,4.321,7.00,-0.006917,0.006015,0.002753,-0.000022,0.003,0.006,0.000000,0.000000,0.000000,0.000000,0.000000,0.000000,0,0.00
4.800000,-0.003,-0.009027,-0.009027,4.321,7.00,-0.007100,0.006044,0.002760,0.000223,0.003,0.006,0.000000,0.000000,0.000000,0.000000,0.000000,0.000000,0,0.00
4.810000,-0.003,-0.009273,-0.009273,4.321,7.00,-0.007292,0.006081,0.002767,0.000425,0.003,0.006,0.000000,0.000000,0.000000,0.000000,0.000000,0.000000,0,0.00
4.820000,-0.003,-0.009392,-0.009392,4.321,7.00,-0.007490,0.006122,0.002787,0.000484,0.003,0.006,0.000000,0.000000,0.000000,0.000000,0.000000,0.000000,0,0.00
4.830000,-0.003,-0.009529,-0.009529,4.321,7.00,-0.007680,0.006165,0.002796,0.000568,0.003,0.006,0.000000,0.000000,0.000000,0.000000,0.000000,0.000000,0,0.00
4.840000,-0.003,-0.009696,-0.009696,4.321,7.00,-0.007865,0.006212,0.002803,0.000681,0.003,0.006,0.000000,0.000000,0.000000,0.000000,0.000000,0.000000,0,0.00
4.850000,-0.003,-0.009859,-0.009859,4.321,7.00,-0.008048,0.006262,0.002810,0.000787,0.003,0.007,0.000000,0.000000,0.000000,0.000000,0.000000,0.000000,0,0.00
4.860000,-0.003,-0.010054,-0.010054,4.321,7.00,-0.008229,0.006316,0.002816,0.000921,0.003,0.007,0.000000,0.000000,0.000000,0.000000,0.000000,0.000000,0,0.00
4.870000,-0.003,-0.010350,-0.010350,4.321,7.00,-0.008411,0.006376,0.002823,0.001152,0.003,0.007,0.000000,0.000000,0.000000,0.000000,0.000000,0.000000,0,0.00
4.880000,-0.003,-0.010620,-0.010620,4.321,7.00,-0.008605,0.006443,0.002829,0.001348,0.003,0.007,0.000000,0.000000,0.000000,0.000000,0.000000,0.000000,0,0.00
4.890000,-0.003,-0.010889,-0.010889,4.321,7.00,-0.008806,0.006516,0.002835,0.001537,0.003,0.007,0.000000,0.000000,0.000000,0.000000,0.000000,0.000000,0,0.00
4.900000,-0.003,-0.011190,-0.011190,4.321,7.00,-0.009014,0.006597,0.002841,0.001752,0.003,0.007,0.000000,0.000000,0.000000,0.000000,0.000000,0.000000,0,0.00
4.910000,-0.003,-0.011464,-0.011464,4.321,7.00,-0.009231,0.006684,0.002847,0.001932,0.003,0.008,0.000000,0.000000,0.000000,0.000000,0.000000,0.000000,0,0.00
4.920000,-0.003,-0.011836,-0.011836,4.321,7.00,-0.009454,0.006778,0.002853,0.002205,0.003,0.008,0.000000,0.000000,0.000000,0.000000,0.000000,0.000000,0,0.00
4.930000,-0.003,-0.012074,-0.012074,4.321,7.00,-0.009692,0.006880,0.002861,0.002333,0.003,0.008,0.000000,0.000000,0.000000,0.000000,0.000000,0.000000,0,0.00
4.940000,-0.003,-0.012472,-0.012472,4.321,7.00,-0.009930,0.006987,0.002866,0.002619,0.003,0.008,0.000000,0.000000,0.000000,0.000000,0.000000,0.000000,0,0.00
4.950000,-0.004,-0.012978,-0.012978,4.321,7.00,-0.010184,0.007102,0.002871,0.003005,0.003,0.009,0.000000,0.000000,0.000000,0.000000,0.000000,0.000000,0,0.00
4.960000,-0.004,-0.013470,-0.013470,4.321,7.00,-0.010463,0.007228,0.002877,0.003366,0.003,0.009,0.000000,0.000000,0.000000,0.000000,0.000000,0.000000,0,0.00
4.970000,-0.004,-0.013909,-0.013909,4.321,7.00,-0.010764,0.007365,0.002882,0.003662,0.003,0.009,0.000000,0.000000,0.000000,0.000000,0.000000,0.000000,0,0.00
4.980000,-0.004,-0.014528,-0.014528,4.321,7.00,-0.011078,0.007509,0.002888,0.004131,0.003,0.010,0.000000,0.000000,0.000000,0.000000,0.000000,0.000000,0,0.00
4.990000,-0.004,-0.014900,-0.014900,4.321,7.00,-0.011423,0.007664,0.002895,0.004341,0.004,0.010,0.000000,0.000000,0.000000,0.000000,0.000000,0.000000,0,0.00
5.000000,-0.004,-0.015178,-0.015178,4.321,7.00,-0.011771,0.007824,0.002901,0.004452,0.004,0.010,0.000000,0.000000,0.000000,0.000000,0.000000,0.000000,0,0.00
5.010000,-0.004,-0.015410,-0.015410,4.321,7.00,-0.012111,0.007985,0.002909,0.004516,0.004,0.010,0.000000,0.000000,0.000000,0.000000,0.000000,0.000000,0,0.00
5.020000,-0.004,-0.015525,-0.015525,4.321,7.00,-0.012441,0.008147,0.002917,0.004461,0.004,0.010,0.000000,0.000000,0.000000,0.000000,0.000000,0.000000,0,0.00
5.030000,-0.004,-0.015534,-0.015534,4.321,7.00,-0.012749,0.008307,0.002925,0.004301,0.004,0.010,0.000000,0.000000,0.000000,0.000000,0.000000,0.000000,0,0.00
5.040000,-0.004,-0.015597,-0.015597,4.321,7.00,-0.013027,0.008464,0.002934,0.004200,0.004,0.010,0.000000,0.000000,0.000000,0.000000,0.000000,0.000000,0,0.00
5.050000,-0.004,-0.015522,-0.015522,4.321,7.00,-0.013284,0.008619,0.002943,0.003959,0.004,0.010,0.000000,0.000000,0.000000,0.000000,0.000000,0.000000,0,0.00
5.060000,-0.004,-0.015445,-0.015445,4.321,7.00,-0.013508,0.008772,0.002954,0.003720,0.004,0.010,0.000000,0.000000,0.000000,0.000000,0.000000,0.000000,0,0.00
5.070000,-0.004,-0.015432,-0.015432,4.321,7.00,-0.013701,0.008922,0.002964,0.003546,0.004,0.010,0.000000,0.000000,0.000000,0.000000,0.000000,0.000000,0,0.00
5.080000,-0.005,-0.015521,-0.015521,4.321,7.00,-0.013874,0.009072,0.002974,0.003475,0.004,0.010,0.000000,0.000000,0.000000,0.000000,0.000000,0.000000,0,0.00
5.090000,-0.005,-0.015549,-0.015549,4.321,7.00,-0.014039,0.009226,0.002985,0.003338,0.004,0.010,0.000000,0.000000,0.000000,0.000000,0.000000,0.000000,0,0.00
5.100000,-0.005,-0.015648,-0.015648,4.321,7.00,-0.014189,0.009381,0.002996,0.003271,0.004,0.010,0.000000,0.000000,0.000000,0.000000,0.000000,0.000000,0,0.00
5.110000,-0.005,-0.015459,-0.015459,4.321,7.00,-0.014335,0.009541,0.003025,0.002893,0.004,0.010,0.000000,0.000000,0.000000,0.000000,0.000000,0.000000,0,0.00
5.120000,-0.005,-0.015421,-0.015421,4.321,7.00,-0.014447,0.009699,0.003043,0.002679,0.005,0.010,0.000000,0.000000,0.000000,0.000000,0.000000,0.000000,0,0.00
5.130000,-0.005,-0.015581,-0.015581,4.321,7.00,-0.014544,0.009859,0.003054,0.002668,0.005,0.010,0.000000,0.000000,0.000000,0.000000,0.000000,0.000000,0,0.00
5.140000,-0.005,-0.015880,-0.015880,4.321,7.00,-0.014648,0.010027,0.003065,0.002788,0.005,0.011,0.000000,0.000000,0.000000,0.000000,0.000000,0.000000,0,0.00
5.150000,-0.005,-0.016205,-0.016205,4.321,7.00,-0.014771,0.010206,0.003077,0.002922,0.005,0.011,0.000000,0.000000,0.000000,0.000000,0.000000,0.000000,0,0.00
5.160000,-0.005,-0.017015,-0.017015,4.321,7.00,-0.014914,0.010395,0.003088,0.003532,0.005,0.011,0.000000,0.000000,0.000000,0.000000,0.000000,0.000000,0,0.00
5.170000,-0.005,-0.017832,-0.017832,4.321,7.00,-0.015124,0.010604,0.003099,0.004129,0.005,0.012,0.000000,0.000000,0.000000,0.000000,0.000000,0.000000,0,0.00
5.180000,-0.005,-0.018468,-0.018468,4.321,7.00,-0.015395,0.010831,0.003110,0.004526,0.005,0.012,0.000000,0.000000,0.000000,0.000000,0.000000,0.000000,0,0.00
5.190000,-0.006,-0.019155,-0.019155,4.321,7.00,-0.015702,0.011070,0.003121,0.004964,0.005,0.013,0.000000,0.000000,0.000000,0.000000,0.000000,0.000000,0,0.00
5.200000,-0.006,-0.019989,-0.019989,4.321,7.00,-0.016047,0.011320,0.003132,0.005537,0.005,0.013,0.000000,0.000000,0.000000,0.000000,0.000000,0.000000,0,0.00
5.210000,-0.006,-0.020836,-0.020836,4.321,7.00,-0.016441,0.011582,0.003142,0.006112,0.005,0.014,0.000000,0.000000,0.000000,0.000000,0.000000,0.000000,0,0.00
5.220000,-0.006,-0.021649,-0.021649,4.321,7.00,-0.016880,0.011855,0.003153,0.006642,0.005,0.014,0.000000,0.000000,0.000000,0.000000,0.000000,0.000000,0,0.00
5.230000,-0.006,-0.022671,-0.022671,4.321,7.00,-0.017357,0.012136,0.003162,0.007373,0.006,0.015,0.000000,0.000000,0.000000,0.000000,0.000000,0.000000,0,0.00
5.240000,-0.006,-0.023736,-0.023736,4.321,7.00,-0.017888,0.012429,0.003171,0.008136,0.006,0.016,0.000000,0.000000,0.000000,0.000000,0.000000,0.000000,0,0.00
5.250000,-0.006,-0.024454,-0.024454,4.321,7.00,-0.018473,0.012731,0.003182,0.008541,0.006,0.016,0.000000,0.000000,0.000000,0.000000,0.000000,0.000000,0,0.00
5.260000,-0.007,-0.025060,-0.025060,4.321,7.00,-0.019071,0.013032,0.003194,0.008834,0.006,0.017,0.000000,0.000000,0.000000,0.000000,0.000000,0.000000,0,0.00
5.270000,-0.007,-0.025414,-0.025414,4.321,7.00,-0.019669,0.013329,0.003206,0.008879,0.006,0.017,0.000000,0.000000,0.000000,0.000000,0.000000,0.000000,0,0.00
5.280000,-0.007,-0.025446,-0.025446,4.321,7.00,-0.020243,0.013615,0.003219,0.008612,0.006,0.017,0.000000,0.000000,0.000000,0.000000,0.000000,0.000000,0,0.00
5.290000,-0.007,-0.025111,-0.025111,4.321,7.00,-0.020764,0.013885,0.003232,0.007994,0.006,0.017,0.000000,0.000000,0.000000,0.000000,0.000000,0.000000,0,0.00
5.300000,-0.007,-0.024831,-0.024831,4.321,7.00,-0.021198,0.014131,0.003247,0.007454,0.007,0.017,0.000000,0.000000,0.000000,0.000000,0.000000,0.000000,0,0.00
5.310000,-0.007,-0.024383,-0.024383,4.321,7.00,-0.021561,0.014357,0.003262,0.006764,0.007,0.016,0.000000,0.000000,0.000000,0.000000,0.000000,0.000000,0,0.00
5.320000,-0.007,-0.023922,-0.023922,4.321,7.00,-0.021843,0.014562,0.003279,0.006082,0.007,0.016,0.000000,0.000000,0.000000,0.000000,0.000000,0.000000,0,0.00
5.330000,-0.007,-0.023429,-0.023429,4.321,7.00,-0.022051,0.014748,0.003295,0.005387,0.007,0.016,0.000000,0.000000,0.000000,0.000000,0.000000,0.000000,0,0.00
5.340000,-0.007,-0.023051,-0.023051,4.321,7.00,-0.022189,0.014916,0.003310,0.004825,0.007,0.015,0.000000,0.000000,0.000000,0.000000,0.000000,0.000000,0,0.00
5.350000,-0.008,-0.022692,-0.022692,4.321,7.00,-0.022275,0.015071,0.003328,0.004293,0.007,0.015,0.000000,0.000000,0.000000,0.000000,0.000000,0.000000,0,0.00
5.360000,-0.008,-0.022410,-0.022410,4.321,7.00,-0.022316,0.015216,0.003346,0.003848,0.007,0.015,0.000000,0.000000,0.000000,0.000000,0.000000,0.000000,0,0.00
5.370000,-0.008,-0.022185,-0.022185,4.321,7.00,-0.022325,0.015353,0.003365,0.003467,0.007,0.015,0.000000,0.000000,0.000000,0.000000,0.000000,0.000000,0,0.00
5.380000,-0.008,-0.021724,-0.021724,4.321,7.00,-0.022311,0.015484,0.003412,0.002829,0.007,0.014,0.000000,0.000000,0.000000,0.000000,0.000000,0.000000,0,0.00
5.390000,-0.008,-0.021513,-0.021513,4.321,7.00,-0.022252,0.015605,0.003433,0.002475,0.008,0.014,0.000000,0.000000,0.000000,0.000000,0.000000,0.000000,0,0.00
5.400000,-0.008,-0.021494,-0.021494,4.321,7.00,-0.022178,0.015723,0.003451,0.002320,0.008,0.014,0.000000,0.000000,0.000000,0.000000,0.000000,0.000000,0,0.00
5.410000,-0.008,-0.021570,-0.021570,4.321,7.00,-0.022109,0.015843,0.003468,0.002259,0.008,0.014,0.000000,0.000000,0.000000,0.000000,0.000000,0.000000,0,0.00
5.420000,-0.008,-0.021696,-0.021696,4.321,7.00,-0.022055,0.015966,0.003487,0.002243,0.008,0.014,0.000000,0.000000,0.000000,0.000000,0.000000,0.000000,0,0.00
5.430000,-0.008,-0.022178,-0.022178,4.321,7.00,-0.022019,0.016093,0.003506,0.002579,0.008,0.015,0.000000,0.000000,0.000000,0.000000,0.000000,0.000000,0,0.00
5.440000,-0.008,-0.022583,-0.022583,4.321,7.00,-0.022035,0.016231,0.003522,0.002830,0.008,0.015,0.000000,0.000000,0.000000,0.000000,0.000000,0.000000,0,0.00
5.450000,-0.008,-0.022985,-0.022985,4.321,7.00,-0.022090,0.016377,0.003538,0.003070,0.008,0.015,0.000000,0.000000,0.000000,0.000000,0.000000,0.000000,0,0.00
5.460000,-0.008,-0.023415,-0.023415,4.321,7.00,-0.022179,0.016528,0.003553,0.003335,0.008,0.016,0.000000,0.000000,0.000000,0.000000,0.000000,0.000000,0,0.00
5.470000,-0.008,-0.023898,-0.023898,4.321,7.00,-0.022302,0.016683,0.003569,0.003646,0.008,0.016,0.000000,0.000000,0.000000,0.000000,0.000000,0.000000,0,0.00
5.480000,-0.008,-0.024384,-0.024384,4.321,7.00,-0.022462,0.016844,0.003584,0.003956,0.008,0.016,0.000000,0.000000,0.000000,0.000000,0.000000,0.000000,0,0.00
5.490000,-0.009,-0.024809,-0.024809,4.321,7.00,-0.022654,0.017008,0.003599,0.004202,0.008,0.017,0.000000,0.000000,0.000000,0.000000,0.000000,0.000000,0,0.00
5.500000,-0.009,-0.025234,-0.025234,4.321,7.00,-0.022869,0.017172,0.003613,0.004449,0.008,0.017,0.000000,0.000000,0.000000,0.000000,0.000000,0.000000,0,0.00
5.510000,-0.009,-0.025643,-0.025643,4.321,7.00,-0.023105,0.017335,0.003627,0.004682,0.008,0.017,0.000000,0.000000,0.000000,0.000000,0.000000,0.000000,0,0.00
5.520000,-0.009,-0.025981,-0.025981,4.321,7.00,-0.023359,0.017496,0.003641,0.004844,0.008,0.017,0.000000,0.000000,0.000000,0.000000,0.000000,0.000000,0,0.00
5.530000,-0.009,-0.026106,-0.026106,4.321,7.00,-0.023621,0.017652,0.003658,0.004796,0.009,0.017,0.000000,0.000000,0.000000,0.000000,0.000000,0.000000,0,0.00
5.540000,-0.009,-0.026054,-0.026054,4.321,7.00,-0.023869,0.017797,0.003676,0.004582,0.009,0.017,0.000000,0.000000,0.000000,0.000000,0.000000,0.000000,0,0.00
5.550000,-0.009,-0.025930,-0.025930,4.321,7.00,-0.024087,0.017927,0.003692,0.004311,0.009,0.017,0.000000,0.000000,0.000000,0.000000,0.000000,0.000000,0,0.00
5.560000,-0.009,-0.025556,-0.025556,4.321,7.00,-0.024271,0.018042,0.003711,0.003804,0.009,0.017,0.000000,0.000000,0.000000,0.000000,0.000000,0.000000,0,0.00
5.570000,-0.009,-0.025167,-0.025167,4.321,7.00,-0.024400,0.018135,0.003728,0.003303,0.009,0.017,0.000000,0.000000,0.000000,0.000000,0.000000,0.000000,0,0.00
5.580000,-0.009,-0.024803,-0.024803,4.321,7.00,-0.024476,0.018209,0.003747,0.002847,0.009,0.017,0.000000,0.000000,0.000000,0.000000,0.000000,0.000000,0,0.00
5.590000,-0.009,-0.024409,-0.024409,4.321,7.00,-0.024509,0.018266,0.003768,0.002375,0.009,0.016,0.000000,0.000000,0.000000,0.000000,0.000000,0.000000,0,0.00
5.600000,-0.009,-0.023932,-0.023932,4.321,7.00,-0.024499,0.018306,0.003786,0.001840,0.009,0.016,0.000000,0.000000,0.000000,0.000000,0.000000,0.000000,0,0.00
5.610000,-0.009,-0.023540,-0.023540,4.321,7.00,-0.024442,0.018329,0.003806,0.001404,0.009,0.016,0.000000,0.000000,0.000000,0.000000,0.000000,0.000000,0,0.00
5.620000,-0.009,-0.023120,-0.023120,4.321,7.00,-0.024351,0.018338,0.003827,0.000955,0.009,0.015,0.000000,0.000000,0.000000,0.000000,0.000000,0.000000,0,0.00
5.630000,-0.009,-0.022758,-0.022758,4.321,7.00,-0.024228,0.018334,0.003849,0.000575,0.009,0.015,0.000000,0.000000,0.000000,0.000000,0.000000,0.000000,0,0.00
5.640000,-0.009,-0.022456,-0.022456,4.321,7.00,-0.024081,0.018319,0.003871,0.000265,0.009,0.015,0.000000,0.000000,0.000000,0.000000,0.000000,0.000000,0,0.00
5.650000,-0.009,-0.022165,-0.022165,4.321,7.00,-0.023918,0.018296,0.003895,-0.000025,0.009,0.015,0.000000,0.000000,0.000000,0.000000,0.000000,0.000000,0,0.00
5.660000,-0.009,-0.022035,-0.022035,4.321,7.00,-0.023743,0.018265,0.003949,-0.000180,0.009,0.015,0.000000,0.000000,0.000000,0.000000,0.000000,0.000000,0,0.00
5.670000,-0.009,-0.021820,-0.021820,4.321,7.00,-0.023572,0.018231,0.003969,-0.000380,0.009,0.015,0.000000,0.000000,0.000000,0.000000,0.000000,0.000000,0,0.00
5.680000,-0.009,-0.021634,-0.021634,4.321,7.00,-0.023396,0.018192,0.003988,-0.000546,0.009,0.014,0.000000,0.000000,0.000000,0.000000,0.000000,0.000000,0,0.00
5.690000,-0.009,-0.021480,-0.021480,4.321,7.00,-0.023220,0.018148,0.004009,-0.000677,0.009,0.014,0.000000,0.000000,0.000000,0.000000,0.000000,0.000000,0,0.00
5.700000,-0.009,-0.021311,-0.021311,4.321,7.00,-0.023046,0.018100,0.004028,-0.000816,0.009,0.014,0.000000,0.000000,0.000000,0.000000,0.000000,0.000000,0,0.00
5.710000,-0.009,-0.021061,-0.021061,4.321,7.00,-0.022872,0.018049,0.004045,-0.001032,0.009,0.014,0.000000,0.000000,0.000000,0.000000,0.000000,0.000000,0,0.00
5.720000,-0.009,-0.020891,-0.020891,4.321,7.00,-0.022691,0.017991,0.004063,-0.001163,0.009,0.014,0.000000,0.000000,0.000000,0.000000,0.000000,0.000000,0,0.00
5.730000,-0.009,-0.020660,-0.020660,4.321,7.00,-0.022511,0.017929,0.004078,-0.001347,0.009,0.014,0.000000,0.000000,0.000000,0.000000,0.000000,0.000000,0,0.00
5.740000,-0.009,-0.020418,-0.020418,4.321,7.00,-0.022325,0.017863,0.004093,-0.001538,0.009,0.014,0.000000,0.000000,0.000000,0.000000,0.000000,0.000000,0,0.00
5.750000,-0.009,-0.020164,-0.020164,4.321,7.00,-0.022134,0.017792,0.004108,-0.001736,0.009,0.013,0.000000,0.000000,0.000000,0.000000,0.000000,0.000000,0,0.00
5.760000,-0.009,-0.019916,-0.019916,4.321,7.00,-0.021937,0.017716,0.004123,-0.001923,0.009,0.013,0.000000,0.000000,0.000000,0.000000,0.000000,0.000000,0,0.00
5.770000,-0.009,-0.019654,-0.019654,4.321,7.00,-0.021735,0.017636,0.004137,-0.002120,0.009,0.013,0.000000,0.000000,0.000000,0.000000,0.000000,0.000000,0,0.00
5.780000,-0.009,-0.019441,-0.019441,4.321,7.00,-0.021527,0.017552,0.004152,-0.002263,0.009,0.013,0.000000,0.000000,0.000000,0.000000,0.000000,0.000000,0,0.00
5.790000,-0.009,-0.019046,-0.019046,4.321,7.00,-0.021318,0.017465,0.004163,-0.002581,0.009,0.013,0.000000,0.000000,0.000000,0.000000,0.000000,0.000000,0,0.00
5.800000,-0.009,-0.018816,-0.018816,4.321,7.00,-0.021090,0.017371,0.004177,-0.002732,0.009,0.013,0.000000,0.000000,0.000000,0.000000,0.000000,0.000000,0,0.00
5.810000,-0.009,-0.018545,-0.018545,4.321,7.00,-0.020863,0.017274,0.004190,-0.002919,0.009,0.012,0.000000,0.000000,0.000000,0.000000,0.000000,0.000000,0,0.00
5.820000,-0.009,-0.018291,-0.018291,4.321,7.00,-0.020631,0.017174,0.004203,-0.003086,0.009,0.012,0.000000,0.000000,0.000000,0.000000,0.000000,0.000000,0,0.00
5.830000,-0.009,-0.018118,-0.018118,4.321,7.00,-0.020397,0.017071,0.004218,-0.003171,0.009,0.012,0.000000,0.000000,0.000000,0.000000,0.000000,0.000000,0,0.00
5.840000,-0.008,-0.018128,-0.018128,4.321,7.00,-0.020169,0.016968,0.004232,-0.003072,0.009,0.012,0.000000,0.000000,0.000000,0.000000,0.000000,0.000000,0,0.00
5.850000,-0.008,-0.018088,-0.018088,4.321,7.00,-0.019964,0.016868,0.004248,-0.003028,0.009,0.012,0.000000,0.000000,0.000000,0.000000,0.000000,0.000000,0,0.00
5.860000,-0.008,-0.018146,-0.018146,4.321,7.00,-0.019777,0.016770,0.004264,-0.002889,0.009,0.012,0.000000,0.000000,0.000000,0.000000,0.000000,0.000000,0,0.00
5.870000,-0.008,-0.018250,-0.018250,4.321,7.00,-0.019613,0.016676,0.004281,-0.002707,0.009,0.012,0.000000,0.000000,0.000000,0.000000,0.000000,0.000000,0,0.00
5.880000,-0.008,-0.018303,-0.018303,4.321,7.00,-0.019477,0.016585,0.004297,-0.002579,0.008,0.012,0.000000,0.000000,0.000000,0.000000,0.000000,0.000000,0,0.00
5.890000,-0.008,-0.018437,-0.018437,4.321,7.00,-0.019359,0.016496,0.004316,-0.002374,0.008,0.012,0.000000,0.000000,0.000000,0.000000,0.000000,0.000000,0,0.00
5.900000,-0.008,-0.018511,-0.018511,4.321,7.00,-0.019267,0.016409,0.004334,-0.002232,0.008,0.012,0.000000,0.000000,0.000000,0.000000,0.000000,0.000000,0,0.00
5.910000,-0.008,-0.018548,-0.018548,4.321,7.00,-0.019191,0.016324,0.004351,-0.002127,0.008,0.012,0.000000,0.000000,0.000000,0.000000,0.000000,0.000000,0,0.00
5.920000,-0.008,-0.018540,-0.018540,4.321,7.00,-0.019126,0.016238,0.004368,-0.002066,0.008,0.012,0.000000,0.000000,0.000000,0.000000,0.000000,0.000000,0,0.00
5.930000,-0.008,-0.018568,-0.018568,4.321,7.00,-0.019068,0.016150,0.004387,-0.001969,0.008,0.012,0.000000,0.000000,0.000000,0.000000,0.000000,0.000000,0,0.00
5.940000,-0.008,-0.018533,-0.018533,4.321,7.00,-0.019017,0.016061,0.004407,-0.001935,0.008,0.012,0.000000,0.000000,0.000000,0.000000,0.000000,0.000000,0,0.00
5.950000,-0.008,-0.018443,-0.018443,4.321,7.00,-0.018969,0.015969,0.004425,-0.001951,0.008,0.012,0.000000,0.000000,0.000000,0.000000,0.000000,0.000000,0,0.00
5.960000,-0.008,-0.018622,-0.018622,4.321,7.00,-0.018916,0.015873,0.004470,-0.001721,0.008,0.012,0.000000,0.000000,0.000000,0.000000,0.000000,0.000000,0,0.00
5.970000,-0.008,-0.018659,-0.018659,4.321,7.00,-0.018886,0.015780,0.004494,-0.001616,0.008,0.012,0.000000,0.000000,0.000000,0.000000,0.000000,0.000000,0,0.00
5.980000,-0.008,-0.018565,-0.018565,4.321,7.00,-0.018863,0.015685,0.004514,-0.001634,0.008,0.012,0.000000,0.000000,0.000000,0.000000,0.000000,0.000000,0,0.00
5.990000,-0.008,-0.018376,-0.018376,4.321,7.00,-0.018833,0.015586,0.004530,-0.001740,0.008,0.012,0.000000,0.000000,0.000000,0.000000,0.000000,0.000000,0,0.00
6.000000,-0.008,-0.018196,-0.018196,4.321,7.00,-0.018787,0.015482,0.004546,-0.001832,0.008,0.012,0.000000,0.000000,0.000000,0.000000,0.000000,0.000000,0,0.00
6.010000,-0.008,-0.017812,-0.017812,4.321,7.00,-0.018728,0.015373,0.004564,-0.002125,0.008,0.012,0.000000,0.000000,0.000000,0.000000,0.000000,0.000000,0,0.00
6.020000,-0.008,-0.017511,-0.017511,4.321,7.00,-0.018636,0.015256,0.004582,-0.002327,0.008,0.012,0.000000,0.000000,0.000000,0.000000,0.000000,0.000000,0,0.00
6.030000,-0.008,-0.017217,-0.017217,4.321,7.00,-0.018524,0.015134,0.004598,-0.002515,0.008,0.011,0.000000,0.000000,0.000000,0.000000,0.000000,0.000000,0,0.00
6.040000,-0.008,-0.016967,-0.016967,4.321,7.00,-0.018393,0.015008,0.004613,-0.002655,0.008,0.011,0.000000,0.000000,0.000000,0.000000,0.000000,0.000000,0,0.00
6.050000,-0.007,-0.016682,-0.016682,4.321,7.00,-0.018250,0.014879,0.004628,-0.002825,0.008,0.011,0.000000,0.000000,0.000000,0.000000,0.000000,0.000000,0,0.00
6.060000,-0.007,-0.016319,-0.016319,4.321,7.00,-0.018093,0.014748,0.004641,-0.003071,0.008,0.011,0.000000,0.000000,0.000000,0.000000,0.000000,0.000000,0,0.00
6.070000,-0.007,-0.015970,-0.015970,4.321,7.00,-0.017915,0.014614,0.004655,-0.003298,0.008,0.011,0.000000,0.000000,0.000000,0.000000,0.000000,0.000000,0,0.00
6.080000,-0.007,-0.015616,-0.015616,4.321,7.00,-0.017721,0.014478,0.004667,-0.003528,0.008,0.010,0.000000,0.000000,0.000000,0.000000,0.000000,0.000000,0,0.00
6.090000,-0.007,-0.015165,-0.015165,4.321,7.00,-0.017510,0.014340,0.004677,-0.003853,0.007,0.010,0.000000,0.000000,0.000000,0.000000,0.000000,0.000000,0,0.00
6.100000,-0.007,-0.014919,-0.014919,4.321,7.00,-0.017275,0.014201,0.004690,-0.003972,0.007,0.010,0.000000,0.000000,0.000000,0.000000,0.000000,0.000000,0,0.00
6.110000,-0.007,-0.014699,-0.014699,4.321,7.00,-0.017040,0.014065,0.004702,-0.004068,0.007,0.010,0.000000,0.000000,0.000000,0.000000,0.000000,0.000000,0,0.00
6.120000,-0.007,-0.014586,-0.014586,4.321,7.00,-0.016805,0.013934,0.004714,-0.004062,0.007,0.010,0.000000,0.000000,0.000000,0.000000,0.000000,0.000000,0,0.00
6.130000,-0.007,-0.014668,-0.014668,4.321,7.00,-0.016583,0.013810,0.004728,-0.003870,0.007,0.010,0.000000,0.000000,0.000000,0.000000,0.000000,0.000000,0,0.00
6.140000,-0.007,-0.014912,-0.014912,4.321,7.00,-0.016392,0.013698,0.004741,-0.003527,0.007,0.010,0.000000,0.000000,0.000000,0.000000,0.000000,0.000000,0,0.00
6.150000,-0.007,-0.015122,-0.015122,4.321,7.00,-0.016244,0.013600,0.004755,-0.003233,0.007,0.010,0.000000,0.000000,0.000000,0.000000,0.000000,0.000000,0,0.00
6.160000,-0.007,-0.015459,-0.015459,4.321,7.00,-0.016131,0.013516,0.004769,-0.002826,0.007,0.010,0.000000,0.000000,0.000000,0.000000,0.000000,0.000000,0,0.00
6.170000,-0.007,-0.015831,-0.015831,4.321,7.00,-0.016064,0.013446,0.004785,-0.002399,0.007,0.011,0.000000,0.000000,0.000000,0.000000,0.000000,0.000000,0,0.00
6.180000,-0.007,-0.016147,-0.016147,4.321,7.00,-0.016040,0.013390,0.004799,-0.002042,0.007,0.011,0.000000,0.000000,0.000000,0.000000,0.000000,0.000000,0,0.00
6.190000,-0.007,-0.016501,-0.016501,4.321,7.00,-0.016051,0.013346,0.004813,-0.001658,0.007,0.011,0.000000,0.000000,0.000000,0.000000,0.000000,0.000000,0,0.00
6.200000,-0.007,-0.016858,-0.016858,4.321,7.00,-0.016095,0.013314,0.004831,-0.001286,0.007,0.011,0.000000,0.000000,0.000000,0.000000,0.000000,0.000000,0,0.00
6.210000,-0.007,-0.017162,-0.017162,4.321,7.00,-0.016172,0.013292,0.004847,-0.000977,0.007,0.011,0.000000,0.000000,0.000000,0.000000,0.000000,0.000000,0,0.00
6.220000,-0.007,-0.017415,-0.017415,4.321,7.00,-0.016270,0.013279,0.004863,-0.000728,0.007,0.012,0.000000,0.000000,0.000000,0.000000,0.000000,0.000000,0,0.00
6.230000,-0.007,-0.017699,-0.017699,4.321,7.00,-0.016385,0.013274,0.004903,-0.000479,0.007,0.012,0.000000,0.000000,0.000000,0.000000,0.000000,0.000000,0,0.00
6.240000,-0.007,-0.017937,-0.017937,4.321,7.00,-0.016516,0.013277,0.004924,-0.000264,0.007,0.012,0.000000,0.000000,0.000000,0.000000,0.000000,0.000000,0,0.00
6.250000,-0.007,-0.018122,-0.018122,4.321,7.00,-0.016658,0.013285,0.004939,-0.000103,0.007,0.012,0.000000,0.000000,0.000000,0.000000,0.000000,0.000000,0,0.00
6.260000,-0.007,-0.018297,-0.018297,4.321,7.00,-0.016804,0.013299,0.004954,0.000045,0.007,0.012,0.000000,0.000000,0.000000,0.000000,0.000000,0.000000,0,0.00
6.270000,-0.007,-0.018466,-0.018466,4.321,7.00,-0.016953,0.013317,0.004969,0.000180,0.007,0.012,0.000000,0.000000,0.000000,0.000000,0.000000,0.000000,0,0.00
6.280000,-0.007,-0.018614,-0.018614,4.321,7.00,-0.017104,0.013340,0.004984,0.000290,0.007,0.012,0.000000,0.000000,0.000000,0.000000,0.000000,0.000000,0,0.00
6.290000,-0.007,-0.018773,-0.018773,4.321,7.00,-0.017255,0.013367,0.004998,0.000408,0.007,0.013,0.000000,0.000000,0.000000,0.000000,0.000000,0.000000,0,0.00
6.300000,-0.007,-0.018932,-0.018932,4.321,7.00,-0.017406,0.013398,0.005012,0.000522,0.007,0.013,0.000000,0.000000,0.000000,0.000000,0.000000,0.000000,0,0.00
6.310000,-0.007,-0.019106,-0.019106,4.321,7.00,-0.017559,0.013435,0.005025,0.000646,0.007,0.013,0.000000,0.000000,0.000000,0.000000,0.000000,0.000000,0,0.00
6.320000,-0.007,-0.019299,-0.019299,4.321,7.00,-0.017713,0.013476,0.005038,0.000785,0.007,0.013,0.000000,0.000000,0.000000,0.000000,0.000000,0.000000,0,0.00
6.330000,-0.007,-0.019506,-0.019506,4.321,7.00,-0.017872,0.013523,0.005051,0.000933,0.007,0.013,0.000000,0.000000,0.000000,0.000000,0.000000,0.000000,0,0.00
6.340000,-0.007,-0.019755,-0.019755,4.321,7.00,-0.018035,0.013576,0.005062,0.001117,0.007,0.013,0.000000,0.000000,0.000000,0.000000,0.000000,0.000000,0,0.00
6.350000,-0.007,-0.020056,-0.020056,4.321,7.00,-0.018207,0.013636,0.005073,0.001346,0.007,0.013,0.000000,0.000000,0.000000,0.000000,0.000000,0.000000,0,0.00
6.360000,-0.007,-0.020379,-0.020379,4.321,7.00,-0.018391,0.013704,0.005084,0.001591,0.007,0.014,0.000000,0.000000,0.000000,0.000000,0.000000,0.000000,0,0.00
6.370000,-0.007,-0.020738,-0.020738,4.321,7.00,-0.018590,0.013780,0.005094,0.001864,0.007,0.014,0.000000,0.000000,0.000000,0.000000,0.000000,0.000000,0,0.00
6.380000,-0.007,-0.021064,-0.021064,4.321,7.00,-0.018805,0.013865,0.005107,0.002092,0.007,0.014,0.000000,0.000000,0.000000,0.000000,0.000000,0.000000,0,0.00
6.390000,-0.007,-0.021366,-0.021366,4.321,7.00,-0.019030,0.013957,0.005119,0.002289,0.007,0.014,0.000000,0.000000,0.000000,0.000000,0.000000,0.000000,0,0.00
6.400000,-0.007,-0.021719,-0.021719,4.321,7.00,-0.019264,0.014056,0.005131,0.002533,0.007,0.014,0.000000,0.000000,0.000000,0.000000,0.000000,0.000000,0,0.00
6.410000,-0.007,-0.021919,-0.021919,4.321,7.00,-0.019509,0.014163,0.005145,0.002611,0.007,0.015,0.000000,0.000000,0.000000,0.000000,0.000000,0.000000,0,0.00
6.420000,-0.007,-0.022083,-0.022083,4.321,7.00,-0.019750,0.014273,0.005160,0.002651,0.007,0.015,0.000000,0.000000,0.000000,0.000000,0.000000,0.000000,0,0.00
6.430000,-0.007,-0.022308,-0.022308,4.321,7.00,-0.019983,0.014386,0.005174,0.002749,0.007,0.015,0.000000,0.000000,0.000000,0.000000,0.000000,0.000000,0,0.00
6.440000,-0.007,-0.022480,-0.022480,4.321,7.00,-0.020215,0.014503,0.005190,0.002787,0.007,0.015,0.000000,0.000000,0.000000,0.000000,0.000000,0.000000,0,0.00
6.450000,-0.007,-0.022541,-0.022541,4.321,7.00,-0.020442,0.014624,0.005206,0.002711,0.007,0.015,0.000000,0.000000,0.000000,0.000000,0.000000,0.000000,0,0.00
6.460000,-0.007,-0.022699,-0.022699,4.321,7.00,-0.020651,0.014746,0.005223,0.002730,0.007,0.015,0.000000,0.000000,0.000000,0.000000,0.000000,0.000000,0,0.00
6.470000,-0.007,-0.022853,-0.022853,4.321,7.00,-0.020856,0.014872,0.005240,0.002741,0.007,0.015,0.000000,0.000000,0.000000,0.000000,0.000000,0.000000,0,0.00
6.480000,-0.008,-0.022988,-0.022988,4.321,7.00,-0.021055,0.015003,0.005258,0.002728,0.007,0.015,0.000000,0.000000,0.000000,0.000000,0.000000,0.000000,0,0.00
6.490000,-0.008,-0.023140,-0.023140,4.321,7.00,-0.021248,0.015137,0.005276,0.002726,0.007,0.015,0.000000,0.000000,0.000000,0.000000,0.000000,0.000000,0,0.00
6.500000,-0.008,-0.023288,-0.023288,4.321,7.00,-0.021437,0.015276,0.005296,0.002716,0.007,0.016,0.000000,0.000000,0.000000,0.000000,0.000000,0.000000,0,0.00
6.510000,-0.008,-0.023188,-0.023188,4.321,7.00,-0.021622,0.015420,0.005343,0.002424,0.007,0.015,0.000000,0.000000,0.000000,0.000000,0.000000,0.000000,0,0.00
6.520000,-0.008,-0.023286,-0.023286,4.321,7.00,-0.021779,0.015563,0.005367,0.002357,0.008,0.016,0.000000,0.000000,0.000000,0.000000,0.000000,0.000000,0,0.00
6.530000,-0.008,-0.023553,-0.023553,4.321,7.00,-0.021929,0.015711,0.005384,0.002458,0.008,0.016,0.000000,0.000000,0.000000,0.000000,0.000000,0.000000,0,0.00
6.540000,-0.008,-0.023915,-0.023915,4.321,7.00,-0.022091,0.015867,0.005401,0.002648,0.008,0.016,0.000000,0.000000,0.000000,0.000000,0.000000,0.000000,0,0.00
6.550000,-0.008,-0.024313,-0.024313,4.321,7.00,-0.022274,0.016033,0.005419,0.002861,0.008,0.016,0.000000,0.000000,0.000000,0.000000,0.000000,0.000000,0,0.00
6.560000,-0.008,-0.025005,-0.025005,4.321,7.00,-0.022477,0.016211,0.005438,0.003356,0.008,0.017,0.000000,0.000000,0.000000,0.000000,0.000000,0.000000,0,0.00
6.570000,-0.008,-0.025691,-0.025691,4.321,7.00,-0.022730,0.016404,0.005455,0.003832,0.008,0.017,0.000000,0.000000,0.000000,0.000000,0.000000,0.000000,0,0.00
6.580000,-0.008,-0.026349,-0.026349,4.321,7.00,-0.023026,0.016612,0.005471,0.004267,0.008,0.018,0.000000,0.000000,0.000000,0.000000,0.000000,0.000000,0,0.00
6.590000,-0.008,-0.026903,-0.026903,4.321,7.00,-0.023358,0.016831,0.005488,0.004584,0.008,0.018,0.000000,0.000000,0.000000,0.000000,0.000000,0.000000,0,0.00
6.600000,-0.009,-0.027598,-0.027598,4.321,7.00,-0.023712,0.017058,0.005504,0.005036,0.008,0.018,0.000000,0.000000,0.000000,0.000000,0.000000,0.000000,0,0.00
6.610000,-0.009,-0.028314,-0.028314,4.321,7.00,-0.024101,0.017295,0.005522,0.005497,0.008,0.019,0.000000,0.000000,0.000000,0.000000,0.000000,0.000000,0,0.00
6.620000,-0.009,-0.028975,-0.028975,4.321,7.00,-0.024522,0.017541,0.005537,0.005897,0.008,0.019,0.000000,0.000000,0.000000,0.000000,0.000000,0.000000,0,0.00
6.630000,-0.009,-0.029829,-0.029829,4.321,7.00,-0.024967,0.017792,0.005551,0.006486,0.008,0.020,0.000000,0.000000,0.000000,0.000000,0.000000,0.000000,0,0.00
6.640000,-0.009,-0.030599,-0.030599,4.321,7.00,-0.025453,0.018052,0.005566,0.006981,0.009,0.020,0.000000,0.000000,0.000000,0.000000,0.000000,0.000000,0,0.00
6.650000,-0.009,-0.031284,-0.031284,4.321,7.00,-0.025967,0.018318,0.005581,0.007386,0.009,0.021,0.000000,0.000000,0.000000,0.000000,0.000000,0.000000,0,0.00
6.660000,-0.009,-0.031854,-0.031854,4.321,7.00,-0.026499,0.018585,0.005598,0.007670,0.009,0.021,0.000000,0.000000,0.000000,0.000000,0.000000,0.000000,0,0.00
6.670000,-0.009,-0.032261,-0.032261,4.321,7.00,-0.027034,0.018852,0.005615,0.007794,0.009,0.022,0.000000,0.000000,0.000000,0.000000,0.000000,0.000000,0,0.00
6.680000,-0.010,-0.032218,-0.032218,4.321,7.00,-0.027556,0.019113,0.005633,0.007473,0.009,0.021,0.000000,0.000000,0.000000,0.000000,0.000000,0.000000,0,0.00
6.690000,-0.010,-0.032230,-0.032230,4.321,7.00,-0.028022,0.019358,0.005651,0.007221,0.009,0.021,0.000000,0.000000,0.000000,0.000000,0.000000,0.000000,0,0.00
6.700000,-0.010,-0.031975,-0.031975,4.321,7.00,-0.028443,0.019590,0.005672,0.006713,0.009,0.021,0.000000,0.000000,0.000000,0.000000,0.000000,0.000000,0,0.00
6.710000,-0.010,-0.031779,-0.031779,4.321,7.00,-0.028796,0.019805,0.005692,0.006281,0.009,0.021,0.000000,0.000000,0.000000,0.000000,0.000000,0.000000,0,0.00
6.720000,-0.010,-0.031382,-0.031382,4.321,7.00,-0.029094,0.020005,0.005716,0.005661,0.010,0.021,0.000000,0.000000,0.000000,0.000000,0.000000,0.000000,0,0.00
6.730000,-0.010,-0.031091,-0.031091,4.321,7.00,-0.029323,0.020189,0.005737,0.005165,0.010,0.021,0.000000,0.000000,0.000000,0.000000,0.000000,0.000000,0,0.00
6.740000,-0.010,-0.030818,-0.030818,4.321,7.00,-0.029499,0.020360,0.005758,0.004700,0.010,0.021,0.000000,0.000000,0.000000,0.000000,0.000000,0.000000,0,0.00
6.750000,-0.010,-0.030650,-0.030650,4.321,7.00,-0.029631,0.020521,0.005780,0.004349,0.010,0.020,0.000000,0.000000,0.000000,0.000000,0.000000,0.000000,0,0.00
6.760000,-0.010,-0.030405,-0.030405,4.321,7.00,-0.029733,0.020674,0.005806,0.003925,0.010,0.020,0.000000,0.000000,0.000000,0.000000,0.000000,0.000000,0,0.00
6.770000,-0.010,-0.030322,-0.030322,4.321,7.00,-0.029800,0.020821,0.005831,0.003670,0.010,0.020,0.000000,0.000000,0.000000,0.000000,0.000000,0.000000,0,0.00
6.780000,-0.010,-0.030185,-0.030185,4.321,7.00,-0.029852,0.020964,0.005858,0.003363,0.010,0.020,0.000000,0.000000,0.000000,0.000000,0.000000,0.000000,0,0.00
6.790000,-0.011,-0.029824,-0.029824,4.321,7.00,-0.029885,0.021103,0.005911,0.002810,0.010,0.020,0.000000,0.000000,0.000000,0.000000,0.000000,0.000000,0,0.00
6.800000,-0.011,-0.029669,-0.029669,4.321,7.00,-0.029879,0.021234,0.005943,0.002492,0.010,0.020,0.000000,0.000000,0.000000,0.000000,0.000000,0.000000,0,0.00
6.810000,-0.011,-0.029767,-0.029767,4.321,7.00,-0.029857,0.021361,0.005967,0.002439,0.010,0.020,0.000000,0.000000,0.000000,0.000000,0.000000,0.000000,0,0.00
6.820000,-0.011,-0.029916,-0.029916,4.321,7.00,-0.029848,0.021492,0.005991,0.002433,0.010,0.020,0.000000,0.000000,0.000000,0.000000,0.000000,0.000000,0,0.00
6.830000,-0.011,-0.030156,-0.030156,4.321,7.00,-0.029855,0.021627,0.006014,0.002515,0.011,0.020,0.000000,0.000000,0.000000,0.000000,0.000000,0.000000,0,0.00
6.840000,-0.011,-0.030709,-0.030709,4.321,7.00,-0.029885,0.021767,0.006036,0.002905,0.011,0.020,0.000000,0.000000,0.000000,0.000000,0.000000,0.000000,0,0.00
6.850000,-0.011,-0.031209,-0.031209,4.321,7.00,-0.029967,0.021918,0.006058,0.003233,0.011,0.021,0.000000,0.000000,0.000000,0.000000,0.000000,0.000000,0,0.00
6.860000,-0.011,-0.031733,-0.031733,4.321,7.00,-0.030091,0.022076,0.006077,0.003580,0.011,0.021,0.000000,0.000000,0.000000,0.000000,0.000000,0.000000,0,0.00
6.870000,-0.011,-0.032218,-0.032218,4.321,7.00,-0.030255,0.022241,0.006098,0.003879,0.011,0.021,0.000000,0.000000,0.000000,0.000000,0.000000,0.000000,0,0.00
6.880000,-0.011,-0.032709,-0.032709,4.321,7.00,-0.030451,0.022410,0.006118,0.004181,0.011,0.022,0.000000,0.000000,0.000000,0.000000,0.000000,0.000000,0,0.00
6.890000,-0.011,-0.033404,-0.033404,4.321,7.00,-0.030676,0.022582,0.006134,0.004688,0.011,0.022,0.000000,0.000000,0.000000,0.000000,0.000000,0.000000,0,0.00
6.900000,-0.011,-0.033901,-0.033901,4.321,7.00,-0.030949,0.022759,0.006153,0.004989,0.011,0.023,0.000000,0.000000,0.000000,0.000000,0.000000,0.000000,0,0.00
6.910000,-0.011,-0.034303,-0.034303,4.321,7.00,-0.031244,0.022935,0.006171,0.005197,0.011,0.023,0.000000,0.000000,0.000000,0.000000,0.000000,0.000000,0,0.00
6.920000,-0.012,-0.034808,-0.034808,4.321,7.00,-0.031550,0.023109,0.006188,0.005512,0.011,0.023,0.000000,0.000000,0.000000,0.000000,0.000000,0.000000,0,0.00
6.930000,-0.012,-0.035134,-0.035134,4.321,7.00,-0.031875,0.023280,0.006206,0.005648,0.011,0.023,0.000000,0.000000,0.000000,0.000000,0.000000,0.000000,0,0.00
6.940000,-0.012,-0.034994,-0.034994,4.321,7.00,-0.032201,0.023445,0.006229,0.005319,0.011,0.023,0.000000,0.000000,0.000000,0.000000,0.000000,0.000000,0,0.00
6.950000,-0.012,-0.035109,-0.035109,4.321,7.00,-0.032480,0.023593,0.006246,0.005270,0.011,0.023,0.000000,0.000000,0.000000,0.000000,0.000000,0.000000,0,0.00
6.960000,-0.012,-0.034906,-0.034906,4.321,7.00,-0.032743,0.023729,0.006268,0.004909,0.012,0.023,0.000000,0.000000,0.000000,0.000000,0.000000,0.000000,0,0.00
6.970000,-0.012,-0.034513,-0.034513,4.321,7.00,-0.032959,0.023846,0.006288,0.004378,0.012,0.023,0.000000,0.000000,0.000000,0.000000,0.000000,0.000000,0,0.00
6.980000,-0.012,-0.034127,-0.034127,4.321,7.00,-0.033114,0.023943,0.006308,0.003876,0.012,0.023,0.000000,0.000000,0.000000,0.000000,0.000000,0.000000,0,0.00
6.990000,-0.012,-0.033755,-0.033755,4.321,7.00,-0.033215,0.024020,0.006333,0.003402,0.012,0.023,0.000000,0.000000,0.000000,0.000000,0.000000,0.000000,0,0.00
7.000000,-0.012,-0.033136,-0.033136,4.321,7.00,-0.033269,0.024079,0.006356,0.002700,0.012,0.022,0.000000,0.000000,0.000000,0.000000,0.000000,0.000000,0,0.00
7.010000,-0.012,-0.032621,-0.032621,4.321,7.00,-0.033255,0.024117,0.006381,0.002123,0.012,0.022,0.000000,0.000000,0.000000,0.000000,0.000000,0.000000,0,0.00
7.020000,-0.012,-0.032079,-0.032079,4.321,7.00,-0.033192,0.024138,0.006409,0.001532,0.012,0.021,0.000000,0.000000,0.000000,0.000000,0.000000,0.000000,0,0.00
7.030000,-0.012,-0.031555,-0.031555,4.321,7.00,-0.033080,0.024143,0.006435,0.000977,0.012,0.021,0.000000,0.000000,0.000000,0.000000,0.000000,0.000000,0,0.00
7.040000,-0.012,-0.031169,-0.031169,4.321,7.00,-0.032927,0.024134,0.006464,0.000571,0.012,0.021,0.000000,0.000000,0.000000,0.000000,0.000000,0.000000,0,0.00
7.050000,-0.012,-0.030787,-0.030787,4.321,7.00,-0.032751,0.024117,0.006490,0.000180,0.012,0.021,0.000000,0.000000,0.000000,0.000000,0.000000,0.000000,0,0.00
7.060000,-0.012,-0.030505,-0.030505,4.321,7.00,-0.032555,0.024091,0.006521,-0.000106,0.012,0.020,0.000000,0.000000,0.000000,0.000000,0.000000,0.000000,0,0.00
7.070000,-0.012,-0.030287,-0.030287,4.321,7.00,-0.032350,0.024059,0.006551,-0.000323,0.012,0.020,0.000000,0.000000,0.000000,0.000000,0.000000,0.000000,0,0.00
7.080000,-0.012,-0.030246,-0.030246,4.321,7.00,-0.032143,0.024024,0.006624,-0.000403,0.012,0.020,0.000000,0.000000,0.000000,0.000000,0.000000,0.000000,0,0.00
7.090000,-0.012,-0.030169,-0.030169,4.321,7.00,-0.031953,0.023991,0.006660,-0.000481,0.012,0.020,0.000000,0.000000,0.000000,0.000000,0.000000,0.000000,0,0.00
7.100000,-0.012,-0.030088,-0.030088,4.321,7.00,-0.031775,0.023957,0.006686,-0.000555,0.012,0.020,0.000000,0.000000,0.000000,0.000000,0.000000,0.000000,0,0.00
7.110000,-0.012,-0.030027,-0.030027,4.321,7.00,-0.031606,0.023923,0.006712,-0.000608,0.012,0.020,0.000000,0.000000,0.000000,0.000000,0.000000,0.000000,0,0.00
7.120000,-0.012,-0.029999,-0.029999,4.321,7.00,-0.031448,0.023889,0.006740,-0.000629,0.012,0.020,0.000000,0.000000,0.000000,0.000000,0.000000,0.000000,0,0.00
7.130000,-0.012,-0.029901,-0.029901,4.321,7.00,-0.031303,0.023855,0.006767,-0.000721,0.012,0.020,0.000000,0.000000,0.000000,0.000000,0.000000,0.000000,0,0.00
7.140000,-0.012,-0.029841,-0.029841,4.321,7.00,-0.031162,0.023819,0.006793,-0.000771,0.012,0.020,0.000000,0.000000,0.000000,0.000000,0.000000,0.000000,0,0.00
7.150000,-0.012,-0.029799,-0.029799,4.321,7.00,-0.031030,0.023782,0.006817,-0.000800,0.012,0.020,0.000000,0.000000,0.000000,0.000000,0.000000,0.000000,0,0.00
7.160000,-0.012,-0.029732,-0.029732,4.321,7.00,-0.030906,0.023745,0.006838,-0.000851,0.012,0.020,0.000000,0.000000,0.000000,0.000000,0.000000,0.000000,0,0.00
7.170000,-0.012,-0.029645,-0.029645,4.321,7.00,-0.030789,0.023707,0.006859,-0.000920,0.012,0.020,0.000000,0.000000,0.000000,0.000000,0.000000,0.000000,0,0.00
7.180000,-0.012,-0.029556,-0.029556,4.321,7.00,-0.030674,0.023668,0.006880,-0.000991,0.012,0.020,0.000000,0.000000,0.000000,0.000000,0.000000,0.000000,0,0.00
7.190000,-0.012,-0.029487,-0.029487,4.321,7.00,-0.030562,0.023628,0.006902,-0.001042,0.012,0.020,0.000000,0.000000,0.000000,0.000000,0.000000,0.000000,0,0.00
7.200000,-0.012,-0.029376,-0.029376,4.321,7.00,-0.030454,0.023586,0.006920,-0.001130,0.012,0.020,0.000000,0.000000,0.000000,0.000000,0.000000,0.000000,0,0.00
7.210000,-0.012,-0.029274,-0.029274,4.321,7.00,-0.030346,0.023541,0.006938,-0.001206,0.012,0.020,0.000000,0.000000,0.000000,0.000000,0.000000,0.000000,0,0.00
7.220000,-0.012,-0.029155,-0.029155,4.321,7.00,-0.030239,0.023494,0.006957,-0.001296,0.012,0.019,0.000000,0.000000,0.000000,0.000000,0.000000,0.000000,0,0.00
7.230000,-0.012,-0.029077,-0.029077,4.321,7.00,-0.030130,0.023443,0.006979,-0.001344,0.012,0.019,0.000000,0.000000,0.000000,0.000000,0.000000,0.000000,0,0.00
7.240000,-0.012,-0.028982,-0.028982,4.321,7.00,-0.030025,0.023389,0.007002,-0.001408,0.012,0.019,0.000000,0.000000,0.000000,0.000000,0.000000,0.000000,0,0.00
7.250000,-0.012,-0.028907,-0.028907,4.321,7.00,-0.029920,0.023331,0.007023,-0.001447,0.012,0.019,0.000000,0.000000,0.000000,0.000000,0.000000,0.000000,0,0.00
7.260000,-0.012,-0.028845,-0.028845,4.321,7.00,-0.029819,0.023271,0.007046,-0.001472,0.012,0.019,0.000000,0.000000,0.000000,0.000000,0.000000,0.000000,0,0.00
7.270000,-0.012,-0.028810,-0.028810,4.321,7.00,-0.029721,0.023208,0.007070,-0.001468,0.012,0.019,0.000000,0.000000,0.000000,0.000000,0.000000,0.000000,0,0.00
7.280000,-0.012,-0.028736,-0.028736,4.321,7.00,-0.029630,0.023144,0.007095,-0.001503,0.012,0.019,0.000000,0.000000,0.000000,0.000000,0.000000,0.000000,0,0.00
7.290000,-0.012,-0.028660,-0.028660,4.321,7.00,-0.029540,0.023076,0.007120,-0.001536,0.012,0.019,0.000000,0.000000,0.000000,0.000000,0.000000,0.000000,0,0.00
7.300000,-0.012,-0.028612,-0.028612,4.321,7.00,-0.029452,0.023005,0.007146,-0.001538,0.012,0.019,0.000000,0.000000,0.000000,0.000000,0.000000,0.000000,0,0.00
7.310000,-0.011,-0.028561,-0.028561,4.321,7.00,-0.029368,0.022931,0.007173,-0.001543,0.012,0.019,0.000000,0.000000,0.000000,0.000000,0.000000,0.000000,0,0.00
7.320000,-0.011,-0.028471,-0.028471,4.321,7.00,-0.029287,0.022853,0.007199,-0.001582,0.012,0.019,0.000000,0.000000,0.000000,0.000000,0.000000,0.000000,0,0.00
7.330000,-0.011,-0.028379,-0.028379,4.321,7.00,-0.029205,0.022772,0.007226,-0.001619,0.012,0.019,0.000000,0.000000,0.000000,0.000000,0.000000,0.000000,0,0.00
7.340000,-0.011,-0.028283,-0.028283,4.321,7.00,-0.029122,0.022686,0.007254,-0.001657,0.012,0.019,0.000000,0.000000,0.000000,0.000000,0.000000,0.000000,0,0.00
7.350000,-0.011,-0.028160,-0.028160,4.321,7.00,-0.029038,0.022596,0.007281,-0.001718,0.011,0.019,0.000000,0.000000,0.000000,0.000000,0.000000,0.000000,0,0.00
7.360000,-0.011,-0.028285,-0.028285,4.321,7.00,-0.028950,0.022503,0.007347,-0.001565,0.011,0.019,0.000000,0.000000,0.000000,0.000000,0.000000,0.000000,0,0.00
7.370000,-0.011,-0.028118,-0.028118,4.321,7.00,-0.028883,0.022412,0.007370,-0.001664,0.011,0.019,0.000000,0.000000,0.000000,0.000000,0.000000,0.000000,0,0.00
7.380000,-0.011,-0.027958,-0.027958,4.321,7.00,-0.028807,0.022316,0.007395,-0.001753,0.011,0.019,0.000000,0.000000,0.000000,0.000000,0.000000,0.000000,0,0.00
7.390000,-0.011,-0.027786,-0.027786,4.321,7.00,-0.028721,0.022216,0.007420,-0.001849,0.011,0.019,0.000000,0.000000,0.000000,0.000000,0.000000,0.000000,0,0.00
7.400000,-0.011,-0.027560,-0.027560,4.321,7.00,-0.028628,0.022112,0.007442,-0.001994,0.011,0.018,0.000000,0.000000,0.000000,0.000000,0.000000,0.000000,0,0.00
7.410000,-0.011,-0.027126,-0.027126,4.321,7.00,-0.028521,0.022004,0.007465,-0.002343,0.011,0.018,0.000000,0.000000,0.000000,0.000000,0.000000,0.000000,0,0.00
7.420000,-0.011,-0.026879,-0.026879,4.321,7.00,-0.028381,0.021887,0.007487,-0.002495,0.011,0.018,0.000000,0.000000,0.000000,0.000000,0.000000,0.000000,0,0.00
7.430000,-0.011,-0.026560,-0.026560,4.321,7.00,-0.028231,0.021767,0.007507,-0.002714,0.011,0.018,0.000000,0.000000,0.000000,0.000000,0.000000,0.000000,0,0.00
7.440000,-0.011,-0.026241,-0.026241,4.321,7.00,-0.028063,0.021643,0.007527,-0.002929,0.011,0.017,0.000000,0.000000,0.000000,0.000000,0.000000,0.000000,0,0.00
7.450000,-0.011,-0.025926,-0.025926,4.321,7.00,-0.027881,0.021517,0.007546,-0.003138,0.011,0.017,0.000000,0.000000,0.000000,0.000000,0.000000,0.000000,0,0.00
7.460000,-0.011,-0.025595,-0.025595,4.321,7.00,-0.027685,0.021390,0.007565,-0.003360,0.011,0.017,0.000000,0.000000,0.000000,0.000000,0.000000,0.000000,0,0.00
7.470000,-0.011,-0.025233,-0.025233,4.321,7.00,-0.027476,0.021262,0.007581,-0.003610,0.011,0.017,0.000000,0.000000,0.000000,0.000000,0.000000,0.000000,0,0.00
7.480000,-0.011,-0.024989,-0.024989,4.321,7.00,-0.027251,0.021132,0.007598,-0.003741,0.011,0.017,0.000000,0.000000,0.000000,0.000000,0.000000,0.000000,0,0.00
7.490000,-0.011,-0.024740,-0.024740,4.321,7.00,-0.027025,0.021003,0.007615,-0.003879,0.011,0.016,0.000000,0.000000,0.000000,0.000000,0.000000,0.000000,0,0.00
7.500000,-0.010,-0.024552,-0.024552,4.321,7.00,-0.026796,0.020877,0.007632,-0.003957,0.011,0.016,0.000000,0.000000,0.000000,0.000000,0.000000,0.000000,0,0.00
7.510000,-0.010,-0.024480,-0.024480,4.321,7.00,-0.026572,0.020754,0.007650,-0.003924,0.011,0.016,0.000000,0.000000,0.000000,0.000000,0.000000,0.000000,0,0.00
7.520000,-0.010,-0.024579,-0.024579,4.321,7.00,-0.026362,0.020637,0.007669,-0.003726,0.011,0.016,0.000000,0.000000,0.000000,0.000000,0.000000,0.000000,0,0.00
7.530000,-0.010,-0.024671,-0.024671,4.321,7.00,-0.026184,0.020530,0.007687,-0.003546,0.011,0.016,0.000000,0.000000,0.000000,0.000000,0.000000,0.000000,0,0.00
7.540000,-0.010,-0.024876,-0.024876,4.321,7.00,-0.026032,0.020431,0.007707,-0.003262,0.010,0.017,0.000000,0.000000,0.000000,0.000000,0.000000,0.000000,0,0.00
7.550000,-0.010,-0.025185,-0.025185,4.321,7.00,-0.025916,0.020341,0.007728,-0.002884,0.010,0.017,0.000000,0.000000,0.000000,0.000000,0.000000,0.000000,0,0.00
7.560000,-0.010,-0.025616,-0.025616,4.321,7.00,-0.025843,0.020292,0.007749,-0.002425,0.010,0.017,0.000000,0.000000,0.000000,0.000000,0.000000,0.000000,0,0.00
7.570000,-0.010,-0.026185,-0.026185,4.321,7.00,-0.025820,0.020275,0.007771,-0.001860,0.010,0.017,0.000000,0.000000,0.000000,0.000000,0.000000,0.000000,0,0.00
7.580000,-0.010,-0.026843,-0.026843,4.321,7.00,-0.025856,0.020282,0.007794,-0.001232,0.010,0.018,0.000000,0.000000,0.000000,0.000000,0.000000,0.000000,0,0.00
7.590000,-0.010,-0.027519,-0.027519,4.321,7.00,-0.025955,0.020308,0.007818,-0.000607,0.010,0.018,0.000000,0.000000,0.000000,0.000000,0.000000,0.000000,0,0.00
7.600000,-0.010,-0.028201,-0.028201,4.321,7.00,-0.026111,0.020350,0.007840,0.000011,0.010,0.019,0.000000,0.000000,0.000000,0.000000,0.000000,0.000000,0,0.00
7.610000,-0.010,-0.028742,-0.028742,4.321,7.00,-0.026320,0.020404,0.007865,0.000472,0.010,0.019,0.000000,0.000000,0.000000,0.000000,0.000000,0.000000,0,0.00
7.620000,-0.010,-0.029168,-0.029168,4.321,7.00,-0.026562,0.020466,0.007889,0.000813,0.010,0.019,0.000000,0.000000,0.000000,0.000000,0.000000,0.000000,0,0.00
7.630000,-0.010,-0.029487,-0.029487,4.321,7.00,-0.026822,0.020530,0.007915,0.001042,0.010,0.020,0.000000,0.000000,0.000000,0.000000,0.000000,0.000000,0,0.00
7.640000,-0.010,-0.029722,-0.029722,4.321,7.00,-0.027088,0.020595,0.007941,0.001187,0.010,0.020,0.000000,0.000000,0.000000,0.000000,0.000000,0.000000,0,0.00
7.650000,-0.010,-0.029764,-0.029764,4.321,7.00,-0.027351,0.020657,0.007999,0.001108,0.010,0.020,0.000000,0.000000,0.000000,0.000000,0.000000,0.000000,0,0.00
7.660000,-0.010,-0.029804,-0.029804,4.321,7.00,-0.027592,0.020715,0.008033,0.001056,0.010,0.020,0.000000,0.000000,0.000000,0.000000,0.000000,0.000000,0,0.00
7.670000,-0.010,-0.029853,-0.029853,4.321,7.00,-0.027813,0.020767,0.008057,0.001028,0.010,0.020,0.000000,0.000000,0.000000,0.000000,0.000000,0.000000,0,0.00
7.680000,-0.010,-0.029893,-0.029893,4.321,7.00,-0.028017,0.020817,0.008080,0.000996,0.010,0.020,0.000000,0.000000,0.000000,0.000000,0.000000,0.000000,0,0.00
7.690000,-0.010,-0.029926,-0.029926,4.321,7.00,-0.028204,0.020864,0.008102,0.000960,0.010,0.020,0.000000,0.000000,0.000000,0.000000,0.000000,0.000000,0,0.00
7.700000,-0.010,-0.030100,-0.030100,4.321,7.00,-0.028376,0.020910,0.008124,0.001066,0.010,0.020,0.000000,0.000000,0.000000,0.000000,0.000000,0.000000,0,0.00
7.710000,-0.010,-0.030247,-0.030247,4.321,7.00,-0.028548,0.020960,0.008145,0.001142,0.010,0.020,0.000000,0.000000,0.000000,0.000000,0.000000,0.000000,0,0.00
7.720000,-0.011,-0.030393,-0.030393,4.321,7.00,-0.028718,0.021013,0.008164,0.001216,0.010,0.020,0.000000,0.000000,0.000000,0.000000,0.000000,0.000000,0,0.00
7.730000,-0.011,-0.030570,-0.030570,4.321,7.00,-0.028885,0.021070,0.008182,0.001318,0.010,0.020,0.000000,0.000000,0.000000,0.000000,0.000000,0.000000,0,0.00
7.740000,-0.011,-0.030755,-0.030755,4.321,7.00,-0.029054,0.021131,0.008202,0.001423,0.010,0.021,0.000000,0.000000,0.000000,0.000000,0.000000,0.000000,0,0.00
7.750000,-0.011,-0.031042,-0.031042,4.321,7.00,-0.029224,0.021196,0.008218,0.001629,0.010,0.021,0.000000,0.000000,0.000000,0.000000,0.000000,0.000000,0,0.00
7.760000,-0.011,-0.031312,-0.031312,4.321,7.00,-0.029405,0.021267,0.008236,0.001809,0.011,0.021,0.000000,0.000000,0.000000,0.000000,0.000000,0.000000,0,0.00
7.770000,-0.011,-0.031597,-0.031597,4.321,7.00,-0.029596,0.021344,0.008252,0.002000,0.011,0.021,0.000000,0.000000,0.000000,0.000000,0.000000,0.000000,0,0.00
7.780000,-0.011,-0.032027,-0.032027,4.321,7.00,-0.029795,0.021428,0.008266,0.002333,0.011,0.021,0.000000,0.000000,0.000000,0.000000,0.000000,0.000000,0,0.00
7.790000,-0.011,-0.032417,-0.032417,4.321,7.00,-0.030018,0.021521,0.008283,0.002613,0.011,0.022,0.000000,0.000000,0.000000,0.000000,0.000000,0.000000,0,0.00
7.800000,-0.011,-0.032735,-0.032735,4.321,7.00,-0.030258,0.021623,0.008300,0.002812,0.011,0.022,0.000000,0.000000,0.000000,0.000000,0.000000,0.000000,0,0.00
7.810000,-0.011,-0.033077,-0.033077,4.321,7.00,-0.030505,0.021730,0.008318,0.003029,0.011,0.022,0.000000,0.000000,0.000000,0.000000,0.000000,0.000000,0,0.00
7.820000,-0.011,-0.033384,-0.033384,4.321,7.00,-0.030762,0.021843,0.008337,0.003204,0.011,0.022,0.000000,0.000000,0.000000,0.000000,0.000000,0.000000,0,0.00
7.830000,-0.011,-0.033554,-0.033554,4.321,7.00,-0.031024,0.021962,0.008356,0.003236,0.011,0.022,0.000000,0.000000,0.000000,0.000000,0.000000,0.000000,0,0.00
7.840000,-0.011,-0.033717,-0.033717,4.321,7.00,-0.031277,0.022081,0.008376,0.003259,0.011,0.022,0.000000,0.000000,0.000000,0.000000,0.000000,0.000000,0,0.00
7.850000,-0.011,-0.033836,-0.033836,4.321,7.00,-0.031521,0.022200,0.008398,0.003237,0.011,0.023,0.000000,0.000000,0.000000,0.000000,0.000000,0.000000,0,0.00
7.860000,-0.011,-0.033955,-0.033955,4.321,7.00,-0.031752,0.022320,0.008420,0.003215,0.011,0.023,0.000000,0.000000,0.000000,0.000000,0.000000,0.000000,0,0.00
7.870000,-0.011,-0.033990,-0.033990,4.321,7.00,-0.031972,0.022441,0.008444,0.003105,0.011,0.023,0.000000,0.000000,0.000000,0.000000,0.000000,0.000000,0,0.00
7.880000,-0.011,-0.033967,-0.033967,4.321,7.00,-0.032174,0.022562,0.008470,0.002935,0.011,0.023,0.000000,0.000000,0.000000,0.000000,0.000000,0.000000,0,0.00
7.890000,-0.011,-0.033998,-0.033998,4.321,7.00,-0.032353,0.022683,0.008497,0.002819,0.011,0.023,0.000000,0.000000,0.000000,0.000000,0.000000,0.000000,0,0.00
7.900000,-0.011,-0.034099,-0.034099,4.321,7.00,-0.032517,0.022805,0.008522,0.002772,0.011,0.023,0.000000,0.000000,0.000000,0.000000,0.000000,0.000000,0,0.00
7.910000,-0.011,-0.034217,-0.034217,4.321,7.00,-0.032675,0.022932,0.008547,0.002738,0.011,0.023,0.000000,0.000000,0.000000,0.000000,0.000000,0.000000,0,0.00
7.920000,-0.012,-0.034348,-0.034348,4.321,7.00,-0.032829,0.023064,0.008576,0.002708,0.011,0.023,0.000000,0.000000,0.000000,0.000000,0.000000,0.000000,0,0.00
7.930000,-0.012,-0.034531,-0.034531,4.321,7.00,-0.032981,0.023202,0.008605,0.002723,0.011,0.023,0.000000,0.000000,0.000000,0.000000,0.000000,0.000000,0,0.00
7.940000,-0.012,-0.034511,-0.034511,4.321,7.00,-0.033136,0.023346,0.008664,0.002501,0.011,0.023,0.000000,0.000000,0.000000,0.000000,0.000000,0.000000,0,0.00
7.950000,-0.012,-0.034698,-0.034698,4.321,7.00,-0.033273,0.023493,0.008694,0.002511,0.011,0.023,0.000000,0.000000,0.000000,0.000000,0.000000,0.000000,0,0.00
7.960000,-0.012,-0.034938,-0.034938,4.321,7.00,-0.033415,0.023647,0.008723,0.002568,0.012,0.023,0.000000,0.000000,0.000000,0.000000,0.000000,0.000000,0,0.00
7.970000,-0.012,-0.035834,-0.035834,4.321,7.00,-0.033567,0.023901,0.008749,0.003184,0.012,0.024,0.000000,0.000000,0.000000,0.000000,0.000000,0.000000,0,0.00
7.980000,-0.012,-0.036660,-0.036660,4.321,7.00,-0.033794,0.024151,0.008777,0.003733,0.012,0.024,0.000000,0.000000,0.000000,0.000000,0.000000,0.000000,0,0.00
7.990000,-0.012,-0.037865,-0.037865,4.321,7.00,-0.034080,0.024404,0.008802,0.004659,0.012,0.025,0.000000,0.000000,0.000000,0.000000,0.000000,0.000000,0,0.00
8.000000,-0.012,-0.038874,-0.038874,4.321,7.00,-0.034459,0.024673,0.008828,0.005373,0.012,0.026,0.000000,0.000000,0.000000,0.000000,0.000000,0.000000,0,0.00
8.010000,-0.012,-0.039857,-0.039857,4.321,7.00,-0.034900,0.024955,0.008855,0.006047,0.012,0.027,0.000000,0.000000,0.000000,0.000000,0.000000,0.000000,0,0.00
8.020000,-0.013,-0.040423,-0.040423,4.321,7.00,-0.035395,0.025249,0.008882,0.006293,0.012,0.027,0.000000,0.000000,0.000000,0.000000,0.000000,0.000000,0,0.00
8.030000,-0.013,-0.041015,-0.041015,4.321,7.00,-0.035898,0.025544,0.008909,0.006561,0.012,0.027,0.000000,0.000000,0.000000,0.000000,0.000000,0.000000,0,0.00
8.040000,-0.013,-0.041483,-0.041483,4.321,7.00,-0.036409,0.025842,0.008938,0.006703,0.012,0.028,0.000000,0.000000,0.000000,0.000000,0.000000,0.000000,0,0.00
8.050000,-0.013,-0.042272,-0.042272,4.321,7.00,-0.036916,0.026141,0.008960,0.007172,0.012,0.028,0.000000,0.000000,0.000000,0.000000,0.000000,0.000000,0,0.00
8.060000,-0.013,-0.043022,-0.043022,4.321,7.00,-0.037452,0.026446,0.008983,0.007593,0.013,0.029,0.000000,0.000000,0.000000,0.000000,0.000000,0.000000,0,0.00
8.070000,-0.013,-0.043814,-0.043814,4.321,7.00,-0.038009,0.026755,0.009006,0.008053,0.013,0.029,0.000000,0.000000,0.000000,0.000000,0.000000,0.000000,0,0.00
8.080000,-0.014,-0.044534,-0.044534,4.321,7.00,-0.038589,0.027068,0.009030,0.008437,0.013,0.030,0.000000,0.000000,0.000000,0.000000,0.000000,0.000000,0,0.00
8.090000,-0.014,-0.045255,-0.045255,4.321,7.00,-0.039183,0.027381,0.009055,0.008819,0.013,0.030,0.000000,0.000000,0.000000,0.000000,0.000000,0.000000,0,0.00
8.100000,-0.014,-0.045606,-0.045606,4.321,7.00,-0.039790,0.027692,0.009079,0.008835,0.013,0.030,0.000000,0.000000,0.000000,0.000000,0.000000,0.000000,0,0.00
8.110000,-0.014,-0.045701,-0.045701,4.321,7.00,-0.040372,0.027991,0.009107,0.008603,0.013,0.030,0.000000,0.000000,0.000000,0.000000,0.000000,0.000000,0,0.00
8.120000,-0.014,-0.045502,-0.045502,4.321,7.00,-0.040904,0.028273,0.009137,0.008092,0.014,0.030,0.000000,0.000000,0.000000,0.000000,0.000000,0.000000,0,0.00
8.130000,-0.014,-0.045287,-0.045287,4.321,7.00,-0.041364,0.028535,0.009167,0.007585,0.014,0.030,0.000000,0.000000,0.000000,0.000000,0.000000,0.000000,0,0.00
8.140000,-0.014,-0.044854,-0.044854,4.321,7.00,-0.041756,0.028778,0.009201,0.006875,0.014,0.030,0.000000,0.000000,0.000000,0.000000,0.000000,0.000000,0,0.00
8.150000,-0.015,-0.044355,-0.044355,4.321,7.00,-0.042066,0.029000,0.009233,0.006122,0.014,0.030,0.000000,0.000000,0.000000,0.000000,0.000000,0.000000,0,0.00
8.160000,-0.015,-0.043973,-0.043973,4.321,7.00,-0.042294,0.029202,0.009266,0.005505,0.014,0.029,0.000000,0.000000,0.000000,0.000000,0.000000,0.000000,0,0.00
8.170000,-0.015,-0.043657,-0.043657,4.321,7.00,-0.042462,0.029390,0.009300,0.004967,0.014,0.029,0.000000,0.000000,0.000000,0.000000,0.000000,0.000000,0,0.00
8.180000,-0.015,-0.043325,-0.043325,4.321,7.00,-0.042581,0.029566,0.009338,0.004421,0.014,0.029,0.000000,0.000000,0.000000,0.000000,0.000000,0.000000,0,0.00
8.190000,-0.015,-0.043197,-0.043197,4.321,7.00,-0.042655,0.029732,0.009373,0.004091,0.015,0.029,0.000000,0.000000,0.000000,0.000000,0.000000,0.000000,0,0.00
8.200000,-0.015,-0.043138,-0.043138,4.321,7.00,-0.042709,0.029894,0.009405,0.003839,0.015,0.029,0.000000,0.000000,0.000000,0.000000,0.000000,0.000000,0,0.00
8.210000,-0.015,-0.042776,-0.042776,4.321,7.00,-0.042752,0.030054,0.009489,0.003233,0.015,0.029,0.000000,0.000000,0.000000,0.000000,0.000000,0.000000,0,0.00
8.220000,-0.015,-0.042827,-0.042827,4.321,7.00,-0.042754,0.030205,0.009523,0.003099,0.015,0.029,0.000000,0.000000,0.000000,0.000000,0.000000,0.000000,0,0.00
8.230000,-0.015,-0.043025,-0.043025,4.321,7.00,-0.042761,0.030358,0.009556,0.003110,0.015,0.029,0.000000,0.000000,0.000000,0.000000,0.000000,0.000000,0,0.00
8.240000,-0.015,-0.043312,-0.043312,4.321,7.00,-0.042787,0.030519,0.009587,0.003206,0.015,0.029,0.000000,0.000000,0.000000,0.000000,0.000000,0.000000,0,0.00
8.250000,-0.015,-0.043689,-0.043689,4.321,7.00,-0.042840,0.030686,0.009615,0.003388,0.015,0.029,0.000000,0.000000,0.000000,0.000000,0.000000,0.000000,0,0.00
8.260000,-0.015,-0.044474,-0.044474,4.321,7.00,-0.042924,0.030861,0.009646,0.003967,0.015,0.030,0.000000,0.000000,0.000000,0.000000,0.000000,0.000000,0,0.00
8.270000,-0.016,-0.045091,-0.045091,4.321,7.00,-0.043079,0.031050,0.009673,0.004367,0.015,0.030,0.000000,0.000000,0.000000,0.000000,0.000000,0.000000,0,0.00
8.280000,-0.016,-0.045738,-0.045738,4.321,7.00,-0.043280,0.031247,0.009701,0.004791,0.015,0.030,0.000000,0.000000,0.000000,0.000000,0.000000,0.000000,0,0.00
8.290000,-0.016,-0.046344,-0.046344,4.321,7.00,-0.043526,0.031450,0.009728,0.005166,0.015,0.031,0.000000,0.000000,0.000000,0.000000,0.000000,0.000000,0,0.00
8.300000,-0.016,-0.046758,-0.046758,4.321,7.00,-0.043807,0.031656,0.009757,0.005345,0.015,0.031,0.000000,0.000000,0.000000,0.000000,0.000000,0.000000,0,0.00
8.310000,-0.016,-0.047560,-0.047560,4.321,7.00,-0.044102,0.031858,0.009779,0.005923,0.016,0.032,0.000000,0.000000,0.000000,0.000000,0.000000,0.000000,0,0.00
8.320000,-0.016,-0.047916,-0.047916,4.321,7.00,-0.044448,0.032065,0.009807,0.006043,0.016,0.032,0.000000,0.000000,0.000000,0.000000,0.000000,0.000000,0,0.00
8.330000,-0.016,-0.048588,-0.048588,4.321,7.00,-0.044794,0.032266,0.009828,0.006494,0.016,0.032,0.000000,0.000000,0.000000,0.000000,0.000000,0.000000,0,0.00
8.340000,-0.016,-0.048954,-0.048954,4.321,7.00,-0.045173,0.032465,0.009853,0.006637,0.016,0.033,0.000000,0.000000,0.000000,0.000000,0.000000,0.000000,0,0.00
8.350000,-0.016,-0.049211,-0.049211,4.321,7.00,-0.045551,0.032655,0.009879,0.006677,0.016,0.033,0.000000,0.000000,0.000000,0.000000,0.000000,0.000000,0,0.00
8.360000,-0.016,-0.049041,-0.049041,4.321,7.00,-0.045917,0.032833,0.009907,0.006302,0.016,0.033,0.000000,0.000000,0.000000,0.000000,0.000000,0.000000,0,0.00
8.370000,-0.016,-0.048949,-0.048949,4.321,7.00,-0.046229,0.032988,0.009935,0.006027,0.016,0.033,0.000000,0.000000,0.000000,0.000000,0.000000,0.000000,0,0.00
8.380000,-0.017,-0.048286,-0.048286,4.321,7.00,-0.046501,0.033123,0.009965,0.005198,0.016,0.032,0.000000,0.000000,0.000000,0.000000,0.000000,0.000000,0,0.00
8.390000,-0.017,-0.047687,-0.047687,4.321,7.00,-0.046679,0.033227,0.009995,0.004465,0.016,0.032,0.000000,0.000000,0.000000,0.000000,0.000000,0.000000,0,0.00
8.400000,-0.017,-0.047027,-0.047027,4.321,7.00,-0.046780,0.033307,0.010029,0.003691,0.016,0.031,0.000000,0.000000,0.000000,0.000000,0.000000,0.000000,0,0.00
8.410000,-0.017,-0.046318,-0.046318,4.321,7.00,-0.046804,0.033362,0.010063,0.002892,0.016,0.031,0.000000,0.000000,0.000000,0.000000,0.000000,0.000000,0,0.00
8.420000,-0.017,-0.045635,-0.045635,4.321,7.00,-0.046755,0.033395,0.010096,0.002143,0.017,0.030,0.000000,0.000000,0.000000,0.000000,0.000000,0.000000,0,0.00
8.430000,-0.017,-0.045006,-0.045006,4.321,7.00,-0.046643,0.033409,0.010135,0.001462,0.017,0.030,0.000000,0.000000,0.000000,0.000000,0.000000,0.000000,0,0.00
8.440000,-0.017,-0.044457,-0.044457,4.321,7.00,-0.046479,0.033408,0.010171,0.000879,0.017,0.030,0.000000,0.000000,0.000000,0.000000,0.000000,0.000000,0,0.00
8.450000,-0.017,-0.044037,-0.044037,4.321,7.00,-0.046277,0.033395,0.010208,0.000434,0.017,0.029,0.000000,0.000000,0.000000,0.000000,0.000000,0.000000,0,0.00
8.460000,-0.017,-0.043692,-0.043692,4.321,7.00,-0.046052,0.033375,0.010243,0.000073,0.017,0.029,0.000000,0.000000,0.000000,0.000000,0.000000,0.000000,0,0.00
8.470000,-0.017,-0.043428,-0.043428,4.321,7.00,-0.045816,0.033350,0.010282,-0.000203,0.017,0.029,0.000000,0.000000,0.000000,0.000000,0.000000,0.000000,0,0.00
8.480000,-0.017,-0.043273,-0.043273,4.321,7.00,-0.045577,0.033324,0.010322,-0.000374,0.017,0.029,0.000000,0.000000,0.000000,0.000000,0.000000,0.000000,0,0.00
8.490000,-0.017,-0.043182,-0.043182,4.321,7.00,-0.045346,0.033298,0.010361,-0.000477,0.017,0.029,0.000000,0.000000,0.000000,0.000000,0.000000,0.000000,0,0.00
8.500000,-0.017,-0.043167,-0.043167,4.321,7.00,-0.045130,0.033276,0.010401,-0.000511,0.017,0.029,0.000000,0.000000,0.000000,0.000000,0.000000,0.000000,0,0.00
8.510000,-0.017,-0.043302,-0.043302,4.321,7.00,-0.044933,0.033261,0.010487,-0.000446,0.017,0.029,0.000000,0.000000,0.000000,0.000000,0.000000,0.000000,0,0.00
8.520000,-0.017,-0.043428,-0.043428,4.321,7.00,-0.044770,0.033255,0.010534,-0.000361,0.017,0.029,0.000000,0.000000,0.000000,0.000000,0.000000,0.000000,0,0.00
8.530000,-0.017,-0.043566,-0.043566,4.321,7.00,-0.044635,0.033254,0.010570,-0.000258,0.017,0.029,0.000000,0.000000,0.000000,0.000000,0.000000,0.000000,0,0.00
8.540000,-0.017,-0.043732,-0.043732,4.321,7.00,-0.044528,0.033257,0.010608,-0.000134,0.017,0.029,0.000000,0.000000,0.000000,0.000000,0.000000,0.000000,0,0.00
8.550000,-0.017,-0.043897,-0.043897,4.321,7.00,-0.044448,0.033264,0.010641,-0.000008,0.017,0.029,0.000000,0.000000,0.000000,0.000000,0.000000,0.000000,0,0.00
8.560000,-0.017,-0.044010,-0.044010,4.321,7.00,-0.044393,0.033272,0.010674,0.000064,0.017,0.029,0.000000,0.000000,0.000000,0.000000,0.000000,0.000000,0,0.00
8.570000,-0.017,-0.044115,-0.044115,4.321,7.00,-0.044354,0.033280,0.010704,0.000130,0.017,0.029,0.000000,0.000000,0.000000,0.000000,0.000000,0.000000,0,0.00
8.580000,-0.017,-0.044190,-0.044190,4.321,7.00,-0.044330,0.033286,0.010734,0.000170,0.017,0.029,0.000000,0.000000,0.000000,0.000000,0.000000,0.000000,0,0.00
8.590000,-0.017,-0.044225,-0.044225,4.321,7.00,-0.044316,0.033290,0.010760,0.000175,0.017,0.029,0.000000,0.000000,0.000000,0.000000,0.000000,0.000000,0,0.00
8.600000,-0.017,-0.044210,-0.044210,4.321,7.00,-0.044307,0.033288,0.010790,0.000132,0.017,0.029,0.000000,0.000000,0.000000,0.000000,0.000000,0.000000,0,0.00
8.610000,-0.017,-0.044133,-0.044133,4.321,7.00,-0.044297,0.033281,0.010814,0.000038,0.017,0.029,0.000000,0.000000,0.000000,0.000000,0.000000,0.000000,0,0.00
8.620000,-0.017,-0.044002,-0.044002,4.321,7.00,-0.044280,0.033266,0.010839,-0.000103,0.017,0.029,0.000000,0.000000,0.000000,0.000000,0.000000,0.000000,0,0.00
8.630000,-0.017,-0.043803,-0.043803,4.321,7.00,-0.044252,0.033239,0.010866,-0.000302,0.017,0.029,0.000000,0.000000,0.000000,0.000000,0.000000,0.000000,0,0.00
8.640000,-0.017,-0.043521,-0.043521,4.321,7.00,-0.044207,0.033200,0.010892,-0.000571,0.017,0.029,0.000000,0.000000,0.000000,0.000000,0.000000,0.000000,0,0.00
8.650000,-0.017,-0.043152,-0.043152,4.321,7.00,-0.044138,0.033147,0.010917,-0.000912,0.017,0.029,0.000000,0.000000,0.000000,0.000000,0.000000,0.000000,0,0.00
8.660000,-0.017,-0.042803,-0.042803,4.321,7.00,-0.044039,0.033081,0.010947,-0.001225,0.017,0.029,0.000000,0.000000,0.000000,0.000000,0.000000,0.000000,0,0.00
8.670000,-0.017,-0.042434,-0.042434,4.321,7.00,-0.043915,0.033003,0.010978,-0.001547,0.017,0.028,0.000000,0.000000,0.000000,0.000000,0.000000,0.000000,0,0.00
8.680000,-0.016,-0.042036,-0.042036,4.321,7.00,-0.043767,0.032916,0.011006,-0.001887,0.017,0.028,0.000000,0.000000,0.000000,0.000000,0.000000,0.000000,0,0.00
8.690000,-0.016,-0.042374,-0.042374,4.321,7.00,-0.043594,0.032926,0.011042,-0.001593,0.017,0.028,0.000000,0.000000,0.000000,0.000000,0.000000,0.000000,0,0.00
8.700000,-0.016,-0.042627,-0.042627,4.321,7.00,-0.043472,0.032903,0.011075,-0.001352,0.017,0.028,0.000000,0.000000,0.000000,0.000000,0.000000,0.000000,0,0.00
8.710000,-0.016,-0.042809,-0.042809,4.321,7.00,-0.043387,0.032869,0.011107,-0.001167,0.017,0.029,0.000000,0.000000,0.000000,0.000000,0.000000,0.000000,0,0.00
8.720000,-0.016,-0.043036,-0.043036,4.321,7.00,-0.043329,0.032826,0.011144,-0.000934,0.016,0.029,0.000000,0.000000,0.000000,0.000000,0.000000,0.000000,0,0.00
8.730000,-0.016,-0.043319,-0.043319,4.321,7.00,-0.043299,0.032778,0.011182,-0.000641,0.016,0.029,0.000000,0.000000,0.000000,0.000000,0.000000,0.000000,0,0.00
8.740000,-0.016,-0.043032,-0.043032,4.321,7.00,-0.043301,0.032727,0.011218,-0.000913,0.016,0.029,0.000000,0.000000,0.000000,0.000000,0.000000,0.000000,0,0.00
8.750000,-0.016,-0.042846,-0.042846,4.321,7.00,-0.043274,0.032664,0.011257,-0.001075,0.016,0.029,0.000000,0.000000,0.000000,0.000000,0.000000,0.000000,0,0.00
8.760000,-0.016,-0.042813,-0.042813,4.321,7.00,-0.043231,0.032615,0.011296,-0.001098,0.016,0.029,0.000000,0.000000,0.000000,0.000000,0.000000,0.000000,0,0.00
8.770000,-0.016,-0.042580,-0.042580,4.321,7.00,-0.043189,0.032530,0.011333,-0.001283,0.016,0.028,0.000000,0.000000,0.000000,0.000000,0.000000,0.000000,0,0.00
8.780000,-0.016,-0.042313,-0.042313,4.321,7.00,-0.043128,0.032424,0.011375,-0.001486,0.016,0.028,0.000000,0.000000,0.000000,0.000000,0.000000,0.000000,0,0.00
8.790000,-0.016,-0.041998,-0.041998,4.321,7.00,-0.043046,0.032303,0.011417,-0.001722,0.016,0.028,0.000000,0.000000,0.000000,0.000000,0.000000,0.000000,0,0.00
8.800000,-0.016,-0.042022,-0.042022,4.321,7.00,-0.042941,0.032171,0.011517,-0.001666,0.016,0.028,0.000000,0.000000,0.000000,0.000000,0.000000,0.000000,0,0.00
8.810000,-0.016,-0.041645,-0.041645,4.321,7.00,-0.042849,0.032037,0.011561,-0.001952,0.016,0.028,0.000000,0.000000,0.000000,0.000000,0.000000,0.000000,0,0.00
8.820000,-0.016,-0.041272,-0.041272,4.321,7.00,-0.042728,0.031895,0.011596,-0.002219,0.016,0.028,0.000000,0.000000,0.000000,0.000000,0.000000,0.000000,0,0.00
8.830000,-0.016,-0.040937,-0.040937,4.321,7.00,-0.042582,0.031745,0.011634,-0.002441,0.016,0.027,0.000000,0.000000,0.000000,0.000000,0.000000,0.000000,0,0.00
8.840000,-0.016,-0.040573,-0.040573,4.321,7.00,-0.042418,0.031591,0.011668,-0.002686,0.016,0.027,0.000000,0.000000,0.000000,0.000000,0.000000,0.000000,0,0.00
8.850000,-0.016,-0.039880,-0.039880,4.321,7.00,-0.042233,0.031431,0.011700,-0.003251,0.016,0.027,0.000000,0.000000,0.000000,0.000000,0.000000,0.000000,0,0.00
8.860000,-0.016,-0.039362,-0.039362,4.321,7.00,-0.041997,0.031260,0.011731,-0.003629,0.016,0.026,0.000000,0.000000,0.000000,0.000000,0.000000,0.000000,0,0.00
8.870000,-0.016,-0.039000,-0.039000,4.321,7.00,-0.041734,0.031083,0.011763,-0.003846,0.016,0.026,0.000000,0.000000,0.000000,0.000000,0.000000,0.000000,0,0.00
8.880000,-0.015,-0.038453,-0.038453,4.321,7.00,-0.041460,0.030905,0.011790,-0.004242,0.016,0.026,0.000000,0.000000,0.000000,0.000000,0.000000,0.000000,0,0.00
8.890000,-0.015,-0.037964,-0.037964,4.321,7.00,-0.041159,0.030722,0.011817,-0.004575,0.016,0.025,0.000000,0.000000,0.000000,0.000000,0.000000,0.000000,0,0.00
8.900000,-0.015,-0.037448,-0.037448,4.321,7.00,-0.040839,0.030531,0.011843,-0.004926,0.016,0.025,0.000000,0.000000,0.000000,0.000000,0.000000,0.000000,0,0.00
8.910000,-0.015,-0.036912,-0.036912,4.321,7.00,-0.040500,0.030334,0.011867,-0.005289,0.016,0.025,0.000000,0.000000,0.000000,0.000000,0.000000,0.000000,0,0.00
8.920000,-0.015,-0.036264,-0.036264,4.321,7.00,-0.040141,0.030133,0.011890,-0.005759,0.015,0.024,0.000000,0.000000,0.000000,0.000000,0.000000,0.000000,0,0.00
8.930000,-0.015,-0.035710,-0.035710,4.321,7.00,-0.039753,0.029928,0.011912,-0.006130,0.015,0.024,0.000000,0.000000,0.000000,0.000000,0.000000,0.000000,0,0.00
8.940000,-0.015,-0.035385,-0.035385,4.321,7.00,-0.039348,0.029723,0.011937,-0.006276,0.015,0.024,0.000000,0.000000,0.000000,0.000000,0.000000,0.000000,0,0.00
8.950000,-0.015,-0.035010,-0.035010,4.321,7.00,-0.038952,0.029524,0.011959,-0.006473,0.015,0.023,0.000000,0.000000,0.000000,0.000000,0.000000,0.000000,0,0.00
8.960000,-0.015,-0.034924,-0.034924,4.321,7.00,-0.038557,0.029330,0.011984,-0.006390,0.015,0.023,0.000000,0.000000,0.000000,0.000000,0.000000,0.000000,0,0.00
8.970000,-0.015,-0.035078,-0.035078,4.321,7.00,-0.038194,0.029148,0.012010,-0.006081,0.015,0.023,0.000000,0.000000,0.000000,0.000000,0.000000,0.000000,0,0.00
8.980000,-0.014,-0.035437,-0.035437,4.321,7.00,-0.037882,0.028982,0.012037,-0.005582,0.015,0.024,0.000000,0.000000,0.000000,0.000000,0.000000,0.000000,0,0.00
8.990000,-0.014,-0.035749,-0.035749,4.321,7.00,-0.037637,0.028836,0.012065,-0.005152,0.015,0.024,0.000000,0.000000,0.000000,0.000000,0.000000,0.000000,0,0.00
9.000000,-0.014,-0.036370,-0.036370,4.321,7.00,-0.037448,0.028707,0.012095,-0.004432,0.015,0.024,0.000000,0.000000,0.000000,0.000000,0.000000,0.000000,0,0.00
9.010000,-0.014,-0.036937,-0.036937,4.321,7.00,-0.037340,0.028600,0.012125,-0.003789,0.015,0.025,0.000000,0.000000,0.000000,0.000000,0.000000,0.000000,0,0.00
9.020000,-0.014,-0.037503,-0.037503,4.321,7.00,-0.037299,0.028514,0.012157,-0.003167,0.014,0.025,0.000000,0.000000,0.000000,0.000000,0.000000,0.000000,0,0.00
9.030000,-0.014,-0.038055,-0.038055,4.321,7.00,-0.037320,0.028443,0.012189,-0.002577,0.014,0.025,0.000000,0.000000,0.000000,0.000000,0.000000,0.000000,0,0.00
9.040000,-0.014,-0.038565,-0.038565,4.321,7.00,-0.037393,0.028391,0.012221,-0.002048,0.014,0.026,0.000000,0.000000,0.000000,0.000000,0.000000,0.000000,0,0.00
9.050000,-0.014,-0.039013,-0.039013,4.321,7.00,-0.037510,0.028357,0.012252,-0.001596,0.014,0.026,0.000000,0.000000,0.000000,0.000000,0.000000,0.000000,0,0.00
9.060000,-0.014,-0.039449,-0.039449,4.321,7.00,-0.037660,0.028336,0.012288,-0.001176,0.014,0.026,0.000000,0.000000,0.000000,0.000000,0.000000,0.000000,0,0.00
9.070000,-0.014,-0.039822,-0.039822,4.321,7.00,-0.037838,0.028325,0.012324,-0.000826,0.014,0.027,0.000000,0.000000,0.000000,0.000000,0.000000,0.000000,0,0.00
9.080000,-0.014,-0.040204,-0.040204,4.321,7.00,-0.038036,0.028320,0.012406,-0.000521,0.014,0.027,0.000000,0.000000,0.000000,0.000000,0.000000,0.000000,0,0.00
9.090000,-0.014,-0.040462,-0.040462,4.321,7.00,-0.038253,0.028321,0.012427,-0.000286,0.014,0.027,0.000000,0.000000,0.000000,0.000000,0.000000,0.000000,0,0.00
9.100000,-0.014,-0.040670,-0.040670,4.321,7.00,-0.038474,0.028324,0.012459,-0.000113,0.014,0.027,0.000000,0.000000,0.000000,0.000000,0.000000,0.000000,0,0.00
9.110000,-0.014,-0.040812,-0.040812,4.321,7.00,-0.038693,0.028330,0.012490,-0.000007,0.014,0.027,0.000000,0.000000,0.000000,0.000000,0.000000,0.000000,0,0.00
9.120000,-0.014,-0.040923,-0.040923,4.321,7.00,-0.038905,0.028336,0.012519,0.000068,0.014,0.027,0.000000,0.000000,0.000000,0.000000,0.000000,0.000000,0,0.00
9.130000,-0.014,-0.040999,-0.040999,4.321,7.00,-0.039106,0.028342,0.012545,0.000112,0.014,0.027,0.000000,0.000000,0.000000,0.000000,0.000000,0.000000,0,0.00
9.140000,-0.014,-0.041060,-0.041060,4.321,7.00,-0.039295,0.028349,0.012575,0.000136,0.014,0.027,0.000000,0.000000,0.000000,0.000000,0.000000,0.000000,0,0.00
9.150000,-0.014,-0.041114,-0.041114,4.321,7.00,-0.039471,0.028356,0.012603,0.000155,0.014,0.027,0.000000,0.000000,0.000000,0.000000,0.000000,0.000000,0,0.00
9.160000,-0.014,-0.041137,-0.041137,4.321,7.00,-0.039635,0.028359,0.012629,0.000149,0.014,0.027,0.000000,0.000000,0.000000,0.000000,0.000000,0.000000,0,0.00
9.170000,-0.014,-0.041118,-0.041118,4.321,7.00,-0.039785,0.028357,0.012655,0.000106,0.014,0.027,0.000000,0.000000,0.000000,0.000000,0.000000,0.000000,0,0.00
9.180000,-0.014,-0.041067,-0.041067,4.321,7.00,-0.039918,0.028350,0.012680,0.000037,0.014,0.027,0.000000,0.000000,0.000000,0.000000,0.000000,0.000000,0,0.00
9.190000,-0.014,-0.040998,-0.040998,4.321,7.00,-0.040033,0.028342,0.012702,-0.000046,0.014,0.027,0.000000,0.000000,0.000000,0.000000,0.000000,0.000000,0,0.00
9.200000,-0.014,-0.040922,-0.040922,4.321,7.00,-0.040129,0.028333,0.012726,-0.000137,0.014,0.027,0.000000,0.000000,0.000000,0.000000,0.000000,0.000000,0,0.00
9.210000,-0.014,-0.040859,-0.040859,4.321,7.00,-0.040208,0.028325,0.012746,-0.000212,0.014,0.027,0.000000,0.000000,0.000000,0.000000,0.000000,0.000000,0,0.00
9.220000,-0.014,-0.040853,-0.040853,4.321,7.00,-0.040273,0.028319,0.012770,-0.000235,0.014,0.027,0.000000,0.000000,0.000000,0.000000,0.000000,0.000000,0,0.00
9.230000,-0.014,-0.040901,-0.040901,4.321,7.00,-0.040331,0.028317,0.012794,-0.000210,0.014,0.027,0.000000,0.000000,0.000000,0.000000,0.000000,0.000000,0,0.00
9.240000,-0.014,-0.041009,-0.041009,4.321,7.00,-0.040388,0.028322,0.012819,-0.000132,0.014,0.027,0.000000,0.000000,0.000000,0.000000,0.000000,0.000000,0,0.00
9.250000,-0.014,-0.041168,-0.041168,4.321,7.00,-0.040449,0.028335,0.012849,-0.000016,0.014,0.027,0.000000,0.000000,0.000000,0.000000,0.000000,0.000000,0,0.00
9.260000,-0.014,-0.041390,-0.041390,4.321,7.00,-0.040521,0.028357,0.012877,0.000157,0.014,0.028,0.000000,0.000000,0.000000,0.000000,0.000000,0.000000,0,0.00
9.270000,-0.014,-0.041659,-0.041659,4.321,7.00,-0.040608,0.028391,0.012905,0.000363,0.014,0.028,0.000000,0.000000,0.000000,0.000000,0.000000,0.000000,0,0.00
9.280000,-0.014,-0.041952,-0.041952,4.321,7.00,-0.040713,0.028436,0.012935,0.000581,0.014,0.028,0.000000,0.000000,0.000000,0.000000,0.000000,0.000000,0,0.00
9.290000,-0.014,-0.042265,-0.042265,4.321,7.00,-0.040836,0.028493,0.012968,0.000804,0.014,0.028,0.000000,0.000000,0.000000,0.000000,0.000000,0.000000,0,0.00
9.300000,-0.014,-0.042571,-0.042571,4.321,7.00,-0.040979,0.028556,0.013001,0.001014,0.014,0.028,0.000000,0.000000,0.000000,0.000000,0.000000,0.000000,0,0.00
9.310000,-0.014,-0.042932,-0.042932,4.321,7.00,-0.041138,0.028635,0.013032,0.001265,0.014,0.029,0.000000,0.000000,0.000000,0.000000,0.000000,0.000000,0,0.00
9.320000,-0.014,-0.043266,-0.043266,4.321,7.00,-0.041317,0.028728,0.013068,0.001471,0.014,0.029,0.000000,0.000000,0.000000,0.000000,0.000000,0.000000,0,0.00
9.330000,-0.014,-0.043660,-0.043660,4.321,7.00,-0.041512,0.028842,0.013104,0.001715,0.014,0.029,0.000000,0.000000,0.000000,0.000000,0.000000,0.000000,0,0.00
9.340000,-0.014,-0.044104,-0.044104,4.321,7.00,-0.041726,0.028968,0.013138,0.001998,0.014,0.029,0.000000,0.000000,0.000000,0.000000,0.000000,0.000000,0,0.00
9.350000,-0.015,-0.044575,-0.044575,4.321,7.00,-0.041964,0.029102,0.013172,0.002300,0.014,0.030,0.000000,0.000000,0.000000,0.000000,0.000000,0.000000,0,0.00
9.360000,-0.015,-0.044965,-0.044965,4.321,7.00,-0.042225,0.029242,0.013208,0.002515,0.014,0.030,0.000000,0.000000,0.000000,0.000000,0.000000,0.000000,0,0.00
9.370000,-0.015,-0.045073,-0.045073,4.321,7.00,-0.042498,0.029391,0.013296,0.002386,0.014,0.030,0.000000,0.000000,0.000000,0.000000,0.000000,0.000000,0,0.00
9.380000,-0.015,-0.045418,-0.045418,4.321,7.00,-0.042756,0.029552,0.013336,0.002530,0.014,0.030,0.000000,0.000000,0.000000,0.000000,0.000000,0.000000,0,0.00
9.390000,-0.015,-0.045888,-0.045888,4.321,7.00,-0.043022,0.029722,0.013367,0.002799,0.015,0.031,0.000000,0.000000,0.000000,0.000000,0.000000,0.000000,0,0.00
9.400000,-0.015,-0.046363,-0.046363,4.321,7.00,-0.043308,0.029903,0.013400,0.003060,0.015,0.031,0.000000,0.000000,0.000000,0.000000,0.000000,0.000000,0,0.00
9.410000,-0.015,-0.046915,-0.046915,4.321,7.00,-0.043613,0.030095,0.013432,0.003388,0.015,0.031,0.000000,0.000000,0.000000,0.000000,0.000000,0.000000,0,0.00
9.420000,-0.015,-0.047924,-0.047924,4.321,7.00,-0.043943,0.030298,0.013462,0.004163,0.015,0.032,0.000000,0.000000,0.000000,0.000000,0.000000,0.000000,0,0.00
9.430000,-0.015,-0.048762,-0.048762,4.321,7.00,-0.044341,0.030519,0.013490,0.004753,0.015,0.033,0.000000,0.000000,0.000000,0.000000,0.000000,0.000000,0,0.00
9.440000,-0.015,-0.049477,-0.049477,4.321,7.00,-0.044783,0.030748,0.013518,0.005210,0.015,0.033,0.000000,0.000000,0.000000,0.000000,0.000000,0.000000,0,0.00
9.450000,-0.015,-0.050324,-0.050324,4.321,7.00,-0.045252,0.030985,0.013544,0.005795,0.015,0.034,0.000000,0.000000,0.000000,0.000000,0.000000,0.000000,0,0.00
9.460000,-0.016,-0.051212,-0.051212,4.321,7.00,-0.045759,0.031232,0.013569,0.006410,0.015,0.034,0.000000,0.000000,0.000000,0.000000,0.000000,0.000000,0,0.00
9.470000,-0.016,-0.052114,-0.052114,4.321,7.00,-0.046304,0.031490,0.013594,0.007030,0.015,0.035,0.000000,0.000000,0.000000,0.000000,0.000000,0.000000,0,0.00
9.480000,-0.016,-0.052964,-0.052964,4.321,7.00,-0.046885,0.031757,0.013618,0.007588,0.015,0.035,0.000000,0.000000,0.000000,0.000000,0.000000,0.000000,0,0.00
9.490000,-0.016,-0.053645,-0.053645,4.321,7.00,-0.047492,0.032031,0.013645,0.007968,0.015,0.036,0.000000,0.000000,0.000000,0.000000,0.000000,0.000000,0,0.00
9.500000,-0.016,-0.054174,-0.054174,4.321,7.00,-0.048107,0.032308,0.013672,0.008194,0.016,0.036,0.000000,0.000000,0.000000,0.000000,0.000000,0.000000,0,0.00
9.510000,-0.016,-0.054838,-0.054838,4.321,7.00,-0.048714,0.032582,0.013696,0.008559,0.016,0.037,0.000000,0.000000,0.000000,0.000000,0.000000,0.000000,0,0.00
9.520000,-0.016,-0.055055,-0.055055,4.321,7.00,-0.049326,0.032858,0.013725,0.008472,0.016,0.037,0.000000,0.000000,0.000000,0.000000,0.000000,0.000000,0,0.00
9.530000,-0.017,-0.055033,-0.055033,4.321,7.00,-0.049899,0.033124,0.013756,0.008153,0.016,0.037,0.000000,0.000000,0.000000,0.000000,0.000000,0.000000,0,0.00
9.540000,-0.017,-0.055070,-0.055070,4.321,7.00,-0.050412,0.033375,0.013786,0.007910,0.016,0.037,0.000000,0.000000,0.000000,0.000000,0.000000,0.000000,0,0.00
9.550000,-0.017,-0.054905,-0.054905,4.321,7.00,-0.050877,0.033614,0.013820,0.007471,0.016,0.037,0.000000,0.000000,0.000000,0.000000,0.000000,0.000000,0,0.00
9.560000,-0.017,-0.054415,-0.054415,4.321,7.00,-0.051280,0.033839,0.013853,0.006723,0.016,0.036,0.000000,0.000000,0.000000,0.000000,0.000000,0.000000,0,0.00
9.570000,-0.017,-0.054015,-0.054015,4.321,7.00,-0.051593,0.034030,0.013888,0.006097,0.017,0.036,0.000000,0.000000,0.000000,0.000000,0.000000,0.000000,0,0.00
9.580000,-0.017,-0.053539,-0.053539,4.321,7.00,-0.051835,0.034206,0.013929,0.005404,0.017,0.036,0.000000,0.000000,0.000000,0.000000,0.000000,0.000000,0,0.00
9.590000,-0.017,-0.053121,-0.053121,4.321,7.00,-0.052005,0.034372,0.013966,0.004783,0.017,0.035,0.000000,0.000000,0.000000,0.000000,0.000000,0.000000,0,0.00
9.600000,-0.017,-0.052823,-0.052823,4.321,7.00,-0.052117,0.034530,0.014004,0.004289,0.017,0.035,0.000000,0.000000,0.000000,0.000000,0.000000,0.000000,0,0.00
9.610000,-0.017,-0.052550,-0.052550,4.321,7.00,-0.052187,0.034682,0.014043,0.003825,0.017,0.035,0.000000,0.000000,0.000000,0.000000,0.000000,0.000000,0,0.00
9.620000,-0.017,-0.052425,-0.052425,4.321,7.00,-0.052223,0.034830,0.014085,0.003511,0.017,0.035,0.000000,0.000000,0.000000,0.000000,0.000000,0.000000,0,0.00
9.630000,-0.017,-0.052481,-0.052481,4.321,7.00,-0.052243,0.034977,0.014128,0.003377,0.017,0.035,0.000000,0.000000,0.000000,0.000000,0.000000,0.000000,0,0.00
9.640000,-0.018,-0.052535,-0.052535,4.321,7.00,-0.052267,0.035127,0.014169,0.003238,0.017,0.035,0.000000,0.000000,0.000000,0.000000,0.000000,0.000000,0,0.00
9.650000,-0.018,-0.052639,-0.052639,4.321,7.00,-0.052293,0.035280,0.014213,0.003146,0.017,0.035,0.000000,0.000000,0.000000,0.000000,0.000000,0.000000,0,0.00
9.660000,-0.018,-0.052492,-0.052492,4.321,7.00,-0.052327,0.035437,0.014315,0.002740,0.017,0.035,0.000000,0.000000,0.000000,0.000000,0.000000,0.000000,0,0.00
9.670000,-0.018,-0.052628,-0.052628,4.321,7.00,-0.052344,0.035591,0.014365,0.002671,0.017,0.035,0.000000,0.000000,0.000000,0.000000,0.000000,0.000000,0,0.00
9.680000,-0.018,-0.052951,-0.052951,4.321,7.00,-0.052372,0.035750,0.014404,0.002796,0.018,0.035,0.000000,0.000000,0.000000,0.000000,0.000000,0.000000,0,0.00
9.690000,-0.018,-0.053231,-0.053231,4.321,7.00,-0.052429,0.035916,0.014446,0.002869,0.018,0.035,0.000000,0.000000,0.000000,0.000000,0.000000,0.000000,0,0.00
9.700000,-0.018,-0.053612,-0.053612,4.321,7.00,-0.052509,0.036081,0.014484,0.003047,0.018,0.036,0.000000,0.000000,0.000000,0.000000,0.000000,0.000000,0,0.00
9.710000,-0.018,-0.054385,-0.054385,4.321,7.00,-0.052619,0.036246,0.014519,0.003620,0.018,0.036,0.000000,0.000000,0.000000,0.000000,0.000000,0.000000,0,0.00
9.720000,-0.018,-0.054889,-0.054889,4.321,7.00,-0.052796,0.036420,0.014557,0.003912,0.018,0.037,0.000000,0.000000,0.000000,0.000000,0.000000,0.000000,0,0.00
9.730000,-0.018,-0.055335,-0.055335,4.321,7.00,-0.053005,0.036597,0.014591,0.004147,0.018,0.037,0.000000,0.000000,0.000000,0.000000,0.000000,0.000000,0,0.00
9.740000,-0.018,-0.055822,-0.055822,4.321,7.00,-0.053237,0.036777,0.014624,0.004421,0.018,0.037,0.000000,0.000000,0.000000,0.000000,0.000000,0.000000,0,0.00
9.750000,-0.018,-0.056218,-0.056218,4.321,7.00,-0.053496,0.036958,0.014659,0.004602,0.018,0.037,0.000000,0.000000,0.000000,0.000000,0.000000,0.000000,0,0.00
9.760000,-0.019,-0.056829,-0.056829,4.321,7.00,-0.053768,0.037139,0.014686,0.005005,0.018,0.038,0.000000,0.000000,0.000000,0.000000,0.000000,0.000000,0,0.00
9.770000,-0.019,-0.057308,-0.057308,4.321,7.00,-0.054073,0.037323,0.014717,0.005268,0.018,0.038,0.000000,0.000000,0.000000,0.000000,0.000000,0.000000,0,0.00
9.780000,-0.019,-0.057621,-0.057621,4.321,7.00,-0.054397,0.037505,0.014749,0.005367,0.018,0.038,0.000000,0.000000,0.000000,0.000000,0.000000,0.000000,0,0.00
9.790000,-0.019,-0.058178,-0.058178,4.321,7.00,-0.054719,0.037682,0.014774,0.005722,0.018,0.039,0.000000,0.000000,0.000000,0.000000,0.000000,0.000000,0,0.00
9.800000,-0.019,-0.058410,-0.058410,4.321,7.00,-0.055064,0.037856,0.014807,0.005747,0.019,0.039,0.000000,0.000000,0.000000,0.000000,0.000000,0.000000,0,0.00
9.810000,-0.019,-0.058302,-0.058302,4.321,7.00,-0.055399,0.038020,0.014840,0.005442,0.019,0.039,0.000000,0.000000,0.000000,0.000000,0.000000,0.000000,0,0.00
9.820000,-0.019,-0.058366,-0.058366,4.321,7.00,-0.055689,0.038167,0.014868,0.005331,0.019,0.039,0.000000,0.000000,0.000000,0.000000,0.000000,0.000000,0,0.00
9.830000,-0.019,-0.058263,-0.058263,4.321,7.00,-0.055956,0.038301,0.014901,0.005061,0.019,0.039,0.000000,0.000000,0.000000,0.000000,0.000000,0.000000,0,0.00
9.840000,-0.019,-0.057716,-0.057716,4.321,7.00,-0.056187,0.038420,0.014937,0.004359,0.019,0.038,0.000000,0.000000,0.000000,0.000000,0.000000,0.000000,0,0.00
9.850000,-0.019,-0.057427,-0.057427,4.321,7.00,-0.056339,0.038518,0.014969,0.003941,0.019,0.038,0.000000,0.000000,0.000000,0.000000,0.000000,0.000000,0,0.00
9.860000,-0.019,-0.057032,-0.057032,4.321,7.00,-0.056448,0.038606,0.015010,0.003416,0.019,0.038,0.000000,0.000000,0.000000,0.000000,0.000000,0.000000,0,0.00
9.870000,-0.019,-0.056533,-0.056533,4.321,7.00,-0.056506,0.038681,0.015048,0.002804,0.019,0.038,0.000000,0.000000,0.000000,0.000000,0.000000,0.000000,0,0.00
9.880000,-0.019,-0.056149,-0.056149,4.321,7.00,-0.056508,0.038740,0.015086,0.002324,0.019,0.037,0.000000,0.000000,0.000000,0.000000,0.000000,0.000000,0,0.00
9.890000,-0.019,-0.055807,-0.055807,4.321,7.00,-0.056472,0.038786,0.015129,0.001893,0.019,0.037,0.000000,0.000000,0.000000,0.000000,0.000000,0.000000,0,0.00
9.900000,-0.019,-0.055443,-0.055443,4.321,7.00,-0.056406,0.038819,0.015173,0.001451,0.019,0.037,0.000000,0.000000,0.000000,0.000000,0.000000,0.000000,0,0.00
9.910000,-0.019,-0.055184,-0.055184,4.321,7.00,-0.056309,0.038840,0.015216,0.001128,0.019,0.037,0.000000,0.000000,0.000000,0.000000,0.000000,0.000000,0,0.00
9.920000,-0.019,-0.054917,-0.054917,4.321,7.00,-0.056196,0.038852,0.015261,0.000805,0.019,0.037,0.000000,0.000000,0.000000,0.000000,0.000000,0.000000,0,0.00
9.930000,-0.019,-0.054674,-0.054674,4.321,7.00,-0.056068,0.038855,0.015307,0.000512,0.019,0.036,0.000000,0.000000,0.000000,0.000000,0.000000,0.000000,0,0.00
9.940000,-0.019,-0.054496,-0.054496,4.321,7.00,-0.055928,0.038851,0.015357,0.000289,0.019,0.036,0.000000,0.000000,0.000000,0.000000,0.000000,0.000000,0,0.00
9.950000,-0.019,-0.054440,-0.054440,4.321,7.00,-0.055785,0.038841,0.015472,0.000127,0.019,0.036,0.000000,0.000000,0.000000,0.000000,0.000000,0.000000,0,0.00
9.960000,-0.019,-0.054363,-0.054363,4.321,7.00,-0.055650,0.038829,0.015538,-0.000004,0.019,0.036,0.000000,0.000000,0.000000,0.000000,0.000000,0.000000,0,0.00
9.970000,-0.019,-0.054235,-0.054235,4.321,7.00,-0.055521,0.038807,0.015582,-0.000154,0.019,0.036,0.000000,0.000000,0.000000,0.000000,0.000000,0.000000,0,0.00
9.980000,-0.019,-0.054066,-0.054066,4.321,7.00,-0.055392,0.038772,0.015624,-0.000330,0.019,0.036,0.000000,0.000000,0.000000,0.000000,0.000000,0.000000,0,0.00
9.990000,-0.019,-0.053855,-0.053855,4.321,7.00,-0.055259,0.038726,0.015664,-0.000535,0.019,0.036,0.000000,0.000000,0.000000,0.000000,0.000000,0.000000,0,0.00
10.000000,-0.019,-0.053604,-0.053604,4.321,7.00,-0.055119,0.038671,0.015706,-0.000773,0.019,0.036,0.000000,0.000000,0.000000,0.000000,0.000000,0.000000,0,0.00
10.010000,-0.019,-0.053285,-0.053285,4.321,7.00,-0.054967,0.038604,0.015745,-0.001064,0.019,0.036,0.000000,0.000000,0.000000,0.000000,0.000000,0.000000,0,0.00
10.020000,-0.019,-0.052988,-0.052988,4.321,7.00,-0.054798,0.038528,0.015786,-0.001326,0.019,0.035,0.000000,0.000000,0.000000,0.000000,0.000000,0.000000,0,0.00
10.030000,-0.019,-0.052666,-0.052666,4.321,7.00,-0.054617,0.038444,0.015823,-0.001600,0.019,0.035,0.000000,0.000000,0.000000,0.000000,0.000000,0.000000,0,0.00
10.040000,-0.019,-0.052281,-0.052281,4.321,7.00,-0.054422,0.038353,0.015855,-0.001927,0.019,0.035,0.000000,0.000000,0.000000,0.000000,0.000000,0.000000,0,0.00
10.050000,-0.019,-0.051904,-0.051904,4.321,7.00,-0.054207,0.038255,0.015888,-0.002239,0.019,0.035,0.000000,0.000000,0.000000,0.000000,0.000000,0.000000,0,0.00
10.060000,-0.019,-0.051567,-0.051567,4.321,7.00,-0.053977,0.038150,0.015921,-0.002505,0.019,0.034,0.000000,0.000000,0.000000,0.000000,0.000000,0.000000,0,0.00
10.070000,-0.019,-0.051158,-0.051158,4.321,7.00,-0.053736,0.038041,0.015951,-0.002835,0.019,0.034,0.000000,0.000000,0.000000,0.000000,0.000000,0.000000,0,0.00
10.080000,-0.019,-0.050893,-0.050893,4.321,7.00,-0.053477,0.037927,0.015986,-0.003020,0.019,0.034,0.000000,0.000000,0.000000,0.000000,0.000000,0.000000,0,0.00
10.090000,-0.019,-0.050544,-0.050544,4.321,7.00,-0.053219,0.037811,0.016013,-0.003280,0.019,0.034,0.000000,0.000000,0.000000,0.000000,0.000000,0.000000,0,0.00
10.100000,-0.019,-0.050374,-0.050374,4.321,7.00,-0.052951,0.037692,0.016048,-0.003366,0.019,0.034,0.000000,0.000000,0.000000,0.000000,0.000000,0.000000,0,0.00
10.110000,-0.019,-0.050250,-0.050250,4.321,7.00,-0.052693,0.037575,0.016082,-0.003408,0.019,0.033,0.000000,0.000000,0.000000,0.000000,0.000000,0.000000,0,0.00
10.120000,-0.019,-0.050158,-0.050158,4.321,7.00,-0.052448,0.037463,0.016112,-0.003417,0.019,0.033,0.000000,0.000000,0.000000,0.000000,0.000000,0.000000,0,0.00
10.130000,-0.019,-0.050184,-0.050184,4.321,7.00,-0.052219,0.037355,0.016151,-0.003322,0.019,0.033,0.000000,0.000000,0.000000,0.000000,0.000000,0.000000,0,0.00
10.140000,-0.019,-0.050445,-0.050445,4.321,7.00,-0.052015,0.037257,0.016188,-0.003000,0.019,0.034,0.000000,0.000000,0.000000,0.000000,0.000000,0.000000,0,0.00
10.150000,-0.019,-0.050597,-0.050597,4.321,7.00,-0.051858,0.037171,0.016224,-0.002797,0.019,0.034,0.000000,0.000000,0.000000,0.000000,0.000000,0.000000,0,0.00
10.160000,-0.019,-0.050855,-0.050855,4.321,7.00,-0.051732,0.037091,0.016267,-0.002503,0.019,0.034,0.000000,0.000000,0.000000,0.000000,0.000000,0.000000,0,0.00
10.170000,-0.019,-0.051186,-0.051186,4.321,7.00,-0.051644,0.037018,0.016308,-0.002139,0.019,0.034,0.000000,0.000000,0.000000,0.000000,0.000000,0.000000,0,0.00
10.180000,-0.018,-0.051397,-0.051397,4.321,7.00,-0.051598,0.036950,0.016351,-0.001904,0.019,0.034,0.000000,0.000000,0.000000,0.000000,0.000000,0.000000,0,0.00
10.190000,-0.018,-0.051310,-0.051310,4.321,7.00,-0.051577,0.036839,0.016391,-0.001920,0.019,0.034,0.000000,0.000000,0.000000,0.000000,0.000000,0.000000,0,0.00
10.200000,-0.018,-0.051462,-0.051462,4.321,7.00,-0.051550,0.036771,0.016437,-0.001745,0.019,0.034,0.000000,0.000000,0.000000,0.000000,0.000000,0.000000,0,0.00
10.210000,-0.018,-0.051703,-0.051703,4.321,7.00,-0.051541,0.036741,0.016484,-0.001522,0.019,0.034,0.000000,0.000000,0.000000,0.000000,0.000000,0.000000,0,0.00
10.220000,-0.018,-0.052075,-0.052075,4.321,7.00,-0.051557,0.036740,0.016527,-0.001191,0.018,0.035,0.000000,0.000000,0.000000,0.000000,0.000000,0.000000,0,0.00
10.230000,-0.018,-0.052518,-0.052518,4.321,7.00,-0.051609,0.036755,0.016638,-0.000875,0.018,0.035,0.000000,0.000000,0.000000,0.000000,0.000000,0.000000,0,0.00
10.240000,-0.018,-0.053147,-0.053147,4.321,7.00,-0.051699,0.036771,0.016694,-0.000318,0.018,0.035,0.000000,0.000000,0.000000,0.000000,0.000000,0.000000,0,0.00
10.250000,-0.018,-0.053548,-0.053548,4.321,7.00,-0.051844,0.036787,0.016735,0.000026,0.018,0.036,0.000000,0.000000,0.000000,0.000000,0.000000,0.000000,0,0.00
10.260000,-0.018,-0.053754,-0.053754,4.321,7.00,-0.052014,0.036796,0.016776,0.000183,0.018,0.036,0.000000,0.000000,0.000000,0.000000,0.000000,0.000000,0,0.00
10.270000,-0.018,-0.053788,-0.053788,4.321,7.00,-0.052188,0.036794,0.016816,0.000178,0.018,0.036,0.000000,0.000000,0.000000,0.000000,0.000000,0.000000,0,0.00
10.280000,-0.018,-0.053716,-0.053716,4.321,7.00,-0.052347,0.036778,0.016856,0.000081,0.018,0.036,0.000000,0.000000,0.000000,0.000000,0.000000,0.000000,0,0.00
10.290000,-0.018,-0.053526,-0.053526,4.321,7.00,-0.052484,0.036749,0.016893,-0.000117,0.018,0.036,0.000000,0.000000,0.000000,0.000000,0.000000,0.000000,0,0.00
10.300000,-0.018,-0.053225,-0.053225,4.321,7.00,-0.052588,0.036705,0.016929,-0.000409,0.018,0.035,0.000000,0.000000,0.000000,0.000000,0.000000,0.000000,0,0.00
10.310000,-0.018,-0.052841,-0.052841,4.321,7.00,-0.052651,0.036645,0.016964,-0.000768,0.018,0.035,0.000000,0.000000,0.000000,0.000000,0.000000,0.000000,0,0.00
10.320000,-0.018,-0.052382,-0.052382,4.321,7.00,-0.052670,0.036568,0.016997,-0.001183,0.018,0.035,0.000000,0.000000,0.000000,0.000000,0.000000,0.000000,0,0.00
10.330000,-0.018,-0.051882,-0.051882,4.321,7.00,-0.052641,0.036475,0.017030,-0.001623,0.018,0.035,0.000000,0.000000,0.000000,0.000000,0.000000,0.000000,0,0.00
10.340000,-0.018,-0.051367,-0.051367,4.321,7.00,-0.052565,0.036367,0.017064,-0.002064,0.018,0.034,0.000000,0.000000,0.000000,0.000000,0.000000,0.000000,0,0.00
10.350000,-0.018,-0.050702,-0.050702,4.321,7.00,-0.052445,0.036247,0.017091,-0.002636,0.018,0.034,0.000000,0.000000,0.000000,0.000000,0.000000,0.000000,0,0.00
10.360000,-0.018,-0.049992,-0.049992,4.321,7.00,-0.052270,0.036113,0.017117,-0.003238,0.018,0.033,0.000000,0.000000,0.000000,0.000000,0.000000,0.000000,0,0.00
10.370000,-0.018,-0.049354,-0.049354,4.321,7.00,-0.052042,0.035966,0.017145,-0.003758,0.018,0.033,0.000000,0.000000,0.000000,0.000000,0.000000,0.000000,0,0.00
10.380000,-0.018,-0.048902,-0.048902,4.321,7.00,-0.051773,0.035810,0.017178,-0.004087,0.018,0.033,0.000000,0.000000,0.000000,0.000000,0.000000,0.000000,0,0.00
10.390000,-0.018,-0.048601,-0.048601,4.321,7.00,-0.051486,0.035651,0.017216,-0.004266,0.018,0.032,0.000000,0.000000,0.000000,0.000000,0.000000,0.000000,0,0.00
10.400000,-0.018,-0.048254,-0.048254,4.321,7.00,-0.051197,0.035491,0.017244,-0.004480,0.018,0.032,0.000000,0.000000,0.000000,0.000000,0.000000,0.000000,0,0.00
10.410000,-0.018,-0.049183,-0.049183,4.321,7.00,-0.050903,0.035486,0.017279,-0.003583,0.018,0.033,0.000000,0.000000,0.000000,0.000000,0.000000,0.000000,0,0.00
10.420000,-0.018,-0.049932,-0.049932,4.321,7.00,-0.050730,0.035445,0.017317,-0.002831,0.018,0.033,0.000000,0.000000,0.000000,0.000000,0.000000,0.000000,0,0.00
10.430000,-0.018,-0.050525,-0.050525,4.321,7.00,-0.050650,0.035397,0.017354,-0.002226,0.018,0.034,0.000000,0.000000,0.000000,0.000000,0.000000,0.000000,0,0.00
10.440000,-0.018,-0.051051,-0.051051,4.321,7.00,-0.050637,0.035348,0.017392,-0.001688,0.018,0.034,0.000000,0.000000,0.000000,0.000000,0.000000,0.000000,0,0.00
10.450000,-0.018,-0.051872,-0.051872,4.321,7.00,-0.050678,0.035303,0.017434,-0.000865,0.018,0.035,0.000000,0.000000,0.000000,0.000000,0.000000,0.000000,0,0.00
10.460000,-0.018,-0.051750,-0.051750,4.321,7.00,-0.050797,0.035272,0.017470,-0.000993,0.018,0.034,0.000000,0.000000,0.000000,0.000000,0.000000,0.000000,0,0.00
10.470000,-0.018,-0.051773,-0.051773,4.321,7.00,-0.050892,0.035234,0.017510,-0.000970,0.018,0.035,0.000000,0.000000,0.000000,0.000000,0.000000,0.000000,0,0.00
10.480000,-0.018,-0.051843,-0.051843,4.321,7.00,-0.050980,0.035194,0.017552,-0.000902,0.018,0.035,0.000000,0.000000,0.000000,0.000000,0.000000,0.000000,0,0.00
10.490000,-0.018,-0.051910,-0.051910,4.321,7.00,-0.051066,0.035154,0.017595,-0.000838,0.018,0.035,0.000000,0.000000,0.000000,0.000000,0.000000,0.000000,0,0.00
10.500000,-0.018,-0.051932,-0.051932,4.321,7.00,-0.051150,0.035114,0.017637,-0.000819,0.018,0.035,0.000000,0.000000,0.000000,0.000000,0.000000,0.000000,0,0.00
10.510000,-0.018,-0.052038,-0.052038,4.321,7.00,-0.051228,0.035065,0.017731,-0.000758,0.018,0.035,0.000000,0.000000,0.000000,0.000000,0.000000,0.000000,0,0.00
10.520000,-0.018,-0.052054,-0.052054,4.321,7.00,-0.051309,0.035013,0.017789,-0.000748,0.018,0.035,0.000000,0.000000,0.000000,0.000000,0.000000,0.000000,0,0.00
10.530000,-0.017,-0.051938,-0.051938,4.321,7.00,-0.051383,0.034950,0.017830,-0.000843,0.018,0.035,0.000000,0.000000,0.000000,0.000000,0.000000,0.000000,0,0.00
10.540000,-0.017,-0.051761,-0.051761,4.321,7.00,-0.051438,0.034879,0.017870,-0.000988,0.018,0.035,0.000000,0.000000,0.000000,0.000000,0.000000,0.000000,0,0.00
10.550000,-0.017,-0.051511,-0.051511,4.321,7.00,-0.051470,0.034801,0.017907,-0.001196,0.018,0.034,0.000000,0.000000,0.000000,0.000000,0.000000,0.000000,0,0.00
10.560000,-0.017,-0.051128,-0.051128,4.321,7.00,-0.051474,0.034716,0.017942,-0.001529,0.018,0.034,0.000000,0.000000,0.000000,0.000000,0.000000,0.000000,0,0.00
10.570000,-0.017,-0.050786,-0.050786,4.321,7.00,-0.051439,0.034623,0.017978,-0.001815,0.017,0.034,0.000000,0.000000,0.000000,0.000000,0.000000,0.000000,0,0.00
10.580000,-0.017,-0.050473,-0.050473,4.321,7.00,-0.051374,0.034524,0.018011,-0.002063,0.017,0.034,0.000000,0.000000,0.000000,0.000000,0.000000,0.000000,0,0.00
10.590000,-0.017,-0.050124,-0.050124,4.321,7.00,-0.051283,0.034423,0.018041,-0.002340,0.017,0.033,0.000000,0.000000,0.000000,0.000000,0.000000,0.000000,0,0.00
10.600000,-0.017,-0.049850,-0.049850,4.321,7.00,-0.051167,0.034318,0.018072,-0.002540,0.017,0.033,0.000000,0.000000,0.000000,0.000000,0.000000,0.000000,0,0.00
10.610000,-0.017,-0.049599,-0.049599,4.321,7.00,-0.051035,0.034213,0.018102,-0.002717,0.017,0.033,0.000000,0.000000,0.000000,0.000000,0.000000,0.000000,0,0.00
10.620000,-0.017,-0.049268,-0.049268,4.321,7.00,-0.050891,0.034108,0.018128,-0.002968,0.017,0.033,0.000000,0.000000,0.000000,0.000000,0.000000,0.000000,0,0.00
10.630000,-0.017,-0.049032,-0.049032,4.321,7.00,-0.050729,0.034003,0.018155,-0.003125,0.017,0.033,0.000000,0.000000,0.000000,0.000000,0.000000,0.000000,0,0.00
10.640000,-0.017,-0.048802,-0.048802,4.321,7.00,-0.050559,0.033900,0.018178,-0.003276,0.017,0.033,0.000000,0.000000,0.000000,0.000000,0.000000,0.000000,0,0.00
10.650000,-0.017,-0.048653,-0.048653,4.321,7.00,-0.050383,0.033802,0.018204,-0.003353,0.017,0.032,0.000000,0.000000,0.000000,0.000000,0.000000,0.000000,0,0.00
10.660000,-0.017,-0.048627,-0.048627,4.321,7.00,-0.050210,0.033710,0.018231,-0.003315,0.017,0.032,0.000000,0.000000,0.000000,0.000000,0.000000,0.000000,0,0.00
10.670000,-0.017,-0.048784,-0.048784,4.321,7.00,-0.050051,0.033628,0.018260,-0.003104,0.017,0.033,0.000000,0.000000,0.000000,0.000000,0.000000,0.000000,0,0.00
10.680000,-0.017,-0.049080,-0.049080,4.321,7.00,-0.049924,0.033565,0.018291,-0.002776,0.017,0.033,0.000000,0.000000,0.000000,0.000000,0.000000,0.000000,0,0.00
10.690000,-0.017,-0.050539,-0.050539,4.321,7.00,-0.049840,0.033668,0.018320,-0.001449,0.017,0.034,0.000000,0.000000,0.000000,0.000000,0.000000,0.000000,0,0.00
10.700000,-0.017,-0.051770,-0.051770,4.321,7.00,-0.049909,0.033751,0.018351,-0.000332,0.017,0.035,0.000000,0.000000,0.000000,0.000000,0.000000,0.000000,0,0.00
10.710000,-0.017,-0.052873,-0.052873,4.321,7.00,-0.050095,0.033838,0.018386,0.000649,0.017,0.035,0.000000,0.000000,0.000000,0.000000,0.000000,0.000000,0,0.00
10.720000,-0.017,-0.053976,-0.053976,4.321,7.00,-0.050373,0.033934,0.018419,0.001622,0.017,0.036,0.000000,0.000000,0.000000,0.000000,0.000000,0.000000,0,0.00
10.730000,-0.017,-0.055025,-0.055025,4.321,7.00,-0.050733,0.034045,0.018453,0.002527,0.017,0.037,0.000000,0.000000,0.000000,0.000000,0.000000,0.000000,0,0.00
10.740000,-0.017,-0.055135,-0.055135,4.321,7.00,-0.051162,0.034172,0.018493,0.002470,0.017,0.037,0.000000,0.000000,0.000000,0.000000,0.000000,0.000000,0,0.00
10.750000,-0.017,-0.055379,-0.055379,4.321,7.00,-0.051559,0.034291,0.018530,0.002557,0.017,0.037,0.000000,0.000000,0.000000,0.000000,0.000000,0.000000,0,0.00
10.760000,-0.017,-0.055650,-0.055650,4.321,7.00,-0.051940,0.034410,0.018569,0.002671,0.017,0.037,0.000000,0.000000,0.000000,0.000000,0.000000,0.000000,0,0.00
10.770000,-0.017,-0.055863,-0.055863,4.321,7.00,-0.052311,0.034528,0.018606,0.002728,0.017,0.037,0.000000,0.000000,0.000000,0.000000,0.000000,0.000000,0,0.00
10.780000,-0.017,-0.055943,-0.055943,4.321,7.00,-0.052666,0.034646,0.018648,0.002648,0.017,0.037,0.000000,0.000000,0.000000,0.000000,0.000000,0.000000,0,0.00
10.790000,-0.017,-0.055987,-0.055987,4.321,7.00,-0.052993,0.034752,0.018691,0.002544,0.017,0.037,0.000000,0.000000,0.000000,0.000000,0.000000,0.000000,0,0.00
10.800000,-0.017,-0.055779,-0.055779,4.321,7.00,-0.053293,0.034842,0.018800,0.002136,0.017,0.037,0.000000,0.000000,0.000000,0.000000,0.000000,0.000000,0,0.00
10.810000,-0.017,-0.055602,-0.055602,4.321,7.00,-0.053541,0.034916,0.018857,0.001829,0.017,0.037,0.000000,0.000000,0.000000,0.000000,0.000000,0.000000,0,0.00
10.820000,-0.017,-0.055446,-0.055446,4.321,7.00,-0.053747,0.034977,0.018894,0.001575,0.017,0.037,0.000000,0.000000,0.000000,0.000000,0.000000,0.000000,0,0.00
10.830000,-0.018,-0.055286,-0.055286,4.321,7.00,-0.053916,0.035028,0.018932,0.001327,0.017,0.037,0.000000,0.000000,0.000000,0.000000,0.000000,0.000000,0,0.00
10.840000,-0.018,-0.055134,-0.055134,4.321,7.00,-0.054053,0.035073,0.018974,0.001087,0.017,0.037,0.000000,0.000000,0.000000,0.000000,0.000000,0.000000,0,0.00
10.850000,-0.018,-0.055263,-0.055263,4.321,7.00,-0.054161,0.035116,0.019013,0.001134,0.017,0.037,0.000000,0.000000,0.000000,0.000000,0.000000,0.000000,0,0.00
10.860000,-0.018,-0.055353,-0.055353,4.321,7.00,-0.054271,0.035163,0.019049,0.001141,0.017,0.037,0.000000,0.000000,0.000000,0.000000,0.000000,0.000000,0,0.00
10.870000,-0.018,-0.055413,-0.055413,4.321,7.00,-0.054379,0.035216,0.019084,0.001113,0.018,0.037,0.000000,0.000000,0.000000,0.000000,0.000000,0.000000,0,0.00
10.880000,-0.018,-0.055564,-0.055564,4.321,7.00,-0.054482,0.035278,0.019122,0.001165,0.018,0.037,0.000000,0.000000,0.000000,0.000000,0.000000,0.000000,0,0.00
10.890000,-0.018,-0.055853,-0.055853,4.321,7.00,-0.054590,0.035350,0.019156,0.001347,0.018,0.037,0.000000,0.000000,0.000000,0.000000,0.000000,0.000000,0,0.00
10.900000,-0.018,-0.056272,-0.056272,4.321,7.00,-0.054716,0.035435,0.019187,0.001651,0.018,0.038,0.000000,0.000000,0.000000,0.000000,0.000000,0.000000,0,0.00
10.910000,-0.018,-0.056722,-0.056722,4.321,7.00,-0.054871,0.035535,0.019219,0.001969,0.018,0.038,0.000000,0.000000,0.000000,0.000000,0.000000,0.000000,0,0.00
10.920000,-0.018,-0.057133,-0.057133,4.321,7.00,-0.055056,0.035649,0.019258,0.002227,0.018,0.038,0.000000,0.000000,0.000000,0.000000,0.000000,0.000000,0,0.00
10.930000,-0.018,-0.057758,-0.057758,4.321,7.00,-0.055263,0.035772,0.019287,0.002699,0.018,0.039,0.000000,0.000000,0.000000,0.000000,0.000000,0.000000,0,0.00
10.940000,-0.018,-0.058396,-0.058396,4.321,7.00,-0.055513,0.035909,0.019316,0.003171,0.018,0.039,0.000000,0.000000,0.000000,0.000000,0.000000,0.000000,0,0.00
10.950000,-0.018,-0.058959,-0.058959,4.321,7.00,-0.055801,0.036060,0.019347,0.003552,0.018,0.039,0.000000,0.000000,0.000000,0.000000,0.000000,0.000000,0,0.00
10.960000,-0.018,-0.059535,-0.059535,4.321,7.00,-0.056116,0.036227,0.019380,0.003928,0.018,0.040,0.000000,0.000000,0.000000,0.000000,0.000000,0.000000,0,0.00
10.970000,-0.018,-0.060177,-0.060177,4.321,7.00,-0.056458,0.036408,0.019414,0.004355,0.018,0.040,0.000000,0.000000,0.000000,0.000000,0.000000,0.000000,0,0.00
10.980000,-0.018,-0.060651,-0.060651,4.321,7.00,-0.056829,0.036609,0.019451,0.004591,0.018,0.040,0.000000,0.000000,0.000000,0.000000,0.000000,0.000000,0,0.00
10.990000,-0.018,-0.061192,-0.061192,4.321,7.00,-0.057211,0.036820,0.019485,0.004886,0.018,0.041,0.000000,0.000000,0.000000,0.000000,0.000000,0.000000,0,0.00
11.000000,-0.019,-0.061693,-0.061693,4.321,7.00,-0.057609,0.037039,0.019521,0.005132,0.018,0.041,0.000000,0.000000,0.000000,0.000000,0.000000,0.000000,0,0.00
11.010000,-0.019,-0.062021,-0.062021,4.321,7.00,-0.058017,0.037260,0.019563,0.005198,0.018,0.041,0.000000,0.000000,0.000000,0.000000,0.000000,0.000000,0,0.00
11.020000,-0.019,-0.062377,-0.062377,4.321,7.00,-0.058417,0.037479,0.019602,0.005296,0.018,0.042,0.000000,0.000000,0.000000,0.000000,0.000000,0.000000,0,0.00
11.030000,-0.019,-0.062603,-0.062603,4.321,7.00,-0.058813,0.037695,0.019644,0.005264,0.018,0.042,0.000000,0.000000,0.000000,0.000000,0.000000,0.000000,0,0.00
11.040000,-0.019,-0.062676,-0.062676,4.321,7.00,-0.059192,0.037904,0.019686,0.005086,0.019,0.042,0.000000,0.000000,0.000000,0.000000,0.000000,0.000000,0,0.00
11.050000,-0.019,-0.062609,-0.062609,4.321,7.00,-0.059540,0.038104,0.019733,0.004772,0.019,0.042,0.000000,0.000000,0.000000,0.000000,0.000000,0.000000,0,0.00
11.060000,-0.019,-0.062601,-0.062601,4.321,7.00,-0.059846,0.038292,0.019781,0.004529,0.019,0.042,0.000000,0.000000,0.000000,0.000000,0.000000,0.000000,0,0.00
11.070000,-0.019,-0.062120,-0.062120,4.321,7.00,-0.060122,0.038461,0.019899,0.003760,0.019,0.041,0.000000,0.000000,0.000000,0.000000,0.000000,0.000000,0,0.00
11.080000,-0.019,-0.061776,-0.061776,4.321,7.00,-0.060321,0.038600,0.019962,0.003214,0.019,0.041,0.000000,0.000000,0.000000,0.000000,0.000000,0.000000,0,0.00
11.090000,-0.019,-0.061470,-0.061470,4.321,7.00,-0.060466,0.038719,0.020010,0.002741,0.019,0.041,0.000000,0.000000,0.000000,0.000000,0.000000,0.000000,0,0.00
11.100000,-0.019,-0.061260,-0.061260,4.321,7.00,-0.060566,0.038823,0.020054,0.002383,0.019,0.041,0.000000,0.000000,0.000000,0.000000,0.000000,0.000000,0,0.00
11.110000,-0.019,-0.061055,-0.061055,4.321,7.00,-0.060636,0.038917,0.020100,0.002038,0.019,0.041,0.000000,0.000000,0.000000,0.000000,0.000000,0.000000,0,0.00
11.120000,-0.020,-0.061310,-0.061310,4.321,7.00,-0.060677,0.039005,0.020143,0.002163,0.019,0.041,0.000000,0.000000,0.000000,0.000000,0.000000,0.000000,0,0.00
11.130000,-0.020,-0.061442,-0.061442,4.321,7.00,-0.060740,0.039097,0.020186,0.002159,0.019,0.041,0.000000,0.000000,0.000000,0.000000,0.000000,0.000000,0,0.00
11.140000,-0.020,-0.061560,-0.061560,4.321,7.00,-0.060810,0.039191,0.020225,0.002144,0.019,0.041,0.000000,0.000000,0.000000,0.000000,0.000000,0.000000,0,0.00
11.150000,-0.020,-0.061727,-0.061727,4.321,7.00,-0.060885,0.039287,0.020264,0.002176,0.019,0.041,0.000000,0.000000,0.000000,0.000000,0.000000,0.000000,0,0.00
11.160000,-0.020,-0.061923,-0.061923,4.321,7.00,-0.060969,0.039385,0.020306,0.002232,0.020,0.041,0.000000,0.000000,0.000000,0.000000,0.000000,0.000000,0,0.00
11.170000,-0.020,-0.062238,-0.062238,4.321,7.00,-0.061064,0.039484,0.020339,0.002414,0.020,0.041,0.000000,0.000000,0.000000,0.000000,0.000000,0.000000,0,0.00
11.180000,-0.020,-0.062553,-0.062553,4.321,7.00,-0.061181,0.039587,0.020374,0.002591,0.020,0.042,0.000000,0.000000,0.000000,0.000000,0.000000,0.000000,0,0.00
11.190000,-0.020,-0.062819,-0.062819,4.321,7.00,-0.061318,0.039693,0.020409,0.002717,0.020,0.042,0.000000,0.000000,0.000000,0.000000,0.000000,0.000000,0,0.00
11.200000,-0.020,-0.063081,-0.063081,4.321,7.00,-0.061468,0.039798,0.020444,0.002839,0.020,0.042,0.000000,0.000000,0.000000,0.000000,0.000000,0.000000,0,0.00
11.210000,-0.020,-0.063341,-0.063341,4.321,7.00,-0.061629,0.039902,0.020479,0.002959,0.020,0.042,0.000000,0.000000,0.000000,0.000000,0.000000,0.000000,0,0.00
11.220000,-0.020,-0.063468,-0.063468,4.321,7.00,-0.061800,0.040004,0.020515,0.002949,0.020,0.042,0.000000,0.000000,0.000000,0.000000,0.000000,0.000000,0,0.00
11.230000,-0.020,-0.063542,-0.063542,4.321,7.00,-0.061966,0.040099,0.020550,0.002893,0.020,0.042,0.000000,0.000000,0.000000,0.000000,0.000000,0.000000,0,0.00
11.240000,-0.020,-0.063534,-0.063534,4.321,7.00,-0.062123,0.040187,0.020588,0.002759,0.020,0.042,0.000000,0.000000,0.000000,0.000000,0.000000,0.000000,0,0.00
11.250000,-0.020,-0.063349,-0.063349,4.321,7.00,-0.062264,0.040248,0.020627,0.002475,0.020,0.042,0.000000,0.000000,0.000000,0.000000,0.000000,0.000000,0,0.00
11.260000,-0.020,-0.063114,-0.063114,4.321,7.00,-0.062372,0.040298,0.020666,0.002151,0.020,0.042,0.000000,0.000000,0.000000,0.000000,0.000000,0.000000,0,0.00
11.270000,-0.020,-0.062971,-0.062971,4.321,7.00,-0.062446,0.040366,0.020709,0.001896,0.020,0.042,0.000000,0.000000,0.000000,0.000000,0.000000,0.000000,0,0.00
11.280000,-0.020,-0.062825,-0.062825,4.321,7.00,-0.062498,0.040429,0.020754,0.001643,0.020,0.042,0.000000,0.000000,0.000000,0.000000,0.000000,0.000000,0,0.00
11.290000,-0.020,-0.062705,-0.062705,4.321,7.00,-0.062531,0.040484,0.020801,0.001420,0.020,0.042,0.000000,0.000000,0.000000,0.000000,0.000000,0.000000,0,0.00
11.300000,-0.020,-0.062686,-0.062686,4.321,7.00,-0.062548,0.040532,0.020847,0.001308,0.020,0.042,0.000000,0.000000,0.000000,0.000000,0.000000,0.000000,0,0.00
11.310000,-0.020,-0.062687,-0.062687,4.321,7.00,-0.062561,0.040572,0.020895,0.001220,0.020,0.042,0.000000,0.000000,0.000000,0.000000,0.000000,0.000000,0,0.00
11.320000,-0.020,-0.062585,-0.062585,4.321,7.00,-0.062574,0.040605,0.020946,0.001034,0.020,0.042,0.000000,0.000000,0.000000,0.000000,0.000000,0.000000,0,0.00
11.330000,-0.020,-0.062472,-0.062472,4.321,7.00,-0.062575,0.040629,0.020993,0.000850,0.020,0.042,0.000000,0.000000,0.000000,0.000000,0.000000,0.000000,0,0.00
11.340000,-0.020,-0.062381,-0.062381,4.321,7.00,-0.062564,0.040643,0.021102,0.000636,0.020,0.042,0.000000,0.000000,0.000000,0.000000,0.000000,0.000000,0,0.00
11.350000,-0.020,-0.062210,-0.062210,4.321,7.00,-0.062545,0.040638,0.021161,0.000411,0.020,0.041,0.000000,0.000000,0.000000,0.000000,0.000000,0.000000,0,0.00
11.360000,-0.020,-0.061924,-0.061924,4.321,7.00,-0.062512,0.040609,0.021205,0.000110,0.020,0.041,0.000000,0.000000,0.000000,0.000000,0.000000,0.000000,0,0.00
11.370000,-0.020,-0.061563,-0.061563,4.321,7.00,-0.062452,0.040560,0.021249,-0.000247,0.020,0.041,0.000000,0.000000,0.000000,0.000000,0.000000,0.000000,0,0.00
11.380000,-0.020,-0.061140,-0.061140,4.321,7.00,-0.062363,0.040493,0.021295,-0.000647,0.020,0.041,0.000000,0.000000,0.000000,0.000000,0.000000,0.000000,0,0.00
11.390000,-0.020,-0.060690,-0.060690,4.321,7.00,-0.062241,0.040408,0.021339,-0.001057,0.020,0.040,0.000000,0.000000,0.000000,0.000000,0.000000,0.000000,0,0.00
11.400000,-0.020,-0.060129,-0.060129,4.321,7.00,-0.062085,0.040308,0.021378,-0.001557,0.020,0.040,0.000000,0.000000,0.000000,0.000000,0.000000,0.000000,0,0.00
11.410000,-0.020,-0.059586,-0.059586,4.321,7.00,-0.061889,0.040191,0.021418,-0.002023,0.020,0.040,0.000000,0.000000,0.000000,0.000000,0.000000,0.000000,0,0.00
11.420000,-0.020,-0.059074,-0.059074,4.321,7.00,-0.061659,0.040059,0.021459,-0.002444,0.020,0.039,0.000000,0.000000,0.000000,0.000000,0.000000,0.000000,0,0.00
11.430000,-0.020,-0.058552,-0.058552,4.321,7.00,-0.061400,0.039914,0.021499,-0.002861,0.020,0.039,0.000000,0.000000,0.000000,0.000000,0.000000,0.000000,0,0.00
11.440000,-0.020,-0.057892,-0.057892,4.321,7.00,-0.061115,0.039758,0.021533,-0.003399,0.020,0.039,0.000000,0.000000,0.000000,0.000000,0.000000,0.000000,0,0.00
11.450000,-0.020,-0.057338,-0.057338,4.321,7.00,-0.060792,0.039588,0.021568,-0.003819,0.020,0.038,0.000000,0.000000,0.000000,0.000000,0.000000,0.000000,0,0.00
11.460000,-0.020,-0.056734,-0.056734,4.321,7.00,-0.060447,0.039409,0.021602,-0.004276,0.020,0.038,0.000000,0.000000,0.000000,0.000000,0.000000,0.000000,0,0.00
11.470000,-0.020,-0.055982,-0.055982,4.321,7.00,-0.060075,0.039219,0.021632,-0.004870,0.020,0.037,0.000000,0.000000,0.000000,0.000000,0.000000,0.000000,0,0.00
11.480000,-0.020,-0.055283,-0.055283,4.321,7.00,-0.059665,0.039023,0.021663,-0.005402,0.020,0.037,0.000000,0.000000,0.000000,0.000000,0.000000,0.000000,0,0.00
11.490000,-0.019,-0.055009,-0.055009,4.321,7.00,-0.059227,0.038820,0.021701,-0.005511,0.020,0.037,0.000000,0.000000,0.000000,0.000000,0.000000,0.000000,0,0.00
11.500000,-0.019,-0.054641,-0.054641,4.321,7.00,-0.058805,0.038621,0.021735,-0.005714,0.020,0.036,0.000000,0.000000,0.000000,0.000000,0.000000,0.000000,0,0.00
11.510000,-0.019,-0.054435,-0.054435,4.321,7.00,-0.058388,0.038425,0.021769,-0.005759,0.020,0.036,0.000000,0.000000,0.000000,0.000000,0.000000,0.000000,0,0.00
11.520000,-0.019,-0.054633,-0.054633,4.321,7.00,-0.057993,0.038245,0.021807,-0.005420,0.020,0.036,0.000000,0.000000,0.000000,0.000000,0.000000,0.000000,0,0.00
11.530000,-0.019,-0.054942,-0.054942,4.321,7.00,-0.057656,0.038090,0.021843,-0.004992,0.019,0.037,0.000000,0.000000,0.000000,0.000000,0.000000,0.000000,0,0.00
11.540000,-0.019,-0.055158,-0.055158,4.321,7.00,-0.057384,0.037951,0.021880,-0.004673,0.019,0.037,0.000000,0.000000,0.000000,0.000000,0.000000,0.000000,0,0.00
11.550000,-0.019,-0.055603,-0.055603,4.321,7.00,-0.057162,0.037821,0.021921,-0.004139,0.019,0.037,0.000000,0.000000,0.000000,0.000000,0.000000,0.000000,0,0.00
11.560000,-0.019,-0.056135,-0.056135,4.321,7.00,-0.057005,0.037719,0.021959,-0.003543,0.019,0.037,0.000000,0.000000,0.000000,0.000000,0.000000,0.000000,0,0.00
11.570000,-0.019,-0.056644,-0.056644,4.321,7.00,-0.056918,0.037637,0.022003,-0.002996,0.019,0.038,0.000000,0.000000,0.000000,0.000000,0.000000,0.000000,0,0.00
11.580000,-0.019,-0.057154,-0.057154,4.321,7.00,-0.056890,0.037570,0.022046,-0.002462,0.019,0.038,0.000000,0.000000,0.000000,0.000000,0.000000,0.000000,0,0.00
11.590000,-0.019,-0.057638,-0.057638,4.321,7.00,-0.056916,0.037513,0.022095,-0.001970,0.019,0.038,0.000000,0.000000,0.000000,0.000000,0.000000,0.000000,0,0.00
11.600000,-0.019,-0.058000,-0.058000,4.321,7.00,-0.056988,0.037458,0.022140,-0.001597,0.019,0.039,0.000000,0.000000,0.000000,0.000000,0.000000,0.000000,0,0.00
11.610000,-0.019,-0.058254,-0.058254,4.321,7.00,-0.057089,0.037400,0.022185,-0.001331,0.019,0.039,0.000000,0.000000,0.000000,0.000000,0.000000,0.000000,0,0.00
11.620000,-0.019,-0.058545,-0.058545,4.321,7.00,-0.057205,0.037336,0.022297,-0.001088,0.019,0.039,0.000000,0.000000,0.000000,0.000000,0.000000,0.000000,0,0.00
11.630000,-0.019,-0.058459,-0.058459,4.321,7.00,-0.057339,0.037237,0.022352,-0.001130,0.019,0.039,0.000000,0.000000,0.000000,0.000000,0.000000,0.000000,0,0.00
11.640000,-0.019,-0.058048,-0.058048,4.321,7.00,-0.057451,0.037118,0.022392,-0.001462,0.019,0.039,0.000000,0.000000,0.000000,0.000000,0.000000,0.000000,0,0.00
11.650000,-0.018,-0.057541,-0.057541,4.321,7.00,-0.057510,0.036978,0.022433,-0.001869,0.019,0.038,0.000000,0.000000,0.000000,0.000000,0.000000,0.000000,0,0.00
11.660000,-0.018,-0.056959,-0.056959,4.321,7.00,-0.057513,0.036819,0.022474,-0.002334,0.019,0.038,0.000000,0.000000,0.000000,0.000000,0.000000,0.000000,0,0.00
11.670000,-0.018,-0.056076,-0.056076,4.321,7.00,-0.057457,0.036635,0.022514,-0.003074,0.019,0.037,0.000000,0.000000,0.000000,0.000000,0.000000,0.000000,0,0.00
11.680000,-0.018,-0.055115,-0.055115,4.321,7.00,-0.057319,0.036423,0.022549,-0.003857,0.019,0.037,0.000000,0.000000,0.000000,0.000000,0.000000,0.000000,0,0.00
11.690000,-0.018,-0.054370,-0.054370,4.321,7.00,-0.057098,0.036186,0.022588,-0.004403,0.018,0.036,0.000000,0.000000,0.000000,0.000000,0.000000,0.000000,0,0.00
11.700000,-0.018,-0.053508,-0.053508,4.321,7.00,-0.056825,0.035932,0.022623,-0.005048,0.018,0.036,0.000000,0.000000,0.000000,0.000000,0.000000,0.000000,0,0.00
11.710000,-0.018,-0.052443,-0.052443,4.321,7.00,-0.056493,0.035661,0.022655,-0.005873,0.018,0.035,0.000000,0.000000,0.000000,0.000000,0.000000,0.000000,0,0.00
11.720000,-0.018,-0.051379,-0.051379,4.321,7.00,-0.056088,0.035373,0.022686,-0.006680,0.018,0.034,0.000000,0.000000,0.000000,0.000000,0.000000,0.000000,0,0.00
11.730000,-0.018,-0.050494,-0.050494,4.321,7.00,-0.055617,0.035069,0.022717,-0.007292,0.018,0.034,0.000000,0.000000,0.000000,0.000000,0.000000,0.000000,0,0.00
11.740000,-0.017,-0.049213,-0.049213,4.321,7.00,-0.055104,0.034757,0.022742,-0.008286,0.018,0.033,0.000000,0.000000,0.000000,0.000000,0.000000,0.000000,0,0.00
11.750000,-0.017,-0.048120,-0.048120,4.321,7.00,-0.054515,0.034429,0.022770,-0.009079,0.018,0.032,0.000000,0.000000,0.000000,0.000000,0.000000,0.000000,0,0.00
11.760000,-0.017,-0.047264,-0.047264,4.321,7.00,-0.053875,0.034092,0.022797,-0.009626,0.018,0.032,0.000000,0.000000,0.000000,0.000000,0.000000,0.000000,0,0.00
11.770000,-0.017,-0.046581,-0.046581,4.321,7.00,-0.053213,0.033754,0.022826,-0.009998,0.018,0.031,0.000000,0.000000,0.000000,0.000000,0.000000,0.000000,0,0.00
11.780000,-0.017,-0.046198,-0.046198,4.321,7.00,-0.052550,0.033414,0.022857,-0.010073,0.017,0.031,0.000000,0.000000,0.000000,0.000000,0.000000,0.000000,0,0.00
11.790000,-0.017,-0.046278,-0.046278,4.321,7.00,-0.051914,0.033084,0.022889,-0.009694,0.017,0.031,0.000000,0.000000,0.000000,0.000000,0.000000,0.000000,0,0.00
11.800000,-0.016,-0.046440,-0.046440,4.321,7.00,-0.051351,0.032771,0.022920,-0.009252,0.017,0.031,0.000000,0.000000,0.000000,0.000000,0.000000,0.000000,0,0.00
11.810000,-0.016,-0.046865,-0.046865,4.321,7.00,-0.050859,0.032476,0.022955,-0.008566,0.017,0.031,0.000000,0.000000,0.000000,0.000000,0.000000,0.000000,0,0.00
11.820000,-0.016,-0.047262,-0.047262,4.321,7.00,-0.050459,0.032200,0.022987,-0.007925,0.017,0.032,0.000000,0.000000,0.000000,0.000000,0.000000,0.000000,0,0.00
11.830000,-0.016,-0.047794,-0.047794,4.321,7.00,-0.050139,0.031959,0.023023,-0.007189,0.017,0.032,0.000000,0.000000,0.000000,0.000000,0.000000,0.000000,0,0.00
11.840000,-0.016,-0.048290,-0.048290,4.321,7.00,-0.049904,0.031741,0.023057,-0.006508,0.016,0.032,0.000000,0.000000,0.000000,0.000000,0.000000,0.000000,0,0.00
11.850000,-0.016,-0.048835,-0.048835,4.321,7.00,-0.049743,0.031544,0.023090,-0.005799,0.016,0.033,0.000000,0.000000,0.000000,0.000000,0.000000,0.000000,0,0.00
11.860000,-0.016,-0.049258,-0.049258,4.321,7.00,-0.049651,0.031358,0.023126,-0.005225,0.016,0.033,0.000000,0.000000,0.000000,0.000000,0.000000,0.000000,0,0.00
11.870000,-0.016,-0.049776,-0.049776,4.321,7.00,-0.049612,0.031183,0.023163,-0.004571,0.016,0.033,0.000000,0.000000,0.000000,0.000000,0.000000,0.000000,0,0.00
11.880000,-0.016,-0.050054,-0.050054,4.321,7.00,-0.049628,0.031018,0.023202,-0.004165,0.016,0.033,0.000000,0.000000,0.000000,0.000000,0.000000,0.000000,0,0.00
11.890000,-0.015,-0.050277,-0.050277,4.321,7.00,-0.049670,0.030855,0.023239,-0.003816,0.016,0.034,0.000000,0.000000,0.000000,0.000000,0.000000,0.000000,0,0.00
11.900000,-0.015,-0.050816,-0.050816,4.321,7.00,-0.049731,0.030691,0.023321,-0.003196,0.016,0.034,0.000000,0.000000,0.000000,0.000000,0.000000,0.000000,0,0.00
11.910000,-0.015,-0.051123,-0.051123,4.321,7.00,-0.049839,0.030523,0.023384,-0.002784,0.016,0.034,0.000000,0.000000,0.000000,0.000000,0.000000,0.000000,0,0.00
11.920000,-0.015,-0.050905,-0.050905,4.321,7.00,-0.049967,0.030346,0.023418,-0.002859,0.016,0.034,0.000000,0.000000,0.000000,0.000000,0.000000,0.000000,0,0.00
11.930000,-0.015,-0.050507,-0.050507,4.321,7.00,-0.050061,0.030148,0.023451,-0.003093,0.015,0.034,0.000000,0.000000,0.000000,0.000000,0.000000,0.000000,0,0.00
11.940000,-0.015,-0.050059,-0.050059,4.321,7.00,-0.050105,0.029930,0.023485,-0.003356,0.015,0.033,0.000000,0.000000,0.000000,0.000000,0.000000,0.000000,0,0.00
11.950000,-0.015,-0.048991,-0.048991,4.321,7.00,-0.050100,0.029694,0.023516,-0.004218,0.015,0.033,0.000000,0.000000,0.000000,0.000000,0.000000,0.000000,0,0.00
11.960000,-0.015,-0.047786,-0.047786,4.321,7.00,-0.049989,0.029432,0.023543,-0.005190,0.015,0.032,0.000000,0.000000,0.000000,0.000000,0.000000,0.000000,0,0.00
11.970000,-0.015,-0.046899,-0.046899,4.321,7.00,-0.049768,0.029147,0.023572,-0.005820,0.015,0.031,0.000000,0.000000,0.000000,0.000000,0.000000,0.000000,0,0.00
11.980000,-0.014,-0.045829,-0.045829,4.321,7.00,-0.049481,0.028848,0.023598,-0.006617,0.015,0.031,0.000000,0.000000,0.000000,0.000000,0.000000,0.000000,0,0.00
11.990000,-0.014,-0.044750,-0.044750,4.321,7.00,-0.049116,0.028536,0.023624,-0.007409,0.015,0.030,0.000000,0.000000,0.000000,0.000000,0.000000,0.000000,0,0.00
12.000000,-0.014,-0.044021,-0.044021,4.321,7.00,-0.048679,0.028212,0.023652,-0.007843,0.015,0.029,0.000000,0.000000,0.000000,0.000000,0.000000,0.000000,0,0.00
12.010000,-0.014,-0.042750,-0.042750,4.321,7.00,-0.048213,0.027886,0.023672,-0.008808,0.015,0.028,0.000000,0.000000,0.000000,0.000000,0.000000,0.000000,0,0.00
12.020000,-0.014,-0.041869,-0.041869,4.321,7.00,-0.047666,0.027549,0.023695,-0.009374,0.014,0.028,0.000000,0.000000,0.000000,0.000000,0.000000,0.000000,0,0.00
12.030000,-0.014,-0.041140,-0.041140,4.321,7.00,-0.047086,0.027217,0.023716,-0.009793,0.014,0.027,0.000000,0.000000,0.000000,0.000000,0.000000,0.000000,0,0.00
12.040000,-0.013,-0.040434,-0.040434,4.321,7.00,-0.046491,0.026894,0.023736,-0.010196,0.014,0.027,0.000000,0.000000,0.000000,0.000000,0.000000,0.000000,0,0.00
12.050000,-0.013,-0.039771,-0.039771,4.321,7.00,-0.045885,0.026580,0.023758,-0.010566,0.014,0.027,0.000000,0.000000,0.000000,0.000000,0.000000,0.000000,0,0.00
12.060000,-0.013,-0.040274,-0.040274,4.321,7.00,-0.045274,0.026276,0.023783,-0.009785,0.014,0.027,0.000000,0.000000,0.000000,0.000000,0.000000,0.000000,0,0.00
12.070000,-0.013,-0.040549,-0.040549,4.321,7.00,-0.044773,0.026007,0.023807,-0.009265,0.014,0.027,0.000000,0.000000,0.000000,0.000000,0.000000,0.000000,0,0.00
12.080000,-0.013,-0.041025,-0.041025,4.321,7.00,-0.044351,0.025764,0.023829,-0.008568,0.013,0.027,0.000000,0.000000,0.000000,0.000000,0.000000,0.000000,0,0.00
12.090000,-0.013,-0.041997,-0.041997,4.321,7.00,-0.044018,0.025551,0.023857,-0.007411,0.013,0.028,0.000000,0.000000,0.000000,0.000000,0.000000,0.000000,0,0.00
12.100000,-0.013,-0.042965,-0.042965,4.321,7.00,-0.043816,0.025374,0.023883,-0.006292,0.013,0.029,0.000000,0.000000,0.000000,0.000000,0.000000,0.000000,0,0.00
12.110000,-0.013,-0.043663,-0.043663,4.321,7.00,-0.043730,0.025234,0.023907,-0.005478,0.013,0.029,0.000000,0.000000,0.000000,0.000000,0.000000,0.000000,0,0.00
12.120000,-0.013,-0.044558,-0.044558,4.321,7.00,-0.043723,0.025123,0.023934,-0.004500,0.013,0.030,0.000000,0.000000,0.000000,0.000000,0.000000,0.000000,0,0.00
12.130000,-0.013,-0.045549,-0.045549,4.321,7.00,-0.043806,0.025041,0.023962,-0.003454,0.013,0.030,0.000000,0.000000,0.000000,0.000000,0.000000,0.000000,0,0.00
12.140000,-0.012,-0.046246,-0.046246,4.321,7.00,-0.043980,0.024982,0.023991,-0.002727,0.013,0.031,0.000000,0.000000,0.000000,0.000000,0.000000,0.000000,0,0.00
12.150000,-0.012,-0.046952,-0.046952,4.321,7.00,-0.044207,0.024952,0.024017,-0.002017,0.013,0.031,0.000000,0.000000,0.000000,0.000000,0.000000,0.000000,0,0.00
12.160000,-0.012,-0.047680,-0.047680,4.321,7.00,-0.044481,0.024942,0.024048,-0.001311,0.013,0.032,0.000000,0.000000,0.000000,0.000000,0.000000,0.000000,0,0.00
12.170000,-0.012,-0.048248,-0.048248,4.321,7.00,-0.044801,0.024949,0.024077,-0.000778,0.013,0.032,0.000000,0.000000,0.000000,0.000000,0.000000,0.000000,0,0.00
12.180000,-0.012,-0.048729,-0.048729,4.321,7.00,-0.045145,0.024966,0.024140,-0.000377,0.012,0.032,0.000000,0.000000,0.000000,0.000000,0.000000,0.000000,0,0.00
12.190000,-0.012,-0.049124,-0.049124,4.321,7.00,-0.045503,0.024989,0.024178,-0.000043,0.012,0.033,0.000000,0.000000,0.000000,0.000000,0.000000,0.000000,0,0.00
12.200000,-0.012,-0.049349,-0.049349,4.321,7.00,-0.045865,0.024999,0.024205,0.000145,0.012,0.033,0.000000,0.000000,0.000000,0.000000,0.000000,0.000000,0,0.00
12.210000,-0.012,-0.049411,-0.049411,4.321,7.00,-0.046213,0.024998,0.024233,0.000180,0.012,0.033,0.000000,0.000000,0.000000,0.000000,0.000000,0.000000,0,0.00
12.220000,-0.012,-0.049310,-0.049310,4.321,7.00,-0.046533,0.024980,0.024260,0.000070,0.012,0.033,0.000000,0.000000,0.000000,0.000000,0.000000,0.000000,0,0.00
12.230000,-0.012,-0.049104,-0.049104,4.321,7.00,-0.046810,0.024948,0.024284,-0.000128,0.012,0.033,0.000000,0.000000,0.000000,0.000000,0.000000,0.000000,0,0.00
12.240000,-0.012,-0.048790,-0.048790,4.321,7.00,-0.047039,0.024903,0.024310,-0.000423,0.012,0.033,0.000000,0.000000,0.000000,0.000000,0.000000,0.000000,0,0.00
12.250000,-0.012,-0.048437,-0.048437,4.321,7.00,-0.047214,0.024849,0.024334,-0.000745,0.012,0.032,0.000000,0.000000,0.000000,0.000000,0.000000,0.000000,0,0.00
12.260000,-0.012,-0.048024,-0.048024,4.321,7.00,-0.047336,0.024785,0.024355,-0.001116,0.012,0.032,0.000000,0.000000,0.000000,0.000000,0.000000,0.000000,0,0.00
12.270000,-0.012,-0.047673,-0.047673,4.321,7.00,-0.047405,0.024716,0.024377,-0.001420,0.012,0.032,0.000000,0.000000,0.000000,0.000000,0.000000,0.000000,0,0.00
12.280000,-0.012,-0.047415,-0.047415,4.321,7.00,-0.047431,0.024643,0.024401,-0.001630,0.012,0.032,0.000000,0.000000,0.000000,0.000000,0.000000,0.000000,0,0.00
12.290000,-0.012,-0.047084,-0.047084,4.321,7.00,-0.047429,0.024570,0.024419,-0.001906,0.012,0.031,0.000000,0.000000,0.000000,0.000000,0.000000,0.000000,0,0.00
12.300000,-0.012,-0.046865,-0.046865,4.321,7.00,-0.047395,0.024498,0.024439,-0.002072,0.012,0.031,0.000000,0.000000,0.000000,0.000000,0.000000,0.000000,0,0.00
12.310000,-0.012,-0.046788,-0.046788,4.321,7.00,-0.047342,0.024430,0.024460,-0.002102,0.012,0.031,0.000000,0.000000,0.000000,0.000000,0.000000,0.000000,0,0.00
12.320000,-0.012,-0.046759,-0.046759,4.321,7.00,-0.047286,0.024369,0.024480,-0.002090,0.012,0.031,0.000000,0.000000,0.000000,0.000000,0.000000,0.000000,0,0.00
12.330000,-0.012,-0.046790,-0.046790,4.321,7.00,-0.047233,0.024317,0.024500,-0.002027,0.012,0.031,0.000000,0.000000,0.000000,0.000000,0.000000,0.000000,0,0.00
12.340000,-0.012,-0.047012,-0.047012,4.321,7.00,-0.047188,0.024273,0.024521,-0.001782,0.012,0.031,0.000000,0.000000,0.000000,0.000000,0.000000,0.000000,0,0.00
12.350000,-0.012,-0.047281,-0.047281,4.321,7.00,-0.047171,0.024243,0.024543,-0.001506,0.012,0.032,0.000000,0.000000,0.000000,0.000000,0.000000,0.000000,0,0.00
12.360000,-0.012,-0.047593,-0.047593,4.321,7.00,-0.047181,0.024226,0.024565,-0.001198,0.012,0.032,0.000000,0.000000,0.000000,0.000000,0.000000,0.000000,0,0.00
12.370000,-0.012,-0.047966,-0.047966,4.321,7.00,-0.047222,0.024221,0.024591,-0.000846,0.012,0.032,0.000000,0.000000,0.000000,0.000000,0.000000,0.000000,0,0.00
12.380000,-0.012,-0.048348,-0.048348,4.321,7.00,-0.047296,0.024229,0.024615,-0.000496,0.012,0.032,0.000000,0.000000,0.000000,0.000000,0.000000,0.000000,0,0.00
12.390000,-0.012,-0.048738,-0.048738,4.321,7.00,-0.047401,0.024249,0.024640,-0.000151,0.012,0.032,0.000000,0.000000,0.000000,0.000000,0.000000,0.000000,0,0.00
12.400000,-0.012,-0.049095,-0.049095,4.321,7.00,-0.047535,0.024278,0.024668,0.000149,0.012,0.033,0.000000,0.000000,0.000000,0.000000,0.000000,0.000000,0,0.00
12.410000,-0.012,-0.049430,-0.049430,4.321,7.00,-0.047691,0.024317,0.024695,0.000418,0.012,0.033,0.000000,0.000000,0.000000,0.000000,0.000000,0.000000,0,0.00
12.420000,-0.012,-0.049763,-0.049763,4.321,7.00,-0.047864,0.024369,0.024722,0.000672,0.012,0.033,0.000000,0.000000,0.000000,0.000000,0.000000,0.000000,0,0.00
12.430000,-0.012,-0.050093,-0.050093,4.321,7.00,-0.048054,0.024430,0.024749,0.000913,0.012,0.033,0.000000,0.000000,0.000000,0.000000,0.000000,0.000000,0,0.00
12.440000,-0.012,-0.050366,-0.050366,4.321,7.00,-0.048257,0.024498,0.024779,0.001089,0.012,0.034,0.000000,0.000000,0.000000,0.000000,0.000000,0.000000,0,0.00
12.450000,-0.012,-0.050696,-0.050696,4.321,7.00,-0.048468,0.024581,0.024809,0.001306,0.012,0.034,0.000000,0.000000,0.000000,0.000000,0.000000,0.000000,0,0.00
12.460000,-0.012,-0.050953,-0.050953,4.321,7.00,-0.048691,0.024675,0.024848,0.001430,0.012,0.034,0.000000,0.000000,0.000000,0.000000,0.000000,0.000000,0,0.00
12.470000,-0.012,-0.051071,-0.051071,4.321,7.00,-0.048917,0.024774,0.024914,0.001382,0.012,0.034,0.000000,0.000000,0.000000,0.000000,0.000000,0.000000,0,0.00
12.480000,-0.012,-0.051633,-0.051633,4.321,7.00,-0.049132,0.024873,0.024931,0.001828,0.012,0.034,0.000000,0.000000,0.000000,0.000000,0.000000,0.000000,0,0.00
12.490000,-0.012,-0.052011,-0.052011,4.321,7.00,-0.049382,0.024979,0.024957,0.002075,0.012,0.035,0.000000,0.000000,0.000000,0.000000,0.000000,0.000000,0,0.00
12.500000,-0.013,-0.052210,-0.052210,4.321,7.00,-0.049644,0.025073,0.024984,0.002154,0.012,0.035,0.000000,0.000000,0.000000,0.000000,0.000000,0.000000,0,0.00
12.510000,-0.013,-0.052433,-0.052433,4.321,7.00,-0.049901,0.025155,0.025010,0.002268,0.012,0.035,0.000000,0.000000,0.000000,0.000000,0.000000,0.000000,0,0.00
12.520000,-0.013,-0.052672,-0.052672,4.321,7.00,-0.050154,0.025223,0.025035,0.002414,0.012,0.035,0.000000,0.000000,0.000000,0.000000,0.000000,0.000000,0,0.00
12.530000,-0.013,-0.052327,-0.052327,4.321,7.00,-0.050405,0.025279,0.025059,0.001989,0.012,0.035,0.000000,0.000000,0.000000,0.000000,0.000000,0.000000,0,0.00
12.540000,-0.013,-0.052090,-0.052090,4.321,7.00,-0.050597,0.025318,0.025081,0.001690,0.013,0.035,0.000000,0.000000,0.000000,0.000000,0.000000,0.000000,0,0.00
12.550000,-0.013,-0.051904,-0.051904,4.321,7.00,-0.050746,0.025350,0.025103,0.001451,0.013,0.035,0.000000,0.000000,0.000000,0.000000,0.000000,0.000000,0,0.00
12.560000,-0.013,-0.051695,-0.051695,4.321,7.00,-0.050862,0.025378,0.025126,0.001190,0.013,0.034,0.000000,0.000000,0.000000,0.000000,0.000000,0.000000,0,0.00
12.570000,-0.013,-0.051568,-0.051568,4.321,7.00,-0.050945,0.025401,0.025144,0.001024,0.013,0.034,0.000000,0.000000,0.000000,0.000000,0.000000,0.000000,0,0.00
12.580000,-0.013,-0.051426,-0.051426,4.321,7.00,-0.051007,0.025421,0.025165,0.000841,0.013,0.034,0.000000,0.000000,0.000000,0.000000,0.000000,0.000000,0,0.00
12.590000,-0.013,-0.051352,-0.051352,4.321,7.00,-0.051049,0.025437,0.025185,0.000730,0.013,0.034,0.000000,0.000000,0.000000,0.000000,0.000000,0.000000,0,0.00
12.600000,-0.013,-0.051289,-0.051289,4.321,7.00,-0.051079,0.025453,0.025208,0.000629,0.013,0.034,0.000000,0.000000,0.000000,0.000000,0.000000,0.000000,0,0.00
12.610000,-0.013,-0.051263,-0.051263,4.321,7.00,-0.051100,0.025468,0.025229,0.000566,0.013,0.034,0.000000,0.000000,0.000000,0.000000,0.000000,0.000000,0,0.00
12.620000,-0.013,-0.051242,-0.051242,4.321,7.00,-0.051116,0.025486,0.025251,0.000505,0.013,0.034,0.000000,0.000000,0.000000,0.000000,0.000000,0.000000,0,0.00
12.630000,-0.013,-0.051270,-0.051270,4.321,7.00,-0.051128,0.025505,0.025275,0.000490,0.013,0.034,0.000000,0.000000,0.000000,0.000000,0.000000,0.000000,0,0.00
12.640000,-0.013,-0.051310,-0.051310,4.321,7.00,-0.051142,0.025526,0.025302,0.000482,0.013,0.034,0.000000,0.000000,0.000000,0.000000,0.000000,0.000000,0,0.00
12.650000,-0.013,-0.051375,-0.051375,4.321,7.00,-0.051159,0.025547,0.025327,0.000501,0.013,0.034,0.000000,0.000000,0.000000,0.000000,0.000000,0.000000,0,0.00
12.660000,-0.013,-0.051433,-0.051433,4.321,7.00,-0.051180,0.025567,0.025353,0.000512,0.013,0.034,0.000000,0.000000,0.000000,0.000000,0.000000,0.000000,0,0.00
12.670000,-0.013,-0.051464,-0.051464,4.321,7.00,-0.051205,0.025586,0.025381,0.000497,0.013,0.034,0.000000,0.000000,0.000000,0.000000,0.000000,0.000000,0,0.00
12.680000,-0.013,-0.051462,-0.051462,4.321,7.00,-0.051231,0.025600,0.025410,0.000453,0.013,0.034,0.000000,0.000000,0.000000,0.000000,0.000000,0.000000,0,0.00
12.690000,-0.013,-0.051437,-0.051437,4.321,7.00,-0.051254,0.025608,0.025437,0.000391,0.013,0.034,0.000000,0.000000,0.000000,0.000000,0.000000,0.000000,0,0.00
12.700000,-0.013,-0.051382,-0.051382,4.321,7.00,-0.051272,0.025612,0.025469,0.000301,0.013,0.034,0.000000,0.000000,0.000000,0.000000,0.000000,0.000000,0,0.00
12.710000,-0.013,-0.051315,-0.051315,4.321,7.00,-0.051282,0.025612,0.025500,0.000203,0.013,0.034,0.000000,0.000000,0.000000,0.000000,0.000000,0.000000,0,0.00
12.720000,-0.013,-0.051272,-0.051272,4.321,7.00,-0.051285,0.025615,0.025531,0.000126,0.013,0.034,0.000000,0.000000,0.000000,0.000000,0.000000,0.000000,0,0.00
12.730000,-0.013,-0.051260,-0.051260,4.321,7.00,-0.051284,0.025618,0.025564,0.000078,0.013,0.034,0.000000,0.000000,0.000000,0.000000,0.000000,0.000000,0,0.00
12.740000,-0.013,-0.051261,-0.051261,4.321,7.00,-0.051281,0.025619,0.025596,0.000046,0.013,0.034,0.000000,0.000000,0.000000,0.000000,0.000000,0.000000,0,0.00
12.750000,-0.013,-0.051304,-0.051304,4.321,7.00,-0.051279,0.025625,0.025626,0.000053,0.013,0.034,0.000000,0.000000,0.000000,0.000000,0.000000,0.000000,0,0.00
12.760000,-0.013,-0.051399,-0.051399,4.321,7.00,-0.051281,0.025632,0.025704,0.000063,0.013,0.034,0.000000,0.000000,0.000000,0.000000,0.000000,0.000000,0,0.00
12.770000,-0.013,-0.051451,-0.051451,4.321,7.00,-0.051293,0.025638,0.025741,0.000073,0.013,0.034,0.000000,0.000000,0.000000,0.000000,0.000000,0.000000,0,0.00
12.780000,-0.013,-0.051480,-0.051480,4.321,7.00,-0.051308,0.025640,0.025768,0.000071,0.013,0.034,0.000000,0.000000,0.000000,0.000000,0.000000,0.000000,0,0.00
12.790000,-0.013,-0.051418,-0.051418,4.321,7.00,-0.051325,0.025624,0.025797,-0.000004,0.013,0.034,0.000000,0.000000,0.000000,0.000000,0.000000,0.000000,0,0.00
12.800000,-0.013,-0.051238,-0.051238,4.321,7.00,-0.051334,0.025594,0.025823,-0.000178,0.013,0.034,0.000000,0.000000,0.000000,0.000000,0.000000,0.000000,0,0.00
12.810000,-0.013,-0.050924,-0.050924,4.321,7.00,-0.051324,0.025541,0.025848,-0.000465,0.013,0.034,0.000000,0.000000,0.000000,0.000000,0.000000,0.000000,0,0.00
12.820000,-0.013,-0.050495,-0.050495,4.321,7.00,-0.051284,0.025469,0.025873,-0.000847,0.013,0.034,0.000000,0.000000,0.000000,0.000000,0.000000,0.000000,0,0.00
12.830000,-0.013,-0.049929,-0.049929,4.321,7.00,-0.051205,0.025378,0.025897,-0.001345,0.013,0.033,0.000000,0.000000,0.000000,0.000000,0.000000,0.000000,0,0.00
12.840000,-0.013,-0.049248,-0.049248,4.321,7.00,-0.051077,0.025269,0.025917,-0.001938,0.013,0.033,0.000000,0.000000,0.000000,0.000000,0.000000,0.000000,0,0.00
12.850000,-0.013,-0.048541,-0.048541,4.321,7.00,-0.050894,0.025143,0.025939,-0.002540,0.013,0.032,0.000000,0.000000,0.000000,0.000000,0.000000,0.000000,0,0.00
12.860000,-0.013,-0.047744,-0.047744,4.321,7.00,-0.050659,0.025000,0.025957,-0.003213,0.013,0.032,0.000000,0.000000,0.000000,0.000000,0.000000,0.000000,0,0.00
12.870000,-0.012,-0.046940,-0.046940,4.321,7.00,-0.050367,0.024842,0.025977,-0.003878,0.013,0.031,0.000000,0.000000,0.000000,0.000000,0.000000,0.000000,0,0.00
12.880000,-0.012,-0.046171,-0.046171,4.321,7.00,-0.050024,0.024669,0.025996,-0.004493,0.013,0.031,0.000000,0.000000,0.000000,0.000000,0.000000,0.000000,0,0.00
12.890000,-0.012,-0.045237,-0.045237,4.321,7.00,-0.049638,0.024485,0.026012,-0.005260,0.013,0.030,0.000000,0.000000,0.000000,0.000000,0.000000,0.000000,0,0.00
12.900000,-0.012,-0.044660,-0.044660,4.321,7.00,-0.049198,0.024287,0.026032,-0.005660,0.013,0.030,0.000000,0.000000,0.000000,0.000000,0.000000,0.000000,0,0.00
12.910000,-0.012,-0.044172,-0.044172,4.321,7.00,-0.048744,0.024085,0.026052,-0.005965,0.012,0.029,0.000000,0.000000,0.000000,0.000000,0.000000,0.000000,0,0.00
12.920000,-0.012,-0.043824,-0.043824,4.321,7.00,-0.048286,0.023881,0.026072,-0.006130,0.012,0.029,0.000000,0.000000,0.000000,0.000000,0.000000,0.000000,0,0.00
12.930000,-0.012,-0.043593,-0.043593,4.321,7.00,-0.047840,0.023678,0.026093,-0.006178,0.012,0.029,0.000000,0.000000,0.000000,0.000000,0.000000,0.000000,0,0.00
12.940000,-0.012,-0.043705,-0.043705,4.321,7.00,-0.047415,0.023477,0.026114,-0.005886,0.012,0.029,0.000000,0.000000,0.000000,0.000000,0.000000,0.000000,0,0.00
12.950000,-0.012,-0.043608,-0.043608,4.321,7.00,-0.047044,0.023285,0.026135,-0.005812,0.012,0.029,0.000000,0.000000,0.000000,0.000000,0.000000,0.000000,0,0.00
12.960000,-0.012,-0.043796,-0.043796,4.321,7.00,-0.046700,0.023097,0.026159,-0.005460,0.012,0.029,0.000000,0.000000,0.000000,0.000000,0.000000,0.000000,0,0.00
12.970000,-0.011,-0.043846,-0.043846,4.321,7.00,-0.046409,0.022917,0.026180,-0.005251,0.012,0.029,0.000000,0.000000,0.000000,0.000000,0.000000,0.000000,0,0.00
12.980000,-0.011,-0.043933,-0.043933,4.321,7.00,-0.046153,0.022740,0.026202,-0.005008,0.012,0.029,0.000000,0.000000,0.000000,0.000000,0.000000,0.000000,0,0.00
12.990000,-0.011,-0.044176,-0.044176,4.321,7.00,-0.045930,0.022566,0.026228,-0.004618,0.012,0.029,0.000000,0.000000,0.000000,0.000000,0.000000,0.000000,0,0.00
13.000000,-0.011,-0.044318,-0.044318,4.321,7.00,-0.045755,0.022397,0.026252,-0.004331,0.012,0.030,0.000000,0.000000,0.000000,0.000000,0.000000,0.000000,0,0.00
13.010000,-0.011,-0.044345,-0.044345,4.321,7.00,-0.045611,0.022230,0.026277,-0.004162,0.011,0.030,0.000000,0.000000,0.000000,0.000000,0.000000,0.000000,0,0.00
13.020000,-0.011,-0.044393,-0.044393,4.321,7.00,-0.045484,0.022061,0.026301,-0.003968,0.011,0.030,0.000000,0.000000,0.000000,0.000000,0.000000,0.000000,0,0.00
13.030000,-0.011,-0.044494,-0.044494,4.321,7.00,-0.045375,0.021897,0.026328,-0.003731,0.011,0.030,0.000000,0.000000,0.000000,0.000000,0.000000,0.000000,0,0.00
13.040000,-0.011,-0.044457,-0.044457,4.321,7.00,-0.045286,0.021741,0.026354,-0.003638,0.011,0.030,0.000000,0.000000,0.000000,0.000000,0.000000,0.000000,0,0.00
13.050000,-0.011,-0.044886,-0.044886,4.321,7.00,-0.045203,0.021585,0.026416,-0.003115,0.011,0.030,0.000000,0.000000,0.000000,0.000000,0.000000,0.000000,0,0.00
13.060000,-0.011,-0.044867,-0.044867,4.321,7.00,-0.045171,0.021447,0.026439,-0.003019,0.011,0.030,0.000000,0.000000,0.000000,0.000000,0.000000,0.000000,0,0.00
13.070000,-0.011,-0.044976,-0.044976,4.321,7.00,-0.045141,0.021309,0.026465,-0.002798,0.011,0.030,0.000000,0.000000,0.000000,0.000000,0.000000,0.000000,0,0.00
13.080000,-0.011,-0.044912,-0.044912,4.321,7.00,-0.045124,0.021172,0.026489,-0.002748,0.011,0.030,0.000000,0.000000,0.000000,0.000000,0.000000,0.000000,0,0.00
13.090000,-0.011,-0.044745,-0.044745,4.321,7.00,-0.045103,0.021015,0.026513,-0.002783,0.011,0.030,0.000000,0.000000,0.000000,0.000000,0.000000,0.000000,0,0.00
13.100000,-0.010,-0.044083,-0.044083,4.321,7.00,-0.045067,0.020846,0.026535,-0.003298,0.011,0.029,0.000000,0.000000,0.000000,0.000000,0.000000,0.000000,0,0.00
13.110000,-0.010,-0.043175,-0.043175,4.321,7.00,-0.044968,0.020560,0.026558,-0.003943,0.011,0.029,0.000000,0.000000,0.000000,0.000000,0.000000,0.000000,0,0.00
13.120000,-0.010,-0.042207,-0.042207,4.321,7.00,-0.044789,0.020308,0.026578,-0.004678,0.011,0.028,0.000000,0.000000,0.000000,0.000000,0.000000,0.000000,0,0.00
13.130000,-0.010,-0.041420,-0.041420,4.321,7.00,-0.044530,0.020070,0.026598,-0.005247,0.011,0.028,0.000000,0.000000,0.000000,0.000000,0.000000,0.000000,0,0.00
13.140000,-0.010,-0.040686,-0.040686,4.321,7.00,-0.044219,0.019835,0.026617,-0.005766,0.010,0.027,0.000000,0.000000,0.000000,0.000000,0.000000,0.000000,0,0.00
13.150000,-0.010,-0.039900,-0.039900,4.321,7.00,-0.043866,0.019598,0.026634,-0.006332,0.010,0.027,0.000000,0.000000,0.000000,0.000000,0.000000,0.000000,0,0.00
13.160000,-0.010,-0.039695,-0.039695,4.321,7.00,-0.043469,0.019352,0.026653,-0.006310,0.010,0.026,0.000000,0.000000,0.000000,0.000000,0.000000,0.000000,0,0.00
13.170000,-0.010,-0.039346,-0.039346,4.321,7.00,-0.043091,0.019106,0.026670,-0.006430,0.010,0.026,0.000000,0.000000,0.000000,0.000000,0.000000,0.000000,0,0.00
13.180000,-0.009,-0.038730,-0.038730,4.321,7.00,-0.042716,0.018854,0.026685,-0.006809,0.010,0.026,0.000000,0.000000,0.000000,0.000000,0.000000,0.000000,0,0.00
13.190000,-0.009,-0.038369,-0.038369,4.321,7.00,-0.042318,0.018593,0.026703,-0.006927,0.010,0.026,0.000000,0.000000,0.000000,0.000000,0.000000,0.000000,0,0.00
13.200000,-0.009,-0.037999,-0.037999,4.321,7.00,-0.041923,0.018322,0.026720,-0.007043,0.010,0.025,0.000000,0.000000,0.000000,0.000000,0.000000,0.000000,0,0.00
13.210000,-0.009,-0.037260,-0.037260,4.321,7.00,-0.041530,0.018045,0.026734,-0.007520,0.010,0.025,0.000000,0.000000,0.000000,0.000000,0.000000,0.000000,0,0.00
13.220000,-0.009,-0.037036,-0.037036,4.321,7.00,-0.041103,0.017756,0.026753,-0.007474,0.009,0.025,0.000000,0.000000,0.000000,0.000000,0.000000,0.000000,0,0.00
13.230000,-0.009,-0.036884,-0.036884,4.321,7.00,-0.040696,0.017469,0.026770,-0.007355,0.009,0.025,0.000000,0.000000,0.000000,0.000000,0.000000,0.000000,0,0.00
13.240000,-0.009,-0.036520,-0.036520,4.321,7.00,-0.040314,0.017183,0.026788,-0.007451,0.009,0.024,0.000000,0.000000,0.000000,0.000000,0.000000,0.000000,0,0.00
13.250000,-0.008,-0.036387,-0.036387,4.321,7.00,-0.039935,0.016896,0.026806,-0.007315,0.009,0.024,0.000000,0.000000,0.000000,0.000000,0.000000,0.000000,0,0.00
13.260000,-0.008,-0.036603,-0.036603,4.321,7.00,-0.039580,0.016613,0.026825,-0.006835,0.009,0.024,0.000000,0.000000,0.000000,0.000000,0.000000,0.000000,0,0.00
13.270000,-0.008,-0.036460,-0.036460,4.321,7.00,-0.039282,0.016334,0.026843,-0.006716,0.009,0.024,0.000000,0.000000,0.000000,0.000000,0.000000,0.000000,0,0.00
13.280000,-0.008,-0.036419,-0.036419,4.321,7.00,-0.039000,0.016053,0.026861,-0.006495,0.009,0.024,0.000000,0.000000,0.000000,0.000000,0.000000,0.000000,0,0.00
13.290000,-0.008,-0.036482,-0.036482,4.321,7.00,-0.038741,0.015774,0.026881,-0.006174,0.008,0.024,0.000000,0.000000,0.000000,0.000000,0.000000,0.000000,0,0.00
13.300000,-0.008,-0.036445,-0.036445,4.321,7.00,-0.038515,0.015500,0.026900,-0.005955,0.008,0.024,0.000000,0.000000,0.000000,0.000000,0.000000,0.000000,0,0.00
13.310000,-0.008,-0.036322,-0.036322,4.321,7.00,-0.038308,0.015229,0.026919,-0.005825,0.008,0.024,0.000000,0.000000,0.000000,0.000000,0.000000,0.000000,0,0.00
13.320000,-0.007,-0.036837,-0.036837,4.321,7.00,-0.038109,0.014958,0.026958,-0.005079,0.008,0.025,0.000000,0.000000,0.000000,0.000000,0.000000,0.000000,0,0.00
13.330000,-0.007,-0.036491,-0.036491,4.321,7.00,-0.037982,0.014699,0.026972,-0.005180,0.008,0.024,0.000000,0.000000,0.000000,0.000000,0.000000,0.000000,0,0.00
13.340000,-0.007,-0.036082,-0.036082,4.321,7.00,-0.037833,0.014442,0.026987,-0.005348,0.008,0.024,0.000000,0.000000,0.000000,0.000000,0.000000,0.000000,0,0.00
13.350000,-0.007,-0.035782,-0.035782,4.321,7.00,-0.037657,0.014184,0.027003,-0.005405,0.008,0.024,0.000000,0.000000,0.000000,0.000000,0.000000,0.000000,0,0.00
13.360000,-0.007,-0.035447,-0.035447,4.321,7.00,-0.037470,0.013924,0.027018,-0.005495,0.007,0.024,0.000000,0.000000,0.000000,0.000000,0.000000,0.000000,0,0.00
13.370000,-0.007,-0.034324,-0.034324,4.321,7.00,-0.037267,0.013674,0.027030,-0.006380,0.007,0.023,0.000000,0.000000,0.000000,0.000000,0.000000,0.000000,0,0.00
13.380000,-0.007,-0.034192,-0.034192,4.321,7.00,-0.036973,0.013413,0.027044,-0.006265,0.007,0.023,0.000000,0.000000,0.000000,0.000000,0.000000,0.000000,0,0.00
13.390000,-0.007,-0.033772,-0.033772,4.321,7.00,-0.036694,0.013146,0.027057,-0.006430,0.007,0.023,0.000000,0.000000,0.000000,0.000000,0.000000,0.000000,0,0.00
13.400000,-0.006,-0.033215,-0.033215,4.321,7.00,-0.036402,0.012871,0.027069,-0.006725,0.007,0.022,0.000000,0.000000,0.000000,0.000000,0.000000,0.000000,0,0.00
13.410000,-0.006,-0.032504,-0.032504,4.321,7.00,-0.036083,0.012587,0.027079,-0.007162,0.007,0.022,0.000000,0.000000,0.000000,0.000000,0.000000,0.000000,0,0.00
13.420000,-0.006,-0.031753,-0.031753,4.321,7.00,-0.035725,0.012285,0.027089,-0.007621,0.007,0.021,0.000000,0.000000,0.000000,0.000000,0.000000,0.000000,0,0.00
13.430000,-0.006,-0.030540,-0.030540,4.321,7.00,-0.035328,0.011967,0.027098,-0.008526,0.007,0.020,0.000000,0.000000,0.000000,0.000000,0.000000,0.000000,0,0.00
13.440000,-0.006,-0.029610,-0.029610,4.321,7.00,-0.034849,0.011631,0.027108,-0.009129,0.006,0.020,0.000000,0.000000,0.000000,0.000000,0.000000,0.000000,0,0.00
13.450000,-0.006,-0.028561,-0.028561,4.321,7.00,-0.034325,0.011288,0.027117,-0.009844,0.006,0.019,0.000000,0.000000,0.000000,0.000000,0.000000,0.000000,0,0.00
13.460000,-0.005,-0.027557,-0.027557,4.321,7.00,-0.033748,0.010937,0.027125,-0.010505,0.006,0.018,0.000000,0.000000,0.000000,0.000000,0.000000,0.000000,0,0.00
13.470000,-0.005,-0.027091,-0.027091,4.321,7.00,-0.033129,0.010583,0.027135,-0.010627,0.006,0.018,0.000000,0.000000,0.000000,0.000000,0.000000,0.000000,0,0.00
13.480000,-0.005,-0.026977,-0.026977,4.321,7.00,-0.032526,0.010239,0.027144,-0.010406,0.006,0.018,0.000000,0.000000,0.000000,0.000000,0.000000,0.000000,0,0.00
13.490000,-0.005,-0.026989,-0.026989,4.321,7.00,-0.031971,0.009911,0.027153,-0.010075,0.006,0.018,0.000000,0.000000,0.000000,0.000000,0.000000,0.000000,0,0.00
13.500000,-0.005,-0.027330,-0.027330,4.321,7.00,-0.031472,0.009601,0.027163,-0.009434,0.005,0.018,0.000000,0.000000,0.000000,0.000000,0.000000,0.000000,0,0.00
13.510000,-0.005,-0.027917,-0.027917,4.321,7.00,-0.031058,0.009322,0.027172,-0.008577,0.005,0.019,0.000000,0.000000,0.000000,0.000000,0.000000,0.000000,0,0.00
13.520000,-0.005,-0.028303,-0.028303,4.321,7.00,-0.030744,0.009074,0.027180,-0.007951,0.005,0.019,0.000000,0.000000,0.000000,0.000000,0.000000,0.000000,0,0.00
13.530000,-0.004,-0.029454,-0.029454,4.321,7.00,-0.030500,0.008849,0.027199,-0.006594,0.005,0.020,0.000000,0.000000,0.000000,0.000000,0.000000,0.000000,0,0.00
13.540000,-0.004,-0.030162,-0.030162,4.321,7.00,-0.030395,0.008660,0.027209,-0.005707,0.005,0.020,0.000000,0.000000,0.000000,0.000000,0.000000,0.000000,0,0.00
13.550000,-0.004,-0.030767,-0.030767,4.321,7.00,-0.030371,0.008493,0.027218,-0.004944,0.005,0.021,0.000000,0.000000,0.000000,0.000000,0.000000,0.000000,0,0.00
13.560000,-0.004,-0.031434,-0.031434,4.321,7.00,-0.030411,0.008345,0.027227,-0.004138,0.005,0.021,0.000000,0.000000,0.000000,0.000000,0.000000,0.000000,0,0.00
13.570000,-0.004,-0.032082,-0.032082,4.321,7.00,-0.030513,0.008217,0.027236,-0.003372,0.004,0.021,0.000000,0.000000,0.000000,0.000000,0.000000,0.000000,0,0.00
13.580000,-0.004,-0.032032,-0.032032,4.321,7.00,-0.030670,0.008107,0.027245,-0.003321,0.004,0.021,0.000000,0.000000,0.000000,0.000000,0.000000,0.000000,0,0.00
13.590000,-0.004,-0.032257,-0.032257,4.321,7.00,-0.030806,0.007998,0.027254,-0.002996,0.004,0.022,0.000000,0.000000,0.000000,0.000000,0.000000,0.000000,0,0.00
13.600000,-0.004,-0.032399,-0.032399,4.321,7.00,-0.030951,0.007895,0.027262,-0.002758,0.004,0.022,0.000000,0.000000,0.000000,0.000000,0.000000,0.000000,0,0.00
13.610000,-0.004,-0.032785,-0.032785,4.321,7.00,-0.031095,0.007793,0.027283,-0.002291,0.004,0.022,0.000000,0.000000,0.000000,0.000000,0.000000,0.000000,0,0.00
13.620000,-0.004,-0.032992,-0.032992,4.321,7.00,-0.031264,0.007697,0.027296,-0.002001,0.004,0.022,0.000000,0.000000,0.000000,0.000000,0.000000,0.000000,0,0.00
13.630000,-0.004,-0.032872,-0.032872,4.321,7.00,-0.031437,0.007604,0.027302,-0.002034,0.004,0.022,0.000000,0.000000,0.000000,0.000000,0.000000,0.000000,0,0.00
13.640000,-0.004,-0.032745,-0.032745,4.321,7.00,-0.031580,0.007507,0.027309,-0.002071,0.004,0.022,0.000000,0.000000,0.000000,0.000000,0.000000,0.000000,0,0.00
13.650000,-0.004,-0.032668,-0.032668,4.321,7.00,-0.031697,0.007408,0.027316,-0.002056,0.004,0.022,0.000000,0.000000,0.000000,0.000000,0.000000,0.000000,0,0.00
13.660000,-0.004,-0.032193,-0.032193,4.321,7.00,-0.031794,0.007316,0.027322,-0.002445,0.004,0.021,0.000000,0.000000,0.000000,0.000000,0.000000,0.000000,0,0.00
13.670000,-0.004,-0.031788,-0.031788,4.321,7.00,-0.031834,0.007220,0.027328,-0.002760,0.004,0.021,0.000000,0.000000,0.000000,0.000000,0.000000,0.000000,0,0.00
13.680000,-0.004,-0.031726,-0.031726,4.321,7.00,-0.031829,0.007134,0.027334,-0.002741,0.004,0.021,0.000000,0.000000,0.000000,0.000000,0.000000,0.000000,0,0.00
13.690000,-0.004,-0.031566,-0.031566,4.321,7.00,-0.031819,0.007053,0.027339,-0.002826,0.004,0.021,0.000000,0.000000,0.000000,0.000000,0.000000,0.000000,0,0.00
13.700000,-0.003,-0.031320,-0.031320,4.321,7.00,-0.031793,0.006963,0.027343,-0.002986,0.004,0.021,0.000000,0.000000,0.000000,0.000000,0.000000,0.000000,0,0.00
13.710000,-0.003,-0.031033,-0.031033,4.321,7.00,-0.031746,0.006866,0.027347,-0.003180,0.004,0.021,0.000000,0.000000,0.000000,0.000000,0.000000,0.000000,0,0.00
13.720000,-0.003,-0.030832,-0.030832,4.321,7.00,-0.031674,0.006766,0.027352,-0.003286,0.004,0.021,0.000000,0.000000,0.000000,0.000000,0.000000,0.000000,0,0.00
13.730000,-0.003,-0.030482,-0.030482,4.321,7.00,-0.031590,0.006657,0.027357,-0.003532,0.004,0.020,0.000000,0.000000,0.000000,0.000000,0.000000,0.000000,0,0.00
13.740000,-0.003,-0.030212,-0.030212,4.321,7.00,-0.031479,0.006543,0.027362,-0.003693,0.003,0.020,0.000000,0.000000,0.000000,0.000000,0.000000,0.000000,0,0.00
13.750000,-0.003,-0.029999,-0.029999,4.321,7.00,-0.031352,0.006423,0.027367,-0.003791,0.003,0.020,0.000000,0.000000,0.000000,0.000000,0.000000,0.000000,0,0.00
13.760000,-0.003,-0.029930,-0.029930,4.321,7.00,-0.031217,0.006303,0.027372,-0.003745,0.003,0.020,0.000000,0.000000,0.000000,0.000000,0.000000,0.000000,0,0.00
13.770000,-0.003,-0.029740,-0.029740,4.321,7.00,-0.031088,0.006188,0.027376,-0.003825,0.003,0.020,0.000000,0.000000,0.000000,0.000000,0.000000,0.000000,0,0.00
13.780000,-0.003,-0.029741,-0.029741,4.321,7.00,-0.030953,0.006079,0.027382,-0.003720,0.003,0.020,0.000000,0.000000,0.000000,0.000000,0.000000,0.000000,0,0.00
13.790000,-0.003,-0.029912,-0.029912,4.321,7.00,-0.030832,0.005980,0.027387,-0.003455,0.003,0.020,0.000000,0.000000,0.000000,0.000000,0.000000,0.000000,0,0.00
13.800000,-0.003,-0.030184,-0.030184,4.321,7.00,-0.030740,0.005891,0.027394,-0.003101,0.003,0.020,0.000000,0.000000,0.000000,0.000000,0.000000,0.000000,0,0.00
13.810000,-0.003,-0.030457,-0.030457,4.321,7.00,-0.030684,0.005815,0.027399,-0.002758,0.003,0.020,0.000000,0.000000,0.000000,0.000000,0.000000,0.000000,0,0.00
13.820000,-0.003,-0.030876,-0.030876,4.321,7.00,-0.030661,0.005752,0.027405,-0.002281,0.003,0.021,0.000000,0.000000,0.000000,0.000000,0.000000,0.000000,0,0.00
13.830000,-0.003,-0.031229,-0.031229,4.321,7.00,-0.030682,0.005702,0.027411,-0.001884,0.003,0.021,0.000000,0.000000,0.000000,0.000000,0.000000,0.000000,0,0.00
13.840000,-0.003,-0.031540,-0.031540,4.321,7.00,-0.030737,0.005665,0.027417,-0.001542,0.003,0.021,0.000000,0.000000,0.000000,0.000000,0.000000,0.000000,0,0.00
13.850000,-0.003,-0.031827,-0.031827,4.321,7.00,-0.030817,0.005638,0.027423,-0.001234,0.003,0.021,0.000000,0.000000,0.000000,0.000000,0.000000,0.000000,0,0.00
13.860000,-0.003,-0.032119,-0.032119,4.321,7.00,-0.030918,0.005620,0.027430,-0.000932,0.003,0.021,0.000000,0.000000,0.000000,0.000000,0.000000,0.000000,0,0.00
13.870000,-0.003,-0.032391,-0.032391,4.321,7.00,-0.031038,0.005611,0.027436,-0.000656,0.003,0.022,0.000000,0.000000,0.000000,0.000000,0.000000,0.000000,0,0.00
13.880000,-0.003,-0.032635,-0.032635,4.321,7.00,-0.031173,0.005608,0.027443,-0.000417,0.003,0.022,0.000000,0.000000,0.000000,0.000000,0.000000,0.000000,0,0.00
13.890000,-0.003,-0.032826,-0.032826,4.321,7.00,-0.031319,0.005612,0.027449,-0.000235,0.003,0.022,0.000000,0.000000,0.000000,0.000000,0.000000,0.000000,0,0.00
13.900000,-0.003,-0.032993,-0.032993,4.321,7.00,-0.031470,0.005620,0.027456,-0.000083,0.003,0.022,0.000000,0.000000,0.000000,0.000000,0.000000,0.000000,0,0.00
13.910000,-0.003,-0.033148,-0.033148,4.321,7.00,-0.031622,0.005632,0.027463,0.000053,0.003,0.022,0.000000,0.000000,0.000000,0.000000,0.000000,0.000000,0,0.00
13.920000,-0.003,-0.033258,-0.033258,4.321,7.00,-0.031774,0.005648,0.027474,0.000135,0.003,0.022,0.000000,0.000000,0.000000,0.000000,0.000000,0.000000,0,0.00
13.930000,-0.003,-0.033353,-0.033353,4.321,7.00,-0.031923,0.005667,0.027483,0.000204,0.003,0.022,0.000000,0.000000,0.000000,0.000000,0.000000,0.000000,0,0.00
13.940000,-0.003,-0.033458,-0.033458,4.321,7.00,-0.032066,0.005686,0.027489,0.000283,0.003,0.022,0.000000,0.000000,0.000000,0.000000,0.000000,0.000000,0,0.00
13.950000,-0.003,-0.033562,-0.033562,4.321,7.00,-0.032205,0.005707,0.027494,0.000361,0.003,0.022,0.000000,0.000000,0.000000,0.000000,0.000000,0.000000,0,0.00
13.960000,-0.003,-0.033684,-0.033684,4.321,7.00,-0.032340,0.005736,0.027500,0.000448,0.003,0.022,0.000000,0.000000,0.000000,0.000000,0.000000,0.000000,0,0.00
13.970000,-0.003,-0.033908,-0.033908,4.321,7.00,-0.032475,0.005779,0.027506,0.000623,0.003,0.023,0.000000,0.000000,0.000000,0.000000,0.000000,0.000000,0,0.00
13.980000,-0.003,-0.034208,-0.034208,4.321,7.00,-0.032618,0.005830,0.027511,0.000867,0.003,0.023,0.000000,0.000000,0.000000,0.000000,0.000000,0.000000,0,0.00
13.990000,-0.003,-0.034492,-0.034492,4.321,7.00,-0.032777,0.005886,0.027516,0.001090,0.003,0.023,0.000000,0.000000,0.000000,0.000000,0.000000,0.000000,0,0.00
14.000000,-0.003,-0.034848,-0.034848,4.321,7.00,-0.032948,0.005956,0.027521,0.001371,0.003,0.023,0.000000,0.000000,0.000000,0.000000,0.000000,0.000000,0,0.00
14.010000,-0.003,-0.035209,-0.035209,4.321,7.00,-0.033138,0.006022,0.027526,0.001661,0.003,0.023,0.000000,0.000000,0.000000,0.000000,0.000000,0.000000,0,0.00
14.020000,-0.003,-0.035494,-0.035494,4.321,7.00,-0.033345,0.006091,0.027531,0.001873,0.003,0.024,0.000000,0.000000,0.000000,0.000000,0.000000,0.000000,0,0.00
14.030000,-0.003,-0.035681,-0.035681,4.321,7.00,-0.033560,0.006158,0.027536,0.001987,0.003,0.024,0.000000,0.000000,0.000000,0.000000,0.000000,0.000000,0,0.00
14.040000,-0.003,-0.035766,-0.035766,4.321,7.00,-0.033772,0.006212,0.027541,0.002013,0.003,0.024,0.000000,0.000000,0.000000,0.000000,0.000000,0.000000,0,0.00
14.050000,-0.003,-0.035680,-0.035680,4.321,7.00,-0.033971,0.006255,0.027546,0.001879,0.003,0.024,0.000000,0.000000,0.000000,0.000000,0.000000,0.000000,0,0.00
14.060000,-0.003,-0.035459,-0.035459,4.321,7.00,-0.034142,0.006286,0.027551,0.001621,0.003,0.024,0.000000,0.000000,0.000000,0.000000,0.000000,0.000000,0,0.00
14.070000,-0.003,-0.035159,-0.035159,4.321,7.00,-0.034273,0.006305,0.027557,0.001297,0.003,0.023,0.000000,0.000000,0.000000,0.000000,0.000000,0.000000,0,0.00
14.080000,-0.003,-0.034791,-0.034791,4.321,7.00,-0.034362,0.006312,0.027563,0.000917,0.003,0.023,0.000000,0.000000,0.000000,0.000000,0.000000,0.000000,0,0.00
14.090000,-0.003,-0.034432,-0.034432,4.321,7.00,-0.034405,0.006308,0.027569,0.000555,0.003,0.023,0.000000,0.000000,0.000000,0.000000,0.000000,0.000000,0,0.00
14.100000,-0.003,-0.034110,-0.034110,4.321,7.00,-0.034407,0.006296,0.027575,0.000238,0.003,0.023,0.000000,0.000000,0.000000,0.000000,0.000000,0.000000,0,0.00
14.110000,-0.003,-0.033823,-0.033823,4.321,7.00,-0.034377,0.006278,0.027581,-0.000036,0.003,0.023,0.000000,0.000000,0.000000,0.000000,0.000000,0.000000,0,0.00
14.120000,-0.003,-0.033584,-0.033584,4.321,7.00,-0.034322,0.006252,0.027588,-0.000256,0.003,0.022,0.000000,0.000000,0.000000,0.000000,0.000000,0.000000,0,0.00
14.130000,-0.003,-0.033395,-0.033395,4.321,7.00,-0.034248,0.006222,0.027595,-0.000423,0.003,0.022,0.000000,0.000000,0.000000,0.000000,0.000000,0.000000,0,0.00
14.140000,-0.003,-0.033231,-0.033231,4.321,7.00,-0.034163,0.006188,0.027602,-0.000559,0.003,0.022,0.000000,0.000000,0.000000,0.000000,0.000000,0.000000,0,0.00
14.150000,-0.003,-0.033092,-0.033092,4.321,7.00,-0.034069,0.006150,0.027609,-0.000667,0.003,0.022,0.000000,0.000000,0.000000,0.000000,0.000000,0.000000,0,0.00
14.160000,-0.003,-0.032961,-0.032961,4.321,7.00,-0.033971,0.006105,0.027616,-0.000760,0.003,0.022,0.000000,0.000000,0.000000,0.000000,0.000000,0.000000,0,0.00
14.170000,-0.003,-0.032823,-0.032823,4.321,7.00,-0.033870,0.006052,0.027624,-0.000852,0.003,0.022,0.000000,0.000000,0.000000,0.000000,0.000000,0.000000,0,0.00
14.180000,-0.003,-0.032646,-0.032646,4.321,7.00,-0.033765,0.005991,0.027631,-0.000977,0.003,0.022,0.000000,0.000000,0.000000,0.000000,0.000000,0.000000,0,0.00
14.190000,-0.003,-0.032459,-0.032459,4.321,7.00,-0.033653,0.005926,0.027638,-0.001105,0.003,0.022,0.000000,0.000000,0.000000,0.000000,0.000000,0.000000,0,0.00
14.200000,-0.003,-0.032267,-0.032267,4.321,7.00,-0.033534,0.005856,0.027645,-0.001234,0.003,0.022,0.000000,0.000000,0.000000,0.000000,0.000000,0.000000,0,0.00
14.210000,-0.003,-0.032253,-0.032253,4.321,7.00,-0.033407,0.005782,0.027660,-0.001189,0.003,0.022,0.000000,0.000000,0.000000,0.000000,0.000000,0.000000,0,0.00
14.220000,-0.003,-0.032118,-0.032118,4.321,7.00,-0.033291,0.005702,0.027668,-0.001252,0.003,0.021,0.000000,0.000000,0.000000,0.000000,0.000000,0.000000,0,0.00
14.230000,-0.003,-0.031831,-0.031831,4.321,7.00,-0.033174,0.005616,0.027673,-0.001459,0.003,0.021,0.000000,0.000000,0.000000,0.000000,0.000000,0.000000,0,0.00
14.240000,-0.003,-0.031545,-0.031545,4.321,7.00,-0.033039,0.005523,0.027679,-0.001656,0.003,0.021,0.000000,0.000000,0.000000,0.000000,0.000000,0.000000,0,0.00
14.250000,-0.003,-0.031247,-0.031247,4.321,7.00,-0.032890,0.005423,0.027684,-0.001859,0.003,0.021,0.000000,0.000000,0.000000,0.000000,0.000000,0.000000,0,0.00
14.260000,-0.003,-0.030748,-0.030748,4.321,7.00,-0.032726,0.005317,0.027689,-0.002258,0.003,0.020,0.000000,0.000000,0.000000,0.000000,0.000000,0.000000,0,0.00
14.270000,-0.003,-0.030270,-0.030270,4.321,7.00,-0.032528,0.005203,0.027694,-0.002627,0.003,0.020,0.000000,0.000000,0.000000,0.000000,0.000000,0.000000,0,0.00
14.280000,-0.003,-0.030004,-0.030004,4.321,7.00,-0.032302,0.005083,0.027699,-0.002778,0.003,0.020,0.000000,0.000000,0.000000,0.000000,0.000000,0.000000,0,0.00
14.290000,-0.002,-0.029850,-0.029850,4.321,7.00,-0.032072,0.004968,0.027704,-0.002822,0.003,0.020,0.000000,0.000000,0.000000,0.000000,0.000000,0.000000,0,0.00
14.300000,-0.002,-0.029463,-0.029463,4.321,7.00,-0.031849,0.004856,0.027708,-0.003101,0.003,0.020,0.000000,0.000000,0.000000,0.000000,0.000000,0.000000,0,0.00
14.310000,-0.002,-0.029126,-0.029126,4.321,7.00,-0.031611,0.004740,0.027711,-0.003325,0.003,0.019,0.000000,0.000000,0.000000,0.000000,0.000000,0.000000,0,0.00
14.320000,-0.002,-0.028717,-0.028717,4.321,7.00,-0.031362,0.004618,0.027714,-0.003615,0.003,0.019,0.000000,0.000000,0.000000,0.000000,0.000000,0.000000,0,0.00
14.330000,-0.002,-0.028142,-0.028142,4.321,7.00,-0.031097,0.004488,0.027717,-0.004064,0.002,0.019,0.000000,0.000000,0.000000,0.000000,0.000000,0.000000,0,0.00
14.340000,-0.002,-0.027551,-0.027551,4.321,7.00,-0.030802,0.004347,0.027720,-0.004517,0.002,0.018,0.000000,0.000000,0.000000,0.000000,0.000000,0.000000,0,0.00
14.350000,-0.002,-0.027209,-0.027209,4.321,7.00,-0.030477,0.004186,0.027724,-0.004701,0.002,0.018,0.000000,0.000000,0.000000,0.000000,0.000000,0.000000,0,0.00
14.360000,-0.002,-0.026578,-0.026578,4.321,7.00,-0.030150,0.004009,0.027727,-0.005158,0.002,0.018,0.000000,0.000000,0.000000,0.000000,0.000000,0.000000,0,0.00
14.370000,-0.002,-0.026090,-0.026090,4.321,7.00,-0.029792,0.003815,0.027730,-0.005454,0.002,0.017,0.000000,0.000000,0.000000,0.000000,0.000000,0.000000,0,0.00
14.380000,-0.002,-0.025861,-0.025861,4.321,7.00,-0.029422,0.003611,0.027733,-0.005483,0.002,0.017,0.000000,0.000000,0.000000,0.000000,0.000000,0.000000,0,0.00
14.390000,-0.002,-0.025400,-0.025400,4.321,7.00,-0.029066,0.003404,0.027736,-0.005739,0.002,0.017,0.000000,0.000000,0.000000,0.000000,0.000000,0.000000,0,0.00
14.400000,-0.002,-0.024933,-0.024933,4.321,7.00,-0.028699,0.003190,0.027739,-0.005995,0.002,0.017,0.000000,0.000000,0.000000,0.000000,0.000000,0.000000,0,0.00
14.410000,-0.001,-0.024906,-0.024906,4.321,7.00,-0.028322,0.002978,0.027742,-0.005814,0.002,0.017,0.000000,0.000000,0.000000,0.000000,0.000000,0.000000,0,0.00
14.420000,-0.001,-0.024901,-0.024901,4.321,7.00,-0.027981,0.002775,0.027744,-0.005619,0.002,0.017,0.000000,0.000000,0.000000,0.000000,0.000000,0.000000,0,0.00
14.430000,-0.001,-0.024830,-0.024830,4.321,7.00,-0.027673,0.002578,0.027747,-0.005495,0.002,0.017,0.000000,0.000000,0.000000,0.000000,0.000000,0.000000,0,0.00
14.440000,-0.001,-0.025032,-0.025032,4.321,7.00,-0.027388,0.002384,0.027750,-0.005102,0.002,0.017,0.000000,0.000000,0.000000,0.000000,0.000000,0.000000,0,0.00
14.450000,-0.001,-0.025283,-0.025283,4.321,7.00,-0.027152,0.002198,0.027752,-0.004667,0.001,0.017,0.000000,0.000000,0.000000,0.000000,0.000000,0.000000,0,0.00
14.460000,-0.001,-0.025371,-0.025371,4.321,7.00,-0.026965,0.002024,0.027755,-0.004408,0.001,0.017,0.000000,0.000000,0.000000,0.000000,0.000000,0.000000,0,0.00
14.470000,-0.001,-0.025483,-0.025483,4.321,7.00,-0.026806,0.001856,0.027757,-0.004129,0.001,0.017,0.000000,0.000000,0.000000,0.000000,0.000000,0.000000,0,0.00
14.480000,-0.001,-0.025599,-0.025599,4.321,7.00,-0.026674,0.001692,0.027759,-0.003852,0.001,0.017,0.000000,0.000000,0.000000,0.000000,0.000000,0.000000,0,0.00
14.490000,-0.001,-0.025621,-0.025621,4.321,7.00,-0.026566,0.001529,0.027761,-0.003669,0.001,0.017,0.000000,0.000000,0.000000,0.000000,0.000000,0.000000,0,0.00
14.500000,-0.001,-0.025548,-0.025548,4.321,7.00,-0.026471,0.001363,0.027762,-0.003578,0.001,0.017,0.000000,0.000000,0.000000,0.000000,0.000000,0.000000,0,0.00
14.510000,-0.001,-0.025866,-0.025866,4.321,7.00,-0.026379,0.001192,0.027766,-0.003092,0.001,0.017,0.000000,0.000000,0.000000,0.000000,0.000000,0.000000,0,0.00
14.520000,-0.001,-0.025550,-0.025550,4.321,7.00,-0.026327,0.001022,0.027767,-0.003239,0.001,0.017,0.000000,0.000000,0.000000,0.000000,0.000000,0.000000,0,0.00
14.530000,-0.000,-0.025183,-0.025183,4.321,7.00,-0.026250,0.000841,0.027768,-0.003426,0.001,0.017,0.000000,0.000000,0.000000,0.000000,0.000000,0.000000,0,0.00
14.540000,-0.000,-0.024778,-0.024778,4.321,7.00,-0.026143,0.000645,0.027768,-0.003635,0.001,0.017,0.000000,0.000000,0.000000,0.000000,0.000000,0.000000,0,0.00
14.550000,-0.000,-0.024285,-0.024285,4.321,7.00,-0.026006,0.000432,0.027769,-0.003917,0.001,0.016,0.000000,0.000000,0.000000,0.000000,0.000000,0.000000,0,0.00
14.560000,-0.000,-0.023271,-0.023271,4.321,7.00,-0.025834,0.000205,0.027769,-0.004704,0.001,0.016,0.000000,0.000000,0.000000,0.000000,0.000000,0.000000,0,0.00
14.570000,0.000,-0.022732,-0.022732,4.321,7.00,-0.025578,-0.000044,0.027769,-0.004993,0.000,0.015,0.000000,0.000000,0.000000,0.000000,0.000000,0.000000,0,0.00
14.580000,0.000,-0.022057,-0.022057,4.321,7.00,-0.025293,-0.000303,0.027769,-0.005408,0.000,0.015,0.000000,0.000000,0.000000,0.000000,0.000000,0.000000,0,0.00
14.590000,0.000,-0.021184,-0.021184,4.321,7.00,-0.024969,-0.000575,0.027768,-0.006010,0.000,0.014,0.000000,0.000000,0.000000,0.000000,0.000000,0.000000,0,0.00
14.600000,0.000,-0.020298,-0.020298,4.321,7.00,-0.024591,-0.000860,0.027767,-0.006610,0.000,0.014,0.000000,0.000000,0.000000,0.000000,0.000000,0.000000,0,0.00
14.610000,0.001,-0.019307,-0.019307,4.321,7.00,-0.024161,-0.001149,0.027766,-0.007311,-0.000,0.013,0.000000,0.000000,0.000000,0.000000,0.000000,0.000000,0,0.00
14.620000,0.001,-0.018193,-0.018193,4.321,7.00,-0.023676,-0.001451,0.027765,-0.008121,-0.000,0.012,0.000000,0.000000,0.000000,0.000000,0.000000,0.000000,0,0.00
14.630000,0.001,-0.017125,-0.017125,4.321,7.00,-0.023128,-0.001768,0.027764,-0.008871,-0.000,0.011,0.000000,0.000000,0.000000,0.000000,0.000000,0.000000,0,0.00
14.640000,0.001,-0.016193,-0.016193,4.321,7.00,-0.022528,-0.002097,0.027762,-0.009472,-0.000,0.011,0.000000,0.000000,0.000000,0.000000,0.000000,0.000000,0,0.00
14.650000,0.001,-0.015254,-0.015254,4.321,7.00,-0.021895,-0.002431,0.027760,-0.010075,-0.001,0.010,0.000000,0.000000,0.000000,0.000000,0.000000,0.000000,0,0.00
14.660000,0.001,-0.014607,-0.014607,4.321,7.00,-0.021231,-0.002769,0.027758,-0.010383,-0.001,0.010,0.000000,0.000000,0.000000,0.000000,0.000000,0.000000,0,0.00
14.670000,0.002,-0.014301,-0.014301,4.321,7.00,-0.020569,-0.003113,0.027755,-0.010342,-0.001,0.010,0.000000,0.000000,0.000000,0.000000,0.000000,0.000000,0,0.00
14.680000,0.002,-0.014126,-0.014126,4.321,7.00,-0.019942,-0.003463,0.027752,-0.010163,-0.001,0.009,0.000000,0.000000,0.000000,0.000000,0.000000,0.000000,0,0.00
14.690000,0.002,-0.013889,-0.013889,4.321,7.00,-0.019361,-0.003810,0.027749,-0.010051,-0.001,0.009,0.000000,0.000000,0.000000,0.000000,0.000000,0.000000,0,0.00
14.700000,0.002,-0.014032,-0.014032,4.321,7.00,-0.018814,-0.004153,0.027745,-0.009560,-0.001,0.009,0.000000,0.000000,0.000000,0.000000,0.000000,0.000000,0,0.00
14.710000,0.002,-0.014133,-0.014133,4.321,7.00,-0.018336,-0.004484,0.027740,-0.009123,-0.002,0.009,0.000000,0.000000,0.000000,0.000000,0.000000,0.000000,0,0.00
14.720000,0.002,-0.014159,-0.014159,4.321,7.00,-0.017916,-0.004805,0.027735,-0.008771,-0.002,0.009,0.000000,0.000000,0.000000,0.000000,0.000000,0.000000,0,0.00
14.730000,0.003,-0.014183,-0.014183,4.321,7.00,-0.017540,-0.005123,0.027730,-0.008423,-0.002,0.009,0.000000,0.000000,0.000000,0.000000,0.000000,0.000000,0,0.00
14.740000,0.003,-0.014398,-0.014398,4.321,7.00,-0.017205,-0.005436,0.027724,-0.007890,-0.002,0.010,0.000000,0.000000,0.000000,0.000000,0.000000,0.000000,0,0.00
14.750000,0.003,-0.014389,-0.014389,4.321,7.00,-0.016924,-0.005740,0.027718,-0.007588,-0.002,0.010,0.000000,0.000000,0.000000,0.000000,0.000000,0.000000,0,0.00
14.760000,0.003,-0.014415,-0.014415,4.321,7.00,-0.016671,-0.006039,0.027711,-0.007257,-0.002,0.010,0.000000,0.000000,0.000000,0.000000,0.000000,0.000000,0,0.00
14.770000,0.003,-0.014582,-0.014582,4.321,7.00,-0.016445,-0.006332,0.027703,-0.006788,-0.003,0.010,0.000000,0.000000,0.000000,0.000000,0.000000,0.000000,0,0.00
14.780000,0.003,-0.014610,-0.014610,4.321,7.00,-0.016259,-0.006619,0.027695,-0.006466,-0.003,0.010,0.000000,0.000000,0.000000,0.000000,0.000000,0.000000,0,0.00
14.790000,0.003,-0.014602,-0.014602,4.321,7.00,-0.016094,-0.006902,0.027686,-0.006182,-0.003,0.010,0.000000,0.000000,0.000000,0.000000,0.000000,0.000000,0,0.00
14.800000,0.004,-0.015257,-0.015257,4.321,7.00,-0.015944,-0.007182,0.027663,-0.005224,-0.003,0.010,0.000000,0.000000,0.000000,0.000000,0.000000,0.000000,0,0.00
14.810000,0.004,-0.015307,-0.015307,4.321,7.00,-0.015876,-0.007448,0.027653,-0.004897,-0.003,0.010,0.000000,0.000000,0.000000,0.000000,0.000000,0.000000,0,0.00
14.820000,0.004,-0.014936,-0.014936,4.321,7.00,-0.015819,-0.007714,0.027644,-0.004995,-0.003,0.010,0.000000,0.000000,0.000000,0.000000,0.000000,0.000000,0,0.00
14.830000,0.004,-0.014695,-0.014695,4.321,7.00,-0.015730,-0.007984,0.027635,-0.004956,-0.003,0.010,0.000000,0.000000,0.000000,0.000000,0.000000,0.000000,0,0.00
14.840000,0.004,-0.014418,-0.014418,4.321,7.00,-0.015627,-0.008247,0.027626,-0.004961,-0.004,0.010,0.000000,0.000000,0.000000,0.000000,0.000000,0.000000,0,0.00
14.850000,0.004,-0.013359,-0.013359,4.321,7.00,-0.015506,-0.008507,0.027616,-0.005750,-0.004,0.009,0.000000,0.000000,0.000000,0.000000,0.000000,0.000000,0,0.00
14.860000,0.004,-0.012713,-0.012713,4.321,7.00,-0.015291,-0.008779,0.027608,-0.006116,-0.004,0.008,0.000000,0.000000,0.000000,0.000000,0.000000,0.000000,0,0.00
14.870000,0.005,-0.012333,-0.012333,4.321,7.00,-0.015034,-0.009055,0.027598,-0.006210,-0.004,0.008,0.000000,0.000000,0.000000,0.000000,0.000000,0.000000,0,0.00
14.880000,0.005,-0.011679,-0.011679,4.321,7.00,-0.014764,-0.009330,0.027590,-0.006581,-0.004,0.008,0.000000,0.000000,0.000000,0.000000,0.000000,0.000000,0,0.00
14.890000,0.005,-0.010903,-0.010903,4.321,7.00,-0.014455,-0.009607,0.027582,-0.007073,-0.004,0.007,0.000000,0.000000,0.000000,0.000000,0.000000,0.000000,0,0.00
14.900000,0.005,-0.010306,-0.010306,4.321,7.00,-0.014100,-0.009882,0.027573,-0.007385,-0.004,0.007,0.000000,0.000000,0.000000,0.000000,0.000000,0.000000,0,0.00
14.910000,0.005,-0.009755,-0.009755,4.321,7.00,-0.013721,-0.010157,0.027564,-0.007652,-0.005,0.007,0.000000,0.000000,0.000000,0.000000,0.000000,0.000000,0,0.00
14.920000,0.005,-0.009046,-0.009046,4.321,7.00,-0.013325,-0.010433,0.027556,-0.008077,-0.005,0.006,0.000000,0.000000,0.000000,0.000000,0.000000,0.000000,0,0.00
14.930000,0.005,-0.008615,-0.008615,4.321,7.00,-0.012897,-0.010711,0.027547,-0.008221,-0.005,0.006,0.000000,0.000000,0.000000,0.000000,0.000000,0.000000,0,0.00
14.940000,0.005,-0.008306,-0.008306,4.321,7.00,-0.012469,-0.010976,0.027538,-0.008257,-0.005,0.006,0.000000,0.000000,0.000000,0.000000,0.000000,0.000000,0,0.00
14.950000,0.006,-0.007977,-0.007977,4.321,7.00,-0.012053,-0.011229,0.027530,-0.008324,-0.005,0.005,0.000000,0.000000,0.000000,0.000000,0.000000,0.000000,0,0.00
14.960000,0.006,-0.008012,-0.008012,4.321,7.00,-0.011646,-0.011487,0.027518,-0.008019,-0.005,0.005,0.000000,0.000000,0.000000,0.000000,0.000000,0.000000,0,0.00
14.970000,0.006,-0.008150,-0.008150,4.321,7.00,-0.011282,-0.011726,0.027508,-0.007631,-0.005,0.005,0.000000,0.000000,0.000000,0.000000,0.000000,0.000000,0,0.00
14.980000,0.006,-0.008321,-0.008321,4.321,7.00,-0.010969,-0.011950,0.027498,-0.007226,-0.005,0.006,0.000000,0.000000,0.000000,0.000000,0.000000,0.000000,0,0.00
14.990000,0.006,-0.008648,-0.008648,4.321,7.00,-0.010705,-0.012168,0.027486,-0.006670,-0.006,0.006,0.000000,0.000000,0.000000,0.000000,0.000000,0.000000,0,0.00
15.000000,0.006,-0.009028,-0.009028,4.321,7.00,-0.010499,-0.012375,0.027473,-0.006069,-0.006,0.006,0.000000,0.000000,0.000000,0.000000,0.000000,0.000000,0,0.00
15.010000,0.006,-0.009115,-0.009115,4.321,7.00,-0.010352,-0.012571,0.027461,-0.005775,-0.006,0.006,0.000000,0.000000,0.000000,0.000000,0.000000,0.000000,0,0.00
15.020000,0.006,-0.009443,-0.009443,4.321,7.00,-0.010228,-0.012757,0.027447,-0.005247,-0.006,0.006,0.000000,0.000000,0.000000,0.000000,0.000000,0.000000,0,0.00
15.030000,0.006,-0.009753,-0.009753,4.321,7.00,-0.010150,-0.012927,0.027432,-0.004752,-0.006,0.007,0.000000,0.000000,0.000000,0.000000,0.000000,0.000000,0,0.00
15.040000,0.007,-0.009993,-0.009993,4.321,7.00,-0.010110,-0.013084,0.027418,-0.004340,-0.006,0.007,0.000000,0.000000,0.000000,0.000000,0.000000,0.000000,0,0.00
15.050000,0.007,-0.010166,-0.010166,4.321,7.00,-0.010098,-0.013231,0.027403,-0.004006,-0.006,0.007,0.000000,0.000000,0.000000,0.000000,0.000000,0.000000,0,0.00
15.060000,0.007,-0.010452,-0.010452,4.321,7.00,-0.010105,-0.013374,0.027387,-0.003561,-0.006,0.007,0.000000,0.000000,0.000000,0.000000,0.000000,0.000000,0,0.00
15.070000,0.007,-0.010602,-0.010602,4.321,7.00,-0.010140,-0.013510,0.027370,-0.003259,-0.006,0.007,0.000000,0.000000,0.000000,0.000000,0.000000,0.000000,0,0.00
15.080000,0.007,-0.010957,-0.010957,4.321,7.00,-0.010186,-0.013639,0.027334,-0.002739,-0.007,0.007,0.000000,0.000000,0.000000,0.000000,0.000000,0.000000,0,0.00
15.090000,0.007,-0.011203,-0.011203,4.321,7.00,-0.010263,-0.013759,0.027308,-0.002347,-0.007,0.007,0.000000,0.000000,0.000000,0.000000,0.000000,0.000000,0,0.00
15.100000,0.007,-0.011170,-0.011170,4.321,7.00,-0.010357,-0.013874,0.027294,-0.002249,-0.007,0.007,0.000000,0.000000,0.000000,0.000000,0.000000,0.000000,0,0.00
15.110000,0.007,-0.011092,-0.011092,4.321,7.00,-0.010438,-0.013992,0.027278,-0.002194,-0.007,0.007,0.000000,0.000000,0.000000,0.000000,0.000000,0.000000,0,0.00
15.120000,0.007,-0.010928,-0.010928,4.321,7.00,-0.010504,-0.014118,0.027262,-0.002217,-0.007,0.007,0.000000,0.000000,0.000000,0.000000,0.000000,0.000000,0,0.00
15.130000,0.007,-0.010344,-0.010344,4.321,7.00,-0.010546,-0.014248,0.027249,-0.002657,-0.007,0.007,0.000000,0.000000,0.000000,0.000000,0.000000,0.000000,0,0.00
15.140000,0.007,-0.009765,-0.009765,4.321,7.00,-0.010526,-0.014386,0.027236,-0.003084,-0.007,0.007,0.000000,0.000000,0.000000,0.000000,0.000000,0.000000,0,0.00
15.150000,0.007,-0.009501,-0.009501,4.321,7.00,-0.010450,-0.014530,0.027220,-0.003189,-0.007,0.006,0.000000,0.000000,0.000000,0.000000,0.000000,0.000000,0,0.00
15.160000,0.007,-0.009082,-0.009082,4.321,7.00,-0.010355,-0.014670,0.027207,-0.003455,-0.007,0.006,0.000000,0.000000,0.000000,0.000000,0.000000,0.000000,0,0.00
15.170000,0.007,-0.008712,-0.008712,4.321,7.00,-0.010228,-0.014810,0.027194,-0.003672,-0.007,0.006,0.000000,0.000000,0.000000,0.000000,0.000000,0.000000,0,0.00
15.180000,0.007,-0.008560,-0.008560,4.321,7.00,-0.010076,-0.014946,0.027179,-0.003673,-0.007,0.006,0.000000,0.000000,0.000000,0.000000,0.000000,0.000000,0,0.00
15.190000,0.008,-0.008327,-0.008327,4.321,7.00,-0.009925,-0.015073,0.027168,-0.003768,-0.007,0.006,0.000000,0.000000,0.000000,0.000000,0.000000,0.000000,0,0.00
15.200000,0.008,-0.008104,-0.008104,4.321,7.00,-0.009765,-0.015193,0.027156,-0.003858,-0.007,0.005,0.000000,0.000000,0.000000,0.000000,0.000000,0.000000,0,0.00
15.210000,0.008,-0.008116,-0.008116,4.321,7.00,-0.009599,-0.015300,0.027143,-0.003727,-0.007,0.005,0.000000,0.000000,0.000000,0.000000,0.000000,0.000000,0,0.00
15.220000,0.008,-0.008238,-0.008238,4.321,7.00,-0.009451,-0.015393,0.027130,-0.003500,-0.007,0.005,0.000000,0.000000,0.000000,0.000000,0.000000,0.000000,0,0.00
15.230000,0.008,-0.008319,-0.008319,4.321,7.00,-0.009329,-0.015469,0.027119,-0.003331,-0.008,0.006,0.000000,0.000000,0.000000,0.000000,0.000000,0.000000,0,0.00
15.240000,0.008,-0.008729,-0.008729,4.321,7.00,-0.009228,-0.015532,0.027105,-0.002844,-0.008,0.006,0.000000,0.000000,0.000000,0.000000,0.000000,0.000000,0,0.00
15.250000,0.008,-0.009213,-0.009213,4.321,7.00,-0.009178,-0.015576,0.027089,-0.002299,-0.008,0.006,0.000000,0.000000,0.000000,0.000000,0.000000,0.000000,0,0.00
15.260000,0.008,-0.009733,-0.009733,4.321,7.00,-0.009182,-0.015595,0.027076,-0.001747,-0.008,0.006,0.000000,0.000000,0.000000,0.000000,0.000000,0.000000,0,0.00
15.270000,0.008,-0.010276,-0.010276,4.321,7.00,-0.009237,-0.015594,0.027059,-0.001190,-0.008,0.007,0.000000,0.000000,0.000000,0.000000,0.000000,0.000000,0,0.00
15.280000,0.008,-0.010831,-0.010831,4.321,7.00,-0.009341,-0.015585,0.027043,-0.000627,-0.008,0.007,0.000000,0.000000,0.000000,0.000000,0.000000,0.000000,0,0.00
15.290000,0.008,-0.011332,-0.011332,4.321,7.00,-0.009490,-0.015559,0.027029,-0.000137,-0.008,0.008,0.000000,0.000000,0.000000,0.000000,0.000000,0.000000,0,0.00
15.300000,0.008,-0.011720,-0.011720,4.321,7.00,-0.009674,-0.015522,0.027011,0.000232,-0.008,0.008,0.000000,0.000000,0.000000,0.000000,0.000000,0.000000,0,0.00
15.310000,0.008,-0.012023,-0.012023,4.321,7.00,-0.009879,-0.015485,0.026994,0.000515,-0.008,0.008,0.000000,0.000000,0.000000,0.000000,0.000000,0.000000,0,0.00
15.320000,0.008,-0.012203,-0.012203,4.321,7.00,-0.010093,-0.015448,0.026977,0.000675,-0.008,0.008,0.000000,0.000000,0.000000,0.000000,0.000000,0.000000,0,0.00
15.330000,0.008,-0.012368,-0.012368,4.321,7.00,-0.010304,-0.015407,0.026959,0.000816,-0.008,0.008,0.000000,0.000000,0.000000,0.000000,0.000000,0.000000,0,0.00
15.340000,0.008,-0.012435,-0.012435,4.321,7.00,-0.010511,-0.015363,0.026941,0.000858,-0.008,0.008,0.000000,0.000000,0.000000,0.000000,0.000000,0.000000,0,0.00
15.350000,0.008,-0.012492,-0.012492,4.321,7.00,-0.010703,-0.015318,0.026922,0.000888,-0.008,0.008,0.000000,0.000000,0.000000,0.000000,0.000000,0.000000,0,0.00
15.360000,0.008,-0.012398,-0.012398,4.321,7.00,-0.010882,-0.015271,0.026874,0.000794,-0.008,0.008,0.000000,0.000000,0.000000,0.000000,0.000000,0.000000,0,0.00
15.370000,0.008,-0.012396,-0.012396,4.321,7.00,-0.011034,-0.015226,0.026851,0.000771,-0.008,0.008,0.000000,0.000000,0.000000,0.000000,0.000000,0.000000,0,0.00
15.380000,0.008,-0.012446,-0.012446,4.321,7.00,-0.011170,-0.015181,0.026834,0.000794,-0.008,0.008,0.000000,0.000000,0.000000,0.000000,0.000000,0.000000,0,0.00
15.390000,0.008,-0.012508,-0.012508,4.321,7.00,-0.011297,-0.015133,0.026817,0.000824,-0.008,0.008,0.000000,0.000000,0.000000,0.000000,0.000000,0.000000,0,0.00
15.400000,0.008,-0.012594,-0.012594,4.321,7.00,-0.011418,-0.015078,0.026799,0.000873,-0.008,0.008,0.000000,0.000000,0.000000,0.000000,0.000000,0.000000,0,0.00
15.410000,0.008,-0.012864,-0.012864,4.321,7.00,-0.011536,-0.015019,0.026785,0.001099,-0.008,0.009,0.000000,0.000000,0.000000,0.000000,0.000000,0.000000,0,0.00
15.420000,0.007,-0.013095,-0.013095,4.321,7.00,-0.011669,-0.014954,0.026770,0.001279,-0.008,0.009,0.000000,0.000000,0.000000,0.000000,0.000000,0.000000,0,0.00
15.430000,0.007,-0.013287,-0.013287,4.321,7.00,-0.011811,-0.014884,0.026754,0.001416,-0.008,0.009,0.000000,0.000000,0.000000,0.000000,0.000000,0.000000,0,0.00
15.440000,0.007,-0.013520,-0.013520,4.321,7.00,-0.011959,-0.014811,0.026740,0.001591,-0.008,0.009,0.000000,0.000000,0.000000,0.000000,0.000000,0.000000,0,0.00
15.450000,0.007,-0.013786,-0.013786,4.321,7.00,-0.012115,-0.014735,0.026728,0.001793,-0.008,0.009,0.000000,0.000000,0.000000,0.000000,0.000000,0.000000,0,0.00
15.460000,0.007,-0.014017,-0.014017,4.321,7.00,-0.012282,-0.014656,0.026715,0.001958,-0.007,0.009,0.000000,0.000000,0.000000,0.000000,0.000000,0.000000,0,0.00
15.470000,0.007,-0.014219,-0.014219,4.321,7.00,-0.012456,-0.014580,0.026703,0.002096,-0.007,0.009,0.000000,0.000000,0.000000,0.000000,0.000000,0.000000,0,0.00
15.480000,0.007,-0.014416,-0.014416,4.321,7.00,-0.012632,-0.014510,0.026693,0.002233,-0.007,0.010,0.000000,0.000000,0.000000,0.000000,0.000000,0.000000,0,0.00
15.490000,0.007,-0.014519,-0.014519,4.321,7.00,-0.012810,-0.014443,0.026682,0.002280,-0.007,0.010,0.000000,0.000000,0.000000,0.000000,0.000000,0.000000,0,0.00
15.500000,0.007,-0.014529,-0.014529,4.321,7.00,-0.012981,-0.014384,0.026671,0.002242,-0.007,0.010,0.000000,0.000000,0.000000,0.000000,0.000000,0.000000,0,0.00
15.510000,0.007,-0.014412,-0.014412,4.321,7.00,-0.013136,-0.014331,0.026659,0.002084,-0.007,0.010,0.000000,0.000000,0.000000,0.000000,0.000000,0.000000,0,0.00
15.520000,0.007,-0.014253,-0.014253,4.321,7.00,-0.013264,-0.014284,0.026646,0.001891,-0.007,0.010,0.000000,0.000000,0.000000,0.000000,0.000000,0.000000,0,0.00
15.530000,0.007,-0.014025,-0.014025,4.321,7.00,-0.013363,-0.014242,0.026633,0.001634,-0.007,0.009,0.000000,0.000000,0.000000,0.000000,0.000000,0.000000,0,0.00
15.540000,0.007,-0.013823,-0.013823,4.321,7.00,-0.013429,-0.014205,0.026620,0.001408,-0.007,0.009,0.000000,0.000000,0.000000,0.000000,0.000000,0.000000,0,0.00
15.550000,0.007,-0.013621,-0.013621,4.321,7.00,-0.013468,-0.014171,0.026607,0.001185,-0.007,0.009,0.000000,0.000000,0.000000,0.000000,0.000000,0.000000,0,0.00
15.560000,0.007,-0.013436,-0.013436,4.321,7.00,-0.013483,-0.014147,0.026592,0.000991,-0.007,0.009,0.000000,0.000000,0.000000,0.000000,0.000000,0.000000,0,0.00
15.570000,0.007,-0.013260,-0.013260,4.321,7.00,-0.013479,-0.014129,0.026578,0.000812,-0.007,0.009,0.000000,0.000000,0.000000,0.000000,0.000000,0.000000,0,0.00
15.580000,0.007,-0.014835,-0.014835,4.321,7.00,-0.013457,-0.013806,0.026563,0.002079,-0.007,0.010,0.000000,0.000000,0.000000,0.000000,0.000000,0.000000,0,0.00
15.590000,0.007,-0.015345,-0.015345,4.321,7.00,-0.013595,-0.013676,0.026548,0.002473,-0.007,0.010,0.000000,0.000000,0.000000,0.000000,0.000000,0.000000,0,0.00
15.600000,0.007,-0.015239,-0.015239,4.321,7.00,-0.013770,-0.013660,0.026533,0.002366,-0.007,0.010,0.000000,0.000000,0.000000,0.000000,0.000000,0.000000,0,0.00
15.610000,0.007,-0.014810,-0.014810,4.321,7.00,-0.013916,-0.013714,0.026518,0.002006,-0.007,0.010,0.000000,0.000000,0.000000,0.000000,0.000000,0.000000,0,0.00
15.620000,0.007,-0.014271,-0.014271,4.321,7.00,-0.014006,-0.013798,0.026501,0.001568,-0.007,0.010,0.000000,0.000000,0.000000,0.000000,0.000000,0.000000,0,0.00
15.630000,0.007,-0.012201,-0.012201,4.321,7.00,-0.014032,-0.013907,0.026484,-0.000377,-0.007,0.008,0.000000,0.000000,0.000000,0.000000,0.000000,0.000000,0,0.00
15.640000,0.007,-0.011138,-0.011138,4.321,7.00,-0.013849,-0.014055,0.026446,-0.001253,-0.007,0.007,0.000000,0.000000,0.000000,0.000000,0.000000,0.000000,0,0.00
15.650000,0.007,-0.010460,-0.010460,4.321,7.00,-0.013578,-0.014216,0.026419,-0.001743,-0.007,0.007,0.000000,0.000000,0.000000,0.000000,0.000000,0.000000,0,0.00
15.660000,0.007,-0.009845,-0.009845,4.321,7.00,-0.013267,-0.014386,0.026401,-0.002170,-0.007,0.007,0.000000,0.000000,0.000000,0.000000,0.000000,0.000000,0,0.00
15.670000,0.007,-0.009179,-0.009179,4.321,7.00,-0.012925,-0.014559,0.026386,-0.002647,-0.007,0.006,0.000000,0.000000,0.000000,0.000000,0.000000,0.000000,0,0.00
15.680000,0.007,-0.008682,-0.008682,4.321,7.00,-0.012550,-0.014734,0.026369,-0.002953,-0.007,0.006,0.000000,0.000000,0.000000,0.000000,0.000000,0.000000,0,0.00
15.690000,0.007,-0.008013,-0.008013,4.321,7.00,-0.012164,-0.014905,0.026352,-0.003433,-0.007,0.005,0.000000,0.000000,0.000000,0.000000,0.000000,0.000000,0,0.00
15.700000,0.008,-0.007462,-0.007462,4.321,7.00,-0.011749,-0.015076,0.026335,-0.003797,-0.007,0.005,0.000000,0.000000,0.000000,0.000000,0.000000,0.000000,0,0.00
15.710000,0.008,-0.007139,-0.007139,4.321,7.00,-0.011320,-0.015238,0.026320,-0.003944,-0.007,0.005,0.000000,0.000000,0.000000,0.000000,0.000000,0.000000,0,0.00
15.720000,0.008,-0.007033,-0.007033,4.321,7.00,-0.010902,-0.015388,0.026305,-0.003884,-0.007,0.005,0.000000,0.000000,0.000000,0.000000,0.000000,0.000000,0,0.00
15.730000,0.008,-0.006959,-0.006959,4.321,7.00,-0.010516,-0.015527,0.026289,-0.003804,-0.007,0.005,0.000000,0.000000,0.000000,0.000000,0.000000,0.000000,0,0.00
15.740000,0.008,-0.006836,-0.006836,4.321,7.00,-0.010160,-0.015655,0.026276,-0.003784,-0.008,0.005,0.000000,0.000000,0.000000,0.000000,0.000000,0.000000,0,0.00
15.750000,0.008,-0.006764,-0.006764,4.321,7.00,-0.009828,-0.015776,0.026263,-0.003723,-0.008,0.005,0.000000,0.000000,0.000000,0.000000,0.000000,0.000000,0,0.00
15.760000,0.008,-0.006887,-0.006887,4.321,7.00,-0.009522,-0.015883,0.026248,-0.003478,-0.008,0.005,0.000000,0.000000,0.000000,0.000000,0.000000,0.000000,0,0.00
15.770000,0.008,-0.006971,-0.006971,4.321,7.00,-0.009258,-0.015972,0.026235,-0.003292,-0.008,0.005,0.000000,0.000000,0.000000,0.000000,0.000000,0.000000,0,0.00
15.780000,0.008,-0.007120,-0.007120,4.321,7.00,-0.009030,-0.016051,0.026221,-0.003050,-0.008,0.005,0.000000,0.000000,0.000000,0.000000,0.000000,0.000000,0,0.00
15.790000,0.008,-0.007361,-0.007361,4.321,7.00,-0.008839,-0.016122,0.026207,-0.002724,-0.008,0.005,0.000000,0.000000,0.000000,0.000000,0.000000,0.000000,0,0.00
15.800000,0.008,-0.007659,-0.007659,4.321,7.00,-0.008691,-0.016184,0.026193,-0.002349,-0.008,0.005,0.000000,0.000000,0.000000,0.000000,0.000000,0.000000,0,0.00
15.810000,0.008,-0.007883,-0.007883,4.321,7.00,-0.008588,-0.016240,0.026176,-0.002053,-0.008,0.005,0.000000,0.000000,0.000000,0.000000,0.000000,0.000000,0,0.00
15.820000,0.008,-0.008151,-0.008151,4.321,7.00,-0.008517,-0.016293,0.026159,-0.001714,-0.008,0.005,0.000000,0.000000,0.000000,0.000000,0.000000,0.000000,0,0.00
15.830000,0.008,-0.008278,-0.008278,4.321,7.00,-0.008481,-0.016343,0.026142,-0.001522,-0.008,0.006,0.000000,0.000000,0.000000,0.000000,0.000000,0.000000,0,0.00
15.840000,0.008,-0.008359,-0.008359,4.321,7.00,-0.008461,-0.016399,0.026124,-0.001365,-0.008,0.006,0.000000,0.000000,0.000000,0.000000,0.000000,0.000000,0,0.00
15.850000,0.008,-0.008318,-0.008318,4.321,7.00,-0.008450,-0.016465,0.026106,-0.001323,-0.008,0.006,0.000000,0.000000,0.000000,0.000000,0.000000,0.000000,0,0.00
15.860000,0.008,-0.008163,-0.008163,4.321,7.00,-0.008437,-0.016541,0.026087,-0.001384,-0.008,0.005,0.000000,0.000000,0.000000,0.000000,0.000000,0.000000,0,0.00
15.870000,0.008,-0.007914,-0.007914,4.321,7.00,-0.008410,-0.016626,0.026069,-0.001529,-0.008,0.005,0.000000,0.000000,0.000000,0.000000,0.000000,0.000000,0,0.00
15.880000,0.008,-0.007664,-0.007664,4.321,7.00,-0.008360,-0.016721,0.026048,-0.001663,-0.008,0.005,0.000000,0.000000,0.000000,0.000000,0.000000,0.000000,0,0.00
15.890000,0.008,-0.007365,-0.007365,4.321,7.00,-0.008291,-0.016825,0.026028,-0.001838,-0.008,0.005,0.000000,0.000000,0.000000,0.000000,0.000000,0.000000,0,0.00
15.900000,0.008,-0.007086,-0.007086,4.321,7.00,-0.008198,-0.016938,0.026006,-0.001982,-0.008,0.005,0.000000,0.000000,0.000000,0.000000,0.000000,0.000000,0,0.00
15.910000,0.009,-0.007065,-0.007065,4.321,7.00,-0.008087,-0.017051,0.025958,-0.001841,-0.008,0.005,0.000000,0.000000,0.000000,0.000000,0.000000,0.000000,0,0.00
15.920000,0.009,-0.006949,-0.006949,4.321,7.00,-0.007985,-0.017164,0.025931,-0.001818,-0.008,0.005,0.000000,0.000000,0.000000,0.000000,0.000000,0.000000,0,0.00
15.930000,0.009,-0.006598,-0.006598,4.321,7.00,-0.007881,-0.017294,0.025912,-0.002020,-0.008,0.004,0.000000,0.000000,0.000000,0.000000,0.000000,0.000000,0,0.00
15.940000,0.009,-0.006210,-0.006210,4.321,7.00,-0.007753,-0.017436,0.025893,-0.002247,-0.008,0.004,0.000000,0.000000,0.000000,0.000000,0.000000,0.000000,0,0.00
15.950000,0.009,-0.005780,-0.005780,4.321,7.00,-0.007599,-0.017582,0.025875,-0.002513,-0.009,0.004,0.000000,0.000000,0.000000,0.000000,0.000000,0.000000,0,0.00
15.960000,0.009,-0.004976,-0.004976,4.321,7.00,-0.007417,-0.017743,0.025858,-0.003138,-0.009,0.003,0.000000,0.000000,0.000000,0.000000,0.000000,0.000000,0,0.00
15.970000,0.009,-0.004178,-0.004178,4.321,7.00,-0.007173,-0.017924,0.025841,-0.003739,-0.009,0.003,0.000000,0.000000,0.000000,0.000000,0.000000,0.000000,0,0.00
15.980000,0.009,-0.003513,-0.003513,4.321,7.00,-0.006874,-0.018120,0.025824,-0.004191,-0.009,0.002,0.000000,0.000000,0.000000,0.000000,0.000000,0.000000,0,0.00
15.990000,0.009,-0.002699,-0.002699,4.321,7.00,-0.006538,-0.018333,0.025808,-0.004775,-0.009,0.002,0.000000,0.000000,0.000000,0.000000,0.000000,0.000000,0,0.00
16.000000,0.009,-0.001900,-0.001900,4.321,7.00,-0.006154,-0.018562,0.025791,-0.005329,-0.009,0.001,0.000000,0.000000,0.000000,0.000000,0.000000,0.000000,0,0.00
16.010000,0.009,-0.001079,-0.001079,4.321,7.00,-0.005729,-0.018802,0.025775,-0.005894,-0.009,0.001,0.000000,0.000000,0.000000,0.000000,0.000000,0.000000,0,0.00
16.020000,0.010,-0.000214,-0.000214,4.321,7.00,-0.005264,-0.019051,0.025760,-0.006495,-0.009,0.000,0.000000,0.000000,0.000000,0.000000,0.000000,0.000000,0,0.00
16.030000,0.010,0.000720,0.000720,4.321,7.00,-0.004759,-0.019318,0.025744,-0.007146,-0.009,0.000,0.000000,0.000000,0.000000,0.000000,0.000000,0.000000,0,0.00
16.040000,0.010,0.001626,0.001626,4.321,7.00,-0.004212,-0.019599,0.025729,-0.007756,-0.009,0.001,0.000000,0.000000,0.000000,0.000000,0.000000,0.000000,0,0.00
16.050000,0.010,0.001983,0.001983,4.321,7.00,-0.003628,-0.019889,0.025708,-0.007802,-0.009,0.001,0.000000,0.000000,0.000000,0.000000,0.000000,0.000000,0,0.00
16.060000,0.010,0.001905,0.001905,4.321,7.00,-0.003067,-0.020174,0.025679,-0.007410,-0.010,0.001,0.000000,0.000000,0.000000,0.000000,0.000000,0.000000,0,0.00
16.070000,0.010,0.002501,0.002501,4.321,7.00,-0.002570,-0.020448,0.025664,-0.007717,-0.010,0.002,0.000000,0.000000,0.000000,0.000000,0.000000,0.000000,0,0.00
16.080000,0.010,0.002628,0.002628,4.321,7.00,-0.002063,-0.020721,0.025645,-0.007552,-0.010,0.002,0.000000,0.000000,0.000000,0.000000,0.000000,0.000000,0,0.00
16.090000,0.010,0.002459,0.002459,4.321,7.00,-0.001594,-0.020987,0.025625,-0.007098,-0.010,0.002,0.000000,0.000000,0.000000,0.000000,0.000000,0.000000,0,0.00
16.100000,0.011,0.002463,0.002463,4.321,7.00,-0.001189,-0.021239,0.025599,-0.006824,-0.010,0.002,0.000000,0.000000,0.000000,0.000000,0.000000,0.000000,0,0.00
# Log beendet. Einträge: 1610
