timestamp,roll_angle,steering_output,final_steer,target_speed,actual_speed_kmh,actual_handlebar_angle,p_term,i_term,d_term,error,stability_factor,vision_error,vision_steer_command,vision_speed_command,vision_p_term,vision_i_term,vision_d_term,vision_active,vision_mask_coverage
0.002000,0.000,0.000172,0.000172,8.000,0.00,0.007182,-0.000172,0.000000,-0.000000,0.000,0.000,0.000000,0.000000,0.000000,0.000000,0.000000,0.000000,1,0.00
0.004000,0.000,0.000223,0.000223,8.000,1.30,0.007042,-0.000223,0.000000,-0.000000,0.000,0.000,0.000000,0.000000,0.000000,0.000000,0.000000,0.000000,1,0.00
0.006000,0.000,0.000297,0.000297,8.000,2.98,0.006905,-0.000297,0.000000,-0.000000,0.000,0.000,0.000000,0.000000,0.000000,0.000000,0.000000,0.000000,1,0.00
0.008000,0.000,0.000392,0.000392,8.000,4.95,0.006773,-0.000392,0.000000,-0.000000,0.000,0.000,0.000000,0.000000,0.000000,0.000000,0.000000,0.000000,1,0.00
0.010000,0.000,0.000509,0.000509,8.000,6.55,0.006645,-0.000509,0.000000,-0.000000,-0.000,0.000,0.000000,0.000000,0.000000,0.000000,0.000000,0.000000,1,0.00
0.012000,0.000,0.000648,0.000648,8.000,7.83,0.006523,-0.000648,0.000000,-0.000000,-0.000,0.000,0.000000,0.000000,0.000000,0.000000,0.000000,0.000000,1,0.00
0.014000,0.000,0.000809,0.000809,8.000,8.86,0.006405,-0.000809,0.000000,-0.000000,-0.000,0.001,0.000000,0.000000,0.000000,0.000000,0.000000,0.000000,1,0.00
0.016000,0.000,0.000991,0.000991,8.000,9.68,0.006293,-0.000991,0.000000,-0.000000,-0.000,0.001,0.000000,0.000000,0.000000,0.000000,0.000000,0.000000,1,0.00
0.018000,0.001,0.001195,0.001195,8.000,10.33,0.006187,-0.001195,0.000000,-0.000000,-0.000,0.001,0.000000,0.000000,0.000000,0.000000,0.000000,0.000000,1,0.00
0.020000,0.001,0.001421,-0.001243,10.000,10.86,0.006087,-0.001421,0.000000,-0.000000,-0.000,0.001,0.000000,-0.002604,1.000000,0.000000,0.000000,0.000000,1,0.00
0.022000,0.001,0.001670,-0.003071,10.000,11.89,0.005941,-0.001670,0.000000,-0.000000,-0.000,0.001,0.000000,-0.005208,1.000000,0.000000,0.000000,0.000000,1,0.00
0.024000,0.001,0.001943,-0.002935,10.000,12.75,0.005761,-0.001943,0.000000,-0.000000,-0.000,0.001,0.000000,-0.005208,1.000000,0.000000,0.000000,0.000000,1,0.00
0.026000,0.001,0.002237,-0.002788,10.000,13.44,0.005587,-0.002237,0.000000,-0.000000,-0.001,0.001,0.000000,-0.005208,1.000000,0.000000,0.000000,0.000000,1,0.00
0.028000,0.001,0.002533,-0.002640,10.000,13.99,0.005419,-0.002533,0.000000,-0.000000,-0.001,0.002,0.000000,-0.005208,1.000000,0.000000,0.000000,0.000000,1,0.00
0.030000,0.001,0.002828,-0.002492,10.000,14.43,0.005258,-0.002828,0.000000,-0.000000,-0.001,0.002,0.000000,-0.005208,1.000000,0.000000,0.000000,0.000000,1,0.00
0.032000,0.002,0.003123,-0.002345,10.000,14.79,0.005103,-0.003123,0.000000,-0.000000,-0.001,0.002,0.000000,-0.005208,1.000000,0.000000,0.000000,0.000000,1,0.00
0.034000,0.002,0.003416,-0.002198,10.000,15.07,0.004954,-0.003416,0.000000,-0.000000,-0.001,0.002,0.000000,-0.005208,1.000000,0.000000,0.000000,0.000000,1,0.00
0.036000,0.002,0.003707,-0.002053,10.000,15.30,0.004811,-0.003707,0.000000,-0.000000,-0.001,0.002,0.000000,-0.005208,1.000000,0.000000,0.000000,0.000000,1,0.00
0.038000,0.002,0.003998,-0.001907,10.000,15.48,0.004674,-0.003998,0.000000,-0.000000,-0.001,0.003,0.000000,-0.005208,1.000000,0.000000,0.000000,0.000000,1,0.00
0.040000,0.002,0.004286,0.009956,8.344,15.62,0.004542,-0.004286,0.000000,-0.000000,-0.002,0.003,-0.039583,0.010417,0.724013,-0.190000,-0.002147,-0.014844,1,0.00
0.042000,0.002,0.004538,0.012035,8.403,15.20,0.004650,-0.004538,0.000000,-0.000000,-0.002,0.003,-0.039583,0.013021,0.733849,-0.190000,-0.002191,-0.007422,1,0.00
0.044000,0.002,0.004765,0.012148,8.403,14.88,0.004798,-0.004765,0.000000,-0.000000,-0.002,0.003,-0.039583,0.013021,0.733849,-0.190000,-0.002191,-0.007422,1,0.00
0.046000,0.002,0.004990,0.012260,8.403,14.63,0.004945,-0.004990,0.000000,-0.000000,-0.002,0.003,-0.039583,0.013021,0.733849,-0.190000,-0.002191,-0.007422,1,0.00
0.048000,0.003,0.005213,0.012372,8.403,14.43,0.005091,-0.005213,0.000000,-0.000000,-0.002,0.003,-0.039583,0.013021,0.733849,-0.190000,-0.002191,-0.007422,1,0.00
0.050000,0.003,0.005435,0.012483,8.403,14.26,0.005237,-0.005435,0.000000,-0.000000,-0.002,0.004,-0.039583,0.013021,0.733849,-0.190000,-0.002191,-0.007422,1,0.00
0.052000,0.003,0.005656,0.012594,8.403,14.13,0.005382,-0.005656,0.000000,-0.000000,-0.002,0.004,-0.039583,0.013021,0.733849,-0.190000,-0.002191,-0.007422,1,0.00
0.054000,0.003,0.005875,0.012703,8.403,14.03,0.005526,-0.005875,0.000000,-0.000000,-0.002,0.004,-0.039583,0.013021,0.733849,-0.190000,-0.002191,-0.007422,1,0.00
0.056000,0.003,0.006093,0.012812,8.403,13.95,0.005669,-0.006093,0.000000,-0.000000,-0.003,0.004,-0.039583,0.013021,0.733849,-0.190000,-0.002191,-0.007422,1,0.00
0.058000,0.003,0.006309,0.012920,8.403,13.88,0.005812,-0.006309,0.000000,-0.000000,-0.003,0.004,-0.039583,0.013021,0.733849,-0.190000,-0.002191,-0.007422,1,0.00
0.060000,0.003,0.006523,0.018887,8.356,13.83,0.005954,-0.006523,0.000000,-0.000000,-0.003,0.004,-0.041667,0.020833,0.725972,-0.200000,-0.002382,-0.003139,1,0.00
0.062000,0.003,0.006728,0.018989,8.368,13.77,0.006213,-0.006728,0.000000,-0.000000,-0.003,0.004,-0.041667,0.020833,0.728056,-0.200000,-0.002388,-0.001570,1,0.00
0.064000,0.003,0.006790,0.019020,8.368,11.34,0.006468,-0.006790,0.000000,-0.000000,-0.003,0.005,-0.041667,0.020833,0.728056,-0.200000,-0.002388,-0.001570,1,0.00
0.066000,0.003,0.006849,0.019049,8.368,9.23,0.006719,-0.006849,0.000000,-0.000000,-0.003,0.005,-0.041667,0.020833,0.728056,-0.200000,-0.002388,-0.001570,1,0.00
0.068000,0.003,0.006910,0.019080,8.368,7.44,0.006966,-0.006910,0.000000,-0.000000,-0.003,0.005,-0.041667,0.020833,0.728056,-0.200000,-0.002388,-0.001570,1,0.00
0.070000,0.003,0.006972,0.019111,8.368,5.93,0.007208,-0.006972,0.000000,-0.000000,-0.003,0.005,-0.041667,0.020833,0.728056,-0.200000,-0.002388,-0.001570,1,0.00
0.072000,0.004,0.007034,0.019142,8.368,4.69,0.007446,-0.007034,0.000000,-0.000000,-0.003,0.005,-0.041667,0.020833,0.728056,-0.200000,-0.002388,-0.001570,1,0.00
0.074000,0.004,0.007095,0.019172,8.368,3.66,0.007680,-0.007095,0.000000,-0.000000,-0.003,0.005,-0.041667,0.020833,0.728056,-0.200000,-0.002388,-0.001570,1,0.00
0.076000,0.004,0.007155,0.019202,8.368,2.84,0.007910,-0.007155,0.000000,-0.000000,-0.003,0.005,-0.041667,0.020833,0.728056,-0.200000,-0.002388,-0.001570,1,0.00
0.078000,0.004,0.007213,0.019231,8.368,2.18,0.008136,-0.007213,0.000000,-0.000000,-0.003,0.005,-0.041667,0.020833,0.728056,-0.200000,-0.002388,-0.001570,1,0.00
0.080000,0.004,0.007268,0.019259,8.200,1.71,0.008358,-0.007268,0.000000,-0.000000,-0.004,0.005,-0.043750,0.020833,0.700017,-0.210000,-0.002484,-0.012503,1,0.00
0.082000,0.004,0.007320,0.019285,8.250,1.52,0.008576,-0.007320,0.000000,-0.000000,-0.004,0.005,-0.043750,0.020833,0.708337,-0.210000,-0.002496,-0.006252,1,0.00
0.084000,0.004,0.007369,0.019310,8.250,1.64,0.008790,-0.007369,0.000000,-0.000000,-0.004,0.005,-0.043750,0.020833,0.708337,-0.210000,-0.002496,-0.006252,1,0.00
0.086000,0.004,0.007416,0.019333,8.250,2.05,0.009001,-0.007416,0.000000,-0.000000,-0.004,0.005,-0.043750,0.020833,0.708337,-0.210000,-0.002496,-0.006252,1,0.00
0.088000,0.004,0.007459,0.019355,8.250,2.74,0.009207,-0.007459,0.000000,-0.000000,-0.004,0.005,-0.043750,0.020833,0.708337,-0.210000,-0.002496,-0.006252,1,0.00
0.090000,0.004,0.007500,0.019375,8.250,3.65,0.009410,-0.007500,0.000000,-0.000000,-0.004,0.005,-0.043750,0.020833,0.708337,-0.210000,-0.002496,-0.006252,1,0.00
0.092000,0.004,0.007537,0.019393,8.250,4.73,0.009609,-0.007537,0.000000,-0.000000,-0.004,0.005,-0.043750,0.020833,0.708337,-0.210000,-0.002496,-0.006252,1,0.00
0.094000,0.004,0.007571,0.019410,8.250,5.93,0.009805,-0.007571,0.000000,-0.000000,-0.004,0.005,-0.043750,0.020833,0.708337,-0.210000,-0.002496,-0.006252,1,0.00
0.096000,0.004,0.007602,0.019426,8.250,7.21,0.009997,-0.007602,0.000000,-0.000000,-0.004,0.005,-0.043750,0.020833,0.708337,-0.210000,-0.002496,-0.006252,1,0.00
0.098000,0.004,0.007629,0.019440,8.250,8.44,0.010186,-0.007629,0.000000,-0.000000,-0.004,0.005,-0.043750,0.020833,0.708337,-0.210000,-0.002496,-0.006252,1,0.00
0.100000,0.004,0.007654,0.017499,8.780,9.43,0.010371,-0.007654,0.000000,-0.000000,0.000,0.005,-0.041667,0.018229,0.796678,-0.200000,-0.002479,0.049988,1,0.00
0.102000,0.004,0.007681,0.016568,8.580,10.38,0.010514,-0.007681,0.000000,-0.000000,0.000,0.005,-0.041667,0.016971,0.763388,-0.200000,-0.002453,0.024994,1,0.00
0.104000,0.004,0.007705,0.016580,8.580,11.09,0.010635,-0.007705,0.000000,-0.000000,0.000,0.005,-0.041667,0.016971,0.763388,-0.200000,-0.002453,0.024994,1,0.00
0.106000,0.004,0.007726,0.016591,8.580,11.65,0.010754,-0.007726,0.000000,-0.000000,0.000,0.005,-0.041667,0.016971,0.763388,-0.200000,-0.002453,0.024994,1,0.00
0.108000,0.004,0.007743,0.016600,8.580,12.10,0.010870,-0.007743,0.000000,-0.000000,-0.004,0.005,-0.041667,0.016971,0.763388,-0.200000,-0.002453,0.024994,1,0.00
0.110000,0.004,0.007757,0.016607,8.580,12.46,0.010985,-0.007757,0.000000,-0.000000,-0.004,0.005,-0.041667,0.016971,0.763388,-0.200000,-0.002453,0.024994,1,0.00
0.112000,0.004,0.007768,0.016612,8.580,12.75,0.011097,-0.007768,0.000000,-0.000000,-0.004,0.005,-0.041667,0.016971,0.763388,-0.200000,-0.002453,0.024994,1,0.00
0.114000,0.004,0.007775,0.016615,8.580,12.98,0.011208,-0.007775,0.000000,-0.000000,-0.004,0.005,-0.041667,0.016971,0.763388,-0.200000,-0.002453,0.024994,1,0.00
0.116000,0.004,0.007778,0.016617,8.580,13.16,0.011316,-0.007778,0.000000,-0.000000,-0.004,0.005,-0.041667,0.016971,0.763388,-0.200000,-0.002453,0.024994,1,0.00
0.118000,0.004,0.007778,0.016617,8.580,13.31,0.011422,-0.007778,0.000000,-0.000000,-0.004,0.005,-0.041667,0.016971,0.763388,-0.200000,-0.002453,0.024994,1,0.00
0.120000,0.004,0.007774,0.019512,8.381,13.43,0.011526,-0.007774,0.000000,-0.000000,-0.004,0.005,-0.041667,0.020833,0.730197,-0.200000,-0.002401,0.000049,1,0.00
0.122000,0.004,0.007761,0.019506,8.381,13.46,0.011685,-0.007761,0.000000,0.000000,-0.004,0.005,-0.041667,0.020833,0.730165,-0.200000,-0.002401,0.000024,1,0.00
0.124000,0.004,0.007746,0.019498,8.381,13.48,0.011842,-0.007746,0.000000,0.000000,-0.004,0.005,-0.041667,0.020833,0.730165,-0.200000,-0.002401,0.000024,1,0.00
0.126000,0.004,0.007726,0.019488,8.381,13.50,0.011995,-0.007726,0.000000,0.000000,-0.004,0.005,-0.041667,0.020833,0.730165,-0.200000,-0.002401,0.000024,1,0.00
0.128000,0.004,0.007703,0.019477,8.381,13.51,0.012145,-0.007703,0.000000,0.000000,-0.004,0.005,-0.041667,0.020833,0.730165,-0.200000,-0.002401,0.000024,1,0.00
0.130000,0.004,0.007677,0.019464,8.381,13.53,0.012291,-0.007677,0.000000,0.000000,-0.004,0.005,-0.041667,0.020833,0.730165,-0.200000,-0.002401,0.000024,1,0.00
0.132000,0.004,0.007647,0.019449,8.381,13.54,0.012435,-0.007647,0.000000,0.000000,-0.004,0.005,-0.041667,0.020833,0.730165,-0.200000,-0.002401,0.000024,1,0.00
0.134000,0.004,0.007614,0.019432,8.381,13.54,0.012575,-0.007614,0.000000,0.000000,-0.004,0.005,-0.041667,0.020833,0.730165,-0.200000,-0.002401,0.000024,1,0.00
0.136000,0.004,0.007577,0.019414,8.381,13.55,0.012712,-0.007577,0.000000,0.000000,-0.004,0.005,-0.041667,0.020833,0.730165,-0.200000,-0.002401,0.000024,1,0.00
0.138000,0.004,0.007537,0.019393,8.381,13.56,0.012846,-0.007537,0.000000,0.000000,-0.004,0.005,-0.041667,0.020833,0.730165,-0.200000,-0.002401,0.000024,1,0.00
0.140000,0.004,0.007493,0.018760,8.463,13.56,0.012977,-0.007493,0.000000,0.000000,-0.004,0.005,-0.039583,0.020018,0.743883,-0.190000,-0.002283,0.000195,1,0.00
0.142000,0.004,0.007446,0.018752,8.463,13.59,0.013093,-0.007446,0.000000,0.000000,-0.004,0.005,-0.039583,0.020038,0.743754,-0.190000,-0.002282,0.000098,1,0.00
0.144000,0.004,0.007396,0.018727,8.463,13.61,0.013206,-0.007396,0.000000,0.000000,-0.004,0.005,-0.039583,0.020038,0.743754,-0.190000,-0.002282,0.000098,1,0.00
0.146000,0.004,0.007342,0.018700,8.463,13.63,0.013317,-0.007342,0.000000,0.000000,-0.004,0.005,-0.039583,0.020038,0.743754,-0.190000,-0.002282,0.000098,1,0.00
0.148000,0.004,0.007284,0.018671,8.463,13.65,0.013424,-0.007284,0.000000,0.000000,-0.004,0.005,-0.039583,0.020038,0.743754,-0.190000,-0.002282,0.000098,1,0.00
0.150000,0.004,0.007223,0.018640,8.463,13.66,0.013529,-0.007223,0.000000,0.000000,-0.004,0.005,-0.039583,0.020038,0.743754,-0.190000,-0.002282,0.000098,1,0.00
0.152000,0.004,0.007220,0.018639,8.463,13.67,0.013631,-0.007220,0.000000,0.000000,-0.004,0.005,-0.039583,0.020038,0.743754,-0.190000,-0.002282,0.000098,1,0.00
0.154000,0.004,0.007223,0.018641,8.463,13.62,0.013731,-0.007223,0.000000,0.000000,-0.004,0.005,-0.039583,0.020038,0.743754,-0.190000,-0.002282,0.000098,1,0.00
0.156000,0.004,0.007231,0.018644,8.463,13.38,0.013829,-0.007231,0.000000,0.000000,-0.004,0.005,-0.039583,0.020038,0.743754,-0.190000,-0.002282,0.000098,1,0.00
0.158000,0.004,0.007242,0.018650,8.463,12.93,0.013925,-0.007242,0.000000,0.000000,-0.004,0.005,-0.039583,0.020038,0.743754,-0.190000,-0.002282,0.000098,1,0.00
0.160000,0.004,0.007256,0.016969,8.549,12.28,0.014020,-0.007256,0.000000,-0.000000,-0.004,0.005,-0.037500,0.017789,0.758152,-0.180000,-0.002167,0.000781,1,0.00
0.162000,0.004,0.007278,0.017041,8.546,11.49,0.014079,-0.007278,0.000000,-0.000000,-0.004,0.005,-0.037500,0.017870,0.757635,-0.180000,-0.002165,0.000391,1,0.00
0.164000,0.004,0.007300,0.017052,8.546,10.65,0.014138,-0.007300,0.000000,-0.000000,-0.004,0.005,-0.037500,0.017870,0.757635,-0.180000,-0.002165,0.000391,1,0.00
0.166000,0.004,0.007322,0.017063,8.546,9.85,0.014196,-0.007322,0.000000,-0.000000,-0.004,0.005,-0.037500,0.017870,0.757635,-0.180000,-0.002165,0.000391,1,0.00
0.168000,0.004,0.007343,0.017073,8.546,9.16,0.014254,-0.007343,0.000000,-0.000000,-0.004,0.005,-0.037500,0.017870,0.757635,-0.180000,-0.002165,0.000391,1,0.00
0.170000,0.004,0.007360,0.017082,8.546,8.61,0.014310,-0.007360,0.000000,-0.000000,-0.004,0.005,-0.037500,0.017870,0.757635,-0.180000,-0.002165,0.000391,1,0.00
0.172000,0.004,0.007375,0.017090,8.546,8.24,0.014365,-0.007375,0.000000,-0.000000,-0.004,0.005,-0.037500,0.017870,0.757635,-0.180000,-0.002165,0.000391,1,0.00
0.174000,0.004,0.007386,0.017095,8.546,8.04,0.014420,-0.007386,0.000000,-0.000000,-0.004,0.005,-0.037500,0.017870,0.757635,-0.180000,-0.002165,0.000391,1,0.00
0.176000,0.004,0.007395,0.017100,8.546,8.02,0.014473,-0.007395,0.000000,-0.000000,-0.004,0.005,-0.037500,0.017870,0.757635,-0.180000,-0.002165,0.000391,1,0.00
0.178000,0.004,0.007400,0.017102,8.546,8.17,0.014526,-0.007400,0.000000,-0.000000,-0.004,0.005,-0.037500,0.017870,0.757635,-0.180000,-0.002165,0.000391,1,0.00
0.180000,0.004,0.007402,0.015096,8.649,8.45,0.014577,-0.007402,0.000000,-0.000000,-0.004,0.005,-0.035417,0.015194,0.774760,-0.170000,-0.002056,0.003126,1,0.00
0.182000,0.004,0.007403,0.015340,8.636,8.86,0.014588,-0.007403,0.000000,-0.000000,-0.004,0.005,-0.035417,0.015518,0.772683,-0.170000,-0.002051,0.001563,1,0.00
0.184000,0.004,0.007400,0.015339,8.636,9.36,0.014603,-0.007400,0.000000,-0.000000,-0.004,0.005,-0.035417,0.015518,0.772683,-0.170000,-0.002051,0.001563,1,0.00
0.186000,0.004,0.007394,0.015336,8.636,9.95,0.014618,-0.007394,0.000000,0.000000,-0.004,0.005,-0.035417,0.015518,0.772683,-0.170000,-0.002051,0.001563,1,0.00
0.188000,0.004,0.007384,0.015331,8.636,10.62,0.014632,-0.007384,0.000000,0.000000,-0.004,0.005,-0.035417,0.015518,0.772683,-0.170000,-0.002051,0.001563,1,0.00
0.190000,0.004,0.007371,0.015324,8.636,11.30,0.014646,-0.007371,0.000000,0.000000,-0.004,0.005,-0.035417,0.015518,0.772683,-0.170000,-0.002051,0.001563,1,0.00
0.192000,0.004,0.007356,0.015317,8.636,11.84,0.014660,-0.007356,0.000000,0.000000,-0.004,0.005,-0.035417,0.015518,0.772683,-0.170000,-0.002051,0.001563,1,0.00
0.194000,0.004,0.007338,0.015308,8.636,12.27,0.014673,-0.007338,0.000000,0.000000,-0.004,0.005,-0.035417,0.015518,0.772683,-0.170000,-0.002051,0.001563,1,0.00
0.196000,0.004,0.007318,0.015298,8.636,12.61,0.014685,-0.007318,0.000000,0.000000,-0.004,0.005,-0.035417,0.015518,0.772683,-0.170000,-0.002051,0.001563,1,0.00
0.198000,0.004,0.007295,0.015286,8.636,12.89,0.014698,-0.007295,0.000000,0.000000,-0.004,0.005,-0.035417,0.015518,0.772683,-0.170000,-0.002051,0.001563,1,0.00
0.200000,0.004,0.007269,0.015515,8.624,13.11,0.014709,-0.007269,0.000000,-0.000000,0.000,0.005,-0.035417,0.015841,0.770617,-0.170000,-0.002040,0.000003,1,0.00
0.202000,0.004,0.007240,0.015501,8.624,13.28,0.014726,-0.007240,0.000000,-0.000000,0.000,0.005,-0.035417,0.015841,0.770615,-0.170000,-0.002040,0.000002,1,0.00
0.204000,0.004,0.007209,0.015486,8.624,13.42,0.014741,-0.007209,0.000000,0.000000,0.000,0.005,-0.035417,0.015841,0.770615,-0.170000,-0.002040,0.000002,1,0.00
0.206000,0.004,0.007176,0.015469,8.624,13.53,0.014756,-0.007176,0.000000,0.000000,0.000,0.005,-0.035417,0.015841,0.770615,-0.170000,-0.002040,0.000002,1,0.00
0.208000,0.004,0.007140,0.015451,8.624,13.62,0.014770,-0.007140,0.000000,0.000000,-0.004,0.005,-0.035417,0.015841,0.770615,-0.170000,-0.002040,0.000002,1,0.00
0.210000,0.004,0.007102,0.015432,8.624,13.69,0.014784,-0.007102,0.000000,0.000000,-0.004,0.005,-0.035417,0.015841,0.770615,-0.170000,-0.002040,0.000002,1,0.00
0.212000,0.004,0.007061,0.015411,8.624,13.74,0.014797,-0.007061,0.000000,0.000000,-0.004,0.005,-0.035417,0.015841,0.770615,-0.170000,-0.002040,0.000002,1,0.00
0.214000,0.004,0.007017,0.015390,8.624,13.79,0.014809,-0.007017,0.000000,0.000000,-0.004,0.005,-0.035417,0.015841,0.770615,-0.170000,-0.002040,0.000002,1,0.00
0.216000,0.003,0.006972,0.015367,8.624,13.82,0.014821,-0.006972,0.000000,0.000000,-0.004,0.005,-0.035417,0.015841,0.770615,-0.170000,-0.002040,0.000002,1,0.00
0.218000,0.003,0.006924,0.015343,8.624,13.85,0.014832,-0.006924,0.000000,0.000000,-0.004,0.005,-0.035417,0.015841,0.770615,-0.170000,-0.002040,0.000002,1,0.00
0.220000,0.003,0.006873,0.015318,8.624,13.88,0.014842,-0.006873,0.000000,0.000000,-0.004,0.005,-0.035417,0.015842,0.770613,-0.170000,-0.002040,0.000000,1,0.00
0.222000,0.003,0.006821,0.015292,8.624,13.89,0.014851,-0.006821,0.000000,0.000000,-0.004,0.005,-0.035417,0.015842,0.770613,-0.170000,-0.002040,0.000000,1,0.00
0.224000,0.003,0.006766,0.015264,8.624,13.91,0.014860,-0.006766,0.000000,0.000000,-0.003,0.005,-0.035417,0.015842,0.770613,-0.170000,-0.002040,0.000000,1,0.00
0.226000,0.003,0.006708,0.015235,8.624,13.92,0.014868,-0.006708,0.000000,0.000000,-0.003,0.004,-0.035417,0.015842,0.770613,-0.170000,-0.002040,0.000000,1,0.00
0.228000,0.003,0.006649,0.015206,8.624,13.93,0.014876,-0.006649,0.000000,0.000000,-0.003,0.004,-0.035417,0.015842,0.770613,-0.170000,-0.002040,0.000000,1,0.00
0.230000,0.003,0.006588,0.015175,8.624,13.94,0.014882,-0.006588,0.000000,0.000000,-0.003,0.004,-0.035417,0.015842,0.770613,-0.170000,-0.002040,0.000000,1,0.00
0.232000,0.003,0.006524,0.015143,8.624,13.94,0.014888,-0.006524,0.000000,0.000000,-0.003,0.004,-0.035417,0.015842,0.770613,-0.170000,-0.002040,0.000000,1,0.00
0.234000,0.003,0.006458,0.015110,8.624,13.95,0.014893,-0.006458,0.000000,0.000000,-0.003,0.004,-0.035417,0.015842,0.770613,-0.170000,-0.002040,0.000000,1,0.00
0.236000,0.003,0.006390,0.015076,8.624,13.95,0.014898,-0.006390,0.000000,0.000000,-0.003,0.004,-0.035417,0.015842,0.770613,-0.170000,-0.002040,0.000000,1,0.00
0.238000,0.003,0.006320,0.015041,8.624,13.96,0.014901,-0.006320,0.000000,0.000000,-0.003,0.004,-0.035417,0.015842,0.770613,-0.170000,-0.002040,0.000000,1,0.00
0.240000,0.003,0.006248,0.016708,8.537,13.96,0.014904,-0.006248,0.000000,0.000000,-0.003,0.004,-0.037500,0.018111,0.756088,-0.180000,-0.002153,-0.000781,1,0.00
0.242000,0.003,0.006173,0.016609,8.540,13.93,0.014940,-0.006173,0.000000,0.000000,-0.003,0.004,-0.037500,0.018030,0.756605,-0.180000,-0.002155,-0.000391,1,0.00
0.244000,0.003,0.006096,0.016571,8.540,13.91,0.014973,-0.006096,0.000000,0.000000,-0.003,0.004,-0.037500,0.018030,0.756605,-0.180000,-0.002155,-0.000391,1,0.00
0.246000,0.003,0.006018,0.016532,8.540,13.90,0.015005,-0.006018,0.000000,0.000000,-0.003,0.004,-0.037500,0.018030,0.756605,-0.180000,-0.002155,-0.000391,1,0.00
0.248000,0.003,0.005937,0.016491,8.540,13.88,0.015036,-0.005937,0.000000,0.000000,-0.003,0.004,-0.037500,0.018030,0.756605,-0.180000,-0.002155,-0.000391,1,0.00
0.250000,0.003,0.005855,0.016450,8.540,13.87,0.015065,-0.005855,0.000000,0.000000,-0.003,0.004,-0.037500,0.018030,0.756605,-0.180000,-0.002155,-0.000391,1,0.00
0.252000,0.003,0.005771,0.016408,8.540,13.87,0.015093,-0.005771,0.000000,0.000000,-0.003,0.004,-0.037500,0.018030,0.756605,-0.180000,-0.002155,-0.000391,1,0.00
0.254000,0.003,0.005685,0.016365,8.540,13.86,0.015119,-0.005685,0.000000,0.000000,-0.003,0.004,-0.037500,0.018030,0.756605,-0.180000,-0.002155,-0.000391,1,0.00
0.256000,0.003,0.005598,0.016322,8.540,13.85,0.015144,-0.005598,0.000000,0.000000,-0.003,0.004,-0.037500,0.018030,0.756605,-0.180000,-0.002155,-0.000391,1,0.00
0.258000,0.003,0.005509,0.016277,8.540,13.85,0.015167,-0.005509,0.000000,0.000000,-0.003,0.004,-0.037500,0.018030,0.756605,-0.180000,-0.002155,-0.000391,1,0.00
0.260000,0.003,0.005418,0.014219,9.023,13.85,0.015190,-0.005418,0.000000,0.000000,-0.003,0.004,-0.035417,0.015346,0.837173,-0.170000,-0.002120,0.049999,1,0.00
0.262000,0.003,0.005321,0.012217,8.823,14.00,0.015170,-0.005321,0.000000,0.000000,-0.003,0.004,-0.035417,0.012742,0.803875,-0.170000,-0.002093,0.025000,1,0.00
0.264000,0.003,0.005229,0.012171,8.823,14.06,0.015111,-0.005229,0.000000,0.000000,-0.003,0.003,-0.035417,0.012742,0.803875,-0.170000,-0.002093,0.025000,1,0.00
0.266000,0.003,0.005135,0.012124,8.823,14.11,0.015052,-0.005135,0.000000,0.000000,-0.003,0.003,-0.035417,0.012742,0.803875,-0.170000,-0.002093,0.025000,1,0.00
0.268000,0.003,0.005040,0.012077,8.823,14.14,0.014994,-0.005040,0.000000,0.000000,-0.003,0.003,-0.035417,0.012742,0.803875,-0.170000,-0.002093,0.025000,1,0.00
0.270000,0.002,0.004944,0.012028,8.823,14.17,0.014936,-0.004944,0.000000,0.000000,-0.003,0.003,-0.035417,0.012742,0.803875,-0.170000,-0.002093,0.025000,1,0.00
0.272000,0.002,0.004846,0.011979,8.823,14.20,0.014877,-0.004846,0.000000,0.000000,-0.003,0.003,-0.035417,0.012742,0.803875,-0.170000,-0.002093,0.025000,1,0.00
0.274000,0.002,0.004808,0.011960,8.823,14.22,0.014820,-0.004808,0.000000,0.000000,-0.003,0.003,-0.035417,0.012742,0.803875,-0.170000,-0.002093,0.025000,1,0.00
0.276000,0.002,0.004785,0.011949,8.823,14.23,0.014762,-0.004785,0.000000,0.000000,-0.003,0.003,-0.035417,0.012742,0.803875,-0.170000,-0.002093,0.025000,1,0.00
0.278000,0.002,0.004764,0.011939,8.823,14.24,0.014706,-0.004764,0.000000,0.000000,-0.002,0.003,-0.035417,0.012742,0.803875,-0.170000,-0.002093,0.025000,1,0.00
0.280000,0.002,0.004744,0.014246,8.624,14.25,0.014651,-0.004744,0.000000,0.000000,-0.002,0.003,-0.035417,0.015832,0.770677,-0.170000,-0.002041,0.000049,1,0.00
0.282000,0.002,0.004715,0.014235,8.624,14.20,0.014643,-0.004715,0.000000,0.000000,-0.002,0.003,-0.035417,0.015837,0.770645,-0.170000,-0.002041,0.000024,1,0.00
0.284000,0.002,0.004686,0.014220,8.624,14.15,0.014634,-0.004686,0.000000,0.000000,-0.002,0.003,-0.035417,0.015837,0.770645,-0.170000,-0.002041,0.000024,1,0.00
0.286000,0.002,0.004656,0.014206,8.624,14.11,0.014626,-0.004656,0.000000,0.000000,-0.002,0.003,-0.035417,0.015837,0.770645,-0.170000,-0.002041,0.000024,1,0.00
0.288000,0.002,0.004627,0.014191,8.624,14.09,0.014618,-0.004627,0.000000,0.000000,-0.002,0.003,-0.035417,0.015837,0.770645,-0.170000,-0.002041,0.000024,1,0.00
0.290000,0.002,0.004596,0.014176,8.624,14.06,0.014609,-0.004596,0.000000,0.000000,-0.002,0.003,-0.035417,0.015837,0.770645,-0.170000,-0.002041,0.000024,1,0.00
0.292000,0.002,0.004566,0.014160,8.624,14.04,0.014600,-0.004566,0.000000,0.000000,-0.002,0.003,-0.035417,0.015837,0.770645,-0.170000,-0.002041,0.000024,1,0.00
0.294000,0.002,0.004535,0.014145,8.624,14.03,0.014591,-0.004535,0.000000,0.000000,-0.002,0.003,-0.035417,0.015837,0.770645,-0.170000,-0.002041,0.000024,1,0.00
0.296000,0.002,0.004503,0.014129,8.624,14.02,0.014583,-0.004503,0.000000,0.000000,-0.002,0.003,-0.035417,0.015837,0.770645,-0.170000,-0.002041,0.000024,1,0.00
0.298000,0.002,0.004471,0.014113,8.624,14.01,0.014573,-0.004471,0.000000,0.000000,-0.002,0.003,-0.035417,0.015837,0.770645,-0.170000,-0.002041,0.000024,1,0.00
0.300000,0.002,0.004439,0.014101,8.624,14.00,0.014564,-0.004439,0.000000,-0.000000,0.000,0.003,-0.035417,0.015842,0.770613,-0.170000,-0.002040,0.000000,1,0.00
0.302000,0.002,0.004406,0.014084,8.624,13.99,0.014555,-0.004406,0.000000,0.000000,0.000,0.003,-0.035417,0.015842,0.770613,-0.170000,-0.002040,0.000000,1,0.00
0.304000,0.002,0.004372,0.014067,8.624,13.99,0.014545,-0.004372,0.000000,0.000000,0.000,0.003,-0.035417,0.015842,0.770613,-0.170000,-0.002040,0.000000,1,0.00
0.306000,0.002,0.004338,0.014050,8.624,13.98,0.014536,-0.004338,0.000000,0.000000,0.000,0.003,-0.035417,0.015842,0.770613,-0.170000,-0.002040,0.000000,1,0.00
0.308000,0.002,0.004304,0.014033,8.624,13.98,0.014526,-0.004304,0.000000,0.000000,-0.002,0.003,-0.035417,0.015842,0.770613,-0.170000,-0.002040,0.000000,1,0.00
0.310000,0.002,0.004269,0.014016,8.624,13.98,0.014516,-0.004269,0.000000,0.000000,-0.002,0.003,-0.035417,0.015842,0.770613,-0.170000,-0.002040,0.000000,1,0.00
0.312000,0.002,0.004234,0.013998,8.624,13.98,0.014506,-0.004234,0.000000,0.000000,-0.002,0.003,-0.035417,0.015842,0.770613,-0.170000,-0.002040,0.000000,1,0.00
0.314000,0.002,0.004199,0.013981,8.624,13.98,0.014496,-0.004199,0.000000,0.000000,-0.002,0.003,-0.035417,0.015842,0.770613,-0.170000,-0.002040,0.000000,1,0.00
0.316000,0.002,0.004164,0.013963,8.624,13.97,0.014486,-0.004164,0.000000,0.000000,-0.002,0.003,-0.035417,0.015842,0.770613,-0.170000,-0.002040,0.000000,1,0.00
0.318000,0.002,0.004129,0.013946,8.624,13.97,0.014475,-0.004129,0.000000,0.000000,-0.002,0.003,-0.035417,0.015842,0.770613,-0.170000,-0.002040,0.000000,1,0.00
0.320000,0.002,0.004093,0.013928,8.624,13.97,0.014465,-0.004093,0.000000,0.000000,-0.002,0.003,-0.035417,0.015842,0.770613,-0.170000,-0.002040,0.000000,1,0.00
0.322000,0.002,0.004058,0.013910,8.624,13.97,0.014454,-0.004058,0.000000,0.000000,-0.002,0.003,-0.035417,0.015842,0.770613,-0.170000,-0.002040,0.000000,1,0.00
0.324000,0.002,0.004022,0.013892,8.624,13.97,0.014443,-0.004022,0.000000,0.000000,-0.002,0.003,-0.035417,0.015842,0.770613,-0.170000,-0.002040,0.000000,1,0.00
0.326000,0.002,0.003986,0.013874,8.624,13.97,0.014432,-0.003986,0.000000,0.000000,-0.002,0.003,-0.035417,0.015842,0.770613,-0.170000,-0.002040,0.000000,1,0.00
0.328000,0.002,0.003950,0.013856,8.624,13.97,0.014421,-0.003950,0.000000,0.000000,-0.002,0.003,-0.035417,0.015842,0.770613,-0.170000,-0.002040,0.000000,1,0.00
0.330000,0.002,0.003915,0.013839,8.624,13.97,0.014409,-0.003915,0.000000,0.000000,-0.002,0.003,-0.035417,0.015842,0.770613,-0.170000,-0.002040,0.000000,1,0.00
0.332000,0.002,0.003879,0.013821,8.624,13.97,0.014398,-0.003879,0.000000,0.000000,-0.002,0.003,-0.035417,0.015842,0.770613,-0.170000,-0.002040,0.000000,1,0.00
0.334000,0.002,0.003843,0.013803,8.624,13.97,0.014386,-0.003843,0.000000,0.000000,-0.002,0.003,-0.035417,0.015842,0.770613,-0.170000,-0.002040,0.000000,1,0.00
0.336000,0.002,0.003807,0.013785,8.624,13.97,0.014375,-0.003807,0.000000,0.000000,-0.002,0.003,-0.035417,0.015842,0.770613,-0.170000,-0.002040,0.000000,1,0.00
0.338000,0.002,0.003771,0.013767,8.624,13.97,0.014363,-0.003771,0.000000,0.000000,-0.002,0.003,-0.035417,0.015842,0.770613,-0.170000,-0.002040,0.000000,1,0.00
0.340000,0.002,0.003735,0.013749,8.624,13.97,0.014351,-0.003735,0.000000,0.000000,-0.002,0.002,-0.035417,0.015842,0.770613,-0.170000,-0.002040,0.000000,1,0.00
0.342000,0.002,0.003700,0.013731,8.624,13.97,0.014339,-0.003700,0.000000,0.000000,-0.002,0.002,-0.035417,0.015842,0.770613,-0.170000,-0.002040,0.000000,1,0.00
0.344000,0.002,0.003664,0.013713,8.624,13.97,0.014327,-0.003664,0.000000,0.000000,-0.002,0.002,-0.035417,0.015842,0.770613,-0.170000,-0.002040,0.000000,1,0.00
0.346000,0.002,0.003629,0.013696,8.624,13.97,0.014314,-0.003629,0.000000,0.000000,-0.002,0.002,-0.035417,0.015842,0.770613,-0.170000,-0.002040,0.000000,1,0.00
0.348000,0.002,0.003593,0.013678,8.624,13.97,0.014302,-0.003593,0.000000,0.000000,-0.002,0.002,-0.035417,0.015842,0.770613,-0.170000,-0.002040,0.000000,1,0.00
0.350000,0.002,0.003558,0.013660,8.624,13.97,0.014289,-0.003558,0.000000,0.000000,-0.002,0.002,-0.035417,0.015842,0.770613,-0.170000,-0.002040,0.000000,1,0.00
0.352000,0.002,0.003523,0.013643,8.624,13.97,0.014277,-0.003523,0.000000,0.000000,-0.002,0.002,-0.035417,0.015842,0.770613,-0.170000,-0.002040,0.000000,1,0.00
0.354000,0.002,0.003488,0.013625,8.624,13.97,0.014264,-0.003488,0.000000,0.000000,-0.002,0.002,-0.035417,0.015842,0.770613,-0.170000,-0.002040,0.000000,1,0.00
0.356000,0.002,0.003454,0.013608,8.624,13.97,0.014251,-0.003454,0.000000,0.000000,-0.002,0.002,-0.035417,0.015842,0.770613,-0.170000,-0.002040,0.000000,1,0.00
0.358000,0.002,0.003419,0.013591,8.624,13.97,0.014238,-0.003419,0.000000,0.000000,-0.002,0.002,-0.035417,0.015842,0.770613,-0.170000,-0.002040,0.000000,1,0.00
0.360000,0.002,0.003385,0.013574,8.624,13.97,0.014225,-0.003385,0.000000,0.000000,-0.002,0.002,-0.035417,0.015842,0.770613,-0.170000,-0.002040,0.000000,1,0.00
0.362000,0.002,0.003351,0.013557,8.624,13.97,0.014212,-0.003351,0.000000,0.000000,-0.002,0.002,-0.035417,0.015842,0.770613,-0.170000,-0.002040,0.000000,1,0.00
0.364000,0.002,0.003318,0.013540,8.624,13.97,0.014199,-0.003318,0.000000,0.000000,-0.002,0.002,-0.035417,0.015842,0.770613,-0.170000,-0.002040,0.000000,1,0.00
0.366000,0.002,0.003285,0.013524,8.624,13.97,0.014186,-0.003285,0.000000,0.000000,-0.002,0.002,-0.035417,0.015842,0.770613,-0.170000,-0.002040,0.000000,1,0.00
0.368000,0.002,0.003252,0.013507,8.624,13.97,0.014173,-0.003252,0.000000,0.000000,-0.002,0.002,-0.035417,0.015842,0.770613,-0.170000,-0.002040,0.000000,1,0.00
0.370000,0.002,0.003219,0.013491,8.624,13.97,0.014159,-0.003219,0.000000,0.000000,-0.002,0.002,-0.035417,0.015842,0.770613,-0.170000,-0.002040,0.000000,1,0.00
0.372000,0.002,0.003187,0.013475,8.624,13.97,0.014146,-0.003187,0.000000,0.000000,-0.002,0.002,-0.035417,0.015842,0.770613,-0.170000,-0.002040,0.000000,1,0.00
0.374000,0.002,0.003156,0.013459,8.624,13.97,0.014132,-0.003156,0.000000,0.000000,-0.002,0.002,-0.035417,0.015842,0.770613,-0.170000,-0.002040,0.000000,1,0.00
0.376000,0.002,0.003124,0.013443,8.624,13.97,0.014119,-0.003124,0.000000,0.000000,-0.002,0.002,-0.035417,0.015842,0.770613,-0.170000,-0.002040,0.000000,1,0.00
0.378000,0.002,0.003093,0.013428,8.624,13.97,0.014105,-0.003093,0.000000,0.000000,-0.002,0.002,-0.035417,0.015842,0.770613,-0.170000,-0.002040,0.000000,1,0.00
0.380000,0.002,0.003063,0.013413,8.624,13.97,0.014092,-0.003063,0.000000,0.000000,-0.002,0.002,-0.035417,0.015842,0.770613,-0.170000,-0.002040,0.000000,1,0.00
0.382000,0.002,0.003033,0.013398,8.624,13.97,0.014078,-0.003033,0.000000,0.000000,-0.002,0.002,-0.035417,0.015842,0.770613,-0.170000,-0.002040,0.000000,1,0.00
0.384000,0.002,0.003004,0.013383,8.624,13.97,0.014064,-0.003004,0.000000,0.000000,-0.002,0.002,-0.035417,0.015842,0.770613,-0.170000,-0.002040,0.000000,1,0.00
0.386000,0.001,0.002975,0.013369,8.624,13.97,0.014051,-0.002975,0.000000,0.000000,-0.002,0.002,-0.035417,0.015842,0.770613,-0.170000,-0.002040,0.000000,1,0.00
0.388000,0.001,0.002947,0.013355,8.624,13.97,0.014037,-0.002947,0.000000,0.000000,-0.002,0.002,-0.035417,0.015842,0.770613,-0.170000,-0.002040,0.000000,1,0.00
0.390000,0.001,0.002920,0.013341,8.624,13.97,0.014023,-0.002920,0.000000,0.000000,-0.002,0.002,-0.035417,0.015842,0.770613,-0.170000,-0.002040,0.000000,1,0.00
0.392000,0.001,0.002893,0.013328,8.624,13.97,0.014010,-0.002893,0.000000,0.000000,-0.002,0.002,-0.035417,0.015842,0.770613,-0.170000,-0.002040,0.000000,1,0.00
0.394000,0.001,0.002866,0.013314,8.624,13.97,0.013996,-0.002866,0.000000,0.000000,-0.001,0.002,-0.035417,0.015842,0.770613,-0.170000,-0.002040,0.000000,1,0.00
0.396000,0.001,0.002840,0.013301,8.624,13.97,0.013982,-0.002840,0.000000,0.000000,-0.001,0.002,-0.035417,0.015842,0.770613,-0.170000,-0.002040,0.000000,1,0.00
0.398000,0.001,0.002815,0.013289,8.624,13.97,0.013969,-0.002815,0.000000,0.000000,-0.001,0.002,-0.035417,0.015842,0.770613,-0.170000,-0.002040,0.000000,1,0.00
0.400000,0.001,0.002791,0.013277,8.624,13.97,0.013955,-0.002791,0.000000,-0.000000,0.000,0.002,-0.035417,0.015842,0.770613,-0.170000,-0.002040,0.000000,1,0.00
0.402000,0.001,0.002767,0.013265,8.624,13.97,0.013941,-0.002767,0.000000,0.000000,0.000,0.002,-0.035417,0.015842,0.770613,-0.170000,-0.002040,0.000000,1,0.00
0.404000,0.001,0.002744,0.013253,8.624,13.97,0.013928,-0.002744,0.000000,0.000000,0.000,0.002,-0.035417,0.015842,0.770613,-0.170000,-0.002040,0.000000,1,0.00
0.406000,0.001,0.002722,0.013242,8.624,13.97,0.013914,-0.002722,0.000000,0.000000,0.000,0.002,-0.035417,0.015842,0.770613,-0.170000,-0.002040,0.000000,1,0.00
0.408000,0.001,0.002700,0.013231,8.624,13.97,0.013901,-0.002700,0.000000,0.000000,-0.001,0.002,-0.035417,0.015842,0.770613,-0.170000,-0.002040,0.000000,1,0.00
0.410000,0.001,0.002680,0.013221,8.624,13.97,0.013887,-0.002680,0.000000,0.000000,-0.001,0.002,-0.035417,0.015842,0.770613,-0.170000,-0.002040,0.000000,1,0.00
0.412000,0.001,0.002660,0.013211,8.624,13.97,0.013874,-0.002660,0.000000,0.000000,-0.001,0.002,-0.035417,0.015842,0.770613,-0.170000,-0.002040,0.000000,1,0.00
0.414000,0.001,0.002641,0.013202,8.624,13.97,0.013861,-0.002641,0.000000,0.000000,-0.001,0.002,-0.035417,0.015842,0.770613,-0.170000,-0.002040,0.000000,1,0.00
0.416000,0.001,0.002622,0.013192,8.624,13.97,0.013848,-0.002622,0.000000,0.000000,-0.001,0.002,-0.035417,0.015842,0.770613,-0.170000,-0.002040,0.000000,1,0.00
0.418000,0.001,0.002605,0.013184,8.624,13.97,0.013834,-0.002605,0.000000,0.000000,-0.001,0.002,-0.035417,0.015842,0.770613,-0.170000,-0.002040,0.000000,1,0.00
0.420000,0.001,0.002588,0.013175,8.624,13.97,0.013821,-0.002588,0.000000,0.000000,-0.001,0.002,-0.035417,0.015842,0.770613,-0.170000,-0.002040,0.000000,1,0.00
0.422000,0.001,0.002573,0.013168,8.624,13.97,0.013808,-0.002573,0.000000,0.000000,-0.001,0.002,-0.035417,0.015842,0.770613,-0.170000,-0.002040,0.000000,1,0.00
0.424000,0.001,0.002558,0.013160,8.624,13.97,0.013796,-0.002558,0.000000,0.000000,-0.001,0.002,-0.035417,0.015842,0.770613,-0.170000,-0.002040,0.000000,1,0.00
0.426000,0.001,0.002544,0.013153,8.624,13.97,0.013783,-0.002544,0.000000,0.000000,-0.001,0.002,-0.035417,0.015842,0.770613,-0.170000,-0.002040,0.000000,1,0.00
0.428000,0.001,0.002531,0.013147,8.624,13.97,0.013770,-0.002531,0.000000,0.000000,-0.001,0.002,-0.035417,0.015842,0.770613,-0.170000,-0.002040,0.000000,1,0.00
0.430000,0.001,0.002519,0.013141,8.624,13.97,0.013758,-0.002519,0.000000,0.000000,-0.001,0.002,-0.035417,0.015842,0.770613,-0.170000,-0.002040,0.000000,1,0.00
0.432000,0.001,0.002508,0.013135,8.624,13.97,0.013745,-0.002508,0.000000,0.000000,-0.001,0.002,-0.035417,0.015842,0.770613,-0.170000,-0.002040,0.000000,1,0.00
0.434000,0.001,0.002498,0.013130,8.624,13.97,0.013733,-0.002498,0.000000,0.000000,-0.001,0.002,-0.035417,0.015842,0.770613,-0.170000,-0.002040,0.000000,1,0.00
0.436000,0.001,0.002489,0.013126,8.624,13.97,0.013721,-0.002489,0.000000,0.000000,-0.001,0.002,-0.035417,0.015842,0.770613,-0.170000,-0.002040,0.000000,1,0.00
0.438000,0.001,0.002481,0.013122,8.624,13.97,0.013709,-0.002481,0.000000,0.000000,-0.001,0.002,-0.035417,0.015842,0.770613,-0.170000,-0.002040,0.000000,1,0.00
0.440000,0.001,0.002474,0.013118,8.624,13.97,0.013697,-0.002474,0.000000,0.000000,-0.001,0.002,-0.035417,0.015842,0.770613,-0.170000,-0.002040,0.000000,1,0.00
0.442000,0.001,0.002468,0.013115,8.624,13.97,0.013686,-0.002468,0.000000,0.000000,-0.001,0.002,-0.035417,0.015842,0.770613,-0.170000,-0.002040,0.000000,1,0.00
0.444000,0.001,0.002464,0.013113,8.624,13.97,0.013674,-0.002464,0.000000,0.000000,-0.001,0.002,-0.035417,0.015842,0.770613,-0.170000,-0.002040,0.000000,1,0.00
0.446000,0.001,0.002460,0.013111,8.624,13.97,0.013663,-0.002460,0.000000,0.000000,-0.001,0.002,-0.035417,0.015842,0.770613,-0.170000,-0.002040,0.000000,1,0.00
0.448000,0.001,0.002458,0.013110,8.624,13.97,0.013652,-0.002458,0.000000,0.000000,-0.001,0.002,-0.035417,0.015842,0.770613,-0.170000,-0.002040,0.000000,1,0.00
0.450000,0.001,0.002456,0.013109,8.624,13.97,0.013641,-0.002456,0.000000,0.000000,-0.001,0.002,-0.035417,0.015842,0.770613,-0.170000,-0.002040,0.000000,1,0.00
0.452000,0.001,0.002456,0.013109,8.624,13.97,0.013630,-0.002456,0.000000,0.000000,-0.001,0.002,-0.035417,0.015842,0.770613,-0.170000,-0.002040,0.000000,1,0.00
0.454000,0.001,0.002457,0.013110,8.624,13.97,0.013620,-0.002457,0.000000,0.000000,-0.001,0.002,-0.035417,0.015842,0.770613,-0.170000,-0.002040,0.000000,1,0.00
0.456000,0.001,0.002459,0.013111,8.624,13.97,0.013610,-0.002459,0.000000,0.000000,-0.001,0.002,-0.035417,0.015842,0.770613,-0.170000,-0.002040,0.000000,1,0.00
0.458000,0.001,0.002462,0.013112,8.624,13.97,0.013600,-0.002462,0.000000,-0.000000,-0.001,0.002,-0.035417,0.015842,0.770613,-0.170000,-0.002040,0.000000,1,0.00
0.460000,0.001,0.002466,0.011161,9.104,13.97,0.013590,-0.002466,0.000000,-0.000000,-0.001,0.002,-0.033333,0.013238,0.850667,-0.160000,-0.002000,0.050000,1,0.00
0.462000,0.001,0.002480,0.009215,8.904,14.12,0.013541,-0.002480,0.000000,-0.000000,-0.001,0.002,-0.033333,0.010633,0.817369,-0.160000,-0.001973,0.025000,1,0.00
0.464000,0.001,0.002504,0.009227,8.904,14.18,0.013455,-0.002504,0.000000,-0.000000,-0.001,0.002,-0.033333,0.010633,0.817369,-0.160000,-0.001973,0.025000,1,0.00
0.466000,0.001,0.002528,0.009239,8.904,14.23,0.013370,-0.002528,0.000000,-0.000000,-0.001,0.002,-0.033333,0.010633,0.817369,-0.160000,-0.001973,0.025000,1,0.00
0.468000,0.001,0.002553,0.009252,8.904,14.27,0.013288,-0.002553,0.000000,-0.000000,-0.001,0.002,-0.033333,0.010633,0.817369,-0.160000,-0.001973,0.025000,1,0.00
0.470000,0.001,0.002579,0.009265,8.904,14.30,0.013207,-0.002579,0.000000,-0.000000,-0.001,0.002,-0.033333,0.010633,0.817369,-0.160000,-0.001973,0.025000,1,0.00
0.472000,0.001,0.002606,0.009278,8.904,14.33,0.013128,-0.002606,0.000000,-0.000000,-0.001,0.002,-0.033333,0.010633,0.817369,-0.160000,-0.001973,0.025000,1,0.00
0.474000,0.001,0.002633,0.009292,8.904,14.34,0.013051,-0.002633,0.000000,-0.000000,-0.001,0.002,-0.033333,0.010633,0.817369,-0.160000,-0.001973,0.025000,1,0.00
0.476000,0.001,0.002661,0.009306,8.904,14.36,0.012976,-0.002661,0.000000,-0.000000,-0.001,0.002,-0.033333,0.010633,0.817369,-0.160000,-0.001973,0.025000,1,0.00
0.478000,0.001,0.002690,0.009320,8.904,14.37,0.012903,-0.002690,0.000000,-0.000000,-0.001,0.002,-0.033333,0.010633,0.817369,-0.160000,-0.001973,0.025000,1,0.00
0.480000,0.001,0.002720,0.011653,8.705,14.38,0.012831,-0.002720,0.000000,-0.000000,-0.001,0.002,-0.033333,0.013723,0.784170,-0.160000,-0.001921,0.000049,1,0.00
0.482000,0.001,0.002740,0.011666,8.705,14.33,0.012807,-0.002740,0.000000,-0.000000,-0.001,0.002,-0.033333,0.013728,0.784138,-0.160000,-0.001921,0.000024,1,0.00
0.484000,0.001,0.002761,0.011677,8.705,14.28,0.012784,-0.002761,0.000000,-0.000000,-0.001,0.002,-0.033333,0.013728,0.784138,-0.160000,-0.001921,0.000024,1,0.00
0.486000,0.001,0.002783,0.011688,8.705,14.25,0.012762,-0.002783,0.000000,-0.000000,-0.001,0.002,-0.033333,0.013728,0.784138,-0.160000,-0.001921,0.000024,1,0.00
0.488000,0.001,0.002807,0.011700,8.705,14.22,0.012741,-0.002807,0.000000,-0.000000,-0.001,0.002,-0.033333,0.013728,0.784138,-0.160000,-0.001921,0.000024,1,0.00
0.490000,0.001,0.002831,0.011712,8.705,14.19,0.012720,-0.002831,0.000000,-0.000000,-0.001,0.002,-0.033333,0.013728,0.784138,-0.160000,-0.001921,0.000024,1,0.00
0.492000,0.001,0.002857,0.011725,8.705,14.17,0.012700,-0.002857,0.000000,-0.000000,-0.001,0.002,-0.033333,0.013728,0.784138,-0.160000,-0.001921,0.000024,1,0.00
0.494000,0.001,0.002884,0.011739,8.705,14.16,0.012680,-0.002884,0.000000,-0.000000,-0.001,0.002,-0.033333,0.013728,0.784138,-0.160000,-0.001921,0.000024,1,0.00
0.496000,0.001,0.002913,0.011753,8.705,14.15,0.012661,-0.002913,0.000000,-0.000000,-0.001,0.002,-0.033333,0.013728,0.784138,-0.160000,-0.001921,0.000024,1,0.00
0.498000,0.001,0.002943,0.011768,8.705,14.14,0.012643,-0.002943,0.000000,-0.000000,-0.001,0.002,-0.033333,0.013728,0.784138,-0.160000,-0.001921,0.000024,1,0.00
0.500000,0.001,0.002974,0.011787,8.705,14.13,0.012625,-0.002974,0.000000,-0.000000,0.000,0.002,-0.033333,0.013733,0.784107,-0.160000,-0.001920,0.000000,1,0.00
0.502000,0.002,0.003006,0.011803,8.705,14.12,0.012609,-0.003006,0.000000,-0.000000,0.000,0.002,-0.033333,0.013733,0.784107,-0.160000,-0.001920,0.000000,1,0.00
0.504000,0.002,0.003039,0.011820,8.705,14.12,0.012592,-0.003039,0.000000,-0.000000,0.000,0.002,-0.033333,0.013733,0.784107,-0.160000,-0.001920,0.000000,1,0.00
0.506000,0.002,0.003074,0.011837,8.705,14.12,0.012577,-0.003074,0.000000,-0.000000,0.000,0.002,-0.033333,0.013733,0.784107,-0.160000,-0.001920,0.000000,1,0.00
0.508000,0.002,0.003110,0.011855,8.705,14.11,0.012562,-0.003110,0.000000,-0.000000,-0.001,0.002,-0.033333,0.013733,0.784107,-0.160000,-0.001920,0.000000,1,0.00
0.510000,0.002,0.003147,0.011874,8.705,14.11,0.012548,-0.003147,0.000000,-0.000000,-0.002,0.002,-0.033333,0.013733,0.784107,-0.160000,-0.001920,0.000000,1,0.00
0.512000,0.002,0.003186,0.011893,8.705,14.11,0.012534,-0.003186,0.000000,-0.000000,-0.002,0.002,-0.033333,0.013733,0.784107,-0.160000,-0.001920,0.000000,1,0.00
0.514000,0.002,0.003225,0.011913,8.705,14.11,0.012521,-0.003225,0.000000,-0.000000,-0.002,0.002,-0.033333,0.013733,0.784107,-0.160000,-0.001920,0.000000,1,0.00
0.516000,0.002,0.003266,0.011933,8.705,14.11,0.012509,-0.003266,0.000000,-0.000000,-0.002,0.002,-0.033333,0.013733,0.784107,-0.160000,-0.001920,0.000000,1,0.00
0.518000,0.002,0.003309,0.011954,8.705,14.10,0.012498,-0.003309,0.000000,-0.000000,-0.002,0.002,-0.033333,0.013733,0.784107,-0.160000,-0.001920,0.000000,1,0.00
0.520000,0.002,0.003352,0.011976,8.705,14.10,0.012487,-0.003352,0.000000,-0.000000,-0.002,0.002,-0.033333,0.013733,0.784107,-0.160000,-0.001920,0.000000,1,0.00
0.522000,0.002,0.003397,0.011999,8.705,14.10,0.012477,-0.003397,0.000000,-0.000000,-0.002,0.002,-0.033333,0.013733,0.784107,-0.160000,-0.001920,0.000000,1,0.00
0.524000,0.002,0.003444,0.012022,8.705,14.10,0.012467,-0.003444,0.000000,-0.000000,-0.002,0.002,-0.033333,0.013733,0.784107,-0.160000,-0.001920,0.000000,1,0.00
0.526000,0.002,0.003491,0.012046,8.705,14.10,0.012458,-0.003491,0.000000,-0.000000,-0.002,0.002,-0.033333,0.013733,0.784107,-0.160000,-0.001920,0.000000,1,0.00
0.528000,0.002,0.003540,0.012070,8.705,14.10,0.012450,-0.003540,0.000000,-0.000000,-0.002,0.002,-0.033333,0.013733,0.784107,-0.160000,-0.001920,0.000000,1,0.00
0.530000,0.002,0.003590,0.012095,8.705,14.10,0.012442,-0.003590,0.000000,-0.000000,-0.002,0.002,-0.033333,0.013733,0.784107,-0.160000,-0.001920,0.000000,1,0.00
0.532000,0.002,0.003642,0.012121,8.705,14.10,0.012435,-0.003642,0.000000,-0.000000,-0.002,0.002,-0.033333,0.013733,0.784107,-0.160000,-0.001920,0.000000,1,0.00
0.534000,0.002,0.003695,0.012147,8.705,14.10,0.012429,-0.003695,0.000000,-0.000000,-0.002,0.002,-0.033333,0.013733,0.784107,-0.160000,-0.001920,0.000000,1,0.00
0.536000,0.002,0.003749,0.012174,8.705,14.10,0.012423,-0.003749,0.000000,-0.000000,-0.002,0.002,-0.033333,0.013733,0.784107,-0.160000,-0.001920,0.000000,1,0.00
0.538000,0.002,0.003804,0.012202,8.705,14.10,0.012418,-0.003804,0.000000,-0.000000,-0.002,0.003,-0.033333,0.013733,0.784107,-0.160000,-0.001920,0.000000,1,0.00
0.540000,0.002,0.003861,0.012230,8.705,14.10,0.012414,-0.003861,0.000000,-0.000000,-0.002,0.003,-0.033333,0.013733,0.784107,-0.160000,-0.001920,0.000000,1,0.00
0.542000,0.002,0.003919,0.012259,8.705,14.10,0.012410,-0.003919,0.000000,-0.000000,-0.002,0.003,-0.033333,0.013733,0.784107,-0.160000,-0.001920,0.000000,1,0.00
0.544000,0.002,0.003978,0.012289,8.705,14.10,0.012407,-0.003978,0.000000,-0.000000,-0.002,0.003,-0.033333,0.013733,0.784107,-0.160000,-0.001920,0.000000,1,0.00
0.546000,0.002,0.004039,0.012320,8.705,14.10,0.012405,-0.004039,0.000000,-0.000000,-0.002,0.003,-0.033333,0.013733,0.784107,-0.160000,-0.001920,0.000000,1,0.00
0.548000,0.002,0.004101,0.012351,8.705,14.10,0.012403,-0.004101,0.000000,-0.000000,-0.002,0.003,-0.033333,0.013733,0.784107,-0.160000,-0.001920,0.000000,1,0.00
0.550000,0.002,0.004164,0.012382,8.705,14.10,0.012402,-0.004164,0.000000,-0.000000,-0.002,0.003,-0.033333,0.013733,0.784107,-0.160000,-0.001920,0.000000,1,0.00
0.552000,0.002,0.004229,0.012415,8.705,14.10,0.012401,-0.004229,0.000000,-0.000000,-0.002,0.003,-0.033333,0.013733,0.784107,-0.160000,-0.001920,0.000000,1,0.00
0.554000,0.002,0.004295,0.012448,8.705,14.10,0.012402,-0.004295,0.000000,-0.000000,-0.002,0.003,-0.033333,0.013733,0.784107,-0.160000,-0.001920,0.000000,1,0.00
0.556000,0.002,0.004362,0.012481,8.705,14.10,0.012402,-0.004362,0.000000,-0.000000,-0.002,0.003,-0.033333,0.013733,0.784107,-0.160000,-0.001920,0.000000,1,0.00
0.558000,0.002,0.004431,0.012516,8.705,14.10,0.012404,-0.004431,0.000000,-0.000000,-0.002,0.003,-0.033333,0.013733,0.784107,-0.160000,-0.001920,0.000000,1,0.00
0.560000,0.002,0.004501,0.012550,8.705,14.10,0.012406,-0.004501,0.000000,-0.000000,-0.002,0.003,-0.033333,0.013733,0.784107,-0.160000,-0.001920,0.000000,1,0.00
0.562000,0.002,0.004572,0.012586,8.705,14.10,0.012409,-0.004572,0.000000,-0.000000,-0.002,0.003,-0.033333,0.013733,0.784107,-0.160000,-0.001920,0.000000,1,0.00
0.564000,0.002,0.004645,0.012622,8.705,14.10,0.012413,-0.004645,0.000000,-0.000000,-0.002,0.003,-0.033333,0.013733,0.784107,-0.160000,-0.001920,0.000000,1,0.00
0.566000,0.002,0.004718,0.012659,8.705,14.10,0.012417,-0.004718,0.000000,-0.000000,-0.002,0.003,-0.033333,0.013733,0.784107,-0.160000,-0.001920,0.000000,1,0.00
0.568000,0.002,0.004793,0.012697,8.705,14.10,0.012421,-0.004793,0.000000,-0.000000,-0.002,0.003,-0.033333,0.013733,0.784107,-0.160000,-0.001920,0.000000,1,0.00
0.570000,0.002,0.004870,0.012735,8.705,14.10,0.012427,-0.004870,0.000000,-0.000000,-0.002,0.003,-0.033333,0.013733,0.784107,-0.160000,-0.001920,0.000000,1,0.00
0.572000,0.002,0.004947,0.012774,8.705,14.10,0.012433,-0.004947,0.000000,-0.000000,-0.002,0.003,-0.033333,0.013733,0.784107,-0.160000,-0.001920,0.000000,1,0.00
0.574000,0.003,0.005026,0.012813,8.705,14.10,0.012440,-0.005026,0.000000,-0.000000,-0.002,0.003,-0.033333,0.013733,0.784107,-0.160000,-0.001920,0.000000,1,0.00
0.576000,0.003,0.005106,0.012853,8.705,14.10,0.012447,-0.005106,0.000000,-0.000000,-0.002,0.003,-0.033333,0.013733,0.784107,-0.160000,-0.001920,0.000000,1,0.00
0.578000,0.003,0.005188,0.012894,8.705,14.10,0.012455,-0.005188,0.000000,-0.000000,-0.002,0.003,-0.033333,0.013733,0.784107,-0.160000,-0.001920,0.000000,1,0.00
0.580000,0.003,0.005270,0.010982,9.185,14.10,0.012464,-0.005270,0.000000,-0.000000,-0.002,0.004,-0.031250,0.011129,0.864160,-0.150000,-0.001880,0.050000,1,0.00
0.582000,0.003,0.005367,0.009077,8.985,14.26,0.012434,-0.005367,0.000000,-0.000000,-0.003,0.004,-0.031250,0.008525,0.830862,-0.150000,-0.001853,0.025000,1,0.00
0.584000,0.003,0.005472,0.009130,8.985,14.32,0.012367,-0.005472,0.000000,-0.000000,-0.003,0.004,-0.031250,0.008525,0.830862,-0.150000,-0.001853,0.025000,1,0.00
0.586000,0.003,0.005578,0.009183,8.985,14.36,0.012303,-0.005578,0.000000,-0.000000,-0.003,0.004,-0.031250,0.008525,0.830862,-0.150000,-0.001853,0.025000,1,0.00
0.588000,0.003,0.005684,0.009236,8.985,14.40,0.012240,-0.005684,0.000000,-0.000000,-0.003,0.004,-0.031250,0.008525,0.830862,-0.150000,-0.001853,0.025000,1,0.00
0.590000,0.003,0.005790,0.009289,8.985,14.43,0.012180,-0.005790,0.000000,-0.000000,-0.003,0.004,-0.031250,0.008525,0.830862,-0.150000,-0.001853,0.025000,1,0.00
0.592000,0.003,0.005898,0.009343,8.985,14.46,0.012122,-0.005898,0.000000,-0.000000,-0.003,0.004,-0.031250,0.008525,0.830862,-0.150000,-0.001853,0.025000,1,0.00
0.594000,0.003,0.006005,0.009396,8.985,14.48,0.012067,-0.006005,0.000000,-0.000000,-0.003,0.004,-0.031250,0.008525,0.830862,-0.150000,-0.001853,0.025000,1,0.00
0.596000,0.003,0.006114,0.009451,8.985,14.49,0.012013,-0.006114,0.000000,-0.000000,-0.003,0.004,-0.031250,0.008525,0.830862,-0.150000,-0.001853,0.025000,1,0.00
0.598000,0.003,0.006222,0.009505,8.985,14.50,0.011962,-0.006222,0.000000,-0.000000,-0.003,0.004,-0.031250,0.008525,0.830862,-0.150000,-0.001853,0.025000,1,0.00
0.600000,0.003,0.006332,0.011877,8.786,14.51,0.011913,-0.006332,0.000000,-0.000000,0.000,0.004,-0.031250,0.011615,0.797663,-0.150000,-0.001801,0.000049,1,0.00
0.602000,0.003,0.006429,0.011930,8.786,14.46,0.011912,-0.006429,0.000000,-0.000000,0.000,0.004,-0.031250,0.011620,0.797631,-0.150000,-0.001801,0.000024,1,0.00
0.604000,0.003,0.006527,0.011979,8.786,14.41,0.011912,-0.006527,0.000000,-0.000000,0.000,0.004,-0.031250,0.011620,0.797631,-0.150000,-0.001801,0.000024,1,0.00
0.606000,0.003,0.006627,0.012028,8.786,14.38,0.011914,-0.006627,0.000000,-0.000000,0.000,0.004,-0.031250,0.011620,0.797631,-0.150000,-0.001801,0.000024,1,0.00
0.608000,0.003,0.006727,0.012078,8.786,14.35,0.011916,-0.006727,0.000000,-0.000000,-0.003,0.004,-0.031250,0.011620,0.797631,-0.150000,-0.001801,0.000024,1,0.00
0.610000,0.003,0.006828,0.012129,8.786,14.32,0.011919,-0.006828,0.000000,-0.000000,-0.003,0.005,-0.031250,0.011620,0.797631,-0.150000,-0.001801,0.000024,1,0.00
0.612000,0.003,0.006930,0.012180,8.786,14.31,0.011923,-0.006930,0.000000,-0.000000,-0.003,0.005,-0.031250,0.011620,0.797631,-0.150000,-0.001801,0.000024,1,0.00
0.614000,0.004,0.007033,0.012232,8.786,14.29,0.011928,-0.007033,0.000000,-0.000000,-0.003,0.005,-0.031250,0.011620,0.797631,-0.150000,-0.001801,0.000024,1,0.00
0.616000,0.004,0.007137,0.012284,8.786,14.28,0.011934,-0.007137,0.000000,-0.000000,-0.003,0.005,-0.031250,0.011620,0.797631,-0.150000,-0.001801,0.000024,1,0.00
0.618000,0.004,0.007242,0.012336,8.786,14.27,0.011941,-0.007242,0.000000,-0.000000,-0.003,0.005,-0.031250,0.011620,0.797631,-0.150000,-0.001801,0.000024,1,0.00
0.620000,0.004,0.007347,0.012392,8.786,14.26,0.011949,-0.007347,0.000000,-0.000000,-0.003,0.005,-0.031250,0.011625,0.797600,-0.150000,-0.001800,0.000000,1,0.00
0.622000,0.004,0.007454,0.012446,8.786,14.26,0.011958,-0.007454,0.000000,-0.000000,-0.004,0.005,-0.031250,0.011625,0.797600,-0.150000,-0.001800,0.000000,1,0.00
0.624000,0.004,0.007561,0.012499,8.786,14.25,0.011968,-0.007561,0.000000,-0.000000,-0.004,0.005,-0.031250,0.011625,0.797600,-0.150000,-0.001800,0.000000,1,0.00
0.626000,0.004,0.007669,0.012553,8.786,14.25,0.011978,-0.007669,0.000000,-0.000000,-0.004,0.005,-0.031250,0.011625,0.797600,-0.150000,-0.001800,0.000000,1,0.00
0.628000,0.004,0.007778,0.012608,8.786,14.24,0.011990,-0.007778,0.000000,-0.000000,-0.004,0.005,-0.031250,0.011625,0.797600,-0.150000,-0.001800,0.000000,1,0.00
0.630000,0.004,0.007887,0.012662,8.786,14.24,0.012002,-0.007887,0.000000,-0.000000,-0.004,0.005,-0.031250,0.011625,0.797600,-0.150000,-0.001800,0.000000,1,0.00
0.632000,0.004,0.007997,0.012717,8.786,14.24,0.012015,-0.007997,0.000000,-0.000000,-0.004,0.005,-0.031250,0.011625,0.797600,-0.150000,-0.001800,0.000000,1,0.00
0.634000,0.004,0.008108,0.012773,8.786,14.24,0.012029,-0.008108,0.000000,-0.000000,-0.004,0.005,-0.031250,0.011625,0.797600,-0.150000,-0.001800,0.000000,1,0.00
0.636000,0.004,0.008220,0.012829,8.786,14.24,0.012044,-0.008220,0.000000,-0.000000,-0.004,0.005,-0.031250,0.011625,0.797600,-0.150000,-0.001800,0.000000,1,0.00
0.638000,0.004,0.008333,0.012885,8.786,14.24,0.012060,-0.008333,0.000000,-0.000000,-0.004,0.006,-0.031250,0.011625,0.797600,-0.150000,-0.001800,0.000000,1,0.00
0.640000,0.004,0.008446,0.012942,8.786,14.23,0.012076,-0.008446,0.000000,-0.000000,-0.004,0.006,-0.031250,0.011625,0.797600,-0.150000,-0.001800,0.000000,1,0.00
0.642000,0.004,0.008560,0.012999,8.786,14.23,0.012094,-0.008560,0.000000,-0.000000,-0.004,0.006,-0.031250,0.011625,0.797600,-0.150000,-0.001800,0.000000,1,0.00
0.644000,0.004,0.008674,0.013056,8.786,14.23,0.012112,-0.008674,0.000000,-0.000000,-0.004,0.006,-0.031250,0.011625,0.797600,-0.150000,-0.001800,0.000000,1,0.00
0.646000,0.004,0.008789,0.013113,8.786,14.23,0.012131,-0.008789,0.000000,-0.000000,-0.004,0.006,-0.031250,0.011625,0.797600,-0.150000,-0.001800,0.000000,1,0.00
0.648000,0.004,0.008905,0.013171,8.786,14.23,0.012150,-0.008905,0.000000,-0.000000,-0.004,0.006,-0.031250,0.011625,0.797600,-0.150000,-0.001800,0.000000,1,0.00
0.650000,0.005,0.009021,0.013229,8.786,14.23,0.012171,-0.009021,0.000000,-0.000000,-0.004,0.006,-0.031250,0.011625,0.797600,-0.150000,-0.001800,0.000000,1,0.00
0.652000,0.005,0.009138,0.013288,8.786,14.23,0.012192,-0.009138,0.000000,-0.000000,-0.004,0.006,-0.031250,0.011625,0.797600,-0.150000,-0.001800,0.000000,1,0.00
0.654000,0.005,0.009256,0.013347,8.786,14.23,0.012214,-0.009256,0.000000,-0.000000,-0.004,0.006,-0.031250,0.011625,0.797600,-0.150000,-0.001800,0.000000,1,0.00
0.656000,0.005,0.009374,0.013406,8.786,14.23,0.012236,-0.009374,0.000000,-0.000000,-0.004,0.006,-0.031250,0.011625,0.797600,-0.150000,-0.001800,0.000000,1,0.00
0.658000,0.005,0.009493,0.013465,8.786,14.23,0.012260,-0.009493,0.000000,-0.000000,-0.005,0.006,-0.031250,0.011625,0.797600,-0.150000,-0.001800,0.000000,1,0.00
0.660000,0.005,0.009612,0.013525,8.786,14.23,0.012284,-0.009612,0.000000,-0.000000,-0.005,0.006,-0.031250,0.011625,0.797600,-0.150000,-0.001800,0.000000,1,0.00
0.662000,0.005,0.009732,0.013585,8.786,14.23,0.012308,-0.009732,0.000000,-0.000000,-0.005,0.006,-0.031250,0.011625,0.797600,-0.150000,-0.001800,0.000000,1,0.00
0.664000,0.005,0.009852,0.013645,8.786,14.23,0.012334,-0.009852,0.000000,-0.000000,-0.005,0.007,-0.031250,0.011625,0.797600,-0.150000,-0.001800,0.000000,1,0.00
0.666000,0.005,0.009973,0.013705,8.786,14.23,0.012360,-0.009973,0.000000,-0.000000,-0.005,0.007,-0.031250,0.011625,0.797600,-0.150000,-0.001800,0.000000,1,0.00
0.668000,0.005,0.010095,0.013766,8.786,14.23,0.012387,-0.010095,0.000000,-0.000000,-0.005,0.007,-0.031250,0.011625,0.797600,-0.150000,-0.001800,0.000000,1,0.00
0.670000,0.005,0.010216,0.013827,8.786,14.23,0.012415,-0.010216,0.000000,-0.000000,-0.005,0.007,-0.031250,0.011625,0.797600,-0.150000,-0.001800,0.000000,1,0.00
0.672000,0.005,0.010339,0.013888,8.786,14.23,0.012443,-0.010339,0.000000,-0.000000,-0.005,0.007,-0.031250,0.011625,0.797600,-0.150000,-0.001800,0.000000,1,0.00
0.674000,0.005,0.010461,0.013949,8.786,14.23,0.012472,-0.010461,0.000000,-0.000000,-0.005,0.007,-0.031250,0.011625,0.797600,-0.150000,-0.001800,0.000000,1,0.00
0.676000,0.005,0.010585,0.014011,8.786,14.23,0.012501,-0.010585,0.000000,-0.000000,-0.005,0.007,-0.031250,0.011625,0.797600,-0.150000,-0.001800,0.000000,1,0.00
0.678000,0.005,0.010708,0.014073,8.786,14.23,0.012531,-0.010708,0.000000,-0.000000,-0.005,0.007,-0.031250,0.011625,0.797600,-0.150000,-0.001800,0.000000,1,0.00
0.680000,0.005,0.010832,0.014135,8.786,14.23,0.012562,-0.010832,0.000000,-0.000000,-0.005,0.007,-0.031250,0.011625,0.797600,-0.150000,-0.001800,0.000000,1,0.00
0.682000,0.005,0.010956,0.014197,8.786,14.23,0.012594,-0.010956,0.000000,-0.000000,-0.005,0.007,-0.031250,0.011625,0.797600,-0.150000,-0.001800,0.000000,1,0.00
0.684000,0.006,0.011081,0.014259,8.786,14.23,0.012626,-0.011081,0.000000,-0.000000,-0.005,0.007,-0.031250,0.011625,0.797600,-0.150000,-0.001800,0.000000,1,0.00
0.686000,0.006,0.011206,0.014322,8.786,14.23,0.012658,-0.011206,0.000000,-0.000000,-0.005,0.007,-0.031250,0.011625,0.797600,-0.150000,-0.001800,0.000000,1,0.00
0.688000,0.006,0.011331,0.014384,8.786,14.23,0.012692,-0.011331,0.000000,-0.000000,-0.005,0.008,-0.031250,0.011625,0.797600,-0.150000,-0.001800,0.000000,1,0.00
0.690000,0.006,0.011457,0.014447,8.786,14.23,0.012725,-0.011457,0.000000,-0.000000,-0.005,0.008,-0.031250,0.011625,0.797600,-0.150000,-0.001800,0.000000,1,0.00
0.692000,0.006,0.011582,0.014510,8.786,14.23,0.012760,-0.011582,0.000000,-0.000000,-0.006,0.008,-0.031250,0.011625,0.797600,-0.150000,-0.001800,0.000000,1,0.00
0.694000,0.006,0.011709,0.014573,8.786,14.23,0.012795,-0.011709,0.000000,-0.000000,-0.006,0.008,-0.031250,0.011625,0.797600,-0.150000,-0.001800,0.000000,1,0.00
0.696000,0.006,0.011835,0.014636,8.786,14.23,0.012830,-0.011835,0.000000,-0.000000,-0.006,0.008,-0.031250,0.011625,0.797600,-0.150000,-0.001800,0.000000,1,0.00
0.698000,0.006,0.011962,0.014700,8.786,14.23,0.012867,-0.011962,0.000000,-0.000000,-0.006,0.008,-0.031250,0.011625,0.797600,-0.150000,-0.001800,0.000000,1,0.00
0.700000,0.006,0.012088,0.013152,8.868,14.23,0.012903,-0.012088,0.000000,-0.000000,0.000,0.008,-0.029167,0.009477,0.811350,-0.140000,-0.001683,0.000195,1,0.00
0.702000,0.006,0.012224,0.013234,8.867,14.26,0.012908,-0.012224,0.000000,-0.000000,0.000,0.008,-0.029167,0.009497,0.811221,-0.140000,-0.001682,0.000098,1,0.00
0.704000,0.006,0.012359,0.013302,8.867,14.28,0.012915,-0.012359,0.000000,-0.000000,0.000,0.008,-0.029167,0.009497,0.811221,-0.140000,-0.001682,0.000098,1,0.00
0.706000,0.006,0.012495,0.013370,8.867,14.30,0.012922,-0.012495,0.000000,-0.000000,0.000,0.008,-0.029167,0.009497,0.811221,-0.140000,-0.001682,0.000098,1,0.00
0.708000,0.006,0.012630,0.013438,8.867,14.31,0.012931,-0.012630,0.000000,-0.000000,-0.006,0.008,-0.029167,0.009497,0.811221,-0.140000,-0.001682,0.000098,1,0.00
0.710000,0.006,0.012766,0.013506,8.867,14.32,0.012942,-0.012766,0.000000,-0.000000,-0.006,0.009,-0.029167,0.009497,0.811221,-0.140000,-0.001682,0.000098,1,0.00
0.712000,0.006,0.012901,0.013573,8.867,14.33,0.012953,-0.012901,0.000000,-0.000000,-0.006,0.009,-0.029167,0.009497,0.811221,-0.140000,-0.001682,0.000098,1,0.00
0.714000,0.007,0.013036,0.013641,8.867,14.34,0.012965,-0.013036,0.000000,-0.000000,-0.006,0.009,-0.029167,0.009497,0.811221,-0.140000,-0.001682,0.000098,1,0.00
0.716000,0.007,0.013172,0.013708,8.867,14.34,0.012979,-0.013172,0.000000,-0.000000,-0.006,0.009,-0.029167,0.009497,0.811221,-0.140000,-0.001682,0.000098,1,0.00
0.718000,0.007,0.013307,0.013776,8.867,14.35,0.012993,-0.013307,0.000000,-0.000000,-0.006,0.009,-0.029167,0.009497,0.811221,-0.140000,-0.001682,0.000098,1,0.00
0.720000,0.007,0.013441,0.013858,8.867,14.35,0.013009,-0.013441,0.000000,-0.000000,-0.006,0.009,-0.029167,0.009517,0.811094,-0.140000,-0.001680,0.000000,1,0.00
0.722000,0.007,0.013576,0.013926,8.867,14.35,0.013026,-0.013576,0.000000,-0.000000,-0.007,0.009,-0.029167,0.009517,0.811093,-0.140000,-0.001680,0.000000,1,0.00
0.724000,0.007,0.013711,0.013993,8.867,14.35,0.013044,-0.013711,0.000000,-0.000000,-0.007,0.009,-0.029167,0.009517,0.811093,-0.140000,-0.001680,0.000000,1,0.00
0.726000,0.007,0.013845,0.014060,8.867,14.36,0.013063,-0.013845,0.000000,-0.000000,-0.007,0.009,-0.029167,0.009517,0.811093,-0.140000,-0.001680,0.000000,1,0.00
0.728000,0.007,0.013979,0.014127,8.867,14.36,0.013083,-0.013979,0.000000,-0.000000,-0.007,0.009,-0.029167,0.009517,0.811093,-0.140000,-0.001680,0.000000,1,0.00
0.730000,0.007,0.014113,0.014194,8.867,14.36,0.013104,-0.014113,0.000000,-0.000000,-0.007,0.009,-0.029167,0.009517,0.811093,-0.140000,-0.001680,0.000000,1,0.00
0.732000,0.007,0.014247,0.014261,8.867,14.36,0.013126,-0.014247,0.000000,-0.000000,-0.007,0.009,-0.029167,0.009517,0.811093,-0.140000,-0.001680,0.000000,1,0.00
0.734000,0.007,0.014381,0.014328,8.867,14.36,0.013148,-0.014381,0.000000,-0.000000,-0.007,0.010,-0.029167,0.009517,0.811093,-0.140000,-0.001680,0.000000,1,0.00
0.736000,0.007,0.014515,0.014395,8.867,14.36,0.013172,-0.014515,0.000000,-0.000000,-0.007,0.010,-0.029167,0.009517,0.811093,-0.140000,-0.001680,0.000000,1,0.00
0.738000,0.007,0.014648,0.014462,8.867,14.36,0.013196,-0.014648,0.000000,-0.000000,-0.007,0.010,-0.029167,0.009517,0.811093,-0.140000,-0.001680,0.000000,1,0.00
0.740000,0.007,0.014781,0.014528,8.867,14.36,0.013222,-0.014781,0.000000,-0.000000,-0.007,0.010,-0.029167,0.009517,0.811093,-0.140000,-0.001680,0.000000,1,0.00
0.742000,0.007,0.014914,0.014595,8.867,14.36,0.013248,-0.014914,0.000000,-0.000000,-0.007,0.010,-0.029167,0.009517,0.811093,-0.140000,-0.001680,0.000000,1,0.00
0.744000,0.008,0.015047,0.014661,8.867,14.36,0.013275,-0.015047,0.000000,-0.000000,-0.007,0.010,-0.029167,0.009517,0.811093,-0.140000,-0.001680,0.000000,1,0.00
0.746000,0.008,0.015180,0.014727,8.867,14.36,0.013302,-0.015180,0.000000,-0.000000,-0.007,0.010,-0.029167,0.009517,0.811093,-0.140000,-0.001680,0.000000,1,0.00
0.748000,0.008,0.015312,0.014793,8.867,14.36,0.013331,-0.015312,0.000000,-0.000000,-0.007,0.010,-0.029167,0.009517,0.811093,-0.140000,-0.001680,0.000000,1,0.00
0.750000,0.008,0.015444,0.014859,8.867,14.36,0.013360,-0.015444,0.000000,-0.000000,-0.007,0.010,-0.029167,0.009517,0.811093,-0.140000,-0.001680,0.000000,1,0.00
0.752000,0.008,0.015576,0.014925,8.867,14.36,0.013390,-0.015576,0.000000,-0.000000,-0.008,0.010,-0.029167,0.009517,0.811093,-0.140000,-0.001680,0.000000,1,0.00
0.754000,0.008,0.015707,0.014991,8.867,14.36,0.013421,-0.015707,0.000000,-0.000000,-0.008,0.010,-0.029167,0.009517,0.811093,-0.140000,-0.001680,0.000000,1,0.00
0.756000,0.008,0.015839,0.015057,8.867,14.36,0.013452,-0.015839,0.000000,-0.000000,-0.008,0.011,-0.029167,0.009517,0.811093,-0.140000,-0.001680,0.000000,1,0.00
0.758000,0.008,0.015970,0.015122,8.867,14.36,0.013484,-0.015970,0.000000,-0.000000,-0.008,0.011,-0.029167,0.009517,0.811093,-0.140000,-0.001680,0.000000,1,0.00
0.760000,0.008,0.016101,0.013486,8.954,14.36,0.013517,-0.016101,0.000000,-0.000000,-0.008,0.011,-0.027083,0.007247,0.825619,-0.130000,-0.001567,0.000781,1,0.00
0.762000,0.008,0.016240,0.013616,8.951,14.39,0.013517,-0.016240,0.000000,-0.000000,-0.008,0.011,-0.027083,0.007328,0.825101,-0.130000,-0.001565,0.000391,1,0.00
0.764000,0.008,0.016379,0.013685,8.951,14.41,0.013518,-0.016379,0.000000,-0.000000,-0.008,0.011,-0.027083,0.007328,0.825101,-0.130000,-0.001565,0.000391,1,0.00
0.766000,0.008,0.016517,0.013755,8.951,14.43,0.013522,-0.016517,0.000000,-0.000000,-0.008,0.011,-0.027083,0.007328,0.825101,-0.130000,-0.001565,0.000391,1,0.00
0.768000,0.008,0.016655,0.013823,8.951,14.44,0.013526,-0.016655,0.000000,-0.000000,-0.008,0.011,-0.027083,0.007328,0.825101,-0.130000,-0.001565,0.000391,1,0.00
0.770000,0.008,0.016792,0.013892,8.951,14.45,0.013532,-0.016792,0.000000,-0.000000,-0.008,0.011,-0.027083,0.007328,0.825101,-0.130000,-0.001565,0.000391,1,0.00
0.772000,0.008,0.016928,0.013960,8.951,14.46,0.013540,-0.016928,0.000000,-0.000000,-0.008,0.011,-0.027083,0.007328,0.825101,-0.130000,-0.001565,0.000391,1,0.00
0.774000,0.009,0.017064,0.014028,8.951,14.47,0.013548,-0.017064,0.000000,-0.000000,-0.008,0.011,-0.027083,0.007328,0.825101,-0.130000,-0.001565,0.000391,1,0.00
0.776000,0.009,0.017199,0.014095,8.951,14.48,0.013558,-0.017199,0.000000,-0.000000,-0.008,0.011,-0.027083,0.007328,0.825101,-0.130000,-0.001565,0.000391,1,0.00
0.778000,0.009,0.017333,0.014162,8.951,14.48,0.013568,-0.017333,0.000000,-0.000000,-0.008,0.012,-0.027083,0.007328,0.825101,-0.130000,-0.001565,0.000391,1,0.00
0.780000,0.009,0.017467,0.014289,8.948,14.48,0.013580,-0.017467,0.000000,-0.000000,-0.008,0.012,-0.027083,0.007408,0.824588,-0.130000,-0.001560,0.000001,1,0.00
0.782000,0.009,0.017599,0.014356,8.948,14.49,0.013594,-0.017599,0.000000,-0.000000,-0.009,0.012,-0.027083,0.007408,0.824587,-0.130000,-0.001560,0.000000,1,0.00
0.784000,0.009,0.017731,0.014422,8.948,14.49,0.013610,-0.017731,0.000000,-0.000000,-0.009,0.012,-0.027083,0.007408,0.824587,-0.130000,-0.001560,0.000000,1,0.00
0.786000,0.009,0.017862,0.014487,8.948,14.49,0.013626,-0.017862,0.000000,-0.000000,-0.009,0.012,-0.027083,0.007408,0.824587,-0.130000,-0.001560,0.000000,1,0.00
0.788000,0.009,0.017993,0.014553,8.948,14.49,0.013643,-0.017993,0.000000,-0.000000,-0.009,0.012,-0.027083,0.007408,0.824587,-0.130000,-0.001560,0.000000,1,0.00
0.790000,0.009,0.018122,0.014617,8.948,14.49,0.013661,-0.018122,0.000000,-0.000000,-0.009,0.012,-0.027083,0.007408,0.824587,-0.130000,-0.001560,0.000000,1,0.00
0.792000,0.009,0.018251,0.014682,8.948,14.49,0.013680,-0.018251,0.000000,-0.000000,-0.009,0.012,-0.027083,0.007408,0.824587,-0.130000,-0.001560,0.000000,1,0.00
0.794000,0.009,0.018380,0.014746,8.948,14.49,0.013700,-0.018380,0.000000,-0.000000,-0.009,0.012,-0.027083,0.007408,0.824587,-0.130000,-0.001560,0.000000,1,0.00
0.796000,0.009,0.018507,0.014810,8.948,14.49,0.013721,-0.018507,0.000000,-0.000000,-0.009,0.012,-0.027083,0.007408,0.824587,-0.130000,-0.001560,0.000000,1,0.00
0.798000,0.009,0.018634,0.014873,8.948,14.49,0.013743,-0.018634,0.000000,-0.000000,-0.009,0.012,-0.027083,0.007408,0.824587,-0.130000,-0.001560,0.000000,1,0.00
0.800000,0.009,0.018760,0.014936,8.948,14.49,0.013766,-0.018760,0.000000,-0.000000,0.000,0.013,-0.027083,0.007408,0.824587,-0.130000,-0.001560,0.000000,1,0.00
0.802000,0.009,0.018885,0.014999,8.948,14.49,0.013789,-0.018885,0.000000,-0.000000,0.000,0.013,-0.027083,0.007408,0.824587,-0.130000,-0.001560,0.000000,1,0.00
0.804000,0.010,0.019010,0.015061,8.948,14.49,0.013813,-0.019010,0.000000,-0.000000,0.000,0.013,-0.027083,0.007408,0.824587,-0.130000,-0.001560,0.000000,1,0.00
0.806000,0.010,0.019134,0.015123,8.948,14.49,0.013838,-0.019134,0.000000,-0.000000,0.000,0.013,-0.027083,0.007408,0.824587,-0.130000,-0.001560,0.000000,1,0.00
0.808000,0.010,0.019257,0.015185,8.948,14.49,0.013864,-0.019257,0.000000,-0.000000,-0.009,0.013,-0.027083,0.007408,0.824587,-0.130000,-0.001560,0.000000,1,0.00
0.810000,0.010,0.019379,0.015246,8.948,14.49,0.013890,-0.019379,0.000000,-0.000000,-0.009,0.013,-0.027083,0.007408,0.824587,-0.130000,-0.001560,0.000000,1,0.00
0.812000,0.010,0.019500,0.015306,8.948,14.49,0.013917,-0.019500,0.000000,-0.000000,-0.010,0.013,-0.027083,0.007408,0.824587,-0.130000,-0.001560,0.000000,1,0.00
0.814000,0.010,0.019621,0.015367,8.948,14.49,0.013945,-0.019621,0.000000,-0.000000,-0.010,0.013,-0.027083,0.007408,0.824587,-0.130000,-0.001560,0.000000,1,0.00
0.816000,0.010,0.019741,0.015427,8.948,14.49,0.013974,-0.019741,0.000000,-0.000000,-0.010,0.013,-0.027083,0.007408,0.824587,-0.130000,-0.001560,0.000000,1,0.00
0.818000,0.010,0.019859,0.015486,8.948,14.49,0.014003,-0.019859,0.000000,-0.000000,-0.010,0.013,-0.027083,0.007408,0.824587,-0.130000,-0.001560,0.000000,1,0.00
0.820000,0.010,0.019978,0.013478,9.053,14.49,0.014032,-0.019978,0.000000,-0.000000,-0.010,0.013,-0.025000,0.004652,0.842226,-0.120000,-0.001456,0.003125,1,0.00
0.822000,0.010,0.020106,0.013786,9.041,14.53,0.014021,-0.020106,0.000000,-0.000000,-0.010,0.013,-0.025000,0.004977,0.840149,-0.120000,-0.001451,0.001563,1,0.00
0.824000,0.010,0.020232,0.013849,9.041,14.55,0.014017,-0.020232,0.000000,-0.000000,-0.010,0.013,-0.025000,0.004977,0.840149,-0.120000,-0.001451,0.001563,1,0.00
0.826000,0.010,0.020357,0.013911,9.041,14.57,0.014013,-0.020357,0.000000,-0.000000,-0.010,0.014,-0.025000,0.004977,0.840149,-0.120000,-0.001451,0.001563,1,0.00
0.828000,0.010,0.020481,0.013973,9.041,14.58,0.014011,-0.020481,0.000000,-0.000000,-0.010,0.014,-0.025000,0.004977,0.840149,-0.120000,-0.001451,0.001563,1,0.00
0.830000,0.010,0.020604,0.014034,9.041,14.60,0.014010,-0.020604,0.000000,-0.000000,-0.010,0.014,-0.025000,0.004977,0.840149,-0.120000,-0.001451,0.001563,1,0.00
0.832000,0.010,0.020725,0.014095,9.041,14.61,0.014011,-0.020725,0.000000,-0.000000,-0.010,0.014,-0.025000,0.004977,0.840149,-0.120000,-0.001451,0.001563,1,0.00
0.834000,0.010,0.020845,0.014155,9.041,14.61,0.014013,-0.020845,0.000000,-0.000000,-0.010,0.014,-0.025000,0.004977,0.840149,-0.120000,-0.001451,0.001563,1,0.00
0.836000,0.010,0.020963,0.014214,9.041,14.62,0.014015,-0.020963,0.000000,-0.000000,-0.010,0.014,-0.025000,0.004977,0.840149,-0.120000,-0.001451,0.001563,1,0.00
0.838000,0.011,0.021081,0.014273,9.041,14.63,0.014019,-0.021081,0.000000,-0.000000,-0.010,0.014,-0.025000,0.004977,0.840149,-0.120000,-0.001451,0.001563,1,0.00
0.840000,0.011,0.021197,0.014573,9.029,14.63,0.014025,-0.021197,0.000000,-0.000000,-0.010,0.014,-0.025000,0.005299,0.838084,-0.120000,-0.001440,0.000003,1,0.00
0.842000,0.011,0.021310,0.014630,9.028,14.63,0.014035,-0.021310,0.000000,-0.000000,-0.010,0.014,-0.025000,0.005300,0.838082,-0.120000,-0.001440,0.000002,1,0.00
0.844000,0.011,0.021423,0.014686,9.028,14.63,0.014047,-0.021423,0.000000,-0.000000,-0.010,0.014,-0.025000,0.005300,0.838082,-0.120000,-0.001440,0.000002,1,0.00
0.846000,0.011,0.021534,0.014742,9.028,14.63,0.014060,-0.021534,0.000000,-0.000000,-0.011,0.014,-0.025000,0.005300,0.838082,-0.120000,-0.001440,0.000002,1,0.00
0.848000,0.011,0.021644,0.014797,9.028,14.63,0.014074,-0.021644,0.000000,-0.000000,-0.011,0.014,-0.025000,0.005300,0.838082,-0.120000,-0.001440,0.000002,1,0.00
0.850000,0.011,0.021752,0.014851,9.028,14.63,0.014088,-0.021752,0.000000,-0.000000,-0.011,0.015,-0.025000,0.005300,0.838082,-0.120000,-0.001440,0.000002,1,0.00
0.852000,0.011,0.021859,0.014904,9.028,14.63,0.014103,-0.021859,0.000000,-0.000000,-0.011,0.015,-0.025000,0.005300,0.838082,-0.120000,-0.001440,0.000002,1,0.00
0.854000,0.011,0.021965,0.014958,9.028,14.63,0.014119,-0.021965,0.000000,-0.000000,-0.011,0.015,-0.025000,0.005300,0.838082,-0.120000,-0.001440,0.000002,1,0.00
0.856000,0.011,0.022070,0.015010,9.028,14.63,0.014136,-0.022070,0.000000,-0.000000,-0.011,0.015,-0.025000,0.005300,0.838082,-0.120000,-0.001440,0.000002,1,0.00
0.858000,0.011,0.022174,0.015062,9.028,14.63,0.014154,-0.022174,0.000000,-0.000000,-0.011,0.015,-0.025000,0.005300,0.838082,-0.120000,-0.001440,0.000002,1,0.00
0.860000,0.011,0.022276,0.015113,9.028,14.63,0.014172,-0.022276,0.000000,-0.000000,-0.011,0.015,-0.025000,0.005300,0.838080,-0.120000,-0.001440,0.000000,1,0.00
0.862000,0.011,0.022377,0.015164,9.028,14.62,0.014191,-0.022377,0.000000,-0.000000,-0.011,0.015,-0.025000,0.005300,0.838080,-0.120000,-0.001440,0.000000,1,0.00
0.864000,0.011,0.022477,0.015214,9.028,14.62,0.014210,-0.022477,0.000000,-0.000000,-0.011,0.015,-0.025000,0.005300,0.838080,-0.120000,-0.001440,0.000000,1,0.00
0.866000,0.011,0.022576,0.015263,9.028,14.62,0.014230,-0.022576,0.000000,-0.000000,-0.011,0.015,-0.025000,0.005300,0.838080,-0.120000,-0.001440,0.000000,1,0.00
0.868000,0.011,0.022673,0.015312,9.028,14.62,0.014251,-0.022673,0.000000,-0.000000,-0.011,0.015,-0.025000,0.005300,0.838080,-0.120000,-0.001440,0.000000,1,0.00
0.870000,0.011,0.022769,0.015360,9.028,14.62,0.014272,-0.022769,0.000000,-0.000000,-0.011,0.015,-0.025000,0.005300,0.838080,-0.120000,-0.001440,0.000000,1,0.00
0.872000,0.011,0.022863,0.015406,9.028,14.62,0.014294,-0.022863,0.000000,-0.000000,-0.011,0.015,-0.025000,0.005300,0.838080,-0.120000,-0.001440,0.000000,1,0.00
0.874000,0.011,0.022955,0.015452,9.028,14.62,0.014316,-0.022955,0.000000,-0.000000,-0.011,0.015,-0.025000,0.005300,0.838080,-0.120000,-0.001440,0.000000,1,0.00
0.876000,0.012,0.023045,0.015498,9.028,14.62,0.014339,-0.023045,0.000000,-0.000000,-0.011,0.015,-0.025000,0.005300,0.838080,-0.120000,-0.001440,0.000000,1,0.00
0.878000,0.012,0.023133,0.015542,9.028,14.62,0.014362,-0.023133,0.000000,-0.000000,-0.011,0.015,-0.025000,0.005300,0.838080,-0.120000,-0.001440,0.000000,1,0.00
0.880000,0.012,0.023219,0.012056,9.209,14.62,0.014386,-0.023219,0.000000,-0.000000,-0.011,0.015,-0.022917,0.000595,0.868193,-0.110000,-0.001356,0.012500,1,0.00
0.882000,0.012,0.023323,0.013082,9.159,14.68,0.014339,-0.023323,0.000000,-0.000000,-0.011,0.016,-0.022917,0.001895,0.859875,-0.110000,-0.001344,0.006250,1,0.00
0.884000,0.012,0.023421,0.013131,9.159,14.71,0.014314,-0.023421,0.000000,-0.000000,-0.012,0.016,-0.022917,0.001895,0.859875,-0.110000,-0.001344,0.006250,1,0.00
0.886000,0.012,0.023516,0.013179,9.159,14.74,0.014290,-0.023516,0.000000,-0.000000,-0.012,0.016,-0.022917,0.001895,0.859875,-0.110000,-0.001344,0.006250,1,0.00
0.888000,0.012,0.023610,0.013226,9.159,14.76,0.014268,-0.023610,0.000000,-0.000000,-0.012,0.016,-0.022917,0.001895,0.859875,-0.110000,-0.001344,0.006250,1,0.00
0.890000,0.012,0.023701,0.013271,9.159,14.77,0.014247,-0.023701,0.000000,-0.000000,-0.012,0.016,-0.022917,0.001895,0.859875,-0.110000,-0.001344,0.006250,1,0.00
0.892000,0.012,0.023790,0.013316,9.159,14.79,0.014228,-0.023790,0.000000,-0.000000,-0.012,0.016,-0.022917,0.001895,0.859875,-0.110000,-0.001344,0.006250,1,0.00
0.894000,0.012,0.023876,0.013359,9.159,14.80,0.014209,-0.023876,0.000000,-0.000000,-0.012,0.016,-0.022917,0.001895,0.859875,-0.110000,-0.001344,0.006250,1,0.00
0.896000,0.012,0.023960,0.013401,9.159,14.80,0.014192,-0.023960,0.000000,-0.000000,-0.012,0.016,-0.022917,0.001895,0.859875,-0.110000,-0.001344,0.006250,1,0.00
0.898000,0.012,0.024042,0.013442,9.159,14.81,0.014177,-0.024042,0.000000,-0.000000,-0.012,0.016,-0.022917,0.001895,0.859875,-0.110000,-0.001344,0.006250,1,0.00
0.900000,0.012,0.024120,0.014452,9.110,14.82,0.014162,-0.024120,0.000000,-0.000000,0.000,0.016,-0.022917,0.003189,0.851589,-0.110000,-0.001321,0.000012,1,0.00
0.902000,0.012,0.024190,0.014488,9.109,14.80,0.014168,-0.024190,0.000000,-0.000000,0.000,0.016,-0.022917,0.003190,0.851581,-0.110000,-0.001320,0.000006,1,0.00
0.904000,0.012,0.024257,0.014521,9.109,14.79,0.014174,-0.024257,0.000000,-0.000000,0.000,0.016,-0.022917,0.003190,0.851581,-0.110000,-0.001320,0.000006,1,0.00
0.906000,0.012,0.024321,0.014553,9.109,14.79,0.014181,-0.024321,0.000000,-0.000000,0.000,0.016,-0.022917,0.003190,0.851581,-0.110000,-0.001320,0.000006,1,0.00
0.908000,0.012,0.024382,0.014584,9.109,14.78,0.014189,-0.024382,0.000000,-0.000000,-0.012,0.016,-0.022917,0.003190,0.851581,-0.110000,-0.001320,0.000006,1,0.00
0.910000,0.012,0.024441,0.014613,9.109,14.78,0.014196,-0.024441,0.000000,-0.000000,-0.012,0.016,-0.022917,0.003190,0.851581,-0.110000,-0.001320,0.000006,1,0.00
0.912000,0.012,0.024497,0.014642,9.109,14.77,0.014205,-0.024497,0.000000,-0.000000,-0.012,0.016,-0.022917,0.003190,0.851581,-0.110000,-0.001320,0.000006,1,0.00
0.914000,0.012,0.024552,0.014669,9.109,14.77,0.014214,-0.024552,0.000000,-0.000000,-0.012,0.016,-0.022917,0.003190,0.851581,-0.110000,-0.001320,0.000006,1,0.00
0.916000,0.012,0.024605,0.014695,9.109,14.77,0.014223,-0.024605,0.000000,-0.000000,-0.012,0.016,-0.022917,0.003190,0.851581,-0.110000,-0.001320,0.000006,1,0.00
0.918000,0.012,0.024656,0.014721,9.109,14.76,0.014232,-0.024656,0.000000,-0.000000,-0.012,0.016,-0.022917,0.003190,0.851581,-0.110000,-0.001320,0.000006,1,0.00
0.920000,0.012,0.024704,0.014746,9.109,14.76,0.014242,-0.024704,0.000000,-0.000000,-0.012,0.016,-0.022917,0.003192,0.851573,-0.110000,-0.001320,0.000000,1,0.00
0.922000,0.012,0.024751,0.014769,9.109,14.76,0.014252,-0.024751,0.000000,-0.000000,-0.012,0.017,-0.022917,0.003192,0.851573,-0.110000,-0.001320,0.000000,1,0.00
0.924000,0.012,0.024795,0.014791,9.109,14.76,0.014262,-0.024795,0.000000,-0.000000,-0.012,0.017,-0.022917,0.003192,0.851573,-0.110000,-0.001320,0.000000,1,0.00
0.926000,0.012,0.024837,0.014812,9.109,14.76,0.014273,-0.024837,0.000000,-0.000000,-0.012,0.017,-0.022917,0.003192,0.851573,-0.110000,-0.001320,0.000000,1,0.00
0.928000,0.012,0.024877,0.014832,9.109,14.76,0.014284,-0.024877,0.000000,-0.000000,-0.012,0.017,-0.022917,0.003192,0.851573,-0.110000,-0.001320,0.000000,1,0.00
0.930000,0.012,0.024915,0.014851,9.109,14.76,0.014295,-0.024915,0.000000,-0.000000,-0.012,0.017,-0.022917,0.003192,0.851573,-0.110000,-0.001320,0.000000,1,0.00
0.932000,0.012,0.024950,0.014869,9.109,14.76,0.014306,-0.024950,0.000000,-0.000000,-0.012,0.017,-0.022917,0.003192,0.851573,-0.110000,-0.001320,0.000000,1,0.00
0.934000,0.012,0.024983,0.014885,9.109,14.76,0.014317,-0.024983,0.000000,-0.000000,-0.012,0.017,-0.022917,0.003192,0.851573,-0.110000,-0.001320,0.000000,1,0.00
0.936000,0.013,0.025014,0.014901,9.109,14.76,0.014328,-0.025014,0.000000,-0.000000,-0.012,0.017,-0.022917,0.003192,0.851573,-0.110000,-0.001320,0.000000,1,0.00
0.938000,0.013,0.025042,0.014915,9.109,14.76,0.014340,-0.025042,0.000000,-0.000000,-0.012,0.017,-0.022917,0.003192,0.851573,-0.110000,-0.001320,0.000000,1,0.00
0.940000,0.013,0.025068,0.014928,9.109,14.76,0.014351,-0.025068,0.000000,-0.000000,-0.012,0.017,-0.022917,0.003192,0.851573,-0.110000,-0.001320,0.000000,1,0.00
0.942000,0.013,0.025092,0.014940,9.109,14.76,0.014363,-0.025092,0.000000,-0.000000,-0.012,0.017,-0.022917,0.003192,0.851573,-0.110000,-0.001320,0.000000,1,0.00
0.944000,0.013,0.025113,0.014950,9.109,14.76,0.014374,-0.025113,0.000000,-0.000000,-0.013,0.017,-0.022917,0.003192,0.851573,-0.110000,-0.001320,0.000000,1,0.00
0.946000,0.013,0.025132,0.014960,9.109,14.76,0.014386,-0.025132,0.000000,-0.000000,-0.013,0.017,-0.022917,0.003192,0.851573,-0.110000,-0.001320,0.000000,1,0.00
0.948000,0.013,0.025149,0.014968,9.109,14.76,0.014397,-0.025149,0.000000,-0.000000,-0.013,0.017,-0.022917,0.003192,0.851573,-0.110000,-0.001320,0.000000,1,0.00
0.950000,0.013,0.025163,0.014975,9.109,14.76,0.014409,-0.025163,0.000000,-0.000000,-0.013,0.017,-0.022917,0.003192,0.851573,-0.110000,-0.001320,0.000000,1,0.00
0.952000,0.013,0.025176,0.014982,9.109,14.76,0.014420,-0.025176,0.000000,-0.000000,-0.013,0.017,-0.022917,0.003192,0.851573,-0.110000,-0.001320,0.000000,1,0.00
0.954000,0.013,0.025186,0.014987,9.109,14.76,0.014431,-0.025186,0.000000,-0.000000,-0.013,0.017,-0.022917,0.003192,0.851573,-0.110000,-0.001320,0.000000,1,0.00
0.956000,0.013,0.025194,0.014991,9.109,14.76,0.014443,-0.025194,0.000000,-0.000000,-0.013,0.017,-0.022917,0.003192,0.851573,-0.110000,-0.001320,0.000000,1,0.00
0.958000,0.013,0.025199,0.014993,9.109,14.76,0.014453,-0.025199,0.000000,-0.000000,-0.013,0.017,-0.022917,0.003192,0.851573,-0.110000,-0.001320,0.000000,1,0.00
0.960000,0.013,0.025203,0.014995,9.109,14.76,0.014464,-0.025203,0.000000,-0.000000,-0.013,0.017,-0.022917,0.003192,0.851573,-0.110000,-0.001320,0.000000,1,0.00
0.962000,0.013,0.025204,0.014996,9.109,14.76,0.014475,-0.025204,0.000000,-0.000000,-0.013,0.017,-0.022917,0.003192,0.851573,-0.110000,-0.001320,0.000000,1,0.00
0.964000,0.013,0.025203,0.014995,9.109,14.76,0.014485,-0.025203,0.000000,-0.000000,-0.013,0.017,-0.022917,0.003192,0.851573,-0.110000,-0.001320,0.000000,1,0.00
0.966000,0.013,0.025200,0.014994,9.109,14.76,0.014496,-0.025200,0.000000,-0.000000,-0.013,0.017,-0.022917,0.003192,0.851573,-0.110000,-0.001320,0.000000,1,0.00
0.968000,0.013,0.025195,0.014991,9.109,14.76,0.014506,-0.025195,0.000000,0.000000,-0.013,0.017,-0.022917,0.003192,0.851573,-0.110000,-0.001320,0.000000,1,0.00
0.970000,0.013,0.025188,0.014988,9.109,14.76,0.014515,-0.025188,0.000000,0.000000,-0.013,0.017,-0.022917,0.003192,0.851573,-0.110000,-0.001320,0.000000,1,0.00
0.972000,0.013,0.025179,0.014983,9.109,14.76,0.014525,-0.025179,0.000000,0.000000,-0.013,0.017,-0.022917,0.003192,0.851573,-0.110000,-0.001320,0.000000,1,0.00
0.974000,0.013,0.025168,0.014978,9.109,14.76,0.014534,-0.025168,0.000000,0.000000,-0.013,0.017,-0.022917,0.003192,0.851573,-0.110000,-0.001320,0.000000,1,0.00
0.976000,0.013,0.025154,0.014971,9.109,14.76,0.014543,-0.025154,0.000000,0.000000,-0.013,0.017,-0.022917,0.003192,0.851573,-0.110000,-0.001320,0.000000,1,0.00
0.978000,0.013,0.025139,0.014963,9.109,14.76,0.014551,-0.025139,0.000000,0.000000,-0.013,0.017,-0.022917,0.003192,0.851573,-0.110000,-0.001320,0.000000,1,0.00
0.980000,0.013,0.025122,0.014955,9.109,14.76,0.014560,-0.025122,0.000000,0.000000,-0.013,0.017,-0.022917,0.003192,0.851573,-0.110000,-0.001320,0.000000,1,0.00
0.982000,0.013,0.025103,0.014945,9.109,14.76,0.014567,-0.025103,0.000000,0.000000,-0.013,0.017,-0.022917,0.003192,0.851573,-0.110000,-0.001320,0.000000,1,0.00
0.984000,0.013,0.025082,0.014935,9.109,14.76,0.014575,-0.025082,0.000000,0.000000,-0.013,0.017,-0.022917,0.003192,0.851573,-0.110000,-0.001320,0.000000,1,0.00
0.986000,0.013,0.025059,0.014923,9.109,14.76,0.014582,-0.025059,0.000000,0.000000,-0.013,0.017,-0.022917,0.003192,0.851573,-0.110000,-0.001320,0.000000,1,0.00
0.988000,0.013,0.025034,0.014911,9.109,14.76,0.014589,-0.025034,0.000000,0.000000,-0.013,0.017,-0.022917,0.003192,0.851573,-0.110000,-0.001320,0.000000,1,0.00
0.990000,0.013,0.025008,0.014898,9.109,14.76,0.014595,-0.025008,0.000000,0.000000,-0.013,0.017,-0.022917,0.003192,0.851573,-0.110000,-0.001320,0.000000,1,0.00
0.992000,0.012,0.024980,0.014884,9.109,14.76,0.014601,-0.024980,0.000000,0.000000,-0.013,0.017,-0.022917,0.003192,0.851573,-0.110000,-0.001320,0.000000,1,0.00
0.994000,0.012,0.024950,0.014869,9.109,14.76,0.014607,-0.024950,0.000000,0.000000,-0.013,0.017,-0.022917,0.003192,0.851573,-0.110000,-0.001320,0.000000,1,0.00
0.996000,0.012,0.024918,0.014853,9.109,14.76,0.014612,-0.024918,0.000000,0.000000,-0.013,0.017,-0.022917,0.003192,0.851573,-0.110000,-0.001320,0.000000,1,0.00
0.998000,0.012,0.024884,0.014836,9.109,14.76,0.014617,-0.024884,0.000000,0.000000,-0.013,0.017,-0.022917,0.003192,0.851573,-0.110000,-0.001320,0.000000,1,0.00
1.000000,0.012,0.024849,0.014818,9.109,14.76,0.014622,-0.024849,0.000000,-0.000000,0.000,0.017,-0.022917,0.003192,0.851573,-0.110000,-0.001320,0.000000,1,0.00
1.002000,0.012,0.024813,0.014800,9.109,14.76,0.014625,-0.024813,0.000000,-0.000000,0.000,0.017,-0.022917,0.003192,0.851573,-0.110000,-0.001320,0.000000,1,0.00
1.004000,0.012,0.024774,0.014781,9.109,14.76,0.014629,-0.024774,0.000000,0.000000,0.000,0.017,-0.022917,0.003192,0.851573,-0.110000,-0.001320,0.000000,1,0.00
1.006000,0.012,0.024734,0.014761,9.109,14.76,0.014632,-0.024734,0.000000,0.000000,0.000,0.016,-0.022917,0.003192,0.851573,-0.110000,-0.001320,0.000000,1,0.00
1.008000,0.012,0.024692,0.014740,9.109,14.76,0.014635,-0.024692,0.000000,0.000000,-0.012,0.016,-0.022917,0.003192,0.851573,-0.110000,-0.001320,0.000000,1,0.00
1.010000,0.012,0.024649,0.014718,9.109,14.76,0.014637,-0.024649,0.000000,0.000000,-0.012,0.016,-0.022917,0.003192,0.851573,-0.110000,-0.001320,0.000000,1,0.00
1.012000,0.012,0.024604,0.014696,9.109,14.76,0.014638,-0.024604,0.000000,0.000000,-0.012,0.016,-0.022917,0.003192,0.851573,-0.110000,-0.001320,0.000000,1,0.00
1.014000,0.012,0.024558,0.014673,9.109,14.76,0.014639,-0.024558,0.000000,0.000000,-0.012,0.016,-0.022917,0.003192,0.851573,-0.110000,-0.001320,0.000000,1,0.00
1.016000,0.012,0.024510,0.014649,9.109,14.76,0.014640,-0.024510,0.000000,0.000000,-0.012,0.016,-0.022917,0.003192,0.851573,-0.110000,-0.001320,0.000000,1,0.00
1.018000,0.012,0.024461,0.014624,9.109,14.76,0.014640,-0.024461,0.000000,0.000000,-0.012,0.016,-0.022917,0.003192,0.851573,-0.110000,-0.001320,0.000000,1,0.00
1.020000,0.012,0.024410,0.014599,9.109,14.76,0.014640,-0.024410,0.000000,0.000000,-0.012,0.016,-0.022917,0.003192,0.851573,-0.110000,-0.001320,0.000000,1,0.00
1.022000,0.012,0.024358,0.014573,9.109,14.76,0.014639,-0.024358,0.000000,0.000000,-0.012,0.016,-0.022917,0.003192,0.851573,-0.110000,-0.001320,0.000000,1,0.00
1.024000,0.012,0.024304,0.014546,9.109,14.76,0.014638,-0.024304,0.000000,0.000000,-0.012,0.016,-0.022917,0.003192,0.851573,-0.110000,-0.001320,0.000000,1,0.00
1.026000,0.012,0.024249,0.014518,9.109,14.76,0.014636,-0.024249,0.000000,0.000000,-0.012,0.016,-0.022917,0.003192,0.851573,-0.110000,-0.001320,0.000000,1,0.00
1.028000,0.012,0.024193,0.014490,9.109,14.76,0.014634,-0.024193,0.000000,0.000000,-0.012,0.016,-0.022917,0.003192,0.851573,-0.110000,-0.001320,0.000000,1,0.00
1.030000,0.012,0.024135,0.014461,9.109,14.76,0.014631,-0.024135,0.000000,0.000000,-0.012,0.016,-0.022917,0.003192,0.851573,-0.110000,-0.001320,0.000000,1,0.00
1.032000,0.012,0.024076,0.014432,9.109,14.76,0.014627,-0.024076,0.000000,0.000000,-0.012,0.016,-0.022917,0.003192,0.851573,-0.110000,-0.001320,0.000000,1,0.00
1.034000,0.012,0.024016,0.014402,9.109,14.76,0.014623,-0.024016,0.000000,0.000000,-0.012,0.016,-0.022917,0.003192,0.851573,-0.110000,-0.001320,0.000000,1,0.00
1.036000,0.012,0.023954,0.014371,9.109,14.76,0.014619,-0.023954,0.000000,0.000000,-0.012,0.016,-0.022917,0.003192,0.851573,-0.110000,-0.001320,0.000000,1,0.00
1.038000,0.012,0.023891,0.014339,9.109,14.76,0.014614,-0.023891,0.000000,0.000000,-0.012,0.016,-0.022917,0.003192,0.851573,-0.110000,-0.001320,0.000000,1,0.00
1.040000,0.012,0.023827,0.014307,9.109,14.76,0.014608,-0.023827,0.000000,0.000000,-0.012,0.016,-0.022917,0.003192,0.851573,-0.110000,-0.001320,0.000000,1,0.00
1.042000,0.012,0.023762,0.014275,9.109,14.76,0.014602,-0.023762,0.000000,0.000000,-0.012,0.016,-0.022917,0.003192,0.851573,-0.110000,-0.001320,0.000000,1,0.00
1.044000,0.012,0.023696,0.014242,9.109,14.76,0.014596,-0.023696,0.000000,0.000000,-0.012,0.016,-0.022917,0.003192,0.851573,-0.110000,-0.001320,0.000000,1,0.00
1.046000,0.012,0.023628,0.014208,9.109,14.76,0.014589,-0.023628,0.000000,0.000000,-0.012,0.016,-0.022917,0.003192,0.851573,-0.110000,-0.001320,0.000000,1,0.00
1.048000,0.012,0.023560,0.014174,9.109,14.76,0.014581,-0.023560,0.000000,0.000000,-0.012,0.016,-0.022917,0.003192,0.851573,-0.110000,-0.001320,0.000000,1,0.00
1.050000,0.012,0.023490,0.014139,9.109,14.76,0.014573,-0.023490,0.000000,0.000000,-0.012,0.016,-0.022917,0.003192,0.851573,-0.110000,-0.001320,0.000000,1,0.00
1.052000,0.012,0.023420,0.014104,9.109,14.76,0.014564,-0.023420,0.000000,0.000000,-0.012,0.016,-0.022917,0.003192,0.851573,-0.110000,-0.001320,0.000000,1,0.00
1.054000,0.012,0.023348,0.014068,9.109,14.76,0.014555,-0.023348,0.000000,0.000000,-0.012,0.016,-0.022917,0.003192,0.851573,-0.110000,-0.001320,0.000000,1,0.00
1.056000,0.012,0.023275,0.014031,9.109,14.76,0.014545,-0.023275,0.000000,0.000000,-0.012,0.016,-0.022917,0.003192,0.851573,-0.110000,-0.001320,0.000000,1,0.00
1.058000,0.012,0.023201,0.013994,9.109,14.76,0.014535,-0.023201,0.000000,0.000000,-0.012,0.015,-0.022917,0.003192,0.851573,-0.110000,-0.001320,0.000000,1,0.00
1.060000,0.012,0.023127,0.013957,9.109,14.76,0.014524,-0.023127,0.000000,0.000000,-0.012,0.015,-0.022917,0.003192,0.851573,-0.110000,-0.001320,0.000000,1,0.00
1.062000,0.012,0.023051,0.013919,9.109,14.76,0.014513,-0.023051,0.000000,0.000000,-0.012,0.015,-0.022917,0.003192,0.851573,-0.110000,-0.001320,0.000000,1,0.00
1.064000,0.011,0.022975,0.013881,9.109,14.76,0.014501,-0.022975,0.000000,0.000000,-0.012,0.015,-0.022917,0.003192,0.851573,-0.110000,-0.001320,0.000000,1,0.00
1.066000,0.011,0.022898,0.013843,9.109,14.76,0.014489,-0.022898,0.000000,0.000000,-0.012,0.015,-0.022917,0.003192,0.851573,-0.110000,-0.001320,0.000000,1,0.00
1.068000,0.011,0.022820,0.013804,9.109,14.76,0.014476,-0.022820,0.000000,0.000000,-0.012,0.015,-0.022917,0.003192,0.851573,-0.110000,-0.001320,0.000000,1,0.00
1.070000,0.011,0.022741,0.013764,9.109,14.76,0.014462,-0.022741,0.000000,0.000000,-0.012,0.015,-0.022917,0.003192,0.851573,-0.110000,-0.001320,0.000000,1,0.00
1.072000,0.011,0.022661,0.013724,9.109,14.76,0.014448,-0.022661,0.000000,0.000000,-0.011,0.015,-0.022917,0.003192,0.851573,-0.110000,-0.001320,0.000000,1,0.00
1.074000,0.011,0.022581,0.013684,9.109,14.76,0.014434,-0.022581,0.000000,0.000000,-0.011,0.015,-0.022917,0.003192,0.851573,-0.110000,-0.001320,0.000000,1,0.00
1.076000,0.011,0.022499,0.013643,9.109,14.76,0.014419,-0.022499,0.000000,0.000000,-0.011,0.015,-0.022917,0.003192,0.851573,-0.110000,-0.001320,0.000000,1,0.00
1.078000,0.011,0.022418,0.013603,9.109,14.76,0.014403,-0.022418,0.000000,0.000000,-0.011,0.015,-0.022917,0.003192,0.851573,-0.110000,-0.001320,0.000000,1,0.00
1.080000,0.011,0.022335,0.013561,9.109,14.76,0.014387,-0.022335,0.000000,0.000000,-0.011,0.015,-0.022917,0.003192,0.851573,-0.110000,-0.001320,0.000000,1,0.00
1.082000,0.011,0.022252,0.013520,9.109,14.76,0.014371,-0.022252,0.000000,0.000000,-0.011,0.015,-0.022917,0.003192,0.851573,-0.110000,-0.001320,0.000000,1,0.00
1.084000,0.011,0.022168,0.013478,9.109,14.76,0.014354,-0.022168,0.000000,0.000000,-0.011,0.015,-0.022917,0.003192,0.851573,-0.110000,-0.001320,0.000000,1,0.00
1.086000,0.011,0.022083,0.013435,9.109,14.76,0.014336,-0.022083,0.000000,0.000000,-0.011,0.015,-0.022917,0.003192,0.851573,-0.110000,-0.001320,0.000000,1,0.00
1.088000,0.011,0.021998,0.013393,9.109,14.76,0.014318,-0.021998,0.000000,0.000000,-0.011,0.015,-0.022917,0.003192,0.851573,-0.110000,-0.001320,0.000000,1,0.00
1.090000,0.011,0.021912,0.013350,9.109,14.76,0.014300,-0.021912,0.000000,0.000000,-0.011,0.015,-0.022917,0.003192,0.851573,-0.110000,-0.001320,0.000000,1,0.00
1.092000,0.011,0.021826,0.013307,9.109,14.76,0.014281,-0.021826,0.000000,0.000000,-0.011,0.015,-0.022917,0.003192,0.851573,-0.110000,-0.001320,0.000000,1,0.00
1.094000,0.011,0.021739,0.013263,9.109,14.76,0.014261,-0.021739,0.000000,0.000000,-0.011,0.014,-0.022917,0.003192,0.851573,-0.110000,-0.001320,0.000000,1,0.00
1.096000,0.011,0.021652,0.013220,9.109,14.76,0.014241,-0.021652,0.000000,0.000000,-0.011,0.014,-0.022917,0.003192,0.851573,-0.110000,-0.001320,0.000000,1,0.00
1.098000,0.011,0.021564,0.013176,9.109,14.76,0.014221,-0.021564,0.000000,0.000000,-0.011,0.014,-0.022917,0.003192,0.851573,-0.110000,-0.001320,0.000000,1,0.00
1.100000,0.011,0.021476,0.013132,9.109,14.76,0.014200,-0.021476,0.000000,-0.000000,0.000,0.014,-0.022917,0.003192,0.851573,-0.110000,-0.001320,0.000000,1,0.00
1.102000,0.011,0.021387,0.013087,9.109,14.76,0.014178,-0.021387,0.000000,0.000000,0.000,0.014,-0.022917,0.003192,0.851573,-0.110000,-0.001320,0.000000,1,0.00
1.104000,0.011,0.021298,0.013043,9.109,14.76,0.014156,-0.021298,0.000000,0.000000,0.000,0.014,-0.022917,0.003192,0.851573,-0.110000,-0.001320,0.000000,1,0.00
1.106000,0.011,0.021209,0.012998,9.109,14.76,0.014134,-0.021209,0.000000,0.000000,0.000,0.014,-0.022917,0.003192,0.851573,-0.110000,-0.001320,0.000000,1,0.00
1.108000,0.011,0.021119,0.012953,9.109,14.76,0.014111,-0.021119,0.000000,0.000000,-0.011,0.014,-0.022917,0.003192,0.851573,-0.110000,-0.001320,0.000000,1,0.00
1.110000,0.011,0.021029,0.012908,9.109,14.76,0.014088,-0.021029,0.000000,0.000000,-0.011,0.014,-0.022917,0.003192,0.851573,-0.110000,-0.001320,0.000000,1,0.00
1.112000,0.010,0.020938,0.012863,9.109,14.76,0.014065,-0.020938,0.000000,0.000000,-0.011,0.014,-0.022917,0.003192,0.851573,-0.110000,-0.001320,0.000000,1,0.00
1.114000,0.010,0.020847,0.012817,9.109,14.76,0.014041,-0.020847,0.000000,0.000000,-0.011,0.014,-0.022917,0.003192,0.851573,-0.110000,-0.001320,0.000000,1,0.00
1.116000,0.010,0.020756,0.012772,9.109,14.76,0.014016,-0.020756,0.000000,0.000000,-0.011,0.014,-0.022917,0.003192,0.851573,-0.110000,-0.001320,0.000000,1,0.00
1.118000,0.010,0.020665,0.012726,9.109,14.76,0.013991,-0.020665,0.000000,0.000000,-0.011,0.014,-0.022917,0.003192,0.851573,-0.110000,-0.001320,0.000000,1,0.00
1.120000,0.010,0.020573,0.012680,9.109,14.76,0.013966,-0.020573,0.000000,0.000000,-0.010,0.014,-0.022917,0.003192,0.851573,-0.110000,-0.001320,0.000000,1,0.00
1.122000,0.010,0.020481,0.012634,9.109,14.76,0.013940,-0.020481,0.000000,0.000000,-0.010,0.014,-0.022917,0.003192,0.851573,-0.110000,-0.001320,0.000000,1,0.00
1.124000,0.010,0.020389,0.012588,9.109,14.76,0.013914,-0.020389,0.000000,0.000000,-0.010,0.014,-0.022917,0.003192,0.851573,-0.110000,-0.001320,0.000000,1,0.00
1.126000,0.010,0.020297,0.012542,9.109,14.76,0.013887,-0.020297,0.000000,0.000000,-0.010,0.014,-0.022917,0.003192,0.851573,-0.110000,-0.001320,0.000000,1,0.00
1.128000,0.010,0.020205,0.012496,9.109,14.76,0.013861,-0.020205,0.000000,0.000000,-0.010,0.013,-0.022917,0.003192,0.851573,-0.110000,-0.001320,0.000000,1,0.00
1.130000,0.010,0.020112,0.012450,9.109,14.76,0.013833,-0.020112,0.000000,0.000000,-0.010,0.013,-0.022917,0.003192,0.851573,-0.110000,-0.001320,0.000000,1,0.00
1.132000,0.010,0.020020,0.012404,9.109,14.76,0.013806,-0.020020,0.000000,0.000000,-0.010,0.013,-0.022917,0.003192,0.851573,-0.110000,-0.001320,0.000000,1,0.00
1.134000,0.010,0.019927,0.012357,9.109,14.76,0.013778,-0.019927,0.000000,0.000000,-0.010,0.013,-0.022917,0.003192,0.851573,-0.110000,-0.001320,0.000000,1,0.00
1.136000,0.010,0.019835,0.012311,9.109,14.76,0.013749,-0.019835,0.000000,0.000000,-0.010,0.013,-0.022917,0.003192,0.851573,-0.110000,-0.001320,0.000000,1,0.00
1.138000,0.010,0.019742,0.012265,9.109,14.76,0.013720,-0.019742,0.000000,0.000000,-0.010,0.013,-0.022917,0.003192,0.851573,-0.110000,-0.001320,0.000000,1,0.00
1.140000,0.010,0.019649,0.012218,9.109,14.76,0.013691,-0.019649,0.000000,0.000000,-0.010,0.013,-0.022917,0.003192,0.851573,-0.110000,-0.001320,0.000000,1,0.00
1.142000,0.010,0.019557,0.012172,9.109,14.76,0.013662,-0.019557,0.000000,0.000000,-0.010,0.013,-0.022917,0.003192,0.851573,-0.110000,-0.001320,0.000000,1,0.00
1.144000,0.010,0.019464,0.012126,9.109,14.76,0.013632,-0.019464,0.000000,0.000000,-0.010,0.013,-0.022917,0.003192,0.851573,-0.110000,-0.001320,0.000000,1,0.00
1.146000,0.010,0.019371,0.012079,9.109,14.76,0.013602,-0.019371,0.000000,0.000000,-0.010,0.013,-0.022917,0.003192,0.851573,-0.110000,-0.001320,0.000000,1,0.00
1.148000,0.010,0.019279,0.012033,9.109,14.76,0.013571,-0.019279,0.000000,0.000000,-0.010,0.013,-0.022917,0.003192,0.851573,-0.110000,-0.001320,0.000000,1,0.00
1.150000,0.010,0.019186,0.011987,9.109,14.76,0.013540,-0.019186,0.000000,0.000000,-0.010,0.013,-0.022917,0.003192,0.851573,-0.110000,-0.001320,0.000000,1,0.00
1.152000,0.010,0.019094,0.011941,9.109,14.76,0.013509,-0.019094,0.000000,0.000000,-0.010,0.013,-0.022917,0.003192,0.851573,-0.110000,-0.001320,0.000000,1,0.00
1.154000,0.010,0.019002,0.011895,9.109,14.76,0.013478,-0.019002,0.000000,0.000000,-0.010,0.013,-0.022917,0.003192,0.851573,-0.110000,-0.001320,0.000000,1,0.00
1.156000,0.009,0.018910,0.011849,9.109,14.76,0.013446,-0.018910,0.000000,0.000000,-0.010,0.013,-0.022917,0.003192,0.851573,-0.110000,-0.001320,0.000000,1,0.00
1.158000,0.009,0.018818,0.011803,9.109,14.76,0.013414,-0.018818,0.000000,0.000000,-0.010,0.013,-0.022917,0.003192,0.851573,-0.110000,-0.001320,0.000000,1,0.00
1.160000,0.009,0.018726,0.011757,9.109,14.76,0.013382,-0.018726,0.000000,0.000000,-0.010,0.012,-0.022917,0.003192,0.851573,-0.110000,-0.001320,0.000000,1,0.00
1.162000,0.009,0.018635,0.011711,9.109,14.76,0.013350,-0.018635,0.000000,0.000000,-0.010,0.012,-0.022917,0.003192,0.851573,-0.110000,-0.001320,0.000000,1,0.00
1.164000,0.009,0.018543,0.011665,9.109,14.76,0.013317,-0.018543,0.000000,0.000000,-0.009,0.012,-0.022917,0.003192,0.851573,-0.110000,-0.001320,0.000000,1,0.00
1.166000,0.009,0.018452,0.011620,9.109,14.76,0.013284,-0.018452,0.000000,0.000000,-0.009,0.012,-0.022917,0.003192,0.851573,-0.110000,-0.001320,0.000000,1,0.00
1.168000,0.009,0.018362,0.011575,9.109,14.76,0.013250,-0.018362,0.000000,0.000000,-0.009,0.012,-0.022917,0.003192,0.851573,-0.110000,-0.001320,0.000000,1,0.00
1.170000,0.009,0.018271,0.011529,9.109,14.76,0.013217,-0.018271,0.000000,0.000000,-0.009,0.012,-0.022917,0.003192,0.851573,-0.110000,-0.001320,0.000000,1,0.00
1.172000,0.009,0.018181,0.011484,9.109,14.76,0.013183,-0.018181,0.000000,0.000000,-0.009,0.012,-0.022917,0.003192,0.851573,-0.110000,-0.001320,0.000000,1,0.00
1.174000,0.009,0.018091,0.011439,9.109,14.76,0.013149,-0.018091,0.000000,0.000000,-0.009,0.012,-0.022917,0.003192,0.851573,-0.110000,-0.001320,0.000000,1,0.00
1.176000,0.009,0.018002,0.011395,9.109,14.76,0.013115,-0.018002,0.000000,0.000000,-0.009,0.012,-0.022917,0.003192,0.851573,-0.110000,-0.001320,0.000000,1,0.00
1.178000,0.009,0.017912,0.011350,9.109,14.76,0.013080,-0.017912,0.000000,0.000000,-0.009,0.012,-0.022917,0.003192,0.851573,-0.110000,-0.001320,0.000000,1,0.00
1.180000,0.009,0.017824,0.011306,9.109,14.76,0.013046,-0.017824,0.000000,0.000000,-0.009,0.012,-0.022917,0.003192,0.851573,-0.110000,-0.001320,0.000000,1,0.00
1.182000,0.009,0.017735,0.011261,9.109,14.76,0.013011,-0.017735,0.000000,0.000000,-0.009,0.012,-0.022917,0.003192,0.851573,-0.110000,-0.001320,0.000000,1,0.00
1.184000,0.009,0.017647,0.011217,9.109,14.76,0.012976,-0.017647,0.000000,0.000000,-0.009,0.012,-0.022917,0.003192,0.851573,-0.110000,-0.001320,0.000000,1,0.00
1.186000,0.009,0.017560,0.011174,9.109,14.76,0.012941,-0.017560,0.000000,0.000000,-0.009,0.012,-0.022917,0.003192,0.851573,-0.110000,-0.001320,0.000000,1,0.00
1.188000,0.009,0.017473,0.011130,9.109,14.76,0.012905,-0.017473,0.000000,0.000000,-0.009,0.012,-0.022917,0.003192,0.851573,-0.110000,-0.001320,0.000000,1,0.00
1.190000,0.009,0.017386,0.011087,9.109,14.76,0.012870,-0.017386,0.000000,0.000000,-0.009,0.012,-0.022917,0.003192,0.851573,-0.110000,-0.001320,0.000000,1,0.00
1.192000,0.009,0.017300,0.011044,9.109,14.76,0.012834,-0.017300,0.000000,0.000000,-0.009,0.012,-0.022917,0.003192,0.851573,-0.110000,-0.001320,0.000000,1,0.00
1.194000,0.009,0.017215,0.011001,9.109,14.76,0.012798,-0.017215,0.000000,0.000000,-0.009,0.011,-0.022917,0.003192,0.851573,-0.110000,-0.001320,0.000000,1,0.00
1.196000,0.009,0.017129,0.010958,9.109,14.76,0.012762,-0.017129,0.000000,0.000000,-0.009,0.011,-0.022917,0.003192,0.851573,-0.110000,-0.001320,0.000000,1,0.00
1.198000,0.009,0.017045,0.010916,9.109,14.76,0.012726,-0.017045,0.000000,0.000000,-0.009,0.011,-0.022917,0.003192,0.851573,-0.110000,-0.001320,0.000000,1,0.00
1.200000,0.008,0.016961,0.010874,9.109,14.76,0.012690,-0.016961,0.000000,-0.000000,0.000,0.011,-0.022917,0.003192,0.851573,-0.110000,-0.001320,0.000000,1,0.00
1.202000,0.008,0.016877,0.010832,9.109,14.76,0.012654,-0.016877,0.000000,0.000000,0.000,0.011,-0.022917,0.003192,0.851573,-0.110000,-0.001320,0.000000,1,0.00
1.204000,0.008,0.016794,0.010791,9.109,14.76,0.012617,-0.016794,0.000000,0.000000,0.000,0.011,-0.022917,0.003192,0.851573,-0.110000,-0.001320,0.000000,1,0.00
1.206000,0.008,0.016712,0.010750,9.109,14.76,0.012581,-0.016712,0.000000,0.000000,0.000,0.011,-0.022917,0.003192,0.851573,-0.110000,-0.001320,0.000000,1,0.00
1.208000,0.008,0.016630,0.010709,9.109,14.76,0.012544,-0.016630,0.000000,0.000000,-0.008,0.011,-0.022917,0.003192,0.851573,-0.110000,-0.001320,0.000000,1,0.00
1.210000,0.008,0.016549,0.010668,9.109,14.76,0.012507,-0.016549,0.000000,0.000000,-0.008,0.011,-0.022917,0.003192,0.851573,-0.110000,-0.001320,0.000000,1,0.00
1.212000,0.008,0.016469,0.010628,9.109,14.76,0.012470,-0.016469,0.000000,0.000000,-0.008,0.011,-0.022917,0.003192,0.851573,-0.110000,-0.001320,0.000000,1,0.00
1.214000,0.008,0.016389,0.010588,9.109,14.76,0.012434,-0.016389,0.000000,0.000000,-0.008,0.011,-0.022917,0.003192,0.851573,-0.110000,-0.001320,0.000000,1,0.00
1.216000,0.008,0.016310,0.010549,9.109,14.76,0.012397,-0.016310,0.000000,0.000000,-0.008,0.011,-0.022917,0.003192,0.851573,-0.110000,-0.001320,0.000000,1,0.00
1.218000,0.008,0.016231,0.010509,9.109,14.76,0.012360,-0.016231,0.000000,0.000000,-0.008,0.011,-0.022917,0.003192,0.851573,-0.110000,-0.001320,0.000000,1,0.00
1.220000,0.008,0.016153,0.010470,9.109,14.76,0.012323,-0.016153,0.000000,0.000000,-0.008,0.011,-0.022917,0.003192,0.851573,-0.110000,-0.001320,0.000000,1,0.00
1.222000,0.008,0.016076,0.010432,9.109,14.76,0.012286,-0.016076,0.000000,0.000000,-0.008,0.011,-0.022917,0.003192,0.851573,-0.110000,-0.001320,0.000000,1,0.00
1.224000,0.008,0.015999,0.010393,9.109,14.76,0.012248,-0.015999,0.000000,0.000000,-0.008,0.011,-0.022917,0.003192,0.851573,-0.110000,-0.001320,0.000000,1,0.00
1.226000,0.008,0.015924,0.010356,9.109,14.76,0.012211,-0.015924,0.000000,0.000000,-0.008,0.011,-0.022917,0.003192,0.851573,-0.110000,-0.001320,0.000000,1,0.00
1.228000,0.008,0.015849,0.010318,9.109,14.76,0.012174,-0.015849,0.000000,0.000000,-0.008,0.011,-0.022917,0.003192,0.851573,-0.110000,-0.001320,0.000000,1,0.00
1.230000,0.008,0.015774,0.010281,9.109,14.76,0.012137,-0.015774,0.000000,0.000000,-0.008,0.011,-0.022917,0.003192,0.851573,-0.110000,-0.001320,0.000000,1,0.00
1.232000,0.008,0.015701,0.010244,9.109,14.76,0.012100,-0.015701,0.000000,0.000000,-0.008,0.010,-0.022917,0.003192,0.851573,-0.110000,-0.001320,0.000000,1,0.00
1.234000,0.008,0.015628,0.010208,9.109,14.76,0.012063,-0.015628,0.000000,0.000000,-0.008,0.010,-0.022917,0.003192,0.851573,-0.110000,-0.001320,0.000000,1,0.00
1.236000,0.008,0.015556,0.010172,9.109,14.76,0.012026,-0.015556,0.000000,0.000000,-0.008,0.010,-0.022917,0.003192,0.851573,-0.110000,-0.001320,0.000000,1,0.00
1.238000,0.008,0.015484,0.010136,9.109,14.76,0.011988,-0.015484,0.000000,0.000000,-0.008,0.010,-0.022917,0.003192,0.851573,-0.110000,-0.001320,0.000000,1,0.00
1.240000,0.008,0.015414,0.010101,9.109,14.76,0.011951,-0.015414,0.000000,0.000000,-0.008,0.010,-0.022917,0.003192,0.851573,-0.110000,-0.001320,0.000000,1,0.00
1.242000,0.008,0.015344,0.010066,9.109,14.76,0.011914,-0.015344,0.000000,0.000000,-0.008,0.010,-0.022917,0.003192,0.851573,-0.110000,-0.001320,0.000000,1,0.00
1.244000,0.008,0.015275,0.010031,9.109,14.76,0.011877,-0.015275,0.000000,0.000000,-0.008,0.010,-0.022917,0.003192,0.851573,-0.110000,-0.001320,0.000000,1,0.00
1.246000,0.008,0.015206,0.009997,9.109,14.76,0.011840,-0.015206,0.000000,0.000000,-0.008,0.010,-0.022917,0.003192,0.851573,-0.110000,-0.001320,0.000000,1,0.00
1.248000,0.008,0.015139,0.009963,9.109,14.76,0.011803,-0.015139,0.000000,0.000000,-0.008,0.010,-0.022917,0.003192,0.851573,-0.110000,-0.001320,0.000000,1,0.00
1.250000,0.008,0.015072,0.009930,9.109,14.76,0.011767,-0.015072,0.000000,0.000000,-0.008,0.010,-0.022917,0.003192,0.851573,-0.110000,-0.001320,0.000000,1,0.00
1.252000,0.008,0.015006,0.009897,9.109,14.76,0.011730,-0.015006,0.000000,0.000000,-0.008,0.010,-0.022917,0.003192,0.851573,-0.110000,-0.001320,0.000000,1,0.00
1.254000,0.007,0.014941,0.009864,9.109,14.76,0.011693,-0.014941,0.000000,0.000000,-0.008,0.010,-0.022917,0.003192,0.851573,-0.110000,-0.001320,0.000000,1,0.00
1.256000,0.007,0.014877,0.009832,9.109,14.76,0.011657,-0.014877,0.000000,0.000000,-0.008,0.010,-0.022917,0.003192,0.851573,-0.110000,-0.001320,0.000000,1,0.00
1.258000,0.007,0.014814,0.009801,9.109,14.76,0.011620,-0.014814,0.000000,0.000000,-0.008,0.010,-0.022917,0.003192,0.851573,-0.110000,-0.001320,0.000000,1,0.00
1.260000,0.007,0.014751,0.009769,9.109,14.76,0.011584,-0.014751,0.000000,0.000000,-0.008,0.010,-0.022917,0.003192,0.851573,-0.110000,-0.001320,0.000000,1,0.00
1.262000,0.007,0.014689,0.009738,9.109,14.76,0.011547,-0.014689,0.000000,0.000000,-0.007,0.010,-0.022917,0.003192,0.851573,-0.110000,-0.001320,0.000000,1,0.00
1.264000,0.007,0.014628,0.009708,9.109,14.76,0.011511,-0.014628,0.000000,0.000000,-0.007,0.010,-0.022917,0.003192,0.851573,-0.110000,-0.001320,0.000000,1,0.00
1.266000,0.007,0.014568,0.009678,9.109,14.76,0.011475,-0.014568,0.000000,0.000000,-0.007,0.010,-0.022917,0.003192,0.851573,-0.110000,-0.001320,0.000000,1,0.00
1.268000,0.007,0.014509,0.009648,9.109,14.76,0.011439,-0.014509,0.000000,0.000000,-0.007,0.010,-0.022917,0.003192,0.851573,-0.110000,-0.001320,0.000000,1,0.00
1.270000,0.007,0.014451,0.009619,9.109,14.76,0.011403,-0.014451,0.000000,0.000000,-0.007,0.010,-0.022917,0.003192,0.851573,-0.110000,-0.001320,0.000000,1,0.00
1.272000,0.007,0.014393,0.009590,9.109,14.76,0.011367,-0.014393,0.000000,0.000000,-0.007,0.010,-0.022917,0.003192,0.851573,-0.110000,-0.001320,0.000000,1,0.00
1.274000,0.007,0.014336,0.009562,9.109,14.76,0.011332,-0.014336,0.000000,0.000000,-0.007,0.010,-0.022917,0.003192,0.851573,-0.110000,-0.001320,0.000000,1,0.00
1.276000,0.007,0.014280,0.009534,9.109,14.76,0.011296,-0.014280,0.000000,0.000000,-0.007,0.010,-0.022917,0.003192,0.851573,-0.110000,-0.001320,0.000000,1,0.00
1.278000,0.007,0.014225,0.009506,9.109,14.76,0.011261,-0.014225,0.000000,0.000000,-0.007,0.009,-0.022917,0.003192,0.851573,-0.110000,-0.001320,0.000000,1,0.00
1.280000,0.007,0.014171,0.009479,9.109,14.76,0.011226,-0.014171,0.000000,0.000000,-0.007,0.009,-0.022917,0.003192,0.851573,-0.110000,-0.001320,0.000000,1,0.00
1.282000,0.007,0.014118,0.009453,9.109,14.76,0.011191,-0.014118,0.000000,0.000000,-0.007,0.009,-0.022917,0.003192,0.851573,-0.110000,-0.001320,0.000000,1,0.00
1.284000,0.007,0.014065,0.009426,9.109,14.76,0.011156,-0.014065,0.000000,0.000000,-0.007,0.009,-0.022917,0.003192,0.851573,-0.110000,-0.001320,0.000000,1,0.00
1.286000,0.007,0.014013,0.009400,9.109,14.76,0.011122,-0.014013,0.000000,0.000000,-0.007,0.009,-0.022917,0.003192,0.851573,-0.110000,-0.001320,0.000000,1,0.00
1.288000,0.007,0.013962,0.009375,9.109,14.76,0.011087,-0.013962,0.000000,0.000000,-0.007,0.009,-0.022917,0.003192,0.851573,-0.110000,-0.001320,0.000000,1,0.00
1.290000,0.007,0.013912,0.009350,9.109,14.76,0.011053,-0.013912,0.000000,0.000000,-0.007,0.009,-0.022917,0.003192,0.851573,-0.110000,-0.001320,0.000000,1,0.00
1.292000,0.007,0.013863,0.009325,9.109,14.76,0.011019,-0.013863,0.000000,0.000000,-0.007,0.009,-0.022917,0.003192,0.851573,-0.110000,-0.001320,0.000000,1,0.00
1.294000,0.007,0.013815,0.009301,9.109,14.76,0.010985,-0.013815,0.000000,0.000000,-0.007,0.009,-0.022917,0.003192,0.851573,-0.110000,-0.001320,0.000000,1,0.00
1.296000,0.007,0.013767,0.009277,9.109,14.76,0.010951,-0.013767,0.000000,0.000000,-0.007,0.009,-0.022917,0.003192,0.851573,-0.110000,-0.001320,0.000000,1,0.00
1.298000,0.007,0.013721,0.009254,9.109,14.76,0.010918,-0.013721,0.000000,0.000000,-0.007,0.009,-0.022917,0.003192,0.851573,-0.110000,-0.001320,0.000000,1,0.00
1.300000,0.007,0.013675,0.009231,9.109,14.76,0.010884,-0.013675,0.000000,-0.000000,0.000,0.009,-0.022917,0.003192,0.851573,-0.110000,-0.001320,0.000000,1,0.00
1.302000,0.007,0.013629,0.009209,9.109,14.76,0.010851,-0.013629,0.000000,0.000000,0.000,0.009,-0.022917,0.003192,0.851573,-0.110000,-0.001320,0.000000,1,0.00
1.304000,0.007,0.013585,0.009186,9.109,14.76,0.010818,-0.013585,0.000000,0.000000,0.000,0.009,-0.022917,0.003192,0.851573,-0.110000,-0.001320,0.000000,1,0.00
1.306000,0.007,0.013542,0.009165,9.109,14.76,0.010786,-0.013542,0.000000,0.000000,0.000,0.009,-0.022917,0.003192,0.851573,-0.110000,-0.001320,0.000000,1,0.00
1.308000,0.007,0.013499,0.009143,9.109,14.76,0.010753,-0.013499,0.000000,0.000000,-0.007,0.009,-0.022917,0.003192,0.851573,-0.110000,-0.001320,0.000000,1,0.00
1.310000,0.007,0.013457,0.009122,9.109,14.76,0.010721,-0.013457,0.000000,0.000000,-0.007,0.009,-0.022917,0.003192,0.851573,-0.110000,-0.001320,0.000000,1,0.00
1.312000,0.007,0.013416,0.009102,9.109,14.76,0.010689,-0.013416,0.000000,0.000000,-0.007,0.009,-0.022917,0.003192,0.851573,-0.110000,-0.001320,0.000000,1,0.00
1.314000,0.007,0.013375,0.009081,9.109,14.76,0.010657,-0.013375,0.000000,0.000000,-0.007,0.009,-0.022917,0.003192,0.851573,-0.110000,-0.001320,0.000000,1,0.00
1.316000,0.007,0.013336,0.009062,9.109,14.76,0.010626,-0.013336,0.000000,0.000000,-0.007,0.009,-0.022917,0.003192,0.851573,-0.110000,-0.001320,0.000000,1,0.00
1.318000,0.007,0.013297,0.009042,9.109,14.76,0.010594,-0.013297,0.000000,0.000000,-0.007,0.009,-0.022917,0.003192,0.851573,-0.110000,-0.001320,0.000000,1,0.00
1.320000,0.007,0.013259,0.009023,9.109,14.76,0.010563,-0.013259,0.000000,0.000000,-0.007,0.009,-0.022917,0.003192,0.851573,-0.110000,-0.001320,0.000000,1,0.00
1.322000,0.007,0.013221,0.009004,9.109,14.76,0.010532,-0.013221,0.000000,0.000000,-0.007,0.009,-0.022917,0.003192,0.851573,-0.110000,-0.001320,0.000000,1,0.00
1.324000,0.007,0.013185,0.008986,9.109,14.76,0.010502,-0.013185,0.000000,0.000000,-0.007,0.009,-0.022917,0.003192,0.851573,-0.110000,-0.001320,0.000000,1,0.00
1.326000,0.007,0.013149,0.008968,9.109,14.76,0.010472,-0.013149,0.000000,0.000000,-0.007,0.009,-0.022917,0.003192,0.851573,-0.110000,-0.001320,0.000000,1,0.00
1.328000,0.007,0.013113,0.008950,9.109,14.76,0.010441,-0.013113,0.000000,0.000000,-0.007,0.009,-0.022917,0.003192,0.851573,-0.110000,-0.001320,0.000000,1,0.00
1.330000,0.007,0.013079,0.008933,9.109,14.76,0.010412,-0.013079,0.000000,0.000000,-0.007,0.009,-0.022917,0.003192,0.851573,-0.110000,-0.001320,0.000000,1,0.00
1.332000,0.007,0.013045,0.008916,9.109,14.76,0.010382,-0.013045,0.000000,0.000000,-0.007,0.009,-0.022917,0.003192,0.851573,-0.110000,-0.001320,0.000000,1,0.00
1.334000,0.007,0.013012,0.008900,9.109,14.76,0.010353,-0.013012,0.000000,0.000000,-0.007,0.009,-0.022917,0.003192,0.851573,-0.110000,-0.001320,0.000000,1,0.00
1.336000,0.006,0.012979,0.008883,9.109,14.76,0.010324,-0.012979,0.000000,0.000000,-0.007,0.009,-0.022917,0.003192,0.851573,-0.110000,-0.001320,0.000000,1,0.00
1.338000,0.006,0.012947,0.008867,9.109,14.76,0.010295,-0.012947,0.000000,0.000000,-0.007,0.009,-0.022917,0.003192,0.851573,-0.110000,-0.001320,0.000000,1,0.00
1.340000,0.006,0.012916,-0.002427,9.687,14.76,0.010266,-0.012916,0.000000,0.000000,-0.007,0.009,-0.008333,-0.011847,0.947820,-0.040000,-0.000502,0.001367,1,0.00
1.342000,0.006,0.012962,-0.002299,9.682,14.94,0.010013,-0.012962,0.000000,0.000000,-0.007,0.009,-0.008333,-0.011706,0.946919,-0.040000,-0.000495,0.000684,1,0.00
1.344000,0.007,0.013006,-0.002277,9.682,15.09,0.009766,-0.013006,0.000000,0.000000,-0.006,0.009,-0.008333,-0.011706,0.946919,-0.040000,-0.000495,0.000684,1,0.00
1.346000,0.007,0.013048,-0.002256,9.682,15.21,0.009525,-0.013048,0.000000,-0.000000,-0.006,0.009,-0.008333,-0.011706,0.946919,-0.040000,-0.000495,0.000684,1,0.00
1.348000,0.007,0.013087,-0.002236,9.682,15.30,0.009290,-0.013087,0.000000,-0.000000,-0.006,0.009,-0.008333,-0.011706,0.946919,-0.040000,-0.000495,0.000684,1,0.00
1.350000,0.007,0.013123,-0.002218,9.682,15.38,0.009059,-0.013123,0.000000,-0.000000,-0.006,0.009,-0.008333,-0.011706,0.946919,-0.040000,-0.000495,0.000684,1,0.00
1.352000,0.007,0.013157,-0.002201,9.682,15.44,0.008834,-0.013157,0.000000,-0.000000,-0.007,0.009,-0.008333,-0.011706,0.946919,-0.040000,-0.000495,0.000684,1,0.00
1.354000,0.007,0.013188,-0.002185,9.682,15.49,0.008613,-0.013188,0.000000,-0.000000,-0.007,0.009,-0.008333,-0.011706,0.946919,-0.040000,-0.000495,0.000684,1,0.00
1.356000,0.007,0.013217,-0.002171,9.682,15.53,0.008397,-0.013217,0.000000,-0.000000,-0.007,0.009,-0.008333,-0.011706,0.946919,-0.040000,-0.000495,0.000684,1,0.00
1.358000,0.007,0.013243,-0.002158,9.682,15.56,0.008186,-0.013243,0.000000,-0.000000,-0.007,0.009,-0.008333,-0.011706,0.946919,-0.040000,-0.000495,0.000684,1,0.00
1.360000,0.007,0.013267,-0.003744,9.763,15.58,0.007979,-0.013267,0.000000,-0.000000,-0.007,0.009,-0.006250,-0.013836,0.960554,-0.030000,-0.000367,0.000783,1,0.00
1.362000,0.007,0.013298,-0.003667,9.760,15.63,0.007744,-0.013298,0.000000,-0.000000,-0.007,0.009,-0.006250,-0.013755,0.960035,-0.030000,-0.000365,0.000391,1,0.00
1.364000,0.007,0.013327,-0.003653,9.760,15.67,0.007516,-0.013327,0.000000,-0.000000,-0.007,0.009,-0.006250,-0.013755,0.960035,-0.030000,-0.000365,0.000391,1,0.00
1.366000,0.007,0.013353,-0.003640,9.760,15.69,0.007293,-0.013353,0.000000,-0.000000,-0.007,0.009,-0.006250,-0.013755,0.960035,-0.030000,-0.000365,0.000391,1,0.00
1.368000,0.007,0.013377,-0.003628,9.760,15.72,0.007074,-0.013377,0.000000,-0.000000,-0.007,0.009,-0.006250,-0.013755,0.960035,-0.030000,-0.000365,0.000391,1,0.00
1.370000,0.007,0.013397,-0.003618,9.760,15.74,0.006860,-0.013397,0.000000,-0.000000,-0.007,0.009,-0.006250,-0.013755,0.960035,-0.030000,-0.000365,0.000391,1,0.00
1.372000,0.007,0.013415,-0.003609,9.760,15.75,0.006650,-0.013415,0.000000,-0.000000,-0.007,0.009,-0.006250,-0.013755,0.960035,-0.030000,-0.000365,0.000391,1,0.00
1.374000,0.007,0.013430,-0.003602,9.760,15.76,0.006445,-0.013430,0.000000,-0.000000,-0.007,0.009,-0.006250,-0.013755,0.960035,-0.030000,-0.000365,0.000391,1,0.00
1.376000,0.007,0.013442,-0.003595,9.760,15.77,0.006244,-0.013442,0.000000,-0.000000,-0.007,0.009,-0.006250,-0.013755,0.960035,-0.030000,-0.000365,0.000391,1,0.00
1.378000,0.007,0.013452,-0.003590,9.760,15.78,0.006047,-0.013452,0.000000,-0.000000,-0.007,0.009,-0.006250,-0.013755,0.960035,-0.030000,-0.000365,0.000391,1,0.00
1.380000,0.007,0.013460,-0.003527,9.757,15.79,0.005855,-0.013460,0.000000,-0.000000,-0.007,0.009,-0.006250,-0.013675,0.959521,-0.030000,-0.000360,0.000001,1,0.00
1.382000,0.007,0.013464,-0.003524,9.757,15.79,0.005667,-0.013464,0.000000,-0.000000,-0.007,0.009,-0.006250,-0.013675,0.959520,-0.030000,-0.000360,0.000000,1,0.00
1.384000,0.007,0.013465,-0.003524,9.757,15.79,0.005483,-0.013465,0.000000,-0.000000,-0.007,0.009,-0.006250,-0.013675,0.959520,-0.030000,-0.000360,0.000000,1,0.00
1.386000,0.007,0.013464,-0.003524,9.757,15.80,0.005303,-0.013464,0.000000,-0.000000,-0.007,0.009,-0.006250,-0.013675,0.959520,-0.030000,-0.000360,0.000000,1,0.00
1.388000,0.007,0.013461,-0.003526,9.757,15.80,0.005126,-0.013461,0.000000,-0.000000,-0.007,0.009,-0.006250,-0.013675,0.959520,-0.030000,-0.000360,0.000000,1,0.00
1.390000,0.007,0.013455,-0.003529,9.757,15.80,0.004953,-0.013455,0.000000,0.000000,-0.007,0.009,-0.006250,-0.013675,0.959520,-0.030000,-0.000360,0.000000,1,0.00
1.392000,0.007,0.013446,-0.003533,9.757,15.80,0.004784,-0.013446,0.000000,0.000000,-0.007,0.009,-0.006250,-0.013675,0.959520,-0.030000,-0.000360,0.000000,1,0.00
1.394000,0.007,0.013435,-0.003539,9.757,15.80,0.004617,-0.013435,0.000000,0.000000,-0.007,0.009,-0.006250,-0.013675,0.959520,-0.030000,-0.000360,0.000000,1,0.00
1.396000,0.007,0.013421,-0.003546,9.757,15.80,0.004454,-0.013421,0.000000,0.000000,-0.007,0.009,-0.006250,-0.013675,0.959520,-0.030000,-0.000360,0.000000,1,0.00
1.398000,0.007,0.013405,-0.003554,9.757,15.80,0.004294,-0.013405,0.000000,0.000000,-0.007,0.009,-0.006250,-0.013675,0.959520,-0.030000,-0.000360,0.000000,1,0.00
1.400000,0.007,0.013386,-0.003563,9.757,15.80,0.004137,-0.013386,0.000000,-0.000000,0.000,0.009,-0.006250,-0.013675,0.959520,-0.030000,-0.000360,0.000000,1,0.00
1.402000,0.007,0.013364,-0.003574,9.757,15.80,0.003983,-0.013364,0.000000,0.000000,0.000,0.009,-0.006250,-0.013675,0.959520,-0.030000,-0.000360,0.000000,1,0.00
1.404000,0.007,0.013340,-0.003586,9.757,15.80,0.003832,-0.013340,0.000000,0.000000,0.000,0.009,-0.006250,-0.013675,0.959520,-0.030000,-0.000360,0.000000,1,0.00
1.406000,0.007,0.013314,-0.003599,9.757,15.80,0.003684,-0.013314,0.000000,0.000000,0.000,0.009,-0.006250,-0.013675,0.959520,-0.030000,-0.000360,0.000000,1,0.00
1.408000,0.007,0.013284,-0.003614,9.757,15.80,0.003538,-0.013284,0.000000,0.000000,-0.007,0.009,-0.006250,-0.013675,0.959520,-0.030000,-0.000360,0.000000,1,0.00
1.410000,0.007,0.013252,-0.003630,9.757,15.80,0.003395,-0.013252,0.000000,0.000000,-0.007,0.009,-0.006250,-0.013675,0.959520,-0.030000,-0.000360,0.000000,1,0.00
1.412000,0.007,0.013218,-0.003647,9.757,15.80,0.003255,-0.013218,0.000000,0.000000,-0.007,0.009,-0.006250,-0.013675,0.959520,-0.030000,-0.000360,0.000000,1,0.00
1.414000,0.007,0.013181,-0.003666,9.757,15.80,0.003117,-0.013181,0.000000,0.000000,-0.007,0.009,-0.006250,-0.013675,0.959520,-0.030000,-0.000360,0.000000,1,0.00
1.416000,0.007,0.013141,-0.003686,9.757,15.80,0.002981,-0.013141,0.000000,0.000000,-0.007,0.009,-0.006250,-0.013675,0.959520,-0.030000,-0.000360,0.000000,1,0.00
1.418000,0.007,0.013098,-0.003707,9.757,15.80,0.002848,-0.013098,0.000000,0.000000,-0.007,0.009,-0.006250,-0.013675,0.959520,-0.030000,-0.000360,0.000000,1,0.00
1.420000,0.007,0.013053,-0.005341,9.840,15.80,0.002716,-0.013053,0.000000,0.000000,-0.007,0.009,-0.004167,-0.015823,0.973270,-0.020000,-0.000243,0.000195,1,0.00
1.422000,0.007,0.013016,-0.005344,9.839,15.83,0.002555,-0.013016,0.000000,0.000000,-0.007,0.009,-0.004167,-0.015803,0.973141,-0.020000,-0.000242,0.000098,1,0.00
1.424000,0.006,0.012977,-0.005364,9.839,15.85,0.002397,-0.012977,0.000000,0.000000,-0.007,0.009,-0.004167,-0.015803,0.973141,-0.020000,-0.000242,0.000098,1,0.00
1.426000,0.006,0.012934,-0.005386,9.839,15.87,0.002242,-0.012934,0.000000,0.000000,-0.007,0.009,-0.004167,-0.015803,0.973141,-0.020000,-0.000242,0.000098,1,0.00
1.428000,0.006,0.012888,-0.005409,9.839,15.88,0.002089,-0.012888,0.000000,0.000000,-0.007,0.009,-0.004167,-0.015803,0.973141,-0.020000,-0.000242,0.000098,1,0.00
1.430000,0.006,0.012838,-0.005433,9.839,15.89,0.001940,-0.012838,0.000000,0.000000,-0.007,0.009,-0.004167,-0.015803,0.973141,-0.020000,-0.000242,0.000098,1,0.00
1.432000,0.006,0.012786,-0.005459,9.839,15.90,0.001792,-0.012786,0.000000,0.000000,-0.006,0.009,-0.004167,-0.015803,0.973141,-0.020000,-0.000242,0.000098,1,0.00
1.434000,0.006,0.012731,-0.005487,9.839,15.91,0.001647,-0.012731,0.000000,0.000000,-0.006,0.008,-0.004167,-0.015803,0.973141,-0.020000,-0.000242,0.000098,1,0.00
1.436000,0.006,0.012672,-0.005517,9.839,15.92,0.001504,-0.012672,0.000000,0.000000,-0.006,0.008,-0.004167,-0.015803,0.973141,-0.020000,-0.000242,0.000098,1,0.00
1.438000,0.006,0.012610,-0.005547,9.839,15.92,0.001364,-0.012610,0.000000,0.000000,-0.006,0.008,-0.004167,-0.015803,0.973141,-0.020000,-0.000242,0.000098,1,0.00
1.440000,0.006,0.012545,-0.005565,9.838,15.92,0.001226,-0.012545,0.000000,0.000000,-0.006,0.008,-0.004167,-0.015783,0.973014,-0.020000,-0.000240,0.000000,1,0.00
1.442000,0.006,0.012477,-0.005599,9.838,15.93,0.001090,-0.012477,0.000000,0.000000,-0.006,0.008,-0.004167,-0.015783,0.973013,-0.020000,-0.000240,0.000000,1,0.00
1.444000,0.006,0.012405,-0.005635,9.838,15.93,0.000956,-0.012405,0.000000,0.000000,-0.006,0.008,-0.004167,-0.015783,0.973013,-0.020000,-0.000240,0.000000,1,0.00
1.446000,0.006,0.012330,-0.005672,9.838,15.93,0.000824,-0.012330,0.000000,0.000000,-0.006,0.008,-0.004167,-0.015783,0.973013,-0.020000,-0.000240,0.000000,1,0.00
1.448000,0.006,0.012252,-0.005711,9.838,15.93,0.000694,-0.012252,0.000000,0.000000,-0.006,0.008,-0.004167,-0.015783,0.973013,-0.020000,-0.000240,0.000000,1,0.00
1.450000,0.006,0.012171,-0.005752,9.838,15.93,0.000566,-0.012171,0.000000,0.000000,-0.006,0.008,-0.004167,-0.015783,0.973013,-0.020000,-0.000240,0.000000,1,0.00
1.452000,0.006,0.012086,-0.005794,9.838,15.93,0.000440,-0.012086,0.000000,0.000000,-0.006,0.008,-0.004167,-0.015783,0.973013,-0.020000,-0.000240,0.000000,1,0.00
1.454000,0.006,0.011999,-0.005838,9.838,15.93,0.000315,-0.011999,0.000000,0.000000,-0.006,0.008,-0.004167,-0.015783,0.973013,-0.020000,-0.000240,0.000000,1,0.00
1.456000,0.006,0.011907,-0.005884,9.838,15.93,0.000192,-0.011907,0.000000,0.000000,-0.006,0.008,-0.004167,-0.015783,0.973013,-0.020000,-0.000240,0.000000,1,0.00
1.458000,0.006,0.011813,-0.005931,9.838,15.93,0.000071,-0.011813,0.000000,0.000000,-0.006,0.008,-0.004167,-0.015783,0.973013,-0.020000,-0.000240,0.000000,1,0.00
1.460000,0.006,0.011716,-0.007933,9.682,15.93,-0.000049,-0.011716,0.000000,0.000000,-0.006,0.008,-0.002083,-0.018388,0.946933,-0.010000,-0.000200,0.050000,1,0.00
1.462000,0.006,0.011615,-0.009192,9.881,15.88,-0.000207,-0.011615,0.000000,0.000000,-0.006,0.008,-0.002083,-0.020000,0.980231,-0.010000,-0.000173,0.025000,1,0.00
1.464000,0.006,0.011529,-0.009236,9.881,15.91,-0.000387,-0.011529,0.000000,0.000000,-0.006,0.008,-0.002083,-0.020000,0.980231,-0.010000,-0.000173,0.025000,1,0.00
1.466000,0.006,0.011439,-0.009280,9.881,15.93,-0.000564,-0.011439,0.000000,0.000000,-0.006,0.008,-0.002083,-0.020000,0.980231,-0.010000,-0.000173,0.025000,1,0.00
1.468000,0.006,0.011346,-0.009327,9.881,15.94,-0.000738,-0.011346,0.000000,0.000000,-0.006,0.008,-0.002083,-0.020000,0.980231,-0.010000,-0.000173,0.025000,1,0.00
1.470000,0.006,0.011250,-0.009375,9.881,15.96,-0.000910,-0.011250,0.000000,0.000000,-0.006,0.007,-0.002083,-0.020000,0.980231,-0.010000,-0.000173,0.025000,1,0.00
1.472000,0.006,0.011150,-0.009425,9.881,15.97,-0.001079,-0.011150,0.000000,0.000000,-0.006,0.007,-0.002083,-0.020000,0.980231,-0.010000,-0.000173,0.025000,1,0.00
1.474000,0.006,0.011045,-0.009477,9.881,15.97,-0.001246,-0.011045,0.000000,0.000000,-0.006,0.007,-0.002083,-0.020000,0.980231,-0.010000,-0.000173,0.025000,1,0.00
1.476000,0.005,0.010937,-0.009531,9.881,15.98,-0.001410,-0.010937,0.000000,0.000000,-0.006,0.007,-0.002083,-0.020000,0.980231,-0.010000,-0.000173,0.025000,1,0.00
1.478000,0.005,0.010825,-0.009587,9.881,15.99,-0.001573,-0.010825,0.000000,0.000000,-0.006,0.007,-0.002083,-0.020000,0.980231,-0.010000,-0.000173,0.025000,1,0.00
1.480000,0.005,0.010709,-0.008072,9.919,15.99,-0.001733,-0.010709,0.000000,0.000000,-0.006,0.007,-0.002083,-0.017902,0.986570,-0.010000,-0.000121,0.000049,1,0.00
1.482000,0.005,0.010585,-0.008130,9.919,16.01,-0.001860,-0.010585,0.000000,0.000000,-0.006,0.007,-0.002083,-0.017897,0.986538,-0.010000,-0.000121,0.000024,1,0.00
1.484000,0.005,0.010457,-0.008194,9.919,16.02,-0.001985,-0.010457,0.000000,0.000000,-0.005,0.007,-0.002083,-0.017897,0.986538,-0.010000,-0.000121,0.000024,1,0.00
1.486000,0.005,0.010326,-0.008260,9.919,16.03,-0.002109,-0.010326,0.000000,0.000000,-0.005,0.007,-0.002083,-0.017897,0.986538,-0.010000,-0.000121,0.000024,1,0.00
1.488000,0.005,0.010190,-0.008327,9.919,16.04,-0.002232,-0.010190,0.000000,0.000000,-0.005,0.007,-0.002083,-0.017897,0.986538,-0.010000,-0.000121,0.000024,1,0.00
1.490000,0.005,0.010051,-0.008397,9.919,16.04,-0.002354,-0.010051,0.000000,0.000000,-0.005,0.007,-0.002083,-0.017897,0.986538,-0.010000,-0.000121,0.000024,1,0.00
1.492000,0.005,0.009908,-0.008468,9.919,16.05,-0.002475,-0.009908,0.000000,0.000000,-0.005,0.007,-0.002083,-0.017897,0.986538,-0.010000,-0.000121,0.000024,1,0.00
1.494000,0.005,0.009762,-0.008541,9.919,16.05,-0.002595,-0.009762,0.000000,0.000000,-0.005,0.007,-0.002083,-0.017897,0.986538,-0.010000,-0.000121,0.000024,1,0.00
1.496000,0.005,0.009612,-0.008616,9.919,16.05,-0.002714,-0.009612,0.000000,0.000000,-0.005,0.006,-0.002083,-0.017897,0.986538,-0.010000,-0.000121,0.000024,1,0.00
1.498000,0.005,0.009459,-0.008693,9.919,16.06,-0.002832,-0.009459,0.000000,0.000000,-0.005,0.006,-0.002083,-0.017897,0.986538,-0.010000,-0.000121,0.000024,1,0.00
1.500000,0.005,0.009302,-0.008768,9.919,16.06,-0.002949,-0.009302,0.000000,-0.000000,0.000,0.006,-0.002083,-0.017892,0.986507,-0.010000,-0.000120,0.000000,1,0.00
1.502000,0.005,0.009142,-0.008848,9.919,16.06,-0.003065,-0.009142,0.000000,0.000000,0.000,0.006,-0.002083,-0.017892,0.986507,-0.010000,-0.000120,0.000000,1,0.00
1.504000,0.004,0.008979,-0.008929,9.919,16.06,-0.003181,-0.008979,0.000000,0.000000,0.000,0.006,-0.002083,-0.017892,0.986507,-0.010000,-0.000120,0.000000,1,0.00
1.506000,0.004,0.008812,-0.009013,9.919,16.06,-0.003296,-0.008812,0.000000,0.000000,0.000,0.006,-0.002083,-0.017892,0.986507,-0.010000,-0.000120,0.000000,1,0.00
1.508000,0.004,0.008642,-0.009098,9.919,16.06,-0.003410,-0.008642,0.000000,0.000000,-0.005,0.006,-0.002083,-0.017892,0.986507,-0.010000,-0.000120,0.000000,1,0.00
1.510000,0.004,0.008469,-0.009184,9.919,16.07,-0.003524,-0.008469,0.000000,0.000000,-0.005,0.006,-0.002083,-0.017892,0.986507,-0.010000,-0.000120,0.000000,1,0.00
1.512000,0.004,0.008292,-0.009273,9.919,16.07,-0.003637,-0.008292,0.000000,0.000000,-0.004,0.006,-0.002083,-0.017892,0.986507,-0.010000,-0.000120,0.000000,1,0.00
1.514000,0.004,0.008112,-0.009363,9.919,16.07,-0.003750,-0.008112,0.000000,0.000000,-0.004,0.005,-0.002083,-0.017892,0.986507,-0.010000,-0.000120,0.000000,1,0.00
1.516000,0.004,0.007930,-0.009454,9.919,16.07,-0.003862,-0.007930,0.000000,0.000000,-0.004,0.005,-0.002083,-0.017892,0.986507,-0.010000,-0.000120,0.000000,1,0.00
1.518000,0.004,0.007743,-0.009547,9.919,16.07,-0.003974,-0.007743,0.000000,0.000000,-0.004,0.005,-0.002083,-0.017892,0.986507,-0.010000,-0.000120,0.000000,1,0.00
1.520000,0.004,0.007554,-0.009642,9.919,16.07,-0.004085,-0.007554,0.000000,0.000000,-0.004,0.005,-0.002083,-0.017892,0.986507,-0.010000,-0.000120,0.000000,1,0.00
1.522000,0.004,0.007362,-0.009738,9.919,16.07,-0.004196,-0.007362,0.000000,0.000000,-0.004,0.005,-0.002083,-0.017892,0.986507,-0.010000,-0.000120,0.000000,1,0.00
1.524000,0.004,0.007166,-0.009836,9.919,16.07,-0.004307,-0.007166,0.000000,0.000000,-0.004,0.005,-0.002083,-0.017892,0.986507,-0.010000,-0.000120,0.000000,1,0.00
1.526000,0.003,0.006967,-0.009935,9.919,16.07,-0.004418,-0.006967,0.000000,0.000000,-0.004,0.005,-0.002083,-0.017892,0.986507,-0.010000,-0.000120,0.000000,1,0.00
1.528000,0.003,0.006764,-0.010037,9.919,16.07,-0.004528,-0.006764,0.000000,0.000000,-0.004,0.005,-0.002083,-0.017892,0.986507,-0.010000,-0.000120,0.000000,1,0.00
1.530000,0.003,0.006559,-0.010139,9.919,16.07,-0.004638,-0.006559,0.000000,0.000000,-0.004,0.004,-0.002083,-0.017892,0.986507,-0.010000,-0.000120,0.000000,1,0.00
1.532000,0.003,0.006350,-0.010244,9.919,16.07,-0.004748,-0.006350,0.000000,0.000000,-0.004,0.004,-0.002083,-0.017892,0.986507,-0.010000,-0.000120,0.000000,1,0.00
1.534000,0.003,0.006138,-0.010350,9.919,16.07,-0.004858,-0.006138,0.000000,0.000000,-0.003,0.004,-0.002083,-0.017892,0.986507,-0.010000,-0.000120,0.000000,1,0.00
1.536000,0.003,0.005923,-0.010457,9.919,16.07,-0.004968,-0.005923,0.000000,0.000000,-0.003,0.004,-0.002083,-0.017892,0.986507,-0.010000,-0.000120,0.000000,1,0.00
1.538000,0.003,0.005704,-0.010567,9.919,16.07,-0.005078,-0.005704,0.000000,0.000000,-0.003,0.004,-0.002083,-0.017892,0.986507,-0.010000,-0.000120,0.000000,1,0.00
1.540000,0.003,0.005482,-0.012259,9.975,16.07,-0.005187,-0.005482,0.000000,0.000000,-0.003,0.004,0.000000,-0.020000,0.995854,0.000000,-0.000016,0.003125,1,0.00
1.542000,0.003,0.005267,-0.012367,9.988,16.09,-0.005329,-0.005267,0.000000,0.000000,-0.003,0.004,0.000000,-0.020000,0.997931,0.000000,-0.000011,0.001563,1,0.00
1.544000,0.003,0.005049,-0.012476,9.988,16.10,-0.005469,-0.005049,0.000000,0.000000,-0.003,0.003,0.000000,-0.020000,0.997931,0.000000,-0.000011,0.001563,1,0.00
1.546000,0.002,0.004826,-0.012587,9.988,16.12,-0.005609,-0.004826,0.000000,0.000000,-0.003,0.003,0.000000,-0.020000,0.997931,0.000000,-0.000011,0.001563,1,0.00
1.548000,0.002,0.004600,-0.012700,9.988,16.13,-0.005749,-0.004600,0.000000,0.000000,-0.003,0.003,0.000000,-0.020000,0.997931,0.000000,-0.000011,0.001563,1,0.00
1.550000,0.002,0.004369,-0.012816,9.988,16.14,-0.005888,-0.004369,0.000000,0.000000,-0.003,0.003,0.000000,-0.020000,0.997931,0.000000,-0.000011,0.001563,1,0.00
1.552000,0.002,0.004133,-0.012933,9.988,16.15,-0.006027,-0.004133,0.000000,0.000000,-0.003,0.003,0.000000,-0.020000,0.997931,0.000000,-0.000011,0.001563,1,0.00
1.554000,0.002,0.003894,-0.013053,9.988,16.15,-0.006165,-0.003894,0.000000,0.000000,-0.002,0.003,0.000000,-0.020000,0.997931,0.000000,-0.000011,0.001563,1,0.00
1.556000,0.002,0.003650,-0.013175,9.988,16.16,-0.006302,-0.003650,0.000000,0.000000,-0.002,0.002,0.000000,-0.020000,0.997931,0.000000,-0.000011,0.001563,1,0.00
1.558000,0.002,0.003403,-0.013299,9.988,16.16,-0.006440,-0.003403,0.000000,0.000000,-0.002,0.002,0.000000,-0.020000,0.997931,0.000000,-0.000011,0.001563,1,0.00
1.560000,0.002,0.003151,-0.013424,10.000,16.17,-0.006577,-0.003151,0.000000,0.000000,-0.002,0.002,0.000000,-0.020000,0.999996,0.000000,-0.000000,0.000003,1,0.00
1.562000,0.001,0.002897,-0.013552,10.000,16.17,-0.006714,-0.002897,0.000000,0.000000,-0.002,0.002,0.000000,-0.020000,0.999998,0.000000,-0.000000,0.000002,1,0.00
1.564000,0.001,0.002639,-0.013681,10.000,16.18,-0.006851,-0.002639,0.000000,0.000000,-0.002,0.002,0.000000,-0.020000,0.999998,0.000000,-0.000000,0.000002,1,0.00
1.566000,0.001,0.002377,-0.013812,10.000,16.18,-0.006987,-0.002377,0.000000,0.000000,-0.002,0.002,0.000000,-0.020000,0.999998,0.000000,-0.000000,0.000002,1,0.00
1.568000,0.001,0.002111,-0.013945,10.000,16.19,-0.007124,-0.002111,0.000000,0.000000,-0.002,0.001,0.000000,-0.020000,0.999998,0.000000,-0.000000,0.000002,1,0.00
1.570000,0.001,0.001842,-0.014079,10.000,16.19,-0.007260,-0.001842,0.000000,0.000000,-0.001,0.001,0.000000,-0.020000,0.999998,0.000000,-0.000000,0.000002,1,0.00
1.572000,0.001,0.001569,-0.014215,10.000,16.19,-0.007396,-0.001569,0.000000,0.000000,-0.001,0.001,0.000000,-0.020000,0.999998,0.000000,-0.000000,0.000002,1,0.00
1.574000,0.001,0.001293,-0.014353,10.000,16.19,-0.007533,-0.001293,0.000000,0.000000,-0.001,0.001,0.000000,-0.020000,0.999998,0.000000,-0.000000,0.000002,1,0.00
1.576000,0.001,0.001014,-0.014493,10.000,16.19,-0.007669,-0.001014,0.000000,0.000000,-0.001,0.001,0.000000,-0.020000,0.999998,0.000000,-0.000000,0.000002,1,0.00
1.578000,0.000,0.000731,-0.014634,10.000,16.19,-0.007806,-0.000731,0.000000,0.000000,-0.001,0.000,0.000000,-0.020000,0.999998,0.000000,-0.000000,0.000002,1,0.00
1.580000,0.000,0.000445,-0.012824,8.559,16.20,-0.007942,-0.000445,0.000000,0.000000,-0.001,0.000,-0.006250,-0.017396,0.759840,-0.030000,-0.000120,-0.150000,1,0.00
1.582000,0.000,0.000087,-0.011050,9.158,15.73,-0.008040,-0.000087,0.000000,0.000000,-0.001,0.000,-0.006250,-0.014792,0.859733,-0.030000,-0.000200,-0.075000,1,0.00
1.584000,-0.000,-0.000257,-0.011222,9.158,15.55,-0.008100,0.000257,0.000000,0.000000,-0.001,0.000,-0.006250,-0.014792,0.859733,-0.030000,-0.000200,-0.075000,1,0.00
1.586000,-0.000,-0.000601,-0.011394,9.158,15.41,-0.008162,0.000601,0.000000,0.000000,-0.000,0.000,-0.006250,-0.014792,0.859733,-0.030000,-0.000200,-0.075000,1,0.00
1.588000,-0.000,-0.000945,-0.011566,9.158,15.29,-0.008227,0.000945,0.000000,0.000000,-0.000,0.001,-0.006250,-0.014792,0.859733,-0.030000,-0.000200,-0.075000,1,0.00
1.590000,-0.001,-0.001289,-0.011738,9.158,15.20,-0.008294,0.001289,0.000000,0.000000,-0.000,0.001,-0.006250,-0.014792,0.859733,-0.030000,-0.000200,-0.075000,1,0.00
1.592000,-0.001,-0.001633,-0.011910,9.158,15.13,-0.008362,0.001633,0.000000,0.000000,0.000,0.001,-0.006250,-0.014792,0.859733,-0.030000,-0.000200,-0.075000,1,0.00
1.594000,-0.001,-0.001977,-0.012082,9.158,15.07,-0.008433,0.001977,0.000000,0.000000,0.000,0.001,-0.006250,-0.014792,0.859733,-0.030000,-0.000200,-0.075000,1,0.00
1.596000,-0.001,-0.002322,-0.012255,9.158,15.02,-0.008506,0.002322,0.000000,0.000000,0.000,0.002,-0.006250,-0.014792,0.859733,-0.030000,-0.000200,-0.075000,1,0.00
1.598000,-0.001,-0.002667,-0.012427,9.158,14.99,-0.008581,0.002667,0.000000,0.000000,0.001,0.002,-0.006250,-0.014792,0.859733,-0.030000,-0.000200,-0.075000,1,0.00
1.600000,-0.002,-0.003013,-0.011740,9.756,14.96,-0.008658,0.003013,0.000000,0.000000,0.000,0.002,-0.006250,-0.013645,0.959330,-0.030000,-0.000356,-0.000146,1,0.00
1.602000,-0.002,-0.003338,-0.011914,9.757,15.13,-0.008720,0.003338,0.000000,0.000000,0.000,0.002,-0.006250,-0.013660,0.959426,-0.030000,-0.000357,-0.000073,1,0.00
1.604000,-0.002,-0.003664,-0.012077,9.757,15.26,-0.008783,0.003664,0.000000,0.000000,0.000,0.002,-0.006250,-0.013660,0.959426,-0.030000,-0.000357,-0.000073,1,0.00
1.606000,-0.002,-0.003992,-0.012241,9.757,15.37,-0.008849,0.003992,0.000000,0.000000,0.000,0.003,-0.006250,-0.013660,0.959426,-0.030000,-0.000357,-0.000073,1,0.00
1.608000,-0.002,-0.004321,-0.012406,9.757,15.46,-0.008917,0.004321,0.000000,0.000000,0.002,0.003,-0.006250,-0.013660,0.959426,-0.030000,-0.000357,-0.000073,1,0.00
1.610000,-0.002,-0.004650,-0.012570,9.757,15.53,-0.008987,0.004650,0.000000,0.000000,0.002,0.003,-0.006250,-0.013660,0.959426,-0.030000,-0.000357,-0.000073,1,0.00
1.612000,-0.002,-0.004981,-0.012736,9.757,15.58,-0.009058,0.004981,0.000000,0.000000,0.002,0.003,-0.006250,-0.013660,0.959426,-0.030000,-0.000357,-0.000073,1,0.00
1.614000,-0.003,-0.005314,-0.012902,9.757,15.63,-0.009132,0.005314,0.000000,0.000000,0.002,0.004,-0.006250,-0.013660,0.959426,-0.030000,-0.000357,-0.000073,1,0.00
1.616000,-0.003,-0.005648,-0.013069,9.757,15.66,-0.009207,0.005648,0.000000,0.000000,0.002,0.004,-0.006250,-0.013660,0.959426,-0.030000,-0.000357,-0.000073,1,0.00
1.618000,-0.003,-0.005983,-0.013237,9.757,15.69,-0.009284,0.005983,0.000000,0.000000,0.002,0.004,-0.006250,-0.013660,0.959426,-0.030000,-0.000357,-0.000073,1,0.00
1.620000,-0.003,-0.006320,-0.013416,9.757,15.71,-0.009363,0.006320,0.000000,0.000000,0.002,0.004,-0.006250,-0.013675,0.959520,-0.030000,-0.000360,-0.000000,1,0.00
1.622000,-0.003,-0.006659,-0.013586,9.757,15.73,-0.009444,0.006659,0.000000,0.000000,0.003,0.004,-0.006250,-0.013675,0.959520,-0.030000,-0.000360,-0.000000,1,0.00
1.624000,-0.003,-0.007000,-0.013756,9.757,15.75,-0.009527,0.007000,0.000000,0.000000,0.003,0.005,-0.006250,-0.013675,0.959520,-0.030000,-0.000360,-0.000000,1,0.00
1.626000,-0.004,-0.007342,-0.013927,9.757,15.76,-0.009612,0.007342,0.000000,0.000000,0.003,0.005,-0.006250,-0.013675,0.959520,-0.030000,-0.000360,-0.000000,1,0.00
1.628000,-0.004,-0.007686,-0.014099,9.757,15.77,-0.009698,0.007686,0.000000,0.000000,0.003,0.005,-0.006250,-0.013675,0.959520,-0.030000,-0.000360,-0.000000,1,0.00
1.630000,-0.004,-0.008032,-0.014272,9.757,15.78,-0.009786,0.008032,0.000000,0.000000,0.003,0.005,-0.006250,-0.013675,0.959520,-0.030000,-0.000360,-0.000000,1,0.00
1.632000,-0.004,-0.008380,-0.014446,9.757,15.78,-0.009876,0.008380,0.000000,0.000000,0.003,0.006,-0.006250,-0.013675,0.959520,-0.030000,-0.000360,-0.000000,1,0.00
1.634000,-0.004,-0.008729,-0.014621,9.757,15.79,-0.009967,0.008729,0.000000,0.000000,0.004,0.006,-0.006250,-0.013675,0.959520,-0.030000,-0.000360,-0.000000,1,0.00
1.636000,-0.005,-0.009081,-0.014797,9.757,15.79,-0.010060,0.009081,0.000000,0.000000,0.004,0.006,-0.006250,-0.013675,0.959520,-0.030000,-0.000360,-0.000000,1,0.00
1.638000,-0.005,-0.009434,-0.014973,9.757,15.79,-0.010155,0.009434,0.000000,0.000000,0.004,0.006,-0.006250,-0.013675,0.959520,-0.030000,-0.000360,-0.000000,1,0.00
1.640000,-0.005,-0.009788,-0.018679,9.938,15.80,-0.010251,0.009788,0.000000,0.000000,0.004,0.007,-0.004167,-0.018380,0.989633,-0.020000,-0.000276,0.012500,1,0.00
1.642000,-0.005,-0.010122,-0.017872,9.888,15.86,-0.010420,0.010122,0.000000,0.000000,0.004,0.007,-0.004167,-0.017080,0.981315,-0.020000,-0.000264,0.006250,1,0.00
1.644000,-0.005,-0.010464,-0.018043,9.888,15.89,-0.010569,0.010464,0.000000,0.000000,0.005,0.007,-0.004167,-0.017080,0.981315,-0.020000,-0.000264,0.006250,1,0.00
1.646000,-0.005,-0.010809,-0.018215,9.888,15.91,-0.010718,0.010809,0.000000,0.000000,0.005,0.007,-0.004167,-0.017080,0.981315,-0.020000,-0.000264,0.006250,1,0.00
1.648000,-0.006,-0.011157,-0.018389,9.888,15.93,-0.010868,0.011157,0.000000,0.000000,0.005,0.007,-0.004167,-0.017080,0.981315,-0.020000,-0.000264,0.006250,1,0.00
1.650000,-0.006,-0.011508,-0.018564,9.888,15.95,-0.011018,0.011508,0.000000,0.000000,0.005,0.008,-0.004167,-0.017080,0.981315,-0.020000,-0.000264,0.006250,1,0.00
1.652000,-0.006,-0.011861,-0.018741,9.888,15.96,-0.011169,0.011861,0.000000,0.000000,0.005,0.008,-0.004167,-0.017080,0.981315,-0.020000,-0.000264,0.006250,1,0.00
1.654000,-0.006,-0.012217,-0.018919,9.888,15.97,-0.011321,0.012217,0.000000,0.000000,0.005,0.008,-0.004167,-0.017080,0.981315,-0.020000,-0.000264,0.006250,1,0.00
1.656000,-0.006,-0.012577,-0.019099,9.888,15.98,-0.011473,0.012577,0.000000,0.000000,0.006,0.008,-0.004167,-0.017080,0.981315,-0.020000,-0.000264,0.006250,1,0.00
1.658000,-0.006,-0.012939,-0.019280,9.888,15.99,-0.011625,0.012939,0.000000,0.000000,0.006,0.009,-0.004167,-0.017080,0.981315,-0.020000,-0.000264,0.006250,1,0.00
1.660000,-0.007,-0.013303,-0.018491,9.838,16.00,-0.011778,0.013303,0.000000,0.000000,0.006,0.009,-0.004167,-0.015786,0.973029,-0.020000,-0.000241,0.000012,1,0.00
1.662000,-0.007,-0.013677,-0.018677,9.838,15.98,-0.011912,0.013677,0.000000,0.000000,0.006,0.009,-0.004167,-0.015785,0.973021,-0.020000,-0.000240,0.000006,1,0.00
1.664000,-0.007,-0.014052,-0.018864,9.838,15.97,-0.012048,0.014052,0.000000,0.000000,0.006,0.009,-0.004167,-0.015785,0.973021,-0.020000,-0.000240,0.000006,1,0.00
1.666000,-0.007,-0.014428,-0.019052,9.838,15.97,-0.012184,0.014428,0.000000,0.000000,0.006,0.010,-0.004167,-0.015785,0.973021,-0.020000,-0.000240,0.000006,1,0.00
1.668000,-0.007,-0.014806,-0.019241,9.838,15.96,-0.012321,0.014806,0.000000,0.000000,0.007,0.010,-0.004167,-0.015785,0.973021,-0.020000,-0.000240,0.000006,1,0.00
1.670000,-0.008,-0.015184,-0.019430,9.838,15.96,-0.012460,0.015184,0.000000,0.000000,0.007,0.010,-0.004167,-0.015785,0.973021,-0.020000,-0.000240,0.000006,1,0.00
1.672000,-0.008,-0.015563,-0.019620,9.838,15.95,-0.012599,0.015563,0.000000,0.000000,0.007,0.010,-0.004167,-0.015785,0.973021,-0.020000,-0.000240,0.000006,1,0.00
1.674000,-0.008,-0.015944,-0.019810,9.838,15.95,-0.012740,0.015944,0.000000,0.000000,0.007,0.011,-0.004167,-0.015785,0.973021,-0.020000,-0.000240,0.000006,1,0.00
1.676000,-0.008,-0.016325,-0.020001,9.838,15.95,-0.012881,0.016325,0.000000,0.000000,0.007,0.011,-0.004167,-0.015785,0.973021,-0.020000,-0.000240,0.000006,1,0.00
1.678000,-0.008,-0.016706,-0.020192,9.838,15.94,-0.013023,0.016706,0.000000,0.000000,0.008,0.011,-0.004167,-0.015785,0.973021,-0.020000,-0.000240,0.000006,1,0.00
1.680000,-0.009,-0.017089,-0.020382,9.838,15.94,-0.013167,0.017089,0.000000,0.000000,0.008,0.011,-0.004167,-0.015783,0.973013,-0.020000,-0.000240,0.000000,1,0.00
1.682000,-0.009,-0.017472,-0.020574,9.838,15.94,-0.013311,0.017472,0.000000,0.000000,0.008,0.012,-0.004167,-0.015783,0.973013,-0.020000,-0.000240,0.000000,1,0.00
1.684000,-0.009,-0.017856,-0.020766,9.838,15.94,-0.013456,0.017856,0.000000,0.000000,0.008,0.012,-0.004167,-0.015783,0.973013,-0.020000,-0.000240,0.000000,1,0.00
1.686000,-0.009,-0.018241,-0.020958,9.838,15.94,-0.013602,0.018241,0.000000,0.000000,0.008,0.012,-0.004167,-0.015783,0.973013,-0.020000,-0.000240,0.000000,1,0.00
1.688000,-0.009,-0.018627,-0.021151,9.838,15.94,-0.013749,0.018627,0.000000,0.000000,0.009,0.012,-0.004167,-0.015783,0.973013,-0.020000,-0.000240,0.000000,1,0.00
1.690000,-0.010,-0.019013,-0.021344,9.838,15.94,-0.013898,0.019013,0.000000,0.000000,0.009,0.013,-0.004167,-0.015783,0.973013,-0.020000,-0.000240,0.000000,1,0.00
1.692000,-0.010,-0.019400,-0.021538,9.838,15.94,-0.014046,0.019400,0.000000,0.000000,0.009,0.013,-0.004167,-0.015783,0.973013,-0.020000,-0.000240,0.000000,1,0.00
1.694000,-0.010,-0.019788,-0.021732,9.838,15.94,-0.014196,0.019788,0.000000,0.000000,0.009,0.013,-0.004167,-0.015783,0.973013,-0.020000,-0.000240,0.000000,1,0.00
1.696000,-0.010,-0.020177,-0.021926,9.838,15.94,-0.014347,0.020177,0.000000,0.000000,0.009,0.013,-0.004167,-0.015783,0.973013,-0.020000,-0.000240,0.000000,1,0.00
1.698000,-0.010,-0.020567,-0.022121,9.838,15.94,-0.014499,0.020567,0.000000,0.000000,0.010,0.014,-0.004167,-0.015783,0.973013,-0.020000,-0.000240,0.000000,1,0.00
1.700000,-0.010,-0.020957,-0.022316,9.838,15.94,-0.014651,0.020957,0.000000,0.000000,0.000,0.014,-0.004167,-0.015783,0.973013,-0.020000,-0.000240,0.000000,1,0.00
1.702000,-0.011,-0.021348,-0.022512,9.838,15.94,-0.014804,0.021348,0.000000,0.000000,0.000,0.014,-0.004167,-0.015783,0.973013,-0.020000,-0.000240,0.000000,1,0.00
1.704000,-0.011,-0.021740,-0.022708,9.838,15.94,-0.014958,0.021740,0.000000,0.000000,0.000,0.014,-0.004167,-0.015783,0.973013,-0.020000,-0.000240,0.000000,1,0.00
1.706000,-0.011,-0.022133,-0.022904,9.838,15.94,-0.015113,0.022133,0.000000,0.000000,0.000,0.015,-0.004167,-0.015783,0.973013,-0.020000,-0.000240,0.000000,1,0.00
1.708000,-0.011,-0.022527,-0.023101,9.838,15.94,-0.015269,0.022527,0.000000,0.000000,0.010,0.015,-0.004167,-0.015783,0.973013,-0.020000,-0.000240,0.000000,1,0.00
1.710000,-0.011,-0.022922,-0.023299,9.838,15.94,-0.015426,0.022922,0.000000,0.000000,0.011,0.015,-0.004167,-0.015783,0.973013,-0.020000,-0.000240,0.000000,1,0.00
1.712000,-0.012,-0.023318,-0.023496,9.838,15.94,-0.015583,0.023318,0.000000,0.000000,0.011,0.016,-0.004167,-0.015783,0.973013,-0.020000,-0.000240,0.000000,1,0.00
1.714000,-0.012,-0.023714,-0.023695,9.838,15.94,-0.015742,0.023714,0.000000,0.000000,0.011,0.016,-0.004167,-0.015783,0.973013,-0.020000,-0.000240,0.000000,1,0.00
1.716000,-0.012,-0.024112,-0.023893,9.838,15.94,-0.015901,0.024112,0.000000,0.000000,0.011,0.016,-0.004167,-0.015783,0.973013,-0.020000,-0.000240,0.000000,1,0.00
1.718000,-0.012,-0.024510,-0.024093,9.838,15.94,-0.016061,0.024510,0.000000,0.000000,0.011,0.016,-0.004167,-0.015783,0.973013,-0.020000,-0.000240,0.000000,1,0.00
1.720000,-0.012,-0.024910,-0.024292,9.838,15.94,-0.016221,0.024910,0.000000,0.000000,0.012,0.017,-0.004167,-0.015783,0.973013,-0.020000,-0.000240,0.000000,1,0.00
1.722000,-0.013,-0.025310,-0.024493,9.838,15.94,-0.016383,0.025310,0.000000,0.000000,0.012,0.017,-0.004167,-0.015783,0.973013,-0.020000,-0.000240,0.000000,1,0.00
1.724000,-0.013,-0.025711,-0.024693,9.838,15.94,-0.016545,0.025711,0.000000,0.000000,0.012,0.017,-0.004167,-0.015783,0.973013,-0.020000,-0.000240,0.000000,1,0.00
1.726000,-0.013,-0.026114,-0.024894,9.838,15.94,-0.016708,0.026114,0.000000,0.000000,0.012,0.017,-0.004167,-0.015783,0.973013,-0.020000,-0.000240,0.000000,1,0.00
1.728000,-0.013,-0.026517,-0.025096,9.838,15.94,-0.016872,0.026517,0.000000,0.000000,0.012,0.018,-0.004167,-0.015783,0.973013,-0.020000,-0.000240,0.000000,1,0.00
1.730000,-0.013,-0.026921,-0.025298,9.838,15.94,-0.017036,0.026921,0.000000,0.000000,0.013,0.018,-0.004167,-0.015783,0.973013,-0.020000,-0.000240,0.000000,1,0.00
1.732000,-0.014,-0.027326,-0.025500,9.838,15.94,-0.017201,0.027326,0.000000,0.000000,0.013,0.018,-0.004167,-0.015783,0.973013,-0.020000,-0.000240,0.000000,1,0.00
1.734000,-0.014,-0.027731,-0.025703,9.838,15.94,-0.017367,0.027731,0.000000,0.000000,0.013,0.018,-0.004167,-0.015783,0.973013,-0.020000,-0.000240,0.000000,1,0.00
1.736000,-0.014,-0.028138,-0.025907,9.838,15.94,-0.017534,0.028138,0.000000,0.000000,0.013,0.019,-0.004167,-0.015783,0.973013,-0.020000,-0.000240,0.000000,1,0.00
1.738000,-0.014,-0.028546,-0.026110,9.838,15.94,-0.017701,0.028546,0.000000,0.000000,0.013,0.019,-0.004167,-0.015783,0.973013,-0.020000,-0.000240,0.000000,1,0.00
1.740000,-0.014,-0.028955,-0.026315,9.838,15.94,-0.017870,0.028955,0.000000,0.000000,0.014,0.019,-0.004167,-0.015783,0.973013,-0.020000,-0.000240,0.000000,1,0.00
1.742000,-0.015,-0.029364,-0.026520,9.838,15.94,-0.018039,0.029364,0.000000,0.000000,0.014,0.020,-0.004167,-0.015783,0.973013,-0.020000,-0.000240,0.000000,1,0.00
1.744000,-0.015,-0.029774,-0.026725,9.838,15.94,-0.018208,0.029774,0.000000,0.000000,0.014,0.020,-0.004167,-0.015783,0.973013,-0.020000,-0.000240,0.000000,1,0.00
1.746000,-0.015,-0.030186,-0.026930,9.838,15.94,-0.018379,0.030186,0.000000,0.000000,0.014,0.020,-0.004167,-0.015783,0.973013,-0.020000,-0.000240,0.000000,1,0.00
1.748000,-0.015,-0.030598,-0.027136,9.838,15.94,-0.018550,0.030598,0.000000,0.000000,0.014,0.020,-0.004167,-0.015783,0.973013,-0.020000,-0.000240,0.000000,1,0.00
1.750000,-0.016,-0.031011,-0.027343,9.838,15.94,-0.018721,0.031011,0.000000,0.000000,0.015,0.021,-0.004167,-0.015783,0.973013,-0.020000,-0.000240,0.000000,1,0.00
1.752000,-0.016,-0.031425,-0.027550,9.838,15.94,-0.018894,0.031425,0.000000,0.000000,0.015,0.021,-0.004167,-0.015783,0.973013,-0.020000,-0.000240,0.000000,1,0.00
1.754000,-0.016,-0.031840,-0.027757,9.838,15.94,-0.019067,0.031840,0.000000,0.000000,0.015,0.021,-0.004167,-0.015783,0.973013,-0.020000,-0.000240,0.000000,1,0.00
1.756000,-0.016,-0.032255,-0.027965,9.838,15.94,-0.019241,0.032255,0.000000,0.000000,0.015,0.022,-0.004167,-0.015783,0.973013,-0.020000,-0.000240,0.000000,1,0.00
1.758000,-0.016,-0.032672,-0.028173,9.838,15.94,-0.019415,0.032672,0.000000,0.000000,0.016,0.022,-0.004167,-0.015783,0.973013,-0.020000,-0.000240,0.000000,1,0.00
1.760000,-0.017,-0.033089,-0.031545,7.286,15.94,-0.019590,0.033089,0.000000,0.000000,0.016,0.022,0.064583,-0.020000,0.547641,0.310000,0.003488,0.025781,1,0.00
1.762000,-0.017,-0.033543,-0.031772,7.388,15.41,-0.019829,0.033543,0.000000,0.000000,0.016,0.022,0.064583,-0.020000,0.564725,0.310000,0.003565,0.012891,1,0.00
1.764000,-0.017,-0.034020,-0.032010,7.388,14.72,-0.020068,0.034020,0.000000,0.000000,0.016,0.023,0.064583,-0.020000,0.564725,0.310000,0.003565,0.012891,1,0.00
1.766000,-0.017,-0.034491,-0.032245,7.388,14.17,-0.020307,0.034491,0.000000,0.000000,0.016,0.023,0.064583,-0.020000,0.564725,0.310000,0.003565,0.012891,1,0.00
1.768000,-0.017,-0.034960,-0.032480,7.388,13.73,-0.020546,0.034960,0.000000,0.000000,0.017,0.023,0.064583,-0.020000,0.564725,0.310000,0.003565,0.012891,1,0.00
1.770000,-0.018,-0.035427,-0.032713,7.388,13.38,-0.020785,0.035427,0.000000,0.000000,0.017,0.024,0.064583,-0.020000,0.564725,0.310000,0.003565,0.012891,1,0.00
1.772000,-0.018,-0.035893,-0.032947,7.388,13.10,-0.021023,0.035893,0.000000,0.000000,0.017,0.024,0.064583,-0.020000,0.564725,0.310000,0.003565,0.012891,1,0.00
1.774000,-0.018,-0.036358,-0.033179,7.388,12.87,-0.021262,0.036358,0.000000,0.000000,0.017,0.024,0.064583,-0.020000,0.564725,0.310000,0.003565,0.012891,1,0.00
1.776000,-0.018,-0.036823,-0.033411,7.388,12.69,-0.021500,0.036823,0.000000,0.000000,0.017,0.025,0.064583,-0.020000,0.564725,0.310000,0.003565,0.012891,1,0.00
1.778000,-0.019,-0.037286,-0.033643,7.388,12.55,-0.021738,0.037286,0.000000,0.000000,0.018,0.025,0.064583,-0.020000,0.564725,0.310000,0.003565,0.012891,1,0.00
1.780000,-0.019,-0.037749,-0.033875,7.490,12.43,-0.021976,0.037749,0.000000,0.000000,0.018,0.025,0.064583,-0.020000,0.581678,0.310000,0.003716,0.000025,1,0.00
1.782000,-0.019,-0.038209,-0.034105,7.490,12.37,-0.022214,0.038209,0.000000,0.000000,0.018,0.025,0.064583,-0.020000,0.581693,0.310000,0.003717,0.000013,1,0.00
1.784000,-0.019,-0.038668,-0.034334,7.490,12.32,-0.022452,0.038668,0.000000,0.000000,0.018,0.026,0.064583,-0.020000,0.581693,0.310000,0.003717,0.000013,1,0.00
1.786000,-0.020,-0.039128,-0.034564,7.490,12.29,-0.022690,0.039128,0.000000,0.000000,0.019,0.026,0.064583,-0.020000,0.581693,0.310000,0.003717,0.000013,1,0.00
1.788000,-0.020,-0.039587,-0.034793,7.490,12.26,-0.022927,0.039587,0.000000,0.000000,0.019,0.026,0.064583,-0.020000,0.581693,0.310000,0.003717,0.000013,1,0.00
1.790000,-0.020,-0.040046,-0.035023,7.490,12.23,-0.023165,0.040046,0.000000,0.000000,0.019,0.027,0.064583,-0.020000,0.581693,0.310000,0.003717,0.000013,1,0.00
1.792000,-0.020,-0.040505,-0.035252,7.490,12.21,-0.023402,0.040505,0.000000,0.000000,0.019,0.027,0.064583,-0.020000,0.581693,0.310000,0.003717,0.000013,1,0.00
1.794000,-0.020,-0.040963,-0.035482,7.490,12.20,-0.023639,0.040963,0.000000,0.000000,0.020,0.027,0.064583,-0.020000,0.581693,0.310000,0.003717,0.000013,1,0.00
1.796000,-0.021,-0.041422,-0.035711,7.490,12.18,-0.023876,0.041422,0.000000,0.000000,0.020,0.028,0.064583,-0.020000,0.581693,0.310000,0.003717,0.000013,1,0.00
1.798000,-0.021,-0.041880,-0.035940,7.490,12.17,-0.024113,0.041880,0.000000,0.000000,0.020,0.028,0.064583,-0.020000,0.581693,0.310000,0.003717,0.000013,1,0.00
1.800000,-0.021,-0.042339,-0.036169,7.490,12.17,-0.024349,0.042339,0.000000,0.000000,0.000,0.028,0.064583,-0.020000,0.581707,0.310000,0.003720,0.000000,1,0.00
1.802000,-0.021,-0.042797,-0.036399,7.490,12.16,-0.024586,0.042797,0.000000,0.000000,0.000,0.029,0.064583,-0.020000,0.581707,0.310000,0.003720,0.000000,1,0.00
1.804000,-0.022,-0.043255,-0.036628,7.490,12.15,-0.024822,0.043255,0.000000,0.000000,0.000,0.029,0.064583,-0.020000,0.581707,0.310000,0.003720,0.000000,1,0.00
1.806000,-0.022,-0.043714,-0.036857,7.490,12.15,-0.025058,0.043714,0.000000,0.000000,0.000,0.029,0.064583,-0.020000,0.581707,0.310000,0.003720,0.000000,1,0.00
1.808000,-0.022,-0.044172,-0.037086,7.490,12.15,-0.025294,0.044172,0.000000,0.000000,0.021,0.029,0.064583,-0.020000,0.581707,0.310000,0.003720,0.000000,1,0.00
1.810000,-0.022,-0.044630,-0.037315,7.490,12.14,-0.025530,0.044630,0.000000,0.000000,0.021,0.030,0.064583,-0.020000,0.581707,0.310000,0.003720,0.000000,1,0.00
1.812000,-0.023,-0.045088,-0.037544,7.490,12.14,-0.025766,0.045088,0.000000,0.000000,0.022,0.030,0.064583,-0.020000,0.581707,0.310000,0.003720,0.000000,1,0.00
1.814000,-0.023,-0.045546,-0.037773,7.490,12.14,-0.026001,0.045546,0.000000,0.000000,0.022,0.030,0.064583,-0.020000,0.581707,0.310000,0.003720,0.000000,1,0.00
1.816000,-0.023,-0.046004,-0.038002,7.490,12.14,-0.026237,0.046004,0.000000,0.000000,0.022,0.031,0.064583,-0.020000,0.581707,0.310000,0.003720,0.000000,1,0.00
1.818000,-0.023,-0.046462,-0.038231,7.490,12.14,-0.026472,0.046462,0.000000,0.000000,0.022,0.031,0.064583,-0.020000,0.581707,0.310000,0.003720,0.000000,1,0.00
1.820000,-0.023,-0.046920,-0.038460,7.490,12.14,-0.026707,0.046920,0.000000,0.000000,0.023,0.031,0.064583,-0.020000,0.581707,0.310000,0.003720,0.000000,1,0.00
1.822000,-0.024,-0.047378,-0.038689,7.490,12.14,-0.026942,0.047378,0.000000,0.000000,0.023,0.032,0.064583,-0.020000,0.581707,0.310000,0.003720,0.000000,1,0.00
1.824000,-0.024,-0.047836,-0.038918,7.490,12.14,-0.027177,0.047836,0.000000,0.000000,0.023,0.032,0.064583,-0.020000,0.581707,0.310000,0.003720,0.000000,1,0.00
1.826000,-0.024,-0.048294,-0.039147,7.490,12.14,-0.027412,0.048294,0.000000,0.000000,0.023,0.032,0.064583,-0.020000,0.581707,0.310000,0.003720,0.000000,1,0.00
1.828000,-0.024,-0.048753,-0.039376,7.490,12.14,-0.027647,0.048753,0.000000,0.000000,0.023,0.033,0.064583,-0.020000,0.581707,0.310000,0.003720,0.000000,1,0.00
1.830000,-0.025,-0.049212,-0.039606,7.490,12.14,-0.027881,0.049212,0.000000,0.000000,0.024,0.033,0.064583,-0.020000,0.581707,0.310000,0.003720,0.000000,1,0.00
1.832000,-0.025,-0.049671,-0.039835,7.490,12.14,-0.028116,0.049671,0.000000,0.000000,0.024,0.033,0.064583,-0.020000,0.581707,0.310000,0.003720,0.000000,1,0.00
1.834000,-0.025,-0.050130,-0.040065,7.490,12.14,-0.028350,0.050130,0.000000,0.000000,0.024,0.033,0.064583,-0.020000,0.581707,0.310000,0.003720,0.000000,1,0.00
1.836000,-0.025,-0.050589,-0.040295,7.490,12.13,-0.028585,0.050589,0.000000,0.000000,0.024,0.034,0.064583,-0.020000,0.581707,0.310000,0.003720,0.000000,1,0.00
1.838000,-0.026,-0.051049,-0.040524,7.490,12.13,-0.028819,0.051049,0.000000,0.000000,0.025,0.034,0.064583,-0.020000,0.581707,0.310000,0.003720,0.000000,1,0.00
1.840000,-0.026,-0.051509,-0.040754,7.403,12.13,-0.029053,0.051509,0.000000,0.000000,0.025,0.034,0.066667,-0.020000,0.567181,0.320000,0.003833,0.000781,1,0.00
1.842000,-0.026,-0.051972,-0.040986,7.406,12.11,-0.029287,0.051972,0.000000,0.000000,0.025,0.035,0.066667,-0.020000,0.567699,0.320000,0.003835,0.000391,1,0.00
1.844000,-0.026,-0.052434,-0.041217,7.406,12.08,-0.029521,0.052434,0.000000,0.000000,0.025,0.035,0.066667,-0.020000,0.567699,0.320000,0.003835,0.000391,1,0.00
1.846000,-0.026,-0.052898,-0.041449,7.406,12.07,-0.029755,0.052898,0.000000,0.000000,0.026,0.035,0.066667,-0.020000,0.567699,0.320000,0.003835,0.000391,1,0.00
1.848000,-0.027,-0.053361,-0.041681,7.406,12.05,-0.029989,0.053361,0.000000,0.000000,0.026,0.036,0.066667,-0.020000,0.567699,0.320000,0.003835,0.000391,1,0.00
1.850000,-0.027,-0.053825,-0.041913,7.406,12.04,-0.030223,0.053825,0.000000,0.000000,0.026,0.036,0.066667,-0.020000,0.567699,0.320000,0.003835,0.000391,1,0.00
1.852000,-0.027,-0.054290,-0.042145,7.406,12.03,-0.030457,0.054290,0.000000,0.000000,0.026,0.036,0.066667,-0.020000,0.567699,0.320000,0.003835,0.000391,1,0.00
1.854000,-0.027,-0.054754,-0.042377,7.406,12.03,-0.030690,0.054754,0.000000,0.000000,0.026,0.037,0.066667,-0.020000,0.567699,0.320000,0.003835,0.000391,1,0.00
1.856000,-0.028,-0.055220,-0.042610,7.406,12.02,-0.030924,0.055220,0.000000,0.000000,0.027,0.037,0.066667,-0.020000,0.567699,0.320000,0.003835,0.000391,1,0.00
1.858000,-0.028,-0.055686,-0.042843,7.406,12.02,-0.031158,0.055686,0.000000,0.000000,0.027,0.037,0.066667,-0.020000,0.567699,0.320000,0.003835,0.000391,1,0.00
1.860000,-0.028,-0.056152,-0.043076,7.409,12.01,-0.031392,0.056152,0.000000,0.000000,0.027,0.037,0.066667,-0.020000,0.568212,0.320000,0.003840,0.000001,1,0.00
1.862000,-0.028,-0.056619,-0.043309,7.409,12.01,-0.031625,0.056619,0.000000,0.000000,0.027,0.038,0.066667,-0.020000,0.568213,0.320000,0.003840,0.000000,1,0.00
1.864000,-0.029,-0.057086,-0.043543,7.409,12.01,-0.031859,0.057086,0.000000,0.000000,0.028,0.038,0.066667,-0.020000,0.568213,0.320000,0.003840,0.000000,1,0.00
1.866000,-0.029,-0.057554,-0.043777,7.409,12.01,-0.032093,0.057554,0.000000,0.000000,0.028,0.038,0.066667,-0.020000,0.568213,0.320000,0.003840,0.000000,1,0.00
1.868000,-0.029,-0.058023,-0.044011,7.409,12.01,-0.032326,0.058023,0.000000,0.000000,0.028,0.039,0.066667,-0.020000,0.568213,0.320000,0.003840,0.000000,1,0.00
1.870000,-0.029,-0.058492,-0.044246,7.409,12.01,-0.032560,0.058492,0.000000,0.000000,0.028,0.039,0.066667,-0.020000,0.568213,0.320000,0.003840,0.000000,1,0.00
1.872000,-0.029,-0.058962,-0.044481,7.409,12.01,-0.032794,0.058962,0.000000,0.000000,0.029,0.039,0.066667,-0.020000,0.568213,0.320000,0.003840,0.000000,1,0.00
1.874000,-0.030,-0.059432,-0.044716,7.409,12.01,-0.033028,0.059432,0.000000,0.000000,0.029,0.040,0.066667,-0.020000,0.568213,0.320000,0.003840,0.000000,1,0.00
1.876000,-0.030,-0.059904,-0.044952,7.409,12.00,-0.033261,0.059904,0.000000,0.000000,0.029,0.040,0.066667,-0.020000,0.568213,0.320000,0.003840,0.000000,1,0.00
1.878000,-0.030,-0.060376,-0.045188,7.409,12.00,-0.033495,0.060376,0.000000,0.000000,0.029,0.040,0.066667,-0.020000,0.568213,0.320000,0.003840,0.000000,1,0.00
1.880000,-0.030,-0.060848,-0.045424,7.409,12.00,-0.033729,0.060848,0.000000,0.000000,0.029,0.041,0.066667,-0.020000,0.568213,0.320000,0.003840,0.000000,1,0.00
1.882000,-0.031,-0.061322,-0.045661,7.409,12.00,-0.033963,0.061322,0.000000,0.000000,0.030,0.041,0.066667,-0.020000,0.568213,0.320000,0.003840,0.000000,1,0.00
1.884000,-0.031,-0.061796,-0.045898,7.409,12.00,-0.034197,0.061796,0.000000,0.000000,0.030,0.041,0.066667,-0.020000,0.568213,0.320000,0.003840,0.000000,1,0.00
1.886000,-0.031,-0.062271,-0.046136,7.409,12.00,-0.034431,0.062271,0.000000,0.000000,0.030,0.042,0.066667,-0.020000,0.568213,0.320000,0.003840,0.000000,1,0.00
1.888000,-0.031,-0.062747,-0.046374,7.409,12.00,-0.034665,0.062747,0.000000,0.000000,0.030,0.042,0.066667,-0.020000,0.568213,0.320000,0.003840,0.000000,1,0.00
1.890000,-0.032,-0.063224,-0.046612,7.409,12.00,-0.034899,0.063224,0.000000,0.000000,0.031,0.042,0.066667,-0.020000,0.568213,0.320000,0.003840,0.000000,1,0.00
1.892000,-0.032,-0.063702,-0.046851,7.409,12.00,-0.035134,0.063702,0.000000,0.000000,0.031,0.042,0.066667,-0.020000,0.568213,0.320000,0.003840,0.000000,1,0.00
1.894000,-0.032,-0.064181,-0.047090,7.409,12.00,-0.035368,0.064181,0.000000,0.000000,0.031,0.043,0.066667,-0.020000,0.568213,0.320000,0.003840,0.000000,1,0.00
1.896000,-0.032,-0.064660,-0.047330,7.409,12.00,-0.035603,0.064660,0.000000,0.000000,0.031,0.043,0.066667,-0.020000,0.568213,0.320000,0.003840,0.000000,1,0.00
1.898000,-0.033,-0.065141,-0.047570,7.409,12.00,-0.035837,0.065141,0.000000,0.000000,0.032,0.043,0.066667,-0.020000,0.568213,0.320000,0.003840,0.000000,1,0.00
1.900000,-0.033,-0.065622,-0.047811,7.409,12.00,-0.036072,0.065622,0.000000,0.000000,0.000,0.044,0.066667,-0.020000,0.568213,0.320000,0.003840,0.000000,1,0.00
1.902000,-0.033,-0.066105,-0.048053,7.409,12.00,-0.036307,0.066105,0.000000,0.000000,0.000,0.044,0.066667,-0.020000,0.568213,0.320000,0.003840,0.000000,1,0.00
1.904000,-0.033,-0.066589,-0.048294,7.409,12.00,-0.036542,0.066589,0.000000,0.000000,0.000,0.044,0.066667,-0.020000,0.568213,0.320000,0.003840,0.000000,1,0.00
1.906000,-0.034,-0.067074,-0.048537,7.409,12.00,-0.036777,0.067074,0.000000,0.000000,0.000,0.045,0.066667,-0.020000,0.568213,0.320000,0.003840,0.000000,1,0.00
1.908000,-0.034,-0.067560,-0.048780,7.409,12.00,-0.037012,0.067560,0.000000,0.000000,0.033,0.045,0.066667,-0.020000,0.568213,0.320000,0.003840,0.000000,1,0.00
1.910000,-0.034,-0.068047,-0.049023,7.409,12.00,-0.037247,0.068047,0.000000,0.000000,0.033,0.045,0.066667,-0.020000,0.568213,0.320000,0.003840,0.000000,1,0.00
1.912000,-0.034,-0.068535,-0.049268,7.409,12.00,-0.037483,0.068535,0.000000,0.000000,0.033,0.046,0.066667,-0.020000,0.568213,0.320000,0.003840,0.000000,1,0.00
1.914000,-0.035,-0.069025,-0.049512,7.409,12.00,-0.037719,0.069025,0.000000,0.000000,0.034,0.046,0.066667,-0.020000,0.568213,0.320000,0.003840,0.000000,1,0.00
1.916000,-0.035,-0.069515,-0.049758,7.409,12.00,-0.037955,0.069515,0.000000,0.000000,0.034,0.046,0.066667,-0.020000,0.568213,0.320000,0.003840,0.000000,1,0.00
1.918000,-0.035,-0.070007,-0.050004,7.409,12.00,-0.038191,0.070007,0.000000,0.000000,0.034,0.047,0.066667,-0.020000,0.568213,0.320000,0.003840,0.000000,1,0.00
1.920000,-0.035,-0.070501,-0.050250,7.409,12.00,-0.038427,0.070501,0.000000,0.000000,0.034,0.047,0.066667,-0.020000,0.568213,0.320000,0.003840,0.000000,1,0.00
1.922000,-0.035,-0.070995,-0.050498,7.409,12.00,-0.038663,0.070995,0.000000,0.000000,0.035,0.047,0.066667,-0.020000,0.568213,0.320000,0.003840,0.000000,1,0.00
1.924000,-0.036,-0.071491,-0.050745,7.409,12.00,-0.038900,0.071491,0.000000,0.000000,0.035,0.048,0.066667,-0.020000,0.568213,0.320000,0.003840,0.000000,1,0.00
1.926000,-0.036,-0.071988,-0.050994,7.409,12.00,-0.039137,0.071988,0.000000,0.000000,0.035,0.048,0.066667,-0.020000,0.568213,0.320000,0.003840,0.000000,1,0.00
1.928000,-0.036,-0.072487,-0.051243,7.409,12.00,-0.039374,0.072487,0.000000,0.000000,0.035,0.048,0.066667,-0.020000,0.568213,0.320000,0.003840,0.000000,1,0.00
1.930000,-0.036,-0.072987,-0.051494,7.409,12.00,-0.039612,0.072987,0.000000,0.000000,0.035,0.049,0.066667,-0.020000,0.568213,0.320000,0.003840,0.000000,1,0.00
1.932000,-0.037,-0.073489,-0.051744,7.409,12.00,-0.039849,0.073489,0.000000,0.000000,0.036,0.049,0.066667,-0.020000,0.568213,0.320000,0.003840,0.000000,1,0.00
1.934000,-0.037,-0.073992,-0.051996,7.409,12.00,-0.040087,0.073992,0.000000,0.000000,0.036,0.049,0.066667,-0.020000,0.568213,0.320000,0.003840,0.000000,1,0.00
1.936000,-0.037,-0.074496,-0.052248,7.409,12.00,-0.040325,0.074496,0.000000,0.000000,0.036,0.050,0.066667,-0.020000,0.568213,0.320000,0.003840,0.000000,1,0.00
1.938000,-0.038,-0.075002,-0.052501,7.409,12.00,-0.040564,0.075002,0.000000,0.000000,0.036,0.050,0.066667,-0.020000,0.568213,0.320000,0.003840,0.000000,1,0.00
1.940000,-0.038,-0.075510,-0.052755,7.409,12.00,-0.040803,0.075510,0.000000,0.000000,0.037,0.050,0.066667,-0.020000,0.568213,0.320000,0.003840,0.000000,1,0.00
1.942000,-0.038,-0.076019,-0.053010,7.409,12.00,-0.041042,0.076019,0.000000,0.000000,0.037,0.051,0.066667,-0.020000,0.568213,0.320000,0.003840,0.000000,1,0.00
1.944000,-0.038,-0.076530,-0.053265,7.409,12.00,-0.041281,0.076530,0.000000,0.000000,0.037,0.051,0.066667,-0.020000,0.568213,0.320000,0.003840,0.000000,1,0.00
1.946000,-0.039,-0.077043,-0.053522,7.409,12.00,-0.041521,0.077043,0.000000,0.000000,0.038,0.051,0.066667,-0.020000,0.568213,0.320000,0.003840,0.000000,1,0.00
1.948000,-0.039,-0.077557,-0.053779,7.409,12.00,-0.041761,0.077557,0.000000,0.000000,0.038,0.052,0.066667,-0.020000,0.568213,0.320000,0.003840,0.000000,1,0.00
1.950000,-0.039,-0.078073,-0.054037,7.409,12.00,-0.042001,0.078073,0.000000,0.000000,0.038,0.052,0.066667,-0.020000,0.568213,0.320000,0.003840,0.000000,1,0.00
1.952000,-0.039,-0.078591,-0.054296,7.409,12.00,-0.042242,0.078591,0.000000,0.000000,0.038,0.052,0.066667,-0.020000,0.568213,0.320000,0.003840,0.000000,1,0.00
1.954000,-0.040,-0.079111,-0.054555,7.409,12.00,-0.042483,0.079111,0.000000,0.000000,0.039,0.053,0.066667,-0.020000,0.568213,0.320000,0.003840,0.000000,1,0.00
1.956000,-0.040,-0.079632,-0.054816,7.409,12.00,-0.042725,0.079632,0.000000,0.000000,0.039,0.053,0.066667,-0.020000,0.568213,0.320000,0.003840,0.000000,1,0.00
1.958000,-0.040,-0.080155,-0.055078,7.409,12.00,-0.042967,0.080155,0.000000,0.000000,0.039,0.053,0.066667,-0.020000,0.568213,0.320000,0.003840,0.000000,1,0.00
1.960000,-0.040,-0.080681,-0.055340,7.409,12.00,-0.043209,0.080681,0.000000,0.000000,0.039,0.054,0.066667,-0.020000,0.568213,0.320000,0.003840,0.000000,1,0.00
1.962000,-0.041,-0.081208,-0.055604,7.409,12.00,-0.043451,0.081208,0.000000,0.000000,0.040,0.054,0.066667,-0.020000,0.568213,0.320000,0.003840,0.000000,1,0.00
1.964000,-0.041,-0.081737,-0.055868,7.409,12.00,-0.043695,0.081737,0.000000,0.000000,0.040,0.054,0.066667,-0.020000,0.568213,0.320000,0.003840,0.000000,1,0.00
1.966000,-0.041,-0.082268,-0.056134,7.409,12.00,-0.043938,0.082268,0.000000,0.000000,0.040,0.055,0.066667,-0.020000,0.568213,0.320000,0.003840,0.000000,1,0.00
1.968000,-0.041,-0.082801,-0.056400,7.409,12.00,-0.044182,0.082801,0.000000,0.000000,0.040,0.055,0.066667,-0.020000,0.568213,0.320000,0.003840,0.000000,1,0.00
1.970000,-0.042,-0.083336,-0.056668,7.409,12.00,-0.044426,0.083336,0.000000,0.000000,0.041,0.056,0.066667,-0.020000,0.568213,0.320000,0.003840,0.000000,1,0.00
1.972000,-0.042,-0.083873,-0.056936,7.409,12.00,-0.044671,0.083873,0.000000,0.000000,0.041,0.056,0.066667,-0.020000,0.568213,0.320000,0.003840,0.000000,1,0.00
1.974000,-0.042,-0.084412,-0.057206,7.409,12.00,-0.044917,0.084412,0.000000,0.000000,0.041,0.056,0.066667,-0.020000,0.568213,0.320000,0.003840,0.000000,1,0.00
1.976000,-0.042,-0.084953,-0.057477,7.409,12.00,-0.045162,0.084953,0.000000,0.000000,0.041,0.057,0.066667,-0.020000,0.568213,0.320000,0.003840,0.000000,1,0.00
1.978000,-0.043,-0.085497,-0.057748,7.409,12.00,-0.045409,0.085497,0.000000,0.000000,0.042,0.057,0.066667,-0.020000,0.568213,0.320000,0.003840,0.000000,1,0.00
1.980000,-0.043,-0.086043,-0.058021,7.409,12.00,-0.045656,0.086043,0.000000,0.000000,0.042,0.057,0.066667,-0.020000,0.568213,0.320000,0.003840,0.000000,1,0.00
1.982000,-0.043,-0.086591,-0.058295,7.409,12.00,-0.045903,0.086591,0.000000,0.000000,0.042,0.058,0.066667,-0.020000,0.568213,0.320000,0.003840,0.000000,1,0.00
1.984000,-0.044,-0.087141,-0.058571,7.409,12.00,-0.046151,0.087141,0.000000,0.000000,0.042,0.058,0.066667,-0.020000,0.568213,0.320000,0.003840,0.000000,1,0.00
1.986000,-0.044,-0.087694,-0.058847,7.409,12.00,-0.046399,0.087694,0.000000,0.000000,0.043,0.058,0.066667,-0.020000,0.568213,0.320000,0.003840,0.000000,1,0.00
1.988000,-0.044,-0.088249,-0.059124,7.409,12.00,-0.046648,0.088249,0.000000,0.000000,0.043,0.059,0.066667,-0.020000,0.568213,0.320000,0.003840,0.000000,1,0.00
1.990000,-0.044,-0.088806,-0.059403,7.409,12.00,-0.046898,0.088806,0.000000,0.000000,0.043,0.059,0.066667,-0.020000,0.568213,0.320000,0.003840,0.000000,1,0.00
1.992000,-0.045,-0.089366,-0.059683,7.409,12.00,-0.047148,0.089366,0.000000,0.000000,0.044,0.060,0.066667,-0.020000,0.568213,0.320000,0.003840,0.000000,1,0.00
1.994000,-0.045,-0.089928,-0.059964,7.409,12.00,-0.047399,0.089928,0.000000,0.000000,0.044,0.060,0.066667,-0.020000,0.568213,0.320000,0.003840,0.000000,1,0.00
1.996000,-0.045,-0.090493,-0.060247,7.409,12.00,-0.047650,0.090493,0.000000,0.000000,0.044,0.060,0.066667,-0.020000,0.568213,0.320000,0.003840,0.000000,1,0.00
1.998000,-0.046,-0.091061,-0.060530,7.409,12.00,-0.047902,0.091061,0.000000,0.000000,0.044,0.061,0.066667,-0.020000,0.568213,0.320000,0.003840,0.000000,1,0.00
2.000000,-0.046,-0.091631,-0.060815,7.409,12.00,-0.048155,0.091631,0.000000,0.000000,0.000,0.061,0.066667,-0.020000,0.568213,0.320000,0.003840,0.000000,1,0.00
2.002000,-0.046,-0.092203,-0.061102,7.409,12.00,-0.048408,0.092203,0.000000,0.000000,0.000,0.061,0.066667,-0.020000,0.568213,0.320000,0.003840,0.000000,1,0.00
2.004000,-0.046,-0.092779,-0.061389,7.409,12.00,-0.048662,0.092779,0.000000,0.000000,0.000,0.062,0.066667,-0.020000,0.568213,0.320000,0.003840,0.000000,1,0.00
2.006000,-0.047,-0.093357,-0.061678,7.409,12.00,-0.048916,0.093357,0.000000,0.000000,0.000,0.062,0.066667,-0.020000,0.568213,0.320000,0.003840,0.000000,1,0.00
2.008000,-0.047,-0.093938,-0.061969,7.409,12.00,-0.049172,0.093938,0.000000,0.000000,0.046,0.063,0.066667,-0.020000,0.568213,0.320000,0.003840,0.000000,1,0.00
2.010000,-0.047,-0.094521,-0.062261,7.409,12.00,-0.049428,0.094521,0.000000,0.000000,0.046,0.063,0.066667,-0.020000,0.568213,0.320000,0.003840,0.000000,1,0.00
2.012000,-0.048,-0.095108,-0.062554,7.409,12.00,-0.049684,0.095108,0.000000,0.000000,0.046,0.063,0.066667,-0.020000,0.568213,0.320000,0.003840,0.000000,1,0.00
2.014000,-0.048,-0.095697,-0.062848,7.409,12.00,-0.049942,0.095697,0.000000,0.000000,0.047,0.064,0.066667,-0.020000,0.568213,0.320000,0.003840,0.000000,1,0.00
2.016000,-0.048,-0.096289,-0.063145,7.409,12.00,-0.050200,0.096289,0.000000,0.000000,0.047,0.064,0.066667,-0.020000,0.568213,0.320000,0.003840,0.000000,1,0.00
2.018000,-0.048,-0.096884,-0.063442,7.409,12.00,-0.050459,0.096884,0.000000,0.000000,0.047,0.065,0.066667,-0.020000,0.568213,0.320000,0.003840,0.000000,1,0.00
2.020000,-0.049,-0.097483,-0.063742,7.409,12.00,-0.050718,0.097483,0.000000,0.000000,0.048,0.065,0.066667,-0.020000,0.568213,0.320000,0.003840,0.000000,1,0.00
2.022000,-0.049,-0.098086,-0.064043,7.409,12.00,-0.050979,0.098086,0.000000,0.000000,0.048,0.065,0.066667,-0.020000,0.568213,0.320000,0.003840,0.000000,1,0.00
2.024000,-0.049,-0.098692,-0.064346,7.409,12.00,-0.051240,0.098692,0.000000,0.000000,0.048,0.066,0.066667,-0.020000,0.568213,0.320000,0.003840,0.000000,1,0.00
2.026000,-0.050,-0.099302,-0.064651,7.409,12.00,-0.051502,0.099302,0.000000,0.000000,0.048,0.066,0.066667,-0.020000,0.568213,0.320000,0.003840,0.000000,1,0.00
2.028000,-0.050,-0.099917,-0.064958,7.409,12.00,-0.051765,0.099917,0.000000,0.000000,0.049,0.067,0.066667,-0.020000,0.568213,0.320000,0.003840,0.000000,1,0.00
2.030000,-0.050,-0.100536,-0.065268,7.409,12.00,-0.052029,0.100536,0.000000,0.000000,0.049,0.067,0.066667,-0.020000,0.568213,0.320000,0.003840,0.000000,1,0.00
2.032000,-0.051,-0.101159,-0.065579,7.409,12.00,-0.052294,0.101159,0.000000,0.000000,0.049,0.067,0.066667,-0.020000,0.568213,0.320000,0.003840,0.000000,1,0.00
2.034000,-0.051,-0.101786,-0.065893,7.409,12.00,-0.052560,0.101786,0.000000,0.000000,0.050,0.068,0.066667,-0.020000,0.568213,0.320000,0.003840,0.000000,1,0.00
2.036000,-0.051,-0.102418,-0.066209,7.409,12.00,-0.052826,0.102418,0.000000,0.000000,0.050,0.068,0.066667,-0.020000,0.568213,0.320000,0.003840,0.000000,1,0.00
2.038000,-0.052,-0.103054,-0.066527,7.409,12.00,-0.053094,0.103054,0.000000,0.000000,0.050,0.069,0.066667,-0.020000,0.568213,0.320000,0.003840,0.000000,1,0.00
2.040000,-0.052,-0.103695,-0.066848,7.322,12.00,-0.053363,0.103695,0.000000,0.000000,0.051,0.069,0.068750,-0.020000,0.553688,0.330000,0.003953,0.000781,1,0.00
2.042000,-0.052,-0.104339,-0.067170,7.325,11.97,-0.053633,0.104339,0.000000,0.000000,0.051,0.070,0.068750,-0.020000,0.554205,0.330000,0.003955,0.000391,1,0.00
2.044000,-0.052,-0.104987,-0.067494,7.325,11.95,-0.053903,0.104987,0.000000,0.000000,0.051,0.070,0.068750,-0.020000,0.554205,0.330000,0.003955,0.000391,1,0.00
2.046000,-0.053,-0.105640,-0.067820,7.325,11.94,-0.054175,0.105640,0.000000,0.000000,0.052,0.070,0.068750,-0.020000,0.554205,0.330000,0.003955,0.000391,1,0.00
2.048000,-0.053,-0.106297,-0.068149,7.325,11.92,-0.054448,0.106297,0.000000,0.000000,0.052,0.071,0.068750,-0.020000,0.554205,0.330000,0.003955,0.000391,1,0.00
2.050000,-0.053,-0.106959,-0.068480,7.325,11.91,-0.054722,0.106959,0.000000,0.000000,0.052,0.071,0.068750,-0.020000,0.554205,0.330000,0.003955,0.000391,1,0.00
2.052000,-0.054,-0.107626,-0.068813,7.325,11.90,-0.054997,0.107626,0.000000,0.000000,0.052,0.072,0.068750,-0.020000,0.554205,0.330000,0.003955,0.000391,1,0.00
2.054000,-0.054,-0.108298,-0.069149,7.325,11.89,-0.055274,0.108298,0.000000,0.000000,0.053,0.072,0.068750,-0.020000,0.554205,0.330000,0.003955,0.000391,1,0.00
2.056000,-0.054,-0.108975,-0.069487,7.325,11.89,-0.055551,0.108975,0.000000,0.000000,0.053,0.073,0.068750,-0.020000,0.554205,0.330000,0.003955,0.000391,1,0.00
2.058000,-0.055,-0.109657,-0.069828,7.325,11.88,-0.055830,0.109657,0.000000,0.000000,0.053,0.073,0.068750,-0.020000,0.554205,0.330000,0.003955,0.000391,1,0.00
2.060000,-0.055,-0.110344,-0.070172,7.328,11.88,-0.056110,0.110344,0.000000,0.000000,0.054,0.074,0.068750,-0.020000,0.554719,0.330000,0.003960,0.000001,1,0.00
2.062000,-0.056,-0.111036,-0.070518,7.328,11.88,-0.056391,0.111036,0.000000,0.000000,0.054,0.074,0.068750,-0.020000,0.554720,0.330000,0.003960,0.000000,1,0.00
2.064000,-0.056,-0.111733,-0.070867,7.328,11.88,-0.056674,0.111733,0.000000,0.000000,0.054,0.074,0.068750,-0.020000,0.554720,0.330000,0.003960,0.000000,1,0.00
2.066000,-0.056,-0.112436,-0.071218,7.328,11.88,-0.056958,0.112436,0.000000,0.000000,0.055,0.075,0.068750,-0.020000,0.554720,0.330000,0.003960,0.000000,1,0.00
2.068000,-0.057,-0.113144,-0.071572,7.328,11.88,-0.057243,0.113144,0.000000,0.000000,0.055,0.075,0.068750,-0.020000,0.554720,0.330000,0.003960,0.000000,1,0.00
2.070000,-0.057,-0.113858,-0.071929,7.328,11.87,-0.057529,0.113858,0.000000,0.000000,0.056,0.076,0.068750,-0.020000,0.554720,0.330000,0.003960,0.000000,1,0.00
2.072000,-0.057,-0.114577,-0.072289,7.328,11.87,-0.057817,0.114577,0.000000,0.000000,0.056,0.076,0.068750,-0.020000,0.554720,0.330000,0.003960,0.000000,1,0.00
2.074000,-0.058,-0.115302,-0.072651,7.328,11.87,-0.058107,0.115302,0.000000,0.000000,0.056,0.077,0.068750,-0.020000,0.554720,0.330000,0.003960,0.000000,1,0.00
2.076000,-0.058,-0.116032,-0.073016,7.328,11.87,-0.058398,0.116032,0.000000,0.000000,0.057,0.077,0.068750,-0.020000,0.554720,0.330000,0.003960,0.000000,1,0.00
2.078000,-0.058,-0.116769,-0.073384,7.328,11.87,-0.058690,0.116769,0.000000,0.000000,0.057,0.078,0.068750,-0.020000,0.554720,0.330000,0.003960,0.000000,1,0.00
2.080000,-0.059,-0.117511,-0.073755,7.328,11.87,-0.058984,0.117511,0.000000,0.000000,0.057,0.078,0.068750,-0.020000,0.554720,0.330000,0.003960,0.000000,1,0.00
2.082000,-0.059,-0.118259,-0.074129,7.328,11.87,-0.059279,0.118259,0.000000,0.000000,0.058,0.079,0.068750,-0.020000,0.554720,0.330000,0.003960,0.000000,1,0.00
2.084000,-0.060,-0.119012,-0.074506,7.328,11.87,-0.059576,0.119012,0.000000,0.000000,0.058,0.079,0.068750,-0.020000,0.554720,0.330000,0.003960,0.000000,1,0.00
2.086000,-0.060,-0.119772,-0.074886,7.328,11.87,-0.059875,0.119772,0.000000,0.000000,0.058,0.080,0.068750,-0.020000,0.554720,0.330000,0.003960,0.000000,1,0.00
2.088000,-0.060,-0.120538,-0.075269,7.328,11.87,-0.060175,0.120538,0.000000,0.000000,0.059,0.080,0.068750,-0.020000,0.554720,0.330000,0.003960,0.000000,1,0.00
2.090000,-0.061,-0.121311,-0.075655,7.328,11.87,-0.060477,0.121311,0.000000,0.000000,0.059,0.081,0.068750,-0.020000,0.554720,0.330000,0.003960,0.000000,1,0.00
2.092000,-0.061,-0.122089,-0.076045,7.328,11.87,-0.060781,0.122089,0.000000,0.000000,0.060,0.081,0.068750,-0.020000,0.554720,0.330000,0.003960,0.000000,1,0.00
2.094000,-0.061,-0.122874,-0.076437,7.328,11.87,-0.061086,0.122874,0.000000,0.000000,0.060,0.082,0.068750,-0.020000,0.554720,0.330000,0.003960,0.000000,1,0.00
2.096000,-0.062,-0.123665,-0.076833,7.328,11.87,-0.061393,0.123665,0.000000,0.000000,0.060,0.082,0.068750,-0.020000,0.554720,0.330000,0.003960,0.000000,1,0.00
2.098000,-0.062,-0.124463,-0.077232,7.328,11.87,-0.061702,0.124463,0.000000,0.000000,0.061,0.083,0.068750,-0.020000,0.554720,0.330000,0.003960,0.000000,1,0.00
2.100000,-0.063,-0.125267,-0.077634,7.809,11.87,-0.062012,0.125267,0.000000,0.000000,0.000,0.084,0.066667,-0.020000,0.634773,0.320000,0.003920,-0.050000,1,0.00
2.102000,-0.063,-0.126077,-0.078038,7.609,12.03,-0.062325,0.126077,0.000000,0.000000,0.000,0.084,0.066667,-0.020000,0.601476,0.320000,0.003893,-0.025000,1,0.00
2.104000,-0.063,-0.126896,-0.078448,7.609,12.09,-0.062639,0.126896,0.000000,0.000000,0.000,0.085,0.066667,-0.020000,0.601476,0.320000,0.003893,-0.025000,1,0.00
2.106000,-0.064,-0.127725,-0.078862,7.609,12.13,-0.062955,0.127725,0.000000,0.000000,0.000,0.085,0.066667,-0.020000,0.601476,0.320000,0.003893,-0.025000,1,0.00
2.108000,-0.064,-0.128561,-0.079280,7.609,12.17,-0.063273,0.128561,0.000000,0.000000,0.063,0.086,0.066667,-0.020000,0.601476,0.320000,0.003893,-0.025000,1,0.00
2.110000,-0.065,-0.129406,-0.079703,7.609,12.20,-0.063594,0.129406,0.000000,0.000000,0.063,0.086,0.066667,-0.020000,0.601476,0.320000,0.003893,-0.025000,1,0.00
2.112000,-0.065,-0.130259,-0.080129,7.609,12.23,-0.063916,0.130259,0.000000,0.000000,0.063,0.087,0.066667,-0.020000,0.601476,0.320000,0.003893,-0.025000,1,0.00
2.114000,-0.066,-0.131120,-0.080560,7.609,12.25,-0.064240,0.131120,0.000000,0.000000,0.064,0.087,0.066667,-0.020000,0.601476,0.320000,0.003893,-0.025000,1,0.00
2.116000,-0.066,-0.131989,-0.080995,7.609,12.26,-0.064566,0.131989,0.000000,0.000000,0.064,0.088,0.066667,-0.020000,0.601476,0.320000,0.003893,-0.025000,1,0.00
2.118000,-0.066,-0.132867,-0.081434,7.609,12.27,-0.064895,0.132867,0.000000,0.000000,0.065,0.089,0.066667,-0.020000,0.601476,0.320000,0.003893,-0.025000,1,0.00
2.120000,-0.067,-0.133753,-0.081877,7.410,12.28,-0.065226,0.133753,0.000000,0.000000,0.065,0.089,0.066667,-0.020000,0.568277,0.320000,0.003841,-0.000049,1,0.00
2.122000,-0.067,-0.134641,-0.082320,7.409,12.23,-0.065559,0.134641,0.000000,0.000000,0.066,0.090,0.066667,-0.020000,0.568245,0.320000,0.003841,-0.000024,1,0.00
2.124000,-0.068,-0.135535,-0.082767,7.409,12.18,-0.065894,0.135535,0.000000,0.000000,0.066,0.090,0.066667,-0.020000,0.568245,0.320000,0.003841,-0.000024,1,0.00
2.126000,-0.068,-0.136436,-0.083218,7.409,12.15,-0.066232,0.136436,0.000000,0.000000,0.066,0.091,0.066667,-0.020000,0.568245,0.320000,0.003841,-0.000024,1,0.00
2.128000,-0.069,-0.137346,-0.083673,7.409,12.12,-0.066571,0.137346,0.000000,0.000000,0.067,0.092,0.066667,-0.020000,0.568245,0.320000,0.003841,-0.000024,1,0.00
2.130000,-0.069,-0.138263,-0.084131,7.409,12.10,-0.066913,0.138263,0.000000,0.000000,0.067,0.092,0.066667,-0.020000,0.568245,0.320000,0.003841,-0.000024,1,0.00
2.132000,-0.070,-0.139188,-0.084594,7.409,12.08,-0.067258,0.139188,0.000000,0.000000,0.068,0.093,0.066667,-0.020000,0.568245,0.320000,0.003841,-0.000024,1,0.00
2.134000,-0.070,-0.140122,-0.085061,7.409,12.06,-0.067604,0.140122,0.000000,0.000000,0.068,0.093,0.066667,-0.020000,0.568245,0.320000,0.003841,-0.000024,1,0.00
2.136000,-0.071,-0.141065,-0.085532,7.409,12.05,-0.067954,0.141065,0.000000,0.000000,0.069,0.094,0.066667,-0.020000,0.568245,0.320000,0.003841,-0.000024,1,0.00
2.138000,-0.071,-0.142015,-0.086008,7.409,12.04,-0.068305,0.142015,0.000000,0.000000,0.069,0.095,0.066667,-0.020000,0.568245,0.320000,0.003841,-0.000024,1,0.00
2.140000,-0.071,-0.142975,-0.086487,7.409,12.03,-0.068659,0.142975,0.000000,0.000000,0.070,0.095,0.066667,-0.020000,0.568213,0.320000,0.003840,-0.000000,1,0.00
2.142000,-0.072,-0.143943,-0.086972,7.409,12.03,-0.069016,0.143943,0.000000,0.000000,0.070,0.096,0.066667,-0.020000,0.568213,0.320000,0.003840,-0.000000,1,0.00
2.144000,-0.072,-0.144921,-0.087460,7.409,12.02,-0.069375,0.144921,0.000000,0.000000,0.071,0.097,0.066667,-0.020000,0.568213,0.320000,0.003840,-0.000000,1,0.00
2.146000,-0.073,-0.145907,-0.087954,7.409,12.02,-0.069737,0.145907,0.000000,0.000000,0.071,0.097,0.066667,-0.020000,0.568213,0.320000,0.003840,-0.000000,1,0.00
2.148000,-0.073,-0.146903,-0.088451,7.409,12.02,-0.070101,0.146903,0.000000,0.000000,0.071,0.098,0.066667,-0.020000,0.568213,0.320000,0.003840,-0.000000,1,0.00
2.150000,-0.074,-0.147908,-0.088954,7.409,12.01,-0.070468,0.147908,0.000000,0.000000,0.072,0.099,0.066667,-0.020000,0.568213,0.320000,0.003840,-0.000000,1,0.00
2.152000,-0.074,-0.148922,-0.089461,7.409,12.01,-0.070838,0.148922,0.000000,0.000000,0.072,0.099,0.066667,-0.020000,0.568213,0.320000,0.003840,-0.000000,1,0.00
2.154000,-0.075,-0.149946,-0.089973,7.409,12.01,-0.071210,0.149946,0.000000,0.000000,0.073,0.100,0.066667,-0.020000,0.568213,0.320000,0.003840,-0.000000,1,0.00
2.156000,-0.075,-0.150979,-0.090490,7.409,12.01,-0.071585,0.150979,0.000000,0.000000,0.073,0.101,0.066667,-0.020000,0.568213,0.320000,0.003840,-0.000000,1,0.00
2.158000,-0.076,-0.152022,-0.091011,7.409,12.01,-0.071964,0.152022,0.000000,0.000000,0.074,0.101,0.066667,-0.020000,0.568213,0.320000,0.003840,-0.000000,1,0.00
2.160000,-0.077,-0.153075,-0.091538,7.409,12.01,-0.072344,0.153075,0.000000,0.000000,0.074,0.102,0.066667,-0.020000,0.568213,0.320000,0.003840,-0.000000,1,0.00
2.162000,-0.077,-0.154138,-0.092069,7.409,12.01,-0.072728,0.154138,0.000000,0.000000,0.075,0.103,0.066667,-0.020000,0.568213,0.320000,0.003840,-0.000000,1,0.00
2.164000,-0.078,-0.155211,-0.092605,7.409,12.00,-0.073115,0.155211,0.000000,0.000000,0.075,0.103,0.066667,-0.020000,0.568213,0.320000,0.003840,-0.000000,1,0.00
2.166000,-0.078,-0.156293,-0.093147,7.409,12.00,-0.073505,0.156293,0.000000,0.000000,0.076,0.104,0.066667,-0.020000,0.568213,0.320000,0.003840,-0.000000,1,0.00
2.168000,-0.079,-0.157386,-0.093693,7.409,12.00,-0.073898,0.157386,0.000000,0.000000,0.077,0.105,0.066667,-0.020000,0.568213,0.320000,0.003840,-0.000000,1,0.00
2.170000,-0.079,-0.158489,-0.094245,7.409,12.00,-0.074294,0.158489,0.000000,0.000000,0.077,0.106,0.066667,-0.020000,0.568213,0.320000,0.003840,-0.000000,1,0.00
2.172000,-0.080,-0.159603,-0.094801,7.409,12.00,-0.074693,0.159603,0.000000,0.000000,0.078,0.106,0.066667,-0.020000,0.568213,0.320000,0.003840,-0.000000,1,0.00
2.174000,-0.080,-0.160727,-0.095363,7.409,12.00,-0.075095,0.160727,0.000000,0.000000,0.078,0.107,0.066667,-0.020000,0.568213,0.320000,0.003840,-0.000000,1,0.00
2.176000,-0.081,-0.161861,-0.095930,7.409,12.00,-0.075500,0.161861,0.000000,0.000000,0.079,0.108,0.066667,-0.020000,0.568213,0.320000,0.003840,-0.000000,1,0.00
2.178000,-0.082,-0.163006,-0.096503,7.409,12.00,-0.075909,0.163006,0.000000,0.000000,0.079,0.109,0.066667,-0.020000,0.568213,0.320000,0.003840,-0.000000,1,0.00
2.180000,-0.082,-0.164161,-0.097081,7.409,12.00,-0.076321,0.164161,0.000000,0.000000,0.080,0.109,0.066667,-0.020000,0.568213,0.320000,0.003840,-0.000000,1,0.00
2.182000,-0.083,-0.165327,-0.097664,7.409,12.00,-0.076736,0.165327,0.000000,0.000000,0.080,0.110,0.066667,-0.020000,0.568213,0.320000,0.003840,-0.000000,1,0.00
2.184000,-0.083,-0.166505,-0.098252,7.409,12.00,-0.077155,0.166505,0.000000,0.000000,0.081,0.111,0.066667,-0.020000,0.568213,0.320000,0.003840,-0.000000,1,0.00
2.186000,-0.084,-0.167692,-0.098846,7.409,12.00,-0.077576,0.167692,0.000000,0.000000,0.082,0.112,0.066667,-0.020000,0.568213,0.320000,0.003840,-0.000000,1,0.00
2.188000,-0.084,-0.168891,-0.099446,7.409,12.00,-0.078002,0.168891,0.000000,0.000000,0.082,0.113,0.066667,-0.020000,0.568213,0.320000,0.003840,-0.000000,1,0.00
2.190000,-0.085,-0.170102,-0.100051,7.409,12.00,-0.078431,0.170102,0.000000,0.000000,0.083,0.113,0.066667,-0.020000,0.568213,0.320000,0.003840,-0.000000,1,0.00
2.192000,-0.086,-0.171323,-0.100661,7.409,12.00,-0.078863,0.171323,0.000000,0.000000,0.083,0.114,0.066667,-0.020000,0.568213,0.320000,0.003840,-0.000000,1,0.00
2.194000,-0.086,-0.172555,-0.101278,7.409,12.00,-0.079299,0.172555,0.000000,0.000000,0.084,0.115,0.066667,-0.020000,0.568213,0.320000,0.003840,-0.000000,1,0.00
2.196000,-0.087,-0.173800,-0.101900,7.409,12.00,-0.079739,0.173800,0.000000,0.000000,0.084,0.116,0.066667,-0.020000,0.568213,0.320000,0.003840,-0.000000,1,0.00
2.198000,-0.088,-0.175055,-0.102528,7.409,12.00,-0.080182,0.175055,0.000000,0.000000,0.085,0.117,0.066667,-0.020000,0.568213,0.320000,0.003840,-0.000000,1,0.00
2.200000,-0.088,-0.176322,-0.103161,7.409,12.00,-0.080629,0.176322,0.000000,0.000000,0.000,0.118,0.066667,-0.020000,0.568213,0.320000,0.003840,-0.000000,1,0.00
2.202000,-0.089,-0.177601,-0.103801,7.409,12.00,-0.081079,0.177601,0.000000,0.000000,0.000,0.118,0.066667,-0.020000,0.568213,0.320000,0.003840,-0.000000,1,0.00
2.204000,-0.089,-0.178892,-0.104446,7.409,12.00,-0.081534,0.178892,0.000000,0.000000,0.000,0.119,0.066667,-0.020000,0.568213,0.320000,0.003840,-0.000000,1,0.00
2.206000,-0.090,-0.180195,-0.105097,7.409,12.00,-0.081992,0.180195,0.000000,0.000000,0.000,0.120,0.066667,-0.020000,0.568213,0.320000,0.003840,-0.000000,1,0.00
2.208000,-0.091,-0.181510,-0.105755,7.409,12.00,-0.082454,0.181510,0.000000,0.000000,0.088,0.121,0.066667,-0.020000,0.568213,0.320000,0.003840,-0.000000,1,0.00
2.210000,-0.091,-0.182837,-0.106418,7.409,12.00,-0.082920,0.182837,0.000000,0.000000,0.089,0.122,0.066667,-0.020000,0.568213,0.320000,0.003840,-0.000000,1,0.00
2.212000,-0.092,-0.184176,-0.107088,7.409,12.00,-0.083390,0.184176,0.000000,0.000000,0.089,0.123,0.066667,-0.020000,0.568213,0.320000,0.003840,-0.000000,1,0.00
2.214000,-0.093,-0.185528,-0.107764,7.409,12.00,-0.083864,0.185528,0.000000,0.000000,0.090,0.124,0.066667,-0.020000,0.568213,0.320000,0.003840,-0.000000,1,0.00
2.216000,-0.093,-0.186892,-0.108446,7.409,12.00,-0.084342,0.186892,0.000000,0.000000,0.091,0.125,0.066667,-0.020000,0.568213,0.320000,0.003840,-0.000000,1,0.00
2.218000,-0.094,-0.188269,-0.109135,7.409,12.00,-0.084824,0.188269,0.000000,0.000000,0.091,0.126,0.066667,-0.020000,0.568213,0.320000,0.003840,-0.000000,1,0.00
2.220000,-0.095,-0.189659,-0.109830,7.492,12.00,-0.085310,0.189659,0.000000,0.000000,0.092,0.126,0.064583,-0.020000,0.581963,0.310000,0.003723,-0.000195,1,0.00
2.222000,-0.096,-0.191067,-0.110533,7.491,12.03,-0.085801,0.191067,0.000000,0.000000,0.093,0.127,0.064583,-0.020000,0.581834,0.310000,0.003722,-0.000098,1,0.00
2.224000,-0.096,-0.192491,-0.111245,7.491,12.05,-0.086295,0.192491,0.000000,0.000000,0.093,0.128,0.064583,-0.020000,0.581834,0.310000,0.003722,-0.000098,1,0.00
2.226000,-0.097,-0.193928,-0.111964,7.491,12.07,-0.086794,0.193928,0.000000,0.000000,0.094,0.129,0.064583,-0.020000,0.581834,0.310000,0.003722,-0.000098,1,0.00
2.228000,-0.098,-0.195378,-0.112689,7.491,12.08,-0.087298,0.195378,0.000000,0.000000,0.095,0.130,0.064583,-0.020000,0.581834,0.310000,0.003722,-0.000098,1,0.00
2.230000,-0.098,-0.196842,-0.113421,7.491,12.09,-0.087806,0.196842,0.000000,0.000000,0.096,0.131,0.064583,-0.020000,0.581834,0.310000,0.003722,-0.000098,1,0.00
2.232000,-0.099,-0.198319,-0.114159,7.491,12.10,-0.088318,0.198319,0.000000,0.000000,0.096,0.132,0.064583,-0.020000,0.581834,0.310000,0.003722,-0.000098,1,0.00
2.234000,-0.100,-0.199809,-0.114905,7.491,12.11,-0.088835,0.199809,0.000000,0.000000,0.097,0.133,0.064583,-0.020000,0.581834,0.310000,0.003722,-0.000098,1,0.00
2.236000,-0.101,-0.201313,-0.115656,7.491,12.11,-0.089356,0.201313,0.000000,0.000000,0.098,0.134,0.064583,-0.020000,0.581834,0.310000,0.003722,-0.000098,1,0.00
2.238000,-0.101,-0.202830,-0.116415,7.491,12.12,-0.089882,0.202830,0.000000,0.000000,0.098,0.135,0.064583,-0.020000,0.581834,0.310000,0.003722,-0.000098,1,0.00
2.240000,-0.102,-0.204362,-0.117181,7.490,12.12,-0.090413,0.204362,0.000000,0.000000,0.099,0.136,0.064583,-0.020000,0.581707,0.310000,0.003720,-0.000000,1,0.00
2.242000,-0.103,-0.205907,-0.117953,7.490,12.12,-0.090948,0.205907,0.000000,0.000000,0.100,0.137,0.064583,-0.020000,0.581707,0.310000,0.003720,-0.000000,1,0.00
2.244000,-0.104,-0.207466,-0.118733,7.490,12.13,-0.091488,0.207466,0.000000,0.000000,0.101,0.138,0.064583,-0.020000,0.581707,0.310000,0.003720,-0.000000,1,0.00
2.246000,-0.105,-0.209040,-0.119520,7.490,12.13,-0.092033,0.209040,0.000000,0.000000,0.101,0.139,0.064583,-0.020000,0.581707,0.310000,0.003720,-0.000000,1,0.00
2.248000,-0.105,-0.210628,-0.120314,7.490,12.13,-0.092583,0.210628,0.000000,0.000000,0.102,0.140,0.064583,-0.020000,0.581707,0.310000,0.003720,-0.000000,1,0.00
2.250000,-0.106,-0.212231,-0.121116,7.490,12.13,-0.093138,0.212231,0.000000,0.000000,0.103,0.141,0.064583,-0.020000,0.581707,0.310000,0.003720,-0.000000,1,0.00
2.252000,-0.107,-0.213849,-0.121925,7.490,12.13,-0.093697,0.213849,0.000000,0.000000,0.104,0.143,0.064583,-0.020000,0.581707,0.310000,0.003720,-0.000000,1,0.00
2.254000,-0.108,-0.215482,-0.122741,7.490,12.13,-0.094262,0.215482,0.000000,0.000000,0.105,0.144,0.064583,-0.020000,0.581707,0.310000,0.003720,-0.000000,1,0.00
2.256000,-0.109,-0.217130,-0.123565,7.490,12.13,-0.094831,0.217130,0.000000,0.000000,0.105,0.145,0.064583,-0.020000,0.581707,0.310000,0.003720,-0.000000,1,0.00
2.258000,-0.109,-0.218794,-0.124397,7.490,12.13,-0.095406,0.218794,0.000000,0.000000,0.106,0.146,0.064583,-0.020000,0.581707,0.310000,0.003720,-0.000000,1,0.00
2.260000,-0.110,-0.220473,-0.125236,7.490,12.13,-0.095986,0.220473,0.000000,0.000000,0.107,0.147,0.064583,-0.020000,0.581707,0.310000,0.003720,-0.000000,1,0.00
2.262000,-0.111,-0.222168,-0.126084,7.490,12.13,-0.096571,0.222168,0.000000,0.000000,0.108,0.148,0.064583,-0.020000,0.581707,0.310000,0.003720,-0.000000,1,0.00
2.264000,-0.112,-0.223878,-0.126939,7.490,12.13,-0.097161,0.223878,0.000000,0.000000,0.109,0.149,0.064583,-0.020000,0.581707,0.310000,0.003720,-0.000000,1,0.00
2.266000,-0.113,-0.225605,-0.127803,7.490,12.13,-0.097757,0.225605,0.000000,0.000000,0.109,0.150,0.064583,-0.020000,0.581707,0.310000,0.003720,-0.000000,1,0.00
2.268000,-0.114,-0.227348,-0.128674,7.490,12.13,-0.098357,0.227348,0.000000,0.000000,0.110,0.152,0.064583,-0.020000,0.581707,0.310000,0.003720,-0.000000,1,0.00
2.270000,-0.115,-0.229108,-0.129554,7.490,12.13,-0.098964,0.229108,0.000000,0.000000,0.111,0.153,0.064583,-0.020000,0.581707,0.310000,0.003720,-0.000000,1,0.00
2.272000,-0.115,-0.230884,-0.130442,7.490,12.13,-0.099576,0.230884,0.000000,0.000000,0.112,0.154,0.064583,-0.020000,0.581707,0.310000,0.003720,-0.000000,1,0.00
2.274000,-0.116,-0.232676,-0.131338,7.490,12.13,-0.100193,0.232676,0.000000,0.000000,0.113,0.155,0.064583,-0.020000,0.581707,0.310000,0.003720,-0.000000,1,0.00
2.276000,-0.117,-0.234486,-0.132243,7.490,12.13,-0.100816,0.234486,0.000000,0.000000,0.114,0.156,0.064583,-0.020000,0.581707,0.310000,0.003720,-0.000000,1,0.00
2.278000,-0.118,-0.236312,-0.133156,7.490,12.13,-0.101444,0.236312,0.000000,0.000000,0.115,0.158,0.064583,-0.020000,0.581707,0.310000,0.003720,-0.000000,1,0.00
2.280000,-0.119,-0.238156,-0.134078,7.577,12.13,-0.102079,0.238156,0.000000,0.000000,0.115,0.159,0.062500,-0.020000,0.596232,0.300000,0.003607,-0.000781,1,0.00
2.282000,-0.120,-0.240024,-0.135012,7.574,12.16,-0.102719,0.240024,0.000000,0.000000,0.116,0.160,0.062500,-0.020000,0.595715,0.300000,0.003605,-0.000391,1,0.00
2.284000,-0.121,-0.241913,-0.135956,7.574,12.18,-0.103364,0.241913,0.000000,0.000000,0.117,0.161,0.062500,-0.020000,0.595715,0.300000,0.003605,-0.000391,1,0.00
2.286000,-0.122,-0.243820,-0.136910,7.574,12.20,-0.104016,0.243820,0.000000,0.000000,0.118,0.163,0.062500,-0.020000,0.595715,0.300000,0.003605,-0.000391,1,0.00
2.288000,-0.123,-0.245744,-0.137872,7.574,12.21,-0.104674,0.245744,0.000000,0.000000,0.119,0.164,0.062500,-0.020000,0.595715,0.300000,0.003605,-0.000391,1,0.00
2.290000,-0.124,-0.247685,-0.138843,7.574,12.23,-0.105338,0.247685,0.000000,0.000000,0.120,0.165,0.062500,-0.020000,0.595715,0.300000,0.003605,-0.000391,1,0.00
2.292000,-0.125,-0.249644,-0.139822,7.574,12.23,-0.106008,0.249644,0.000000,0.000000,0.121,0.166,0.062500,-0.020000,0.595715,0.300000,0.003605,-0.000391,1,0.00
2.294000,-0.126,-0.251620,-0.140810,7.574,12.24,-0.106684,0.251620,0.000000,0.000000,0.122,0.168,0.062500,-0.020000,0.595715,0.300000,0.003605,-0.000391,1,0.00
2.296000,-0.127,-0.253614,-0.141807,7.574,12.25,-0.107367,0.253614,0.000000,0.000000,0.123,0.169,0.062500,-0.020000,0.595715,0.300000,0.003605,-0.000391,1,0.00
2.298000,-0.128,-0.255626,-0.142813,7.574,12.25,-0.108056,0.255626,0.000000,0.000000,0.124,0.170,0.062500,-0.020000,0.595715,0.300000,0.003605,-0.000391,1,0.00
2.300000,-0.129,-0.257656,-0.143828,8.052,12.26,-0.108751,0.257656,0.000000,0.000000,0.000,0.172,0.060417,-0.020000,0.675254,0.290000,0.003560,-0.050001,1,0.00
2.302000,-0.130,-0.259726,-0.144863,7.852,12.41,-0.109453,0.259726,0.000000,0.000000,0.000,0.173,0.060417,-0.020000,0.641956,0.290000,0.003533,-0.025000,1,0.00
2.304000,-0.131,-0.261809,-0.145904,7.852,12.47,-0.110161,0.261809,0.000000,0.000000,0.000,0.175,0.060417,-0.020000,0.641956,0.290000,0.003533,-0.025000,1,0.00
2.306000,-0.132,-0.263913,-0.146956,7.852,12.52,-0.110876,0.263913,0.000000,0.000000,0.000,0.176,0.060417,-0.020000,0.641956,0.290000,0.003533,-0.025000,1,0.00
2.308000,-0.133,-0.266037,-0.148019,7.852,12.56,-0.111597,0.266037,0.000000,0.000000,0.129,0.177,0.060417,-0.020000,0.641956,0.290000,0.003533,-0.025000,1,0.00
2.310000,-0.134,-0.268182,-0.149091,7.852,12.59,-0.112326,0.268182,0.000000,0.000000,0.130,0.179,0.060417,-0.020000,0.641956,0.290000,0.003533,-0.025000,1,0.00
2.312000,-0.135,-0.270348,-0.150174,7.852,12.62,-0.113061,0.270348,0.000000,0.000000,0.131,0.180,0.060417,-0.020000,0.641956,0.290000,0.003533,-0.025000,1,0.00
2.314000,-0.136,-0.272534,-0.151267,7.852,12.64,-0.113803,0.272534,0.000000,0.000000,0.132,0.182,0.060417,-0.020000,0.641956,0.290000,0.003533,-0.025000,1,0.00
2.316000,-0.137,-0.274740,-0.152370,7.852,12.65,-0.114552,0.274740,0.000000,0.000000,0.133,0.183,0.060417,-0.020000,0.641956,0.290000,0.003533,-0.025000,1,0.00
2.318000,-0.138,-0.276966,-0.153483,7.852,12.67,-0.115309,0.276966,0.000000,0.000000,0.134,0.185,0.060417,-0.020000,0.641956,0.290000,0.003533,-0.025000,1,0.00
2.320000,-0.140,-0.279213,-0.154607,7.653,12.68,-0.116072,0.279213,0.000000,0.000000,0.135,0.186,0.060417,-0.020000,0.608757,0.290000,0.003481,-0.000049,1,0.00
2.322000,-0.141,-0.281457,-0.155729,7.652,12.62,-0.116843,0.281457,0.000000,0.000000,0.136,0.188,0.060417,-0.020000,0.608725,0.290000,0.003481,-0.000024,1,0.00
2.324000,-0.142,-0.283718,-0.156859,7.652,12.58,-0.117621,0.283718,0.000000,0.000000,0.137,0.189,0.060417,-0.020000,0.608725,0.290000,0.003481,-0.000024,1,0.00
2.326000,-0.143,-0.285999,-0.158000,7.652,12.54,-0.118405,0.285999,0.000000,0.000000,0.138,0.191,0.060417,-0.020000,0.608725,0.290000,0.003481,-0.000024,1,0.00
2.328000,-0.144,-0.288301,-0.159151,7.652,12.51,-0.119197,0.288301,0.000000,0.000000,0.140,0.192,0.060417,-0.020000,0.608725,0.290000,0.003481,-0.000024,1,0.00
2.330000,-0.145,-0.290624,-0.160312,7.652,12.49,-0.119996,0.290624,0.000000,0.000000,0.141,0.194,0.060417,-0.020000,0.608725,0.290000,0.003481,-0.000024,1,0.00
2.332000,-0.146,-0.292969,-0.161485,7.652,12.47,-0.120803,0.292969,0.000000,0.000000,0.142,0.195,0.060417,-0.020000,0.608725,0.290000,0.003481,-0.000024,1,0.00
2.334000,-0.148,-0.295336,-0.162668,7.652,12.46,-0.121616,0.295336,0.000000,0.000000,0.143,0.197,0.060417,-0.020000,0.608725,0.290000,0.003481,-0.000024,1,0.00
2.336000,-0.149,-0.297725,-0.163862,7.652,12.44,-0.122437,0.297725,0.000000,0.000000,0.144,0.198,0.060417,-0.020000,0.608725,0.290000,0.003481,-0.000024,1,0.00
2.338000,-0.150,-0.300000,-0.165000,7.652,12.43,-0.123266,0.300136,0.000000,0.000000,0.145,0.200,0.060417,-0.020000,0.608725,0.290000,0.003481,-0.000024,1,0.00
2.340000,-0.151,-0.300000,-0.165000,7.758,12.43,-0.124101,0.302570,0.000000,0.000000,0.146,0.200,0.058333,-0.020000,0.626332,0.280000,0.003376,-0.003125,1,0.00
2.342000,-0.153,-0.300000,-0.165000,7.746,12.45,-0.124919,0.305044,0.000000,0.000000,0.148,0.200,0.058333,-0.020000,0.624256,0.280000,0.003371,-0.001563,1,0.00
2.344000,-0.154,-0.300000,-0.165000,7.746,12.47,-0.125720,0.307551,0.000000,0.000000,0.149,0.200,0.058333,-0.020000,0.624256,0.280000,0.003371,-0.001563,1,0.00
2.346000,-0.155,-0.300000,-0.165000,7.746,12.49,-0.126506,0.310087,0.000000,0.000000,0.150,0.200,0.058333,-0.020000,0.624256,0.280000,0.003371,-0.001563,1,0.00
2.348000,-0.156,-0.300000,-0.165000,7.746,12.50,-0.127276,0.312650,0.000000,0.000000,0.151,0.200,0.058333,-0.020000,0.624256,0.280000,0.003371,-0.001563,1,0.00
2.350000,-0.158,-0.300000,-0.165000,7.746,12.51,-0.128031,0.315242,0.000000,0.000000,0.153,0.200,0.058333,-0.020000,0.624256,0.280000,0.003371,-0.001563,1,0.00
2.352000,-0.159,-0.300000,-0.165000,7.746,12.52,-0.128770,0.317860,0.000000,0.000000,0.154,0.200,0.058333,-0.020000,0.624256,0.280000,0.003371,-0.001563,1,0.00
2.354000,-0.160,-0.300000,-0.165000,7.746,12.52,-0.129495,0.320507,0.000000,0.000000,0.155,0.200,0.058333,-0.020000,0.624256,0.280000,0.003371,-0.001563,1,0.00
2.356000,-0.162,-0.300000,-0.165000,7.746,12.53,-0.130205,0.323181,0.000000,0.000000,0.156,0.200,0.058333,-0.020000,0.624256,0.280000,0.003371,-0.001563,1,0.00
2.358000,-0.163,-0.300000,-0.165000,7.746,12.53,-0.130901,0.325882,0.000000,0.000000,0.158,0.200,0.058333,-0.020000,0.624256,0.280000,0.003371,-0.001563,1,0.00
2.360000,-0.164,-0.300000,-0.165000,7.914,12.53,-0.131583,0.328611,0.000000,0.000000,0.159,0.200,0.056250,-0.020000,0.652303,0.270000,0.003276,-0.012503,1,0.00
2.362000,-0.166,-0.300000,-0.165000,7.864,12.59,-0.132251,0.331383,0.000000,0.000000,0.160,0.200,0.056250,-0.020000,0.643984,0.270000,0.003264,-0.006252,1,0.00
2.364000,-0.167,-0.300000,-0.165000,7.864,12.62,-0.132906,0.334182,0.000000,0.000000,0.162,0.200,0.056250,-0.020000,0.643984,0.270000,0.003264,-0.006252,1,0.00
2.366000,-0.169,-0.300000,-0.165000,7.864,12.64,-0.133548,0.337012,0.000000,0.000000,0.163,0.200,0.056250,-0.020000,0.643984,0.270000,0.003264,-0.006252,1,0.00
2.368000,-0.170,-0.300000,-0.165000,7.864,12.66,-0.134177,0.339872,0.000000,0.000000,0.164,0.200,0.056250,-0.020000,0.643984,0.270000,0.003264,-0.006252,1,0.00
2.370000,-0.171,-0.300000,-0.165000,7.864,12.68,-0.134794,0.342760,0.000000,0.000000,0.166,0.200,0.056250,-0.020000,0.643984,0.270000,0.003264,-0.006252,1,0.00
2.372000,-0.173,-0.300000,-0.165000,7.864,12.69,-0.135398,0.345674,0.000000,0.000000,0.167,0.200,0.056250,-0.020000,0.643984,0.270000,0.003264,-0.006252,1,0.00
2.374000,-0.174,-0.300000,-0.165000,7.864,12.70,-0.135990,0.348615,0.000000,0.000000,0.169,0.200,0.056250,-0.020000,0.643984,0.270000,0.003264,-0.006252,1,0.00
2.376000,-0.176,-0.300000,-0.165000,7.864,12.71,-0.136570,0.351582,0.000000,0.000000,0.170,0.200,0.056250,-0.020000,0.643984,0.270000,0.003264,-0.006252,1,0.00
2.378000,-0.177,-0.300000,-0.165000,7.864,12.71,-0.137139,0.354576,0.000000,0.000000,0.171,0.200,0.056250,-0.020000,0.643984,0.270000,0.003264,-0.006252,1,0.00
2.380000,-0.179,-0.300000,-0.165000,7.920,12.72,-0.137696,0.357597,0.000000,0.000000,0.173,0.200,0.054167,-0.020000,0.653334,0.260000,0.003136,-0.003137,1,0.00
2.382000,-0.180,-0.300000,-0.165000,7.908,12.74,-0.138242,0.360651,0.000000,0.000000,0.174,0.200,0.054167,-0.020000,0.651250,0.260000,0.003131,-0.001569,1,0.00
2.384000,-0.182,-0.300000,-0.165000,7.908,12.75,-0.138778,0.363734,0.000000,0.000000,0.176,0.200,0.054167,-0.020000,0.651250,0.260000,0.003131,-0.001569,1,0.00
2.386000,-0.183,-0.300000,-0.165000,7.908,12.77,-0.139302,0.366844,0.000000,0.000000,0.177,0.200,0.054167,-0.020000,0.651250,0.260000,0.003131,-0.001569,1,0.00
2.388000,-0.185,-0.300000,-0.165000,7.908,12.77,-0.139816,0.369981,0.000000,0.000000,0.179,0.200,0.054167,-0.020000,0.651250,0.260000,0.003131,-0.001569,1,0.00
2.390000,-0.187,-0.300000,-0.165000,7.908,12.78,-0.140320,0.373145,0.000000,0.000000,0.180,0.200,0.054167,-0.020000,0.651250,0.260000,0.003131,-0.001569,1,0.00
2.392000,-0.188,-0.300000,-0.165000,7.908,12.79,-0.140813,0.376336,0.000000,0.000000,0.182,0.200,0.054167,-0.020000,0.651250,0.260000,0.003131,-0.001569,1,0.00
2.394000,-0.190,-0.300000,-0.165000,7.908,12.79,-0.141297,0.379554,0.000000,0.000000,0.183,0.200,0.054167,-0.020000,0.651250,0.260000,0.003131,-0.001569,1,0.00
2.396000,-0.191,-0.300000,-0.165000,7.908,12.79,-0.141771,0.382800,0.000000,0.000000,0.185,0.200,0.054167,-0.020000,0.651250,0.260000,0.003131,-0.001569,1,0.00
2.398000,-0.193,-0.300000,-0.165000,7.908,12.80,-0.142236,0.386073,0.000000,0.000000,0.187,0.200,0.054167,-0.020000,0.651250,0.260000,0.003131,-0.001569,1,0.00
2.400000,-0.195,-0.300000,-0.165000,7.982,12.80,-0.142691,0.389374,0.000000,0.000000,0.000,0.200,0.052083,-0.020000,0.663703,0.250000,0.003007,-0.000784,1,0.00
2.402000,-0.196,-0.300000,-0.165000,7.979,12.83,-0.143138,0.392713,0.000000,0.000000,0.000,0.200,0.052083,-0.020000,0.663183,0.250000,0.003005,-0.000392,1,0.00
2.404000,-0.198,-0.300000,-0.165000,7.979,12.85,-0.143575,0.396084,0.000000,0.000000,0.000,0.200,0.052083,-0.020000,0.663183,0.250000,0.003005,-0.000392,1,0.00
2.406000,-0.200,-0.300000,-0.165000,7.979,12.86,-0.144003,0.399485,0.000000,0.000000,0.000,0.200,0.052083,-0.020000,0.663183,0.250000,0.003005,-0.000392,1,0.00
2.408000,-0.201,-0.300000,-0.165000,7.979,12.87,-0.144423,0.402914,0.000000,0.000000,0.195,0.200,0.052083,-0.020000,0.663183,0.250000,0.003005,-0.000392,1,0.00
2.410000,-0.203,-0.300000,-0.165000,7.979,12.88,-0.144835,0.406372,0.000000,0.000000,0.196,0.200,0.052083,-0.020000,0.663183,0.250000,0.003005,-0.000392,1,0.00
2.412000,-0.205,-0.300000,-0.165000,7.979,12.89,-0.145238,0.409857,0.000000,0.000000,0.198,0.200,0.052083,-0.020000,0.663183,0.250000,0.003005,-0.000392,1,0.00
2.414000,-0.207,-0.300000,-0.165000,7.979,12.90,-0.145634,0.413371,0.000000,0.000000,0.200,0.200,0.052083,-0.020000,0.663183,0.250000,0.003005,-0.000392,1,0.00
2.416000,-0.208,-0.300000,-0.165000,7.979,12.90,-0.146021,0.416913,0.000000,0.000000,0.201,0.200,0.052083,-0.020000,0.663183,0.250000,0.003005,-0.000392,1,0.00
2.418000,-0.210,-0.300000,-0.165000,7.979,12.91,-0.146401,0.420483,0.000000,0.000000,0.203,0.200,0.052083,-0.020000,0.663183,0.250000,0.003005,-0.000392,1,0.00
2.420000,-0.212,-0.300000,-0.165000,8.164,12.91,-0.146773,0.424083,0.000000,0.000000,0.205,0.200,0.047917,-0.020000,0.694056,0.230000,0.002779,-0.003321,1,0.00
2.422000,-0.214,-0.300000,-0.165000,8.151,12.97,-0.147137,0.427731,0.000000,0.000000,0.207,0.200,0.047917,-0.020000,0.691850,0.230000,0.002773,-0.001661,1,0.00
2.424000,-0.216,-0.300000,-0.165000,8.151,13.02,-0.147495,0.431411,0.000000,0.000000,0.208,0.200,0.047917,-0.020000,0.691850,0.230000,0.002773,-0.001661,1,0.00
2.426000,-0.218,-0.300000,-0.165000,8.151,13.06,-0.147845,0.435122,0.000000,0.000000,0.210,0.200,0.047917,-0.020000,0.691850,0.230000,0.002773,-0.001661,1,0.00
2.428000,-0.219,-0.300000,-0.165000,8.151,13.09,-0.148188,0.438864,0.000000,0.000000,0.212,0.200,0.047917,-0.020000,0.691850,0.230000,0.002773,-0.001661,1,0.00
2.430000,-0.221,-0.300000,-0.165000,8.151,13.11,-0.148524,0.442637,0.000000,0.000000,0.214,0.200,0.047917,-0.020000,0.691850,0.230000,0.002773,-0.001661,1,0.00
2.432000,-0.223,-0.300000,-0.165000,8.151,13.13,-0.148854,0.446440,0.000000,0.000000,0.216,0.200,0.047917,-0.020000,0.691850,0.230000,0.002773,-0.001661,1,0.00
2.434000,-0.225,-0.300000,-0.165000,8.151,13.14,-0.149177,0.450274,0.000000,0.000000,0.218,0.200,0.047917,-0.020000,0.691850,0.230000,0.002773,-0.001661,1,0.00
2.436000,-0.227,-0.300000,-0.165000,8.151,13.16,-0.149493,0.454138,0.000000,0.000000,0.219,0.200,0.047917,-0.020000,0.691850,0.230000,0.002773,-0.001661,1,0.00
2.438000,-0.229,-0.300000,-0.165000,8.151,13.17,-0.149804,0.458032,0.000000,0.000000,0.221,0.200,0.047917,-0.020000,0.691850,0.230000,0.002773,-0.001661,1,0.00
2.440000,-0.231,-0.300000,-0.165000,8.586,13.17,-0.150108,0.461956,0.000000,0.000000,0.223,0.200,0.041667,-0.020000,0.764408,0.200000,0.002478,-0.025784,1,0.00
2.442000,-0.233,-0.300000,-0.165000,8.484,13.32,-0.150405,0.465954,0.000000,0.000000,0.225,0.200,0.041667,-0.020000,0.747253,0.200000,0.002452,-0.012892,1,0.00
2.444000,-0.235,-0.300000,-0.165000,8.484,13.40,-0.150697,0.469970,0.000000,0.000000,0.227,0.200,0.041667,-0.020000,0.747253,0.200000,0.002452,-0.012892,1,0.00
2.446000,-0.237,-0.300000,-0.165000,8.484,13.47,-0.150983,0.474014,0.000000,0.000000,0.229,0.200,0.041667,-0.020000,0.747253,0.200000,0.002452,-0.012892,1,0.00
2.448000,-0.239,-0.300000,-0.165000,8.484,13.53,-0.151264,0.478087,0.000000,0.000000,0.231,0.200,0.041667,-0.020000,0.747253,0.200000,0.002452,-0.012892,1,0.00
2.450000,-0.241,-0.300000,-0.165000,8.484,13.57,-0.151539,0.482189,0.000000,0.000000,0.233,0.200,0.041667,-0.020000,0.747253,0.200000,0.002452,-0.012892,1,0.00
2.452000,-0.243,-0.300000,-0.165000,8.484,13.60,-0.151808,0.486320,0.000000,0.000000,0.235,0.200,0.041667,-0.020000,0.747253,0.200000,0.002452,-0.012892,1,0.00
2.454000,-0.245,-0.300000,-0.165000,8.484,13.63,-0.152072,0.490480,0.000000,0.000000,0.237,0.200,0.041667,-0.020000,0.747253,0.200000,0.002452,-0.012892,1,0.00
2.456000,-0.247,-0.300000,-0.165000,8.484,13.65,-0.152330,0.494671,0.000000,0.000000,0.239,0.200,0.041667,-0.020000,0.747253,0.200000,0.002452,-0.012892,1,0.00
2.458000,-0.249,-0.300000,-0.165000,8.484,13.67,-0.152584,0.498891,0.000000,0.000000,0.241,0.200,0.041667,-0.020000,0.747253,0.200000,0.002452,-0.012892,1,0.00
2.460000,-0.252,-0.300000,-0.165000,9.636,13.69,-0.152832,0.503143,0.000000,0.000000,0.243,0.200,0.031250,-0.020000,0.939299,0.150000,0.001996,-0.106470,1,0.00
2.462000,-0.254,-0.300000,-0.165000,9.210,13.93,-0.153076,0.507490,0.000000,0.000000,0.245,0.200,0.031250,-0.020000,0.868406,0.150000,0.001931,-0.053235,1,0.00
2.464000,-0.256,-0.300000,-0.165000,9.210,14.13,-0.153314,0.511861,0.000000,0.000000,0.247,0.200,0.031250,-0.020000,0.868406,0.150000,0.001931,-0.053235,1,0.00
2.466000,-0.258,-0.300000,-0.165000,9.210,14.29,-0.153548,0.516257,0.000000,0.000000,0.249,0.200,0.031250,-0.020000,0.868406,0.150000,0.001931,-0.053235,1,0.00
2.468000,-0.260,-0.300000,-0.165000,9.210,14.41,-0.153777,0.520681,0.000000,0.000000,0.252,0.200,0.031250,-0.020000,0.868406,0.150000,0.001931,-0.053235,1,0.00
2.470000,-0.263,-0.300000,-0.165000,9.210,14.51,-0.154001,0.525137,0.000000,0.000000,0.254,0.200,0.031250,-0.020000,0.868406,0.150000,0.001931,-0.053235,1,0.00
2.472000,-0.265,-0.300000,-0.165000,9.210,14.60,-0.154221,0.529627,0.000000,0.000000,0.256,0.200,0.031250,-0.020000,0.868406,0.150000,0.001931,-0.053235,1,0.00
2.474000,-0.267,-0.300000,-0.165000,9.210,14.66,-0.154437,0.534157,0.000000,0.000000,0.258,0.200,0.031250,-0.020000,0.868406,0.150000,0.001931,-0.053235,1,0.00
2.476000,-0.269,-0.300000,-0.165000,9.210,14.71,-0.154648,0.538722,0.000000,0.000000,0.260,0.200,0.031250,-0.020000,0.868406,0.150000,0.001931,-0.053235,1,0.00
2.478000,-0.272,-0.300000,-0.165000,9.210,14.75,-0.154856,0.543318,0.000000,0.000000,0.263,0.200,0.031250,-0.020000,0.868406,0.150000,0.001931,-0.053235,1,0.00
2.480000,-0.274,-0.300000,-0.165000,9.322,14.79,-0.155058,0.547945,0.000000,0.000000,0.265,0.200,0.022917,-0.020000,0.887011,0.110000,0.001409,-0.026666,1,0.00
2.482000,-0.276,-0.300000,-0.165000,9.216,14.85,-0.155257,0.552618,0.000000,0.000000,0.267,0.200,0.022917,-0.020000,0.869272,0.110000,0.001379,-0.013333,1,0.00
2.484000,-0.279,-0.300000,-0.165000,9.216,14.87,-0.155452,0.557310,0.000000,0.000000,0.269,0.200,0.022917,-0.020000,0.869272,0.110000,0.001379,-0.013333,1,0.00
2.486000,-0.281,-0.300000,-0.165000,9.216,14.88,-0.155643,0.562035,0.000000,0.000000,0.272,0.200,0.022917,-0.020000,0.869272,0.110000,0.001379,-0.013333,1,0.00
2.488000,-0.283,-0.300000,-0.165000,9.216,14.89,-0.155830,0.566793,0.000000,0.000000,0.274,0.200,0.022917,-0.020000,0.869272,0.110000,0.001379,-0.013333,1,0.00
2.490000,-0.286,-0.300000,-0.165000,9.216,14.90,-0.156014,0.571585,0.000000,0.000000,0.276,0.200,0.022917,-0.020000,0.869272,0.110000,0.001379,-0.013333,1,0.00
2.492000,-0.288,-0.300000,-0.165000,9.216,14.90,-0.156194,0.576410,0.000000,0.000000,0.279,0.200,0.022917,-0.020000,0.869272,0.110000,0.001379,-0.013333,1,0.00
2.494000,-0.291,-0.300000,-0.165000,9.216,14.91,-0.156370,0.581269,0.000000,0.000000,0.281,0.200,0.022917,-0.020000,0.869272,0.110000,0.001379,-0.013333,1,0.00
2.496000,-0.293,-0.300000,-0.165000,9.216,14.91,-0.156543,0.586162,0.000000,0.000000,0.283,0.200,0.022917,-0.020000,0.869272,0.110000,0.001379,-0.013333,1,0.00
2.498000,-0.296,-0.300000,-0.165000,9.216,14.91,-0.156712,0.591090,0.000000,0.000000,0.286,0.200,0.022917,-0.020000,0.869272,0.110000,0.001379,-0.013333,1,0.00
2.500000,-0.298,-0.300000,-0.163047,9.073,14.92,-0.156878,0.596052,0.000000,0.000000,0.000,0.200,0.008333,-0.017396,0.845457,0.040000,0.000759,-0.156667,1,0.00
2.502000,-0.301,-0.300000,-0.161094,9.699,14.87,-0.157001,0.601037,0.000000,0.000000,0.000,0.200,0.008333,-0.014792,0.949777,0.040000,0.000666,-0.078333,1,0.00
2.504000,-0.303,-0.300000,-0.161094,9.699,15.04,-0.157083,0.606145,0.000000,0.000000,0.000,0.200,0.008333,-0.014792,0.949777,0.040000,0.000666,-0.078333,1,0.00
2.506000,-0.306,-0.300000,-0.161094,9.699,15.17,-0.157163,0.611286,0.000000,0.000000,0.000,0.200,0.008333,-0.014792,0.949777,0.040000,0.000666,-0.078333,1,0.00
2.508000,-0.308,-0.300000,-0.161094,9.699,15.28,-0.157242,0.616458,0.000000,0.000000,0.298,0.200,0.008333,-0.014792,0.949777,0.040000,0.000666,-0.078333,1,0.00
2.510000,-0.311,-0.300000,-0.161094,9.699,15.37,-0.157319,0.621662,0.000000,0.000000,0.301,0.200,0.008333,-0.014792,0.949777,0.040000,0.000666,-0.078333,1,0.00
2.512000,-0.313,-0.300000,-0.161094,9.699,15.44,-0.157395,0.626897,0.000000,0.000000,0.303,0.200,0.008333,-0.014792,0.949777,0.040000,0.000666,-0.078333,1,0.00
2.514000,-0.316,-0.300000,-0.161094,9.699,15.49,-0.157469,0.632163,0.000000,0.000000,0.306,0.200,0.008333,-0.014792,0.949777,0.040000,0.000666,-0.078333,1,0.00
2.516000,-0.319,-0.300000,-0.161094,9.699,15.53,-0.157541,0.637461,0.000000,0.000000,0.308,0.200,0.008333,-0.014792,0.949777,0.040000,0.000666,-0.078333,1,0.00
2.518000,-0.321,-0.300000,-0.161094,9.699,15.57,-0.157612,0.642791,0.000000,0.000000,0.311,0.200,0.008333,-0.014792,0.949777,0.040000,0.000666,-0.078333,1,0.00
2.520000,-0.324,-0.300000,-0.160840,9.787,15.60,-0.157682,0.648153,0.000000,0.000000,0.313,0.200,0.000000,-0.014453,0.964499,0.000000,0.000090,-0.026715,1,0.00
2.522000,-0.327,-0.300000,-0.162793,9.894,15.65,-0.157745,0.653562,0.000000,0.000000,0.316,0.200,0.000000,-0.017057,0.982270,0.000000,0.000060,-0.013358,1,0.00
2.524000,-0.330,-0.300000,-0.162793,9.894,15.72,-0.157846,0.659012,0.000000,0.000000,0.319,0.200,0.000000,-0.017057,0.982270,0.000000,0.000060,-0.013358,1,0.00
2.526000,-0.332,-0.300000,-0.162793,9.894,15.78,-0.157945,0.664494,0.000000,0.000000,0.321,0.200,0.000000,-0.017057,0.982270,0.000000,0.000060,-0.013358,1,0.00
2.528000,-0.335,-0.300000,-0.162793,9.894,15.83,-0.158042,0.670009,0.000000,0.000000,0.324,0.200,0.000000,-0.017057,0.982270,0.000000,0.000060,-0.013358,1,0.00
2.530000,-0.338,-0.300000,-0.162793,9.894,15.87,-0.158137,0.675557,0.000000,0.000000,0.327,0.200,0.000000,-0.017057,0.982270,0.000000,0.000060,-0.013358,1,0.00
2.532000,-0.341,-0.300000,-0.162793,9.894,15.90,-0.158230,0.681138,0.000000,0.000000,0.330,0.200,0.000000,-0.017057,0.982270,0.000000,0.000060,-0.013358,1,0.00
2.534000,-0.343,-0.300000,-0.162793,9.894,15.93,-0.158321,0.686753,0.000000,0.000000,0.332,0.200,0.000000,-0.017057,0.982270,0.000000,0.000060,-0.013358,1,0.00
2.536000,-0.346,-0.300000,-0.162793,9.894,15.95,-0.158411,0.692402,0.000000,0.000000,0.335,0.200,0.000000,-0.017057,0.982270,0.000000,0.000060,-0.013358,1,0.00
2.538000,-0.349,-0.300000,-0.162793,9.894,15.96,-0.158499,0.698085,0.000000,0.000000,0.338,0.200,0.000000,-0.017057,0.982270,0.000000,0.000060,-0.013358,1,0.00
2.540000,-0.352,-0.300000,-0.154522,8.182,15.98,-0.158585,0.703803,0.000000,0.000000,0.341,0.200,-0.014583,-0.006030,0.697030,-0.070000,-0.000561,-0.156667,1,0.00
2.542000,-0.355,-0.300000,-0.152569,8.808,15.44,-0.158503,0.709417,0.000000,0.000000,0.343,0.200,-0.014583,-0.003425,0.801351,-0.070000,-0.000654,-0.078333,1,0.00
2.544000,-0.358,-0.300000,-0.152569,8.808,15.20,-0.158385,0.715072,0.000000,0.000000,0.346,0.200,-0.014583,-0.003425,0.801351,-0.070000,-0.000654,-0.078333,1,0.00
2.546000,-0.360,-0.300000,-0.152569,8.808,15.02,-0.158269,0.720771,0.000000,0.000000,0.349,0.200,-0.014583,-0.003425,0.801351,-0.070000,-0.000654,-0.078333,1,0.00
2.548000,-0.363,-0.300000,-0.152569,8.808,14.87,-0.158155,0.726514,0.000000,0.000000,0.352,0.200,-0.014583,-0.003425,0.801351,-0.070000,-0.000654,-0.078333,1,0.00
2.550000,-0.366,-0.300000,-0.152569,8.808,14.75,-0.158043,0.732299,0.000000,0.000000,0.355,0.200,-0.014583,-0.003425,0.801351,-0.070000,-0.000654,-0.078333,1,0.00
2.552000,-0.369,-0.300000,-0.152569,8.808,14.65,-0.157934,0.738127,0.000000,0.000000,0.358,0.200,-0.014583,-0.003425,0.801351,-0.070000,-0.000654,-0.078333,1,0.00
2.554000,-0.372,-0.300000,-0.152569,8.808,14.57,-0.157826,0.743996,0.000000,0.000000,0.360,0.200,-0.014583,-0.003425,0.801351,-0.070000,-0.000654,-0.078333,1,0.00
2.556000,-0.375,-0.300000,-0.152569,8.808,14.51,-0.157721,0.749905,0.000000,0.000000,0.363,0.200,-0.014583,-0.003425,0.801351,-0.070000,-0.000654,-0.078333,1,0.00
2.558000,-0.378,-0.300000,-0.152569,8.808,14.46,-0.157618,0.755853,0.000000,0.000000,0.366,0.200,-0.014583,-0.003425,0.801351,-0.070000,-0.000654,-0.078333,1,0.00
2.560000,-0.381,-0.300000,-0.140221,8.629,14.43,-0.157517,0.761838,0.000000,0.000000,0.369,0.200,-0.027083,0.013039,0.771434,-0.130000,-0.001427,-0.039997,1,0.00
2.562000,-0.384,-0.300000,-0.141333,8.788,14.34,-0.157172,0.767871,0.000000,0.000000,0.372,0.200,-0.027083,0.011556,0.798040,-0.130000,-0.001472,-0.019998,1,0.00
2.564000,-0.387,-0.300000,-0.141333,8.788,14.32,-0.156855,0.773962,0.000000,0.000000,0.375,0.200,-0.027083,0.011556,0.798040,-0.130000,-0.001472,-0.019998,1,0.00
2.566000,-0.390,-0.300000,-0.141333,8.788,14.30,-0.156545,0.780087,0.000000,0.000000,0.378,0.200,-0.027083,0.011556,0.798040,-0.130000,-0.001472,-0.019998,1,0.00
2.568000,-0.393,-0.300000,-0.141333,8.788,14.29,-0.156240,0.786244,0.000000,0.000000,0.381,0.200,-0.027083,0.011556,0.798040,-0.130000,-0.001472,-0.019998,1,0.00
2.570000,-0.396,-0.300000,-0.141333,8.788,14.28,-0.155942,0.792434,0.000000,0.000000,0.384,0.200,-0.027083,0.011556,0.798040,-0.130000,-0.001472,-0.019998,1,0.00
2.572000,-0.399,-0.300000,-0.141333,8.788,14.27,-0.155650,0.798654,0.000000,0.000000,0.387,0.200,-0.027083,0.011556,0.798040,-0.130000,-0.001472,-0.019998,1,0.00
2.574000,-0.402,-0.300000,-0.141333,8.788,14.26,-0.155364,0.804905,0.000000,0.000000,0.390,0.200,-0.027083,0.011556,0.798040,-0.130000,-0.001472,-0.019998,1,0.00
2.576000,-0.406,-0.300000,-0.141333,8.788,14.26,-0.155083,0.811186,0.000000,0.000000,0.393,0.200,-0.027083,0.011556,0.798040,-0.130000,-0.001472,-0.019998,1,0.00
2.578000,-0.409,-0.300000,-0.141333,8.788,14.25,-0.154808,0.817497,0.000000,0.000000,0.396,0.200,-0.027083,0.011556,0.798040,-0.130000,-0.001472,-0.019998,1,0.00
2.580000,-0.412,-0.300000,-0.134375,6.355,14.25,-0.154538,0.823839,0.000000,0.000000,0.399,0.200,-0.050000,0.020833,0.392520,-0.240000,-0.002485,-0.213125,1,0.00
2.582000,-0.415,-0.300000,-0.134375,7.207,13.68,-0.154135,0.830064,0.000000,0.000000,0.402,0.200,-0.050000,0.020833,0.534428,-0.240000,-0.002617,-0.106562,1,0.00
2.584000,-0.418,-0.300000,-0.134375,7.207,13.28,-0.153740,0.836243,0.000000,0.000000,0.406,0.200,-0.050000,0.020833,0.534428,-0.240000,-0.002617,-0.106562,1,0.00
2.586000,-0.421,-0.300000,-0.134375,7.207,12.96,-0.153353,0.842440,0.000000,0.000000,0.409,0.200,-0.050000,0.020833,0.534428,-0.240000,-0.002617,-0.106562,1,0.00
2.588000,-0.424,-0.300000,-0.134375,7.207,12.70,-0.152973,0.848665,0.000000,0.000000,0.412,0.200,-0.050000,0.020833,0.534428,-0.240000,-0.002617,-0.106562,1,0.00
2.590000,-0.427,-0.300000,-0.134375,7.207,12.50,-0.152601,0.854927,0.000000,0.000000,0.415,0.200,-0.050000,0.020833,0.534428,-0.240000,-0.002617,-0.106562,1,0.00
2.592000,-0.431,-0.300000,-0.134375,7.207,12.33,-0.152237,0.861230,0.000000,0.000000,0.418,0.200,-0.050000,0.020833,0.534428,-0.240000,-0.002617,-0.106562,1,0.00
2.594000,-0.434,-0.300000,-0.134375,7.207,12.20,-0.151880,0.867573,0.000000,0.000000,0.421,0.200,-0.050000,0.020833,0.534428,-0.240000,-0.002617,-0.106562,1,0.00
2.596000,-0.437,-0.300000,-0.134375,7.207,12.09,-0.151530,0.873957,0.000000,0.000000,0.424,0.200,-0.050000,0.020833,0.534428,-0.240000,-0.002617,-0.106562,1,0.00
2.598000,-0.440,-0.300000,-0.134375,7.207,12.01,-0.151186,0.880379,0.000000,0.000000,0.427,0.200,-0.050000,0.020833,0.534428,-0.240000,-0.002617,-0.106562,1,0.00
2.600000,-0.443,-0.300000,-0.134375,7.700,11.94,-0.150850,0.886838,0.000000,0.000000,0.000,0.200,-0.056250,0.020833,0.616728,-0.270000,-0.003184,-0.014271,1,0.00
2.602000,-0.447,-0.300000,-0.134375,7.757,12.05,-0.150521,0.893419,0.000000,0.000000,0.000,0.200,-0.056250,0.020833,0.626216,-0.270000,-0.003202,-0.007135,1,0.00
2.604000,-0.450,-0.300000,-0.134375,7.757,12.15,-0.150198,0.900042,0.000000,0.000000,0.000,0.200,-0.056250,0.020833,0.626216,-0.270000,-0.003202,-0.007135,1,0.00
2.606000,-0.453,-0.300000,-0.134375,7.757,12.24,-0.149881,0.906692,0.000000,0.000000,0.000,0.200,-0.056250,0.020833,0.626216,-0.270000,-0.003202,-0.007135,1,0.00
2.608000,-0.457,-0.300000,-0.134375,7.757,12.30,-0.149571,0.913369,0.000000,0.000000,0.443,0.200,-0.056250,0.020833,0.626216,-0.270000,-0.003202,-0.007135,1,0.00
2.610000,-0.460,-0.300000,-0.134375,7.757,12.35,-0.149267,0.920074,0.000000,0.000000,0.447,0.200,-0.056250,0.020833,0.626216,-0.270000,-0.003202,-0.007135,1,0.00
2.612000,-0.463,-0.300000,-0.134375,7.757,12.40,-0.148969,0.926805,0.000000,0.000000,0.450,0.200,-0.056250,0.020833,0.626216,-0.270000,-0.003202,-0.007135,1,0.00
2.614000,-0.467,-0.300000,-0.134375,7.757,12.43,-0.148677,0.933562,0.000000,0.000000,0.453,0.200,-0.056250,0.020833,0.626216,-0.270000,-0.003202,-0.007135,1,0.00
2.616000,-0.470,-0.300000,-0.134375,7.757,12.46,-0.148391,0.940347,0.000000,0.000000,0.457,0.200,-0.056250,0.020833,0.626216,-0.270000,-0.003202,-0.007135,1,0.00
2.618000,-0.474,-0.300000,-0.134375,7.757,12.48,-0.148111,0.947158,0.000000,0.000000,0.460,0.200,-0.056250,0.020833,0.626216,-0.270000,-0.003202,-0.007135,1,0.00
2.620000,-0.477,-0.300000,-0.134375,6.477,12.50,-0.147836,0.953996,0.000000,0.000000,0.463,0.200,-0.068750,0.020833,0.412779,-0.330000,-0.003761,-0.106655,1,0.00
2.622000,-0.480,-0.300000,-0.134375,6.903,12.10,-0.147567,0.960764,0.000000,0.000000,0.467,0.200,-0.068750,0.020833,0.483794,-0.330000,-0.003827,-0.053327,1,0.00
2.624000,-0.484,-0.300000,-0.134375,6.903,11.91,-0.147303,0.967568,0.000000,0.000000,0.470,0.200,-0.068750,0.020833,0.483794,-0.330000,-0.003827,-0.053327,1,0.00
2.626000,-0.487,-0.300000,-0.134375,6.903,11.77,-0.147045,0.974400,0.000000,0.000000,0.474,0.200,-0.068750,0.020833,0.483794,-0.330000,-0.003827,-0.053327,1,0.00
2.628000,-0.491,-0.300000,-0.134375,6.903,11.65,-0.146791,0.981256,0.000000,0.000000,0.477,0.200,-0.068750,0.020833,0.483794,-0.330000,-0.003827,-0.053327,1,0.00
2.630000,-0.494,-0.300000,-0.134375,6.903,11.56,-0.146543,0.988132,0.000000,0.000000,0.480,0.200,-0.068750,0.020833,0.483794,-0.330000,-0.003827,-0.053327,1,0.00
2.632000,-0.498,-0.300000,-0.134375,6.903,11.48,-0.146300,0.995025,0.000000,0.000000,0.484,0.200,-0.068750,0.020833,0.483794,-0.330000,-0.003827,-0.053327,1,0.00
2.634000,-0.501,-0.300000,-0.134375,6.903,11.42,-0.146061,1.001934,0.000000,0.000000,0.487,0.200,-0.068750,0.020833,0.483794,-0.330000,-0.003827,-0.053327,1,0.00
2.636000,-0.504,-0.300000,-0.134375,6.903,11.37,-0.145827,1.008866,0.000000,0.000000,0.491,0.200,-0.068750,0.020833,0.483794,-0.330000,-0.003827,-0.053327,1,0.00
2.638000,-0.508,-0.300000,-0.134375,6.903,11.34,-0.145598,1.015829,0.000000,0.000000,0.494,0.200,-0.068750,0.020833,0.483794,-0.330000,-0.003827,-0.053327,1,0.00
2.640000,-0.511,-0.300000,-0.134375,6.792,11.31,-0.145374,1.022820,0.000000,0.000000,0.498,0.200,-0.077083,0.020833,0.465309,-0.370000,-0.004351,-0.026667,1,0.00
2.642000,-0.515,-0.300000,-0.134375,6.898,11.24,-0.145154,1.029819,0.000000,0.000000,0.501,0.200,-0.077083,0.020833,0.483048,-0.370000,-0.004381,-0.013333,1,0.00
2.644000,-0.518,-0.300000,-0.134375,6.898,11.23,-0.144938,1.036867,0.000000,0.000000,0.504,0.200,-0.077083,0.020833,0.483048,-0.370000,-0.004381,-0.013333,1,0.00
2.646000,-0.522,-0.300000,-0.134375,6.898,11.22,-0.144727,1.043943,0.000000,0.000000,0.508,0.200,-0.077083,0.020833,0.483048,-0.370000,-0.004381,-0.013333,1,0.00
2.648000,-0.526,-0.300000,-0.134375,6.898,11.21,-0.144520,1.051046,0.000000,0.000000,0.511,0.200,-0.077083,0.020833,0.483048,-0.370000,-0.004381,-0.013333,1,0.00
2.650000,-0.529,-0.300000,-0.134375,6.898,11.20,-0.144317,1.058173,0.000000,0.000000,0.515,0.200,-0.077083,0.020833,0.483048,-0.370000,-0.004381,-0.013333,1,0.00
2.652000,-0.533,-0.300000,-0.134375,6.898,11.20,-0.144118,1.065326,0.000000,0.000000,0.518,0.200,-0.077083,0.020833,0.483048,-0.370000,-0.004381,-0.013333,1,0.00
2.654000,-0.536,-0.300000,-0.134375,6.898,11.19,-0.143923,1.072502,0.000000,0.000000,0.522,0.200,-0.077083,0.020833,0.483048,-0.370000,-0.004381,-0.013333,1,0.00
2.656000,-0.540,-0.300000,-0.134375,6.898,11.19,-0.143732,1.079703,0.000000,0.000000,0.526,0.200,-0.077083,0.020833,0.483048,-0.370000,-0.004381,-0.013333,1,0.00
2.658000,-0.543,-0.300000,-0.134375,6.898,11.19,-0.143545,1.086926,0.000000,0.000000,0.529,0.200,-0.077083,0.020833,0.483048,-0.370000,-0.004381,-0.013333,1,0.00
2.660000,-0.547,-0.300000,-0.134375,5.667,11.18,-0.143362,1.094172,0.000000,0.000000,0.533,0.200,-0.089583,0.020833,0.277830,-0.430000,-0.004961,-0.106667,1,0.00
2.662000,-0.551,-0.300000,-0.134375,6.093,10.78,-0.143182,1.101346,0.000000,0.000000,0.536,0.200,-0.089583,0.020833,0.348853,-0.430000,-0.005027,-0.053333,1,0.00
2.664000,-0.554,-0.300000,-0.134375,6.093,10.60,-0.143006,1.108553,0.000000,0.000000,0.540,0.200,-0.089583,0.020833,0.348853,-0.430000,-0.005027,-0.053333,1,0.00
2.666000,-0.558,-0.300000,-0.134375,6.093,10.46,-0.142833,1.115783,0.000000,0.000000,0.543,0.200,-0.089583,0.020833,0.348853,-0.430000,-0.005027,-0.053333,1,0.00
2.668000,-0.562,-0.300000,-0.134375,6.093,10.34,-0.142664,1.123031,0.000000,0.000000,0.547,0.200,-0.089583,0.020833,0.348853,-0.430000,-0.005027,-0.053333,1,0.00
2.670000,-0.565,-0.300000,-0.134375,6.093,10.24,-0.142498,1.130295,0.000000,0.000000,0.551,0.200,-0.089583,0.020833,0.348853,-0.430000,-0.005027,-0.053333,1,0.00
2.672000,-0.569,-0.300000,-0.134375,6.093,10.17,-0.142336,1.137570,0.000000,0.000000,0.554,0.200,-0.089583,0.020833,0.348853,-0.430000,-0.005027,-0.053333,1,0.00
2.674000,-0.572,-0.300000,-0.134375,6.093,10.11,-0.142176,1.144856,0.000000,0.000000,0.558,0.200,-0.089583,0.020833,0.348853,-0.430000,-0.005027,-0.053333,1,0.00
2.676000,-0.576,-0.300000,-0.134375,6.093,10.06,-0.142020,1.152149,0.000000,0.000000,0.562,0.200,-0.089583,0.020833,0.348853,-0.430000,-0.005027,-0.053333,1,0.00
2.678000,-0.580,-0.300000,-0.134375,6.093,10.02,-0.141867,1.159453,0.000000,0.000000,0.565,0.200,-0.089583,0.020833,0.348853,-0.430000,-0.005027,-0.053333,1,0.00
2.680000,-0.583,-0.300000,-0.134375,6.344,9.99,-0.141718,1.166778,0.000000,0.000000,0.569,0.200,-0.093750,0.020833,0.390601,-0.450000,-0.005382,-0.001667,1,0.00
2.682000,-0.587,-0.300000,-0.134375,6.350,10.05,-0.141571,1.174176,0.000000,0.000000,0.572,0.200,-0.093750,0.020833,0.391704,-0.450000,-0.005388,-0.000833,1,0.00
2.684000,-0.591,-0.300000,-0.134375,6.350,10.10,-0.141427,1.181593,0.000000,0.000000,0.576,0.200,-0.093750,0.020833,0.391704,-0.450000,-0.005388,-0.000833,1,0.00
2.686000,-0.595,-0.300000,-0.134375,6.350,10.14,-0.141286,1.189024,0.000000,0.000000,0.580,0.200,-0.093750,0.020833,0.391704,-0.450000,-0.005388,-0.000833,1,0.00
2.688000,-0.598,-0.300000,-0.134375,6.350,10.17,-0.141147,1.196470,0.000000,0.000000,0.583,0.200,-0.093750,0.020833,0.391704,-0.450000,-0.005388,-0.000833,1,0.00
2.690000,-0.602,-0.300000,-0.134375,6.350,10.19,-0.141012,1.203928,0.000000,0.000000,0.587,0.200,-0.093750,0.020833,0.391704,-0.450000,-0.005388,-0.000833,1,0.00
2.692000,-0.606,-0.300000,-0.134375,6.350,10.21,-0.140879,1.211400,0.000000,0.000000,0.591,0.200,-0.093750,0.020833,0.391704,-0.450000,-0.005388,-0.000833,1,0.00
2.694000,-0.609,-0.300000,-0.134375,6.350,10.23,-0.140749,1.218883,0.000000,0.000000,0.595,0.200,-0.093750,0.020833,0.391704,-0.450000,-0.005388,-0.000833,1,0.00
2.696000,-0.613,-0.300000,-0.134375,6.350,10.24,-0.140622,1.226377,0.000000,0.000000,0.598,0.200,-0.093750,0.020833,0.391704,-0.450000,-0.005388,-0.000833,1,0.00
2.698000,-0.617,-0.300000,-0.134375,6.350,10.25,-0.140497,1.233883,0.000000,0.000000,0.602,0.200,-0.093750,0.020833,0.391704,-0.450000,-0.005388,-0.000833,1,0.00
2.700000,-0.621,-0.300000,-0.134375,4.188,10.26,-0.140374,1.241399,0.000000,0.000000,0.000,0.200,-0.108333,0.020833,0.031336,-0.520000,-0.005910,-0.200588,1,0.00
2.702000,-0.624,-0.300000,-0.134375,4.989,9.58,-0.140254,1.248817,0.000000,0.000000,0.000,0.200,-0.108333,0.020833,0.164915,-0.520000,-0.006020,-0.100294,1,0.00
2.704000,-0.628,-0.300000,-0.134375,4.989,9.28,-0.140137,1.256223,0.000000,0.000000,0.000,0.200,-0.108333,0.020833,0.164915,-0.520000,-0.006020,-0.100294,1,0.00
2.706000,-0.632,-0.300000,-0.134375,4.989,9.04,-0.140021,1.263649,0.000000,0.000000,0.000,0.200,-0.108333,0.020833,0.164915,-0.520000,-0.006020,-0.100294,1,0.00
2.708000,-0.636,-0.300000,-0.134375,4.989,8.85,-0.139908,1.271092,0.000000,0.000000,0.621,0.200,-0.108333,0.020833,0.164915,-0.520000,-0.006020,-0.100294,1,0.00
2.710000,-0.639,-0.300000,-0.134375,4.989,8.69,-0.139798,1.278544,0.000000,0.000000,0.624,0.200,-0.108333,0.020833,0.164915,-0.520000,-0.006020,-0.100294,1,0.00
2.712000,-0.643,-0.300000,-0.134375,4.989,8.57,-0.139689,1.286001,0.000000,0.000000,0.628,0.200,-0.108333,0.020833,0.164915,-0.520000,-0.006020,-0.100294,1,0.00
2.714000,-0.647,-0.300000,-0.134375,4.989,8.47,-0.139583,1.293458,0.000000,0.000000,0.632,0.200,-0.108333,0.020833,0.164915,-0.520000,-0.006020,-0.100294,1,0.00
2.716000,-0.650,-0.300000,-0.134375,4.989,8.40,-0.139479,1.300911,0.000000,0.000000,0.636,0.200,-0.108333,0.020833,0.164915,-0.520000,-0.006020,-0.100294,1,0.00
2.718000,-0.654,-0.300000,-0.134375,4.989,8.33,-0.139377,1.308357,0.000000,0.000000,0.639,0.200,-0.108333,0.020833,0.164915,-0.520000,-0.006020,-0.100294,1,0.00
2.720000,-0.658,-0.300000,-0.134375,5.159,8.28,-0.139277,1.315792,0.000000,0.000000,0.643,0.200,-0.116667,0.020833,0.193230,-0.560000,-0.006601,-0.038477,1,0.00
2.722000,-0.662,-0.300000,-0.134375,5.313,8.30,-0.139179,1.323229,0.000000,0.000000,0.647,0.200,-0.116667,0.020833,0.218828,-0.560000,-0.006640,-0.019239,1,0.00
2.724000,-0.665,-0.300000,-0.134375,5.313,8.36,-0.139083,1.330675,0.000000,0.000000,0.650,0.200,-0.116667,0.020833,0.218828,-0.560000,-0.006640,-0.019239,1,0.00
2.726000,-0.669,-0.300000,-0.134375,5.313,8.41,-0.138988,1.338124,0.000000,0.000000,0.654,0.200,-0.116667,0.020833,0.218828,-0.560000,-0.006640,-0.019239,1,0.00
2.728000,-0.673,-0.300000,-0.134375,5.313,8.45,-0.138896,1.345576,0.000000,0.000000,0.658,0.200,-0.116667,0.020833,0.218828,-0.560000,-0.006640,-0.019239,1,0.00
2.730000,-0.677,-0.300000,-0.134375,5.313,8.48,-0.138806,1.353029,0.000000,0.000000,0.662,0.200,-0.116667,0.020833,0.218828,-0.560000,-0.006640,-0.019239,1,0.00
2.732000,-0.680,-0.300000,-0.134375,5.313,8.51,-0.138717,1.360476,0.000000,0.000000,0.665,0.200,-0.116667,0.020833,0.218828,-0.560000,-0.006640,-0.019239,1,0.00
2.734000,-0.684,-0.300000,-0.134375,5.313,8.53,-0.138630,1.367916,0.000000,0.000000,0.669,0.200,-0.116667,0.020833,0.218828,-0.560000,-0.006640,-0.019239,1,0.00
2.736000,-0.688,-0.300000,-0.134375,5.313,8.54,-0.138545,1.375343,0.000000,0.000000,0.673,0.200,-0.116667,0.020833,0.218828,-0.560000,-0.006640,-0.019239,1,0.00
2.738000,-0.691,-0.300000,-0.134375,5.313,8.56,-0.138462,1.382758,0.000000,0.000000,0.677,0.200,-0.116667,0.020833,0.218828,-0.560000,-0.006640,-0.019239,1,0.00
2.740000,-0.695,-0.300000,-0.134375,4.691,8.57,-0.138380,1.390159,0.000000,0.000000,0.680,0.200,-0.125000,0.020833,0.115245,-0.600000,-0.007083,-0.056483,1,0.00
2.742000,-0.699,-0.300000,-0.134375,4.917,8.37,-0.138300,1.397490,0.000000,0.000000,0.684,0.200,-0.125000,0.020833,0.152849,-0.600000,-0.007122,-0.028241,1,0.00
2.744000,-0.702,-0.300000,-0.134375,4.917,8.29,-0.138221,1.404826,0.000000,0.000000,0.688,0.200,-0.125000,0.020833,0.152849,-0.600000,-0.007122,-0.028241,1,0.00
2.746000,-0.706,-0.300000,-0.134375,4.917,8.23,-0.138144,1.412149,0.000000,0.000000,0.691,0.200,-0.125000,0.020833,0.152849,-0.600000,-0.007122,-0.028241,1,0.00
2.748000,-0.710,-0.300000,-0.134375,4.917,8.17,-0.138069,1.419456,0.000000,0.000000,0.695,0.200,-0.125000,0.020833,0.152849,-0.600000,-0.007122,-0.028241,1,0.00
2.750000,-0.713,-0.300000,-0.134375,4.917,8.13,-0.137995,1.426744,0.000000,0.000000,0.699,0.200,-0.125000,0.020833,0.152849,-0.600000,-0.007122,-0.028241,1,0.00
2.752000,-0.717,-0.300000,-0.134375,4.917,8.10,-0.137923,1.434011,0.000000,0.000000,0.702,0.200,-0.125000,0.020833,0.152849,-0.600000,-0.007122,-0.028241,1,0.00
2.754000,-0.721,-0.300000,-0.134375,4.917,8.07,-0.137852,1.441256,0.000000,0.000000,0.706,0.200,-0.125000,0.020833,0.152849,-0.600000,-0.007122,-0.028241,1,0.00
2.756000,-0.724,-0.300000,-0.134375,4.917,8.05,-0.137782,1.448477,0.000000,0.000000,0.710,0.200,-0.125000,0.020833,0.152849,-0.600000,-0.007122,-0.028241,1,0.00
2.758000,-0.728,-0.300000,-0.134375,4.917,8.03,-0.137714,1.455672,0.000000,0.000000,0.713,0.200,-0.125000,0.020833,0.152849,-0.600000,-0.007122,-0.028241,1,0.00
2.760000,-0.731,-0.300000,-0.134375,4.787,8.02,-0.137647,1.462841,0.000000,0.000000,0.717,0.200,-0.131250,0.020833,0.131165,-0.630000,-0.007508,-0.014118,1,0.00
2.762000,-0.735,-0.300000,-0.134375,4.843,7.97,-0.137582,1.469971,0.000000,0.000000,0.721,0.200,-0.131250,0.020833,0.140554,-0.630000,-0.007526,-0.007059,1,0.00
# Log beendet. Einträge: 1381
