timestamp,roll_angle,steering_output,final_steer,target_speed,p_term,i_term,d_term,error,stability_factor,vision_error,vision_steer_command,vision_speed_command,vision_p_term,vision_i_term,vision_d_term,vision_active,vision_mask_coverage
0.002000,0.002,0.000169,0.000169,4.994,-0.000169,0.000000,-0.000000,0.000,0.001,0.000000,0.000000,0.000000,0.000000,0.000000,0.000000,1,0.00
0.004000,-0.001,-0.000139,-0.000139,4.994,0.000139,0.000000,0.000000,0.000,0.000,0.000000,0.000000,0.000000,0.000000,0.000000,0.000000,1,0.00
0.006000,-0.004,-0.000407,-0.000407,4.992,0.000407,0.000000,0.000000,0.000,0.001,0.000000,0.000000,0.000000,0.000000,0.000000,0.000000,1,0.00
0.008000,0.004,0.000440,0.000440,4.992,-0.000440,0.000000,-0.000000,0.000,0.001,0.000000,0.000000,0.000000,0.000000,0.000000,0.000000,1,0.00
0.010000,0.006,0.000623,0.000623,4.990,-0.000623,0.000000,-0.000000,-0.002,0.002,0.000000,0.000000,0.000000,0.000000,0.000000,0.000000,1,0.00
0.012000,-0.001,-0.000135,-0.000135,4.994,0.000135,0.000000,0.000000,0.001,0.000,0.000000,0.000000,0.000000,0.000000,0.000000,0.000000,1,0.00
0.014000,0.007,0.000656,0.000656,4.990,-0.000656,0.000000,-0.000000,0.004,0.002,0.000000,0.000000,0.000000,0.000000,0.000000,0.000000,1,0.00
0.016000,0.019,0.001864,0.001864,4.981,-0.001864,0.000000,-0.000000,-0.004,0.006,0.000000,0.000000,0.000000,0.000000,0.000000,0.000000,1,0.00
0.018000,0.012,0.001205,0.001205,4.986,-0.001205,0.000000,-0.000000,-0.006,0.004,0.000000,0.000000,0.000000,0.000000,0.000000,0.000000,1,0.00
0.020000,0.034,0.003405,0.003405,4.969,-0.003405,0.000000,-0.000000,0.001,0.011,0.000000,0.000000,0.000000,0.000000,0.000000,0.000000,1,0.00
0.022000,0.031,0.003147,0.003147,4.971,-0.003147,0.000000,-0.000000,-0.007,0.010,0.000000,0.000000,0.000000,0.000000,0.000000,0.000000,1,0.00
0.024000,0.019,0.001858,0.001858,4.981,-0.001858,0.000000,-0.000000,-0.019,0.006,0.000000,0.000000,0.000000,0.000000,0.000000,0.000000,1,0.00
0.026000,0.012,0.001183,0.001183,4.986,-0.001183,0.000000,-0.000000,-0.012,0.004,0.000000,0.000000,0.000000,0.000000,0.000000,0.000000,1,0.00
0.028000,0.025,0.002477,0.002477,4.976,-0.002477,0.000000,-0.000000,-0.034,0.008,0.000000,0.000000,0.000000,0.000000,0.000000,0.000000,1,0.00
0.030000,0.004,0.000358,0.000358,4.992,-0.000358,0.000000,0.000000,-0.031,0.001,0.000000,0.000000,0.000000,0.000000,0.000000,0.000000,1,0.00
0.032000,0.036,0.003630,0.003630,4.967,-0.003630,0.000000,-0.000000,-0.019,0.011,0.000000,0.000000,0.000000,0.000000,0.000000,0.000000,1,0.00
0.034000,0.025,0.002510,0.002510,4.976,-0.002510,0.000000,-0.000000,-0.012,0.008,0.000000,0.000000,0.000000,0.000000,0.000000,0.000000,1,0.00
0.036000,0.021,0.002105,0.002105,4.979,-0.002105,0.000000,-0.000000,-0.025,0.007,0.000000,0.000000,0.000000,0.000000,0.000000,0.000000,1,0.00
0.038000,0.041,0.004129,0.004129,4.963,-0.004129,0.000000,-0.000000,-0.004,0.013,0.000000,0.000000,0.000000,0.000000,0.000000,0.000000,1,0.00
0.040000,0.039,0.003858,0.003858,4.965,-0.003858,0.000000,-0.000000,-0.036,0.012,0.000000,0.000000,0.000000,0.000000,0.000000,0.000000,1,0.00
0.042000,0.031,0.003055,0.003055,4.971,-0.003055,0.000000,-0.000000,-0.025,0.010,0.000000,0.000000,0.000000,0.000000,0.000000,0.000000,1,0.00
0.044000,0.043,0.004252,0.004252,4.962,-0.004252,0.000000,-0.000000,-0.021,0.013,0.000000,0.000000,0.000000,0.000000,0.000000,0.000000,1,0.00
0.046000,0.053,0.005275,0.005275,4.954,-0.005275,0.000000,-0.000000,-0.041,0.016,0.000000,0.000000,0.000000,0.000000,0.000000,0.000000,1,0.00
0.048000,0.040,0.003961,0.003961,4.964,-0.003961,0.000000,-0.000000,-0.039,0.012,0.000000,0.000000,0.000000,0.000000,0.000000,0.000000,1,0.00
0.050000,0.060,0.006024,0.006024,4.948,-0.006024,0.000000,-0.000000,-0.031,0.019,0.000000,0.000000,0.000000,0.000000,0.000000,0.000000,1,0.00
0.052000,0.036,0.003552,0.003552,4.968,-0.003552,0.000000,-0.000000,-0.043,0.011,0.000000,0.000000,0.000000,0.000000,0.000000,0.000000,1,0.00
0.054000,0.036,0.003624,0.003624,4.967,-0.003624,0.000000,0.000000,-0.053,0.011,0.000000,0.000000,0.000000,0.000000,0.000000,0.000000,1,0.00
0.056000,0.053,0.005329,0.005329,4.954,-0.005329,0.000000,0.000000,-0.040,0.017,0.000000,0.000000,0.000000,0.000000,0.000000,0.000000,1,0.00
0.058000,0.084,0.008376,0.008376,4.930,-0.008376,0.000000,-0.000000,-0.060,0.026,0.000000,0.000000,0.000000,0.000000,0.000000,0.000000,1,0.00
0.060000,0.073,0.007292,0.007292,4.938,-0.007292,0.000000,-0.000000,-0.036,0.023,0.000000,0.000000,0.000000,0.000000,0.000000,0.000000,1,0.00
0.062000,0.058,0.005760,0.005760,4.950,-0.005760,0.000000,-0.000000,-0.036,0.018,0.000000,0.000000,0.000000,0.000000,0.000000,0.000000,1,0.00
0.064000,0.084,0.008389,0.008389,4.930,-0.008389,0.000000,-0.000000,-0.053,0.026,0.000000,0.000000,0.000000,0.000000,0.000000,0.000000,1,0.00
0.066000,0.051,0.005143,0.005143,4.955,-0.005143,0.000000,0.000000,-0.084,0.016,0.000000,0.000000,0.000000,0.000000,0.000000,0.000000,1,0.00
0.068000,0.063,0.006281,0.006281,4.946,-0.006281,0.000000,0.000000,-0.073,0.020,0.000000,0.000000,0.000000,0.000000,0.000000,0.000000,1,0.00
0.070000,0.087,0.008719,0.008719,4.927,-0.008719,0.000000,-0.000000,-0.058,0.027,0.000000,0.000000,0.000000,0.000000,0.000000,0.000000,1,0.00
0.072000,0.065,0.006546,0.006546,4.944,-0.006546,0.000000,-0.000000,-0.084,0.020,0.000000,0.000000,0.000000,0.000000,0.000000,0.000000,1,0.00
0.074000,0.082,0.008156,0.008156,4.932,-0.008156,0.000000,-0.000000,-0.051,0.025,0.000000,0.000000,0.000000,0.000000,0.000000,0.000000,1,0.00
0.076000,0.090,0.009015,0.009015,4.925,-0.009015,0.000000,-0.000000,-0.063,0.028,0.000000,0.000000,0.000000,0.000000,0.000000,0.000000,1,0.00
0.078000,0.105,0.010467,0.010467,4.914,-0.010467,0.000000,-0.000000,-0.087,0.033,0.000000,0.000000,0.000000,0.000000,0.000000,0.000000,1,0.00
0.080000,0.096,0.009618,0.009618,4.920,-0.009618,0.000000,-0.000000,-0.065,0.030,0.000000,0.000000,0.000000,0.000000,0.000000,0.000000,1,0.00
0.082000,0.093,0.009256,0.009256,4.923,-0.009256,0.000000,-0.000000,-0.082,0.029,0.000000,0.000000,0.000000,0.000000,0.000000,0.000000,1,0.00
0.084000,0.091,0.009062,0.009062,4.925,-0.009062,0.000000,-0.000000,-0.090,0.028,0.000000,0.000000,0.000000,0.000000,0.000000,0.000000,1,0.00
0.086000,0.088,0.008804,0.008804,4.927,-0.008804,0.000000,-0.000000,-0.105,0.028,0.000000,0.000000,0.000000,0.000000,0.000000,0.000000,1,0.00
0.088000,0.094,0.009395,0.009395,4.922,-0.009395,0.000000,0.000000,-0.096,0.029,0.000000,0.000000,0.000000,0.000000,0.000000,0.000000,1,0.00
0.090000,0.113,0.011335,0.011335,4.907,-0.011335,0.000000,-0.000000,-0.093,0.035,0.000000,0.000000,0.000000,0.000000,0.000000,0.000000,1,0.00
0.092000,0.080,0.007957,0.007957,4.933,-0.007957,0.000000,0.000000,-0.091,0.025,0.000000,0.000000,0.000000,0.000000,0.000000,0.000000,1,0.00
0.094000,0.103,0.010346,0.010346,4.915,-0.010346,0.000000,-0.000000,-0.088,0.032,0.000000,0.000000,0.000000,0.000000,0.000000,0.000000,1,0.00
0.096000,0.110,0.011029,0.011029,4.909,-0.011029,0.000000,-0.000000,-0.094,0.034,0.000000,0.000000,0.000000,0.000000,0.000000,0.000000,1,0.00
0.098000,0.093,0.009335,0.009335,4.922,-0.009335,0.000000,-0.000000,-0.113,0.029,0.000000,0.000000,0.000000,0.000000,0.000000,0.000000,1,0.00
0.100000,0.104,0.010381,0.010381,4.914,-0.010381,0.000000,-0.000000,0.000,0.032,0.000000,0.000000,0.000000,0.000000,0.000000,0.000000,1,0.00
0.102000,0.111,0.011104,0.011104,4.909,-0.011104,0.000000,-0.000000,0.000,0.035,0.000000,0.000000,0.000000,0.000000,0.000000,0.000000,1,0.00
0.104000,0.116,0.011593,0.011593,4.905,-0.011593,0.000000,-0.000000,0.000,0.036,0.000000,0.000000,0.000000,0.000000,0.000000,0.000000,1,0.00
0.106000,0.132,0.013181,0.013181,4.892,-0.013181,0.000000,-0.000000,0.000,0.041,0.000000,0.000000,0.000000,0.000000,0.000000,0.000000,1,0.00
0.108000,0.140,0.014038,0.014038,4.886,-0.014038,0.000000,-0.000000,-0.104,0.044,0.000000,0.000000,0.000000,0.000000,0.000000,0.000000,1,0.00
0.110000,0.126,0.012576,0.012576,4.897,-0.012576,0.000000,-0.000000,-0.111,0.039,0.000000,0.000000,0.000000,0.000000,0.000000,0.000000,1,0.00
0.112000,0.141,0.014056,0.014056,4.886,-0.014056,0.000000,-0.000000,-0.116,0.044,0.000000,0.000000,0.000000,0.000000,0.000000,0.000000,1,0.00
0.114000,0.132,0.013154,0.013154,4.893,-0.013154,0.000000,-0.000000,-0.132,0.041,0.000000,0.000000,0.000000,0.000000,0.000000,0.000000,1,0.00
0.116000,0.147,0.014685,0.014685,4.881,-0.014685,0.000000,-0.000000,-0.140,0.046,0.000000,0.000000,0.000000,0.000000,0.000000,0.000000,1,0.00
0.118000,0.122,0.012240,0.012240,4.900,-0.012240,0.000000,0.000000,-0.126,0.038,0.000000,0.000000,0.000000,0.000000,0.000000,0.000000,1,0.00
0.120000,0.135,0.013469,0.013469,4.890,-0.013469,0.000000,-0.000000,-0.141,0.042,0.000000,0.000000,0.000000,0.000000,0.000000,0.000000,1,0.00
0.122000,0.140,0.014025,0.014025,4.886,-0.014025,0.000000,-0.000000,-0.132,0.044,0.000000,0.000000,0.000000,0.000000,0.000000,0.000000,1,0.00
0.124000,0.151,0.015057,0.015057,4.878,-0.015057,0.000000,-0.000000,-0.147,0.047,0.000000,0.000000,0.000000,0.000000,0.000000,0.000000,1,0.00
0.126000,0.153,0.015253,0.015253,4.876,-0.015253,0.000000,-0.000000,-0.122,0.048,0.000000,0.000000,0.000000,0.000000,0.000000,0.000000,1,0.00
0.128000,0.158,0.015798,0.015798,4.872,-0.015798,0.000000,-0.000000,-0.135,0.049,0.000000,0.000000,0.000000,0.000000,0.000000,0.000000,1,0.00
0.130000,0.168,0.016757,0.016757,4.864,-0.016757,0.000000,-0.000000,-0.140,0.052,0.000000,0.000000,0.000000,0.000000,0.000000,0.000000,1,0.00
0.132000,0.158,0.015768,0.015768,4.872,-0.015768,0.000000,-0.000000,-0.151,0.049,0.000000,0.000000,0.000000,0.000000,0.000000,0.000000,1,0.00
0.134000,0.136,0.013566,0.013566,4.889,-0.013566,0.000000,0.000000,-0.153,0.042,0.000000,0.000000,0.000000,0.000000,0.000000,0.000000,1,0.00
0.136000,0.144,0.014419,0.014419,4.883,-0.014419,0.000000,0.000000,-0.158,0.045,0.000000,0.000000,0.000000,0.000000,0.000000,0.000000,1,0.00
0.138000,0.156,0.015552,0.015552,4.874,-0.015552,0.000000,0.000000,-0.168,0.049,0.000000,0.000000,0.000000,0.000000,0.000000,0.000000,1,0.00
0.140000,0.160,0.015993,0.015993,4.870,-0.015993,0.000000,0.000000,-0.158,0.050,0.000000,0.000000,0.000000,0.000000,0.000000,0.000000,1,0.00
0.142000,0.149,0.014904,0.014904,4.879,-0.014904,0.000000,0.000000,-0.136,0.047,0.000000,0.000000,0.000000,0.000000,0.000000,0.000000,1,0.00
0.144000,0.151,0.015127,0.015127,4.877,-0.015127,0.000000,-0.000000,-0.144,0.047,0.000000,0.000000,0.000000,0.000000,0.000000,0.000000,1,0.00
0.146000,0.155,0.015486,0.015486,4.874,-0.015486,0.000000,-0.000000,-0.156,0.048,0.000000,0.000000,0.000000,0.000000,0.000000,0.000000,1,0.00
0.148000,0.163,0.016310,0.016310,4.868,-0.016310,0.000000,-0.000000,-0.160,0.051,0.000000,0.000000,0.000000,0.000000,0.000000,0.000000,1,0.00
0.150000,0.165,0.016457,0.016457,4.867,-0.016457,0.000000,-0.000000,-0.149,0.051,0.000000,0.000000,0.000000,0.000000,0.000000,0.000000,1,0.00
0.152000,0.172,0.017215,0.017215,4.861,-0.017215,0.000000,-0.000000,-0.151,0.054,0.000000,0.000000,0.000000,0.000000,0.000000,0.000000,1,0.00
0.154000,0.135,0.013509,0.013509,4.890,-0.013509,0.000000,0.000000,-0.155,0.042,0.000000,0.000000,0.000000,0.000000,0.000000,0.000000,1,0.00
0.156000,0.178,0.017843,0.017843,4.856,-0.017843,0.000000,-0.000000,-0.163,0.056,0.000000,0.000000,0.000000,0.000000,0.000000,0.000000,1,0.00
0.158000,0.181,0.018058,0.018058,4.854,-0.018058,0.000000,-0.000000,-0.165,0.056,0.000000,0.000000,0.000000,0.000000,0.000000,0.000000,1,0.00
0.160000,0.172,0.017153,0.017153,4.861,-0.017153,0.000000,-0.000000,-0.172,0.054,0.000000,0.000000,0.000000,0.000000,0.000000,0.000000,1,0.00
0.162000,0.162,0.016231,0.016231,4.869,-0.016231,0.000000,0.000000,-0.135,0.051,0.000000,0.000000,0.000000,0.000000,0.000000,0.000000,1,0.00
0.164000,0.174,0.017436,0.017436,4.859,-0.017436,0.000000,-0.000000,-0.178,0.054,0.000000,0.000000,0.000000,0.000000,0.000000,0.000000,1,0.00
0.166000,0.187,0.018730,0.018730,4.849,-0.018730,0.000000,0.000000,-0.181,0.059,0.000000,0.000000,0.000000,0.000000,0.000000,0.000000,1,0.00
0.168000,0.187,0.018689,0.018689,4.849,-0.018689,0.000000,0.000000,-0.172,0.058,0.000000,0.000000,0.000000,0.000000,0.000000,0.000000,1,0.00
0.170000,0.181,0.018106,0.018106,4.854,-0.018106,0.000000,-0.000000,-0.162,0.057,0.000000,0.000000,0.000000,0.000000,0.000000,0.000000,1,0.00
0.172000,0.158,0.015770,0.015770,4.872,-0.015770,0.000000,0.000000,-0.174,0.049,0.000000,0.000000,0.000000,0.000000,0.000000,0.000000,1,0.00
0.174000,0.204,0.020428,0.020428,4.836,-0.020428,0.000000,-0.000000,-0.187,0.064,0.000000,0.000000,0.000000,0.000000,0.000000,0.000000,1,0.00
0.176000,0.177,0.017745,0.017745,4.857,-0.017745,0.000000,0.000000,-0.187,0.055,0.000000,0.000000,0.000000,0.000000,0.000000,0.000000,1,0.00
0.178000,0.188,0.018826,0.018826,4.848,-0.018826,0.000000,-0.000000,-0.181,0.059,0.000000,0.000000,0.000000,0.000000,0.000000,0.000000,1,0.00
0.180000,0.192,0.019196,0.019196,4.845,-0.019196,0.000000,-0.000000,-0.158,0.060,0.000000,0.000000,0.000000,0.000000,0.000000,0.000000,1,0.00
0.182000,0.179,0.017897,0.017897,4.856,-0.017897,0.000000,-0.000000,-0.204,0.056,0.000000,0.000000,0.000000,0.000000,0.000000,0.000000,1,0.00
0.184000,0.188,0.018778,0.018778,4.849,-0.018778,0.000000,0.000000,-0.177,0.059,0.000000,0.000000,0.000000,0.000000,0.000000,0.000000,1,0.00
0.186000,0.183,0.018275,0.018275,4.853,-0.018275,0.000000,-0.000000,-0.188,0.057,0.000000,0.000000,0.000000,0.000000,0.000000,0.000000,1,0.00
0.188000,0.179,0.017930,0.017930,4.855,-0.017930,0.000000,0.000000,-0.192,0.056,0.000000,0.000000,0.000000,0.000000,0.000000,0.000000,1,0.00
0.190000,0.195,0.019523,0.019523,4.843,-0.019523,0.000000,-0.000000,-0.179,0.061,0.000000,0.000000,0.000000,0.000000,0.000000,0.000000,1,0.00
0.192000,0.210,0.020969,0.020969,4.832,-0.020969,0.000000,-0.000000,-0.188,0.066,0.000000,0.000000,0.000000,0.000000,0.000000,0.000000,1,0.00
0.194000,0.198,0.019845,0.019845,4.840,-0.019845,0.000000,-0.000000,-0.183,0.062,0.000000,0.000000,0.000000,0.000000,0.000000,0.000000,1,0.00
0.196000,0.201,0.020124,0.020124,4.838,-0.020124,0.000000,-0.000000,-0.179,0.063,0.000000,0.000000,0.000000,0.000000,0.000000,0.000000,1,0.00
0.198000,0.193,0.019297,0.019297,4.845,-0.019297,0.000000,-0.000000,-0.195,0.060,0.000000,0.000000,0.000000,0.000000,0.000000,0.000000,1,0.00
0.200000,0.202,0.020228,0.020228,4.837,-0.020228,0.000000,-0.000000,0.000,0.063,0.000000,0.000000,0.000000,0.000000,0.000000,0.000000,0,0.00
0.202000,0.198,0.019753,0.019753,4.841,-0.019753,0.000000,0.000000,0.000,0.062,0.000000,0.000000,0.000000,0.000000,0.000000,0.000000,0,0.00
0.204000,0.206,0.020610,0.020610,4.834,-0.020610,0.000000,-0.000000,0.000,0.064,0.000000,0.000000,0.000000,0.000000,0.000000,0.000000,0,0.00
0.206000,0.200,0.019952,0.019952,4.840,-0.019952,0.000000,0.000000,0.000,0.062,0.000000,0.000000,0.000000,0.000000,0.000000,0.000000,0,0.00
0.208000,0.213,0.021257,0.021257,4.829,-0.021257,0.000000,-0.000000,-0.202,0.066,0.000000,0.000000,0.000000,0.000000,0.000000,0.000000,0,0.00
0.210000,0.222,0.022218,0.022218,4.822,-0.022218,0.000000,-0.000000,-0.198,0.069,0.000000,0.000000,0.000000,0.000000,0.000000,0.000000,0,0.00
0.212000,0.197,0.019652,0.019652,4.842,-0.019652,0.000000,0.000000,-0.206,0.061,0.000000,0.000000,0.000000,0.000000,0.000000,0.000000,0,0.00
0.214000,0.201,0.020124,0.020124,4.838,-0.020124,0.000000,0.000000,-0.200,0.063,0.000000,0.000000,0.000000,0.000000,0.000000,0.000000,0,0.00
0.216000,0.220,0.021985,0.021985,4.824,-0.021985,0.000000,-0.000000,-0.213,0.069,0.000000,0.000000,0.000000,0.000000,0.000000,0.000000,0,0.00
0.218000,0.204,0.020406,0.020406,4.836,-0.020406,0.000000,-0.000000,-0.222,0.064,0.000000,0.000000,0.000000,0.000000,0.000000,0.000000,0,0.00
0.220000,0.213,0.021282,0.021282,4.829,-0.021282,0.000000,-0.000000,-0.197,0.067,0.000000,0.000000,0.000000,0.000000,0.000000,0.000000,0,0.00
0.222000,0.215,0.021530,0.021530,4.827,-0.021530,0.000000,-0.000000,-0.201,0.067,0.000000,0.000000,0.000000,0.000000,0.000000,0.000000,0,0.00
0.224000,0.219,0.021906,0.021906,4.824,-0.021906,0.000000,-0.000000,-0.220,0.068,0.000000,0.000000,0.000000,0.000000,0.000000,0.000000,0,0.00
0.226000,0.234,0.023400,0.023400,4.813,-0.023400,0.000000,-0.000000,-0.204,0.073,0.000000,0.000000,0.000000,0.000000,0.000000,0.000000,0,0.00
0.228000,0.230,0.023018,0.023018,4.816,-0.023018,0.000000,-0.000000,-0.213,0.072,0.000000,0.000000,0.000000,0.000000,0.000000,0.000000,0,0.00
0.230000,0.233,0.023306,0.023306,4.813,-0.023306,0.000000,-0.000000,-0.215,0.073,0.000000,0.000000,0.000000,0.000000,0.000000,0.000000,0,0.00
0.232000,0.224,0.022375,0.022375,4.821,-0.022375,0.000000,-0.000000,-0.219,0.070,0.000000,0.000000,0.000000,0.000000,0.000000,0.000000,0,0.00
0.234000,0.224,0.022439,0.022439,4.820,-0.022439,0.000000,-0.000000,-0.234,0.070,0.000000,0.000000,0.000000,0.000000,0.000000,0.000000,0,0.00
0.236000,0.207,0.020666,0.020666,4.834,-0.020666,0.000000,0.000000,-0.230,0.065,0.000000,0.000000,0.000000,0.000000,0.000000,0.000000,0,0.00
0.238000,0.225,0.022523,0.022523,4.819,-0.022523,0.000000,0.000000,-0.233,0.070,0.000000,0.000000,0.000000,0.000000,0.000000,0.000000,0,0.00
0.240000,0.213,0.021336,0.021336,4.829,-0.021336,0.000000,0.000000,-0.224,0.067,0.000000,0.000000,0.000000,0.000000,0.000000,0.000000,0,0.00
0.242000,0.236,0.023554,0.023554,4.811,-0.023554,0.000000,-0.000000,-0.224,0.074,0.000000,0.000000,0.000000,0.000000,0.000000,0.000000,0,0.00
0.244000,0.225,0.022508,0.022508,4.820,-0.022508,0.000000,0.000000,-0.207,0.070,0.000000,0.000000,0.000000,0.000000,0.000000,0.000000,0,0.00
0.246000,0.236,0.023572,0.023572,4.811,-0.023572,0.000000,-0.000000,-0.225,0.074,0.000000,0.000000,0.000000,0.000000,0.000000,0.000000,0,0.00
0.248000,0.234,0.023398,0.023398,4.813,-0.023398,0.000000,-0.000000,-0.213,0.073,0.000000,0.000000,0.000000,0.000000,0.000000,0.000000,0,0.00
0.250000,0.204,0.020411,0.020411,4.836,-0.020411,0.000000,0.000000,-0.236,0.064,0.000000,0.000000,0.000000,0.000000,0.000000,0.000000,0,0.00
0.252000,0.246,0.024623,0.024623,4.803,-0.024623,0.000000,0.000000,-0.225,0.077,0.000000,0.000000,0.000000,0.000000,0.000000,0.000000,0,0.00
0.254000,0.237,0.023657,0.023657,4.811,-0.023657,0.000000,-0.000000,-0.236,0.074,0.000000,0.000000,0.000000,0.000000,0.000000,0.000000,0,0.00
0.256000,0.217,0.021703,0.021703,4.826,-0.021703,0.000000,0.000000,-0.234,0.068,0.000000,0.000000,0.000000,0.000000,0.000000,0.000000,0,0.00
0.258000,0.252,0.025242,0.025242,4.798,-0.025242,0.000000,-0.000000,-0.204,0.079,0.000000,0.000000,0.000000,0.000000,0.000000,0.000000,0,0.00
0.260000,0.233,0.023280,0.023280,4.814,-0.023280,0.000000,-0.000000,-0.246,0.073,0.000000,0.000000,0.000000,0.000000,0.000000,0.000000,0,0.00
0.262000,0.253,0.025349,0.025349,4.797,-0.025349,0.000000,0.000000,-0.237,0.079,0.000000,0.000000,0.000000,0.000000,0.000000,0.000000,0,0.00
0.264000,0.241,0.024136,0.024136,4.807,-0.024136,0.000000,0.000000,-0.217,0.075,0.000000,0.000000,0.000000,0.000000,0.000000,0.000000,0,0.00
0.266000,0.241,0.024067,0.024067,4.807,-0.024067,0.000000,-0.000000,-0.252,0.075,0.000000,0.000000,0.000000,0.000000,0.000000,0.000000,0,0.00
0.268000,0.242,0.024203,0.024203,4.806,-0.024203,0.000000,0.000000,-0.233,0.076,0.000000,0.000000,0.000000,0.000000,0.000000,0.000000,0,0.00
0.270000,0.250,0.024992,0.024992,4.800,-0.024992,0.000000,-0.000000,-0.253,0.078,0.000000,0.000000,0.000000,0.000000,0.000000,0.000000,0,0.00
0.272000,0.241,0.024128,0.024128,4.807,-0.024128,0.000000,0.000000,-0.241,0.075,0.000000,0.000000,0.000000,0.000000,0.000000,0.000000,0,0.00
0.274000,0.236,0.023597,0.023597,4.811,-0.023597,0.000000,0.000000,-0.241,0.074,0.000000,0.000000,0.000000,0.000000,0.000000,0.000000,0,0.00
0.276000,0.257,0.025719,0.025719,4.795,-0.025719,0.000000,-0.000000,-0.242,0.080,0.000000,0.000000,0.000000,0.000000,0.000000,0.000000,0,0.00
0.278000,0.244,0.024425,0.024425,4.805,-0.024425,0.000000,0.000000,-0.250,0.076,0.000000,0.000000,0.000000,0.000000,0.000000,0.000000,0,0.00
0.280000,0.257,0.025680,0.025680,4.795,-0.025680,0.000000,-0.000000,-0.241,0.080,0.000000,0.000000,0.000000,0.000000,0.000000,0.000000,0,0.00
0.282000,0.257,0.025743,0.025743,4.794,-0.025743,0.000000,-0.000000,-0.236,0.080,0.000000,0.000000,0.000000,0.000000,0.000000,0.000000,0,0.00
0.284000,0.257,0.025656,0.025656,4.795,-0.025656,0.000000,-0.000000,-0.257,0.080,0.000000,0.000000,0.000000,0.000000,0.000000,0.000000,0,0.00
0.286000,0.257,0.025708,0.025708,4.795,-0.025708,0.000000,-0.000000,-0.244,0.080,0.000000,0.000000,0.000000,0.000000,0.000000,0.000000,0,0.00
0.288000,0.284,0.028399,0.028399,4.774,-0.028399,0.000000,-0.000000,-0.257,0.089,0.000000,0.000000,0.000000,0.000000,0.000000,0.000000,0,0.00
0.290000,0.255,0.025514,0.025514,4.796,-0.025514,0.000000,-0.000000,-0.257,0.080,0.000000,0.000000,0.000000,0.000000,0.000000,0.000000,0,0.00
0.292000,0.257,0.025735,0.025735,4.794,-0.025735,0.000000,-0.000000,-0.257,0.080,0.000000,0.000000,0.000000,0.000000,0.000000,0.000000,0,0.00
0.294000,0.255,0.025484,0.025484,4.796,-0.025484,0.000000,-0.000000,-0.257,0.080,0.000000,0.000000,0.000000,0.000000,0.000000,0.000000,0,0.00
0.296000,0.238,0.023772,0.023772,4.810,-0.023772,0.000000,0.000000,-0.284,0.074,0.000000,0.000000,0.000000,0.000000,0.000000,0.000000,0,0.00
0.298000,0.261,0.026071,0.026071,4.792,-0.026071,0.000000,0.000000,-0.255,0.081,0.000000,0.000000,0.000000,0.000000,0.000000,0.000000,0,0.00
0.300000,0.269,0.026933,0.026933,4.785,-0.026933,0.000000,-0.000000,0.000,0.084,0.000000,0.000000,0.000000,0.000000,0.000000,0.000000,0,0.00
0.302000,0.275,0.027489,0.027489,4.781,-0.027489,0.000000,-0.000000,0.000,0.086,0.000000,0.000000,0.000000,0.000000,0.000000,0.000000,0,0.00
0.304000,0.284,0.028401,0.028401,4.774,-0.028401,0.000000,-0.000000,0.000,0.089,0.000000,0.000000,0.000000,0.000000,0.000000,0.000000,0,0.00
0.306000,0.272,0.027220,0.027220,4.783,-0.027220,0.000000,0.000000,0.000,0.085,0.000000,0.000000,0.000000,0.000000,0.000000,0.000000,0,0.00
0.308000,0.271,0.027104,0.027104,4.784,-0.027104,0.000000,0.000000,-0.269,0.085,0.000000,0.000000,0.000000,0.000000,0.000000,0.000000,0,0.00
0.310000,0.266,0.026600,0.026600,4.788,-0.026600,0.000000,0.000000,-0.275,0.083,0.000000,0.000000,0.000000,0.000000,0.000000,0.000000,0,0.00
0.312000,0.278,0.027841,0.027841,4.778,-0.027841,0.000000,0.000000,-0.284,0.087,0.000000,0.000000,0.000000,0.000000,0.000000,0.000000,0,0.00
0.314000,0.269,0.026941,0.026941,4.785,-0.026941,0.000000,0.000000,-0.272,0.084,0.000000,0.000000,0.000000,0.000000,0.000000,0.000000,0,0.00
0.316000,0.266,0.026589,0.026589,4.788,-0.026589,0.000000,0.000000,-0.271,0.083,0.000000,0.000000,0.000000,0.000000,0.000000,0.000000,0,0.00
0.318000,0.278,0.027814,0.027814,4.778,-0.027814,0.000000,-0.000000,-0.266,0.087,0.000000,0.000000,0.000000,0.000000,0.000000,0.000000,0,0.00
0.320000,0.279,0.027929,0.027929,4.777,-0.027929,0.000000,-0.000000,-0.278,0.087,0.000000,0.000000,0.000000,0.000000,0.000000,0.000000,0,0.00
0.322000,0.274,0.027366,0.027366,4.782,-0.027366,0.000000,0.000000,-0.269,0.086,0.000000,0.000000,0.000000,0.000000,0.000000,0.000000,0,0.00
0.324000,0.269,0.026926,0.026926,4.785,-0.026926,0.000000,-0.000000,-0.266,0.084,0.000000,0.000000,0.000000,0.000000,0.000000,0.000000,0,0.00
0.326000,0.268,0.026837,0.026837,4.786,-0.026837,0.000000,-0.000000,-0.278,0.084,0.000000,0.000000,0.000000,0.000000,0.000000,0.000000,0,0.00
0.328000,0.291,0.029075,0.029075,4.768,-0.029075,0.000000,-0.000000,-0.279,0.091,0.000000,0.000000,0.000000,0.000000,0.000000,0.000000,0,0.00
0.330000,0.261,0.026091,0.026091,4.792,-0.026091,0.000000,0.000000,-0.274,0.082,0.000000,0.000000,0.000000,0.000000,0.000000,0.000000,0,0.00
0.332000,0.292,0.029168,0.029168,4.768,-0.029168,0.000000,-0.000000,-0.269,0.091,0.000000,0.000000,0.000000,0.000000,0.000000,0.000000,0,0.00
0.334000,0.277,0.027656,0.027656,4.779,-0.027656,0.000000,-0.000000,-0.268,0.086,0.000000,0.000000,0.000000,0.000000,0.000000,0.000000,0,0.00
0.336000,0.288,0.028777,0.028777,4.771,-0.028777,0.000000,-0.000000,-0.291,0.090,0.000000,0.000000,0.000000,0.000000,0.000000,0.000000,0,0.00
0.338000,0.279,0.027880,0.027880,4.778,-0.027880,0.000000,-0.000000,-0.261,0.087,0.000000,0.000000,0.000000,0.000000,0.000000,0.000000,0,0.00
0.340000,0.265,0.026486,0.026486,4.789,-0.026486,0.000000,-0.000000,-0.292,0.083,0.000000,0.000000,0.000000,0.000000,0.000000,0.000000,0,0.00
0.342000,0.274,0.027380,0.027380,4.782,-0.027380,0.000000,-0.000000,-0.277,0.086,0.000000,0.000000,0.000000,0.000000,0.000000,0.000000,0,0.00
0.344000,0.275,0.027470,0.027470,4.781,-0.027470,0.000000,-0.000000,-0.288,0.086,0.000000,0.000000,0.000000,0.000000,0.000000,0.000000,0,0.00
0.346000,0.276,0.027610,0.027610,4.780,-0.027610,0.000000,-0.000000,-0.279,0.086,0.000000,0.000000,0.000000,0.000000,0.000000,0.000000,0,0.00
0.348000,0.289,0.028875,0.028875,4.770,-0.028875,0.000000,-0.000000,-0.265,0.090,0.000000,0.000000,0.000000,0.000000,0.000000,0.000000,0,0.00
0.350000,0.282,0.028180,0.028180,4.775,-0.028180,0.000000,-0.000000,-0.274,0.088,0.000000,0.000000,0.000000,0.000000,0.000000,0.000000,0,0.00
0.352000,0.272,0.027180,0.027180,4.783,-0.027180,0.000000,-0.000000,-0.275,0.085,0.000000,0.000000,0.000000,0.000000,0.000000,0.000000,0,0.00
0.354000,0.312,0.031223,0.031223,4.752,-0.031223,0.000000,-0.000000,-0.276,0.098,0.000000,0.000000,0.000000,0.000000,0.000000,0.000000,0,0.00
0.356000,0.280,0.027989,0.027989,4.777,-0.027989,0.000000,-0.000000,-0.289,0.087,0.000000,0.000000,0.000000,0.000000,0.000000,0.000000,0,0.00
0.358000,0.304,0.030428,0.030428,4.758,-0.030428,0.000000,-0.000000,-0.282,0.095,0.000000,0.000000,0.000000,0.000000,0.000000,0.000000,0,0.00
0.360000,0.297,0.029702,0.029702,4.763,-0.029702,0.000000,-0.000000,-0.272,0.093,0.000000,0.000000,0.000000,0.000000,0.000000,0.000000,0,0.00
0.362000,0.303,0.030342,0.030342,4.758,-0.030342,0.000000,-0.000000,-0.312,0.095,0.000000,0.000000,0.000000,0.000000,0.000000,0.000000,0,0.00
0.364000,0.278,0.027765,0.027765,4.779,-0.027765,0.000000,0.000000,-0.280,0.087,0.000000,0.000000,0.000000,0.000000,0.000000,0.000000,0,0.00
0.366000,0.291,0.029105,0.029105,4.768,-0.029105,0.000000,-0.000000,-0.304,0.091,0.000000,0.000000,0.000000,0.000000,0.000000,0.000000,0,0.00
0.368000,0.296,0.029587,0.029587,4.764,-0.029587,0.000000,-0.000000,-0.297,0.092,0.000000,0.000000,0.000000,0.000000,0.000000,0.000000,0,0.00
0.370000,0.276,0.027567,0.027567,4.780,-0.027567,0.000000,0.000000,-0.303,0.086,0.000000,0.000000,0.000000,0.000000,0.000000,0.000000,0,0.00
0.372000,0.299,0.029921,0.029921,4.762,-0.029921,0.000000,0.000000,-0.278,0.094,0.000000,0.000000,0.000000,0.000000,0.000000,0.000000,0,0.00
0.374000,0.290,0.029003,0.029003,4.769,-0.029003,0.000000,0.000000,-0.291,0.091,0.000000,0.000000,0.000000,0.000000,0.000000,0.000000,0,0.00
0.376000,0.264,0.026390,0.026390,4.789,-0.026390,0.000000,0.000000,-0.296,0.082,0.000000,0.000000,0.000000,0.000000,0.000000,0.000000,0,0.00
0.378000,0.287,0.028659,0.028659,4.772,-0.028659,0.000000,0.000000,-0.276,0.090,0.000000,0.000000,0.000000,0.000000,0.000000,0.000000,0,0.00
0.380000,0.296,0.029552,0.029552,4.765,-0.029552,0.000000,-0.000000,-0.299,0.092,0.000000,0.000000,0.000000,0.000000,0.000000,0.000000,0,0.00
0.382000,0.288,0.028837,0.028837,4.770,-0.028837,0.000000,-0.000000,-0.290,0.090,0.000000,0.000000,0.000000,0.000000,0.000000,0.000000,0,0.00
0.384000,0.308,0.030770,0.030770,4.755,-0.030770,0.000000,-0.000000,-0.264,0.096,0.000000,0.000000,0.000000,0.000000,0.000000,0.000000,0,0.00
0.386000,0.311,0.031067,0.031067,4.753,-0.031067,0.000000,-0.000000,-0.287,0.097,0.000000,0.000000,0.000000,0.000000,0.000000,0.000000,0,0.00
0.388000,0.306,0.030634,0.030634,4.756,-0.030634,0.000000,-0.000000,-0.296,0.096,0.000000,0.000000,0.000000,0.000000,0.000000,0.000000,0,0.00
0.390000,0.302,0.030169,0.030169,4.760,-0.030169,0.000000,0.000000,-0.288,0.094,0.000000,0.000000,0.000000,0.000000,0.000000,0.000000,0,0.00
0.392000,0.301,0.030086,0.030086,4.760,-0.030086,0.000000,0.000000,-0.308,0.094,0.000000,0.000000,0.000000,0.000000,0.000000,0.000000,0,0.00
0.394000,0.297,0.029724,0.029724,4.763,-0.029724,0.000000,0.000000,-0.311,0.093,0.000000,0.000000,0.000000,0.000000,0.000000,0.000000,0,0.00
0.396000,0.315,0.031504,0.031504,4.749,-0.031504,0.000000,0.000000,-0.306,0.098,0.000000,0.000000,0.000000,0.000000,0.000000,0.000000,0,0.00
0.398000,0.291,0.029069,0.029069,4.768,-0.029069,0.000000,0.000000,-0.302,0.091,0.000000,0.000000,0.000000,0.000000,0.000000,0.000000,0,0.00
0.400000,0.293,0.029337,0.029337,4.766,-0.029337,0.000000,-0.000000,0.000,0.092,0.000000,0.000000,0.000000,0.000000,0.000000,0.000000,0,0.00
0.402000,0.286,0.028592,0.028592,4.772,-0.028592,0.000000,0.000000,0.000,0.089,0.000000,0.000000,0.000000,0.000000,0.000000,0.000000,0,0.00
0.404000,0.303,0.030327,0.030327,4.759,-0.030327,0.000000,-0.000000,0.000,0.095,0.000000,0.000000,0.000000,0.000000,0.000000,0.000000,0,0.00
0.406000,0.289,0.028920,0.028920,4.770,-0.028920,0.000000,0.000000,0.000,0.090,0.000000,0.000000,0.000000,0.000000,0.000000,0.000000,0,0.00
0.408000,0.276,0.027586,0.027586,4.780,-0.027586,0.000000,0.000000,-0.293,0.086,0.000000,0.000000,0.000000,0.000000,0.000000,0.000000,0,0.00
0.410000,0.292,0.029161,0.029161,4.768,-0.029161,0.000000,0.000000,-0.286,0.091,0.000000,0.000000,0.000000,0.000000,0.000000,0.000000,0,0.00
0.412000,0.291,0.029133,0.029133,4.768,-0.029133,0.000000,0.000000,-0.303,0.091,0.000000,0.000000,0.000000,0.000000,0.000000,0.000000,0,0.00
0.414000,0.282,0.028204,0.028204,4.775,-0.028204,0.000000,0.000000,-0.289,0.088,0.000000,0.000000,0.000000,0.000000,0.000000,0.000000,0,0.00
0.416000,0.285,0.028512,0.028512,4.773,-0.028512,0.000000,-0.000000,-0.276,0.089,0.000000,0.000000,0.000000,0.000000,0.000000,0.000000,0,0.00
0.418000,0.272,0.027242,0.027242,4.783,-0.027242,0.000000,-0.000000,-0.292,0.085,0.000000,0.000000,0.000000,0.000000,0.000000,0.000000,0,0.00
0.420000,0.297,0.029703,0.029703,4.763,-0.029703,0.000000,-0.000000,-0.291,0.093,0.000000,0.000000,0.000000,0.000000,0.000000,0.000000,0,0.00
0.422000,0.302,0.030152,0.030152,4.760,-0.030152,0.000000,-0.000000,-0.282,0.094,0.000000,0.000000,0.000000,0.000000,0.000000,0.000000,0,0.00
0.424000,0.310,0.030967,0.030967,4.754,-0.030967,0.000000,-0.000000,-0.285,0.097,0.000000,0.000000,0.000000,0.000000,0.000000,0.000000,0,0.00
0.426000,0.270,0.026999,0.026999,4.785,-0.026999,0.000000,0.000000,-0.272,0.084,0.000000,0.000000,0.000000,0.000000,0.000000,0.000000,0,0.00
0.428000,0.299,0.029890,0.029890,4.762,-0.029890,0.000000,-0.000000,-0.297,0.093,0.000000,0.000000,0.000000,0.000000,0.000000,0.000000,0,0.00
0.430000,0.285,0.028538,0.028538,4.773,-0.028538,0.000000,0.000000,-0.302,0.089,0.000000,0.000000,0.000000,0.000000,0.000000,0.000000,0,0.00
0.432000,0.297,0.029708,0.029708,4.763,-0.029708,0.000000,0.000000,-0.310,0.093,0.000000,0.000000,0.000000,0.000000,0.000000,0.000000,0,0.00
0.434000,0.297,0.029705,0.029705,4.763,-0.029705,0.000000,0.000000,-0.270,0.093,0.000000,0.000000,0.000000,0.000000,0.000000,0.000000,0,0.00
0.436000,0.295,0.029477,0.029477,4.765,-0.029477,0.000000,-0.000000,-0.299,0.092,0.000000,0.000000,0.000000,0.000000,0.000000,0.000000,0,0.00
0.438000,0.286,0.028631,0.028631,4.772,-0.028631,0.000000,0.000000,-0.285,0.089,0.000000,0.000000,0.000000,0.000000,0.000000,0.000000,0,0.00
0.440000,0.304,0.030350,0.030350,4.758,-0.030350,0.000000,-0.000000,-0.297,0.095,0.000000,0.000000,0.000000,0.000000,0.000000,0.000000,0,0.00
0.442000,0.299,0.029929,0.029929,4.762,-0.029929,0.000000,-0.000000,-0.297,0.094,0.000000,0.000000,0.000000,0.000000,0.000000,0.000000,0,0.00
0.444000,0.303,0.030328,0.030328,4.759,-0.030328,0.000000,-0.000000,-0.295,0.095,0.000000,0.000000,0.000000,0.000000,0.000000,0.000000,0,0.00
0.446000,0.282,0.028233,0.028233,4.775,-0.028233,0.000000,0.000000,-0.286,0.088,0.000000,0.000000,0.000000,0.000000,0.000000,0.000000,0,0.00
0.448000,0.289,0.028880,0.028880,4.770,-0.028880,0.000000,0.000000,-0.304,0.090,0.000000,0.000000,0.000000,0.000000,0.000000,0.000000,0,0.00
0.450000,0.270,0.026959,0.026959,4.785,-0.026959,0.000000,0.000000,-0.299,0.084,0.000000,0.000000,0.000000,0.000000,0.000000,0.000000,0,0.00
0.452000,0.285,0.028522,0.028522,4.773,-0.028522,0.000000,0.000000,-0.303,0.089,0.000000,0.000000,0.000000,0.000000,0.000000,0.000000,0,0.00
0.454000,0.292,0.029236,0.029236,4.767,-0.029236,0.000000,0.000000,-0.282,0.091,0.000000,0.000000,0.000000,0.000000,0.000000,0.000000,0,0.00
0.456000,0.298,0.029802,0.029802,4.763,-0.029802,0.000000,-0.000000,-0.289,0.093,0.000000,0.000000,0.000000,0.000000,0.000000,0.000000,0,0.00
0.458000,0.262,0.026214,0.026214,4.791,-0.026214,0.000000,0.000000,-0.270,0.082,0.000000,0.000000,0.000000,0.000000,0.000000,0.000000,0,0.00
0.460000,0.279,0.027879,0.027879,4.778,-0.027879,0.000000,-0.000000,-0.285,0.087,0.000000,0.000000,0.000000,0.000000,0.000000,0.000000,0,0.00
0.462000,0.304,0.030403,0.030403,4.758,-0.030403,0.000000,-0.000000,-0.292,0.095,0.000000,0.000000,0.000000,0.000000,0.000000,0.000000,0,0.00
0.464000,0.300,0.030045,0.030045,4.761,-0.030045,0.000000,-0.000000,-0.298,0.094,0.000000,0.000000,0.000000,0.000000,0.000000,0.000000,0,0.00
0.466000,0.257,0.025710,0.025710,4.795,-0.025710,0.000000,0.000000,-0.262,0.080,0.000000,0.000000,0.000000,0.000000,0.000000,0.000000,0,0.00
0.468000,0.262,0.026154,0.026154,4.791,-0.026154,0.000000,-0.000000,-0.279,0.082,0.000000,0.000000,0.000000,0.000000,0.000000,0.000000,0,0.00
0.470000,0.300,0.029953,0.029953,4.761,-0.029953,0.000000,-0.000000,-0.304,0.094,0.000000,0.000000,0.000000,0.000000,0.000000,0.000000,0,0.00
0.472000,0.289,0.028870,0.028870,4.770,-0.028870,0.000000,0.000000,-0.300,0.090,0.000000,0.000000,0.000000,0.000000,0.000000,0.000000,0,0.00
0.474000,0.278,0.027840,0.027840,4.778,-0.027840,0.000000,0.000000,-0.257,0.087,0.000000,0.000000,0.000000,0.000000,0.000000,0.000000,0,0.00
0.476000,0.274,0.027367,0.027367,4.782,-0.027367,0.000000,-0.000000,-0.262,0.086,0.000000,0.000000,0.000000,0.000000,0.000000,0.000000,0,0.00
0.478000,0.281,0.028150,0.028150,4.776,-0.028150,0.000000,-0.000000,-0.300,0.088,0.000000,0.000000,0.000000,0.000000,0.000000,0.000000,0,0.00
0.480000,0.288,0.028805,0.028805,4.770,-0.028805,0.000000,-0.000000,-0.289,0.090,0.000000,0.000000,0.000000,0.000000,0.000000,0.000000,0,0.00
0.482000,0.270,0.026996,0.026996,4.785,-0.026996,0.000000,0.000000,-0.278,0.084,0.000000,0.000000,0.000000,0.000000,0.000000,0.000000,0,0.00
0.484000,0.277,0.027720,0.027720,4.779,-0.027720,0.000000,-0.000000,-0.274,0.087,0.000000,0.000000,0.000000,0.000000,0.000000,0.000000,0,0.00
0.486000,0.268,0.026793,0.026793,4.786,-0.026793,0.000000,-0.000000,-0.281,0.084,0.000000,0.000000,0.000000,0.000000,0.000000,0.000000,0,0.00
0.488000,0.282,0.028152,0.028152,4.776,-0.028152,0.000000,-0.000000,-0.288,0.088,0.000000,0.000000,0.000000,0.000000,0.000000,0.000000,0,0.00
0.490000,0.261,0.026111,0.026111,4.791,-0.026111,0.000000,0.000000,-0.270,0.082,0.000000,0.000000,0.000000,0.000000,0.000000,0.000000,0,0.00
0.492000,0.258,0.025820,0.025820,4.794,-0.025820,0.000000,0.000000,-0.277,0.081,0.000000,0.000000,0.000000,0.000000,0.000000,0.000000,0,0.00
0.494000,0.266,0.026613,0.026613,4.788,-0.026613,0.000000,0.000000,-0.268,0.083,0.000000,0.000000,0.000000,0.000000,0.000000,0.000000,0,0.00
0.496000,0.278,0.027774,0.027774,4.778,-0.027774,0.000000,-0.000000,-0.282,0.087,0.000000,0.000000,0.000000,0.000000,0.000000,0.000000,0,0.00
0.498000,0.276,0.027596,0.027596,4.780,-0.027596,0.000000,0.000000,-0.261,0.086,0.000000,0.000000,0.000000,0.000000,0.000000,0.000000,0,0.00
0.500000,0.266,0.026597,0.026597,4.788,-0.026597,0.000000,-0.000000,0.000,0.083,0.000000,0.000000,0.000000,0.000000,0.000000,0.000000,0,0.00
0.502000,0.261,0.026115,0.026115,4.791,-0.026115,0.000000,0.000000,0.000,0.082,0.000000,0.000000,0.000000,0.000000,0.000000,0.000000,0,0.00
0.504000,0.281,0.028138,0.028138,4.776,-0.028138,0.000000,-0.000000,0.000,0.088,0.000000,0.000000,0.000000,0.000000,0.000000,0.000000,0,0.00
0.506000,0.237,0.023721,0.023721,4.810,-0.023721,0.000000,0.000000,0.000,0.074,0.000000,0.000000,0.000000,0.000000,0.000000,0.000000,0,0.00
0.508000,0.252,0.025188,0.025188,4.799,-0.025188,0.000000,0.000000,-0.266,0.079,0.000000,0.000000,0.000000,0.000000,0.000000,0.000000,0,0.00
0.510000,0.254,0.025400,0.025400,4.797,-0.025400,0.000000,0.000000,-0.261,0.079,0.000000,0.000000,0.000000,0.000000,0.000000,0.000000,0,0.00
0.512000,0.244,0.024438,0.024438,4.805,-0.024438,0.000000,0.000000,-0.281,0.076,0.000000,0.000000,0.000000,0.000000,0.000000,0.000000,0,0.00
0.514000,0.237,0.023673,0.023673,4.811,-0.023673,0.000000,0.000000,-0.237,0.074,0.000000,0.000000,0.000000,0.000000,0.000000,0.000000,0,0.00
0.516000,0.245,0.024482,0.024482,4.804,-0.024482,0.000000,-0.000000,-0.252,0.077,0.000000,0.000000,0.000000,0.000000,0.000000,0.000000,0,0.00
0.518000,0.266,0.026646,0.026646,4.787,-0.026646,0.000000,-0.000000,-0.254,0.083,0.000000,0.000000,0.000000,0.000000,0.000000,0.000000,0,0.00
0.520000,0.240,0.023965,0.023965,4.808,-0.023965,0.000000,0.000000,-0.244,0.075,0.000000,0.000000,0.000000,0.000000,0.000000,0.000000,0,0.00
0.522000,0.237,0.023683,0.023683,4.810,-0.023683,0.000000,0.000000,-0.237,0.074,0.000000,0.000000,0.000000,0.000000,0.000000,0.000000,0,0.00
0.524000,0.260,0.025999,0.025999,4.792,-0.025999,0.000000,-0.000000,-0.245,0.081,0.000000,0.000000,0.000000,0.000000,0.000000,0.000000,0,0.00
0.526000,0.241,0.024141,0.024141,4.807,-0.024141,0.000000,0.000000,-0.266,0.075,0.000000,0.000000,0.000000,0.000000,0.000000,0.000000,0,0.00
0.528000,0.245,0.024541,0.024541,4.804,-0.024541,0.000000,0.000000,-0.240,0.077,0.000000,0.000000,0.000000,0.000000,0.000000,0.000000,0,0.00
0.530000,0.240,0.023964,0.023964,4.808,-0.023964,0.000000,0.000000,-0.237,0.075,0.000000,0.000000,0.000000,0.000000,0.000000,0.000000,0,0.00
0.532000,0.249,0.024851,0.024851,4.801,-0.024851,0.000000,0.000000,-0.260,0.078,0.000000,0.000000,0.000000,0.000000,0.000000,0.000000,0,0.00
0.534000,0.217,0.021742,0.021742,4.826,-0.021742,0.000000,0.000000,-0.241,0.068,0.000000,0.000000,0.000000,0.000000,0.000000,0.000000,0,0.00
0.536000,0.221,0.022149,0.022149,4.822,-0.022149,0.000000,0.000000,-0.245,0.069,0.000000,0.000000,0.000000,0.000000,0.000000,0.000000,0,0.00
0.538000,0.238,0.023751,0.023751,4.810,-0.023751,0.000000,0.000000,-0.240,0.074,0.000000,0.000000,0.000000,0.000000,0.000000,0.000000,0,0.00
0.540000,0.228,0.022832,0.022832,4.817,-0.022832,0.000000,0.000000,-0.249,0.071,0.000000,0.000000,0.000000,0.000000,0.000000,0.000000,0,0.00
0.542000,0.230,0.022991,0.022991,4.816,-0.022991,0.000000,0.000000,-0.217,0.072,0.000000,0.000000,0.000000,0.000000,0.000000,0.000000,0,0.00
0.544000,0.233,0.023297,0.023297,4.813,-0.023297,0.000000,-0.000000,-0.221,0.073,0.000000,0.000000,0.000000,0.000000,0.000000,0.000000,0,0.00
0.546000,0.235,0.023489,0.023489,4.812,-0.023489,0.000000,-0.000000,-0.238,0.073,0.000000,0.000000,0.000000,0.000000,0.000000,0.000000,0,0.00
0.548000,0.223,0.022347,0.022347,4.821,-0.022347,0.000000,0.000000,-0.228,0.070,0.000000,0.000000,0.000000,0.000000,0.000000,0.000000,0,0.00
0.550000,0.222,0.022242,0.022242,4.822,-0.022242,0.000000,0.000000,-0.230,0.070,0.000000,0.000000,0.000000,0.000000,0.000000,0.000000,0,0.00
0.552000,0.232,0.023159,0.023159,4.815,-0.023159,0.000000,0.000000,-0.233,0.072,0.000000,0.000000,0.000000,0.000000,0.000000,0.000000,0,0.00
0.554000,0.229,0.022868,0.022868,4.817,-0.022868,0.000000,0.000000,-0.235,0.071,0.000000,0.000000,0.000000,0.000000,0.000000,0.000000,0,0.00
0.556000,0.213,0.021319,0.021319,4.829,-0.021319,0.000000,0.000000,-0.223,0.067,0.000000,0.000000,0.000000,0.000000,0.000000,0.000000,0,0.00
0.558000,0.204,0.020406,0.020406,4.836,-0.020406,0.000000,0.000000,-0.222,0.064,0.000000,0.000000,0.000000,0.000000,0.000000,0.000000,0,0.00
0.560000,0.211,0.021108,0.021108,4.831,-0.021108,0.000000,0.000000,-0.232,0.066,0.000000,0.000000,0.000000,0.000000,0.000000,0.000000,0,0.00
0.562000,0.213,0.021260,0.021260,4.829,-0.021260,0.000000,0.000000,-0.229,0.066,0.000000,0.000000,0.000000,0.000000,0.000000,0.000000,0,0.00
0.564000,0.228,0.022824,0.022824,4.817,-0.022824,0.000000,-0.000000,-0.213,0.071,0.000000,0.000000,0.000000,0.000000,0.000000,0.000000,0,0.00
0.566000,0.207,0.020725,0.020725,4.834,-0.020725,0.000000,0.000000,-0.204,0.065,0.000000,0.000000,0.000000,0.000000,0.000000,0.000000,0,0.00
0.568000,0.195,0.019454,0.019454,4.843,-0.019454,0.000000,0.000000,-0.211,0.061,0.000000,0.000000,0.000000,0.000000,0.000000,0.000000,0,0.00
0.570000,0.212,0.021247,0.021247,4.829,-0.021247,0.000000,-0.000000,-0.213,0.066,0.000000,0.000000,0.000000,0.000000,0.000000,0.000000,0,0.00
0.572000,0.195,0.019531,0.019531,4.843,-0.019531,0.000000,0.000000,-0.228,0.061,0.000000,0.000000,0.000000,0.000000,0.000000,0.000000,0,0.00
0.574000,0.202,0.020241,0.020241,4.837,-0.020241,0.000000,0.000000,-0.207,0.063,0.000000,0.000000,0.000000,0.000000,0.000000,0.000000,0,0.00
0.576000,0.201,0.020062,0.020062,4.839,-0.020062,0.000000,0.000000,-0.195,0.063,0.000000,0.000000,0.000000,0.000000,0.000000,0.000000,0,0.00
0.578000,0.206,0.020633,0.020633,4.834,-0.020633,0.000000,-0.000000,-0.212,0.064,0.000000,0.000000,0.000000,0.000000,0.000000,0.000000,0,0.00
0.580000,0.207,0.020672,0.020672,4.834,-0.020672,0.000000,0.000000,-0.195,0.065,0.000000,0.000000,0.000000,0.000000,0.000000,0.000000,0,0.00
0.582000,0.185,0.018545,0.018545,4.851,-0.018545,0.000000,0.000000,-0.202,0.058,0.000000,0.000000,0.000000,0.000000,0.000000,0.000000,0,0.00
0.584000,0.190,0.018977,0.018977,4.847,-0.018977,0.000000,0.000000,-0.201,0.059,0.000000,0.000000,0.000000,0.000000,0.000000,0.000000,0,0.00
0.586000,0.175,0.017450,0.017450,4.859,-0.017450,0.000000,0.000000,-0.206,0.055,0.000000,0.000000,0.000000,0.000000,0.000000,0.000000,0,0.00
0.588000,0.190,0.018968,0.018968,4.847,-0.018968,0.000000,0.000000,-0.207,0.059,0.000000,0.000000,0.000000,0.000000,0.000000,0.000000,0,0.00
0.590000,0.158,0.015814,0.015814,4.872,-0.015814,0.000000,0.000000,-0.185,0.049,0.000000,0.000000,0.000000,0.000000,0.000000,0.000000,0,0.00
0.592000,0.183,0.018272,0.018272,4.853,-0.018272,0.000000,-0.000000,-0.190,0.057,0.000000,0.000000,0.000000,0.000000,0.000000,0.000000,0,0.00
0.594000,0.166,0.016595,0.016595,4.866,-0.016595,0.000000,0.000000,-0.175,0.052,0.000000,0.000000,0.000000,0.000000,0.000000,0.000000,0,0.00
0.596000,0.177,0.017687,0.017687,4.857,-0.017687,0.000000,-0.000000,-0.190,0.055,0.000000,0.000000,0.000000,0.000000,0.000000,0.000000,0,0.00
0.598000,0.161,0.016098,0.016098,4.870,-0.016098,0.000000,0.000000,-0.158,0.050,0.000000,0.000000,0.000000,0.000000,0.000000,0.000000,0,0.00
0.600000,0.167,0.016708,0.016708,4.865,-0.016708,0.000000,-0.000000,0.000,0.052,0.000000,0.000000,0.000000,0.000000,0.000000,0.000000,0,0.00
0.602000,0.162,0.016194,0.016194,4.869,-0.016194,0.000000,0.000000,0.000,0.051,0.000000,0.000000,0.000000,0.000000,0.000000,0.000000,0,0.00
0.604000,0.181,0.018091,0.018091,4.854,-0.018091,0.000000,-0.000000,0.000,0.057,0.000000,0.000000,0.000000,0.000000,0.000000,0.000000,0,0.00
0.606000,0.154,0.015385,0.015385,4.875,-0.015385,0.000000,0.000000,0.000,0.048,0.000000,0.000000,0.000000,0.000000,0.000000,0.000000,0,0.00
0.608000,0.161,0.016082,0.016082,4.870,-0.016082,0.000000,0.000000,-0.167,0.050,0.000000,0.000000,0.000000,0.000000,0.000000,0.000000,0,0.00
0.610000,0.162,0.016171,0.016171,4.869,-0.016171,0.000000,0.000000,-0.162,0.051,0.000000,0.000000,0.000000,0.000000,0.000000,0.000000,0,0.00
0.612000,0.159,0.015904,0.015904,4.871,-0.015904,0.000000,0.000000,-0.181,0.050,0.000000,0.000000,0.000000,0.000000,0.000000,0.000000,0,0.00
0.614000,0.146,0.014602,0.014602,4.881,-0.014602,0.000000,0.000000,-0.154,0.046,0.000000,0.000000,0.000000,0.000000,0.000000,0.000000,0,0.00
0.616000,0.142,0.014247,0.014247,4.884,-0.014247,0.000000,0.000000,-0.161,0.045,0.000000,0.000000,0.000000,0.000000,0.000000,0.000000,0,0.00
0.618000,0.140,0.014004,0.014004,4.886,-0.014004,0.000000,0.000000,-0.162,0.044,0.000000,0.000000,0.000000,0.000000,0.000000,0.000000,0,0.00
0.620000,0.143,0.014279,0.014279,4.884,-0.014279,0.000000,0.000000,-0.159,0.045,0.000000,0.000000,0.000000,0.000000,0.000000,0.000000,0,0.00
0.622000,0.132,0.013182,0.013182,4.892,-0.013182,0.000000,0.000000,-0.146,0.041,0.000000,0.000000,0.000000,0.000000,0.000000,0.000000,0,0.00
0.624000,0.145,0.014460,0.014460,4.882,-0.014460,0.000000,0.000000,-0.142,0.045,0.000000,0.000000,0.000000,0.000000,0.000000,0.000000,0,0.00
0.626000,0.119,0.011850,0.011850,4.903,-0.011850,0.000000,0.000000,-0.140,0.037,0.000000,0.000000,0.000000,0.000000,0.000000,0.000000,0,0.00
0.628000,0.140,0.013981,0.013981,4.886,-0.013981,0.000000,0.000000,-0.143,0.044,0.000000,0.000000,0.000000,0.000000,0.000000,0.000000,0,0.00
0.630000,0.125,0.012550,0.012550,4.897,-0.012550,0.000000,0.000000,-0.132,0.039,0.000000,0.000000,0.000000,0.000000,0.000000,0.000000,0,0.00
0.632000,0.134,0.013393,0.013393,4.891,-0.013393,0.000000,-0.000000,-0.145,0.042,0.000000,0.000000,0.000000,0.000000,0.000000,0.000000,0,0.00
0.634000,0.121,0.012100,0.012100,4.901,-0.012100,0.000000,0.000000,-0.119,0.038,0.000000,0.000000,0.000000,0.000000,0.000000,0.000000,0,0.00
0.636000,0.133,0.013307,0.013307,4.891,-0.013307,0.000000,-0.000000,-0.140,0.042,0.000000,0.000000,0.000000,0.000000,0.000000,0.000000,0,0.00
0.638000,0.118,0.011764,0.011764,4.903,-0.011764,0.000000,0.000000,-0.125,0.037,0.000000,0.000000,0.000000,0.000000,0.000000,0.000000,0,0.00
0.640000,0.104,0.010434,0.010434,4.914,-0.010434,0.000000,0.000000,-0.134,0.033,0.000000,0.000000,0.000000,0.000000,0.000000,0.000000,0,0.00
0.642000,0.115,0.011499,0.011499,4.906,-0.011499,0.000000,0.000000,-0.121,0.036,0.000000,0.000000,0.000000,0.000000,0.000000,0.000000,0,0.00
0.644000,0.110,0.011006,0.011006,4.909,-0.011006,0.000000,0.000000,-0.133,0.034,0.000000,0.000000,0.000000,0.000000,0.000000,0.000000,0,0.00
0.646000,0.113,0.011262,0.011262,4.907,-0.011262,0.000000,0.000000,-0.118,0.035,0.000000,0.000000,0.000000,0.000000,0.000000,0.000000,0,0.00
0.648000,0.097,0.009731,0.009731,4.919,-0.009731,0.000000,0.000000,-0.104,0.030,0.000000,0.000000,0.000000,0.000000,0.000000,0.000000,0,0.00
0.650000,0.108,0.010785,0.010785,4.911,-0.010785,0.000000,-0.000000,-0.115,0.034,0.000000,0.000000,0.000000,0.000000,0.000000,0.000000,0,0.00
0.652000,0.105,0.010523,0.010523,4.913,-0.010523,0.000000,-0.000000,-0.110,0.033,0.000000,0.000000,0.000000,0.000000,0.000000,0.000000,0,0.00
0.654000,0.081,0.008110,0.008110,4.932,-0.008110,0.000000,0.000000,-0.113,0.025,0.000000,0.000000,0.000000,0.000000,0.000000,0.000000,0,0.00
0.656000,0.093,0.009261,0.009261,4.923,-0.009261,0.000000,0.000000,-0.097,0.029,0.000000,0.000000,0.000000,0.000000,0.000000,0.000000,0,0.00
0.658000,0.074,0.007387,0.007387,4.938,-0.007387,0.000000,0.000000,-0.108,0.023,0.000000,0.000000,0.000000,0.000000,0.000000,0.000000,0,0.00
0.660000,0.086,0.008569,0.008569,4.928,-0.008569,0.000000,0.000000,-0.105,0.027,0.000000,0.000000,0.000000,0.000000,0.000000,0.000000,0,0.00
0.662000,0.064,0.006407,0.006407,4.945,-0.006407,0.000000,0.000000,-0.081,0.020,0.000000,0.000000,0.000000,0.000000,0.000000,0.000000,0,0.00
0.664000,0.099,0.009859,0.009859,4.918,-0.009859,0.000000,-0.000000,-0.093,0.031,0.000000,0.000000,0.000000,0.000000,0.000000,0.000000,0,0.00
0.666000,0.081,0.008058,0.008058,4.932,-0.008058,0.000000,0.000000,-0.074,0.025,0.000000,0.000000,0.000000,0.000000,0.000000,0.000000,0,0.00
0.668000,0.061,0.006095,0.006095,4.948,-0.006095,0.000000,0.000000,-0.086,0.019,0.000000,0.000000,0.000000,0.000000,0.000000,0.000000,0,0.00
0.670000,0.053,0.005332,0.005332,4.954,-0.005332,0.000000,0.000000,-0.064,0.017,0.000000,0.000000,0.000000,0.000000,0.000000,0.000000,0,0.00
0.672000,0.068,0.006770,0.006770,4.942,-0.006770,0.000000,0.000000,-0.099,0.021,0.000000,0.000000,0.000000,0.000000,0.000000,0.000000,0,0.00
0.674000,0.068,0.006773,0.006773,4.942,-0.006773,0.000000,0.000000,-0.081,0.021,0.000000,0.000000,0.000000,0.000000,0.000000,0.000000,0,0.00
0.676000,0.050,0.005020,0.005020,4.956,-0.005020,0.000000,0.000000,-0.061,0.016,0.000000,0.000000,0.000000,0.000000,0.000000,0.000000,0,0.00
0.678000,0.062,0.006164,0.006164,4.947,-0.006164,0.000000,0.000000,-0.053,0.019,0.000000,0.000000,0.000000,0.000000,0.000000,0.000000,0,0.00
0.680000,0.055,0.005511,0.005511,4.952,-0.005511,0.000000,0.000000,-0.068,0.017,0.000000,0.000000,0.000000,0.000000,0.000000,0.000000,0,0.00
0.682000,0.048,0.004795,0.004795,4.958,-0.004795,0.000000,0.000000,-0.068,0.015,0.000000,0.000000,0.000000,0.000000,0.000000,0.000000,0,0.00
0.684000,0.033,0.003271,0.003271,4.970,-0.003271,0.000000,0.000000,-0.050,0.010,0.000000,0.000000,0.000000,0.000000,0.000000,0.000000,0,0.00
0.686000,0.036,0.003617,0.003617,4.967,-0.003617,0.000000,0.000000,-0.062,0.011,0.000000,0.000000,0.000000,0.000000,0.000000,0.000000,0,0.00
0.688000,0.030,0.002972,0.002972,4.972,-0.002972,0.000000,0.000000,-0.055,0.009,0.000000,0.000000,0.000000,0.000000,0.000000,0.000000,0,0.00
0.690000,0.019,0.001904,0.001904,4.980,-0.001904,0.000000,0.000000,-0.048,0.006,0.000000,0.000000,0.000000,0.000000,0.000000,0.000000,0,0.00
0.692000,0.025,0.002521,0.002521,4.976,-0.002521,0.000000,0.000000,-0.033,0.008,0.000000,0.000000,0.000000,0.000000,0.000000,0.000000,0,0.00
0.694000,0.036,0.003588,0.003588,4.967,-0.003588,0.000000,-0.000000,-0.036,0.011,0.000000,0.000000,0.000000,0.000000,0.000000,0.000000,0,0.00
0.696000,0.025,0.002548,0.002548,4.975,-0.002548,0.000000,0.000000,-0.030,0.008,0.000000,0.000000,0.000000,0.000000,0.000000,0.000000,0,0.00
0.698000,0.025,0.002528,0.002528,4.976,-0.002528,0.000000,0.000000,-0.019,0.008,0.000000,0.000000,0.000000,0.000000,0.000000,0.000000,0,0.00
0.700000,0.002,0.000245,0.000245,4.993,-0.000245,0.000000,-0.000000,0.000,0.001,0.000000,0.000000,0.000000,0.000000,0.000000,0.000000,0,0.00
0.702000,0.026,0.002638,0.002638,4.975,-0.002638,0.000000,-0.000000,0.000,0.008,0.000000,0.000000,0.000000,0.000000,0.000000,0.000000,0,0.00
0.704000,0.018,0.001833,0.001833,4.981,-0.001833,0.000000,-0.000000,0.000,0.006,0.000000,0.000000,0.000000,0.000000,0.000000,0.000000,0,0.00
0.706000,0.021,0.002122,0.002122,4.979,-0.002122,0.000000,-0.000000,0.000,0.007,0.000000,0.000000,0.000000,0.000000,0.000000,0.000000,0,0.00
0.708000,0.011,0.001117,0.001117,4.987,-0.001117,0.000000,-0.000000,-0.002,0.003,0.000000,0.000000,0.000000,0.000000,0.000000,0.000000,0,0.00
0.710000,-0.008,-0.000783,-0.000783,4.989,0.000783,0.000000,0.000000,-0.026,0.002,0.000000,0.000000,0.000000,0.000000,0.000000,0.000000,0,0.00
0.712000,0.007,0.000689,0.000689,4.990,-0.000689,0.000000,-0.000000,-0.018,0.002,0.000000,0.000000,0.000000,0.000000,0.000000,0.000000,0,0.00
0.714000,-0.013,-0.001257,-0.001257,4.985,0.001257,0.000000,-0.000000,-0.021,0.004,0.000000,0.000000,0.000000,0.000000,0.000000,0.000000,0,0.00
0.716000,-0.015,-0.001475,-0.001475,4.984,0.001475,0.000000,0.000000,-0.011,0.005,0.000000,0.000000,0.000000,0.000000,0.000000,0.000000,0,0.00
0.718000,-0.012,-0.001248,-0.001248,4.986,0.001248,0.000000,-0.000000,0.008,0.004,0.000000,0.000000,0.000000,0.000000,0.000000,0.000000,0,0.00
0.720000,0.004,0.000450,0.000450,4.992,-0.000450,0.000000,-0.000000,-0.007,0.001,0.000000,0.000000,0.000000,0.000000,0.000000,0.000000,0,0.00
0.722000,-0.032,-0.003198,-0.003198,4.970,0.003198,0.000000,0.000000,0.013,0.010,0.000000,0.000000,0.000000,0.000000,0.000000,0.000000,0,0.00
0.724000,-0.033,-0.003302,-0.003302,4.970,0.003302,0.000000,0.000000,0.015,0.010,0.000000,0.000000,0.000000,0.000000,0.000000,0.000000,0,0.00
0.726000,-0.021,-0.002124,-0.002124,4.979,0.002124,0.000000,-0.000000,0.012,0.007,0.000000,0.000000,0.000000,0.000000,0.000000,0.000000,0,0.00
0.728000,-0.041,-0.004059,-0.004059,4.964,0.004059,0.000000,0.000000,-0.004,0.013,0.000000,0.000000,0.000000,0.000000,0.000000,0.000000,0,0.00
0.730000,-0.026,-0.002606,-0.002606,4.975,0.002606,0.000000,0.000000,0.032,0.008,0.000000,0.000000,0.000000,0.000000,0.000000,0.000000,0,0.00
0.732000,-0.034,-0.003398,-0.003398,4.969,0.003398,0.000000,-0.000000,0.033,0.011,0.000000,0.000000,0.000000,0.000000,0.000000,0.000000,0,0.00
0.734000,-0.049,-0.004893,-0.004893,4.957,0.004893,0.000000,0.000000,0.021,0.015,0.000000,0.000000,0.000000,0.000000,0.000000,0.000000,0,0.00
0.736000,-0.047,-0.004680,-0.004680,4.959,0.004680,0.000000,0.000000,0.041,0.015,0.000000,0.000000,0.000000,0.000000,0.000000,0.000000,0,0.00
0.738000,-0.039,-0.003939,-0.003939,4.965,0.003939,0.000000,-0.000000,0.026,0.012,0.000000,0.000000,0.000000,0.000000,0.000000,0.000000,0,0.00
0.740000,-0.057,-0.005746,-0.005746,4.950,0.005746,0.000000,0.000000,0.034,0.018,0.000000,0.000000,0.000000,0.000000,0.000000,0.000000,0,0.00
0.742000,-0.070,-0.007032,-0.007032,4.940,0.007032,0.000000,0.000000,0.049,0.022,0.000000,0.000000,0.000000,0.000000,0.000000,0.000000,0,0.00
0.744000,-0.071,-0.007052,-0.007052,4.940,0.007052,0.000000,0.000000,0.047,0.022,0.000000,0.000000,0.000000,0.000000,0.000000,0.000000,0,0.00
0.746000,-0.078,-0.007766,-0.007766,4.935,0.007766,0.000000,0.000000,0.039,0.024,0.000000,0.000000,0.000000,0.000000,0.000000,0.000000,0,0.00
0.748000,-0.069,-0.006948,-0.006948,4.941,0.006948,0.000000,0.000000,0.057,0.022,0.000000,0.000000,0.000000,0.000000,0.000000,0.000000,0,0.00
0.750000,-0.061,-0.006122,-0.006122,4.947,0.006122,0.000000,-0.000000,0.070,0.019,0.000000,0.000000,0.000000,0.000000,0.000000,0.000000,0,0.00
0.752000,-0.077,-0.007748,-0.007748,4.935,0.007748,0.000000,0.000000,0.071,0.024,0.000000,0.000000,0.000000,0.000000,0.000000,0.000000,0,0.00
0.754000,-0.071,-0.007123,-0.007123,4.940,0.007123,0.000000,-0.000000,0.078,0.022,0.000000,0.000000,0.000000,0.000000,0.000000,0.000000,0,0.00
0.756000,-0.076,-0.007561,-0.007561,4.936,0.007561,0.000000,-0.000000,0.069,0.024,0.000000,0.000000,0.000000,0.000000,0.000000,0.000000,0,0.00
0.758000,-0.061,-0.006109,-0.006109,4.948,0.006109,0.000000,-0.000000,0.061,0.019,0.000000,0.000000,0.000000,0.000000,0.000000,0.000000,0,0.00
0.760000,-0.087,-0.008664,-0.008664,4.928,0.008664,0.000000,0.000000,0.077,0.027,0.000000,0.000000,0.000000,0.000000,0.000000,0.000000,0,0.00
0.762000,-0.104,-0.010387,-0.010387,4.914,0.010387,0.000000,0.000000,0.071,0.032,0.000000,0.000000,0.000000,0.000000,0.000000,0.000000,0,0.00
0.764000,-0.099,-0.009866,-0.009866,4.918,0.009866,0.000000,0.000000,0.076,0.031,0.000000,0.000000,0.000000,0.000000,0.000000,0.000000,0,0.00
0.766000,-0.103,-0.010292,-0.010292,4.915,0.010292,0.000000,0.000000,0.061,0.032,0.000000,0.000000,0.000000,0.000000,0.000000,0.000000,0,0.00
0.768000,-0.111,-0.011091,-0.011091,4.909,0.011091,0.000000,0.000000,0.087,0.035,0.000000,0.000000,0.000000,0.000000,0.000000,0.000000,0,0.00
0.770000,-0.092,-0.009189,-0.009189,4.924,0.009189,0.000000,-0.000000,0.104,0.029,0.000000,0.000000,0.000000,0.000000,0.000000,0.000000,0,0.00
0.772000,-0.122,-0.012168,-0.012168,4.900,0.012168,0.000000,0.000000,0.099,0.038,0.000000,0.000000,0.000000,0.000000,0.000000,0.000000,0,0.00
0.774000,-0.114,-0.011414,-0.011414,4.906,0.011414,0.000000,0.000000,0.103,0.036,0.000000,0.000000,0.000000,0.000000,0.000000,0.000000,0,0.00
0.776000,-0.122,-0.012228,-0.012228,4.900,0.012228,0.000000,0.000000,0.111,0.038,0.000000,0.000000,0.000000,0.000000,0.000000,0.000000,0,0.00
0.778000,-0.131,-0.013140,-0.013140,4.893,0.013140,0.000000,0.000000,0.092,0.041,0.000000,0.000000,0.000000,0.000000,0.000000,0.000000,0,0.00
0.780000,-0.120,-0.011976,-0.011976,4.902,0.011976,0.000000,0.000000,0.122,0.037,0.000000,0.000000,0.000000,0.000000,0.000000,0.000000,0,0.00
0.782000,-0.131,-0.013106,-0.013106,4.893,0.013106,0.000000,0.000000,0.114,0.041,0.000000,0.000000,0.000000,0.000000,0.000000,0.000000,0,0.00
0.784000,-0.144,-0.014412,-0.014412,4.883,0.014412,0.000000,0.000000,0.122,0.045,0.000000,0.000000,0.000000,0.000000,0.000000,0.000000,0,0.00
0.786000,-0.143,-0.014261,-0.014261,4.884,0.014261,0.000000,0.000000,0.131,0.045,0.000000,0.000000,0.000000,0.000000,0.000000,0.000000,0,0.00
0.788000,-0.156,-0.015593,-0.015593,4.874,0.015593,0.000000,0.000000,0.120,0.049,0.000000,0.000000,0.000000,0.000000,0.000000,0.000000,0,0.00
0.790000,-0.141,-0.014111,-0.014111,4.885,0.014111,0.000000,0.000000,0.131,0.044,0.000000,0.000000,0.000000,0.000000,0.000000,0.000000,0,0.00
0.792000,-0.144,-0.014350,-0.014350,4.883,0.014350,0.000000,0.000000,0.144,0.045,0.000000,0.000000,0.000000,0.000000,0.000000,0.000000,0,0.00
0.794000,-0.140,-0.014036,-0.014036,4.886,0.014036,0.000000,-0.000000,0.143,0.044,0.000000,0.000000,0.000000,0.000000,0.000000,0.000000,0,0.00
0.796000,-0.150,-0.015001,-0.015001,4.878,0.015001,0.000000,0.000000,0.156,0.047,0.000000,0.000000,0.000000,0.000000,0.000000,0.000000,0,0.00
0.798000,-0.158,-0.015806,-0.015806,4.872,0.015806,0.000000,0.000000,0.141,0.049,0.000000,0.000000,0.000000,0.000000,0.000000,0.000000,0,0.00
0.800000,-0.140,-0.014019,-0.014019,4.886,0.014019,0.000000,0.000000,0.000,0.044,0.000000,0.000000,0.000000,0.000000,0.000000,0.000000,0,0.00
0.802000,-0.158,-0.015762,-0.015762,4.872,0.015762,0.000000,0.000000,0.000,0.049,0.000000,0.000000,0.000000,0.000000,0.000000,0.000000,0,0.00
0.804000,-0.176,-0.017621,-0.017621,4.858,0.017621,0.000000,0.000000,0.000,0.055,0.000000,0.000000,0.000000,0.000000,0.000000,0.000000,0,0.00
0.806000,-0.166,-0.016592,-0.016592,4.866,0.016592,0.000000,0.000000,0.000,0.052,0.000000,0.000000,0.000000,0.000000,0.000000,0.000000,0,0.00
0.808000,-0.171,-0.017068,-0.017068,4.862,0.017068,0.000000,0.000000,0.140,0.053,0.000000,0.000000,0.000000,0.000000,0.000000,0.000000,0,0.00
0.810000,-0.168,-0.016752,-0.016752,4.865,0.016752,0.000000,0.000000,0.158,0.052,0.000000,0.000000,0.000000,0.000000,0.000000,0.000000,0,0.00
0.812000,-0.168,-0.016809,-0.016809,4.864,0.016809,0.000000,0.000000,0.176,0.053,0.000000,0.000000,0.000000,0.000000,0.000000,0.000000,0,0.00
0.814000,-0.166,-0.016609,-0.016609,4.866,0.016609,0.000000,-0.000000,0.166,0.052,0.000000,0.000000,0.000000,0.000000,0.000000,0.000000,0,0.00
0.816000,-0.168,-0.016844,-0.016844,4.864,0.016844,0.000000,0.000000,0.171,0.053,0.000000,0.000000,0.000000,0.000000,0.000000,0.000000,0,0.00
0.818000,-0.181,-0.018115,-0.018115,4.854,0.018115,0.000000,0.000000,0.168,0.057,0.000000,0.000000,0.000000,0.000000,0.000000,0.000000,0,0.00
0.820000,-0.196,-0.019561,-0.019561,4.843,0.019561,0.000000,0.000000,0.168,0.061,0.000000,0.000000,0.000000,0.000000,0.000000,0.000000,0,0.00
0.822000,-0.189,-0.018873,-0.018873,4.848,0.018873,0.000000,0.000000,0.166,0.059,0.000000,0.000000,0.000000,0.000000,0.000000,0.000000,0,0.00
0.824000,-0.199,-0.019850,-0.019850,4.840,0.019850,0.000000,0.000000,0.168,0.062,0.000000,0.000000,0.000000,0.000000,0.000000,0.000000,0,0.00
0.826000,-0.201,-0.020067,-0.020067,4.839,0.020067,0.000000,0.000000,0.181,0.063,0.000000,0.000000,0.000000,0.000000,0.000000,0.000000,0,0.00
0.828000,-0.205,-0.020539,-0.020539,4.835,0.020539,0.000000,0.000000,0.196,0.064,0.000000,0.000000,0.000000,0.000000,0.000000,0.000000,0,0.00
0.830000,-0.223,-0.022254,-0.022254,4.822,0.022254,0.000000,0.000000,0.189,0.070,0.000000,0.000000,0.000000,0.000000,0.000000,0.000000,0,0.00
0.832000,-0.202,-0.020182,-0.020182,4.838,0.020182,0.000000,0.000000,0.199,0.063,0.000000,0.000000,0.000000,0.000000,0.000000,0.000000,0,0.00
0.834000,-0.209,-0.020942,-0.020942,4.832,0.020942,0.000000,0.000000,0.201,0.065,0.000000,0.000000,0.000000,0.000000,0.000000,0.000000,0,0.00
0.836000,-0.205,-0.020470,-0.020470,4.836,0.020470,0.000000,0.000000,0.205,0.064,0.000000,0.000000,0.000000,0.000000,0.000000,0.000000,0,0.00
0.838000,-0.220,-0.022036,-0.022036,4.823,0.022036,0.000000,0.000000,0.223,0.069,0.000000,0.000000,0.000000,0.000000,0.000000,0.000000,0,0.00
0.840000,-0.200,-0.019960,-0.019960,4.839,0.019960,0.000000,-0.000000,0.202,0.062,0.000000,0.000000,0.000000,0.000000,0.000000,0.000000,0,0.00
0.842000,-0.214,-0.021377,-0.021377,4.828,0.021377,0.000000,0.000000,0.209,0.067,0.000000,0.000000,0.000000,0.000000,0.000000,0.000000,0,0.00
0.844000,-0.200,-0.020039,-0.020039,4.839,0.020039,0.000000,0.000000,0.205,0.063,0.000000,0.000000,0.000000,0.000000,0.000000,0.000000,0,0.00
0.846000,-0.239,-0.023887,-0.023887,4.809,0.023887,0.000000,0.000000,0.220,0.075,0.000000,0.000000,0.000000,0.000000,0.000000,0.000000,0,0.00
0.848000,-0.212,-0.021179,-0.021179,4.830,0.021179,0.000000,0.000000,0.200,0.066,0.000000,0.000000,0.000000,0.000000,0.000000,0.000000,0,0.00
0.850000,-0.234,-0.023407,-0.023407,4.813,0.023407,0.000000,0.000000,0.214,0.073,0.000000,0.000000,0.000000,0.000000,0.000000,0.000000,0,0.00
0.852000,-0.226,-0.022604,-0.022604,4.819,0.022604,0.000000,0.000000,0.200,0.071,0.000000,0.000000,0.000000,0.000000,0.000000,0.000000,0,0.00
0.854000,-0.239,-0.023945,-0.023945,4.808,0.023945,0.000000,0.000000,0.239,0.075,0.000000,0.000000,0.000000,0.000000,0.000000,0.000000,0,0.00
0.856000,-0.226,-0.022579,-0.022579,4.819,0.022579,0.000000,-0.000000,0.212,0.071,0.000000,0.000000,0.000000,0.000000,0.000000,0.000000,0,0.00
0.858000,-0.226,-0.022623,-0.022623,4.819,0.022623,0.000000,0.000000,0.234,0.071,0.000000,0.000000,0.000000,0.000000,0.000000,0.000000,0,0.00
0.860000,-0.269,-0.026890,-0.026890,4.785,0.026890,0.000000,0.000000,0.226,0.084,0.000000,0.000000,0.000000,0.000000,0.000000,0.000000,0,0.00
0.862000,-0.244,-0.024402,-0.024402,4.805,0.024402,0.000000,0.000000,0.239,0.076,0.000000,0.000000,0.000000,0.000000,0.000000,0.000000,0,0.00
0.864000,-0.270,-0.026994,-0.026994,4.785,0.026994,0.000000,0.000000,0.226,0.084,0.000000,0.000000,0.000000,0.000000,0.000000,0.000000,0,0.00
0.866000,-0.238,-0.023832,-0.023832,4.809,0.023832,0.000000,0.000000,0.226,0.074,0.000000,0.000000,0.000000,0.000000,0.000000,0.000000,0,0.00
0.868000,-0.247,-0.024748,-0.024748,4.802,0.024748,0.000000,0.000000,0.269,0.077,0.000000,0.000000,0.000000,0.000000,0.000000,0.000000,0,0.00
0.870000,-0.253,-0.025349,-0.025349,4.797,0.025349,0.000000,-0.000000,0.244,0.079,0.000000,0.000000,0.000000,0.000000,0.000000,0.000000,0,0.00
0.872000,-0.274,-0.027412,-0.027412,4.781,0.027412,0.000000,0.000000,0.270,0.086,0.000000,0.000000,0.000000,0.000000,0.000000,0.000000,0,0.00
0.874000,-0.264,-0.026355,-0.026355,4.790,0.026355,0.000000,0.000000,0.238,0.082,0.000000,0.000000,0.000000,0.000000,0.000000,0.000000,0,0.00
0.876000,-0.262,-0.026194,-0.026194,4.791,0.026194,0.000000,0.000000,0.247,0.082,0.000000,0.000000,0.000000,0.000000,0.000000,0.000000,0,0.00
0.878000,-0.277,-0.027658,-0.027658,4.779,0.027658,0.000000,0.000000,0.253,0.086,0.000000,0.000000,0.000000,0.000000,0.000000,0.000000,0,0.00
0.880000,-0.272,-0.027161,-0.027161,4.783,0.027161,0.000000,0.000000,0.274,0.085,0.000000,0.000000,0.000000,0.000000,0.000000,0.000000,0,0.00
0.882000,-0.278,-0.027774,-0.027774,4.778,0.027774,0.000000,0.000000,0.264,0.087,0.000000,0.000000,0.000000,0.000000,0.000000,0.000000,0,0.00
0.884000,-0.269,-0.026944,-0.026944,4.785,0.026944,0.000000,0.000000,0.262,0.084,0.000000,0.000000,0.000000,0.000000,0.000000,0.000000,0,0.00
0.886000,-0.278,-0.027823,-0.027823,4.778,0.027823,0.000000,0.000000,0.277,0.087,0.000000,0.000000,0.000000,0.000000,0.000000,0.000000,0,0.00
0.888000,-0.292,-0.029236,-0.029236,4.767,0.029236,0.000000,0.000000,0.272,0.091,0.000000,0.000000,0.000000,0.000000,0.000000,0.000000,0,0.00
0.890000,-0.270,-0.026952,-0.026952,4.785,0.026952,0.000000,-0.000000,0.278,0.084,0.000000,0.000000,0.000000,0.000000,0.000000,0.000000,0,0.00
0.892000,-0.285,-0.028460,-0.028460,4.773,0.028460,0.000000,0.000000,0.269,0.089,0.000000,0.000000,0.000000,0.000000,0.000000,0.000000,0,0.00
0.894000,-0.274,-0.027381,-0.027381,4.782,0.027381,0.000000,-0.000000,0.278,0.086,0.000000,0.000000,0.000000,0.000000,0.000000,0.000000,0,0.00
0.896000,-0.296,-0.029579,-0.029579,4.764,0.029579,0.000000,0.000000,0.292,0.092,0.000000,0.000000,0.000000,0.000000,0.000000,0.000000,0,0.00
0.898000,-0.288,-0.028791,-0.028791,4.771,0.028791,0.000000,-0.000000,0.270,0.090,0.000000,0.000000,0.000000,0.000000,0.000000,0.000000,0,0.00
0.900000,-0.295,-0.029519,-0.029519,4.765,0.029519,0.000000,0.000000,0.000,0.092,0.000000,0.000000,0.000000,0.000000,0.000000,0.000000,0,0.00
0.902000,-0.303,-0.030263,-0.030263,4.759,0.030263,0.000000,0.000000,0.000,0.095,0.000000,0.000000,0.000000,0.000000,0.000000,0.000000,0,0.00
0.904000,-0.287,-0.028682,-0.028682,4.771,0.028682,0.000000,-0.000000,0.000,0.090,0.000000,0.000000,0.000000,0.000000,0.000000,0.000000,0,0.00
0.906000,-0.285,-0.028490,-0.028490,4.773,0.028490,0.000000,-0.000000,0.000,0.089,0.000000,0.000000,0.000000,0.000000,0.000000,0.000000,0,0.00
0.908000,-0.309,-0.030873,-0.030873,4.754,0.030873,0.000000,0.000000,0.295,0.096,0.000000,0.000000,0.000000,0.000000,0.000000,0.000000,0,0.00
0.910000,-0.306,-0.030611,-0.030611,4.756,0.030611,0.000000,0.000000,0.303,0.096,0.000000,0.000000,0.000000,0.000000,0.000000,0.000000,0,0.00
0.912000,-0.294,-0.029440,-0.029440,4.765,0.029440,0.000000,-0.000000,0.287,0.092,0.000000,0.000000,0.000000,0.000000,0.000000,0.000000,0,0.00
0.914000,-0.302,-0.030159,-0.030159,4.760,0.030159,0.000000,0.000000,0.285,0.094,0.000000,0.000000,0.000000,0.000000,0.000000,0.000000,0,0.00
0.916000,-0.305,-0.030483,-0.030483,4.757,0.030483,0.000000,0.000000,0.309,0.095,0.000000,0.000000,0.000000,0.000000,0.000000,0.000000,0,0.00
0.918000,-0.316,-0.031565,-0.031565,4.749,0.031565,0.000000,0.000000,0.306,0.099,0.000000,0.000000,0.000000,0.000000,0.000000,0.000000,0,0.00
0.920000,-0.322,-0.032190,-0.032190,4.744,0.032190,0.000000,0.000000,0.294,0.101,0.000000,0.000000,0.000000,0.000000,0.000000,0.000000,0,0.00
0.922000,-0.312,-0.031156,-0.031156,4.752,0.031156,0.000000,0.000000,0.302,0.097,0.000000,0.000000,0.000000,0.000000,0.000000,0.000000,0,0.00
0.924000,-0.323,-0.032342,-0.032342,4.743,0.032342,0.000000,0.000000,0.305,0.101,0.000000,0.000000,0.000000,0.000000,0.000000,0.000000,0,0.00
0.926000,-0.325,-0.032485,-0.032485,4.742,0.032485,0.000000,0.000000,0.316,0.102,0.000000,0.000000,0.000000,0.000000,0.000000,0.000000,0,0.00
0.928000,-0.300,-0.030032,-0.030032,4.761,0.030032,0.000000,-0.000000,0.322,0.094,0.000000,0.000000,0.000000,0.000000,0.000000,0.000000,0,0.00
0.930000,-0.300,-0.030038,-0.030038,4.761,0.030038,0.000000,-0.000000,0.312,0.094,0.000000,0.000000,0.000000,0.000000,0.000000,0.000000,0,0.00
0.932000,-0.311,-0.031099,-0.031099,4.753,0.031099,0.000000,-0.000000,0.323,0.097,0.000000,0.000000,0.000000,0.000000,0.000000,0.000000,0,0.00
0.934000,-0.320,-0.031985,-0.031985,4.746,0.031985,0.000000,-0.000000,0.325,0.100,0.000000,0.000000,0.000000,0.000000,0.000000,0.000000,0,0.00
0.936000,-0.310,-0.030961,-0.030961,4.754,0.030961,0.000000,-0.000000,0.300,0.097,0.000000,0.000000,0.000000,0.000000,0.000000,0.000000,0,0.00
0.938000,-0.327,-0.032653,-0.032653,4.740,0.032653,0.000000,0.000000,0.300,0.102,0.000000,0.000000,0.000000,0.000000,0.000000,0.000000,0,0.00
0.940000,-0.335,-0.033506,-0.033506,4.734,0.033506,0.000000,0.000000,0.311,0.105,0.000000,0.000000,0.000000,0.000000,0.000000,0.000000,0,0.00
0.942000,-0.323,-0.032343,-0.032343,4.743,0.032343,0.000000,0.000000,0.320,0.101,0.000000,0.000000,0.000000,0.000000,0.000000,0.000000,0,0.00
0.944000,-0.339,-0.033880,-0.033880,4.731,0.033880,0.000000,0.000000,0.310,0.106,0.000000,0.000000,0.000000,0.000000,0.000000,0.000000,0,0.00
0.946000,-0.340,-0.034040,-0.034040,4.730,0.034040,0.000000,0.000000,0.327,0.106,0.000000,0.000000,0.000000,0.000000,0.000000,0.000000,0,0.00
0.948000,-0.311,-0.031123,-0.031123,4.752,0.031123,0.000000,-0.000000,0.335,0.097,0.000000,0.000000,0.000000,0.000000,0.000000,0.000000,0,0.00
0.950000,-0.315,-0.031521,-0.031521,4.749,0.031521,0.000000,-0.000000,0.323,0.099,0.000000,0.000000,0.000000,0.000000,0.000000,0.000000,0,0.00
0.952000,-0.327,-0.032695,-0.032695,4.740,0.032695,0.000000,0.000000,0.339,0.102,0.000000,0.000000,0.000000,0.000000,0.000000,0.000000,0,0.00
0.954000,-0.335,-0.033475,-0.033475,4.734,0.033475,0.000000,-0.000000,0.340,0.105,0.000000,0.000000,0.000000,0.000000,0.000000,0.000000,0,0.00
0.956000,-0.339,-0.033861,-0.033861,4.731,0.033861,0.000000,-0.000000,0.311,0.106,0.000000,0.000000,0.000000,0.000000,0.000000,0.000000,0,0.00
0.958000,-0.322,-0.032168,-0.032168,4.744,0.032168,0.000000,0.000000,0.315,0.101,0.000000,0.000000,0.000000,0.000000,0.000000,0.000000,0,0.00
0.960000,-0.328,-0.032803,-0.032803,4.739,0.032803,0.000000,0.000000,0.327,0.103,0.000000,0.000000,0.000000,0.000000,0.000000,0.000000,0,0.00
0.962000,-0.316,-0.031617,-0.031617,4.749,0.031617,0.000000,-0.000000,0.335,0.099,0.000000,0.000000,0.000000,0.000000,0.000000,0.000000,0,0.00
0.964000,-0.322,-0.032181,-0.032181,4.744,0.032181,0.000000,-0.000000,0.339,0.101,0.000000,0.000000,0.000000,0.000000,0.000000,0.000000,0,0.00
0.966000,-0.339,-0.033863,-0.033863,4.731,0.033863,0.000000,0.000000,0.322,0.106,0.000000,0.000000,0.000000,0.000000,0.000000,0.000000,0,0.00
0.968000,-0.322,-0.032202,-0.032202,4.744,0.032202,0.000000,0.000000,0.328,0.101,0.000000,0.000000,0.000000,0.000000,0.000000,0.000000,0,0.00
0.970000,-0.333,-0.033315,-0.033315,4.735,0.033315,0.000000,0.000000,0.316,0.104,0.000000,0.000000,0.000000,0.000000,0.000000,0.000000,0,0.00
0.972000,-0.323,-0.032311,-0.032311,4.743,0.032311,0.000000,0.000000,0.322,0.101,0.000000,0.000000,0.000000,0.000000,0.000000,0.000000,0,0.00
0.974000,-0.347,-0.034659,-0.034659,4.725,0.034659,0.000000,0.000000,0.339,0.108,0.000000,0.000000,0.000000,0.000000,0.000000,0.000000,0,0.00
0.976000,-0.341,-0.034113,-0.034113,4.729,0.034113,0.000000,-0.000000,0.322,0.107,0.000000,0.000000,0.000000,0.000000,0.000000,0.000000,0,0.00
0.978000,-0.327,-0.032721,-0.032721,4.740,0.032721,0.000000,0.000000,0.333,0.102,0.000000,0.000000,0.000000,0.000000,0.000000,0.000000,0,0.00
0.980000,-0.317,-0.031717,-0.031717,4.748,0.031717,0.000000,-0.000000,0.323,0.099,0.000000,0.000000,0.000000,0.000000,0.000000,0.000000,0,0.00
0.982000,-0.344,-0.034369,-0.034369,4.727,0.034369,0.000000,0.000000,0.347,0.107,0.000000,0.000000,0.000000,0.000000,0.000000,0.000000,0,0.00
0.984000,-0.326,-0.032590,-0.032590,4.741,0.032590,0.000000,-0.000000,0.341,0.102,0.000000,0.000000,0.000000,0.000000,0.000000,0.000000,0,0.00
0.986000,-0.316,-0.031608,-0.031608,4.749,0.031608,0.000000,-0.000000,0.327,0.099,0.000000,0.000000,0.000000,0.000000,0.000000,0.000000,0,0.00
0.988000,-0.331,-0.033131,-0.033131,4.737,0.033131,0.000000,-0.000000,0.317,0.104,0.000000,0.000000,0.000000,0.000000,0.000000,0.000000,0,0.00
0.990000,-0.335,-0.033471,-0.033471,4.734,0.033471,0.000000,0.000000,0.344,0.105,0.000000,0.000000,0.000000,0.000000,0.000000,0.000000,0,0.00
0.992000,-0.344,-0.034440,-0.034440,4.726,0.034440,0.000000,-0.000000,0.326,0.108,0.000000,0.000000,0.000000,0.000000,0.000000,0.000000,0,0.00
0.994000,-0.325,-0.032526,-0.032526,4.741,0.032526,0.000000,-0.000000,0.316,0.102,0.000000,0.000000,0.000000,0.000000,0.000000,0.000000,0,0.00
0.996000,-0.317,-0.031740,-0.031740,4.748,0.031740,0.000000,-0.000000,0.331,0.099,0.000000,0.000000,0.000000,0.000000,0.000000,0.000000,0,0.00
0.998000,-0.317,-0.031734,-0.031734,4.748,0.031734,0.000000,-0.000000,0.335,0.099,0.000000,0.000000,0.000000,0.000000,0.000000,0.000000,0,0.00
1.000000,-0.336,-0.033586,-0.033586,4.733,0.033586,0.000000,0.000000,0.000,0.105,0.000000,0.000000,0.000000,0.000000,0.000000,0.000000,0,0.00
1.002000,-0.327,-0.032710,-0.032710,4.740,0.032710,0.000000,-0.000000,0.000,0.102,0.000000,0.000000,0.000000,0.000000,0.000000,0.000000,0,0.00
1.004000,-0.322,-0.032152,-0.032152,4.744,0.032152,0.000000,-0.000000,0.000,0.100,0.000000,0.000000,0.000000,0.000000,0.000000,0.000000,0,0.00
1.006000,-0.320,-0.032034,-0.032034,4.745,0.032034,0.000000,-0.000000,0.000,0.100,0.000000,0.000000,0.000000,0.000000,0.000000,0.000000,0,0.00
1.008000,-0.325,-0.032473,-0.032473,4.742,0.032473,0.000000,-0.000000,0.336,0.101,0.000000,0.000000,0.000000,0.000000,0.000000,0.000000,0,0.00
1.010000,-0.337,-0.033690,-0.033690,4.732,0.033690,0.000000,0.000000,0.327,0.105,0.000000,0.000000,0.000000,0.000000,0.000000,0.000000,0,0.00
1.012000,-0.346,-0.034561,-0.034561,4.726,0.034561,0.000000,0.000000,0.322,0.108,0.000000,0.000000,0.000000,0.000000,0.000000,0.000000,0,0.00
1.014000,-0.333,-0.033300,-0.033300,4.735,0.033300,0.000000,0.000000,0.320,0.104,0.000000,0.000000,0.000000,0.000000,0.000000,0.000000,0,0.00
1.016000,-0.318,-0.031758,-0.031758,4.747,0.031758,0.000000,-0.000000,0.325,0.099,0.000000,0.000000,0.000000,0.000000,0.000000,0.000000,0,0.00
1.018000,-0.319,-0.031889,-0.031889,4.746,0.031889,0.000000,-0.000000,0.337,0.100,0.000000,0.000000,0.000000,0.000000,0.000000,0.000000,0,0.00
1.020000,-0.327,-0.032712,-0.032712,4.740,0.032712,0.000000,-0.000000,0.346,0.102,0.000000,0.000000,0.000000,0.000000,0.000000,0.000000,0,0.00
1.022000,-0.313,-0.031270,-0.031270,4.751,0.031270,0.000000,-0.000000,0.333,0.098,0.000000,0.000000,0.000000,0.000000,0.000000,0.000000,0,0.00
1.024000,-0.324,-0.032359,-0.032359,4.743,0.032359,0.000000,-0.000000,0.318,0.101,0.000000,0.000000,0.000000,0.000000,0.000000,0.000000,0,0.00
1.026000,-0.309,-0.030914,-0.030914,4.754,0.030914,0.000000,-0.000000,0.319,0.097,0.000000,0.000000,0.000000,0.000000,0.000000,0.000000,0,0.00
1.028000,-0.304,-0.030363,-0.030363,4.758,0.030363,0.000000,-0.000000,0.327,0.095,0.000000,0.000000,0.000000,0.000000,0.000000,0.000000,0,0.00
1.030000,-0.314,-0.031431,-0.031431,4.750,0.031431,0.000000,-0.000000,0.313,0.098,0.000000,0.000000,0.000000,0.000000,0.000000,0.000000,0,0.00
1.032000,-0.326,-0.032594,-0.032594,4.741,0.032594,0.000000,0.000000,0.324,0.102,0.000000,0.000000,0.000000,0.000000,0.000000,0.000000,0,0.00
1.034000,-0.303,-0.030338,-0.030338,4.758,0.030338,0.000000,-0.000000,0.309,0.095,0.000000,0.000000,0.000000,0.000000,0.000000,0.000000,0,0.00
1.036000,-0.309,-0.030852,-0.030852,4.754,0.030852,0.000000,-0.000000,0.304,0.096,0.000000,0.000000,0.000000,0.000000,0.000000,0.000000,0,0.00
1.038000,-0.298,-0.029837,-0.029837,4.762,0.029837,0.000000,-0.000000,0.314,0.093,0.000000,0.000000,0.000000,0.000000,0.000000,0.000000,0,0.00
1.040000,-0.313,-0.031313,-0.031313,4.751,0.031313,0.000000,-0.000000,0.326,0.098,0.000000,0.000000,0.000000,0.000000,0.000000,0.000000,0,0.00
1.042000,-0.288,-0.028771,-0.028771,4.771,0.028771,0.000000,-0.000000,0.303,0.090,0.000000,0.000000,0.000000,0.000000,0.000000,0.000000,0,0.00
1.044000,-0.312,-0.031160,-0.031160,4.752,0.031160,0.000000,0.000000,0.309,0.097,0.000000,0.000000,0.000000,0.000000,0.000000,0.000000,0,0.00
1.046000,-0.301,-0.030149,-0.030149,4.760,0.030149,0.000000,-0.000000,0.298,0.094,0.000000,0.000000,0.000000,0.000000,0.000000,0.000000,0,0.00
1.048000,-0.281,-0.028119,-0.028119,4.776,0.028119,0.000000,-0.000000,0.313,0.088,0.000000,0.000000,0.000000,0.000000,0.000000,0.000000,0,0.00
1.050000,-0.300,-0.029951,-0.029951,4.762,0.029951,0.000000,-0.000000,0.288,0.094,0.000000,0.000000,0.000000,0.000000,0.000000,0.000000,0,0.00
1.052000,-0.298,-0.029769,-0.029769,4.763,0.029769,0.000000,0.000000,0.312,0.093,0.000000,0.000000,0.000000,0.000000,0.000000,0.000000,0,0.00
1.054000,-0.282,-0.028196,-0.028196,4.775,0.028196,0.000000,-0.000000,0.301,0.088,0.000000,0.000000,0.000000,0.000000,0.000000,0.000000,0,0.00
1.056000,-0.289,-0.028875,-0.028875,4.770,0.028875,0.000000,-0.000000,0.281,0.090,0.000000,0.000000,0.000000,0.000000,0.000000,0.000000,0,0.00
1.058000,-0.290,-0.028995,-0.028995,4.769,0.028995,0.000000,0.000000,0.300,0.091,0.000000,0.000000,0.000000,0.000000,0.000000,0.000000,0,0.00
1.060000,-0.293,-0.029340,-0.029340,4.766,0.029340,0.000000,-0.000000,0.298,0.092,0.000000,0.000000,0.000000,0.000000,0.000000,0.000000,0,0.00
1.062000,-0.294,-0.029370,-0.029370,4.766,0.029370,0.000000,-0.000000,0.282,0.092,0.000000,0.000000,0.000000,0.000000,0.000000,0.000000,0,0.00
1.064000,-0.285,-0.028527,-0.028527,4.773,0.028527,0.000000,0.000000,0.289,0.089,0.000000,0.000000,0.000000,0.000000,0.000000,0.000000,0,0.00
1.066000,-0.265,-0.026483,-0.026483,4.789,0.026483,0.000000,-0.000000,0.290,0.083,0.000000,0.000000,0.000000,0.000000,0.000000,0.000000,0,0.00
1.068000,-0.273,-0.027320,-0.027320,4.782,0.027320,0.000000,-0.000000,0.293,0.085,0.000000,0.000000,0.000000,0.000000,0.000000,0.000000,0,0.00
1.070000,-0.277,-0.027731,-0.027731,4.779,0.027731,0.000000,-0.000000,0.294,0.087,0.000000,0.000000,0.000000,0.000000,0.000000,0.000000,0,0.00
1.072000,-0.274,-0.027437,-0.027437,4.781,0.027437,0.000000,-0.000000,0.285,0.086,0.000000,0.000000,0.000000,0.000000,0.000000,0.000000,0,0.00
1.074000,-0.278,-0.027756,-0.027756,4.779,0.027756,0.000000,-0.000000,0.265,0.087,0.000000,0.000000,0.000000,0.000000,0.000000,0.000000,0,0.00
1.076000,-0.267,-0.026744,-0.026744,4.787,0.026744,0.000000,0.000000,0.273,0.084,0.000000,0.000000,0.000000,0.000000,0.000000,0.000000,0,0.00
1.078000,-0.266,-0.026643,-0.026643,4.787,0.026643,0.000000,-0.000000,0.277,0.083,0.000000,0.000000,0.000000,0.000000,0.000000,0.000000,0,0.00
1.080000,-0.262,-0.026215,-0.026215,4.791,0.026215,0.000000,-0.000000,0.274,0.082,0.000000,0.000000,0.000000,0.000000,0.000000,0.000000,0,0.00
1.082000,-0.267,-0.026747,-0.026747,4.787,0.026747,0.000000,-0.000000,0.278,0.084,0.000000,0.000000,0.000000,0.000000,0.000000,0.000000,0,0.00
1.084000,-0.255,-0.025451,-0.025451,4.797,0.025451,0.000000,-0.000000,0.267,0.080,0.000000,0.000000,0.000000,0.000000,0.000000,0.000000,0,0.00
1.086000,-0.252,-0.025249,-0.025249,4.798,0.025249,0.000000,-0.000000,0.266,0.079,0.000000,0.000000,0.000000,0.000000,0.000000,0.000000,0,0.00
1.088000,-0.239,-0.023949,-0.023949,4.808,0.023949,0.000000,-0.000000,0.262,0.075,0.000000,0.000000,0.000000,0.000000,0.000000,0.000000,0,0.00
1.090000,-0.235,-0.023502,-0.023502,4.812,0.023502,0.000000,-0.000000,0.267,0.073,0.000000,0.000000,0.000000,0.000000,0.000000,0.000000,0,0.00
1.092000,-0.233,-0.023331,-0.023331,4.813,0.023331,0.000000,-0.000000,0.255,0.073,0.000000,0.000000,0.000000,0.000000,0.000000,0.000000,0,0.00
1.094000,-0.237,-0.023672,-0.023672,4.811,0.023672,0.000000,-0.000000,0.252,0.074,0.000000,0.000000,0.000000,0.000000,0.000000,0.000000,0,0.00
1.096000,-0.242,-0.024157,-0.024157,4.807,0.024157,0.000000,-0.000000,0.239,0.075,0.000000,0.000000,0.000000,0.000000,0.000000,0.000000,0,0.00
1.098000,-0.236,-0.023599,-0.023599,4.811,0.023599,0.000000,-0.000000,0.235,0.074,0.000000,0.000000,0.000000,0.000000,0.000000,0.000000,0,0.00
1.100000,-0.223,-0.022332,-0.022332,4.821,0.022332,0.000000,0.000000,0.000,0.070,0.000000,0.000000,0.000000,0.000000,0.000000,0.000000,0,0.00
1.102000,-0.218,-0.021758,-0.021758,4.825,0.021758,0.000000,-0.000000,0.000,0.068,0.000000,0.000000,0.000000,0.000000,0.000000,0.000000,0,0.00
1.104000,-0.226,-0.022586,-0.022586,4.819,0.022586,0.000000,0.000000,0.000,0.071,0.000000,0.000000,0.000000,0.000000,0.000000,0.000000,0,0.00
1.106000,-0.212,-0.021228,-0.021228,4.830,0.021228,0.000000,-0.000000,0.000,0.066,0.000000,0.000000,0.000000,0.000000,0.000000,0.000000,0,0.00
1.108000,-0.198,-0.019820,-0.019820,4.841,0.019820,0.000000,-0.000000,0.223,0.062,0.000000,0.000000,0.000000,0.000000,0.000000,0.000000,0,0.00
1.110000,-0.211,-0.021111,-0.021111,4.831,0.021111,0.000000,-0.000000,0.218,0.066,0.000000,0.000000,0.000000,0.000000,0.000000,0.000000,0,0.00
1.112000,-0.195,-0.019537,-0.019537,4.843,0.019537,0.000000,-0.000000,0.226,0.061,0.000000,0.000000,0.000000,0.000000,0.000000,0.000000,0,0.00
1.114000,-0.215,-0.021511,-0.021511,4.827,0.021511,0.000000,-0.000000,0.212,0.067,0.000000,0.000000,0.000000,0.000000,0.000000,0.000000,0,0.00
1.116000,-0.199,-0.019891,-0.019891,4.840,0.019891,0.000000,-0.000000,0.198,0.062,0.000000,0.000000,0.000000,0.000000,0.000000,0.000000,0,0.00
1.118000,-0.182,-0.018178,-0.018178,4.853,0.018178,0.000000,-0.000000,0.211,0.057,0.000000,0.000000,0.000000,0.000000,0.000000,0.000000,0,0.00
1.120000,-0.181,-0.018067,-0.018067,4.854,0.018067,0.000000,-0.000000,0.195,0.056,0.000000,0.000000,0.000000,0.000000,0.000000,0.000000,0,0.00
1.122000,-0.173,-0.017334,-0.017334,4.860,0.017334,0.000000,-0.000000,0.215,0.054,0.000000,0.000000,0.000000,0.000000,0.000000,0.000000,0,0.00
1.124000,-0.181,-0.018109,-0.018109,4.854,0.018109,0.000000,-0.000000,0.199,0.057,0.000000,0.000000,0.000000,0.000000,0.000000,0.000000,0,0.00
1.126000,-0.163,-0.016326,-0.016326,4.868,0.016326,0.000000,-0.000000,0.182,0.051,0.000000,0.000000,0.000000,0.000000,0.000000,0.000000,0,0.00
1.128000,-0.189,-0.018906,-0.018906,4.848,0.018906,0.000000,-0.000000,0.181,0.059,0.000000,0.000000,0.000000,0.000000,0.000000,0.000000,0,0.00
1.130000,-0.175,-0.017506,-0.017506,4.859,0.017506,0.000000,-0.000000,0.173,0.055,0.000000,0.000000,0.000000,0.000000,0.000000,0.000000,0,0.00
1.132000,-0.156,-0.015591,-0.015591,4.874,0.015591,0.000000,-0.000000,0.181,0.049,0.000000,0.000000,0.000000,0.000000,0.000000,0.000000,0,0.00
1.134000,-0.162,-0.016209,-0.016209,4.869,0.016209,0.000000,-0.000000,0.163,0.051,0.000000,0.000000,0.000000,0.000000,0.000000,0.000000,0,0.00
1.136000,-0.160,-0.015991,-0.015991,4.870,0.015991,0.000000,-0.000000,0.189,0.050,0.000000,0.000000,0.000000,0.000000,0.000000,0.000000,0,0.00
1.138000,-0.153,-0.015287,-0.015287,4.876,0.015287,0.000000,-0.000000,0.175,0.048,0.000000,0.000000,0.000000,0.000000,0.000000,0.000000,0,0.00
1.140000,-0.159,-0.015939,-0.015939,4.871,0.015939,0.000000,-0.000000,0.156,0.050,0.000000,0.000000,0.000000,0.000000,0.000000,0.000000,0,0.00
1.142000,-0.160,-0.016048,-0.016048,4.870,0.016048,0.000000,0.000000,0.162,0.050,0.000000,0.000000,0.000000,0.000000,0.000000,0.000000,0,0.00
1.144000,-0.133,-0.013324,-0.013324,4.891,0.013324,0.000000,-0.000000,0.160,0.042,0.000000,0.000000,0.000000,0.000000,0.000000,0.000000,0,0.00
1.146000,-0.125,-0.012469,-0.012469,4.898,0.012469,0.000000,-0.000000,0.153,0.039,0.000000,0.000000,0.000000,0.000000,0.000000,0.000000,0,0.00
1.148000,-0.146,-0.014597,-0.014597,4.881,0.014597,0.000000,-0.000000,0.159,0.046,0.000000,0.000000,0.000000,0.000000,0.000000,0.000000,0,0.00
1.150000,-0.140,-0.014021,-0.014021,4.886,0.014021,0.000000,-0.000000,0.160,0.044,0.000000,0.000000,0.000000,0.000000,0.000000,0.000000,0,0.00
1.152000,-0.122,-0.012204,-0.012204,4.900,0.012204,0.000000,-0.000000,0.133,0.038,0.000000,0.000000,0.000000,0.000000,0.000000,0.000000,0,0.00
1.154000,-0.122,-0.012182,-0.012182,4.900,0.012182,0.000000,-0.000000,0.125,0.038,0.000000,0.000000,0.000000,0.000000,0.000000,0.000000,0,0.00
1.156000,-0.115,-0.011496,-0.011496,4.906,0.011496,0.000000,-0.000000,0.146,0.036,0.000000,0.000000,0.000000,0.000000,0.000000,0.000000,0,0.00
1.158000,-0.111,-0.011122,-0.011122,4.908,0.011122,0.000000,-0.000000,0.140,0.035,0.000000,0.000000,0.000000,0.000000,0.000000,0.000000,0,0.00
1.160000,-0.110,-0.010972,-0.010972,4.910,0.010972,0.000000,-0.000000,0.122,0.034,0.000000,0.000000,0.000000,0.000000,0.000000,0.000000,0,0.00
1.162000,-0.094,-0.009358,-0.009358,4.922,0.009358,0.000000,-0.000000,0.122,0.029,0.000000,0.000000,0.000000,0.000000,0.000000,0.000000,0,0.00
1.164000,-0.105,-0.010469,-0.010469,4.914,0.010469,0.000000,-0.000000,0.115,0.033,0.000000,0.000000,0.000000,0.000000,0.000000,0.000000,0,0.00
1.166000,-0.090,-0.009011,-0.009011,4.925,0.009011,0.000000,-0.000000,0.111,0.028,0.000000,0.000000,0.000000,0.000000,0.000000,0.000000,0,0.00
1.168000,-0.079,-0.007921,-0.007921,4.933,0.007921,0.000000,-0.000000,0.110,0.025,0.000000,0.000000,0.000000,0.000000,0.000000,0.000000,0,0.00
1.170000,-0.090,-0.009041,-0.009041,4.925,0.009041,0.000000,-0.000000,0.094,0.028,0.000000,0.000000,0.000000,0.000000,0.000000,0.000000,0,0.00
1.172000,-0.071,-0.007076,-0.007076,4.940,0.007076,0.000000,-0.000000,0.105,0.022,0.000000,0.000000,0.000000,0.000000,0.000000,0.000000,0,0.00
1.174000,-0.078,-0.007756,-0.007756,4.935,0.007756,0.000000,-0.000000,0.090,0.024,0.000000,0.000000,0.000000,0.000000,0.000000,0.000000,0,0.00
1.176000,-0.062,-0.006160,-0.006160,4.947,0.006160,0.000000,-0.000000,0.079,0.019,0.000000,0.000000,0.000000,0.000000,0.000000,0.000000,0,0.00
1.178000,-0.050,-0.004959,-0.004959,4.957,0.004959,0.000000,-0.000000,0.090,0.015,0.000000,0.000000,0.000000,0.000000,0.000000,0.000000,0,0.00
1.180000,-0.063,-0.006312,-0.006312,4.946,0.006312,0.000000,-0.000000,0.071,0.020,0.000000,0.000000,0.000000,0.000000,0.000000,0.000000,0,0.00
1.182000,-0.060,-0.006046,-0.006046,4.948,0.006046,0.000000,-0.000000,0.078,0.019,0.000000,0.000000,0.000000,0.000000,0.000000,0.000000,0,0.00
1.184000,-0.053,-0.005341,-0.005341,4.954,0.005341,0.000000,-0.000000,0.062,0.017,0.000000,0.000000,0.000000,0.000000,0.000000,0.000000,0,0.00
1.186000,-0.024,-0.002408,-0.002408,4.976,0.002408,0.000000,-0.000000,0.050,0.008,0.000000,0.000000,0.000000,0.000000,0.000000,0.000000,0,0.00
1.188000,-0.029,-0.002890,-0.002890,4.973,0.002890,0.000000,-0.000000,0.063,0.009,0.000000,0.000000,0.000000,0.000000,0.000000,0.000000,0,0.00
1.190000,-0.024,-0.002397,-0.002397,4.977,0.002397,0.000000,-0.000000,0.060,0.007,0.000000,0.000000,0.000000,0.000000,0.000000,0.000000,0,0.00
1.192000,-0.017,-0.001737,-0.001737,4.982,0.001737,0.000000,-0.000000,0.053,0.005,0.000000,0.000000,0.000000,0.000000,0.000000,0.000000,0,0.00
1.194000,-0.031,-0.003105,-0.003105,4.971,0.003105,0.000000,-0.000000,0.024,0.010,0.000000,0.000000,0.000000,0.000000,0.000000,0.000000,0,0.00
1.196000,-0.023,-0.002286,-0.002286,4.977,0.002286,0.000000,-0.000000,0.029,0.007,0.000000,0.000000,0.000000,0.000000,0.000000,0.000000,0,0.00
1.198000,-0.020,-0.002050,-0.002050,4.979,0.002050,0.000000,-0.000000,0.024,0.006,0.000000,0.000000,0.000000,0.000000,0.000000,0.000000,0,0.00
1.200000,0.020,0.001974,0.001974,4.980,-0.001974,0.000000,-0.000000,0.000,0.006,0.000000,0.000000,0.000000,0.000000,0.000000,0.000000,0,0.00
1.202000,-0.003,-0.000307,-0.000307,4.993,0.000307,0.000000,0.000000,0.000,0.001,0.000000,0.000000,0.000000,0.000000,0.000000,0.000000,0,0.00
1.204000,0.009,0.000875,0.000875,4.988,-0.000875,0.000000,0.000000,0.000,0.003,0.000000,0.000000,0.000000,0.000000,0.000000,0.000000,0,0.00
1.206000,0.007,0.000708,0.000708,4.990,-0.000708,0.000000,0.000000,0.000,0.002,0.000000,0.000000,0.000000,0.000000,0.000000,0.000000,0,0.00
1.208000,0.017,0.001691,0.001691,4.982,-0.001691,0.000000,-0.000000,-0.020,0.005,0.000000,0.000000,0.000000,0.000000,0.000000,0.000000,0,0.00
1.210000,0.017,0.001736,0.001736,4.982,-0.001736,0.000000,-0.000000,0.003,0.005,0.000000,0.000000,0.000000,0.000000,0.000000,0.000000,0,0.00
1.212000,0.032,0.003206,0.003206,4.970,-0.003206,0.000000,-0.000000,-0.009,0.010,0.000000,0.000000,0.000000,0.000000,0.000000,0.000000,0,0.00
1.214000,0.043,0.004259,0.004259,4.962,-0.004259,0.000000,-0.000000,-0.007,0.013,0.000000,0.000000,0.000000,0.000000,0.000000,0.000000,0,0.00
1.216000,0.014,0.001437,0.001437,4.984,-0.001437,0.000000,-0.000000,-0.017,0.004,0.000000,0.000000,0.000000,0.000000,0.000000,0.000000,0,0.00
1.218000,0.013,0.001295,0.001295,4.985,-0.001295,0.000000,0.000000,-0.017,0.004,0.000000,0.000000,0.000000,0.000000,0.000000,0.000000,0,0.00
1.220000,0.048,0.004840,0.004840,4.958,-0.004840,0.000000,-0.000000,-0.032,0.015,0.000000,0.000000,0.000000,0.000000,0.000000,0.000000,0,0.00
1.222000,0.036,0.003618,0.003618,4.967,-0.003618,0.000000,0.000000,-0.043,0.011,0.000000,0.000000,0.000000,0.000000,0.000000,0.000000,0,0.00
1.224000,0.043,0.004307,0.004307,4.962,-0.004307,0.000000,0.000000,-0.014,0.013,0.000000,0.000000,0.000000,0.000000,0.000000,0.000000,0,0.00
1.226000,0.062,0.006180,0.006180,4.947,-0.006180,0.000000,-0.000000,-0.013,0.019,0.000000,0.000000,0.000000,0.000000,0.000000,0.000000,0,0.00
1.228000,0.064,0.006445,0.006445,4.945,-0.006445,0.000000,-0.000000,-0.048,0.020,0.000000,0.000000,0.000000,0.000000,0.000000,0.000000,0,0.00
1.230000,0.069,0.006901,0.006901,4.941,-0.006901,0.000000,-0.000000,-0.036,0.022,0.000000,0.000000,0.000000,0.000000,0.000000,0.000000,0,0.00
1.232000,0.081,0.008135,0.008135,4.932,-0.008135,0.000000,-0.000000,-0.043,0.025,0.000000,0.000000,0.000000,0.000000,0.000000,0.000000,0,0.00
1.234000,0.070,0.007019,0.007019,4.940,-0.007019,0.000000,-0.000000,-0.062,0.022,0.000000,0.000000,0.000000,0.000000,0.000000,0.000000,0,0.00
1.236000,0.091,0.009135,0.009135,4.924,-0.009135,0.000000,-0.000000,-0.064,0.029,0.000000,0.000000,0.000000,0.000000,0.000000,0.000000,0,0.00
1.238000,0.097,0.009691,0.009691,4.920,-0.009691,0.000000,-0.000000,-0.069,0.030,0.000000,0.000000,0.000000,0.000000,0.000000,0.000000,0,0.00
1.240000,0.096,0.009615,0.009615,4.920,-0.009615,0.000000,-0.000000,-0.081,0.030,0.000000,0.000000,0.000000,0.000000,0.000000,0.000000,0,0.00
1.242000,0.100,0.009987,0.009987,4.917,-0.009987,0.000000,-0.000000,-0.070,0.031,0.000000,0.000000,0.000000,0.000000,0.000000,0.000000,0,0.00
1.244000,0.103,0.010293,0.010293,4.915,-0.010293,0.000000,-0.000000,-0.091,0.032,0.000000,0.000000,0.000000,0.000000,0.000000,0.000000,0,0.00
1.246000,0.117,0.011663,0.011663,4.904,-0.011663,0.000000,-0.000000,-0.097,0.036,0.000000,0.000000,0.000000,0.000000,0.000000,0.000000,0,0.00
1.248000,0.123,0.012256,0.012256,4.900,-0.012256,0.000000,-0.000000,-0.096,0.038,0.000000,0.000000,0.000000,0.000000,0.000000,0.000000,0,0.00
1.250000,0.124,0.012362,0.012362,4.899,-0.012362,0.000000,-0.000000,-0.100,0.039,0.000000,0.000000,0.000000,0.000000,0.000000,0.000000,0,0.00
1.252000,0.123,0.012253,0.012253,4.900,-0.012253,0.000000,-0.000000,-0.103,0.038,0.000000,0.000000,0.000000,0.000000,0.000000,0.000000,0,0.00
1.254000,0.134,0.013403,0.013403,4.891,-0.013403,0.000000,-0.000000,-0.117,0.042,0.000000,0.000000,0.000000,0.000000,0.000000,0.000000,0,0.00
1.256000,0.141,0.014090,0.014090,4.885,-0.014090,0.000000,-0.000000,-0.123,0.044,0.000000,0.000000,0.000000,0.000000,0.000000,0.000000,0,0.00
1.258000,0.150,0.015040,0.015040,4.878,-0.015040,0.000000,-0.000000,-0.124,0.047,0.000000,0.000000,0.000000,0.000000,0.000000,0.000000,0,0.00
1.260000,0.148,0.014756,0.014756,4.880,-0.014756,0.000000,-0.000000,-0.123,0.046,0.000000,0.000000,0.000000,0.000000,0.000000,0.000000,0,0.00
1.262000,0.152,0.015158,0.015158,4.877,-0.015158,0.000000,-0.000000,-0.134,0.047,0.000000,0.000000,0.000000,0.000000,0.000000,0.000000,0,0.00
1.264000,0.144,0.014394,0.014394,4.883,-0.014394,0.000000,-0.000000,-0.141,0.045,0.000000,0.000000,0.000000,0.000000,0.000000,0.000000,0,0.00
1.266000,0.167,0.016714,0.016714,4.865,-0.016714,0.000000,-0.000000,-0.150,0.052,0.000000,0.000000,0.000000,0.000000,0.000000,0.000000,0,0.00
1.268000,0.160,0.016033,0.016033,4.870,-0.016033,0.000000,-0.000000,-0.148,0.050,0.000000,0.000000,0.000000,0.000000,0.000000,0.000000,0,0.00
1.270000,0.173,0.017272,0.017272,4.860,-0.017272,0.000000,-0.000000,-0.152,0.054,0.000000,0.000000,0.000000,0.000000,0.000000,0.000000,0,0.00
1.272000,0.176,0.017578,0.017578,4.858,-0.017578,0.000000,-0.000000,-0.144,0.055,0.000000,0.000000,0.000000,0.000000,0.000000,0.000000,0,0.00
1.274000,0.171,0.017122,0.017122,4.862,-0.017122,0.000000,-0.000000,-0.167,0.054,0.000000,0.000000,0.000000,0.000000,0.000000,0.000000,0,0.00
1.276000,0.195,0.019548,0.019548,4.843,-0.019548,0.000000,-0.000000,-0.160,0.061,0.000000,0.000000,0.000000,0.000000,0.000000,0.000000,0,0.00
1.278000,0.203,0.020260,0.020260,4.837,-0.020260,0.000000,-0.000000,-0.173,0.063,0.000000,0.000000,0.000000,0.000000,0.000000,0.000000,0,0.00
1.280000,0.188,0.018788,0.018788,4.849,-0.018788,0.000000,-0.000000,-0.176,0.059,0.000000,0.000000,0.000000,0.000000,0.000000,0.000000,0,0.00
1.282000,0.199,0.019884,0.019884,4.840,-0.019884,0.000000,-0.000000,-0.171,0.062,0.000000,0.000000,0.000000,0.000000,0.000000,0.000000,0,0.00
1.284000,0.227,0.022677,0.022677,4.818,-0.022677,0.000000,-0.000000,-0.195,0.071,0.000000,0.000000,0.000000,0.000000,0.000000,0.000000,0,0.00
1.286000,0.228,0.022777,0.022777,4.817,-0.022777,0.000000,-0.000000,-0.203,0.071,0.000000,0.000000,0.000000,0.000000,0.000000,0.000000,0,0.00
1.288000,0.212,0.021162,0.021162,4.830,-0.021162,0.000000,-0.000000,-0.188,0.066,0.000000,0.000000,0.000000,0.000000,0.000000,0.000000,0,0.00
1.290000,0.208,0.020754,0.020754,4.833,-0.020754,0.000000,-0.000000,-0.199,0.065,0.000000,0.000000,0.000000,0.000000,0.000000,0.000000,0,0.00
1.292000,0.217,0.021741,0.021741,4.826,-0.021741,0.000000,-0.000000,-0.227,0.068,0.000000,0.000000,0.000000,0.000000,0.000000,0.000000,0,0.00
1.294000,0.242,0.024248,0.024248,4.806,-0.024248,0.000000,-0.000000,-0.228,0.076,0.000000,0.000000,0.000000,0.000000,0.000000,0.000000,0,0.00
1.296000,0.219,0.021917,0.021917,4.824,-0.021917,0.000000,0.000000,-0.212,0.068,0.000000,0.000000,0.000000,0.000000,0.000000,0.000000,0,0.00
1.298000,0.228,0.022830,0.022830,4.817,-0.022830,0.000000,-0.000000,-0.208,0.071,0.000000,0.000000,0.000000,0.000000,0.000000,0.000000,0,0.00
1.300000,0.236,0.023611,0.023611,4.811,-0.023611,0.000000,-0.000000,0.000,0.074,0.000000,0.000000,0.000000,0.000000,0.000000,0.000000,0,0.00
1.302000,0.252,0.025158,0.025158,4.799,-0.025158,0.000000,-0.000000,0.000,0.079,0.000000,0.000000,0.000000,0.000000,0.000000,0.000000,0,0.00
1.304000,0.258,0.025822,0.025822,4.794,-0.025822,0.000000,-0.000000,0.000,0.081,0.000000,0.000000,0.000000,0.000000,0.000000,0.000000,0,0.00
1.306000,0.243,0.024296,0.024296,4.806,-0.024296,0.000000,-0.000000,0.000,0.076,0.000000,0.000000,0.000000,0.000000,0.000000,0.000000,0,0.00
1.308000,0.252,0.025220,0.025220,4.798,-0.025220,0.000000,-0.000000,-0.236,0.079,0.000000,0.000000,0.000000,0.000000,0.000000,0.000000,0,0.00
1.310000,0.287,0.028682,0.028682,4.771,-0.028682,0.000000,-0.000000,-0.252,0.090,0.000000,0.000000,0.000000,0.000000,0.000000,0.000000,0,0.00
1.312000,0.274,0.027419,0.027419,4.781,-0.027419,0.000000,-0.000000,-0.258,0.086,0.000000,0.000000,0.000000,0.000000,0.000000,0.000000,0,0.00
1.314000,0.269,0.026944,0.026944,4.785,-0.026944,0.000000,-0.000000,-0.243,0.084,0.000000,0.000000,0.000000,0.000000,0.000000,0.000000,0,0.00
1.316000,0.270,0.027034,0.027034,4.784,-0.027034,0.000000,-0.000000,-0.252,0.084,0.000000,0.000000,0.000000,0.000000,0.000000,0.000000,0,0.00
1.318000,0.299,0.029924,0.029924,4.762,-0.029924,0.000000,-0.000000,-0.287,0.094,0.000000,0.000000,0.000000,0.000000,0.000000,0.000000,0,0.00
1.320000,0.287,0.028724,0.028724,4.771,-0.028724,0.000000,-0.000000,-0.274,0.090,0.000000,0.000000,0.000000,0.000000,0.000000,0.000000,0,0.00
1.322000,0.307,0.030740,0.030740,4.755,-0.030740,0.000000,-0.000000,-0.269,0.096,0.000000,0.000000,0.000000,0.000000,0.000000,0.000000,0,0.00
1.324000,0.308,0.030838,0.030838,4.755,-0.030838,0.000000,-0.000000,-0.270,0.096,0.000000,0.000000,0.000000,0.000000,0.000000,0.000000,0,0.00
1.326000,0.290,0.028980,0.028980,4.769,-0.028980,0.000000,-0.000000,-0.299,0.091,0.000000,0.000000,0.000000,0.000000,0.000000,0.000000,0,0.00
1.328000,0.292,0.029234,0.029234,4.767,-0.029234,0.000000,0.000000,-0.287,0.091,0.000000,0.000000,0.000000,0.000000,0.000000,0.000000,0,0.00
1.330000,0.300,0.029962,0.029962,4.761,-0.029962,0.000000,-0.000000,-0.307,0.094,0.000000,0.000000,0.000000,0.000000,0.000000,0.000000,0,0.00
1.332000,0.320,0.032049,0.032049,4.745,-0.032049,0.000000,-0.000000,-0.308,0.100,0.000000,0.000000,0.000000,0.000000,0.000000,0.000000,0,0.00
1.334000,0.318,0.031818,0.031818,4.747,-0.031818,0.000000,-0.000000,-0.290,0.099,0.000000,0.000000,0.000000,0.000000,0.000000,0.000000,0,0.00
1.336000,0.319,0.031943,0.031943,4.746,-0.031943,0.000000,-0.000000,-0.292,0.100,0.000000,0.000000,0.000000,0.000000,0.000000,0.000000,0,0.00
1.338000,0.307,0.030704,0.030704,4.756,-0.030704,0.000000,-0.000000,-0.300,0.096,0.000000,0.000000,0.000000,0.000000,0.000000,0.000000,0,0.00
1.340000,0.330,0.033034,0.033034,4.737,-0.033034,0.000000,-0.000000,-0.320,0.103,0.000000,0.000000,0.000000,0.000000,0.000000,0.000000,0,0.00
1.342000,0.350,0.034979,0.034979,4.722,-0.034979,0.000000,-0.000000,-0.318,0.109,0.000000,0.000000,0.000000,0.000000,0.000000,0.000000,0,0.00
1.344000,0.337,0.033697,0.033697,4.732,-0.033697,0.000000,-0.000000,-0.319,0.105,0.000000,0.000000,0.000000,0.000000,0.000000,0.000000,0,0.00
1.346000,0.318,0.031763,0.031763,4.747,-0.031763,0.000000,-0.000000,-0.307,0.099,0.000000,0.000000,0.000000,0.000000,0.000000,0.000000,0,0.00
1.348000,0.346,0.034603,0.034603,4.725,-0.034603,0.000000,-0.000000,-0.330,0.108,0.000000,0.000000,0.000000,0.000000,0.000000,0.000000,0,0.00
1.350000,0.357,0.035668,0.035668,4.717,-0.035668,0.000000,-0.000000,-0.350,0.111,0.000000,0.000000,0.000000,0.000000,0.000000,0.000000,0,0.00
1.352000,0.324,0.032377,0.032377,4.743,-0.032377,0.000000,0.000000,-0.337,0.101,0.000000,0.000000,0.000000,0.000000,0.000000,0.000000,0,0.00
1.354000,0.351,0.035075,0.035075,4.722,-0.035075,0.000000,-0.000000,-0.318,0.110,0.000000,0.000000,0.000000,0.000000,0.000000,0.000000,0,0.00
1.356000,0.353,0.035279,0.035279,4.720,-0.035279,0.000000,-0.000000,-0.346,0.110,0.000000,0.000000,0.000000,0.000000,0.000000,0.000000,0,0.00
1.358000,0.350,0.034963,0.034963,4.722,-0.034963,0.000000,-0.000000,-0.357,0.109,0.000000,0.000000,0.000000,0.000000,0.000000,0.000000,0,0.00
1.360000,0.344,0.034366,0.034366,4.727,-0.034366,0.000000,0.000000,-0.324,0.107,0.000000,0.000000,0.000000,0.000000,0.000000,0.000000,0,0.00
1.362000,0.370,0.036975,0.036975,4.707,-0.036975,0.000000,-0.000000,-0.351,0.116,0.000000,0.000000,0.000000,0.000000,0.000000,0.000000,0,0.00
1.364000,0.374,0.037401,0.037401,4.703,-0.037401,0.000000,-0.000000,-0.353,0.117,0.000000,0.000000,0.000000,0.000000,0.000000,0.000000,0,0.00
1.366000,0.350,0.035007,0.035007,4.722,-0.035007,0.000000,0.000000,-0.350,0.109,0.000000,0.000000,0.000000,0.000000,0.000000,0.000000,0,0.00
1.368000,0.362,0.036150,0.036150,4.713,-0.036150,0.000000,0.000000,-0.344,0.113,0.000000,0.000000,0.000000,0.000000,0.000000,0.000000,0,0.00
1.370000,0.376,0.037588,0.037588,4.702,-0.037588,0.000000,-0.000000,-0.370,0.117,0.000000,0.000000,0.000000,0.000000,0.000000,0.000000,0,0.00
1.372000,0.374,0.037366,0.037366,4.704,-0.037366,0.000000,-0.000000,-0.374,0.117,0.000000,0.000000,0.000000,0.000000,0.000000,0.000000,0,0.00
1.374000,0.383,0.038278,0.038278,4.697,-0.038278,0.000000,-0.000000,-0.350,0.120,0.000000,0.000000,0.000000,0.000000,0.000000,0.000000,0,0.00
1.376000,0.375,0.037513,0.037513,4.702,-0.037513,0.000000,-0.000000,-0.362,0.117,0.000000,0.000000,0.000000,0.000000,0.000000,0.000000,0,0.00
1.378000,0.384,0.038408,0.038408,4.696,-0.038408,0.000000,-0.000000,-0.376,0.120,0.000000,0.000000,0.000000,0.000000,0.000000,0.000000,0,0.00
1.380000,0.378,0.037766,0.037766,4.701,-0.037766,0.000000,-0.000000,-0.374,0.118,0.000000,0.000000,0.000000,0.000000,0.000000,0.000000,0,0.00
1.382000,0.383,0.038338,0.038338,4.696,-0.038338,0.000000,-0.000000,-0.383,0.120,0.000000,0.000000,0.000000,0.000000,0.000000,0.000000,0,0.00
1.384000,0.384,0.038393,0.038393,4.696,-0.038393,0.000000,-0.000000,-0.375,0.120,0.000000,0.000000,0.000000,0.000000,0.000000,0.000000,0,0.00
1.386000,0.400,0.040044,0.040044,4.683,-0.040044,0.000000,-0.000000,-0.384,0.125,0.000000,0.000000,0.000000,0.000000,0.000000,0.000000,0,0.00
1.388000,0.398,0.039765,0.039765,4.685,-0.039765,0.000000,-0.000000,-0.378,0.124,0.000000,0.000000,0.000000,0.000000,0.000000,0.000000,0,0.00
1.390000,0.396,0.039582,0.039582,4.686,-0.039582,0.000000,-0.000000,-0.383,0.124,0.000000,0.000000,0.000000,0.000000,0.000000,0.000000,0,0.00
1.392000,0.407,0.040700,0.040700,4.678,-0.040700,0.000000,-0.000000,-0.384,0.127,0.000000,0.000000,0.000000,0.000000,0.000000,0.000000,0,0.00
1.394000,0.381,0.038055,0.038055,4.698,-0.038055,0.000000,0.000000,-0.400,0.119,0.000000,0.000000,0.000000,0.000000,0.000000,0.000000,0,0.00
1.396000,0.394,0.039448,0.039448,4.687,-0.039448,0.000000,0.000000,-0.398,0.123,0.000000,0.000000,0.000000,0.000000,0.000000,0.000000,0,0.00
1.398000,0.387,0.038653,0.038653,4.694,-0.038653,0.000000,0.000000,-0.396,0.121,0.000000,0.000000,0.000000,0.000000,0.000000,0.000000,0,0.00
1.400000,0.390,0.039048,0.039048,4.691,-0.039048,0.000000,-0.000000,0.000,0.122,0.000000,0.000000,0.000000,0.000000,0.000000,0.000000,0,0.00
1.402000,0.389,0.038892,0.038892,4.692,-0.038892,0.000000,0.000000,0.000,0.122,0.000000,0.000000,0.000000,0.000000,0.000000,0.000000,0,0.00
1.404000,0.402,0.040170,0.040170,4.682,-0.040170,0.000000,-0.000000,0.000,0.126,0.000000,0.000000,0.000000,0.000000,0.000000,0.000000,0,0.00
1.406000,0.417,0.041678,0.041678,4.670,-0.041678,0.000000,-0.000000,0.000,0.130,0.000000,0.000000,0.000000,0.000000,0.000000,0.000000,0,0.00
1.408000,0.390,0.039018,0.039018,4.691,-0.039018,0.000000,-0.000000,-0.390,0.122,0.000000,0.000000,0.000000,0.000000,0.000000,0.000000,0,0.00
1.410000,0.397,0.039726,0.039726,4.685,-0.039726,0.000000,-0.000000,-0.389,0.124,0.000000,0.000000,0.000000,0.000000,0.000000,0.000000,0,0.00
1.412000,0.408,0.040837,0.040837,4.677,-0.040837,0.000000,-0.000000,-0.402,0.128,0.000000,0.000000,0.000000,0.000000,0.000000,0.000000,0,0.00
1.414000,0.409,0.040895,0.040895,4.676,-0.040895,0.000000,-0.000000,-0.417,0.128,0.000000,0.000000,0.000000,0.000000,0.000000,0.000000,0,0.00
1.416000,0.400,0.040006,0.040006,4.683,-0.040006,0.000000,0.000000,-0.390,0.125,0.000000,0.000000,0.000000,0.000000,0.000000,0.000000,0,0.00
1.418000,0.378,0.037801,0.037801,4.700,-0.037801,0.000000,0.000000,-0.397,0.118,0.000000,0.000000,0.000000,0.000000,0.000000,0.000000,0,0.00
1.420000,0.427,0.042695,0.042695,4.662,-0.042695,0.000000,-0.000000,-0.408,0.133,0.000000,0.000000,0.000000,0.000000,0.000000,0.000000,0,0.00
1.422000,0.406,0.040570,0.040570,4.679,-0.040570,0.000000,0.000000,-0.409,0.127,0.000000,0.000000,0.000000,0.000000,0.000000,0.000000,0,0.00
1.424000,0.399,0.039940,0.039940,4.684,-0.039940,0.000000,0.000000,-0.400,0.125,0.000000,0.000000,0.000000,0.000000,0.000000,0.000000,0,0.00
1.426000,0.422,0.042195,0.042195,4.666,-0.042195,0.000000,-0.000000,-0.378,0.132,0.000000,0.000000,0.000000,0.000000,0.000000,0.000000,0,0.00
1.428000,0.419,0.041910,0.041910,4.668,-0.041910,0.000000,-0.000000,-0.427,0.131,0.000000,0.000000,0.000000,0.000000,0.000000,0.000000,0,0.00
1.430000,0.402,0.040206,0.040206,4.681,-0.040206,0.000000,0.000000,-0.406,0.126,0.000000,0.000000,0.000000,0.000000,0.000000,0.000000,0,0.00
1.432000,0.399,0.039855,0.039855,4.684,-0.039855,0.000000,0.000000,-0.399,0.125,0.000000,0.000000,0.000000,0.000000,0.000000,0.000000,0,0.00
1.434000,0.394,0.039388,0.039388,4.688,-0.039388,0.000000,0.000000,-0.422,0.123,0.000000,0.000000,0.000000,0.000000,0.000000,0.000000,0,0.00
1.436000,0.406,0.040578,0.040578,4.679,-0.040578,0.000000,0.000000,-0.419,0.127,0.000000,0.000000,0.000000,0.000000,0.000000,0.000000,0,0.00
1.438000,0.410,0.040977,0.040977,4.675,-0.040977,0.000000,0.000000,-0.402,0.128,0.000000,0.000000,0.000000,0.000000,0.000000,0.000000,0,0.00
1.440000,0.400,0.040019,0.040019,4.683,-0.040019,0.000000,0.000000,-0.399,0.125,0.000000,0.000000,0.000000,0.000000,0.000000,0.000000,0,0.00
1.442000,0.387,0.038739,0.038739,4.693,-0.038739,0.000000,0.000000,-0.394,0.121,0.000000,0.000000,0.000000,0.000000,0.000000,0.000000,0,0.00
1.444000,0.390,0.039040,0.039040,4.691,-0.039040,0.000000,-0.000000,-0.406,0.122,0.000000,0.000000,0.000000,0.000000,0.000000,0.000000,0,0.00
1.446000,0.390,0.039042,0.039042,4.691,-0.039042,0.000000,0.000000,-0.410,0.122,0.000000,0.000000,0.000000,0.000000,0.000000,0.000000,0,0.00
1.448000,0.405,0.040487,0.040487,4.679,-0.040487,0.000000,-0.000000,-0.400,0.127,0.000000,0.000000,0.000000,0.000000,0.000000,0.000000,0,0.00
1.450000,0.406,0.040579,0.040579,4.679,-0.040579,0.000000,-0.000000,-0.387,0.127,0.000000,0.000000,0.000000,0.000000,0.000000,0.000000,0,0.00
1.452000,0.410,0.041009,0.041009,4.675,-0.041009,0.000000,-0.000000,-0.390,0.128,0.000000,0.000000,0.000000,0.000000,0.000000,0.000000,0,0.00
1.454000,0.402,0.040157,0.040157,4.682,-0.040157,0.000000,-0.000000,-0.390,0.125,0.000000,0.000000,0.000000,0.000000,0.000000,0.000000,0,0.00
1.456000,0.393,0.039253,0.039253,4.689,-0.039253,0.000000,-0.000000,-0.405,0.123,0.000000,0.000000,0.000000,0.000000,0.000000,0.000000,0,0.00
1.458000,0.399,0.039864,0.039864,4.684,-0.039864,0.000000,0.000000,-0.406,0.125,0.000000,0.000000,0.000000,0.000000,0.000000,0.000000,0,0.00
1.460000,0.382,0.038240,0.038240,4.697,-0.038240,0.000000,0.000000,-0.410,0.119,0.000000,0.000000,0.000000,0.000000,0.000000,0.000000,0,0.00
1.462000,0.392,0.039228,0.039228,4.689,-0.039228,0.000000,0.000000,-0.402,0.123,0.000000,0.000000,0.000000,0.000000,0.000000,0.000000,0,0.00
1.464000,0.397,0.039733,0.039733,4.685,-0.039733,0.000000,0.000000,-0.393,0.124,0.000000,0.000000,0.000000,0.000000,0.000000,0.000000,0,0.00
1.466000,0.376,0.037624,0.037624,4.702,-0.037624,0.000000,0.000000,-0.399,0.118,0.000000,0.000000,0.000000,0.000000,0.000000,0.000000,0,0.00
1.468000,0.399,0.039912,0.039912,4.684,-0.039912,0.000000,0.000000,-0.382,0.125,0.000000,0.000000,0.000000,0.000000,0.000000,0.000000,0,0.00
1.470000,0.380,0.038042,0.038042,4.698,-0.038042,0.000000,0.000000,-0.392,0.119,0.000000,0.000000,0.000000,0.000000,0.000000,0.000000,0,0.00
1.472000,0.386,0.038640,0.038640,4.694,-0.038640,0.000000,0.000000,-0.397,0.121,0.000000,0.000000,0.000000,0.000000,0.000000,0.000000,0,0.00
1.474000,0.375,0.037524,0.037524,4.702,-0.037524,0.000000,0.000000,-0.376,0.117,0.000000,0.000000,0.000000,0.000000,0.000000,0.000000,0,0.00
1.476000,0.373,0.037302,0.037302,4.704,-0.037302,0.000000,0.000000,-0.399,0.117,0.000000,0.000000,0.000000,0.000000,0.000000,0.000000,0,0.00
1.478000,0.364,0.036416,0.036416,4.711,-0.036416,0.000000,0.000000,-0.380,0.114,0.000000,0.000000,0.000000,0.000000,0.000000,0.000000,0,0.00
1.480000,0.375,0.037476,0.037476,4.703,-0.037476,0.000000,0.000000,-0.386,0.117,0.000000,0.000000,0.000000,0.000000,0.000000,0.000000,0,0.00
1.482000,0.359,0.035937,0.035937,4.715,-0.035937,0.000000,0.000000,-0.375,0.112,0.000000,0.000000,0.000000,0.000000,0.000000,0.000000,0,0.00
1.484000,0.367,0.036672,0.036672,4.709,-0.036672,0.000000,0.000000,-0.373,0.115,0.000000,0.000000,0.000000,0.000000,0.000000,0.000000,0,0.00
1.486000,0.371,0.037083,0.037083,4.706,-0.037083,0.000000,0.000000,-0.364,0.116,0.000000,0.000000,0.000000,0.000000,0.000000,0.000000,0,0.00
1.488000,0.372,0.037158,0.037158,4.705,-0.037158,0.000000,0.000000,-0.375,0.116,0.000000,0.000000,0.000000,0.000000,0.000000,0.000000,0,0.00
1.490000,0.346,0.034580,0.034580,4.725,-0.034580,0.000000,0.000000,-0.359,0.108,0.000000,0.000000,0.000000,0.000000,0.000000,0.000000,0,0.00
1.492000,0.358,0.035848,0.035848,4.715,-0.035848,0.000000,0.000000,-0.367,0.112,0.000000,0.000000,0.000000,0.000000,0.000000,0.000000,0,0.00
1.494000,0.347,0.034717,0.034717,4.724,-0.034717,0.000000,0.000000,-0.371,0.108,0.000000,0.000000,0.000000,0.000000,0.000000,0.000000,0,0.00
1.496000,0.359,0.035906,0.035906,4.715,-0.035906,0.000000,0.000000,-0.372,0.112,0.000000,0.000000,0.000000,0.000000,0.000000,0.000000,0,0.00
1.498000,0.348,0.034788,0.034788,4.724,-0.034788,0.000000,0.000000,-0.346,0.109,0.000000,0.000000,0.000000,0.000000,0.000000,0.000000,0,0.00
1.500000,0.337,0.033716,0.033716,4.732,-0.033716,0.000000,-0.000000,0.000,0.105,0.000000,0.000000,0.000000,0.000000,0.000000,0.000000,0,0.00
1.502000,0.333,0.033314,0.033314,4.735,-0.033314,0.000000,0.000000,0.000,0.104,0.000000,0.000000,0.000000,0.000000,0.000000,0.000000,0,0.00
1.504000,0.351,0.035112,0.035112,4.721,-0.035112,0.000000,-0.000000,0.000,0.110,0.000000,0.000000,0.000000,0.000000,0.000000,0.000000,0,0.00
1.506000,0.341,0.034103,0.034103,4.729,-0.034103,0.000000,0.000000,0.000,0.107,0.000000,0.000000,0.000000,0.000000,0.000000,0.000000,0,0.00
1.508000,0.311,0.031146,0.031146,4.752,-0.031146,0.000000,0.000000,-0.337,0.097,0.000000,0.000000,0.000000,0.000000,0.000000,0.000000,0,0.00
1.510000,0.314,0.031373,0.031373,4.750,-0.031373,0.000000,0.000000,-0.333,0.098,0.000000,0.000000,0.000000,0.000000,0.000000,0.000000,0,0.00
1.512000,0.304,0.030351,0.030351,4.758,-0.030351,0.000000,0.000000,-0.351,0.095,0.000000,0.000000,0.000000,0.000000,0.000000,0.000000,0,0.00
1.514000,0.300,0.029987,0.029987,4.761,-0.029987,0.000000,0.000000,-0.341,0.094,0.000000,0.000000,0.000000,0.000000,0.000000,0.000000,0,0.00
1.516000,0.306,0.030641,0.030641,4.756,-0.030641,0.000000,0.000000,-0.311,0.096,0.000000,0.000000,0.000000,0.000000,0.000000,0.000000,0,0.00
1.518000,0.309,0.030915,0.030915,4.754,-0.030915,0.000000,0.000000,-0.314,0.097,0.000000,0.000000,0.000000,0.000000,0.000000,0.000000,0,0.00
1.520000,0.300,0.030038,0.030038,4.761,-0.030038,0.000000,0.000000,-0.304,0.094,0.000000,0.000000,0.000000,0.000000,0.000000,0.000000,0,0.00
1.522000,0.282,0.028199,0.028199,4.775,-0.028199,0.000000,0.000000,-0.300,0.088,0.000000,0.000000,0.000000,0.000000,0.000000,0.000000,0,0.00
1.524000,0.274,0.027421,0.027421,4.781,-0.027421,0.000000,0.000000,-0.306,0.086,0.000000,0.000000,0.000000,0.000000,0.000000,0.000000,0,0.00
1.526000,0.285,0.028461,0.028461,4.773,-0.028461,0.000000,0.000000,-0.309,0.089,0.000000,0.000000,0.000000,0.000000,0.000000,0.000000,0,0.00
1.528000,0.272,0.027215,0.027215,4.783,-0.027215,0.000000,0.000000,-0.300,0.085,0.000000,0.000000,0.000000,0.000000,0.000000,0.000000,0,0.00
1.530000,0.277,0.027744,0.027744,4.779,-0.027744,0.000000,0.000000,-0.282,0.087,0.000000,0.000000,0.000000,0.000000,0.000000,0.000000,0,0.00
1.532000,0.260,0.026029,0.026029,4.792,-0.026029,0.000000,0.000000,-0.274,0.081,0.000000,0.000000,0.000000,0.000000,0.000000,0.000000,0,0.00
1.534000,0.261,0.026127,0.026127,4.791,-0.026127,0.000000,0.000000,-0.285,0.082,0.000000,0.000000,0.000000,0.000000,0.000000,0.000000,0,0.00
1.536000,0.269,0.026924,0.026924,4.785,-0.026924,0.000000,0.000000,-0.272,0.084,0.000000,0.000000,0.000000,0.000000,0.000000,0.000000,0,0.00
1.538000,0.259,0.025869,0.025869,4.793,-0.025869,0.000000,0.000000,-0.277,0.081,0.000000,0.000000,0.000000,0.000000,0.000000,0.000000,0,0.00
1.540000,0.238,0.023807,0.023807,4.809,-0.023807,0.000000,0.000000,-0.260,0.074,0.000000,0.000000,0.000000,0.000000,0.000000,0.000000,0,0.00
1.542000,0.245,0.024492,0.024492,4.804,-0.024492,0.000000,0.000000,-0.261,0.077,0.000000,0.000000,0.000000,0.000000,0.000000,0.000000,0,0.00
1.544000,0.256,0.025591,0.025591,4.796,-0.025591,0.000000,0.000000,-0.269,0.080,0.000000,0.000000,0.000000,0.000000,0.000000,0.000000,0,0.00
1.546000,0.231,0.023067,0.023067,4.815,-0.023067,0.000000,0.000000,-0.259,0.072,0.000000,0.000000,0.000000,0.000000,0.000000,0.000000,0,0.00
1.548000,0.224,0.022399,0.022399,4.820,-0.022399,0.000000,0.000000,-0.238,0.070,0.000000,0.000000,0.000000,0.000000,0.000000,0.000000,0,0.00
1.550000,0.213,0.021257,0.021257,4.829,-0.021257,0.000000,0.000000,-0.245,0.066,0.000000,0.000000,0.000000,0.000000,0.000000,0.000000,0,0.00
1.552000,0.216,0.021586,0.021586,4.827,-0.021586,0.000000,0.000000,-0.256,0.067,0.000000,0.000000,0.000000,0.000000,0.000000,0.000000,0,0.00
1.554000,0.207,0.020720,0.020720,4.834,-0.020720,0.000000,0.000000,-0.231,0.065,0.000000,0.000000,0.000000,0.000000,0.000000,0.000000,0,0.00
1.556000,0.222,0.022206,0.022206,4.822,-0.022206,0.000000,0.000000,-0.224,0.069,0.000000,0.000000,0.000000,0.000000,0.000000,0.000000,0,0.00
1.558000,0.189,0.018878,0.018878,4.848,-0.018878,0.000000,0.000000,-0.213,0.059,0.000000,0.000000,0.000000,0.000000,0.000000,0.000000,0,0.00
1.560000,0.180,0.017963,0.017963,4.855,-0.017963,0.000000,0.000000,-0.216,0.056,0.000000,0.000000,0.000000,0.000000,0.000000,0.000000,0,0.00
1.562000,0.184,0.018405,0.018405,4.852,-0.018405,0.000000,0.000000,-0.207,0.058,0.000000,0.000000,0.000000,0.000000,0.000000,0.000000,0,0.00
1.564000,0.199,0.019879,0.019879,4.840,-0.019879,0.000000,0.000000,-0.222,0.062,0.000000,0.000000,0.000000,0.000000,0.000000,0.000000,0,0.00
1.566000,0.181,0.018098,0.018098,4.854,-0.018098,0.000000,0.000000,-0.189,0.057,0.000000,0.000000,0.000000,0.000000,0.000000,0.000000,0,0.00
1.568000,0.173,0.017300,0.017300,4.860,-0.017300,0.000000,0.000000,-0.180,0.054,0.000000,0.000000,0.000000,0.000000,0.000000,0.000000,0,0.00
1.570000,0.157,0.015703,0.015703,4.873,-0.015703,0.000000,0.000000,-0.184,0.049,0.000000,0.000000,0.000000,0.000000,0.000000,0.000000,0,0.00
1.572000,0.161,0.016080,0.016080,4.870,-0.016080,0.000000,0.000000,-0.199,0.050,0.000000,0.000000,0.000000,0.000000,0.000000,0.000000,0,0.00
1.574000,0.164,0.016436,0.016436,4.867,-0.016436,0.000000,0.000000,-0.181,0.051,0.000000,0.000000,0.000000,0.000000,0.000000,0.000000,0,0.00
1.576000,0.136,0.013620,0.013620,4.889,-0.013620,0.000000,0.000000,-0.173,0.043,0.000000,0.000000,0.000000,0.000000,0.000000,0.000000,0,0.00
1.578000,0.135,0.013501,0.013501,4.890,-0.013501,0.000000,0.000000,-0.157,0.042,0.000000,0.000000,0.000000,0.000000,0.000000,0.000000,0,0.00
1.580000,0.110,0.011002,0.011002,4.909,-0.011002,0.000000,0.000000,-0.161,0.034,0.000000,0.000000,0.000000,0.000000,0.000000,0.000000,0,0.00
1.582000,0.128,0.012796,0.012796,4.895,-0.012796,0.000000,0.000000,-0.164,0.040,0.000000,0.000000,0.000000,0.000000,0.000000,0.000000,0,0.00
1.584000,0.115,0.011492,0.011492,4.906,-0.011492,0.000000,0.000000,-0.136,0.036,0.000000,0.000000,0.000000,0.000000,0.000000,0.000000,0,0.00
1.586000,0.086,0.008633,0.008633,4.928,-0.008633,0.000000,0.000000,-0.135,0.027,0.000000,0.000000,0.000000,0.000000,0.000000,0.000000,0,0.00
1.588000,0.068,0.006841,0.006841,4.942,-0.006841,0.000000,0.000000,-0.110,0.021,0.000000,0.000000,0.000000,0.000000,0.000000,0.000000,0,0.00
1.590000,0.102,0.010159,0.010159,4.916,-0.010159,0.000000,0.000000,-0.128,0.032,0.000000,0.000000,0.000000,0.000000,0.000000,0.000000,0,0.00
1.592000,0.095,0.009537,0.009537,4.921,-0.009537,0.000000,0.000000,-0.115,0.030,0.000000,0.000000,0.000000,0.000000,0.000000,0.000000,0,0.00
1.594000,0.091,0.009073,0.009073,4.924,-0.009073,0.000000,0.000000,-0.086,0.028,0.000000,0.000000,0.000000,0.000000,0.000000,0.000000,0,0.00
1.596000,0.083,0.008322,0.008322,4.930,-0.008322,0.000000,0.000000,-0.068,0.026,0.000000,0.000000,0.000000,0.000000,0.000000,0.000000,0,0.00
1.598000,0.067,0.006712,0.006712,4.943,-0.006712,0.000000,0.000000,-0.102,0.021,0.000000,0.000000,0.000000,0.000000,0.000000,0.000000,0,0.00
1.600000,0.054,0.005448,0.005448,4.953,-0.005448,0.000000,-0.000000,0.000,0.017,0.000000,0.000000,0.000000,0.000000,0.000000,0.000000,0,0.00
1.602000,0.067,0.006730,0.006730,4.943,-0.006730,0.000000,-0.000000,0.000,0.021,0.000000,0.000000,0.000000,0.000000,0.000000,0.000000,0,0.00
1.604000,0.042,0.004236,0.004236,4.962,-0.004236,0.000000,0.000000,0.000,0.013,0.000000,0.000000,0.000000,0.000000,0.000000,0.000000,0,0.00
1.606000,0.049,0.004863,0.004863,4.957,-0.004863,0.000000,0.000000,0.000,0.015,0.000000,0.000000,0.000000,0.000000,0.000000,0.000000,0,0.00
1.608000,0.022,0.002227,0.002227,4.978,-0.002227,0.000000,0.000000,-0.054,0.007,0.000000,0.000000,0.000000,0.000000,0.000000,0.000000,0,0.00
1.610000,0.024,0.002428,0.002428,4.976,-0.002428,0.000000,0.000000,-0.067,0.008,0.000000,0.000000,0.000000,0.000000,0.000000,0.000000,0,0.00
1.612000,0.025,0.002458,0.002458,4.976,-0.002458,0.000000,0.000000,-0.042,0.008,0.000000,0.000000,0.000000,0.000000,0.000000,0.000000,0,0.00
1.614000,0.024,0.002381,0.002381,4.977,-0.002381,0.000000,0.000000,-0.049,0.007,0.000000,0.000000,0.000000,0.000000,0.000000,0.000000,0,0.00
1.616000,-0.011,-0.001062,-0.001062,4.987,0.001062,0.000000,0.000000,-0.022,0.003,0.000000,0.000000,0.000000,0.000000,0.000000,0.000000,0,0.00
1.618000,0.014,0.001386,0.001386,4.984,-0.001386,0.000000,0.000000,-0.024,0.004,0.000000,0.000000,0.000000,0.000000,0.000000,0.000000,0,0.00
1.620000,0.001,0.000057,0.000057,4.995,-0.000057,0.000000,0.000000,-0.025,0.000,0.000000,0.000000,0.000000,0.000000,0.000000,0.000000,0,0.00
1.622000,-0.018,-0.001770,-0.001770,4.981,0.001770,0.000000,0.000000,-0.024,0.006,0.000000,0.000000,0.000000,0.000000,0.000000,0.000000,0,0.00
1.624000,-0.021,-0.002129,-0.002129,4.979,0.002129,0.000000,0.000000,0.011,0.007,0.000000,0.000000,0.000000,0.000000,0.000000,0.000000,0,0.00
1.626000,-0.031,-0.003085,-0.003085,4.971,0.003085,0.000000,0.000000,-0.014,0.010,0.000000,0.000000,0.000000,0.000000,0.000000,0.000000,0,0.00
1.628000,-0.024,-0.002445,-0.002445,4.976,0.002445,0.000000,0.000000,-0.001,0.008,0.000000,0.000000,0.000000,0.000000,0.000000,0.000000,0,0.00
1.630000,-0.046,-0.004566,-0.004566,4.960,0.004566,0.000000,0.000000,0.018,0.014,0.000000,0.000000,0.000000,0.000000,0.000000,0.000000,0,0.00
1.632000,-0.034,-0.003421,-0.003421,4.969,0.003421,0.000000,-0.000000,0.021,0.011,0.000000,0.000000,0.000000,0.000000,0.000000,0.000000,0,0.00
1.634000,-0.064,-0.006438,-0.006438,4.945,0.006438,0.000000,0.000000,0.031,0.020,0.000000,0.000000,0.000000,0.000000,0.000000,0.000000,0,0.00
1.636000,-0.074,-0.007351,-0.007351,4.938,0.007351,0.000000,0.000000,0.024,0.023,0.000000,0.000000,0.000000,0.000000,0.000000,0.000000,0,0.00
1.638000,-0.064,-0.006449,-0.006449,4.945,0.006449,0.000000,0.000000,0.046,0.020,0.000000,0.000000,0.000000,0.000000,0.000000,0.000000,0,0.00
1.640000,-0.093,-0.009335,-0.009335,4.922,0.009335,0.000000,0.000000,0.034,0.029,0.000000,0.000000,0.000000,0.000000,0.000000,0.000000,0,0.00
1.642000,-0.094,-0.009367,-0.009367,4.922,0.009367,0.000000,0.000000,0.064,0.029,0.000000,0.000000,0.000000,0.000000,0.000000,0.000000,0,0.00
1.644000,-0.082,-0.008193,-0.008193,4.931,0.008193,0.000000,0.000000,0.074,0.026,0.000000,0.000000,0.000000,0.000000,0.000000,0.000000,0,0.00
1.646000,-0.105,-0.010463,-0.010463,4.914,0.010463,0.000000,0.000000,0.064,0.033,0.000000,0.000000,0.000000,0.000000,0.000000,0.000000,0,0.00
1.648000,-0.110,-0.010970,-0.010970,4.910,0.010970,0.000000,0.000000,0.093,0.034,0.000000,0.000000,0.000000,0.000000,0.000000,0.000000,0,0.00
1.650000,-0.129,-0.012873,-0.012873,4.895,0.012873,0.000000,0.000000,0.094,0.040,0.000000,0.000000,0.000000,0.000000,0.000000,0.000000,0,0.00
1.652000,-0.115,-0.011519,-0.011519,4.905,0.011519,0.000000,0.000000,0.082,0.036,0.000000,0.000000,0.000000,0.000000,0.000000,0.000000,0,0.00
1.654000,-0.148,-0.014787,-0.014787,4.880,0.014787,0.000000,0.000000,0.105,0.046,0.000000,0.000000,0.000000,0.000000,0.000000,0.000000,0,0.00
1.656000,-0.134,-0.013439,-0.013439,4.890,0.013439,0.000000,0.000000,0.110,0.042,0.000000,0.000000,0.000000,0.000000,0.000000,0.000000,0,0.00
1.658000,-0.128,-0.012820,-0.012820,4.895,0.012820,0.000000,0.000000,0.129,0.040,0.000000,0.000000,0.000000,0.000000,0.000000,0.000000,0,0.00
1.660000,-0.169,-0.016866,-0.016866,4.864,0.016866,0.000000,0.000000,0.115,0.053,0.000000,0.000000,0.000000,0.000000,0.000000,0.000000,0,0.00
1.662000,-0.148,-0.014783,-0.014783,4.880,0.014783,0.000000,0.000000,0.148,0.046,0.000000,0.000000,0.000000,0.000000,0.000000,0.000000,0,0.00
1.664000,-0.156,-0.015596,-0.015596,4.874,0.015596,0.000000,0.000000,0.134,0.049,0.000000,0.000000,0.000000,0.000000,0.000000,0.000000,0,0.00
1.666000,-0.178,-0.017823,-0.017823,4.856,0.017823,0.000000,0.000000,0.128,0.056,0.000000,0.000000,0.000000,0.000000,0.000000,0.000000,0,0.00
1.668000,-0.190,-0.018982,-0.018982,4.847,0.018982,0.000000,0.000000,0.169,0.059,0.000000,0.000000,0.000000,0.000000,0.000000,0.000000,0,0.00
1.670000,-0.178,-0.017806,-0.017806,4.856,0.017806,0.000000,0.000000,0.148,0.056,0.000000,0.000000,0.000000,0.000000,0.000000,0.000000,0,0.00
1.672000,-0.196,-0.019591,-0.019591,4.842,0.019591,0.000000,0.000000,0.156,0.061,0.000000,0.000000,0.000000,0.000000,0.000000,0.000000,0,0.00
1.674000,-0.218,-0.021792,-0.021792,4.825,0.021792,0.000000,0.000000,0.178,0.068,0.000000,0.000000,0.000000,0.000000,0.000000,0.000000,0,0.00
1.676000,-0.214,-0.021425,-0.021425,4.828,0.021425,0.000000,0.000000,0.190,0.067,0.000000,0.000000,0.000000,0.000000,0.000000,0.000000,0,0.00
1.678000,-0.209,-0.020907,-0.020907,4.832,0.020907,0.000000,0.000000,0.178,0.065,0.000000,0.000000,0.000000,0.000000,0.000000,0.000000,0,0.00
1.680000,-0.221,-0.022135,-0.022135,4.823,0.022135,0.000000,0.000000,0.196,0.069,0.000000,0.000000,0.000000,0.000000,0.000000,0.000000,0,0.00
1.682000,-0.218,-0.021800,-0.021800,4.825,0.021800,0.000000,0.000000,0.218,0.068,0.000000,0.000000,0.000000,0.000000,0.000000,0.000000,0,0.00
1.684000,-0.245,-0.024540,-0.024540,4.804,0.024540,0.000000,0.000000,0.214,0.077,0.000000,0.000000,0.000000,0.000000,0.000000,0.000000,0,0.00
1.686000,-0.240,-0.024042,-0.024042,4.808,0.024042,0.000000,0.000000,0.209,0.075,0.000000,0.000000,0.000000,0.000000,0.000000,0.000000,0,0.00
1.688000,-0.249,-0.024932,-0.024932,4.801,0.024932,0.000000,0.000000,0.221,0.078,0.000000,0.000000,0.000000,0.000000,0.000000,0.000000,0,0.00
1.690000,-0.251,-0.025087,-0.025087,4.799,0.025087,0.000000,0.000000,0.218,0.078,0.000000,0.000000,0.000000,0.000000,0.000000,0.000000,0,0.00
1.692000,-0.251,-0.025149,-0.025149,4.799,0.025149,0.000000,0.000000,0.245,0.079,0.000000,0.000000,0.000000,0.000000,0.000000,0.000000,0,0.00
1.694000,-0.261,-0.026085,-0.026085,4.792,0.026085,0.000000,0.000000,0.240,0.082,0.000000,0.000000,0.000000,0.000000,0.000000,0.000000,0,0.00
1.696000,-0.263,-0.026299,-0.026299,4.790,0.026299,0.000000,0.000000,0.249,0.082,0.000000,0.000000,0.000000,0.000000,0.000000,0.000000,0,0.00
1.698000,-0.285,-0.028546,-0.028546,4.772,0.028546,0.000000,0.000000,0.251,0.089,0.000000,0.000000,0.000000,0.000000,0.000000,0.000000,0,0.00
1.700000,-0.287,-0.028725,-0.028725,4.771,0.028725,0.000000,0.000000,0.000,0.090,0.000000,0.000000,0.000000,0.000000,0.000000,0.000000,0,0.00
1.702000,-0.292,-0.029248,-0.029248,4.767,0.029248,0.000000,0.000000,0.000,0.091,0.000000,0.000000,0.000000,0.000000,0.000000,0.000000,0,0.00
1.704000,-0.302,-0.030159,-0.030159,4.760,0.030159,0.000000,0.000000,0.000,0.094,0.000000,0.000000,0.000000,0.000000,0.000000,0.000000,0,0.00
1.706000,-0.313,-0.031329,-0.031329,4.751,0.031329,0.000000,0.000000,0.000,0.098,0.000000,0.000000,0.000000,0.000000,0.000000,0.000000,0,0.00
1.708000,-0.315,-0.031465,-0.031465,4.750,0.031465,0.000000,0.000000,0.287,0.098,0.000000,0.000000,0.000000,0.000000,0.000000,0.000000,0,0.00
1.710000,-0.311,-0.031145,-0.031145,4.752,0.031145,0.000000,0.000000,0.292,0.097,0.000000,0.000000,0.000000,0.000000,0.000000,0.000000,0,0.00
1.712000,-0.348,-0.034825,-0.034825,4.723,0.034825,0.000000,0.000000,0.302,0.109,0.000000,0.000000,0.000000,0.000000,0.000000,0.000000,0,0.00
1.714000,-0.334,-0.033400,-0.033400,4.735,0.033400,0.000000,0.000000,0.313,0.104,0.000000,0.000000,0.000000,0.000000,0.000000,0.000000,0,0.00
1.716000,-0.351,-0.035106,-0.035106,4.721,0.035106,0.000000,0.000000,0.315,0.110,0.000000,0.000000,0.000000,0.000000,0.000000,0.000000,0,0.00
1.718000,-0.360,-0.035976,-0.035976,4.714,0.035976,0.000000,0.000000,0.311,0.112,0.000000,0.000000,0.000000,0.000000,0.000000,0.000000,0,0.00
1.720000,-0.352,-0.035233,-0.035233,4.720,0.035233,0.000000,0.000000,0.348,0.110,0.000000,0.000000,0.000000,0.000000,0.000000,0.000000,0,0.00
1.722000,-0.339,-0.033930,-0.033930,4.730,0.033930,0.000000,-0.000000,0.334,0.106,0.000000,0.000000,0.000000,0.000000,0.000000,0.000000,0,0.00
1.724000,-0.371,-0.037085,-0.037085,4.706,0.037085,0.000000,0.000000,0.351,0.116,0.000000,0.000000,0.000000,0.000000,0.000000,0.000000,0,0.00
1.726000,-0.359,-0.035942,-0.035942,4.715,0.035942,0.000000,0.000000,0.360,0.112,0.000000,0.000000,0.000000,0.000000,0.000000,0.000000,0,0.00
1.728000,-0.375,-0.037484,-0.037484,4.703,0.037484,0.000000,0.000000,0.352,0.117,0.000000,0.000000,0.000000,0.000000,0.000000,0.000000,0,0.00
1.730000,-0.384,-0.038354,-0.038354,4.696,0.038354,0.000000,0.000000,0.339,0.120,0.000000,0.000000,0.000000,0.000000,0.000000,0.000000,0,0.00
1.732000,-0.378,-0.037777,-0.037777,4.700,0.037777,0.000000,0.000000,0.371,0.118,0.000000,0.000000,0.000000,0.000000,0.000000,0.000000,0,0.00
1.734000,-0.396,-0.039600,-0.039600,4.686,0.039600,0.000000,0.000000,0.359,0.124,0.000000,0.000000,0.000000,0.000000,0.000000,0.000000,0,0.00
1.736000,-0.409,-0.040860,-0.040860,4.676,0.040860,0.000000,0.000000,0.375,0.128,0.000000,0.000000,0.000000,0.000000,0.000000,0.000000,0,0.00
1.738000,-0.388,-0.038834,-0.038834,4.692,0.038834,0.000000,0.000000,0.384,0.121,0.000000,0.000000,0.000000,0.000000,0.000000,0.000000,0,0.00
1.740000,-0.414,-0.041370,-0.041370,4.672,0.041370,0.000000,0.000000,0.378,0.129,0.000000,0.000000,0.000000,0.000000,0.000000,0.000000,0,0.00
1.742000,-0.422,-0.042174,-0.042174,4.666,0.042174,0.000000,0.000000,0.396,0.132,0.000000,0.000000,0.000000,0.000000,0.000000,0.000000,0,0.00
1.744000,-0.397,-0.039683,-0.039683,4.686,0.039683,0.000000,0.000000,0.409,0.124,0.000000,0.000000,0.000000,0.000000,0.000000,0.000000,0,0.00
1.746000,-0.418,-0.041809,-0.041809,4.669,0.041809,0.000000,0.000000,0.388,0.131,0.000000,0.000000,0.000000,0.000000,0.000000,0.000000,0,0.00
1.748000,-0.420,-0.041988,-0.041988,4.668,0.041988,0.000000,0.000000,0.414,0.131,0.000000,0.000000,0.000000,0.000000,0.000000,0.000000,0,0.00
1.750000,-0.421,-0.042102,-0.042102,4.667,0.042102,0.000000,0.000000,0.422,0.132,0.000000,0.000000,0.000000,0.000000,0.000000,0.000000,0,0.00
1.752000,-0.441,-0.044125,-0.044125,4.651,0.044125,0.000000,0.000000,0.397,0.138,0.000000,0.000000,0.000000,0.000000,0.000000,0.000000,0,0.00
1.754000,-0.432,-0.043190,-0.043190,4.658,0.043190,0.000000,0.000000,0.418,0.135,0.000000,0.000000,0.000000,0.000000,0.000000,0.000000,0,0.00
1.756000,-0.443,-0.044294,-0.044294,4.650,0.044294,0.000000,0.000000,0.420,0.138,0.000000,0.000000,0.000000,0.000000,0.000000,0.000000,0,0.00
1.758000,-0.439,-0.043889,-0.043889,4.653,0.043889,0.000000,0.000000,0.421,0.137,0.000000,0.000000,0.000000,0.000000,0.000000,0.000000,0,0.00
1.760000,-0.447,-0.044725,-0.044725,4.646,0.044725,0.000000,0.000000,0.441,0.140,0.000000,0.000000,0.000000,0.000000,0.000000,0.000000,0,0.00
1.762000,-0.448,-0.044794,-0.044794,4.646,0.044794,0.000000,0.000000,0.432,0.140,0.000000,0.000000,0.000000,0.000000,0.000000,0.000000,0,0.00
1.764000,-0.458,-0.045779,-0.045779,4.638,0.045779,0.000000,0.000000,0.443,0.143,0.000000,0.000000,0.000000,0.000000,0.000000,0.000000,0,0.00
1.766000,-0.450,-0.044984,-0.044984,4.644,0.044984,0.000000,0.000000,0.439,0.141,0.000000,0.000000,0.000000,0.000000,0.000000,0.000000,0,0.00
1.768000,-0.454,-0.045403,-0.045403,4.641,0.045403,0.000000,0.000000,0.447,0.142,0.000000,0.000000,0.000000,0.000000,0.000000,0.000000,0,0.00
1.770000,-0.464,-0.046360,-0.046360,4.633,0.046360,0.000000,0.000000,0.448,0.145,0.000000,0.000000,0.000000,0.000000,0.000000,0.000000,0,0.00
1.772000,-0.477,-0.047743,-0.047743,4.623,0.047743,0.000000,0.000000,0.458,0.149,0.000000,0.000000,0.000000,0.000000,0.000000,0.000000,0,0.00
1.774000,-0.460,-0.046000,-0.046000,4.636,0.046000,0.000000,-0.000000,0.450,0.144,0.000000,0.000000,0.000000,0.000000,0.000000,0.000000,0,0.00
1.776000,-0.468,-0.046777,-0.046777,4.630,0.046777,0.000000,0.000000,0.454,0.146,0.000000,0.000000,0.000000,0.000000,0.000000,0.000000,0,0.00
1.778000,-0.470,-0.046975,-0.046975,4.629,0.046975,0.000000,0.000000,0.464,0.147,0.000000,0.000000,0.000000,0.000000,0.000000,0.000000,0,0.00
1.780000,-0.486,-0.048646,-0.048646,4.616,0.048646,0.000000,0.000000,0.477,0.152,0.000000,0.000000,0.000000,0.000000,0.000000,0.000000,0,0.00
1.782000,-0.490,-0.048984,-0.048984,4.613,0.048984,0.000000,0.000000,0.460,0.153,0.000000,0.000000,0.000000,0.000000,0.000000,0.000000,0,0.00
1.784000,-0.514,-0.051426,-0.051426,4.594,0.051426,0.000000,0.000000,0.468,0.161,0.000000,0.000000,0.000000,0.000000,0.000000,0.000000,0,0.00
1.786000,-0.496,-0.049572,-0.049572,4.608,0.049572,0.000000,0.000000,0.470,0.155,0.000000,0.000000,0.000000,0.000000,0.000000,0.000000,0,0.00
1.788000,-0.491,-0.049097,-0.049097,4.612,0.049097,0.000000,0.000000,0.486,0.153,0.000000,0.000000,0.000000,0.000000,0.000000,0.000000,0,0.00
1.790000,-0.491,-0.049067,-0.049067,4.612,0.049067,0.000000,0.000000,0.490,0.153,0.000000,0.000000,0.000000,0.000000,0.000000,0.000000,0,0.00
1.792000,-0.498,-0.049844,-0.049844,4.606,0.049844,0.000000,0.000000,0.514,0.156,0.000000,0.000000,0.000000,0.000000,0.000000,0.000000,0,0.00
1.794000,-0.511,-0.051121,-0.051121,4.596,0.051121,0.000000,-0.000000,0.496,0.160,0.000000,0.000000,0.000000,0.000000,0.000000,0.000000,0,0.00
1.796000,-0.506,-0.050570,-0.050570,4.601,0.050570,0.000000,0.000000,0.491,0.158,0.000000,0.000000,0.000000,0.000000,0.000000,0.000000,0,0.00
1.798000,-0.500,-0.050001,-0.050001,4.605,0.050001,0.000000,0.000000,0.491,0.156,0.000000,0.000000,0.000000,0.000000,0.000000,0.000000,0,0.00
1.800000,-0.500,-0.049994,-0.049994,4.605,0.049994,0.000000,0.000000,0.000,0.156,0.000000,0.000000,0.000000,0.000000,0.000000,0.000000,0,0.00
1.802000,-0.510,-0.050963,-0.050963,4.598,0.050963,0.000000,0.000000,0.000,0.159,0.000000,0.000000,0.000000,0.000000,0.000000,0.000000,0,0.00
1.804000,-0.504,-0.050399,-0.050399,4.602,0.050399,0.000000,0.000000,0.000,0.157,0.000000,0.000000,0.000000,0.000000,0.000000,0.000000,0,0.00
1.806000,-0.511,-0.051123,-0.051123,4.596,0.051123,0.000000,0.000000,0.000,0.160,0.000000,0.000000,0.000000,0.000000,0.000000,0.000000,0,0.00
1.808000,-0.498,-0.049842,-0.049842,4.606,0.049842,0.000000,0.000000,0.500,0.156,0.000000,0.000000,0.000000,0.000000,0.000000,0.000000,0,0.00
1.810000,-0.511,-0.051053,-0.051053,4.597,0.051053,0.000000,0.000000,0.510,0.160,0.000000,0.000000,0.000000,0.000000,0.000000,0.000000,0,0.00
1.812000,-0.500,-0.049966,-0.049966,4.605,0.049966,0.000000,-0.000000,0.504,0.156,0.000000,0.000000,0.000000,0.000000,0.000000,0.000000,0,0.00
1.814000,-0.484,-0.048434,-0.048434,4.617,0.048434,0.000000,-0.000000,0.511,0.151,0.000000,0.000000,0.000000,0.000000,0.000000,0.000000,0,0.00
1.816000,-0.498,-0.049839,-0.049839,4.606,0.049839,0.000000,-0.000000,0.498,0.156,0.000000,0.000000,0.000000,0.000000,0.000000,0.000000,0,0.00
1.818000,-0.511,-0.051069,-0.051069,4.597,0.051069,0.000000,0.000000,0.511,0.160,0.000000,0.000000,0.000000,0.000000,0.000000,0.000000,0,0.00
1.820000,-0.512,-0.051248,-0.051248,4.595,0.051248,0.000000,0.000000,0.500,0.160,0.000000,0.000000,0.000000,0.000000,0.000000,0.000000,0,0.00
1.822000,-0.503,-0.050327,-0.050327,4.602,0.050327,0.000000,0.000000,0.484,0.157,0.000000,0.000000,0.000000,0.000000,0.000000,0.000000,0,0.00
1.824000,-0.512,-0.051226,-0.051226,4.595,0.051226,0.000000,0.000000,0.498,0.160,0.000000,0.000000,0.000000,0.000000,0.000000,0.000000,0,0.00
1.826000,-0.511,-0.051107,-0.051107,4.596,0.051107,0.000000,0.000000,0.511,0.160,0.000000,0.000000,0.000000,0.000000,0.000000,0.000000,0,0.00
1.828000,-0.501,-0.050141,-0.050141,4.604,0.050141,0.000000,-0.000000,0.512,0.157,0.000000,0.000000,0.000000,0.000000,0.000000,0.000000,0,0.00
1.830000,-0.493,-0.049317,-0.049317,4.610,0.049317,0.000000,-0.000000,0.503,0.154,0.000000,0.000000,0.000000,0.000000,0.000000,0.000000,0,0.00
1.832000,-0.498,-0.049824,-0.049824,4.606,0.049824,0.000000,-0.000000,0.512,0.156,0.000000,0.000000,0.000000,0.000000,0.000000,0.000000,0,0.00
1.834000,-0.504,-0.050375,-0.050375,4.602,0.050375,0.000000,-0.000000,0.511,0.157,0.000000,0.000000,0.000000,0.000000,0.000000,0.000000,0,0.00
1.836000,-0.492,-0.049220,-0.049220,4.611,0.049220,0.000000,-0.000000,0.501,0.154,0.000000,0.000000,0.000000,0.000000,0.000000,0.000000,0,0.00
1.838000,-0.497,-0.049732,-0.049732,4.607,0.049732,0.000000,-0.000000,0.493,0.155,0.000000,0.000000,0.000000,0.000000,0.000000,0.000000,0,0.00
1.840000,-0.495,-0.049509,-0.049509,4.609,0.049509,0.000000,0.000000,0.498,0.155,0.000000,0.000000,0.000000,0.000000,0.000000,0.000000,0,0.00
1.842000,-0.507,-0.050736,-0.050736,4.599,0.050736,0.000000,0.000000,0.504,0.159,0.000000,0.000000,0.000000,0.000000,0.000000,0.000000,0,0.00
1.844000,-0.501,-0.050098,-0.050098,4.604,0.050098,0.000000,0.000000,0.492,0.157,0.000000,0.000000,0.000000,0.000000,0.000000,0.000000,0,0.00
1.846000,-0.488,-0.048801,-0.048801,4.614,0.048801,0.000000,0.000000,0.497,0.153,0.000000,0.000000,0.000000,0.000000,0.000000,0.000000,0,0.00
1.848000,-0.495,-0.049476,-0.049476,4.609,0.049476,0.000000,0.000000,0.495,0.155,0.000000,0.000000,0.000000,0.000000,0.000000,0.000000,0,0.00
1.850000,-0.478,-0.047755,-0.047755,4.623,0.047755,0.000000,-0.000000,0.507,0.149,0.000000,0.000000,0.000000,0.000000,0.000000,0.000000,0,0.00
1.852000,-0.496,-0.049580,-0.049580,4.608,0.049580,0.000000,-0.000000,0.501,0.155,0.000000,0.000000,0.000000,0.000000,0.000000,0.000000,0,0.00
1.854000,-0.493,-0.049288,-0.049288,4.611,0.049288,0.000000,-0.000000,0.488,0.154,0.000000,0.000000,0.000000,0.000000,0.000000,0.000000,0,0.00
1.856000,-0.490,-0.048959,-0.048959,4.613,0.048959,0.000000,-0.000000,0.495,0.153,0.000000,0.000000,0.000000,0.000000,0.000000,0.000000,0,0.00
1.858000,-0.494,-0.049394,-0.049394,4.610,0.049394,0.000000,-0.000000,0.478,0.154,0.000000,0.000000,0.000000,0.000000,0.000000,0.000000,0,0.00
1.860000,-0.461,-0.046090,-0.046090,4.636,0.046090,0.000000,-0.000000,0.496,0.144,0.000000,0.000000,0.000000,0.000000,0.000000,0.000000,0,0.00
1.862000,-0.475,-0.047540,-0.047540,4.624,0.047540,0.000000,-0.000000,0.493,0.149,0.000000,0.000000,0.000000,0.000000,0.000000,0.000000,0,0.00
1.864000,-0.484,-0.048429,-0.048429,4.617,0.048429,0.000000,-0.000000,0.490,0.151,0.000000,0.000000,0.000000,0.000000,0.000000,0.000000,0,0.00
1.866000,-0.465,-0.046450,-0.046450,4.633,0.046450,0.000000,-0.000000,0.494,0.145,0.000000,0.000000,0.000000,0.000000,0.000000,0.000000,0,0.00
1.868000,-0.452,-0.045162,-0.045162,4.643,0.045162,0.000000,-0.000000,0.461,0.141,0.000000,0.000000,0.000000,0.000000,0.000000,0.000000,0,0.00
1.870000,-0.460,-0.046017,-0.046017,4.636,0.046017,0.000000,0.000000,0.475,0.144,0.000000,0.000000,0.000000,0.000000,0.000000,0.000000,0,0.00
1.872000,-0.462,-0.046214,-0.046214,4.635,0.046214,0.000000,-0.000000,0.484,0.144,0.000000,0.000000,0.000000,0.000000,0.000000,0.000000,0,0.00
1.874000,-0.437,-0.043658,-0.043658,4.655,0.043658,0.000000,-0.000000,0.465,0.136,0.000000,0.000000,0.000000,0.000000,0.000000,0.000000,0,0.00
1.876000,-0.453,-0.045280,-0.045280,4.642,0.045280,0.000000,0.000000,0.452,0.141,0.000000,0.000000,0.000000,0.000000,0.000000,0.000000,0,0.00
1.878000,-0.447,-0.044713,-0.044713,4.646,0.044713,0.000000,0.000000,0.460,0.140,0.000000,0.000000,0.000000,0.000000,0.000000,0.000000,0,0.00
1.880000,-0.434,-0.043441,-0.043441,4.656,0.043441,0.000000,-0.000000,0.462,0.136,0.000000,0.000000,0.000000,0.000000,0.000000,0.000000,0,0.00
1.882000,-0.408,-0.040791,-0.040791,4.677,0.040791,0.000000,-0.000000,0.437,0.127,0.000000,0.000000,0.000000,0.000000,0.000000,0.000000,0,0.00
1.884000,-0.433,-0.043303,-0.043303,4.657,0.043303,0.000000,-0.000000,0.453,0.135,0.000000,0.000000,0.000000,0.000000,0.000000,0.000000,0,0.00
1.886000,-0.427,-0.042739,-0.042739,4.662,0.042739,0.000000,-0.000000,0.447,0.134,0.000000,0.000000,0.000000,0.000000,0.000000,0.000000,0,0.00
1.888000,-0.415,-0.041521,-0.041521,4.671,0.041521,0.000000,-0.000000,0.434,0.130,0.000000,0.000000,0.000000,0.000000,0.000000,0.000000,0,0.00
1.890000,-0.403,-0.040306,-0.040306,4.681,0.040306,0.000000,-0.000000,0.408,0.126,0.000000,0.000000,0.000000,0.000000,0.000000,0.000000,0,0.00
1.892000,-0.400,-0.039996,-0.039996,4.683,0.039996,0.000000,-0.000000,0.433,0.125,0.000000,0.000000,0.000000,0.000000,0.000000,0.000000,0,0.00
1.894000,-0.384,-0.038398,-0.038398,4.696,0.038398,0.000000,-0.000000,0.427,0.120,0.000000,0.000000,0.000000,0.000000,0.000000,0.000000,0,0.00
1.896000,-0.389,-0.038862,-0.038862,4.692,0.038862,0.000000,-0.000000,0.415,0.121,0.000000,0.000000,0.000000,0.000000,0.000000,0.000000,0,0.00
1.898000,-0.373,-0.037266,-0.037266,4.704,0.037266,0.000000,-0.000000,0.403,0.116,0.000000,0.000000,0.000000,0.000000,0.000000,0.000000,0,0.00
1.900000,-0.388,-0.038847,-0.038847,4.692,0.038847,0.000000,0.000000,0.000,0.121,0.000000,0.000000,0.000000,0.000000,0.000000,0.000000,0,0.00
1.902000,-0.384,-0.038370,-0.038370,4.696,0.038370,0.000000,-0.000000,0.000,0.120,0.000000,0.000000,0.000000,0.000000,0.000000,0.000000,0,0.00
1.904000,-0.390,-0.039031,-0.039031,4.691,0.039031,0.000000,0.000000,0.000,0.122,0.000000,0.000000,0.000000,0.000000,0.000000,0.000000,0,0.00
1.906000,-0.376,-0.037616,-0.037616,4.702,0.037616,0.000000,-0.000000,0.000,0.118,0.000000,0.000000,0.000000,0.000000,0.000000,0.000000,0,0.00
1.908000,-0.354,-0.035443,-0.035443,4.719,0.035443,0.000000,-0.000000,0.388,0.111,0.000000,0.000000,0.000000,0.000000,0.000000,0.000000,0,0.00
1.910000,-0.358,-0.035833,-0.035833,4.716,0.035833,0.000000,-0.000000,0.384,0.112,0.000000,0.000000,0.000000,0.000000,0.000000,0.000000,0,0.00
1.912000,-0.330,-0.032989,-0.032989,4.738,0.032989,0.000000,-0.000000,0.390,0.103,0.000000,0.000000,0.000000,0.000000,0.000000,0.000000,0,0.00
1.914000,-0.338,-0.033792,-0.033792,4.732,0.033792,0.000000,-0.000000,0.376,0.106,0.000000,0.000000,0.000000,0.000000,0.000000,0.000000,0,0.00
1.916000,-0.329,-0.032948,-0.032948,4.738,0.032948,0.000000,-0.000000,0.354,0.103,0.000000,0.000000,0.000000,0.000000,0.000000,0.000000,0,0.00
1.918000,-0.313,-0.031283,-0.031283,4.751,0.031283,0.000000,-0.000000,0.358,0.098,0.000000,0.000000,0.000000,0.000000,0.000000,0.000000,0,0.00
1.920000,-0.328,-0.032786,-0.032786,4.739,0.032786,0.000000,-0.000000,0.330,0.102,0.000000,0.000000,0.000000,0.000000,0.000000,0.000000,0,0.00
1.922000,-0.315,-0.031501,-0.031501,4.749,0.031501,0.000000,-0.000000,0.338,0.098,0.000000,0.000000,0.000000,0.000000,0.000000,0.000000,0,0.00
1.924000,-0.306,-0.030558,-0.030558,4.757,0.030558,0.000000,-0.000000,0.329,0.095,0.000000,0.000000,0.000000,0.000000,0.000000,0.000000,0,0.00
1.926000,-0.292,-0.029166,-0.029166,4.768,0.029166,0.000000,-0.000000,0.313,0.091,0.000000,0.000000,0.000000,0.000000,0.000000,0.000000,0,0.00
1.928000,-0.285,-0.028521,-0.028521,4.773,0.028521,0.000000,-0.000000,0.328,0.089,0.000000,0.000000,0.000000,0.000000,0.000000,0.000000,0,0.00
1.930000,-0.273,-0.027279,-0.027279,4.782,0.027279,0.000000,-0.000000,0.315,0.085,0.000000,0.000000,0.000000,0.000000,0.000000,0.000000,0,0.00
1.932000,-0.278,-0.027833,-0.027833,4.778,0.027833,0.000000,-0.000000,0.306,0.087,0.000000,0.000000,0.000000,0.000000,0.000000,0.000000,0,0.00
1.934000,-0.283,-0.028255,-0.028255,4.775,0.028255,0.000000,-0.000000,0.292,0.088,0.000000,0.000000,0.000000,0.000000,0.000000,0.000000,0,0.00
1.936000,-0.270,-0.026999,-0.026999,4.785,0.026999,0.000000,-0.000000,0.285,0.084,0.000000,0.000000,0.000000,0.000000,0.000000,0.000000,0,0.00
1.938000,-0.240,-0.024026,-0.024026,4.808,0.024026,0.000000,-0.000000,0.273,0.075,0.000000,0.000000,0.000000,0.000000,0.000000,0.000000,0,0.00
1.940000,-0.235,-0.023454,-0.023454,4.812,0.023454,0.000000,-0.000000,0.278,0.073,0.000000,0.000000,0.000000,0.000000,0.000000,0.000000,0,0.00
1.942000,-0.236,-0.023646,-0.023646,4.811,0.023646,0.000000,-0.000000,0.283,0.074,0.000000,0.000000,0.000000,0.000000,0.000000,0.000000,0,0.00
1.944000,-0.227,-0.022707,-0.022707,4.818,0.022707,0.000000,-0.000000,0.270,0.071,0.000000,0.000000,0.000000,0.000000,0.000000,0.000000,0,0.00
1.946000,-0.230,-0.022980,-0.022980,4.816,0.022980,0.000000,-0.000000,0.240,0.072,0.000000,0.000000,0.000000,0.000000,0.000000,0.000000,0,0.00
1.948000,-0.205,-0.020507,-0.020507,4.835,0.020507,0.000000,-0.000000,0.235,0.064,0.000000,0.000000,0.000000,0.000000,0.000000,0.000000,0,0.00
1.950000,-0.208,-0.020799,-0.020799,4.833,0.020799,0.000000,-0.000000,0.236,0.065,0.000000,0.000000,0.000000,0.000000,0.000000,0.000000,0,0.00
1.952000,-0.194,-0.019388,-0.019388,4.844,0.019388,0.000000,-0.000000,0.227,0.061,0.000000,0.000000,0.000000,0.000000,0.000000,0.000000,0,0.00
1.954000,-0.194,-0.019400,-0.019400,4.844,0.019400,0.000000,-0.000000,0.230,0.061,0.000000,0.000000,0.000000,0.000000,0.000000,0.000000,0,0.00
1.956000,-0.163,-0.016282,-0.016282,4.868,0.016282,0.000000,-0.000000,0.205,0.051,0.000000,0.000000,0.000000,0.000000,0.000000,0.000000,0,0.00
1.958000,-0.163,-0.016317,-0.016317,4.868,0.016317,0.000000,-0.000000,0.208,0.051,0.000000,0.000000,0.000000,0.000000,0.000000,0.000000,0,0.00
1.960000,-0.173,-0.017268,-0.017268,4.860,0.017268,0.000000,-0.000000,0.194,0.054,0.000000,0.000000,0.000000,0.000000,0.000000,0.000000,0,0.00
1.962000,-0.154,-0.015375,-0.015375,4.875,0.015375,0.000000,-0.000000,0.194,0.048,0.000000,0.000000,0.000000,0.000000,0.000000,0.000000,0,0.00
1.964000,-0.149,-0.014897,-0.014897,4.879,0.014897,0.000000,-0.000000,0.163,0.047,0.000000,0.000000,0.000000,0.000000,0.000000,0.000000,0,0.00
1.966000,-0.120,-0.011988,-0.011988,4.902,0.011988,0.000000,-0.000000,0.163,0.037,0.000000,0.000000,0.000000,0.000000,0.000000,0.000000,0,0.00
1.968000,-0.124,-0.012383,-0.012383,4.899,0.012383,0.000000,-0.000000,0.173,0.039,0.000000,0.000000,0.000000,0.000000,0.000000,0.000000,0,0.00
1.970000,-0.129,-0.012877,-0.012877,4.895,0.012877,0.000000,-0.000000,0.154,0.040,0.000000,0.000000,0.000000,0.000000,0.000000,0.000000,0,0.00
1.972000,-0.125,-0.012524,-0.012524,4.898,0.012524,0.000000,-0.000000,0.149,0.039,0.000000,0.000000,0.000000,0.000000,0.000000,0.000000,0,0.00
1.974000,-0.091,-0.009103,-0.009103,4.924,0.009103,0.000000,-0.000000,0.120,0.028,0.000000,0.000000,0.000000,0.000000,0.000000,0.000000,0,0.00
1.976000,-0.082,-0.008243,-0.008243,4.931,0.008243,0.000000,-0.000000,0.124,0.026,0.000000,0.000000,0.000000,0.000000,0.000000,0.000000,0,0.00
1.978000,-0.066,-0.006637,-0.006637,4.943,0.006637,0.000000,-0.000000,0.129,0.021,0.000000,0.000000,0.000000,0.000000,0.000000,0.000000,0,0.00
1.980000,-0.066,-0.006563,-0.006563,4.944,0.006563,0.000000,-0.000000,0.125,0.021,0.000000,0.000000,0.000000,0.000000,0.000000,0.000000,0,0.00
1.982000,-0.061,-0.006125,-0.006125,4.947,0.006125,0.000000,-0.000000,0.091,0.019,0.000000,0.000000,0.000000,0.000000,0.000000,0.000000,0,0.00
1.984000,-0.054,-0.005394,-0.005394,4.953,0.005394,0.000000,-0.000000,0.082,0.017,0.000000,0.000000,0.000000,0.000000,0.000000,0.000000,0,0.00
1.986000,-0.040,-0.003952,-0.003952,4.964,0.003952,0.000000,-0.000000,0.066,0.012,0.000000,0.000000,0.000000,0.000000,0.000000,0.000000,0,0.00
1.988000,-0.026,-0.002613,-0.002613,4.975,0.002613,0.000000,-0.000000,0.066,0.008,0.000000,0.000000,0.000000,0.000000,0.000000,0.000000,0,0.00
1.990000,-0.019,-0.001884,-0.001884,4.981,0.001884,0.000000,-0.000000,0.061,0.006,0.000000,0.000000,0.000000,0.000000,0.000000,0.000000,0,0.00
1.992000,-0.019,-0.001860,-0.001860,4.981,0.001860,0.000000,-0.000000,0.054,0.006,0.000000,0.000000,0.000000,0.000000,0.000000,0.000000,0,0.00
1.994000,-0.003,-0.000253,-0.000253,4.993,0.000253,0.000000,-0.000000,0.040,0.001,0.000000,0.000000,0.000000,0.000000,0.000000,0.000000,0,0.00
1.996000,0.012,0.001172,0.001172,4.986,-0.001172,0.000000,-0.000000,0.026,0.004,0.000000,0.000000,0.000000,0.000000,0.000000,0.000000,0,0.00
1.998000,0.024,0.002383,0.002383,4.977,-0.002383,0.000000,-0.000000,0.019,0.007,0.000000,0.000000,0.000000,0.000000,0.000000,0.000000,0,0.00
2.000000,0.031,0.003131,0.003131,4.971,-0.003131,0.000000,-0.000000,0.000,0.010,0.000000,0.000000,0.000000,0.000000,0.000000,0.000000,0,0.00
2.002000,0.046,0.004642,0.004642,4.959,-0.004642,0.000000,-0.000000,0.000,0.015,0.000000,0.000000,0.000000,0.000000,0.000000,0.000000,0,0.00
2.004000,0.053,0.005340,0.005340,4.954,-0.005340,0.000000,-0.000000,0.000,0.017,0.000000,0.000000,0.000000,0.000000,0.000000,0.000000,0,0.00
2.006000,0.054,0.005394,0.005394,4.953,-0.005394,0.000000,-0.000000,0.000,0.017,0.000000,0.000000,0.000000,0.000000,0.000000,0.000000,0,0.00
2.008000,0.064,0.006427,0.006427,4.945,-0.006427,0.000000,-0.000000,-0.031,0.020,0.000000,0.000000,0.000000,0.000000,0.000000,0.000000,0,0.00
2.010000,0.084,0.008366,0.008366,4.930,-0.008366,0.000000,-0.000000,-0.046,0.026,0.000000,0.000000,0.000000,0.000000,0.000000,0.000000,0,0.00
2.012000,0.068,0.006806,0.006806,4.942,-0.006806,0.000000,-0.000000,-0.053,0.021,0.000000,0.000000,0.000000,0.000000,0.000000,0.000000,0,0.00
2.014000,0.108,0.010767,0.010767,4.911,-0.010767,0.000000,-0.000000,-0.054,0.034,0.000000,0.000000,0.000000,0.000000,0.000000,0.000000,0,0.00
2.016000,0.104,0.010413,0.010413,4.914,-0.010413,0.000000,-0.000000,-0.064,0.033,0.000000,0.000000,0.000000,0.000000,0.000000,0.000000,0,0.00
2.018000,0.123,0.012339,0.012339,4.899,-0.012339,0.000000,-0.000000,-0.084,0.039,0.000000,0.000000,0.000000,0.000000,0.000000,0.000000,0,0.00
2.020000,0.146,0.014609,0.014609,4.881,-0.014609,0.000000,-0.000000,-0.068,0.046,0.000000,0.000000,0.000000,0.000000,0.000000,0.000000,0,0.00
2.022000,0.126,0.012619,0.012619,4.897,-0.012619,0.000000,-0.000000,-0.108,0.039,0.000000,0.000000,0.000000,0.000000,0.000000,0.000000,0,0.00
2.024000,0.143,0.014271,0.014271,4.884,-0.014271,0.000000,-0.000000,-0.104,0.045,0.000000,0.000000,0.000000,0.000000,0.000000,0.000000,0,0.00
2.026000,0.164,0.016370,0.016370,4.868,-0.016370,0.000000,-0.000000,-0.123,0.051,0.000000,0.000000,0.000000,0.000000,0.000000,0.000000,0,0.00
2.028000,0.165,0.016457,0.016457,4.867,-0.016457,0.000000,-0.000000,-0.146,0.051,0.000000,0.000000,0.000000,0.000000,0.000000,0.000000,0,0.00
2.030000,0.178,0.017813,0.017813,4.856,-0.017813,0.000000,-0.000000,-0.126,0.056,0.000000,0.000000,0.000000,0.000000,0.000000,0.000000,0,0.00
2.032000,0.186,0.018555,0.018555,4.850,-0.018555,0.000000,-0.000000,-0.143,0.058,0.000000,0.000000,0.000000,0.000000,0.000000,0.000000,0,0.00
2.034000,0.194,0.019406,0.019406,4.844,-0.019406,0.000000,-0.000000,-0.164,0.061,0.000000,0.000000,0.000000,0.000000,0.000000,0.000000,0,0.00
2.036000,0.218,0.021750,0.021750,4.826,-0.021750,0.000000,-0.000000,-0.165,0.068,0.000000,0.000000,0.000000,0.000000,0.000000,0.000000,0,0.00
2.038000,0.207,0.020740,0.020740,4.833,-0.020740,0.000000,-0.000000,-0.178,0.065,0.000000,0.000000,0.000000,0.000000,0.000000,0.000000,0,0.00
2.040000,0.224,0.022412,0.022412,4.820,-0.022412,0.000000,-0.000000,-0.186,0.070,0.000000,0.000000,0.000000,0.000000,0.000000,0.000000,0,0.00
2.042000,0.228,0.022786,0.022786,4.817,-0.022786,0.000000,-0.000000,-0.194,0.071,0.000000,0.000000,0.000000,0.000000,0.000000,0.000000,0,0.00
2.044000,0.228,0.022774,0.022774,4.818,-0.022774,0.000000,-0.000000,-0.218,0.071,0.000000,0.000000,0.000000,0.000000,0.000000,0.000000,0,0.00
2.046000,0.250,0.025034,0.025034,4.800,-0.025034,0.000000,-0.000000,-0.207,0.078,0.000000,0.000000,0.000000,0.000000,0.000000,0.000000,0,0.00
2.048000,0.273,0.027328,0.027328,4.782,-0.027328,0.000000,-0.000000,-0.224,0.085,0.000000,0.000000,0.000000,0.000000,0.000000,0.000000,0,0.00
2.050000,0.282,0.028238,0.028238,4.775,-0.028238,0.000000,-0.000000,-0.228,0.088,0.000000,0.000000,0.000000,0.000000,0.000000,0.000000,0,0.00
2.052000,0.267,0.026678,0.026678,4.787,-0.026678,0.000000,-0.000000,-0.228,0.083,0.000000,0.000000,0.000000,0.000000,0.000000,0.000000,0,0.00
2.054000,0.300,0.029996,0.029996,4.761,-0.029996,0.000000,-0.000000,-0.250,0.094,0.000000,0.000000,0.000000,0.000000,0.000000,0.000000,0,0.00
2.056000,0.308,0.030829,0.030829,4.755,-0.030829,0.000000,-0.000000,-0.273,0.096,0.000000,0.000000,0.000000,0.000000,0.000000,0.000000,0,0.00
2.058000,0.307,0.030685,0.030685,4.756,-0.030685,0.000000,-0.000000,-0.282,0.096,0.000000,0.000000,0.000000,0.000000,0.000000,0.000000,0,0.00
2.060000,0.322,0.032203,0.032203,4.744,-0.032203,0.000000,-0.000000,-0.267,0.101,0.000000,0.000000,0.000000,0.000000,0.000000,0.000000,0,0.00
2.062000,0.322,0.032199,0.032199,4.744,-0.032199,0.000000,-0.000000,-0.300,0.101,0.000000,0.000000,0.000000,0.000000,0.000000,0.000000,0,0.00
2.064000,0.348,0.034845,0.034845,4.723,-0.034845,0.000000,-0.000000,-0.308,0.109,0.000000,0.000000,0.000000,0.000000,0.000000,0.000000,0,0.00
2.066000,0.330,0.032980,0.032980,4.738,-0.032980,0.000000,-0.000000,-0.307,0.103,0.000000,0.000000,0.000000,0.000000,0.000000,0.000000,0,0.00
2.068000,0.352,0.035165,0.035165,4.721,-0.035165,0.000000,-0.000000,-0.322,0.110,0.000000,0.000000,0.000000,0.000000,0.000000,0.000000,0,0.00
2.070000,0.351,0.035132,0.035132,4.721,-0.035132,0.000000,-0.000000,-0.322,0.110,0.000000,0.000000,0.000000,0.000000,0.000000,0.000000,0,0.00
2.072000,0.367,0.036720,0.036720,4.709,-0.036720,0.000000,-0.000000,-0.348,0.115,0.000000,0.000000,0.000000,0.000000,0.000000,0.000000,0,0.00
2.074000,0.394,0.039365,0.039365,4.688,-0.039365,0.000000,-0.000000,-0.330,0.123,0.000000,0.000000,0.000000,0.000000,0.000000,0.000000,0,0.00
2.076000,0.402,0.040207,0.040207,4.681,-0.040207,0.000000,-0.000000,-0.352,0.126,0.000000,0.000000,0.000000,0.000000,0.000000,0.000000,0,0.00
2.078000,0.384,0.038383,0.038383,4.696,-0.038383,0.000000,-0.000000,-0.351,0.120,0.000000,0.000000,0.000000,0.000000,0.000000,0.000000,0,0.00
2.080000,0.405,0.040542,0.040542,4.679,-0.040542,0.000000,-0.000000,-0.367,0.127,0.000000,0.000000,0.000000,0.000000,0.000000,0.000000,0,0.00
2.082000,0.421,0.042110,0.042110,4.667,-0.042110,0.000000,-0.000000,-0.394,0.132,0.000000,0.000000,0.000000,0.000000,0.000000,0.000000,0,0.00
2.084000,0.399,0.039915,0.039915,4.684,-0.039915,0.000000,0.000000,-0.402,0.125,0.000000,0.000000,0.000000,0.000000,0.000000,0.000000,0,0.00
2.086000,0.426,0.042568,0.042568,4.663,-0.042568,0.000000,-0.000000,-0.384,0.133,0.000000,0.000000,0.000000,0.000000,0.000000,0.000000,0,0.00
2.088000,0.429,0.042895,0.042895,4.660,-0.042895,0.000000,-0.000000,-0.405,0.134,0.000000,0.000000,0.000000,0.000000,0.000000,0.000000,0,0.00
2.090000,0.446,0.044564,0.044564,4.647,-0.044564,0.000000,-0.000000,-0.421,0.139,0.000000,0.000000,0.000000,0.000000,0.000000,0.000000,0,0.00
2.092000,0.433,0.043303,0.043303,4.657,-0.043303,0.000000,0.000000,-0.399,0.135,0.000000,0.000000,0.000000,0.000000,0.000000,0.000000,0,0.00
2.094000,0.464,0.046390,0.046390,4.633,-0.046390,0.000000,-0.000000,-0.426,0.145,0.000000,0.000000,0.000000,0.000000,0.000000,0.000000,0,0.00
2.096000,0.455,0.045512,0.045512,4.640,-0.045512,0.000000,-0.000000,-0.429,0.142,0.000000,0.000000,0.000000,0.000000,0.000000,0.000000,0,0.00
2.098000,0.496,0.049599,0.049599,4.608,-0.049599,0.000000,-0.000000,-0.446,0.155,0.000000,0.000000,0.000000,0.000000,0.000000,0.000000,0,0.00
2.100000,0.480,0.048048,0.048048,4.620,-0.048048,0.000000,-0.000000,0.000,0.150,0.000000,0.000000,0.000000,0.000000,0.000000,0.000000,0,0.00
2.102000,0.502,0.050243,0.050243,4.603,-0.050243,0.000000,-0.000000,0.000,0.157,0.000000,0.000000,0.000000,0.000000,0.000000,0.000000,0,0.00
2.104000,0.494,0.049380,0.049380,4.610,-0.049380,0.000000,-0.000000,0.000,0.154,0.000000,0.000000,0.000000,0.000000,0.000000,0.000000,0,0.00
2.106000,0.510,0.051032,0.051032,4.597,-0.051032,0.000000,-0.000000,0.000,0.159,0.000000,0.000000,0.000000,0.000000,0.000000,0.000000,0,0.00
2.108000,0.503,0.050255,0.050255,4.603,-0.050255,0.000000,-0.000000,-0.480,0.157,0.000000,0.000000,0.000000,0.000000,0.000000,0.000000,0,0.00
2.110000,0.517,0.051741,0.051741,4.591,-0.051741,0.000000,-0.000000,-0.502,0.162,0.000000,0.000000,0.000000,0.000000,0.000000,0.000000,0,0.00
2.112000,0.526,0.052589,0.052589,4.585,-0.052589,0.000000,-0.000000,-0.494,0.164,0.000000,0.000000,0.000000,0.000000,0.000000,0.000000,0,0.00
2.114000,0.523,0.052327,0.052327,4.587,-0.052327,0.000000,-0.000000,-0.510,0.164,0.000000,0.000000,0.000000,0.000000,0.000000,0.000000,0,0.00
2.116000,0.539,0.053948,0.053948,4.574,-0.053948,0.000000,-0.000000,-0.503,0.169,0.000000,0.000000,0.000000,0.000000,0.000000,0.000000,0,0.00
2.118000,0.536,0.053620,0.053620,4.577,-0.053620,0.000000,-0.000000,-0.517,0.168,0.000000,0.000000,0.000000,0.000000,0.000000,0.000000,0,0.00
2.120000,0.539,0.053884,0.053884,4.575,-0.053884,0.000000,-0.000000,-0.526,0.168,0.000000,0.000000,0.000000,0.000000,0.000000,0.000000,0,0.00
2.122000,0.549,0.054939,0.054939,4.566,-0.054939,0.000000,-0.000000,-0.523,0.172,0.000000,0.000000,0.000000,0.000000,0.000000,0.000000,0,0.00
2.124000,0.567,0.056723,0.056723,4.553,-0.056723,0.000000,-0.000000,-0.539,0.177,0.000000,0.000000,0.000000,0.000000,0.000000,0.000000,0,0.00
2.126000,0.555,0.055484,0.055484,4.562,-0.055484,0.000000,-0.000000,-0.536,0.173,0.000000,0.000000,0.000000,0.000000,0.000000,0.000000,0,0.00
2.128000,0.568,0.056797,0.056797,4.552,-0.056797,0.000000,-0.000000,-0.539,0.177,0.000000,0.000000,0.000000,0.000000,0.000000,0.000000,0,0.00
2.130000,0.578,0.057805,0.057805,4.544,-0.057805,0.000000,-0.000000,-0.549,0.181,0.000000,0.000000,0.000000,0.000000,0.000000,0.000000,0,0.00
2.132000,0.577,0.057697,0.057697,4.545,-0.057697,0.000000,-0.000000,-0.567,0.180,0.000000,0.000000,0.000000,0.000000,0.000000,0.000000,0,0.00
2.134000,0.581,0.058129,0.058129,4.542,-0.058129,0.000000,-0.000000,-0.555,0.182,0.000000,0.000000,0.000000,0.000000,0.000000,0.000000,0,0.00
2.136000,0.598,0.059796,0.059796,4.529,-0.059796,0.000000,-0.000000,-0.568,0.187,0.000000,0.000000,0.000000,0.000000,0.000000,0.000000,0,0.00
2.138000,0.605,0.060515,0.060515,4.523,-0.060515,0.000000,-0.000000,-0.578,0.189,0.000000,0.000000,0.000000,0.000000,0.000000,0.000000,0,0.00
2.140000,0.598,0.059811,0.059811,4.528,-0.059811,0.000000,-0.000000,-0.577,0.187,0.000000,0.000000,0.000000,0.000000,0.000000,0.000000,0,0.00
2.142000,0.606,0.060648,0.060648,4.522,-0.060648,0.000000,-0.000000,-0.581,0.190,0.000000,0.000000,0.000000,0.000000,0.000000,0.000000,0,0.00
2.144000,0.604,0.060350,0.060350,4.524,-0.060350,0.000000,-0.000000,-0.598,0.189,0.000000,0.000000,0.000000,0.000000,0.000000,0.000000,0,0.00
2.146000,0.602,0.060160,0.060160,4.526,-0.060160,0.000000,-0.000000,-0.605,0.188,0.000000,0.000000,0.000000,0.000000,0.000000,0.000000,0,0.00
2.148000,0.616,0.061647,0.061647,4.514,-0.061647,0.000000,-0.000000,-0.598,0.193,0.000000,0.000000,0.000000,0.000000,0.000000,0.000000,0,0.00
2.150000,0.618,0.061752,0.061752,4.513,-0.061752,0.000000,-0.000000,-0.606,0.193,0.000000,0.000000,0.000000,0.000000,0.000000,0.000000,0,0.00
2.152000,0.624,0.062363,0.062363,4.509,-0.062363,0.000000,-0.000000,-0.604,0.195,0.000000,0.000000,0.000000,0.000000,0.000000,0.000000,0,0.00
2.154000,0.610,0.061012,0.061012,4.519,-0.061012,0.000000,-0.000000,-0.602,0.191,0.000000,0.000000,0.000000,0.000000,0.000000,0.000000,0,0.00
2.156000,0.636,0.063580,0.063580,4.499,-0.063580,0.000000,-0.000000,-0.616,0.199,0.000000,0.000000,0.000000,0.000000,0.000000,0.000000,0,0.00
2.158000,0.645,0.064479,0.064479,4.492,-0.064479,0.000000,-0.000000,-0.618,0.201,0.000000,0.000000,0.000000,0.000000,0.000000,0.000000,0,0.00
2.160000,0.613,0.061320,0.061320,4.517,-0.061320,0.000000,0.000000,-0.624,0.192,0.000000,0.000000,0.000000,0.000000,0.000000,0.000000,0,0.00
2.162000,0.631,0.063142,0.063142,4.502,-0.063142,0.000000,0.000000,-0.610,0.197,0.000000,0.000000,0.000000,0.000000,0.000000,0.000000,0,0.00
2.164000,0.625,0.062453,0.062453,4.508,-0.062453,0.000000,-0.000000,-0.636,0.195,0.000000,0.000000,0.000000,0.000000,0.000000,0.000000,0,0.00
2.166000,0.637,0.063746,0.063746,4.498,-0.063746,0.000000,0.000000,-0.645,0.199,0.000000,0.000000,0.000000,0.000000,0.000000,0.000000,0,0.00
2.168000,0.634,0.063406,0.063406,4.500,-0.063406,0.000000,0.000000,-0.613,0.198,0.000000,0.000000,0.000000,0.000000,0.000000,0.000000,0,0.00
2.170000,0.643,0.064293,0.064293,4.493,-0.064293,0.000000,-0.000000,-0.631,0.201,0.000000,0.000000,0.000000,0.000000,0.000000,0.000000,0,0.00
2.172000,0.642,0.064190,0.064190,4.494,-0.064190,0.000000,-0.000000,-0.625,0.201,0.000000,0.000000,0.000000,0.000000,0.000000,0.000000,0,0.00
2.174000,0.651,0.065072,0.065072,4.487,-0.065072,0.000000,-0.000000,-0.637,0.203,0.000000,0.000000,0.000000,0.000000,0.000000,0.000000,0,0.00
2.176000,0.636,0.063634,0.063634,4.499,-0.063634,0.000000,-0.000000,-0.634,0.199,0.000000,0.000000,0.000000,0.000000,0.000000,0.000000,0,0.00
2.178000,0.623,0.062304,0.062304,4.509,-0.062304,0.000000,-0.000000,-0.643,0.195,0.000000,0.000000,0.000000,0.000000,0.000000,0.000000,0,0.00
2.180000,0.637,0.063677,0.063677,4.498,-0.063677,0.000000,0.000000,-0.642,0.199,0.000000,0.000000,0.000000,0.000000,0.000000,0.000000,0,0.00
2.182000,0.644,0.064416,0.064416,4.493,-0.064416,0.000000,-0.000000,-0.651,0.201,0.000000,0.000000,0.000000,0.000000,0.000000,0.000000,0,0.00
2.184000,0.633,0.063268,0.063268,4.501,-0.063268,0.000000,0.000000,-0.636,0.198,0.000000,0.000000,0.000000,0.000000,0.000000,0.000000,0,0.00
2.186000,0.643,0.064263,0.064263,4.494,-0.064263,0.000000,-0.000000,-0.623,0.201,0.000000,0.000000,0.000000,0.000000,0.000000,0.000000,0,0.00
2.188000,0.645,0.064470,0.064470,4.492,-0.064470,0.000000,-0.000000,-0.637,0.201,0.000000,0.000000,0.000000,0.000000,0.000000,0.000000,0,0.00
2.190000,0.639,0.063876,0.063876,4.497,-0.063876,0.000000,-0.000000,-0.644,0.200,0.000000,0.000000,0.000000,0.000000,0.000000,0.000000,0,0.00
2.192000,0.620,0.062000,0.062000,4.511,-0.062000,0.000000,0.000000,-0.633,0.194,0.000000,0.000000,0.000000,0.000000,0.000000,0.000000,0,0.00
2.194000,0.617,0.061721,0.061721,4.514,-0.061721,0.000000,0.000000,-0.643,0.193,0.000000,0.000000,0.000000,0.000000,0.000000,0.000000,0,0.00
2.196000,0.621,0.062104,0.062104,4.511,-0.062104,0.000000,0.000000,-0.645,0.194,0.000000,0.000000,0.000000,0.000000,0.000000,0.000000,0,0.00
2.198000,0.632,0.063212,0.063212,4.502,-0.063212,0.000000,0.000000,-0.639,0.198,0.000000,0.000000,0.000000,0.000000,0.000000,0.000000,0,0.00
2.200000,0.628,0.062794,0.062794,4.505,-0.062794,0.000000,-0.000000,0.000,0.196,0.000000,0.000000,0.000000,0.000000,0.000000,0.000000,0,0.00
2.202000,0.651,0.065069,0.065069,4.487,-0.065069,0.000000,-0.000000,0.000,0.203,0.000000,0.000000,0.000000,0.000000,0.000000,0.000000,0,0.00
2.204000,0.624,0.062441,0.062441,4.508,-0.062441,0.000000,0.000000,0.000,0.195,0.000000,0.000000,0.000000,0.000000,0.000000,0.000000,0,0.00
2.206000,0.633,0.063333,0.063333,4.501,-0.063333,0.000000,0.000000,0.000,0.198,0.000000,0.000000,0.000000,0.000000,0.000000,0.000000,0,0.00
2.208000,0.615,0.061538,0.061538,4.515,-0.061538,0.000000,0.000000,-0.628,0.192,0.000000,0.000000,0.000000,0.000000,0.000000,0.000000,0,0.00
2.210000,0.614,0.061398,0.061398,4.516,-0.061398,0.000000,0.000000,-0.651,0.192,0.000000,0.000000,0.000000,0.000000,0.000000,0.000000,0,0.00
2.212000,0.608,0.060782,0.060782,4.521,-0.060782,0.000000,0.000000,-0.624,0.190,0.000000,0.000000,0.000000,0.000000,0.000000,0.000000,0,0.00
2.214000,0.632,0.063231,0.063231,4.502,-0.063231,0.000000,-0.000000,-0.633,0.198,0.000000,0.000000,0.000000,0.000000,0.000000,0.000000,0,0.00
2.216000,0.613,0.061341,0.061341,4.517,-0.061341,0.000000,0.000000,-0.615,0.192,0.000000,0.000000,0.000000,0.000000,0.000000,0.000000,0,0.00
2.218000,0.598,0.059837,0.059837,4.528,-0.059837,0.000000,0.000000,-0.614,0.187,0.000000,0.000000,0.000000,0.000000,0.000000,0.000000,0,0.00
2.220000,0.620,0.062019,0.062019,4.511,-0.062019,0.000000,-0.000000,-0.608,0.194,0.000000,0.000000,0.000000,0.000000,0.000000,0.000000,0,0.00
2.222000,0.603,0.060345,0.060345,4.524,-0.060345,0.000000,0.000000,-0.632,0.189,0.000000,0.000000,0.000000,0.000000,0.000000,0.000000,0,0.00
2.224000,0.590,0.059042,0.059042,4.534,-0.059042,0.000000,0.000000,-0.613,0.185,0.000000,0.000000,0.000000,0.000000,0.000000,0.000000,0,0.00
2.226000,0.590,0.058952,0.058952,4.535,-0.058952,0.000000,0.000000,-0.598,0.184,0.000000,0.000000,0.000000,0.000000,0.000000,0.000000,0,0.00
2.228000,0.606,0.060643,0.060643,4.522,-0.060643,0.000000,-0.000000,-0.620,0.190,0.000000,0.000000,0.000000,0.000000,0.000000,0.000000,0,0.00
2.230000,0.584,0.058427,0.058427,4.539,-0.058427,0.000000,0.000000,-0.603,0.183,0.000000,0.000000,0.000000,0.000000,0.000000,0.000000,0,0.00
2.232000,0.554,0.055370,0.055370,4.563,-0.055370,0.000000,0.000000,-0.590,0.173,0.000000,0.000000,0.000000,0.000000,0.000000,0.000000,0,0.00
2.234000,0.560,0.055999,0.055999,4.558,-0.055999,0.000000,0.000000,-0.590,0.175,0.000000,0.000000,0.000000,0.000000,0.000000,0.000000,0,0.00
2.236000,0.566,0.056560,0.056560,4.554,-0.056560,0.000000,0.000000,-0.606,0.177,0.000000,0.000000,0.000000,0.000000,0.000000,0.000000,0,0.00
2.238000,0.564,0.056406,0.056406,4.555,-0.056406,0.000000,0.000000,-0.584,0.176,0.000000,0.000000,0.000000,0.000000,0.000000,0.000000,0,0.00
2.240000,0.536,0.053615,0.053615,4.577,-0.053615,0.000000,0.000000,-0.554,0.168,0.000000,0.000000,0.000000,0.000000,0.000000,0.000000,0,0.00
2.242000,0.537,0.053712,0.053712,4.576,-0.053712,0.000000,-0.000000,-0.560,0.168,0.000000,0.000000,0.000000,0.000000,0.000000,0.000000,0,0.00
2.244000,0.538,0.053823,0.053823,4.575,-0.053823,0.000000,0.000000,-0.566,0.168,0.000000,0.000000,0.000000,0.000000,0.000000,0.000000,0,0.00
2.246000,0.542,0.054162,0.054162,4.573,-0.054162,0.000000,0.000000,-0.564,0.169,0.000000,0.000000,0.000000,0.000000,0.000000,0.000000,0,0.00
2.248000,0.518,0.051808,0.051808,4.591,-0.051808,0.000000,0.000000,-0.536,0.162,0.000000,0.000000,0.000000,0.000000,0.000000,0.000000,0,0.00
2.250000,0.515,0.051513,0.051513,4.593,-0.051513,0.000000,0.000000,-0.537,0.161,0.000000,0.000000,0.000000,0.000000,0.000000,0.000000,0,0.00
2.252000,0.519,0.051891,0.051891,4.590,-0.051891,0.000000,0.000000,-0.538,0.162,0.000000,0.000000,0.000000,0.000000,0.000000,0.000000,0,0.00
2.254000,0.515,0.051476,0.051476,4.593,-0.051476,0.000000,0.000000,-0.542,0.161,0.000000,0.000000,0.000000,0.000000,0.000000,0.000000,0,0.00
2.256000,0.490,0.049001,0.049001,4.613,-0.049001,0.000000,0.000000,-0.518,0.153,0.000000,0.000000,0.000000,0.000000,0.000000,0.000000,0,0.00
2.258000,0.484,0.048449,0.048449,4.617,-0.048449,0.000000,0.000000,-0.515,0.151,0.000000,0.000000,0.000000,0.000000,0.000000,0.000000,0,0.00
2.260000,0.481,0.048139,0.048139,4.620,-0.048139,0.000000,0.000000,-0.519,0.150,0.000000,0.000000,0.000000,0.000000,0.000000,0.000000,0,0.00
2.262000,0.452,0.045209,0.045209,4.642,-0.045209,0.000000,0.000000,-0.515,0.141,0.000000,0.000000,0.000000,0.000000,0.000000,0.000000,0,0.00
2.264000,0.462,0.046241,0.046241,4.634,-0.046241,0.000000,0.000000,-0.490,0.145,0.000000,0.000000,0.000000,0.000000,0.000000,0.000000,0,0.00
2.266000,0.432,0.043231,0.043231,4.658,-0.043231,0.000000,0.000000,-0.484,0.135,0.000000,0.000000,0.000000,0.000000,0.000000,0.000000,0,0.00
2.268000,0.447,0.044670,0.044670,4.647,-0.044670,0.000000,0.000000,-0.481,0.140,0.000000,0.000000,0.000000,0.000000,0.000000,0.000000,0,0.00
2.270000,0.448,0.044750,0.044750,4.646,-0.044750,0.000000,0.000000,-0.452,0.140,0.000000,0.000000,0.000000,0.000000,0.000000,0.000000,0,0.00
2.272000,0.432,0.043232,0.043232,4.658,-0.043232,0.000000,0.000000,-0.462,0.135,0.000000,0.000000,0.000000,0.000000,0.000000,0.000000,0,0.00
2.274000,0.423,0.042346,0.042346,4.665,-0.042346,0.000000,0.000000,-0.432,0.132,0.000000,0.000000,0.000000,0.000000,0.000000,0.000000,0,0.00
2.276000,0.412,0.041183,0.041183,4.674,-0.041183,0.000000,0.000000,-0.447,0.129,0.000000,0.000000,0.000000,0.000000,0.000000,0.000000,0,0.00
2.278000,0.393,0.039320,0.039320,4.688,-0.039320,0.000000,0.000000,-0.448,0.123,0.000000,0.000000,0.000000,0.000000,0.000000,0.000000,0,0.00
2.280000,0.384,0.038406,0.038406,4.696,-0.038406,0.000000,0.000000,-0.432,0.120,0.000000,0.000000,0.000000,0.000000,0.000000,0.000000,0,0.00
2.282000,0.383,0.038269,0.038269,4.697,-0.038269,0.000000,0.000000,-0.423,0.120,0.000000,0.000000,0.000000,0.000000,0.000000,0.000000,0,0.00
2.284000,0.368,0.036751,0.036751,4.708,-0.036751,0.000000,0.000000,-0.412,0.115,0.000000,0.000000,0.000000,0.000000,0.000000,0.000000,0,0.00
2.286000,0.359,0.035885,0.035885,4.715,-0.035885,0.000000,0.000000,-0.393,0.112,0.000000,0.000000,0.000000,0.000000,0.000000,0.000000,0,0.00
2.288000,0.349,0.034900,0.034900,4.723,-0.034900,0.000000,0.000000,-0.384,0.109,0.000000,0.000000,0.000000,0.000000,0.000000,0.000000,0,0.00
2.290000,0.331,0.033084,0.033084,4.737,-0.033084,0.000000,0.000000,-0.383,0.103,0.000000,0.000000,0.000000,0.000000,0.000000,0.000000,0,0.00
2.292000,0.309,0.030946,0.030946,4.754,-0.030946,0.000000,0.000000,-0.368,0.097,0.000000,0.000000,0.000000,0.000000,0.000000,0.000000,0,0.00
2.294000,0.309,0.030914,0.030914,4.754,-0.030914,0.000000,0.000000,-0.359,0.097,0.000000,0.000000,0.000000,0.000000,0.000000,0.000000,0,0.00
2.296000,0.312,0.031231,0.031231,4.752,-0.031231,0.000000,0.000000,-0.349,0.098,0.000000,0.000000,0.000000,0.000000,0.000000,0.000000,0,0.00
2.298000,0.286,0.028627,0.028627,4.772,-0.028627,0.000000,0.000000,-0.331,0.089,0.000000,0.000000,0.000000,0.000000,0.000000,0.000000,0,0.00
2.300000,0.286,0.028563,0.028563,4.772,-0.028563,0.000000,-0.000000,0.000,0.089,0.000000,0.000000,0.000000,0.000000,0.000000,0.000000,0,0.00
2.302000,0.280,0.028021,0.028021,4.777,-0.028021,0.000000,0.000000,0.000,0.088,0.000000,0.000000,0.000000,0.000000,0.000000,0.000000,0,0.00
2.304000,0.252,0.025192,0.025192,4.799,-0.025192,0.000000,0.000000,0.000,0.079,0.000000,0.000000,0.000000,0.000000,0.000000,0.000000,0,0.00
2.306000,0.254,0.025355,0.025355,4.797,-0.025355,0.000000,0.000000,0.000,0.079,0.000000,0.000000,0.000000,0.000000,0.000000,0.000000,0,0.00
2.308000,0.235,0.023463,0.023463,4.812,-0.023463,0.000000,0.000000,-0.286,0.073,0.000000,0.000000,0.000000,0.000000,0.000000,0.000000,0,0.00
2.310000,0.216,0.021622,0.021622,4.827,-0.021622,0.000000,0.000000,-0.280,0.068,0.000000,0.000000,0.000000,0.000000,0.000000,0.000000,0,0.00
2.312000,0.202,0.020208,0.020208,4.838,-0.020208,0.000000,0.000000,-0.252,0.063,0.000000,0.000000,0.000000,0.000000,0.000000,0.000000,0,0.00
2.314000,0.192,0.019246,0.019246,4.845,-0.019246,0.000000,0.000000,-0.254,0.060,0.000000,0.000000,0.000000,0.000000,0.000000,0.000000,0,0.00
2.316000,0.186,0.018585,0.018585,4.850,-0.018585,0.000000,0.000000,-0.235,0.058,0.000000,0.000000,0.000000,0.000000,0.000000,0.000000,0,0.00
2.318000,0.158,0.015777,0.015777,4.872,-0.015777,0.000000,0.000000,-0.216,0.049,0.000000,0.000000,0.000000,0.000000,0.000000,0.000000,0,0.00
2.320000,0.157,0.015722,0.015722,4.873,-0.015722,0.000000,0.000000,-0.202,0.049,0.000000,0.000000,0.000000,0.000000,0.000000,0.000000,0,0.00
2.322000,0.139,0.013890,0.013890,4.887,-0.013890,0.000000,0.000000,-0.192,0.043,0.000000,0.000000,0.000000,0.000000,0.000000,0.000000,0,0.00
2.324000,0.117,0.011689,0.011689,4.904,-0.011689,0.000000,0.000000,-0.186,0.037,0.000000,0.000000,0.000000,0.000000,0.000000,0.000000,0,0.00
2.326000,0.120,0.012037,0.012037,4.901,-0.012037,0.000000,0.000000,-0.158,0.038,0.000000,0.000000,0.000000,0.000000,0.000000,0.000000,0,0.00
2.328000,0.110,0.011000,0.011000,4.909,-0.011000,0.000000,0.000000,-0.157,0.034,0.000000,0.000000,0.000000,0.000000,0.000000,0.000000,0,0.00
2.330000,0.109,0.010925,0.010925,4.910,-0.010925,0.000000,0.000000,-0.139,0.034,0.000000,0.000000,0.000000,0.000000,0.000000,0.000000,0,0.00
2.332000,0.068,0.006805,0.006805,4.942,-0.006805,0.000000,0.000000,-0.117,0.021,0.000000,0.000000,0.000000,0.000000,0.000000,0.000000,0,0.00
2.334000,0.068,0.006753,0.006753,4.943,-0.006753,0.000000,0.000000,-0.120,0.021,0.000000,0.000000,0.000000,0.000000,0.000000,0.000000,0,0.00
2.336000,0.063,0.006331,0.006331,4.946,-0.006331,0.000000,0.000000,-0.110,0.020,0.000000,0.000000,0.000000,0.000000,0.000000,0.000000,0,0.00
2.338000,0.038,0.003773,0.003773,4.966,-0.003773,0.000000,0.000000,-0.109,0.012,0.000000,0.000000,0.000000,0.000000,0.000000,0.000000,0,0.00
2.340000,0.035,0.003470,0.003470,4.968,-0.003470,0.000000,0.000000,-0.068,0.011,0.000000,0.000000,0.000000,0.000000,0.000000,0.000000,0,0.00
2.342000,0.023,0.002325,0.002325,4.977,-0.002325,0.000000,0.000000,-0.068,0.007,0.000000,0.000000,0.000000,0.000000,0.000000,0.000000,0,0.00
2.344000,-0.000,-0.000007,-0.000007,4.995,0.000007,0.000000,0.000000,-0.063,0.000,0.000000,0.000000,0.000000,0.000000,0.000000,0.000000,0,0.00
2.346000,-0.010,-0.000992,-0.000992,4.988,0.000992,0.000000,0.000000,-0.038,0.003,0.000000,0.000000,0.000000,0.000000,0.000000,0.000000,0,0.00
2.348000,-0.021,-0.002121,-0.002121,4.979,0.002121,0.000000,0.000000,-0.035,0.007,0.000000,0.000000,0.000000,0.000000,0.000000,0.000000,0,0.00
2.350000,-0.024,-0.002402,-0.002402,4.977,0.002402,0.000000,0.000000,-0.023,0.008,0.000000,0.000000,0.000000,0.000000,0.000000,0.000000,0,0.00
2.352000,-0.061,-0.006091,-0.006091,4.948,0.006091,0.000000,0.000000,0.000,0.019,0.000000,0.000000,0.000000,0.000000,0.000000,0.000000,0,0.00
2.354000,-0.061,-0.006104,-0.006104,4.948,0.006104,0.000000,0.000000,0.010,0.019,0.000000,0.000000,0.000000,0.000000,0.000000,0.000000,0,0.00
2.356000,-0.082,-0.008248,-0.008248,4.931,0.008248,0.000000,0.000000,0.021,0.026,0.000000,0.000000,0.000000,0.000000,0.000000,0.000000,0,0.00
2.358000,-0.083,-0.008339,-0.008339,4.930,0.008339,0.000000,0.000000,0.024,0.026,0.000000,0.000000,0.000000,0.000000,0.000000,0.000000,0,0.00
2.360000,-0.099,-0.009880,-0.009880,4.918,0.009880,0.000000,0.000000,0.061,0.031,0.000000,0.000000,0.000000,0.000000,0.000000,0.000000,0,0.00
2.362000,-0.124,-0.012412,-0.012412,4.898,0.012412,0.000000,0.000000,0.061,0.039,0.000000,0.000000,0.000000,0.000000,0.000000,0.000000,0,0.00
2.364000,-0.121,-0.012052,-0.012052,4.901,0.012052,0.000000,0.000000,0.082,0.038,0.000000,0.000000,0.000000,0.000000,0.000000,0.000000,0,0.00
2.366000,-0.145,-0.014532,-0.014532,4.882,0.014532,0.000000,0.000000,0.083,0.045,0.000000,0.000000,0.000000,0.000000,0.000000,0.000000,0,0.00
2.368000,-0.162,-0.016241,-0.016241,4.869,0.016241,0.000000,0.000000,0.099,0.051,0.000000,0.000000,0.000000,0.000000,0.000000,0.000000,0,0.00
2.370000,-0.174,-0.017417,-0.017417,4.859,0.017417,0.000000,0.000000,0.124,0.054,0.000000,0.000000,0.000000,0.000000,0.000000,0.000000,0,0.00
2.372000,-0.189,-0.018911,-0.018911,4.848,0.018911,0.000000,0.000000,0.121,0.059,0.000000,0.000000,0.000000,0.000000,0.000000,0.000000,0,0.00
2.374000,-0.199,-0.019948,-0.019948,4.840,0.019948,0.000000,0.000000,0.145,0.062,0.000000,0.000000,0.000000,0.000000,0.000000,0.000000,0,0.00
2.376000,-0.210,-0.021049,-0.021049,4.831,0.021049,0.000000,0.000000,0.162,0.066,0.000000,0.000000,0.000000,0.000000,0.000000,0.000000,0,0.00
2.378000,-0.211,-0.021149,-0.021149,4.830,0.021149,0.000000,0.000000,0.174,0.066,0.000000,0.000000,0.000000,0.000000,0.000000,0.000000,0,0.00
2.380000,-0.243,-0.024338,-0.024338,4.805,0.024338,0.000000,0.000000,0.189,0.076,0.000000,0.000000,0.000000,0.000000,0.000000,0.000000,0,0.00
2.382000,-0.265,-0.026482,-0.026482,4.789,0.026482,0.000000,0.000000,0.199,0.083,0.000000,0.000000,0.000000,0.000000,0.000000,0.000000,0,0.00
2.384000,-0.253,-0.025329,-0.025329,4.798,0.025329,0.000000,0.000000,0.210,0.079,0.000000,0.000000,0.000000,0.000000,0.000000,0.000000,0,0.00
2.386000,-0.277,-0.027662,-0.027662,4.779,0.027662,0.000000,0.000000,0.211,0.086,0.000000,0.000000,0.000000,0.000000,0.000000,0.000000,0,0.00
2.388000,-0.299,-0.029945,-0.029945,4.762,0.029945,0.000000,0.000000,0.243,0.094,0.000000,0.000000,0.000000,0.000000,0.000000,0.000000,0,0.00
2.390000,-0.320,-0.032004,-0.032004,4.745,0.032004,0.000000,0.000000,0.265,0.100,0.000000,0.000000,0.000000,0.000000,0.000000,0.000000,0,0.00
2.392000,-0.324,-0.032358,-0.032358,4.743,0.032358,0.000000,0.000000,0.253,0.101,0.000000,0.000000,0.000000,0.000000,0.000000,0.000000,0,0.00
2.394000,-0.335,-0.033477,-0.033477,4.734,0.033477,0.000000,0.000000,0.277,0.105,0.000000,0.000000,0.000000,0.000000,0.000000,0.000000,0,0.00
2.396000,-0.356,-0.035589,-0.035589,4.718,0.035589,0.000000,0.000000,0.299,0.111,0.000000,0.000000,0.000000,0.000000,0.000000,0.000000,0,0.00
2.398000,-0.344,-0.034356,-0.034356,4.727,0.034356,0.000000,0.000000,0.320,0.107,0.000000,0.000000,0.000000,0.000000,0.000000,0.000000,0,0.00
2.400000,-0.392,-0.039218,-0.039218,4.689,0.039218,0.000000,0.000000,0.000,0.123,0.000000,0.000000,0.000000,0.000000,0.000000,0.000000,0,0.00
2.402000,-0.378,-0.037755,-0.037755,4.701,0.037755,0.000000,-0.000000,0.000,0.118,0.000000,0.000000,0.000000,0.000000,0.000000,0.000000,0,0.00
2.404000,-0.389,-0.038921,-0.038921,4.691,0.038921,0.000000,-0.000000,0.000,0.122,0.000000,0.000000,0.000000,0.000000,0.000000,0.000000,0,0.00
2.406000,-0.416,-0.041611,-0.041611,4.670,0.041611,0.000000,0.000000,0.000,0.130,0.000000,0.000000,0.000000,0.000000,0.000000,0.000000,0,0.00
2.408000,-0.433,-0.043283,-0.043283,4.657,0.043283,0.000000,0.000000,0.392,0.135,0.000000,0.000000,0.000000,0.000000,0.000000,0.000000,0,0.00
2.410000,-0.446,-0.044636,-0.044636,4.647,0.044636,0.000000,0.000000,0.378,0.139,0.000000,0.000000,0.000000,0.000000,0.000000,0.000000,0,0.00
2.412000,-0.477,-0.047699,-0.047699,4.623,0.047699,0.000000,0.000000,0.389,0.149,0.000000,0.000000,0.000000,0.000000,0.000000,0.000000,0,0.00
2.414000,-0.459,-0.045877,-0.045877,4.637,0.045877,0.000000,0.000000,0.416,0.143,0.000000,0.000000,0.000000,0.000000,0.000000,0.000000,0,0.00
2.416000,-0.459,-0.045893,-0.045893,4.637,0.045893,0.000000,0.000000,0.433,0.143,0.000000,0.000000,0.000000,0.000000,0.000000,0.000000,0,0.00
2.418000,-0.480,-0.047973,-0.047973,4.621,0.047973,0.000000,0.000000,0.446,0.150,0.000000,0.000000,0.000000,0.000000,0.000000,0.000000,0,0.00
2.420000,-0.473,-0.047322,-0.047322,4.626,0.047322,0.000000,0.000000,0.477,0.148,0.000000,0.000000,0.000000,0.000000,0.000000,0.000000,0,0.00
2.422000,-0.495,-0.049547,-0.049547,4.609,0.049547,0.000000,0.000000,0.459,0.155,0.000000,0.000000,0.000000,0.000000,0.000000,0.000000,0,0.00
2.424000,-0.530,-0.053010,-0.053010,4.582,0.053010,0.000000,0.000000,0.459,0.166,0.000000,0.000000,0.000000,0.000000,0.000000,0.000000,0,0.00
2.426000,-0.530,-0.052966,-0.052966,4.582,0.052966,0.000000,0.000000,0.480,0.166,0.000000,0.000000,0.000000,0.000000,0.000000,0.000000,0,0.00
2.428000,-0.535,-0.053533,-0.053533,4.577,0.053533,0.000000,0.000000,0.473,0.167,0.000000,0.000000,0.000000,0.000000,0.000000,0.000000,0,0.00
2.430000,-0.563,-0.056254,-0.056254,4.556,0.056254,0.000000,0.000000,0.495,0.176,0.000000,0.000000,0.000000,0.000000,0.000000,0.000000,0,0.00
2.432000,-0.578,-0.057815,-0.057815,4.544,0.057815,0.000000,0.000000,0.530,0.181,0.000000,0.000000,0.000000,0.000000,0.000000,0.000000,0,0.00
2.434000,-0.570,-0.057021,-0.057021,4.550,0.057021,0.000000,0.000000,0.530,0.178,0.000000,0.000000,0.000000,0.000000,0.000000,0.000000,0,0.00
2.436000,-0.576,-0.057578,-0.057578,4.546,0.057578,0.000000,0.000000,0.535,0.180,0.000000,0.000000,0.000000,0.000000,0.000000,0.000000,0,0.00
2.438000,-0.607,-0.060667,-0.060667,4.522,0.060667,0.000000,0.000000,0.563,0.190,0.000000,0.000000,0.000000,0.000000,0.000000,0.000000,0,0.00
2.440000,-0.610,-0.060992,-0.060992,4.519,0.060992,0.000000,0.000000,0.578,0.191,0.000000,0.000000,0.000000,0.000000,0.000000,0.000000,0,0.00
2.442000,-0.608,-0.060766,-0.060766,4.521,0.060766,0.000000,0.000000,0.570,0.190,0.000000,0.000000,0.000000,0.000000,0.000000,0.000000,0,0.00
2.444000,-0.633,-0.063278,-0.063278,4.501,0.063278,0.000000,0.000000,0.576,0.198,0.000000,0.000000,0.000000,0.000000,0.000000,0.000000,0,0.00
2.446000,-0.630,-0.063026,-0.063026,4.503,0.063026,0.000000,0.000000,0.607,0.197,0.000000,0.000000,0.000000,0.000000,0.000000,0.000000,0,0.00
2.448000,-0.645,-0.064460,-0.064460,4.492,0.064460,0.000000,0.000000,0.610,0.201,0.000000,0.000000,0.000000,0.000000,0.000000,0.000000,0,0.00
2.450000,-0.644,-0.064370,-0.064370,4.493,0.064370,0.000000,0.000000,0.608,0.201,0.000000,0.000000,0.000000,0.000000,0.000000,0.000000,0,0.00
2.452000,-0.672,-0.067232,-0.067232,4.471,0.067232,0.000000,0.000000,0.633,0.210,0.000000,0.000000,0.000000,0.000000,0.000000,0.000000,0,0.00
2.454000,-0.666,-0.066587,-0.066587,4.476,0.066587,0.000000,0.000000,0.630,0.208,0.000000,0.000000,0.000000,0.000000,0.000000,0.000000,0,0.00
2.456000,-0.682,-0.068214,-0.068214,4.463,0.068214,0.000000,0.000000,0.645,0.213,0.000000,0.000000,0.000000,0.000000,0.000000,0.000000,0,0.00
2.458000,-0.689,-0.068944,-0.068944,4.457,0.068944,0.000000,0.000000,0.644,0.215,0.000000,0.000000,0.000000,0.000000,0.000000,0.000000,0,0.00
2.460000,-0.699,-0.069887,-0.069887,4.450,0.069887,0.000000,0.000000,0.672,0.218,0.000000,0.000000,0.000000,0.000000,0.000000,0.000000,0,0.00
2.462000,-0.688,-0.068774,-0.068774,4.458,0.068774,0.000000,0.000000,0.666,0.215,0.000000,0.000000,0.000000,0.000000,0.000000,0.000000,0,0.00
2.464000,-0.731,-0.073095,-0.073095,4.425,0.073095,0.000000,0.000000,0.682,0.228,0.000000,0.000000,0.000000,0.000000,0.000000,0.000000,0,0.00
2.466000,-0.706,-0.070567,-0.070567,4.444,0.070567,0.000000,0.000000,0.689,0.221,0.000000,0.000000,0.000000,0.000000,0.000000,0.000000,0,0.00
2.468000,-0.733,-0.073254,-0.073254,4.424,0.073254,0.000000,0.000000,0.699,0.229,0.000000,0.000000,0.000000,0.000000,0.000000,0.000000,0,0.00
2.470000,-0.735,-0.073479,-0.073479,4.422,0.073479,0.000000,0.000000,0.688,0.230,0.000000,0.000000,0.000000,0.000000,0.000000,0.000000,0,0.00
2.472000,-0.759,-0.075868,-0.075868,4.403,0.075868,0.000000,0.000000,0.731,0.237,0.000000,0.000000,0.000000,0.000000,0.000000,0.000000,0,0.00
2.474000,-0.740,-0.073972,-0.073972,4.418,0.073972,0.000000,-0.000000,0.706,0.231,0.000000,0.000000,0.000000,0.000000,0.000000,0.000000,0,0.00
2.476000,-0.754,-0.075390,-0.075390,4.407,0.075390,0.000000,0.000000,0.733,0.236,0.000000,0.000000,0.000000,0.000000,0.000000,0.000000,0,0.00
2.478000,-0.753,-0.075335,-0.075335,4.407,0.075335,0.000000,0.000000,0.735,0.235,0.000000,0.000000,0.000000,0.000000,0.000000,0.000000,0,0.00
2.480000,-0.754,-0.075354,-0.075354,4.407,0.075354,0.000000,0.000000,0.759,0.235,0.000000,0.000000,0.000000,0.000000,0.000000,0.000000,0,0.00
2.482000,-0.767,-0.076657,-0.076657,4.397,0.076657,0.000000,0.000000,0.740,0.240,0.000000,0.000000,0.000000,0.000000,0.000000,0.000000,0,0.00
2.484000,-0.776,-0.077643,-0.077643,4.389,0.077643,0.000000,0.000000,0.754,0.243,0.000000,0.000000,0.000000,0.000000,0.000000,0.000000,0,0.00
2.486000,-0.769,-0.076871,-0.076871,4.395,0.076871,0.000000,-0.000000,0.753,0.240,0.000000,0.000000,0.000000,0.000000,0.000000,0.000000,0,0.00
2.488000,-0.777,-0.077702,-0.077702,4.389,0.077702,0.000000,0.000000,0.754,0.243,0.000000,0.000000,0.000000,0.000000,0.000000,0.000000,0,0.00
2.490000,-0.778,-0.077844,-0.077844,4.388,0.077844,0.000000,0.000000,0.767,0.243,0.000000,0.000000,0.000000,0.000000,0.000000,0.000000,0,0.00
2.492000,-0.785,-0.078543,-0.078543,4.382,0.078543,0.000000,0.000000,0.776,0.245,0.000000,0.000000,0.000000,0.000000,0.000000,0.000000,0,0.00
2.494000,-0.780,-0.078028,-0.078028,4.386,0.078028,0.000000,0.000000,0.769,0.244,0.000000,0.000000,0.000000,0.000000,0.000000,0.000000,0,0.00
2.496000,-0.789,-0.078944,-0.078944,4.379,0.078944,0.000000,0.000000,0.777,0.247,0.000000,0.000000,0.000000,0.000000,0.000000,0.000000,0,0.00
2.498000,-0.799,-0.079913,-0.079913,4.372,0.079913,0.000000,0.000000,0.778,0.250,0.000000,0.000000,0.000000,0.000000,0.000000,0.000000,0,0.00
2.500000,-0.809,-0.080886,-0.080886,4.364,0.080886,0.000000,0.000000,0.000,0.253,0.000000,0.000000,0.000000,0.000000,0.000000,0.000000,0,0.00
2.502000,-0.820,-0.081996,-0.081996,4.355,0.081996,0.000000,0.000000,0.000,0.256,0.000000,0.000000,0.000000,0.000000,0.000000,0.000000,0,0.00
2.504000,-0.824,-0.082369,-0.082369,4.352,0.082369,0.000000,0.000000,0.000,0.257,0.000000,0.000000,0.000000,0.000000,0.000000,0.000000,0,0.00
2.506000,-0.815,-0.081523,-0.081523,4.359,0.081523,0.000000,-0.000000,0.000,0.255,0.000000,0.000000,0.000000,0.000000,0.000000,0.000000,0,0.00
2.508000,-0.827,-0.082703,-0.082703,4.350,0.082703,0.000000,0.000000,0.809,0.258,0.000000,0.000000,0.000000,0.000000,0.000000,0.000000,0,0.00
2.510000,-0.810,-0.081032,-0.081032,4.363,0.081032,0.000000,-0.000000,0.820,0.253,0.000000,0.000000,0.000000,0.000000,0.000000,0.000000,0,0.00
2.512000,-0.812,-0.081213,-0.081213,4.361,0.081213,0.000000,-0.000000,0.824,0.254,0.000000,0.000000,0.000000,0.000000,0.000000,0.000000,0,0.00
2.514000,-0.814,-0.081446,-0.081446,4.360,0.081446,0.000000,-0.000000,0.815,0.255,0.000000,0.000000,0.000000,0.000000,0.000000,0.000000,0,0.00
2.516000,-0.821,-0.082069,-0.082069,4.355,0.082069,0.000000,0.000000,0.827,0.256,0.000000,0.000000,0.000000,0.000000,0.000000,0.000000,0,0.00
2.518000,-0.833,-0.083260,-0.083260,4.345,0.083260,0.000000,0.000000,0.810,0.260,0.000000,0.000000,0.000000,0.000000,0.000000,0.000000,0,0.00
2.520000,-0.815,-0.081534,-0.081534,4.359,0.081534,0.000000,0.000000,0.812,0.255,0.000000,0.000000,0.000000,0.000000,0.000000,0.000000,0,0.00
2.522000,-0.809,-0.080931,-0.080931,4.364,0.080931,0.000000,-0.000000,0.814,0.253,0.000000,0.000000,0.000000,0.000000,0.000000,0.000000,0,0.00
2.524000,-0.806,-0.080590,-0.080590,4.366,0.080590,0.000000,-0.000000,0.821,0.252,0.000000,0.000000,0.000000,0.000000,0.000000,0.000000,0,0.00
2.526000,-0.843,-0.084258,-0.084258,4.338,0.084258,0.000000,0.000000,0.833,0.263,0.000000,0.000000,0.000000,0.000000,0.000000,0.000000,0,0.00
2.528000,-0.823,-0.082347,-0.082347,4.353,0.082347,0.000000,-0.000000,0.815,0.257,0.000000,0.000000,0.000000,0.000000,0.000000,0.000000,0,0.00
2.530000,-0.826,-0.082603,-0.082603,4.351,0.082603,0.000000,0.000000,0.809,0.258,0.000000,0.000000,0.000000,0.000000,0.000000,0.000000,0,0.00
2.532000,-0.815,-0.081538,-0.081538,4.359,0.081538,0.000000,0.000000,0.806,0.255,0.000000,0.000000,0.000000,0.000000,0.000000,0.000000,0,0.00
2.534000,-0.824,-0.082354,-0.082354,4.352,0.082354,0.000000,0.000000,0.843,0.257,0.000000,0.000000,0.000000,0.000000,0.000000,0.000000,0,0.00
2.536000,-0.799,-0.079950,-0.079950,4.371,0.079950,0.000000,-0.000000,0.823,0.250,0.000000,0.000000,0.000000,0.000000,0.000000,0.000000,0,0.00
2.538000,-0.815,-0.081501,-0.081501,4.359,0.081501,0.000000,-0.000000,0.826,0.255,0.000000,0.000000,0.000000,0.000000,0.000000,0.000000,0,0.00
2.540000,-0.803,-0.080262,-0.080262,4.369,0.080262,0.000000,-0.000000,0.815,0.251,0.000000,0.000000,0.000000,0.000000,0.000000,0.000000,0,0.00
2.542000,-0.787,-0.078724,-0.078724,4.381,0.078724,0.000000,-0.000000,0.824,0.246,0.000000,0.000000,0.000000,0.000000,0.000000,0.000000,0,0.00
2.544000,-0.795,-0.079525,-0.079525,4.375,0.079525,0.000000,-0.000000,0.799,0.249,0.000000,0.000000,0.000000,0.000000,0.000000,0.000000,0,0.00
2.546000,-0.810,-0.081027,-0.081027,4.363,0.081027,0.000000,0.000000,0.815,0.253,0.000000,0.000000,0.000000,0.000000,0.000000,0.000000,0,0.00
2.548000,-0.765,-0.076530,-0.076530,4.398,0.076530,0.000000,-0.000000,0.803,0.239,0.000000,0.000000,0.000000,0.000000,0.000000,0.000000,0,0.00
2.550000,-0.788,-0.078791,-0.078791,4.380,0.078791,0.000000,-0.000000,0.787,0.246,0.000000,0.000000,0.000000,0.000000,0.000000,0.000000,0,0.00
2.552000,-0.772,-0.077214,-0.077214,4.393,0.077214,0.000000,-0.000000,0.795,0.241,0.000000,0.000000,0.000000,0.000000,0.000000,0.000000,0,0.00
2.554000,-0.794,-0.079393,-0.079393,4.376,0.079393,0.000000,0.000000,0.810,0.248,0.000000,0.000000,0.000000,0.000000,0.000000,0.000000,0,0.00
2.556000,-0.785,-0.078506,-0.078506,4.383,0.078506,0.000000,-0.000000,0.765,0.245,0.000000,0.000000,0.000000,0.000000,0.000000,0.000000,0,0.00
2.558000,-0.774,-0.077411,-0.077411,4.391,0.077411,0.000000,0.000000,0.788,0.242,0.000000,0.000000,0.000000,0.000000,0.000000,0.000000,0,0.00
2.560000,-0.757,-0.075709,-0.075709,4.404,0.075709,0.000000,-0.000000,0.772,0.237,0.000000,0.000000,0.000000,0.000000,0.000000,0.000000,0,0.00
2.562000,-0.746,-0.074564,-0.074564,4.413,0.074564,0.000000,0.000000,0.794,0.233,0.000000,0.000000,0.000000,0.000000,0.000000,0.000000,0,0.00
2.564000,-0.746,-0.074628,-0.074628,4.413,0.074628,0.000000,-0.000000,0.785,0.233,0.000000,0.000000,0.000000,0.000000,0.000000,0.000000,0,0.00
2.566000,-0.742,-0.074219,-0.074219,4.416,0.074219,0.000000,-0.000000,0.774,0.232,0.000000,0.000000,0.000000,0.000000,0.000000,0.000000,0,0.00
2.568000,-0.727,-0.072720,-0.072720,4.428,0.072720,0.000000,-0.000000,0.757,0.227,0.000000,0.000000,0.000000,0.000000,0.000000,0.000000,0,0.00
2.570000,-0.731,-0.073068,-0.073068,4.425,0.073068,0.000000,-0.000000,0.746,0.228,0.000000,0.000000,0.000000,0.000000,0.000000,0.000000,0,0.00
2.572000,-0.722,-0.072182,-0.072182,4.432,0.072182,0.000000,-0.000000,0.746,0.226,0.000000,0.000000,0.000000,0.000000,0.000000,0.000000,0,0.00
2.574000,-0.716,-0.071574,-0.071574,4.437,0.071574,0.000000,-0.000000,0.742,0.224,0.000000,0.000000,0.000000,0.000000,0.000000,0.000000,0,0.00
2.576000,-0.706,-0.070647,-0.070647,4.444,0.070647,0.000000,-0.000000,0.727,0.221,0.000000,0.000000,0.000000,0.000000,0.000000,0.000000,0,0.00
2.578000,-0.703,-0.070280,-0.070280,4.447,0.070280,0.000000,-0.000000,0.731,0.220,0.000000,0.000000,0.000000,0.000000,0.000000,0.000000,0,0.00
2.580000,-0.691,-0.069127,-0.069127,4.456,0.069127,0.000000,-0.000000,0.722,0.216,0.000000,0.000000,0.000000,0.000000,0.000000,0.000000,0,0.00
2.582000,-0.664,-0.066426,-0.066426,4.477,0.066426,0.000000,-0.000000,0.716,0.208,0.000000,0.000000,0.000000,0.000000,0.000000,0.000000,0,0.00
2.584000,-0.679,-0.067852,-0.067852,4.466,0.067852,0.000000,-0.000000,0.706,0.212,0.000000,0.000000,0.000000,0.000000,0.000000,0.000000,0,0.00
2.586000,-0.673,-0.067327,-0.067327,4.470,0.067327,0.000000,-0.000000,0.703,0.210,0.000000,0.000000,0.000000,0.000000,0.000000,0.000000,0,0.00
2.588000,-0.644,-0.064358,-0.064358,4.493,0.064358,0.000000,-0.000000,0.691,0.201,0.000000,0.000000,0.000000,0.000000,0.000000,0.000000,0,0.00
2.590000,-0.622,-0.062242,-0.062242,4.509,0.062242,0.000000,-0.000000,0.664,0.195,0.000000,0.000000,0.000000,0.000000,0.000000,0.000000,0,0.00
2.592000,-0.623,-0.062342,-0.062342,4.509,0.062342,0.000000,-0.000000,0.679,0.195,0.000000,0.000000,0.000000,0.000000,0.000000,0.000000,0,0.00
2.594000,-0.603,-0.060276,-0.060276,4.525,0.060276,0.000000,-0.000000,0.673,0.188,0.000000,0.000000,0.000000,0.000000,0.000000,0.000000,0,0.00
2.596000,-0.607,-0.060651,-0.060651,4.522,0.060651,0.000000,-0.000000,0.644,0.190,0.000000,0.000000,0.000000,0.000000,0.000000,0.000000,0,0.00
2.598000,-0.601,-0.060059,-0.060059,4.527,0.060059,0.000000,-0.000000,0.622,0.188,0.000000,0.000000,0.000000,0.000000,0.000000,0.000000,0,0.00
2.600000,-0.560,-0.055953,-0.055953,4.559,0.055953,0.000000,0.000000,0.000,0.175,0.000000,0.000000,0.000000,0.000000,0.000000,0.000000,0,0.00
2.602000,-0.553,-0.055267,-0.055267,4.564,0.055267,0.000000,-0.000000,0.000,0.173,0.000000,0.000000,0.000000,0.000000,0.000000,0.000000,0,0.00
2.604000,-0.537,-0.053687,-0.053687,4.576,0.053687,0.000000,-0.000000,0.000,0.168,0.000000,0.000000,0.000000,0.000000,0.000000,0.000000,0,0.00
2.606000,-0.547,-0.054742,-0.054742,4.568,0.054742,0.000000,-0.000000,0.000,0.171,0.000000,0.000000,0.000000,0.000000,0.000000,0.000000,0,0.00
2.608000,-0.527,-0.052686,-0.052686,4.584,0.052686,0.000000,-0.000000,0.560,0.165,0.000000,0.000000,0.000000,0.000000,0.000000,0.000000,0,0.00
2.610000,-0.513,-0.051300,-0.051300,4.595,0.051300,0.000000,-0.000000,0.553,0.160,0.000000,0.000000,0.000000,0.000000,0.000000,0.000000,0,0.00
2.612000,-0.492,-0.049230,-0.049230,4.611,0.049230,0.000000,-0.000000,0.537,0.154,0.000000,0.000000,0.000000,0.000000,0.000000,0.000000,0,0.00
2.614000,-0.483,-0.048333,-0.048333,4.618,0.048333,0.000000,-0.000000,0.547,0.151,0.000000,0.000000,0.000000,0.000000,0.000000,0.000000,0,0.00
2.616000,-0.470,-0.046975,-0.046975,4.629,0.046975,0.000000,-0.000000,0.527,0.147,0.000000,0.000000,0.000000,0.000000,0.000000,0.000000,0,0.00
2.618000,-0.460,-0.045976,-0.045976,4.636,0.045976,0.000000,-0.000000,0.513,0.144,0.000000,0.000000,0.000000,0.000000,0.000000,0.000000,0,0.00
2.620000,-0.446,-0.044641,-0.044641,4.647,0.044641,0.000000,-0.000000,0.492,0.140,0.000000,0.000000,0.000000,0.000000,0.000000,0.000000,0,0.00
2.622000,-0.426,-0.042609,-0.042609,4.663,0.042609,0.000000,-0.000000,0.483,0.133,0.000000,0.000000,0.000000,0.000000,0.000000,0.000000,0,0.00
2.624000,-0.422,-0.042203,-0.042203,4.666,0.042203,0.000000,-0.000000,0.470,0.132,0.000000,0.000000,0.000000,0.000000,0.000000,0.000000,0,0.00
2.626000,-0.417,-0.041693,-0.041693,4.670,0.041693,0.000000,-0.000000,0.460,0.130,0.000000,0.000000,0.000000,0.000000,0.000000,0.000000,0,0.00
2.628000,-0.387,-0.038679,-0.038679,4.693,0.038679,0.000000,-0.000000,0.446,0.121,0.000000,0.000000,0.000000,0.000000,0.000000,0.000000,0,0.00
2.630000,-0.379,-0.037926,-0.037926,4.699,0.037926,0.000000,-0.000000,0.426,0.119,0.000000,0.000000,0.000000,0.000000,0.000000,0.000000,0,0.00
2.632000,-0.358,-0.035770,-0.035770,4.716,0.035770,0.000000,-0.000000,0.422,0.112,0.000000,0.000000,0.000000,0.000000,0.000000,0.000000,0,0.00
2.634000,-0.332,-0.033181,-0.033181,4.736,0.033181,0.000000,-0.000000,0.417,0.104,0.000000,0.000000,0.000000,0.000000,0.000000,0.000000,0,0.00
2.636000,-0.321,-0.032070,-0.032070,4.745,0.032070,0.000000,-0.000000,0.387,0.100,0.000000,0.000000,0.000000,0.000000,0.000000,0.000000,0,0.00
2.638000,-0.295,-0.029456,-0.029456,4.765,0.029456,0.000000,-0.000000,0.379,0.092,0.000000,0.000000,0.000000,0.000000,0.000000,0.000000,0,0.00
2.640000,-0.297,-0.029692,-0.029692,4.764,0.029692,0.000000,-0.000000,0.358,0.093,0.000000,0.000000,0.000000,0.000000,0.000000,0.000000,0,0.00
2.642000,-0.280,-0.028017,-0.028017,4.777,0.028017,0.000000,-0.000000,0.332,0.088,0.000000,0.000000,0.000000,0.000000,0.000000,0.000000,0,0.00
2.644000,-0.251,-0.025058,-0.025058,4.800,0.025058,0.000000,-0.000000,0.321,0.078,0.000000,0.000000,0.000000,0.000000,0.000000,0.000000,0,0.00
2.646000,-0.231,-0.023073,-0.023073,4.815,0.023073,0.000000,-0.000000,0.295,0.072,0.000000,0.000000,0.000000,0.000000,0.000000,0.000000,0,0.00
2.648000,-0.222,-0.022241,-0.022241,4.822,0.022241,0.000000,-0.000000,0.297,0.070,0.000000,0.000000,0.000000,0.000000,0.000000,0.000000,0,0.00
2.650000,-0.200,-0.020031,-0.020031,4.839,0.020031,0.000000,-0.000000,0.280,0.063,0.000000,0.000000,0.000000,0.000000,0.000000,0.000000,0,0.00
2.652000,-0.189,-0.018946,-0.018946,4.847,0.018946,0.000000,-0.000000,0.251,0.059,0.000000,0.000000,0.000000,0.000000,0.000000,0.000000,0,0.00
2.654000,-0.180,-0.018037,-0.018037,4.854,0.018037,0.000000,-0.000000,0.231,0.056,0.000000,0.000000,0.000000,0.000000,0.000000,0.000000,0,0.00
2.656000,-0.155,-0.015520,-0.015520,4.874,0.015520,0.000000,-0.000000,0.222,0.049,0.000000,0.000000,0.000000,0.000000,0.000000,0.000000,0,0.00
2.658000,-0.136,-0.013570,-0.013570,4.889,0.013570,0.000000,-0.000000,0.200,0.042,0.000000,0.000000,0.000000,0.000000,0.000000,0.000000,0,0.00
2.660000,-0.119,-0.011888,-0.011888,4.902,0.011888,0.000000,-0.000000,0.189,0.037,0.000000,0.000000,0.000000,0.000000,0.000000,0.000000,0,0.00
2.662000,-0.121,-0.012148,-0.012148,4.900,0.012148,0.000000,-0.000000,0.180,0.038,0.000000,0.000000,0.000000,0.000000,0.000000,0.000000,0,0.00
2.664000,-0.086,-0.008584,-0.008584,4.928,0.008584,0.000000,-0.000000,0.155,0.027,0.000000,0.000000,0.000000,0.000000,0.000000,0.000000,0,0.00
2.666000,-0.055,-0.005457,-0.005457,4.953,0.005457,0.000000,-0.000000,0.136,0.017,0.000000,0.000000,0.000000,0.000000,0.000000,0.000000,0,0.00
2.668000,-0.037,-0.003726,-0.003726,4.966,0.003726,0.000000,-0.000000,0.119,0.012,0.000000,0.000000,0.000000,0.000000,0.000000,0.000000,0,0.00
2.670000,-0.026,-0.002629,-0.002629,4.975,0.002629,0.000000,-0.000000,0.121,0.008,0.000000,0.000000,0.000000,0.000000,0.000000,0.000000,0,0.00
2.672000,-0.001,-0.000150,-0.000150,4.994,0.000150,0.000000,-0.000000,0.086,0.000,0.000000,0.000000,0.000000,0.000000,0.000000,0.000000,0,0.00
2.674000,0.013,0.001277,0.001277,4.985,-0.001277,0.000000,-0.000000,0.055,0.004,0.000000,0.000000,0.000000,0.000000,0.000000,0.000000,0,0.00
2.676000,0.022,0.002245,0.002245,4.978,-0.002245,0.000000,-0.000000,0.037,0.007,0.000000,0.000000,0.000000,0.000000,0.000000,0.000000,0,0.00
2.678000,0.049,0.004930,0.004930,4.957,-0.004930,0.000000,-0.000000,0.026,0.015,0.000000,0.000000,0.000000,0.000000,0.000000,0.000000,0,0.00
2.680000,0.064,0.006387,0.006387,4.945,-0.006387,0.000000,-0.000000,0.001,0.020,0.000000,0.000000,0.000000,0.000000,0.000000,0.000000,0,0.00
2.682000,0.069,0.006889,0.006889,4.942,-0.006889,0.000000,-0.000000,-0.013,0.022,0.000000,0.000000,0.000000,0.000000,0.000000,0.000000,0,0.00
2.684000,0.102,0.010160,0.010160,4.916,-0.010160,0.000000,-0.000000,-0.022,0.032,0.000000,0.000000,0.000000,0.000000,0.000000,0.000000,0,0.00
2.686000,0.116,0.011585,0.011585,4.905,-0.011585,0.000000,-0.000000,-0.049,0.036,0.000000,0.000000,0.000000,0.000000,0.000000,0.000000,0,0.00
2.688000,0.130,0.013050,0.013050,4.893,-0.013050,0.000000,-0.000000,-0.064,0.041,0.000000,0.000000,0.000000,0.000000,0.000000,0.000000,0,0.00
2.690000,0.148,0.014850,0.014850,4.879,-0.014850,0.000000,-0.000000,-0.069,0.046,0.000000,0.000000,0.000000,0.000000,0.000000,0.000000,0,0.00
2.692000,0.181,0.018061,0.018061,4.854,-0.018061,0.000000,-0.000000,-0.102,0.056,0.000000,0.000000,0.000000,0.000000,0.000000,0.000000,0,0.00
2.694000,0.181,0.018110,0.018110,4.854,-0.018110,0.000000,-0.000000,-0.116,0.057,0.000000,0.000000,0.000000,0.000000,0.000000,0.000000,0,0.00
2.696000,0.227,0.022696,0.022696,4.818,-0.022696,0.000000,-0.000000,-0.130,0.071,0.000000,0.000000,0.000000,0.000000,0.000000,0.000000,0,0.00
2.698000,0.226,0.022633,0.022633,4.819,-0.022633,0.000000,-0.000000,-0.148,0.071,0.000000,0.000000,0.000000,0.000000,0.000000,0.000000,0,0.00
2.700000,0.244,0.024351,0.024351,4.805,-0.024351,0.000000,-0.000000,0.000,0.076,0.000000,0.000000,0.000000,0.000000,0.000000,0.000000,0,0.00
2.702000,0.268,0.026841,0.026841,4.786,-0.026841,0.000000,-0.000000,0.000,0.084,0.000000,0.000000,0.000000,0.000000,0.000000,0.000000,0,0.00
2.704000,0.290,0.029029,0.029029,4.769,-0.029029,0.000000,-0.000000,0.000,0.091,0.000000,0.000000,0.000000,0.000000,0.000000,0.000000,0,0.00
2.706000,0.325,0.032517,0.032517,4.741,-0.032517,0.000000,-0.000000,0.000,0.102,0.000000,0.000000,0.000000,0.000000,0.000000,0.000000,0,0.00
2.708000,0.315,0.031485,0.031485,4.750,-0.031485,0.000000,-0.000000,-0.244,0.098,0.000000,0.000000,0.000000,0.000000,0.000000,0.000000,0,0.00
2.710000,0.344,0.034372,0.034372,4.727,-0.034372,0.000000,-0.000000,-0.268,0.107,0.000000,0.000000,0.000000,0.000000,0.000000,0.000000,0,0.00
2.712000,0.371,0.037068,0.037068,4.706,-0.037068,0.000000,-0.000000,-0.290,0.116,0.000000,0.000000,0.000000,0.000000,0.000000,0.000000,0,0.00
2.714000,0.389,0.038871,0.038871,4.692,-0.038871,0.000000,-0.000000,-0.325,0.121,0.000000,0.000000,0.000000,0.000000,0.000000,0.000000,0,0.00
2.716000,0.402,0.040208,0.040208,4.681,-0.040208,0.000000,-0.000000,-0.315,0.126,0.000000,0.000000,0.000000,0.000000,0.000000,0.000000,0,0.00
2.718000,0.414,0.041384,0.041384,4.672,-0.041384,0.000000,-0.000000,-0.344,0.129,0.000000,0.000000,0.000000,0.000000,0.000000,0.000000,0,0.00
2.720000,0.436,0.043604,0.043604,4.655,-0.043604,0.000000,-0.000000,-0.371,0.136,0.000000,0.000000,0.000000,0.000000,0.000000,0.000000,0,0.00
2.722000,0.447,0.044667,0.044667,4.647,-0.044667,0.000000,-0.000000,-0.389,0.140,0.000000,0.000000,0.000000,0.000000,0.000000,0.000000,0,0.00
2.724000,0.472,0.047198,0.047198,4.627,-0.047198,0.000000,-0.000000,-0.402,0.147,0.000000,0.000000,0.000000,0.000000,0.000000,0.000000,0,0.00
2.726000,0.489,0.048865,0.048865,4.614,-0.048865,0.000000,-0.000000,-0.414,0.153,0.000000,0.000000,0.000000,0.000000,0.000000,0.000000,0,0.00
2.728000,0.484,0.048415,0.048415,4.617,-0.048415,0.000000,-0.000000,-0.436,0.151,0.000000,0.000000,0.000000,0.000000,0.000000,0.000000,0,0.00
2.730000,0.529,0.052885,0.052885,4.583,-0.052885,0.000000,-0.000000,-0.447,0.165,0.000000,0.000000,0.000000,0.000000,0.000000,0.000000,0,0.00
2.732000,0.526,0.052641,0.052641,4.584,-0.052641,0.000000,-0.000000,-0.472,0.165,0.000000,0.000000,0.000000,0.000000,0.000000,0.000000,0,0.00
2.734000,0.557,0.055725,0.055725,4.560,-0.055725,0.000000,-0.000000,-0.489,0.174,0.000000,0.000000,0.000000,0.000000,0.000000,0.000000,0,0.00
2.736000,0.573,0.057312,0.057312,4.548,-0.057312,0.000000,-0.000000,-0.484,0.179,0.000000,0.000000,0.000000,0.000000,0.000000,0.000000,0,0.00
2.738000,0.596,0.059633,0.059633,4.530,-0.059633,0.000000,-0.000000,-0.529,0.186,0.000000,0.000000,0.000000,0.000000,0.000000,0.000000,0,0.00
2.740000,0.618,0.061837,0.061837,4.513,-0.061837,0.000000,-0.000000,-0.526,0.193,0.000000,0.000000,0.000000,0.000000,0.000000,0.000000,0,0.00
2.742000,0.602,0.060220,0.060220,4.525,-0.060220,0.000000,-0.000000,-0.557,0.188,0.000000,0.000000,0.000000,0.000000,0.000000,0.000000,0,0.00
2.744000,0.635,0.063463,0.063463,4.500,-0.063463,0.000000,-0.000000,-0.573,0.198,0.000000,0.000000,0.000000,0.000000,0.000000,0.000000,0,0.00
2.746000,0.639,0.063863,0.063863,4.497,-0.063863,0.000000,-0.000000,-0.596,0.200,0.000000,0.000000,0.000000,0.000000,0.000000,0.000000,0,0.00
2.748000,0.666,0.066603,0.066603,4.475,-0.066603,0.000000,-0.000000,-0.618,0.208,0.000000,0.000000,0.000000,0.000000,0.000000,0.000000,0,0.00
2.750000,0.690,0.069049,0.069049,4.456,-0.069049,0.000000,-0.000000,-0.602,0.216,0.000000,0.000000,0.000000,0.000000,0.000000,0.000000,0,0.00
2.752000,0.691,0.069140,0.069140,4.456,-0.069140,0.000000,-0.000000,-0.635,0.216,0.000000,0.000000,0.000000,0.000000,0.000000,0.000000,0,0.00
2.754000,0.708,0.070784,0.070784,4.443,-0.070784,0.000000,-0.000000,-0.639,0.221,0.000000,0.000000,0.000000,0.000000,0.000000,0.000000,0,0.00
2.756000,0.743,0.074299,0.074299,4.415,-0.074299,0.000000,-0.000000,-0.666,0.232,0.000000,0.000000,0.000000,0.000000,0.000000,0.000000,0,0.00
2.758000,0.735,0.073516,0.073516,4.421,-0.073516,0.000000,-0.000000,-0.690,0.230,0.000000,0.000000,0.000000,0.000000,0.000000,0.000000,0,0.00
2.760000,0.759,0.075877,0.075877,4.403,-0.075877,0.000000,-0.000000,-0.691,0.237,0.000000,0.000000,0.000000,0.000000,0.000000,0.000000,0,0.00
2.762000,0.754,0.075366,0.075366,4.407,-0.075366,0.000000,-0.000000,-0.708,0.236,0.000000,0.000000,0.000000,0.000000,0.000000,0.000000,0,0.00
2.764000,0.781,0.078138,0.078138,4.385,-0.078138,0.000000,-0.000000,-0.743,0.244,0.000000,0.000000,0.000000,0.000000,0.000000,0.000000,0,0.00
2.766000,0.795,0.079488,0.079488,4.375,-0.079488,0.000000,-0.000000,-0.735,0.248,0.000000,0.000000,0.000000,0.000000,0.000000,0.000000,0,0.00
2.768000,0.811,0.081071,0.081071,4.363,-0.081071,0.000000,-0.000000,-0.759,0.253,0.000000,0.000000,0.000000,0.000000,0.000000,0.000000,0,0.00
2.770000,0.829,0.082936,0.082936,4.348,-0.082936,0.000000,-0.000000,-0.754,0.259,0.000000,0.000000,0.000000,0.000000,0.000000,0.000000,0,0.00
2.772000,0.852,0.085231,0.085231,4.330,-0.085231,0.000000,-0.000000,-0.781,0.266,0.000000,0.000000,0.000000,0.000000,0.000000,0.000000,0,0.00
2.774000,0.832,0.083200,0.083200,4.346,-0.083200,0.000000,-0.000000,-0.795,0.260,0.000000,0.000000,0.000000,0.000000,0.000000,0.000000,0,0.00
2.776000,0.853,0.085329,0.085329,4.329,-0.085329,0.000000,-0.000000,-0.811,0.267,0.000000,0.000000,0.000000,0.000000,0.000000,0.000000,0,0.00
2.778000,0.872,0.087156,0.087156,4.315,-0.087156,0.000000,-0.000000,-0.829,0.272,0.000000,0.000000,0.000000,0.000000,0.000000,0.000000,0,0.00
2.780000,0.892,0.089241,0.089241,4.299,-0.089241,0.000000,-0.000000,-0.852,0.279,0.000000,0.000000,0.000000,0.000000,0.000000,0.000000,0,0.00
2.782000,0.891,0.089101,0.089101,4.300,-0.089101,0.000000,-0.000000,-0.832,0.278,0.000000,0.000000,0.000000,0.000000,0.000000,0.000000,0,0.00
2.784000,0.897,0.089669,0.089669,4.295,-0.089669,0.000000,-0.000000,-0.853,0.280,0.000000,0.000000,0.000000,0.000000,0.000000,0.000000,0,0.00
2.786000,0.934,0.093446,0.093446,4.266,-0.093446,0.000000,-0.000000,-0.872,0.292,0.000000,0.000000,0.000000,0.000000,0.000000,0.000000,0,0.00
2.788000,0.928,0.092789,0.092789,4.271,-0.092789,0.000000,-0.000000,-0.892,0.290,0.000000,0.000000,0.000000,0.000000,0.000000,0.000000,0,0.00
2.790000,0.934,0.093370,0.093370,4.267,-0.093370,0.000000,-0.000000,-0.891,0.292,0.000000,0.000000,0.000000,0.000000,0.000000,0.000000,0,0.00
2.792000,0.965,0.096468,0.096468,4.242,-0.096468,0.000000,-0.000000,-0.897,0.301,0.000000,0.000000,0.000000,0.000000,0.000000,0.000000,0,0.00
2.794000,0.966,0.096636,0.096636,4.241,-0.096636,0.000000,-0.000000,-0.934,0.302,0.000000,0.000000,0.000000,0.000000,0.000000,0.000000,0,0.00
2.796000,0.969,0.096950,0.096950,4.239,-0.096950,0.000000,-0.000000,-0.928,0.303,0.000000,0.000000,0.000000,0.000000,0.000000,0.000000,0,0.00
2.798000,0.970,0.096982,0.096982,4.238,-0.096982,0.000000,-0.000000,-0.934,0.303,0.000000,0.000000,0.000000,0.000000,0.000000,0.000000,0,0.00
2.800000,0.980,0.097965,0.097965,4.231,-0.097965,0.000000,-0.000000,0.000,0.306,0.000000,0.000000,0.000000,0.000000,0.000000,0.000000,0,0.00
2.802000,0.991,0.099062,0.099062,4.222,-0.099062,0.000000,-0.000000,0.000,0.310,0.000000,0.000000,0.000000,0.000000,0.000000,0.000000,0,0.00
2.804000,0.997,0.099731,0.099731,4.217,-0.099731,0.000000,-0.000000,0.000,0.312,0.000000,0.000000,0.000000,0.000000,0.000000,0.000000,0,0.00
2.806000,1.010,0.101018,0.101018,4.207,-0.101018,0.000000,-0.000000,0.000,0.316,0.000000,0.000000,0.000000,0.000000,0.000000,0.000000,0,0.00
2.808000,1.012,0.101242,0.101242,4.205,-0.101242,0.000000,-0.000000,-0.980,0.316,0.000000,0.000000,0.000000,0.000000,0.000000,0.000000,0,0.00
2.810000,1.027,0.102661,0.102661,4.194,-0.102661,0.000000,-0.000000,-0.991,0.321,0.000000,0.000000,0.000000,0.000000,0.000000,0.000000,0,0.00
2.812000,1.014,0.101362,0.101362,4.204,-0.101362,0.000000,-0.000000,-0.997,0.317,0.000000,0.000000,0.000000,0.000000,0.000000,0.000000,0,0.00
2.814000,1.024,0.102397,0.102397,4.196,-0.102397,0.000000,-0.000000,-1.010,0.320,0.000000,0.000000,0.000000,0.000000,0.000000,0.000000,0,0.00
2.816000,1.060,0.105989,0.105989,4.168,-0.105989,0.000000,-0.000000,-1.012,0.331,0.000000,0.000000,0.000000,0.000000,0.000000,0.000000,0,0.00
2.818000,1.026,0.102566,0.102566,4.195,-0.102566,0.000000,-0.000000,-1.027,0.321,0.000000,0.000000,0.000000,0.000000,0.000000,0.000000,0,0.00
2.820000,1.064,0.106400,0.106400,4.165,-0.106400,0.000000,-0.000000,-1.014,0.333,0.000000,0.000000,0.000000,0.000000,0.000000,0.000000,0,0.00
2.822000,1.067,0.106723,0.106723,4.162,-0.106723,0.000000,-0.000000,-1.024,0.334,0.000000,0.000000,0.000000,0.000000,0.000000,0.000000,0,0.00
2.824000,1.041,0.104122,0.104122,4.183,-0.104122,0.000000,-0.000000,-1.060,0.325,0.000000,0.000000,0.000000,0.000000,0.000000,0.000000,0,0.00
2.826000,1.051,0.105083,0.105083,4.175,-0.105083,0.000000,0.000000,-1.026,0.328,0.000000,0.000000,0.000000,0.000000,0.000000,0.000000,0,0.00
2.828000,1.060,0.105998,0.105998,4.168,-0.105998,0.000000,-0.000000,-1.064,0.331,0.000000,0.000000,0.000000,0.000000,0.000000,0.000000,0,0.00
2.830000,1.055,0.105543,0.105543,4.171,-0.105543,0.000000,0.000000,-1.067,0.330,0.000000,0.000000,0.000000,0.000000,0.000000,0.000000,0,0.00
2.832000,1.050,0.104992,0.104992,4.176,-0.104992,0.000000,0.000000,-1.041,0.328,0.000000,0.000000,0.000000,0.000000,0.000000,0.000000,0,0.00
2.834000,1.070,0.106955,0.106955,4.160,-0.106955,0.000000,-0.000000,-1.051,0.334,0.000000,0.000000,0.000000,0.000000,0.000000,0.000000,0,0.00
2.836000,1.063,0.106265,0.106265,4.166,-0.106265,0.000000,-0.000000,-1.060,0.332,0.000000,0.000000,0.000000,0.000000,0.000000,0.000000,0,0.00
2.838000,1.065,0.106461,0.106461,4.164,-0.106461,0.000000,0.000000,-1.055,0.333,0.000000,0.000000,0.000000,0.000000,0.000000,0.000000,0,0.00
2.840000,1.060,0.105975,0.105975,4.168,-0.105975,0.000000,0.000000,-1.050,0.331,0.000000,0.000000,0.000000,0.000000,0.000000,0.000000,0,0.00
2.842000,1.053,0.105286,0.105286,4.174,-0.105286,0.000000,0.000000,-1.070,0.329,0.000000,0.000000,0.000000,0.000000,0.000000,0.000000,0,0.00
2.844000,1.064,0.106395,0.106395,4.165,-0.106395,0.000000,0.000000,-1.063,0.332,0.000000,0.000000,0.000000,0.000000,0.000000,0.000000,0,0.00
2.846000,1.057,0.105688,0.105688,4.170,-0.105688,0.000000,0.000000,-1.065,0.330,0.000000,0.000000,0.000000,0.000000,0.000000,0.000000,0,0.00
2.848000,1.079,0.107850,0.107850,4.153,-0.107850,0.000000,-0.000000,-1.060,0.337,0.000000,0.000000,0.000000,0.000000,0.000000,0.000000,0,0.00
2.850000,1.071,0.107089,0.107089,4.159,-0.107089,0.000000,-0.000000,-1.053,0.335,0.000000,0.000000,0.000000,0.000000,0.000000,0.000000,0,0.00
2.852000,1.062,0.106223,0.106223,4.166,-0.106223,0.000000,-0.000000,-1.064,0.332,0.000000,0.000000,0.000000,0.000000,0.000000,0.000000,0,0.00
2.854000,1.051,0.105131,0.105131,4.175,-0.105131,0.000000,0.000000,-1.057,0.329,0.000000,0.000000,0.000000,0.000000,0.000000,0.000000,0,0.00
2.856000,1.042,0.104160,0.104160,4.182,-0.104160,0.000000,0.000000,-1.079,0.325,0.000000,0.000000,0.000000,0.000000,0.000000,0.000000,0,0.00
2.858000,1.054,0.105421,0.105421,4.172,-0.105421,0.000000,0.000000,-1.071,0.329,0.000000,0.000000,0.000000,0.000000,0.000000,0.000000,0,0.00
2.860000,1.051,0.105118,0.105118,4.175,-0.105118,0.000000,0.000000,-1.062,0.328,0.000000,0.000000,0.000000,0.000000,0.000000,0.000000,0,0.00
2.862000,1.038,0.103824,0.103824,4.185,-0.103824,0.000000,0.000000,-1.051,0.324,0.000000,0.000000,0.000000,0.000000,0.000000,0.000000,0,0.00
2.864000,1.028,0.102831,0.102831,4.193,-0.102831,0.000000,0.000000,-1.042,0.321,0.000000,0.000000,0.000000,0.000000,0.000000,0.000000,0,0.00
2.866000,1.033,0.103258,0.103258,4.189,-0.103258,0.000000,0.000000,-1.054,0.323,0.000000,0.000000,0.000000,0.000000,0.000000,0.000000,0,0.00
2.868000,1.015,0.101513,0.101513,4.203,-0.101513,0.000000,0.000000,-1.051,0.317,0.000000,0.000000,0.000000,0.000000,0.000000,0.000000,0,0.00
2.870000,1.018,0.101812,0.101812,4.201,-0.101812,0.000000,0.000000,-1.038,0.318,0.000000,0.000000,0.000000,0.000000,0.000000,0.000000,0,0.00
2.872000,1.000,0.099956,0.099956,4.215,-0.099956,0.000000,0.000000,-1.028,0.312,0.000000,0.000000,0.000000,0.000000,0.000000,0.000000,0,0.00
2.874000,1.004,0.100387,0.100387,4.212,-0.100387,0.000000,0.000000,-1.033,0.314,0.000000,0.000000,0.000000,0.000000,0.000000,0.000000,0,0.00
2.876000,0.995,0.099458,0.099458,4.219,-0.099458,0.000000,0.000000,-1.015,0.311,0.000000,0.000000,0.000000,0.000000,0.000000,0.000000,0,0.00
2.878000,0.991,0.099089,0.099089,4.222,-0.099089,0.000000,0.000000,-1.018,0.310,0.000000,0.000000,0.000000,0.000000,0.000000,0.000000,0,0.00
2.880000,0.956,0.095578,0.095578,4.249,-0.095578,0.000000,0.000000,-1.000,0.299,0.000000,0.000000,0.000000,0.000000,0.000000,0.000000,0,0.00
2.882000,0.972,0.097156,0.097156,4.237,-0.097156,0.000000,0.000000,-1.004,0.304,0.000000,0.000000,0.000000,0.000000,0.000000,0.000000,0,0.00
2.884000,0.974,0.097362,0.097362,4.235,-0.097362,0.000000,0.000000,-0.995,0.304,0.000000,0.000000,0.000000,0.000000,0.000000,0.000000,0,0.00
2.886000,0.936,0.093566,0.093566,4.265,-0.093566,0.000000,0.000000,-0.991,0.292,0.000000,0.000000,0.000000,0.000000,0.000000,0.000000,0,0.00
2.888000,0.912,0.091248,0.091248,4.283,-0.091248,0.000000,0.000000,-0.956,0.285,0.000000,0.000000,0.000000,0.000000,0.000000,0.000000,0,0.00
2.890000,0.915,0.091496,0.091496,4.281,-0.091496,0.000000,0.000000,-0.972,0.286,0.000000,0.000000,0.000000,0.000000,0.000000,0.000000,0,0.00
2.892000,0.919,0.091890,0.091890,4.278,-0.091890,0.000000,0.000000,-0.974,0.287,0.000000,0.000000,0.000000,0.000000,0.000000,0.000000,0,0.00
2.894000,0.895,0.089546,0.089546,4.296,-0.089546,0.000000,0.000000,-0.936,0.280,0.000000,0.000000,0.000000,0.000000,0.000000,0.000000,0,0.00
2.896000,0.892,0.089160,0.089160,4.299,-0.089160,0.000000,0.000000,-0.912,0.279,0.000000,0.000000,0.000000,0.000000,0.000000,0.000000,0,0.00
2.898000,0.890,0.088967,0.088967,4.301,-0.088967,0.000000,0.000000,-0.915,0.278,0.000000,0.000000,0.000000,0.000000,0.000000,0.000000,0,0.00
2.900000,0.850,0.084966,0.084966,4.332,-0.084966,0.000000,-0.000000,0.000,0.266,0.000000,0.000000,0.000000,0.000000,0.000000,0.000000,0,0.00
2.902000,0.843,0.084263,0.084263,4.338,-0.084263,0.000000,0.000000,0.000,0.263,0.000000,0.000000,0.000000,0.000000,0.000000,0.000000,0,0.00
2.904000,0.831,0.083104,0.083104,4.347,-0.083104,0.000000,0.000000,0.000,0.260,0.000000,0.000000,0.000000,0.000000,0.000000,0.000000,0,0.00
2.906000,0.797,0.079746,0.079746,4.373,-0.079746,0.000000,0.000000,0.000,0.249,0.000000,0.000000,0.000000,0.000000,0.000000,0.000000,0,0.00
2.908000,0.804,0.080366,0.080366,4.368,-0.080366,0.000000,0.000000,-0.850,0.251,0.000000,0.000000,0.000000,0.000000,0.000000,0.000000,0,0.00
2.910000,0.790,0.079009,0.079009,4.379,-0.079009,0.000000,0.000000,-0.843,0.247,0.000000,0.000000,0.000000,0.000000,0.000000,0.000000,0,0.00
2.912000,0.790,0.079049,0.079049,4.378,-0.079049,0.000000,0.000000,-0.831,0.247,0.000000,0.000000,0.000000,0.000000,0.000000,0.000000,0,0.00
2.914000,0.757,0.075676,0.075676,4.405,-0.075676,0.000000,0.000000,-0.797,0.236,0.000000,0.000000,0.000000,0.000000,0.000000,0.000000,0,0.00
2.916000,0.749,0.074906,0.074906,4.411,-0.074906,0.000000,0.000000,-0.804,0.234,0.000000,0.000000,0.000000,0.000000,0.000000,0.000000,0,0.00
2.918000,0.737,0.073688,0.073688,4.420,-0.073688,0.000000,0.000000,-0.790,0.230,0.000000,0.000000,0.000000,0.000000,0.000000,0.000000,0,0.00
2.920000,0.712,0.071238,0.071238,4.439,-0.071238,0.000000,0.000000,-0.790,0.223,0.000000,0.000000,0.000000,0.000000,0.000000,0.000000,0,0.00
2.922000,0.688,0.068828,0.068828,4.458,-0.068828,0.000000,0.000000,-0.757,0.215,0.000000,0.000000,0.000000,0.000000,0.000000,0.000000,0,0.00
2.924000,0.683,0.068300,0.068300,4.462,-0.068300,0.000000,0.000000,-0.749,0.213,0.000000,0.000000,0.000000,0.000000,0.000000,0.000000,0,0.00
2.926000,0.677,0.067696,0.067696,4.467,-0.067696,0.000000,0.000000,-0.737,0.212,0.000000,0.000000,0.000000,0.000000,0.000000,0.000000,0,0.00
2.928000,0.628,0.062778,0.062778,4.505,-0.062778,0.000000,0.000000,-0.712,0.196,0.000000,0.000000,0.000000,0.000000,0.000000,0.000000,0,0.00
2.930000,0.613,0.061273,0.061273,4.517,-0.061273,0.000000,0.000000,-0.688,0.191,0.000000,0.000000,0.000000,0.000000,0.000000,0.000000,0,0.00
2.932000,0.606,0.060600,0.060600,4.522,-0.060600,0.000000,0.000000,-0.683,0.189,0.000000,0.000000,0.000000,0.000000,0.000000,0.000000,0,0.00
2.934000,0.571,0.057058,0.057058,4.550,-0.057058,0.000000,0.000000,-0.677,0.178,0.000000,0.000000,0.000000,0.000000,0.000000,0.000000,0,0.00
2.936000,0.557,0.055697,0.055697,4.561,-0.055697,0.000000,0.000000,-0.628,0.174,0.000000,0.000000,0.000000,0.000000,0.000000,0.000000,0,0.00
2.938000,0.541,0.054085,0.054085,4.573,-0.054085,0.000000,0.000000,-0.613,0.169,0.000000,0.000000,0.000000,0.000000,0.000000,0.000000,0,0.00
2.940000,0.528,0.052848,0.052848,4.583,-0.052848,0.000000,0.000000,-0.606,0.165,0.000000,0.000000,0.000000,0.000000,0.000000,0.000000,0,0.00
2.942000,0.496,0.049626,0.049626,4.608,-0.049626,0.000000,0.000000,-0.571,0.155,0.000000,0.000000,0.000000,0.000000,0.000000,0.000000,0,0.00
2.944000,0.481,0.048123,0.048123,4.620,-0.048123,0.000000,0.000000,-0.557,0.150,0.000000,0.000000,0.000000,0.000000,0.000000,0.000000,0,0.00
2.946000,0.455,0.045465,0.045465,4.640,-0.045465,0.000000,0.000000,-0.541,0.142,0.000000,0.000000,0.000000,0.000000,0.000000,0.000000,0,0.00
2.948000,0.458,0.045782,0.045782,4.638,-0.045782,0.000000,0.000000,-0.528,0.143,0.000000,0.000000,0.000000,0.000000,0.000000,0.000000,0,0.00
2.950000,0.409,0.040919,0.040919,4.676,-0.040919,0.000000,0.000000,-0.496,0.128,0.000000,0.000000,0.000000,0.000000,0.000000,0.000000,0,0.00
2.952000,0.382,0.038243,0.038243,4.697,-0.038243,0.000000,0.000000,-0.481,0.120,0.000000,0.000000,0.000000,0.000000,0.000000,0.000000,0,0.00
2.954000,0.375,0.037520,0.037520,4.702,-0.037520,0.000000,0.000000,-0.455,0.117,0.000000,0.000000,0.000000,0.000000,0.000000,0.000000,0,0.00
2.956000,0.358,0.035797,0.035797,4.716,-0.035797,0.000000,0.000000,-0.458,0.112,0.000000,0.000000,0.000000,0.000000,0.000000,0.000000,0,0.00
2.958000,0.330,0.033004,0.033004,4.738,-0.033004,0.000000,0.000000,-0.409,0.103,0.000000,0.000000,0.000000,0.000000,0.000000,0.000000,0,0.00
2.960000,0.299,0.029856,0.029856,4.762,-0.029856,0.000000,0.000000,-0.382,0.093,0.000000,0.000000,0.000000,0.000000,0.000000,0.000000,0,0.00
2.962000,0.282,0.028181,0.028181,4.775,-0.028181,0.000000,0.000000,-0.375,0.088,0.000000,0.000000,0.000000,0.000000,0.000000,0.000000,0,0.00
2.964000,0.261,0.026141,0.026141,4.791,-0.026141,0.000000,0.000000,-0.358,0.082,0.000000,0.000000,0.000000,0.000000,0.000000,0.000000,0,0.00
2.966000,0.232,0.023234,0.023234,4.814,-0.023234,0.000000,0.000000,-0.330,0.073,0.000000,0.000000,0.000000,0.000000,0.000000,0.000000,0,0.00
2.968000,0.203,0.020293,0.020293,4.837,-0.020293,0.000000,0.000000,-0.299,0.063,0.000000,0.000000,0.000000,0.000000,0.000000,0.000000,0,0.00
2.970000,0.188,0.018758,0.018758,4.849,-0.018758,0.000000,0.000000,-0.282,0.059,0.000000,0.000000,0.000000,0.000000,0.000000,0.000000,0,0.00
2.972000,0.147,0.014718,0.014718,4.880,-0.014718,0.000000,0.000000,-0.261,0.046,0.000000,0.000000,0.000000,0.000000,0.000000,0.000000,0,0.00
2.974000,0.154,0.015408,0.015408,4.875,-0.015408,0.000000,0.000000,-0.232,0.048,0.000000,0.000000,0.000000,0.000000,0.000000,0.000000,0,0.00
2.976000,0.116,0.011615,0.011615,4.905,-0.011615,0.000000,0.000000,-0.203,0.036,0.000000,0.000000,0.000000,0.000000,0.000000,0.000000,0,0.00
2.978000,0.074,0.007389,0.007389,4.938,-0.007389,0.000000,0.000000,-0.188,0.023,0.000000,0.000000,0.000000,0.000000,0.000000,0.000000,0,0.00
2.980000,0.057,0.005741,0.005741,4.950,-0.005741,0.000000,0.000000,-0.147,0.018,0.000000,0.000000,0.000000,0.000000,0.000000,0.000000,0,0.00
2.982000,0.048,0.004767,0.004767,4.958,-0.004767,0.000000,0.000000,-0.154,0.015,0.000000,0.000000,0.000000,0.000000,0.000000,0.000000,0,0.00
2.984000,0.014,0.001379,0.001379,4.985,-0.001379,0.000000,0.000000,-0.116,0.004,0.000000,0.000000,0.000000,0.000000,0.000000,0.000000,0,0.00
2.986000,-0.012,-0.001182,-0.001182,4.986,0.001182,0.000000,0.000000,-0.074,0.004,0.000000,0.000000,0.000000,0.000000,0.000000,0.000000,0,0.00
2.988000,-0.037,-0.003723,-0.003723,4.966,0.003723,0.000000,0.000000,-0.057,0.012,0.000000,0.000000,0.000000,0.000000,0.000000,0.000000,0,0.00
2.990000,-0.077,-0.007684,-0.007684,4.935,0.007684,0.000000,0.000000,-0.048,0.024,0.000000,0.000000,0.000000,0.000000,0.000000,0.000000,0,0.00
2.992000,-0.076,-0.007581,-0.007581,4.936,0.007581,0.000000,0.000000,-0.014,0.024,0.000000,0.000000,0.000000,0.000000,0.000000,0.000000,0,0.00
2.994000,-0.123,-0.012317,-0.012317,4.899,0.012317,0.000000,0.000000,0.012,0.038,0.000000,0.000000,0.000000,0.000000,0.000000,0.000000,0,0.00
2.996000,-0.134,-0.013354,-0.013354,4.891,0.013354,0.000000,0.000000,0.037,0.042,0.000000,0.000000,0.000000,0.000000,0.000000,0.000000,0,0.00
2.998000,-0.173,-0.017307,-0.017307,4.860,0.017307,0.000000,0.000000,0.077,0.054,0.000000,0.000000,0.000000,0.000000,0.000000,0.000000,0,0.00
3.000000,-0.209,-0.020919,-0.020919,4.832,0.020919,0.000000,0.000000,0.000,0.065,0.000000,0.000000,0.000000,0.000000,0.000000,0.000000,0,0.00
3.002000,-0.223,-0.022301,-0.022301,4.821,0.022301,0.000000,0.000000,0.000,0.070,0.000000,0.000000,0.000000,0.000000,0.000000,0.000000,0,0.00
3.004000,-0.251,-0.025078,-0.025078,4.800,0.025078,0.000000,0.000000,0.000,0.078,0.000000,0.000000,0.000000,0.000000,0.000000,0.000000,0,0.00
3.006000,-0.276,-0.027562,-0.027562,4.780,0.027562,0.000000,0.000000,0.000,0.086,0.000000,0.000000,0.000000,0.000000,0.000000,0.000000,0,0.00
3.008000,-0.300,-0.029989,-0.029989,4.761,0.029989,0.000000,0.000000,0.209,0.094,0.000000,0.000000,0.000000,0.000000,0.000000,0.000000,0,0.00
3.010000,-0.298,-0.029821,-0.029821,4.763,0.029821,0.000000,0.000000,0.223,0.093,0.000000,0.000000,0.000000,0.000000,0.000000,0.000000,0,0.00
3.012000,-0.340,-0.034042,-0.034042,4.730,0.034042,0.000000,0.000000,0.251,0.106,0.000000,0.000000,0.000000,0.000000,0.000000,0.000000,0,0.00
3.014000,-0.368,-0.036777,-0.036777,4.708,0.036777,0.000000,0.000000,0.276,0.115,0.000000,0.000000,0.000000,0.000000,0.000000,0.000000,0,0.00
3.016000,-0.382,-0.038214,-0.038214,4.697,0.038214,0.000000,0.000000,0.300,0.119,0.000000,0.000000,0.000000,0.000000,0.000000,0.000000,0,0.00
3.018000,-0.427,-0.042689,-0.042689,4.662,0.042689,0.000000,0.000000,0.298,0.133,0.000000,0.000000,0.000000,0.000000,0.000000,0.000000,0,0.00
3.020000,-0.450,-0.045037,-0.045037,4.644,0.045037,0.000000,0.000000,0.340,0.141,0.000000,0.000000,0.000000,0.000000,0.000000,0.000000,0,0.00
3.022000,-0.470,-0.047047,-0.047047,4.628,0.047047,0.000000,0.000000,0.368,0.147,0.000000,0.000000,0.000000,0.000000,0.000000,0.000000,0,0.00
3.024000,-0.498,-0.049751,-0.049751,4.607,0.049751,0.000000,0.000000,0.382,0.155,0.000000,0.000000,0.000000,0.000000,0.000000,0.000000,0,0.00
3.026000,-0.512,-0.051243,-0.051243,4.595,0.051243,0.000000,0.000000,0.427,0.160,0.000000,0.000000,0.000000,0.000000,0.000000,0.000000,0,0.00
3.028000,-0.541,-0.054118,-0.054118,4.573,0.054118,0.000000,0.000000,0.450,0.169,0.000000,0.000000,0.000000,0.000000,0.000000,0.000000,0,0.00
3.030000,-0.561,-0.056148,-0.056148,4.557,0.056148,0.000000,0.000000,0.470,0.175,0.000000,0.000000,0.000000,0.000000,0.000000,0.000000,0,0.00
3.032000,-0.600,-0.059967,-0.059967,4.527,0.059967,0.000000,0.000000,0.498,0.187,0.000000,0.000000,0.000000,0.000000,0.000000,0.000000,0,0.00
3.034000,-0.611,-0.061062,-0.061062,4.519,0.061062,0.000000,0.000000,0.512,0.191,0.000000,0.000000,0.000000,0.000000,0.000000,0.000000,0,0.00
3.036000,-0.637,-0.063689,-0.063689,4.498,0.063689,0.000000,0.000000,0.541,0.199,0.000000,0.000000,0.000000,0.000000,0.000000,0.000000,0,0.00
3.038000,-0.663,-0.066297,-0.066297,4.478,0.066297,0.000000,0.000000,0.561,0.207,0.000000,0.000000,0.000000,0.000000,0.000000,0.000000,0,0.00
3.040000,-0.689,-0.068871,-0.068871,4.458,0.068871,0.000000,0.000000,0.600,0.215,0.000000,0.000000,0.000000,0.000000,0.000000,0.000000,0,0.00
3.042000,-0.701,-0.070120,-0.070120,4.448,0.070120,0.000000,0.000000,0.611,0.219,0.000000,0.000000,0.000000,0.000000,0.000000,0.000000,0,0.00
3.044000,-0.730,-0.073030,-0.073030,4.425,0.073030,0.000000,0.000000,0.637,0.228,0.000000,0.000000,0.000000,0.000000,0.000000,0.000000,0,0.00
3.046000,-0.766,-0.076640,-0.076640,4.397,0.076640,0.000000,0.000000,0.663,0.239,0.000000,0.000000,0.000000,0.000000,0.000000,0.000000,0,0.00
3.048000,-0.795,-0.079506,-0.079506,4.375,0.079506,0.000000,0.000000,0.689,0.248,0.000000,0.000000,0.000000,0.000000,0.000000,0.000000,0,0.00
3.050000,-0.798,-0.079817,-0.079817,4.372,0.079817,0.000000,0.000000,0.701,0.249,0.000000,0.000000,0.000000,0.000000,0.000000,0.000000,0,0.00
3.052000,-0.834,-0.083415,-0.083415,4.344,0.083415,0.000000,0.000000,0.730,0.261,0.000000,0.000000,0.000000,0.000000,0.000000,0.000000,0,0.00
3.054000,-0.841,-0.084146,-0.084146,4.339,0.084146,0.000000,0.000000,0.766,0.263,0.000000,0.000000,0.000000,0.000000,0.000000,0.000000,0,0.00
3.056000,-0.870,-0.087006,-0.087006,4.316,0.087006,0.000000,0.000000,0.795,0.272,0.000000,0.000000,0.000000,0.000000,0.000000,0.000000,0,0.00
3.058000,-0.884,-0.088360,-0.088360,4.306,0.088360,0.000000,0.000000,0.798,0.276,0.000000,0.000000,0.000000,0.000000,0.000000,0.000000,0,0.00
3.060000,-0.895,-0.089520,-0.089520,4.297,0.089520,0.000000,0.000000,0.834,0.280,0.000000,0.000000,0.000000,0.000000,0.000000,0.000000,0,0.00
3.062000,-0.922,-0.092194,-0.092194,4.276,0.092194,0.000000,0.000000,0.841,0.288,0.000000,0.000000,0.000000,0.000000,0.000000,0.000000,0,0.00
3.064000,-0.948,-0.094812,-0.094812,4.255,0.094812,0.000000,0.000000,0.870,0.296,0.000000,0.000000,0.000000,0.000000,0.000000,0.000000,0,0.00
3.066000,-0.981,-0.098123,-0.098123,4.229,0.098123,0.000000,0.000000,0.884,0.307,0.000000,0.000000,0.000000,0.000000,0.000000,0.000000,0,0.00
3.068000,-1.015,-0.101516,-0.101516,4.203,0.101516,0.000000,0.000000,0.895,0.317,0.000000,0.000000,0.000000,0.000000,0.000000,0.000000,0,0.00
3.070000,-1.021,-0.102144,-0.102144,4.198,0.102144,0.000000,0.000000,0.922,0.319,0.000000,0.000000,0.000000,0.000000,0.000000,0.000000,0,0.00
3.072000,-1.026,-0.102568,-0.102568,4.195,0.102568,0.000000,0.000000,0.948,0.321,0.000000,0.000000,0.000000,0.000000,0.000000,0.000000,0,0.00
3.074000,-1.054,-0.105404,-0.105404,4.173,0.105404,0.000000,0.000000,0.981,0.329,0.000000,0.000000,0.000000,0.000000,0.000000,0.000000,0,0.00
3.076000,-1.064,-0.106410,-0.106410,4.165,0.106410,0.000000,0.000000,1.015,0.333,0.000000,0.000000,0.000000,0.000000,0.000000,0.000000,0,0.00
3.078000,-1.098,-0.109807,-0.109807,4.138,0.109807,0.000000,0.000000,1.021,0.343,0.000000,0.000000,0.000000,0.000000,0.000000,0.000000,0,0.00
3.080000,-1.097,-0.109719,-0.109719,4.139,0.109719,0.000000,0.000000,1.026,0.343,0.000000,0.000000,0.000000,0.000000,0.000000,0.000000,0,0.00
3.082000,-1.114,-0.111420,-0.111420,4.126,0.111420,0.000000,0.000000,1.054,0.348,0.000000,0.000000,0.000000,0.000000,0.000000,0.000000,0,0.00
3.084000,-1.123,-0.112332,-0.112332,4.119,0.112332,0.000000,0.000000,1.064,0.351,0.000000,0.000000,0.000000,0.000000,0.000000,0.000000,0,0.00
3.086000,-1.158,-0.115750,-0.115750,4.092,0.115750,0.000000,0.000000,1.098,0.362,0.000000,0.000000,0.000000,0.000000,0.000000,0.000000,0,0.00
3.088000,-1.164,-0.116389,-0.116389,4.087,0.116389,0.000000,0.000000,1.097,0.364,0.000000,0.000000,0.000000,0.000000,0.000000,0.000000,0,0.00
3.090000,-1.178,-0.117753,-0.117753,4.076,0.117753,0.000000,0.000000,1.114,0.368,0.000000,0.000000,0.000000,0.000000,0.000000,0.000000,0,0.00
3.092000,-1.207,-0.120696,-0.120696,4.053,0.120696,0.000000,0.000000,1.123,0.377,0.000000,0.000000,0.000000,0.000000,0.000000,0.000000,0,0.00
3.094000,-1.197,-0.119738,-0.119738,4.061,0.119738,0.000000,0.000000,1.158,0.374,0.000000,0.000000,0.000000,0.000000,0.000000,0.000000,0,0.00
3.096000,-1.224,-0.122359,-0.122359,4.040,0.122359,0.000000,0.000000,1.164,0.382,0.000000,0.000000,0.000000,0.000000,0.000000,0.000000,0,0.00
3.098000,-1.252,-0.125196,-0.125196,4.018,0.125196,0.000000,0.000000,1.178,0.391,0.000000,0.000000,0.000000,0.000000,0.000000,0.000000,0,0.00
3.100000,-1.251,-0.125138,-0.125138,4.019,0.125138,0.000000,0.000000,0.000,0.391,0.000000,0.000000,0.000000,0.000000,0.000000,0.000000,0,0.00
3.102000,-1.255,-0.125495,-0.125495,4.016,0.125495,0.000000,0.000000,0.000,0.392,0.000000,0.000000,0.000000,0.000000,0.000000,0.000000,0,0.00
3.104000,-1.286,-0.128629,-0.128629,3.991,0.128629,0.000000,0.000000,0.000,0.402,0.000000,0.000000,0.000000,0.000000,0.000000,0.000000,0,0.00
3.106000,-1.286,-0.128581,-0.128581,3.992,0.128581,0.000000,0.000000,0.000,0.402,0.000000,0.000000,0.000000,0.000000,0.000000,0.000000,0,0.00
3.108000,-1.283,-0.128315,-0.128315,3.994,0.128315,0.000000,0.000000,1.251,0.401,0.000000,0.000000,0.000000,0.000000,0.000000,0.000000,0,0.00
3.110000,-1.295,-0.129499,-0.129499,3.985,0.129499,0.000000,0.000000,1.255,0.405,0.000000,0.000000,0.000000,0.000000,0.000000,0.000000,0,0.00
3.112000,-1.330,-0.133028,-0.133028,3.957,0.133028,0.000000,0.000000,1.286,0.416,0.000000,0.000000,0.000000,0.000000,0.000000,0.000000,0,0.00
3.114000,-1.307,-0.130665,-0.130665,3.975,0.130665,0.000000,0.000000,1.286,0.408,0.000000,0.000000,0.000000,0.000000,0.000000,0.000000,0,0.00
3.116000,-1.325,-0.132548,-0.132548,3.961,0.132548,0.000000,0.000000,1.283,0.414,0.000000,0.000000,0.000000,0.000000,0.000000,0.000000,0,0.00
3.118000,-1.343,-0.134250,-0.134250,3.947,0.134250,0.000000,0.000000,1.295,0.420,0.000000,0.000000,0.000000,0.000000,0.000000,0.000000,0,0.00
3.120000,-1.352,-0.135177,-0.135177,3.940,0.135177,0.000000,0.000000,1.330,0.422,0.000000,0.000000,0.000000,0.000000,0.000000,0.000000,0,0.00
3.122000,-1.341,-0.134072,-0.134072,3.949,0.134072,0.000000,0.000000,1.307,0.419,0.000000,0.000000,0.000000,0.000000,0.000000,0.000000,0,0.00
3.124000,-1.364,-0.136374,-0.136374,3.931,0.136374,0.000000,0.000000,1.325,0.426,0.000000,0.000000,0.000000,0.000000,0.000000,0.000000,0,0.00
3.126000,-1.362,-0.136216,-0.136216,3.932,0.136216,0.000000,0.000000,1.343,0.426,0.000000,0.000000,0.000000,0.000000,0.000000,0.000000,0,0.00
3.128000,-1.382,-0.138162,-0.138162,3.917,0.138162,0.000000,0.000000,1.352,0.432,0.000000,0.000000,0.000000,0.000000,0.000000,0.000000,0,0.00
3.130000,-1.361,-0.136135,-0.136135,3.933,0.136135,0.000000,0.000000,1.341,0.425,0.000000,0.000000,0.000000,0.000000,0.000000,0.000000,0,0.00
3.132000,-1.380,-0.137950,-0.137950,3.919,0.137950,0.000000,0.000000,1.364,0.431,0.000000,0.000000,0.000000,0.000000,0.000000,0.000000,0,0.00
3.134000,-1.383,-0.138263,-0.138263,3.916,0.138263,0.000000,0.000000,1.362,0.432,0.000000,0.000000,0.000000,0.000000,0.000000,0.000000,0,0.00
3.136000,-1.389,-0.138903,-0.138903,3.911,0.138903,0.000000,0.000000,1.382,0.434,0.000000,0.000000,0.000000,0.000000,0.000000,0.000000,0,0.00
3.138000,-1.392,-0.139192,-0.139192,3.909,0.139192,0.000000,-0.000000,1.361,0.435,0.000000,0.000000,0.000000,0.000000,0.000000,0.000000,0,0.00
3.140000,-1.388,-0.138804,-0.138804,3.912,0.138804,0.000000,0.000000,1.380,0.434,0.000000,0.000000,0.000000,0.000000,0.000000,0.000000,0,0.00
3.142000,-1.375,-0.137537,-0.137537,3.922,0.137537,0.000000,-0.000000,1.383,0.430,0.000000,0.000000,0.000000,0.000000,0.000000,0.000000,0,0.00
3.144000,-1.398,-0.139824,-0.139824,3.904,0.139824,0.000000,0.000000,1.389,0.437,0.000000,0.000000,0.000000,0.000000,0.000000,0.000000,0,0.00
3.146000,-1.380,-0.138003,-0.138003,3.918,0.138003,0.000000,-0.000000,1.392,0.431,0.000000,0.000000,0.000000,0.000000,0.000000,0.000000,0,0.00
3.148000,-1.391,-0.139105,-0.139105,3.910,0.139105,0.000000,-0.000000,1.388,0.435,0.000000,0.000000,0.000000,0.000000,0.000000,0.000000,0,0.00
3.150000,-1.378,-0.137829,-0.137829,3.920,0.137829,0.000000,-0.000000,1.375,0.431,0.000000,0.000000,0.000000,0.000000,0.000000,0.000000,0,0.00
3.152000,-1.393,-0.139326,-0.139326,3.908,0.139326,0.000000,0.000000,1.398,0.435,0.000000,0.000000,0.000000,0.000000,0.000000,0.000000,0,0.00
3.154000,-1.385,-0.138547,-0.138547,3.914,0.138547,0.000000,-0.000000,1.380,0.433,0.000000,0.000000,0.000000,0.000000,0.000000,0.000000,0,0.00
3.156000,-1.399,-0.139863,-0.139863,3.904,0.139863,0.000000,0.000000,1.391,0.437,0.000000,0.000000,0.000000,0.000000,0.000000,0.000000,0,0.00
3.158000,-1.383,-0.138345,-0.138345,3.915,0.138345,0.000000,-0.000000,1.378,0.432,0.000000,0.000000,0.000000,0.000000,0.000000,0.000000,0,0.00
3.160000,-1.376,-0.137649,-0.137649,3.921,0.137649,0.000000,-0.000000,1.393,0.430,0.000000,0.000000,0.000000,0.000000,0.000000,0.000000,0,0.00
3.162000,-1.383,-0.138269,-0.138269,3.916,0.138269,0.000000,-0.000000,1.385,0.432,0.000000,0.000000,0.000000,0.000000,0.000000,0.000000,0,0.00
3.164000,-1.372,-0.137227,-0.137227,3.924,0.137227,0.000000,-0.000000,1.399,0.429,0.000000,0.000000,0.000000,0.000000,0.000000,0.000000,0,0.00
3.166000,-1.356,-0.135594,-0.135594,3.937,0.135594,0.000000,-0.000000,1.383,0.424,0.000000,0.000000,0.000000,0.000000,0.000000,0.000000,0,0.00
3.168000,-1.362,-0.136159,-0.136159,3.933,0.136159,0.000000,-0.000000,1.376,0.425,0.000000,0.000000,0.000000,0.000000,0.000000,0.000000,0,0.00
3.170000,-1.347,-0.134733,-0.134733,3.944,0.134733,0.000000,-0.000000,1.383,0.421,0.000000,0.000000,0.000000,0.000000,0.000000,0.000000,0,0.00
3.172000,-1.335,-0.133454,-0.133454,3.954,0.133454,0.000000,-0.000000,1.372,0.417,0.000000,0.000000,0.000000,0.000000,0.000000,0.000000,0,0.00
3.174000,-1.340,-0.133991,-0.133991,3.949,0.133991,0.000000,-0.000000,1.356,0.419,0.000000,0.000000,0.000000,0.000000,0.000000,0.000000,0,0.00
3.176000,-1.316,-0.131564,-0.131564,3.968,0.131564,0.000000,-0.000000,1.362,0.411,0.000000,0.000000,0.000000,0.000000,0.000000,0.000000,0,0.00
3.178000,-1.304,-0.130441,-0.130441,3.977,0.130441,0.000000,-0.000000,1.347,0.408,0.000000,0.000000,0.000000,0.000000,0.000000,0.000000,0,0.00
3.180000,-1.298,-0.129827,-0.129827,3.982,0.129827,0.000000,-0.000000,1.335,0.406,0.000000,0.000000,0.000000,0.000000,0.000000,0.000000,0,0.00
3.182000,-1.294,-0.129442,-0.129442,3.985,0.129442,0.000000,-0.000000,1.340,0.405,0.000000,0.000000,0.000000,0.000000,0.000000,0.000000,0,0.00
3.184000,-1.287,-0.128719,-0.128719,3.991,0.128719,0.000000,-0.000000,1.316,0.402,0.000000,0.000000,0.000000,0.000000,0.000000,0.000000,0,0.00
3.186000,-1.265,-0.126535,-0.126535,4.008,0.126535,0.000000,-0.000000,1.304,0.395,0.000000,0.000000,0.000000,0.000000,0.000000,0.000000,0,0.00
3.188000,-1.238,-0.123809,-0.123809,4.029,0.123809,0.000000,-0.000000,1.298,0.387,0.000000,0.000000,0.000000,0.000000,0.000000,0.000000,0,0.00
3.190000,-1.215,-0.121537,-0.121537,4.047,0.121537,0.000000,-0.000000,1.294,0.380,0.000000,0.000000,0.000000,0.000000,0.000000,0.000000,0,0.00
3.192000,-1.227,-0.122732,-0.122732,4.037,0.122732,0.000000,-0.000000,1.287,0.384,0.000000,0.000000,0.000000,0.000000,0.000000,0.000000,0,0.00
3.194000,-1.201,-0.120139,-0.120139,4.058,0.120139,0.000000,-0.000000,1.265,0.375,0.000000,0.000000,0.000000,0.000000,0.000000,0.000000,0,0.00
3.196000,-1.198,-0.119775,-0.119775,4.060,0.119775,0.000000,-0.000000,1.238,0.374,0.000000,0.000000,0.000000,0.000000,0.000000,0.000000,0,0.00
3.198000,-1.173,-0.117345,-0.117345,4.079,0.117345,0.000000,-0.000000,1.215,0.367,0.000000,0.000000,0.000000,0.000000,0.000000,0.000000,0,0.00
3.200000,-1.158,-0.115839,-0.115839,4.091,0.115839,0.000000,0.000000,0.000,0.362,0.000000,0.000000,0.000000,0.000000,0.000000,0.000000,0,0.00
3.202000,-1.146,-0.114648,-0.114648,4.100,0.114648,0.000000,-0.000000,0.000,0.358,0.000000,0.000000,0.000000,0.000000,0.000000,0.000000,0,0.00
3.204000,-1.147,-0.114718,-0.114718,4.100,0.114718,0.000000,-0.000000,0.000,0.358,0.000000,0.000000,0.000000,0.000000,0.000000,0.000000,0,0.00
3.206000,-1.116,-0.111622,-0.111622,4.124,0.111622,0.000000,-0.000000,0.000,0.349,0.000000,0.000000,0.000000,0.000000,0.000000,0.000000,0,0.00
3.208000,-1.100,-0.110011,-0.110011,4.137,0.110011,0.000000,-0.000000,1.158,0.344,0.000000,0.000000,0.000000,0.000000,0.000000,0.000000,0,0.00
3.210000,-1.086,-0.108582,-0.108582,4.148,0.108582,0.000000,-0.000000,1.146,0.339,0.000000,0.000000,0.000000,0.000000,0.000000,0.000000,0,0.00
3.212000,-1.040,-0.104029,-0.104029,4.183,0.104029,0.000000,-0.000000,1.147,0.325,0.000000,0.000000,0.000000,0.000000,0.000000,0.000000,0,0.00
3.214000,-1.028,-0.102813,-0.102813,4.193,0.102813,0.000000,-0.000000,1.116,0.321,0.000000,0.000000,0.000000,0.000000,0.000000,0.000000,0,0.00
3.216000,-1.023,-0.102330,-0.102330,4.197,0.102330,0.000000,-0.000000,1.100,0.320,0.000000,0.000000,0.000000,0.000000,0.000000,0.000000,0,0.00
3.218000,-0.993,-0.099291,-0.099291,4.220,0.099291,0.000000,-0.000000,1.086,0.310,0.000000,0.000000,0.000000,0.000000,0.000000,0.000000,0,0.00
3.220000,-0.986,-0.098562,-0.098562,4.226,0.098562,0.000000,-0.000000,1.040,0.308,0.000000,0.000000,0.000000,0.000000,0.000000,0.000000,0,0.00
3.222000,-0.942,-0.094191,-0.094191,4.260,0.094191,0.000000,-0.000000,1.028,0.294,0.000000,0.000000,0.000000,0.000000,0.000000,0.000000,0,0.00
3.224000,-0.917,-0.091667,-0.091667,4.280,0.091667,0.000000,-0.000000,1.023,0.286,0.000000,0.000000,0.000000,0.000000,0.000000,0.000000,0,0.00
3.226000,-0.908,-0.090757,-0.090757,4.287,0.090757,0.000000,-0.000000,0.993,0.284,0.000000,0.000000,0.000000,0.000000,0.000000,0.000000,0,0.00
3.228000,-0.884,-0.088376,-0.088376,4.305,0.088376,0.000000,-0.000000,0.986,0.276,0.000000,0.000000,0.000000,0.000000,0.000000,0.000000,0,0.00
3.230000,-0.862,-0.086220,-0.086220,4.322,0.086220,0.000000,-0.000000,0.942,0.269,0.000000,0.000000,0.000000,0.000000,0.000000,0.000000,0,0.00
3.232000,-0.829,-0.082864,-0.082864,4.349,0.082864,0.000000,-0.000000,0.917,0.259,0.000000,0.000000,0.000000,0.000000,0.000000,0.000000,0,0.00
3.234000,-0.809,-0.080897,-0.080897,4.364,0.080897,0.000000,-0.000000,0.908,0.253,0.000000,0.000000,0.000000,0.000000,0.000000,0.000000,0,0.00
3.236000,-0.777,-0.077740,-0.077740,4.389,0.077740,0.000000,-0.000000,0.884,0.243,0.000000,0.000000,0.000000,0.000000,0.000000,0.000000,0,0.00
3.238000,-0.753,-0.075303,-0.075303,4.408,0.075303,0.000000,-0.000000,0.862,0.235,0.000000,0.000000,0.000000,0.000000,0.000000,0.000000,0,0.00
3.240000,-0.741,-0.074137,-0.074137,4.417,0.074137,0.000000,-0.000000,0.829,0.232,0.000000,0.000000,0.000000,0.000000,0.000000,0.000000,0,0.00
3.242000,-0.700,-0.070035,-0.070035,4.449,0.070035,0.000000,-0.000000,0.809,0.219,0.000000,0.000000,0.000000,0.000000,0.000000,0.000000,0,0.00
3.244000,-0.673,-0.067263,-0.067263,4.470,0.067263,0.000000,-0.000000,0.777,0.210,0.000000,0.000000,0.000000,0.000000,0.000000,0.000000,0,0.00
3.246000,-0.667,-0.066680,-0.066680,4.475,0.066680,0.000000,-0.000000,0.753,0.208,0.000000,0.000000,0.000000,0.000000,0.000000,0.000000,0,0.00
3.248000,-0.594,-0.059408,-0.059408,4.532,0.059408,0.000000,-0.000000,0.741,0.186,0.000000,0.000000,0.000000,0.000000,0.000000,0.000000,0,0.00
3.250000,-0.582,-0.058202,-0.058202,4.541,0.058202,0.000000,-0.000000,0.700,0.182,0.000000,0.000000,0.000000,0.000000,0.000000,0.000000,0,0.00
3.252000,-0.556,-0.055629,-0.055629,4.561,0.055629,0.000000,-0.000000,0.673,0.174,0.000000,0.000000,0.000000,0.000000,0.000000,0.000000,0,0.00
3.254000,-0.532,-0.053193,-0.053193,4.580,0.053193,0.000000,-0.000000,0.667,0.166,0.000000,0.000000,0.000000,0.000000,0.000000,0.000000,0,0.00
3.256000,-0.491,-0.049090,-0.049090,4.612,0.049090,0.000000,-0.000000,0.594,0.153,0.000000,0.000000,0.000000,0.000000,0.000000,0.000000,0,0.00
3.258000,-0.487,-0.048665,-0.048665,4.615,0.048665,0.000000,-0.000000,0.582,0.152,0.000000,0.000000,0.000000,0.000000,0.000000,0.000000,0,0.00
3.260000,-0.434,-0.043384,-0.043384,4.657,0.043384,0.000000,-0.000000,0.556,0.136,0.000000,0.000000,0.000000,0.000000,0.000000,0.000000,0,0.00
3.262000,-0.403,-0.040272,-0.040272,4.681,0.040272,0.000000,-0.000000,0.532,0.126,0.000000,0.000000,0.000000,0.000000,0.000000,0.000000,0,0.00
3.264000,-0.386,-0.038587,-0.038587,4.694,0.038587,0.000000,-0.000000,0.491,0.121,0.000000,0.000000,0.000000,0.000000,0.000000,0.000000,0,0.00
3.266000,-0.358,-0.035755,-0.035755,4.716,0.035755,0.000000,-0.000000,0.487,0.112,0.000000,0.000000,0.000000,0.000000,0.000000,0.000000,0,0.00
3.268000,-0.322,-0.032244,-0.032244,4.744,0.032244,0.000000,-0.000000,0.434,0.101,0.000000,0.000000,0.000000,0.000000,0.000000,0.000000,0,0.00
3.270000,-0.276,-0.027585,-0.027585,4.780,0.027585,0.000000,-0.000000,0.403,0.086,0.000000,0.000000,0.000000,0.000000,0.000000,0.000000,0,0.00
3.272000,-0.244,-0.024415,-0.024415,4.805,0.024415,0.000000,-0.000000,0.386,0.076,0.000000,0.000000,0.000000,0.000000,0.000000,0.000000,0,0.00
3.274000,-0.221,-0.022113,-0.022113,4.823,0.022113,0.000000,-0.000000,0.358,0.069,0.000000,0.000000,0.000000,0.000000,0.000000,0.000000,0,0.00
3.276000,-0.183,-0.018271,-0.018271,4.853,0.018271,0.000000,-0.000000,0.322,0.057,0.000000,0.000000,0.000000,0.000000,0.000000,0.000000,0,0.00
3.278000,-0.138,-0.013815,-0.013815,4.887,0.013815,0.000000,-0.000000,0.276,0.043,0.000000,0.000000,0.000000,0.000000,0.000000,0.000000,0,0.00
3.280000,-0.115,-0.011529,-0.011529,4.905,0.011529,0.000000,-0.000000,0.244,0.036,0.000000,0.000000,0.000000,0.000000,0.000000,0.000000,0,0.00
3.282000,-0.102,-0.010158,-0.010158,4.916,0.010158,0.000000,-0.000000,0.221,0.032,0.000000,0.000000,0.000000,0.000000,0.000000,0.000000,0,0.00
3.284000,-0.062,-0.006167,-0.006167,4.947,0.006167,0.000000,-0.000000,0.183,0.019,0.000000,0.000000,0.000000,0.000000,0.000000,0.000000,0,0.00
3.286000,-0.028,-0.002751,-0.002751,4.974,0.002751,0.000000,-0.000000,0.138,0.009,0.000000,0.000000,0.000000,0.000000,0.000000,0.000000,0,0.00
3.288000,0.009,0.000889,0.000889,4.988,-0.000889,0.000000,-0.000000,0.115,0.003,0.000000,0.000000,0.000000,0.000000,0.000000,0.000000,0,0.00
3.290000,0.055,0.005530,0.005530,4.952,-0.005530,0.000000,-0.000000,0.102,0.017,0.000000,0.000000,0.000000,0.000000,0.000000,0.000000,0,0.00
3.292000,0.081,0.008146,0.008146,4.932,-0.008146,0.000000,-0.000000,0.062,0.025,0.000000,0.000000,0.000000,0.000000,0.000000,0.000000,0,0.00
3.294000,0.113,0.011293,0.011293,4.907,-0.011293,0.000000,-0.000000,0.028,0.035,0.000000,0.000000,0.000000,0.000000,0.000000,0.000000,0,0.00
3.296000,0.147,0.014655,0.014655,4.881,-0.014655,0.000000,-0.000000,-0.009,0.046,0.000000,0.000000,0.000000,0.000000,0.000000,0.000000,0,0.00
3.298000,0.183,0.018258,0.018258,4.853,-0.018258,0.000000,-0.000000,-0.055,0.057,0.000000,0.000000,0.000000,0.000000,0.000000,0.000000,0,0.00
3.300000,0.194,0.019406,0.019406,4.844,-0.019406,0.000000,-0.000000,0.000,0.061,0.000000,0.000000,0.000000,0.000000,0.000000,0.000000,0,0.00
3.302000,0.244,0.024405,0.024405,4.805,-0.024405,0.000000,-0.000000,0.000,0.076,0.000000,0.000000,0.000000,0.000000,0.000000,0.000000,0,0.00
3.304000,0.286,0.028574,0.028574,4.772,-0.028574,0.000000,-0.000000,0.000,0.089,0.000000,0.000000,0.000000,0.000000,0.000000,0.000000,0,0.00
3.306000,0.327,0.032733,0.032733,4.740,-0.032733,0.000000,-0.000000,0.000,0.102,0.000000,0.000000,0.000000,0.000000,0.000000,0.000000,0,0.00
3.308000,0.345,0.034510,0.034510,4.726,-0.034510,0.000000,-0.000000,-0.194,0.108,0.000000,0.000000,0.000000,0.000000,0.000000,0.000000,0,0.00
3.310000,0.397,0.039655,0.039655,4.686,-0.039655,0.000000,-0.000000,-0.244,0.124,0.000000,0.000000,0.000000,0.000000,0.000000,0.000000,0,0.00
3.312000,0.422,0.042152,0.042152,4.666,-0.042152,0.000000,-0.000000,-0.286,0.132,0.000000,0.000000,0.000000,0.000000,0.000000,0.000000,0,0.00
3.314000,0.445,0.044519,0.044519,4.648,-0.044519,0.000000,-0.000000,-0.327,0.139,0.000000,0.000000,0.000000,0.000000,0.000000,0.000000,0,0.00
3.316000,0.496,0.049557,0.049557,4.608,-0.049557,0.000000,-0.000000,-0.345,0.155,0.000000,0.000000,0.000000,0.000000,0.000000,0.000000,0,0.00
3.318000,0.518,0.051759,0.051759,4.591,-0.051759,0.000000,-0.000000,-0.397,0.162,0.000000,0.000000,0.000000,0.000000,0.000000,0.000000,0,0.00
3.320000,0.544,0.054436,0.054436,4.570,-0.054436,0.000000,-0.000000,-0.422,0.170,0.000000,0.000000,0.000000,0.000000,0.000000,0.000000,0,0.00
3.322000,0.578,0.057806,0.057806,4.544,-0.057806,0.000000,-0.000000,-0.445,0.181,0.000000,0.000000,0.000000,0.000000,0.000000,0.000000,0,0.00
3.324000,0.632,0.063235,0.063235,4.502,-0.063235,0.000000,-0.000000,-0.496,0.198,0.000000,0.000000,0.000000,0.000000,0.000000,0.000000,0,0.00
3.326000,0.649,0.064931,0.064931,4.488,-0.064931,0.000000,-0.000000,-0.518,0.203,0.000000,0.000000,0.000000,0.000000,0.000000,0.000000,0,0.00
3.328000,0.680,0.068024,0.068024,4.464,-0.068024,0.000000,-0.000000,-0.544,0.213,0.000000,0.000000,0.000000,0.000000,0.000000,0.000000,0,0.00
3.330000,0.727,0.072707,0.072707,4.428,-0.072707,0.000000,-0.000000,-0.578,0.227,0.000000,0.000000,0.000000,0.000000,0.000000,0.000000,0,0.00
3.332000,0.762,0.076244,0.076244,4.400,-0.076244,0.000000,-0.000000,-0.632,0.238,0.000000,0.000000,0.000000,0.000000,0.000000,0.000000,0,0.00
3.334000,0.788,0.078750,0.078750,4.381,-0.078750,0.000000,-0.000000,-0.649,0.246,0.000000,0.000000,0.000000,0.000000,0.000000,0.000000,0,0.00
3.336000,0.816,0.081638,0.081638,4.358,-0.081638,0.000000,-0.000000,-0.680,0.255,0.000000,0.000000,0.000000,0.000000,0.000000,0.000000,0,0.00
3.338000,0.865,0.086450,0.086450,4.321,-0.086450,0.000000,-0.000000,-0.727,0.270,0.000000,0.000000,0.000000,0.000000,0.000000,0.000000,0,0.00
3.340000,0.888,0.088826,0.088826,4.302,-0.088826,0.000000,-0.000000,-0.762,0.278,0.000000,0.000000,0.000000,0.000000,0.000000,0.000000,0,0.00
3.342000,0.917,0.091671,0.091671,4.280,-0.091671,0.000000,-0.000000,-0.788,0.286,0.000000,0.000000,0.000000,0.000000,0.000000,0.000000,0,0.00
3.344000,0.928,0.092795,0.092795,4.271,-0.092795,0.000000,-0.000000,-0.816,0.290,0.000000,0.000000,0.000000,0.000000,0.000000,0.000000,0,0.00
3.346000,0.963,0.096287,0.096287,4.244,-0.096287,0.000000,-0.000000,-0.865,0.301,0.000000,0.000000,0.000000,0.000000,0.000000,0.000000,0,0.00
3.348000,1.001,0.100076,0.100076,4.214,-0.100076,0.000000,-0.000000,-0.888,0.313,0.000000,0.000000,0.000000,0.000000,0.000000,0.000000,0,0.00
3.350000,1.036,0.103621,0.103621,4.187,-0.103621,0.000000,-0.000000,-0.917,0.324,0.000000,0.000000,0.000000,0.000000,0.000000,0.000000,0,0.00
3.352000,1.076,0.107646,0.107646,4.155,-0.107646,0.000000,-0.000000,-0.928,0.336,0.000000,0.000000,0.000000,0.000000,0.000000,0.000000,0,0.00
3.354000,1.106,0.110593,0.110593,4.132,-0.110593,0.000000,-0.000000,-0.963,0.346,0.000000,0.000000,0.000000,0.000000,0.000000,0.000000,0,0.00
3.356000,1.124,0.112441,0.112441,4.118,-0.112441,0.000000,-0.000000,-1.001,0.351,0.000000,0.000000,0.000000,0.000000,0.000000,0.000000,0,0.00
3.358000,1.160,0.116040,0.116040,4.090,-0.116040,0.000000,-0.000000,-1.036,0.363,0.000000,0.000000,0.000000,0.000000,0.000000,0.000000,0,0.00
3.360000,1.181,0.118118,0.118118,4.073,-0.118118,0.000000,-0.000000,-1.076,0.369,0.000000,0.000000,0.000000,0.000000,0.000000,0.000000,0,0.00
3.362000,1.196,0.119560,0.119560,4.062,-0.119560,0.000000,-0.000000,-1.106,0.374,0.000000,0.000000,0.000000,0.000000,0.000000,0.000000,0,0.00
3.364000,1.248,0.124848,0.124848,4.021,-0.124848,0.000000,-0.000000,-1.124,0.390,0.000000,0.000000,0.000000,0.000000,0.000000,0.000000,0,0.00
3.366000,1.246,0.124607,0.124607,4.023,-0.124607,0.000000,-0.000000,-1.160,0.389,0.000000,0.000000,0.000000,0.000000,0.000000,0.000000,0,0.00
3.368000,1.295,0.129504,0.129504,3.984,-0.129504,0.000000,-0.000000,-1.181,0.405,0.000000,0.000000,0.000000,0.000000,0.000000,0.000000,0,0.00
3.370000,1.314,0.131412,0.131412,3.970,-0.131412,0.000000,-0.000000,-1.196,0.411,0.000000,0.000000,0.000000,0.000000,0.000000,0.000000,0,0.00
3.372000,1.344,0.134350,0.134350,3.947,-0.134350,0.000000,-0.000000,-1.248,0.420,0.000000,0.000000,0.000000,0.000000,0.000000,0.000000,0,0.00
3.374000,1.363,0.136276,0.136276,3.932,-0.136276,0.000000,-0.000000,-1.246,0.426,0.000000,0.000000,0.000000,0.000000,0.000000,0.000000,0,0.00
3.376000,1.393,0.139342,0.139342,3.908,-0.139342,0.000000,-0.000000,-1.295,0.435,0.000000,0.000000,0.000000,0.000000,0.000000,0.000000,0,0.00
3.378000,1.401,0.140051,0.140051,3.902,-0.140051,0.000000,-0.000000,-1.314,0.438,0.000000,0.000000,0.000000,0.000000,0.000000,0.000000,0,0.00
3.380000,1.443,0.144264,0.144264,3.869,-0.144264,0.000000,-0.000000,-1.344,0.451,0.000000,0.000000,0.000000,0.000000,0.000000,0.000000,0,0.00
3.382000,1.455,0.145470,0.145470,3.860,-0.145470,0.000000,-0.000000,-1.363,0.455,0.000000,0.000000,0.000000,0.000000,0.000000,0.000000,0,0.00
3.384000,1.484,0.148431,0.148431,3.837,-0.148431,0.000000,-0.000000,-1.393,0.464,0.000000,0.000000,0.000000,0.000000,0.000000,0.000000,0,0.00
3.386000,1.502,0.150189,0.150189,3.823,-0.150189,0.000000,-0.000000,-1.401,0.469,0.000000,0.000000,0.000000,0.000000,0.000000,0.000000,0,0.00
3.388000,1.518,0.151848,0.151848,3.810,-0.151848,0.000000,-0.000000,-1.443,0.475,0.000000,0.000000,0.000000,0.000000,0.000000,0.000000,0,0.00
3.390000,1.547,0.154655,0.154655,3.788,-0.154655,0.000000,-0.000000,-1.455,0.483,0.000000,0.000000,0.000000,0.000000,0.000000,0.000000,0,0.00
3.392000,1.580,0.158009,0.158009,3.762,-0.158009,0.000000,-0.000000,-1.484,0.494,0.000000,0.000000,0.000000,0.000000,0.000000,0.000000,0,0.00
3.394000,1.598,0.159807,0.159807,3.748,-0.159807,0.000000,-0.000000,-1.502,0.499,0.000000,0.000000,0.000000,0.000000,0.000000,0.000000,0,0.00
3.396000,1.599,0.159945,0.159945,3.747,-0.159945,0.000000,-0.000000,-1.518,0.500,0.000000,0.000000,0.000000,0.000000,0.000000,0.000000,0,0.00
3.398000,1.638,0.163824,0.163824,3.717,-0.163824,0.000000,-0.000000,-1.547,0.512,0.000000,0.000000,0.000000,0.000000,0.000000,0.000000,0,0.00
3.400000,1.632,0.163177,0.163177,3.722,-0.163177,0.000000,-0.000000,0.000,0.510,0.000000,0.000000,0.000000,0.000000,0.000000,0.000000,0,0.00
3.402000,1.678,0.167841,0.167841,3.685,-0.167841,0.000000,-0.000000,0.000,0.525,0.000000,0.000000,0.000000,0.000000,0.000000,0.000000,0,0.00
3.404000,1.652,0.165249,0.165249,3.705,-0.165249,0.000000,-0.000000,0.000,0.516,0.000000,0.000000,0.000000,0.000000,0.000000,0.000000,0,0.00
3.406000,1.693,0.169328,0.169328,3.674,-0.169328,0.000000,-0.000000,0.000,0.529,0.000000,0.000000,0.000000,0.000000,0.000000,0.000000,0,0.00
3.408000,1.693,0.169312,0.169312,3.674,-0.169312,0.000000,-0.000000,-1.632,0.529,0.000000,0.000000,0.000000,0.000000,0.000000,0.000000,0,0.00
3.410000,1.714,0.171417,0.171417,3.657,-0.171417,0.000000,-0.000000,-1.678,0.536,0.000000,0.000000,0.000000,0.000000,0.000000,0.000000,0,0.00
3.412000,1.728,0.172844,0.172844,3.646,-0.172844,0.000000,-0.000000,-1.652,0.540,0.000000,0.000000,0.000000,0.000000,0.000000,0.000000,0,0.00
3.414000,1.733,0.173270,0.173270,3.643,-0.173270,0.000000,-0.000000,-1.693,0.541,0.000000,0.000000,0.000000,0.000000,0.000000,0.000000,0,0.00
3.416000,1.732,0.173224,0.173224,3.643,-0.173224,0.000000,-0.000000,-1.693,0.541,0.000000,0.000000,0.000000,0.000000,0.000000,0.000000,0,0.00
3.418000,1.744,0.174367,0.174367,3.634,-0.174367,0.000000,-0.000000,-1.714,0.545,0.000000,0.000000,0.000000,0.000000,0.000000,0.000000,0,0.00
3.420000,1.765,0.176479,0.176479,3.618,-0.176479,0.000000,-0.000000,-1.728,0.551,0.000000,0.000000,0.000000,0.000000,0.000000,0.000000,0,0.00
3.422000,1.799,0.179926,0.179926,3.591,-0.179926,0.000000,-0.000000,-1.733,0.562,0.000000,0.000000,0.000000,0.000000,0.000000,0.000000,0,0.00
3.424000,1.792,0.179177,0.179177,3.597,-0.179177,0.000000,-0.000000,-1.732,0.560,0.000000,0.000000,0.000000,0.000000,0.000000,0.000000,0,0.00
3.426000,1.788,0.178826,0.178826,3.600,-0.178826,0.000000,-0.000000,-1.744,0.559,0.000000,0.000000,0.000000,0.000000,0.000000,0.000000,0,0.00
3.428000,1.801,0.180101,0.180101,3.590,-0.180101,0.000000,-0.000000,-1.765,0.563,0.000000,0.000000,0.000000,0.000000,0.000000,0.000000,0,0.00
3.430000,1.816,0.181559,0.181559,3.578,-0.181559,0.000000,-0.000000,-1.799,0.567,0.000000,0.000000,0.000000,0.000000,0.000000,0.000000,0,0.00
3.432000,1.836,0.183631,0.183631,3.562,-0.183631,0.000000,-0.000000,-1.792,0.574,0.000000,0.000000,0.000000,0.000000,0.000000,0.000000,0,0.00
3.434000,1.830,0.183043,0.183043,3.567,-0.183043,0.000000,-0.000000,-1.788,0.572,0.000000,0.000000,0.000000,0.000000,0.000000,0.000000,0,0.00
3.436000,1.818,0.181790,0.181790,3.576,-0.181790,0.000000,-0.000000,-1.801,0.568,0.000000,0.000000,0.000000,0.000000,0.000000,0.000000,0,0.00
3.438000,1.828,0.182834,0.182834,3.568,-0.182834,0.000000,-0.000000,-1.816,0.571,0.000000,0.000000,0.000000,0.000000,0.000000,0.000000,0,0.00
3.440000,1.840,0.183988,0.183988,3.559,-0.183988,0.000000,-0.000000,-1.836,0.575,0.000000,0.000000,0.000000,0.000000,0.000000,0.000000,0,0.00
3.442000,1.824,0.182365,0.182365,3.572,-0.182365,0.000000,0.000000,-1.830,0.570,0.000000,0.000000,0.000000,0.000000,0.000000,0.000000,0,0.00
3.444000,1.830,0.182966,0.182966,3.567,-0.182966,0.000000,-0.000000,-1.818,0.572,0.000000,0.000000,0.000000,0.000000,0.000000,0.000000,0,0.00
3.446000,1.839,0.183855,0.183855,3.560,-0.183855,0.000000,-0.000000,-1.828,0.575,0.000000,0.000000,0.000000,0.000000,0.000000,0.000000,0,0.00
3.448000,1.843,0.184266,0.184266,3.557,-0.184266,0.000000,-0.000000,-1.840,0.576,0.000000,0.000000,0.000000,0.000000,0.000000,0.000000,0,0.00
3.450000,1.851,0.185075,0.185075,3.551,-0.185075,0.000000,-0.000000,-1.824,0.578,0.000000,0.000000,0.000000,0.000000,0.000000,0.000000,0,0.00
3.452000,1.836,0.183624,0.183624,3.562,-0.183624,0.000000,-0.000000,-1.830,0.574,0.000000,0.000000,0.000000,0.000000,0.000000,0.000000,0,0.00
3.454000,1.830,0.183020,0.183020,3.567,-0.183020,0.000000,-0.000000,-1.839,0.572,0.000000,0.000000,0.000000,0.000000,0.000000,0.000000,0,0.00
3.456000,1.836,0.183648,0.183648,3.562,-0.183648,0.000000,-0.000000,-1.843,0.574,0.000000,0.000000,0.000000,0.000000,0.000000,0.000000,0,0.00
3.458000,1.828,0.182802,0.182802,3.568,-0.182802,0.000000,0.000000,-1.851,0.571,0.000000,0.000000,0.000000,0.000000,0.000000,0.000000,0,0.00
3.460000,1.830,0.182965,0.182965,3.567,-0.182965,0.000000,0.000000,-1.836,0.572,0.000000,0.000000,0.000000,0.000000,0.000000,0.000000,0,0.00
3.462000,1.830,0.183007,0.183007,3.567,-0.183007,0.000000,0.000000,-1.830,0.572,0.000000,0.000000,0.000000,0.000000,0.000000,0.000000,0,0.00
3.464000,1.818,0.181814,0.181814,3.576,-0.181814,0.000000,0.000000,-1.836,0.568,0.000000,0.000000,0.000000,0.000000,0.000000,0.000000,0,0.00
3.466000,1.801,0.180079,0.180079,3.590,-0.180079,0.000000,0.000000,-1.828,0.563,0.000000,0.000000,0.000000,0.000000,0.000000,0.000000,0,0.00
3.468000,1.790,0.178989,0.178989,3.598,-0.178989,0.000000,0.000000,-1.830,0.559,0.000000,0.000000,0.000000,0.000000,0.000000,0.000000,0,0.00
3.470000,1.782,0.178202,0.178202,3.604,-0.178202,0.000000,0.000000,-1.830,0.557,0.000000,0.000000,0.000000,0.000000,0.000000,0.000000,0,0.00
3.472000,1.778,0.177797,0.177797,3.608,-0.177797,0.000000,0.000000,-1.818,0.556,0.000000,0.000000,0.000000,0.000000,0.000000,0.000000,0,0.00
3.474000,1.771,0.177147,0.177147,3.613,-0.177147,0.000000,0.000000,-1.801,0.554,0.000000,0.000000,0.000000,0.000000,0.000000,0.000000,0,0.00
3.476000,1.760,0.175964,0.175964,3.622,-0.175964,0.000000,0.000000,-1.790,0.550,0.000000,0.000000,0.000000,0.000000,0.000000,0.000000,0,0.00
3.478000,1.740,0.173966,0.173966,3.637,-0.173966,0.000000,0.000000,-1.782,0.544,0.000000,0.000000,0.000000,0.000000,0.000000,0.000000,0,0.00
3.480000,1.719,0.171871,0.171871,3.654,-0.171871,0.000000,0.000000,-1.778,0.537,0.000000,0.000000,0.000000,0.000000,0.000000,0.000000,0,0.00
3.482000,1.717,0.171691,0.171691,3.655,-0.171691,0.000000,0.000000,-1.771,0.537,0.000000,0.000000,0.000000,0.000000,0.000000,0.000000,0,0.00
3.484000,1.697,0.169746,0.169746,3.670,-0.169746,0.000000,0.000000,-1.760,0.530,0.000000,0.000000,0.000000,0.000000,0.000000,0.000000,0,0.00
3.486000,1.686,0.168642,0.168642,3.679,-0.168642,0.000000,0.000000,-1.740,0.527,0.000000,0.000000,0.000000,0.000000,0.000000,0.000000,0,0.00
3.488000,1.672,0.167186,0.167186,3.690,-0.167186,0.000000,0.000000,-1.719,0.522,0.000000,0.000000,0.000000,0.000000,0.000000,0.000000,0,0.00
3.490000,1.649,0.164948,0.164948,3.708,-0.164948,0.000000,0.000000,-1.717,0.515,0.000000,0.000000,0.000000,0.000000,0.000000,0.000000,0,0.00
3.492000,1.651,0.165115,0.165115,3.707,-0.165115,0.000000,0.000000,-1.697,0.516,0.000000,0.000000,0.000000,0.000000,0.000000,0.000000,0,0.00
3.494000,1.605,0.160510,0.160510,3.742,-0.160510,0.000000,0.000000,-1.686,0.502,0.000000,0.000000,0.000000,0.000000,0.000000,0.000000,0,0.00
3.496000,1.604,0.160364,0.160364,3.744,-0.160364,0.000000,0.000000,-1.672,0.501,0.000000,0.000000,0.000000,0.000000,0.000000,0.000000,0,0.00
3.498000,1.579,0.157867,0.157867,3.763,-0.157867,0.000000,0.000000,-1.649,0.493,0.000000,0.000000,0.000000,0.000000,0.000000,0.000000,0,0.00
3.500000,1.569,0.156852,0.156852,3.771,-0.156852,0.000000,-0.000000,0.000,0.490,0.000000,0.000000,0.000000,0.000000,0.000000,0.000000,0,0.00
3.502000,1.542,0.154227,0.154227,3.792,-0.154227,0.000000,0.000000,0.000,0.482,0.000000,0.000000,0.000000,0.000000,0.000000,0.000000,0,0.00
3.504000,1.521,0.152051,0.152051,3.808,-0.152051,0.000000,0.000000,0.000,0.475,0.000000,0.000000,0.000000,0.000000,0.000000,0.000000,0,0.00
3.506000,1.487,0.148729,0.148729,3.834,-0.148729,0.000000,0.000000,0.000,0.465,0.000000,0.000000,0.000000,0.000000,0.000000,0.000000,0,0.00
3.508000,1.479,0.147884,0.147884,3.841,-0.147884,0.000000,0.000000,-1.569,0.462,0.000000,0.000000,0.000000,0.000000,0.000000,0.000000,0,0.00
3.510000,1.437,0.143666,0.143666,3.874,-0.143666,0.000000,0.000000,-1.542,0.449,0.000000,0.000000,0.000000,0.000000,0.000000,0.000000,0,0.00
3.512000,1.427,0.142720,0.142720,3.881,-0.142720,0.000000,0.000000,-1.521,0.446,0.000000,0.000000,0.000000,0.000000,0.000000,0.000000,0,0.00
3.514000,1.386,0.138573,0.138573,3.914,-0.138573,0.000000,0.000000,-1.487,0.433,0.000000,0.000000,0.000000,0.000000,0.000000,0.000000,0,0.00
3.516000,1.394,0.139387,0.139387,3.907,-0.139387,0.000000,0.000000,-1.479,0.436,0.000000,0.000000,0.000000,0.000000,0.000000,0.000000,0,0.00
3.518000,1.348,0.134752,0.134752,3.944,-0.134752,0.000000,0.000000,-1.437,0.421,0.000000,0.000000,0.000000,0.000000,0.000000,0.000000,0,0.00
3.520000,1.322,0.132219,0.132219,3.963,-0.132219,0.000000,0.000000,-1.427,0.413,0.000000,0.000000,0.000000,0.000000,0.000000,0.000000,0,0.00
3.522000,1.287,0.128715,0.128715,3.991,-0.128715,0.000000,0.000000,-1.386,0.402,0.000000,0.000000,0.000000,0.000000,0.000000,0.000000,0,0.00
3.524000,1.246,0.124593,0.124593,4.023,-0.124593,0.000000,0.000000,-1.394,0.389,0.000000,0.000000,0.000000,0.000000,0.000000,0.000000,0,0.00
3.526000,1.217,0.121657,0.121657,4.046,-0.121657,0.000000,0.000000,-1.348,0.380,0.000000,0.000000,0.000000,0.000000,0.000000,0.000000,0,0.00
3.528000,1.200,0.120028,0.120028,4.058,-0.120028,0.000000,0.000000,-1.322,0.375,0.000000,0.000000,0.000000,0.000000,0.000000,0.000000,0,0.00
3.530000,1.162,0.116200,0.116200,4.088,-0.116200,0.000000,0.000000,-1.287,0.363,0.000000,0.000000,0.000000,0.000000,0.000000,0.000000,0,0.00
3.532000,1.141,0.114108,0.114108,4.105,-0.114108,0.000000,0.000000,-1.246,0.357,0.000000,0.000000,0.000000,0.000000,0.000000,0.000000,0,0.00
3.534000,1.106,0.110631,0.110631,4.132,-0.110631,0.000000,0.000000,-1.217,0.346,0.000000,0.000000,0.000000,0.000000,0.000000,0.000000,0,0.00
3.536000,1.074,0.107439,0.107439,4.157,-0.107439,0.000000,0.000000,-1.200,0.336,0.000000,0.000000,0.000000,0.000000,0.000000,0.000000,0,0.00
3.538000,1.046,0.104639,0.104639,4.179,-0.104639,0.000000,0.000000,-1.162,0.327,0.000000,0.000000,0.000000,0.000000,0.000000,0.000000,0,0.00
3.540000,1.008,0.100831,0.100831,4.208,-0.100831,0.000000,0.000000,-1.141,0.315,0.000000,0.000000,0.000000,0.000000,0.000000,0.000000,0,0.00
3.542000,0.957,0.095703,0.095703,4.248,-0.095703,0.000000,0.000000,-1.106,0.299,0.000000,0.000000,0.000000,0.000000,0.000000,0.000000,0,0.00
3.544000,0.942,0.094168,0.094168,4.260,-0.094168,0.000000,0.000000,-1.074,0.294,0.000000,0.000000,0.000000,0.000000,0.000000,0.000000,0,0.00
3.546000,0.900,0.090002,0.090002,4.293,-0.090002,0.000000,0.000000,-1.046,0.281,0.000000,0.000000,0.000000,0.000000,0.000000,0.000000,0,0.00
3.548000,0.873,0.087336,0.087336,4.314,-0.087336,0.000000,0.000000,-1.008,0.273,0.000000,0.000000,0.000000,0.000000,0.000000,0.000000,0,0.00
3.550000,0.831,0.083092,0.083092,4.347,-0.083092,0.000000,0.000000,-0.957,0.260,0.000000,0.000000,0.000000,0.000000,0.000000,0.000000,0,0.00
3.552000,0.804,0.080419,0.080419,4.368,-0.080419,0.000000,0.000000,-0.942,0.251,0.000000,0.000000,0.000000,0.000000,0.000000,0.000000,0,0.00
3.554000,0.759,0.075850,0.075850,4.403,-0.075850,0.000000,0.000000,-0.900,0.237,0.000000,0.000000,0.000000,0.000000,0.000000,0.000000,0,0.00
3.556000,0.725,0.072546,0.072546,4.429,-0.072546,0.000000,0.000000,-0.873,0.227,0.000000,0.000000,0.000000,0.000000,0.000000,0.000000,0,0.00
3.558000,0.694,0.069429,0.069429,4.453,-0.069429,0.000000,0.000000,-0.831,0.217,0.000000,0.000000,0.000000,0.000000,0.000000,0.000000,0,0.00
3.560000,0.637,0.063665,0.063665,4.498,-0.063665,0.000000,0.000000,-0.804,0.199,0.000000,0.000000,0.000000,0.000000,0.000000,0.000000,0,0.00
3.562000,0.599,0.059920,0.059920,4.528,-0.059920,0.000000,0.000000,-0.759,0.187,0.000000,0.000000,0.000000,0.000000,0.000000,0.000000,0,0.00
3.564000,0.569,0.056865,0.056865,4.551,-0.056865,0.000000,0.000000,-0.725,0.178,0.000000,0.000000,0.000000,0.000000,0.000000,0.000000,0,0.00
3.566000,0.528,0.052838,0.052838,4.583,-0.052838,0.000000,0.000000,-0.694,0.165,0.000000,0.000000,0.000000,0.000000,0.000000,0.000000,0,0.00
3.568000,0.480,0.048025,0.048025,4.620,-0.048025,0.000000,0.000000,-0.637,0.150,0.000000,0.000000,0.000000,0.000000,0.000000,0.000000,0,0.00
3.570000,0.448,0.044760,0.044760,4.646,-0.044760,0.000000,0.000000,-0.599,0.140,0.000000,0.000000,0.000000,0.000000,0.000000,0.000000,0,0.00
3.572000,0.405,0.040496,0.040496,4.679,-0.040496,0.000000,0.000000,-0.569,0.127,0.000000,0.000000,0.000000,0.000000,0.000000,0.000000,0,0.00
3.574000,0.362,0.036188,0.036188,4.713,-0.036188,0.000000,0.000000,-0.528,0.113,0.000000,0.000000,0.000000,0.000000,0.000000,0.000000,0,0.00
3.576000,0.327,0.032691,0.032691,4.740,-0.032691,0.000000,0.000000,-0.480,0.102,0.000000,0.000000,0.000000,0.000000,0.000000,0.000000,0,0.00
3.578000,0.268,0.026833,0.026833,4.786,-0.026833,0.000000,0.000000,-0.448,0.084,0.000000,0.000000,0.000000,0.000000,0.000000,0.000000,0,0.00
3.580000,0.229,0.022876,0.022876,4.817,-0.022876,0.000000,0.000000,-0.405,0.071,0.000000,0.000000,0.000000,0.000000,0.000000,0.000000,0,0.00
3.582000,0.182,0.018237,0.018237,4.853,-0.018237,0.000000,0.000000,-0.362,0.057,0.000000,0.000000,0.000000,0.000000,0.000000,0.000000,0,0.00
3.584000,0.139,0.013852,0.013852,4.887,-0.013852,0.000000,0.000000,-0.327,0.043,0.000000,0.000000,0.000000,0.000000,0.000000,0.000000,0,0.00
3.586000,0.091,0.009077,0.009077,4.924,-0.009077,0.000000,0.000000,-0.268,0.028,0.000000,0.000000,0.000000,0.000000,0.000000,0.000000,0,0.00
3.588000,0.071,0.007082,0.007082,4.940,-0.007082,0.000000,0.000000,-0.229,0.022,0.000000,0.000000,0.000000,0.000000,0.000000,0.000000,0,0.00
3.590000,0.026,0.002615,0.002615,4.975,-0.002615,0.000000,0.000000,-0.182,0.008,0.000000,0.000000,0.000000,0.000000,0.000000,0.000000,0,0.00
3.592000,-0.024,-0.002359,-0.002359,4.977,0.002359,0.000000,0.000000,-0.139,0.007,0.000000,0.000000,0.000000,0.000000,0.000000,0.000000,0,0.00
3.594000,-0.076,-0.007640,-0.007640,4.936,0.007640,0.000000,0.000000,-0.091,0.024,0.000000,0.000000,0.000000,0.000000,0.000000,0.000000,0,0.00
3.596000,-0.105,-0.010490,-0.010490,4.913,0.010490,0.000000,0.000000,-0.071,0.033,0.000000,0.000000,0.000000,0.000000,0.000000,0.000000,0,0.00
3.598000,-0.154,-0.015404,-0.015404,4.875,0.015404,0.000000,0.000000,-0.026,0.048,0.000000,0.000000,0.000000,0.000000,0.000000,0.000000,0,0.00
3.600000,-0.202,-0.020244,-0.020244,4.837,0.020244,0.000000,0.000000,0.000,0.063,0.000000,0.000000,0.000000,0.000000,0.000000,0.000000,0,0.00
3.602000,-0.242,-0.024224,-0.024224,4.806,0.024224,0.000000,0.000000,0.000,0.076,0.000000,0.000000,0.000000,0.000000,0.000000,0.000000,0,0.00
3.604000,-0.292,-0.029245,-0.029245,4.767,0.029245,0.000000,0.000000,0.000,0.091,0.000000,0.000000,0.000000,0.000000,0.000000,0.000000,0,0.00
3.606000,-0.319,-0.031925,-0.031925,4.746,0.031925,0.000000,0.000000,0.000,0.100,0.000000,0.000000,0.000000,0.000000,0.000000,0.000000,0,0.00
3.608000,-0.384,-0.038353,-0.038353,4.696,0.038353,0.000000,0.000000,0.202,0.120,0.000000,0.000000,0.000000,0.000000,0.000000,0.000000,0,0.00
3.610000,-0.416,-0.041649,-0.041649,4.670,0.041649,0.000000,0.000000,0.242,0.130,0.000000,0.000000,0.000000,0.000000,0.000000,0.000000,0,0.00
3.612000,-0.459,-0.045947,-0.045947,4.637,0.045947,0.000000,0.000000,0.292,0.144,0.000000,0.000000,0.000000,0.000000,0.000000,0.000000,0,0.00
3.614000,-0.509,-0.050925,-0.050925,4.598,0.050925,0.000000,0.000000,0.319,0.159,0.000000,0.000000,0.000000,0.000000,0.000000,0.000000,0,0.00
3.616000,-0.546,-0.054595,-0.054595,4.569,0.054595,0.000000,0.000000,0.384,0.171,0.000000,0.000000,0.000000,0.000000,0.000000,0.000000,0,0.00
3.618000,-0.584,-0.058410,-0.058410,4.539,0.058410,0.000000,0.000000,0.416,0.183,0.000000,0.000000,0.000000,0.000000,0.000000,0.000000,0,0.00
3.620000,-0.649,-0.064903,-0.064903,4.489,0.064903,0.000000,0.000000,0.459,0.203,0.000000,0.000000,0.000000,0.000000,0.000000,0.000000,0,0.00
3.622000,-0.684,-0.068394,-0.068394,4.461,0.068394,0.000000,0.000000,0.509,0.214,0.000000,0.000000,0.000000,0.000000,0.000000,0.000000,0,0.00
3.624000,-0.733,-0.073338,-0.073338,4.423,0.073338,0.000000,0.000000,0.546,0.229,0.000000,0.000000,0.000000,0.000000,0.000000,0.000000,0,0.00
3.626000,-0.769,-0.076948,-0.076948,4.395,0.076948,0.000000,0.000000,0.584,0.240,0.000000,0.000000,0.000000,0.000000,0.000000,0.000000,0,0.00
3.628000,-0.814,-0.081377,-0.081377,4.360,0.081377,0.000000,0.000000,0.649,0.254,0.000000,0.000000,0.000000,0.000000,0.000000,0.000000,0,0.00
3.630000,-0.858,-0.085825,-0.085825,4.325,0.085825,0.000000,0.000000,0.684,0.268,0.000000,0.000000,0.000000,0.000000,0.000000,0.000000,0,0.00
3.632000,-0.898,-0.089799,-0.089799,4.294,0.089799,0.000000,0.000000,0.733,0.281,0.000000,0.000000,0.000000,0.000000,0.000000,0.000000,0,0.00
3.634000,-0.919,-0.091949,-0.091949,4.278,0.091949,0.000000,0.000000,0.769,0.287,0.000000,0.000000,0.000000,0.000000,0.000000,0.000000,0,0.00
3.636000,-0.985,-0.098508,-0.098508,4.226,0.098508,0.000000,0.000000,0.814,0.308,0.000000,0.000000,0.000000,0.000000,0.000000,0.000000,0,0.00
3.638000,-1.037,-0.103666,-0.103666,4.186,0.103666,0.000000,0.000000,0.858,0.324,0.000000,0.000000,0.000000,0.000000,0.000000,0.000000,0,0.00
3.640000,-1.063,-0.106256,-0.106256,4.166,0.106256,0.000000,0.000000,0.898,0.332,0.000000,0.000000,0.000000,0.000000,0.000000,0.000000,0,0.00
3.642000,-1.096,-0.109565,-0.109565,4.140,0.109565,0.000000,0.000000,0.919,0.342,0.000000,0.000000,0.000000,0.000000,0.000000,0.000000,0,0.00
3.644000,-1.162,-0.116201,-0.116201,4.088,0.116201,0.000000,0.000000,0.985,0.363,0.000000,0.000000,0.000000,0.000000,0.000000,0.000000,0,0.00
3.646000,-1.200,-0.119962,-0.119962,4.059,0.119962,0.000000,0.000000,1.037,0.375,0.000000,0.000000,0.000000,0.000000,0.000000,0.000000,0,0.00
3.648000,-1.229,-0.122929,-0.122929,4.036,0.122929,0.000000,0.000000,1.063,0.384,0.000000,0.000000,0.000000,0.000000,0.000000,0.000000,0,0.00
3.650000,-1.275,-0.127493,-0.127493,4.000,0.127493,0.000000,0.000000,1.096,0.398,0.000000,0.000000,0.000000,0.000000,0.000000,0.000000,0,0.00
3.652000,-1.312,-0.131220,-0.131220,3.971,0.131220,0.000000,0.000000,1.162,0.410,0.000000,0.000000,0.000000,0.000000,0.000000,0.000000,0,0.00
3.654000,-1.328,-0.132788,-0.132788,3.959,0.132788,0.000000,0.000000,1.200,0.415,0.000000,0.000000,0.000000,0.000000,0.000000,0.000000,0,0.00
3.656000,-1.386,-0.138624,-0.138624,3.913,0.138624,0.000000,0.000000,1.229,0.433,0.000000,0.000000,0.000000,0.000000,0.000000,0.000000,0,0.00
3.658000,-1.435,-0.143523,-0.143523,3.875,0.143523,0.000000,0.000000,1.275,0.449,0.000000,0.000000,0.000000,0.000000,0.000000,0.000000,0,0.00
3.660000,-1.469,-0.146942,-0.146942,3.848,0.146942,0.000000,0.000000,1.312,0.459,0.000000,0.000000,0.000000,0.000000,0.000000,0.000000,0,0.00
3.662000,-1.500,-0.150030,-0.150030,3.824,0.150030,0.000000,0.000000,1.328,0.469,0.000000,0.000000,0.000000,0.000000,0.000000,0.000000,0,0.00
3.664000,-1.528,-0.152810,-0.152810,3.803,0.152810,0.000000,0.000000,1.386,0.478,0.000000,0.000000,0.000000,0.000000,0.000000,0.000000,0,0.00
3.666000,-1.563,-0.156301,-0.156301,3.775,0.156301,0.000000,0.000000,1.435,0.488,0.000000,0.000000,0.000000,0.000000,0.000000,0.000000,0,0.00
3.668000,-1.600,-0.160024,-0.160024,3.746,0.160024,0.000000,0.000000,1.469,0.500,0.000000,0.000000,0.000000,0.000000,0.000000,0.000000,0,0.00
3.670000,-1.637,-0.163664,-0.163664,3.718,0.163664,0.000000,0.000000,1.500,0.511,0.000000,0.000000,0.000000,0.000000,0.000000,0.000000,0,0.00
3.672000,-1.667,-0.166680,-0.166680,3.694,0.166680,0.000000,0.000000,1.528,0.521,0.000000,0.000000,0.000000,0.000000,0.000000,0.000000,0,0.00
3.674000,-1.714,-0.171390,-0.171390,3.658,0.171390,0.000000,0.000000,1.563,0.536,0.000000,0.000000,0.000000,0.000000,0.000000,0.000000,0,0.00
3.676000,-1.745,-0.174531,-0.174531,3.633,0.174531,0.000000,0.000000,1.600,0.545,0.000000,0.000000,0.000000,0.000000,0.000000,0.000000,0,0.00
3.678000,-1.795,-0.179499,-0.179499,3.594,0.179499,0.000000,0.000000,1.637,0.561,0.000000,0.000000,0.000000,0.000000,0.000000,0.000000,0,0.00
3.680000,-1.796,-0.179561,-0.179561,3.594,0.179561,0.000000,0.000000,1.667,0.561,0.000000,0.000000,0.000000,0.000000,0.000000,0.000000,0,0.00
3.682000,-1.857,-0.185657,-0.185657,3.546,0.185657,0.000000,0.000000,1.714,0.580,0.000000,0.000000,0.000000,0.000000,0.000000,0.000000,0,0.00
3.684000,-1.871,-0.187103,-0.187103,3.535,0.187103,0.000000,0.000000,1.745,0.585,0.000000,0.000000,0.000000,0.000000,0.000000,0.000000,0,0.00
3.686000,-1.910,-0.191020,-0.191020,3.504,0.191020,0.000000,0.000000,1.795,0.597,0.000000,0.000000,0.000000,0.000000,0.000000,0.000000,0,0.00
3.688000,-1.916,-0.191613,-0.191613,3.500,0.191613,0.000000,0.000000,1.796,0.599,0.000000,0.000000,0.000000,0.000000,0.000000,0.000000,0,0.00
3.690000,-1.978,-0.197832,-0.197832,3.451,0.197832,0.000000,0.000000,1.857,0.618,0.000000,0.000000,0.000000,0.000000,0.000000,0.000000,0,0.00
3.692000,-1.987,-0.198665,-0.198665,3.445,0.198665,0.000000,0.000000,1.871,0.621,0.000000,0.000000,0.000000,0.000000,0.000000,0.000000,0,0.00
3.694000,-2.018,-0.201770,-0.201770,3.420,0.201770,0.000000,0.000000,1.910,0.631,0.000000,0.000000,0.000000,0.000000,0.000000,0.000000,0,0.00
3.696000,-2.053,-0.205263,-0.205263,3.393,0.205263,0.000000,0.000000,1.916,0.641,0.000000,0.000000,0.000000,0.000000,0.000000,0.000000,0,0.00
3.698000,-2.058,-0.205828,-0.205828,3.389,0.205828,0.000000,0.000000,1.978,0.643,0.000000,0.000000,0.000000,0.000000,0.000000,0.000000,0,0.00
3.700000,-2.097,-0.209654,-0.209654,3.359,0.209654,0.000000,0.000000,0.000,0.655,0.000000,0.000000,0.000000,0.000000,0.000000,0.000000,0,0.00
3.702000,-2.120,-0.212021,-0.212021,3.340,0.212021,0.000000,0.000000,0.000,0.663,0.000000,0.000000,0.000000,0.000000,0.000000,0.000000,0,0.00
3.704000,-2.143,-0.214304,-0.214304,3.323,0.214304,0.000000,0.000000,0.000,0.670,0.000000,0.000000,0.000000,0.000000,0.000000,0.000000,0,0.00
3.706000,-2.156,-0.215590,-0.215590,3.313,0.215590,0.000000,0.000000,0.000,0.674,0.000000,0.000000,0.000000,0.000000,0.000000,0.000000,0,0.00
3.708000,-2.171,-0.217051,-0.217051,3.301,0.217051,0.000000,0.000000,2.097,0.678,0.000000,0.000000,0.000000,0.000000,0.000000,0.000000,0,0.00
3.710000,-2.188,-0.218816,-0.218816,3.287,0.218816,0.000000,0.000000,2.120,0.684,0.000000,0.000000,0.000000,0.000000,0.000000,0.000000,0,0.00
3.712000,-2.222,-0.222230,-0.222230,3.261,0.222230,0.000000,0.000000,2.143,0.694,0.000000,0.000000,0.000000,0.000000,0.000000,0.000000,0,0.00
3.714000,-2.233,-0.223285,-0.223285,3.253,0.223285,0.000000,0.000000,2.156,0.698,0.000000,0.000000,0.000000,0.000000,0.000000,0.000000,0,0.00
3.716000,-2.248,-0.224844,-0.224844,3.240,0.224844,0.000000,0.000000,2.171,0.703,0.000000,0.000000,0.000000,0.000000,0.000000,0.000000,0,0.00
3.718000,-2.272,-0.227243,-0.227243,3.222,0.227243,0.000000,0.000000,2.188,0.710,0.000000,0.000000,0.000000,0.000000,0.000000,0.000000,0,0.00
3.720000,-2.276,-0.227559,-0.227559,3.219,0.227559,0.000000,0.000000,2.222,0.711,0.000000,0.000000,0.000000,0.000000,0.000000,0.000000,0,0.00
3.722000,-2.302,-0.230218,-0.230218,3.198,0.230218,0.000000,0.000000,2.233,0.719,0.000000,0.000000,0.000000,0.000000,0.000000,0.000000,0,0.00
3.724000,-2.321,-0.232124,-0.232124,3.184,0.232124,0.000000,0.000000,2.248,0.725,0.000000,0.000000,0.000000,0.000000,0.000000,0.000000,0,0.00
3.726000,-2.331,-0.233082,-0.233082,3.176,0.233082,0.000000,0.000000,2.272,0.728,0.000000,0.000000,0.000000,0.000000,0.000000,0.000000,0,0.00
3.728000,-2.352,-0.235172,-0.235172,3.160,0.235172,0.000000,0.000000,2.276,0.735,0.000000,0.000000,0.000000,0.000000,0.000000,0.000000,0,0.00
3.730000,-2.357,-0.235687,-0.235687,3.156,0.235687,0.000000,0.000000,2.302,0.737,0.000000,0.000000,0.000000,0.000000,0.000000,0.000000,0,0.00
3.732000,-2.377,-0.237665,-0.237665,3.140,0.237665,0.000000,0.000000,2.321,0.743,0.000000,0.000000,0.000000,0.000000,0.000000,0.000000,0,0.00
3.734000,-2.383,-0.238311,-0.238311,3.135,0.238311,0.000000,0.000000,2.331,0.745,0.000000,0.000000,0.000000,0.000000,0.000000,0.000000,0,0.00
3.736000,-2.384,-0.238368,-0.238368,3.135,0.238368,0.000000,0.000000,2.352,0.745,0.000000,0.000000,0.000000,0.000000,0.000000,0.000000,0,0.00
3.738000,-2.410,-0.241036,-0.241036,3.114,0.241036,0.000000,0.000000,2.357,0.753,0.000000,0.000000,0.000000,0.000000,0.000000,0.000000,0,0.00
3.740000,-2.418,-0.241818,-0.241818,3.108,0.241818,0.000000,0.000000,2.377,0.756,0.000000,0.000000,0.000000,0.000000,0.000000,0.000000,0,0.00
3.742000,-2.404,-0.240431,-0.240431,3.119,0.240431,0.000000,0.000000,2.383,0.751,0.000000,0.000000,0.000000,0.000000,0.000000,0.000000,0,0.00
3.744000,-2.395,-0.239510,-0.239510,3.126,0.239510,0.000000,0.000000,2.384,0.748,0.000000,0.000000,0.000000,0.000000,0.000000,0.000000,0,0.00
3.746000,-2.428,-0.242800,-0.242800,3.100,0.242800,0.000000,0.000000,2.410,0.759,0.000000,0.000000,0.000000,0.000000,0.000000,0.000000,0,0.00
3.748000,-2.415,-0.241451,-0.241451,3.111,0.241451,0.000000,0.000000,2.418,0.755,0.000000,0.000000,0.000000,0.000000,0.000000,0.000000,0,0.00
3.750000,-2.431,-0.243112,-0.243112,3.098,0.243112,0.000000,0.000000,2.404,0.760,0.000000,0.000000,0.000000,0.000000,0.000000,0.000000,0,0.00
3.752000,-2.420,-0.241973,-0.241973,3.107,0.241973,0.000000,0.000000,2.395,0.756,0.000000,0.000000,0.000000,0.000000,0.000000,0.000000,0,0.00
3.754000,-2.422,-0.242222,-0.242222,3.105,0.242222,0.000000,0.000000,2.428,0.757,0.000000,0.000000,0.000000,0.000000,0.000000,0.000000,0,0.00
3.756000,-2.423,-0.242265,-0.242265,3.104,0.242265,0.000000,-0.000000,2.415,0.757,0.000000,0.000000,0.000000,0.000000,0.000000,0.000000,0,0.00
3.758000,-2.420,-0.241959,-0.241959,3.107,0.241959,0.000000,0.000000,2.431,0.756,0.000000,0.000000,0.000000,0.000000,0.000000,0.000000,0,0.00
3.760000,-2.401,-0.240070,-0.240070,3.121,0.240070,0.000000,-0.000000,2.420,0.750,0.000000,0.000000,0.000000,0.000000,0.000000,0.000000,0,0.00
3.762000,-2.394,-0.239407,-0.239407,3.127,0.239407,0.000000,-0.000000,2.422,0.748,0.000000,0.000000,0.000000,0.000000,0.000000,0.000000,0,0.00
3.764000,-2.387,-0.238720,-0.238720,3.132,0.238720,0.000000,-0.000000,2.423,0.746,0.000000,0.000000,0.000000,0.000000,0.000000,0.000000,0,0.00
3.766000,-2.385,-0.238549,-0.238549,3.133,0.238549,0.000000,-0.000000,2.420,0.745,0.000000,0.000000,0.000000,0.000000,0.000000,0.000000,0,0.00
3.768000,-2.389,-0.238863,-0.238863,3.131,0.238863,0.000000,-0.000000,2.401,0.746,0.000000,0.000000,0.000000,0.000000,0.000000,0.000000,0,0.00
3.770000,-2.389,-0.238853,-0.238853,3.131,0.238853,0.000000,-0.000000,2.394,0.746,0.000000,0.000000,0.000000,0.000000,0.000000,0.000000,0,0.00
3.772000,-2.369,-0.236900,-0.236900,3.146,0.236900,0.000000,-0.000000,2.387,0.740,0.000000,0.000000,0.000000,0.000000,0.000000,0.000000,0,0.00
3.774000,-2.383,-0.238292,-0.238292,3.135,0.238292,0.000000,-0.000000,2.385,0.745,0.000000,0.000000,0.000000,0.000000,0.000000,0.000000,0,0.00
3.776000,-2.358,-0.235768,-0.235768,3.155,0.235768,0.000000,-0.000000,2.389,0.737,0.000000,0.000000,0.000000,0.000000,0.000000,0.000000,0,0.00
3.778000,-2.343,-0.234337,-0.234337,3.166,0.234337,0.000000,-0.000000,2.389,0.732,0.000000,0.000000,0.000000,0.000000,0.000000,0.000000,0,0.00
3.780000,-2.328,-0.232785,-0.232785,3.178,0.232785,0.000000,-0.000000,2.369,0.727,0.000000,0.000000,0.000000,0.000000,0.000000,0.000000,0,0.00
3.782000,-2.316,-0.231601,-0.231601,3.188,0.231601,0.000000,-0.000000,2.383,0.724,0.000000,0.000000,0.000000,0.000000,0.000000,0.000000,0,0.00
3.784000,-2.289,-0.228871,-0.228871,3.209,0.228871,0.000000,-0.000000,2.358,0.715,0.000000,0.000000,0.000000,0.000000,0.000000,0.000000,0,0.00
3.786000,-2.268,-0.226834,-0.226834,3.225,0.226834,0.000000,-0.000000,2.343,0.709,0.000000,0.000000,0.000000,0.000000,0.000000,0.000000,0,0.00
3.788000,-2.256,-0.225614,-0.225614,3.234,0.225614,0.000000,-0.000000,2.328,0.705,0.000000,0.000000,0.000000,0.000000,0.000000,0.000000,0,0.00
3.790000,-2.254,-0.225397,-0.225397,3.236,0.225397,0.000000,-0.000000,2.316,0.704,0.000000,0.000000,0.000000,0.000000,0.000000,0.000000,0,0.00
3.792000,-2.213,-0.221303,-0.221303,3.268,0.221303,0.000000,-0.000000,2.289,0.692,0.000000,0.000000,0.000000,0.000000,0.000000,0.000000,0,0.00
3.794000,-2.212,-0.221155,-0.221155,3.269,0.221155,0.000000,-0.000000,2.268,0.691,0.000000,0.000000,0.000000,0.000000,0.000000,0.000000,0,0.00
3.796000,-2.169,-0.216870,-0.216870,3.303,0.216870,0.000000,-0.000000,2.256,0.678,0.000000,0.000000,0.000000,0.000000,0.000000,0.000000,0,0.00
3.798000,-2.163,-0.216339,-0.216339,3.307,0.216339,0.000000,-0.000000,2.254,0.676,0.000000,0.000000,0.000000,0.000000,0.000000,0.000000,0,0.00
3.800000,-2.142,-0.214241,-0.214241,3.323,0.214241,0.000000,0.000000,0.000,0.670,0.000000,0.000000,0.000000,0.000000,0.000000,0.000000,0,0.00
3.802000,-2.116,-0.211626,-0.211626,3.344,0.211626,0.000000,-0.000000,0.000,0.661,0.000000,0.000000,0.000000,0.000000,0.000000,0.000000,0,0.00
3.804000,-2.093,-0.209313,-0.209313,3.362,0.209313,0.000000,-0.000000,0.000,0.654,0.000000,0.000000,0.000000,0.000000,0.000000,0.000000,0,0.00
3.806000,-2.071,-0.207142,-0.207142,3.379,0.207142,0.000000,-0.000000,0.000,0.647,0.000000,0.000000,0.000000,0.000000,0.000000,0.000000,0,0.00
3.808000,-2.059,-0.205931,-0.205931,3.388,0.205931,0.000000,-0.000000,2.142,0.644,0.000000,0.000000,0.000000,0.000000,0.000000,0.000000,0,0.00
3.810000,-2.009,-0.200897,-0.200897,3.427,0.200897,0.000000,-0.000000,2.116,0.628,0.000000,0.000000,0.000000,0.000000,0.000000,0.000000,0,0.00
3.812000,-1.974,-0.197354,-0.197354,3.455,0.197354,0.000000,-0.000000,2.093,0.617,0.000000,0.000000,0.000000,0.000000,0.000000,0.000000,0,0.00
3.814000,-1.958,-0.195800,-0.195800,3.467,0.195800,0.000000,-0.000000,2.071,0.612,0.000000,0.000000,0.000000,0.000000,0.000000,0.000000,0,0.00
3.816000,-1.939,-0.193898,-0.193898,3.482,0.193898,0.000000,-0.000000,2.059,0.606,0.000000,0.000000,0.000000,0.000000,0.000000,0.000000,0,0.00
3.818000,-1.886,-0.188623,-0.188623,3.523,0.188623,0.000000,-0.000000,2.009,0.589,0.000000,0.000000,0.000000,0.000000,0.000000,0.000000,0,0.00
3.820000,-1.852,-0.185224,-0.185224,3.550,0.185224,0.000000,-0.000000,1.974,0.579,0.000000,0.000000,0.000000,0.000000,0.000000,0.000000,0,0.00
3.822000,-1.835,-0.183475,-0.183475,3.563,0.183475,0.000000,-0.000000,1.958,0.573,0.000000,0.000000,0.000000,0.000000,0.000000,0.000000,0,0.00
3.824000,-1.809,-0.180940,-0.180940,3.583,0.180940,0.000000,-0.000000,1.939,0.565,0.000000,0.000000,0.000000,0.000000,0.000000,0.000000,0,0.00
3.826000,-1.767,-0.176690,-0.176690,3.616,0.176690,0.000000,-0.000000,1.886,0.552,0.000000,0.000000,0.000000,0.000000,0.000000,0.000000,0,0.00
3.828000,-1.716,-0.171596,-0.171596,3.656,0.171596,0.000000,-0.000000,1.852,0.536,0.000000,0.000000,0.000000,0.000000,0.000000,0.000000,0,0.00
3.830000,-1.691,-0.169051,-0.169051,3.676,0.169051,0.000000,-0.000000,1.835,0.528,0.000000,0.000000,0.000000,0.000000,0.000000,0.000000,0,0.00
3.832000,-1.663,-0.166337,-0.166337,3.697,0.166337,0.000000,-0.000000,1.809,0.520,0.000000,0.000000,0.000000,0.000000,0.000000,0.000000,0,0.00
3.834000,-1.607,-0.160652,-0.160652,3.741,0.160652,0.000000,-0.000000,1.767,0.502,0.000000,0.000000,0.000000,0.000000,0.000000,0.000000,0,0.00
3.836000,-1.591,-0.159082,-0.159082,3.754,0.159082,0.000000,-0.000000,1.716,0.497,0.000000,0.000000,0.000000,0.000000,0.000000,0.000000,0,0.00
3.838000,-1.533,-0.153271,-0.153271,3.799,0.153271,0.000000,-0.000000,1.691,0.479,0.000000,0.000000,0.000000,0.000000,0.000000,0.000000,0,0.00
3.840000,-1.503,-0.150267,-0.150267,3.822,0.150267,0.000000,-0.000000,1.663,0.470,0.000000,0.000000,0.000000,0.000000,0.000000,0.000000,0,0.00
3.842000,-1.465,-0.146503,-0.146503,3.852,0.146503,0.000000,-0.000000,1.607,0.458,0.000000,0.000000,0.000000,0.000000,0.000000,0.000000,0,0.00
3.844000,-1.408,-0.140823,-0.140823,3.896,0.140823,0.000000,-0.000000,1.591,0.440,0.000000,0.000000,0.000000,0.000000,0.000000,0.000000,0,0.00
3.846000,-1.391,-0.139066,-0.139066,3.910,0.139066,0.000000,-0.000000,1.533,0.435,0.000000,0.000000,0.000000,0.000000,0.000000,0.000000,0,0.00
3.848000,-1.338,-0.133801,-0.133801,3.951,0.133801,0.000000,-0.000000,1.503,0.418,0.000000,0.000000,0.000000,0.000000,0.000000,0.000000,0,0.00
3.850000,-1.295,-0.129495,-0.129495,3.985,0.129495,0.000000,-0.000000,1.465,0.405,0.000000,0.000000,0.000000,0.000000,0.000000,0.000000,0,0.00
3.852000,-1.251,-0.125134,-0.125134,4.019,0.125134,0.000000,-0.000000,1.408,0.391,0.000000,0.000000,0.000000,0.000000,0.000000,0.000000,0,0.00
3.854000,-1.199,-0.119937,-0.119937,4.059,0.119937,0.000000,-0.000000,1.391,0.375,0.000000,0.000000,0.000000,0.000000,0.000000,0.000000,0,0.00
3.856000,-1.134,-0.113360,-0.113360,4.110,0.113360,0.000000,-0.000000,1.338,0.354,0.000000,0.000000,0.000000,0.000000,0.000000,0.000000,0,0.00
3.858000,-1.129,-0.112893,-0.112893,4.114,0.112893,0.000000,-0.000000,1.295,0.353,0.000000,0.000000,0.000000,0.000000,0.000000,0.000000,0,0.00
3.860000,-1.082,-0.108190,-0.108190,4.151,0.108190,0.000000,-0.000000,1.251,0.338,0.000000,0.000000,0.000000,0.000000,0.000000,0.000000,0,0.00
3.862000,-1.003,-0.100259,-0.100259,4.213,0.100259,0.000000,-0.000000,1.199,0.313,0.000000,0.000000,0.000000,0.000000,0.000000,0.000000,0,0.00
3.864000,-0.959,-0.095852,-0.095852,4.247,0.095852,0.000000,-0.000000,1.134,0.300,0.000000,0.000000,0.000000,0.000000,0.000000,0.000000,0,0.00
3.866000,-0.933,-0.093342,-0.093342,4.267,0.093342,0.000000,-0.000000,1.129,0.292,0.000000,0.000000,0.000000,0.000000,0.000000,0.000000,0,0.00
3.868000,-0.863,-0.086347,-0.086347,4.321,0.086347,0.000000,-0.000000,1.082,0.270,0.000000,0.000000,0.000000,0.000000,0.000000,0.000000,0,0.00
3.870000,-0.819,-0.081931,-0.081931,4.356,0.081931,0.000000,-0.000000,1.003,0.256,0.000000,0.000000,0.000000,0.000000,0.000000,0.000000,0,0.00
3.872000,-0.775,-0.077498,-0.077498,4.390,0.077498,0.000000,-0.000000,0.959,0.242,0.000000,0.000000,0.000000,0.000000,0.000000,0.000000,0,0.00
3.874000,-0.718,-0.071825,-0.071825,4.435,0.071825,0.000000,-0.000000,0.933,0.224,0.000000,0.000000,0.000000,0.000000,0.000000,0.000000,0,0.00
3.876000,-0.679,-0.067889,-0.067889,4.465,0.067889,0.000000,-0.000000,0.863,0.212,0.000000,0.000000,0.000000,0.000000,0.000000,0.000000,0,0.00
3.878000,-0.634,-0.063364,-0.063364,4.501,0.063364,0.000000,-0.000000,0.819,0.198,0.000000,0.000000,0.000000,0.000000,0.000000,0.000000,0,0.00
3.880000,-0.577,-0.057655,-0.057655,4.545,0.057655,0.000000,-0.000000,0.775,0.180,0.000000,0.000000,0.000000,0.000000,0.000000,0.000000,0,0.00
3.882000,-0.523,-0.052264,-0.052264,4.587,0.052264,0.000000,-0.000000,0.718,0.163,0.000000,0.000000,0.000000,0.000000,0.000000,0.000000,0,0.00
3.884000,-0.468,-0.046810,-0.046810,4.630,0.046810,0.000000,-0.000000,0.679,0.146,0.000000,0.000000,0.000000,0.000000,0.000000,0.000000,0,0.00
3.886000,-0.409,-0.040908,-0.040908,4.676,0.040908,0.000000,-0.000000,0.634,0.128,0.000000,0.000000,0.000000,0.000000,0.000000,0.000000,0,0.00
3.888000,-0.356,-0.035631,-0.035631,4.717,0.035631,0.000000,-0.000000,0.577,0.111,0.000000,0.000000,0.000000,0.000000,0.000000,0.000000,0,0.00
3.890000,-0.296,-0.029568,-0.029568,4.764,0.029568,0.000000,-0.000000,0.523,0.092,0.000000,0.000000,0.000000,0.000000,0.000000,0.000000,0,0.00
3.892000,-0.265,-0.026459,-0.026459,4.789,0.026459,0.000000,-0.000000,0.468,0.083,0.000000,0.000000,0.000000,0.000000,0.000000,0.000000,0,0.00
3.894000,-0.187,-0.018657,-0.018657,4.850,0.018657,0.000000,-0.000000,0.409,0.058,0.000000,0.000000,0.000000,0.000000,0.000000,0.000000,0,0.00
3.896000,-0.123,-0.012289,-0.012289,4.899,0.012289,0.000000,-0.000000,0.356,0.038,0.000000,0.000000,0.000000,0.000000,0.000000,0.000000,0,0.00
3.898000,-0.090,-0.009004,-0.009004,4.925,0.009004,0.000000,-0.000000,0.296,0.028,0.000000,0.000000,0.000000,0.000000,0.000000,0.000000,0,0.00
3.900000,-0.038,-0.003763,-0.003763,4.966,0.003763,0.000000,0.000000,0.000,0.012,0.000000,0.000000,0.000000,0.000000,0.000000,0.000000,0,0.00
3.902000,0.010,0.000957,0.000957,4.988,-0.000957,0.000000,-0.000000,0.000,0.003,0.000000,0.000000,0.000000,0.000000,0.000000,0.000000,0,0.00
3.904000,0.072,0.007181,0.007181,4.939,-0.007181,0.000000,-0.000000,0.000,0.022,0.000000,0.000000,0.000000,0.000000,0.000000,0.000000,0,0.00
3.906000,0.139,0.013893,0.013893,4.887,-0.013893,0.000000,-0.000000,0.000,0.043,0.000000,0.000000,0.000000,0.000000,0.000000,0.000000,0,0.00
3.908000,0.201,0.020096,0.020096,4.838,-0.020096,0.000000,-0.000000,0.038,0.063,0.000000,0.000000,0.000000,0.000000,0.000000,0.000000,0,0.00
3.910000,0.258,0.025759,0.025759,4.794,-0.025759,0.000000,-0.000000,-0.010,0.080,0.000000,0.000000,0.000000,0.000000,0.000000,0.000000,0,0.00
3.912000,0.314,0.031389,0.031389,4.750,-0.031389,0.000000,-0.000000,-0.072,0.098,0.000000,0.000000,0.000000,0.000000,0.000000,0.000000,0,0.00
3.914000,0.379,0.037941,0.037941,4.699,-0.037941,0.000000,-0.000000,-0.139,0.119,0.000000,0.000000,0.000000,0.000000,0.000000,0.000000,0,0.00
3.916000,0.427,0.042716,0.042716,4.662,-0.042716,0.000000,-0.000000,-0.201,0.133,0.000000,0.000000,0.000000,0.000000,0.000000,0.000000,0,0.00
3.918000,0.484,0.048376,0.048376,4.618,-0.048376,0.000000,-0.000000,-0.258,0.151,0.000000,0.000000,0.000000,0.000000,0.000000,0.000000,0,0.00
3.920000,0.540,0.054046,0.054046,4.573,-0.054046,0.000000,-0.000000,-0.314,0.169,0.000000,0.000000,0.000000,0.000000,0.000000,0.000000,0,0.00
3.922000,0.594,0.059404,0.059404,4.532,-0.059404,0.000000,-0.000000,-0.379,0.186,0.000000,0.000000,0.000000,0.000000,0.000000,0.000000,0,0.00
3.924000,0.651,0.065076,0.065076,4.487,-0.065076,0.000000,-0.000000,-0.427,0.203,0.000000,0.000000,0.000000,0.000000,0.000000,0.000000,0,0.00
3.926000,0.696,0.069618,0.069618,4.452,-0.069618,0.000000,-0.000000,-0.484,0.218,0.000000,0.000000,0.000000,0.000000,0.000000,0.000000,0,0.00
3.928000,0.776,0.077553,0.077553,4.390,-0.077553,0.000000,-0.000000,-0.540,0.242,0.000000,0.000000,0.000000,0.000000,0.000000,0.000000,0,0.00
3.930000,0.808,0.080844,0.080844,4.364,-0.080844,0.000000,-0.000000,-0.594,0.253,0.000000,0.000000,0.000000,0.000000,0.000000,0.000000,0,0.00
3.932000,0.865,0.086539,0.086539,4.320,-0.086539,0.000000,-0.000000,-0.651,0.270,0.000000,0.000000,0.000000,0.000000,0.000000,0.000000,0,0.00
3.934000,0.936,0.093563,0.093563,4.265,-0.093563,0.000000,-0.000000,-0.696,0.292,0.000000,0.000000,0.000000,0.000000,0.000000,0.000000,0,0.00
3.936000,0.990,0.098983,0.098983,4.223,-0.098983,0.000000,-0.000000,-0.776,0.309,0.000000,0.000000,0.000000,0.000000,0.000000,0.000000,0,0.00
3.938000,1.042,0.104213,0.104213,4.182,-0.104213,0.000000,-0.000000,-0.808,0.326,0.000000,0.000000,0.000000,0.000000,0.000000,0.000000,0,0.00
3.940000,1.084,0.108393,0.108393,4.149,-0.108393,0.000000,-0.000000,-0.865,0.339,0.000000,0.000000,0.000000,0.000000,0.000000,0.000000,0,0.00
3.942000,1.158,0.115791,0.115791,4.092,-0.115791,0.000000,-0.000000,-0.936,0.362,0.000000,0.000000,0.000000,0.000000,0.000000,0.000000,0,0.00
3.944000,1.222,0.122151,0.122151,4.042,-0.122151,0.000000,-0.000000,-0.990,0.382,0.000000,0.000000,0.000000,0.000000,0.000000,0.000000,0,0.00
3.946000,1.260,0.126038,0.126038,4.012,-0.126038,0.000000,-0.000000,-1.042,0.394,0.000000,0.000000,0.000000,0.000000,0.000000,0.000000,0,0.00
3.948000,1.319,0.131867,0.131867,3.966,-0.131867,0.000000,-0.000000,-1.084,0.412,0.000000,0.000000,0.000000,0.000000,0.000000,0.000000,0,0.00
3.950000,1.370,0.136970,0.136970,3.926,-0.136970,0.000000,-0.000000,-1.158,0.428,0.000000,0.000000,0.000000,0.000000,0.000000,0.000000,0,0.00
3.952000,1.431,0.143098,0.143098,3.878,-0.143098,0.000000,-0.000000,-1.222,0.447,0.000000,0.000000,0.000000,0.000000,0.000000,0.000000,0,0.00
3.954000,1.461,0.146052,0.146052,3.855,-0.146052,0.000000,-0.000000,-1.260,0.456,0.000000,0.000000,0.000000,0.000000,0.000000,0.000000,0,0.00
3.956000,1.507,0.150714,0.150714,3.819,-0.150714,0.000000,-0.000000,-1.319,0.471,0.000000,0.000000,0.000000,0.000000,0.000000,0.000000,0,0.00
3.958000,1.582,0.158236,0.158236,3.760,-0.158236,0.000000,-0.000000,-1.370,0.494,0.000000,0.000000,0.000000,0.000000,0.000000,0.000000,0,0.00
3.960000,1.614,0.161364,0.161364,3.736,-0.161364,0.000000,-0.000000,-1.431,0.504,0.000000,0.000000,0.000000,0.000000,0.000000,0.000000,0,0.00
3.962000,1.694,0.169397,0.169397,3.673,-0.169397,0.000000,-0.000000,-1.461,0.529,0.000000,0.000000,0.000000,0.000000,0.000000,0.000000,0,0.00
3.964000,1.738,0.173845,0.173845,3.638,-0.173845,0.000000,-0.000000,-1.507,0.543,0.000000,0.000000,0.000000,0.000000,0.000000,0.000000,0,0.00
3.966000,1.793,0.179349,0.179349,3.595,-0.179349,0.000000,-0.000000,-1.582,0.560,0.000000,0.000000,0.000000,0.000000,0.000000,0.000000,0,0.00
3.968000,1.822,0.182152,0.182152,3.574,-0.182152,0.000000,-0.000000,-1.614,0.569,0.000000,0.000000,0.000000,0.000000,0.000000,0.000000,0,0.00
3.970000,1.886,0.188606,0.188606,3.523,-0.188606,0.000000,-0.000000,-1.694,0.589,0.000000,0.000000,0.000000,0.000000,0.000000,0.000000,0,0.00
3.972000,1.937,0.193696,0.193696,3.483,-0.193696,0.000000,-0.000000,-1.738,0.605,0.000000,0.000000,0.000000,0.000000,0.000000,0.000000,0,0.00
3.974000,1.962,0.196206,0.196206,3.464,-0.196206,0.000000,-0.000000,-1.793,0.613,0.000000,0.000000,0.000000,0.000000,0.000000,0.000000,0,0.00
3.976000,2.018,0.201773,0.201773,3.420,-0.201773,0.000000,-0.000000,-1.822,0.631,0.000000,0.000000,0.000000,0.000000,0.000000,0.000000,0,0.00
3.978000,2.080,0.208030,0.208030,3.372,-0.208030,0.000000,-0.000000,-1.886,0.650,0.000000,0.000000,0.000000,0.000000,0.000000,0.000000,0,0.00
3.980000,2.122,0.212162,0.212162,3.339,-0.212162,0.000000,-0.000000,-1.937,0.663,0.000000,0.000000,0.000000,0.000000,0.000000,0.000000,0,0.00
3.982000,2.156,0.215649,0.215649,3.312,-0.215649,0.000000,-0.000000,-1.962,0.674,0.000000,0.000000,0.000000,0.000000,0.000000,0.000000,0,0.00
3.984000,2.200,0.220050,0.220050,3.278,-0.220050,0.000000,-0.000000,-2.018,0.688,0.000000,0.000000,0.000000,0.000000,0.000000,0.000000,0,0.00
3.986000,2.271,0.227113,0.227113,3.223,-0.227113,0.000000,-0.000000,-2.080,0.710,0.000000,0.000000,0.000000,0.000000,0.000000,0.000000,0,0.00
3.988000,2.282,0.228170,0.228170,3.214,-0.228170,0.000000,-0.000000,-2.122,0.713,0.000000,0.000000,0.000000,0.000000,0.000000,0.000000,0,0.00
3.990000,2.332,0.233217,0.233217,3.175,-0.233217,0.000000,-0.000000,-2.156,0.729,0.000000,0.000000,0.000000,0.000000,0.000000,0.000000,0,0.00
3.992000,2.369,0.236888,0.236888,3.146,-0.236888,0.000000,-0.000000,-2.200,0.740,0.000000,0.000000,0.000000,0.000000,0.000000,0.000000,0,0.00
3.994000,2.420,0.242001,0.242001,3.106,-0.242001,0.000000,-0.000000,-2.271,0.756,0.000000,0.000000,0.000000,0.000000,0.000000,0.000000,0,0.00
3.996000,2.458,0.245757,0.245757,3.077,-0.245757,0.000000,-0.000000,-2.282,0.768,0.000000,0.000000,0.000000,0.000000,0.000000,0.000000,0,0.00
3.998000,2.483,0.248281,0.248281,3.057,-0.248281,0.000000,-0.000000,-2.332,0.776,0.000000,0.000000,0.000000,0.000000,0.000000,0.000000,0,0.00
4.000000,2.538,0.253806,0.253806,3.014,-0.253806,0.000000,-0.000000,0.000,0.793,0.000000,0.000000,0.000000,0.000000,0.000000,0.000000,0,0.00
4.002000,2.552,0.255169,0.255169,3.004,-0.255169,0.000000,-0.000000,0.000,0.797,0.000000,0.000000,0.000000,0.000000,0.000000,0.000000,0,0.00
4.004000,2.608,0.260792,0.260792,2.997,-0.260792,0.000000,-0.000000,0.000,0.815,0.000000,0.000000,0.000000,0.000000,0.000000,0.000000,0,0.00
4.006000,2.623,0.262294,0.262294,2.997,-0.262294,0.000000,-0.000000,0.000,0.820,0.000000,0.000000,0.000000,0.000000,0.000000,0.000000,0,0.00
4.008000,2.657,0.265681,0.265681,2.997,-0.265681,0.000000,-0.000000,-2.538,0.830,0.000000,0.000000,0.000000,0.000000,0.000000,0.000000,0,0.00
4.010000,2.704,0.270402,0.270402,2.997,-0.270402,0.000000,-0.000000,-2.552,0.845,0.000000,0.000000,0.000000,0.000000,0.000000,0.000000,0,0.00
4.012000,2.731,0.273064,0.273064,2.997,-0.273064,0.000000,-0.000000,-2.608,0.853,0.000000,0.000000,0.000000,0.000000,0.000000,0.000000,0,0.00
4.014000,2.783,0.278333,0.278333,2.997,-0.278333,0.000000,-0.000000,-2.623,0.870,0.000000,0.000000,0.000000,0.000000,0.000000,0.000000,0,0.00
4.016000,2.798,0.279824,0.279824,2.997,-0.279824,0.000000,-0.000000,-2.657,0.874,0.000000,0.000000,0.000000,0.000000,0.000000,0.000000,0,0.00
4.018000,2.826,0.282551,0.282551,2.997,-0.282551,0.000000,-0.000000,-2.704,0.883,0.000000,0.000000,0.000000,0.000000,0.000000,0.000000,0,0.00
4.020000,2.849,0.284866,0.284866,2.997,-0.284866,0.000000,-0.000000,-2.731,0.890,0.000000,0.000000,0.000000,0.000000,0.000000,0.000000,0,0.00
4.022000,2.870,0.287010,0.287010,2.997,-0.287010,0.000000,-0.000000,-2.783,0.897,0.000000,0.000000,0.000000,0.000000,0.000000,0.000000,0,0.00
4.024000,2.905,0.290545,0.290545,2.997,-0.290545,0.000000,-0.000000,-2.798,0.908,0.000000,0.000000,0.000000,0.000000,0.000000,0.000000,0,0.00
4.026000,2.926,0.292598,0.292598,2.997,-0.292598,0.000000,-0.000000,-2.826,0.914,0.000000,0.000000,0.000000,0.000000,0.000000,0.000000,0,0.00
4.028000,2.952,0.295166,0.295166,2.997,-0.295166,0.000000,-0.000000,-2.849,0.922,0.000000,0.000000,0.000000,0.000000,0.000000,0.000000,0,0.00
4.030000,2.980,0.298044,0.298044,2.997,-0.298044,0.000000,-0.000000,-2.870,0.931,0.000000,0.000000,0.000000,0.000000,0.000000,0.000000,0,0.00
4.032000,2.992,0.299236,0.299236,2.997,-0.299236,0.000000,-0.000000,-2.905,0.935,0.000000,0.000000,0.000000,0.000000,0.000000,0.000000,0,0.00
4.034000,3.018,0.301805,0.301805,2.997,-0.301805,0.000000,-0.000000,-2.926,0.943,0.000000,0.000000,0.000000,0.000000,0.000000,0.000000,0,0.00
4.036000,3.027,0.302683,0.302683,2.997,-0.302683,0.000000,-0.000000,-2.952,0.946,0.000000,0.000000,0.000000,0.000000,0.000000,0.000000,0,0.00
4.038000,3.061,0.306128,0.306128,2.997,-0.306128,0.000000,-0.000000,-2.980,0.957,0.000000,0.000000,0.000000,0.000000,0.000000,0.000000,0,0.00
4.040000,3.053,0.305330,0.305330,2.997,-0.305330,0.000000,-0.000000,-2.992,0.954,0.000000,0.000000,0.000000,0.000000,0.000000,0.000000,0,0.00
4.042000,3.104,0.310425,0.310425,2.997,-0.310425,0.000000,-0.000000,-3.018,0.970,0.000000,0.000000,0.000000,0.000000,0.000000,0.000000,0,0.00
4.044000,3.122,0.312240,0.312240,2.997,-0.312240,0.000000,-0.000000,-3.027,0.976,0.000000,0.000000,0.000000,0.000000,0.000000,0.000000,0,0.00
4.046000,3.127,0.312737,0.312737,2.997,-0.312737,0.000000,-0.000000,-3.061,0.977,0.000000,0.000000,0.000000,0.000000,0.000000,0.000000,0,0.00
4.048000,3.109,0.310885,0.310885,2.997,-0.310885,0.000000,-0.000000,-3.053,0.972,0.000000,0.000000,0.000000,0.000000,0.000000,0.000000,0,0.00
4.050000,3.142,0.314220,0.314220,2.997,-0.314220,0.000000,-0.000000,-3.104,0.982,0.000000,0.000000,0.000000,0.000000,0.000000,0.000000,0,0.00
4.052000,3.148,0.314839,0.314839,2.997,-0.314839,0.000000,-0.000000,-3.122,0.984,0.000000,0.000000,0.000000,0.000000,0.000000,0.000000,0,0.00
4.054000,3.139,0.313943,0.313943,2.997,-0.313943,0.000000,-0.000000,-3.127,0.981,0.000000,0.000000,0.000000,0.000000,0.000000,0.000000,0,0.00
4.056000,3.149,0.314865,0.314865,2.997,-0.314865,0.000000,-0.000000,-3.109,0.984,0.000000,0.000000,0.000000,0.000000,0.000000,0.000000,0,0.00
4.058000,3.189,0.318879,0.318879,2.997,-0.318879,0.000000,-0.000000,-3.142,0.996,0.000000,0.000000,0.000000,0.000000,0.000000,0.000000,0,0.00
4.060000,3.166,0.316615,0.316615,2.997,-0.316615,0.000000,-0.000000,-3.148,0.989,0.000000,0.000000,0.000000,0.000000,0.000000,0.000000,0,0.00
4.062000,3.164,0.316379,0.316379,2.997,-0.316379,0.000000,-0.000000,-3.139,0.989,0.000000,0.000000,0.000000,0.000000,0.000000,0.000000,0,0.00
4.064000,3.175,0.317465,0.317465,2.997,-0.317465,0.000000,-0.000000,-3.149,0.992,0.000000,0.000000,0.000000,0.000000,0.000000,0.000000,0,0.00
4.066000,3.196,0.319642,0.319642,2.997,-0.319642,0.000000,-0.000000,-3.189,0.999,0.000000,0.000000,0.000000,0.000000,0.000000,0.000000,0,0.00
4.068000,3.174,0.317396,0.317396,2.997,-0.317396,0.000000,0.000000,-3.166,0.992,0.000000,0.000000,0.000000,0.000000,0.000000,0.000000,0,0.00
4.070000,3.177,0.317725,0.317725,2.997,-0.317725,0.000000,-0.000000,-3.164,0.993,0.000000,0.000000,0.000000,0.000000,0.000000,0.000000,0,0.00
4.072000,3.181,0.318116,0.318116,2.997,-0.318116,0.000000,-0.000000,-3.175,0.994,0.000000,0.000000,0.000000,0.000000,0.000000,0.000000,0,0.00
4.074000,3.185,0.318501,0.318501,2.997,-0.318501,0.000000,-0.000000,-3.196,0.995,0.000000,0.000000,0.000000,0.000000,0.000000,0.000000,0,0.00
4.076000,3.188,0.318771,0.318771,2.997,-0.318771,0.000000,-0.000000,-3.174,0.996,0.000000,0.000000,0.000000,0.000000,0.000000,0.000000,0,0.00
4.078000,3.144,0.314435,0.314435,2.997,-0.314435,0.000000,0.000000,-3.177,0.983,0.000000,0.000000,0.000000,0.000000,0.000000,0.000000,0,0.00
4.080000,3.144,0.314416,0.314416,2.997,-0.314416,0.000000,0.000000,-3.181,0.983,0.000000,0.000000,0.000000,0.000000,0.000000,0.000000,0,0.00
4.082000,3.128,0.312832,0.312832,2.997,-0.312832,0.000000,0.000000,-3.185,0.978,0.000000,0.000000,0.000000,0.000000,0.000000,0.000000,0,0.00
4.084000,3.119,0.311864,0.311864,2.997,-0.311864,0.000000,0.000000,-3.188,0.975,0.000000,0.000000,0.000000,0.000000,0.000000,0.000000,0,0.00
4.086000,3.115,0.311529,0.311529,2.997,-0.311529,0.000000,0.000000,-3.144,0.974,0.000000,0.000000,0.000000,0.000000,0.000000,0.000000,0,0.00
4.088000,3.117,0.311694,0.311694,2.997,-0.311694,0.000000,0.000000,-3.144,0.974,0.000000,0.000000,0.000000,0.000000,0.000000,0.000000,0,0.00
4.090000,3.083,0.308308,0.308308,2.997,-0.308308,0.000000,0.000000,-3.128,0.963,0.000000,0.000000,0.000000,0.000000,0.000000,0.000000,0,0.00
4.092000,3.086,0.308581,0.308581,2.997,-0.308581,0.000000,0.000000,-3.119,0.964,0.000000,0.000000,0.000000,0.000000,0.000000,0.000000,0,0.00
4.094000,3.059,0.305863,0.305863,2.997,-0.305863,0.000000,0.000000,-3.115,0.956,0.000000,0.000000,0.000000,0.000000,0.000000,0.000000,0,0.00
4.096000,3.055,0.305543,0.305543,2.997,-0.305543,0.000000,0.000000,-3.117,0.955,0.000000,0.000000,0.000000,0.000000,0.000000,0.000000,0,0.00
4.098000,3.027,0.302675,0.302675,2.997,-0.302675,0.000000,0.000000,-3.083,0.946,0.000000,0.000000,0.000000,0.000000,0.000000,0.000000,0,0.00
4.100000,3.021,0.302063,0.302063,2.997,-0.302063,0.000000,-0.000000,0.000,0.944,0.000000,0.000000,0.000000,0.000000,0.000000,0.000000,0,0.00
4.102000,2.985,0.298485,0.298485,2.997,-0.298485,0.000000,0.000000,0.000,0.933,0.000000,0.000000,0.000000,0.000000,0.000000,0.000000,0,0.00
4.104000,2.962,0.296155,0.296155,2.997,-0.296155,0.000000,0.000000,0.000,0.925,0.000000,0.000000,0.000000,0.000000,0.000000,0.000000,0,0.00
4.106000,2.954,0.295355,0.295355,2.997,-0.295355,0.000000,0.000000,0.000,0.923,0.000000,0.000000,0.000000,0.000000,0.000000,0.000000,0,0.00
4.108000,2.945,0.294523,0.294523,2.997,-0.294523,0.000000,0.000000,-3.021,0.920,0.000000,0.000000,0.000000,0.000000,0.000000,0.000000,0,0.00
4.110000,2.878,0.287843,0.287843,2.997,-0.287843,0.000000,0.000000,-2.985,0.900,0.000000,0.000000,0.000000,0.000000,0.000000,0.000000,0,0.00
4.112000,2.871,0.287149,0.287149,2.997,-0.287149,0.000000,0.000000,-2.962,0.897,0.000000,0.000000,0.000000,0.000000,0.000000,0.000000,0,0.00
4.114000,2.831,0.283144,0.283144,2.997,-0.283144,0.000000,0.000000,-2.954,0.885,0.000000,0.000000,0.000000,0.000000,0.000000,0.000000,0,0.00
4.116000,2.803,0.280283,0.280283,2.997,-0.280283,0.000000,0.000000,-2.945,0.876,0.000000,0.000000,0.000000,0.000000,0.000000,0.000000,0,0.00
4.118000,2.779,0.277914,0.277914,2.997,-0.277914,0.000000,0.000000,-2.878,0.868,0.000000,0.000000,0.000000,0.000000,0.000000,0.000000,0,0.00
4.120000,2.744,0.274431,0.274431,2.997,-0.274431,0.000000,0.000000,-2.871,0.858,0.000000,0.000000,0.000000,0.000000,0.000000,0.000000,0,0.00
4.122000,2.720,0.271970,0.271970,2.997,-0.271970,0.000000,0.000000,-2.831,0.850,0.000000,0.000000,0.000000,0.000000,0.000000,0.000000,0,0.00
4.124000,2.667,0.266659,0.266659,2.997,-0.266659,0.000000,0.000000,-2.803,0.833,0.000000,0.000000,0.000000,0.000000,0.000000,0.000000,0,0.00
4.126000,2.651,0.265078,0.265078,2.997,-0.265078,0.000000,0.000000,-2.779,0.828,0.000000,0.000000,0.000000,0.000000,0.000000,0.000000,0,0.00
4.128000,2.605,0.260535,0.260535,2.997,-0.260535,0.000000,0.000000,-2.744,0.814,0.000000,0.000000,0.000000,0.000000,0.000000,0.000000,0,0.00
4.130000,2.552,0.255243,0.255243,3.003,-0.255243,0.000000,0.000000,-2.720,0.798,0.000000,0.000000,0.000000,0.000000,0.000000,0.000000,0,0.00
4.132000,2.524,0.252364,0.252364,3.026,-0.252364,0.000000,0.000000,-2.667,0.789,0.000000,0.000000,0.000000,0.000000,0.000000,0.000000,0,0.00
4.134000,2.501,0.250117,0.250117,3.043,-0.250117,0.000000,0.000000,-2.651,0.782,0.000000,0.000000,0.000000,0.000000,0.000000,0.000000,0,0.00
4.136000,2.460,0.245950,0.245950,3.076,-0.245950,0.000000,0.000000,-2.605,0.769,0.000000,0.000000,0.000000,0.000000,0.000000,0.000000,0,0.00
4.138000,2.418,0.241778,0.241778,3.108,-0.241778,0.000000,0.000000,-2.552,0.756,0.000000,0.000000,0.000000,0.000000,0.000000,0.000000,0,0.00
4.140000,2.365,0.236451,0.236451,3.150,-0.236451,0.000000,0.000000,-2.524,0.739,0.000000,0.000000,0.000000,0.000000,0.000000,0.000000,0,0.00
4.142000,2.312,0.231172,0.231172,3.191,-0.231172,0.000000,0.000000,-2.501,0.722,0.000000,0.000000,0.000000,0.000000,0.000000,0.000000,0,0.00
4.144000,2.294,0.229411,0.229411,3.205,-0.229411,0.000000,0.000000,-2.460,0.717,0.000000,0.000000,0.000000,0.000000,0.000000,0.000000,0,0.00
4.146000,2.247,0.224744,0.224744,3.241,-0.224744,0.000000,0.000000,-2.418,0.702,0.000000,0.000000,0.000000,0.000000,0.000000,0.000000,0,0.00
4.148000,2.189,0.218872,0.218872,3.287,-0.218872,0.000000,0.000000,-2.365,0.684,0.000000,0.000000,0.000000,0.000000,0.000000,0.000000,0,0.00
4.150000,2.147,0.214680,0.214680,3.320,-0.214680,0.000000,0.000000,-2.312,0.671,0.000000,0.000000,0.000000,0.000000,0.000000,0.000000,0,0.00
4.152000,2.084,0.208423,0.208423,3.369,-0.208423,0.000000,0.000000,-2.294,0.651,0.000000,0.000000,0.000000,0.000000,0.000000,0.000000,0,0.00
4.154000,2.025,0.202480,0.202480,3.415,-0.202480,0.000000,0.000000,-2.247,0.633,0.000000,0.000000,0.000000,0.000000,0.000000,0.000000,0,0.00
4.156000,2.008,0.200786,0.200786,3.428,-0.200786,0.000000,0.000000,-2.189,0.627,0.000000,0.000000,0.000000,0.000000,0.000000,0.000000,0,0.00
4.158000,1.951,0.195079,0.195079,3.473,-0.195079,0.000000,0.000000,-2.147,0.610,0.000000,0.000000,0.000000,0.000000,0.000000,0.000000,0,0.00
4.160000,1.876,0.187558,0.187558,3.531,-0.187558,0.000000,0.000000,-2.084,0.586,0.000000,0.000000,0.000000,0.000000,0.000000,0.000000,0,0.00
4.162000,1.861,0.186096,0.186096,3.543,-0.186096,0.000000,0.000000,-2.025,0.582,0.000000,0.000000,0.000000,0.000000,0.000000,0.000000,0,0.00
4.164000,1.761,0.176096,0.176096,3.621,-0.176096,0.000000,0.000000,-2.008,0.550,0.000000,0.000000,0.000000,0.000000,0.000000,0.000000,0,0.00
4.166000,1.712,0.171189,0.171189,3.659,-0.171189,0.000000,0.000000,-1.951,0.535,0.000000,0.000000,0.000000,0.000000,0.000000,0.000000,0,0.00
4.168000,1.686,0.168645,0.168645,3.679,-0.168645,0.000000,0.000000,-1.876,0.527,0.000000,0.000000,0.000000,0.000000,0.000000,0.000000,0,0.00
4.170000,1.646,0.164618,0.164618,3.710,-0.164618,0.000000,0.000000,-1.861,0.514,0.000000,0.000000,0.000000,0.000000,0.000000,0.000000,0,0.00
4.172000,1.565,0.156529,0.156529,3.774,-0.156529,0.000000,0.000000,-1.761,0.489,0.000000,0.000000,0.000000,0.000000,0.000000,0.000000,0,0.00
4.174000,1.510,0.151025,0.151025,3.817,-0.151025,0.000000,0.000000,-1.712,0.472,0.000000,0.000000,0.000000,0.000000,0.000000,0.000000,0,0.00
4.176000,1.435,0.143461,0.143461,3.876,-0.143461,0.000000,0.000000,-1.686,0.448,0.000000,0.000000,0.000000,0.000000,0.000000,0.000000,0,0.00
4.178000,1.386,0.138642,0.138642,3.913,-0.138642,0.000000,0.000000,-1.646,0.433,0.000000,0.000000,0.000000,0.000000,0.000000,0.000000,0,0.00
4.180000,1.296,0.129619,0.129619,3.984,-0.129619,0.000000,0.000000,-1.565,0.405,0.000000,0.000000,0.000000,0.000000,0.000000,0.000000,0,0.00
4.182000,1.240,0.123979,0.123979,4.028,-0.123979,0.000000,0.000000,-1.510,0.387,0.000000,0.000000,0.000000,0.000000,0.000000,0.000000,0,0.00
4.184000,1.197,0.119711,0.119711,4.061,-0.119711,0.000000,0.000000,-1.435,0.374,0.000000,0.000000,0.000000,0.000000,0.000000,0.000000,0,0.00
4.186000,1.149,0.114874,0.114874,4.099,-0.114874,0.000000,0.000000,-1.386,0.359,0.000000,0.000000,0.000000,0.000000,0.000000,0.000000,0,0.00
4.188000,1.071,0.107134,0.107134,4.159,-0.107134,0.000000,0.000000,-1.296,0.335,0.000000,0.000000,0.000000,0.000000,0.000000,0.000000,0,0.00
4.190000,0.997,0.099703,0.099703,4.217,-0.099703,0.000000,0.000000,-1.240,0.312,0.000000,0.000000,0.000000,0.000000,0.000000,0.000000,0,0.00
4.192000,0.947,0.094664,0.094664,4.256,-0.094664,0.000000,0.000000,-1.197,0.296,0.000000,0.000000,0.000000,0.000000,0.000000,0.000000,0,0.00
4.194000,0.887,0.088745,0.088745,4.303,-0.088745,0.000000,0.000000,-1.149,0.277,0.000000,0.000000,0.000000,0.000000,0.000000,0.000000,0,0.00
4.196000,0.832,0.083244,0.083244,4.346,-0.083244,0.000000,0.000000,-1.071,0.260,0.000000,0.000000,0.000000,0.000000,0.000000,0.000000,0,0.00
4.198000,0.738,0.073800,0.073800,4.419,-0.073800,0.000000,0.000000,-0.997,0.231,0.000000,0.000000,0.000000,0.000000,0.000000,0.000000,0,0.00
4.200000,0.683,0.068322,0.068322,4.462,-0.068322,0.000000,-0.000000,0.000,0.214,0.000000,0.000000,0.000000,0.000000,0.000000,0.000000,0,0.00
4.202000,0.615,0.061473,0.061473,4.515,-0.061473,0.000000,0.000000,0.000,0.192,0.000000,0.000000,0.000000,0.000000,0.000000,0.000000,0,0.00
4.204000,0.550,0.055033,0.055033,4.566,-0.055033,0.000000,0.000000,0.000,0.172,0.000000,0.000000,0.000000,0.000000,0.000000,0.000000,0,0.00
4.206000,0.471,0.047084,0.047084,4.628,-0.047084,0.000000,0.000000,0.000,0.147,0.000000,0.000000,0.000000,0.000000,0.000000,0.000000,0,0.00
4.208000,0.404,0.040441,0.040441,4.680,-0.040441,0.000000,0.000000,-0.683,0.126,0.000000,0.000000,0.000000,0.000000,0.000000,0.000000,0,0.00
4.210000,0.344,0.034434,0.034434,4.727,-0.034434,0.000000,0.000000,-0.615,0.108,0.000000,0.000000,0.000000,0.000000,0.000000,0.000000,0,0.00
4.212000,0.271,0.027142,0.027142,4.783,-0.027142,0.000000,0.000000,-0.550,0.085,0.000000,0.000000,0.000000,0.000000,0.000000,0.000000,0,0.00
4.214000,0.195,0.019473,0.019473,4.843,-0.019473,0.000000,0.000000,-0.471,0.061,0.000000,0.000000,0.000000,0.000000,0.000000,0.000000,0,0.00
4.216000,0.131,0.013127,0.013127,4.893,-0.013127,0.000000,0.000000,-0.404,0.041,0.000000,0.000000,0.000000,0.000000,0.000000,0.000000,0,0.00
4.218000,0.067,0.006686,0.006686,4.943,-0.006686,0.000000,0.000000,-0.344,0.021,0.000000,0.000000,0.000000,0.000000,0.000000,0.000000,0,0.00
4.220000,-0.003,-0.000340,-0.000340,4.993,0.000340,0.000000,0.000000,-0.271,0.001,0.000000,0.000000,0.000000,0.000000,0.000000,0.000000,0,0.00
4.222000,-0.094,-0.009366,-0.009366,4.922,0.009366,0.000000,0.000000,-0.195,0.029,0.000000,0.000000,0.000000,0.000000,0.000000,0.000000,0,0.00
4.224000,-0.147,-0.014694,-0.014694,4.881,0.014694,0.000000,0.000000,-0.131,0.046,0.000000,0.000000,0.000000,0.000000,0.000000,0.000000,0,0.00
4.226000,-0.232,-0.023165,-0.023165,4.814,0.023165,0.000000,0.000000,-0.067,0.072,0.000000,0.000000,0.000000,0.000000,0.000000,0.000000,0,0.00
4.228000,-0.286,-0.028616,-0.028616,4.772,0.028616,0.000000,0.000000,0.003,0.089,0.000000,0.000000,0.000000,0.000000,0.000000,0.000000,0,0.00
4.230000,-0.376,-0.037589,-0.037589,4.702,0.037589,0.000000,0.000000,0.094,0.117,0.000000,0.000000,0.000000,0.000000,0.000000,0.000000,0,0.00
4.232000,-0.435,-0.043494,-0.043494,4.656,0.043494,0.000000,0.000000,0.147,0.136,0.000000,0.000000,0.000000,0.000000,0.000000,0.000000,0,0.00
4.234000,-0.509,-0.050908,-0.050908,4.598,0.050908,0.000000,0.000000,0.232,0.159,0.000000,0.000000,0.000000,0.000000,0.000000,0.000000,0,0.00
4.236000,-0.574,-0.057433,-0.057433,4.547,0.057433,0.000000,0.000000,0.286,0.179,0.000000,0.000000,0.000000,0.000000,0.000000,0.000000,0,0.00
4.238000,-0.641,-0.064068,-0.064068,4.495,0.064068,0.000000,0.000000,0.376,0.200,0.000000,0.000000,0.000000,0.000000,0.000000,0.000000,0,0.00
4.240000,-0.700,-0.069973,-0.069973,4.449,0.069973,0.000000,0.000000,0.435,0.219,0.000000,0.000000,0.000000,0.000000,0.000000,0.000000,0,0.00
4.242000,-0.795,-0.079520,-0.079520,4.375,0.079520,0.000000,0.000000,0.509,0.249,0.000000,0.000000,0.000000,0.000000,0.000000,0.000000,0,0.00
4.244000,-0.872,-0.087229,-0.087229,4.314,0.087229,0.000000,0.000000,0.574,0.273,0.000000,0.000000,0.000000,0.000000,0.000000,0.000000,0,0.00
4.246000,-0.937,-0.093706,-0.093706,4.264,0.093706,0.000000,0.000000,0.641,0.293,0.000000,0.000000,0.000000,0.000000,0.000000,0.000000,0,0.00
4.248000,-1.010,-0.100950,-0.100950,4.207,0.100950,0.000000,0.000000,0.700,0.315,0.000000,0.000000,0.000000,0.000000,0.000000,0.000000,0,0.00
4.250000,-1.067,-0.106722,-0.106722,4.162,0.106722,0.000000,0.000000,0.795,0.334,0.000000,0.000000,0.000000,0.000000,0.000000,0.000000,0,0.00
4.252000,-1.142,-0.114215,-0.114215,4.104,0.114215,0.000000,0.000000,0.872,0.357,0.000000,0.000000,0.000000,0.000000,0.000000,0.000000,0,0.00
4.254000,-1.239,-0.123949,-0.123949,4.028,0.123949,0.000000,0.000000,0.937,0.387,0.000000,0.000000,0.000000,0.000000,0.000000,0.000000,0,0.00
4.256000,-1.296,-0.129558,-0.129558,3.984,0.129558,0.000000,0.000000,1.010,0.405,0.000000,0.000000,0.000000,0.000000,0.000000,0.000000,0,0.00
4.258000,-1.351,-0.135051,-0.135051,3.941,0.135051,0.000000,0.000000,1.067,0.422,0.000000,0.000000,0.000000,0.000000,0.000000,0.000000,0,0.00
4.260000,-1.447,-0.144650,-0.144650,3.866,0.144650,0.000000,0.000000,1.142,0.452,0.000000,0.000000,0.000000,0.000000,0.000000,0.000000,0,0.00
4.262000,-1.508,-0.150792,-0.150792,3.818,0.150792,0.000000,0.000000,1.239,0.471,0.000000,0.000000,0.000000,0.000000,0.000000,0.000000,0,0.00
4.264000,-1.573,-0.157343,-0.157343,3.767,0.157343,0.000000,0.000000,1.296,0.492,0.000000,0.000000,0.000000,0.000000,0.000000,0.000000,0,0.00
4.266000,-1.647,-0.164740,-0.164740,3.709,0.164740,0.000000,0.000000,1.351,0.515,0.000000,0.000000,0.000000,0.000000,0.000000,0.000000,0,0.00
4.268000,-1.709,-0.170910,-0.170910,3.661,0.170910,0.000000,0.000000,1.447,0.534,0.000000,0.000000,0.000000,0.000000,0.000000,0.000000,0,0.00
4.270000,-1.797,-0.179704,-0.179704,3.593,0.179704,0.000000,0.000000,1.508,0.562,0.000000,0.000000,0.000000,0.000000,0.000000,0.000000,0,0.00
4.272000,-1.850,-0.185004,-0.185004,3.551,0.185004,0.000000,0.000000,1.573,0.578,0.000000,0.000000,0.000000,0.000000,0.000000,0.000000,0,0.00
4.274000,-1.934,-0.193385,-0.193385,3.486,0.193385,0.000000,0.000000,1.647,0.604,0.000000,0.000000,0.000000,0.000000,0.000000,0.000000,0,0.00
4.276000,-1.970,-0.197048,-0.197048,3.457,0.197048,0.000000,0.000000,1.709,0.616,0.000000,0.000000,0.000000,0.000000,0.000000,0.000000,0,0.00
4.278000,-2.055,-0.205485,-0.205485,3.391,0.205485,0.000000,0.000000,1.797,0.642,0.000000,0.000000,0.000000,0.000000,0.000000,0.000000,0,0.00
4.280000,-2.110,-0.210990,-0.210990,3.348,0.210990,0.000000,0.000000,1.850,0.659,0.000000,0.000000,0.000000,0.000000,0.000000,0.000000,0,0.00
4.282000,-2.186,-0.218569,-0.218569,3.289,0.218569,0.000000,0.000000,1.934,0.683,0.000000,0.000000,0.000000,0.000000,0.000000,0.000000,0,0.00
4.284000,-2.245,-0.224507,-0.224507,3.243,0.224507,0.000000,0.000000,1.970,0.702,0.000000,0.000000,0.000000,0.000000,0.000000,0.000000,0,0.00
4.286000,-2.305,-0.230530,-0.230530,3.196,0.230530,0.000000,0.000000,2.055,0.720,0.000000,0.000000,0.000000,0.000000,0.000000,0.000000,0,0.00
4.288000,-2.354,-0.235395,-0.235395,3.158,0.235395,0.000000,0.000000,2.110,0.736,0.000000,0.000000,0.000000,0.000000,0.000000,0.000000,0,0.00
4.290000,-2.419,-0.241915,-0.241915,3.107,0.241915,0.000000,0.000000,2.186,0.756,0.000000,0.000000,0.000000,0.000000,0.000000,0.000000,0,0.00
4.292000,-2.476,-0.247650,-0.247650,3.062,0.247650,0.000000,0.000000,2.245,0.774,0.000000,0.000000,0.000000,0.000000,0.000000,0.000000,0,0.00
4.294000,-2.552,-0.255218,-0.255218,3.003,0.255218,0.000000,0.000000,2.305,0.798,0.000000,0.000000,0.000000,0.000000,0.000000,0.000000,0,0.00
4.296000,-2.621,-0.262145,-0.262145,2.997,0.262145,0.000000,0.000000,2.354,0.819,0.000000,0.000000,0.000000,0.000000,0.000000,0.000000,0,0.00
4.298000,-2.679,-0.267918,-0.267918,2.997,0.267918,0.000000,0.000000,2.419,0.837,0.000000,0.000000,0.000000,0.000000,0.000000,0.000000,0,0.00
4.300000,-2.720,-0.272045,-0.272045,2.997,0.272045,0.000000,0.000000,0.000,0.850,0.000000,0.000000,0.000000,0.000000,0.000000,0.000000,0,0.00
4.302000,-2.773,-0.277260,-0.277260,2.997,0.277260,0.000000,0.000000,0.000,0.866,0.000000,0.000000,0.000000,0.000000,0.000000,0.000000,0,0.00
4.304000,-2.838,-0.283816,-0.283816,2.997,0.283816,0.000000,0.000000,0.000,0.887,0.000000,0.000000,0.000000,0.000000,0.000000,0.000000,0,0.00
4.306000,-2.887,-0.288670,-0.288670,2.997,0.288670,0.000000,0.000000,0.000,0.902,0.000000,0.000000,0.000000,0.000000,0.000000,0.000000,0,0.00
4.308000,-2.973,-0.297281,-0.297281,2.997,0.297281,0.000000,0.000000,2.720,0.929,0.000000,0.000000,0.000000,0.000000,0.000000,0.000000,0,0.00
4.310000,-3.020,-0.302030,-0.302030,2.997,0.302030,0.000000,0.000000,2.773,0.944,0.000000,0.000000,0.000000,0.000000,0.000000,0.000000,0,0.00
4.312000,-3.067,-0.306723,-0.306723,2.997,0.306723,0.000000,0.000000,2.838,0.959,0.000000,0.000000,0.000000,0.000000,0.000000,0.000000,0,0.00
4.314000,-3.116,-0.311620,-0.311620,2.997,0.311620,0.000000,0.000000,2.887,0.974,0.000000,0.000000,0.000000,0.000000,0.000000,0.000000,0,0.00
4.316000,-3.147,-0.314654,-0.314654,2.997,0.314654,0.000000,0.000000,2.973,0.983,0.000000,0.000000,0.000000,0.000000,0.000000,0.000000,0,0.00
4.318000,-3.211,-0.320000,-0.320000,2.997,0.321069,0.000000,0.000000,3.020,1.000,0.000000,0.000000,0.000000,0.000000,0.000000,0.000000,0,0.00
4.320000,-3.245,-0.320000,-0.320000,2.997,0.324535,0.000000,0.000000,3.067,1.000,0.000000,0.000000,0.000000,0.000000,0.000000,0.000000,0,0.00
4.322000,-3.301,-0.320000,-0.320000,2.997,0.330078,0.000000,0.000000,3.116,1.000,0.000000,0.000000,0.000000,0.000000,0.000000,0.000000,0,0.00
4.324000,-3.352,-0.320000,-0.320000,2.997,0.335172,0.000000,0.000000,3.147,1.000,0.000000,0.000000,0.000000,0.000000,0.000000,0.000000,0,0.00
4.326000,-3.401,-0.320000,-0.320000,2.997,0.340140,0.000000,0.000000,3.211,1.000,0.000000,0.000000,0.000000,0.000000,0.000000,0.000000,0,0.00
4.328000,-3.425,-0.320000,-0.320000,2.997,0.342538,0.000000,0.000000,3.245,1.000,0.000000,0.000000,0.000000,0.000000,0.000000,0.000000,0,0.00
4.330000,-3.476,-0.320000,-0.320000,2.997,0.347645,0.000000,0.000000,3.301,1.000,0.000000,0.000000,0.000000,0.000000,0.000000,0.000000,0,0.00
4.332000,-3.523,-0.320000,-0.320000,2.997,0.352277,0.000000,0.000000,3.352,1.000,0.000000,0.000000,0.000000,0.000000,0.000000,0.000000,0,0.00
4.334000,-3.551,-0.320000,-0.320000,2.997,0.355086,0.000000,0.000000,3.401,1.000,0.000000,0.000000,0.000000,0.000000,0.000000,0.000000,0,0.00
4.336000,-3.593,-0.320000,-0.320000,2.997,0.359349,0.000000,0.000000,3.425,1.000,0.000000,0.000000,0.000000,0.000000,0.000000,0.000000,0,0.00
4.338000,-3.638,-0.320000,-0.320000,2.997,0.363765,0.000000,0.000000,3.476,1.000,0.000000,0.000000,0.000000,0.000000,0.000000,0.000000,0,0.00
4.340000,-3.675,-0.320000,-0.320000,2.997,0.367482,0.000000,0.000000,3.523,1.000,0.000000,0.000000,0.000000,0.000000,0.000000,0.000000,0,0.00
4.342000,-3.708,-0.320000,-0.320000,2.997,0.370810,0.000000,0.000000,3.551,1.000,0.000000,0.000000,0.000000,0.000000,0.000000,0.000000,0,0.00
4.344000,-3.728,-0.320000,-0.320000,2.997,0.372791,0.000000,0.000000,3.593,1.000,0.000000,0.000000,0.000000,0.000000,0.000000,0.000000,0,0.00
4.346000,-3.757,-0.320000,-0.320000,2.997,0.375704,0.000000,0.000000,3.638,1.000,0.000000,0.000000,0.000000,0.000000,0.000000,0.000000,0,0.00
4.348000,-3.768,-0.320000,-0.320000,2.997,0.376833,0.000000,0.000000,3.675,1.000,0.000000,0.000000,0.000000,0.000000,0.000000,0.000000,0,0.00
4.350000,-3.813,-0.320000,-0.320000,2.997,0.381278,0.000000,0.000000,3.708,1.000,0.000000,0.000000,0.000000,0.000000,0.000000,0.000000,0,0.00
4.352000,-3.822,-0.320000,-0.320000,2.997,0.382217,0.000000,0.000000,3.728,1.000,0.000000,0.000000,0.000000,0.000000,0.000000,0.000000,0,0.00
4.354000,-3.839,-0.320000,-0.320000,2.997,0.383868,0.000000,0.000000,3.757,1.000,0.000000,0.000000,0.000000,0.000000,0.000000,0.000000,0,0.00
4.356000,-3.867,-0.320000,-0.320000,2.997,0.386682,0.000000,0.000000,3.768,1.000,0.000000,0.000000,0.000000,0.000000,0.000000,0.000000,0,0.00
4.358000,-3.879,-0.320000,-0.320000,2.997,0.387899,0.000000,0.000000,3.813,1.000,0.000000,0.000000,0.000000,0.000000,0.000000,0.000000,0,0.00
4.360000,-3.894,-0.320000,-0.320000,2.997,0.389371,0.000000,0.000000,3.822,1.000,0.000000,0.000000,0.000000,0.000000,0.000000,0.000000,0,0.00
4.362000,-3.903,-0.320000,-0.320000,2.997,0.390284,0.000000,0.000000,3.839,1.000,0.000000,0.000000,0.000000,0.000000,0.000000,0.000000,0,0.00
4.364000,-3.921,-0.320000,-0.320000,2.997,0.392131,0.000000,0.000000,3.867,1.000,0.000000,0.000000,0.000000,0.000000,0.000000,0.000000,0,0.00
4.366000,-3.939,-0.320000,-0.320000,2.997,0.393872,0.000000,0.000000,3.879,1.000,0.000000,0.000000,0.000000,0.000000,0.000000,0.000000,0,0.00
4.368000,-3.940,-0.320000,-0.320000,2.997,0.393995,0.000000,0.000000,3.894,1.000,0.000000,0.000000,0.000000,0.000000,0.000000,0.000000,0,0.00
4.370000,-3.959,-0.320000,-0.320000,2.997,0.395856,0.000000,0.000000,3.903,1.000,0.000000,0.000000,0.000000,0.000000,0.000000,0.000000,0,0.00
4.372000,-3.953,-0.320000,-0.320000,2.997,0.395263,0.000000,0.000000,3.921,1.000,0.000000,0.000000,0.000000,0.000000,0.000000,0.000000,0,0.00
4.374000,-3.948,-0.320000,-0.320000,2.997,0.394808,0.000000,0.000000,3.939,1.000,0.000000,0.000000,0.000000,0.000000,0.000000,0.000000,0,0.00
4.376000,-3.987,-0.320000,-0.320000,2.997,0.398679,0.000000,0.000000,3.940,1.000,0.000000,0.000000,0.000000,0.000000,0.000000,0.000000,0,0.00
4.378000,-3.969,-0.320000,-0.320000,2.997,0.396910,0.000000,0.000000,3.959,1.000,0.000000,0.000000,0.000000,0.000000,0.000000,0.000000,0,0.00
4.380000,-3.976,-0.320000,-0.320000,2.997,0.397633,0.000000,0.000000,3.953,1.000,0.000000,0.000000,0.000000,0.000000,0.000000,0.000000,0,0.00
4.382000,-3.963,-0.320000,-0.320000,2.997,0.396332,0.000000,0.000000,3.948,1.000,0.000000,0.000000,0.000000,0.000000,0.000000,0.000000,0,0.00
4.384000,-3.976,-0.320000,-0.320000,2.997,0.397558,0.000000,0.000000,3.987,1.000,0.000000,0.000000,0.000000,0.000000,0.000000,0.000000,0,0.00
4.386000,-3.960,-0.320000,-0.320000,2.997,0.396045,0.000000,-0.000000,3.969,1.000,0.000000,0.000000,0.000000,0.000000,0.000000,0.000000,0,0.00
4.388000,-3.945,-0.320000,-0.320000,2.997,0.394479,0.000000,-0.000000,3.976,1.000,0.000000,0.000000,0.000000,0.000000,0.000000,0.000000,0,0.00
4.390000,-3.933,-0.320000,-0.320000,2.997,0.393301,0.000000,-0.000000,3.963,1.000,0.000000,0.000000,0.000000,0.000000,0.000000,0.000000,0,0.00
4.392000,-3.945,-0.320000,-0.320000,2.997,0.394466,0.000000,-0.000000,3.976,1.000,0.000000,0.000000,0.000000,0.000000,0.000000,0.000000,0,0.00
4.394000,-3.947,-0.320000,-0.320000,2.997,0.394718,0.000000,-0.000000,3.960,1.000,0.000000,0.000000,0.000000,0.000000,0.000000,0.000000,0,0.00
4.396000,-3.916,-0.320000,-0.320000,2.997,0.391624,0.000000,-0.000000,3.945,1.000,0.000000,0.000000,0.000000,0.000000,0.000000,0.000000,0,0.00
4.398000,-3.932,-0.320000,-0.320000,2.997,0.393212,0.000000,-0.000000,3.933,1.000,0.000000,0.000000,0.000000,0.000000,0.000000,0.000000,0,0.00
4.400000,-3.898,-0.320000,-0.320000,2.997,0.389775,0.000000,0.000000,0.000,1.000,0.000000,0.000000,0.000000,0.000000,0.000000,0.000000,0,0.00
4.402000,-3.890,-0.320000,-0.320000,2.997,0.389025,0.000000,-0.000000,0.000,1.000,0.000000,0.000000,0.000000,0.000000,0.000000,0.000000,0,0.00
4.404000,-3.875,-0.320000,-0.320000,2.997,0.387476,0.000000,-0.000000,0.000,1.000,0.000000,0.000000,0.000000,0.000000,0.000000,0.000000,0,0.00
4.406000,-3.862,-0.320000,-0.320000,2.997,0.386176,0.000000,-0.000000,0.000,1.000,0.000000,0.000000,0.000000,0.000000,0.000000,0.000000,0,0.00
4.408000,-3.822,-0.320000,-0.320000,2.997,0.382166,0.000000,-0.000000,3.898,1.000,0.000000,0.000000,0.000000,0.000000,0.000000,0.000000,0,0.00
4.410000,-3.824,-0.320000,-0.320000,2.997,0.382382,0.000000,-0.000000,3.890,1.000,0.000000,0.000000,0.000000,0.000000,0.000000,0.000000,0,0.00
4.412000,-3.815,-0.320000,-0.320000,2.997,0.381531,0.000000,-0.000000,3.875,1.000,0.000000,0.000000,0.000000,0.000000,0.000000,0.000000,0,0.00
4.414000,-3.779,-0.320000,-0.320000,2.997,0.377934,0.000000,-0.000000,3.862,1.000,0.000000,0.000000,0.000000,0.000000,0.000000,0.000000,0,0.00
4.416000,-3.785,-0.320000,-0.320000,2.997,0.378460,0.000000,-0.000000,3.822,1.000,0.000000,0.000000,0.000000,0.000000,0.000000,0.000000,0,0.00
4.418000,-3.746,-0.320000,-0.320000,2.997,0.374597,0.000000,-0.000000,3.824,1.000,0.000000,0.000000,0.000000,0.000000,0.000000,0.000000,0,0.00
4.420000,-3.736,-0.320000,-0.320000,2.997,0.373576,0.000000,-0.000000,3.815,1.000,0.000000,0.000000,0.000000,0.000000,0.000000,0.000000,0,0.00
4.422000,-3.683,-0.320000,-0.320000,2.997,0.368269,0.000000,-0.000000,3.779,1.000,0.000000,0.000000,0.000000,0.000000,0.000000,0.000000,0,0.00
4.424000,-3.689,-0.320000,-0.320000,2.997,0.368907,0.000000,-0.000000,3.785,1.000,0.000000,0.000000,0.000000,0.000000,0.000000,0.000000,0,0.00
4.426000,-3.646,-0.320000,-0.320000,2.997,0.364598,0.000000,-0.000000,3.746,1.000,0.000000,0.000000,0.000000,0.000000,0.000000,0.000000,0,0.00
4.428000,-3.646,-0.320000,-0.320000,2.997,0.364575,0.000000,-0.000000,3.736,1.000,0.000000,0.000000,0.000000,0.000000,0.000000,0.000000,0,0.00
4.430000,-3.599,-0.320000,-0.320000,2.997,0.359894,0.000000,-0.000000,3.683,1.000,0.000000,0.000000,0.000000,0.000000,0.000000,0.000000,0,0.00
4.432000,-3.583,-0.320000,-0.320000,2.997,0.358303,0.000000,-0.000000,3.689,1.000,0.000000,0.000000,0.000000,0.000000,0.000000,0.000000,0,0.00
4.434000,-3.555,-0.320000,-0.320000,2.997,0.355473,0.000000,-0.000000,3.646,1.000,0.000000,0.000000,0.000000,0.000000,0.000000,0.000000,0,0.00
4.436000,-3.543,-0.320000,-0.320000,2.997,0.354340,0.000000,-0.000000,3.646,1.000,0.000000,0.000000,0.000000,0.000000,0.000000,0.000000,0,0.00
4.438000,-3.483,-0.320000,-0.320000,2.997,0.348321,0.000000,-0.000000,3.599,1.000,0.000000,0.000000,0.000000,0.000000,0.000000,0.000000,0,0.00
4.440000,-3.466,-0.320000,-0.320000,2.997,0.346650,0.000000,-0.000000,3.583,1.000,0.000000,0.000000,0.000000,0.000000,0.000000,0.000000,0,0.00
4.442000,-3.445,-0.320000,-0.320000,2.997,0.344472,0.000000,-0.000000,3.555,1.000,0.000000,0.000000,0.000000,0.000000,0.000000,0.000000,0,0.00
4.444000,-3.407,-0.320000,-0.320000,2.997,0.340733,0.000000,-0.000000,3.543,1.000,0.000000,0.000000,0.000000,0.000000,0.000000,0.000000,0,0.00
4.446000,-3.395,-0.320000,-0.320000,2.997,0.339469,0.000000,-0.000000,3.483,1.000,0.000000,0.000000,0.000000,0.000000,0.000000,0.000000,0,0.00
4.448000,-3.336,-0.320000,-0.320000,2.997,0.333578,0.000000,-0.000000,3.466,1.000,0.000000,0.000000,0.000000,0.000000,0.000000,0.000000,0,0.00
4.450000,-3.308,-0.320000,-0.320000,2.997,0.330755,0.000000,-0.000000,3.445,1.000,0.000000,0.000000,0.000000,0.000000,0.000000,0.000000,0,0.00
4.452000,-3.276,-0.320000,-0.320000,2.997,0.327618,0.000000,-0.000000,3.407,1.000,0.000000,0.000000,0.000000,0.000000,0.000000,0.000000,0,0.00
4.454000,-3.236,-0.320000,-0.320000,2.997,0.323561,0.000000,-0.000000,3.395,1.000,0.000000,0.000000,0.000000,0.000000,0.000000,0.000000,0,0.00
4.456000,-3.204,-0.320000,-0.320000,2.997,0.320380,0.000000,-0.000000,3.336,1.000,0.000000,0.000000,0.000000,0.000000,0.000000,0.000000,0,0.00
4.458000,-3.162,-0.316211,-0.316211,2.997,0.316211,0.000000,-0.000000,3.308,0.988,0.000000,0.000000,0.000000,0.000000,0.000000,0.000000,0,0.00
4.460000,-3.144,-0.314418,-0.314418,2.997,0.314418,0.000000,-0.000000,3.276,0.983,0.000000,0.000000,0.000000,0.000000,0.000000,0.000000,0,0.00
4.462000,-3.102,-0.310233,-0.310233,2.997,0.310233,0.000000,-0.000000,3.236,0.969,0.000000,0.000000,0.000000,0.000000,0.000000,0.000000,0,0.00
4.464000,-3.060,-0.306013,-0.306013,2.997,0.306013,0.000000,-0.000000,3.204,0.956,0.000000,0.000000,0.000000,0.000000,0.000000,0.000000,0,0.00
4.466000,-3.006,-0.300647,-0.300647,2.997,0.300647,0.000000,-0.000000,3.162,0.940,0.000000,0.000000,0.000000,0.000000,0.000000,0.000000,0,0.00
4.468000,-2.975,-0.297550,-0.297550,2.997,0.297550,0.000000,-0.000000,3.144,0.930,0.000000,0.000000,0.000000,0.000000,0.000000,0.000000,0,0.00
4.470000,-2.958,-0.295786,-0.295786,2.997,0.295786,0.000000,-0.000000,3.102,0.924,0.000000,0.000000,0.000000,0.000000,0.000000,0.000000,0,0.00
4.472000,-2.901,-0.290103,-0.290103,2.997,0.290103,0.000000,-0.000000,3.060,0.907,0.000000,0.000000,0.000000,0.000000,0.000000,0.000000,0,0.00
4.474000,-2.881,-0.288102,-0.288102,2.997,0.288102,0.000000,-0.000000,3.006,0.900,0.000000,0.000000,0.000000,0.000000,0.000000,0.000000,0,0.00
4.476000,-2.821,-0.282111,-0.282111,2.997,0.282111,0.000000,-0.000000,2.975,0.882,0.000000,0.000000,0.000000,0.000000,0.000000,0.000000,0,0.00
4.478000,-2.792,-0.279219,-0.279219,2.997,0.279219,0.000000,-0.000000,2.958,0.873,0.000000,0.000000,0.000000,0.000000,0.000000,0.000000,0,0.00
4.480000,-2.751,-0.275146,-0.275146,2.997,0.275146,0.000000,-0.000000,2.901,0.860,0.000000,0.000000,0.000000,0.000000,0.000000,0.000000,0,0.00
4.482000,-2.693,-0.269315,-0.269315,2.997,0.269315,0.000000,-0.000000,2.881,0.842,0.000000,0.000000,0.000000,0.000000,0.000000,0.000000,0,0.00
4.484000,-2.645,-0.264459,-0.264459,2.997,0.264459,0.000000,-0.000000,2.821,0.826,0.000000,0.000000,0.000000,0.000000,0.000000,0.000000,0,0.00
4.486000,-2.597,-0.259694,-0.259694,2.997,0.259694,0.000000,-0.000000,2.792,0.812,0.000000,0.000000,0.000000,0.000000,0.000000,0.000000,0,0.00
4.488000,-2.555,-0.255536,-0.255536,3.001,0.255536,0.000000,-0.000000,2.751,0.799,0.000000,0.000000,0.000000,0.000000,0.000000,0.000000,0,0.00
4.490000,-2.493,-0.249271,-0.249271,3.050,0.249271,0.000000,-0.000000,2.693,0.779,0.000000,0.000000,0.000000,0.000000,0.000000,0.000000,0,0.00
4.492000,-2.456,-0.245554,-0.245554,3.079,0.245554,0.000000,-0.000000,2.645,0.767,0.000000,0.000000,0.000000,0.000000,0.000000,0.000000,0,0.00
4.494000,-2.395,-0.239500,-0.239500,3.126,0.239500,0.000000,-0.000000,2.597,0.748,0.000000,0.000000,0.000000,0.000000,0.000000,0.000000,0,0.00
4.496000,-2.348,-0.234773,-0.234773,3.163,0.234773,0.000000,-0.000000,2.555,0.734,0.000000,0.000000,0.000000,0.000000,0.000000,0.000000,0,0.00
4.498000,-2.297,-0.229701,-0.229701,3.202,0.229701,0.000000,-0.000000,2.493,0.718,0.000000,0.000000,0.000000,0.000000,0.000000,0.000000,0,0.00
4.500000,-2.264,-0.226415,-0.226415,3.228,0.226415,0.000000,0.000000,0.000,0.708,0.000000,0.000000,0.000000,0.000000,0.000000,0.000000,0,0.00
4.502000,-2.188,-0.218836,-0.218836,3.287,0.218836,0.000000,-0.000000,0.000,0.684,0.000000,0.000000,0.000000,0.000000,0.000000,0.000000,0,0.00
4.504000,-2.159,-0.215903,-0.215903,3.310,0.215903,0.000000,-0.000000,0.000,0.675,0.000000,0.000000,0.000000,0.000000,0.000000,0.000000,0,0.00
4.506000,-2.080,-0.207996,-0.207996,3.372,0.207996,0.000000,-0.000000,0.000,0.650,0.000000,0.000000,0.000000,0.000000,0.000000,0.000000,0,0.00
4.508000,-2.025,-0.202540,-0.202540,3.414,0.202540,0.000000,-0.000000,2.264,0.633,0.000000,0.000000,0.000000,0.000000,0.000000,0.000000,0,0.00
4.510000,-1.962,-0.196231,-0.196231,3.464,0.196231,0.000000,-0.000000,2.188,0.613,0.000000,0.000000,0.000000,0.000000,0.000000,0.000000,0,0.00
4.512000,-1.927,-0.192703,-0.192703,3.491,0.192703,0.000000,-0.000000,2.159,0.602,0.000000,0.000000,0.000000,0.000000,0.000000,0.000000,0,0.00
4.514000,-1.847,-0.184671,-0.184671,3.554,0.184671,0.000000,-0.000000,2.080,0.577,0.000000,0.000000,0.000000,0.000000,0.000000,0.000000,0,0.00
4.516000,-1.769,-0.176887,-0.176887,3.615,0.176887,0.000000,-0.000000,2.025,0.553,0.000000,0.000000,0.000000,0.000000,0.000000,0.000000,0,0.00
4.518000,-1.721,-0.172149,-0.172149,3.652,0.172149,0.000000,-0.000000,1.962,0.538,0.000000,0.000000,0.000000,0.000000,0.000000,0.000000,0,0.00
4.520000,-1.658,-0.165847,-0.165847,3.701,0.165847,0.000000,-0.000000,1.927,0.518,0.000000,0.000000,0.000000,0.000000,0.000000,0.000000,0,0.00
4.522000,-1.599,-0.159941,-0.159941,3.747,0.159941,0.000000,-0.000000,1.847,0.500,0.000000,0.000000,0.000000,0.000000,0.000000,0.000000,0,0.00
4.524000,-1.535,-0.153510,-0.153510,3.797,0.153510,0.000000,-0.000000,1.769,0.480,0.000000,0.000000,0.000000,0.000000,0.000000,0.000000,0,0.00
4.526000,-1.457,-0.145689,-0.145689,3.858,0.145689,0.000000,-0.000000,1.721,0.455,0.000000,0.000000,0.000000,0.000000,0.000000,0.000000,0,0.00
4.528000,-1.399,-0.139909,-0.139909,3.903,0.139909,0.000000,-0.000000,1.658,0.437,0.000000,0.000000,0.000000,0.000000,0.000000,0.000000,0,0.00
4.530000,-1.325,-0.132479,-0.132479,3.961,0.132479,0.000000,-0.000000,1.599,0.414,0.000000,0.000000,0.000000,0.000000,0.000000,0.000000,0,0.00
4.532000,-1.249,-0.124936,-0.124936,4.020,0.124936,0.000000,-0.000000,1.535,0.390,0.000000,0.000000,0.000000,0.000000,0.000000,0.000000,0,0.00
4.534000,-1.197,-0.119711,-0.119711,4.061,0.119711,0.000000,-0.000000,1.457,0.374,0.000000,0.000000,0.000000,0.000000,0.000000,0.000000,0,0.00
4.536000,-1.127,-0.112682,-0.112682,4.116,0.112682,0.000000,-0.000000,1.399,0.352,0.000000,0.000000,0.000000,0.000000,0.000000,0.000000,0,0.00
4.538000,-1.049,-0.104868,-0.104868,4.177,0.104868,0.000000,-0.000000,1.325,0.328,0.000000,0.000000,0.000000,0.000000,0.000000,0.000000,0,0.00
4.540000,-0.986,-0.098628,-0.098628,4.225,0.098628,0.000000,-0.000000,1.249,0.308,0.000000,0.000000,0.000000,0.000000,0.000000,0.000000,0,0.00
4.542000,-0.910,-0.091028,-0.091028,4.285,0.091028,0.000000,-0.000000,1.197,0.284,0.000000,0.000000,0.000000,0.000000,0.000000,0.000000,0,0.00
4.544000,-0.837,-0.083663,-0.083663,4.342,0.083663,0.000000,-0.000000,1.127,0.261,0.000000,0.000000,0.000000,0.000000,0.000000,0.000000,0,0.00
4.546000,-0.758,-0.075809,-0.075809,4.404,0.075809,0.000000,-0.000000,1.049,0.237,0.000000,0.000000,0.000000,0.000000,0.000000,0.000000,0,0.00
4.548000,-0.690,-0.068997,-0.068997,4.457,0.068997,0.000000,-0.000000,0.986,0.216,0.000000,0.000000,0.000000,0.000000,0.000000,0.000000,0,0.00
4.550000,-0.641,-0.064145,-0.064145,4.495,0.064145,0.000000,-0.000000,0.910,0.200,0.000000,0.000000,0.000000,0.000000,0.000000,0.000000,0,0.00
4.552000,-0.548,-0.054840,-0.054840,4.567,0.054840,0.000000,-0.000000,0.837,0.171,0.000000,0.000000,0.000000,0.000000,0.000000,0.000000,0,0.00
4.554000,-0.472,-0.047211,-0.047211,4.627,0.047211,0.000000,-0.000000,0.758,0.148,0.000000,0.000000,0.000000,0.000000,0.000000,0.000000,0,0.00
4.556000,-0.396,-0.039580,-0.039580,4.686,0.039580,0.000000,-0.000000,0.690,0.124,0.000000,0.000000,0.000000,0.000000,0.000000,0.000000,0,0.00
4.558000,-0.311,-0.031082,-0.031082,4.753,0.031082,0.000000,-0.000000,0.641,0.097,0.000000,0.000000,0.000000,0.000000,0.000000,0.000000,0,0.00
4.560000,-0.232,-0.023200,-0.023200,4.814,0.023200,0.000000,-0.000000,0.548,0.073,0.000000,0.000000,0.000000,0.000000,0.000000,0.000000,0,0.00
4.562000,-0.184,-0.018431,-0.018431,4.851,0.018431,0.000000,-0.000000,0.472,0.058,0.000000,0.000000,0.000000,0.000000,0.000000,0.000000,0,0.00
4.564000,-0.084,-0.008431,-0.008431,4.929,0.008431,0.000000,-0.000000,0.396,0.026,0.000000,0.000000,0.000000,0.000000,0.000000,0.000000,0,0.00
4.566000,-0.011,-0.001093,-0.001093,4.987,0.001093,0.000000,-0.000000,0.311,0.003,0.000000,0.000000,0.000000,0.000000,0.000000,0.000000,0,0.00
4.568000,0.062,0.006206,0.006206,4.947,-0.006206,0.000000,-0.000000,0.232,0.019,0.000000,0.000000,0.000000,0.000000,0.000000,0.000000,0,0.00
4.570000,0.137,0.013732,0.013732,4.888,-0.013732,0.000000,-0.000000,0.184,0.043,0.000000,0.000000,0.000000,0.000000,0.000000,0.000000,0,0.00
4.572000,0.197,0.019720,0.019720,4.841,-0.019720,0.000000,-0.000000,0.084,0.062,0.000000,0.000000,0.000000,0.000000,0.000000,0.000000,0,0.00
4.574000,0.297,0.029720,0.029720,4.763,-0.029720,0.000000,-0.000000,0.011,0.093,0.000000,0.000000,0.000000,0.000000,0.000000,0.000000,0,0.00
4.576000,0.361,0.036133,0.036133,4.713,-0.036133,0.000000,-0.000000,-0.062,0.113,0.000000,0.000000,0.000000,0.000000,0.000000,0.000000,0,0.00
4.578000,0.442,0.044156,0.044156,4.651,-0.044156,0.000000,-0.000000,-0.137,0.138,0.000000,0.000000,0.000000,0.000000,0.000000,0.000000,0,0.00
4.580000,0.517,0.051706,0.051706,4.592,-0.051706,0.000000,-0.000000,-0.197,0.162,0.000000,0.000000,0.000000,0.000000,0.000000,0.000000,0,0.00
4.582000,0.587,0.058738,0.058738,4.537,-0.058738,0.000000,-0.000000,-0.297,0.184,0.000000,0.000000,0.000000,0.000000,0.000000,0.000000,0,0.00
4.584000,0.685,0.068487,0.068487,4.461,-0.068487,0.000000,-0.000000,-0.361,0.214,0.000000,0.000000,0.000000,0.000000,0.000000,0.000000,0,0.00
4.586000,0.749,0.074864,0.074864,4.411,-0.074864,0.000000,-0.000000,-0.442,0.234,0.000000,0.000000,0.000000,0.000000,0.000000,0.000000,0,0.00
4.588000,0.846,0.084650,0.084650,4.335,-0.084650,0.000000,-0.000000,-0.517,0.265,0.000000,0.000000,0.000000,0.000000,0.000000,0.000000,0,0.00
4.590000,0.902,0.090165,0.090165,4.292,-0.090165,0.000000,-0.000000,-0.587,0.282,0.000000,0.000000,0.000000,0.000000,0.000000,0.000000,0,0.00
4.592000,0.984,0.098355,0.098355,4.228,-0.098355,0.000000,-0.000000,-0.685,0.307,0.000000,0.000000,0.000000,0.000000,0.000000,0.000000,0,0.00
4.594000,1.049,0.104919,0.104919,4.176,-0.104919,0.000000,-0.000000,-0.749,0.328,0.000000,0.000000,0.000000,0.000000,0.000000,0.000000,0,0.00
4.596000,1.140,0.114012,0.114012,4.105,-0.114012,0.000000,-0.000000,-0.846,0.356,0.000000,0.000000,0.000000,0.000000,0.000000,0.000000,0,0.00
4.598000,1.210,0.120989,0.120989,4.051,-0.120989,0.000000,-0.000000,-0.902,0.378,0.000000,0.000000,0.000000,0.000000,0.000000,0.000000,0,0.00
4.600000,1.299,0.129862,0.129862,3.982,-0.129862,0.000000,-0.000000,0.000,0.406,0.000000,0.000000,0.000000,0.000000,0.000000,0.000000,0,0.00
4.602000,1.367,0.136745,0.136745,3.928,-0.136745,0.000000,-0.000000,0.000,0.427,0.000000,0.000000,0.000000,0.000000,0.000000,0.000000,0,0.00
4.604000,1.467,0.146745,0.146745,3.850,-0.146745,0.000000,-0.000000,0.000,0.459,0.000000,0.000000,0.000000,0.000000,0.000000,0.000000,0,0.00
4.606000,1.523,0.152346,0.152346,3.806,-0.152346,0.000000,-0.000000,0.000,0.476,0.000000,0.000000,0.000000,0.000000,0.000000,0.000000,0,0.00
4.608000,1.600,0.159956,0.159956,3.747,-0.159956,0.000000,-0.000000,-1.299,0.500,0.000000,0.000000,0.000000,0.000000,0.000000,0.000000,0,0.00
4.610000,1.694,0.169353,0.169353,3.673,-0.169353,0.000000,-0.000000,-1.367,0.529,0.000000,0.000000,0.000000,0.000000,0.000000,0.000000,0,0.00
4.612000,1.758,0.175821,0.175821,3.623,-0.175821,0.000000,-0.000000,-1.467,0.549,0.000000,0.000000,0.000000,0.000000,0.000000,0.000000,0,0.00
4.614000,1.817,0.181721,0.181721,3.577,-0.181721,0.000000,-0.000000,-1.523,0.568,0.000000,0.000000,0.000000,0.000000,0.000000,0.000000,0,0.00
4.616000,1.909,0.190882,0.190882,3.505,-0.190882,0.000000,-0.000000,-1.600,0.597,0.000000,0.000000,0.000000,0.000000,0.000000,0.000000,0,0.00
4.618000,1.988,0.198842,0.198842,3.443,-0.198842,0.000000,-0.000000,-1.694,0.621,0.000000,0.000000,0.000000,0.000000,0.000000,0.000000,0,0.00
4.620000,2.063,0.206334,0.206334,3.385,-0.206334,0.000000,-0.000000,-1.758,0.645,0.000000,0.000000,0.000000,0.000000,0.000000,0.000000,0,0.00
4.622000,2.129,0.212889,0.212889,3.334,-0.212889,0.000000,-0.000000,-1.817,0.665,0.000000,0.000000,0.000000,0.000000,0.000000,0.000000,0,0.00
4.624000,2.199,0.219915,0.219915,3.279,-0.219915,0.000000,-0.000000,-1.909,0.687,0.000000,0.000000,0.000000,0.000000,0.000000,0.000000,0,0.00
4.626000,2.268,0.226798,0.226798,3.225,-0.226798,0.000000,-0.000000,-1.988,0.709,0.000000,0.000000,0.000000,0.000000,0.000000,0.000000,0,0.00
4.628000,2.342,0.234168,0.234168,3.168,-0.234168,0.000000,-0.000000,-2.063,0.732,0.000000,0.000000,0.000000,0.000000,0.000000,0.000000,0,0.00
4.630000,2.418,0.241812,0.241812,3.108,-0.241812,0.000000,-0.000000,-2.129,0.756,0.000000,0.000000,0.000000,0.000000,0.000000,0.000000,0,0.00
4.632000,2.484,0.248376,0.248376,3.057,-0.248376,0.000000,-0.000000,-2.199,0.776,0.000000,0.000000,0.000000,0.000000,0.000000,0.000000,0,0.00
4.634000,2.550,0.254972,0.254972,3.005,-0.254972,0.000000,-0.000000,-2.268,0.797,0.000000,0.000000,0.000000,0.000000,0.000000,0.000000,0,0.00
4.636000,2.628,0.262805,0.262805,2.997,-0.262805,0.000000,-0.000000,-2.342,0.821,0.000000,0.000000,0.000000,0.000000,0.000000,0.000000,0,0.00
4.638000,2.699,0.269899,0.269899,2.997,-0.269899,0.000000,-0.000000,-2.418,0.843,0.000000,0.000000,0.000000,0.000000,0.000000,0.000000,0,0.00
4.640000,2.751,0.275076,0.275076,2.997,-0.275076,0.000000,-0.000000,-2.484,0.860,0.000000,0.000000,0.000000,0.000000,0.000000,0.000000,0,0.00
4.642000,2.814,0.281430,0.281430,2.997,-0.281430,0.000000,-0.000000,-2.550,0.879,0.000000,0.000000,0.000000,0.000000,0.000000,0.000000,0,0.00
4.644000,2.887,0.288661,0.288661,2.997,-0.288661,0.000000,-0.000000,-2.628,0.902,0.000000,0.000000,0.000000,0.000000,0.000000,0.000000,0,0.00
4.646000,2.963,0.296264,0.296264,2.997,-0.296264,0.000000,-0.000000,-2.699,0.926,0.000000,0.000000,0.000000,0.000000,0.000000,0.000000,0,0.00
4.648000,3.018,0.301775,0.301775,2.997,-0.301775,0.000000,-0.000000,-2.751,0.943,0.000000,0.000000,0.000000,0.000000,0.000000,0.000000,0,0.00
4.650000,3.085,0.308524,0.308524,2.997,-0.308524,0.000000,-0.000000,-2.814,0.964,0.000000,0.000000,0.000000,0.000000,0.000000,0.000000,0,0.00
4.652000,3.139,0.313890,0.313890,2.997,-0.313890,0.000000,-0.000000,-2.887,0.981,0.000000,0.000000,0.000000,0.000000,0.000000,0.000000,0,0.00
4.654000,3.209,0.320000,0.320000,2.997,-0.320888,0.000000,-0.000000,-2.963,1.000,0.000000,0.000000,0.000000,0.000000,0.000000,0.000000,0,0.00
4.656000,3.266,0.320000,0.320000,2.997,-0.326630,0.000000,-0.000000,-3.018,1.000,0.000000,0.000000,0.000000,0.000000,0.000000,0.000000,0,0.00
4.658000,3.335,0.320000,0.320000,2.997,-0.333458,0.000000,-0.000000,-3.085,1.000,0.000000,0.000000,0.000000,0.000000,0.000000,0.000000,0,0.00
4.660000,3.385,0.320000,0.320000,2.997,-0.338506,0.000000,-0.000000,-3.139,1.000,0.000000,0.000000,0.000000,0.000000,0.000000,0.000000,0,0.00
4.662000,3.446,0.320000,0.320000,2.997,-0.344647,0.000000,-0.000000,-3.209,1.000,0.000000,0.000000,0.000000,0.000000,0.000000,0.000000,0,0.00
4.664000,3.486,0.320000,0.320000,2.997,-0.348586,0.000000,-0.000000,-3.266,1.000,0.000000,0.000000,0.000000,0.000000,0.000000,0.000000,0,0.00
4.666000,3.556,0.320000,0.320000,2.997,-0.355592,0.000000,-0.000000,-3.335,1.000,0.000000,0.000000,0.000000,0.000000,0.000000,0.000000,0,0.00
4.668000,3.599,0.320000,0.320000,2.997,-0.359926,0.000000,-0.000000,-3.385,1.000,0.000000,0.000000,0.000000,0.000000,0.000000,0.000000,0,0.00
4.670000,3.661,0.320000,0.320000,2.997,-0.366146,0.000000,-0.000000,-3.446,1.000,0.000000,0.000000,0.000000,0.000000,0.000000,0.000000,0,0.00
4.672000,3.701,0.320000,0.320000,2.997,-0.370136,0.000000,-0.000000,-3.486,1.000,0.000000,0.000000,0.000000,0.000000,0.000000,0.000000,0,0.00
4.674000,3.732,0.320000,0.320000,2.997,-0.373244,0.000000,-0.000000,-3.556,1.000,0.000000,0.000000,0.000000,0.000000,0.000000,0.000000,0,0.00
4.676000,3.798,0.320000,0.320000,2.997,-0.379762,0.000000,-0.000000,-3.599,1.000,0.000000,0.000000,0.000000,0.000000,0.000000,0.000000,0,0.00
4.678000,3.835,0.320000,0.320000,2.997,-0.383499,0.000000,-0.000000,-3.661,1.000,0.000000,0.000000,0.000000,0.000000,0.000000,0.000000,0,0.00
4.680000,3.889,0.320000,0.320000,2.997,-0.388923,0.000000,-0.000000,-3.701,1.000,0.000000,0.000000,0.000000,0.000000,0.000000,0.000000,0,0.00
4.682000,3.916,0.320000,0.320000,2.997,-0.391646,0.000000,-0.000000,-3.732,1.000,0.000000,0.000000,0.000000,0.000000,0.000000,0.000000,0,0.00
4.684000,3.952,0.320000,0.320000,2.997,-0.395217,0.000000,-0.000000,-3.798,1.000,0.000000,0.000000,0.000000,0.000000,0.000000,0.000000,0,0.00
4.686000,3.960,0.320000,0.320000,2.997,-0.396011,0.000000,-0.000000,-3.835,1.000,0.000000,0.000000,0.000000,0.000000,0.000000,0.000000,0,0.00
4.688000,4.019,0.320000,0.320000,2.997,-0.401862,0.000000,-0.000000,-3.889,1.000,0.000000,0.000000,0.000000,0.000000,0.000000,0.000000,0,0.00
4.690000,4.033,0.320000,0.320000,2.997,-0.403343,0.000000,-0.000000,-3.916,1.000,0.000000,0.000000,0.000000,0.000000,0.000000,0.000000,0,0.00
4.692000,4.072,0.320000,0.320000,2.997,-0.407171,0.000000,-0.000000,-3.952,1.000,0.000000,0.000000,0.000000,0.000000,0.000000,0.000000,0,0.00
4.694000,4.099,0.320000,0.320000,2.997,-0.409896,0.000000,-0.000000,-3.960,1.000,0.000000,0.000000,0.000000,0.000000,0.000000,0.000000,0,0.00
4.696000,4.101,0.320000,0.320000,2.997,-0.410093,0.000000,-0.000000,-4.019,1.000,0.000000,0.000000,0.000000,0.000000,0.000000,0.000000,0,0.00
4.698000,4.137,0.320000,0.320000,2.997,-0.413652,0.000000,-0.000000,-4.033,1.000,0.000000,0.000000,0.000000,0.000000,0.000000,0.000000,0,0.00
4.700000,4.159,0.320000,0.320000,2.997,-0.415904,0.000000,-0.000000,0.000,1.000,0.000000,0.000000,0.000000,0.000000,0.000000,0.000000,0,0.00
4.702000,4.192,0.320000,0.320000,2.997,-0.419247,0.000000,-0.000000,0.000,1.000,0.000000,0.000000,0.000000,0.000000,0.000000,0.000000,0,0.00
4.704000,4.214,0.320000,0.320000,2.997,-0.421375,0.000000,-0.000000,0.000,1.000,0.000000,0.000000,0.000000,0.000000,0.000000,0.000000,0,0.00
4.706000,4.227,0.320000,0.320000,2.997,-0.422673,0.000000,-0.000000,0.000,1.000,0.000000,0.000000,0.000000,0.000000,0.000000,0.000000,0,0.00
4.708000,4.249,0.320000,0.320000,2.997,-0.424883,0.000000,-0.000000,-4.159,1.000,0.000000,0.000000,0.000000,0.000000,0.000000,0.000000,0,0.00
4.710000,4.260,0.320000,0.320000,2.997,-0.426047,0.000000,-0.000000,-4.192,1.000,0.000000,0.000000,0.000000,0.000000,0.000000,0.000000,0,0.00
4.712000,4.282,0.320000,0.320000,2.997,-0.428218,0.000000,-0.000000,-4.214,1.000,0.000000,0.000000,0.000000,0.000000,0.000000,0.000000,0,0.00
4.714000,4.278,0.320000,0.320000,2.997,-0.427832,0.000000,-0.000000,-4.227,1.000,0.000000,0.000000,0.000000,0.000000,0.000000,0.000000,0,0.00
4.716000,4.286,0.320000,0.320000,2.997,-0.428553,0.000000,-0.000000,-4.249,1.000,0.000000,0.000000,0.000000,0.000000,0.000000,0.000000,0,0.00
4.718000,4.288,0.320000,0.320000,2.997,-0.428754,0.000000,-0.000000,-4.260,1.000,0.000000,0.000000,0.000000,0.000000,0.000000,0.000000,0,0.00
4.720000,4.300,0.320000,0.320000,2.997,-0.429974,0.000000,-0.000000,-4.282,1.000,0.000000,0.000000,0.000000,0.000000,0.000000,0.000000,0,0.00
4.722000,4.301,0.320000,0.320000,2.997,-0.430071,0.000000,-0.000000,-4.278,1.000,0.000000,0.000000,0.000000,0.000000,0.000000,0.000000,0,0.00
4.724000,4.317,0.320000,0.320000,2.997,-0.431698,0.000000,-0.000000,-4.286,1.000,0.000000,0.000000,0.000000,0.000000,0.000000,0.000000,0,0.00
4.726000,4.297,0.320000,0.320000,2.997,-0.429725,0.000000,-0.000000,-4.288,1.000,0.000000,0.000000,0.000000,0.000000,0.000000,0.000000,0,0.00
4.728000,4.318,0.320000,0.320000,2.997,-0.431801,0.000000,-0.000000,-4.300,1.000,0.000000,0.000000,0.000000,0.000000,0.000000,0.000000,0,0.00
4.730000,4.308,0.320000,0.320000,2.997,-0.430796,0.000000,-0.000000,-4.301,1.000,0.000000,0.000000,0.000000,0.000000,0.000000,0.000000,0,0.00
4.732000,4.303,0.320000,0.320000,2.997,-0.430314,0.000000,0.000000,-4.317,1.000,0.000000,0.000000,0.000000,0.000000,0.000000,0.000000,0,0.00
4.734000,4.316,0.320000,0.320000,2.997,-0.431581,0.000000,-0.000000,-4.297,1.000,0.000000,0.000000,0.000000,0.000000,0.000000,0.000000,0,0.00
4.736000,4.308,0.320000,0.320000,2.997,-0.430774,0.000000,-0.000000,-4.318,1.000,0.000000,0.000000,0.000000,0.000000,0.000000,0.000000,0,0.00
4.738000,4.327,0.320000,0.320000,2.997,-0.432710,0.000000,0.000000,-4.308,1.000,0.000000,0.000000,0.000000,0.000000,0.000000,0.000000,0,0.00
4.740000,4.275,0.320000,0.320000,2.997,-0.427493,0.000000,0.000000,-4.303,1.000,0.000000,0.000000,0.000000,0.000000,0.000000,0.000000,0,0.00
4.742000,4.279,0.320000,0.320000,2.997,-0.427879,0.000000,0.000000,-4.316,1.000,0.000000,0.000000,0.000000,0.000000,0.000000,0.000000,0,0.00
4.744000,4.295,0.320000,0.320000,2.997,-0.429485,0.000000,0.000000,-4.308,1.000,0.000000,0.000000,0.000000,0.000000,0.000000,0.000000,0,0.00
4.746000,4.277,0.320000,0.320000,2.997,-0.427718,0.000000,0.000000,-4.327,1.000,0.000000,0.000000,0.000000,0.000000,0.000000,0.000000,0,0.00
4.748000,4.261,0.320000,0.320000,2.997,-0.426136,0.000000,0.000000,-4.275,1.000,0.000000,0.000000,0.000000,0.000000,0.000000,0.000000,0,0.00
4.750000,4.247,0.320000,0.320000,2.997,-0.424656,0.000000,0.000000,-4.279,1.000,0.000000,0.000000,0.000000,0.000000,0.000000,0.000000,0,0.00
4.752000,4.247,0.320000,0.320000,2.997,-0.424683,0.000000,0.000000,-4.295,1.000,0.000000,0.000000,0.000000,0.000000,0.000000,0.000000,0,0.00
4.754000,4.245,0.320000,0.320000,2.997,-0.424514,0.000000,0.000000,-4.277,1.000,0.000000,0.000000,0.000000,0.000000,0.000000,0.000000,0,0.00
4.756000,4.242,0.320000,0.320000,2.997,-0.424246,0.000000,0.000000,-4.261,1.000,0.000000,0.000000,0.000000,0.000000,0.000000,0.000000,0,0.00
4.758000,4.203,0.320000,0.320000,2.997,-0.420346,0.000000,0.000000,-4.247,1.000,0.000000,0.000000,0.000000,0.000000,0.000000,0.000000,0,0.00
4.760000,4.174,0.320000,0.320000,2.997,-0.417359,0.000000,0.000000,-4.247,1.000,0.000000,0.000000,0.000000,0.000000,0.000000,0.000000,0,0.00
4.762000,4.176,0.320000,0.320000,2.997,-0.417584,0.000000,0.000000,-4.245,1.000,0.000000,0.000000,0.000000,0.000000,0.000000,0.000000,0,0.00
4.764000,4.146,0.320000,0.320000,2.997,-0.414570,0.000000,0.000000,-4.242,1.000,0.000000,0.000000,0.000000,0.000000,0.000000,0.000000,0,0.00
4.766000,4.146,0.320000,0.320000,2.997,-0.414558,0.000000,0.000000,-4.203,1.000,0.000000,0.000000,0.000000,0.000000,0.000000,0.000000,0,0.00
4.768000,4.106,0.320000,0.320000,2.997,-0.410641,0.000000,0.000000,-4.174,1.000,0.000000,0.000000,0.000000,0.000000,0.000000,0.000000,0,0.00
4.770000,4.087,0.320000,0.320000,2.997,-0.408680,0.000000,0.000000,-4.176,1.000,0.000000,0.000000,0.000000,0.000000,0.000000,0.000000,0,0.00
4.772000,4.080,0.320000,0.320000,2.997,-0.408047,0.000000,0.000000,-4.146,1.000,0.000000,0.000000,0.000000,0.000000,0.000000,0.000000,0,0.00
4.774000,4.050,0.320000,0.320000,2.997,-0.404993,0.000000,0.000000,-4.146,1.000,0.000000,0.000000,0.000000,0.000000,0.000000,0.000000,0,0.00
4.776000,4.044,0.320000,0.320000,2.997,-0.404380,0.000000,0.000000,-4.106,1.000,0.000000,0.000000,0.000000,0.000000,0.000000,0.000000,0,0.00
4.778000,4.002,0.320000,0.320000,2.997,-0.400219,0.000000,0.000000,-4.087,1.000,0.000000,0.000000,0.000000,0.000000,0.000000,0.000000,0,0.00
4.780000,3.981,0.320000,0.320000,2.997,-0.398088,0.000000,0.000000,-4.080,1.000,0.000000,0.000000,0.000000,0.000000,0.000000,0.000000,0,0.00
4.782000,3.946,0.320000,0.320000,2.997,-0.394566,0.000000,0.000000,-4.050,1.000,0.000000,0.000000,0.000000,0.000000,0.000000,0.000000,0,0.00
4.784000,3.937,0.320000,0.320000,2.997,-0.393663,0.000000,0.000000,-4.044,1.000,0.000000,0.000000,0.000000,0.000000,0.000000,0.000000,0,0.00
4.786000,3.904,0.320000,0.320000,2.997,-0.390432,0.000000,0.000000,-4.002,1.000,0.000000,0.000000,0.000000,0.000000,0.000000,0.000000,0,0.00
4.788000,3.880,0.320000,0.320000,2.997,-0.388026,0.000000,0.000000,-3.981,1.000,0.000000,0.000000,0.000000,0.000000,0.000000,0.000000,0,0.00
4.790000,3.851,0.320000,0.320000,2.997,-0.385074,0.000000,0.000000,-3.946,1.000,0.000000,0.000000,0.000000,0.000000,0.000000,0.000000,0,0.00
4.792000,3.845,0.320000,0.320000,2.997,-0.384484,0.000000,0.000000,-3.937,1.000,0.000000,0.000000,0.000000,0.000000,0.000000,0.000000,0,0.00
4.794000,3.804,0.320000,0.320000,2.997,-0.380379,0.000000,0.000000,-3.904,1.000,0.000000,0.000000,0.000000,0.000000,0.000000,0.000000,0,0.00
4.796000,3.772,0.320000,0.320000,2.997,-0.377184,0.000000,0.000000,-3.880,1.000,0.000000,0.000000,0.000000,0.000000,0.000000,0.000000,0,0.00
4.798000,3.745,0.320000,0.320000,2.997,-0.374519,0.000000,0.000000,-3.851,1.000,0.000000,0.000000,0.000000,0.000000,0.000000,0.000000,0,0.00
4.800000,3.693,0.320000,0.320000,2.997,-0.369263,0.000000,-0.000000,0.000,1.000,0.000000,0.000000,0.000000,0.000000,0.000000,0.000000,0,0.00
4.802000,3.670,0.320000,0.320000,2.997,-0.367025,0.000000,0.000000,0.000,1.000,0.000000,0.000000,0.000000,0.000000,0.000000,0.000000,0,0.00
4.804000,3.646,0.320000,0.320000,2.997,-0.364583,0.000000,0.000000,0.000,1.000,0.000000,0.000000,0.000000,0.000000,0.000000,0.000000,0,0.00
4.806000,3.630,0.320000,0.320000,2.997,-0.363023,0.000000,0.000000,0.000,1.000,0.000000,0.000000,0.000000,0.000000,0.000000,0.000000,0,0.00
4.808000,3.592,0.320000,0.320000,2.997,-0.359213,0.000000,0.000000,-3.693,1.000,0.000000,0.000000,0.000000,0.000000,0.000000,0.000000,0,0.00
4.810000,3.555,0.320000,0.320000,2.997,-0.355482,0.000000,0.000000,-3.670,1.000,0.000000,0.000000,0.000000,0.000000,0.000000,0.000000,0,0.00
4.812000,3.518,0.320000,0.320000,2.997,-0.351798,0.000000,0.000000,-3.646,1.000,0.000000,0.000000,0.000000,0.000000,0.000000,0.000000,0,0.00
4.814000,3.492,0.320000,0.320000,2.997,-0.349183,0.000000,0.000000,-3.630,1.000,0.000000,0.000000,0.000000,0.000000,0.000000,0.000000,0,0.00
4.816000,3.437,0.320000,0.320000,2.997,-0.343688,0.000000,0.000000,-3.592,1.000,0.000000,0.000000,0.000000,0.000000,0.000000,0.000000,0,0.00
4.818000,3.412,0.320000,0.320000,2.997,-0.341175,0.000000,0.000000,-3.555,1.000,0.000000,0.000000,0.000000,0.000000,0.000000,0.000000,0,0.00
4.820000,3.372,0.320000,0.320000,2.997,-0.337169,0.000000,0.000000,-3.518,1.000,0.000000,0.000000,0.000000,0.000000,0.000000,0.000000,0,0.00
4.822000,3.334,0.320000,0.320000,2.997,-0.333405,0.000000,0.000000,-3.492,1.000,0.000000,0.000000,0.000000,0.000000,0.000000,0.000000,0,0.00
4.824000,3.304,0.320000,0.320000,2.997,-0.330407,0.000000,0.000000,-3.437,1.000,0.000000,0.000000,0.000000,0.000000,0.000000,0.000000,0,0.00
4.826000,3.255,0.320000,0.320000,2.997,-0.325485,0.000000,0.000000,-3.412,1.000,0.000000,0.000000,0.000000,0.000000,0.000000,0.000000,0,0.00
4.828000,3.229,0.320000,0.320000,2.997,-0.322920,0.000000,0.000000,-3.372,1.000,0.000000,0.000000,0.000000,0.000000,0.000000,0.000000,0,0.00
4.830000,3.194,0.319356,0.319356,2.997,-0.319356,0.000000,0.000000,-3.334,0.998,0.000000,0.000000,0.000000,0.000000,0.000000,0.000000,0,0.00
4.832000,3.149,0.314943,0.314943,2.997,-0.314943,0.000000,0.000000,-3.304,0.984,0.000000,0.000000,0.000000,0.000000,0.000000,0.000000,0,0.00
4.834000,3.128,0.312794,0.312794,2.997,-0.312794,0.000000,0.000000,-3.255,0.977,0.000000,0.000000,0.000000,0.000000,0.000000,0.000000,0,0.00
4.836000,3.060,0.305966,0.305966,2.997,-0.305966,0.000000,0.000000,-3.229,0.956,0.000000,0.000000,0.000000,0.000000,0.000000,0.000000,0,0.00
4.838000,3.044,0.304431,0.304431,2.997,-0.304431,0.000000,0.000000,-3.194,0.951,0.000000,0.000000,0.000000,0.000000,0.000000,0.000000,0,0.00
4.840000,2.997,0.299652,0.299652,2.997,-0.299652,0.000000,0.000000,-3.149,0.936,0.000000,0.000000,0.000000,0.000000,0.000000,0.000000,0,0.00
4.842000,2.948,0.294777,0.294777,2.997,-0.294777,0.000000,0.000000,-3.128,0.921,0.000000,0.000000,0.000000,0.000000,0.000000,0.000000,0,0.00
4.844000,2.883,0.288303,0.288303,2.997,-0.288303,0.000000,0.000000,-3.060,0.901,0.000000,0.000000,0.000000,0.000000,0.000000,0.000000,0,0.00
4.846000,2.862,0.286152,0.286152,2.997,-0.286152,0.000000,0.000000,-3.044,0.894,0.000000,0.000000,0.000000,0.000000,0.000000,0.000000,0,0.00
4.848000,2.826,0.282565,0.282565,2.997,-0.282565,0.000000,0.000000,-2.997,0.883,0.000000,0.000000,0.000000,0.000000,0.000000,0.000000,0,0.00
4.850000,2.765,0.276529,0.276529,2.997,-0.276529,0.000000,0.000000,-2.948,0.864,0.000000,0.000000,0.000000,0.000000,0.000000,0.000000,0,0.00
4.852000,2.727,0.272702,0.272702,2.997,-0.272702,0.000000,0.000000,-2.883,0.852,0.000000,0.000000,0.000000,0.000000,0.000000,0.000000,0,0.00
4.854000,2.704,0.270406,0.270406,2.997,-0.270406,0.000000,0.000000,-2.862,0.845,0.000000,0.000000,0.000000,0.000000,0.000000,0.000000,0,0.00
4.856000,2.622,0.262238,0.262238,2.997,-0.262238,0.000000,0.000000,-2.826,0.819,0.000000,0.000000,0.000000,0.000000,0.000000,0.000000,0,0.00
4.858000,2.577,0.257720,0.257720,2.997,-0.257720,0.000000,0.000000,-2.765,0.805,0.000000,0.000000,0.000000,0.000000,0.000000,0.000000,0,0.00
4.860000,2.522,0.252177,0.252177,3.027,-0.252177,0.000000,0.000000,-2.727,0.788,0.000000,0.000000,0.000000,0.000000,0.000000,0.000000,0,0.00
4.862000,2.494,0.249422,0.249422,3.049,-0.249422,0.000000,0.000000,-2.704,0.779,0.000000,0.000000,0.000000,0.000000,0.000000,0.000000,0,0.00
4.864000,2.409,0.240926,0.240926,3.115,-0.240926,0.000000,0.000000,-2.622,0.753,0.000000,0.000000,0.000000,0.000000,0.000000,0.000000,0,0.00
4.866000,2.355,0.235475,0.235475,3.157,-0.235475,0.000000,0.000000,-2.577,0.736,0.000000,0.000000,0.000000,0.000000,0.000000,0.000000,0,0.00
4.868000,2.309,0.230861,0.230861,3.193,-0.230861,0.000000,0.000000,-2.522,0.721,0.000000,0.000000,0.000000,0.000000,0.000000,0.000000,0,0.00
4.870000,2.256,0.225647,0.225647,3.234,-0.225647,0.000000,0.000000,-2.494,0.705,0.000000,0.000000,0.000000,0.000000,0.000000,0.000000,0,0.00
4.872000,2.207,0.220744,0.220744,3.272,-0.220744,0.000000,0.000000,-2.409,0.690,0.000000,0.000000,0.000000,0.000000,0.000000,0.000000,0,0.00
4.874000,2.136,0.213620,0.213620,3.328,-0.213620,0.000000,0.000000,-2.355,0.668,0.000000,0.000000,0.000000,0.000000,0.000000,0.000000,0,0.00
4.876000,2.068,0.206839,0.206839,3.381,-0.206839,0.000000,0.000000,-2.309,0.646,0.000000,0.000000,0.000000,0.000000,0.000000,0.000000,0,0.00
4.878000,2.029,0.202936,0.202936,3.411,-0.202936,0.000000,0.000000,-2.256,0.634,0.000000,0.000000,0.000000,0.000000,0.000000,0.000000,0,0.00
4.880000,1.974,0.197405,0.197405,3.455,-0.197405,0.000000,0.000000,-2.207,0.617,0.000000,0.000000,0.000000,0.000000,0.000000,0.000000,0,0.00
4.882000,1.901,0.190148,0.190148,3.511,-0.190148,0.000000,0.000000,-2.136,0.594,0.000000,0.000000,0.000000,0.000000,0.000000,0.000000,0,0.00
4.884000,1.845,0.184531,0.184531,3.555,-0.184531,0.000000,0.000000,-2.068,0.577,0.000000,0.000000,0.000000,0.000000,0.000000,0.000000,0,0.00
4.886000,1.775,0.177482,0.177482,3.610,-0.177482,0.000000,0.000000,-2.029,0.555,0.000000,0.000000,0.000000,0.000000,0.000000,0.000000,0,0.00
4.888000,1.717,0.171657,0.171657,3.655,-0.171657,0.000000,0.000000,-1.974,0.536,0.000000,0.000000,0.000000,0.000000,0.000000,0.000000,0,0.00
4.890000,1.654,0.165352,0.165352,3.705,-0.165352,0.000000,0.000000,-1.901,0.517,0.000000,0.000000,0.000000,0.000000,0.000000,0.000000,0,0.00
4.892000,1.576,0.157560,0.157560,3.766,-0.157560,0.000000,0.000000,-1.845,0.492,0.000000,0.000000,0.000000,0.000000,0.000000,0.000000,0,0.00
4.894000,1.508,0.150792,0.150792,3.818,-0.150792,0.000000,0.000000,-1.775,0.471,0.000000,0.000000,0.000000,0.000000,0.000000,0.000000,0,0.00
4.896000,1.436,0.143574,0.143574,3.875,-0.143574,0.000000,0.000000,-1.717,0.449,0.000000,0.000000,0.000000,0.000000,0.000000,0.000000,0,0.00
4.898000,1.371,0.137119,0.137119,3.925,-0.137119,0.000000,0.000000,-1.654,0.428,0.000000,0.000000,0.000000,0.000000,0.000000,0.000000,0,0.00
4.900000,1.306,0.130645,0.130645,3.976,-0.130645,0.000000,-0.000000,0.000,0.408,0.000000,0.000000,0.000000,0.000000,0.000000,0.000000,0,0.00
4.902000,1.210,0.121019,0.121019,4.051,-0.121019,0.000000,0.000000,0.000,0.378,0.000000,0.000000,0.000000,0.000000,0.000000,0.000000,0,0.00
4.904000,1.145,0.114494,0.114494,4.102,-0.114494,0.000000,0.000000,0.000,0.358,0.000000,0.000000,0.000000,0.000000,0.000000,0.000000,0,0.00
4.906000,1.087,0.108676,0.108676,4.147,-0.108676,0.000000,0.000000,0.000,0.340,0.000000,0.000000,0.000000,0.000000,0.000000,0.000000,0,0.00
4.908000,1.013,0.101285,0.101285,4.205,-0.101285,0.000000,0.000000,-1.306,0.317,0.000000,0.000000,0.000000,0.000000,0.000000,0.000000,0,0.00
4.910000,0.940,0.094010,0.094010,4.262,-0.094010,0.000000,0.000000,-1.210,0.294,0.000000,0.000000,0.000000,0.000000,0.000000,0.000000,0,0.00
4.912000,0.862,0.086241,0.086241,4.322,-0.086241,0.000000,0.000000,-1.145,0.270,0.000000,0.000000,0.000000,0.000000,0.000000,0.000000,0,0.00
4.914000,0.786,0.078602,0.078602,4.382,-0.078602,0.000000,0.000000,-1.087,0.246,0.000000,0.000000,0.000000,0.000000,0.000000,0.000000,0,0.00
4.916000,0.715,0.071505,0.071505,4.437,-0.071505,0.000000,0.000000,-1.013,0.223,0.000000,0.000000,0.000000,0.000000,0.000000,0.000000,0,0.00
4.918000,0.639,0.063899,0.063899,4.497,-0.063899,0.000000,0.000000,-0.940,0.200,0.000000,0.000000,0.000000,0.000000,0.000000,0.000000,0,0.00
4.920000,0.572,0.057248,0.057248,4.548,-0.057248,0.000000,0.000000,-0.862,0.179,0.000000,0.000000,0.000000,0.000000,0.000000,0.000000,0,0.00
4.922000,0.501,0.050113,0.050113,4.604,-0.050113,0.000000,0.000000,-0.786,0.157,0.000000,0.000000,0.000000,0.000000,0.000000,0.000000,0,0.00
4.924000,0.411,0.041113,0.041113,4.674,-0.041113,0.000000,0.000000,-0.715,0.128,0.000000,0.000000,0.000000,0.000000,0.000000,0.000000,0,0.00
4.926000,0.322,0.032233,0.032233,4.744,-0.032233,0.000000,0.000000,-0.639,0.101,0.000000,0.000000,0.000000,0.000000,0.000000,0.000000,0,0.00
4.928000,0.248,0.024800,0.024800,4.802,-0.024800,0.000000,0.000000,-0.572,0.078,0.000000,0.000000,0.000000,0.000000,0.000000,0.000000,0,0.00
4.930000,0.194,0.019364,0.019364,4.844,-0.019364,0.000000,0.000000,-0.501,0.061,0.000000,0.000000,0.000000,0.000000,0.000000,0.000000,0,0.00
4.932000,0.113,0.011331,0.011331,4.907,-0.011331,0.000000,0.000000,-0.411,0.035,0.000000,0.000000,0.000000,0.000000,0.000000,0.000000,0,0.00
4.934000,0.025,0.002466,0.002466,4.976,-0.002466,0.000000,0.000000,-0.322,0.008,0.000000,0.000000,0.000000,0.000000,0.000000,0.000000,0,0.00
4.936000,-0.066,-0.006606,-0.006606,4.944,0.006606,0.000000,0.000000,-0.248,0.021,0.000000,0.000000,0.000000,0.000000,0.000000,0.000000,0,0.00
4.938000,-0.130,-0.013046,-0.013046,4.893,0.013046,0.000000,0.000000,-0.194,0.041,0.000000,0.000000,0.000000,0.000000,0.000000,0.000000,0,0.00
4.940000,-0.213,-0.021334,-0.021334,4.829,0.021334,0.000000,0.000000,-0.113,0.067,0.000000,0.000000,0.000000,0.000000,0.000000,0.000000,0,0.00
4.942000,-0.300,-0.030045,-0.030045,4.761,0.030045,0.000000,0.000000,-0.025,0.094,0.000000,0.000000,0.000000,0.000000,0.000000,0.000000,0,0.00
4.944000,-0.360,-0.035977,-0.035977,4.714,0.035977,0.000000,0.000000,0.066,0.112,0.000000,0.000000,0.000000,0.000000,0.000000,0.000000,0,0.00
4.946000,-0.450,-0.045017,-0.045017,4.644,0.045017,0.000000,0.000000,0.130,0.141,0.000000,0.000000,0.000000,0.000000,0.000000,0.000000,0,0.00
4.948000,-0.533,-0.053322,-0.053322,4.579,0.053322,0.000000,0.000000,0.213,0.167,0.000000,0.000000,0.000000,0.000000,0.000000,0.000000,0,0.00
4.950000,-0.614,-0.061395,-0.061395,4.516,0.061395,0.000000,0.000000,0.300,0.192,0.000000,0.000000,0.000000,0.000000,0.000000,0.000000,0,0.00
4.952000,-0.680,-0.067964,-0.067964,4.465,0.067964,0.000000,0.000000,0.360,0.212,0.000000,0.000000,0.000000,0.000000,0.000000,0.000000,0,0.00
4.954000,-0.777,-0.077693,-0.077693,4.389,0.077693,0.000000,0.000000,0.450,0.243,0.000000,0.000000,0.000000,0.000000,0.000000,0.000000,0,0.00
4.956000,-0.868,-0.086774,-0.086774,4.318,0.086774,0.000000,0.000000,0.533,0.271,0.000000,0.000000,0.000000,0.000000,0.000000,0.000000,0,0.00
4.958000,-0.943,-0.094299,-0.094299,4.259,0.094299,0.000000,0.000000,0.614,0.295,0.000000,0.000000,0.000000,0.000000,0.000000,0.000000,0,0.00
4.960000,-0.990,-0.099012,-0.099012,4.222,0.099012,0.000000,0.000000,0.680,0.309,0.000000,0.000000,0.000000,0.000000,0.000000,0.000000,0,0.00
4.962000,-1.080,-0.107989,-0.107989,4.152,0.107989,0.000000,0.000000,0.777,0.337,0.000000,0.000000,0.000000,0.000000,0.000000,0.000000,0,0.00
4.964000,-1.163,-0.116250,-0.116250,4.088,0.116250,0.000000,0.000000,0.868,0.363,0.000000,0.000000,0.000000,0.000000,0.000000,0.000000,0,0.00
4.966000,-1.242,-0.124154,-0.124154,4.026,0.124154,0.000000,0.000000,0.943,0.388,0.000000,0.000000,0.000000,0.000000,0.000000,0.000000,0,0.00
4.968000,-1.317,-0.131706,-0.131706,3.967,0.131706,0.000000,0.000000,0.990,0.412,0.000000,0.000000,0.000000,0.000000,0.000000,0.000000,0,0.00
4.970000,-1.395,-0.139482,-0.139482,3.907,0.139482,0.000000,0.000000,1.080,0.436,0.000000,0.000000,0.000000,0.000000,0.000000,0.000000,0,0.00
4.972000,-1.494,-0.149362,-0.149362,3.829,0.149362,0.000000,0.000000,1.163,0.467,0.000000,0.000000,0.000000,0.000000,0.000000,0.000000,0,0.00
4.974000,-1.525,-0.152481,-0.152481,3.805,0.152481,0.000000,0.000000,1.242,0.477,0.000000,0.000000,0.000000,0.000000,0.000000,0.000000,0,0.00
4.976000,-1.625,-0.162481,-0.162481,3.727,0.162481,0.000000,0.000000,1.317,0.508,0.000000,0.000000,0.000000,0.000000,0.000000,0.000000,0,0.00
4.978000,-1.714,-0.171363,-0.171363,3.658,0.171363,0.000000,0.000000,1.395,0.536,0.000000,0.000000,0.000000,0.000000,0.000000,0.000000,0,0.00
4.980000,-1.802,-0.180168,-0.180168,3.589,0.180168,0.000000,0.000000,1.494,0.563,0.000000,0.000000,0.000000,0.000000,0.000000,0.000000,0,0.00
4.982000,-1.882,-0.188227,-0.188227,3.526,0.188227,0.000000,0.000000,1.525,0.588,0.000000,0.000000,0.000000,0.000000,0.000000,0.000000,0,0.00
4.984000,-1.942,-0.194204,-0.194204,3.479,0.194204,0.000000,0.000000,1.625,0.607,0.000000,0.000000,0.000000,0.000000,0.000000,0.000000,0,0.00
4.986000,-2.032,-0.203226,-0.203226,3.409,0.203226,0.000000,0.000000,1.714,0.635,0.000000,0.000000,0.000000,0.000000,0.000000,0.000000,0,0.00
4.988000,-2.096,-0.209637,-0.209637,3.359,0.209637,0.000000,0.000000,1.802,0.655,0.000000,0.000000,0.000000,0.000000,0.000000,0.000000,0,0.00
4.990000,-2.172,-0.217196,-0.217196,3.300,0.217196,0.000000,0.000000,1.882,0.679,0.000000,0.000000,0.000000,0.000000,0.000000,0.000000,0,0.00
4.992000,-2.238,-0.223829,-0.223829,3.248,0.223829,0.000000,0.000000,1.942,0.699,0.000000,0.000000,0.000000,0.000000,0.000000,0.000000,0,0.00
4.994000,-2.333,-0.233266,-0.233266,3.175,0.233266,0.000000,0.000000,2.032,0.729,0.000000,0.000000,0.000000,0.000000,0.000000,0.000000,0,0.00
4.996000,-2.388,-0.238848,-0.238848,3.131,0.238848,0.000000,0.000000,2.096,0.746,0.000000,0.000000,0.000000,0.000000,0.000000,0.000000,0,0.00
4.998000,-2.464,-0.246357,-0.246357,3.072,0.246357,0.000000,0.000000,2.172,0.770,0.000000,0.000000,0.000000,0.000000,0.000000,0.000000,0,0.00
5.000000,-2.535,-0.253510,-0.253510,3.017,0.253510,0.000000,0.000000,0.000,0.792,0.000000,0.000000,0.000000,0.000000,0.000000,0.000000,0,0.00
5.002000,-2.618,-0.261784,-0.261784,2.997,0.261784,0.000000,0.000000,0.000,0.818,0.000000,0.000000,0.000000,0.000000,0.000000,0.000000,0,0.00
5.004000,-2.677,-0.267749,-0.267749,2.997,0.267749,0.000000,0.000000,0.000,0.837,0.000000,0.000000,0.000000,0.000000,0.000000,0.000000,0,0.00
5.006000,-2.755,-0.275499,-0.275499,2.997,0.275499,0.000000,0.000000,0.000,0.861,0.000000,0.000000,0.000000,0.000000,0.000000,0.000000,0,0.00
5.008000,-2.813,-0.281339,-0.281339,2.997,0.281339,0.000000,0.000000,2.535,0.879,0.000000,0.000000,0.000000,0.000000,0.000000,0.000000,0,0.00
5.010000,-2.884,-0.288378,-0.288378,2.997,0.288378,0.000000,0.000000,2.618,0.901,0.000000,0.000000,0.000000,0.000000,0.000000,0.000000,0,0.00
5.012000,-2.934,-0.293408,-0.293408,2.997,0.293408,0.000000,0.000000,2.677,0.917,0.000000,0.000000,0.000000,0.000000,0.000000,0.000000,0,0.00
5.014000,-3.020,-0.301990,-0.301990,2.997,0.301990,0.000000,0.000000,2.755,0.944,0.000000,0.000000,0.000000,0.000000,0.000000,0.000000,0,0.00
5.016000,-3.083,-0.308311,-0.308311,2.997,0.308311,0.000000,0.000000,2.813,0.963,0.000000,0.000000,0.000000,0.000000,0.000000,0.000000,0,0.00
5.018000,-3.159,-0.315898,-0.315898,2.997,0.315898,0.000000,0.000000,2.884,0.987,0.000000,0.000000,0.000000,0.000000,0.000000,0.000000,0,0.00
5.020000,-3.204,-0.320000,-0.320000,2.997,0.320397,0.000000,0.000000,2.934,1.000,0.000000,0.000000,0.000000,0.000000,0.000000,0.000000,0,0.00
5.022000,-3.279,-0.320000,-0.320000,2.997,0.327940,0.000000,0.000000,3.020,1.000,0.000000,0.000000,0.000000,0.000000,0.000000,0.000000,0,0.00
5.024000,-3.338,-0.320000,-0.320000,2.997,0.333762,0.000000,0.000000,3.083,1.000,0.000000,0.000000,0.000000,0.000000,0.000000,0.000000,0,0.00
5.026000,-3.390,-0.320000,-0.320000,2.997,0.339010,0.000000,0.000000,3.159,1.000,0.000000,0.000000,0.000000,0.000000,0.000000,0.000000,0,0.00
5.028000,-3.452,-0.320000,-0.320000,2.997,0.345211,0.000000,0.000000,3.204,1.000,0.000000,0.000000,0.000000,0.000000,0.000000,0.000000,0,0.00
5.030000,-3.509,-0.320000,-0.320000,2.997,0.350899,0.000000,0.000000,3.279,1.000,0.000000,0.000000,0.000000,0.000000,0.000000,0.000000,0,0.00
5.032000,-3.578,-0.320000,-0.320000,2.997,0.357817,0.000000,0.000000,3.338,1.000,0.000000,0.000000,0.000000,0.000000,0.000000,0.000000,0,0.00
5.034000,-3.631,-0.320000,-0.320000,2.997,0.363141,0.000000,0.000000,3.390,1.000,0.000000,0.000000,0.000000,0.000000,0.000000,0.000000,0,0.00
5.036000,-3.677,-0.320000,-0.320000,2.997,0.367719,0.000000,0.000000,3.452,1.000,0.000000,0.000000,0.000000,0.000000,0.000000,0.000000,0,0.00
5.038000,-3.712,-0.320000,-0.320000,2.997,0.371246,0.000000,0.000000,3.509,1.000,0.000000,0.000000,0.000000,0.000000,0.000000,0.000000,0,0.00
5.040000,-3.785,-0.320000,-0.320000,2.997,0.378451,0.000000,0.000000,3.578,1.000,0.000000,0.000000,0.000000,0.000000,0.000000,0.000000,0,0.00
5.042000,-3.843,-0.320000,-0.320000,2.997,0.384327,0.000000,0.000000,3.631,1.000,0.000000,0.000000,0.000000,0.000000,0.000000,0.000000,0,0.00
5.044000,-3.876,-0.320000,-0.320000,2.997,0.387637,0.000000,0.000000,3.677,1.000,0.000000,0.000000,0.000000,0.000000,0.000000,0.000000,0,0.00
5.046000,-3.906,-0.320000,-0.320000,2.997,0.390632,0.000000,0.000000,3.712,1.000,0.000000,0.000000,0.000000,0.000000,0.000000,0.000000,0,0.00
5.048000,-3.969,-0.320000,-0.320000,2.997,0.396872,0.000000,0.000000,3.785,1.000,0.000000,0.000000,0.000000,0.000000,0.000000,0.000000,0,0.00
5.050000,-4.003,-0.320000,-0.320000,2.997,0.400275,0.000000,0.000000,3.843,1.000,0.000000,0.000000,0.000000,0.000000,0.000000,0.000000,0,0.00
5.052000,-4.048,-0.320000,-0.320000,2.997,0.404825,0.000000,0.000000,3.876,1.000,0.000000,0.000000,0.000000,0.000000,0.000000,0.000000,0,0.00
5.054000,-4.072,-0.320000,-0.320000,2.997,0.407227,0.000000,0.000000,3.906,1.000,0.000000,0.000000,0.000000,0.000000,0.000000,0.000000,0,0.00
5.056000,-4.109,-0.320000,-0.320000,2.997,0.410943,0.000000,0.000000,3.969,1.000,0.000000,0.000000,0.000000,0.000000,0.000000,0.000000,0,0.00
5.058000,-4.144,-0.320000,-0.320000,2.997,0.414374,0.000000,0.000000,4.003,1.000,0.000000,0.000000,0.000000,0.000000,0.000000,0.000000,0,0.00
5.060000,-4.162,-0.320000,-0.320000,2.997,0.416227,0.000000,0.000000,4.048,1.000,0.000000,0.000000,0.000000,0.000000,0.000000,0.000000,0,0.00
5.062000,-4.205,-0.320000,-0.320000,2.997,0.420451,0.000000,0.000000,4.072,1.000,0.000000,0.000000,0.000000,0.000000,0.000000,0.000000,0,0.00
5.064000,-4.218,-0.320000,-0.320000,2.997,0.421764,0.000000,0.000000,4.109,1.000,0.000000,0.000000,0.000000,0.000000,0.000000,0.000000,0,0.00
5.066000,-4.237,-0.320000,-0.320000,2.997,0.423710,0.000000,0.000000,4.144,1.000,0.000000,0.000000,0.000000,0.000000,0.000000,0.000000,0,0.00
5.068000,-4.278,-0.320000,-0.320000,2.997,0.427797,0.000000,0.000000,4.162,1.000,0.000000,0.000000,0.000000,0.000000,0.000000,0.000000,0,0.00
5.070000,-4.295,-0.320000,-0.320000,2.997,0.429505,0.000000,0.000000,4.205,1.000,0.000000,0.000000,0.000000,0.000000,0.000000,0.000000,0,0.00
5.072000,-4.303,-0.320000,-0.320000,2.997,0.430342,0.000000,0.000000,4.218,1.000,0.000000,0.000000,0.000000,0.000000,0.000000,0.000000,0,0.00
5.074000,-4.325,-0.320000,-0.320000,2.997,0.432529,0.000000,0.000000,4.237,1.000,0.000000,0.000000,0.000000,0.000000,0.000000,0.000000,0,0.00
5.076000,-4.346,-0.320000,-0.320000,2.997,0.434638,0.000000,0.000000,4.278,1.000,0.000000,0.000000,0.000000,0.000000,0.000000,0.000000,0,0.00
5.078000,-4.373,-0.320000,-0.320000,2.997,0.437253,0.000000,0.000000,4.295,1.000,0.000000,0.000000,0.000000,0.000000,0.000000,0.000000,0,0.00
5.080000,-4.386,-0.320000,-0.320000,2.997,0.438623,0.000000,0.000000,4.303,1.000,0.000000,0.000000,0.000000,0.000000,0.000000,0.000000,0,0.00
5.082000,-4.383,-0.320000,-0.320000,2.997,0.438274,0.000000,0.000000,4.325,1.000,0.000000,0.000000,0.000000,0.000000,0.000000,0.000000,0,0.00
5.084000,-4.395,-0.320000,-0.320000,2.997,0.439472,0.000000,0.000000,4.346,1.000,0.000000,0.000000,0.000000,0.000000,0.000000,0.000000,0,0.00
5.086000,-4.430,-0.320000,-0.320000,2.997,0.443041,0.000000,0.000000,4.373,1.000,0.000000,0.000000,0.000000,0.000000,0.000000,0.000000,0,0.00
5.088000,-4.406,-0.320000,-0.320000,2.997,0.440602,0.000000,0.000000,4.386,1.000,0.000000,0.000000,0.000000,0.000000,0.000000,0.000000,0,0.00
5.090000,-4.415,-0.320000,-0.320000,2.997,0.441461,0.000000,0.000000,4.383,1.000,0.000000,0.000000,0.000000,0.000000,0.000000,0.000000,0,0.00
5.092000,-4.423,-0.320000,-0.320000,2.997,0.442346,0.000000,0.000000,4.395,1.000,0.000000,0.000000,0.000000,0.000000,0.000000,0.000000,0,0.00
5.094000,-4.428,-0.320000,-0.320000,2.997,0.442795,0.000000,0.000000,4.430,1.000,0.000000,0.000000,0.000000,0.000000,0.000000,0.000000,0,0.00
5.096000,-4.423,-0.320000,-0.320000,2.997,0.442303,0.000000,-0.000000,4.406,1.000,0.000000,0.000000,0.000000,0.000000,0.000000,0.000000,0,0.00
5.098000,-4.440,-0.320000,-0.320000,2.997,0.444000,0.000000,0.000000,4.415,1.000,0.000000,0.000000,0.000000,0.000000,0.000000,0.000000,0,0.00
5.100000,-4.442,-0.320000,-0.320000,2.997,0.444187,0.000000,0.000000,0.000,1.000,0.000000,0.000000,0.000000,0.000000,0.000000,0.000000,0,0.00
5.102000,-4.433,-0.320000,-0.320000,2.997,0.443337,0.000000,-0.000000,0.000,1.000,0.000000,0.000000,0.000000,0.000000,0.000000,0.000000,0,0.00
5.104000,-4.439,-0.320000,-0.320000,2.997,0.443889,0.000000,0.000000,0.000,1.000,0.000000,0.000000,0.000000,0.000000,0.000000,0.000000,0,0.00
5.106000,-4.434,-0.320000,-0.320000,2.997,0.443359,0.000000,-0.000000,0.000,1.000,0.000000,0.000000,0.000000,0.000000,0.000000,0.000000,0,0.00
5.108000,-4.434,-0.320000,-0.320000,2.997,0.443395,0.000000,-0.000000,4.442,1.000,0.000000,0.000000,0.000000,0.000000,0.000000,0.000000,0,0.00
5.110000,-4.401,-0.320000,-0.320000,2.997,0.440081,0.000000,-0.000000,4.433,1.000,0.000000,0.000000,0.000000,0.000000,0.000000,0.000000,0,0.00
5.112000,-4.395,-0.320000,-0.320000,2.997,0.439508,0.000000,-0.000000,4.439,1.000,0.000000,0.000000,0.000000,0.000000,0.000000,0.000000,0,0.00
5.114000,-4.386,-0.320000,-0.320000,2.997,0.438605,0.000000,-0.000000,4.434,1.000,0.000000,0.000000,0.000000,0.000000,0.000000,0.000000,0,0.00
5.116000,-4.370,-0.320000,-0.320000,2.997,0.437008,0.000000,-0.000000,4.434,1.000,0.000000,0.000000,0.000000,0.000000,0.000000,0.000000,0,0.00
5.118000,-4.410,-0.320000,-0.320000,2.997,0.441041,0.000000,0.000000,4.401,1.000,0.000000,0.000000,0.000000,0.000000,0.000000,0.000000,0,0.00
5.120000,-4.354,-0.320000,-0.320000,2.997,0.435395,0.000000,-0.000000,4.395,1.000,0.000000,0.000000,0.000000,0.000000,0.000000,0.000000,0,0.00
5.122000,-4.354,-0.320000,-0.320000,2.997,0.435436,0.000000,-0.000000,4.386,1.000,0.000000,0.000000,0.000000,0.000000,0.000000,0.000000,0,0.00
5.124000,-4.349,-0.320000,-0.320000,2.997,0.434857,0.000000,-0.000000,4.370,1.000,0.000000,0.000000,0.000000,0.000000,0.000000,0.000000,0,0.00
5.126000,-4.335,-0.320000,-0.320000,2.997,0.433515,0.000000,-0.000000,4.410,1.000,0.000000,0.000000,0.000000,0.000000,0.000000,0.000000,0,0.00
5.128000,-4.310,-0.320000,-0.320000,2.997,0.430984,0.000000,-0.000000,4.354,1.000,0.000000,0.000000,0.000000,0.000000,0.000000,0.000000,0,0.00
5.130000,-4.294,-0.320000,-0.320000,2.997,0.429368,0.000000,-0.000000,4.354,1.000,0.000000,0.000000,0.000000,0.000000,0.000000,0.000000,0,0.00
5.132000,-4.303,-0.320000,-0.320000,2.997,0.430324,0.000000,-0.000000,4.349,1.000,0.000000,0.000000,0.000000,0.000000,0.000000,0.000000,0,0.00
5.134000,-4.258,-0.320000,-0.320000,2.997,0.425766,0.000000,-0.000000,4.335,1.000,0.000000,0.000000,0.000000,0.000000,0.000000,0.000000,0,0.00
5.136000,-4.244,-0.320000,-0.320000,2.997,0.424397,0.000000,-0.000000,4.310,1.000,0.000000,0.000000,0.000000,0.000000,0.000000,0.000000,0,0.00
5.138000,-4.239,-0.320000,-0.320000,2.997,0.423888,0.000000,-0.000000,4.294,1.000,0.000000,0.000000,0.000000,0.000000,0.000000,0.000000,0,0.00
5.140000,-4.223,-0.320000,-0.320000,2.997,0.422268,0.000000,-0.000000,4.303,1.000,0.000000,0.000000,0.000000,0.000000,0.000000,0.000000,0,0.00
5.142000,-4.186,-0.320000,-0.320000,2.997,0.418644,0.000000,-0.000000,4.258,1.000,0.000000,0.000000,0.000000,0.000000,0.000000,0.000000,0,0.00
5.144000,-4.180,-0.320000,-0.320000,2.997,0.418006,0.000000,-0.000000,4.244,1.000,0.000000,0.000000,0.000000,0.000000,0.000000,0.000000,0,0.00
5.146000,-4.145,-0.320000,-0.320000,2.997,0.414503,0.000000,-0.000000,4.239,1.000,0.000000,0.000000,0.000000,0.000000,0.000000,0.000000,0,0.00
5.148000,-4.130,-0.320000,-0.320000,2.997,0.413022,0.000000,-0.000000,4.223,1.000,0.000000,0.000000,0.000000,0.000000,0.000000,0.000000,0,0.00
5.150000,-4.098,-0.320000,-0.320000,2.997,0.409802,0.000000,-0.000000,4.186,1.000,0.000000,0.000000,0.000000,0.000000,0.000000,0.000000,0,0.00
5.152000,-4.057,-0.320000,-0.320000,2.997,0.405687,0.000000,-0.000000,4.180,1.000,0.000000,0.000000,0.000000,0.000000,0.000000,0.000000,0,0.00
5.154000,-4.061,-0.320000,-0.320000,2.997,0.406130,0.000000,-0.000000,4.145,1.000,0.000000,0.000000,0.000000,0.000000,0.000000,0.000000,0,0.00
5.156000,-4.035,-0.320000,-0.320000,2.997,0.403533,0.000000,-0.000000,4.130,1.000,0.000000,0.000000,0.000000,0.000000,0.000000,0.000000,0,0.00
5.158000,-3.983,-0.320000,-0.320000,2.997,0.398294,0.000000,-0.000000,4.098,1.000,0.000000,0.000000,0.000000,0.000000,0.000000,0.000000,0,0.00
5.160000,-3.966,-0.320000,-0.320000,2.997,0.396584,0.000000,-0.000000,4.057,1.000,0.000000,0.000000,0.000000,0.000000,0.000000,0.000000,0,0.00
5.162000,-3.943,-0.320000,-0.320000,2.997,0.394337,0.000000,-0.000000,4.061,1.000,0.000000,0.000000,0.000000,0.000000,0.000000,0.000000,0,0.00
5.164000,-3.911,-0.320000,-0.320000,2.997,0.391065,0.000000,-0.000000,4.035,1.000,0.000000,0.000000,0.000000,0.000000,0.000000,0.000000,0,0.00
5.166000,-3.893,-0.320000,-0.320000,2.997,0.389269,0.000000,-0.000000,3.983,1.000,0.000000,0.000000,0.000000,0.000000,0.000000,0.000000,0,0.00
5.168000,-3.875,-0.320000,-0.320000,2.997,0.387456,0.000000,-0.000000,3.966,1.000,0.000000,0.000000,0.000000,0.000000,0.000000,0.000000,0,0.00
5.170000,-3.832,-0.320000,-0.320000,2.997,0.383214,0.000000,-0.000000,3.943,1.000,0.000000,0.000000,0.000000,0.000000,0.000000,0.000000,0,0.00
5.172000,-3.792,-0.320000,-0.320000,2.997,0.379167,0.000000,-0.000000,3.911,1.000,0.000000,0.000000,0.000000,0.000000,0.000000,0.000000,0,0.00
5.174000,-3.756,-0.320000,-0.320000,2.997,0.375575,0.000000,-0.000000,3.893,1.000,0.000000,0.000000,0.000000,0.000000,0.000000,0.000000,0,0.00
5.176000,-3.740,-0.320000,-0.320000,2.997,0.374010,0.000000,-0.000000,3.875,1.000,0.000000,0.000000,0.000000,0.000000,0.000000,0.000000,0,0.00
5.178000,-3.692,-0.320000,-0.320000,2.997,0.369182,0.000000,-0.000000,3.832,1.000,0.000000,0.000000,0.000000,0.000000,0.000000,0.000000,0,0.00
5.180000,-3.677,-0.320000,-0.320000,2.997,0.367716,0.000000,-0.000000,3.792,1.000,0.000000,0.000000,0.000000,0.000000,0.000000,0.000000,0,0.00
5.182000,-3.642,-0.320000,-0.320000,2.997,0.364162,0.000000,-0.000000,3.756,1.000,0.000000,0.000000,0.000000,0.000000,0.000000,0.000000,0,0.00
5.184000,-3.609,-0.320000,-0.320000,2.997,0.360915,0.000000,-0.000000,3.740,1.000,0.000000,0.000000,0.000000,0.000000,0.000000,0.000000,0,0.00
5.186000,-3.578,-0.320000,-0.320000,2.997,0.357843,0.000000,-0.000000,3.692,1.000,0.000000,0.000000,0.000000,0.000000,0.000000,0.000000,0,0.00
5.188000,-3.515,-0.320000,-0.320000,2.997,0.351510,0.000000,-0.000000,3.677,1.000,0.000000,0.000000,0.000000,0.000000,0.000000,0.000000,0,0.00
5.190000,-3.505,-0.320000,-0.320000,2.997,0.350462,0.000000,-0.000000,3.642,1.000,0.000000,0.000000,0.000000,0.000000,0.000000,0.000000,0,0.00
5.192000,-3.454,-0.320000,-0.320000,2.997,0.345439,0.000000,-0.000000,3.609,1.000,0.000000,0.000000,0.000000,0.000000,0.000000,0.000000,0,0.00
5.194000,-3.429,-0.320000,-0.320000,2.997,0.342859,0.000000,-0.000000,3.578,1.000,0.000000,0.000000,0.000000,0.000000,0.000000,0.000000,0,0.00
5.196000,-3.383,-0.320000,-0.320000,2.997,0.338326,0.000000,-0.000000,3.515,1.000,0.000000,0.000000,0.000000,0.000000,0.000000,0.000000,0,0.00
5.198000,-3.340,-0.320000,-0.320000,2.997,0.334002,0.000000,-0.000000,3.505,1.000,0.000000,0.000000,0.000000,0.000000,0.000000,0.000000,0,0.00
5.200000,-3.299,-0.320000,-0.320000,2.997,0.329873,0.000000,0.000000,0.000,1.000,0.000000,0.000000,0.000000,0.000000,0.000000,0.000000,0,0.00
5.202000,-3.269,-0.320000,-0.320000,2.997,0.326915,0.000000,-0.000000,0.000,1.000,0.000000,0.000000,0.000000,0.000000,0.000000,0.000000,0,0.00
5.204000,-3.229,-0.320000,-0.320000,2.997,0.322902,0.000000,-0.000000,0.000,1.000,0.000000,0.000000,0.000000,0.000000,0.000000,0.000000,0,0.00
5.206000,-3.187,-0.318727,-0.318727,2.997,0.318727,0.000000,-0.000000,0.000,0.996,0.000000,0.000000,0.000000,0.000000,0.000000,0.000000,0,0.00
5.208000,-3.143,-0.314251,-0.314251,2.997,0.314251,0.000000,-0.000000,3.299,0.982,0.000000,0.000000,0.000000,0.000000,0.000000,0.000000,0,0.00
5.210000,-3.100,-0.309989,-0.309989,2.997,0.309989,0.000000,-0.000000,3.269,0.969,0.000000,0.000000,0.000000,0.000000,0.000000,0.000000,0,0.00
5.212000,-3.068,-0.306817,-0.306817,2.997,0.306817,0.000000,-0.000000,3.229,0.959,0.000000,0.000000,0.000000,0.000000,0.000000,0.000000,0,0.00
5.214000,-3.009,-0.300869,-0.300869,2.997,0.300869,0.000000,-0.000000,3.187,0.940,0.000000,0.000000,0.000000,0.000000,0.000000,0.000000,0,0.00
5.216000,-2.992,-0.299187,-0.299187,2.997,0.299187,0.000000,-0.000000,3.143,0.935,0.000000,0.000000,0.000000,0.000000,0.000000,0.000000,0,0.00
5.218000,-2.952,-0.295197,-0.295197,2.997,0.295197,0.000000,-0.000000,3.100,0.922,0.000000,0.000000,0.000000,0.000000,0.000000,0.000000,0,0.00
5.220000,-2.899,-0.289882,-0.289882,2.997,0.289882,0.000000,-0.000000,3.068,0.906,0.000000,0.000000,0.000000,0.000000,0.000000,0.000000,0,0.00
5.222000,-2.848,-0.284764,-0.284764,2.997,0.284764,0.000000,-0.000000,3.009,0.890,0.000000,0.000000,0.000000,0.000000,0.000000,0.000000,0,0.00
5.224000,-2.808,-0.280790,-0.280790,2.997,0.280790,0.000000,-0.000000,2.992,0.877,0.000000,0.000000,0.000000,0.000000,0.000000,0.000000,0,0.00
5.226000,-2.749,-0.274880,-0.274880,2.997,0.274880,0.000000,-0.000000,2.952,0.859,0.000000,0.000000,0.000000,0.000000,0.000000,0.000000,0,0.00
5.228000,-2.707,-0.270660,-0.270660,2.997,0.270660,0.000000,-0.000000,2.899,0.846,0.000000,0.000000,0.000000,0.000000,0.000000,0.000000,0,0.00
5.230000,-2.663,-0.266318,-0.266318,2.997,0.266318,0.000000,-0.000000,2.848,0.832,0.000000,0.000000,0.000000,0.000000,0.000000,0.000000,0,0.00
5.232000,-2.606,-0.260628,-0.260628,2.997,0.260628,0.000000,-0.000000,2.808,0.814,0.000000,0.000000,0.000000,0.000000,0.000000,0.000000,0,0.00
5.234000,-2.569,-0.256896,-0.256896,2.997,0.256896,0.000000,-0.000000,2.749,0.803,0.000000,0.000000,0.000000,0.000000,0.000000,0.000000,0,0.00
5.236000,-2.506,-0.250639,-0.250639,3.039,0.250639,0.000000,-0.000000,2.707,0.783,0.000000,0.000000,0.000000,0.000000,0.000000,0.000000,0,0.00
5.238000,-2.462,-0.246217,-0.246217,3.074,0.246217,0.000000,-0.000000,2.663,0.769,0.000000,0.000000,0.000000,0.000000,0.000000,0.000000,0,0.00
5.240000,-2.398,-0.239769,-0.239769,3.124,0.239769,0.000000,-0.000000,2.606,0.749,0.000000,0.000000,0.000000,0.000000,0.000000,0.000000,0,0.00
5.242000,-2.360,-0.235956,-0.235956,3.154,0.235956,0.000000,-0.000000,2.569,0.737,0.000000,0.000000,0.000000,0.000000,0.000000,0.000000,0,0.00
5.244000,-2.282,-0.228199,-0.228199,3.214,0.228199,0.000000,-0.000000,2.506,0.713,0.000000,0.000000,0.000000,0.000000,0.000000,0.000000,0,0.00
5.246000,-2.241,-0.224107,-0.224107,3.246,0.224107,0.000000,-0.000000,2.462,0.700,0.000000,0.000000,0.000000,0.000000,0.000000,0.000000,0,0.00
5.248000,-2.172,-0.217215,-0.217215,3.300,0.217215,0.000000,-0.000000,2.398,0.679,0.000000,0.000000,0.000000,0.000000,0.000000,0.000000,0,0.00
5.250000,-2.100,-0.210037,-0.210037,3.356,0.210037,0.000000,-0.000000,2.360,0.656,0.000000,0.000000,0.000000,0.000000,0.000000,0.000000,0,0.00
5.252000,-2.040,-0.204028,-0.204028,3.403,0.204028,0.000000,-0.000000,2.282,0.638,0.000000,0.000000,0.000000,0.000000,0.000000,0.000000,0,0.00
5.254000,-1.989,-0.198944,-0.198944,3.443,0.198944,0.000000,-0.000000,2.241,0.622,0.000000,0.000000,0.000000,0.000000,0.000000,0.000000,0,0.00
5.256000,-1.922,-0.192228,-0.192228,3.495,0.192228,0.000000,-0.000000,2.172,0.601,0.000000,0.000000,0.000000,0.000000,0.000000,0.000000,0,0.00
5.258000,-1.872,-0.187199,-0.187199,3.534,0.187199,0.000000,-0.000000,2.100,0.585,0.000000,0.000000,0.000000,0.000000,0.000000,0.000000,0,0.00
5.260000,-1.803,-0.180256,-0.180256,3.588,0.180256,0.000000,-0.000000,2.040,0.563,0.000000,0.000000,0.000000,0.000000,0.000000,0.000000,0,0.00
5.262000,-1.721,-0.172071,-0.172071,3.652,0.172071,0.000000,-0.000000,1.989,0.538,0.000000,0.000000,0.000000,0.000000,0.000000,0.000000,0,0.00
5.264000,-1.667,-0.166748,-0.166748,3.694,0.166748,0.000000,-0.000000,1.922,0.521,0.000000,0.000000,0.000000,0.000000,0.000000,0.000000,0,0.00
5.266000,-1.609,-0.160946,-0.160946,3.739,0.160946,0.000000,-0.000000,1.872,0.503,0.000000,0.000000,0.000000,0.000000,0.000000,0.000000,0,0.00
5.268000,-1.531,-0.153130,-0.153130,3.800,0.153130,0.000000,-0.000000,1.803,0.479,0.000000,0.000000,0.000000,0.000000,0.000000,0.000000,0,0.00
5.270000,-1.450,-0.144977,-0.144977,3.864,0.144977,0.000000,-0.000000,1.721,0.453,0.000000,0.000000,0.000000,0.000000,0.000000,0.000000,0,0.00
5.272000,-1.396,-0.139603,-0.139603,3.906,0.139603,0.000000,-0.000000,1.667,0.436,0.000000,0.000000,0.000000,0.000000,0.000000,0.000000,0,0.00
5.274000,-1.300,-0.130037,-0.130037,3.980,0.130037,0.000000,-0.000000,1.609,0.406,0.000000,0.000000,0.000000,0.000000,0.000000,0.000000,0,0.00
5.276000,-1.258,-0.125814,-0.125814,4.013,0.125814,0.000000,-0.000000,1.531,0.393,0.000000,0.000000,0.000000,0.000000,0.000000,0.000000,0,0.00
5.278000,-1.183,-0.118300,-0.118300,4.072,0.118300,0.000000,-0.000000,1.450,0.370,0.000000,0.000000,0.000000,0.000000,0.000000,0.000000,0,0.00
5.280000,-1.098,-0.109839,-0.109839,4.138,0.109839,0.000000,-0.000000,1.396,0.343,0.000000,0.000000,0.000000,0.000000,0.000000,0.000000,0,0.00
5.282000,-1.008,-0.100838,-0.100838,4.208,0.100838,0.000000,-0.000000,1.300,0.315,0.000000,0.000000,0.000000,0.000000,0.000000,0.000000,0,0.00
5.284000,-0.931,-0.093063,-0.093063,4.269,0.093063,0.000000,-0.000000,1.258,0.291,0.000000,0.000000,0.000000,0.000000,0.000000,0.000000,0,0.00
5.286000,-0.858,-0.085797,-0.085797,4.326,0.085797,0.000000,-0.000000,1.183,0.268,0.000000,0.000000,0.000000,0.000000,0.000000,0.000000,0,0.00
5.288000,-0.796,-0.079597,-0.079597,4.374,0.079597,0.000000,-0.000000,1.098,0.249,0.000000,0.000000,0.000000,0.000000,0.000000,0.000000,0,0.00
5.290000,-0.714,-0.071361,-0.071361,4.438,0.071361,0.000000,-0.000000,1.008,0.223,0.000000,0.000000,0.000000,0.000000,0.000000,0.000000,0,0.00
5.292000,-0.644,-0.064436,-0.064436,4.492,0.064436,0.000000,-0.000000,0.931,0.201,0.000000,0.000000,0.000000,0.000000,0.000000,0.000000,0,0.00
5.294000,-0.566,-0.056614,-0.056614,4.553,0.056614,0.000000,-0.000000,0.858,0.177,0.000000,0.000000,0.000000,0.000000,0.000000,0.000000,0,0.00
5.296000,-0.500,-0.050035,-0.050035,4.605,0.050035,0.000000,-0.000000,0.796,0.156,0.000000,0.000000,0.000000,0.000000,0.000000,0.000000,0,0.00
5.298000,-0.400,-0.040035,-0.040035,4.683,0.040035,0.000000,-0.000000,0.714,0.125,0.000000,0.000000,0.000000,0.000000,0.000000,0.000000,0,0.00
5.300000,-0.326,-0.032582,-0.032582,4.741,0.032582,0.000000,0.000000,0.000,0.102,0.000000,0.000000,0.000000,0.000000,0.000000,0.000000,0,0.00
5.302000,-0.244,-0.024381,-0.024381,4.805,0.024381,0.000000,-0.000000,0.000,0.076,0.000000,0.000000,0.000000,0.000000,0.000000,0.000000,0,0.00
5.304000,-0.171,-0.017130,-0.017130,4.862,0.017130,0.000000,-0.000000,0.000,0.054,0.000000,0.000000,0.000000,0.000000,0.000000,0.000000,0,0.00
5.306000,-0.076,-0.007637,-0.007637,4.936,0.007637,0.000000,-0.000000,0.000,0.024,0.000000,0.000000,0.000000,0.000000,0.000000,0.000000,0,0.00
5.308000,0.021,0.002122,0.002122,4.979,-0.002122,0.000000,-0.000000,0.326,0.007,0.000000,0.000000,0.000000,0.000000,0.000000,0.000000,0,0.00
5.310000,0.078,0.007767,0.007767,4.935,-0.007767,0.000000,-0.000000,0.244,0.024,0.000000,0.000000,0.000000,0.000000,0.000000,0.000000,0,0.00
5.312000,0.167,0.016665,0.016665,4.865,-0.016665,0.000000,-0.000000,0.171,0.052,0.000000,0.000000,0.000000,0.000000,0.000000,0.000000,0,0.00
5.314000,0.254,0.025362,0.025362,4.797,-0.025362,0.000000,-0.000000,0.076,0.079,0.000000,0.000000,0.000000,0.000000,0.000000,0.000000,0,0.00
5.316000,0.347,0.034667,0.034667,4.725,-0.034667,0.000000,-0.000000,-0.021,0.108,0.000000,0.000000,0.000000,0.000000,0.000000,0.000000,0,0.00
5.318000,0.417,0.041661,0.041661,4.670,-0.041661,0.000000,-0.000000,-0.078,0.130,0.000000,0.000000,0.000000,0.000000,0.000000,0.000000,0,0.00
5.320000,0.494,0.049400,0.049400,4.610,-0.049400,0.000000,-0.000000,-0.167,0.154,0.000000,0.000000,0.000000,0.000000,0.000000,0.000000,0,0.00
5.322000,0.568,0.056845,0.056845,4.552,-0.056845,0.000000,-0.000000,-0.254,0.178,0.000000,0.000000,0.000000,0.000000,0.000000,0.000000,0,0.00
5.324000,0.668,0.066845,0.066845,4.474,-0.066845,0.000000,-0.000000,-0.347,0.209,0.000000,0.000000,0.000000,0.000000,0.000000,0.000000,0,0.00
5.326000,0.768,0.076845,0.076845,4.395,-0.076845,0.000000,-0.000000,-0.417,0.240,0.000000,0.000000,0.000000,0.000000,0.000000,0.000000,0,0.00
5.328000,0.817,0.081737,0.081737,4.357,-0.081737,0.000000,-0.000000,-0.494,0.255,0.000000,0.000000,0.000000,0.000000,0.000000,0.000000,0,0.00
5.330000,0.917,0.091737,0.091737,4.279,-0.091737,0.000000,-0.000000,-0.568,0.287,0.000000,0.000000,0.000000,0.000000,0.000000,0.000000,0,0.00
5.332000,0.993,0.099280,0.099280,4.220,-0.099280,0.000000,-0.000000,-0.668,0.310,0.000000,0.000000,0.000000,0.000000,0.000000,0.000000,0,0.00
5.334000,1.081,0.108086,0.108086,4.152,-0.108086,0.000000,-0.000000,-0.768,0.338,0.000000,0.000000,0.000000,0.000000,0.000000,0.000000,0,0.00
5.336000,1.150,0.114962,0.114962,4.098,-0.114962,0.000000,-0.000000,-0.817,0.359,0.000000,0.000000,0.000000,0.000000,0.000000,0.000000,0,0.00
5.338000,1.246,0.124631,0.124631,4.023,-0.124631,0.000000,-0.000000,-0.917,0.389,0.000000,0.000000,0.000000,0.000000,0.000000,0.000000,0,0.00
5.340000,1.342,0.134162,0.134162,3.948,-0.134162,0.000000,-0.000000,-0.993,0.419,0.000000,0.000000,0.000000,0.000000,0.000000,0.000000,0,0.00
5.342000,1.407,0.140724,0.140724,3.897,-0.140724,0.000000,-0.000000,-1.081,0.440,0.000000,0.000000,0.000000,0.000000,0.000000,0.000000,0,0.00
5.344000,1.483,0.148280,0.148280,3.838,-0.148280,0.000000,-0.000000,-1.150,0.463,0.000000,0.000000,0.000000,0.000000,0.000000,0.000000,0,0.00
5.346000,1.572,0.157180,0.157180,3.768,-0.157180,0.000000,-0.000000,-1.246,0.491,0.000000,0.000000,0.000000,0.000000,0.000000,0.000000,0,0.00
5.348000,1.648,0.164841,0.164841,3.709,-0.164841,0.000000,-0.000000,-1.342,0.515,0.000000,0.000000,0.000000,0.000000,0.000000,0.000000,0,0.00
5.350000,1.722,0.172240,0.172240,3.651,-0.172240,0.000000,-0.000000,-1.407,0.538,0.000000,0.000000,0.000000,0.000000,0.000000,0.000000,0,0.00
5.352000,1.814,0.181364,0.181364,3.580,-0.181364,0.000000,-0.000000,-1.483,0.567,0.000000,0.000000,0.000000,0.000000,0.000000,0.000000,0,0.00
5.354000,1.890,0.189039,0.189039,3.520,-0.189039,0.000000,-0.000000,-1.572,0.591,0.000000,0.000000,0.000000,0.000000,0.000000,0.000000,0,0.00
5.356000,1.986,0.198594,0.198594,3.445,-0.198594,0.000000,-0.000000,-1.648,0.621,0.000000,0.000000,0.000000,0.000000,0.000000,0.000000,0,0.00
5.358000,2.073,0.207312,0.207312,3.377,-0.207312,0.000000,-0.000000,-1.722,0.648,0.000000,0.000000,0.000000,0.000000,0.000000,0.000000,0,0.00
5.360000,2.143,0.214258,0.214258,3.323,-0.214258,0.000000,-0.000000,-1.814,0.670,0.000000,0.000000,0.000000,0.000000,0.000000,0.000000,0,0.00
5.362000,2.229,0.222944,0.222944,3.255,-0.222944,0.000000,-0.000000,-1.890,0.697,0.000000,0.000000,0.000000,0.000000,0.000000,0.000000,0,0.00
5.364000,2.320,0.232046,0.232046,3.184,-0.232046,0.000000,-0.000000,-1.986,0.725,0.000000,0.000000,0.000000,0.000000,0.000000,0.000000,0,0.00
5.366000,2.365,0.236451,0.236451,3.150,-0.236451,0.000000,-0.000000,-2.073,0.739,0.000000,0.000000,0.000000,0.000000,0.000000,0.000000,0,0.00
5.368000,2.450,0.244971,0.244971,3.083,-0.244971,0.000000,-0.000000,-2.143,0.766,0.000000,0.000000,0.000000,0.000000,0.000000,0.000000,0,0.00
5.370000,2.532,0.253175,0.253175,3.019,-0.253175,0.000000,-0.000000,-2.229,0.791,0.000000,0.000000,0.000000,0.000000,0.000000,0.000000,0,0.00
5.372000,2.606,0.260567,0.260567,2.997,-0.260567,0.000000,-0.000000,-2.320,0.814,0.000000,0.000000,0.000000,0.000000,0.000000,0.000000,0,0.00
5.374000,2.692,0.269233,0.269233,2.997,-0.269233,0.000000,-0.000000,-2.365,0.841,0.000000,0.000000,0.000000,0.000000,0.000000,0.000000,0,0.00
5.376000,2.751,0.275150,0.275150,2.997,-0.275150,0.000000,-0.000000,-2.450,0.860,0.000000,0.000000,0.000000,0.000000,0.000000,0.000000,0,0.00
5.378000,2.840,0.283954,0.283954,2.997,-0.283954,0.000000,-0.000000,-2.532,0.887,0.000000,0.000000,0.000000,0.000000,0.000000,0.000000,0,0.00
5.380000,2.891,0.289099,0.289099,2.997,-0.289099,0.000000,-0.000000,-2.606,0.903,0.000000,0.000000,0.000000,0.000000,0.000000,0.000000,0,0.00
5.382000,2.983,0.298304,0.298304,2.997,-0.298304,0.000000,-0.000000,-2.692,0.932,0.000000,0.000000,0.000000,0.000000,0.000000,0.000000,0,0.00
5.384000,3.048,0.304758,0.304758,2.997,-0.304758,0.000000,-0.000000,-2.751,0.952,0.000000,0.000000,0.000000,0.000000,0.000000,0.000000,0,0.00
5.386000,3.132,0.313235,0.313235,2.997,-0.313235,0.000000,-0.000000,-2.840,0.979,0.000000,0.000000,0.000000,0.000000,0.000000,0.000000,0,0.00
5.388000,3.184,0.318438,0.318438,2.997,-0.318438,0.000000,-0.000000,-2.891,0.995,0.000000,0.000000,0.000000,0.000000,0.000000,0.000000,0,0.00
5.390000,3.256,0.320000,0.320000,2.997,-0.325582,0.000000,-0.000000,-2.983,1.000,0.000000,0.000000,0.000000,0.000000,0.000000,0.000000,0,0.00
5.392000,3.306,0.320000,0.320000,2.997,-0.330629,0.000000,-0.000000,-3.048,1.000,0.000000,0.000000,0.000000,0.000000,0.000000,0.000000,0,0.00
5.394000,3.375,0.320000,0.320000,2.997,-0.337545,0.000000,-0.000000,-3.132,1.000,0.000000,0.000000,0.000000,0.000000,0.000000,0.000000,0,0.00
5.396000,3.445,0.320000,0.320000,2.997,-0.344470,0.000000,-0.000000,-3.184,1.000,0.000000,0.000000,0.000000,0.000000,0.000000,0.000000,0,0.00
5.398000,3.506,0.320000,0.320000,2.997,-0.350622,0.000000,-0.000000,-3.256,1.000,0.000000,0.000000,0.000000,0.000000,0.000000,0.000000,0,0.00
5.400000,3.578,0.320000,0.320000,2.997,-0.357828,0.000000,-0.000000,0.000,1.000,0.000000,0.000000,0.000000,0.000000,0.000000,0.000000,0,0.00
5.402000,3.635,0.320000,0.320000,2.997,-0.363537,0.000000,-0.000000,0.000,1.000,0.000000,0.000000,0.000000,0.000000,0.000000,0.000000,0,0.00
5.404000,3.690,0.320000,0.320000,2.997,-0.369006,0.000000,-0.000000,0.000,1.000,0.000000,0.000000,0.000000,0.000000,0.000000,0.000000,0,0.00
5.406000,3.750,0.320000,0.320000,2.997,-0.375024,0.000000,-0.000000,0.000,1.000,0.000000,0.000000,0.000000,0.000000,0.000000,0.000000,0,0.00
5.408000,3.804,0.320000,0.320000,2.997,-0.380383,0.000000,-0.000000,-3.578,1.000,0.000000,0.000000,0.000000,0.000000,0.000000,0.000000,0,0.00
5.410000,3.857,0.320000,0.320000,2.997,-0.385718,0.000000,-0.000000,-3.635,1.000,0.000000,0.000000,0.000000,0.000000,0.000000,0.000000,0,0.00
5.412000,3.909,0.320000,0.320000,2.997,-0.390914,0.000000,-0.000000,-3.690,1.000,0.000000,0.000000,0.000000,0.000000,0.000000,0.000000,0,0.00
5.414000,3.969,0.320000,0.320000,2.997,-0.396882,0.000000,-0.000000,-3.750,1.000,0.000000,0.000000,0.000000,0.000000,0.000000,0.000000,0,0.00
5.416000,4.011,0.320000,0.320000,2.997,-0.401115,0.000000,-0.000000,-3.804,1.000,0.000000,0.000000,0.000000,0.000000,0.000000,0.000000,0,0.00
5.418000,4.041,0.320000,0.320000,2.997,-0.404072,0.000000,-0.000000,-3.857,1.000,0.000000,0.000000,0.000000,0.000000,0.000000,0.000000,0,0.00
5.420000,4.072,0.320000,0.320000,2.997,-0.407185,0.000000,-0.000000,-3.909,1.000,0.000000,0.000000,0.000000,0.000000,0.000000,0.000000,0,0.00
5.422000,4.110,0.320000,0.320000,2.997,-0.410986,0.000000,-0.000000,-3.969,1.000,0.000000,0.000000,0.000000,0.000000,0.000000,0.000000,0,0.00
5.424000,4.155,0.320000,0.320000,2.997,-0.415480,0.000000,-0.000000,-4.011,1.000,0.000000,0.000000,0.000000,0.000000,0.000000,0.000000,0,0.00
5.426000,4.182,0.320000,0.320000,2.997,-0.418183,0.000000,-0.000000,-4.041,1.000,0.000000,0.000000,0.000000,0.000000,0.000000,0.000000,0,0.00
5.428000,4.227,0.320000,0.320000,2.997,-0.422728,0.000000,-0.000000,-4.072,1.000,0.000000,0.000000,0.000000,0.000000,0.000000,0.000000,0,0.00
5.430000,4.242,0.320000,0.320000,2.997,-0.424188,0.000000,-0.000000,-4.110,1.000,0.000000,0.000000,0.000000,0.000000,0.000000,0.000000,0,0.00
5.432000,4.277,0.320000,0.320000,2.997,-0.427696,0.000000,-0.000000,-4.155,1.000,0.000000,0.000000,0.000000,0.000000,0.000000,0.000000,0,0.00
5.434000,4.294,0.320000,0.320000,2.997,-0.429397,0.000000,-0.000000,-4.182,1.000,0.000000,0.000000,0.000000,0.000000,0.000000,0.000000,0,0.00
5.436000,4.343,0.320000,0.320000,2.997,-0.434264,0.000000,-0.000000,-4.227,1.000,0.000000,0.000000,0.000000,0.000000,0.000000,0.000000,0,0.00
5.438000,4.339,0.320000,0.320000,2.997,-0.433928,0.000000,-0.000000,-4.242,1.000,0.000000,0.000000,0.000000,0.000000,0.000000,0.000000,0,0.00
5.440000,4.361,0.320000,0.320000,2.997,-0.436108,0.000000,-0.000000,-4.277,1.000,0.000000,0.000000,0.000000,0.000000,0.000000,0.000000,0,0.00
5.442000,4.383,0.320000,0.320000,2.997,-0.438286,0.000000,-0.000000,-4.294,1.000,0.000000,0.000000,0.000000,0.000000,0.000000,0.000000,0,0.00
5.444000,4.405,0.320000,0.320000,2.997,-0.440512,0.000000,-0.000000,-4.343,1.000,0.000000,0.000000,0.000000,0.000000,0.000000,0.000000,0,0.00
5.446000,4.407,0.320000,0.320000,2.997,-0.440724,0.000000,-0.000000,-4.339,1.000,0.000000,0.000000,0.000000,0.000000,0.000000,0.000000,0,0.00
5.448000,4.428,0.320000,0.320000,2.997,-0.442795,0.000000,-0.000000,-4.361,1.000,0.000000,0.000000,0.000000,0.000000,0.000000,0.000000,0,0.00
5.450000,4.452,0.320000,0.320000,2.997,-0.445237,0.000000,-0.000000,-4.383,1.000,0.000000,0.000000,0.000000,0.000000,0.000000,0.000000,0,0.00
5.452000,4.480,0.320000,0.320000,2.997,-0.448047,0.000000,-0.000000,-4.405,1.000,0.000000,0.000000,0.000000,0.000000,0.000000,0.000000,0,0.00
5.454000,4.463,0.320000,0.320000,2.997,-0.446252,0.000000,-0.000000,-4.407,1.000,0.000000,0.000000,0.000000,0.000000,0.000000,0.000000,0,0.00
5.456000,4.475,0.320000,0.320000,2.997,-0.447550,0.000000,-0.000000,-4.428,1.000,0.000000,0.000000,0.000000,0.000000,0.000000,0.000000,0,0.00
5.458000,4.505,0.320000,0.320000,2.997,-0.450455,0.000000,-0.000000,-4.452,1.000,0.000000,0.000000,0.000000,0.000000,0.000000,0.000000,0,0.00
5.460000,4.479,0.320000,0.320000,2.997,-0.447935,0.000000,-0.000000,-4.480,1.000,0.000000,0.000000,0.000000,0.000000,0.000000,0.000000,0,0.00
5.462000,4.484,0.320000,0.320000,2.997,-0.448432,0.000000,-0.000000,-4.463,1.000,0.000000,0.000000,0.000000,0.000000,0.000000,0.000000,0,0.00
5.464000,4.515,0.320000,0.320000,2.997,-0.451514,0.000000,-0.000000,-4.475,1.000,0.000000,0.000000,0.000000,0.000000,0.000000,0.000000,0,0.00
5.466000,4.504,0.320000,0.320000,2.997,-0.450405,0.000000,-0.000000,-4.505,1.000,0.000000,0.000000,0.000000,0.000000,0.000000,0.000000,0,0.00
5.468000,4.474,0.320000,0.320000,2.997,-0.447439,0.000000,0.000000,-4.479,1.000,0.000000,0.000000,0.000000,0.000000,0.000000,0.000000,0,0.00
5.470000,4.505,0.320000,0.320000,2.997,-0.450480,0.000000,-0.000000,-4.484,1.000,0.000000,0.000000,0.000000,0.000000,0.000000,0.000000,0,0.00
5.472000,4.476,0.320000,0.320000,2.997,-0.447551,0.000000,0.000000,-4.515,1.000,0.000000,0.000000,0.000000,0.000000,0.000000,0.000000,0,0.00
5.474000,4.489,0.320000,0.320000,2.997,-0.448932,0.000000,0.000000,-4.504,1.000,0.000000,0.000000,0.000000,0.000000,0.000000,0.000000,0,0.00
5.476000,4.477,0.320000,0.320000,2.997,-0.447687,0.000000,0.000000,-4.474,1.000,0.000000,0.000000,0.000000,0.000000,0.000000,0.000000,0,0.00
5.478000,4.467,0.320000,0.320000,2.997,-0.446716,0.000000,0.000000,-4.505,1.000,0.000000,0.000000,0.000000,0.000000,0.000000,0.000000,0,0.00
5.480000,4.455,0.320000,0.320000,2.997,-0.445511,0.000000,0.000000,-4.476,1.000,0.000000,0.000000,0.000000,0.000000,0.000000,0.000000,0,0.00
5.482000,4.450,0.320000,0.320000,2.997,-0.445049,0.000000,0.000000,-4.489,1.000,0.000000,0.000000,0.000000,0.000000,0.000000,0.000000,0,0.00
5.484000,4.446,0.320000,0.320000,2.997,-0.444568,0.000000,0.000000,-4.477,1.000,0.000000,0.000000,0.000000,0.000000,0.000000,0.000000,0,0.00
5.486000,4.419,0.320000,0.320000,2.997,-0.441940,0.000000,0.000000,-4.467,1.000,0.000000,0.000000,0.000000,0.000000,0.000000,0.000000,0,0.00
5.488000,4.433,0.320000,0.320000,2.997,-0.443255,0.000000,0.000000,-4.455,1.000,0.000000,0.000000,0.000000,0.000000,0.000000,0.000000,0,0.00
5.490000,4.414,0.320000,0.320000,2.997,-0.441401,0.000000,0.000000,-4.450,1.000,0.000000,0.000000,0.000000,0.000000,0.000000,0.000000,0,0.00
5.492000,4.392,0.320000,0.320000,2.997,-0.439199,0.000000,0.000000,-4.446,1.000,0.000000,0.000000,0.000000,0.000000,0.000000,0.000000,0,0.00
5.494000,4.370,0.320000,0.320000,2.997,-0.437020,0.000000,0.000000,-4.419,1.000,0.000000,0.000000,0.000000,0.000000,0.000000,0.000000,0,0.00
5.496000,4.360,0.320000,0.320000,2.997,-0.435975,0.000000,0.000000,-4.433,1.000,0.000000,0.000000,0.000000,0.000000,0.000000,0.000000,0,0.00
5.498000,4.339,0.320000,0.320000,2.997,-0.433869,0.000000,0.000000,-4.414,1.000,0.000000,0.000000,0.000000,0.000000,0.000000,0.000000,0,0.00
5.500000,4.323,0.320000,0.320000,2.997,-0.432289,0.000000,-0.000000,0.000,1.000,0.000000,0.000000,0.000000,0.000000,0.000000,0.000000,0,0.00
5.502000,4.311,0.320000,0.320000,2.997,-0.431058,0.000000,0.000000,0.000,1.000,0.000000,0.000000,0.000000,0.000000,0.000000,0.000000,0,0.00
5.504000,4.292,0.320000,0.320000,2.997,-0.429197,0.000000,0.000000,0.000,1.000,0.000000,0.000000,0.000000,0.000000,0.000000,0.000000,0,0.00
5.506000,4.263,0.320000,0.320000,2.997,-0.426279,0.000000,0.000000,0.000,1.000,0.000000,0.000000,0.000000,0.000000,0.000000,0.000000,0,0.00
5.508000,4.242,0.320000,0.320000,2.997,-0.424185,0.000000,0.000000,-4.323,1.000,0.000000,0.000000,0.000000,0.000000,0.000000,0.000000,0,0.00
5.510000,4.217,0.320000,0.320000,2.997,-0.421749,0.000000,0.000000,-4.311,1.000,0.000000,0.000000,0.000000,0.000000,0.000000,0.000000,0,0.00
5.512000,4.195,0.320000,0.320000,2.997,-0.419501,0.000000,0.000000,-4.292,1.000,0.000000,0.000000,0.000000,0.000000,0.000000,0.000000,0,0.00
5.514000,4.183,0.320000,0.320000,2.997,-0.418346,0.000000,0.000000,-4.263,1.000,0.000000,0.000000,0.000000,0.000000,0.000000,0.000000,0,0.00
5.516000,4.133,0.320000,0.320000,2.997,-0.413335,0.000000,0.000000,-4.242,1.000,0.000000,0.000000,0.000000,0.000000,0.000000,0.000000,0,0.00
5.518000,4.103,0.320000,0.320000,2.997,-0.410335,0.000000,0.000000,-4.217,1.000,0.000000,0.000000,0.000000,0.000000,0.000000,0.000000,0,0.00
5.520000,4.093,0.320000,0.320000,2.997,-0.409339,0.000000,0.000000,-4.195,1.000,0.000000,0.000000,0.000000,0.000000,0.000000,0.000000,0,0.00
5.522000,4.047,0.320000,0.320000,2.997,-0.404742,0.000000,0.000000,-4.183,1.000,0.000000,0.000000,0.000000,0.000000,0.000000,0.000000,0,0.00
5.524000,4.057,0.320000,0.320000,2.997,-0.405675,0.000000,0.000000,-4.133,1.000,0.000000,0.000000,0.000000,0.000000,0.000000,0.000000,0,0.00
5.526000,4.014,0.320000,0.320000,2.997,-0.401385,0.000000,0.000000,-4.103,1.000,0.000000,0.000000,0.000000,0.000000,0.000000,0.000000,0,0.00
5.528000,3.974,0.320000,0.320000,2.997,-0.397431,0.000000,0.000000,-4.093,1.000,0.000000,0.000000,0.000000,0.000000,0.000000,0.000000,0,0.00
5.530000,3.947,0.320000,0.320000,2.997,-0.394750,0.000000,0.000000,-4.047,1.000,0.000000,0.000000,0.000000,0.000000,0.000000,0.000000,0,0.00
5.532000,3.921,0.320000,0.320000,2.997,-0.392083,0.000000,0.000000,-4.057,1.000,0.000000,0.000000,0.000000,0.000000,0.000000,0.000000,0,0.00
5.534000,3.878,0.320000,0.320000,2.997,-0.387770,0.000000,0.000000,-4.014,1.000,0.000000,0.000000,0.000000,0.000000,0.000000,0.000000,0,0.00
5.536000,3.868,0.320000,0.320000,2.997,-0.386802,0.000000,0.000000,-3.974,1.000,0.000000,0.000000,0.000000,0.000000,0.000000,0.000000,0,0.00
5.538000,3.816,0.320000,0.320000,2.997,-0.381551,0.000000,0.000000,-3.947,1.000,0.000000,0.000000,0.000000,0.000000,0.000000,0.000000,0,0.00
5.540000,3.806,0.320000,0.320000,2.997,-0.380553,0.000000,0.000000,-3.921,1.000,0.000000,0.000000,0.000000,0.000000,0.000000,0.000000,0,0.00
5.542000,3.755,0.320000,0.320000,2.997,-0.375522,0.000000,0.000000,-3.878,1.000,0.000000,0.000000,0.000000,0.000000,0.000000,0.000000,0,0.00
5.544000,3.719,0.320000,0.320000,2.997,-0.371895,0.000000,0.000000,-3.868,1.000,0.000000,0.000000,0.000000,0.000000,0.000000,0.000000,0,0.00
5.546000,3.680,0.320000,0.320000,2.997,-0.367986,0.000000,0.000000,-3.816,1.000,0.000000,0.000000,0.000000,0.000000,0.000000,0.000000,0,0.00
5.548000,3.637,0.320000,0.320000,2.997,-0.363665,0.000000,0.000000,-3.806,1.000,0.000000,0.000000,0.000000,0.000000,0.000000,0.000000,0,0.00
5.550000,3.611,0.320000,0.320000,2.997,-0.361086,0.000000,0.000000,-3.755,1.000,0.000000,0.000000,0.000000,0.000000,0.000000,0.000000,0,0.00
5.552000,3.570,0.320000,0.320000,2.997,-0.356999,0.000000,0.000000,-3.719,1.000,0.000000,0.000000,0.000000,0.000000,0.000000,0.000000,0,0.00
5.554000,3.523,0.320000,0.320000,2.997,-0.352274,0.000000,0.000000,-3.680,1.000,0.000000,0.000000,0.000000,0.000000,0.000000,0.000000,0,0.00
5.556000,3.492,0.320000,0.320000,2.997,-0.349235,0.000000,0.000000,-3.637,1.000,0.000000,0.000000,0.000000,0.000000,0.000000,0.000000,0,0.00
5.558000,3.451,0.320000,0.320000,2.997,-0.345139,0.000000,0.000000,-3.611,1.000,0.000000,0.000000,0.000000,0.000000,0.000000,0.000000,0,0.00
5.560000,3.396,0.320000,0.320000,2.997,-0.339559,0.000000,0.000000,-3.570,1.000,0.000000,0.000000,0.000000,0.000000,0.000000,0.000000,0,0.00
5.562000,3.367,0.320000,0.320000,2.997,-0.336699,0.000000,0.000000,-3.523,1.000,0.000000,0.000000,0.000000,0.000000,0.000000,0.000000,0,0.00
5.564000,3.338,0.320000,0.320000,2.997,-0.333800,0.000000,0.000000,-3.492,1.000,0.000000,0.000000,0.000000,0.000000,0.000000,0.000000,0,0.00
5.566000,3.271,0.320000,0.320000,2.997,-0.327127,0.000000,0.000000,-3.451,1.000,0.000000,0.000000,0.000000,0.000000,0.000000,0.000000,0,0.00
5.568000,3.238,0.320000,0.320000,2.997,-0.323846,0.000000,0.000000,-3.396,1.000,0.000000,0.000000,0.000000,0.000000,0.000000,0.000000,0,0.00
5.570000,3.215,0.320000,0.320000,2.997,-0.321499,0.000000,0.000000,-3.367,1.000,0.000000,0.000000,0.000000,0.000000,0.000000,0.000000,0,0.00
5.572000,3.160,0.315957,0.315957,2.997,-0.315957,0.000000,0.000000,-3.338,0.987,0.000000,0.000000,0.000000,0.000000,0.000000,0.000000,0,0.00
5.574000,3.118,0.311789,0.311789,2.997,-0.311789,0.000000,0.000000,-3.271,0.974,0.000000,0.000000,0.000000,0.000000,0.000000,0.000000,0,0.00
5.576000,3.077,0.307659,0.307659,2.997,-0.307659,0.000000,0.000000,-3.238,0.961,0.000000,0.000000,0.000000,0.000000,0.000000,0.000000,0,0.00
5.578000,3.024,0.302360,0.302360,2.997,-0.302360,0.000000,0.000000,-3.215,0.945,0.000000,0.000000,0.000000,0.000000,0.000000,0.000000,0,0.00
5.580000,2.977,0.297690,0.297690,2.997,-0.297690,0.000000,0.000000,-3.160,0.930,0.000000,0.000000,0.000000,0.000000,0.000000,0.000000,0,0.00
5.582000,2.947,0.294651,0.294651,2.997,-0.294651,0.000000,0.000000,-3.118,0.921,0.000000,0.000000,0.000000,0.000000,0.000000,0.000000,0,0.00
5.584000,2.910,0.290988,0.290988,2.997,-0.290988,0.000000,0.000000,-3.077,0.909,0.000000,0.000000,0.000000,0.000000,0.000000,0.000000,0,0.00
5.586000,2.849,0.284895,0.284895,2.997,-0.284895,0.000000,0.000000,-3.024,0.890,0.000000,0.000000,0.000000,0.000000,0.000000,0.000000,0,0.00
5.588000,2.809,0.280870,0.280870,2.997,-0.280870,0.000000,0.000000,-2.977,0.878,0.000000,0.000000,0.000000,0.000000,0.000000,0.000000,0,0.00
5.590000,2.767,0.276737,0.276737,2.997,-0.276737,0.000000,0.000000,-2.947,0.865,0.000000,0.000000,0.000000,0.000000,0.000000,0.000000,0,0.00
5.592000,2.712,0.271212,0.271212,2.997,-0.271212,0.000000,0.000000,-2.910,0.848,0.000000,0.000000,0.000000,0.000000,0.000000,0.000000,0,0.00
5.594000,2.664,0.266369,0.266369,2.997,-0.266369,0.000000,0.000000,-2.849,0.832,0.000000,0.000000,0.000000,0.000000,0.000000,0.000000,0,0.00
5.596000,2.598,0.259759,0.259759,2.997,-0.259759,0.000000,0.000000,-2.809,0.812,0.000000,0.000000,0.000000,0.000000,0.000000,0.000000,0,0.00
5.598000,2.556,0.255562,0.255562,3.001,-0.255562,0.000000,0.000000,-2.767,0.799,0.000000,0.000000,0.000000,0.000000,0.000000,0.000000,0,0.00
5.600000,2.487,0.248742,0.248742,3.054,-0.248742,0.000000,-0.000000,0.000,0.777,0.000000,0.000000,0.000000,0.000000,0.000000,0.000000,0,0.00
5.602000,2.461,0.246142,0.246142,3.074,-0.246142,0.000000,0.000000,0.000,0.769,0.000000,0.000000,0.000000,0.000000,0.000000,0.000000,0,0.00
5.604000,2.391,0.239063,0.239063,3.129,-0.239063,0.000000,0.000000,0.000,0.747,0.000000,0.000000,0.000000,0.000000,0.000000,0.000000,0,0.00
5.606000,2.319,0.231900,0.231900,3.185,-0.231900,0.000000,0.000000,0.000,0.725,0.000000,0.000000,0.000000,0.000000,0.000000,0.000000,0,0.00
5.608000,2.262,0.226209,0.226209,3.230,-0.226209,0.000000,0.000000,-2.487,0.707,0.000000,0.000000,0.000000,0.000000,0.000000,0.000000,0,0.00
5.610000,2.204,0.220358,0.220358,3.275,-0.220358,0.000000,0.000000,-2.461,0.689,0.000000,0.000000,0.000000,0.000000,0.000000,0.000000,0,0.00
5.612000,2.150,0.215022,0.215022,3.317,-0.215022,0.000000,0.000000,-2.391,0.672,0.000000,0.000000,0.000000,0.000000,0.000000,0.000000,0,0.00
5.614000,2.083,0.208258,0.208258,3.370,-0.208258,0.000000,0.000000,-2.319,0.651,0.000000,0.000000,0.000000,0.000000,0.000000,0.000000,0,0.00
5.616000,2.026,0.202594,0.202594,3.414,-0.202594,0.000000,0.000000,-2.262,0.633,0.000000,0.000000,0.000000,0.000000,0.000000,0.000000,0,0.00
5.618000,1.961,0.196096,0.196096,3.465,-0.196096,0.000000,0.000000,-2.204,0.613,0.000000,0.000000,0.000000,0.000000,0.000000,0.000000,0,0.00
5.620000,1.915,0.191495,0.191495,3.501,-0.191495,0.000000,0.000000,-2.150,0.598,0.000000,0.000000,0.000000,0.000000,0.000000,0.000000,0,0.00
5.622000,1.848,0.184802,0.184802,3.553,-0.184802,0.000000,0.000000,-2.083,0.578,0.000000,0.000000,0.000000,0.000000,0.000000,0.000000,0,0.00
5.624000,1.765,0.176453,0.176453,3.618,-0.176453,0.000000,0.000000,-2.026,0.551,0.000000,0.000000,0.000000,0.000000,0.000000,0.000000,0,0.00
5.626000,1.714,0.171424,0.171424,3.657,-0.171424,0.000000,0.000000,-1.961,0.536,0.000000,0.000000,0.000000,0.000000,0.000000,0.000000,0,0.00
5.628000,1.636,0.163570,0.163570,3.719,-0.163570,0.000000,0.000000,-1.915,0.511,0.000000,0.000000,0.000000,0.000000,0.000000,0.000000,0,0.00
5.630000,1.562,0.156161,0.156161,3.776,-0.156161,0.000000,0.000000,-1.848,0.488,0.000000,0.000000,0.000000,0.000000,0.000000,0.000000,0,0.00
5.632000,1.487,0.148668,0.148668,3.835,-0.148668,0.000000,0.000000,-1.765,0.465,0.000000,0.000000,0.000000,0.000000,0.000000,0.000000,0,0.00
5.634000,1.449,0.144873,0.144873,3.865,-0.144873,0.000000,0.000000,-1.714,0.453,0.000000,0.000000,0.000000,0.000000,0.000000,0.000000,0,0.00
5.636000,1.350,0.135025,0.135025,3.941,-0.135025,0.000000,0.000000,-1.636,0.422,0.000000,0.000000,0.000000,0.000000,0.000000,0.000000,0,0.00
5.638000,1.295,0.129502,0.129502,3.985,-0.129502,0.000000,0.000000,-1.562,0.405,0.000000,0.000000,0.000000,0.000000,0.000000,0.000000,0,0.00
5.640000,1.207,0.120665,0.120665,4.053,-0.120665,0.000000,0.000000,-1.487,0.377,0.000000,0.000000,0.000000,0.000000,0.000000,0.000000,0,0.00
5.642000,1.139,0.113918,0.113918,4.106,-0.113918,0.000000,0.000000,-1.449,0.356,0.000000,0.000000,0.000000,0.000000,0.000000,0.000000,0,0.00
5.644000,1.072,0.107201,0.107201,4.159,-0.107201,0.000000,0.000000,-1.350,0.335,0.000000,0.000000,0.000000,0.000000,0.000000,0.000000,0,0.00
5.646000,0.993,0.099296,0.099296,4.220,-0.099296,0.000000,0.000000,-1.295,0.310,0.000000,0.000000,0.000000,0.000000,0.000000,0.000000,0,0.00
5.648000,0.903,0.090310,0.090310,4.290,-0.090310,0.000000,0.000000,-1.207,0.282,0.000000,0.000000,0.000000,0.000000,0.000000,0.000000,0,0.00
5.650000,0.848,0.084784,0.084784,4.334,-0.084784,0.000000,0.000000,-1.139,0.265,0.000000,0.000000,0.000000,0.000000,0.000000,0.000000,0,0.00
5.652000,0.780,0.078038,0.078038,4.386,-0.078038,0.000000,0.000000,-1.072,0.244,0.000000,0.000000,0.000000,0.000000,0.000000,0.000000,0,0.00
5.654000,0.701,0.070080,0.070080,4.448,-0.070080,0.000000,0.000000,-0.993,0.219,0.000000,0.000000,0.000000,0.000000,0.000000,0.000000,0,0.00
5.656000,0.627,0.062661,0.062661,4.506,-0.062661,0.000000,0.000000,-0.903,0.196,0.000000,0.000000,0.000000,0.000000,0.000000,0.000000,0,0.00
5.658000,0.548,0.054756,0.054756,4.568,-0.054756,0.000000,0.000000,-0.848,0.171,0.000000,0.000000,0.000000,0.000000,0.000000,0.000000,0,0.00
5.660000,0.448,0.044756,0.044756,4.646,-0.044756,0.000000,0.000000,-0.780,0.140,0.000000,0.000000,0.000000,0.000000,0.000000,0.000000,0,0.00
5.662000,0.368,0.036779,0.036779,4.708,-0.036779,0.000000,0.000000,-0.701,0.115,0.000000,0.000000,0.000000,0.000000,0.000000,0.000000,0,0.00
5.664000,0.315,0.031496,0.031496,4.749,-0.031496,0.000000,0.000000,-0.627,0.098,0.000000,0.000000,0.000000,0.000000,0.000000,0.000000,0,0.00
5.666000,0.219,0.021916,0.021916,4.824,-0.021916,0.000000,0.000000,-0.548,0.068,0.000000,0.000000,0.000000,0.000000,0.000000,0.000000,0,0.00
5.668000,0.126,0.012573,0.012573,4.897,-0.012573,0.000000,0.000000,-0.448,0.039,0.000000,0.000000,0.000000,0.000000,0.000000,0.000000,0,0.00
5.670000,0.063,0.006292,0.006292,4.946,-0.006292,0.000000,0.000000,-0.368,0.020,0.000000,0.000000,0.000000,0.000000,0.000000,0.000000,0,0.00
5.672000,-0.008,-0.000758,-0.000758,4.989,0.000758,0.000000,0.000000,-0.315,0.002,0.000000,0.000000,0.000000,0.000000,0.000000,0.000000,0,0.00
5.674000,-0.091,-0.009099,-0.009099,4.924,0.009099,0.000000,0.000000,-0.219,0.028,0.000000,0.000000,0.000000,0.000000,0.000000,0.000000,0,0.00
5.676000,-0.159,-0.015868,-0.015868,4.871,0.015868,0.000000,0.000000,-0.126,0.050,0.000000,0.000000,0.000000,0.000000,0.000000,0.000000,0,0.00
5.678000,-0.259,-0.025868,-0.025868,4.793,0.025868,0.000000,0.000000,-0.063,0.081,0.000000,0.000000,0.000000,0.000000,0.000000,0.000000,0,0.00
5.680000,-0.330,-0.033026,-0.033026,4.738,0.033026,0.000000,0.000000,0.008,0.103,0.000000,0.000000,0.000000,0.000000,0.000000,0.000000,0,0.00
5.682000,-0.407,-0.040681,-0.040681,4.678,0.040681,0.000000,0.000000,0.091,0.127,0.000000,0.000000,0.000000,0.000000,0.000000,0.000000,0,0.00
5.684000,-0.494,-0.049408,-0.049408,4.610,0.049408,0.000000,0.000000,0.159,0.154,0.000000,0.000000,0.000000,0.000000,0.000000,0.000000,0,0.00
5.686000,-0.578,-0.057752,-0.057752,4.545,0.057752,0.000000,0.000000,0.259,0.180,0.000000,0.000000,0.000000,0.000000,0.000000,0.000000,0,0.00
5.688000,-0.668,-0.066842,-0.066842,4.474,0.066842,0.000000,0.000000,0.330,0.209,0.000000,0.000000,0.000000,0.000000,0.000000,0.000000,0,0.00
5.690000,-0.733,-0.073324,-0.073324,4.423,0.073324,0.000000,0.000000,0.407,0.229,0.000000,0.000000,0.000000,0.000000,0.000000,0.000000,0,0.00
5.692000,-0.830,-0.082998,-0.082998,4.347,0.082998,0.000000,0.000000,0.494,0.259,0.000000,0.000000,0.000000,0.000000,0.000000,0.000000,0,0.00
5.694000,-0.893,-0.089339,-0.089339,4.298,0.089339,0.000000,0.000000,0.578,0.279,0.000000,0.000000,0.000000,0.000000,0.000000,0.000000,0,0.00
5.696000,-0.993,-0.099339,-0.099339,4.220,0.099339,0.000000,0.000000,0.668,0.310,0.000000,0.000000,0.000000,0.000000,0.000000,0.000000,0,0.00
5.698000,-1.057,-0.105680,-0.105680,4.170,0.105680,0.000000,0.000000,0.733,0.330,0.000000,0.000000,0.000000,0.000000,0.000000,0.000000,0,0.00
5.700000,-1.151,-0.115087,-0.115087,4.097,0.115087,0.000000,0.000000,0.000,0.360,0.000000,0.000000,0.000000,0.000000,0.000000,0.000000,0,0.00
5.702000,-1.243,-0.124313,-0.124313,4.025,0.124313,0.000000,0.000000,0.000,0.388,0.000000,0.000000,0.000000,0.000000,0.000000,0.000000,0,0.00
5.704000,-1.317,-0.131740,-0.131740,3.967,0.131740,0.000000,0.000000,0.000,0.412,0.000000,0.000000,0.000000,0.000000,0.000000,0.000000,0,0.00
5.706000,-1.392,-0.139243,-0.139243,3.908,0.139243,0.000000,0.000000,0.000,0.435,0.000000,0.000000,0.000000,0.000000,0.000000,0.000000,0,0.00
5.708000,-1.467,-0.146692,-0.146692,3.850,0.146692,0.000000,0.000000,1.151,0.458,0.000000,0.000000,0.000000,0.000000,0.000000,0.000000,0,0.00
5.710000,-1.558,-0.155790,-0.155790,3.779,0.155790,0.000000,0.000000,1.243,0.487,0.000000,0.000000,0.000000,0.000000,0.000000,0.000000,0,0.00
5.712000,-1.654,-0.165379,-0.165379,3.704,0.165379,0.000000,0.000000,1.317,0.517,0.000000,0.000000,0.000000,0.000000,0.000000,0.000000,0,0.00
5.714000,-1.713,-0.171348,-0.171348,3.658,0.171348,0.000000,0.000000,1.392,0.535,0.000000,0.000000,0.000000,0.000000,0.000000,0.000000,0,0.00
5.716000,-1.794,-0.179395,-0.179395,3.595,0.179395,0.000000,0.000000,1.467,0.561,0.000000,0.000000,0.000000,0.000000,0.000000,0.000000,0,0.00
5.718000,-1.862,-0.186177,-0.186177,3.542,0.186177,0.000000,0.000000,1.558,0.582,0.000000,0.000000,0.000000,0.000000,0.000000,0.000000,0,0.00
5.720000,-1.954,-0.195425,-0.195425,3.470,0.195425,0.000000,0.000000,1.654,0.611,0.000000,0.000000,0.000000,0.000000,0.000000,0.000000,0,0.00
5.722000,-2.034,-0.203441,-0.203441,3.407,0.203441,0.000000,0.000000,1.713,0.636,0.000000,0.000000,0.000000,0.000000,0.000000,0.000000,0,0.00
5.724000,-2.107,-0.210716,-0.210716,3.351,0.210716,0.000000,0.000000,1.794,0.658,0.000000,0.000000,0.000000,0.000000,0.000000,0.000000,0,0.00
5.726000,-2.199,-0.219911,-0.219911,3.279,0.219911,0.000000,0.000000,1.862,0.687,0.000000,0.000000,0.000000,0.000000,0.000000,0.000000,0,0.00
5.728000,-2.272,-0.227165,-0.227165,3.222,0.227165,0.000000,0.000000,1.954,0.710,0.000000,0.000000,0.000000,0.000000,0.000000,0.000000,0,0.00
5.730000,-2.343,-0.234329,-0.234329,3.166,0.234329,0.000000,0.000000,2.034,0.732,0.000000,0.000000,0.000000,0.000000,0.000000,0.000000,0,0.00
5.732000,-2.423,-0.242289,-0.242289,3.104,0.242289,0.000000,0.000000,2.107,0.757,0.000000,0.000000,0.000000,0.000000,0.000000,0.000000,0,0.00
5.734000,-2.523,-0.252289,-0.252289,3.026,0.252289,0.000000,0.000000,2.199,0.788,0.000000,0.000000,0.000000,0.000000,0.000000,0.000000,0,0.00
5.736000,-2.561,-0.256083,-0.256083,2.997,0.256083,0.000000,0.000000,2.272,0.800,0.000000,0.000000,0.000000,0.000000,0.000000,0.000000,0,0.00
5.738000,-2.661,-0.266082,-0.266082,2.997,0.266082,0.000000,0.000000,2.343,0.832,0.000000,0.000000,0.000000,0.000000,0.000000,0.000000,0,0.00
5.740000,-2.712,-0.271225,-0.271225,2.997,0.271225,0.000000,0.000000,2.423,0.848,0.000000,0.000000,0.000000,0.000000,0.000000,0.000000,0,0.00
5.742000,-2.778,-0.277768,-0.277768,2.997,0.277768,0.000000,0.000000,2.523,0.868,0.000000,0.000000,0.000000,0.000000,0.000000,0.000000,0,0.00
5.744000,-2.878,-0.287768,-0.287768,2.997,0.287768,0.000000,0.000000,2.561,0.899,0.000000,0.000000,0.000000,0.000000,0.000000,0.000000,0,0.00
5.746000,-2.951,-0.295094,-0.295094,2.997,0.295094,0.000000,0.000000,2.661,0.922,0.000000,0.000000,0.000000,0.000000,0.000000,0.000000,0,0.00
5.748000,-2.991,-0.299089,-0.299089,2.997,0.299089,0.000000,0.000000,2.712,0.935,0.000000,0.000000,0.000000,0.000000,0.000000,0.000000,0,0.00
5.750000,-3.070,-0.307038,-0.307038,2.997,0.307038,0.000000,0.000000,2.778,0.959,0.000000,0.000000,0.000000,0.000000,0.000000,0.000000,0,0.00
5.752000,-3.163,-0.316310,-0.316310,2.997,0.316310,0.000000,0.000000,2.878,0.988,0.000000,0.000000,0.000000,0.000000,0.000000,0.000000,0,0.00
5.754000,-3.228,-0.320000,-0.320000,2.997,0.322793,0.000000,0.000000,2.951,1.000,0.000000,0.000000,0.000000,0.000000,0.000000,0.000000,0,0.00
5.756000,-3.290,-0.320000,-0.320000,2.997,0.329001,0.000000,0.000000,2.991,1.000,0.000000,0.000000,0.000000,0.000000,0.000000,0.000000,0,0.00
5.758000,-3.346,-0.320000,-0.320000,2.997,0.334552,0.000000,0.000000,3.070,1.000,0.000000,0.000000,0.000000,0.000000,0.000000,0.000000,0,0.00
5.760000,-3.416,-0.320000,-0.320000,2.997,0.341585,0.000000,0.000000,3.163,1.000,0.000000,0.000000,0.000000,0.000000,0.000000,0.000000,0,0.00
5.762000,-3.489,-0.320000,-0.320000,2.997,0.348915,0.000000,0.000000,3.228,1.000,0.000000,0.000000,0.000000,0.000000,0.000000,0.000000,0,0.00
5.764000,-3.537,-0.320000,-0.320000,2.997,0.353701,0.000000,0.000000,3.290,1.000,0.000000,0.000000,0.000000,0.000000,0.000000,0.000000,0,0.00
5.766000,-3.606,-0.320000,-0.320000,2.997,0.360646,0.000000,0.000000,3.346,1.000,0.000000,0.000000,0.000000,0.000000,0.000000,0.000000,0,0.00
5.768000,-3.679,-0.320000,-0.320000,2.997,0.367897,0.000000,0.000000,3.416,1.000,0.000000,0.000000,0.000000,0.000000,0.000000,0.000000,0,0.00
5.770000,-3.720,-0.320000,-0.320000,2.997,0.372003,0.000000,0.000000,3.489,1.000,0.000000,0.000000,0.000000,0.000000,0.000000,0.000000,0,0.00
5.772000,-3.794,-0.320000,-0.320000,2.997,0.379357,0.000000,0.000000,3.537,1.000,0.000000,0.000000,0.000000,0.000000,0.000000,0.000000,0,0.00
5.774000,-3.854,-0.320000,-0.320000,2.997,0.385432,0.000000,0.000000,3.606,1.000,0.000000,0.000000,0.000000,0.000000,0.000000,0.000000,0,0.00
5.776000,-3.915,-0.320000,-0.320000,2.997,0.391531,0.000000,0.000000,3.679,1.000,0.000000,0.000000,0.000000,0.000000,0.000000,0.000000,0,0.00
5.778000,-3.971,-0.320000,-0.320000,2.997,0.397119,0.000000,0.000000,3.720,1.000,0.000000,0.000000,0.000000,0.000000,0.000000,0.000000,0,0.00
5.780000,-4.011,-0.320000,-0.320000,2.997,0.401128,0.000000,0.000000,3.794,1.000,0.000000,0.000000,0.000000,0.000000,0.000000,0.000000,0,0.00
5.782000,-4.040,-0.320000,-0.320000,2.997,0.403955,0.000000,0.000000,3.854,1.000,0.000000,0.000000,0.000000,0.000000,0.000000,0.000000,0,0.00
5.784000,-4.096,-0.320000,-0.320000,2.997,0.409600,0.000000,0.000000,3.915,1.000,0.000000,0.000000,0.000000,0.000000,0.000000,0.000000,0,0.00
5.786000,-4.134,-0.320000,-0.320000,2.997,0.413369,0.000000,0.000000,3.971,1.000,0.000000,0.000000,0.000000,0.000000,0.000000,0.000000,0,0.00
5.788000,-4.171,-0.320000,-0.320000,2.997,0.417061,0.000000,0.000000,4.011,1.000,0.000000,0.000000,0.000000,0.000000,0.000000,0.000000,0,0.00
5.790000,-4.210,-0.320000,-0.320000,2.997,0.420953,0.000000,0.000000,4.040,1.000,0.000000,0.000000,0.000000,0.000000,0.000000,0.000000,0,0.00
5.792000,-4.238,-0.320000,-0.320000,2.997,0.423841,0.000000,0.000000,4.096,1.000,0.000000,0.000000,0.000000,0.000000,0.000000,0.000000,0,0.00
5.794000,-4.279,-0.320000,-0.320000,2.997,0.427851,0.000000,0.000000,4.134,1.000,0.000000,0.000000,0.000000,0.000000,0.000000,0.000000,0,0.00
5.796000,-4.310,-0.320000,-0.320000,2.997,0.431049,0.000000,0.000000,4.171,1.000,0.000000,0.000000,0.000000,0.000000,0.000000,0.000000,0,0.00
5.798000,-4.367,-0.320000,-0.320000,2.997,0.436696,0.000000,0.000000,4.210,1.000,0.000000,0.000000,0.000000,0.000000,0.000000,0.000000,0,0.00
5.800000,-4.371,-0.320000,-0.320000,2.997,0.437136,0.000000,0.000000,0.000,1.000,0.000000,0.000000,0.000000,0.000000,0.000000,0.000000,0,0.00
5.802000,-4.397,-0.320000,-0.320000,2.997,0.439681,0.000000,0.000000,0.000,1.000,0.000000,0.000000,0.000000,0.000000,0.000000,0.000000,0,0.00
5.804000,-4.408,-0.320000,-0.320000,2.997,0.440821,0.000000,0.000000,0.000,1.000,0.000000,0.000000,0.000000,0.000000,0.000000,0.000000,0,0.00
5.806000,-4.445,-0.320000,-0.320000,2.997,0.444512,0.000000,0.000000,0.000,1.000,0.000000,0.000000,0.000000,0.000000,0.000000,0.000000,0,0.00
5.808000,-4.476,-0.320000,-0.320000,2.997,0.447644,0.000000,0.000000,4.371,1.000,0.000000,0.000000,0.000000,0.000000,0.000000,0.000000,0,0.00
5.810000,-4.494,-0.320000,-0.320000,2.997,0.449425,0.000000,0.000000,4.397,1.000,0.000000,0.000000,0.000000,0.000000,0.000000,0.000000,0,0.00
5.812000,-4.505,-0.320000,-0.320000,2.997,0.450453,0.000000,0.000000,4.408,1.000,0.000000,0.000000,0.000000,0.000000,0.000000,0.000000,0,0.00
5.814000,-4.512,-0.320000,-0.320000,2.997,0.451193,0.000000,0.000000,4.445,1.000,0.000000,0.000000,0.000000,0.000000,0.000000,0.000000,0,0.00
5.816000,-4.523,-0.320000,-0.320000,2.997,0.452299,0.000000,0.000000,4.476,1.000,0.000000,0.000000,0.000000,0.000000,0.000000,0.000000,0,0.00
5.818000,-4.555,-0.320000,-0.320000,2.997,0.455506,0.000000,0.000000,4.494,1.000,0.000000,0.000000,0.000000,0.000000,0.000000,0.000000,0,0.00
5.820000,-4.568,-0.320000,-0.320000,2.997,0.456802,0.000000,0.000000,4.505,1.000,0.000000,0.000000,0.000000,0.000000,0.000000,0.000000,0,0.00
5.822000,-4.558,-0.320000,-0.320000,2.997,0.455774,0.000000,0.000000,4.512,1.000,0.000000,0.000000,0.000000,0.000000,0.000000,0.000000,0,0.00
5.824000,-4.571,-0.320000,-0.320000,2.997,0.457081,0.000000,0.000000,4.523,1.000,0.000000,0.000000,0.000000,0.000000,0.000000,0.000000,0,0.00
5.826000,-4.590,-0.320000,-0.320000,2.997,0.458967,0.000000,0.000000,4.555,1.000,0.000000,0.000000,0.000000,0.000000,0.000000,0.000000,0,0.00
5.828000,-4.569,-0.320000,-0.320000,2.997,0.456930,0.000000,0.000000,4.568,1.000,0.000000,0.000000,0.000000,0.000000,0.000000,0.000000,0,0.00
5.830000,-4.592,-0.320000,-0.320000,2.997,0.459189,0.000000,0.000000,4.558,1.000,0.000000,0.000000,0.000000,0.000000,0.000000,0.000000,0,0.00
5.832000,-4.573,-0.320000,-0.320000,2.997,0.457321,0.000000,0.000000,4.571,1.000,0.000000,0.000000,0.000000,0.000000,0.000000,0.000000,0,0.00
5.834000,-4.597,-0.320000,-0.320000,2.997,0.459676,0.000000,0.000000,4.590,1.000,0.000000,0.000000,0.000000,0.000000,0.000000,0.000000,0,0.00
5.836000,-4.600,-0.320000,-0.320000,2.997,0.459961,0.000000,0.000000,4.569,1.000,0.000000,0.000000,0.000000,0.000000,0.000000,0.000000,0,0.00
5.838000,-4.576,-0.320000,-0.320000,2.997,0.457608,0.000000,-0.000000,4.592,1.000,0.000000,0.000000,0.000000,0.000000,0.000000,0.000000,0,0.00
5.840000,-4.573,-0.320000,-0.320000,2.997,0.457319,0.000000,-0.000000,4.573,1.000,0.000000,0.000000,0.000000,0.000000,0.000000,0.000000,0,0.00
5.842000,-4.549,-0.320000,-0.320000,2.997,0.454899,0.000000,-0.000000,4.597,1.000,0.000000,0.000000,0.000000,0.000000,0.000000,0.000000,0,0.00
5.844000,-4.566,-0.320000,-0.320000,2.997,0.456553,0.000000,-0.000000,4.600,1.000,0.000000,0.000000,0.000000,0.000000,0.000000,0.000000,0,0.00
5.846000,-4.544,-0.320000,-0.320000,2.997,0.454427,0.000000,-0.000000,4.576,1.000,0.000000,0.000000,0.000000,0.000000,0.000000,0.000000,0,0.00
5.848000,-4.561,-0.320000,-0.320000,2.997,0.456128,0.000000,0.000000,4.573,1.000,0.000000,0.000000,0.000000,0.000000,0.000000,0.000000,0,0.00
5.850000,-4.541,-0.320000,-0.320000,2.997,0.454141,0.000000,0.000000,4.549,1.000,0.000000,0.000000,0.000000,0.000000,0.000000,0.000000,0,0.00
5.852000,-4.539,-0.320000,-0.320000,2.997,0.453950,0.000000,0.000000,4.566,1.000,0.000000,0.000000,0.000000,0.000000,0.000000,0.000000,0,0.00
5.854000,-4.515,-0.320000,-0.320000,2.997,0.451548,0.000000,-0.000000,4.544,1.000,0.000000,0.000000,0.000000,0.000000,0.000000,0.000000,0,0.00
5.856000,-4.504,-0.320000,-0.320000,2.997,0.450396,0.000000,-0.000000,4.561,1.000,0.000000,0.000000,0.000000,0.000000,0.000000,0.000000,0,0.00
5.858000,-4.477,-0.320000,-0.320000,2.997,0.447672,0.000000,-0.000000,4.541,1.000,0.000000,0.000000,0.000000,0.000000,0.000000,0.000000,0,0.00
5.860000,-4.460,-0.320000,-0.320000,2.997,0.446044,0.000000,-0.000000,4.539,1.000,0.000000,0.000000,0.000000,0.000000,0.000000,0.000000,0,0.00
5.862000,-4.438,-0.320000,-0.320000,2.997,0.443810,0.000000,-0.000000,4.515,1.000,0.000000,0.000000,0.000000,0.000000,0.000000,0.000000,0,0.00
5.864000,-4.424,-0.320000,-0.320000,2.997,0.442390,0.000000,-0.000000,4.504,1.000,0.000000,0.000000,0.000000,0.000000,0.000000,0.000000,0,0.00
5.866000,-4.419,-0.320000,-0.320000,2.997,0.441903,0.000000,-0.000000,4.477,1.000,0.000000,0.000000,0.000000,0.000000,0.000000,0.000000,0,0.00
5.868000,-4.403,-0.320000,-0.320000,2.997,0.440331,0.000000,-0.000000,4.460,1.000,0.000000,0.000000,0.000000,0.000000,0.000000,0.000000,0,0.00
5.870000,-4.343,-0.320000,-0.320000,2.997,0.434264,0.000000,-0.000000,4.438,1.000,0.000000,0.000000,0.000000,0.000000,0.000000,0.000000,0,0.00
5.872000,-4.355,-0.320000,-0.320000,2.997,0.435484,0.000000,-0.000000,4.424,1.000,0.000000,0.000000,0.000000,0.000000,0.000000,0.000000,0,0.00
5.874000,-4.320,-0.320000,-0.320000,2.997,0.431954,0.000000,-0.000000,4.419,1.000,0.000000,0.000000,0.000000,0.000000,0.000000,0.000000,0,0.00
5.876000,-4.313,-0.320000,-0.320000,2.997,0.431310,0.000000,-0.000000,4.403,1.000,0.000000,0.000000,0.000000,0.000000,0.000000,0.000000,0,0.00
5.878000,-4.268,-0.320000,-0.320000,2.997,0.426756,0.000000,-0.000000,4.343,1.000,0.000000,0.000000,0.000000,0.000000,0.000000,0.000000,0,0.00
5.880000,-4.241,-0.320000,-0.320000,2.997,0.424083,0.000000,-0.000000,4.355,1.000,0.000000,0.000000,0.000000,0.000000,0.000000,0.000000,0,0.00
5.882000,-4.224,-0.320000,-0.320000,2.997,0.422448,0.000000,-0.000000,4.320,1.000,0.000000,0.000000,0.000000,0.000000,0.000000,0.000000,0,0.00
5.884000,-4.202,-0.320000,-0.320000,2.997,0.420209,0.000000,-0.000000,4.313,1.000,0.000000,0.000000,0.000000,0.000000,0.000000,0.000000,0,0.00
5.886000,-4.178,-0.320000,-0.320000,2.997,0.417756,0.000000,-0.000000,4.268,1.000,0.000000,0.000000,0.000000,0.000000,0.000000,0.000000,0,0.00
5.888000,-4.141,-0.320000,-0.320000,2.997,0.414102,0.000000,-0.000000,4.241,1.000,0.000000,0.000000,0.000000,0.000000,0.000000,0.000000,0,0.00
5.890000,-4.092,-0.320000,-0.320000,2.997,0.409236,0.000000,-0.000000,4.224,1.000,0.000000,0.000000,0.000000,0.000000,0.000000,0.000000,0,0.00
5.892000,-4.076,-0.320000,-0.320000,2.997,0.407554,0.000000,-0.000000,4.202,1.000,0.000000,0.000000,0.000000,0.000000,0.000000,0.000000,0,0.00
5.894000,-4.049,-0.320000,-0.320000,2.997,0.404874,0.000000,-0.000000,4.178,1.000,0.000000,0.000000,0.000000,0.000000,0.000000,0.000000,0,0.00
5.896000,-3.995,-0.320000,-0.320000,2.997,0.399492,0.000000,-0.000000,4.141,1.000,0.000000,0.000000,0.000000,0.000000,0.000000,0.000000,0,0.00
5.898000,-3.993,-0.320000,-0.320000,2.997,0.399338,0.000000,-0.000000,4.092,1.000,0.000000,0.000000,0.000000,0.000000,0.000000,0.000000,0,0.00
5.900000,-3.945,-0.320000,-0.320000,2.997,0.394534,0.000000,0.000000,0.000,1.000,0.000000,0.000000,0.000000,0.000000,0.000000,0.000000,0,0.00
5.902000,-3.900,-0.320000,-0.320000,2.997,0.389972,0.000000,-0.000000,0.000,1.000,0.000000,0.000000,0.000000,0.000000,0.000000,0.000000,0,0.00
5.904000,-3.856,-0.320000,-0.320000,2.997,0.385597,0.000000,-0.000000,0.000,1.000,0.000000,0.000000,0.000000,0.000000,0.000000,0.000000,0,0.00
5.906000,-3.837,-0.320000,-0.320000,2.997,0.383721,0.000000,-0.000000,0.000,1.000,0.000000,0.000000,0.000000,0.000000,0.000000,0.000000,0,0.00
5.908000,-3.811,-0.320000,-0.320000,2.997,0.381146,0.000000,-0.000000,3.945,1.000,0.000000,0.000000,0.000000,0.000000,0.000000,0.000000,0,0.00
5.910000,-3.749,-0.320000,-0.320000,2.997,0.374889,0.000000,-0.000000,3.900,1.000,0.000000,0.000000,0.000000,0.000000,0.000000,0.000000,0,0.00
5.912000,-3.721,-0.320000,-0.320000,2.997,0.372119,0.000000,-0.000000,3.856,1.000,0.000000,0.000000,0.000000,0.000000,0.000000,0.000000,0,0.00
5.914000,-3.679,-0.320000,-0.320000,2.997,0.367912,0.000000,-0.000000,3.837,1.000,0.000000,0.000000,0.000000,0.000000,0.000000,0.000000,0,0.00
5.916000,-3.646,-0.320000,-0.320000,2.997,0.364633,0.000000,-0.000000,3.811,1.000,0.000000,0.000000,0.000000,0.000000,0.000000,0.000000,0,0.00
5.918000,-3.593,-0.320000,-0.320000,2.997,0.359262,0.000000,-0.000000,3.749,1.000,0.000000,0.000000,0.000000,0.000000,0.000000,0.000000,0,0.00
5.920000,-3.554,-0.320000,-0.320000,2.997,0.355359,0.000000,-0.000000,3.721,1.000,0.000000,0.000000,0.000000,0.000000,0.000000,0.000000,0,0.00
5.922000,-3.511,-0.320000,-0.320000,2.997,0.351055,0.000000,-0.000000,3.679,1.000,0.000000,0.000000,0.000000,0.000000,0.000000,0.000000,0,0.00
5.924000,-3.457,-0.320000,-0.320000,2.997,0.345743,0.000000,-0.000000,3.646,1.000,0.000000,0.000000,0.000000,0.000000,0.000000,0.000000,0,0.00
5.926000,-3.415,-0.320000,-0.320000,2.997,0.341534,0.000000,-0.000000,3.593,1.000,0.000000,0.000000,0.000000,0.000000,0.000000,0.000000,0,0.00
5.928000,-3.376,-0.320000,-0.320000,2.997,0.337570,0.000000,-0.000000,3.554,1.000,0.000000,0.000000,0.000000,0.000000,0.000000,0.000000,0,0.00
5.930000,-3.322,-0.320000,-0.320000,2.997,0.332185,0.000000,-0.000000,3.511,1.000,0.000000,0.000000,0.000000,0.000000,0.000000,0.000000,0,0.00
5.932000,-3.289,-0.320000,-0.320000,2.997,0.328893,0.000000,-0.000000,3.457,1.000,0.000000,0.000000,0.000000,0.000000,0.000000,0.000000,0,0.00
5.934000,-3.228,-0.320000,-0.320000,2.997,0.322756,0.000000,-0.000000,3.415,1.000,0.000000,0.000000,0.000000,0.000000,0.000000,0.000000,0,0.00
5.936000,-3.176,-0.317617,-0.317617,2.997,0.317617,0.000000,-0.000000,3.376,0.993,0.000000,0.000000,0.000000,0.000000,0.000000,0.000000,0,0.00
5.938000,-3.160,-0.315985,-0.315985,2.997,0.315985,0.000000,-0.000000,3.322,0.987,0.000000,0.000000,0.000000,0.000000,0.000000,0.000000,0,0.00
5.940000,-3.096,-0.309615,-0.309615,2.997,0.309615,0.000000,-0.000000,3.289,0.968,0.000000,0.000000,0.000000,0.000000,0.000000,0.000000,0,0.00
5.942000,-3.041,-0.304130,-0.304130,2.997,0.304130,0.000000,-0.000000,3.228,0.950,0.000000,0.000000,0.000000,0.000000,0.000000,0.000000,0,0.00
5.944000,-2.996,-0.299611,-0.299611,2.997,0.299611,0.000000,-0.000000,3.176,0.936,0.000000,0.000000,0.000000,0.000000,0.000000,0.000000,0,0.00
5.946000,-2.955,-0.295523,-0.295523,2.997,0.295523,0.000000,-0.000000,3.160,0.924,0.000000,0.000000,0.000000,0.000000,0.000000,0.000000,0,0.00
5.948000,-2.889,-0.288884,-0.288884,2.997,0.288884,0.000000,-0.000000,3.096,0.903,0.000000,0.000000,0.000000,0.000000,0.000000,0.000000,0,0.00
5.950000,-2.853,-0.285280,-0.285280,2.997,0.285280,0.000000,-0.000000,3.041,0.892,0.000000,0.000000,0.000000,0.000000,0.000000,0.000000,0,0.00
5.952000,-2.798,-0.279790,-0.279790,2.997,0.279790,0.000000,-0.000000,2.996,0.874,0.000000,0.000000,0.000000,0.000000,0.000000,0.000000,0,0.00
5.954000,-2.718,-0.271774,-0.271774,2.997,0.271774,0.000000,-0.000000,2.955,0.849,0.000000,0.000000,0.000000,0.000000,0.000000,0.000000,0,0.00
5.956000,-2.666,-0.266646,-0.266646,2.997,0.266646,0.000000,-0.000000,2.889,0.833,0.000000,0.000000,0.000000,0.000000,0.000000,0.000000,0,0.00
5.958000,-2.611,-0.261089,-0.261089,2.997,0.261089,0.000000,-0.000000,2.853,0.816,0.000000,0.000000,0.000000,0.000000,0.000000,0.000000,0,0.00
5.960000,-2.558,-0.255769,-0.255769,2.999,0.255769,0.000000,-0.000000,2.798,0.799,0.000000,0.000000,0.000000,0.000000,0.000000,0.000000,0,0.00
5.962000,-2.508,-0.250796,-0.250796,3.038,0.250796,0.000000,-0.000000,2.718,0.784,0.000000,0.000000,0.000000,0.000000,0.000000,0.000000,0,0.00
5.964000,-2.423,-0.242346,-0.242346,3.104,0.242346,0.000000,-0.000000,2.666,0.757,0.000000,0.000000,0.000000,0.000000,0.000000,0.000000,0,0.00
5.966000,-2.352,-0.235233,-0.235233,3.159,0.235233,0.000000,-0.000000,2.611,0.735,0.000000,0.000000,0.000000,0.000000,0.000000,0.000000,0,0.00
5.968000,-2.319,-0.231852,-0.231852,3.186,0.231852,0.000000,-0.000000,2.558,0.725,0.000000,0.000000,0.000000,0.000000,0.000000,0.000000,0,0.00
5.970000,-2.219,-0.221852,-0.221852,3.264,0.221852,0.000000,-0.000000,2.508,0.693,0.000000,0.000000,0.000000,0.000000,0.000000,0.000000,0,0.00
5.972000,-2.165,-0.216501,-0.216501,3.305,0.216501,0.000000,-0.000000,2.423,0.677,0.000000,0.000000,0.000000,0.000000,0.000000,0.000000,0,0.00
5.974000,-2.085,-0.208497,-0.208497,3.368,0.208497,0.000000,-0.000000,2.352,0.652,0.000000,0.000000,0.000000,0.000000,0.000000,0.000000,0,0.00
5.976000,-2.030,-0.203007,-0.203007,3.411,0.203007,0.000000,-0.000000,2.319,0.634,0.000000,0.000000,0.000000,0.000000,0.000000,0.000000,0,0.00
5.978000,-1.937,-0.193680,-0.193680,3.484,0.193680,0.000000,-0.000000,2.219,0.605,0.000000,0.000000,0.000000,0.000000,0.000000,0.000000,0,0.00
5.980000,-1.874,-0.187355,-0.187355,3.533,0.187355,0.000000,-0.000000,2.165,0.585,0.000000,0.000000,0.000000,0.000000,0.000000,0.000000,0,0.00
5.982000,-1.787,-0.178665,-0.178665,3.601,0.178665,0.000000,-0.000000,2.085,0.558,0.000000,0.000000,0.000000,0.000000,0.000000,0.000000,0,0.00
5.984000,-1.695,-0.169506,-0.169506,3.672,0.169506,0.000000,-0.000000,2.030,0.530,0.000000,0.000000,0.000000,0.000000,0.000000,0.000000,0,0.00
5.986000,-1.644,-0.164415,-0.164415,3.712,0.164415,0.000000,-0.000000,1.937,0.514,0.000000,0.000000,0.000000,0.000000,0.000000,0.000000,0,0.00
5.988000,-1.546,-0.154558,-0.154558,3.789,0.154558,0.000000,-0.000000,1.874,0.483,0.000000,0.000000,0.000000,0.000000,0.000000,0.000000,0,0.00
5.990000,-1.450,-0.145034,-0.145034,3.863,0.145034,0.000000,-0.000000,1.787,0.453,0.000000,0.000000,0.000000,0.000000,0.000000,0.000000,0,0.00
5.992000,-1.371,-0.137067,-0.137067,3.925,0.137067,0.000000,-0.000000,1.695,0.428,0.000000,0.000000,0.000000,0.000000,0.000000,0.000000,0,0.00
5.994000,-1.286,-0.128593,-0.128593,3.992,0.128593,0.000000,-0.000000,1.644,0.402,0.000000,0.000000,0.000000,0.000000,0.000000,0.000000,0,0.00
5.996000,-1.193,-0.119254,-0.119254,4.064,0.119254,0.000000,-0.000000,1.546,0.373,0.000000,0.000000,0.000000,0.000000,0.000000,0.000000,0,0.00
5.998000,-1.098,-0.109830,-0.109830,4.138,0.109830,0.000000,-0.000000,1.450,0.343,0.000000,0.000000,0.000000,0.000000,0.000000,0.000000,0,0.00
6.000000,-1.006,-0.100575,-0.100575,4.210,0.100575,0.000000,0.000000,0.000,0.314,0.000000,0.000000,0.000000,0.000000,0.000000,0.000000,0,0.00
6.002000,-0.921,-0.092082,-0.092082,4.277,0.092082,0.000000,-0.000000,0.000,0.288,0.000000,0.000000,0.000000,0.000000,0.000000,0.000000,0,0.00
6.004000,-0.833,-0.083284,-0.083284,4.345,0.083284,0.000000,-0.000000,0.000,0.260,0.000000,0.000000,0.000000,0.000000,0.000000,0.000000,0,0.00
6.006000,-0.747,-0.074677,-0.074677,4.412,0.074677,0.000000,-0.000000,0.000,0.233,0.000000,0.000000,0.000000,0.000000,0.000000,0.000000,0,0.00
6.008000,-0.647,-0.064677,-0.064677,4.490,0.064677,0.000000,-0.000000,1.006,0.202,0.000000,0.000000,0.000000,0.000000,0.000000,0.000000,0,0.00
6.010000,-0.547,-0.054677,-0.054677,4.569,0.054677,0.000000,-0.000000,0.921,0.171,0.000000,0.000000,0.000000,0.000000,0.000000,0.000000,0,0.00
6.012000,-0.447,-0.044677,-0.044677,4.647,0.044677,0.000000,-0.000000,0.833,0.140,0.000000,0.000000,0.000000,0.000000,0.000000,0.000000,0,0.00
6.014000,-0.347,-0.034677,-0.034677,4.725,0.034677,0.000000,-0.000000,0.747,0.108,0.000000,0.000000,0.000000,0.000000,0.000000,0.000000,0,0.00
6.016000,-0.247,-0.024677,-0.024677,4.803,0.024677,0.000000,-0.000000,0.647,0.077,0.000000,0.000000,0.000000,0.000000,0.000000,0.000000,0,0.00
6.018000,-0.147,-0.014677,-0.014677,4.881,0.014677,0.000000,-0.000000,0.547,0.046,0.000000,0.000000,0.000000,0.000000,0.000000,0.000000,0,0.00
6.020000,-0.047,-0.004677,-0.004677,4.959,0.004677,0.000000,-0.000000,0.447,0.015,0.000000,0.000000,0.000000,0.000000,0.000000,0.000000,0,0.00
6.022000,0.053,0.005323,0.005323,4.954,-0.005323,0.000000,-0.000000,0.347,0.017,0.000000,0.000000,0.000000,0.000000,0.000000,0.000000,0,0.00
6.024000,0.153,0.015323,0.015323,4.876,-0.015323,0.000000,-0.000000,0.247,0.048,0.000000,0.000000,0.000000,0.000000,0.000000,0.000000,0,0.00
6.026000,0.253,0.025323,0.025323,4.798,-0.025323,0.000000,-0.000000,0.147,0.079,0.000000,0.000000,0.000000,0.000000,0.000000,0.000000,0,0.00
6.028000,0.353,0.035323,0.035323,4.720,-0.035323,0.000000,-0.000000,0.047,0.110,0.000000,0.000000,0.000000,0.000000,0.000000,0.000000,0,0.00
6.030000,0.453,0.045323,0.045323,4.642,-0.045323,0.000000,-0.000000,-0.053,0.142,0.000000,0.000000,0.000000,0.000000,0.000000,0.000000,0,0.00
6.032000,0.553,0.055323,0.055323,4.563,-0.055323,0.000000,-0.000000,-0.153,0.173,0.000000,0.000000,0.000000,0.000000,0.000000,0.000000,0,0.00
6.034000,0.653,0.065323,0.065323,4.485,-0.065323,0.000000,-0.000000,-0.253,0.204,0.000000,0.000000,0.000000,0.000000,0.000000,0.000000,0,0.00
6.036000,0.753,0.075323,0.075323,4.407,-0.075323,0.000000,-0.000000,-0.353,0.235,0.000000,0.000000,0.000000,0.000000,0.000000,0.000000,0,0.00
6.038000,0.853,0.085323,0.085323,4.329,-0.085323,0.000000,-0.000000,-0.453,0.267,0.000000,0.000000,0.000000,0.000000,0.000000,0.000000,0,0.00
6.040000,0.953,0.095323,0.095323,4.251,-0.095323,0.000000,-0.000000,-0.553,0.298,0.000000,0.000000,0.000000,0.000000,0.000000,0.000000,0,0.00
6.042000,1.053,0.105323,0.105323,4.173,-0.105323,0.000000,-0.000000,-0.653,0.329,0.000000,0.000000,0.000000,0.000000,0.000000,0.000000,0,0.00
6.044000,1.153,0.115323,0.115323,4.095,-0.115323,0.000000,-0.000000,-0.753,0.360,0.000000,0.000000,0.000000,0.000000,0.000000,0.000000,0,0.00
6.046000,1.253,0.125323,0.125323,4.017,-0.125323,0.000000,-0.000000,-0.853,0.392,0.000000,0.000000,0.000000,0.000000,0.000000,0.000000,0,0.00
6.048000,1.353,0.135323,0.135323,3.939,-0.135323,0.000000,-0.000000,-0.953,0.423,0.000000,0.000000,0.000000,0.000000,0.000000,0.000000,0,0.00
6.050000,1.453,0.145323,0.145323,3.861,-0.145323,0.000000,-0.000000,-1.053,0.454,0.000000,0.000000,0.000000,0.000000,0.000000,0.000000,0,0.00
6.052000,1.553,0.155323,0.155323,3.783,-0.155323,0.000000,-0.000000,-1.153,0.485,0.000000,0.000000,0.000000,0.000000,0.000000,0.000000,0,0.00
6.054000,1.653,0.165323,0.165323,3.705,-0.165323,0.000000,-0.000000,-1.253,0.517,0.000000,0.000000,0.000000,0.000000,0.000000,0.000000,0,0.00
6.056000,1.753,0.175323,0.175323,3.627,-0.175323,0.000000,-0.000000,-1.353,0.548,0.000000,0.000000,0.000000,0.000000,0.000000,0.000000,0,0.00
6.058000,1.853,0.185323,0.185323,3.549,-0.185323,0.000000,-0.000000,-1.453,0.579,0.000000,0.000000,0.000000,0.000000,0.000000,0.000000,0,0.00
6.060000,1.953,0.195323,0.195323,3.471,-0.195323,0.000000,-0.000000,-1.553,0.610,0.000000,0.000000,0.000000,0.000000,0.000000,0.000000,0,0.00
6.062000,2.053,0.205323,0.205323,3.393,-0.205323,0.000000,-0.000000,-1.653,0.642,0.000000,0.000000,0.000000,0.000000,0.000000,0.000000,0,0.00
6.064000,2.153,0.215323,0.215323,3.315,-0.215323,0.000000,-0.000000,-1.753,0.673,0.000000,0.000000,0.000000,0.000000,0.000000,0.000000,0,0.00
6.066000,2.253,0.225323,0.225323,3.237,-0.225323,0.000000,-0.000000,-1.853,0.704,0.000000,0.000000,0.000000,0.000000,0.000000,0.000000,0,0.00
6.068000,2.353,0.235323,0.235323,3.159,-0.235323,0.000000,-0.000000,-1.953,0.735,0.000000,0.000000,0.000000,0.000000,0.000000,0.000000,0,0.00
6.070000,2.453,0.245323,0.245323,3.081,-0.245323,0.000000,-0.000000,-2.053,0.767,0.000000,0.000000,0.000000,0.000000,0.000000,0.000000,0,0.00
6.072000,2.553,0.255323,0.255323,3.002,-0.255323,0.000000,-0.000000,-2.153,0.798,0.000000,0.000000,0.000000,0.000000,0.000000,0.000000,0,0.00
6.074000,2.653,0.265323,0.265323,2.997,-0.265323,0.000000,-0.000000,-2.253,0.829,0.000000,0.000000,0.000000,0.000000,0.000000,0.000000,0,0.00
6.076000,2.753,0.275323,0.275323,2.997,-0.275323,0.000000,-0.000000,-2.353,0.860,0.000000,0.000000,0.000000,0.000000,0.000000,0.000000,0,0.00
6.078000,2.853,0.285323,0.285323,2.997,-0.285323,0.000000,-0.000000,-2.453,0.892,0.000000,0.000000,0.000000,0.000000,0.000000,0.000000,0,0.00
6.080000,2.953,0.295323,0.295323,2.997,-0.295323,0.000000,-0.000000,-2.553,0.923,0.000000,0.000000,0.000000,0.000000,0.000000,0.000000,0,0.00
6.082000,3.053,0.305323,0.305323,2.997,-0.305323,0.000000,-0.000000,-2.653,0.954,0.000000,0.000000,0.000000,0.000000,0.000000,0.000000,0,0.00
6.084000,3.153,0.315323,0.315323,2.997,-0.315323,0.000000,-0.000000,-2.753,0.985,0.000000,0.000000,0.000000,0.000000,0.000000,0.000000,0,0.00
6.086000,3.253,0.320000,0.320000,2.997,-0.325323,0.000000,-0.000000,-2.853,1.000,0.000000,0.000000,0.000000,0.000000,0.000000,0.000000,0,0.00
6.088000,3.353,0.320000,0.320000,2.997,-0.335323,0.000000,-0.000000,-2.953,1.000,0.000000,0.000000,0.000000,0.000000,0.000000,0.000000,0,0.00
6.090000,3.453,0.320000,0.320000,2.997,-0.345323,0.000000,-0.000000,-3.053,1.000,0.000000,0.000000,0.000000,0.000000,0.000000,0.000000,0,0.00
6.092000,3.553,0.320000,0.320000,2.997,-0.355323,0.000000,-0.000000,-3.153,1.000,0.000000,0.000000,0.000000,0.000000,0.000000,0.000000,0,0.00
6.094000,3.653,0.320000,0.320000,2.997,-0.365323,0.000000,-0.000000,-3.253,1.000,0.000000,0.000000,0.000000,0.000000,0.000000,0.000000,0,0.00
6.096000,3.753,0.320000,0.320000,2.997,-0.375323,0.000000,-0.000000,-3.353,1.000,0.000000,0.000000,0.000000,0.000000,0.000000,0.000000,0,0.00
6.098000,3.853,0.320000,0.320000,2.997,-0.385323,0.000000,-0.000000,-3.453,1.000,0.000000,0.000000,0.000000,0.000000,0.000000,0.000000,0,0.00
6.100000,3.953,0.320000,0.320000,2.997,-0.395323,0.000000,-0.000000,0.000,1.000,0.000000,0.000000,0.000000,0.000000,0.000000,0.000000,0,0.00
6.102000,4.053,0.320000,0.320000,2.997,-0.405323,0.000000,-0.000000,0.000,1.000,0.000000,0.000000,0.000000,0.000000,0.000000,0.000000,0,0.00
6.104000,4.153,0.320000,0.320000,2.997,-0.415323,0.000000,-0.000000,0.000,1.000,0.000000,0.000000,0.000000,0.000000,0.000000,0.000000,0,0.00
6.106000,4.253,0.320000,0.320000,2.997,-0.425323,0.000000,-0.000000,0.000,1.000,0.000000,0.000000,0.000000,0.000000,0.000000,0.000000,0,0.00
6.108000,4.353,0.320000,0.320000,2.997,-0.435323,0.000000,-0.000000,-3.953,1.000,0.000000,0.000000,0.000000,0.000000,0.000000,0.000000,0,0.00
6.110000,4.453,0.320000,0.320000,2.997,-0.445323,0.000000,-0.000000,-4.053,1.000,0.000000,0.000000,0.000000,0.000000,0.000000,0.000000,0,0.00
6.112000,4.553,0.320000,0.320000,2.997,-0.455323,0.000000,-0.000000,-4.153,1.000,0.000000,0.000000,0.000000,0.000000,0.000000,0.000000,0,0.00
6.114000,4.653,0.320000,0.320000,2.997,-0.465323,0.000000,-0.000000,-4.253,1.000,0.000000,0.000000,0.000000,0.000000,0.000000,0.000000,0,0.00
6.116000,4.753,0.320000,0.320000,2.997,-0.475323,0.000000,-0.000000,-4.353,1.000,0.000000,0.000000,0.000000,0.000000,0.000000,0.000000,0,0.00
6.118000,4.853,0.320000,0.320000,2.997,-0.485323,0.000000,-0.000000,-4.453,1.000,0.000000,0.000000,0.000000,0.000000,0.000000,0.000000,0,0.00
6.120000,4.953,0.320000,0.320000,2.997,-0.495323,0.000000,-0.000000,-4.553,1.000,0.000000,0.000000,0.000000,0.000000,0.000000,0.000000,0,0.00
6.122000,5.053,0.320000,0.320000,2.997,-0.505323,0.000000,-0.000000,-4.653,1.000,0.000000,0.000000,0.000000,0.000000,0.000000,0.000000,0,0.00
6.124000,5.153,0.320000,0.320000,2.997,-0.515323,0.000000,-0.000000,-4.753,1.000,0.000000,0.000000,0.000000,0.000000,0.000000,0.000000,0,0.00
6.126000,5.253,0.320000,0.320000,2.997,-0.525323,0.000000,-0.000000,-4.853,1.000,0.000000,0.000000,0.000000,0.000000,0.000000,0.000000,0,0.00
6.128000,5.353,0.320000,0.320000,2.997,-0.535323,0.000000,-0.000000,-4.953,1.000,0.000000,0.000000,0.000000,0.000000,0.000000,0.000000,0,0.00
6.130000,5.453,0.320000,0.320000,2.997,-0.545323,0.000000,-0.000000,-5.053,1.000,0.000000,0.000000,0.000000,0.000000,0.000000,0.000000,0,0.00
6.132000,5.553,0.320000,0.320000,2.997,-0.555323,0.000000,-0.000000,-5.153,1.000,0.000000,0.000000,0.000000,0.000000,0.000000,0.000000,0,0.00
6.134000,5.653,0.320000,0.320000,2.997,-0.565323,0.000000,-0.000000,-5.253,1.000,0.000000,0.000000,0.000000,0.000000,0.000000,0.000000,0,0.00
6.136000,5.753,0.320000,0.320000,2.997,-0.575323,0.000000,-0.000000,-5.353,1.000,0.000000,0.000000,0.000000,0.000000,0.000000,0.000000,0,0.00
6.138000,5.853,0.320000,0.320000,2.997,-0.585323,0.000000,-0.000000,-5.453,1.000,0.000000,0.000000,0.000000,0.000000,0.000000,0.000000,0,0.00
6.140000,5.953,0.320000,0.320000,2.997,-0.595323,0.000000,-0.000000,-5.553,1.000,0.000000,0.000000,0.000000,0.000000,0.000000,0.000000,0,0.00
6.142000,6.034,0.320000,0.320000,2.997,-0.603447,0.000000,-0.000000,-5.653,1.000,0.000000,0.000000,0.000000,0.000000,0.000000,0.000000,0,0.00
6.144000,6.072,0.320000,0.320000,2.997,-0.607222,0.000000,-0.000000,-5.753,1.000,0.000000,0.000000,0.000000,0.000000,0.000000,0.000000,0,0.00
6.146000,6.093,0.320000,0.320000,2.997,-0.609336,0.000000,-0.000000,-5.853,1.000,0.000000,0.000000,0.000000,0.000000,0.000000,0.000000,0,0.00
6.148000,6.109,0.320000,0.320000,2.997,-0.610900,0.000000,-0.000000,-5.953,1.000,0.000000,0.000000,0.000000,0.000000,0.000000,0.000000,0,0.00
6.150000,6.151,0.320000,0.320000,2.997,-0.615054,0.000000,-0.000000,-6.034,1.000,0.000000,0.000000,0.000000,0.000000,0.000000,0.000000,0,0.00
6.152000,6.186,0.320000,0.320000,2.997,-0.618623,0.000000,-0.000000,-6.072,1.000,0.000000,0.000000,0.000000,0.000000,0.000000,0.000000,0,0.00
6.154000,6.211,0.320000,0.320000,2.997,-0.621063,0.000000,-0.000000,-6.093,1.000,0.000000,0.000000,0.000000,0.000000,0.000000,0.000000,0,0.00
6.156000,6.209,0.320000,0.320000,2.997,-0.620870,0.000000,-0.000000,-6.109,1.000,0.000000,0.000000,0.000000,0.000000,0.000000,0.000000,0,0.00
6.158000,6.235,0.320000,0.320000,2.997,-0.623453,0.000000,-0.000000,-6.151,1.000,0.000000,0.000000,0.000000,0.000000,0.000000,0.000000,0,0.00
6.160000,6.259,0.320000,0.320000,2.997,-0.625898,0.000000,-0.000000,-6.186,1.000,0.000000,0.000000,0.000000,0.000000,0.000000,0.000000,0,0.00
6.162000,6.279,0.320000,0.320000,2.997,-0.627946,0.000000,-0.000000,-6.211,1.000,0.000000,0.000000,0.000000,0.000000,0.000000,0.000000,0,0.00
6.164000,6.285,0.320000,0.320000,2.997,-0.628510,0.000000,-0.000000,-6.209,1.000,0.000000,0.000000,0.000000,0.000000,0.000000,0.000000,0,0.00
6.166000,6.293,0.320000,0.320000,2.997,-0.629298,0.000000,-0.000000,-6.235,1.000,0.000000,0.000000,0.000000,0.000000,0.000000,0.000000,0,0.00
6.168000,6.265,0.320000,0.320000,2.997,-0.626547,0.000000,-0.000000,-6.259,1.000,0.000000,0.000000,0.000000,0.000000,0.000000,0.000000,0,0.00
6.170000,6.291,0.320000,0.320000,2.997,-0.629065,0.000000,-0.000000,-6.279,1.000,0.000000,0.000000,0.000000,0.000000,0.000000,0.000000,0,0.00
6.172000,6.293,0.320000,0.320000,2.997,-0.629338,0.000000,-0.000000,-6.285,1.000,0.000000,0.000000,0.000000,0.000000,0.000000,0.000000,0,0.00
6.174000,6.295,0.320000,0.320000,2.997,-0.629511,0.000000,-0.000000,-6.293,1.000,0.000000,0.000000,0.000000,0.000000,0.000000,0.000000,0,0.00
6.176000,6.296,0.320000,0.320000,2.997,-0.629560,0.000000,0.000000,-6.265,1.000,0.000000,0.000000,0.000000,0.000000,0.000000,0.000000,0,0.00
6.178000,6.278,0.320000,0.320000,2.997,-0.627843,0.000000,-0.000000,-6.291,1.000,0.000000,0.000000,0.000000,0.000000,0.000000,0.000000,0,0.00
6.180000,6.287,0.320000,0.320000,2.997,-0.628704,0.000000,0.000000,-6.293,1.000,0.000000,0.000000,0.000000,0.000000,0.000000,0.000000,0,0.00
6.182000,6.295,0.320000,0.320000,2.997,-0.629472,0.000000,-0.000000,-6.295,1.000,0.000000,0.000000,0.000000,0.000000,0.000000,0.000000,0,0.00
6.184000,6.268,0.320000,0.320000,2.997,-0.626767,0.000000,0.000000,-6.296,1.000,0.000000,0.000000,0.000000,0.000000,0.000000,0.000000,0,0.00
6.186000,6.239,0.320000,0.320000,2.997,-0.623929,0.000000,0.000000,-6.278,1.000,0.000000,0.000000,0.000000,0.000000,0.000000,0.000000,0,0.00
6.188000,6.252,0.320000,0.320000,2.997,-0.625176,0.000000,0.000000,-6.287,1.000,0.000000,0.000000,0.000000,0.000000,0.000000,0.000000,0,0.00
6.190000,6.239,0.320000,0.320000,2.997,-0.623928,0.000000,0.000000,-6.295,1.000,0.000000,0.000000,0.000000,0.000000,0.000000,0.000000,0,0.00
6.192000,6.238,0.320000,0.320000,2.997,-0.623811,0.000000,0.000000,-6.268,1.000,0.000000,0.000000,0.000000,0.000000,0.000000,0.000000,0,0.00
6.194000,6.235,0.320000,0.320000,2.997,-0.623511,0.000000,0.000000,-6.239,1.000,0.000000,0.000000,0.000000,0.000000,0.000000,0.000000,0,0.00
6.196000,6.228,0.320000,0.320000,2.997,-0.622809,0.000000,0.000000,-6.252,1.000,0.000000,0.000000,0.000000,0.000000,0.000000,0.000000,0,0.00
6.198000,6.193,0.320000,0.320000,2.997,-0.619255,0.000000,0.000000,-6.239,1.000,0.000000,0.000000,0.000000,0.000000,0.000000,0.000000,0,0.00
6.200000,6.179,0.320000,0.320000,2.997,-0.617910,0.000000,-0.000000,0.000,1.000,0.000000,0.000000,0.000000,0.000000,0.000000,0.000000,0,0.00
6.202000,6.154,0.320000,0.320000,2.997,-0.615425,0.000000,0.000000,0.000,1.000,0.000000,0.000000,0.000000,0.000000,0.000000,0.000000,0,0.00
6.204000,6.157,0.320000,0.320000,2.997,-0.615682,0.000000,0.000000,0.000,1.000,0.000000,0.000000,0.000000,0.000000,0.000000,0.000000,0,0.00
6.206000,6.139,0.320000,0.320000,2.997,-0.613914,0.000000,0.000000,0.000,1.000,0.000000,0.000000,0.000000,0.000000,0.000000,0.000000,0,0.00
6.208000,6.108,0.320000,0.320000,2.997,-0.610824,0.000000,0.000000,-6.179,1.000,0.000000,0.000000,0.000000,0.000000,0.000000,0.000000,0,0.00
6.210000,6.082,0.320000,0.320000,2.997,-0.608242,0.000000,0.000000,-6.154,1.000,0.000000,0.000000,0.000000,0.000000,0.000000,0.000000,0,0.00
6.212000,6.059,0.320000,0.320000,2.997,-0.605912,0.000000,0.000000,-6.157,1.000,0.000000,0.000000,0.000000,0.000000,0.000000,0.000000,0,0.00
6.214000,6.051,0.320000,0.320000,2.997,-0.605097,0.000000,0.000000,-6.139,1.000,0.000000,0.000000,0.000000,0.000000,0.000000,0.000000,0,0.00
6.216000,6.008,0.320000,0.320000,2.997,-0.600804,0.000000,0.000000,-6.108,1.000,0.000000,0.000000,0.000000,0.000000,0.000000,0.000000,0,0.00
6.218000,5.987,0.320000,0.320000,2.997,-0.598735,0.000000,0.000000,-6.082,1.000,0.000000,0.000000,0.000000,0.000000,0.000000,0.000000,0,0.00
6.220000,5.964,0.320000,0.320000,2.997,-0.596384,0.000000,0.000000,-6.059,1.000,0.000000,0.000000,0.000000,0.000000,0.000000,0.000000,0,0.00
6.222000,5.945,0.320000,0.320000,2.997,-0.594465,0.000000,0.000000,-6.051,1.000,0.000000,0.000000,0.000000,0.000000,0.000000,0.000000,0,0.00
6.224000,5.904,0.320000,0.320000,2.997,-0.590391,0.000000,0.000000,-6.008,1.000,0.000000,0.000000,0.000000,0.000000,0.000000,0.000000,0,0.00
6.226000,5.854,0.320000,0.320000,2.997,-0.585369,0.000000,0.000000,-5.987,1.000,0.000000,0.000000,0.000000,0.000000,0.000000,0.000000,0,0.00
6.228000,5.808,0.320000,0.320000,2.997,-0.580799,0.000000,0.000000,-5.964,1.000,0.000000,0.000000,0.000000,0.000000,0.000000,0.000000,0,0.00
6.230000,5.772,0.320000,0.320000,2.997,-0.577214,0.000000,0.000000,-5.945,1.000,0.000000,0.000000,0.000000,0.000000,0.000000,0.000000,0,0.00
6.232000,5.733,0.320000,0.320000,2.997,-0.573290,0.000000,0.000000,-5.904,1.000,0.000000,0.000000,0.000000,0.000000,0.000000,0.000000,0,0.00
6.234000,5.697,0.320000,0.320000,2.997,-0.569684,0.000000,0.000000,-5.854,1.000,0.000000,0.000000,0.000000,0.000000,0.000000,0.000000,0,0.00
6.236000,5.654,0.320000,0.320000,2.997,-0.565448,0.000000,0.000000,-5.808,1.000,0.000000,0.000000,0.000000,0.000000,0.000000,0.000000,0,0.00
6.238000,5.616,0.320000,0.320000,2.997,-0.561569,0.000000,0.000000,-5.772,1.000,0.000000,0.000000,0.000000,0.000000,0.000000,0.000000,0,0.00
6.240000,5.586,0.320000,0.320000,2.997,-0.558577,0.000000,0.000000,-5.733,1.000,0.000000,0.000000,0.000000,0.000000,0.000000,0.000000,0,0.00
6.242000,5.513,0.320000,0.320000,2.997,-0.551316,0.000000,0.000000,-5.697,1.000,0.000000,0.000000,0.000000,0.000000,0.000000,0.000000,0,0.00
6.244000,5.501,0.320000,0.320000,2.997,-0.550145,0.000000,0.000000,-5.654,1.000,0.000000,0.000000,0.000000,0.000000,0.000000,0.000000,0,0.00
6.246000,5.421,0.320000,0.320000,2.997,-0.542093,0.000000,0.000000,-5.616,1.000,0.000000,0.000000,0.000000,0.000000,0.000000,0.000000,0,0.00
6.248000,5.388,0.320000,0.320000,2.997,-0.538763,0.000000,0.000000,-5.586,1.000,0.000000,0.000000,0.000000,0.000000,0.000000,0.000000,0,0.00
6.250000,5.342,0.320000,0.320000,2.997,-0.534208,0.000000,0.000000,-5.513,1.000,0.000000,0.000000,0.000000,0.000000,0.000000,0.000000,0,0.00
6.252000,5.291,0.320000,0.320000,2.997,-0.529097,0.000000,0.000000,-5.501,1.000,0.000000,0.000000,0.000000,0.000000,0.000000,0.000000,0,0.00
6.254000,5.273,0.320000,0.320000,2.997,-0.527284,0.000000,0.000000,-5.421,1.000,0.000000,0.000000,0.000000,0.000000,0.000000,0.000000,0,0.00
6.256000,5.231,0.320000,0.320000,2.997,-0.523092,0.000000,0.000000,-5.388,1.000,0.000000,0.000000,0.000000,0.000000,0.000000,0.000000,0,0.00
6.258000,5.196,0.320000,0.320000,2.997,-0.519591,0.000000,0.000000,-5.342,1.000,0.000000,0.000000,0.000000,0.000000,0.000000,0.000000,0,0.00
6.260000,5.165,0.320000,0.320000,2.997,-0.516500,0.000000,0.000000,-5.291,1.000,0.000000,0.000000,0.000000,0.000000,0.000000,0.000000,0,0.00
6.262000,5.164,0.320000,0.320000,2.997,-0.516387,0.000000,0.000000,-5.273,1.000,0.000000,0.000000,0.000000,0.000000,0.000000,0.000000,0,0.00
6.264000,5.133,0.320000,0.320000,2.997,-0.513251,0.000000,0.000000,-5.231,1.000,0.000000,0.000000,0.000000,0.000000,0.000000,0.000000,0,0.00
6.266000,5.122,0.320000,0.320000,2.997,-0.512210,0.000000,0.000000,-5.196,1.000,0.000000,0.000000,0.000000,0.000000,0.000000,0.000000,0,0.00
6.268000,5.118,0.320000,0.320000,2.997,-0.511811,0.000000,0.000000,-5.165,1.000,0.000000,0.000000,0.000000,0.000000,0.000000,0.000000,0,0.00
6.270000,5.134,0.320000,0.320000,2.997,-0.513411,0.000000,0.000000,-5.164,1.000,0.000000,0.000000,0.000000,0.000000,0.000000,0.000000,0,0.00
6.272000,5.140,0.320000,0.320000,2.997,-0.513984,0.000000,0.000000,-5.133,1.000,0.000000,0.000000,0.000000,0.000000,0.000000,0.000000,0,0.00
6.274000,5.142,0.320000,0.320000,2.997,-0.514172,0.000000,-0.000000,-5.122,1.000,0.000000,0.000000,0.000000,0.000000,0.000000,0.000000,0,0.00
6.276000,5.180,0.320000,0.320000,2.997,-0.517951,0.000000,-0.000000,-5.118,1.000,0.000000,0.000000,0.000000,0.000000,0.000000,0.000000,0,0.00
6.278000,5.204,0.320000,0.320000,2.997,-0.520405,0.000000,-0.000000,-5.134,1.000,0.000000,0.000000,0.000000,0.000000,0.000000,0.000000,0,0.00
6.280000,5.227,0.320000,0.320000,2.997,-0.522690,0.000000,-0.000000,-5.140,1.000,0.000000,0.000000,0.000000,0.000000,0.000000,0.000000,0,0.00
6.282000,5.268,0.320000,0.320000,2.997,-0.526819,0.000000,-0.000000,-5.142,1.000,0.000000,0.000000,0.000000,0.000000,0.000000,0.000000,0,0.00
6.284000,5.279,0.320000,0.320000,2.997,-0.527933,0.000000,-0.000000,-5.180,1.000,0.000000,0.000000,0.000000,0.000000,0.000000,0.000000,0,0.00
6.286000,5.333,0.320000,0.320000,2.997,-0.533308,0.000000,-0.000000,-5.204,1.000,0.000000,0.000000,0.000000,0.000000,0.000000,0.000000,0,0.00
6.288000,5.387,0.320000,0.320000,2.997,-0.538676,0.000000,-0.000000,-5.227,1.000,0.000000,0.000000,0.000000,0.000000,0.000000,0.000000,0,0.00
6.290000,5.439,0.320000,0.320000,2.997,-0.543893,0.000000,-0.000000,-5.268,1.000,0.000000,0.000000,0.000000,0.000000,0.000000,0.000000,0,0.00
6.292000,5.485,0.320000,0.320000,2.997,-0.548514,0.000000,-0.000000,-5.279,1.000,0.000000,0.000000,0.000000,0.000000,0.000000,0.000000,0,0.00
6.294000,5.538,0.320000,0.320000,2.997,-0.553802,0.000000,-0.000000,-5.333,1.000,0.000000,0.000000,0.000000,0.000000,0.000000,0.000000,0,0.00
6.296000,5.616,0.320000,0.320000,2.997,-0.561625,0.000000,-0.000000,-5.387,1.000,0.000000,0.000000,0.000000,0.000000,0.000000,0.000000,0,0.00
6.298000,5.674,0.320000,0.320000,2.997,-0.567436,0.000000,-0.000000,-5.439,1.000,0.000000,0.000000,0.000000,0.000000,0.000000,0.000000,0,0.00
6.300000,5.706,0.320000,0.320000,2.997,-0.570633,0.000000,-0.000000,0.000,1.000,0.000000,0.000000,0.000000,0.000000,0.000000,0.000000,0,0.00
6.302000,5.791,0.320000,0.320000,2.997,-0.579092,0.000000,-0.000000,0.000,1.000,0.000000,0.000000,0.000000,0.000000,0.000000,0.000000,0,0.00
6.304000,5.886,0.320000,0.320000,2.997,-0.588623,0.000000,-0.000000,0.000,1.000,0.000000,0.000000,0.000000,0.000000,0.000000,0.000000,0,0.00
6.306000,5.954,0.320000,0.320000,2.997,-0.595400,0.000000,-0.000000,0.000,1.000,0.000000,0.000000,0.000000,0.000000,0.000000,0.000000,0,0.00
6.308000,6.047,0.320000,0.320000,2.997,-0.604669,0.000000,-0.000000,-5.706,1.000,0.000000,0.000000,0.000000,0.000000,0.000000,0.000000,0,0.00
6.310000,6.112,0.320000,0.320000,2.997,-0.611209,0.000000,-0.000000,-5.791,1.000,0.000000,0.000000,0.000000,0.000000,0.000000,0.000000,0,0.00
6.312000,6.175,0.320000,0.320000,2.997,-0.617549,0.000000,-0.000000,-5.886,1.000,0.000000,0.000000,0.000000,0.000000,0.000000,0.000000,0,0.00
6.314000,6.112,0.320000,0.320000,2.997,-0.611222,0.000000,-0.000000,-5.954,1.000,0.000000,0.000000,0.000000,0.000000,0.000000,0.000000,0,0.00
6.316000,6.051,0.320000,0.320000,2.997,-0.605104,0.000000,-0.000000,-6.047,1.000,0.000000,0.000000,0.000000,0.000000,0.000000,0.000000,0,0.00
6.318000,5.951,0.320000,0.320000,2.997,-0.595104,0.000000,0.000000,-6.112,1.000,0.000000,0.000000,0.000000,0.000000,0.000000,0.000000,0,0.00
6.320000,5.851,0.320000,0.320000,2.997,-0.585104,0.000000,0.000000,-6.175,1.000,0.000000,0.000000,0.000000,0.000000,0.000000,0.000000,0,0.00
6.322000,5.751,0.320000,0.320000,2.997,-0.575104,0.000000,0.000000,-6.112,1.000,0.000000,0.000000,0.000000,0.000000,0.000000,0.000000,0,0.00
6.324000,5.651,0.320000,0.320000,2.997,-0.565104,0.000000,0.000000,-6.051,1.000,0.000000,0.000000,0.000000,0.000000,0.000000,0.000000,0,0.00
6.326000,5.551,0.320000,0.320000,2.997,-0.555104,0.000000,0.000000,-5.951,1.000,0.000000,0.000000,0.000000,0.000000,0.000000,0.000000,0,0.00
6.328000,5.451,0.320000,0.320000,2.997,-0.545104,0.000000,0.000000,-5.851,1.000,0.000000,0.000000,0.000000,0.000000,0.000000,0.000000,0,0.00
6.330000,5.351,0.320000,0.320000,2.997,-0.535104,0.000000,0.000000,-5.751,1.000,0.000000,0.000000,0.000000,0.000000,0.000000,0.000000,0,0.00
6.332000,5.251,0.320000,0.320000,2.997,-0.525104,0.000000,0.000000,-5.651,1.000,0.000000,0.000000,0.000000,0.000000,0.000000,0.000000,0,0.00
6.334000,5.151,0.320000,0.320000,2.997,-0.515104,0.000000,0.000000,-5.551,1.000,0.000000,0.000000,0.000000,0.000000,0.000000,0.000000,0,0.00
6.336000,5.051,0.320000,0.320000,2.997,-0.505104,0.000000,0.000000,-5.451,1.000,0.000000,0.000000,0.000000,0.000000,0.000000,0.000000,0,0.00
6.338000,4.951,0.320000,0.320000,2.997,-0.495105,0.000000,0.000000,-5.351,1.000,0.000000,0.000000,0.000000,0.000000,0.000000,0.000000,0,0.00
6.340000,4.851,0.320000,0.320000,2.997,-0.485105,0.000000,0.000000,-5.251,1.000,0.000000,0.000000,0.000000,0.000000,0.000000,0.000000,0,0.00
6.342000,4.751,0.320000,0.320000,2.997,-0.475105,0.000000,0.000000,-5.151,1.000,0.000000,0.000000,0.000000,0.000000,0.000000,0.000000,0,0.00
6.344000,4.651,0.320000,0.320000,2.997,-0.465105,0.000000,0.000000,-5.051,1.000,0.000000,0.000000,0.000000,0.000000,0.000000,0.000000,0,0.00
6.346000,4.551,0.320000,0.320000,2.997,-0.455105,0.000000,0.000000,-4.951,1.000,0.000000,0.000000,0.000000,0.000000,0.000000,0.000000,0,0.00
6.348000,4.451,0.320000,0.320000,2.997,-0.445105,0.000000,0.000000,-4.851,1.000,0.000000,0.000000,0.000000,0.000000,0.000000,0.000000,0,0.00
6.350000,4.351,0.320000,0.320000,2.997,-0.435105,0.000000,0.000000,-4.751,1.000,0.000000,0.000000,0.000000,0.000000,0.000000,0.000000,0,0.00
6.352000,4.251,0.320000,0.320000,2.997,-0.425105,0.000000,0.000000,-4.651,1.000,0.000000,0.000000,0.000000,0.000000,0.000000,0.000000,0,0.00
6.354000,4.151,0.320000,0.320000,2.997,-0.415105,0.000000,0.000000,-4.551,1.000,0.000000,0.000000,0.000000,0.000000,0.000000,0.000000,0,0.00
6.356000,4.051,0.320000,0.320000,2.997,-0.405105,0.000000,0.000000,-4.451,1.000,0.000000,0.000000,0.000000,0.000000,0.000000,0.000000,0,0.00
6.358000,3.951,0.320000,0.320000,2.997,-0.395105,0.000000,0.000000,-4.351,1.000,0.000000,0.000000,0.000000,0.000000,0.000000,0.000000,0,0.00
6.360000,3.851,0.320000,0.320000,2.997,-0.385105,0.000000,0.000000,-4.251,1.000,0.000000,0.000000,0.000000,0.000000,0.000000,0.000000,0,0.00
6.362000,3.751,0.320000,0.320000,2.997,-0.375105,0.000000,0.000000,-4.151,1.000,0.000000,0.000000,0.000000,0.000000,0.000000,0.000000,0,0.00
6.364000,3.651,0.320000,0.320000,2.997,-0.365105,0.000000,0.000000,-4.051,1.000,0.000000,0.000000,0.000000,0.000000,0.000000,0.000000,0,0.00
6.366000,3.551,0.320000,0.320000,2.997,-0.355105,0.000000,0.000000,-3.951,1.000,0.000000,0.000000,0.000000,0.000000,0.000000,0.000000,0,0.00
6.368000,3.451,0.320000,0.320000,2.997,-0.345105,0.000000,0.000000,-3.851,1.000,0.000000,0.000000,0.000000,0.000000,0.000000,0.000000,0,0.00
6.370000,3.351,0.320000,0.320000,2.997,-0.335105,0.000000,0.000000,-3.751,1.000,0.000000,0.000000,0.000000,0.000000,0.000000,0.000000,0,0.00
6.372000,3.251,0.320000,0.320000,2.997,-0.325105,0.000000,0.000000,-3.651,1.000,0.000000,0.000000,0.000000,0.000000,0.000000,0.000000,0,0.00
6.374000,3.151,0.315105,0.315105,2.997,-0.315105,0.000000,0.000000,-3.551,0.985,0.000000,0.000000,0.000000,0.000000,0.000000,0.000000,0,0.00
6.376000,3.051,0.305105,0.305105,2.997,-0.305105,0.000000,0.000000,-3.451,0.953,0.000000,0.000000,0.000000,0.000000,0.000000,0.000000,0,0.00
6.378000,2.951,0.295105,0.295105,2.997,-0.295105,0.000000,0.000000,-3.351,0.922,0.000000,0.000000,0.000000,0.000000,0.000000,0.000000,0,0.00
6.380000,2.851,0.285105,0.285105,2.997,-0.285105,0.000000,0.000000,-3.251,0.891,0.000000,0.000000,0.000000,0.000000,0.000000,0.000000,0,0.00
6.382000,2.751,0.275105,0.275105,2.997,-0.275105,0.000000,0.000000,-3.151,0.860,0.000000,0.000000,0.000000,0.000000,0.000000,0.000000,0,0.00
6.384000,2.651,0.265105,0.265105,2.997,-0.265105,0.000000,0.000000,-3.051,0.828,0.000000,0.000000,0.000000,0.000000,0.000000,0.000000,0,0.00
6.386000,2.551,0.255105,0.255105,3.004,-0.255105,0.000000,0.000000,-2.951,0.797,0.000000,0.000000,0.000000,0.000000,0.000000,0.000000,0,0.00
6.388000,2.451,0.245105,0.245105,3.082,-0.245105,0.000000,0.000000,-2.851,0.766,0.000000,0.000000,0.000000,0.000000,0.000000,0.000000,0,0.00
6.390000,2.351,0.235105,0.235105,3.160,-0.235105,0.000000,0.000000,-2.751,0.735,0.000000,0.000000,0.000000,0.000000,0.000000,0.000000,0,0.00
6.392000,2.251,0.225105,0.225105,3.238,-0.225105,0.000000,0.000000,-2.651,0.703,0.000000,0.000000,0.000000,0.000000,0.000000,0.000000,0,0.00
6.394000,2.151,0.215105,0.215105,3.316,-0.215105,0.000000,0.000000,-2.551,0.672,0.000000,0.000000,0.000000,0.000000,0.000000,0.000000,0,0.00
6.396000,2.051,0.205105,0.205105,3.394,-0.205105,0.000000,0.000000,-2.451,0.641,0.000000,0.000000,0.000000,0.000000,0.000000,0.000000,0,0.00
6.398000,1.951,0.195105,0.195105,3.472,-0.195105,0.000000,0.000000,-2.351,0.610,0.000000,0.000000,0.000000,0.000000,0.000000,0.000000,0,0.00
6.400000,1.851,0.185105,0.185105,3.551,-0.185105,0.000000,-0.000000,0.000,0.578,0.000000,0.000000,0.000000,0.000000,0.000000,0.000000,0,0.00
6.402000,1.751,0.175105,0.175105,3.629,-0.175105,0.000000,0.000000,0.000,0.547,0.000000,0.000000,0.000000,0.000000,0.000000,0.000000,0,0.00
6.404000,1.651,0.165105,0.165105,3.707,-0.165105,0.000000,0.000000,0.000,0.516,0.000000,0.000000,0.000000,0.000000,0.000000,0.000000,0,0.00
6.406000,1.551,0.155105,0.155105,3.785,-0.155105,0.000000,0.000000,0.000,0.485,0.000000,0.000000,0.000000,0.000000,0.000000,0.000000,0,0.00
6.408000,1.451,0.145105,0.145105,3.863,-0.145105,0.000000,0.000000,-1.851,0.453,0.000000,0.000000,0.000000,0.000000,0.000000,0.000000,0,0.00
6.410000,1.351,0.135105,0.135105,3.941,-0.135105,0.000000,0.000000,-1.751,0.422,0.000000,0.000000,0.000000,0.000000,0.000000,0.000000,0,0.00
6.412000,1.251,0.125105,0.125105,4.019,-0.125105,0.000000,0.000000,-1.651,0.391,0.000000,0.000000,0.000000,0.000000,0.000000,0.000000,0,0.00
6.414000,1.151,0.115105,0.115105,4.097,-0.115105,0.000000,0.000000,-1.551,0.360,0.000000,0.000000,0.000000,0.000000,0.000000,0.000000,0,0.00
6.416000,1.051,0.105105,0.105105,4.175,-0.105105,0.000000,0.000000,-1.451,0.328,0.000000,0.000000,0.000000,0.000000,0.000000,0.000000,0,0.00
6.418000,0.951,0.095105,0.095105,4.253,-0.095105,0.000000,0.000000,-1.351,0.297,0.000000,0.000000,0.000000,0.000000,0.000000,0.000000,0,0.00
6.420000,0.851,0.085105,0.085105,4.331,-0.085105,0.000000,0.000000,-1.251,0.266,0.000000,0.000000,0.000000,0.000000,0.000000,0.000000,0,0.00
6.422000,0.751,0.075105,0.075105,4.409,-0.075105,0.000000,0.000000,-1.151,0.235,0.000000,0.000000,0.000000,0.000000,0.000000,0.000000,0,0.00
6.424000,0.651,0.065105,0.065105,4.487,-0.065105,0.000000,0.000000,-1.051,0.203,0.000000,0.000000,0.000000,0.000000,0.000000,0.000000,0,0.00
6.426000,0.551,0.055105,0.055105,4.565,-0.055105,0.000000,0.000000,-0.951,0.172,0.000000,0.000000,0.000000,0.000000,0.000000,0.000000,0,0.00
6.428000,0.451,0.045105,0.045105,4.643,-0.045105,0.000000,0.000000,-0.851,0.141,0.000000,0.000000,0.000000,0.000000,0.000000,0.000000,0,0.00
6.430000,0.351,0.035105,0.035105,4.721,-0.035105,0.000000,0.000000,-0.751,0.110,0.000000,0.000000,0.000000,0.000000,0.000000,0.000000,0,0.00
6.432000,0.251,0.025105,0.025105,4.799,-0.025105,0.000000,0.000000,-0.651,0.078,0.000000,0.000000,0.000000,0.000000,0.000000,0.000000,0,0.00
6.434000,0.151,0.015105,0.015105,4.877,-0.015105,0.000000,0.000000,-0.551,0.047,0.000000,0.000000,0.000000,0.000000,0.000000,0.000000,0,0.00
6.436000,0.051,0.005105,0.005105,4.955,-0.005105,0.000000,0.000000,-0.451,0.016,0.000000,0.000000,0.000000,0.000000,0.000000,0.000000,0,0.00
6.438000,-0.049,-0.004895,-0.004895,4.957,0.004895,0.000000,0.000000,-0.351,0.015,0.000000,0.000000,0.000000,0.000000,0.000000,0.000000,0,0.00
6.440000,-0.149,-0.014895,-0.014895,4.879,0.014895,0.000000,0.000000,-0.251,0.047,0.000000,0.000000,0.000000,0.000000,0.000000,0.000000,0,0.00
6.442000,-0.249,-0.024895,-0.024895,4.801,0.024895,0.000000,0.000000,-0.151,0.078,0.000000,0.000000,0.000000,0.000000,0.000000,0.000000,0,0.00
6.444000,-0.349,-0.034895,-0.034895,4.723,0.034895,0.000000,0.000000,-0.051,0.109,0.000000,0.000000,0.000000,0.000000,0.000000,0.000000,0,0.00
6.446000,-0.449,-0.044895,-0.044895,4.645,0.044895,0.000000,0.000000,0.049,0.140,0.000000,0.000000,0.000000,0.000000,0.000000,0.000000,0,0.00
6.448000,-0.549,-0.054895,-0.054895,4.567,0.054895,0.000000,0.000000,0.149,0.172,0.000000,0.000000,0.000000,0.000000,0.000000,0.000000,0,0.00
6.450000,-0.649,-0.064895,-0.064895,4.489,0.064895,0.000000,0.000000,0.249,0.203,0.000000,0.000000,0.000000,0.000000,0.000000,0.000000,0,0.00
6.452000,-0.749,-0.074895,-0.074895,4.411,0.074895,0.000000,0.000000,0.349,0.234,0.000000,0.000000,0.000000,0.000000,0.000000,0.000000,0,0.00
6.454000,-0.849,-0.084895,-0.084895,4.333,0.084895,0.000000,0.000000,0.449,0.265,0.000000,0.000000,0.000000,0.000000,0.000000,0.000000,0,0.00
6.456000,-0.949,-0.094895,-0.094895,4.255,0.094895,0.000000,0.000000,0.549,0.297,0.000000,0.000000,0.000000,0.000000,0.000000,0.000000,0,0.00
6.458000,-1.049,-0.104895,-0.104895,4.177,0.104895,0.000000,0.000000,0.649,0.328,0.000000,0.000000,0.000000,0.000000,0.000000,0.000000,0,0.00
6.460000,-1.149,-0.114895,-0.114895,4.099,0.114895,0.000000,0.000000,0.749,0.359,0.000000,0.000000,0.000000,0.000000,0.000000,0.000000,0,0.00
6.462000,-1.249,-0.124895,-0.124895,4.020,0.124895,0.000000,0.000000,0.849,0.390,0.000000,0.000000,0.000000,0.000000,0.000000,0.000000,0,0.00
6.464000,-1.349,-0.134895,-0.134895,3.942,0.134895,0.000000,0.000000,0.949,0.422,0.000000,0.000000,0.000000,0.000000,0.000000,0.000000,0,0.00
6.466000,-1.449,-0.144895,-0.144895,3.864,0.144895,0.000000,0.000000,1.049,0.453,0.000000,0.000000,0.000000,0.000000,0.000000,0.000000,0,0.00
6.468000,-1.549,-0.154895,-0.154895,3.786,0.154895,0.000000,0.000000,1.149,0.484,0.000000,0.000000,0.000000,0.000000,0.000000,0.000000,0,0.00
6.470000,-1.649,-0.164895,-0.164895,3.708,0.164895,0.000000,0.000000,1.249,0.515,0.000000,0.000000,0.000000,0.000000,0.000000,0.000000,0,0.00
6.472000,-1.749,-0.174895,-0.174895,3.630,0.174895,0.000000,0.000000,1.349,0.547,0.000000,0.000000,0.000000,0.000000,0.000000,0.000000,0,0.00
6.474000,-1.849,-0.184895,-0.184895,3.552,0.184895,0.000000,0.000000,1.449,0.578,0.000000,0.000000,0.000000,0.000000,0.000000,0.000000,0,0.00
6.476000,-1.949,-0.194895,-0.194895,3.474,0.194895,0.000000,0.000000,1.549,0.609,0.000000,0.000000,0.000000,0.000000,0.000000,0.000000,0,0.00
6.478000,-2.049,-0.204895,-0.204895,3.396,0.204895,0.000000,0.000000,1.649,0.640,0.000000,0.000000,0.000000,0.000000,0.000000,0.000000,0,0.00
6.480000,-2.149,-0.214895,-0.214895,3.318,0.214895,0.000000,0.000000,1.749,0.672,0.000000,0.000000,0.000000,0.000000,0.000000,0.000000,0,0.00
6.482000,-2.249,-0.224895,-0.224895,3.240,0.224895,0.000000,0.000000,1.849,0.703,0.000000,0.000000,0.000000,0.000000,0.000000,0.000000,0,0.00
6.484000,-2.349,-0.234895,-0.234895,3.162,0.234895,0.000000,0.000000,1.949,0.734,0.000000,0.000000,0.000000,0.000000,0.000000,0.000000,0,0.00
6.486000,-2.449,-0.244895,-0.244895,3.084,0.244895,0.000000,0.000000,2.049,0.765,0.000000,0.000000,0.000000,0.000000,0.000000,0.000000,0,0.00
6.488000,-2.549,-0.254895,-0.254895,3.006,0.254895,0.000000,0.000000,2.149,0.797,0.000000,0.000000,0.000000,0.000000,0.000000,0.000000,0,0.00
6.490000,-2.649,-0.264895,-0.264895,2.997,0.264895,0.000000,0.000000,2.249,0.828,0.000000,0.000000,0.000000,0.000000,0.000000,0.000000,0,0.00
6.492000,-2.749,-0.274895,-0.274895,2.997,0.274895,0.000000,0.000000,2.349,0.859,0.000000,0.000000,0.000000,0.000000,0.000000,0.000000,0,0.00
6.494000,-2.849,-0.284895,-0.284895,2.997,0.284895,0.000000,0.000000,2.449,0.890,0.000000,0.000000,0.000000,0.000000,0.000000,0.000000,0,0.00
6.496000,-2.949,-0.294895,-0.294895,2.997,0.294895,0.000000,0.000000,2.549,0.922,0.000000,0.000000,0.000000,0.000000,0.000000,0.000000,0,0.00
6.498000,-3.049,-0.304895,-0.304895,2.997,0.304895,0.000000,0.000000,2.649,0.953,0.000000,0.000000,0.000000,0.000000,0.000000,0.000000,0,0.00
6.500000,-3.149,-0.314895,-0.314895,2.997,0.314895,0.000000,0.000000,0.000,0.984,0.000000,0.000000,0.000000,0.000000,0.000000,0.000000,0,0.00
6.502000,-3.249,-0.320000,-0.320000,2.997,0.324895,0.000000,0.000000,0.000,1.000,0.000000,0.000000,0.000000,0.000000,0.000000,0.000000,0,0.00
6.504000,-3.349,-0.320000,-0.320000,2.997,0.334895,0.000000,0.000000,0.000,1.000,0.000000,0.000000,0.000000,0.000000,0.000000,0.000000,0,0.00
6.506000,-3.449,-0.320000,-0.320000,2.997,0.344895,0.000000,0.000000,0.000,1.000,0.000000,0.000000,0.000000,0.000000,0.000000,0.000000,0,0.00
6.508000,-3.549,-0.320000,-0.320000,2.997,0.354895,0.000000,0.000000,3.149,1.000,0.000000,0.000000,0.000000,0.000000,0.000000,0.000000,0,0.00
6.510000,-3.649,-0.320000,-0.320000,2.997,0.364895,0.000000,0.000000,3.249,1.000,0.000000,0.000000,0.000000,0.000000,0.000000,0.000000,0,0.00
6.512000,-3.749,-0.320000,-0.320000,2.997,0.374895,0.000000,0.000000,3.349,1.000,0.000000,0.000000,0.000000,0.000000,0.000000,0.000000,0,0.00
6.514000,-3.849,-0.320000,-0.320000,2.997,0.384895,0.000000,0.000000,3.449,1.000,0.000000,0.000000,0.000000,0.000000,0.000000,0.000000,0,0.00
6.516000,-3.949,-0.320000,-0.320000,2.997,0.394895,0.000000,0.000000,3.549,1.000,0.000000,0.000000,0.000000,0.000000,0.000000,0.000000,0,0.00
6.518000,-4.049,-0.320000,-0.320000,2.997,0.404895,0.000000,0.000000,3.649,1.000,0.000000,0.000000,0.000000,0.000000,0.000000,0.000000,0,0.00
6.520000,-4.149,-0.320000,-0.320000,2.997,0.414895,0.000000,0.000000,3.749,1.000,0.000000,0.000000,0.000000,0.000000,0.000000,0.000000,0,0.00
6.522000,-4.249,-0.320000,-0.320000,2.997,0.424895,0.000000,0.000000,3.849,1.000,0.000000,0.000000,0.000000,0.000000,0.000000,0.000000,0,0.00
6.524000,-4.349,-0.320000,-0.320000,2.997,0.434895,0.000000,0.000000,3.949,1.000,0.000000,0.000000,0.000000,0.000000,0.000000,0.000000,0,0.00
6.526000,-4.449,-0.320000,-0.320000,2.997,0.444895,0.000000,0.000000,4.049,1.000,0.000000,0.000000,0.000000,0.000000,0.000000,0.000000,0,0.00
6.528000,-4.549,-0.320000,-0.320000,2.997,0.454895,0.000000,0.000000,4.149,1.000,0.000000,0.000000,0.000000,0.000000,0.000000,0.000000,0,0.00
6.530000,-4.649,-0.320000,-0.320000,2.997,0.464895,0.000000,0.000000,4.249,1.000,0.000000,0.000000,0.000000,0.000000,0.000000,0.000000,0,0.00
6.532000,-4.749,-0.320000,-0.320000,2.997,0.474895,0.000000,0.000000,4.349,1.000,0.000000,0.000000,0.000000,0.000000,0.000000,0.000000,0,0.00
6.534000,-4.849,-0.320000,-0.320000,2.997,0.484895,0.000000,0.000000,4.449,1.000,0.000000,0.000000,0.000000,0.000000,0.000000,0.000000,0,0.00
6.536000,-4.949,-0.320000,-0.320000,2.997,0.494895,0.000000,0.000000,4.549,1.000,0.000000,0.000000,0.000000,0.000000,0.000000,0.000000,0,0.00
6.538000,-5.049,-0.320000,-0.320000,2.997,0.504895,0.000000,0.000000,4.649,1.000,0.000000,0.000000,0.000000,0.000000,0.000000,0.000000,0,0.00
6.540000,-5.149,-0.320000,-0.320000,2.997,0.514895,0.000000,0.000000,4.749,1.000,0.000000,0.000000,0.000000,0.000000,0.000000,0.000000,0,0.00
6.542000,-5.249,-0.320000,-0.320000,2.997,0.524895,0.000000,0.000000,4.849,1.000,0.000000,0.000000,0.000000,0.000000,0.000000,0.000000,0,0.00
6.544000,-5.349,-0.320000,-0.320000,2.997,0.534895,0.000000,0.000000,4.949,1.000,0.000000,0.000000,0.000000,0.000000,0.000000,0.000000,0,0.00
6.546000,-5.449,-0.320000,-0.320000,2.997,0.544895,0.000000,0.000000,5.049,1.000,0.000000,0.000000,0.000000,0.000000,0.000000,0.000000,0,0.00
6.548000,-5.549,-0.320000,-0.320000,2.997,0.554895,0.000000,0.000000,5.149,1.000,0.000000,0.000000,0.000000,0.000000,0.000000,0.000000,0,0.00
6.550000,-5.649,-0.320000,-0.320000,2.997,0.564895,0.000000,0.000000,5.249,1.000,0.000000,0.000000,0.000000,0.000000,0.000000,0.000000,0,0.00
6.552000,-5.749,-0.320000,-0.320000,2.997,0.574895,0.000000,0.000000,5.349,1.000,0.000000,0.000000,0.000000,0.000000,0.000000,0.000000,0,0.00
6.554000,-5.849,-0.320000,-0.320000,2.997,0.584895,0.000000,0.000000,5.449,1.000,0.000000,0.000000,0.000000,0.000000,0.000000,0.000000,0,0.00
6.556000,-5.949,-0.320000,-0.320000,2.997,0.594895,0.000000,0.000000,5.549,1.000,0.000000,0.000000,0.000000,0.000000,0.000000,0.000000,0,0.00
6.558000,-6.049,-0.320000,-0.320000,2.997,0.604895,0.000000,0.000000,5.649,1.000,0.000000,0.000000,0.000000,0.000000,0.000000,0.000000,0,0.00
6.560000,-6.149,-0.320000,-0.320000,2.997,0.614895,0.000000,0.000000,5.749,1.000,0.000000,0.000000,0.000000,0.000000,0.000000,0.000000,0,0.00
6.562000,-6.249,-0.320000,-0.320000,2.997,0.624895,0.000000,0.000000,5.849,1.000,0.000000,0.000000,0.000000,0.000000,0.000000,0.000000,0,0.00
6.564000,-6.349,-0.320000,-0.320000,2.997,0.634895,0.000000,0.000000,5.949,1.000,0.000000,0.000000,0.000000,0.000000,0.000000,0.000000,0,0.00
6.566000,-6.449,-0.320000,-0.320000,2.997,0.644895,0.000000,0.000000,6.049,1.000,0.000000,0.000000,0.000000,0.000000,0.000000,0.000000,0,0.00
6.568000,-6.549,-0.320000,-0.320000,2.997,0.654895,0.000000,0.000000,6.149,1.000,0.000000,0.000000,0.000000,0.000000,0.000000,0.000000,0,0.00
6.570000,-6.649,-0.320000,-0.320000,2.997,0.664895,0.000000,0.000000,6.249,1.000,0.000000,0.000000,0.000000,0.000000,0.000000,0.000000,0,0.00
6.572000,-6.749,-0.320000,-0.320000,2.997,0.674895,0.000000,0.000000,6.349,1.000,0.000000,0.000000,0.000000,0.000000,0.000000,0.000000,0,0.00
6.574000,-6.849,-0.320000,-0.320000,2.997,0.684895,0.000000,0.000000,6.449,1.000,0.000000,0.000000,0.000000,0.000000,0.000000,0.000000,0,0.00
6.576000,-6.949,-0.320000,-0.320000,2.997,0.694895,0.000000,0.000000,6.549,1.000,0.000000,0.000000,0.000000,0.000000,0.000000,0.000000,0,0.00
6.578000,-7.049,-0.320000,-0.320000,2.997,0.704895,0.000000,0.000000,6.649,1.000,0.000000,0.000000,0.000000,0.000000,0.000000,0.000000,0,0.00
6.580000,-7.149,-0.320000,-0.320000,2.997,0.714895,0.000000,0.000000,6.749,1.000,0.000000,0.000000,0.000000,0.000000,0.000000,0.000000,0,0.00
6.582000,-7.249,-0.320000,-0.320000,2.997,0.724895,0.000000,0.000000,6.849,1.000,0.000000,0.000000,0.000000,0.000000,0.000000,0.000000,0,0.00
6.584000,-7.349,-0.320000,-0.320000,2.997,0.734895,0.000000,0.000000,6.949,1.000,0.000000,0.000000,0.000000,0.000000,0.000000,0.000000,0,0.00
6.586000,-7.449,-0.320000,-0.320000,2.997,0.744895,0.000000,0.000000,7.049,1.000,0.000000,0.000000,0.000000,0.000000,0.000000,0.000000,0,0.00
6.588000,-7.549,-0.320000,-0.320000,2.997,0.754895,0.000000,0.000000,7.149,1.000,0.000000,0.000000,0.000000,0.000000,0.000000,0.000000,0,0.00
6.590000,-7.649,-0.320000,-0.320000,2.997,0.764895,0.000000,0.000000,7.249,1.000,0.000000,0.000000,0.000000,0.000000,0.000000,0.000000,0,0.00
6.592000,-7.749,-0.320000,-0.320000,2.997,0.774895,0.000000,0.000000,7.349,1.000,0.000000,0.000000,0.000000,0.000000,0.000000,0.000000,0,0.00
6.594000,-7.849,-0.320000,-0.320000,2.997,0.784895,0.000000,0.000000,7.449,1.000,0.000000,0.000000,0.000000,0.000000,0.000000,0.000000,0,0.00
6.596000,-7.949,-0.320000,-0.320000,2.997,0.794895,0.000000,0.000000,7.549,1.000,0.000000,0.000000,0.000000,0.000000,0.000000,0.000000,0,0.00
6.598000,-8.049,-0.320000,-0.320000,2.997,0.804895,0.000000,0.000000,7.649,1.000,0.000000,0.000000,0.000000,0.000000,0.000000,0.000000,0,0.00
6.600000,-8.149,-0.320000,-0.320000,2.997,0.814895,0.000000,0.000000,0.000,1.000,0.000000,0.000000,0.000000,0.000000,0.000000,0.000000,0,0.00
6.602000,-8.249,-0.320000,-0.320000,2.997,0.824895,0.000000,0.000000,0.000,1.000,0.000000,0.000000,0.000000,0.000000,0.000000,0.000000,0,0.00
6.604000,-8.349,-0.320000,-0.320000,2.997,0.834895,0.000000,0.000000,0.000,1.000,0.000000,0.000000,0.000000,0.000000,0.000000,0.000000,0,0.00
6.606000,-8.449,-0.320000,-0.320000,2.997,0.844895,0.000000,0.000000,0.000,1.000,0.000000,0.000000,0.000000,0.000000,0.000000,0.000000,0,0.00
6.608000,-8.549,-0.320000,-0.320000,2.997,0.854895,0.000000,0.000000,8.149,1.000,0.000000,0.000000,0.000000,0.000000,0.000000,0.000000,0,0.00
6.610000,-8.649,-0.320000,-0.320000,2.997,0.864895,0.000000,0.000000,8.249,1.000,0.000000,0.000000,0.000000,0.000000,0.000000,0.000000,0,0.00
6.612000,-8.749,-0.320000,-0.320000,2.997,0.874895,0.000000,0.000000,8.349,1.000,0.000000,0.000000,0.000000,0.000000,0.000000,0.000000,0,0.00
6.614000,-8.849,-0.320000,-0.320000,2.997,0.884895,0.000000,0.000000,8.449,1.000,0.000000,0.000000,0.000000,0.000000,0.000000,0.000000,0,0.00
6.616000,-8.949,-0.320000,-0.320000,2.997,0.894895,0.000000,0.000000,8.549,1.000,0.000000,0.000000,0.000000,0.000000,0.000000,0.000000,0,0.00
6.618000,-9.049,-0.320000,-0.320000,2.997,0.904895,0.000000,0.000000,8.649,1.000,0.000000,0.000000,0.000000,0.000000,0.000000,0.000000,0,0.00
6.620000,-9.149,-0.320000,-0.320000,2.997,0.914895,0.000000,0.000000,8.749,1.000,0.000000,0.000000,0.000000,0.000000,0.000000,0.000000,0,0.00
6.622000,-9.249,-0.320000,-0.320000,2.997,0.924895,0.000000,0.000000,8.849,1.000,0.000000,0.000000,0.000000,0.000000,0.000000,0.000000,0,0.00
6.624000,-9.349,-0.320000,-0.320000,2.997,0.934895,0.000000,0.000000,8.949,1.000,0.000000,0.000000,0.000000,0.000000,0.000000,0.000000,0,0.00
6.626000,-9.449,-0.320000,-0.320000,2.997,0.944895,0.000000,0.000000,9.049,1.000,0.000000,0.000000,0.000000,0.000000,0.000000,0.000000,0,0.00
6.628000,-9.549,-0.320000,-0.320000,2.997,0.954895,0.000000,0.000000,9.149,1.000,0.000000,0.000000,0.000000,0.000000,0.000000,0.000000,0,0.00
6.630000,-9.649,-0.320000,-0.320000,2.997,0.964895,0.000000,0.000000,9.249,1.000,0.000000,0.000000,0.000000,0.000000,0.000000,0.000000,0,0.00
6.632000,-9.749,-0.320000,-0.320000,2.997,0.974895,0.000000,0.000000,9.349,1.000,0.000000,0.000000,0.000000,0.000000,0.000000,0.000000,0,0.00
6.634000,-9.849,-0.320000,-0.320000,2.997,0.984895,0.000000,0.000000,9.449,1.000,0.000000,0.000000,0.000000,0.000000,0.000000,0.000000,0,0.00
6.636000,-9.949,-0.320000,-0.320000,2.997,0.994895,0.000000,0.000000,9.549,1.000,0.000000,0.000000,0.000000,0.000000,0.000000,0.000000,0,0.00
6.638000,-10.049,-0.320000,-0.320000,2.997,1.004896,0.000000,0.000000,9.649,1.000,0.000000,0.000000,0.000000,0.000000,0.000000,0.000000,0,0.00
6.640000,-10.149,-0.320000,-0.320000,2.997,1.014896,0.000000,0.000000,9.749,1.000,0.000000,0.000000,0.000000,0.000000,0.000000,0.000000,0,0.00
6.642000,-10.249,-0.320000,-0.320000,2.997,1.024896,0.000000,0.000000,9.849,1.000,0.000000,0.000000,0.000000,0.000000,0.000000,0.000000,0,0.00
6.644000,-10.349,-0.320000,-0.320000,2.997,1.034896,0.000000,0.000000,9.949,1.000,0.000000,0.000000,0.000000,0.000000,0.000000,0.000000,0,0.00
6.646000,-10.449,-0.320000,-0.320000,2.997,1.044896,0.000000,0.000000,10.049,1.000,0.000000,0.000000,0.000000,0.000000,0.000000,0.000000,0,0.00
6.648000,-10.549,-0.320000,-0.320000,2.997,1.054896,0.000000,0.000000,10.149,1.000,0.000000,0.000000,0.000000,0.000000,0.000000,0.000000,0,0.00
6.650000,-10.649,-0.320000,-0.320000,2.997,1.064896,0.000000,0.000000,10.249,1.000,0.000000,0.000000,0.000000,0.000000,0.000000,0.000000,0,0.00
6.652000,-10.749,-0.320000,-0.320000,2.997,1.074896,0.000000,0.000000,10.349,1.000,0.000000,0.000000,0.000000,0.000000,0.000000,0.000000,0,0.00
6.654000,-10.849,-0.320000,-0.320000,2.997,1.084896,0.000000,0.000000,10.449,1.000,0.000000,0.000000,0.000000,0.000000,0.000000,0.000000,0,0.00
6.656000,-10.949,-0.320000,-0.320000,2.997,1.094896,0.000000,0.000000,10.549,1.000,0.000000,0.000000,0.000000,0.000000,0.000000,0.000000,0,0.00
6.658000,-11.049,-0.320000,-0.320000,2.997,1.104896,0.000000,0.000000,10.649,1.000,0.000000,0.000000,0.000000,0.000000,0.000000,0.000000,0,0.00
6.660000,-11.149,-0.320000,-0.320000,2.997,1.114896,0.000000,0.000000,10.749,1.000,0.000000,0.000000,0.000000,0.000000,0.000000,0.000000,0,0.00
6.662000,-11.249,-0.320000,-0.320000,2.997,1.124896,0.000000,0.000000,10.849,1.000,0.000000,0.000000,0.000000,0.000000,0.000000,0.000000,0,0.00
6.664000,-11.349,-0.320000,-0.320000,2.997,1.134896,0.000000,0.000000,10.949,1.000,0.000000,0.000000,0.000000,0.000000,0.000000,0.000000,0,0.00
6.666000,-11.449,-0.320000,-0.320000,2.997,1.144896,0.000000,0.000000,11.049,1.000,0.000000,0.000000,0.000000,0.000000,0.000000,0.000000,0,0.00
6.668000,-11.549,-0.320000,-0.320000,2.997,1.154896,0.000000,0.000000,11.149,1.000,0.000000,0.000000,0.000000,0.000000,0.000000,0.000000,0,0.00
6.670000,-11.649,-0.320000,-0.320000,2.997,1.164896,0.000000,0.000000,11.249,1.000,0.000000,0.000000,0.000000,0.000000,0.000000,0.000000,0,0.00
6.672000,-11.749,-0.320000,-0.320000,2.997,1.174896,0.000000,0.000000,11.349,1.000,0.000000,0.000000,0.000000,0.000000,0.000000,0.000000,0,0.00
6.674000,-11.849,-0.320000,-0.320000,2.997,1.184896,0.000000,0.000000,11.449,1.000,0.000000,0.000000,0.000000,0.000000,0.000000,0.000000,0,0.00
6.676000,-11.949,-0.320000,-0.320000,2.997,1.194896,0.000000,0.000000,11.549,1.000,0.000000,0.000000,0.000000,0.000000,0.000000,0.000000,0,0.00
6.678000,-12.049,-0.320000,-0.320000,2.997,1.204896,0.000000,0.000000,11.649,1.000,0.000000,0.000000,0.000000,0.000000,0.000000,0.000000,0,0.00
6.680000,-12.149,-0.320000,-0.320000,2.997,1.214896,0.000000,0.000000,11.749,1.000,0.000000,0.000000,0.000000,0.000000,0.000000,0.000000,0,0.00
6.682000,-12.249,-0.320000,-0.320000,2.997,1.224896,0.000000,0.000000,11.849,1.000,0.000000,0.000000,0.000000,0.000000,0.000000,0.000000,0,0.00
6.684000,-12.349,-0.320000,-0.320000,2.997,1.234896,0.000000,0.000000,11.949,1.000,0.000000,0.000000,0.000000,0.000000,0.000000,0.000000,0,0.00
6.686000,-12.449,-0.320000,-0.320000,2.997,1.244896,0.000000,0.000000,12.049,1.000,0.000000,0.000000,0.000000,0.000000,0.000000,0.000000,0,0.00
6.688000,-12.549,-0.320000,-0.320000,2.997,1.254897,0.000000,0.000000,12.149,1.000,0.000000,0.000000,0.000000,0.000000,0.000000,0.000000,0,0.00
6.690000,-12.649,-0.320000,-0.320000,2.997,1.264897,0.000000,0.000000,12.249,1.000,0.000000,0.000000,0.000000,0.000000,0.000000,0.000000,0,0.00
6.692000,-12.749,-0.320000,-0.320000,2.997,1.274897,0.000000,0.000000,12.349,1.000,0.000000,0.000000,0.000000,0.000000,0.000000,0.000000,0,0.00
6.694000,-12.849,-0.320000,-0.320000,2.997,1.284897,0.000000,0.000000,12.449,1.000,0.000000,0.000000,0.000000,0.000000,0.000000,0.000000,0,0.00
6.696000,-12.949,-0.320000,-0.320000,2.997,1.294897,0.000000,0.000000,12.549,1.000,0.000000,0.000000,0.000000,0.000000,0.000000,0.000000,0,0.00
6.698000,-13.049,-0.320000,-0.320000,2.997,1.304897,0.000000,0.000000,12.649,1.000,0.000000,0.000000,0.000000,0.000000,0.000000,0.000000,0,0.00
6.700000,-13.149,-0.320000,-0.320000,2.997,1.314897,0.000000,0.000000,0.000,1.000,0.000000,0.000000,0.000000,0.000000,0.000000,0.000000,0,0.00
6.702000,-13.249,-0.320000,-0.320000,2.997,1.324897,0.000000,0.000000,0.000,1.000,0.000000,0.000000,0.000000,0.000000,0.000000,0.000000,0,0.00
6.704000,-13.349,-0.320000,-0.320000,2.997,1.334897,0.000000,0.000000,0.000,1.000,0.000000,0.000000,0.000000,0.000000,0.000000,0.000000,0,0.00
6.706000,-13.449,-0.320000,-0.320000,2.997,1.344897,0.000000,0.000000,0.000,1.000,0.000000,0.000000,0.000000,0.000000,0.000000,0.000000,0,0.00
6.708000,-13.549,-0.320000,-0.320000,2.997,1.354897,0.000000,0.000000,13.149,1.000,0.000000,0.000000,0.000000,0.000000,0.000000,0.000000,0,0.00
6.710000,-13.649,-0.320000,-0.320000,2.997,1.364897,0.000000,0.000000,13.249,1.000,0.000000,0.000000,0.000000,0.000000,0.000000,0.000000,0,0.00
6.712000,-13.749,-0.320000,-0.320000,2.997,1.374897,0.000000,0.000000,13.349,1.000,0.000000,0.000000,0.000000,0.000000,0.000000,0.000000,0,0.00
6.714000,-13.849,-0.320000,-0.320000,2.997,1.384897,0.000000,0.000000,13.449,1.000,0.000000,0.000000,0.000000,0.000000,0.000000,0.000000,0,0.00
6.716000,-13.949,-0.320000,-0.320000,2.997,1.394897,0.000000,0.000000,13.549,1.000,0.000000,0.000000,0.000000,0.000000,0.000000,0.000000,0,0.00
6.718000,-14.049,-0.320000,-0.320000,2.997,1.404897,0.000000,0.000000,13.649,1.000,0.000000,0.000000,0.000000,0.000000,0.000000,0.000000,0,0.00
6.720000,-14.149,-0.320000,-0.320000,2.997,1.414897,0.000000,0.000000,13.749,1.000,0.000000,0.000000,0.000000,0.000000,0.000000,0.000000,0,0.00
6.722000,-14.249,-0.320000,-0.320000,2.997,1.424897,0.000000,0.000000,13.849,1.000,0.000000,0.000000,0.000000,0.000000,0.000000,0.000000,0,0.00
6.724000,-14.349,-0.320000,-0.320000,2.997,1.434897,0.000000,0.000000,13.949,1.000,0.000000,0.000000,0.000000,0.000000,0.000000,0.000000,0,0.00
6.726000,-14.449,-0.320000,-0.320000,2.997,1.444897,0.000000,0.000000,14.049,1.000,0.000000,0.000000,0.000000,0.000000,0.000000,0.000000,0,0.00
6.728000,-14.549,-0.320000,-0.320000,2.997,1.454897,0.000000,0.000000,14.149,1.000,0.000000,0.000000,0.000000,0.000000,0.000000,0.000000,0,0.00
6.730000,-14.649,-0.320000,-0.320000,2.997,1.464897,0.000000,0.000000,14.249,1.000,0.000000,0.000000,0.000000,0.000000,0.000000,0.000000,0,0.00
6.732000,-14.749,-0.320000,-0.320000,2.997,1.474897,0.000000,0.000000,14.349,1.000,0.000000,0.000000,0.000000,0.000000,0.000000,0.000000,0,0.00
6.734000,-14.849,-0.320000,-0.320000,2.997,1.484897,0.000000,0.000000,14.449,1.000,0.000000,0.000000,0.000000,0.000000,0.000000,0.000000,0,0.00
6.736000,-14.949,-0.320000,-0.320000,2.997,1.494897,0.000000,0.000000,14.549,1.000,0.000000,0.000000,0.000000,0.000000,0.000000,0.000000,0,0.00
6.738000,-15.049,-0.320000,-0.320000,2.997,1.504897,0.000000,0.000000,14.649,1.000,0.000000,0.000000,0.000000,0.000000,0.000000,0.000000,0,0.00
6.740000,-15.149,-0.320000,-0.320000,2.997,1.514897,0.000000,0.000000,14.749,1.000,0.000000,0.000000,0.000000,0.000000,0.000000,0.000000,0,0.00
6.742000,-15.249,-0.320000,-0.320000,2.997,1.524897,0.000000,0.000000,14.849,1.000,0.000000,0.000000,0.000000,0.000000,0.000000,0.000000,0,0.00
6.744000,-15.349,-0.320000,-0.320000,2.997,1.534898,0.000000,0.000000,14.949,1.000,0.000000,0.000000,0.000000,0.000000,0.000000,0.000000,0,0.00
6.746000,-15.449,-0.320000,-0.320000,2.997,1.544898,0.000000,0.000000,15.049,1.000,0.000000,0.000000,0.000000,0.000000,0.000000,0.000000,0,0.00
6.748000,-15.549,-0.320000,-0.320000,2.997,1.554898,0.000000,0.000000,15.149,1.000,0.000000,0.000000,0.000000,0.000000,0.000000,0.000000,0,0.00
6.750000,-15.649,-0.320000,-0.320000,2.997,1.564898,0.000000,0.000000,15.249,1.000,0.000000,0.000000,0.000000,0.000000,0.000000,0.000000,0,0.00
6.752000,-15.749,-0.320000,-0.320000,2.997,1.574898,0.000000,0.000000,15.349,1.000,0.000000,0.000000,0.000000,0.000000,0.000000,0.000000,0,0.00
6.754000,-15.849,-0.320000,-0.320000,2.997,1.584898,0.000000,0.000000,15.449,1.000,0.000000,0.000000,0.000000,0.000000,0.000000,0.000000,0,0.00
6.756000,-15.949,-0.320000,-0.320000,2.997,1.594898,0.000000,0.000000,15.549,1.000,0.000000,0.000000,0.000000,0.000000,0.000000,0.000000,0,0.00
6.758000,-16.049,-0.320000,-0.320000,2.997,1.604898,0.000000,0.000000,15.649,1.000,0.000000,0.000000,0.000000,0.000000,0.000000,0.000000,0,0.00
6.760000,-16.149,-0.320000,-0.320000,2.997,1.614898,0.000000,0.000000,15.749,1.000,0.000000,0.000000,0.000000,0.000000,0.000000,0.000000,0,0.00
6.762000,-16.249,-0.320000,-0.320000,2.997,1.624898,0.000000,0.000000,15.849,1.000,0.000000,0.000000,0.000000,0.000000,0.000000,0.000000,0,0.00
6.764000,-16.349,-0.320000,-0.320000,2.997,1.634898,0.000000,0.000000,15.949,1.000,0.000000,0.000000,0.000000,0.000000,0.000000,0.000000,0,0.00
6.766000,-16.449,-0.320000,-0.320000,2.997,1.644898,0.000000,0.000000,16.049,1.000,0.000000,0.000000,0.000000,0.000000,0.000000,0.000000,0,0.00
6.768000,-16.549,-0.320000,-0.320000,2.997,1.654898,0.000000,0.000000,16.149,1.000,0.000000,0.000000,0.000000,0.000000,0.000000,0.000000,0,0.00
6.770000,-16.649,-0.320000,-0.320000,2.997,1.664898,0.000000,0.000000,16.249,1.000,0.000000,0.000000,0.000000,0.000000,0.000000,0.000000,0,0.00
6.772000,-16.749,-0.320000,-0.320000,2.997,1.674898,0.000000,0.000000,16.349,1.000,0.000000,0.000000,0.000000,0.000000,0.000000,0.000000,0,0.00
6.774000,-16.849,-0.320000,-0.320000,2.997,1.684898,0.000000,0.000000,16.449,1.000,0.000000,0.000000,0.000000,0.000000,0.000000,0.000000,0,0.00
6.776000,-16.949,-0.320000,-0.320000,2.997,1.694898,0.000000,0.000000,16.549,1.000,0.000000,0.000000,0.000000,0.000000,0.000000,0.000000,0,0.00
6.778000,-17.049,-0.320000,-0.320000,2.997,1.704898,0.000000,0.000000,16.649,1.000,0.000000,0.000000,0.000000,0.000000,0.000000,0.000000,0,0.00
6.780000,-17.149,-0.320000,-0.320000,2.997,1.714898,0.000000,0.000000,16.749,1.000,0.000000,0.000000,0.000000,0.000000,0.000000,0.000000,0,0.00
6.782000,-17.249,-0.320000,-0.320000,2.997,1.724898,0.000000,0.000000,16.849,1.000,0.000000,0.000000,0.000000,0.000000,0.000000,0.000000,0,0.00
6.784000,-17.349,-0.320000,-0.320000,2.997,1.734898,0.000000,0.000000,16.949,1.000,0.000000,0.000000,0.000000,0.000000,0.000000,0.000000,0,0.00
6.786000,-17.449,-0.320000,-0.320000,2.997,1.744898,0.000000,0.000000,17.049,1.000,0.000000,0.000000,0.000000,0.000000,0.000000,0.000000,0,0.00
6.788000,-17.549,-0.320000,-0.320000,2.997,1.754898,0.000000,0.000000,17.149,1.000,0.000000,0.000000,0.000000,0.000000,0.000000,0.000000,0,0.00
6.790000,-17.649,-0.320000,-0.320000,2.997,1.764898,0.000000,0.000000,17.249,1.000,0.000000,0.000000,0.000000,0.000000,0.000000,0.000000,0,0.00
6.792000,-17.749,-0.320000,-0.320000,2.997,1.774898,0.000000,0.000000,17.349,1.000,0.000000,0.000000,0.000000,0.000000,0.000000,0.000000,0,0.00
6.794000,-17.849,-0.320000,-0.320000,2.997,1.784898,0.000000,0.000000,17.449,1.000,0.000000,0.000000,0.000000,0.000000,0.000000,0.000000,0,0.00
6.796000,-17.949,-0.320000,-0.320000,2.997,1.794898,0.000000,0.000000,17.549,1.000,0.000000,0.000000,0.000000,0.000000,0.000000,0.000000,0,0.00
6.798000,-18.049,-0.320000,-0.320000,2.997,1.804899,0.000000,0.000000,17.649,1.000,0.000000,0.000000,0.000000,0.000000,0.000000,0.000000,0,0.00
6.800000,-18.149,-0.320000,-0.320000,2.997,1.814898,0.000000,0.000000,0.000,1.000,0.000000,0.000000,0.000000,0.000000,0.000000,0.000000,0,0.00
6.802000,-18.249,-0.320000,-0.320000,2.997,1.824899,0.000000,0.000000,0.000,1.000,0.000000,0.000000,0.000000,0.000000,0.000000,0.000000,0,0.00
6.804000,-18.349,-0.320000,-0.320000,2.997,1.834899,0.000000,0.000000,0.000,1.000,0.000000,0.000000,0.000000,0.000000,0.000000,0.000000,0,0.00
6.806000,-18.449,-0.320000,-0.320000,2.997,1.844899,0.000000,0.000000,0.000,1.000,0.000000,0.000000,0.000000,0.000000,0.000000,0.000000,0,0.00
6.808000,-18.549,-0.320000,-0.320000,2.997,1.854899,0.000000,0.000000,18.149,1.000,0.000000,0.000000,0.000000,0.000000,0.000000,0.000000,0,0.00
6.810000,-18.649,-0.320000,-0.320000,2.997,1.864899,0.000000,0.000000,18.249,1.000,0.000000,0.000000,0.000000,0.000000,0.000000,0.000000,0,0.00
6.812000,-18.749,-0.320000,-0.320000,2.997,1.874899,0.000000,0.000000,18.349,1.000,0.000000,0.000000,0.000000,0.000000,0.000000,0.000000,0,0.00
6.814000,-18.849,-0.320000,-0.320000,2.997,1.884899,0.000000,0.000000,18.449,1.000,0.000000,0.000000,0.000000,0.000000,0.000000,0.000000,0,0.00
6.816000,-18.949,-0.320000,-0.320000,2.997,1.894899,0.000000,0.000000,18.549,1.000,0.000000,0.000000,0.000000,0.000000,0.000000,0.000000,0,0.00
6.818000,-19.049,-0.320000,-0.320000,2.997,1.904899,0.000000,0.000000,18.649,1.000,0.000000,0.000000,0.000000,0.000000,0.000000,0.000000,0,0.00
6.820000,-19.149,-0.320000,-0.320000,2.997,1.914899,0.000000,0.000000,18.749,1.000,0.000000,0.000000,0.000000,0.000000,0.000000,0.000000,0,0.00
6.822000,-19.249,-0.320000,-0.320000,2.997,1.924899,0.000000,0.000000,18.849,1.000,0.000000,0.000000,0.000000,0.000000,0.000000,0.000000,0,0.00
6.824000,-19.349,-0.320000,-0.320000,2.997,1.934899,0.000000,0.000000,18.949,1.000,0.000000,0.000000,0.000000,0.000000,0.000000,0.000000,0,0.00
6.826000,-19.449,-0.320000,-0.320000,2.997,1.944899,0.000000,0.000000,19.049,1.000,0.000000,0.000000,0.000000,0.000000,0.000000,0.000000,0,0.00
6.828000,-19.549,-0.320000,-0.320000,2.997,1.954899,0.000000,0.000000,19.149,1.000,0.000000,0.000000,0.000000,0.000000,0.000000,0.000000,0,0.00
6.830000,-19.649,-0.320000,-0.320000,2.997,1.964899,0.000000,0.000000,19.249,1.000,0.000000,0.000000,0.000000,0.000000,0.000000,0.000000,0,0.00
6.832000,-19.749,-0.320000,-0.320000,2.997,1.974899,0.000000,0.000000,19.349,1.000,0.000000,0.000000,0.000000,0.000000,0.000000,0.000000,0,0.00
6.834000,-19.849,-0.320000,-0.320000,2.997,1.984899,0.000000,0.000000,19.449,1.000,0.000000,0.000000,0.000000,0.000000,0.000000,0.000000,0,0.00
6.836000,-19.949,-0.320000,-0.320000,2.997,1.994899,0.000000,0.000000,19.549,1.000,0.000000,0.000000,0.000000,0.000000,0.000000,0.000000,0,0.00
6.838000,-20.049,-0.320000,-0.320000,2.997,2.004899,0.000000,0.000000,19.649,1.000,0.000000,0.000000,0.000000,0.000000,0.000000,0.000000,0,0.00
6.840000,-20.149,-0.320000,-0.320000,2.997,2.014899,0.000000,0.000000,19.749,1.000,0.000000,0.000000,0.000000,0.000000,0.000000,0.000000,0,0.00
6.842000,-20.249,-0.320000,-0.320000,2.997,2.024899,0.000000,0.000000,19.849,1.000,0.000000,0.000000,0.000000,0.000000,0.000000,0.000000,0,0.00
6.844000,-20.349,-0.320000,-0.320000,2.997,2.034899,0.000000,0.000000,19.949,1.000,0.000000,0.000000,0.000000,0.000000,0.000000,0.000000,0,0.00
6.846000,-20.449,-0.320000,-0.320000,2.997,2.044899,0.000000,0.000000,20.049,1.000,0.000000,0.000000,0.000000,0.000000,0.000000,0.000000,0,0.00
6.848000,-20.549,-0.320000,-0.320000,2.997,2.054899,0.000000,0.000000,20.149,1.000,0.000000,0.000000,0.000000,0.000000,0.000000,0.000000,0,0.00
6.850000,-20.649,-0.320000,-0.320000,2.997,2.064899,0.000000,0.000000,20.249,1.000,0.000000,0.000000,0.000000,0.000000,0.000000,0.000000,0,0.00
6.852000,-20.749,-0.320000,-0.320000,2.997,2.074899,0.000000,0.000000,20.349,1.000,0.000000,0.000000,0.000000,0.000000,0.000000,0.000000,0,0.00
6.854000,-20.849,-0.320000,-0.320000,2.997,2.084900,0.000000,0.000000,20.449,1.000,0.000000,0.000000,0.000000,0.000000,0.000000,0.000000,0,0.00
6.856000,-20.949,-0.320000,-0.320000,2.997,2.094900,0.000000,0.000000,20.549,1.000,0.000000,0.000000,0.000000,0.000000,0.000000,0.000000,0,0.00
6.858000,-21.049,-0.320000,-0.320000,2.997,2.104900,0.000000,0.000000,20.649,1.000,0.000000,0.000000,0.000000,0.000000,0.000000,0.000000,0,0.00
6.860000,-21.149,-0.320000,-0.320000,2.997,2.114900,0.000000,0.000000,20.749,1.000,0.000000,0.000000,0.000000,0.000000,0.000000,0.000000,0,0.00
6.862000,-21.249,-0.320000,-0.320000,2.997,2.124900,0.000000,0.000000,20.849,1.000,0.000000,0.000000,0.000000,0.000000,0.000000,0.000000,0,0.00
6.864000,-21.349,-0.320000,-0.320000,2.997,2.134900,0.000000,0.000000,20.949,1.000,0.000000,0.000000,0.000000,0.000000,0.000000,0.000000,0,0.00
6.866000,-21.449,-0.320000,-0.320000,2.997,2.144900,0.000000,0.000000,21.049,1.000,0.000000,0.000000,0.000000,0.000000,0.000000,0.000000,0,0.00
6.868000,-21.549,-0.320000,-0.320000,2.997,2.154900,0.000000,0.000000,21.149,1.000,0.000000,0.000000,0.000000,0.000000,0.000000,0.000000,0,0.00
6.870000,-21.649,-0.320000,-0.320000,2.997,2.164900,0.000000,0.000000,21.249,1.000,0.000000,0.000000,0.000000,0.000000,0.000000,0.000000,0,0.00
6.872000,-21.749,-0.320000,-0.320000,2.997,2.174900,0.000000,0.000000,21.349,1.000,0.000000,0.000000,0.000000,0.000000,0.000000,0.000000,0,0.00
6.874000,-21.849,-0.320000,-0.320000,2.997,2.184900,0.000000,0.000000,21.449,1.000,0.000000,0.000000,0.000000,0.000000,0.000000,0.000000,0,0.00
6.876000,-21.949,-0.320000,-0.320000,2.997,2.194900,0.000000,0.000000,21.549,1.000,0.000000,0.000000,0.000000,0.000000,0.000000,0.000000,0,0.00
6.878000,-22.049,-0.320000,-0.320000,2.997,2.204900,0.000000,0.000000,21.649,1.000,0.000000,0.000000,0.000000,0.000000,0.000000,0.000000,0,0.00
6.880000,-22.149,-0.320000,-0.320000,2.997,2.214900,0.000000,0.000000,21.749,1.000,0.000000,0.000000,0.000000,0.000000,0.000000,0.000000,0,0.00
6.882000,-22.249,-0.320000,-0.320000,2.997,2.224900,0.000000,0.000000,21.849,1.000,0.000000,0.000000,0.000000,0.000000,0.000000,0.000000,0,0.00
6.884000,-22.349,-0.320000,-0.320000,2.997,2.234900,0.000000,0.000000,21.949,1.000,0.000000,0.000000,0.000000,0.000000,0.000000,0.000000,0,0.00
6.886000,-22.449,-0.320000,-0.320000,2.997,2.244900,0.000000,0.000000,22.049,1.000,0.000000,0.000000,0.000000,0.000000,0.000000,0.000000,0,0.00
6.888000,-22.549,-0.320000,-0.320000,2.997,2.254900,0.000000,0.000000,22.149,1.000,0.000000,0.000000,0.000000,0.000000,0.000000,0.000000,0,0.00
6.890000,-22.649,-0.320000,-0.320000,2.997,2.264900,0.000000,0.000000,22.249,1.000,0.000000,0.000000,0.000000,0.000000,0.000000,0.000000,0,0.00
6.892000,-22.749,-0.320000,-0.320000,2.997,2.274900,0.000000,0.000000,22.349,1.000,0.000000,0.000000,0.000000,0.000000,0.000000,0.000000,0,0.00
6.894000,-22.849,-0.320000,-0.320000,2.997,2.284900,0.000000,0.000000,22.449,1.000,0.000000,0.000000,0.000000,0.000000,0.000000,0.000000,0,0.00
6.896000,-22.949,-0.320000,-0.320000,2.997,2.294900,0.000000,0.000000,22.549,1.000,0.000000,0.000000,0.000000,0.000000,0.000000,0.000000,0,0.00
6.898000,-23.049,-0.320000,-0.320000,2.997,2.304900,0.000000,0.000000,22.649,1.000,0.000000,0.000000,0.000000,0.000000,0.000000,0.000000,0,0.00
6.900000,-23.149,-0.320000,-0.320000,2.997,2.314900,0.000000,0.000000,0.000,1.000,0.000000,0.000000,0.000000,0.000000,0.000000,0.000000,0,0.00
6.902000,-23.249,-0.320000,-0.320000,2.997,2.324900,0.000000,0.000000,0.000,1.000,0.000000,0.000000,0.000000,0.000000,0.000000,0.000000,0,0.00
6.904000,-23.349,-0.320000,-0.320000,2.997,2.334901,0.000000,0.000000,0.000,1.000,0.000000,0.000000,0.000000,0.000000,0.000000,0.000000,0,0.00
6.906000,-23.449,-0.320000,-0.320000,2.997,2.344901,0.000000,0.000000,0.000,1.000,0.000000,0.000000,0.000000,0.000000,0.000000,0.000000,0,0.00
6.908000,-23.549,-0.320000,-0.320000,2.997,2.354901,0.000000,0.000000,23.149,1.000,0.000000,0.000000,0.000000,0.000000,0.000000,0.000000,0,0.00
6.910000,-23.649,-0.320000,-0.320000,2.997,2.364901,0.000000,0.000000,23.249,1.000,0.000000,0.000000,0.000000,0.000000,0.000000,0.000000,0,0.00
6.912000,-23.749,-0.320000,-0.320000,2.997,2.374901,0.000000,0.000000,23.349,1.000,0.000000,0.000000,0.000000,0.000000,0.000000,0.000000,0,0.00
6.914000,-23.849,-0.320000,-0.320000,2.997,2.384901,0.000000,0.000000,23.449,1.000,0.000000,0.000000,0.000000,0.000000,0.000000,0.000000,0,0.00
6.916000,-23.949,-0.320000,-0.320000,2.997,2.394901,0.000000,0.000000,23.549,1.000,0.000000,0.000000,0.000000,0.000000,0.000000,0.000000,0,0.00
6.918000,-24.049,-0.320000,-0.320000,2.997,2.404901,0.000000,0.000000,23.649,1.000,0.000000,0.000000,0.000000,0.000000,0.000000,0.000000,0,0.00
6.920000,-24.149,-0.320000,-0.320000,2.997,2.414901,0.000000,0.000000,23.749,1.000,0.000000,0.000000,0.000000,0.000000,0.000000,0.000000,0,0.00
6.922000,-24.249,-0.320000,-0.320000,2.997,2.424901,0.000000,0.000000,23.849,1.000,0.000000,0.000000,0.000000,0.000000,0.000000,0.000000,0,0.00
6.924000,-24.349,-0.320000,-0.320000,2.997,2.434901,0.000000,0.000000,23.949,1.000,0.000000,0.000000,0.000000,0.000000,0.000000,0.000000,0,0.00
6.926000,-24.449,-0.320000,-0.320000,2.997,2.444901,0.000000,0.000000,24.049,1.000,0.000000,0.000000,0.000000,0.000000,0.000000,0.000000,0,0.00
6.928000,-24.549,-0.320000,-0.320000,2.997,2.454901,0.000000,0.000000,24.149,1.000,0.000000,0.000000,0.000000,0.000000,0.000000,0.000000,0,0.00
6.930000,-24.649,-0.320000,-0.320000,2.997,2.464901,0.000000,0.000000,24.249,1.000,0.000000,0.000000,0.000000,0.000000,0.000000,0.000000,0,0.00
6.932000,-24.749,-0.320000,-0.320000,2.997,2.474901,0.000000,0.000000,24.349,1.000,0.000000,0.000000,0.000000,0.000000,0.000000,0.000000,0,0.00
6.934000,-24.849,-0.320000,-0.320000,2.997,2.484901,0.000000,0.000000,24.449,1.000,0.000000,0.000000,0.000000,0.000000,0.000000,0.000000,0,0.00
6.936000,-24.949,-0.320000,-0.320000,2.997,2.494901,0.000000,0.000000,24.549,1.000,0.000000,0.000000,0.000000,0.000000,0.000000,0.000000,0,0.00
6.938000,-25.049,-0.320000,-0.320000,2.997,2.504901,0.000000,0.000000,24.649,1.000,0.000000,0.000000,0.000000,0.000000,0.000000,0.000000,0,0.00
6.940000,-25.149,-0.320000,-0.320000,2.997,2.514901,0.000000,0.000000,24.749,1.000,0.000000,0.000000,0.000000,0.000000,0.000000,0.000000,0,0.00
6.942000,-25.249,-0.320000,-0.320000,2.997,2.524901,0.000000,0.000000,24.849,1.000,0.000000,0.000000,0.000000,0.000000,0.000000,0.000000,0,0.00
6.944000,-25.349,-0.320000,-0.320000,2.997,2.534901,0.000000,0.000000,24.949,1.000,0.000000,0.000000,0.000000,0.000000,0.000000,0.000000,0,0.00
6.946000,-25.449,-0.320000,-0.320000,2.997,2.544901,0.000000,0.000000,25.049,1.000,0.000000,0.000000,0.000000,0.000000,0.000000,0.000000,0,0.00
6.948000,-25.549,-0.320000,-0.320000,2.997,2.554901,0.000000,0.000000,25.149,1.000,0.000000,0.000000,0.000000,0.000000,0.000000,0.000000,0,0.00
# Log beendet. Einträge: 3474
