timestamp,roll_angle,steering_output,final_steer,target_speed,actual_speed_kmh,actual_handlebar_angle,p_term,i_term,d_term,error,stability_factor,vision_error,vision_steer_command,vision_speed_command,vision_p_term,vision_i_term,vision_d_term,vision_active,vision_mask_coverage,x,y,v,yaw
0.002000,-0.010,-0.020439,-0.020439,4.321,0.00,0.022083,0.019998,0.000000,0.000440,0.000,0.014,0.000000,0.000000,0.000000,0.000000,0.000000,0.000000,1,0.00,0.164,-46.327,0.014,-2.617960
0.004000,-0.010,-0.029078,-0.029078,4.321,1.31,0.021233,0.020340,0.000004,0.008734,0.000,0.019,0.000000,0.000000,0.000000,0.000000,0.000000,0.000000,1,0.00,0.164,-46.327,0.027,-2.617888
0.006000,-0.010,-0.043385,-0.043385,4.321,2.44,0.020227,0.020745,0.000007,0.022632,0.000,0.029,0.000000,0.000000,0.000000,0.000000,0.000000,0.000000,1,0.00,0.164,-46.326,0.034,-2.617800
0.008000,-0.011,-0.045860,-0.045860,4.321,3.36,0.018955,0.021206,0.000032,0.024622,0.000,0.031,0.000000,0.000000,0.000000,0.000000,0.000000,0.000000,1,0.00,0.164,-46.326,0.041,-2.617689
0.010000,-0.011,-0.050436,-0.050436,4.321,4.08,0.017659,0.021711,0.000045,0.028680,0.010,0.034,0.000000,0.000000,0.000000,0.000000,0.000000,0.000000,1,0.00,0.164,-46.326,0.047,-2.617574
0.012000,-0.011,-0.056273,-0.056273,4.321,4.67,0.016297,0.022261,0.000056,0.033955,0.010,0.038,0.000000,0.000000,0.000000,0.000000,0.000000,0.000000,1,0.00,0.164,-46.326,0.053,-2.617452
0.014000,-0.011,-0.057001,-0.057001,4.321,5.13,0.014846,0.022818,0.000063,0.034120,0.010,0.038,0.000000,0.000000,0.000000,0.000000,0.000000,0.000000,1,0.00,0.164,-46.326,0.053,-2.617321
0.016000,-0.012,-0.047856,-0.047856,4.321,5.51,0.013409,0.023374,0.000079,0.024403,0.011,0.032,0.000000,0.000000,0.000000,0.000000,0.000000,0.000000,1,0.00,0.164,-46.326,0.053,-2.617192
0.018000,-0.012,-0.052459,-0.052459,4.321,5.81,0.012184,0.023922,0.000090,0.028447,0.011,0.035,0.000000,0.000000,0.000000,0.000000,0.000000,0.000000,1,0.00,0.164,-46.326,0.053,-2.617079
0.020000,-0.012,-0.066601,-0.066601,4.321,6.04,0.010891,0.024473,0.000094,0.042034,0.011,0.044,0.000000,0.000000,0.000000,0.000000,0.000000,0.000000,1,0.00,0.164,-46.326,0.053,-2.616961
0.022000,-0.013,-0.066074,-0.066074,4.321,6.24,0.009341,0.025038,0.000109,0.040926,0.011,0.044,0.000000,0.000000,0.000000,0.000000,0.000000,0.000000,1,0.00,0.164,-46.326,0.054,-2.616821
0.024000,-0.013,-0.063568,-0.063568,4.321,6.39,0.007833,0.025603,0.000123,0.037843,0.012,0.042,0.000000,0.000000,0.000000,0.000000,0.000000,0.000000,1,0.00,0.164,-46.326,0.054,-2.616683
0.026000,-0.013,-0.075881,-0.075881,4.321,6.51,0.006405,0.026164,0.000127,0.049590,0.012,0.051,0.000000,0.000000,0.000000,0.000000,0.000000,0.000000,1,0.00,0.165,-46.326,0.054,-2.616552
0.028000,-0.013,-0.074395,-0.074395,4.321,6.61,0.004759,0.026737,0.000147,0.047512,0.012,0.050,0.000000,0.000000,0.000000,0.000000,0.000000,0.000000,1,0.00,0.165,-46.326,0.054,-2.616402
0.030000,-0.014,-0.070081,-0.070081,4.321,6.69,0.003176,0.027308,0.000153,0.042620,0.013,0.047,0.000000,0.000000,0.000000,0.000000,0.000000,0.000000,1,0.00,0.165,-46.325,0.054,-2.616257
0.032000,-0.014,-0.070243,-0.070243,4.321,6.75,0.001711,0.027874,0.000171,0.042197,0.013,0.047,0.000000,0.000000,0.000000,0.000000,0.000000,0.000000,1,0.00,0.165,-46.325,0.054,-2.616122
0.034000,-0.014,-0.071153,-0.071153,4.321,6.80,0.000272,0.028440,0.000186,0.042527,0.013,0.047,0.000000,0.000000,0.000000,0.000000,0.000000,0.000000,1,0.00,0.165,-46.325,0.054,-2.615988
0.036000,-0.015,-0.061466,-0.061466,4.321,6.84,-0.001157,0.029007,0.000200,0.032259,0.013,0.041,0.000000,0.000000,0.000000,0.000000,0.000000,0.000000,1,0.00,0.165,-46.325,0.054,-2.615855
0.038000,-0.015,-0.063617,-0.063617,4.321,6.87,-0.002363,0.029564,0.000215,0.033839,0.014,0.042,0.000000,0.000000,0.000000,0.000000,0.000000,0.000000,1,0.00,0.165,-46.325,0.054,-2.615739
0.040000,-0.015,-0.055426,-0.055426,4.321,6.90,-0.003588,0.030122,0.000236,0.025068,0.014,0.037,0.000000,0.000000,0.000000,0.000000,0.000000,0.000000,1,0.00,0.165,-46.325,0.054,-2.615622
0.042000,-0.015,-0.065002,-0.065002,4.321,6.92,-0.004625,0.030672,0.000242,0.034088,0.014,0.043,0.000000,0.000000,0.000000,0.000000,0.000000,0.000000,1,0.00,0.165,-46.325,0.054,-2.615520
0.044000,-0.016,-0.067154,-0.067154,4.321,6.93,-0.005833,0.031231,0.000254,0.035668,0.015,0.045,0.000000,0.000000,0.000000,0.000000,0.000000,0.000000,1,0.00,0.165,-46.325,0.054,-2.615404
0.046000,-0.016,-0.067861,-0.067861,4.321,6.95,-0.007059,0.031793,0.000270,0.035799,0.015,0.045,0.000000,0.000000,0.000000,0.000000,0.000000,0.000000,1,0.00,0.165,-46.325,0.055,-2.615285
0.048000,-0.016,-0.068145,-0.068145,4.321,6.96,-0.008275,0.032355,0.000287,0.035502,0.015,0.045,0.000000,0.000000,0.000000,0.000000,0.000000,0.000000,1,0.00,0.165,-46.325,0.055,-2.615167
0.050000,-0.016,-0.075698,-0.075698,4.321,6.97,-0.009472,0.032917,0.000296,0.042485,0.015,0.050,0.000000,0.000000,0.000000,0.000000,0.000000,0.000000,1,0.00,0.165,-46.325,0.055,-2.615050
0.052000,-0.017,-0.063806,-0.063806,4.321,6.97,-0.010797,0.033486,0.000873,0.029446,0.016,0.043,0.000000,0.000000,0.000000,0.000000,0.000000,0.000000,1,0.00,0.165,-46.325,0.055,-2.614922
0.054000,-0.017,-0.066231,-0.066231,4.321,6.98,-0.011857,0.034044,0.000884,0.031304,0.016,0.044,0.000000,0.000000,0.000000,0.000000,0.000000,0.000000,1,0.00,0.165,-46.325,0.055,-2.614815
0.056000,-0.017,-0.063494,-0.063494,4.321,6.98,-0.012945,0.034603,0.000923,0.027967,0.016,0.042,0.000000,0.000000,0.000000,0.000000,0.000000,0.000000,1,0.00,0.166,-46.324,0.055,-2.614707
0.058000,-0.018,-0.065094,-0.065094,4.321,6.99,-0.013956,0.035160,0.000939,0.028995,0.016,0.043,0.000000,0.000000,0.000000,0.000000,0.000000,0.000000,1,0.00,0.166,-46.324,0.055,-2.614603
0.060000,-0.018,-0.059940,-0.029970,4.321,6.99,-0.014979,0.035719,0.000958,0.023264,0.017,0.040,0.057813,0.000000,0.000000,0.115625,0.000000,-0.282949,1,1.07,0.166,-46.324,0.055,-2.614499
0.062000,-0.018,-0.066833,-0.033417,4.321,6.99,-0.015546,0.036255,0.000973,0.029605,0.017,0.045,0.057813,0.000000,0.000000,0.115625,0.000000,-0.282949,1,1.07,0.166,-46.324,0.055,-2.614432
0.064000,-0.018,-0.065176,-0.032588,4.321,6.99,-0.015903,0.036783,0.000987,0.027407,0.017,0.043,0.057813,0.000000,0.000000,0.115625,0.000000,-0.282949,1,1.07,0.166,-46.324,0.055,-2.614382
0.066000,-0.019,-0.068026,-0.034013,4.321,6.99,-0.016237,0.037310,0.001007,0.029709,0.018,0.045,0.057813,0.000000,0.000000,0.115625,0.000000,-0.282949,1,1.07,0.166,-46.324,0.055,-2.614333
0.068000,-0.019,-0.063761,-0.031880,4.321,7.00,-0.016593,0.037838,0.001079,0.024843,0.018,0.043,0.057813,0.000000,0.000000,0.115625,0.000000,-0.282949,1,1.07,0.166,-46.324,0.055,-2.614283
0.070000,-0.019,-0.074372,-0.037186,4.321,7.00,-0.016898,0.038366,0.001085,0.034921,0.018,0.050,0.057813,0.000000,0.000000,0.115625,0.000000,-0.282949,1,1.07,0.166,-46.324,0.055,-2.614236
0.072000,-0.019,-0.076288,-0.038144,4.321,7.00,-0.017304,0.038899,0.001099,0.036291,0.018,0.051,0.057813,0.000000,0.000000,0.115625,0.000000,-0.282949,1,1.07,0.166,-46.324,0.055,-2.614180
0.074000,-0.020,-0.080730,-0.040365,4.321,7.00,-0.017721,0.039434,0.001108,0.040188,0.019,0.054,0.057813,0.000000,0.000000,0.115625,0.000000,-0.282949,1,1.07,0.166,-46.324,0.056,-2.614123
0.076000,-0.020,-0.081878,-0.040939,4.321,7.00,-0.018174,0.039971,0.001128,0.040779,0.019,0.055,0.057813,0.000000,0.000000,0.115625,0.000000,-0.282949,1,1.07,0.166,-46.324,0.056,-2.614063
0.078000,-0.020,-0.082706,-0.041353,4.321,5.70,-0.018629,0.040063,0.001137,0.041506,0.019,0.055,0.057813,0.000000,0.000000,0.115625,0.000000,-0.282949,1,1.07,0.166,-46.323,0.079,-2.614030
0.080000,-0.020,-0.066306,-0.033153,4.321,4.58,-0.019083,0.039723,0.001218,0.025364,0.019,0.044,0.057813,0.000000,0.000000,0.115625,0.000000,-0.282949,1,1.07,0.166,-46.323,0.139,-2.613998
0.082000,-0.020,-0.048824,-0.024412,4.321,3.64,-0.019365,0.039059,0.001233,0.008532,0.020,0.033,0.057813,0.000000,0.000000,0.115625,0.000000,-0.282949,1,1.07,0.166,-46.323,0.192,-2.613980
0.084000,-0.019,-0.028354,-0.014177,4.321,2.86,-0.019466,0.038171,0.001252,-0.011069,0.020,0.019,0.057813,0.000000,0.000000,0.115625,0.000000,-0.282949,1,1.07,0.166,-46.323,0.239,-2.613974
0.086000,-0.019,0.001095,0.000547,4.321,2.23,-0.019361,0.037141,0.001261,-0.039496,0.020,0.001,0.057813,0.000000,0.000000,0.115625,0.000000,-0.282949,1,1.07,0.167,-46.323,0.280,-2.613982
0.088000,-0.018,0.008268,0.004134,4.321,1.73,-0.018963,0.036029,0.001311,-0.045608,0.020,0.006,0.057813,0.000000,0.000000,0.115625,0.000000,-0.282949,1,1.07,0.167,-46.322,0.317,-2.614010
0.090000,-0.017,0.023045,0.011523,4.321,1.35,-0.018501,0.034895,0.001325,-0.059264,0.020,0.015,0.057813,0.000000,0.000000,0.115625,0.000000,-0.282949,1,1.07,0.167,-46.322,0.352,-2.614042
0.092000,-0.017,0.022715,0.011357,4.321,1.10,-0.017901,0.033812,0.001349,-0.057876,0.019,0.015,0.057813,0.000000,0.000000,0.115625,0.000000,-0.282949,1,1.07,0.167,-46.322,0.383,-2.614100
0.094000,-0.016,0.022722,0.011361,4.321,1.04,-0.017315,0.032817,0.001370,-0.056909,0.019,0.015,0.057813,0.000000,0.000000,0.115625,0.000000,-0.282949,1,1.07,0.168,-46.321,0.408,-2.614175
0.096000,-0.016,0.006648,0.003324,4.321,1.19,-0.016742,0.031911,0.001393,-0.039952,0.018,0.004,0.057813,0.000000,0.000000,0.115625,0.000000,-0.282949,1,1.07,0.168,-46.321,0.429,-2.614266
0.098000,-0.016,0.013095,0.006547,4.321,1.57,-0.016340,0.031102,0.001406,-0.045603,0.017,0.009,0.057813,0.000000,0.000000,0.115625,0.000000,-0.282949,1,1.07,0.168,-46.320,0.448,-2.614356
0.100000,-0.015,-0.030942,-0.015471,4.321,2.14,-0.015883,0.030380,0.000000,0.000562,0.000,0.021,0.057813,0.000000,0.000000,0.115625,0.000000,-0.282949,1,1.07,0.169,-46.320,0.465,-2.614465
0.102000,-0.015,-0.030057,-0.015029,4.321,2.88,-0.015874,0.029765,0.000196,0.000096,0.000,0.020,0.057813,0.000000,0.000000,0.115625,0.000000,-0.282949,1,1.07,0.169,-46.319,0.481,-2.614549
0.104000,-0.015,-0.020459,-0.010230,4.321,3.70,-0.015857,0.029216,0.000205,-0.008961,0.000,0.014,0.057813,0.000000,0.000000,0.115625,0.000000,-0.282949,1,1.07,0.170,-46.319,0.495,-2.614644
0.106000,-0.014,-0.017057,-0.008528,4.321,4.36,-0.015745,0.028685,0.000231,-0.011860,0.000,0.011,0.057813,0.000000,0.000000,0.115625,0.000000,-0.282949,1,1.07,0.170,-46.318,0.509,-2.614755
0.108000,-0.014,-0.009603,-0.004801,4.321,4.89,-0.015600,0.028175,0.000242,-0.018814,0.015,0.006,0.057813,0.000000,0.000000,0.115625,0.000000,-0.282949,1,1.07,0.171,-46.318,0.522,-2.614876
0.110000,-0.014,-0.004861,-0.002430,4.321,5.31,-0.015384,0.027680,0.000260,-0.023079,0.015,0.003,0.057813,0.000000,0.000000,0.115625,0.000000,-0.282949,1,1.07,0.171,-46.317,0.533,-2.615009
0.112000,-0.014,-0.003227,-0.001613,4.321,5.65,-0.015125,0.027202,0.000299,-0.024274,0.015,0.002,0.057813,0.000000,0.000000,0.115625,0.000000,-0.282949,1,1.07,0.172,-46.316,0.544,-2.615152
0.114000,-0.013,-0.004100,-0.002050,4.321,5.92,-0.014855,0.026741,0.000307,-0.022948,0.014,0.003,0.057813,0.000000,0.000000,0.115625,0.000000,-0.282949,1,1.07,0.172,-46.316,0.555,-2.615301
0.116000,-0.013,-0.003424,-0.001712,4.321,6.14,-0.014599,0.026298,0.000326,-0.023199,0.014,0.002,0.057813,0.000000,0.000000,0.115625,0.000000,-0.282949,1,1.07,0.173,-46.315,0.565,-2.615454
0.118000,-0.013,-0.006127,-0.003063,4.321,6.31,-0.014341,0.025873,0.000340,-0.020086,0.014,0.004,0.057813,0.000000,0.000000,0.115625,0.000000,-0.282949,1,1.07,0.174,-46.314,0.576,-2.615614
0.120000,-0.013,-0.006978,-0.003489,4.321,6.45,-0.014116,0.025468,0.000361,-0.018851,0.014,0.005,0.057813,0.000000,0.000000,0.115625,0.000000,-0.282950,1,1.07,0.174,-46.314,0.587,-2.615777
0.122000,-0.013,-0.004668,-0.002334,4.321,6.56,-0.013903,0.025082,0.000374,-0.020789,0.013,0.003,0.057813,0.000000,0.000000,0.115625,0.000000,-0.282950,1,1.07,0.175,-46.313,0.599,-2.615944
0.124000,-0.012,-0.004891,-0.002445,4.321,6.65,-0.013672,0.024716,0.000381,-0.020206,0.013,0.003,0.057813,0.000000,0.000000,0.115625,0.000000,-0.282950,1,1.07,0.176,-46.312,0.611,-2.616120
0.126000,-0.012,-0.005504,-0.002752,4.321,6.72,-0.013447,0.024372,0.000400,-0.019268,0.013,0.004,0.057813,0.000000,0.000000,0.115625,0.000000,-0.282950,1,1.07,0.176,-46.312,0.624,-2.616302
0.128000,-0.012,-0.006716,-0.003358,4.321,6.77,-0.013233,0.024050,0.000416,-0.017750,0.013,0.004,0.057813,0.000000,0.000000,0.115625,0.000000,-0.282950,1,1.07,0.177,-46.311,0.638,-2.616491
0.130000,-0.012,-0.004627,-0.002314,4.321,6.82,-0.013036,0.023752,0.000425,-0.019549,0.013,0.003,0.057813,0.000000,0.000000,0.115625,0.000000,-0.282950,1,1.07,0.178,-46.310,0.652,-2.616687
0.132000,-0.012,-0.007250,-0.003625,4.321,6.85,-0.012821,0.023477,0.000468,-0.016695,0.012,0.005,0.057813,0.000000,0.000000,0.115625,0.000000,-0.282950,1,1.07,0.179,-46.309,0.667,-2.616891
0.134000,-0.012,-0.007432,-0.003716,4.321,6.88,-0.012638,0.023228,0.000472,-0.016268,0.012,0.005,0.057813,0.000000,0.000000,0.115625,0.000000,-0.282950,1,1.07,0.179,-46.308,0.682,-2.617102
0.136000,-0.012,-0.008457,-0.004228,4.321,6.91,-0.012459,0.023004,0.000498,-0.015046,0.012,0.006,0.057813,0.000000,0.000000,0.115625,0.000000,-0.282950,1,1.07,0.180,-46.308,0.698,-2.617321
0.138000,-0.011,-0.006553,-0.003276,4.321,6.92,-0.012294,0.022806,0.000504,-0.016758,0.012,0.004,0.057813,0.000000,0.000000,0.115625,0.000000,-0.282950,1,1.07,0.181,-46.307,0.713,-2.617547
0.140000,-0.011,-0.009653,-0.004827,4.321,6.94,-0.012114,0.022634,0.000523,-0.013504,0.012,0.006,0.057813,0.000000,0.000000,0.115625,0.000000,-0.282950,1,1.07,0.182,-46.306,0.730,-2.617784
0.142000,-0.011,-0.008514,-0.004257,4.321,6.95,-0.011968,0.022488,0.000532,-0.014507,0.012,0.006,0.057813,0.000000,0.000000,0.115625,0.000000,-0.282950,1,1.07,0.183,-46.305,0.746,-2.618026
0.144000,-0.011,-0.014509,-0.007255,4.321,6.96,-0.011814,0.022369,0.000554,-0.008413,0.012,0.010,0.057813,0.000000,0.000000,0.115625,0.000000,-0.282950,1,1.07,0.184,-46.304,0.762,-2.618279
0.146000,-0.011,-0.014839,-0.007420,4.321,6.97,-0.011723,0.022278,0.000571,-0.008010,0.011,0.010,0.057813,0.000000,0.000000,0.115625,0.000000,-0.282950,1,1.07,0.185,-46.303,0.779,-2.618535
0.148000,-0.011,-0.017155,-0.008578,4.321,6.97,-0.011637,0.022214,0.000575,-0.005634,0.011,0.011,0.057813,0.000000,0.000000,0.115625,0.000000,-0.282950,1,1.07,0.186,-46.302,0.795,-2.618799
0.150000,-0.011,-0.017138,-0.008569,4.321,6.98,-0.011582,0.022071,0.000593,-0.005526,0.011,0.011,0.057813,0.000000,0.000000,0.115625,0.000000,-0.282950,1,1.07,0.187,-46.301,0.767,-2.619265
0.152000,-0.011,-0.020600,-0.010300,4.321,6.98,-0.011522,0.022196,0.000601,-0.002198,0.011,0.014,0.057813,0.000000,0.000000,0.115625,0.000000,-0.282950,1,1.07,0.188,-46.300,0.771,-2.619763
0.154000,-0.011,-0.021968,-0.010984,4.321,6.99,-0.011497,0.022528,0.000741,-0.001301,0.011,0.015,0.057813,0.000000,0.000000,0.115625,0.000000,-0.282950,1,1.07,0.189,-46.299,0.783,-2.620280
0.156000,-0.011,-0.028269,-0.014134,4.321,6.99,-0.011487,0.022994,0.000751,0.004524,0.011,0.019,0.057813,0.000000,0.000000,0.115625,0.000000,-0.282950,1,1.07,0.190,-46.298,0.802,-2.620820
0.158000,-0.012,-0.036244,-0.018122,4.321,6.99,-0.011540,0.023547,0.000762,0.011934,0.011,0.024,0.057813,0.000000,0.000000,0.115625,0.000000,-0.282950,1,1.07,0.191,-46.296,0.823,-2.621378
0.160000,-0.012,-0.040239,-0.020120,4.321,6.99,-0.011671,0.024166,0.000793,0.015281,0.011,0.027,0.062500,0.000000,0.000000,0.125000,0.000000,-0.305891,1,1.15,0.192,-46.295,0.845,-2.621952
0.162000,-0.012,-0.049818,-0.024909,4.321,6.99,-0.011840,0.024822,0.000801,0.024195,0.011,0.033,0.062500,0.000000,0.000000,0.125000,0.000000,-0.305891,1,1.15,0.193,-46.294,0.867,-2.622544
0.164000,-0.013,-0.054641,-0.027321,4.321,6.99,-0.012101,0.025510,0.000821,0.028310,0.011,0.036,0.062500,0.000000,0.000000,0.125000,0.000000,-0.305891,1,1.15,0.194,-46.292,0.888,-2.623147
0.166000,-0.013,-0.059365,-0.029683,4.321,7.00,-0.012406,0.026227,0.000831,0.032307,0.012,0.040,0.062500,0.000000,0.000000,0.125000,0.000000,-0.305891,1,1.15,0.196,-46.291,0.908,-2.623759
0.168000,-0.013,-0.060314,-0.030157,4.321,7.00,-0.012751,0.026972,0.000848,0.032494,0.012,0.040,0.062500,0.000000,0.000000,0.125000,0.000000,-0.305891,1,1.15,0.197,-46.289,0.927,-2.624379
0.170000,-0.014,-0.065082,-0.032541,4.321,7.00,-0.013099,0.027746,0.000865,0.036471,0.012,0.043,0.062500,0.000000,0.000000,0.125000,0.000000,-0.305891,1,1.15,0.198,-46.288,0.946,-2.625009
0.172000,-0.014,-0.063478,-0.031739,4.321,7.00,-0.013488,0.028552,0.000879,0.034048,0.013,0.042,0.062500,0.000000,0.000000,0.125000,0.000000,-0.305891,1,1.15,0.200,-46.286,0.964,-2.625645
0.174000,-0.015,-0.084858,-0.042429,4.321,7.00,-0.013853,0.029386,0.000884,0.054588,0.013,0.057,0.062500,0.000000,0.000000,0.125000,0.000000,-0.305891,1,1.15,0.201,-46.285,0.981,-2.626293
0.176000,-0.015,-0.082540,-0.041270,4.321,7.00,-0.014425,0.030261,0.000906,0.051373,0.013,0.055,0.062500,0.000000,0.000000,0.125000,0.000000,-0.305891,1,1.15,0.202,-46.283,0.999,-2.626935
0.178000,-0.016,-0.084466,-0.042233,4.321,7.00,-0.014961,0.031129,0.000925,0.052412,0.014,0.056,0.062500,0.000000,0.000000,0.125000,0.000000,-0.305891,1,1.15,0.204,-46.282,1.014,-2.627581
0.180000,-0.016,-0.087759,-0.043880,4.321,7.00,-0.015507,0.031967,0.000940,0.054852,0.014,0.059,0.062500,0.000000,0.000000,0.125000,0.000000,-0.305891,1,1.15,0.205,-46.280,1.028,-2.628221
0.182000,-0.016,-0.103273,-0.051637,4.321,7.00,-0.016074,0.032775,0.000946,0.069552,0.015,0.069,0.062500,0.000000,0.000000,0.125000,0.000000,-0.305891,1,1.15,0.207,-46.279,1.041,-2.628853
0.184000,-0.017,-0.082278,-0.041139,4.321,7.00,-0.016785,0.033561,0.000989,0.047727,0.015,0.055,0.062500,0.000000,0.000000,0.125000,0.000000,-0.305891,1,1.15,0.208,-46.277,1.054,-2.629469
0.186000,-0.017,-0.084334,-0.042167,4.321,7.00,-0.017273,0.034307,0.001006,0.049020,0.016,0.056,0.062500,0.000000,0.000000,0.125000,0.000000,-0.305891,1,1.15,0.210,-46.275,1.066,-2.630098
0.188000,-0.018,-0.084908,-0.042454,4.321,7.00,-0.017771,0.035025,0.001025,0.048858,0.016,0.057,0.062500,0.000000,0.000000,0.125000,0.000000,-0.305891,1,1.15,0.211,-46.274,1.078,-2.630721
0.190000,-0.018,-0.086395,-0.043197,4.321,7.00,-0.018264,0.035716,0.001037,0.049642,0.016,0.058,0.062500,0.000000,0.000000,0.125000,0.000000,-0.305891,1,1.15,0.213,-46.272,1.089,-2.631339
0.192000,-0.018,-0.071509,-0.035755,4.321,7.00,-0.018763,0.036380,0.001054,0.034075,0.017,0.048,0.062500,0.000000,0.000000,0.125000,0.000000,-0.305891,1,1.15,0.214,-46.270,1.101,-2.631952
0.194000,-0.019,-0.075296,-0.037648,4.321,7.00,-0.019103,0.037010,0.001073,0.037213,0.017,0.050,0.062500,0.000000,0.000000,0.125000,0.000000,-0.305891,1,1.15,0.215,-46.269,1.112,-2.632573
0.196000,-0.019,-0.072662,-0.036331,4.321,7.00,-0.019474,0.037616,0.001101,0.033945,0.018,0.048,0.062500,0.000000,0.000000,0.125000,0.000000,-0.305891,1,1.15,0.217,-46.267,1.123,-2.633187
0.198000,-0.019,-0.083752,-0.041876,4.321,7.00,-0.019811,0.038194,0.001107,0.044450,0.018,0.056,0.062500,0.000000,0.000000,0.125000,0.000000,-0.305891,1,1.15,0.218,-46.265,1.134,-2.633799
0.200000,-0.019,-0.039372,-0.019686,4.321,7.00,-0.020252,0.038753,0.000000,0.000620,0.000,0.026,0.062500,0.000000,0.000000,0.125000,0.000000,-0.305891,1,1.15,0.220,-46.263,1.145,-2.634398
0.202000,-0.020,-0.049238,-0.024619,4.321,7.00,-0.020253,0.039264,0.000011,0.009964,0.000,0.033,0.062500,0.000000,0.000000,0.125000,0.000000,-0.305891,1,1.15,0.221,-46.262,1.155,-2.635028
0.204000,-0.020,-0.050360,-0.025180,4.321,7.00,-0.020340,0.039754,0.000278,0.010328,0.000,0.034,0.062500,0.000000,0.000000,0.125000,0.000000,-0.305891,1,1.15,0.223,-46.260,1.166,-2.635646
0.206000,-0.020,-0.063176,-0.031588,4.321,7.00,-0.020437,0.040219,0.000286,0.022671,0.000,0.042,0.062500,0.000000,0.000000,0.125000,0.000000,-0.305891,1,1.15,0.224,-46.258,1.177,-2.636259
0.208000,-0.020,-0.071525,-0.035763,4.321,7.00,-0.020660,0.040666,0.000297,0.030563,0.019,0.048,0.062500,0.000000,0.000000,0.125000,0.000000,-0.305891,1,1.15,0.226,-46.256,1.188,-2.636858
0.210000,-0.021,-0.075141,-0.037570,4.321,7.00,-0.020962,0.041091,0.000320,0.033730,0.020,0.050,0.062500,0.000000,0.000000,0.125000,0.000000,-0.305891,1,1.15,0.227,-46.254,1.199,-2.637445
0.212000,-0.021,-0.069780,-0.034890,4.321,7.00,-0.021294,0.041493,0.000344,0.027943,0.020,0.047,0.062500,0.000000,0.000000,0.125000,0.000000,-0.305891,1,1.15,0.229,-46.252,1.210,-2.638025
0.214000,-0.021,-0.075356,-0.037678,4.321,7.00,-0.021566,0.041867,0.000358,0.033132,0.020,0.050,0.062500,0.000000,0.000000,0.125000,0.000000,-0.305891,1,1.15,0.230,-46.251,1.222,-2.638606
0.216000,-0.021,-0.068177,-0.034089,4.321,7.00,-0.021888,0.042217,0.000373,0.025587,0.020,0.045,0.062500,0.000000,0.000000,0.125000,0.000000,-0.305891,1,1.15,0.232,-46.249,1.233,-2.639178
0.218000,-0.021,-0.063436,-0.031718,4.321,7.00,-0.022132,0.042537,0.000397,0.020502,0.021,0.042,0.062500,0.000000,0.000000,0.125000,0.000000,-0.305891,1,1.15,0.234,-46.247,1.244,-2.639751
0.220000,-0.021,-0.062918,-0.031459,4.321,7.00,-0.022324,0.042829,0.000418,0.019670,0.021,0.042,0.060938,0.000000,0.000000,0.121875,0.000000,-0.298244,1,1.14,0.235,-46.245,1.256,-2.640324
0.222000,-0.022,-0.064947,-0.032473,4.321,7.00,-0.022507,0.043095,0.000429,0.021423,0.021,0.043,0.060938,0.000000,0.000000,0.121875,0.000000,-0.298244,1,1.14,0.237,-46.243,1.268,-2.640893
0.224000,-0.022,-0.061500,-0.030750,4.321,7.00,-0.022706,0.043335,0.000458,0.017707,0.021,0.041,0.060938,0.000000,0.000000,0.121875,0.000000,-0.298244,1,1.14,0.238,-46.241,1.280,-2.641457
0.226000,-0.022,-0.058668,-0.029334,4.321,7.00,-0.022867,0.043547,0.000484,0.014637,0.021,0.039,0.060938,0.000000,0.000000,0.121875,0.000000,-0.298244,1,1.14,0.240,-46.239,1.291,-2.642018
0.228000,-0.022,-0.057939,-0.028970,4.321,7.00,-0.022996,0.043731,0.000506,0.013703,0.021,0.039,0.060938,0.000000,0.000000,0.121875,0.000000,-0.298244,1,1.14,0.241,-46.237,1.303,-2.642577
0.230000,-0.022,-0.060131,-0.030066,4.321,7.00,-0.023116,0.043887,0.000513,0.015731,0.022,0.040,0.060938,0.000000,0.000000,0.121875,0.000000,-0.298244,1,1.14,0.243,-46.235,1.315,-2.643132
0.232000,-0.022,-0.055953,-0.027976,4.321,7.00,-0.023255,0.044019,0.000542,0.011391,0.022,0.037,0.060938,0.000000,0.000000,0.121875,0.000000,-0.298244,1,1.14,0.245,-46.233,1.328,-2.643682
0.234000,-0.022,-0.054954,-0.027477,4.321,7.00,-0.023349,0.044121,0.000575,0.010257,0.022,0.037,0.060938,0.000000,0.000000,0.121875,0.000000,-0.298244,1,1.14,0.246,-46.230,1.340,-2.644229
0.236000,-0.022,-0.053994,-0.026997,4.321,7.00,-0.023432,0.044198,0.000600,0.009196,0.022,0.036,0.060938,0.000000,0.000000,0.121875,0.000000,-0.298244,1,1.14,0.248,-46.228,1.334,-2.644807
0.238000,-0.022,-0.052548,-0.026274,4.321,7.00,-0.023504,0.044253,0.000636,0.007660,0.022,0.035,0.060938,0.000000,0.000000,0.121875,0.000000,-0.298244,1,1.14,0.249,-46.226,1.333,-2.645404
0.240000,-0.022,-0.048267,-0.024133,4.321,7.00,-0.023559,0.044310,0.000657,0.003301,0.022,0.032,0.060938,0.000000,0.000000,0.121875,0.000000,-0.298244,1,1.14,0.251,-46.224,1.340,-2.645990
0.242000,-0.022,-0.048684,-0.024342,4.321,7.00,-0.023571,0.044363,0.000665,0.003656,0.022,0.032,0.060938,0.000000,0.000000,0.121875,0.000000,-0.298244,1,1.14,0.252,-46.222,1.347,-2.646567
0.244000,-0.022,-0.048425,-0.024212,4.321,7.00,-0.023586,0.044416,0.000698,0.003311,0.022,0.032,0.060938,0.000000,0.000000,0.121875,0.000000,-0.298244,1,1.14,0.254,-46.220,1.355,-2.647128
0.246000,-0.022,-0.048583,-0.024292,4.321,7.00,-0.023598,0.044465,0.000713,0.003405,0.022,0.032,0.060938,0.000000,0.000000,0.121875,0.000000,-0.298244,1,1.14,0.256,-46.217,1.364,-2.647675
0.248000,-0.022,-0.048668,-0.024334,4.321,7.00,-0.023612,0.044509,0.000741,0.003418,0.022,0.032,0.060938,0.000000,0.000000,0.121875,0.000000,-0.298244,1,1.14,0.257,-46.215,1.373,-2.648208
0.250000,-0.022,-0.049060,-0.024530,4.321,7.00,-0.023627,0.044544,0.000749,0.003768,0.022,0.033,0.060938,0.000000,0.000000,0.121875,0.000000,-0.298244,1,1.14,0.259,-46.213,1.383,-2.648728
0.252000,-0.022,-0.048021,-0.024010,4.321,7.00,-0.023645,0.044568,0.000772,0.002681,0.022,0.032,0.060938,0.000000,0.000000,0.121875,0.000000,-0.298244,1,1.14,0.260,-46.211,1.393,-2.649237
0.254000,-0.022,-0.047793,-0.023897,4.321,7.00,-0.023652,0.044578,0.000792,0.002423,0.022,0.032,0.060938,0.000000,0.000000,0.121875,0.000000,-0.298244,1,1.14,0.262,-46.208,1.403,-2.649737
0.256000,-0.022,-0.047316,-0.023658,4.321,7.00,-0.023657,0.044572,0.001088,0.001657,0.022,0.032,0.060938,0.000000,0.000000,0.121875,0.000000,-0.298244,1,1.14,0.264,-46.206,1.413,-2.650228
0.258000,-0.022,-0.046393,-0.023197,4.321,7.00,-0.023657,0.044548,0.001097,0.000748,0.022,0.031,0.060938,0.000000,0.000000,0.121875,0.000000,-0.298244,1,1.14,0.265,-46.204,1.424,-2.650711
0.260000,-0.022,-0.044207,-0.022104,4.321,7.00,-0.023648,0.044505,0.001105,-0.001404,0.022,0.029,0.059375,0.000000,0.000000,0.118750,0.000000,-0.290597,1,1.14,0.267,-46.201,1.434,-2.651188
0.262000,-0.022,-0.043573,-0.021787,4.321,7.00,-0.023617,0.044441,0.001144,-0.002012,0.022,0.029,0.059375,0.000000,0.000000,0.118750,0.000000,-0.290597,1,1.14,0.268,-46.199,1.445,-2.651660
0.264000,-0.022,-0.042807,-0.021404,4.321,7.00,-0.023580,0.044357,0.001175,-0.002724,0.022,0.029,0.059375,0.000000,0.000000,0.118750,0.000000,-0.290597,1,1.14,0.270,-46.196,1.456,-2.652127
0.266000,-0.022,-0.040129,-0.020065,4.321,7.00,-0.023537,0.044253,0.001184,-0.005307,0.022,0.027,0.059375,0.000000,0.000000,0.118750,0.000000,-0.290597,1,1.14,0.272,-46.194,1.466,-2.652587
0.268000,-0.022,-0.037542,-0.018771,4.321,7.00,-0.023467,0.044127,0.001193,-0.007777,0.022,0.025,0.059375,0.000000,0.000000,0.118750,0.000000,-0.290597,1,1.14,0.273,-46.192,1.477,-2.653045
0.270000,-0.022,-0.037679,-0.018840,4.321,7.00,-0.023374,0.043978,0.001228,-0.007527,0.022,0.025,0.059375,0.000000,0.000000,0.118750,0.000000,-0.290597,1,1.14,0.275,-46.189,1.487,-2.653501
0.272000,-0.022,-0.036595,-0.018297,4.321,7.00,-0.023283,0.043812,0.001256,-0.008473,0.022,0.024,0.059375,0.000000,0.000000,0.118750,0.000000,-0.290597,1,1.14,0.277,-46.187,1.498,-2.653949
0.274000,-0.022,-0.033188,-0.016594,4.321,7.00,-0.023183,0.043627,0.001266,-0.011706,0.022,0.022,0.059375,0.000000,0.000000,0.118750,0.000000,-0.290597,1,1.14,0.278,-46.184,1.508,-2.654391
0.276000,-0.022,-0.033712,-0.016856,4.321,7.00,-0.023051,0.043420,0.001290,-0.010998,0.022,0.022,0.059375,0.000000,0.000000,0.118750,0.000000,-0.290597,1,1.14,0.280,-46.182,1.518,-2.654831
0.278000,-0.022,-0.035282,-0.017641,4.321,7.00,-0.022928,0.043199,0.001328,-0.009245,0.022,0.024,0.059375,0.000000,0.000000,0.118750,0.000000,-0.290597,1,1.14,0.282,-46.179,1.527,-2.655262
0.280000,-0.021,-0.034749,-0.017374,4.321,7.00,-0.022822,0.042965,0.001367,-0.009583,0.022,0.023,0.059375,0.000000,0.000000,0.118750,0.000000,-0.290597,1,1.14,0.283,-46.176,1.537,-2.655683
0.282000,-0.021,-0.030835,-0.015417,4.321,7.00,-0.022713,0.042715,0.001378,-0.013259,0.022,0.021,0.059375,0.000000,0.000000,0.118750,0.000000,-0.290597,1,1.14,0.285,-46.174,1.547,-2.656097
0.284000,-0.021,-0.026001,-0.013000,4.321,7.00,-0.022567,0.042446,0.001385,-0.017830,0.022,0.017,0.059375,0.000000,0.000000,0.118750,0.000000,-0.290597,1,1.14,0.287,-46.171,1.557,-2.656508
0.286000,-0.021,-0.024801,-0.012400,4.321,7.00,-0.022376,0.042154,0.001407,-0.018760,0.022,0.017,0.059375,0.000000,0.000000,0.118750,0.000000,-0.290597,1,1.14,0.288,-46.169,1.566,-2.656920
0.288000,-0.021,-0.024676,-0.012338,4.321,7.00,-0.022176,0.041847,0.001462,-0.018634,0.021,0.016,0.059375,0.000000,0.000000,0.118750,0.000000,-0.290597,1,1.14,0.290,-46.166,1.576,-2.657326
0.290000,-0.021,-0.020035,-0.010017,4.321,7.00,-0.021979,0.041527,0.001474,-0.022966,0.021,0.013,0.059375,0.000000,0.000000,0.118750,0.000000,-0.290597,1,1.14,0.292,-46.163,1.585,-2.657723
0.292000,-0.021,-0.014954,-0.007477,4.321,7.00,-0.021740,0.041186,0.001481,-0.027714,0.021,0.010,0.059375,0.000000,0.000000,0.118750,0.000000,-0.290597,1,1.14,0.294,-46.161,1.595,-2.658118
0.294000,-0.020,-0.019305,-0.009653,4.321,7.00,-0.021455,0.040825,0.001501,-0.023021,0.021,0.013,0.059375,0.000000,0.000000,0.118750,0.000000,-0.290597,1,1.14,0.295,-46.158,1.604,-2.658514
0.296000,-0.020,-0.020249,-0.010125,4.321,7.00,-0.021219,0.040458,0.001549,-0.021758,0.021,0.013,0.059375,0.000000,0.000000,0.118750,0.000000,-0.290597,1,1.14,0.297,-46.155,1.614,-2.658892
0.298000,-0.020,-0.013152,-0.006576,4.321,7.00,-0.020997,0.040080,0.001559,-0.028488,0.021,0.009,0.059375,0.000000,0.000000,0.118750,0.000000,-0.290597,1,1.14,0.299,-46.152,1.623,-2.659259
0.300000,-0.020,-0.040246,-0.020123,4.321,7.00,-0.020709,0.039679,0.000000,0.000567,0.000,0.027,0.059375,0.000000,0.000000,0.118750,0.000000,-0.290597,1,1.14,0.300,-46.150,1.633,-2.659629
0.302000,-0.020,-0.036065,-0.018033,4.321,7.00,-0.020697,0.039310,0.000019,-0.003264,0.000,0.024,0.059375,0.000000,0.000000,0.118750,0.000000,-0.290597,1,1.14,0.302,-46.147,1.643,-2.659943
0.304000,-0.019,-0.033646,-0.016823,4.321,7.00,-0.020643,0.038923,0.000055,-0.005332,0.000,0.022,0.059375,0.000000,0.000000,0.118750,0.000000,-0.290597,1,1.14,0.304,-46.144,1.652,-2.660252
0.306000,-0.019,-0.027089,-0.013545,4.321,7.00,-0.020567,0.038518,0.000068,-0.011497,0.000,0.018,0.059375,0.000000,0.000000,0.118750,0.000000,-0.290597,1,1.14,0.306,-46.141,1.662,-2.660558
0.308000,-0.019,-0.026531,-0.013265,4.321,7.00,-0.020427,0.038090,0.000296,-0.011855,0.020,0.018,0.059375,0.000000,0.000000,0.118750,0.000000,-0.290597,1,1.14,0.307,-46.138,1.672,-2.660867
0.310000,-0.019,-0.017878,-0.008939,4.321,7.00,-0.020283,0.037647,0.000307,-0.020076,0.020,0.012,0.059375,0.000000,0.000000,0.118750,0.000000,-0.290597,1,1.14,0.309,-46.136,1.681,-2.661168
0.312000,-0.019,-0.019721,-0.009860,4.321,7.00,-0.020057,0.037177,0.000362,-0.017819,0.019,0.013,0.059375,0.000000,0.000000,0.118750,0.000000,-0.290597,1,1.14,0.311,-46.133,1.691,-2.661476
0.314000,-0.018,-0.015810,-0.007905,4.321,7.00,-0.019853,0.036697,0.000378,-0.021265,0.019,0.011,0.059375,0.000000,0.000000,0.118750,0.000000,-0.290597,1,1.14,0.313,-46.130,1.701,-2.661773
0.316000,-0.018,-0.008063,-0.004032,4.321,7.00,-0.019614,0.036197,0.000385,-0.028519,0.019,0.005,0.059375,0.000000,0.000000,0.118750,0.000000,-0.290597,1,1.14,0.314,-46.127,1.711,-2.662067
0.318000,-0.018,-0.003481,-0.001741,4.321,7.00,-0.019302,0.035672,0.000406,-0.032597,0.019,0.002,0.059375,0.000000,0.000000,0.118750,0.000000,-0.290597,1,1.14,0.316,-46.124,1.721,-2.662365
0.320000,-0.018,-0.008319,-0.004160,4.321,7.00,-0.018951,0.035127,0.000448,-0.027255,0.019,0.006,0.054688,0.000000,0.000000,0.109375,0.000000,-0.267656,1,1.13,0.318,-46.121,1.731,-2.662662
0.322000,-0.017,-0.000121,-0.000060,4.321,7.00,-0.018655,0.034576,0.000458,-0.034913,0.018,0.000,0.054688,0.000000,0.000000,0.109375,0.000000,-0.267656,1,1.13,0.320,-46.118,1.741,-2.662942
0.324000,-0.017,-0.000190,-0.000095,4.321,7.00,-0.018283,0.034000,0.000478,-0.034288,0.018,0.000,0.054688,0.000000,0.000000,0.109375,0.000000,-0.267656,1,1.13,0.322,-46.115,1.750,-2.663226
0.326000,-0.017,-0.007858,-0.003929,4.321,7.00,-0.017920,0.033412,0.000497,-0.026050,0.018,0.005,0.054688,0.000000,0.000000,0.109375,0.000000,-0.267656,1,1.13,0.323,-46.112,1.760,-2.663500
0.328000,-0.016,-0.008364,-0.004182,4.321,7.00,-0.017640,0.032823,0.000525,-0.024985,0.018,0.006,0.054688,0.000000,0.000000,0.109375,0.000000,-0.267656,1,1.13,0.325,-46.109,1.770,-2.663752
0.330000,-0.016,-0.001240,-0.000620,4.321,7.00,-0.017371,0.032225,0.000536,-0.031521,0.017,0.001,0.054688,0.000000,0.000000,0.109375,0.000000,-0.267656,1,1.13,0.327,-46.106,1.780,-2.663992
0.332000,-0.016,0.008836,0.004418,4.321,7.00,-0.017036,0.031602,0.000542,-0.040980,0.017,0.006,0.054688,0.000000,0.000000,0.109375,0.000000,-0.267656,1,1.13,0.329,-46.103,1.790,-2.664234
0.334000,-0.015,0.012002,0.006001,4.321,7.00,-0.016607,0.030951,0.000555,-0.043508,0.017,0.008,0.054688,0.000000,0.000000,0.109375,0.000000,-0.267656,1,1.13,0.331,-46.100,1.800,-2.664485
0.336000,-0.015,0.010701,0.005351,4.321,7.00,-0.016155,0.030283,0.000586,-0.041571,0.016,0.007,0.054688,0.000000,0.000000,0.109375,0.000000,-0.267656,1,1.13,0.333,-46.097,1.809,-2.664733
0.338000,-0.015,0.018452,0.009226,4.321,7.00,-0.015724,0.029605,0.000596,-0.048654,0.016,0.012,0.054688,0.000000,0.000000,0.109375,0.000000,-0.267656,1,1.13,0.334,-46.093,1.819,-2.664968
0.340000,-0.014,0.028957,0.014479,4.321,7.00,-0.015226,0.028904,0.000601,-0.058463,0.016,0.019,0.054688,0.000000,0.000000,0.109375,0.000000,-0.267656,1,1.13,0.336,-46.090,1.829,-2.665206
0.342000,-0.014,0.015512,0.007756,4.321,7.00,-0.014632,0.028175,0.000624,-0.044311,0.015,0.010,0.054688,0.000000,0.000000,0.109375,0.000000,-0.267656,1,1.13,0.338,-46.087,1.839,-2.665452
0.344000,-0.014,0.014745,0.007373,4.321,7.00,-0.014184,0.027456,0.000641,-0.042842,0.015,0.010,0.054688,0.000000,0.000000,0.109375,0.000000,-0.267656,1,1.13,0.340,-46.084,1.848,-2.665664
0.346000,-0.013,0.018051,0.009026,4.321,7.00,-0.013752,0.026730,0.000657,-0.045438,0.015,0.012,0.054688,0.000000,0.000000,0.109375,0.000000,-0.267656,1,1.13,0.342,-46.081,1.858,-2.665863
0.348000,-0.013,0.016082,0.008041,4.321,7.00,-0.013297,0.025987,0.000670,-0.042739,0.014,0.011,0.054688,0.000000,0.000000,0.109375,0.000000,-0.267656,1,1.13,0.344,-46.077,1.868,-2.666057
0.350000,-0.013,0.004030,0.002015,4.321,7.00,-0.012870,0.025235,0.000686,-0.029951,0.014,0.003,0.054688,0.000000,0.000000,0.109375,0.000000,-0.267656,1,1.13,0.345,-46.074,1.878,-2.666237
0.352000,-0.012,0.006427,0.003214,4.321,7.00,-0.012572,0.024490,0.000701,-0.031618,0.014,0.004,0.054688,0.000000,0.000000,0.109375,0.000000,-0.267656,1,1.13,0.347,-46.071,1.888,-2.666387
0.354000,-0.012,0.021268,0.010634,4.321,7.00,-0.012257,0.023731,0.000705,-0.045704,0.013,0.014,0.054688,0.000000,0.000000,0.109375,0.000000,-0.267656,1,1.13,0.349,-46.068,1.898,-2.666531
0.356000,-0.011,0.023122,0.011561,4.321,7.00,-0.011799,0.022935,0.000718,-0.046775,0.013,0.015,0.054688,0.000000,0.000000,0.109375,0.000000,-0.267656,1,1.13,0.351,-46.064,1.908,-2.666691
0.358000,-0.011,0.024678,0.012339,4.321,7.00,-0.011332,0.022125,0.000729,-0.047532,0.013,0.016,0.054688,0.000000,0.000000,0.109375,0.000000,-0.267656,1,1.13,0.353,-46.061,1.917,-2.666846
0.360000,-0.011,0.020238,0.010119,4.321,7.00,-0.010858,0.021302,0.000850,-0.042390,0.012,0.013,0.048437,0.000000,0.000000,0.096875,0.000000,-0.237067,1,1.13,0.355,-46.058,1.926,-2.666995
0.362000,-0.010,0.031600,0.015800,4.321,7.00,-0.010439,0.020478,0.000855,-0.052933,0.012,0.021,0.048437,0.000000,0.000000,0.096875,0.000000,-0.237067,1,1.13,0.357,-46.054,1.936,-2.667126
0.364000,-0.010,0.019590,0.009795,4.321,7.00,-0.009914,0.019627,0.000866,-0.040083,0.011,0.013,0.048437,0.000000,0.000000,0.096875,0.000000,-0.237067,1,1.13,0.359,-46.051,1.944,-2.667266
0.366000,-0.009,0.022283,0.011142,4.321,7.00,-0.009520,0.018786,0.000875,-0.041945,0.011,0.015,0.048437,0.000000,0.000000,0.096875,0.000000,-0.237067,1,1.13,0.361,-46.048,1.953,-2.667377
0.368000,-0.009,0.020870,0.010435,4.321,7.00,-0.009107,0.017933,0.000887,-0.039691,0.011,0.014,0.048437,0.000000,0.000000,0.096875,0.000000,-0.237067,1,1.13,0.363,-46.044,1.960,-2.667485
0.370000,-0.009,0.039102,0.019551,4.321,7.00,-0.008716,0.017073,0.000891,-0.057066,0.010,0.026,0.048437,0.000000,0.000000,0.096875,0.000000,-0.237067,1,1.13,0.364,-46.041,1.966,-2.667585
0.372000,-0.008,0.030100,0.015050,4.321,7.00,-0.008151,0.016174,0.000902,-0.047176,0.010,0.020,0.048437,0.000000,0.000000,0.096875,0.000000,-0.237067,1,1.13,0.366,-46.037,1.969,-2.667714
0.374000,-0.008,0.029553,0.014776,4.321,7.00,-0.007686,0.015283,0.000914,-0.045750,0.009,0.020,0.048437,0.000000,0.000000,0.096875,0.000000,-0.237067,1,1.13,0.368,-46.034,1.972,-2.667825
0.376000,-0.007,0.028673,0.014337,4.321,7.00,-0.007237,0.014389,0.000923,-0.043985,0.009,0.019,0.048437,0.000000,0.000000,0.096875,0.000000,-0.237067,1,1.13,0.370,-46.031,1.974,-2.667932
0.378000,-0.007,0.041423,0.020712,4.321,7.00,-0.006806,0.013493,0.000926,-0.055843,0.009,0.028,0.048437,0.000000,0.000000,0.096875,0.000000,-0.237067,1,1.13,0.372,-46.027,1.975,-2.668034
0.380000,-0.006,0.048749,0.024375,4.321,7.00,-0.006256,0.012576,0.000929,-0.062254,0.008,0.032,0.048437,0.000000,0.000000,0.096875,0.000000,-0.237067,1,1.13,0.374,-46.024,1.976,-2.668154
0.382000,-0.006,0.051504,0.025752,4.321,7.00,-0.005643,0.011647,0.000935,-0.064085,0.008,0.034,0.048437,0.000000,0.000000,0.096875,0.000000,-0.237067,1,1.13,0.376,-46.020,1.976,-2.668285
0.384000,-0.005,0.050326,0.025163,4.321,7.00,-0.005015,0.010722,0.000948,-0.061997,0.007,0.034,0.048437,0.000000,0.000000,0.096875,0.000000,-0.237067,1,1.13,0.378,-46.017,1.972,-2.668418
0.386000,-0.005,0.061293,0.030647,4.321,7.00,-0.004412,0.009809,0.000951,-0.072054,0.007,0.041,0.048437,0.000000,0.000000,0.096875,0.000000,-0.237067,1,1.13,0.380,-46.013,1.969,-2.668545
0.388000,-0.004,0.051174,0.025587,4.321,7.00,-0.003711,0.008888,0.000957,-0.061019,0.006,0.034,0.048437,0.000000,0.000000,0.096875,0.000000,-0.237067,1,1.13,0.382,-46.010,1.966,-2.668686
0.390000,-0.004,0.036160,0.018080,4.321,7.00,-0.003125,0.007992,0.000961,-0.045113,0.006,0.024,0.048437,0.000000,0.000000,0.096875,0.000000,-0.237067,1,1.13,0.384,-46.007,1.963,-2.668806
0.392000,-0.004,0.034557,0.017279,4.321,7.00,-0.002700,0.007123,0.000966,-0.042646,0.005,0.023,0.048437,0.000000,0.000000,0.096875,0.000000,-0.237067,1,1.13,0.386,-46.003,1.960,-2.668902
0.394000,-0.003,0.049620,0.024810,4.321,7.00,-0.002301,0.006265,0.000968,-0.056853,0.005,0.033,0.048437,0.000000,0.000000,0.096875,0.000000,-0.237067,1,1.13,0.388,-46.000,1.957,-2.668990
0.396000,-0.003,0.040446,0.020223,4.321,7.00,-0.001759,0.005400,0.000971,-0.046818,0.004,0.027,0.048437,0.000000,0.000000,0.096875,0.000000,-0.237067,1,1.13,0.389,-45.996,1.955,-2.669094
0.398000,-0.002,0.039617,0.019809,4.321,7.00,-0.001319,0.004545,0.000974,-0.045137,0.004,0.026,0.048437,0.000000,0.000000,0.096875,0.000000,-0.237067,1,1.13,0.391,-45.993,1.953,-2.669187
0.400000,-0.002,-0.003746,-0.001873,4.321,7.00,-0.000897,0.003698,0.000000,0.000048,0.000,0.002,0.048437,0.000000,0.000000,0.096875,0.000000,-0.237067,1,1.13,0.393,-45.990,1.952,-2.669276
0.402000,-0.001,0.007801,0.003900,4.321,7.00,-0.000764,0.002909,0.000001,-0.010711,0.000,0.005,0.048437,0.000000,0.000000,0.096875,0.000000,-0.237067,1,1.13,0.395,-45.986,1.950,-2.669308
0.404000,-0.001,0.014180,0.007090,4.321,7.00,-0.000670,0.002133,0.000003,-0.016316,0.000,0.009,0.048437,0.000000,0.000000,0.096875,0.000000,-0.237067,1,1.13,0.397,-45.983,1.949,-2.669328
0.406000,-0.001,0.022941,0.011470,4.321,7.00,-0.000515,0.001350,0.000003,-0.024294,0.000,0.015,0.048437,0.000000,0.000000,0.096875,0.000000,-0.237067,1,1.13,0.399,-45.980,1.948,-2.669358
0.408000,-0.000,0.028869,0.014435,4.321,7.00,-0.000276,0.000554,0.000004,-0.029427,0.002,0.019,0.048437,0.000000,0.000000,0.096875,0.000000,-0.237067,1,1.13,0.401,-45.976,1.947,-2.669402
0.410000,0.000,0.030401,0.015201,4.321,7.00,0.000018,-0.000250,0.000002,-0.030153,0.001,0.020,0.048437,0.000000,0.000000,0.096875,0.000000,-0.237067,1,1.13,0.403,-45.973,1.947,-2.669456
0.412000,0.001,0.039456,0.019728,4.321,7.00,0.000322,-0.001055,0.000002,-0.038403,0.001,0.026,0.048437,0.000000,0.000000,0.096875,0.000000,-0.237067,1,1.13,0.405,-45.969,1.947,-2.669511
0.414000,0.001,0.042262,0.021131,4.321,7.00,0.000710,-0.001873,0.000001,-0.040390,0.001,0.028,0.048437,0.000000,0.000000,0.096875,0.000000,-0.237067,1,1.13,0.407,-45.966,1.947,-2.669580
0.416000,0.001,0.038572,0.019286,4.321,7.00,0.001118,-0.002693,-0.000002,-0.035877,0.000,0.026,0.048437,0.000000,0.000000,0.096875,0.000000,-0.237067,1,1.13,0.409,-45.963,1.947,-2.669652
0.418000,0.002,0.049452,0.024726,4.321,7.00,0.001482,-0.003504,-0.000003,-0.045945,-0.000,0.033,0.048437,0.000000,0.000000,0.096875,0.000000,-0.237067,1,1.13,0.411,-45.959,1.947,-2.669715
0.420000,0.002,0.056398,0.028199,4.321,7.00,0.001946,-0.004330,-0.000006,-0.052062,-0.001,0.038,0.040625,0.000000,0.000000,0.081250,0.000000,-0.198831,1,1.13,0.413,-45.956,1.947,-2.669794
0.422000,0.003,0.045590,0.022795,4.321,7.00,0.002471,-0.005166,-0.000009,-0.040416,-0.001,0.030,0.040625,0.000000,0.000000,0.081250,0.000000,-0.198831,1,1.13,0.414,-45.953,1.947,-2.669883
0.424000,0.003,0.044357,0.022178,4.321,7.00,0.002878,-0.005978,-0.000013,-0.038365,-0.001,0.030,0.040625,0.000000,0.000000,0.081250,0.000000,-0.198831,1,1.13,0.416,-45.949,1.948,-2.669951
0.426000,0.003,0.059929,0.029965,4.321,7.00,0.003264,-0.006784,-0.000015,-0.053131,-0.002,0.040,0.040625,0.000000,0.000000,0.081250,0.000000,-0.198831,1,1.13,0.418,-45.946,1.948,-2.670012
0.428000,0.004,0.053265,0.026633,4.321,7.00,0.003798,-0.007612,-0.000019,-0.045634,-0.002,0.036,0.040625,0.000000,0.000000,0.081250,0.000000,-0.198831,1,1.13,0.420,-45.942,1.948,-2.670098
0.430000,0.004,0.055438,0.027719,4.321,7.00,0.004254,-0.008425,-0.000023,-0.046990,-0.003,0.037,0.040625,0.000000,0.000000,0.081250,0.000000,-0.198831,1,1.13,0.422,-45.939,1.948,-2.670170
0.432000,0.005,0.052205,0.026102,4.321,7.00,0.004724,-0.009236,-0.000034,-0.042934,-0.003,0.035,0.040625,0.000000,0.000000,0.081250,0.000000,-0.198831,1,1.13,0.424,-45.936,1.949,-2.670242
0.434000,0.005,0.061988,0.030994,4.321,7.00,0.005151,-0.010036,-0.000037,-0.051915,-0.003,0.041,0.040625,0.000000,0.000000,0.081250,0.000000,-0.198831,1,1.13,0.426,-45.932,1.949,-2.670305
0.436000,0.005,0.054023,0.027011,4.321,7.00,0.005668,-0.010848,-0.000042,-0.043133,-0.004,0.036,0.040625,0.000000,0.000000,0.081250,0.000000,-0.198831,1,1.13,0.428,-45.929,1.949,-2.670381
0.438000,0.006,0.053103,0.026551,4.321,7.00,0.006095,-0.011640,-0.000049,-0.041413,-0.004,0.035,0.040625,0.000000,0.000000,0.081250,0.000000,-0.198831,1,1.13,0.430,-45.925,1.949,-2.670442
0.440000,0.006,0.051796,0.025898,4.321,7.00,0.006504,-0.012424,-0.000057,-0.039314,-0.005,0.035,0.040625,0.000000,0.000000,0.081250,0.000000,-0.198831,1,1.13,0.432,-45.922,1.949,-2.670497
0.442000,0.007,0.069833,0.034916,4.321,7.00,0.006892,-0.013200,-0.000060,-0.056573,-0.005,0.047,0.040625,0.000000,0.000000,0.081250,0.000000,-0.198831,1,1.13,0.434,-45.919,1.949,-2.670547
0.444000,0.007,0.061314,0.030657,4.321,7.00,0.007452,-0.014000,-0.000071,-0.047243,-0.005,0.041,0.040625,0.000000,0.000000,0.081250,0.000000,-0.198831,1,1.13,0.435,-45.915,1.948,-2.670625
0.446000,0.007,0.065581,0.032791,4.321,7.00,0.007917,-0.014779,-0.000075,-0.050727,-0.006,0.044,0.040625,0.000000,0.000000,0.081250,0.000000,-0.198831,1,1.13,0.437,-45.912,1.948,-2.670686
0.448000,0.008,0.066948,0.033474,4.321,7.00,0.008414,-0.015558,-0.000084,-0.051306,-0.006,0.045,0.040625,0.000000,0.000000,0.081250,0.000000,-0.198831,1,1.13,0.439,-45.909,1.948,-2.670752
0.450000,0.008,0.079644,0.039822,4.321,7.00,0.008915,-0.016333,-0.000088,-0.063223,-0.007,0.053,0.040625,0.000000,0.000000,0.081250,0.000000,-0.198831,1,1.13,0.441,-45.905,1.948,-2.670816
0.452000,0.009,0.067680,0.033840,4.321,7.00,0.009533,-0.017123,-0.000097,-0.050461,-0.007,0.045,0.040625,0.000000,0.000000,0.081250,0.000000,-0.198831,1,1.13,0.443,-45.902,1.947,-2.670899
0.454000,0.009,0.070953,0.035476,4.321,7.00,0.010019,-0.017885,-0.000105,-0.052963,-0.007,0.047,0.040625,0.000000,0.000000,0.081250,0.000000,-0.198831,1,1.13,0.445,-45.898,1.947,-2.670959
0.456000,0.009,0.064261,0.032131,4.321,7.00,0.010529,-0.018644,-0.000118,-0.045498,-0.008,0.043,0.040625,0.000000,0.000000,0.081250,0.000000,-0.198831,1,1.13,0.447,-45.895,1.947,-2.671019
0.458000,0.010,0.074670,0.037335,4.321,7.00,0.010961,-0.019386,-0.000123,-0.055161,-0.008,0.050,0.040625,0.000000,0.000000,0.081250,0.000000,-0.198831,1,1.13,0.449,-45.892,1.947,-2.671065
0.460000,0.010,0.063923,0.031962,4.321,7.00,0.011488,-0.020138,-0.000135,-0.043650,-0.009,0.043,0.040625,0.000000,0.000000,0.081250,0.000000,-0.198831,1,1.13,0.451,-45.888,1.947,-2.671125
0.462000,0.010,0.057628,0.028814,4.321,7.00,0.011898,-0.020866,-0.000249,-0.036513,-0.009,0.038,0.040625,0.000000,0.000000,0.081250,0.000000,-0.198831,1,1.13,0.453,-45.885,1.947,-2.671164
0.464000,0.011,0.062865,0.031433,4.321,7.00,0.012236,-0.021576,-0.000255,-0.041035,-0.009,0.042,0.040625,0.000000,0.000000,0.081250,0.000000,-0.198831,1,1.13,0.455,-45.881,1.948,-2.671188
0.466000,0.011,0.064546,0.032273,4.321,7.00,0.012620,-0.022288,-0.000267,-0.041991,-0.010,0.043,0.040625,0.000000,0.000000,0.081250,0.000000,-0.198831,1,1.13,0.456,-45.878,1.948,-2.671219
0.468000,0.011,0.055909,0.027955,4.321,7.00,0.013013,-0.022999,-0.000279,-0.032631,-0.010,0.037,0.040625,0.000000,0.000000,0.081250,0.000000,-0.198831,1,1.13,0.458,-45.875,1.948,-2.671250
0.470000,0.012,0.070794,0.035397,4.321,7.00,0.013312,-0.023689,-0.000283,-0.046822,-0.010,0.047,0.040625,0.000000,0.000000,0.081250,0.000000,-0.198831,1,1.13,0.460,-45.871,1.948,-2.671264
0.472000,0.012,0.075516,0.037758,4.321,7.00,0.013754,-0.024399,-0.000302,-0.050816,-0.011,0.050,0.040625,0.000000,0.000000,0.081250,0.000000,-0.198831,1,1.13,0.462,-45.868,1.948,-2.671300
0.474000,0.013,0.074451,0.037225,4.321,7.00,0.014234,-0.025113,-0.000310,-0.049027,-0.011,0.050,0.040625,0.000000,0.000000,0.081250,0.000000,-0.198831,1,1.13,0.464,-45.864,1.948,-2.671344
0.476000,0.013,0.087327,0.043664,4.321,7.00,0.014693,-0.025820,-0.000315,-0.061192,-0.011,0.058,0.040625,0.000000,0.000000,0.081250,0.000000,-0.198831,1,1.13,0.466,-45.861,1.948,-2.671383
0.478000,0.013,0.089919,0.044959,4.321,7.00,0.015273,-0.026544,-0.000326,-0.063049,-0.012,0.060,0.040625,0.000000,0.000000,0.081250,0.000000,-0.198831,1,1.13,0.468,-45.858,1.948,-2.671441
0.480000,0.014,0.073718,0.036859,4.321,7.00,0.015866,-0.027266,-0.000353,-0.046099,-0.012,0.049,0.034375,0.000000,0.000000,0.068750,0.000000,-0.168241,1,1.13,0.470,-45.854,1.948,-2.671500
0.482000,0.014,0.075607,0.037804,4.321,7.00,0.016287,-0.027953,-0.000369,-0.047285,-0.013,0.050,0.034375,0.000000,0.000000,0.068750,0.000000,-0.168241,1,1.13,0.472,-45.851,1.948,-2.671528
0.484000,0.014,0.070381,0.035191,4.321,7.00,0.016717,-0.028636,-0.000391,-0.041355,-0.013,0.047,0.034375,0.000000,0.000000,0.068750,0.000000,-0.168241,1,1.13,0.474,-45.847,1.948,-2.671555
0.486000,0.015,0.064624,0.032312,4.321,7.00,0.017086,-0.029303,-0.000399,-0.034922,-0.013,0.043,0.034375,0.000000,0.000000,0.068750,0.000000,-0.168241,1,1.13,0.475,-45.844,1.948,-2.671570
0.488000,0.015,0.060974,0.030487,4.321,7.00,0.017391,-0.029954,-0.000421,-0.030599,-0.014,0.041,0.034375,0.000000,0.000000,0.068750,0.000000,-0.168241,1,1.13,0.477,-45.841,1.948,-2.671572
0.490000,0.015,0.069607,0.034803,4.321,7.00,0.017653,-0.030594,-0.000429,-0.038584,-0.014,0.046,0.034375,0.000000,0.000000,0.068750,0.000000,-0.168241,1,1.13,0.479,-45.837,1.948,-2.671565
0.492000,0.016,0.072818,0.036409,4.321,7.00,0.017996,-0.031243,-0.000442,-0.041133,-0.014,0.049,0.034375,0.000000,0.000000,0.068750,0.000000,-0.168241,1,1.13,0.481,-45.834,1.948,-2.671570
0.494000,0.016,0.075793,0.037897,4.321,7.00,0.018364,-0.031894,-0.000457,-0.043442,-0.015,0.051,0.034375,0.000000,0.000000,0.068750,0.000000,-0.168241,1,1.13,0.483,-45.831,1.948,-2.671580
0.496000,0.016,0.070204,0.035102,4.321,7.00,0.018755,-0.032545,-0.000475,-0.037183,-0.015,0.047,0.034375,0.000000,0.000000,0.068750,0.000000,-0.168241,1,1.13,0.485,-45.827,1.948,-2.671593
0.498000,0.017,0.079941,0.039971,4.321,7.00,0.019082,-0.033181,-0.000483,-0.046277,-0.015,0.053,0.034375,0.000000,0.000000,0.068750,0.000000,-0.168241,1,1.13,0.487,-45.824,1.948,-2.671594
0.500000,0.017,0.034228,0.017114,4.321,7.00,0.019499,-0.033829,0.000000,-0.000399,0.000,0.023,0.034375,0.000000,0.000000,0.068750,0.000000,-0.168241,1,1.13,0.489,-45.820,1.948,-2.671609
0.502000,0.017,0.038768,0.019384,4.321,7.00,0.019642,-0.034423,-0.000026,-0.004319,0.000,0.026,0.034375,0.000000,0.000000,0.068750,0.000000,-0.168241,1,1.13,0.491,-45.817,1.949,-2.671576
0.504000,0.017,0.043169,0.021585,4.321,7.00,0.019637,-0.034985,-0.000052,-0.008132,0.000,0.029,0.034375,0.000000,0.000000,0.068750,0.000000,-0.168241,1,1.13,0.493,-45.814,1.949,-2.671514
0.506000,0.018,0.051921,0.025960,4.321,7.00,0.019676,-0.035551,-0.000064,-0.016306,0.000,0.035,0.034375,0.000000,0.000000,0.068750,0.000000,-0.168241,1,1.13,0.494,-45.810,1.949,-2.671458
0.508000,0.018,0.058426,0.029213,4.321,7.00,0.019801,-0.036129,-0.000082,-0.022215,-0.017,0.039,0.034375,0.000000,0.000000,0.068750,0.000000,-0.168241,1,1.13,0.496,-45.807,1.949,-2.671418
0.510000,0.018,0.065186,0.032593,4.321,7.00,0.019990,-0.036717,-0.000098,-0.028370,-0.017,0.043,0.034375,0.000000,0.000000,0.068750,0.000000,-0.168241,1,1.13,0.498,-45.803,1.949,-2.671389
0.512000,0.019,0.065539,0.032770,4.321,7.00,0.020242,-0.037313,-0.000129,-0.028097,-0.017,0.044,0.034375,0.000000,0.000000,0.068750,0.000000,-0.168241,1,1.13,0.500,-45.800,1.949,-2.671371
0.514000,0.019,0.063057,0.031529,4.321,7.00,0.020492,-0.037907,-0.000343,-0.024808,-0.018,0.042,0.034375,0.000000,0.000000,0.068750,0.000000,-0.168241,1,1.13,0.502,-45.797,1.949,-2.671353
0.516000,0.019,0.071848,0.035924,4.321,7.00,0.020713,-0.038490,-0.000350,-0.033008,-0.018,0.048,0.034375,0.000000,0.000000,0.068750,0.000000,-0.168241,1,1.13,0.504,-45.793,1.949,-2.671329
0.518000,0.020,0.071997,0.035999,4.321,7.00,0.021017,-0.039086,-0.000371,-0.032540,-0.018,0.048,0.034375,0.000000,0.000000,0.068750,0.000000,-0.168241,1,1.13,0.506,-45.790,1.948,-2.671318
0.520000,0.020,0.068581,0.034291,4.321,7.00,0.021317,-0.039677,-0.000418,-0.028486,-0.019,0.046,0.028125,0.000000,0.000000,0.056250,0.000000,-0.137652,1,1.13,0.508,-45.786,1.948,-2.671307
0.522000,0.020,0.075145,0.037572,4.321,7.00,0.021576,-0.040257,-0.000431,-0.034458,-0.019,0.050,0.028125,0.000000,0.000000,0.056250,0.000000,-0.137652,1,1.13,0.510,-45.783,1.948,-2.671287
0.524000,0.020,0.080681,0.040341,4.321,7.00,0.021896,-0.040844,-0.000453,-0.039385,-0.019,0.054,0.028125,0.000000,0.000000,0.056250,0.000000,-0.137652,1,1.13,0.512,-45.780,1.948,-2.671277
0.526000,0.021,0.068570,0.034285,4.321,7.00,0.022265,-0.041436,-0.000486,-0.026648,-0.020,0.046,0.028125,0.000000,0.000000,0.056250,0.000000,-0.137652,1,1.13,0.514,-45.776,1.948,-2.671275
0.528000,0.021,0.066627,0.033314,4.321,7.00,0.022505,-0.042001,-0.000527,-0.024099,-0.020,0.044,0.028125,0.000000,0.000000,0.056250,0.000000,-0.137652,1,1.13,0.515,-45.773,1.948,-2.671250
0.530000,0.021,0.075867,0.037934,4.321,7.00,0.022722,-0.042557,-0.000538,-0.032772,-0.020,0.051,0.028125,0.000000,0.000000,0.056250,0.000000,-0.137652,1,1.13,0.517,-45.769,1.948,-2.671218
0.532000,0.022,0.084397,0.042198,4.321,7.00,0.023026,-0.043125,-0.000545,-0.040727,-0.020,0.056,0.028125,0.000000,0.000000,0.056250,0.000000,-0.137652,1,1.13,0.519,-45.766,1.948,-2.671201
0.534000,0.022,0.085180,0.042590,4.321,7.00,0.023409,-0.043705,-0.000567,-0.040907,-0.021,0.057,0.028125,0.000000,0.000000,0.056250,0.000000,-0.137652,1,1.13,0.521,-45.763,1.947,-2.671198
0.536000,0.022,0.084583,0.042292,4.321,7.00,0.023793,-0.044282,-0.000620,-0.039681,-0.021,0.056,0.028125,0.000000,0.000000,0.056250,0.000000,-0.137652,1,1.13,0.523,-45.759,1.947,-2.671194
0.538000,0.022,0.094608,0.047304,4.321,7.00,0.024163,-0.044852,-0.000631,-0.049125,-0.021,0.063,0.028125,0.000000,0.000000,0.056250,0.000000,-0.137652,1,1.13,0.525,-45.756,1.947,-2.671187
0.540000,0.023,0.089134,0.044567,4.321,7.00,0.024625,-0.045435,-0.000657,-0.043042,-0.022,0.059,0.028125,0.000000,0.000000,0.056250,0.000000,-0.137652,1,1.13,0.527,-45.752,1.947,-2.671195
0.542000,0.023,0.087779,0.043889,4.321,7.00,0.025024,-0.046004,-0.000665,-0.041110,-0.022,0.059,0.028125,0.000000,0.000000,0.056250,0.000000,-0.137652,1,1.13,0.529,-45.749,1.947,-2.671191
0.544000,0.023,0.084972,0.042486,4.321,7.00,0.025402,-0.046563,-0.000724,-0.037685,-0.022,0.057,0.028125,0.000000,0.000000,0.056250,0.000000,-0.137652,1,1.13,0.531,-45.746,1.947,-2.671181
0.546000,0.024,0.095151,0.047576,4.321,7.00,0.025743,-0.047112,-0.000735,-0.047304,-0.022,0.063,0.028125,0.000000,0.000000,0.056250,0.000000,-0.137652,1,1.13,0.532,-45.742,1.947,-2.671164
0.548000,0.024,0.099343,0.049671,4.321,7.00,0.026180,-0.047674,-0.000743,-0.050925,-0.023,0.066,0.028125,0.000000,0.000000,0.056250,0.000000,-0.137652,1,1.13,0.534,-45.739,1.947,-2.671162
0.550000,0.024,0.111786,0.055893,4.321,7.00,0.026650,-0.048240,-0.000751,-0.062795,-0.023,0.075,0.028125,0.000000,0.000000,0.056250,0.000000,-0.137652,1,1.13,0.536,-45.735,1.947,-2.671165
0.552000,0.024,0.106304,0.053152,4.321,7.00,0.027234,-0.048823,-0.000766,-0.056715,-0.023,0.071,0.028125,0.000000,0.000000,0.056250,0.000000,-0.137652,1,1.13,0.538,-45.732,1.946,-2.671187
0.554000,0.025,0.111345,0.055672,4.321,7.00,0.027753,-0.049390,-0.000787,-0.061168,-0.024,0.074,0.028125,0.000000,0.000000,0.056250,0.000000,-0.137652,1,1.13,0.540,-45.729,1.946,-2.671196
0.556000,0.025,0.105824,0.052912,4.321,7.00,0.028311,-0.049960,-0.000811,-0.055052,-0.024,0.071,0.028125,0.000000,0.000000,0.056250,0.000000,-0.137652,1,1.13,0.542,-45.725,1.946,-2.671211
0.558000,0.025,0.098257,0.049128,4.321,7.00,0.028803,-0.050514,-0.000829,-0.046914,-0.024,0.066,0.028125,0.000000,0.000000,0.056250,0.000000,-0.137652,1,1.13,0.544,-45.722,1.946,-2.671212
0.560000,0.026,0.087477,0.043739,4.321,7.00,0.029210,-0.051047,-0.000853,-0.035577,-0.024,0.058,0.028125,0.000000,0.000000,0.056250,0.000000,-0.137652,1,1.13,0.546,-45.718,1.946,-2.671197
0.562000,0.026,0.093327,0.046664,4.321,7.00,0.029501,-0.051554,-0.000862,-0.040911,-0.025,0.062,0.028125,0.000000,0.000000,0.056250,0.000000,-0.137652,1,1.13,0.548,-45.715,1.946,-2.671160
0.564000,0.026,0.087930,0.043965,4.321,7.00,0.029844,-0.052067,-0.001153,-0.034711,-0.025,0.059,0.028125,0.000000,0.000000,0.056250,0.000000,-0.137652,1,1.13,0.549,-45.712,1.946,-2.671129
0.566000,0.026,0.092034,0.046017,4.321,7.00,0.030126,-0.052565,-0.001166,-0.038303,-0.025,0.061,0.028125,0.000000,0.000000,0.056250,0.000000,-0.137652,1,1.13,0.551,-45.708,1.946,-2.671087
0.568000,0.027,0.086135,0.043067,4.321,7.00,0.030444,-0.053066,-0.001267,-0.031802,-0.026,0.057,0.028125,0.000000,0.000000,0.056250,0.000000,-0.137652,1,1.13,0.553,-45.705,1.946,-2.671050
0.570000,0.027,0.087386,0.043693,4.321,7.00,0.030697,-0.053552,-0.001288,-0.032546,-0.026,0.058,0.028125,0.000000,0.000000,0.056250,0.000000,-0.137652,1,1.13,0.555,-45.701,1.947,-2.671002
0.572000,0.027,0.085961,0.042981,4.321,7.00,0.030957,-0.054036,-0.001298,-0.030628,-0.026,0.057,0.028125,0.000000,0.000000,0.056250,0.000000,-0.137652,1,1.13,0.557,-45.698,1.947,-2.670953
0.574000,0.027,0.090391,0.045195,4.321,7.00,0.031197,-0.054513,-0.001328,-0.034550,-0.026,0.060,0.028125,0.000000,0.000000,0.056250,0.000000,-0.137652,1,1.13,0.559,-45.695,1.947,-2.670900
0.576000,0.027,0.083470,0.041735,4.321,7.00,0.031477,-0.054994,-0.001392,-0.027083,-0.027,0.056,0.028125,0.000000,0.000000,0.056250,0.000000,-0.137652,1,1.13,0.561,-45.691,1.947,-2.670853
0.578000,0.028,0.092184,0.046092,4.321,7.00,0.031682,-0.055459,-0.001406,-0.035319,-0.027,0.061,0.028125,0.000000,0.000000,0.056250,0.000000,-0.137652,1,1.13,0.563,-45.688,1.947,-2.670792
0.580000,0.028,0.090389,0.036195,4.261,7.00,0.031970,-0.055936,-0.001439,-0.033015,-0.027,0.060,0.023438,-0.006000,0.000000,0.046875,0.000000,-0.114710,1,1.13,0.565,-45.684,1.947,-2.670745
0.582000,0.028,0.082067,0.032033,4.261,6.98,0.032055,-0.056412,-0.001471,-0.024184,-0.027,0.055,0.023438,-0.006000,0.000000,0.046875,0.000000,-0.114710,1,1.13,0.566,-45.681,1.939,-2.670663
0.584000,0.028,0.081215,0.031607,4.261,6.96,0.032055,-0.056865,-0.001514,-0.022836,-0.027,0.054,0.023438,-0.006000,0.000000,0.046875,0.000000,-0.114710,1,1.13,0.568,-45.678,1.936,-2.670564
0.586000,0.029,0.082969,0.032484,4.261,6.95,0.032046,-0.057308,-0.001552,-0.024109,-0.028,0.055,0.023438,-0.006000,0.000000,0.046875,0.000000,-0.114710,1,1.13,0.570,-45.674,1.933,-2.670463
0.588000,0.029,0.078223,0.030111,4.261,6.94,0.032055,-0.057745,-0.001581,-0.018896,-0.028,0.052,0.023438,-0.006000,0.000000,0.046875,0.000000,-0.114710,1,1.13,0.572,-45.671,1.931,-2.670366
0.590000,0.029,0.086760,0.034380,4.261,6.93,0.032016,-0.058166,-0.001591,-0.027004,-0.028,0.058,0.023438,-0.006000,0.000000,0.046875,0.000000,-0.114710,1,1.13,0.574,-45.668,1.928,-2.670260
0.592000,0.029,0.085811,0.033906,4.261,6.93,0.032063,-0.058594,-0.001637,-0.025580,-0.028,0.057,0.023438,-0.006000,0.000000,0.046875,0.000000,-0.114710,1,1.13,0.576,-45.664,1.926,-2.670169
0.594000,0.030,0.089848,0.035924,4.261,6.92,0.032100,-0.059014,-0.001656,-0.029179,-0.029,0.060,0.023438,-0.006000,0.000000,0.046875,0.000000,-0.114710,1,1.13,0.578,-45.661,1.924,-2.670077
0.596000,0.030,0.097861,0.039930,4.261,6.92,0.032176,-0.059434,-0.001667,-0.036760,-0.029,0.065,0.023438,-0.006000,0.000000,0.046875,0.000000,-0.114710,1,1.13,0.580,-45.658,1.922,-2.669992
0.598000,0.030,0.096748,0.039374,4.261,6.92,0.032331,-0.059862,-0.001714,-0.035171,-0.029,0.064,0.023438,-0.006000,0.000000,0.046875,0.000000,-0.114710,1,1.13,0.582,-45.654,1.920,-2.669920
0.600000,0.030,0.060936,0.021468,4.261,6.91,0.032472,-0.060283,0.000000,-0.000653,0.000,0.041,0.023438,-0.006000,0.000000,0.046875,0.000000,-0.114710,1,1.13,0.583,-45.651,1.918,-2.669847
0.602000,0.030,0.067356,0.024678,4.261,6.91,0.032324,-0.060643,-0.000018,-0.006695,0.000,0.045,0.023438,-0.006000,0.000000,0.046875,0.000000,-0.114710,1,1.13,0.585,-45.648,1.917,-2.669723
0.604000,0.030,0.076511,0.029256,4.261,6.91,0.032171,-0.060995,-0.000030,-0.015486,0.000,0.051,0.023438,-0.006000,0.000000,0.046875,0.000000,-0.114710,1,1.13,0.587,-45.644,1.916,-2.669596
0.606000,0.031,0.080717,0.031359,4.261,6.91,0.032113,-0.061361,-0.000060,-0.019297,0.000,0.054,0.023438,-0.006000,0.000000,0.046875,0.000000,-0.114710,1,1.13,0.589,-45.641,1.915,-2.669485
0.608000,0.031,0.082728,0.032364,4.261,6.91,0.032098,-0.061733,-0.000133,-0.020862,-0.030,0.055,0.023438,-0.006000,0.000000,0.046875,0.000000,-0.114710,1,1.13,0.591,-45.637,1.915,-2.669383
0.610000,0.031,0.090420,0.036210,4.261,6.91,0.032103,-0.062107,-0.000148,-0.028165,-0.030,0.060,0.023438,-0.006000,0.000000,0.046875,0.000000,-0.114710,1,1.13,0.593,-45.634,1.915,-2.669286
0.612000,0.031,0.088004,0.035002,4.261,6.91,0.032185,-0.062493,-0.000185,-0.025325,-0.030,0.059,0.023438,-0.006000,0.000000,0.046875,0.000000,-0.114710,1,1.13,0.595,-45.631,1.914,-2.669201
0.614000,0.031,0.083028,0.032514,4.261,6.90,0.032241,-0.062873,-0.000221,-0.019935,-0.031,0.055,0.023438,-0.006000,0.000000,0.046875,0.000000,-0.114710,1,1.13,0.597,-45.627,1.914,-2.669113
0.616000,0.032,0.080268,0.031134,4.261,6.90,0.032247,-0.063241,-0.000578,-0.016449,-0.031,0.054,0.023438,-0.006000,0.000000,0.046875,0.000000,-0.114710,1,1.13,0.598,-45.624,1.915,-2.669016
0.618000,0.032,0.088165,0.035083,4.261,6.90,0.032225,-0.063602,-0.000591,-0.023973,-0.031,0.059,0.023438,-0.006000,0.000000,0.046875,0.000000,-0.114710,1,1.13,0.600,-45.621,1.915,-2.668913
0.620000,0.032,0.083847,0.032923,4.261,6.90,0.032282,-0.063976,-0.000628,-0.019243,-0.031,0.056,0.021875,-0.006000,0.000000,0.043750,0.000000,-0.107063,1,1.13,0.602,-45.617,1.915,-2.668824
0.622000,0.032,0.084402,0.033201,4.261,6.90,0.032294,-0.064342,-0.000663,-0.019397,-0.031,0.056,0.021875,-0.006000,0.000000,0.043750,0.000000,-0.107063,1,1.13,0.604,-45.614,1.916,-2.668728
0.624000,0.032,0.083827,0.032914,4.261,6.90,0.032313,-0.064707,-0.000712,-0.018408,-0.032,0.056,0.021875,-0.006000,0.000000,0.043750,0.000000,-0.107063,1,1.13,0.606,-45.611,1.916,-2.668632
0.626000,0.033,0.092450,0.037225,4.261,6.90,0.032325,-0.065070,-0.000726,-0.026654,-0.032,0.062,0.021875,-0.006000,0.000000,0.043750,0.000000,-0.107063,1,1.13,0.608,-45.607,1.917,-2.668535
0.628000,0.033,0.086980,0.034490,4.261,6.90,0.032422,-0.065449,-0.000765,-0.020766,-0.032,0.058,0.021875,-0.006000,0.000000,0.043750,0.000000,-0.107063,1,1.13,0.610,-45.604,1.917,-2.668453
0.630000,0.033,0.086478,0.034239,4.261,6.90,0.032464,-0.065817,-0.000817,-0.019843,-0.032,0.058,0.021875,-0.006000,0.000000,0.043750,0.000000,-0.107063,1,1.13,0.612,-45.601,1.918,-2.668361
0.632000,0.033,0.086354,0.034177,4.261,6.90,0.032499,-0.066183,-0.000860,-0.019310,-0.032,0.058,0.021875,-0.006000,0.000000,0.043750,0.000000,-0.107063,1,1.13,0.613,-45.597,1.918,-2.668268
0.634000,0.033,0.091768,0.036884,4.261,6.90,0.032533,-0.066547,-0.000876,-0.024344,-0.033,0.061,0.021875,-0.006000,0.000000,0.043750,0.000000,-0.107063,1,1.13,0.615,-45.594,1.919,-2.668174
0.636000,0.033,0.093517,0.037759,4.261,6.90,0.032620,-0.066921,-0.000889,-0.025708,-0.033,0.062,0.021875,-0.006000,0.000000,0.043750,0.000000,-0.107063,1,1.13,0.617,-45.591,1.919,-2.668090
0.638000,0.034,0.094115,0.038058,4.261,6.90,0.032723,-0.067297,-0.000926,-0.025892,-0.033,0.063,0.021875,-0.006000,0.000000,0.043750,0.000000,-0.107063,1,1.13,0.619,-45.587,1.920,-2.668008
0.640000,0.034,0.093877,0.037939,4.261,6.90,0.032829,-0.067672,-0.001005,-0.025200,-0.033,0.063,0.021875,-0.006000,0.000000,0.043750,0.000000,-0.107063,1,1.13,0.621,-45.584,1.920,-2.667927
0.642000,0.034,0.098962,0.040481,4.261,6.90,0.032932,-0.068045,-0.001022,-0.029895,-0.033,0.066,0.021875,-0.006000,0.000000,0.043750,0.000000,-0.107063,1,1.13,0.623,-45.581,1.920,-2.667845
0.644000,0.034,0.094946,0.038473,4.261,6.90,0.033082,-0.068426,-0.001065,-0.025455,-0.033,0.063,0.021875,-0.006000,0.000000,0.043750,0.000000,-0.107063,1,1.13,0.625,-45.577,1.921,-2.667771
0.646000,0.034,0.089037,0.035518,4.261,6.90,0.033190,-0.068797,-0.001101,-0.019139,-0.034,0.059,0.021875,-0.006000,0.000000,0.043750,0.000000,-0.107063,1,1.13,0.626,-45.574,1.921,-2.667689
0.648000,0.035,0.088296,0.035148,4.261,6.90,0.033237,-0.069154,-0.001156,-0.017987,-0.034,0.059,0.021875,-0.006000,0.000000,0.043750,0.000000,-0.107063,1,1.13,0.628,-45.571,1.921,-2.667597
0.650000,0.035,0.094428,0.038214,4.261,6.90,0.033275,-0.069507,-0.001173,-0.023749,-0.034,0.063,0.021875,-0.006000,0.000000,0.043750,0.000000,-0.107063,1,1.13,0.630,-45.567,1.921,-2.667501
0.652000,0.035,0.090510,0.036255,4.261,6.90,0.033374,-0.069869,-0.001212,-0.019428,-0.034,0.060,0.021875,-0.006000,0.000000,0.043750,0.000000,-0.107063,1,1.13,0.632,-45.564,1.921,-2.667417
0.654000,0.035,0.091418,0.036709,4.261,6.90,0.033432,-0.070222,-0.001247,-0.019948,-0.034,0.061,0.021875,-0.006000,0.000000,0.043750,0.000000,-0.107063,1,1.13,0.634,-45.560,1.921,-2.667325
0.656000,0.035,0.090824,0.036412,4.261,6.90,0.033497,-0.070575,-0.001295,-0.018955,-0.035,0.061,0.021875,-0.006000,0.000000,0.043750,0.000000,-0.107063,1,1.13,0.636,-45.557,1.921,-2.667234
0.658000,0.035,0.091205,0.036602,4.261,6.90,0.033555,-0.070924,-0.001351,-0.018930,-0.035,0.061,0.021875,-0.006000,0.000000,0.043750,0.000000,-0.107063,1,1.13,0.638,-45.554,1.921,-2.667142
0.660000,0.036,0.086011,0.034005,4.261,6.90,0.033616,-0.071271,-0.001421,-0.013319,-0.035,0.057,0.021875,-0.006000,0.000000,0.043750,0.000000,-0.107063,1,1.13,0.640,-45.550,1.921,-2.667050
0.662000,0.036,0.088721,0.035360,4.261,6.90,0.033624,-0.071606,-0.001443,-0.015673,-0.035,0.059,0.021875,-0.006000,0.000000,0.043750,0.000000,-0.107063,1,1.13,0.641,-45.547,1.921,-2.666948
0.664000,0.036,0.087931,0.034966,4.261,6.90,0.033659,-0.071943,-0.001494,-0.014494,-0.035,0.059,0.021875,-0.006000,0.000000,0.043750,0.000000,-0.107063,1,1.13,0.643,-45.544,1.921,-2.666851
0.666000,0.036,0.086343,0.034171,4.261,6.90,0.033685,-0.072277,-0.001901,-0.012165,-0.035,0.058,0.021875,-0.006000,0.000000,0.043750,0.000000,-0.107063,1,1.13,0.645,-45.540,1.921,-2.666753
0.668000,0.036,0.092535,0.037267,4.261,6.90,0.033695,-0.072606,-0.001916,-0.018013,-0.036,0.062,0.021875,-0.006000,0.000000,0.043750,0.000000,-0.107063,1,1.13,0.647,-45.537,1.920,-2.666651
0.670000,0.036,0.101030,0.041515,4.261,6.90,0.033766,-0.072944,-0.001928,-0.026157,-0.036,0.067,0.021875,-0.006000,0.000000,0.043750,0.000000,-0.107063,1,1.13,0.649,-45.534,1.920,-2.666560
0.672000,0.037,0.097335,0.039667,4.261,6.90,0.033921,-0.073297,-0.002020,-0.022018,-0.036,0.065,0.021875,-0.006000,0.000000,0.043750,0.000000,-0.107063,1,1.13,0.651,-45.530,1.920,-2.666484
0.674000,0.037,0.100215,0.041108,4.261,6.90,0.034036,-0.073640,-0.002046,-0.024529,-0.036,0.067,0.021875,-0.006000,0.000000,0.043750,0.000000,-0.107063,1,1.13,0.653,-45.527,1.920,-2.666401
0.676000,0.037,0.109402,0.045701,4.261,6.90,0.034177,-0.073986,-0.002060,-0.033356,-0.036,0.073,0.021875,-0.006000,0.000000,0.043750,0.000000,-0.107063,1,1.13,0.655,-45.524,1.920,-2.666322
0.678000,0.037,0.105386,0.043693,4.261,6.90,0.034408,-0.074348,-0.002097,-0.028942,-0.036,0.070,0.021875,-0.006000,0.000000,0.043750,0.000000,-0.107063,1,1.13,0.656,-45.520,1.919,-2.666259
0.680000,0.037,0.097213,0.039606,4.261,6.90,0.034594,-0.074698,-0.002199,-0.020315,-0.037,0.065,0.018750,-0.006000,0.000000,0.037500,0.000000,-0.091768,1,1.14,0.658,-45.517,1.919,-2.666187
0.682000,0.038,0.101236,0.041618,4.261,6.90,0.034694,-0.075029,-0.002224,-0.023983,-0.037,0.067,0.018750,-0.006000,0.000000,0.037500,0.000000,-0.091768,1,1.14,0.660,-45.514,1.919,-2.666100
0.684000,0.038,0.106014,0.044007,4.261,6.90,0.034832,-0.075365,-0.002237,-0.028412,-0.037,0.071,0.018750,-0.006000,0.000000,0.037500,0.000000,-0.091768,1,1.14,0.662,-45.510,1.919,-2.666019
0.686000,0.038,0.100663,0.041331,4.261,6.90,0.035016,-0.075707,-0.002276,-0.022681,-0.037,0.067,0.018750,-0.006000,0.000000,0.037500,0.000000,-0.091768,1,1.14,0.664,-45.507,1.919,-2.665945
0.688000,0.038,0.098825,0.040412,4.261,6.90,0.035142,-0.076036,-0.002366,-0.020423,-0.037,0.066,0.018750,-0.006000,0.000000,0.037500,0.000000,-0.091768,1,1.14,0.666,-45.504,1.919,-2.665861
0.690000,0.038,0.100352,0.041176,4.261,6.90,0.035248,-0.076359,-0.002417,-0.021576,-0.038,0.067,0.018750,-0.006000,0.000000,0.037500,0.000000,-0.091768,1,1.14,0.668,-45.500,1.919,-2.665773
0.692000,0.038,0.102225,0.042113,4.261,6.90,0.035366,-0.076682,-0.002435,-0.023108,-0.038,0.068,0.018750,-0.006000,0.000000,0.037500,0.000000,-0.091768,1,1.14,0.670,-45.497,1.919,-2.665686
0.694000,0.039,0.095498,0.038749,4.261,6.90,0.035501,-0.077006,-0.002493,-0.015999,-0.038,0.064,0.018750,-0.006000,0.000000,0.037500,0.000000,-0.091768,1,1.14,0.671,-45.493,1.919,-2.665602
0.696000,0.039,0.094957,0.038479,4.261,6.90,0.035566,-0.077315,-0.002541,-0.015101,-0.038,0.063,0.018750,-0.006000,0.000000,0.037500,0.000000,-0.091768,1,1.14,0.673,-45.490,1.919,-2.665505
0.698000,0.039,0.098905,0.040452,4.261,6.90,0.035624,-0.077621,-0.002564,-0.018720,-0.038,0.066,0.018750,-0.006000,0.000000,0.037500,0.000000,-0.091768,1,1.14,0.675,-45.487,1.919,-2.665407
0.700000,0.039,0.078713,0.030357,4.261,6.90,0.035721,-0.077932,0.000000,-0.000782,0.000,0.052,0.018750,-0.006000,0.000000,0.037500,0.000000,-0.091768,1,1.14,0.677,-45.483,1.919,-2.665315
0.702000,0.039,0.081596,0.031798,4.261,6.90,0.035614,-0.078202,-0.000041,-0.003353,0.000,0.054,0.018750,-0.006000,0.000000,0.037500,0.000000,-0.091768,1,1.14,0.679,-45.480,1.919,-2.665188
0.704000,0.039,0.083000,0.032500,4.261,6.90,0.035538,-0.078475,-0.000146,-0.004380,0.000,0.055,0.018750,-0.006000,0.000000,0.037500,0.000000,-0.091768,1,1.14,0.681,-45.477,1.919,-2.665065
0.706000,0.039,0.089362,0.035681,4.261,6.90,0.035477,-0.078750,-0.000163,-0.010448,0.000,0.060,0.018750,-0.006000,0.000000,0.037500,0.000000,-0.091768,1,1.14,0.683,-45.473,1.919,-2.664944
0.708000,0.040,0.092246,0.037123,4.261,6.90,0.035481,-0.079038,-0.000208,-0.013000,-0.039,0.061,0.018750,-0.006000,0.000000,0.037500,0.000000,-0.091768,1,1.14,0.685,-45.470,1.919,-2.664836
0.710000,0.040,0.094620,0.038310,4.261,6.90,0.035514,-0.079330,-0.000249,-0.015041,-0.039,0.063,0.018750,-0.006000,0.000000,0.037500,0.000000,-0.091768,1,1.14,0.686,-45.467,1.919,-2.664733
0.712000,0.040,0.094656,0.038328,4.261,6.90,0.035569,-0.079626,-0.000301,-0.014728,-0.039,0.063,0.018750,-0.006000,0.000000,0.037500,0.000000,-0.091768,1,1.14,0.688,-45.463,1.919,-2.664634
0.714000,0.040,0.096196,0.039098,4.261,6.90,0.035625,-0.079921,-0.000354,-0.015920,-0.039,0.064,0.018750,-0.006000,0.000000,0.037500,0.000000,-0.091768,1,1.14,0.690,-45.460,1.919,-2.664535
0.716000,0.040,0.095927,0.038964,4.261,6.90,0.035694,-0.080217,-0.000376,-0.015335,-0.040,0.064,0.018750,-0.006000,0.000000,0.037500,0.000000,-0.091768,1,1.14,0.692,-45.457,1.919,-2.664438
0.718000,0.040,0.094386,0.038193,4.261,6.90,0.035759,-0.080511,-0.000834,-0.013041,-0.040,0.063,0.018750,-0.006000,0.000000,0.037500,0.000000,-0.091768,1,1.14,0.694,-45.453,1.919,-2.664341
0.720000,0.040,0.095918,0.038959,4.261,6.90,0.035808,-0.080800,-0.000863,-0.014255,-0.040,0.064,0.018750,-0.006000,0.000000,0.037500,0.000000,-0.091768,1,1.14,0.696,-45.450,1.919,-2.664241
0.722000,0.041,0.096419,0.039210,4.261,6.90,0.035871,-0.081090,-0.000912,-0.014417,-0.040,0.064,0.018750,-0.006000,0.000000,0.037500,0.000000,-0.091768,1,1.14,0.698,-45.447,1.919,-2.664143
0.724000,0.041,0.096852,0.039426,4.261,6.90,0.035938,-0.081379,-0.000963,-0.014510,-0.040,0.065,0.018750,-0.006000,0.000000,0.037500,0.000000,-0.091768,1,1.14,0.699,-45.443,1.919,-2.664045
0.726000,0.041,0.095790,0.038895,4.261,6.90,0.036008,-0.081668,-0.000992,-0.013130,-0.040,0.064,0.018750,-0.006000,0.000000,0.037500,0.000000,-0.091768,1,1.14,0.701,-45.440,1.919,-2.663948
0.728000,0.041,0.099769,0.040884,4.261,6.90,0.036065,-0.081953,-0.001021,-0.016795,-0.040,0.067,0.018750,-0.006000,0.000000,0.037500,0.000000,-0.091768,1,1.14,0.703,-45.437,1.919,-2.663848
0.730000,0.041,0.098699,0.040350,4.261,6.90,0.036162,-0.082244,-0.001067,-0.015389,-0.041,0.066,0.018750,-0.006000,0.000000,0.037500,0.000000,-0.091768,1,1.14,0.705,-45.433,1.919,-2.663755
0.732000,0.041,0.098067,0.040034,4.261,6.90,0.036246,-0.082531,-0.001150,-0.014387,-0.041,0.065,0.018750,-0.006000,0.000000,0.037500,0.000000,-0.091768,1,1.14,0.707,-45.430,1.919,-2.663659
0.734000,0.041,0.098768,0.040384,4.261,6.90,0.036321,-0.082814,-0.001194,-0.014760,-0.041,0.066,0.018750,-0.006000,0.000000,0.037500,0.000000,-0.091768,1,1.14,0.709,-45.426,1.919,-2.663562
0.736000,0.042,0.096223,0.039112,4.261,6.90,0.036403,-0.083098,-0.001294,-0.011832,-0.041,0.064,0.018750,-0.006000,0.000000,0.037500,0.000000,-0.091768,1,1.14,0.711,-45.423,1.919,-2.663466
0.738000,0.042,0.097367,0.039684,4.261,6.90,0.036457,-0.083374,-0.001318,-0.012675,-0.041,0.065,0.018750,-0.006000,0.000000,0.037500,0.000000,-0.091768,1,1.14,0.713,-45.420,1.919,-2.663365
0.740000,0.042,0.100755,0.041378,4.261,6.90,0.036521,-0.083651,-0.001339,-0.015766,-0.041,0.067,0.018750,-0.006000,0.000000,0.037500,0.000000,-0.091768,1,1.14,0.714,-45.416,1.919,-2.663265
0.742000,0.042,0.102326,0.042163,4.261,6.90,0.036618,-0.083933,-0.001383,-0.017010,-0.041,0.068,0.018750,-0.006000,0.000000,0.037500,0.000000,-0.091768,1,1.14,0.716,-45.413,1.919,-2.663170
0.744000,0.042,0.101190,0.041595,4.261,6.90,0.036729,-0.084216,-0.001486,-0.015489,-0.042,0.067,0.018750,-0.006000,0.000000,0.037500,0.000000,-0.091768,1,1.14,0.718,-45.410,1.919,-2.663078
0.746000,0.042,0.104817,0.043408,4.261,6.90,0.036827,-0.084495,-0.001512,-0.018810,-0.042,0.070,0.018750,-0.006000,0.000000,0.037500,0.000000,-0.091768,1,1.14,0.720,-45.406,1.919,-2.662984
0.748000,0.042,0.102613,0.042307,4.261,6.90,0.036958,-0.084779,-0.001566,-0.016268,-0.042,0.068,0.018750,-0.006000,0.000000,0.037500,0.000000,-0.091768,1,1.14,0.722,-45.403,1.919,-2.662895
0.750000,0.043,0.099824,0.040912,4.261,6.90,0.037065,-0.085058,-0.001611,-0.013155,-0.042,0.067,0.018750,-0.006000,0.000000,0.037500,0.000000,-0.091768,1,1.14,0.724,-45.400,1.919,-2.662802
0.752000,0.043,0.099563,0.040782,4.261,6.90,0.037142,-0.085328,-0.001667,-0.012568,-0.042,0.066,0.018750,-0.006000,0.000000,0.037500,0.000000,-0.091768,1,1.14,0.726,-45.396,1.919,-2.662703
0.754000,0.043,0.103624,0.042812,4.261,6.90,0.037215,-0.085596,-0.001690,-0.016338,-0.042,0.069,0.018750,-0.006000,0.000000,0.037500,0.000000,-0.091768,1,1.14,0.728,-45.393,1.919,-2.662602
0.756000,0.043,0.101741,0.041871,4.261,6.90,0.037327,-0.085870,-0.001742,-0.014129,-0.042,0.068,0.018750,-0.006000,0.000000,0.037500,0.000000,-0.091768,1,1.14,0.729,-45.390,1.918,-2.662508
0.758000,0.043,0.102407,0.042203,4.261,6.90,0.037418,-0.086139,-0.001787,-0.014481,-0.043,0.068,0.018750,-0.006000,0.000000,0.037500,0.000000,-0.091768,1,1.14,0.731,-45.386,1.918,-2.662411
0.760000,0.043,0.101962,0.041981,4.261,6.90,0.037513,-0.086407,-0.001850,-0.013705,-0.043,0.068,0.018750,-0.006000,0.000000,0.037500,0.000000,-0.091768,1,1.14,0.733,-45.383,1.918,-2.662314
0.762000,0.043,0.102150,0.042075,4.261,6.90,0.037603,-0.086673,-0.001909,-0.013567,-0.043,0.068,0.018750,-0.006000,0.000000,0.037500,0.000000,-0.091768,1,1.14,0.735,-45.380,1.918,-2.662215
0.764000,0.043,0.100052,0.041026,4.261,6.90,0.037692,-0.086937,-0.001955,-0.011160,-0.043,0.067,0.018750,-0.006000,0.000000,0.037500,0.000000,-0.091768,1,1.14,0.737,-45.376,1.918,-2.662117
0.766000,0.044,0.100283,0.041141,4.261,6.90,0.037759,-0.087196,-0.002006,-0.011081,-0.043,0.067,0.018750,-0.006000,0.000000,0.037500,0.000000,-0.091768,1,1.14,0.739,-45.373,1.918,-2.662014
0.768000,0.044,0.098715,0.040358,4.261,6.90,0.037827,-0.087453,-0.002550,-0.008712,-0.043,0.066,0.018750,-0.006000,0.000000,0.037500,0.000000,-0.091768,1,1.14,0.741,-45.370,1.918,-2.661911
0.770000,0.044,0.099983,0.040991,4.261,6.90,0.037877,-0.087706,-0.002589,-0.009687,-0.043,0.067,0.018750,-0.006000,0.000000,0.037500,0.000000,-0.091768,1,1.14,0.743,-45.366,1.918,-2.661804
0.772000,0.044,0.102589,0.042295,4.261,6.90,0.037940,-0.087960,-0.002615,-0.012014,-0.043,0.068,0.018750,-0.006000,0.000000,0.037500,0.000000,-0.091768,1,1.14,0.744,-45.363,1.918,-2.661700
0.774000,0.044,0.102303,0.042152,4.261,6.90,0.038027,-0.088218,-0.002674,-0.011411,-0.044,0.068,0.018750,-0.006000,0.000000,0.037500,0.000000,-0.091768,1,1.14,0.746,-45.359,1.918,-2.661600
0.776000,0.044,0.103274,0.042637,4.261,6.90,0.038109,-0.088473,-0.002714,-0.012087,-0.044,0.069,0.018750,-0.006000,0.000000,0.037500,0.000000,-0.091768,1,1.14,0.748,-45.356,1.918,-2.661498
0.778000,0.044,0.108651,0.045325,4.261,6.90,0.038200,-0.088729,-0.002735,-0.017186,-0.044,0.072,0.018750,-0.006000,0.000000,0.037500,0.000000,-0.091768,1,1.14,0.750,-45.353,1.918,-2.661398
0.780000,0.044,0.107814,0.044907,4.261,6.90,0.038342,-0.088995,-0.002807,-0.016012,-0.044,0.072,0.018750,-0.006000,0.000000,0.037500,0.000000,-0.091768,1,1.13,0.752,-45.349,1.918,-2.661307
0.782000,0.045,0.106877,0.044438,4.261,6.90,0.038473,-0.089257,-0.002846,-0.014774,-0.044,0.071,0.018750,-0.006000,0.000000,0.037500,0.000000,-0.091768,1,1.13,0.754,-45.346,1.918,-2.661214
0.784000,0.045,0.108001,0.045001,4.261,6.90,0.038593,-0.089515,-0.002888,-0.015599,-0.044,0.072,0.018750,-0.006000,0.000000,0.037500,0.000000,-0.091768,1,1.13,0.756,-45.343,1.918,-2.661118
0.786000,0.045,0.107643,0.044822,4.261,6.90,0.038721,-0.089773,-0.002940,-0.014930,-0.044,0.072,0.018750,-0.006000,0.000000,0.037500,0.000000,-0.091768,1,1.13,0.758,-45.339,1.918,-2.661024
0.788000,0.045,0.104429,0.043215,4.261,6.90,0.038843,-0.090029,-0.003005,-0.011395,-0.044,0.070,0.018750,-0.006000,0.000000,0.037500,0.000000,-0.091768,1,1.13,0.759,-45.336,1.918,-2.660928
0.790000,0.045,0.104918,0.043459,4.261,6.90,0.038930,-0.090277,-0.003067,-0.011574,-0.045,0.070,0.018750,-0.006000,0.000000,0.037500,0.000000,-0.091768,1,1.13,0.761,-45.333,1.918,-2.660825
0.792000,0.045,0.104964,0.043482,4.261,6.90,0.039021,-0.090524,-0.003107,-0.011333,-0.045,0.070,0.018750,-0.006000,0.000000,0.037500,0.000000,-0.091768,1,1.13,0.763,-45.329,1.918,-2.660723
0.794000,0.045,0.107682,0.044841,4.261,6.90,0.039110,-0.090769,-0.003129,-0.013784,-0.045,0.072,0.018750,-0.006000,0.000000,0.037500,0.000000,-0.091768,1,1.13,0.765,-45.326,1.918,-2.660620
0.796000,0.046,0.108056,0.045028,4.261,6.90,0.039225,-0.091019,-0.003178,-0.013859,-0.045,0.072,0.018750,-0.006000,0.000000,0.037500,0.000000,-0.091768,1,1.13,0.767,-45.323,1.918,-2.660521
0.798000,0.046,0.108218,0.045109,4.261,6.90,0.039341,-0.091267,-0.003248,-0.013702,-0.045,0.072,0.018750,-0.006000,0.000000,0.037500,0.000000,-0.091768,1,1.13,0.769,-45.319,1.918,-2.660423
0.800000,0.046,0.092365,0.037183,4.261,6.90,0.039456,-0.091515,0.000000,-0.000851,0.000,0.062,0.018750,-0.006000,0.000000,0.037500,0.000000,-0.091768,1,1.13,0.771,-45.316,1.918,-2.660323
0.802000,0.046,0.095904,0.038952,4.261,6.90,0.039411,-0.091729,-0.000030,-0.004144,0.000,0.064,0.018750,-0.006000,0.000000,0.037500,0.000000,-0.091768,1,1.13,0.773,-45.313,1.918,-2.660197
0.804000,0.046,0.101506,0.041753,4.261,6.90,0.039402,-0.091949,-0.000049,-0.009508,0.000,0.068,0.018750,-0.006000,0.000000,0.037500,0.000000,-0.091768,1,1.13,0.774,-45.309,1.918,-2.660074
0.806000,0.046,0.103281,0.042640,4.261,6.90,0.039449,-0.092179,-0.000121,-0.010981,0.000,0.069,0.018750,-0.006000,0.000000,0.037500,0.000000,-0.091768,1,1.13,0.776,-45.306,1.918,-2.659962
0.808000,0.046,0.105429,0.043715,4.261,6.90,0.039512,-0.092412,-0.000179,-0.012838,-0.046,0.070,0.018750,-0.006000,0.000000,0.037500,0.000000,-0.091768,1,1.13,0.778,-45.303,1.918,-2.659853
0.810000,0.046,0.108775,0.045388,4.261,6.90,0.039596,-0.092649,-0.000207,-0.015920,-0.046,0.073,0.018750,-0.006000,0.000000,0.037500,0.000000,-0.091768,1,1.13,0.780,-45.299,1.918,-2.659747
0.812000,0.046,0.111226,0.046613,4.261,6.90,0.039712,-0.092891,-0.000227,-0.018109,-0.046,0.074,0.018750,-0.006000,0.000000,0.037500,0.000000,-0.091768,1,1.13,0.782,-45.296,1.918,-2.659647
0.814000,0.047,0.107849,0.044925,4.261,6.90,0.039850,-0.093136,-0.000295,-0.014418,-0.046,0.072,0.018750,-0.006000,0.000000,0.037500,0.000000,-0.091768,1,1.13,0.784,-45.293,1.918,-2.659551
0.816000,0.047,0.108431,0.045216,4.261,6.90,0.039952,-0.093373,-0.000358,-0.014699,-0.046,0.072,0.018750,-0.006000,0.000000,0.037500,0.000000,-0.091768,1,1.13,0.786,-45.289,1.918,-2.659448
0.818000,0.047,0.107579,0.044789,4.261,6.90,0.040057,-0.093609,-0.000935,-0.013034,-0.046,0.072,0.018750,-0.006000,0.000000,0.037500,0.000000,-0.091768,1,1.13,0.788,-45.286,1.918,-2.659346
0.820000,0.047,0.105244,0.043622,4.261,6.90,0.040152,-0.093843,-0.001021,-0.010380,-0.046,0.070,0.017188,-0.006000,0.000000,0.034375,0.000000,-0.084121,1,1.14,0.789,-45.283,1.918,-2.659241
0.822000,0.047,0.102255,0.042127,4.261,6.90,0.040221,-0.094070,-0.001069,-0.007116,-0.047,0.068,0.017188,-0.006000,0.000000,0.034375,0.000000,-0.084121,1,1.14,0.791,-45.279,1.918,-2.659131
0.824000,0.047,0.102429,0.042214,4.261,6.90,0.040259,-0.094290,-0.001135,-0.007004,-0.047,0.068,0.017188,-0.006000,0.000000,0.034375,0.000000,-0.084121,1,1.14,0.793,-45.276,1.918,-2.659016
0.826000,0.047,0.104817,0.043408,4.261,6.90,0.040298,-0.094508,-0.001162,-0.009147,-0.047,0.070,0.017188,-0.006000,0.000000,0.034375,0.000000,-0.084121,1,1.14,0.795,-45.272,1.918,-2.658900
0.828000,0.047,0.106386,0.044193,4.261,6.90,0.040361,-0.094731,-0.001234,-0.010421,-0.047,0.071,0.017188,-0.006000,0.000000,0.034375,0.000000,-0.084121,1,1.14,0.797,-45.269,1.918,-2.658788
0.830000,0.047,0.108320,0.045160,4.261,6.90,0.040437,-0.094956,-0.001270,-0.012094,-0.047,0.072,0.017188,-0.006000,0.000000,0.034375,0.000000,-0.084121,1,1.14,0.799,-45.266,1.918,-2.658679
0.832000,0.048,0.108373,0.045187,4.261,6.90,0.040532,-0.095183,-0.001324,-0.011866,-0.047,0.072,0.017188,-0.006000,0.000000,0.034375,0.000000,-0.084121,1,1.14,0.801,-45.262,1.918,-2.658573
0.834000,0.048,0.108903,0.045451,4.261,6.90,0.040625,-0.095410,-0.001384,-0.012109,-0.047,0.073,0.017188,-0.006000,0.000000,0.034375,0.000000,-0.084121,1,1.14,0.803,-45.259,1.918,-2.658466
0.836000,0.048,0.107424,0.044712,4.261,6.90,0.040721,-0.095636,-0.001435,-0.010353,-0.047,0.072,0.017188,-0.006000,0.000000,0.034375,0.000000,-0.084121,1,1.14,0.805,-45.256,1.918,-2.658360
0.838000,0.048,0.111725,0.046863,4.261,6.90,0.040801,-0.095857,-0.001454,-0.014414,-0.047,0.074,0.017188,-0.006000,0.000000,0.034375,0.000000,-0.084121,1,1.14,0.806,-45.252,1.918,-2.658250
0.840000,0.048,0.110212,0.046106,4.261,6.90,0.040922,-0.096086,-0.001553,-0.012573,-0.048,0.073,0.017188,-0.006000,0.000000,0.034375,0.000000,-0.084121,1,1.14,0.808,-45.249,1.918,-2.658148
0.842000,0.048,0.112215,0.047108,4.261,6.90,0.041026,-0.096311,-0.001582,-0.014322,-0.048,0.075,0.017188,-0.006000,0.000000,0.034375,0.000000,-0.084121,1,1.14,0.810,-45.246,1.918,-2.658042
0.844000,0.048,0.112291,0.047145,4.261,6.90,0.041148,-0.096538,-0.001651,-0.014101,-0.048,0.075,0.017188,-0.006000,0.000000,0.034375,0.000000,-0.084121,1,1.14,0.812,-45.242,1.918,-2.657939
0.846000,0.048,0.115652,0.048826,4.261,6.90,0.041268,-0.096764,-0.001672,-0.017216,-0.048,0.077,0.017188,-0.006000,0.000000,0.034375,0.000000,-0.084121,1,1.14,0.814,-45.239,1.918,-2.657835
0.848000,0.048,0.111776,0.046888,4.261,6.90,0.041419,-0.096995,-0.001756,-0.013025,-0.048,0.075,0.017188,-0.006000,0.000000,0.034375,0.000000,-0.084121,1,1.14,0.816,-45.236,1.918,-2.657737
0.850000,0.049,0.115077,0.048539,4.261,6.90,0.041528,-0.097217,-0.001782,-0.016079,-0.048,0.077,0.017188,-0.006000,0.000000,0.034375,0.000000,-0.084121,1,1.14,0.818,-45.232,1.918,-2.657631
0.852000,0.049,0.113811,0.047905,4.261,6.90,0.041668,-0.097443,-0.001832,-0.014536,-0.048,0.076,0.017188,-0.006000,0.000000,0.034375,0.000000,-0.084121,1,1.14,0.820,-45.229,1.918,-2.657530
0.854000,0.049,0.114636,0.048318,4.261,6.90,0.041793,-0.097666,-0.001883,-0.015087,-0.048,0.076,0.017188,-0.006000,0.000000,0.034375,0.000000,-0.084121,1,1.14,0.821,-45.226,1.918,-2.657426
0.856000,0.049,0.110912,0.046456,4.261,6.90,0.041924,-0.097888,-0.001972,-0.011052,-0.048,0.074,0.017188,-0.006000,0.000000,0.034375,0.000000,-0.084121,1,1.14,0.823,-45.222,1.918,-2.657322
0.858000,0.049,0.112814,0.047407,4.261,6.90,0.042014,-0.098102,-0.002007,-0.012704,-0.049,0.075,0.017188,-0.006000,0.000000,0.034375,0.000000,-0.084121,1,1.14,0.825,-45.219,1.918,-2.657211
0.860000,0.049,0.113992,0.047996,4.261,6.90,0.042122,-0.098318,-0.002028,-0.013646,-0.049,0.076,0.017188,-0.006000,0.000000,0.034375,0.000000,-0.084121,1,1.14,0.827,-45.216,1.918,-2.657103
0.862000,0.049,0.113445,0.047723,4.261,6.90,0.042240,-0.098536,-0.002107,-0.012802,-0.049,0.076,0.017188,-0.006000,0.000000,0.034375,0.000000,-0.084121,1,1.14,0.829,-45.212,1.918,-2.656996
0.864000,0.049,0.112783,0.047391,4.261,6.90,0.042349,-0.098751,-0.002198,-0.011834,-0.049,0.075,0.017188,-0.006000,0.000000,0.034375,0.000000,-0.084121,1,1.14,0.831,-45.209,1.918,-2.656887
0.866000,0.049,0.113649,0.047824,4.261,6.90,0.042450,-0.098963,-0.002256,-0.012430,-0.049,0.076,0.017188,-0.006000,0.000000,0.034375,0.000000,-0.084121,1,1.14,0.833,-45.206,1.918,-2.656776
0.868000,0.050,0.112907,0.047453,4.261,6.90,0.042558,-0.099175,-0.002309,-0.011422,-0.049,0.075,0.017188,-0.006000,0.000000,0.034375,0.000000,-0.084121,1,1.14,0.835,-45.202,1.918,-2.656667
0.870000,0.050,0.108790,0.045395,4.261,6.90,0.042655,-0.099386,-0.002917,-0.006488,-0.049,0.073,0.017188,-0.006000,0.000000,0.034375,0.000000,-0.084121,1,1.14,0.837,-45.199,1.918,-2.656555
0.872000,0.050,0.108647,0.045324,4.261,6.90,0.042710,-0.099587,-0.003029,-0.006032,-0.049,0.072,0.017188,-0.006000,0.000000,0.034375,0.000000,-0.084121,1,1.14,0.838,-45.196,1.918,-2.656435
0.874000,0.050,0.109843,0.045922,4.261,6.90,0.042763,-0.099786,-0.003076,-0.006981,-0.049,0.073,0.017188,-0.006000,0.000000,0.034375,0.000000,-0.084121,1,1.14,0.840,-45.192,1.918,-2.656315
0.876000,0.050,0.112588,0.047294,4.261,6.90,0.042826,-0.099987,-0.003099,-0.009503,-0.050,0.075,0.017188,-0.006000,0.000000,0.034375,0.000000,-0.084121,1,1.14,0.842,-45.189,1.918,-2.656196
0.878000,0.050,0.112650,0.047325,4.261,6.90,0.042915,-0.100192,-0.003157,-0.009301,-0.050,0.075,0.017188,-0.006000,0.000000,0.034375,0.000000,-0.084121,1,1.14,0.844,-45.186,1.918,-2.656082
0.880000,0.050,0.113598,0.047799,4.261,6.90,0.043003,-0.100397,-0.003288,-0.009913,-0.050,0.076,0.015625,-0.006000,0.000000,0.031250,0.000000,-0.076474,1,1.14,0.846,-45.182,1.918,-2.655967
0.882000,0.050,0.114392,0.048196,4.261,6.90,0.043099,-0.100603,-0.003361,-0.010428,-0.050,0.076,0.015625,-0.006000,0.000000,0.031250,0.000000,-0.076474,1,1.14,0.848,-45.179,1.918,-2.655854
0.884000,0.050,0.115767,0.048884,4.261,6.90,0.043201,-0.100809,-0.003393,-0.011565,-0.050,0.077,0.015625,-0.006000,0.000000,0.031250,0.000000,-0.076474,1,1.14,0.850,-45.176,1.918,-2.655741
0.886000,0.051,0.113928,0.047964,4.261,6.90,0.043315,-0.101017,-0.003440,-0.009472,-0.050,0.076,0.015625,-0.006000,0.000000,0.031250,0.000000,-0.076474,1,1.14,0.852,-45.172,1.918,-2.655630
0.888000,0.051,0.113964,0.047982,4.261,6.90,0.043408,-0.101220,-0.003506,-0.009237,-0.050,0.076,0.015625,-0.006000,0.000000,0.031250,0.000000,-0.076474,1,1.14,0.854,-45.169,1.918,-2.655515
0.890000,0.051,0.114834,0.048417,4.261,6.90,0.043499,-0.101422,-0.003581,-0.009832,-0.050,0.077,0.015625,-0.006000,0.000000,0.031250,0.000000,-0.076474,1,1.14,0.855,-45.166,1.918,-2.655400
0.892000,0.051,0.116250,0.049125,4.261,6.90,0.043598,-0.101624,-0.003620,-0.011006,-0.050,0.078,0.015625,-0.006000,0.000000,0.031250,0.000000,-0.076474,1,1.14,0.857,-45.162,1.918,-2.655285
0.894000,0.051,0.114383,0.048191,4.261,6.90,0.043708,-0.101828,-0.003716,-0.008838,-0.051,0.076,0.015625,-0.006000,0.000000,0.031250,0.000000,-0.076474,1,1.14,0.859,-45.159,1.918,-2.655173
0.896000,0.051,0.113953,0.047977,4.261,6.90,0.043798,-0.102028,-0.003782,-0.008144,-0.051,0.076,0.015625,-0.006000,0.000000,0.031250,0.000000,-0.076474,1,1.14,0.861,-45.156,1.918,-2.655056
0.898000,0.051,0.114324,0.048162,4.261,6.90,0.043881,-0.102225,-0.003843,-0.008255,-0.051,0.076,0.015625,-0.006000,0.000000,0.031250,0.000000,-0.076474,1,1.14,0.863,-45.152,1.918,-2.654938
0.900000,0.051,0.103308,0.042654,4.261,6.90,0.043967,-0.102422,0.000000,-0.000886,0.000,0.069,0.015625,-0.006000,0.000000,0.031250,0.000000,-0.076474,1,1.14,0.865,-45.149,1.918,-2.654820
0.902000,0.051,0.104965,0.043482,4.261,6.90,0.043941,-0.102598,-0.000063,-0.002303,0.000,0.070,0.015625,-0.006000,0.000000,0.031250,0.000000,-0.076474,1,1.14,0.867,-45.145,1.918,-2.654683
0.904000,0.051,0.107054,0.044527,4.261,6.90,0.043932,-0.102775,-0.000112,-0.004166,0.000,0.071,0.015625,-0.006000,0.000000,0.031250,0.000000,-0.076474,1,1.14,0.869,-45.142,1.918,-2.654547
0.906000,0.051,0.108948,0.045474,4.261,6.90,0.043944,-0.102956,-0.000169,-0.005823,0.000,0.073,0.015625,-0.006000,0.000000,0.031250,0.000000,-0.076474,1,1.14,0.871,-45.139,1.918,-2.654416
0.908000,0.052,0.110953,0.046476,4.261,6.90,0.043974,-0.103141,-0.000223,-0.007589,-0.051,0.074,0.015625,-0.006000,0.000000,0.031250,0.000000,-0.076474,1,1.14,0.872,-45.135,1.918,-2.654287
0.910000,0.052,0.114989,0.048495,4.261,6.90,0.044024,-0.103329,-0.000243,-0.011416,-0.051,0.077,0.015625,-0.006000,0.000000,0.031250,0.000000,-0.076474,1,1.14,0.874,-45.132,1.918,-2.654162
0.912000,0.052,0.114805,0.048402,4.261,6.90,0.044114,-0.103525,-0.000352,-0.010928,-0.051,0.077,0.015625,-0.006000,0.000000,0.031250,0.000000,-0.076474,1,1.14,0.876,-45.129,1.918,-2.654044
0.914000,0.052,0.116601,0.049301,4.261,6.90,0.044199,-0.103719,-0.000382,-0.012501,-0.051,0.078,0.015625,-0.006000,0.000000,0.031250,0.000000,-0.076474,1,1.14,0.878,-45.125,1.918,-2.653926
0.916000,0.052,0.116530,0.049265,4.261,6.90,0.044301,-0.103916,-0.000460,-0.012154,-0.052,0.078,0.015625,-0.006000,0.000000,0.031250,0.000000,-0.076474,1,1.14,0.880,-45.122,1.918,-2.653810
0.918000,0.052,0.117667,0.049834,4.261,6.90,0.044401,-0.104112,-0.000498,-0.013057,-0.052,0.078,0.015625,-0.006000,0.000000,0.031250,0.000000,-0.076474,1,1.14,0.882,-45.119,1.918,-2.653693
0.920000,0.052,0.113953,0.047976,4.261,6.90,0.044509,-0.104309,-0.001139,-0.008504,-0.052,0.076,0.015625,-0.006000,0.000000,0.031250,0.000000,-0.076474,1,1.14,0.884,-45.115,1.918,-2.653578
0.922000,0.052,0.114784,0.048392,4.261,6.90,0.044579,-0.104498,-0.001205,-0.009081,-0.052,0.077,0.015625,-0.006000,0.000000,0.031250,0.000000,-0.076474,1,1.14,0.886,-45.112,1.918,-2.653456
0.924000,0.052,0.114799,0.048399,4.261,6.90,0.044655,-0.104687,-0.001235,-0.008876,-0.052,0.077,0.015625,-0.006000,0.000000,0.031250,0.000000,-0.076474,1,1.14,0.888,-45.109,1.918,-2.653334
0.926000,0.052,0.115088,0.048544,4.261,6.90,0.044730,-0.104876,-0.001309,-0.008903,-0.052,0.077,0.015625,-0.006000,0.000000,0.031250,0.000000,-0.076474,1,1.14,0.890,-45.105,1.918,-2.653212
0.928000,0.053,0.114884,0.048442,4.261,6.90,0.044806,-0.105064,-0.001354,-0.008466,-0.052,0.077,0.015625,-0.006000,0.000000,0.031250,0.000000,-0.076474,1,1.14,0.891,-45.102,1.918,-2.653090
0.930000,0.053,0.116213,0.049107,4.261,6.90,0.044879,-0.105251,-0.001434,-0.009527,-0.052,0.077,0.015625,-0.006000,0.000000,0.031250,0.000000,-0.076474,1,1.14,0.893,-45.099,1.918,-2.652967
0.932000,0.053,0.117378,0.049689,4.261,6.90,0.044963,-0.105440,-0.001475,-0.010463,-0.052,0.078,0.015625,-0.006000,0.000000,0.031250,0.000000,-0.076474,1,1.14,0.895,-45.095,1.918,-2.652846
0.934000,0.053,0.118590,0.050295,4.261,6.90,0.045058,-0.105630,-0.001499,-0.011461,-0.052,0.079,0.015625,-0.006000,0.000000,0.031250,0.000000,-0.076474,1,1.14,0.897,-45.092,1.918,-2.652726
0.936000,0.053,0.118887,0.050444,4.261,6.90,0.045163,-0.105822,-0.001573,-0.011492,-0.053,0.079,0.015625,-0.006000,0.000000,0.031250,0.000000,-0.076474,1,1.14,0.899,-45.089,1.918,-2.652608
0.938000,0.053,0.118792,0.050396,4.261,6.90,0.045268,-0.106013,-0.001626,-0.011152,-0.053,0.079,0.015625,-0.006000,0.000000,0.031250,0.000000,-0.076474,1,1.14,0.901,-45.085,1.917,-2.652490
0.940000,0.053,0.122577,0.052289,4.261,6.90,0.045371,-0.106204,-0.001647,-0.014726,-0.053,0.082,0.015625,-0.006000,0.000000,0.031250,0.000000,-0.076474,1,1.14,0.903,-45.082,1.917,-2.652371
0.942000,0.053,0.121925,0.051962,4.261,6.90,0.045509,-0.106400,-0.001716,-0.013809,-0.053,0.081,0.015625,-0.006000,0.000000,0.031250,0.000000,-0.076474,1,1.14,0.905,-45.079,1.917,-2.652258
0.944000,0.053,0.119887,0.050943,4.261,6.90,0.045638,-0.106594,-0.001769,-0.011523,-0.053,0.080,0.015625,-0.006000,0.000000,0.031250,0.000000,-0.076474,1,1.14,0.907,-45.075,1.917,-2.652143
0.946000,0.053,0.122864,0.052432,4.261,6.90,0.045744,-0.106783,-0.001794,-0.014287,-0.053,0.082,0.015625,-0.006000,0.000000,0.031250,0.000000,-0.076474,1,1.14,0.909,-45.072,1.917,-2.652024
0.948000,0.053,0.122572,0.052286,4.261,6.90,0.045878,-0.106977,-0.001871,-0.013724,-0.053,0.082,0.015625,-0.006000,0.000000,0.031250,0.000000,-0.076474,1,1.14,0.910,-45.069,1.917,-2.651909
0.950000,0.054,0.120418,0.051209,4.261,6.90,0.046006,-0.107169,-0.001914,-0.011335,-0.053,0.080,0.015625,-0.006000,0.000000,0.031250,0.000000,-0.076474,1,1.14,0.912,-45.065,1.917,-2.651793
0.952000,0.054,0.120864,0.051432,4.261,6.90,0.046110,-0.107356,-0.001972,-0.011536,-0.053,0.081,0.015625,-0.006000,0.000000,0.031250,0.000000,-0.076474,1,1.14,0.914,-45.062,1.917,-2.651672
0.954000,0.054,0.120746,0.051373,4.261,6.90,0.046217,-0.107542,-0.002036,-0.011168,-0.053,0.080,0.015625,-0.006000,0.000000,0.031250,0.000000,-0.076474,1,1.14,0.916,-45.059,1.917,-2.651551
0.956000,0.054,0.118651,0.050325,4.261,6.90,0.046320,-0.107728,-0.002092,-0.008831,-0.053,0.079,0.015625,-0.006000,0.000000,0.031250,0.000000,-0.076474,1,1.14,0.918,-45.055,1.917,-2.651430
0.958000,0.054,0.122083,0.052041,4.261,6.90,0.046400,-0.107908,-0.002113,-0.012061,-0.054,0.081,0.015625,-0.006000,0.000000,0.031250,0.000000,-0.076474,1,1.14,0.920,-45.052,1.917,-2.651304
0.960000,0.054,0.120896,0.051448,4.261,6.90,0.046513,-0.108095,-0.002222,-0.010580,-0.054,0.081,0.015625,-0.006000,0.000000,0.031250,0.000000,-0.076474,1,1.14,0.922,-45.049,1.917,-2.651183
0.962000,0.054,0.122603,0.052302,4.261,6.90,0.046611,-0.108278,-0.002253,-0.012072,-0.054,0.082,0.015625,-0.006000,0.000000,0.031250,0.000000,-0.076474,1,1.14,0.924,-45.045,1.917,-2.651060
0.964000,0.054,0.123303,0.052651,4.261,6.90,0.046725,-0.108464,-0.002302,-0.012537,-0.054,0.082,0.015625,-0.006000,0.000000,0.031250,0.000000,-0.076474,1,1.14,0.926,-45.042,1.917,-2.650939
0.966000,0.054,0.123260,0.052630,4.261,6.90,0.046844,-0.108650,-0.002370,-0.012240,-0.054,0.082,0.015625,-0.006000,0.000000,0.031250,0.000000,-0.076474,1,1.14,0.928,-45.039,1.917,-2.650818
0.968000,0.054,0.120299,0.051150,4.261,6.90,0.046959,-0.108836,-0.002445,-0.009019,-0.054,0.080,0.015625,-0.006000,0.000000,0.031250,0.000000,-0.076474,1,1.14,0.929,-45.035,1.917,-2.650697
0.970000,0.055,0.123215,0.052608,4.261,6.90,0.047043,-0.109015,-0.002472,-0.011729,-0.054,0.082,0.015625,-0.006000,0.000000,0.031250,0.000000,-0.076474,1,1.14,0.931,-45.032,1.917,-2.650570
0.972000,0.055,0.120986,0.051493,4.261,6.90,0.047155,-0.109198,-0.003123,-0.008665,-0.054,0.081,0.015625,-0.006000,0.000000,0.031250,0.000000,-0.076474,1,1.14,0.933,-45.029,1.917,-2.650447
0.974000,0.055,0.120797,0.051398,4.261,6.90,0.047241,-0.109377,-0.003183,-0.008237,-0.054,0.081,0.015625,-0.006000,0.000000,0.031250,0.000000,-0.076474,1,1.14,0.935,-45.025,1.917,-2.650319
0.976000,0.055,0.120508,0.051254,4.261,6.90,0.047324,-0.109554,-0.003288,-0.007666,-0.054,0.080,0.015625,-0.006000,0.000000,0.031250,0.000000,-0.076474,1,1.14,0.937,-45.022,1.917,-2.650191
0.978000,0.055,0.120794,0.051397,4.261,6.90,0.047403,-0.109731,-0.003359,-0.007705,-0.055,0.081,0.015625,-0.006000,0.000000,0.031250,0.000000,-0.076474,1,1.14,0.939,-45.019,1.917,-2.650061
0.980000,0.055,0.119016,0.050508,4.261,6.90,0.047483,-0.109907,-0.003418,-0.005690,-0.055,0.079,0.015625,-0.006000,0.000000,0.031250,0.000000,-0.076474,1,1.14,0.941,-45.015,1.917,-2.649932
0.982000,0.055,0.120303,0.051152,4.261,6.90,0.047543,-0.110079,-0.003498,-0.006726,-0.055,0.080,0.015625,-0.006000,0.000000,0.031250,0.000000,-0.076474,1,1.14,0.943,-45.012,1.917,-2.649799
0.984000,0.055,0.120656,0.051328,4.261,6.90,0.047616,-0.110253,-0.003553,-0.006849,-0.055,0.080,0.015625,-0.006000,0.000000,0.031250,0.000000,-0.076474,1,1.14,0.945,-45.009,1.917,-2.649668
0.986000,0.055,0.123685,0.052843,4.261,6.90,0.047690,-0.110428,-0.003579,-0.009678,-0.055,0.082,0.015625,-0.006000,0.000000,0.031250,0.000000,-0.076474,1,1.14,0.947,-45.006,1.917,-2.649536
0.988000,0.055,0.123704,0.052852,4.261,6.90,0.047793,-0.110607,-0.003667,-0.009430,-0.055,0.082,0.015625,-0.006000,0.000000,0.031250,0.000000,-0.076474,1,1.14,0.949,-45.002,1.917,-2.649410
0.990000,0.055,0.124966,0.053483,4.261,6.90,0.047894,-0.110786,-0.003704,-0.010475,-0.055,0.083,0.015625,-0.006000,0.000000,0.031250,0.000000,-0.076474,1,1.14,0.950,-44.999,1.917,-2.649283
0.992000,0.055,0.125349,0.053675,4.261,6.90,0.048006,-0.110967,-0.003780,-0.010602,-0.055,0.084,0.015625,-0.006000,0.000000,0.031250,0.000000,-0.076474,1,1.14,0.952,-44.996,1.917,-2.649158
0.994000,0.056,0.126686,0.054343,4.261,6.90,0.048119,-0.111148,-0.003816,-0.011723,-0.055,0.084,0.015625,-0.006000,0.000000,0.031250,0.000000,-0.076474,1,1.14,0.954,-44.992,1.917,-2.649033
0.996000,0.056,0.124413,0.053206,4.261,6.90,0.048244,-0.111330,-0.003899,-0.009184,-0.055,0.083,0.015625,-0.006000,0.000000,0.031250,0.000000,-0.076474,1,1.14,0.956,-44.989,1.917,-2.648909
0.998000,0.056,0.125792,0.053896,4.261,6.90,0.048343,-0.111507,-0.003942,-0.010343,-0.055,0.084,0.015625,-0.006000,0.000000,0.031250,0.000000,-0.076474,1,1.14,0.958,-44.986,1.917,-2.648781
1.000000,0.056,0.112593,0.047296,4.261,6.90,0.048454,-0.111686,0.000000,-0.000907,0.000,0.075,0.015625,-0.006000,0.000000,0.031250,0.000000,-0.076474,1,1.14,0.960,-44.982,1.917,-2.648654
1.002000,0.056,0.114101,0.048051,4.261,6.90,0.048431,-0.111840,-0.000067,-0.002195,0.000,0.076,0.015625,-0.006000,0.000000,0.031250,0.000000,-0.076474,1,1.14,0.962,-44.979,1.917,-2.648504
1.004000,0.056,0.115424,0.048712,4.261,6.90,0.048423,-0.111996,-0.000147,-0.003281,0.000,0.077,0.015625,-0.006000,0.000000,0.031250,0.000000,-0.076474,1,1.14,0.964,-44.976,1.917,-2.648355
1.006000,0.056,0.116971,0.049486,4.261,6.90,0.048429,-0.112154,-0.000214,-0.004603,0.000,0.078,0.015625,-0.006000,0.000000,0.031250,0.000000,-0.076474,1,1.14,0.966,-44.972,1.917,-2.648209
1.008000,0.056,0.118701,0.050350,4.261,6.90,0.048450,-0.112315,-0.000275,-0.006111,-0.056,0.079,0.015625,-0.006000,0.000000,0.031250,0.000000,-0.076474,1,1.14,0.968,-44.969,1.918,-2.648066
1.010000,0.056,0.121651,0.051825,4.261,6.90,0.048488,-0.112480,-0.000300,-0.008871,-0.056,0.081,0.015625,-0.006000,0.000000,0.031250,0.000000,-0.076474,1,1.14,0.970,-44.966,1.918,-2.647925
1.012000,0.056,0.122245,0.052122,4.261,6.90,0.048555,-0.112650,-0.000358,-0.009237,-0.056,0.081,0.015625,-0.006000,0.000000,0.031250,0.000000,-0.076474,1,1.14,0.971,-44.962,1.918,-2.647790
1.014000,0.056,0.122496,0.052248,4.261,6.90,0.048626,-0.112821,-0.000447,-0.009228,-0.056,0.082,0.015625,-0.006000,0.000000,0.031250,0.000000,-0.076474,1,1.14,0.973,-44.959,1.918,-2.647655
1.016000,0.056,0.122332,0.052166,4.261,6.90,0.048699,-0.112992,-0.000557,-0.008783,-0.056,0.082,0.015625,-0.006000,0.000000,0.031250,0.000000,-0.076474,1,1.14,0.975,-44.956,1.918,-2.647521
1.018000,0.057,0.124001,0.053000,4.261,6.90,0.048768,-0.113162,-0.000590,-0.010249,-0.056,0.083,0.015625,-0.006000,0.000000,0.031250,0.000000,-0.076474,1,1.14,0.977,-44.952,1.918,-2.647386
1.020000,0.057,0.122128,0.052064,4.261,6.90,0.048853,-0.113335,-0.000652,-0.008141,-0.056,0.081,0.015625,-0.006000,0.000000,0.031250,0.000000,-0.076474,1,1.14,0.979,-44.949,1.918,-2.647253
1.022000,0.057,0.121470,0.051735,4.261,6.90,0.048917,-0.113504,-0.001340,-0.006626,-0.056,0.081,0.015625,-0.006000,0.000000,0.031250,0.000000,-0.076474,1,1.14,0.981,-44.946,1.917,-2.647116
1.024000,0.057,0.121413,0.051707,4.261,6.90,0.048973,-0.113671,-0.001472,-0.006271,-0.056,0.081,0.015625,-0.006000,0.000000,0.031250,0.000000,-0.076474,1,1.14,0.983,-44.942,1.917,-2.646978
1.026000,0.057,0.123235,0.052617,4.261,6.90,0.049028,-0.113837,-0.001510,-0.007888,-0.057,0.082,0.015625,-0.006000,0.000000,0.031250,0.000000,-0.076474,1,1.14,0.985,-44.939,1.917,-2.646839
1.028000,0.057,0.121647,0.051823,4.261,6.90,0.049100,-0.114006,-0.001595,-0.006045,-0.057,0.081,0.015625,-0.006000,0.000000,0.031250,0.000000,-0.076474,1,1.14,0.987,-44.936,1.917,-2.646703
1.030000,0.057,0.121774,0.051887,4.261,6.90,0.049154,-0.114173,-0.001661,-0.005941,-0.057,0.081,0.015625,-0.006000,0.000000,0.031250,0.000000,-0.076474,1,1.14,0.989,-44.932,1.917,-2.646564
1.032000,0.057,0.122615,0.052307,4.261,6.90,0.049209,-0.114338,-0.001801,-0.006475,-0.057,0.082,0.015625,-0.006000,0.000000,0.031250,0.000000,-0.076474,1,1.14,0.991,-44.929,1.917,-2.646425
1.034000,0.057,0.124769,0.053385,4.261,6.90,0.049271,-0.114506,-0.001837,-0.008427,-0.057,0.083,0.015625,-0.006000,0.000000,0.031250,0.000000,-0.076474,1,1.14,0.993,-44.926,1.917,-2.646287
1.036000,0.057,0.123588,0.052794,4.261,6.90,0.049353,-0.114676,-0.001930,-0.006981,-0.057,0.082,0.015625,-0.006000,0.000000,0.031250,0.000000,-0.076474,1,1.14,0.995,-44.922,1.917,-2.646152
1.038000,0.057,0.124652,0.053326,4.261,6.90,0.049422,-0.114844,-0.001979,-0.007829,-0.057,0.083,0.015625,-0.006000,0.000000,0.031250,0.000000,-0.076474,1,1.14,0.996,-44.919,1.917,-2.646014
1.040000,0.058,0.125077,0.053539,4.261,6.90,0.049500,-0.115014,-0.002038,-0.008025,-0.057,0.083,0.015625,-0.006000,0.000000,0.031250,0.000000,-0.076474,1,1.14,0.998,-44.916,1.917,-2.645879
1.042000,0.058,0.126964,0.054482,4.261,6.90,0.049581,-0.115184,-0.002080,-0.009700,-0.057,0.085,0.015625,-0.006000,0.000000,0.031250,0.000000,-0.076474,1,1.14,1.000,-44.912,1.917,-2.645743
1.044000,0.058,0.125586,0.053793,4.261,6.90,0.049679,-0.115356,-0.002177,-0.008053,-0.057,0.084,0.015625,-0.006000,0.000000,0.031250,0.000000,-0.076474,1,1.14,1.002,-44.909,1.917,-2.645610
1.046000,0.058,0.127100,0.054550,4.261,6.90,0.049761,-0.115526,-0.002219,-0.009355,-0.057,0.085,0.015625,-0.006000,0.000000,0.031250,0.000000,-0.076474,1,1.14,1.004,-44.906,1.917,-2.645474
1.048000,0.058,0.126926,0.054463,4.261,6.90,0.049857,-0.115698,-0.002282,-0.008945,-0.058,0.085,0.015625,-0.006000,0.000000,0.031250,0.000000,-0.076474,1,1.14,1.006,-44.903,1.917,-2.645340
1.050000,0.058,0.127032,0.054516,4.261,6.90,0.049949,-0.115869,-0.002347,-0.008815,-0.058,0.085,0.015625,-0.006000,0.000000,0.031250,0.000000,-0.076474,1,1.14,1.008,-44.899,1.917,-2.645206
1.052000,0.058,0.126204,0.054102,4.261,6.90,0.050040,-0.116040,-0.002425,-0.007739,-0.058,0.084,0.015625,-0.006000,0.000000,0.031250,0.000000,-0.076474,1,1.14,1.010,-44.896,1.917,-2.645071
1.054000,0.058,0.126833,0.054416,4.261,6.90,0.050121,-0.116208,-0.002494,-0.008130,-0.058,0.085,0.015625,-0.006000,0.000000,0.031250,0.000000,-0.076474,1,1.14,1.012,-44.893,1.917,-2.644933
1.056000,0.058,0.126202,0.054101,4.261,6.90,0.050207,-0.116377,-0.002561,-0.007264,-0.058,0.084,0.015625,-0.006000,0.000000,0.031250,0.000000,-0.076474,1,1.14,1.014,-44.889,1.917,-2.644797
1.058000,0.058,0.127642,0.054821,4.261,6.90,0.050285,-0.116545,-0.002595,-0.008502,-0.058,0.085,0.015625,-0.006000,0.000000,0.031250,0.000000,-0.076474,1,1.14,1.016,-44.886,1.917,-2.644659
1.060000,0.058,0.127118,0.054559,4.261,6.90,0.050376,-0.116715,-0.002741,-0.007663,-0.058,0.085,0.015625,-0.006000,0.000000,0.031250,0.000000,-0.076474,1,1.14,1.018,-44.883,1.917,-2.644522
1.062000,0.058,0.127387,0.054694,4.261,6.90,0.050460,-0.116883,-0.002816,-0.007688,-0.058,0.085,0.015625,-0.006000,0.000000,0.031250,0.000000,-0.076474,1,1.14,1.020,-44.879,1.917,-2.644384
1.064000,0.059,0.128089,0.055044,4.261,6.90,0.050544,-0.117051,-0.002868,-0.008170,-0.058,0.085,0.015625,-0.006000,0.000000,0.031250,0.000000,-0.076474,1,1.14,1.021,-44.876,1.917,-2.644247
1.066000,0.059,0.128422,0.055211,4.261,6.90,0.050634,-0.117220,-0.002931,-0.008271,-0.058,0.086,0.015625,-0.006000,0.000000,0.031250,0.000000,-0.076474,1,1.14,1.023,-44.873,1.917,-2.644109
1.068000,0.059,0.127442,0.054721,4.261,6.90,0.050726,-0.117389,-0.002993,-0.007060,-0.058,0.085,0.015625,-0.006000,0.000000,0.031250,0.000000,-0.076474,1,1.14,1.025,-44.869,1.917,-2.643972
1.070000,0.059,0.128436,0.055218,4.261,6.90,0.050806,-0.117556,-0.003061,-0.007819,-0.058,0.086,0.015625,-0.006000,0.000000,0.031250,0.000000,-0.076474,1,1.14,1.027,-44.866,1.917,-2.643833
1.072000,0.059,0.128192,0.055096,4.261,6.90,0.050894,-0.117725,-0.003814,-0.006653,-0.059,0.085,0.015625,-0.006000,0.000000,0.031250,0.000000,-0.076474,1,1.14,1.029,-44.863,1.917,-2.643694
1.074000,0.059,0.128527,0.055263,4.261,6.90,0.050978,-0.117892,-0.003863,-0.006772,-0.059,0.086,0.015625,-0.006000,0.000000,0.031250,0.000000,-0.076474,1,1.14,1.031,-44.859,1.917,-2.643555
1.076000,0.059,0.128394,0.055197,4.261,6.90,0.051064,-0.118060,-0.003945,-0.006389,-0.059,0.086,0.015625,-0.006000,0.000000,0.031250,0.000000,-0.076474,1,1.14,1.033,-44.856,1.917,-2.643416
1.078000,0.059,0.129243,0.055622,4.261,6.90,0.051146,-0.118227,-0.003990,-0.007027,-0.059,0.086,0.015625,-0.006000,0.000000,0.031250,0.000000,-0.076474,1,1.14,1.035,-44.853,1.917,-2.643276
1.080000,0.059,0.129166,0.037583,4.141,6.90,0.051236,-0.118394,-0.004080,-0.006692,-0.059,0.086,0.015625,-0.018000,0.000000,0.031250,0.000000,-0.076474,1,1.14,1.037,-44.849,1.917,-2.643137
1.082000,0.059,0.130649,0.038325,4.141,6.86,0.051016,-0.118567,-0.004154,-0.007928,-0.059,0.087,0.015625,-0.018000,0.000000,0.031250,0.000000,-0.076474,1,1.14,1.039,-44.846,1.908,-2.642939
1.084000,0.059,0.132801,0.039401,4.141,6.83,0.050762,-0.118745,-0.004181,-0.009875,-0.059,0.089,0.015625,-0.018000,0.000000,0.031250,0.000000,-0.076474,1,1.14,1.041,-44.843,1.899,-2.642732
1.086000,0.059,0.133173,0.039587,4.141,6.81,0.050535,-0.118925,-0.004262,-0.009986,-0.059,0.089,0.015625,-0.018000,0.000000,0.031250,0.000000,-0.076474,1,1.14,1.043,-44.840,1.892,-2.642536
1.088000,0.060,0.133414,0.039707,4.141,6.79,0.050316,-0.119097,-0.004308,-0.010010,-0.059,0.089,0.015625,-0.018000,0.000000,0.031250,0.000000,-0.076474,1,1.14,1.045,-44.836,1.886,-2.642346
1.090000,0.060,0.134005,0.040003,4.141,6.77,0.050104,-0.119259,-0.004373,-0.010373,-0.059,0.089,0.015625,-0.018000,0.000000,0.031250,0.000000,-0.076474,1,1.14,1.047,-44.833,1.881,-2.642158
1.092000,0.060,0.133887,0.039944,4.141,6.76,0.049902,-0.119412,-0.004464,-0.010011,-0.059,0.089,0.015625,-0.018000,0.000000,0.031250,0.000000,-0.076474,1,1.14,1.048,-44.830,1.877,-2.641972
1.094000,0.060,0.131210,0.038605,4.141,6.75,0.049703,-0.119555,-0.004545,-0.007110,-0.059,0.087,0.015625,-0.018000,0.000000,0.031250,0.000000,-0.076474,1,1.14,1.050,-44.827,1.872,-2.641788
1.096000,0.060,0.131626,0.038813,4.141,6.74,0.049481,-0.119685,-0.004595,-0.007347,-0.060,0.088,0.015625,-0.018000,0.000000,0.031250,0.000000,-0.076474,1,1.14,1.052,-44.824,1.868,-2.641601
1.098000,0.060,0.132343,0.039172,4.141,6.73,0.049267,-0.119807,-0.004621,-0.007915,-0.060,0.088,0.015625,-0.018000,0.000000,0.031250,0.000000,-0.076474,1,1.14,1.054,-44.820,1.864,-2.641416
1.100000,0.060,0.120839,0.033419,4.141,6.73,0.049065,-0.119925,0.000000,-0.000914,0.000,0.081,0.015625,-0.018000,0.000000,0.031250,0.000000,-0.076474,1,1.14,1.056,-44.817,1.861,-2.641234
1.102000,0.060,0.121606,0.033803,4.141,6.73,0.048753,-0.120017,-0.000096,-0.001493,0.000,0.081,0.015625,-0.018000,0.000000,0.031250,0.000000,-0.076474,1,1.14,1.058,-44.814,1.858,-2.641034
1.104000,0.060,0.122265,0.034133,4.141,6.72,0.048454,-0.120107,-0.000214,-0.001944,0.000,0.082,0.015625,-0.018000,0.000000,0.031250,0.000000,-0.076474,1,1.14,1.060,-44.811,1.856,-2.640836
1.106000,0.060,0.123885,0.034943,4.141,6.72,0.048167,-0.120195,-0.000250,-0.003440,0.000,0.083,0.015625,-0.018000,0.000000,0.031250,0.000000,-0.076474,1,1.14,1.062,-44.808,1.855,-2.640640
1.108000,0.060,0.126297,0.036149,4.141,6.72,0.047903,-0.120286,-0.000274,-0.005738,-0.060,0.084,0.015625,-0.018000,0.000000,0.031250,0.000000,-0.076474,1,1.14,1.064,-44.804,1.853,-2.640450
1.110000,0.060,0.126171,0.036085,4.141,6.72,0.047667,-0.120381,-0.000370,-0.005419,-0.060,0.084,0.015625,-0.018000,0.000000,0.031250,0.000000,-0.076474,1,1.14,1.066,-44.801,1.853,-2.640266
1.112000,0.060,0.126172,0.036086,4.141,6.71,0.047436,-0.120477,-0.000585,-0.005109,-0.060,0.084,0.015625,-0.018000,0.000000,0.031250,0.000000,-0.076474,1,1.14,1.067,-44.798,1.852,-2.640084
1.114000,0.060,0.127111,0.036556,4.141,6.71,0.047209,-0.120575,-0.000633,-0.005903,-0.060,0.085,0.015625,-0.018000,0.000000,0.031250,0.000000,-0.076474,1,1.14,1.069,-44.795,1.852,-2.639903
1.116000,0.060,0.126648,0.036324,4.141,6.71,0.046996,-0.120677,-0.000705,-0.005266,-0.060,0.084,0.015625,-0.018000,0.000000,0.031250,0.000000,-0.076474,1,1.14,1.071,-44.792,1.853,-2.639725
1.118000,0.060,0.125475,0.035738,4.141,6.71,0.046782,-0.120782,-0.000771,-0.003923,-0.060,0.084,0.015625,-0.018000,0.000000,0.031250,0.000000,-0.076474,1,1.14,1.073,-44.788,1.853,-2.639548
1.120000,0.060,0.125646,0.035823,4.141,6.71,0.046561,-0.120888,-0.000889,-0.003870,-0.060,0.084,0.015625,-0.018000,0.000000,0.031250,0.000000,-0.076474,1,1.14,1.075,-44.785,1.854,-2.639370
1.122000,0.060,0.126341,0.036170,4.141,6.71,0.046347,-0.120998,-0.001655,-0.003688,-0.060,0.084,0.015625,-0.018000,0.000000,0.031250,0.000000,-0.076474,1,1.14,1.077,-44.782,1.855,-2.639194
1.124000,0.061,0.126451,0.036226,4.141,6.71,0.046143,-0.121114,-0.001714,-0.003623,-0.060,0.084,0.015625,-0.018000,0.000000,0.031250,0.000000,-0.076474,1,1.14,1.079,-44.779,1.856,-2.639020
1.126000,0.061,0.126453,0.036227,4.141,6.71,0.045945,-0.121234,-0.001832,-0.003388,-0.060,0.084,0.015625,-0.018000,0.000000,0.031250,0.000000,-0.076474,1,1.14,1.081,-44.776,1.857,-2.638848
1.128000,0.061,0.127126,0.036563,4.141,6.71,0.045750,-0.121359,-0.001884,-0.003883,-0.060,0.085,0.015625,-0.018000,0.000000,0.031250,0.000000,-0.076474,1,1.14,1.083,-44.772,1.858,-2.638677
1.130000,0.061,0.127860,0.036930,4.141,6.71,0.045567,-0.121490,-0.001958,-0.004413,-0.060,0.085,0.015625,-0.018000,0.000000,0.031250,0.000000,-0.076474,1,1.14,1.085,-44.769,1.859,-2.638508
1.132000,0.061,0.130574,0.038287,4.141,6.71,0.045394,-0.121626,-0.001989,-0.006959,-0.061,0.087,0.015625,-0.018000,0.000000,0.031250,0.000000,-0.076474,1,1.14,1.086,-44.766,1.860,-2.638342
1.134000,0.061,0.130673,0.038336,4.141,6.71,0.045252,-0.121771,-0.002074,-0.006828,-0.061,0.087,0.015625,-0.018000,0.000000,0.031250,0.000000,-0.076474,1,1.14,1.088,-44.763,1.862,-2.638181
1.136000,0.061,0.131979,0.038989,4.141,6.71,0.045113,-0.121921,-0.002126,-0.007932,-0.061,0.088,0.015625,-0.018000,0.000000,0.031250,0.000000,-0.076474,1,1.14,1.090,-44.760,1.863,-2.638022
1.138000,0.061,0.132322,0.039161,4.141,6.71,0.044991,-0.122076,-0.002187,-0.008059,-0.061,0.088,0.015625,-0.018000,0.000000,0.031250,0.000000,-0.076474,1,1.14,1.092,-44.756,1.863,-2.637866
1.140000,0.061,0.132993,0.039497,4.141,6.71,0.044874,-0.122235,-0.002250,-0.008508,-0.061,0.089,0.017188,-0.018000,0.000000,0.034375,0.000000,-0.084121,1,1.14,1.094,-44.753,1.864,-2.637712
1.142000,0.061,0.132367,0.039184,4.141,6.71,0.044767,-0.122398,-0.002306,-0.007663,-0.061,0.088,0.017188,-0.018000,0.000000,0.034375,0.000000,-0.084121,1,1.14,1.096,-44.750,1.865,-2.637559
1.144000,0.061,0.133549,0.039775,4.141,6.71,0.044655,-0.122563,-0.002356,-0.008630,-0.061,0.089,0.017188,-0.018000,0.000000,0.034375,0.000000,-0.084121,1,1.14,1.098,-44.747,1.866,-2.637406
1.146000,0.061,0.133652,0.039826,4.141,6.71,0.044557,-0.122732,-0.002421,-0.008499,-0.061,0.089,0.017188,-0.018000,0.000000,0.034375,0.000000,-0.084121,1,1.14,1.100,-44.743,1.866,-2.637255
1.148000,0.061,0.133408,0.039704,4.141,6.71,0.044463,-0.122903,-0.002520,-0.007986,-0.061,0.089,0.017188,-0.018000,0.000000,0.034375,0.000000,-0.084121,1,1.14,1.102,-44.740,1.866,-2.637106
1.150000,0.062,0.133607,0.039804,4.141,6.71,0.044367,-0.123075,-0.002592,-0.007941,-0.061,0.089,0.017188,-0.018000,0.000000,0.034375,0.000000,-0.084121,1,1.14,1.104,-44.737,1.867,-2.636956
1.152000,0.062,0.133604,0.039802,4.141,6.71,0.044276,-0.123248,-0.002661,-0.007695,-0.061,0.089,0.017188,-0.018000,0.000000,0.034375,0.000000,-0.084121,1,1.14,1.106,-44.734,1.867,-2.636808
1.154000,0.062,0.135439,0.040719,4.141,6.71,0.044187,-0.123423,-0.002691,-0.009325,-0.061,0.090,0.017188,-0.018000,0.000000,0.034375,0.000000,-0.084121,1,1.14,1.107,-44.731,1.867,-2.636660
1.156000,0.062,0.135813,0.040907,4.141,6.71,0.044117,-0.123602,-0.002755,-0.009456,-0.061,0.091,0.017188,-0.018000,0.000000,0.034375,0.000000,-0.084121,1,1.14,1.109,-44.727,1.867,-2.636516
1.158000,0.062,0.136208,0.041104,4.141,6.71,0.044053,-0.123783,-0.002849,-0.009577,-0.062,0.091,0.017188,-0.018000,0.000000,0.034375,0.000000,-0.084121,1,1.14,1.111,-44.724,1.867,-2.636373
1.160000,0.062,0.135844,0.040922,4.141,6.71,0.043994,-0.123964,-0.002992,-0.008888,-0.062,0.091,0.017188,-0.018000,0.000000,0.034375,0.000000,-0.084121,1,1.14,1.113,-44.721,1.866,-2.636231
1.162000,0.062,0.137708,0.041854,4.141,6.71,0.043933,-0.124145,-0.003027,-0.010535,-0.062,0.092,0.017188,-0.018000,0.000000,0.034375,0.000000,-0.084121,1,1.14,1.115,-44.718,1.866,-2.636089
1.164000,0.062,0.135517,0.040758,4.141,6.71,0.043891,-0.124330,-0.003125,-0.008062,-0.062,0.090,0.017188,-0.018000,0.000000,0.034375,0.000000,-0.084121,1,1.14,1.117,-44.715,1.866,-2.635951
1.166000,0.062,0.137245,0.041623,4.141,6.71,0.043828,-0.124511,-0.003160,-0.009575,-0.062,0.091,0.017188,-0.018000,0.000000,0.034375,0.000000,-0.084121,1,1.14,1.119,-44.711,1.866,-2.635809
1.168000,0.062,0.137491,0.041746,4.141,6.71,0.043784,-0.124694,-0.003260,-0.009537,-0.062,0.092,0.017188,-0.018000,0.000000,0.034375,0.000000,-0.084121,1,1.14,1.121,-44.708,1.865,-2.635670
1.170000,0.062,0.139848,0.042924,4.141,6.71,0.043743,-0.124879,-0.003299,-0.011670,-0.062,0.093,0.017188,-0.018000,0.000000,0.034375,0.000000,-0.084121,1,1.14,1.123,-44.705,1.865,-2.635533
1.172000,0.063,0.138240,0.042120,4.141,6.71,0.043727,-0.125067,-0.003389,-0.009783,-0.062,0.092,0.017188,-0.018000,0.000000,0.034375,0.000000,-0.084121,1,1.14,1.125,-44.702,1.865,-2.635399
1.174000,0.063,0.138188,0.042094,4.141,6.71,0.043695,-0.125253,-0.004178,-0.008757,-0.062,0.092,0.017188,-0.018000,0.000000,0.034375,0.000000,-0.084121,1,1.14,1.126,-44.699,1.865,-2.635263
1.176000,0.063,0.135994,0.040997,4.141,6.71,0.043663,-0.125439,-0.004347,-0.006208,-0.062,0.091,0.017188,-0.018000,0.000000,0.034375,0.000000,-0.084121,1,1.14,1.128,-44.695,1.864,-2.635127
1.178000,0.063,0.137773,0.041886,4.141,6.71,0.043610,-0.125620,-0.004389,-0.007764,-0.062,0.092,0.017188,-0.018000,0.000000,0.034375,0.000000,-0.084121,1,1.14,1.130,-44.692,1.864,-2.634988
1.180000,0.063,0.136670,0.041335,4.141,6.71,0.043575,-0.125805,-0.004463,-0.006402,-0.063,0.091,0.017188,-0.018000,0.000000,0.034375,0.000000,-0.084121,1,1.14,1.132,-44.689,1.864,-2.634851
1.182000,0.063,0.136678,0.041339,4.141,6.71,0.043530,-0.125988,-0.004577,-0.006113,-0.063,0.091,0.017188,-0.018000,0.000000,0.034375,0.000000,-0.084121,1,1.14,1.134,-44.686,1.864,-2.634713
1.184000,0.063,0.138365,0.042182,4.141,6.71,0.043486,-0.126172,-0.004651,-0.007542,-0.063,0.092,0.017188,-0.018000,0.000000,0.034375,0.000000,-0.084121,1,1.14,1.136,-44.683,1.863,-2.634576
1.186000,0.063,0.139900,0.042950,4.141,6.71,0.043460,-0.126359,-0.004710,-0.008831,-0.063,0.093,0.017188,-0.018000,0.000000,0.034375,0.000000,-0.084121,1,1.14,1.138,-44.679,1.863,-2.634441
1.188000,0.063,0.138560,0.042280,4.141,6.71,0.043450,-0.126549,-0.004824,-0.007188,-0.063,0.092,0.017188,-0.018000,0.000000,0.034375,0.000000,-0.084121,1,1.14,1.140,-44.676,1.863,-2.634310
1.190000,0.063,0.138306,0.042153,4.141,6.71,0.043427,-0.126737,-0.004944,-0.006625,-0.063,0.092,0.017188,-0.018000,0.000000,0.034375,0.000000,-0.084121,1,1.14,1.142,-44.673,1.863,-2.634176
1.192000,0.063,0.138196,0.042098,4.141,6.71,0.043401,-0.126925,-0.005394,-0.005877,-0.063,0.092,0.017188,-0.018000,0.000000,0.034375,0.000000,-0.084121,1,1.14,1.144,-44.670,1.863,-2.634042
1.194000,0.064,0.138196,0.042098,4.141,6.71,0.043375,-0.127114,-0.005486,-0.005596,-0.063,0.092,0.017188,-0.018000,0.000000,0.034375,0.000000,-0.084121,1,1.14,1.146,-44.667,1.863,-2.633908
1.196000,0.064,0.137542,0.041771,4.141,6.71,0.043350,-0.127303,-0.005604,-0.004635,-0.063,0.092,0.017188,-0.018000,0.000000,0.034375,0.000000,-0.084121,1,1.14,1.148,-44.663,1.863,-2.633774
1.198000,0.064,0.138995,0.042497,4.141,6.71,0.043318,-0.127492,-0.005657,-0.005846,-0.063,0.093,0.017188,-0.018000,0.000000,0.034375,0.000000,-0.084121,1,1.14,1.149,-44.660,1.863,-2.633639
1.200000,0.064,0.128591,0.037295,4.141,6.71,0.043302,-0.127684,0.000000,-0.000907,0.000,0.086,0.017188,-0.018000,0.000000,0.034375,0.000000,-0.084121,1,1.14,1.151,-44.657,1.863,-2.633507
1.202000,0.064,0.130759,0.038379,4.141,6.71,0.043182,-0.127858,-0.000058,-0.002843,0.000,0.087,0.017188,-0.018000,0.000000,0.034375,0.000000,-0.084121,1,1.14,1.153,-44.654,1.863,-2.633356
1.204000,0.064,0.132615,0.039308,4.141,6.71,0.043086,-0.128037,-0.000129,-0.004450,0.000,0.088,0.017188,-0.018000,0.000000,0.034375,0.000000,-0.084121,1,1.14,1.155,-44.651,1.863,-2.633210
1.206000,0.064,0.134430,0.040215,4.141,6.71,0.043010,-0.128221,-0.000205,-0.006005,0.000,0.090,0.017188,-0.018000,0.000000,0.034375,0.000000,-0.084121,1,1.14,1.157,-44.647,1.863,-2.633067
1.208000,0.064,0.136088,0.041044,4.141,6.71,0.042954,-0.128409,-0.000292,-0.007387,-0.064,0.091,0.017188,-0.018000,0.000000,0.034375,0.000000,-0.084121,1,1.14,1.159,-44.644,1.863,-2.632928
1.210000,0.064,0.138153,0.042077,4.141,6.71,0.042916,-0.128602,-0.000337,-0.009214,-0.064,0.092,0.017188,-0.018000,0.000000,0.034375,0.000000,-0.084121,1,1.14,1.161,-44.641,1.863,-2.632793
1.212000,0.064,0.138515,0.042257,4.141,6.71,0.042899,-0.128799,-0.000400,-0.009316,-0.064,0.092,0.017188,-0.018000,0.000000,0.034375,0.000000,-0.084121,1,1.14,1.163,-44.638,1.863,-2.632662
1.214000,0.064,0.141621,0.043811,4.141,6.71,0.042886,-0.128998,-0.000428,-0.012195,-0.064,0.094,0.017188,-0.018000,0.000000,0.034375,0.000000,-0.084121,1,1.14,1.165,-44.635,1.863,-2.632531
1.216000,0.065,0.141386,0.043693,4.141,6.71,0.042905,-0.129204,-0.000564,-0.011619,-0.064,0.094,0.017188,-0.018000,0.000000,0.034375,0.000000,-0.084121,1,1.14,1.167,-44.631,1.864,-2.632406
1.218000,0.065,0.142915,0.044457,4.141,6.71,0.042920,-0.129410,-0.000614,-0.012891,-0.064,0.095,0.017188,-0.018000,0.000000,0.034375,0.000000,-0.084121,1,1.14,1.169,-44.628,1.864,-2.632281
1.220000,0.065,0.142601,0.044300,4.141,6.71,0.042951,-0.129619,-0.000677,-0.012305,-0.064,0.095,0.017188,-0.018000,0.000000,0.034375,0.000000,-0.084121,1,1.14,1.171,-44.625,1.864,-2.632158
1.222000,0.065,0.142614,0.044307,4.141,6.71,0.042978,-0.129828,-0.000754,-0.012032,-0.064,0.095,0.017188,-0.018000,0.000000,0.034375,0.000000,-0.084121,1,1.14,1.172,-44.622,1.864,-2.632034
1.224000,0.065,0.139390,0.042695,4.141,6.71,0.043005,-0.130037,-0.001656,-0.007698,-0.065,0.093,0.017188,-0.018000,0.000000,0.034375,0.000000,-0.084121,1,1.14,1.174,-44.619,1.864,-2.631911
1.226000,0.065,0.141031,0.043515,4.141,6.71,0.042998,-0.130242,-0.001712,-0.009077,-0.065,0.094,0.017188,-0.018000,0.000000,0.034375,0.000000,-0.084121,1,1.14,1.176,-44.615,1.864,-2.631781
1.228000,0.065,0.140563,0.043281,4.141,6.71,0.043009,-0.130449,-0.001783,-0.008331,-0.065,0.094,0.017188,-0.018000,0.000000,0.034375,0.000000,-0.084121,1,1.14,1.178,-44.612,1.864,-2.631654
1.230000,0.065,0.142093,0.044046,4.141,6.71,0.043014,-0.130656,-0.001822,-0.009614,-0.065,0.095,0.017188,-0.018000,0.000000,0.034375,0.000000,-0.084121,1,1.14,1.180,-44.609,1.864,-2.631526
1.232000,0.065,0.141682,0.043841,4.141,6.71,0.043035,-0.130867,-0.001959,-0.008856,-0.065,0.094,0.017188,-0.018000,0.000000,0.034375,0.000000,-0.084121,1,1.14,1.182,-44.606,1.864,-2.631401
1.234000,0.066,0.143265,0.044632,4.141,6.71,0.043051,-0.131077,-0.002056,-0.010132,-0.065,0.096,0.017188,-0.018000,0.000000,0.034375,0.000000,-0.084121,1,1.14,1.184,-44.603,1.864,-2.631275
1.236000,0.066,0.145745,0.045873,4.141,6.71,0.043083,-0.131291,-0.002086,-0.012368,-0.065,0.097,0.017188,-0.018000,0.000000,0.034375,0.000000,-0.084121,1,1.14,1.186,-44.599,1.864,-2.631152
1.238000,0.066,0.145873,0.045936,4.141,6.71,0.043138,-0.131510,-0.002169,-0.012194,-0.065,0.097,0.017188,-0.018000,0.000000,0.034375,0.000000,-0.084121,1,1.14,1.188,-44.596,1.864,-2.631033
1.240000,0.066,0.144794,0.045397,4.141,6.71,0.043194,-0.131729,-0.002239,-0.010826,-0.065,0.097,0.018750,-0.018000,0.000000,0.037500,0.000000,-0.091768,1,1.15,1.190,-44.593,1.863,-2.630913
1.242000,0.066,0.145927,0.045964,4.141,6.71,0.043238,-0.131946,-0.002317,-0.011664,-0.066,0.097,0.018750,-0.018000,0.000000,0.037500,0.000000,-0.091768,1,1.15,1.192,-44.590,1.863,-2.630792
1.244000,0.066,0.149591,0.047795,4.141,6.71,0.043293,-0.132166,-0.002347,-0.015078,-0.066,0.100,0.018750,-0.018000,0.000000,0.037500,0.000000,-0.091768,1,1.15,1.194,-44.587,1.863,-2.630672
1.246000,0.066,0.147496,0.046748,4.141,6.71,0.043383,-0.132393,-0.002415,-0.012688,-0.066,0.098,0.018750,-0.018000,0.000000,0.037500,0.000000,-0.091768,1,1.15,1.196,-44.583,1.863,-2.630559
1.248000,0.066,0.147292,0.046646,4.141,6.71,0.043450,-0.132616,-0.002540,-0.012136,-0.066,0.098,0.018750,-0.018000,0.000000,0.037500,0.000000,-0.091768,1,1.15,1.197,-44.580,1.863,-2.630441
1.250000,0.066,0.147915,0.046958,4.141,6.71,0.043514,-0.132839,-0.002602,-0.012475,-0.066,0.099,0.018750,-0.018000,0.000000,0.037500,0.000000,-0.091768,1,1.15,1.199,-44.577,1.863,-2.630322
1.252000,0.067,0.148233,0.047116,4.141,6.71,0.043583,-0.133063,-0.002682,-0.012488,-0.066,0.099,0.018750,-0.018000,0.000000,0.037500,0.000000,-0.091768,1,1.15,1.201,-44.574,1.863,-2.630204
1.254000,0.067,0.147828,0.046914,4.141,6.71,0.043654,-0.133287,-0.002718,-0.011823,-0.066,0.099,0.018750,-0.018000,0.000000,0.037500,0.000000,-0.091768,1,1.15,1.203,-44.571,1.863,-2.630086
1.256000,0.067,0.147874,0.046937,4.141,6.71,0.043719,-0.133511,-0.002795,-0.011568,-0.066,0.099,0.018750,-0.018000,0.000000,0.037500,0.000000,-0.091768,1,1.15,1.205,-44.567,1.863,-2.629967
1.258000,0.067,0.148347,0.047174,4.141,6.71,0.043783,-0.133736,-0.002908,-0.011703,-0.066,0.099,0.018750,-0.018000,0.000000,0.037500,0.000000,-0.091768,1,1.15,1.207,-44.564,1.863,-2.629848
1.260000,0.067,0.151117,0.048558,4.141,6.71,0.043851,-0.133961,-0.002939,-0.014216,-0.067,0.101,0.018750,-0.018000,0.000000,0.037500,0.000000,-0.091768,1,1.15,1.209,-44.561,1.863,-2.629729
1.262000,0.067,0.153774,0.049887,4.141,6.71,0.043945,-0.134192,-0.002976,-0.016607,-0.067,0.103,0.018750,-0.018000,0.000000,0.037500,0.000000,-0.091768,1,1.15,1.211,-44.558,1.863,-2.629614
1.264000,0.067,0.151294,0.048647,4.141,6.71,0.044064,-0.134428,-0.003094,-0.013772,-0.067,0.101,0.018750,-0.018000,0.000000,0.037500,0.000000,-0.091768,1,1.15,1.213,-44.555,1.863,-2.629503
1.266000,0.067,0.151790,0.048895,4.141,6.71,0.044155,-0.134659,-0.003166,-0.013965,-0.067,0.101,0.018750,-0.018000,0.000000,0.037500,0.000000,-0.091768,1,1.15,1.215,-44.552,1.863,-2.629388
1.268000,0.067,0.155574,0.050787,4.141,6.71,0.044250,-0.134891,-0.003199,-0.017484,-0.067,0.104,0.018750,-0.018000,0.000000,0.037500,0.000000,-0.091768,1,1.15,1.217,-44.548,1.863,-2.629272
1.270000,0.068,0.155990,0.050995,4.141,6.71,0.044381,-0.135130,-0.003231,-0.017629,-0.067,0.104,0.018750,-0.018000,0.000000,0.037500,0.000000,-0.091768,1,1.15,1.219,-44.545,1.863,-2.629163
1.272000,0.068,0.153359,0.049680,4.141,6.71,0.044513,-0.135370,-0.003361,-0.014629,-0.067,0.102,0.018750,-0.018000,0.000000,0.037500,0.000000,-0.091768,1,1.15,1.221,-44.542,1.863,-2.629054
1.274000,0.068,0.153774,0.049887,4.141,6.71,0.044617,-0.135604,-0.004768,-0.013402,-0.067,0.103,0.018750,-0.018000,0.000000,0.037500,0.000000,-0.091768,1,1.15,1.223,-44.539,1.863,-2.628939
1.276000,0.068,0.153651,0.049825,4.141,6.71,0.044722,-0.135840,-0.004863,-0.012948,-0.067,0.102,0.018750,-0.018000,0.000000,0.037500,0.000000,-0.091768,1,1.15,1.224,-44.536,1.863,-2.628824
1.278000,0.068,0.154260,0.050130,4.141,6.71,0.044824,-0.136075,-0.004894,-0.013292,-0.068,0.103,0.018750,-0.018000,0.000000,0.037500,0.000000,-0.091768,1,1.15,1.226,-44.532,1.863,-2.628708
1.280000,0.068,0.150890,0.048445,4.141,6.71,0.044930,-0.136311,-0.006226,-0.008352,-0.068,0.101,0.018750,-0.018000,0.000000,0.037500,0.000000,-0.091768,1,1.15,1.228,-44.529,1.863,-2.628593
1.282000,0.068,0.151627,0.048814,4.141,6.71,0.045000,-0.136541,-0.006320,-0.008765,-0.068,0.101,0.018750,-0.018000,0.000000,0.037500,0.000000,-0.091768,1,1.15,1.230,-44.526,1.863,-2.628471
1.284000,0.068,0.155432,0.050716,4.141,6.71,0.045077,-0.136773,-0.006364,-0.012295,-0.068,0.104,0.018750,-0.018000,0.000000,0.037500,0.000000,-0.091768,1,1.15,1.232,-44.523,1.863,-2.628349
1.286000,0.069,0.159658,0.052829,4.141,6.71,0.045189,-0.137012,-0.006393,-0.016253,-0.068,0.106,0.018750,-0.018000,0.000000,0.037500,0.000000,-0.091768,1,1.15,1.234,-44.520,1.863,-2.628234
1.288000,0.069,0.156027,0.051013,4.141,6.71,0.045342,-0.137259,-0.006540,-0.012228,-0.068,0.104,0.018750,-0.018000,0.000000,0.037500,0.000000,-0.091768,1,1.15,1.236,-44.516,1.863,-2.628125
1.290000,0.069,0.158271,0.052135,4.141,6.71,0.045456,-0.137499,-0.006621,-0.014151,-0.068,0.106,0.018750,-0.018000,0.000000,0.037500,0.000000,-0.091768,1,1.15,1.238,-44.513,1.863,-2.628010
1.292000,0.069,0.161041,0.053521,4.141,6.71,0.045589,-0.137743,-0.006661,-0.016637,-0.068,0.107,0.018750,-0.018000,0.000000,0.037500,0.000000,-0.091768,1,1.15,1.240,-44.510,1.863,-2.627898
1.294000,0.069,0.162641,0.054321,4.141,6.71,0.045748,-0.137992,-0.006696,-0.017953,-0.069,0.108,0.018750,-0.018000,0.000000,0.037500,0.000000,-0.091768,1,1.15,1.242,-44.507,1.863,-2.627789
1.296000,0.069,0.158396,0.052198,4.141,6.71,0.045919,-0.138244,-0.006875,-0.013276,-0.069,0.106,0.018750,-0.018000,0.000000,0.037500,0.000000,-0.091768,1,1.15,1.244,-44.504,1.863,-2.627682
1.298000,0.069,0.159339,0.052669,4.141,6.71,0.046045,-0.138488,-0.006971,-0.013879,-0.069,0.106,0.018750,-0.018000,0.000000,0.037500,0.000000,-0.091768,1,1.15,1.246,-44.501,1.863,-2.627568
1.300000,0.069,0.139649,0.042824,4.141,6.71,0.046177,-0.138734,0.000000,-0.000915,0.000,0.093,0.018750,-0.018000,0.000000,0.037500,0.000000,-0.091768,1,1.15,1.248,-44.497,1.863,-2.627453
1.302000,0.069,0.143451,0.044726,4.141,6.71,0.046111,-0.138943,-0.000041,-0.004468,0.000,0.096,0.018750,-0.018000,0.000000,0.037500,0.000000,-0.091768,1,1.15,1.250,-44.494,1.863,-2.627304
1.304000,0.070,0.144639,0.045319,4.141,6.71,0.046083,-0.139158,-0.000820,-0.004660,0.000,0.096,0.018750,-0.018000,0.000000,0.037500,0.000000,-0.091768,1,1.15,1.252,-44.491,1.863,-2.627160
1.306000,0.070,0.147154,0.046577,4.141,6.71,0.046068,-0.139377,-0.000889,-0.006887,0.000,0.098,0.018750,-0.018000,0.000000,0.037500,0.000000,-0.091768,1,1.15,1.253,-44.488,1.863,-2.627018
1.308000,0.070,0.151837,0.048919,4.141,6.71,0.046078,-0.139603,-0.000925,-0.011310,-0.069,0.101,0.018750,-0.018000,0.000000,0.037500,0.000000,-0.091768,1,1.15,1.255,-44.485,1.863,-2.626881
1.310000,0.070,0.156473,0.051237,4.141,6.71,0.046134,-0.139837,-0.000956,-0.015680,-0.069,0.104,0.018750,-0.018000,0.000000,0.037500,0.000000,-0.091768,1,1.15,1.257,-44.481,1.863,-2.626752
1.312000,0.070,0.154766,0.050383,4.141,6.71,0.046236,-0.140082,-0.001071,-0.013614,-0.070,0.103,0.018750,-0.018000,0.000000,0.037500,0.000000,-0.091768,1,1.15,1.259,-44.478,1.863,-2.626632
1.314000,0.070,0.156335,0.051167,4.141,6.71,0.046319,-0.140323,-0.001192,-0.014819,-0.070,0.104,0.018750,-0.018000,0.000000,0.037500,0.000000,-0.091768,1,1.15,1.261,-44.475,1.863,-2.626508
1.316000,0.070,0.155691,0.050846,4.141,6.71,0.046416,-0.140568,-0.001336,-0.013788,-0.070,0.104,0.018750,-0.018000,0.000000,0.037500,0.000000,-0.091768,1,1.15,1.263,-44.472,1.863,-2.626386
1.318000,0.070,0.153509,0.049755,4.141,6.71,0.046505,-0.140812,-0.001426,-0.011272,-0.070,0.102,0.018750,-0.018000,0.000000,0.037500,0.000000,-0.091768,1,1.15,1.265,-44.469,1.863,-2.626262
1.320000,0.071,0.150368,0.048184,4.141,6.71,0.046570,-0.141051,-0.001519,-0.007798,-0.070,0.100,0.018750,-0.018000,0.000000,0.037500,0.000000,-0.091768,1,1.15,1.267,-44.466,1.863,-2.626134
1.322000,0.071,0.153293,0.049646,4.141,6.71,0.046602,-0.141285,-0.001559,-0.010448,-0.070,0.102,0.018750,-0.018000,0.000000,0.037500,0.000000,-0.091768,1,1.15,1.269,-44.462,1.863,-2.626000
1.324000,0.071,0.153292,0.049646,4.141,6.71,0.046663,-0.141525,-0.002545,-0.009222,-0.070,0.102,0.018750,-0.018000,0.000000,0.037500,0.000000,-0.091768,1,1.15,1.271,-44.459,1.863,-2.625871
1.326000,0.071,0.155323,0.050662,4.141,6.71,0.046723,-0.141765,-0.002603,-0.010955,-0.070,0.104,0.018750,-0.018000,0.000000,0.037500,0.000000,-0.091768,1,1.15,1.273,-44.456,1.863,-2.625741
1.328000,0.071,0.154753,0.050376,4.141,6.71,0.046801,-0.142010,-0.002796,-0.009947,-0.071,0.103,0.018750,-0.018000,0.000000,0.037500,0.000000,-0.091768,1,1.15,1.275,-44.453,1.863,-2.625615
1.330000,0.071,0.154529,0.050264,4.141,6.71,0.046873,-0.142254,-0.002941,-0.009334,-0.071,0.103,0.018750,-0.018000,0.000000,0.037500,0.000000,-0.091768,1,1.15,1.277,-44.450,1.863,-2.625487
1.332000,0.071,0.154612,0.050306,4.141,6.71,0.046941,-0.142497,-0.002985,-0.009130,-0.071,0.103,0.018750,-0.018000,0.000000,0.037500,0.000000,-0.091768,1,1.15,1.279,-44.446,1.863,-2.625358
1.334000,0.071,0.159406,0.052703,4.141,6.71,0.047008,-0.142742,-0.003022,-0.013643,-0.071,0.106,0.018750,-0.018000,0.000000,0.037500,0.000000,-0.091768,1,1.15,1.281,-44.443,1.863,-2.625229
1.336000,0.071,0.158588,0.052294,4.141,6.71,0.047122,-0.142995,-0.003125,-0.012468,-0.071,0.106,0.018750,-0.018000,0.000000,0.037500,0.000000,-0.091768,1,1.15,1.283,-44.440,1.863,-2.625107
1.338000,0.072,0.159346,0.052673,4.141,6.71,0.047225,-0.143247,-0.003268,-0.012831,-0.071,0.106,0.018750,-0.018000,0.000000,0.037500,0.000000,-0.091768,1,1.15,1.285,-44.437,1.863,-2.624984
1.340000,0.072,0.160482,0.053241,4.141,6.71,0.047334,-0.143500,-0.003360,-0.013622,-0.071,0.107,0.018750,-0.018000,0.000000,0.037500,0.000000,-0.091768,1,1.15,1.287,-44.434,1.863,-2.624861
1.342000,0.072,0.159580,0.052790,4.141,6.71,0.047452,-0.143756,-0.003428,-0.012396,-0.071,0.106,0.018750,-0.018000,0.000000,0.037500,0.000000,-0.091768,1,1.15,1.289,-44.431,1.863,-2.624740
1.344000,0.072,0.156061,0.051031,4.141,6.71,0.047559,-0.144010,-0.003726,-0.008325,-0.071,0.104,0.018750,-0.018000,0.000000,0.037500,0.000000,-0.091768,1,1.15,1.290,-44.427,1.863,-2.624617
1.346000,0.072,0.156355,0.051178,4.141,6.71,0.047629,-0.144257,-0.003831,-0.008267,-0.072,0.104,0.018750,-0.018000,0.000000,0.037500,0.000000,-0.091768,1,1.15,1.292,-44.424,1.863,-2.624486
1.348000,0.072,0.157461,0.051731,4.141,6.71,0.047700,-0.144505,-0.003919,-0.009037,-0.072,0.105,0.018750,-0.018000,0.000000,0.037500,0.000000,-0.091768,1,1.15,1.294,-44.421,1.863,-2.624355
1.350000,0.072,0.159790,0.052895,4.141,6.71,0.047780,-0.144756,-0.003964,-0.011070,-0.072,0.107,0.018750,-0.018000,0.000000,0.037500,0.000000,-0.091768,1,1.15,1.296,-44.418,1.863,-2.624226
1.352000,0.073,0.158564,0.052282,4.141,6.71,0.047882,-0.145011,-0.004140,-0.009413,-0.072,0.106,0.018750,-0.018000,0.000000,0.037500,0.000000,-0.091768,1,1.15,1.298,-44.415,1.863,-2.624100
1.354000,0.073,0.160569,0.053285,4.141,6.71,0.047970,-0.145264,-0.004220,-0.011085,-0.072,0.107,0.018750,-0.018000,0.000000,0.037500,0.000000,-0.091768,1,1.15,1.300,-44.412,1.863,-2.623972
1.356000,0.073,0.164691,0.055345,4.141,6.71,0.048077,-0.145520,-0.004254,-0.014916,-0.072,0.110,0.018750,-0.018000,0.000000,0.037500,0.000000,-0.091768,1,1.15,1.302,-44.408,1.863,-2.623846
1.358000,0.073,0.166048,0.056024,4.141,6.71,0.048222,-0.145785,-0.004317,-0.015945,-0.072,0.111,0.018750,-0.018000,0.000000,0.037500,0.000000,-0.091768,1,1.15,1.304,-44.405,1.863,-2.623727
1.360000,0.073,0.163179,0.054589,4.141,6.71,0.048378,-0.146053,-0.004787,-0.012339,-0.073,0.109,0.018750,-0.018000,0.000000,0.037500,0.000000,-0.091768,1,1.15,1.306,-44.402,1.863,-2.623610
1.362000,0.073,0.163776,0.054888,4.141,6.71,0.048502,-0.146315,-0.004943,-0.012518,-0.073,0.109,0.018750,-0.018000,0.000000,0.037500,0.000000,-0.091768,1,1.15,1.308,-44.399,1.863,-2.623487
1.364000,0.073,0.162825,0.054412,4.141,6.71,0.048630,-0.146577,-0.005786,-0.010461,-0.073,0.109,0.018750,-0.018000,0.000000,0.037500,0.000000,-0.091768,1,1.15,1.310,-44.396,1.863,-2.623363
1.366000,0.073,0.158485,0.052243,4.141,6.71,0.048746,-0.146838,-0.006099,-0.005547,-0.073,0.106,0.018750,-0.018000,0.000000,0.037500,0.000000,-0.091768,1,1.15,1.312,-44.392,1.863,-2.623238
1.368000,0.074,0.156568,0.051284,4.141,6.71,0.048816,-0.147091,-0.006661,-0.002816,-0.073,0.104,0.018750,-0.018000,0.000000,0.037500,0.000000,-0.091768,1,1.15,1.314,-44.389,1.863,-2.623104
1.370000,0.074,0.158896,0.052448,4.141,6.71,0.048865,-0.147340,-0.006737,-0.004819,-0.073,0.106,0.018750,-0.018000,0.000000,0.037500,0.000000,-0.091768,1,1.15,1.316,-44.386,1.863,-2.622965
1.372000,0.074,0.164075,0.055037,4.141,6.71,0.048937,-0.147594,-0.006768,-0.009713,-0.073,0.109,0.018750,-0.018000,0.000000,0.037500,0.000000,-0.091768,1,1.15,1.318,-44.383,1.863,-2.622831
1.374000,0.074,0.165391,0.055695,4.141,6.71,0.049059,-0.147858,-0.007871,-0.009662,-0.073,0.110,0.018750,-0.018000,0.000000,0.037500,0.000000,-0.091768,1,1.15,1.320,-44.380,1.863,-2.622704
1.376000,0.074,0.166087,0.056044,4.141,6.71,0.049191,-0.148125,-0.008121,-0.009841,-0.074,0.111,0.018750,-0.018000,0.000000,0.037500,0.000000,-0.091768,1,1.15,1.322,-44.377,1.863,-2.622580
1.378000,0.074,0.168508,0.057254,4.141,6.71,0.049328,-0.148394,-0.008204,-0.011910,-0.074,0.112,0.018750,-0.018000,0.000000,0.037500,0.000000,-0.091768,1,1.15,1.324,-44.373,1.863,-2.622456
1.380000,0.074,0.172041,0.059020,4.141,6.71,0.049487,-0.148667,-0.008240,-0.015133,-0.074,0.115,0.017188,-0.018000,0.000000,0.034375,0.000000,-0.084121,1,1.15,1.326,-44.370,1.863,-2.622336
1.382000,0.074,0.171061,0.058530,4.141,6.71,0.049677,-0.148947,-0.008283,-0.013830,-0.074,0.114,0.017188,-0.018000,0.000000,0.034375,0.000000,-0.084121,1,1.15,1.328,-44.367,1.863,-2.622221
1.384000,0.075,0.172483,0.059241,4.141,6.71,0.049854,-0.149225,-0.008465,-0.014792,-0.074,0.115,0.017188,-0.018000,0.000000,0.034375,0.000000,-0.084121,1,1.15,1.330,-44.364,1.863,-2.622103
1.386000,0.075,0.174192,0.060096,4.141,6.71,0.050042,-0.149505,-0.008564,-0.016123,-0.074,0.116,0.017188,-0.018000,0.000000,0.034375,0.000000,-0.084121,1,1.15,1.332,-44.361,1.863,-2.621986
1.388000,0.075,0.174636,0.060318,4.141,6.71,0.050243,-0.149788,-0.008649,-0.016199,-0.074,0.116,0.017188,-0.018000,0.000000,0.034375,0.000000,-0.084121,1,1.15,1.334,-44.358,1.863,-2.621871
1.390000,0.075,0.174208,0.060104,4.141,6.71,0.050445,-0.150071,-0.008693,-0.015445,-0.074,0.116,0.017188,-0.018000,0.000000,0.034375,0.000000,-0.084121,1,1.15,1.335,-44.354,1.863,-2.621756
1.392000,0.075,0.171617,0.058808,4.141,6.71,0.050638,-0.150353,-0.008808,-0.012455,-0.075,0.114,0.017188,-0.018000,0.000000,0.034375,0.000000,-0.084121,1,1.15,1.337,-44.351,1.863,-2.621638
1.394000,0.075,0.172236,0.059118,4.141,6.71,0.050801,-0.150629,-0.008966,-0.012641,-0.075,0.115,0.017188,-0.018000,0.000000,0.034375,0.000000,-0.084121,1,1.15,1.339,-44.348,1.863,-2.621515
1.396000,0.075,0.175476,0.060738,4.141,6.71,0.050968,-0.150906,-0.009007,-0.015563,-0.075,0.117,0.017188,-0.018000,0.000000,0.034375,0.000000,-0.084121,1,1.15,1.341,-44.345,1.862,-2.621392
1.398000,0.076,0.175521,0.060761,4.141,6.71,0.051163,-0.151189,-0.009107,-0.015225,-0.075,0.117,0.017188,-0.018000,0.000000,0.034375,0.000000,-0.084121,1,1.15,1.343,-44.342,1.862,-2.621273
1.400000,0.076,0.152394,0.049197,4.141,6.71,0.051355,-0.151472,0.000000,-0.000922,0.000,0.102,0.017188,-0.018000,0.000000,0.034375,0.000000,-0.084121,1,1.15,1.345,-44.339,1.862,-2.621153
1.402000,0.076,0.154913,0.050457,4.141,6.71,0.051312,-0.151710,-0.000082,-0.003121,0.000,0.103,0.017188,-0.018000,0.000000,0.034375,0.000000,-0.084121,1,1.15,1.347,-44.335,1.862,-2.620992
1.404000,0.076,0.160555,0.053278,4.141,6.71,0.051295,-0.151953,-0.000117,-0.008486,0.000,0.107,0.017188,-0.018000,0.000000,0.034375,0.000000,-0.084121,1,1.15,1.349,-44.332,1.863,-2.620834
1.406000,0.076,0.163244,0.054622,4.141,6.71,0.051335,-0.152207,-0.000199,-0.010838,0.000,0.109,0.017188,-0.018000,0.000000,0.034375,0.000000,-0.084121,1,1.15,1.351,-44.329,1.863,-2.620685
1.408000,0.076,0.165456,0.055728,4.141,6.71,0.051400,-0.152468,-0.000307,-0.012681,-0.076,0.110,0.017188,-0.018000,0.000000,0.034375,0.000000,-0.084121,1,1.15,1.353,-44.326,1.863,-2.620541
1.410000,0.076,0.167408,0.056704,4.141,6.71,0.051487,-0.152735,-0.000387,-0.014286,-0.076,0.112,0.017188,-0.018000,0.000000,0.034375,0.000000,-0.084121,1,1.15,1.355,-44.323,1.863,-2.620401
1.412000,0.077,0.167698,0.056849,4.141,6.71,0.051591,-0.153005,-0.000485,-0.014208,-0.076,0.112,0.017188,-0.018000,0.000000,0.034375,0.000000,-0.084121,1,1.15,1.357,-44.320,1.863,-2.620264
1.414000,0.077,0.167408,0.056704,4.141,6.71,0.051696,-0.153277,-0.000529,-0.013602,-0.076,0.112,0.017188,-0.018000,0.000000,0.034375,0.000000,-0.084121,1,1.15,1.359,-44.316,1.863,-2.620127
1.416000,0.077,0.167523,0.056761,4.141,6.71,0.051796,-0.153548,-0.000628,-0.013347,-0.076,0.112,0.017188,-0.018000,0.000000,0.034375,0.000000,-0.084121,1,1.15,1.361,-44.313,1.863,-2.619989
1.418000,0.077,0.167420,0.056710,4.141,6.71,0.051896,-0.153820,-0.000788,-0.012813,-0.076,0.112,0.017188,-0.018000,0.000000,0.034375,0.000000,-0.084121,1,1.15,1.363,-44.310,1.863,-2.619850
1.420000,0.077,0.169037,0.057518,4.141,6.71,0.051992,-0.154092,-0.000843,-0.014103,-0.077,0.113,0.017188,-0.018000,0.000000,0.034375,0.000000,-0.084121,1,1.15,1.365,-44.307,1.863,-2.619711
1.422000,0.077,0.168421,0.057210,4.141,6.71,0.052103,-0.154367,-0.001050,-0.013004,-0.077,0.112,0.017188,-0.018000,0.000000,0.034375,0.000000,-0.084121,1,1.15,1.367,-44.304,1.863,-2.619574
1.424000,0.077,0.165086,0.055543,4.141,6.71,0.052205,-0.154641,-0.001281,-0.009164,-0.077,0.110,0.017188,-0.018000,0.000000,0.034375,0.000000,-0.084121,1,1.15,1.369,-44.301,1.863,-2.619434
1.426000,0.077,0.164552,0.055276,4.141,6.71,0.052271,-0.154909,-0.002388,-0.007255,-0.077,0.110,0.017188,-0.018000,0.000000,0.034375,0.000000,-0.084121,1,1.15,1.371,-44.298,1.863,-2.619289
1.428000,0.078,0.166423,0.056211,4.141,6.71,0.052332,-0.155176,-0.002461,-0.008786,-0.077,0.111,0.017188,-0.018000,0.000000,0.034375,0.000000,-0.084121,1,1.15,1.373,-44.294,1.863,-2.619142
1.430000,0.078,0.165293,0.055646,4.141,6.71,0.052409,-0.155447,-0.002551,-0.007294,-0.077,0.110,0.017188,-0.018000,0.000000,0.034375,0.000000,-0.084121,1,1.15,1.375,-44.291,1.863,-2.618997
1.432000,0.078,0.166746,0.056373,4.141,6.71,0.052474,-0.155717,-0.002651,-0.008378,-0.077,0.111,0.017188,-0.018000,0.000000,0.034375,0.000000,-0.084121,1,1.15,1.377,-44.288,1.863,-2.618850
1.434000,0.078,0.170822,0.058411,4.141,6.71,0.052552,-0.155990,-0.002697,-0.012136,-0.077,0.114,0.017188,-0.018000,0.000000,0.034375,0.000000,-0.084121,1,1.15,1.379,-44.285,1.863,-2.618705
1.436000,0.078,0.172277,0.059139,4.141,6.71,0.052669,-0.156271,-0.002884,-0.013123,-0.078,0.115,0.017188,-0.018000,0.000000,0.034375,0.000000,-0.084121,1,1.15,1.381,-44.282,1.863,-2.618567
1.438000,0.078,0.172009,0.059005,4.141,6.71,0.052798,-0.156555,-0.002985,-0.012469,-0.078,0.115,0.017188,-0.018000,0.000000,0.034375,0.000000,-0.084121,1,1.15,1.383,-44.279,1.863,-2.618431
1.440000,0.078,0.170916,0.058458,4.141,6.71,0.052922,-0.156839,-0.003412,-0.010665,-0.078,0.114,0.017188,-0.018000,0.000000,0.034375,0.000000,-0.084121,1,1.15,1.385,-44.275,1.863,-2.618293
1.442000,0.079,0.170662,0.058331,4.141,6.71,0.053033,-0.157121,-0.003568,-0.009973,-0.078,0.114,0.017188,-0.018000,0.000000,0.034375,0.000000,-0.084121,1,1.15,1.387,-44.272,1.863,-2.618153
1.444000,0.079,0.170991,0.058495,4.141,6.71,0.053139,-0.157402,-0.003616,-0.009974,-0.078,0.114,0.017188,-0.018000,0.000000,0.034375,0.000000,-0.084121,1,1.15,1.389,-44.269,1.863,-2.618012
1.446000,0.079,0.175898,0.060949,4.141,6.71,0.053246,-0.157684,-0.003654,-0.014560,-0.078,0.117,0.017188,-0.018000,0.000000,0.034375,0.000000,-0.084121,1,1.15,1.391,-44.266,1.863,-2.617870
1.448000,0.079,0.175770,0.060885,4.141,6.71,0.053400,-0.157975,-0.003796,-0.013999,-0.078,0.117,0.017188,-0.018000,0.000000,0.034375,0.000000,-0.084121,1,1.15,1.393,-44.263,1.863,-2.617736
1.450000,0.079,0.178533,0.062266,4.141,6.71,0.053550,-0.158267,-0.003875,-0.016391,-0.079,0.119,0.017188,-0.018000,0.000000,0.034375,0.000000,-0.084121,1,1.15,1.395,-44.260,1.863,-2.617601
1.452000,0.079,0.180203,0.063101,4.141,6.71,0.053724,-0.158563,-0.003962,-0.017677,-0.079,0.120,0.017188,-0.018000,0.000000,0.034375,0.000000,-0.084121,1,1.15,1.397,-44.256,1.863,-2.617470
1.454000,0.079,0.180080,0.063040,4.141,6.71,0.053912,-0.158863,-0.004019,-0.017198,-0.079,0.120,0.017188,-0.018000,0.000000,0.034375,0.000000,-0.084121,1,1.15,1.399,-44.253,1.863,-2.617341
1.456000,0.080,0.176366,0.061183,4.141,6.71,0.054094,-0.159162,-0.004168,-0.013036,-0.079,0.118,0.017188,-0.018000,0.000000,0.034375,0.000000,-0.084121,1,1.15,1.401,-44.250,1.862,-2.617211
1.458000,0.080,0.177569,0.061784,4.141,6.71,0.054236,-0.159454,-0.004263,-0.013852,-0.079,0.118,0.017188,-0.018000,0.000000,0.034375,0.000000,-0.084121,1,1.15,1.403,-44.247,1.862,-2.617073
1.460000,0.080,0.182133,0.064066,4.141,6.71,0.054387,-0.159747,-0.004296,-0.018090,-0.079,0.121,0.017188,-0.018000,0.000000,0.034375,0.000000,-0.084121,1,1.15,1.405,-44.244,1.862,-2.616935
1.462000,0.080,0.182399,0.064200,4.141,6.71,0.054581,-0.160049,-0.004390,-0.017960,-0.079,0.122,0.017188,-0.018000,0.000000,0.034375,0.000000,-0.084121,1,1.15,1.407,-44.241,1.862,-2.616805
1.464000,0.080,0.180325,0.063162,4.141,6.71,0.054773,-0.160352,-0.004535,-0.015438,-0.080,0.120,0.017188,-0.018000,0.000000,0.034375,0.000000,-0.084121,1,1.15,1.409,-44.238,1.862,-2.616674
1.466000,0.080,0.181020,0.063510,4.141,6.71,0.054941,-0.160650,-0.004663,-0.015707,-0.080,0.121,0.017188,-0.018000,0.000000,0.034375,0.000000,-0.084121,1,1.15,1.411,-44.234,1.862,-2.616539
1.468000,0.080,0.184104,0.065052,4.141,6.71,0.055112,-0.160949,-0.004709,-0.018446,-0.080,0.123,0.017188,-0.018000,0.000000,0.034375,0.000000,-0.084121,1,1.15,1.413,-44.231,1.862,-2.616403
1.470000,0.081,0.184670,0.065335,4.141,6.71,0.055311,-0.161254,-0.004742,-0.018674,-0.080,0.123,0.017188,-0.018000,0.000000,0.034375,0.000000,-0.084121,1,1.15,1.415,-44.228,1.862,-2.616271
1.472000,0.081,0.184065,0.065033,4.141,6.71,0.055511,-0.161559,-0.004908,-0.017598,-0.080,0.123,0.017188,-0.018000,0.000000,0.034375,0.000000,-0.084121,1,1.15,1.417,-44.225,1.862,-2.616140
1.474000,0.081,0.185751,0.065876,4.141,6.71,0.055702,-0.161864,-0.004990,-0.018897,-0.080,0.124,0.017188,-0.018000,0.000000,0.034375,0.000000,-0.084121,1,1.15,1.419,-44.222,1.862,-2.616006
1.476000,0.081,0.185534,0.065767,4.141,6.71,0.055905,-0.162171,-0.006113,-0.017250,-0.080,0.124,0.017188,-0.018000,0.000000,0.034375,0.000000,-0.084121,1,1.15,1.421,-44.219,1.862,-2.615873
1.478000,0.081,0.183081,0.064540,4.141,6.71,0.056102,-0.162477,-0.006221,-0.014383,-0.081,0.122,0.017188,-0.018000,0.000000,0.034375,0.000000,-0.084121,1,1.15,1.423,-44.215,1.862,-2.615739
1.480000,0.081,0.177413,0.061706,4.141,6.71,0.056271,-0.162778,-0.006424,-0.008211,-0.081,0.118,0.017188,-0.018000,0.000000,0.034375,0.000000,-0.084121,1,1.15,1.425,-44.212,1.862,-2.615600
1.482000,0.082,0.179390,0.062695,4.141,6.71,0.056380,-0.163068,-0.006500,-0.009822,-0.081,0.120,0.017188,-0.018000,0.000000,0.034375,0.000000,-0.084121,1,1.15,1.427,-44.209,1.862,-2.615449
1.484000,0.082,0.179530,0.062765,4.141,6.71,0.056506,-0.163361,-0.006587,-0.009582,-0.081,0.120,0.017188,-0.018000,0.000000,0.034375,0.000000,-0.084121,1,1.15,1.429,-44.206,1.862,-2.615301
1.486000,0.082,0.184305,0.065153,4.141,6.71,0.056631,-0.163655,-0.006639,-0.014011,-0.081,0.123,0.017188,-0.018000,0.000000,0.034375,0.000000,-0.084121,1,1.15,1.431,-44.203,1.862,-2.615152
1.488000,0.082,0.183601,0.064801,4.141,6.71,0.056802,-0.163959,-0.006871,-0.012772,-0.081,0.122,0.017188,-0.018000,0.000000,0.034375,0.000000,-0.084121,1,1.15,1.433,-44.200,1.862,-2.615010
1.490000,0.082,0.185682,0.065841,4.141,6.71,0.056962,-0.164261,-0.006957,-0.014465,-0.082,0.124,0.017188,-0.018000,0.000000,0.034375,0.000000,-0.084121,1,1.15,1.435,-44.197,1.862,-2.614867
1.492000,0.082,0.185369,0.065685,4.141,6.71,0.057139,-0.164567,-0.007063,-0.013739,-0.082,0.124,0.017188,-0.018000,0.000000,0.034375,0.000000,-0.084121,1,1.15,1.437,-44.193,1.862,-2.614726
1.494000,0.082,0.188415,0.067207,4.141,6.71,0.057310,-0.164873,-0.007109,-0.016433,-0.082,0.126,0.017188,-0.018000,0.000000,0.034375,0.000000,-0.084121,1,1.15,1.439,-44.190,1.862,-2.614583
1.496000,0.083,0.185893,0.065947,4.141,6.71,0.057508,-0.165185,-0.007264,-0.013444,-0.082,0.124,0.017188,-0.018000,0.000000,0.034375,0.000000,-0.084121,1,1.15,1.441,-44.187,1.862,-2.614444
1.498000,0.083,0.188235,0.067117,4.141,6.71,0.057677,-0.165491,-0.007348,-0.015396,-0.082,0.125,0.017188,-0.018000,0.000000,0.034375,0.000000,-0.084121,1,1.15,1.443,-44.184,1.862,-2.614300
1.500000,0.083,0.166757,0.056378,4.141,6.71,0.057866,-0.165802,0.000000,-0.000955,0.000,0.111,0.017188,-0.018000,0.000000,0.034375,0.000000,-0.084121,1,1.15,1.445,-44.181,1.862,-2.614159
1.502000,0.083,0.171479,0.058740,4.141,6.71,0.057836,-0.166071,-0.000051,-0.005357,0.000,0.114,0.017188,-0.018000,0.000000,0.034375,0.000000,-0.084121,1,1.15,1.447,-44.178,1.862,-2.613981
1.504000,0.083,0.174379,0.060190,4.141,6.71,0.057854,-0.166349,-0.000142,-0.007888,0.000,0.116,0.017188,-0.018000,0.000000,0.034375,0.000000,-0.084121,1,1.15,1.449,-44.175,1.862,-2.613807
1.506000,0.083,0.176404,0.061202,4.141,6.71,0.057901,-0.166634,-0.000291,-0.009479,0.000,0.118,0.017188,-0.018000,0.000000,0.034375,0.000000,-0.084121,1,1.15,1.451,-44.171,1.862,-2.613640
1.508000,0.083,0.182160,0.064080,4.141,6.71,0.057967,-0.166924,-0.000336,-0.014900,-0.083,0.121,0.017188,-0.018000,0.000000,0.034375,0.000000,-0.084121,1,1.15,1.453,-44.168,1.862,-2.613475
1.510000,0.084,0.184215,0.065108,4.141,6.71,0.058089,-0.167226,-0.000433,-0.016556,-0.083,0.123,0.017188,-0.018000,0.000000,0.034375,0.000000,-0.084121,1,1.15,1.455,-44.165,1.863,-2.613321
1.512000,0.084,0.182374,0.064187,4.141,6.71,0.058229,-0.167533,-0.000553,-0.014288,-0.083,0.122,0.017188,-0.018000,0.000000,0.034375,0.000000,-0.084121,1,1.15,1.457,-44.162,1.863,-2.613169
1.514000,0.084,0.183569,0.064784,4.141,6.71,0.058349,-0.167837,-0.000629,-0.015103,-0.083,0.122,0.017188,-0.018000,0.000000,0.034375,0.000000,-0.084121,1,1.15,1.459,-44.159,1.863,-2.613014
1.516000,0.084,0.184901,0.065450,4.141,6.71,0.058477,-0.168143,-0.000732,-0.016026,-0.083,0.123,0.017188,-0.018000,0.000000,0.034375,0.000000,-0.084121,1,1.15,1.461,-44.156,1.863,-2.612860
1.518000,0.084,0.185282,0.065641,4.141,6.71,0.058617,-0.168452,-0.000779,-0.016051,-0.084,0.124,0.017188,-0.018000,0.000000,0.034375,0.000000,-0.084121,1,1.15,1.463,-44.153,1.863,-2.612707
1.520000,0.084,0.185888,0.065944,4.141,6.71,0.058757,-0.168761,-0.000872,-0.016254,-0.084,0.124,0.017188,-0.018000,0.000000,0.034375,0.000000,-0.084121,1,1.15,1.465,-44.150,1.863,-2.612554
1.522000,0.085,0.185829,0.065915,4.141,6.71,0.058901,-0.169072,-0.001036,-0.015721,-0.084,0.124,0.017188,-0.018000,0.000000,0.034375,0.000000,-0.084121,1,1.15,1.467,-44.146,1.862,-2.612401
1.524000,0.085,0.185271,0.065635,4.141,6.71,0.059041,-0.169383,-0.001148,-0.014740,-0.084,0.124,0.017188,-0.018000,0.000000,0.034375,0.000000,-0.084121,1,1.15,1.469,-44.143,1.862,-2.612247
1.526000,0.085,0.184470,0.065235,4.141,6.71,0.059173,-0.169693,-0.002329,-0.012448,-0.084,0.123,0.017188,-0.018000,0.000000,0.034375,0.000000,-0.084121,1,1.15,1.471,-44.140,1.862,-2.612092
1.528000,0.085,0.180509,0.063254,4.141,6.71,0.059294,-0.170001,-0.002628,-0.007880,-0.084,0.120,0.017188,-0.018000,0.000000,0.034375,0.000000,-0.084121,1,1.15,1.473,-44.137,1.862,-2.611934
1.530000,0.085,0.183603,0.064802,4.141,6.71,0.059374,-0.170301,-0.002674,-0.010628,-0.085,0.122,0.017188,-0.018000,0.000000,0.034375,0.000000,-0.084121,1,1.15,1.475,-44.134,1.862,-2.611768
1.532000,0.085,0.183817,0.064908,4.141,6.71,0.059482,-0.170608,-0.002874,-0.010335,-0.085,0.123,0.017188,-0.018000,0.000000,0.034375,0.000000,-0.084121,1,1.15,1.477,-44.131,1.862,-2.611607
1.534000,0.085,0.184026,0.065013,4.141,6.71,0.059591,-0.170916,-0.002996,-0.010114,-0.085,0.123,0.017188,-0.018000,0.000000,0.034375,0.000000,-0.084121,1,1.15,1.479,-44.128,1.862,-2.611445
1.536000,0.086,0.186770,0.066385,4.141,6.71,0.059699,-0.171224,-0.003100,-0.012446,-0.085,0.125,0.017188,-0.018000,0.000000,0.034375,0.000000,-0.084121,1,1.15,1.481,-44.124,1.862,-2.611283
1.538000,0.086,0.188924,0.067462,4.141,6.71,0.059833,-0.171539,-0.003203,-0.014182,-0.085,0.126,0.017188,-0.018000,0.000000,0.034375,0.000000,-0.084121,1,1.15,1.483,-44.121,1.862,-2.611125
1.540000,0.086,0.191401,0.068701,4.141,6.71,0.059985,-0.171857,-0.003238,-0.016306,-0.085,0.128,0.015625,-0.018000,0.000000,0.031250,0.000000,-0.076474,1,1.15,1.485,-44.118,1.862,-2.610970
1.542000,0.086,0.193072,0.069536,4.141,6.71,0.060160,-0.172181,-0.003348,-0.017543,-0.085,0.129,0.015625,-0.018000,0.000000,0.031250,0.000000,-0.076474,1,1.15,1.487,-44.115,1.862,-2.610819
1.544000,0.086,0.193749,0.069875,4.141,6.71,0.060347,-0.172508,-0.003467,-0.017775,-0.086,0.129,0.015625,-0.018000,0.000000,0.031250,0.000000,-0.076474,1,1.15,1.489,-44.112,1.862,-2.610669
1.546000,0.086,0.194992,0.070496,4.141,6.71,0.060538,-0.172835,-0.003550,-0.018606,-0.086,0.130,0.015625,-0.018000,0.000000,0.031250,0.000000,-0.076474,1,1.15,1.491,-44.109,1.862,-2.610520
1.548000,0.087,0.195439,0.070720,4.141,6.71,0.060737,-0.173165,-0.003659,-0.018615,-0.086,0.130,0.015625,-0.018000,0.000000,0.031250,0.000000,-0.076474,1,1.15,1.493,-44.106,1.862,-2.610371
1.550000,0.087,0.194290,0.070145,4.141,6.71,0.060936,-0.173496,-0.003706,-0.017088,-0.086,0.130,0.015625,-0.018000,0.000000,0.031250,0.000000,-0.076474,1,1.15,1.495,-44.103,1.862,-2.610222
1.552000,0.087,0.193786,0.069893,4.141,6.71,0.061121,-0.173824,-0.003893,-0.016069,-0.086,0.129,0.015625,-0.018000,0.000000,0.031250,0.000000,-0.076474,1,1.15,1.497,-44.099,1.862,-2.610070
1.554000,0.087,0.194541,0.070271,4.141,6.71,0.061296,-0.174151,-0.003998,-0.016392,-0.086,0.130,0.015625,-0.018000,0.000000,0.031250,0.000000,-0.076474,1,1.15,1.499,-44.096,1.862,-2.609915
1.556000,0.087,0.193814,0.069907,4.141,6.71,0.061475,-0.174479,-0.004128,-0.015208,-0.087,0.129,0.015625,-0.018000,0.000000,0.031250,0.000000,-0.076474,1,1.15,1.501,-44.093,1.862,-2.609761
1.558000,0.087,0.196271,0.071136,4.141,6.71,0.061644,-0.174805,-0.004189,-0.017278,-0.087,0.131,0.015625,-0.018000,0.000000,0.031250,0.000000,-0.076474,1,1.15,1.503,-44.090,1.862,-2.609604
1.560000,0.088,0.192727,0.069363,4.141,6.71,0.061834,-0.175136,-0.004324,-0.013267,-0.087,0.128,0.015625,-0.018000,0.000000,0.031250,0.000000,-0.076474,1,1.15,1.505,-44.087,1.862,-2.609450
1.562000,0.088,0.194895,0.070448,4.141,6.71,0.061985,-0.175460,-0.004410,-0.015025,-0.087,0.130,0.015625,-0.018000,0.000000,0.031250,0.000000,-0.076474,1,1.15,1.507,-44.084,1.862,-2.609289
1.564000,0.088,0.195517,0.070759,4.141,6.71,0.062154,-0.175788,-0.004510,-0.015219,-0.087,0.130,0.015625,-0.018000,0.000000,0.031250,0.000000,-0.076474,1,1.15,1.509,-44.081,1.862,-2.609130
1.566000,0.088,0.199520,0.072760,4.141,6.71,0.062326,-0.176118,-0.004560,-0.018843,-0.087,0.133,0.015625,-0.018000,0.000000,0.031250,0.000000,-0.076474,1,1.15,1.511,-44.078,1.862,-2.608972
1.568000,0.088,0.197208,0.071604,4.141,6.71,0.062535,-0.176455,-0.004717,-0.016036,-0.088,0.131,0.015625,-0.018000,0.000000,0.031250,0.000000,-0.076474,1,1.15,1.513,-44.074,1.862,-2.608819
1.570000,0.088,0.198838,0.072419,4.141,6.71,0.062716,-0.176788,-0.004805,-0.017245,-0.088,0.133,0.015625,-0.018000,0.000000,0.031250,0.000000,-0.076474,1,1.15,1.515,-44.071,1.862,-2.608661
1.572000,0.089,0.199009,0.072505,4.141,6.71,0.062910,-0.177123,-0.004903,-0.016983,-0.088,0.133,0.015625,-0.018000,0.000000,0.031250,0.000000,-0.076474,1,1.15,1.517,-44.068,1.862,-2.608505
1.574000,0.089,0.202668,0.074334,4.141,6.71,0.063102,-0.177459,-0.004952,-0.020257,-0.088,0.135,0.015625,-0.018000,0.000000,0.031250,0.000000,-0.076474,1,1.15,1.519,-44.065,1.862,-2.608347
1.576000,0.089,0.198672,0.072336,4.141,6.71,0.063326,-0.177802,-0.006193,-0.014676,-0.088,0.132,0.015625,-0.018000,0.000000,0.031250,0.000000,-0.076474,1,1.15,1.521,-44.062,1.862,-2.608195
1.578000,0.089,0.199812,0.072906,4.141,6.71,0.063507,-0.178137,-0.006309,-0.015366,-0.088,0.133,0.015625,-0.018000,0.000000,0.031250,0.000000,-0.076474,1,1.15,1.523,-44.059,1.862,-2.608035
1.580000,0.089,0.206141,0.058071,4.021,6.71,0.063695,-0.178474,-0.006341,-0.021325,-0.089,0.137,0.015625,-0.030000,0.000000,0.031250,0.000000,-0.076474,1,1.15,1.526,-44.056,1.862,-2.607875
1.582000,0.089,0.206052,0.058026,4.021,6.67,0.063583,-0.178809,-0.006462,-0.020781,-0.089,0.137,0.015625,-0.030000,0.000000,0.031250,0.000000,-0.076474,1,1.15,1.528,-44.053,1.853,-2.607666
1.584000,0.090,0.202605,0.056303,4.021,6.64,0.063471,-0.179168,-0.006607,-0.016830,-0.089,0.135,0.015625,-0.030000,0.000000,0.031250,0.000000,-0.076474,1,1.15,1.530,-44.049,1.844,-2.607446
1.586000,0.090,0.206495,0.058247,4.021,6.61,0.063328,-0.179518,-0.006692,-0.020284,-0.089,0.138,0.015625,-0.030000,0.000000,0.031250,0.000000,-0.076474,1,1.15,1.532,-44.046,1.837,-2.607228
1.588000,0.090,0.209369,0.059685,4.021,6.59,0.063226,-0.179866,-0.006754,-0.022748,-0.089,0.140,0.015625,-0.030000,0.000000,0.031250,0.000000,-0.076474,1,1.15,1.534,-44.043,1.831,-2.607019
1.590000,0.090,0.202861,0.056430,4.021,6.58,0.063155,-0.180209,-0.006887,-0.015765,-0.089,0.135,0.015625,-0.030000,0.000000,0.031250,0.000000,-0.076474,1,1.15,1.536,-44.040,1.826,-2.606817
1.592000,0.090,0.202980,0.056490,4.021,6.57,0.063021,-0.180529,-0.007022,-0.015430,-0.090,0.135,0.015625,-0.030000,0.000000,0.031250,0.000000,-0.076474,1,1.15,1.538,-44.037,1.821,-2.606604
1.594000,0.090,0.204516,0.057258,4.021,6.55,0.062890,-0.180838,-0.007105,-0.016573,-0.090,0.136,0.015625,-0.030000,0.000000,0.031250,0.000000,-0.076474,1,1.15,1.540,-44.034,1.817,-2.606393
1.596000,0.091,0.203578,0.056789,4.021,6.55,0.062778,-0.181142,-0.007222,-0.015214,-0.090,0.136,0.015625,-0.030000,0.000000,0.031250,0.000000,-0.076474,1,1.15,1.542,-44.031,1.813,-2.606184
1.598000,0.091,0.204356,0.057178,4.021,6.54,0.062658,-0.181436,-0.007271,-0.015648,-0.090,0.136,0.015625,-0.030000,0.000000,0.031250,0.000000,-0.076474,1,1.15,1.544,-44.028,1.809,-2.605976
1.600000,0.091,0.182723,0.046362,4.021,6.53,0.062548,-0.181726,0.000000,-0.000997,0.000,0.122,0.015625,-0.030000,0.000000,0.031250,0.000000,-0.076474,1,1.15,1.546,-44.025,1.806,-2.605770
1.602000,0.091,0.185247,0.047624,4.021,6.53,0.062225,-0.181970,-0.000102,-0.003175,0.000,0.123,0.015625,-0.030000,0.000000,0.031250,0.000000,-0.076474,1,1.15,1.548,-44.022,1.803,-2.605528
1.604000,0.091,0.191089,0.050545,4.021,6.53,0.061933,-0.182214,-0.000142,-0.008733,0.000,0.127,0.015625,-0.030000,0.000000,0.031250,0.000000,-0.076474,1,1.15,1.550,-44.019,1.801,-2.605290
1.606000,0.091,0.193535,0.051768,4.021,6.52,0.061705,-0.182469,-0.000254,-0.010812,0.000,0.129,0.015625,-0.030000,0.000000,0.031250,0.000000,-0.076474,1,1.15,1.552,-44.016,1.800,-2.605064
1.608000,0.091,0.195490,0.052745,4.021,6.52,0.061506,-0.182730,-0.000408,-0.012352,-0.091,0.130,0.015625,-0.030000,0.000000,0.031250,0.000000,-0.076474,1,1.15,1.554,-44.013,1.798,-2.604845
1.610000,0.091,0.197037,0.053519,4.021,6.52,0.061331,-0.182995,-0.000520,-0.013522,-0.091,0.131,0.015625,-0.030000,0.000000,0.031250,0.000000,-0.076474,1,1.15,1.556,-44.010,1.798,-2.604630
1.612000,0.092,0.201611,0.055806,4.021,6.52,0.061175,-0.183265,-0.000558,-0.017788,-0.091,0.134,0.015625,-0.030000,0.000000,0.031250,0.000000,-0.076474,1,1.15,1.558,-44.007,1.797,-2.604420
1.614000,0.092,0.198920,0.054460,4.021,6.52,0.061067,-0.183546,-0.000663,-0.014712,-0.091,0.133,0.015625,-0.030000,0.000000,0.031250,0.000000,-0.076474,1,1.15,1.560,-44.004,1.797,-2.604218
1.616000,0.092,0.199523,0.054761,4.021,6.52,0.060935,-0.183826,-0.000775,-0.014922,-0.091,0.133,0.015625,-0.030000,0.000000,0.031250,0.000000,-0.076474,1,1.15,1.562,-44.001,1.798,-2.604013
1.618000,0.092,0.203560,0.056780,4.021,6.52,0.060811,-0.184110,-0.000825,-0.018625,-0.091,0.136,0.015625,-0.030000,0.000000,0.031250,0.000000,-0.076474,1,1.15,1.564,-43.998,1.798,-2.603810
1.620000,0.092,0.203561,0.056781,4.021,6.52,0.060731,-0.184407,-0.000984,-0.018170,-0.092,0.136,0.015625,-0.030000,0.000000,0.031250,0.000000,-0.076474,1,1.15,1.566,-43.995,1.799,-2.603614
1.622000,0.092,0.203183,0.056592,4.021,6.52,0.060652,-0.184708,-0.001033,-0.017442,-0.092,0.135,0.015625,-0.030000,0.000000,0.031250,0.000000,-0.076474,1,1.15,1.568,-43.992,1.800,-2.603418
1.624000,0.093,0.202906,0.056453,4.021,6.52,0.060571,-0.185014,-0.001196,-0.016696,-0.092,0.135,0.015625,-0.030000,0.000000,0.031250,0.000000,-0.076474,1,1.15,1.570,-43.989,1.801,-2.603223
1.626000,0.093,0.202420,0.056210,4.021,6.51,0.060488,-0.185324,-0.002462,-0.014633,-0.092,0.135,0.015625,-0.030000,0.000000,0.031250,0.000000,-0.076474,1,1.15,1.572,-43.986,1.802,-2.603027
1.628000,0.093,0.200696,0.055348,4.021,6.51,0.060403,-0.185638,-0.002556,-0.012501,-0.092,0.134,0.015625,-0.030000,0.000000,0.031250,0.000000,-0.076474,1,1.15,1.574,-43.983,1.803,-2.602831
1.630000,0.093,0.201655,0.055828,4.021,6.51,0.060302,-0.185955,-0.002689,-0.013012,-0.092,0.134,0.015625,-0.030000,0.000000,0.031250,0.000000,-0.076474,1,1.15,1.576,-43.980,1.804,-2.602632
1.632000,0.093,0.198727,0.054364,4.021,6.51,0.060212,-0.186278,-0.002817,-0.009632,-0.093,0.132,0.015625,-0.030000,0.000000,0.031250,0.000000,-0.076474,1,1.15,1.578,-43.977,1.805,-2.602435
1.634000,0.093,0.200448,0.055224,4.021,6.51,0.060095,-0.186601,-0.002917,-0.010930,-0.093,0.134,0.015625,-0.030000,0.000000,0.031250,0.000000,-0.076474,1,1.15,1.580,-43.974,1.807,-2.602234
1.636000,0.093,0.206524,0.058262,4.021,6.51,0.059998,-0.186932,-0.002969,-0.016622,-0.093,0.138,0.015625,-0.030000,0.000000,0.031250,0.000000,-0.076474,1,1.15,1.582,-43.971,1.808,-2.602036
1.638000,0.094,0.206547,0.058274,4.021,6.51,0.059963,-0.187280,-0.003091,-0.016176,-0.093,0.138,0.015625,-0.030000,0.000000,0.031250,0.000000,-0.076474,1,1.15,1.584,-43.968,1.809,-2.601848
1.640000,0.094,0.207078,0.058539,4.021,6.51,0.059929,-0.187632,-0.003238,-0.016208,-0.093,0.138,0.015625,-0.030000,0.000000,0.031250,0.000000,-0.076474,1,1.15,1.586,-43.965,1.809,-2.601662
1.642000,0.094,0.208250,0.059125,4.021,6.51,0.059901,-0.187989,-0.003348,-0.016913,-0.093,0.139,0.015625,-0.030000,0.000000,0.031250,0.000000,-0.076474,1,1.15,1.588,-43.962,1.810,-2.601476
1.644000,0.094,0.208437,0.059219,4.021,6.51,0.059886,-0.188352,-0.003473,-0.016612,-0.093,0.139,0.015625,-0.030000,0.000000,0.031250,0.000000,-0.076474,1,1.15,1.590,-43.959,1.811,-2.601293
1.646000,0.094,0.209673,0.059837,4.021,6.51,0.059872,-0.188718,-0.003525,-0.017431,-0.094,0.140,0.015625,-0.030000,0.000000,0.031250,0.000000,-0.076474,1,1.15,1.592,-43.956,1.811,-2.601110
1.648000,0.095,0.209389,0.059694,4.021,6.51,0.059872,-0.189089,-0.003718,-0.016581,-0.094,0.140,0.015625,-0.030000,0.000000,0.031250,0.000000,-0.076474,1,1.15,1.594,-43.953,1.812,-2.600929
1.650000,0.095,0.211083,0.060541,4.021,6.51,0.059868,-0.189463,-0.003820,-0.017800,-0.094,0.141,0.015625,-0.030000,0.000000,0.031250,0.000000,-0.076474,1,1.15,1.596,-43.950,1.812,-2.600748
1.652000,0.095,0.217790,0.063895,4.021,6.51,0.059881,-0.189841,-0.003858,-0.024090,-0.094,0.145,0.015625,-0.030000,0.000000,0.031250,0.000000,-0.076474,1,1.15,1.598,-43.947,1.812,-2.600569
1.654000,0.095,0.218831,0.064415,4.021,6.51,0.059962,-0.190234,-0.003973,-0.024624,-0.094,0.146,0.015625,-0.030000,0.000000,0.031250,0.000000,-0.076474,1,1.15,1.600,-43.944,1.812,-2.600402
1.656000,0.095,0.214733,0.062366,4.021,6.51,0.060051,-0.190630,-0.004156,-0.019946,-0.095,0.143,0.015625,-0.030000,0.000000,0.031250,0.000000,-0.076474,1,1.15,1.602,-43.941,1.812,-2.600236
1.658000,0.096,0.217153,0.063576,4.021,6.51,0.060097,-0.191020,-0.004255,-0.021877,-0.095,0.145,0.015625,-0.030000,0.000000,0.031250,0.000000,-0.076474,1,1.15,1.604,-43.938,1.812,-2.600063
1.660000,0.096,0.223704,0.066852,4.021,6.51,0.060167,-0.191415,-0.004295,-0.027994,-0.095,0.149,0.015625,-0.030000,0.000000,0.031250,0.000000,-0.076474,1,1.15,1.606,-43.935,1.812,-2.599894
1.662000,0.096,0.218453,0.064226,4.021,6.51,0.060300,-0.191823,-0.004405,-0.022225,-0.095,0.146,0.015625,-0.030000,0.000000,0.031250,0.000000,-0.076474,1,1.15,1.608,-43.932,1.812,-2.599735
1.664000,0.096,0.218822,0.064411,4.021,6.51,0.060379,-0.192222,-0.004528,-0.022072,-0.095,0.146,0.015625,-0.030000,0.000000,0.031250,0.000000,-0.076474,1,1.15,1.610,-43.929,1.811,-2.599567
1.666000,0.096,0.221118,0.065559,4.021,6.51,0.060459,-0.192621,-0.004627,-0.023870,-0.096,0.147,0.015625,-0.030000,0.000000,0.031250,0.000000,-0.076474,1,1.15,1.612,-43.926,1.811,-2.599399
1.668000,0.097,0.220892,0.065446,4.021,6.51,0.060561,-0.193025,-0.004758,-0.023109,-0.096,0.147,0.015625,-0.030000,0.000000,0.031250,0.000000,-0.076474,1,1.15,1.614,-43.923,1.811,-2.599233
1.670000,0.097,0.219286,0.064643,4.021,6.51,0.060659,-0.193429,-0.004810,-0.021047,-0.096,0.146,0.015625,-0.030000,0.000000,0.031250,0.000000,-0.076474,1,1.15,1.616,-43.920,1.810,-2.599067
1.672000,0.097,0.218485,0.064243,4.021,6.51,0.060739,-0.193831,-0.004988,-0.019666,-0.096,0.146,0.015625,-0.030000,0.000000,0.031250,0.000000,-0.076474,1,1.15,1.618,-43.917,1.810,-2.598898
1.674000,0.097,0.219376,0.064688,4.021,6.51,0.060809,-0.194231,-0.005100,-0.020045,-0.096,0.146,0.015625,-0.030000,0.000000,0.031250,0.000000,-0.076474,1,1.15,1.620,-43.914,1.810,-2.598727
1.676000,0.097,0.222739,0.066369,4.021,6.51,0.060886,-0.194634,-0.005158,-0.022947,-0.097,0.148,0.015625,-0.030000,0.000000,0.031250,0.000000,-0.076474,1,1.15,1.622,-43.911,1.809,-2.598556
1.678000,0.098,0.221803,0.065901,4.021,6.51,0.060996,-0.195043,-0.006499,-0.020260,-0.097,0.148,0.015625,-0.030000,0.000000,0.031250,0.000000,-0.076474,1,1.15,1.624,-43.908,1.809,-2.598390
1.680000,0.098,0.216245,0.063123,4.021,6.51,0.061094,-0.195452,-0.006820,-0.013973,-0.097,0.144,0.014062,-0.030000,0.000000,0.028125,0.000000,-0.068826,1,1.15,1.626,-43.905,1.809,-2.598223
1.682000,0.098,0.220219,0.065110,4.021,6.51,0.061135,-0.195852,-0.006889,-0.017479,-0.097,0.147,0.014062,-0.030000,0.000000,0.028125,0.000000,-0.068826,1,1.15,1.628,-43.902,1.809,-2.598045
1.684000,0.098,0.221236,0.065618,4.021,6.51,0.061214,-0.196259,-0.006989,-0.017988,-0.097,0.147,0.014062,-0.030000,0.000000,0.028125,0.000000,-0.068826,1,1.15,1.630,-43.899,1.809,-2.597873
1.686000,0.098,0.224092,0.067046,4.021,6.51,0.061302,-0.196669,-0.007033,-0.020389,-0.098,0.149,0.014062,-0.030000,0.000000,0.028125,0.000000,-0.068826,1,1.15,1.632,-43.896,1.808,-2.597703
1.688000,0.099,0.226285,0.068142,4.021,6.51,0.061417,-0.197086,-0.007255,-0.021943,-0.098,0.151,0.014062,-0.030000,0.000000,0.028125,0.000000,-0.068826,1,1.15,1.634,-43.893,1.808,-2.597537
1.690000,0.099,0.228020,0.069010,4.021,6.51,0.061551,-0.197509,-0.007430,-0.023081,-0.098,0.152,0.014062,-0.030000,0.000000,0.028125,0.000000,-0.068826,1,1.15,1.636,-43.890,1.808,-2.597374
1.692000,0.099,0.225086,0.067543,4.021,6.51,0.061701,-0.197935,-0.007629,-0.019522,-0.098,0.150,0.014062,-0.030000,0.000000,0.028125,0.000000,-0.068826,1,1.15,1.638,-43.887,1.808,-2.597213
1.694000,0.099,0.228050,0.069025,4.021,6.51,0.061817,-0.198357,-0.007693,-0.021999,-0.098,0.152,0.014062,-0.030000,0.000000,0.028125,0.000000,-0.068826,1,1.15,1.640,-43.884,1.808,-2.597047
1.696000,0.099,0.221513,0.065756,4.021,6.51,0.061962,-0.198786,-0.007909,-0.014818,-0.099,0.148,0.014062,-0.030000,0.000000,0.028125,0.000000,-0.068826,1,1.15,1.642,-43.881,1.808,-2.596884
1.698000,0.100,0.224250,0.067125,4.021,6.51,0.062038,-0.199204,-0.008011,-0.017036,-0.099,0.150,0.014062,-0.030000,0.000000,0.028125,0.000000,-0.068826,1,1.15,1.644,-43.878,1.808,-2.596709
1.700000,0.100,0.200674,0.055337,4.021,6.51,0.062139,-0.199628,0.000000,-0.001047,0.000,0.134,0.014062,-0.030000,0.000000,0.028125,0.000000,-0.068826,1,1.15,1.647,-43.875,1.808,-2.596539
1.702000,0.100,0.208347,0.059173,4.021,6.51,0.062004,-0.200010,-0.000053,-0.008284,0.000,0.139,0.014062,-0.030000,0.000000,0.028125,0.000000,-0.068826,1,1.15,1.649,-43.872,1.808,-2.596327
1.704000,0.100,0.210899,0.060449,4.021,6.51,0.061947,-0.200408,-0.000257,-0.010234,0.000,0.141,0.014062,-0.030000,0.000000,0.028125,0.000000,-0.068826,1,1.15,1.651,-43.869,1.808,-2.596127
1.706000,0.100,0.214138,0.062069,4.021,6.51,0.061917,-0.200814,-0.000409,-0.012915,0.000,0.143,0.014062,-0.030000,0.000000,0.028125,0.000000,-0.068826,1,1.15,1.653,-43.866,1.809,-2.595932
1.708000,0.101,0.217388,0.063694,4.021,6.51,0.061920,-0.201229,-0.000565,-0.015594,-0.100,0.145,0.014062,-0.030000,0.000000,0.028125,0.000000,-0.068826,1,1.15,1.655,-43.863,1.809,-2.595742
1.710000,0.101,0.222933,0.066467,4.021,6.51,0.061955,-0.201653,-0.000635,-0.020645,-0.100,0.149,0.014062,-0.030000,0.000000,0.028125,0.000000,-0.068826,1,1.15,1.657,-43.860,1.809,-2.595559
1.712000,0.101,0.218771,0.064385,4.021,6.51,0.062045,-0.202089,-0.000815,-0.015867,-0.100,0.146,0.014062,-0.030000,0.000000,0.028125,0.000000,-0.068826,1,1.15,1.659,-43.857,1.809,-2.595385
1.714000,0.101,0.221203,0.065602,4.021,6.51,0.062092,-0.202521,-0.000928,-0.017754,-0.100,0.147,0.014062,-0.030000,0.000000,0.028125,0.000000,-0.068826,1,1.15,1.661,-43.854,1.809,-2.595204
1.716000,0.101,0.223445,0.066722,4.021,6.51,0.062162,-0.202958,-0.001030,-0.019457,-0.101,0.149,0.014062,-0.030000,0.000000,0.028125,0.000000,-0.068826,1,1.15,1.663,-43.851,1.809,-2.595026
1.718000,0.102,0.228958,0.069479,4.021,6.51,0.062254,-0.203401,-0.001088,-0.024468,-0.101,0.153,0.014062,-0.030000,0.000000,0.028125,0.000000,-0.068826,1,1.15,1.665,-43.848,1.809,-2.594852
1.720000,0.102,0.227176,0.068588,4.021,6.51,0.062398,-0.203857,-0.001212,-0.022107,-0.101,0.151,0.014062,-0.030000,0.000000,0.028125,0.000000,-0.068826,1,1.15,1.667,-43.845,1.809,-2.594687
1.722000,0.102,0.227805,0.068902,4.021,6.51,0.062522,-0.204311,-0.001402,-0.022092,-0.101,0.152,0.014062,-0.030000,0.000000,0.028125,0.000000,-0.068826,1,1.15,1.669,-43.842,1.809,-2.594518
1.724000,0.102,0.232805,0.071403,4.021,6.51,0.062649,-0.204767,-0.001458,-0.026580,-0.101,0.155,0.014062,-0.030000,0.000000,0.028125,0.000000,-0.068826,1,1.15,1.671,-43.839,1.809,-2.594349
1.726000,0.103,0.233388,0.071694,4.021,6.51,0.062824,-0.205233,-0.001567,-0.026587,-0.102,0.156,0.014062,-0.030000,0.000000,0.028125,0.000000,-0.068826,1,1.15,1.673,-43.836,1.809,-2.594188
1.728000,0.103,0.227961,0.068981,4.021,6.51,0.063002,-0.205703,-0.003032,-0.019226,-0.102,0.152,0.014062,-0.030000,0.000000,0.028125,0.000000,-0.068826,1,1.15,1.675,-43.833,1.809,-2.594027
1.730000,0.103,0.229838,0.069919,4.021,6.51,0.063121,-0.206163,-0.003126,-0.020549,-0.102,0.153,0.014062,-0.030000,0.000000,0.028125,0.000000,-0.068826,1,1.15,1.677,-43.830,1.809,-2.593855
1.732000,0.103,0.240980,0.075490,4.021,6.51,0.063257,-0.206627,-0.003163,-0.031190,-0.102,0.161,0.014062,-0.030000,0.000000,0.028125,0.000000,-0.068826,1,1.15,1.679,-43.827,1.809,-2.593686
1.734000,0.104,0.238338,0.074169,4.021,6.51,0.063502,-0.207113,-0.003261,-0.027963,-0.103,0.159,0.014062,-0.030000,0.000000,0.028125,0.000000,-0.068826,1,1.15,1.681,-43.824,1.809,-2.593534
1.736000,0.104,0.238116,0.074058,4.021,6.51,0.063715,-0.207596,-0.003403,-0.027118,-0.103,0.159,0.014062,-0.030000,0.000000,0.028125,0.000000,-0.068826,1,1.15,1.683,-43.821,1.809,-2.593377
1.738000,0.104,0.242318,0.076159,4.021,6.51,0.063922,-0.208079,-0.003531,-0.030708,-0.103,0.162,0.014062,-0.030000,0.000000,0.028125,0.000000,-0.068826,1,1.15,1.685,-43.818,1.809,-2.593219
1.740000,0.104,0.241709,0.075854,4.021,6.51,0.064167,-0.208570,-0.003665,-0.029474,-0.103,0.161,0.014062,-0.030000,0.000000,0.028125,0.000000,-0.068826,1,1.15,1.687,-43.815,1.809,-2.593065
1.742000,0.105,0.232531,0.071265,4.021,6.51,0.064400,-0.209060,-0.003822,-0.019648,-0.104,0.155,0.014062,-0.030000,0.000000,0.028125,0.000000,-0.068826,1,1.15,1.690,-43.812,1.809,-2.592910
1.744000,0.105,0.231687,0.070844,4.021,6.51,0.064538,-0.209535,-0.003959,-0.018193,-0.104,0.154,0.014062,-0.030000,0.000000,0.028125,0.000000,-0.068826,1,1.15,1.692,-43.809,1.809,-2.592737
1.746000,0.105,0.231505,0.070753,4.021,6.51,0.064664,-0.210009,-0.004142,-0.017354,-0.104,0.154,0.014062,-0.030000,0.000000,0.028125,0.000000,-0.068826,1,1.15,1.694,-43.806,1.809,-2.592561
1.748000,0.105,0.236597,0.073299,4.021,6.51,0.064786,-0.210483,-0.004201,-0.021913,-0.104,0.158,0.014062,-0.030000,0.000000,0.028125,0.000000,-0.068826,1,1.15,1.696,-43.804,1.809,-2.592384
1.750000,0.105,0.237690,0.073845,4.021,6.51,0.064956,-0.210969,-0.004320,-0.022402,-0.105,0.158,0.014062,-0.030000,0.000000,0.028125,0.000000,-0.068826,1,1.15,1.698,-43.801,1.809,-2.592214
1.752000,0.106,0.238118,0.074059,4.021,6.51,0.065134,-0.211458,-0.004491,-0.022169,-0.105,0.159,0.014062,-0.030000,0.000000,0.028125,0.000000,-0.068826,1,1.15,1.700,-43.798,1.809,-2.592045
1.754000,0.106,0.240291,0.075145,4.021,6.51,0.065312,-0.211949,-0.004590,-0.023752,-0.105,0.160,0.014062,-0.030000,0.000000,0.028125,0.000000,-0.068826,1,1.15,1.702,-43.795,1.809,-2.591876
1.756000,0.106,0.242120,0.076060,4.021,6.51,0.065509,-0.212445,-0.004725,-0.024949,-0.105,0.161,0.014062,-0.030000,0.000000,0.028125,0.000000,-0.068826,1,1.15,1.704,-43.792,1.809,-2.591710
1.758000,0.106,0.243631,0.076816,4.021,6.51,0.065720,-0.212946,-0.004782,-0.025903,-0.105,0.162,0.014062,-0.030000,0.000000,0.028125,0.000000,-0.068826,1,1.15,1.706,-43.789,1.809,-2.591545
1.760000,0.107,0.242578,0.076289,4.021,6.51,0.065942,-0.213451,-0.004994,-0.024134,-0.106,0.162,0.014062,-0.030000,0.000000,0.028125,0.000000,-0.068826,1,1.15,1.708,-43.786,1.809,-2.591382
1.762000,0.107,0.244829,0.077415,4.021,6.51,0.066149,-0.213955,-0.005109,-0.025765,-0.106,0.163,0.014062,-0.030000,0.000000,0.028125,0.000000,-0.068826,1,1.15,1.710,-43.783,1.809,-2.591215
1.764000,0.107,0.251254,0.080627,4.021,6.51,0.066374,-0.214463,-0.005159,-0.031631,-0.106,0.168,0.014062,-0.030000,0.000000,0.028125,0.000000,-0.068826,1,1.15,1.712,-43.780,1.809,-2.591051
1.766000,0.107,0.252143,0.081072,4.021,6.51,0.066659,-0.214985,-0.005294,-0.031864,-0.106,0.168,0.014062,-0.030000,0.000000,0.028125,0.000000,-0.068826,1,1.15,1.714,-43.777,1.809,-2.590896
1.768000,0.108,0.247636,0.078818,4.021,6.51,0.066947,-0.215509,-0.005426,-0.026700,-0.107,0.165,0.014062,-0.030000,0.000000,0.028125,0.000000,-0.068826,1,1.15,1.716,-43.774,1.809,-2.590741
1.770000,0.108,0.251100,0.080550,4.021,6.51,0.067185,-0.216026,-0.005530,-0.029544,-0.107,0.167,0.014062,-0.030000,0.000000,0.028125,0.000000,-0.068826,1,1.15,1.718,-43.771,1.809,-2.590578
1.772000,0.108,0.257654,0.083827,4.021,6.51,0.067452,-0.216549,-0.005583,-0.035521,-0.107,0.172,0.014062,-0.030000,0.000000,0.028125,0.000000,-0.068826,1,1.15,1.720,-43.768,1.809,-2.590417
1.774000,0.109,0.252441,0.081221,4.021,6.51,0.067779,-0.217086,-0.005694,-0.029661,-0.107,0.168,0.014062,-0.030000,0.000000,0.028125,0.000000,-0.068826,1,1.15,1.723,-43.765,1.809,-2.590266
1.776000,0.109,0.252503,0.081251,4.021,6.51,0.068048,-0.217613,-0.005858,-0.029032,-0.108,0.168,0.014062,-0.030000,0.000000,0.028125,0.000000,-0.068826,1,1.15,1.725,-43.762,1.808,-2.590105
1.778000,0.109,0.250657,0.080328,4.021,6.51,0.068312,-0.218141,-0.007372,-0.025143,-0.108,0.167,0.014062,-0.030000,0.000000,0.028125,0.000000,-0.068826,1,1.15,1.727,-43.759,1.808,-2.589942
1.780000,0.109,0.251354,0.080677,4.021,6.51,0.068553,-0.218667,-0.007478,-0.025210,-0.108,0.168,0.012500,-0.030000,0.000000,0.025000,0.000000,-0.061179,1,1.15,1.729,-43.756,1.808,-2.589774
1.782000,0.110,0.244222,0.077111,4.021,6.51,0.068795,-0.219194,-0.007687,-0.017341,-0.109,0.163,0.012500,-0.030000,0.000000,0.025000,0.000000,-0.061179,1,1.15,1.731,-43.753,1.808,-2.589604
1.784000,0.110,0.242489,0.076244,4.021,6.51,0.068961,-0.219710,-0.007891,-0.014888,-0.109,0.162,0.012500,-0.030000,0.000000,0.025000,0.000000,-0.061179,1,1.15,1.733,-43.750,1.808,-2.589422
1.786000,0.110,0.244814,0.077407,4.021,6.51,0.069107,-0.220224,-0.007999,-0.016591,-0.109,0.163,0.012500,-0.030000,0.000000,0.025000,0.000000,-0.061179,1,1.15,1.735,-43.747,1.809,-2.589234
1.788000,0.110,0.256931,0.083466,4.021,6.51,0.069273,-0.220744,-0.008047,-0.028140,-0.109,0.171,0.012500,-0.030000,0.000000,0.025000,0.000000,-0.061179,1,1.15,1.737,-43.744,1.809,-2.589049
1.790000,0.111,0.256228,0.083114,4.021,6.51,0.069557,-0.221287,-0.008195,-0.026745,-0.110,0.171,0.012500,-0.030000,0.000000,0.025000,0.000000,-0.061179,1,1.15,1.739,-43.741,1.809,-2.588883
1.792000,0.111,0.257129,0.083565,4.021,6.51,0.069828,-0.221831,-0.008402,-0.026896,-0.110,0.171,0.012500,-0.030000,0.000000,0.025000,0.000000,-0.061179,1,1.15,1.741,-43.738,1.809,-2.588716
1.794000,0.111,0.260561,0.085281,4.021,6.51,0.070103,-0.222377,-0.008512,-0.029673,-0.110,0.174,0.012500,-0.030000,0.000000,0.025000,0.000000,-0.061179,1,1.15,1.743,-43.735,1.809,-2.588548
1.796000,0.111,0.269108,0.089554,4.021,6.51,0.070406,-0.222931,-0.008558,-0.037619,-0.110,0.179,0.012500,-0.030000,0.000000,0.025000,0.000000,-0.061179,1,1.15,1.745,-43.732,1.809,-2.588384
1.798000,0.112,0.263215,0.086607,4.021,6.51,0.070789,-0.223500,-0.008677,-0.031037,-0.111,0.175,0.012500,-0.030000,0.000000,0.025000,0.000000,-0.061179,1,1.15,1.747,-43.729,1.809,-2.588233
1.800000,0.112,0.225185,0.067593,4.021,6.51,0.071105,-0.224060,0.000000,-0.001125,0.000,0.150,0.012500,-0.030000,0.000000,0.025000,0.000000,-0.061179,1,1.15,1.750,-43.726,1.809,-2.588071
1.802000,0.112,0.230383,0.070191,4.021,6.51,0.071108,-0.224565,-0.000124,-0.005693,0.000,0.154,0.012500,-0.030000,0.000000,0.025000,0.000000,-0.061179,1,1.15,1.752,-43.723,1.809,-2.587853
1.804000,0.113,0.235020,0.072510,4.021,6.51,0.071089,-0.225067,-0.000266,-0.009688,0.000,0.157,0.012500,-0.030000,0.000000,0.025000,0.000000,-0.061179,1,1.15,1.754,-43.720,1.809,-2.587628
1.806000,0.113,0.245175,0.077587,4.021,6.51,0.071118,-0.225580,-0.000326,-0.019268,0.000,0.163,0.012500,-0.030000,0.000000,0.025000,0.000000,-0.061179,1,1.15,1.756,-43.718,1.809,-2.587411
1.808000,0.113,0.248166,0.079083,4.021,6.51,0.071247,-0.226115,-0.000603,-0.021448,-0.112,0.165,0.012500,-0.030000,0.000000,0.025000,0.000000,-0.061179,1,1.15,1.758,-43.715,1.809,-2.587211
1.810000,0.113,0.252750,0.081375,4.021,6.51,0.071404,-0.226658,-0.000725,-0.025367,-0.112,0.168,0.012500,-0.030000,0.000000,0.025000,0.000000,-0.061179,1,1.15,1.760,-43.712,1.809,-2.587017
1.812000,0.114,0.261984,0.085992,4.021,6.51,0.071603,-0.227211,-0.000773,-0.034000,-0.113,0.175,0.012500,-0.030000,0.000000,0.025000,0.000000,-0.061179,1,1.15,1.762,-43.709,1.809,-2.586829
1.814000,0.114,0.263642,0.086821,4.021,6.51,0.071891,-0.227783,-0.000904,-0.034955,-0.113,0.176,0.012500,-0.030000,0.000000,0.025000,0.000000,-0.061179,1,1.15,1.764,-43.706,1.809,-2.586656
1.816000,0.114,0.257742,0.083871,4.021,6.51,0.072189,-0.228359,-0.001133,-0.028250,-0.113,0.172,0.012500,-0.030000,0.000000,0.025000,0.000000,-0.061179,1,1.15,1.766,-43.703,1.809,-2.586485
1.818000,0.114,0.262540,0.086270,4.021,6.51,0.072423,-0.228926,-0.001236,-0.032378,-0.113,0.175,0.012500,-0.030000,0.000000,0.025000,0.000000,-0.061179,1,1.15,1.768,-43.700,1.809,-2.586302
1.820000,0.115,0.262950,0.086475,4.021,6.51,0.072700,-0.229502,-0.001376,-0.032073,-0.114,0.175,0.012500,-0.030000,0.000000,0.025000,0.000000,-0.061179,1,1.15,1.771,-43.697,1.809,-2.586125
1.822000,0.115,0.260806,0.085403,4.021,6.51,0.072975,-0.230080,-0.001439,-0.029286,-0.114,0.174,0.012500,-0.030000,0.000000,0.025000,0.000000,-0.061179,1,1.15,1.773,-43.694,1.809,-2.585947
1.824000,0.115,0.261346,0.085673,4.021,6.51,0.073224,-0.230655,-0.001578,-0.029113,-0.114,0.174,0.012500,-0.030000,0.000000,0.025000,0.000000,-0.061179,1,1.15,1.775,-43.691,1.809,-2.585764
1.826000,0.116,0.262513,0.086257,4.021,6.51,0.073473,-0.231232,-0.001783,-0.029498,-0.114,0.175,0.012500,-0.030000,0.000000,0.025000,0.000000,-0.061179,1,1.15,1.777,-43.688,1.809,-2.585579
1.828000,0.116,0.258815,0.084407,4.021,6.51,0.073728,-0.231812,-0.003395,-0.023607,-0.115,0.173,0.012500,-0.030000,0.000000,0.025000,0.000000,-0.061179,1,1.15,1.779,-43.685,1.809,-2.585395
1.830000,0.116,0.262016,0.086008,4.021,6.51,0.073942,-0.232387,-0.003487,-0.026141,-0.115,0.175,0.012500,-0.030000,0.000000,0.025000,0.000000,-0.061179,1,1.15,1.781,-43.682,1.809,-2.585203
1.832000,0.116,0.254666,0.082333,4.021,6.51,0.074183,-0.232969,-0.003799,-0.017898,-0.115,0.170,0.012500,-0.030000,0.000000,0.025000,0.000000,-0.061179,1,1.15,1.783,-43.679,1.809,-2.585014
1.834000,0.117,0.257797,0.083898,4.021,6.51,0.074346,-0.233540,-0.003891,-0.020366,-0.116,0.172,0.012500,-0.030000,0.000000,0.025000,0.000000,-0.061179,1,1.15,1.785,-43.676,1.809,-2.584811
1.836000,0.117,0.260542,0.085271,4.021,6.51,0.074537,-0.234117,-0.004018,-0.022407,-0.116,0.174,0.012500,-0.030000,0.000000,0.025000,0.000000,-0.061179,1,1.15,1.787,-43.673,1.809,-2.584612
1.838000,0.117,0.265468,0.087734,4.021,6.51,0.074752,-0.234700,-0.004167,-0.026601,-0.116,0.177,0.012500,-0.030000,0.000000,0.025000,0.000000,-0.061179,1,1.15,1.790,-43.670,1.809,-2.584416
1.840000,0.118,0.263606,0.086803,4.021,6.51,0.075012,-0.235295,-0.004317,-0.023994,-0.116,0.176,0.009375,-0.030000,0.000000,0.018750,0.000000,-0.045884,1,1.15,1.792,-43.667,1.809,-2.584227
1.842000,0.118,0.267574,0.088787,4.021,6.51,0.075248,-0.235888,-0.004446,-0.027240,-0.117,0.178,0.009375,-0.030000,0.000000,0.018750,0.000000,-0.045884,1,1.15,1.794,-43.665,1.809,-2.584034
1.844000,0.118,0.267250,0.088625,4.021,6.51,0.075518,-0.236489,-0.004560,-0.026201,-0.117,0.178,0.009375,-0.030000,0.000000,0.018750,0.000000,-0.045884,1,1.15,1.796,-43.662,1.809,-2.583846
1.846000,0.119,0.267902,0.088951,4.021,6.51,0.075780,-0.237091,-0.004697,-0.026113,-0.117,0.179,0.009375,-0.030000,0.000000,0.018750,0.000000,-0.045884,1,1.15,1.798,-43.659,1.809,-2.583656
1.848000,0.119,0.267949,0.088975,4.021,6.51,0.076044,-0.237696,-0.004883,-0.025370,-0.118,0.179,0.009375,-0.030000,0.000000,0.018750,0.000000,-0.045884,1,1.15,1.800,-43.656,1.809,-2.583464
1.850000,0.119,0.272418,0.091209,4.021,6.51,0.076302,-0.238301,-0.004969,-0.029148,-0.118,0.182,0.009375,-0.030000,0.000000,0.018750,0.000000,-0.045884,1,1.15,1.802,-43.653,1.809,-2.583272
1.852000,0.119,0.271262,0.090631,4.021,6.51,0.076600,-0.238916,-0.005183,-0.027163,-0.118,0.181,0.009375,-0.030000,0.000000,0.018750,0.000000,-0.045884,1,1.15,1.804,-43.650,1.809,-2.583084
1.854000,0.120,0.276980,0.093490,4.021,6.51,0.076881,-0.239531,-0.005248,-0.032201,-0.119,0.185,0.009375,-0.030000,0.000000,0.018750,0.000000,-0.045884,1,1.15,1.806,-43.647,1.809,-2.582893
1.856000,0.120,0.276813,0.093406,4.021,6.51,0.077213,-0.240157,-0.005425,-0.031231,-0.119,0.185,0.009375,-0.030000,0.000000,0.018750,0.000000,-0.045884,1,1.15,1.809,-43.644,1.809,-2.582710
1.858000,0.120,0.277573,0.093786,4.021,6.51,0.077537,-0.240783,-0.005623,-0.031166,-0.119,0.185,0.009375,-0.030000,0.000000,0.018750,0.000000,-0.045884,1,1.15,1.811,-43.641,1.809,-2.582525
1.860000,0.121,0.274316,0.092158,4.021,6.51,0.077862,-0.241412,-0.005797,-0.027107,-0.119,0.183,0.009375,-0.030000,0.000000,0.018750,0.000000,-0.045884,1,1.15,1.813,-43.638,1.809,-2.582339
1.862000,0.121,0.283326,0.096663,4.021,6.51,0.078148,-0.242036,-0.005861,-0.035429,-0.120,0.189,0.009375,-0.030000,0.000000,0.018750,0.000000,-0.045884,1,1.15,1.815,-43.635,1.809,-2.582145
1.864000,0.121,0.276035,0.093018,4.021,6.51,0.078518,-0.242677,-0.006115,-0.027243,-0.120,0.184,0.009375,-0.030000,0.000000,0.018750,0.000000,-0.045884,1,1.15,1.817,-43.632,1.809,-2.581964
1.866000,0.122,0.279630,0.094815,4.021,6.51,0.078808,-0.243307,-0.006223,-0.030100,-0.120,0.186,0.009375,-0.030000,0.000000,0.018750,0.000000,-0.045884,1,1.15,1.819,-43.629,1.809,-2.581769
1.868000,0.122,0.283334,0.096667,4.021,6.51,0.079128,-0.243943,-0.006338,-0.033052,-0.121,0.189,0.009375,-0.030000,0.000000,0.018750,0.000000,-0.045884,1,1.15,1.821,-43.626,1.809,-2.581577
1.870000,0.122,0.284996,0.097498,4.021,6.51,0.079479,-0.244587,-0.006488,-0.033921,-0.121,0.190,0.009375,-0.030000,0.000000,0.018750,0.000000,-0.045884,1,1.15,1.823,-43.624,1.809,-2.581389
1.872000,0.123,0.278621,0.094310,4.021,6.51,0.079839,-0.245236,-0.006663,-0.026722,-0.121,0.186,0.009375,-0.030000,0.000000,0.018750,0.000000,-0.045884,1,1.15,1.826,-43.621,1.809,-2.581203
1.874000,0.123,0.280975,0.095487,4.021,6.51,0.080129,-0.245874,-0.006833,-0.028268,-0.122,0.187,0.009375,-0.030000,0.000000,0.018750,0.000000,-0.045884,1,1.15,1.828,-43.618,1.809,-2.581003
1.876000,0.123,0.280739,0.095370,4.021,6.51,0.080436,-0.246517,-0.006963,-0.027259,-0.122,0.187,0.009375,-0.030000,0.000000,0.018750,0.000000,-0.045884,1,1.15,1.830,-43.615,1.809,-2.580804
1.878000,0.124,0.276798,0.093399,4.021,6.51,0.080735,-0.247161,-0.008666,-0.020970,-0.122,0.185,0.009375,-0.030000,0.000000,0.018750,0.000000,-0.045884,1,1.15,1.832,-43.612,1.809,-2.580603
1.880000,0.124,0.274430,0.092215,4.021,6.51,0.080988,-0.247800,-0.009103,-0.017527,-0.123,0.183,0.006250,-0.030000,0.000000,0.012500,0.000000,-0.030589,1,1.16,1.834,-43.609,1.809,-2.580393
1.882000,0.124,0.279896,0.094948,4.021,6.51,0.081213,-0.248436,-0.009188,-0.022272,-0.123,0.187,0.006250,-0.030000,0.000000,0.012500,0.000000,-0.030589,1,1.16,1.836,-43.606,1.809,-2.580177
1.884000,0.125,0.280074,0.095037,4.021,6.51,0.081487,-0.249083,-0.009393,-0.021597,-0.123,0.187,0.006250,-0.030000,0.000000,0.012500,0.000000,-0.030589,1,1.16,1.838,-43.603,1.809,-2.579968
1.886000,0.125,0.286114,0.098057,4.021,6.51,0.081758,-0.249733,-0.009464,-0.026917,-0.124,0.191,0.006250,-0.030000,0.000000,0.012500,0.000000,-0.030589,1,1.16,1.841,-43.600,1.809,-2.579758
1.888000,0.125,0.291360,0.100680,4.021,6.51,0.082084,-0.250395,-0.009634,-0.031331,-0.124,0.194,0.006250,-0.030000,0.000000,0.012500,0.000000,-0.030589,1,1.16,1.843,-43.597,1.809,-2.579557
1.890000,0.126,0.294949,0.102474,4.021,6.51,0.082456,-0.251068,-0.009820,-0.034061,-0.124,0.197,0.006250,-0.030000,0.000000,0.012500,0.000000,-0.030589,1,1.16,1.845,-43.594,1.809,-2.579362
1.892000,0.126,0.291522,0.100761,4.021,6.51,0.082856,-0.251749,-0.009991,-0.029782,-0.125,0.194,0.006250,-0.030000,0.000000,0.012500,0.000000,-0.030589,1,1.16,1.847,-43.591,1.809,-2.579172
1.894000,0.126,0.293718,0.101859,4.021,6.51,0.083214,-0.252425,-0.010152,-0.031141,-0.125,0.196,0.006250,-0.030000,0.000000,0.012500,0.000000,-0.030589,1,1.16,1.849,-43.589,1.809,-2.578974
1.896000,0.127,0.287641,0.098821,4.021,6.51,0.083587,-0.253105,-0.010345,-0.024191,-0.125,0.192,0.006250,-0.030000,0.000000,0.012500,0.000000,-0.030589,1,1.16,1.851,-43.586,1.809,-2.578776
1.898000,0.127,0.289567,0.099784,4.021,6.51,0.083892,-0.253776,-0.010487,-0.025304,-0.126,0.193,0.006250,-0.030000,0.000000,0.012500,0.000000,-0.030589,1,1.16,1.853,-43.583,1.809,-2.578566
1.900000,0.127,0.255675,0.082837,4.021,6.51,0.084210,-0.254451,0.000000,-0.001224,0.000,0.170,0.006250,-0.030000,0.000000,0.012500,0.000000,-0.030589,1,1.16,1.856,-43.580,1.809,-2.578356
1.902000,0.128,0.261729,0.085865,4.021,6.51,0.084240,-0.255078,-0.000152,-0.006500,0.000,0.174,0.006250,-0.030000,0.000000,0.012500,0.000000,-0.030589,1,1.16,1.858,-43.577,1.809,-2.578096
1.904000,0.128,0.266908,0.088454,4.021,6.51,0.084273,-0.255706,-0.000336,-0.010866,0.000,0.178,0.006250,-0.030000,0.000000,0.012500,0.000000,-0.030589,1,1.16,1.860,-43.574,1.809,-2.577833
1.906000,0.128,0.273777,0.091888,4.021,6.51,0.084356,-0.256348,-0.000471,-0.016958,0.000,0.183,0.006250,-0.030000,0.000000,0.012500,0.000000,-0.030589,1,1.16,1.862,-43.571,1.809,-2.577578
1.908000,0.129,0.288871,0.099436,4.021,6.51,0.084507,-0.257005,-0.000529,-0.031337,-0.127,0.193,0.006250,-0.030000,0.000000,0.012500,0.000000,-0.030589,1,1.16,1.864,-43.568,1.810,-2.577335
1.910000,0.129,0.300000,0.105000,4.021,6.51,0.084805,-0.257693,-0.000593,-0.044108,-0.128,0.200,0.006250,-0.030000,0.000000,0.012500,0.000000,-0.030589,1,1.16,1.866,-43.565,1.810,-2.577117
1.912000,0.129,0.300000,0.105000,4.021,6.51,0.085209,-0.258403,-0.000844,-0.042482,-0.128,0.200,0.006250,-0.030000,0.000000,0.012500,0.000000,-0.030589,1,1.16,1.869,-43.562,1.810,-2.576918
1.914000,0.130,0.300000,0.105000,4.021,6.51,0.085605,-0.259115,-0.001141,-0.041225,-0.128,0.200,0.006250,-0.030000,0.000000,0.012500,0.000000,-0.030589,1,1.16,1.871,-43.560,1.810,-2.576717
1.916000,0.130,0.300000,0.105000,4.021,6.51,0.085992,-0.259828,-0.001298,-0.041013,-0.129,0.200,0.006250,-0.030000,0.000000,0.012500,0.000000,-0.030589,1,1.16,1.873,-43.557,1.810,-2.576513
1.918000,0.130,0.296804,0.103402,4.021,6.51,0.086373,-0.260542,-0.001412,-0.034850,-0.129,0.198,0.006250,-0.030000,0.000000,0.012500,0.000000,-0.030589,1,1.16,1.875,-43.554,1.810,-2.576306
1.920000,0.131,0.285808,0.097904,4.021,6.51,0.086713,-0.261251,-0.001936,-0.022621,-0.129,0.191,0.006250,-0.030000,0.000000,0.012500,0.000000,-0.030589,1,1.16,1.877,-43.551,1.809,-2.576091
1.922000,0.131,0.288608,0.099304,4.021,6.51,0.086937,-0.261942,-0.002098,-0.024569,-0.130,0.192,0.006250,-0.030000,0.000000,0.012500,0.000000,-0.030589,1,1.16,1.879,-43.548,1.809,-2.575855
1.924000,0.131,0.300000,0.105000,4.021,6.51,0.087185,-0.262638,-0.002161,-0.035807,-0.130,0.200,0.006250,-0.030000,0.000000,0.012500,0.000000,-0.030589,1,1.16,1.882,-43.545,1.809,-2.575621
1.926000,0.132,0.300000,0.105000,4.021,6.51,0.087541,-0.263357,-0.002333,-0.035450,-0.130,0.200,0.006250,-0.030000,0.000000,0.012500,0.000000,-0.030589,1,1.16,1.884,-43.542,1.809,-2.575404
1.928000,0.132,0.297725,0.103862,4.021,6.51,0.087890,-0.264078,-0.002581,-0.031066,-0.131,0.198,0.006250,-0.030000,0.000000,0.012500,0.000000,-0.030589,1,1.16,1.886,-43.539,1.809,-2.575186
1.930000,0.132,0.299051,0.104525,4.021,6.51,0.088209,-0.264796,-0.004444,-0.029810,-0.131,0.199,0.006250,-0.030000,0.000000,0.012500,0.000000,-0.030589,1,1.16,1.888,-43.536,1.809,-2.574961
1.932000,0.133,0.300000,0.105000,4.021,6.51,0.088536,-0.265518,-0.004611,-0.029956,-0.131,0.200,0.006250,-0.030000,0.000000,0.012500,0.000000,-0.030589,1,1.16,1.890,-43.533,1.809,-2.574736
1.934000,0.133,0.293600,0.101800,4.021,6.51,0.088865,-0.266243,-0.004749,-0.022608,-0.132,0.196,0.006250,-0.030000,0.000000,0.012500,0.000000,-0.030589,1,1.16,1.893,-43.531,1.809,-2.574511
1.936000,0.133,0.293438,0.101719,4.021,6.51,0.089124,-0.266959,-0.004965,-0.021514,-0.132,0.196,0.006250,-0.030000,0.000000,0.012500,0.000000,-0.030589,1,1.16,1.895,-43.528,1.809,-2.574272
1.938000,0.134,0.300000,0.105000,4.021,6.51,0.089376,-0.267675,-0.005037,-0.031017,-0.132,0.200,0.006250,-0.030000,0.000000,0.012500,0.000000,-0.030589,1,1.16,1.897,-43.525,1.809,-2.574031
1.940000,0.134,0.300000,0.105000,4.021,6.51,0.089688,-0.268405,-0.005169,-0.037927,-0.133,0.200,0.003125,-0.030000,0.000000,0.006250,0.000000,-0.015295,1,1.16,1.899,-43.522,1.809,-2.573799
1.942000,0.135,0.300000,0.105000,4.021,6.51,0.089994,-0.269138,-0.005370,-0.037079,-0.133,0.200,0.003125,-0.030000,0.000000,0.006250,0.000000,-0.015295,1,1.16,1.901,-43.519,1.809,-2.573565
1.944000,0.135,0.300000,0.105000,4.021,6.51,0.090294,-0.269873,-0.005572,-0.034995,-0.133,0.200,0.003125,-0.030000,0.000000,0.006250,0.000000,-0.015295,1,1.16,1.903,-43.516,1.809,-2.573329
1.946000,0.135,0.300000,0.105000,4.021,6.51,0.090588,-0.270609,-0.005724,-0.037115,-0.134,0.200,0.003125,-0.030000,0.000000,0.006250,0.000000,-0.015295,1,1.16,1.906,-43.513,1.809,-2.573091
1.948000,0.136,0.300000,0.105000,4.021,6.51,0.090877,-0.271347,-0.005896,-0.029605,-0.134,0.200,0.003125,-0.030000,0.000000,0.006250,0.000000,-0.015295,1,1.16,1.908,-43.510,1.809,-2.572850
1.950000,0.136,0.300000,0.105000,4.021,6.51,0.091159,-0.272087,-0.005967,-0.036392,-0.135,0.200,0.003125,-0.030000,0.000000,0.006250,0.000000,-0.015295,1,1.16,1.910,-43.508,1.810,-2.572607
1.952000,0.136,0.300000,0.105000,4.021,6.51,0.091436,-0.272830,-0.006207,-0.035709,-0.135,0.200,0.003125,-0.030000,0.000000,0.006250,0.000000,-0.015295,1,1.16,1.912,-43.505,1.810,-2.572362
1.954000,0.137,0.300000,0.105000,4.021,6.51,0.091707,-0.273574,-0.006372,-0.036967,-0.135,0.200,0.003125,-0.030000,0.000000,0.006250,0.000000,-0.015295,1,1.16,1.914,-43.502,1.810,-2.572116
1.956000,0.137,0.300000,0.105000,4.021,6.51,0.091973,-0.274321,-0.006513,-0.037716,-0.136,0.200,0.003125,-0.030000,0.000000,0.006250,0.000000,-0.015295,1,1.16,1.917,-43.499,1.810,-2.571867
1.958000,0.138,0.300000,0.105000,4.021,6.51,0.092234,-0.275070,-0.006585,-0.046071,-0.136,0.200,0.003125,-0.030000,0.000000,0.006250,0.000000,-0.015295,1,1.16,1.919,-43.496,1.810,-2.571616
1.960000,0.138,0.300000,0.105000,4.021,6.51,0.092489,-0.275821,-0.006759,-0.037810,-0.136,0.200,0.003125,-0.030000,0.000000,0.006250,0.000000,-0.015295,1,1.16,1.921,-43.493,1.810,-2.571363
1.962000,0.138,0.300000,0.105000,4.021,6.51,0.092739,-0.276575,-0.006901,-0.040976,-0.137,0.200,0.003125,-0.030000,0.000000,0.006250,0.000000,-0.015295,1,1.16,1.923,-43.490,1.810,-2.571108
1.964000,0.139,0.300000,0.105000,4.021,6.51,0.092984,-0.277331,-0.007071,-0.040969,-0.137,0.200,0.003125,-0.030000,0.000000,0.006250,0.000000,-0.015295,1,1.16,1.925,-43.487,1.810,-2.570851
1.966000,0.139,0.300000,0.105000,4.021,6.51,0.093225,-0.278090,-0.007152,-0.046640,-0.138,0.200,0.003125,-0.030000,0.000000,0.006250,0.000000,-0.015295,1,1.16,1.928,-43.485,1.810,-2.570592
1.968000,0.139,0.300000,0.105000,4.021,6.51,0.093460,-0.278851,-0.007374,-0.037233,-0.138,0.200,0.003125,-0.030000,0.000000,0.006250,0.000000,-0.015295,1,1.16,1.930,-43.482,1.810,-2.570332
1.970000,0.140,0.300000,0.105000,4.021,6.51,0.093691,-0.279614,-0.007640,-0.035308,-0.138,0.200,0.003125,-0.030000,0.000000,0.006250,0.000000,-0.015295,1,1.16,1.932,-43.479,1.810,-2.570069
1.972000,0.140,0.300000,0.105000,4.021,6.51,0.093917,-0.280381,-0.007726,-0.040425,-0.139,0.200,0.003125,-0.030000,0.000000,0.006250,0.000000,-0.015295,1,1.16,1.934,-43.476,1.810,-2.569805
1.974000,0.141,0.300000,0.105000,4.021,6.51,0.094139,-0.281150,-0.007784,-0.052854,-0.139,0.200,0.003125,-0.030000,0.000000,0.006250,0.000000,-0.015295,1,1.16,1.937,-43.473,1.810,-2.569539
1.976000,0.141,0.300000,0.105000,4.021,6.51,0.094356,-0.281922,-0.008154,-0.042823,-0.139,0.200,0.003125,-0.030000,0.000000,0.006250,0.000000,-0.015295,1,1.16,1.939,-43.470,1.811,-2.569271
1.978000,0.141,0.300000,0.105000,4.021,6.51,0.094569,-0.282697,-0.008310,-0.045098,-0.140,0.200,0.003125,-0.030000,0.000000,0.006250,0.000000,-0.015295,1,1.16,1.941,-43.467,1.811,-2.569002
1.980000,0.142,0.300000,0.105000,4.021,6.51,0.094778,-0.283474,-0.010270,-0.041638,-0.140,0.200,-0.001563,-0.030000,0.000000,-0.003125,0.000000,0.007647,1,1.16,1.943,-43.465,1.811,-2.568730
1.982000,0.142,0.300000,0.105000,4.021,6.51,0.094982,-0.284254,-0.010400,-0.037631,-0.141,0.200,-0.001563,-0.030000,0.000000,-0.003125,0.000000,0.007647,1,1.16,1.945,-43.462,1.811,-2.568457
1.984000,0.143,0.300000,0.105000,4.021,6.51,0.095182,-0.285038,-0.010767,-0.022078,-0.141,0.200,-0.001563,-0.030000,0.000000,-0.003125,0.000000,0.007647,1,1.16,1.948,-43.459,1.811,-2.568183
1.986000,0.143,0.300000,0.105000,4.021,6.51,0.095379,-0.285824,-0.010850,-0.032725,-0.141,0.200,-0.001563,-0.030000,0.000000,-0.003125,0.000000,0.007647,1,1.16,1.950,-43.456,1.811,-2.567906
1.988000,0.143,0.300000,0.105000,4.021,6.51,0.095571,-0.286613,-0.011114,-0.029956,-0.142,0.200,-0.001563,-0.030000,0.000000,-0.003125,0.000000,0.007647,1,1.16,1.952,-43.453,1.811,-2.567628
1.990000,0.144,0.300000,0.105000,4.021,6.51,0.095760,-0.287405,-0.011199,-0.042836,-0.142,0.200,-0.001563,-0.030000,0.000000,-0.003125,0.000000,0.007647,1,1.16,1.954,-43.450,1.811,-2.567349
1.992000,0.144,0.300000,0.105000,4.021,6.51,0.095945,-0.288201,-0.011424,-0.039439,-0.143,0.200,-0.001563,-0.030000,0.000000,-0.003125,0.000000,0.007647,1,1.16,1.957,-43.447,1.811,-2.567068
1.994000,0.144,0.300000,0.105000,4.021,6.51,0.096126,-0.288999,-0.011661,-0.041264,-0.143,0.200,-0.001563,-0.030000,0.000000,-0.003125,0.000000,0.007647,1,1.16,1.959,-43.445,1.811,-2.566785
1.996000,0.145,0.300000,0.105000,4.021,6.51,0.096303,-0.289801,-0.011853,-0.033729,-0.143,0.200,-0.001563,-0.030000,0.000000,-0.003125,0.000000,0.007647,1,1.16,1.961,-43.442,1.811,-2.566501
1.998000,0.145,0.300000,0.105000,4.021,6.51,0.096477,-0.290606,-0.012255,-0.032363,-0.144,0.200,-0.001563,-0.030000,0.000000,-0.003125,0.000000,0.007647,1,1.16,1.963,-43.439,1.811,-2.566215
2.000000,0.146,0.292755,0.101378,4.021,6.51,0.096648,-0.291414,0.000000,-0.001342,0.000,0.195,-0.001563,-0.030000,0.000000,-0.003125,0.000000,0.007647,1,1.16,1.966,-43.436,1.812,-2.565928
2.002000,0.146,0.297798,0.103899,4.021,6.51,0.096742,-0.292212,-0.000295,-0.005290,0.000,0.199,-0.001563,-0.030000,0.000000,-0.003125,0.000000,0.007647,1,1.16,1.968,-43.433,1.812,-2.565627
2.004000,0.147,0.300000,0.105000,4.021,6.51,0.096885,-0.293023,-0.000403,-0.016342,0.000,0.200,-0.001563,-0.030000,0.000000,-0.003125,0.000000,0.007647,1,1.16,1.970,-43.430,1.812,-2.565333
2.006000,0.147,0.300000,0.105000,4.021,6.51,0.097048,-0.293841,-0.000463,-0.036366,0.000,0.200,-0.001563,-0.030000,0.000000,-0.003125,0.000000,0.007647,1,1.16,1.972,-43.428,1.812,-2.565042
2.008000,0.147,0.300000,0.105000,4.021,6.51,0.097207,-0.294663,-0.000766,-0.040358,-0.146,0.200,-0.001563,-0.030000,0.000000,-0.003125,0.000000,0.007647,1,1.16,1.975,-43.425,1.812,-2.564749
2.010000,0.148,0.300000,0.105000,4.021,6.51,0.097362,-0.295489,-0.000926,-0.046663,-0.146,0.200,-0.001563,-0.030000,0.000000,-0.003125,0.000000,0.007647,1,1.16,1.977,-43.422,1.812,-2.564455
2.012000,0.148,0.300000,0.105000,4.021,6.51,0.097515,-0.296318,-0.000988,-0.062627,-0.147,0.200,-0.001563,-0.030000,0.000000,-0.003125,0.000000,0.007647,1,1.16,1.979,-43.419,1.812,-2.564160
2.014000,0.149,0.300000,0.105000,4.021,6.51,0.097665,-0.297151,-0.001153,-0.059035,-0.147,0.200,-0.001563,-0.030000,0.000000,-0.003125,0.000000,0.007647,1,1.16,1.981,-43.416,1.812,-2.563863
2.016000,0.149,0.300000,0.105000,4.021,6.51,0.097812,-0.297987,-0.001435,-0.043434,-0.147,0.200,-0.001563,-0.030000,0.000000,-0.003125,0.000000,0.007647,1,1.16,1.984,-43.413,1.812,-2.563565
2.018000,0.149,0.300000,0.105000,4.021,6.51,0.097955,-0.298827,-0.001638,-0.045638,-0.148,0.200,-0.001563,-0.030000,0.000000,-0.003125,0.000000,0.007647,1,1.16,1.986,-43.411,1.812,-2.563266
2.020000,0.150,0.300000,0.105000,4.021,6.51,0.098096,-0.299671,-0.001702,-0.057726,-0.148,0.200,-0.001563,-0.030000,0.000000,-0.003125,0.000000,0.007647,1,1.16,1.988,-43.408,1.812,-2.562965
2.022000,0.150,0.300000,0.105000,4.021,6.51,0.098234,-0.300518,-0.001859,-0.045923,-0.149,0.200,-0.001563,-0.030000,0.000000,-0.003125,0.000000,0.007647,1,1.16,1.990,-43.405,1.813,-2.562663
2.024000,0.151,0.300000,0.105000,4.021,6.51,0.098370,-0.301369,-0.002044,-0.045397,-0.149,0.200,-0.001563,-0.030000,0.000000,-0.003125,0.000000,0.007647,1,1.16,1.993,-43.402,1.813,-2.562359
2.026000,0.151,0.300000,0.105000,4.021,6.51,0.098502,-0.302223,-0.002229,-0.047937,-0.149,0.200,-0.001563,-0.030000,0.000000,-0.003125,0.000000,0.007647,1,1.16,1.995,-43.399,1.813,-2.562054
2.028000,0.152,0.300000,0.105000,4.021,6.51,0.098632,-0.303082,-0.002386,-0.050057,-0.150,0.200,-0.001563,-0.030000,0.000000,-0.003125,0.000000,0.007647,1,1.16,1.997,-43.397,1.813,-2.561749
2.030000,0.152,0.300000,0.105000,4.021,6.51,0.098760,-0.303944,-0.004453,-0.030956,-0.150,0.200,-0.001563,-0.030000,0.000000,-0.003125,0.000000,0.007647,1,1.16,2.000,-43.394,1.813,-2.561441
2.032000,0.152,0.300000,0.105000,4.021,6.51,0.098884,-0.304810,-0.004985,-0.025326,-0.151,0.200,-0.001563,-0.030000,0.000000,-0.003125,0.000000,0.007647,1,1.16,2.002,-43.391,1.813,-2.561132
2.034000,0.153,0.300000,0.105000,4.021,6.51,0.099007,-0.305681,-0.005069,-0.034238,-0.151,0.200,-0.001563,-0.030000,0.000000,-0.003125,0.000000,0.007647,1,1.16,2.004,-43.388,1.813,-2.560822
2.036000,0.153,0.300000,0.105000,4.021,6.51,0.099127,-0.306555,-0.005434,-0.030953,-0.152,0.200,-0.001563,-0.030000,0.000000,-0.003125,0.000000,0.007647,1,1.16,2.006,-43.385,1.813,-2.560511
2.038000,0.154,0.300000,0.105000,4.021,6.51,0.099244,-0.307433,-0.005654,-0.028767,-0.152,0.200,-0.001563,-0.030000,0.000000,-0.003125,0.000000,0.007647,1,1.16,2.009,-43.382,1.813,-2.560199
2.040000,0.154,0.300000,0.105000,4.021,6.51,0.099359,-0.308315,-0.005871,-0.034403,-0.152,0.200,-0.004688,-0.030000,0.000000,-0.009375,0.000000,0.022942,1,1.17,2.011,-43.380,1.813,-2.559885
2.042000,0.155,0.300000,0.105000,4.021,6.51,0.099472,-0.309202,-0.006081,-0.038457,-0.153,0.200,-0.004688,-0.030000,0.000000,-0.009375,0.000000,0.022942,1,1.17,2.013,-43.377,1.813,-2.559570
2.044000,0.155,0.300000,0.105000,4.021,6.51,0.099582,-0.310093,-0.006167,-0.038506,-0.153,0.200,-0.004688,-0.030000,0.000000,-0.009375,0.000000,0.022942,1,1.17,2.016,-43.374,1.814,-2.559254
2.046000,0.155,0.300000,0.105000,4.021,6.51,0.099691,-0.310988,-0.006340,-0.042877,-0.154,0.200,-0.004688,-0.030000,0.000000,-0.009375,0.000000,0.022942,1,1.17,2.018,-43.371,1.814,-2.558937
2.048000,0.156,0.300000,0.105000,4.021,6.51,0.099797,-0.311887,-0.006600,-0.042151,-0.154,0.200,-0.004688,-0.030000,0.000000,-0.009375,0.000000,0.022942,1,1.17,2.020,-43.368,1.814,-2.558619
2.050000,0.156,0.300000,0.105000,4.021,6.51,0.099901,-0.312790,-0.006871,-0.041101,-0.155,0.200,-0.004688,-0.030000,0.000000,-0.009375,0.000000,0.022942,1,1.17,2.022,-43.366,1.814,-2.558299
2.052000,0.157,0.300000,0.105000,4.021,6.51,0.100003,-0.313698,-0.006960,-0.050461,-0.155,0.200,-0.004688,-0.030000,0.000000,-0.009375,0.000000,0.022942,1,1.17,2.025,-43.363,1.814,-2.557978
2.054000,0.157,0.300000,0.105000,4.021,6.51,0.100103,-0.314610,-0.007152,-0.042042,-0.155,0.200,-0.004688,-0.030000,0.000000,-0.009375,0.000000,0.022942,1,1.17,2.027,-43.360,1.814,-2.557656
2.056000,0.158,0.300000,0.105000,4.021,6.51,0.100201,-0.315527,-0.007369,-0.040672,-0.156,0.200,-0.004688,-0.030000,0.000000,-0.009375,0.000000,0.022942,1,1.17,2.029,-43.357,1.814,-2.557333
2.058000,0.158,0.300000,0.105000,4.021,6.51,0.100297,-0.316448,-0.007615,-0.041187,-0.156,0.200,-0.004688,-0.030000,0.000000,-0.009375,0.000000,0.022942,1,1.17,2.032,-43.354,1.814,-2.557009
2.060000,0.159,0.300000,0.105000,4.021,6.51,0.100391,-0.317374,-0.007709,-0.051616,-0.157,0.200,-0.004688,-0.030000,0.000000,-0.009375,0.000000,0.022942,1,1.17,2.034,-43.352,1.815,-2.556683
2.062000,0.159,0.300000,0.105000,4.021,6.51,0.100483,-0.318305,-0.007781,-0.056323,-0.157,0.200,-0.004688,-0.030000,0.000000,-0.009375,0.000000,0.022942,1,1.17,2.036,-43.349,1.815,-2.556356
2.064000,0.160,0.300000,0.105000,4.021,6.51,0.100573,-0.319240,-0.008151,-0.052881,-0.158,0.200,-0.004688,-0.030000,0.000000,-0.009375,0.000000,0.022942,1,1.17,2.039,-43.346,1.815,-2.556029
2.066000,0.160,0.300000,0.105000,4.021,6.51,0.100662,-0.320179,-0.008353,-0.053626,-0.158,0.200,-0.004688,-0.030000,0.000000,-0.009375,0.000000,0.022942,1,1.17,2.041,-43.343,1.815,-2.555700
2.068000,0.161,0.300000,0.105000,4.021,6.51,0.100749,-0.321124,-0.008588,-0.054167,-0.159,0.200,-0.004688,-0.030000,0.000000,-0.009375,0.000000,0.022942,1,1.17,2.043,-43.340,1.815,-2.555370
2.070000,0.161,0.300000,0.105000,4.021,6.51,0.100834,-0.322073,-0.008701,-0.052123,-0.159,0.200,-0.004688,-0.030000,0.000000,-0.009375,0.000000,0.022942,1,1.17,2.046,-43.338,1.815,-2.555039
2.072000,0.162,0.300000,0.105000,4.021,6.51,0.100917,-0.323027,-0.009012,-0.036466,-0.160,0.200,-0.004688,-0.030000,0.000000,-0.009375,0.000000,0.022942,1,1.17,2.048,-43.335,1.815,-2.554707
2.074000,0.162,0.300000,0.105000,4.021,6.51,0.100999,-0.323985,-0.009185,-0.041410,-0.160,0.200,-0.004688,-0.030000,0.000000,-0.009375,0.000000,0.022942,1,1.17,2.050,-43.332,1.816,-2.554373
2.076000,0.162,0.300000,0.105000,4.021,6.51,0.101079,-0.324949,-0.009376,-0.042164,-0.161,0.200,-0.004688,-0.030000,0.000000,-0.009375,0.000000,0.022942,1,1.17,2.053,-43.329,1.816,-2.554039
2.078000,0.163,0.300000,0.105000,4.021,6.51,0.101157,-0.325917,-0.009466,-0.053373,-0.161,0.200,-0.004688,-0.030000,0.000000,-0.009375,0.000000,0.022942,1,1.17,2.055,-43.327,1.816,-2.553703
2.080000,0.163,0.300000,0.105000,4.021,6.51,0.101234,-0.326891,-0.009779,-0.044845,-0.162,0.200,-0.004688,-0.030000,0.000000,-0.009375,0.000000,0.022942,1,1.17,2.057,-43.324,1.816,-2.553366
2.082000,0.164,0.300000,0.105000,4.021,6.51,0.101309,-0.327869,-0.012003,-0.040621,-0.162,0.200,-0.004688,-0.030000,0.000000,-0.009375,0.000000,0.022942,1,1.17,2.060,-43.321,1.816,-2.553029
2.084000,0.164,0.300000,0.105000,4.021,6.51,0.101383,-0.328853,-0.012133,-0.044065,-0.162,0.200,-0.004688,-0.030000,0.000000,-0.009375,0.000000,0.022942,1,1.17,2.062,-43.318,1.816,-2.552690
2.086000,0.165,0.300000,0.105000,4.021,6.51,0.101455,-0.329841,-0.012193,-0.063239,-0.163,0.200,-0.004688,-0.030000,0.000000,-0.009375,0.000000,0.022942,1,1.17,2.064,-43.316,1.816,-2.552350
2.088000,0.165,0.300000,0.105000,4.021,6.51,0.101526,-0.330835,-0.012600,-0.049611,-0.163,0.200,-0.004688,-0.030000,0.000000,-0.009375,0.000000,0.022942,1,1.17,2.067,-43.313,1.817,-2.552009
2.090000,0.166,0.300000,0.105000,4.021,6.51,0.101596,-0.331834,-0.012744,-0.055993,-0.164,0.200,-0.004688,-0.030000,0.000000,-0.009375,0.000000,0.022942,1,1.17,2.069,-43.310,1.817,-2.551667
2.092000,0.166,0.300000,0.105000,4.021,6.51,0.101664,-0.332838,-0.012937,-0.063960,-0.164,0.200,-0.004688,-0.030000,0.000000,-0.009375,0.000000,0.022942,1,1.17,2.071,-43.307,1.817,-2.551324
2.094000,0.167,0.300000,0.105000,4.021,6.51,0.101731,-0.333847,-0.013035,-0.068709,-0.165,0.200,-0.004688,-0.030000,0.000000,-0.009375,0.000000,0.022942,1,1.17,2.074,-43.304,1.817,-2.550980
2.096000,0.167,0.300000,0.105000,4.021,6.51,0.101796,-0.334861,-0.013360,-0.046579,-0.165,0.200,-0.004688,-0.030000,0.000000,-0.009375,0.000000,0.022942,1,1.17,2.076,-43.302,1.817,-2.550634
2.098000,0.168,0.300000,0.105000,4.021,6.51,0.101860,-0.335881,-0.013506,-0.054293,-0.166,0.200,-0.004688,-0.030000,0.000000,-0.009375,0.000000,0.022942,1,1.17,2.078,-43.299,1.817,-2.550288
2.100000,0.168,0.300000,0.123000,4.141,6.51,0.101923,-0.336906,0.000000,-0.001491,0.000,0.200,-0.009375,-0.018000,0.000000,-0.018750,0.000000,0.045884,1,1.18,2.081,-43.296,1.818,-2.549940
2.102000,0.169,0.300000,0.123000,4.141,6.55,0.102267,-0.337939,-0.000242,-0.008711,0.000,0.200,-0.009375,-0.018000,0.000000,-0.018750,0.000000,0.045884,1,1.18,2.083,-43.293,1.824,-2.549633
2.104000,0.169,0.300000,0.123000,4.141,6.58,0.102681,-0.338967,-0.000624,-0.013269,0.000,0.200,-0.009375,-0.018000,0.000000,-0.018750,0.000000,0.045884,1,1.18,2.085,-43.291,1.834,-2.549339
2.106000,0.170,0.300000,0.123000,4.141,6.61,0.103088,-0.339987,-0.000914,-0.019250,0.000,0.200,-0.009375,-0.018000,0.000000,-0.018750,0.000000,0.045884,1,1.18,2.088,-43.288,1.842,-2.549045
2.108000,0.171,0.300000,0.123000,4.141,6.63,0.103486,-0.341023,-0.001014,-0.036934,-0.168,0.200,-0.009375,-0.018000,0.000000,-0.018750,0.000000,0.045884,1,1.18,2.090,-43.285,1.848,-2.548747
2.110000,0.171,0.300000,0.123000,4.141,6.64,0.103876,-0.342077,-0.001083,-0.061593,-0.169,0.200,-0.009375,-0.018000,0.000000,-0.018750,0.000000,0.045884,1,1.18,2.093,-43.282,1.853,-2.548444
2.112000,0.172,0.300000,0.123000,4.141,6.66,0.104259,-0.343147,-0.001442,-0.059475,-0.169,0.200,-0.009375,-0.018000,0.000000,-0.018750,0.000000,0.045884,1,1.18,2.095,-43.279,1.857,-2.548138
2.114000,0.172,0.300000,0.123000,4.141,6.67,0.104634,-0.344232,-0.001633,-0.064700,-0.170,0.200,-0.009375,-0.018000,0.000000,-0.018750,0.000000,0.045884,1,1.18,2.097,-43.276,1.862,-2.547827
2.116000,0.173,0.300000,0.123000,4.141,6.68,0.105001,-0.345333,-0.001824,-0.068702,-0.171,0.200,-0.009375,-0.018000,0.000000,-0.018750,0.000000,0.045884,1,1.18,2.100,-43.274,1.866,-2.547513
2.118000,0.173,0.300000,0.123000,4.141,6.68,0.105361,-0.346447,-0.001919,-0.071289,-0.171,0.200,-0.009375,-0.018000,0.000000,-0.018750,0.000000,0.045884,1,1.18,2.102,-43.271,1.870,-2.547195
2.120000,0.174,0.300000,0.123000,4.141,6.69,0.105714,-0.347573,-0.002111,-0.055325,-0.172,0.200,-0.009375,-0.018000,0.000000,-0.018750,0.000000,0.045884,1,1.18,2.105,-43.268,1.873,-2.546873
2.122000,0.174,0.300000,0.123000,4.141,6.69,0.106059,-0.348711,-0.002422,-0.056599,-0.172,0.200,-0.009375,-0.018000,0.000000,-0.018750,0.000000,0.045884,1,1.18,2.107,-43.265,1.876,-2.546548
2.124000,0.175,0.300000,0.123000,4.141,6.69,0.106398,-0.349858,-0.002521,-0.067040,-0.173,0.200,-0.009375,-0.018000,0.000000,-0.018750,0.000000,0.045884,1,1.18,2.109,-43.262,1.878,-2.546219
2.126000,0.176,0.300000,0.123000,4.141,6.70,0.106730,-0.351013,-0.002706,-0.068028,-0.173,0.200,-0.009375,-0.018000,0.000000,-0.018750,0.000000,0.045884,1,1.18,2.112,-43.259,1.880,-2.545887
2.128000,0.176,0.300000,0.123000,4.141,6.70,0.107056,-0.352176,-0.002996,-0.054821,-0.174,0.200,-0.009375,-0.018000,0.000000,-0.018750,0.000000,0.045884,1,1.18,2.114,-43.257,1.881,-2.545552
2.130000,0.177,0.300000,0.123000,4.141,6.70,0.107375,-0.353345,-0.003163,-0.056973,-0.174,0.200,-0.009375,-0.018000,0.000000,-0.018750,0.000000,0.045884,1,1.18,2.117,-43.254,1.882,-2.545213
2.132000,0.177,0.300000,0.123000,4.141,6.70,0.107687,-0.354519,-0.003381,-0.060141,-0.175,0.200,-0.009375,-0.018000,0.000000,-0.018750,0.000000,0.045884,1,1.18,2.119,-43.251,1.882,-2.544872
2.134000,0.178,0.300000,0.123000,4.141,6.70,0.107993,-0.355696,-0.005839,-0.040769,-0.176,0.200,-0.009375,-0.018000,0.000000,-0.018750,0.000000,0.045884,1,1.18,2.122,-43.248,1.883,-2.544528
2.136000,0.178,0.300000,0.123000,4.141,6.70,0.108293,-0.356877,-0.006472,-0.033132,-0.176,0.200,-0.009375,-0.018000,0.000000,-0.018750,0.000000,0.045884,1,1.18,2.124,-43.245,1.882,-2.544182
2.138000,0.179,0.300000,0.123000,4.141,6.71,0.108588,-0.358061,-0.006843,-0.031773,-0.177,0.200,-0.009375,-0.018000,0.000000,-0.018750,0.000000,0.045884,1,1.18,2.127,-43.242,1.882,-2.543833
2.140000,0.180,0.300000,0.123000,4.141,6.71,0.108876,-0.359247,-0.007062,-0.029143,-0.177,0.200,-0.017188,-0.018000,0.000000,-0.034375,0.000000,0.084121,1,1.18,2.129,-43.240,1.882,-2.543481
2.142000,0.180,0.300000,0.123000,4.141,6.71,0.109158,-0.360434,-0.007213,-0.033771,-0.178,0.200,-0.017188,-0.018000,0.000000,-0.034375,0.000000,0.084121,1,1.18,2.132,-43.237,1.881,-2.543126
2.144000,0.181,0.300000,0.123000,4.141,6.71,0.109435,-0.361623,-0.007498,-0.040482,-0.178,0.200,-0.017188,-0.018000,0.000000,-0.034375,0.000000,0.084121,1,1.18,2.134,-43.234,1.880,-2.542770
2.146000,0.181,0.300000,0.123000,4.141,6.71,0.109706,-0.362812,-0.007716,-0.047024,-0.179,0.200,-0.017188,-0.018000,0.000000,-0.034375,0.000000,0.084121,1,1.18,2.136,-43.231,1.879,-2.542410
2.148000,0.182,0.300000,0.123000,4.141,6.71,0.109972,-0.364004,-0.007795,-0.068853,-0.180,0.200,-0.017188,-0.018000,0.000000,-0.034375,0.000000,0.084121,1,1.18,2.139,-43.228,1.878,-2.542049
2.150000,0.183,0.300000,0.123000,4.141,6.71,0.110233,-0.365196,-0.008008,-0.069378,-0.180,0.200,-0.017188,-0.018000,0.000000,-0.034375,0.000000,0.084121,1,1.18,2.141,-43.226,1.877,-2.541685
2.152000,0.183,0.300000,0.123000,4.141,6.71,0.110488,-0.366390,-0.008226,-0.065216,-0.181,0.200,-0.017188,-0.018000,0.000000,-0.034375,0.000000,0.084121,1,1.18,2.144,-43.223,1.876,-2.541318
2.154000,0.184,0.300000,0.123000,4.141,6.71,0.110739,-0.367586,-0.008419,-0.069063,-0.181,0.200,-0.017188,-0.018000,0.000000,-0.034375,0.000000,0.084121,1,1.18,2.146,-43.220,1.875,-2.540950
2.156000,0.184,0.300000,0.123000,4.141,6.71,0.110984,-0.368783,-0.008494,-0.088453,-0.182,0.200,-0.017188,-0.018000,0.000000,-0.034375,0.000000,0.084121,1,1.18,2.149,-43.217,1.874,-2.540579
2.158000,0.185,0.300000,0.123000,4.141,6.71,0.111224,-0.369983,-0.008693,-0.072089,-0.183,0.200,-0.017188,-0.018000,0.000000,-0.034375,0.000000,0.084121,1,1.18,2.151,-43.214,1.874,-2.540206
2.160000,0.186,0.300000,0.123000,4.141,6.71,0.111460,-0.371185,-0.008996,-0.069228,-0.183,0.200,-0.017188,-0.018000,0.000000,-0.034375,0.000000,0.084121,1,1.18,2.154,-43.212,1.873,-2.539830
2.162000,0.186,0.300000,0.123000,4.141,6.71,0.111690,-0.372391,-0.009243,-0.068290,-0.184,0.200,-0.017188,-0.018000,0.000000,-0.034375,0.000000,0.084121,1,1.18,2.156,-43.209,1.872,-2.539453
2.164000,0.187,0.300000,0.123000,4.141,6.71,0.111917,-0.373600,-0.009457,-0.067408,-0.184,0.200,-0.017188,-0.018000,0.000000,-0.034375,0.000000,0.084121,1,1.18,2.159,-43.206,1.872,-2.539073
2.166000,0.187,0.300000,0.123000,4.141,6.71,0.112138,-0.374812,-0.009704,-0.047344,-0.185,0.200,-0.017188,-0.018000,0.000000,-0.034375,0.000000,0.084121,1,1.18,2.161,-43.203,1.872,-2.538690
2.168000,0.188,0.300000,0.123000,4.141,6.71,0.112355,-0.376029,-0.009974,-0.044651,-0.186,0.200,-0.017188,-0.018000,0.000000,-0.034375,0.000000,0.084121,1,1.18,2.164,-43.200,1.872,-2.538306
2.170000,0.189,0.300000,0.123000,4.141,6.71,0.112568,-0.377251,-0.010161,-0.049621,-0.186,0.200,-0.017188,-0.018000,0.000000,-0.034375,0.000000,0.084121,1,1.18,2.166,-43.198,1.872,-2.537919
2.172000,0.189,0.300000,0.123000,4.141,6.71,0.112777,-0.378477,-0.010244,-0.068613,-0.187,0.200,-0.017188,-0.018000,0.000000,-0.034375,0.000000,0.084121,1,1.18,2.169,-43.195,1.872,-2.537530
2.174000,0.190,0.300000,0.123000,4.141,6.71,0.112981,-0.379709,-0.010441,-0.069930,-0.187,0.200,-0.017188,-0.018000,0.000000,-0.034375,0.000000,0.084121,1,1.18,2.171,-43.192,1.872,-2.537138
2.176000,0.190,0.300000,0.123000,4.141,6.71,0.113182,-0.380946,-0.010725,-0.069023,-0.188,0.200,-0.017188,-0.018000,0.000000,-0.034375,0.000000,0.084121,1,1.18,2.174,-43.189,1.872,-2.536745
2.178000,0.191,0.300000,0.123000,4.141,6.71,0.113378,-0.382189,-0.010940,-0.071608,-0.189,0.200,-0.017188,-0.018000,0.000000,-0.034375,0.000000,0.084121,1,1.18,2.176,-43.187,1.872,-2.536349
2.180000,0.192,0.300000,0.123000,4.141,6.71,0.113571,-0.383438,-0.011020,-0.089131,-0.189,0.200,-0.017188,-0.018000,0.000000,-0.034375,0.000000,0.084121,1,1.18,2.179,-43.184,1.873,-2.535950
2.182000,0.192,0.300000,0.123000,4.141,6.71,0.113759,-0.384693,-0.011238,-0.072123,-0.190,0.200,-0.017188,-0.018000,0.000000,-0.034375,0.000000,0.084121,1,1.18,2.181,-43.181,1.873,-2.535550
2.184000,0.193,0.300000,0.123000,4.141,6.71,0.113944,-0.385955,-0.011514,-0.069120,-0.190,0.200,-0.017188,-0.018000,0.000000,-0.034375,0.000000,0.084121,1,1.18,2.184,-43.178,1.874,-2.535147
2.186000,0.194,0.300000,0.123000,4.141,6.71,0.114125,-0.387223,-0.014173,-0.061749,-0.191,0.200,-0.017188,-0.018000,0.000000,-0.034375,0.000000,0.084121,1,1.18,2.186,-43.176,1.874,-2.534741
2.188000,0.194,0.300000,0.123000,4.141,6.71,0.114303,-0.388498,-0.014327,-0.066762,-0.192,0.200,-0.017188,-0.018000,0.000000,-0.034375,0.000000,0.084121,1,1.18,2.189,-43.173,1.875,-2.534334
2.190000,0.195,0.300000,0.123000,4.141,6.71,0.114477,-0.389779,-0.014396,-0.072753,-0.192,0.200,-0.017188,-0.018000,0.000000,-0.034375,0.000000,0.084121,1,1.18,2.191,-43.170,1.875,-2.533924
2.192000,0.196,0.300000,0.123000,4.141,6.71,0.114647,-0.391067,-0.014886,-0.066837,-0.193,0.200,-0.017188,-0.018000,0.000000,-0.034375,0.000000,0.084121,1,1.18,2.194,-43.167,1.876,-2.533512
2.194000,0.196,0.300000,0.123000,4.141,6.71,0.114814,-0.392363,-0.015061,-0.072524,-0.194,0.200,-0.017188,-0.018000,0.000000,-0.034375,0.000000,0.084121,1,1.18,2.196,-43.165,1.876,-2.533098
2.196000,0.197,0.300000,0.123000,4.141,6.71,0.114978,-0.393664,-0.015303,-0.082186,-0.194,0.200,-0.017188,-0.018000,0.000000,-0.034375,0.000000,0.084121,1,1.18,2.199,-43.162,1.877,-2.532682
2.198000,0.197,0.300000,0.123000,4.141,6.71,0.115138,-0.394973,-0.015401,-0.092603,-0.195,0.200,-0.017188,-0.018000,0.000000,-0.034375,0.000000,0.084121,1,1.18,2.201,-43.159,1.877,-2.532263
2.200000,0.198,0.300000,0.123000,4.141,6.71,0.115296,-0.396289,0.000000,-0.001690,0.000,0.200,-0.026563,-0.018000,0.000000,-0.053125,0.000000,0.130005,1,1.20,2.204,-43.156,1.878,-2.531842
2.202000,0.199,0.300000,0.123000,4.141,6.71,0.115450,-0.397611,-0.000194,-0.015239,0.000,0.200,-0.026563,-0.018000,0.000000,-0.053125,0.000000,0.130005,1,1.20,2.206,-43.154,1.878,-2.531420
2.204000,0.199,0.300000,0.123000,4.141,6.71,0.115601,-0.398940,-0.000535,-0.023006,0.000,0.200,-0.026563,-0.018000,0.000000,-0.053125,0.000000,0.130005,1,1.20,2.209,-43.151,1.878,-2.530994
2.206000,0.200,0.300000,0.123000,4.141,6.71,0.115749,-0.400276,-0.000647,-0.046992,0.000,0.200,-0.026563,-0.018000,0.000000,-0.053125,0.000000,0.130005,1,1.20,2.212,-43.148,1.879,-2.530567
2.208000,0.201,0.300000,0.123000,4.141,6.71,0.115894,-0.401619,-0.001145,-0.052408,-0.198,0.200,-0.026563,-0.018000,0.000000,-0.053125,0.000000,0.130005,1,1.20,2.214,-43.145,1.879,-2.530138
2.210000,0.201,0.300000,0.123000,4.141,6.71,0.116036,-0.402969,-0.001352,-0.063815,-0.199,0.200,-0.026563,-0.018000,0.000000,-0.053125,0.000000,0.130005,1,1.20,2.217,-43.143,1.880,-2.529706
2.212000,0.202,0.300000,0.123000,4.141,6.71,0.116175,-0.404325,-0.001580,-0.062310,-0.199,0.200,-0.026563,-0.018000,0.000000,-0.053125,0.000000,0.130005,1,1.20,2.219,-43.140,1.880,-2.529272
2.214000,0.203,0.300000,0.123000,4.141,6.71,0.116312,-0.405688,-0.001724,-0.073757,-0.200,0.200,-0.026563,-0.018000,0.000000,-0.053125,0.000000,0.130005,1,1.20,2.222,-43.137,1.880,-2.528836
2.216000,0.204,0.300000,0.123000,4.141,6.71,0.116445,-0.407058,-0.002750,-0.052487,-0.201,0.200,-0.026563,-0.018000,0.000000,-0.053125,0.000000,0.130005,1,1.20,2.224,-43.134,1.881,-2.528399
2.218000,0.204,0.300000,0.123000,4.141,6.71,0.116576,-0.408434,-0.002931,-0.062638,-0.201,0.200,-0.026563,-0.018000,0.000000,-0.053125,0.000000,0.130005,1,1.20,2.227,-43.132,1.881,-2.527958
2.220000,0.205,0.300000,0.123000,4.141,6.71,0.116705,-0.409817,-0.003137,-0.063307,-0.202,0.200,-0.026563,-0.018000,0.000000,-0.053125,0.000000,0.130005,1,1.20,2.229,-43.129,1.881,-2.527516
2.222000,0.206,0.300000,0.123000,4.141,6.71,0.116831,-0.411207,-0.003234,-0.080610,-0.203,0.200,-0.026563,-0.018000,0.000000,-0.053125,0.000000,0.130005,1,1.20,2.232,-43.126,1.881,-2.527072
2.224000,0.206,0.300000,0.123000,4.141,6.71,0.116954,-0.412604,-0.003687,-0.067756,-0.204,0.200,-0.026563,-0.018000,0.000000,-0.053125,0.000000,0.130005,1,1.20,2.235,-43.124,1.882,-2.526626
2.226000,0.207,0.300000,0.123000,4.141,6.71,0.117075,-0.414007,-0.003860,-0.081893,-0.204,0.200,-0.026563,-0.018000,0.000000,-0.053125,0.000000,0.130005,1,1.20,2.237,-43.121,1.882,-2.526177
2.228000,0.208,0.300000,0.123000,4.141,6.71,0.117194,-0.415418,-0.004056,-0.081210,-0.205,0.200,-0.026563,-0.018000,0.000000,-0.053125,0.000000,0.130005,1,1.20,2.240,-43.118,1.882,-2.525727
2.230000,0.208,0.300000,0.123000,4.141,6.71,0.117310,-0.416835,-0.004281,-0.080570,-0.206,0.200,-0.026563,-0.018000,0.000000,-0.053125,0.000000,0.130005,1,1.20,2.242,-43.116,1.882,-2.525275
2.232000,0.209,0.300000,0.123000,4.141,6.71,0.117423,-0.418259,-0.004598,-0.060629,-0.206,0.200,-0.026563,-0.018000,0.000000,-0.053125,0.000000,0.130005,1,1.20,2.245,-43.113,1.883,-2.524820
2.234000,0.210,0.300000,0.123000,4.141,6.71,0.117535,-0.419691,-0.004888,-0.064644,-0.207,0.200,-0.026563,-0.018000,0.000000,-0.053125,0.000000,0.130005,1,1.20,2.248,-43.110,1.883,-2.524363
2.236000,0.211,0.300000,0.123000,4.141,6.71,0.117644,-0.421129,-0.005114,-0.061176,-0.208,0.200,-0.026563,-0.018000,0.000000,-0.053125,0.000000,0.130005,1,1.20,2.250,-43.107,1.883,-2.523905
2.238000,0.211,0.300000,0.123000,4.141,6.71,0.117751,-0.422575,-0.007987,-0.047355,-0.208,0.200,-0.026563,-0.018000,0.000000,-0.053125,0.000000,0.130005,1,1.20,2.253,-43.105,1.884,-2.523444
2.240000,0.212,0.300000,0.123000,4.141,6.71,0.117856,-0.424028,-0.008709,-0.038494,-0.209,0.200,-0.035937,-0.018000,0.000000,-0.071875,0.000000,0.175889,1,1.23,2.255,-43.102,1.884,-2.522981
2.242000,0.213,0.300000,0.123000,4.141,6.71,0.117959,-0.425488,-0.008895,-0.045789,-0.210,0.200,-0.035937,-0.018000,0.000000,-0.071875,0.000000,0.175889,1,1.23,2.258,-43.099,1.884,-2.522516
2.244000,0.213,0.300000,0.123000,4.141,6.71,0.118060,-0.426955,-0.009315,-0.042880,-0.211,0.200,-0.035937,-0.018000,0.000000,-0.071875,0.000000,0.175889,1,1.23,2.261,-43.097,1.884,-2.522049
2.246000,0.214,0.300000,0.123000,4.141,6.71,0.118159,-0.428430,-0.009483,-0.048240,-0.211,0.200,-0.035937,-0.018000,0.000000,-0.071875,0.000000,0.175889,1,1.23,2.263,-43.094,1.885,-2.521580
2.248000,0.215,0.300000,0.123000,4.141,6.71,0.118256,-0.429912,-0.009885,-0.055110,-0.212,0.200,-0.035937,-0.018000,0.000000,-0.071875,0.000000,0.175889,1,1.23,2.266,-43.091,1.885,-2.521109
2.250000,0.216,0.300000,0.123000,4.141,6.71,0.118351,-0.431403,-0.010134,-0.063745,-0.213,0.200,-0.035937,-0.018000,0.000000,-0.071875,0.000000,0.175889,1,1.23,2.268,-43.089,1.885,-2.520635
2.252000,0.216,0.300000,0.123000,4.141,6.71,0.118444,-0.432900,-0.010393,-0.059578,-0.213,0.200,-0.035937,-0.018000,0.000000,-0.071875,0.000000,0.175889,1,1.23,2.271,-43.086,1.886,-2.520160
2.254000,0.217,0.300000,0.123000,4.141,6.71,0.118535,-0.434406,-0.010524,-0.076974,-0.214,0.200,-0.035937,-0.018000,0.000000,-0.071875,0.000000,0.175889,1,1.23,2.274,-43.083,1.886,-2.519683
2.256000,0.218,0.300000,0.123000,4.141,6.71,0.118624,-0.435919,-0.010778,-0.071247,-0.215,0.200,-0.035937,-0.018000,0.000000,-0.071875,0.000000,0.175889,1,1.23,2.276,-43.081,1.886,-2.519203
2.258000,0.219,0.300000,0.123000,4.141,6.71,0.118711,-0.437440,-0.010996,-0.078556,-0.216,0.200,-0.035937,-0.018000,0.000000,-0.071875,0.000000,0.175889,1,1.23,2.279,-43.078,1.887,-2.518721
2.260000,0.219,0.300000,0.123000,4.141,6.71,0.118797,-0.438970,-0.011267,-0.078047,-0.216,0.200,-0.035937,-0.018000,0.000000,-0.071875,0.000000,0.175889,1,1.23,2.281,-43.075,1.887,-2.518237
2.262000,0.220,0.300000,0.123000,4.141,6.71,0.118881,-0.440507,-0.011393,-0.092368,-0.217,0.200,-0.035937,-0.018000,0.000000,-0.071875,0.000000,0.175889,1,1.23,2.284,-43.073,1.888,-2.517751
2.264000,0.221,0.300000,0.123000,4.141,6.71,0.118964,-0.442052,-0.011636,-0.081541,-0.218,0.200,-0.035937,-0.018000,0.000000,-0.071875,0.000000,0.175889,1,1.23,2.287,-43.070,1.888,-2.517263
2.266000,0.222,0.300000,0.123000,4.141,6.71,0.119044,-0.443606,-0.012081,-0.076266,-0.219,0.200,-0.035937,-0.018000,0.000000,-0.071875,0.000000,0.175889,1,1.23,2.289,-43.067,1.888,-2.516773
2.268000,0.223,0.300000,0.123000,4.141,6.71,0.119123,-0.445167,-0.012216,-0.086845,-0.219,0.200,-0.035937,-0.018000,0.000000,-0.071875,0.000000,0.175889,1,1.23,2.292,-43.065,1.889,-2.516280
2.270000,0.223,0.300000,0.123000,4.141,6.71,0.119201,-0.446737,-0.012310,-0.111570,-0.220,0.200,-0.035937,-0.018000,0.000000,-0.071875,0.000000,0.175889,1,1.23,2.295,-43.062,1.889,-2.515786
2.272000,0.224,0.300000,0.123000,4.141,6.71,0.119277,-0.448316,-0.012704,-0.093692,-0.221,0.200,-0.035937,-0.018000,0.000000,-0.071875,0.000000,0.175889,1,1.23,2.297,-43.059,1.890,-2.515289
2.274000,0.225,0.300000,0.123000,4.141,6.71,0.119351,-0.449902,-0.012965,-0.093351,-0.222,0.200,-0.035937,-0.018000,0.000000,-0.071875,0.000000,0.175889,1,1.23,2.300,-43.057,1.890,-2.514790
2.276000,0.226,0.300000,0.123000,4.141,6.71,0.119424,-0.451498,-0.013209,-0.100383,-0.223,0.200,-0.035937,-0.018000,0.000000,-0.071875,0.000000,0.175889,1,1.23,2.303,-43.054,1.891,-2.514288
2.278000,0.227,0.300000,0.123000,4.141,6.71,0.119496,-0.453101,-0.013325,-0.105896,-0.223,0.200,-0.035937,-0.018000,0.000000,-0.071875,0.000000,0.175889,1,1.23,2.305,-43.051,1.891,-2.513785
2.280000,0.227,0.300000,0.123000,4.141,6.71,0.119566,-0.454713,-0.013646,-0.080172,-0.224,0.200,-0.035937,-0.018000,0.000000,-0.071875,0.000000,0.175889,1,1.23,2.308,-43.049,1.892,-2.513279
2.282000,0.228,0.300000,0.123000,4.141,6.71,0.119635,-0.456334,-0.013901,-0.085706,-0.225,0.200,-0.035937,-0.018000,0.000000,-0.071875,0.000000,0.175889,1,1.23,2.311,-43.046,1.892,-2.512771
2.284000,0.229,0.300000,0.123000,4.141,6.71,0.119702,-0.457964,-0.014168,-0.085991,-0.226,0.200,-0.035937,-0.018000,0.000000,-0.071875,0.000000,0.175889,1,1.23,2.313,-43.044,1.893,-2.512261
2.286000,0.230,0.300000,0.123000,4.141,6.71,0.119768,-0.459602,-0.014291,-0.101814,-0.227,0.200,-0.035937,-0.018000,0.000000,-0.071875,0.000000,0.175889,1,1.23,2.316,-43.041,1.893,-2.511749
2.288000,0.231,0.300000,0.123000,4.141,6.71,0.119833,-0.461249,-0.014707,-0.079608,-0.227,0.200,-0.035937,-0.018000,0.000000,-0.071875,0.000000,0.175889,1,1.23,2.319,-43.038,1.893,-2.511234
2.290000,0.231,0.300000,0.123000,4.141,6.71,0.119896,-0.462905,-0.017968,-0.069391,-0.228,0.200,-0.035937,-0.018000,0.000000,-0.071875,0.000000,0.175889,1,1.23,2.321,-43.036,1.894,-2.510717
2.292000,0.232,0.300000,0.123000,4.141,6.71,0.119958,-0.464570,-0.018193,-0.072078,-0.229,0.200,-0.035937,-0.018000,0.000000,-0.071875,0.000000,0.175889,1,1.23,2.324,-43.033,1.894,-2.510198
2.294000,0.233,0.300000,0.123000,4.141,6.71,0.120019,-0.466243,-0.018517,-0.070170,-0.230,0.200,-0.035937,-0.018000,0.000000,-0.071875,0.000000,0.175889,1,1.23,2.327,-43.030,1.895,-2.509676
2.296000,0.234,0.300000,0.123000,4.141,6.71,0.120078,-0.467926,-0.019039,-0.047100,-0.231,0.200,-0.035937,-0.018000,0.000000,-0.071875,0.000000,0.175889,1,1.23,2.329,-43.028,1.895,-2.509152
2.298000,0.235,0.300000,0.123000,4.141,6.71,0.120137,-0.469618,-0.019280,-0.054491,-0.231,0.200,-0.035937,-0.018000,0.000000,-0.071875,0.000000,0.175889,1,1.23,2.332,-43.025,1.896,-2.508626
2.300000,0.236,0.300000,0.123000,4.141,6.71,0.120194,-0.471318,0.000000,-0.001936,0.000,0.200,-0.050000,-0.018000,0.000000,-0.100000,0.000000,0.244715,1,1.26,2.335,-43.023,1.896,-2.508097
2.302000,0.237,0.300000,0.123000,4.141,6.71,0.120250,-0.473028,-0.000136,-0.031580,0.000,0.200,-0.050000,-0.018000,0.000000,-0.100000,0.000000,0.244715,1,1.26,2.337,-43.020,1.897,-2.507566
2.304000,0.237,0.300000,0.123000,4.141,6.71,0.120305,-0.474747,-0.000542,-0.041633,0.000,0.200,-0.050000,-0.018000,0.000000,-0.100000,0.000000,0.244715,1,1.26,2.340,-43.017,1.897,-2.507033
2.306000,0.238,0.300000,0.123000,4.141,6.71,0.120359,-0.476476,-0.000844,-0.055302,0.000,0.200,-0.050000,-0.018000,0.000000,-0.100000,0.000000,0.244715,1,1.26,2.343,-43.015,1.898,-2.506497
2.308000,0.239,0.300000,0.123000,4.141,6.71,0.120412,-0.478213,-0.001125,-0.070079,-0.236,0.200,-0.050000,-0.018000,0.000000,-0.100000,0.000000,0.244715,1,1.26,2.346,-43.012,1.899,-2.505959
2.310000,0.240,0.300000,0.123000,4.141,6.71,0.120464,-0.479960,-0.001394,-0.083724,-0.237,0.200,-0.050000,-0.018000,0.000000,-0.100000,0.000000,0.244715,1,1.26,2.348,-43.010,1.899,-2.505418
2.312000,0.241,0.300000,0.123000,4.141,6.71,0.120514,-0.481716,-0.001813,-0.064160,-0.237,0.200,-0.050000,-0.018000,0.000000,-0.100000,0.000000,0.244715,1,1.26,2.351,-43.007,1.900,-2.504875
2.314000,0.242,0.300000,0.123000,4.141,6.71,0.120564,-0.483482,-0.002076,-0.070337,-0.238,0.200,-0.050000,-0.018000,0.000000,-0.100000,0.000000,0.244715,1,1.26,2.354,-43.004,1.900,-2.504329
2.316000,0.243,0.300000,0.123000,4.141,6.71,0.120613,-0.485258,-0.002190,-0.094618,-0.239,0.200,-0.050000,-0.018000,0.000000,-0.100000,0.000000,0.244715,1,1.26,2.356,-43.002,1.901,-2.503781
2.318000,0.244,0.300000,0.123000,4.141,6.71,0.120660,-0.487042,-0.002293,-0.121916,-0.240,0.200,-0.050000,-0.018000,0.000000,-0.100000,0.000000,0.244715,1,1.26,2.359,-42.999,1.901,-2.503231
2.320000,0.244,0.300000,0.123000,4.141,6.71,0.120707,-0.488837,-0.002773,-0.115475,-0.241,0.200,-0.050000,-0.018000,0.000000,-0.100000,0.000000,0.244715,1,1.26,2.362,-42.997,1.902,-2.502677
2.322000,0.245,0.300000,0.123000,4.141,6.71,0.120753,-0.490641,-0.003168,-0.116594,-0.242,0.200,-0.050000,-0.018000,0.000000,-0.100000,0.000000,0.244715,1,1.26,2.365,-42.994,1.902,-2.502122
2.324000,0.246,0.300000,0.123000,4.141,6.71,0.120798,-0.492455,-0.003434,-0.117194,-0.243,0.200,-0.050000,-0.018000,0.000000,-0.100000,0.000000,0.244715,1,1.26,2.367,-42.992,1.903,-2.501564
2.326000,0.247,0.300000,0.123000,4.141,6.71,0.120842,-0.494279,-0.003584,-0.109298,-0.244,0.200,-0.050000,-0.018000,0.000000,-0.100000,0.000000,0.244715,1,1.26,2.370,-42.989,1.904,-2.501003
2.328000,0.248,0.300000,0.123000,4.141,6.71,0.120885,-0.496112,-0.004126,-0.075612,-0.244,0.200,-0.050000,-0.018000,0.000000,-0.100000,0.000000,0.244715,1,1.26,2.373,-42.986,1.904,-2.500439
2.330000,0.249,0.300000,0.123000,4.141,6.71,0.120927,-0.497955,-0.004398,-0.083332,-0.245,0.200,-0.050000,-0.018000,0.000000,-0.100000,0.000000,0.244715,1,1.26,2.376,-42.984,1.905,-2.499873
2.332000,0.250,0.300000,0.123000,4.141,6.71,0.120969,-0.499809,-0.004514,-0.111956,-0.246,0.200,-0.050000,-0.018000,0.000000,-0.100000,0.000000,0.244715,1,1.26,2.378,-42.981,1.905,-2.499304
2.334000,0.251,0.300000,0.123000,4.141,6.71,0.121010,-0.501672,-0.004786,-0.112310,-0.247,0.200,-0.050000,-0.018000,0.000000,-0.100000,0.000000,0.244715,1,1.26,2.381,-42.979,1.906,-2.498733
2.336000,0.252,0.300000,0.123000,4.141,6.71,0.121049,-0.503546,-0.005132,-0.095894,-0.248,0.200,-0.050000,-0.018000,0.000000,-0.100000,0.000000,0.244715,1,1.26,2.384,-42.976,1.907,-2.498158
2.338000,0.253,0.300000,0.123000,4.141,6.71,0.121088,-0.505429,-0.005573,-0.098299,-0.249,0.200,-0.050000,-0.018000,0.000000,-0.100000,0.000000,0.244715,1,1.26,2.387,-42.974,1.907,-2.497581
2.340000,0.254,0.300000,0.123000,4.141,6.71,0.121127,-0.507323,-0.005710,-0.116638,-0.250,0.200,-0.050000,-0.018000,0.000000,-0.100000,0.000000,0.244715,1,1.26,2.389,-42.971,1.908,-2.497002
2.342000,0.255,0.300000,0.123000,4.141,6.71,0.121164,-0.509227,-0.009166,-0.078218,-0.251,0.200,-0.050000,-0.018000,0.000000,-0.100000,0.000000,0.244715,1,1.26,2.392,-42.969,1.909,-2.496419
2.344000,0.256,0.300000,0.123000,4.141,6.71,0.121201,-0.511141,-0.010039,-0.066640,-0.252,0.200,-0.050000,-0.018000,0.000000,-0.100000,0.000000,0.244715,1,1.26,2.395,-42.966,1.909,-2.495834
2.346000,0.257,0.300000,0.123000,4.141,6.71,0.121237,-0.513065,-0.010297,-0.072127,-0.253,0.200,-0.050000,-0.018000,0.000000,-0.100000,0.000000,0.244715,1,1.26,2.398,-42.964,1.910,-2.495246
2.348000,0.258,0.300000,0.123000,4.141,6.71,0.121272,-0.515000,-0.010779,-0.071674,-0.254,0.200,-0.050000,-0.018000,0.000000,-0.100000,0.000000,0.244715,1,1.26,2.400,-42.961,1.911,-2.494655
2.350000,0.258,0.300000,0.123000,4.141,6.71,0.121306,-0.516945,-0.010941,-0.067550,-0.255,0.200,-0.050000,-0.018000,0.000000,-0.100000,0.000000,0.244715,1,1.26,2.403,-42.959,1.911,-2.494061
2.352000,0.259,0.300000,0.123000,4.141,6.71,0.121340,-0.518901,-0.011223,-0.084091,-0.256,0.200,-0.050000,-0.018000,0.000000,-0.100000,0.000000,0.244715,1,1.26,2.406,-42.956,1.912,-2.493464
2.354000,0.260,0.300000,0.123000,4.141,6.71,0.121373,-0.520868,-0.011616,-0.091522,-0.257,0.200,-0.050000,-0.018000,0.000000,-0.100000,0.000000,0.244715,1,1.26,2.409,-42.953,1.913,-2.492864
2.356000,0.261,0.300000,0.123000,4.141,6.71,0.121406,-0.522844,-0.011952,-0.087773,-0.258,0.200,-0.050000,-0.018000,0.000000,-0.100000,0.000000,0.244715,1,1.26,2.412,-42.951,1.913,-2.492261
2.358000,0.262,0.300000,0.123000,4.141,6.71,0.121438,-0.524832,-0.012400,-0.089090,-0.258,0.200,-0.050000,-0.018000,0.000000,-0.100000,0.000000,0.244715,1,1.26,2.414,-42.948,1.914,-2.491655
2.360000,0.263,0.300000,0.123000,4.141,6.71,0.121469,-0.526830,-0.012691,-0.076108,-0.259,0.200,-0.023438,-0.018000,0.000000,-0.046875,0.000000,0.114710,1,3.87,2.417,-42.946,1.915,-2.491046
2.362000,0.264,0.300000,0.123000,4.141,6.71,0.121500,-0.528839,-0.013180,-0.069025,-0.260,0.200,-0.023438,-0.018000,0.000000,-0.046875,0.000000,0.114710,1,3.87,2.420,-42.943,1.916,-2.490435
2.364000,0.265,0.300000,0.123000,4.141,6.71,0.121530,-0.530859,-0.013332,-0.091300,-0.261,0.200,-0.023438,-0.018000,0.000000,-0.046875,0.000000,0.114710,1,3.87,2.423,-42.941,1.916,-2.489820
2.366000,0.266,0.300000,0.123000,4.141,6.71,0.121559,-0.532890,-0.013623,-0.094521,-0.262,0.200,-0.023438,-0.018000,0.000000,-0.046875,0.000000,0.114710,1,3.87,2.426,-42.938,1.917,-2.489202
2.368000,0.267,0.300000,0.123000,4.141,6.71,0.121588,-0.534931,-0.013991,-0.097674,-0.263,0.200,-0.023438,-0.018000,0.000000,-0.046875,0.000000,0.114710,1,3.87,2.428,-42.936,1.918,-2.488580
2.370000,0.268,0.300000,0.123000,4.141,6.71,0.121616,-0.536983,-0.014261,-0.100018,-0.264,0.200,-0.023438,-0.018000,0.000000,-0.046875,0.000000,0.114710,1,3.87,2.431,-42.933,1.919,-2.487956
2.372000,0.270,0.300000,0.123000,4.141,6.71,0.121644,-0.539047,-0.014371,-0.139831,-0.265,0.200,-0.023438,-0.018000,0.000000,-0.046875,0.000000,0.114710,1,3.87,2.434,-42.931,1.919,-2.487328
2.374000,0.271,0.300000,0.123000,4.141,6.71,0.121671,-0.541121,-0.014500,-0.147791,-0.266,0.200,-0.023438,-0.018000,0.000000,-0.046875,0.000000,0.114710,1,3.87,2.437,-42.928,1.920,-2.486697
2.376000,0.272,0.300000,0.123000,4.141,6.71,0.121697,-0.543207,-0.014993,-0.140695,-0.267,0.200,-0.023438,-0.018000,0.000000,-0.046875,0.000000,0.114710,1,3.87,2.440,-42.926,1.921,-2.486063
2.378000,0.273,0.300000,0.123000,4.141,6.71,0.121723,-0.545304,-0.015229,-0.150039,-0.268,0.200,-0.023438,-0.018000,0.000000,-0.046875,0.000000,0.114710,1,3.87,2.443,-42.924,1.922,-2.485425
2.380000,0.274,0.300000,0.123000,4.141,6.71,0.121749,-0.547411,-0.015486,-0.152111,-0.270,0.200,-0.023438,-0.018000,0.000000,-0.046875,0.000000,0.114710,1,3.87,2.445,-42.921,1.923,-2.484784
2.382000,0.275,0.300000,0.123000,4.141,6.71,0.121774,-0.549530,-0.015793,-0.120399,-0.271,0.200,-0.023438,-0.018000,0.000000,-0.046875,0.000000,0.114710,1,3.87,2.448,-42.919,1.923,-2.484140
2.384000,0.276,0.300000,0.123000,4.141,6.71,0.121798,-0.551661,-0.016205,-0.091397,-0.272,0.200,-0.023438,-0.018000,0.000000,-0.046875,0.000000,0.114710,1,3.87,2.451,-42.916,1.924,-2.483492
2.386000,0.277,0.300000,0.123000,4.141,6.71,0.121822,-0.553802,-0.016360,-0.118029,-0.273,0.200,-0.023438,-0.018000,0.000000,-0.046875,0.000000,0.114710,1,3.87,2.454,-42.914,1.925,-2.482841
2.388000,0.278,0.300000,0.123000,4.141,6.71,0.121846,-0.555955,-0.016850,-0.106092,-0.274,0.200,-0.023438,-0.018000,0.000000,-0.046875,0.000000,0.114710,1,3.87,2.457,-42.911,1.926,-2.482186
2.390000,0.279,0.300000,0.123000,4.141,6.71,0.121869,-0.558120,-0.016999,-0.124147,-0.275,0.200,-0.023438,-0.018000,0.000000,-0.046875,0.000000,0.114710,1,3.87,2.460,-42.909,1.927,-2.481527
2.392000,0.280,0.300000,0.123000,4.141,6.71,0.121892,-0.560296,-0.020874,-0.106759,-0.276,0.200,-0.023438,-0.018000,0.000000,-0.046875,0.000000,0.114710,1,3.87,2.463,-42.906,1.928,-2.480865
2.394000,0.281,0.300000,0.123000,4.141,6.71,0.121914,-0.562483,-0.021144,-0.115304,-0.277,0.200,-0.023438,-0.018000,0.000000,-0.046875,0.000000,0.114710,1,3.87,2.465,-42.904,1.929,-2.480200
2.396000,0.282,0.300000,0.123000,4.141,6.71,0.121935,-0.564682,-0.021277,-0.123561,-0.278,0.200,-0.023438,-0.018000,0.000000,-0.046875,0.000000,0.114710,1,3.87,2.468,-42.901,1.929,-2.479531
2.398000,0.283,0.300000,0.123000,4.141,6.71,0.121957,-0.566893,-0.021659,-0.127754,-0.279,0.200,-0.023438,-0.018000,0.000000,-0.046875,0.000000,0.114710,1,3.87,2.471,-42.899,1.930,-2.478858
2.400000,0.285,0.300000,0.123000,4.141,6.71,0.121978,-0.569115,0.000000,-0.002260,0.000,0.200,-0.029687,-0.018000,0.000000,-0.059375,0.000000,0.145300,1,3.80,2.474,-42.897,1.931,-2.478181
2.402000,0.286,0.300000,0.123000,4.141,6.71,0.121998,-0.571349,-0.000376,-0.019240,0.000,0.200,-0.029687,-0.018000,0.000000,-0.059375,0.000000,0.145300,1,3.80,2.477,-42.894,1.932,-2.477500
2.404000,0.287,0.300000,0.123000,4.141,6.71,0.122018,-0.573595,-0.000503,-0.069795,0.000,0.200,-0.029687,-0.018000,0.000000,-0.059375,0.000000,0.145300,1,3.80,2.480,-42.892,1.933,-2.476816
2.406000,0.288,0.300000,0.123000,4.141,6.71,0.122038,-0.575852,-0.000839,-0.089176,0.000,0.200,-0.029687,-0.018000,0.000000,-0.059375,0.000000,0.145300,1,3.80,2.483,-42.889,1.934,-2.476128
2.408000,0.289,0.300000,0.123000,4.141,6.71,0.122057,-0.578121,-0.001218,-0.106445,-0.285,0.200,-0.029687,-0.018000,0.000000,-0.059375,0.000000,0.145300,1,3.80,2.486,-42.887,1.935,-2.475436
2.410000,0.290,0.300000,0.123000,4.141,6.71,0.122076,-0.580402,-0.001529,-0.125513,-0.286,0.200,-0.029687,-0.018000,0.000000,-0.059375,0.000000,0.145300,1,3.80,2.489,-42.884,1.936,-2.474740
2.412000,0.291,0.300000,0.123000,4.141,6.71,0.122094,-0.582696,-0.001860,-0.128700,-0.287,0.200,-0.029687,-0.018000,0.000000,-0.059375,0.000000,0.145300,1,3.80,2.491,-42.882,1.937,-2.474040
2.414000,0.293,0.300000,0.123000,4.141,6.71,0.122112,-0.585001,-0.002210,-0.097404,-0.288,0.200,-0.029687,-0.018000,0.000000,-0.059375,0.000000,0.145300,1,3.80,2.494,-42.880,1.938,-2.473336
2.416000,0.294,0.300000,0.123000,4.141,6.71,0.122130,-0.587317,-0.002741,-0.090850,-0.289,0.200,-0.029687,-0.018000,0.000000,-0.059375,0.000000,0.145300,1,3.80,2.497,-42.877,1.939,-2.472627
2.418000,0.295,0.300000,0.123000,4.141,6.71,0.122147,-0.589646,-0.003031,-0.097225,-0.290,0.200,-0.029687,-0.018000,0.000000,-0.059375,0.000000,0.145300,1,3.80,2.500,-42.875,1.940,-2.471915
2.420000,0.296,0.300000,0.123000,4.141,6.71,0.122164,-0.591987,-0.003377,-0.095900,-0.291,0.200,-0.029687,-0.018000,0.000000,-0.059375,0.000000,0.145300,1,3.80,2.503,-42.872,1.941,-2.471198
2.422000,0.297,0.300000,0.123000,4.141,6.71,0.122181,-0.594341,-0.003535,-0.120216,-0.293,0.200,-0.029687,-0.018000,0.000000,-0.059375,0.000000,0.145300,1,3.80,2.506,-42.870,1.942,-2.470478
2.424000,0.298,0.300000,0.123000,4.141,6.71,0.122197,-0.596706,-0.003887,-0.120991,-0.294,0.200,-0.029687,-0.018000,0.000000,-0.059375,0.000000,0.145300,1,3.80,2.509,-42.868,1.943,-2.469753
2.426000,0.300,0.300000,0.123000,4.141,6.71,0.122213,-0.599083,-0.004230,-0.128918,-0.295,0.200,-0.029687,-0.018000,0.000000,-0.059375,0.000000,0.145300,1,3.80,2.512,-42.865,1.944,-2.469023
2.428000,0.301,0.300000,0.123000,4.141,6.71,0.122229,-0.601473,-0.004359,-0.161081,-0.296,0.200,-0.029687,-0.018000,0.000000,-0.059375,0.000000,0.145300,1,3.80,2.515,-42.863,1.945,-2.468289
2.430000,0.302,0.300000,0.123000,4.141,6.71,0.122245,-0.603875,-0.004698,-0.162472,-0.297,0.200,-0.029687,-0.018000,0.000000,-0.059375,0.000000,0.145300,1,3.80,2.518,-42.861,1.946,-2.467551
2.432000,0.303,0.300000,0.123000,4.141,6.71,0.122260,-0.606289,-0.005247,-0.131314,-0.298,0.200,-0.029687,-0.018000,0.000000,-0.059375,0.000000,0.145300,1,3.80,2.521,-42.858,1.947,-2.466808
2.434000,0.304,0.300000,0.123000,4.141,6.71,0.122274,-0.608716,-0.005658,-0.129259,-0.300,0.200,-0.029687,-0.018000,0.000000,-0.059375,0.000000,0.145300,1,3.80,2.524,-42.856,1.948,-2.466061
2.436000,0.306,0.300000,0.123000,4.141,6.71,0.122289,-0.611155,-0.006009,-0.129714,-0.301,0.200,-0.029687,-0.018000,0.000000,-0.059375,0.000000,0.145300,1,3.80,2.527,-42.853,1.949,-2.465309
2.438000,0.307,0.300000,0.123000,4.141,6.71,0.122303,-0.613606,-0.006463,-0.090472,-0.302,0.200,-0.029687,-0.018000,0.000000,-0.059375,0.000000,0.145300,1,3.80,2.530,-42.851,1.950,-2.464552
2.440000,0.308,0.300000,0.123000,4.141,6.71,0.122317,-0.616070,-0.006828,-0.089913,-0.303,0.200,-0.029687,-0.018000,0.000000,-0.059375,0.000000,0.145300,1,3.80,2.533,-42.849,1.951,-2.463791
2.442000,0.309,0.300000,0.123000,4.141,6.71,0.122331,-0.618546,-0.007175,-0.098615,-0.304,0.200,-0.029687,-0.018000,0.000000,-0.059375,0.000000,0.145300,1,3.80,2.536,-42.846,1.952,-2.463025
2.444000,0.311,0.300000,0.123000,4.141,6.71,0.122344,-0.621035,-0.011798,-0.082307,-0.306,0.200,-0.029687,-0.018000,0.000000,-0.059375,0.000000,0.145300,1,3.80,2.539,-42.844,1.953,-2.462254
2.446000,0.312,0.300000,0.123000,4.141,6.71,0.122357,-0.623537,-0.012134,-0.084328,-0.307,0.200,-0.029687,-0.018000,0.000000,-0.059375,0.000000,0.145300,1,3.80,2.542,-42.842,1.955,-2.461478
2.448000,0.313,0.300000,0.123000,4.141,6.71,0.122370,-0.626050,-0.012919,-0.077776,-0.308,0.200,-0.029687,-0.018000,0.000000,-0.059375,0.000000,0.145300,1,3.80,2.544,-42.839,1.956,-2.460698
2.450000,0.314,0.300000,0.123000,4.141,6.71,0.122382,-0.628577,-0.013360,-0.074963,-0.309,0.200,-0.029687,-0.018000,0.000000,-0.059375,0.000000,0.145300,1,3.80,2.547,-42.837,1.957,-2.459912
2.452000,0.316,0.300000,0.123000,4.141,6.71,0.122395,-0.631116,-0.013727,-0.074776,-0.311,0.200,-0.029687,-0.018000,0.000000,-0.059375,0.000000,0.145300,1,3.80,2.550,-42.835,1.958,-2.459121
2.454000,0.317,0.300000,0.123000,4.141,6.71,0.122407,-0.633668,-0.014087,-0.095543,-0.312,0.200,-0.029687,-0.018000,0.000000,-0.059375,0.000000,0.145300,1,3.80,2.553,-42.832,1.959,-2.458326
2.456000,0.318,0.300000,0.123000,4.141,6.71,0.122419,-0.636232,-0.014601,-0.088193,-0.313,0.200,-0.029687,-0.018000,0.000000,-0.059375,0.000000,0.145300,1,3.80,2.556,-42.830,1.960,-2.457525
2.458000,0.319,0.300000,0.123000,4.141,6.71,0.122430,-0.638809,-0.014973,-0.100296,-0.314,0.200,-0.029687,-0.018000,0.000000,-0.059375,0.000000,0.145300,1,3.80,2.559,-42.828,1.961,-2.456718
2.460000,0.321,0.300000,0.123000,4.141,6.71,0.122442,-0.641399,-0.015393,-0.102061,-0.316,0.200,-0.039062,-0.018000,0.000000,-0.078125,0.000000,0.191184,1,3.70,2.562,-42.825,1.963,-2.455907
2.462000,0.322,0.300000,0.123000,4.141,6.71,0.122453,-0.644002,-0.015630,-0.115621,-0.317,0.200,-0.039062,-0.018000,0.000000,-0.078125,0.000000,0.191184,1,3.70,2.565,-42.823,1.964,-2.455090
2.464000,0.323,0.300000,0.123000,4.141,6.71,0.122464,-0.646617,-0.016044,-0.113584,-0.318,0.200,-0.039062,-0.018000,0.000000,-0.078125,0.000000,0.191184,1,3.70,2.569,-42.821,1.965,-2.454268
2.466000,0.325,0.300000,0.123000,4.141,6.71,0.122474,-0.649246,-0.016733,-0.110096,-0.319,0.200,-0.039062,-0.018000,0.000000,-0.078125,0.000000,0.191184,1,3.70,2.572,-42.819,1.966,-2.453440
2.468000,0.326,0.300000,0.123000,4.141,6.71,0.122485,-0.651887,-0.016911,-0.136209,-0.321,0.200,-0.039062,-0.018000,0.000000,-0.078125,0.000000,0.191184,1,3.70,2.575,-42.816,1.968,-2.452606
2.470000,0.327,0.300000,0.123000,4.141,6.71,0.122495,-0.654541,-0.017336,-0.136861,-0.322,0.200,-0.039062,-0.018000,0.000000,-0.078125,0.000000,0.191184,1,3.70,2.578,-42.814,1.969,-2.451767
2.472000,0.329,0.300000,0.123000,4.141,6.71,0.122505,-0.657208,-0.017745,-0.122884,-0.323,0.200,-0.039062,-0.018000,0.000000,-0.078125,0.000000,0.191184,1,3.70,2.581,-42.812,1.970,-2.450923
2.474000,0.330,0.300000,0.123000,4.141,6.71,0.122515,-0.659887,-0.018060,-0.130602,-0.325,0.200,-0.039062,-0.018000,0.000000,-0.078125,0.000000,0.191184,1,3.70,2.584,-42.809,1.971,-2.450072
2.476000,0.331,0.300000,0.123000,4.141,6.71,0.122525,-0.662580,-0.018196,-0.183661,-0.326,0.200,-0.039062,-0.018000,0.000000,-0.078125,0.000000,0.191184,1,3.70,2.587,-42.807,1.973,-2.449216
2.478000,0.333,0.300000,0.123000,4.141,6.71,0.122534,-0.665286,-0.018562,-0.160027,-0.327,0.200,-0.039062,-0.018000,0.000000,-0.078125,0.000000,0.191184,1,3.70,2.590,-42.805,1.974,-2.448354
2.480000,0.334,0.300000,0.123000,4.141,6.71,0.122544,-0.668004,-0.019104,-0.156348,-0.329,0.200,-0.039062,-0.018000,0.000000,-0.078125,0.000000,0.191184,1,3.70,2.593,-42.803,1.975,-2.447486
2.482000,0.335,0.300000,0.123000,4.141,6.71,0.122553,-0.670736,-0.019455,-0.160959,-0.330,0.200,-0.039062,-0.018000,0.000000,-0.078125,0.000000,0.191184,1,3.70,2.596,-42.800,1.976,-2.446612
2.484000,0.337,0.300000,0.123000,4.141,6.71,0.122562,-0.673480,-0.019883,-0.154460,-0.331,0.200,-0.039062,-0.018000,0.000000,-0.078125,0.000000,0.191184,1,3.70,2.599,-42.798,1.978,-2.445731
2.486000,0.338,0.300000,0.123000,4.141,6.71,0.122570,-0.676238,-0.020088,-0.134437,-0.333,0.200,-0.039062,-0.018000,0.000000,-0.078125,0.000000,0.191184,1,3.70,2.602,-42.796,1.979,-2.444845
2.488000,0.340,0.300000,0.123000,4.141,6.71,0.122579,-0.679008,-0.020460,-0.135110,-0.334,0.200,-0.039062,-0.018000,0.000000,-0.078125,0.000000,0.191184,1,3.70,2.605,-42.794,1.980,-2.443952
2.490000,0.341,0.300000,0.123000,4.141,6.71,0.122587,-0.681792,-0.021185,-0.131453,-0.335,0.200,-0.039062,-0.018000,0.000000,-0.078125,0.000000,0.191184,1,3.70,2.608,-42.791,1.982,-2.443053
2.492000,0.342,0.300000,0.123000,4.141,6.71,0.122595,-0.684588,-0.021369,-0.157303,-0.337,0.200,-0.039062,-0.018000,0.000000,-0.078125,0.000000,0.191184,1,3.70,2.611,-42.789,1.983,-2.442147
2.494000,0.344,0.300000,0.123000,4.141,6.71,0.122603,-0.687398,-0.021812,-0.157479,-0.338,0.200,-0.039062,-0.018000,0.000000,-0.078125,0.000000,0.191184,1,3.70,2.614,-42.787,1.984,-2.441235
2.496000,0.345,0.300000,0.123000,4.141,6.71,0.122611,-0.690220,-0.030095,-0.113227,-0.340,0.200,-0.039062,-0.018000,0.000000,-0.078125,0.000000,0.191184,1,3.70,2.617,-42.785,1.986,-2.440317
2.498000,0.347,0.300000,0.123000,4.141,6.71,0.122619,-0.693056,-0.030643,-0.105894,-0.341,0.200,-0.039062,-0.018000,0.000000,-0.078125,0.000000,0.191184,1,3.70,2.620,-42.782,1.987,-2.439391
2.500000,0.348,0.300000,0.123000,4.141,6.71,0.122627,-0.695905,0.000000,-0.002662,0.000,0.200,-0.046875,-0.018000,0.000000,-0.093750,0.000000,0.229421,1,3.61,2.624,-42.780,1.989,-2.438459
2.502000,0.349,0.300000,0.123000,4.141,6.71,0.122634,-0.698767,-0.000481,-0.023432,0.000,0.200,-0.046875,-0.018000,0.000000,-0.093750,0.000000,0.229421,1,3.61,2.627,-42.778,1.990,-2.437521
2.504000,0.351,0.300000,0.123000,4.141,6.71,0.122641,-0.701642,-0.001106,-0.039567,0.000,0.200,-0.046875,-0.018000,0.000000,-0.093750,0.000000,0.229421,1,3.61,2.630,-42.776,1.991,-2.436575
2.506000,0.352,0.300000,0.123000,4.141,6.71,0.122649,-0.704530,-0.001429,-0.071137,0.000,0.200,-0.046875,-0.018000,0.000000,-0.093750,0.000000,0.229421,1,3.61,2.633,-42.774,1.993,-2.435622
2.508000,0.354,0.300000,0.123000,4.141,6.71,0.122656,-0.707431,-0.001840,-0.096068,-0.348,0.200,-0.046875,-0.018000,0.000000,-0.093750,0.000000,0.229421,1,3.61,2.636,-42.771,1.994,-2.434662
2.510000,0.355,0.300000,0.123000,4.141,6.71,0.122662,-0.710345,-0.002027,-0.148891,-0.349,0.200,-0.046875,-0.018000,0.000000,-0.093750,0.000000,0.229421,1,3.61,2.639,-42.769,1.996,-2.433695
2.512000,0.357,0.300000,0.123000,4.141,6.71,0.122669,-0.713272,-0.002800,-0.141615,-0.351,0.200,-0.046875,-0.018000,0.000000,-0.093750,0.000000,0.229421,1,3.61,2.642,-42.767,1.997,-2.432721
2.514000,0.358,0.300000,0.123000,4.141,6.71,0.122676,-0.716212,-0.003180,-0.153255,-0.352,0.200,-0.046875,-0.018000,0.000000,-0.093750,0.000000,0.229421,1,3.61,2.645,-42.765,1.998,-2.431739
2.516000,0.360,0.300000,0.123000,4.141,6.71,0.122682,-0.719165,-0.003337,-0.189236,-0.354,0.200,-0.046875,-0.018000,0.000000,-0.093750,0.000000,0.229421,1,3.61,2.649,-42.763,2.000,-2.430750
2.518000,0.361,0.300000,0.123000,4.141,6.71,0.122688,-0.722132,-0.003753,-0.190018,-0.355,0.200,-0.046875,-0.018000,0.000000,-0.093750,0.000000,0.229421,1,3.61,2.652,-42.760,2.001,-2.429754
2.520000,0.363,0.300000,0.123000,4.141,6.71,0.122695,-0.725111,-0.004237,-0.156851,-0.357,0.200,-0.046875,-0.018000,0.000000,-0.093750,0.000000,0.229421,1,3.61,2.655,-42.758,2.003,-2.428749
2.522000,0.364,0.300000,0.123000,4.141,6.71,0.122701,-0.728104,-0.004605,-0.173007,-0.358,0.200,-0.046875,-0.018000,0.000000,-0.093750,0.000000,0.229421,1,3.61,2.658,-42.756,2.004,-2.427737
2.524000,0.366,0.300000,0.123000,4.141,6.71,0.122707,-0.731109,-0.004793,-0.203568,-0.360,0.200,-0.046875,-0.018000,0.000000,-0.093750,0.000000,0.229421,1,3.61,2.661,-42.754,2.006,-2.426718
2.526000,0.367,0.300000,0.123000,4.141,6.71,0.122712,-0.734127,-0.005176,-0.164925,-0.361,0.200,-0.046875,-0.018000,0.000000,-0.093750,0.000000,0.229421,1,3.61,2.664,-42.752,2.007,-2.425690
2.528000,0.369,0.300000,0.123000,4.141,6.71,0.122718,-0.737159,-0.005742,-0.158971,-0.363,0.200,-0.046875,-0.018000,0.000000,-0.093750,0.000000,0.229421,1,3.61,2.667,-42.750,2.009,-2.424654
2.530000,0.370,0.300000,0.123000,4.141,6.71,0.122724,-0.740203,-0.006157,-0.163758,-0.364,0.200,-0.046875,-0.018000,0.000000,-0.093750,0.000000,0.229421,1,3.61,2.671,-42.748,2.010,-2.423610
2.532000,0.372,0.300000,0.123000,4.141,6.71,0.122729,-0.743261,-0.006607,-0.159375,-0.366,0.200,-0.046875,-0.018000,0.000000,-0.093750,0.000000,0.229421,1,3.61,2.674,-42.745,2.012,-2.422558
2.534000,0.373,0.300000,0.123000,4.141,6.71,0.122735,-0.746331,-0.006840,-0.150181,-0.367,0.200,-0.046875,-0.018000,0.000000,-0.093750,0.000000,0.229421,1,3.61,2.677,-42.743,2.013,-2.421498
2.536000,0.375,0.300000,0.123000,4.141,6.71,0.122740,-0.749415,-0.007789,-0.133448,-0.369,0.200,-0.046875,-0.018000,0.000000,-0.093750,0.000000,0.229421,1,3.61,2.680,-42.741,2.015,-2.420429
2.538000,0.376,0.300000,0.123000,4.141,6.71,0.122745,-0.752511,-0.008201,-0.141965,-0.370,0.200,-0.046875,-0.018000,0.000000,-0.093750,0.000000,0.229421,1,3.61,2.683,-42.739,2.016,-2.419352
2.540000,0.378,0.300000,0.123000,4.141,6.71,0.122750,-0.755620,-0.008358,-0.189778,-0.372,0.200,-0.046875,-0.018000,0.000000,-0.093750,0.000000,0.229421,1,3.61,2.687,-42.737,2.018,-2.418266
2.542000,0.379,0.300000,0.123000,4.141,6.71,0.122755,-0.758742,-0.008804,-0.191080,-0.373,0.200,-0.046875,-0.018000,0.000000,-0.093750,0.000000,0.229421,1,3.61,2.690,-42.735,2.019,-2.417171
2.544000,0.381,0.300000,0.123000,4.141,6.71,0.122760,-0.761877,-0.009323,-0.164961,-0.375,0.200,-0.046875,-0.018000,0.000000,-0.093750,0.000000,0.229421,1,3.61,2.693,-42.733,2.021,-2.416068
2.546000,0.383,0.300000,0.123000,4.141,6.71,0.122765,-0.765024,-0.009733,-0.182149,-0.376,0.200,-0.046875,-0.018000,0.000000,-0.093750,0.000000,0.229421,1,3.61,2.696,-42.731,2.023,-2.414955
2.548000,0.384,0.300000,0.123000,4.141,6.71,0.122769,-0.768185,-0.014979,-0.156187,-0.378,0.200,-0.046875,-0.018000,0.000000,-0.093750,0.000000,0.229421,1,3.61,2.699,-42.728,2.024,-2.413834
2.550000,0.386,0.300000,0.123000,4.141,6.71,0.122774,-0.771358,-0.015294,-0.120070,-0.379,0.200,-0.046875,-0.018000,0.000000,-0.093750,0.000000,0.229421,1,3.61,2.703,-42.726,2.026,-2.412703
2.552000,0.387,0.300000,0.123000,4.141,6.71,0.122778,-0.774544,-0.016364,-0.105032,-0.381,0.200,-0.046875,-0.018000,0.000000,-0.093750,0.000000,0.229421,1,3.61,2.706,-42.724,2.027,-2.411563
2.554000,0.389,0.300000,0.123000,4.141,6.71,0.122783,-0.777742,-0.016712,-0.117810,-0.383,0.200,-0.046875,-0.018000,0.000000,-0.093750,0.000000,0.229421,1,3.61,2.709,-42.722,2.029,-2.410414
2.556000,0.390,0.300000,0.123000,4.141,6.71,0.122787,-0.780953,-0.017238,-0.112263,-0.384,0.200,-0.046875,-0.018000,0.000000,-0.093750,0.000000,0.229421,1,3.61,2.712,-42.720,2.030,-2.409255
2.558000,0.392,0.300000,0.123000,4.141,6.71,0.122791,-0.784177,-0.017408,-0.184367,-0.386,0.200,-0.046875,-0.018000,0.000000,-0.093750,0.000000,0.229421,1,3.61,2.715,-42.718,2.032,-2.408086
2.560000,0.394,0.300000,0.123000,4.141,6.71,0.122795,-0.787413,-0.018334,-0.159325,-0.387,0.200,-0.056250,-0.018000,0.000000,-0.112500,0.000000,0.275305,1,3.50,2.719,-42.716,2.034,-2.406908
2.562000,0.395,0.300000,0.123000,4.141,6.71,0.122800,-0.790662,-0.018847,-0.172824,-0.389,0.200,-0.056250,-0.018000,0.000000,-0.112500,0.000000,0.275305,1,3.50,2.722,-42.714,2.035,-2.405719
2.564000,0.397,0.300000,0.123000,4.141,6.71,0.122803,-0.793924,-0.019399,-0.160468,-0.390,0.200,-0.056250,-0.018000,0.000000,-0.112500,0.000000,0.275305,1,3.50,2.725,-42.712,2.037,-2.404521
2.566000,0.399,0.300000,0.123000,4.141,6.71,0.122807,-0.797197,-0.019884,-0.163562,-0.392,0.200,-0.056250,-0.018000,0.000000,-0.112500,0.000000,0.275305,1,3.50,2.728,-42.710,2.038,-2.403312
2.568000,0.400,0.300000,0.123000,4.141,6.71,0.122811,-0.800483,-0.020516,-0.109958,-0.394,0.200,-0.056250,-0.018000,0.000000,-0.112500,0.000000,0.275305,1,3.50,2.732,-42.708,2.040,-2.402094
2.570000,0.402,0.300000,0.123000,4.141,6.71,0.122815,-0.803782,-0.020931,-0.128178,-0.395,0.200,-0.056250,-0.018000,0.000000,-0.112500,0.000000,0.275305,1,3.50,2.735,-42.706,2.042,-2.400865
2.572000,0.404,0.300000,0.123000,4.141,6.71,0.122819,-0.807092,-0.021121,-0.173349,-0.397,0.200,-0.056250,-0.018000,0.000000,-0.112500,0.000000,0.275305,1,3.50,2.738,-42.704,2.043,-2.399625
2.574000,0.405,0.300000,0.123000,4.141,6.71,0.122822,-0.810415,-0.021303,-0.224008,-0.399,0.200,-0.056250,-0.018000,0.000000,-0.112500,0.000000,0.275305,1,3.50,2.741,-42.702,2.045,-2.398375
2.576000,0.407,0.300000,0.123000,4.141,6.71,0.122826,-0.813750,-0.022563,-0.207867,-0.400,0.200,-0.056250,-0.018000,0.000000,-0.112500,0.000000,0.275305,1,3.50,2.745,-42.700,2.047,-2.397113
2.578000,0.409,0.300000,0.123000,4.141,6.71,0.122829,-0.817097,-0.022994,-0.218803,-0.402,0.200,-0.056250,-0.018000,0.000000,-0.112500,0.000000,0.275305,1,3.50,2.748,-42.697,2.048,-2.395841
2.580000,0.410,0.300000,0.123000,4.141,6.71,0.122832,-0.820457,-0.023482,-0.215018,-0.404,0.200,-0.056250,-0.018000,0.000000,-0.112500,0.000000,0.275305,1,3.50,2.751,-42.695,2.050,-2.394558
2.582000,0.412,0.300000,0.123000,4.141,6.71,0.122836,-0.823828,-0.023722,-0.202739,-0.405,0.200,-0.056250,-0.018000,0.000000,-0.112500,0.000000,0.275305,1,3.50,2.755,-42.693,2.051,-2.393263
2.584000,0.414,0.300000,0.123000,4.141,6.71,0.122839,-0.827211,-0.024193,-0.158373,-0.407,0.200,-0.056250,-0.018000,0.000000,-0.112500,0.000000,0.275305,1,3.50,2.758,-42.691,2.053,-2.391958
2.586000,0.415,0.300000,0.123000,4.141,6.71,0.122842,-0.830605,-0.025053,-0.163989,-0.409,0.200,-0.056250,-0.018000,0.000000,-0.112500,0.000000,0.275305,1,3.50,2.761,-42.689,2.055,-2.390640
2.588000,0.417,0.300000,0.123000,4.141,6.71,0.122845,-0.834012,-0.025278,-0.195369,-0.410,0.200,-0.056250,-0.018000,0.000000,-0.112500,0.000000,0.275305,1,3.50,2.764,-42.687,2.056,-2.389311
2.590000,0.419,0.300000,0.123000,4.141,6.71,0.122848,-0.837430,-0.025813,-0.193913,-0.412,0.200,-0.056250,-0.018000,0.000000,-0.112500,0.000000,0.275305,1,3.50,2.768,-42.685,2.058,-2.387970
2.592000,0.420,0.300000,0.123000,4.141,6.71,0.122851,-0.840860,-0.026381,-0.161408,-0.414,0.200,-0.056250,-0.018000,0.000000,-0.112500,0.000000,0.275305,1,3.50,2.771,-42.683,2.060,-2.386618
2.594000,0.422,0.300000,0.123000,4.141,6.71,0.122854,-0.844301,-0.026921,-0.158577,-0.415,0.200,-0.056250,-0.018000,0.000000,-0.112500,0.000000,0.275305,1,3.50,2.774,-42.681,2.061,-2.385253
2.596000,0.424,0.300000,0.123000,4.141,6.71,0.122857,-0.847754,-0.027103,-0.222451,-0.417,0.200,-0.056250,-0.018000,0.000000,-0.112500,0.000000,0.275305,1,3.50,2.778,-42.680,2.063,-2.383876
2.598000,0.426,0.300000,0.123000,4.141,6.71,0.122860,-0.851218,-0.027564,-0.191301,-0.419,0.200,-0.056250,-0.018000,0.000000,-0.112500,0.000000,0.275305,1,3.50,2.781,-42.678,2.064,-2.382486
2.600000,0.427,0.300000,0.141000,4.261,6.71,0.122863,-0.854693,0.000000,-0.003165,0.000,0.200,-0.065625,-0.006000,0.000000,-0.131250,0.000000,0.321188,1,3.39,2.784,-42.676,2.066,-2.381084
2.602000,0.429,0.300000,0.141000,4.261,6.75,0.123137,-0.858189,-0.000487,-0.033941,0.000,0.200,-0.065625,-0.006000,0.000000,-0.131250,0.000000,0.321188,1,3.39,2.788,-42.674,2.070,-2.379682
2.604000,0.431,0.300000,0.141000,4.261,6.78,0.123494,-0.861698,-0.001047,-0.060957,0.000,0.200,-0.065625,-0.006000,0.000000,-0.131250,0.000000,0.321188,1,3.39,2.791,-42.672,2.075,-2.378267
2.606000,0.433,0.300000,0.141000,4.261,6.80,0.123844,-0.865215,-0.001297,-0.121740,0.000,0.200,-0.065625,-0.006000,0.000000,-0.131250,0.000000,0.321188,1,3.39,2.794,-42.670,2.080,-2.376843
2.608000,0.434,0.300000,0.141000,4.261,6.82,0.124188,-0.868740,-0.001939,-0.145595,-0.427,0.200,-0.065625,-0.006000,0.000000,-0.131250,0.000000,0.321188,1,3.39,2.798,-42.668,2.086,-2.375409
2.610000,0.436,0.300000,0.141000,4.261,6.84,0.124524,-0.872274,-0.002472,-0.171360,-0.429,0.200,-0.065625,-0.006000,0.000000,-0.131250,0.000000,0.321188,1,3.39,2.801,-42.666,2.092,-2.373965
2.612000,0.438,0.300000,0.141000,4.261,6.85,0.124853,-0.875817,-0.003016,-0.169111,-0.431,0.200,-0.065625,-0.006000,0.000000,-0.131250,0.000000,0.321188,1,3.39,2.804,-42.664,2.098,-2.372511
2.614000,0.440,0.300000,0.141000,4.261,6.86,0.125176,-0.879370,-0.003286,-0.199961,-0.433,0.200,-0.065625,-0.006000,0.000000,-0.131250,0.000000,0.321188,1,3.39,2.808,-42.662,2.104,-2.371046
2.616000,0.441,0.300000,0.141000,4.261,6.87,0.125493,-0.882933,-0.003991,-0.161487,-0.434,0.200,-0.065625,-0.006000,0.000000,-0.131250,0.000000,0.321188,1,3.39,2.811,-42.660,2.110,-2.369570
2.618000,0.443,0.300000,0.141000,4.261,6.88,0.125803,-0.886507,-0.004817,-0.156808,-0.436,0.200,-0.065625,-0.006000,0.000000,-0.131250,0.000000,0.321188,1,3.39,2.815,-42.658,2.116,-2.368083
2.620000,0.445,0.300000,0.141000,4.261,6.88,0.126107,-0.890097,-0.005057,-0.194564,-0.438,0.200,-0.065625,-0.006000,0.000000,-0.131250,0.000000,0.321188,1,3.39,2.818,-42.656,2.120,-2.366577
2.622000,0.447,0.300000,0.141000,4.261,6.89,0.126405,-0.893703,-0.005755,-0.189101,-0.440,0.200,-0.065625,-0.006000,0.000000,-0.131250,0.000000,0.321188,1,3.39,2.822,-42.654,2.124,-2.365053
2.624000,0.449,0.300000,0.141000,4.261,6.89,0.126696,-0.897322,-0.007492,-0.140586,-0.441,0.200,-0.065625,-0.006000,0.000000,-0.131250,0.000000,0.321188,1,3.39,2.825,-42.652,2.127,-2.363510
2.626000,0.450,0.300000,0.141000,4.261,6.89,0.126982,-0.900955,-0.007807,-0.170164,-0.443,0.200,-0.065625,-0.006000,0.000000,-0.131250,0.000000,0.321188,1,3.39,2.828,-42.650,2.130,-2.361949
2.628000,0.452,0.300000,0.141000,4.261,6.89,0.127263,-0.904598,-0.008844,-0.166876,-0.445,0.200,-0.065625,-0.006000,0.000000,-0.131250,0.000000,0.321188,1,3.39,2.832,-42.648,2.132,-2.360370
2.630000,0.454,0.300000,0.141000,4.261,6.90,0.127537,-0.908251,-0.009106,-0.163526,-0.447,0.200,-0.065625,-0.006000,0.000000,-0.131250,0.000000,0.321188,1,3.39,2.835,-42.646,2.134,-2.358773
2.632000,0.456,0.300000,0.141000,4.261,6.90,0.127807,-0.911913,-0.010029,-0.158563,-0.449,0.200,-0.065625,-0.006000,0.000000,-0.131250,0.000000,0.321188,1,3.39,2.839,-42.644,2.136,-2.357157
2.634000,0.458,0.300000,0.141000,4.261,6.90,0.128071,-0.915583,-0.010548,-0.181549,-0.450,0.200,-0.065625,-0.006000,0.000000,-0.131250,0.000000,0.321188,1,3.39,2.842,-42.642,2.138,-2.355525
2.636000,0.460,0.300000,0.141000,4.261,6.90,0.128329,-0.919259,-0.010829,-0.189850,-0.452,0.200,-0.065625,-0.006000,0.000000,-0.131250,0.000000,0.321188,1,3.39,2.846,-42.640,2.139,-2.353874
2.638000,0.461,0.300000,0.141000,4.261,6.90,0.128582,-0.922941,-0.011235,-0.215862,-0.454,0.200,-0.065625,-0.006000,0.000000,-0.131250,0.000000,0.321188,1,3.39,2.849,-42.638,2.140,-2.352206
2.640000,0.463,0.300000,0.141000,4.261,6.90,0.128831,-0.926628,-0.011784,-0.183630,-0.456,0.200,-0.065625,-0.006000,0.000000,-0.131250,0.000000,0.321188,1,3.39,2.853,-42.636,2.141,-2.350520
2.642000,0.465,0.300000,0.141000,4.261,6.90,0.129074,-0.930320,-0.012269,-0.200959,-0.458,0.200,-0.065625,-0.006000,0.000000,-0.131250,0.000000,0.321188,1,3.39,2.856,-42.634,2.142,-2.348817
2.644000,0.467,0.300000,0.141000,4.261,6.90,0.129313,-0.934016,-0.012808,-0.200586,-0.460,0.200,-0.065625,-0.006000,0.000000,-0.131250,0.000000,0.321188,1,3.39,2.860,-42.632,2.143,-2.347096
2.646000,0.469,0.300000,0.141000,4.261,6.90,0.129546,-0.937715,-0.013109,-0.198039,-0.461,0.200,-0.065625,-0.006000,0.000000,-0.131250,0.000000,0.321188,1,3.39,2.863,-42.630,2.144,-2.345358
2.648000,0.471,0.300000,0.141000,4.261,6.90,0.129775,-0.941418,-0.013832,-0.180269,-0.463,0.200,-0.065625,-0.006000,0.000000,-0.131250,0.000000,0.321188,1,3.39,2.867,-42.628,2.144,-2.343602
2.650000,0.473,0.300000,0.141000,4.261,6.90,0.130000,-0.945124,-0.020492,-0.151793,-0.465,0.200,-0.065625,-0.006000,0.000000,-0.131250,0.000000,0.321188,1,3.39,2.870,-42.626,2.145,-2.341828
2.652000,0.474,0.300000,0.141000,4.261,6.90,0.130220,-0.948833,-0.020923,-0.157187,-0.467,0.200,-0.065625,-0.006000,0.000000,-0.131250,0.000000,0.321188,1,3.39,2.874,-42.624,2.145,-2.340035
2.654000,0.476,0.300000,0.141000,4.261,6.90,0.130435,-0.952546,-0.021138,-0.207572,-0.469,0.200,-0.065625,-0.006000,0.000000,-0.131250,0.000000,0.321188,1,3.39,2.877,-42.622,2.146,-2.338225
2.656000,0.478,0.300000,0.141000,4.261,6.90,0.130647,-0.956261,-0.022204,-0.166588,-0.471,0.200,-0.065625,-0.006000,0.000000,-0.131250,0.000000,0.321188,1,3.39,2.881,-42.621,2.147,-2.336395
2.658000,0.480,0.300000,0.141000,4.261,6.90,0.130854,-0.959980,-0.022496,-0.203620,-0.473,0.200,-0.065625,-0.006000,0.000000,-0.131250,0.000000,0.321188,1,3.39,2.884,-42.619,2.147,-2.334547
2.660000,0.482,0.300000,0.141000,4.261,6.90,0.131057,-0.963702,-0.023421,-0.220390,-0.474,0.200,-0.076563,-0.006000,0.000000,-0.153125,0.000000,0.374719,1,3.25,2.888,-42.617,2.148,-2.332680
2.662000,0.484,0.300000,0.141000,4.261,6.90,0.131255,-0.967427,-0.023752,-0.233934,-0.476,0.200,-0.076563,-0.006000,0.000000,-0.153125,0.000000,0.374719,1,3.25,2.891,-42.615,2.149,-2.330794
2.664000,0.486,0.300000,0.141000,4.261,6.90,0.131450,-0.971156,-0.024852,-0.168048,-0.478,0.200,-0.076563,-0.006000,0.000000,-0.153125,0.000000,0.374719,1,3.25,2.895,-42.613,2.150,-2.328888
2.666000,0.487,0.300000,0.141000,4.261,6.90,0.131641,-0.974888,-0.025333,-0.189212,-0.480,0.200,-0.076563,-0.006000,0.000000,-0.153125,0.000000,0.374719,1,3.25,2.898,-42.611,2.150,-2.326962
2.668000,0.489,0.300000,0.141000,4.261,6.90,0.131828,-0.978623,-0.025912,-0.159612,-0.482,0.200,-0.076563,-0.006000,0.000000,-0.153125,0.000000,0.374719,1,3.25,2.902,-42.609,2.151,-2.325016
2.670000,0.491,0.300000,0.141000,4.261,6.90,0.132012,-0.982363,-0.026191,-0.205929,-0.484,0.200,-0.076563,-0.006000,0.000000,-0.153125,0.000000,0.374719,1,3.25,2.905,-42.608,2.152,-2.323049
2.672000,0.493,0.300000,0.141000,4.261,6.90,0.132191,-0.986105,-0.026751,-0.184515,-0.486,0.200,-0.076563,-0.006000,0.000000,-0.153125,0.000000,0.374719,1,3.25,2.909,-42.606,2.153,-2.321061
2.674000,0.495,0.300000,0.141000,4.261,6.90,0.132368,-0.989852,-0.027779,-0.186101,-0.487,0.200,-0.076563,-0.006000,0.000000,-0.153125,0.000000,0.374719,1,3.25,2.913,-42.604,2.154,-2.319053
2.676000,0.497,0.300000,0.141000,4.261,6.90,0.132540,-0.993602,-0.028045,-0.218372,-0.489,0.200,-0.076563,-0.006000,0.000000,-0.153125,0.000000,0.374719,1,3.25,2.916,-42.602,2.155,-2.317023
2.678000,0.499,0.300000,0.141000,4.261,6.90,0.132709,-0.997355,-0.028716,-0.214691,-0.491,0.200,-0.076563,-0.006000,0.000000,-0.153125,0.000000,0.374719,1,3.25,2.920,-42.600,2.156,-2.314972
2.680000,0.501,0.300000,0.141000,4.261,6.90,0.132875,-1.001112,-0.029334,-0.179412,-0.493,0.200,-0.076563,-0.006000,0.000000,-0.153125,0.000000,0.374719,1,3.25,2.923,-42.598,2.157,-2.312898
2.682000,0.502,0.300000,0.141000,4.261,6.90,0.133038,-1.004871,-0.029820,-0.185324,-0.495,0.200,-0.076563,-0.006000,0.000000,-0.153125,0.000000,0.374719,1,3.25,2.927,-42.597,2.158,-2.310803
2.684000,0.504,0.300000,0.141000,4.261,6.90,0.133197,-1.008634,-0.030031,-0.257163,-0.497,0.200,-0.076563,-0.006000,0.000000,-0.153125,0.000000,0.374719,1,3.25,2.930,-42.595,2.159,-2.308685
2.686000,0.506,0.300000,0.141000,4.261,6.90,0.133353,-1.012400,-0.030576,-0.222002,-0.499,0.200,-0.076563,-0.006000,0.000000,-0.153125,0.000000,0.374719,1,3.25,2.934,-42.593,2.160,-2.306545
2.688000,0.508,0.300000,0.141000,4.261,6.90,0.133506,-1.016168,-0.031322,-0.219810,-0.501,0.200,-0.076563,-0.006000,0.000000,-0.153125,0.000000,0.374719,1,3.25,2.937,-42.591,2.161,-2.304382
2.690000,0.510,0.300000,0.141000,4.261,6.90,0.133656,-1.019938,-0.031886,-0.223475,-0.502,0.200,-0.076563,-0.006000,0.000000,-0.153125,0.000000,0.374719,1,3.25,2.941,-42.589,2.162,-2.302195
2.692000,0.512,0.300000,0.141000,4.261,6.90,0.133802,-1.023710,-0.032549,-0.213727,-0.504,0.200,-0.076563,-0.006000,0.000000,-0.153125,0.000000,0.374719,1,3.25,2.945,-42.588,2.163,-2.299986
2.694000,0.514,0.300000,0.141000,4.261,6.90,0.133946,-1.027484,-0.032837,-0.191040,-0.506,0.200,-0.076563,-0.006000,0.000000,-0.153125,0.000000,0.374719,1,3.25,2.948,-42.586,2.164,-2.297752
2.696000,0.516,0.300000,0.141000,4.261,6.90,0.134087,-1.031260,-0.033455,-0.187645,-0.508,0.200,-0.076563,-0.006000,0.000000,-0.153125,0.000000,0.374719,1,3.25,2.952,-42.584,2.165,-2.295495
2.698000,0.518,0.300000,0.141000,4.261,6.90,0.134226,-1.035036,-0.034558,-0.179664,-0.510,0.200,-0.076563,-0.006000,0.000000,-0.153125,0.000000,0.374719,1,3.25,2.955,-42.582,2.166,-2.293214
2.700000,0.519,0.300000,0.141000,4.261,6.90,0.134361,-1.038814,0.000000,-0.003745,0.000,0.200,-0.076563,-0.006000,0.000000,-0.153125,0.000000,0.374719,1,3.25,2.959,-42.581,2.166,-2.290908
2.702000,0.521,0.300000,0.141000,4.261,6.90,0.134494,-1.042592,-0.007305,-0.006441,0.000,0.200,-0.076563,-0.006000,0.000000,-0.153125,0.000000,0.374719,1,3.25,2.963,-42.579,2.167,-2.288578
2.704000,0.523,0.300000,0.141000,4.261,6.90,0.134624,-1.046370,-0.009273,-0.016487,0.000,0.200,-0.076563,-0.006000,0.000000,-0.153125,0.000000,0.374719,1,3.25,2.966,-42.577,2.168,-2.286223
2.706000,0.525,0.300000,0.141000,4.261,6.90,0.134751,-1.050148,-0.010202,-0.037845,0.000,0.200,-0.076563,-0.006000,0.000000,-0.153125,0.000000,0.374719,1,3.25,2.970,-42.575,2.168,-2.283842
2.708000,0.527,0.300000,0.141000,4.261,6.90,0.134876,-1.053925,-0.010863,-0.067924,-0.519,0.200,-0.076563,-0.006000,0.000000,-0.153125,0.000000,0.374719,1,3.25,2.973,-42.574,2.169,-2.281437
2.710000,0.529,0.300000,0.141000,4.261,6.90,0.134999,-1.057701,-0.011169,-0.129630,-0.521,0.200,-0.076563,-0.006000,0.000000,-0.153125,0.000000,0.374719,1,3.25,2.977,-42.572,2.169,-2.279006
2.712000,0.531,0.300000,0.141000,4.261,6.90,0.135119,-1.061477,-0.012099,-0.148480,-0.523,0.200,-0.076563,-0.006000,0.000000,-0.153125,0.000000,0.374719,1,3.25,2.981,-42.570,2.170,-2.276549
2.714000,0.533,0.300000,0.141000,4.261,6.90,0.135236,-1.065250,-0.013009,-0.160500,-0.525,0.200,-0.076563,-0.006000,0.000000,-0.153125,0.000000,0.374719,1,3.25,2.984,-42.568,2.170,-2.274066
2.716000,0.535,0.300000,0.141000,4.261,6.90,0.135352,-1.069022,-0.013304,-0.207645,-0.527,0.200,-0.076563,-0.006000,0.000000,-0.153125,0.000000,0.374719,1,3.25,2.988,-42.567,2.170,-2.271556
2.718000,0.536,0.300000,0.141000,4.261,6.90,0.135464,-1.072792,-0.013547,-0.260742,-0.529,0.200,-0.076563,-0.006000,0.000000,-0.153125,0.000000,0.374719,1,3.25,2.991,-42.565,2.171,-2.269020
2.720000,0.538,0.300000,0.141000,4.261,6.90,0.135575,-1.076559,-0.014634,-0.213933,-0.531,0.200,-0.087500,-0.006000,0.000000,-0.175000,0.000000,0.428250,1,3.13,2.995,-42.563,2.171,-2.266457
2.722000,0.540,0.300000,0.141000,4.261,6.90,0.135684,-1.080323,-0.015243,-0.225811,-0.533,0.200,-0.087500,-0.006000,0.000000,-0.175000,0.000000,0.428250,1,3.13,2.999,-42.562,2.171,-2.263866
2.724000,0.542,0.300000,0.141000,4.261,6.90,0.135790,-1.084084,-0.015507,-0.280811,-0.535,0.200,-0.087500,-0.006000,0.000000,-0.175000,0.000000,0.428250,1,3.13,3.002,-42.560,2.171,-2.261248
2.726000,0.544,0.300000,0.141000,4.261,6.90,0.135894,-1.087841,-0.015786,-0.285634,-0.536,0.200,-0.087500,-0.006000,0.000000,-0.175000,0.000000,0.428250,1,3.13,3.006,-42.558,2.171,-2.258602
2.728000,0.546,0.300000,0.141000,4.261,6.90,0.135996,-1.091594,-0.016770,-0.223287,-0.538,0.200,-0.087500,-0.006000,0.000000,-0.175000,0.000000,0.428250,1,3.13,3.010,-42.557,2.172,-2.255929
2.730000,0.548,0.300000,0.141000,4.261,6.90,0.136096,-1.095343,-0.017422,-0.236133,-0.540,0.200,-0.087500,-0.006000,0.000000,-0.175000,0.000000,0.428250,1,3.13,3.013,-42.555,2.172,-2.253226
2.732000,0.550,0.300000,0.141000,4.261,6.90,0.136194,-1.099088,-0.018011,-0.237625,-0.542,0.200,-0.087500,-0.006000,0.000000,-0.175000,0.000000,0.428250,1,3.13,3.017,-42.553,2.172,-2.250495
2.734000,0.551,0.300000,0.141000,4.261,6.90,0.136290,-1.102827,-0.018318,-0.227619,-0.544,0.200,-0.087500,-0.006000,0.000000,-0.175000,0.000000,0.428250,1,3.13,3.020,-42.552,2.172,-2.247735
2.736000,0.553,0.300000,0.141000,4.261,6.90,0.136384,-1.106561,-0.019138,-0.179507,-0.546,0.200,-0.087500,-0.006000,0.000000,-0.175000,0.000000,0.428250,1,3.13,3.024,-42.550,2.171,-2.244945
2.738000,0.555,0.300000,0.141000,4.261,6.90,0.136477,-1.110289,-0.020189,-0.178371,-0.548,0.200,-0.087500,-0.006000,0.000000,-0.175000,0.000000,0.428250,1,3.13,3.028,-42.548,2.171,-2.242126
2.740000,0.557,0.300000,0.141000,4.261,6.90,0.136567,-1.114011,-0.020525,-0.208566,-0.550,0.200,-0.087500,-0.006000,0.000000,-0.175000,0.000000,0.428250,1,3.13,3.031,-42.547,2.171,-2.239276
2.742000,0.559,0.300000,0.141000,4.261,6.90,0.136656,-1.117726,-0.021141,-0.207341,-0.551,0.200,-0.087500,-0.006000,0.000000,-0.175000,0.000000,0.428250,1,3.13,3.035,-42.545,2.171,-2.236396
2.744000,0.561,0.300000,0.141000,4.261,6.90,0.136743,-1.121435,-0.022108,-0.161790,-0.553,0.200,-0.087500,-0.006000,0.000000,-0.175000,0.000000,0.428250,1,3.13,3.039,-42.543,2.170,-2.233486
2.746000,0.563,0.300000,0.141000,4.261,6.90,0.136828,-1.125136,-0.022603,-0.178613,-0.555,0.200,-0.087500,-0.006000,0.000000,-0.175000,0.000000,0.428250,1,3.13,3.042,-42.542,2.170,-2.230544
2.748000,0.564,0.300000,0.141000,4.261,6.90,0.136911,-1.128829,-0.023303,-0.188696,-0.557,0.200,-0.087500,-0.006000,0.000000,-0.175000,0.000000,0.428250,1,3.13,3.046,-42.540,2.170,-2.227571
2.750000,0.566,0.300000,0.141000,4.261,6.90,0.136993,-1.132514,-0.023611,-0.194929,-0.559,0.200,-0.087500,-0.006000,0.000000,-0.175000,0.000000,0.428250,1,3.13,3.050,-42.539,2.169,-2.224567
2.752000,0.568,0.300000,0.141000,4.261,6.90,0.137073,-1.136191,-0.024799,-0.178818,-0.561,0.200,-0.087500,-0.006000,0.000000,-0.175000,0.000000,0.428250,1,3.13,3.053,-42.537,2.169,-2.221530
2.754000,0.570,0.300000,0.141000,4.261,6.90,0.137151,-1.139971,-0.032647,-0.160055,-0.563,0.200,-0.087500,-0.006000,0.000000,-0.175000,0.000000,0.428250,1,3.13,3.057,-42.535,2.146,-2.218419
2.756000,0.572,0.300000,0.141000,4.261,6.90,0.137094,-1.144272,-0.033175,-0.164587,-0.564,0.200,-0.087500,-0.006000,0.000000,-0.175000,0.000000,0.428250,1,3.13,3.060,-42.534,2.016,-2.214923
2.758000,0.574,0.300000,0.141000,4.261,6.90,0.136987,-1.148864,-0.033840,-0.174510,-0.566,0.200,-0.087500,-0.006000,0.000000,-0.175000,0.000000,0.428250,1,3.13,3.063,-42.533,1.946,-2.211245
2.760000,0.577,0.300000,0.141000,4.261,6.90,0.136915,-1.153626,-0.034642,-0.140827,-0.568,0.200,-0.100000,-0.006000,0.000000,-0.200000,0.000000,0.489428,1,2.99,3.066,-42.532,1.902,-2.207441
2.762000,0.579,0.300000,0.141000,4.261,6.90,0.136958,-1.158490,-0.035120,-0.182153,-0.570,0.200,-0.100000,-0.006000,0.000000,-0.200000,0.000000,0.489428,1,2.99,3.069,-42.531,1.867,-2.203528
2.764000,0.582,0.300000,0.141000,4.261,6.90,0.137038,-1.163409,-0.035928,-0.214841,-0.572,0.200,-0.100000,-0.006000,0.000000,-0.200000,0.000000,0.489428,1,2.99,3.072,-42.530,1.840,-2.199503
2.766000,0.584,0.300000,0.141000,4.261,6.90,0.137117,-1.168401,-0.036609,-0.211093,-0.574,0.200,-0.100000,-0.006000,0.000000,-0.200000,0.000000,0.489428,1,2.99,3.075,-42.529,1.816,-2.195381
2.768000,0.587,0.300000,0.141000,4.261,6.90,0.137194,-1.173468,-0.037527,-0.203768,-0.577,0.200,-0.100000,-0.006000,0.000000,-0.200000,0.000000,0.489428,1,2.99,3.078,-42.528,1.796,-2.191183
2.770000,0.589,0.300000,0.141000,4.261,6.90,0.137270,-1.178550,-0.038372,-0.205004,-0.579,0.200,-0.100000,-0.006000,0.000000,-0.200000,0.000000,0.489428,1,2.99,3.081,-42.528,1.780,-2.186905
2.772000,0.592,0.300000,0.141000,4.261,6.90,0.137345,-1.183604,-0.039025,-0.191838,-0.582,0.200,-0.100000,-0.006000,0.000000,-0.200000,0.000000,0.489428,1,2.99,3.083,-42.527,1.769,-2.182548
2.774000,0.594,0.300000,0.141000,4.261,6.90,0.137418,-1.188615,-0.039302,-0.264030,-0.584,0.200,-0.100000,-0.006000,0.000000,-0.200000,0.000000,0.489428,1,2.99,3.086,-42.526,1.760,-2.178123
2.776000,0.597,0.300000,0.141000,4.261,6.90,0.137489,-1.193578,-0.040808,-0.240874,-0.587,0.200,-0.100000,-0.006000,0.000000,-0.200000,0.000000,0.489428,1,2.99,3.089,-42.525,1.754,-2.173640
2.778000,0.599,0.300000,0.141000,4.261,6.90,0.137559,-1.198490,-0.041573,-0.246995,-0.589,0.200,-0.100000,-0.006000,0.000000,-0.200000,0.000000,0.489428,1,2.99,3.091,-42.525,1.749,-2.169107
2.780000,0.602,0.300000,0.141000,4.261,6.90,0.137628,-1.203353,-0.042612,-0.239698,-0.592,0.200,-0.100000,-0.006000,0.000000,-0.200000,0.000000,0.489428,1,2.99,3.094,-42.524,1.745,-2.164531
2.782000,0.604,0.300000,0.141000,4.261,6.90,0.137695,-1.208162,-0.043294,-0.236541,-0.594,0.200,-0.100000,-0.006000,0.000000,-0.200000,0.000000,0.489428,1,2.99,3.097,-42.523,1.742,-2.159918
2.784000,0.606,0.300000,0.141000,4.261,6.90,0.137761,-1.212929,-0.045864,-0.140166,-0.597,0.200,-0.100000,-0.006000,0.000000,-0.200000,0.000000,0.489428,1,2.99,3.100,-42.523,1.737,-2.155262
2.786000,0.609,0.300000,0.141000,4.261,6.90,0.137826,-1.217656,-0.046690,-0.155306,-0.599,0.200,-0.100000,-0.006000,0.000000,-0.200000,0.000000,0.489428,1,2.99,3.102,-42.522,1.732,-2.150563
2.788000,0.611,0.300000,0.141000,4.261,6.90,0.137890,-1.222345,-0.047006,-0.207541,-0.602,0.200,-0.100000,-0.006000,0.000000,-0.200000,0.000000,0.489428,1,2.99,3.105,-42.521,1.727,-2.145819
2.790000,0.613,0.300000,0.141000,4.261,6.90,0.137952,-1.226999,-0.047744,-0.218054,-0.604,0.200,-0.100000,-0.006000,0.000000,-0.200000,0.000000,0.489428,1,2.99,3.108,-42.521,1.721,-2.141030
2.792000,0.616,0.300000,0.141000,4.261,6.90,0.138013,-1.231620,-0.048799,-0.202460,-0.606,0.200,-0.100000,-0.006000,0.000000,-0.200000,0.000000,0.489428,1,2.99,3.110,-42.520,1.714,-2.136193
2.794000,0.618,0.300000,0.141000,4.261,6.90,0.138072,-1.236209,-0.049524,-0.230310,-0.609,0.200,-0.100000,-0.006000,0.000000,-0.200000,0.000000,0.489428,1,2.99,3.113,-42.519,1.707,-2.131304
2.796000,0.620,0.300000,0.141000,4.261,6.90,0.138131,-1.240763,-0.049853,-0.281326,-0.611,0.200,-0.100000,-0.006000,0.000000,-0.200000,0.000000,0.489428,1,2.99,3.116,-42.519,1.700,-2.126359
2.798000,0.623,0.300000,0.141000,4.261,6.90,0.138188,-1.245281,-0.050183,-0.275915,-0.613,0.200,-0.100000,-0.006000,0.000000,-0.200000,0.000000,0.489428,1,2.99,3.118,-42.518,1.692,-2.121352
2.800000,0.625,0.300000,0.141000,4.261,6.90,0.138244,-1.249742,0.000000,-0.004362,0.000,0.200,-0.100000,-0.006000,0.000000,-0.200000,0.000000,0.489428,1,2.99,3.121,-42.518,1.687,-2.116287
2.802000,0.627,0.300000,0.141000,4.261,6.90,0.138299,-1.254172,-0.000823,-0.038117,0.000,0.200,-0.100000,-0.006000,0.000000,-0.200000,0.000000,0.489428,1,2.99,3.124,-42.517,1.678,-2.111155
2.804000,0.629,0.300000,0.141000,4.261,6.90,0.138353,-1.258571,-0.001097,-0.139155,0.000,0.200,-0.100000,-0.006000,0.000000,-0.200000,0.000000,0.489428,1,2.99,3.126,-42.517,1.669,-2.105954
2.806000,0.631,0.300000,0.141000,4.261,6.90,0.138406,-1.262912,-0.009957,-0.142248,0.000,0.200,-0.100000,-0.006000,0.000000,-0.200000,0.000000,0.489428,1,2.99,3.129,-42.516,1.663,-2.100685
2.808000,0.634,0.300000,0.141000,4.261,6.90,0.138458,-1.267195,-0.012163,-0.154550,-0.625,0.200,-0.100000,-0.006000,0.000000,-0.200000,0.000000,0.489428,1,2.99,3.132,-42.515,1.658,-2.095350
2.810000,0.636,0.300000,0.141000,4.261,6.90,0.138509,-1.271421,-0.012562,-0.217535,-0.627,0.200,-0.100000,-0.006000,0.000000,-0.200000,0.000000,0.489428,1,2.99,3.134,-42.515,1.652,-2.089949
2.812000,0.638,0.300000,0.141000,4.261,6.90,0.138559,-1.275630,-0.013871,-0.204285,-0.629,0.200,-0.100000,-0.006000,0.000000,-0.200000,0.000000,0.489428,1,2.99,3.137,-42.514,1.640,-2.084472
2.814000,0.640,0.300000,0.141000,4.261,6.90,0.138607,-1.279814,-0.014228,-0.178352,-0.631,0.200,-0.100000,-0.006000,0.000000,-0.200000,0.000000,0.489428,1,2.99,3.139,-42.514,1.628,-2.078917
2.816000,0.642,0.300000,0.141000,4.261,6.90,0.138655,-1.283942,-0.015751,-0.192662,-0.634,0.200,-0.100000,-0.006000,0.000000,-0.200000,0.000000,0.489428,1,2.99,3.142,-42.513,1.622,-2.073284
2.818000,0.644,0.300000,0.141000,4.261,6.90,0.138702,-1.288016,-0.016426,-0.219233,-0.636,0.200,-0.100000,-0.006000,0.000000,-0.200000,0.000000,0.489428,1,2.99,3.144,-42.513,1.615,-2.067577
2.820000,0.646,0.300000,0.141000,4.261,6.90,0.138748,-1.292035,-0.017208,-0.185072,-0.638,0.200,-0.104687,-0.006000,0.000000,-0.209375,0.000000,0.512371,1,2.92,3.147,-42.512,1.609,-2.061797
2.822000,0.648,0.300000,0.141000,4.261,6.90,0.138793,-1.296001,-0.017709,-0.215825,-0.640,0.200,-0.104687,-0.006000,0.000000,-0.209375,0.000000,0.512371,1,2.92,3.150,-42.512,1.602,-2.055945
2.824000,0.650,0.300000,0.141000,4.261,6.90,0.138837,-1.299911,-0.018859,-0.162832,-0.642,0.200,-0.104687,-0.006000,0.000000,-0.209375,0.000000,0.512371,1,2.92,3.152,-42.511,1.596,-2.050021
2.826000,0.652,0.300000,0.141000,4.261,6.90,0.138881,-1.303766,-0.020016,-0.167142,-0.644,0.200,-0.104687,-0.006000,0.000000,-0.209375,0.000000,0.512371,1,2.92,3.155,-42.510,1.589,-2.044028
2.828000,0.654,0.300000,0.141000,4.261,6.90,0.138923,-1.307602,-0.020393,-0.194759,-0.646,0.200,-0.104687,-0.006000,0.000000,-0.209375,0.000000,0.512371,1,2.92,3.157,-42.510,1.576,-2.037954
2.830000,0.656,0.300000,0.141000,4.261,6.90,0.138964,-1.311404,-0.020674,-0.250409,-0.648,0.200,-0.104687,-0.006000,0.000000,-0.209375,0.000000,0.512371,1,2.92,3.160,-42.509,1.564,-2.031798
2.832000,0.658,0.300000,0.141000,4.261,6.90,0.139005,-1.315146,-0.021990,-0.217857,-0.650,0.200,-0.104687,-0.006000,0.000000,-0.209375,0.000000,0.512371,1,2.92,3.162,-42.509,1.557,-2.025560
2.834000,0.659,0.300000,0.141000,4.261,6.90,0.139045,-1.318829,-0.022689,-0.230460,-0.652,0.200,-0.104687,-0.006000,0.000000,-0.209375,0.000000,0.512371,1,2.92,3.165,-42.508,1.549,-2.019243
2.836000,0.661,0.300000,0.141000,4.261,6.90,0.139084,-1.322451,-0.023407,-0.242106,-0.654,0.200,-0.104687,-0.006000,0.000000,-0.209375,0.000000,0.512371,1,2.92,3.167,-42.508,1.542,-2.012846
2.838000,0.663,0.300000,0.141000,4.261,6.90,0.139122,-1.326013,-0.023787,-0.237814,-0.656,0.200,-0.104687,-0.006000,0.000000,-0.209375,0.000000,0.512371,1,2.92,3.170,-42.507,1.535,-2.006373
2.840000,0.665,0.300000,0.141000,4.261,6.90,0.139160,-1.329512,-0.024713,-0.174085,-0.658,0.200,-0.104687,-0.006000,0.000000,-0.209375,0.000000,0.512371,1,2.92,3.172,-42.507,1.527,-1.999822
2.842000,0.666,0.300000,0.141000,4.261,6.90,0.139197,-1.332949,-0.025384,-0.189550,-0.659,0.200,-0.104687,-0.006000,0.000000,-0.209375,0.000000,0.512371,1,2.92,3.175,-42.506,1.520,-1.993196
2.844000,0.668,0.300000,0.141000,4.261,6.90,0.139233,-1.336322,-0.025761,-0.214473,-0.661,0.200,-0.104687,-0.006000,0.000000,-0.209375,0.000000,0.512371,1,2.92,3.177,-42.506,1.513,-1.986495
2.846000,0.670,0.300000,0.141000,4.261,6.90,0.139268,-1.339630,-0.026645,-0.206194,-0.663,0.200,-0.104687,-0.006000,0.000000,-0.209375,0.000000,0.512371,1,2.92,3.180,-42.505,1.505,-1.979718
2.848000,0.671,0.300000,0.141000,4.261,6.90,0.139303,-1.342872,-0.027652,-0.165611,-0.665,0.200,-0.104687,-0.006000,0.000000,-0.209375,0.000000,0.512371,1,2.92,3.182,-42.505,1.498,-1.972867
2.850000,0.673,0.300000,0.141000,4.261,6.90,0.139336,-1.346047,-0.028351,-0.171064,-0.666,0.200,-0.104687,-0.006000,0.000000,-0.209375,0.000000,0.512371,1,2.92,3.185,-42.504,1.491,-1.965942
2.852000,0.675,0.300000,0.141000,4.261,6.90,0.139370,-1.349153,-0.028815,-0.182079,-0.668,0.200,-0.104687,-0.006000,0.000000,-0.209375,0.000000,0.512371,1,2.92,3.187,-42.504,1.483,-1.958942
2.854000,0.676,0.300000,0.141000,4.261,6.90,0.139402,-1.352189,-0.030221,-0.137046,-0.670,0.200,-0.104687,-0.006000,0.000000,-0.209375,0.000000,0.512371,1,2.92,3.190,-42.503,1.476,-1.951867
2.856000,0.678,0.300000,0.141000,4.261,6.90,0.139434,-1.355155,-0.031653,-0.125999,-0.671,0.200,-0.104687,-0.006000,0.000000,-0.209375,0.000000,0.512371,1,2.92,3.192,-42.503,1.468,-1.944718
2.858000,0.679,0.300000,0.141000,4.261,6.90,0.139465,-1.358049,-0.041035,-0.106480,-0.673,0.200,-0.104687,-0.006000,0.000000,-0.209375,0.000000,0.512371,1,2.92,3.195,-42.502,1.460,-1.937495
2.860000,0.680,0.300000,0.141000,4.261,6.90,0.139496,-1.360871,-0.041629,-0.108269,-0.675,0.200,-0.115625,-0.006000,0.000000,-0.231250,0.000000,0.565901,1,2.80,3.197,-42.502,1.453,-1.930196
2.862000,0.682,0.300000,0.141000,4.261,6.90,0.139526,-1.363619,-0.042057,-0.106831,-0.676,0.200,-0.115625,-0.006000,0.000000,-0.231250,0.000000,0.565901,1,2.80,3.199,-42.502,1.445,-1.922823
2.864000,0.683,0.300000,0.141000,4.261,6.90,0.139555,-1.366293,-0.043483,-0.105039,-0.678,0.200,-0.115625,-0.006000,0.000000,-0.231250,0.000000,0.565901,1,2.80,3.202,-42.501,1.436,-1.915375
2.866000,0.684,0.300000,0.141000,4.261,6.90,0.139584,-1.368892,-0.044637,-0.106413,-0.679,0.200,-0.115625,-0.006000,0.000000,-0.231250,0.000000,0.565901,1,2.80,3.204,-42.501,1.428,-1.907853
2.868000,0.686,0.300000,0.141000,4.261,6.90,0.139612,-1.371415,-0.045449,-0.125639,-0.680,0.200,-0.115625,-0.006000,0.000000,-0.231250,0.000000,0.565901,1,2.80,3.207,-42.500,1.420,-1.900255
2.870000,0.687,0.300000,0.141000,4.261,6.90,0.139640,-1.373861,-0.045750,-0.149064,-0.682,0.200,-0.115625,-0.006000,0.000000,-0.231250,0.000000,0.565901,1,2.80,3.209,-42.500,1.411,-1.892582
2.872000,0.688,0.300000,0.141000,4.261,6.90,0.139667,-1.376230,-0.047351,-0.115498,-0.683,0.200,-0.115625,-0.006000,0.000000,-0.231250,0.000000,0.565901,1,2.80,3.212,-42.500,1.403,-1.884835
2.874000,0.689,0.300000,0.141000,4.261,6.90,0.139693,-1.378521,-0.048238,-0.120482,-0.684,0.200,-0.115625,-0.006000,0.000000,-0.231250,0.000000,0.565901,1,2.80,3.214,-42.499,1.394,-1.877013
2.876000,0.690,0.300000,0.141000,4.261,6.90,0.139719,-1.380732,-0.049098,-0.122822,-0.686,0.200,-0.115625,-0.006000,0.000000,-0.231250,0.000000,0.565901,1,2.80,3.216,-42.499,1.385,-1.869116
2.878000,0.691,0.300000,0.141000,4.261,6.90,0.139745,-1.382863,-0.049505,-0.137743,-0.687,0.200,-0.115625,-0.006000,0.000000,-0.231250,0.000000,0.565901,1,2.80,3.219,-42.498,1.376,-1.861146
2.880000,0.692,0.300000,0.141000,4.261,6.90,0.139770,-1.384913,-0.050632,-0.094560,-0.688,0.200,-0.115625,-0.006000,0.000000,-0.231250,0.000000,0.565901,1,2.80,3.221,-42.498,1.367,-1.853103
2.882000,0.693,0.300000,0.141000,4.261,6.90,0.139794,-1.386880,-0.051606,-0.098386,-0.689,0.200,-0.115625,-0.006000,0.000000,-0.231250,0.000000,0.565901,1,2.80,3.223,-42.498,1.358,-1.844987
2.884000,0.694,0.300000,0.141000,4.261,6.90,0.139818,-1.388763,-0.052352,-0.098107,-0.690,0.200,-0.115625,-0.006000,0.000000,-0.231250,0.000000,0.565901,1,2.80,3.226,-42.498,1.349,-1.836799
2.886000,0.695,0.300000,0.141000,4.261,6.90,0.139841,-1.390562,-0.052734,-0.113158,-0.691,0.200,-0.115625,-0.006000,0.000000,-0.231250,0.000000,0.565901,1,2.80,3.228,-42.497,1.340,-1.828541
2.888000,0.696,0.300000,0.141000,4.261,6.90,0.139864,-1.392274,-0.053677,-0.089551,-0.692,0.200,-0.115625,-0.006000,0.000000,-0.231250,0.000000,0.565901,1,2.80,3.231,-42.497,1.330,-1.820214
2.890000,0.697,0.300000,0.141000,4.261,6.90,0.139887,-1.393899,-0.054410,-0.092398,-0.693,0.200,-0.115625,-0.006000,0.000000,-0.231250,0.000000,0.565901,1,2.80,3.233,-42.497,1.321,-1.811818
2.892000,0.698,0.300000,0.141000,4.261,6.90,0.139909,-1.395434,-0.054771,-0.108078,-0.694,0.200,-0.115625,-0.006000,0.000000,-0.231250,0.000000,0.565901,1,2.80,3.235,-42.497,1.312,-1.803356
2.894000,0.698,0.300000,0.141000,4.261,6.90,0.139930,-1.396879,-0.055592,-0.102859,-0.695,0.200,-0.115625,-0.006000,0.000000,-0.231250,0.000000,0.565901,1,2.80,3.238,-42.496,1.303,-1.794829
2.896000,0.699,0.300000,0.141000,4.261,6.90,0.139951,-1.398231,-0.057133,-0.076193,-0.696,0.200,-0.115625,-0.006000,0.000000,-0.231250,0.000000,0.565901,1,2.80,3.240,-42.496,1.294,-1.786240
2.898000,0.700,0.300000,0.141000,4.261,6.90,0.139972,-1.399490,-0.057904,-0.074979,-0.697,0.200,-0.115625,-0.006000,0.000000,-0.231250,0.000000,0.565901,1,2.80,3.242,-42.496,1.285,-1.777591
2.900000,0.700,0.300000,0.141000,4.261,6.90,0.139992,-1.400652,0.000000,-0.004743,0.000,0.200,-0.115625,-0.006000,0.000000,-0.231250,0.000000,0.565901,1,2.80,3.244,-42.496,1.277,-1.768883
2.902000,0.701,0.300000,0.141000,4.261,6.90,0.140012,-1.401718,-0.000403,-0.023274,0.000,0.200,-0.115625,-0.006000,0.000000,-0.231250,0.000000,0.565901,1,2.80,3.247,-42.496,1.268,-1.760120
2.904000,0.701,0.300000,0.141000,4.261,6.90,0.140031,-1.402685,-0.001403,-0.030052,0.000,0.200,-0.115625,-0.006000,0.000000,-0.231250,0.000000,0.565901,1,2.80,3.249,-42.496,1.260,-1.751304
2.906000,0.702,0.300000,0.141000,4.261,6.90,0.140050,-1.403551,-0.002520,-0.035496,0.000,0.200,-0.115625,-0.006000,0.000000,-0.231250,0.000000,0.565901,1,2.80,3.251,-42.496,1.252,-1.742438
2.908000,0.702,0.300000,0.141000,4.261,6.90,0.140069,-1.404315,-0.012136,-0.036054,-0.700,0.200,-0.115625,-0.006000,0.000000,-0.231250,0.000000,0.565901,1,2.80,3.254,-42.496,1.244,-1.733526
2.910000,0.703,0.300000,0.141000,4.261,6.90,0.142604,-1.405642,-0.013766,-0.037033,-0.701,0.200,-0.115625,-0.006000,0.000000,-0.231250,0.000000,0.565901,1,2.80,3.256,-42.496,1.152,-1.728895
2.912000,0.703,0.300000,0.141000,4.261,6.90,0.146549,-1.406957,-0.015371,-0.024264,-0.701,0.200,-0.115625,-0.006000,0.000000,-0.231250,0.000000,0.565901,1,2.80,3.258,-42.495,1.112,-1.726259
2.914000,0.704,0.300000,0.141000,4.261,6.90,0.151106,-1.408174,-0.016121,-0.028921,-0.702,0.200,-0.115625,-0.006000,0.000000,-0.231250,0.000000,0.565901,1,2.80,3.260,-42.495,1.075,-1.724650
2.916000,0.705,0.300000,0.141000,4.261,6.90,0.156042,-1.409285,-0.016993,-0.032454,-0.702,0.200,-0.115625,-0.006000,0.000000,-0.231250,0.000000,0.565901,1,2.80,3.261,-42.494,1.041,-1.723758
2.918000,0.705,0.300000,0.141000,4.261,6.90,0.161183,-1.410296,-0.017416,-0.048720,-0.703,0.200,-0.115625,-0.006000,0.000000,-0.231250,0.000000,0.565901,1,2.80,3.263,-42.494,1.011,-1.723336
2.920000,0.706,0.300000,0.141000,4.261,6.90,0.166404,-1.411218,-0.018795,-0.047714,-0.703,0.200,-0.125000,-0.006000,0.000000,-0.250000,0.000000,0.611785,1,2.68,3.265,-42.493,0.984,-1.723200
2.922000,0.706,0.300000,0.141000,4.261,6.90,0.171621,-1.412064,-0.019667,-0.048809,-0.704,0.200,-0.125000,-0.006000,0.000000,-0.250000,0.000000,0.611785,1,2.68,3.267,-42.493,0.963,-1.723211
2.924000,0.706,0.300000,0.141000,4.261,6.90,0.176780,-1.412847,-0.020510,-0.043935,-0.705,0.200,-0.125000,-0.006000,0.000000,-0.250000,0.000000,0.611785,1,2.68,3.268,-42.492,0.945,-1.723270
2.926000,0.707,0.300000,0.141000,4.261,6.90,0.181788,-1.413570,-0.020962,-0.046261,-0.705,0.200,-0.125000,-0.006000,0.000000,-0.250000,0.000000,0.611785,1,2.68,3.270,-42.492,0.934,-1.723320
2.928000,0.707,0.300000,0.141000,4.261,6.90,0.186449,-1.414292,-0.022181,-0.033623,-0.706,0.200,-0.125000,-0.006000,0.000000,-0.250000,0.000000,0.611785,1,2.68,3.272,-42.491,0.933,-1.723346
2.930000,0.708,0.300000,0.141000,4.261,6.90,0.190765,-1.415013,-0.023135,-0.034255,-0.706,0.200,-0.125000,-0.006000,0.000000,-0.250000,0.000000,0.611785,1,2.68,3.273,-42.491,0.933,-1.723345
2.932000,0.708,0.300000,0.141000,4.261,6.90,0.194735,-1.415733,-0.023982,-0.033418,-0.706,0.200,-0.125000,-0.006000,0.000000,-0.250000,0.000000,0.611785,1,2.68,3.275,-42.490,0.933,-1.723320
2.934000,0.708,0.300000,0.141000,4.261,6.90,0.198361,-1.416452,-0.024575,-0.035443,-0.707,0.200,-0.125000,-0.006000,0.000000,-0.250000,0.000000,0.611785,1,2.68,3.277,-42.490,0.932,-1.723269
2.936000,0.709,0.300000,0.141000,4.261,6.90,0.201643,-1.417170,-0.025402,-0.030295,-0.707,0.200,-0.125000,-0.006000,0.000000,-0.250000,0.000000,0.611785,1,2.68,3.279,-42.489,0.932,-1.723194
2.938000,0.709,0.300000,0.141000,4.261,6.90,0.204606,-1.417884,-0.026726,-0.029928,-0.708,0.200,-0.125000,-0.006000,0.000000,-0.250000,0.000000,0.611785,1,2.68,3.280,-42.489,0.931,-1.723095
2.940000,0.709,0.300000,0.141000,4.261,6.90,0.207420,-1.418569,-0.027111,-0.037234,-0.708,0.200,-0.125000,-0.006000,0.000000,-0.250000,0.000000,0.611785,1,2.68,3.282,-42.488,0.926,-1.722979
2.942000,0.710,0.300000,0.141000,4.261,6.90,0.210165,-1.419214,-0.028085,-0.035915,-0.708,0.200,-0.125000,-0.006000,0.000000,-0.250000,0.000000,0.611785,1,2.68,3.284,-42.488,0.919,-1.722850
2.944000,0.710,0.300000,0.141000,4.261,6.90,0.212886,-1.419814,-0.028984,-0.032064,-0.709,0.200,-0.125000,-0.006000,0.000000,-0.250000,0.000000,0.611785,1,2.68,3.285,-42.487,0.911,-1.722710
2.946000,0.710,0.300000,0.141000,4.261,6.90,0.215607,-1.420364,-0.030051,-0.029566,-0.709,0.200,-0.125000,-0.006000,0.000000,-0.250000,0.000000,0.611785,1,2.68,3.287,-42.487,0.903,-1.722560
2.948000,0.710,0.300000,0.141000,4.261,6.90,0.218348,-1.420861,-0.030477,-0.034054,-0.709,0.200,-0.125000,-0.006000,0.000000,-0.250000,0.000000,0.611785,1,2.68,3.289,-42.486,0.894,-1.722401
2.950000,0.711,0.300000,0.141000,4.261,6.90,0.221121,-1.421305,-0.030790,-0.031463,-0.710,0.200,-0.125000,-0.006000,0.000000,-0.250000,0.000000,0.611785,1,2.68,3.290,-42.486,0.885,-1.722233
2.952000,0.711,0.300000,0.141000,4.261,6.90,0.223934,-1.421693,-0.032422,-0.028454,-0.710,0.200,-0.125000,-0.006000,0.000000,-0.250000,0.000000,0.611785,1,2.68,3.292,-42.485,0.876,-1.722058
2.954000,0.711,0.300000,0.141000,4.261,6.90,0.226795,-1.422025,-0.033188,-0.026800,-0.710,0.200,-0.125000,-0.006000,0.000000,-0.250000,0.000000,0.611785,1,2.68,3.294,-42.485,0.866,-1.721876
2.956000,0.711,0.300000,0.141000,4.261,6.90,0.229710,-1.422300,-0.033505,-0.029315,-0.710,0.200,-0.125000,-0.006000,0.000000,-0.250000,0.000000,0.611785,1,2.68,3.295,-42.484,0.857,-1.721686
2.958000,0.711,0.300000,0.141000,4.261,6.90,0.232680,-1.422518,-0.034353,-0.022831,-0.711,0.200,-0.125000,-0.006000,0.000000,-0.250000,0.000000,0.611785,1,2.68,3.297,-42.484,0.847,-1.721491
2.960000,0.711,0.300000,0.141000,4.261,6.90,0.235711,-1.422677,-0.044289,-0.012883,-0.711,0.200,-0.134375,-0.006000,0.000000,-0.268750,0.000000,0.657669,1,2.59,3.298,-42.483,0.837,-1.721289
2.962000,0.711,0.300000,0.141000,4.261,6.90,0.238792,-1.422781,-0.045083,-0.012123,-0.711,0.200,-0.134375,-0.006000,0.000000,-0.268750,0.000000,0.657669,1,2.59,3.300,-42.483,0.828,-1.721082
2.964000,0.711,0.300000,0.141000,4.261,6.90,0.241819,-1.422860,-0.045459,-0.010542,-0.711,0.200,-0.134375,-0.006000,0.000000,-0.268750,0.000000,0.657669,1,2.59,3.302,-42.482,0.821,-1.720881
2.966000,0.711,0.300000,0.141000,4.261,6.90,0.244812,-1.422920,-0.045792,-0.005631,-0.711,0.200,-0.134375,-0.006000,0.000000,-0.268750,0.000000,0.657669,1,2.59,3.303,-42.482,0.814,-1.720693
2.968000,0.711,0.300000,0.141000,4.261,6.90,0.247785,-1.422962,-0.047694,-0.003966,-0.711,0.200,-0.134375,-0.006000,0.000000,-0.268750,0.000000,0.657669,1,2.59,3.305,-42.481,0.807,-1.720524
2.970000,0.711,0.300000,0.141000,4.261,6.90,0.250750,-1.422989,-0.048472,-0.004105,-0.711,0.200,-0.134375,-0.006000,0.000000,-0.268750,0.000000,0.657669,1,2.59,3.306,-42.481,0.799,-1.720378
2.972000,0.712,0.300000,0.141000,4.261,6.90,0.253713,-1.423004,-0.049370,-0.003290,-0.711,0.200,-0.134375,-0.006000,0.000000,-0.268750,0.000000,0.657669,1,2.59,3.308,-42.481,0.792,-1.720258
2.974000,0.712,0.300000,0.141000,4.261,6.90,0.256679,-1.423007,-0.049805,-0.001837,-0.711,0.200,-0.134375,-0.006000,0.000000,-0.268750,0.000000,0.657669,1,2.59,3.309,-42.480,0.785,-1.720165
2.976000,0.711,0.300000,0.141000,4.261,6.90,0.259651,-1.422999,-0.050600,-0.000502,-0.711,0.200,-0.134375,-0.006000,0.000000,-0.268750,0.000000,0.657669,1,2.59,3.311,-42.479,0.777,-1.720099
2.978000,0.711,0.300000,0.141000,4.261,6.90,0.262628,-1.422979,-0.052369,-0.000267,-0.711,0.200,-0.134375,-0.006000,0.000000,-0.268750,0.000000,0.657669,1,2.59,3.312,-42.479,0.770,-1.720062
2.980000,0.711,0.300000,0.141000,4.261,6.90,0.265611,-1.422949,-0.052761,0.000536,-0.712,0.200,-0.134375,-0.006000,0.000000,-0.268750,0.000000,0.657669,1,2.59,3.314,-42.478,0.763,-1.720052
2.982000,0.711,0.300000,0.141000,4.261,6.90,0.268599,-1.422908,-0.053084,0.001567,-0.712,0.200,-0.134375,-0.006000,0.000000,-0.268750,0.000000,0.657669,1,2.59,3.315,-42.478,0.755,-1.720071
2.984000,0.711,0.300000,0.141000,4.261,6.90,0.271590,-1.422855,-0.054417,0.001897,-0.711,0.200,-0.134375,-0.006000,0.000000,-0.268750,0.000000,0.657669,1,2.59,3.317,-42.477,0.748,-1.720116
2.986000,0.711,0.300000,0.141000,4.261,6.90,0.274584,-1.422791,-0.055449,0.002263,-0.711,0.200,-0.134375,-0.006000,0.000000,-0.268750,0.000000,0.657669,1,2.59,3.318,-42.477,0.741,-1.720189
2.988000,0.711,0.300000,0.141000,4.261,6.90,0.277578,-1.422716,-0.055852,0.003518,-0.711,0.200,-0.134375,-0.006000,0.000000,-0.268750,0.000000,0.657669,1,2.59,3.319,-42.476,0.734,-1.720287
2.990000,0.711,0.300000,0.141000,4.261,6.90,0.280573,-1.422628,-0.057302,0.003397,-0.711,0.200,-0.134375,-0.006000,0.000000,-0.268750,0.000000,0.657669,1,2.59,3.321,-42.476,0.728,-1.720412
2.992000,0.711,0.300000,0.141000,4.261,6.90,0.283566,-1.422529,-0.057868,0.003728,-0.711,0.200,-0.134375,-0.006000,0.000000,-0.268750,0.000000,0.657669,1,2.59,3.322,-42.475,0.721,-1.720561
2.994000,0.711,0.300000,0.141000,4.261,6.90,0.286557,-1.422418,-0.059053,0.004115,-0.711,0.200,-0.134375,-0.006000,0.000000,-0.268750,0.000000,0.657669,1,2.59,3.324,-42.475,0.714,-1.720737
2.996000,0.711,0.300000,0.141000,4.261,6.90,0.289546,-1.422295,-0.059436,0.005962,-0.711,0.200,-0.134375,-0.006000,0.000000,-0.268750,0.000000,0.657669,1,2.59,3.325,-42.474,0.708,-1.720937
2.998000,0.711,0.300000,0.141000,4.261,6.90,0.292532,-1.422159,-0.060301,0.005742,-0.711,0.200,-0.134375,-0.006000,0.000000,-0.268750,0.000000,0.657669,1,2.59,3.326,-42.473,0.701,-1.721161
3.000000,0.711,0.300000,0.141000,4.261,6.90,0.295515,-1.422012,0.000000,-0.004679,0.000,0.200,-0.134375,-0.006000,0.000000,-0.268750,0.000000,0.657669,1,2.59,3.328,-42.473,0.695,-1.721411
3.002000,0.711,0.300000,0.141000,4.261,6.90,0.298495,-1.421852,-0.000763,-0.003191,0.000,0.200,-0.134375,-0.006000,0.000000,-0.268750,0.000000,0.657669,1,2.59,3.329,-42.472,0.688,-1.721685
3.004000,0.711,0.300000,0.141000,4.261,6.90,0.301472,-1.421680,-0.001711,-0.001903,0.000,0.200,-0.134375,-0.006000,0.000000,-0.268750,0.000000,0.657669,1,2.59,3.330,-42.472,0.682,-1.721984
3.006000,0.711,0.300000,0.141000,4.261,6.90,0.304445,-1.421497,-0.002111,0.001361,0.000,0.200,-0.134375,-0.006000,0.000000,-0.268750,0.000000,0.657669,1,2.59,3.331,-42.471,0.676,-1.722307
3.008000,0.711,0.300000,0.141000,4.261,6.90,0.307415,-1.421301,-0.003457,0.002395,-0.711,0.200,-0.134375,-0.006000,0.000000,-0.268750,0.000000,0.657669,1,2.59,3.333,-42.470,0.670,-1.722655
3.010000,0.710,0.300000,0.141000,4.261,6.90,0.310077,-1.420969,-0.004181,0.010322,-0.711,0.200,-0.134375,-0.006000,0.000000,-0.268750,0.000000,0.657669,1,2.59,3.334,-42.470,0.620,-1.723035
3.012000,0.710,0.300000,0.141000,4.261,6.90,0.312512,-1.420512,-0.013965,0.009167,-0.711,0.200,-0.134375,-0.006000,0.000000,-0.268750,0.000000,0.657669,1,2.59,3.335,-42.469,0.585,-1.723458
3.014000,0.710,0.300000,0.141000,4.261,6.90,0.314815,-1.419968,-0.014635,0.013645,-0.711,0.200,-0.134375,-0.006000,0.000000,-0.268750,0.000000,0.657669,1,2.59,3.336,-42.469,0.560,-1.723931
3.016000,0.710,0.300000,0.141000,4.261,6.90,0.317046,-1.419365,-0.016539,0.012629,-0.711,0.200,-0.134375,-0.006000,0.000000,-0.268750,0.000000,0.657669,1,2.59,3.337,-42.468,0.540,-1.724455
3.018000,0.709,0.300000,0.141000,4.261,6.90,0.319242,-1.418720,-0.017750,0.015372,-0.710,0.200,-0.134375,-0.006000,0.000000,-0.268750,0.000000,0.657669,1,2.59,3.338,-42.467,0.525,-1.725025
3.020000,0.709,0.300000,0.141000,4.261,6.90,0.321420,-1.418044,-0.018611,0.017687,-0.710,0.200,-0.140625,-0.006000,0.000000,-0.281250,0.000000,0.688259,1,2.50,3.339,-42.467,0.513,-1.725641
3.022000,0.709,0.300000,0.141000,4.261,6.90,0.323589,-1.417344,-0.019026,0.029294,-0.710,0.200,-0.140625,-0.006000,0.000000,-0.281250,0.000000,0.688259,1,2.50,3.340,-42.466,0.503,-1.726296
3.024000,0.708,0.300000,0.141000,4.261,6.90,0.325751,-1.416624,-0.020452,0.027108,-0.710,0.200,-0.140625,-0.006000,0.000000,-0.281250,0.000000,0.688259,1,2.50,3.341,-42.466,0.494,-1.726989
3.026000,0.708,0.300000,0.141000,4.261,6.90,0.327904,-1.415883,-0.021344,0.030740,-0.709,0.200,-0.140625,-0.006000,0.000000,-0.281250,0.000000,0.688259,1,2.50,3.342,-42.465,0.487,-1.727714
3.028000,0.708,0.300000,0.141000,4.261,6.90,0.330044,-1.415123,-0.022277,0.032723,-0.709,0.200,-0.140625,-0.006000,0.000000,-0.281250,0.000000,0.688259,1,2.50,3.343,-42.464,0.480,-1.728471
3.030000,0.707,0.300000,0.141000,4.261,6.90,0.332169,-1.414344,-0.022682,0.040769,-0.709,0.200,-0.140625,-0.006000,0.000000,-0.281250,0.000000,0.688259,1,2.50,3.344,-42.464,0.473,-1.729257
3.032000,0.707,0.300000,0.141000,4.261,6.90,0.334276,-1.413545,-0.024319,0.032280,-0.708,0.200,-0.140625,-0.006000,0.000000,-0.281250,0.000000,0.688259,1,2.50,3.345,-42.463,0.467,-1.730071
3.034000,0.706,0.300000,0.141000,4.261,6.90,0.336362,-1.412726,-0.025089,0.036212,-0.708,0.200,-0.140625,-0.006000,0.000000,-0.281250,0.000000,0.688259,1,2.50,3.346,-42.463,0.460,-1.730913
3.036000,0.706,0.300000,0.141000,4.261,6.90,0.338424,-1.411884,-0.025919,0.037498,-0.708,0.200,-0.140625,-0.006000,0.000000,-0.281250,0.000000,0.688259,1,2.50,3.347,-42.462,0.453,-1.731781
3.038000,0.706,0.300000,0.141000,4.261,6.90,0.340460,-1.411019,-0.026306,0.047507,-0.707,0.200,-0.140625,-0.006000,0.000000,-0.281250,0.000000,0.688259,1,2.50,3.348,-42.461,0.447,-1.732678
3.040000,0.705,0.300000,0.141000,4.261,6.90,0.342469,-1.410130,-0.027074,0.042054,-0.707,0.200,-0.140625,-0.006000,0.000000,-0.281250,0.000000,0.688259,1,2.50,3.349,-42.461,0.440,-1.733602
3.042000,0.705,0.300000,0.141000,4.261,6.90,0.344451,-1.409217,-0.028384,0.043516,-0.706,0.200,-0.140625,-0.006000,0.000000,-0.281250,0.000000,0.688259,1,2.50,3.350,-42.460,0.433,-1.734555
3.044000,0.704,0.300000,0.141000,4.261,6.90,0.346406,-1.408280,-0.028815,0.051293,-0.706,0.200,-0.140625,-0.006000,0.000000,-0.281250,0.000000,0.688259,1,2.50,3.351,-42.459,0.426,-1.735537
3.046000,0.704,0.300000,0.141000,4.261,6.90,0.348334,-1.407318,-0.029627,0.052470,-0.706,0.200,-0.140625,-0.006000,0.000000,-0.281250,0.000000,0.688259,1,2.50,3.351,-42.459,0.419,-1.736547
3.048000,0.703,0.300000,0.141000,4.261,6.90,0.350235,-1.406331,-0.030657,0.043438,-0.705,0.200,-0.140625,-0.006000,0.000000,-0.281250,0.000000,0.688259,1,2.50,3.352,-42.458,0.412,-1.737588
3.050000,0.703,0.300000,0.141000,4.261,6.90,0.352110,-1.405319,-0.031377,0.045146,-0.705,0.200,-0.140625,-0.006000,0.000000,-0.281250,0.000000,0.688259,1,2.50,3.353,-42.457,0.405,-1.738659
3.052000,0.702,0.300000,0.141000,4.261,6.90,0.353959,-1.404282,-0.031752,0.059654,-0.704,0.200,-0.140625,-0.006000,0.000000,-0.281250,0.000000,0.688259,1,2.50,3.354,-42.457,0.399,-1.739760
3.054000,0.702,0.300000,0.141000,4.261,6.90,0.355781,-1.403220,-0.032532,0.053922,-0.704,0.200,-0.140625,-0.006000,0.000000,-0.281250,0.000000,0.688259,1,2.50,3.355,-42.456,0.392,-1.740892
3.056000,0.701,0.300000,0.141000,4.261,6.90,0.357578,-1.402132,-0.033932,0.051027,-0.703,0.200,-0.140625,-0.006000,0.000000,-0.281250,0.000000,0.688259,1,2.50,3.355,-42.455,0.385,-1.742054
3.058000,0.701,0.300000,0.141000,4.261,6.90,0.359349,-1.401019,-0.034644,0.055251,-0.703,0.200,-0.140625,-0.006000,0.000000,-0.281250,0.000000,0.688259,1,2.50,3.356,-42.454,0.378,-1.743248
3.060000,0.700,0.300000,0.141000,4.261,6.90,0.361095,-1.399880,-0.035553,0.054153,-0.702,0.200,-0.140625,-0.006000,0.000000,-0.281250,0.000000,0.688259,1,2.50,3.357,-42.454,0.372,-1.744473
3.062000,0.699,0.300000,0.141000,4.261,6.90,0.362815,-1.398715,-0.035985,0.053605,-0.702,0.200,-0.140625,-0.006000,0.000000,-0.281250,0.000000,0.688259,1,2.50,3.357,-42.453,0.366,-1.745728
3.064000,0.699,0.300000,0.141000,4.261,6.90,0.364509,-1.397524,-0.046387,0.044848,-0.701,0.200,-0.140625,-0.006000,0.000000,-0.281250,0.000000,0.688259,1,2.50,3.358,-42.452,0.360,-1.747015
3.066000,0.698,0.300000,0.141000,4.261,6.90,0.366178,-1.396308,-0.047091,0.051452,-0.701,0.200,-0.140625,-0.006000,0.000000,-0.281250,0.000000,0.688259,1,2.50,3.359,-42.452,0.355,-1.748333
3.068000,0.698,0.300000,0.141000,4.261,6.90,0.367821,-1.395065,-0.047468,0.063467,-0.700,0.200,-0.140625,-0.006000,0.000000,-0.281250,0.000000,0.688259,1,2.50,3.359,-42.451,0.349,-1.749682
3.070000,0.697,0.300000,0.141000,4.261,6.90,0.369440,-1.393796,-0.048351,0.064718,-0.699,0.200,-0.140625,-0.006000,0.000000,-0.281250,0.000000,0.688259,1,2.50,3.360,-42.450,0.344,-1.751062
3.072000,0.696,0.300000,0.141000,4.261,6.90,0.371032,-1.392501,-0.049631,0.052890,-0.699,0.200,-0.140625,-0.006000,0.000000,-0.281250,0.000000,0.688259,1,2.50,3.361,-42.449,0.339,-1.752473
3.074000,0.696,0.300000,0.141000,4.261,6.90,0.372599,-1.391180,-0.050565,0.061928,-0.698,0.200,-0.140625,-0.006000,0.000000,-0.281250,0.000000,0.688259,1,2.50,3.361,-42.449,0.335,-1.753914
3.076000,0.695,0.300000,0.141000,4.261,6.90,0.374141,-1.389833,-0.050868,0.080786,-0.698,0.200,-0.140625,-0.006000,0.000000,-0.281250,0.000000,0.688259,1,2.50,3.362,-42.448,0.331,-1.755387
3.078000,0.694,0.300000,0.141000,4.261,6.90,0.375657,-1.388459,-0.051642,0.070126,-0.697,0.200,-0.140625,-0.006000,0.000000,-0.281250,0.000000,0.688259,1,2.50,3.362,-42.447,0.327,-1.756889
3.080000,0.694,0.300000,0.141000,4.261,6.90,0.376690,-1.387097,-0.052932,0.067428,-0.696,0.200,-0.146875,-0.006000,0.000000,-0.293750,0.000000,0.718850,1,2.43,3.363,-42.446,0.274,-1.758131
3.082000,0.693,0.300000,0.141000,4.261,6.90,0.377343,-1.385714,-0.054268,0.067560,-0.696,0.200,-0.146875,-0.006000,0.000000,-0.293750,0.000000,0.718850,1,2.43,3.363,-42.446,0.248,-1.759207
3.084000,0.692,0.300000,0.141000,4.261,6.90,0.377630,-1.384311,-0.054688,0.080852,-0.695,0.200,-0.146875,-0.006000,0.000000,-0.293750,0.000000,0.718850,1,2.43,3.363,-42.445,0.229,-1.760142
3.086000,0.691,0.300000,0.141000,4.261,6.90,0.377554,-1.382887,-0.055623,0.060471,-0.694,0.200,-0.146875,-0.006000,0.000000,-0.293750,0.000000,0.718850,1,2.43,3.364,-42.444,0.218,-1.760944
3.088000,0.691,0.300000,0.141000,4.261,6.90,0.377124,-1.381441,-0.058406,0.051746,-0.694,0.200,-0.146875,-0.006000,0.000000,-0.293750,0.000000,0.718850,1,2.43,3.364,-42.444,0.215,-1.761627
3.090000,0.690,0.300000,0.141000,4.261,6.90,0.376349,-1.379970,-0.059335,0.055346,-0.693,0.200,-0.146875,-0.006000,0.000000,-0.293750,0.000000,0.718850,1,2.43,3.364,-42.443,0.217,-1.762206
3.092000,0.689,0.300000,0.141000,4.261,6.90,0.375296,-1.378482,-0.059694,0.076754,-0.692,0.200,-0.146875,-0.006000,0.000000,-0.293750,0.000000,0.718850,1,2.43,3.364,-42.443,0.229,-1.762687
3.094000,0.688,0.300000,0.141000,4.261,6.90,0.373994,-1.376978,-0.060545,0.065798,-0.691,0.200,-0.146875,-0.006000,0.000000,-0.293750,0.000000,0.718850,1,2.43,3.363,-42.442,0.244,-1.763083
3.096000,0.688,0.300000,0.141000,4.261,6.90,0.372474,-1.375457,-0.061884,0.063078,-0.691,0.200,-0.146875,-0.006000,0.000000,-0.293750,0.000000,0.718850,1,2.43,3.363,-42.442,0.261,-1.763409
3.098000,0.687,0.300000,0.141000,4.261,6.90,0.370764,-1.373921,-0.062685,0.072652,-0.690,0.200,-0.146875,-0.006000,0.000000,-0.293750,0.000000,0.718850,1,2.43,3.363,-42.441,0.279,-1.763679
3.100000,0.686,0.300000,0.141000,4.261,6.90,0.368893,-1.372368,0.000000,-0.004386,0.000,0.200,-0.146875,-0.006000,0.000000,-0.293750,0.000000,0.718850,1,2.43,3.363,-42.441,0.296,-1.763906
3.102000,0.685,0.300000,0.141000,4.261,6.90,0.366886,-1.370798,-0.000333,0.027880,0.000,0.200,-0.146875,-0.006000,0.000000,-0.293750,0.000000,0.718850,1,2.43,3.363,-42.440,0.312,-1.764101
3.104000,0.685,0.300000,0.141000,4.261,6.90,0.364766,-1.369212,-0.001818,0.035194,0.000,0.200,-0.146875,-0.006000,0.000000,-0.293750,0.000000,0.718850,1,2.43,3.362,-42.440,0.327,-1.764277
3.106000,0.684,0.300000,0.141000,4.261,6.90,0.362557,-1.367609,-0.002719,0.047358,0.000,0.200,-0.146875,-0.006000,0.000000,-0.293750,0.000000,0.718850,1,2.43,3.362,-42.439,0.340,-1.764444
3.108000,0.683,0.300000,0.141000,4.261,6.90,0.360275,-1.365989,-0.003031,0.082795,-0.686,0.200,-0.146875,-0.006000,0.000000,-0.293750,0.000000,0.718850,1,2.43,3.361,-42.439,0.352,-1.764610
3.110000,0.682,0.300000,0.141000,4.261,6.90,0.357938,-1.364352,-0.003927,0.099649,-0.685,0.200,-0.146875,-0.006000,0.000000,-0.293750,0.000000,0.718850,1,2.43,3.361,-42.438,0.362,-1.764783
3.112000,0.681,0.300000,0.141000,4.261,6.90,0.355557,-1.362697,-0.004813,0.080122,-0.685,0.200,-0.146875,-0.006000,0.000000,-0.293750,0.000000,0.718850,1,2.43,3.361,-42.438,0.372,-1.764969
3.114000,0.681,0.300000,0.141000,4.261,6.90,0.353143,-1.361024,-0.005604,0.087183,-0.684,0.200,-0.146875,-0.006000,0.000000,-0.293750,0.000000,0.718850,1,2.43,3.360,-42.437,0.381,-1.765172
3.116000,0.680,0.300000,0.141000,4.261,6.90,0.350703,-1.359333,-0.015169,0.076221,-0.683,0.200,-0.146875,-0.006000,0.000000,-0.293750,0.000000,0.718850,1,2.43,3.360,-42.437,0.389,-1.765397
3.118000,0.679,0.300000,0.141000,4.261,6.90,0.348240,-1.357624,-0.016362,0.050506,-0.682,0.200,-0.146875,-0.006000,0.000000,-0.293750,0.000000,0.718850,1,2.43,3.359,-42.436,0.397,-1.765645
3.120000,0.678,0.300000,0.159000,4.261,6.90,0.345755,-1.355897,-0.017630,0.047272,-0.681,0.200,-0.150000,0.006000,0.000000,-0.300000,0.000000,0.734147,1,2.39,3.359,-42.436,0.406,-1.765915
3.122000,0.677,0.300000,0.159000,4.261,6.90,0.343247,-1.354151,-0.018783,0.044791,-0.681,0.200,-0.150000,0.006000,0.000000,-0.300000,0.000000,0.734147,1,2.39,3.358,-42.435,0.414,-1.766207
3.124000,0.676,0.300000,0.159000,4.261,6.90,0.340716,-1.352386,-0.020433,0.037649,-0.680,0.200,-0.150000,0.006000,0.000000,-0.300000,0.000000,0.734147,1,2.39,3.358,-42.435,0.422,-1.766521
3.126000,0.675,0.300000,0.159000,4.261,6.90,0.338162,-1.350602,-0.020961,0.059221,-0.679,0.200,-0.150000,0.006000,0.000000,-0.300000,0.000000,0.734147,1,2.39,3.357,-42.434,0.430,-1.766857
3.128000,0.674,0.300000,0.159000,4.261,6.90,0.335581,-1.348801,-0.022014,0.061042,-0.678,0.200,-0.150000,0.006000,0.000000,-0.300000,0.000000,0.734147,1,2.39,3.357,-42.433,0.439,-1.767214
3.130000,0.673,0.300000,0.159000,4.261,6.90,0.332970,-1.346982,-0.023175,0.062362,-0.677,0.200,-0.150000,0.006000,0.000000,-0.300000,0.000000,0.734147,1,2.39,3.356,-42.433,0.448,-1.767590
3.132000,0.673,0.300000,0.159000,4.261,6.90,0.330327,-1.345144,-0.023576,0.082887,-0.676,0.200,-0.150000,0.006000,0.000000,-0.300000,0.000000,0.734147,1,2.39,3.356,-42.432,0.457,-1.767983
3.134000,0.672,0.300000,0.159000,4.261,6.90,0.327646,-1.343287,-0.023847,0.121680,-0.675,0.200,-0.150000,0.006000,0.000000,-0.300000,0.000000,0.734147,1,2.39,3.355,-42.432,0.466,-1.768389
3.136000,0.671,0.300000,0.159000,4.261,6.90,0.324920,-1.341412,-0.025227,0.108025,-0.674,0.200,-0.150000,0.006000,0.000000,-0.300000,0.000000,0.734147,1,2.39,3.355,-42.431,0.476,-1.768807
3.138000,0.670,0.300000,0.159000,4.261,6.90,0.322018,-1.339537,-0.025912,0.114800,-0.673,0.200,-0.150000,0.006000,0.000000,-0.300000,0.000000,0.734147,1,2.39,3.354,-42.431,0.499,-1.769181
3.140000,0.669,0.300000,0.159000,4.261,6.90,0.318965,-1.337660,-0.026695,0.120271,-0.673,0.200,-0.150000,0.006000,0.000000,-0.300000,0.000000,0.734147,1,2.39,3.353,-42.430,0.520,-1.769521
3.142000,0.668,0.300000,0.159000,4.261,6.90,0.315773,-1.335783,-0.027094,0.120982,-0.672,0.200,-0.150000,0.006000,0.000000,-0.300000,0.000000,0.734147,1,2.39,3.353,-42.430,0.539,-1.769836
3.144000,0.667,0.300000,0.159000,4.261,6.90,0.312637,-1.333952,-0.028402,0.084287,-0.671,0.200,-0.150000,0.006000,0.000000,-0.300000,0.000000,0.734147,1,2.39,3.352,-42.429,0.546,-1.770144
3.146000,0.666,0.300000,0.159000,4.261,6.90,0.309564,-1.332151,-0.029290,0.088690,-0.670,0.200,-0.150000,0.006000,0.000000,-0.300000,0.000000,0.734147,1,2.39,3.351,-42.429,0.553,-1.770421
3.148000,0.665,0.300000,0.159000,4.261,6.90,0.306552,-1.330373,-0.030050,0.085939,-0.669,0.200,-0.150000,0.006000,0.000000,-0.300000,0.000000,0.734147,1,2.39,3.350,-42.429,0.561,-1.770664
3.150000,0.664,0.300000,0.159000,4.261,6.90,0.303601,-1.328617,-0.030437,0.099976,-0.668,0.200,-0.150000,0.006000,0.000000,-0.300000,0.000000,0.734147,1,2.39,3.349,-42.428,0.570,-1.770872
3.152000,0.663,0.300000,0.159000,4.261,6.90,0.300709,-1.326885,-0.031096,0.085932,-0.667,0.200,-0.150000,0.006000,0.000000,-0.300000,0.000000,0.734147,1,2.39,3.349,-42.428,0.579,-1.771048
3.154000,0.663,0.300000,0.159000,4.261,6.90,0.297875,-1.325175,-0.031974,0.089503,-0.666,0.200,-0.150000,0.006000,0.000000,-0.300000,0.000000,0.734147,1,2.39,3.348,-42.428,0.589,-1.771192
3.156000,0.662,0.300000,0.159000,4.261,6.90,0.295097,-1.323487,-0.032930,0.087660,-0.665,0.200,-0.150000,0.006000,0.000000,-0.300000,0.000000,0.734147,1,2.39,3.347,-42.428,0.599,-1.771306
3.158000,0.661,0.300000,0.159000,4.261,6.90,0.292375,-1.321822,-0.033195,0.113633,-0.664,0.200,-0.150000,0.006000,0.000000,-0.300000,0.000000,0.734147,1,2.39,3.346,-42.427,0.610,-1.771392
3.160000,0.660,0.300000,0.159000,4.261,6.90,0.289707,-1.320170,-0.034442,0.092319,-0.663,0.200,-0.150000,0.006000,0.000000,-0.300000,0.000000,0.734147,1,2.39,3.345,-42.427,0.617,-1.771452
3.162000,0.659,0.300000,0.159000,4.261,6.90,0.287093,-1.318525,-0.034963,0.095692,-0.663,0.200,-0.150000,0.006000,0.000000,-0.300000,0.000000,0.734147,1,2.39,3.344,-42.427,0.622,-1.771488
3.164000,0.658,0.300000,0.159000,4.261,6.90,0.284531,-1.316884,-0.036025,0.092963,-0.662,0.200,-0.150000,0.006000,0.000000,-0.300000,0.000000,0.734147,1,2.39,3.343,-42.427,0.626,-1.771499
3.166000,0.658,0.300000,0.159000,4.261,6.90,0.282021,-1.315248,-0.045027,0.082481,-0.661,0.200,-0.150000,0.006000,0.000000,-0.300000,0.000000,0.734147,1,2.39,3.342,-42.427,0.630,-1.771488
3.168000,0.657,0.300000,0.159000,4.261,6.90,0.279560,-1.313616,-0.047264,0.045728,-0.660,0.200,-0.150000,0.006000,0.000000,-0.300000,0.000000,0.734147,1,2.39,3.341,-42.427,0.634,-1.771456
3.170000,0.656,0.300000,0.159000,4.261,6.90,0.277149,-1.311990,-0.047680,0.062645,-0.659,0.200,-0.150000,0.006000,0.000000,-0.300000,0.000000,0.734147,1,2.39,3.340,-42.427,0.637,-1.771403
3.172000,0.655,0.300000,0.159000,4.261,6.90,0.274786,-1.310368,-0.049369,0.048113,-0.658,0.200,-0.150000,0.006000,0.000000,-0.300000,0.000000,0.734147,1,2.39,3.339,-42.427,0.641,-1.771330
3.174000,0.654,0.300000,0.159000,4.261,6.90,0.272470,-1.308751,-0.049744,0.066198,-0.658,0.200,-0.150000,0.006000,0.000000,-0.300000,0.000000,0.734147,1,2.39,3.338,-42.427,0.645,-1.771239
3.176000,0.654,0.300000,0.159000,4.261,6.90,0.270201,-1.307139,-0.050513,0.078703,-0.657,0.200,-0.150000,0.006000,0.000000,-0.300000,0.000000,0.734147,1,2.39,3.337,-42.427,0.648,-1.771131
3.178000,0.653,0.300000,0.159000,4.261,6.90,0.267977,-1.305532,-0.051449,0.085111,-0.656,0.200,-0.150000,0.006000,0.000000,-0.300000,0.000000,0.734147,1,2.39,3.336,-42.426,0.652,-1.771006
3.180000,0.652,0.300000,0.159000,4.261,6.90,0.265797,-1.303930,-0.052234,0.072768,-0.655,0.200,-0.145313,0.006000,0.000000,-0.290625,0.000000,0.711209,1,2.44,3.335,-42.426,0.655,-1.770865
3.182000,0.651,0.300000,0.159000,4.261,6.90,0.263661,-1.302333,-0.052612,0.093973,-0.654,0.200,-0.145313,0.006000,0.000000,-0.290625,0.000000,0.711209,1,2.44,3.334,-42.426,0.658,-1.770708
3.184000,0.650,0.300000,0.159000,4.261,6.90,0.261568,-1.300741,-0.053892,0.073799,-0.654,0.200,-0.145313,0.006000,0.000000,-0.290625,0.000000,0.711209,1,2.44,3.333,-42.426,0.661,-1.770537
3.186000,0.650,0.300000,0.159000,4.261,6.90,0.259516,-1.299154,-0.054453,0.078495,-0.653,0.200,-0.145313,0.006000,0.000000,-0.290625,0.000000,0.711209,1,2.44,3.331,-42.426,0.664,-1.770352
3.188000,0.649,0.300000,0.159000,4.261,6.90,0.257506,-1.297573,-0.055071,0.083909,-0.652,0.200,-0.145313,0.006000,0.000000,-0.290625,0.000000,0.711209,1,2.44,3.330,-42.426,0.667,-1.770153
3.190000,0.648,0.300000,0.159000,4.261,6.90,0.255536,-1.295996,-0.055338,0.108850,-0.651,0.200,-0.145313,0.006000,0.000000,-0.290625,0.000000,0.711209,1,2.44,3.329,-42.426,0.671,-1.769941
3.192000,0.647,0.300000,0.159000,4.261,6.90,0.253605,-1.294425,-0.056754,0.088533,-0.650,0.200,-0.145313,0.006000,0.000000,-0.290625,0.000000,0.711209,1,2.44,3.328,-42.426,0.674,-1.769715
3.194000,0.646,0.300000,0.159000,4.261,6.90,0.251713,-1.292859,-0.057263,0.100351,-0.650,0.200,-0.145313,0.006000,0.000000,-0.290625,0.000000,0.711209,1,2.44,3.327,-42.426,0.677,-1.769477
3.196000,0.646,0.300000,0.159000,4.261,6.90,0.249859,-1.291299,-0.057901,0.097735,-0.649,0.200,-0.145313,0.006000,0.000000,-0.290625,0.000000,0.711209,1,2.44,3.326,-42.426,0.680,-1.769225
3.198000,0.645,0.300000,0.159000,4.261,6.90,0.248041,-1.289743,-0.058749,0.092961,-0.648,0.200,-0.145313,0.006000,0.000000,-0.290625,0.000000,0.711209,1,2.44,3.325,-42.426,0.683,-1.768960
3.200000,0.644,0.300000,0.159000,4.261,6.90,0.246261,-1.288194,0.000000,-0.004002,0.000,0.200,-0.145313,0.006000,0.000000,-0.290625,0.000000,0.711209,1,2.44,3.324,-42.426,0.686,-1.768683
3.202000,0.643,0.300000,0.159000,4.261,6.90,0.244515,-1.286650,-0.001661,0.001978,0.000,0.200,-0.145313,0.006000,0.000000,-0.290625,0.000000,0.711209,1,2.44,3.323,-42.426,0.689,-1.768393
3.204000,0.643,0.300000,0.159000,4.261,6.90,0.241243,-1.285127,-0.002400,0.015224,0.000,0.200,-0.145313,0.006000,0.000000,-0.290625,0.000000,0.711209,1,2.44,3.321,-42.426,0.683,-1.768055
3.206000,0.642,0.300000,0.159000,4.261,6.90,0.237577,-1.283639,-0.002772,0.040903,0.000,0.200,-0.145313,0.006000,0.000000,-0.290625,0.000000,0.711209,1,2.44,3.320,-42.426,0.685,-1.767705
3.208000,0.641,0.300000,0.159000,4.261,6.90,0.233771,-1.282177,-0.003453,0.054651,-0.644,0.200,-0.145313,0.006000,0.000000,-0.290625,0.000000,0.711209,1,2.44,3.319,-42.426,0.689,-1.767349
3.210000,0.640,0.300000,0.159000,4.261,6.90,0.229925,-1.280737,-0.004989,0.064657,-0.643,0.200,-0.145313,0.006000,0.000000,-0.290625,0.000000,0.711209,1,2.44,3.318,-42.426,0.692,-1.766990
3.212000,0.640,0.300000,0.159000,4.261,6.90,0.226076,-1.279318,-0.005327,0.085579,-0.643,0.200,-0.145313,0.006000,0.000000,-0.290625,0.000000,0.711209,1,2.44,3.317,-42.426,0.696,-1.766629
3.214000,0.639,0.300000,0.159000,4.261,6.90,0.222240,-1.277919,-0.005604,0.104571,-0.642,0.200,-0.145313,0.006000,0.000000,-0.290625,0.000000,0.711209,1,2.44,3.316,-42.426,0.699,-1.766267
3.216000,0.638,0.300000,0.159000,4.261,6.90,0.218423,-1.276540,-0.006854,0.085932,-0.641,0.200,-0.145313,0.006000,0.000000,-0.290625,0.000000,0.711209,1,2.44,3.315,-42.426,0.703,-1.765904
3.218000,0.638,0.300000,0.159000,4.261,6.90,0.214626,-1.275180,-0.015634,0.073170,-0.640,0.200,-0.145313,0.006000,0.000000,-0.290625,0.000000,0.711209,1,2.44,3.313,-42.426,0.707,-1.765541
3.220000,0.637,0.300000,0.159000,4.261,6.90,0.210851,-1.273841,-0.016208,0.082026,-0.640,0.200,-0.137500,0.006000,0.000000,-0.275000,0.000000,0.672976,1,2.54,3.312,-42.426,0.710,-1.765177
3.222000,0.636,0.300000,0.159000,4.261,6.90,0.207098,-1.272522,-0.016561,0.078898,-0.639,0.200,-0.137500,0.006000,0.000000,-0.275000,0.000000,0.672976,1,2.54,3.311,-42.426,0.714,-1.764813
3.224000,0.636,0.300000,0.159000,4.261,6.90,0.203368,-1.271223,-0.017974,0.052499,-0.638,0.200,-0.137500,0.006000,0.000000,-0.275000,0.000000,0.672976,1,2.54,3.310,-42.426,0.718,-1.764450
3.226000,0.635,0.300000,0.159000,4.261,6.90,0.199661,-1.269945,-0.018507,0.060693,-0.638,0.200,-0.137500,0.006000,0.000000,-0.275000,0.000000,0.672976,1,2.54,3.308,-42.426,0.722,-1.764086
3.228000,0.634,0.300000,0.159000,4.261,6.90,0.195979,-1.268687,-0.019585,0.067109,-0.637,0.200,-0.137500,0.006000,0.000000,-0.275000,0.000000,0.672976,1,2.54,3.307,-42.426,0.726,-1.763723
3.230000,0.634,0.300000,0.159000,4.261,6.90,0.192321,-1.267450,-0.019947,0.073910,-0.636,0.200,-0.137500,0.006000,0.000000,-0.275000,0.000000,0.672976,1,2.54,3.306,-42.426,0.730,-1.763360
3.232000,0.633,0.300000,0.159000,4.261,6.90,0.188690,-1.266233,-0.021145,0.056569,-0.636,0.200,-0.137500,0.006000,0.000000,-0.275000,0.000000,0.672976,1,2.54,3.305,-42.427,0.734,-1.762998
3.234000,0.633,0.300000,0.159000,4.261,6.90,0.185085,-1.265038,-0.021851,0.061435,-0.635,0.200,-0.137500,0.006000,0.000000,-0.275000,0.000000,0.672976,1,2.54,3.303,-42.427,0.738,-1.762637
3.236000,0.632,0.300000,0.159000,4.261,6.90,0.181508,-1.263863,-0.022117,0.074157,-0.634,0.200,-0.137500,0.006000,0.000000,-0.275000,0.000000,0.672976,1,2.54,3.302,-42.427,0.742,-1.762276
3.238000,0.631,0.300000,0.159000,4.261,6.90,0.177960,-1.262709,-0.022898,0.076076,-0.634,0.200,-0.137500,0.006000,0.000000,-0.275000,0.000000,0.672976,1,2.54,3.301,-42.427,0.747,-1.761916
3.240000,0.631,0.300000,0.159000,4.261,6.90,0.174442,-1.261577,-0.023852,0.061907,-0.633,0.200,-0.137500,0.006000,0.000000,-0.275000,0.000000,0.672976,1,2.54,3.300,-42.427,0.751,-1.761558
3.242000,0.630,0.300000,0.159000,4.261,6.90,0.170955,-1.260465,-0.024826,0.062665,-0.633,0.200,-0.137500,0.006000,0.000000,-0.275000,0.000000,0.672976,1,2.54,3.298,-42.428,0.756,-1.761200
3.244000,0.630,0.300000,0.159000,4.261,6.90,0.167501,-1.259375,-0.025586,0.060982,-0.632,0.200,-0.137500,0.006000,0.000000,-0.275000,0.000000,0.672976,1,2.54,3.297,-42.428,0.761,-1.760843
3.246000,0.629,0.300000,0.159000,4.261,6.90,0.164081,-1.258307,-0.025966,0.050723,-0.631,0.200,-0.137500,0.006000,0.000000,-0.275000,0.000000,0.672976,1,2.54,3.296,-42.428,0.766,-1.760487
3.248000,0.629,0.300000,0.159000,4.261,6.90,0.160695,-1.257260,-0.027073,0.047348,-0.631,0.200,-0.137500,0.006000,0.000000,-0.275000,0.000000,0.672976,1,2.54,3.294,-42.428,0.770,-1.760132
3.250000,0.628,0.300000,0.159000,4.261,6.90,0.157347,-1.256235,-0.027736,0.049567,-0.630,0.200,-0.137500,0.006000,0.000000,-0.275000,0.000000,0.672976,1,2.54,3.293,-42.429,0.775,-1.759779
3.252000,0.628,0.300000,0.159000,4.261,6.90,0.154036,-1.255231,-0.028009,0.065417,-0.630,0.200,-0.137500,0.006000,0.000000,-0.275000,0.000000,0.672976,1,2.54,3.292,-42.429,0.781,-1.759427
3.254000,0.627,0.300000,0.159000,4.261,6.90,0.150764,-1.254249,-0.028711,0.065173,-0.629,0.200,-0.137500,0.006000,0.000000,-0.275000,0.000000,0.672976,1,2.54,3.290,-42.429,0.786,-1.759076
3.256000,0.627,0.300000,0.159000,4.261,6.90,0.147533,-1.253289,-0.029701,0.053554,-0.629,0.200,-0.137500,0.006000,0.000000,-0.275000,0.000000,0.672976,1,2.54,3.289,-42.430,0.791,-1.758727
3.258000,0.626,0.300000,0.159000,4.261,6.90,0.144344,-1.252351,-0.030981,0.052198,-0.628,0.200,-0.137500,0.006000,0.000000,-0.275000,0.000000,0.672976,1,2.54,3.287,-42.430,0.797,-1.758378
3.260000,0.626,0.300000,0.159000,4.261,6.90,0.141200,-1.251435,-0.031665,0.050867,-0.628,0.200,-0.137500,0.006000,0.000000,-0.275000,0.000000,0.672976,1,2.54,3.286,-42.431,0.802,-1.758032
3.262000,0.625,0.300000,0.159000,4.261,6.90,0.138100,-1.250540,-0.032206,0.038157,-0.627,0.200,-0.137500,0.006000,0.000000,-0.275000,0.000000,0.672976,1,2.54,3.285,-42.431,0.808,-1.757686
3.264000,0.625,0.300000,0.159000,4.261,6.90,0.135048,-1.249667,-0.032916,0.037057,-0.627,0.200,-0.137500,0.006000,0.000000,-0.275000,0.000000,0.672976,1,2.54,3.283,-42.431,0.814,-1.757343
3.266000,0.624,0.300000,0.159000,4.261,6.90,0.132045,-1.248817,-0.033574,0.039057,-0.626,0.200,-0.137500,0.006000,0.000000,-0.275000,0.000000,0.672976,1,2.54,3.282,-42.432,0.819,-1.757000
3.268000,0.624,0.300000,0.159000,4.261,6.90,0.129091,-1.247988,-0.034330,0.041309,-0.626,0.200,-0.137500,0.006000,0.000000,-0.275000,0.000000,0.672976,1,2.54,3.280,-42.432,0.825,-1.756660
3.270000,0.624,0.300000,0.159000,4.261,6.90,0.126190,-1.247181,-0.044085,0.033444,-0.625,0.200,-0.137500,0.006000,0.000000,-0.275000,0.000000,0.672976,1,2.54,3.279,-42.433,0.831,-1.756320
# Log beendet. Einträge: 1635
