timestamp,roll_angle,steering_output,final_steer,target_speed,p_term,i_term,d_term,error,stability_factor,vision_error,vision_steer_command,vision_speed_command,vision_p_term,vision_i_term,vision_d_term,vision_active,vision_mask_coverage
0.002000,0.016,0.001571,0.001571,4.995,-0.001571,0.000000,-0.000000,0.000,0.003,0.000000,0.000000,0.000000,0.000000,0.000000,0.000000,1,0.00
0.004000,0.010,0.000989,0.000989,4.995,-0.000989,0.000000,0.000000,0.000,0.002,0.000000,0.000000,0.000000,0.000000,0.000000,0.000000,1,0.00
0.006000,0.008,0.000795,0.000795,4.995,-0.000795,0.000000,0.000000,0.000,0.002,0.000000,0.000000,0.000000,0.000000,0.000000,0.000000,1,0.00
0.008000,0.034,0.003428,0.003428,4.995,-0.003428,0.000000,-0.000000,0.000,0.007,0.000000,0.000000,0.000000,0.000000,0.000000,0.000000,1,0.00
0.010000,0.047,0.004720,0.004720,4.995,-0.004720,0.000000,-0.000000,-0.016,0.009,0.000000,0.000000,0.000000,0.000000,0.000000,0.000000,1,0.00
0.012000,0.029,0.002926,0.002926,4.995,-0.002926,0.000000,-0.000000,-0.010,0.006,0.000000,0.000000,0.000000,0.000000,0.000000,0.000000,1,0.00
0.014000,0.044,0.004383,0.004383,4.995,-0.004383,0.000000,-0.000000,-0.008,0.009,0.000000,0.000000,0.000000,0.000000,0.000000,0.000000,1,0.00
0.016000,0.063,0.006263,0.006263,4.995,-0.006263,0.000000,-0.000000,-0.034,0.013,0.000000,0.000000,0.000000,0.000000,0.000000,0.000000,1,0.00
0.018000,0.043,0.004279,0.004279,4.995,-0.004279,0.000000,-0.000000,-0.047,0.009,0.000000,0.000000,0.000000,0.000000,0.000000,0.000000,1,0.00
0.020000,0.100,0.009973,0.009973,4.995,-0.009973,0.000000,-0.000000,-0.029,0.020,0.000000,0.000000,0.000000,0.000000,0.000000,0.000000,1,0.00
0.022000,0.094,0.009353,0.009353,4.995,-0.009353,0.000000,-0.000000,-0.044,0.019,0.000000,0.000000,0.000000,0.000000,0.000000,0.000000,1,0.00
0.024000,0.133,0.013276,0.013276,4.995,-0.013276,0.000000,-0.000000,-0.063,0.027,0.000000,0.000000,0.000000,0.000000,0.000000,0.000000,1,0.00
0.026000,0.159,0.015910,0.015910,4.995,-0.015910,0.000000,-0.000000,-0.043,0.032,0.000000,0.000000,0.000000,0.000000,0.000000,0.000000,1,0.00
0.028000,0.198,0.019826,0.019826,4.995,-0.019826,0.000000,-0.000000,-0.100,0.040,0.000000,0.000000,0.000000,0.000000,0.000000,0.000000,1,0.00
0.030000,0.196,0.019556,0.019556,4.995,-0.019556,0.000000,-0.000000,-0.094,0.039,0.000000,0.000000,0.000000,0.000000,0.000000,0.000000,1,0.00
0.032000,0.229,0.022861,0.022861,4.995,-0.022861,0.000000,-0.000000,-0.133,0.046,0.000000,0.000000,0.000000,0.000000,0.000000,0.000000,1,0.00
0.034000,0.257,0.025712,0.025712,4.995,-0.025712,0.000000,-0.000000,-0.159,0.051,0.000000,0.000000,0.000000,0.000000,0.000000,0.000000,1,0.00
0.036000,0.318,0.031782,0.031782,4.995,-0.031782,0.000000,-0.000000,-0.198,0.064,0.000000,0.000000,0.000000,0.000000,0.000000,0.000000,1,0.00
0.038000,0.326,0.032552,0.032552,4.995,-0.032552,0.000000,-0.000000,-0.196,0.065,0.000000,0.000000,0.000000,0.000000,0.000000,0.000000,1,0.00
0.040000,0.358,0.035810,0.035810,4.995,-0.035810,0.000000,-0.000000,-0.229,0.072,0.000000,0.000000,0.000000,0.000000,0.000000,0.000000,1,0.00
0.042000,0.408,0.040838,0.040838,4.995,-0.040838,0.000000,-0.000000,-0.257,0.082,0.000000,0.000000,0.000000,0.000000,0.000000,0.000000,1,0.00
0.044000,0.433,0.043293,0.043293,4.995,-0.043293,0.000000,-0.000000,-0.318,0.087,0.000000,0.000000,0.000000,0.000000,0.000000,0.000000,1,0.00
0.046000,0.475,0.047469,0.047469,4.995,-0.047469,0.000000,-0.000000,-0.326,0.095,0.000000,0.000000,0.000000,0.000000,0.000000,0.000000,1,0.00
0.048000,0.483,0.048343,0.048343,4.995,-0.048343,0.000000,-0.000000,-0.358,0.097,0.000000,0.000000,0.000000,0.000000,0.000000,0.000000,1,0.00
0.050000,0.524,0.052375,0.052375,4.995,-0.052375,0.000000,-0.000000,-0.408,0.105,0.000000,0.000000,0.000000,0.000000,0.000000,0.000000,1,0.00
0.052000,0.574,0.057363,0.049750,2.997,-0.057363,0.000000,-0.000000,-0.433,0.115,-0.049733,0.092974,0.000000,-0.099466,0.000000,0.243407,1,51.93
0.054000,0.604,0.060372,0.050653,2.997,-0.060372,0.000000,-0.000000,-0.475,0.121,-0.049733,0.092974,0.000000,-0.099466,0.000000,0.243407,1,51.93
0.056000,0.653,0.065258,0.052119,2.997,-0.065258,0.000000,-0.000000,-0.483,0.131,-0.049733,0.092974,0.000000,-0.099466,0.000000,0.243407,1,51.93
0.058000,0.695,0.069460,0.053379,2.997,-0.069460,0.000000,-0.000000,-0.524,0.139,-0.049733,0.092974,0.000000,-0.099466,0.000000,0.243407,1,51.93
0.060000,0.722,0.072227,0.054209,2.997,-0.072227,0.000000,-0.000000,-0.574,0.144,-0.049733,0.092974,0.000000,-0.099466,0.000000,0.243407,1,51.93
0.062000,0.742,0.074244,0.054814,2.997,-0.074244,0.000000,-0.000000,-0.604,0.148,-0.049733,0.092974,0.000000,-0.099466,0.000000,0.243407,1,51.93
0.064000,0.794,0.079387,0.056357,2.997,-0.079387,0.000000,-0.000000,-0.653,0.159,-0.049733,0.092974,0.000000,-0.099466,0.000000,0.243407,1,51.93
0.066000,0.819,0.081918,0.057116,2.997,-0.081918,0.000000,-0.000000,-0.695,0.164,-0.049733,0.092974,0.000000,-0.099466,0.000000,0.243407,1,51.93
0.068000,0.840,0.084026,0.057749,2.997,-0.084026,0.000000,-0.000000,-0.722,0.168,-0.049733,0.092974,0.000000,-0.099466,0.000000,0.243407,1,51.93
0.070000,0.883,0.088312,0.059035,2.997,-0.088312,0.000000,-0.000000,-0.742,0.177,-0.049733,0.092974,0.000000,-0.099466,0.000000,0.243407,1,51.93
0.072000,0.916,0.091613,0.060025,2.997,-0.091613,0.000000,-0.000000,-0.794,0.183,-0.049733,0.092974,0.000000,-0.099466,0.000000,0.243407,1,51.93
0.074000,0.942,0.094174,0.060793,2.997,-0.094174,0.000000,-0.000000,-0.819,0.188,-0.049733,0.092974,0.000000,-0.099466,0.000000,0.243407,1,51.93
0.076000,0.978,0.097792,0.061879,2.997,-0.097792,0.000000,-0.000000,-0.840,0.196,-0.049733,0.092974,0.000000,-0.099466,0.000000,0.243407,1,51.93
0.078000,1.015,0.101530,0.063000,2.997,-0.101530,0.000000,-0.000000,-0.883,0.203,-0.049733,0.092974,0.000000,-0.099466,0.000000,0.243407,1,51.93
0.080000,1.044,0.104389,0.063858,2.997,-0.104389,0.000000,-0.000000,-0.916,0.209,-0.049733,0.092974,0.000000,-0.099466,0.000000,0.243407,1,51.93
0.082000,1.082,0.108191,0.064998,2.997,-0.108191,0.000000,-0.000000,-0.942,0.216,-0.049733,0.092974,0.000000,-0.099466,0.000000,0.243407,1,51.93
0.084000,1.094,0.109358,0.065349,2.997,-0.109358,0.000000,-0.000000,-0.978,0.219,-0.049733,0.092974,0.000000,-0.099466,0.000000,0.243407,1,51.93
0.086000,1.148,0.114794,0.066979,2.997,-0.114794,0.000000,-0.000000,-1.015,0.230,-0.049733,0.092974,0.000000,-0.099466,0.000000,0.243407,1,51.93
0.088000,1.161,0.116100,0.067371,2.997,-0.116100,0.000000,-0.000000,-1.044,0.232,-0.049733,0.092974,0.000000,-0.099466,0.000000,0.243407,1,51.93
0.090000,1.206,0.120618,0.068726,2.997,-0.120618,0.000000,-0.000000,-1.082,0.241,-0.049733,0.092974,0.000000,-0.099466,0.000000,0.243407,1,51.93
0.092000,1.233,0.123317,0.069536,2.997,-0.123317,0.000000,-0.000000,-1.094,0.247,-0.049733,0.092974,0.000000,-0.099466,0.000000,0.243407,1,51.93
0.094000,1.262,0.126201,0.070401,2.997,-0.126201,0.000000,-0.000000,-1.148,0.252,-0.049733,0.092974,0.000000,-0.099466,0.000000,0.243407,1,51.93
0.096000,1.280,0.128034,0.070951,2.997,-0.128034,0.000000,-0.000000,-1.161,0.256,-0.049733,0.092974,0.000000,-0.099466,0.000000,0.243407,1,51.93
0.098000,1.321,0.132120,0.072177,2.997,-0.132120,0.000000,-0.000000,-1.206,0.264,-0.049733,0.092974,0.000000,-0.099466,0.000000,0.243407,1,51.93
0.100000,1.357,0.135655,0.073238,2.997,-0.135655,0.000000,-0.000000,0.000,0.271,-0.049733,0.092974,0.000000,-0.099466,0.000000,0.243407,1,51.93
0.102000,1.402,0.140222,0.075035,2.997,-0.140222,0.000000,-0.000000,0.000,0.280,-0.050386,0.094195,0.000000,-0.100772,0.000000,0.246602,1,51.58
0.104000,1.418,0.141757,0.075495,2.997,-0.141757,0.000000,-0.000000,0.000,0.284,-0.050386,0.094195,0.000000,-0.100772,0.000000,0.246602,1,51.58
0.106000,1.458,0.145786,0.076704,2.997,-0.145786,0.000000,-0.000000,0.000,0.292,-0.050386,0.094195,0.000000,-0.100772,0.000000,0.246602,1,51.58
0.108000,1.501,0.150074,0.077991,2.997,-0.150074,0.000000,-0.000000,-1.357,0.300,-0.050386,0.094195,0.000000,-0.100772,0.000000,0.246602,1,51.58
0.110000,1.528,0.152802,0.078809,2.997,-0.152802,0.000000,-0.000000,-1.402,0.306,-0.050386,0.094195,0.000000,-0.100772,0.000000,0.246602,1,51.58
0.112000,1.560,0.155972,0.079760,2.997,-0.155972,0.000000,-0.000000,-1.418,0.312,-0.050386,0.094195,0.000000,-0.100772,0.000000,0.246602,1,51.58
0.114000,1.571,0.157078,0.080092,2.997,-0.157078,0.000000,-0.000000,-1.458,0.314,-0.050386,0.094195,0.000000,-0.100772,0.000000,0.246602,1,51.58
0.116000,1.608,0.160847,0.081222,2.997,-0.160847,0.000000,-0.000000,-1.501,0.322,-0.050386,0.094195,0.000000,-0.100772,0.000000,0.246602,1,51.58
0.118000,1.611,0.161058,0.081286,2.997,-0.161058,0.000000,-0.000000,-1.528,0.322,-0.050386,0.094195,0.000000,-0.100772,0.000000,0.246602,1,51.58
0.120000,1.593,0.159271,0.080750,2.997,-0.159271,0.000000,-0.000000,-1.560,0.319,-0.050386,0.094195,0.000000,-0.100772,0.000000,0.246602,1,51.58
0.122000,1.544,0.154382,0.079283,2.997,-0.154382,0.000000,-0.000000,-1.571,0.309,-0.050386,0.094195,0.000000,-0.100772,0.000000,0.246602,1,51.58
0.124000,1.487,0.148736,0.077589,2.997,-0.148736,0.000000,0.000000,-1.608,0.297,-0.050386,0.094195,0.000000,-0.100772,0.000000,0.246602,1,51.58
0.126000,1.403,0.140329,0.075067,2.997,-0.140329,0.000000,0.000000,-1.611,0.281,-0.050386,0.094195,0.000000,-0.100772,0.000000,0.246602,1,51.58
0.128000,1.333,0.133285,0.072954,2.997,-0.133285,0.000000,0.000000,-1.593,0.267,-0.050386,0.094195,0.000000,-0.100772,0.000000,0.246602,1,51.58
0.130000,1.233,0.123285,0.069954,2.997,-0.123285,0.000000,0.000000,-1.544,0.247,-0.050386,0.094195,0.000000,-0.100772,0.000000,0.246602,1,51.58
0.132000,1.133,0.113285,0.066954,2.997,-0.113285,0.000000,0.000000,-1.487,0.227,-0.050386,0.094195,0.000000,-0.100772,0.000000,0.246602,1,51.58
0.134000,1.033,0.103285,0.063954,2.997,-0.103285,0.000000,0.000000,-1.403,0.207,-0.050386,0.094195,0.000000,-0.100772,0.000000,0.246602,1,51.58
0.136000,0.933,0.093285,0.060954,2.997,-0.093285,0.000000,0.000000,-1.333,0.187,-0.050386,0.094195,0.000000,-0.100772,0.000000,0.246602,1,51.58
0.138000,0.833,0.083285,0.057954,2.997,-0.083285,0.000000,0.000000,-1.233,0.167,-0.050386,0.094195,0.000000,-0.100772,0.000000,0.246602,1,51.58
0.140000,0.733,0.073285,0.054954,2.997,-0.073285,0.000000,0.000000,-1.133,0.147,-0.050386,0.094195,0.000000,-0.100772,0.000000,0.246602,1,51.58
0.142000,0.633,0.063285,0.051954,2.997,-0.063285,0.000000,0.000000,-1.033,0.127,-0.050386,0.094195,0.000000,-0.100772,0.000000,0.246602,1,51.58
0.144000,0.533,0.053285,0.048954,2.997,-0.053285,0.000000,0.000000,-0.933,0.107,-0.050386,0.094195,0.000000,-0.100772,0.000000,0.246602,1,51.58
0.146000,0.433,0.043285,0.045954,2.997,-0.043285,0.000000,0.000000,-0.833,0.087,-0.050386,0.094195,0.000000,-0.100772,0.000000,0.246602,1,51.58
0.148000,0.333,0.033285,0.042954,2.997,-0.033285,0.000000,0.000000,-0.733,0.067,-0.050386,0.094195,0.000000,-0.100772,0.000000,0.246602,1,51.58
0.150000,0.233,0.023285,0.039954,2.997,-0.023285,0.000000,0.000000,-0.633,0.047,-0.050386,0.094195,0.000000,-0.100772,0.000000,0.246602,1,51.58
0.152000,0.133,0.013285,0.036954,2.997,-0.013285,0.000000,0.000000,-0.533,0.027,-0.050386,0.094195,0.000000,-0.100772,0.000000,0.246602,1,51.58
0.154000,0.033,0.003285,0.032195,2.997,-0.003285,0.000000,0.000000,-0.433,0.007,-0.047698,0.089171,0.000000,-0.095397,0.000000,0.233449,1,53.71
0.156000,-0.067,-0.006715,0.029195,2.997,0.006715,0.000000,0.000000,-0.333,0.013,-0.047698,0.089171,0.000000,-0.095397,0.000000,0.233449,1,53.71
0.158000,-0.098,-0.009777,0.028277,2.997,0.009777,0.000000,0.000000,-0.233,0.020,-0.047698,0.089171,0.000000,-0.095397,0.000000,0.233449,1,53.71
0.160000,-0.090,-0.008956,0.028523,2.997,0.008956,0.000000,0.000000,-0.133,0.018,-0.047698,0.089171,0.000000,-0.095397,0.000000,0.233449,1,53.71
0.162000,-0.085,-0.008453,0.028674,2.997,0.008453,0.000000,0.000000,-0.033,0.017,-0.047698,0.089171,0.000000,-0.095397,0.000000,0.233449,1,53.71
0.164000,-0.065,-0.006514,0.029256,2.997,0.006514,0.000000,0.000000,0.067,0.013,-0.047698,0.089171,0.000000,-0.095397,0.000000,0.233449,1,53.71
0.166000,-0.065,-0.006489,0.029263,2.997,0.006489,0.000000,0.000000,0.098,0.013,-0.047698,0.089171,0.000000,-0.095397,0.000000,0.233449,1,53.71
0.168000,-0.045,-0.004535,0.029849,2.997,0.004535,0.000000,-0.000000,0.090,0.009,-0.047698,0.089171,0.000000,-0.095397,0.000000,0.233449,1,53.71
0.170000,-0.017,-0.001721,0.030693,2.997,0.001721,0.000000,-0.000000,0.085,0.003,-0.047698,0.089171,0.000000,-0.095397,0.000000,0.233449,1,53.71
0.172000,0.016,0.001572,0.031681,2.997,-0.001572,0.000000,-0.000000,0.065,0.003,-0.047698,0.089171,0.000000,-0.095397,0.000000,0.233449,1,53.71
0.174000,0.000,0.000028,0.031218,2.997,-0.000028,0.000000,-0.000000,0.065,0.000,-0.047698,0.089171,0.000000,-0.095397,0.000000,0.233449,1,53.71
0.176000,0.031,0.003053,0.032126,2.997,-0.003053,0.000000,-0.000000,0.045,0.006,-0.047698,0.089171,0.000000,-0.095397,0.000000,0.233449,1,53.71
0.178000,0.022,0.002219,0.031875,2.997,-0.002219,0.000000,-0.000000,0.017,0.004,-0.047698,0.089171,0.000000,-0.095397,0.000000,0.233449,1,53.71
0.180000,0.040,0.003992,0.032407,2.997,-0.003992,0.000000,-0.000000,-0.016,0.008,-0.047698,0.089171,0.000000,-0.095397,0.000000,0.233449,1,53.71
0.182000,0.028,0.002777,0.032043,2.997,-0.002777,0.000000,0.000000,-0.000,0.006,-0.047698,0.089171,0.000000,-0.095397,0.000000,0.233449,1,53.71
0.184000,0.040,0.003958,0.032397,2.997,-0.003958,0.000000,-0.000000,-0.031,0.008,-0.047698,0.089171,0.000000,-0.095397,0.000000,0.233449,1,53.71
0.186000,0.029,0.002905,0.032081,2.997,-0.002905,0.000000,0.000000,-0.022,0.006,-0.047698,0.089171,0.000000,-0.095397,0.000000,0.233449,1,53.71
0.188000,0.036,0.003562,0.032278,2.997,-0.003562,0.000000,-0.000000,-0.040,0.007,-0.047698,0.089171,0.000000,-0.095397,0.000000,0.233449,1,53.71
0.190000,0.047,0.004697,0.032619,2.997,-0.004697,0.000000,-0.000000,-0.028,0.009,-0.047698,0.089171,0.000000,-0.095397,0.000000,0.233449,1,53.71
0.192000,0.019,0.001889,0.031777,2.997,-0.001889,0.000000,-0.000000,-0.040,0.004,-0.047698,0.089171,0.000000,-0.095397,0.000000,0.233449,1,53.71
0.194000,0.034,0.003410,0.032233,2.997,-0.003410,0.000000,0.000000,-0.029,0.007,-0.047698,0.089171,0.000000,-0.095397,0.000000,0.233449,1,53.71
0.196000,0.033,0.003310,0.032203,2.997,-0.003310,0.000000,-0.000000,-0.036,0.007,-0.047698,0.089171,0.000000,-0.095397,0.000000,0.233449,1,53.71
0.198000,0.026,0.002594,0.031988,2.997,-0.002594,0.000000,0.000000,-0.047,0.005,-0.047698,0.089171,0.000000,-0.095397,0.000000,0.233449,1,53.71
0.200000,0.021,0.002101,0.031840,2.997,-0.002101,0.000000,-0.000000,0.000,0.004,-0.047698,0.089171,0.000000,-0.095397,0.000000,0.233449,1,53.71
0.202000,0.009,0.000926,0.031488,2.997,-0.000926,0.000000,0.000000,0.000,0.002,-0.047698,0.089171,0.000000,-0.095397,0.000000,0.233449,1,53.71
0.204000,0.029,0.002859,0.032183,2.997,-0.002859,0.000000,0.000000,0.000,0.006,-0.047875,0.089500,0.000000,-0.095749,0.000000,0.234311,1,53.64
0.206000,0.006,0.000560,0.031493,2.997,-0.000560,0.000000,0.000000,0.000,0.001,-0.047875,0.089500,0.000000,-0.095749,0.000000,0.234311,1,53.64
0.208000,0.024,0.002352,0.032031,2.997,-0.002352,0.000000,0.000000,-0.021,0.005,-0.047875,0.089500,0.000000,-0.095749,0.000000,0.234311,1,53.64
0.210000,0.007,0.000699,0.031535,2.997,-0.000699,0.000000,0.000000,-0.009,0.001,-0.047875,0.089500,0.000000,-0.095749,0.000000,0.234311,1,53.64
0.212000,0.012,0.001217,0.031690,2.997,-0.001217,0.000000,0.000000,-0.029,0.002,-0.047875,0.089500,0.000000,-0.095749,0.000000,0.234311,1,53.64
0.214000,0.010,0.000964,0.031614,2.997,-0.000964,0.000000,0.000000,-0.006,0.002,-0.047875,0.089500,0.000000,-0.095749,0.000000,0.234311,1,53.64
0.216000,0.005,0.000541,0.031488,2.997,-0.000541,0.000000,0.000000,-0.024,0.001,-0.047875,0.089500,0.000000,-0.095749,0.000000,0.234311,1,53.64
0.218000,-0.011,-0.001112,0.030991,2.997,0.001112,0.000000,0.000000,-0.007,0.002,-0.047875,0.089500,0.000000,-0.095749,0.000000,0.234311,1,53.64
0.220000,0.010,0.000976,0.031618,2.997,-0.000976,0.000000,-0.000000,-0.012,0.002,-0.047875,0.089500,0.000000,-0.095749,0.000000,0.234311,1,53.64
0.222000,0.007,0.000684,0.031530,2.997,-0.000684,0.000000,-0.000000,-0.010,0.001,-0.047875,0.089500,0.000000,-0.095749,0.000000,0.234311,1,53.64
0.224000,-0.016,-0.001551,0.030860,2.997,0.001551,0.000000,0.000000,-0.005,0.003,-0.047875,0.089500,0.000000,-0.095749,0.000000,0.234311,1,53.64
0.226000,0.008,0.000777,0.031558,2.997,-0.000777,0.000000,-0.000000,0.011,0.002,-0.047875,0.089500,0.000000,-0.095749,0.000000,0.234311,1,53.64
0.228000,0.034,0.003362,0.032334,2.997,-0.003362,0.000000,-0.000000,-0.010,0.007,-0.047875,0.089500,0.000000,-0.095749,0.000000,0.234311,1,53.64
0.230000,0.015,0.001519,0.031781,2.997,-0.001519,0.000000,0.000000,-0.007,0.003,-0.047875,0.089500,0.000000,-0.095749,0.000000,0.234311,1,53.64
0.232000,0.017,0.001727,0.031843,2.997,-0.001727,0.000000,-0.000000,0.016,0.003,-0.047875,0.089500,0.000000,-0.095749,0.000000,0.234311,1,53.64
0.234000,0.027,0.002665,0.032125,2.997,-0.002665,0.000000,-0.000000,-0.008,0.005,-0.047875,0.089500,0.000000,-0.095749,0.000000,0.234311,1,53.64
0.236000,0.014,0.001449,0.031760,2.997,-0.001449,0.000000,-0.000000,-0.034,0.003,-0.047875,0.089500,0.000000,-0.095749,0.000000,0.234311,1,53.64
0.238000,0.004,0.000413,0.031449,2.997,-0.000413,0.000000,0.000000,-0.015,0.001,-0.047875,0.089500,0.000000,-0.095749,0.000000,0.234311,1,53.64
0.240000,0.012,0.001248,0.031699,2.997,-0.001248,0.000000,0.000000,-0.017,0.002,-0.047875,0.089500,0.000000,-0.095749,0.000000,0.234311,1,53.64
0.242000,0.004,0.000352,0.031431,2.997,-0.000352,0.000000,0.000000,-0.027,0.001,-0.047875,0.089500,0.000000,-0.095749,0.000000,0.234311,1,53.64
0.244000,0.015,0.001538,0.031787,2.997,-0.001538,0.000000,0.000000,-0.014,0.003,-0.047875,0.089500,0.000000,-0.095749,0.000000,0.234311,1,53.64
0.246000,0.016,0.001585,0.031801,2.997,-0.001585,0.000000,-0.000000,-0.004,0.003,-0.047875,0.089500,0.000000,-0.095749,0.000000,0.234311,1,53.64
0.248000,0.009,0.000917,0.031600,2.997,-0.000917,0.000000,-0.000000,-0.012,0.002,-0.047875,0.089500,0.000000,-0.095749,0.000000,0.234311,1,53.64
0.250000,0.004,0.000359,0.031433,2.997,-0.000359,0.000000,-0.000000,-0.004,0.001,-0.047875,0.089500,0.000000,-0.095749,0.000000,0.234311,1,53.64
0.252000,0.018,0.001827,0.031873,2.997,-0.001827,0.000000,-0.000000,-0.015,0.004,-0.047875,0.089500,0.000000,-0.095749,0.000000,0.234311,1,53.64
0.254000,0.010,0.001028,0.031634,2.997,-0.001028,0.000000,0.000000,-0.016,0.002,-0.047875,0.089500,0.000000,-0.095749,0.000000,0.234311,1,53.64
0.256000,-0.005,-0.000483,0.031186,2.997,0.000483,0.000000,0.000000,-0.009,0.001,-0.047883,0.089516,0.000000,-0.095766,0.000000,0.234353,1,53.62
0.258000,0.018,0.001802,0.031871,2.997,-0.001802,0.000000,-0.000000,-0.004,0.004,-0.047883,0.089516,0.000000,-0.095766,0.000000,0.234353,1,53.62
0.260000,0.026,0.002650,0.032126,2.997,-0.002650,0.000000,-0.000000,-0.018,0.005,-0.047883,0.089516,0.000000,-0.095766,0.000000,0.234353,1,53.62
0.262000,0.023,0.002336,0.032031,2.997,-0.002336,0.000000,-0.000000,-0.010,0.005,-0.047883,0.089516,0.000000,-0.095766,0.000000,0.234353,1,53.62
0.264000,0.021,0.002052,0.031946,2.997,-0.002052,0.000000,-0.000000,0.005,0.004,-0.047883,0.089516,0.000000,-0.095766,0.000000,0.234353,1,53.62
0.266000,0.007,0.000738,0.031552,2.997,-0.000738,0.000000,0.000000,-0.018,0.001,-0.047883,0.089516,0.000000,-0.095766,0.000000,0.234353,1,53.62
0.268000,0.006,0.000639,0.031522,2.997,-0.000639,0.000000,0.000000,-0.026,0.001,-0.047883,0.089516,0.000000,-0.095766,0.000000,0.234353,1,53.62
0.270000,0.025,0.002479,0.032074,2.997,-0.002479,0.000000,-0.000000,-0.023,0.005,-0.047883,0.089516,0.000000,-0.095766,0.000000,0.234353,1,53.62
0.272000,0.007,0.000662,0.031529,2.997,-0.000662,0.000000,0.000000,-0.021,0.001,-0.047883,0.089516,0.000000,-0.095766,0.000000,0.234353,1,53.62
0.274000,0.008,0.000778,0.031564,2.997,-0.000778,0.000000,0.000000,-0.007,0.002,-0.047883,0.089516,0.000000,-0.095766,0.000000,0.234353,1,53.62
0.276000,0.016,0.001557,0.031798,2.997,-0.001557,0.000000,-0.000000,-0.006,0.003,-0.047883,0.089516,0.000000,-0.095766,0.000000,0.234353,1,53.62
0.278000,0.025,0.002506,0.032082,2.997,-0.002506,0.000000,-0.000000,-0.025,0.005,-0.047883,0.089516,0.000000,-0.095766,0.000000,0.234353,1,53.62
0.280000,0.009,0.000854,0.031587,2.997,-0.000854,0.000000,0.000000,-0.007,0.002,-0.047883,0.089516,0.000000,-0.095766,0.000000,0.234353,1,53.62
0.282000,0.000,0.000019,0.031336,2.997,-0.000019,0.000000,0.000000,-0.008,0.000,-0.047883,0.089516,0.000000,-0.095766,0.000000,0.234353,1,53.62
0.284000,-0.014,-0.001362,0.030922,2.997,0.001362,0.000000,0.000000,-0.016,0.003,-0.047883,0.089516,0.000000,-0.095766,0.000000,0.234353,1,53.62
0.286000,0.017,0.001732,0.031850,2.997,-0.001732,0.000000,-0.000000,-0.025,0.003,-0.047883,0.089516,0.000000,-0.095766,0.000000,0.234353,1,53.62
0.288000,-0.002,-0.000189,0.031274,2.997,0.000189,0.000000,0.000000,-0.009,0.000,-0.047883,0.089516,0.000000,-0.095766,0.000000,0.234353,1,53.62
0.290000,0.025,0.002504,0.032082,2.997,-0.002504,0.000000,-0.000000,-0.000,0.005,-0.047883,0.089516,0.000000,-0.095766,0.000000,0.234353,1,53.62
0.292000,0.002,0.000190,0.031388,2.997,-0.000190,0.000000,-0.000000,0.014,0.000,-0.047883,0.089516,0.000000,-0.095766,0.000000,0.234353,1,53.62
0.294000,0.013,0.001322,0.031727,2.997,-0.001322,0.000000,-0.000000,-0.017,0.003,-0.047883,0.089516,0.000000,-0.095766,0.000000,0.234353,1,53.62
0.296000,-0.003,-0.000268,0.031250,2.997,0.000268,0.000000,0.000000,0.002,0.001,-0.047883,0.089516,0.000000,-0.095766,0.000000,0.234353,1,53.62
0.298000,0.009,0.000906,0.031603,2.997,-0.000906,0.000000,-0.000000,-0.025,0.002,-0.047883,0.089516,0.000000,-0.095766,0.000000,0.234353,1,53.62
0.300000,0.002,0.000171,0.031382,2.997,-0.000171,0.000000,-0.000000,0.000,0.000,-0.047883,0.089516,0.000000,-0.095766,0.000000,0.234353,1,53.62
0.302000,-0.005,-0.000471,0.031189,2.997,0.000471,0.000000,0.000000,0.000,0.001,-0.047883,0.089516,0.000000,-0.095766,0.000000,0.234353,1,53.62
0.304000,0.011,0.001070,0.031652,2.997,-0.001070,0.000000,-0.000000,0.000,0.002,-0.047883,0.089516,0.000000,-0.095766,0.000000,0.234353,1,53.62
0.306000,0.014,0.001355,0.031737,2.997,-0.001355,0.000000,-0.000000,0.000,0.003,-0.047883,0.089516,0.000000,-0.095766,0.000000,0.234353,1,53.62
0.308000,0.004,0.000437,0.031515,2.997,-0.000437,0.000000,-0.000000,-0.002,0.001,-0.047964,0.089667,0.000000,-0.095928,0.000000,0.234749,1,53.63
0.310000,0.004,0.000355,0.031490,2.997,-0.000355,0.000000,-0.000000,0.005,0.001,-0.047964,0.089667,0.000000,-0.095928,0.000000,0.234749,1,53.63
0.312000,0.007,0.000683,0.031588,2.997,-0.000683,0.000000,-0.000000,-0.011,0.001,-0.047964,0.089667,0.000000,-0.095928,0.000000,0.234749,1,53.63
0.314000,0.015,0.001508,0.031836,2.997,-0.001508,0.000000,-0.000000,-0.014,0.003,-0.047964,0.089667,0.000000,-0.095928,0.000000,0.234749,1,53.63
0.316000,0.008,0.000792,0.031621,2.997,-0.000792,0.000000,-0.000000,-0.004,0.002,-0.047964,0.089667,0.000000,-0.095928,0.000000,0.234749,1,53.63
0.318000,0.002,0.000164,0.031433,2.997,-0.000164,0.000000,0.000000,-0.004,0.000,-0.047964,0.089667,0.000000,-0.095928,0.000000,0.234749,1,53.63
0.320000,0.012,0.001208,0.031746,2.997,-0.001208,0.000000,0.000000,-0.007,0.002,-0.047964,0.089667,0.000000,-0.095928,0.000000,0.234749,1,53.63
0.322000,0.015,0.001548,0.031848,2.997,-0.001548,0.000000,0.000000,-0.015,0.003,-0.047964,0.089667,0.000000,-0.095928,0.000000,0.234749,1,53.63
0.324000,-0.014,-0.001368,0.030973,2.997,0.001368,0.000000,0.000000,-0.008,0.003,-0.047964,0.089667,0.000000,-0.095928,0.000000,0.234749,1,53.63
0.326000,0.016,0.001602,0.031864,2.997,-0.001602,0.000000,-0.000000,-0.002,0.003,-0.047964,0.089667,0.000000,-0.095928,0.000000,0.234749,1,53.63
0.328000,-0.011,-0.001123,0.031047,2.997,0.001123,0.000000,-0.000000,-0.012,0.002,-0.047964,0.089667,0.000000,-0.095928,0.000000,0.234749,1,53.63
0.330000,0.006,0.000584,0.031559,2.997,-0.000584,0.000000,-0.000000,-0.015,0.001,-0.047964,0.089667,0.000000,-0.095928,0.000000,0.234749,1,53.63
0.332000,0.011,0.001053,0.031699,2.997,-0.001053,0.000000,-0.000000,0.014,0.002,-0.047964,0.089667,0.000000,-0.095928,0.000000,0.234749,1,53.63
0.334000,0.010,0.000971,0.031675,2.997,-0.000971,0.000000,-0.000000,-0.016,0.002,-0.047964,0.089667,0.000000,-0.095928,0.000000,0.234749,1,53.63
0.336000,0.028,0.002770,0.032215,2.997,-0.002770,0.000000,-0.000000,0.011,0.006,-0.047964,0.089667,0.000000,-0.095928,0.000000,0.234749,1,53.63
0.338000,0.008,0.000843,0.031637,2.997,-0.000843,0.000000,-0.000000,-0.006,0.002,-0.047964,0.089667,0.000000,-0.095928,0.000000,0.234749,1,53.63
0.340000,0.009,0.000881,0.031648,2.997,-0.000881,0.000000,0.000000,-0.011,0.002,-0.047964,0.089667,0.000000,-0.095928,0.000000,0.234749,1,53.63
0.342000,0.020,0.001953,0.031969,2.997,-0.001953,0.000000,-0.000000,-0.010,0.004,-0.047964,0.089667,0.000000,-0.095928,0.000000,0.234749,1,53.63
0.344000,0.018,0.001793,0.031922,2.997,-0.001793,0.000000,-0.000000,-0.028,0.004,-0.047964,0.089667,0.000000,-0.095928,0.000000,0.234749,1,53.63
0.346000,0.012,0.001152,0.031729,2.997,-0.001152,0.000000,0.000000,-0.008,0.002,-0.047964,0.089667,0.000000,-0.095928,0.000000,0.234749,1,53.63
0.348000,0.001,0.000071,0.031405,2.997,-0.000071,0.000000,0.000000,-0.009,0.000,-0.047964,0.089667,0.000000,-0.095928,0.000000,0.234749,1,53.63
0.350000,-0.006,-0.000574,0.031211,2.997,0.000574,0.000000,0.000000,-0.020,0.001,-0.047964,0.089667,0.000000,-0.095928,0.000000,0.234749,1,53.63
0.352000,0.011,0.001143,0.031726,2.997,-0.001143,0.000000,0.000000,-0.018,0.002,-0.047964,0.089667,0.000000,-0.095928,0.000000,0.234749,1,53.63
0.354000,0.011,0.001050,0.031699,2.997,-0.001050,0.000000,0.000000,-0.012,0.002,-0.047964,0.089667,0.000000,-0.095928,0.000000,0.234749,1,53.63
0.356000,0.000,0.000014,0.031388,2.997,-0.000014,0.000000,0.000000,-0.001,0.000,-0.047964,0.089667,0.000000,-0.095928,0.000000,0.234749,1,53.63
0.358000,0.008,0.000828,0.031632,2.997,-0.000828,0.000000,0.000000,0.006,0.002,-0.047964,0.089667,0.000000,-0.095928,0.000000,0.234749,1,53.63
0.360000,0.000,0.000019,0.031371,2.997,-0.000019,0.000000,-0.000000,-0.011,0.000,-0.047936,0.089615,0.000000,-0.095871,0.000000,0.234611,1,53.64
0.362000,-0.007,-0.000678,0.031162,2.997,0.000678,0.000000,0.000000,-0.011,0.001,-0.047936,0.089615,0.000000,-0.095871,0.000000,0.234611,1,53.64
0.364000,-0.004,-0.000358,0.031258,2.997,0.000358,0.000000,0.000000,-0.000,0.001,-0.047936,0.089615,0.000000,-0.095871,0.000000,0.234611,1,53.64
0.366000,0.011,0.001099,0.031695,2.997,-0.001099,0.000000,-0.000000,-0.008,0.002,-0.047936,0.089615,0.000000,-0.095871,0.000000,0.234611,1,53.64
0.368000,0.016,0.001616,0.031850,2.997,-0.001616,0.000000,-0.000000,-0.000,0.003,-0.047936,0.089615,0.000000,-0.095871,0.000000,0.234611,1,53.64
0.370000,0.014,0.001357,0.031772,2.997,-0.001357,0.000000,-0.000000,0.007,0.003,-0.047936,0.089615,0.000000,-0.095871,0.000000,0.234611,1,53.64
0.372000,0.008,0.000785,0.031601,2.997,-0.000785,0.000000,-0.000000,0.004,0.002,-0.047936,0.089615,0.000000,-0.095871,0.000000,0.234611,1,53.64
0.374000,-0.005,-0.000497,0.031216,2.997,0.000497,0.000000,0.000000,-0.011,0.001,-0.047936,0.089615,0.000000,-0.095871,0.000000,0.234611,1,53.64
0.376000,-0.007,-0.000654,0.031169,2.997,0.000654,0.000000,0.000000,-0.016,0.001,-0.047936,0.089615,0.000000,-0.095871,0.000000,0.234611,1,53.64
0.378000,-0.001,-0.000104,0.031334,2.997,0.000104,0.000000,0.000000,-0.014,0.000,-0.047936,0.089615,0.000000,-0.095871,0.000000,0.234611,1,53.64
0.380000,-0.002,-0.000199,0.031305,2.997,0.000199,0.000000,0.000000,-0.008,0.000,-0.047936,0.089615,0.000000,-0.095871,0.000000,0.234611,1,53.64
0.382000,0.010,0.001021,0.031671,2.997,-0.001021,0.000000,-0.000000,0.005,0.002,-0.047936,0.089615,0.000000,-0.095871,0.000000,0.234611,1,53.64
0.384000,0.018,0.001769,0.031896,2.997,-0.001769,0.000000,-0.000000,0.007,0.004,-0.047936,0.089615,0.000000,-0.095871,0.000000,0.234611,1,53.64
0.386000,0.011,0.001076,0.031688,2.997,-0.001076,0.000000,-0.000000,0.001,0.002,-0.047936,0.089615,0.000000,-0.095871,0.000000,0.234611,1,53.64
0.388000,-0.006,-0.000587,0.031189,2.997,0.000587,0.000000,0.000000,0.002,0.001,-0.047936,0.089615,0.000000,-0.095871,0.000000,0.234611,1,53.64
0.390000,0.015,0.001472,0.031807,2.997,-0.001472,0.000000,-0.000000,-0.010,0.003,-0.047936,0.089615,0.000000,-0.095871,0.000000,0.234611,1,53.64
0.392000,0.009,0.000853,0.031621,2.997,-0.000853,0.000000,-0.000000,-0.018,0.002,-0.047936,0.089615,0.000000,-0.095871,0.000000,0.234611,1,53.64
0.394000,0.009,0.000850,0.031620,2.997,-0.000850,0.000000,-0.000000,-0.011,0.002,-0.047936,0.089615,0.000000,-0.095871,0.000000,0.234611,1,53.64
0.396000,0.010,0.001000,0.031665,2.997,-0.001000,0.000000,-0.000000,0.006,0.002,-0.047936,0.089615,0.000000,-0.095871,0.000000,0.234611,1,53.64
0.398000,0.005,0.000499,0.031515,2.997,-0.000499,0.000000,-0.000000,-0.015,0.001,-0.047936,0.089615,0.000000,-0.095871,0.000000,0.234611,1,53.64
0.400000,0.032,0.003214,0.032329,2.997,-0.003214,0.000000,-0.000000,0.000,0.006,-0.047936,0.089615,0.000000,-0.095871,0.000000,0.234611,1,53.64
0.402000,0.001,0.000133,0.031405,2.997,-0.000133,0.000000,0.000000,0.000,0.000,-0.047936,0.089615,0.000000,-0.095871,0.000000,0.234611,1,53.64
0.404000,0.011,0.001072,0.031687,2.997,-0.001072,0.000000,-0.000000,0.000,0.002,-0.047936,0.089615,0.000000,-0.095871,0.000000,0.234611,1,53.64
0.406000,0.001,0.000103,0.031396,2.997,-0.000103,0.000000,0.000000,0.000,0.000,-0.047936,0.089615,0.000000,-0.095871,0.000000,0.234611,1,53.64
0.408000,0.006,0.000551,0.031530,2.997,-0.000551,0.000000,0.000000,-0.032,0.001,-0.047936,0.089615,0.000000,-0.095871,0.000000,0.234611,1,53.64
0.410000,0.009,0.000944,0.031586,2.997,-0.000944,0.000000,0.000000,-0.001,0.002,-0.047841,0.089438,0.000000,-0.095682,0.000000,0.234148,1,53.64
0.412000,0.013,0.001314,0.031697,2.997,-0.001314,0.000000,-0.000000,-0.011,0.003,-0.047841,0.089438,0.000000,-0.095682,0.000000,0.234148,1,53.64
0.414000,0.010,0.001014,0.031608,2.997,-0.001014,0.000000,0.000000,-0.001,0.002,-0.047841,0.089438,0.000000,-0.095682,0.000000,0.234148,1,53.64
0.416000,0.026,0.002650,0.032098,2.997,-0.002650,0.000000,-0.000000,-0.006,0.005,-0.047841,0.089438,0.000000,-0.095682,0.000000,0.234148,1,53.64
0.418000,0.013,0.001280,0.031687,2.997,-0.001280,0.000000,0.000000,-0.009,0.003,-0.047841,0.089438,0.000000,-0.095682,0.000000,0.234148,1,53.64
0.420000,0.009,0.000874,0.031565,2.997,-0.000874,0.000000,0.000000,-0.013,0.002,-0.047841,0.089438,0.000000,-0.095682,0.000000,0.234148,1,53.64
0.422000,-0.005,-0.000520,0.031147,2.997,0.000520,0.000000,0.000000,-0.010,0.001,-0.047841,0.089438,0.000000,-0.095682,0.000000,0.234148,1,53.64
0.424000,0.010,0.000970,0.031594,2.997,-0.000970,0.000000,0.000000,-0.026,0.002,-0.047841,0.089438,0.000000,-0.095682,0.000000,0.234148,1,53.64
0.426000,0.008,0.000805,0.031545,2.997,-0.000805,0.000000,0.000000,-0.013,0.002,-0.047841,0.089438,0.000000,-0.095682,0.000000,0.234148,1,53.64
0.428000,0.006,0.000622,0.031490,2.997,-0.000622,0.000000,0.000000,-0.009,0.001,-0.047841,0.089438,0.000000,-0.095682,0.000000,0.234148,1,53.64
0.430000,0.002,0.000153,0.031349,2.997,-0.000153,0.000000,0.000000,0.005,0.000,-0.047841,0.089438,0.000000,-0.095682,0.000000,0.234148,1,53.64
0.432000,0.017,0.001734,0.031824,2.997,-0.001734,0.000000,-0.000000,-0.010,0.003,-0.047841,0.089438,0.000000,-0.095682,0.000000,0.234148,1,53.64
0.434000,-0.002,-0.000174,0.031251,2.997,0.000174,0.000000,0.000000,-0.008,0.000,-0.047841,0.089438,0.000000,-0.095682,0.000000,0.234148,1,53.64
0.436000,-0.002,-0.000186,0.031248,2.997,0.000186,0.000000,0.000000,-0.006,0.000,-0.047841,0.089438,0.000000,-0.095682,0.000000,0.234148,1,53.64
0.438000,0.011,0.001059,0.031621,2.997,-0.001059,0.000000,0.000000,-0.002,0.002,-0.047841,0.089438,0.000000,-0.095682,0.000000,0.234148,1,53.64
0.440000,0.003,0.000252,0.031379,2.997,-0.000252,0.000000,0.000000,-0.017,0.001,-0.047841,0.089438,0.000000,-0.095682,0.000000,0.234148,1,53.64
0.442000,-0.006,-0.000606,0.031122,2.997,0.000606,0.000000,0.000000,0.002,0.001,-0.047841,0.089438,0.000000,-0.095682,0.000000,0.234148,1,53.64
0.444000,0.016,0.001605,0.031785,2.997,-0.001605,0.000000,-0.000000,0.002,0.003,-0.047841,0.089438,0.000000,-0.095682,0.000000,0.234148,1,53.64
0.446000,0.019,0.001941,0.031885,2.997,-0.001941,0.000000,-0.000000,-0.011,0.004,-0.047841,0.089438,0.000000,-0.095682,0.000000,0.234148,1,53.64
0.448000,-0.003,-0.000255,0.031227,2.997,0.000255,0.000000,-0.000000,-0.003,0.001,-0.047841,0.089438,0.000000,-0.095682,0.000000,0.234148,1,53.64
0.450000,0.005,0.000501,0.031454,2.997,-0.000501,0.000000,-0.000000,0.006,0.001,-0.047841,0.089438,0.000000,-0.095682,0.000000,0.234148,1,53.64
0.452000,-0.013,-0.001269,0.030923,2.997,0.001269,0.000000,-0.000000,-0.016,0.003,-0.047841,0.089438,0.000000,-0.095682,0.000000,0.234148,1,53.64
0.454000,0.021,0.002115,0.031938,2.997,-0.002115,0.000000,-0.000000,-0.019,0.004,-0.047841,0.089438,0.000000,-0.095682,0.000000,0.234148,1,53.64
0.456000,0.010,0.000982,0.031598,2.997,-0.000982,0.000000,-0.000000,0.003,0.002,-0.047841,0.089438,0.000000,-0.095682,0.000000,0.234148,1,53.64
0.458000,0.005,0.000521,0.031460,2.997,-0.000521,0.000000,-0.000000,-0.005,0.001,-0.047841,0.089438,0.000000,-0.095682,0.000000,0.234148,1,53.64
0.460000,0.010,0.001035,0.031614,2.997,-0.001035,0.000000,-0.000000,0.013,0.002,-0.047841,0.089438,0.000000,-0.095682,0.000000,0.234148,1,53.64
0.462000,0.008,0.000844,0.031631,2.997,-0.000844,0.000000,-0.000000,-0.021,0.002,-0.047954,0.089649,0.000000,-0.095908,0.000000,0.234702,1,53.64
0.464000,-0.004,-0.000419,0.031252,2.997,0.000419,0.000000,0.000000,-0.010,0.001,-0.047954,0.089649,0.000000,-0.095908,0.000000,0.234702,1,53.64
0.466000,0.015,0.001518,0.031833,2.997,-0.001518,0.000000,-0.000000,-0.005,0.003,-0.047954,0.089649,0.000000,-0.095908,0.000000,0.234702,1,53.64
0.468000,0.014,0.001363,0.031786,2.997,-0.001363,0.000000,-0.000000,-0.010,0.003,-0.047954,0.089649,0.000000,-0.095908,0.000000,0.234702,1,53.64
0.470000,-0.005,-0.000511,0.031224,2.997,0.000511,0.000000,0.000000,-0.008,0.001,-0.047954,0.089649,0.000000,-0.095908,0.000000,0.234702,1,53.64
0.472000,0.011,0.001130,0.031716,2.997,-0.001130,0.000000,0.000000,0.004,0.002,-0.047954,0.089649,0.000000,-0.095908,0.000000,0.234702,1,53.64
0.474000,-0.008,-0.000827,0.031129,2.997,0.000827,0.000000,0.000000,-0.015,0.002,-0.047954,0.089649,0.000000,-0.095908,0.000000,0.234702,1,53.64
0.476000,0.017,0.001656,0.031874,2.997,-0.001656,0.000000,0.000000,-0.014,0.003,-0.047954,0.089649,0.000000,-0.095908,0.000000,0.234702,1,53.64
0.478000,0.015,0.001547,0.031842,2.997,-0.001547,0.000000,0.000000,0.005,0.003,-0.047954,0.089649,0.000000,-0.095908,0.000000,0.234702,1,53.64
0.480000,0.013,0.001332,0.031777,2.997,-0.001332,0.000000,-0.000000,-0.011,0.003,-0.047954,0.089649,0.000000,-0.095908,0.000000,0.234702,1,53.64
0.482000,-0.008,-0.000785,0.031142,2.997,0.000785,0.000000,-0.000000,0.008,0.002,-0.047954,0.089649,0.000000,-0.095908,0.000000,0.234702,1,53.64
0.484000,0.015,0.001527,0.031835,2.997,-0.001527,0.000000,-0.000000,-0.017,0.003,-0.047954,0.089649,0.000000,-0.095908,0.000000,0.234702,1,53.64
0.486000,0.021,0.002118,0.032013,2.997,-0.002118,0.000000,-0.000000,-0.015,0.004,-0.047954,0.089649,0.000000,-0.095908,0.000000,0.234702,1,53.64
0.488000,0.007,0.000705,0.031589,2.997,-0.000705,0.000000,-0.000000,-0.013,0.001,-0.047954,0.089649,0.000000,-0.095908,0.000000,0.234702,1,53.64
0.490000,-0.001,-0.000076,0.031355,2.997,0.000076,0.000000,-0.000000,0.008,0.000,-0.047954,0.089649,0.000000,-0.095908,0.000000,0.234702,1,53.64
0.492000,0.014,0.001440,0.031809,2.997,-0.001440,0.000000,-0.000000,-0.015,0.003,-0.047954,0.089649,0.000000,-0.095908,0.000000,0.234702,1,53.64
0.494000,0.006,0.000610,0.031560,2.997,-0.000610,0.000000,0.000000,-0.021,0.001,-0.047954,0.089649,0.000000,-0.095908,0.000000,0.234702,1,53.64
0.496000,0.010,0.000988,0.031674,2.997,-0.000988,0.000000,0.000000,-0.007,0.002,-0.047954,0.089649,0.000000,-0.095908,0.000000,0.234702,1,53.64
0.498000,0.006,0.000628,0.031566,2.997,-0.000628,0.000000,-0.000000,0.001,0.001,-0.047954,0.089649,0.000000,-0.095908,0.000000,0.234702,1,53.64
0.500000,0.010,0.001030,0.031686,2.997,-0.001030,0.000000,-0.000000,0.000,0.002,-0.047954,0.089649,0.000000,-0.095908,0.000000,0.234702,1,53.64
0.502000,0.015,0.001452,0.031813,2.997,-0.001452,0.000000,-0.000000,0.000,0.003,-0.047954,0.089649,0.000000,-0.095908,0.000000,0.234702,1,53.64
0.504000,0.008,0.000829,0.031626,2.997,-0.000829,0.000000,0.000000,0.000,0.002,-0.047954,0.089649,0.000000,-0.095908,0.000000,0.234702,1,53.64
0.506000,0.011,0.001051,0.031693,2.997,-0.001051,0.000000,-0.000000,0.000,0.002,-0.047954,0.089649,0.000000,-0.095908,0.000000,0.234702,1,53.64
0.508000,0.017,0.001665,0.031877,2.997,-0.001665,0.000000,-0.000000,-0.010,0.003,-0.047954,0.089649,0.000000,-0.095908,0.000000,0.234702,1,53.64
0.510000,0.004,0.000377,0.031490,2.997,-0.000377,0.000000,0.000000,-0.015,0.001,-0.047954,0.089649,0.000000,-0.095908,0.000000,0.234702,1,53.64
0.512000,0.004,0.000414,0.031502,2.997,-0.000414,0.000000,0.000000,-0.008,0.001,-0.047954,0.089649,0.000000,-0.095908,0.000000,0.234702,1,53.64
0.514000,0.008,0.000785,0.031780,2.997,-0.000785,0.000000,0.000000,-0.011,0.002,-0.048209,0.090127,0.000000,-0.096419,0.000000,0.235951,1,53.65
0.516000,0.007,0.000672,0.031746,2.997,-0.000672,0.000000,0.000000,-0.017,0.001,-0.048209,0.090127,0.000000,-0.096419,0.000000,0.235951,1,53.65
0.518000,0.012,0.001168,0.031895,2.997,-0.001168,0.000000,0.000000,-0.004,0.002,-0.048209,0.090127,0.000000,-0.096419,0.000000,0.235951,1,53.65
0.520000,0.009,0.000947,0.031828,2.997,-0.000947,0.000000,-0.000000,-0.004,0.002,-0.048209,0.090127,0.000000,-0.096419,0.000000,0.235951,1,53.65
0.522000,0.007,0.000748,0.031769,2.997,-0.000748,0.000000,-0.000000,-0.008,0.001,-0.048209,0.090127,0.000000,-0.096419,0.000000,0.235951,1,53.65
0.524000,0.005,0.000514,0.031698,2.997,-0.000514,0.000000,0.000000,-0.007,0.001,-0.048209,0.090127,0.000000,-0.096419,0.000000,0.235951,1,53.65
0.526000,0.019,0.001914,0.032118,2.997,-0.001914,0.000000,-0.000000,-0.012,0.004,-0.048209,0.090127,0.000000,-0.096419,0.000000,0.235951,1,53.65
0.528000,0.028,0.002820,0.032390,2.997,-0.002820,0.000000,-0.000000,-0.009,0.006,-0.048209,0.090127,0.000000,-0.096419,0.000000,0.235951,1,53.65
0.530000,0.012,0.001185,0.031900,2.997,-0.001185,0.000000,0.000000,-0.007,0.002,-0.048209,0.090127,0.000000,-0.096419,0.000000,0.235951,1,53.65
0.532000,0.014,0.001426,0.031972,2.997,-0.001426,0.000000,-0.000000,-0.005,0.003,-0.048209,0.090127,0.000000,-0.096419,0.000000,0.235951,1,53.65
0.534000,-0.009,-0.000930,0.031265,2.997,0.000930,0.000000,0.000000,-0.019,0.002,-0.048209,0.090127,0.000000,-0.096419,0.000000,0.235951,1,53.65
0.536000,0.005,0.000456,0.031681,2.997,-0.000456,0.000000,0.000000,-0.028,0.001,-0.048209,0.090127,0.000000,-0.096419,0.000000,0.235951,1,53.65
0.538000,0.010,0.000992,0.031842,2.997,-0.000992,0.000000,0.000000,-0.012,0.002,-0.048209,0.090127,0.000000,-0.096419,0.000000,0.235951,1,53.65
0.540000,0.009,0.000944,0.031827,2.997,-0.000944,0.000000,0.000000,-0.014,0.002,-0.048209,0.090127,0.000000,-0.096419,0.000000,0.235951,1,53.65
0.542000,0.012,0.001193,0.031902,2.997,-0.001193,0.000000,0.000000,0.009,0.002,-0.048209,0.090127,0.000000,-0.096419,0.000000,0.235951,1,53.65
0.544000,0.010,0.000955,0.031831,2.997,-0.000955,0.000000,-0.000000,-0.005,0.002,-0.048209,0.090127,0.000000,-0.096419,0.000000,0.235951,1,53.65
0.546000,0.021,0.002125,0.032182,2.997,-0.002125,0.000000,-0.000000,-0.010,0.004,-0.048209,0.090127,0.000000,-0.096419,0.000000,0.235951,1,53.65
0.548000,-0.007,-0.000681,0.031340,2.997,0.000681,0.000000,0.000000,-0.009,0.001,-0.048209,0.090127,0.000000,-0.096419,0.000000,0.235951,1,53.65
0.550000,0.017,0.001683,0.032049,2.997,-0.001683,0.000000,-0.000000,-0.012,0.003,-0.048209,0.090127,0.000000,-0.096419,0.000000,0.235951,1,53.65
0.552000,0.006,0.000643,0.031737,2.997,-0.000643,0.000000,-0.000000,-0.010,0.001,-0.048209,0.090127,0.000000,-0.096419,0.000000,0.235951,1,53.65
0.554000,0.018,0.001757,0.032071,2.997,-0.001757,0.000000,-0.000000,-0.021,0.004,-0.048209,0.090127,0.000000,-0.096419,0.000000,0.235951,1,53.65
0.556000,0.005,0.000502,0.031695,2.997,-0.000502,0.000000,0.000000,0.007,0.001,-0.048209,0.090127,0.000000,-0.096419,0.000000,0.235951,1,53.65
0.558000,0.001,0.000103,0.031575,2.997,-0.000103,0.000000,-0.000000,-0.017,0.000,-0.048209,0.090127,0.000000,-0.096419,0.000000,0.235951,1,53.65
0.560000,0.005,0.000539,0.031706,2.997,-0.000539,0.000000,0.000000,-0.006,0.001,-0.048209,0.090127,0.000000,-0.096419,0.000000,0.235951,1,53.65
0.562000,-0.000,-0.000048,0.031530,2.997,0.000048,0.000000,0.000000,-0.018,0.000,-0.048209,0.090127,0.000000,-0.096419,0.000000,0.235951,1,53.65
0.564000,0.002,0.000168,0.031778,2.997,-0.000168,0.000000,0.000000,-0.005,0.000,-0.048490,0.090652,0.000000,-0.096981,0.000000,0.237326,1,53.65
0.566000,0.007,0.000668,0.031928,2.997,-0.000668,0.000000,0.000000,-0.001,0.001,-0.048490,0.090652,0.000000,-0.096981,0.000000,0.237326,1,53.65
0.568000,0.012,0.001231,0.032097,2.997,-0.001231,0.000000,-0.000000,-0.005,0.002,-0.048490,0.090652,0.000000,-0.096981,0.000000,0.237326,1,53.65
0.570000,-0.002,-0.000213,0.031664,2.997,0.000213,0.000000,0.000000,0.000,0.000,-0.048490,0.090652,0.000000,-0.096981,0.000000,0.237326,1,53.65
0.572000,0.000,0.000003,0.031729,2.997,-0.000003,0.000000,0.000000,-0.002,0.000,-0.048490,0.090652,0.000000,-0.096981,0.000000,0.237326,1,53.65
0.574000,0.006,0.000623,0.031915,2.997,-0.000623,0.000000,0.000000,-0.007,0.001,-0.048490,0.090652,0.000000,-0.096981,0.000000,0.237326,1,53.65
0.576000,0.008,0.000754,0.031954,2.997,-0.000754,0.000000,0.000000,-0.012,0.002,-0.048490,0.090652,0.000000,-0.096981,0.000000,0.237326,1,53.65
0.578000,0.002,0.000228,0.031797,2.997,-0.000228,0.000000,0.000000,0.002,0.000,-0.048490,0.090652,0.000000,-0.096981,0.000000,0.237326,1,53.65
0.580000,0.009,0.000913,0.032002,2.997,-0.000913,0.000000,-0.000000,-0.000,0.002,-0.048490,0.090652,0.000000,-0.096981,0.000000,0.237326,1,53.65
0.582000,0.025,0.002500,0.032478,2.997,-0.002500,0.000000,-0.000000,-0.006,0.005,-0.048490,0.090652,0.000000,-0.096981,0.000000,0.237326,1,53.65
0.584000,0.011,0.001096,0.032057,2.997,-0.001096,0.000000,-0.000000,-0.008,0.002,-0.048490,0.090652,0.000000,-0.096981,0.000000,0.237326,1,53.65
0.586000,0.008,0.000820,0.031974,2.997,-0.000820,0.000000,-0.000000,-0.002,0.002,-0.048490,0.090652,0.000000,-0.096981,0.000000,0.237326,1,53.65
0.588000,0.006,0.000608,0.031910,2.997,-0.000608,0.000000,-0.000000,-0.009,0.001,-0.048490,0.090652,0.000000,-0.096981,0.000000,0.237326,1,53.65
0.590000,0.000,0.000026,0.031736,2.997,-0.000026,0.000000,0.000000,-0.025,0.000,-0.048490,0.090652,0.000000,-0.096981,0.000000,0.237326,1,53.65
0.592000,0.009,0.000944,0.032011,2.997,-0.000944,0.000000,0.000000,-0.011,0.002,-0.048490,0.090652,0.000000,-0.096981,0.000000,0.237326,1,53.65
0.594000,0.004,0.000443,0.031861,2.997,-0.000443,0.000000,0.000000,-0.008,0.001,-0.048490,0.090652,0.000000,-0.096981,0.000000,0.237326,1,53.65
0.596000,0.011,0.001103,0.032059,2.997,-0.001103,0.000000,0.000000,-0.006,0.002,-0.048490,0.090652,0.000000,-0.096981,0.000000,0.237326,1,53.65
0.598000,0.006,0.000611,0.031911,2.997,-0.000611,0.000000,0.000000,-0.000,0.001,-0.048490,0.090652,0.000000,-0.096981,0.000000,0.237326,1,53.65
0.600000,-0.006,-0.000609,0.031545,2.997,0.000609,0.000000,0.000000,0.000,0.001,-0.048490,0.090652,0.000000,-0.096981,0.000000,0.237326,1,53.65
0.602000,0.017,0.001671,0.032229,2.997,-0.001671,0.000000,-0.000000,0.000,0.003,-0.048490,0.090652,0.000000,-0.096981,0.000000,0.237326,1,53.65
0.604000,0.022,0.002211,0.032392,2.997,-0.002211,0.000000,-0.000000,0.000,0.004,-0.048490,0.090652,0.000000,-0.096981,0.000000,0.237326,1,53.65
0.606000,0.016,0.001558,0.032195,2.997,-0.001558,0.000000,-0.000000,0.000,0.003,-0.048490,0.090652,0.000000,-0.096981,0.000000,0.237326,1,53.65
0.608000,0.024,0.002433,0.032458,2.997,-0.002433,0.000000,-0.000000,0.006,0.005,-0.048490,0.090652,0.000000,-0.096981,0.000000,0.237326,1,53.65
0.610000,0.002,0.000239,0.031800,2.997,-0.000239,0.000000,0.000000,-0.017,0.000,-0.048490,0.090652,0.000000,-0.096981,0.000000,0.237326,1,53.65
0.612000,0.001,0.000087,0.031754,2.997,-0.000087,0.000000,0.000000,-0.022,0.000,-0.048490,0.090652,0.000000,-0.096981,0.000000,0.237326,1,53.65
0.614000,0.005,0.000544,0.031891,2.997,-0.000544,0.000000,0.000000,-0.016,0.001,-0.048490,0.090652,0.000000,-0.096981,0.000000,0.237326,1,53.65
0.616000,-0.000,-0.000023,0.031683,2.997,0.000023,0.000000,0.000000,-0.024,0.000,-0.048432,0.090542,0.000000,-0.096863,0.000000,0.237038,1,53.64
0.618000,0.013,0.001280,0.032074,2.997,-0.001280,0.000000,0.000000,-0.002,0.003,-0.048432,0.090542,0.000000,-0.096863,0.000000,0.237038,1,53.64
0.620000,0.012,0.001157,0.032037,2.997,-0.001157,0.000000,-0.000000,-0.001,0.002,-0.048432,0.090542,0.000000,-0.096863,0.000000,0.237038,1,53.64
0.622000,-0.000,-0.000013,0.031686,2.997,0.000013,0.000000,0.000000,-0.005,0.000,-0.048432,0.090542,0.000000,-0.096863,0.000000,0.237038,1,53.64
0.624000,0.010,0.000958,0.031977,2.997,-0.000958,0.000000,0.000000,0.000,0.002,-0.048432,0.090542,0.000000,-0.096863,0.000000,0.237038,1,53.64
0.626000,0.012,0.001246,0.032064,2.997,-0.001246,0.000000,0.000000,-0.013,0.002,-0.048432,0.090542,0.000000,-0.096863,0.000000,0.237038,1,53.64
0.628000,-0.000,-0.000044,0.031676,2.997,0.000044,0.000000,0.000000,-0.012,0.000,-0.048432,0.090542,0.000000,-0.096863,0.000000,0.237038,1,53.64
0.630000,0.004,0.000380,0.031804,2.997,-0.000380,0.000000,0.000000,0.000,0.001,-0.048432,0.090542,0.000000,-0.096863,0.000000,0.237038,1,53.64
0.632000,-0.003,-0.000262,0.031611,2.997,0.000262,0.000000,0.000000,-0.010,0.001,-0.048432,0.090542,0.000000,-0.096863,0.000000,0.237038,1,53.64
0.634000,0.012,0.001180,0.032044,2.997,-0.001180,0.000000,-0.000000,-0.012,0.002,-0.048432,0.090542,0.000000,-0.096863,0.000000,0.237038,1,53.64
0.636000,-0.003,-0.000289,0.031603,2.997,0.000289,0.000000,0.000000,0.000,0.001,-0.048432,0.090542,0.000000,-0.096863,0.000000,0.237038,1,53.64
0.638000,0.015,0.001501,0.032140,2.997,-0.001501,0.000000,-0.000000,-0.004,0.003,-0.048432,0.090542,0.000000,-0.096863,0.000000,0.237038,1,53.64
0.640000,0.002,0.000218,0.031755,2.997,-0.000218,0.000000,-0.000000,0.003,0.000,-0.048432,0.090542,0.000000,-0.096863,0.000000,0.237038,1,53.64
0.642000,-0.000,-0.000018,0.031684,2.997,0.000018,0.000000,-0.000000,-0.012,0.000,-0.048432,0.090542,0.000000,-0.096863,0.000000,0.237038,1,53.64
0.644000,-0.004,-0.000356,0.031583,2.997,0.000356,0.000000,0.000000,0.003,0.001,-0.048432,0.090542,0.000000,-0.096863,0.000000,0.237038,1,53.64
0.646000,0.014,0.001405,0.032111,2.997,-0.001405,0.000000,-0.000000,-0.015,0.003,-0.048432,0.090542,0.000000,-0.096863,0.000000,0.237038,1,53.64
0.648000,0.007,0.000688,0.031896,2.997,-0.000688,0.000000,-0.000000,-0.002,0.001,-0.048432,0.090542,0.000000,-0.096863,0.000000,0.237038,1,53.64
0.650000,0.008,0.000760,0.031918,2.997,-0.000760,0.000000,-0.000000,0.000,0.002,-0.048432,0.090542,0.000000,-0.096863,0.000000,0.237038,1,53.64
0.652000,-0.005,-0.000452,0.031554,2.997,0.000452,0.000000,0.000000,0.004,0.001,-0.048432,0.090542,0.000000,-0.096863,0.000000,0.237038,1,53.64
0.654000,0.012,0.001159,0.032037,2.997,-0.001159,0.000000,-0.000000,-0.014,0.002,-0.048432,0.090542,0.000000,-0.096863,0.000000,0.237038,1,53.64
0.656000,0.008,0.000808,0.031932,2.997,-0.000808,0.000000,-0.000000,-0.007,0.002,-0.048432,0.090542,0.000000,-0.096863,0.000000,0.237038,1,53.64
0.658000,0.027,0.002727,0.032508,2.997,-0.002727,0.000000,-0.000000,-0.008,0.005,-0.048432,0.090542,0.000000,-0.096863,0.000000,0.237038,1,53.64
0.660000,0.024,0.002402,0.032410,2.997,-0.002402,0.000000,-0.000000,0.005,0.005,-0.048432,0.090542,0.000000,-0.096863,0.000000,0.237038,1,53.64
0.662000,0.011,0.001059,0.032007,2.997,-0.001059,0.000000,-0.000000,-0.012,0.002,-0.048432,0.090542,0.000000,-0.096863,0.000000,0.237038,1,53.64
0.664000,0.006,0.000594,0.031868,2.997,-0.000594,0.000000,0.000000,-0.008,0.001,-0.048432,0.090542,0.000000,-0.096863,0.000000,0.237038,1,53.64
0.666000,0.017,0.001682,0.032135,2.997,-0.001682,0.000000,0.000000,-0.027,0.003,-0.048340,0.090371,0.000000,-0.096681,0.000000,0.236592,1,53.62
0.668000,0.028,0.002849,0.032485,2.997,-0.002849,0.000000,0.000000,-0.024,0.006,-0.048340,0.090371,0.000000,-0.096681,0.000000,0.236592,1,53.62
0.670000,-0.000,-0.000029,0.031621,2.997,0.000029,0.000000,0.000000,-0.011,0.000,-0.048340,0.090371,0.000000,-0.096681,0.000000,0.236592,1,53.62
0.672000,0.004,0.000366,0.031740,2.997,-0.000366,0.000000,0.000000,-0.006,0.001,-0.048340,0.090371,0.000000,-0.096681,0.000000,0.236592,1,53.62
0.674000,0.022,0.002174,0.032282,2.997,-0.002174,0.000000,0.000000,-0.017,0.004,-0.048340,0.090371,0.000000,-0.096681,0.000000,0.236592,1,53.62
0.676000,-0.011,-0.001107,0.031298,2.997,0.001107,0.000000,0.000000,-0.028,0.002,-0.048340,0.090371,0.000000,-0.096681,0.000000,0.236592,1,53.62
0.678000,0.006,0.000598,0.031809,2.997,-0.000598,0.000000,0.000000,0.000,0.001,-0.048340,0.090371,0.000000,-0.096681,0.000000,0.236592,1,53.62
0.680000,0.010,0.001049,0.031945,2.997,-0.001049,0.000000,-0.000000,-0.004,0.002,-0.048340,0.090371,0.000000,-0.096681,0.000000,0.236592,1,53.62
0.682000,0.001,0.000122,0.031667,2.997,-0.000122,0.000000,0.000000,-0.022,0.000,-0.048340,0.090371,0.000000,-0.096681,0.000000,0.236592,1,53.62
0.684000,0.020,0.001958,0.032218,2.997,-0.001958,0.000000,0.000000,0.011,0.004,-0.048340,0.090371,0.000000,-0.096681,0.000000,0.236592,1,53.62
0.686000,-0.004,-0.000401,0.031510,2.997,0.000401,0.000000,-0.000000,-0.006,0.001,-0.048340,0.090371,0.000000,-0.096681,0.000000,0.236592,1,53.62
0.688000,0.025,0.002526,0.032388,2.997,-0.002526,0.000000,-0.000000,-0.010,0.005,-0.048340,0.090371,0.000000,-0.096681,0.000000,0.236592,1,53.62
0.690000,0.025,0.002492,0.032378,2.997,-0.002492,0.000000,0.000000,-0.001,0.005,-0.048340,0.090371,0.000000,-0.096681,0.000000,0.236592,1,53.62
0.692000,-0.002,-0.000246,0.031556,2.997,0.000246,0.000000,0.000000,-0.020,0.000,-0.048340,0.090371,0.000000,-0.096681,0.000000,0.236592,1,53.62
0.694000,0.005,0.000501,0.031780,2.997,-0.000501,0.000000,0.000000,0.004,0.001,-0.048340,0.090371,0.000000,-0.096681,0.000000,0.236592,1,53.62
0.696000,0.009,0.000905,0.031902,2.997,-0.000905,0.000000,0.000000,-0.025,0.002,-0.048340,0.090371,0.000000,-0.096681,0.000000,0.236592,1,53.62
0.698000,-0.006,-0.000571,0.031459,2.997,0.000571,0.000000,0.000000,-0.025,0.001,-0.048340,0.090371,0.000000,-0.096681,0.000000,0.236592,1,53.62
0.700000,0.003,0.000324,0.031727,2.997,-0.000324,0.000000,-0.000000,0.000,0.001,-0.048340,0.090371,0.000000,-0.096681,0.000000,0.236592,1,53.62
0.702000,-0.005,-0.000479,0.031486,2.997,0.000479,0.000000,0.000000,0.000,0.001,-0.048340,0.090371,0.000000,-0.096681,0.000000,0.236592,1,53.62
0.704000,0.018,0.001787,0.032166,2.997,-0.001787,0.000000,-0.000000,0.000,0.004,-0.048340,0.090371,0.000000,-0.096681,0.000000,0.236592,1,53.62
0.706000,0.015,0.001491,0.032077,2.997,-0.001491,0.000000,-0.000000,0.000,0.003,-0.048340,0.090371,0.000000,-0.096681,0.000000,0.236592,1,53.62
0.708000,0.001,0.000087,0.031656,2.997,-0.000087,0.000000,0.000000,-0.003,0.000,-0.048340,0.090371,0.000000,-0.096681,0.000000,0.236592,1,53.62
0.710000,-0.017,-0.001715,0.031115,2.997,0.001715,0.000000,0.000000,0.005,0.003,-0.048340,0.090371,0.000000,-0.096681,0.000000,0.236592,1,53.62
0.712000,0.016,0.001562,0.032099,2.997,-0.001562,0.000000,0.000000,-0.018,0.003,-0.048340,0.090371,0.000000,-0.096681,0.000000,0.236592,1,53.62
0.714000,0.033,0.003289,0.032617,2.997,-0.003289,0.000000,0.000000,-0.015,0.007,-0.048340,0.090371,0.000000,-0.096681,0.000000,0.236592,1,53.62
0.716000,0.020,0.002024,0.032237,2.997,-0.002024,0.000000,0.000000,-0.001,0.004,-0.048340,0.090371,0.000000,-0.096681,0.000000,0.236592,1,53.62
0.718000,0.017,0.001749,0.032176,2.997,-0.001749,0.000000,-0.000000,0.017,0.003,-0.048374,0.090434,0.000000,-0.096747,0.000000,0.236755,1,53.61
0.720000,0.002,0.000223,0.031719,2.997,-0.000223,0.000000,-0.000000,-0.016,0.000,-0.048374,0.090434,0.000000,-0.096747,0.000000,0.236755,1,53.61
0.722000,0.012,0.001160,0.032000,2.997,-0.001160,0.000000,-0.000000,-0.033,0.002,-0.048374,0.090434,0.000000,-0.096747,0.000000,0.236755,1,53.61
0.724000,-0.003,-0.000336,0.031551,2.997,0.000336,0.000000,0.000000,-0.020,0.001,-0.048374,0.090434,0.000000,-0.096747,0.000000,0.236755,1,53.61
0.726000,0.013,0.001295,0.032040,2.997,-0.001295,0.000000,-0.000000,-0.017,0.003,-0.048374,0.090434,0.000000,-0.096747,0.000000,0.236755,1,53.61
0.728000,-0.017,-0.001745,0.031128,2.997,0.001745,0.000000,0.000000,-0.002,0.003,-0.048374,0.090434,0.000000,-0.096747,0.000000,0.236755,1,53.61
0.730000,0.011,0.001076,0.031975,2.997,-0.001076,0.000000,-0.000000,-0.012,0.002,-0.048374,0.090434,0.000000,-0.096747,0.000000,0.236755,1,53.61
0.732000,0.014,0.001355,0.032058,2.997,-0.001355,0.000000,-0.000000,0.003,0.003,-0.048374,0.090434,0.000000,-0.096747,0.000000,0.236755,1,53.61
0.734000,0.006,0.000598,0.031831,2.997,-0.000598,0.000000,-0.000000,-0.013,0.001,-0.048374,0.090434,0.000000,-0.096747,0.000000,0.236755,1,53.61
0.736000,0.002,0.000200,0.031712,2.997,-0.000200,0.000000,0.000000,0.017,0.000,-0.048374,0.090434,0.000000,-0.096747,0.000000,0.236755,1,53.61
0.738000,0.006,0.000559,0.031819,2.997,-0.000559,0.000000,-0.000000,-0.011,0.001,-0.048374,0.090434,0.000000,-0.096747,0.000000,0.236755,1,53.61
0.740000,0.019,0.001892,0.032219,2.997,-0.001892,0.000000,-0.000000,-0.014,0.004,-0.048374,0.090434,0.000000,-0.096747,0.000000,0.236755,1,53.61
0.742000,0.005,0.000489,0.031799,2.997,-0.000489,0.000000,0.000000,-0.006,0.001,-0.048374,0.090434,0.000000,-0.096747,0.000000,0.236755,1,53.61
0.744000,0.016,0.001584,0.032127,2.997,-0.001584,0.000000,-0.000000,-0.002,0.003,-0.048374,0.090434,0.000000,-0.096747,0.000000,0.236755,1,53.61
0.746000,0.003,0.000279,0.031735,2.997,-0.000279,0.000000,0.000000,-0.006,0.001,-0.048374,0.090434,0.000000,-0.096747,0.000000,0.236755,1,53.61
0.748000,0.006,0.000566,0.031822,2.997,-0.000566,0.000000,0.000000,-0.019,0.001,-0.048374,0.090434,0.000000,-0.096747,0.000000,0.236755,1,53.61
0.750000,-0.001,-0.000093,0.031624,2.997,0.000093,0.000000,0.000000,-0.005,0.000,-0.048374,0.090434,0.000000,-0.096747,0.000000,0.236755,1,53.61
0.752000,-0.004,-0.000373,0.031540,2.997,0.000373,0.000000,0.000000,-0.016,0.001,-0.048374,0.090434,0.000000,-0.096747,0.000000,0.236755,1,53.61
0.754000,0.033,0.003251,0.032627,2.997,-0.003251,0.000000,-0.000000,-0.003,0.007,-0.048374,0.090434,0.000000,-0.096747,0.000000,0.236755,1,53.61
0.756000,-0.006,-0.000584,0.031477,2.997,0.000584,0.000000,0.000000,-0.006,0.001,-0.048374,0.090434,0.000000,-0.096747,0.000000,0.236755,1,53.61
0.758000,0.003,0.000348,0.031756,2.997,-0.000348,0.000000,-0.000000,0.001,0.001,-0.048374,0.090434,0.000000,-0.096747,0.000000,0.236755,1,53.61
0.760000,0.008,0.000810,0.031895,2.997,-0.000810,0.000000,-0.000000,0.004,0.002,-0.048374,0.090434,0.000000,-0.096747,0.000000,0.236755,1,53.61
0.762000,0.006,0.000629,0.031840,2.997,-0.000629,0.000000,-0.000000,-0.033,0.001,-0.048374,0.090434,0.000000,-0.096747,0.000000,0.236755,1,53.61
0.764000,0.002,0.000210,0.031715,2.997,-0.000210,0.000000,0.000000,0.006,0.000,-0.048374,0.090434,0.000000,-0.096747,0.000000,0.236755,1,53.61
0.766000,0.012,0.001168,0.032002,2.997,-0.001168,0.000000,-0.000000,-0.003,0.002,-0.048374,0.090434,0.000000,-0.096747,0.000000,0.236755,1,53.61
0.768000,0.001,0.000060,0.031626,2.997,-0.000060,0.000000,-0.000000,-0.008,0.000,-0.048306,0.090307,0.000000,-0.096612,0.000000,0.236424,1,53.59
0.770000,-0.001,-0.000141,0.031565,2.997,0.000141,0.000000,-0.000000,-0.006,0.000,-0.048306,0.090307,0.000000,-0.096612,0.000000,0.236424,1,53.59
0.772000,0.000,0.000004,0.031609,2.997,-0.000004,0.000000,-0.000000,-0.002,0.000,-0.048306,0.090307,0.000000,-0.096612,0.000000,0.236424,1,53.59
0.774000,0.006,0.000604,0.031789,2.997,-0.000604,0.000000,-0.000000,-0.012,0.001,-0.048306,0.090307,0.000000,-0.096612,0.000000,0.236424,1,53.59
0.776000,0.013,0.001291,0.031995,2.997,-0.001291,0.000000,-0.000000,-0.001,0.003,-0.048306,0.090307,0.000000,-0.096612,0.000000,0.236424,1,53.59
0.778000,-0.003,-0.000299,0.031518,2.997,0.000299,0.000000,0.000000,0.001,0.001,-0.048306,0.090307,0.000000,-0.096612,0.000000,0.236424,1,53.59
0.780000,0.008,0.000813,0.031851,2.997,-0.000813,0.000000,-0.000000,-0.000,0.002,-0.048306,0.090307,0.000000,-0.096612,0.000000,0.236424,1,53.59
0.782000,0.001,0.000112,0.031641,2.997,-0.000112,0.000000,0.000000,-0.006,0.000,-0.048306,0.090307,0.000000,-0.096612,0.000000,0.236424,1,53.59
0.784000,0.015,0.001517,0.032063,2.997,-0.001517,0.000000,0.000000,-0.013,0.003,-0.048306,0.090307,0.000000,-0.096612,0.000000,0.236424,1,53.59
0.786000,-0.009,-0.000907,0.031335,2.997,0.000907,0.000000,0.000000,0.003,0.002,-0.048306,0.090307,0.000000,-0.096612,0.000000,0.236424,1,53.59
0.788000,0.019,0.001869,0.032168,2.997,-0.001869,0.000000,-0.000000,-0.008,0.004,-0.048306,0.090307,0.000000,-0.096612,0.000000,0.236424,1,53.59
0.790000,0.020,0.002021,0.032214,2.997,-0.002021,0.000000,-0.000000,-0.001,0.004,-0.048306,0.090307,0.000000,-0.096612,0.000000,0.236424,1,53.59
0.792000,0.005,0.000549,0.031772,2.997,-0.000549,0.000000,-0.000000,-0.015,0.001,-0.048306,0.090307,0.000000,-0.096612,0.000000,0.236424,1,53.59
0.794000,0.002,0.000250,0.031682,2.997,-0.000250,0.000000,0.000000,0.009,0.000,-0.048306,0.090307,0.000000,-0.096612,0.000000,0.236424,1,53.59
0.796000,0.015,0.001452,0.032043,2.997,-0.001452,0.000000,-0.000000,-0.019,0.003,-0.048306,0.090307,0.000000,-0.096612,0.000000,0.236424,1,53.59
0.798000,0.007,0.000681,0.031812,2.997,-0.000681,0.000000,0.000000,-0.020,0.001,-0.048306,0.090307,0.000000,-0.096612,0.000000,0.236424,1,53.59
0.800000,-0.002,-0.000226,0.031540,2.997,0.000226,0.000000,0.000000,0.000,0.000,-0.048306,0.090307,0.000000,-0.096612,0.000000,0.236424,1,53.59
0.802000,0.017,0.001738,0.032129,2.997,-0.001738,0.000000,-0.000000,0.000,0.003,-0.048306,0.090307,0.000000,-0.096612,0.000000,0.236424,1,53.59
0.804000,0.017,0.001742,0.032130,2.997,-0.001742,0.000000,-0.000000,0.000,0.003,-0.048306,0.090307,0.000000,-0.096612,0.000000,0.236424,1,53.59
0.806000,0.008,0.000829,0.031856,2.997,-0.000829,0.000000,0.000000,0.000,0.002,-0.048306,0.090307,0.000000,-0.096612,0.000000,0.236424,1,53.59
0.808000,-0.003,-0.000301,0.031517,2.997,0.000301,0.000000,0.000000,0.002,0.001,-0.048306,0.090307,0.000000,-0.096612,0.000000,0.236424,1,53.59
0.810000,0.013,0.001330,0.032007,2.997,-0.001330,0.000000,-0.000000,-0.017,0.003,-0.048306,0.090307,0.000000,-0.096612,0.000000,0.236424,1,53.59
0.812000,0.005,0.000486,0.031753,2.997,-0.000486,0.000000,-0.000000,-0.017,0.001,-0.048306,0.090307,0.000000,-0.096612,0.000000,0.236424,1,53.59
0.814000,0.020,0.002012,0.032211,2.997,-0.002012,0.000000,-0.000000,-0.008,0.004,-0.048306,0.090307,0.000000,-0.096612,0.000000,0.236424,1,53.59
0.816000,0.012,0.001219,0.031973,2.997,-0.001219,0.000000,-0.000000,0.003,0.002,-0.048306,0.090307,0.000000,-0.096612,0.000000,0.236424,1,53.59
0.818000,0.013,0.001313,0.031849,2.997,-0.001313,0.000000,-0.000000,-0.013,0.003,-0.048073,0.089871,0.000000,-0.096145,0.000000,0.235281,1,53.58
0.820000,0.000,0.000002,0.031455,2.997,-0.000002,0.000000,-0.000000,-0.005,0.000,-0.048073,0.089871,0.000000,-0.096145,0.000000,0.235281,1,53.58
0.822000,0.003,0.000301,0.031545,2.997,-0.000301,0.000000,-0.000000,-0.020,0.001,-0.048073,0.089871,0.000000,-0.096145,0.000000,0.235281,1,53.58
0.824000,0.014,0.001361,0.031863,2.997,-0.001361,0.000000,-0.000000,-0.012,0.003,-0.048073,0.089871,0.000000,-0.096145,0.000000,0.235281,1,53.58
0.826000,0.006,0.000555,0.031621,2.997,-0.000555,0.000000,0.000000,-0.013,0.001,-0.048073,0.089871,0.000000,-0.096145,0.000000,0.235281,1,53.58
0.828000,0.004,0.000377,0.031568,2.997,-0.000377,0.000000,0.000000,-0.000,0.001,-0.048073,0.089871,0.000000,-0.096145,0.000000,0.235281,1,53.58
0.830000,0.011,0.001087,0.031781,2.997,-0.001087,0.000000,-0.000000,-0.003,0.002,-0.048073,0.089871,0.000000,-0.096145,0.000000,0.235281,1,53.58
0.832000,0.011,0.001105,0.031786,2.997,-0.001105,0.000000,-0.000000,-0.014,0.002,-0.048073,0.089871,0.000000,-0.096145,0.000000,0.235281,1,53.58
0.834000,0.002,0.000250,0.031530,2.997,-0.000250,0.000000,0.000000,-0.006,0.000,-0.048073,0.089871,0.000000,-0.096145,0.000000,0.235281,1,53.58
0.836000,0.007,0.000682,0.031659,2.997,-0.000682,0.000000,-0.000000,-0.004,0.001,-0.048073,0.089871,0.000000,-0.096145,0.000000,0.235281,1,53.58
0.838000,0.010,0.001035,0.031765,2.997,-0.001035,0.000000,-0.000000,-0.011,0.002,-0.048073,0.089871,0.000000,-0.096145,0.000000,0.235281,1,53.58
0.840000,0.006,0.000563,0.031624,2.997,-0.000563,0.000000,0.000000,-0.011,0.001,-0.048073,0.089871,0.000000,-0.096145,0.000000,0.235281,1,53.58
0.842000,0.016,0.001562,0.031923,2.997,-0.001562,0.000000,-0.000000,-0.002,0.003,-0.048073,0.089871,0.000000,-0.096145,0.000000,0.235281,1,53.58
0.844000,0.026,0.002573,0.032227,2.997,-0.002573,0.000000,-0.000000,-0.007,0.005,-0.048073,0.089871,0.000000,-0.096145,0.000000,0.235281,1,53.58
0.846000,0.006,0.000607,0.031637,2.997,-0.000607,0.000000,0.000000,-0.010,0.001,-0.048073,0.089871,0.000000,-0.096145,0.000000,0.235281,1,53.58
0.848000,0.007,0.000726,0.031673,2.997,-0.000726,0.000000,0.000000,-0.006,0.001,-0.048073,0.089871,0.000000,-0.096145,0.000000,0.235281,1,53.58
0.850000,0.014,0.001395,0.031873,2.997,-0.001395,0.000000,-0.000000,-0.016,0.003,-0.048073,0.089871,0.000000,-0.096145,0.000000,0.235281,1,53.58
0.852000,0.002,0.000227,0.031523,2.997,-0.000227,0.000000,0.000000,-0.026,0.000,-0.048073,0.089871,0.000000,-0.096145,0.000000,0.235281,1,53.58
0.854000,0.009,0.000911,0.031728,2.997,-0.000911,0.000000,0.000000,-0.006,0.002,-0.048073,0.089871,0.000000,-0.096145,0.000000,0.235281,1,53.58
0.856000,-0.015,-0.001496,0.031006,2.997,0.001496,0.000000,0.000000,-0.007,0.003,-0.048073,0.089871,0.000000,-0.096145,0.000000,0.235281,1,53.58
0.858000,0.019,0.001905,0.032026,2.997,-0.001905,0.000000,-0.000000,-0.014,0.004,-0.048073,0.089871,0.000000,-0.096145,0.000000,0.235281,1,53.58
0.860000,-0.003,-0.000255,0.031378,2.997,0.000255,0.000000,0.000000,-0.002,0.001,-0.048073,0.089871,0.000000,-0.096145,0.000000,0.235281,1,53.58
0.862000,0.019,0.001881,0.032019,2.997,-0.001881,0.000000,-0.000000,-0.009,0.004,-0.048073,0.089871,0.000000,-0.096145,0.000000,0.235281,1,53.58
0.864000,0.008,0.000754,0.031681,2.997,-0.000754,0.000000,-0.000000,0.015,0.002,-0.048073,0.089871,0.000000,-0.096145,0.000000,0.235281,1,53.58
0.866000,0.013,0.001274,0.031837,2.997,-0.001274,0.000000,-0.000000,-0.019,0.003,-0.048073,0.089871,0.000000,-0.096145,0.000000,0.235281,1,53.58
0.868000,0.014,0.001428,0.031883,2.997,-0.001428,0.000000,-0.000000,0.003,0.003,-0.048073,0.089871,0.000000,-0.096145,0.000000,0.235281,1,53.58
0.870000,0.014,0.001417,0.031970,2.997,-0.001417,0.000000,-0.000000,-0.019,0.003,-0.048210,0.090128,0.000000,-0.096420,0.000000,0.235955,1,53.60
0.872000,0.032,0.003173,0.032497,2.997,-0.003173,0.000000,-0.000000,-0.008,0.006,-0.048210,0.090128,0.000000,-0.096420,0.000000,0.235955,1,53.60
0.874000,0.027,0.002692,0.032352,2.997,-0.002692,0.000000,-0.000000,-0.013,0.005,-0.048210,0.090128,0.000000,-0.096420,0.000000,0.235955,1,53.60
0.876000,0.004,0.000351,0.031650,2.997,-0.000351,0.000000,0.000000,-0.014,0.001,-0.048210,0.090128,0.000000,-0.096420,0.000000,0.235955,1,53.60
0.878000,0.005,0.000495,0.031693,2.997,-0.000495,0.000000,0.000000,-0.014,0.001,-0.048210,0.090128,0.000000,-0.096420,0.000000,0.235955,1,53.60
0.880000,0.007,0.000716,0.031760,2.997,-0.000716,0.000000,0.000000,-0.032,0.001,-0.048210,0.090128,0.000000,-0.096420,0.000000,0.235955,1,53.60
0.882000,-0.001,-0.000090,0.031518,2.997,0.000090,0.000000,0.000000,-0.027,0.000,-0.048210,0.090128,0.000000,-0.096420,0.000000,0.235955,1,53.60
0.884000,0.016,0.001639,0.032037,2.997,-0.001639,0.000000,0.000000,-0.004,0.003,-0.048210,0.090128,0.000000,-0.096420,0.000000,0.235955,1,53.60
0.886000,0.002,0.000167,0.031595,2.997,-0.000167,0.000000,-0.000000,-0.005,0.000,-0.048210,0.090128,0.000000,-0.096420,0.000000,0.235955,1,53.60
0.888000,0.011,0.001137,0.031886,2.997,-0.001137,0.000000,-0.000000,-0.007,0.002,-0.048210,0.090128,0.000000,-0.096420,0.000000,0.235955,1,53.60
0.890000,-0.020,-0.002045,0.030931,2.997,0.002045,0.000000,0.000000,0.001,0.004,-0.048210,0.090128,0.000000,-0.096420,0.000000,0.235955,1,53.60
0.892000,0.023,0.002285,0.032230,2.997,-0.002285,0.000000,-0.000000,-0.016,0.005,-0.048210,0.090128,0.000000,-0.096420,0.000000,0.235955,1,53.60
0.894000,0.011,0.001055,0.031861,2.997,-0.001055,0.000000,-0.000000,-0.002,0.002,-0.048210,0.090128,0.000000,-0.096420,0.000000,0.235955,1,53.60
0.896000,-0.002,-0.000168,0.031494,2.997,0.000168,0.000000,-0.000000,-0.011,0.000,-0.048210,0.090128,0.000000,-0.096420,0.000000,0.235955,1,53.60
0.898000,0.018,0.001843,0.032098,2.997,-0.001843,0.000000,-0.000000,0.020,0.004,-0.048210,0.090128,0.000000,-0.096420,0.000000,0.235955,1,53.60
0.900000,-0.000,-0.000024,0.031538,2.997,0.000024,0.000000,0.000000,0.000,0.000,-0.048210,0.090128,0.000000,-0.096420,0.000000,0.235955,1,53.60
0.902000,0.019,0.001870,0.032106,2.997,-0.001870,0.000000,-0.000000,0.000,0.004,-0.048210,0.090128,0.000000,-0.096420,0.000000,0.235955,1,53.60
0.904000,0.005,0.000492,0.031693,2.997,-0.000492,0.000000,-0.000000,0.000,0.001,-0.048210,0.090128,0.000000,-0.096420,0.000000,0.235955,1,53.60
0.906000,0.024,0.002400,0.032265,2.997,-0.002400,0.000000,-0.000000,0.000,0.005,-0.048210,0.090128,0.000000,-0.096420,0.000000,0.235955,1,53.60
0.908000,0.011,0.001139,0.031887,2.997,-0.001139,0.000000,-0.000000,0.000,0.002,-0.048210,0.090128,0.000000,-0.096420,0.000000,0.235955,1,53.60
0.910000,0.012,0.001178,0.031898,2.997,-0.001178,0.000000,-0.000000,-0.019,0.002,-0.048210,0.090128,0.000000,-0.096420,0.000000,0.235955,1,53.60
0.912000,-0.012,-0.001196,0.031186,2.997,0.001196,0.000000,0.000000,-0.005,0.002,-0.048210,0.090128,0.000000,-0.096420,0.000000,0.235955,1,53.60
0.914000,0.007,0.000739,0.031767,2.997,-0.000739,0.000000,-0.000000,-0.024,0.001,-0.048210,0.090128,0.000000,-0.096420,0.000000,0.235955,1,53.60
0.916000,0.011,0.001100,0.031875,2.997,-0.001100,0.000000,-0.000000,-0.011,0.002,-0.048210,0.090128,0.000000,-0.096420,0.000000,0.235955,1,53.60
0.918000,0.000,0.000033,0.031555,2.997,-0.000033,0.000000,-0.000000,-0.012,0.000,-0.048210,0.090128,0.000000,-0.096420,0.000000,0.235955,1,53.60
0.920000,0.015,0.001502,0.032036,2.997,-0.001502,0.000000,-0.000000,0.012,0.003,-0.048272,0.090244,0.000000,-0.096545,0.000000,0.236259,1,53.62
0.922000,0.004,0.000361,0.031694,2.997,-0.000361,0.000000,-0.000000,-0.007,0.001,-0.048272,0.090244,0.000000,-0.096545,0.000000,0.236259,1,53.62
0.924000,0.000,0.000042,0.031598,2.997,-0.000042,0.000000,0.000000,-0.011,0.000,-0.048272,0.090244,0.000000,-0.096545,0.000000,0.236259,1,53.62
0.926000,0.009,0.000891,0.031853,2.997,-0.000891,0.000000,0.000000,-0.000,0.002,-0.048272,0.090244,0.000000,-0.096545,0.000000,0.236259,1,53.62
0.928000,0.027,0.002694,0.032394,2.997,-0.002694,0.000000,-0.000000,-0.015,0.005,-0.048272,0.090244,0.000000,-0.096545,0.000000,0.236259,1,53.62
0.930000,0.010,0.001027,0.031894,2.997,-0.001027,0.000000,0.000000,-0.004,0.002,-0.048272,0.090244,0.000000,-0.096545,0.000000,0.236259,1,53.62
0.932000,0.018,0.001755,0.032112,2.997,-0.001755,0.000000,-0.000000,-0.000,0.004,-0.048272,0.090244,0.000000,-0.096545,0.000000,0.236259,1,53.62
0.934000,0.005,0.000506,0.031737,2.997,-0.000506,0.000000,0.000000,-0.009,0.001,-0.048272,0.090244,0.000000,-0.096545,0.000000,0.236259,1,53.62
0.936000,0.016,0.001592,0.032063,2.997,-0.001592,0.000000,0.000000,-0.027,0.003,-0.048272,0.090244,0.000000,-0.096545,0.000000,0.236259,1,53.62
0.938000,0.002,0.000237,0.031657,2.997,-0.000237,0.000000,0.000000,-0.010,0.000,-0.048272,0.090244,0.000000,-0.096545,0.000000,0.236259,1,53.62
0.940000,0.009,0.000858,0.031843,2.997,-0.000858,0.000000,0.000000,-0.018,0.002,-0.048272,0.090244,0.000000,-0.096545,0.000000,0.236259,1,53.62
0.942000,0.017,0.001726,0.032103,2.997,-0.001726,0.000000,0.000000,-0.005,0.003,-0.048272,0.090244,0.000000,-0.096545,0.000000,0.236259,1,53.62
0.944000,0.021,0.002053,0.032201,2.997,-0.002053,0.000000,-0.000000,-0.016,0.004,-0.048272,0.090244,0.000000,-0.096545,0.000000,0.236259,1,53.62
0.946000,0.022,0.002172,0.032237,2.997,-0.002172,0.000000,0.000000,-0.002,0.004,-0.048272,0.090244,0.000000,-0.096545,0.000000,0.236259,1,53.62
0.948000,-0.000,-0.000046,0.031572,2.997,0.000046,0.000000,0.000000,-0.009,0.000,-0.048272,0.090244,0.000000,-0.096545,0.000000,0.236259,1,53.62
0.950000,-0.011,-0.001141,0.031243,2.997,0.001141,0.000000,0.000000,-0.017,0.002,-0.048272,0.090244,0.000000,-0.096545,0.000000,0.236259,1,53.62
0.952000,0.032,0.003197,0.032545,2.997,-0.003197,0.000000,0.000000,-0.021,0.006,-0.048272,0.090244,0.000000,-0.096545,0.000000,0.236259,1,53.62
0.954000,0.009,0.000905,0.031857,2.997,-0.000905,0.000000,0.000000,-0.022,0.002,-0.048272,0.090244,0.000000,-0.096545,0.000000,0.236259,1,53.62
0.956000,0.021,0.002145,0.032229,2.997,-0.002145,0.000000,0.000000,0.000,0.004,-0.048272,0.090244,0.000000,-0.096545,0.000000,0.236259,1,53.62
0.958000,0.008,0.000813,0.031829,2.997,-0.000813,0.000000,0.000000,0.011,0.002,-0.048272,0.090244,0.000000,-0.096545,0.000000,0.236259,1,53.62
0.960000,0.026,0.002570,0.032357,2.997,-0.002570,0.000000,-0.000000,-0.032,0.005,-0.048272,0.090244,0.000000,-0.096545,0.000000,0.236259,1,53.62
0.962000,-0.000,-0.000010,0.031582,2.997,0.000010,0.000000,0.000000,-0.009,0.000,-0.048272,0.090244,0.000000,-0.096545,0.000000,0.236259,1,53.62
0.964000,-0.009,-0.000860,0.031328,2.997,0.000860,0.000000,0.000000,-0.021,0.002,-0.048272,0.090244,0.000000,-0.096545,0.000000,0.236259,1,53.62
0.966000,0.003,0.000306,0.031677,2.997,-0.000306,0.000000,0.000000,-0.008,0.001,-0.048272,0.090244,0.000000,-0.096545,0.000000,0.236259,1,53.62
0.968000,0.006,0.000628,0.031774,2.997,-0.000628,0.000000,-0.000000,-0.026,0.001,-0.048272,0.090244,0.000000,-0.096545,0.000000,0.236259,1,53.62
0.970000,-0.008,-0.000794,0.031347,2.997,0.000794,0.000000,0.000000,0.000,0.002,-0.048272,0.090244,0.000000,-0.096545,0.000000,0.236259,1,53.62
0.972000,0.022,0.002195,0.032030,2.997,-0.002195,0.000000,0.000000,0.009,0.004,-0.047945,0.089632,0.000000,-0.095890,0.000000,0.234657,1,53.65
0.974000,0.005,0.000528,0.031530,2.997,-0.000528,0.000000,0.000000,-0.003,0.001,-0.047945,0.089632,0.000000,-0.095890,0.000000,0.234657,1,53.65
0.976000,0.011,0.001145,0.031715,2.997,-0.001145,0.000000,0.000000,-0.006,0.002,-0.047945,0.089632,0.000000,-0.095890,0.000000,0.234657,1,53.65
0.978000,0.015,0.001542,0.031834,2.997,-0.001542,0.000000,0.000000,0.008,0.003,-0.047945,0.089632,0.000000,-0.095890,0.000000,0.234657,1,53.65
0.980000,0.023,0.002325,0.032069,2.997,-0.002325,0.000000,-0.000000,-0.022,0.005,-0.047945,0.089632,0.000000,-0.095890,0.000000,0.234657,1,53.65
0.982000,-0.016,-0.001601,0.030891,2.997,0.001601,0.000000,0.000000,-0.005,0.003,-0.047945,0.089632,0.000000,-0.095890,0.000000,0.234657,1,53.65
0.984000,0.009,0.000890,0.031638,2.997,-0.000890,0.000000,-0.000000,-0.011,0.002,-0.047945,0.089632,0.000000,-0.095890,0.000000,0.234657,1,53.65
0.986000,0.021,0.002126,0.032009,2.997,-0.002126,0.000000,-0.000000,-0.015,0.004,-0.047945,0.089632,0.000000,-0.095890,0.000000,0.234657,1,53.65
0.988000,0.012,0.001227,0.031740,2.997,-0.001227,0.000000,-0.000000,-0.023,0.002,-0.047945,0.089632,0.000000,-0.095890,0.000000,0.234657,1,53.65
0.990000,-0.002,-0.000189,0.031315,2.997,0.000189,0.000000,0.000000,0.016,0.000,-0.047945,0.089632,0.000000,-0.095890,0.000000,0.234657,1,53.65
0.992000,0.005,0.000506,0.031523,2.997,-0.000506,0.000000,0.000000,-0.009,0.001,-0.047945,0.089632,0.000000,-0.095890,0.000000,0.234657,1,53.65
0.994000,-0.003,-0.000324,0.031274,2.997,0.000324,0.000000,0.000000,-0.021,0.001,-0.047945,0.089632,0.000000,-0.095890,0.000000,0.234657,1,53.65
0.996000,0.018,0.001848,0.031926,2.997,-0.001848,0.000000,0.000000,-0.012,0.004,-0.047945,0.089632,0.000000,-0.095890,0.000000,0.234657,1,53.65
0.998000,0.007,0.000695,0.031580,2.997,-0.000695,0.000000,0.000000,0.002,0.001,-0.047945,0.089632,0.000000,-0.095890,0.000000,0.234657,1,53.65
1.000000,0.021,0.002098,0.032001,2.997,-0.002098,0.000000,-0.000000,0.000,0.004,-0.047945,0.089632,0.000000,-0.095890,0.000000,0.234657,1,53.65
1.002000,-0.006,-0.000581,0.031197,2.997,0.000581,0.000000,0.000000,0.000,0.001,-0.047945,0.089632,0.000000,-0.095890,0.000000,0.234657,1,53.65
1.004000,0.007,0.000664,0.031570,2.997,-0.000664,0.000000,-0.000000,0.000,0.001,-0.047945,0.089632,0.000000,-0.095890,0.000000,0.234657,1,53.65
1.006000,0.015,0.001526,0.031829,2.997,-0.001526,0.000000,-0.000000,0.000,0.003,-0.047945,0.089632,0.000000,-0.095890,0.000000,0.234657,1,53.65
1.008000,0.014,0.001351,0.031777,2.997,-0.001351,0.000000,-0.000000,-0.021,0.003,-0.047945,0.089632,0.000000,-0.095890,0.000000,0.234657,1,53.65
1.010000,0.013,0.001347,0.031776,2.997,-0.001347,0.000000,-0.000000,0.006,0.003,-0.047945,0.089632,0.000000,-0.095890,0.000000,0.234657,1,53.65
1.012000,0.018,0.001762,0.031900,2.997,-0.001762,0.000000,-0.000000,-0.007,0.004,-0.047945,0.089632,0.000000,-0.095890,0.000000,0.234657,1,53.65
1.014000,0.015,0.001453,0.031807,2.997,-0.001453,0.000000,-0.000000,-0.015,0.003,-0.047945,0.089632,0.000000,-0.095890,0.000000,0.234657,1,53.65
1.016000,0.003,0.000317,0.031467,2.997,-0.000317,0.000000,0.000000,-0.014,0.001,-0.047945,0.089632,0.000000,-0.095890,0.000000,0.234657,1,53.65
1.018000,0.006,0.000583,0.031546,2.997,-0.000583,0.000000,0.000000,-0.013,0.001,-0.047945,0.089632,0.000000,-0.095890,0.000000,0.234657,1,53.65
1.020000,0.003,0.000259,0.031449,2.997,-0.000259,0.000000,0.000000,-0.018,0.001,-0.047945,0.089632,0.000000,-0.095890,0.000000,0.234657,1,53.65
1.022000,0.021,0.002134,0.031987,2.997,-0.002134,0.000000,0.000000,-0.015,0.004,-0.047907,0.089562,0.000000,-0.095814,0.000000,0.234472,1,53.68
1.024000,0.006,0.000634,0.031537,2.997,-0.000634,0.000000,0.000000,-0.003,0.001,-0.047907,0.089562,0.000000,-0.095814,0.000000,0.234472,1,53.68
1.026000,0.022,0.002208,0.032009,2.997,-0.002208,0.000000,-0.000000,-0.006,0.004,-0.047907,0.089562,0.000000,-0.095814,0.000000,0.234472,1,53.68
1.028000,-0.007,-0.000739,0.031125,2.997,0.000739,0.000000,0.000000,-0.003,0.001,-0.047907,0.089562,0.000000,-0.095814,0.000000,0.234472,1,53.68
1.030000,-0.000,-0.000005,0.031345,2.997,0.000005,0.000000,0.000000,-0.021,0.000,-0.047907,0.089562,0.000000,-0.095814,0.000000,0.234472,1,53.68
1.032000,0.011,0.001060,0.031665,2.997,-0.001060,0.000000,0.000000,-0.006,0.002,-0.047907,0.089562,0.000000,-0.095814,0.000000,0.234472,1,53.68
1.034000,0.010,0.000968,0.031637,2.997,-0.000968,0.000000,0.000000,-0.022,0.002,-0.047907,0.089562,0.000000,-0.095814,0.000000,0.234472,1,53.68
1.036000,0.007,0.000655,0.031543,2.997,-0.000655,0.000000,0.000000,0.007,0.001,-0.047907,0.089562,0.000000,-0.095814,0.000000,0.234472,1,53.68
1.038000,0.018,0.001818,0.031892,2.997,-0.001818,0.000000,-0.000000,0.000,0.004,-0.047907,0.089562,0.000000,-0.095814,0.000000,0.234472,1,53.68
1.040000,0.009,0.000866,0.031606,2.997,-0.000866,0.000000,-0.000000,-0.011,0.002,-0.047907,0.089562,0.000000,-0.095814,0.000000,0.234472,1,53.68
1.042000,-0.005,-0.000514,0.031192,2.997,0.000514,0.000000,0.000000,-0.010,0.001,-0.047907,0.089562,0.000000,-0.095814,0.000000,0.234472,1,53.68
1.044000,0.005,0.000482,0.031491,2.997,-0.000482,0.000000,-0.000000,-0.007,0.001,-0.047907,0.089562,0.000000,-0.095814,0.000000,0.234472,1,53.68
1.046000,0.001,0.000091,0.031374,2.997,-0.000091,0.000000,-0.000000,-0.018,0.000,-0.047907,0.089562,0.000000,-0.095814,0.000000,0.234472,1,53.68
1.048000,0.007,0.000664,0.031546,2.997,-0.000664,0.000000,-0.000000,-0.009,0.001,-0.047907,0.089562,0.000000,-0.095814,0.000000,0.234472,1,53.68
1.050000,-0.002,-0.000158,0.031299,2.997,0.000158,0.000000,-0.000000,0.005,0.000,-0.047907,0.089562,0.000000,-0.095814,0.000000,0.234472,1,53.68
1.052000,0.017,0.001696,0.031855,2.997,-0.001696,0.000000,-0.000000,-0.005,0.003,-0.047907,0.089562,0.000000,-0.095814,0.000000,0.234472,1,53.68
1.054000,0.001,0.000146,0.031390,2.997,-0.000146,0.000000,0.000000,-0.001,0.000,-0.047907,0.089562,0.000000,-0.095814,0.000000,0.234472,1,53.68
1.056000,0.011,0.001065,0.031666,2.997,-0.001065,0.000000,-0.000000,-0.007,0.002,-0.047907,0.089562,0.000000,-0.095814,0.000000,0.234472,1,53.68
1.058000,0.009,0.000857,0.031604,2.997,-0.000857,0.000000,-0.000000,0.002,0.002,-0.047907,0.089562,0.000000,-0.095814,0.000000,0.234472,1,53.68
1.060000,-0.010,-0.000968,0.031056,2.997,0.000968,0.000000,0.000000,-0.017,0.002,-0.047907,0.089562,0.000000,-0.095814,0.000000,0.234472,1,53.68
1.062000,-0.007,-0.000667,0.031147,2.997,0.000667,0.000000,0.000000,-0.001,0.001,-0.047907,0.089562,0.000000,-0.095814,0.000000,0.234472,1,53.68
1.064000,-0.002,-0.000153,0.031301,2.997,0.000153,0.000000,0.000000,-0.011,0.000,-0.047907,0.089562,0.000000,-0.095814,0.000000,0.234472,1,53.68
1.066000,-0.014,-0.001351,0.030941,2.997,0.001351,0.000000,0.000000,-0.009,0.003,-0.047907,0.089562,0.000000,-0.095814,0.000000,0.234472,1,53.68
1.068000,-0.008,-0.000796,0.031108,2.997,0.000796,0.000000,0.000000,0.010,0.002,-0.047907,0.089562,0.000000,-0.095814,0.000000,0.234472,1,53.68
1.070000,0.011,0.001116,0.031681,2.997,-0.001116,0.000000,-0.000000,0.007,0.002,-0.047907,0.089562,0.000000,-0.095814,0.000000,0.234472,1,53.68
1.072000,0.021,0.002109,0.031762,2.997,-0.002109,0.000000,-0.000000,0.002,0.004,-0.047575,0.088940,0.000000,-0.095149,0.000000,0.232845,1,53.69
1.074000,-0.003,-0.000336,0.031028,2.997,0.000336,0.000000,-0.000000,0.014,0.001,-0.047575,0.088940,0.000000,-0.095149,0.000000,0.232845,1,53.69
1.076000,-0.005,-0.000538,0.030968,2.997,0.000538,0.000000,-0.000000,0.008,0.001,-0.047575,0.088940,0.000000,-0.095149,0.000000,0.232845,1,53.69
1.078000,-0.004,-0.000403,0.031008,2.997,0.000403,0.000000,-0.000000,-0.011,0.001,-0.047575,0.088940,0.000000,-0.095149,0.000000,0.232845,1,53.69
1.080000,-0.008,-0.000797,0.030890,2.997,0.000797,0.000000,0.000000,-0.021,0.002,-0.047575,0.088940,0.000000,-0.095149,0.000000,0.232845,1,53.69
1.082000,0.017,0.001749,0.031654,2.997,-0.001749,0.000000,-0.000000,0.003,0.003,-0.047575,0.088940,0.000000,-0.095149,0.000000,0.232845,1,53.69
1.084000,-0.018,-0.001793,0.030591,2.997,0.001793,0.000000,0.000000,0.005,0.004,-0.047575,0.088940,0.000000,-0.095149,0.000000,0.232845,1,53.69
1.086000,0.005,0.000485,0.031275,2.997,-0.000485,0.000000,0.000000,0.004,0.001,-0.047575,0.088940,0.000000,-0.095149,0.000000,0.232845,1,53.69
1.088000,0.013,0.001339,0.031531,2.997,-0.001339,0.000000,0.000000,0.008,0.003,-0.047575,0.088940,0.000000,-0.095149,0.000000,0.232845,1,53.69
1.090000,-0.003,-0.000310,0.031036,2.997,0.000310,0.000000,0.000000,-0.017,0.001,-0.047575,0.088940,0.000000,-0.095149,0.000000,0.232845,1,53.69
1.092000,0.003,0.000253,0.031205,2.997,-0.000253,0.000000,0.000000,0.018,0.001,-0.047575,0.088940,0.000000,-0.095149,0.000000,0.232845,1,53.69
1.094000,-0.002,-0.000232,0.031059,2.997,0.000232,0.000000,0.000000,-0.005,0.000,-0.047575,0.088940,0.000000,-0.095149,0.000000,0.232845,1,53.69
1.096000,-0.014,-0.001352,0.030723,2.997,0.001352,0.000000,0.000000,-0.013,0.003,-0.047575,0.088940,0.000000,-0.095149,0.000000,0.232845,1,53.69
1.098000,0.008,0.000833,0.031379,2.997,-0.000833,0.000000,-0.000000,0.003,0.002,-0.047575,0.088940,0.000000,-0.095149,0.000000,0.232845,1,53.69
1.100000,0.011,0.001106,0.031461,2.997,-0.001106,0.000000,-0.000000,0.000,0.002,-0.047575,0.088940,0.000000,-0.095149,0.000000,0.232845,1,53.69
1.102000,0.003,0.000322,0.031226,2.997,-0.000322,0.000000,0.000000,0.000,0.001,-0.047575,0.088940,0.000000,-0.095149,0.000000,0.232845,1,53.69
1.104000,-0.008,-0.000812,0.030886,2.997,0.000812,0.000000,0.000000,0.000,0.002,-0.047575,0.088940,0.000000,-0.095149,0.000000,0.232845,1,53.69
1.106000,0.001,0.000094,0.031157,2.997,-0.000094,0.000000,-0.000000,0.000,0.000,-0.047575,0.088940,0.000000,-0.095149,0.000000,0.232845,1,53.69
1.108000,0.011,0.001090,0.031456,2.997,-0.001090,0.000000,-0.000000,-0.011,0.002,-0.047575,0.088940,0.000000,-0.095149,0.000000,0.232845,1,53.69
1.110000,0.015,0.001533,0.031589,2.997,-0.001533,0.000000,-0.000000,-0.003,0.003,-0.047575,0.088940,0.000000,-0.095149,0.000000,0.232845,1,53.69
1.112000,-0.013,-0.001275,0.030746,2.997,0.001275,0.000000,-0.000000,0.008,0.003,-0.047575,0.088940,0.000000,-0.095149,0.000000,0.232845,1,53.69
1.114000,0.013,0.001333,0.031529,2.997,-0.001333,0.000000,-0.000000,-0.001,0.003,-0.047575,0.088940,0.000000,-0.095149,0.000000,0.232845,1,53.69
1.116000,0.006,0.000553,0.031295,2.997,-0.000553,0.000000,-0.000000,-0.011,0.001,-0.047575,0.088940,0.000000,-0.095149,0.000000,0.232845,1,53.69
1.118000,0.008,0.000827,0.031377,2.997,-0.000827,0.000000,0.000000,-0.015,0.002,-0.047575,0.088940,0.000000,-0.095149,0.000000,0.232845,1,53.69
1.120000,0.018,0.001811,0.031672,2.997,-0.001811,0.000000,0.000000,0.013,0.004,-0.047575,0.088940,0.000000,-0.095149,0.000000,0.232845,1,53.69
1.122000,-0.002,-0.000206,0.031193,2.997,0.000206,0.000000,-0.000000,-0.013,0.000,-0.047767,0.089299,0.000000,-0.095533,0.000000,0.233784,1,53.68
1.124000,0.012,0.001172,0.031606,2.997,-0.001172,0.000000,-0.000000,-0.006,0.002,-0.047767,0.089299,0.000000,-0.095533,0.000000,0.233784,1,53.68
1.126000,0.008,0.000827,0.031503,2.997,-0.000827,0.000000,-0.000000,-0.008,0.002,-0.047767,0.089299,0.000000,-0.095533,0.000000,0.233784,1,53.68
1.128000,0.025,0.002461,0.031993,2.997,-0.002461,0.000000,-0.000000,-0.018,0.005,-0.047767,0.089299,0.000000,-0.095533,0.000000,0.233784,1,53.68
1.130000,0.015,0.001511,0.031708,2.997,-0.001511,0.000000,0.000000,0.002,0.003,-0.047767,0.089299,0.000000,-0.095533,0.000000,0.233784,1,53.68
1.132000,0.015,0.001485,0.031700,2.997,-0.001485,0.000000,0.000000,-0.012,0.003,-0.047767,0.089299,0.000000,-0.095533,0.000000,0.233784,1,53.68
1.134000,0.007,0.000681,0.031459,2.997,-0.000681,0.000000,0.000000,-0.008,0.001,-0.047767,0.089299,0.000000,-0.095533,0.000000,0.233784,1,53.68
1.136000,0.007,0.000650,0.031450,2.997,-0.000650,0.000000,0.000000,-0.025,0.001,-0.047767,0.089299,0.000000,-0.095533,0.000000,0.233784,1,53.68
1.138000,0.017,0.001692,0.031762,2.997,-0.001692,0.000000,0.000000,-0.015,0.003,-0.047767,0.089299,0.000000,-0.095533,0.000000,0.233784,1,53.68
1.140000,-0.006,-0.000551,0.031090,2.997,0.000551,0.000000,0.000000,-0.015,0.001,-0.047767,0.089299,0.000000,-0.095533,0.000000,0.233784,1,53.68
1.142000,0.009,0.000895,0.031523,2.997,-0.000895,0.000000,0.000000,-0.007,0.002,-0.047767,0.089299,0.000000,-0.095533,0.000000,0.233784,1,53.68
1.144000,0.002,0.000152,0.031300,2.997,-0.000152,0.000000,0.000000,-0.007,0.000,-0.047767,0.089299,0.000000,-0.095533,0.000000,0.233784,1,53.68
1.146000,0.003,0.000349,0.031359,2.997,-0.000349,0.000000,0.000000,-0.017,0.001,-0.047767,0.089299,0.000000,-0.095533,0.000000,0.233784,1,53.68
1.148000,0.004,0.000443,0.031388,2.997,-0.000443,0.000000,0.000000,0.006,0.001,-0.047767,0.089299,0.000000,-0.095533,0.000000,0.233784,1,53.68
1.150000,0.005,0.000499,0.031404,2.997,-0.000499,0.000000,-0.000000,-0.009,0.001,-0.047767,0.089299,0.000000,-0.095533,0.000000,0.233784,1,53.68
1.152000,-0.002,-0.000246,0.031181,2.997,0.000246,0.000000,0.000000,-0.002,0.000,-0.047767,0.089299,0.000000,-0.095533,0.000000,0.233784,1,53.68
1.154000,0.014,0.001450,0.031690,2.997,-0.001450,0.000000,-0.000000,-0.003,0.003,-0.047767,0.089299,0.000000,-0.095533,0.000000,0.233784,1,53.68
1.156000,0.019,0.001864,0.031814,2.997,-0.001864,0.000000,-0.000000,-0.004,0.004,-0.047767,0.089299,0.000000,-0.095533,0.000000,0.233784,1,53.68
1.158000,0.015,0.001459,0.031692,2.997,-0.001459,0.000000,-0.000000,-0.005,0.003,-0.047767,0.089299,0.000000,-0.095533,0.000000,0.233784,1,53.68
1.160000,0.007,0.000654,0.031451,2.997,-0.000654,0.000000,-0.000000,0.002,0.001,-0.047767,0.089299,0.000000,-0.095533,0.000000,0.233784,1,53.68
1.162000,0.018,0.001824,0.031802,2.997,-0.001824,0.000000,-0.000000,-0.014,0.004,-0.047767,0.089299,0.000000,-0.095533,0.000000,0.233784,1,53.68
1.164000,0.019,0.001936,0.031836,2.997,-0.001936,0.000000,-0.000000,-0.019,0.004,-0.047767,0.089299,0.000000,-0.095533,0.000000,0.233784,1,53.68
1.166000,0.013,0.001349,0.031659,2.997,-0.001349,0.000000,0.000000,-0.015,0.003,-0.047767,0.089299,0.000000,-0.095533,0.000000,0.233784,1,53.68
1.168000,0.007,0.000688,0.031461,2.997,-0.000688,0.000000,0.000000,-0.007,0.001,-0.047767,0.089299,0.000000,-0.095533,0.000000,0.233784,1,53.68
1.170000,0.016,0.001565,0.031724,2.997,-0.001565,0.000000,-0.000000,-0.018,0.003,-0.047767,0.089299,0.000000,-0.095533,0.000000,0.233784,1,53.68
1.172000,0.005,0.000468,0.031395,2.997,-0.000468,0.000000,0.000000,-0.019,0.001,-0.047767,0.089299,0.000000,-0.095533,0.000000,0.233784,1,53.68
1.174000,0.003,0.000326,0.031387,2.997,-0.000326,0.000000,0.000000,-0.013,0.001,-0.047819,0.089397,0.000000,-0.095638,0.000000,0.234041,1,53.72
1.176000,-0.003,-0.000275,0.031207,2.997,0.000275,0.000000,0.000000,-0.007,0.001,-0.047819,0.089397,0.000000,-0.095638,0.000000,0.234041,1,53.72
1.178000,-0.000,-0.000021,0.031283,2.997,0.000021,0.000000,-0.000000,-0.016,0.000,-0.047819,0.089397,0.000000,-0.095638,0.000000,0.234041,1,53.72
1.180000,0.005,0.000533,0.031449,2.997,-0.000533,0.000000,0.000000,-0.005,0.001,-0.047819,0.089397,0.000000,-0.095638,0.000000,0.234041,1,53.72
1.182000,0.014,0.001397,0.031708,2.997,-0.001397,0.000000,-0.000000,-0.003,0.003,-0.047819,0.089397,0.000000,-0.095638,0.000000,0.234041,1,53.72
1.184000,0.007,0.000735,0.031509,2.997,-0.000735,0.000000,-0.000000,0.003,0.001,-0.047819,0.089397,0.000000,-0.095638,0.000000,0.234041,1,53.72
1.186000,0.006,0.000615,0.031473,2.997,-0.000615,0.000000,-0.000000,0.000,0.001,-0.047819,0.089397,0.000000,-0.095638,0.000000,0.234041,1,53.72
1.188000,0.013,0.001348,0.031693,2.997,-0.001348,0.000000,-0.000000,-0.005,0.003,-0.047819,0.089397,0.000000,-0.095638,0.000000,0.234041,1,53.72
1.190000,0.017,0.001675,0.031791,2.997,-0.001675,0.000000,-0.000000,-0.014,0.003,-0.047819,0.089397,0.000000,-0.095638,0.000000,0.234041,1,53.72
1.192000,0.020,0.001978,0.031882,2.997,-0.001978,0.000000,-0.000000,-0.007,0.004,-0.047819,0.089397,0.000000,-0.095638,0.000000,0.234041,1,53.72
1.194000,0.025,0.002500,0.032039,2.997,-0.002500,0.000000,-0.000000,-0.006,0.005,-0.047819,0.089397,0.000000,-0.095638,0.000000,0.234041,1,53.72
1.196000,0.007,0.000670,0.031490,2.997,-0.000670,0.000000,-0.000000,-0.013,0.001,-0.047819,0.089397,0.000000,-0.095638,0.000000,0.234041,1,53.72
1.198000,-0.002,-0.000183,0.031234,2.997,0.000183,0.000000,0.000000,-0.017,0.000,-0.047819,0.089397,0.000000,-0.095638,0.000000,0.234041,1,53.72
1.200000,0.015,0.001464,0.031728,2.997,-0.001464,0.000000,-0.000000,0.000,0.003,-0.047819,0.089397,0.000000,-0.095638,0.000000,0.234041,1,53.72
1.202000,-0.004,-0.000373,0.031177,2.997,0.000373,0.000000,0.000000,0.000,0.001,-0.047819,0.089397,0.000000,-0.095638,0.000000,0.234041,1,53.72
1.204000,0.004,0.000357,0.031396,2.997,-0.000357,0.000000,-0.000000,0.000,0.001,-0.047819,0.089397,0.000000,-0.095638,0.000000,0.234041,1,53.72
1.206000,-0.001,-0.000138,0.031248,2.997,0.000138,0.000000,0.000000,0.000,0.000,-0.047819,0.089397,0.000000,-0.095638,0.000000,0.234041,1,53.72
1.208000,0.030,0.003030,0.032198,2.997,-0.003030,0.000000,-0.000000,-0.015,0.006,-0.047819,0.089397,0.000000,-0.095638,0.000000,0.234041,1,53.72
1.210000,0.011,0.001134,0.031629,2.997,-0.001134,0.000000,0.000000,0.004,0.002,-0.047819,0.089397,0.000000,-0.095638,0.000000,0.234041,1,53.72
1.212000,0.021,0.002088,0.031915,2.997,-0.002088,0.000000,-0.000000,-0.004,0.004,-0.047819,0.089397,0.000000,-0.095638,0.000000,0.234041,1,53.72
1.214000,0.012,0.001171,0.031640,2.997,-0.001171,0.000000,0.000000,0.001,0.002,-0.047819,0.089397,0.000000,-0.095638,0.000000,0.234041,1,53.72
1.216000,0.000,0.000026,0.031297,2.997,-0.000026,0.000000,0.000000,-0.030,0.000,-0.047819,0.089397,0.000000,-0.095638,0.000000,0.234041,1,53.72
1.218000,0.002,0.000169,0.031340,2.997,-0.000169,0.000000,0.000000,-0.011,0.000,-0.047819,0.089397,0.000000,-0.095638,0.000000,0.234041,1,53.72
1.220000,0.000,0.000045,0.031303,2.997,-0.000045,0.000000,0.000000,-0.021,0.000,-0.047819,0.089397,0.000000,-0.095638,0.000000,0.234041,1,53.72
1.222000,0.016,0.001650,0.031784,2.997,-0.001650,0.000000,-0.000000,-0.012,0.003,-0.047819,0.089397,0.000000,-0.095638,0.000000,0.234041,1,53.72
1.224000,0.017,0.001681,0.031444,2.997,-0.001681,0.000000,-0.000000,-0.000,0.003,-0.047286,0.088400,0.000000,-0.094572,0.000000,0.231432,1,53.74
1.226000,0.007,0.000690,0.031147,2.997,-0.000690,0.000000,-0.000000,-0.002,0.001,-0.047286,0.088400,0.000000,-0.094572,0.000000,0.231432,1,53.74
1.228000,0.019,0.001857,0.031497,2.997,-0.001857,0.000000,-0.000000,-0.000,0.004,-0.047286,0.088400,0.000000,-0.094572,0.000000,0.231432,1,53.74
1.230000,0.013,0.001297,0.031329,2.997,-0.001297,0.000000,-0.000000,-0.016,0.003,-0.047286,0.088400,0.000000,-0.094572,0.000000,0.231432,1,53.74
1.232000,0.011,0.001114,0.031274,2.997,-0.001114,0.000000,0.000000,-0.017,0.002,-0.047286,0.088400,0.000000,-0.094572,0.000000,0.231432,1,53.74
1.234000,0.005,0.000511,0.031093,2.997,-0.000511,0.000000,0.000000,-0.007,0.001,-0.047286,0.088400,0.000000,-0.094572,0.000000,0.231432,1,53.74
1.236000,0.015,0.001487,0.031386,2.997,-0.001487,0.000000,-0.000000,-0.019,0.003,-0.047286,0.088400,0.000000,-0.094572,0.000000,0.231432,1,53.74
1.238000,0.009,0.000859,0.031198,2.997,-0.000859,0.000000,0.000000,-0.013,0.002,-0.047286,0.088400,0.000000,-0.094572,0.000000,0.231432,1,53.74
1.240000,0.001,0.000132,0.030980,2.997,-0.000132,0.000000,0.000000,-0.011,0.000,-0.047286,0.088400,0.000000,-0.094572,0.000000,0.231432,1,53.74
1.242000,-0.010,-0.001030,0.030631,2.997,0.001030,0.000000,0.000000,-0.005,0.002,-0.047286,0.088400,0.000000,-0.094572,0.000000,0.231432,1,53.74
1.244000,0.004,0.000447,0.031074,2.997,-0.000447,0.000000,-0.000000,-0.015,0.001,-0.047286,0.088400,0.000000,-0.094572,0.000000,0.231432,1,53.74
1.246000,0.006,0.000631,0.031130,2.997,-0.000631,0.000000,0.000000,-0.009,0.001,-0.047286,0.088400,0.000000,-0.094572,0.000000,0.231432,1,53.74
1.248000,0.005,0.000534,0.031100,2.997,-0.000534,0.000000,-0.000000,-0.001,0.001,-0.047286,0.088400,0.000000,-0.094572,0.000000,0.231432,1,53.74
1.250000,0.001,0.000096,0.030969,2.997,-0.000096,0.000000,-0.000000,0.010,0.000,-0.047286,0.088400,0.000000,-0.094572,0.000000,0.231432,1,53.74
1.252000,0.011,0.001057,0.031257,2.997,-0.001057,0.000000,-0.000000,-0.004,0.002,-0.047286,0.088400,0.000000,-0.094572,0.000000,0.231432,1,53.74
1.254000,0.018,0.001766,0.031470,2.997,-0.001766,0.000000,-0.000000,-0.006,0.004,-0.047286,0.088400,0.000000,-0.094572,0.000000,0.231432,1,53.74
1.256000,0.001,0.000086,0.030966,2.997,-0.000086,0.000000,-0.000000,-0.005,0.000,-0.047286,0.088400,0.000000,-0.094572,0.000000,0.231432,1,53.74
1.258000,0.017,0.001677,0.031443,2.997,-0.001677,0.000000,-0.000000,-0.001,0.003,-0.047286,0.088400,0.000000,-0.094572,0.000000,0.231432,1,53.74
1.260000,0.005,0.000541,0.031103,2.997,-0.000541,0.000000,-0.000000,-0.011,0.001,-0.047286,0.088400,0.000000,-0.094572,0.000000,0.231432,1,53.74
1.262000,0.016,0.001587,0.031416,2.997,-0.001587,0.000000,-0.000000,-0.018,0.003,-0.047286,0.088400,0.000000,-0.094572,0.000000,0.231432,1,53.74
1.264000,-0.001,-0.000145,0.030897,2.997,0.000145,0.000000,0.000000,-0.001,0.000,-0.047286,0.088400,0.000000,-0.094572,0.000000,0.231432,1,53.74
1.266000,0.009,0.000931,0.031219,2.997,-0.000931,0.000000,-0.000000,-0.017,0.002,-0.047286,0.088400,0.000000,-0.094572,0.000000,0.231432,1,53.74
1.268000,0.036,0.003568,0.032011,2.997,-0.003568,0.000000,-0.000000,-0.005,0.007,-0.047286,0.088400,0.000000,-0.094572,0.000000,0.231432,1,53.74
1.270000,0.009,0.000919,0.031216,2.997,-0.000919,0.000000,-0.000000,-0.016,0.002,-0.047286,0.088400,0.000000,-0.094572,0.000000,0.231432,1,53.74
1.272000,0.020,0.002012,0.031544,2.997,-0.002012,0.000000,0.000000,0.001,0.004,-0.047286,0.088400,0.000000,-0.094572,0.000000,0.231432,1,53.74
1.274000,0.004,0.000438,0.031178,2.997,-0.000438,0.000000,-0.000000,-0.009,0.001,-0.047448,0.088703,0.000000,-0.094895,0.000000,0.232224,1,53.77
1.276000,0.007,0.000708,0.031259,2.997,-0.000708,0.000000,0.000000,-0.036,0.001,-0.047448,0.088703,0.000000,-0.094895,0.000000,0.232224,1,53.77
1.278000,0.008,0.000829,0.031295,2.997,-0.000829,0.000000,0.000000,-0.009,0.002,-0.047448,0.088703,0.000000,-0.094895,0.000000,0.232224,1,53.77
1.280000,0.014,0.001412,0.031470,2.997,-0.001412,0.000000,-0.000000,-0.020,0.003,-0.047448,0.088703,0.000000,-0.094895,0.000000,0.232224,1,53.77
1.282000,-0.003,-0.000330,0.030947,2.997,0.000330,0.000000,0.000000,-0.004,0.001,-0.047448,0.088703,0.000000,-0.094895,0.000000,0.232224,1,53.77
1.284000,0.008,0.000758,0.031274,2.997,-0.000758,0.000000,-0.000000,-0.007,0.002,-0.047448,0.088703,0.000000,-0.094895,0.000000,0.232224,1,53.77
1.286000,-0.002,-0.000182,0.030991,2.997,0.000182,0.000000,0.000000,-0.008,0.000,-0.047448,0.088703,0.000000,-0.094895,0.000000,0.232224,1,53.77
1.288000,0.022,0.002243,0.031719,2.997,-0.002243,0.000000,-0.000000,-0.014,0.004,-0.047448,0.088703,0.000000,-0.094895,0.000000,0.232224,1,53.77
1.290000,0.005,0.000494,0.031194,2.997,-0.000494,0.000000,0.000000,0.003,0.001,-0.047448,0.088703,0.000000,-0.094895,0.000000,0.232224,1,53.77
1.292000,0.011,0.001143,0.031389,2.997,-0.001143,0.000000,0.000000,-0.008,0.002,-0.047448,0.088703,0.000000,-0.094895,0.000000,0.232224,1,53.77
1.294000,0.020,0.001999,0.031646,2.997,-0.001999,0.000000,0.000000,0.002,0.004,-0.047448,0.088703,0.000000,-0.094895,0.000000,0.232224,1,53.77
1.296000,0.006,0.000630,0.031235,2.997,-0.000630,0.000000,0.000000,-0.022,0.001,-0.047448,0.088703,0.000000,-0.094895,0.000000,0.232224,1,53.77
1.298000,0.007,0.000738,0.031268,2.997,-0.000738,0.000000,0.000000,-0.005,0.001,-0.047448,0.088703,0.000000,-0.094895,0.000000,0.232224,1,53.77
1.300000,-0.001,-0.000052,0.031031,2.997,0.000052,0.000000,0.000000,0.000,0.000,-0.047448,0.088703,0.000000,-0.094895,0.000000,0.232224,1,53.77
1.302000,0.002,0.000247,0.031120,2.997,-0.000247,0.000000,-0.000000,0.000,0.000,-0.047448,0.088703,0.000000,-0.094895,0.000000,0.232224,1,53.77
1.304000,0.013,0.001281,0.031430,2.997,-0.001281,0.000000,-0.000000,0.000,0.003,-0.047448,0.088703,0.000000,-0.094895,0.000000,0.232224,1,53.77
1.306000,-0.004,-0.000426,0.030918,2.997,0.000426,0.000000,0.000000,0.000,0.001,-0.047448,0.088703,0.000000,-0.094895,0.000000,0.232224,1,53.77
1.308000,0.011,0.001057,0.031363,2.997,-0.001057,0.000000,-0.000000,0.001,0.002,-0.047448,0.088703,0.000000,-0.094895,0.000000,0.232224,1,53.77
1.310000,0.024,0.002438,0.031778,2.997,-0.002438,0.000000,-0.000000,-0.002,0.005,-0.047448,0.088703,0.000000,-0.094895,0.000000,0.232224,1,53.77
1.312000,0.012,0.001206,0.031408,2.997,-0.001206,0.000000,-0.000000,-0.013,0.002,-0.047448,0.088703,0.000000,-0.094895,0.000000,0.232224,1,53.77
1.314000,0.016,0.001567,0.031516,2.997,-0.001567,0.000000,-0.000000,0.004,0.003,-0.047448,0.088703,0.000000,-0.094895,0.000000,0.232224,1,53.77
1.316000,0.018,0.001842,0.031599,2.997,-0.001842,0.000000,-0.000000,-0.011,0.004,-0.047448,0.088703,0.000000,-0.094895,0.000000,0.232224,1,53.77
1.318000,0.005,0.000469,0.031187,2.997,-0.000469,0.000000,0.000000,-0.024,0.001,-0.047448,0.088703,0.000000,-0.094895,0.000000,0.232224,1,53.77
1.320000,0.012,0.001206,0.031408,2.997,-0.001206,0.000000,0.000000,-0.012,0.002,-0.047448,0.088703,0.000000,-0.094895,0.000000,0.232224,1,53.77
1.322000,0.007,0.000705,0.031257,2.997,-0.000705,0.000000,0.000000,-0.016,0.001,-0.047448,0.088703,0.000000,-0.094895,0.000000,0.232224,1,53.77
1.324000,0.011,0.001141,0.031411,2.997,-0.001141,0.000000,0.000000,-0.018,0.002,-0.047482,0.088768,0.000000,-0.094964,0.000000,0.232393,1,53.73
1.326000,0.020,0.001977,0.031662,2.997,-0.001977,0.000000,0.000000,-0.005,0.004,-0.047482,0.088768,0.000000,-0.094964,0.000000,0.232393,1,53.73
1.328000,0.024,0.002401,0.031789,2.997,-0.002401,0.000000,-0.000000,-0.012,0.005,-0.047482,0.088768,0.000000,-0.094964,0.000000,0.232393,1,53.73
1.330000,-0.002,-0.000165,0.031019,2.997,0.000165,0.000000,0.000000,-0.007,0.000,-0.047482,0.088768,0.000000,-0.094964,0.000000,0.232393,1,53.73
1.332000,-0.005,-0.000545,0.030905,2.997,0.000545,0.000000,0.000000,-0.011,0.001,-0.047482,0.088768,0.000000,-0.094964,0.000000,0.232393,1,53.73
1.334000,0.002,0.000191,0.031126,2.997,-0.000191,0.000000,0.000000,-0.020,0.000,-0.047482,0.088768,0.000000,-0.094964,0.000000,0.232393,1,53.73
1.336000,-0.001,-0.000147,0.031025,2.997,0.000147,0.000000,0.000000,-0.024,0.000,-0.047482,0.088768,0.000000,-0.094964,0.000000,0.232393,1,53.73
1.338000,0.016,0.001569,0.031539,2.997,-0.001569,0.000000,0.000000,0.002,0.003,-0.047482,0.088768,0.000000,-0.094964,0.000000,0.232393,1,53.73
1.340000,-0.007,-0.000708,0.030856,2.997,0.000708,0.000000,0.000000,0.005,0.001,-0.047482,0.088768,0.000000,-0.094964,0.000000,0.232393,1,53.73
1.342000,0.030,0.002970,0.031960,2.997,-0.002970,0.000000,-0.000000,-0.002,0.006,-0.047482,0.088768,0.000000,-0.094964,0.000000,0.232393,1,53.73
1.344000,0.009,0.000931,0.031348,2.997,-0.000931,0.000000,-0.000000,0.001,0.002,-0.047482,0.088768,0.000000,-0.094964,0.000000,0.232393,1,53.73
1.346000,0.026,0.002644,0.031862,2.997,-0.002644,0.000000,-0.000000,-0.016,0.005,-0.047482,0.088768,0.000000,-0.094964,0.000000,0.232393,1,53.73
1.348000,0.009,0.000885,0.031334,2.997,-0.000885,0.000000,-0.000000,0.007,0.002,-0.047482,0.088768,0.000000,-0.094964,0.000000,0.232393,1,53.73
1.350000,-0.014,-0.001404,0.030648,2.997,0.001404,0.000000,-0.000000,-0.030,0.003,-0.047482,0.088768,0.000000,-0.094964,0.000000,0.232393,1,53.73
1.352000,0.000,0.000017,0.031074,2.997,-0.000017,0.000000,0.000000,-0.009,0.000,-0.047482,0.088768,0.000000,-0.094964,0.000000,0.232393,1,53.73
1.354000,0.001,0.000079,0.031092,2.997,-0.000079,0.000000,0.000000,-0.026,0.000,-0.047482,0.088768,0.000000,-0.094964,0.000000,0.232393,1,53.73
1.356000,-0.001,-0.000078,0.031045,2.997,0.000078,0.000000,0.000000,-0.009,0.000,-0.047482,0.088768,0.000000,-0.094964,0.000000,0.232393,1,53.73
1.358000,0.013,0.001317,0.031464,2.997,-0.001317,0.000000,-0.000000,0.014,0.003,-0.047482,0.088768,0.000000,-0.094964,0.000000,0.232393,1,53.73
1.360000,0.002,0.000239,0.031140,2.997,-0.000239,0.000000,-0.000000,-0.000,0.000,-0.047482,0.088768,0.000000,-0.094964,0.000000,0.232393,1,53.73
1.362000,0.013,0.001259,0.031446,2.997,-0.001259,0.000000,-0.000000,-0.001,0.003,-0.047482,0.088768,0.000000,-0.094964,0.000000,0.232393,1,53.73
1.364000,0.001,0.000104,0.031100,2.997,-0.000104,0.000000,0.000000,0.001,0.000,-0.047482,0.088768,0.000000,-0.094964,0.000000,0.232393,1,53.73
1.366000,0.007,0.000657,0.031266,2.997,-0.000657,0.000000,-0.000000,-0.013,0.001,-0.047482,0.088768,0.000000,-0.094964,0.000000,0.232393,1,53.73
1.368000,0.010,0.001004,0.031370,2.997,-0.001004,0.000000,0.000000,-0.002,0.002,-0.047482,0.088768,0.000000,-0.094964,0.000000,0.232393,1,53.73
1.370000,0.004,0.000382,0.031183,2.997,-0.000382,0.000000,0.000000,-0.013,0.001,-0.047482,0.088768,0.000000,-0.094964,0.000000,0.232393,1,53.73
1.372000,0.006,0.000629,0.031257,2.997,-0.000629,0.000000,0.000000,-0.001,0.001,-0.047482,0.088768,0.000000,-0.094964,0.000000,0.232393,1,53.73
1.374000,0.013,0.001258,0.031668,2.997,-0.001258,0.000000,-0.000000,-0.007,0.003,-0.047822,0.089403,0.000000,-0.095644,0.000000,0.234057,1,53.74
1.376000,0.009,0.000910,0.031564,2.997,-0.000910,0.000000,0.000000,-0.010,0.002,-0.047822,0.089403,0.000000,-0.095644,0.000000,0.234057,1,53.74
1.378000,0.019,0.001872,0.031853,2.997,-0.001872,0.000000,-0.000000,-0.004,0.004,-0.047822,0.089403,0.000000,-0.095644,0.000000,0.234057,1,53.74
1.380000,-0.009,-0.000901,0.031021,2.997,0.000901,0.000000,0.000000,-0.006,0.002,-0.047822,0.089403,0.000000,-0.095644,0.000000,0.234057,1,53.74
1.382000,-0.002,-0.000241,0.031219,2.997,0.000241,0.000000,0.000000,-0.013,0.000,-0.047822,0.089403,0.000000,-0.095644,0.000000,0.234057,1,53.74
1.384000,0.019,0.001885,0.031857,2.997,-0.001885,0.000000,0.000000,-0.009,0.004,-0.047822,0.089403,0.000000,-0.095644,0.000000,0.234057,1,53.74
1.386000,0.013,0.001286,0.031677,2.997,-0.001286,0.000000,0.000000,-0.019,0.003,-0.047822,0.089403,0.000000,-0.095644,0.000000,0.234057,1,53.74
1.388000,-0.012,-0.001165,0.030942,2.997,0.001165,0.000000,0.000000,0.009,0.002,-0.047822,0.089403,0.000000,-0.095644,0.000000,0.234057,1,53.74
1.390000,0.033,0.003268,0.032272,2.997,-0.003268,0.000000,0.000000,0.002,0.007,-0.047822,0.089403,0.000000,-0.095644,0.000000,0.234057,1,53.74
1.392000,-0.001,-0.000079,0.031267,2.997,0.000079,0.000000,0.000000,-0.019,0.000,-0.047822,0.089403,0.000000,-0.095644,0.000000,0.234057,1,53.74
1.394000,0.005,0.000487,0.031437,2.997,-0.000487,0.000000,0.000000,-0.013,0.001,-0.047822,0.089403,0.000000,-0.095644,0.000000,0.234057,1,53.74
1.396000,0.011,0.001072,0.031613,2.997,-0.001072,0.000000,0.000000,0.012,0.002,-0.047822,0.089403,0.000000,-0.095644,0.000000,0.234057,1,53.74
1.398000,0.012,0.001225,0.031659,2.997,-0.001225,0.000000,-0.000000,-0.033,0.002,-0.047822,0.089403,0.000000,-0.095644,0.000000,0.234057,1,53.74
1.400000,0.019,0.001943,0.031874,2.997,-0.001943,0.000000,-0.000000,0.000,0.004,-0.047822,0.089403,0.000000,-0.095644,0.000000,0.234057,1,53.74
1.402000,0.005,0.000507,0.031443,2.997,-0.000507,0.000000,0.000000,0.000,0.001,-0.047822,0.089403,0.000000,-0.095644,0.000000,0.234057,1,53.74
1.404000,0.000,0.000023,0.031298,2.997,-0.000023,0.000000,0.000000,0.000,0.000,-0.047822,0.089403,0.000000,-0.095644,0.000000,0.234057,1,53.74
1.406000,0.007,0.000704,0.031502,2.997,-0.000704,0.000000,0.000000,0.000,0.001,-0.047822,0.089403,0.000000,-0.095644,0.000000,0.234057,1,53.74
1.408000,0.010,0.000953,0.031577,2.997,-0.000953,0.000000,0.000000,-0.019,0.002,-0.047822,0.089403,0.000000,-0.095644,0.000000,0.234057,1,53.74
1.410000,0.015,0.001550,0.031756,2.997,-0.001550,0.000000,-0.000000,-0.005,0.003,-0.047822,0.089403,0.000000,-0.095644,0.000000,0.234057,1,53.74
1.412000,0.029,0.002888,0.032158,2.997,-0.002888,0.000000,-0.000000,-0.000,0.006,-0.047822,0.089403,0.000000,-0.095644,0.000000,0.234057,1,53.74
1.414000,-0.005,-0.000545,0.031128,2.997,0.000545,0.000000,0.000000,-0.007,0.001,-0.047822,0.089403,0.000000,-0.095644,0.000000,0.234057,1,53.74
1.416000,0.009,0.000943,0.031574,2.997,-0.000943,0.000000,0.000000,-0.010,0.002,-0.047822,0.089403,0.000000,-0.095644,0.000000,0.234057,1,53.74
1.418000,-0.002,-0.000207,0.031229,2.997,0.000207,0.000000,0.000000,-0.015,0.000,-0.047822,0.089403,0.000000,-0.095644,0.000000,0.234057,1,53.74
1.420000,0.012,0.001150,0.031636,2.997,-0.001150,0.000000,0.000000,-0.029,0.002,-0.047822,0.089403,0.000000,-0.095644,0.000000,0.234057,1,53.74
1.422000,0.003,0.000271,0.031373,2.997,-0.000271,0.000000,0.000000,0.005,0.001,-0.047822,0.089403,0.000000,-0.095644,0.000000,0.234057,1,53.74
1.424000,0.009,0.000863,0.031550,2.997,-0.000863,0.000000,-0.000000,-0.009,0.002,-0.047822,0.089403,0.000000,-0.095644,0.000000,0.234057,1,53.74
1.426000,0.004,0.000440,0.031127,2.997,-0.000440,0.000000,-0.000000,0.002,0.001,-0.047370,0.088558,0.000000,-0.094740,0.000000,0.231844,1,53.74
1.428000,-0.003,-0.000287,0.030909,2.997,0.000287,0.000000,-0.000000,-0.012,0.001,-0.047370,0.088558,0.000000,-0.094740,0.000000,0.231844,1,53.74
1.430000,0.001,0.000052,0.031011,2.997,-0.000052,0.000000,0.000000,-0.003,0.000,-0.047370,0.088558,0.000000,-0.094740,0.000000,0.231844,1,53.74
1.432000,0.005,0.000535,0.031156,2.997,-0.000535,0.000000,-0.000000,-0.009,0.001,-0.047370,0.088558,0.000000,-0.094740,0.000000,0.231844,1,53.74
1.434000,0.008,0.000751,0.031221,2.997,-0.000751,0.000000,-0.000000,-0.004,0.002,-0.047370,0.088558,0.000000,-0.094740,0.000000,0.231844,1,53.74
1.436000,0.015,0.001452,0.031431,2.997,-0.001452,0.000000,-0.000000,0.003,0.003,-0.047370,0.088558,0.000000,-0.094740,0.000000,0.231844,1,53.74
1.438000,0.020,0.001966,0.031585,2.997,-0.001966,0.000000,-0.000000,-0.001,0.004,-0.047370,0.088558,0.000000,-0.094740,0.000000,0.231844,1,53.74
1.440000,0.028,0.002794,0.031834,2.997,-0.002794,0.000000,-0.000000,-0.005,0.006,-0.047370,0.088558,0.000000,-0.094740,0.000000,0.231844,1,53.74
1.442000,0.009,0.000926,0.031273,2.997,-0.000926,0.000000,-0.000000,-0.008,0.002,-0.047370,0.088558,0.000000,-0.094740,0.000000,0.231844,1,53.74
1.444000,0.001,0.000142,0.031038,2.997,-0.000142,0.000000,-0.000000,-0.015,0.000,-0.047370,0.088558,0.000000,-0.094740,0.000000,0.231844,1,53.74
1.446000,0.033,0.003314,0.031990,2.997,-0.003314,0.000000,-0.000000,-0.020,0.007,-0.047370,0.088558,0.000000,-0.094740,0.000000,0.231844,1,53.74
1.448000,0.008,0.000803,0.031236,2.997,-0.000803,0.000000,-0.000000,-0.028,0.002,-0.047370,0.088558,0.000000,-0.094740,0.000000,0.231844,1,53.74
1.450000,0.020,0.001958,0.031583,2.997,-0.001958,0.000000,-0.000000,-0.009,0.004,-0.047370,0.088558,0.000000,-0.094740,0.000000,0.231844,1,53.74
1.452000,0.020,0.001983,0.031590,2.997,-0.001983,0.000000,-0.000000,-0.001,0.004,-0.047370,0.088558,0.000000,-0.094740,0.000000,0.231844,1,53.74
1.454000,0.012,0.001246,0.031369,2.997,-0.001246,0.000000,-0.000000,-0.033,0.002,-0.047370,0.088558,0.000000,-0.094740,0.000000,0.231844,1,53.74
1.456000,0.005,0.000450,0.031130,2.997,-0.000450,0.000000,0.000000,-0.008,0.001,-0.047370,0.088558,0.000000,-0.094740,0.000000,0.231844,1,53.74
1.458000,0.018,0.001793,0.031533,2.997,-0.001793,0.000000,-0.000000,-0.020,0.004,-0.047370,0.088558,0.000000,-0.094740,0.000000,0.231844,1,53.74
1.460000,0.010,0.001044,0.031308,2.997,-0.001044,0.000000,0.000000,-0.020,0.002,-0.047370,0.088558,0.000000,-0.094740,0.000000,0.231844,1,53.74
1.462000,0.015,0.001479,0.031439,2.997,-0.001479,0.000000,0.000000,-0.012,0.003,-0.047370,0.088558,0.000000,-0.094740,0.000000,0.231844,1,53.74
1.464000,0.020,0.001961,0.031584,2.997,-0.001961,0.000000,-0.000000,-0.005,0.004,-0.047370,0.088558,0.000000,-0.094740,0.000000,0.231844,1,53.74
1.466000,0.027,0.002690,0.031802,2.997,-0.002690,0.000000,-0.000000,-0.018,0.005,-0.047370,0.088558,0.000000,-0.094740,0.000000,0.231844,1,53.74
1.468000,0.011,0.001147,0.031339,2.997,-0.001147,0.000000,0.000000,-0.010,0.002,-0.047370,0.088558,0.000000,-0.094740,0.000000,0.231844,1,53.74
1.470000,0.007,0.000742,0.031218,2.997,-0.000742,0.000000,0.000000,-0.015,0.001,-0.047370,0.088558,0.000000,-0.094740,0.000000,0.231844,1,53.74
1.472000,0.008,0.000813,0.031239,2.997,-0.000813,0.000000,0.000000,-0.020,0.002,-0.047370,0.088558,0.000000,-0.094740,0.000000,0.231844,1,53.74
1.474000,0.002,0.000217,0.031060,2.997,-0.000217,0.000000,0.000000,-0.027,0.000,-0.047370,0.088558,0.000000,-0.094740,0.000000,0.231844,1,53.74
1.476000,0.031,0.003110,0.032004,2.997,-0.003110,0.000000,0.000000,-0.011,0.006,-0.047486,0.088775,0.000000,-0.094972,0.000000,0.232412,1,53.79
1.478000,0.023,0.002285,0.031757,2.997,-0.002285,0.000000,0.000000,-0.007,0.005,-0.047486,0.088775,0.000000,-0.094972,0.000000,0.232412,1,53.79
1.480000,-0.000,-0.000038,0.031060,2.997,0.000038,0.000000,0.000000,-0.008,0.000,-0.047486,0.088775,0.000000,-0.094972,0.000000,0.232412,1,53.79
1.482000,0.006,0.000646,0.031265,2.997,-0.000646,0.000000,0.000000,-0.002,0.001,-0.047486,0.088775,0.000000,-0.094972,0.000000,0.232412,1,53.79
1.484000,0.010,0.001047,0.031385,2.997,-0.001047,0.000000,0.000000,-0.031,0.002,-0.047486,0.088775,0.000000,-0.094972,0.000000,0.232412,1,53.79
1.486000,0.014,0.001438,0.031503,2.997,-0.001438,0.000000,-0.000000,-0.023,0.003,-0.047486,0.088775,0.000000,-0.094972,0.000000,0.232412,1,53.79
1.488000,0.011,0.001095,0.031400,2.997,-0.001095,0.000000,-0.000000,0.000,0.002,-0.047486,0.088775,0.000000,-0.094972,0.000000,0.232412,1,53.79
1.490000,0.025,0.002453,0.031807,2.997,-0.002453,0.000000,-0.000000,-0.006,0.005,-0.047486,0.088775,0.000000,-0.094972,0.000000,0.232412,1,53.79
1.492000,-0.005,-0.000500,0.030921,2.997,0.000500,0.000000,0.000000,-0.010,0.001,-0.047486,0.088775,0.000000,-0.094972,0.000000,0.232412,1,53.79
1.494000,0.025,0.002482,0.031816,2.997,-0.002482,0.000000,-0.000000,-0.014,0.005,-0.047486,0.088775,0.000000,-0.094972,0.000000,0.232412,1,53.79
1.496000,0.016,0.001609,0.031554,2.997,-0.001609,0.000000,-0.000000,-0.011,0.003,-0.047486,0.088775,0.000000,-0.094972,0.000000,0.232412,1,53.79
1.498000,0.013,0.001252,0.031447,2.997,-0.001252,0.000000,-0.000000,-0.025,0.003,-0.047486,0.088775,0.000000,-0.094972,0.000000,0.232412,1,53.79
1.500000,-0.003,-0.000272,0.030990,2.997,0.000272,0.000000,0.000000,0.000,0.001,-0.047486,0.088775,0.000000,-0.094972,0.000000,0.232412,1,53.79
1.502000,0.004,0.000407,0.031193,2.997,-0.000407,0.000000,-0.000000,0.000,0.001,-0.047486,0.088775,0.000000,-0.094972,0.000000,0.232412,1,53.79
1.504000,-0.004,-0.000426,0.030943,2.997,0.000426,0.000000,-0.000000,0.000,0.001,-0.047486,0.088775,0.000000,-0.094972,0.000000,0.232412,1,53.79
1.506000,0.011,0.001117,0.031406,2.997,-0.001117,0.000000,-0.000000,0.000,0.002,-0.047486,0.088775,0.000000,-0.094972,0.000000,0.232412,1,53.79
1.508000,-0.004,-0.000386,0.030955,2.997,0.000386,0.000000,-0.000000,0.003,0.001,-0.047486,0.088775,0.000000,-0.094972,0.000000,0.232412,1,53.79
1.510000,-0.001,-0.000075,0.031049,2.997,0.000075,0.000000,-0.000000,-0.004,0.000,-0.047486,0.088775,0.000000,-0.094972,0.000000,0.232412,1,53.79
1.512000,0.005,0.000466,0.031211,2.997,-0.000466,0.000000,-0.000000,0.004,0.001,-0.047486,0.088775,0.000000,-0.094972,0.000000,0.232412,1,53.79
1.514000,-0.001,-0.000050,0.031056,2.997,0.000050,0.000000,-0.000000,-0.011,0.000,-0.047486,0.088775,0.000000,-0.094972,0.000000,0.232412,1,53.79
1.516000,0.009,0.000881,0.031335,2.997,-0.000881,0.000000,0.000000,0.004,0.002,-0.047486,0.088775,0.000000,-0.094972,0.000000,0.232412,1,53.79
1.518000,0.008,0.000814,0.031315,2.997,-0.000814,0.000000,-0.000000,0.001,0.002,-0.047486,0.088775,0.000000,-0.094972,0.000000,0.232412,1,53.79
1.520000,0.020,0.001965,0.031661,2.997,-0.001965,0.000000,-0.000000,-0.005,0.004,-0.047486,0.088775,0.000000,-0.094972,0.000000,0.232412,1,53.79
1.522000,0.020,0.001974,0.031663,2.997,-0.001974,0.000000,-0.000000,0.001,0.004,-0.047486,0.088775,0.000000,-0.094972,0.000000,0.232412,1,53.79
1.524000,0.003,0.000259,0.031149,2.997,-0.000259,0.000000,0.000000,-0.009,0.001,-0.047486,0.088775,0.000000,-0.094972,0.000000,0.232412,1,53.79
1.526000,0.005,0.000455,0.031689,2.997,-0.000455,0.000000,0.000000,-0.008,0.001,-0.048222,0.090150,0.000000,-0.096443,0.000000,0.236012,1,53.80
1.528000,0.022,0.002230,0.032222,2.997,-0.002230,0.000000,0.000000,-0.020,0.004,-0.048222,0.090150,0.000000,-0.096443,0.000000,0.236012,1,53.80
1.530000,0.003,0.000268,0.031633,2.997,-0.000268,0.000000,0.000000,-0.020,0.001,-0.048222,0.090150,0.000000,-0.096443,0.000000,0.236012,1,53.80
1.532000,-0.003,-0.000287,0.031466,2.997,0.000287,0.000000,0.000000,-0.003,0.001,-0.048222,0.090150,0.000000,-0.096443,0.000000,0.236012,1,53.80
1.534000,0.020,0.001976,0.032145,2.997,-0.001976,0.000000,-0.000000,-0.005,0.004,-0.048222,0.090150,0.000000,-0.096443,0.000000,0.236012,1,53.80
1.536000,0.003,0.000319,0.031648,2.997,-0.000319,0.000000,0.000000,-0.022,0.001,-0.048222,0.090150,0.000000,-0.096443,0.000000,0.236012,1,53.80
1.538000,-0.002,-0.000242,0.031480,2.997,0.000242,0.000000,0.000000,-0.003,0.000,-0.048222,0.090150,0.000000,-0.096443,0.000000,0.236012,1,53.80
1.540000,0.014,0.001389,0.031969,2.997,-0.001389,0.000000,-0.000000,0.003,0.003,-0.048222,0.090150,0.000000,-0.096443,0.000000,0.236012,1,53.80
1.542000,0.027,0.002681,0.032357,2.997,-0.002681,0.000000,-0.000000,-0.020,0.005,-0.048222,0.090150,0.000000,-0.096443,0.000000,0.236012,1,53.80
1.544000,0.007,0.000659,0.031750,2.997,-0.000659,0.000000,-0.000000,-0.003,0.001,-0.048222,0.090150,0.000000,-0.096443,0.000000,0.236012,1,53.80
1.546000,0.010,0.001041,0.031865,2.997,-0.001041,0.000000,-0.000000,0.002,0.002,-0.048222,0.090150,0.000000,-0.096443,0.000000,0.236012,1,53.80
1.548000,-0.009,-0.000873,0.031291,2.997,0.000873,0.000000,-0.000000,-0.014,0.002,-0.048222,0.090150,0.000000,-0.096443,0.000000,0.236012,1,53.80
1.550000,0.027,0.002720,0.032369,2.997,-0.002720,0.000000,-0.000000,-0.027,0.005,-0.048222,0.090150,0.000000,-0.096443,0.000000,0.236012,1,53.80
1.552000,0.016,0.001606,0.032034,2.997,-0.001606,0.000000,-0.000000,-0.007,0.003,-0.048222,0.090150,0.000000,-0.096443,0.000000,0.236012,1,53.80
1.554000,0.010,0.000967,0.031843,2.997,-0.000967,0.000000,-0.000000,-0.010,0.002,-0.048222,0.090150,0.000000,-0.096443,0.000000,0.236012,1,53.80
1.556000,0.003,0.000295,0.031641,2.997,-0.000295,0.000000,0.000000,0.009,0.001,-0.048222,0.090150,0.000000,-0.096443,0.000000,0.236012,1,53.80
1.558000,0.007,0.000705,0.031764,2.997,-0.000705,0.000000,-0.000000,-0.027,0.001,-0.048222,0.090150,0.000000,-0.096443,0.000000,0.236012,1,53.80
1.560000,-0.007,-0.000718,0.031337,2.997,0.000718,0.000000,0.000000,-0.016,0.001,-0.048222,0.090150,0.000000,-0.096443,0.000000,0.236012,1,53.80
1.562000,0.010,0.000982,0.031847,2.997,-0.000982,0.000000,-0.000000,-0.010,0.002,-0.048222,0.090150,0.000000,-0.096443,0.000000,0.236012,1,53.80
1.564000,0.027,0.002700,0.032362,2.997,-0.002700,0.000000,-0.000000,-0.003,0.005,-0.048222,0.090150,0.000000,-0.096443,0.000000,0.236012,1,53.80
1.566000,0.003,0.000338,0.031654,2.997,-0.000338,0.000000,-0.000000,-0.007,0.001,-0.048222,0.090150,0.000000,-0.096443,0.000000,0.236012,1,53.80
1.568000,-0.010,-0.001025,0.031245,2.997,0.001025,0.000000,0.000000,0.007,0.002,-0.048222,0.090150,0.000000,-0.096443,0.000000,0.236012,1,53.80
1.570000,0.006,0.000582,0.031727,2.997,-0.000582,0.000000,-0.000000,-0.010,0.001,-0.048222,0.090150,0.000000,-0.096443,0.000000,0.236012,1,53.80
1.572000,0.014,0.001426,0.031980,2.997,-0.001426,0.000000,-0.000000,-0.027,0.003,-0.048222,0.090150,0.000000,-0.096443,0.000000,0.236012,1,53.80
1.574000,-0.003,-0.000250,0.031477,2.997,0.000250,0.000000,0.000000,-0.003,0.001,-0.048222,0.090150,0.000000,-0.096443,0.000000,0.236012,1,53.80
1.576000,0.004,0.000364,0.032088,2.997,-0.000364,0.000000,0.000000,0.010,0.001,-0.048873,0.091367,0.000000,-0.097745,0.000000,0.239199,1,53.81
1.578000,0.005,0.000472,0.032120,2.997,-0.000472,0.000000,-0.000000,-0.006,0.001,-0.048873,0.091367,0.000000,-0.097745,0.000000,0.239199,1,53.81
1.580000,0.022,0.002214,0.032643,2.997,-0.002214,0.000000,-0.000000,-0.014,0.004,-0.048873,0.091367,0.000000,-0.097745,0.000000,0.239199,1,53.81
1.582000,0.015,0.001482,0.032423,2.997,-0.001482,0.000000,0.000000,0.003,0.003,-0.048873,0.091367,0.000000,-0.097745,0.000000,0.239199,1,53.81
1.584000,0.018,0.001824,0.032526,2.997,-0.001824,0.000000,-0.000000,-0.004,0.004,-0.048873,0.091367,0.000000,-0.097745,0.000000,0.239199,1,53.81
1.586000,0.009,0.000940,0.032261,2.997,-0.000940,0.000000,0.000000,-0.005,0.002,-0.048873,0.091367,0.000000,-0.097745,0.000000,0.239199,1,53.81
1.588000,0.004,0.000399,0.032098,2.997,-0.000399,0.000000,0.000000,-0.022,0.001,-0.048873,0.091367,0.000000,-0.097745,0.000000,0.239199,1,53.81
1.590000,0.017,0.001653,0.032474,2.997,-0.001653,0.000000,0.000000,-0.015,0.003,-0.048873,0.091367,0.000000,-0.097745,0.000000,0.239199,1,53.81
1.592000,0.017,0.001667,0.032479,2.997,-0.001667,0.000000,-0.000000,-0.018,0.003,-0.048873,0.091367,0.000000,-0.097745,0.000000,0.239199,1,53.81
1.594000,0.006,0.000589,0.032155,2.997,-0.000589,0.000000,0.000000,-0.009,0.001,-0.048873,0.091367,0.000000,-0.097745,0.000000,0.239199,1,53.81
1.596000,0.018,0.001804,0.032520,2.997,-0.001804,0.000000,-0.000000,-0.004,0.004,-0.048873,0.091367,0.000000,-0.097745,0.000000,0.239199,1,53.81
1.598000,0.013,0.001342,0.032381,2.997,-0.001342,0.000000,-0.000000,-0.017,0.003,-0.048873,0.091367,0.000000,-0.097745,0.000000,0.239199,1,53.81
1.600000,0.011,0.001110,0.032311,2.997,-0.001110,0.000000,-0.000000,0.000,0.002,-0.048873,0.091367,0.000000,-0.097745,0.000000,0.239199,1,53.81
1.602000,0.024,0.002379,0.032692,2.997,-0.002379,0.000000,-0.000000,0.000,0.005,-0.048873,0.091367,0.000000,-0.097745,0.000000,0.239199,1,53.81
1.604000,0.011,0.001148,0.032323,2.997,-0.001148,0.000000,0.000000,0.000,0.002,-0.048873,0.091367,0.000000,-0.097745,0.000000,0.239199,1,53.81
1.606000,0.014,0.001440,0.032410,2.997,-0.001440,0.000000,0.000000,0.000,0.003,-0.048873,0.091367,0.000000,-0.097745,0.000000,0.239199,1,53.81
1.608000,0.012,0.001204,0.032340,2.997,-0.001204,0.000000,0.000000,-0.011,0.002,-0.048873,0.091367,0.000000,-0.097745,0.000000,0.239199,1,53.81
1.610000,0.018,0.001818,0.032524,2.997,-0.001818,0.000000,0.000000,-0.024,0.004,-0.048873,0.091367,0.000000,-0.097745,0.000000,0.239199,1,53.81
1.612000,0.003,0.000325,0.032076,2.997,-0.000325,0.000000,0.000000,-0.011,0.001,-0.048873,0.091367,0.000000,-0.097745,0.000000,0.239199,1,53.81
1.614000,-0.003,-0.000324,0.031881,2.997,0.000324,0.000000,0.000000,-0.014,0.001,-0.048873,0.091367,0.000000,-0.097745,0.000000,0.239199,1,53.81
1.616000,0.028,0.002833,0.032828,2.997,-0.002833,0.000000,0.000000,-0.012,0.006,-0.048873,0.091367,0.000000,-0.097745,0.000000,0.239199,1,53.81
1.618000,0.021,0.002081,0.032603,2.997,-0.002081,0.000000,0.000000,-0.018,0.004,-0.048873,0.091367,0.000000,-0.097745,0.000000,0.239199,1,53.81
1.620000,0.018,0.001784,0.032514,2.997,-0.001784,0.000000,0.000000,-0.003,0.004,-0.048873,0.091367,0.000000,-0.097745,0.000000,0.239199,1,53.81
1.622000,0.003,0.000311,0.032072,2.997,-0.000311,0.000000,0.000000,0.003,0.001,-0.048873,0.091367,0.000000,-0.097745,0.000000,0.239199,1,53.81
1.624000,0.013,0.001287,0.032365,2.997,-0.001287,0.000000,-0.000000,-0.028,0.003,-0.048873,0.091367,0.000000,-0.097745,0.000000,0.239199,1,53.81
1.626000,0.016,0.001600,0.032634,2.997,-0.001600,0.000000,0.000000,-0.021,0.003,-0.049141,0.091869,0.000000,-0.098282,0.000000,0.240511,1,53.82
1.628000,0.011,0.001078,0.032477,2.997,-0.001078,0.000000,0.000000,-0.018,0.002,-0.049141,0.091869,0.000000,-0.098282,0.000000,0.240511,1,53.82
1.630000,-0.005,-0.000513,0.032000,2.997,0.000513,0.000000,0.000000,-0.003,0.001,-0.049141,0.091869,0.000000,-0.098282,0.000000,0.240511,1,53.82
1.632000,0.010,0.000954,0.032440,2.997,-0.000954,0.000000,0.000000,-0.013,0.002,-0.049141,0.091869,0.000000,-0.098282,0.000000,0.240511,1,53.82
1.634000,0.009,0.000886,0.032420,2.997,-0.000886,0.000000,0.000000,-0.016,0.002,-0.049141,0.091869,0.000000,-0.098282,0.000000,0.240511,1,53.82
1.636000,0.009,0.000889,0.032421,2.997,-0.000889,0.000000,0.000000,-0.011,0.002,-0.049141,0.091869,0.000000,-0.098282,0.000000,0.240511,1,53.82
1.638000,0.004,0.000434,0.032284,2.997,-0.000434,0.000000,0.000000,0.005,0.001,-0.049141,0.091869,0.000000,-0.098282,0.000000,0.240511,1,53.82
1.640000,0.011,0.001065,0.032474,2.997,-0.001065,0.000000,0.000000,-0.010,0.002,-0.049141,0.091869,0.000000,-0.098282,0.000000,0.240511,1,53.82
1.642000,0.019,0.001938,0.032736,2.997,-0.001938,0.000000,-0.000000,-0.009,0.004,-0.049141,0.091869,0.000000,-0.098282,0.000000,0.240511,1,53.82
1.644000,0.011,0.001056,0.032471,2.997,-0.001056,0.000000,0.000000,-0.009,0.002,-0.049141,0.091869,0.000000,-0.098282,0.000000,0.240511,1,53.82
1.646000,0.015,0.001490,0.032601,2.997,-0.001490,0.000000,-0.000000,-0.004,0.003,-0.049141,0.091869,0.000000,-0.098282,0.000000,0.240511,1,53.82
1.648000,0.000,0.000042,0.032167,2.997,-0.000042,0.000000,0.000000,-0.011,0.000,-0.049141,0.091869,0.000000,-0.098282,0.000000,0.240511,1,53.82
1.650000,0.003,0.000282,0.032239,2.997,-0.000282,0.000000,0.000000,-0.019,0.001,-0.049141,0.091869,0.000000,-0.098282,0.000000,0.240511,1,53.82
1.652000,0.014,0.001421,0.032580,2.997,-0.001421,0.000000,-0.000000,-0.011,0.003,-0.049141,0.091869,0.000000,-0.098282,0.000000,0.240511,1,53.82
1.654000,0.001,0.000094,0.032182,2.997,-0.000094,0.000000,0.000000,-0.015,0.000,-0.049141,0.091869,0.000000,-0.098282,0.000000,0.240511,1,53.82
1.656000,0.010,0.000998,0.032453,2.997,-0.000998,0.000000,0.000000,-0.000,0.002,-0.049141,0.091869,0.000000,-0.098282,0.000000,0.240511,1,53.82
1.658000,0.011,0.001101,0.032484,2.997,-0.001101,0.000000,-0.000000,-0.003,0.002,-0.049141,0.091869,0.000000,-0.098282,0.000000,0.240511,1,53.82
1.660000,-0.010,-0.001044,0.031841,2.997,0.001044,0.000000,0.000000,-0.014,0.002,-0.049141,0.091869,0.000000,-0.098282,0.000000,0.240511,1,53.82
1.662000,-0.001,-0.000120,0.032118,2.997,0.000120,0.000000,0.000000,-0.001,0.000,-0.049141,0.091869,0.000000,-0.098282,0.000000,0.240511,1,53.82
1.664000,0.008,0.000771,0.032385,2.997,-0.000771,0.000000,0.000000,-0.010,0.002,-0.049141,0.091869,0.000000,-0.098282,0.000000,0.240511,1,53.82
1.666000,0.008,0.000782,0.032389,2.997,-0.000782,0.000000,0.000000,-0.011,0.002,-0.049141,0.091869,0.000000,-0.098282,0.000000,0.240511,1,53.82
1.668000,0.015,0.001488,0.032600,2.997,-0.001488,0.000000,-0.000000,0.010,0.003,-0.049141,0.091869,0.000000,-0.098282,0.000000,0.240511,1,53.82
1.670000,0.027,0.002707,0.032966,2.997,-0.002707,0.000000,-0.000000,0.001,0.005,-0.049141,0.091869,0.000000,-0.098282,0.000000,0.240511,1,53.82
1.672000,0.025,0.002490,0.032901,2.997,-0.002490,0.000000,-0.000000,-0.008,0.005,-0.049141,0.091869,0.000000,-0.098282,0.000000,0.240511,1,53.82
1.674000,0.008,0.000812,0.032397,2.997,-0.000812,0.000000,-0.000000,-0.008,0.002,-0.049141,0.091869,0.000000,-0.098282,0.000000,0.240511,1,53.82
1.676000,0.016,0.001622,0.032641,2.997,-0.001622,0.000000,-0.000000,-0.015,0.003,-0.049141,0.091869,0.000000,-0.098282,0.000000,0.240511,1,53.82
1.678000,0.011,0.001131,0.032804,2.997,-0.001131,0.000000,-0.000000,-0.027,0.002,-0.049616,0.092756,0.000000,-0.099231,0.000000,0.242836,1,54.62
1.680000,0.029,0.002934,0.033345,2.997,-0.002934,0.000000,0.000000,-0.025,0.006,-0.049616,0.092756,0.000000,-0.099231,0.000000,0.242836,1,54.62
1.682000,0.005,0.000503,0.032616,2.997,-0.000503,0.000000,0.000000,-0.008,0.001,-0.049616,0.092756,0.000000,-0.099231,0.000000,0.242836,1,54.62
1.684000,-0.010,-0.001021,0.032159,2.997,0.001021,0.000000,0.000000,-0.016,0.002,-0.049616,0.092756,0.000000,-0.099231,0.000000,0.242836,1,54.62
1.686000,0.015,0.001472,0.032906,2.997,-0.001472,0.000000,0.000000,-0.011,0.003,-0.049616,0.092756,0.000000,-0.099231,0.000000,0.242836,1,54.62
1.688000,0.007,0.000724,0.032682,2.997,-0.000724,0.000000,0.000000,-0.029,0.001,-0.049616,0.092756,0.000000,-0.099231,0.000000,0.242836,1,54.62
1.690000,0.020,0.002007,0.033067,2.997,-0.002007,0.000000,-0.000000,-0.005,0.004,-0.049616,0.092756,0.000000,-0.099231,0.000000,0.242836,1,54.62
1.692000,-0.005,-0.000523,0.032308,2.997,0.000523,0.000000,0.000000,0.010,0.001,-0.049616,0.092756,0.000000,-0.099231,0.000000,0.242836,1,54.62
1.694000,0.007,0.000692,0.032672,2.997,-0.000692,0.000000,-0.000000,-0.015,0.001,-0.049616,0.092756,0.000000,-0.099231,0.000000,0.242836,1,54.62
1.696000,0.026,0.002617,0.033250,2.997,-0.002617,0.000000,-0.000000,-0.007,0.005,-0.049616,0.092756,0.000000,-0.099231,0.000000,0.242836,1,54.62
1.698000,0.004,0.000375,0.032577,2.997,-0.000375,0.000000,0.000000,-0.020,0.001,-0.049616,0.092756,0.000000,-0.099231,0.000000,0.242836,1,54.62
1.700000,0.019,0.001906,0.033037,2.997,-0.001906,0.000000,-0.000000,0.000,0.004,-0.049616,0.092756,0.000000,-0.099231,0.000000,0.242836,1,54.62
1.702000,0.007,0.000738,0.032686,2.997,-0.000738,0.000000,0.000000,0.000,0.001,-0.049616,0.092756,0.000000,-0.099231,0.000000,0.242836,1,54.62
1.704000,0.011,0.001147,0.032809,2.997,-0.001147,0.000000,0.000000,0.000,0.002,-0.049616,0.092756,0.000000,-0.099231,0.000000,0.242836,1,54.62
1.706000,0.015,0.001484,0.032910,2.997,-0.001484,0.000000,-0.000000,0.000,0.003,-0.049616,0.092756,0.000000,-0.099231,0.000000,0.242836,1,54.62
1.708000,-0.013,-0.001316,0.032070,2.997,0.001316,0.000000,0.000000,-0.019,0.003,-0.049616,0.092756,0.000000,-0.099231,0.000000,0.242836,1,54.62
1.710000,-0.001,-0.000080,0.032441,2.997,0.000080,0.000000,0.000000,-0.007,0.000,-0.049616,0.092756,0.000000,-0.099231,0.000000,0.242836,1,54.62
1.712000,0.018,0.001819,0.033010,2.997,-0.001819,0.000000,0.000000,-0.011,0.004,-0.049616,0.092756,0.000000,-0.099231,0.000000,0.242836,1,54.62
1.714000,0.016,0.001569,0.032935,2.997,-0.001569,0.000000,0.000000,-0.015,0.003,-0.049616,0.092756,0.000000,-0.099231,0.000000,0.242836,1,54.62
1.716000,0.012,0.001207,0.032827,2.997,-0.001207,0.000000,0.000000,0.013,0.002,-0.049616,0.092756,0.000000,-0.099231,0.000000,0.242836,1,54.62
1.718000,0.016,0.001563,0.032934,2.997,-0.001563,0.000000,-0.000000,0.001,0.003,-0.049616,0.092756,0.000000,-0.099231,0.000000,0.242836,1,54.62
1.720000,0.021,0.002104,0.033096,2.997,-0.002104,0.000000,-0.000000,-0.018,0.004,-0.049616,0.092756,0.000000,-0.099231,0.000000,0.242836,1,54.62
1.722000,0.002,0.000177,0.032518,2.997,-0.000177,0.000000,0.000000,-0.016,0.000,-0.049616,0.092756,0.000000,-0.099231,0.000000,0.242836,1,54.62
1.724000,0.014,0.001365,0.032874,2.997,-0.001365,0.000000,-0.000000,-0.012,0.003,-0.049616,0.092756,0.000000,-0.099231,0.000000,0.242836,1,54.62
1.726000,0.016,0.001565,0.032934,2.997,-0.001565,0.000000,-0.000000,-0.016,0.003,-0.049616,0.092756,0.000000,-0.099231,0.000000,0.242836,1,54.62
1.728000,-0.005,-0.000462,0.032400,2.997,0.000462,0.000000,-0.000000,-0.021,0.001,-0.049729,0.092968,0.000000,-0.099458,0.000000,0.243390,1,53.50
1.730000,0.001,0.000068,0.032559,2.997,-0.000068,0.000000,-0.000000,-0.002,0.000,-0.049729,0.092968,0.000000,-0.099458,0.000000,0.243390,1,53.50
1.732000,-0.010,-0.000970,0.032248,2.997,0.000970,0.000000,-0.000000,-0.014,0.002,-0.049729,0.092968,0.000000,-0.099458,0.000000,0.243390,1,53.50
1.734000,0.006,0.000627,0.032727,2.997,-0.000627,0.000000,-0.000000,-0.016,0.001,-0.049729,0.092968,0.000000,-0.099458,0.000000,0.243390,1,53.50
1.736000,0.019,0.001880,0.033103,2.997,-0.001880,0.000000,-0.000000,0.005,0.004,-0.049729,0.092968,0.000000,-0.099458,0.000000,0.243390,1,53.50
1.738000,0.008,0.000752,0.032765,2.997,-0.000752,0.000000,-0.000000,-0.001,0.002,-0.049729,0.092968,0.000000,-0.099458,0.000000,0.243390,1,53.50
1.740000,0.018,0.001794,0.033077,2.997,-0.001794,0.000000,-0.000000,0.010,0.004,-0.049729,0.092968,0.000000,-0.099458,0.000000,0.243390,1,53.50
1.742000,0.014,0.001409,0.032962,2.997,-0.001409,0.000000,-0.000000,-0.006,0.003,-0.049729,0.092968,0.000000,-0.099458,0.000000,0.243390,1,53.50
1.744000,0.023,0.002311,0.033232,2.997,-0.002311,0.000000,-0.000000,-0.019,0.005,-0.049729,0.092968,0.000000,-0.099458,0.000000,0.243390,1,53.50
1.746000,0.005,0.000453,0.032675,2.997,-0.000453,0.000000,0.000000,-0.008,0.001,-0.049729,0.092968,0.000000,-0.099458,0.000000,0.243390,1,53.50
1.748000,0.009,0.000930,0.032818,2.997,-0.000930,0.000000,-0.000000,-0.018,0.002,-0.049729,0.092968,0.000000,-0.099458,0.000000,0.243390,1,53.50
1.750000,-0.004,-0.000378,0.032425,2.997,0.000378,0.000000,0.000000,-0.014,0.001,-0.049729,0.092968,0.000000,-0.099458,0.000000,0.243390,1,53.50
1.752000,-0.003,-0.000301,0.032449,2.997,0.000301,0.000000,0.000000,-0.023,0.001,-0.049729,0.092968,0.000000,-0.099458,0.000000,0.243390,1,53.50
1.754000,-0.001,-0.000106,0.032507,2.997,0.000106,0.000000,0.000000,-0.005,0.000,-0.049729,0.092968,0.000000,-0.099458,0.000000,0.243390,1,53.50
1.756000,0.011,0.001140,0.032881,2.997,-0.001140,0.000000,0.000000,-0.009,0.002,-0.049729,0.092968,0.000000,-0.099458,0.000000,0.243390,1,53.50
1.758000,0.012,0.001189,0.032896,2.997,-0.001189,0.000000,0.000000,0.004,0.002,-0.049729,0.092968,0.000000,-0.099458,0.000000,0.243390,1,53.50
1.760000,0.017,0.001653,0.033035,2.997,-0.001653,0.000000,-0.000000,0.003,0.003,-0.049729,0.092968,0.000000,-0.099458,0.000000,0.243390,1,53.50
1.762000,0.007,0.000669,0.032740,2.997,-0.000669,0.000000,-0.000000,0.001,0.001,-0.049729,0.092968,0.000000,-0.099458,0.000000,0.243390,1,53.50
1.764000,0.013,0.001266,0.032919,2.997,-0.001266,0.000000,-0.000000,-0.011,0.003,-0.049729,0.092968,0.000000,-0.099458,0.000000,0.243390,1,53.50
1.766000,0.008,0.000810,0.032782,2.997,-0.000810,0.000000,-0.000000,-0.012,0.002,-0.049729,0.092968,0.000000,-0.099458,0.000000,0.243390,1,53.50
1.768000,0.003,0.000313,0.032633,2.997,-0.000313,0.000000,0.000000,-0.017,0.001,-0.049729,0.092968,0.000000,-0.099458,0.000000,0.243390,1,53.50
1.770000,0.006,0.000623,0.032726,2.997,-0.000623,0.000000,0.000000,-0.007,0.001,-0.049729,0.092968,0.000000,-0.099458,0.000000,0.243390,1,53.50
1.772000,-0.000,-0.000026,0.032531,2.997,0.000026,0.000000,0.000000,-0.013,0.000,-0.049729,0.092968,0.000000,-0.099458,0.000000,0.243390,1,53.50
1.774000,0.015,0.001506,0.032991,2.997,-0.001506,0.000000,-0.000000,-0.008,0.003,-0.049729,0.092968,0.000000,-0.099458,0.000000,0.243390,1,53.50
1.776000,0.004,0.000399,0.032659,2.997,-0.000399,0.000000,-0.000000,-0.003,0.001,-0.049729,0.092968,0.000000,-0.099458,0.000000,0.243390,1,53.50
1.778000,0.013,0.001319,0.016857,2.997,-0.001319,0.000000,-0.000000,-0.006,0.003,-0.025158,0.047033,0.000000,-0.050316,0.000000,0.123131,1,55.48
1.780000,0.027,0.002676,0.017264,2.997,-0.002676,0.000000,-0.000000,0.000,0.005,-0.025158,0.047033,0.000000,-0.050316,0.000000,0.123131,1,55.48
1.782000,0.019,0.001900,0.017031,2.997,-0.001900,0.000000,-0.000000,-0.015,0.004,-0.025158,0.047033,0.000000,-0.050316,0.000000,0.123131,1,55.48
1.784000,0.010,0.000978,0.016755,2.997,-0.000978,0.000000,0.000000,-0.004,0.002,-0.025158,0.047033,0.000000,-0.050316,0.000000,0.123131,1,55.48
1.786000,0.013,0.001296,0.016850,2.997,-0.001296,0.000000,0.000000,-0.013,0.003,-0.025158,0.047033,0.000000,-0.050316,0.000000,0.123131,1,55.48
1.788000,-0.019,-0.001947,0.015877,2.997,0.001947,0.000000,0.000000,-0.027,0.004,-0.025158,0.047033,0.000000,-0.050316,0.000000,0.123131,1,55.48
1.790000,-0.003,-0.000341,0.016359,2.997,0.000341,0.000000,0.000000,-0.019,0.001,-0.025158,0.047033,0.000000,-0.050316,0.000000,0.123131,1,55.48
1.792000,-0.004,-0.000414,0.016337,2.997,0.000414,0.000000,0.000000,-0.010,0.001,-0.025158,0.047033,0.000000,-0.050316,0.000000,0.123131,1,55.48
1.794000,0.010,0.000964,0.016751,2.997,-0.000964,0.000000,-0.000000,-0.013,0.002,-0.025158,0.047033,0.000000,-0.050316,0.000000,0.123131,1,55.48
1.796000,0.024,0.002384,0.017177,2.997,-0.002384,0.000000,-0.000000,0.019,0.005,-0.025158,0.047033,0.000000,-0.050316,0.000000,0.123131,1,55.48
1.798000,0.020,0.002043,0.017074,2.997,-0.002043,0.000000,-0.000000,0.003,0.004,-0.025158,0.047033,0.000000,-0.050316,0.000000,0.123131,1,55.48
1.800000,0.017,0.001704,0.016973,2.997,-0.001704,0.000000,-0.000000,0.000,0.003,-0.025158,0.047033,0.000000,-0.050316,0.000000,0.123131,1,55.48
1.802000,0.003,0.000287,0.016548,2.997,-0.000287,0.000000,0.000000,0.000,0.001,-0.025158,0.047033,0.000000,-0.050316,0.000000,0.123131,1,55.48
1.804000,0.005,0.000547,0.016625,2.997,-0.000547,0.000000,0.000000,0.000,0.001,-0.025158,0.047033,0.000000,-0.050316,0.000000,0.123131,1,55.48
1.806000,0.003,0.000296,0.016550,2.997,-0.000296,0.000000,0.000000,0.000,0.001,-0.025158,0.047033,0.000000,-0.050316,0.000000,0.123131,1,55.48
1.808000,0.022,0.002202,0.017122,2.997,-0.002202,0.000000,0.000000,-0.017,0.004,-0.025158,0.047033,0.000000,-0.050316,0.000000,0.123131,1,55.48
1.810000,-0.008,-0.000803,0.016221,2.997,0.000803,0.000000,0.000000,-0.003,0.002,-0.025158,0.047033,0.000000,-0.050316,0.000000,0.123131,1,55.48
1.812000,0.011,0.001143,0.016804,2.997,-0.001143,0.000000,0.000000,-0.005,0.002,-0.025158,0.047033,0.000000,-0.050316,0.000000,0.123131,1,55.48
1.814000,-0.003,-0.000261,0.016383,2.997,0.000261,0.000000,0.000000,-0.003,0.001,-0.025158,0.047033,0.000000,-0.050316,0.000000,0.123131,1,55.48
1.816000,-0.021,-0.002130,0.015822,2.997,0.002130,0.000000,0.000000,-0.022,0.004,-0.025158,0.047033,0.000000,-0.050316,0.000000,0.123131,1,55.48
1.818000,-0.006,-0.000635,0.016271,2.997,0.000635,0.000000,0.000000,0.008,0.001,-0.025158,0.047033,0.000000,-0.050316,0.000000,0.123131,1,55.48
1.820000,0.000,0.000008,0.016464,2.997,-0.000008,0.000000,-0.000000,-0.011,0.000,-0.025158,0.047033,0.000000,-0.050316,0.000000,0.123131,1,55.48
1.822000,-0.007,-0.000670,0.016260,2.997,0.000670,0.000000,0.000000,0.003,0.001,-0.025158,0.047033,0.000000,-0.050316,0.000000,0.123131,1,55.48
1.824000,-0.017,-0.001696,0.015953,2.997,0.001696,0.000000,0.000000,0.021,0.003,-0.025158,0.047033,0.000000,-0.050316,0.000000,0.123131,1,55.48
1.826000,0.015,0.001492,0.016909,2.997,-0.001492,0.000000,-0.000000,0.006,0.003,-0.025158,0.047033,0.000000,-0.050316,0.000000,0.123131,1,55.48
1.828000,0.004,0.000436,0.017594,2.997,-0.000436,0.000000,-0.000000,-0.000,0.001,-0.026689,0.049895,0.000000,-0.053378,0.000000,0.130626,1,55.74
1.830000,-0.003,-0.000275,0.017381,2.997,0.000275,0.000000,-0.000000,0.007,0.001,-0.026689,0.049895,0.000000,-0.053378,0.000000,0.130626,1,55.74
1.832000,0.007,0.000707,0.017676,2.997,-0.000707,0.000000,-0.000000,0.017,0.001,-0.026689,0.049895,0.000000,-0.053378,0.000000,0.130626,1,55.74
1.834000,-0.002,-0.000158,0.017416,2.997,0.000158,0.000000,-0.000000,-0.015,0.000,-0.026689,0.049895,0.000000,-0.053378,0.000000,0.130626,1,55.74
1.836000,0.018,0.001831,0.018013,2.997,-0.001831,0.000000,-0.000000,-0.004,0.004,-0.026689,0.049895,0.000000,-0.053378,0.000000,0.130626,1,55.74
1.838000,0.007,0.000722,0.017680,2.997,-0.000722,0.000000,-0.000000,0.003,0.001,-0.026689,0.049895,0.000000,-0.053378,0.000000,0.130626,1,55.74
1.840000,0.011,0.001066,0.017783,2.997,-0.001066,0.000000,-0.000000,-0.007,0.002,-0.026689,0.049895,0.000000,-0.053378,0.000000,0.130626,1,55.74
1.842000,0.012,0.001229,0.017832,2.997,-0.001229,0.000000,-0.000000,0.002,0.002,-0.026689,0.049895,0.000000,-0.053378,0.000000,0.130626,1,55.74
1.844000,-0.012,-0.001247,0.017089,2.997,0.001247,0.000000,-0.000000,-0.018,0.002,-0.026689,0.049895,0.000000,-0.053378,0.000000,0.130626,1,55.74
1.846000,0.019,0.001944,0.018047,2.997,-0.001944,0.000000,-0.000000,-0.007,0.004,-0.026689,0.049895,0.000000,-0.053378,0.000000,0.130626,1,55.74
1.848000,0.001,0.000084,0.017489,2.997,-0.000084,0.000000,-0.000000,-0.011,0.000,-0.026689,0.049895,0.000000,-0.053378,0.000000,0.130626,1,55.74
1.850000,0.006,0.000576,0.017636,2.997,-0.000576,0.000000,-0.000000,-0.012,0.001,-0.026689,0.049895,0.000000,-0.053378,0.000000,0.130626,1,55.74
1.852000,0.023,0.002269,0.018144,2.997,-0.002269,0.000000,-0.000000,0.012,0.005,-0.026689,0.049895,0.000000,-0.053378,0.000000,0.130626,1,55.74
1.854000,0.014,0.001413,0.017887,2.997,-0.001413,0.000000,-0.000000,-0.019,0.003,-0.026689,0.049895,0.000000,-0.053378,0.000000,0.130626,1,55.74
1.856000,0.011,0.001096,0.017792,2.997,-0.001096,0.000000,-0.000000,-0.001,0.002,-0.026689,0.049895,0.000000,-0.053378,0.000000,0.130626,1,55.74
1.858000,-0.000,-0.000001,0.017463,2.997,0.000001,0.000000,-0.000000,-0.006,0.000,-0.026689,0.049895,0.000000,-0.053378,0.000000,0.130626,1,55.74
1.860000,0.017,0.001673,0.017965,2.997,-0.001673,0.000000,-0.000000,-0.023,0.003,-0.026689,0.049895,0.000000,-0.053378,0.000000,0.130626,1,55.74
1.862000,-0.000,-0.000002,0.017463,2.997,0.000002,0.000000,0.000000,-0.014,0.000,-0.026689,0.049895,0.000000,-0.053378,0.000000,0.130626,1,55.74
1.864000,0.002,0.000217,0.017528,2.997,-0.000217,0.000000,0.000000,-0.011,0.000,-0.026689,0.049895,0.000000,-0.053378,0.000000,0.130626,1,55.74
1.866000,0.012,0.001244,0.017837,2.997,-0.001244,0.000000,-0.000000,0.000,0.002,-0.026689,0.049895,0.000000,-0.053378,0.000000,0.130626,1,55.74
1.868000,0.000,0.000034,0.017473,2.997,-0.000034,0.000000,0.000000,-0.017,0.000,-0.026689,0.049895,0.000000,-0.053378,0.000000,0.130626,1,55.74
1.870000,0.025,0.002455,0.018200,2.997,-0.002455,0.000000,-0.000000,0.000,0.005,-0.026689,0.049895,0.000000,-0.053378,0.000000,0.130626,1,55.74
1.872000,0.012,0.001248,0.017838,2.997,-0.001248,0.000000,-0.000000,-0.002,0.002,-0.026689,0.049895,0.000000,-0.053378,0.000000,0.130626,1,55.74
1.874000,0.017,0.001675,0.017966,2.997,-0.001675,0.000000,-0.000000,-0.012,0.003,-0.026689,0.049895,0.000000,-0.053378,0.000000,0.130626,1,55.74
1.876000,0.024,0.002351,0.018169,2.997,-0.002351,0.000000,-0.000000,-0.000,0.005,-0.026689,0.049895,0.000000,-0.053378,0.000000,0.130626,1,55.74
1.878000,0.019,0.001881,0.011998,2.997,-0.001881,0.000000,-0.000000,-0.025,0.004,-0.017474,0.032668,0.000000,-0.034948,0.000000,0.085523,1,57.25
1.880000,0.008,0.000785,0.011669,2.997,-0.000785,0.000000,0.000000,-0.012,0.002,-0.017474,0.032668,0.000000,-0.034948,0.000000,0.085523,1,57.25
1.882000,0.022,0.002188,0.012090,2.997,-0.002188,0.000000,-0.000000,-0.017,0.004,-0.017474,0.032668,0.000000,-0.034948,0.000000,0.085523,1,57.25
1.884000,-0.006,-0.000554,0.011268,2.997,0.000554,0.000000,0.000000,-0.024,0.001,-0.017474,0.032668,0.000000,-0.034948,0.000000,0.085523,1,57.25
1.886000,-0.007,-0.000701,0.011223,2.997,0.000701,0.000000,0.000000,-0.019,0.001,-0.017474,0.032668,0.000000,-0.034948,0.000000,0.085523,1,57.25
1.888000,-0.024,-0.002426,0.010706,2.997,0.002426,0.000000,0.000000,-0.008,0.005,-0.017474,0.032668,0.000000,-0.034948,0.000000,0.085523,1,57.25
1.890000,0.017,0.001739,0.011955,2.997,-0.001739,0.000000,-0.000000,-0.022,0.003,-0.017474,0.032668,0.000000,-0.034948,0.000000,0.085523,1,57.25
1.892000,0.011,0.001115,0.011768,2.997,-0.001115,0.000000,-0.000000,0.006,0.002,-0.017474,0.032668,0.000000,-0.034948,0.000000,0.085523,1,57.25
1.894000,0.029,0.002911,0.012307,2.997,-0.002911,0.000000,-0.000000,0.007,0.006,-0.017474,0.032668,0.000000,-0.034948,0.000000,0.085523,1,57.25
1.896000,0.026,0.002608,0.012216,2.997,-0.002608,0.000000,-0.000000,0.024,0.005,-0.017474,0.032668,0.000000,-0.034948,0.000000,0.085523,1,57.25
1.898000,0.004,0.000375,0.011546,2.997,-0.000375,0.000000,-0.000000,-0.017,0.001,-0.017474,0.032668,0.000000,-0.034948,0.000000,0.085523,1,57.25
1.900000,0.022,0.002178,0.012087,2.997,-0.002178,0.000000,-0.000000,0.000,0.004,-0.017474,0.032668,0.000000,-0.034948,0.000000,0.085523,1,57.25
1.902000,-0.006,-0.000591,0.011256,2.997,0.000591,0.000000,0.000000,0.000,0.001,-0.017474,0.032668,0.000000,-0.034948,0.000000,0.085523,1,57.25
1.904000,0.001,0.000067,0.011454,2.997,-0.000067,0.000000,0.000000,0.000,0.000,-0.017474,0.032668,0.000000,-0.034948,0.000000,0.085523,1,57.25
1.906000,0.012,0.001235,0.011804,2.997,-0.001235,0.000000,-0.000000,0.000,0.002,-0.017474,0.032668,0.000000,-0.034948,0.000000,0.085523,1,57.25
1.908000,0.003,0.000317,0.011529,2.997,-0.000317,0.000000,-0.000000,-0.022,0.001,-0.017474,0.032668,0.000000,-0.034948,0.000000,0.085523,1,57.25
1.910000,0.012,0.001229,0.011802,2.997,-0.001229,0.000000,-0.000000,0.006,0.002,-0.017474,0.032668,0.000000,-0.034948,0.000000,0.085523,1,57.25
1.912000,0.013,0.001349,0.011838,2.997,-0.001349,0.000000,-0.000000,-0.001,0.003,-0.017474,0.032668,0.000000,-0.034948,0.000000,0.085523,1,57.25
1.914000,0.030,0.002979,0.012327,2.997,-0.002979,0.000000,-0.000000,-0.012,0.006,-0.017474,0.032668,0.000000,-0.034948,0.000000,0.085523,1,57.25
1.916000,-0.001,-0.000098,0.011404,2.997,0.000098,0.000000,0.000000,-0.003,0.000,-0.017474,0.032668,0.000000,-0.034948,0.000000,0.085523,1,57.25
1.918000,-0.008,-0.000813,0.011190,2.997,0.000813,0.000000,-0.000000,-0.012,0.002,-0.017474,0.032668,0.000000,-0.034948,0.000000,0.085523,1,57.25
1.920000,0.016,0.001557,0.011901,2.997,-0.001557,0.000000,-0.000000,-0.013,0.003,-0.017474,0.032668,0.000000,-0.034948,0.000000,0.085523,1,57.25
1.922000,0.007,0.000718,0.011649,2.997,-0.000718,0.000000,0.000000,-0.030,0.001,-0.017474,0.032668,0.000000,-0.034948,0.000000,0.085523,1,57.25
1.924000,0.016,0.001600,0.011914,2.997,-0.001600,0.000000,0.000000,0.001,0.003,-0.017474,0.032668,0.000000,-0.034948,0.000000,0.085523,1,57.25
1.926000,0.011,0.001073,0.011756,2.997,-0.001073,0.000000,-0.000000,0.008,0.002,-0.017474,0.032668,0.000000,-0.034948,0.000000,0.085523,1,57.25
1.928000,0.017,0.001716,0.011948,2.997,-0.001716,0.000000,-0.000000,-0.016,0.003,-0.017474,0.032668,0.000000,-0.034948,0.000000,0.085523,1,57.25
1.930000,0.016,0.001562,0.017578,2.997,-0.001562,0.000000,-0.000000,-0.007,0.003,-0.026149,0.048885,0.000000,-0.052297,0.000000,0.127981,1,55.55
1.932000,0.010,0.001007,0.017412,2.997,-0.001007,0.000000,-0.000000,-0.016,0.002,-0.026149,0.048885,0.000000,-0.052297,0.000000,0.127981,1,55.55
1.934000,-0.001,-0.000131,0.017071,2.997,0.000131,0.000000,0.000000,-0.011,0.000,-0.026149,0.048885,0.000000,-0.052297,0.000000,0.127981,1,55.55
1.936000,0.005,0.000523,0.017267,2.997,-0.000523,0.000000,0.000000,-0.017,0.001,-0.026149,0.048885,0.000000,-0.052297,0.000000,0.127981,1,55.55
1.938000,0.036,0.003638,0.018201,2.997,-0.003638,0.000000,-0.000000,-0.016,0.007,-0.026149,0.048885,0.000000,-0.052297,0.000000,0.127981,1,55.55
1.940000,0.020,0.001981,0.017704,2.997,-0.001981,0.000000,-0.000000,-0.010,0.004,-0.026149,0.048885,0.000000,-0.052297,0.000000,0.127981,1,55.55
1.942000,0.005,0.000530,0.017269,2.997,-0.000530,0.000000,0.000000,0.001,0.001,-0.026149,0.048885,0.000000,-0.052297,0.000000,0.127981,1,55.55
1.944000,-0.006,-0.000626,0.016922,2.997,0.000626,0.000000,0.000000,-0.005,0.001,-0.026149,0.048885,0.000000,-0.052297,0.000000,0.127981,1,55.55
1.946000,0.003,0.000311,0.017203,2.997,-0.000311,0.000000,-0.000000,-0.036,0.001,-0.026149,0.048885,0.000000,-0.052297,0.000000,0.127981,1,55.55
1.948000,0.018,0.001761,0.017638,2.997,-0.001761,0.000000,0.000000,-0.020,0.004,-0.026149,0.048885,0.000000,-0.052297,0.000000,0.127981,1,55.55
1.950000,0.001,0.000068,0.017130,2.997,-0.000068,0.000000,0.000000,-0.005,0.000,-0.026149,0.048885,0.000000,-0.052297,0.000000,0.127981,1,55.55
1.952000,-0.010,-0.001023,0.016803,2.997,0.001023,0.000000,0.000000,0.006,0.002,-0.026149,0.048885,0.000000,-0.052297,0.000000,0.127981,1,55.55
1.954000,-0.004,-0.000380,0.016996,2.997,0.000380,0.000000,0.000000,-0.003,0.001,-0.026149,0.048885,0.000000,-0.052297,0.000000,0.127981,1,55.55
1.956000,0.012,0.001232,0.017479,2.997,-0.001232,0.000000,-0.000000,-0.018,0.002,-0.026149,0.048885,0.000000,-0.052297,0.000000,0.127981,1,55.55
1.958000,0.005,0.000473,0.017252,2.997,-0.000473,0.000000,0.000000,-0.001,0.001,-0.026149,0.048885,0.000000,-0.052297,0.000000,0.127981,1,55.55
1.960000,0.018,0.001835,0.017660,2.997,-0.001835,0.000000,-0.000000,0.010,0.004,-0.026149,0.048885,0.000000,-0.052297,0.000000,0.127981,1,55.55
1.962000,-0.005,-0.000470,0.016969,2.997,0.000470,0.000000,0.000000,0.004,0.001,-0.026149,0.048885,0.000000,-0.052297,0.000000,0.127981,1,55.55
1.964000,-0.010,-0.001013,0.016806,2.997,0.001013,0.000000,0.000000,-0.012,0.002,-0.026149,0.048885,0.000000,-0.052297,0.000000,0.127981,1,55.55
1.966000,0.017,0.001713,0.017624,2.997,-0.001713,0.000000,-0.000000,-0.005,0.003,-0.026149,0.048885,0.000000,-0.052297,0.000000,0.127981,1,55.55
1.968000,-0.007,-0.000716,0.016895,2.997,0.000716,0.000000,0.000000,-0.018,0.001,-0.026149,0.048885,0.000000,-0.052297,0.000000,0.127981,1,55.55
1.970000,0.016,0.001567,0.017580,2.997,-0.001567,0.000000,-0.000000,0.005,0.003,-0.026149,0.048885,0.000000,-0.052297,0.000000,0.127981,1,55.55
1.972000,0.020,0.002031,0.017719,2.997,-0.002031,0.000000,-0.000000,0.010,0.004,-0.026149,0.048885,0.000000,-0.052297,0.000000,0.127981,1,55.55
1.974000,0.019,0.001908,0.017682,2.997,-0.001908,0.000000,-0.000000,-0.017,0.004,-0.026149,0.048885,0.000000,-0.052297,0.000000,0.127981,1,55.55
1.976000,0.003,0.000256,0.017187,2.997,-0.000256,0.000000,-0.000000,0.007,0.001,-0.026149,0.048885,0.000000,-0.052297,0.000000,0.127981,1,55.55
1.978000,0.022,0.002230,0.017779,2.997,-0.002230,0.000000,-0.000000,-0.016,0.004,-0.026149,0.048885,0.000000,-0.052297,0.000000,0.127981,1,55.55
1.980000,0.002,0.000170,0.017210,2.997,-0.000170,0.000000,-0.000000,-0.020,0.000,-0.026224,0.049025,0.000000,-0.052448,0.000000,0.128348,1,55.80
1.982000,0.013,0.001324,0.017556,2.997,-0.001324,0.000000,-0.000000,-0.019,0.003,-0.026224,0.049025,0.000000,-0.052448,0.000000,0.128348,1,55.80
1.984000,-0.009,-0.000919,0.016883,2.997,0.000919,0.000000,-0.000000,-0.003,0.002,-0.026224,0.049025,0.000000,-0.052448,0.000000,0.128348,1,55.80
1.986000,0.005,0.000525,0.017317,2.997,-0.000525,0.000000,-0.000000,-0.022,0.001,-0.026224,0.049025,0.000000,-0.052448,0.000000,0.128348,1,55.80
1.988000,0.002,0.000247,0.017233,2.997,-0.000247,0.000000,-0.000000,-0.002,0.000,-0.026224,0.049025,0.000000,-0.052448,0.000000,0.128348,1,55.80
1.990000,0.011,0.001134,0.017499,2.997,-0.001134,0.000000,-0.000000,-0.013,0.002,-0.026224,0.049025,0.000000,-0.052448,0.000000,0.128348,1,55.80
1.992000,0.005,0.000461,0.017297,2.997,-0.000461,0.000000,-0.000000,0.009,0.001,-0.026224,0.049025,0.000000,-0.052448,0.000000,0.128348,1,55.80
1.994000,-0.001,-0.000073,0.017137,2.997,0.000073,0.000000,-0.000000,-0.005,0.000,-0.026224,0.049025,0.000000,-0.052448,0.000000,0.128348,1,55.80
1.996000,0.020,0.001982,0.017753,2.997,-0.001982,0.000000,-0.000000,-0.002,0.004,-0.026224,0.049025,0.000000,-0.052448,0.000000,0.128348,1,55.80
1.998000,-0.013,-0.001274,0.016777,2.997,0.001274,0.000000,0.000000,-0.011,0.003,-0.026224,0.049025,0.000000,-0.052448,0.000000,0.128348,1,55.80
2.000000,0.003,0.000343,0.017262,2.997,-0.000343,0.000000,-0.000000,0.000,0.001,-0.026224,0.049025,0.000000,-0.052448,0.000000,0.128348,1,55.80
2.002000,0.009,0.000941,0.017441,2.997,-0.000941,0.000000,-0.000000,0.000,0.002,-0.026224,0.049025,0.000000,-0.052448,0.000000,0.128348,1,55.80
2.004000,0.027,0.002732,0.017979,2.997,-0.002732,0.000000,-0.000000,0.000,0.005,-0.026224,0.049025,0.000000,-0.052448,0.000000,0.128348,1,55.80
2.006000,0.002,0.000200,0.017219,2.997,-0.000200,0.000000,0.000000,0.000,0.000,-0.026224,0.049025,0.000000,-0.052448,0.000000,0.128348,1,55.80
2.008000,0.009,0.000856,0.017416,2.997,-0.000856,0.000000,0.000000,-0.003,0.002,-0.026224,0.049025,0.000000,-0.052448,0.000000,0.128348,1,55.80
2.010000,0.012,0.001217,0.017524,2.997,-0.001217,0.000000,-0.000000,-0.009,0.002,-0.026224,0.049025,0.000000,-0.052448,0.000000,0.128348,1,55.80
2.012000,0.010,0.000960,0.017447,2.997,-0.000960,0.000000,0.000000,-0.027,0.002,-0.026224,0.049025,0.000000,-0.052448,0.000000,0.128348,1,55.80
2.014000,0.006,0.000622,0.017346,2.997,-0.000622,0.000000,0.000000,-0.002,0.001,-0.026224,0.049025,0.000000,-0.052448,0.000000,0.128348,1,55.80
2.016000,0.016,0.001647,0.017653,2.997,-0.001647,0.000000,-0.000000,-0.009,0.003,-0.026224,0.049025,0.000000,-0.052448,0.000000,0.128348,1,55.80
2.018000,0.013,0.001319,0.017555,2.997,-0.001319,0.000000,0.000000,-0.012,0.003,-0.026224,0.049025,0.000000,-0.052448,0.000000,0.128348,1,55.80
2.020000,-0.013,-0.001253,0.016783,2.997,0.001253,0.000000,0.000000,-0.010,0.003,-0.026224,0.049025,0.000000,-0.052448,0.000000,0.128348,1,55.80
2.022000,0.015,0.001539,0.017621,2.997,-0.001539,0.000000,-0.000000,-0.006,0.003,-0.026224,0.049025,0.000000,-0.052448,0.000000,0.128348,1,55.80
2.024000,0.010,0.000972,0.017451,2.997,-0.000972,0.000000,-0.000000,-0.016,0.002,-0.026224,0.049025,0.000000,-0.052448,0.000000,0.128348,1,55.80
2.026000,0.004,0.000384,0.017274,2.997,-0.000384,0.000000,0.000000,-0.013,0.001,-0.026224,0.049025,0.000000,-0.052448,0.000000,0.128348,1,55.80
2.028000,-0.007,-0.000705,0.016947,2.997,0.000705,0.000000,0.000000,0.013,0.001,-0.026224,0.049025,0.000000,-0.052448,0.000000,0.128348,1,55.80
2.030000,0.012,0.001152,0.017751,2.997,-0.001152,0.000000,-0.000000,-0.015,0.002,-0.026601,0.049730,0.000000,-0.053201,0.000000,0.130193,1,55.48
2.032000,0.013,0.001278,0.017789,2.997,-0.001278,0.000000,0.000000,-0.010,0.003,-0.026601,0.049730,0.000000,-0.053201,0.000000,0.130193,1,55.48
2.034000,0.011,0.001140,0.017748,2.997,-0.001140,0.000000,0.000000,-0.004,0.002,-0.026601,0.049730,0.000000,-0.053201,0.000000,0.130193,1,55.48
2.036000,0.019,0.001931,0.017985,2.997,-0.001931,0.000000,0.000000,0.007,0.004,-0.026601,0.049730,0.000000,-0.053201,0.000000,0.130193,1,55.48
2.038000,0.009,0.000927,0.017684,2.997,-0.000927,0.000000,0.000000,-0.012,0.002,-0.026601,0.049730,0.000000,-0.053201,0.000000,0.130193,1,55.48
2.040000,0.008,0.000751,0.017631,2.997,-0.000751,0.000000,0.000000,-0.013,0.002,-0.026601,0.049730,0.000000,-0.053201,0.000000,0.130193,1,55.48
2.042000,-0.002,-0.000239,0.017334,2.997,0.000239,0.000000,0.000000,-0.011,0.000,-0.026601,0.049730,0.000000,-0.053201,0.000000,0.130193,1,55.48
2.044000,0.011,0.001116,0.017740,2.997,-0.001116,0.000000,-0.000000,-0.019,0.002,-0.026601,0.049730,0.000000,-0.053201,0.000000,0.130193,1,55.48
2.046000,0.011,0.001124,0.017743,2.997,-0.001124,0.000000,0.000000,-0.009,0.002,-0.026601,0.049730,0.000000,-0.053201,0.000000,0.130193,1,55.48
2.048000,0.014,0.001429,0.017834,2.997,-0.001429,0.000000,-0.000000,-0.008,0.003,-0.026601,0.049730,0.000000,-0.053201,0.000000,0.130193,1,55.48
2.050000,0.002,0.000185,0.017461,2.997,-0.000185,0.000000,0.000000,0.002,0.000,-0.026601,0.049730,0.000000,-0.053201,0.000000,0.130193,1,55.48
2.052000,0.013,0.001292,0.017793,2.997,-0.001292,0.000000,-0.000000,-0.011,0.003,-0.026601,0.049730,0.000000,-0.053201,0.000000,0.130193,1,55.48
2.054000,0.001,0.000090,0.017432,2.997,-0.000090,0.000000,-0.000000,-0.011,0.000,-0.026601,0.049730,0.000000,-0.053201,0.000000,0.130193,1,55.48
2.056000,0.008,0.000847,0.017660,2.997,-0.000847,0.000000,-0.000000,-0.014,0.002,-0.026601,0.049730,0.000000,-0.053201,0.000000,0.130193,1,55.48
2.058000,0.004,0.000427,0.017534,2.997,-0.000427,0.000000,0.000000,-0.002,0.001,-0.026601,0.049730,0.000000,-0.053201,0.000000,0.130193,1,55.48
2.060000,0.005,0.000533,0.017565,2.997,-0.000533,0.000000,-0.000000,-0.013,0.001,-0.026601,0.049730,0.000000,-0.053201,0.000000,0.130193,1,55.48
2.062000,0.012,0.001194,0.017764,2.997,-0.001194,0.000000,-0.000000,-0.001,0.002,-0.026601,0.049730,0.000000,-0.053201,0.000000,0.130193,1,55.48
2.064000,0.013,0.001307,0.017798,2.997,-0.001307,0.000000,-0.000000,-0.008,0.003,-0.026601,0.049730,0.000000,-0.053201,0.000000,0.130193,1,55.48
2.066000,0.003,0.000299,0.017495,2.997,-0.000299,0.000000,0.000000,-0.004,0.001,-0.026601,0.049730,0.000000,-0.053201,0.000000,0.130193,1,55.48
2.068000,0.026,0.002637,0.018197,2.997,-0.002637,0.000000,-0.000000,-0.005,0.005,-0.026601,0.049730,0.000000,-0.053201,0.000000,0.130193,1,55.48
2.070000,0.010,0.001049,0.017720,2.997,-0.001049,0.000000,-0.000000,-0.012,0.002,-0.026601,0.049730,0.000000,-0.053201,0.000000,0.130193,1,55.48
2.072000,0.019,0.001907,0.017978,2.997,-0.001907,0.000000,-0.000000,-0.013,0.004,-0.026601,0.049730,0.000000,-0.053201,0.000000,0.130193,1,55.48
2.074000,0.000,0.000030,0.017414,2.997,-0.000030,0.000000,0.000000,-0.003,0.000,-0.026601,0.049730,0.000000,-0.053201,0.000000,0.130193,1,55.48
2.076000,-0.010,-0.001036,0.017095,2.997,0.001036,0.000000,0.000000,-0.026,0.002,-0.026601,0.049730,0.000000,-0.053201,0.000000,0.130193,1,55.48
2.078000,0.000,0.000024,0.017413,2.997,-0.000024,0.000000,0.000000,-0.010,0.000,-0.026601,0.049730,0.000000,-0.053201,0.000000,0.130193,1,55.48
2.080000,0.013,0.001251,0.017781,2.997,-0.001251,0.000000,0.000000,-0.019,0.003,-0.026601,0.049730,0.000000,-0.053201,0.000000,0.130193,1,55.48
2.082000,0.001,0.000085,0.017969,2.997,-0.000085,0.000000,0.000000,-0.000,0.000,-0.027424,0.051269,0.000000,-0.054847,0.000000,0.134221,1,55.70
2.084000,0.004,0.000379,0.018058,2.997,-0.000379,0.000000,-0.000000,0.010,0.001,-0.027424,0.051269,0.000000,-0.054847,0.000000,0.134221,1,55.70
2.086000,-0.001,-0.000073,0.017922,2.997,0.000073,0.000000,-0.000000,-0.000,0.000,-0.027424,0.051269,0.000000,-0.054847,0.000000,0.134221,1,55.70
2.088000,-0.001,-0.000079,0.017920,2.997,0.000079,0.000000,-0.000000,-0.013,0.000,-0.027424,0.051269,0.000000,-0.054847,0.000000,0.134221,1,55.70
2.090000,0.003,0.000324,0.018041,2.997,-0.000324,0.000000,0.000000,-0.001,0.001,-0.027424,0.051269,0.000000,-0.054847,0.000000,0.134221,1,55.70
2.092000,0.015,0.001470,0.018385,2.997,-0.001470,0.000000,-0.000000,-0.004,0.003,-0.027424,0.051269,0.000000,-0.054847,0.000000,0.134221,1,55.70
2.094000,0.009,0.000869,0.018205,2.997,-0.000869,0.000000,-0.000000,0.001,0.002,-0.027424,0.051269,0.000000,-0.054847,0.000000,0.134221,1,55.70
2.096000,0.006,0.000588,0.018120,2.997,-0.000588,0.000000,-0.000000,0.001,0.001,-0.027424,0.051269,0.000000,-0.054847,0.000000,0.134221,1,55.70
2.098000,0.009,0.000857,0.018201,2.997,-0.000857,0.000000,-0.000000,-0.003,0.002,-0.027424,0.051269,0.000000,-0.054847,0.000000,0.134221,1,55.70
2.100000,0.003,0.000329,0.018043,2.997,-0.000329,0.000000,-0.000000,0.000,0.001,-0.027424,0.051269,0.000000,-0.054847,0.000000,0.134221,1,55.70
2.102000,0.012,0.001187,0.018300,2.997,-0.001187,0.000000,-0.000000,0.000,0.002,-0.027424,0.051269,0.000000,-0.054847,0.000000,0.134221,1,55.70
2.104000,0.025,0.002539,0.018706,2.997,-0.002539,0.000000,-0.000000,0.000,0.005,-0.027424,0.051269,0.000000,-0.054847,0.000000,0.134221,1,55.70
2.106000,0.010,0.000959,0.018232,2.997,-0.000959,0.000000,-0.000000,0.000,0.002,-0.027424,0.051269,0.000000,-0.054847,0.000000,0.134221,1,55.70
2.108000,0.025,0.002457,0.018681,2.997,-0.002457,0.000000,-0.000000,-0.003,0.005,-0.027424,0.051269,0.000000,-0.054847,0.000000,0.134221,1,55.70
2.110000,0.030,0.003019,0.018850,2.997,-0.003019,0.000000,-0.000000,-0.012,0.006,-0.027424,0.051269,0.000000,-0.054847,0.000000,0.134221,1,55.70
2.112000,-0.008,-0.000818,0.017699,2.997,0.000818,0.000000,-0.000000,-0.025,0.002,-0.027424,0.051269,0.000000,-0.054847,0.000000,0.134221,1,55.70
2.114000,-0.008,-0.000783,0.017709,2.997,0.000783,0.000000,0.000000,-0.010,0.002,-0.027424,0.051269,0.000000,-0.054847,0.000000,0.134221,1,55.70
2.116000,0.005,0.000493,0.018092,2.997,-0.000493,0.000000,-0.000000,-0.025,0.001,-0.027424,0.051269,0.000000,-0.054847,0.000000,0.134221,1,55.70
2.118000,0.012,0.001160,0.018292,2.997,-0.001160,0.000000,-0.000000,-0.030,0.002,-0.027424,0.051269,0.000000,-0.054847,0.000000,0.134221,1,55.70
2.120000,0.029,0.002853,0.018800,2.997,-0.002853,0.000000,-0.000000,0.008,0.006,-0.027424,0.051269,0.000000,-0.054847,0.000000,0.134221,1,55.70
2.122000,-0.007,-0.000667,0.017744,2.997,0.000667,0.000000,0.000000,0.008,0.001,-0.027424,0.051269,0.000000,-0.054847,0.000000,0.134221,1,55.70
2.124000,0.012,0.001246,0.018318,2.997,-0.001246,0.000000,-0.000000,-0.005,0.002,-0.027424,0.051269,0.000000,-0.054847,0.000000,0.134221,1,55.70
2.126000,0.027,0.002698,0.018753,2.997,-0.002698,0.000000,-0.000000,-0.012,0.005,-0.027424,0.051269,0.000000,-0.054847,0.000000,0.134221,1,55.70
2.128000,0.004,0.000361,0.018052,2.997,-0.000361,0.000000,0.000000,-0.029,0.001,-0.027424,0.051269,0.000000,-0.054847,0.000000,0.134221,1,55.70
2.130000,0.002,0.000229,0.018013,2.997,-0.000229,0.000000,0.000000,0.007,0.000,-0.027424,0.051269,0.000000,-0.054847,0.000000,0.134221,1,55.70
2.132000,0.017,0.001653,0.018440,2.997,-0.001653,0.000000,-0.000000,-0.012,0.003,-0.027424,0.051269,0.000000,-0.054847,0.000000,0.134221,1,55.70
2.134000,0.012,0.001195,0.018303,2.997,-0.001195,0.000000,-0.000000,-0.027,0.002,-0.027424,0.051269,0.000000,-0.054847,0.000000,0.134221,1,55.70
2.136000,0.013,0.001337,0.018345,2.997,-0.001337,0.000000,-0.000000,-0.004,0.003,-0.027424,0.051269,0.000000,-0.054847,0.000000,0.134221,1,55.70
2.138000,0.017,0.001701,0.018454,2.997,-0.001701,0.000000,-0.000000,-0.002,0.003,-0.027424,0.051269,0.000000,-0.054847,0.000000,0.134221,1,55.70
2.140000,0.018,0.001807,0.018486,2.997,-0.001807,0.000000,-0.000000,-0.017,0.004,-0.027424,0.051269,0.000000,-0.054847,0.000000,0.134221,1,55.70
2.142000,0.012,0.001231,0.018313,2.997,-0.001231,0.000000,0.000000,-0.012,0.002,-0.027424,0.051269,0.000000,-0.054847,0.000000,0.134221,1,55.70
2.144000,0.003,0.000312,0.018038,2.997,-0.000312,0.000000,0.000000,-0.013,0.001,-0.027424,0.051269,0.000000,-0.054847,0.000000,0.134221,1,55.70
2.146000,-0.013,-0.001251,0.017569,2.997,0.001251,0.000000,0.000000,-0.017,0.003,-0.027424,0.051269,0.000000,-0.054847,0.000000,0.134221,1,55.70
2.148000,-0.005,-0.000492,0.017797,2.997,0.000492,0.000000,0.000000,-0.018,0.001,-0.027424,0.051269,0.000000,-0.054847,0.000000,0.134221,1,55.70
2.150000,0.016,0.001564,0.018413,2.997,-0.001564,0.000000,-0.000000,-0.012,0.003,-0.027424,0.051269,0.000000,-0.054847,0.000000,0.134221,1,55.70
2.152000,0.010,0.000980,0.018238,2.997,-0.000980,0.000000,-0.000000,-0.003,0.002,-0.027424,0.051269,0.000000,-0.054847,0.000000,0.134221,1,55.70
2.154000,-0.015,-0.001457,0.017507,2.997,0.001457,0.000000,-0.000000,0.013,0.003,-0.027424,0.051269,0.000000,-0.054847,0.000000,0.134221,1,55.70
2.156000,0.009,0.000931,0.018223,2.997,-0.000931,0.000000,-0.000000,0.005,0.002,-0.027424,0.051269,0.000000,-0.054847,0.000000,0.134221,1,55.70
2.158000,0.025,0.002462,0.018683,2.997,-0.002462,0.000000,-0.000000,-0.016,0.005,-0.027424,0.051269,0.000000,-0.054847,0.000000,0.134221,1,55.70
2.160000,-0.003,-0.000345,0.017841,2.997,0.000345,0.000000,-0.000000,-0.010,0.001,-0.027424,0.051269,0.000000,-0.054847,0.000000,0.134221,1,55.70
2.162000,0.016,0.001583,0.018419,2.997,-0.001583,0.000000,-0.000000,0.015,0.003,-0.027424,0.051269,0.000000,-0.054847,0.000000,0.134221,1,55.70
2.164000,0.002,0.000192,0.018002,2.997,-0.000192,0.000000,-0.000000,-0.009,0.000,-0.027424,0.051269,0.000000,-0.054847,0.000000,0.134221,1,55.70
2.166000,0.013,0.001282,0.018329,2.997,-0.001282,0.000000,-0.000000,-0.025,0.003,-0.027424,0.051269,0.000000,-0.054847,0.000000,0.134221,1,55.70
2.168000,0.002,0.000244,0.018017,2.997,-0.000244,0.000000,0.000000,0.003,0.000,-0.027424,0.051269,0.000000,-0.054847,0.000000,0.134221,1,55.70
2.170000,0.016,0.001598,0.018424,2.997,-0.001598,0.000000,-0.000000,-0.016,0.003,-0.027424,0.051269,0.000000,-0.054847,0.000000,0.134221,1,55.70
2.172000,0.004,0.000385,0.018060,2.997,-0.000385,0.000000,0.000000,-0.002,0.001,-0.027424,0.051269,0.000000,-0.054847,0.000000,0.134221,1,55.70
2.174000,0.018,0.001811,0.018487,2.997,-0.001811,0.000000,-0.000000,-0.013,0.004,-0.027424,0.051269,0.000000,-0.054847,0.000000,0.134221,1,55.70
2.176000,0.007,0.000651,0.018139,2.997,-0.000651,0.000000,-0.000000,-0.002,0.001,-0.027424,0.051269,0.000000,-0.054847,0.000000,0.134221,1,55.70
2.178000,0.010,0.000982,0.018239,2.997,-0.000982,0.000000,-0.000000,-0.016,0.002,-0.027424,0.051269,0.000000,-0.054847,0.000000,0.134221,1,55.70
2.180000,0.021,0.002070,0.018565,2.997,-0.002070,0.000000,-0.000000,-0.004,0.004,-0.027424,0.051269,0.000000,-0.054847,0.000000,0.134221,1,55.70
2.182000,0.010,0.000961,0.018232,2.997,-0.000961,0.000000,-0.000000,-0.018,0.002,-0.027424,0.051269,0.000000,-0.054847,0.000000,0.134221,1,55.70
2.184000,-0.004,-0.000382,0.017829,2.997,0.000382,0.000000,0.000000,-0.007,0.001,-0.027424,0.051269,0.000000,-0.054847,0.000000,0.134221,1,55.70
2.186000,0.004,0.000432,0.018074,2.997,-0.000432,0.000000,-0.000000,-0.010,0.001,-0.027424,0.051269,0.000000,-0.054847,0.000000,0.134221,1,55.70
2.188000,0.010,0.000959,0.018232,2.997,-0.000959,0.000000,-0.000000,-0.021,0.002,-0.027424,0.051269,0.000000,-0.054847,0.000000,0.134221,1,55.70
2.190000,0.033,0.003313,0.018938,2.997,-0.003313,0.000000,-0.000000,-0.010,0.007,-0.027424,0.051269,0.000000,-0.054847,0.000000,0.134221,1,55.70
2.192000,-0.003,-0.000338,0.017843,2.997,0.000338,0.000000,-0.000000,0.004,0.001,-0.027424,0.051269,0.000000,-0.054847,0.000000,0.134221,1,55.70
2.194000,0.003,0.000260,0.018022,2.997,-0.000260,0.000000,-0.000000,-0.004,0.001,-0.027424,0.051269,0.000000,-0.054847,0.000000,0.134221,1,55.70
2.196000,0.005,0.000526,0.018102,2.997,-0.000526,0.000000,-0.000000,-0.010,0.001,-0.027424,0.051269,0.000000,-0.054847,0.000000,0.134221,1,55.70
2.198000,0.008,0.000837,0.018195,2.997,-0.000837,0.000000,-0.000000,-0.033,0.002,-0.027424,0.051269,0.000000,-0.054847,0.000000,0.134221,1,55.70
2.200000,-0.012,-0.001161,0.017596,2.997,0.001161,0.000000,0.000000,0.000,0.002,-0.027424,0.051269,0.000000,-0.054847,0.000000,0.134221,1,55.70
2.202000,0.015,0.001547,0.018408,2.997,-0.001547,0.000000,-0.000000,0.000,0.003,-0.027424,0.051269,0.000000,-0.054847,0.000000,0.134221,1,55.70
2.204000,-0.004,-0.000406,0.017822,2.997,0.000406,0.000000,0.000000,0.000,0.001,-0.027424,0.051269,0.000000,-0.054847,0.000000,0.134221,1,55.70
2.206000,0.020,0.001959,0.018532,2.997,-0.001959,0.000000,-0.000000,0.000,0.004,-0.027424,0.051269,0.000000,-0.054847,0.000000,0.134221,1,55.70
2.208000,-0.008,-0.000813,0.017700,2.997,0.000813,0.000000,-0.000000,0.012,0.002,-0.027424,0.051269,0.000000,-0.054847,0.000000,0.134221,1,55.70
2.210000,0.033,0.003257,0.018921,2.997,-0.003257,0.000000,-0.000000,-0.015,0.007,-0.027424,0.051269,0.000000,-0.054847,0.000000,0.134221,1,55.70
2.212000,0.006,0.000621,0.018130,2.997,-0.000621,0.000000,-0.000000,0.004,0.001,-0.027424,0.051269,0.000000,-0.054847,0.000000,0.134221,1,55.70
2.214000,-0.001,-0.000101,0.017914,2.997,0.000101,0.000000,-0.000000,-0.020,0.000,-0.027424,0.051269,0.000000,-0.054847,0.000000,0.134221,1,55.70
2.216000,0.020,0.001976,0.018537,2.997,-0.001976,0.000000,-0.000000,0.008,0.004,-0.027424,0.051269,0.000000,-0.054847,0.000000,0.134221,1,55.70
2.218000,0.027,0.002656,0.018741,2.997,-0.002656,0.000000,-0.000000,-0.033,0.005,-0.027424,0.051269,0.000000,-0.054847,0.000000,0.134221,1,55.70
2.220000,0.013,0.001333,0.018344,2.997,-0.001333,0.000000,0.000000,-0.006,0.003,-0.027424,0.051269,0.000000,-0.054847,0.000000,0.134221,1,55.70
2.222000,-0.004,-0.000416,0.017819,2.997,0.000416,0.000000,0.000000,0.001,0.001,-0.027424,0.051269,0.000000,-0.054847,0.000000,0.134221,1,55.70
2.224000,0.022,0.002177,0.018597,2.997,-0.002177,0.000000,0.000000,-0.020,0.004,-0.027424,0.051269,0.000000,-0.054847,0.000000,0.134221,1,55.70
2.226000,0.004,0.000357,0.018051,2.997,-0.000357,0.000000,0.000000,-0.027,0.001,-0.027424,0.051269,0.000000,-0.054847,0.000000,0.134221,1,55.70
2.228000,-0.005,-0.000534,0.017784,2.997,0.000534,0.000000,0.000000,-0.013,0.001,-0.027424,0.051269,0.000000,-0.054847,0.000000,0.134221,1,55.70
2.230000,0.002,0.000248,0.018018,2.997,-0.000248,0.000000,0.000000,0.004,0.000,-0.027424,0.051269,0.000000,-0.054847,0.000000,0.134221,1,55.70
2.232000,0.004,0.000425,0.018072,2.997,-0.000425,0.000000,0.000000,-0.022,0.001,-0.027424,0.051269,0.000000,-0.054847,0.000000,0.134221,1,55.70
2.234000,-0.005,-0.000542,0.017782,2.997,0.000542,0.000000,0.000000,-0.004,0.001,-0.027424,0.051269,0.000000,-0.054847,0.000000,0.134221,1,55.70
2.236000,0.006,0.000610,0.018127,2.997,-0.000610,0.000000,0.000000,0.005,0.001,-0.027424,0.051269,0.000000,-0.054847,0.000000,0.134221,1,55.70
2.238000,0.026,0.002593,0.018722,2.997,-0.002593,0.000000,-0.000000,-0.002,0.005,-0.027424,0.051269,0.000000,-0.054847,0.000000,0.134221,1,55.70
2.240000,0.019,0.001891,0.018511,2.997,-0.001891,0.000000,0.000000,-0.004,0.004,-0.027424,0.051269,0.000000,-0.054847,0.000000,0.134221,1,55.70
2.242000,0.014,0.001435,0.018374,2.997,-0.001435,0.000000,0.000000,0.005,0.003,-0.027424,0.051269,0.000000,-0.054847,0.000000,0.134221,1,55.70
2.244000,0.011,0.001129,0.018283,2.997,-0.001129,0.000000,0.000000,-0.006,0.002,-0.027424,0.051269,0.000000,-0.054847,0.000000,0.134221,1,55.70
2.246000,0.022,0.002160,0.018592,2.997,-0.002160,0.000000,-0.000000,-0.026,0.004,-0.027424,0.051269,0.000000,-0.054847,0.000000,0.134221,1,55.70
2.248000,0.022,0.002181,0.018598,2.997,-0.002181,0.000000,-0.000000,-0.019,0.004,-0.027424,0.051269,0.000000,-0.054847,0.000000,0.134221,1,55.70
2.250000,0.003,0.000326,0.018042,2.997,-0.000326,0.000000,0.000000,-0.014,0.001,-0.027424,0.051269,0.000000,-0.054847,0.000000,0.134221,1,55.70
2.252000,0.017,0.001705,0.018456,2.997,-0.001705,0.000000,-0.000000,-0.011,0.003,-0.027424,0.051269,0.000000,-0.054847,0.000000,0.134221,1,55.70
2.254000,0.011,0.001090,0.018271,2.997,-0.001090,0.000000,-0.000000,-0.022,0.002,-0.027424,0.051269,0.000000,-0.054847,0.000000,0.134221,1,55.70
2.256000,0.009,0.000918,0.018219,2.997,-0.000918,0.000000,0.000000,-0.022,0.002,-0.027424,0.051269,0.000000,-0.054847,0.000000,0.134221,1,55.70
2.258000,0.003,0.000288,0.018030,2.997,-0.000288,0.000000,0.000000,-0.003,0.001,-0.027424,0.051269,0.000000,-0.054847,0.000000,0.134221,1,55.70
2.260000,0.026,0.002561,0.018712,2.997,-0.002561,0.000000,-0.000000,-0.017,0.005,-0.027424,0.051269,0.000000,-0.054847,0.000000,0.134221,1,55.70
2.262000,0.016,0.001555,0.018410,2.997,-0.001555,0.000000,-0.000000,-0.011,0.003,-0.027424,0.051269,0.000000,-0.054847,0.000000,0.134221,1,55.70
2.264000,-0.001,-0.000135,0.017904,2.997,0.000135,0.000000,-0.000000,-0.009,0.000,-0.027424,0.051269,0.000000,-0.054847,0.000000,0.134221,1,55.70
2.266000,0.014,0.001438,0.018376,2.997,-0.001438,0.000000,-0.000000,-0.003,0.003,-0.027424,0.051269,0.000000,-0.054847,0.000000,0.134221,1,55.70
2.268000,0.006,0.000598,0.018123,2.997,-0.000598,0.000000,-0.000000,-0.026,0.001,-0.027424,0.051269,0.000000,-0.054847,0.000000,0.134221,1,55.70
2.270000,0.006,0.000597,0.018123,2.997,-0.000597,0.000000,0.000000,-0.016,0.001,-0.027424,0.051269,0.000000,-0.054847,0.000000,0.134221,1,55.70
2.272000,0.009,0.000916,0.018219,2.997,-0.000916,0.000000,-0.000000,0.001,0.002,-0.027424,0.051269,0.000000,-0.054847,0.000000,0.134221,1,55.70
2.274000,0.002,0.000183,0.017999,2.997,-0.000183,0.000000,-0.000000,-0.014,0.000,-0.027424,0.051269,0.000000,-0.054847,0.000000,0.134221,1,55.70
2.276000,0.014,0.001431,0.018373,2.997,-0.001431,0.000000,0.000000,-0.006,0.003,-0.027424,0.051269,0.000000,-0.054847,0.000000,0.134221,1,55.70
2.278000,0.010,0.000969,0.018235,2.997,-0.000969,0.000000,-0.000000,-0.006,0.002,-0.027424,0.051269,0.000000,-0.054847,0.000000,0.134221,1,55.70
2.280000,0.013,0.001314,0.018338,2.997,-0.001314,0.000000,-0.000000,-0.009,0.003,-0.027424,0.051269,0.000000,-0.054847,0.000000,0.134221,1,55.70
2.282000,0.027,0.002686,0.018750,2.997,-0.002686,0.000000,-0.000000,-0.002,0.005,-0.027424,0.051269,0.000000,-0.054847,0.000000,0.134221,1,55.70
2.284000,0.017,0.001741,0.018466,2.997,-0.001741,0.000000,-0.000000,-0.014,0.003,-0.027424,0.051269,0.000000,-0.054847,0.000000,0.134221,1,55.70
2.286000,0.014,0.001374,0.018356,2.997,-0.001374,0.000000,0.000000,-0.010,0.003,-0.027424,0.051269,0.000000,-0.054847,0.000000,0.134221,1,55.70
2.288000,0.010,0.001046,0.018258,2.997,-0.001046,0.000000,0.000000,-0.013,0.002,-0.027424,0.051269,0.000000,-0.054847,0.000000,0.134221,1,55.70
2.290000,0.001,0.000102,0.019967,2.997,-0.000102,0.000000,0.000000,-0.027,0.000,-0.030469,0.056962,0.000000,-0.060938,0.000000,0.149127,1,55.42
2.292000,0.028,0.002781,0.020771,2.997,-0.002781,0.000000,0.000000,-0.017,0.006,-0.030469,0.056962,0.000000,-0.060938,0.000000,0.149127,1,55.42
2.294000,0.008,0.000816,0.020181,2.997,-0.000816,0.000000,0.000000,-0.014,0.002,-0.030469,0.056962,0.000000,-0.060938,0.000000,0.149127,1,55.42
2.296000,0.012,0.001178,0.020290,2.997,-0.001178,0.000000,0.000000,-0.010,0.002,-0.030469,0.056962,0.000000,-0.060938,0.000000,0.149127,1,55.42
2.298000,0.012,0.001218,0.020302,2.997,-0.001218,0.000000,0.000000,-0.001,0.002,-0.030469,0.056962,0.000000,-0.060938,0.000000,0.149127,1,55.42
2.300000,0.002,0.000210,0.020000,2.997,-0.000210,0.000000,-0.000000,0.000,0.000,-0.030469,0.056962,0.000000,-0.060938,0.000000,0.149127,1,55.42
2.302000,0.011,0.001150,0.020282,2.997,-0.001150,0.000000,-0.000000,0.000,0.002,-0.030469,0.056962,0.000000,-0.060938,0.000000,0.149127,1,55.42
2.304000,0.029,0.002856,0.020794,2.997,-0.002856,0.000000,-0.000000,0.000,0.006,-0.030469,0.056962,0.000000,-0.060938,0.000000,0.149127,1,55.42
2.306000,0.018,0.001831,0.020486,2.997,-0.001831,0.000000,-0.000000,0.000,0.004,-0.030469,0.056962,0.000000,-0.060938,0.000000,0.149127,1,55.42
2.308000,0.010,0.001018,0.020242,2.997,-0.001018,0.000000,-0.000000,-0.002,0.002,-0.030469,0.056962,0.000000,-0.060938,0.000000,0.149127,1,55.42
2.310000,0.016,0.001627,0.020425,2.997,-0.001627,0.000000,-0.000000,-0.011,0.003,-0.030469,0.056962,0.000000,-0.060938,0.000000,0.149127,1,55.42
2.312000,0.014,0.001361,0.020345,2.997,-0.001361,0.000000,-0.000000,-0.029,0.003,-0.030469,0.056962,0.000000,-0.060938,0.000000,0.149127,1,55.42
2.314000,0.024,0.002365,0.020646,2.997,-0.002365,0.000000,-0.000000,-0.018,0.005,-0.030469,0.056962,0.000000,-0.060938,0.000000,0.149127,1,55.42
2.316000,0.007,0.000687,0.020143,2.997,-0.000687,0.000000,0.000000,-0.010,0.001,-0.030469,0.056962,0.000000,-0.060938,0.000000,0.149127,1,55.42
2.318000,0.017,0.001711,0.020450,2.997,-0.001711,0.000000,-0.000000,-0.016,0.003,-0.030469,0.056962,0.000000,-0.060938,0.000000,0.149127,1,55.42
2.320000,0.005,0.000502,0.020088,2.997,-0.000502,0.000000,-0.000000,-0.014,0.001,-0.030469,0.056962,0.000000,-0.060938,0.000000,0.149127,1,55.42
2.322000,0.013,0.001313,0.020331,2.997,-0.001313,0.000000,-0.000000,-0.024,0.003,-0.030469,0.056962,0.000000,-0.060938,0.000000,0.149127,1,55.42
2.324000,-0.001,-0.000052,0.019921,2.997,0.000052,0.000000,0.000000,-0.007,0.000,-0.030469,0.056962,0.000000,-0.060938,0.000000,0.149127,1,55.42
2.326000,0.011,0.001126,0.020274,2.997,-0.001126,0.000000,-0.000000,-0.017,0.002,-0.030469,0.056962,0.000000,-0.060938,0.000000,0.149127,1,55.42
2.328000,0.016,0.001603,0.020418,2.997,-0.001603,0.000000,-0.000000,-0.005,0.003,-0.030469,0.056962,0.000000,-0.060938,0.000000,0.149127,1,55.42
2.330000,0.021,0.002135,0.020577,2.997,-0.002135,0.000000,-0.000000,-0.013,0.004,-0.030469,0.056962,0.000000,-0.060938,0.000000,0.149127,1,55.42
2.332000,0.014,0.001438,0.020368,2.997,-0.001438,0.000000,-0.000000,0.001,0.003,-0.030469,0.056962,0.000000,-0.060938,0.000000,0.149127,1,55.42
2.334000,0.000,0.000015,0.019941,2.997,-0.000015,0.000000,0.000000,-0.011,0.000,-0.030469,0.056962,0.000000,-0.060938,0.000000,0.149127,1,55.42
2.336000,-0.003,-0.000309,0.019844,2.997,0.000309,0.000000,0.000000,-0.016,0.001,-0.030469,0.056962,0.000000,-0.060938,0.000000,0.149127,1,55.42
2.338000,0.014,0.001406,0.020359,2.997,-0.001406,0.000000,0.000000,-0.021,0.003,-0.030469,0.056962,0.000000,-0.060938,0.000000,0.149127,1,55.42
2.340000,0.012,0.001153,0.020283,2.997,-0.001153,0.000000,0.000000,-0.014,0.002,-0.030469,0.056962,0.000000,-0.060938,0.000000,0.149127,1,55.42
2.342000,0.030,0.002953,0.020022,2.997,-0.002953,0.000000,0.000000,-0.000,0.006,-0.029246,0.054675,0.000000,-0.058492,0.000000,0.143140,1,55.68
2.344000,0.016,0.001643,0.019629,2.997,-0.001643,0.000000,0.000000,0.003,0.003,-0.029246,0.054675,0.000000,-0.058492,0.000000,0.143140,1,55.68
2.346000,-0.004,-0.000427,0.019008,2.997,0.000427,0.000000,0.000000,-0.014,0.001,-0.029246,0.054675,0.000000,-0.058492,0.000000,0.143140,1,55.68
2.348000,0.000,0.000018,0.019142,2.997,-0.000018,0.000000,0.000000,-0.012,0.000,-0.029246,0.054675,0.000000,-0.058492,0.000000,0.143140,1,55.68
2.350000,0.011,0.001063,0.019455,2.997,-0.001063,0.000000,0.000000,-0.030,0.002,-0.029246,0.054675,0.000000,-0.058492,0.000000,0.143140,1,55.68
2.352000,0.008,0.000795,0.019375,2.997,-0.000795,0.000000,0.000000,-0.016,0.002,-0.029246,0.054675,0.000000,-0.058492,0.000000,0.143140,1,55.68
2.354000,0.002,0.000249,0.019211,2.997,-0.000249,0.000000,0.000000,0.004,0.000,-0.029246,0.054675,0.000000,-0.058492,0.000000,0.143140,1,55.68
2.356000,0.020,0.001995,0.019735,2.997,-0.001995,0.000000,-0.000000,-0.000,0.004,-0.029246,0.054675,0.000000,-0.058492,0.000000,0.143140,1,55.68
2.358000,0.012,0.001200,0.019496,2.997,-0.001200,0.000000,-0.000000,-0.011,0.002,-0.029246,0.054675,0.000000,-0.058492,0.000000,0.143140,1,55.68
2.360000,-0.002,-0.000180,0.019082,2.997,0.000180,0.000000,0.000000,-0.008,0.000,-0.029246,0.054675,0.000000,-0.058492,0.000000,0.143140,1,55.68
2.362000,0.020,0.001966,0.019726,2.997,-0.001966,0.000000,-0.000000,-0.002,0.004,-0.029246,0.054675,0.000000,-0.058492,0.000000,0.143140,1,55.68
2.364000,0.015,0.001506,0.019588,2.997,-0.001506,0.000000,-0.000000,-0.020,0.003,-0.029246,0.054675,0.000000,-0.058492,0.000000,0.143140,1,55.68
2.366000,0.007,0.000660,0.019334,2.997,-0.000660,0.000000,0.000000,-0.012,0.001,-0.029246,0.054675,0.000000,-0.058492,0.000000,0.143140,1,55.68
2.368000,0.016,0.001583,0.019611,2.997,-0.001583,0.000000,-0.000000,0.002,0.003,-0.029246,0.054675,0.000000,-0.058492,0.000000,0.143140,1,55.68
2.370000,0.016,0.001626,0.019624,2.997,-0.001626,0.000000,-0.000000,-0.020,0.003,-0.029246,0.054675,0.000000,-0.058492,0.000000,0.143140,1,55.68
2.372000,0.007,0.000662,0.019335,2.997,-0.000662,0.000000,0.000000,-0.015,0.001,-0.029246,0.054675,0.000000,-0.058492,0.000000,0.143140,1,55.68
2.374000,-0.000,-0.000003,0.019135,2.997,0.000003,0.000000,0.000000,-0.007,0.000,-0.029246,0.054675,0.000000,-0.058492,0.000000,0.143140,1,55.68
2.376000,-0.012,-0.001168,0.018786,2.997,0.001168,0.000000,0.000000,-0.016,0.002,-0.029246,0.054675,0.000000,-0.058492,0.000000,0.143140,1,55.68
2.378000,0.004,0.000401,0.019257,2.997,-0.000401,0.000000,0.000000,-0.016,0.001,-0.029246,0.054675,0.000000,-0.058492,0.000000,0.143140,1,55.68
2.380000,0.026,0.002627,0.019925,2.997,-0.002627,0.000000,-0.000000,-0.007,0.005,-0.029246,0.054675,0.000000,-0.058492,0.000000,0.143140,1,55.68
2.382000,0.014,0.001394,0.019555,2.997,-0.001394,0.000000,-0.000000,0.000,0.003,-0.029246,0.054675,0.000000,-0.058492,0.000000,0.143140,1,55.68
2.384000,-0.001,-0.000100,0.019106,2.997,0.000100,0.000000,-0.000000,0.012,0.000,-0.029246,0.054675,0.000000,-0.058492,0.000000,0.143140,1,55.68
2.386000,-0.011,-0.001124,0.018799,2.997,0.001124,0.000000,-0.000000,-0.004,0.002,-0.029246,0.054675,0.000000,-0.058492,0.000000,0.143140,1,55.68
2.388000,0.009,0.000868,0.019397,2.997,-0.000868,0.000000,-0.000000,-0.026,0.002,-0.029246,0.054675,0.000000,-0.058492,0.000000,0.143140,1,55.68
2.390000,0.010,0.000978,0.019430,2.997,-0.000978,0.000000,0.000000,-0.014,0.002,-0.029246,0.054675,0.000000,-0.058492,0.000000,0.143140,1,55.68
2.392000,-0.008,-0.000825,0.018445,2.997,0.000825,0.000000,-0.000000,0.001,0.002,-0.028568,0.053408,0.000000,-0.057136,0.000000,0.139823,1,55.76
2.394000,0.019,0.001866,0.019253,2.997,-0.001866,0.000000,-0.000000,0.011,0.004,-0.028568,0.053408,0.000000,-0.057136,0.000000,0.139823,1,55.76
2.396000,0.011,0.001092,0.019021,2.997,-0.001092,0.000000,-0.000000,-0.009,0.002,-0.028568,0.053408,0.000000,-0.057136,0.000000,0.139823,1,55.76
2.398000,0.013,0.001274,0.019075,2.997,-0.001274,0.000000,-0.000000,-0.010,0.003,-0.028568,0.053408,0.000000,-0.057136,0.000000,0.139823,1,55.76
2.400000,-0.001,-0.000072,0.018671,2.997,0.000072,0.000000,0.000000,0.000,0.000,-0.028568,0.053408,0.000000,-0.057136,0.000000,0.139823,1,55.76
2.402000,0.003,0.000308,0.018785,2.997,-0.000308,0.000000,-0.000000,0.000,0.001,-0.028568,0.053408,0.000000,-0.057136,0.000000,0.139823,1,55.76
2.404000,0.021,0.002069,0.019314,2.997,-0.002069,0.000000,-0.000000,0.000,0.004,-0.028568,0.053408,0.000000,-0.057136,0.000000,0.139823,1,55.76
2.406000,-0.008,-0.000768,0.018463,2.997,0.000768,0.000000,0.000000,0.000,0.002,-0.028568,0.053408,0.000000,-0.057136,0.000000,0.139823,1,55.76
2.408000,0.008,0.000806,0.018935,2.997,-0.000806,0.000000,0.000000,0.001,0.002,-0.028568,0.053408,0.000000,-0.057136,0.000000,0.139823,1,55.76
2.410000,0.007,0.000746,0.018917,2.997,-0.000746,0.000000,0.000000,-0.003,0.001,-0.028568,0.053408,0.000000,-0.057136,0.000000,0.139823,1,55.76
2.412000,0.018,0.001846,0.019247,2.997,-0.001846,0.000000,-0.000000,-0.021,0.004,-0.028568,0.053408,0.000000,-0.057136,0.000000,0.139823,1,55.76
2.414000,0.008,0.000823,0.018940,2.997,-0.000823,0.000000,0.000000,0.008,0.002,-0.028568,0.053408,0.000000,-0.057136,0.000000,0.139823,1,55.76
2.416000,0.021,0.002106,0.019325,2.997,-0.002106,0.000000,-0.000000,-0.008,0.004,-0.028568,0.053408,0.000000,-0.057136,0.000000,0.139823,1,55.76
2.418000,0.004,0.000362,0.018801,2.997,-0.000362,0.000000,-0.000000,-0.007,0.001,-0.028568,0.053408,0.000000,-0.057136,0.000000,0.139823,1,55.76
2.420000,0.019,0.001904,0.019264,2.997,-0.001904,0.000000,-0.000000,-0.018,0.004,-0.028568,0.053408,0.000000,-0.057136,0.000000,0.139823,1,55.76
2.422000,0.002,0.000175,0.018745,2.997,-0.000175,0.000000,0.000000,-0.008,0.000,-0.028568,0.053408,0.000000,-0.057136,0.000000,0.139823,1,55.76
2.424000,0.010,0.001017,0.018998,2.997,-0.001017,0.000000,-0.000000,-0.021,0.002,-0.028568,0.053408,0.000000,-0.057136,0.000000,0.139823,1,55.76
2.426000,0.024,0.002411,0.019416,2.997,-0.002411,0.000000,-0.000000,-0.004,0.005,-0.028568,0.053408,0.000000,-0.057136,0.000000,0.139823,1,55.76
2.428000,0.010,0.001035,0.019004,2.997,-0.001035,0.000000,0.000000,-0.019,0.002,-0.028568,0.053408,0.000000,-0.057136,0.000000,0.139823,1,55.76
2.430000,0.009,0.000919,0.018969,2.997,-0.000919,0.000000,0.000000,-0.002,0.002,-0.028568,0.053408,0.000000,-0.057136,0.000000,0.139823,1,55.76
2.432000,0.012,0.001162,0.019041,2.997,-0.001162,0.000000,-0.000000,-0.010,0.002,-0.028568,0.053408,0.000000,-0.057136,0.000000,0.139823,1,55.76
2.434000,0.001,0.000073,0.018715,2.997,-0.000073,0.000000,0.000000,-0.024,0.000,-0.028568,0.053408,0.000000,-0.057136,0.000000,0.139823,1,55.76
2.436000,0.006,0.000635,0.018883,2.997,-0.000635,0.000000,0.000000,-0.010,0.001,-0.028568,0.053408,0.000000,-0.057136,0.000000,0.139823,1,55.76
2.438000,0.001,0.000107,0.018725,2.997,-0.000107,0.000000,0.000000,-0.009,0.000,-0.028568,0.053408,0.000000,-0.057136,0.000000,0.139823,1,55.76
2.440000,0.021,0.002113,0.019327,2.997,-0.002113,0.000000,-0.000000,-0.012,0.004,-0.028568,0.053408,0.000000,-0.057136,0.000000,0.139823,1,55.76
2.442000,0.006,0.000610,0.018876,2.997,-0.000610,0.000000,0.000000,-0.001,0.001,-0.028568,0.053408,0.000000,-0.057136,0.000000,0.139823,1,55.76
2.444000,0.003,0.000287,0.019488,2.997,-0.000287,0.000000,0.000000,-0.006,0.001,-0.029651,0.055433,0.000000,-0.059303,0.000000,0.145125,1,55.79
2.446000,-0.002,-0.000228,0.019333,2.997,0.000228,0.000000,0.000000,-0.001,0.000,-0.029651,0.055433,0.000000,-0.059303,0.000000,0.145125,1,55.79
2.448000,0.026,0.002576,0.020175,2.997,-0.002576,0.000000,-0.000000,-0.021,0.005,-0.029651,0.055433,0.000000,-0.059303,0.000000,0.145125,1,55.79
2.450000,0.024,0.002449,0.020137,2.997,-0.002449,0.000000,0.000000,-0.006,0.005,-0.029651,0.055433,0.000000,-0.059303,0.000000,0.145125,1,55.79
2.452000,-0.001,-0.000103,0.019371,2.997,0.000103,0.000000,-0.000000,-0.003,0.000,-0.029651,0.055433,0.000000,-0.059303,0.000000,0.145125,1,55.79
2.454000,0.009,0.000922,0.019678,2.997,-0.000922,0.000000,-0.000000,0.002,0.002,-0.029651,0.055433,0.000000,-0.059303,0.000000,0.145125,1,55.79
2.456000,0.000,0.000014,0.019406,2.997,-0.000014,0.000000,-0.000000,-0.026,0.000,-0.029651,0.055433,0.000000,-0.059303,0.000000,0.145125,1,55.79
2.458000,0.014,0.001423,0.019829,2.997,-0.001423,0.000000,-0.000000,-0.024,0.003,-0.029651,0.055433,0.000000,-0.059303,0.000000,0.145125,1,55.79
2.460000,0.001,0.000120,0.019438,2.997,-0.000120,0.000000,0.000000,0.001,0.000,-0.029651,0.055433,0.000000,-0.059303,0.000000,0.145125,1,55.79
2.462000,-0.005,-0.000458,0.019264,2.997,0.000458,0.000000,0.000000,-0.009,0.001,-0.029651,0.055433,0.000000,-0.059303,0.000000,0.145125,1,55.79
2.464000,-0.014,-0.001414,0.018978,2.997,0.001414,0.000000,0.000000,-0.000,0.003,-0.029651,0.055433,0.000000,-0.059303,0.000000,0.145125,1,55.79
2.466000,0.003,0.000342,0.019504,2.997,-0.000342,0.000000,-0.000000,-0.014,0.001,-0.029651,0.055433,0.000000,-0.059303,0.000000,0.145125,1,55.79
2.468000,0.014,0.001417,0.019827,2.997,-0.001417,0.000000,-0.000000,-0.001,0.003,-0.029651,0.055433,0.000000,-0.059303,0.000000,0.145125,1,55.79
2.470000,0.010,0.001023,0.019709,2.997,-0.001023,0.000000,-0.000000,0.005,0.002,-0.029651,0.055433,0.000000,-0.059303,0.000000,0.145125,1,55.79
2.472000,0.011,0.001114,0.019736,2.997,-0.001114,0.000000,-0.000000,0.014,0.002,-0.029651,0.055433,0.000000,-0.059303,0.000000,0.145125,1,55.79
2.474000,0.009,0.000887,0.019668,2.997,-0.000887,0.000000,-0.000000,-0.003,0.002,-0.029651,0.055433,0.000000,-0.059303,0.000000,0.145125,1,55.79
2.476000,0.023,0.002264,0.020081,2.997,-0.002264,0.000000,-0.000000,-0.014,0.005,-0.029651,0.055433,0.000000,-0.059303,0.000000,0.145125,1,55.79
2.478000,0.016,0.001630,0.019891,2.997,-0.001630,0.000000,-0.000000,-0.010,0.003,-0.029651,0.055433,0.000000,-0.059303,0.000000,0.145125,1,55.79
2.480000,0.027,0.002661,0.020200,2.997,-0.002661,0.000000,-0.000000,-0.011,0.005,-0.029651,0.055433,0.000000,-0.059303,0.000000,0.145125,1,55.79
2.482000,0.018,0.001764,0.019931,2.997,-0.001764,0.000000,-0.000000,-0.009,0.004,-0.029651,0.055433,0.000000,-0.059303,0.000000,0.145125,1,55.79
2.484000,0.002,0.000202,0.019462,2.997,-0.000202,0.000000,-0.000000,-0.023,0.000,-0.029651,0.055433,0.000000,-0.059303,0.000000,0.145125,1,55.79
2.486000,0.016,0.001629,0.019890,2.997,-0.001629,0.000000,-0.000000,-0.016,0.003,-0.029651,0.055433,0.000000,-0.059303,0.000000,0.145125,1,55.79
2.488000,-0.002,-0.000236,0.019331,2.997,0.000236,0.000000,-0.000000,-0.027,0.000,-0.029651,0.055433,0.000000,-0.059303,0.000000,0.145125,1,55.79
2.490000,0.003,0.000296,0.019491,2.997,-0.000296,0.000000,-0.000000,-0.018,0.001,-0.029651,0.055433,0.000000,-0.059303,0.000000,0.145125,1,55.79
2.492000,0.009,0.000889,0.019668,2.997,-0.000889,0.000000,-0.000000,-0.002,0.002,-0.029651,0.055433,0.000000,-0.059303,0.000000,0.145125,1,55.79
2.494000,0.006,0.000593,0.019580,2.997,-0.000593,0.000000,-0.000000,-0.016,0.001,-0.029651,0.055433,0.000000,-0.059303,0.000000,0.145125,1,55.79
2.496000,0.010,0.000955,0.021937,2.997,-0.000955,0.000000,0.000000,0.002,0.002,-0.033088,0.061859,0.000000,-0.066176,0.000000,0.161946,1,55.47
2.498000,0.002,0.000191,0.021708,2.997,-0.000191,0.000000,-0.000000,-0.003,0.000,-0.033088,0.061859,0.000000,-0.066176,0.000000,0.161946,1,55.47
2.500000,0.013,0.001272,0.022032,2.997,-0.001272,0.000000,-0.000000,0.000,0.003,-0.033088,0.061859,0.000000,-0.066176,0.000000,0.161946,1,55.47
2.502000,0.007,0.000676,0.021853,2.997,-0.000676,0.000000,0.000000,0.000,0.001,-0.033088,0.061859,0.000000,-0.066176,0.000000,0.161946,1,55.47
2.504000,0.017,0.001658,0.022148,2.997,-0.001658,0.000000,-0.000000,0.000,0.003,-0.033088,0.061859,0.000000,-0.066176,0.000000,0.161946,1,55.47
2.506000,0.026,0.002630,0.022439,2.997,-0.002630,0.000000,-0.000000,0.000,0.005,-0.033088,0.061859,0.000000,-0.066176,0.000000,0.161946,1,55.47
2.508000,0.021,0.002139,0.022292,2.997,-0.002139,0.000000,-0.000000,-0.013,0.004,-0.033088,0.061859,0.000000,-0.066176,0.000000,0.161946,1,55.47
2.510000,0.004,0.000389,0.021767,2.997,-0.000389,0.000000,0.000000,-0.007,0.001,-0.033088,0.061859,0.000000,-0.066176,0.000000,0.161946,1,55.47
2.512000,0.018,0.001785,0.022186,2.997,-0.001785,0.000000,-0.000000,-0.017,0.004,-0.033088,0.061859,0.000000,-0.066176,0.000000,0.161946,1,55.47
2.514000,0.026,0.002619,0.022436,2.997,-0.002619,0.000000,-0.000000,-0.026,0.005,-0.033088,0.061859,0.000000,-0.066176,0.000000,0.161946,1,55.47
2.516000,0.009,0.000909,0.021923,2.997,-0.000909,0.000000,0.000000,-0.021,0.002,-0.033088,0.061859,0.000000,-0.066176,0.000000,0.161946,1,55.47
2.518000,0.008,0.000849,0.021905,2.997,-0.000849,0.000000,0.000000,-0.004,0.002,-0.033088,0.061859,0.000000,-0.066176,0.000000,0.161946,1,55.47
2.520000,0.013,0.001305,0.022042,2.997,-0.001305,0.000000,0.000000,-0.018,0.003,-0.033088,0.061859,0.000000,-0.066176,0.000000,0.161946,1,55.47
2.522000,0.016,0.001592,0.022128,2.997,-0.001592,0.000000,0.000000,-0.026,0.003,-0.033088,0.061859,0.000000,-0.066176,0.000000,0.161946,1,55.47
2.524000,-0.004,-0.000427,0.021522,2.997,0.000427,0.000000,0.000000,-0.009,0.001,-0.033088,0.061859,0.000000,-0.066176,0.000000,0.161946,1,55.47
2.526000,0.014,0.001431,0.022080,2.997,-0.001431,0.000000,-0.000000,-0.008,0.003,-0.033088,0.061859,0.000000,-0.066176,0.000000,0.161946,1,55.47
2.528000,0.027,0.002663,0.022450,2.997,-0.002663,0.000000,-0.000000,-0.013,0.005,-0.033088,0.061859,0.000000,-0.066176,0.000000,0.161946,1,55.47
2.530000,-0.004,-0.000359,0.021543,2.997,0.000359,0.000000,0.000000,-0.016,0.001,-0.033088,0.061859,0.000000,-0.066176,0.000000,0.161946,1,55.47
2.532000,-0.005,-0.000548,0.021486,2.997,0.000548,0.000000,0.000000,0.004,0.001,-0.033088,0.061859,0.000000,-0.066176,0.000000,0.161946,1,55.47
2.534000,0.008,0.000839,0.021902,2.997,-0.000839,0.000000,-0.000000,-0.014,0.002,-0.033088,0.061859,0.000000,-0.066176,0.000000,0.161946,1,55.47
2.536000,0.033,0.003251,0.022626,2.997,-0.003251,0.000000,0.000000,-0.027,0.007,-0.033088,0.061859,0.000000,-0.066176,0.000000,0.161946,1,55.47
2.538000,0.023,0.002329,0.022349,2.997,-0.002329,0.000000,0.000000,0.004,0.005,-0.033088,0.061859,0.000000,-0.066176,0.000000,0.161946,1,55.47
2.540000,-0.002,-0.000228,0.021582,2.997,0.000228,0.000000,0.000000,0.005,0.000,-0.033088,0.061859,0.000000,-0.066176,0.000000,0.161946,1,55.47
2.542000,0.019,0.001945,0.022234,2.997,-0.001945,0.000000,0.000000,-0.008,0.004,-0.033088,0.061859,0.000000,-0.066176,0.000000,0.161946,1,55.47
2.544000,0.006,0.000597,0.021830,2.997,-0.000597,0.000000,0.000000,-0.033,0.001,-0.033088,0.061859,0.000000,-0.066176,0.000000,0.161946,1,55.47
2.546000,0.007,0.000686,0.021856,2.997,-0.000686,0.000000,0.000000,-0.023,0.001,-0.033088,0.061859,0.000000,-0.066176,0.000000,0.161946,1,55.47
2.548000,0.002,0.000221,0.022930,2.997,-0.000221,0.000000,0.000000,0.002,0.000,-0.034942,0.065324,0.000000,-0.069883,0.000000,0.171017,1,55.63
2.550000,0.002,0.000207,0.022925,2.997,-0.000207,0.000000,-0.000000,-0.019,0.000,-0.034942,0.065324,0.000000,-0.069883,0.000000,0.171017,1,55.63
2.552000,0.004,0.000409,0.022986,2.997,-0.000409,0.000000,0.000000,-0.006,0.001,-0.034942,0.065324,0.000000,-0.069883,0.000000,0.171017,1,55.63
2.554000,0.023,0.002295,0.023552,2.997,-0.002295,0.000000,-0.000000,-0.007,0.005,-0.034942,0.065324,0.000000,-0.069883,0.000000,0.171017,1,55.63
2.556000,0.007,0.000723,0.023080,2.997,-0.000723,0.000000,-0.000000,-0.002,0.001,-0.034942,0.065324,0.000000,-0.069883,0.000000,0.171017,1,55.63
2.558000,0.007,0.000690,0.023070,2.997,-0.000690,0.000000,-0.000000,-0.002,0.001,-0.034942,0.065324,0.000000,-0.069883,0.000000,0.171017,1,55.63
2.560000,-0.009,-0.000871,0.022602,2.997,0.000871,0.000000,0.000000,-0.004,0.002,-0.034942,0.065324,0.000000,-0.069883,0.000000,0.171017,1,55.63
2.562000,0.020,0.001971,0.023454,2.997,-0.001971,0.000000,-0.000000,-0.023,0.004,-0.034942,0.065324,0.000000,-0.069883,0.000000,0.171017,1,55.63
2.564000,-0.013,-0.001331,0.022464,2.997,0.001331,0.000000,0.000000,-0.007,0.003,-0.034942,0.065324,0.000000,-0.069883,0.000000,0.171017,1,55.63
2.566000,0.003,0.000333,0.022963,2.997,-0.000333,0.000000,0.000000,-0.007,0.001,-0.034942,0.065324,0.000000,-0.069883,0.000000,0.171017,1,55.63
2.568000,-0.005,-0.000464,0.022724,2.997,0.000464,0.000000,0.000000,0.009,0.001,-0.034942,0.065324,0.000000,-0.069883,0.000000,0.171017,1,55.63
2.570000,0.019,0.001877,0.023427,2.997,-0.001877,0.000000,0.000000,-0.020,0.004,-0.034942,0.065324,0.000000,-0.069883,0.000000,0.171017,1,55.63
2.572000,-0.025,-0.002482,0.022119,2.997,0.002482,0.000000,0.000000,0.013,0.005,-0.034942,0.065324,0.000000,-0.069883,0.000000,0.171017,1,55.63
2.574000,0.002,0.000196,0.022922,2.997,-0.000196,0.000000,-0.000000,-0.003,0.000,-0.034942,0.065324,0.000000,-0.069883,0.000000,0.171017,1,55.63
2.576000,0.001,0.000121,0.022900,2.997,-0.000121,0.000000,0.000000,0.005,0.000,-0.034942,0.065324,0.000000,-0.069883,0.000000,0.171017,1,55.63
2.578000,-0.009,-0.000915,0.022589,2.997,0.000915,0.000000,0.000000,-0.019,0.002,-0.034942,0.065324,0.000000,-0.069883,0.000000,0.171017,1,55.63
2.580000,-0.003,-0.000319,0.022768,2.997,0.000319,0.000000,0.000000,0.025,0.001,-0.034942,0.065324,0.000000,-0.069883,0.000000,0.171017,1,55.63
2.582000,0.013,0.001294,0.023251,2.997,-0.001294,0.000000,-0.000000,-0.002,0.003,-0.034942,0.065324,0.000000,-0.069883,0.000000,0.171017,1,55.63
2.584000,0.028,0.002842,0.023716,2.997,-0.002842,0.000000,-0.000000,-0.001,0.006,-0.034942,0.065324,0.000000,-0.069883,0.000000,0.171017,1,55.63
2.586000,-0.010,-0.000968,0.022573,2.997,0.000968,0.000000,0.000000,0.009,0.002,-0.034942,0.065324,0.000000,-0.069883,0.000000,0.171017,1,55.63
2.588000,0.011,0.001149,0.023208,2.997,-0.001149,0.000000,-0.000000,0.003,0.002,-0.034942,0.065324,0.000000,-0.069883,0.000000,0.171017,1,55.63
2.590000,0.035,0.003464,0.023902,2.997,-0.003464,0.000000,-0.000000,-0.013,0.007,-0.034942,0.065324,0.000000,-0.069883,0.000000,0.171017,1,55.63
2.592000,0.037,0.003665,0.023963,2.997,-0.003665,0.000000,-0.000000,-0.028,0.007,-0.034942,0.065324,0.000000,-0.069883,0.000000,0.171017,1,55.63
2.594000,0.001,0.000088,0.022890,2.997,-0.000088,0.000000,0.000000,0.010,0.000,-0.034942,0.065324,0.000000,-0.069883,0.000000,0.171017,1,55.63
2.596000,0.008,0.000775,0.023096,2.997,-0.000775,0.000000,-0.000000,-0.011,0.002,-0.034942,0.065324,0.000000,-0.069883,0.000000,0.171017,1,55.63
2.598000,0.010,0.000997,0.023162,2.997,-0.000997,0.000000,0.000000,-0.035,0.002,-0.034942,0.065324,0.000000,-0.069883,0.000000,0.171017,1,55.63
2.600000,0.005,0.000490,0.021535,2.997,-0.000490,0.000000,-0.000000,0.000,0.001,-0.032687,0.061109,0.000000,-0.065375,0.000000,0.159984,1,55.65
2.602000,0.005,0.000490,0.021535,2.997,-0.000490,0.000000,0.000000,0.000,0.001,-0.032687,0.061109,0.000000,-0.065375,0.000000,0.159984,1,55.65
2.604000,0.002,0.000179,0.021442,2.997,-0.000179,0.000000,0.000000,0.000,0.000,-0.032687,0.061109,0.000000,-0.065375,0.000000,0.159984,1,55.65
2.606000,-0.005,-0.000476,0.021246,2.997,0.000476,0.000000,0.000000,0.000,0.001,-0.032687,0.061109,0.000000,-0.065375,0.000000,0.159984,1,55.65
2.608000,0.013,0.001290,0.021775,2.997,-0.001290,0.000000,0.000000,-0.005,0.003,-0.032687,0.061109,0.000000,-0.065375,0.000000,0.159984,1,55.65
2.610000,0.008,0.000755,0.021615,2.997,-0.000755,0.000000,0.000000,-0.005,0.002,-0.032687,0.061109,0.000000,-0.065375,0.000000,0.159984,1,55.65
2.612000,0.001,0.000069,0.021409,2.997,-0.000069,0.000000,0.000000,-0.002,0.000,-0.032687,0.061109,0.000000,-0.065375,0.000000,0.159984,1,55.65
2.614000,0.004,0.000443,0.021521,2.997,-0.000443,0.000000,0.000000,0.005,0.001,-0.032687,0.061109,0.000000,-0.065375,0.000000,0.159984,1,55.65
2.616000,0.016,0.001649,0.021883,2.997,-0.001649,0.000000,-0.000000,-0.013,0.003,-0.032687,0.061109,0.000000,-0.065375,0.000000,0.159984,1,55.65
2.618000,0.030,0.003041,0.022301,2.997,-0.003041,0.000000,-0.000000,-0.008,0.006,-0.032687,0.061109,0.000000,-0.065375,0.000000,0.159984,1,55.65
2.620000,0.002,0.000232,0.021458,2.997,-0.000232,0.000000,0.000000,-0.001,0.000,-0.032687,0.061109,0.000000,-0.065375,0.000000,0.159984,1,55.65
2.622000,-0.001,-0.000060,0.021370,2.997,0.000060,0.000000,0.000000,-0.004,0.000,-0.032687,0.061109,0.000000,-0.065375,0.000000,0.159984,1,55.65
2.624000,0.006,0.000617,0.021573,2.997,-0.000617,0.000000,0.000000,-0.016,0.001,-0.032687,0.061109,0.000000,-0.065375,0.000000,0.159984,1,55.65
2.626000,0.021,0.002138,0.022030,2.997,-0.002138,0.000000,-0.000000,-0.030,0.004,-0.032687,0.061109,0.000000,-0.065375,0.000000,0.159984,1,55.65
2.628000,0.022,0.002158,0.022036,2.997,-0.002158,0.000000,0.000000,-0.002,0.004,-0.032687,0.061109,0.000000,-0.065375,0.000000,0.159984,1,55.65
2.630000,0.013,0.001334,0.021789,2.997,-0.001334,0.000000,-0.000000,0.001,0.003,-0.032687,0.061109,0.000000,-0.065375,0.000000,0.159984,1,55.65
2.632000,0.016,0.001599,0.021868,2.997,-0.001599,0.000000,-0.000000,-0.006,0.003,-0.032687,0.061109,0.000000,-0.065375,0.000000,0.159984,1,55.65
2.634000,0.015,0.001513,0.021842,2.997,-0.001513,0.000000,-0.000000,-0.021,0.003,-0.032687,0.061109,0.000000,-0.065375,0.000000,0.159984,1,55.65
2.636000,0.020,0.002050,0.022003,2.997,-0.002050,0.000000,0.000000,-0.022,0.004,-0.032687,0.061109,0.000000,-0.065375,0.000000,0.159984,1,55.65
2.638000,0.023,0.002263,0.022067,2.997,-0.002263,0.000000,-0.000000,-0.013,0.005,-0.032687,0.061109,0.000000,-0.065375,0.000000,0.159984,1,55.65
2.640000,0.005,0.000450,0.021523,2.997,-0.000450,0.000000,0.000000,-0.016,0.001,-0.032687,0.061109,0.000000,-0.065375,0.000000,0.159984,1,55.65
2.642000,0.012,0.001189,0.021745,2.997,-0.001189,0.000000,-0.000000,-0.015,0.002,-0.032687,0.061109,0.000000,-0.065375,0.000000,0.159984,1,55.65
2.644000,0.021,0.002068,0.022009,2.997,-0.002068,0.000000,-0.000000,-0.020,0.004,-0.032687,0.061109,0.000000,-0.065375,0.000000,0.159984,1,55.65
2.646000,0.013,0.001301,0.021779,2.997,-0.001301,0.000000,0.000000,-0.023,0.003,-0.032687,0.061109,0.000000,-0.065375,0.000000,0.159984,1,55.65
2.648000,-0.001,-0.000131,0.021349,2.997,0.000131,0.000000,0.000000,-0.005,0.000,-0.032687,0.061109,0.000000,-0.065375,0.000000,0.159984,1,55.65
2.650000,0.007,0.000691,0.021383,2.997,-0.000691,0.000000,-0.000000,-0.012,0.001,-0.032362,0.060501,0.000000,-0.064724,0.000000,0.158392,1,55.71
2.652000,0.015,0.001460,0.021613,2.997,-0.001460,0.000000,-0.000000,-0.021,0.003,-0.032362,0.060501,0.000000,-0.064724,0.000000,0.158392,1,55.71
2.654000,0.019,0.001937,0.021757,2.997,-0.001937,0.000000,0.000000,-0.013,0.004,-0.032362,0.060501,0.000000,-0.064724,0.000000,0.158392,1,55.71
2.656000,0.017,0.001683,0.021680,2.997,-0.001683,0.000000,-0.000000,0.001,0.003,-0.032362,0.060501,0.000000,-0.064724,0.000000,0.158392,1,55.71
2.658000,0.001,0.000066,0.021195,2.997,-0.000066,0.000000,0.000000,-0.007,0.000,-0.032362,0.060501,0.000000,-0.064724,0.000000,0.158392,1,55.71
2.660000,0.015,0.001479,0.021619,2.997,-0.001479,0.000000,-0.000000,-0.015,0.003,-0.032362,0.060501,0.000000,-0.064724,0.000000,0.158392,1,55.71
2.662000,0.003,0.000343,0.021278,2.997,-0.000343,0.000000,0.000000,-0.019,0.001,-0.032362,0.060501,0.000000,-0.064724,0.000000,0.158392,1,55.71
2.664000,0.019,0.001853,0.021731,2.997,-0.001853,0.000000,0.000000,-0.017,0.004,-0.032362,0.060501,0.000000,-0.064724,0.000000,0.158392,1,55.71
2.666000,0.002,0.000236,0.021246,2.997,-0.000236,0.000000,0.000000,-0.001,0.000,-0.032362,0.060501,0.000000,-0.064724,0.000000,0.158392,1,55.71
2.668000,0.015,0.001526,0.021633,2.997,-0.001526,0.000000,-0.000000,-0.015,0.003,-0.032362,0.060501,0.000000,-0.064724,0.000000,0.158392,1,55.71
2.670000,0.007,0.000696,0.021384,2.997,-0.000696,0.000000,0.000000,-0.003,0.001,-0.032362,0.060501,0.000000,-0.064724,0.000000,0.158392,1,55.71
2.672000,0.007,0.000732,0.021395,2.997,-0.000732,0.000000,-0.000000,-0.019,0.001,-0.032362,0.060501,0.000000,-0.064724,0.000000,0.158392,1,55.71
2.674000,0.014,0.001439,0.021607,2.997,-0.001439,0.000000,-0.000000,-0.002,0.003,-0.032362,0.060501,0.000000,-0.064724,0.000000,0.158392,1,55.71
2.676000,0.020,0.001954,0.021762,2.997,-0.001954,0.000000,-0.000000,-0.015,0.004,-0.032362,0.060501,0.000000,-0.064724,0.000000,0.158392,1,55.71
2.678000,0.010,0.000956,0.021462,2.997,-0.000956,0.000000,0.000000,-0.007,0.002,-0.032362,0.060501,0.000000,-0.064724,0.000000,0.158392,1,55.71
2.680000,0.013,0.001316,0.021570,2.997,-0.001316,0.000000,-0.000000,-0.007,0.003,-0.032362,0.060501,0.000000,-0.064724,0.000000,0.158392,1,55.71
2.682000,-0.003,-0.000287,0.021089,2.997,0.000287,0.000000,0.000000,-0.014,0.001,-0.032362,0.060501,0.000000,-0.064724,0.000000,0.158392,1,55.71
2.684000,0.010,0.000970,0.021466,2.997,-0.000970,0.000000,0.000000,-0.020,0.002,-0.032362,0.060501,0.000000,-0.064724,0.000000,0.158392,1,55.71
2.686000,0.016,0.001644,0.021669,2.997,-0.001644,0.000000,0.000000,-0.010,0.003,-0.032362,0.060501,0.000000,-0.064724,0.000000,0.158392,1,55.71
2.688000,0.014,0.001437,0.021607,2.997,-0.001437,0.000000,-0.000000,-0.013,0.003,-0.032362,0.060501,0.000000,-0.064724,0.000000,0.158392,1,55.71
2.690000,0.021,0.002129,0.021814,2.997,-0.002129,0.000000,-0.000000,0.003,0.004,-0.032362,0.060501,0.000000,-0.064724,0.000000,0.158392,1,55.71
2.692000,0.004,0.000354,0.021282,2.997,-0.000354,0.000000,-0.000000,-0.010,0.001,-0.032362,0.060501,0.000000,-0.064724,0.000000,0.158392,1,55.71
2.694000,0.003,0.000301,0.021266,2.997,-0.000301,0.000000,0.000000,-0.016,0.001,-0.032362,0.060501,0.000000,-0.064724,0.000000,0.158392,1,55.71
2.696000,0.005,0.000474,0.021318,2.997,-0.000474,0.000000,0.000000,-0.014,0.001,-0.032362,0.060501,0.000000,-0.064724,0.000000,0.158392,1,55.71
2.698000,0.012,0.001188,0.021532,2.997,-0.001188,0.000000,0.000000,-0.021,0.002,-0.032362,0.060501,0.000000,-0.064724,0.000000,0.158392,1,55.71
2.700000,0.009,0.000898,0.021445,2.997,-0.000898,0.000000,-0.000000,0.000,0.002,-0.032362,0.060501,0.000000,-0.064724,0.000000,0.158392,1,55.71
2.702000,0.014,0.001383,0.020400,2.997,-0.001383,0.000000,-0.000000,0.000,0.003,-0.030542,0.057099,0.000000,-0.061085,0.000000,0.149485,1,55.87
2.704000,0.004,0.000424,0.020112,2.997,-0.000424,0.000000,0.000000,0.000,0.001,-0.030542,0.057099,0.000000,-0.061085,0.000000,0.149485,1,55.87
2.706000,0.016,0.001637,0.020476,2.997,-0.001637,0.000000,-0.000000,0.000,0.003,-0.030542,0.057099,0.000000,-0.061085,0.000000,0.149485,1,55.87
2.708000,0.004,0.000399,0.020105,2.997,-0.000399,0.000000,0.000000,-0.009,0.001,-0.030542,0.057099,0.000000,-0.061085,0.000000,0.149485,1,55.87
2.710000,0.001,0.000074,0.020007,2.997,-0.000074,0.000000,0.000000,-0.014,0.000,-0.030542,0.057099,0.000000,-0.061085,0.000000,0.149485,1,55.87
2.712000,-0.001,-0.000146,0.019941,2.997,0.000146,0.000000,0.000000,-0.004,0.000,-0.030542,0.057099,0.000000,-0.061085,0.000000,0.149485,1,55.87
2.714000,-0.001,-0.000143,0.019942,2.997,0.000143,0.000000,0.000000,-0.016,0.000,-0.030542,0.057099,0.000000,-0.061085,0.000000,0.149485,1,55.87
2.716000,0.016,0.001627,0.020473,2.997,-0.001627,0.000000,-0.000000,-0.004,0.003,-0.030542,0.057099,0.000000,-0.061085,0.000000,0.149485,1,55.87
2.718000,0.016,0.001609,0.020468,2.997,-0.001609,0.000000,-0.000000,-0.001,0.003,-0.030542,0.057099,0.000000,-0.061085,0.000000,0.149485,1,55.87
2.720000,-0.004,-0.000360,0.019877,2.997,0.000360,0.000000,-0.000000,0.001,0.001,-0.030542,0.057099,0.000000,-0.061085,0.000000,0.149485,1,55.87
2.722000,0.017,0.001664,0.020484,2.997,-0.001664,0.000000,-0.000000,0.001,0.003,-0.030542,0.057099,0.000000,-0.061085,0.000000,0.149485,1,55.87
2.724000,0.019,0.001858,0.020542,2.997,-0.001858,0.000000,-0.000000,-0.016,0.004,-0.030542,0.057099,0.000000,-0.061085,0.000000,0.149485,1,55.87
2.726000,0.014,0.001416,0.020410,2.997,-0.001416,0.000000,0.000000,-0.016,0.003,-0.030542,0.057099,0.000000,-0.061085,0.000000,0.149485,1,55.87
2.728000,0.004,0.000355,0.020091,2.997,-0.000355,0.000000,0.000000,0.004,0.001,-0.030542,0.057099,0.000000,-0.061085,0.000000,0.149485,1,55.87
2.730000,0.014,0.001445,0.020418,2.997,-0.001445,0.000000,-0.000000,-0.017,0.003,-0.030542,0.057099,0.000000,-0.061085,0.000000,0.149485,1,55.87
2.732000,0.010,0.001043,0.020298,2.997,-0.001043,0.000000,0.000000,-0.019,0.002,-0.030542,0.057099,0.000000,-0.061085,0.000000,0.149485,1,55.87
2.734000,0.010,0.000966,0.020274,2.997,-0.000966,0.000000,0.000000,-0.014,0.002,-0.030542,0.057099,0.000000,-0.061085,0.000000,0.149485,1,55.87
2.736000,0.010,0.001034,0.020295,2.997,-0.001034,0.000000,-0.000000,-0.004,0.002,-0.030542,0.057099,0.000000,-0.061085,0.000000,0.149485,1,55.87
2.738000,0.004,0.000446,0.020118,2.997,-0.000446,0.000000,0.000000,-0.014,0.001,-0.030542,0.057099,0.000000,-0.061085,0.000000,0.149485,1,55.87
2.740000,0.014,0.001415,0.020409,2.997,-0.001415,0.000000,0.000000,-0.010,0.003,-0.030542,0.057099,0.000000,-0.061085,0.000000,0.149485,1,55.87
2.742000,-0.006,-0.000617,0.019800,2.997,0.000617,0.000000,0.000000,-0.010,0.001,-0.030542,0.057099,0.000000,-0.061085,0.000000,0.149485,1,55.87
2.744000,0.018,0.001784,0.020520,2.997,-0.001784,0.000000,0.000000,-0.010,0.004,-0.030542,0.057099,0.000000,-0.061085,0.000000,0.149485,1,55.87
2.746000,0.007,0.000684,0.020190,2.997,-0.000684,0.000000,0.000000,-0.004,0.001,-0.030542,0.057099,0.000000,-0.061085,0.000000,0.149485,1,55.87
2.748000,0.021,0.002117,0.020620,2.997,-0.002117,0.000000,-0.000000,-0.014,0.004,-0.030542,0.057099,0.000000,-0.061085,0.000000,0.149485,1,55.87
2.750000,-0.002,-0.000184,0.019930,2.997,0.000184,0.000000,0.000000,0.006,0.000,-0.030542,0.057099,0.000000,-0.061085,0.000000,0.149485,1,55.87
2.752000,0.014,0.001366,0.020394,2.997,-0.001366,0.000000,-0.000000,-0.018,0.003,-0.030542,0.057099,0.000000,-0.061085,0.000000,0.149485,1,55.87
2.754000,0.006,0.000572,0.033031,2.997,-0.000572,0.000000,-0.000000,-0.007,0.001,-0.050218,0.093882,0.000000,-0.100436,0.000000,0.245783,1,54.28
2.756000,-0.007,-0.000659,0.032661,2.997,0.000659,0.000000,-0.000000,-0.021,0.001,-0.050218,0.093882,0.000000,-0.100436,0.000000,0.245783,1,54.28
2.758000,0.002,0.000208,0.032921,2.997,-0.000208,0.000000,-0.000000,0.002,0.000,-0.050218,0.093882,0.000000,-0.100436,0.000000,0.245783,1,54.28
2.760000,-0.007,-0.000658,0.032661,2.997,0.000658,0.000000,-0.000000,-0.014,0.001,-0.050218,0.093882,0.000000,-0.100436,0.000000,0.245783,1,54.28
2.762000,-0.008,-0.000790,0.032622,2.997,0.000790,0.000000,0.000000,-0.006,0.002,-0.050218,0.093882,0.000000,-0.100436,0.000000,0.245783,1,54.28
2.764000,-0.007,-0.000684,0.032654,2.997,0.000684,0.000000,-0.000000,0.007,0.001,-0.050218,0.093882,0.000000,-0.100436,0.000000,0.245783,1,54.28
2.766000,0.008,0.000768,0.033089,2.997,-0.000768,0.000000,-0.000000,-0.002,0.002,-0.050218,0.093882,0.000000,-0.100436,0.000000,0.245783,1,54.28
2.768000,0.009,0.000875,0.033121,2.997,-0.000875,0.000000,-0.000000,0.007,0.002,-0.050218,0.093882,0.000000,-0.100436,0.000000,0.245783,1,54.28
2.770000,0.017,0.001689,0.033365,2.997,-0.001689,0.000000,-0.000000,0.008,0.003,-0.050218,0.093882,0.000000,-0.100436,0.000000,0.245783,1,54.28
2.772000,0.008,0.000791,0.033096,2.997,-0.000791,0.000000,-0.000000,0.007,0.002,-0.050218,0.093882,0.000000,-0.100436,0.000000,0.245783,1,54.28
2.774000,0.016,0.001584,0.033334,2.997,-0.001584,0.000000,-0.000000,-0.008,0.003,-0.050218,0.093882,0.000000,-0.100436,0.000000,0.245783,1,54.28
2.776000,0.014,0.001416,0.033284,2.997,-0.001416,0.000000,-0.000000,-0.009,0.003,-0.050218,0.093882,0.000000,-0.100436,0.000000,0.245783,1,54.28
2.778000,0.023,0.002266,0.033539,2.997,-0.002266,0.000000,-0.000000,-0.017,0.005,-0.050218,0.093882,0.000000,-0.100436,0.000000,0.245783,1,54.28
2.780000,0.003,0.000345,0.032962,2.997,-0.000345,0.000000,0.000000,-0.008,0.001,-0.050218,0.093882,0.000000,-0.100436,0.000000,0.245783,1,54.28
2.782000,0.015,0.001499,0.033308,2.997,-0.001499,0.000000,-0.000000,-0.016,0.003,-0.050218,0.093882,0.000000,-0.100436,0.000000,0.245783,1,54.28
2.784000,0.012,0.001180,0.033213,2.997,-0.001180,0.000000,0.000000,-0.014,0.002,-0.050218,0.093882,0.000000,-0.100436,0.000000,0.245783,1,54.28
2.786000,0.024,0.002398,0.033578,2.997,-0.002398,0.000000,-0.000000,-0.023,0.005,-0.050218,0.093882,0.000000,-0.100436,0.000000,0.245783,1,54.28
2.788000,0.005,0.000525,0.033016,2.997,-0.000525,0.000000,0.000000,-0.003,0.001,-0.050218,0.093882,0.000000,-0.100436,0.000000,0.245783,1,54.28
2.790000,0.010,0.000958,0.033146,2.997,-0.000958,0.000000,-0.000000,-0.015,0.002,-0.050218,0.093882,0.000000,-0.100436,0.000000,0.245783,1,54.28
2.792000,0.016,0.001581,0.033333,2.997,-0.001581,0.000000,0.000000,-0.012,0.003,-0.050218,0.093882,0.000000,-0.100436,0.000000,0.245783,1,54.28
2.794000,0.012,0.001214,0.033223,2.997,-0.001214,0.000000,0.000000,-0.024,0.002,-0.050218,0.093882,0.000000,-0.100436,0.000000,0.245783,1,54.28
2.796000,0.010,0.001003,0.033160,2.997,-0.001003,0.000000,0.000000,-0.005,0.002,-0.050218,0.093882,0.000000,-0.100436,0.000000,0.245783,1,54.28
2.798000,-0.001,-0.000078,0.032836,2.997,0.000078,0.000000,0.000000,-0.010,0.000,-0.050218,0.093882,0.000000,-0.100436,0.000000,0.245783,1,54.28
2.800000,0.007,0.000738,0.033080,2.997,-0.000738,0.000000,-0.000000,0.000,0.001,-0.050218,0.093882,0.000000,-0.100436,0.000000,0.245783,1,54.28
2.802000,0.003,0.000308,0.032951,2.997,-0.000308,0.000000,0.000000,0.000,0.001,-0.050218,0.093882,0.000000,-0.100436,0.000000,0.245783,1,54.28
2.804000,0.004,0.000436,0.032990,2.997,-0.000436,0.000000,0.000000,0.000,0.001,-0.050218,0.093882,0.000000,-0.100436,0.000000,0.245783,1,54.28
2.806000,0.004,0.000361,0.031998,2.997,-0.000361,0.000000,0.000000,0.000,0.001,-0.048737,0.091113,0.000000,-0.097473,0.000000,0.238534,1,54.14
2.808000,0.028,0.002816,0.032734,2.997,-0.002816,0.000000,-0.000000,-0.007,0.006,-0.048737,0.091113,0.000000,-0.097473,0.000000,0.238534,1,54.14
2.810000,0.005,0.000455,0.032026,2.997,-0.000455,0.000000,0.000000,-0.003,0.001,-0.048737,0.091113,0.000000,-0.097473,0.000000,0.238534,1,54.14
2.812000,0.004,0.000423,0.032017,2.997,-0.000423,0.000000,0.000000,-0.004,0.001,-0.048737,0.091113,0.000000,-0.097473,0.000000,0.238534,1,54.14
2.814000,0.030,0.003021,0.032796,2.997,-0.003021,0.000000,-0.000000,-0.004,0.006,-0.048737,0.091113,0.000000,-0.097473,0.000000,0.238534,1,54.14
2.816000,0.011,0.001100,0.032220,2.997,-0.001100,0.000000,-0.000000,-0.028,0.002,-0.048737,0.091113,0.000000,-0.097473,0.000000,0.238534,1,54.14
2.818000,0.008,0.000832,0.032139,2.997,-0.000832,0.000000,0.000000,-0.005,0.002,-0.048737,0.091113,0.000000,-0.097473,0.000000,0.238534,1,54.14
2.820000,0.000,0.000017,0.031895,2.997,-0.000017,0.000000,-0.000000,-0.004,0.000,-0.048737,0.091113,0.000000,-0.097473,0.000000,0.238534,1,54.14
2.822000,0.002,0.000163,0.031939,2.997,-0.000163,0.000000,-0.000000,-0.030,0.000,-0.048737,0.091113,0.000000,-0.097473,0.000000,0.238534,1,54.14
2.824000,0.013,0.001276,0.032273,2.997,-0.001276,0.000000,0.000000,-0.011,0.003,-0.048737,0.091113,0.000000,-0.097473,0.000000,0.238534,1,54.14
2.826000,-0.012,-0.001172,0.031538,2.997,0.001172,0.000000,0.000000,-0.008,0.002,-0.048737,0.091113,0.000000,-0.097473,0.000000,0.238534,1,54.14
2.828000,0.016,0.001639,0.032382,2.997,-0.001639,0.000000,-0.000000,-0.000,0.003,-0.048737,0.091113,0.000000,-0.097473,0.000000,0.238534,1,54.14
2.830000,-0.003,-0.000283,0.031805,2.997,0.000283,0.000000,-0.000000,-0.002,0.001,-0.048737,0.091113,0.000000,-0.097473,0.000000,0.238534,1,54.14
2.832000,0.002,0.000203,0.031951,2.997,-0.000203,0.000000,-0.000000,-0.013,0.000,-0.048737,0.091113,0.000000,-0.097473,0.000000,0.238534,1,54.14
2.834000,-0.021,-0.002144,0.031246,2.997,0.002144,0.000000,0.000000,0.012,0.004,-0.048737,0.091113,0.000000,-0.097473,0.000000,0.238534,1,54.14
2.836000,0.005,0.000483,0.032035,2.997,-0.000483,0.000000,-0.000000,-0.016,0.001,-0.048737,0.091113,0.000000,-0.097473,0.000000,0.238534,1,54.14
2.838000,0.011,0.001052,0.032205,2.997,-0.001052,0.000000,0.000000,0.003,0.002,-0.048737,0.091113,0.000000,-0.097473,0.000000,0.238534,1,54.14
2.840000,0.017,0.001661,0.032388,2.997,-0.001661,0.000000,-0.000000,-0.002,0.003,-0.048737,0.091113,0.000000,-0.097473,0.000000,0.238534,1,54.14
2.842000,0.019,0.001880,0.032454,2.997,-0.001880,0.000000,-0.000000,0.021,0.004,-0.048737,0.091113,0.000000,-0.097473,0.000000,0.238534,1,54.14
2.844000,-0.001,-0.000097,0.031861,2.997,0.000097,0.000000,-0.000000,-0.005,0.000,-0.048737,0.091113,0.000000,-0.097473,0.000000,0.238534,1,54.14
2.846000,0.007,0.000663,0.032089,2.997,-0.000663,0.000000,0.000000,-0.011,0.001,-0.048737,0.091113,0.000000,-0.097473,0.000000,0.238534,1,54.14
2.848000,0.010,0.000990,0.032187,2.997,-0.000990,0.000000,0.000000,-0.017,0.002,-0.048737,0.091113,0.000000,-0.097473,0.000000,0.238534,1,54.14
2.850000,0.020,0.001964,0.032479,2.997,-0.001964,0.000000,-0.000000,-0.019,0.004,-0.048737,0.091113,0.000000,-0.097473,0.000000,0.238534,1,54.14
2.852000,0.007,0.000661,0.032088,2.997,-0.000661,0.000000,0.000000,0.001,0.001,-0.048737,0.091113,0.000000,-0.097473,0.000000,0.238534,1,54.14
2.854000,0.005,0.000521,0.032046,2.997,-0.000521,0.000000,-0.000000,-0.007,0.001,-0.048737,0.091113,0.000000,-0.097473,0.000000,0.238534,1,54.14
2.856000,0.016,0.001596,0.032368,2.997,-0.001596,0.000000,-0.000000,-0.010,0.003,-0.048737,0.091113,0.000000,-0.097473,0.000000,0.238534,1,54.14
2.858000,0.003,0.000268,0.031644,2.997,-0.000268,0.000000,-0.000000,-0.020,0.001,-0.048238,0.090182,0.000000,-0.096476,0.000000,0.236095,1,54.06
2.860000,0.006,0.000560,0.031732,2.997,-0.000560,0.000000,0.000000,-0.007,0.001,-0.048238,0.090182,0.000000,-0.096476,0.000000,0.236095,1,54.06
2.862000,-0.001,-0.000074,0.031541,2.997,0.000074,0.000000,0.000000,-0.005,0.000,-0.048238,0.090182,0.000000,-0.096476,0.000000,0.236095,1,54.06
2.864000,-0.011,-0.001050,0.031249,2.997,0.001050,0.000000,0.000000,-0.016,0.002,-0.048238,0.090182,0.000000,-0.096476,0.000000,0.236095,1,54.06
2.866000,-0.014,-0.001411,0.031140,2.997,0.001411,0.000000,0.000000,-0.003,0.003,-0.048238,0.090182,0.000000,-0.096476,0.000000,0.236095,1,54.06
2.868000,0.019,0.001870,0.032124,2.997,-0.001870,0.000000,-0.000000,-0.006,0.004,-0.048238,0.090182,0.000000,-0.096476,0.000000,0.236095,1,54.06
2.870000,0.018,0.001765,0.032093,2.997,-0.001765,0.000000,-0.000000,0.001,0.004,-0.048238,0.090182,0.000000,-0.096476,0.000000,0.236095,1,54.06
2.872000,0.017,0.001732,0.032083,2.997,-0.001732,0.000000,-0.000000,0.011,0.003,-0.048238,0.090182,0.000000,-0.096476,0.000000,0.236095,1,54.06
2.874000,0.018,0.001825,0.032111,2.997,-0.001825,0.000000,-0.000000,0.014,0.004,-0.048238,0.090182,0.000000,-0.096476,0.000000,0.236095,1,54.06
2.876000,0.004,0.000419,0.031689,2.997,-0.000419,0.000000,-0.000000,-0.019,0.001,-0.048238,0.090182,0.000000,-0.096476,0.000000,0.236095,1,54.06
2.878000,0.000,0.000030,0.031572,2.997,-0.000030,0.000000,0.000000,-0.018,0.000,-0.048238,0.090182,0.000000,-0.096476,0.000000,0.236095,1,54.06
2.880000,0.006,0.000626,0.031752,2.997,-0.000626,0.000000,0.000000,-0.017,0.001,-0.048238,0.090182,0.000000,-0.096476,0.000000,0.236095,1,54.06
2.882000,0.002,0.000226,0.031631,2.997,-0.000226,0.000000,0.000000,-0.018,0.000,-0.048238,0.090182,0.000000,-0.096476,0.000000,0.236095,1,54.06
2.884000,0.013,0.001275,0.031946,2.997,-0.001275,0.000000,0.000000,-0.004,0.003,-0.048238,0.090182,0.000000,-0.096476,0.000000,0.236095,1,54.06
2.886000,-0.004,-0.000429,0.031435,2.997,0.000429,0.000000,0.000000,-0.000,0.001,-0.048238,0.090182,0.000000,-0.096476,0.000000,0.236095,1,54.06
2.888000,0.022,0.002213,0.032227,2.997,-0.002213,0.000000,-0.000000,-0.006,0.004,-0.048238,0.090182,0.000000,-0.096476,0.000000,0.236095,1,54.06
2.890000,0.007,0.000689,0.031770,2.997,-0.000689,0.000000,0.000000,-0.002,0.001,-0.048238,0.090182,0.000000,-0.096476,0.000000,0.236095,1,54.06
2.892000,0.003,0.000270,0.031645,2.997,-0.000270,0.000000,0.000000,-0.013,0.001,-0.048238,0.090182,0.000000,-0.096476,0.000000,0.236095,1,54.06
2.894000,0.005,0.000457,0.031701,2.997,-0.000457,0.000000,0.000000,0.004,0.001,-0.048238,0.090182,0.000000,-0.096476,0.000000,0.236095,1,54.06
2.896000,-0.000,-0.000050,0.031549,2.997,0.000050,0.000000,0.000000,-0.022,0.000,-0.048238,0.090182,0.000000,-0.096476,0.000000,0.236095,1,54.06
2.898000,0.010,0.000955,0.031850,2.997,-0.000955,0.000000,0.000000,-0.007,0.002,-0.048238,0.090182,0.000000,-0.096476,0.000000,0.236095,1,54.06
2.900000,0.017,0.001662,0.032062,2.997,-0.001662,0.000000,-0.000000,0.000,0.003,-0.048238,0.090182,0.000000,-0.096476,0.000000,0.236095,1,54.06
2.902000,0.011,0.001094,0.031892,2.997,-0.001094,0.000000,0.000000,0.000,0.002,-0.048238,0.090182,0.000000,-0.096476,0.000000,0.236095,1,54.06
2.904000,0.033,0.003324,0.032561,2.997,-0.003324,0.000000,-0.000000,0.000,0.007,-0.048238,0.090182,0.000000,-0.096476,0.000000,0.236095,1,54.06
2.906000,0.030,0.002954,0.032450,2.997,-0.002954,0.000000,-0.000000,0.000,0.006,-0.048238,0.090182,0.000000,-0.096476,0.000000,0.236095,1,54.06
2.908000,0.013,0.001265,0.031713,2.997,-0.001265,0.000000,-0.000000,-0.017,0.003,-0.047887,0.089525,0.000000,-0.095774,0.000000,0.234375,1,54.06
2.910000,0.014,0.001375,0.031746,2.997,-0.001375,0.000000,-0.000000,-0.011,0.003,-0.047887,0.089525,0.000000,-0.095774,0.000000,0.234375,1,54.06
2.912000,0.015,0.001507,0.031786,2.997,-0.001507,0.000000,-0.000000,-0.033,0.003,-0.047887,0.089525,0.000000,-0.095774,0.000000,0.234375,1,54.06
2.914000,0.006,0.000622,0.031520,2.997,-0.000622,0.000000,0.000000,-0.030,0.001,-0.047887,0.089525,0.000000,-0.095774,0.000000,0.234375,1,54.06
2.916000,0.014,0.001444,0.031767,2.997,-0.001444,0.000000,-0.000000,-0.013,0.003,-0.047887,0.089525,0.000000,-0.095774,0.000000,0.234375,1,54.06
2.918000,0.022,0.002250,0.032009,2.997,-0.002250,0.000000,-0.000000,-0.014,0.004,-0.047887,0.089525,0.000000,-0.095774,0.000000,0.234375,1,54.06
2.920000,0.019,0.001942,0.031916,2.997,-0.001942,0.000000,-0.000000,-0.015,0.004,-0.047887,0.089525,0.000000,-0.095774,0.000000,0.234375,1,54.06
2.922000,0.018,0.001848,0.031888,2.997,-0.001848,0.000000,-0.000000,-0.006,0.004,-0.047887,0.089525,0.000000,-0.095774,0.000000,0.234375,1,54.06
2.924000,-0.011,-0.001074,0.031011,2.997,0.001074,0.000000,0.000000,-0.014,0.002,-0.047887,0.089525,0.000000,-0.095774,0.000000,0.234375,1,54.06
2.926000,0.016,0.001613,0.031818,2.997,-0.001613,0.000000,-0.000000,-0.022,0.003,-0.047887,0.089525,0.000000,-0.095774,0.000000,0.234375,1,54.06
2.928000,-0.011,-0.001118,0.030998,2.997,0.001118,0.000000,0.000000,-0.019,0.002,-0.047887,0.089525,0.000000,-0.095774,0.000000,0.234375,1,54.06
2.930000,0.029,0.002911,0.032207,2.997,-0.002911,0.000000,-0.000000,-0.018,0.006,-0.047887,0.089525,0.000000,-0.095774,0.000000,0.234375,1,54.06
2.932000,0.010,0.000967,0.031624,2.997,-0.000967,0.000000,-0.000000,0.011,0.002,-0.047887,0.089525,0.000000,-0.095774,0.000000,0.234375,1,54.06
2.934000,0.019,0.001857,0.031891,2.997,-0.001857,0.000000,-0.000000,-0.016,0.004,-0.047887,0.089525,0.000000,-0.095774,0.000000,0.234375,1,54.06
2.936000,0.026,0.002619,0.032119,2.997,-0.002619,0.000000,-0.000000,0.011,0.005,-0.047887,0.089525,0.000000,-0.095774,0.000000,0.234375,1,54.06
2.938000,-0.002,-0.000154,0.031288,2.997,0.000154,0.000000,0.000000,-0.029,0.000,-0.047887,0.089525,0.000000,-0.095774,0.000000,0.234375,1,54.06
2.940000,0.006,0.000587,0.031510,2.997,-0.000587,0.000000,0.000000,-0.010,0.001,-0.047887,0.089525,0.000000,-0.095774,0.000000,0.234375,1,54.06
2.942000,0.017,0.001694,0.031842,2.997,-0.001694,0.000000,0.000000,-0.019,0.003,-0.047887,0.089525,0.000000,-0.095774,0.000000,0.234375,1,54.06
2.944000,0.015,0.001484,0.031779,2.997,-0.001484,0.000000,0.000000,-0.026,0.003,-0.047887,0.089525,0.000000,-0.095774,0.000000,0.234375,1,54.06
2.946000,-0.005,-0.000469,0.031193,2.997,0.000469,0.000000,0.000000,0.002,0.001,-0.047887,0.089525,0.000000,-0.095774,0.000000,0.234375,1,54.06
2.948000,0.013,0.001317,0.031729,2.997,-0.001317,0.000000,-0.000000,-0.006,0.003,-0.047887,0.089525,0.000000,-0.095774,0.000000,0.234375,1,54.06
2.950000,0.016,0.001597,0.031813,2.997,-0.001597,0.000000,-0.000000,-0.017,0.003,-0.047887,0.089525,0.000000,-0.095774,0.000000,0.234375,1,54.06
2.952000,-0.003,-0.000322,0.031237,2.997,0.000322,0.000000,0.000000,-0.015,0.001,-0.047887,0.089525,0.000000,-0.095774,0.000000,0.234375,1,54.06
2.954000,-0.000,-0.000025,0.031326,2.997,0.000025,0.000000,0.000000,0.005,0.000,-0.047887,0.089525,0.000000,-0.095774,0.000000,0.234375,1,54.06
2.956000,0.020,0.002031,0.031943,2.997,-0.002031,0.000000,-0.000000,-0.013,0.004,-0.047887,0.089525,0.000000,-0.095774,0.000000,0.234375,1,54.06
2.958000,0.020,0.001999,0.031933,2.997,-0.001999,0.000000,-0.000000,-0.016,0.004,-0.047887,0.089525,0.000000,-0.095774,0.000000,0.234375,1,54.06
2.960000,0.002,0.000153,0.031554,2.997,-0.000153,0.000000,-0.000000,0.003,0.000,-0.048153,0.090023,0.000000,-0.096306,0.000000,0.235679,1,54.04
2.962000,0.013,0.001343,0.031911,2.997,-0.001343,0.000000,-0.000000,0.000,0.003,-0.048153,0.090023,0.000000,-0.096306,0.000000,0.235679,1,54.04
2.964000,0.020,0.001993,0.032106,2.997,-0.001993,0.000000,-0.000000,-0.020,0.004,-0.048153,0.090023,0.000000,-0.096306,0.000000,0.235679,1,54.04
2.966000,0.004,0.000371,0.031619,2.997,-0.000371,0.000000,0.000000,-0.020,0.001,-0.048153,0.090023,0.000000,-0.096306,0.000000,0.235679,1,54.04
2.968000,0.009,0.000862,0.031766,2.997,-0.000862,0.000000,0.000000,-0.002,0.002,-0.048153,0.090023,0.000000,-0.096306,0.000000,0.235679,1,54.04
2.970000,0.018,0.001817,0.032053,2.997,-0.001817,0.000000,-0.000000,-0.013,0.004,-0.048153,0.090023,0.000000,-0.096306,0.000000,0.235679,1,54.04
2.972000,-0.000,-0.000024,0.031501,2.997,0.000024,0.000000,0.000000,-0.020,0.000,-0.048153,0.090023,0.000000,-0.096306,0.000000,0.235679,1,54.04
2.974000,0.013,0.001324,0.031905,2.997,-0.001324,0.000000,0.000000,-0.004,0.003,-0.048153,0.090023,0.000000,-0.096306,0.000000,0.235679,1,54.04
2.976000,0.009,0.000901,0.031778,2.997,-0.000901,0.000000,-0.000000,-0.009,0.002,-0.048153,0.090023,0.000000,-0.096306,0.000000,0.235679,1,54.04
2.978000,0.013,0.001291,0.031895,2.997,-0.001291,0.000000,-0.000000,-0.018,0.003,-0.048153,0.090023,0.000000,-0.096306,0.000000,0.235679,1,54.04
2.980000,0.004,0.000413,0.031632,2.997,-0.000413,0.000000,0.000000,0.000,0.001,-0.048153,0.090023,0.000000,-0.096306,0.000000,0.235679,1,54.04
2.982000,0.012,0.001242,0.031881,2.997,-0.001242,0.000000,-0.000000,-0.013,0.002,-0.048153,0.090023,0.000000,-0.096306,0.000000,0.235679,1,54.04
2.984000,0.025,0.002516,0.032263,2.997,-0.002516,0.000000,-0.000000,-0.009,0.005,-0.048153,0.090023,0.000000,-0.096306,0.000000,0.235679,1,54.04
2.986000,0.001,0.000103,0.031539,2.997,-0.000103,0.000000,0.000000,-0.013,0.000,-0.048153,0.090023,0.000000,-0.096306,0.000000,0.235679,1,54.04
2.988000,0.013,0.001291,0.031895,2.997,-0.001291,0.000000,0.000000,-0.004,0.003,-0.048153,0.090023,0.000000,-0.096306,0.000000,0.235679,1,54.04
2.990000,0.000,0.000025,0.031515,2.997,-0.000025,0.000000,0.000000,-0.012,0.000,-0.048153,0.090023,0.000000,-0.096306,0.000000,0.235679,1,54.04
2.992000,0.017,0.001665,0.032007,2.997,-0.001665,0.000000,0.000000,-0.025,0.003,-0.048153,0.090023,0.000000,-0.096306,0.000000,0.235679,1,54.04
2.994000,0.001,0.000133,0.031548,2.997,-0.000133,0.000000,0.000000,-0.001,0.000,-0.048153,0.090023,0.000000,-0.096306,0.000000,0.235679,1,54.04
2.996000,0.013,0.001263,0.031887,2.997,-0.001263,0.000000,-0.000000,-0.013,0.003,-0.048153,0.090023,0.000000,-0.096306,0.000000,0.235679,1,54.04
2.998000,0.017,0.001696,0.032017,2.997,-0.001696,0.000000,0.000000,-0.000,0.003,-0.048153,0.090023,0.000000,-0.096306,0.000000,0.235679,1,54.04
3.000000,0.012,0.001209,0.031871,2.997,-0.001209,0.000000,-0.000000,0.000,0.002,-0.048153,0.090023,0.000000,-0.096306,0.000000,0.235679,1,54.04
3.002000,-0.004,-0.000435,0.031377,2.997,0.000435,0.000000,0.000000,0.000,0.001,-0.048153,0.090023,0.000000,-0.096306,0.000000,0.235679,1,54.04
3.004000,0.006,0.000570,0.031679,2.997,-0.000570,0.000000,-0.000000,0.000,0.001,-0.048153,0.090023,0.000000,-0.096306,0.000000,0.235679,1,54.04
3.006000,-0.000,-0.000032,0.031498,2.997,0.000032,0.000000,0.000000,0.000,0.000,-0.048153,0.090023,0.000000,-0.096306,0.000000,0.235679,1,54.04
3.008000,0.017,0.001740,0.032030,2.997,-0.001740,0.000000,-0.000000,-0.012,0.003,-0.048153,0.090023,0.000000,-0.096306,0.000000,0.235679,1,54.04
3.010000,0.026,0.002621,0.032294,2.997,-0.002621,0.000000,-0.000000,0.004,0.005,-0.048153,0.090023,0.000000,-0.096306,0.000000,0.235679,1,54.04
3.012000,-0.004,-0.000449,0.031386,2.997,0.000449,0.000000,-0.000000,-0.006,0.001,-0.048173,0.090060,0.000000,-0.096346,0.000000,0.235777,1,54.02
3.014000,0.007,0.000720,0.031737,2.997,-0.000720,0.000000,-0.000000,0.000,0.001,-0.048173,0.090060,0.000000,-0.096346,0.000000,0.235777,1,54.02
3.016000,0.001,0.000076,0.031544,2.997,-0.000076,0.000000,-0.000000,-0.017,0.000,-0.048173,0.090060,0.000000,-0.096346,0.000000,0.235777,1,54.02
3.018000,0.009,0.000895,0.031789,2.997,-0.000895,0.000000,-0.000000,-0.026,0.002,-0.048173,0.090060,0.000000,-0.096346,0.000000,0.235777,1,54.02
3.020000,0.028,0.002846,0.032375,2.997,-0.002846,0.000000,-0.000000,0.004,0.006,-0.048173,0.090060,0.000000,-0.096346,0.000000,0.235777,1,54.02
3.022000,0.015,0.001490,0.031968,2.997,-0.001490,0.000000,-0.000000,-0.007,0.003,-0.048173,0.090060,0.000000,-0.096346,0.000000,0.235777,1,54.02
3.024000,0.018,0.001799,0.032061,2.997,-0.001799,0.000000,-0.000000,-0.001,0.004,-0.048173,0.090060,0.000000,-0.096346,0.000000,0.235777,1,54.02
3.026000,-0.004,-0.000420,0.031395,2.997,0.000420,0.000000,0.000000,-0.009,0.001,-0.048173,0.090060,0.000000,-0.096346,0.000000,0.235777,1,54.02
3.028000,0.020,0.001956,0.032108,2.997,-0.001956,0.000000,-0.000000,-0.028,0.004,-0.048173,0.090060,0.000000,-0.096346,0.000000,0.235777,1,54.02
3.030000,0.031,0.003072,0.032443,2.997,-0.003072,0.000000,-0.000000,-0.015,0.006,-0.048173,0.090060,0.000000,-0.096346,0.000000,0.235777,1,54.02
3.032000,0.026,0.002609,0.032304,2.997,-0.002609,0.000000,-0.000000,-0.018,0.005,-0.048173,0.090060,0.000000,-0.096346,0.000000,0.235777,1,54.02
3.034000,0.010,0.001012,0.031825,2.997,-0.001012,0.000000,0.000000,0.004,0.002,-0.048173,0.090060,0.000000,-0.096346,0.000000,0.235777,1,54.02
3.036000,0.014,0.001376,0.031934,2.997,-0.001376,0.000000,-0.000000,-0.020,0.003,-0.048173,0.090060,0.000000,-0.096346,0.000000,0.235777,1,54.02
3.038000,-0.003,-0.000295,0.031433,2.997,0.000295,0.000000,0.000000,-0.031,0.001,-0.048173,0.090060,0.000000,-0.096346,0.000000,0.235777,1,54.02
3.040000,0.001,0.000134,0.031561,2.997,-0.000134,0.000000,0.000000,-0.026,0.000,-0.048173,0.090060,0.000000,-0.096346,0.000000,0.235777,1,54.02
3.042000,0.003,0.000325,0.031619,2.997,-0.000325,0.000000,0.000000,-0.010,0.001,-0.048173,0.090060,0.000000,-0.096346,0.000000,0.235777,1,54.02
3.044000,0.018,0.001756,0.032048,2.997,-0.001756,0.000000,-0.000000,-0.014,0.004,-0.048173,0.090060,0.000000,-0.096346,0.000000,0.235777,1,54.02
3.046000,0.006,0.000590,0.031698,2.997,-0.000590,0.000000,-0.000000,0.003,0.001,-0.048173,0.090060,0.000000,-0.096346,0.000000,0.235777,1,54.02
3.048000,0.019,0.001859,0.032079,2.997,-0.001859,0.000000,-0.000000,-0.001,0.004,-0.048173,0.090060,0.000000,-0.096346,0.000000,0.235777,1,54.02
3.050000,0.019,0.001942,0.032104,2.997,-0.001942,0.000000,-0.000000,-0.003,0.004,-0.048173,0.090060,0.000000,-0.096346,0.000000,0.235777,1,54.02
3.052000,0.005,0.000457,0.031658,2.997,-0.000457,0.000000,0.000000,-0.018,0.001,-0.048173,0.090060,0.000000,-0.096346,0.000000,0.235777,1,54.02
3.054000,-0.005,-0.000460,0.031383,2.997,0.000460,0.000000,0.000000,-0.006,0.001,-0.048173,0.090060,0.000000,-0.096346,0.000000,0.235777,1,54.02
3.056000,0.002,0.000224,0.031588,2.997,-0.000224,0.000000,0.000000,-0.019,0.000,-0.048173,0.090060,0.000000,-0.096346,0.000000,0.235777,1,54.02
3.058000,0.025,0.002500,0.032271,2.997,-0.002500,0.000000,-0.000000,-0.019,0.005,-0.048173,0.090060,0.000000,-0.096346,0.000000,0.235777,1,54.02
3.060000,0.009,0.000943,0.031804,2.997,-0.000943,0.000000,0.000000,-0.005,0.002,-0.048173,0.090060,0.000000,-0.096346,0.000000,0.235777,1,54.02
3.062000,0.042,0.004202,0.032782,2.997,-0.004202,0.000000,-0.000000,0.005,0.008,-0.048173,0.090060,0.000000,-0.096346,0.000000,0.235777,1,54.02
3.064000,0.030,0.003042,0.032590,2.997,-0.003042,0.000000,-0.000000,-0.002,0.006,-0.048413,0.090508,0.000000,-0.096826,0.000000,0.236950,1,53.97
3.066000,0.024,0.002419,0.032404,2.997,-0.002419,0.000000,-0.000000,-0.025,0.005,-0.048413,0.090508,0.000000,-0.096826,0.000000,0.236950,1,53.97
3.068000,0.014,0.001435,0.032108,2.997,-0.001435,0.000000,-0.000000,-0.009,0.003,-0.048413,0.090508,0.000000,-0.096826,0.000000,0.236950,1,53.97
3.070000,0.008,0.000759,0.031905,2.997,-0.000759,0.000000,-0.000000,-0.042,0.002,-0.048413,0.090508,0.000000,-0.096826,0.000000,0.236950,1,53.97
3.072000,0.001,0.000088,0.031704,2.997,-0.000088,0.000000,0.000000,-0.030,0.000,-0.048413,0.090508,0.000000,-0.096826,0.000000,0.236950,1,53.97
3.074000,-0.002,-0.000208,0.031615,2.997,0.000208,0.000000,0.000000,-0.024,0.000,-0.048413,0.090508,0.000000,-0.096826,0.000000,0.236950,1,53.97
3.076000,0.016,0.001557,0.032145,2.997,-0.001557,0.000000,0.000000,-0.014,0.003,-0.048413,0.090508,0.000000,-0.096826,0.000000,0.236950,1,53.97
3.078000,0.011,0.001056,0.031995,2.997,-0.001056,0.000000,0.000000,-0.008,0.002,-0.048413,0.090508,0.000000,-0.096826,0.000000,0.236950,1,53.97
3.080000,0.005,0.000514,0.031832,2.997,-0.000514,0.000000,-0.000000,-0.001,0.001,-0.048413,0.090508,0.000000,-0.096826,0.000000,0.236950,1,53.97
3.082000,-0.005,-0.000475,0.031536,2.997,0.000475,0.000000,0.000000,0.002,0.001,-0.048413,0.090508,0.000000,-0.096826,0.000000,0.236950,1,53.97
3.084000,-0.011,-0.001092,0.031350,2.997,0.001092,0.000000,0.000000,-0.016,0.002,-0.048413,0.090508,0.000000,-0.096826,0.000000,0.236950,1,53.97
3.086000,0.007,0.000742,0.031900,2.997,-0.000742,0.000000,0.000000,-0.011,0.001,-0.048413,0.090508,0.000000,-0.096826,0.000000,0.236950,1,53.97
3.088000,0.012,0.001239,0.032050,2.997,-0.001239,0.000000,-0.000000,-0.005,0.002,-0.048413,0.090508,0.000000,-0.096826,0.000000,0.236950,1,53.97
3.090000,0.018,0.001768,0.032208,2.997,-0.001768,0.000000,-0.000000,0.005,0.004,-0.048413,0.090508,0.000000,-0.096826,0.000000,0.236950,1,53.97
3.092000,0.016,0.001592,0.032155,2.997,-0.001592,0.000000,-0.000000,0.011,0.003,-0.048413,0.090508,0.000000,-0.096826,0.000000,0.236950,1,53.97
3.094000,-0.007,-0.000742,0.031455,2.997,0.000742,0.000000,0.000000,-0.007,0.001,-0.048413,0.090508,0.000000,-0.096826,0.000000,0.236950,1,53.97
3.096000,-0.000,-0.000027,0.031670,2.997,0.000027,0.000000,0.000000,-0.012,0.000,-0.048413,0.090508,0.000000,-0.096826,0.000000,0.236950,1,53.97
3.098000,0.022,0.002245,0.032351,2.997,-0.002245,0.000000,-0.000000,-0.018,0.004,-0.048413,0.090508,0.000000,-0.096826,0.000000,0.236950,1,53.97
3.100000,0.004,0.000404,0.031799,2.997,-0.000404,0.000000,-0.000000,0.000,0.001,-0.048413,0.090508,0.000000,-0.096826,0.000000,0.236950,1,53.97
3.102000,0.011,0.001107,0.032010,2.997,-0.001107,0.000000,-0.000000,0.000,0.002,-0.048413,0.090508,0.000000,-0.096826,0.000000,0.236950,1,53.97
3.104000,0.007,0.000664,0.031877,2.997,-0.000664,0.000000,-0.000000,0.000,0.001,-0.048413,0.090508,0.000000,-0.096826,0.000000,0.236950,1,53.97
3.106000,0.011,0.001065,0.031998,2.997,-0.001065,0.000000,-0.000000,0.000,0.002,-0.048413,0.090508,0.000000,-0.096826,0.000000,0.236950,1,53.97
3.108000,0.014,0.001428,0.032106,2.997,-0.001428,0.000000,-0.000000,-0.004,0.003,-0.048413,0.090508,0.000000,-0.096826,0.000000,0.236950,1,53.97
3.110000,0.026,0.002613,0.032462,2.997,-0.002613,0.000000,-0.000000,-0.011,0.005,-0.048413,0.090508,0.000000,-0.096826,0.000000,0.236950,1,53.97
3.112000,0.004,0.000431,0.031807,2.997,-0.000431,0.000000,-0.000000,-0.007,0.001,-0.048413,0.090508,0.000000,-0.096826,0.000000,0.236950,1,53.97
3.114000,0.015,0.001462,0.032116,2.997,-0.001462,0.000000,-0.000000,-0.011,0.003,-0.048413,0.090508,0.000000,-0.096826,0.000000,0.236950,1,53.97
3.116000,0.027,0.002670,0.032230,2.997,-0.002670,0.000000,-0.000000,-0.014,0.005,-0.048032,0.089797,0.000000,-0.096064,0.000000,0.235087,1,53.95
3.118000,0.006,0.000598,0.031608,2.997,-0.000598,0.000000,-0.000000,-0.026,0.001,-0.048032,0.089797,0.000000,-0.096064,0.000000,0.235087,1,53.95
3.120000,0.010,0.000973,0.031721,2.997,-0.000973,0.000000,0.000000,-0.004,0.002,-0.048032,0.089797,0.000000,-0.096064,0.000000,0.235087,1,53.95
3.122000,0.013,0.001250,0.031804,2.997,-0.001250,0.000000,-0.000000,-0.015,0.003,-0.048032,0.089797,0.000000,-0.096064,0.000000,0.235087,1,53.95
3.124000,0.026,0.002629,0.032218,2.997,-0.002629,0.000000,-0.000000,-0.027,0.005,-0.048032,0.089797,0.000000,-0.096064,0.000000,0.235087,1,53.95
3.126000,0.007,0.000746,0.031653,2.997,-0.000746,0.000000,0.000000,-0.006,0.001,-0.048032,0.089797,0.000000,-0.096064,0.000000,0.235087,1,53.95
3.128000,0.006,0.000570,0.031600,2.997,-0.000570,0.000000,0.000000,-0.010,0.001,-0.048032,0.089797,0.000000,-0.096064,0.000000,0.235087,1,53.95
3.130000,0.026,0.002636,0.032220,2.997,-0.002636,0.000000,-0.000000,-0.013,0.005,-0.048032,0.089797,0.000000,-0.096064,0.000000,0.235087,1,53.95
3.132000,0.019,0.001927,0.032007,2.997,-0.001927,0.000000,-0.000000,-0.026,0.004,-0.048032,0.089797,0.000000,-0.096064,0.000000,0.235087,1,53.95
3.134000,-0.003,-0.000279,0.031345,2.997,0.000279,0.000000,0.000000,-0.007,0.001,-0.048032,0.089797,0.000000,-0.096064,0.000000,0.235087,1,53.95
3.136000,0.003,0.000339,0.031530,2.997,-0.000339,0.000000,0.000000,-0.006,0.001,-0.048032,0.089797,0.000000,-0.096064,0.000000,0.235087,1,53.95
3.138000,0.017,0.001744,0.031952,2.997,-0.001744,0.000000,-0.000000,-0.026,0.003,-0.048032,0.089797,0.000000,-0.096064,0.000000,0.235087,1,53.95
3.140000,0.003,0.000345,0.031532,2.997,-0.000345,0.000000,0.000000,-0.019,0.001,-0.048032,0.089797,0.000000,-0.096064,0.000000,0.235087,1,53.95
3.142000,0.007,0.000677,0.031632,2.997,-0.000677,0.000000,0.000000,0.003,0.001,-0.048032,0.089797,0.000000,-0.096064,0.000000,0.235087,1,53.95
3.144000,-0.003,-0.000327,0.031331,2.997,0.000327,0.000000,0.000000,-0.003,0.001,-0.048032,0.089797,0.000000,-0.096064,0.000000,0.235087,1,53.95
3.146000,0.021,0.002073,0.032051,2.997,-0.002073,0.000000,-0.000000,-0.017,0.004,-0.048032,0.089797,0.000000,-0.096064,0.000000,0.235087,1,53.95
3.148000,0.001,0.000071,0.031450,2.997,-0.000071,0.000000,0.000000,-0.003,0.000,-0.048032,0.089797,0.000000,-0.096064,0.000000,0.235087,1,53.95
3.150000,-0.005,-0.000541,0.031266,2.997,0.000541,0.000000,0.000000,-0.007,0.001,-0.048032,0.089797,0.000000,-0.096064,0.000000,0.235087,1,53.95
3.152000,-0.017,-0.001679,0.030925,2.997,0.001679,0.000000,0.000000,0.003,0.003,-0.048032,0.089797,0.000000,-0.096064,0.000000,0.235087,1,53.95
3.154000,0.019,0.001934,0.032009,2.997,-0.001934,0.000000,-0.000000,-0.021,0.004,-0.048032,0.089797,0.000000,-0.096064,0.000000,0.235087,1,53.95
3.156000,0.016,0.001629,0.031918,2.997,-0.001629,0.000000,-0.000000,-0.001,0.003,-0.048032,0.089797,0.000000,-0.096064,0.000000,0.235087,1,53.95
3.158000,0.011,0.001139,0.031770,2.997,-0.001139,0.000000,-0.000000,0.005,0.002,-0.048032,0.089797,0.000000,-0.096064,0.000000,0.235087,1,53.95
3.160000,0.013,0.001303,0.031820,2.997,-0.001303,0.000000,-0.000000,0.017,0.003,-0.048032,0.089797,0.000000,-0.096064,0.000000,0.235087,1,53.95
3.162000,0.007,0.000659,0.031627,2.997,-0.000659,0.000000,-0.000000,-0.019,0.001,-0.048032,0.089797,0.000000,-0.096064,0.000000,0.235087,1,53.95
3.164000,0.012,0.001169,0.031780,2.997,-0.001169,0.000000,0.000000,-0.016,0.002,-0.048032,0.089797,0.000000,-0.096064,0.000000,0.235087,1,53.95
3.166000,0.016,0.001585,0.031675,2.997,-0.001585,0.000000,0.000000,-0.011,0.003,-0.047682,0.089142,0.000000,-0.095363,0.000000,0.233372,1,53.93
3.168000,0.009,0.000928,0.031478,2.997,-0.000928,0.000000,0.000000,-0.013,0.002,-0.047682,0.089142,0.000000,-0.095363,0.000000,0.233372,1,53.93
3.170000,0.002,0.000178,0.031253,2.997,-0.000178,0.000000,0.000000,-0.007,0.000,-0.047682,0.089142,0.000000,-0.095363,0.000000,0.233372,1,53.93
3.172000,0.024,0.002393,0.031917,2.997,-0.002393,0.000000,-0.000000,-0.012,0.005,-0.047682,0.089142,0.000000,-0.095363,0.000000,0.233372,1,53.93
3.174000,0.015,0.001485,0.031645,2.997,-0.001485,0.000000,-0.000000,-0.016,0.003,-0.047682,0.089142,0.000000,-0.095363,0.000000,0.233372,1,53.93
3.176000,0.001,0.000143,0.031243,2.997,-0.000143,0.000000,0.000000,-0.009,0.000,-0.047682,0.089142,0.000000,-0.095363,0.000000,0.233372,1,53.93
3.178000,0.027,0.002732,0.032019,2.997,-0.002732,0.000000,-0.000000,-0.002,0.005,-0.047682,0.089142,0.000000,-0.095363,0.000000,0.233372,1,53.93
3.180000,-0.005,-0.000493,0.031052,2.997,0.000493,0.000000,0.000000,-0.024,0.001,-0.047682,0.089142,0.000000,-0.095363,0.000000,0.233372,1,53.93
3.182000,0.002,0.000213,0.031263,2.997,-0.000213,0.000000,0.000000,-0.015,0.000,-0.047682,0.089142,0.000000,-0.095363,0.000000,0.233372,1,53.93
3.184000,0.013,0.001276,0.031583,2.997,-0.001276,0.000000,0.000000,-0.001,0.003,-0.047682,0.089142,0.000000,-0.095363,0.000000,0.233372,1,53.93
3.186000,0.013,0.001319,0.031595,2.997,-0.001319,0.000000,-0.000000,-0.027,0.003,-0.047682,0.089142,0.000000,-0.095363,0.000000,0.233372,1,53.93
3.188000,0.028,0.002826,0.032047,2.997,-0.002826,0.000000,0.000000,0.005,0.006,-0.047682,0.089142,0.000000,-0.095363,0.000000,0.233372,1,53.93
3.190000,0.003,0.000341,0.031302,2.997,-0.000341,0.000000,-0.000000,-0.002,0.001,-0.047682,0.089142,0.000000,-0.095363,0.000000,0.233372,1,53.93
3.192000,0.006,0.000590,0.031377,2.997,-0.000590,0.000000,0.000000,-0.013,0.001,-0.047682,0.089142,0.000000,-0.095363,0.000000,0.233372,1,53.93
3.194000,0.012,0.001160,0.031548,2.997,-0.001160,0.000000,0.000000,-0.013,0.002,-0.047682,0.089142,0.000000,-0.095363,0.000000,0.233372,1,53.93
3.196000,-0.003,-0.000283,0.031115,2.997,0.000283,0.000000,0.000000,-0.028,0.001,-0.047682,0.089142,0.000000,-0.095363,0.000000,0.233372,1,53.93
3.198000,0.008,0.000842,0.031452,2.997,-0.000842,0.000000,0.000000,-0.003,0.002,-0.047682,0.089142,0.000000,-0.095363,0.000000,0.233372,1,53.93
3.200000,0.001,0.000068,0.031220,2.997,-0.000068,0.000000,-0.000000,0.000,0.000,-0.047682,0.089142,0.000000,-0.095363,0.000000,0.233372,1,53.93
3.202000,-0.001,-0.000055,0.031183,2.997,0.000055,0.000000,0.000000,0.000,0.000,-0.047682,0.089142,0.000000,-0.095363,0.000000,0.233372,1,53.93
3.204000,0.029,0.002893,0.032067,2.997,-0.002893,0.000000,-0.000000,0.000,0.006,-0.047682,0.089142,0.000000,-0.095363,0.000000,0.233372,1,53.93
3.206000,0.001,0.000052,0.031215,2.997,-0.000052,0.000000,-0.000000,0.000,0.000,-0.047682,0.089142,0.000000,-0.095363,0.000000,0.233372,1,53.93
3.208000,0.026,0.002643,0.031992,2.997,-0.002643,0.000000,-0.000000,-0.001,0.005,-0.047682,0.089142,0.000000,-0.095363,0.000000,0.233372,1,53.93
3.210000,0.006,0.000639,0.031391,2.997,-0.000639,0.000000,0.000000,0.001,0.001,-0.047682,0.089142,0.000000,-0.095363,0.000000,0.233372,1,53.93
3.212000,0.013,0.001291,0.031587,2.997,-0.001291,0.000000,-0.000000,-0.029,0.003,-0.047682,0.089142,0.000000,-0.095363,0.000000,0.233372,1,53.93
3.214000,0.005,0.000507,0.031352,2.997,-0.000507,0.000000,0.000000,-0.001,0.001,-0.047682,0.089142,0.000000,-0.095363,0.000000,0.233372,1,53.93
3.216000,0.008,0.000767,0.031430,2.997,-0.000767,0.000000,0.000000,-0.026,0.002,-0.047682,0.089142,0.000000,-0.095363,0.000000,0.233372,1,53.93
3.218000,0.012,0.001238,0.031872,2.997,-0.001238,0.000000,0.000000,-0.006,0.002,-0.048142,0.090002,0.000000,-0.096283,0.000000,0.235623,1,53.92
3.220000,0.011,0.001108,0.031833,2.997,-0.001108,0.000000,0.000000,-0.013,0.002,-0.048142,0.090002,0.000000,-0.096283,0.000000,0.235623,1,53.92
3.222000,-0.006,-0.000614,0.031316,2.997,0.000614,0.000000,0.000000,-0.005,0.001,-0.048142,0.090002,0.000000,-0.096283,0.000000,0.235623,1,53.92
3.224000,0.012,0.001198,0.031860,2.997,-0.001198,0.000000,0.000000,-0.008,0.002,-0.048142,0.090002,0.000000,-0.096283,0.000000,0.235623,1,53.92
3.226000,0.002,0.000169,0.031551,2.997,-0.000169,0.000000,0.000000,-0.012,0.000,-0.048142,0.090002,0.000000,-0.096283,0.000000,0.235623,1,53.92
3.228000,0.007,0.000675,0.031703,2.997,-0.000675,0.000000,0.000000,-0.011,0.001,-0.048142,0.090002,0.000000,-0.096283,0.000000,0.235623,1,53.92
3.230000,0.014,0.001412,0.031924,2.997,-0.001412,0.000000,0.000000,0.006,0.003,-0.048142,0.090002,0.000000,-0.096283,0.000000,0.235623,1,53.92
3.232000,-0.011,-0.001094,0.031172,2.997,0.001094,0.000000,0.000000,-0.012,0.002,-0.048142,0.090002,0.000000,-0.096283,0.000000,0.235623,1,53.92
3.234000,-0.006,-0.000560,0.031333,2.997,0.000560,0.000000,0.000000,-0.002,0.001,-0.048142,0.090002,0.000000,-0.096283,0.000000,0.235623,1,53.92
3.236000,0.013,0.001282,0.031885,2.997,-0.001282,0.000000,-0.000000,-0.007,0.003,-0.048142,0.090002,0.000000,-0.096283,0.000000,0.235623,1,53.92
3.238000,0.010,0.000962,0.031789,2.997,-0.000962,0.000000,-0.000000,-0.014,0.002,-0.048142,0.090002,0.000000,-0.096283,0.000000,0.235623,1,53.92
3.240000,-0.002,-0.000236,0.031430,2.997,0.000236,0.000000,-0.000000,0.011,0.000,-0.048142,0.090002,0.000000,-0.096283,0.000000,0.235623,1,53.92
3.242000,0.018,0.001759,0.032028,2.997,-0.001759,0.000000,-0.000000,0.006,0.004,-0.048142,0.090002,0.000000,-0.096283,0.000000,0.235623,1,53.92
3.244000,-0.004,-0.000362,0.031392,2.997,0.000362,0.000000,-0.000000,-0.013,0.001,-0.048142,0.090002,0.000000,-0.096283,0.000000,0.235623,1,53.92
3.246000,0.017,0.001706,0.032012,2.997,-0.001706,0.000000,-0.000000,-0.010,0.003,-0.048142,0.090002,0.000000,-0.096283,0.000000,0.235623,1,53.92
3.248000,0.013,0.001311,0.031894,2.997,-0.001311,0.000000,-0.000000,0.002,0.003,-0.048142,0.090002,0.000000,-0.096283,0.000000,0.235623,1,53.92
3.250000,0.016,0.001580,0.031975,2.997,-0.001580,0.000000,-0.000000,-0.018,0.003,-0.048142,0.090002,0.000000,-0.096283,0.000000,0.235623,1,53.92
3.252000,0.026,0.002595,0.032279,2.997,-0.002595,0.000000,-0.000000,0.004,0.005,-0.048142,0.090002,0.000000,-0.096283,0.000000,0.235623,1,53.92
3.254000,0.012,0.001200,0.031861,2.997,-0.001200,0.000000,-0.000000,-0.017,0.002,-0.048142,0.090002,0.000000,-0.096283,0.000000,0.235623,1,53.92
3.256000,0.009,0.000924,0.031778,2.997,-0.000924,0.000000,0.000000,-0.013,0.002,-0.048142,0.090002,0.000000,-0.096283,0.000000,0.235623,1,53.92
3.258000,0.004,0.000386,0.031616,2.997,-0.000386,0.000000,0.000000,-0.016,0.001,-0.048142,0.090002,0.000000,-0.096283,0.000000,0.235623,1,53.92
3.260000,0.006,0.000604,0.031682,2.997,-0.000604,0.000000,0.000000,-0.026,0.001,-0.048142,0.090002,0.000000,-0.096283,0.000000,0.235623,1,53.92
3.262000,0.009,0.000868,0.031761,2.997,-0.000868,0.000000,0.000000,-0.012,0.002,-0.048142,0.090002,0.000000,-0.096283,0.000000,0.235623,1,53.92
3.264000,0.011,0.001107,0.031833,2.997,-0.001107,0.000000,0.000000,-0.009,0.002,-0.048142,0.090002,0.000000,-0.096283,0.000000,0.235623,1,53.92
3.266000,0.005,0.000545,0.031664,2.997,-0.000545,0.000000,0.000000,-0.004,0.001,-0.048142,0.090002,0.000000,-0.096283,0.000000,0.235623,1,53.92
3.268000,0.014,0.001388,0.031917,2.997,-0.001388,0.000000,-0.000000,-0.006,0.003,-0.048142,0.090002,0.000000,-0.096283,0.000000,0.235623,1,53.92
3.270000,0.014,0.001401,0.032093,2.997,-0.001401,0.000000,-0.000000,-0.009,0.003,-0.048405,0.090494,0.000000,-0.096810,0.000000,0.236911,1,53.87
3.272000,0.004,0.000361,0.031781,2.997,-0.000361,0.000000,-0.000000,-0.011,0.001,-0.048405,0.090494,0.000000,-0.096810,0.000000,0.236911,1,53.87
3.274000,-0.002,-0.000166,0.031623,2.997,0.000166,0.000000,0.000000,-0.005,0.000,-0.048405,0.090494,0.000000,-0.096810,0.000000,0.236911,1,53.87
3.276000,0.018,0.001751,0.032198,2.997,-0.001751,0.000000,-0.000000,-0.014,0.004,-0.048405,0.090494,0.000000,-0.096810,0.000000,0.236911,1,53.87
3.278000,0.003,0.000281,0.031757,2.997,-0.000281,0.000000,0.000000,-0.014,0.001,-0.048405,0.090494,0.000000,-0.096810,0.000000,0.236911,1,53.87
3.280000,0.022,0.002211,0.032336,2.997,-0.002211,0.000000,-0.000000,-0.004,0.004,-0.048405,0.090494,0.000000,-0.096810,0.000000,0.236911,1,53.87
3.282000,0.003,0.000290,0.031760,2.997,-0.000290,0.000000,-0.000000,0.002,0.001,-0.048405,0.090494,0.000000,-0.096810,0.000000,0.236911,1,53.87
3.284000,0.003,0.000306,0.031765,2.997,-0.000306,0.000000,-0.000000,-0.018,0.001,-0.048405,0.090494,0.000000,-0.096810,0.000000,0.236911,1,53.87
3.286000,0.005,0.000503,0.031824,2.997,-0.000503,0.000000,0.000000,-0.003,0.001,-0.048405,0.090494,0.000000,-0.096810,0.000000,0.236911,1,53.87
3.288000,-0.005,-0.000484,0.031527,2.997,0.000484,0.000000,-0.000000,-0.022,0.001,-0.048405,0.090494,0.000000,-0.096810,0.000000,0.236911,1,53.87
3.290000,0.009,0.000886,0.031938,2.997,-0.000886,0.000000,-0.000000,-0.003,0.002,-0.048405,0.090494,0.000000,-0.096810,0.000000,0.236911,1,53.87
3.292000,0.009,0.000852,0.031928,2.997,-0.000852,0.000000,-0.000000,-0.003,0.002,-0.048405,0.090494,0.000000,-0.096810,0.000000,0.236911,1,53.87
3.294000,0.000,0.000011,0.031676,2.997,-0.000011,0.000000,-0.000000,-0.005,0.000,-0.048405,0.090494,0.000000,-0.096810,0.000000,0.236911,1,53.87
3.296000,0.013,0.001288,0.032059,2.997,-0.001288,0.000000,-0.000000,0.005,0.003,-0.048405,0.090494,0.000000,-0.096810,0.000000,0.236911,1,53.87
3.298000,-0.003,-0.000257,0.031596,2.997,0.000257,0.000000,0.000000,-0.009,0.001,-0.048405,0.090494,0.000000,-0.096810,0.000000,0.236911,1,53.87
3.300000,0.020,0.001971,0.032264,2.997,-0.001971,0.000000,-0.000000,0.000,0.004,-0.048405,0.090494,0.000000,-0.096810,0.000000,0.236911,1,53.87
3.302000,-0.002,-0.000248,0.031598,2.997,0.000248,0.000000,0.000000,0.000,0.000,-0.048405,0.090494,0.000000,-0.096810,0.000000,0.236911,1,53.87
3.304000,-0.005,-0.000501,0.031523,2.997,0.000501,0.000000,0.000000,0.000,0.001,-0.048405,0.090494,0.000000,-0.096810,0.000000,0.236911,1,53.87
3.306000,0.001,0.000115,0.031707,2.997,-0.000115,0.000000,0.000000,0.000,0.000,-0.048405,0.090494,0.000000,-0.096810,0.000000,0.236911,1,53.87
3.308000,0.016,0.001619,0.032158,2.997,-0.001619,0.000000,-0.000000,-0.020,0.003,-0.048405,0.090494,0.000000,-0.096810,0.000000,0.236911,1,53.87
3.310000,-0.013,-0.001326,0.031275,2.997,0.001326,0.000000,0.000000,0.002,0.003,-0.048405,0.090494,0.000000,-0.096810,0.000000,0.236911,1,53.87
3.312000,-0.003,-0.000323,0.031576,2.997,0.000323,0.000000,0.000000,0.005,0.001,-0.048405,0.090494,0.000000,-0.096810,0.000000,0.236911,1,53.87
3.314000,0.018,0.001821,0.032219,2.997,-0.001821,0.000000,-0.000000,-0.001,0.004,-0.048405,0.090494,0.000000,-0.096810,0.000000,0.236911,1,53.87
3.316000,0.003,0.000329,0.031771,2.997,-0.000329,0.000000,0.000000,-0.016,0.001,-0.048405,0.090494,0.000000,-0.096810,0.000000,0.236911,1,53.87
3.318000,0.021,0.002143,0.032316,2.997,-0.002143,0.000000,0.000000,0.013,0.004,-0.048405,0.090494,0.000000,-0.096810,0.000000,0.236911,1,53.87
3.320000,0.023,0.002329,0.032372,2.997,-0.002329,0.000000,-0.000000,0.003,0.005,-0.048405,0.090494,0.000000,-0.096810,0.000000,0.236911,1,53.87
3.322000,0.005,0.000531,0.032226,2.997,-0.000531,0.000000,-0.000000,-0.018,0.001,-0.049006,0.091618,0.000000,-0.098013,0.000000,0.239856,1,53.90
3.324000,0.009,0.000914,0.032341,2.997,-0.000914,0.000000,-0.000000,-0.003,0.002,-0.049006,0.091618,0.000000,-0.098013,0.000000,0.239856,1,53.90
3.326000,0.013,0.001314,0.032461,2.997,-0.001314,0.000000,-0.000000,-0.021,0.003,-0.049006,0.091618,0.000000,-0.098013,0.000000,0.239856,1,53.90
3.328000,0.013,0.001285,0.032452,2.997,-0.001285,0.000000,-0.000000,-0.023,0.003,-0.049006,0.091618,0.000000,-0.098013,0.000000,0.239856,1,53.90
3.330000,-0.006,-0.000567,0.031896,2.997,0.000567,0.000000,0.000000,-0.005,0.001,-0.049006,0.091618,0.000000,-0.098013,0.000000,0.239856,1,53.90
3.332000,0.002,0.000162,0.032115,2.997,-0.000162,0.000000,0.000000,-0.009,0.000,-0.049006,0.091618,0.000000,-0.098013,0.000000,0.239856,1,53.90
3.334000,0.008,0.000782,0.032301,2.997,-0.000782,0.000000,0.000000,-0.013,0.002,-0.049006,0.091618,0.000000,-0.098013,0.000000,0.239856,1,53.90
3.336000,0.026,0.002608,0.032849,2.997,-0.002608,0.000000,-0.000000,-0.013,0.005,-0.049006,0.091618,0.000000,-0.098013,0.000000,0.239856,1,53.90
3.338000,0.030,0.002977,0.032960,2.997,-0.002977,0.000000,-0.000000,0.006,0.006,-0.049006,0.091618,0.000000,-0.098013,0.000000,0.239856,1,53.90
3.340000,0.022,0.002199,0.032726,2.997,-0.002199,0.000000,-0.000000,-0.002,0.004,-0.049006,0.091618,0.000000,-0.098013,0.000000,0.239856,1,53.90
3.342000,0.002,0.000242,0.032139,2.997,-0.000242,0.000000,0.000000,-0.008,0.000,-0.049006,0.091618,0.000000,-0.098013,0.000000,0.239856,1,53.90
3.344000,0.013,0.001302,0.032457,2.997,-0.001302,0.000000,0.000000,-0.026,0.003,-0.049006,0.091618,0.000000,-0.098013,0.000000,0.239856,1,53.90
3.346000,0.012,0.001153,0.032412,2.997,-0.001153,0.000000,0.000000,-0.030,0.002,-0.049006,0.091618,0.000000,-0.098013,0.000000,0.239856,1,53.90
3.348000,0.021,0.002127,0.032705,2.997,-0.002127,0.000000,0.000000,-0.022,0.004,-0.049006,0.091618,0.000000,-0.098013,0.000000,0.239856,1,53.90
3.350000,0.014,0.001403,0.032487,2.997,-0.001403,0.000000,0.000000,-0.002,0.003,-0.049006,0.091618,0.000000,-0.098013,0.000000,0.239856,1,53.90
3.352000,0.015,0.001452,0.032502,2.997,-0.001452,0.000000,0.000000,-0.013,0.003,-0.049006,0.091618,0.000000,-0.098013,0.000000,0.239856,1,53.90
3.354000,0.009,0.000866,0.032326,2.997,-0.000866,0.000000,0.000000,-0.012,0.002,-0.049006,0.091618,0.000000,-0.098013,0.000000,0.239856,1,53.90
3.356000,0.007,0.000654,0.032263,2.997,-0.000654,0.000000,0.000000,-0.021,0.001,-0.049006,0.091618,0.000000,-0.098013,0.000000,0.239856,1,53.90
3.358000,0.024,0.002444,0.032800,2.997,-0.002444,0.000000,-0.000000,-0.014,0.005,-0.049006,0.091618,0.000000,-0.098013,0.000000,0.239856,1,53.90
3.360000,0.007,0.000721,0.032283,2.997,-0.000721,0.000000,-0.000000,-0.015,0.001,-0.049006,0.091618,0.000000,-0.098013,0.000000,0.239856,1,53.90
3.362000,0.023,0.002322,0.032763,2.997,-0.002322,0.000000,-0.000000,-0.009,0.005,-0.049006,0.091618,0.000000,-0.098013,0.000000,0.239856,1,53.90
3.364000,0.016,0.001643,0.032559,2.997,-0.001643,0.000000,-0.000000,-0.007,0.003,-0.049006,0.091618,0.000000,-0.098013,0.000000,0.239856,1,53.90
3.366000,0.029,0.002886,0.032932,2.997,-0.002886,0.000000,-0.000000,-0.024,0.006,-0.049006,0.091618,0.000000,-0.098013,0.000000,0.239856,1,53.90
3.368000,0.022,0.002174,0.032719,2.997,-0.002174,0.000000,-0.000000,-0.007,0.004,-0.049006,0.091618,0.000000,-0.098013,0.000000,0.239856,1,53.90
3.370000,0.007,0.000672,0.032268,2.997,-0.000672,0.000000,0.000000,-0.023,0.001,-0.049006,0.091618,0.000000,-0.098013,0.000000,0.239856,1,53.90
3.372000,0.006,0.000575,0.032239,2.997,-0.000575,0.000000,0.000000,-0.016,0.001,-0.049006,0.091618,0.000000,-0.098013,0.000000,0.239856,1,53.90
3.374000,0.003,0.000328,0.035627,2.997,-0.000328,0.000000,0.000000,-0.029,0.001,-0.054298,0.101512,0.000000,-0.108597,0.000000,0.265757,1,54.76
3.376000,-0.008,-0.000777,0.035296,2.997,0.000777,0.000000,0.000000,-0.022,0.002,-0.054298,0.101512,0.000000,-0.108597,0.000000,0.265757,1,54.76
3.378000,0.015,0.001505,0.035981,2.997,-0.001505,0.000000,0.000000,-0.007,0.003,-0.054298,0.101512,0.000000,-0.108597,0.000000,0.265757,1,54.76
3.380000,0.002,0.000163,0.035578,2.997,-0.000163,0.000000,0.000000,-0.006,0.000,-0.054298,0.101512,0.000000,-0.108597,0.000000,0.265757,1,54.76
3.382000,0.016,0.001602,0.036010,2.997,-0.001602,0.000000,-0.000000,-0.003,0.003,-0.054298,0.101512,0.000000,-0.108597,0.000000,0.265757,1,54.76
3.384000,0.007,0.000668,0.035729,2.997,-0.000668,0.000000,-0.000000,0.008,0.001,-0.054298,0.101512,0.000000,-0.108597,0.000000,0.265757,1,54.76
3.386000,0.023,0.002329,0.036228,2.997,-0.002329,0.000000,-0.000000,-0.015,0.005,-0.054298,0.101512,0.000000,-0.108597,0.000000,0.265757,1,54.76
3.388000,0.024,0.002373,0.036241,2.997,-0.002373,0.000000,-0.000000,-0.002,0.005,-0.054298,0.101512,0.000000,-0.108597,0.000000,0.265757,1,54.76
3.390000,0.010,0.001015,0.035834,2.997,-0.001015,0.000000,-0.000000,-0.016,0.002,-0.054298,0.101512,0.000000,-0.108597,0.000000,0.265757,1,54.76
3.392000,-0.002,-0.000229,0.035460,2.997,0.000229,0.000000,0.000000,-0.007,0.000,-0.054298,0.101512,0.000000,-0.108597,0.000000,0.265757,1,54.76
3.394000,-0.000,-0.000007,0.035527,2.997,0.000007,0.000000,0.000000,-0.023,0.000,-0.054298,0.101512,0.000000,-0.108597,0.000000,0.265757,1,54.76
3.396000,-0.005,-0.000537,0.035368,2.997,0.000537,0.000000,0.000000,-0.024,0.001,-0.054298,0.101512,0.000000,-0.108597,0.000000,0.265757,1,54.76
3.398000,0.012,0.001203,0.035890,2.997,-0.001203,0.000000,0.000000,-0.010,0.002,-0.054298,0.101512,0.000000,-0.108597,0.000000,0.265757,1,54.76
3.400000,0.019,0.001850,0.036084,2.997,-0.001850,0.000000,-0.000000,0.000,0.004,-0.054298,0.101512,0.000000,-0.108597,0.000000,0.265757,1,54.76
3.402000,0.001,0.000101,0.035559,2.997,-0.000101,0.000000,0.000000,0.000,0.000,-0.054298,0.101512,0.000000,-0.108597,0.000000,0.265757,1,54.76
3.404000,-0.002,-0.000245,0.035455,2.997,0.000245,0.000000,0.000000,0.000,0.000,-0.054298,0.101512,0.000000,-0.108597,0.000000,0.265757,1,54.76
3.406000,0.020,0.001966,0.036119,2.997,-0.001966,0.000000,-0.000000,0.000,0.004,-0.054298,0.101512,0.000000,-0.108597,0.000000,0.265757,1,54.76
3.408000,0.005,0.000503,0.035680,2.997,-0.000503,0.000000,-0.000000,-0.019,0.001,-0.054298,0.101512,0.000000,-0.108597,0.000000,0.265757,1,54.76
3.410000,0.017,0.001678,0.036033,2.997,-0.001678,0.000000,-0.000000,-0.001,0.003,-0.054298,0.101512,0.000000,-0.108597,0.000000,0.265757,1,54.76
3.412000,-0.010,-0.001030,0.035220,2.997,0.001030,0.000000,0.000000,0.002,0.002,-0.054298,0.101512,0.000000,-0.108597,0.000000,0.265757,1,54.76
3.414000,0.013,0.001291,0.035917,2.997,-0.001291,0.000000,-0.000000,-0.020,0.003,-0.054298,0.101512,0.000000,-0.108597,0.000000,0.265757,1,54.76
3.416000,0.014,0.001406,0.035951,2.997,-0.001406,0.000000,-0.000000,-0.005,0.003,-0.054298,0.101512,0.000000,-0.108597,0.000000,0.265757,1,54.76
3.418000,0.035,0.003487,0.036575,2.997,-0.003487,0.000000,-0.000000,-0.017,0.007,-0.054298,0.101512,0.000000,-0.108597,0.000000,0.265757,1,54.76
3.420000,0.008,0.000777,0.035762,2.997,-0.000777,0.000000,0.000000,0.010,0.002,-0.054298,0.101512,0.000000,-0.108597,0.000000,0.265757,1,54.76
3.422000,-0.006,-0.000623,0.035342,2.997,0.000623,0.000000,-0.000000,-0.013,0.001,-0.054298,0.101512,0.000000,-0.108597,0.000000,0.265757,1,54.76
3.424000,0.011,0.001124,0.035725,2.997,-0.001124,0.000000,0.000000,-0.014,0.002,-0.054083,0.101109,0.000000,-0.108166,0.000000,0.264702,1,54.71
3.426000,0.001,0.000126,0.035426,2.997,-0.000126,0.000000,0.000000,-0.035,0.000,-0.054083,0.101109,0.000000,-0.108166,0.000000,0.264702,1,54.71
3.428000,0.004,0.000400,0.035508,2.997,-0.000400,0.000000,0.000000,-0.008,0.001,-0.054083,0.101109,0.000000,-0.108166,0.000000,0.264702,1,54.71
3.430000,0.016,0.001556,0.035855,2.997,-0.001556,0.000000,0.000000,0.006,0.003,-0.054083,0.101109,0.000000,-0.108166,0.000000,0.264702,1,54.71
3.432000,0.021,0.002057,0.036005,2.997,-0.002057,0.000000,-0.000000,-0.011,0.004,-0.054083,0.101109,0.000000,-0.108166,0.000000,0.264702,1,54.71
3.434000,0.012,0.001214,0.035752,2.997,-0.001214,0.000000,-0.000000,-0.001,0.002,-0.054083,0.101109,0.000000,-0.108166,0.000000,0.264702,1,54.71
3.436000,-0.001,-0.000052,0.035372,2.997,0.000052,0.000000,0.000000,-0.004,0.000,-0.054083,0.101109,0.000000,-0.108166,0.000000,0.264702,1,54.71
3.438000,-0.008,-0.000778,0.035155,2.997,0.000778,0.000000,0.000000,-0.016,0.002,-0.054083,0.101109,0.000000,-0.108166,0.000000,0.264702,1,54.71
3.440000,0.019,0.001854,0.035944,2.997,-0.001854,0.000000,0.000000,-0.021,0.004,-0.054083,0.101109,0.000000,-0.108166,0.000000,0.264702,1,54.71
3.442000,0.007,0.000693,0.035596,2.997,-0.000693,0.000000,0.000000,-0.012,0.001,-0.054083,0.101109,0.000000,-0.108166,0.000000,0.264702,1,54.71
3.444000,-0.013,-0.001270,0.035007,2.997,0.001270,0.000000,0.000000,0.001,0.003,-0.054083,0.101109,0.000000,-0.108166,0.000000,0.264702,1,54.71
3.446000,-0.009,-0.000946,0.035104,2.997,0.000946,0.000000,0.000000,0.008,0.002,-0.054083,0.101109,0.000000,-0.108166,0.000000,0.264702,1,54.71
3.448000,-0.014,-0.001353,0.034982,2.997,0.001353,0.000000,0.000000,-0.019,0.003,-0.054083,0.101109,0.000000,-0.108166,0.000000,0.264702,1,54.71
3.450000,0.009,0.000942,0.035671,2.997,-0.000942,0.000000,-0.000000,-0.007,0.002,-0.054083,0.101109,0.000000,-0.108166,0.000000,0.264702,1,54.71
3.452000,0.006,0.000550,0.035553,2.997,-0.000550,0.000000,-0.000000,0.013,0.001,-0.054083,0.101109,0.000000,-0.108166,0.000000,0.264702,1,54.71
3.454000,-0.000,-0.000044,0.035375,2.997,0.000044,0.000000,-0.000000,0.009,0.000,-0.054083,0.101109,0.000000,-0.108166,0.000000,0.264702,1,54.71
3.456000,0.034,0.003371,0.036400,2.997,-0.003371,0.000000,-0.000000,0.014,0.007,-0.054083,0.101109,0.000000,-0.108166,0.000000,0.264702,1,54.71
3.458000,0.011,0.001088,0.035714,2.997,-0.001088,0.000000,-0.000000,-0.009,0.002,-0.054083,0.101109,0.000000,-0.108166,0.000000,0.264702,1,54.71
3.460000,0.010,0.001004,0.035689,2.997,-0.001004,0.000000,0.000000,-0.006,0.002,-0.054083,0.101109,0.000000,-0.108166,0.000000,0.264702,1,54.71
3.462000,0.012,0.001179,0.035742,2.997,-0.001179,0.000000,0.000000,0.000,0.002,-0.054083,0.101109,0.000000,-0.108166,0.000000,0.264702,1,54.71
3.464000,0.002,0.000213,0.035452,2.997,-0.000213,0.000000,0.000000,-0.034,0.000,-0.054083,0.101109,0.000000,-0.108166,0.000000,0.264702,1,54.71
3.466000,0.008,0.000767,0.035618,2.997,-0.000767,0.000000,0.000000,-0.011,0.002,-0.054083,0.101109,0.000000,-0.108166,0.000000,0.264702,1,54.71
3.468000,0.027,0.002735,0.036208,2.997,-0.002735,0.000000,-0.000000,-0.010,0.005,-0.054083,0.101109,0.000000,-0.108166,0.000000,0.264702,1,54.71
3.470000,0.029,0.002889,0.036255,2.997,-0.002889,0.000000,-0.000000,-0.012,0.006,-0.054083,0.101109,0.000000,-0.108166,0.000000,0.264702,1,54.71
3.472000,0.047,0.004668,0.036789,2.997,-0.004668,0.000000,-0.000000,-0.002,0.009,-0.054083,0.101109,0.000000,-0.108166,0.000000,0.264702,1,54.71
3.474000,0.009,0.000923,0.035665,2.997,-0.000923,0.000000,0.000000,-0.008,0.002,-0.054083,0.101109,0.000000,-0.108166,0.000000,0.264702,1,54.71
3.476000,0.019,0.001938,0.035953,2.997,-0.001938,0.000000,0.000000,-0.027,0.004,-0.054058,0.101062,0.000000,-0.108116,0.000000,0.264580,1,54.71
3.478000,0.011,0.001083,0.035697,2.997,-0.001083,0.000000,0.000000,-0.029,0.002,-0.054058,0.101062,0.000000,-0.108116,0.000000,0.264580,1,54.71
3.480000,0.016,0.001645,0.035865,2.997,-0.001645,0.000000,0.000000,-0.047,0.003,-0.054058,0.101062,0.000000,-0.108116,0.000000,0.264580,1,54.71
3.482000,-0.002,-0.000208,0.035309,2.997,0.000208,0.000000,0.000000,-0.009,0.000,-0.054058,0.101062,0.000000,-0.108116,0.000000,0.264580,1,54.71
3.484000,0.007,0.000734,0.035592,2.997,-0.000734,0.000000,0.000000,-0.019,0.001,-0.054058,0.101062,0.000000,-0.108116,0.000000,0.264580,1,54.71
3.486000,0.003,0.000329,0.035470,2.997,-0.000329,0.000000,0.000000,-0.011,0.001,-0.054058,0.101062,0.000000,-0.108116,0.000000,0.264580,1,54.71
3.488000,0.007,0.000690,0.035579,2.997,-0.000690,0.000000,0.000000,-0.016,0.001,-0.054058,0.101062,0.000000,-0.108116,0.000000,0.264580,1,54.71
3.490000,-0.002,-0.000234,0.035301,2.997,0.000234,0.000000,0.000000,0.002,0.000,-0.054058,0.101062,0.000000,-0.108116,0.000000,0.264580,1,54.71
3.492000,-0.002,-0.000197,0.035313,2.997,0.000197,0.000000,0.000000,-0.007,0.000,-0.054058,0.101062,0.000000,-0.108116,0.000000,0.264580,1,54.71
3.494000,0.013,0.001289,0.035758,2.997,-0.001289,0.000000,-0.000000,-0.003,0.003,-0.054058,0.101062,0.000000,-0.108116,0.000000,0.264580,1,54.71
3.496000,0.016,0.001593,0.035850,2.997,-0.001593,0.000000,-0.000000,-0.007,0.003,-0.054058,0.101062,0.000000,-0.108116,0.000000,0.264580,1,54.71
3.498000,-0.003,-0.000269,0.035291,2.997,0.000269,0.000000,0.000000,0.002,0.001,-0.054058,0.101062,0.000000,-0.108116,0.000000,0.264580,1,54.71
3.500000,0.001,0.000088,0.035398,2.997,-0.000088,0.000000,-0.000000,0.000,0.000,-0.054058,0.101062,0.000000,-0.108116,0.000000,0.264580,1,54.71
3.502000,0.005,0.000473,0.035514,2.997,-0.000473,0.000000,-0.000000,0.000,0.001,-0.054058,0.101062,0.000000,-0.108116,0.000000,0.264580,1,54.71
3.504000,0.013,0.001259,0.035749,2.997,-0.001259,0.000000,-0.000000,0.000,0.003,-0.054058,0.101062,0.000000,-0.108116,0.000000,0.264580,1,54.71
3.506000,0.039,0.003947,0.036556,2.997,-0.003947,0.000000,-0.000000,0.000,0.008,-0.054058,0.101062,0.000000,-0.108116,0.000000,0.264580,1,54.71
3.508000,0.027,0.002704,0.036183,2.997,-0.002704,0.000000,-0.000000,-0.001,0.005,-0.054058,0.101062,0.000000,-0.108116,0.000000,0.264580,1,54.71
3.510000,-0.006,-0.000550,0.035207,2.997,0.000550,0.000000,0.000000,-0.005,0.001,-0.054058,0.101062,0.000000,-0.108116,0.000000,0.264580,1,54.71
3.512000,-0.004,-0.000390,0.035255,2.997,0.000390,0.000000,0.000000,-0.013,0.001,-0.054058,0.101062,0.000000,-0.108116,0.000000,0.264580,1,54.71
3.514000,0.025,0.002506,0.036123,2.997,-0.002506,0.000000,-0.000000,-0.039,0.005,-0.054058,0.101062,0.000000,-0.108116,0.000000,0.264580,1,54.71
3.516000,-0.008,-0.000779,0.035138,2.997,0.000779,0.000000,0.000000,-0.027,0.002,-0.054058,0.101062,0.000000,-0.108116,0.000000,0.264580,1,54.71
3.518000,0.021,0.002118,0.036007,2.997,-0.002118,0.000000,0.000000,0.006,0.004,-0.054058,0.101062,0.000000,-0.108116,0.000000,0.264580,1,54.71
3.520000,0.016,0.001587,0.035848,2.997,-0.001587,0.000000,-0.000000,0.004,0.003,-0.054058,0.101062,0.000000,-0.108116,0.000000,0.264580,1,54.71
3.522000,0.007,0.000705,0.035583,2.997,-0.000705,0.000000,-0.000000,-0.025,0.001,-0.054058,0.101062,0.000000,-0.108116,0.000000,0.264580,1,54.71
3.524000,0.019,0.001908,0.035944,2.997,-0.001908,0.000000,-0.000000,0.008,0.004,-0.054058,0.101062,0.000000,-0.108116,0.000000,0.264580,1,54.71
3.526000,0.010,0.000987,0.035668,2.997,-0.000987,0.000000,-0.000000,-0.021,0.002,-0.054058,0.101062,0.000000,-0.108116,0.000000,0.264580,1,54.71
3.528000,0.006,0.000551,0.035159,2.997,-0.000551,0.000000,0.000000,-0.016,0.001,-0.053480,0.099982,0.000000,-0.106960,0.000000,0.261752,1,54.68
3.530000,0.025,0.002534,0.035754,2.997,-0.002534,0.000000,-0.000000,-0.007,0.005,-0.053480,0.099982,0.000000,-0.106960,0.000000,0.261752,1,54.68
3.532000,0.009,0.000931,0.035273,2.997,-0.000931,0.000000,-0.000000,-0.019,0.002,-0.053480,0.099982,0.000000,-0.106960,0.000000,0.261752,1,54.68
3.534000,0.006,0.000599,0.035173,2.997,-0.000599,0.000000,0.000000,-0.010,0.001,-0.053480,0.099982,0.000000,-0.106960,0.000000,0.261752,1,54.68
3.536000,0.012,0.001185,0.035349,2.997,-0.001185,0.000000,-0.000000,-0.006,0.002,-0.053480,0.099982,0.000000,-0.106960,0.000000,0.261752,1,54.68
3.538000,0.017,0.001693,0.035502,2.997,-0.001693,0.000000,-0.000000,-0.025,0.003,-0.053480,0.099982,0.000000,-0.106960,0.000000,0.261752,1,54.68
3.540000,0.004,0.000389,0.035110,2.997,-0.000389,0.000000,0.000000,-0.009,0.001,-0.053480,0.099982,0.000000,-0.106960,0.000000,0.261752,1,54.68
3.542000,0.007,0.000685,0.035199,2.997,-0.000685,0.000000,0.000000,-0.006,0.001,-0.053480,0.099982,0.000000,-0.106960,0.000000,0.261752,1,54.68
3.544000,0.028,0.002760,0.035822,2.997,-0.002760,0.000000,-0.000000,-0.012,0.006,-0.053480,0.099982,0.000000,-0.106960,0.000000,0.261752,1,54.68
3.546000,0.008,0.000840,0.035246,2.997,-0.000840,0.000000,-0.000000,-0.017,0.002,-0.053480,0.099982,0.000000,-0.106960,0.000000,0.261752,1,54.68
3.548000,0.004,0.000404,0.035115,2.997,-0.000404,0.000000,0.000000,-0.004,0.001,-0.053480,0.099982,0.000000,-0.106960,0.000000,0.261752,1,54.68
3.550000,0.027,0.002708,0.035806,2.997,-0.002708,0.000000,-0.000000,-0.007,0.005,-0.053480,0.099982,0.000000,-0.106960,0.000000,0.261752,1,54.68
3.552000,0.022,0.002211,0.035657,2.997,-0.002211,0.000000,-0.000000,-0.028,0.004,-0.053480,0.099982,0.000000,-0.106960,0.000000,0.261752,1,54.68
3.554000,0.006,0.000576,0.035166,2.997,-0.000576,0.000000,0.000000,-0.008,0.001,-0.053480,0.099982,0.000000,-0.106960,0.000000,0.261752,1,54.68
3.556000,0.029,0.002911,0.035867,2.997,-0.002911,0.000000,-0.000000,-0.004,0.006,-0.053480,0.099982,0.000000,-0.106960,0.000000,0.261752,1,54.68
3.558000,0.006,0.000595,0.035172,2.997,-0.000595,0.000000,-0.000000,-0.027,0.001,-0.053480,0.099982,0.000000,-0.106960,0.000000,0.261752,1,54.68
3.560000,-0.004,-0.000363,0.034885,2.997,0.000363,0.000000,0.000000,-0.022,0.001,-0.053480,0.099982,0.000000,-0.106960,0.000000,0.261752,1,54.68
3.562000,0.009,0.000924,0.035271,2.997,-0.000924,0.000000,0.000000,-0.006,0.002,-0.053480,0.099982,0.000000,-0.106960,0.000000,0.261752,1,54.68
3.564000,0.003,0.000331,0.035093,2.997,-0.000331,0.000000,-0.000000,-0.029,0.001,-0.053480,0.099982,0.000000,-0.106960,0.000000,0.261752,1,54.68
3.566000,0.016,0.001571,0.035465,2.997,-0.001571,0.000000,0.000000,-0.006,0.003,-0.053480,0.099982,0.000000,-0.106960,0.000000,0.261752,1,54.68
3.568000,-0.006,-0.000622,0.034807,2.997,0.000622,0.000000,-0.000000,0.004,0.001,-0.053480,0.099982,0.000000,-0.106960,0.000000,0.261752,1,54.68
3.570000,0.015,0.001483,0.035439,2.997,-0.001483,0.000000,-0.000000,-0.009,0.003,-0.053480,0.099982,0.000000,-0.106960,0.000000,0.261752,1,54.68
3.572000,-0.007,-0.000707,0.034782,2.997,0.000707,0.000000,0.000000,-0.003,0.001,-0.053480,0.099982,0.000000,-0.106960,0.000000,0.261752,1,54.68
3.574000,-0.003,-0.000271,0.034912,2.997,0.000271,0.000000,-0.000000,-0.016,0.001,-0.053480,0.099982,0.000000,-0.106960,0.000000,0.261752,1,54.68
3.576000,0.008,0.000808,0.035236,2.997,-0.000808,0.000000,0.000000,0.006,0.002,-0.053480,0.099982,0.000000,-0.106960,0.000000,0.261752,1,54.68
3.578000,0.007,0.000664,0.035193,2.997,-0.000664,0.000000,-0.000000,-0.015,0.001,-0.053480,0.099982,0.000000,-0.106960,0.000000,0.261752,1,54.68
3.580000,0.025,0.002492,0.035930,2.997,-0.002492,0.000000,0.000000,0.007,0.005,-0.053769,0.100522,0.000000,-0.107538,0.000000,0.263167,1,54.49
3.582000,0.015,0.001503,0.035634,2.997,-0.001503,0.000000,-0.000000,0.003,0.003,-0.053769,0.100522,0.000000,-0.107538,0.000000,0.263167,1,54.49
3.584000,0.019,0.001861,0.035741,2.997,-0.001861,0.000000,-0.000000,-0.008,0.004,-0.053769,0.100522,0.000000,-0.107538,0.000000,0.263167,1,54.49
3.586000,0.010,0.000990,0.035480,2.997,-0.000990,0.000000,0.000000,-0.007,0.002,-0.053769,0.100522,0.000000,-0.107538,0.000000,0.263167,1,54.49
3.588000,0.008,0.000767,0.035413,2.997,-0.000767,0.000000,0.000000,-0.025,0.002,-0.053769,0.100522,0.000000,-0.107538,0.000000,0.263167,1,54.49
3.590000,0.009,0.000927,0.035461,2.997,-0.000927,0.000000,0.000000,-0.015,0.002,-0.053769,0.100522,0.000000,-0.107538,0.000000,0.263167,1,54.49
3.592000,0.007,0.000726,0.035400,2.997,-0.000726,0.000000,0.000000,-0.019,0.001,-0.053769,0.100522,0.000000,-0.107538,0.000000,0.263167,1,54.49
3.594000,0.010,0.000952,0.035468,2.997,-0.000952,0.000000,0.000000,-0.010,0.002,-0.053769,0.100522,0.000000,-0.107538,0.000000,0.263167,1,54.49
3.596000,-0.009,-0.000879,0.034919,2.997,0.000879,0.000000,0.000000,-0.008,0.002,-0.053769,0.100522,0.000000,-0.107538,0.000000,0.263167,1,54.49
3.598000,0.007,0.000737,0.035404,2.997,-0.000737,0.000000,-0.000000,-0.009,0.001,-0.053769,0.100522,0.000000,-0.107538,0.000000,0.263167,1,54.49
3.600000,0.015,0.001454,0.035619,2.997,-0.001454,0.000000,-0.000000,0.000,0.003,-0.053769,0.100522,0.000000,-0.107538,0.000000,0.263167,1,54.49
3.602000,0.013,0.001292,0.035570,2.997,-0.001292,0.000000,0.000000,0.000,0.003,-0.053769,0.100522,0.000000,-0.107538,0.000000,0.263167,1,54.49
3.604000,0.003,0.000327,0.035281,2.997,-0.000327,0.000000,0.000000,0.000,0.001,-0.053769,0.100522,0.000000,-0.107538,0.000000,0.263167,1,54.49
3.606000,0.003,0.000269,0.035263,2.997,-0.000269,0.000000,0.000000,0.000,0.001,-0.053769,0.100522,0.000000,-0.107538,0.000000,0.263167,1,54.49
3.608000,0.024,0.002381,0.035897,2.997,-0.002381,0.000000,0.000000,-0.015,0.005,-0.053769,0.100522,0.000000,-0.107538,0.000000,0.263167,1,54.49
3.610000,0.018,0.001826,0.035731,2.997,-0.001826,0.000000,0.000000,-0.013,0.004,-0.053769,0.100522,0.000000,-0.107538,0.000000,0.263167,1,54.49
3.612000,0.019,0.001915,0.035757,2.997,-0.001915,0.000000,0.000000,-0.003,0.004,-0.053769,0.100522,0.000000,-0.107538,0.000000,0.263167,1,54.49
3.614000,0.010,0.001039,0.035494,2.997,-0.001039,0.000000,0.000000,-0.003,0.002,-0.053769,0.100522,0.000000,-0.107538,0.000000,0.263167,1,54.49
3.616000,0.000,0.000016,0.035188,2.997,-0.000016,0.000000,0.000000,-0.024,0.000,-0.053769,0.100522,0.000000,-0.107538,0.000000,0.263167,1,54.49
3.618000,0.020,0.002001,0.035783,2.997,-0.002001,0.000000,0.000000,-0.018,0.004,-0.053769,0.100522,0.000000,-0.107538,0.000000,0.263167,1,54.49
3.620000,0.010,0.000963,0.035472,2.997,-0.000963,0.000000,0.000000,-0.019,0.002,-0.053769,0.100522,0.000000,-0.107538,0.000000,0.263167,1,54.49
3.622000,0.017,0.001690,0.035690,2.997,-0.001690,0.000000,0.000000,-0.010,0.003,-0.053769,0.100522,0.000000,-0.107538,0.000000,0.263167,1,54.49
3.624000,0.017,0.001696,0.035692,2.997,-0.001696,0.000000,-0.000000,-0.000,0.003,-0.053769,0.100522,0.000000,-0.107538,0.000000,0.263167,1,54.49
3.626000,0.019,0.001949,0.035767,2.997,-0.001949,0.000000,-0.000000,-0.020,0.004,-0.053769,0.100522,0.000000,-0.107538,0.000000,0.263167,1,54.49
3.628000,0.001,0.000094,0.035211,2.997,-0.000094,0.000000,0.000000,-0.010,0.000,-0.053769,0.100522,0.000000,-0.107538,0.000000,0.263167,1,54.49
3.630000,0.015,0.001496,0.035631,2.997,-0.001496,0.000000,-0.000000,-0.017,0.003,-0.053769,0.100522,0.000000,-0.107538,0.000000,0.263167,1,54.49
3.632000,0.018,0.001790,0.035930,2.997,-0.001790,0.000000,0.000000,-0.017,0.004,-0.054089,0.101121,0.000000,-0.108179,0.000000,0.264735,1,52.69
3.634000,0.012,0.001162,0.035741,2.997,-0.001162,0.000000,0.000000,-0.019,0.002,-0.054089,0.101121,0.000000,-0.108179,0.000000,0.264735,1,52.69
3.636000,0.007,0.000745,0.035616,2.997,-0.000745,0.000000,0.000000,-0.001,0.001,-0.054089,0.101121,0.000000,-0.108179,0.000000,0.264735,1,52.69
3.638000,0.024,0.002439,0.036124,2.997,-0.002439,0.000000,-0.000000,-0.015,0.005,-0.054089,0.101121,0.000000,-0.108179,0.000000,0.264735,1,52.69
3.640000,0.006,0.000562,0.035561,2.997,-0.000562,0.000000,-0.000000,-0.018,0.001,-0.054089,0.101121,0.000000,-0.108179,0.000000,0.264735,1,52.69
3.642000,0.017,0.001657,0.035890,2.997,-0.001657,0.000000,-0.000000,-0.012,0.003,-0.054089,0.101121,0.000000,-0.108179,0.000000,0.264735,1,52.69
3.644000,0.005,0.000478,0.035536,2.997,-0.000478,0.000000,-0.000000,-0.007,0.001,-0.054089,0.101121,0.000000,-0.108179,0.000000,0.264735,1,52.69
3.646000,0.017,0.001670,0.035894,2.997,-0.001670,0.000000,-0.000000,-0.024,0.003,-0.054089,0.101121,0.000000,-0.108179,0.000000,0.264735,1,52.69
3.648000,0.009,0.000858,0.035650,2.997,-0.000858,0.000000,-0.000000,-0.006,0.002,-0.054089,0.101121,0.000000,-0.108179,0.000000,0.264735,1,52.69
3.650000,-0.001,-0.000124,0.035355,2.997,0.000124,0.000000,0.000000,-0.017,0.000,-0.054089,0.101121,0.000000,-0.108179,0.000000,0.264735,1,52.69
3.652000,0.007,0.000693,0.035600,2.997,-0.000693,0.000000,0.000000,-0.005,0.001,-0.054089,0.101121,0.000000,-0.108179,0.000000,0.264735,1,52.69
3.654000,0.013,0.001339,0.035794,2.997,-0.001339,0.000000,-0.000000,-0.017,0.003,-0.054089,0.101121,0.000000,-0.108179,0.000000,0.264735,1,52.69
3.656000,0.007,0.000679,0.035596,2.997,-0.000679,0.000000,0.000000,-0.009,0.001,-0.054089,0.101121,0.000000,-0.108179,0.000000,0.264735,1,52.69
3.658000,0.018,0.001839,0.035944,2.997,-0.001839,0.000000,-0.000000,0.001,0.004,-0.054089,0.101121,0.000000,-0.108179,0.000000,0.264735,1,52.69
3.660000,0.002,0.000180,0.035446,2.997,-0.000180,0.000000,0.000000,-0.007,0.000,-0.054089,0.101121,0.000000,-0.108179,0.000000,0.264735,1,52.69
3.662000,0.008,0.000789,0.035629,2.997,-0.000789,0.000000,0.000000,-0.013,0.002,-0.054089,0.101121,0.000000,-0.108179,0.000000,0.264735,1,52.69
3.664000,0.036,0.003596,0.036471,2.997,-0.003596,0.000000,-0.000000,-0.007,0.007,-0.054089,0.101121,0.000000,-0.108179,0.000000,0.264735,1,52.69
3.666000,0.018,0.001760,0.035921,2.997,-0.001760,0.000000,0.000000,-0.018,0.004,-0.054089,0.101121,0.000000,-0.108179,0.000000,0.264735,1,52.69
3.668000,0.027,0.002694,0.036201,2.997,-0.002694,0.000000,0.000000,-0.002,0.005,-0.054089,0.101121,0.000000,-0.108179,0.000000,0.264735,1,52.69
3.670000,0.022,0.002212,0.036056,2.997,-0.002212,0.000000,-0.000000,-0.008,0.004,-0.054089,0.101121,0.000000,-0.108179,0.000000,0.264735,1,52.69
3.672000,0.008,0.000844,0.035646,2.997,-0.000844,0.000000,0.000000,-0.036,0.002,-0.054089,0.101121,0.000000,-0.108179,0.000000,0.264735,1,52.69
3.674000,0.023,0.002324,0.036090,2.997,-0.002324,0.000000,0.000000,-0.018,0.005,-0.054089,0.101121,0.000000,-0.108179,0.000000,0.264735,1,52.69
3.676000,-0.002,-0.000151,0.035347,2.997,0.000151,0.000000,0.000000,-0.027,0.000,-0.054089,0.101121,0.000000,-0.108179,0.000000,0.264735,1,52.69
3.678000,-0.002,-0.000233,0.035322,2.997,0.000233,0.000000,0.000000,-0.022,0.000,-0.054089,0.101121,0.000000,-0.108179,0.000000,0.264735,1,52.69
3.680000,0.011,0.001080,0.035716,2.997,-0.001080,0.000000,0.000000,-0.008,0.002,-0.054089,0.101121,0.000000,-0.108179,0.000000,0.264735,1,52.69
3.682000,0.008,0.000791,0.021620,2.997,-0.000791,0.000000,0.000000,-0.023,0.002,-0.032678,0.061093,0.000000,-0.065357,0.000000,0.159941,1,53.93
3.684000,-0.013,-0.001289,0.020996,2.997,0.001289,0.000000,0.000000,0.002,0.003,-0.032678,0.061093,0.000000,-0.065357,0.000000,0.159941,1,53.93
3.686000,0.014,0.001353,0.021788,2.997,-0.001353,0.000000,-0.000000,0.002,0.003,-0.032678,0.061093,0.000000,-0.065357,0.000000,0.159941,1,53.93
3.688000,0.015,0.001538,0.021844,2.997,-0.001538,0.000000,-0.000000,-0.011,0.003,-0.032678,0.061093,0.000000,-0.065357,0.000000,0.159941,1,53.93
3.690000,-0.006,-0.000637,0.021191,2.997,0.000637,0.000000,-0.000000,-0.008,0.001,-0.032678,0.061093,0.000000,-0.065357,0.000000,0.159941,1,53.93
3.692000,-0.000,-0.000049,0.021368,2.997,0.000049,0.000000,-0.000000,0.013,0.000,-0.032678,0.061093,0.000000,-0.065357,0.000000,0.159941,1,53.93
3.694000,0.017,0.001655,0.021879,2.997,-0.001655,0.000000,-0.000000,-0.014,0.003,-0.032678,0.061093,0.000000,-0.065357,0.000000,0.159941,1,53.93
3.696000,0.012,0.001193,0.021740,2.997,-0.001193,0.000000,-0.000000,-0.015,0.002,-0.032678,0.061093,0.000000,-0.065357,0.000000,0.159941,1,53.93
3.698000,0.001,0.000058,0.021400,2.997,-0.000058,0.000000,0.000000,0.006,0.000,-0.032678,0.061093,0.000000,-0.065357,0.000000,0.159941,1,53.93
3.700000,-0.007,-0.000675,0.021180,2.997,0.000675,0.000000,0.000000,0.000,0.001,-0.032678,0.061093,0.000000,-0.065357,0.000000,0.159941,1,53.93
3.702000,0.017,0.001681,0.021887,2.997,-0.001681,0.000000,-0.000000,0.000,0.003,-0.032678,0.061093,0.000000,-0.065357,0.000000,0.159941,1,53.93
3.704000,0.010,0.000972,0.021674,2.997,-0.000972,0.000000,-0.000000,0.000,0.002,-0.032678,0.061093,0.000000,-0.065357,0.000000,0.159941,1,53.93
3.706000,0.010,0.000958,0.021670,2.997,-0.000958,0.000000,-0.000000,0.000,0.002,-0.032678,0.061093,0.000000,-0.065357,0.000000,0.159941,1,53.93
3.708000,0.012,0.001201,0.021743,2.997,-0.001201,0.000000,-0.000000,0.007,0.002,-0.032678,0.061093,0.000000,-0.065357,0.000000,0.159941,1,53.93
3.710000,0.004,0.000414,0.021507,2.997,-0.000414,0.000000,-0.000000,-0.017,0.001,-0.032678,0.061093,0.000000,-0.065357,0.000000,0.159941,1,53.93
3.712000,0.011,0.001064,0.021702,2.997,-0.001064,0.000000,0.000000,-0.010,0.002,-0.032678,0.061093,0.000000,-0.065357,0.000000,0.159941,1,53.93
3.714000,0.003,0.000261,0.021461,2.997,-0.000261,0.000000,0.000000,-0.010,0.001,-0.032678,0.061093,0.000000,-0.065357,0.000000,0.159941,1,53.93
3.716000,0.003,0.000258,0.021460,2.997,-0.000258,0.000000,0.000000,-0.012,0.001,-0.032678,0.061093,0.000000,-0.065357,0.000000,0.159941,1,53.93
3.718000,0.002,0.000164,0.021432,2.997,-0.000164,0.000000,0.000000,-0.004,0.000,-0.032678,0.061093,0.000000,-0.065357,0.000000,0.159941,1,53.93
3.720000,0.015,0.001474,0.021825,2.997,-0.001474,0.000000,-0.000000,-0.011,0.003,-0.032678,0.061093,0.000000,-0.065357,0.000000,0.159941,1,53.93
3.722000,0.009,0.000893,0.021650,2.997,-0.000893,0.000000,0.000000,-0.003,0.002,-0.032678,0.061093,0.000000,-0.065357,0.000000,0.159941,1,53.93
3.724000,0.008,0.000794,0.021621,2.997,-0.000794,0.000000,0.000000,-0.003,0.002,-0.032678,0.061093,0.000000,-0.065357,0.000000,0.159941,1,53.93
3.726000,0.012,0.001239,0.021754,2.997,-0.001239,0.000000,-0.000000,-0.002,0.002,-0.032678,0.061093,0.000000,-0.065357,0.000000,0.159941,1,53.93
3.728000,-0.000,-0.000010,0.021380,2.997,0.000010,0.000000,0.000000,-0.015,0.000,-0.032678,0.061093,0.000000,-0.065357,0.000000,0.159941,1,53.93
3.730000,0.021,0.002057,0.022000,2.997,-0.002057,0.000000,-0.000000,-0.009,0.004,-0.032678,0.061093,0.000000,-0.065357,0.000000,0.159941,1,53.93
3.732000,0.012,0.001248,0.021757,2.997,-0.001248,0.000000,-0.000000,-0.008,0.002,-0.032678,0.061093,0.000000,-0.065357,0.000000,0.159941,1,53.93
3.734000,0.025,0.002455,0.022808,2.997,-0.002455,0.000000,-0.000000,-0.012,0.005,-0.033732,0.063063,0.000000,-0.067464,0.000000,0.165098,1,53.58
3.736000,0.003,0.000301,0.022162,2.997,-0.000301,0.000000,-0.000000,0.000,0.001,-0.033732,0.063063,0.000000,-0.067464,0.000000,0.165098,1,53.58
3.738000,0.019,0.001882,0.022636,2.997,-0.001882,0.000000,-0.000000,-0.021,0.004,-0.033732,0.063063,0.000000,-0.067464,0.000000,0.165098,1,53.58
3.740000,0.001,0.000083,0.022097,2.997,-0.000083,0.000000,0.000000,-0.012,0.000,-0.033732,0.063063,0.000000,-0.067464,0.000000,0.165098,1,53.58
3.742000,0.009,0.000881,0.022336,2.997,-0.000881,0.000000,0.000000,-0.025,0.002,-0.033732,0.063063,0.000000,-0.067464,0.000000,0.165098,1,53.58
3.744000,0.005,0.000513,0.022226,2.997,-0.000513,0.000000,0.000000,-0.003,0.001,-0.033732,0.063063,0.000000,-0.067464,0.000000,0.165098,1,53.58
3.746000,0.017,0.001713,0.022586,2.997,-0.001713,0.000000,-0.000000,-0.019,0.003,-0.033732,0.063063,0.000000,-0.067464,0.000000,0.165098,1,53.58
3.748000,-0.007,-0.000703,0.021861,2.997,0.000703,0.000000,0.000000,-0.001,0.001,-0.033732,0.063063,0.000000,-0.067464,0.000000,0.165098,1,53.58
3.750000,0.011,0.001087,0.022398,2.997,-0.001087,0.000000,-0.000000,-0.009,0.002,-0.033732,0.063063,0.000000,-0.067464,0.000000,0.165098,1,53.58
3.752000,0.015,0.001543,0.022535,2.997,-0.001543,0.000000,-0.000000,-0.005,0.003,-0.033732,0.063063,0.000000,-0.067464,0.000000,0.165098,1,53.58
3.754000,0.021,0.002144,0.022715,2.997,-0.002144,0.000000,-0.000000,-0.017,0.004,-0.033732,0.063063,0.000000,-0.067464,0.000000,0.165098,1,53.58
3.756000,-0.003,-0.000264,0.021993,2.997,0.000264,0.000000,0.000000,0.007,0.001,-0.033732,0.063063,0.000000,-0.067464,0.000000,0.165098,1,53.58
3.758000,-0.003,-0.000272,0.021990,2.997,0.000272,0.000000,-0.000000,-0.011,0.001,-0.033732,0.063063,0.000000,-0.067464,0.000000,0.165098,1,53.58
3.760000,0.013,0.001289,0.022459,2.997,-0.001289,0.000000,-0.000000,-0.015,0.003,-0.033732,0.063063,0.000000,-0.067464,0.000000,0.165098,1,53.58
3.762000,-0.001,-0.000058,0.022055,2.997,0.000058,0.000000,-0.000000,-0.021,0.000,-0.033732,0.063063,0.000000,-0.067464,0.000000,0.165098,1,53.58
3.764000,0.020,0.001975,0.022664,2.997,-0.001975,0.000000,-0.000000,0.003,0.004,-0.033732,0.063063,0.000000,-0.067464,0.000000,0.165098,1,53.58
3.766000,0.010,0.001008,0.022374,2.997,-0.001008,0.000000,-0.000000,0.003,0.002,-0.033732,0.063063,0.000000,-0.067464,0.000000,0.165098,1,53.58
3.768000,-0.004,-0.000399,0.021952,2.997,0.000399,0.000000,-0.000000,-0.013,0.001,-0.033732,0.063063,0.000000,-0.067464,0.000000,0.165098,1,53.58
3.770000,0.015,0.001543,0.022535,2.997,-0.001543,0.000000,-0.000000,0.001,0.003,-0.033732,0.063063,0.000000,-0.067464,0.000000,0.165098,1,53.58
3.772000,-0.005,-0.000499,0.021922,2.997,0.000499,0.000000,0.000000,-0.020,0.001,-0.033732,0.063063,0.000000,-0.067464,0.000000,0.165098,1,53.58
3.774000,0.008,0.000763,0.022301,2.997,-0.000763,0.000000,0.000000,-0.010,0.002,-0.033732,0.063063,0.000000,-0.067464,0.000000,0.165098,1,53.58
3.776000,0.017,0.001690,0.022579,2.997,-0.001690,0.000000,-0.000000,0.004,0.003,-0.033732,0.063063,0.000000,-0.067464,0.000000,0.165098,1,53.58
3.778000,0.017,0.001695,0.022580,2.997,-0.001695,0.000000,-0.000000,-0.015,0.003,-0.033732,0.063063,0.000000,-0.067464,0.000000,0.165098,1,53.58
3.780000,0.014,0.001439,0.022504,2.997,-0.001439,0.000000,0.000000,0.005,0.003,-0.033732,0.063063,0.000000,-0.067464,0.000000,0.165098,1,53.58
3.782000,0.007,0.000695,0.022281,2.997,-0.000695,0.000000,-0.000000,-0.008,0.001,-0.033732,0.063063,0.000000,-0.067464,0.000000,0.165098,1,53.58
3.784000,0.022,0.002218,0.022737,2.997,-0.002218,0.000000,-0.000000,-0.017,0.004,-0.033732,0.063063,0.000000,-0.067464,0.000000,0.165098,1,53.58
3.786000,0.001,0.000066,-0.009916,2.997,-0.000066,0.000000,0.000000,-0.017,0.000,0.015185,-0.028389,0.000000,0.030370,0.000000,-0.074321,1,53.34
3.788000,0.018,0.001811,-0.009393,2.997,-0.001811,0.000000,-0.000000,-0.014,0.004,0.015185,-0.028389,0.000000,0.030370,0.000000,-0.074321,1,53.34
3.790000,0.018,0.001849,-0.009381,2.997,-0.001849,0.000000,-0.000000,-0.007,0.004,0.015185,-0.028389,0.000000,0.030370,0.000000,-0.074321,1,53.34
3.792000,0.002,0.000247,-0.009862,2.997,-0.000247,0.000000,-0.000000,-0.022,0.000,0.015185,-0.028389,0.000000,0.030370,0.000000,-0.074321,1,53.34
3.794000,0.021,0.002120,-0.009300,2.997,-0.002120,0.000000,-0.000000,-0.001,0.004,0.015185,-0.028389,0.000000,0.030370,0.000000,-0.074321,1,53.34
3.796000,0.012,0.001171,-0.009585,2.997,-0.001171,0.000000,-0.000000,-0.018,0.002,0.015185,-0.028389,0.000000,0.030370,0.000000,-0.074321,1,53.34
3.798000,0.006,0.000574,-0.009764,2.997,-0.000574,0.000000,0.000000,-0.018,0.001,0.015185,-0.028389,0.000000,0.030370,0.000000,-0.074321,1,53.34
3.800000,0.018,0.001843,-0.009383,2.997,-0.001843,0.000000,-0.000000,0.000,0.004,0.015185,-0.028389,0.000000,0.030370,0.000000,-0.074321,1,53.34
3.802000,0.016,0.001621,-0.009450,2.997,-0.001621,0.000000,0.000000,0.000,0.003,0.015185,-0.028389,0.000000,0.030370,0.000000,-0.074321,1,53.34
3.804000,-0.000,-0.000003,-0.009937,2.997,0.000003,0.000000,0.000000,0.000,0.000,0.015185,-0.028389,0.000000,0.030370,0.000000,-0.074321,1,53.34
3.806000,0.009,0.000946,-0.009652,2.997,-0.000946,0.000000,0.000000,0.000,0.002,0.015185,-0.028389,0.000000,0.030370,0.000000,-0.074321,1,53.34
3.808000,-0.002,-0.000183,-0.009991,2.997,0.000183,0.000000,0.000000,-0.018,0.000,0.015185,-0.028389,0.000000,0.030370,0.000000,-0.074321,1,53.34
3.810000,0.000,0.000038,-0.009925,2.997,-0.000038,0.000000,0.000000,-0.016,0.000,0.015185,-0.028389,0.000000,0.030370,0.000000,-0.074321,1,53.34
3.812000,0.010,0.000977,-0.009643,2.997,-0.000977,0.000000,0.000000,0.000,0.002,0.015185,-0.028389,0.000000,0.030370,0.000000,-0.074321,1,53.34
3.814000,0.013,0.001305,-0.009544,2.997,-0.001305,0.000000,-0.000000,-0.009,0.003,0.015185,-0.028389,0.000000,0.030370,0.000000,-0.074321,1,53.34
3.816000,-0.010,-0.001014,-0.010240,2.997,0.001014,0.000000,0.000000,0.002,0.002,0.015185,-0.028389,0.000000,0.030370,0.000000,-0.074321,1,53.34
3.818000,0.005,0.000488,-0.009789,2.997,-0.000488,0.000000,-0.000000,-0.000,0.001,0.015185,-0.028389,0.000000,0.030370,0.000000,-0.074321,1,53.34
3.820000,0.018,0.001843,-0.009383,2.997,-0.001843,0.000000,-0.000000,-0.010,0.004,0.015185,-0.028389,0.000000,0.030370,0.000000,-0.074321,1,53.34
3.822000,-0.005,-0.000463,-0.010075,2.997,0.000463,0.000000,0.000000,-0.013,0.001,0.015185,-0.028389,0.000000,0.030370,0.000000,-0.074321,1,53.34
3.824000,0.013,0.001338,-0.009534,2.997,-0.001338,0.000000,-0.000000,0.010,0.003,0.015185,-0.028389,0.000000,0.030370,0.000000,-0.074321,1,53.34
3.826000,0.002,0.000201,-0.009876,2.997,-0.000201,0.000000,-0.000000,-0.005,0.000,0.015185,-0.028389,0.000000,0.030370,0.000000,-0.074321,1,53.34
3.828000,0.011,0.001054,-0.009620,2.997,-0.001054,0.000000,0.000000,-0.018,0.002,0.015185,-0.028389,0.000000,0.030370,0.000000,-0.074321,1,53.34
3.830000,0.008,0.000811,-0.009693,2.997,-0.000811,0.000000,0.000000,0.005,0.002,0.015185,-0.028389,0.000000,0.030370,0.000000,-0.074321,1,53.34
3.832000,0.012,0.001163,-0.009587,2.997,-0.001163,0.000000,-0.000000,-0.013,0.002,0.015185,-0.028389,0.000000,0.030370,0.000000,-0.074321,1,53.34
3.834000,-0.006,-0.000596,-0.010115,2.997,0.000596,0.000000,0.000000,-0.002,0.001,0.015185,-0.028389,0.000000,0.030370,0.000000,-0.074321,1,53.34
3.836000,0.018,0.001762,-0.009408,2.997,-0.001762,0.000000,-0.000000,-0.011,0.004,0.015185,-0.028389,0.000000,0.030370,0.000000,-0.074321,1,53.34
3.838000,0.008,0.000778,0.021248,2.997,-0.000778,0.000000,-0.000000,-0.008,0.002,-0.032117,0.060043,0.000000,-0.064233,0.000000,0.157191,1,53.54
3.840000,0.003,0.000302,0.021106,2.997,-0.000302,0.000000,-0.000000,-0.012,0.001,-0.032117,0.060043,0.000000,-0.064233,0.000000,0.157191,1,53.54
3.842000,0.016,0.001604,0.021496,2.997,-0.001604,0.000000,-0.000000,0.006,0.003,-0.032117,0.060043,0.000000,-0.064233,0.000000,0.157191,1,53.54
3.844000,0.025,0.002461,0.021753,2.997,-0.002461,0.000000,-0.000000,-0.018,0.005,-0.032117,0.060043,0.000000,-0.064233,0.000000,0.157191,1,53.54
3.846000,-0.002,-0.000247,0.020941,2.997,0.000247,0.000000,0.000000,-0.008,0.000,-0.032117,0.060043,0.000000,-0.064233,0.000000,0.157191,1,53.54
3.848000,0.017,0.001659,0.021513,2.997,-0.001659,0.000000,0.000000,-0.003,0.003,-0.032117,0.060043,0.000000,-0.064233,0.000000,0.157191,1,53.54
3.850000,0.014,0.001393,0.021433,2.997,-0.001393,0.000000,0.000000,-0.016,0.003,-0.032117,0.060043,0.000000,-0.064233,0.000000,0.157191,1,53.54
3.852000,0.000,0.000031,0.021024,2.997,-0.000031,0.000000,0.000000,-0.025,0.000,-0.032117,0.060043,0.000000,-0.064233,0.000000,0.157191,1,53.54
3.854000,0.015,0.001543,0.021478,2.997,-0.001543,0.000000,0.000000,0.002,0.003,-0.032117,0.060043,0.000000,-0.064233,0.000000,0.157191,1,53.54
3.856000,0.029,0.002869,0.021876,2.997,-0.002869,0.000000,-0.000000,-0.017,0.006,-0.032117,0.060043,0.000000,-0.064233,0.000000,0.157191,1,53.54
3.858000,-0.003,-0.000282,0.020930,2.997,0.000282,0.000000,0.000000,-0.014,0.001,-0.032117,0.060043,0.000000,-0.064233,0.000000,0.157191,1,53.54
3.860000,0.017,0.001733,0.021535,2.997,-0.001733,0.000000,0.000000,-0.000,0.003,-0.032117,0.060043,0.000000,-0.064233,0.000000,0.157191,1,53.54
3.862000,0.019,0.001947,0.021599,2.997,-0.001947,0.000000,-0.000000,-0.015,0.004,-0.032117,0.060043,0.000000,-0.064233,0.000000,0.157191,1,53.54
3.864000,0.013,0.001254,0.021391,2.997,-0.001254,0.000000,0.000000,-0.029,0.003,-0.032117,0.060043,0.000000,-0.064233,0.000000,0.157191,1,53.54
3.866000,0.004,0.000366,0.021125,2.997,-0.000366,0.000000,0.000000,0.003,0.001,-0.032117,0.060043,0.000000,-0.064233,0.000000,0.157191,1,53.54
3.868000,0.023,0.002315,0.021709,2.997,-0.002315,0.000000,-0.000000,-0.017,0.005,-0.032117,0.060043,0.000000,-0.064233,0.000000,0.157191,1,53.54
3.870000,0.001,0.000146,0.021059,2.997,-0.000146,0.000000,0.000000,-0.019,0.000,-0.032117,0.060043,0.000000,-0.064233,0.000000,0.157191,1,53.54
3.872000,0.009,0.000857,0.021272,2.997,-0.000857,0.000000,0.000000,-0.013,0.002,-0.032117,0.060043,0.000000,-0.064233,0.000000,0.157191,1,53.54
3.874000,0.007,0.000723,0.021232,2.997,-0.000723,0.000000,0.000000,-0.004,0.001,-0.032117,0.060043,0.000000,-0.064233,0.000000,0.157191,1,53.54
3.876000,0.030,0.003025,0.021922,2.997,-0.003025,0.000000,-0.000000,-0.023,0.006,-0.032117,0.060043,0.000000,-0.064233,0.000000,0.157191,1,53.54
3.878000,0.012,0.001247,0.021389,2.997,-0.001247,0.000000,0.000000,-0.001,0.002,-0.032117,0.060043,0.000000,-0.064233,0.000000,0.157191,1,53.54
3.880000,0.002,0.000233,0.021085,2.997,-0.000233,0.000000,-0.000000,-0.009,0.000,-0.032117,0.060043,0.000000,-0.064233,0.000000,0.157191,1,53.54
3.882000,0.017,0.001679,0.021519,2.997,-0.001679,0.000000,-0.000000,-0.007,0.003,-0.032117,0.060043,0.000000,-0.064233,0.000000,0.157191,1,53.54
3.884000,-0.004,-0.000401,0.020895,2.997,0.000401,0.000000,0.000000,-0.030,0.001,-0.032117,0.060043,0.000000,-0.064233,0.000000,0.157191,1,53.54
3.886000,0.010,0.000971,0.021306,2.997,-0.000971,0.000000,0.000000,-0.012,0.002,-0.032117,0.060043,0.000000,-0.064233,0.000000,0.157191,1,53.54
3.888000,0.011,0.001114,0.021349,2.997,-0.001114,0.000000,-0.000000,-0.002,0.002,-0.032117,0.060043,0.000000,-0.064233,0.000000,0.157191,1,53.54
3.890000,0.021,0.002127,0.019605,2.997,-0.002127,0.000000,-0.000000,-0.017,0.004,-0.028986,0.054191,0.000000,-0.057973,0.000000,0.141871,1,53.25
3.892000,0.012,0.001237,0.019338,2.997,-0.001237,0.000000,0.000000,0.004,0.002,-0.028986,0.054191,0.000000,-0.057973,0.000000,0.141871,1,53.25
3.894000,-0.010,-0.000979,0.018673,2.997,0.000979,0.000000,0.000000,-0.010,0.002,-0.028986,0.054191,0.000000,-0.057973,0.000000,0.141871,1,53.25
3.896000,-0.001,-0.000068,0.018946,2.997,0.000068,0.000000,0.000000,-0.011,0.000,-0.028986,0.054191,0.000000,-0.057973,0.000000,0.141871,1,53.25
3.898000,0.012,0.001245,0.019340,2.997,-0.001245,0.000000,0.000000,-0.021,0.002,-0.028986,0.054191,0.000000,-0.057973,0.000000,0.141871,1,53.25
3.900000,0.017,0.001667,0.019467,2.997,-0.001667,0.000000,-0.000000,0.000,0.003,-0.028986,0.054191,0.000000,-0.057973,0.000000,0.141871,1,53.25
3.902000,0.020,0.002040,0.019579,2.997,-0.002040,0.000000,-0.000000,0.000,0.004,-0.028986,0.054191,0.000000,-0.057973,0.000000,0.141871,1,53.25
3.904000,-0.013,-0.001327,0.018569,2.997,0.001327,0.000000,0.000000,0.000,0.003,-0.028986,0.054191,0.000000,-0.057973,0.000000,0.141871,1,53.25
3.906000,0.008,0.000831,0.019216,2.997,-0.000831,0.000000,0.000000,0.000,0.002,-0.028986,0.054191,0.000000,-0.057973,0.000000,0.141871,1,53.25
3.908000,-0.001,-0.000072,0.018945,2.997,0.000072,0.000000,0.000000,-0.017,0.000,-0.028986,0.054191,0.000000,-0.057973,0.000000,0.141871,1,53.25
3.910000,0.037,0.003734,0.020087,2.997,-0.003734,0.000000,-0.000000,-0.020,0.007,-0.028986,0.054191,0.000000,-0.057973,0.000000,0.141871,1,53.25
3.912000,0.017,0.001718,0.019482,2.997,-0.001718,0.000000,-0.000000,0.013,0.003,-0.028986,0.054191,0.000000,-0.057973,0.000000,0.141871,1,53.25
3.914000,0.014,0.001434,0.019397,2.997,-0.001434,0.000000,-0.000000,-0.008,0.003,-0.028986,0.054191,0.000000,-0.057973,0.000000,0.141871,1,53.25
3.916000,0.020,0.002033,0.019577,2.997,-0.002033,0.000000,-0.000000,0.001,0.004,-0.028986,0.054191,0.000000,-0.057973,0.000000,0.141871,1,53.25
3.918000,0.018,0.001783,0.019502,2.997,-0.001783,0.000000,-0.000000,-0.037,0.004,-0.028986,0.054191,0.000000,-0.057973,0.000000,0.141871,1,53.25
3.920000,0.011,0.001134,0.019307,2.997,-0.001134,0.000000,0.000000,-0.017,0.002,-0.028986,0.054191,0.000000,-0.057973,0.000000,0.141871,1,53.25
3.922000,0.003,0.000252,0.019042,2.997,-0.000252,0.000000,0.000000,-0.014,0.001,-0.028986,0.054191,0.000000,-0.057973,0.000000,0.141871,1,53.25
3.924000,0.017,0.001674,0.019469,2.997,-0.001674,0.000000,-0.000000,-0.020,0.003,-0.028986,0.054191,0.000000,-0.057973,0.000000,0.141871,1,53.25
3.926000,0.014,0.001390,0.019384,2.997,-0.001390,0.000000,-0.000000,-0.018,0.003,-0.028986,0.054191,0.000000,-0.057973,0.000000,0.141871,1,53.25
3.928000,-0.002,-0.000176,0.018914,2.997,0.000176,0.000000,0.000000,-0.011,0.000,-0.028986,0.054191,0.000000,-0.057973,0.000000,0.141871,1,53.25
3.930000,0.003,0.000250,0.019042,2.997,-0.000250,0.000000,-0.000000,-0.003,0.001,-0.028986,0.054191,0.000000,-0.057973,0.000000,0.141871,1,53.25
3.932000,0.026,0.002597,0.019746,2.997,-0.002597,0.000000,-0.000000,-0.017,0.005,-0.028986,0.054191,0.000000,-0.057973,0.000000,0.141871,1,53.25
3.934000,0.008,0.000776,0.019199,2.997,-0.000776,0.000000,0.000000,-0.014,0.002,-0.028986,0.054191,0.000000,-0.057973,0.000000,0.141871,1,53.25
3.936000,0.006,0.000629,0.019155,2.997,-0.000629,0.000000,-0.000000,0.002,0.001,-0.028986,0.054191,0.000000,-0.057973,0.000000,0.141871,1,53.25
3.938000,0.023,0.002337,0.019668,2.997,-0.002337,0.000000,-0.000000,-0.003,0.005,-0.028986,0.054191,0.000000,-0.057973,0.000000,0.141871,1,53.25
3.940000,0.023,0.002265,0.018988,2.997,-0.002265,0.000000,-0.000000,-0.026,0.005,-0.027980,0.052309,0.000000,-0.055960,0.000000,0.136944,1,53.05
3.942000,0.015,0.001530,0.018767,2.997,-0.001530,0.000000,0.000000,-0.008,0.003,-0.027980,0.052309,0.000000,-0.055960,0.000000,0.136944,1,53.05
3.944000,-0.003,-0.000316,0.018213,2.997,0.000316,0.000000,0.000000,-0.006,0.001,-0.027980,0.052309,0.000000,-0.055960,0.000000,0.136944,1,53.05
3.946000,0.016,0.001567,0.018778,2.997,-0.001567,0.000000,-0.000000,-0.023,0.003,-0.027980,0.052309,0.000000,-0.055960,0.000000,0.136944,1,53.05
3.948000,0.003,0.000324,0.018405,2.997,-0.000324,0.000000,0.000000,-0.023,0.001,-0.027980,0.052309,0.000000,-0.055960,0.000000,0.136944,1,53.05
3.950000,0.012,0.001188,0.018665,2.997,-0.001188,0.000000,-0.000000,-0.015,0.002,-0.027980,0.052309,0.000000,-0.055960,0.000000,0.136944,1,53.05
3.952000,0.002,0.000153,0.018354,2.997,-0.000153,0.000000,-0.000000,0.003,0.000,-0.027980,0.052309,0.000000,-0.055960,0.000000,0.136944,1,53.05
3.954000,0.027,0.002741,0.019131,2.997,-0.002741,0.000000,-0.000000,-0.016,0.005,-0.027980,0.052309,0.000000,-0.055960,0.000000,0.136944,1,53.05
3.956000,0.007,0.000736,0.018529,2.997,-0.000736,0.000000,0.000000,-0.003,0.001,-0.027980,0.052309,0.000000,-0.055960,0.000000,0.136944,1,53.05
3.958000,0.018,0.001783,0.018843,2.997,-0.001783,0.000000,-0.000000,-0.012,0.004,-0.027980,0.052309,0.000000,-0.055960,0.000000,0.136944,1,53.05
3.960000,0.032,0.003234,0.019278,2.997,-0.003234,0.000000,-0.000000,-0.002,0.006,-0.027980,0.052309,0.000000,-0.055960,0.000000,0.136944,1,53.05
3.962000,0.026,0.002646,0.019102,2.997,-0.002646,0.000000,-0.000000,-0.027,0.005,-0.027980,0.052309,0.000000,-0.055960,0.000000,0.136944,1,53.05
3.964000,0.001,0.000060,0.018326,2.997,-0.000060,0.000000,0.000000,-0.007,0.000,-0.027980,0.052309,0.000000,-0.055960,0.000000,0.136944,1,53.05
3.966000,0.024,0.002421,0.019035,2.997,-0.002421,0.000000,-0.000000,-0.018,0.005,-0.027980,0.052309,0.000000,-0.055960,0.000000,0.136944,1,53.05
3.968000,0.009,0.000916,0.018583,2.997,-0.000916,0.000000,0.000000,-0.032,0.002,-0.027980,0.052309,0.000000,-0.055960,0.000000,0.136944,1,53.05
3.970000,0.009,0.000881,0.018572,2.997,-0.000881,0.000000,0.000000,-0.026,0.002,-0.027980,0.052309,0.000000,-0.055960,0.000000,0.136944,1,53.05
3.972000,0.002,0.000166,0.018358,2.997,-0.000166,0.000000,0.000000,-0.001,0.000,-0.027980,0.052309,0.000000,-0.055960,0.000000,0.136944,1,53.05
3.974000,0.007,0.000675,0.018511,2.997,-0.000675,0.000000,-0.000000,-0.024,0.001,-0.027980,0.052309,0.000000,-0.055960,0.000000,0.136944,1,53.05
3.976000,0.012,0.001176,0.018661,2.997,-0.001176,0.000000,0.000000,-0.009,0.002,-0.027980,0.052309,0.000000,-0.055960,0.000000,0.136944,1,53.05
3.978000,-0.001,-0.000122,0.018271,2.997,0.000122,0.000000,0.000000,-0.009,0.000,-0.027980,0.052309,0.000000,-0.055960,0.000000,0.136944,1,53.05
3.980000,0.005,0.000496,0.018457,2.997,-0.000496,0.000000,0.000000,-0.002,0.001,-0.027980,0.052309,0.000000,-0.055960,0.000000,0.136944,1,53.05
3.982000,-0.014,-0.001401,0.017888,2.997,0.001401,0.000000,0.000000,-0.007,0.003,-0.027980,0.052309,0.000000,-0.055960,0.000000,0.136944,1,53.05
3.984000,0.005,0.000459,0.018446,2.997,-0.000459,0.000000,0.000000,-0.012,0.001,-0.027980,0.052309,0.000000,-0.055960,0.000000,0.136944,1,53.05
3.986000,0.011,0.001119,0.018644,2.997,-0.001119,0.000000,0.000000,0.001,0.002,-0.027980,0.052309,0.000000,-0.055960,0.000000,0.136944,1,53.05
3.988000,0.002,0.000229,0.018377,2.997,-0.000229,0.000000,0.000000,-0.005,0.000,-0.027980,0.052309,0.000000,-0.055960,0.000000,0.136944,1,53.05
3.990000,0.023,0.002300,0.018998,2.997,-0.002300,0.000000,-0.000000,0.014,0.005,-0.027980,0.052309,0.000000,-0.055960,0.000000,0.136944,1,53.05
3.992000,0.003,0.000331,0.016562,2.997,-0.000331,0.000000,-0.000000,-0.005,0.001,-0.025159,0.047035,0.000000,-0.050318,0.000000,0.123138,1,52.66
3.994000,0.007,0.000690,0.016669,2.997,-0.000690,0.000000,-0.000000,-0.011,0.001,-0.025159,0.047035,0.000000,-0.050318,0.000000,0.123138,1,52.66
3.996000,0.020,0.002026,0.017070,2.997,-0.002026,0.000000,-0.000000,-0.002,0.004,-0.025159,0.047035,0.000000,-0.050318,0.000000,0.123138,1,52.66
3.998000,0.014,0.001356,0.016869,2.997,-0.001356,0.000000,-0.000000,-0.023,0.003,-0.025159,0.047035,0.000000,-0.050318,0.000000,0.123138,1,52.66
4.000000,0.026,0.002581,0.017237,2.997,-0.002581,0.000000,-0.000000,0.000,0.005,-0.025159,0.047035,0.000000,-0.050318,0.000000,0.123138,1,52.66
4.002000,0.024,0.002399,0.017182,2.997,-0.002399,0.000000,0.000000,0.000,0.005,-0.025159,0.047035,0.000000,-0.050318,0.000000,0.123138,1,52.66
4.004000,0.010,0.001017,0.016767,2.997,-0.001017,0.000000,0.000000,0.000,0.002,-0.025159,0.047035,0.000000,-0.050318,0.000000,0.123138,1,52.66
4.006000,0.008,0.000770,0.016693,2.997,-0.000770,0.000000,0.000000,0.000,0.002,-0.025159,0.047035,0.000000,-0.050318,0.000000,0.123138,1,52.66
4.008000,0.001,0.000104,0.016493,2.997,-0.000104,0.000000,0.000000,-0.026,0.000,-0.025159,0.047035,0.000000,-0.050318,0.000000,0.123138,1,52.66
4.010000,0.011,0.001136,0.016803,2.997,-0.001136,0.000000,0.000000,-0.024,0.002,-0.025159,0.047035,0.000000,-0.050318,0.000000,0.123138,1,52.66
4.012000,-0.000,-0.000019,0.016457,2.997,0.000019,0.000000,0.000000,-0.010,0.000,-0.025159,0.047035,0.000000,-0.050318,0.000000,0.123138,1,52.66
4.014000,0.013,0.001267,0.016842,2.997,-0.001267,0.000000,-0.000000,-0.008,0.003,-0.025159,0.047035,0.000000,-0.050318,0.000000,0.123138,1,52.66
4.016000,0.005,0.000457,0.016600,2.997,-0.000457,0.000000,-0.000000,-0.001,0.001,-0.025159,0.047035,0.000000,-0.050318,0.000000,0.123138,1,52.66
4.018000,-0.002,-0.000170,0.016411,2.997,0.000170,0.000000,-0.000000,-0.011,0.000,-0.025159,0.047035,0.000000,-0.050318,0.000000,0.123138,1,52.66
4.020000,-0.003,-0.000273,0.016380,2.997,0.000273,0.000000,0.000000,0.000,0.001,-0.025159,0.047035,0.000000,-0.050318,0.000000,0.123138,1,52.66
4.022000,0.004,0.000369,0.016573,2.997,-0.000369,0.000000,-0.000000,-0.013,0.001,-0.025159,0.047035,0.000000,-0.050318,0.000000,0.123138,1,52.66
4.024000,0.030,0.003002,0.017363,2.997,-0.003002,0.000000,-0.000000,-0.005,0.006,-0.025159,0.047035,0.000000,-0.050318,0.000000,0.123138,1,52.66
4.026000,0.003,0.000297,0.016551,2.997,-0.000297,0.000000,0.000000,0.002,0.001,-0.025159,0.047035,0.000000,-0.050318,0.000000,0.123138,1,52.66
4.028000,0.020,0.002033,0.017072,2.997,-0.002033,0.000000,-0.000000,0.003,0.004,-0.025159,0.047035,0.000000,-0.050318,0.000000,0.123138,1,52.66
4.030000,0.017,0.001748,0.016987,2.997,-0.001748,0.000000,-0.000000,-0.004,0.003,-0.025159,0.047035,0.000000,-0.050318,0.000000,0.123138,1,52.66
4.032000,0.009,0.000889,0.016729,2.997,-0.000889,0.000000,0.000000,-0.030,0.002,-0.025159,0.047035,0.000000,-0.050318,0.000000,0.123138,1,52.66
4.034000,0.011,0.001105,0.016794,2.997,-0.001105,0.000000,0.000000,-0.003,0.002,-0.025159,0.047035,0.000000,-0.050318,0.000000,0.123138,1,52.66
4.036000,0.005,0.000523,0.016619,2.997,-0.000523,0.000000,-0.000000,-0.020,0.001,-0.025159,0.047035,0.000000,-0.050318,0.000000,0.123138,1,52.66
4.038000,0.002,0.000172,0.016514,2.997,-0.000172,0.000000,0.000000,-0.017,0.000,-0.025159,0.047035,0.000000,-0.050318,0.000000,0.123138,1,52.66
4.040000,0.015,0.001515,0.016917,2.997,-0.001515,0.000000,0.000000,-0.009,0.003,-0.025159,0.047035,0.000000,-0.050318,0.000000,0.123138,1,52.66
4.042000,0.005,0.000519,0.016618,2.997,-0.000519,0.000000,0.000000,-0.011,0.001,-0.025159,0.047035,0.000000,-0.050318,0.000000,0.123138,1,52.66
4.044000,0.004,0.000436,0.013553,2.997,-0.000436,0.000000,0.000000,-0.005,0.001,-0.020513,0.038350,0.000000,-0.041026,0.000000,0.100400,1,52.37
4.046000,0.011,0.001128,0.013761,2.997,-0.001128,0.000000,0.000000,-0.002,0.002,-0.020513,0.038350,0.000000,-0.041026,0.000000,0.100400,1,52.37
4.048000,0.012,0.001175,0.013775,2.997,-0.001175,0.000000,0.000000,-0.015,0.002,-0.020513,0.038350,0.000000,-0.041026,0.000000,0.100400,1,52.37
4.050000,-0.003,-0.000322,0.013326,2.997,0.000322,0.000000,0.000000,-0.005,0.001,-0.020513,0.038350,0.000000,-0.041026,0.000000,0.100400,1,52.37
4.052000,0.004,0.000415,0.013547,2.997,-0.000415,0.000000,0.000000,-0.004,0.001,-0.020513,0.038350,0.000000,-0.041026,0.000000,0.100400,1,52.37
4.054000,0.008,0.000844,0.013676,2.997,-0.000844,0.000000,0.000000,-0.011,0.002,-0.020513,0.038350,0.000000,-0.041026,0.000000,0.100400,1,52.37
4.056000,-0.001,-0.000093,0.013395,2.997,0.000093,0.000000,0.000000,-0.012,0.000,-0.020513,0.038350,0.000000,-0.041026,0.000000,0.100400,1,52.37
4.058000,0.006,0.000626,0.013610,2.997,-0.000626,0.000000,-0.000000,0.003,0.001,-0.020513,0.038350,0.000000,-0.041026,0.000000,0.100400,1,52.37
4.060000,0.022,0.002180,0.014077,2.997,-0.002180,0.000000,-0.000000,-0.004,0.004,-0.020513,0.038350,0.000000,-0.041026,0.000000,0.100400,1,52.37
4.062000,0.004,0.000406,0.013544,2.997,-0.000406,0.000000,0.000000,-0.008,0.001,-0.020513,0.038350,0.000000,-0.041026,0.000000,0.100400,1,52.37
4.064000,0.009,0.000855,0.013679,2.997,-0.000855,0.000000,0.000000,0.001,0.002,-0.020513,0.038350,0.000000,-0.041026,0.000000,0.100400,1,52.37
4.066000,0.012,0.001197,0.013782,2.997,-0.001197,0.000000,0.000000,-0.006,0.002,-0.020513,0.038350,0.000000,-0.041026,0.000000,0.100400,1,52.37
4.068000,0.003,0.000281,0.013507,2.997,-0.000281,0.000000,0.000000,-0.022,0.001,-0.020513,0.038350,0.000000,-0.041026,0.000000,0.100400,1,52.37
4.070000,0.011,0.001076,0.013745,2.997,-0.001076,0.000000,0.000000,-0.004,0.002,-0.020513,0.038350,0.000000,-0.041026,0.000000,0.100400,1,52.37
4.072000,0.019,0.001895,0.013991,2.997,-0.001895,0.000000,-0.000000,-0.009,0.004,-0.020513,0.038350,0.000000,-0.041026,0.000000,0.100400,1,52.37
4.074000,0.019,0.001903,0.013993,2.997,-0.001903,0.000000,-0.000000,-0.012,0.004,-0.020513,0.038350,0.000000,-0.041026,0.000000,0.100400,1,52.37
4.076000,0.004,0.000378,0.013536,2.997,-0.000378,0.000000,0.000000,-0.003,0.001,-0.020513,0.038350,0.000000,-0.041026,0.000000,0.100400,1,52.37
4.078000,0.024,0.002399,0.014142,2.997,-0.002399,0.000000,-0.000000,-0.011,0.005,-0.020513,0.038350,0.000000,-0.041026,0.000000,0.100400,1,52.37
4.080000,-0.007,-0.000664,0.013223,2.997,0.000664,0.000000,0.000000,-0.019,0.001,-0.020513,0.038350,0.000000,-0.041026,0.000000,0.100400,1,52.37
4.082000,-0.017,-0.001682,0.012918,2.997,0.001682,0.000000,0.000000,-0.019,0.003,-0.020513,0.038350,0.000000,-0.041026,0.000000,0.100400,1,52.37
4.084000,0.009,0.000851,0.013678,2.997,-0.000851,0.000000,-0.000000,-0.004,0.002,-0.020513,0.038350,0.000000,-0.041026,0.000000,0.100400,1,52.37
4.086000,0.006,0.000606,0.013604,2.997,-0.000606,0.000000,-0.000000,-0.024,0.001,-0.020513,0.038350,0.000000,-0.041026,0.000000,0.100400,1,52.37
4.088000,0.007,0.000675,0.013625,2.997,-0.000675,0.000000,-0.000000,0.007,0.001,-0.020513,0.038350,0.000000,-0.041026,0.000000,0.100400,1,52.37
4.090000,0.014,0.001350,0.013828,2.997,-0.001350,0.000000,-0.000000,0.017,0.003,-0.020513,0.038350,0.000000,-0.041026,0.000000,0.100400,1,52.37
4.092000,0.001,0.000100,0.013452,2.997,-0.000100,0.000000,-0.000000,-0.009,0.000,-0.020513,0.038350,0.000000,-0.041026,0.000000,0.100400,1,52.37
4.094000,0.009,0.000859,0.011178,2.997,-0.000859,0.000000,0.000000,-0.006,0.002,-0.016689,0.031201,0.000000,-0.033379,0.000000,0.081685,1,51.98
4.096000,0.011,0.001073,0.011242,2.997,-0.001073,0.000000,0.000000,-0.007,0.002,-0.016689,0.031201,0.000000,-0.033379,0.000000,0.081685,1,51.98
4.098000,0.014,0.001375,0.011333,2.997,-0.001375,0.000000,0.000000,-0.014,0.003,-0.016689,0.031201,0.000000,-0.033379,0.000000,0.081685,1,51.98
4.100000,0.017,0.001688,0.011427,2.997,-0.001688,0.000000,-0.000000,0.000,0.003,-0.016689,0.031201,0.000000,-0.033379,0.000000,0.081685,1,51.98
4.102000,0.014,0.001412,0.011344,2.997,-0.001412,0.000000,0.000000,0.000,0.003,-0.016689,0.031201,0.000000,-0.033379,0.000000,0.081685,1,51.98
4.104000,0.019,0.001873,0.011482,2.997,-0.001873,0.000000,-0.000000,0.000,0.004,-0.016689,0.031201,0.000000,-0.033379,0.000000,0.081685,1,51.98
4.106000,0.008,0.000808,0.011163,2.997,-0.000808,0.000000,0.000000,0.000,0.002,-0.016689,0.031201,0.000000,-0.033379,0.000000,0.081685,1,51.98
4.108000,0.013,0.001326,0.011318,2.997,-0.001326,0.000000,0.000000,-0.017,0.003,-0.016689,0.031201,0.000000,-0.033379,0.000000,0.081685,1,51.98
4.110000,0.009,0.000942,0.011203,2.997,-0.000942,0.000000,0.000000,-0.014,0.002,-0.016689,0.031201,0.000000,-0.033379,0.000000,0.081685,1,51.98
4.112000,0.024,0.002369,0.011631,2.997,-0.002369,0.000000,0.000000,-0.019,0.005,-0.016689,0.031201,0.000000,-0.033379,0.000000,0.081685,1,51.98
4.114000,0.022,0.002170,0.011571,2.997,-0.002170,0.000000,0.000000,-0.008,0.004,-0.016689,0.031201,0.000000,-0.033379,0.000000,0.081685,1,51.98
4.116000,0.029,0.002898,0.011790,2.997,-0.002898,0.000000,-0.000000,-0.013,0.006,-0.016689,0.031201,0.000000,-0.033379,0.000000,0.081685,1,51.98
4.118000,-0.004,-0.000405,0.010799,2.997,0.000405,0.000000,0.000000,-0.009,0.001,-0.016689,0.031201,0.000000,-0.033379,0.000000,0.081685,1,51.98
4.120000,0.001,0.000054,0.010937,2.997,-0.000054,0.000000,0.000000,-0.024,0.000,-0.016689,0.031201,0.000000,-0.033379,0.000000,0.081685,1,51.98
4.122000,0.017,0.001681,0.011425,2.997,-0.001681,0.000000,0.000000,-0.022,0.003,-0.016689,0.031201,0.000000,-0.033379,0.000000,0.081685,1,51.98
4.124000,0.019,0.001886,0.011486,2.997,-0.001886,0.000000,0.000000,-0.029,0.004,-0.016689,0.031201,0.000000,-0.033379,0.000000,0.081685,1,51.98
4.126000,0.019,0.001891,0.011488,2.997,-0.001891,0.000000,0.000000,0.004,0.004,-0.016689,0.031201,0.000000,-0.033379,0.000000,0.081685,1,51.98
4.128000,0.020,0.001966,0.011510,2.997,-0.001966,0.000000,-0.000000,-0.001,0.004,-0.016689,0.031201,0.000000,-0.033379,0.000000,0.081685,1,51.98
4.130000,0.008,0.000782,0.011155,2.997,-0.000782,0.000000,-0.000000,-0.017,0.002,-0.016689,0.031201,0.000000,-0.033379,0.000000,0.081685,1,51.98
4.132000,0.002,0.000152,0.010966,2.997,-0.000152,0.000000,0.000000,-0.019,0.000,-0.016689,0.031201,0.000000,-0.033379,0.000000,0.081685,1,51.98
4.134000,0.012,0.001213,0.011284,2.997,-0.001213,0.000000,0.000000,-0.019,0.002,-0.016689,0.031201,0.000000,-0.033379,0.000000,0.081685,1,51.98
4.136000,0.015,0.001506,0.011372,2.997,-0.001506,0.000000,0.000000,-0.020,0.003,-0.016689,0.031201,0.000000,-0.033379,0.000000,0.081685,1,51.98
4.138000,0.016,0.001596,0.011399,2.997,-0.001596,0.000000,0.000000,-0.008,0.003,-0.016689,0.031201,0.000000,-0.033379,0.000000,0.081685,1,51.98
4.140000,-0.005,-0.000482,0.010776,2.997,0.000482,0.000000,0.000000,-0.002,0.001,-0.016689,0.031201,0.000000,-0.033379,0.000000,0.081685,1,51.98
4.142000,0.011,0.001119,0.011256,2.997,-0.001119,0.000000,-0.000000,-0.012,0.002,-0.016689,0.031201,0.000000,-0.033379,0.000000,0.081685,1,51.98
4.144000,0.004,0.000379,0.011034,2.997,-0.000379,0.000000,0.000000,-0.015,0.001,-0.016689,0.031201,0.000000,-0.033379,0.000000,0.081685,1,51.98
4.146000,0.026,0.002623,0.011164,2.997,-0.002623,0.000000,0.000000,-0.016,0.005,-0.015860,0.029650,0.000000,-0.031719,0.000000,0.077623,1,52.07
4.148000,0.012,0.001188,0.010734,2.997,-0.001188,0.000000,0.000000,0.005,0.002,-0.015860,0.029650,0.000000,-0.031719,0.000000,0.077623,1,52.07
4.150000,0.004,0.000423,0.010504,2.997,-0.000423,0.000000,-0.000000,-0.011,0.001,-0.015860,0.029650,0.000000,-0.031719,0.000000,0.077623,1,52.07
4.152000,0.023,0.002271,0.011059,2.997,-0.002271,0.000000,0.000000,-0.004,0.005,-0.015860,0.029650,0.000000,-0.031719,0.000000,0.077623,1,52.07
4.154000,-0.006,-0.000607,0.010195,2.997,0.000607,0.000000,0.000000,-0.026,0.001,-0.015860,0.029650,0.000000,-0.031719,0.000000,0.077623,1,52.07
4.156000,0.018,0.001841,0.010930,2.997,-0.001841,0.000000,0.000000,-0.012,0.004,-0.015860,0.029650,0.000000,-0.031719,0.000000,0.077623,1,52.07
4.158000,0.012,0.001232,0.010747,2.997,-0.001232,0.000000,0.000000,-0.004,0.002,-0.015860,0.029650,0.000000,-0.031719,0.000000,0.077623,1,52.07
4.160000,0.009,0.000940,0.010660,2.997,-0.000940,0.000000,0.000000,-0.023,0.002,-0.015860,0.029650,0.000000,-0.031719,0.000000,0.077623,1,52.07
4.162000,0.010,0.000999,0.010677,2.997,-0.000999,0.000000,0.000000,0.006,0.002,-0.015860,0.029650,0.000000,-0.031719,0.000000,0.077623,1,52.07
4.164000,0.006,0.000555,0.010544,2.997,-0.000555,0.000000,-0.000000,-0.018,0.001,-0.015860,0.029650,0.000000,-0.031719,0.000000,0.077623,1,52.07
4.166000,0.021,0.002063,0.010996,2.997,-0.002063,0.000000,-0.000000,-0.012,0.004,-0.015860,0.029650,0.000000,-0.031719,0.000000,0.077623,1,52.07
4.168000,0.015,0.001508,0.010830,2.997,-0.001508,0.000000,-0.000000,-0.009,0.003,-0.015860,0.029650,0.000000,-0.031719,0.000000,0.077623,1,52.07
4.170000,0.017,0.001686,0.010883,2.997,-0.001686,0.000000,-0.000000,-0.010,0.003,-0.015860,0.029650,0.000000,-0.031719,0.000000,0.077623,1,52.07
4.172000,0.010,0.001047,0.010691,2.997,-0.001047,0.000000,-0.000000,-0.006,0.002,-0.015860,0.029650,0.000000,-0.031719,0.000000,0.077623,1,52.07
4.174000,0.004,0.000424,0.010505,2.997,-0.000424,0.000000,-0.000000,-0.021,0.001,-0.015860,0.029650,0.000000,-0.031719,0.000000,0.077623,1,52.07
4.176000,0.005,0.000514,0.010532,2.997,-0.000514,0.000000,0.000000,-0.015,0.001,-0.015860,0.029650,0.000000,-0.031719,0.000000,0.077623,1,52.07
4.178000,0.009,0.000856,0.010634,2.997,-0.000856,0.000000,0.000000,-0.017,0.002,-0.015860,0.029650,0.000000,-0.031719,0.000000,0.077623,1,52.07
4.180000,0.028,0.002769,0.011208,2.997,-0.002769,0.000000,-0.000000,-0.010,0.006,-0.015860,0.029650,0.000000,-0.031719,0.000000,0.077623,1,52.07
4.182000,-0.004,-0.000434,0.010247,2.997,0.000434,0.000000,0.000000,-0.004,0.001,-0.015860,0.029650,0.000000,-0.031719,0.000000,0.077623,1,52.07
4.184000,0.004,0.000383,0.010492,2.997,-0.000383,0.000000,0.000000,-0.005,0.001,-0.015860,0.029650,0.000000,-0.031719,0.000000,0.077623,1,52.07
4.186000,0.013,0.001332,0.010777,2.997,-0.001332,0.000000,-0.000000,-0.009,0.003,-0.015860,0.029650,0.000000,-0.031719,0.000000,0.077623,1,52.07
4.188000,0.013,0.001304,0.010768,2.997,-0.001304,0.000000,-0.000000,-0.028,0.003,-0.015860,0.029650,0.000000,-0.031719,0.000000,0.077623,1,52.07
4.190000,0.004,0.000379,0.010491,2.997,-0.000379,0.000000,0.000000,0.004,0.001,-0.015860,0.029650,0.000000,-0.031719,0.000000,0.077623,1,52.07
4.192000,0.006,0.000614,0.010562,2.997,-0.000614,0.000000,-0.000000,-0.004,0.001,-0.015860,0.029650,0.000000,-0.031719,0.000000,0.077623,1,52.07
4.194000,-0.004,-0.000362,0.010269,2.997,0.000362,0.000000,0.000000,-0.013,0.001,-0.015860,0.029650,0.000000,-0.031719,0.000000,0.077623,1,52.07
4.196000,0.005,0.000451,0.010513,2.997,-0.000451,0.000000,0.000000,-0.013,0.001,-0.015860,0.029650,0.000000,-0.031719,0.000000,0.077623,1,52.07
4.198000,0.005,0.000487,0.010923,2.997,-0.000487,0.000000,0.000000,-0.004,0.001,-0.016471,0.030792,0.000000,-0.032941,0.000000,0.080615,1,52.13
4.200000,0.016,0.001634,0.011268,2.997,-0.001634,0.000000,-0.000000,0.000,0.003,-0.016471,0.030792,0.000000,-0.032941,0.000000,0.080615,1,52.13
4.202000,-0.000,-0.000021,0.010771,2.997,0.000021,0.000000,0.000000,0.000,0.000,-0.016471,0.030792,0.000000,-0.032941,0.000000,0.080615,1,52.13
4.204000,0.019,0.001885,0.011343,2.997,-0.001885,0.000000,-0.000000,0.000,0.004,-0.016471,0.030792,0.000000,-0.032941,0.000000,0.080615,1,52.13
4.206000,0.026,0.002581,0.011552,2.997,-0.002581,0.000000,-0.000000,0.000,0.005,-0.016471,0.030792,0.000000,-0.032941,0.000000,0.080615,1,52.13
4.208000,0.022,0.002196,0.011436,2.997,-0.002196,0.000000,-0.000000,-0.016,0.004,-0.016471,0.030792,0.000000,-0.032941,0.000000,0.080615,1,52.13
4.210000,0.026,0.002564,0.011547,2.997,-0.002564,0.000000,-0.000000,0.000,0.005,-0.016471,0.030792,0.000000,-0.032941,0.000000,0.080615,1,52.13
4.212000,0.025,0.002522,0.011534,2.997,-0.002522,0.000000,-0.000000,-0.019,0.005,-0.016471,0.030792,0.000000,-0.032941,0.000000,0.080615,1,52.13
4.214000,0.012,0.001217,0.011142,2.997,-0.001217,0.000000,0.000000,-0.026,0.002,-0.016471,0.030792,0.000000,-0.032941,0.000000,0.080615,1,52.13
4.216000,0.033,0.003350,0.011782,2.997,-0.003350,0.000000,0.000000,-0.022,0.007,-0.016471,0.030792,0.000000,-0.032941,0.000000,0.080615,1,52.13
4.218000,0.006,0.000647,0.010972,2.997,-0.000647,0.000000,0.000000,-0.026,0.001,-0.016471,0.030792,0.000000,-0.032941,0.000000,0.080615,1,52.13
4.220000,0.025,0.002451,0.011513,2.997,-0.002451,0.000000,0.000000,-0.025,0.005,-0.016471,0.030792,0.000000,-0.032941,0.000000,0.080615,1,52.13
4.222000,0.011,0.001081,0.011102,2.997,-0.001081,0.000000,0.000000,-0.012,0.002,-0.016471,0.030792,0.000000,-0.032941,0.000000,0.080615,1,52.13
4.224000,0.004,0.000445,0.010911,2.997,-0.000445,0.000000,0.000000,-0.033,0.001,-0.016471,0.030792,0.000000,-0.032941,0.000000,0.080615,1,52.13
4.226000,0.001,0.000066,0.010797,2.997,-0.000066,0.000000,0.000000,-0.006,0.000,-0.016471,0.030792,0.000000,-0.032941,0.000000,0.080615,1,52.13
4.228000,0.003,0.000253,0.010853,2.997,-0.000253,0.000000,-0.000000,-0.025,0.001,-0.016471,0.030792,0.000000,-0.032941,0.000000,0.080615,1,52.13
4.230000,0.022,0.002248,0.011452,2.997,-0.002248,0.000000,-0.000000,-0.011,0.004,-0.016471,0.030792,0.000000,-0.032941,0.000000,0.080615,1,52.13
4.232000,0.028,0.002800,0.011617,2.997,-0.002800,0.000000,-0.000000,-0.004,0.006,-0.016471,0.030792,0.000000,-0.032941,0.000000,0.080615,1,52.13
4.234000,0.021,0.002080,0.011401,2.997,-0.002080,0.000000,-0.000000,-0.001,0.004,-0.016471,0.030792,0.000000,-0.032941,0.000000,0.080615,1,52.13
4.236000,0.019,0.001853,0.011333,2.997,-0.001853,0.000000,-0.000000,-0.003,0.004,-0.016471,0.030792,0.000000,-0.032941,0.000000,0.080615,1,52.13
4.238000,0.023,0.002308,0.011470,2.997,-0.002308,0.000000,-0.000000,-0.022,0.005,-0.016471,0.030792,0.000000,-0.032941,0.000000,0.080615,1,52.13
4.240000,0.020,0.002009,0.011380,2.997,-0.002009,0.000000,0.000000,-0.028,0.004,-0.016471,0.030792,0.000000,-0.032941,0.000000,0.080615,1,52.13
4.242000,0.018,0.001795,0.011316,2.997,-0.001795,0.000000,0.000000,-0.021,0.004,-0.016471,0.030792,0.000000,-0.032941,0.000000,0.080615,1,52.13
4.244000,-0.000,-0.000015,0.010773,2.997,0.000015,0.000000,0.000000,-0.019,0.000,-0.016471,0.030792,0.000000,-0.032941,0.000000,0.080615,1,52.13
4.246000,0.005,0.000519,0.010933,2.997,-0.000519,0.000000,-0.000000,-0.023,0.001,-0.016471,0.030792,0.000000,-0.032941,0.000000,0.080615,1,52.13
4.248000,0.007,0.000701,0.011055,2.997,-0.000701,0.000000,-0.000000,-0.020,0.001,-0.016573,0.030984,0.000000,-0.033146,0.000000,0.081115,1,52.73
4.250000,0.024,0.002353,0.011550,2.997,-0.002353,0.000000,-0.000000,-0.018,0.005,-0.016573,0.030984,0.000000,-0.033146,0.000000,0.081115,1,52.73
4.252000,0.021,0.002136,0.011485,2.997,-0.002136,0.000000,-0.000000,0.000,0.004,-0.016573,0.030984,0.000000,-0.033146,0.000000,0.081115,1,52.73
4.254000,0.003,0.000278,0.010928,2.997,-0.000278,0.000000,0.000000,-0.005,0.001,-0.016573,0.030984,0.000000,-0.033146,0.000000,0.081115,1,52.73
4.256000,0.012,0.001209,0.011207,2.997,-0.001209,0.000000,0.000000,-0.007,0.002,-0.016573,0.030984,0.000000,-0.033146,0.000000,0.081115,1,52.73
4.258000,0.014,0.001418,0.011270,2.997,-0.001418,0.000000,0.000000,-0.024,0.003,-0.016573,0.030984,0.000000,-0.033146,0.000000,0.081115,1,52.73
4.260000,0.017,0.001742,0.011367,2.997,-0.001742,0.000000,0.000000,-0.021,0.003,-0.016573,0.030984,0.000000,-0.033146,0.000000,0.081115,1,52.73
4.262000,0.003,0.000310,0.010937,2.997,-0.000310,0.000000,0.000000,-0.003,0.001,-0.016573,0.030984,0.000000,-0.033146,0.000000,0.081115,1,52.73
4.264000,0.013,0.001281,0.011228,2.997,-0.001281,0.000000,0.000000,-0.012,0.003,-0.016573,0.030984,0.000000,-0.033146,0.000000,0.081115,1,52.73
4.266000,0.005,0.000476,0.010987,2.997,-0.000476,0.000000,0.000000,-0.014,0.001,-0.016573,0.030984,0.000000,-0.033146,0.000000,0.081115,1,52.73
4.268000,0.025,0.002514,0.011598,2.997,-0.002514,0.000000,-0.000000,-0.017,0.005,-0.016573,0.030984,0.000000,-0.033146,0.000000,0.081115,1,52.73
4.270000,0.007,0.000711,0.011057,2.997,-0.000711,0.000000,0.000000,-0.003,0.001,-0.016573,0.030984,0.000000,-0.033146,0.000000,0.081115,1,52.73
4.272000,0.005,0.000467,0.010984,2.997,-0.000467,0.000000,0.000000,-0.013,0.001,-0.016573,0.030984,0.000000,-0.033146,0.000000,0.081115,1,52.73
4.274000,0.014,0.001400,0.011264,2.997,-0.001400,0.000000,0.000000,-0.005,0.003,-0.016573,0.030984,0.000000,-0.033146,0.000000,0.081115,1,52.73
4.276000,0.020,0.002001,0.011445,2.997,-0.002001,0.000000,-0.000000,-0.025,0.004,-0.016573,0.030984,0.000000,-0.033146,0.000000,0.081115,1,52.73
4.278000,0.004,0.000377,0.010958,2.997,-0.000377,0.000000,0.000000,-0.007,0.001,-0.016573,0.030984,0.000000,-0.033146,0.000000,0.081115,1,52.73
4.280000,0.006,0.000633,0.011034,2.997,-0.000633,0.000000,0.000000,-0.005,0.001,-0.016573,0.030984,0.000000,-0.033146,0.000000,0.081115,1,52.73
4.282000,0.030,0.003011,0.011747,2.997,-0.003011,0.000000,-0.000000,-0.014,0.006,-0.016573,0.030984,0.000000,-0.033146,0.000000,0.081115,1,52.73
4.284000,-0.001,-0.000141,0.010802,2.997,0.000141,0.000000,0.000000,-0.020,0.000,-0.016573,0.030984,0.000000,-0.033146,0.000000,0.081115,1,52.73
4.286000,-0.002,-0.000202,0.010784,2.997,0.000202,0.000000,0.000000,-0.004,0.000,-0.016573,0.030984,0.000000,-0.033146,0.000000,0.081115,1,52.73
4.288000,0.006,0.000555,0.011011,2.997,-0.000555,0.000000,0.000000,-0.006,0.001,-0.016573,0.030984,0.000000,-0.033146,0.000000,0.081115,1,52.73
4.290000,0.006,0.000587,0.011020,2.997,-0.000587,0.000000,0.000000,-0.030,0.001,-0.016573,0.030984,0.000000,-0.033146,0.000000,0.081115,1,52.73
4.292000,-0.006,-0.000635,0.010654,2.997,0.000635,0.000000,0.000000,0.001,0.001,-0.016573,0.030984,0.000000,-0.033146,0.000000,0.081115,1,52.73
4.294000,0.007,0.000749,0.011069,2.997,-0.000749,0.000000,-0.000000,0.002,0.001,-0.016573,0.030984,0.000000,-0.033146,0.000000,0.081115,1,52.73
4.296000,0.011,0.001074,0.011166,2.997,-0.001074,0.000000,-0.000000,-0.006,0.002,-0.016573,0.030984,0.000000,-0.033146,0.000000,0.081115,1,52.73
4.298000,0.011,0.001132,0.011184,2.997,-0.001132,0.000000,-0.000000,-0.006,0.002,-0.016573,0.030984,0.000000,-0.033146,0.000000,0.081115,1,52.73
4.300000,0.018,0.001779,0.029500,2.997,-0.001779,0.000000,-0.000000,0.000,0.004,-0.044269,0.082761,0.000000,-0.088537,0.000000,0.216669,1,52.31
4.302000,0.003,0.000252,0.029042,2.997,-0.000252,0.000000,0.000000,0.000,0.001,-0.044269,0.082761,0.000000,-0.088537,0.000000,0.216669,1,52.31
4.304000,0.005,0.000454,0.029103,2.997,-0.000454,0.000000,0.000000,0.000,0.001,-0.044269,0.082761,0.000000,-0.088537,0.000000,0.216669,1,52.31
4.306000,-0.000,-0.000033,0.028957,2.997,0.000033,0.000000,0.000000,0.000,0.000,-0.044269,0.082761,0.000000,-0.088537,0.000000,0.216669,1,52.31
4.308000,0.008,0.000780,0.029200,2.997,-0.000780,0.000000,0.000000,-0.018,0.002,-0.044269,0.082761,0.000000,-0.088537,0.000000,0.216669,1,52.31
4.310000,0.004,0.000358,0.029074,2.997,-0.000358,0.000000,0.000000,-0.003,0.001,-0.044269,0.082761,0.000000,-0.088537,0.000000,0.216669,1,52.31
4.312000,0.019,0.001870,0.029527,2.997,-0.001870,0.000000,-0.000000,-0.005,0.004,-0.044269,0.082761,0.000000,-0.088537,0.000000,0.216669,1,52.31
4.314000,0.009,0.000901,0.029237,2.997,-0.000901,0.000000,0.000000,0.000,0.002,-0.044269,0.082761,0.000000,-0.088537,0.000000,0.216669,1,52.31
4.316000,-0.005,-0.000473,0.028825,2.997,0.000473,0.000000,0.000000,-0.008,0.001,-0.044269,0.082761,0.000000,-0.088537,0.000000,0.216669,1,52.31
4.318000,0.017,0.001742,0.029489,2.997,-0.001742,0.000000,-0.000000,-0.004,0.003,-0.044269,0.082761,0.000000,-0.088537,0.000000,0.216669,1,52.31
4.320000,0.007,0.000694,0.029175,2.997,-0.000694,0.000000,-0.000000,-0.019,0.001,-0.044269,0.082761,0.000000,-0.088537,0.000000,0.216669,1,52.31
4.322000,0.019,0.001909,0.029539,2.997,-0.001909,0.000000,-0.000000,-0.009,0.004,-0.044269,0.082761,0.000000,-0.088537,0.000000,0.216669,1,52.31
4.324000,0.005,0.000527,0.029125,2.997,-0.000527,0.000000,-0.000000,0.005,0.001,-0.044269,0.082761,0.000000,-0.088537,0.000000,0.216669,1,52.31
4.326000,0.025,0.002482,0.029711,2.997,-0.002482,0.000000,-0.000000,-0.017,0.005,-0.044269,0.082761,0.000000,-0.088537,0.000000,0.216669,1,52.31
4.328000,0.004,0.000392,0.029084,2.997,-0.000392,0.000000,-0.000000,-0.007,0.001,-0.044269,0.082761,0.000000,-0.088537,0.000000,0.216669,1,52.31
4.330000,0.014,0.001401,0.029387,2.997,-0.001401,0.000000,-0.000000,-0.019,0.003,-0.044269,0.082761,0.000000,-0.088537,0.000000,0.216669,1,52.31
4.332000,0.006,0.000576,0.029139,2.997,-0.000576,0.000000,-0.000000,-0.005,0.001,-0.044269,0.082761,0.000000,-0.088537,0.000000,0.216669,1,52.31
4.334000,0.022,0.002247,0.029641,2.997,-0.002247,0.000000,-0.000000,-0.025,0.004,-0.044269,0.082761,0.000000,-0.088537,0.000000,0.216669,1,52.31
4.336000,-0.003,-0.000313,0.028873,2.997,0.000313,0.000000,-0.000000,-0.004,0.001,-0.044269,0.082761,0.000000,-0.088537,0.000000,0.216669,1,52.31
4.338000,0.031,0.003075,0.029889,2.997,-0.003075,0.000000,-0.000000,-0.014,0.006,-0.044269,0.082761,0.000000,-0.088537,0.000000,0.216669,1,52.31
4.340000,0.012,0.001227,0.029334,2.997,-0.001227,0.000000,-0.000000,-0.006,0.002,-0.044269,0.082761,0.000000,-0.088537,0.000000,0.216669,1,52.31
4.342000,0.005,0.000511,0.029120,2.997,-0.000511,0.000000,-0.000000,-0.022,0.001,-0.044269,0.082761,0.000000,-0.088537,0.000000,0.216669,1,52.31
4.344000,-0.001,-0.000050,0.028951,2.997,0.000050,0.000000,0.000000,0.003,0.000,-0.044269,0.082761,0.000000,-0.088537,0.000000,0.216669,1,52.31
4.346000,0.019,0.001887,0.029533,2.997,-0.001887,0.000000,-0.000000,-0.031,0.004,-0.044269,0.082761,0.000000,-0.088537,0.000000,0.216669,1,52.31
4.348000,0.016,0.001601,0.029447,2.997,-0.001601,0.000000,0.000000,-0.012,0.003,-0.044269,0.082761,0.000000,-0.088537,0.000000,0.216669,1,52.31
4.350000,0.025,0.002490,0.029713,2.997,-0.002490,0.000000,-0.000000,-0.005,0.005,-0.044269,0.082761,0.000000,-0.088537,0.000000,0.216669,1,52.31
4.352000,0.010,0.000992,0.029264,2.997,-0.000992,0.000000,-0.000000,0.001,0.002,-0.044269,0.082761,0.000000,-0.088537,0.000000,0.216669,1,52.31
# Log beendet. Einträge: 2176
