timestamp,roll_angle,steering_output,final_steer,target_speed,actual_speed_kmh,actual_handlebar_angle,p_term,i_term,d_term,error,stability_factor,pos_x,pos_y,pos_z,yaw,pitch,roll_world,vision_error,vision_steer_command,vision_speed_command,vision_p_term,vision_i_term,vision_d_term,vision_active,vision_mask_coverage
0.002000,0.005,0.009788,0.009788,5.000,0.00,-0.000001,-0.009049,0.000000,-0.000739,0.000,0.020,-17.715,-19.257,0.367,3.141444,-0.004524,-0.000591,0.000000,0.000000,0.000000,0.000000,0.000000,0.000000,1,0.00
0.004000,0.005,0.008539,0.008539,5.000,1.30,0.000195,-0.009031,0.000000,0.000492,0.000,0.017,-17.715,-19.257,0.367,3.141448,-0.004516,-0.000933,0.000000,0.000000,0.000000,0.000000,0.000000,0.000000,1,0.00
0.006000,0.004,-0.005250,-0.005250,5.000,2.66,0.000362,-0.008999,0.000000,0.014249,0.000,0.011,-17.715,-19.257,0.367,3.141443,-0.004499,-0.001390,0.000000,0.000000,0.000000,0.000000,0.000000,0.000000,1,0.00
0.008000,0.004,-0.005783,-0.005783,5.000,3.75,0.000250,-0.008940,0.000000,0.014723,0.000,0.012,-17.715,-19.257,0.367,3.141407,-0.004470,-0.001913,0.000000,0.000000,0.000000,0.000000,0.000000,0.000000,1,0.00
0.010000,0.004,-0.010841,-0.010841,5.000,4.62,0.000130,-0.008867,0.000000,0.019709,-0.005,0.022,-17.715,-19.257,0.366,3.141362,-0.004434,-0.002503,0.000000,0.000000,0.000000,0.000000,0.000000,0.000000,1,0.00
0.012000,0.004,-0.049181,-0.049181,5.000,5.32,-0.000090,-0.008776,0.000000,0.057957,-0.005,0.098,-17.715,-19.257,0.366,3.141303,-0.004389,-0.003158,0.000000,0.000000,0.000000,0.000000,0.000000,0.000000,1,0.00
0.014000,0.004,-0.104100,-0.104100,5.000,5.87,-0.000705,-0.008658,0.000000,0.112758,-0.004,0.208,-17.715,-19.257,0.366,3.141204,-0.004330,-0.003849,0.000000,0.000000,0.000000,0.000000,0.000000,0.000000,1,0.00
0.016000,0.004,-0.092122,-0.092122,5.000,6.32,-0.001707,-0.008521,0.000000,0.100643,-0.004,0.184,-17.715,-19.256,0.365,3.141071,-0.004263,-0.004538,0.000000,0.000000,0.000000,0.000000,0.000000,0.000000,1,0.00
0.018000,0.004,-0.102584,-0.102584,5.000,6.67,-0.003095,-0.008365,0.000000,0.110949,-0.004,0.205,-17.715,-19.256,0.365,3.140903,-0.004186,-0.005227,0.000000,0.000000,0.000000,0.000000,0.000000,0.000000,1,0.00
0.020000,0.004,-0.176241,-0.176241,5.000,6.96,-0.004867,-0.008191,0.000000,0.184432,-0.004,0.352,-17.715,-19.256,0.365,3.140701,-0.004101,-0.005916,0.000000,0.000000,0.000000,0.000000,0.000000,0.000000,1,0.00
0.022000,0.004,-0.239198,-0.239198,5.000,7.19,-0.007022,-0.007998,0.000000,0.247196,-0.004,0.478,-17.715,-19.256,0.364,3.140464,-0.004006,-0.006604,0.000000,0.000000,0.000000,0.000000,0.000000,0.000000,1,0.00
0.024000,0.004,-0.185999,-0.185999,5.000,7.37,-0.009560,-0.007786,0.000000,0.193785,-0.004,0.372,-17.714,-19.256,0.364,3.140192,-0.003903,-0.007292,0.000000,0.000000,0.000000,0.000000,0.000000,0.000000,1,0.00
0.026000,0.004,-0.200716,-0.200716,5.000,7.52,-0.012480,-0.007555,0.000000,0.208271,-0.004,0.401,-17.714,-19.256,0.363,3.139886,-0.003791,-0.007980,0.000000,0.000000,0.000000,0.000000,0.000000,0.000000,1,0.00
0.028000,0.004,-0.283528,-0.283528,5.000,7.63,-0.015779,-0.007305,0.000000,0.290833,-0.004,0.567,-17.714,-19.255,0.362,3.139545,-0.003670,-0.008668,0.000000,0.000000,0.000000,0.000000,0.000000,0.000000,1,0.00
0.030000,0.004,-0.318201,-0.318201,5.000,7.73,-0.019459,-0.007036,0.000000,0.325237,-0.004,0.636,-17.714,-19.255,0.362,3.139170,-0.003541,-0.009355,0.000000,0.000000,0.000000,0.000000,0.000000,0.000000,1,0.00
0.032000,0.003,-0.222142,-0.222142,5.000,7.80,-0.023517,-0.006748,0.000000,0.228890,-0.004,0.444,-17.714,-19.255,0.361,3.138761,-0.003403,-0.010042,0.000000,0.000000,0.000000,0.000000,0.000000,0.000000,1,0.00
0.034000,0.003,-0.237369,-0.237369,5.000,7.86,-0.027489,-0.006462,0.000000,0.243831,-0.004,0.475,-17.714,-19.255,0.360,3.138359,-0.003266,-0.010729,0.000000,0.000000,0.000000,0.000000,0.000000,0.000000,1,0.00
0.036000,0.003,-0.341361,-0.341361,5.000,7.91,-0.031687,-0.006164,0.000000,0.347525,-0.004,0.683,-17.714,-19.255,0.360,3.137937,-0.003124,-0.011416,0.000000,0.000000,0.000000,0.000000,0.000000,0.000000,1,0.00
0.038000,0.003,-0.382159,-0.382159,5.000,7.95,-0.036262,-0.005847,0.000000,0.388006,-0.004,0.764,-17.714,-19.255,0.359,3.137481,-0.002974,-0.012104,0.000000,0.000000,0.000000,0.000000,0.000000,0.000000,1,0.00
0.040000,0.003,-0.274147,-0.274147,5.000,7.98,-0.041213,-0.005511,0.000000,0.279659,-0.003,0.548,-17.714,-19.254,0.358,3.136991,-0.002815,-0.012791,0.000000,0.000000,0.000000,0.000000,0.000000,0.000000,1,0.00
0.042000,0.003,-0.290273,-0.290273,5.000,8.00,-0.045872,-0.005186,0.000000,0.295460,-0.003,0.581,-17.714,-19.254,0.357,3.136527,-0.002662,-0.013479,0.000000,0.000000,0.000000,0.000000,0.000000,0.000000,1,0.00
0.044000,0.002,-0.495064,-0.495064,5.000,7.55,-0.050759,-0.004673,0.000000,0.499737,-0.003,0.990,-17.714,-19.254,0.356,3.136086,-0.002414,-0.014064,0.000000,0.000000,0.000000,0.000000,0.000000,0.000000,1,0.00
0.046000,0.002,-0.500000,-0.500000,5.000,6.20,-0.056026,-0.004149,0.000000,0.608724,-0.003,1.000,-17.713,-19.254,0.356,3.135612,-0.002161,-0.014385,0.000000,0.000000,0.000000,0.000000,0.000000,0.000000,1,0.00
0.048000,0.002,-0.477869,-0.477869,5.000,5.06,-0.061646,-0.003611,0.000000,0.481480,-0.003,0.956,-17.713,-19.253,0.355,3.135116,-0.001899,-0.014416,0.000000,0.000000,0.000000,0.000000,0.000000,0.000000,1,0.00
0.050000,0.002,-0.500000,-0.500000,5.000,4.10,-0.067625,-0.003057,0.000000,0.516947,-0.003,1.000,-17.713,-19.253,0.355,3.134598,-0.001628,-0.014213,0.000000,0.000000,0.000000,0.000000,0.000000,0.000000,1,0.00
0.052000,0.001,-0.494787,-0.494787,5.000,3.30,-0.073966,-0.002483,0.000000,0.497269,-0.002,0.990,-17.713,-19.253,0.354,3.134055,-0.001346,-0.013831,0.000000,0.000000,0.000000,0.000000,0.000000,0.000000,1,0.00
0.054000,0.001,-0.332489,-0.332489,5.000,2.65,-0.080673,-0.001886,0.000000,0.334375,-0.002,0.665,-17.713,-19.253,0.354,3.133486,-0.001051,-0.013318,0.000000,0.000000,0.000000,0.000000,0.000000,0.000000,1,0.00
0.056000,0.001,-0.114573,-0.114573,5.000,2.12,-0.086978,-0.001323,0.000000,0.115897,-0.002,0.229,-17.713,-19.253,0.354,3.132952,-0.000772,-0.012717,0.000000,0.000000,0.000000,0.000000,0.000000,0.000000,1,0.00
0.058000,0.000,-0.136759,-0.136759,5.000,1.70,-0.092888,-0.000795,0.000000,0.137554,-0.002,0.274,-17.713,-19.252,0.354,3.132451,-0.000508,-0.012064,0.000000,0.000000,0.000000,0.000000,0.000000,0.000000,1,0.00
0.060000,0.000,-0.299053,-0.149526,5.000,1.37,-0.098408,-0.000299,0.000000,0.299352,-0.001,0.598,-17.712,-19.252,0.354,3.131983,-0.000259,-0.011388,-0.026618,0.000000,0.000000,-0.053236,0.000000,0.130275,1,49.28
0.062000,-0.000,-0.500000,-0.250000,5.000,1.18,-0.103536,0.000168,0.000000,0.510444,-0.001,1.000,-17.712,-19.252,0.353,3.131548,-0.000023,-0.010706,-0.026618,0.000000,0.000000,-0.053236,0.000000,0.130275,1,49.28
0.064000,-0.000,-0.458060,-0.229030,5.000,1.17,-0.108273,0.000610,0.000000,0.457450,-0.001,0.916,-17.712,-19.251,0.353,3.131147,0.000200,-0.010030,-0.026618,0.000000,0.000000,-0.053236,0.000000,0.130275,1,49.28
0.066000,-0.001,-0.474755,-0.237377,5.000,1.34,-0.112618,0.001030,0.000000,0.473725,-0.000,0.950,-17.712,-19.251,0.353,3.130780,0.000414,-0.009370,-0.026618,0.000000,0.000000,-0.053236,0.000000,0.130275,1,49.28
0.068000,-0.001,-0.500000,-0.250000,5.000,1.71,-0.116572,0.001429,0.000000,0.609325,-0.000,1.000,-17.712,-19.250,0.353,3.130449,0.000617,-0.008732,-0.026618,0.000000,0.000000,-0.053236,0.000000,0.130275,1,49.28
0.070000,-0.001,-0.500000,-0.250000,5.000,2.25,-0.120135,0.001809,0.000000,0.567963,0.000,1.000,-17.712,-19.250,0.353,3.130153,0.000812,-0.008119,-0.026618,0.000000,0.000000,-0.053236,0.000000,0.130275,1,49.28
0.072000,-0.001,-0.363468,-0.181734,5.000,2.93,-0.123306,0.002173,0.000000,0.361295,0.000,0.727,-17.712,-19.249,0.352,3.129893,0.000998,-0.007533,-0.026618,0.000000,0.000000,-0.053236,0.000000,0.130275,1,49.28
0.074000,-0.001,-0.380961,-0.190481,5.000,3.75,-0.126087,0.002520,0.000000,0.378441,0.001,0.762,-17.712,-19.249,0.352,3.129669,0.001177,-0.006973,-0.026618,0.000000,0.000000,-0.053236,0.000000,0.130275,1,49.28
0.076000,-0.001,-0.475249,-0.237624,5.000,4.62,-0.128477,0.002849,0.000000,0.472400,0.001,0.950,-17.712,-19.248,0.352,3.129481,0.001347,-0.006427,-0.026618,0.000000,0.000000,-0.053236,0.000000,0.130275,1,49.28
0.078000,-0.002,-0.457447,-0.228724,5.000,5.31,-0.130661,0.003162,0.000000,0.454285,0.001,0.915,-17.712,-19.248,0.352,3.129310,0.001509,-0.005862,-0.026618,0.000000,0.000000,-0.053236,0.000000,0.130275,1,49.28
0.080000,-0.002,-0.301056,-0.150528,5.000,5.87,-0.132622,0.003458,0.000000,0.297598,0.001,0.602,-17.711,-19.247,0.352,3.129158,0.001664,-0.005281,-0.026618,0.000000,0.000000,-0.053236,0.000000,0.130275,1,49.28
0.082000,-0.002,-0.314677,-0.157338,5.000,6.32,-0.134196,0.003725,0.000000,0.310952,0.001,0.629,-17.711,-19.246,0.351,3.129038,0.001804,-0.004684,-0.026618,0.000000,0.000000,-0.053236,0.000000,0.130275,1,49.28
0.084000,-0.002,-0.378462,-0.189231,5.000,6.67,-0.135384,0.003961,0.000000,0.374501,0.001,0.757,-17.711,-19.246,0.351,3.128950,0.001929,-0.004073,-0.026618,0.000000,0.000000,-0.053236,0.000000,0.130275,1,49.28
0.086000,-0.002,-0.349783,-0.174891,5.000,6.96,-0.136461,0.004189,0.000000,0.345594,0.002,0.700,-17.711,-19.245,0.351,3.128871,0.002051,-0.003448,-0.026618,0.000000,0.000000,-0.053236,0.000000,0.130275,1,49.28
0.088000,-0.002,-0.206844,-0.103422,5.000,7.19,-0.137230,0.004391,0.000000,0.202452,0.002,0.414,-17.711,-19.244,0.351,3.128818,0.002160,-0.002809,-0.026618,0.000000,0.000000,-0.053236,0.000000,0.130275,1,49.28
0.090000,-0.002,-0.215414,-0.107707,5.000,7.37,-0.137614,0.004564,0.000000,0.210850,0.002,0.431,-17.711,-19.244,0.350,3.128797,0.002254,-0.002157,-0.026618,0.000000,0.000000,-0.053236,0.000000,0.130275,1,49.28
0.092000,-0.002,-0.252872,-0.126436,5.000,7.51,-0.137613,0.004705,0.000000,0.248167,0.002,0.506,-17.711,-19.243,0.350,3.128807,0.002334,-0.001491,-0.026618,0.000000,0.000000,-0.053236,0.000000,0.130275,1,49.28
0.094000,-0.002,-0.221252,-0.110626,5.000,7.63,-0.137390,0.004827,0.000000,0.216425,0.002,0.443,-17.711,-19.242,0.350,3.128835,0.002403,-0.000811,-0.026618,0.000000,0.000000,-0.053236,0.000000,0.130275,1,49.28
0.096000,-0.002,-0.130826,-0.065413,5.000,7.73,-0.136855,0.004924,0.000000,0.125902,0.002,0.262,-17.711,-19.242,0.349,3.128889,0.002461,-0.000117,-0.026618,0.000000,0.000000,-0.053236,0.000000,0.130275,1,49.28
0.098000,-0.002,-0.123393,-0.061697,5.000,7.80,-0.136525,0.004856,0.000000,0.118537,0.002,0.247,-17.711,-19.241,0.349,3.129047,0.002431,0.000252,-0.026618,0.000000,0.000000,-0.053236,0.000000,0.130275,1,49.28
0.100000,-0.002,-0.004920,-0.002460,5.000,7.86,-0.136121,0.004731,0.000000,0.000189,0.000,0.010,-17.711,-19.240,0.349,3.129245,0.002370,0.000364,-0.026618,0.000000,0.000000,-0.053236,0.000000,0.130275,1,49.28
0.102000,-0.002,-0.004463,-0.002231,5.000,7.91,-0.135584,0.004552,0.000000,-0.000089,0.000,0.009,-17.711,-19.239,0.349,3.129481,0.002280,0.000301,-0.026618,0.000000,0.000000,-0.053236,0.000000,0.130275,1,49.28
0.104000,-0.002,0.001525,0.000762,5.000,7.95,-0.134877,0.004316,0.000000,-0.005840,0.000,0.003,-17.711,-19.238,0.349,3.129756,0.002160,0.000135,-0.026618,0.000000,0.000000,-0.053236,0.000000,0.130275,1,49.28
0.106000,-0.002,0.092766,0.046383,5.000,7.95,-0.133958,0.004022,0.000000,-0.096787,0.000,0.186,-17.711,-19.237,0.349,3.130074,0.002010,-0.000079,-0.026618,0.000000,0.000000,-0.053236,0.000000,0.130275,1,49.28
0.108000,-0.002,0.258733,0.129366,5.000,7.94,-0.132797,0.003668,0.000000,-0.262401,0.002,0.517,-17.711,-19.236,0.349,3.130436,0.001831,-0.000301,-0.026618,0.000000,0.000000,-0.053236,0.000000,0.130275,1,49.28
0.110000,-0.002,0.451719,0.225859,5.000,7.92,-0.131373,0.003254,0.000000,-0.454972,0.002,0.903,-17.711,-19.235,0.349,3.130845,0.001621,-0.000508,-0.026618,0.000000,0.000000,-0.053236,0.000000,0.130275,1,49.28
0.112000,-0.001,0.476455,0.238227,5.000,7.94,-0.129671,0.002778,0.000000,-0.479233,0.002,0.953,-17.712,-19.234,0.349,3.131304,0.001382,-0.000684,-0.026618,0.000000,0.000000,-0.053236,0.000000,0.130275,1,49.28
0.114000,-0.001,0.489773,0.244887,5.000,7.97,-0.127655,0.002251,0.000000,-0.492024,0.002,0.980,-17.712,-19.232,0.349,3.131805,0.001117,-0.000827,-0.026618,0.000000,0.000000,-0.053236,0.000000,0.130275,1,49.28
0.116000,-0.001,0.500000,0.250000,5.000,8.00,-0.125285,0.001683,0.000000,-0.600972,0.002,1.000,-17.712,-19.231,0.349,3.132340,0.000833,-0.000938,-0.026618,0.000000,0.000000,-0.053236,0.000000,0.130275,1,49.28
0.118000,-0.001,0.500000,0.250000,5.000,8.02,-0.122545,0.001080,0.000000,-0.689292,0.002,1.000,-17.712,-19.230,0.349,3.132906,0.000531,-0.001021,-0.026618,0.000000,0.000000,-0.053236,0.000000,0.130275,1,49.28
0.120000,-0.000,0.500000,0.250000,5.000,8.03,-0.119435,0.000443,0.000000,-0.506773,0.001,1.000,-17.712,-19.229,0.349,3.133501,0.000213,-0.001078,-0.026842,0.000000,0.000000,-0.053684,0.000000,0.131372,1,49.63
0.122000,0.000,0.500000,0.250000,5.000,8.05,-0.115956,-0.000230,0.000000,-0.669047,0.001,1.000,-17.712,-19.227,0.349,3.134126,-0.000123,-0.001112,-0.026842,0.000000,0.000000,-0.053684,0.000000,0.131372,1,49.63
0.124000,0.000,0.500000,0.250000,5.000,8.06,-0.112109,-0.000937,0.000000,-0.921302,0.001,1.000,-17.712,-19.226,0.349,3.134781,-0.000476,-0.001125,-0.026842,0.000000,0.000000,-0.053684,0.000000,0.131372,1,49.63
0.126000,0.001,0.500000,0.250000,5.000,8.07,-0.107895,-0.001681,0.000000,-0.778412,0.001,1.000,-17.712,-19.225,0.349,3.135465,-0.000847,-0.001118,-0.026842,0.000000,0.000000,-0.053684,0.000000,0.131372,1,49.63
0.128000,0.001,0.500000,0.250000,5.000,8.07,-0.103315,-0.002459,0.000000,-0.534047,0.000,1.000,-17.713,-19.223,0.349,3.136179,-0.001236,-0.001094,-0.026842,0.000000,0.000000,-0.053684,0.000000,0.131372,1,49.63
0.130000,0.002,0.500000,0.250000,5.000,8.08,-0.098370,-0.003274,0.000000,-0.573391,-0.000,1.000,-17.713,-19.222,0.349,3.136923,-0.001642,-0.001054,-0.026842,0.000000,0.000000,-0.053684,0.000000,0.131372,1,49.63
0.132000,0.002,0.500000,0.250000,5.000,8.08,-0.093061,-0.004124,0.000000,-0.685859,-0.000,1.000,-17.713,-19.221,0.349,3.137696,-0.002066,-0.000998,-0.026842,0.000000,0.000000,-0.053684,0.000000,0.131372,1,49.63
0.134000,0.003,0.500000,0.250000,5.000,8.09,-0.087389,-0.005010,0.000000,-0.778129,-0.001,1.000,-17.713,-19.219,0.350,3.138498,-0.002508,-0.000929,-0.026842,0.000000,0.000000,-0.053684,0.000000,0.131372,1,49.63
0.136000,0.003,0.500000,0.250000,5.000,8.09,-0.081355,-0.005932,0.000000,-0.732838,-0.001,1.000,-17.713,-19.218,0.350,3.139329,-0.002968,-0.000845,-0.026842,0.000000,0.000000,-0.053684,0.000000,0.131372,1,49.63
0.138000,0.003,0.500000,0.250000,5.000,8.09,-0.074961,-0.006891,0.000000,-0.785480,-0.002,1.000,-17.714,-19.217,0.350,3.140190,-0.003447,-0.000749,-0.026842,0.000000,0.000000,-0.053684,0.000000,0.131372,1,49.63
0.140000,0.004,0.500000,0.250000,5.000,8.09,-0.068462,-0.007865,0.000000,-1.105891,-0.002,1.000,-17.714,-19.215,0.349,3.141059,-0.003933,-0.000639,-0.026842,0.000000,0.000000,-0.053684,0.000000,0.131372,1,49.63
0.142000,0.004,0.500000,0.250000,5.000,8.09,-0.062092,-0.008899,0.000000,-1.227115,-0.003,1.000,-17.714,-19.214,0.349,-3.141225,-0.004450,-0.000546,-0.026842,0.000000,0.000000,-0.053684,0.000000,0.131372,1,49.63
0.144000,0.005,0.500000,0.250000,5.000,8.09,-0.055851,-0.009998,0.000000,-0.877935,-0.003,1.000,-17.714,-19.212,0.349,-3.140283,-0.004998,-0.000478,-0.026842,0.000000,0.000000,-0.053684,0.000000,0.131372,1,49.63
0.146000,0.006,0.500000,0.250000,5.000,8.10,-0.049734,-0.011164,0.000000,-0.945066,-0.003,1.000,-17.715,-19.211,0.349,-3.139301,-0.005581,-0.000435,-0.026842,0.000000,0.000000,-0.053684,0.000000,0.131372,1,49.63
0.148000,0.006,0.500000,0.250000,5.000,8.10,-0.043739,-0.012399,0.000000,-1.334978,-0.004,1.000,-17.715,-19.209,0.349,-3.138276,-0.006198,-0.000416,-0.026842,0.000000,0.000000,-0.053684,0.000000,0.131372,1,49.63
0.150000,0.007,0.500000,0.250000,5.000,8.10,-0.037864,-0.013703,0.000000,-1.479734,-0.004,1.000,-17.715,-19.208,0.349,-3.137208,-0.006850,-0.000419,-0.026842,0.000000,0.000000,-0.053684,0.000000,0.131372,1,49.63
0.152000,0.008,0.500000,0.250000,5.000,8.10,-0.032107,-0.015045,0.000000,-1.074818,-0.005,1.000,-17.716,-19.206,0.349,-3.136122,-0.007520,-0.000441,-0.026842,0.000000,0.000000,-0.053684,0.000000,0.131372,1,49.63
0.154000,0.008,0.500000,0.250000,5.000,8.10,-0.026465,-0.016361,0.000000,-1.063120,-0.006,1.000,-17.716,-19.205,0.349,-3.135061,-0.008178,-0.000481,-0.026842,0.000000,0.000000,-0.053684,0.000000,0.131372,1,49.63
0.156000,0.009,0.500000,0.250000,5.000,8.10,-0.020935,-0.017650,0.000000,-1.454323,-0.006,1.000,-17.716,-19.203,0.349,-3.134029,-0.008821,-0.000533,-0.026842,0.000000,0.000000,-0.053684,0.000000,0.131372,1,49.63
0.158000,0.009,0.500000,0.250000,5.000,8.10,-0.015516,-0.018910,0.000000,-1.518414,-0.007,1.000,-17.716,-19.202,0.349,-3.133028,-0.009450,-0.000594,-0.026842,0.000000,0.000000,-0.053684,0.000000,0.131372,1,49.63
0.160000,0.010,0.500000,0.250000,5.000,8.10,-0.010206,-0.020142,0.000000,-1.067285,-0.008,1.000,-17.717,-19.200,0.349,-3.132055,-0.010065,-0.000660,-0.026784,0.000000,0.000000,-0.053568,0.000000,0.131089,1,49.89
0.162000,0.011,0.500000,0.250000,5.000,8.10,-0.005001,-0.021346,0.000000,-1.449979,-0.008,1.000,-17.717,-19.198,0.349,-3.131110,-0.010666,-0.000729,-0.026784,0.000000,0.000000,-0.053568,0.000000,0.131089,1,49.89
0.164000,0.011,0.500000,0.250000,5.000,8.10,0.000099,-0.022522,0.000000,-1.999473,-0.009,1.000,-17.717,-19.197,0.349,-3.130194,-0.011253,-0.000797,-0.026784,0.000000,0.000000,-0.053568,0.000000,0.131089,1,49.89
0.166000,0.012,0.500000,0.250000,5.000,8.10,0.005097,-0.023670,0.000000,-2.047190,-0.009,1.000,-17.718,-19.195,0.349,-3.129305,-0.011826,-0.000862,-0.026784,0.000000,0.000000,-0.053568,0.000000,0.131089,1,49.89
0.168000,0.012,0.500000,0.250000,5.000,8.10,0.009995,-0.024791,0.000000,-1.585150,-0.010,1.000,-17.718,-19.193,0.349,-3.128443,-0.012385,-0.000923,-0.026784,0.000000,0.000000,-0.053568,0.000000,0.131089,1,49.89
0.170000,0.013,0.500000,0.250000,5.000,8.10,0.014795,-0.025885,0.000000,-1.884376,-0.011,1.000,-17.718,-19.191,0.349,-3.127608,-0.012931,-0.000979,-0.026784,0.000000,0.000000,-0.053568,0.000000,0.131089,1,49.89
0.172000,0.013,0.500000,0.250000,5.000,8.10,0.019500,-0.026952,0.000000,-1.915279,-0.011,1.000,-17.718,-19.190,0.349,-3.126798,-0.013463,-0.001029,-0.026784,0.000000,0.000000,-0.053568,0.000000,0.131089,1,49.89
0.174000,0.014,0.500000,0.250000,5.000,8.10,0.024110,-0.027993,0.000000,-1.882635,-0.012,1.000,-17.719,-19.188,0.349,-3.126014,-0.013982,-0.001072,-0.026784,0.000000,0.000000,-0.053568,0.000000,0.131089,1,49.89
0.176000,0.015,0.500000,0.250000,5.000,8.10,0.028628,-0.029007,0.000000,-1.416258,-0.012,1.000,-17.719,-19.186,0.349,-3.125256,-0.014488,-0.001110,-0.026784,0.000000,0.000000,-0.053568,0.000000,0.131089,1,49.89
0.178000,0.015,0.500000,0.250000,5.000,8.10,0.033055,-0.029994,0.000000,-1.433495,-0.013,1.000,-17.719,-19.184,0.349,-3.124522,-0.014980,-0.001143,-0.026784,0.000000,0.000000,-0.053568,0.000000,0.131089,1,49.89
0.180000,0.015,0.500000,0.250000,5.000,8.10,0.037394,-0.030956,0.000000,-1.128576,-0.013,1.000,-17.719,-19.182,0.349,-3.123812,-0.015460,-0.001171,-0.026784,0.000000,0.000000,-0.053568,0.000000,0.131089,1,49.89
0.182000,0.016,0.500000,0.250000,5.000,8.10,0.041647,-0.031892,0.000000,-1.072350,-0.014,1.000,-17.720,-19.180,0.349,-3.123126,-0.015927,-0.001196,-0.026784,0.000000,0.000000,-0.053568,0.000000,0.131089,1,49.89
0.184000,0.016,0.500000,0.250000,5.000,8.10,0.045814,-0.032802,0.000000,-0.567886,-0.015,1.000,-17.720,-19.178,0.350,-3.122463,-0.016381,-0.001217,-0.026784,0.000000,0.000000,-0.053568,0.000000,0.131089,1,49.89
0.186000,0.017,0.500000,0.250000,5.000,8.10,0.049898,-0.033687,0.000000,-0.574291,-0.015,1.000,-17.720,-19.176,0.350,-3.121824,-0.016823,-0.001236,-0.026784,0.000000,0.000000,-0.053568,0.000000,0.131089,1,49.89
0.188000,0.017,0.500000,0.250000,5.000,8.10,0.053900,-0.034546,0.000000,-0.905857,-0.015,1.000,-17.720,-19.174,0.350,-3.121207,-0.017252,-0.001254,-0.026784,0.000000,0.000000,-0.053568,0.000000,0.131089,1,49.89
0.190000,0.018,0.500000,0.250000,5.000,8.10,0.057822,-0.035379,0.000000,-1.268050,-0.016,1.000,-17.720,-19.172,0.350,-3.120612,-0.017668,-0.001272,-0.026784,0.000000,0.000000,-0.053568,0.000000,0.131089,1,49.89
0.192000,0.018,0.500000,0.250000,5.000,8.10,0.061666,-0.036188,0.000000,-0.904722,-0.016,1.000,-17.721,-19.170,0.350,-3.120039,-0.018071,-0.001289,-0.026784,0.000000,0.000000,-0.053568,0.000000,0.131089,1,49.89
0.194000,0.018,0.500000,0.250000,5.000,8.10,0.065433,-0.036971,0.000000,-0.945412,-0.017,1.000,-17.721,-19.168,0.350,-3.119488,-0.018462,-0.001308,-0.026784,0.000000,0.000000,-0.053568,0.000000,0.131089,1,49.89
0.196000,0.019,0.500000,0.250000,5.000,8.10,0.069124,-0.037730,0.000000,-1.143966,-0.017,1.000,-17.721,-19.166,0.350,-3.118958,-0.018841,-0.001327,-0.026784,0.000000,0.000000,-0.053568,0.000000,0.131089,1,49.89
0.198000,0.019,0.500000,0.250000,5.000,8.10,0.072742,-0.038464,0.000000,-1.026172,-0.018,1.000,-17.721,-19.164,0.350,-3.118449,-0.019207,-0.001347,-0.026784,0.000000,0.000000,-0.053568,0.000000,0.131089,1,49.89
0.200000,0.020,0.040608,0.020304,5.000,8.10,0.076287,-0.039173,0.000000,-0.001435,0.000,0.081,-17.721,-19.162,0.350,-3.117961,-0.019561,-0.001369,-0.026784,0.000000,0.000000,-0.053568,0.000000,0.131089,1,49.89
0.202000,0.020,0.042591,0.021295,5.000,8.10,0.079545,-0.039811,0.000000,-0.002779,0.000,0.085,-17.722,-19.160,0.350,-3.117531,-0.019879,-0.001390,-0.026784,0.000000,0.000000,-0.053568,0.000000,0.131089,1,49.89
0.204000,0.020,0.044092,0.022046,5.000,8.10,0.082521,-0.040379,0.000000,-0.003713,0.000,0.088,-17.722,-19.158,0.350,-3.117160,-0.020162,-0.001410,-0.026784,0.000000,0.000000,-0.053568,0.000000,0.131089,1,49.89
0.206000,0.020,0.093830,0.046915,5.000,8.10,0.085214,-0.040875,0.000000,-0.052956,0.000,0.188,-17.722,-19.156,0.350,-3.116847,-0.020410,-0.001429,-0.026784,0.000000,0.000000,-0.053568,0.000000,0.131089,1,49.89
0.208000,0.021,0.110222,0.055111,5.000,8.10,0.087626,-0.041300,0.000000,-0.068923,-0.020,0.220,-17.722,-19.154,0.350,-3.116592,-0.020622,-0.001446,-0.026784,0.000000,0.000000,-0.053568,0.000000,0.131089,1,49.89
0.210000,0.021,0.217523,0.108762,5.000,8.10,0.089756,-0.041653,0.000000,-0.175870,-0.020,0.435,-17.722,-19.152,0.350,-3.116394,-0.020798,-0.001462,-0.026784,0.000000,0.000000,-0.053568,0.000000,0.131089,1,49.89
0.212000,0.021,0.330001,0.165001,5.000,8.10,0.091605,-0.041936,0.000000,-0.288065,-0.020,0.660,-17.722,-19.149,0.350,-3.116253,-0.020939,-0.001476,-0.026784,0.000000,0.000000,-0.053568,0.000000,0.131089,1,49.89
0.214000,0.021,0.422048,0.211024,5.000,8.10,0.093173,-0.042148,0.000000,-0.379900,-0.020,0.844,-17.723,-19.147,0.350,-3.116168,-0.021045,-0.001488,-0.026784,0.000000,0.000000,-0.053568,0.000000,0.131089,1,49.89
0.216000,0.021,0.386132,0.193066,5.000,8.10,0.095053,-0.042415,0.000000,-0.343717,-0.021,0.772,-17.723,-19.145,0.350,-3.116035,-0.021178,-0.001503,-0.026784,0.000000,0.000000,-0.053568,0.000000,0.131089,1,49.89
0.218000,0.021,0.461656,0.230828,5.000,8.10,0.097013,-0.042693,0.000000,-0.418963,-0.021,0.923,-17.723,-19.143,0.350,-3.115890,-0.021316,-0.001519,-0.026784,0.000000,0.000000,-0.053568,0.000000,0.131089,1,49.89
0.220000,0.022,0.494128,0.247064,5.000,8.10,0.099278,-0.043028,0.000000,-0.451100,-0.021,0.988,-17.723,-19.140,0.350,-3.115694,-0.021483,-0.001539,-0.028235,0.000000,0.000000,-0.056470,0.000000,2.618010,1,49.69
0.222000,0.022,0.411971,0.205985,5.000,8.10,0.101844,-0.043420,0.000000,-0.368551,-0.021,0.824,-17.723,-19.138,0.350,-3.115448,-0.021678,-0.001563,-0.028235,0.000000,0.000000,-0.056470,0.000000,2.618010,1,49.69
0.224000,0.022,0.323307,0.161653,5.000,8.10,0.104120,-0.043744,0.000000,-0.279563,-0.021,0.647,-17.723,-19.136,0.350,-3.115256,-0.021840,-0.001583,-0.028235,0.000000,0.000000,-0.056470,0.000000,2.618010,1,49.69
0.226000,0.022,0.328692,0.164346,5.000,8.10,0.106119,-0.043996,0.000000,-0.284696,-0.021,0.657,-17.723,-19.133,0.350,-3.115121,-0.021965,-0.001601,-0.028235,0.000000,0.000000,-0.056470,0.000000,2.618010,1,49.69
0.228000,0.022,0.319453,0.159727,5.000,8.10,0.107841,-0.044177,0.000000,-0.275277,-0.022,0.639,-17.724,-19.131,0.350,-3.115042,-0.022055,-0.001615,-0.028235,0.000000,0.000000,-0.056470,0.000000,2.618010,1,49.69
0.230000,0.022,0.221731,0.110865,5.000,8.10,0.109286,-0.044286,0.000000,-0.177444,-0.022,0.443,-17.724,-19.129,0.350,-3.115019,-0.022110,-0.001626,-0.028235,0.000000,0.000000,-0.056470,0.000000,2.618010,1,49.69
0.232000,0.022,0.191264,0.095632,5.000,8.10,0.110454,-0.044325,0.000000,-0.146939,-0.022,0.383,-17.724,-19.126,0.350,-3.115052,-0.022129,-0.001633,-0.028235,0.000000,0.000000,-0.056470,0.000000,2.618010,1,49.69
0.234000,0.022,0.185129,0.092564,5.000,8.10,0.111346,-0.044292,0.000000,-0.140837,-0.022,0.370,-17.724,-19.124,0.350,-3.115139,-0.022112,-0.001636,-0.028235,0.000000,0.000000,-0.056470,0.000000,2.618010,1,49.69
0.236000,0.022,0.127412,0.063706,5.000,8.10,0.111961,-0.044190,0.000000,-0.083223,-0.022,0.255,-17.724,-19.121,0.350,-3.115279,-0.022061,-0.001635,-0.028235,0.000000,0.000000,-0.056470,0.000000,2.618010,1,49.69
0.238000,0.022,-0.018982,-0.009491,5.000,8.10,0.112299,-0.044017,0.000000,0.062999,-0.022,0.038,-17.724,-19.119,0.350,-3.115474,-0.021975,-0.001630,-0.028235,0.000000,0.000000,-0.056470,0.000000,2.618010,1,49.69
0.240000,0.022,-0.065002,-0.032501,5.000,8.10,0.112360,-0.043774,0.000000,0.108776,-0.022,0.130,-17.724,-19.116,0.350,-3.115721,-0.021854,-0.001622,-0.028235,0.000000,0.000000,-0.056470,0.000000,2.618010,1,49.69
0.242000,0.022,-0.086753,-0.043376,5.000,8.10,0.112145,-0.043462,0.000000,0.130215,-0.022,0.174,-17.724,-19.114,0.350,-3.116019,-0.021699,-0.001610,-0.028235,0.000000,0.000000,-0.056470,0.000000,2.618010,1,49.69
0.244000,0.022,-0.234284,-0.117142,5.000,8.10,0.111652,-0.043081,0.000000,0.277365,-0.022,0.469,-17.724,-19.111,0.350,-3.116369,-0.021509,-0.001594,-0.028235,0.000000,0.000000,-0.056470,0.000000,2.618010,1,49.69
0.246000,0.021,-0.367760,-0.183880,5.000,8.10,0.110883,-0.042631,0.000000,0.410391,-0.022,0.736,-17.724,-19.109,0.350,-3.116771,-0.021285,-0.001576,-0.028235,0.000000,0.000000,-0.056470,0.000000,2.618010,1,49.69
0.248000,0.021,-0.310832,-0.155416,5.000,8.10,0.109836,-0.042113,0.000000,0.352945,-0.022,0.622,-17.724,-19.106,0.350,-3.117221,-0.021026,-0.001554,-0.028235,0.000000,0.000000,-0.056470,0.000000,2.618010,1,49.69
0.250000,0.021,-0.343382,-0.171691,5.000,8.10,0.108512,-0.041527,0.000000,0.384908,-0.022,0.687,-17.724,-19.103,0.350,-3.117722,-0.020734,-0.001530,-0.028235,0.000000,0.000000,-0.056470,0.000000,2.618010,1,49.69
0.252000,0.020,-0.500000,-0.250000,5.000,8.10,0.106911,-0.040873,0.000000,0.586654,-0.022,1.000,-17.724,-19.101,0.350,-3.118271,-0.020408,-0.001504,-0.028235,0.000000,0.000000,-0.056470,0.000000,2.618010,1,49.69
0.254000,0.020,-0.500000,-0.250000,5.000,8.10,0.105031,-0.040152,0.000000,0.712591,-0.021,1.000,-17.724,-19.098,0.350,-3.118868,-0.020049,-0.001476,-0.028235,0.000000,0.000000,-0.056470,0.000000,2.618010,1,49.69
0.256000,0.020,-0.500000,-0.250000,5.000,8.10,0.102874,-0.039364,0.000000,0.541668,-0.021,1.000,-17.724,-19.096,0.350,-3.119512,-0.019656,-0.001445,-0.028235,0.000000,0.000000,-0.056470,0.000000,2.618010,1,49.69
0.258000,0.019,-0.500000,-0.250000,5.000,8.10,0.100438,-0.038510,0.000000,0.791335,-0.021,1.000,-17.724,-19.093,0.350,-3.120204,-0.019230,-0.001413,-0.028235,0.000000,0.000000,-0.056470,0.000000,2.618010,1,49.69
0.260000,0.019,-0.500000,-0.250000,5.000,8.10,0.097724,-0.037590,0.000000,1.162536,-0.020,1.000,-17.724,-19.090,0.350,-3.120941,-0.018772,-0.001379,-0.029119,0.000000,0.000000,-0.058237,0.000000,0.142525,1,49.82
0.262000,0.018,-0.500000,-0.250000,5.000,8.10,0.094731,-0.036606,0.000000,1.428875,-0.020,1.000,-17.724,-19.088,0.350,-3.121724,-0.018281,-0.001344,-0.029119,0.000000,0.000000,-0.058237,0.000000,0.142525,1,49.82
0.264000,0.018,-0.500000,-0.250000,5.000,8.10,0.091458,-0.035556,0.000000,1.207581,-0.020,1.000,-17.723,-19.085,0.350,-3.122551,-0.017757,-0.001308,-0.029119,0.000000,0.000000,-0.058237,0.000000,0.142525,1,49.82
0.266000,0.017,-0.500000,-0.250000,5.000,8.10,0.087906,-0.034443,0.000000,1.528332,-0.019,1.000,-17.723,-19.082,0.350,-3.123423,-0.017202,-0.001270,-0.029119,0.000000,0.000000,-0.058237,0.000000,0.142525,1,49.82
0.268000,0.017,-0.500000,-0.250000,5.000,8.10,0.084073,-0.033266,0.000000,1.745818,-0.019,1.000,-17.723,-19.079,0.350,-3.124337,-0.016615,-0.001231,-0.029119,0.000000,0.000000,-0.058237,0.000000,0.142525,1,49.82
0.270000,0.016,-0.500000,-0.250000,5.000,8.10,0.079959,-0.032027,0.000000,1.938879,-0.018,1.000,-17.723,-19.077,0.350,-3.125294,-0.015997,-0.001191,-0.029119,0.000000,0.000000,-0.058237,0.000000,0.142525,1,49.82
0.272000,0.015,-0.500000,-0.250000,5.000,8.10,0.075564,-0.030725,0.000000,1.517424,-0.018,1.000,-17.723,-19.074,0.350,-3.126294,-0.015347,-0.001150,-0.029119,0.000000,0.000000,-0.058237,0.000000,0.142525,1,49.82
0.274000,0.015,-0.500000,-0.250000,5.000,8.10,0.070888,-0.029362,0.000000,1.562019,-0.017,1.000,-17.723,-19.071,0.350,-3.127334,-0.014667,-0.001108,-0.029119,0.000000,0.000000,-0.058237,0.000000,0.142525,1,49.82
0.276000,0.014,-0.500000,-0.250000,5.000,8.10,0.065928,-0.027938,0.000000,1.911963,-0.017,1.000,-17.722,-19.068,0.350,-3.128415,-0.013957,-0.001065,-0.029119,0.000000,0.000000,-0.058237,0.000000,0.142525,1,49.82
0.278000,0.013,-0.500000,-0.250000,5.000,8.10,0.060686,-0.026454,0.000000,2.158530,-0.016,1.000,-17.722,-19.065,0.349,-3.129535,-0.013216,-0.001022,-0.029119,0.000000,0.000000,-0.058237,0.000000,0.142525,1,49.82
0.280000,0.012,-0.500000,-0.250000,5.000,8.10,0.055160,-0.024911,0.000000,1.578361,-0.015,1.000,-17.722,-19.062,0.349,-3.130695,-0.012446,-0.000979,-0.029119,0.000000,0.000000,-0.058237,0.000000,0.142525,1,49.82
0.282000,0.012,-0.500000,-0.250000,5.000,8.10,0.049350,-0.023309,0.000000,1.627405,-0.015,1.000,-17.722,-19.059,0.349,-3.131892,-0.011646,-0.000935,-0.029119,0.000000,0.000000,-0.058237,0.000000,0.142525,1,49.82
0.284000,0.011,-0.500000,-0.250000,5.000,8.10,0.043364,-0.021672,0.000000,2.230611,-0.014,1.000,-17.722,-19.057,0.349,-3.133109,-0.010829,-0.000892,-0.029119,0.000000,0.000000,-0.058237,0.000000,0.142525,1,49.82
0.286000,0.010,-0.500000,-0.250000,5.000,8.10,0.037496,-0.020066,0.000000,2.248542,-0.013,1.000,-17.721,-19.054,0.349,-3.134291,-0.010027,-0.000851,-0.029119,0.000000,0.000000,-0.058237,0.000000,0.142525,1,49.82
0.288000,0.009,-0.500000,-0.250000,5.000,8.10,0.031746,-0.018493,0.000000,1.547478,-0.012,1.000,-17.721,-19.051,0.349,-3.135436,-0.009242,-0.000813,-0.029119,0.000000,0.000000,-0.058237,0.000000,0.142525,1,49.82
0.290000,0.008,-0.500000,-0.250000,5.000,8.10,0.026111,-0.016953,0.000000,1.622449,-0.012,1.000,-17.721,-19.048,0.349,-3.136545,-0.008473,-0.000777,-0.029119,0.000000,0.000000,-0.058237,0.000000,0.142525,1,49.82
0.292000,0.008,-0.500000,-0.250000,5.000,8.10,0.020588,-0.015446,0.000000,2.049312,-0.011,1.000,-17.721,-19.045,0.349,-3.137619,-0.007720,-0.000743,-0.029119,0.000000,0.000000,-0.058237,0.000000,0.142525,1,49.82
0.294000,0.007,-0.500000,-0.250000,5.000,8.10,0.015177,-0.013972,0.000000,1.997548,-0.010,1.000,-17.720,-19.042,0.349,-3.138658,-0.006984,-0.000711,-0.029119,0.000000,0.000000,-0.058237,0.000000,0.142525,1,49.82
0.296000,0.006,-0.500000,-0.250000,5.000,8.10,0.009873,-0.012529,0.000000,1.327445,-0.009,1.000,-17.720,-19.039,0.349,-3.139663,-0.006263,-0.000681,-0.029119,0.000000,0.000000,-0.058237,0.000000,0.142525,1,49.82
0.298000,0.006,-0.500000,-0.250000,5.000,8.10,0.004675,-0.011118,0.000000,1.394526,-0.008,1.000,-17.720,-19.035,0.349,-3.140635,-0.005558,-0.000653,-0.029119,0.000000,0.000000,-0.058237,0.000000,0.142525,1,49.82
0.300000,0.005,0.010065,0.005033,5.000,8.10,-0.000419,-0.009738,0.000000,-0.000327,0.000,0.020,-17.720,-19.032,0.349,-3.141575,-0.004869,-0.000627,-0.029119,0.000000,0.000000,-0.058237,0.000000,0.142525,1,49.82
0.302000,0.004,-0.500000,-0.250000,5.000,8.10,-0.005206,-0.008434,0.000000,0.521232,0.000,1.000,-17.720,-19.029,0.349,3.140738,-0.004218,-0.000614,-0.029119,0.000000,0.000000,-0.058237,0.000000,0.142525,1,49.82
0.304000,0.004,-0.500000,-0.250000,5.000,8.10,-0.010102,-0.007119,0.000000,0.537007,0.000,1.000,-17.720,-19.026,0.349,3.139863,-0.003560,-0.000610,-0.029119,0.000000,0.000000,-0.058237,0.000000,0.142525,1,49.82
0.306000,0.003,-0.500000,-0.250000,5.000,8.10,-0.014900,-0.005832,0.000000,0.589459,0.000,1.000,-17.719,-19.023,0.349,3.139017,-0.002918,-0.000613,-0.029119,0.000000,0.000000,-0.058237,0.000000,0.142525,1,49.82
0.308000,0.002,-0.500000,-0.250000,5.000,8.10,-0.019602,-0.004576,0.000000,0.591985,-0.005,1.000,-17.719,-19.020,0.349,3.138200,-0.002290,-0.000622,-0.029119,0.000000,0.000000,-0.058237,0.000000,0.142525,1,49.82
0.310000,0.002,-0.500000,-0.250000,5.000,8.10,-0.024210,-0.003347,0.000000,0.961432,-0.004,1.000,-17.719,-19.016,0.349,3.137411,-0.001676,-0.000633,-0.029119,0.000000,0.000000,-0.058237,0.000000,0.142525,1,49.82
0.312000,0.001,-0.491563,-0.245782,5.000,8.10,-0.028726,-0.002148,0.000000,0.493712,-0.004,0.983,-17.719,-19.013,0.349,3.136650,-0.001077,-0.000644,-0.029119,0.000000,0.000000,-0.058237,0.000000,0.142525,1,49.82
0.314000,0.000,-0.500000,-0.250000,5.000,8.10,-0.033068,-0.000998,0.000000,0.800906,-0.003,1.000,-17.719,-19.010,0.349,3.135932,-0.000502,-0.000654,-0.029119,0.000000,0.000000,-0.058237,0.000000,0.142525,1,49.82
0.316000,-0.000,-0.500000,-0.250000,5.000,8.10,-0.037406,0.000142,0.000000,1.193618,-0.002,1.000,-17.719,-19.007,0.349,3.135228,0.000067,-0.000662,-0.029119,0.000000,0.000000,-0.058237,0.000000,0.142525,1,49.82
0.318000,-0.001,-0.500000,-0.250000,5.000,8.10,-0.041658,0.001252,0.000000,1.516885,-0.002,1.000,-17.718,-19.003,0.349,3.134549,0.000621,-0.000668,-0.029119,0.000000,0.000000,-0.058237,0.000000,0.142525,1,49.82
0.320000,-0.001,-0.500000,-0.250000,5.000,8.10,-0.045825,0.002334,0.000000,1.195861,-0.001,1.000,-17.718,-19.000,0.349,3.133898,0.001162,-0.000674,-0.026945,0.000000,0.000000,-0.053889,0.000000,0.131853,1,49.90
0.322000,-0.002,-0.500000,-0.250000,5.000,8.10,-0.049909,0.003384,0.000000,1.453483,-0.000,1.000,-17.718,-18.997,0.349,3.133274,0.001686,-0.000678,-0.026945,0.000000,0.000000,-0.053889,0.000000,0.131853,1,49.90
0.324000,-0.002,-0.500000,-0.250000,5.000,8.10,-0.053911,0.004400,0.000000,1.542305,0.000,1.000,-17.718,-18.993,0.349,3.132679,0.002194,-0.000681,-0.026945,0.000000,0.000000,-0.053889,0.000000,0.131853,1,49.90
0.326000,-0.003,-0.500000,-0.250000,5.000,8.10,-0.057833,0.005382,0.000000,1.537958,0.001,1.000,-17.718,-18.990,0.349,3.132114,0.002685,-0.000684,-0.026945,0.000000,0.000000,-0.053889,0.000000,0.131853,1,49.90
0.328000,-0.003,-0.500000,-0.250000,5.000,8.10,-0.061676,0.006334,0.000000,1.256194,0.001,1.000,-17.718,-18.987,0.349,3.131574,0.003160,-0.000686,-0.026945,0.000000,0.000000,-0.053889,0.000000,0.131853,1,49.90
0.330000,-0.004,-0.500000,-0.250000,5.000,8.10,-0.065443,0.007256,0.000000,1.271907,0.002,1.000,-17.718,-18.983,0.349,3.131061,0.003621,-0.000690,-0.026945,0.000000,0.000000,-0.053889,0.000000,0.131853,1,49.90
0.332000,-0.004,-0.500000,-0.250000,5.000,8.10,-0.069134,0.008148,0.000000,1.327948,0.002,1.000,-17.718,-18.980,0.349,3.130572,0.004066,-0.000695,-0.026945,0.000000,0.000000,-0.053889,0.000000,0.131853,1,49.90
0.334000,-0.005,-0.500000,-0.250000,5.000,8.10,-0.072752,0.009010,0.000000,1.281730,0.003,1.000,-17.718,-18.976,0.349,3.130107,0.004497,-0.000701,-0.026945,0.000000,0.000000,-0.053889,0.000000,0.131853,1,49.90
0.336000,-0.005,-0.500000,-0.250000,5.000,8.10,-0.076297,0.009843,0.000000,0.851132,0.003,1.000,-17.717,-18.973,0.349,3.129667,0.004913,-0.000709,-0.026945,0.000000,0.000000,-0.053889,0.000000,0.131853,1,49.90
0.338000,-0.005,-0.500000,-0.250000,5.000,8.10,-0.079771,0.010647,0.000000,0.862474,0.004,1.000,-17.717,-18.969,0.349,3.129251,0.005315,-0.000720,-0.026945,0.000000,0.000000,-0.053889,0.000000,0.131853,1,49.90
0.340000,-0.006,-0.500000,-0.250000,5.000,8.10,-0.083176,0.011421,0.000000,1.132704,0.004,1.000,-17.717,-18.966,0.349,3.128858,0.005702,-0.000732,-0.026945,0.000000,0.000000,-0.053889,0.000000,0.131853,1,49.90
0.342000,-0.006,-0.500000,-0.250000,5.000,8.10,-0.086512,0.012166,0.000000,1.071139,0.005,1.000,-17.717,-18.962,0.349,3.128489,0.006074,-0.000746,-0.026945,0.000000,0.000000,-0.053889,0.000000,0.131853,1,49.90
0.344000,-0.006,-0.500000,-0.250000,5.000,8.10,-0.089782,0.012883,0.000000,0.715186,0.005,1.000,-17.717,-18.958,0.349,3.128142,0.006432,-0.000761,-0.026945,0.000000,0.000000,-0.053889,0.000000,0.131853,1,49.90
0.346000,-0.007,-0.500000,-0.250000,5.000,8.10,-0.092987,0.013571,0.000000,0.745968,0.005,1.000,-17.717,-18.955,0.349,3.127818,0.006775,-0.000778,-0.026945,0.000000,0.000000,-0.053889,0.000000,0.131853,1,49.90
0.348000,-0.007,-0.500000,-0.250000,5.000,8.10,-0.096127,0.014230,0.000000,0.962760,0.006,1.000,-17.717,-18.951,0.349,3.127516,0.007105,-0.000795,-0.026945,0.000000,0.000000,-0.053889,0.000000,0.131853,1,49.90
0.350000,-0.007,-0.500000,-0.250000,5.000,8.10,-0.099205,0.014861,0.000000,0.912044,0.006,1.000,-17.717,-18.948,0.349,3.127235,0.007420,-0.000813,-0.026945,0.000000,0.000000,-0.053889,0.000000,0.131853,1,49.90
0.352000,-0.008,-0.500000,-0.250000,5.000,8.10,-0.102221,0.015464,0.000000,0.613731,0.006,1.000,-17.717,-18.944,0.349,3.126976,0.007721,-0.000832,-0.026945,0.000000,0.000000,-0.053889,0.000000,0.131853,1,49.90
0.354000,-0.008,-0.500000,-0.250000,5.000,8.10,-0.105176,0.016039,0.000000,0.645752,0.007,1.000,-17.717,-18.940,0.349,3.126738,0.008008,-0.000851,-0.026945,0.000000,0.000000,-0.053889,0.000000,0.131853,1,49.90
0.356000,-0.008,-0.500000,-0.250000,5.000,8.10,-0.108073,0.016586,0.000000,0.824369,0.007,1.000,-17.717,-18.937,0.349,3.126520,0.008281,-0.000870,-0.026945,0.000000,0.000000,-0.053889,0.000000,0.131853,1,49.90
0.358000,-0.009,-0.500000,-0.250000,5.000,8.10,-0.110912,0.017105,0.000000,0.743284,0.007,1.000,-17.717,-18.933,0.349,3.126323,0.008540,-0.000888,-0.026945,0.000000,0.000000,-0.053889,0.000000,0.131853,1,49.90
0.360000,-0.009,-0.478327,-0.239164,5.000,8.10,-0.113694,0.017597,0.000000,0.460730,0.008,0.957,-17.717,-18.929,0.349,3.126147,0.008786,-0.000906,-0.026169,0.000000,0.000000,-0.052337,0.000000,-2.617984,1,49.85
0.362000,-0.009,-0.500000,-0.250000,5.000,8.10,-0.116212,0.018016,0.000000,0.574727,0.008,1.000,-17.717,-18.925,0.349,3.126026,0.008995,-0.000922,-0.026169,0.000000,0.000000,-0.052337,0.000000,-2.617984,1,49.85
0.364000,-0.009,-0.500000,-0.250000,5.000,8.10,-0.118887,0.018453,0.000000,0.715697,0.008,1.000,-17.716,-18.921,0.349,3.125889,0.009213,-0.000938,-0.026169,0.000000,0.000000,-0.052337,0.000000,-2.617984,1,49.85
0.366000,-0.009,-0.500000,-0.250000,5.000,8.10,-0.121510,0.018865,0.000000,0.689197,0.009,1.000,-17.716,-18.918,0.349,3.125770,0.009419,-0.000954,-0.026169,0.000000,0.000000,-0.052337,0.000000,-2.617984,1,49.85
0.368000,-0.010,-0.500000,-0.250000,5.000,8.10,-0.124080,0.019250,0.000000,0.517979,0.009,1.000,-17.716,-18.914,0.349,3.125669,0.009611,-0.000969,-0.026169,0.000000,0.000000,-0.052337,0.000000,-2.617984,1,49.85
0.370000,-0.010,-0.500000,-0.250000,5.000,8.10,-0.126598,0.019608,0.000000,0.630730,0.009,1.000,-17.716,-18.910,0.349,3.125587,0.009789,-0.000983,-0.026169,0.000000,0.000000,-0.052337,0.000000,-2.617984,1,49.85
0.372000,-0.010,-0.500000,-0.250000,5.000,8.10,-0.129066,0.019939,0.000000,0.640728,0.009,1.000,-17.716,-18.906,0.349,3.125523,0.009955,-0.000997,-0.026169,0.000000,0.000000,-0.052337,0.000000,-2.617984,1,49.85
0.374000,-0.010,-0.500000,-0.250000,5.000,8.10,-0.131485,0.020244,0.000000,0.592277,0.009,1.000,-17.716,-18.902,0.349,3.125478,0.010107,-0.001009,-0.026169,0.000000,0.000000,-0.052337,0.000000,-2.617984,1,49.85
0.376000,-0.010,-0.433495,-0.216747,5.000,8.10,-0.133856,0.020522,0.000000,0.412972,0.010,0.867,-17.716,-18.898,0.350,3.125450,0.010246,-0.001020,-0.026169,0.000000,0.000000,-0.052337,0.000000,-2.617984,1,49.85
0.378000,-0.010,-0.428050,-0.214025,5.000,8.10,-0.135965,0.020728,0.000000,0.407322,0.010,0.856,-17.716,-18.894,0.350,3.125478,0.010349,-0.001029,-0.026169,0.000000,0.000000,-0.052337,0.000000,-2.617984,1,49.85
0.380000,-0.010,-0.369774,-0.184887,5.000,8.10,-0.137816,0.020859,0.000000,0.348915,0.010,0.740,-17.716,-18.890,0.350,3.125561,0.010414,-0.001033,-0.026169,0.000000,0.000000,-0.052337,0.000000,-2.617984,1,49.85
0.382000,-0.010,-0.264121,-0.132060,5.000,8.10,-0.139409,0.020916,0.000000,0.243205,0.010,0.528,-17.716,-18.887,0.350,3.125700,0.010443,-0.001035,-0.026169,0.000000,0.000000,-0.052337,0.000000,-2.617984,1,49.85
0.384000,-0.010,-0.129731,-0.064865,5.000,8.10,-0.140743,0.020899,0.000000,0.108831,0.010,0.259,-17.716,-18.883,0.350,3.125892,0.010435,-0.001033,-0.026169,0.000000,0.000000,-0.052337,0.000000,-2.617984,1,49.85
0.386000,-0.010,-0.110178,-0.055089,5.000,8.10,-0.141818,0.020810,0.000000,0.089368,0.010,0.220,-17.716,-18.879,0.350,3.126139,0.010391,-0.001029,-0.026169,0.000000,0.000000,-0.052337,0.000000,-2.617984,1,49.85
0.388000,-0.010,-0.031289,-0.015644,5.000,8.10,-0.142632,0.020648,0.000000,0.010641,0.010,0.063,-17.716,-18.875,0.350,3.126438,0.010310,-0.001021,-0.026169,0.000000,0.000000,-0.052337,0.000000,-2.617984,1,49.85
0.390000,-0.010,0.119569,0.059785,5.000,8.10,-0.143185,0.020413,0.000000,-0.139983,0.010,0.239,-17.716,-18.871,0.350,3.126790,0.010193,-0.001011,-0.026169,0.000000,0.000000,-0.052337,0.000000,-2.617984,1,49.85
0.392000,-0.010,0.149479,0.074740,5.000,8.10,-0.143476,0.020107,0.000000,-0.169587,0.010,0.299,-17.717,-18.866,0.350,3.127193,0.010040,-0.000999,-0.026169,0.000000,0.000000,-0.052337,0.000000,-2.617984,1,49.85
0.394000,-0.010,0.176522,0.088261,5.000,8.10,-0.143504,0.019729,0.000000,-0.196252,0.010,0.353,-17.717,-18.862,0.350,3.127647,0.009852,-0.000984,-0.026169,0.000000,0.000000,-0.052337,0.000000,-2.617984,1,49.85
0.396000,-0.010,0.355415,0.177708,5.000,8.10,-0.143269,0.019281,0.000000,-0.374696,0.010,0.711,-17.717,-18.858,0.350,3.128151,0.009628,-0.000968,-0.026169,0.000000,0.000000,-0.052337,0.000000,-2.617984,1,49.85
0.398000,-0.009,0.500000,0.250000,5.000,8.10,-0.142768,0.018762,0.000000,-0.522776,0.010,1.000,-17.717,-18.854,0.350,3.128705,0.009370,-0.000949,-0.026169,0.000000,0.000000,-0.052337,0.000000,-2.617984,1,49.85
0.400000,-0.009,-0.018746,-0.009373,5.000,8.10,-0.142001,0.018173,0.000000,0.000572,0.000,0.037,-17.717,-18.850,0.349,3.129307,0.009076,-0.000928,-0.026169,0.000000,0.000000,-0.052337,0.000000,-2.617984,1,49.85
0.402000,-0.009,-0.016702,-0.008351,5.000,8.10,-0.140967,0.017515,0.000000,-0.000813,0.000,0.033,-17.717,-18.846,0.349,3.129958,0.008748,-0.000906,-0.026169,0.000000,0.000000,-0.052337,0.000000,-2.617984,1,49.85
0.404000,-0.008,0.227849,0.113925,5.000,8.10,-0.139665,0.016788,0.000000,-0.244637,0.000,0.456,-17.717,-18.842,0.349,3.130656,0.008385,-0.000882,-0.026169,0.000000,0.000000,-0.052337,0.000000,-2.617984,1,49.85
0.406000,-0.008,0.500000,0.250000,5.000,8.10,-0.138093,0.015993,0.000000,-0.588387,0.000,1.000,-17.717,-18.838,0.349,3.131401,0.007988,-0.000856,-0.026169,0.000000,0.000000,-0.052337,0.000000,-2.617984,1,49.85
0.408000,-0.008,0.500000,0.250000,5.000,8.10,-0.136249,0.015130,0.000000,-0.596324,0.009,1.000,-17.718,-18.833,0.349,3.132191,0.007557,-0.000829,-0.026169,0.000000,0.000000,-0.052337,0.000000,-2.617984,1,49.85
0.410000,-0.007,0.500000,0.250000,5.000,8.10,-0.134133,0.014200,0.000000,-0.598899,0.009,1.000,-17.718,-18.829,0.349,3.133028,0.007093,-0.000800,-0.026169,0.000000,0.000000,-0.052337,0.000000,-2.617984,1,49.85
0.412000,-0.007,0.500000,0.250000,5.000,8.10,-0.131743,0.013203,0.000000,-0.687148,0.008,1.000,-17.718,-18.825,0.349,3.133909,0.006596,-0.000769,-0.026169,0.000000,0.000000,-0.052337,0.000000,-2.617984,1,49.85
0.414000,-0.006,0.500000,0.250000,5.000,8.10,-0.129077,0.012141,0.000000,-0.949235,0.008,1.000,-17.718,-18.821,0.349,3.134834,0.006065,-0.000737,-0.026169,0.000000,0.000000,-0.052337,0.000000,-2.617984,1,49.85
0.416000,-0.006,0.500000,0.250000,5.000,8.10,-0.126132,0.011013,0.000000,-0.660417,0.008,1.000,-17.719,-18.816,0.349,3.135802,0.005503,-0.000704,-0.026169,0.000000,0.000000,-0.052337,0.000000,-2.617984,1,49.85
0.418000,-0.005,0.500000,0.250000,5.000,8.10,-0.122934,0.009826,0.000000,-1.025578,0.007,1.000,-17.719,-18.812,0.349,3.136809,0.004910,-0.000680,-0.026169,0.000000,0.000000,-0.052337,0.000000,-2.617984,1,49.85
0.420000,-0.004,0.500000,0.250000,5.000,8.10,-0.119474,0.008582,0.000000,-1.635597,0.007,1.000,-17.719,-18.808,0.349,3.137853,0.004289,-0.000661,-0.026649,0.000000,0.000000,-0.053298,0.000000,0.130410,1,49.51
0.422000,-0.004,0.500000,0.250000,5.000,8.10,-0.115744,0.007286,0.000000,-2.156705,0.006,1.000,-17.719,-18.804,0.349,3.138931,0.003641,-0.000648,-0.026649,0.000000,0.000000,-0.053298,0.000000,0.130410,1,49.51
0.424000,-0.003,0.500000,0.250000,5.000,8.10,-0.111737,0.005940,0.000000,-1.716190,0.006,1.000,-17.720,-18.799,0.349,3.140042,0.002969,-0.000639,-0.026649,0.000000,0.000000,-0.053298,0.000000,0.130410,1,49.51
0.426000,-0.002,0.500000,0.250000,5.000,8.10,-0.107450,0.004543,0.000000,-1.752339,0.005,1.000,-17.720,-18.795,0.349,3.141185,0.002271,-0.000633,-0.026649,0.000000,0.000000,-0.053298,0.000000,0.130410,1,49.51
0.428000,-0.002,0.500000,0.250000,5.000,8.10,-0.102886,0.003090,0.000000,-1.889776,0.004,1.000,-17.720,-18.790,0.349,-3.140821,0.001545,-0.000626,-0.026649,0.000000,0.000000,-0.053298,0.000000,0.130410,1,49.51
0.430000,-0.001,0.500000,0.250000,5.000,8.10,-0.098041,0.001582,0.000000,-1.915711,0.004,1.000,-17.720,-18.786,0.349,-3.139606,0.000792,-0.000619,-0.026649,0.000000,0.000000,-0.053298,0.000000,0.130410,1,49.51
0.432000,-0.000,0.500000,0.250000,5.000,8.10,-0.092919,0.000015,0.000000,-1.326017,0.003,1.000,-17.721,-18.782,0.349,-3.138352,0.000009,-0.000611,-0.026649,0.000000,0.000000,-0.053298,0.000000,0.130410,1,49.51
0.434000,0.001,0.500000,0.250000,5.000,8.10,-0.087524,-0.001616,0.000000,-1.368724,0.002,1.000,-17.721,-18.777,0.349,-3.137057,-0.000805,-0.000600,-0.026649,0.000000,0.000000,-0.053298,0.000000,0.130410,1,49.51
0.436000,0.002,0.500000,0.250000,5.000,8.10,-0.081854,-0.003308,0.000000,-1.973655,0.002,1.000,-17.721,-18.773,0.349,-3.135722,-0.001651,-0.000573,-0.026649,0.000000,0.000000,-0.053298,0.000000,0.130410,1,49.51
0.438000,0.003,0.500000,0.250000,5.000,8.10,-0.075892,-0.005053,0.000000,-2.159730,0.001,1.000,-17.722,-18.768,0.349,-3.134352,-0.002523,-0.000531,-0.026649,0.000000,0.000000,-0.053298,0.000000,0.130410,1,49.51
0.440000,0.003,0.500000,0.250000,5.000,8.10,-0.069636,-0.006849,0.000000,-1.545291,0.000,1.000,-17.722,-18.764,0.349,-3.132951,-0.003420,-0.000479,-0.026649,0.000000,0.000000,-0.053298,0.000000,0.130410,1,49.51
0.442000,0.004,0.500000,0.250000,5.000,8.10,-0.063243,-0.008659,0.000000,-1.641196,-0.001,1.000,-17.723,-18.759,0.349,-3.131546,-0.004325,-0.000419,-0.026649,0.000000,0.000000,-0.053298,0.000000,0.130410,1,49.51
0.444000,0.005,0.500000,0.250000,5.000,8.10,-0.056978,-0.010422,0.000000,-2.280686,-0.002,1.000,-17.723,-18.755,0.349,-3.130184,-0.005207,-0.000358,-0.026649,0.000000,0.000000,-0.053298,0.000000,0.130410,1,49.51
0.446000,0.006,0.500000,0.250000,5.000,8.10,-0.050838,-0.012138,0.000000,-2.333421,-0.003,1.000,-17.723,-18.750,0.349,-3.128869,-0.006066,-0.000298,-0.026649,0.000000,0.000000,-0.053298,0.000000,0.130410,1,49.51
0.448000,0.007,0.500000,0.250000,5.000,8.10,-0.044821,-0.013805,0.000000,-1.657409,-0.003,1.000,-17.724,-18.746,0.349,-3.127597,-0.006900,-0.000239,-0.026649,0.000000,0.000000,-0.053298,0.000000,0.130410,1,49.51
0.450000,0.008,0.500000,0.250000,5.000,8.10,-0.038925,-0.015426,0.000000,-1.735083,-0.004,1.000,-17.724,-18.741,0.349,-3.126369,-0.007711,-0.000185,-0.026649,0.000000,0.000000,-0.053298,0.000000,0.130410,1,49.51
0.452000,0.009,0.500000,0.250000,5.000,8.10,-0.033146,-0.017001,0.000000,-2.164626,-0.005,1.000,-17.724,-18.737,0.349,-3.125184,-0.008500,-0.000136,-0.026649,0.000000,0.000000,-0.053298,0.000000,0.130410,1,49.51
0.454000,0.009,0.500000,0.250000,5.000,8.10,-0.027483,-0.018531,0.000000,-2.055565,-0.006,1.000,-17.725,-18.732,0.349,-3.124040,-0.009265,-0.000094,-0.026649,0.000000,0.000000,-0.053298,0.000000,0.130410,1,49.51
0.456000,0.010,0.500000,0.250000,5.000,8.10,-0.021933,-0.020016,0.000000,-1.325446,-0.007,1.000,-17.725,-18.728,0.349,-3.122936,-0.010009,-0.000058,-0.026649,0.000000,0.000000,-0.053298,0.000000,0.130410,1,49.51
0.458000,0.011,0.500000,0.250000,5.000,8.10,-0.016494,-0.021457,0.000000,-1.400816,-0.008,1.000,-17.725,-18.724,0.349,-3.121873,-0.010730,-0.000030,-0.026649,0.000000,0.000000,-0.053298,0.000000,0.130410,1,49.51
0.460000,0.011,0.500000,0.250000,5.000,8.10,-0.011164,-0.022854,0.000000,-1.862640,-0.009,1.000,-17.726,-18.719,0.349,-3.120847,-0.011429,-0.000009,-0.026649,0.000000,0.000000,-0.053298,0.000000,0.130410,1,49.51
0.462000,0.012,0.500000,0.250000,5.000,8.10,-0.005941,-0.024208,0.000000,-1.318681,-0.009,1.000,-17.726,-18.715,0.349,-3.119859,-0.012107,0.000005,-0.026649,0.000000,0.000000,-0.053298,0.000000,0.130410,1,49.51
0.464000,0.013,0.500000,0.250000,5.000,8.10,-0.000822,-0.025520,0.000000,-0.754599,-0.010,1.000,-17.726,-18.710,0.349,-3.118909,-0.012764,0.000013,-0.026649,0.000000,0.000000,-0.053298,0.000000,0.130410,1,49.51
0.466000,0.013,0.500000,0.250000,5.000,8.10,0.004195,-0.026790,0.000000,-1.150557,-0.011,1.000,-17.727,-18.706,0.349,-3.117995,-0.013400,0.000015,-0.026649,0.000000,0.000000,-0.053298,0.000000,0.130410,1,49.51
0.468000,0.014,0.500000,0.250000,5.000,8.10,0.009111,-0.028019,0.000000,-1.581560,-0.011,1.000,-17.727,-18.701,0.349,-3.117116,-0.014015,0.000011,-0.026649,0.000000,0.000000,-0.053298,0.000000,0.130410,1,49.51
0.470000,0.015,0.500000,0.250000,5.000,8.10,0.013929,-0.029207,0.000000,-1.615265,-0.012,1.000,-17.727,-18.697,0.349,-3.116272,-0.014609,0.000002,-0.026649,0.000000,0.000000,-0.053298,0.000000,0.130410,1,49.51
0.472000,0.015,0.500000,0.250000,5.000,8.10,0.018651,-0.030355,0.000000,-1.672145,-0.013,1.000,-17.727,-18.692,0.349,-3.115462,-0.015183,-0.000012,-0.026649,0.000000,0.000000,-0.053298,0.000000,0.130410,1,49.51
0.474000,0.016,0.500000,0.250000,5.000,8.10,0.023278,-0.031463,0.000000,-1.902429,-0.013,1.000,-17.728,-18.688,0.349,-3.114685,-0.015737,-0.000030,-0.026649,0.000000,0.000000,-0.053298,0.000000,0.130410,1,49.51
0.476000,0.016,0.500000,0.250000,5.000,8.10,0.027813,-0.032532,0.000000,-1.937510,-0.014,1.000,-17.728,-18.683,0.349,-3.113941,-0.016272,-0.000052,-0.026649,0.000000,0.000000,-0.053298,0.000000,0.130410,1,49.51
0.478000,0.017,0.500000,0.250000,5.000,8.10,0.032257,-0.033563,0.000000,-1.941409,-0.015,1.000,-17.728,-18.679,0.349,-3.113229,-0.016787,-0.000078,-0.026649,0.000000,0.000000,-0.053298,0.000000,0.130410,1,49.51
0.480000,0.017,0.500000,0.250000,5.000,8.10,0.036612,-0.034555,0.000000,-1.398587,-0.015,1.000,-17.729,-18.674,0.349,-3.112548,-0.017282,-0.000107,-0.026824,0.000000,0.000000,-0.053649,0.000000,0.131287,1,49.96
0.482000,0.018,0.500000,0.250000,5.000,8.10,0.040880,-0.035509,0.000000,-1.411695,-0.016,1.000,-17.729,-18.670,0.349,-3.111898,-0.017759,-0.000138,-0.026824,0.000000,0.000000,-0.053649,0.000000,0.131287,1,49.96
0.484000,0.018,0.500000,0.250000,5.000,8.10,0.045062,-0.036427,0.000000,-1.495911,-0.016,1.000,-17.729,-18.666,0.349,-3.111279,-0.018218,-0.000172,-0.026824,0.000000,0.000000,-0.053649,0.000000,0.131287,1,49.96
0.486000,0.019,0.500000,0.250000,5.000,8.10,0.049161,-0.037308,0.000000,-1.463938,-0.017,1.000,-17.729,-18.661,0.349,-3.110688,-0.018658,-0.000207,-0.026824,0.000000,0.000000,-0.053649,0.000000,0.131287,1,49.96
0.488000,0.019,0.500000,0.250000,5.000,8.10,0.053178,-0.038153,0.000000,-0.943352,-0.017,1.000,-17.730,-18.657,0.350,-3.110127,-0.019079,-0.000243,-0.026824,0.000000,0.000000,-0.053649,0.000000,0.131287,1,49.96
0.490000,0.019,0.500000,0.250000,5.000,8.10,0.057115,-0.038962,0.000000,-0.945168,-0.018,1.000,-17.730,-18.652,0.350,-3.109594,-0.019483,-0.000280,-0.026824,0.000000,0.000000,-0.053649,0.000000,0.131287,1,49.96
0.492000,0.020,0.500000,0.250000,5.000,8.10,0.060973,-0.039736,0.000000,-1.222272,-0.018,1.000,-17.730,-18.648,0.350,-3.109089,-0.019869,-0.000317,-0.026824,0.000000,0.000000,-0.053649,0.000000,0.131287,1,49.96
0.494000,0.020,0.500000,0.250000,5.000,8.10,0.064753,-0.040475,0.000000,-1.167933,-0.019,1.000,-17.730,-18.643,0.350,-3.108612,-0.020238,-0.000353,-0.026824,0.000000,0.000000,-0.053649,0.000000,0.131287,1,49.96
0.496000,0.021,0.500000,0.250000,5.000,8.10,0.068458,-0.041180,0.000000,-0.758874,-0.019,1.000,-17.731,-18.639,0.350,-3.108161,-0.020590,-0.000390,-0.026824,0.000000,0.000000,-0.053649,0.000000,0.131287,1,49.96
0.498000,0.021,0.500000,0.250000,5.000,8.10,0.072089,-0.041851,0.000000,-0.770676,-0.019,1.000,-17.731,-18.634,0.350,-3.107736,-0.020925,-0.000425,-0.026824,0.000000,0.000000,-0.053649,0.000000,0.131287,1,49.96
0.500000,0.021,0.043734,0.021867,5.000,8.10,0.075648,-0.042488,0.000000,-0.001245,0.000,0.087,-17.731,-18.630,0.350,-3.107337,-0.021243,-0.000459,-0.026824,0.000000,0.000000,-0.053649,0.000000,0.131287,1,49.96
0.502000,0.022,0.307669,0.153834,5.000,8.10,0.078927,-0.043046,0.000000,-0.264623,0.000,0.615,-17.731,-18.625,0.350,-3.107000,-0.021521,-0.000493,-0.026824,0.000000,0.000000,-0.053649,0.000000,0.131287,1,49.96
0.504000,0.022,0.314870,0.157435,5.000,8.10,0.081930,-0.043524,0.000000,-0.271346,0.000,0.630,-17.731,-18.621,0.350,-3.106725,-0.021759,-0.000526,-0.026824,0.000000,0.000000,-0.053649,0.000000,0.131287,1,49.96
0.506000,0.022,0.339856,0.169928,5.000,8.10,0.084655,-0.043922,0.000000,-0.295935,0.000,0.680,-17.732,-18.616,0.350,-3.106511,-0.021957,-0.000557,-0.026824,0.000000,0.000000,-0.053649,0.000000,0.131287,1,49.96
0.508000,0.022,0.467393,0.233696,5.000,8.10,0.087101,-0.044240,0.000000,-0.423153,-0.021,0.935,-17.732,-18.612,0.350,-3.106359,-0.022115,-0.000587,-0.026824,0.000000,0.000000,-0.053649,0.000000,0.131287,1,49.96
0.510000,0.022,0.500000,0.250000,5.000,8.10,0.089860,-0.044612,0.000000,-0.575109,-0.022,1.000,-17.732,-18.607,0.350,-3.106163,-0.022300,-0.000613,-0.026824,0.000000,0.000000,-0.053649,0.000000,0.131287,1,49.96
0.512000,0.023,0.361754,0.180877,5.000,8.10,0.092920,-0.045039,0.000000,-0.316714,-0.022,0.724,-17.732,-18.603,0.350,-3.105921,-0.022513,-0.000635,-0.026824,0.000000,0.000000,-0.053649,0.000000,0.131287,1,49.96
0.514000,0.023,0.356108,0.178054,5.000,8.10,0.095688,-0.045389,0.000000,-0.310719,-0.022,0.712,-17.732,-18.598,0.350,-3.105736,-0.022688,-0.000655,-0.026824,0.000000,0.000000,-0.053649,0.000000,0.131287,1,49.96
0.516000,0.023,0.451831,0.225915,5.000,8.10,0.098174,-0.045658,0.000000,-0.406173,-0.022,0.904,-17.732,-18.594,0.350,-3.105613,-0.022822,-0.000673,-0.026824,0.000000,0.000000,-0.053649,0.000000,0.131287,1,49.96
0.518000,0.023,0.444602,0.222301,5.000,8.10,0.100729,-0.045925,0.000000,-0.398677,-0.022,0.889,-17.733,-18.590,0.350,-3.105490,-0.022955,-0.000690,-0.026824,0.000000,0.000000,-0.053649,0.000000,0.131287,1,49.96
0.520000,0.023,0.303600,0.151800,5.000,8.10,0.103160,-0.046151,0.000000,-0.257449,-0.023,0.607,-17.733,-18.585,0.350,-3.105397,-0.023067,-0.000703,-0.027663,0.000000,0.000000,-0.055326,0.000000,2.617993,1,49.99
0.522000,0.023,0.344578,0.172289,5.000,8.10,0.105304,-0.046296,0.000000,-0.298282,-0.023,0.689,-17.733,-18.581,0.350,-3.105363,-0.023139,-0.000716,-0.027663,0.000000,0.000000,-0.055326,0.000000,2.617993,1,49.99
0.524000,0.023,0.371323,0.185662,5.000,8.10,0.107162,-0.046361,0.000000,-0.324962,-0.023,0.743,-17.733,-18.576,0.350,-3.105389,-0.023172,-0.000727,-0.027663,0.000000,0.000000,-0.055326,0.000000,2.617993,1,49.99
0.526000,0.023,0.243937,0.121968,5.000,8.10,0.108733,-0.046346,0.000000,-0.197591,-0.023,0.488,-17.733,-18.572,0.350,-3.105476,-0.023164,-0.000737,-0.027663,0.000000,0.000000,-0.055326,0.000000,2.617993,1,49.99
0.528000,0.023,0.118850,0.059425,5.000,8.10,0.110013,-0.046251,0.000000,-0.072599,-0.023,0.238,-17.733,-18.567,0.350,-3.105621,-0.023116,-0.000745,-0.027663,0.000000,0.000000,-0.055326,0.000000,2.617993,1,49.99
0.530000,0.023,0.048425,0.024212,5.000,8.10,0.111001,-0.046076,0.000000,-0.002348,-0.023,0.097,-17.733,-18.563,0.350,-3.105826,-0.023028,-0.000752,-0.027663,0.000000,0.000000,-0.055326,0.000000,2.617993,1,49.99
0.532000,0.023,-0.117413,-0.058707,5.000,8.10,0.111693,-0.045822,0.000000,0.163235,-0.023,0.235,-17.733,-18.558,0.350,-3.106088,-0.022901,-0.000757,-0.027663,0.000000,0.000000,-0.055326,0.000000,2.617993,1,49.99
0.534000,0.023,-0.313355,-0.156678,5.000,8.10,0.112089,-0.045489,0.000000,0.358844,-0.023,0.627,-17.734,-18.554,0.350,-3.106407,-0.022734,-0.000760,-0.027663,0.000000,0.000000,-0.055326,0.000000,2.617993,1,49.99
0.536000,0.023,-0.326930,-0.163465,5.000,8.10,0.112184,-0.045077,0.000000,0.372006,-0.023,0.654,-17.734,-18.549,0.350,-3.106784,-0.022527,-0.000761,-0.027663,0.000000,0.000000,-0.055326,0.000000,2.617993,1,49.99
0.538000,0.022,-0.358388,-0.179194,5.000,8.10,0.111976,-0.044586,0.000000,0.402974,-0.023,0.717,-17.734,-18.545,0.350,-3.107216,-0.022282,-0.000760,-0.027663,0.000000,0.000000,-0.055326,0.000000,2.617993,1,49.99
0.540000,0.022,-0.500000,-0.250000,5.000,8.10,0.111462,-0.044017,0.000000,0.587714,-0.023,1.000,-17.734,-18.540,0.350,-3.107705,-0.021997,-0.000757,-0.027663,0.000000,0.000000,-0.055326,0.000000,2.617993,1,49.99
0.542000,0.022,-0.500000,-0.250000,5.000,8.10,0.110640,-0.043370,0.000000,0.783447,-0.023,1.000,-17.734,-18.535,0.350,-3.108248,-0.021674,-0.000752,-0.027663,0.000000,0.000000,-0.055326,0.000000,2.617993,1,49.99
0.544000,0.021,-0.500000,-0.250000,5.000,8.10,0.109507,-0.042646,0.000000,0.624214,-0.023,1.000,-17.734,-18.531,0.350,-3.108845,-0.021312,-0.000744,-0.027663,0.000000,0.000000,-0.055326,0.000000,2.617993,1,49.99
0.546000,0.021,-0.500000,-0.250000,5.000,8.10,0.108059,-0.041844,0.000000,0.662488,-0.022,1.000,-17.734,-18.526,0.350,-3.109497,-0.020911,-0.000735,-0.027663,0.000000,0.000000,-0.055326,0.000000,2.617993,1,49.99
0.548000,0.020,-0.500000,-0.250000,5.000,8.10,0.106293,-0.040966,0.000000,1.024764,-0.022,1.000,-17.734,-18.522,0.350,-3.110202,-0.020472,-0.000723,-0.027663,0.000000,0.000000,-0.055326,0.000000,2.617993,1,49.99
0.550000,0.020,-0.500000,-0.250000,5.000,8.10,0.104207,-0.040011,0.000000,1.169436,-0.022,1.000,-17.734,-18.517,0.350,-3.110959,-0.019994,-0.000709,-0.027663,0.000000,0.000000,-0.055326,0.000000,2.617993,1,49.99
0.552000,0.019,-0.500000,-0.250000,5.000,8.10,0.101796,-0.038979,0.000000,0.867904,-0.021,1.000,-17.733,-18.513,0.350,-3.111768,-0.019479,-0.000693,-0.027663,0.000000,0.000000,-0.055326,0.000000,2.617993,1,49.99
0.554000,0.019,-0.500000,-0.250000,5.000,8.10,0.099058,-0.037872,0.000000,0.930645,-0.021,1.000,-17.733,-18.508,0.350,-3.112629,-0.018925,-0.000675,-0.027663,0.000000,0.000000,-0.055326,0.000000,2.617993,1,49.99
0.556000,0.018,-0.500000,-0.250000,5.000,8.10,0.095989,-0.036689,0.000000,1.309206,-0.020,1.000,-17.733,-18.504,0.350,-3.113541,-0.018334,-0.000655,-0.027663,0.000000,0.000000,-0.055326,0.000000,2.617993,1,49.99
0.558000,0.018,-0.500000,-0.250000,5.000,8.10,0.092584,-0.035431,0.000000,1.312934,-0.020,1.000,-17.733,-18.499,0.350,-3.114503,-0.017706,-0.000634,-0.027663,0.000000,0.000000,-0.055326,0.000000,2.617993,1,49.99
0.560000,0.017,-0.500000,-0.250000,5.000,8.10,0.088842,-0.034099,0.000000,0.941654,-0.019,1.000,-17.733,-18.495,0.350,-3.115515,-0.017040,-0.000610,-0.027663,0.000000,0.000000,-0.055326,0.000000,2.617993,1,49.99
0.562000,0.016,-0.500000,-0.250000,5.000,8.10,0.084762,-0.032693,0.000000,1.024571,-0.019,1.000,-17.733,-18.490,0.350,-3.116574,-0.016338,-0.000581,-0.027663,0.000000,0.000000,-0.055326,0.000000,2.617993,1,49.99
0.564000,0.016,-0.500000,-0.250000,5.000,8.10,0.080345,-0.031217,0.000000,0.955036,-0.018,1.000,-17.733,-18.486,0.350,-3.117680,-0.015600,-0.000546,-0.027663,0.000000,0.000000,-0.055326,0.000000,2.617993,1,49.99
0.566000,0.015,-0.500000,-0.250000,5.000,8.10,0.075586,-0.029669,0.000000,0.601772,-0.018,1.000,-17.733,-18.481,0.349,-3.118833,-0.014827,-0.000508,-0.027663,0.000000,0.000000,-0.055326,0.000000,2.617993,1,49.99
0.568000,0.014,-0.252280,-0.126140,5.000,8.10,0.070482,-0.028052,0.000000,0.280332,-0.017,0.505,-17.733,-18.476,0.349,-3.120032,-0.014019,-0.000465,-0.027663,0.000000,0.000000,-0.055326,0.000000,2.617993,1,49.99
0.570000,0.013,-0.500000,-0.250000,5.000,8.10,0.065669,-0.026506,0.000000,0.731511,-0.016,1.000,-17.732,-18.472,0.349,-3.121165,-0.013248,-0.000415,-0.027663,0.000000,0.000000,-0.055326,0.000000,2.617993,1,49.99
0.572000,0.012,-0.500000,-0.250000,5.000,8.10,0.060492,-0.024894,0.000000,1.399101,-0.016,1.000,-17.732,-18.467,0.349,-3.122340,-0.012443,-0.000362,-0.027663,0.000000,0.000000,-0.055326,0.000000,2.617993,1,49.99
0.574000,0.012,-0.500000,-0.250000,5.000,8.10,0.054965,-0.023213,0.000000,2.120782,-0.015,1.000,-17.732,-18.463,0.349,-3.123560,-0.011603,-0.000307,-0.027663,0.000000,0.000000,-0.055326,0.000000,2.617993,1,49.99
0.576000,0.011,-0.500000,-0.250000,5.000,8.10,0.049113,-0.021470,0.000000,2.124350,-0.014,1.000,-17.732,-18.458,0.349,-3.124820,-0.010732,-0.000257,-0.027663,0.000000,0.000000,-0.055326,0.000000,2.617993,1,49.99
0.578000,0.010,-0.500000,-0.250000,5.000,8.10,0.043131,-0.019710,0.000000,2.171297,-0.013,1.000,-17.732,-18.454,0.349,-3.126085,-0.009853,-0.000209,-0.027663,0.000000,0.000000,-0.055326,0.000000,2.617993,1,49.99
0.580000,0.009,-0.500000,-0.247000,4.940,8.10,0.037268,-0.017987,0.000000,2.342957,-0.012,1.000,-17.731,-18.449,0.349,-3.127312,-0.008992,-0.000165,-0.028781,0.006000,0.000000,-0.057561,0.000000,0.140872,1,49.84
0.582000,0.008,-0.500000,-0.247000,4.940,8.08,0.031583,-0.016319,0.000000,2.233649,-0.012,1.000,-17.731,-18.444,0.349,-3.128487,-0.008159,-0.000086,-0.028781,0.006000,0.000000,-0.057561,0.000000,0.140872,1,49.84
0.584000,0.007,-0.500000,-0.247000,4.940,8.07,0.026011,-0.014697,0.000000,1.529980,-0.011,1.000,-17.731,-18.440,0.349,-3.129617,-0.007349,-0.000008,-0.028781,0.006000,0.000000,-0.057561,0.000000,0.140872,1,49.84
0.586000,0.007,-0.500000,-0.247000,4.940,8.05,0.020551,-0.013119,0.000000,1.554001,-0.010,1.000,-17.731,-18.435,0.349,-3.130706,-0.006561,0.000058,-0.028781,0.006000,0.000000,-0.057561,0.000000,0.140872,1,49.84
0.588000,0.006,-0.500000,-0.247000,4.940,8.04,0.015199,-0.011584,0.000000,2.019917,-0.009,1.000,-17.731,-18.431,0.349,-3.131753,-0.005793,0.000112,-0.028781,0.006000,0.000000,-0.057561,0.000000,0.140872,1,49.84
0.590000,0.005,-0.500000,-0.247000,4.940,8.03,0.009955,-0.010090,0.000000,1.898000,-0.008,1.000,-17.731,-18.426,0.349,-3.132761,-0.005047,0.000153,-0.028781,0.006000,0.000000,-0.057561,0.000000,0.140872,1,49.84
0.592000,0.004,-0.500000,-0.247000,4.940,8.03,0.004816,-0.008638,0.000000,1.262244,-0.007,1.000,-17.730,-18.422,0.349,-3.133729,-0.004321,0.000182,-0.028781,0.006000,0.000000,-0.057561,0.000000,0.140872,1,49.84
0.594000,0.004,-0.500000,-0.247000,4.940,8.02,-0.000221,-0.007226,0.000000,1.323094,-0.007,1.000,-17.730,-18.417,0.349,-3.134661,-0.003615,0.000201,-0.028781,0.006000,0.000000,-0.057561,0.000000,0.140872,1,49.84
0.596000,0.003,-0.500000,-0.247000,4.940,8.02,-0.005156,-0.005853,0.000000,1.596697,-0.006,1.000,-17.730,-18.413,0.349,-3.135556,-0.002928,0.000210,-0.028781,0.006000,0.000000,-0.057561,0.000000,0.140872,1,49.84
0.598000,0.002,-0.500000,-0.247000,4.940,8.02,-0.009993,-0.004518,0.000000,1.337701,-0.005,1.000,-17.730,-18.408,0.349,-3.136418,-0.002260,0.000212,-0.028781,0.006000,0.000000,-0.057561,0.000000,0.140872,1,49.84
0.600000,0.002,0.003307,0.004653,4.940,8.01,-0.014733,-0.003218,0.000000,-0.000089,0.000,0.007,-17.730,-18.404,0.349,-3.137246,-0.001610,0.000207,-0.028781,0.006000,0.000000,-0.057561,0.000000,0.140872,1,49.84
0.602000,0.001,-0.000428,0.002786,4.940,8.01,-0.019127,-0.002009,0.000000,0.002437,0.000,0.001,-17.730,-18.400,0.349,-3.137998,-0.001005,0.000198,-0.028781,0.006000,0.000000,-0.057561,0.000000,0.140872,1,49.84
0.604000,0.000,-0.337675,-0.165838,4.940,8.01,-0.023182,-0.000892,0.000000,0.338567,0.000,0.675,-17.730,-18.395,0.349,-3.138674,-0.000447,0.000184,-0.028781,0.006000,0.000000,-0.057561,0.000000,0.140872,1,49.84
0.606000,-0.000,-0.500000,-0.247000,4.940,8.01,-0.026896,0.000133,0.000000,0.736245,0.000,1.000,-17.730,-18.391,0.349,-3.139273,0.000066,0.000167,-0.028781,0.006000,0.000000,-0.057561,0.000000,0.140872,1,49.84
0.608000,-0.001,-0.500000,-0.247000,4.940,8.01,-0.030943,0.001209,0.000000,0.746226,-0.002,1.000,-17.729,-18.386,0.349,-3.139911,0.000604,0.000145,-0.028781,0.006000,0.000000,-0.057561,0.000000,0.140872,1,49.84
0.610000,-0.001,-0.500000,-0.247000,4.940,8.01,-0.035263,0.002335,0.000000,0.820162,-0.001,1.000,-17.729,-18.382,0.349,-3.140585,0.001167,0.000123,-0.028781,0.006000,0.000000,-0.057561,0.000000,0.140872,1,49.84
0.612000,-0.002,-0.500000,-0.247000,4.940,8.01,-0.039498,0.003429,0.000000,1.280457,-0.000,1.000,-17.729,-18.377,0.349,-3.141234,0.001714,0.000104,-0.028781,0.006000,0.000000,-0.057561,0.000000,0.140872,1,49.84
0.614000,-0.002,-0.500000,-0.247000,4.940,8.01,-0.043648,0.004488,0.000000,1.391577,0.000,1.000,-17.729,-18.373,0.349,3.141332,0.002244,0.000089,-0.028781,0.006000,0.000000,-0.057561,0.000000,0.140872,1,49.84
0.616000,-0.003,-0.500000,-0.247000,4.940,8.00,-0.047716,0.005512,0.000000,0.995713,0.001,1.000,-17.729,-18.368,0.349,3.140741,0.002756,0.000077,-0.028781,0.006000,0.000000,-0.057561,0.000000,0.140872,1,49.84
0.618000,-0.003,-0.500000,-0.247000,4.940,8.00,-0.051701,0.006503,0.000000,1.061154,0.001,1.000,-17.729,-18.364,0.349,3.140179,0.003251,0.000070,-0.028781,0.006000,0.000000,-0.057561,0.000000,0.140872,1,49.84
0.620000,-0.004,-0.500000,-0.247000,4.940,8.00,-0.055607,0.007459,0.000000,1.360414,0.002,1.000,-17.729,-18.359,0.349,3.139646,0.003730,0.000061,-0.027135,0.006000,0.000000,-0.054269,0.000000,0.132784,1,49.92
0.622000,-0.004,-0.500000,-0.247000,4.940,8.00,-0.059435,0.008382,0.000000,1.229290,0.002,1.000,-17.729,-18.355,0.349,3.139139,0.004191,0.000046,-0.027135,0.006000,0.000000,-0.054269,0.000000,0.132784,1,49.92
0.624000,-0.005,-0.500000,-0.247000,4.940,8.00,-0.063187,0.009271,0.000000,0.826060,0.003,1.000,-17.729,-18.351,0.349,3.138660,0.004636,0.000027,-0.027135,0.006000,0.000000,-0.054269,0.000000,0.132784,1,49.92
0.626000,-0.005,-0.500000,-0.247000,4.940,8.00,-0.066863,0.010127,0.000000,1.045809,0.003,1.000,-17.729,-18.346,0.349,3.138207,0.005064,0.000004,-0.027135,0.006000,0.000000,-0.054269,0.000000,0.132784,1,49.92
0.628000,-0.005,-0.500000,-0.247000,4.940,8.00,-0.070466,0.010950,0.000000,1.305141,0.004,1.000,-17.729,-18.342,0.349,3.137780,0.005475,-0.000022,-0.027135,0.006000,0.000000,-0.054269,0.000000,0.132784,1,49.92
0.630000,-0.006,-0.500000,-0.247000,4.940,8.00,-0.073997,0.011741,0.000000,0.991647,0.004,1.000,-17.729,-18.337,0.349,3.137378,0.005870,-0.000049,-0.027135,0.006000,0.000000,-0.054269,0.000000,0.132784,1,49.92
0.632000,-0.006,-0.500000,-0.247000,4.940,8.00,-0.077457,0.012500,0.000000,0.669399,0.005,1.000,-17.729,-18.333,0.349,3.137002,0.006250,-0.000077,-0.027135,0.006000,0.000000,-0.054269,0.000000,0.132784,1,49.92
0.634000,-0.007,-0.500000,-0.247000,4.940,8.00,-0.080848,0.013226,0.000000,0.657778,0.005,1.000,-17.729,-18.329,0.349,3.136650,0.006613,-0.000105,-0.027135,0.006000,0.000000,-0.054269,0.000000,0.132784,1,49.92
0.636000,-0.007,-0.500000,-0.247000,4.940,8.00,-0.084171,0.013921,0.000000,0.729159,0.005,1.000,-17.729,-18.324,0.349,3.136322,0.006960,-0.000132,-0.027135,0.006000,0.000000,-0.054269,0.000000,0.132784,1,49.92
0.638000,-0.007,-0.500000,-0.247000,4.940,8.00,-0.087428,0.014585,0.000000,0.651973,0.006,1.000,-17.728,-18.320,0.349,3.136017,0.007292,-0.000159,-0.027135,0.006000,0.000000,-0.054269,0.000000,0.132784,1,49.92
0.640000,-0.008,-0.500000,-0.247000,4.940,8.00,-0.090619,0.015218,0.000000,0.600882,0.006,1.000,-17.728,-18.315,0.349,3.135736,0.007608,-0.000184,-0.027135,0.006000,0.000000,-0.054269,0.000000,0.132784,1,49.92
0.642000,-0.008,-0.500000,-0.247000,4.940,8.00,-0.093747,0.015820,0.000000,0.633695,0.007,1.000,-17.728,-18.311,0.349,3.135477,0.007909,-0.000207,-0.027135,0.006000,0.000000,-0.054269,0.000000,0.132784,1,49.92
0.644000,-0.008,-0.500000,-0.247000,4.940,8.00,-0.096812,0.016392,0.000000,0.818590,0.007,1.000,-17.728,-18.306,0.349,3.135240,0.008195,-0.000229,-0.027135,0.006000,0.000000,-0.054269,0.000000,0.132784,1,49.92
0.646000,-0.008,-0.500000,-0.247000,4.940,8.00,-0.099816,0.016934,0.000000,0.720097,0.007,1.000,-17.728,-18.302,0.349,3.135025,0.008466,-0.000248,-0.027135,0.006000,0.000000,-0.054269,0.000000,0.132784,1,49.92
0.648000,-0.009,-0.486542,-0.240271,4.940,8.00,-0.102760,0.017446,0.000000,0.469096,0.008,0.973,-17.728,-18.298,0.349,3.134831,0.008721,-0.000266,-0.027135,0.006000,0.000000,-0.054269,0.000000,0.132784,1,49.92
0.650000,-0.009,-0.500000,-0.247000,4.940,8.00,-0.105510,0.017899,0.000000,0.492853,0.008,1.000,-17.728,-18.293,0.349,3.134682,0.008948,-0.000282,-0.027135,0.006000,0.000000,-0.054269,0.000000,0.132784,1,49.92
0.652000,-0.009,-0.500000,-0.247000,4.940,8.00,-0.108340,0.018352,0.000000,0.628450,0.008,1.000,-17.728,-18.289,0.349,3.134530,0.009174,-0.000295,-0.027135,0.006000,0.000000,-0.054269,0.000000,0.132784,1,49.92
0.654000,-0.009,-0.500000,-0.247000,4.940,8.00,-0.111113,0.018777,0.000000,0.575868,0.008,1.000,-17.728,-18.284,0.349,3.134397,0.009387,-0.000307,-0.027135,0.006000,0.000000,-0.054269,0.000000,0.132784,1,49.92
0.656000,-0.010,-0.405912,-0.199956,4.940,8.00,-0.113831,0.019174,0.000000,0.386738,0.009,0.812,-17.728,-18.280,0.349,3.134283,0.009585,-0.000317,-0.027135,0.006000,0.000000,-0.054269,0.000000,0.132784,1,49.92
0.658000,-0.010,-0.418122,-0.206061,4.940,8.00,-0.116207,0.019479,0.000000,0.398643,0.009,0.836,-17.728,-18.275,0.349,3.134238,0.009738,-0.000326,-0.027135,0.006000,0.000000,-0.054269,0.000000,0.132784,1,49.92
0.660000,-0.010,-0.460534,-0.227267,4.940,8.00,-0.118256,0.019695,0.000000,0.440839,0.009,0.921,-17.728,-18.271,0.349,3.134263,0.009846,-0.000334,-0.027135,0.006000,0.000000,-0.054269,0.000000,0.132784,1,49.92
0.662000,-0.010,-0.367251,-0.180626,4.940,8.00,-0.120436,0.019921,0.000000,0.347330,0.009,0.735,-17.728,-18.267,0.349,3.134275,0.009959,-0.000341,-0.027135,0.006000,0.000000,-0.054269,0.000000,0.132784,1,49.92
0.664000,-0.010,-0.204428,-0.099214,4.940,8.00,-0.122272,0.020060,0.000000,0.184368,0.010,0.409,-17.728,-18.262,0.349,3.134353,0.010028,-0.000346,-0.027135,0.006000,0.000000,-0.054269,0.000000,0.132784,1,49.92
0.666000,-0.010,-0.199258,-0.096629,4.940,8.00,-0.123777,0.020108,0.000000,0.179150,0.010,0.399,-17.728,-18.258,0.349,3.134499,0.010052,-0.000352,-0.027135,0.006000,0.000000,-0.054269,0.000000,0.132784,1,49.92
0.668000,-0.010,-0.162783,-0.078391,4.940,8.00,-0.124948,0.020068,0.000000,0.142715,0.010,0.326,-17.729,-18.253,0.349,3.134712,0.010032,-0.000357,-0.027135,0.006000,0.000000,-0.054269,0.000000,0.132784,1,49.92
0.670000,-0.010,-0.038248,-0.016124,4.940,8.00,-0.125784,0.019939,0.000000,0.018309,0.010,0.076,-17.729,-18.249,0.349,3.134991,0.009968,-0.000361,-0.027135,0.006000,0.000000,-0.054269,0.000000,0.132784,1,49.92
0.672000,-0.010,0.056876,0.031438,4.940,8.00,-0.126281,0.019723,0.000000,-0.076598,0.010,0.114,-17.729,-18.244,0.349,3.135336,0.009859,-0.000364,-0.027135,0.006000,0.000000,-0.054269,0.000000,0.132784,1,49.92
0.674000,-0.010,0.149987,0.077993,4.940,8.00,-0.126437,0.019419,0.000000,-0.169406,0.010,0.300,-17.729,-18.240,0.349,3.135746,0.009708,-0.000365,-0.027135,0.006000,0.000000,-0.054269,0.000000,0.132784,1,49.92
0.676000,-0.010,0.313479,0.159739,4.940,8.00,-0.126249,0.019029,0.000000,-0.332507,0.010,0.627,-17.729,-18.235,0.349,3.136219,0.009513,-0.000365,-0.027135,0.006000,0.000000,-0.054269,0.000000,0.132784,1,49.92
0.678000,-0.009,0.489258,0.247629,4.940,8.00,-0.125719,0.018552,0.000000,-0.507810,0.010,0.979,-17.729,-18.231,0.349,3.136756,0.009275,-0.000364,-0.027135,0.006000,0.000000,-0.054269,0.000000,0.132784,1,49.92
0.680000,-0.009,0.467694,0.236847,4.940,8.00,-0.124872,0.017998,0.000000,-0.485692,0.010,0.935,-17.729,-18.226,0.349,3.137349,0.008998,-0.000361,-0.022331,0.006000,0.000000,-0.044661,0.000000,-2.617966,1,51.59
0.682000,-0.009,0.500000,0.253000,4.940,8.00,-0.123706,0.017366,0.000000,-0.655334,0.010,1.000,-17.730,-18.222,0.349,3.137998,0.008682,-0.000355,-0.022331,0.006000,0.000000,-0.044661,0.000000,-2.617966,1,51.59
0.684000,-0.008,0.500000,0.253000,4.940,8.00,-0.122223,0.016659,0.000000,-0.855678,0.010,1.000,-17.730,-18.217,0.349,3.138702,0.008329,-0.000348,-0.022331,0.006000,0.000000,-0.044661,0.000000,-2.617966,1,51.59
0.686000,-0.008,0.500000,0.253000,4.940,8.00,-0.120421,0.015877,0.000000,-1.012956,0.009,1.000,-17.730,-18.213,0.349,3.139459,0.007938,-0.000339,-0.022331,0.006000,0.000000,-0.044661,0.000000,-2.617966,1,51.59
0.688000,-0.008,0.500000,0.253000,4.940,8.00,-0.118301,0.015022,0.000000,-0.859894,0.009,1.000,-17.730,-18.209,0.349,3.140268,0.007511,-0.000328,-0.022331,0.006000,0.000000,-0.044661,0.000000,-2.617966,1,51.59
0.690000,-0.007,0.500000,0.253000,4.940,8.00,-0.115863,0.014096,0.000000,-0.895740,0.009,1.000,-17.730,-18.204,0.349,3.141128,0.007048,-0.000313,-0.022331,0.006000,0.000000,-0.044661,0.000000,-2.617966,1,51.59
0.692000,-0.007,0.500000,0.253000,4.940,8.00,-0.113107,0.013099,0.000000,-1.143804,0.008,1.000,-17.731,-18.200,0.349,-3.141149,0.006550,-0.000296,-0.022331,0.006000,0.000000,-0.044661,0.000000,-2.617966,1,51.59
0.694000,-0.006,0.500000,0.253000,4.940,8.00,-0.110033,0.012034,0.000000,-1.327785,0.008,1.000,-17.731,-18.195,0.349,-3.140191,0.006017,-0.000275,-0.022331,0.006000,0.000000,-0.044661,0.000000,-2.617966,1,51.59
0.696000,-0.005,0.500000,0.253000,4.940,8.00,-0.106644,0.010902,0.000000,-1.021907,0.008,1.000,-17.731,-18.191,0.349,-3.139187,0.005452,-0.000251,-0.022331,0.006000,0.000000,-0.044661,0.000000,-2.617966,1,51.59
0.698000,-0.005,0.500000,0.253000,4.940,8.00,-0.102938,0.009704,0.000000,-1.058179,0.007,1.000,-17.732,-18.186,0.349,-3.138137,0.004853,-0.000225,-0.022331,0.006000,0.000000,-0.044661,0.000000,-2.617966,1,51.59
0.700000,-0.004,-0.008663,-0.001331,4.940,8.00,-0.098913,0.008444,0.000000,0.000219,0.000,0.017,-17.732,-18.182,0.349,-3.137044,0.004223,-0.000197,-0.022331,0.006000,0.000000,-0.044661,0.000000,-2.617966,1,51.59
0.702000,-0.004,0.461477,0.233739,4.940,8.00,-0.095317,0.007259,0.000000,-0.468736,0.000,0.923,-17.732,-18.177,0.349,-3.136021,0.003630,-0.000173,-0.022331,0.006000,0.000000,-0.044661,0.000000,-2.617966,1,51.59
0.704000,-0.003,0.477649,0.241824,4.940,8.00,-0.091341,0.006029,0.000000,-0.483677,0.000,0.955,-17.732,-18.173,0.349,-3.134967,0.003015,-0.000148,-0.022331,0.006000,0.000000,-0.044661,0.000000,-2.617966,1,51.59
0.706000,-0.002,0.500000,0.253000,4.940,8.00,-0.087028,0.004743,0.000000,-0.531035,0.000,1.000,-17.733,-18.168,0.349,-3.133875,0.002372,-0.000123,-0.022331,0.006000,0.000000,-0.044661,0.000000,-2.617966,1,51.59
0.708000,-0.002,0.500000,0.253000,4.940,8.00,-0.082377,0.003402,0.000000,-0.987557,0.004,1.000,-17.733,-18.164,0.349,-3.132744,0.001702,-0.000097,-0.022331,0.006000,0.000000,-0.044661,0.000000,-2.617966,1,51.59
0.710000,-0.001,0.500000,0.253000,4.940,8.00,-0.077399,0.002002,0.000000,-1.656095,0.004,1.000,-17.733,-18.159,0.349,-3.131571,0.001002,-0.000069,-0.022331,0.006000,0.000000,-0.044661,0.000000,-2.617966,1,51.59
0.712000,-0.000,0.500000,0.253000,4.940,8.00,-0.072092,0.000542,0.000000,-1.208589,0.003,1.000,-17.734,-18.155,0.349,-3.130356,0.000271,-0.000040,-0.022331,0.006000,0.000000,-0.044661,0.000000,-2.617966,1,51.59
0.714000,0.000,0.500000,0.253000,4.940,8.00,-0.066454,-0.000976,0.000000,-1.255857,0.002,1.000,-17.734,-18.150,0.349,-3.129101,-0.000488,-0.000010,-0.022331,0.006000,0.000000,-0.044661,0.000000,-2.617966,1,51.59
0.716000,0.001,0.500000,0.253000,4.940,8.00,-0.060492,-0.002555,0.000000,-1.847954,0.002,1.000,-17.735,-18.146,0.349,-3.127804,-0.001278,0.000020,-0.022331,0.006000,0.000000,-0.044661,0.000000,-2.617966,1,51.59
0.718000,0.002,0.500000,0.253000,4.940,8.00,-0.054222,-0.004196,0.000000,-1.394546,0.001,1.000,-17.735,-18.141,0.349,-3.126462,-0.002099,0.000049,-0.022331,0.006000,0.000000,-0.044661,0.000000,-2.617966,1,51.59
0.720000,0.003,0.500000,0.253000,4.940,8.00,-0.048078,-0.005807,0.000000,-0.813430,0.000,1.000,-17.735,-18.137,0.349,-3.125153,-0.002905,0.000076,-0.028628,0.006000,0.000000,-0.057256,0.000000,0.140092,1,50.68
0.722000,0.004,0.500000,0.253000,4.940,8.00,-0.042056,-0.007372,0.000000,-1.211792,-0.000,1.000,-17.736,-18.133,0.349,-3.123888,-0.003688,0.000100,-0.028628,0.006000,0.000000,-0.057256,0.000000,0.140092,1,50.68
0.724000,0.004,0.500000,0.253000,4.940,8.00,-0.036155,-0.008891,0.000000,-1.831596,-0.001,1.000,-17.736,-18.128,0.349,-3.122668,-0.004448,0.000121,-0.028628,0.006000,0.000000,-0.057256,0.000000,0.140092,1,50.68
0.726000,0.005,0.500000,0.253000,4.940,8.00,-0.030372,-0.010365,0.000000,-1.771245,-0.002,1.000,-17.737,-18.124,0.349,-3.121490,-0.005186,0.000141,-0.028628,0.006000,0.000000,-0.057256,0.000000,0.140092,1,50.68
0.728000,0.006,0.500000,0.253000,4.940,8.00,-0.024704,-0.011795,0.000000,-1.841926,-0.003,1.000,-17.737,-18.119,0.349,-3.120355,-0.005902,0.000158,-0.028628,0.006000,0.000000,-0.057256,0.000000,0.140092,1,50.68
0.730000,0.007,0.500000,0.253000,4.940,8.00,-0.019150,-0.013181,0.000000,-2.174356,-0.004,1.000,-17.737,-18.115,0.349,-3.119260,-0.006596,0.000169,-0.028628,0.006000,0.000000,-0.057256,0.000000,0.140092,1,50.68
0.732000,0.007,0.500000,0.253000,4.940,8.00,-0.013707,-0.014526,0.000000,-2.340183,-0.004,1.000,-17.738,-18.110,0.349,-3.118204,-0.007269,0.000170,-0.028628,0.006000,0.000000,-0.057256,0.000000,0.140092,1,50.68
0.734000,0.008,0.500000,0.253000,4.940,8.00,-0.008372,-0.015828,0.000000,-2.146318,-0.005,1.000,-17.738,-18.106,0.349,-3.117188,-0.007920,0.000162,-0.028628,0.006000,0.000000,-0.057256,0.000000,0.140092,1,50.68
0.736000,0.009,0.500000,0.253000,4.940,8.00,-0.003145,-0.017089,0.000000,-1.633556,-0.006,1.000,-17.738,-18.102,0.349,-3.116209,-0.008551,0.000146,-0.028628,0.006000,0.000000,-0.057256,0.000000,0.140092,1,50.68
0.738000,0.009,0.500000,0.253000,4.940,8.00,0.001978,-0.018309,0.000000,-1.644498,-0.007,1.000,-17.739,-18.097,0.349,-3.115266,-0.009161,0.000123,-0.028628,0.006000,0.000000,-0.057256,0.000000,0.140092,1,50.68
0.740000,0.010,0.500000,0.253000,4.940,8.00,0.006999,-0.019489,0.000000,-1.759997,-0.007,1.000,-17.739,-18.093,0.349,-3.114360,-0.009751,0.000095,-0.028628,0.006000,0.000000,-0.057256,0.000000,0.140092,1,50.68
0.742000,0.010,0.500000,0.253000,4.940,8.00,0.011919,-0.020629,0.000000,-1.629392,-0.008,1.000,-17.739,-18.088,0.349,-3.113490,-0.010320,0.000064,-0.028628,0.006000,0.000000,-0.057256,0.000000,0.140092,1,50.68
0.744000,0.011,0.500000,0.253000,4.940,8.00,0.016741,-0.021729,0.000000,-1.155137,-0.009,1.000,-17.740,-18.084,0.349,-3.112654,-0.010870,0.000030,-0.028628,0.006000,0.000000,-0.057256,0.000000,0.140092,1,50.68
0.746000,0.011,0.500000,0.253000,4.940,8.00,0.021466,-0.022789,0.000000,-1.155543,-0.009,1.000,-17.740,-18.080,0.349,-3.111852,-0.011400,-0.000005,-0.028628,0.006000,0.000000,-0.057256,0.000000,0.140092,1,50.68
0.748000,0.012,0.500000,0.253000,4.940,8.00,0.026097,-0.023811,0.000000,-1.487861,-0.010,1.000,-17.740,-18.075,0.349,-3.111083,-0.011910,-0.000041,-0.028628,0.006000,0.000000,-0.057256,0.000000,0.140092,1,50.68
0.750000,0.012,0.500000,0.253000,4.940,8.00,0.030635,-0.024795,0.000000,-1.351868,-0.010,1.000,-17.741,-18.071,0.349,-3.110347,-0.012401,-0.000077,-0.028628,0.006000,0.000000,-0.057256,0.000000,0.140092,1,50.68
0.752000,0.013,0.500000,0.253000,4.940,8.00,0.035083,-0.025740,0.000000,-0.908834,-0.011,1.000,-17.741,-18.066,0.349,-3.109643,-0.012873,-0.000114,-0.028628,0.006000,0.000000,-0.057256,0.000000,0.140092,1,50.68
0.754000,0.013,0.500000,0.253000,4.940,8.00,0.039441,-0.026648,0.000000,-0.955846,-0.011,1.000,-17.741,-18.062,0.349,-3.108970,-0.013326,-0.000149,-0.028628,0.006000,0.000000,-0.057256,0.000000,0.140092,1,50.68
0.756000,0.014,0.500000,0.253000,4.940,8.00,0.043712,-0.027518,0.000000,-1.234846,-0.012,1.000,-17.741,-18.058,0.349,-3.108328,-0.013761,-0.000185,-0.028628,0.006000,0.000000,-0.057256,0.000000,0.140092,1,50.68
0.758000,0.014,0.500000,0.253000,4.940,8.00,0.047898,-0.028352,0.000000,-1.178251,-0.012,1.000,-17.742,-18.053,0.349,-3.107715,-0.014177,-0.000219,-0.028628,0.006000,0.000000,-0.057256,0.000000,0.140092,1,50.68
0.760000,0.015,0.500000,0.253000,4.940,8.00,0.052000,-0.029150,0.000000,-0.788937,-0.013,1.000,-17.742,-18.049,0.349,-3.107133,-0.014575,-0.000253,-0.028628,0.006000,0.000000,-0.057256,0.000000,0.140092,1,50.68
0.762000,0.015,0.500000,0.253000,4.940,8.00,0.056021,-0.029912,0.000000,-0.835502,-0.013,1.000,-17.742,-18.044,0.349,-3.106579,-0.014956,-0.000285,-0.028628,0.006000,0.000000,-0.057256,0.000000,0.140092,1,50.68
0.764000,0.015,0.500000,0.253000,4.940,8.00,0.059960,-0.030638,0.000000,-1.063064,-0.014,1.000,-17.743,-18.040,0.349,-3.106053,-0.015318,-0.000317,-0.028628,0.006000,0.000000,-0.057256,0.000000,0.140092,1,50.68
0.766000,0.016,0.500000,0.253000,4.940,8.00,0.063821,-0.031330,0.000000,-0.965440,-0.014,1.000,-17.743,-18.036,0.349,-3.105556,-0.015663,-0.000347,-0.028628,0.006000,0.000000,-0.057256,0.000000,0.140092,1,50.68
0.768000,0.016,0.500000,0.253000,4.940,8.00,0.067605,-0.031986,0.000000,-0.606151,-0.015,1.000,-17.743,-18.031,0.349,-3.105085,-0.015991,-0.000376,-0.028628,0.006000,0.000000,-0.057256,0.000000,0.140092,1,50.68
0.770000,0.016,0.500000,0.253000,4.940,8.00,0.071313,-0.032609,0.000000,-0.780633,-0.015,1.000,-17.743,-18.027,0.349,-3.104641,-0.016301,-0.000404,-0.028628,0.006000,0.000000,-0.057256,0.000000,0.140092,1,50.68
0.772000,0.017,0.500000,0.253000,4.940,8.00,0.074947,-0.033197,0.000000,-0.961868,-0.015,1.000,-17.744,-18.022,0.349,-3.104223,-0.016595,-0.000431,-0.028628,0.006000,0.000000,-0.057256,0.000000,0.140092,1,50.68
0.774000,0.017,0.500000,0.253000,4.940,8.00,0.078508,-0.033753,0.000000,-0.907812,-0.016,1.000,-17.744,-18.018,0.349,-3.103831,-0.016872,-0.000456,-0.028628,0.006000,0.000000,-0.057256,0.000000,0.140092,1,50.68
0.776000,0.017,0.500000,0.253000,4.940,8.00,0.081998,-0.034275,0.000000,-0.683343,-0.016,1.000,-17.744,-18.014,0.349,-3.103464,-0.017132,-0.000479,-0.028628,0.006000,0.000000,-0.057256,0.000000,0.140092,1,50.68
0.778000,0.017,0.500000,0.253000,4.940,8.00,0.085418,-0.034764,0.000000,-0.820185,-0.016,1.000,-17.744,-18.009,0.350,-3.103121,-0.017376,-0.000501,-0.028628,0.006000,0.000000,-0.057256,0.000000,0.140092,1,50.68
0.780000,0.018,0.500000,0.253000,4.940,8.00,0.088770,-0.035221,0.000000,-0.816045,-0.017,1.000,-17.745,-18.005,0.350,-3.102803,-0.017604,-0.000521,-0.030256,0.006000,0.000000,-0.060513,0.000000,2.617980,1,50.85
0.782000,0.018,0.500000,0.253000,4.940,8.00,0.092054,-0.035646,0.000000,-0.749385,-0.017,1.000,-17.745,-18.000,0.350,-3.102509,-0.017816,-0.000540,-0.030256,0.006000,0.000000,-0.060513,0.000000,2.617980,1,50.85
0.784000,0.018,0.500000,0.253000,4.940,8.00,0.095273,-0.036039,0.000000,-0.535029,-0.017,1.000,-17.745,-17.996,0.350,-3.102237,-0.018013,-0.000557,-0.030256,0.006000,0.000000,-0.060513,0.000000,2.617980,1,50.85
0.786000,0.018,0.500000,0.253000,4.940,8.00,0.098428,-0.036401,0.000000,-0.537897,-0.017,1.000,-17.745,-17.991,0.350,-3.101989,-0.018193,-0.000572,-0.030256,0.006000,0.000000,-0.060513,0.000000,2.617980,1,50.85
0.788000,0.018,0.500000,0.253000,4.940,8.00,0.101520,-0.036732,0.000000,-0.535278,-0.018,1.000,-17.746,-17.987,0.350,-3.101763,-0.018358,-0.000585,-0.030256,0.006000,0.000000,-0.060513,0.000000,2.617980,1,50.85
0.790000,0.019,0.500000,0.253000,4.940,8.00,0.104549,-0.037033,0.000000,-0.481264,-0.018,1.000,-17.746,-17.983,0.350,-3.101558,-0.018508,-0.000597,-0.030256,0.006000,0.000000,-0.060513,0.000000,2.617980,1,50.85
0.792000,0.019,0.348762,0.177381,4.940,8.00,0.107518,-0.037303,0.000000,-0.311459,-0.018,0.698,-17.746,-17.978,0.350,-3.101375,-0.018643,-0.000608,-0.030256,0.006000,0.000000,-0.060513,0.000000,2.617980,1,50.85
0.794000,0.019,0.342668,0.174334,4.940,8.00,0.110154,-0.037485,0.000000,-0.305183,-0.018,0.685,-17.746,-17.974,0.350,-3.101261,-0.018734,-0.000619,-0.030256,0.006000,0.000000,-0.060513,0.000000,2.617980,1,50.85
0.796000,0.019,0.354445,0.180223,4.940,8.00,0.112464,-0.037579,0.000000,-0.316866,-0.018,0.709,-17.746,-17.969,0.350,-3.101217,-0.018780,-0.000629,-0.030256,0.006000,0.000000,-0.060513,0.000000,2.617980,1,50.85
0.798000,0.019,0.221431,0.113715,4.940,8.00,0.114448,-0.037585,0.000000,-0.183846,-0.019,0.443,-17.746,-17.965,0.350,-3.101241,-0.018783,-0.000640,-0.030256,0.006000,0.000000,-0.060513,0.000000,2.617980,1,50.85
0.800000,0.019,0.038429,0.022214,4.940,8.00,0.116105,-0.037503,0.000000,-0.000925,0.000,0.077,-17.747,-17.960,0.350,-3.101332,-0.018742,-0.000650,-0.030256,0.006000,0.000000,-0.060513,0.000000,2.617980,1,50.85
0.802000,0.019,0.037909,0.021955,4.940,8.00,0.117435,-0.037336,0.000000,-0.000573,0.000,0.076,-17.747,-17.956,0.350,-3.101490,-0.018658,-0.000659,-0.030256,0.006000,0.000000,-0.060513,0.000000,2.617980,1,50.85
0.804000,0.019,-0.061350,-0.027675,4.940,8.00,0.118438,-0.037084,0.000000,0.098433,0.000,0.123,-17.747,-17.952,0.350,-3.101713,-0.018531,-0.000667,-0.030256,0.006000,0.000000,-0.060513,0.000000,2.617980,1,50.85
0.806000,0.018,-0.208142,-0.101071,4.940,8.00,0.119113,-0.036747,0.000000,0.244889,0.000,0.416,-17.747,-17.947,0.350,-3.102000,-0.018362,-0.000674,-0.030256,0.006000,0.000000,-0.060513,0.000000,2.617980,1,50.85
0.808000,0.018,-0.211796,-0.102898,4.940,8.00,0.119460,-0.036327,0.000000,0.248122,-0.019,0.424,-17.747,-17.943,0.350,-3.102350,-0.018152,-0.000680,-0.030256,0.006000,0.000000,-0.060513,0.000000,2.617980,1,50.85
0.810000,0.018,-0.247250,-0.120625,4.940,8.00,0.119479,-0.035824,0.000000,0.283074,-0.019,0.495,-17.747,-17.938,0.350,-3.102762,-0.017900,-0.000684,-0.030256,0.006000,0.000000,-0.060513,0.000000,2.617980,1,50.85
0.812000,0.018,-0.456640,-0.225320,4.940,8.00,0.119169,-0.035239,0.000000,0.491878,-0.019,0.913,-17.747,-17.934,0.350,-3.103235,-0.017607,-0.000686,-0.030256,0.006000,0.000000,-0.060513,0.000000,2.617980,1,50.85
0.814000,0.017,-0.500000,-0.247000,4.940,8.00,0.118530,-0.034573,0.000000,0.685687,-0.018,1.000,-17.747,-17.929,0.350,-3.103767,-0.017274,-0.000686,-0.030256,0.006000,0.000000,-0.060513,0.000000,2.617980,1,50.85
0.816000,0.017,-0.500000,-0.247000,4.940,8.00,0.117561,-0.033828,0.000000,0.549120,-0.018,1.000,-17.747,-17.925,0.350,-3.104357,-0.016901,-0.000684,-0.030256,0.006000,0.000000,-0.060513,0.000000,2.617980,1,50.85
0.818000,0.017,-0.500000,-0.247000,4.940,8.00,0.116266,-0.033005,0.000000,0.547576,-0.018,1.000,-17.747,-17.920,0.350,-3.105005,-0.016489,-0.000678,-0.030256,0.006000,0.000000,-0.060513,0.000000,2.617980,1,50.85
0.820000,0.016,-0.500000,-0.247000,4.940,8.00,0.114644,-0.032105,0.000000,0.596411,-0.018,1.000,-17.747,-17.916,0.350,-3.105707,-0.016040,-0.000666,-0.029373,0.006000,0.000000,-0.058747,0.000000,0.143777,1,50.70
0.822000,0.016,-0.500000,-0.247000,4.940,8.00,0.112698,-0.031130,0.000000,0.811194,-0.017,1.000,-17.747,-17.911,0.350,-3.106464,-0.015552,-0.000651,-0.029373,0.006000,0.000000,-0.058747,0.000000,0.143777,1,50.70
0.824000,0.015,-0.500000,-0.247000,4.940,8.00,0.110426,-0.030081,0.000000,0.574863,-0.017,1.000,-17.747,-17.907,0.350,-3.107273,-0.015028,-0.000630,-0.029373,0.006000,0.000000,-0.058747,0.000000,0.143777,1,50.70
0.826000,0.014,-0.500000,-0.247000,4.940,8.00,0.107829,-0.028959,0.000000,0.903047,-0.017,1.000,-17.747,-17.902,0.350,-3.108134,-0.014468,-0.000605,-0.029373,0.006000,0.000000,-0.058747,0.000000,0.143777,1,50.70
0.828000,0.014,-0.500000,-0.247000,4.940,8.00,0.104908,-0.027766,0.000000,1.452843,-0.016,1.000,-17.747,-17.898,0.350,-3.109046,-0.013872,-0.000575,-0.029373,0.006000,0.000000,-0.058747,0.000000,0.143777,1,50.70
0.830000,0.013,-0.500000,-0.247000,4.940,8.00,0.101662,-0.026503,0.000000,1.905502,-0.016,1.000,-17.747,-17.893,0.349,-3.110006,-0.013241,-0.000540,-0.029373,0.006000,0.000000,-0.058747,0.000000,0.143777,1,50.70
0.832000,0.013,-0.500000,-0.247000,4.940,8.00,0.098091,-0.025170,0.000000,1.551575,-0.015,1.000,-17.747,-17.889,0.349,-3.111014,-0.012576,-0.000502,-0.029373,0.006000,0.000000,-0.058747,0.000000,0.143777,1,50.70
0.834000,0.012,-0.500000,-0.247000,4.940,8.00,0.094197,-0.023771,0.000000,1.924545,-0.014,1.000,-17.747,-17.884,0.349,-3.112069,-0.011877,-0.000459,-0.029373,0.006000,0.000000,-0.058747,0.000000,0.143777,1,50.70
0.836000,0.011,-0.500000,-0.247000,4.940,8.00,0.089978,-0.022305,0.000000,2.284457,-0.014,1.000,-17.747,-17.880,0.349,-3.113169,-0.011145,-0.000413,-0.029373,0.006000,0.000000,-0.058747,0.000000,0.143777,1,50.70
0.838000,0.010,-0.500000,-0.247000,4.940,8.00,0.085460,-0.020780,0.000000,1.856118,-0.013,1.000,-17.747,-17.875,0.349,-3.114310,-0.010384,-0.000369,-0.029373,0.006000,0.000000,-0.058747,0.000000,0.143777,1,50.70
0.840000,0.010,-0.500000,-0.247000,4.940,8.00,0.080640,-0.019197,0.000000,1.339573,-0.013,1.000,-17.746,-17.871,0.349,-3.115489,-0.009593,-0.000326,-0.029373,0.006000,0.000000,-0.058747,0.000000,0.143777,1,50.70
0.842000,0.009,-0.500000,-0.247000,4.940,8.00,0.075524,-0.017559,0.000000,1.382362,-0.012,1.000,-17.746,-17.866,0.349,-3.116706,-0.008775,-0.000285,-0.029373,0.006000,0.000000,-0.058747,0.000000,0.143777,1,50.70
0.844000,0.008,-0.500000,-0.247000,4.940,8.00,0.070114,-0.015867,0.000000,1.634405,-0.011,1.000,-17.746,-17.862,0.349,-3.117957,-0.007930,-0.000246,-0.029373,0.006000,0.000000,-0.058747,0.000000,0.143777,1,50.70
0.846000,0.007,-0.500000,-0.247000,4.940,8.00,0.064414,-0.014125,0.000000,1.663779,-0.010,1.000,-17.746,-17.857,0.349,-3.119243,-0.007060,-0.000210,-0.029373,0.006000,0.000000,-0.058747,0.000000,0.143777,1,50.70
0.848000,0.006,-0.500000,-0.247000,4.940,8.00,0.058427,-0.012334,0.000000,1.564412,-0.010,1.000,-17.746,-17.853,0.349,-3.120559,-0.006165,-0.000176,-0.029373,0.006000,0.000000,-0.058747,0.000000,0.143777,1,50.70
0.850000,0.005,-0.500000,-0.247000,4.940,8.00,0.052318,-0.010530,0.000000,1.654627,-0.009,1.000,-17.745,-17.848,0.349,-3.121878,-0.005263,-0.000145,-0.029373,0.006000,0.000000,-0.058747,0.000000,0.143777,1,50.70
0.852000,0.004,-0.500000,-0.247000,4.940,8.00,0.046332,-0.008757,0.000000,2.171902,-0.008,1.000,-17.745,-17.844,0.349,-3.123162,-0.004377,-0.000116,-0.029373,0.006000,0.000000,-0.058747,0.000000,0.143777,1,50.70
0.854000,0.004,-0.500000,-0.247000,4.940,8.00,0.040465,-0.007031,0.000000,2.148759,-0.007,1.000,-17.745,-17.839,0.349,-3.124400,-0.003514,-0.000087,-0.029373,0.006000,0.000000,-0.058747,0.000000,0.143777,1,50.70
0.856000,0.003,-0.500000,-0.247000,4.940,8.00,0.034716,-0.005351,0.000000,1.441925,-0.006,1.000,-17.745,-17.835,0.349,-3.125593,-0.002675,-0.000060,-0.029373,0.006000,0.000000,-0.058747,0.000000,0.143777,1,50.70
0.858000,0.002,-0.500000,-0.247000,4.940,8.00,0.029081,-0.003716,0.000000,1.526448,-0.005,1.000,-17.745,-17.830,0.349,-3.126740,-0.001858,-0.000034,-0.029373,0.006000,0.000000,-0.058747,0.000000,0.143777,1,50.70
0.860000,0.001,-0.500000,-0.247000,4.940,8.00,0.023559,-0.002126,0.000000,2.025833,-0.004,1.000,-17.745,-17.826,0.349,-3.127846,-0.001063,-0.000011,-0.029373,0.006000,0.000000,-0.058747,0.000000,0.143777,1,50.70
0.862000,0.000,-0.500000,-0.247000,4.940,8.00,0.018148,-0.000576,0.000000,1.872518,-0.004,1.000,-17.744,-17.821,0.349,-3.128911,-0.000288,0.000009,-0.029373,0.006000,0.000000,-0.058747,0.000000,0.143777,1,50.70
0.864000,-0.000,-0.500000,-0.247000,4.940,8.00,0.012845,0.000933,0.000000,1.233107,-0.003,1.000,-17.744,-17.817,0.349,-3.129937,0.000466,0.000026,-0.029373,0.006000,0.000000,-0.058747,0.000000,0.143777,1,50.70
0.866000,-0.001,-0.500000,-0.247000,4.940,8.00,0.007648,0.002402,0.000000,1.315077,-0.002,1.000,-17.744,-17.812,0.349,-3.130925,0.001201,0.000040,-0.029373,0.006000,0.000000,-0.058747,0.000000,0.143777,1,50.70
0.868000,-0.002,-0.500000,-0.247000,4.940,8.00,0.002555,0.003833,0.000000,1.768842,-0.001,1.000,-17.744,-17.808,0.349,-3.131877,0.001916,0.000052,-0.029373,0.006000,0.000000,-0.058747,0.000000,0.143777,1,50.70
0.870000,-0.003,-0.500000,-0.247000,4.940,8.00,-0.002436,0.005225,0.000000,1.162360,-0.000,1.000,-17.744,-17.803,0.349,-3.132793,0.002612,0.000064,-0.029373,0.006000,0.000000,-0.058747,0.000000,0.143777,1,50.70
0.872000,-0.003,-0.500000,-0.247000,4.940,8.00,-0.007328,0.006579,0.000000,0.762824,0.000,1.000,-17.744,-17.799,0.349,-3.133674,0.003289,0.000075,-0.029373,0.006000,0.000000,-0.058747,0.000000,0.143777,1,50.70
0.874000,-0.004,-0.500000,-0.247000,4.940,8.00,-0.012121,0.007895,0.000000,1.151060,0.001,1.000,-17.744,-17.794,0.349,-3.134520,0.003947,0.000085,-0.029373,0.006000,0.000000,-0.058747,0.000000,0.143777,1,50.70
0.876000,-0.005,-0.500000,-0.247000,4.940,8.00,-0.016819,0.009174,0.000000,1.650828,0.002,1.000,-17.743,-17.790,0.349,-3.135332,0.004586,0.000095,-0.029373,0.006000,0.000000,-0.058747,0.000000,0.143777,1,50.70
0.878000,-0.005,-0.500000,-0.247000,4.940,8.00,-0.021423,0.010415,0.000000,1.661315,0.003,1.000,-17.743,-17.785,0.349,-3.136111,0.005207,0.000103,-0.029373,0.006000,0.000000,-0.058747,0.000000,0.143777,1,50.70
0.880000,-0.006,-0.500000,-0.247000,4.940,8.00,-0.025934,0.011620,0.000000,1.721737,0.003,1.000,-17.743,-17.781,0.349,-3.136858,0.005810,0.000111,-0.028903,0.006000,0.000000,-0.057806,0.000000,0.141439,1,50.82
0.882000,-0.006,-0.500000,-0.247000,4.940,8.00,-0.030356,0.012789,0.000000,1.999645,0.004,1.000,-17.743,-17.777,0.349,-3.137573,0.006394,0.000118,-0.028903,0.006000,0.000000,-0.057806,0.000000,0.141439,1,50.82
0.884000,-0.007,-0.500000,-0.247000,4.940,8.00,-0.034689,0.013921,0.000000,2.099011,0.005,1.000,-17.743,-17.772,0.349,-3.138257,0.006960,0.000117,-0.028903,0.006000,0.000000,-0.057806,0.000000,0.141439,1,50.82
0.886000,-0.008,-0.500000,-0.247000,4.940,8.00,-0.038935,0.015019,0.000000,1.957394,0.005,1.000,-17.743,-17.768,0.349,-3.138910,0.007509,0.000106,-0.028903,0.006000,0.000000,-0.057806,0.000000,0.141439,1,50.82
0.888000,-0.008,-0.500000,-0.247000,4.940,8.00,-0.043096,0.016080,0.000000,1.439266,0.006,1.000,-17.743,-17.763,0.349,-3.139534,0.008040,0.000087,-0.028903,0.006000,0.000000,-0.057806,0.000000,0.141439,1,50.82
0.890000,-0.009,-0.500000,-0.247000,4.940,8.00,-0.047175,0.017107,0.000000,1.445789,0.006,1.000,-17.743,-17.759,0.349,-3.140128,0.008554,0.000062,-0.028903,0.006000,0.000000,-0.057806,0.000000,0.141439,1,50.82
0.892000,-0.009,-0.500000,-0.247000,4.940,8.00,-0.051171,0.018099,0.000000,1.453212,0.007,1.000,-17.743,-17.755,0.349,-3.140694,0.009050,0.000031,-0.028903,0.006000,0.000000,-0.057806,0.000000,0.141439,1,50.82
0.894000,-0.010,-0.500000,-0.247000,4.940,8.00,-0.055088,0.019057,0.000000,1.365553,0.008,1.000,-17.743,-17.750,0.349,-3.141232,0.009529,-0.000002,-0.028903,0.006000,0.000000,-0.057806,0.000000,0.141439,1,50.82
0.896000,-0.010,-0.500000,-0.247000,4.940,8.00,-0.058926,0.019981,0.000000,0.917191,0.008,1.000,-17.743,-17.746,0.349,3.141443,0.009991,-0.000039,-0.028903,0.006000,0.000000,-0.057806,0.000000,0.141439,1,50.82
0.898000,-0.010,-0.500000,-0.247000,4.940,8.00,-0.062688,0.020871,0.000000,0.898976,0.009,1.000,-17.743,-17.741,0.349,3.140960,0.010435,-0.000076,-0.028903,0.006000,0.000000,-0.057806,0.000000,0.141439,1,50.82
0.900000,-0.011,-0.022232,-0.008116,4.940,8.00,-0.066374,0.021727,0.000000,0.000504,0.000,0.044,-17.743,-17.737,0.349,3.140504,0.010864,-0.000113,-0.028903,0.006000,0.000000,-0.057806,0.000000,0.141439,1,50.82
0.902000,-0.011,-0.376964,-0.185482,4.940,8.00,-0.069762,0.022503,0.000000,0.354462,0.000,0.754,-17.742,-17.732,0.349,3.140113,0.011251,-0.000151,-0.028903,0.006000,0.000000,-0.057806,0.000000,0.141439,1,50.82
0.904000,-0.012,-0.388380,-0.191190,4.940,8.00,-0.072857,0.023197,0.000000,0.365183,0.000,0.777,-17.742,-17.728,0.349,3.139787,0.011598,-0.000189,-0.028903,0.006000,0.000000,-0.057806,0.000000,0.141439,1,50.82
0.906000,-0.012,-0.434527,-0.214264,4.940,8.00,-0.075661,0.023811,0.000000,0.410717,0.000,0.869,-17.742,-17.724,0.349,3.139526,0.011905,-0.000225,-0.028903,0.006000,0.000000,-0.057806,0.000000,0.141439,1,50.82
0.908000,-0.012,-0.500000,-0.247000,4.940,8.00,-0.078433,0.024400,0.000000,0.634285,0.011,1.000,-17.742,-17.719,0.349,3.139282,0.012200,-0.000259,-0.028903,0.006000,0.000000,-0.057806,0.000000,0.141439,1,50.82
0.910000,-0.013,-0.500000,-0.247000,4.940,8.00,-0.081501,0.025038,0.000000,0.887559,0.011,1.000,-17.742,-17.715,0.349,3.138997,0.012519,-0.000289,-0.028903,0.006000,0.000000,-0.057806,0.000000,0.141439,1,50.82
0.912000,-0.013,-0.500000,-0.247000,4.940,8.00,-0.084811,0.025715,0.000000,0.542407,0.012,1.000,-17.742,-17.710,0.349,3.138676,0.012857,-0.000314,-0.028903,0.006000,0.000000,-0.057806,0.000000,0.141439,1,50.82
0.914000,-0.013,-0.500000,-0.247000,4.940,8.00,-0.088055,0.026365,0.000000,0.569677,0.012,1.000,-17.742,-17.706,0.349,3.138375,0.013182,-0.000337,-0.028903,0.006000,0.000000,-0.057806,0.000000,0.141439,1,50.82
0.916000,-0.013,-0.500000,-0.247000,4.940,8.00,-0.091234,0.026983,0.000000,0.773799,0.012,1.000,-17.742,-17.702,0.349,3.138097,0.013491,-0.000359,-0.028903,0.006000,0.000000,-0.057806,0.000000,0.141439,1,50.82
0.918000,-0.014,-0.500000,-0.247000,4.940,8.00,-0.094349,0.027571,0.000000,0.791839,0.013,1.000,-17.742,-17.697,0.349,3.137841,0.013784,-0.000379,-0.028903,0.006000,0.000000,-0.057806,0.000000,0.141439,1,50.82
0.920000,-0.014,-0.500000,-0.247000,4.940,8.00,-0.097402,0.028128,0.000000,0.539069,0.013,1.000,-17.742,-17.693,0.349,3.137608,0.014063,-0.000398,-0.028980,0.006000,0.000000,-0.057960,0.000000,0.141819,1,50.23
0.922000,-0.014,-0.500000,-0.247000,4.940,8.00,-0.100394,0.028654,0.000000,0.671723,0.013,1.000,-17.742,-17.688,0.349,3.137396,0.014326,-0.000416,-0.028980,0.006000,0.000000,-0.057960,0.000000,0.141819,1,50.23
0.924000,-0.015,-0.500000,-0.247000,4.940,8.00,-0.103327,0.029151,0.000000,0.862773,0.013,1.000,-17.742,-17.684,0.349,3.137205,0.014574,-0.000432,-0.028980,0.006000,0.000000,-0.057960,0.000000,0.141819,1,50.23
0.926000,-0.015,-0.500000,-0.247000,4.940,8.00,-0.106200,0.029618,0.000000,0.836893,0.014,1.000,-17.742,-17.679,0.349,3.137036,0.014808,-0.000448,-0.028980,0.006000,0.000000,-0.057960,0.000000,0.141819,1,50.23
0.928000,-0.015,-0.500000,-0.247000,4.940,8.00,-0.109016,0.030055,0.000000,0.618128,0.014,1.000,-17.742,-17.675,0.349,3.136887,0.015026,-0.000463,-0.028980,0.006000,0.000000,-0.057960,0.000000,0.141819,1,50.23
0.930000,-0.015,-0.500000,-0.247000,4.940,8.00,-0.111776,0.030463,0.000000,0.741695,0.014,1.000,-17.742,-17.671,0.350,3.136757,0.015230,-0.000477,-0.028980,0.006000,0.000000,-0.057960,0.000000,0.141819,1,50.23
0.932000,-0.015,-0.500000,-0.247000,4.940,8.00,-0.114481,0.030843,0.000000,0.758906,0.015,1.000,-17.742,-17.666,0.350,3.136648,0.015420,-0.000490,-0.028980,0.006000,0.000000,-0.057960,0.000000,0.141819,1,50.23
0.934000,-0.016,-0.500000,-0.247000,4.940,8.00,-0.117131,0.031194,0.000000,0.708067,0.015,1.000,-17.742,-17.662,0.350,3.136557,0.015595,-0.000503,-0.028980,0.006000,0.000000,-0.057960,0.000000,0.141819,1,50.23
0.936000,-0.016,-0.500000,-0.247000,4.940,8.00,-0.119729,0.031516,0.000000,0.499919,0.015,1.000,-17.742,-17.657,0.350,3.136486,0.015756,-0.000516,-0.028980,0.006000,0.000000,-0.057960,0.000000,0.141819,1,50.23
0.938000,-0.016,-0.500000,-0.247000,4.940,8.00,-0.122274,0.031810,0.000000,0.498998,0.015,1.000,-17.742,-17.653,0.350,3.136433,0.015903,-0.000527,-0.028980,0.006000,0.000000,-0.057960,0.000000,0.141819,1,50.23
0.940000,-0.016,-0.500000,-0.247000,4.940,8.00,-0.124769,0.032076,0.000000,0.504365,0.015,1.000,-17.742,-17.648,0.350,3.136398,0.016036,-0.000539,-0.028980,0.006000,0.000000,-0.057960,0.000000,0.141819,1,50.23
0.942000,-0.016,-0.489065,-0.241532,4.940,8.00,-0.127213,0.032315,0.000000,0.456750,0.016,0.978,-17.742,-17.644,0.350,3.136380,0.016156,-0.000550,-0.028980,0.006000,0.000000,-0.057960,0.000000,0.141819,1,50.23
0.944000,-0.016,-0.313398,-0.153699,4.940,8.00,-0.129500,0.032503,0.000000,0.280895,0.016,0.627,-17.742,-17.639,0.350,3.136400,0.016249,-0.000561,-0.028980,0.006000,0.000000,-0.057960,0.000000,0.141819,1,50.23
0.946000,-0.016,-0.304849,-0.149424,4.940,8.00,-0.131503,0.032611,0.000000,0.272238,0.016,0.610,-17.742,-17.635,0.350,3.136478,0.016304,-0.000573,-0.028980,0.006000,0.000000,-0.057960,0.000000,0.141819,1,50.23
0.948000,-0.016,-0.296098,-0.145049,4.940,8.00,-0.133226,0.032641,0.000000,0.263457,0.016,0.592,-17.742,-17.631,0.350,3.136616,0.016318,-0.000584,-0.028980,0.006000,0.000000,-0.057960,0.000000,0.141819,1,50.23
0.950000,-0.016,-0.149389,-0.071694,4.940,8.00,-0.134669,0.032592,0.000000,0.116797,0.016,0.299,-17.743,-17.626,0.350,3.136812,0.016294,-0.000596,-0.028980,0.006000,0.000000,-0.057960,0.000000,0.141819,1,50.23
0.952000,-0.016,-0.036667,-0.015333,4.940,8.00,-0.135832,0.032466,0.000000,0.004201,0.016,0.073,-17.743,-17.622,0.350,3.137065,0.016231,-0.000606,-0.028980,0.006000,0.000000,-0.057960,0.000000,0.141819,1,50.23
0.954000,-0.016,-0.021056,-0.007528,4.940,8.00,-0.136716,0.032263,0.000000,-0.011207,0.016,0.042,-17.743,-17.617,0.350,3.137373,0.016130,-0.000615,-0.028980,0.006000,0.000000,-0.057960,0.000000,0.141819,1,50.23
0.956000,-0.016,0.079751,0.042875,4.940,8.00,-0.137321,0.031985,0.000000,-0.111736,0.016,0.160,-17.743,-17.613,0.350,3.137737,0.015991,-0.000623,-0.028980,0.006000,0.000000,-0.057960,0.000000,0.141819,1,50.23
0.958000,-0.016,0.242467,0.124234,4.940,8.00,-0.137646,0.031632,0.000000,-0.274099,0.016,0.485,-17.743,-17.608,0.350,3.138155,0.015815,-0.000628,-0.028980,0.006000,0.000000,-0.057960,0.000000,0.141819,1,50.23
0.960000,-0.016,0.231460,0.118730,4.940,8.00,-0.137693,0.031206,0.000000,-0.262666,0.016,0.463,-17.743,-17.604,0.350,3.138624,0.015602,-0.000631,-0.028980,0.006000,0.000000,-0.057960,0.000000,0.141819,1,50.23
0.962000,-0.015,0.263383,0.134692,4.940,8.00,-0.137462,0.030707,0.000000,-0.294090,0.016,0.527,-17.743,-17.599,0.350,3.139146,0.015353,-0.000631,-0.028980,0.006000,0.000000,-0.057960,0.000000,0.141819,1,50.23
0.964000,-0.015,0.477095,0.241547,4.940,8.00,-0.136953,0.030136,0.000000,-0.507231,0.016,0.954,-17.743,-17.595,0.350,3.139719,0.015068,-0.000628,-0.028980,0.006000,0.000000,-0.057960,0.000000,0.141819,1,50.23
0.966000,-0.015,0.500000,0.253000,4.940,8.00,-0.136166,0.029495,0.000000,-0.699867,0.016,1.000,-17.744,-17.590,0.350,3.140340,0.014747,-0.000622,-0.028980,0.006000,0.000000,-0.057960,0.000000,0.141819,1,50.23
0.968000,-0.014,0.500000,0.253000,4.940,8.00,-0.135100,0.028784,0.000000,-0.559719,0.016,1.000,-17.744,-17.586,0.350,3.141011,0.014392,-0.000612,-0.028980,0.006000,0.000000,-0.057960,0.000000,0.141819,1,50.23
0.970000,-0.014,0.500000,0.253000,4.940,8.00,-0.133757,0.028004,0.000000,-0.603658,0.015,1.000,-17.744,-17.581,0.350,-3.141457,0.014003,-0.000598,-0.028980,0.006000,0.000000,-0.057960,0.000000,0.141819,1,50.23
0.972000,-0.014,0.500000,0.253000,4.940,8.00,-0.132135,0.027157,0.000000,-0.572248,0.015,1.000,-17.744,-17.577,0.350,-3.140692,0.013579,-0.000580,-0.028980,0.006000,0.000000,-0.057960,0.000000,0.141819,1,50.23
0.974000,-0.013,0.500000,0.253000,4.940,8.00,-0.130236,0.026242,0.000000,-0.685814,0.015,1.000,-17.744,-17.573,0.350,-3.139882,0.013123,-0.000559,-0.028980,0.006000,0.000000,-0.057960,0.000000,0.141819,1,50.23
0.976000,-0.013,0.423305,0.214652,4.940,8.00,-0.128058,0.025262,0.000000,-0.448567,0.014,0.847,-17.745,-17.568,0.350,-3.139028,0.012633,-0.000534,-0.028980,0.006000,0.000000,-0.057960,0.000000,0.141819,1,50.23
0.978000,-0.012,0.500000,0.253000,4.940,8.00,-0.125601,0.024218,0.000000,-0.698349,0.014,1.000,-17.745,-17.564,0.349,-3.138130,0.012111,-0.000505,-0.028980,0.006000,0.000000,-0.057960,0.000000,0.141819,1,50.23
0.980000,-0.012,0.500000,0.253000,4.940,8.00,-0.122866,0.023109,0.000000,-1.084657,0.014,1.000,-17.745,-17.559,0.349,-3.137190,0.011557,-0.000472,-0.029181,0.006000,0.000000,-0.058362,0.000000,-2.617963,1,50.25
0.982000,-0.011,0.500000,0.253000,4.940,8.00,-0.119851,0.021937,0.000000,-1.600603,0.013,1.000,-17.746,-17.555,0.349,-3.136208,0.010971,-0.000436,-0.029181,0.006000,0.000000,-0.058362,0.000000,-2.617963,1,50.25
0.984000,-0.010,0.500000,0.253000,4.940,8.00,-0.116574,0.020708,0.000000,-1.323122,0.013,1.000,-17.746,-17.550,0.349,-3.135187,0.010357,-0.000401,-0.029181,0.006000,0.000000,-0.058362,0.000000,-2.617963,1,50.25
0.986000,-0.010,0.500000,0.253000,4.940,8.00,-0.113036,0.019422,0.000000,-1.553135,0.012,1.000,-17.746,-17.546,0.349,-3.134131,0.009714,-0.000367,-0.029181,0.006000,0.000000,-0.058362,0.000000,-2.617963,1,50.25
0.988000,-0.009,0.500000,0.253000,4.940,8.00,-0.109238,0.018082,0.000000,-1.679726,0.012,1.000,-17.746,-17.541,0.349,-3.133040,0.009044,-0.000333,-0.029181,0.006000,0.000000,-0.058362,0.000000,-2.617963,1,50.25
0.990000,-0.008,0.500000,0.253000,4.940,8.00,-0.105182,0.016689,0.000000,-1.347222,0.011,1.000,-17.747,-17.537,0.349,-3.131915,0.008348,-0.000301,-0.029181,0.006000,0.000000,-0.058362,0.000000,-2.617963,1,50.25
0.992000,-0.008,0.500000,0.253000,4.940,8.00,-0.100871,0.015244,0.000000,-0.846656,0.010,1.000,-17.747,-17.532,0.349,-3.130758,0.007626,-0.000270,-0.029181,0.006000,0.000000,-0.058362,0.000000,-2.617963,1,50.25
0.994000,-0.007,0.500000,0.253000,4.940,8.00,-0.096305,0.013750,0.000000,-0.892888,0.010,1.000,-17.747,-17.528,0.349,-3.129570,0.006878,-0.000240,-0.029181,0.006000,0.000000,-0.058362,0.000000,-2.617963,1,50.25
0.996000,-0.006,0.500000,0.253000,4.940,8.00,-0.091488,0.012208,0.000000,-1.199826,0.009,1.000,-17.748,-17.523,0.349,-3.128352,0.006107,-0.000213,-0.029181,0.006000,0.000000,-0.058362,0.000000,-2.617963,1,50.25
0.998000,-0.005,0.500000,0.253000,4.940,8.00,-0.086421,0.010620,0.000000,-1.443918,0.008,1.000,-17.748,-17.519,0.349,-3.127106,0.005313,-0.000187,-0.029181,0.006000,0.000000,-0.058362,0.000000,-2.617963,1,50.25
1.000000,-0.004,-0.009188,-0.001594,4.940,8.00,-0.081101,0.008989,0.000000,0.000199,0.000,0.018,-17.749,-17.514,0.349,-3.125834,0.004498,-0.000162,-0.029181,0.006000,0.000000,-0.058362,0.000000,-2.617963,1,50.25
1.002000,-0.004,-0.004325,0.000837,4.940,8.00,-0.076126,0.007416,0.000000,-0.003091,0.000,0.009,-17.749,-17.510,0.349,-3.124620,0.003711,-0.000137,-0.029181,0.006000,0.000000,-0.058362,0.000000,-2.617963,1,50.25
1.004000,-0.003,0.500000,0.253000,4.940,8.00,-0.071447,0.005928,0.000000,-0.629301,0.000,1.000,-17.749,-17.505,0.349,-3.123481,0.002966,-0.000111,-0.029181,0.006000,0.000000,-0.058362,0.000000,-2.617963,1,50.25
1.006000,-0.002,0.500000,0.253000,4.940,8.00,-0.066498,0.004405,0.000000,-1.454448,0.000,1.000,-17.750,-17.501,0.349,-3.122321,0.002204,-0.000087,-0.029181,0.006000,0.000000,-0.058362,0.000000,-2.617963,1,50.25
1.008000,-0.001,0.500000,0.253000,4.940,8.00,-0.061286,0.002848,0.000000,-1.468125,0.004,1.000,-17.750,-17.496,0.349,-3.121140,0.001425,-0.000066,-0.029181,0.006000,0.000000,-0.058362,0.000000,-2.617963,1,50.25
1.010000,-0.001,0.500000,0.253000,4.940,8.00,-0.055817,0.001248,0.000000,-1.575304,0.004,1.000,-17.750,-17.492,0.349,-3.119931,0.000625,-0.000043,-0.029181,0.006000,0.000000,-0.058362,0.000000,-2.617963,1,50.25
1.012000,0.000,0.500000,0.253000,4.940,8.00,-0.050090,-0.000395,0.000000,-2.357679,0.003,1.000,-17.751,-17.487,0.349,-3.118695,-0.000197,-0.000018,-0.029181,0.006000,0.000000,-0.058362,0.000000,-2.617963,1,50.25
1.014000,0.001,0.500000,0.253000,4.940,8.00,-0.044104,-0.002080,0.000000,-2.417941,0.002,1.000,-17.751,-17.483,0.349,-3.117432,-0.001040,0.000007,-0.029181,0.006000,0.000000,-0.058362,0.000000,-2.617963,1,50.25
1.016000,0.002,0.500000,0.253000,4.940,8.00,-0.038162,-0.003739,0.000000,-1.614971,0.001,1.000,-17.751,-17.478,0.349,-3.116195,-0.001871,0.000031,-0.029181,0.006000,0.000000,-0.058362,0.000000,-2.617963,1,50.25
1.018000,0.003,0.500000,0.253000,4.940,8.00,-0.032339,-0.005354,0.000000,-1.702792,0.001,1.000,-17.752,-17.474,0.349,-3.115001,-0.002679,0.000054,-0.029181,0.006000,0.000000,-0.058362,0.000000,-2.617963,1,50.25
1.020000,0.003,0.500000,0.253000,4.940,8.00,-0.026632,-0.006924,0.000000,-2.252342,-0.000,1.000,-17.752,-17.469,0.349,-3.113849,-0.003465,0.000076,-0.029181,0.006000,0.000000,-0.058362,0.000000,-2.617963,1,50.25
1.022000,0.004,0.500000,0.253000,4.940,8.00,-0.021039,-0.008449,0.000000,-1.468989,-0.001,1.000,-17.753,-17.465,0.349,-3.112739,-0.004229,0.000096,-0.029181,0.006000,0.000000,-0.058362,0.000000,-2.617963,1,50.25
1.024000,0.005,0.500000,0.253000,4.940,8.00,-0.015558,-0.009931,0.000000,-0.851260,-0.002,1.000,-17.753,-17.460,0.349,-3.111669,-0.004971,0.000114,-0.029181,0.006000,0.000000,-0.058362,0.000000,-2.617963,1,50.25
1.026000,0.006,0.500000,0.253000,4.940,8.00,-0.010186,-0.011370,0.000000,-1.190011,-0.003,1.000,-17.753,-17.456,0.349,-3.110639,-0.005692,0.000131,-0.029181,0.006000,0.000000,-0.058362,0.000000,-2.617963,1,50.25
1.028000,0.006,0.500000,0.253000,4.940,8.00,-0.004923,-0.012766,0.000000,-1.671493,-0.003,1.000,-17.754,-17.452,0.349,-3.109647,-0.006391,0.000146,-0.029181,0.006000,0.000000,-0.058362,0.000000,-2.617963,1,50.25
1.030000,0.007,0.500000,0.253000,4.940,8.00,0.000236,-0.014121,0.000000,-1.557890,-0.004,1.000,-17.754,-17.447,0.349,-3.108693,-0.007070,0.000159,-0.029181,0.006000,0.000000,-0.058362,0.000000,-2.617963,1,50.25
1.032000,0.008,0.500000,0.253000,4.940,8.00,0.005291,-0.015435,0.000000,-1.619915,-0.005,1.000,-17.754,-17.443,0.349,-3.107775,-0.007728,0.000164,-0.029181,0.006000,0.000000,-0.058362,0.000000,-2.617963,1,50.25
1.034000,0.008,0.500000,0.253000,4.940,8.00,0.010246,-0.016709,0.000000,-1.922280,-0.006,1.000,-17.755,-17.438,0.349,-3.106893,-0.008365,0.000159,-0.029181,0.006000,0.000000,-0.058362,0.000000,-2.617963,1,50.25
1.036000,0.009,0.500000,0.253000,4.940,8.00,0.015101,-0.017942,0.000000,-2.062072,-0.006,1.000,-17.755,-17.434,0.349,-3.106045,-0.008982,0.000144,-0.029181,0.006000,0.000000,-0.058362,0.000000,-2.617963,1,50.25
1.038000,0.010,0.500000,0.253000,4.940,8.00,0.019859,-0.019136,0.000000,-1.558088,-0.007,1.000,-17.755,-17.429,0.349,-3.105232,-0.009579,0.000121,-0.029181,0.006000,0.000000,-0.058362,0.000000,-2.617963,1,50.25
1.040000,0.010,0.500000,0.253000,4.940,8.00,0.024522,-0.020291,0.000000,-1.029009,-0.008,1.000,-17.756,-17.425,0.349,-3.104452,-0.010156,0.000092,-0.029952,0.006000,0.000000,-0.059903,0.000000,2.617982,1,50.24
1.042000,0.011,0.500000,0.253000,4.940,8.00,0.029092,-0.021406,0.000000,-1.037366,-0.008,1.000,-17.756,-17.421,0.349,-3.103705,-0.010713,0.000058,-0.029952,0.006000,0.000000,-0.059903,0.000000,2.617982,1,50.24
1.044000,0.011,0.500000,0.253000,4.940,8.00,0.033570,-0.022483,0.000000,-1.190352,-0.009,1.000,-17.756,-17.416,0.349,-3.102990,-0.011251,0.000021,-0.029952,0.006000,0.000000,-0.059903,0.000000,2.617982,1,50.24
1.046000,0.012,0.500000,0.253000,4.940,8.00,0.037959,-0.023521,0.000000,-1.248143,-0.010,1.000,-17.757,-17.412,0.349,-3.102307,-0.011769,-0.000018,-0.029952,0.006000,0.000000,-0.059903,0.000000,2.617982,1,50.24
1.048000,0.012,0.500000,0.253000,4.940,8.00,0.042260,-0.024522,0.000000,-1.181046,-0.010,1.000,-17.757,-17.408,0.349,-3.101654,-0.012269,-0.000059,-0.029952,0.006000,0.000000,-0.059903,0.000000,2.617982,1,50.24
1.050000,0.013,0.500000,0.253000,4.940,8.00,0.046475,-0.025484,0.000000,-1.239709,-0.011,1.000,-17.757,-17.403,0.349,-3.101031,-0.012749,-0.000100,-0.029952,0.006000,0.000000,-0.059903,0.000000,2.617982,1,50.24
1.052000,0.013,0.500000,0.253000,4.940,8.00,0.050606,-0.026409,0.000000,-1.543889,-0.011,1.000,-17.757,-17.399,0.349,-3.100439,-0.013210,-0.000141,-0.029952,0.006000,0.000000,-0.059903,0.000000,2.617982,1,50.24
1.054000,0.014,0.500000,0.253000,4.940,8.00,0.054654,-0.027297,0.000000,-1.339044,-0.012,1.000,-17.758,-17.394,0.349,-3.099875,-0.013653,-0.000182,-0.029952,0.006000,0.000000,-0.059903,0.000000,2.617982,1,50.24
1.056000,0.014,0.500000,0.253000,4.940,8.00,0.058621,-0.028149,0.000000,-0.790356,-0.012,1.000,-17.758,-17.390,0.349,-3.099339,-0.014078,-0.000222,-0.029952,0.006000,0.000000,-0.059903,0.000000,2.617982,1,50.24
1.058000,0.014,0.500000,0.253000,4.940,8.00,0.062508,-0.028964,0.000000,-0.836041,-0.013,1.000,-17.758,-17.386,0.349,-3.098832,-0.014485,-0.000261,-0.029952,0.006000,0.000000,-0.059903,0.000000,2.617982,1,50.24
1.060000,0.015,0.500000,0.253000,4.940,8.00,0.066318,-0.029744,0.000000,-1.054214,-0.013,1.000,-17.759,-17.381,0.349,-3.098352,-0.014873,-0.000299,-0.029952,0.006000,0.000000,-0.059903,0.000000,2.617982,1,50.24
1.062000,0.015,0.500000,0.253000,4.940,8.00,0.070052,-0.030488,0.000000,-0.977179,-0.014,1.000,-17.759,-17.377,0.349,-3.097899,-0.015244,-0.000336,-0.029952,0.006000,0.000000,-0.059903,0.000000,2.617982,1,50.24
1.064000,0.016,0.500000,0.253000,4.940,8.00,0.073711,-0.031197,0.000000,-0.666379,-0.014,1.000,-17.759,-17.372,0.349,-3.097472,-0.015598,-0.000372,-0.029952,0.006000,0.000000,-0.059903,0.000000,2.617982,1,50.24
1.066000,0.016,0.500000,0.253000,4.940,8.00,0.077297,-0.031871,0.000000,-0.703115,-0.014,1.000,-17.759,-17.368,0.349,-3.097071,-0.015934,-0.000405,-0.029952,0.006000,0.000000,-0.059903,0.000000,2.617982,1,50.24
1.068000,0.016,0.500000,0.253000,4.940,8.00,0.080811,-0.032511,0.000000,-0.864562,-0.015,1.000,-17.760,-17.363,0.349,-3.096695,-0.016253,-0.000437,-0.029952,0.006000,0.000000,-0.059903,0.000000,2.617982,1,50.24
1.070000,0.017,0.500000,0.253000,4.940,8.00,0.084255,-0.033118,0.000000,-0.829879,-0.015,1.000,-17.760,-17.359,0.349,-3.096344,-0.016555,-0.000468,-0.029952,0.006000,0.000000,-0.059903,0.000000,2.617982,1,50.24
1.072000,0.017,0.500000,0.253000,4.940,8.00,0.087630,-0.033690,0.000000,-0.531106,-0.016,1.000,-17.760,-17.355,0.349,-3.096018,-0.016841,-0.000496,-0.029952,0.006000,0.000000,-0.059903,0.000000,2.617982,1,50.24
1.074000,0.017,0.500000,0.253000,4.940,8.00,0.090938,-0.034230,0.000000,-0.669021,-0.016,1.000,-17.760,-17.350,0.349,-3.095715,-0.017110,-0.000522,-0.029952,0.006000,0.000000,-0.059903,0.000000,2.617982,1,50.24
1.076000,0.017,0.500000,0.253000,4.940,8.00,0.094179,-0.034737,0.000000,-0.841060,-0.016,1.000,-17.761,-17.346,0.350,-3.095436,-0.017363,-0.000547,-0.029952,0.006000,0.000000,-0.059903,0.000000,2.617982,1,50.24
1.078000,0.018,0.500000,0.253000,4.940,8.00,0.097356,-0.035211,0.000000,-0.804770,-0.017,1.000,-17.761,-17.341,0.350,-3.095179,-0.017599,-0.000569,-0.029952,0.006000,0.000000,-0.059903,0.000000,2.617982,1,50.24
1.080000,0.018,0.500000,0.259000,4.820,8.00,0.100469,-0.035653,0.000000,-0.569609,-0.017,1.000,-17.761,-17.337,0.350,-3.094945,-0.017819,-0.000589,-0.029466,0.018000,0.000000,-0.058933,0.000000,0.144233,1,50.33
1.082000,0.018,0.500000,0.259000,4.820,7.96,0.103639,-0.036088,0.000000,-0.683273,-0.017,1.000,-17.761,-17.333,0.350,-3.094708,-0.018040,-0.000540,-0.029466,0.018000,0.000000,-0.058933,0.000000,0.144233,1,50.33
1.084000,0.018,0.500000,0.259000,4.820,7.93,0.106747,-0.036495,0.000000,-0.741973,-0.017,1.000,-17.762,-17.328,0.350,-3.094490,-0.018247,-0.000461,-0.029466,0.018000,0.000000,-0.058933,0.000000,0.144233,1,50.33
1.086000,0.018,0.500000,0.259000,4.820,7.91,0.109792,-0.036872,0.000000,-0.686297,-0.018,1.000,-17.762,-17.324,0.350,-3.094293,-0.018440,-0.000388,-0.029466,0.018000,0.000000,-0.058933,0.000000,0.144233,1,50.33
1.088000,0.019,0.500000,0.259000,4.820,7.89,0.112776,-0.037219,0.000000,-0.519759,-0.018,1.000,-17.762,-17.320,0.350,-3.094117,-0.018616,-0.000326,-0.029466,0.018000,0.000000,-0.058933,0.000000,0.144233,1,50.33
1.090000,0.019,0.500000,0.259000,4.820,7.87,0.115701,-0.037535,0.000000,-0.520629,-0.018,1.000,-17.762,-17.315,0.350,-3.093961,-0.018777,-0.000274,-0.029466,0.018000,0.000000,-0.058933,0.000000,0.144233,1,50.33
1.092000,0.019,0.500000,0.259000,4.820,7.86,0.118567,-0.037822,0.000000,-0.495790,-0.018,1.000,-17.762,-17.311,0.350,-3.093827,-0.018922,-0.000232,-0.029466,0.018000,0.000000,-0.058933,0.000000,0.144233,1,50.33
1.094000,0.019,0.456374,0.237187,4.820,7.85,0.121375,-0.038078,0.000000,-0.418296,-0.018,0.913,-17.763,-17.306,0.350,-3.093711,-0.019053,-0.000201,-0.029466,0.018000,0.000000,-0.058933,0.000000,0.144233,1,50.33
1.096000,0.019,0.295642,0.156821,4.820,7.84,0.123901,-0.038255,0.000000,-0.257386,-0.019,0.591,-17.763,-17.302,0.350,-3.093655,-0.019142,-0.000181,-0.029466,0.018000,0.000000,-0.058933,0.000000,0.144233,1,50.33
1.098000,0.019,0.283579,0.150789,4.820,7.83,0.126147,-0.038351,0.000000,-0.245228,-0.019,0.567,-17.763,-17.298,0.350,-3.093660,-0.019190,-0.000172,-0.029466,0.018000,0.000000,-0.058933,0.000000,0.144233,1,50.33
1.100000,0.019,0.039171,0.028585,4.820,7.83,0.128113,-0.038366,0.000000,-0.000805,0.000,0.078,-17.763,-17.293,0.350,-3.093723,-0.019198,-0.000173,-0.029466,0.018000,0.000000,-0.058933,0.000000,0.144233,1,50.33
1.102000,0.019,0.014679,0.016339,4.820,7.83,0.129797,-0.038301,0.000000,0.023622,0.000,0.029,-17.763,-17.289,0.350,-3.093846,-0.019165,-0.000183,-0.029466,0.018000,0.000000,-0.058933,0.000000,0.144233,1,50.33
1.104000,0.019,0.012735,0.015367,4.820,7.82,0.131200,-0.038156,0.000000,0.025422,0.000,0.025,-17.763,-17.285,0.350,-3.094026,-0.019091,-0.000200,-0.029466,0.018000,0.000000,-0.058933,0.000000,0.144233,1,50.33
1.106000,0.019,0.004575,0.011288,4.820,7.82,0.132319,-0.037933,0.000000,0.033358,0.000,0.009,-17.764,-17.280,0.350,-3.094264,-0.018978,-0.000225,-0.029466,0.018000,0.000000,-0.058933,0.000000,0.144233,1,50.33
1.108000,0.019,-0.105644,-0.043822,4.820,7.82,0.133155,-0.037630,0.000000,0.143274,-0.019,0.211,-17.764,-17.276,0.350,-3.094558,-0.018825,-0.000255,-0.029466,0.018000,0.000000,-0.058933,0.000000,0.144233,1,50.33
1.110000,0.019,-0.249647,-0.115823,4.820,7.82,0.133705,-0.037250,0.000000,0.286897,-0.019,0.499,-17.764,-17.272,0.350,-3.094907,-0.018633,-0.000289,-0.029466,0.018000,0.000000,-0.058933,0.000000,0.144233,1,50.33
1.112000,0.018,-0.232571,-0.107286,4.820,7.81,0.133970,-0.036792,0.000000,0.269363,-0.019,0.465,-17.764,-17.267,0.350,-3.095311,-0.018402,-0.000326,-0.029466,0.018000,0.000000,-0.058933,0.000000,0.144233,1,50.33
1.114000,0.018,-0.269968,-0.125984,4.820,7.81,0.133946,-0.036257,0.000000,0.306225,-0.019,0.540,-17.764,-17.263,0.350,-3.095769,-0.018132,-0.000366,-0.029466,0.018000,0.000000,-0.058933,0.000000,0.144233,1,50.33
1.116000,0.018,-0.500000,-0.241000,4.820,7.81,0.133634,-0.035645,0.000000,0.535748,-0.019,1.000,-17.764,-17.259,0.350,-3.096280,-0.017823,-0.000406,-0.029466,0.018000,0.000000,-0.058933,0.000000,0.144233,1,50.33
1.118000,0.017,-0.500000,-0.241000,4.820,7.81,0.133032,-0.034956,0.000000,0.720417,-0.019,1.000,-17.764,-17.254,0.350,-3.096844,-0.017477,-0.000447,-0.029466,0.018000,0.000000,-0.058933,0.000000,0.144233,1,50.33
1.120000,0.017,-0.500000,-0.241000,4.820,7.81,0.132138,-0.034192,0.000000,0.587609,-0.018,1.000,-17.764,-17.250,0.350,-3.097460,-0.017092,-0.000486,-0.029466,0.018000,0.000000,-0.058933,0.000000,0.144233,1,50.33
1.122000,0.017,-0.500000,-0.241000,4.820,7.81,0.130951,-0.033353,0.000000,0.582431,-0.018,1.000,-17.764,-17.246,0.350,-3.098127,-0.016670,-0.000523,-0.029466,0.018000,0.000000,-0.058933,0.000000,0.144233,1,50.33
1.124000,0.016,-0.500000,-0.241000,4.820,7.81,0.129468,-0.032439,0.000000,0.955134,-0.018,1.000,-17.764,-17.241,0.350,-3.098844,-0.016211,-0.000558,-0.029466,0.018000,0.000000,-0.058933,0.000000,0.144233,1,50.33
1.126000,0.016,-0.500000,-0.241000,4.820,7.81,0.127687,-0.031450,0.000000,1.218929,-0.017,1.000,-17.764,-17.237,0.350,-3.099611,-0.015715,-0.000589,-0.029466,0.018000,0.000000,-0.058933,0.000000,0.144233,1,50.33
1.128000,0.015,-0.500000,-0.241000,4.820,7.81,0.125615,-0.030389,0.000000,0.980966,-0.017,1.000,-17.764,-17.233,0.350,-3.100425,-0.015183,-0.000610,-0.029466,0.018000,0.000000,-0.058933,0.000000,0.144233,1,50.33
1.130000,0.015,-0.500000,-0.241000,4.820,7.81,0.123248,-0.029257,0.000000,1.333381,-0.017,1.000,-17.764,-17.228,0.350,-3.101286,-0.014616,-0.000622,-0.029466,0.018000,0.000000,-0.058933,0.000000,0.144233,1,50.33
1.132000,0.014,-0.500000,-0.241000,4.820,7.81,0.120588,-0.028055,0.000000,1.849077,-0.016,1.000,-17.764,-17.224,0.350,-3.102193,-0.014014,-0.000626,-0.029466,0.018000,0.000000,-0.058933,0.000000,0.144233,1,50.33
1.134000,0.013,-0.500000,-0.241000,4.820,7.81,0.117631,-0.026784,0.000000,2.022740,-0.016,1.000,-17.764,-17.220,0.349,-3.103146,-0.013379,-0.000620,-0.029466,0.018000,0.000000,-0.058933,0.000000,0.144233,1,50.33
1.136000,0.013,-0.500000,-0.241000,4.820,7.81,0.114375,-0.025444,0.000000,1.586191,-0.015,1.000,-17.764,-17.215,0.349,-3.104143,-0.012709,-0.000605,-0.029466,0.018000,0.000000,-0.058933,0.000000,0.144233,1,50.33
1.138000,0.012,-0.500000,-0.241000,4.820,7.81,0.110817,-0.024037,0.000000,1.957307,-0.015,1.000,-17.764,-17.211,0.349,-3.105184,-0.012006,-0.000579,-0.029466,0.018000,0.000000,-0.058933,0.000000,0.144233,1,50.33
1.140000,0.011,-0.500000,-0.241000,4.820,7.81,0.106954,-0.022562,0.000000,2.207155,-0.014,1.000,-17.764,-17.206,0.349,-3.106268,-0.011269,-0.000543,-0.029675,0.018000,0.000000,-0.059350,0.000000,0.145213,1,50.70
1.142000,0.011,-0.500000,-0.241000,4.820,7.81,0.102784,-0.021020,0.000000,2.386262,-0.013,1.000,-17.764,-17.202,0.349,-3.107395,-0.010499,-0.000496,-0.029675,0.018000,0.000000,-0.059350,0.000000,0.145213,1,50.70
1.144000,0.010,-0.500000,-0.241000,4.820,7.81,0.098328,-0.019417,0.000000,1.883494,-0.013,1.000,-17.764,-17.198,0.349,-3.108560,-0.009699,-0.000452,-0.029675,0.018000,0.000000,-0.059350,0.000000,0.145213,1,50.70
1.146000,0.009,-0.500000,-0.241000,4.820,7.81,0.093585,-0.017756,0.000000,1.940777,-0.012,1.000,-17.763,-17.193,0.349,-3.109763,-0.008869,-0.000408,-0.029675,0.018000,0.000000,-0.059350,0.000000,0.145213,1,50.70
1.148000,0.008,-0.500000,-0.241000,4.820,7.81,0.088555,-0.016036,0.000000,2.301169,-0.011,1.000,-17.763,-17.189,0.349,-3.111001,-0.008011,-0.000365,-0.029675,0.018000,0.000000,-0.059350,0.000000,0.145213,1,50.70
1.150000,0.007,-0.500000,-0.241000,4.820,7.81,0.083236,-0.014260,0.000000,2.586982,-0.011,1.000,-17.763,-17.184,0.349,-3.112274,-0.007124,-0.000322,-0.029675,0.018000,0.000000,-0.059350,0.000000,0.145213,1,50.70
1.152000,0.006,-0.500000,-0.241000,4.820,7.81,0.077631,-0.012430,0.000000,1.914876,-0.010,1.000,-17.763,-17.180,0.349,-3.113582,-0.006210,-0.000279,-0.029675,0.018000,0.000000,-0.059350,0.000000,0.145213,1,50.70
1.154000,0.005,-0.500000,-0.241000,4.820,7.81,0.071737,-0.010547,0.000000,1.954896,-0.009,1.000,-17.763,-17.176,0.349,-3.114921,-0.005269,-0.000237,-0.029675,0.018000,0.000000,-0.059350,0.000000,0.145213,1,50.70
1.156000,0.004,-0.500000,-0.241000,4.820,7.81,0.065550,-0.008613,0.000000,2.597946,-0.008,1.000,-17.763,-17.171,0.349,-3.116292,-0.004303,-0.000196,-0.029675,0.018000,0.000000,-0.059350,0.000000,0.145213,1,50.70
1.158000,0.003,-0.500000,-0.241000,4.820,7.81,0.059419,-0.006695,0.000000,2.520150,-0.007,1.000,-17.763,-17.167,0.349,-3.117640,-0.003345,-0.000158,-0.029675,0.018000,0.000000,-0.059350,0.000000,0.145213,1,50.70
1.160000,0.002,-0.500000,-0.241000,4.820,7.81,0.053410,-0.004827,0.000000,1.645100,-0.006,1.000,-17.762,-17.162,0.349,-3.118942,-0.002411,-0.000124,-0.029675,0.018000,0.000000,-0.059350,0.000000,0.145213,1,50.70
1.162000,0.002,-0.500000,-0.241000,4.820,7.81,0.047522,-0.003007,0.000000,1.747606,-0.005,1.000,-17.762,-17.158,0.349,-3.120198,-0.001502,-0.000093,-0.029675,0.018000,0.000000,-0.059350,0.000000,0.145213,1,50.70
1.164000,0.001,-0.500000,-0.241000,4.820,7.81,0.041751,-0.001231,0.000000,2.354200,-0.004,1.000,-17.762,-17.154,0.349,-3.121410,-0.000614,-0.000063,-0.029675,0.018000,0.000000,-0.059350,0.000000,0.145213,1,50.70
1.166000,-0.000,-0.500000,-0.241000,4.820,7.81,0.036096,0.000501,0.000000,2.282093,-0.003,1.000,-17.762,-17.149,0.349,-3.122581,0.000251,-0.000034,-0.029675,0.018000,0.000000,-0.059350,0.000000,0.145213,1,50.70
1.168000,-0.001,-0.500000,-0.241000,4.820,7.81,0.030554,0.002191,0.000000,1.592868,-0.002,1.000,-17.762,-17.145,0.349,-3.123711,0.001096,-0.000006,-0.029675,0.018000,0.000000,-0.059350,0.000000,0.145213,1,50.70
1.170000,-0.002,-0.500000,-0.241000,4.820,7.81,0.025123,0.003838,0.000000,1.680604,-0.002,1.000,-17.762,-17.140,0.349,-3.124802,0.001919,0.000020,-0.029675,0.018000,0.000000,-0.059350,0.000000,0.145213,1,50.70
1.172000,-0.003,-0.500000,-0.241000,4.820,7.81,0.019800,0.005443,0.000000,2.108940,-0.001,1.000,-17.761,-17.136,0.349,-3.125854,0.002721,0.000044,-0.029675,0.018000,0.000000,-0.059350,0.000000,0.145213,1,50.70
1.174000,-0.004,-0.500000,-0.241000,4.820,7.81,0.014584,0.007007,0.000000,1.382363,0.000,1.000,-17.761,-17.132,0.349,-3.126868,0.003503,0.000066,-0.029675,0.018000,0.000000,-0.059350,0.000000,0.145213,1,50.70
1.176000,-0.004,-0.500000,-0.241000,4.820,7.81,0.009472,0.008530,0.000000,0.769114,0.001,1.000,-17.761,-17.127,0.349,-3.127846,0.004264,0.000087,-0.029675,0.018000,0.000000,-0.059350,0.000000,0.145213,1,50.70
1.178000,-0.005,-0.500000,-0.241000,4.820,7.81,0.004462,0.010015,0.000000,1.240530,0.002,1.000,-17.761,-17.123,0.349,-3.128789,0.005006,0.000105,-0.029675,0.018000,0.000000,-0.059350,0.000000,0.145213,1,50.70
1.180000,-0.006,-0.500000,-0.241000,4.820,7.81,-0.000447,0.011459,0.000000,1.731722,0.003,1.000,-17.761,-17.119,0.349,-3.129696,0.005729,0.000121,-0.028944,0.018000,0.000000,-0.057887,0.000000,0.141640,1,49.97
1.182000,-0.006,-0.500000,-0.241000,4.820,7.81,-0.005258,0.012865,0.000000,1.782794,0.004,1.000,-17.761,-17.114,0.349,-3.130569,0.006431,0.000136,-0.028944,0.018000,0.000000,-0.057887,0.000000,0.141640,1,49.97
1.184000,-0.007,-0.500000,-0.241000,4.820,7.81,-0.009973,0.014232,0.000000,1.845183,0.004,1.000,-17.761,-17.110,0.349,-3.131409,0.007115,0.000148,-0.028944,0.018000,0.000000,-0.057887,0.000000,0.141640,1,49.97
1.186000,-0.008,-0.500000,-0.241000,4.820,7.81,-0.014594,0.015561,0.000000,2.170386,0.005,1.000,-17.761,-17.106,0.349,-3.132216,0.007779,0.000154,-0.028944,0.018000,0.000000,-0.057887,0.000000,0.141640,1,49.97
1.188000,-0.008,-0.500000,-0.241000,4.820,7.81,-0.019122,0.016852,0.000000,2.251592,0.006,1.000,-17.761,-17.101,0.349,-3.132991,0.008425,0.000149,-0.028944,0.018000,0.000000,-0.057887,0.000000,0.141640,1,49.97
1.190000,-0.009,-0.500000,-0.241000,4.820,7.81,-0.023560,0.018105,0.000000,2.221708,0.006,1.000,-17.761,-17.097,0.349,-3.133734,0.009052,0.000134,-0.028944,0.018000,0.000000,-0.057887,0.000000,0.141640,1,49.97
1.192000,-0.010,-0.500000,-0.241000,4.820,7.81,-0.027909,0.019321,0.000000,1.628522,0.007,1.000,-17.761,-17.093,0.349,-3.134446,0.009660,0.000111,-0.028944,0.018000,0.000000,-0.057887,0.000000,0.141640,1,49.97
1.194000,-0.010,-0.500000,-0.241000,4.820,7.81,-0.032171,0.020501,0.000000,1.638143,0.008,1.000,-17.760,-17.088,0.349,-3.135129,0.010250,0.000081,-0.028944,0.018000,0.000000,-0.057887,0.000000,0.141640,1,49.97
1.196000,-0.011,-0.500000,-0.241000,4.820,7.81,-0.036348,0.021644,0.000000,1.758283,0.008,1.000,-17.760,-17.084,0.349,-3.135781,0.010822,0.000047,-0.028944,0.018000,0.000000,-0.057887,0.000000,0.141640,1,49.97
1.198000,-0.011,-0.500000,-0.241000,4.820,7.81,-0.040441,0.022751,0.000000,1.631475,0.009,1.000,-17.760,-17.080,0.349,-3.136405,0.011376,0.000009,-0.028944,0.018000,0.000000,-0.057887,0.000000,0.141640,1,49.97
1.200000,-0.012,-0.024301,-0.003151,4.820,7.81,-0.044452,0.023823,0.000000,0.000479,0.000,0.049,-17.760,-17.076,0.349,-3.137000,0.011912,-0.000032,-0.028944,0.018000,0.000000,-0.057887,0.000000,0.141640,1,49.97
1.202000,-0.012,-0.027365,-0.004682,4.820,7.81,-0.048167,0.024811,0.000000,0.002554,0.000,0.055,-17.760,-17.071,0.349,-3.137530,0.012406,-0.000074,-0.028944,0.018000,0.000000,-0.057887,0.000000,0.141640,1,49.97
1.204000,-0.013,-0.377429,-0.179714,4.820,7.81,-0.051589,0.025716,0.000000,0.351713,0.000,0.755,-17.760,-17.067,0.349,-3.137993,0.012859,-0.000118,-0.028944,0.018000,0.000000,-0.057887,0.000000,0.141640,1,49.97
1.206000,-0.013,-0.500000,-0.241000,4.820,7.81,-0.054717,0.026537,0.000000,0.708040,0.000,1.000,-17.760,-17.063,0.349,-3.138391,0.013269,-0.000162,-0.028944,0.018000,0.000000,-0.057887,0.000000,0.141640,1,49.97
1.208000,-0.014,-0.500000,-0.241000,4.820,7.81,-0.058180,0.027415,0.000000,0.715350,0.012,1.000,-17.760,-17.058,0.349,-3.138834,0.013709,-0.000204,-0.028944,0.018000,0.000000,-0.057887,0.000000,0.141640,1,49.97
1.210000,-0.014,-0.500000,-0.241000,4.820,7.81,-0.061836,0.028325,0.000000,0.770489,0.012,1.000,-17.760,-17.054,0.349,-3.139302,0.014163,-0.000244,-0.028944,0.018000,0.000000,-0.057887,0.000000,0.141640,1,49.97
1.212000,-0.015,-0.500000,-0.241000,4.820,7.81,-0.065419,0.029204,0.000000,1.149133,0.013,1.000,-17.760,-17.050,0.349,-3.139749,0.014603,-0.000282,-0.028944,0.018000,0.000000,-0.057887,0.000000,0.141640,1,49.97
1.214000,-0.015,-0.500000,-0.241000,4.820,7.81,-0.068931,0.030050,0.000000,1.148006,0.013,1.000,-17.760,-17.045,0.349,-3.140171,0.015026,-0.000319,-0.028944,0.018000,0.000000,-0.057887,0.000000,0.141640,1,49.97
1.216000,-0.015,-0.500000,-0.241000,4.820,7.81,-0.072373,0.030864,0.000000,0.801737,0.014,1.000,-17.760,-17.041,0.349,-3.140569,0.015433,-0.000355,-0.028944,0.018000,0.000000,-0.057887,0.000000,0.141640,1,49.97
1.218000,-0.016,-0.500000,-0.241000,4.820,7.81,-0.075745,0.031646,0.000000,0.847827,0.014,1.000,-17.760,-17.037,0.349,-3.140942,0.015824,-0.000389,-0.028944,0.018000,0.000000,-0.057887,0.000000,0.141640,1,49.97
1.220000,-0.016,-0.500000,-0.241000,4.820,7.81,-0.079051,0.032395,0.000000,1.075139,0.015,1.000,-17.760,-17.032,0.349,-3.141292,0.016199,-0.000423,-0.028944,0.018000,0.000000,-0.057887,0.000000,0.141640,1,49.97
1.222000,-0.017,-0.500000,-0.241000,4.820,7.81,-0.082290,0.033114,0.000000,0.996601,0.015,1.000,-17.760,-17.028,0.349,3.141567,0.016558,-0.000454,-0.028944,0.018000,0.000000,-0.057887,0.000000,0.141640,1,49.97
1.224000,-0.017,-0.500000,-0.241000,4.820,7.81,-0.085464,0.033801,0.000000,0.649789,0.015,1.000,-17.760,-17.024,0.349,3.141263,0.016901,-0.000484,-0.028944,0.018000,0.000000,-0.057887,0.000000,0.141640,1,49.97
1.226000,-0.017,-0.500000,-0.241000,4.820,7.81,-0.088575,0.034458,0.000000,0.843228,0.016,1.000,-17.760,-17.020,0.349,3.140981,0.017229,-0.000512,-0.028944,0.018000,0.000000,-0.057887,0.000000,0.141640,1,49.97
1.228000,-0.018,-0.500000,-0.241000,4.820,7.81,-0.091624,0.035084,0.000000,1.051364,0.016,1.000,-17.760,-17.015,0.350,3.140722,0.017543,-0.000538,-0.028944,0.018000,0.000000,-0.057887,0.000000,0.141640,1,49.97
1.230000,-0.018,-0.500000,-0.241000,4.820,7.81,-0.094611,0.035681,0.000000,1.058823,0.017,1.000,-17.760,-17.011,0.350,3.140483,0.017841,-0.000562,-0.028944,0.018000,0.000000,-0.057887,0.000000,0.141640,1,49.97
1.232000,-0.018,-0.500000,-0.241000,4.820,7.81,-0.097539,0.036248,0.000000,0.784888,0.017,1.000,-17.760,-17.007,0.350,3.140265,0.018124,-0.000584,-0.028944,0.018000,0.000000,-0.057887,0.000000,0.141640,1,49.97
1.234000,-0.018,-0.500000,-0.241000,4.820,7.81,-0.100408,0.036786,0.000000,0.951060,0.017,1.000,-17.760,-17.002,0.350,3.140068,0.018393,-0.000604,-0.028944,0.018000,0.000000,-0.057887,0.000000,0.141640,1,49.97
1.236000,-0.019,-0.500000,-0.241000,4.820,7.81,-0.103220,0.037295,0.000000,0.984360,0.018,1.000,-17.760,-16.998,0.350,3.139891,0.018648,-0.000622,-0.028944,0.018000,0.000000,-0.057887,0.000000,0.141640,1,49.97
1.238000,-0.019,-0.500000,-0.241000,4.820,7.81,-0.105976,0.037776,0.000000,0.951196,0.018,1.000,-17.760,-16.994,0.350,3.139734,0.018888,-0.000638,-0.028944,0.018000,0.000000,-0.057887,0.000000,0.141640,1,49.97
1.240000,-0.019,-0.500000,-0.241000,4.820,7.81,-0.108677,0.038228,0.000000,0.683949,0.018,1.000,-17.760,-16.989,0.350,3.139596,0.019114,-0.000651,-0.027671,0.018000,0.000000,-0.055342,0.000000,0.135416,1,50.21
1.242000,-0.019,-0.500000,-0.241000,4.820,7.81,-0.111323,0.038653,0.000000,0.686411,0.018,1.000,-17.760,-16.985,0.350,3.139477,0.019326,-0.000664,-0.027671,0.018000,0.000000,-0.055342,0.000000,0.135416,1,50.21
1.244000,-0.020,-0.500000,-0.241000,4.820,7.81,-0.113917,0.039050,0.000000,0.699873,0.019,1.000,-17.760,-16.981,0.350,3.139377,0.019525,-0.000674,-0.027671,0.018000,0.000000,-0.055342,0.000000,0.135416,1,50.21
1.246000,-0.020,-0.500000,-0.241000,4.820,7.81,-0.116459,0.039420,0.000000,0.640325,0.019,1.000,-17.760,-16.976,0.350,3.139295,0.019710,-0.000683,-0.027671,0.018000,0.000000,-0.055342,0.000000,0.135416,1,50.21
1.248000,-0.020,-0.456035,-0.219018,4.820,7.81,-0.118949,0.039763,0.000000,0.416273,0.019,0.912,-17.760,-16.972,0.350,3.139230,0.019881,-0.000691,-0.027671,0.018000,0.000000,-0.055342,0.000000,0.135416,1,50.21
1.250000,-0.020,-0.449837,-0.215919,4.820,7.81,-0.121123,0.040019,0.000000,0.409818,0.019,0.900,-17.760,-16.968,0.350,3.139230,0.020009,-0.000698,-0.027671,0.018000,0.000000,-0.055342,0.000000,0.135416,1,50.21
1.252000,-0.020,-0.490774,-0.236387,4.820,7.81,-0.123019,0.040197,0.000000,0.450578,0.020,0.982,-17.760,-16.963,0.350,3.139289,0.020098,-0.000705,-0.027671,0.018000,0.000000,-0.055342,0.000000,0.135416,1,50.21
1.254000,-0.020,-0.411841,-0.196921,4.820,7.81,-0.125258,0.040434,0.000000,0.371407,0.020,0.824,-17.760,-16.959,0.350,3.139298,0.020217,-0.000710,-0.027671,0.018000,0.000000,-0.055342,0.000000,0.135416,1,50.21
1.256000,-0.020,-0.236759,-0.109380,4.820,7.81,-0.127163,0.040586,0.000000,0.196173,0.020,0.474,-17.760,-16.955,0.350,3.139369,0.020293,-0.000714,-0.027671,0.018000,0.000000,-0.055342,0.000000,0.135416,1,50.21
1.258000,-0.020,-0.236330,-0.109165,4.820,7.81,-0.128753,0.040651,0.000000,0.195678,0.020,0.473,-17.761,-16.950,0.350,3.139504,0.020326,-0.000718,-0.027671,0.018000,0.000000,-0.055342,0.000000,0.135416,1,50.21
1.260000,-0.020,-0.211007,-0.096504,4.820,7.81,-0.130025,0.040630,0.000000,0.170377,0.020,0.422,-17.761,-16.946,0.350,3.139704,0.020315,-0.000723,-0.027671,0.018000,0.000000,-0.055342,0.000000,0.135416,1,50.21
1.262000,-0.020,-0.099178,-0.040589,4.820,7.81,-0.130977,0.040522,0.000000,0.058656,0.020,0.198,-17.761,-16.942,0.350,3.139968,0.020261,-0.000727,-0.027671,0.018000,0.000000,-0.055342,0.000000,0.135416,1,50.21
1.264000,-0.020,0.005324,0.011662,4.820,7.81,-0.131606,0.040328,0.000000,-0.045652,0.020,0.011,-17.761,-16.937,0.350,3.140295,0.020164,-0.000731,-0.027671,0.018000,0.000000,-0.055342,0.000000,0.135416,1,50.21
1.266000,-0.020,0.025972,0.021986,4.820,7.81,-0.131909,0.040048,0.000000,-0.066020,0.020,0.052,-17.761,-16.933,0.350,3.140685,0.020025,-0.000734,-0.027671,0.018000,0.000000,-0.055342,0.000000,0.135416,1,50.21
1.268000,-0.020,0.193598,0.105799,4.820,7.81,-0.131884,0.039684,0.000000,-0.233282,0.020,0.387,-17.761,-16.929,0.350,3.141136,0.019843,-0.000737,-0.027671,0.018000,0.000000,-0.055342,0.000000,0.135416,1,50.21
1.270000,-0.020,0.382446,0.200223,4.820,7.81,-0.131527,0.039234,0.000000,-0.421680,0.020,0.765,-17.761,-16.924,0.350,-3.141536,0.019618,-0.000738,-0.027671,0.018000,0.000000,-0.055342,0.000000,0.135416,1,50.21
1.272000,-0.019,0.349010,0.183505,4.820,7.81,-0.130836,0.038700,0.000000,-0.387711,0.020,0.698,-17.761,-16.920,0.350,-3.140962,0.019352,-0.000738,-0.027671,0.018000,0.000000,-0.055342,0.000000,0.135416,1,50.21
1.274000,-0.019,0.348222,0.183111,4.820,7.81,-0.129808,0.038082,0.000000,-0.386304,0.020,0.696,-17.762,-16.916,0.350,-3.140329,0.019043,-0.000737,-0.027671,0.018000,0.000000,-0.055342,0.000000,0.135416,1,50.21
1.276000,-0.019,0.500000,0.259000,4.820,7.81,-0.128440,0.037381,0.000000,-0.661818,0.020,1.000,-17.762,-16.911,0.350,-3.139636,0.018693,-0.000734,-0.027671,0.018000,0.000000,-0.055342,0.000000,0.135416,1,50.21
1.278000,-0.018,0.500000,0.259000,4.820,7.81,-0.126728,0.036597,0.000000,-0.854134,0.020,1.000,-17.762,-16.907,0.350,-3.138885,0.018302,-0.000729,-0.027671,0.018000,0.000000,-0.055342,0.000000,0.135416,1,50.21
1.280000,-0.018,0.500000,0.259000,4.820,7.81,-0.124670,0.035730,0.000000,-0.703909,0.019,1.000,-17.762,-16.902,0.350,-3.138076,0.017869,-0.000723,-0.027375,0.018000,0.000000,-0.054749,0.000000,-2.617964,1,50.36
1.282000,-0.017,0.500000,0.259000,4.820,7.81,-0.122263,0.034781,0.000000,-1.005058,0.019,1.000,-17.763,-16.898,0.350,-3.137209,0.017395,-0.000714,-0.027375,0.018000,0.000000,-0.054749,0.000000,-2.617964,1,50.36
1.284000,-0.017,0.500000,0.259000,4.820,7.81,-0.119502,0.033751,0.000000,-1.532248,0.019,1.000,-17.763,-16.894,0.350,-3.136286,0.016880,-0.000703,-0.027375,0.018000,0.000000,-0.054749,0.000000,-2.617964,1,50.36
1.286000,-0.016,0.500000,0.259000,4.820,7.81,-0.116391,0.032642,0.000000,-1.740512,0.018,1.000,-17.763,-16.889,0.350,-3.135308,0.016326,-0.000686,-0.027375,0.018000,0.000000,-0.054749,0.000000,-2.617964,1,50.36
1.288000,-0.016,0.500000,0.259000,4.820,7.81,-0.112926,0.031454,0.000000,-1.442219,0.018,1.000,-17.764,-16.885,0.350,-3.134276,0.015733,-0.000664,-0.027375,0.018000,0.000000,-0.054749,0.000000,-2.617964,1,50.36
1.290000,-0.015,0.500000,0.259000,4.820,7.81,-0.109106,0.030190,0.000000,-1.796291,0.017,1.000,-17.764,-16.881,0.350,-3.133191,0.015101,-0.000637,-0.027375,0.018000,0.000000,-0.054749,0.000000,-2.617964,1,50.36
1.292000,-0.014,0.500000,0.259000,4.820,7.81,-0.104928,0.028849,0.000000,-2.026138,0.017,1.000,-17.764,-16.876,0.350,-3.132053,0.014431,-0.000604,-0.027375,0.018000,0.000000,-0.054749,0.000000,-2.617964,1,50.36
1.294000,-0.014,0.500000,0.259000,4.820,7.81,-0.100390,0.027433,0.000000,-2.194670,0.016,1.000,-17.765,-16.872,0.349,-3.130864,0.013724,-0.000567,-0.027375,0.018000,0.000000,-0.054749,0.000000,-2.617964,1,50.36
1.296000,-0.013,0.500000,0.259000,4.820,7.81,-0.095488,0.025942,0.000000,-1.766538,0.016,1.000,-17.765,-16.867,0.349,-3.129624,0.012979,-0.000525,-0.027375,0.018000,0.000000,-0.054749,0.000000,-2.617964,1,50.36
1.298000,-0.012,0.500000,0.259000,4.820,7.81,-0.090221,0.024379,0.000000,-1.821325,0.015,1.000,-17.765,-16.863,0.349,-3.128335,0.012197,-0.000478,-0.027375,0.018000,0.000000,-0.054749,0.000000,-2.617964,1,50.36
1.300000,-0.011,-0.023179,-0.002590,4.820,7.81,-0.084585,0.022742,0.000000,0.000437,0.000,0.046,-17.766,-16.859,0.349,-3.126997,0.011379,-0.000428,-0.027375,0.018000,0.000000,-0.054749,0.000000,-2.617964,1,50.36
1.302000,-0.011,0.500000,0.259000,4.820,7.81,-0.079267,0.021184,0.000000,-0.697747,0.000,1.000,-17.766,-16.854,0.349,-3.125730,0.010600,-0.000371,-0.027375,0.018000,0.000000,-0.054749,0.000000,-2.617964,1,50.36
1.304000,-0.010,0.500000,0.259000,4.820,7.81,-0.073590,0.019564,0.000000,-0.717769,0.000,1.000,-17.767,-16.850,0.349,-3.124423,0.009789,-0.000317,-0.027375,0.018000,0.000000,-0.054749,0.000000,-2.617964,1,50.36
1.306000,-0.009,0.500000,0.259000,4.820,7.81,-0.067573,0.017880,0.000000,-0.839512,0.000,1.000,-17.767,-16.845,0.349,-3.123073,0.008946,-0.000268,-0.027375,0.018000,0.000000,-0.054749,0.000000,-2.617964,1,50.36
1.308000,-0.008,0.500000,0.259000,4.820,7.81,-0.061218,0.016134,0.000000,-1.566743,0.011,1.000,-17.767,-16.841,0.349,-3.121683,0.008073,-0.000222,-0.027375,0.018000,0.000000,-0.054749,0.000000,-2.617964,1,50.36
1.310000,-0.007,0.500000,0.259000,4.820,7.81,-0.054814,0.014392,0.000000,-2.254210,0.011,1.000,-17.768,-16.837,0.349,-3.120304,0.007201,-0.000180,-0.027375,0.018000,0.000000,-0.054749,0.000000,-2.617964,1,50.36
1.312000,-0.006,0.500000,0.259000,4.820,7.81,-0.048537,0.012668,0.000000,-1.576987,0.010,1.000,-17.768,-16.832,0.349,-3.118950,0.006339,-0.000140,-0.027375,0.018000,0.000000,-0.054749,0.000000,-2.617964,1,50.36
1.314000,-0.005,0.500000,0.259000,4.820,7.81,-0.042386,0.010989,0.000000,-1.681412,0.009,1.000,-17.769,-16.828,0.349,-3.117640,0.005499,-0.000104,-0.027375,0.018000,0.000000,-0.054749,0.000000,-2.617964,1,50.36
1.316000,-0.005,0.500000,0.259000,4.820,7.81,-0.036358,0.009358,0.000000,-1.666457,0.008,1.000,-17.769,-16.823,0.349,-3.116376,0.004682,-0.000071,-0.027375,0.018000,0.000000,-0.054749,0.000000,-2.617964,1,50.36
1.318000,-0.004,0.500000,0.259000,4.820,7.81,-0.030451,0.007774,0.000000,-1.485519,0.007,1.000,-17.769,-16.819,0.349,-3.115158,0.003889,-0.000041,-0.027375,0.018000,0.000000,-0.054749,0.000000,-2.617964,1,50.36
1.320000,-0.003,0.500000,0.259000,4.820,7.81,-0.024662,0.006237,0.000000,-0.819762,0.006,1.000,-17.770,-16.815,0.349,-3.113986,0.003120,-0.000016,-0.027375,0.018000,0.000000,-0.054749,0.000000,-2.617964,1,50.36
1.322000,-0.002,0.500000,0.259000,4.820,7.81,-0.018988,0.004750,0.000000,-0.902420,0.005,1.000,-17.770,-16.810,0.349,-3.112859,0.002376,0.000007,-0.027375,0.018000,0.000000,-0.054749,0.000000,-2.617964,1,50.36
1.324000,-0.002,0.500000,0.259000,4.820,7.81,-0.013429,0.003311,0.000000,-0.780624,0.005,1.000,-17.771,-16.806,0.349,-3.111777,0.001656,0.000026,-0.027375,0.018000,0.000000,-0.054749,0.000000,-2.617964,1,50.36
1.326000,-0.001,0.500000,0.259000,4.820,7.81,-0.007980,0.001921,0.000000,-1.275897,0.004,1.000,-17.771,-16.801,0.349,-3.110740,0.000960,0.000042,-0.027375,0.018000,0.000000,-0.054749,0.000000,-2.617964,1,50.36
1.328000,-0.000,0.500000,0.259000,4.820,7.81,-0.002640,0.000573,0.000000,-0.799694,0.003,1.000,-17.771,-16.797,0.349,-3.109741,0.000285,0.000053,-0.027375,0.018000,0.000000,-0.054749,0.000000,-2.617964,1,50.36
1.330000,0.000,0.500000,0.259000,4.820,7.81,0.002593,-0.000736,0.000000,-1.199802,0.002,1.000,-17.772,-16.793,0.349,-3.108781,-0.000370,0.000060,-0.027375,0.018000,0.000000,-0.054749,0.000000,-2.617964,1,50.36
1.332000,0.001,0.500000,0.259000,4.820,7.81,0.007721,-0.002004,0.000000,-1.682376,0.002,1.000,-17.772,-16.788,0.349,-3.107857,-0.001005,0.000063,-0.027375,0.018000,0.000000,-0.054749,0.000000,-2.617964,1,50.36
1.334000,0.002,0.500000,0.259000,4.820,7.81,0.012747,-0.003233,0.000000,-2.291388,0.001,1.000,-17.772,-16.784,0.349,-3.106969,-0.001620,0.000065,-0.027375,0.018000,0.000000,-0.054749,0.000000,-2.617964,1,50.36
1.336000,0.002,0.500000,0.259000,4.820,7.81,0.017672,-0.004423,0.000000,-1.748962,0.000,1.000,-17.773,-16.780,0.349,-3.106117,-0.002215,0.000065,-0.027375,0.018000,0.000000,-0.054749,0.000000,-2.617964,1,50.36
1.338000,0.003,0.500000,0.259000,4.820,7.81,0.022499,-0.005574,0.000000,-2.046561,-0.000,1.000,-17.773,-16.775,0.349,-3.105299,-0.002791,0.000066,-0.027375,0.018000,0.000000,-0.054749,0.000000,-2.617964,1,50.36
1.340000,0.003,0.500000,0.259000,4.820,7.81,0.027229,-0.006688,0.000000,-2.161286,-0.001,1.000,-17.773,-16.771,0.349,-3.104515,-0.003349,0.000067,-0.029248,0.018000,0.000000,-0.058496,0.000000,2.617982,1,50.06
1.342000,0.004,0.500000,0.259000,4.820,7.81,0.031864,-0.007764,0.000000,-2.097786,-0.002,1.000,-17.774,-16.767,0.349,-3.103764,-0.003888,0.000069,-0.029248,0.018000,0.000000,-0.058496,0.000000,2.617982,1,50.06
1.344000,0.004,0.500000,0.259000,4.820,7.81,0.036407,-0.008804,0.000000,-1.539413,-0.002,1.000,-17.774,-16.762,0.349,-3.103045,-0.004408,0.000071,-0.029248,0.018000,0.000000,-0.058496,0.000000,2.617982,1,50.06
1.346000,0.005,0.500000,0.259000,4.820,7.81,0.040859,-0.009807,0.000000,-1.555078,-0.003,1.000,-17.774,-16.758,0.349,-3.102357,-0.004910,0.000073,-0.029248,0.018000,0.000000,-0.058496,0.000000,2.617982,1,50.06
1.348000,0.005,0.500000,0.259000,4.820,7.81,0.045222,-0.010775,0.000000,-1.597682,-0.003,1.000,-17.775,-16.754,0.349,-3.101701,-0.005395,0.000076,-0.029248,0.018000,0.000000,-0.058496,0.000000,2.617982,1,50.06
1.350000,0.006,0.500000,0.259000,4.820,7.81,0.049498,-0.011708,0.000000,-1.488316,-0.004,1.000,-17.775,-16.749,0.349,-3.101074,-0.005862,0.000073,-0.029248,0.018000,0.000000,-0.058496,0.000000,2.617982,1,50.06
1.352000,0.006,0.500000,0.259000,4.820,7.81,0.053688,-0.012606,0.000000,-0.977678,-0.004,1.000,-17.775,-16.745,0.349,-3.100477,-0.006311,0.000062,-0.029248,0.018000,0.000000,-0.058496,0.000000,2.617982,1,50.06
1.354000,0.007,0.500000,0.259000,4.820,7.81,0.057794,-0.013469,0.000000,-0.976659,-0.005,1.000,-17.775,-16.741,0.349,-3.099909,-0.006742,0.000045,-0.029248,0.018000,0.000000,-0.058496,0.000000,2.617982,1,50.06
1.356000,0.007,0.500000,0.259000,4.820,7.81,0.061818,-0.014297,0.000000,-1.267292,-0.005,1.000,-17.776,-16.736,0.349,-3.099369,-0.007156,0.000022,-0.029248,0.018000,0.000000,-0.058496,0.000000,2.617982,1,50.06
1.358000,0.008,0.500000,0.259000,4.820,7.81,0.065762,-0.015091,0.000000,-1.180466,-0.006,1.000,-17.776,-16.732,0.349,-3.098857,-0.007552,-0.000005,-0.029248,0.018000,0.000000,-0.058496,0.000000,2.617982,1,50.06
1.360000,0.008,0.500000,0.259000,4.820,7.81,0.069627,-0.015851,0.000000,-0.763267,-0.006,1.000,-17.776,-16.728,0.349,-3.098373,-0.007931,-0.000036,-0.029248,0.018000,0.000000,-0.058496,0.000000,2.617982,1,50.06
1.362000,0.008,0.500000,0.259000,4.820,7.81,0.073415,-0.016577,0.000000,-0.802276,-0.007,1.000,-17.777,-16.724,0.349,-3.097916,-0.008293,-0.000068,-0.029248,0.018000,0.000000,-0.058496,0.000000,2.617982,1,50.06
1.364000,0.009,0.500000,0.259000,4.820,7.81,0.077126,-0.017269,0.000000,-0.999340,-0.007,1.000,-17.777,-16.719,0.349,-3.097485,-0.008639,-0.000101,-0.029248,0.018000,0.000000,-0.058496,0.000000,2.617982,1,50.06
1.366000,0.009,0.500000,0.259000,4.820,7.81,0.080764,-0.017928,0.000000,-0.908595,-0.008,1.000,-17.777,-16.715,0.349,-3.097080,-0.008967,-0.000134,-0.029248,0.018000,0.000000,-0.058496,0.000000,2.617982,1,50.06
1.368000,0.009,0.500000,0.259000,4.820,7.81,0.084329,-0.018555,0.000000,-0.592977,-0.008,1.000,-17.777,-16.711,0.349,-3.096701,-0.009279,-0.000167,-0.029248,0.018000,0.000000,-0.058496,0.000000,2.617982,1,50.06
1.370000,0.010,0.500000,0.259000,4.820,7.81,0.087822,-0.019148,0.000000,-0.621859,-0.008,1.000,-17.778,-16.706,0.349,-3.096346,-0.009575,-0.000198,-0.029248,0.018000,0.000000,-0.058496,0.000000,2.617982,1,50.06
1.372000,0.010,0.500000,0.259000,4.820,7.81,0.091246,-0.019709,0.000000,-0.767979,-0.009,1.000,-17.778,-16.702,0.349,-3.096016,-0.009855,-0.000228,-0.029248,0.018000,0.000000,-0.058496,0.000000,2.617982,1,50.06
1.374000,0.010,0.500000,0.259000,4.820,7.81,0.094601,-0.020238,0.000000,-0.519667,-0.009,1.000,-17.778,-16.698,0.349,-3.095709,-0.010118,-0.000255,-0.029248,0.018000,0.000000,-0.058496,0.000000,2.617982,1,50.06
1.376000,0.010,0.282305,0.150153,4.820,7.81,0.097889,-0.020735,0.000000,-0.261570,-0.009,0.565,-17.778,-16.693,0.349,-3.095427,-0.010366,-0.000280,-0.029248,0.018000,0.000000,-0.058496,0.000000,2.617982,1,50.06
1.378000,0.011,0.399528,0.208764,4.820,7.81,0.100833,-0.021142,0.000000,-0.378386,-0.010,0.799,-17.779,-16.689,0.349,-3.095215,-0.010568,-0.000304,-0.029248,0.018000,0.000000,-0.058496,0.000000,2.617982,1,50.06
1.380000,0.011,0.500000,0.259000,4.820,7.81,0.103441,-0.021457,0.000000,-0.480240,-0.010,1.000,-17.779,-16.685,0.349,-3.095076,-0.010725,-0.000326,-0.030944,0.018000,0.000000,-0.061888,0.000000,0.151464,1,50.27
1.382000,0.011,0.450920,0.234460,4.820,7.81,0.106406,-0.021829,0.000000,-0.429091,-0.010,0.902,-17.779,-16.680,0.349,-3.094887,-0.010911,-0.000344,-0.030944,0.018000,0.000000,-0.061888,0.000000,0.151464,1,50.27
1.384000,0.011,0.463228,0.240614,4.820,7.81,0.109014,-0.022113,0.000000,-0.441115,-0.010,0.926,-17.779,-16.676,0.349,-3.094766,-0.011052,-0.000359,-0.030944,0.018000,0.000000,-0.061888,0.000000,0.151464,1,50.27
1.386000,0.011,0.500000,0.259000,4.820,7.81,0.111646,-0.022383,0.000000,-0.503003,-0.011,1.000,-17.779,-16.672,0.349,-3.094653,-0.011186,-0.000372,-0.030944,0.018000,0.000000,-0.061888,0.000000,0.151464,1,50.27
1.388000,0.011,0.426181,0.222091,4.820,7.81,0.114593,-0.022704,0.000000,-0.403477,-0.011,0.852,-17.780,-16.668,0.349,-3.094494,-0.011347,-0.000381,-0.030944,0.018000,0.000000,-0.061888,0.000000,0.151464,1,50.27
1.390000,0.011,0.392706,0.205353,4.820,7.81,0.117183,-0.022937,0.000000,-0.369769,-0.011,0.785,-17.780,-16.663,0.349,-3.094402,-0.011463,-0.000389,-0.030944,0.018000,0.000000,-0.061888,0.000000,0.151464,1,50.27
1.392000,0.012,0.248629,0.133314,4.820,7.81,0.119437,-0.023078,0.000000,-0.225551,-0.011,0.497,-17.780,-16.659,0.349,-3.094382,-0.011534,-0.000396,-0.030944,0.018000,0.000000,-0.061888,0.000000,0.151464,1,50.27
1.394000,0.012,0.239092,0.128546,4.820,7.81,0.121359,-0.023130,0.000000,-0.215962,-0.011,0.478,-17.780,-16.655,0.349,-3.094431,-0.011559,-0.000402,-0.030944,0.018000,0.000000,-0.061888,0.000000,0.151464,1,50.27
1.396000,0.012,0.142520,0.080260,4.820,7.81,0.122948,-0.023094,0.000000,-0.119426,-0.011,0.285,-17.780,-16.650,0.349,-3.094548,-0.011541,-0.000407,-0.030944,0.018000,0.000000,-0.061888,0.000000,0.151464,1,50.27
1.398000,0.011,0.067241,0.042620,4.820,7.81,0.124204,-0.022969,0.000000,-0.044272,-0.011,0.134,-17.780,-16.646,0.349,-3.094732,-0.011478,-0.000411,-0.030944,0.018000,0.000000,-0.061888,0.000000,0.151464,1,50.27
1.400000,0.011,0.023179,0.020589,4.820,7.81,0.125126,-0.022758,0.000000,-0.000421,0.000,0.046,-17.781,-16.642,0.349,-3.094983,-0.011372,-0.000415,-0.030944,0.018000,0.000000,-0.061888,0.000000,0.151464,1,50.27
1.402000,0.011,0.022248,0.020124,4.820,7.81,0.125711,-0.022460,0.000000,0.000212,0.000,0.044,-17.781,-16.637,0.349,-3.095298,-0.011223,-0.000416,-0.030944,0.018000,0.000000,-0.061888,0.000000,0.151464,1,50.27
1.404000,0.011,-0.152544,-0.067272,4.820,7.81,0.125959,-0.022077,0.000000,0.174621,0.000,0.305,-17.781,-16.633,0.349,-3.095678,-0.011031,-0.000417,-0.030944,0.018000,0.000000,-0.061888,0.000000,0.151464,1,50.27
1.406000,0.011,-0.342031,-0.162015,4.820,7.81,0.125868,-0.021610,0.000000,0.363641,0.000,0.684,-17.781,-16.628,0.349,-3.096121,-0.010797,-0.000415,-0.030944,0.018000,0.000000,-0.061888,0.000000,0.151464,1,50.27
1.408000,0.011,-0.347229,-0.164615,4.820,7.81,0.125439,-0.021059,0.000000,0.368288,-0.011,0.694,-17.781,-16.624,0.349,-3.096627,-0.010522,-0.000412,-0.030944,0.018000,0.000000,-0.061888,0.000000,0.151464,1,50.27
1.410000,0.010,-0.388137,-0.185068,4.820,7.81,0.124692,-0.020430,0.000000,0.408567,-0.011,0.776,-17.781,-16.620,0.349,-3.097190,-0.010207,-0.000407,-0.030944,0.018000,0.000000,-0.061888,0.000000,0.151464,1,50.27
1.412000,0.010,-0.500000,-0.241000,4.820,7.81,0.123628,-0.019725,0.000000,0.698330,-0.011,1.000,-17.781,-16.615,0.349,-3.097809,-0.009855,-0.000399,-0.030944,0.018000,0.000000,-0.061888,0.000000,0.151464,1,50.27
1.414000,0.009,-0.500000,-0.241000,4.820,7.81,0.122247,-0.018946,0.000000,0.906748,-0.011,1.000,-17.781,-16.611,0.349,-3.098483,-0.009465,-0.000390,-0.030944,0.018000,0.000000,-0.061888,0.000000,0.151464,1,50.27
1.416000,0.009,-0.500000,-0.241000,4.820,7.81,0.120552,-0.018093,0.000000,0.728278,-0.011,1.000,-17.781,-16.607,0.349,-3.099210,-0.009039,-0.000379,-0.030944,0.018000,0.000000,-0.061888,0.000000,0.151464,1,50.27
1.418000,0.009,-0.500000,-0.241000,4.820,7.81,0.118544,-0.017169,0.000000,0.790893,-0.010,1.000,-17.781,-16.602,0.349,-3.099988,-0.008577,-0.000366,-0.030944,0.018000,0.000000,-0.061888,0.000000,0.151464,1,50.27
1.420000,0.008,-0.500000,-0.241000,4.820,7.81,0.116226,-0.016175,0.000000,1.111929,-0.010,1.000,-17.781,-16.598,0.349,-3.100816,-0.008080,-0.000352,-0.030944,0.018000,0.000000,-0.061888,0.000000,0.151464,1,50.27
1.422000,0.008,-0.500000,-0.241000,4.820,7.81,0.113598,-0.015113,0.000000,1.230796,-0.009,1.000,-17.781,-16.594,0.349,-3.101694,-0.007549,-0.000336,-0.030944,0.018000,0.000000,-0.061888,0.000000,0.151464,1,50.27
1.424000,0.007,-0.500000,-0.241000,4.820,7.81,0.110662,-0.013984,0.000000,0.862431,-0.009,1.000,-17.781,-16.589,0.349,-3.102618,-0.006985,-0.000317,-0.030944,0.018000,0.000000,-0.061888,0.000000,0.151464,1,50.27
1.426000,0.006,-0.500000,-0.241000,4.820,7.81,0.107421,-0.012791,0.000000,0.854275,-0.009,1.000,-17.781,-16.585,0.349,-3.103588,-0.006389,-0.000295,-0.030944,0.018000,0.000000,-0.061888,0.000000,0.151464,1,50.27
1.428000,0.006,-0.500000,-0.241000,4.820,7.81,0.103877,-0.011535,0.000000,0.907293,-0.008,1.000,-17.781,-16.580,0.349,-3.104603,-0.005761,-0.000271,-0.030944,0.018000,0.000000,-0.061888,0.000000,0.151464,1,50.27
1.430000,0.005,-0.500000,-0.241000,4.820,7.81,0.100031,-0.010218,0.000000,1.021234,-0.008,1.000,-17.780,-16.576,0.349,-3.105659,-0.005104,-0.000244,-0.030944,0.018000,0.000000,-0.061888,0.000000,0.151464,1,50.27
1.432000,0.004,-0.500000,-0.241000,4.820,7.81,0.095886,-0.008843,0.000000,0.683442,-0.007,1.000,-17.780,-16.572,0.349,-3.106757,-0.004417,-0.000215,-0.030944,0.018000,0.000000,-0.061888,0.000000,0.151464,1,50.27
1.434000,0.004,-0.500000,-0.241000,4.820,7.81,0.091436,-0.007412,0.000000,1.151837,-0.006,1.000,-17.780,-16.567,0.349,-3.107894,-0.003702,-0.000185,-0.030944,0.018000,0.000000,-0.061888,0.000000,0.151464,1,50.27
1.436000,0.003,-0.500000,-0.241000,4.820,7.81,0.086680,-0.005928,0.000000,1.615262,-0.006,1.000,-17.780,-16.563,0.349,-3.109069,-0.002961,-0.000155,-0.030944,0.018000,0.000000,-0.061888,0.000000,0.151464,1,50.27
1.438000,0.002,-0.500000,-0.241000,4.820,7.81,0.081612,-0.004391,0.000000,2.200794,-0.005,1.000,-17.780,-16.558,0.349,-3.110277,-0.002193,-0.000125,-0.030944,0.018000,0.000000,-0.061888,0.000000,0.151464,1,50.27
1.440000,0.001,-0.500000,-0.241000,4.820,7.81,0.076236,-0.002802,0.000000,1.807878,-0.004,1.000,-17.780,-16.554,0.349,-3.111522,-0.001399,-0.000094,-0.030031,0.018000,0.000000,-0.060063,0.000000,0.146960,1,50.90
1.442000,0.001,-0.500000,-0.241000,4.820,7.81,0.070553,-0.001160,0.000000,2.212468,-0.004,1.000,-17.780,-16.550,0.349,-3.112804,-0.000578,-0.000062,-0.030031,0.018000,0.000000,-0.060063,0.000000,0.146960,1,50.90
1.444000,-0.000,-0.500000,-0.241000,4.820,7.81,0.064566,0.000536,0.000000,1.860917,-0.003,1.000,-17.779,-16.545,0.349,-3.114124,0.000269,-0.000030,-0.030031,0.018000,0.000000,-0.060063,0.000000,0.146960,1,50.90
1.446000,-0.001,-0.500000,-0.241000,4.820,7.81,0.058455,0.002257,0.000000,2.167439,-0.002,1.000,-17.779,-16.541,0.349,-3.115455,0.001129,0.000002,-0.030031,0.018000,0.000000,-0.060063,0.000000,0.146960,1,50.90
1.448000,-0.002,-0.500000,-0.241000,4.820,7.81,0.052466,0.003935,0.000000,1.481431,-0.001,1.000,-17.779,-16.537,0.349,-3.116746,0.001967,0.000031,-0.030031,0.018000,0.000000,-0.060063,0.000000,0.146960,1,50.90
1.450000,-0.003,-0.500000,-0.241000,4.820,7.81,0.046596,0.005569,0.000000,1.515239,-0.001,1.000,-17.779,-16.532,0.349,-3.117993,0.002784,0.000059,-0.030031,0.018000,0.000000,-0.060063,0.000000,0.146960,1,50.90
1.452000,-0.004,-0.500000,-0.241000,4.820,7.81,0.040844,0.007159,0.000000,1.615400,0.000,1.000,-17.779,-16.528,0.349,-3.119198,0.003578,0.000084,-0.030031,0.018000,0.000000,-0.060063,0.000000,0.146960,1,50.90
1.454000,-0.004,-0.500000,-0.241000,4.820,7.81,0.035207,0.008705,0.000000,2.109553,0.001,1.000,-17.778,-16.524,0.349,-3.120362,0.004351,0.000107,-0.030031,0.018000,0.000000,-0.060063,0.000000,0.146960,1,50.90
1.456000,-0.005,-0.500000,-0.241000,4.820,7.81,0.029683,0.010209,0.000000,1.357181,0.002,1.000,-17.778,-16.519,0.349,-3.121486,0.005103,0.000128,-0.030031,0.018000,0.000000,-0.060063,0.000000,0.146960,1,50.90
1.458000,-0.006,-0.500000,-0.241000,4.820,7.81,0.024269,0.011671,0.000000,1.425070,0.003,1.000,-17.778,-16.515,0.349,-3.122570,0.005834,0.000147,-0.030031,0.018000,0.000000,-0.060063,0.000000,0.146960,1,50.90
1.460000,-0.007,-0.500000,-0.241000,4.820,7.81,0.018963,0.013092,0.000000,1.835589,0.004,1.000,-17.778,-16.511,0.349,-3.123616,0.006544,0.000162,-0.030031,0.018000,0.000000,-0.060063,0.000000,0.146960,1,50.90
1.462000,-0.007,-0.500000,-0.241000,4.820,7.81,0.013764,0.014473,0.000000,1.722307,0.004,1.000,-17.778,-16.506,0.349,-3.124625,0.007235,0.000166,-0.030031,0.018000,0.000000,-0.060063,0.000000,0.146960,1,50.90
1.464000,-0.008,-0.500000,-0.241000,4.820,7.81,0.008669,0.015814,0.000000,1.113148,0.005,1.000,-17.778,-16.502,0.349,-3.125598,0.007905,0.000160,-0.030031,0.018000,0.000000,-0.060063,0.000000,0.146960,1,50.90
1.466000,-0.009,-0.500000,-0.241000,4.820,7.81,0.003675,0.017115,0.000000,1.179856,0.006,1.000,-17.777,-16.498,0.349,-3.126535,0.008556,0.000146,-0.030031,0.018000,0.000000,-0.060063,0.000000,0.146960,1,50.90
1.468000,-0.009,-0.500000,-0.241000,4.820,7.81,-0.001219,0.018377,0.000000,1.557270,0.007,1.000,-17.777,-16.493,0.349,-3.127438,0.009188,0.000125,-0.030031,0.018000,0.000000,-0.060063,0.000000,0.146960,1,50.90
1.470000,-0.010,-0.500000,-0.241000,4.820,7.81,-0.006014,0.019600,0.000000,1.489548,0.007,1.000,-17.777,-16.489,0.349,-3.128306,0.009800,0.000099,-0.030031,0.018000,0.000000,-0.060063,0.000000,0.146960,1,50.90
1.472000,-0.010,-0.500000,-0.241000,4.820,7.81,-0.010714,0.020786,0.000000,1.042377,0.008,1.000,-17.777,-16.485,0.349,-3.129141,0.010393,0.000068,-0.030031,0.018000,0.000000,-0.060063,0.000000,0.146960,1,50.90
1.474000,-0.011,-0.500000,-0.241000,4.820,7.81,-0.015320,0.021933,0.000000,1.096173,0.009,1.000,-17.777,-16.480,0.349,-3.129943,0.010967,0.000035,-0.030031,0.018000,0.000000,-0.060063,0.000000,0.146960,1,50.90
1.476000,-0.012,-0.500000,-0.241000,4.820,7.81,-0.019834,0.023043,0.000000,1.011583,0.009,1.000,-17.777,-16.476,0.349,-3.130713,0.011522,-0.000000,-0.030031,0.018000,0.000000,-0.060063,0.000000,0.146960,1,50.90
1.478000,-0.012,-0.500000,-0.241000,4.820,7.81,-0.024257,0.024116,0.000000,0.992691,0.010,1.000,-17.777,-16.472,0.349,-3.131451,0.012059,-0.000036,-0.030031,0.018000,0.000000,-0.060063,0.000000,0.146960,1,50.90
1.480000,-0.013,-0.500000,-0.241000,4.820,7.81,-0.028592,0.025152,0.000000,0.590163,0.010,1.000,-17.777,-16.468,0.349,-3.132159,0.012578,-0.000073,-0.031824,0.018000,0.000000,-0.063648,0.000000,0.155739,1,50.68
1.482000,-0.013,-0.500000,-0.241000,4.820,7.81,-0.032840,0.026153,0.000000,0.890144,0.011,1.000,-17.777,-16.463,0.349,-3.132836,0.013078,-0.000110,-0.031824,0.018000,0.000000,-0.063648,0.000000,0.155739,1,50.68
1.484000,-0.014,-0.500000,-0.241000,4.820,7.81,-0.037004,0.027117,0.000000,1.241985,0.012,1.000,-17.776,-16.459,0.349,-3.133484,0.013561,-0.000147,-0.031824,0.018000,0.000000,-0.063648,0.000000,0.155739,1,50.68
1.486000,-0.014,-0.500000,-0.241000,4.820,7.81,-0.041084,0.028047,0.000000,1.657212,0.012,1.000,-17.776,-16.455,0.349,-3.134103,0.014026,-0.000183,-0.031824,0.018000,0.000000,-0.063648,0.000000,0.155739,1,50.68
1.488000,-0.014,-0.500000,-0.241000,4.820,7.81,-0.045082,0.028941,0.000000,1.255658,0.013,1.000,-17.776,-16.450,0.349,-3.134694,0.014473,-0.000219,-0.031824,0.018000,0.000000,-0.063648,0.000000,0.155739,1,50.68
1.490000,-0.015,-0.500000,-0.241000,4.820,7.81,-0.049001,0.029802,0.000000,1.454369,0.013,1.000,-17.776,-16.446,0.349,-3.135257,0.014903,-0.000254,-0.031824,0.018000,0.000000,-0.063648,0.000000,0.155739,1,50.68
1.492000,-0.015,-0.500000,-0.241000,4.820,7.81,-0.052841,0.030628,0.000000,1.505071,0.014,1.000,-17.776,-16.442,0.349,-3.135792,0.015316,-0.000288,-0.031824,0.018000,0.000000,-0.063648,0.000000,0.155739,1,50.68
1.494000,-0.016,-0.500000,-0.241000,4.820,7.81,-0.056604,0.031420,0.000000,1.450200,0.014,1.000,-17.776,-16.437,0.349,-3.136301,0.015713,-0.000321,-0.031824,0.018000,0.000000,-0.063648,0.000000,0.155739,1,50.68
1.496000,-0.016,-0.500000,-0.241000,4.820,7.81,-0.060292,0.032180,0.000000,1.072433,0.014,1.000,-17.776,-16.433,0.349,-3.136784,0.016092,-0.000354,-0.031824,0.018000,0.000000,-0.063648,0.000000,0.155739,1,50.68
1.498000,-0.016,-0.500000,-0.241000,4.820,7.81,-0.063906,0.032906,0.000000,1.085277,0.015,1.000,-17.776,-16.429,0.349,-3.137241,0.016456,-0.000384,-0.031824,0.018000,0.000000,-0.063648,0.000000,0.155739,1,50.68
1.500000,-0.017,-0.034195,-0.008097,4.820,7.81,-0.067448,0.033600,0.000000,0.000595,0.000,0.068,-17.776,-16.425,0.349,-3.137672,0.016803,-0.000414,-0.031824,0.018000,0.000000,-0.063648,0.000000,0.155739,1,50.68
1.502000,-0.017,-0.341636,-0.161818,4.820,7.81,-0.070672,0.034209,0.000000,0.307427,0.000,0.683,-17.776,-16.420,0.349,-3.138036,0.017107,-0.000442,-0.031824,0.018000,0.000000,-0.063648,0.000000,0.155739,1,50.68
1.504000,-0.017,-0.348601,-0.165300,4.820,7.81,-0.073584,0.034734,0.000000,0.313867,0.000,0.697,-17.776,-16.416,0.349,-3.138332,0.017369,-0.000470,-0.031824,0.018000,0.000000,-0.063648,0.000000,0.155739,1,50.68
1.506000,-0.018,-0.383696,-0.182848,4.820,7.81,-0.076184,0.035174,0.000000,0.348521,0.000,0.767,-17.776,-16.412,0.349,-3.138560,0.017590,-0.000497,-0.031824,0.018000,0.000000,-0.063648,0.000000,0.155739,1,50.68
1.508000,-0.018,-0.500000,-0.241000,4.820,7.81,-0.078473,0.035531,0.000000,0.492882,0.017,1.000,-17.776,-16.407,0.349,-3.138723,0.017768,-0.000523,-0.031824,0.018000,0.000000,-0.063648,0.000000,0.155739,1,50.68
1.510000,-0.018,-0.500000,-0.241000,4.820,7.81,-0.081077,0.035939,0.000000,0.687249,0.017,1.000,-17.776,-16.403,0.350,-3.138929,0.017972,-0.000544,-0.031824,0.018000,0.000000,-0.063648,0.000000,0.155739,1,50.68
1.512000,-0.018,-0.422459,-0.202229,4.820,7.81,-0.083982,0.036400,0.000000,0.386059,0.017,0.845,-17.776,-16.399,0.350,-3.139184,0.018202,-0.000560,-0.031824,0.018000,0.000000,-0.063648,0.000000,0.155739,1,50.68
1.514000,-0.018,-0.429286,-0.205643,4.820,7.81,-0.086562,0.036780,0.000000,0.392506,0.018,0.859,-17.776,-16.394,0.350,-3.139375,0.018392,-0.000575,-0.031824,0.018000,0.000000,-0.063648,0.000000,0.155739,1,50.68
1.516000,-0.019,-0.500000,-0.241000,4.820,7.81,-0.088944,0.037100,0.000000,0.469421,0.018,1.000,-17.776,-16.390,0.350,-3.139520,0.018553,-0.000589,-0.031824,0.018000,0.000000,-0.063648,0.000000,0.155739,1,50.68
1.518000,-0.019,-0.500000,-0.241000,4.820,7.81,-0.091636,0.037471,0.000000,0.474024,0.018,1.000,-17.776,-16.386,0.350,-3.139709,0.018738,-0.000598,-0.031824,0.018000,0.000000,-0.063648,0.000000,0.155739,1,50.68
1.520000,-0.019,-0.324057,-0.153029,4.820,7.81,-0.094623,0.037892,0.000000,0.286165,0.018,0.648,-17.776,-16.381,0.350,-3.139945,0.018948,-0.000605,-0.031824,0.018000,0.000000,-0.063648,0.000000,0.155739,1,50.68
1.522000,-0.019,-0.339535,-0.160767,4.820,7.81,-0.097289,0.038233,0.000000,0.301302,0.018,0.679,-17.776,-16.377,0.350,-3.140117,0.019119,-0.000610,-0.031824,0.018000,0.000000,-0.063648,0.000000,0.155739,1,50.68
1.524000,-0.019,-0.439047,-0.210523,4.820,7.81,-0.099648,0.038490,0.000000,0.400557,0.019,0.878,-17.776,-16.373,0.350,-3.140224,0.019247,-0.000615,-0.031824,0.018000,0.000000,-0.063648,0.000000,0.155739,1,50.68
1.526000,-0.019,-0.328098,-0.155049,4.820,7.81,-0.101866,0.038699,0.000000,0.289399,0.019,0.656,-17.776,-16.368,0.350,-3.140295,0.019351,-0.000620,-0.031824,0.018000,0.000000,-0.063648,0.000000,0.155739,1,50.68
1.528000,-0.019,-0.185887,-0.083944,4.820,7.81,-0.103775,0.038826,0.000000,0.147061,0.019,0.372,-17.776,-16.364,0.350,-3.140302,0.019415,-0.000625,-0.031824,0.018000,0.000000,-0.063648,0.000000,0.155739,1,50.68
1.530000,-0.019,-0.191419,-0.086709,4.820,7.81,-0.105378,0.038872,0.000000,0.152547,0.019,0.383,-17.776,-16.360,0.350,-3.140247,0.019438,-0.000629,-0.031824,0.018000,0.000000,-0.063648,0.000000,0.155739,1,50.68
1.532000,-0.019,-0.156134,-0.069067,4.820,7.81,-0.106676,0.038836,0.000000,0.117298,0.019,0.312,-17.776,-16.355,0.350,-3.140130,0.019420,-0.000634,-0.031824,0.018000,0.000000,-0.063648,0.000000,0.155739,1,50.68
1.534000,-0.019,0.009909,0.013954,4.820,7.81,-0.107668,0.038721,0.000000,-0.048630,0.019,0.020,-17.776,-16.351,0.350,-3.139951,0.019363,-0.000637,-0.031824,0.018000,0.000000,-0.063648,0.000000,0.155739,1,50.68
1.536000,-0.019,0.019724,0.018862,4.820,7.81,-0.108355,0.038526,0.000000,-0.058251,0.019,0.039,-17.776,-16.347,0.350,-3.139713,0.019266,-0.000641,-0.031824,0.018000,0.000000,-0.063648,0.000000,0.155739,1,50.68
1.538000,-0.019,0.107269,0.062635,4.820,7.81,-0.108738,0.038254,0.000000,-0.145523,0.019,0.215,-17.776,-16.342,0.350,-3.139417,0.019129,-0.000643,-0.031824,0.018000,0.000000,-0.063648,0.000000,0.155739,1,50.68
1.540000,-0.019,0.259729,0.138865,4.820,7.81,-0.108815,0.037903,0.000000,-0.297633,0.019,0.519,-17.776,-16.338,0.350,-3.139062,0.018955,-0.000644,-0.029016,0.018000,0.000000,-0.058032,0.000000,0.141999,1,49.64
1.542000,-0.019,0.418486,0.218243,4.820,7.81,-0.108587,0.037477,0.000000,-0.455963,0.019,0.837,-17.776,-16.334,0.350,-3.138652,0.018742,-0.000645,-0.029016,0.018000,0.000000,-0.058032,0.000000,0.141999,1,49.64
1.544000,-0.018,0.392340,0.205170,4.820,7.81,-0.108054,0.036975,0.000000,-0.429315,0.019,0.785,-17.777,-16.329,0.350,-3.138186,0.018491,-0.000644,-0.029016,0.018000,0.000000,-0.058032,0.000000,0.141999,1,49.64
1.546000,-0.018,0.405803,0.211901,4.820,7.81,-0.107215,0.036398,0.000000,-0.442201,0.019,0.812,-17.777,-16.325,0.350,-3.137665,0.018203,-0.000642,-0.029016,0.018000,0.000000,-0.058032,0.000000,0.141999,1,49.64
1.548000,-0.018,0.500000,0.259000,4.820,7.81,-0.106072,0.035748,0.000000,-0.665344,0.019,1.000,-17.777,-16.321,0.350,-3.137091,0.017878,-0.000638,-0.029016,0.018000,0.000000,-0.058032,0.000000,0.141999,1,49.64
1.550000,-0.018,0.500000,0.259000,4.820,7.81,-0.104623,0.035025,0.000000,-0.912933,0.019,1.000,-17.777,-16.316,0.350,-3.136465,0.017517,-0.000632,-0.029016,0.018000,0.000000,-0.058032,0.000000,0.141999,1,49.64
1.552000,-0.017,0.500000,0.259000,4.820,7.81,-0.102869,0.034230,0.000000,-0.751595,0.018,1.000,-17.777,-16.312,0.350,-3.135788,0.017120,-0.000625,-0.029016,0.018000,0.000000,-0.058032,0.000000,0.141999,1,49.64
1.554000,-0.017,0.500000,0.259000,4.820,7.81,-0.100809,0.033364,0.000000,-0.986176,0.018,1.000,-17.778,-16.307,0.350,-3.135061,0.016687,-0.000616,-0.029016,0.018000,0.000000,-0.058032,0.000000,0.141999,1,49.64
1.556000,-0.016,0.500000,0.259000,4.820,7.81,-0.098447,0.032429,0.000000,-1.041838,0.018,1.000,-17.778,-16.303,0.350,-3.134285,0.016220,-0.000602,-0.029016,0.018000,0.000000,-0.058032,0.000000,0.141999,1,49.64
1.558000,-0.016,0.500000,0.259000,4.820,7.81,-0.095783,0.031427,0.000000,-1.149982,0.018,1.000,-17.778,-16.299,0.350,-3.133463,0.015720,-0.000584,-0.029016,0.018000,0.000000,-0.058032,0.000000,0.141999,1,49.64
1.560000,-0.015,0.500000,0.259000,4.820,7.81,-0.092819,0.030360,0.000000,-0.776569,0.017,1.000,-17.778,-16.294,0.350,-3.132594,0.015186,-0.000561,-0.029016,0.018000,0.000000,-0.058032,0.000000,0.141999,1,49.64
1.562000,-0.015,0.500000,0.259000,4.820,7.81,-0.089554,0.029227,0.000000,-0.838827,0.017,1.000,-17.779,-16.290,0.349,-3.131681,0.014620,-0.000534,-0.029016,0.018000,0.000000,-0.058032,0.000000,0.141999,1,49.64
1.564000,-0.014,0.500000,0.259000,4.820,7.81,-0.085989,0.028031,0.000000,-1.071806,0.016,1.000,-17.779,-16.286,0.349,-3.130723,0.014022,-0.000503,-0.029016,0.018000,0.000000,-0.058032,0.000000,0.141999,1,49.64
1.566000,-0.013,0.500000,0.259000,4.820,7.81,-0.082124,0.026772,0.000000,-1.500292,0.016,1.000,-17.779,-16.281,0.349,-3.129724,0.013393,-0.000468,-0.029016,0.018000,0.000000,-0.058032,0.000000,0.141999,1,49.64
1.568000,-0.013,0.500000,0.259000,4.820,7.81,-0.077959,0.025452,0.000000,-1.104475,0.015,1.000,-17.779,-16.277,0.349,-3.128683,0.012733,-0.000429,-0.029016,0.018000,0.000000,-0.058032,0.000000,0.141999,1,49.64
1.570000,-0.012,0.500000,0.259000,4.820,7.81,-0.073494,0.024072,0.000000,-1.180045,0.015,1.000,-17.780,-16.272,0.349,-3.127601,0.012043,-0.000387,-0.029016,0.018000,0.000000,-0.058032,0.000000,0.141999,1,49.64
1.572000,-0.011,0.500000,0.259000,4.820,7.81,-0.068730,0.022633,0.000000,-1.657786,0.014,1.000,-17.780,-16.268,0.349,-3.126481,0.011323,-0.000342,-0.029016,0.018000,0.000000,-0.058032,0.000000,0.141999,1,49.64
1.574000,-0.011,0.500000,0.259000,4.820,7.81,-0.063689,0.021141,0.000000,-1.728997,0.013,1.000,-17.780,-16.264,0.349,-3.125325,0.010577,-0.000299,-0.029016,0.018000,0.000000,-0.058032,0.000000,0.141999,1,49.64
1.576000,-0.010,0.500000,0.259000,4.820,7.81,-0.058371,0.019598,0.000000,-1.225503,0.013,1.000,-17.781,-16.259,0.349,-3.124137,0.009805,-0.000258,-0.029016,0.018000,0.000000,-0.058032,0.000000,0.141999,1,49.64
1.578000,-0.009,0.500000,0.259000,4.820,7.81,-0.052779,0.018007,0.000000,-1.579552,0.012,1.000,-17.781,-16.255,0.349,-3.122917,0.009009,-0.000220,-0.029016,0.018000,0.000000,-0.058032,0.000000,0.141999,1,49.64
1.580000,-0.008,0.500000,0.265000,4.700,7.81,-0.046917,0.016368,0.000000,-2.179635,0.011,1.000,-17.782,-16.250,0.349,-3.121667,0.008189,-0.000185,-0.031527,0.030000,0.000000,-0.063054,0.000000,0.154285,1,50.20
1.582000,-0.007,0.500000,0.265000,4.700,7.77,-0.040774,0.014686,0.000000,-2.203765,0.011,1.000,-17.782,-16.246,0.349,-3.120387,0.007347,-0.000107,-0.031527,0.030000,0.000000,-0.063054,0.000000,0.154285,1,50.20
1.584000,-0.007,0.500000,0.265000,4.700,7.74,-0.034659,0.013010,0.000000,-1.718938,0.010,1.000,-17.782,-16.242,0.349,-3.119122,0.006507,-0.000024,-0.031527,0.030000,0.000000,-0.063054,0.000000,0.154285,1,50.20
1.586000,-0.006,0.500000,0.265000,4.700,7.71,-0.028665,0.011369,0.000000,-1.777731,0.009,1.000,-17.783,-16.237,0.349,-3.117894,0.005685,0.000053,-0.031527,0.030000,0.000000,-0.063054,0.000000,0.154285,1,50.20
1.588000,-0.005,0.500000,0.265000,4.700,7.69,-0.022792,0.009772,0.000000,-2.016224,0.008,1.000,-17.783,-16.233,0.349,-3.116711,0.004885,0.000118,-0.031527,0.030000,0.000000,-0.063054,0.000000,0.154285,1,50.20
1.590000,-0.004,0.500000,0.265000,4.700,7.68,-0.017036,0.008220,0.000000,-1.920780,0.007,1.000,-17.783,-16.229,0.349,-3.115571,0.004107,0.000172,-0.031527,0.030000,0.000000,-0.063054,0.000000,0.154285,1,50.20
1.592000,-0.003,0.500000,0.265000,4.700,7.67,-0.011395,0.006712,0.000000,-1.362849,0.007,1.000,-17.784,-16.224,0.349,-3.114474,0.003351,0.000213,-0.031527,0.030000,0.000000,-0.063054,0.000000,0.154285,1,50.20
1.594000,-0.003,0.500000,0.265000,4.700,7.66,-0.005867,0.005249,0.000000,-1.351651,0.006,1.000,-17.784,-16.220,0.349,-3.113420,0.002618,0.000244,-0.031527,0.030000,0.000000,-0.063054,0.000000,0.154285,1,50.20
1.596000,-0.002,0.500000,0.265000,4.700,7.65,-0.000450,0.003830,0.000000,-1.809482,0.005,1.000,-17.785,-16.216,0.349,-3.112409,0.001908,0.000264,-0.031527,0.030000,0.000000,-0.063054,0.000000,0.154285,1,50.20
1.598000,-0.001,0.500000,0.265000,4.700,7.64,0.004860,0.002455,0.000000,-1.741860,0.004,1.000,-17.785,-16.212,0.349,-3.111439,0.001220,0.000278,-0.031527,0.030000,0.000000,-0.063054,0.000000,0.154285,1,50.20
1.600000,-0.001,-0.001141,0.014430,4.700,7.64,0.010063,0.001122,0.000000,0.000019,0.000,0.002,-17.785,-16.207,0.349,-3.110508,0.000552,0.000286,-0.031527,0.030000,0.000000,-0.063054,0.000000,0.154285,1,50.20
1.602000,0.000,0.002717,0.016358,4.700,7.63,0.014954,-0.000129,0.000000,-0.002588,0.000,0.005,-17.785,-16.203,0.349,-3.109650,-0.000073,0.000288,-0.031527,0.030000,0.000000,-0.063054,0.000000,0.154285,1,50.20
1.604000,0.001,0.440405,0.235202,4.700,7.63,0.019537,-0.001295,0.000000,-0.439110,0.000,0.881,-17.786,-16.199,0.349,-3.108865,-0.000657,0.000281,-0.031527,0.030000,0.000000,-0.063054,0.000000,0.154285,1,50.20
1.606000,0.001,0.500000,0.265000,4.700,7.63,0.023851,-0.002387,0.000000,-0.906565,0.000,1.000,-17.786,-16.195,0.349,-3.108144,-0.001203,0.000266,-0.031527,0.030000,0.000000,-0.063054,0.000000,0.154285,1,50.20
1.608000,0.002,0.500000,0.265000,4.700,7.62,0.028429,-0.003521,0.000000,-0.919752,0.001,1.000,-17.786,-16.190,0.349,-3.107394,-0.001770,0.000241,-0.031527,0.030000,0.000000,-0.063054,0.000000,0.154285,1,50.20
1.610000,0.002,0.500000,0.265000,4.700,7.62,0.033160,-0.004675,0.000000,-1.003133,-0.000,1.000,-17.787,-16.186,0.349,-3.106629,-0.002346,0.000211,-0.031527,0.030000,0.000000,-0.063054,0.000000,0.154285,1,50.20
1.612000,0.003,0.500000,0.265000,4.700,7.62,0.037797,-0.005796,0.000000,-1.435490,-0.001,1.000,-17.787,-16.182,0.349,-3.105894,-0.002906,0.000181,-0.031527,0.030000,0.000000,-0.063054,0.000000,0.154285,1,50.20
1.614000,0.003,0.500000,0.265000,4.700,7.62,0.042341,-0.006882,0.000000,-1.484407,-0.001,1.000,-17.787,-16.178,0.349,-3.105190,-0.003449,0.000154,-0.031527,0.030000,0.000000,-0.063054,0.000000,0.154285,1,50.20
1.616000,0.004,0.500000,0.265000,4.700,7.62,0.046795,-0.007932,0.000000,-1.029967,-0.002,1.000,-17.787,-16.173,0.349,-3.104517,-0.003974,0.000131,-0.031527,0.030000,0.000000,-0.063054,0.000000,0.154285,1,50.20
1.618000,0.004,0.500000,0.265000,4.700,7.62,0.051159,-0.008948,0.000000,-1.077000,-0.002,1.000,-17.788,-16.169,0.349,-3.103875,-0.004481,0.000112,-0.031527,0.030000,0.000000,-0.063054,0.000000,0.154285,1,50.20
1.620000,0.005,0.500000,0.265000,4.700,7.62,0.055436,-0.009928,0.000000,-1.342700,-0.003,1.000,-17.788,-16.165,0.349,-3.103263,-0.004971,0.000098,-0.031527,0.030000,0.000000,-0.063054,0.000000,0.154285,1,50.20
1.622000,0.005,0.500000,0.265000,4.700,7.62,0.059627,-0.010874,0.000000,-1.294619,-0.003,1.000,-17.788,-16.161,0.349,-3.102681,-0.005444,0.000079,-0.031527,0.030000,0.000000,-0.063054,0.000000,0.154285,1,50.20
1.624000,0.006,0.500000,0.265000,4.700,7.62,0.063735,-0.011786,0.000000,-0.820103,-0.004,1.000,-17.788,-16.157,0.349,-3.102127,-0.005900,0.000055,-0.031527,0.030000,0.000000,-0.063054,0.000000,0.154285,1,50.20
1.626000,0.006,0.500000,0.265000,4.700,7.62,0.067760,-0.012664,0.000000,-0.808762,-0.004,1.000,-17.789,-16.152,0.349,-3.101601,-0.006338,0.000026,-0.031527,0.030000,0.000000,-0.063054,0.000000,0.154285,1,50.20
1.628000,0.007,0.500000,0.265000,4.700,7.61,0.071705,-0.013508,0.000000,-1.106349,-0.005,1.000,-17.789,-16.148,0.349,-3.101103,-0.006759,-0.000007,-0.031527,0.030000,0.000000,-0.063054,0.000000,0.154285,1,50.20
1.630000,0.007,0.500000,0.265000,4.700,7.61,0.075571,-0.014319,0.000000,-1.120489,-0.005,1.000,-17.789,-16.144,0.349,-3.100632,-0.007164,-0.000041,-0.031527,0.030000,0.000000,-0.063054,0.000000,0.154285,1,50.20
1.632000,0.008,0.500000,0.265000,4.700,7.61,0.079360,-0.015096,0.000000,-0.772061,-0.006,1.000,-17.789,-16.140,0.349,-3.100188,-0.007551,-0.000076,-0.031527,0.030000,0.000000,-0.063054,0.000000,0.154285,1,50.20
1.634000,0.008,0.500000,0.265000,4.700,7.61,0.083073,-0.015840,0.000000,-0.959643,-0.006,1.000,-17.790,-16.136,0.349,-3.099770,-0.007923,-0.000112,-0.031527,0.030000,0.000000,-0.063054,0.000000,0.154285,1,50.20
1.636000,0.008,0.500000,0.265000,4.700,7.61,0.086712,-0.016552,0.000000,-1.274272,-0.007,1.000,-17.790,-16.132,0.349,-3.099377,-0.008277,-0.000146,-0.031527,0.030000,0.000000,-0.063054,0.000000,0.154285,1,50.20
1.638000,0.009,0.500000,0.265000,4.700,7.61,0.090277,-0.017231,0.000000,-1.214742,-0.007,1.000,-17.790,-16.127,0.349,-3.099010,-0.008616,-0.000180,-0.031527,0.030000,0.000000,-0.063054,0.000000,0.154285,1,50.20
1.640000,0.009,0.500000,0.265000,4.700,7.61,0.093772,-0.017878,0.000000,-0.884625,-0.008,1.000,-17.790,-16.123,0.349,-3.098667,-0.008939,-0.000211,-0.031592,0.030000,0.000000,-0.063184,0.000000,0.154602,1,50.58
1.642000,0.009,0.500000,0.265000,4.700,7.61,0.097197,-0.018494,0.000000,-1.008074,-0.008,1.000,-17.791,-16.119,0.349,-3.098349,-0.009245,-0.000240,-0.031592,0.030000,0.000000,-0.063184,0.000000,0.154602,1,50.58
1.644000,0.010,0.500000,0.265000,4.700,7.61,0.100553,-0.019077,0.000000,-0.852791,-0.008,1.000,-17.791,-16.115,0.349,-3.098054,-0.009536,-0.000267,-0.031592,0.030000,0.000000,-0.063184,0.000000,0.154602,1,50.58
1.646000,0.010,0.500000,0.265000,4.700,7.61,0.103842,-0.019630,0.000000,-0.778085,-0.009,1.000,-17.791,-16.111,0.349,-3.097782,-0.009812,-0.000291,-0.031592,0.030000,0.000000,-0.063184,0.000000,0.154602,1,50.58
1.648000,0.010,0.500000,0.265000,4.700,7.61,0.107065,-0.020151,0.000000,-0.486259,-0.009,1.000,-17.791,-16.106,0.349,-3.097533,-0.010072,-0.000312,-0.031592,0.030000,0.000000,-0.063184,0.000000,0.154602,1,50.58
1.650000,0.010,0.500000,0.265000,4.700,7.61,0.110224,-0.020642,0.000000,-0.483523,-0.009,1.000,-17.791,-16.102,0.349,-3.097306,-0.010317,-0.000331,-0.031592,0.030000,0.000000,-0.063184,0.000000,0.154602,1,50.58
1.652000,0.011,0.500000,0.265000,4.700,7.61,0.113320,-0.021102,0.000000,-0.523733,-0.010,1.000,-17.792,-16.098,0.349,-3.097101,-0.010546,-0.000347,-0.031592,0.030000,0.000000,-0.063184,0.000000,0.154602,1,50.58
1.654000,0.011,0.500000,0.265000,4.700,7.61,0.116353,-0.021532,0.000000,-0.728245,-0.010,1.000,-17.792,-16.094,0.349,-3.096918,-0.010761,-0.000361,-0.031592,0.030000,0.000000,-0.063184,0.000000,0.154602,1,50.58
1.656000,0.011,0.500000,0.265000,4.700,7.61,0.119326,-0.021933,0.000000,-0.491753,-0.010,1.000,-17.792,-16.089,0.349,-3.096756,-0.010961,-0.000373,-0.031592,0.030000,0.000000,-0.063184,0.000000,0.154602,1,50.58
1.658000,0.011,0.500000,0.265000,4.700,7.61,0.122240,-0.022303,0.000000,-0.507137,-0.010,1.000,-17.792,-16.085,0.349,-3.096614,-0.011146,-0.000383,-0.031592,0.030000,0.000000,-0.063184,0.000000,0.154602,1,50.58
1.660000,0.011,0.500000,0.265000,4.700,7.61,0.125095,-0.022645,0.000000,-0.601190,-0.011,1.000,-17.792,-16.081,0.349,-3.096492,-0.011317,-0.000391,-0.031592,0.030000,0.000000,-0.063184,0.000000,0.154602,1,50.58
1.662000,0.011,0.500000,0.265000,4.700,7.61,0.127893,-0.022957,0.000000,-0.527368,-0.011,1.000,-17.792,-16.077,0.349,-3.096390,-0.011473,-0.000398,-0.031592,0.030000,0.000000,-0.063184,0.000000,0.154602,1,50.58
1.664000,0.012,0.306321,0.168160,4.700,7.61,0.130636,-0.023241,0.000000,-0.283080,-0.011,0.613,-17.793,-16.073,0.349,-3.096308,-0.011615,-0.000404,-0.031592,0.030000,0.000000,-0.063184,0.000000,0.154602,1,50.58
1.666000,0.012,0.315180,0.172590,4.700,7.61,0.133100,-0.023448,0.000000,-0.291733,-0.011,0.630,-17.793,-16.068,0.349,-3.096284,-0.011718,-0.000410,-0.031592,0.030000,0.000000,-0.063184,0.000000,0.154602,1,50.58
1.668000,0.012,0.343253,0.186626,4.700,7.61,0.135294,-0.023576,0.000000,-0.319676,-0.011,0.687,-17.793,-16.064,0.349,-3.096318,-0.011782,-0.000415,-0.031592,0.030000,0.000000,-0.063184,0.000000,0.154602,1,50.58
1.670000,0.012,0.239960,0.134980,4.700,7.61,0.137218,-0.023628,0.000000,-0.216332,-0.011,0.480,-17.793,-16.060,0.349,-3.096409,-0.011807,-0.000420,-0.031592,0.030000,0.000000,-0.063184,0.000000,0.154602,1,50.58
1.672000,0.012,0.111340,0.070670,4.700,7.61,0.138872,-0.023604,0.000000,-0.087736,-0.012,0.223,-17.793,-16.056,0.349,-3.096557,-0.011795,-0.000424,-0.031592,0.030000,0.000000,-0.063184,0.000000,0.154602,1,50.58
1.674000,0.012,0.100983,0.065491,4.700,7.61,0.140255,-0.023503,0.000000,-0.077479,-0.012,0.202,-17.793,-16.051,0.349,-3.096761,-0.011744,-0.000429,-0.031592,0.030000,0.000000,-0.063184,0.000000,0.154602,1,50.58
1.676000,0.012,0.025293,0.027646,4.700,7.61,0.141367,-0.023328,0.000000,-0.001965,-0.012,0.051,-17.793,-16.047,0.349,-3.097019,-0.011656,-0.000432,-0.031592,0.030000,0.000000,-0.063184,0.000000,0.154602,1,50.58
1.678000,0.012,-0.025212,0.002394,4.700,7.61,0.142207,-0.023078,0.000000,0.048290,-0.012,0.050,-17.793,-16.043,0.349,-3.097331,-0.011531,-0.000434,-0.031592,0.030000,0.000000,-0.063184,0.000000,0.154602,1,50.58
1.680000,0.011,-0.061334,-0.015667,4.700,7.61,0.142773,-0.022754,0.000000,0.084088,-0.012,0.123,-17.794,-16.039,0.349,-3.097697,-0.011369,-0.000435,-0.032804,0.030000,0.000000,-0.065609,0.000000,0.160528,1,50.53
1.682000,0.011,-0.167166,-0.068583,4.700,7.61,0.143066,-0.022357,0.000000,0.189523,-0.012,0.334,-17.794,-16.035,0.349,-3.098115,-0.011170,-0.000434,-0.032804,0.030000,0.000000,-0.065609,0.000000,0.160528,1,50.53
1.684000,0.011,-0.342728,-0.156364,4.700,7.61,0.143084,-0.021887,0.000000,0.364616,-0.012,0.685,-17.794,-16.030,0.349,-3.098585,-0.010935,-0.000432,-0.032804,0.030000,0.000000,-0.065609,0.000000,0.160528,1,50.53
1.686000,0.011,-0.493576,-0.231788,4.700,7.61,0.142825,-0.021346,0.000000,0.514922,-0.012,0.987,-17.794,-16.026,0.349,-3.099106,-0.010664,-0.000428,-0.032804,0.030000,0.000000,-0.065609,0.000000,0.160528,1,50.53
1.688000,0.010,-0.500000,-0.235000,4.700,7.61,0.142291,-0.020733,0.000000,0.541709,-0.011,1.000,-17.794,-16.022,0.349,-3.099678,-0.010358,-0.000423,-0.032804,0.030000,0.000000,-0.065609,0.000000,0.160528,1,50.53
1.690000,0.010,-0.500000,-0.235000,4.700,7.61,0.141499,-0.020053,0.000000,0.674912,-0.011,1.000,-17.794,-16.017,0.349,-3.100295,-0.010018,-0.000416,-0.032804,0.030000,0.000000,-0.065609,0.000000,0.160528,1,50.53
1.692000,0.010,-0.500000,-0.235000,4.700,7.61,0.140451,-0.019309,0.000000,0.799392,-0.011,1.000,-17.794,-16.013,0.349,-3.100957,-0.009646,-0.000406,-0.032804,0.030000,0.000000,-0.065609,0.000000,0.160528,1,50.53
1.694000,0.009,-0.500000,-0.235000,4.700,7.61,0.139147,-0.018502,0.000000,0.875015,-0.011,1.000,-17.794,-16.009,0.349,-3.101663,-0.009243,-0.000395,-0.032804,0.030000,0.000000,-0.065609,0.000000,0.160528,1,50.53
1.696000,0.009,-0.500000,-0.235000,4.700,7.61,0.137589,-0.017631,0.000000,0.704654,-0.010,1.000,-17.794,-16.005,0.349,-3.102412,-0.008808,-0.000382,-0.032804,0.030000,0.000000,-0.065609,0.000000,0.160528,1,50.53
1.698000,0.008,-0.500000,-0.235000,4.700,7.61,0.135776,-0.016700,0.000000,0.747863,-0.010,1.000,-17.794,-16.000,0.349,-3.103201,-0.008342,-0.000368,-0.032804,0.030000,0.000000,-0.065609,0.000000,0.160528,1,50.53
1.700000,0.008,0.015966,0.022983,4.700,7.61,0.133711,-0.015708,0.000000,-0.000258,0.000,0.032,-17.794,-15.996,0.349,-3.104032,-0.007847,-0.000352,-0.032804,0.030000,0.000000,-0.065609,0.000000,0.160528,1,50.53
1.702000,0.007,-0.461962,-0.215981,4.700,7.61,0.131496,-0.014681,0.000000,0.476643,0.000,0.924,-17.793,-15.992,0.349,-3.104883,-0.007333,-0.000334,-0.032804,0.030000,0.000000,-0.065609,0.000000,0.160528,1,50.53
1.704000,0.007,-0.476667,-0.223333,4.700,7.61,0.129030,-0.013596,0.000000,0.490263,0.000,0.953,-17.793,-15.988,0.349,-3.105772,-0.006791,-0.000316,-0.032804,0.030000,0.000000,-0.065609,0.000000,0.160528,1,50.53
1.706000,0.006,-0.500000,-0.235000,4.700,7.61,0.126314,-0.012455,0.000000,0.561543,0.000,1.000,-17.793,-15.983,0.349,-3.106699,-0.006221,-0.000295,-0.032804,0.030000,0.000000,-0.065609,0.000000,0.160528,1,50.53
1.708000,0.006,-0.500000,-0.235000,4.700,7.61,0.123350,-0.011259,0.000000,1.058095,-0.008,1.000,-17.793,-15.979,0.349,-3.107662,-0.005623,-0.000271,-0.032804,0.030000,0.000000,-0.065609,0.000000,0.160528,1,50.53
1.710000,0.005,-0.500000,-0.235000,4.700,7.61,0.120137,-0.010009,0.000000,1.566658,-0.007,1.000,-17.793,-15.975,0.349,-3.108660,-0.004999,-0.000246,-0.032804,0.030000,0.000000,-0.065609,0.000000,0.160528,1,50.53
1.712000,0.004,-0.500000,-0.235000,4.700,7.61,0.116678,-0.008707,0.000000,1.105707,-0.007,1.000,-17.793,-15.971,0.349,-3.109692,-0.004349,-0.000218,-0.032804,0.030000,0.000000,-0.065609,0.000000,0.160528,1,50.53
1.714000,0.004,-0.500000,-0.235000,4.700,7.61,0.112967,-0.007355,0.000000,1.138500,-0.006,1.000,-17.793,-15.966,0.349,-3.110756,-0.003674,-0.000188,-0.032804,0.030000,0.000000,-0.065609,0.000000,0.160528,1,50.53
1.716000,0.003,-0.500000,-0.235000,4.700,7.61,0.109000,-0.005958,0.000000,1.494215,-0.006,1.000,-17.793,-15.962,0.349,-3.111850,-0.002976,-0.000158,-0.032804,0.030000,0.000000,-0.065609,0.000000,0.160528,1,50.53
1.718000,0.002,-0.500000,-0.235000,4.700,7.61,0.104771,-0.004517,0.000000,1.572139,-0.005,1.000,-17.793,-15.958,0.349,-3.112971,-0.002256,-0.000128,-0.032804,0.030000,0.000000,-0.065609,0.000000,0.160528,1,50.53
1.720000,0.002,-0.500000,-0.235000,4.700,7.61,0.100283,-0.003028,0.000000,1.086998,-0.004,1.000,-17.792,-15.953,0.349,-3.114122,-0.001512,-0.000096,-0.032804,0.030000,0.000000,-0.065609,0.000000,0.160528,1,50.53
1.722000,0.001,-0.500000,-0.235000,4.700,7.61,0.095538,-0.001490,0.000000,1.181574,-0.004,1.000,-17.792,-15.949,0.349,-3.115305,-0.000743,-0.000063,-0.032804,0.030000,0.000000,-0.065609,0.000000,0.160528,1,50.53
1.724000,-0.000,-0.500000,-0.235000,4.700,7.61,0.090541,0.000101,0.000000,1.713752,-0.003,1.000,-17.792,-15.945,0.349,-3.116523,0.000051,-0.000029,-0.032804,0.030000,0.000000,-0.065609,0.000000,0.160528,1,50.53
1.726000,-0.001,-0.500000,-0.235000,4.700,7.61,0.085297,0.001748,0.000000,1.973042,-0.002,1.000,-17.792,-15.941,0.349,-3.117776,0.000874,0.000006,-0.032804,0.030000,0.000000,-0.065609,0.000000,0.160528,1,50.53
1.728000,-0.002,-0.500000,-0.235000,4.700,7.61,0.079788,0.003443,0.000000,1.401705,-0.002,1.000,-17.792,-15.936,0.349,-3.119061,0.001721,0.000041,-0.032804,0.030000,0.000000,-0.065609,0.000000,0.160528,1,50.53
1.730000,-0.003,-0.500000,-0.235000,4.700,7.61,0.074011,0.005184,0.000000,1.940922,-0.001,1.000,-17.791,-15.932,0.349,-3.120376,0.002591,0.000075,-0.032804,0.030000,0.000000,-0.065609,0.000000,0.160528,1,50.53
1.732000,-0.003,-0.500000,-0.235000,4.700,7.61,0.067963,0.006970,0.000000,2.589215,0.000,1.000,-17.791,-15.928,0.349,-3.121720,0.003484,0.000107,-0.032804,0.030000,0.000000,-0.065609,0.000000,0.160528,1,50.53
1.734000,-0.004,-0.500000,-0.235000,4.700,7.61,0.061903,0.008744,0.000000,2.786351,0.001,1.000,-17.791,-15.924,0.349,-3.123048,0.004370,0.000138,-0.032804,0.030000,0.000000,-0.065609,0.000000,0.160528,1,50.53
1.736000,-0.005,-0.500000,-0.235000,4.700,7.61,0.055965,0.010472,0.000000,2.179053,0.002,1.000,-17.791,-15.919,0.349,-3.124335,0.005234,0.000167,-0.032804,0.030000,0.000000,-0.065609,0.000000,0.160528,1,50.53
1.738000,-0.006,-0.500000,-0.235000,4.700,7.61,0.050146,0.012155,0.000000,2.545672,0.003,1.000,-17.791,-15.915,0.349,-3.125578,0.006075,0.000192,-0.032804,0.030000,0.000000,-0.065609,0.000000,0.160528,1,50.53
1.740000,-0.007,-0.500000,-0.235000,4.700,7.61,0.044442,0.013792,0.000000,2.635858,0.003,1.000,-17.790,-15.911,0.349,-3.126781,0.006894,0.000211,-0.029610,0.030000,0.000000,-0.059221,0.000000,0.144905,1,50.49
1.742000,-0.008,-0.500000,-0.235000,4.700,7.61,0.038853,0.015385,0.000000,2.522528,0.004,1.000,-17.790,-15.907,0.349,-3.127943,0.007690,0.000218,-0.029610,0.030000,0.000000,-0.059221,0.000000,0.144905,1,50.49
1.744000,-0.008,-0.500000,-0.235000,4.700,7.61,0.033376,0.016935,0.000000,1.820659,0.005,1.000,-17.790,-15.903,0.349,-3.129067,0.008466,0.000214,-0.029610,0.030000,0.000000,-0.059221,0.000000,0.144905,1,50.49
1.746000,-0.009,-0.500000,-0.235000,4.700,7.61,0.028008,0.018442,0.000000,1.851258,0.006,1.000,-17.790,-15.898,0.349,-3.130152,0.009219,0.000202,-0.029610,0.030000,0.000000,-0.059221,0.000000,0.144905,1,50.49
1.748000,-0.010,-0.500000,-0.235000,4.700,7.61,0.022748,0.019906,0.000000,2.054785,0.007,1.000,-17.790,-15.894,0.349,-3.131200,0.009952,0.000183,-0.029610,0.030000,0.000000,-0.059221,0.000000,0.144905,1,50.49
1.750000,-0.011,-0.500000,-0.235000,4.700,7.61,0.017593,0.021329,0.000000,2.043597,0.008,1.000,-17.789,-15.890,0.349,-3.132212,0.010664,0.000158,-0.029610,0.030000,0.000000,-0.059221,0.000000,0.144905,1,50.49
1.752000,-0.011,-0.500000,-0.235000,4.700,7.61,0.012541,0.022710,0.000000,1.415534,0.008,1.000,-17.789,-15.886,0.349,-3.133188,0.011355,0.000129,-0.029610,0.030000,0.000000,-0.059221,0.000000,0.144905,1,50.49
1.754000,-0.012,-0.500000,-0.235000,4.700,7.61,0.007590,0.024051,0.000000,1.411211,0.009,1.000,-17.789,-15.882,0.349,-3.134130,0.012025,0.000096,-0.029610,0.030000,0.000000,-0.059221,0.000000,0.144905,1,50.49
1.756000,-0.013,-0.500000,-0.235000,4.700,7.61,0.002738,0.025351,0.000000,1.826416,0.010,1.000,-17.789,-15.878,0.349,-3.135037,0.012676,0.000061,-0.029610,0.030000,0.000000,-0.059221,0.000000,0.144905,1,50.49
1.758000,-0.013,-0.500000,-0.235000,4.700,7.61,-0.002017,0.026611,0.000000,1.795685,0.011,1.000,-17.789,-15.873,0.349,-3.135911,0.013306,0.000023,-0.029610,0.030000,0.000000,-0.059221,0.000000,0.144905,1,50.49
1.760000,-0.014,-0.500000,-0.235000,4.700,7.61,-0.006677,0.027832,0.000000,1.170281,0.011,1.000,-17.789,-15.869,0.349,-3.136752,0.013917,-0.000016,-0.029610,0.030000,0.000000,-0.059221,0.000000,0.144905,1,50.49
1.762000,-0.015,-0.500000,-0.235000,4.700,7.61,-0.011244,0.029014,0.000000,1.226590,0.012,1.000,-17.788,-15.865,0.349,-3.137561,0.014508,-0.000056,-0.029610,0.030000,0.000000,-0.059221,0.000000,0.144905,1,50.49
1.764000,-0.015,-0.500000,-0.235000,4.700,7.61,-0.015719,0.030158,0.000000,1.580702,0.013,1.000,-17.788,-15.861,0.349,-3.138338,0.015080,-0.000097,-0.029610,0.030000,0.000000,-0.059221,0.000000,0.144905,1,50.49
1.766000,-0.016,-0.500000,-0.235000,4.700,7.61,-0.020105,0.031264,0.000000,1.530275,0.013,1.000,-17.788,-15.857,0.349,-3.139085,0.015633,-0.000138,-0.029610,0.030000,0.000000,-0.059221,0.000000,0.144905,1,50.49
1.768000,-0.016,-0.500000,-0.235000,4.700,7.61,-0.024403,0.032333,0.000000,1.001117,0.014,1.000,-17.788,-15.852,0.349,-3.139802,0.016167,-0.000179,-0.029610,0.030000,0.000000,-0.059221,0.000000,0.144905,1,50.49
1.770000,-0.017,-0.500000,-0.235000,4.700,7.61,-0.028615,0.033365,0.000000,1.063237,0.015,1.000,-17.788,-15.848,0.349,-3.140489,0.016684,-0.000220,-0.029610,0.030000,0.000000,-0.059221,0.000000,0.144905,1,50.49
1.772000,-0.017,-0.500000,-0.235000,4.700,7.61,-0.032743,0.034361,0.000000,1.339578,0.015,1.000,-17.788,-15.844,0.349,-3.141147,0.017182,-0.000259,-0.029610,0.030000,0.000000,-0.059221,0.000000,0.144905,1,50.49
1.774000,-0.018,-0.500000,-0.235000,4.700,7.61,-0.036788,0.035322,0.000000,1.323072,0.016,1.000,-17.788,-15.840,0.349,3.141408,0.017662,-0.000297,-0.029610,0.030000,0.000000,-0.059221,0.000000,0.144905,1,50.49
1.776000,-0.018,-0.500000,-0.235000,4.700,7.61,-0.040752,0.036247,0.000000,0.860960,0.016,1.000,-17.788,-15.836,0.349,3.140806,0.018124,-0.000333,-0.029610,0.030000,0.000000,-0.059221,0.000000,0.144905,1,50.49
# Log beendet. Einträge: 888
